index,pattern,Fisher_score,number_subject, number_unique_cdr3,final_score,hla_score,vb_score,expansion_score,length_score,cluster_size_score,type,TcRb,V,J,TcRa,Sample,Freq,HLA-A,HLA-B,HLA-C,HLA-DPA1,HLA-DPB1,HLA-DQA1,HLA-DQB1,HLA-DRB1,HLA-DRB3,HLA-DRB4,HLA-DRB5
1,SIRS,1.0e-27,1,29,1.6e-13,1.0e+00,1.0e-03,4.0e-03,1.0e-03,4.0e-05,motif-SIRS,CASSIRSLDTQYF,TRBV19,TRBJ2-3,NA,Donor1:healthy,1.000000,-,-,-,-,-,-,-,-,-,-,-
1,SIRS,1.0e-27,1,29,1.6e-13,1.0e+00,1.0e-03,4.0e-03,1.0e-03,4.0e-05,motif-SIRS,CASSIRSVHEQFF,TRBV19,TRBJ2-1,NA,Donor1:healthy,1.000000,-,-,-,-,-,-,-,-,-,-,-
1,SIRS,1.0e-27,1,29,1.6e-13,1.0e+00,1.0e-03,4.0e-03,1.0e-03,4.0e-05,motif-SIRS,CASSIRSSNEQFF,TRBV19,TRBJ2-1,NA,Donor1:healthy,1.000000,-,-,-,-,-,-,-,-,-,-,-
1,SIRS,1.0e-27,1,29,1.6e-13,1.0e+00,1.0e-03,4.0e-03,1.0e-03,4.0e-05,motif-SIRS,CASSIRSSETQYF,TRBV19,TRBJ2-5,NA,Donor1:healthy,3.000000,-,-,-,-,-,-,-,-,-,-,-
1,SIRS,1.0e-27,1,29,1.6e-13,1.0e+00,1.0e-03,4.0e-03,1.0e-03,4.0e-05,motif-SIRS,CASSIRSSYEQFF,TRBV19,TRBJ2-1,NA,Donor1:healthy,4.000000,-,-,-,-,-,-,-,-,-,-,-
1,SIRS,1.0e-27,1,29,1.6e-13,1.0e+00,1.0e-03,4.0e-03,1.0e-03,4.0e-05,motif-SIRS,CASSIRSGESRAFF,TRBV19,TRBJ1-1,NA,Donor1:healthy,25.000000,-,-,-,-,-,-,-,-,-,-,-
1,SIRS,1.0e-27,1,29,1.6e-13,1.0e+00,1.0e-03,4.0e-03,1.0e-03,4.0e-05,motif-SIRS,CASSIRSSYEQYF,TRBV19,TRBJ2-7,NA,Donor1:healthy,795.000000,-,-,-,-,-,-,-,-,-,-,-
1,SIRS,1.0e-27,1,29,1.6e-13,1.0e+00,1.0e-03,4.0e-03,1.0e-03,4.0e-05,motif-SIRS,CASSIRSNQPQHF,TRBV19,TRBJ1-5,NA,Donor1:healthy,2.000000,-,-,-,-,-,-,-,-,-,-,-
1,SIRS,1.0e-27,1,29,1.6e-13,1.0e+00,1.0e-03,4.0e-03,1.0e-03,4.0e-05,motif-SIRS,CASSIRSNTEAFF,TRBV19,TRBJ1-1,NA,Donor1:healthy,1.000000,-,-,-,-,-,-,-,-,-,-,-
1,SIRS,1.0e-27,1,29,1.6e-13,1.0e+00,1.0e-03,4.0e-03,1.0e-03,4.0e-05,motif-SIRS,CASSIRSAWEQFF,TRBV19,TRBJ2-1,NA,Donor1:healthy,6.000000,-,-,-,-,-,-,-,-,-,-,-
1,SIRS,1.0e-27,1,29,1.6e-13,1.0e+00,1.0e-03,4.0e-03,1.0e-03,4.0e-05,motif-SIRS,CASSIRSAYTQYF,TRBV19,TRBJ2-3,NA,Donor1:healthy,1.000000,-,-,-,-,-,-,-,-,-,-,-
1,SIRS,1.0e-27,1,29,1.6e-13,1.0e+00,1.0e-03,4.0e-03,1.0e-03,4.0e-05,motif-SIRS,CASSIRSTGELFF,TRBV19,TRBJ2-2,NA,Donor1:healthy,11.000000,-,-,-,-,-,-,-,-,-,-,-
1,SIRS,1.0e-27,1,29,1.6e-13,1.0e+00,1.0e-03,4.0e-03,1.0e-03,4.0e-05,motif-SIRS,CASSIRSDEKLFF,TRBV19,TRBJ1-4,NA,Donor1:healthy,6.000000,-,-,-,-,-,-,-,-,-,-,-
1,SIRS,1.0e-27,1,29,1.6e-13,1.0e+00,1.0e-03,4.0e-03,1.0e-03,4.0e-05,motif-SIRS,CASSIRSGTEAFF,TRBV19,TRBJ1-1,NA,Donor1:healthy,16.000000,-,-,-,-,-,-,-,-,-,-,-
1,SIRS,1.0e-27,1,29,1.6e-13,1.0e+00,1.0e-03,4.0e-03,1.0e-03,4.0e-05,motif-SIRS,CASSIRSADTQYF,TRBV19,TRBJ2-3,NA,Donor1:healthy,1.000000,-,-,-,-,-,-,-,-,-,-,-
1,SIRS,1.0e-27,1,29,1.6e-13,1.0e+00,1.0e-03,4.0e-03,1.0e-03,4.0e-05,motif-SIRS,CASSIRSSGGEQYF,TRBV19,TRBJ2-7,NA,Donor1:healthy,1.000000,-,-,-,-,-,-,-,-,-,-,-
1,SIRS,1.0e-27,1,29,1.6e-13,1.0e+00,1.0e-03,4.0e-03,1.0e-03,4.0e-05,motif-SIRS,CASSIRSDDIQYF,TRBV19,TRBJ2-4,NA,Donor1:healthy,1.000000,-,-,-,-,-,-,-,-,-,-,-
1,SIRS,1.0e-27,1,29,1.6e-13,1.0e+00,1.0e-03,4.0e-03,1.0e-03,4.0e-05,motif-SIRS,CASSIRSQDTQYF,TRBV19,TRBJ2-3,NA,Donor1:healthy,2.000000,-,-,-,-,-,-,-,-,-,-,-
1,SIRS,1.0e-27,1,29,1.6e-13,1.0e+00,1.0e-03,4.0e-03,1.0e-03,4.0e-05,motif-SIRS,CASSIRSGDTQYF,TRBV19,TRBJ2-3,NA,Donor1:healthy,2.000000,-,-,-,-,-,-,-,-,-,-,-
1,SIRS,1.0e-27,1,29,1.6e-13,1.0e+00,1.0e-03,4.0e-03,1.0e-03,4.0e-05,motif-SIRS,CASSIRSTDTQYF,TRBV19,TRBJ2-3,NA,Donor1:healthy,8.000000,-,-,-,-,-,-,-,-,-,-,-
1,SIRS,1.0e-27,1,29,1.6e-13,1.0e+00,1.0e-03,4.0e-03,1.0e-03,4.0e-05,motif-SIRS,CASSIRSAYEQYF,TRBV19,TRBJ2-7,NA,Donor1:healthy,172.000000,-,-,-,-,-,-,-,-,-,-,-
1,SIRS,1.0e-27,1,29,1.6e-13,1.0e+00,1.0e-03,4.0e-03,1.0e-03,4.0e-05,motif-SIRS,CASSIRSNYEQYF,TRBV19,TRBJ2-7,NA,Donor1:healthy,1.000000,-,-,-,-,-,-,-,-,-,-,-
1,SIRS,1.0e-27,1,29,1.6e-13,1.0e+00,1.0e-03,4.0e-03,1.0e-03,4.0e-05,motif-SIRS,CASSIRSQETQYF,TRBV19,TRBJ2-5,NA,Donor1:healthy,47.000000,-,-,-,-,-,-,-,-,-,-,-
1,SIRS,1.0e-27,1,29,1.6e-13,1.0e+00,1.0e-03,4.0e-03,1.0e-03,4.0e-05,motif-SIRS,CASSIRSGETQYF,TRBV19,TRBJ2-5,NA,Donor1:healthy,3.000000,-,-,-,-,-,-,-,-,-,-,-
1,SIRS,1.0e-27,1,29,1.6e-13,1.0e+00,1.0e-03,4.0e-03,1.0e-03,4.0e-05,motif-SIRS,CASSIRSTETQYF,TRBV19,TRBJ2-5,NA,Donor1:healthy,1.000000,-,-,-,-,-,-,-,-,-,-,-
1,SIRS,1.0e-27,1,29,1.6e-13,1.0e+00,1.0e-03,4.0e-03,1.0e-03,4.0e-05,motif-SIRS,CASSIRSGNEQYF,TRBV19,TRBJ2-7,NA,Donor1:healthy,4.000000,-,-,-,-,-,-,-,-,-,-,-
1,SIRS,1.0e-27,1,29,1.6e-13,1.0e+00,1.0e-03,4.0e-03,1.0e-03,4.0e-05,motif-SIRS,CASSIRSGYEQFF,TRBV19,TRBJ2-1,NA,Donor1:healthy,15.000000,-,-,-,-,-,-,-,-,-,-,-
1,SIRS,1.0e-27,1,29,1.6e-13,1.0e+00,1.0e-03,4.0e-03,1.0e-03,4.0e-05,motif-SIRS,CASSIRSGYEQYF,TRBV19,TRBJ2-7,NA,Donor1:healthy,4.000000,-,-,-,-,-,-,-,-,-,-,-
1,SIRS,1.0e-27,1,29,1.6e-13,1.0e+00,1.0e-03,4.0e-03,1.0e-03,4.0e-05,motif-SIRS,CASSIRSTYEQYF,TRBV19,TRBJ2-7,NA,Donor1:healthy,4.000000,-,-,-,-,-,-,-,-,-,-,-

2,CC,1.6e-12,1,9,1.0e-04,1.0e+00,2.6e-01,1.0e+00,8.1e-01,4.8e-04,motif-CC,CASSYCCHRMDYEQYF,TRBV6-3,TRBJ2-7,NA,Donor1:healthy,1.000000,-,-,-,-,-,-,-,-,-,-,-
2,CC,1.6e-12,1,9,1.0e-04,1.0e+00,2.6e-01,1.0e+00,8.1e-01,4.8e-04,motif-CC,CASSWGCCAQFF,TRBV5-1,TRBJ2-1,NA,Donor1:healthy,1.000000,-,-,-,-,-,-,-,-,-,-,-
2,CC,1.6e-12,1,9,1.0e-04,1.0e+00,2.6e-01,1.0e+00,8.1e-01,4.8e-04,motif-CC,CASSLCCSPNTGELFF,TRBV7-9,TRBJ2-2,NA,Donor1:healthy,1.000000,-,-,-,-,-,-,-,-,-,-,-
2,CC,1.6e-12,1,9,1.0e-04,1.0e+00,2.6e-01,1.0e+00,8.1e-01,4.8e-04,motif-CC,CASSPCCGTTEAFF,TRBV27,TRBJ1-1,NA,Donor1:healthy,1.000000,-,-,-,-,-,-,-,-,-,-,-
2,CC,1.6e-12,1,9,1.0e-04,1.0e+00,2.6e-01,1.0e+00,8.1e-01,4.8e-04,motif-CC,CASSYCCSLNTEAFF,TRBV6-5,TRBJ1-1,NA,Donor1:healthy,1.000000,-,-,-,-,-,-,-,-,-,-,-
2,CC,1.6e-12,1,9,1.0e-04,1.0e+00,2.6e-01,1.0e+00,8.1e-01,4.8e-04,motif-CC,CASSDLQCCDTEAFF,TRBV5-1,TRBJ1-1,NA,Donor1:healthy,1.000000,-,-,-,-,-,-,-,-,-,-,-
2,CC,1.6e-12,1,9,1.0e-04,1.0e+00,2.6e-01,1.0e+00,8.1e-01,4.8e-04,motif-CC,CASSYCCGTEAFF,TRBV7-2,TRBJ1-1,NA,Donor1:healthy,1.000000,-,-,-,-,-,-,-,-,-,-,-
2,CC,1.6e-12,1,9,1.0e-04,1.0e+00,2.6e-01,1.0e+00,8.1e-01,4.8e-04,motif-CC,CASSSPCCSHSYNEQFF,TRBV7-2,TRBJ2-1,NA,Donor1:healthy,1.000000,-,-,-,-,-,-,-,-,-,-,-
2,CC,1.6e-12,1,9,1.0e-04,1.0e+00,2.6e-01,1.0e+00,8.1e-01,4.8e-04,motif-CC,CASSLCCATNEKLFF,TRBV28,TRBJ1-4,NA,Donor1:healthy,1.000000,-,-,-,-,-,-,-,-,-,-,-

3,SIRS%YE,3.9e-09,1,7,8.6e-13,1.0e+00,1.0e-03,1.0e-03,1.0e-03,8.6e-04,motif-SIRS global-SIRS%YE,CASSIRSSYEQFF,TRBV19,TRBJ2-1,NA,Donor1:healthy,4.000000,-,-,-,-,-,-,-,-,-,-,-
3,SIRS%YE,3.9e-09,1,7,8.6e-13,1.0e+00,1.0e-03,1.0e-03,1.0e-03,8.6e-04,motif-SIRS global-SIRS%YE,CASSIRSAYEQYF,TRBV19,TRBJ2-7,NA,Donor1:healthy,172.000000,-,-,-,-,-,-,-,-,-,-,-
3,SIRS%YE,3.9e-09,1,7,8.6e-13,1.0e+00,1.0e-03,1.0e-03,1.0e-03,8.6e-04,motif-SIRS global-SIRS%YE,CASSIRSNYEQYF,TRBV19,TRBJ2-7,NA,Donor1:healthy,1.000000,-,-,-,-,-,-,-,-,-,-,-
3,SIRS%YE,3.9e-09,1,7,8.6e-13,1.0e+00,1.0e-03,1.0e-03,1.0e-03,8.6e-04,motif-SIRS global-SIRS%YE,CASSIRSGYEQFF,TRBV19,TRBJ2-1,NA,Donor1:healthy,15.000000,-,-,-,-,-,-,-,-,-,-,-
3,SIRS%YE,3.9e-09,1,7,8.6e-13,1.0e+00,1.0e-03,1.0e-03,1.0e-03,8.6e-04,motif-SIRS global-SIRS%YE,CASSIRSGYEQYF,TRBV19,TRBJ2-7,NA,Donor1:healthy,4.000000,-,-,-,-,-,-,-,-,-,-,-
3,SIRS%YE,3.9e-09,1,7,8.6e-13,1.0e+00,1.0e-03,1.0e-03,1.0e-03,8.6e-04,motif-SIRS global-SIRS%YE,CASSIRSTYEQYF,TRBV19,TRBJ2-7,NA,Donor1:healthy,4.000000,-,-,-,-,-,-,-,-,-,-,-
3,SIRS%YE,3.9e-09,1,7,8.6e-13,1.0e+00,1.0e-03,1.0e-03,1.0e-03,8.6e-04,motif-SIRS global-SIRS%YE,CASSIRSSYEQYF,TRBV19,TRBJ2-7,NA,Donor1:healthy,795.000000,-,-,-,-,-,-,-,-,-,-,-

4,S%RSTGE,6.0e-09,1,9,8.1e-12,1.0e+00,1.0e-03,1.7e-02,1.0e-03,4.8e-04,global-S%RSTGE,CASSMRSTGELFF,TRBV19,TRBJ2-2,NA,Donor1:healthy,2.000000,-,-,-,-,-,-,-,-,-,-,-
4,S%RSTGE,6.0e-09,1,9,8.1e-12,1.0e+00,1.0e-03,1.7e-02,1.0e-03,4.8e-04,global-S%RSTGE,CASSIRSTGELFF,TRBV19,TRBJ2-2,NA,Donor1:healthy,11.000000,-,-,-,-,-,-,-,-,-,-,-
4,S%RSTGE,6.0e-09,1,9,8.1e-12,1.0e+00,1.0e-03,1.7e-02,1.0e-03,4.8e-04,global-S%RSTGE,CASSSRSTGELFF,TRBV19,TRBJ2-2,NA,Donor1:healthy,3.000000,-,-,-,-,-,-,-,-,-,-,-
4,S%RSTGE,6.0e-09,1,9,8.1e-12,1.0e+00,1.0e-03,1.7e-02,1.0e-03,4.8e-04,global-S%RSTGE,CASSKRSTGELFF,TRBV19,TRBJ2-2,NA,Donor1:healthy,1.000000,-,-,-,-,-,-,-,-,-,-,-
4,S%RSTGE,6.0e-09,1,9,8.1e-12,1.0e+00,1.0e-03,1.7e-02,1.0e-03,4.8e-04,global-S%RSTGE,CASSQRSTGELFF,TRBV19,TRBJ2-2,NA,Donor1:healthy,3.000000,-,-,-,-,-,-,-,-,-,-,-
4,S%RSTGE,6.0e-09,1,9,8.1e-12,1.0e+00,1.0e-03,1.7e-02,1.0e-03,4.8e-04,global-S%RSTGE,CASSARSTGELFF,TRBV19,TRBJ2-2,NA,Donor1:healthy,1.000000,-,-,-,-,-,-,-,-,-,-,-
4,S%RSTGE,6.0e-09,1,9,8.1e-12,1.0e+00,1.0e-03,1.7e-02,1.0e-03,4.8e-04,global-S%RSTGE,CASSGRSTGELFF,TRBV19,TRBJ2-2,NA,Donor1:healthy,28.000000,-,-,-,-,-,-,-,-,-,-,-
4,S%RSTGE,6.0e-09,1,9,8.1e-12,1.0e+00,1.0e-03,1.7e-02,1.0e-03,4.8e-04,global-S%RSTGE,CASSTRSTGELFF,TRBV19,TRBJ2-2,NA,Donor1:healthy,2.000000,-,-,-,-,-,-,-,-,-,-,-
4,S%RSTGE,6.0e-09,1,9,8.1e-12,1.0e+00,1.0e-03,1.7e-02,1.0e-03,4.8e-04,global-S%RSTGE,CASSVRSTGELFF,TRBV19,TRBJ2-2,NA,Donor1:healthy,20.000000,-,-,-,-,-,-,-,-,-,-,-

5,S%RSSYE,1.0e-08,1,12,1.5e-13,1.0e+00,1.0e-03,1.0e-03,1.0e-03,1.5e-04,global-S%RSSYE,CASSIRSSYEQFF,TRBV19,TRBJ2-1,NA,Donor1:healthy,4.000000,-,-,-,-,-,-,-,-,-,-,-
5,S%RSSYE,1.0e-08,1,12,1.5e-13,1.0e+00,1.0e-03,1.0e-03,1.0e-03,1.5e-04,global-S%RSSYE,CASSVRSSYEQYF,TRBV19,TRBJ2-7,NA,Donor1:healthy,140.000000,-,-,-,-,-,-,-,-,-,-,-
5,S%RSSYE,1.0e-08,1,12,1.5e-13,1.0e+00,1.0e-03,1.0e-03,1.0e-03,1.5e-04,global-S%RSSYE,CASSQRSSYEQYF,TRBV19,TRBJ2-7,NA,Donor1:healthy,3.000000,-,-,-,-,-,-,-,-,-,-,-
5,S%RSSYE,1.0e-08,1,12,1.5e-13,1.0e+00,1.0e-03,1.0e-03,1.0e-03,1.5e-04,global-S%RSSYE,CASSHRSSYEQYF,TRBV19,TRBJ2-7,NA,Donor1:healthy,1.000000,-,-,-,-,-,-,-,-,-,-,-
5,S%RSSYE,1.0e-08,1,12,1.5e-13,1.0e+00,1.0e-03,1.0e-03,1.0e-03,1.5e-04,global-S%RSSYE,CASSSRSSYEQYF,TRBV19,TRBJ2-7,NA,Donor1:healthy,2.000000,-,-,-,-,-,-,-,-,-,-,-
5,S%RSSYE,1.0e-08,1,12,1.5e-13,1.0e+00,1.0e-03,1.0e-03,1.0e-03,1.5e-04,global-S%RSSYE,CASSFRSSYEQYF,TRBV19,TRBJ2-7,NA,Donor1:healthy,10.000000,-,-,-,-,-,-,-,-,-,-,-
5,S%RSSYE,1.0e-08,1,12,1.5e-13,1.0e+00,1.0e-03,1.0e-03,1.0e-03,1.5e-04,global-S%RSSYE,CASSMRSSYEQYF,TRBV19,TRBJ2-7,NA,Donor1:healthy,2.000000,-,-,-,-,-,-,-,-,-,-,-
5,S%RSSYE,1.0e-08,1,12,1.5e-13,1.0e+00,1.0e-03,1.0e-03,1.0e-03,1.5e-04,global-S%RSSYE,CASSARSSYEQYF,TRBV19,TRBJ2-7,NA,Donor1:healthy,1.000000,-,-,-,-,-,-,-,-,-,-,-
5,S%RSSYE,1.0e-08,1,12,1.5e-13,1.0e+00,1.0e-03,1.0e-03,1.0e-03,1.5e-04,global-S%RSSYE,CASSTRSSYEQYF,TRBV19,TRBJ2-7,NA,Donor1:healthy,21.000000,-,-,-,-,-,-,-,-,-,-,-
5,S%RSSYE,1.0e-08,1,12,1.5e-13,1.0e+00,1.0e-03,1.0e-03,1.0e-03,1.5e-04,global-S%RSSYE,CASSLRSSYEQYF,TRBV19,TRBJ2-7,NA,Donor1:healthy,4.000000,-,-,-,-,-,-,-,-,-,-,-
5,S%RSSYE,1.0e-08,1,12,1.5e-13,1.0e+00,1.0e-03,1.0e-03,1.0e-03,1.5e-04,global-S%RSSYE,CASSWRSSYEQYF,TRBV27,TRBJ2-7,NA,Donor1:healthy,1.000000,-,-,-,-,-,-,-,-,-,-,-
5,S%RSSYE,1.0e-08,1,12,1.5e-13,1.0e+00,1.0e-03,1.0e-03,1.0e-03,1.5e-04,global-S%RSSYE,CASSIRSSYEQYF,TRBV19,TRBJ2-7,NA,Donor1:healthy,795.000000,-,-,-,-,-,-,-,-,-,-,-

6,S%RSTDT,7.9e-08,1,8,6.2e-11,1.0e+00,1.0e-03,7.5e-02,1.0e-03,8.3e-04,global-S%RSTDT,CASSDRSTDTQYF,TRBV6-4,TRBJ2-3,NA,Donor1:healthy,1.000000,-,-,-,-,-,-,-,-,-,-,-
6,S%RSTDT,7.9e-08,1,8,6.2e-11,1.0e+00,1.0e-03,7.5e-02,1.0e-03,8.3e-04,global-S%RSTDT,CASSQRSTDTQYF,TRBV19,TRBJ2-3,NA,Donor1:healthy,1.000000,-,-,-,-,-,-,-,-,-,-,-
6,S%RSTDT,7.9e-08,1,8,6.2e-11,1.0e+00,1.0e-03,7.5e-02,1.0e-03,8.3e-04,global-S%RSTDT,CATSQRSTDTQYF,TRBV19,TRBJ2-3,NA,Donor1:healthy,4.000000,-,-,-,-,-,-,-,-,-,-,-
6,S%RSTDT,7.9e-08,1,8,6.2e-11,1.0e+00,1.0e-03,7.5e-02,1.0e-03,8.3e-04,global-S%RSTDT,CASSTRSTDTQYF,TRBV19,TRBJ2-3,NA,Donor1:healthy,1.000000,-,-,-,-,-,-,-,-,-,-,-
6,S%RSTDT,7.9e-08,1,8,6.2e-11,1.0e+00,1.0e-03,7.5e-02,1.0e-03,8.3e-04,global-S%RSTDT,CASSSRSTDTQYF,TRBV19,TRBJ2-3,NA,Donor1:healthy,1.000000,-,-,-,-,-,-,-,-,-,-,-
6,S%RSTDT,7.9e-08,1,8,6.2e-11,1.0e+00,1.0e-03,7.5e-02,1.0e-03,8.3e-04,global-S%RSTDT,CASSYRSTDTQYF,TRBV6-5,TRBJ2-3,NA,Donor1:healthy,1.000000,-,-,-,-,-,-,-,-,-,-,-
6,S%RSTDT,7.9e-08,1,8,6.2e-11,1.0e+00,1.0e-03,7.5e-02,1.0e-03,8.3e-04,global-S%RSTDT,CASSGRSTDTQYF,TRBV19,TRBJ2-3,NA,Donor1:healthy,6.000000,-,-,-,-,-,-,-,-,-,-,-
6,S%RSTDT,7.9e-08,1,8,6.2e-11,1.0e+00,1.0e-03,7.5e-02,1.0e-03,8.3e-04,global-S%RSTDT,CASSHRSTDTQYF,TRBV19,TRBJ2-3,NA,Donor1:healthy,2.000000,-,-,-,-,-,-,-,-,-,-,-

7,SIRS%ET,2.1e-06,1,4,2.6e-11,1.0e+00,1.0e-03,1.1e-02,1.0e-03,2.3e-03,motif-SIRS global-SIRS%ET,CASSIRSSETQYF,TRBV19,TRBJ2-5,NA,Donor1:healthy,3.000000,-,-,-,-,-,-,-,-,-,-,-
7,SIRS%ET,2.1e-06,1,4,2.6e-11,1.0e+00,1.0e-03,1.1e-02,1.0e-03,2.3e-03,motif-SIRS global-SIRS%ET,CASSIRSQETQYF,TRBV19,TRBJ2-5,NA,Donor1:healthy,47.000000,-,-,-,-,-,-,-,-,-,-,-
7,SIRS%ET,2.1e-06,1,4,2.6e-11,1.0e+00,1.0e-03,1.1e-02,1.0e-03,2.3e-03,motif-SIRS global-SIRS%ET,CASSIRSGETQYF,TRBV19,TRBJ2-5,NA,Donor1:healthy,3.000000,-,-,-,-,-,-,-,-,-,-,-
7,SIRS%ET,2.1e-06,1,4,2.6e-11,1.0e+00,1.0e-03,1.1e-02,1.0e-03,2.3e-03,motif-SIRS global-SIRS%ET,CASSIRSTETQYF,TRBV19,TRBJ2-5,NA,Donor1:healthy,1.000000,-,-,-,-,-,-,-,-,-,-,-

8,SMRS,7.0e-06,1,6,7.3e-10,1.0e+00,1.0e-03,2.5e-02,2.4e-02,1.2e-03,motif-SMRS,CASSMRSAYEQYF,TRBV19,TRBJ2-7,NA,Donor1:healthy,2.000000,-,-,-,-,-,-,-,-,-,-,-
8,SMRS,7.0e-06,1,6,7.3e-10,1.0e+00,1.0e-03,2.5e-02,2.4e-02,1.2e-03,motif-SMRS,CASSMRSGSEQFF,TRBV19,TRBJ2-1,NA,Donor1:healthy,8.000000,-,-,-,-,-,-,-,-,-,-,-
8,SMRS,7.0e-06,1,6,7.3e-10,1.0e+00,1.0e-03,2.5e-02,2.4e-02,1.2e-03,motif-SMRS,CASSMRSTNEQFF,TRBV19,TRBJ2-1,NA,Donor1:healthy,12.000000,-,-,-,-,-,-,-,-,-,-,-
8,SMRS,7.0e-06,1,6,7.3e-10,1.0e+00,1.0e-03,2.5e-02,2.4e-02,1.2e-03,motif-SMRS,CASSMRSSYEQYF,TRBV19,TRBJ2-7,NA,Donor1:healthy,2.000000,-,-,-,-,-,-,-,-,-,-,-
8,SMRS,7.0e-06,1,6,7.3e-10,1.0e+00,1.0e-03,2.5e-02,2.4e-02,1.2e-03,motif-SMRS,CASSMRSTGELFF,TRBV19,TRBJ2-2,NA,Donor1:healthy,2.000000,-,-,-,-,-,-,-,-,-,-,-
8,SMRS,7.0e-06,1,6,7.3e-10,1.0e+00,1.0e-03,2.5e-02,2.4e-02,1.2e-03,motif-SMRS,CASSMRSGANVLTF,TRBV19,TRBJ2-6,NA,Donor1:healthy,2.000000,-,-,-,-,-,-,-,-,-,-,-

9,S%RSAYE,8.9e-06,1,5,8.7e-12,1.0e+00,1.0e-03,6.0e-03,1.0e-03,1.5e-03,global-S%RSAYE,CASSIRSAYEQYF,TRBV19,TRBJ2-7,NA,Donor1:healthy,172.000000,-,-,-,-,-,-,-,-,-,-,-
9,S%RSAYE,8.9e-06,1,5,8.7e-12,1.0e+00,1.0e-03,6.0e-03,1.0e-03,1.5e-03,global-S%RSAYE,CASSVRSAYEQYF,TRBV19,TRBJ2-7,NA,Donor1:healthy,2.000000,-,-,-,-,-,-,-,-,-,-,-
9,S%RSAYE,8.9e-06,1,5,8.7e-12,1.0e+00,1.0e-03,6.0e-03,1.0e-03,1.5e-03,global-S%RSAYE,CASSSRSAYEQYF,TRBV19,TRBJ2-7,NA,Donor1:healthy,1.000000,-,-,-,-,-,-,-,-,-,-,-
9,S%RSAYE,8.9e-06,1,5,8.7e-12,1.0e+00,1.0e-03,6.0e-03,1.0e-03,1.5e-03,global-S%RSAYE,CASSTRSAYEQYF,TRBV19,TRBJ2-7,NA,Donor1:healthy,15.000000,-,-,-,-,-,-,-,-,-,-,-
9,S%RSAYE,8.9e-06,1,5,8.7e-12,1.0e+00,1.0e-03,6.0e-03,1.0e-03,1.5e-03,global-S%RSAYE,CASSMRSAYEQYF,TRBV19,TRBJ2-7,NA,Donor1:healthy,2.000000,-,-,-,-,-,-,-,-,-,-,-

10,VRHG,1.7e-05,1,5,2.3e-05,1.0e+00,8.9e-02,1.0e+00,1.8e-01,1.5e-03,motif-VRHG,CASSKVRHGYTF,TRBV7-9,TRBJ1-2,NA,Donor1:healthy,1.000000,-,-,-,-,-,-,-,-,-,-,-
10,VRHG,1.7e-05,1,5,2.3e-05,1.0e+00,8.9e-02,1.0e+00,1.8e-01,1.5e-03,motif-VRHG,CASSVRHGRAPTGELFF,TRBV9,TRBJ2-2,NA,Donor1:healthy,1.000000,-,-,-,-,-,-,-,-,-,-,-
10,VRHG,1.7e-05,1,5,2.3e-05,1.0e+00,8.9e-02,1.0e+00,1.8e-01,1.5e-03,motif-VRHG,CASSLVRHGADSYEQYF,TRBV27,TRBJ2-7,NA,Donor1:healthy,1.000000,-,-,-,-,-,-,-,-,-,-,-
10,VRHG,1.7e-05,1,5,2.3e-05,1.0e+00,8.9e-02,1.0e+00,1.8e-01,1.5e-03,motif-VRHG,CASSVRHGTEAFF,TRBV19,TRBJ1-1,NA,Donor1:healthy,1.000000,-,-,-,-,-,-,-,-,-,-,-
10,VRHG,1.7e-05,1,5,2.3e-05,1.0e+00,8.9e-02,1.0e+00,1.8e-01,1.5e-03,motif-VRHG,CASSVRHGHEQYF,TRBV9,TRBJ2-7,NA,Donor1:healthy,1.000000,-,-,-,-,-,-,-,-,-,-,-

11,SL%GE,2.1e-05,1,11,2.2e-07,1.0e+00,9.3e-01,1.0e+00,1.0e-03,2.4e-04,global-SL%GE,CASSLNGELFF,TRBV5-1,TRBJ2-2,NA,Donor1:healthy,1.000000,-,-,-,-,-,-,-,-,-,-,-
11,SL%GE,2.1e-05,1,11,2.2e-07,1.0e+00,9.3e-01,1.0e+00,1.0e-03,2.4e-04,global-SL%GE,CASSLFGELFF,TRBV5-4,TRBJ2-2,NA,Donor1:healthy,1.000000,-,-,-,-,-,-,-,-,-,-,-
11,SL%GE,2.1e-05,1,11,2.2e-07,1.0e+00,9.3e-01,1.0e+00,1.0e-03,2.4e-04,global-SL%GE,CASSLVGEQYF,TRBV5-6,TRBJ2-7,NA,Donor1:healthy,1.000000,-,-,-,-,-,-,-,-,-,-,-
11,SL%GE,2.1e-05,1,11,2.2e-07,1.0e+00,9.3e-01,1.0e+00,1.0e-03,2.4e-04,global-SL%GE,CASSLLGEQYF,TRBV28,TRBJ2-7,NA,Donor1:healthy,1.000000,-,-,-,-,-,-,-,-,-,-,-
11,SL%GE,2.1e-05,1,11,2.2e-07,1.0e+00,9.3e-01,1.0e+00,1.0e-03,2.4e-04,global-SL%GE,CASSLAGELFF,TRBV27,TRBJ2-2,NA,Donor1:healthy,1.000000,-,-,-,-,-,-,-,-,-,-,-
11,SL%GE,2.1e-05,1,11,2.2e-07,1.0e+00,9.3e-01,1.0e+00,1.0e-03,2.4e-04,global-SL%GE,CASSLTGELFF,TRBV6-6,TRBJ2-2,NA,Donor1:healthy,1.000000,-,-,-,-,-,-,-,-,-,-,-
11,SL%GE,2.1e-05,1,11,2.2e-07,1.0e+00,9.3e-01,1.0e+00,1.0e-03,2.4e-04,global-SL%GE,CASSLLGEAFF,TRBV5-5,TRBJ1-1,NA,Donor1:healthy,1.000000,-,-,-,-,-,-,-,-,-,-,-
11,SL%GE,2.1e-05,1,11,2.2e-07,1.0e+00,9.3e-01,1.0e+00,1.0e-03,2.4e-04,global-SL%GE,CASSLGGEKTF,TRBV7-9,TRBJ1-2,NA,Donor1:healthy,1.000000,-,-,-,-,-,-,-,-,-,-,-
11,SL%GE,2.1e-05,1,11,2.2e-07,1.0e+00,9.3e-01,1.0e+00,1.0e-03,2.4e-04,global-SL%GE,CASSLGGELFF,TRBV7-3,TRBJ2-2,NA,Donor1:healthy,1.000000,-,-,-,-,-,-,-,-,-,-,-
11,SL%GE,2.1e-05,1,11,2.2e-07,1.0e+00,9.3e-01,1.0e+00,1.0e-03,2.4e-04,global-SL%GE,CASSLGGELFF,TRBV7-8,TRBJ2-2,NA,Donor1:healthy,1.000000,-,-,-,-,-,-,-,-,-,-,-
11,SL%GE,2.1e-05,1,11,2.2e-07,1.0e+00,9.3e-01,1.0e+00,1.0e-03,2.4e-04,global-SL%GE,CASSLGGEQFF,TRBV7-2,TRBJ2-1,NA,Donor1:healthy,1.000000,-,-,-,-,-,-,-,-,-,-,-
11,SL%GE,2.1e-05,1,11,2.2e-07,1.0e+00,9.3e-01,1.0e+00,1.0e-03,2.4e-04,global-SL%GE,CASSLGGEQFF,TRBV7-9,TRBJ2-1,NA,Donor1:healthy,1.000000,-,-,-,-,-,-,-,-,-,-,-
11,SL%GE,2.1e-05,1,11,2.2e-07,1.0e+00,9.3e-01,1.0e+00,1.0e-03,2.4e-04,global-SL%GE,CASSLGGEQYF,TRBV7-9,TRBJ2-7,NA,Donor1:healthy,1.000000,-,-,-,-,-,-,-,-,-,-,-

12,SLL%E,2.6e-05,1,6,7.9e-07,1.0e+00,6.5e-01,1.0e+00,1.0e-03,1.2e-03,global-SLL%E,CASSLLNEQFF,TRBV13,TRBJ2-1,NA,Donor1:healthy,1.000000,-,-,-,-,-,-,-,-,-,-,-
12,SLL%E,2.6e-05,1,6,7.9e-07,1.0e+00,6.5e-01,1.0e+00,1.0e-03,1.2e-03,global-SLL%E,CASSLLAEQYF,TRBV5-6,TRBJ2-7,NA,Donor1:healthy,1.000000,-,-,-,-,-,-,-,-,-,-,-
12,SLL%E,2.6e-05,1,6,7.9e-07,1.0e+00,6.5e-01,1.0e+00,1.0e-03,1.2e-03,global-SLL%E,CASSLLGEQYF,TRBV28,TRBJ2-7,NA,Donor1:healthy,1.000000,-,-,-,-,-,-,-,-,-,-,-
12,SLL%E,2.6e-05,1,6,7.9e-07,1.0e+00,6.5e-01,1.0e+00,1.0e-03,1.2e-03,global-SLL%E,CASSLLGEAFF,TRBV5-5,TRBJ1-1,NA,Donor1:healthy,1.000000,-,-,-,-,-,-,-,-,-,-,-
12,SLL%E,2.6e-05,1,6,7.9e-07,1.0e+00,6.5e-01,1.0e+00,1.0e-03,1.2e-03,global-SLL%E,CASSLLDEQFF,TRBV11-2,TRBJ2-1,NA,Donor1:healthy,1.000000,-,-,-,-,-,-,-,-,-,-,-
12,SLL%E,2.6e-05,1,6,7.9e-07,1.0e+00,6.5e-01,1.0e+00,1.0e-03,1.2e-03,global-SLL%E,CASSLLDEQYF,TRBV7-2,TRBJ2-7,NA,Donor1:healthy,1.000000,-,-,-,-,-,-,-,-,-,-,-

13,IRSA,3.0e-05,1,4,2.3e-12,1.0e+00,1.0e-03,1.0e-03,1.0e-03,2.3e-03,motif-IRSA motif-SIRS,CASSIRSAWEQFF,TRBV19,TRBJ2-1,NA,Donor1:healthy,6.000000,-,-,-,-,-,-,-,-,-,-,-
13,IRSA,3.0e-05,1,4,2.3e-12,1.0e+00,1.0e-03,1.0e-03,1.0e-03,2.3e-03,motif-IRSA motif-SIRS,CASSIRSAYTQYF,TRBV19,TRBJ2-3,NA,Donor1:healthy,1.000000,-,-,-,-,-,-,-,-,-,-,-
13,IRSA,3.0e-05,1,4,2.3e-12,1.0e+00,1.0e-03,1.0e-03,1.0e-03,2.3e-03,motif-IRSA motif-SIRS,CASSIRSADTQYF,TRBV19,TRBJ2-3,NA,Donor1:healthy,1.000000,-,-,-,-,-,-,-,-,-,-,-
13,IRSA,3.0e-05,1,4,2.3e-12,1.0e+00,1.0e-03,1.0e-03,1.0e-03,2.3e-03,motif-IRSA motif-SIRS,CASSIRSAYEQYF,TRBV19,TRBJ2-7,NA,Donor1:healthy,172.000000,-,-,-,-,-,-,-,-,-,-,-

14,SIG%YG,3.1e-05,1,5,7.3e-12,1.0e+00,1.0e-03,5.0e-03,1.0e-03,1.5e-03,global-SIG%YG,CASSIGSYGYTF,TRBV19,TRBJ1-2,NA,Donor1:healthy,84.000000,-,-,-,-,-,-,-,-,-,-,-
14,SIG%YG,3.1e-05,1,5,7.3e-12,1.0e+00,1.0e-03,5.0e-03,1.0e-03,1.5e-03,global-SIG%YG,CASSIGAYGYTF,TRBV19,TRBJ1-2,NA,Donor1:healthy,16.000000,-,-,-,-,-,-,-,-,-,-,-
14,SIG%YG,3.1e-05,1,5,7.3e-12,1.0e+00,1.0e-03,5.0e-03,1.0e-03,1.5e-03,global-SIG%YG,CASSIGIYGYTF,TRBV19,TRBJ1-2,NA,Donor1:healthy,4.000000,-,-,-,-,-,-,-,-,-,-,-
14,SIG%YG,3.1e-05,1,5,7.3e-12,1.0e+00,1.0e-03,5.0e-03,1.0e-03,1.5e-03,global-SIG%YG,CASSIGVYGYTF,TRBV19,TRBJ1-2,NA,Donor1:healthy,44.000000,-,-,-,-,-,-,-,-,-,-,-
14,SIG%YG,3.1e-05,1,5,7.3e-12,1.0e+00,1.0e-03,5.0e-03,1.0e-03,1.5e-03,global-SIG%YG,CASSIGLYGYTF,TRBV19,TRBJ1-2,NA,Donor1:healthy,21.000000,-,-,-,-,-,-,-,-,-,-,-

15,%TGDSNQP,3.1e-05,1,5,1.8e-09,1.0e+00,2.8e-02,4.5e-02,1.0e-03,1.5e-03,global-%TGDSNQP,CASSTGDSNQPQHF,TRBV6-6,TRBJ1-5,NA,Donor1:healthy,1.000000,-,-,-,-,-,-,-,-,-,-,-
15,%TGDSNQP,3.1e-05,1,5,1.8e-09,1.0e+00,2.8e-02,4.5e-02,1.0e-03,1.5e-03,global-%TGDSNQP,CASSTGDSNQPQHF,TRBV7-9,TRBJ1-5,NA,Donor1:healthy,1.000000,-,-,-,-,-,-,-,-,-,-,-
15,%TGDSNQP,3.1e-05,1,5,1.8e-09,1.0e+00,2.8e-02,4.5e-02,1.0e-03,1.5e-03,global-%TGDSNQP,CASNTGDSNQPQHF,TRBV6-6,TRBJ1-5,NA,Donor1:healthy,6.000000,-,-,-,-,-,-,-,-,-,-,-
15,%TGDSNQP,3.1e-05,1,5,1.8e-09,1.0e+00,2.8e-02,4.5e-02,1.0e-03,1.5e-03,global-%TGDSNQP,CAINTGDSNQPQHF,TRBV10-3,TRBJ1-5,NA,Donor1:healthy,1.000000,-,-,-,-,-,-,-,-,-,-,-
15,%TGDSNQP,3.1e-05,1,5,1.8e-09,1.0e+00,2.8e-02,4.5e-02,1.0e-03,1.5e-03,global-%TGDSNQP,CATGTGDSNQPQHF,TRBV19,TRBJ1-5,NA,Donor1:healthy,4.000000,-,-,-,-,-,-,-,-,-,-,-
15,%TGDSNQP,3.1e-05,1,5,1.8e-09,1.0e+00,2.8e-02,4.5e-02,1.0e-03,1.5e-03,global-%TGDSNQP,CAISTGDSNQPQHF,TRBV10-3,TRBJ1-5,NA,Donor1:healthy,4.000000,-,-,-,-,-,-,-,-,-,-,-

16,S%GSYG,5.1e-05,1,8,6.6e-12,1.0e+00,1.0e-03,8.0e-03,1.0e-03,8.3e-04,global-S%GSYG,CASSIGSYGYTF,TRBV19,TRBJ1-2,NA,Donor1:healthy,84.000000,-,-,-,-,-,-,-,-,-,-,-
16,S%GSYG,5.1e-05,1,8,6.6e-12,1.0e+00,1.0e-03,8.0e-03,1.0e-03,8.3e-04,global-S%GSYG,CASSLGSYGYTF,TRBV19,TRBJ1-2,NA,Donor1:healthy,1.000000,-,-,-,-,-,-,-,-,-,-,-
16,S%GSYG,5.1e-05,1,8,6.6e-12,1.0e+00,1.0e-03,8.0e-03,1.0e-03,8.3e-04,global-S%GSYG,CASSMGSYGYTF,TRBV19,TRBJ1-2,NA,Donor1:healthy,6.000000,-,-,-,-,-,-,-,-,-,-,-
16,S%GSYG,5.1e-05,1,8,6.6e-12,1.0e+00,1.0e-03,8.0e-03,1.0e-03,8.3e-04,global-S%GSYG,CASSTGSYGYTF,TRBV19,TRBJ1-2,NA,Donor1:healthy,3.000000,-,-,-,-,-,-,-,-,-,-,-
16,S%GSYG,5.1e-05,1,8,6.6e-12,1.0e+00,1.0e-03,8.0e-03,1.0e-03,8.3e-04,global-S%GSYG,CASSAGSYGYTF,TRBV19,TRBJ1-2,NA,Donor1:healthy,2.000000,-,-,-,-,-,-,-,-,-,-,-
16,S%GSYG,5.1e-05,1,8,6.6e-12,1.0e+00,1.0e-03,8.0e-03,1.0e-03,8.3e-04,global-S%GSYG,CASSVGSYGYTF,TRBV19,TRBJ1-2,NA,Donor1:healthy,1.000000,-,-,-,-,-,-,-,-,-,-,-
16,S%GSYG,5.1e-05,1,8,6.6e-12,1.0e+00,1.0e-03,8.0e-03,1.0e-03,8.3e-04,global-S%GSYG,CASSQGSYGYTF,TRBV19,TRBJ1-2,NA,Donor1:healthy,3.000000,-,-,-,-,-,-,-,-,-,-,-
16,S%GSYG,5.1e-05,1,8,6.6e-12,1.0e+00,1.0e-03,8.0e-03,1.0e-03,8.3e-04,global-S%GSYG,CASSFGSYGYTF,TRBV19,TRBJ1-2,NA,Donor1:healthy,1.000000,-,-,-,-,-,-,-,-,-,-,-

17,S%RSGTE,5.5e-05,1,3,2.8e-10,1.0e+00,1.0e-03,4.5e-02,1.0e-03,6.2e-03,global-S%RSGTE,CASSDRSGTEQYF,TRBV19,TRBJ2-7,NA,Donor1:healthy,2.000000,-,-,-,-,-,-,-,-,-,-,-
17,S%RSGTE,5.5e-05,1,3,2.8e-10,1.0e+00,1.0e-03,4.5e-02,1.0e-03,6.2e-03,global-S%RSGTE,CASSTRSGTEAFF,TRBV19,TRBJ1-1,NA,Donor1:healthy,1.000000,-,-,-,-,-,-,-,-,-,-,-
17,S%RSGTE,5.5e-05,1,3,2.8e-10,1.0e+00,1.0e-03,4.5e-02,1.0e-03,6.2e-03,global-S%RSGTE,CASSSRSGTEQFF,TRBV19,TRBJ2-1,NA,Donor1:healthy,4.000000,-,-,-,-,-,-,-,-,-,-,-

18,RRQG%EK,5.5e-05,1,3,1.1e-06,1.0e+00,1.8e-01,1.0e+00,1.0e-03,6.2e-03,global-RRQG%EK,CASRRQGNEKLFF,TRBV2,TRBJ1-4,NA,Donor1:healthy,1.000000,-,-,-,-,-,-,-,-,-,-,-
18,RRQG%EK,5.5e-05,1,3,1.1e-06,1.0e+00,1.8e-01,1.0e+00,1.0e-03,6.2e-03,global-RRQG%EK,CASRRQGGEKLFF,TRBV7-8,TRBJ1-4,NA,Donor1:healthy,1.000000,-,-,-,-,-,-,-,-,-,-,-
18,RRQG%EK,5.5e-05,1,3,1.1e-06,1.0e+00,1.8e-01,1.0e+00,1.0e-03,6.2e-03,global-RRQG%EK,CASRRQGEEKLFF,TRBV14,TRBJ1-4,NA,Donor1:healthy,1.000000,-,-,-,-,-,-,-,-,-,-,-

19,SLSGW%YE,5.5e-05,1,3,1.0e-06,1.0e+00,1.6e-01,1.0e+00,1.0e-03,6.2e-03,global-SLSGW%YE,CASSLSGWSYEQYF,TRBV7-6,TRBJ2-7,NA,Donor1:healthy,1.000000,-,-,-,-,-,-,-,-,-,-,-
19,SLSGW%YE,5.5e-05,1,3,1.0e-06,1.0e+00,1.6e-01,1.0e+00,1.0e-03,6.2e-03,global-SLSGW%YE,CASSLSGWAYEQYF,TRBV28,TRBJ2-7,NA,Donor1:healthy,1.000000,-,-,-,-,-,-,-,-,-,-,-
19,SLSGW%YE,5.5e-05,1,3,1.0e-06,1.0e+00,1.6e-01,1.0e+00,1.0e-03,6.2e-03,global-SLSGW%YE,CASSLSGWTYEQYF,TRBV27,TRBJ2-7,NA,Donor1:healthy,1.000000,-,-,-,-,-,-,-,-,-,-,-

20,FTEY,5.5e-05,1,3,3.7e-05,1.0e+00,1.7e-01,1.3e-01,2.7e-01,6.2e-03,motif-FTEY,CASSFTEYSTDTQYF,TRBV28,TRBJ2-3,NA,Donor1:healthy,1.000000,-,-,-,-,-,-,-,-,-,-,-
20,FTEY,5.5e-05,1,3,3.7e-05,1.0e+00,1.7e-01,1.3e-01,2.7e-01,6.2e-03,motif-FTEY,CASSFTEYTDTQYF,TRBV5-1,TRBJ2-3,NA,Donor1:healthy,2.000000,-,-,-,-,-,-,-,-,-,-,-
20,FTEY,5.5e-05,1,3,3.7e-05,1.0e+00,1.7e-01,1.3e-01,2.7e-01,6.2e-03,motif-FTEY,CASSFTEYSGNTIYF,TRBV11-1,TRBJ1-3,NA,Donor1:healthy,1.000000,-,-,-,-,-,-,-,-,-,-,-

21,SYCC,5.5e-05,1,3,5.5e-04,1.0e+00,2.0e-01,1.0e+00,4.5e-01,6.2e-03,motif-CC motif-SYCC motif-YCC,CASSYCCHRMDYEQYF,TRBV6-3,TRBJ2-7,NA,Donor1:healthy,1.000000,-,-,-,-,-,-,-,-,-,-,-
21,SYCC,5.5e-05,1,3,5.5e-04,1.0e+00,2.0e-01,1.0e+00,4.5e-01,6.2e-03,motif-CC motif-SYCC motif-YCC,CASSYCCSLNTEAFF,TRBV6-5,TRBJ1-1,NA,Donor1:healthy,1.000000,-,-,-,-,-,-,-,-,-,-,-
21,SYCC,5.5e-05,1,3,5.5e-04,1.0e+00,2.0e-01,1.0e+00,4.5e-01,6.2e-03,motif-CC motif-SYCC motif-YCC,CASSYCCGTEAFF,TRBV7-2,TRBJ1-1,NA,Donor1:healthy,1.000000,-,-,-,-,-,-,-,-,-,-,-

22,YCC,5.5e-05,1,3,5.2e-04,1.0e+00,2.0e-01,1.0e+00,4.2e-01,6.2e-03,motif-CC motif-SYCC motif-YCC,CASSYCCHRMDYEQYF,TRBV6-3,TRBJ2-7,NA,Donor1:healthy,1.000000,-,-,-,-,-,-,-,-,-,-,-
22,YCC,5.5e-05,1,3,5.2e-04,1.0e+00,2.0e-01,1.0e+00,4.2e-01,6.2e-03,motif-CC motif-SYCC motif-YCC,CASSYCCSLNTEAFF,TRBV6-5,TRBJ1-1,NA,Donor1:healthy,1.000000,-,-,-,-,-,-,-,-,-,-,-
22,YCC,5.5e-05,1,3,5.2e-04,1.0e+00,2.0e-01,1.0e+00,4.2e-01,6.2e-03,motif-CC motif-SYCC motif-YCC,CASSYCCGTEAFF,TRBV7-2,TRBJ1-1,NA,Donor1:healthy,1.000000,-,-,-,-,-,-,-,-,-,-,-

23,WDPN,1.2e-04,1,5,3.4e-04,1.0e+00,5.0e-01,1.0e+00,4.7e-01,1.5e-03,motif-WDPN,CASSHWDPNTEAFF,TRBV6-5,TRBJ1-1,NA,Donor1:healthy,1.000000,-,-,-,-,-,-,-,-,-,-,-
23,WDPN,1.2e-04,1,5,3.4e-04,1.0e+00,5.0e-01,1.0e+00,4.7e-01,1.5e-03,motif-WDPN,CASGWGWDPNYGYTF,TRBV2,TRBJ1-2,NA,Donor1:healthy,1.000000,-,-,-,-,-,-,-,-,-,-,-
23,WDPN,1.2e-04,1,5,3.4e-04,1.0e+00,5.0e-01,1.0e+00,4.7e-01,1.5e-03,motif-WDPN,CASSLAKWDPNTGELFF,TRBV7-2,TRBJ2-2,NA,Donor1:healthy,1.000000,-,-,-,-,-,-,-,-,-,-,-
23,WDPN,1.2e-04,1,5,3.4e-04,1.0e+00,5.0e-01,1.0e+00,4.7e-01,1.5e-03,motif-WDPN,CASSHWDPNYGYTF,TRBV4-1,TRBJ1-2,NA,Donor1:healthy,1.000000,-,-,-,-,-,-,-,-,-,-,-
23,WDPN,1.2e-04,1,5,3.4e-04,1.0e+00,5.0e-01,1.0e+00,4.7e-01,1.5e-03,motif-WDPN,CASSFRGVWDPNTGELFF,TRBV11-2,TRBJ2-2,NA,Donor1:healthy,1.000000,-,-,-,-,-,-,-,-,-,-,-

24,SLG%NTE,1.9e-04,1,8,1.0e-07,1.0e+00,6.5e-01,1.9e-01,1.0e-03,8.3e-04,global-SLG%NTE,CATSLGENTEAFF,TRBV6-5,TRBJ1-1,NA,Donor1:healthy,1.000000,-,-,-,-,-,-,-,-,-,-,-
24,SLG%NTE,1.9e-04,1,8,1.0e-07,1.0e+00,6.5e-01,1.9e-01,1.0e-03,8.3e-04,global-SLG%NTE,CASSLGFNTEAFF,TRBV9,TRBJ1-1,NA,Donor1:healthy,1.000000,-,-,-,-,-,-,-,-,-,-,-
24,SLG%NTE,1.9e-04,1,8,1.0e-07,1.0e+00,6.5e-01,1.9e-01,1.0e-03,8.3e-04,global-SLG%NTE,CASSLGINTEAFF,TRBV27,TRBJ1-1,NA,Donor1:healthy,1.000000,-,-,-,-,-,-,-,-,-,-,-
24,SLG%NTE,1.9e-04,1,8,1.0e-07,1.0e+00,6.5e-01,1.9e-01,1.0e-03,8.3e-04,global-SLG%NTE,CASSLGLNTEAFF,TRBV18,TRBJ1-1,NA,Donor1:healthy,1.000000,-,-,-,-,-,-,-,-,-,-,-
24,SLG%NTE,1.9e-04,1,8,1.0e-07,1.0e+00,6.5e-01,1.9e-01,1.0e-03,8.3e-04,global-SLG%NTE,CASSLGLNTEAFF,TRBV27,TRBJ1-1,NA,Donor1:healthy,3.000000,-,-,-,-,-,-,-,-,-,-,-
24,SLG%NTE,1.9e-04,1,8,1.0e-07,1.0e+00,6.5e-01,1.9e-01,1.0e-03,8.3e-04,global-SLG%NTE,CASSLGMNTEAFF,TRBV6-3,TRBJ1-1,NA,Donor1:healthy,1.000000,-,-,-,-,-,-,-,-,-,-,-
24,SLG%NTE,1.9e-04,1,8,1.0e-07,1.0e+00,6.5e-01,1.9e-01,1.0e-03,8.3e-04,global-SLG%NTE,CASSLGWNTEAFF,TRBV12-3,TRBJ1-1,NA,Donor1:healthy,1.000000,-,-,-,-,-,-,-,-,-,-,-
24,SLG%NTE,1.9e-04,1,8,1.0e-07,1.0e+00,6.5e-01,1.9e-01,1.0e-03,8.3e-04,global-SLG%NTE,CASSLGDNTEAFF,TRBV7-9,TRBJ1-1,NA,Donor1:healthy,2.000000,-,-,-,-,-,-,-,-,-,-,-
24,SLG%NTE,1.9e-04,1,8,1.0e-07,1.0e+00,6.5e-01,1.9e-01,1.0e-03,8.3e-04,global-SLG%NTE,CASSLGQNTEAFF,TRBV13,TRBJ1-1,NA,Donor1:healthy,1.000000,-,-,-,-,-,-,-,-,-,-,-

25,STRS%YE,2.1e-04,1,3,4.3e-11,1.0e+00,1.0e-03,7.0e-03,1.0e-03,6.2e-03,global-STRS%YE,CASSTRSGYEQYF,TRBV19,TRBJ2-7,NA,Donor1:healthy,3.000000,-,-,-,-,-,-,-,-,-,-,-
25,STRS%YE,2.1e-04,1,3,4.3e-11,1.0e+00,1.0e-03,7.0e-03,1.0e-03,6.2e-03,global-STRS%YE,CASSTRSSYEQYF,TRBV19,TRBJ2-7,NA,Donor1:healthy,21.000000,-,-,-,-,-,-,-,-,-,-,-
25,STRS%YE,2.1e-04,1,3,4.3e-11,1.0e+00,1.0e-03,7.0e-03,1.0e-03,6.2e-03,global-STRS%YE,CASSTRSAYEQYF,TRBV19,TRBJ2-7,NA,Donor1:healthy,15.000000,-,-,-,-,-,-,-,-,-,-,-

26,SIRS%DT,2.1e-04,1,3,1.9e-10,1.0e+00,1.0e-03,3.1e-02,1.0e-03,6.2e-03,motif-SIRS global-SIRS%DT,CASSIRSGDTQYF,TRBV19,TRBJ2-3,NA,Donor1:healthy,2.000000,-,-,-,-,-,-,-,-,-,-,-
26,SIRS%DT,2.1e-04,1,3,1.9e-10,1.0e+00,1.0e-03,3.1e-02,1.0e-03,6.2e-03,motif-SIRS global-SIRS%DT,CASSIRSTDTQYF,TRBV19,TRBJ2-3,NA,Donor1:healthy,8.000000,-,-,-,-,-,-,-,-,-,-,-
26,SIRS%DT,2.1e-04,1,3,1.9e-10,1.0e+00,1.0e-03,3.1e-02,1.0e-03,6.2e-03,motif-SIRS global-SIRS%DT,CASSIRSADTQYF,TRBV19,TRBJ2-3,NA,Donor1:healthy,1.000000,-,-,-,-,-,-,-,-,-,-,-

27,SSRSG%E,2.1e-04,1,3,2.7e-10,1.0e+00,1.0e-03,4.3e-02,1.0e-03,6.2e-03,global-SSRSG%E,CASSSRSGTEQFF,TRBV19,TRBJ2-1,NA,Donor1:healthy,4.000000,-,-,-,-,-,-,-,-,-,-,-
27,SSRSG%E,2.1e-04,1,3,2.7e-10,1.0e+00,1.0e-03,4.3e-02,1.0e-03,6.2e-03,global-SSRSG%E,CASSSRSGVEQYF,TRBV19,TRBJ2-7,NA,Donor1:healthy,3.000000,-,-,-,-,-,-,-,-,-,-,-
27,SSRSG%E,2.1e-04,1,3,2.7e-10,1.0e+00,1.0e-03,4.3e-02,1.0e-03,6.2e-03,global-SSRSG%E,CASSSRSGSEQYF,TRBV19,TRBJ2-7,NA,Donor1:healthy,1.000000,-,-,-,-,-,-,-,-,-,-,-

28,CCS,2.1e-04,1,3,5.3e-04,1.0e+00,1.8e-01,1.0e+00,4.9e-01,6.2e-03,motif-CC motif-CCS,CASSLCCSPNTGELFF,TRBV7-9,TRBJ2-2,NA,Donor1:healthy,1.000000,-,-,-,-,-,-,-,-,-,-,-
28,CCS,2.1e-04,1,3,5.3e-04,1.0e+00,1.8e-01,1.0e+00,4.9e-01,6.2e-03,motif-CC motif-CCS,CASSYCCSLNTEAFF,TRBV6-5,TRBJ1-1,NA,Donor1:healthy,1.000000,-,-,-,-,-,-,-,-,-,-,-
28,CCS,2.1e-04,1,3,5.3e-04,1.0e+00,1.8e-01,1.0e+00,4.9e-01,6.2e-03,motif-CC motif-CCS,CASSSPCCSHSYNEQFF,TRBV7-2,TRBJ2-1,NA,Donor1:healthy,1.000000,-,-,-,-,-,-,-,-,-,-,-

29,SNFD,2.1e-04,1,3,4.9e-04,1.0e+00,1.7e-01,1.0e+00,4.6e-01,6.2e-03,motif-SNFD,CASRSSSNFDEQFF,TRBV19,TRBJ2-1,NA,Donor1:healthy,1.000000,-,-,-,-,-,-,-,-,-,-,-
29,SNFD,2.1e-04,1,3,4.9e-04,1.0e+00,1.7e-01,1.0e+00,4.6e-01,6.2e-03,motif-SNFD,CASSWTSNFDGDEQFF,TRBV7-6,TRBJ2-1,NA,Donor1:healthy,1.000000,-,-,-,-,-,-,-,-,-,-,-
29,SNFD,2.1e-04,1,3,4.9e-04,1.0e+00,1.7e-01,1.0e+00,4.6e-01,6.2e-03,motif-SNFD,CASSSDSNFDAEAFF,TRBV5-4,TRBJ1-1,NA,Donor1:healthy,1.000000,-,-,-,-,-,-,-,-,-,-,-

30,PPIR,2.3e-04,1,4,1.6e-04,1.0e+00,3.8e-01,1.0e+00,1.8e-01,2.3e-03,motif-PPIR,CASSPPIRGSDQETQYF,TRBV28,TRBJ2-5,NA,Donor1:healthy,1.000000,-,-,-,-,-,-,-,-,-,-,-
30,PPIR,2.3e-04,1,4,1.6e-04,1.0e+00,3.8e-01,1.0e+00,1.8e-01,2.3e-03,motif-PPIR,CASSVPPIRVSPSGANVLTF,TRBV11-2,TRBJ2-6,NA,Donor1:healthy,1.000000,-,-,-,-,-,-,-,-,-,-,-
30,PPIR,2.3e-04,1,4,1.6e-04,1.0e+00,3.8e-01,1.0e+00,1.8e-01,2.3e-03,motif-PPIR,CASSHPPIRIGLLDEAFF,TRBV4-1,TRBJ1-1,NA,Donor1:healthy,1.000000,-,-,-,-,-,-,-,-,-,-,-
30,PPIR,2.3e-04,1,4,1.6e-04,1.0e+00,3.8e-01,1.0e+00,1.8e-01,2.3e-03,motif-PPIR,CASSYPPIRDRAGETQYF,TRBV6-6,TRBJ2-5,NA,Donor1:healthy,1.000000,-,-,-,-,-,-,-,-,-,-,-

31,SLG%E,2.7e-04,1,12,6.5e-08,1.0e+00,4.3e-01,1.0e+00,1.0e-03,1.5e-04,global-SLG%E,CASSLGQEAFF,TRBV5-1,TRBJ1-1,NA,Donor1:healthy,1.000000,-,-,-,-,-,-,-,-,-,-,-
31,SLG%E,2.7e-04,1,12,6.5e-08,1.0e+00,4.3e-01,1.0e+00,1.0e-03,1.5e-04,global-SLG%E,CASSLGGEQFF,TRBV7-2,TRBJ2-1,NA,Donor1:healthy,1.000000,-,-,-,-,-,-,-,-,-,-,-
31,SLG%E,2.7e-04,1,12,6.5e-08,1.0e+00,4.3e-01,1.0e+00,1.0e-03,1.5e-04,global-SLG%E,CASSLGGEQFF,TRBV7-9,TRBJ2-1,NA,Donor1:healthy,1.000000,-,-,-,-,-,-,-,-,-,-,-
31,SLG%E,2.7e-04,1,12,6.5e-08,1.0e+00,4.3e-01,1.0e+00,1.0e-03,1.5e-04,global-SLG%E,CASSLGDEQYF,TRBV7-2,TRBJ2-7,NA,Donor1:healthy,1.000000,-,-,-,-,-,-,-,-,-,-,-
31,SLG%E,2.7e-04,1,12,6.5e-08,1.0e+00,4.3e-01,1.0e+00,1.0e-03,1.5e-04,global-SLG%E,CASSLGHEQYF,TRBV11-2,TRBJ2-7,NA,Donor1:healthy,1.000000,-,-,-,-,-,-,-,-,-,-,-
31,SLG%E,2.7e-04,1,12,6.5e-08,1.0e+00,4.3e-01,1.0e+00,1.0e-03,1.5e-04,global-SLG%E,CASSLGNEQFF,TRBV27,TRBJ2-1,NA,Donor1:healthy,1.000000,-,-,-,-,-,-,-,-,-,-,-
31,SLG%E,2.7e-04,1,12,6.5e-08,1.0e+00,4.3e-01,1.0e+00,1.0e-03,1.5e-04,global-SLG%E,CASSLGNEQFF,TRBV9,TRBJ2-1,NA,Donor1:healthy,1.000000,-,-,-,-,-,-,-,-,-,-,-
31,SLG%E,2.7e-04,1,12,6.5e-08,1.0e+00,4.3e-01,1.0e+00,1.0e-03,1.5e-04,global-SLG%E,CASSLGNEQYF,TRBV11-2,TRBJ2-7,NA,Donor1:healthy,1.000000,-,-,-,-,-,-,-,-,-,-,-
31,SLG%E,2.7e-04,1,12,6.5e-08,1.0e+00,4.3e-01,1.0e+00,1.0e-03,1.5e-04,global-SLG%E,CASSLGGEKTF,TRBV7-9,TRBJ1-2,NA,Donor1:healthy,1.000000,-,-,-,-,-,-,-,-,-,-,-
31,SLG%E,2.7e-04,1,12,6.5e-08,1.0e+00,4.3e-01,1.0e+00,1.0e-03,1.5e-04,global-SLG%E,CASSLGAEQFF,TRBV5-5,TRBJ2-1,NA,Donor1:healthy,1.000000,-,-,-,-,-,-,-,-,-,-,-
31,SLG%E,2.7e-04,1,12,6.5e-08,1.0e+00,4.3e-01,1.0e+00,1.0e-03,1.5e-04,global-SLG%E,CASSLGGEQYF,TRBV7-9,TRBJ2-7,NA,Donor1:healthy,1.000000,-,-,-,-,-,-,-,-,-,-,-
31,SLG%E,2.7e-04,1,12,6.5e-08,1.0e+00,4.3e-01,1.0e+00,1.0e-03,1.5e-04,global-SLG%E,CASSLGAEQYF,TRBV7-9,TRBJ2-7,NA,Donor1:healthy,1.000000,-,-,-,-,-,-,-,-,-,-,-
31,SLG%E,2.7e-04,1,12,6.5e-08,1.0e+00,4.3e-01,1.0e+00,1.0e-03,1.5e-04,global-SLG%E,CASSLGTEAFF,TRBV10-2,TRBJ1-1,NA,Donor1:healthy,1.000000,-,-,-,-,-,-,-,-,-,-,-
31,SLG%E,2.7e-04,1,12,6.5e-08,1.0e+00,4.3e-01,1.0e+00,1.0e-03,1.5e-04,global-SLG%E,CASSLGTEAFF,TRBV5-4,TRBJ1-1,NA,Donor1:healthy,1.000000,-,-,-,-,-,-,-,-,-,-,-
31,SLG%E,2.7e-04,1,12,6.5e-08,1.0e+00,4.3e-01,1.0e+00,1.0e-03,1.5e-04,global-SLG%E,CASSLGTEAFF,TRBV7-2,TRBJ1-1,NA,Donor1:healthy,1.000000,-,-,-,-,-,-,-,-,-,-,-
31,SLG%E,2.7e-04,1,12,6.5e-08,1.0e+00,4.3e-01,1.0e+00,1.0e-03,1.5e-04,global-SLG%E,CASSLGTEAFF,TRBV9,TRBJ1-1,NA,Donor1:healthy,1.000000,-,-,-,-,-,-,-,-,-,-,-
31,SLG%E,2.7e-04,1,12,6.5e-08,1.0e+00,4.3e-01,1.0e+00,1.0e-03,1.5e-04,global-SLG%E,CASSLGGELFF,TRBV7-3,TRBJ2-2,NA,Donor1:healthy,1.000000,-,-,-,-,-,-,-,-,-,-,-
31,SLG%E,2.7e-04,1,12,6.5e-08,1.0e+00,4.3e-01,1.0e+00,1.0e-03,1.5e-04,global-SLG%E,CASSLGGELFF,TRBV7-8,TRBJ2-2,NA,Donor1:healthy,1.000000,-,-,-,-,-,-,-,-,-,-,-

32,SMG%YG,5.2e-04,1,3,1.1e-10,1.0e+00,1.0e-03,1.7e-02,1.0e-03,6.2e-03,global-SMG%YG,CASSMGSYGYTF,TRBV19,TRBJ1-2,NA,Donor1:healthy,6.000000,-,-,-,-,-,-,-,-,-,-,-
32,SMG%YG,5.2e-04,1,3,1.1e-10,1.0e+00,1.0e-03,1.7e-02,1.0e-03,6.2e-03,global-SMG%YG,CASSMGVYGYTF,TRBV19,TRBJ1-2,NA,Donor1:healthy,2.000000,-,-,-,-,-,-,-,-,-,-,-
32,SMG%YG,5.2e-04,1,3,1.1e-10,1.0e+00,1.0e-03,1.7e-02,1.0e-03,6.2e-03,global-SMG%YG,CASSMGAYGYTF,TRBV19,TRBJ1-2,NA,Donor1:healthy,8.000000,-,-,-,-,-,-,-,-,-,-,-

33,SIR%AYE,5.2e-04,1,3,1.2e-11,1.0e+00,1.0e-03,2.0e-03,1.0e-03,6.2e-03,global-SIR%AYE,CASSIRSAYEQYF,TRBV19,TRBJ2-7,NA,Donor1:healthy,172.000000,-,-,-,-,-,-,-,-,-,-,-
33,SIR%AYE,5.2e-04,1,3,1.2e-11,1.0e+00,1.0e-03,2.0e-03,1.0e-03,6.2e-03,global-SIR%AYE,CASSIRGAYEQYF,TRBV19,TRBJ2-7,NA,Donor1:healthy,7.000000,-,-,-,-,-,-,-,-,-,-,-
33,SIR%AYE,5.2e-04,1,3,1.2e-11,1.0e+00,1.0e-03,2.0e-03,1.0e-03,6.2e-03,global-SIR%AYE,CASSIRAAYEQYF,TRBV19,TRBJ2-7,NA,Donor1:healthy,3.000000,-,-,-,-,-,-,-,-,-,-,-

34,SVA%NQP,5.2e-04,1,3,1.1e-10,1.0e+00,1.0e-03,1.7e-02,1.0e-03,6.2e-03,global-SVA%NQP,CASSVAGNQPQHF,TRBV9,TRBJ1-5,NA,Donor1:healthy,1.000000,-,-,-,-,-,-,-,-,-,-,-
34,SVA%NQP,5.2e-04,1,3,1.1e-10,1.0e+00,1.0e-03,1.7e-02,1.0e-03,6.2e-03,global-SVA%NQP,CASSVASNQPQHF,TRBV9,TRBJ1-5,NA,Donor1:healthy,15.000000,-,-,-,-,-,-,-,-,-,-,-
34,SVA%NQP,5.2e-04,1,3,1.1e-10,1.0e+00,1.0e-03,1.7e-02,1.0e-03,6.2e-03,global-SVA%NQP,CASSVADNQPQHF,TRBV9,TRBJ1-5,NA,Donor1:healthy,2.000000,-,-,-,-,-,-,-,-,-,-,-

35,VAVM,5.2e-04,1,3,2.9e-04,1.0e+00,1.7e-01,1.0e+00,2.7e-01,6.2e-03,motif-VAVM,CASEQVAVMNTGELFF,TRBV2,TRBJ2-2,NA,Donor1:healthy,1.000000,-,-,-,-,-,-,-,-,-,-,-
35,VAVM,5.2e-04,1,3,2.9e-04,1.0e+00,1.7e-01,1.0e+00,2.7e-01,6.2e-03,motif-VAVM,CASSVAVMGVNEQFF,TRBV9,TRBJ2-1,NA,Donor1:healthy,1.000000,-,-,-,-,-,-,-,-,-,-,-
35,VAVM,5.2e-04,1,3,2.9e-04,1.0e+00,1.7e-01,1.0e+00,2.7e-01,6.2e-03,motif-VAVM,CASSFVAVMNTEAFF,TRBV12-4,TRBJ1-1,NA,Donor1:healthy,1.000000,-,-,-,-,-,-,-,-,-,-,-

36,FHGG,5.6e-04,1,4,1.4e-05,1.0e+00,4.9e-02,1.7e-01,7.2e-01,2.3e-03,motif-FHGG,CASSFHGGREEKLFF,TRBV27,TRBJ1-4,NA,Donor1:healthy,1.000000,-,-,-,-,-,-,-,-,-,-,-
36,FHGG,5.6e-04,1,4,1.4e-05,1.0e+00,4.9e-02,1.7e-01,7.2e-01,2.3e-03,motif-FHGG,CASSGFHGGELFF,TRBV6-1,TRBJ2-2,NA,Donor1:healthy,1.000000,-,-,-,-,-,-,-,-,-,-,-
36,FHGG,5.6e-04,1,4,1.4e-05,1.0e+00,4.9e-02,1.7e-01,7.2e-01,2.3e-03,motif-FHGG,CASSFHGGELFF,TRBV27,TRBJ2-2,NA,Donor1:healthy,2.000000,-,-,-,-,-,-,-,-,-,-,-
36,FHGG,5.6e-04,1,4,1.4e-05,1.0e+00,4.9e-02,1.7e-01,7.2e-01,2.3e-03,motif-FHGG,CASSFHGGGGPDGEQYF,TRBV7-2,TRBJ2-7,NA,Donor1:healthy,1.000000,-,-,-,-,-,-,-,-,-,-,-

37,S%GAYG,6.8e-04,1,6,4.9e-12,1.0e+00,1.0e-03,4.0e-03,1.0e-03,1.2e-03,global-S%GAYG,CASSQGAYGYTF,TRBV19,TRBJ1-2,NA,Donor1:healthy,115.000000,-,-,-,-,-,-,-,-,-,-,-
37,S%GAYG,6.8e-04,1,6,4.9e-12,1.0e+00,1.0e-03,4.0e-03,1.0e-03,1.2e-03,global-S%GAYG,CASSFGAYGYTF,TRBV5-4,TRBJ1-2,NA,Donor1:healthy,1.000000,-,-,-,-,-,-,-,-,-,-,-
37,S%GAYG,6.8e-04,1,6,4.9e-12,1.0e+00,1.0e-03,4.0e-03,1.0e-03,1.2e-03,global-S%GAYG,CASSIGAYGYTF,TRBV19,TRBJ1-2,NA,Donor1:healthy,16.000000,-,-,-,-,-,-,-,-,-,-,-
37,S%GAYG,6.8e-04,1,6,4.9e-12,1.0e+00,1.0e-03,4.0e-03,1.0e-03,1.2e-03,global-S%GAYG,CASSWGAYGYTF,TRBV19,TRBJ1-2,NA,Donor1:healthy,64.000000,-,-,-,-,-,-,-,-,-,-,-
37,S%GAYG,6.8e-04,1,6,4.9e-12,1.0e+00,1.0e-03,4.0e-03,1.0e-03,1.2e-03,global-S%GAYG,CASSMGAYGYTF,TRBV19,TRBJ1-2,NA,Donor1:healthy,8.000000,-,-,-,-,-,-,-,-,-,-,-
37,S%GAYG,6.8e-04,1,6,4.9e-12,1.0e+00,1.0e-03,4.0e-03,1.0e-03,1.2e-03,global-S%GAYG,CATSQGAYGYTF,TRBV19,TRBJ1-2,NA,Donor1:healthy,5.000000,-,-,-,-,-,-,-,-,-,-,-

38,SLGQ%E,7.7e-04,1,5,1.5e-07,1.0e+00,1.0e-01,1.0e+00,1.0e-03,1.5e-03,global-SLGQ%E,CASSLGQGEQYF,TRBV7-9,TRBJ2-7,NA,Donor1:healthy,1.000000,-,-,-,-,-,-,-,-,-,-,-
38,SLGQ%E,7.7e-04,1,5,1.5e-07,1.0e+00,1.0e-01,1.0e+00,1.0e-03,1.5e-03,global-SLGQ%E,CASSLGQTEAFF,TRBV12-4,TRBJ1-1,NA,Donor1:healthy,1.000000,-,-,-,-,-,-,-,-,-,-,-
38,SLGQ%E,7.7e-04,1,5,1.5e-07,1.0e+00,1.0e-01,1.0e+00,1.0e-03,1.5e-03,global-SLGQ%E,CASSLGQNEQFF,TRBV11-2,TRBJ2-1,NA,Donor1:healthy,1.000000,-,-,-,-,-,-,-,-,-,-,-
38,SLGQ%E,7.7e-04,1,5,1.5e-07,1.0e+00,1.0e-01,1.0e+00,1.0e-03,1.5e-03,global-SLGQ%E,CASSLGQREQFF,TRBV7-9,TRBJ2-1,NA,Donor1:healthy,1.000000,-,-,-,-,-,-,-,-,-,-,-
38,SLGQ%E,7.7e-04,1,5,1.5e-07,1.0e+00,1.0e-01,1.0e+00,1.0e-03,1.5e-03,global-SLGQ%E,CASSLGQGEQFF,TRBV3-1,TRBJ2-1,NA,Donor1:healthy,1.000000,-,-,-,-,-,-,-,-,-,-,-

39,SI%SNQP,8.1e-04,1,4,1.9e-10,1.0e+00,1.0e-03,8.1e-02,1.0e-03,2.3e-03,global-SI%SNQP,CASSIYSNQPQHF,TRBV19,TRBJ1-5,NA,Donor1:healthy,4.000000,-,-,-,-,-,-,-,-,-,-,-
39,SI%SNQP,8.1e-04,1,4,1.9e-10,1.0e+00,1.0e-03,8.1e-02,1.0e-03,2.3e-03,global-SI%SNQP,CASSIRSNQPQHF,TRBV19,TRBJ1-5,NA,Donor1:healthy,2.000000,-,-,-,-,-,-,-,-,-,-,-
39,SI%SNQP,8.1e-04,1,4,1.9e-10,1.0e+00,1.0e-03,8.1e-02,1.0e-03,2.3e-03,global-SI%SNQP,CASSIHSNQPQHF,TRBV19,TRBJ1-5,NA,Donor1:healthy,1.000000,-,-,-,-,-,-,-,-,-,-,-
39,SI%SNQP,8.1e-04,1,4,1.9e-10,1.0e+00,1.0e-03,8.1e-02,1.0e-03,2.3e-03,global-SI%SNQP,CASSINSNQPQHF,TRBV19,TRBJ1-5,NA,Donor1:healthy,1.000000,-,-,-,-,-,-,-,-,-,-,-

40,IFRG,8.1e-04,1,4,1.5e-04,1.0e+00,3.5e-01,1.0e+00,1.8e-01,2.3e-03,motif-IFRG,CASSIFRGIGSPLHF,TRBV28,TRBJ1-6,NA,Donor1:healthy,1.000000,-,-,-,-,-,-,-,-,-,-,-
40,IFRG,8.1e-04,1,4,1.5e-04,1.0e+00,3.5e-01,1.0e+00,1.8e-01,2.3e-03,motif-IFRG,CASSYIFRGHLNTEAFF,TRBV5-6,TRBJ1-1,NA,Donor1:healthy,1.000000,-,-,-,-,-,-,-,-,-,-,-
40,IFRG,8.1e-04,1,4,1.5e-04,1.0e+00,3.5e-01,1.0e+00,1.8e-01,2.3e-03,motif-IFRG,CSASIFRGETGDGGYGYTF,TRBV20-1,TRBJ1-2,NA,Donor1:healthy,1.000000,-,-,-,-,-,-,-,-,-,-,-
40,IFRG,8.1e-04,1,4,1.5e-04,1.0e+00,3.5e-01,1.0e+00,1.8e-01,2.3e-03,motif-IFRG,CASSPIFRGHQPQHF,TRBV7-2,TRBJ1-5,NA,Donor1:healthy,1.000000,-,-,-,-,-,-,-,-,-,-,-

41,SL%GDE,8.4e-04,1,7,6.7e-08,1.0e+00,2.6e-01,3.0e-01,1.0e-03,8.6e-04,global-SL%GDE,CASSLGGDEQYF,TRBV7-9,TRBJ2-7,NA,Donor1:healthy,1.000000,-,-,-,-,-,-,-,-,-,-,-
41,SL%GDE,8.4e-04,1,7,6.7e-08,1.0e+00,2.6e-01,3.0e-01,1.0e-03,8.6e-04,global-SL%GDE,CASSLAGDEQYF,TRBV11-2,TRBJ2-7,NA,Donor1:healthy,1.000000,-,-,-,-,-,-,-,-,-,-,-
41,SL%GDE,8.4e-04,1,7,6.7e-08,1.0e+00,2.6e-01,3.0e-01,1.0e-03,8.6e-04,global-SL%GDE,CASSLLGDEQFF,TRBV5-6,TRBJ2-1,NA,Donor1:healthy,1.000000,-,-,-,-,-,-,-,-,-,-,-
41,SL%GDE,8.4e-04,1,7,6.7e-08,1.0e+00,2.6e-01,3.0e-01,1.0e-03,8.6e-04,global-SL%GDE,CASSLLGDEQYF,TRBV27,TRBJ2-7,NA,Donor1:healthy,1.000000,-,-,-,-,-,-,-,-,-,-,-
41,SL%GDE,8.4e-04,1,7,6.7e-08,1.0e+00,2.6e-01,3.0e-01,1.0e-03,8.6e-04,global-SL%GDE,CASSLTGDEQYF,TRBV7-9,TRBJ2-7,NA,Donor1:healthy,1.000000,-,-,-,-,-,-,-,-,-,-,-
41,SL%GDE,8.4e-04,1,7,6.7e-08,1.0e+00,2.6e-01,3.0e-01,1.0e-03,8.6e-04,global-SL%GDE,CASSLVGDEQFF,TRBV7-9,TRBJ2-1,NA,Donor1:healthy,1.000000,-,-,-,-,-,-,-,-,-,-,-
41,SL%GDE,8.4e-04,1,7,6.7e-08,1.0e+00,2.6e-01,3.0e-01,1.0e-03,8.6e-04,global-SL%GDE,CASSLGGDEQFF,TRBV5-4,TRBJ2-1,NA,Donor1:healthy,2.000000,-,-,-,-,-,-,-,-,-,-,-

42,SLG%SYE,9.7e-04,1,7,3.5e-08,1.0e+00,8.7e-02,4.7e-01,1.0e-03,8.6e-04,global-SLG%SYE,CASSLGGSYEQYF,TRBV11-2,TRBJ2-7,NA,Donor1:healthy,2.000000,-,-,-,-,-,-,-,-,-,-,-
42,SLG%SYE,9.7e-04,1,7,3.5e-08,1.0e+00,8.7e-02,4.7e-01,1.0e-03,8.6e-04,global-SLG%SYE,CASSLGGSYEQYF,TRBV5-6,TRBJ2-7,NA,Donor1:healthy,1.000000,-,-,-,-,-,-,-,-,-,-,-
42,SLG%SYE,9.7e-04,1,7,3.5e-08,1.0e+00,8.7e-02,4.7e-01,1.0e-03,8.6e-04,global-SLG%SYE,CASSLGNSYEQYF,TRBV7-6,TRBJ2-7,NA,Donor1:healthy,1.000000,-,-,-,-,-,-,-,-,-,-,-
42,SLG%SYE,9.7e-04,1,7,3.5e-08,1.0e+00,8.7e-02,4.7e-01,1.0e-03,8.6e-04,global-SLG%SYE,CASSLGSSYEQYF,TRBV11-2,TRBJ2-7,NA,Donor1:healthy,1.000000,-,-,-,-,-,-,-,-,-,-,-
42,SLG%SYE,9.7e-04,1,7,3.5e-08,1.0e+00,8.7e-02,4.7e-01,1.0e-03,8.6e-04,global-SLG%SYE,CASSLGSSYEQYF,TRBV12-3,TRBJ2-7,NA,Donor1:healthy,1.000000,-,-,-,-,-,-,-,-,-,-,-
42,SLG%SYE,9.7e-04,1,7,3.5e-08,1.0e+00,8.7e-02,4.7e-01,1.0e-03,8.6e-04,global-SLG%SYE,CASSLGSSYEQYF,TRBV27,TRBJ2-7,NA,Donor1:healthy,1.000000,-,-,-,-,-,-,-,-,-,-,-
42,SLG%SYE,9.7e-04,1,7,3.5e-08,1.0e+00,8.7e-02,4.7e-01,1.0e-03,8.6e-04,global-SLG%SYE,CASSLGSSYEQYF,TRBV7-2,TRBJ2-7,NA,Donor1:healthy,1.000000,-,-,-,-,-,-,-,-,-,-,-
42,SLG%SYE,9.7e-04,1,7,3.5e-08,1.0e+00,8.7e-02,4.7e-01,1.0e-03,8.6e-04,global-SLG%SYE,CASSLGSSYEQYF,TRBV7-9,TRBJ2-7,NA,Donor1:healthy,1.000000,-,-,-,-,-,-,-,-,-,-,-
42,SLG%SYE,9.7e-04,1,7,3.5e-08,1.0e+00,8.7e-02,4.7e-01,1.0e-03,8.6e-04,global-SLG%SYE,CASSLGHSYEQYF,TRBV11-1,TRBJ2-7,NA,Donor1:healthy,1.000000,-,-,-,-,-,-,-,-,-,-,-
42,SLG%SYE,9.7e-04,1,7,3.5e-08,1.0e+00,8.7e-02,4.7e-01,1.0e-03,8.6e-04,global-SLG%SYE,CASSLGQSYEQYF,TRBV12-3,TRBJ2-7,NA,Donor1:healthy,1.000000,-,-,-,-,-,-,-,-,-,-,-
42,SLG%SYE,9.7e-04,1,7,3.5e-08,1.0e+00,8.7e-02,4.7e-01,1.0e-03,8.6e-04,global-SLG%SYE,CASSLGQSYEQYF,TRBV5-6,TRBJ2-7,NA,Donor1:healthy,1.000000,-,-,-,-,-,-,-,-,-,-,-
42,SLG%SYE,9.7e-04,1,7,3.5e-08,1.0e+00,8.7e-02,4.7e-01,1.0e-03,8.6e-04,global-SLG%SYE,CASSLGVSYEQYF,TRBV5-6,TRBJ2-7,NA,Donor1:healthy,1.000000,-,-,-,-,-,-,-,-,-,-,-
42,SLG%SYE,9.7e-04,1,7,3.5e-08,1.0e+00,8.7e-02,4.7e-01,1.0e-03,8.6e-04,global-SLG%SYE,CASSLGASYEQYF,TRBV11-2,TRBJ2-7,NA,Donor1:healthy,1.000000,-,-,-,-,-,-,-,-,-,-,-
42,SLG%SYE,9.7e-04,1,7,3.5e-08,1.0e+00,8.7e-02,4.7e-01,1.0e-03,8.6e-04,global-SLG%SYE,CASSLGASYEQYF,TRBV27,TRBJ2-7,NA,Donor1:healthy,1.000000,-,-,-,-,-,-,-,-,-,-,-

43,SS%DT,9.8e-04,1,5,5.1e-08,1.0e+00,7.7e-01,4.5e-02,1.0e-03,1.5e-03,global-SS%DT,CASSSSDTQYF,TRBV5-4,TRBJ2-3,NA,Donor1:healthy,1.000000,-,-,-,-,-,-,-,-,-,-,-
43,SS%DT,9.8e-04,1,5,5.1e-08,1.0e+00,7.7e-01,4.5e-02,1.0e-03,1.5e-03,global-SS%DT,CAISSTDTQYF,TRBV28,TRBJ2-3,NA,Donor1:healthy,1.000000,-,-,-,-,-,-,-,-,-,-,-
43,SS%DT,9.8e-04,1,5,5.1e-08,1.0e+00,7.7e-01,4.5e-02,1.0e-03,1.5e-03,global-SS%DT,CSFSSTDTQYF,TRBV20-1,TRBJ2-3,NA,Donor1:healthy,1.000000,-,-,-,-,-,-,-,-,-,-,-
43,SS%DT,9.8e-04,1,5,5.1e-08,1.0e+00,7.7e-01,4.5e-02,1.0e-03,1.5e-03,global-SS%DT,CASSSADTQYF,TRBV4-1,TRBJ2-3,NA,Donor1:healthy,1.000000,-,-,-,-,-,-,-,-,-,-,-
43,SS%DT,9.8e-04,1,5,5.1e-08,1.0e+00,7.7e-01,4.5e-02,1.0e-03,1.5e-03,global-SS%DT,CASSSTDTQYF,TRBV27,TRBJ2-3,NA,Donor1:healthy,2.000000,-,-,-,-,-,-,-,-,-,-,-
43,SS%DT,9.8e-04,1,5,5.1e-08,1.0e+00,7.7e-01,4.5e-02,1.0e-03,1.5e-03,global-SS%DT,CASSSTDTQYF,TRBV5-6,TRBJ2-3,NA,Donor1:healthy,16.000000,-,-,-,-,-,-,-,-,-,-,-
43,SS%DT,9.8e-04,1,5,5.1e-08,1.0e+00,7.7e-01,4.5e-02,1.0e-03,1.5e-03,global-SS%DT,CASSSTDTQYF,TRBV9,TRBJ2-3,NA,Donor1:healthy,1.000000,-,-,-,-,-,-,-,-,-,-,-

44,RGQ%ET,1.0e-03,1,3,1.1e-06,1.0e+00,1.9e-01,1.0e+00,1.0e-03,6.2e-03,global-RGQ%ET,CASRGQRETQYF,TRBV12-4,TRBJ2-5,NA,Donor1:healthy,1.000000,-,-,-,-,-,-,-,-,-,-,-
44,RGQ%ET,1.0e-03,1,3,1.1e-06,1.0e+00,1.9e-01,1.0e+00,1.0e-03,6.2e-03,global-RGQ%ET,CASRGQQETQYF,TRBV11-1,TRBJ2-5,NA,Donor1:healthy,1.000000,-,-,-,-,-,-,-,-,-,-,-
44,RGQ%ET,1.0e-03,1,3,1.1e-06,1.0e+00,1.9e-01,1.0e+00,1.0e-03,6.2e-03,global-RGQ%ET,CASRGQEETQYF,TRBV6-5,TRBJ2-5,NA,Donor1:healthy,1.000000,-,-,-,-,-,-,-,-,-,-,-

45,SLPT%E,1.0e-03,1,3,1.2e-06,1.0e+00,1.9e-01,1.0e+00,1.0e-03,6.2e-03,global-SLPT%E,CATSLPTGELFF,TRBV5-6,TRBJ2-2,NA,Donor1:healthy,1.000000,-,-,-,-,-,-,-,-,-,-,-
45,SLPT%E,1.0e-03,1,3,1.2e-06,1.0e+00,1.9e-01,1.0e+00,1.0e-03,6.2e-03,global-SLPT%E,CASSLPTNEQFF,TRBV7-3,TRBJ2-1,NA,Donor1:healthy,1.000000,-,-,-,-,-,-,-,-,-,-,-
45,SLPT%E,1.0e-03,1,3,1.2e-06,1.0e+00,1.9e-01,1.0e+00,1.0e-03,6.2e-03,global-SLPT%E,CASSLPTGEQFF,TRBV5-4,TRBJ2-1,NA,Donor1:healthy,1.000000,-,-,-,-,-,-,-,-,-,-,-

46,%PGLAGE,1.0e-03,1,3,3.7e-08,1.0e+00,6.0e-03,1.0e+00,1.0e-03,6.2e-03,global-%PGLAGE,CASSPGLAGELFF,TRBV12-4,TRBJ2-2,NA,Donor1:healthy,1.000000,-,-,-,-,-,-,-,-,-,-,-
46,%PGLAGE,1.0e-03,1,3,3.7e-08,1.0e+00,6.0e-03,1.0e+00,1.0e-03,6.2e-03,global-%PGLAGE,CATTPGLAGEQYF,TRBV11-2,TRBJ2-7,NA,Donor1:healthy,1.000000,-,-,-,-,-,-,-,-,-,-,-
46,%PGLAGE,1.0e-03,1,3,3.7e-08,1.0e+00,6.0e-03,1.0e+00,1.0e-03,6.2e-03,global-%PGLAGE,CASSPGLAGEQYF,TRBV12-4,TRBJ2-7,NA,Donor1:healthy,1.000000,-,-,-,-,-,-,-,-,-,-,-

47,SVG%SGYE,1.0e-03,1,3,6.4e-07,1.0e+00,1.0e-01,1.0e+00,1.0e-03,6.2e-03,global-SVG%SGYE,CASSVGGSGYEQYF,TRBV9,TRBJ2-7,NA,Donor1:healthy,1.000000,-,-,-,-,-,-,-,-,-,-,-
47,SVG%SGYE,1.0e-03,1,3,6.4e-07,1.0e+00,1.0e-01,1.0e+00,1.0e-03,6.2e-03,global-SVG%SGYE,CASSVGTSGYEQYF,TRBV9,TRBJ2-7,NA,Donor1:healthy,1.000000,-,-,-,-,-,-,-,-,-,-,-
47,SVG%SGYE,1.0e-03,1,3,6.4e-07,1.0e+00,1.0e-01,1.0e+00,1.0e-03,6.2e-03,global-SVG%SGYE,CAGSVGASGYEQYF,TRBV2,TRBJ2-7,NA,Donor1:healthy,1.000000,-,-,-,-,-,-,-,-,-,-,-

48,SVGTS%YE,1.0e-03,1,3,6.2e-09,1.0e+00,1.0e-03,1.0e+00,1.0e-03,6.2e-03,global-SVGTS%YE,CASSVGTSSYEQYF,TRBV9,TRBJ2-7,NA,Donor1:healthy,1.000000,-,-,-,-,-,-,-,-,-,-,-
48,SVGTS%YE,1.0e-03,1,3,6.2e-09,1.0e+00,1.0e-03,1.0e+00,1.0e-03,6.2e-03,global-SVGTS%YE,CASSVGTSTYEQYF,TRBV9,TRBJ2-7,NA,Donor1:healthy,1.000000,-,-,-,-,-,-,-,-,-,-,-
48,SVGTS%YE,1.0e-03,1,3,6.2e-09,1.0e+00,1.0e-03,1.0e+00,1.0e-03,6.2e-03,global-SVGTS%YE,CASSVGTSGYEQYF,TRBV9,TRBJ2-7,NA,Donor1:healthy,1.000000,-,-,-,-,-,-,-,-,-,-,-

49,S%GTDT,1.1e-03,1,8,6.5e-07,1.0e+00,7.9e-01,1.0e+00,1.0e-03,8.3e-04,global-S%GTDT,CASSYGTDTQYF,TRBV7-9,TRBJ2-3,NA,Donor1:healthy,1.000000,-,-,-,-,-,-,-,-,-,-,-
49,S%GTDT,1.1e-03,1,8,6.5e-07,1.0e+00,7.9e-01,1.0e+00,1.0e-03,8.3e-04,global-S%GTDT,CASSFGTDTQYF,TRBV28,TRBJ2-3,NA,Donor1:healthy,1.000000,-,-,-,-,-,-,-,-,-,-,-
49,S%GTDT,1.1e-03,1,8,6.5e-07,1.0e+00,7.9e-01,1.0e+00,1.0e-03,8.3e-04,global-S%GTDT,CASSFGTDTQYF,TRBV7-3,TRBJ2-3,NA,Donor1:healthy,1.000000,-,-,-,-,-,-,-,-,-,-,-
49,S%GTDT,1.1e-03,1,8,6.5e-07,1.0e+00,7.9e-01,1.0e+00,1.0e-03,8.3e-04,global-S%GTDT,CASSGGTDTQYF,TRBV4-3,TRBJ2-3,NA,Donor1:healthy,1.000000,-,-,-,-,-,-,-,-,-,-,-
49,S%GTDT,1.1e-03,1,8,6.5e-07,1.0e+00,7.9e-01,1.0e+00,1.0e-03,8.3e-04,global-S%GTDT,CASSIGTDTQYF,TRBV19,TRBJ2-3,NA,Donor1:healthy,1.000000,-,-,-,-,-,-,-,-,-,-,-
49,S%GTDT,1.1e-03,1,8,6.5e-07,1.0e+00,7.9e-01,1.0e+00,1.0e-03,8.3e-04,global-S%GTDT,CASSLGTDTQYF,TRBV27,TRBJ2-3,NA,Donor1:healthy,1.000000,-,-,-,-,-,-,-,-,-,-,-
49,S%GTDT,1.1e-03,1,8,6.5e-07,1.0e+00,7.9e-01,1.0e+00,1.0e-03,8.3e-04,global-S%GTDT,CASSLGTDTQYF,TRBV5-6,TRBJ2-3,NA,Donor1:healthy,1.000000,-,-,-,-,-,-,-,-,-,-,-
49,S%GTDT,1.1e-03,1,8,6.5e-07,1.0e+00,7.9e-01,1.0e+00,1.0e-03,8.3e-04,global-S%GTDT,CATSEGTDTQYF,TRBV24-1,TRBJ2-3,NA,Donor1:healthy,1.000000,-,-,-,-,-,-,-,-,-,-,-
49,S%GTDT,1.1e-03,1,8,6.5e-07,1.0e+00,7.9e-01,1.0e+00,1.0e-03,8.3e-04,global-S%GTDT,CASSSGTDTQYF,TRBV4-1,TRBJ2-3,NA,Donor1:healthy,1.000000,-,-,-,-,-,-,-,-,-,-,-
49,S%GTDT,1.1e-03,1,8,6.5e-07,1.0e+00,7.9e-01,1.0e+00,1.0e-03,8.3e-04,global-S%GTDT,CASSSGTDTQYF,TRBV7-9,TRBJ2-3,NA,Donor1:healthy,1.000000,-,-,-,-,-,-,-,-,-,-,-
49,S%GTDT,1.1e-03,1,8,6.5e-07,1.0e+00,7.9e-01,1.0e+00,1.0e-03,8.3e-04,global-S%GTDT,CASSHGTDTQYF,TRBV7-9,TRBJ2-3,NA,Donor1:healthy,1.000000,-,-,-,-,-,-,-,-,-,-,-

50,SLQGG%E,1.1e-03,1,4,2.3e-08,1.0e+00,8.3e-02,1.2e-01,1.0e-03,2.3e-03,global-SLQGG%E,CASSLQGGTEAFF,TRBV12-3,TRBJ1-1,NA,Donor1:healthy,1.000000,-,-,-,-,-,-,-,-,-,-,-
50,SLQGG%E,1.1e-03,1,4,2.3e-08,1.0e+00,8.3e-02,1.2e-01,1.0e-03,2.3e-03,global-SLQGG%E,CASSLQGGNEQFF,TRBV27,TRBJ2-1,NA,Donor1:healthy,1.000000,-,-,-,-,-,-,-,-,-,-,-
50,SLQGG%E,1.1e-03,1,4,2.3e-08,1.0e+00,8.3e-02,1.2e-01,1.0e-03,2.3e-03,global-SLQGG%E,CASSLQGGNEQFF,TRBV6-5,TRBJ2-1,NA,Donor1:healthy,3.000000,-,-,-,-,-,-,-,-,-,-,-
50,SLQGG%E,1.1e-03,1,4,2.3e-08,1.0e+00,8.3e-02,1.2e-01,1.0e-03,2.3e-03,global-SLQGG%E,CASSLQGGVEQFF,TRBV5-4,TRBJ2-1,NA,Donor1:healthy,1.000000,-,-,-,-,-,-,-,-,-,-,-
50,SLQGG%E,1.1e-03,1,4,2.3e-08,1.0e+00,8.3e-02,1.2e-01,1.0e-03,2.3e-03,global-SLQGG%E,CASSLQGGGEAFF,TRBV6-5,TRBJ1-1,NA,Donor1:healthy,1.000000,-,-,-,-,-,-,-,-,-,-,-

51,SL%GYE,1.3e-03,1,7,8.3e-11,1.0e+00,1.6e-02,6.0e-03,1.0e-03,8.6e-04,global-SL%GYE,CASSLEGYEQYF,TRBV12-4,TRBJ2-7,NA,Donor1:healthy,1.000000,-,-,-,-,-,-,-,-,-,-,-
51,SL%GYE,1.3e-03,1,7,8.3e-11,1.0e+00,1.6e-02,6.0e-03,1.0e-03,8.6e-04,global-SL%GYE,CASSLVGYEQYF,TRBV5-1,TRBJ2-7,NA,Donor1:healthy,1.000000,-,-,-,-,-,-,-,-,-,-,-
51,SL%GYE,1.3e-03,1,7,8.3e-11,1.0e+00,1.6e-02,6.0e-03,1.0e-03,8.6e-04,global-SL%GYE,CASSLSGYEQYF,TRBV28,TRBJ2-7,NA,Donor1:healthy,151.000000,-,-,-,-,-,-,-,-,-,-,-
51,SL%GYE,1.3e-03,1,7,8.3e-11,1.0e+00,1.6e-02,6.0e-03,1.0e-03,8.6e-04,global-SL%GYE,CASSLSGYEQYF,TRBV7-9,TRBJ2-7,NA,Donor1:healthy,1.000000,-,-,-,-,-,-,-,-,-,-,-
51,SL%GYE,1.3e-03,1,7,8.3e-11,1.0e+00,1.6e-02,6.0e-03,1.0e-03,8.6e-04,global-SL%GYE,CASSLQGYEQFF,TRBV28,TRBJ2-1,NA,Donor1:healthy,1.000000,-,-,-,-,-,-,-,-,-,-,-
51,SL%GYE,1.3e-03,1,7,8.3e-11,1.0e+00,1.6e-02,6.0e-03,1.0e-03,8.6e-04,global-SL%GYE,CASSLQGYEQYF,TRBV12-4,TRBJ2-7,NA,Donor1:healthy,1.000000,-,-,-,-,-,-,-,-,-,-,-
51,SL%GYE,1.3e-03,1,7,8.3e-11,1.0e+00,1.6e-02,6.0e-03,1.0e-03,8.6e-04,global-SL%GYE,CASSLQGYEQYF,TRBV28,TRBJ2-7,NA,Donor1:healthy,1.000000,-,-,-,-,-,-,-,-,-,-,-
51,SL%GYE,1.3e-03,1,7,8.3e-11,1.0e+00,1.6e-02,6.0e-03,1.0e-03,8.6e-04,global-SL%GYE,CASSLQGYEQYF,TRBV7-9,TRBJ2-7,NA,Donor1:healthy,2.000000,-,-,-,-,-,-,-,-,-,-,-
51,SL%GYE,1.3e-03,1,7,8.3e-11,1.0e+00,1.6e-02,6.0e-03,1.0e-03,8.6e-04,global-SL%GYE,CASSLGGYEQYF,TRBV12-3,TRBJ2-7,NA,Donor1:healthy,1.000000,-,-,-,-,-,-,-,-,-,-,-
51,SL%GYE,1.3e-03,1,7,8.3e-11,1.0e+00,1.6e-02,6.0e-03,1.0e-03,8.6e-04,global-SL%GYE,CASSLGGYEQYF,TRBV27,TRBJ2-7,NA,Donor1:healthy,1.000000,-,-,-,-,-,-,-,-,-,-,-
51,SL%GYE,1.3e-03,1,7,8.3e-11,1.0e+00,1.6e-02,6.0e-03,1.0e-03,8.6e-04,global-SL%GYE,CASSLTGYEQYF,TRBV27,TRBJ2-7,NA,Donor1:healthy,1.000000,-,-,-,-,-,-,-,-,-,-,-

52,SL%DT,1.5e-03,1,5,4.4e-08,1.0e+00,2.6e-01,1.2e-01,1.0e-03,1.5e-03,global-SL%DT,CASSLSDTQYF,TRBV5-1,TRBJ2-3,NA,Donor1:healthy,1.000000,-,-,-,-,-,-,-,-,-,-,-
52,SL%DT,1.5e-03,1,5,4.4e-08,1.0e+00,2.6e-01,1.2e-01,1.0e-03,1.5e-03,global-SL%DT,CASSLKDTQYF,TRBV5-1,TRBJ2-3,NA,Donor1:healthy,1.000000,-,-,-,-,-,-,-,-,-,-,-
52,SL%DT,1.5e-03,1,5,4.4e-08,1.0e+00,2.6e-01,1.2e-01,1.0e-03,1.5e-03,global-SL%DT,CASSLADTQYF,TRBV7-2,TRBJ2-3,NA,Donor1:healthy,2.000000,-,-,-,-,-,-,-,-,-,-,-
52,SL%DT,1.5e-03,1,5,4.4e-08,1.0e+00,2.6e-01,1.2e-01,1.0e-03,1.5e-03,global-SL%DT,CASSLGDTQYF,TRBV5-1,TRBJ2-3,NA,Donor1:healthy,1.000000,-,-,-,-,-,-,-,-,-,-,-
52,SL%DT,1.5e-03,1,5,4.4e-08,1.0e+00,2.6e-01,1.2e-01,1.0e-03,1.5e-03,global-SL%DT,CASSLGDTQYF,TRBV6-3,TRBJ2-3,NA,Donor1:healthy,1.000000,-,-,-,-,-,-,-,-,-,-,-
52,SL%DT,1.5e-03,1,5,4.4e-08,1.0e+00,2.6e-01,1.2e-01,1.0e-03,1.5e-03,global-SL%DT,CASSLGDTQYF,TRBV7-9,TRBJ2-3,NA,Donor1:healthy,1.000000,-,-,-,-,-,-,-,-,-,-,-
52,SL%DT,1.5e-03,1,5,4.4e-08,1.0e+00,2.6e-01,1.2e-01,1.0e-03,1.5e-03,global-SL%DT,CASSLTDTQYF,TRBV2,TRBJ2-3,NA,Donor1:healthy,1.000000,-,-,-,-,-,-,-,-,-,-,-
52,SL%DT,1.5e-03,1,5,4.4e-08,1.0e+00,2.6e-01,1.2e-01,1.0e-03,1.5e-03,global-SL%DT,CASSLTDTQYF,TRBV28,TRBJ2-3,NA,Donor1:healthy,5.000000,-,-,-,-,-,-,-,-,-,-,-
52,SL%DT,1.5e-03,1,5,4.4e-08,1.0e+00,2.6e-01,1.2e-01,1.0e-03,1.5e-03,global-SL%DT,CASSLTDTQYF,TRBV5-1,TRBJ2-3,NA,Donor1:healthy,1.000000,-,-,-,-,-,-,-,-,-,-,-

53,%LDPGE,1.5e-03,1,2,2.3e-06,1.0e+00,7.8e-02,1.0e+00,1.0e-03,2.9e-02,global-%LDPGE,CASSLDPGEQYF,TRBV5-6,TRBJ2-7,NA,Donor1:healthy,1.000000,-,-,-,-,-,-,-,-,-,-,-
53,%LDPGE,1.5e-03,1,2,2.3e-06,1.0e+00,7.8e-02,1.0e+00,1.0e-03,2.9e-02,global-%LDPGE,CAGKLDPGELFF,TRBV2,TRBJ2-2,NA,Donor1:healthy,1.000000,-,-,-,-,-,-,-,-,-,-,-

54,%VPGNT,1.5e-03,1,2,1.5e-06,1.0e+00,5.2e-02,1.0e+00,1.0e-03,2.9e-02,global-%VPGNT,CAGGVPGNTIYF,TRBV12-4,TRBJ1-3,NA,Donor1:healthy,1.000000,-,-,-,-,-,-,-,-,-,-,-
54,%VPGNT,1.5e-03,1,2,1.5e-06,1.0e+00,5.2e-02,1.0e+00,1.0e-03,2.9e-02,global-%VPGNT,CASSVPGNTIYF,TRBV9,TRBJ1-3,NA,Donor1:healthy,1.000000,-,-,-,-,-,-,-,-,-,-,-

55,R%GDGE,1.5e-03,1,2,2.1e-06,1.0e+00,7.1e-02,1.0e+00,1.0e-03,2.9e-02,global-R%GDGE,CSVRGGDGELFF,TRBV29-1,TRBJ2-2,NA,Donor1:healthy,1.000000,-,-,-,-,-,-,-,-,-,-,-
55,R%GDGE,1.5e-03,1,2,2.1e-06,1.0e+00,7.1e-02,1.0e+00,1.0e-03,2.9e-02,global-R%GDGE,CSARSGDGELFF,TRBV20-1,TRBJ2-2,NA,Donor1:healthy,1.000000,-,-,-,-,-,-,-,-,-,-,-

56,S%GGGV,1.5e-03,1,2,2.0e-06,1.0e+00,6.7e-02,1.0e+00,1.0e-03,2.9e-02,global-S%GGGV,CASSFGGGVPFF,TRBV7-6,TRBJ1-1,NA,Donor1:healthy,1.000000,-,-,-,-,-,-,-,-,-,-,-
56,S%GGGV,1.5e-03,1,2,2.0e-06,1.0e+00,6.7e-02,1.0e+00,1.0e-03,2.9e-02,global-S%GGGV,CASSLGGGVLFF,TRBV12-3,TRBJ1-4,NA,Donor1:healthy,1.000000,-,-,-,-,-,-,-,-,-,-,-

57,SE%GLE,1.5e-03,1,2,2.4e-06,1.0e+00,8.3e-02,1.0e+00,1.0e-03,2.9e-02,global-SE%GLE,CAISESGLEAFF,TRBV10-3,TRBJ1-1,NA,Donor1:healthy,1.000000,-,-,-,-,-,-,-,-,-,-,-
57,SE%GLE,1.5e-03,1,2,2.4e-06,1.0e+00,8.3e-02,1.0e+00,1.0e-03,2.9e-02,global-SE%GLE,CASSETGLEAFF,TRBV18,TRBJ1-1,NA,Donor1:healthy,1.000000,-,-,-,-,-,-,-,-,-,-,-

58,KE%NQP,1.5e-03,1,2,1.2e-09,1.0e+00,1.0e-03,4.0e-02,1.0e-03,2.9e-02,global-KE%NQP,CASKESNQPQHF,TRBV19,TRBJ1-5,NA,Donor1:healthy,1.000000,-,-,-,-,-,-,-,-,-,-,-
58,KE%NQP,1.5e-03,1,2,1.2e-09,1.0e+00,1.0e-03,4.0e-02,1.0e-03,2.9e-02,global-KE%NQP,CASKEGNQPQHF,TRBV19,TRBJ1-5,NA,Donor1:healthy,6.000000,-,-,-,-,-,-,-,-,-,-,-

59,KE%NNE,1.5e-03,1,2,1.6e-07,1.0e+00,5.9e-02,9.5e-02,1.0e-03,2.9e-02,global-KE%NNE,CSPKEGNNEQFF,TRBV20-1,TRBJ2-1,NA,Donor1:healthy,2.000000,-,-,-,-,-,-,-,-,-,-,-
59,KE%NNE,1.5e-03,1,2,1.6e-07,1.0e+00,5.9e-02,9.5e-02,1.0e-03,2.9e-02,global-KE%NNE,CAIKEANNEQFF,TRBV10-3,TRBJ2-1,NA,Donor1:healthy,1.000000,-,-,-,-,-,-,-,-,-,-,-

60,SAGG%G,1.5e-03,1,2,1.5e-07,1.0e+00,5.4e-02,9.7e-02,1.0e-03,2.9e-02,global-SAGG%G,CASSAGGNGYTF,TRBV9,TRBJ1-2,NA,Donor1:healthy,2.000000,-,-,-,-,-,-,-,-,-,-,-
60,SAGG%G,1.5e-03,1,2,1.5e-07,1.0e+00,5.4e-02,9.7e-02,1.0e-03,2.9e-02,global-SAGG%G,CASSAGGGGQYF,TRBV27,TRBJ2-3,NA,Donor1:healthy,1.000000,-,-,-,-,-,-,-,-,-,-,-

61,SIGV%G,1.5e-03,1,2,2.0e-10,1.0e+00,1.0e-03,7.0e-03,1.0e-03,2.9e-02,global-SIGV%G,CASSIGVHGYTF,TRBV19,TRBJ1-2,NA,Donor1:healthy,3.000000,-,-,-,-,-,-,-,-,-,-,-
61,SIGV%G,1.5e-03,1,2,2.0e-10,1.0e+00,1.0e-03,7.0e-03,1.0e-03,2.9e-02,global-SIGV%G,CASSIGVYGYTF,TRBV19,TRBJ1-2,NA,Donor1:healthy,44.000000,-,-,-,-,-,-,-,-,-,-,-

62,SLER%T,1.5e-03,1,2,1.9e-06,1.0e+00,6.4e-02,1.0e+00,1.0e-03,2.9e-02,global-SLER%T,CASSLERNTIYF,TRBV5-6,TRBJ1-3,NA,Donor1:healthy,1.000000,-,-,-,-,-,-,-,-,-,-,-
62,SLER%T,1.5e-03,1,2,1.9e-06,1.0e+00,6.4e-02,1.0e+00,1.0e-03,2.9e-02,global-SLER%T,CASSLERQTQYF,TRBV7-2,TRBJ2-5,NA,Donor1:healthy,1.000000,-,-,-,-,-,-,-,-,-,-,-

63,%PGGGPE,1.5e-03,1,2,1.9e-06,1.0e+00,6.5e-02,1.0e+00,1.0e-03,2.9e-02,global-%PGGGPE,CASAPGGGPEAFF,TRBV12-5,TRBJ1-1,NA,Donor1:healthy,1.000000,-,-,-,-,-,-,-,-,-,-,-
63,%PGGGPE,1.5e-03,1,2,1.9e-06,1.0e+00,6.5e-02,1.0e+00,1.0e-03,2.9e-02,global-%PGGGPE,CASSPGGGPEAFF,TRBV4-1,TRBJ1-1,NA,Donor1:healthy,1.000000,-,-,-,-,-,-,-,-,-,-,-

64,S%RSSET,1.5e-03,1,2,1.4e-09,1.0e+00,1.0e-03,4.7e-02,1.0e-03,2.9e-02,global-S%RSSET,CASSFRSSETQYF,TRBV19,TRBJ2-5,NA,Donor1:healthy,2.000000,-,-,-,-,-,-,-,-,-,-,-
64,S%RSSET,1.5e-03,1,2,1.4e-09,1.0e+00,1.0e-03,4.7e-02,1.0e-03,2.9e-02,global-S%RSSET,CASSIRSSETQYF,TRBV19,TRBJ2-5,NA,Donor1:healthy,3.000000,-,-,-,-,-,-,-,-,-,-,-

65,S%WAYTE,1.5e-03,1,2,2.0e-06,1.0e+00,6.8e-02,1.0e+00,1.0e-03,2.9e-02,global-S%WAYTE,CASSIWAYTEAFF,TRBV19,TRBJ1-1,NA,Donor1:healthy,1.000000,-,-,-,-,-,-,-,-,-,-,-
65,S%WAYTE,1.5e-03,1,2,2.0e-06,1.0e+00,6.8e-02,1.0e+00,1.0e-03,2.9e-02,global-S%WAYTE,CASSLWAYTEAFF,TRBV27,TRBJ1-1,NA,Donor1:healthy,1.000000,-,-,-,-,-,-,-,-,-,-,-

66,S%LSNTE,1.5e-03,1,2,2.1e-06,1.0e+00,7.2e-02,1.0e+00,1.0e-03,2.9e-02,global-S%LSNTE,CASSFLSNTEAFF,TRBV13,TRBJ1-1,NA,Donor1:healthy,1.000000,-,-,-,-,-,-,-,-,-,-,-
66,S%LSNTE,1.5e-03,1,2,2.1e-06,1.0e+00,7.2e-02,1.0e+00,1.0e-03,2.9e-02,global-S%LSNTE,CASSLLSNTEAFF,TRBV7-3,TRBJ1-1,NA,Donor1:healthy,1.000000,-,-,-,-,-,-,-,-,-,-,-

67,SG%GPET,1.5e-03,1,2,1.7e-06,1.0e+00,5.8e-02,1.0e+00,1.0e-03,2.9e-02,global-SG%GPET,CASSGQGPETQYF,TRBV12-3,TRBJ2-5,NA,Donor1:healthy,1.000000,-,-,-,-,-,-,-,-,-,-,-
67,SG%GPET,1.5e-03,1,2,1.7e-06,1.0e+00,5.8e-02,1.0e+00,1.0e-03,2.9e-02,global-SG%GPET,CASSGKGPETQYF,TRBV27,TRBJ2-5,NA,Donor1:healthy,1.000000,-,-,-,-,-,-,-,-,-,-,-

68,SI%SLET,1.5e-03,1,2,2.9e-08,1.0e+00,1.0e-03,1.0e+00,1.0e-03,2.9e-02,global-SI%SLET,CASSITSLETQYF,TRBV19,TRBJ2-5,NA,Donor1:healthy,1.000000,-,-,-,-,-,-,-,-,-,-,-
68,SI%SLET,1.5e-03,1,2,2.9e-08,1.0e+00,1.0e-03,1.0e+00,1.0e-03,2.9e-02,global-SI%SLET,CASSIASLETQYF,TRBV19,TRBJ2-5,NA,Donor1:healthy,1.000000,-,-,-,-,-,-,-,-,-,-,-

69,SA%WSYE,1.5e-03,1,2,1.9e-06,1.0e+00,6.4e-02,1.0e+00,1.0e-03,2.9e-02,global-SA%WSYE,CSASASWSYEQYF,TRBV20-1,TRBJ2-7,NA,Donor1:healthy,1.000000,-,-,-,-,-,-,-,-,-,-,-
69,SA%WSYE,1.5e-03,1,2,1.9e-06,1.0e+00,6.4e-02,1.0e+00,1.0e-03,2.9e-02,global-SA%WSYE,CAWSADWSYEQYF,TRBV30,TRBJ2-7,NA,Donor1:healthy,1.000000,-,-,-,-,-,-,-,-,-,-,-

70,SA%SGAE,1.5e-03,1,2,2.2e-06,1.0e+00,7.5e-02,1.0e+00,1.0e-03,2.9e-02,global-SA%SGAE,CASSAGSGAEQFF,TRBV7-7,TRBJ2-1,NA,Donor1:healthy,1.000000,-,-,-,-,-,-,-,-,-,-,-
70,SA%SGAE,1.5e-03,1,2,2.2e-06,1.0e+00,7.5e-02,1.0e+00,1.0e-03,2.9e-02,global-SA%SGAE,CASSASSGAEQFF,TRBV5-4,TRBJ2-1,NA,Donor1:healthy,1.000000,-,-,-,-,-,-,-,-,-,-,-

71,SIR%SET,1.5e-03,1,2,1.5e-09,1.0e+00,1.0e-03,5.1e-02,1.0e-03,2.9e-02,global-SIR%SET,CASSIRASETQYF,TRBV19,TRBJ2-5,NA,Donor1:healthy,1.000000,-,-,-,-,-,-,-,-,-,-,-
71,SIR%SET,1.5e-03,1,2,1.5e-09,1.0e+00,1.0e-03,5.1e-02,1.0e-03,2.9e-02,global-SIR%SET,CASSIRSSETQYF,TRBV19,TRBJ2-5,NA,Donor1:healthy,3.000000,-,-,-,-,-,-,-,-,-,-,-

72,SGE%SYE,1.5e-03,1,2,1.8e-07,1.0e+00,7.3e-02,8.7e-02,1.0e-03,2.9e-02,global-SGE%SYE,CASSGEESYEQYF,TRBV5-4,TRBJ2-7,NA,Donor1:healthy,1.000000,-,-,-,-,-,-,-,-,-,-,-
72,SGE%SYE,1.5e-03,1,2,1.8e-07,1.0e+00,7.3e-02,8.7e-02,1.0e-03,2.9e-02,global-SGE%SYE,CASSGESSYEQYF,TRBV2,TRBJ2-7,NA,Donor1:healthy,2.000000,-,-,-,-,-,-,-,-,-,-,-

73,SIH%NQP,1.5e-03,1,2,3.3e-09,1.0e+00,1.0e-03,1.1e-01,1.0e-03,2.9e-02,global-SIH%NQP,CASSIHSNQPQHF,TRBV19,TRBJ1-5,NA,Donor1:healthy,1.000000,-,-,-,-,-,-,-,-,-,-,-
73,SIH%NQP,1.5e-03,1,2,3.3e-09,1.0e+00,1.0e-03,1.1e-01,1.0e-03,2.9e-02,global-SIH%NQP,CASSIHKNQPQHF,TRBV19,TRBJ1-5,NA,Donor1:healthy,2.000000,-,-,-,-,-,-,-,-,-,-,-

74,SLQD%YG,1.5e-03,1,2,1.8e-06,1.0e+00,6.2e-02,1.0e+00,1.0e-03,2.9e-02,global-SLQD%YG,CASSLQDNYGYTF,TRBV7-9,TRBJ1-2,NA,Donor1:healthy,1.000000,-,-,-,-,-,-,-,-,-,-,-
74,SLQD%YG,1.5e-03,1,2,1.8e-06,1.0e+00,6.2e-02,1.0e+00,1.0e-03,2.9e-02,global-SLQD%YG,CASSLQDGYGYTF,TRBV27,TRBJ1-2,NA,Donor1:healthy,1.000000,-,-,-,-,-,-,-,-,-,-,-

75,SIRS%NE,1.5e-03,1,2,1.2e-09,1.0e+00,1.0e-03,4.0e-02,1.0e-03,2.9e-02,motif-SIRS global-SIRS%NE,CASSIRSSNEQFF,TRBV19,TRBJ2-1,NA,Donor1:healthy,1.000000,-,-,-,-,-,-,-,-,-,-,-
75,SIRS%NE,1.5e-03,1,2,1.2e-09,1.0e+00,1.0e-03,4.0e-02,1.0e-03,2.9e-02,motif-SIRS global-SIRS%NE,CASSIRSGNEQYF,TRBV19,TRBJ2-7,NA,Donor1:healthy,4.000000,-,-,-,-,-,-,-,-,-,-,-

76,SMRS%YE,1.5e-03,1,2,1.2e-09,1.0e+00,1.0e-03,4.1e-02,1.0e-03,2.9e-02,motif-SMRS global-SMRS%YE,CASSMRSAYEQYF,TRBV19,TRBJ2-7,NA,Donor1:healthy,2.000000,-,-,-,-,-,-,-,-,-,-,-
76,SMRS%YE,1.5e-03,1,2,1.2e-09,1.0e+00,1.0e-03,4.1e-02,1.0e-03,2.9e-02,motif-SMRS global-SMRS%YE,CASSMRSSYEQYF,TRBV19,TRBJ2-7,NA,Donor1:healthy,2.000000,-,-,-,-,-,-,-,-,-,-,-

77,SEAG%FG,1.5e-03,1,2,1.5e-06,1.0e+00,5.0e-02,1.0e+00,1.0e-03,2.9e-02,global-SEAG%FG,CSASEAGGFGYTF,TRBV20-1,TRBJ1-2,NA,Donor1:healthy,1.000000,-,-,-,-,-,-,-,-,-,-,-
77,SEAG%FG,1.5e-03,1,2,1.5e-06,1.0e+00,5.0e-02,1.0e+00,1.0e-03,2.9e-02,global-SEAG%FG,CASSEAGAFGYTF,TRBV25-1,TRBJ1-2,NA,Donor1:healthy,1.000000,-,-,-,-,-,-,-,-,-,-,-

78,SIRS%TE,1.5e-03,1,2,4.9e-10,1.0e+00,1.0e-03,1.7e-02,1.0e-03,2.9e-02,motif-SIRS global-SIRS%TE,CASSIRSGTEAFF,TRBV19,TRBJ1-1,NA,Donor1:healthy,16.000000,-,-,-,-,-,-,-,-,-,-,-
78,SIRS%TE,1.5e-03,1,2,4.9e-10,1.0e+00,1.0e-03,1.7e-02,1.0e-03,2.9e-02,motif-SIRS global-SIRS%TE,CASSIRSNTEAFF,TRBV19,TRBJ1-1,NA,Donor1:healthy,1.000000,-,-,-,-,-,-,-,-,-,-,-

79,SVRS%GE,1.5e-03,1,2,2.0e-10,1.0e+00,1.0e-03,7.0e-03,1.0e-03,2.9e-02,global-SVRS%GE,CASSVRSTGELFF,TRBV19,TRBJ2-2,NA,Donor1:healthy,20.000000,-,-,-,-,-,-,-,-,-,-,-
79,SVRS%GE,1.5e-03,1,2,2.0e-10,1.0e+00,1.0e-03,7.0e-03,1.0e-03,2.9e-02,global-SVRS%GE,CASSVRSAGELFF,TRBV19,TRBJ2-2,NA,Donor1:healthy,1.000000,-,-,-,-,-,-,-,-,-,-,-

80,SDRS%TE,1.5e-03,1,2,2.2e-09,1.0e+00,1.0e-03,7.5e-02,1.0e-03,2.9e-02,global-SDRS%TE,CASSDRSGTEQYF,TRBV19,TRBJ2-7,NA,Donor1:healthy,2.000000,-,-,-,-,-,-,-,-,-,-,-
80,SDRS%TE,1.5e-03,1,2,2.2e-09,1.0e+00,1.0e-03,7.5e-02,1.0e-03,2.9e-02,global-SDRS%TE,CASSDRSNTEAFF,TRBV19,TRBJ1-1,NA,Donor1:healthy,1.000000,-,-,-,-,-,-,-,-,-,-,-

81,SMRST%E,1.5e-03,1,2,4.1e-10,1.0e+00,1.0e-03,1.4e-02,1.0e-03,2.9e-02,motif-SMRS global-SMRST%E,CASSMRSTNEQFF,TRBV19,TRBJ2-1,NA,Donor1:healthy,12.000000,-,-,-,-,-,-,-,-,-,-,-
81,SMRST%E,1.5e-03,1,2,4.1e-10,1.0e+00,1.0e-03,1.4e-02,1.0e-03,2.9e-02,motif-SMRS global-SMRST%E,CASSMRSTGELFF,TRBV19,TRBJ2-2,NA,Donor1:healthy,2.000000,-,-,-,-,-,-,-,-,-,-,-

82,SWGDY%E,1.5e-03,1,2,5.9e-08,1.0e+00,6.7e-02,3.0e-02,1.0e-03,2.9e-02,global-SWGDY%E,CASSWGDYNEQFF,TRBV7-2,TRBJ2-1,NA,Donor1:healthy,1.000000,-,-,-,-,-,-,-,-,-,-,-
82,SWGDY%E,1.5e-03,1,2,5.9e-08,1.0e+00,6.7e-02,3.0e-02,1.0e-03,2.9e-02,global-SWGDY%E,CSASWGDYTEAFF,TRBV20-1,TRBJ1-1,NA,Donor1:healthy,5.000000,-,-,-,-,-,-,-,-,-,-,-

83,STRSG%E,1.5e-03,1,2,4.1e-10,1.0e+00,1.0e-03,1.4e-02,1.0e-03,2.9e-02,global-STRSG%E,CASSTRSGYEQYF,TRBV19,TRBJ2-7,NA,Donor1:healthy,3.000000,-,-,-,-,-,-,-,-,-,-,-
83,STRSG%E,1.5e-03,1,2,4.1e-10,1.0e+00,1.0e-03,1.4e-02,1.0e-03,2.9e-02,global-STRSG%E,CASSTRSGWEQYF,TRBV19,TRBJ2-7,NA,Donor1:healthy,6.000000,-,-,-,-,-,-,-,-,-,-,-

84,SIRSG%E,1.5e-03,1,2,3.5e-10,1.0e+00,1.0e-03,1.2e-02,1.0e-03,2.9e-02,motif-SIRS global-SIRSG%E,CASSIRSGNEQYF,TRBV19,TRBJ2-7,NA,Donor1:healthy,4.000000,-,-,-,-,-,-,-,-,-,-,-
84,SIRSG%E,1.5e-03,1,2,3.5e-10,1.0e+00,1.0e-03,1.2e-02,1.0e-03,2.9e-02,motif-SIRS global-SIRSG%E,CASSIRSGTEAFF,TRBV19,TRBJ1-1,NA,Donor1:healthy,16.000000,-,-,-,-,-,-,-,-,-,-,-

85,SIRSQ%T,1.5e-03,1,2,1.7e-10,1.0e+00,1.0e-03,6.0e-03,1.0e-03,2.9e-02,motif-SIRS global-SIRSQ%T,CASSIRSQDTQYF,TRBV19,TRBJ2-3,NA,Donor1:healthy,2.000000,-,-,-,-,-,-,-,-,-,-,-
85,SIRSQ%T,1.5e-03,1,2,1.7e-10,1.0e+00,1.0e-03,6.0e-03,1.0e-03,2.9e-02,motif-SIRS global-SIRSQ%T,CASSIRSQETQYF,TRBV19,TRBJ2-5,NA,Donor1:healthy,47.000000,-,-,-,-,-,-,-,-,-,-,-

86,SIRSG%T,1.5e-03,1,2,1.2e-09,1.0e+00,1.0e-03,4.2e-02,1.0e-03,2.9e-02,motif-SIRS global-SIRSG%T,CASSIRSGDTQYF,TRBV19,TRBJ2-3,NA,Donor1:healthy,2.000000,-,-,-,-,-,-,-,-,-,-,-
86,SIRSG%T,1.5e-03,1,2,1.2e-09,1.0e+00,1.0e-03,4.2e-02,1.0e-03,2.9e-02,motif-SIRS global-SIRSG%T,CASSIRSGETQYF,TRBV19,TRBJ2-5,NA,Donor1:healthy,3.000000,-,-,-,-,-,-,-,-,-,-,-

87,%LGGPTDT,1.5e-03,1,2,1.6e-06,1.0e+00,5.5e-02,1.0e+00,1.0e-03,2.9e-02,global-%LGGPTDT,CASSLGGPTDTQYF,TRBV7-2,TRBJ2-3,NA,Donor1:healthy,1.000000,-,-,-,-,-,-,-,-,-,-,-
87,%LGGPTDT,1.5e-03,1,2,1.6e-06,1.0e+00,5.5e-02,1.0e+00,1.0e-03,2.9e-02,global-%LGGPTDT,CASTLGGPTDTQYF,TRBV27,TRBJ2-3,NA,Donor1:healthy,1.000000,-,-,-,-,-,-,-,-,-,-,-

88,%PTGVGQP,1.5e-03,1,2,5.0e-06,1.0e+00,1.7e-01,1.0e+00,1.0e-03,2.9e-02,global-%PTGVGQP,CASSPTGVGQPQHF,TRBV28,TRBJ1-5,NA,Donor1:healthy,1.000000,-,-,-,-,-,-,-,-,-,-,-
88,%PTGVGQP,1.5e-03,1,2,5.0e-06,1.0e+00,1.7e-01,1.0e+00,1.0e-03,2.9e-02,global-%PTGVGQP,CASSPTGVGQPQHF,TRBV6-3,TRBJ1-5,NA,Donor1:healthy,1.000000,-,-,-,-,-,-,-,-,-,-,-
88,%PTGVGQP,1.5e-03,1,2,5.0e-06,1.0e+00,1.7e-01,1.0e+00,1.0e-03,2.9e-02,global-%PTGVGQP,CSATPTGVGQPQHF,TRBV20-1,TRBJ1-5,NA,Donor1:healthy,1.000000,-,-,-,-,-,-,-,-,-,-,-

89,SL%GGWDE,1.5e-03,1,2,2.0e-06,1.0e+00,6.8e-02,1.0e+00,1.0e-03,2.9e-02,global-SL%GGWDE,CASSLVGGWDEQYF,TRBV7-2,TRBJ2-7,NA,Donor1:healthy,1.000000,-,-,-,-,-,-,-,-,-,-,-
89,SL%GGWDE,1.5e-03,1,2,2.0e-06,1.0e+00,6.8e-02,1.0e+00,1.0e-03,2.9e-02,global-SL%GGWDE,CASSLTGGWDEQFF,TRBV7-6,TRBJ2-1,NA,Donor1:healthy,1.000000,-,-,-,-,-,-,-,-,-,-,-

90,SV%GDTYE,1.5e-03,1,2,2.9e-08,1.0e+00,1.0e-03,1.0e+00,1.0e-03,2.9e-02,global-SV%GDTYE,CASSVGGDTYEQYF,TRBV9,TRBJ2-7,NA,Donor1:healthy,1.000000,-,-,-,-,-,-,-,-,-,-,-
90,SV%GDTYE,1.5e-03,1,2,2.9e-08,1.0e+00,1.0e-03,1.0e+00,1.0e-03,2.9e-02,global-SV%GDTYE,CASSVAGDTYEQYF,TRBV9,TRBJ2-7,NA,Donor1:healthy,1.000000,-,-,-,-,-,-,-,-,-,-,-

91,SR%RDNSP,1.5e-03,1,2,7.4e-08,1.0e+00,7.3e-02,3.5e-02,1.0e-03,2.9e-02,global-SR%RDNSP,CASSRNRDNSPLHF,TRBV28,TRBJ1-6,NA,Donor1:healthy,5.000000,-,-,-,-,-,-,-,-,-,-,-
91,SR%RDNSP,1.5e-03,1,2,7.4e-08,1.0e+00,7.3e-02,3.5e-02,1.0e-03,2.9e-02,global-SR%RDNSP,CASSRDRDNSPLHF,TRBV4-3,TRBJ1-6,NA,Donor1:healthy,1.000000,-,-,-,-,-,-,-,-,-,-,-

92,SDP%TGNE,1.5e-03,1,2,2.3e-06,1.0e+00,7.8e-02,1.0e+00,1.0e-03,2.9e-02,global-SDP%TGNE,CASSDPQTGNEQYF,TRBV9,TRBJ2-7,NA,Donor1:healthy,1.000000,-,-,-,-,-,-,-,-,-,-,-
92,SDP%TGNE,1.5e-03,1,2,2.3e-06,1.0e+00,7.8e-02,1.0e+00,1.0e-03,2.9e-02,global-SDP%TGNE,CATSDPNTGNEQYF,TRBV24-1,TRBJ2-7,NA,Donor1:healthy,1.000000,-,-,-,-,-,-,-,-,-,-,-

93,SAGV%NNE,1.5e-03,1,2,6.9e-08,1.0e+00,6.1e-02,3.9e-02,1.0e-03,2.9e-02,global-SAGV%NNE,CASSAGVDNNEQFF,TRBV4-1,TRBJ2-1,NA,Donor1:healthy,5.000000,-,-,-,-,-,-,-,-,-,-,-
93,SAGV%NNE,1.5e-03,1,2,6.9e-08,1.0e+00,6.1e-02,3.9e-02,1.0e-03,2.9e-02,global-SAGV%NNE,CASSAGVENNEQFF,TRBV27,TRBJ2-1,NA,Donor1:healthy,1.000000,-,-,-,-,-,-,-,-,-,-,-

94,SPGL%GVE,1.5e-03,1,2,1.8e-06,1.0e+00,6.3e-02,1.0e+00,1.0e-03,2.9e-02,global-SPGL%GVE,CASSPGLAGVEQYF,TRBV14,TRBJ2-7,NA,Donor1:healthy,1.000000,-,-,-,-,-,-,-,-,-,-,-
94,SPGL%GVE,1.5e-03,1,2,1.8e-06,1.0e+00,6.3e-02,1.0e+00,1.0e-03,2.9e-02,global-SPGL%GVE,CASSPGLGGVEQFF,TRBV5-6,TRBJ2-1,NA,Donor1:healthy,1.000000,-,-,-,-,-,-,-,-,-,-,-

95,SLDG%LDE,1.5e-03,1,2,1.8e-06,1.0e+00,6.1e-02,1.0e+00,1.0e-03,2.9e-02,global-SLDG%LDE,CASSLDGTLDEQYF,TRBV7-2,TRBJ2-7,NA,Donor1:healthy,1.000000,-,-,-,-,-,-,-,-,-,-,-
95,SLDG%LDE,1.5e-03,1,2,1.8e-06,1.0e+00,6.1e-02,1.0e+00,1.0e-03,2.9e-02,global-SLDG%LDE,CASSLDGALDEQYF,TRBV5-1,TRBJ2-7,NA,Donor1:healthy,1.000000,-,-,-,-,-,-,-,-,-,-,-

96,SFSDS%ET,1.5e-03,1,2,1.8e-06,1.0e+00,6.2e-02,1.0e+00,1.0e-03,2.9e-02,global-SFSDS%ET,CASSFSDSSETQYF,TRBV12-4,TRBJ2-5,NA,Donor1:healthy,1.000000,-,-,-,-,-,-,-,-,-,-,-
96,SFSDS%ET,1.5e-03,1,2,1.8e-06,1.0e+00,6.2e-02,1.0e+00,1.0e-03,2.9e-02,global-SFSDS%ET,CASSFSDSQETQYF,TRBV7-9,TRBJ2-5,NA,Donor1:healthy,1.000000,-,-,-,-,-,-,-,-,-,-,-

97,SPRPE%TE,1.5e-03,1,2,1.5e-06,1.0e+00,5.3e-02,1.0e+00,1.0e-03,2.9e-02,global-SPRPE%TE,CASSPRPEGTEAFF,TRBV6-5,TRBJ1-1,NA,Donor1:healthy,1.000000,-,-,-,-,-,-,-,-,-,-,-
97,SPRPE%TE,1.5e-03,1,2,1.5e-06,1.0e+00,5.3e-02,1.0e+00,1.0e-03,2.9e-02,global-SPRPE%TE,CASSPRPENTEAFF,TRBV7-9,TRBJ1-1,NA,Donor1:healthy,1.000000,-,-,-,-,-,-,-,-,-,-,-

98,SLLVG%QP,1.5e-03,1,2,2.0e-06,1.0e+00,6.8e-02,1.0e+00,1.0e-03,2.9e-02,global-SLLVG%QP,CASSLLVGNQPQHF,TRBV6-6,TRBJ1-5,NA,Donor1:healthy,1.000000,-,-,-,-,-,-,-,-,-,-,-
98,SLLVG%QP,1.5e-03,1,2,2.0e-06,1.0e+00,6.8e-02,1.0e+00,1.0e-03,2.9e-02,global-SLLVG%QP,CASSLLVGSQPQHF,TRBV27,TRBJ1-5,NA,Donor1:healthy,1.000000,-,-,-,-,-,-,-,-,-,-,-

99,SRVWA%SP,1.5e-03,1,2,2.0e-06,1.0e+00,6.7e-02,1.0e+00,1.0e-03,2.9e-02,global-SRVWA%SP,CATSRVWADSPLHF,TRBV15,TRBJ1-6,NA,Donor1:healthy,1.000000,-,-,-,-,-,-,-,-,-,-,-
99,SRVWA%SP,1.5e-03,1,2,2.0e-06,1.0e+00,6.7e-02,1.0e+00,1.0e-03,2.9e-02,global-SRVWA%SP,CASSRVWASSPQHF,TRBV12-4,TRBJ1-5,NA,Donor1:healthy,1.000000,-,-,-,-,-,-,-,-,-,-,-

100,SLYGV%DT,1.5e-03,1,2,2.0e-06,1.0e+00,6.8e-02,1.0e+00,1.0e-03,2.9e-02,global-SLYGV%DT,CASSLYGVGDTQYF,TRBV12-4,TRBJ2-3,NA,Donor1:healthy,1.000000,-,-,-,-,-,-,-,-,-,-,-
100,SLYGV%DT,1.5e-03,1,2,2.0e-06,1.0e+00,6.8e-02,1.0e+00,1.0e-03,2.9e-02,global-SLYGV%DT,CASSLYGVADTQYF,TRBV5-1,TRBJ2-3,NA,Donor1:healthy,1.000000,-,-,-,-,-,-,-,-,-,-,-

101,RLAGVG%E,1.5e-03,1,2,1.7e-06,1.0e+00,5.8e-02,1.0e+00,1.0e-03,2.9e-02,global-RLAGVG%E,CASRLAGVGGELFF,TRBV6-1,TRBJ2-2,NA,Donor1:healthy,1.000000,-,-,-,-,-,-,-,-,-,-,-
101,RLAGVG%E,1.5e-03,1,2,1.7e-06,1.0e+00,5.8e-02,1.0e+00,1.0e-03,2.9e-02,global-RLAGVG%E,CSARLAGVGNEQFF,TRBV20-1,TRBJ2-1,NA,Donor1:healthy,1.000000,-,-,-,-,-,-,-,-,-,-,-

102,SLSGGV%E,1.5e-03,1,2,1.8e-06,1.0e+00,6.2e-02,1.0e+00,1.0e-03,2.9e-02,global-SLSGGV%E,CASSLSGGVTEAFF,TRBV27,TRBJ1-1,NA,Donor1:healthy,1.000000,-,-,-,-,-,-,-,-,-,-,-
102,SLSGGV%E,1.5e-03,1,2,1.8e-06,1.0e+00,6.2e-02,1.0e+00,1.0e-03,2.9e-02,global-SLSGGV%E,CASSLSGGVNEQFF,TRBV7-9,TRBJ2-1,NA,Donor1:healthy,1.000000,-,-,-,-,-,-,-,-,-,-,-

103,S%RLAGADE,1.5e-03,1,2,2.2e-06,1.0e+00,7.4e-02,1.0e+00,1.0e-03,2.9e-02,global-S%RLAGADE,CAISLRLAGADEQFF,TRBV10-3,TRBJ2-1,NA,Donor1:healthy,1.000000,-,-,-,-,-,-,-,-,-,-,-
103,S%RLAGADE,1.5e-03,1,2,2.2e-06,1.0e+00,7.4e-02,1.0e+00,1.0e-03,2.9e-02,global-S%RLAGADE,CASSFRLAGADEQFF,TRBV13,TRBJ2-1,NA,Donor1:healthy,1.000000,-,-,-,-,-,-,-,-,-,-,-

104,SP%QGFYNE,1.5e-03,1,2,1.6e-06,1.0e+00,5.5e-02,1.0e+00,1.0e-03,2.9e-02,global-SP%QGFYNE,CASSPAQGFYNEQFF,TRBV7-3,TRBJ2-1,NA,Donor1:healthy,1.000000,-,-,-,-,-,-,-,-,-,-,-
104,SP%QGFYNE,1.5e-03,1,2,1.6e-06,1.0e+00,5.5e-02,1.0e+00,1.0e-03,2.9e-02,global-SP%QGFYNE,CASSPVQGFYNEQFF,TRBV4-3,TRBJ2-1,NA,Donor1:healthy,1.000000,-,-,-,-,-,-,-,-,-,-,-

105,SS%PGSTDT,1.5e-03,1,2,1.9e-06,1.0e+00,6.4e-02,1.0e+00,1.0e-03,2.9e-02,global-SS%PGSTDT,CASSSGPGSTDTQYF,TRBV14,TRBJ2-3,NA,Donor1:healthy,1.000000,-,-,-,-,-,-,-,-,-,-,-
105,SS%PGSTDT,1.5e-03,1,2,1.9e-06,1.0e+00,6.4e-02,1.0e+00,1.0e-03,2.9e-02,global-SS%PGSTDT,CASSSSPGSTDTQYF,TRBV6-4,TRBJ2-3,NA,Donor1:healthy,1.000000,-,-,-,-,-,-,-,-,-,-,-

106,SL%SGPPYE,1.5e-03,1,2,2.0e-06,1.0e+00,6.8e-02,1.0e+00,1.0e-03,2.9e-02,global-SL%SGPPYE,CASSLFSGPPYEQYF,TRBV5-5,TRBJ2-7,NA,Donor1:healthy,1.000000,-,-,-,-,-,-,-,-,-,-,-
106,SL%SGPPYE,1.5e-03,1,2,2.0e-06,1.0e+00,6.8e-02,1.0e+00,1.0e-03,2.9e-02,global-SL%SGPPYE,CASSLISGPPYEQYF,TRBV5-4,TRBJ2-7,NA,Donor1:healthy,1.000000,-,-,-,-,-,-,-,-,-,-,-

107,SQ%TGYNQP,1.5e-03,1,2,2.2e-06,1.0e+00,7.7e-02,1.0e+00,1.0e-03,2.9e-02,global-SQ%TGYNQP,CASSQETGYNQPQHF,TRBV4-2,TRBJ1-5,NA,Donor1:healthy,1.000000,-,-,-,-,-,-,-,-,-,-,-
107,SQ%TGYNQP,1.5e-03,1,2,2.2e-06,1.0e+00,7.7e-02,1.0e+00,1.0e-03,2.9e-02,global-SQ%TGYNQP,CASSQSTGYNQPQHF,TRBV11-2,TRBJ1-5,NA,Donor1:healthy,1.000000,-,-,-,-,-,-,-,-,-,-,-

108,SL%GGSDTE,1.5e-03,1,2,2.3e-06,1.0e+00,8.0e-02,1.0e+00,1.0e-03,2.9e-02,global-SL%GGSDTE,CASSLMGGSDTEAFF,TRBV11-2,TRBJ1-1,NA,Donor1:healthy,1.000000,-,-,-,-,-,-,-,-,-,-,-
108,SL%GGSDTE,1.5e-03,1,2,2.3e-06,1.0e+00,8.0e-02,1.0e+00,1.0e-03,2.9e-02,global-SL%GGSDTE,CASSLVGGSDTEAFF,TRBV5-1,TRBJ1-1,NA,Donor1:healthy,1.000000,-,-,-,-,-,-,-,-,-,-,-

109,SLA%GAKNI,1.5e-03,1,2,2.3e-06,1.0e+00,7.9e-02,1.0e+00,1.0e-03,2.9e-02,global-SLA%GAKNI,CASSLAGGAKNIQYF,TRBV12-3,TRBJ2-4,NA,Donor1:healthy,1.000000,-,-,-,-,-,-,-,-,-,-,-
109,SLA%GAKNI,1.5e-03,1,2,2.3e-06,1.0e+00,7.9e-02,1.0e+00,1.0e-03,2.9e-02,global-SLA%GAKNI,CASSLAAGAKNIQYF,TRBV27,TRBJ2-4,NA,Donor1:healthy,1.000000,-,-,-,-,-,-,-,-,-,-,-

110,SPTG%DTGE,1.5e-03,1,2,2.0e-06,1.0e+00,6.9e-02,1.0e+00,1.0e-03,2.9e-02,global-SPTG%DTGE,CASSPTGQDTGELFF,TRBV6-3,TRBJ2-2,NA,Donor1:healthy,1.000000,-,-,-,-,-,-,-,-,-,-,-
110,SPTG%DTGE,1.5e-03,1,2,2.0e-06,1.0e+00,6.9e-02,1.0e+00,1.0e-03,2.9e-02,global-SPTG%DTGE,CASSPTGSDTGELFF,TRBV6-4,TRBJ2-2,NA,Donor1:healthy,1.000000,-,-,-,-,-,-,-,-,-,-,-

111,SLSG%RQET,1.5e-03,1,2,4.8e-08,1.0e+00,4.9e-02,3.4e-02,1.0e-03,2.9e-02,global-SLSG%RQET,CASSLSGNRQETQYF,TRBV2,TRBJ2-5,NA,Donor1:healthy,6.000000,-,-,-,-,-,-,-,-,-,-,-
111,SLSG%RQET,1.5e-03,1,2,4.8e-08,1.0e+00,4.9e-02,3.4e-02,1.0e-03,2.9e-02,global-SLSG%RQET,CASSLSGRRQETQYF,TRBV11-1,TRBJ2-5,NA,Donor1:healthy,1.000000,-,-,-,-,-,-,-,-,-,-,-

112,SLAW%GTDT,1.5e-03,1,2,2.0e-06,1.0e+00,7.0e-02,1.0e+00,1.0e-03,2.9e-02,global-SLAW%GTDT,CASSLAWAGTDTQYF,TRBV7-6,TRBJ2-3,NA,Donor1:healthy,1.000000,-,-,-,-,-,-,-,-,-,-,-
112,SLAW%GTDT,1.5e-03,1,2,2.0e-06,1.0e+00,7.0e-02,1.0e+00,1.0e-03,2.9e-02,global-SLAW%GTDT,CASSLAWGGTDTQYF,TRBV5-4,TRBJ2-3,NA,Donor1:healthy,1.000000,-,-,-,-,-,-,-,-,-,-,-

113,SLGG%LGET,1.5e-03,1,2,1.6e-06,1.0e+00,5.6e-02,1.0e+00,1.0e-03,2.9e-02,global-SLGG%LGET,CASSLGGGLGETQYF,TRBV7-8,TRBJ2-5,NA,Donor1:healthy,1.000000,-,-,-,-,-,-,-,-,-,-,-
113,SLGG%LGET,1.5e-03,1,2,1.6e-06,1.0e+00,5.6e-02,1.0e+00,1.0e-03,2.9e-02,global-SLGG%LGET,CASSLGGSLGETQYF,TRBV7-2,TRBJ2-5,NA,Donor1:healthy,1.000000,-,-,-,-,-,-,-,-,-,-,-

114,SFFGQG%YE,1.5e-03,1,2,2.0e-06,1.0e+00,7.0e-02,1.0e+00,1.0e-03,2.9e-02,global-SFFGQG%YE,CASSFFGQGSYEQYF,TRBV5-6,TRBJ2-7,NA,Donor1:healthy,1.000000,-,-,-,-,-,-,-,-,-,-,-
114,SFFGQG%YE,1.5e-03,1,2,2.0e-06,1.0e+00,7.0e-02,1.0e+00,1.0e-03,2.9e-02,global-SFFGQG%YE,CASSFFGQGAYEQYF,TRBV12-3,TRBJ2-7,NA,Donor1:healthy,1.000000,-,-,-,-,-,-,-,-,-,-,-

115,SQGAGA%QP,1.5e-03,1,2,2.0e-06,1.0e+00,7.0e-02,1.0e+00,1.0e-03,2.9e-02,global-SQGAGA%QP,CASSQGAGANQPQHF,TRBV4-3,TRBJ1-5,NA,Donor1:healthy,1.000000,-,-,-,-,-,-,-,-,-,-,-
115,SQGAGA%QP,1.5e-03,1,2,2.0e-06,1.0e+00,7.0e-02,1.0e+00,1.0e-03,2.9e-02,global-SQGAGA%QP,CASSQGAGAGQPQHF,TRBV4-2,TRBJ1-5,NA,Donor1:healthy,1.000000,-,-,-,-,-,-,-,-,-,-,-

116,SLGTSGM%E,1.5e-03,1,2,8.4e-10,1.0e+00,1.0e-03,2.9e-02,1.0e-03,2.9e-02,global-SLGTSGM%E,CASSLGTSGMGEQYF,TRBV11-2,TRBJ2-7,NA,Donor1:healthy,4.000000,-,-,-,-,-,-,-,-,-,-,-
116,SLGTSGM%E,1.5e-03,1,2,8.4e-10,1.0e+00,1.0e-03,2.9e-02,1.0e-03,2.9e-02,global-SLGTSGM%E,CASSLGTSGMNEQFF,TRBV11-2,TRBJ2-1,NA,Donor1:healthy,1.000000,-,-,-,-,-,-,-,-,-,-,-

117,SPQLAGG%E,1.5e-03,1,2,2.1e-06,1.0e+00,7.2e-02,1.0e+00,1.0e-03,2.9e-02,global-SPQLAGG%E,CASSPQLAGGREQYF,TRBV7-9,TRBJ2-7,NA,Donor1:healthy,1.000000,-,-,-,-,-,-,-,-,-,-,-
117,SPQLAGG%E,1.5e-03,1,2,2.1e-06,1.0e+00,7.2e-02,1.0e+00,1.0e-03,2.9e-02,global-SPQLAGG%E,CASSPQLAGGNEQFF,TRBV12-4,TRBJ2-1,NA,Donor1:healthy,1.000000,-,-,-,-,-,-,-,-,-,-,-

118,S%PGTGGEET,1.5e-03,1,2,1.6e-06,1.0e+00,5.6e-02,1.0e+00,1.0e-03,2.9e-02,global-S%PGTGGEET,CASSQPGTGGEETQYF,TRBV4-1,TRBJ2-5,NA,Donor1:healthy,1.000000,-,-,-,-,-,-,-,-,-,-,-
118,S%PGTGGEET,1.5e-03,1,2,1.6e-06,1.0e+00,5.6e-02,1.0e+00,1.0e-03,2.9e-02,global-S%PGTGGEET,CATSDPGTGGEETQYF,TRBV24-1,TRBJ2-5,NA,Donor1:healthy,1.000000,-,-,-,-,-,-,-,-,-,-,-

119,S%WDRGNTGE,1.5e-03,1,2,2.0e-06,1.0e+00,6.8e-02,1.0e+00,1.0e-03,2.9e-02,global-S%WDRGNTGE,CASSLWDRGNTGELFF,TRBV11-2,TRBJ2-2,NA,Donor1:healthy,1.000000,-,-,-,-,-,-,-,-,-,-,-
119,S%WDRGNTGE,1.5e-03,1,2,2.0e-06,1.0e+00,6.8e-02,1.0e+00,1.0e-03,2.9e-02,global-S%WDRGNTGE,CASSFWDRGNTGELFF,TRBV7-3,TRBJ2-2,NA,Donor1:healthy,1.000000,-,-,-,-,-,-,-,-,-,-,-

120,SEGSG%SYNE,1.5e-03,1,2,2.9e-08,1.0e+00,1.0e-03,1.0e+00,1.0e-03,2.9e-02,global-SEGSG%SYNE,CASSEGSGGSYNEQFF,TRBV6-1,TRBJ2-1,NA,Donor1:healthy,1.000000,-,-,-,-,-,-,-,-,-,-,-
120,SEGSG%SYNE,1.5e-03,1,2,2.9e-08,1.0e+00,1.0e-03,1.0e+00,1.0e-03,2.9e-02,global-SEGSG%SYNE,CASSEGSGSSYNEQFF,TRBV6-1,TRBJ2-1,NA,Donor1:healthy,1.000000,-,-,-,-,-,-,-,-,-,-,-

121,SLGDFF%QET,1.5e-03,1,2,1.7e-09,1.0e+00,1.0e-03,6.0e-02,1.0e-03,2.9e-02,global-SLGDFF%QET,CASSLGDFFTQETQYF,TRBV11-2,TRBJ2-5,NA,Donor1:healthy,1.000000,-,-,-,-,-,-,-,-,-,-,-
121,SLGDFF%QET,1.5e-03,1,2,1.7e-09,1.0e+00,1.0e-03,6.0e-02,1.0e-03,2.9e-02,global-SLGDFF%QET,CASSLGDFFSQETQYF,TRBV11-2,TRBJ2-5,NA,Donor1:healthy,3.000000,-,-,-,-,-,-,-,-,-,-,-

122,TRLAGA%TDT,1.5e-03,1,2,6.0e-08,1.0e+00,6.7e-02,3.1e-02,1.0e-03,2.9e-02,global-TRLAGA%TDT,CASTRLAGAGTDTQYF,TRBV27,TRBJ2-3,NA,Donor1:healthy,7.000000,-,-,-,-,-,-,-,-,-,-,-
122,TRLAGA%TDT,1.5e-03,1,2,6.0e-08,1.0e+00,6.7e-02,3.1e-02,1.0e-03,2.9e-02,global-TRLAGA%TDT,CASTRLAGASTDTQYF,TRBV7-6,TRBJ2-3,NA,Donor1:healthy,1.000000,-,-,-,-,-,-,-,-,-,-,-

123,SRDRLAGS%YE,1.5e-03,1,2,1.5e-10,1.0e+00,1.0e-03,5.0e-03,1.0e-03,2.9e-02,global-SRDRLAGS%YE,CATSRDRLAGSNYEQYF,TRBV15,TRBJ2-7,NA,Donor1:healthy,2.000000,-,-,-,-,-,-,-,-,-,-,-
123,SRDRLAGS%YE,1.5e-03,1,2,1.5e-10,1.0e+00,1.0e-03,5.0e-03,1.0e-03,2.9e-02,global-SRDRLAGS%YE,CATSRDRLAGSSYEQYF,TRBV15,TRBJ2-7,NA,Donor1:healthy,18.000000,-,-,-,-,-,-,-,-,-,-,-

124,LLWP,1.5e-03,1,2,3.0e-04,1.0e+00,5.9e-02,1.0e+00,1.7e-01,2.9e-02,motif-LLWP,CATQLLWPWGRELFF,TRBV10-3,TRBJ2-2,NA,Donor1:healthy,1.000000,-,-,-,-,-,-,-,-,-,-,-
124,LLWP,1.5e-03,1,2,3.0e-04,1.0e+00,5.9e-02,1.0e+00,1.7e-01,2.9e-02,motif-LLWP,CSASLLWPNTEAFF,TRBV20-1,TRBJ1-1,NA,Donor1:healthy,1.000000,-,-,-,-,-,-,-,-,-,-,-

125,SLL%DE,1.7e-03,1,3,5.6e-08,1.0e+00,9.0e-03,1.0e+00,1.0e-03,6.2e-03,global-SLL%DE,CASSLLADEQFF,TRBV5-6,TRBJ2-1,NA,Donor1:healthy,1.000000,-,-,-,-,-,-,-,-,-,-,-
125,SLL%DE,1.7e-03,1,3,5.6e-08,1.0e+00,9.0e-03,1.0e+00,1.0e-03,6.2e-03,global-SLL%DE,CASSLLGDEQFF,TRBV5-6,TRBJ2-1,NA,Donor1:healthy,1.000000,-,-,-,-,-,-,-,-,-,-,-
125,SLL%DE,1.7e-03,1,3,5.6e-08,1.0e+00,9.0e-03,1.0e+00,1.0e-03,6.2e-03,global-SLL%DE,CASSLLGDEQYF,TRBV27,TRBJ2-7,NA,Donor1:healthy,1.000000,-,-,-,-,-,-,-,-,-,-,-

126,SY%SGNT,1.7e-03,1,3,8.5e-10,1.0e+00,1.0e-03,1.4e-01,1.0e-03,6.2e-03,global-SY%SGNT,CASSYNSGNTIYF,TRBV6-5,TRBJ1-3,NA,Donor1:healthy,1.000000,-,-,-,-,-,-,-,-,-,-,-
126,SY%SGNT,1.7e-03,1,3,8.5e-10,1.0e+00,1.0e-03,1.4e-01,1.0e-03,6.2e-03,global-SY%SGNT,CASSYASGNTIYF,TRBV6-5,TRBJ1-3,NA,Donor1:healthy,1.000000,-,-,-,-,-,-,-,-,-,-,-
126,SY%SGNT,1.7e-03,1,3,8.5e-10,1.0e+00,1.0e-03,1.4e-01,1.0e-03,6.2e-03,global-SY%SGNT,CASSYSSGNTIYF,TRBV6-5,TRBJ1-3,NA,Donor1:healthy,2.000000,-,-,-,-,-,-,-,-,-,-,-

127,SSRS%YE,1.7e-03,1,3,5.5e-09,1.0e+00,6.0e-03,1.5e-01,1.0e-03,6.2e-03,global-SSRS%YE,CASSSRSAYEQYF,TRBV19,TRBJ2-7,NA,Donor1:healthy,1.000000,-,-,-,-,-,-,-,-,-,-,-
127,SSRS%YE,1.7e-03,1,3,5.5e-09,1.0e+00,6.0e-03,1.5e-01,1.0e-03,6.2e-03,global-SSRS%YE,CASSSRSGYEQYF,TRBV19,TRBJ2-7,NA,Donor1:healthy,1.000000,-,-,-,-,-,-,-,-,-,-,-
127,SSRS%YE,1.7e-03,1,3,5.5e-09,1.0e+00,6.0e-03,1.5e-01,1.0e-03,6.2e-03,global-SSRS%YE,CASSSRSGYEQYF,TRBV7-8,TRBJ2-7,NA,Donor1:healthy,1.000000,-,-,-,-,-,-,-,-,-,-,-
127,SSRS%YE,1.7e-03,1,3,5.5e-09,1.0e+00,6.0e-03,1.5e-01,1.0e-03,6.2e-03,global-SSRS%YE,CASSSRSSYEQYF,TRBV19,TRBJ2-7,NA,Donor1:healthy,2.000000,-,-,-,-,-,-,-,-,-,-,-

128,SATG%ET,1.7e-03,1,3,1.3e-06,1.0e+00,2.0e-01,1.0e+00,1.0e-03,6.2e-03,global-SATG%ET,CAISATGVETQYF,TRBV10-3,TRBJ2-5,NA,Donor1:healthy,1.000000,-,-,-,-,-,-,-,-,-,-,-
128,SATG%ET,1.7e-03,1,3,1.3e-06,1.0e+00,2.0e-01,1.0e+00,1.0e-03,6.2e-03,global-SATG%ET,CATSATGGETQYF,TRBV24-1,TRBJ2-5,NA,Donor1:healthy,1.000000,-,-,-,-,-,-,-,-,-,-,-
128,SATG%ET,1.7e-03,1,3,1.3e-06,1.0e+00,2.0e-01,1.0e+00,1.0e-03,6.2e-03,global-SATG%ET,CASSATGAETQYF,TRBV27,TRBJ2-5,NA,Donor1:healthy,1.000000,-,-,-,-,-,-,-,-,-,-,-

129,%TGGGNQP,1.7e-03,1,3,1.1e-06,1.0e+00,1.9e-01,1.0e+00,1.0e-03,6.2e-03,global-%TGGGNQP,CASNTGGGNQPQHF,TRBV19,TRBJ1-5,NA,Donor1:healthy,1.000000,-,-,-,-,-,-,-,-,-,-,-
129,%TGGGNQP,1.7e-03,1,3,1.1e-06,1.0e+00,1.9e-01,1.0e+00,1.0e-03,6.2e-03,global-%TGGGNQP,CASGTGGGNQPQHF,TRBV6-3,TRBJ1-5,NA,Donor1:healthy,1.000000,-,-,-,-,-,-,-,-,-,-,-
129,%TGGGNQP,1.7e-03,1,3,1.1e-06,1.0e+00,1.9e-01,1.0e+00,1.0e-03,6.2e-03,global-%TGGGNQP,CSARTGGGNQPQHF,TRBV20-1,TRBJ1-5,NA,Donor1:healthy,1.000000,-,-,-,-,-,-,-,-,-,-,-

130,SLTGR%YE,1.7e-03,1,3,9.5e-07,1.0e+00,1.5e-01,1.0e+00,1.0e-03,6.2e-03,global-SLTGR%YE,CASSLTGRTYEQYF,TRBV27,TRBJ2-7,NA,Donor1:healthy,1.000000,-,-,-,-,-,-,-,-,-,-,-
130,SLTGR%YE,1.7e-03,1,3,9.5e-07,1.0e+00,1.5e-01,1.0e+00,1.0e-03,6.2e-03,global-SLTGR%YE,CASSLTGRSYEQYF,TRBV13,TRBJ2-7,NA,Donor1:healthy,1.000000,-,-,-,-,-,-,-,-,-,-,-
130,SLTGR%YE,1.7e-03,1,3,9.5e-07,1.0e+00,1.5e-01,1.0e+00,1.0e-03,6.2e-03,global-SLTGR%YE,CASSLTGRAYEQYF,TRBV28,TRBJ2-7,NA,Donor1:healthy,1.000000,-,-,-,-,-,-,-,-,-,-,-

131,SLG%DT,1.9e-03,1,5,6.1e-07,1.0e+00,4.2e-01,1.0e+00,1.0e-03,1.5e-03,global-SLG%DT,CASSLGHDTLHF,TRBV7-9,TRBJ1-6,NA,Donor1:healthy,1.000000,-,-,-,-,-,-,-,-,-,-,-
131,SLG%DT,1.9e-03,1,5,6.1e-07,1.0e+00,4.2e-01,1.0e+00,1.0e-03,1.5e-03,global-SLG%DT,CASSLGEDTQYF,TRBV11-1,TRBJ2-3,NA,Donor1:healthy,1.000000,-,-,-,-,-,-,-,-,-,-,-
131,SLG%DT,1.9e-03,1,5,6.1e-07,1.0e+00,4.2e-01,1.0e+00,1.0e-03,1.5e-03,global-SLG%DT,CASSLGADTQYF,TRBV7-2,TRBJ2-3,NA,Donor1:healthy,1.000000,-,-,-,-,-,-,-,-,-,-,-
131,SLG%DT,1.9e-03,1,5,6.1e-07,1.0e+00,4.2e-01,1.0e+00,1.0e-03,1.5e-03,global-SLG%DT,CASSLGADTQYF,TRBV7-9,TRBJ2-3,NA,Donor1:healthy,1.000000,-,-,-,-,-,-,-,-,-,-,-
131,SLG%DT,1.9e-03,1,5,6.1e-07,1.0e+00,4.2e-01,1.0e+00,1.0e-03,1.5e-03,global-SLG%DT,CASSLGTDTQYF,TRBV27,TRBJ2-3,NA,Donor1:healthy,1.000000,-,-,-,-,-,-,-,-,-,-,-
131,SLG%DT,1.9e-03,1,5,6.1e-07,1.0e+00,4.2e-01,1.0e+00,1.0e-03,1.5e-03,global-SLG%DT,CASSLGTDTQYF,TRBV5-6,TRBJ2-3,NA,Donor1:healthy,1.000000,-,-,-,-,-,-,-,-,-,-,-
131,SLG%DT,1.9e-03,1,5,6.1e-07,1.0e+00,4.2e-01,1.0e+00,1.0e-03,1.5e-03,global-SLG%DT,CASSLGSDTQYF,TRBV3-1,TRBJ2-3,NA,Donor1:healthy,1.000000,-,-,-,-,-,-,-,-,-,-,-

132,SPG%E,2.2e-03,1,8,7.2e-07,1.0e+00,8.6e-01,1.0e+00,1.0e-03,8.3e-04,global-SPG%E,CATSPGYEQFF,TRBV24-1,TRBJ2-1,NA,Donor1:healthy,1.000000,-,-,-,-,-,-,-,-,-,-,-
132,SPG%E,2.2e-03,1,8,7.2e-07,1.0e+00,8.6e-01,1.0e+00,1.0e-03,8.3e-04,global-SPG%E,CSASPGNEQYF,TRBV20-1,TRBJ2-7,NA,Donor1:healthy,1.000000,-,-,-,-,-,-,-,-,-,-,-
132,SPG%E,2.2e-03,1,8,7.2e-07,1.0e+00,8.6e-01,1.0e+00,1.0e-03,8.3e-04,global-SPG%E,CATSPGGEQYF,TRBV15,TRBJ2-7,NA,Donor1:healthy,1.000000,-,-,-,-,-,-,-,-,-,-,-
132,SPG%E,2.2e-03,1,8,7.2e-07,1.0e+00,8.6e-01,1.0e+00,1.0e-03,8.3e-04,global-SPG%E,CASSPGTEAFF,TRBV28,TRBJ1-1,NA,Donor1:healthy,1.000000,-,-,-,-,-,-,-,-,-,-,-
132,SPG%E,2.2e-03,1,8,7.2e-07,1.0e+00,8.6e-01,1.0e+00,1.0e-03,8.3e-04,global-SPG%E,CASSPGHEQFF,TRBV6-3,TRBJ2-1,NA,Donor1:healthy,1.000000,-,-,-,-,-,-,-,-,-,-,-
132,SPG%E,2.2e-03,1,8,7.2e-07,1.0e+00,8.6e-01,1.0e+00,1.0e-03,8.3e-04,global-SPG%E,CASSPGQEAFF,TRBV13,TRBJ1-1,NA,Donor1:healthy,1.000000,-,-,-,-,-,-,-,-,-,-,-
132,SPG%E,2.2e-03,1,8,7.2e-07,1.0e+00,8.6e-01,1.0e+00,1.0e-03,8.3e-04,global-SPG%E,CASSPGNEQFF,TRBV27,TRBJ2-1,NA,Donor1:healthy,1.000000,-,-,-,-,-,-,-,-,-,-,-
132,SPG%E,2.2e-03,1,8,7.2e-07,1.0e+00,8.6e-01,1.0e+00,1.0e-03,8.3e-04,global-SPG%E,CASSPGYEQYF,TRBV19,TRBJ2-7,NA,Donor1:healthy,1.000000,-,-,-,-,-,-,-,-,-,-,-
132,SPG%E,2.2e-03,1,8,7.2e-07,1.0e+00,8.6e-01,1.0e+00,1.0e-03,8.3e-04,global-SPG%E,CASSPGYEQYF,TRBV28,TRBJ2-7,NA,Donor1:healthy,1.000000,-,-,-,-,-,-,-,-,-,-,-
132,SPG%E,2.2e-03,1,8,7.2e-07,1.0e+00,8.6e-01,1.0e+00,1.0e-03,8.3e-04,global-SPG%E,CASSPGYEQYF,TRBV5-8,TRBJ2-7,NA,Donor1:healthy,1.000000,-,-,-,-,-,-,-,-,-,-,-
132,SPG%E,2.2e-03,1,8,7.2e-07,1.0e+00,8.6e-01,1.0e+00,1.0e-03,8.3e-04,global-SPG%E,CASSPGYEQYF,TRBV6-6,TRBJ2-7,NA,Donor1:healthy,1.000000,-,-,-,-,-,-,-,-,-,-,-

133,SLG%GE,2.4e-03,1,7,8.8e-08,1.0e+00,4.2e-01,2.4e-01,1.0e-03,8.6e-04,global-SLG%GE,CASSLGSGELFF,TRBV5-4,TRBJ2-2,NA,Donor1:healthy,1.000000,-,-,-,-,-,-,-,-,-,-,-
133,SLG%GE,2.4e-03,1,7,8.8e-08,1.0e+00,4.2e-01,2.4e-01,1.0e-03,8.6e-04,global-SLG%GE,CASSLGHGEQYF,TRBV7-9,TRBJ2-7,NA,Donor1:healthy,1.000000,-,-,-,-,-,-,-,-,-,-,-
133,SLG%GE,2.4e-03,1,7,8.8e-08,1.0e+00,4.2e-01,2.4e-01,1.0e-03,8.6e-04,global-SLG%GE,CASSLGQGEQFF,TRBV3-1,TRBJ2-1,NA,Donor1:healthy,1.000000,-,-,-,-,-,-,-,-,-,-,-
133,SLG%GE,2.4e-03,1,7,8.8e-08,1.0e+00,4.2e-01,2.4e-01,1.0e-03,8.6e-04,global-SLG%GE,CASSLGQGEQYF,TRBV7-9,TRBJ2-7,NA,Donor1:healthy,1.000000,-,-,-,-,-,-,-,-,-,-,-
133,SLG%GE,2.4e-03,1,7,8.8e-08,1.0e+00,4.2e-01,2.4e-01,1.0e-03,8.6e-04,global-SLG%GE,CASSLGAGELFF,TRBV12-3,TRBJ2-2,NA,Donor1:healthy,1.000000,-,-,-,-,-,-,-,-,-,-,-
133,SLG%GE,2.4e-03,1,7,8.8e-08,1.0e+00,4.2e-01,2.4e-01,1.0e-03,8.6e-04,global-SLG%GE,CASSLGAGELFF,TRBV27,TRBJ2-2,NA,Donor1:healthy,1.000000,-,-,-,-,-,-,-,-,-,-,-
133,SLG%GE,2.4e-03,1,7,8.8e-08,1.0e+00,4.2e-01,2.4e-01,1.0e-03,8.6e-04,global-SLG%GE,CASSLGAGELFF,TRBV5-1,TRBJ2-2,NA,Donor1:healthy,3.000000,-,-,-,-,-,-,-,-,-,-,-
133,SLG%GE,2.4e-03,1,7,8.8e-08,1.0e+00,4.2e-01,2.4e-01,1.0e-03,8.6e-04,global-SLG%GE,CASSLGAGELFF,TRBV7-9,TRBJ2-2,NA,Donor1:healthy,1.000000,-,-,-,-,-,-,-,-,-,-,-
133,SLG%GE,2.4e-03,1,7,8.8e-08,1.0e+00,4.2e-01,2.4e-01,1.0e-03,8.6e-04,global-SLG%GE,CASSLGGGEQFF,TRBV7-9,TRBJ2-1,NA,Donor1:healthy,1.000000,-,-,-,-,-,-,-,-,-,-,-
133,SLG%GE,2.4e-03,1,7,8.8e-08,1.0e+00,4.2e-01,2.4e-01,1.0e-03,8.6e-04,global-SLG%GE,CASSLGGGEQYF,TRBV4-3,TRBJ2-7,NA,Donor1:healthy,1.000000,-,-,-,-,-,-,-,-,-,-,-

134,SQ%TYE,2.7e-03,1,3,1.2e-06,1.0e+00,1.9e-01,1.0e+00,1.0e-03,6.2e-03,global-SQ%TYE,CASSQSTYEQYF,TRBV28,TRBJ2-7,NA,Donor1:healthy,1.000000,-,-,-,-,-,-,-,-,-,-,-
134,SQ%TYE,2.7e-03,1,3,1.2e-06,1.0e+00,1.9e-01,1.0e+00,1.0e-03,6.2e-03,global-SQ%TYE,CASSQGTYEQYF,TRBV7-9,TRBJ2-7,NA,Donor1:healthy,1.000000,-,-,-,-,-,-,-,-,-,-,-
134,SQ%TYE,2.7e-03,1,3,1.2e-06,1.0e+00,1.9e-01,1.0e+00,1.0e-03,6.2e-03,global-SQ%TYE,CSASQGTYEQYF,TRBV20-1,TRBJ2-7,NA,Donor1:healthy,1.000000,-,-,-,-,-,-,-,-,-,-,-

135,SL%TDT,2.7e-03,1,5,3.3e-07,1.0e+00,2.3e-01,1.0e+00,1.0e-03,1.5e-03,global-SL%TDT,CASSLETDTQYF,TRBV5-4,TRBJ2-3,NA,Donor1:healthy,1.000000,-,-,-,-,-,-,-,-,-,-,-
135,SL%TDT,2.7e-03,1,5,3.3e-07,1.0e+00,2.3e-01,1.0e+00,1.0e-03,1.5e-03,global-SL%TDT,CASSLATDTQYF,TRBV7-9,TRBJ2-3,NA,Donor1:healthy,1.000000,-,-,-,-,-,-,-,-,-,-,-
135,SL%TDT,2.7e-03,1,5,3.3e-07,1.0e+00,2.3e-01,1.0e+00,1.0e-03,1.5e-03,global-SL%TDT,CASSLNTDTQYF,TRBV5-1,TRBJ2-3,NA,Donor1:healthy,1.000000,-,-,-,-,-,-,-,-,-,-,-
135,SL%TDT,2.7e-03,1,5,3.3e-07,1.0e+00,2.3e-01,1.0e+00,1.0e-03,1.5e-03,global-SL%TDT,CASSLSTDTQYF,TRBV5-6,TRBJ2-3,NA,Donor1:healthy,1.000000,-,-,-,-,-,-,-,-,-,-,-
135,SL%TDT,2.7e-03,1,5,3.3e-07,1.0e+00,2.3e-01,1.0e+00,1.0e-03,1.5e-03,global-SL%TDT,CASSLGTDTQYF,TRBV27,TRBJ2-3,NA,Donor1:healthy,1.000000,-,-,-,-,-,-,-,-,-,-,-
135,SL%TDT,2.7e-03,1,5,3.3e-07,1.0e+00,2.3e-01,1.0e+00,1.0e-03,1.5e-03,global-SL%TDT,CASSLGTDTQYF,TRBV5-6,TRBJ2-3,NA,Donor1:healthy,1.000000,-,-,-,-,-,-,-,-,-,-,-

136,SSGT%E,2.7e-03,1,4,8.2e-07,1.0e+00,3.5e-01,1.0e+00,1.0e-03,2.3e-03,global-SSGT%E,CASSSGTGELFF,TRBV9,TRBJ2-2,NA,Donor1:healthy,1.000000,-,-,-,-,-,-,-,-,-,-,-
136,SSGT%E,2.7e-03,1,4,8.2e-07,1.0e+00,3.5e-01,1.0e+00,1.0e-03,2.3e-03,global-SSGT%E,CASSSGTEEQYF,TRBV12-4,TRBJ2-7,NA,Donor1:healthy,1.000000,-,-,-,-,-,-,-,-,-,-,-
136,SSGT%E,2.7e-03,1,4,8.2e-07,1.0e+00,3.5e-01,1.0e+00,1.0e-03,2.3e-03,global-SSGT%E,CASSSGTGEAFF,TRBV7-9,TRBJ1-1,NA,Donor1:healthy,1.000000,-,-,-,-,-,-,-,-,-,-,-
136,SSGT%E,2.7e-03,1,4,8.2e-07,1.0e+00,3.5e-01,1.0e+00,1.0e-03,2.3e-03,global-SSGT%E,CASSSGTSEAFF,TRBV27,TRBJ1-1,NA,Donor1:healthy,1.000000,-,-,-,-,-,-,-,-,-,-,-

137,S%TLNTE,2.7e-03,1,5,7.8e-07,1.0e+00,5.3e-01,1.0e+00,1.0e-03,1.5e-03,global-S%TLNTE,CASSRTLNTEAFF,TRBV27,TRBJ1-1,NA,Donor1:healthy,1.000000,-,-,-,-,-,-,-,-,-,-,-
137,S%TLNTE,2.7e-03,1,5,7.8e-07,1.0e+00,5.3e-01,1.0e+00,1.0e-03,1.5e-03,global-S%TLNTE,CASSGTLNTEAFF,TRBV19,TRBJ1-1,NA,Donor1:healthy,1.000000,-,-,-,-,-,-,-,-,-,-,-
137,S%TLNTE,2.7e-03,1,5,7.8e-07,1.0e+00,5.3e-01,1.0e+00,1.0e-03,1.5e-03,global-S%TLNTE,CASSATLNTEAFF,TRBV5-6,TRBJ1-1,NA,Donor1:healthy,1.000000,-,-,-,-,-,-,-,-,-,-,-
137,S%TLNTE,2.7e-03,1,5,7.8e-07,1.0e+00,5.3e-01,1.0e+00,1.0e-03,1.5e-03,global-S%TLNTE,CASSVTLNTEAFF,TRBV10-1,TRBJ1-1,NA,Donor1:healthy,1.000000,-,-,-,-,-,-,-,-,-,-,-
137,S%TLNTE,2.7e-03,1,5,7.8e-07,1.0e+00,5.3e-01,1.0e+00,1.0e-03,1.5e-03,global-S%TLNTE,CASSNTLNTEAFF,TRBV14,TRBJ1-1,NA,Donor1:healthy,1.000000,-,-,-,-,-,-,-,-,-,-,-

138,S%GQVNQP,2.7e-03,1,3,1.2e-06,1.0e+00,2.0e-01,1.0e+00,1.0e-03,6.2e-03,global-S%GQVNQP,CASSQGQVNQPQHF,TRBV27,TRBJ1-5,NA,Donor1:healthy,1.000000,-,-,-,-,-,-,-,-,-,-,-
138,S%GQVNQP,2.7e-03,1,3,1.2e-06,1.0e+00,2.0e-01,1.0e+00,1.0e-03,6.2e-03,global-S%GQVNQP,CASSHGQVNQPQHF,TRBV28,TRBJ1-5,NA,Donor1:healthy,1.000000,-,-,-,-,-,-,-,-,-,-,-
138,S%GQVNQP,2.7e-03,1,3,1.2e-06,1.0e+00,2.0e-01,1.0e+00,1.0e-03,6.2e-03,global-S%GQVNQP,CASSYGQVNQPQHF,TRBV6-3,TRBJ1-5,NA,Donor1:healthy,1.000000,-,-,-,-,-,-,-,-,-,-,-

139,SV%GSGTDT,2.7e-03,1,3,3.1e-08,1.0e+00,5.0e-03,1.0e+00,1.0e-03,6.2e-03,global-SV%GSGTDT,CAWSVGGSGTDTQYF,TRBV30,TRBJ2-3,NA,Donor1:healthy,1.000000,-,-,-,-,-,-,-,-,-,-,-
139,SV%GSGTDT,2.7e-03,1,3,3.1e-08,1.0e+00,5.0e-03,1.0e+00,1.0e-03,6.2e-03,global-SV%GSGTDT,CASSVQGSGTDTQYF,TRBV9,TRBJ2-3,NA,Donor1:healthy,1.000000,-,-,-,-,-,-,-,-,-,-,-
139,SV%GSGTDT,2.7e-03,1,3,3.1e-08,1.0e+00,5.0e-03,1.0e+00,1.0e-03,6.2e-03,global-SV%GSGTDT,CASSVSGSGTDTQYF,TRBV9,TRBJ2-3,NA,Donor1:healthy,1.000000,-,-,-,-,-,-,-,-,-,-,-

140,S%GGGTE,3.0e-03,1,6,2.1e-08,1.0e+00,3.5e-01,5.0e-02,1.0e-03,1.2e-03,global-S%GGGTE,CASSYGGGTEAFF,TRBV6-3,TRBJ1-1,NA,Donor1:healthy,1.000000,-,-,-,-,-,-,-,-,-,-,-
140,S%GGGTE,3.0e-03,1,6,2.1e-08,1.0e+00,3.5e-01,5.0e-02,1.0e-03,1.2e-03,global-S%GGGTE,CASSYGGGTEAFF,TRBV6-5,TRBJ1-1,NA,Donor1:healthy,1.000000,-,-,-,-,-,-,-,-,-,-,-
140,S%GGGTE,3.0e-03,1,6,2.1e-08,1.0e+00,3.5e-01,5.0e-02,1.0e-03,1.2e-03,global-S%GGGTE,CASSVGGGTEAFF,TRBV9,TRBJ1-1,NA,Donor1:healthy,10.000000,-,-,-,-,-,-,-,-,-,-,-
140,S%GGGTE,3.0e-03,1,6,2.1e-08,1.0e+00,3.5e-01,5.0e-02,1.0e-03,1.2e-03,global-S%GGGTE,CASSTGGGTEAFF,TRBV19,TRBJ1-1,NA,Donor1:healthy,1.000000,-,-,-,-,-,-,-,-,-,-,-
140,S%GGGTE,3.0e-03,1,6,2.1e-08,1.0e+00,3.5e-01,5.0e-02,1.0e-03,1.2e-03,global-S%GGGTE,CASSLGGGTEAFF,TRBV27,TRBJ1-1,NA,Donor1:healthy,1.000000,-,-,-,-,-,-,-,-,-,-,-
140,S%GGGTE,3.0e-03,1,6,2.1e-08,1.0e+00,3.5e-01,5.0e-02,1.0e-03,1.2e-03,global-S%GGGTE,CASSFGGGTEAFF,TRBV5-1,TRBJ1-1,NA,Donor1:healthy,1.000000,-,-,-,-,-,-,-,-,-,-,-
140,S%GGGTE,3.0e-03,1,6,2.1e-08,1.0e+00,3.5e-01,5.0e-02,1.0e-03,1.2e-03,global-S%GGGTE,CASSVGGGTEQFF,TRBV9,TRBJ2-1,NA,Donor1:healthy,1.000000,-,-,-,-,-,-,-,-,-,-,-

141,SLG%NE,3.1e-03,1,7,1.7e-08,1.0e+00,1.6e-01,1.2e-01,1.0e-03,8.6e-04,global-SLG%NE,CASSLGSNEQYF,TRBV7-9,TRBJ2-7,NA,Donor1:healthy,1.000000,-,-,-,-,-,-,-,-,-,-,-
141,SLG%NE,3.1e-03,1,7,1.7e-08,1.0e+00,1.6e-01,1.2e-01,1.0e-03,8.6e-04,global-SLG%NE,CASSLGKNEQFF,TRBV11-2,TRBJ2-1,NA,Donor1:healthy,5.000000,-,-,-,-,-,-,-,-,-,-,-
141,SLG%NE,3.1e-03,1,7,1.7e-08,1.0e+00,1.6e-01,1.2e-01,1.0e-03,8.6e-04,global-SLG%NE,CASSLGKNEQFF,TRBV27,TRBJ2-1,NA,Donor1:healthy,1.000000,-,-,-,-,-,-,-,-,-,-,-
141,SLG%NE,3.1e-03,1,7,1.7e-08,1.0e+00,1.6e-01,1.2e-01,1.0e-03,8.6e-04,global-SLG%NE,CASSLGANEQFF,TRBV7-9,TRBJ2-1,NA,Donor1:healthy,1.000000,-,-,-,-,-,-,-,-,-,-,-
141,SLG%NE,3.1e-03,1,7,1.7e-08,1.0e+00,1.6e-01,1.2e-01,1.0e-03,8.6e-04,global-SLG%NE,CASSLGQNEQFF,TRBV11-2,TRBJ2-1,NA,Donor1:healthy,1.000000,-,-,-,-,-,-,-,-,-,-,-
141,SLG%NE,3.1e-03,1,7,1.7e-08,1.0e+00,1.6e-01,1.2e-01,1.0e-03,8.6e-04,global-SLG%NE,CASSLGGNEQFF,TRBV12-4,TRBJ2-1,NA,Donor1:healthy,1.000000,-,-,-,-,-,-,-,-,-,-,-
141,SLG%NE,3.1e-03,1,7,1.7e-08,1.0e+00,1.6e-01,1.2e-01,1.0e-03,8.6e-04,global-SLG%NE,CASSLGGNEQFF,TRBV7-9,TRBJ2-1,NA,Donor1:healthy,3.000000,-,-,-,-,-,-,-,-,-,-,-
141,SLG%NE,3.1e-03,1,7,1.7e-08,1.0e+00,1.6e-01,1.2e-01,1.0e-03,8.6e-04,global-SLG%NE,CASSLGGNEQYF,TRBV11-1,TRBJ2-7,NA,Donor1:healthy,1.000000,-,-,-,-,-,-,-,-,-,-,-
141,SLG%NE,3.1e-03,1,7,1.7e-08,1.0e+00,1.6e-01,1.2e-01,1.0e-03,8.6e-04,global-SLG%NE,CASSLGGNEQYF,TRBV7-9,TRBJ2-7,NA,Donor1:healthy,1.000000,-,-,-,-,-,-,-,-,-,-,-
141,SLG%NE,3.1e-03,1,7,1.7e-08,1.0e+00,1.6e-01,1.2e-01,1.0e-03,8.6e-04,global-SLG%NE,CASSLGVNEQYF,TRBV7-2,TRBJ2-7,NA,Donor1:healthy,1.000000,-,-,-,-,-,-,-,-,-,-,-

142,S%GET,3.4e-03,1,6,1.7e-08,1.0e+00,4.0e-02,3.6e-01,1.0e-03,1.2e-03,global-S%GET,CASSFGETQYF,TRBV12-4,TRBJ2-5,NA,Donor1:healthy,1.000000,-,-,-,-,-,-,-,-,-,-,-
142,S%GET,3.4e-03,1,6,1.7e-08,1.0e+00,4.0e-02,3.6e-01,1.0e-03,1.2e-03,global-S%GET,CASSFGETQYF,TRBV7-9,TRBJ2-5,NA,Donor1:healthy,1.000000,-,-,-,-,-,-,-,-,-,-,-
142,S%GET,3.4e-03,1,6,1.7e-08,1.0e+00,4.0e-02,3.6e-01,1.0e-03,1.2e-03,global-S%GET,CSASIGETQYF,TRBV20-1,TRBJ2-5,NA,Donor1:healthy,1.000000,-,-,-,-,-,-,-,-,-,-,-
142,S%GET,3.4e-03,1,6,1.7e-08,1.0e+00,4.0e-02,3.6e-01,1.0e-03,1.2e-03,global-S%GET,CASSLGETQYF,TRBV27,TRBJ2-5,NA,Donor1:healthy,2.000000,-,-,-,-,-,-,-,-,-,-,-
142,S%GET,3.4e-03,1,6,1.7e-08,1.0e+00,4.0e-02,3.6e-01,1.0e-03,1.2e-03,global-S%GET,CASSLGETQYF,TRBV5-4,TRBJ2-5,NA,Donor1:healthy,1.000000,-,-,-,-,-,-,-,-,-,-,-
142,S%GET,3.4e-03,1,6,1.7e-08,1.0e+00,4.0e-02,3.6e-01,1.0e-03,1.2e-03,global-S%GET,CASSLGETQYF,TRBV7-9,TRBJ2-5,NA,Donor1:healthy,1.000000,-,-,-,-,-,-,-,-,-,-,-
142,S%GET,3.4e-03,1,6,1.7e-08,1.0e+00,4.0e-02,3.6e-01,1.0e-03,1.2e-03,global-S%GET,CASSVGETQYF,TRBV27,TRBJ2-5,NA,Donor1:healthy,1.000000,-,-,-,-,-,-,-,-,-,-,-
142,S%GET,3.4e-03,1,6,1.7e-08,1.0e+00,4.0e-02,3.6e-01,1.0e-03,1.2e-03,global-S%GET,CASSVGETQYF,TRBV9,TRBJ2-5,NA,Donor1:healthy,1.000000,-,-,-,-,-,-,-,-,-,-,-
142,S%GET,3.4e-03,1,6,1.7e-08,1.0e+00,4.0e-02,3.6e-01,1.0e-03,1.2e-03,global-S%GET,CASSSGETQYF,TRBV12-4,TRBJ2-5,NA,Donor1:healthy,1.000000,-,-,-,-,-,-,-,-,-,-,-
142,S%GET,3.4e-03,1,6,1.7e-08,1.0e+00,4.0e-02,3.6e-01,1.0e-03,1.2e-03,global-S%GET,CASSTGETQYF,TRBV7-9,TRBJ2-5,NA,Donor1:healthy,1.000000,-,-,-,-,-,-,-,-,-,-,-

143,SP%GLNTE,3.4e-03,1,4,7.4e-07,1.0e+00,3.2e-01,1.0e+00,1.0e-03,2.3e-03,global-SP%GLNTE,CASSPRGLNTEAFF,TRBV28,TRBJ1-1,NA,Donor1:healthy,1.000000,-,-,-,-,-,-,-,-,-,-,-
143,SP%GLNTE,3.4e-03,1,4,7.4e-07,1.0e+00,3.2e-01,1.0e+00,1.0e-03,2.3e-03,global-SP%GLNTE,CASSPNGLNTEAFF,TRBV6-1,TRBJ1-1,NA,Donor1:healthy,1.000000,-,-,-,-,-,-,-,-,-,-,-
143,SP%GLNTE,3.4e-03,1,4,7.4e-07,1.0e+00,3.2e-01,1.0e+00,1.0e-03,2.3e-03,global-SP%GLNTE,CASSPTGLNTEAFF,TRBV18,TRBJ1-1,NA,Donor1:healthy,1.000000,-,-,-,-,-,-,-,-,-,-,-
143,SP%GLNTE,3.4e-03,1,4,7.4e-07,1.0e+00,3.2e-01,1.0e+00,1.0e-03,2.3e-03,global-SP%GLNTE,CASSPSGLNTEAFF,TRBV9,TRBJ1-1,NA,Donor1:healthy,1.000000,-,-,-,-,-,-,-,-,-,-,-

144,SL%GSYE,3.8e-03,1,6,1.2e-07,1.0e+00,3.3e-01,2.9e-01,1.0e-03,1.2e-03,global-SL%GSYE,CATSLSGSYEQYF,TRBV24-1,TRBJ2-7,NA,Donor1:healthy,1.000000,-,-,-,-,-,-,-,-,-,-,-
144,SL%GSYE,3.8e-03,1,6,1.2e-07,1.0e+00,3.3e-01,2.9e-01,1.0e-03,1.2e-03,global-SL%GSYE,CASSLDGSYEQYF,TRBV7-2,TRBJ2-7,NA,Donor1:healthy,1.000000,-,-,-,-,-,-,-,-,-,-,-
144,SL%GSYE,3.8e-03,1,6,1.2e-07,1.0e+00,3.3e-01,2.9e-01,1.0e-03,1.2e-03,global-SL%GSYE,CASSLEGSYEQYF,TRBV13,TRBJ2-7,NA,Donor1:healthy,1.000000,-,-,-,-,-,-,-,-,-,-,-
144,SL%GSYE,3.8e-03,1,6,1.2e-07,1.0e+00,3.3e-01,2.9e-01,1.0e-03,1.2e-03,global-SL%GSYE,CASSLAGSYEQYF,TRBV7-9,TRBJ2-7,NA,Donor1:healthy,1.000000,-,-,-,-,-,-,-,-,-,-,-
144,SL%GSYE,3.8e-03,1,6,1.2e-07,1.0e+00,3.3e-01,2.9e-01,1.0e-03,1.2e-03,global-SL%GSYE,CASSLGGSYEQYF,TRBV11-2,TRBJ2-7,NA,Donor1:healthy,2.000000,-,-,-,-,-,-,-,-,-,-,-
144,SL%GSYE,3.8e-03,1,6,1.2e-07,1.0e+00,3.3e-01,2.9e-01,1.0e-03,1.2e-03,global-SL%GSYE,CASSLGGSYEQYF,TRBV5-6,TRBJ2-7,NA,Donor1:healthy,1.000000,-,-,-,-,-,-,-,-,-,-,-
144,SL%GSYE,3.8e-03,1,6,1.2e-07,1.0e+00,3.3e-01,2.9e-01,1.0e-03,1.2e-03,global-SL%GSYE,CASSLSGSYEQYF,TRBV11-2,TRBJ2-7,NA,Donor1:healthy,1.000000,-,-,-,-,-,-,-,-,-,-,-

145,%LGNQP,3.9e-03,1,3,2.0e-06,1.0e+00,3.3e-01,1.0e+00,1.0e-03,6.2e-03,global-%LGNQP,CASTLGNQPQHF,TRBV7-9,TRBJ1-5,NA,Donor1:healthy,1.000000,-,-,-,-,-,-,-,-,-,-,-
145,%LGNQP,3.9e-03,1,3,2.0e-06,1.0e+00,3.3e-01,1.0e+00,1.0e-03,6.2e-03,global-%LGNQP,CASSLGNQPQHF,TRBV5-4,TRBJ1-5,NA,Donor1:healthy,1.000000,-,-,-,-,-,-,-,-,-,-,-
145,%LGNQP,3.9e-03,1,3,2.0e-06,1.0e+00,3.3e-01,1.0e+00,1.0e-03,6.2e-03,global-%LGNQP,CASSLGNQPQHF,TRBV7-2,TRBJ1-5,NA,Donor1:healthy,1.000000,-,-,-,-,-,-,-,-,-,-,-
145,%LGNQP,3.9e-03,1,3,2.0e-06,1.0e+00,3.3e-01,1.0e+00,1.0e-03,6.2e-03,global-%LGNQP,CASGLGNQPQHF,TRBV28,TRBJ1-5,NA,Donor1:healthy,1.000000,-,-,-,-,-,-,-,-,-,-,-

146,GR%SYE,3.9e-03,1,3,1.1e-06,1.0e+00,1.8e-01,1.0e+00,1.0e-03,6.2e-03,global-GR%SYE,CASGRNSYEQYF,TRBV7-2,TRBJ2-7,NA,Donor1:healthy,1.000000,-,-,-,-,-,-,-,-,-,-,-
146,GR%SYE,3.9e-03,1,3,1.1e-06,1.0e+00,1.8e-01,1.0e+00,1.0e-03,6.2e-03,global-GR%SYE,CATGRDSYEQYF,TRBV6-3,TRBJ2-7,NA,Donor1:healthy,1.000000,-,-,-,-,-,-,-,-,-,-,-
146,GR%SYE,3.9e-03,1,3,1.1e-06,1.0e+00,1.8e-01,1.0e+00,1.0e-03,6.2e-03,global-GR%SYE,CAWGRSSYEQYF,TRBV30,TRBJ2-7,NA,Donor1:healthy,1.000000,-,-,-,-,-,-,-,-,-,-,-

147,SLA%RE,3.9e-03,1,3,1.3e-06,1.0e+00,2.1e-01,1.0e+00,1.0e-03,6.2e-03,global-SLA%RE,CASSLAAREQFF,TRBV12-3,TRBJ2-1,NA,Donor1:healthy,1.000000,-,-,-,-,-,-,-,-,-,-,-
147,SLA%RE,3.9e-03,1,3,1.3e-06,1.0e+00,2.1e-01,1.0e+00,1.0e-03,6.2e-03,global-SLA%RE,CASSLAGREQYF,TRBV5-4,TRBJ2-7,NA,Donor1:healthy,1.000000,-,-,-,-,-,-,-,-,-,-,-
147,SLA%RE,3.9e-03,1,3,1.3e-06,1.0e+00,2.1e-01,1.0e+00,1.0e-03,6.2e-03,global-SLA%RE,CASSLAVREQFF,TRBV5-6,TRBJ2-1,NA,Donor1:healthy,1.000000,-,-,-,-,-,-,-,-,-,-,-

148,SLQ%TE,3.9e-03,1,3,6.0e-07,1.0e+00,9.7e-02,1.0e+00,1.0e-03,6.2e-03,global-SLQ%TE,CASSLQSTEAFF,TRBV7-9,TRBJ1-1,NA,Donor1:healthy,1.000000,-,-,-,-,-,-,-,-,-,-,-
148,SLQ%TE,3.9e-03,1,3,6.0e-07,1.0e+00,9.7e-02,1.0e+00,1.0e-03,6.2e-03,global-SLQ%TE,CASSLQGTEQYF,TRBV7-9,TRBJ2-7,NA,Donor1:healthy,1.000000,-,-,-,-,-,-,-,-,-,-,-
148,SLQ%TE,3.9e-03,1,3,6.0e-07,1.0e+00,9.7e-02,1.0e+00,1.0e-03,6.2e-03,global-SLQ%TE,CASSLQNTEAFF,TRBV5-6,TRBJ1-1,NA,Donor1:healthy,1.000000,-,-,-,-,-,-,-,-,-,-,-

149,SLSGG%,3.9e-03,1,3,1.2e-06,1.0e+00,2.0e-01,1.0e+00,1.0e-03,6.2e-03,global-SLSGG%,CASSLSGGELFF,TRBV4-2,TRBJ2-2,NA,Donor1:healthy,1.000000,-,-,-,-,-,-,-,-,-,-,-
149,SLSGG%,3.9e-03,1,3,1.2e-06,1.0e+00,2.0e-01,1.0e+00,1.0e-03,6.2e-03,global-SLSGG%,CASSLSGGEQYF,TRBV27,TRBJ2-7,NA,Donor1:healthy,1.000000,-,-,-,-,-,-,-,-,-,-,-
149,SLSGG%,3.9e-03,1,3,1.2e-06,1.0e+00,2.0e-01,1.0e+00,1.0e-03,6.2e-03,global-SLSGG%,CASSLSGGKQFF,TRBV11-2,TRBJ2-1,NA,Donor1:healthy,1.000000,-,-,-,-,-,-,-,-,-,-,-

150,S%RSGYE,3.9e-03,1,3,8.4e-09,1.0e+00,1.3e-02,1.0e-01,1.0e-03,6.2e-03,global-S%RSGYE,CASSTRSGYEQYF,TRBV19,TRBJ2-7,NA,Donor1:healthy,3.000000,-,-,-,-,-,-,-,-,-,-,-
150,S%RSGYE,3.9e-03,1,3,8.4e-09,1.0e+00,1.3e-02,1.0e-01,1.0e-03,6.2e-03,global-S%RSGYE,CASSGRSGYEQYF,TRBV19,TRBJ2-7,NA,Donor1:healthy,1.000000,-,-,-,-,-,-,-,-,-,-,-
150,S%RSGYE,3.9e-03,1,3,8.4e-09,1.0e+00,1.3e-02,1.0e-01,1.0e-03,6.2e-03,global-S%RSGYE,CASSSRSGYEQYF,TRBV19,TRBJ2-7,NA,Donor1:healthy,1.000000,-,-,-,-,-,-,-,-,-,-,-
150,S%RSGYE,3.9e-03,1,3,8.4e-09,1.0e+00,1.3e-02,1.0e-01,1.0e-03,6.2e-03,global-S%RSGYE,CASSSRSGYEQYF,TRBV7-8,TRBJ2-7,NA,Donor1:healthy,1.000000,-,-,-,-,-,-,-,-,-,-,-

151,S%RSGYE,3.9e-03,1,3,1.3e-08,1.0e+00,1.1e-01,1.9e-02,1.0e-03,6.2e-03,global-S%RSGYE,CASSFRSGYEQYF,TRBV6-6,TRBJ2-7,NA,Donor1:healthy,1.000000,-,-,-,-,-,-,-,-,-,-,-
151,S%RSGYE,3.9e-03,1,3,1.3e-08,1.0e+00,1.1e-01,1.9e-02,1.0e-03,6.2e-03,global-S%RSGYE,CASSIRSGYEQFF,TRBV19,TRBJ2-1,NA,Donor1:healthy,15.000000,-,-,-,-,-,-,-,-,-,-,-
151,S%RSGYE,3.9e-03,1,3,1.3e-08,1.0e+00,1.1e-01,1.9e-02,1.0e-03,6.2e-03,global-S%RSGYE,CASSIRSGYEQYF,TRBV19,TRBJ2-7,NA,Donor1:healthy,4.000000,-,-,-,-,-,-,-,-,-,-,-

152,GL%GSYE,3.9e-03,1,3,6.4e-07,1.0e+00,1.0e-01,1.0e+00,1.0e-03,6.2e-03,global-GL%GSYE,CASGLQGSYEQYF,TRBV27,TRBJ2-7,NA,Donor1:healthy,1.000000,-,-,-,-,-,-,-,-,-,-,-
152,GL%GSYE,3.9e-03,1,3,6.4e-07,1.0e+00,1.0e-01,1.0e+00,1.0e-03,6.2e-03,global-GL%GSYE,CASGLSGSYEQYF,TRBV12-5,TRBJ2-7,NA,Donor1:healthy,1.000000,-,-,-,-,-,-,-,-,-,-,-
152,GL%GSYE,3.9e-03,1,3,6.4e-07,1.0e+00,1.0e-01,1.0e+00,1.0e-03,6.2e-03,global-GL%GSYE,CASGLAGSYEQYF,TRBV27,TRBJ2-7,NA,Donor1:healthy,1.000000,-,-,-,-,-,-,-,-,-,-,-

153,SIR%SYE,3.9e-03,1,3,6.2e-12,1.0e+00,1.0e-03,1.0e-03,1.0e-03,6.2e-03,global-SIR%SYE,CASSIRSSYEQFF,TRBV19,TRBJ2-1,NA,Donor1:healthy,4.000000,-,-,-,-,-,-,-,-,-,-,-
153,SIR%SYE,3.9e-03,1,3,6.2e-12,1.0e+00,1.0e-03,1.0e-03,1.0e-03,6.2e-03,global-SIR%SYE,CASSIRASYEQYF,TRBV19,TRBJ2-7,NA,Donor1:healthy,84.000000,-,-,-,-,-,-,-,-,-,-,-
153,SIR%SYE,3.9e-03,1,3,6.2e-12,1.0e+00,1.0e-03,1.0e-03,1.0e-03,6.2e-03,global-SIR%SYE,CASSIRSSYEQYF,TRBV19,TRBJ2-7,NA,Donor1:healthy,795.000000,-,-,-,-,-,-,-,-,-,-,-

154,SQA%NTGE,3.9e-03,1,3,1.0e-06,1.0e+00,1.6e-01,1.0e+00,1.0e-03,6.2e-03,global-SQA%NTGE,CASSQAANTGELFF,TRBV4-3,TRBJ2-2,NA,Donor1:healthy,1.000000,-,-,-,-,-,-,-,-,-,-,-
154,SQA%NTGE,3.9e-03,1,3,1.0e-06,1.0e+00,1.6e-01,1.0e+00,1.0e-03,6.2e-03,global-SQA%NTGE,CASSQAVNTGELFF,TRBV4-2,TRBJ2-2,NA,Donor1:healthy,1.000000,-,-,-,-,-,-,-,-,-,-,-
154,SQA%NTGE,3.9e-03,1,3,1.0e-06,1.0e+00,1.6e-01,1.0e+00,1.0e-03,6.2e-03,global-SQA%NTGE,CASSQATNTGELFF,TRBV14,TRBJ2-2,NA,Donor1:healthy,1.000000,-,-,-,-,-,-,-,-,-,-,-

155,%KQET,4.2e-03,1,2,1.8e-06,1.0e+00,6.3e-02,1.0e+00,1.0e-03,2.9e-02,global-%KQET,CQQQKQETQYF,TRBV21-1,TRBJ2-5,NA,Donor1:healthy,1.000000,-,-,-,-,-,-,-,-,-,-,-
155,%KQET,4.2e-03,1,2,1.8e-06,1.0e+00,6.3e-02,1.0e+00,1.0e-03,2.9e-02,global-%KQET,CASSKQETQYF,TRBV6-6,TRBJ2-5,NA,Donor1:healthy,1.000000,-,-,-,-,-,-,-,-,-,-,-

156,SS%EK,4.2e-03,1,2,2.1e-06,1.0e+00,7.3e-02,1.0e+00,1.0e-03,2.9e-02,global-SS%EK,CASSSNEKLFF,TRBV7-9,TRBJ1-4,NA,Donor1:healthy,1.000000,-,-,-,-,-,-,-,-,-,-,-
156,SS%EK,4.2e-03,1,2,2.1e-06,1.0e+00,7.3e-02,1.0e+00,1.0e-03,2.9e-02,global-SS%EK,CASSSGEKLFF,TRBV27,TRBJ1-4,NA,Donor1:healthy,1.000000,-,-,-,-,-,-,-,-,-,-,-

157,%SGGNT,4.2e-03,1,2,1.8e-06,1.0e+00,6.1e-02,1.0e+00,1.0e-03,2.9e-02,global-%SGGNT,CASSSGGNTIYF,TRBV5-6,TRBJ1-3,NA,Donor1:healthy,1.000000,-,-,-,-,-,-,-,-,-,-,-
157,%SGGNT,4.2e-03,1,2,1.8e-06,1.0e+00,6.1e-02,1.0e+00,1.0e-03,2.9e-02,global-%SGGNT,CASNSGGNTIYF,TRBV11-1,TRBJ1-3,NA,Donor1:healthy,1.000000,-,-,-,-,-,-,-,-,-,-,-

158,%PDTDT,4.2e-03,1,2,1.5e-06,1.0e+00,5.0e-02,1.0e+00,1.0e-03,2.9e-02,global-%PDTDT,CASTPDTDTQYF,TRBV12-4,TRBJ2-3,NA,Donor1:healthy,1.000000,-,-,-,-,-,-,-,-,-,-,-
158,%PDTDT,4.2e-03,1,2,1.5e-06,1.0e+00,5.0e-02,1.0e+00,1.0e-03,2.9e-02,global-%PDTDT,CASSPDTDTQYF,TRBV13,TRBJ2-3,NA,Donor1:healthy,1.000000,-,-,-,-,-,-,-,-,-,-,-

159,%SDGNE,4.2e-03,1,2,2.0e-06,1.0e+00,6.7e-02,1.0e+00,1.0e-03,2.9e-02,global-%SDGNE,CATTSDGNEQFF,TRBV15,TRBJ2-1,NA,Donor1:healthy,1.000000,-,-,-,-,-,-,-,-,-,-,-
159,%SDGNE,4.2e-03,1,2,2.0e-06,1.0e+00,6.7e-02,1.0e+00,1.0e-03,2.9e-02,global-%SDGNE,CASSSDGNEQFF,TRBV27,TRBJ2-1,NA,Donor1:healthy,1.000000,-,-,-,-,-,-,-,-,-,-,-

160,S%TGIG,4.2e-03,1,2,2.1e-06,1.0e+00,7.1e-02,1.0e+00,1.0e-03,2.9e-02,global-S%TGIG,CASSSTGIGYTF,TRBV5-6,TRBJ1-2,NA,Donor1:healthy,1.000000,-,-,-,-,-,-,-,-,-,-,-
160,S%TGIG,4.2e-03,1,2,2.1e-06,1.0e+00,7.1e-02,1.0e+00,1.0e-03,2.9e-02,global-S%TGIG,CASSTTGIGAFF,TRBV19,TRBJ1-1,NA,Donor1:healthy,1.000000,-,-,-,-,-,-,-,-,-,-,-

161,S%YNEK,4.2e-03,1,2,2.2e-06,1.0e+00,7.4e-02,1.0e+00,1.0e-03,2.9e-02,global-S%YNEK,CAGSGYNEKLFF,TRBV12-5,TRBJ1-4,NA,Donor1:healthy,1.000000,-,-,-,-,-,-,-,-,-,-,-
161,S%YNEK,4.2e-03,1,2,2.2e-06,1.0e+00,7.4e-02,1.0e+00,1.0e-03,2.9e-02,global-S%YNEK,CASSAYNEKLFF,TRBV27,TRBJ1-4,NA,Donor1:healthy,1.000000,-,-,-,-,-,-,-,-,-,-,-

162,N%GEET,4.2e-03,1,2,1.8e-06,1.0e+00,6.3e-02,1.0e+00,1.0e-03,2.9e-02,global-N%GEET,CASNKGEETQYF,TRBV12-3,TRBJ2-5,NA,Donor1:healthy,1.000000,-,-,-,-,-,-,-,-,-,-,-
162,N%GEET,4.2e-03,1,2,1.8e-06,1.0e+00,6.3e-02,1.0e+00,1.0e-03,2.9e-02,global-N%GEET,CATNEGEETQYF,TRBV25-1,TRBJ2-5,NA,Donor1:healthy,1.000000,-,-,-,-,-,-,-,-,-,-,-

163,SI%SGE,4.2e-03,1,2,2.9e-08,1.0e+00,1.0e-03,1.0e+00,1.0e-03,2.9e-02,global-SI%SGE,CASSIGSGEAFF,TRBV19,TRBJ1-1,NA,Donor1:healthy,1.000000,-,-,-,-,-,-,-,-,-,-,-
163,SI%SGE,4.2e-03,1,2,2.9e-08,1.0e+00,1.0e-03,1.0e+00,1.0e-03,2.9e-02,global-SI%SGE,CASSISSGELFF,TRBV19,TRBJ2-2,NA,Donor1:healthy,1.000000,-,-,-,-,-,-,-,-,-,-,-

164,SL%SYG,4.2e-03,1,4,7.8e-07,1.0e+00,3.3e-01,1.0e+00,1.0e-03,2.3e-03,global-SL%SYG,CASSLDSYGYTF,TRBV5-1,TRBJ1-2,NA,Donor1:healthy,1.000000,-,-,-,-,-,-,-,-,-,-,-
164,SL%SYG,4.2e-03,1,4,7.8e-07,1.0e+00,3.3e-01,1.0e+00,1.0e-03,2.3e-03,global-SL%SYG,CASSLGSYGYTF,TRBV19,TRBJ1-2,NA,Donor1:healthy,1.000000,-,-,-,-,-,-,-,-,-,-,-
164,SL%SYG,4.2e-03,1,4,7.8e-07,1.0e+00,3.3e-01,1.0e+00,1.0e-03,2.3e-03,global-SL%SYG,CASSLASYGYTF,TRBV5-5,TRBJ1-2,NA,Donor1:healthy,1.000000,-,-,-,-,-,-,-,-,-,-,-
164,SL%SYG,4.2e-03,1,4,7.8e-07,1.0e+00,3.3e-01,1.0e+00,1.0e-03,2.3e-03,global-SL%SYG,CASSLNSYGYTF,TRBV5-6,TRBJ1-2,NA,Donor1:healthy,1.000000,-,-,-,-,-,-,-,-,-,-,-

165,STG%YG,4.2e-03,1,4,1.7e-09,1.0e+00,1.3e-02,5.6e-02,1.0e-03,2.3e-03,global-STG%YG,CASSTGSYGYTF,TRBV19,TRBJ1-2,NA,Donor1:healthy,3.000000,-,-,-,-,-,-,-,-,-,-,-
165,STG%YG,4.2e-03,1,4,1.7e-09,1.0e+00,1.3e-02,5.6e-02,1.0e-03,2.3e-03,global-STG%YG,CASSTGAYGYTF,TRBV19,TRBJ1-2,NA,Donor1:healthy,1.000000,-,-,-,-,-,-,-,-,-,-,-
165,STG%YG,4.2e-03,1,4,1.7e-09,1.0e+00,1.3e-02,5.6e-02,1.0e-03,2.3e-03,global-STG%YG,CASSTGTYGYTF,TRBV21-1,TRBJ1-2,NA,Donor1:healthy,1.000000,-,-,-,-,-,-,-,-,-,-,-
165,STG%YG,4.2e-03,1,4,1.7e-09,1.0e+00,1.3e-02,5.6e-02,1.0e-03,2.3e-03,global-STG%YG,CASSTGVYGYTF,TRBV19,TRBJ1-2,NA,Donor1:healthy,4.000000,-,-,-,-,-,-,-,-,-,-,-

166,SFV%SE,4.2e-03,1,2,1.8e-06,1.0e+00,6.1e-02,1.0e+00,1.0e-03,2.9e-02,global-SFV%SE,CASSFVESEQYF,TRBV7-6,TRBJ2-7,NA,Donor1:healthy,1.000000,-,-,-,-,-,-,-,-,-,-,-
166,SFV%SE,4.2e-03,1,2,1.8e-06,1.0e+00,6.1e-02,1.0e+00,1.0e-03,2.9e-02,global-SFV%SE,CASSFVSSEQYF,TRBV5-6,TRBJ2-7,NA,Donor1:healthy,1.000000,-,-,-,-,-,-,-,-,-,-,-

167,SID%NE,4.2e-03,1,2,1.8e-06,1.0e+00,6.2e-02,1.0e+00,1.0e-03,2.9e-02,global-SID%NE,CASSIDNNEQFF,TRBV19,TRBJ2-1,NA,Donor1:healthy,1.000000,-,-,-,-,-,-,-,-,-,-,-
167,SID%NE,4.2e-03,1,2,1.8e-06,1.0e+00,6.2e-02,1.0e+00,1.0e-03,2.9e-02,global-SID%NE,CAWSIDRNEQFF,TRBV30,TRBJ2-1,NA,Donor1:healthy,1.000000,-,-,-,-,-,-,-,-,-,-,-

168,SVD%YG,4.2e-03,1,2,2.9e-08,1.0e+00,1.0e-03,1.0e+00,1.0e-03,2.9e-02,global-SVD%YG,CASSVDDYGYTF,TRBV9,TRBJ1-2,NA,Donor1:healthy,1.000000,-,-,-,-,-,-,-,-,-,-,-
168,SVD%YG,4.2e-03,1,2,2.9e-08,1.0e+00,1.0e-03,1.0e+00,1.0e-03,2.9e-02,global-SVD%YG,CASSVDSYGYTF,TRBV9,TRBJ1-2,NA,Donor1:healthy,1.000000,-,-,-,-,-,-,-,-,-,-,-

169,SLAT%T,4.2e-03,1,2,2.2e-06,1.0e+00,7.7e-02,1.0e+00,1.0e-03,2.9e-02,global-SLAT%T,CASSLATETQYF,TRBV5-4,TRBJ2-5,NA,Donor1:healthy,1.000000,-,-,-,-,-,-,-,-,-,-,-
169,SLAT%T,4.2e-03,1,2,2.2e-06,1.0e+00,7.7e-02,1.0e+00,1.0e-03,2.9e-02,global-SLAT%T,CASSLATDTQYF,TRBV7-9,TRBJ2-3,NA,Donor1:healthy,1.000000,-,-,-,-,-,-,-,-,-,-,-

170,SVLG%P,4.2e-03,1,2,1.7e-06,1.0e+00,5.9e-02,1.0e+00,1.0e-03,2.9e-02,global-SVLG%P,CASSVLGSPLHF,TRBV9,TRBJ1-6,NA,Donor1:healthy,1.000000,-,-,-,-,-,-,-,-,-,-,-
170,SVLG%P,4.2e-03,1,2,1.7e-06,1.0e+00,5.9e-02,1.0e+00,1.0e-03,2.9e-02,global-SVLG%P,CAWSVLGQPQHF,TRBV30,TRBJ1-5,NA,Donor1:healthy,1.000000,-,-,-,-,-,-,-,-,-,-,-

171,SLTSA%,4.2e-03,1,2,1.9e-07,1.0e+00,8.1e-02,8.2e-02,1.0e-03,2.9e-02,global-SLTSA%,CASSLTSATQYF,TRBV11-2,TRBJ2-5,NA,Donor1:healthy,1.000000,-,-,-,-,-,-,-,-,-,-,-
171,SLTSA%,4.2e-03,1,2,1.9e-07,1.0e+00,8.1e-02,8.2e-02,1.0e-03,2.9e-02,global-SLTSA%,CASSLTSAAEFF,TRBV5-4,TRBJ2-1,NA,Donor1:healthy,2.000000,-,-,-,-,-,-,-,-,-,-,-

172,%LDKNTE,4.2e-03,1,2,2.0e-06,1.0e+00,6.9e-02,1.0e+00,1.0e-03,2.9e-02,global-%LDKNTE,CASNLDKNTEAFF,TRBV6-1,TRBJ1-1,NA,Donor1:healthy,1.000000,-,-,-,-,-,-,-,-,-,-,-
172,%LDKNTE,4.2e-03,1,2,2.0e-06,1.0e+00,6.9e-02,1.0e+00,1.0e-03,2.9e-02,global-%LDKNTE,CASTLDKNTEAFF,TRBV7-9,TRBJ1-1,NA,Donor1:healthy,1.000000,-,-,-,-,-,-,-,-,-,-,-

173,%LAGRGE,4.2e-03,1,2,2.0e-06,1.0e+00,6.8e-02,1.0e+00,1.0e-03,2.9e-02,global-%LAGRGE,CAVGLAGRGEQFF,TRBV15,TRBJ2-1,NA,Donor1:healthy,1.000000,-,-,-,-,-,-,-,-,-,-,-
173,%LAGRGE,4.2e-03,1,2,2.0e-06,1.0e+00,6.8e-02,1.0e+00,1.0e-03,2.9e-02,global-%LAGRGE,CASSLAGRGEQFF,TRBV27,TRBJ2-1,NA,Donor1:healthy,1.000000,-,-,-,-,-,-,-,-,-,-,-

174,%EVLTDT,4.2e-03,1,2,2.2e-06,1.0e+00,7.7e-02,1.0e+00,1.0e-03,2.9e-02,global-%EVLTDT,CASSEVLTDTQYF,TRBV7-2,TRBJ2-3,NA,Donor1:healthy,1.000000,-,-,-,-,-,-,-,-,-,-,-
174,%EVLTDT,4.2e-03,1,2,2.2e-06,1.0e+00,7.7e-02,1.0e+00,1.0e-03,2.9e-02,global-%EVLTDT,CASKEVLTDTQYF,TRBV6-6,TRBJ2-3,NA,Donor1:healthy,1.000000,-,-,-,-,-,-,-,-,-,-,-

175,%PTSTDT,4.2e-03,1,2,8.5e-08,1.0e+00,7.3e-02,4.0e-02,1.0e-03,2.9e-02,global-%PTSTDT,CASKPTSTDTQYF,TRBV27,TRBJ2-3,NA,Donor1:healthy,4.000000,-,-,-,-,-,-,-,-,-,-,-
175,%PTSTDT,4.2e-03,1,2,8.5e-08,1.0e+00,7.3e-02,4.0e-02,1.0e-03,2.9e-02,global-%PTSTDT,CASSPTSTDTQYF,TRBV28,TRBJ2-3,NA,Donor1:healthy,1.000000,-,-,-,-,-,-,-,-,-,-,-

176,%PGPGYE,4.2e-03,1,2,1.7e-06,1.0e+00,5.8e-02,1.0e+00,1.0e-03,2.9e-02,global-%PGPGYE,CASSPGPGYEQYF,TRBV7-3,TRBJ2-7,NA,Donor1:healthy,1.000000,-,-,-,-,-,-,-,-,-,-,-
176,%PGPGYE,4.2e-03,1,2,1.7e-06,1.0e+00,5.8e-02,1.0e+00,1.0e-03,2.9e-02,global-%PGPGYE,CASAPGPGYEQYF,TRBV6-1,TRBJ2-7,NA,Donor1:healthy,1.000000,-,-,-,-,-,-,-,-,-,-,-

177,%QGSTYE,4.2e-03,1,2,1.8e-06,1.0e+00,6.1e-02,1.0e+00,1.0e-03,2.9e-02,global-%QGSTYE,CSVGQGSTYEQYF,TRBV29-1,TRBJ2-7,NA,Donor1:healthy,1.000000,-,-,-,-,-,-,-,-,-,-,-
177,%QGSTYE,4.2e-03,1,2,1.8e-06,1.0e+00,6.1e-02,1.0e+00,1.0e-03,2.9e-02,global-%QGSTYE,CASSQGSTYEQYF,TRBV4-1,TRBJ2-7,NA,Donor1:healthy,1.000000,-,-,-,-,-,-,-,-,-,-,-

178,S%GGVSP,4.2e-03,1,2,1.7e-07,1.0e+00,6.4e-02,9.2e-02,1.0e-03,2.9e-02,global-S%GGVSP,CSASTGGVSPLHF,TRBV20-1,TRBJ1-6,NA,Donor1:healthy,1.000000,-,-,-,-,-,-,-,-,-,-,-
178,S%GGVSP,4.2e-03,1,2,1.7e-07,1.0e+00,6.4e-02,9.2e-02,1.0e-03,2.9e-02,global-S%GGVSP,CASSVGGVSPLHF,TRBV9,TRBJ1-6,NA,Donor1:healthy,2.000000,-,-,-,-,-,-,-,-,-,-,-

179,S%RAGET,4.2e-03,1,2,4.7e-10,1.0e+00,1.0e-03,1.6e-02,1.0e-03,2.9e-02,global-S%RAGET,CASSIRAGETQYF,TRBV19,TRBJ2-5,NA,Donor1:healthy,13.000000,-,-,-,-,-,-,-,-,-,-,-
179,S%RAGET,4.2e-03,1,2,4.7e-10,1.0e+00,1.0e-03,1.6e-02,1.0e-03,2.9e-02,global-S%RAGET,CASSVRAGETQYF,TRBV19,TRBJ2-5,NA,Donor1:healthy,2.000000,-,-,-,-,-,-,-,-,-,-,-

180,S%GQHYG,4.2e-03,1,2,1.8e-06,1.0e+00,6.2e-02,1.0e+00,1.0e-03,2.9e-02,global-S%GQHYG,CASSRGQHYGYTF,TRBV5-1,TRBJ1-2,NA,Donor1:healthy,1.000000,-,-,-,-,-,-,-,-,-,-,-
180,S%GQHYG,4.2e-03,1,2,1.8e-06,1.0e+00,6.2e-02,1.0e+00,1.0e-03,2.9e-02,global-S%GQHYG,CASSQGQHYGYTF,TRBV18,TRBJ1-2,NA,Donor1:healthy,1.000000,-,-,-,-,-,-,-,-,-,-,-

181,S%YRGQP,4.2e-03,1,2,2.4e-06,1.0e+00,8.2e-02,1.0e+00,1.0e-03,2.9e-02,global-S%YRGQP,CASSEYRGQPQHF,TRBV6-3,TRBJ1-5,NA,Donor1:healthy,1.000000,-,-,-,-,-,-,-,-,-,-,-
181,S%YRGQP,4.2e-03,1,2,2.4e-06,1.0e+00,8.2e-02,1.0e+00,1.0e-03,2.9e-02,global-S%YRGQP,CASSSYRGQPQHF,TRBV27,TRBJ1-5,NA,Donor1:healthy,1.000000,-,-,-,-,-,-,-,-,-,-,-

182,SS%GEDE,4.2e-03,1,2,1.8e-06,1.0e+00,6.3e-02,1.0e+00,1.0e-03,2.9e-02,global-SS%GEDE,CASSSAGEDEQYF,TRBV6-5,TRBJ2-7,NA,Donor1:healthy,1.000000,-,-,-,-,-,-,-,-,-,-,-
182,SS%GEDE,4.2e-03,1,2,1.8e-06,1.0e+00,6.3e-02,1.0e+00,1.0e-03,2.9e-02,global-SS%GEDE,CASSSSGEDEQFF,TRBV7-3,TRBJ2-1,NA,Donor1:healthy,1.000000,-,-,-,-,-,-,-,-,-,-,-

183,SS%NPYE,4.2e-03,1,2,2.3e-06,1.0e+00,8.0e-02,1.0e+00,1.0e-03,2.9e-02,global-SS%NPYE,CASSSVNPYEQYF,TRBV7-9,TRBJ2-7,NA,Donor1:healthy,1.000000,-,-,-,-,-,-,-,-,-,-,-
183,SS%NPYE,4.2e-03,1,2,2.3e-06,1.0e+00,8.0e-02,1.0e+00,1.0e-03,2.9e-02,global-SS%NPYE,CASSSTNPYEQYF,TRBV10-2,TRBJ2-7,NA,Donor1:healthy,1.000000,-,-,-,-,-,-,-,-,-,-,-

184,SF%GVET,4.2e-03,1,2,1.6e-06,1.0e+00,5.4e-02,1.0e+00,1.0e-03,2.9e-02,global-SF%GVET,CASSFSGVETQYF,TRBV7-7,TRBJ2-5,NA,Donor1:healthy,1.000000,-,-,-,-,-,-,-,-,-,-,-
184,SF%GVET,4.2e-03,1,2,1.6e-06,1.0e+00,5.4e-02,1.0e+00,1.0e-03,2.9e-02,global-SF%GVET,CASSFGGVETQYF,TRBV5-4,TRBJ2-5,NA,Donor1:healthy,1.000000,-,-,-,-,-,-,-,-,-,-,-

185,SG%PTDT,4.2e-03,1,2,1.8e-06,1.0e+00,6.3e-02,1.0e+00,1.0e-03,2.9e-02,global-SG%PTDT,CASSGGPTDTQYF,TRBV6-5,TRBJ2-3,NA,Donor1:healthy,1.000000,-,-,-,-,-,-,-,-,-,-,-
185,SG%PTDT,4.2e-03,1,2,1.8e-06,1.0e+00,6.3e-02,1.0e+00,1.0e-03,2.9e-02,global-SG%PTDT,CASSGAPTDTQYF,TRBV15,TRBJ2-3,NA,Donor1:healthy,1.000000,-,-,-,-,-,-,-,-,-,-,-

186,SF%RNYE,4.2e-03,1,2,1.8e-06,1.0e+00,6.3e-02,1.0e+00,1.0e-03,2.9e-02,global-SF%RNYE,CASSFGRNYEQYF,TRBV11-2,TRBJ2-7,NA,Donor1:healthy,1.000000,-,-,-,-,-,-,-,-,-,-,-
186,SF%RNYE,4.2e-03,1,2,1.8e-06,1.0e+00,6.3e-02,1.0e+00,1.0e-03,2.9e-02,global-SF%RNYE,CASSFSRNYEQYF,TRBV27,TRBJ2-7,NA,Donor1:healthy,1.000000,-,-,-,-,-,-,-,-,-,-,-

187,SPG%RGE,4.2e-03,1,2,2.0e-06,1.0e+00,6.8e-02,1.0e+00,1.0e-03,2.9e-02,global-SPG%RGE,CATSPGGRGELFF,TRBV24-1,TRBJ2-2,NA,Donor1:healthy,1.000000,-,-,-,-,-,-,-,-,-,-,-
187,SPG%RGE,4.2e-03,1,2,2.0e-06,1.0e+00,6.8e-02,1.0e+00,1.0e-03,2.9e-02,global-SPG%RGE,CASSPGSRGEQYF,TRBV12-3,TRBJ2-7,NA,Donor1:healthy,1.000000,-,-,-,-,-,-,-,-,-,-,-

188,SLG%GYG,4.2e-03,1,4,7.4e-07,1.0e+00,3.2e-01,1.0e+00,1.0e-03,2.3e-03,global-SLG%GYG,CASSLGQGYGYTF,TRBV7-9,TRBJ1-2,NA,Donor1:healthy,1.000000,-,-,-,-,-,-,-,-,-,-,-
188,SLG%GYG,4.2e-03,1,4,7.4e-07,1.0e+00,3.2e-01,1.0e+00,1.0e-03,2.3e-03,global-SLG%GYG,CASSLGTGYGYTF,TRBV6-3,TRBJ1-2,NA,Donor1:healthy,1.000000,-,-,-,-,-,-,-,-,-,-,-
188,SLG%GYG,4.2e-03,1,4,7.4e-07,1.0e+00,3.2e-01,1.0e+00,1.0e-03,2.3e-03,global-SLG%GYG,CASSLGSGYGYTF,TRBV27,TRBJ1-2,NA,Donor1:healthy,1.000000,-,-,-,-,-,-,-,-,-,-,-
188,SLG%GYG,4.2e-03,1,4,7.4e-07,1.0e+00,3.2e-01,1.0e+00,1.0e-03,2.3e-03,global-SLG%GYG,CASSLGVGYGYTF,TRBV12-3,TRBJ1-2,NA,Donor1:healthy,1.000000,-,-,-,-,-,-,-,-,-,-,-

189,SIG%GET,4.2e-03,1,2,2.3e-06,1.0e+00,7.8e-02,1.0e+00,1.0e-03,2.9e-02,global-SIG%GET,CASSIGMGETQYF,TRBV19,TRBJ2-5,NA,Donor1:healthy,1.000000,-,-,-,-,-,-,-,-,-,-,-
189,SIG%GET,4.2e-03,1,2,2.3e-06,1.0e+00,7.8e-02,1.0e+00,1.0e-03,2.9e-02,global-SIG%GET,CASSIGQGETQYF,TRBV5-1,TRBJ2-5,NA,Donor1:healthy,1.000000,-,-,-,-,-,-,-,-,-,-,-

190,SMR%SYE,4.2e-03,1,2,1.3e-09,1.0e+00,1.0e-03,4.3e-02,1.0e-03,2.9e-02,global-SMR%SYE,CASSMRASYEQYF,TRBV19,TRBJ2-7,NA,Donor1:healthy,3.000000,-,-,-,-,-,-,-,-,-,-,-
190,SMR%SYE,4.2e-03,1,2,1.3e-09,1.0e+00,1.0e-03,4.3e-02,1.0e-03,2.9e-02,global-SMR%SYE,CASSMRSSYEQYF,TRBV19,TRBJ2-7,NA,Donor1:healthy,2.000000,-,-,-,-,-,-,-,-,-,-,-

191,SSR%GSE,4.2e-03,1,2,2.1e-06,1.0e+00,7.3e-02,1.0e+00,1.0e-03,2.9e-02,global-SSR%GSE,CASSSRGGSEAFF,TRBV12-4,TRBJ1-1,NA,Donor1:healthy,1.000000,-,-,-,-,-,-,-,-,-,-,-
191,SSR%GSE,4.2e-03,1,2,2.1e-06,1.0e+00,7.3e-02,1.0e+00,1.0e-03,2.9e-02,global-SSR%GSE,CASSSRSGSEQYF,TRBV19,TRBJ2-7,NA,Donor1:healthy,1.000000,-,-,-,-,-,-,-,-,-,-,-

192,SPTT%YE,4.2e-03,1,2,1.7e-06,1.0e+00,6.0e-02,1.0e+00,1.0e-03,2.9e-02,global-SPTT%YE,CASSPTTGYEQYF,TRBV27,TRBJ2-7,NA,Donor1:healthy,1.000000,-,-,-,-,-,-,-,-,-,-,-
192,SPTT%YE,4.2e-03,1,2,1.7e-06,1.0e+00,6.0e-02,1.0e+00,1.0e-03,2.9e-02,global-SPTT%YE,CASSPTTSYEQYF,TRBV7-9,TRBJ2-7,NA,Donor1:healthy,1.000000,-,-,-,-,-,-,-,-,-,-,-

193,SIRA%ET,4.2e-03,1,2,4.4e-10,1.0e+00,1.0e-03,1.5e-02,1.0e-03,2.9e-02,global-SIRA%ET,CASSIRAGETQYF,TRBV19,TRBJ2-5,NA,Donor1:healthy,13.000000,-,-,-,-,-,-,-,-,-,-,-
193,SIRA%ET,4.2e-03,1,2,4.4e-10,1.0e+00,1.0e-03,1.5e-02,1.0e-03,2.9e-02,global-SIRA%ET,CASSIRASETQYF,TRBV19,TRBJ2-5,NA,Donor1:healthy,1.000000,-,-,-,-,-,-,-,-,-,-,-

194,SYLQ%YE,4.2e-03,1,2,1.8e-06,1.0e+00,6.2e-02,1.0e+00,1.0e-03,2.9e-02,global-SYLQ%YE,CASSYLQGYEQYF,TRBV6-3,TRBJ2-7,NA,Donor1:healthy,1.000000,-,-,-,-,-,-,-,-,-,-,-
194,SYLQ%YE,4.2e-03,1,2,1.8e-06,1.0e+00,6.2e-02,1.0e+00,1.0e-03,2.9e-02,global-SYLQ%YE,CASSYLQSYEQYF,TRBV7-2,TRBJ2-7,NA,Donor1:healthy,1.000000,-,-,-,-,-,-,-,-,-,-,-

195,SPTRD%E,4.2e-03,1,2,2.2e-06,1.0e+00,7.6e-02,1.0e+00,1.0e-03,2.9e-02,global-SPTRD%E,CASSPTRDNEQFF,TRBV13,TRBJ2-1,NA,Donor1:healthy,1.000000,-,-,-,-,-,-,-,-,-,-,-
195,SPTRD%E,4.2e-03,1,2,2.2e-06,1.0e+00,7.6e-02,1.0e+00,1.0e-03,2.9e-02,global-SPTRD%E,CASSPTRDTEAFF,TRBV18,TRBJ1-1,NA,Donor1:healthy,1.000000,-,-,-,-,-,-,-,-,-,-,-

196,SLWVG%E,4.2e-03,1,2,1.8e-06,1.0e+00,6.1e-02,1.0e+00,1.0e-03,2.9e-02,global-SLWVG%E,CASSLWVGTEAFF,TRBV7-8,TRBJ1-1,NA,Donor1:healthy,1.000000,-,-,-,-,-,-,-,-,-,-,-
196,SLWVG%E,4.2e-03,1,2,1.8e-06,1.0e+00,6.1e-02,1.0e+00,1.0e-03,2.9e-02,global-SLWVG%E,CASSLWVGSEQYF,TRBV27,TRBJ2-7,NA,Donor1:healthy,1.000000,-,-,-,-,-,-,-,-,-,-,-

197,SIRSA%E,4.2e-03,1,2,2.9e-11,1.0e+00,1.0e-03,1.0e-03,1.0e-03,2.9e-02,motif-IRSA motif-SIRS global-SIRSA%E,CASSIRSAWEQFF,TRBV19,TRBJ2-1,NA,Donor1:healthy,6.000000,-,-,-,-,-,-,-,-,-,-,-
197,SIRSA%E,4.2e-03,1,2,2.9e-11,1.0e+00,1.0e-03,1.0e-03,1.0e-03,2.9e-02,motif-IRSA motif-SIRS global-SIRSA%E,CASSIRSAYEQYF,TRBV19,TRBJ2-7,NA,Donor1:healthy,172.000000,-,-,-,-,-,-,-,-,-,-,-

198,SIRST%T,4.2e-03,1,2,5.2e-10,1.0e+00,1.0e-03,1.8e-02,1.0e-03,2.9e-02,motif-SIRS global-SIRST%T,CASSIRSTDTQYF,TRBV19,TRBJ2-3,NA,Donor1:healthy,8.000000,-,-,-,-,-,-,-,-,-,-,-
198,SIRST%T,4.2e-03,1,2,5.2e-10,1.0e+00,1.0e-03,1.8e-02,1.0e-03,2.9e-02,motif-SIRS global-SIRST%T,CASSIRSTETQYF,TRBV19,TRBJ2-5,NA,Donor1:healthy,1.000000,-,-,-,-,-,-,-,-,-,-,-

199,SLILG%E,4.2e-03,1,2,2.0e-06,1.0e+00,6.8e-02,1.0e+00,1.0e-03,2.9e-02,global-SLILG%E,CASSLILGNEQYF,TRBV5-4,TRBJ2-7,NA,Donor1:healthy,1.000000,-,-,-,-,-,-,-,-,-,-,-
199,SLILG%E,4.2e-03,1,2,2.0e-06,1.0e+00,6.8e-02,1.0e+00,1.0e-03,2.9e-02,global-SLILG%E,CASSLILGGEQFF,TRBV7-3,TRBJ2-1,NA,Donor1:healthy,1.000000,-,-,-,-,-,-,-,-,-,-,-

200,%LGPGNTE,4.2e-03,1,2,1.7e-06,1.0e+00,6.0e-02,1.0e+00,1.0e-03,2.9e-02,global-%LGPGNTE,CASGLGPGNTEAFF,TRBV12-5,TRBJ1-1,NA,Donor1:healthy,1.000000,-,-,-,-,-,-,-,-,-,-,-
200,%LGPGNTE,4.2e-03,1,2,1.7e-06,1.0e+00,6.0e-02,1.0e+00,1.0e-03,2.9e-02,global-%LGPGNTE,CASSLGPGNTEAFF,TRBV5-5,TRBJ1-1,NA,Donor1:healthy,1.000000,-,-,-,-,-,-,-,-,-,-,-

201,%LRGSTDT,4.2e-03,1,2,1.9e-06,1.0e+00,6.5e-02,1.0e+00,1.0e-03,2.9e-02,global-%LRGSTDT,CASSLRGSTDTQYF,TRBV5-4,TRBJ2-3,NA,Donor1:healthy,1.000000,-,-,-,-,-,-,-,-,-,-,-
201,%LRGSTDT,4.2e-03,1,2,1.9e-06,1.0e+00,6.5e-02,1.0e+00,1.0e-03,2.9e-02,global-%LRGSTDT,CSGELRGSTDTQYF,TRBV20-1,TRBJ2-3,NA,Donor1:healthy,1.000000,-,-,-,-,-,-,-,-,-,-,-

202,%TRDSNQP,4.2e-03,1,2,2.0e-08,1.0e+00,6.1e-02,1.1e-02,1.0e-03,2.9e-02,global-%TRDSNQP,CATDTRDSNQPQHF,TRBV19,TRBJ1-5,NA,Donor1:healthy,20.000000,-,-,-,-,-,-,-,-,-,-,-
202,%TRDSNQP,4.2e-03,1,2,2.0e-08,1.0e+00,6.1e-02,1.1e-02,1.0e-03,2.9e-02,global-%TRDSNQP,CASSTRDSNQPQHF,TRBV6-5,TRBJ1-5,NA,Donor1:healthy,1.000000,-,-,-,-,-,-,-,-,-,-,-

203,S%GSGNSP,4.2e-03,1,2,2.0e-06,1.0e+00,6.9e-02,1.0e+00,1.0e-03,2.9e-02,global-S%GSGNSP,CASSSGSGNSPLHF,TRBV19,TRBJ1-6,NA,Donor1:healthy,1.000000,-,-,-,-,-,-,-,-,-,-,-
203,S%GSGNSP,4.2e-03,1,2,2.0e-06,1.0e+00,6.9e-02,1.0e+00,1.0e-03,2.9e-02,global-S%GSGNSP,CASSEGSGNSPLHF,TRBV27,TRBJ1-6,NA,Donor1:healthy,1.000000,-,-,-,-,-,-,-,-,-,-,-

204,S%GIAKNI,4.2e-03,1,2,2.4e-06,1.0e+00,8.1e-02,1.0e+00,1.0e-03,2.9e-02,global-S%GIAKNI,CASSLGIAKNIQYF,TRBV12-4,TRBJ2-4,NA,Donor1:healthy,1.000000,-,-,-,-,-,-,-,-,-,-,-
204,S%GIAKNI,4.2e-03,1,2,2.4e-06,1.0e+00,8.1e-02,1.0e+00,1.0e-03,2.9e-02,global-S%GIAKNI,CASSFGIAKNIQYF,TRBV5-4,TRBJ2-4,NA,Donor1:healthy,1.000000,-,-,-,-,-,-,-,-,-,-,-

205,S%RVSGNT,4.2e-03,1,2,1.8e-06,1.0e+00,6.2e-02,1.0e+00,1.0e-03,2.9e-02,global-S%RVSGNT,CASSGRVSGNTIYF,TRBV27,TRBJ1-3,NA,Donor1:healthy,1.000000,-,-,-,-,-,-,-,-,-,-,-
205,S%RVSGNT,4.2e-03,1,2,1.8e-06,1.0e+00,6.2e-02,1.0e+00,1.0e-03,2.9e-02,global-S%RVSGNT,CATSNRVSGNTIYF,TRBV15,TRBJ1-3,NA,Donor1:healthy,1.000000,-,-,-,-,-,-,-,-,-,-,-

206,S%DRGGDE,4.2e-03,1,2,1.7e-06,1.0e+00,6.0e-02,1.0e+00,1.0e-03,2.9e-02,global-S%DRGGDE,CASSTDRGGDEQFF,TRBV4-3,TRBJ2-1,NA,Donor1:healthy,1.000000,-,-,-,-,-,-,-,-,-,-,-
206,S%DRGGDE,4.2e-03,1,2,1.7e-06,1.0e+00,6.0e-02,1.0e+00,1.0e-03,2.9e-02,global-S%DRGGDE,CASSADRGGDEQYF,TRBV9,TRBJ2-7,NA,Donor1:healthy,1.000000,-,-,-,-,-,-,-,-,-,-,-

207,SS%GGKET,4.2e-03,1,2,1.7e-06,1.0e+00,6.0e-02,1.0e+00,1.0e-03,2.9e-02,global-SS%GGKET,CASSSVGGKETQYF,TRBV28,TRBJ2-5,NA,Donor1:healthy,1.000000,-,-,-,-,-,-,-,-,-,-,-
207,SS%GGKET,4.2e-03,1,2,1.7e-06,1.0e+00,6.0e-02,1.0e+00,1.0e-03,2.9e-02,global-SS%GGKET,CASSSTGGKETQYF,TRBV13,TRBJ2-5,NA,Donor1:healthy,1.000000,-,-,-,-,-,-,-,-,-,-,-

208,SQ%GVTDT,4.2e-03,1,2,2.0e-06,1.0e+00,6.7e-02,1.0e+00,1.0e-03,2.9e-02,global-SQ%GVTDT,CASSQAGVTDTQYF,TRBV12-3,TRBJ2-3,NA,Donor1:healthy,1.000000,-,-,-,-,-,-,-,-,-,-,-
208,SQ%GVTDT,4.2e-03,1,2,2.0e-06,1.0e+00,6.7e-02,1.0e+00,1.0e-03,2.9e-02,global-SQ%GVTDT,CASSQGGVTDTQYF,TRBV4-3,TRBJ2-3,NA,Donor1:healthy,1.000000,-,-,-,-,-,-,-,-,-,-,-

209,SEF%GANV,4.2e-03,1,2,2.3e-06,1.0e+00,7.8e-02,1.0e+00,1.0e-03,2.9e-02,global-SEF%GANV,CASSEFGGANVLTF,TRBV25-1,TRBJ2-6,NA,Donor1:healthy,1.000000,-,-,-,-,-,-,-,-,-,-,-
209,SEF%GANV,4.2e-03,1,2,2.3e-06,1.0e+00,7.8e-02,1.0e+00,1.0e-03,2.9e-02,global-SEF%GANV,CASSEFSGANVLTF,TRBV9,TRBJ2-6,NA,Donor1:healthy,1.000000,-,-,-,-,-,-,-,-,-,-,-

210,SYLG%GYE,4.2e-03,1,2,2.1e-06,1.0e+00,7.3e-02,1.0e+00,1.0e-03,2.9e-02,global-SYLG%GYE,CASSYLGRGYEQYF,TRBV6-5,TRBJ2-7,NA,Donor1:healthy,1.000000,-,-,-,-,-,-,-,-,-,-,-
210,SYLG%GYE,4.2e-03,1,2,2.1e-06,1.0e+00,7.3e-02,1.0e+00,1.0e-03,2.9e-02,global-SYLG%GYE,CASSYLGQGYEQYF,TRBV7-8,TRBJ2-7,NA,Donor1:healthy,1.000000,-,-,-,-,-,-,-,-,-,-,-

211,SSGG%ADT,4.2e-03,1,2,2.1e-06,1.0e+00,7.1e-02,1.0e+00,1.0e-03,2.9e-02,global-SSGG%ADT,CASSSGGAADTQYF,TRBV27,TRBJ2-3,NA,Donor1:healthy,1.000000,-,-,-,-,-,-,-,-,-,-,-
211,SSGG%ADT,4.2e-03,1,2,2.1e-06,1.0e+00,7.1e-02,1.0e+00,1.0e-03,2.9e-02,global-SSGG%ADT,CASSSGGGADTQYF,TRBV7-3,TRBJ2-3,NA,Donor1:healthy,1.000000,-,-,-,-,-,-,-,-,-,-,-

212,SLDG%GYE,4.2e-03,1,2,1.6e-06,1.0e+00,5.4e-02,1.0e+00,1.0e-03,2.9e-02,global-SLDG%GYE,CASSLDGKGYEQYF,TRBV7-9,TRBJ2-7,NA,Donor1:healthy,1.000000,-,-,-,-,-,-,-,-,-,-,-
212,SLDG%GYE,4.2e-03,1,2,1.6e-06,1.0e+00,5.4e-02,1.0e+00,1.0e-03,2.9e-02,global-SLDG%GYE,CASSLDGEGYEQYF,TRBV5-1,TRBJ2-7,NA,Donor1:healthy,1.000000,-,-,-,-,-,-,-,-,-,-,-

213,GTGD%NQP,4.2e-03,1,2,4.4e-08,1.0e+00,6.1e-02,2.5e-02,1.0e-03,2.9e-02,global-GTGD%NQP,CATGTGDSNQPQHF,TRBV19,TRBJ1-5,NA,Donor1:healthy,4.000000,-,-,-,-,-,-,-,-,-,-,-
213,GTGD%NQP,4.2e-03,1,2,4.4e-08,1.0e+00,6.1e-02,2.5e-02,1.0e-03,2.9e-02,global-GTGD%NQP,CAIGTGDTNQPQHF,TRBV10-3,TRBJ1-5,NA,Donor1:healthy,4.000000,-,-,-,-,-,-,-,-,-,-,-

214,SPTGL%QP,4.2e-03,1,2,2.5e-07,1.0e+00,9.0e-02,9.4e-02,1.0e-03,2.9e-02,global-SPTGL%QP,CASSPTGLSQPQHF,TRBV27,TRBJ1-5,NA,Donor1:healthy,1.000000,-,-,-,-,-,-,-,-,-,-,-
214,SPTGL%QP,4.2e-03,1,2,2.5e-07,1.0e+00,9.0e-02,9.4e-02,1.0e-03,2.9e-02,global-SPTGL%QP,CASSPTGLGQPQHF,TRBV28,TRBJ1-5,NA,Donor1:healthy,2.000000,-,-,-,-,-,-,-,-,-,-,-

215,RAPAG%YE,4.2e-03,1,2,2.4e-06,1.0e+00,8.3e-02,1.0e+00,1.0e-03,2.9e-02,global-RAPAG%YE,CASRAPAGVYEQYF,TRBV2,TRBJ2-7,NA,Donor1:healthy,1.000000,-,-,-,-,-,-,-,-,-,-,-
215,RAPAG%YE,4.2e-03,1,2,2.4e-06,1.0e+00,8.3e-02,1.0e+00,1.0e-03,2.9e-02,global-RAPAG%YE,CSARAPAGAYEQYF,TRBV20-1,TRBJ2-7,NA,Donor1:healthy,1.000000,-,-,-,-,-,-,-,-,-,-,-

216,SYGTA%YG,4.2e-03,1,2,1.9e-06,1.0e+00,6.4e-02,1.0e+00,1.0e-03,2.9e-02,global-SYGTA%YG,CASSYGTANYGYTF,TRBV6-7,TRBJ1-2,NA,Donor1:healthy,1.000000,-,-,-,-,-,-,-,-,-,-,-
216,SYGTA%YG,4.2e-03,1,2,1.9e-06,1.0e+00,6.4e-02,1.0e+00,1.0e-03,2.9e-02,global-SYGTA%YG,CASSYGTATYGYTF,TRBV6-5,TRBJ1-2,NA,Donor1:healthy,1.000000,-,-,-,-,-,-,-,-,-,-,-

217,SPEGG%EK,4.2e-03,1,2,1.9e-06,1.0e+00,6.5e-02,1.0e+00,1.0e-03,2.9e-02,global-SPEGG%EK,CASSPEGGNEKLFF,TRBV4-1,TRBJ1-4,NA,Donor1:healthy,1.000000,-,-,-,-,-,-,-,-,-,-,-
217,SPEGG%EK,4.2e-03,1,2,1.9e-06,1.0e+00,6.5e-02,1.0e+00,1.0e-03,2.9e-02,global-SPEGG%EK,CASSPEGGGEKLFF,TRBV18,TRBJ1-4,NA,Donor1:healthy,1.000000,-,-,-,-,-,-,-,-,-,-,-

218,SLRDR%HE,4.2e-03,1,2,1.7e-06,1.0e+00,5.9e-02,1.0e+00,1.0e-03,2.9e-02,global-SLRDR%HE,CASSLRDRAHEQYF,TRBV13,TRBJ2-7,NA,Donor1:healthy,1.000000,-,-,-,-,-,-,-,-,-,-,-
218,SLRDR%HE,4.2e-03,1,2,1.7e-06,1.0e+00,5.9e-02,1.0e+00,1.0e-03,2.9e-02,global-SLRDR%HE,CASSLRDRGHEQYF,TRBV7-9,TRBJ2-7,NA,Donor1:healthy,1.000000,-,-,-,-,-,-,-,-,-,-,-

219,SVEGTG%E,4.2e-03,1,2,2.9e-08,1.0e+00,1.0e-03,1.0e+00,1.0e-03,2.9e-02,global-SVEGTG%E,CASSVEGTGSEQYF,TRBV9,TRBJ2-7,NA,Donor1:healthy,1.000000,-,-,-,-,-,-,-,-,-,-,-
219,SVEGTG%E,4.2e-03,1,2,2.9e-08,1.0e+00,1.0e-03,1.0e+00,1.0e-03,2.9e-02,global-SVEGTG%E,CASSVEGTGDEQYF,TRBV9,TRBJ2-7,NA,Donor1:healthy,1.000000,-,-,-,-,-,-,-,-,-,-,-

220,S%AGTSGYE,4.2e-03,1,2,1.9e-06,1.0e+00,6.6e-02,1.0e+00,1.0e-03,2.9e-02,global-S%AGTSGYE,CASSVAGTSGYEQYF,TRBV9,TRBJ2-7,NA,Donor1:healthy,1.000000,-,-,-,-,-,-,-,-,-,-,-
220,S%AGTSGYE,4.2e-03,1,2,1.9e-06,1.0e+00,6.6e-02,1.0e+00,1.0e-03,2.9e-02,global-S%AGTSGYE,CASSLAGTSGYEQYF,TRBV7-6,TRBJ2-7,NA,Donor1:healthy,1.000000,-,-,-,-,-,-,-,-,-,-,-

221,S%GLAPTYE,4.2e-03,1,2,2.9e-08,1.0e+00,1.0e-03,1.0e+00,1.0e-03,2.9e-02,global-S%GLAPTYE,CASSIGLAPTYEQYF,TRBV19,TRBJ2-7,NA,Donor1:healthy,1.000000,-,-,-,-,-,-,-,-,-,-,-
221,S%GLAPTYE,4.2e-03,1,2,2.9e-08,1.0e+00,1.0e-03,1.0e+00,1.0e-03,2.9e-02,global-S%GLAPTYE,CASSMGLAPTYEQYF,TRBV19,TRBJ2-7,NA,Donor1:healthy,1.000000,-,-,-,-,-,-,-,-,-,-,-

222,SL%LAGLNE,4.2e-03,1,2,2.1e-06,1.0e+00,7.3e-02,1.0e+00,1.0e-03,2.9e-02,global-SL%LAGLNE,CASSLGLAGLNEQFF,TRBV5-4,TRBJ2-1,NA,Donor1:healthy,1.000000,-,-,-,-,-,-,-,-,-,-,-
222,SL%LAGLNE,4.2e-03,1,2,2.1e-06,1.0e+00,7.3e-02,1.0e+00,1.0e-03,2.9e-02,global-SL%LAGLNE,CASSLNLAGLNEQFF,TRBV7-2,TRBJ2-1,NA,Donor1:healthy,1.000000,-,-,-,-,-,-,-,-,-,-,-

223,SL%GGAKNI,4.2e-03,1,2,1.8e-06,1.0e+00,6.1e-02,1.0e+00,1.0e-03,2.9e-02,global-SL%GGAKNI,CASSLAGGAKNIQYF,TRBV12-3,TRBJ2-4,NA,Donor1:healthy,1.000000,-,-,-,-,-,-,-,-,-,-,-
223,SL%GGAKNI,4.2e-03,1,2,1.8e-06,1.0e+00,6.1e-02,1.0e+00,1.0e-03,2.9e-02,global-SL%GGAKNI,CASSLVGGAKNIQYF,TRBV27,TRBJ2-4,NA,Donor1:healthy,1.000000,-,-,-,-,-,-,-,-,-,-,-

224,SL%RTNTGE,4.2e-03,1,2,2.2e-06,1.0e+00,7.7e-02,1.0e+00,1.0e-03,2.9e-02,global-SL%RTNTGE,CASSLSRTNTGELFF,TRBV27,TRBJ2-2,NA,Donor1:healthy,1.000000,-,-,-,-,-,-,-,-,-,-,-
224,SL%RTNTGE,4.2e-03,1,2,2.2e-06,1.0e+00,7.7e-02,1.0e+00,1.0e-03,2.9e-02,global-SL%RTNTGE,CASSLGRTNTGELFF,TRBV5-1,TRBJ2-2,NA,Donor1:healthy,1.000000,-,-,-,-,-,-,-,-,-,-,-

225,SL%AGGGDT,4.2e-03,1,2,2.1e-06,1.0e+00,7.1e-02,1.0e+00,1.0e-03,2.9e-02,global-SL%AGGGDT,CASSLLAGGGDTQYF,TRBV7-8,TRBJ2-3,NA,Donor1:healthy,1.000000,-,-,-,-,-,-,-,-,-,-,-
225,SL%AGGGDT,4.2e-03,1,2,2.1e-06,1.0e+00,7.1e-02,1.0e+00,1.0e-03,2.9e-02,global-SL%AGGGDT,CASSLIAGGGDTQYF,TRBV27,TRBJ2-3,NA,Donor1:healthy,1.000000,-,-,-,-,-,-,-,-,-,-,-

226,SP%RGGQET,4.2e-03,1,2,1.8e-06,1.0e+00,6.1e-02,1.0e+00,1.0e-03,2.9e-02,global-SP%RGGQET,CASSPGRGGQETQYF,TRBV7-3,TRBJ2-5,NA,Donor1:healthy,1.000000,-,-,-,-,-,-,-,-,-,-,-
226,SP%RGGQET,4.2e-03,1,2,1.8e-06,1.0e+00,6.1e-02,1.0e+00,1.0e-03,2.9e-02,global-SP%RGGQET,CASSPNRGGQETQYF,TRBV27,TRBJ2-5,NA,Donor1:healthy,1.000000,-,-,-,-,-,-,-,-,-,-,-

227,SG%AGGPDT,4.2e-03,1,2,2.8e-08,1.0e+00,6.9e-02,1.4e-02,1.0e-03,2.9e-02,global-SG%AGGPDT,CATSGLAGGPDTQYF,TRBV24-1,TRBJ2-3,NA,Donor1:healthy,11.000000,-,-,-,-,-,-,-,-,-,-,-
227,SG%AGGPDT,4.2e-03,1,2,2.8e-08,1.0e+00,6.9e-02,1.4e-02,1.0e-03,2.9e-02,global-SG%AGGPDT,CASSGIAGGPDTQYF,TRBV9,TRBJ2-3,NA,Donor1:healthy,1.000000,-,-,-,-,-,-,-,-,-,-,-

228,SS%GRGNQP,4.2e-03,1,2,1.6e-06,1.0e+00,5.4e-02,1.0e+00,1.0e-03,2.9e-02,global-SS%GRGNQP,CASSSTGRGNQPQHF,TRBV12-3,TRBJ1-5,NA,Donor1:healthy,1.000000,-,-,-,-,-,-,-,-,-,-,-
228,SS%GRGNQP,4.2e-03,1,2,1.6e-06,1.0e+00,5.4e-02,1.0e+00,1.0e-03,2.9e-02,global-SS%GRGNQP,CASSSSGRGNQPQHF,TRBV6-5,TRBJ1-5,NA,Donor1:healthy,1.000000,-,-,-,-,-,-,-,-,-,-,-

229,SPG%GYNSP,4.2e-03,1,2,2.0e-06,1.0e+00,7.0e-02,1.0e+00,1.0e-03,2.9e-02,global-SPG%GYNSP,CASSPGTGYNSPLHF,TRBV3-1,TRBJ1-6,NA,Donor1:healthy,1.000000,-,-,-,-,-,-,-,-,-,-,-
229,SPG%GYNSP,4.2e-03,1,2,2.0e-06,1.0e+00,7.0e-02,1.0e+00,1.0e-03,2.9e-02,global-SPG%GYNSP,CASSPGVGYNSPLHF,TRBV4-3,TRBJ1-6,NA,Donor1:healthy,1.000000,-,-,-,-,-,-,-,-,-,-,-

230,SIR%LSNQP,4.2e-03,1,2,2.2e-06,1.0e+00,7.4e-02,1.0e+00,1.0e-03,2.9e-02,global-SIR%LSNQP,CATSIRQLSNQPQHF,TRBV15,TRBJ1-5,NA,Donor1:healthy,1.000000,-,-,-,-,-,-,-,-,-,-,-
230,SIR%LSNQP,4.2e-03,1,2,2.2e-06,1.0e+00,7.4e-02,1.0e+00,1.0e-03,2.9e-02,global-SIR%LSNQP,CASSIRDLSNQPQHF,TRBV19,TRBJ1-5,NA,Donor1:healthy,1.000000,-,-,-,-,-,-,-,-,-,-,-

231,SMGQG%YNE,4.2e-03,1,2,2.9e-08,1.0e+00,1.0e-03,1.0e+00,1.0e-03,2.9e-02,global-SMGQG%YNE,CASSMGQGSYNEQFF,TRBV19,TRBJ2-1,NA,Donor1:healthy,1.000000,-,-,-,-,-,-,-,-,-,-,-
231,SMGQG%YNE,4.2e-03,1,2,2.9e-08,1.0e+00,1.0e-03,1.0e+00,1.0e-03,2.9e-02,global-SMGQG%YNE,CASSMGQGGYNEQFF,TRBV19,TRBJ2-1,NA,Donor1:healthy,1.000000,-,-,-,-,-,-,-,-,-,-,-

232,SF%AGGPYNE,4.2e-03,1,2,1.7e-06,1.0e+00,5.8e-02,1.0e+00,1.0e-03,2.9e-02,global-SF%AGGPYNE,CASSFIAGGPYNEQFF,TRBV27,TRBJ2-1,NA,Donor1:healthy,1.000000,-,-,-,-,-,-,-,-,-,-,-
232,SF%AGGPYNE,4.2e-03,1,2,1.7e-06,1.0e+00,5.8e-02,1.0e+00,1.0e-03,2.9e-02,global-SF%AGGPYNE,CASSFLAGGPYNEQFF,TRBV28,TRBJ2-1,NA,Donor1:healthy,1.000000,-,-,-,-,-,-,-,-,-,-,-

233,SLA%GGFSYE,4.2e-03,1,2,1.8e-06,1.0e+00,6.2e-02,1.0e+00,1.0e-03,2.9e-02,global-SLA%GGFSYE,CASSLAQGGFSYEQYF,TRBV7-3,TRBJ2-7,NA,Donor1:healthy,1.000000,-,-,-,-,-,-,-,-,-,-,-
233,SLA%GGFSYE,4.2e-03,1,2,1.8e-06,1.0e+00,6.2e-02,1.0e+00,1.0e-03,2.9e-02,global-SLA%GGFSYE,CASSLADGGFSYEQYF,TRBV7-9,TRBJ2-7,NA,Donor1:healthy,1.000000,-,-,-,-,-,-,-,-,-,-,-

234,%RGSTE,5.4e-03,1,3,1.2e-06,1.0e+00,2.0e-01,1.0e+00,1.0e-03,6.2e-03,global-%RGSTE,CASSRGSTEAFF,TRBV9,TRBJ1-1,NA,Donor1:healthy,1.000000,-,-,-,-,-,-,-,-,-,-,-
234,%RGSTE,5.4e-03,1,3,1.2e-06,1.0e+00,2.0e-01,1.0e+00,1.0e-03,6.2e-03,global-%RGSTE,CASKRGSTEAFF,TRBV27,TRBJ1-1,NA,Donor1:healthy,1.000000,-,-,-,-,-,-,-,-,-,-,-
234,%RGSTE,5.4e-03,1,3,1.2e-06,1.0e+00,2.0e-01,1.0e+00,1.0e-03,6.2e-03,global-%RGSTE,CASGRGSTEAFF,TRBV12-5,TRBJ1-1,NA,Donor1:healthy,1.000000,-,-,-,-,-,-,-,-,-,-,-

235,SLA%ET,5.4e-03,1,3,1.2e-06,1.0e+00,1.9e-01,1.0e+00,1.0e-03,6.2e-03,global-SLA%ET,CASSLAGETQYF,TRBV7-8,TRBJ2-5,NA,Donor1:healthy,1.000000,-,-,-,-,-,-,-,-,-,-,-
235,SLA%ET,5.4e-03,1,3,1.2e-06,1.0e+00,1.9e-01,1.0e+00,1.0e-03,6.2e-03,global-SLA%ET,CASSLAAETQYF,TRBV7-9,TRBJ2-5,NA,Donor1:healthy,1.000000,-,-,-,-,-,-,-,-,-,-,-
235,SLA%ET,5.4e-03,1,3,1.2e-06,1.0e+00,1.9e-01,1.0e+00,1.0e-03,6.2e-03,global-SLA%ET,CASSLATETQYF,TRBV5-4,TRBJ2-5,NA,Donor1:healthy,1.000000,-,-,-,-,-,-,-,-,-,-,-

236,%TGVNTE,5.4e-03,1,3,1.2e-06,1.0e+00,1.9e-01,1.0e+00,1.0e-03,6.2e-03,global-%TGVNTE,CASKTGVNTEAFF,TRBV6-5,TRBJ1-1,NA,Donor1:healthy,1.000000,-,-,-,-,-,-,-,-,-,-,-
236,%TGVNTE,5.4e-03,1,3,1.2e-06,1.0e+00,1.9e-01,1.0e+00,1.0e-03,6.2e-03,global-%TGVNTE,CASSTGVNTEAFF,TRBV19,TRBJ1-1,NA,Donor1:healthy,1.000000,-,-,-,-,-,-,-,-,-,-,-
236,%TGVNTE,5.4e-03,1,3,1.2e-06,1.0e+00,1.9e-01,1.0e+00,1.0e-03,6.2e-03,global-%TGVNTE,CASRTGVNTEAFF,TRBV10-2,TRBJ1-1,NA,Donor1:healthy,1.000000,-,-,-,-,-,-,-,-,-,-,-

237,%LSGSYE,5.4e-03,1,3,1.1e-06,1.0e+00,1.8e-01,1.0e+00,1.0e-03,6.2e-03,global-%LSGSYE,CATSLSGSYEQYF,TRBV24-1,TRBJ2-7,NA,Donor1:healthy,1.000000,-,-,-,-,-,-,-,-,-,-,-
237,%LSGSYE,5.4e-03,1,3,1.1e-06,1.0e+00,1.8e-01,1.0e+00,1.0e-03,6.2e-03,global-%LSGSYE,CASSLSGSYEQYF,TRBV11-2,TRBJ2-7,NA,Donor1:healthy,1.000000,-,-,-,-,-,-,-,-,-,-,-
237,%LSGSYE,5.4e-03,1,3,1.1e-06,1.0e+00,1.8e-01,1.0e+00,1.0e-03,6.2e-03,global-%LSGSYE,CASGLSGSYEQYF,TRBV12-5,TRBJ2-7,NA,Donor1:healthy,1.000000,-,-,-,-,-,-,-,-,-,-,-

238,SE%GYNE,5.4e-03,1,3,1.1e-06,1.0e+00,1.7e-01,1.0e+00,1.0e-03,6.2e-03,global-SE%GYNE,CASSEAGYNEQFF,TRBV7-3,TRBJ2-1,NA,Donor1:healthy,1.000000,-,-,-,-,-,-,-,-,-,-,-
238,SE%GYNE,5.4e-03,1,3,1.1e-06,1.0e+00,1.7e-01,1.0e+00,1.0e-03,6.2e-03,global-SE%GYNE,CASSEVGYNEQFF,TRBV2,TRBJ2-1,NA,Donor1:healthy,1.000000,-,-,-,-,-,-,-,-,-,-,-
238,SE%GYNE,5.4e-03,1,3,1.1e-06,1.0e+00,1.7e-01,1.0e+00,1.0e-03,6.2e-03,global-SE%GYNE,CASSETGYNEQFF,TRBV10-2,TRBJ2-1,NA,Donor1:healthy,1.000000,-,-,-,-,-,-,-,-,-,-,-

239,S%GQINQP,5.4e-03,1,3,7.5e-09,1.0e+00,2.0e-01,6.0e-03,1.0e-03,6.2e-03,global-S%GQINQP,CASSQGQINQPQHF,TRBV7-8,TRBJ1-5,NA,Donor1:healthy,1.000000,-,-,-,-,-,-,-,-,-,-,-
239,S%GQINQP,5.4e-03,1,3,7.5e-09,1.0e+00,2.0e-01,6.0e-03,1.0e-03,6.2e-03,global-S%GQINQP,CASSRGQINQPQHF,TRBV7-9,TRBJ1-5,NA,Donor1:healthy,39.000000,-,-,-,-,-,-,-,-,-,-,-
239,S%GQINQP,5.4e-03,1,3,7.5e-09,1.0e+00,2.0e-01,6.0e-03,1.0e-03,6.2e-03,global-S%GQINQP,CASSSGQINQPQHF,TRBV7-6,TRBJ1-5,NA,Donor1:healthy,1.000000,-,-,-,-,-,-,-,-,-,-,-

240,S%GGRNTE,5.4e-03,1,3,1.1e-06,1.0e+00,1.7e-01,1.0e+00,1.0e-03,6.2e-03,global-S%GGRNTE,CASSLGGRNTEAFF,TRBV7-9,TRBJ1-1,NA,Donor1:healthy,1.000000,-,-,-,-,-,-,-,-,-,-,-
240,S%GGRNTE,5.4e-03,1,3,1.1e-06,1.0e+00,1.7e-01,1.0e+00,1.0e-03,6.2e-03,global-S%GGRNTE,CASSFGGRNTEAFF,TRBV27,TRBJ1-1,NA,Donor1:healthy,1.000000,-,-,-,-,-,-,-,-,-,-,-
240,S%GGRNTE,5.4e-03,1,3,1.1e-06,1.0e+00,1.7e-01,1.0e+00,1.0e-03,6.2e-03,global-S%GGRNTE,CASSWGGRNTEAFF,TRBV11-2,TRBJ1-1,NA,Donor1:healthy,1.000000,-,-,-,-,-,-,-,-,-,-,-

241,SL%QGGTE,5.4e-03,1,3,1.2e-06,1.0e+00,2.0e-01,1.0e+00,1.0e-03,6.2e-03,global-SL%QGGTE,CASSLAQGGTEAFF,TRBV7-8,TRBJ1-1,NA,Donor1:healthy,1.000000,-,-,-,-,-,-,-,-,-,-,-
241,SL%QGGTE,5.4e-03,1,3,1.2e-06,1.0e+00,2.0e-01,1.0e+00,1.0e-03,6.2e-03,global-SL%QGGTE,CASSLGQGGTEAFF,TRBV9,TRBJ1-1,NA,Donor1:healthy,1.000000,-,-,-,-,-,-,-,-,-,-,-
241,SL%QGGTE,5.4e-03,1,3,1.2e-06,1.0e+00,2.0e-01,1.0e+00,1.0e-03,6.2e-03,global-SL%QGGTE,CASSLVQGGTEAFF,TRBV5-1,TRBJ1-1,NA,Donor1:healthy,1.000000,-,-,-,-,-,-,-,-,-,-,-

242,S%GTSGADT,5.4e-03,1,3,1.6e-07,1.0e+00,2.0e-01,1.3e-01,1.0e-03,6.2e-03,global-S%GTSGADT,CASSQGTSGADTQYF,TRBV4-3,TRBJ2-3,NA,Donor1:healthy,2.000000,-,-,-,-,-,-,-,-,-,-,-
242,S%GTSGADT,5.4e-03,1,3,1.6e-07,1.0e+00,2.0e-01,1.3e-01,1.0e-03,6.2e-03,global-S%GTSGADT,CASSEGTSGADTQYF,TRBV2,TRBJ2-3,NA,Donor1:healthy,1.000000,-,-,-,-,-,-,-,-,-,-,-
242,S%GTSGADT,5.4e-03,1,3,1.6e-07,1.0e+00,2.0e-01,1.3e-01,1.0e-03,6.2e-03,global-S%GTSGADT,CASSSGTSGADTQYF,TRBV11-2,TRBJ2-3,NA,Donor1:healthy,1.000000,-,-,-,-,-,-,-,-,-,-,-

243,SSGTSG%YE,5.4e-03,1,3,7.2e-07,1.0e+00,1.2e-01,1.0e+00,1.0e-03,6.2e-03,global-SSGTSG%YE,CASSSGTSGAYEQYF,TRBV27,TRBJ2-7,NA,Donor1:healthy,1.000000,-,-,-,-,-,-,-,-,-,-,-
243,SSGTSG%YE,5.4e-03,1,3,7.2e-07,1.0e+00,1.2e-01,1.0e+00,1.0e-03,6.2e-03,global-SSGTSG%YE,CASSSGTSGTYEQYF,TRBV6-5,TRBJ2-7,NA,Donor1:healthy,1.000000,-,-,-,-,-,-,-,-,-,-,-
243,SSGTSG%YE,5.4e-03,1,3,7.2e-07,1.0e+00,1.2e-01,1.0e+00,1.0e-03,6.2e-03,global-SSGTSG%YE,CASSSGTSGSYEQYF,TRBV27,TRBJ2-7,NA,Donor1:healthy,1.000000,-,-,-,-,-,-,-,-,-,-,-

244,SL%PGE,6.0e-03,1,5,7.3e-09,1.0e+00,5.0e-03,1.0e+00,1.0e-03,1.5e-03,global-SL%PGE,CASSLDPGEQYF,TRBV5-6,TRBJ2-7,NA,Donor1:healthy,1.000000,-,-,-,-,-,-,-,-,-,-,-
244,SL%PGE,6.0e-03,1,5,7.3e-09,1.0e+00,5.0e-03,1.0e+00,1.0e-03,1.5e-03,global-SL%PGE,CASSLEPGEQYF,TRBV5-6,TRBJ2-7,NA,Donor1:healthy,1.000000,-,-,-,-,-,-,-,-,-,-,-
244,SL%PGE,6.0e-03,1,5,7.3e-09,1.0e+00,5.0e-03,1.0e+00,1.0e-03,1.5e-03,global-SL%PGE,CASSLNPGELFF,TRBV7-6,TRBJ2-2,NA,Donor1:healthy,1.000000,-,-,-,-,-,-,-,-,-,-,-
244,SL%PGE,6.0e-03,1,5,7.3e-09,1.0e+00,5.0e-03,1.0e+00,1.0e-03,1.5e-03,global-SL%PGE,CASSLRPGELFF,TRBV7-6,TRBJ2-2,NA,Donor1:healthy,1.000000,-,-,-,-,-,-,-,-,-,-,-
244,SL%PGE,6.0e-03,1,5,7.3e-09,1.0e+00,5.0e-03,1.0e+00,1.0e-03,1.5e-03,global-SL%PGE,CASSLGPGEQYF,TRBV7-2,TRBJ2-7,NA,Donor1:healthy,1.000000,-,-,-,-,-,-,-,-,-,-,-

245,SPG%YE,6.2e-03,1,6,5.8e-09,1.0e+00,9.5e-01,5.0e-03,1.0e-03,1.2e-03,global-SPG%YE,CATSPGNYEQYF,TRBV24-1,TRBJ2-7,NA,Donor1:healthy,1.000000,-,-,-,-,-,-,-,-,-,-,-
245,SPG%YE,6.2e-03,1,6,5.8e-09,1.0e+00,9.5e-01,5.0e-03,1.0e-03,1.2e-03,global-SPG%YE,CASSPGQYEQYF,TRBV27,TRBJ2-7,NA,Donor1:healthy,1.000000,-,-,-,-,-,-,-,-,-,-,-
245,SPG%YE,6.2e-03,1,6,5.8e-09,1.0e+00,9.5e-01,5.0e-03,1.0e-03,1.2e-03,global-SPG%YE,CASSPGGYEQFF,TRBV6-4,TRBJ2-1,NA,Donor1:healthy,1.000000,-,-,-,-,-,-,-,-,-,-,-
245,SPG%YE,6.2e-03,1,6,5.8e-09,1.0e+00,9.5e-01,5.0e-03,1.0e-03,1.2e-03,global-SPG%YE,CASSPGGYEQYF,TRBV4-3,TRBJ2-7,NA,Donor1:healthy,1.000000,-,-,-,-,-,-,-,-,-,-,-
245,SPG%YE,6.2e-03,1,6,5.8e-09,1.0e+00,9.5e-01,5.0e-03,1.0e-03,1.2e-03,global-SPG%YE,CASSPGGYEQYF,TRBV7-9,TRBJ2-7,NA,Donor1:healthy,1.000000,-,-,-,-,-,-,-,-,-,-,-
245,SPG%YE,6.2e-03,1,6,5.8e-09,1.0e+00,9.5e-01,5.0e-03,1.0e-03,1.2e-03,global-SPG%YE,CASSPGGYEQYF,TRBV9,TRBJ2-7,NA,Donor1:healthy,1.000000,-,-,-,-,-,-,-,-,-,-,-
245,SPG%YE,6.2e-03,1,6,5.8e-09,1.0e+00,9.5e-01,5.0e-03,1.0e-03,1.2e-03,global-SPG%YE,CSASPGDYEQYF,TRBV20-1,TRBJ2-7,NA,Donor1:healthy,529.000000,-,-,-,-,-,-,-,-,-,-,-
245,SPG%YE,6.2e-03,1,6,5.8e-09,1.0e+00,9.5e-01,5.0e-03,1.0e-03,1.2e-03,global-SPG%YE,CASSPGSYEQYF,TRBV19,TRBJ2-7,NA,Donor1:healthy,1.000000,-,-,-,-,-,-,-,-,-,-,-
245,SPG%YE,6.2e-03,1,6,5.8e-09,1.0e+00,9.5e-01,5.0e-03,1.0e-03,1.2e-03,global-SPG%YE,CASSPGSYEQYF,TRBV3-1,TRBJ2-7,NA,Donor1:healthy,1.000000,-,-,-,-,-,-,-,-,-,-,-
245,SPG%YE,6.2e-03,1,6,5.8e-09,1.0e+00,9.5e-01,5.0e-03,1.0e-03,1.2e-03,global-SPG%YE,CASSPGSYEQYF,TRBV7-2,TRBJ2-7,NA,Donor1:healthy,1.000000,-,-,-,-,-,-,-,-,-,-,-

246,SQG%YG,6.2e-03,1,4,7.0e-12,1.0e+00,1.0e-03,3.0e-03,1.0e-03,2.3e-03,global-SQG%YG,CASSQGAYGYTF,TRBV19,TRBJ1-2,NA,Donor1:healthy,115.000000,-,-,-,-,-,-,-,-,-,-,-
246,SQG%YG,6.2e-03,1,4,7.0e-12,1.0e+00,1.0e-03,3.0e-03,1.0e-03,2.3e-03,global-SQG%YG,CASSQGNYGYTF,TRBV19,TRBJ1-2,NA,Donor1:healthy,10.000000,-,-,-,-,-,-,-,-,-,-,-
246,SQG%YG,6.2e-03,1,4,7.0e-12,1.0e+00,1.0e-03,3.0e-03,1.0e-03,2.3e-03,global-SQG%YG,CATSQGAYGYTF,TRBV19,TRBJ1-2,NA,Donor1:healthy,5.000000,-,-,-,-,-,-,-,-,-,-,-
246,SQG%YG,6.2e-03,1,4,7.0e-12,1.0e+00,1.0e-03,3.0e-03,1.0e-03,2.3e-03,global-SQG%YG,CASSQGSYGYTF,TRBV19,TRBJ1-2,NA,Donor1:healthy,3.000000,-,-,-,-,-,-,-,-,-,-,-

247,SF%GGTE,6.2e-03,1,4,7.9e-07,1.0e+00,3.4e-01,1.0e+00,1.0e-03,2.3e-03,global-SF%GGTE,CASSFQGGTEAFF,TRBV7-3,TRBJ1-1,NA,Donor1:healthy,1.000000,-,-,-,-,-,-,-,-,-,-,-
247,SF%GGTE,6.2e-03,1,4,7.9e-07,1.0e+00,3.4e-01,1.0e+00,1.0e-03,2.3e-03,global-SF%GGTE,CASSFGGGTEAFF,TRBV5-1,TRBJ1-1,NA,Donor1:healthy,1.000000,-,-,-,-,-,-,-,-,-,-,-
247,SF%GGTE,6.2e-03,1,4,7.9e-07,1.0e+00,3.4e-01,1.0e+00,1.0e-03,2.3e-03,global-SF%GGTE,CASSFRGGTEAFF,TRBV5-4,TRBJ1-1,NA,Donor1:healthy,1.000000,-,-,-,-,-,-,-,-,-,-,-
247,SF%GGTE,6.2e-03,1,4,7.9e-07,1.0e+00,3.4e-01,1.0e+00,1.0e-03,2.3e-03,global-SF%GGTE,CASSFSGGTEAFF,TRBV27,TRBJ1-1,NA,Donor1:healthy,1.000000,-,-,-,-,-,-,-,-,-,-,-

248,L%GNT,7.2e-03,1,3,4.0e-09,1.0e+00,5.0e-03,1.3e-01,1.0e-03,6.2e-03,global-L%GNT,CATLSGNTIYF,TRBV15,TRBJ1-3,NA,Donor1:healthy,1.000000,-,-,-,-,-,-,-,-,-,-,-
248,L%GNT,7.2e-03,1,3,4.0e-09,1.0e+00,5.0e-03,1.3e-01,1.0e-03,6.2e-03,global-L%GNT,CSALSGNTIYF,TRBV20-1,TRBJ1-3,NA,Donor1:healthy,2.000000,-,-,-,-,-,-,-,-,-,-,-
248,L%GNT,7.2e-03,1,3,4.0e-09,1.0e+00,5.0e-03,1.3e-01,1.0e-03,6.2e-03,global-L%GNT,CSLLNGNTIYF,TRBV20-1,TRBJ1-3,NA,Donor1:healthy,1.000000,-,-,-,-,-,-,-,-,-,-,-

249,SI%YE,7.2e-03,1,3,1.1e-06,1.0e+00,1.8e-01,1.0e+00,1.0e-03,6.2e-03,global-SI%YE,CASSIGYEQFF,TRBV19,TRBJ2-1,NA,Donor1:healthy,1.000000,-,-,-,-,-,-,-,-,-,-,-
249,SI%YE,7.2e-03,1,3,1.1e-06,1.0e+00,1.8e-01,1.0e+00,1.0e-03,6.2e-03,global-SI%YE,CASSIGYEQYF,TRBV25-1,TRBJ2-7,NA,Donor1:healthy,1.000000,-,-,-,-,-,-,-,-,-,-,-
249,SI%YE,7.2e-03,1,3,1.1e-06,1.0e+00,1.8e-01,1.0e+00,1.0e-03,6.2e-03,global-SI%YE,CASSIAYEQYF,TRBV5-6,TRBJ2-7,NA,Donor1:healthy,1.000000,-,-,-,-,-,-,-,-,-,-,-

250,SLF%E,7.2e-03,1,3,1.3e-07,1.0e+00,1.8e-01,1.2e-01,1.0e-03,6.2e-03,global-SLF%E,CASSLFGELFF,TRBV5-4,TRBJ2-2,NA,Donor1:healthy,1.000000,-,-,-,-,-,-,-,-,-,-,-
250,SLF%E,7.2e-03,1,3,1.3e-07,1.0e+00,1.8e-01,1.2e-01,1.0e-03,6.2e-03,global-SLF%E,CASSLFHEQYF,TRBV5-6,TRBJ2-7,NA,Donor1:healthy,1.000000,-,-,-,-,-,-,-,-,-,-,-
250,SLF%E,7.2e-03,1,3,1.3e-07,1.0e+00,1.8e-01,1.2e-01,1.0e-03,6.2e-03,global-SLF%E,CASSLFNEQFF,TRBV27,TRBJ2-1,NA,Donor1:healthy,2.000000,-,-,-,-,-,-,-,-,-,-,-

251,%EGNQP,7.2e-03,1,3,4.5e-08,1.0e+00,2.0e-01,3.6e-02,1.0e-03,6.2e-03,global-%EGNQP,CSAREGNQPQHF,TRBV20-1,TRBJ1-5,NA,Donor1:healthy,1.000000,-,-,-,-,-,-,-,-,-,-,-
251,%EGNQP,7.2e-03,1,3,4.5e-08,1.0e+00,2.0e-01,3.6e-02,1.0e-03,6.2e-03,global-%EGNQP,CASKEGNQPQHF,TRBV19,TRBJ1-5,NA,Donor1:healthy,6.000000,-,-,-,-,-,-,-,-,-,-,-
251,%EGNQP,7.2e-03,1,3,4.5e-08,1.0e+00,2.0e-01,3.6e-02,1.0e-03,6.2e-03,global-%EGNQP,CASREGNQPQHF,TRBV12-4,TRBJ1-5,NA,Donor1:healthy,1.000000,-,-,-,-,-,-,-,-,-,-,-

252,SQEG%E,7.2e-03,1,3,1.2e-06,1.0e+00,1.9e-01,1.0e+00,1.0e-03,6.2e-03,global-SQEG%E,CASSQEGREQFF,TRBV3-1,TRBJ2-1,NA,Donor1:healthy,1.000000,-,-,-,-,-,-,-,-,-,-,-
252,SQEG%E,7.2e-03,1,3,1.2e-06,1.0e+00,1.9e-01,1.0e+00,1.0e-03,6.2e-03,global-SQEG%E,CASSQEGTEAFF,TRBV5-1,TRBJ1-1,NA,Donor1:healthy,1.000000,-,-,-,-,-,-,-,-,-,-,-
252,SQEG%E,7.2e-03,1,3,1.2e-06,1.0e+00,1.9e-01,1.0e+00,1.0e-03,6.2e-03,global-SQEG%E,CASSQEGNEQFF,TRBV4-2,TRBJ2-1,NA,Donor1:healthy,1.000000,-,-,-,-,-,-,-,-,-,-,-

253,GG%STDT,7.2e-03,1,3,1.2e-06,1.0e+00,2.0e-01,1.0e+00,1.0e-03,6.2e-03,global-GG%STDT,CSVGGTSTDTQYF,TRBV29-1,TRBJ2-3,NA,Donor1:healthy,1.000000,-,-,-,-,-,-,-,-,-,-,-
253,GG%STDT,7.2e-03,1,3,1.2e-06,1.0e+00,2.0e-01,1.0e+00,1.0e-03,6.2e-03,global-GG%STDT,CATGGGSTDTQYF,TRBV9,TRBJ2-3,NA,Donor1:healthy,1.000000,-,-,-,-,-,-,-,-,-,-,-
253,GG%STDT,7.2e-03,1,3,1.2e-06,1.0e+00,2.0e-01,1.0e+00,1.0e-03,6.2e-03,global-GG%STDT,CAIGGASTDTQYF,TRBV27,TRBJ2-3,NA,Donor1:healthy,1.000000,-,-,-,-,-,-,-,-,-,-,-

254,SQVG%TE,7.2e-03,1,3,1.1e-06,1.0e+00,1.9e-01,1.0e+00,1.0e-03,6.2e-03,global-SQVG%TE,CASSQVGGTEQYF,TRBV14,TRBJ2-7,NA,Donor1:healthy,1.000000,-,-,-,-,-,-,-,-,-,-,-
254,SQVG%TE,7.2e-03,1,3,1.1e-06,1.0e+00,1.9e-01,1.0e+00,1.0e-03,6.2e-03,global-SQVG%TE,CASSQVGNTEAFF,TRBV4-1,TRBJ1-1,NA,Donor1:healthy,1.000000,-,-,-,-,-,-,-,-,-,-,-
254,SQVG%TE,7.2e-03,1,3,1.1e-06,1.0e+00,1.9e-01,1.0e+00,1.0e-03,6.2e-03,global-SQVG%TE,CASSQVGGTEAFF,TRBV4-3,TRBJ1-1,NA,Donor1:healthy,1.000000,-,-,-,-,-,-,-,-,-,-,-

255,SPPG%TE,7.2e-03,1,3,1.1e-06,1.0e+00,1.8e-01,1.0e+00,1.0e-03,6.2e-03,global-SPPG%TE,CASSPPGRTEAFF,TRBV4-2,TRBJ1-1,NA,Donor1:healthy,1.000000,-,-,-,-,-,-,-,-,-,-,-
255,SPPG%TE,7.2e-03,1,3,1.1e-06,1.0e+00,1.8e-01,1.0e+00,1.0e-03,6.2e-03,global-SPPG%TE,CASSPPGNTEAFF,TRBV18,TRBJ1-1,NA,Donor1:healthy,1.000000,-,-,-,-,-,-,-,-,-,-,-
255,SPPG%TE,7.2e-03,1,3,1.1e-06,1.0e+00,1.8e-01,1.0e+00,1.0e-03,6.2e-03,global-SPPG%TE,CASSPPGSTEAFF,TRBV27,TRBJ1-1,NA,Donor1:healthy,1.000000,-,-,-,-,-,-,-,-,-,-,-

256,SL%SGTYE,7.2e-03,1,3,1.1e-09,1.0e+00,1.9e-01,1.0e-03,1.0e-03,6.2e-03,global-SL%SGTYE,CASSLTSGTYEQYF,TRBV7-3,TRBJ2-7,NA,Donor1:healthy,1.000000,-,-,-,-,-,-,-,-,-,-,-
256,SL%SGTYE,7.2e-03,1,3,1.1e-09,1.0e+00,1.9e-01,1.0e-03,1.0e-03,6.2e-03,global-SL%SGTYE,CASSLGSGTYEQYF,TRBV12-4,TRBJ2-7,NA,Donor1:healthy,1.000000,-,-,-,-,-,-,-,-,-,-,-
256,SL%SGTYE,7.2e-03,1,3,1.1e-09,1.0e+00,1.9e-01,1.0e-03,1.0e-03,6.2e-03,global-SL%SGTYE,CASSLSSGTYEQYF,TRBV9,TRBJ2-7,NA,Donor1:healthy,321.000000,-,-,-,-,-,-,-,-,-,-,-

257,SL%TSSYE,7.2e-03,1,3,1.2e-06,1.0e+00,1.9e-01,1.0e+00,1.0e-03,6.2e-03,global-SL%TSSYE,CASSLSTSSYEQYF,TRBV27,TRBJ2-7,NA,Donor1:healthy,1.000000,-,-,-,-,-,-,-,-,-,-,-
257,SL%TSSYE,7.2e-03,1,3,1.2e-06,1.0e+00,1.9e-01,1.0e+00,1.0e-03,6.2e-03,global-SL%TSSYE,CASSLATSSYEQYF,TRBV5-4,TRBJ2-7,NA,Donor1:healthy,1.000000,-,-,-,-,-,-,-,-,-,-,-
257,SL%TSSYE,7.2e-03,1,3,1.2e-06,1.0e+00,1.9e-01,1.0e+00,1.0e-03,6.2e-03,global-SL%TSSYE,CASSLTTSSYEQYF,TRBV12-4,TRBJ2-7,NA,Donor1:healthy,1.000000,-,-,-,-,-,-,-,-,-,-,-

258,SL%SGGTDT,7.2e-03,1,3,2.0e-06,1.0e+00,3.3e-01,1.0e+00,1.0e-03,6.2e-03,global-SL%SGGTDT,CASSLGSGGTDTQYF,TRBV11-2,TRBJ2-3,NA,Donor1:healthy,1.000000,-,-,-,-,-,-,-,-,-,-,-
258,SL%SGGTDT,7.2e-03,1,3,2.0e-06,1.0e+00,3.3e-01,1.0e+00,1.0e-03,6.2e-03,global-SL%SGGTDT,CASSLGSGGTDTQYF,TRBV7-2,TRBJ2-3,NA,Donor1:healthy,1.000000,-,-,-,-,-,-,-,-,-,-,-
258,SL%SGGTDT,7.2e-03,1,3,2.0e-06,1.0e+00,3.3e-01,1.0e+00,1.0e-03,6.2e-03,global-SL%SGGTDT,CASSLTSGGTDTQYF,TRBV9,TRBJ2-3,NA,Donor1:healthy,1.000000,-,-,-,-,-,-,-,-,-,-,-
258,SL%SGGTDT,7.2e-03,1,3,2.0e-06,1.0e+00,3.3e-01,1.0e+00,1.0e-03,6.2e-03,global-SL%SGGTDT,CASSLASGGTDTQYF,TRBV5-8,TRBJ2-3,NA,Donor1:healthy,1.000000,-,-,-,-,-,-,-,-,-,-,-

259,SRQ%,8.3e-03,1,2,1.3e-06,1.0e+00,4.5e-02,1.0e+00,1.0e-03,2.9e-02,global-SRQ%,CASSRQSYTF,TRBV2,TRBJ1-2,NA,Donor1:healthy,1.000000,-,-,-,-,-,-,-,-,-,-,-
259,SRQ%,8.3e-03,1,2,1.3e-06,1.0e+00,4.5e-02,1.0e+00,1.0e-03,2.9e-02,global-SRQ%,CATSRQTQYF,TRBV12-3,TRBJ2-5,NA,Donor1:healthy,1.000000,-,-,-,-,-,-,-,-,-,-,-

260,%SADT,8.3e-03,1,2,1.7e-06,1.0e+00,5.7e-02,1.0e+00,1.0e-03,2.9e-02,global-%SADT,CASQSADTQYF,TRBV6-6,TRBJ2-3,NA,Donor1:healthy,1.000000,-,-,-,-,-,-,-,-,-,-,-
260,%SADT,8.3e-03,1,2,1.7e-06,1.0e+00,5.7e-02,1.0e+00,1.0e-03,2.9e-02,global-%SADT,CASSSADTQYF,TRBV4-1,TRBJ2-3,NA,Donor1:healthy,1.000000,-,-,-,-,-,-,-,-,-,-,-

261,N%GRE,8.3e-03,1,2,2.2e-06,1.0e+00,7.7e-02,1.0e+00,1.0e-03,2.9e-02,global-N%GRE,CASNGGREQYF,TRBV5-4,TRBJ2-7,NA,Donor1:healthy,1.000000,-,-,-,-,-,-,-,-,-,-,-
261,N%GRE,8.3e-03,1,2,2.2e-06,1.0e+00,7.7e-02,1.0e+00,1.0e-03,2.9e-02,global-N%GRE,CASNSGREQYF,TRBV27,TRBJ2-7,NA,Donor1:healthy,1.000000,-,-,-,-,-,-,-,-,-,-,-

262,SLK%T,8.3e-03,1,2,1.5e-06,1.0e+00,5.3e-02,1.0e+00,1.0e-03,2.9e-02,global-SLK%T,CASSLKDTQYF,TRBV5-1,TRBJ2-3,NA,Donor1:healthy,1.000000,-,-,-,-,-,-,-,-,-,-,-
262,SLK%T,8.3e-03,1,2,1.5e-06,1.0e+00,5.3e-02,1.0e+00,1.0e-03,2.9e-02,global-SLK%T,CASSLKETQYF,TRBV13,TRBJ2-5,NA,Donor1:healthy,1.000000,-,-,-,-,-,-,-,-,-,-,-

263,%LITGE,8.3e-03,1,2,1.1e-06,1.0e+00,3.8e-02,1.0e+00,1.0e-03,2.9e-02,global-%LITGE,CASTLITGELFF,TRBV28,TRBJ2-2,NA,Donor1:healthy,1.000000,-,-,-,-,-,-,-,-,-,-,-
263,%LITGE,8.3e-03,1,2,1.1e-06,1.0e+00,3.8e-02,1.0e+00,1.0e-03,2.9e-02,global-%LITGE,CASSLITGELFF,TRBV4-1,TRBJ2-2,NA,Donor1:healthy,1.000000,-,-,-,-,-,-,-,-,-,-,-
263,%LITGE,8.3e-03,1,2,1.1e-06,1.0e+00,3.8e-02,1.0e+00,1.0e-03,2.9e-02,global-%LITGE,CASSLITGELFF,TRBV7-2,TRBJ1-4,NA,Donor1:healthy,1.000000,-,-,-,-,-,-,-,-,-,-,-
263,%LITGE,8.3e-03,1,2,1.1e-06,1.0e+00,3.8e-02,1.0e+00,1.0e-03,2.9e-02,global-%LITGE,CASSLITGELFF,TRBV7-2,TRBJ2-2,NA,Donor1:healthy,1.000000,-,-,-,-,-,-,-,-,-,-,-

264,%FPGNE,8.3e-03,1,2,2.0e-06,1.0e+00,6.8e-02,1.0e+00,1.0e-03,2.9e-02,global-%FPGNE,CASSFPGNEQFF,TRBV27,TRBJ2-1,NA,Donor1:healthy,1.000000,-,-,-,-,-,-,-,-,-,-,-
264,%FPGNE,8.3e-03,1,2,2.0e-06,1.0e+00,6.8e-02,1.0e+00,1.0e-03,2.9e-02,global-%FPGNE,CASNFPGNEQYF,TRBV19,TRBJ2-7,NA,Donor1:healthy,1.000000,-,-,-,-,-,-,-,-,-,-,-

265,S%LGSP,8.3e-03,1,2,1.6e-06,1.0e+00,5.6e-02,1.0e+00,1.0e-03,2.9e-02,global-S%LGSP,CASSVLGSPLHF,TRBV9,TRBJ1-6,NA,Donor1:healthy,1.000000,-,-,-,-,-,-,-,-,-,-,-
265,S%LGSP,8.3e-03,1,2,1.6e-06,1.0e+00,5.6e-02,1.0e+00,1.0e-03,2.9e-02,global-S%LGSP,CASSLLGSPLHF,TRBV27,TRBJ1-6,NA,Donor1:healthy,1.000000,-,-,-,-,-,-,-,-,-,-,-

266,S%GGIG,8.3e-03,1,2,2.9e-08,1.0e+00,1.0e-03,1.0e+00,1.0e-03,2.9e-02,global-S%GGIG,CASSLGGIGYTF,TRBV7-6,TRBJ1-2,NA,Donor1:healthy,1.000000,-,-,-,-,-,-,-,-,-,-,-
266,S%GGIG,8.3e-03,1,2,2.9e-08,1.0e+00,1.0e-03,1.0e+00,1.0e-03,2.9e-02,global-S%GGIG,CASSFGGIGYTF,TRBV7-6,TRBJ1-2,NA,Donor1:healthy,1.000000,-,-,-,-,-,-,-,-,-,-,-

267,SA%NEK,8.3e-03,1,2,1.9e-06,1.0e+00,6.5e-02,1.0e+00,1.0e-03,2.9e-02,global-SA%NEK,CASSAFNEKLFF,TRBV12-4,TRBJ1-4,NA,Donor1:healthy,1.000000,-,-,-,-,-,-,-,-,-,-,-
267,SA%NEK,8.3e-03,1,2,1.9e-06,1.0e+00,6.5e-02,1.0e+00,1.0e-03,2.9e-02,global-SA%NEK,CASSAYNEKLFF,TRBV27,TRBJ1-4,NA,Donor1:healthy,1.000000,-,-,-,-,-,-,-,-,-,-,-

268,NGG%TE,8.3e-03,1,2,2.3e-06,1.0e+00,7.8e-02,1.0e+00,1.0e-03,2.9e-02,global-NGG%TE,CAWNGGSTEAFF,TRBV30,TRBJ1-1,NA,Donor1:healthy,1.000000,-,-,-,-,-,-,-,-,-,-,-
268,NGG%TE,8.3e-03,1,2,2.3e-06,1.0e+00,7.8e-02,1.0e+00,1.0e-03,2.9e-02,global-NGG%TE,CSANGGDTEAFF,TRBV20-1,TRBJ1-1,NA,Donor1:healthy,1.000000,-,-,-,-,-,-,-,-,-,-,-

269,SVA%DT,8.3e-03,1,2,2.2e-09,1.0e+00,1.0e-03,7.6e-02,1.0e-03,2.9e-02,global-SVA%DT,CASSVAADTQYF,TRBV9,TRBJ2-3,NA,Donor1:healthy,1.000000,-,-,-,-,-,-,-,-,-,-,-
269,SVA%DT,8.3e-03,1,2,2.2e-09,1.0e+00,1.0e-03,7.6e-02,1.0e-03,2.9e-02,global-SVA%DT,CASSVAGDTQYF,TRBV9,TRBJ2-3,NA,Donor1:healthy,2.000000,-,-,-,-,-,-,-,-,-,-,-

270,SSQ%TE,8.3e-03,1,2,2.2e-06,1.0e+00,7.4e-02,1.0e+00,1.0e-03,2.9e-02,global-SSQ%TE,CASSSQNTEAFF,TRBV7-6,TRBJ1-1,NA,Donor1:healthy,1.000000,-,-,-,-,-,-,-,-,-,-,-
270,SSQ%TE,8.3e-03,1,2,2.2e-06,1.0e+00,7.4e-02,1.0e+00,1.0e-03,2.9e-02,global-SSQ%TE,CASSSQDTEAFF,TRBV6-6,TRBJ1-1,NA,Donor1:healthy,1.000000,-,-,-,-,-,-,-,-,-,-,-

271,SID%YE,8.3e-03,1,2,2.0e-06,1.0e+00,6.9e-02,1.0e+00,1.0e-03,2.9e-02,global-SID%YE,CASSIDGYEQYF,TRBV19,TRBJ2-7,NA,Donor1:healthy,1.000000,-,-,-,-,-,-,-,-,-,-,-
271,SID%YE,8.3e-03,1,2,2.0e-06,1.0e+00,6.9e-02,1.0e+00,1.0e-03,2.9e-02,global-SID%YE,CASSIDSYEQYF,TRBV5-4,TRBJ2-7,NA,Donor1:healthy,1.000000,-,-,-,-,-,-,-,-,-,-,-

272,STGA%G,8.3e-03,1,2,1.1e-09,1.0e+00,1.0e-03,3.8e-02,1.0e-03,2.9e-02,global-STGA%G,CASSTGAWGYTF,TRBV19,TRBJ1-2,NA,Donor1:healthy,4.000000,-,-,-,-,-,-,-,-,-,-,-
272,STGA%G,8.3e-03,1,2,1.1e-09,1.0e+00,1.0e-03,3.8e-02,1.0e-03,2.9e-02,global-STGA%G,CASSTGAYGYTF,TRBV19,TRBJ1-2,NA,Donor1:healthy,1.000000,-,-,-,-,-,-,-,-,-,-,-

273,SLGD%P,8.3e-03,1,2,1.5e-07,1.0e+00,5.3e-02,9.6e-02,1.0e-03,2.9e-02,global-SLGD%P,CASSLGDRPRTF,TRBV7-2,TRBJ1-2,NA,Donor1:healthy,2.000000,-,-,-,-,-,-,-,-,-,-,-
273,SLGD%P,8.3e-03,1,2,1.5e-07,1.0e+00,5.3e-02,9.6e-02,1.0e-03,2.9e-02,global-SLGD%P,CASSLGDQPQHF,TRBV5-6,TRBJ1-5,NA,Donor1:healthy,1.000000,-,-,-,-,-,-,-,-,-,-,-

274,SLTGD%,8.3e-03,1,2,2.2e-06,1.0e+00,7.7e-02,1.0e+00,1.0e-03,2.9e-02,global-SLTGD%,CASSLTGDGYTF,TRBV9,TRBJ1-2,NA,Donor1:healthy,1.000000,-,-,-,-,-,-,-,-,-,-,-
274,SLTGD%,8.3e-03,1,2,2.2e-06,1.0e+00,7.7e-02,1.0e+00,1.0e-03,2.9e-02,global-SLTGD%,CASSLTGDAQYF,TRBV27,TRBJ2-5,NA,Donor1:healthy,1.000000,-,-,-,-,-,-,-,-,-,-,-

275,%RGGGTE,8.3e-03,1,2,1.9e-06,1.0e+00,6.4e-02,1.0e+00,1.0e-03,2.9e-02,global-%RGGGTE,CASKRGGGTEAFF,TRBV2,TRBJ1-1,NA,Donor1:healthy,1.000000,-,-,-,-,-,-,-,-,-,-,-
275,%RGGGTE,8.3e-03,1,2,1.9e-06,1.0e+00,6.4e-02,1.0e+00,1.0e-03,2.9e-02,global-%RGGGTE,CASRRGGGTEAFF,TRBV12-4,TRBJ1-1,NA,Donor1:healthy,1.000000,-,-,-,-,-,-,-,-,-,-,-

276,S%RSGET,8.3e-03,1,2,7.9e-10,1.0e+00,1.0e-03,2.7e-02,1.0e-03,2.9e-02,global-S%RSGET,CASSGRSGETQYF,TRBV19,TRBJ2-5,NA,Donor1:healthy,7.000000,-,-,-,-,-,-,-,-,-,-,-
276,S%RSGET,8.3e-03,1,2,7.9e-10,1.0e+00,1.0e-03,2.7e-02,1.0e-03,2.9e-02,global-S%RSGET,CASSSRSGETQYF,TRBV19,TRBJ2-5,NA,Donor1:healthy,1.000000,-,-,-,-,-,-,-,-,-,-,-

277,R%RGNEK,8.3e-03,1,2,1.7e-06,1.0e+00,5.7e-02,1.0e+00,1.0e-03,2.9e-02,global-R%RGNEK,CASRGRGNEKLFF,TRBV2,TRBJ1-4,NA,Donor1:healthy,1.000000,-,-,-,-,-,-,-,-,-,-,-
277,R%RGNEK,8.3e-03,1,2,1.7e-06,1.0e+00,5.7e-02,1.0e+00,1.0e-03,2.9e-02,global-R%RGNEK,CASRARGNEKLFF,TRBV5-4,TRBJ1-4,NA,Donor1:healthy,1.000000,-,-,-,-,-,-,-,-,-,-,-

278,S%GYGQP,8.3e-03,1,2,1.5e-06,1.0e+00,5.3e-02,1.0e+00,1.0e-03,2.9e-02,global-S%GYGQP,CASSQGYGQPQHF,TRBV12-3,TRBJ1-5,NA,Donor1:healthy,1.000000,-,-,-,-,-,-,-,-,-,-,-
278,S%GYGQP,8.3e-03,1,2,1.5e-06,1.0e+00,5.3e-02,1.0e+00,1.0e-03,2.9e-02,global-S%GYGQP,CASSSGYGQPQHF,TRBV27,TRBJ1-5,NA,Donor1:healthy,1.000000,-,-,-,-,-,-,-,-,-,-,-

279,SL%VVNE,8.3e-03,1,2,1.9e-06,1.0e+00,6.6e-02,1.0e+00,1.0e-03,2.9e-02,global-SL%VVNE,CASSLAVVNEQFF,TRBV5-5,TRBJ2-1,NA,Donor1:healthy,1.000000,-,-,-,-,-,-,-,-,-,-,-
279,SL%VVNE,8.3e-03,1,2,1.9e-06,1.0e+00,6.6e-02,1.0e+00,1.0e-03,2.9e-02,global-SL%VVNE,CASSLSVVNEQFF,TRBV5-4,TRBJ2-1,NA,Donor1:healthy,1.000000,-,-,-,-,-,-,-,-,-,-,-

280,SL%QIYE,8.3e-03,1,2,2.2e-06,1.0e+00,7.4e-02,1.0e+00,1.0e-03,2.9e-02,global-SL%QIYE,CASSLSQIYEQYF,TRBV27,TRBJ2-7,NA,Donor1:healthy,1.000000,-,-,-,-,-,-,-,-,-,-,-
280,SL%QIYE,8.3e-03,1,2,2.2e-06,1.0e+00,7.4e-02,1.0e+00,1.0e-03,2.9e-02,global-SL%QIYE,CASSLEQIYEQYF,TRBV5-1,TRBJ2-7,NA,Donor1:healthy,1.000000,-,-,-,-,-,-,-,-,-,-,-

281,SL%YGET,8.3e-03,1,2,2.9e-08,1.0e+00,1.0e-03,1.0e+00,1.0e-03,2.9e-02,global-SL%YGET,CASSLSYGETQYF,TRBV27,TRBJ2-5,NA,Donor1:healthy,1.000000,-,-,-,-,-,-,-,-,-,-,-
281,SL%YGET,8.3e-03,1,2,2.9e-08,1.0e+00,1.0e-03,1.0e+00,1.0e-03,2.9e-02,global-SL%YGET,CASSLGYGETQYF,TRBV27,TRBJ2-5,NA,Donor1:healthy,1.000000,-,-,-,-,-,-,-,-,-,-,-

282,SL%GGHG,8.3e-03,1,2,1.9e-06,1.0e+00,6.5e-02,1.0e+00,1.0e-03,2.9e-02,global-SL%GGHG,CASSLNGGHGYTF,TRBV27,TRBJ1-2,NA,Donor1:healthy,1.000000,-,-,-,-,-,-,-,-,-,-,-
282,SL%GGHG,8.3e-03,1,2,1.9e-06,1.0e+00,6.5e-02,1.0e+00,1.0e-03,2.9e-02,global-SL%GGHG,CASSLTGGHGYTF,TRBV6-3,TRBJ1-2,NA,Donor1:healthy,1.000000,-,-,-,-,-,-,-,-,-,-,-

283,STR%AYE,8.3e-03,1,2,2.6e-10,1.0e+00,1.0e-03,9.0e-03,1.0e-03,2.9e-02,global-STR%AYE,CASSTRSAYEQYF,TRBV19,TRBJ2-7,NA,Donor1:healthy,15.000000,-,-,-,-,-,-,-,-,-,-,-
283,STR%AYE,8.3e-03,1,2,2.6e-10,1.0e+00,1.0e-03,9.0e-03,1.0e-03,2.9e-02,global-STR%AYE,CASSTRAAYEQYF,TRBV19,TRBJ2-7,NA,Donor1:healthy,16.000000,-,-,-,-,-,-,-,-,-,-,-

284,SIR%GET,8.3e-03,1,2,4.4e-10,1.0e+00,1.0e-03,1.5e-02,1.0e-03,2.9e-02,global-SIR%GET,CASSIRAGETQYF,TRBV19,TRBJ2-5,NA,Donor1:healthy,13.000000,-,-,-,-,-,-,-,-,-,-,-
284,SIR%GET,8.3e-03,1,2,4.4e-10,1.0e+00,1.0e-03,1.5e-02,1.0e-03,2.9e-02,global-SIR%GET,CASSIRSGETQYF,TRBV19,TRBJ2-5,NA,Donor1:healthy,3.000000,-,-,-,-,-,-,-,-,-,-,-

285,SIRA%YE,8.3e-03,1,2,2.0e-10,1.0e+00,1.0e-03,7.0e-03,1.0e-03,2.9e-02,global-SIRA%YE,CASSIRAAYEQYF,TRBV19,TRBJ2-7,NA,Donor1:healthy,3.000000,-,-,-,-,-,-,-,-,-,-,-
285,SIRA%YE,8.3e-03,1,2,2.0e-10,1.0e+00,1.0e-03,7.0e-03,1.0e-03,2.9e-02,global-SIRA%YE,CASSIRASYEQYF,TRBV19,TRBJ2-7,NA,Donor1:healthy,84.000000,-,-,-,-,-,-,-,-,-,-,-

286,SPSP%GE,8.3e-03,1,2,2.3e-06,1.0e+00,7.8e-02,1.0e+00,1.0e-03,2.9e-02,global-SPSP%GE,CASSPSPGGELFF,TRBV5-1,TRBJ2-2,NA,Donor1:healthy,1.000000,-,-,-,-,-,-,-,-,-,-,-
286,SPSP%GE,8.3e-03,1,2,2.3e-06,1.0e+00,7.8e-02,1.0e+00,1.0e-03,2.9e-02,global-SPSP%GE,CASSPSPNGEQYF,TRBV6-4,TRBJ2-7,NA,Donor1:healthy,1.000000,-,-,-,-,-,-,-,-,-,-,-

287,SVRS%YE,8.3e-03,1,2,2.9e-11,1.0e+00,1.0e-03,1.0e-03,1.0e-03,2.9e-02,global-SVRS%YE,CASSVRSAYEQYF,TRBV19,TRBJ2-7,NA,Donor1:healthy,2.000000,-,-,-,-,-,-,-,-,-,-,-
287,SVRS%YE,8.3e-03,1,2,2.9e-11,1.0e+00,1.0e-03,1.0e-03,1.0e-03,2.9e-02,global-SVRS%YE,CASSVRSSYEQYF,TRBV19,TRBJ2-7,NA,Donor1:healthy,140.000000,-,-,-,-,-,-,-,-,-,-,-

288,SSAG%DE,8.3e-03,1,2,1.7e-06,1.0e+00,5.9e-02,1.0e+00,1.0e-03,2.9e-02,global-SSAG%DE,CASSSAGEDEQYF,TRBV6-5,TRBJ2-7,NA,Donor1:healthy,1.000000,-,-,-,-,-,-,-,-,-,-,-
288,SSAG%DE,8.3e-03,1,2,1.7e-06,1.0e+00,5.9e-02,1.0e+00,1.0e-03,2.9e-02,global-SSAG%DE,CASSSAGSDEQYF,TRBV5-4,TRBJ2-7,NA,Donor1:healthy,1.000000,-,-,-,-,-,-,-,-,-,-,-

289,SWDT%YE,8.3e-03,1,2,1.8e-06,1.0e+00,6.2e-02,1.0e+00,1.0e-03,2.9e-02,global-SWDT%YE,CASSWDTSYEQYF,TRBV6-6,TRBJ2-7,NA,Donor1:healthy,1.000000,-,-,-,-,-,-,-,-,-,-,-
289,SWDT%YE,8.3e-03,1,2,1.8e-06,1.0e+00,6.2e-02,1.0e+00,1.0e-03,2.9e-02,global-SWDT%YE,CASSWDTTYEQYF,TRBV5-1,TRBJ2-7,NA,Donor1:healthy,1.000000,-,-,-,-,-,-,-,-,-,-,-

290,SFGS%DT,8.3e-03,1,2,2.0e-06,1.0e+00,7.0e-02,1.0e+00,1.0e-03,2.9e-02,global-SFGS%DT,CASSFGSADTQYF,TRBV12-4,TRBJ2-3,NA,Donor1:healthy,1.000000,-,-,-,-,-,-,-,-,-,-,-
290,SFGS%DT,8.3e-03,1,2,2.0e-06,1.0e+00,7.0e-02,1.0e+00,1.0e-03,2.9e-02,global-SFGS%DT,CATSFGSTDTQYF,TRBV24-1,TRBJ2-3,NA,Donor1:healthy,1.000000,-,-,-,-,-,-,-,-,-,-,-

291,SPTSN%E,8.3e-03,1,2,2.0e-08,1.0e+00,6.2e-02,1.1e-02,1.0e-03,2.9e-02,global-SPTSN%E,CASSPTSNTEAFF,TRBV19,TRBJ1-1,NA,Donor1:healthy,27.000000,-,-,-,-,-,-,-,-,-,-,-
291,SPTSN%E,8.3e-03,1,2,2.0e-08,1.0e+00,6.2e-02,1.1e-02,1.0e-03,2.9e-02,global-SPTSN%E,CASSPTSNNEQFF,TRBV12-4,TRBJ2-1,NA,Donor1:healthy,1.000000,-,-,-,-,-,-,-,-,-,-,-

292,%LTTGTDT,8.3e-03,1,2,5.8e-08,1.0e+00,6.0e-02,3.3e-02,1.0e-03,2.9e-02,global-%LTTGTDT,CSVELTTGTDTQYF,TRBV29-1,TRBJ2-3,NA,Donor1:healthy,3.000000,-,-,-,-,-,-,-,-,-,-,-
292,%LTTGTDT,8.3e-03,1,2,5.8e-08,1.0e+00,6.0e-02,3.3e-02,1.0e-03,2.9e-02,global-%LTTGTDT,CASSLTTGTDTQYF,TRBV28,TRBJ2-3,NA,Donor1:healthy,2.000000,-,-,-,-,-,-,-,-,-,-,-

293,%PGLAADT,8.3e-03,1,2,2.3e-06,1.0e+00,8.0e-02,1.0e+00,1.0e-03,2.9e-02,global-%PGLAADT,CASSPGLAADTQYF,TRBV12-3,TRBJ2-3,NA,Donor1:healthy,1.000000,-,-,-,-,-,-,-,-,-,-,-
293,%PGLAADT,8.3e-03,1,2,2.3e-06,1.0e+00,8.0e-02,1.0e+00,1.0e-03,2.9e-02,global-%PGLAADT,CSVTPGLAADTQYF,TRBV29-1,TRBJ2-3,NA,Donor1:healthy,1.000000,-,-,-,-,-,-,-,-,-,-,-

294,S%QGGFYG,8.3e-03,1,2,2.4e-06,1.0e+00,8.3e-02,1.0e+00,1.0e-03,2.9e-02,global-S%QGGFYG,CASSEQGGFYGYTF,TRBV9,TRBJ1-2,NA,Donor1:healthy,1.000000,-,-,-,-,-,-,-,-,-,-,-
294,S%QGGFYG,8.3e-03,1,2,2.4e-06,1.0e+00,8.3e-02,1.0e+00,1.0e-03,2.9e-02,global-S%QGGFYG,CASSQQGGFYGYTF,TRBV4-1,TRBJ1-2,NA,Donor1:healthy,1.000000,-,-,-,-,-,-,-,-,-,-,-

295,S%GSANYG,8.3e-03,1,2,1.6e-06,1.0e+00,5.6e-02,1.0e+00,1.0e-03,2.9e-02,global-S%GSANYG,CASSLGSANYGYTF,TRBV13,TRBJ1-2,NA,Donor1:healthy,1.000000,-,-,-,-,-,-,-,-,-,-,-
295,S%GSANYG,8.3e-03,1,2,1.6e-06,1.0e+00,5.6e-02,1.0e+00,1.0e-03,2.9e-02,global-S%GSANYG,CASSVGSANYGYTF,TRBV9,TRBJ1-2,NA,Donor1:healthy,1.000000,-,-,-,-,-,-,-,-,-,-,-

296,S%SQGYNE,8.3e-03,1,2,2.0e-06,1.0e+00,6.9e-02,1.0e+00,1.0e-03,2.9e-02,global-S%SQGYNE,CASSVSQGYNEQFF,TRBV9,TRBJ2-1,NA,Donor1:healthy,1.000000,-,-,-,-,-,-,-,-,-,-,-
296,S%SQGYNE,8.3e-03,1,2,2.0e-06,1.0e+00,6.9e-02,1.0e+00,1.0e-03,2.9e-02,global-S%SQGYNE,CASSLSQGYNEQFF,TRBV7-6,TRBJ2-1,NA,Donor1:healthy,1.000000,-,-,-,-,-,-,-,-,-,-,-

297,S%QGGNEK,8.3e-03,1,2,1.9e-06,1.0e+00,6.4e-02,1.0e+00,1.0e-03,2.9e-02,global-S%QGGNEK,CASSSQGGNEKLFF,TRBV27,TRBJ1-4,NA,Donor1:healthy,1.000000,-,-,-,-,-,-,-,-,-,-,-
297,S%QGGNEK,8.3e-03,1,2,1.9e-06,1.0e+00,6.4e-02,1.0e+00,1.0e-03,2.9e-02,global-S%QGGNEK,CASSQQGGNEKLFF,TRBV7-9,TRBJ1-4,NA,Donor1:healthy,1.000000,-,-,-,-,-,-,-,-,-,-,-

298,SF%GATGE,8.3e-03,1,2,1.7e-06,1.0e+00,5.8e-02,1.0e+00,1.0e-03,2.9e-02,global-SF%GATGE,CASSFSGATGELFF,TRBV5-4,TRBJ2-2,NA,Donor1:healthy,1.000000,-,-,-,-,-,-,-,-,-,-,-
298,SF%GATGE,8.3e-03,1,2,1.7e-06,1.0e+00,5.8e-02,1.0e+00,1.0e-03,2.9e-02,global-SF%GATGE,CASSFGGATGELFF,TRBV7-9,TRBJ2-2,NA,Donor1:healthy,1.000000,-,-,-,-,-,-,-,-,-,-,-

299,SL%GVGYE,8.3e-03,1,2,2.0e-06,1.0e+00,6.8e-02,1.0e+00,1.0e-03,2.9e-02,global-SL%GVGYE,CASSLAGVGYEQYF,TRBV5-1,TRBJ2-7,NA,Donor1:healthy,1.000000,-,-,-,-,-,-,-,-,-,-,-
299,SL%GVGYE,8.3e-03,1,2,2.0e-06,1.0e+00,6.8e-02,1.0e+00,1.0e-03,2.9e-02,global-SL%GVGYE,CASSLVGVGYEQYF,TRBV11-2,TRBJ2-7,NA,Donor1:healthy,1.000000,-,-,-,-,-,-,-,-,-,-,-

300,SL%RATDT,8.3e-03,1,2,2.0e-06,1.0e+00,6.8e-02,1.0e+00,1.0e-03,2.9e-02,global-SL%RATDT,CASSLERATDTQYF,TRBV4-1,TRBJ2-3,NA,Donor1:healthy,1.000000,-,-,-,-,-,-,-,-,-,-,-
300,SL%RATDT,8.3e-03,1,2,2.0e-06,1.0e+00,6.8e-02,1.0e+00,1.0e-03,2.9e-02,global-SL%RATDT,CASSLHRATDTQYF,TRBV27,TRBJ2-3,NA,Donor1:healthy,1.000000,-,-,-,-,-,-,-,-,-,-,-

301,SA%RNTGE,8.3e-03,1,2,1.4e-06,1.0e+00,4.9e-02,1.0e+00,1.0e-03,2.9e-02,global-SA%RNTGE,CASSAARNTGELFF,TRBV9,TRBJ2-2,NA,Donor1:healthy,1.000000,-,-,-,-,-,-,-,-,-,-,-
301,SA%RNTGE,8.3e-03,1,2,1.4e-06,1.0e+00,4.9e-02,1.0e+00,1.0e-03,2.9e-02,global-SA%RNTGE,CASSASRNTGELFF,TRBV7-3,TRBJ2-2,NA,Donor1:healthy,1.000000,-,-,-,-,-,-,-,-,-,-,-

302,SV%GNSYE,8.3e-03,1,2,2.9e-08,1.0e+00,1.0e-03,1.0e+00,1.0e-03,2.9e-02,global-SV%GNSYE,CASSVSGNSYEQYF,TRBV9,TRBJ2-7,NA,Donor1:healthy,1.000000,-,-,-,-,-,-,-,-,-,-,-
302,SV%GNSYE,8.3e-03,1,2,2.9e-08,1.0e+00,1.0e-03,1.0e+00,1.0e-03,2.9e-02,global-SV%GNSYE,CASSVGGNSYEQYF,TRBV9,TRBJ2-7,NA,Donor1:healthy,1.000000,-,-,-,-,-,-,-,-,-,-,-

303,SWT%GTDT,8.3e-03,1,2,1.8e-06,1.0e+00,6.3e-02,1.0e+00,1.0e-03,2.9e-02,global-SWT%GTDT,CASSWTSGTDTQYF,TRBV5-4,TRBJ2-3,NA,Donor1:healthy,1.000000,-,-,-,-,-,-,-,-,-,-,-
303,SWT%GTDT,8.3e-03,1,2,1.8e-06,1.0e+00,6.3e-02,1.0e+00,1.0e-03,2.9e-02,global-SWT%GTDT,CASSWTTGTDTQYF,TRBV5-1,TRBJ2-3,NA,Donor1:healthy,1.000000,-,-,-,-,-,-,-,-,-,-,-

304,SVA%SGYE,8.3e-03,1,2,2.9e-08,1.0e+00,1.0e-03,1.0e+00,1.0e-03,2.9e-02,global-SVA%SGYE,CASSVADSGYEQYF,TRBV9,TRBJ2-7,NA,Donor1:healthy,1.000000,-,-,-,-,-,-,-,-,-,-,-
304,SVA%SGYE,8.3e-03,1,2,2.9e-08,1.0e+00,1.0e-03,1.0e+00,1.0e-03,2.9e-02,global-SVA%SGYE,CASSVASSGYEQYF,TRBV9,TRBJ2-7,NA,Donor1:healthy,1.000000,-,-,-,-,-,-,-,-,-,-,-

305,SLG%GIYG,8.3e-03,1,2,2.2e-06,1.0e+00,7.7e-02,1.0e+00,1.0e-03,2.9e-02,global-SLG%GIYG,CASSLGAGIYGYTF,TRBV7-9,TRBJ1-2,NA,Donor1:healthy,1.000000,-,-,-,-,-,-,-,-,-,-,-
305,SLG%GIYG,8.3e-03,1,2,2.2e-06,1.0e+00,7.7e-02,1.0e+00,1.0e-03,2.9e-02,global-SLG%GIYG,CASSLGGGIYGYTF,TRBV11-2,TRBJ1-2,NA,Donor1:healthy,1.000000,-,-,-,-,-,-,-,-,-,-,-

306,SLI%GTDT,8.3e-03,1,2,2.1e-06,1.0e+00,7.1e-02,1.0e+00,1.0e-03,2.9e-02,global-SLI%GTDT,CASSLIGGTDTQYF,TRBV5-1,TRBJ2-3,NA,Donor1:healthy,1.000000,-,-,-,-,-,-,-,-,-,-,-
306,SLI%GTDT,8.3e-03,1,2,2.1e-06,1.0e+00,7.1e-02,1.0e+00,1.0e-03,2.9e-02,global-SLI%GTDT,CASSLISGTDTQYF,TRBV7-3,TRBJ2-3,NA,Donor1:healthy,1.000000,-,-,-,-,-,-,-,-,-,-,-

307,SPQG%GQP,8.3e-03,1,2,2.0e-06,1.0e+00,7.0e-02,1.0e+00,1.0e-03,2.9e-02,global-SPQG%GQP,CASSPQGLGQPQHF,TRBV27,TRBJ1-5,NA,Donor1:healthy,1.000000,-,-,-,-,-,-,-,-,-,-,-
307,SPQG%GQP,8.3e-03,1,2,2.0e-06,1.0e+00,7.0e-02,1.0e+00,1.0e-03,2.9e-02,global-SPQG%GQP,CASSPQGVGQPQHF,TRBV28,TRBJ1-5,NA,Donor1:healthy,1.000000,-,-,-,-,-,-,-,-,-,-,-

308,SGQGG%YE,8.3e-03,1,2,1.6e-06,1.0e+00,5.6e-02,1.0e+00,1.0e-03,2.9e-02,global-SGQGG%YE,CASSGQGGEYEQYF,TRBV5-6,TRBJ2-7,NA,Donor1:healthy,1.000000,-,-,-,-,-,-,-,-,-,-,-
308,SGQGG%YE,8.3e-03,1,2,1.6e-06,1.0e+00,5.6e-02,1.0e+00,1.0e-03,2.9e-02,global-SGQGG%YE,CASSGQGGSYEQYF,TRBV7-9,TRBJ2-7,NA,Donor1:healthy,1.000000,-,-,-,-,-,-,-,-,-,-,-

309,SAGTG%YG,8.3e-03,1,2,2.2e-06,1.0e+00,7.4e-02,1.0e+00,1.0e-03,2.9e-02,global-SAGTG%YG,CASSAGTGVYGYTF,TRBV7-2,TRBJ1-2,NA,Donor1:healthy,1.000000,-,-,-,-,-,-,-,-,-,-,-
309,SAGTG%YG,8.3e-03,1,2,2.2e-06,1.0e+00,7.4e-02,1.0e+00,1.0e-03,2.9e-02,global-SAGTG%YG,CASSAGTGAYGYTF,TRBV9,TRBJ1-2,NA,Donor1:healthy,1.000000,-,-,-,-,-,-,-,-,-,-,-

310,SFWTG%TE,8.3e-03,1,2,1.9e-06,1.0e+00,6.5e-02,1.0e+00,1.0e-03,2.9e-02,global-SFWTG%TE,CASSFWTGRTEAFF,TRBV28,TRBJ1-1,NA,Donor1:healthy,1.000000,-,-,-,-,-,-,-,-,-,-,-
310,SFWTG%TE,8.3e-03,1,2,1.9e-06,1.0e+00,6.5e-02,1.0e+00,1.0e-03,2.9e-02,global-SFWTG%TE,CASSFWTGNTEAFF,TRBV7-9,TRBJ1-1,NA,Donor1:healthy,1.000000,-,-,-,-,-,-,-,-,-,-,-

311,SLRGL%QP,8.3e-03,1,2,2.1e-06,1.0e+00,7.1e-02,1.0e+00,1.0e-03,2.9e-02,global-SLRGL%QP,CASSLRGLGQPQHF,TRBV5-6,TRBJ1-5,NA,Donor1:healthy,1.000000,-,-,-,-,-,-,-,-,-,-,-
311,SLRGL%QP,8.3e-03,1,2,2.1e-06,1.0e+00,7.1e-02,1.0e+00,1.0e-03,2.9e-02,global-SLRGL%QP,CASSLRGLSQPQHF,TRBV12-3,TRBJ1-5,NA,Donor1:healthy,1.000000,-,-,-,-,-,-,-,-,-,-,-

312,SPGTV%QP,8.3e-03,1,2,1.9e-06,1.0e+00,6.5e-02,1.0e+00,1.0e-03,2.9e-02,global-SPGTV%QP,CASSPGTVNQPQHF,TRBV27,TRBJ1-5,NA,Donor1:healthy,1.000000,-,-,-,-,-,-,-,-,-,-,-
312,SPGTV%QP,8.3e-03,1,2,1.9e-06,1.0e+00,6.5e-02,1.0e+00,1.0e-03,2.9e-02,global-SPGTV%QP,CASSPGTVGQPQHF,TRBV6-5,TRBJ1-5,NA,Donor1:healthy,1.000000,-,-,-,-,-,-,-,-,-,-,-

313,SFGQG%EK,8.3e-03,1,2,2.0e-10,1.0e+00,1.0e-03,7.0e-03,1.0e-03,2.9e-02,global-SFGQG%EK,CASSFGQGAEKLFF,TRBV27,TRBJ1-4,NA,Donor1:healthy,42.000000,-,-,-,-,-,-,-,-,-,-,-
313,SFGQG%EK,8.3e-03,1,2,2.0e-10,1.0e+00,1.0e-03,7.0e-03,1.0e-03,2.9e-02,global-SFGQG%EK,CASSFGQGGEKLFF,TRBV27,TRBJ1-4,NA,Donor1:healthy,1.000000,-,-,-,-,-,-,-,-,-,-,-

314,SYGTAN%E,8.3e-03,1,2,2.0e-06,1.0e+00,6.7e-02,1.0e+00,1.0e-03,2.9e-02,global-SYGTAN%E,CASSYGTANNEQFF,TRBV6-3,TRBJ2-1,NA,Donor1:healthy,1.000000,-,-,-,-,-,-,-,-,-,-,-
314,SYGTAN%E,8.3e-03,1,2,2.0e-06,1.0e+00,6.7e-02,1.0e+00,1.0e-03,2.9e-02,global-SYGTAN%E,CASSYGTANSEQYF,TRBV27,TRBJ2-7,NA,Donor1:healthy,1.000000,-,-,-,-,-,-,-,-,-,-,-

315,SSTGGN%P,8.3e-03,1,2,1.8e-06,1.0e+00,6.2e-02,1.0e+00,1.0e-03,2.9e-02,global-SSTGGN%P,CASSSTGGNSPLHF,TRBV13,TRBJ1-6,NA,Donor1:healthy,1.000000,-,-,-,-,-,-,-,-,-,-,-
315,SSTGGN%P,8.3e-03,1,2,1.8e-06,1.0e+00,6.2e-02,1.0e+00,1.0e-03,2.9e-02,global-SSTGGN%P,CASSSTGGNQPQHF,TRBV7-9,TRBJ1-5,NA,Donor1:healthy,1.000000,-,-,-,-,-,-,-,-,-,-,-

316,SLSLGG%E,8.3e-03,1,2,1.9e-06,1.0e+00,6.4e-02,1.0e+00,1.0e-03,2.9e-02,global-SLSLGG%E,CASSLSLGGDEQFF,TRBV7-2,TRBJ2-1,NA,Donor1:healthy,1.000000,-,-,-,-,-,-,-,-,-,-,-
316,SLSLGG%E,8.3e-03,1,2,1.9e-06,1.0e+00,6.4e-02,1.0e+00,1.0e-03,2.9e-02,global-SLSLGG%E,CASSLSLGGSEAFF,TRBV12-3,TRBJ1-1,NA,Donor1:healthy,1.000000,-,-,-,-,-,-,-,-,-,-,-

317,SLRDRG%E,8.3e-03,1,2,5.1e-06,1.0e+00,1.8e-01,1.0e+00,1.0e-03,2.9e-02,global-SLRDRG%E,CASSLRDRGHEQYF,TRBV7-9,TRBJ2-7,NA,Donor1:healthy,1.000000,-,-,-,-,-,-,-,-,-,-,-
317,SLRDRG%E,8.3e-03,1,2,5.1e-06,1.0e+00,1.8e-01,1.0e+00,1.0e-03,2.9e-02,global-SLRDRG%E,CASSLRDRGYEQYF,TRBV27,TRBJ2-7,NA,Donor1:healthy,1.000000,-,-,-,-,-,-,-,-,-,-,-
317,SLRDRG%E,8.3e-03,1,2,5.1e-06,1.0e+00,1.8e-01,1.0e+00,1.0e-03,2.9e-02,global-SLRDRG%E,CASSLRDRGYEQYF,TRBV28,TRBJ2-7,NA,Donor1:healthy,1.000000,-,-,-,-,-,-,-,-,-,-,-

318,%SGTISTDT,8.3e-03,1,2,2.1e-06,1.0e+00,7.3e-02,1.0e+00,1.0e-03,2.9e-02,global-%SGTISTDT,CASSSGTISTDTQYF,TRBV7-2,TRBJ2-3,NA,Donor1:healthy,1.000000,-,-,-,-,-,-,-,-,-,-,-
318,%SGTISTDT,8.3e-03,1,2,2.1e-06,1.0e+00,7.3e-02,1.0e+00,1.0e-03,2.9e-02,global-%SGTISTDT,CASGSGTISTDTQYF,TRBV12-3,TRBJ2-3,NA,Donor1:healthy,1.000000,-,-,-,-,-,-,-,-,-,-,-

319,S%PGTGDYE,8.3e-03,1,2,1.9e-06,1.0e+00,6.6e-02,1.0e+00,1.0e-03,2.9e-02,global-S%PGTGDYE,CASSAPGTGDYEQYF,TRBV9,TRBJ2-7,NA,Donor1:healthy,1.000000,-,-,-,-,-,-,-,-,-,-,-
319,S%PGTGDYE,8.3e-03,1,2,1.9e-06,1.0e+00,6.6e-02,1.0e+00,1.0e-03,2.9e-02,global-S%PGTGDYE,CATSGPGTGDYEQYF,TRBV15,TRBJ2-7,NA,Donor1:healthy,1.000000,-,-,-,-,-,-,-,-,-,-,-

320,SY%SGGDNE,8.3e-03,1,2,2.5e-09,1.0e+00,1.0e-03,8.6e-02,1.0e-03,2.9e-02,global-SY%SGGDNE,CASSYTSGGDNEQFF,TRBV6-5,TRBJ2-1,NA,Donor1:healthy,1.000000,-,-,-,-,-,-,-,-,-,-,-
320,SY%SGGDNE,8.3e-03,1,2,2.5e-09,1.0e+00,1.0e-03,8.6e-02,1.0e-03,2.9e-02,global-SY%SGGDNE,CASSYSSGGDNEQFF,TRBV6-5,TRBJ2-1,NA,Donor1:healthy,2.000000,-,-,-,-,-,-,-,-,-,-,-

321,SA%TSGQET,8.3e-03,1,2,1.8e-06,1.0e+00,6.1e-02,1.0e+00,1.0e-03,2.9e-02,global-SA%TSGQET,CASSAGTSGQETQYF,TRBV9,TRBJ2-5,NA,Donor1:healthy,1.000000,-,-,-,-,-,-,-,-,-,-,-
321,SA%TSGQET,8.3e-03,1,2,1.8e-06,1.0e+00,6.1e-02,1.0e+00,1.0e-03,2.9e-02,global-SA%TSGQET,CASSASTSGQETQYF,TRBV28,TRBJ2-5,NA,Donor1:healthy,1.000000,-,-,-,-,-,-,-,-,-,-,-

322,SQG%GGAYE,8.3e-03,1,2,1.7e-07,1.0e+00,6.7e-02,8.7e-02,1.0e-03,2.9e-02,global-SQG%GGAYE,CASSQGRGGAYEQYF,TRBV4-3,TRBJ2-7,NA,Donor1:healthy,1.000000,-,-,-,-,-,-,-,-,-,-,-
322,SQG%GGAYE,8.3e-03,1,2,1.7e-07,1.0e+00,6.7e-02,8.7e-02,1.0e-03,2.9e-02,global-SQG%GGAYE,CASSQGQGGAYEQYF,TRBV4-1,TRBJ2-7,NA,Donor1:healthy,2.000000,-,-,-,-,-,-,-,-,-,-,-

323,SLGL%GTYE,8.3e-03,1,2,1.7e-06,1.0e+00,5.8e-02,1.0e+00,1.0e-03,2.9e-02,global-SLGL%GTYE,CASSLGLAGTYEQYF,TRBV12-3,TRBJ2-7,NA,Donor1:healthy,1.000000,-,-,-,-,-,-,-,-,-,-,-
323,SLGL%GTYE,8.3e-03,1,2,1.7e-06,1.0e+00,5.8e-02,1.0e+00,1.0e-03,2.9e-02,global-SLGL%GTYE,CASSLGLGGTYEQYF,TRBV7-2,TRBJ2-7,NA,Donor1:healthy,1.000000,-,-,-,-,-,-,-,-,-,-,-

324,SPSG%AGYE,8.3e-03,1,2,1.9e-06,1.0e+00,6.6e-02,1.0e+00,1.0e-03,2.9e-02,global-SPSG%AGYE,CASSPSGAAGYEQYF,TRBV12-3,TRBJ2-7,NA,Donor1:healthy,1.000000,-,-,-,-,-,-,-,-,-,-,-
324,SPSG%AGYE,8.3e-03,1,2,1.9e-06,1.0e+00,6.6e-02,1.0e+00,1.0e-03,2.9e-02,global-SPSG%AGYE,CASSPSGGAGYEQYF,TRBV19,TRBJ2-7,NA,Donor1:healthy,1.000000,-,-,-,-,-,-,-,-,-,-,-

325,SLAGV%TDT,8.3e-03,1,2,1.8e-06,1.0e+00,6.2e-02,1.0e+00,1.0e-03,2.9e-02,global-SLAGV%TDT,CASSLAGVGTDTQYF,TRBV11-2,TRBJ2-3,NA,Donor1:healthy,1.000000,-,-,-,-,-,-,-,-,-,-,-
325,SLAGV%TDT,8.3e-03,1,2,1.8e-06,1.0e+00,6.2e-02,1.0e+00,1.0e-03,2.9e-02,global-SLAGV%TDT,CASSLAGVSTDTQYF,TRBV5-8,TRBJ2-3,NA,Donor1:healthy,1.000000,-,-,-,-,-,-,-,-,-,-,-

326,SPRLAG%ET,8.3e-03,1,2,1.7e-06,1.0e+00,5.7e-02,1.0e+00,1.0e-03,2.9e-02,global-SPRLAG%ET,CASSPRLAGAETQYF,TRBV11-1,TRBJ2-5,NA,Donor1:healthy,1.000000,-,-,-,-,-,-,-,-,-,-,-
326,SPRLAG%ET,8.3e-03,1,2,1.7e-06,1.0e+00,5.7e-02,1.0e+00,1.0e-03,2.9e-02,global-SPRLAG%ET,CASSPRLAGGETQYF,TRBV28,TRBJ2-5,NA,Donor1:healthy,1.000000,-,-,-,-,-,-,-,-,-,-,-

327,SL%GGPSYNE,8.3e-03,1,2,5.4e-06,1.0e+00,1.9e-01,1.0e+00,1.0e-03,2.9e-02,global-SL%GGPSYNE,CASSLSGGPSYNEQFF,TRBV7-2,TRBJ2-1,NA,Donor1:healthy,1.000000,-,-,-,-,-,-,-,-,-,-,-
327,SL%GGPSYNE,8.3e-03,1,2,5.4e-06,1.0e+00,1.9e-01,1.0e+00,1.0e-03,2.9e-02,global-SL%GGPSYNE,CASSLAGGPSYNEQFF,TRBV11-2,TRBJ2-1,NA,Donor1:healthy,1.000000,-,-,-,-,-,-,-,-,-,-,-
327,SL%GGPSYNE,8.3e-03,1,2,5.4e-06,1.0e+00,1.9e-01,1.0e+00,1.0e-03,2.9e-02,global-SL%GGPSYNE,CASSLAGGPSYNEQFF,TRBV7-3,TRBJ2-1,NA,Donor1:healthy,1.000000,-,-,-,-,-,-,-,-,-,-,-

328,SLI%GSSYNE,8.3e-03,1,2,2.4e-06,1.0e+00,8.1e-02,1.0e+00,1.0e-03,2.9e-02,global-SLI%GSSYNE,CASSLISGSSYNEQFF,TRBV5-1,TRBJ2-1,NA,Donor1:healthy,1.000000,-,-,-,-,-,-,-,-,-,-,-
328,SLI%GSSYNE,8.3e-03,1,2,2.4e-06,1.0e+00,8.1e-02,1.0e+00,1.0e-03,2.9e-02,global-SLI%GSSYNE,CASSLIAGSSYNEQFF,TRBV27,TRBJ2-1,NA,Donor1:healthy,1.000000,-,-,-,-,-,-,-,-,-,-,-

329,SLGL%GGQET,8.3e-03,1,2,1.9e-06,1.0e+00,6.6e-02,1.0e+00,1.0e-03,2.9e-02,global-SLGL%GGQET,CASSLGLAGGQETQYF,TRBV13,TRBJ2-5,NA,Donor1:healthy,1.000000,-,-,-,-,-,-,-,-,-,-,-
329,SLGL%GGQET,8.3e-03,1,2,1.9e-06,1.0e+00,6.6e-02,1.0e+00,1.0e-03,2.9e-02,global-SLGL%GGQET,CASSLGLGGGQETQYF,TRBV11-2,TRBJ2-5,NA,Donor1:healthy,1.000000,-,-,-,-,-,-,-,-,-,-,-

330,SVAGGG%YNE,8.3e-03,1,2,2.9e-08,1.0e+00,1.0e-03,1.0e+00,1.0e-03,2.9e-02,global-SVAGGG%YNE,CASSVAGGGRYNEQFF,TRBV9,TRBJ2-1,NA,Donor1:healthy,1.000000,-,-,-,-,-,-,-,-,-,-,-
330,SVAGGG%YNE,8.3e-03,1,2,2.9e-08,1.0e+00,1.0e-03,1.0e+00,1.0e-03,2.9e-02,global-SVAGGG%YNE,CASSVAGGGKYNEQFF,TRBV9,TRBJ2-1,NA,Donor1:healthy,1.000000,-,-,-,-,-,-,-,-,-,-,-

331,TDLQ,8.3e-03,1,2,3.3e-04,1.0e+00,6.2e-02,1.0e+00,1.8e-01,2.9e-02,motif-TDLQ,CASSHHTDLQETQYF,TRBV3-1,TRBJ2-5,NA,Donor1:healthy,1.000000,-,-,-,-,-,-,-,-,-,-,-
331,TDLQ,8.3e-03,1,2,3.3e-04,1.0e+00,6.2e-02,1.0e+00,1.8e-01,2.9e-02,motif-TDLQ,CASSFIRTDLQETQYF,TRBV12-3,TRBJ2-5,NA,Donor1:healthy,1.000000,-,-,-,-,-,-,-,-,-,-,-

332,RFIS,8.3e-03,1,2,2.5e-04,1.0e+00,5.6e-02,1.0e+00,1.6e-01,2.9e-02,motif-RFIS,CASSRSGRFISYNEQFF,TRBV7-2,TRBJ2-1,NA,Donor1:healthy,1.000000,-,-,-,-,-,-,-,-,-,-,-
332,RFIS,8.3e-03,1,2,2.5e-04,1.0e+00,5.6e-02,1.0e+00,1.6e-01,2.9e-02,motif-RFIS,CSARARTGRFISTGELFF,TRBV20-1,TRBJ2-2,NA,Donor1:healthy,1.000000,-,-,-,-,-,-,-,-,-,-,-

333,SL%NTE,8.9e-03,1,5,2.2e-07,1.0e+00,1.5e-01,1.0e+00,1.0e-03,1.5e-03,global-SL%NTE,CASSLGNTEAFF,TRBV5-1,TRBJ1-1,NA,Donor1:healthy,1.000000,-,-,-,-,-,-,-,-,-,-,-
333,SL%NTE,8.9e-03,1,5,2.2e-07,1.0e+00,1.5e-01,1.0e+00,1.0e-03,1.5e-03,global-SL%NTE,CASSLGNTEAFF,TRBV5-6,TRBJ1-1,NA,Donor1:healthy,1.000000,-,-,-,-,-,-,-,-,-,-,-
333,SL%NTE,8.9e-03,1,5,2.2e-07,1.0e+00,1.5e-01,1.0e+00,1.0e-03,1.5e-03,global-SL%NTE,CASSLGNTEAFF,TRBV6-6,TRBJ1-1,NA,Donor1:healthy,1.000000,-,-,-,-,-,-,-,-,-,-,-
333,SL%NTE,8.9e-03,1,5,2.2e-07,1.0e+00,1.5e-01,1.0e+00,1.0e-03,1.5e-03,global-SL%NTE,CASSLGNTEAFF,TRBV7-2,TRBJ1-1,NA,Donor1:healthy,1.000000,-,-,-,-,-,-,-,-,-,-,-
333,SL%NTE,8.9e-03,1,5,2.2e-07,1.0e+00,1.5e-01,1.0e+00,1.0e-03,1.5e-03,global-SL%NTE,CASSLGNTEAFF,TRBV7-9,TRBJ1-1,NA,Donor1:healthy,1.000000,-,-,-,-,-,-,-,-,-,-,-
333,SL%NTE,8.9e-03,1,5,2.2e-07,1.0e+00,1.5e-01,1.0e+00,1.0e-03,1.5e-03,global-SL%NTE,CASSLSNTEAFF,TRBV5-1,TRBJ1-1,NA,Donor1:healthy,1.000000,-,-,-,-,-,-,-,-,-,-,-
333,SL%NTE,8.9e-03,1,5,2.2e-07,1.0e+00,1.5e-01,1.0e+00,1.0e-03,1.5e-03,global-SL%NTE,CASSLDNTEAFF,TRBV5-1,TRBJ1-1,NA,Donor1:healthy,1.000000,-,-,-,-,-,-,-,-,-,-,-
333,SL%NTE,8.9e-03,1,5,2.2e-07,1.0e+00,1.5e-01,1.0e+00,1.0e-03,1.5e-03,global-SL%NTE,CASSLMNTEAFF,TRBV6-3,TRBJ1-1,NA,Donor1:healthy,1.000000,-,-,-,-,-,-,-,-,-,-,-
333,SL%NTE,8.9e-03,1,5,2.2e-07,1.0e+00,1.5e-01,1.0e+00,1.0e-03,1.5e-03,global-SL%NTE,CASSLQNTEAFF,TRBV5-6,TRBJ1-1,NA,Donor1:healthy,1.000000,-,-,-,-,-,-,-,-,-,-,-

334,SLS%GE,8.9e-03,1,4,8.1e-07,1.0e+00,3.5e-01,1.0e+00,1.0e-03,2.3e-03,global-SLS%GE,CASSLSGGEQYF,TRBV27,TRBJ2-7,NA,Donor1:healthy,1.000000,-,-,-,-,-,-,-,-,-,-,-
334,SLS%GE,8.9e-03,1,4,8.1e-07,1.0e+00,3.5e-01,1.0e+00,1.0e-03,2.3e-03,global-SLS%GE,CASSLSAGELFF,TRBV28,TRBJ2-2,NA,Donor1:healthy,1.000000,-,-,-,-,-,-,-,-,-,-,-
334,SLS%GE,8.9e-03,1,4,8.1e-07,1.0e+00,3.5e-01,1.0e+00,1.0e-03,2.3e-03,global-SLS%GE,CASSLSGGELFF,TRBV4-2,TRBJ2-2,NA,Donor1:healthy,1.000000,-,-,-,-,-,-,-,-,-,-,-
334,SLS%GE,8.9e-03,1,4,8.1e-07,1.0e+00,3.5e-01,1.0e+00,1.0e-03,2.3e-03,global-SLS%GE,CASSLSTGELFF,TRBV7-9,TRBJ2-2,NA,Donor1:healthy,1.000000,-,-,-,-,-,-,-,-,-,-,-

335,SSGT%YE,8.9e-03,1,4,2.3e-07,1.0e+00,5.0e-01,1.9e-01,1.0e-03,2.3e-03,global-SSGT%YE,CASSSGTGYEQYF,TRBV27,TRBJ2-7,NA,Donor1:healthy,1.000000,-,-,-,-,-,-,-,-,-,-,-
335,SSGT%YE,8.9e-03,1,4,2.3e-07,1.0e+00,5.0e-01,1.9e-01,1.0e-03,2.3e-03,global-SSGT%YE,CASSSGTGYEQYF,TRBV6-3,TRBJ2-7,NA,Donor1:healthy,1.000000,-,-,-,-,-,-,-,-,-,-,-
335,SSGT%YE,8.9e-03,1,4,2.3e-07,1.0e+00,5.0e-01,1.9e-01,1.0e-03,2.3e-03,global-SSGT%YE,CASSSGTSYEQYF,TRBV3-1,TRBJ2-7,NA,Donor1:healthy,1.000000,-,-,-,-,-,-,-,-,-,-,-
335,SSGT%YE,8.9e-03,1,4,2.3e-07,1.0e+00,5.0e-01,1.9e-01,1.0e-03,2.3e-03,global-SSGT%YE,CASSSGTAYEQYF,TRBV5-6,TRBJ2-7,NA,Donor1:healthy,1.000000,-,-,-,-,-,-,-,-,-,-,-
335,SSGT%YE,8.9e-03,1,4,2.3e-07,1.0e+00,5.0e-01,1.9e-01,1.0e-03,2.3e-03,global-SSGT%YE,CATSSGTQYEQYF,TRBV15,TRBJ2-7,NA,Donor1:healthy,2.000000,-,-,-,-,-,-,-,-,-,-,-

336,SQGQG%YE,8.9e-03,1,4,8.7e-08,1.0e+00,3.7e-02,1.0e+00,1.0e-03,2.3e-03,global-SQGQG%YE,CAWSQGQGSYEQYF,TRBV30,TRBJ2-7,NA,Donor1:healthy,1.000000,-,-,-,-,-,-,-,-,-,-,-
336,SQGQG%YE,8.9e-03,1,4,8.7e-08,1.0e+00,3.7e-02,1.0e+00,1.0e-03,2.3e-03,global-SQGQG%YE,CASSQGQGGYEQYF,TRBV4-1,TRBJ2-7,NA,Donor1:healthy,1.000000,-,-,-,-,-,-,-,-,-,-,-
336,SQGQG%YE,8.9e-03,1,4,8.7e-08,1.0e+00,3.7e-02,1.0e+00,1.0e-03,2.3e-03,global-SQGQG%YE,CASSQGQGDYEQYF,TRBV4-1,TRBJ2-7,NA,Donor1:healthy,1.000000,-,-,-,-,-,-,-,-,-,-,-
336,SQGQG%YE,8.9e-03,1,4,8.7e-08,1.0e+00,3.7e-02,1.0e+00,1.0e-03,2.3e-03,global-SQGQG%YE,CASSQGQGSYEQYF,TRBV14,TRBJ2-7,NA,Donor1:healthy,1.000000,-,-,-,-,-,-,-,-,-,-,-

337,S%TEET,9.4e-03,1,3,4.3e-08,1.0e+00,7.0e-03,1.0e+00,1.0e-03,6.2e-03,global-S%TEET,CASSSTEETQYF,TRBV7-9,TRBJ2-5,NA,Donor1:healthy,1.000000,-,-,-,-,-,-,-,-,-,-,-
337,S%TEET,9.4e-03,1,3,4.3e-08,1.0e+00,7.0e-03,1.0e+00,1.0e-03,6.2e-03,global-S%TEET,CASSNTEETQYF,TRBV7-9,TRBJ2-5,NA,Donor1:healthy,1.000000,-,-,-,-,-,-,-,-,-,-,-
337,S%TEET,9.4e-03,1,3,4.3e-08,1.0e+00,7.0e-03,1.0e+00,1.0e-03,6.2e-03,global-S%TEET,CASSTTEETQYF,TRBV7-2,TRBJ2-5,NA,Donor1:healthy,1.000000,-,-,-,-,-,-,-,-,-,-,-

338,%SSGANV,9.4e-03,1,3,3.1e-08,1.0e+00,8.5e-02,5.9e-02,1.0e-03,6.2e-03,global-%SSGANV,CASASSGANVLTF,TRBV27,TRBJ2-6,NA,Donor1:healthy,1.000000,-,-,-,-,-,-,-,-,-,-,-
338,%SSGANV,9.4e-03,1,3,3.1e-08,1.0e+00,8.5e-02,5.9e-02,1.0e-03,6.2e-03,global-%SSGANV,CATSSSGANVLTF,TRBV15,TRBJ2-6,NA,Donor1:healthy,1.000000,-,-,-,-,-,-,-,-,-,-,-
338,%SSGANV,9.4e-03,1,3,3.1e-08,1.0e+00,8.5e-02,5.9e-02,1.0e-03,6.2e-03,global-%SSGANV,CASSSSGANVLTF,TRBV27,TRBJ2-6,NA,Donor1:healthy,4.000000,-,-,-,-,-,-,-,-,-,-,-

339,SPGR%YG,9.4e-03,1,3,1.1e-06,1.0e+00,1.9e-01,1.0e+00,1.0e-03,6.2e-03,global-SPGR%YG,CASSPGRDYGYTF,TRBV7-9,TRBJ1-2,NA,Donor1:healthy,1.000000,-,-,-,-,-,-,-,-,-,-,-
339,SPGR%YG,9.4e-03,1,3,1.1e-06,1.0e+00,1.9e-01,1.0e+00,1.0e-03,6.2e-03,global-SPGR%YG,CAWSPGRDYGYTF,TRBV30,TRBJ1-2,NA,Donor1:healthy,1.000000,-,-,-,-,-,-,-,-,-,-,-
339,SPGR%YG,9.4e-03,1,3,1.1e-06,1.0e+00,1.9e-01,1.0e+00,1.0e-03,6.2e-03,global-SPGR%YG,CASSPGRNYGYTF,TRBV27,TRBJ1-2,NA,Donor1:healthy,1.000000,-,-,-,-,-,-,-,-,-,-,-

340,S%SGNSYE,9.4e-03,1,3,1.1e-06,1.0e+00,1.7e-01,1.0e+00,1.0e-03,6.2e-03,global-S%SGNSYE,CASSVSGNSYEQYF,TRBV9,TRBJ2-7,NA,Donor1:healthy,1.000000,-,-,-,-,-,-,-,-,-,-,-
340,S%SGNSYE,9.4e-03,1,3,1.1e-06,1.0e+00,1.7e-01,1.0e+00,1.0e-03,6.2e-03,global-S%SGNSYE,CSASTSGNSYEQYF,TRBV29-1,TRBJ2-7,NA,Donor1:healthy,1.000000,-,-,-,-,-,-,-,-,-,-,-
340,S%SGNSYE,9.4e-03,1,3,1.1e-06,1.0e+00,1.7e-01,1.0e+00,1.0e-03,6.2e-03,global-S%SGNSYE,CASSLSGNSYEQYF,TRBV27,TRBJ2-7,NA,Donor1:healthy,1.000000,-,-,-,-,-,-,-,-,-,-,-

341,SLGQGR%E,9.4e-03,1,3,6.8e-07,1.0e+00,1.1e-01,1.0e+00,1.0e-03,6.2e-03,global-SLGQGR%E,CASSLGQGRNEQFF,TRBV11-1,TRBJ2-1,NA,Donor1:healthy,1.000000,-,-,-,-,-,-,-,-,-,-,-
341,SLGQGR%E,9.4e-03,1,3,6.8e-07,1.0e+00,1.1e-01,1.0e+00,1.0e-03,6.2e-03,global-SLGQGR%E,CASSLGQGRDEQYF,TRBV5-1,TRBJ2-7,NA,Donor1:healthy,1.000000,-,-,-,-,-,-,-,-,-,-,-
341,SLGQGR%E,9.4e-03,1,3,6.8e-07,1.0e+00,1.1e-01,1.0e+00,1.0e-03,6.2e-03,global-SLGQGR%E,CASSLGQGRTEAFF,TRBV5-1,TRBJ1-1,NA,Donor1:healthy,1.000000,-,-,-,-,-,-,-,-,-,-,-

342,GT%NTE,1.0e-02,1,4,8.0e-07,1.0e+00,3.4e-01,1.0e+00,1.0e-03,2.3e-03,global-GT%NTE,CASGTMNTEAFF,TRBV11-1,TRBJ1-1,NA,Donor1:healthy,1.000000,-,-,-,-,-,-,-,-,-,-,-
342,GT%NTE,1.0e-02,1,4,8.0e-07,1.0e+00,3.4e-01,1.0e+00,1.0e-03,2.3e-03,global-GT%NTE,CATGTVNTEAFF,TRBV5-6,TRBJ1-1,NA,Donor1:healthy,1.000000,-,-,-,-,-,-,-,-,-,-,-
342,GT%NTE,1.0e-02,1,4,8.0e-07,1.0e+00,3.4e-01,1.0e+00,1.0e-03,2.3e-03,global-GT%NTE,CATGTGNTEAFF,TRBV19,TRBJ1-1,NA,Donor1:healthy,1.000000,-,-,-,-,-,-,-,-,-,-,-
342,GT%NTE,1.0e-02,1,4,8.0e-07,1.0e+00,3.4e-01,1.0e+00,1.0e-03,2.3e-03,global-GT%NTE,CATGTANTEAFF,TRBV4-1,TRBJ1-1,NA,Donor1:healthy,1.000000,-,-,-,-,-,-,-,-,-,-,-

343,SEG%E,1.1e-02,1,5,3.0e-07,1.0e+00,2.1e-01,1.0e+00,1.0e-03,1.5e-03,global-SEG%E,CASSEGVEQYF,TRBV10-2,TRBJ2-7,NA,Donor1:healthy,1.000000,-,-,-,-,-,-,-,-,-,-,-
343,SEG%E,1.1e-02,1,5,3.0e-07,1.0e+00,2.1e-01,1.0e+00,1.0e-03,1.5e-03,global-SEG%E,CASSEGTEAFF,TRBV6-1,TRBJ1-1,NA,Donor1:healthy,1.000000,-,-,-,-,-,-,-,-,-,-,-
343,SEG%E,1.1e-02,1,5,3.0e-07,1.0e+00,2.1e-01,1.0e+00,1.0e-03,1.5e-03,global-SEG%E,CASSEGAEAFF,TRBV10-2,TRBJ1-1,NA,Donor1:healthy,1.000000,-,-,-,-,-,-,-,-,-,-,-
343,SEG%E,1.1e-02,1,5,3.0e-07,1.0e+00,2.1e-01,1.0e+00,1.0e-03,1.5e-03,global-SEG%E,CASSEGAEAFF,TRBV27,TRBJ1-1,NA,Donor1:healthy,1.000000,-,-,-,-,-,-,-,-,-,-,-
343,SEG%E,1.1e-02,1,5,3.0e-07,1.0e+00,2.1e-01,1.0e+00,1.0e-03,1.5e-03,global-SEG%E,CASSEGGEQYF,TRBV6-6,TRBJ2-7,NA,Donor1:healthy,1.000000,-,-,-,-,-,-,-,-,-,-,-
343,SEG%E,1.1e-02,1,5,3.0e-07,1.0e+00,2.1e-01,1.0e+00,1.0e-03,1.5e-03,global-SEG%E,CAISEGGEQYF,TRBV10-3,TRBJ2-7,NA,Donor1:healthy,1.000000,-,-,-,-,-,-,-,-,-,-,-

344,SLTG%E,1.1e-02,1,5,6.0e-07,1.0e+00,4.1e-01,1.0e+00,1.0e-03,1.5e-03,global-SLTG%E,CASSLTGAEAFF,TRBV11-3,TRBJ1-1,NA,Donor1:healthy,1.000000,-,-,-,-,-,-,-,-,-,-,-
344,SLTG%E,1.1e-02,1,5,6.0e-07,1.0e+00,4.1e-01,1.0e+00,1.0e-03,1.5e-03,global-SLTG%E,CASSLTGAEAFF,TRBV12-4,TRBJ1-1,NA,Donor1:healthy,1.000000,-,-,-,-,-,-,-,-,-,-,-
344,SLTG%E,1.1e-02,1,5,6.0e-07,1.0e+00,4.1e-01,1.0e+00,1.0e-03,1.5e-03,global-SLTG%E,CASSLTGDEQYF,TRBV7-9,TRBJ2-7,NA,Donor1:healthy,1.000000,-,-,-,-,-,-,-,-,-,-,-
344,SLTG%E,1.1e-02,1,5,6.0e-07,1.0e+00,4.1e-01,1.0e+00,1.0e-03,1.5e-03,global-SLTG%E,CASSLTGSEQYF,TRBV27,TRBJ2-7,NA,Donor1:healthy,1.000000,-,-,-,-,-,-,-,-,-,-,-
344,SLTG%E,1.1e-02,1,5,6.0e-07,1.0e+00,4.1e-01,1.0e+00,1.0e-03,1.5e-03,global-SLTG%E,CASSLTGNEQYF,TRBV6-3,TRBJ2-7,NA,Donor1:healthy,1.000000,-,-,-,-,-,-,-,-,-,-,-
344,SLTG%E,1.1e-02,1,5,6.0e-07,1.0e+00,4.1e-01,1.0e+00,1.0e-03,1.5e-03,global-SLTG%E,CASSLTGTEAFF,TRBV7-3,TRBJ1-1,NA,Donor1:healthy,1.000000,-,-,-,-,-,-,-,-,-,-,-
344,SLTG%E,1.1e-02,1,5,6.0e-07,1.0e+00,4.1e-01,1.0e+00,1.0e-03,1.5e-03,global-SLTG%E,CASSLTGTEAFF,TRBV7-9,TRBJ1-1,NA,Donor1:healthy,1.000000,-,-,-,-,-,-,-,-,-,-,-

345,SL%GGTE,1.1e-02,1,5,7.6e-07,1.0e+00,5.2e-01,1.0e+00,1.0e-03,1.5e-03,global-SL%GGTE,CASSLQGGTEAFF,TRBV12-3,TRBJ1-1,NA,Donor1:healthy,1.000000,-,-,-,-,-,-,-,-,-,-,-
345,SL%GGTE,1.1e-02,1,5,7.6e-07,1.0e+00,5.2e-01,1.0e+00,1.0e-03,1.5e-03,global-SL%GGTE,CASSLSGGTEAFF,TRBV7-9,TRBJ1-1,NA,Donor1:healthy,1.000000,-,-,-,-,-,-,-,-,-,-,-
345,SL%GGTE,1.1e-02,1,5,7.6e-07,1.0e+00,5.2e-01,1.0e+00,1.0e-03,1.5e-03,global-SL%GGTE,CASSLTGGTEAFF,TRBV25-1,TRBJ1-1,NA,Donor1:healthy,1.000000,-,-,-,-,-,-,-,-,-,-,-
345,SL%GGTE,1.1e-02,1,5,7.6e-07,1.0e+00,5.2e-01,1.0e+00,1.0e-03,1.5e-03,global-SL%GGTE,CASSLVGGTEAFF,TRBV7-3,TRBJ1-1,NA,Donor1:healthy,1.000000,-,-,-,-,-,-,-,-,-,-,-
345,SL%GGTE,1.1e-02,1,5,7.6e-07,1.0e+00,5.2e-01,1.0e+00,1.0e-03,1.5e-03,global-SL%GGTE,CASSLGGGTEAFF,TRBV27,TRBJ1-1,NA,Donor1:healthy,1.000000,-,-,-,-,-,-,-,-,-,-,-

346,QG%TE,1.2e-02,1,3,1.2e-06,1.0e+00,2.0e-01,1.0e+00,1.0e-03,6.2e-03,global-QG%TE,CAIQGSTEAFF,TRBV10-3,TRBJ1-1,NA,Donor1:healthy,1.000000,-,-,-,-,-,-,-,-,-,-,-
346,QG%TE,1.2e-02,1,3,1.2e-06,1.0e+00,2.0e-01,1.0e+00,1.0e-03,6.2e-03,global-QG%TE,CAKQGDTEAFF,TRBV7-9,TRBJ1-1,NA,Donor1:healthy,1.000000,-,-,-,-,-,-,-,-,-,-,-
346,QG%TE,1.2e-02,1,3,1.2e-06,1.0e+00,2.0e-01,1.0e+00,1.0e-03,6.2e-03,global-QG%TE,CSAQGATEAFF,TRBV20-1,TRBJ1-1,NA,Donor1:healthy,1.000000,-,-,-,-,-,-,-,-,-,-,-

347,SE%TDT,1.2e-02,1,3,1.1e-06,1.0e+00,1.8e-01,1.0e+00,1.0e-03,6.2e-03,global-SE%TDT,CATSEGTDTQYF,TRBV24-1,TRBJ2-3,NA,Donor1:healthy,1.000000,-,-,-,-,-,-,-,-,-,-,-
347,SE%TDT,1.2e-02,1,3,1.1e-06,1.0e+00,1.8e-01,1.0e+00,1.0e-03,6.2e-03,global-SE%TDT,CAWSESTDTQYF,TRBV30,TRBJ2-3,NA,Donor1:healthy,1.000000,-,-,-,-,-,-,-,-,-,-,-
347,SE%TDT,1.2e-02,1,3,1.1e-06,1.0e+00,1.8e-01,1.0e+00,1.0e-03,6.2e-03,global-SE%TDT,CAISEATDTQYF,TRBV10-3,TRBJ2-3,NA,Donor1:healthy,1.000000,-,-,-,-,-,-,-,-,-,-,-

348,SLS%DT,1.2e-02,1,3,6.6e-07,1.0e+00,1.1e-01,1.0e+00,1.0e-03,6.2e-03,global-SLS%DT,CASSLSADTQYF,TRBV27,TRBJ2-3,NA,Donor1:healthy,1.000000,-,-,-,-,-,-,-,-,-,-,-
348,SLS%DT,1.2e-02,1,3,6.6e-07,1.0e+00,1.1e-01,1.0e+00,1.0e-03,6.2e-03,global-SLS%DT,CASSLSGDTQYF,TRBV27,TRBJ2-3,NA,Donor1:healthy,1.000000,-,-,-,-,-,-,-,-,-,-,-
348,SLS%DT,1.2e-02,1,3,6.6e-07,1.0e+00,1.1e-01,1.0e+00,1.0e-03,6.2e-03,global-SLS%DT,CASSLSTDTQYF,TRBV5-6,TRBJ2-3,NA,Donor1:healthy,1.000000,-,-,-,-,-,-,-,-,-,-,-

349,SQG%DT,1.2e-02,1,3,1.9e-07,1.0e+00,3.1e-02,1.0e+00,1.0e-03,6.2e-03,global-SQG%DT,CASSQGADTQYF,TRBV4-2,TRBJ2-3,NA,Donor1:healthy,1.000000,-,-,-,-,-,-,-,-,-,-,-
349,SQG%DT,1.2e-02,1,3,1.9e-07,1.0e+00,3.1e-02,1.0e+00,1.0e-03,6.2e-03,global-SQG%DT,CASSQGGDTQYF,TRBV4-3,TRBJ2-3,NA,Donor1:healthy,1.000000,-,-,-,-,-,-,-,-,-,-,-
349,SQG%DT,1.2e-02,1,3,1.9e-07,1.0e+00,3.1e-02,1.0e+00,1.0e-03,6.2e-03,global-SQG%DT,CASSQGGDTQYF,TRBV7-9,TRBJ2-3,NA,Donor1:healthy,1.000000,-,-,-,-,-,-,-,-,-,-,-
349,SQG%DT,1.2e-02,1,3,1.9e-07,1.0e+00,3.1e-02,1.0e+00,1.0e-03,6.2e-03,global-SQG%DT,CASSQGVDTQYF,TRBV7-9,TRBJ2-3,NA,Donor1:healthy,1.000000,-,-,-,-,-,-,-,-,-,-,-

350,SLGG%E,1.2e-02,1,7,3.4e-08,1.0e+00,2.5e-01,1.6e-01,1.0e-03,8.6e-04,global-SLGG%E,CASSLGGDEQYF,TRBV7-9,TRBJ2-7,NA,Donor1:healthy,1.000000,-,-,-,-,-,-,-,-,-,-,-
350,SLGG%E,1.2e-02,1,7,3.4e-08,1.0e+00,2.5e-01,1.6e-01,1.0e-03,8.6e-04,global-SLGG%E,CASSLGGNEQFF,TRBV12-4,TRBJ2-1,NA,Donor1:healthy,1.000000,-,-,-,-,-,-,-,-,-,-,-
350,SLGG%E,1.2e-02,1,7,3.4e-08,1.0e+00,2.5e-01,1.6e-01,1.0e-03,8.6e-04,global-SLGG%E,CASSLGGNEQFF,TRBV7-9,TRBJ2-1,NA,Donor1:healthy,3.000000,-,-,-,-,-,-,-,-,-,-,-
350,SLGG%E,1.2e-02,1,7,3.4e-08,1.0e+00,2.5e-01,1.6e-01,1.0e-03,8.6e-04,global-SLGG%E,CASSLGGNEQYF,TRBV11-1,TRBJ2-7,NA,Donor1:healthy,1.000000,-,-,-,-,-,-,-,-,-,-,-
350,SLGG%E,1.2e-02,1,7,3.4e-08,1.0e+00,2.5e-01,1.6e-01,1.0e-03,8.6e-04,global-SLGG%E,CASSLGGNEQYF,TRBV7-9,TRBJ2-7,NA,Donor1:healthy,1.000000,-,-,-,-,-,-,-,-,-,-,-
350,SLGG%E,1.2e-02,1,7,3.4e-08,1.0e+00,2.5e-01,1.6e-01,1.0e-03,8.6e-04,global-SLGG%E,CASSLGGGEQFF,TRBV7-9,TRBJ2-1,NA,Donor1:healthy,1.000000,-,-,-,-,-,-,-,-,-,-,-
350,SLGG%E,1.2e-02,1,7,3.4e-08,1.0e+00,2.5e-01,1.6e-01,1.0e-03,8.6e-04,global-SLGG%E,CASSLGGAEAFF,TRBV12-3,TRBJ1-1,NA,Donor1:healthy,1.000000,-,-,-,-,-,-,-,-,-,-,-
350,SLGG%E,1.2e-02,1,7,3.4e-08,1.0e+00,2.5e-01,1.6e-01,1.0e-03,8.6e-04,global-SLGG%E,CASSLGGGEQYF,TRBV4-3,TRBJ2-7,NA,Donor1:healthy,1.000000,-,-,-,-,-,-,-,-,-,-,-
350,SLGG%E,1.2e-02,1,7,3.4e-08,1.0e+00,2.5e-01,1.6e-01,1.0e-03,8.6e-04,global-SLGG%E,CASSLGGDEQFF,TRBV5-4,TRBJ2-1,NA,Donor1:healthy,2.000000,-,-,-,-,-,-,-,-,-,-,-

351,SQ%GGTE,1.2e-02,1,3,1.1e-06,1.0e+00,1.8e-01,1.0e+00,1.0e-03,6.2e-03,global-SQ%GGTE,CASSQVGGTEQYF,TRBV14,TRBJ2-7,NA,Donor1:healthy,1.000000,-,-,-,-,-,-,-,-,-,-,-
351,SQ%GGTE,1.2e-02,1,3,1.1e-06,1.0e+00,1.8e-01,1.0e+00,1.0e-03,6.2e-03,global-SQ%GGTE,CASSQVGGTEAFF,TRBV4-3,TRBJ1-1,NA,Donor1:healthy,1.000000,-,-,-,-,-,-,-,-,-,-,-
351,SQ%GGTE,1.2e-02,1,3,1.1e-06,1.0e+00,1.8e-01,1.0e+00,1.0e-03,6.2e-03,global-SQ%GGTE,CASSQTGGTEAFF,TRBV4-2,TRBJ1-1,NA,Donor1:healthy,1.000000,-,-,-,-,-,-,-,-,-,-,-

352,SP%SGNT,1.2e-02,1,3,1.1e-06,1.0e+00,1.8e-01,1.0e+00,1.0e-03,6.2e-03,global-SP%SGNT,CASSPESGNTIYF,TRBV12-4,TRBJ1-3,NA,Donor1:healthy,1.000000,-,-,-,-,-,-,-,-,-,-,-
352,SP%SGNT,1.2e-02,1,3,1.1e-06,1.0e+00,1.8e-01,1.0e+00,1.0e-03,6.2e-03,global-SP%SGNT,CASSPGSGNTIYF,TRBV6-3,TRBJ1-3,NA,Donor1:healthy,1.000000,-,-,-,-,-,-,-,-,-,-,-
352,SP%SGNT,1.2e-02,1,3,1.1e-06,1.0e+00,1.8e-01,1.0e+00,1.0e-03,6.2e-03,global-SP%SGNT,CASSPSSGNTIYF,TRBV7-9,TRBJ1-3,NA,Donor1:healthy,1.000000,-,-,-,-,-,-,-,-,-,-,-

353,SFR%SYE,1.2e-02,1,3,5.2e-08,1.0e+00,3.2e-01,2.6e-02,1.0e-03,6.2e-03,global-SFR%SYE,CASSFRDSYEQYF,TRBV5-8,TRBJ2-7,NA,Donor1:healthy,1.000000,-,-,-,-,-,-,-,-,-,-,-
353,SFR%SYE,1.2e-02,1,3,5.2e-08,1.0e+00,3.2e-01,2.6e-02,1.0e-03,6.2e-03,global-SFR%SYE,CASSFRDSYEQYF,TRBV7-9,TRBJ2-7,NA,Donor1:healthy,1.000000,-,-,-,-,-,-,-,-,-,-,-
353,SFR%SYE,1.2e-02,1,3,5.2e-08,1.0e+00,3.2e-01,2.6e-02,1.0e-03,6.2e-03,global-SFR%SYE,CASSFRGSYEQYF,TRBV28,TRBJ2-7,NA,Donor1:healthy,1.000000,-,-,-,-,-,-,-,-,-,-,-
353,SFR%SYE,1.2e-02,1,3,5.2e-08,1.0e+00,3.2e-01,2.6e-02,1.0e-03,6.2e-03,global-SFR%SYE,CASSFRSSYEQYF,TRBV19,TRBJ2-7,NA,Donor1:healthy,10.000000,-,-,-,-,-,-,-,-,-,-,-

354,SYG%GQP,1.2e-02,1,3,6.2e-09,1.0e+00,1.0e-03,1.0e+00,1.0e-03,6.2e-03,global-SYG%GQP,CASSYGMGQPQHF,TRBV6-3,TRBJ1-5,NA,Donor1:healthy,1.000000,-,-,-,-,-,-,-,-,-,-,-
354,SYG%GQP,1.2e-02,1,3,6.2e-09,1.0e+00,1.0e-03,1.0e+00,1.0e-03,6.2e-03,global-SYG%GQP,CASSYGVGQPQHF,TRBV6-3,TRBJ1-5,NA,Donor1:healthy,1.000000,-,-,-,-,-,-,-,-,-,-,-
354,SYG%GQP,1.2e-02,1,3,6.2e-09,1.0e+00,1.0e-03,1.0e+00,1.0e-03,6.2e-03,global-SYG%GQP,CASSYGTGQPQHF,TRBV6-3,TRBJ1-5,NA,Donor1:healthy,1.000000,-,-,-,-,-,-,-,-,-,-,-

355,SPGQG%YG,1.2e-02,1,4,1.1e-06,1.0e+00,4.8e-01,1.0e+00,1.0e-03,2.3e-03,global-SPGQG%YG,CASSPGQGDYGYTF,TRBV7-9,TRBJ1-2,NA,Donor1:healthy,1.000000,-,-,-,-,-,-,-,-,-,-,-
355,SPGQG%YG,1.2e-02,1,4,1.1e-06,1.0e+00,4.8e-01,1.0e+00,1.0e-03,2.3e-03,global-SPGQG%YG,CASSPGQGAYGYTF,TRBV2,TRBJ1-2,NA,Donor1:healthy,1.000000,-,-,-,-,-,-,-,-,-,-,-
355,SPGQG%YG,1.2e-02,1,4,1.1e-06,1.0e+00,4.8e-01,1.0e+00,1.0e-03,2.3e-03,global-SPGQG%YG,CASSPGQGAYGYTF,TRBV6-5,TRBJ1-2,NA,Donor1:healthy,1.000000,-,-,-,-,-,-,-,-,-,-,-
355,SPGQG%YG,1.2e-02,1,4,1.1e-06,1.0e+00,4.8e-01,1.0e+00,1.0e-03,2.3e-03,global-SPGQG%YG,CASSPGQGGYGYTF,TRBV4-3,TRBJ1-2,NA,Donor1:healthy,1.000000,-,-,-,-,-,-,-,-,-,-,-
355,SPGQG%YG,1.2e-02,1,4,1.1e-06,1.0e+00,4.8e-01,1.0e+00,1.0e-03,2.3e-03,global-SPGQG%YG,CASSPGQGSYGYTF,TRBV3-1,TRBJ1-2,NA,Donor1:healthy,1.000000,-,-,-,-,-,-,-,-,-,-,-

356,SLG%GGTDT,1.2e-02,1,3,2.0e-06,1.0e+00,3.2e-01,1.0e+00,1.0e-03,6.2e-03,global-SLG%GGTDT,CASSLGTGGTDTQYF,TRBV28,TRBJ2-3,NA,Donor1:healthy,1.000000,-,-,-,-,-,-,-,-,-,-,-
356,SLG%GGTDT,1.2e-02,1,3,2.0e-06,1.0e+00,3.2e-01,1.0e+00,1.0e-03,6.2e-03,global-SLG%GGTDT,CASSLGEGGTDTQYF,TRBV7-3,TRBJ2-3,NA,Donor1:healthy,1.000000,-,-,-,-,-,-,-,-,-,-,-
356,SLG%GGTDT,1.2e-02,1,3,2.0e-06,1.0e+00,3.2e-01,1.0e+00,1.0e-03,6.2e-03,global-SLG%GGTDT,CASSLGSGGTDTQYF,TRBV11-2,TRBJ2-3,NA,Donor1:healthy,1.000000,-,-,-,-,-,-,-,-,-,-,-
356,SLG%GGTDT,1.2e-02,1,3,2.0e-06,1.0e+00,3.2e-01,1.0e+00,1.0e-03,6.2e-03,global-SLG%GGTDT,CASSLGSGGTDTQYF,TRBV7-2,TRBJ2-3,NA,Donor1:healthy,1.000000,-,-,-,-,-,-,-,-,-,-,-

357,%KDT,1.3e-02,1,2,2.0e-06,1.0e+00,7.0e-02,1.0e+00,1.0e-03,2.9e-02,global-%KDT,CASRKDTQYF,TRBV28,TRBJ2-3,NA,Donor1:healthy,1.000000,-,-,-,-,-,-,-,-,-,-,-
357,%KDT,1.3e-02,1,2,2.0e-06,1.0e+00,7.0e-02,1.0e+00,1.0e-03,2.9e-02,global-%KDT,CASKKDTQYF,TRBV6-3,TRBJ2-3,NA,Donor1:healthy,1.000000,-,-,-,-,-,-,-,-,-,-,-

358,%LRNE,1.3e-02,1,2,9.8e-08,1.0e+00,7.3e-02,4.6e-02,1.0e-03,2.9e-02,global-%LRNE,CASGLRNEQFF,TRBV12-5,TRBJ2-1,NA,Donor1:healthy,2.000000,-,-,-,-,-,-,-,-,-,-,-
358,%LRNE,1.3e-02,1,2,9.8e-08,1.0e+00,7.3e-02,4.6e-02,1.0e-03,2.9e-02,global-%LRNE,CASALRNEQYF,TRBV28,TRBJ2-7,NA,Donor1:healthy,2.000000,-,-,-,-,-,-,-,-,-,-,-

359,%AGLG,1.3e-02,1,2,2.1e-06,1.0e+00,7.2e-02,1.0e+00,1.0e-03,2.9e-02,global-%AGLG,CAWTAGLGISF,TRBV30,TRBJ1-2,NA,Donor1:healthy,1.000000,-,-,-,-,-,-,-,-,-,-,-
359,%AGLG,1.3e-02,1,2,2.1e-06,1.0e+00,7.2e-02,1.0e+00,1.0e-03,2.9e-02,global-%AGLG,CASSAGLGYTF,TRBV13,TRBJ1-2,NA,Donor1:healthy,1.000000,-,-,-,-,-,-,-,-,-,-,-

360,S%TEK,1.3e-02,1,2,2.9e-08,1.0e+00,1.0e-03,1.0e+00,1.0e-03,2.9e-02,global-S%TEK,CASSLTEKLFF,TRBV7-9,TRBJ1-4,NA,Donor1:healthy,1.000000,-,-,-,-,-,-,-,-,-,-,-
360,S%TEK,1.3e-02,1,2,2.9e-08,1.0e+00,1.0e-03,1.0e+00,1.0e-03,2.9e-02,global-S%TEK,CASSFTEKLFF,TRBV7-9,TRBJ1-4,NA,Donor1:healthy,1.000000,-,-,-,-,-,-,-,-,-,-,-

361,EE%GE,1.3e-02,1,2,1.5e-06,1.0e+00,5.1e-02,1.0e+00,1.0e-03,2.9e-02,global-EE%GE,CATEEGGELFF,TRBV10-3,TRBJ2-2,NA,Donor1:healthy,1.000000,-,-,-,-,-,-,-,-,-,-,-
361,EE%GE,1.3e-02,1,2,1.5e-06,1.0e+00,5.1e-02,1.0e+00,1.0e-03,2.9e-02,global-EE%GE,CSVEEAGELFF,TRBV29-1,TRBJ2-2,NA,Donor1:healthy,1.000000,-,-,-,-,-,-,-,-,-,-,-

362,RA%DT,1.3e-02,1,2,2.0e-06,1.0e+00,6.7e-02,1.0e+00,1.0e-03,2.9e-02,global-RA%DT,CSARASDTQYF,TRBV20-1,TRBJ2-3,NA,Donor1:healthy,1.000000,-,-,-,-,-,-,-,-,-,-,-
362,RA%DT,1.3e-02,1,2,2.0e-06,1.0e+00,6.7e-02,1.0e+00,1.0e-03,2.9e-02,global-RA%DT,CGKRATDTQYF,TRBV2,TRBJ2-3,NA,Donor1:healthy,1.000000,-,-,-,-,-,-,-,-,-,-,-

363,%ALTGE,1.3e-02,1,2,4.9e-10,1.0e+00,1.0e-03,1.7e-02,1.0e-03,2.9e-02,global-%ALTGE,CASIALTGELFF,TRBV6-1,TRBJ2-2,NA,Donor1:healthy,13.000000,-,-,-,-,-,-,-,-,-,-,-
363,%ALTGE,1.3e-02,1,2,4.9e-10,1.0e+00,1.0e-03,1.7e-02,1.0e-03,2.9e-02,global-%ALTGE,CASLALTGELFF,TRBV6-1,TRBJ2-2,NA,Donor1:healthy,2.000000,-,-,-,-,-,-,-,-,-,-,-

364,S%WGET,1.3e-02,1,2,2.0e-06,1.0e+00,6.9e-02,1.0e+00,1.0e-03,2.9e-02,global-S%WGET,CASSDWGETQYF,TRBV25-1,TRBJ2-5,NA,Donor1:healthy,1.000000,-,-,-,-,-,-,-,-,-,-,-
364,S%WGET,1.3e-02,1,2,2.0e-06,1.0e+00,6.9e-02,1.0e+00,1.0e-03,2.9e-02,global-S%WGET,CATSEWGETQYF,TRBV24-1,TRBJ2-5,NA,Donor1:healthy,1.000000,-,-,-,-,-,-,-,-,-,-,-

365,SL%WDE,1.3e-02,1,2,1.7e-06,1.0e+00,6.0e-02,1.0e+00,1.0e-03,2.9e-02,global-SL%WDE,CASSLTWDEQFF,TRBV6-3,TRBJ2-1,NA,Donor1:healthy,1.000000,-,-,-,-,-,-,-,-,-,-,-
365,SL%WDE,1.3e-02,1,2,1.7e-06,1.0e+00,6.0e-02,1.0e+00,1.0e-03,2.9e-02,global-SL%WDE,CASSLSWDEQFF,TRBV7-2,TRBJ2-1,NA,Donor1:healthy,1.000000,-,-,-,-,-,-,-,-,-,-,-

366,SA%SGE,1.3e-02,1,2,1.7e-06,1.0e+00,6.0e-02,1.0e+00,1.0e-03,2.9e-02,global-SA%SGE,CASSAGSGEAFF,TRBV11-1,TRBJ1-1,NA,Donor1:healthy,1.000000,-,-,-,-,-,-,-,-,-,-,-
366,SA%SGE,1.3e-02,1,2,1.7e-06,1.0e+00,6.0e-02,1.0e+00,1.0e-03,2.9e-02,global-SA%SGE,CASSANSGEQFF,TRBV9,TRBJ2-1,NA,Donor1:healthy,1.000000,-,-,-,-,-,-,-,-,-,-,-

367,SS%EET,1.3e-02,1,2,1.7e-06,1.0e+00,5.8e-02,1.0e+00,1.0e-03,2.9e-02,global-SS%EET,CASSSSEETQYF,TRBV2,TRBJ2-5,NA,Donor1:healthy,1.000000,-,-,-,-,-,-,-,-,-,-,-
367,SS%EET,1.3e-02,1,2,1.7e-06,1.0e+00,5.8e-02,1.0e+00,1.0e-03,2.9e-02,global-SS%EET,CASSSTEETQYF,TRBV7-9,TRBJ2-5,NA,Donor1:healthy,1.000000,-,-,-,-,-,-,-,-,-,-,-

368,RDT%TE,1.3e-02,1,2,2.2e-06,1.0e+00,7.5e-02,1.0e+00,1.0e-03,2.9e-02,global-RDT%TE,CSGRDTDTEAFF,TRBV29-1,TRBJ1-1,NA,Donor1:healthy,1.000000,-,-,-,-,-,-,-,-,-,-,-
368,RDT%TE,1.3e-02,1,2,2.2e-06,1.0e+00,7.5e-02,1.0e+00,1.0e-03,2.9e-02,global-RDT%TE,CASRDTNTEAFF,TRBV28,TRBJ1-1,NA,Donor1:healthy,1.000000,-,-,-,-,-,-,-,-,-,-,-

369,SPS%DE,1.3e-02,1,2,2.1e-06,1.0e+00,7.1e-02,1.0e+00,1.0e-03,2.9e-02,global-SPS%DE,CASSPSHDEQFF,TRBV11-2,TRBJ2-1,NA,Donor1:healthy,1.000000,-,-,-,-,-,-,-,-,-,-,-
369,SPS%DE,1.3e-02,1,2,2.1e-06,1.0e+00,7.1e-02,1.0e+00,1.0e-03,2.9e-02,global-SPS%DE,CASSPSNDEQYF,TRBV4-1,TRBJ2-7,NA,Donor1:healthy,1.000000,-,-,-,-,-,-,-,-,-,-,-

370,SLRT%E,1.3e-02,1,2,2.0e-06,1.0e+00,6.8e-02,1.0e+00,1.0e-03,2.9e-02,global-SLRT%E,CASSLRTAEAFF,TRBV7-9,TRBJ1-1,NA,Donor1:healthy,1.000000,-,-,-,-,-,-,-,-,-,-,-
370,SLRT%E,1.3e-02,1,2,2.0e-06,1.0e+00,6.8e-02,1.0e+00,1.0e-03,2.9e-02,global-SLRT%E,CASSLRTGELFF,TRBV5-4,TRBJ2-2,NA,Donor1:healthy,1.000000,-,-,-,-,-,-,-,-,-,-,-

371,ETGG%E,1.3e-02,1,2,2.1e-06,1.0e+00,7.2e-02,1.0e+00,1.0e-03,2.9e-02,global-ETGG%E,CASETGGTEAFF,TRBV6-3,TRBJ1-1,NA,Donor1:healthy,1.000000,-,-,-,-,-,-,-,-,-,-,-
371,ETGG%E,1.3e-02,1,2,2.1e-06,1.0e+00,7.2e-02,1.0e+00,1.0e-03,2.9e-02,global-ETGG%E,CSVETGGNEQFF,TRBV29-1,TRBJ2-1,NA,Donor1:healthy,1.000000,-,-,-,-,-,-,-,-,-,-,-

372,SFGG%T,1.3e-02,1,2,1.9e-06,1.0e+00,6.4e-02,1.0e+00,1.0e-03,2.9e-02,global-SFGG%T,CASSFGGETQYF,TRBV7-9,TRBJ2-5,NA,Donor1:healthy,1.000000,-,-,-,-,-,-,-,-,-,-,-
372,SFGG%T,1.3e-02,1,2,1.9e-06,1.0e+00,6.4e-02,1.0e+00,1.0e-03,2.9e-02,global-SFGG%T,CASSFGGNTIYF,TRBV5-6,TRBJ1-3,NA,Donor1:healthy,1.000000,-,-,-,-,-,-,-,-,-,-,-

373,SFSP%E,1.3e-02,1,2,1.7e-06,1.0e+00,5.7e-02,1.0e+00,1.0e-03,2.9e-02,global-SFSP%E,CASSFSPYEQYF,TRBV7-2,TRBJ2-7,NA,Donor1:healthy,1.000000,-,-,-,-,-,-,-,-,-,-,-
373,SFSP%E,1.3e-02,1,2,1.7e-06,1.0e+00,5.7e-02,1.0e+00,1.0e-03,2.9e-02,global-SFSP%E,CASSFSPWEQYF,TRBV7-9,TRBJ2-7,NA,Donor1:healthy,1.000000,-,-,-,-,-,-,-,-,-,-,-

374,SPSN%E,1.3e-02,1,2,1.7e-06,1.0e+00,5.9e-02,1.0e+00,1.0e-03,2.9e-02,global-SPSN%E,CASSPSNNEQFF,TRBV7-8,TRBJ2-1,NA,Donor1:healthy,1.000000,-,-,-,-,-,-,-,-,-,-,-
374,SPSN%E,1.3e-02,1,2,1.7e-06,1.0e+00,5.9e-02,1.0e+00,1.0e-03,2.9e-02,global-SPSN%E,CASSPSNDEQYF,TRBV4-1,TRBJ2-7,NA,Donor1:healthy,1.000000,-,-,-,-,-,-,-,-,-,-,-

375,%IGQGYE,1.3e-02,1,2,1.6e-06,1.0e+00,5.5e-02,1.0e+00,1.0e-03,2.9e-02,global-%IGQGYE,CASSIGQGYEQYF,TRBV25-1,TRBJ2-7,NA,Donor1:healthy,1.000000,-,-,-,-,-,-,-,-,-,-,-
375,%IGQGYE,1.3e-02,1,2,1.6e-06,1.0e+00,5.5e-02,1.0e+00,1.0e-03,2.9e-02,global-%IGQGYE,CASKIGQGYEQYF,TRBV6-5,TRBJ2-7,NA,Donor1:healthy,1.000000,-,-,-,-,-,-,-,-,-,-,-

376,%QGAGYE,1.3e-02,1,2,2.0e-06,1.0e+00,6.9e-02,1.0e+00,1.0e-03,2.9e-02,global-%QGAGYE,CATGQGAGYEQYF,TRBV25-1,TRBJ2-7,NA,Donor1:healthy,1.000000,-,-,-,-,-,-,-,-,-,-,-
376,%QGAGYE,1.3e-02,1,2,2.0e-06,1.0e+00,6.9e-02,1.0e+00,1.0e-03,2.9e-02,global-%QGAGYE,CASSQGAGYEQYF,TRBV4-3,TRBJ2-7,NA,Donor1:healthy,1.000000,-,-,-,-,-,-,-,-,-,-,-

377,%LGPSYE,1.3e-02,1,2,2.0e-06,1.0e+00,6.9e-02,1.0e+00,1.0e-03,2.9e-02,global-%LGPSYE,CASSLGPSYEQYF,TRBV5-6,TRBJ2-7,NA,Donor1:healthy,1.000000,-,-,-,-,-,-,-,-,-,-,-
377,%LGPSYE,1.3e-02,1,2,2.0e-06,1.0e+00,6.9e-02,1.0e+00,1.0e-03,2.9e-02,global-%LGPSYE,CASGLGPSYEQYF,TRBV12-5,TRBJ2-7,NA,Donor1:healthy,1.000000,-,-,-,-,-,-,-,-,-,-,-

378,S%YLNTE,1.3e-02,1,2,2.0e-06,1.0e+00,6.8e-02,1.0e+00,1.0e-03,2.9e-02,global-S%YLNTE,CASSLYLNTEAFF,TRBV27,TRBJ1-1,NA,Donor1:healthy,1.000000,-,-,-,-,-,-,-,-,-,-,-
378,S%YLNTE,1.3e-02,1,2,2.0e-06,1.0e+00,6.8e-02,1.0e+00,1.0e-03,2.9e-02,global-S%YLNTE,CASSFYLNTEAFF,TRBV11-2,TRBJ1-1,NA,Donor1:healthy,1.000000,-,-,-,-,-,-,-,-,-,-,-

379,S%RSADT,1.3e-02,1,2,2.7e-09,1.0e+00,1.0e-03,9.3e-02,1.0e-03,2.9e-02,global-S%RSADT,CASSIRSADTQYF,TRBV19,TRBJ2-3,NA,Donor1:healthy,1.000000,-,-,-,-,-,-,-,-,-,-,-
379,S%RSADT,1.3e-02,1,2,2.7e-09,1.0e+00,1.0e-03,9.3e-02,1.0e-03,2.9e-02,global-S%RSADT,CASSVRSADTQYF,TRBV19,TRBJ2-3,NA,Donor1:healthy,2.000000,-,-,-,-,-,-,-,-,-,-,-

380,E%GSNYG,1.3e-02,1,2,2.9e-08,1.0e+00,1.0e-03,1.0e+00,1.0e-03,2.9e-02,global-E%GSNYG,CSVETGSNYGYTF,TRBV29-1,TRBJ1-2,NA,Donor1:healthy,1.000000,-,-,-,-,-,-,-,-,-,-,-
380,E%GSNYG,1.3e-02,1,2,2.9e-08,1.0e+00,1.0e-03,1.0e+00,1.0e-03,2.9e-02,global-E%GSNYG,CSVESGSNYGYTF,TRBV29-1,TRBJ1-2,NA,Donor1:healthy,1.000000,-,-,-,-,-,-,-,-,-,-,-

381,ST%RNTE,1.3e-02,1,2,1.8e-06,1.0e+00,6.3e-02,1.0e+00,1.0e-03,2.9e-02,global-ST%RNTE,CASSTTRNTEAFF,TRBV7-2,TRBJ1-1,NA,Donor1:healthy,1.000000,-,-,-,-,-,-,-,-,-,-,-
381,ST%RNTE,1.3e-02,1,2,1.8e-06,1.0e+00,6.3e-02,1.0e+00,1.0e-03,2.9e-02,global-ST%RNTE,CASSTNRNTEAFF,TRBV12-4,TRBJ1-1,NA,Donor1:healthy,1.000000,-,-,-,-,-,-,-,-,-,-,-

382,QG%GNTE,1.3e-02,1,2,2.2e-06,1.0e+00,7.6e-02,1.0e+00,1.0e-03,2.9e-02,global-QG%GNTE,CATQGRGNTEAFF,TRBV27,TRBJ1-1,NA,Donor1:healthy,1.000000,-,-,-,-,-,-,-,-,-,-,-
382,QG%GNTE,1.3e-02,1,2,2.2e-06,1.0e+00,7.6e-02,1.0e+00,1.0e-03,2.9e-02,global-QG%GNTE,CATQGEGNTEAFF,TRBV9,TRBJ1-1,NA,Donor1:healthy,1.000000,-,-,-,-,-,-,-,-,-,-,-

383,SR%AGNE,1.3e-02,1,2,1.7e-06,1.0e+00,6.0e-02,1.0e+00,1.0e-03,2.9e-02,global-SR%AGNE,CASSRLAGNEQYF,TRBV28,TRBJ2-7,NA,Donor1:healthy,1.000000,-,-,-,-,-,-,-,-,-,-,-
383,SR%AGNE,1.3e-02,1,2,1.7e-06,1.0e+00,6.0e-02,1.0e+00,1.0e-03,2.9e-02,global-SR%AGNE,CASSRIAGNEQYF,TRBV7-3,TRBJ2-7,NA,Donor1:healthy,1.000000,-,-,-,-,-,-,-,-,-,-,-

384,SL%GLDT,1.3e-02,1,2,1.6e-06,1.0e+00,5.6e-02,1.0e+00,1.0e-03,2.9e-02,global-SL%GLDT,CASSLAGLDTQYF,TRBV7-6,TRBJ2-3,NA,Donor1:healthy,1.000000,-,-,-,-,-,-,-,-,-,-,-
384,SL%GLDT,1.3e-02,1,2,1.6e-06,1.0e+00,5.6e-02,1.0e+00,1.0e-03,2.9e-02,global-SL%GLDT,CASSLGGLDTQYF,TRBV11-3,TRBJ2-3,NA,Donor1:healthy,1.000000,-,-,-,-,-,-,-,-,-,-,-

385,SRT%YNE,1.3e-02,1,2,1.5e-06,1.0e+00,5.1e-02,1.0e+00,1.0e-03,2.9e-02,global-SRT%YNE,CASSRTEYNEQFF,TRBV25-1,TRBJ2-1,NA,Donor1:healthy,1.000000,-,-,-,-,-,-,-,-,-,-,-
385,SRT%YNE,1.3e-02,1,2,1.5e-06,1.0e+00,5.1e-02,1.0e+00,1.0e-03,2.9e-02,global-SRT%YNE,CASSRTSYNEQFF,TRBV9,TRBJ2-1,NA,Donor1:healthy,1.000000,-,-,-,-,-,-,-,-,-,-,-

386,SFS%NQP,1.3e-02,1,2,2.1e-06,1.0e+00,7.1e-02,1.0e+00,1.0e-03,2.9e-02,global-SFS%NQP,CASSFSGNQPQHF,TRBV28,TRBJ1-5,NA,Donor1:healthy,1.000000,-,-,-,-,-,-,-,-,-,-,-
386,SFS%NQP,1.3e-02,1,2,2.1e-06,1.0e+00,7.1e-02,1.0e+00,1.0e-03,2.9e-02,global-SFS%NQP,CASSFSSNQPQHF,TRBV27,TRBJ1-5,NA,Donor1:healthy,1.000000,-,-,-,-,-,-,-,-,-,-,-

387,STR%TGE,1.3e-02,1,2,8.7e-11,1.0e+00,1.0e-03,3.0e-03,1.0e-03,2.9e-02,global-STR%TGE,CASSTRATGELFF,TRBV19,TRBJ2-2,NA,Donor1:healthy,37.000000,-,-,-,-,-,-,-,-,-,-,-
387,STR%TGE,1.3e-02,1,2,8.7e-11,1.0e+00,1.0e-03,3.0e-03,1.0e-03,2.9e-02,global-STR%TGE,CASSTRSTGELFF,TRBV19,TRBJ2-2,NA,Donor1:healthy,2.000000,-,-,-,-,-,-,-,-,-,-,-

388,SFRS%YE,1.3e-02,1,2,2.4e-08,1.0e+00,6.8e-02,1.2e-02,1.0e-03,2.9e-02,global-SFRS%YE,CASSFRSGYEQYF,TRBV6-6,TRBJ2-7,NA,Donor1:healthy,1.000000,-,-,-,-,-,-,-,-,-,-,-
388,SFRS%YE,1.3e-02,1,2,2.4e-08,1.0e+00,6.8e-02,1.2e-02,1.0e-03,2.9e-02,global-SFRS%YE,CASSFRSSYEQYF,TRBV19,TRBJ2-7,NA,Donor1:healthy,10.000000,-,-,-,-,-,-,-,-,-,-,-

389,SSDS%YE,1.3e-02,1,2,5.1e-06,1.0e+00,1.7e-01,1.0e+00,1.0e-03,2.9e-02,global-SSDS%YE,CASSSDSAYEQYF,TRBV6-6,TRBJ2-7,NA,Donor1:healthy,1.000000,-,-,-,-,-,-,-,-,-,-,-
389,SSDS%YE,1.3e-02,1,2,5.1e-06,1.0e+00,1.7e-01,1.0e+00,1.0e-03,2.9e-02,global-SSDS%YE,CASSSDSSYEQYF,TRBV27,TRBJ2-7,NA,Donor1:healthy,1.000000,-,-,-,-,-,-,-,-,-,-,-
389,SSDS%YE,1.3e-02,1,2,5.1e-06,1.0e+00,1.7e-01,1.0e+00,1.0e-03,2.9e-02,global-SSDS%YE,CASSSDSSYEQYF,TRBV5-1,TRBJ2-7,NA,Donor1:healthy,1.000000,-,-,-,-,-,-,-,-,-,-,-

390,SLVE%TE,1.3e-02,1,2,1.9e-06,1.0e+00,6.5e-02,1.0e+00,1.0e-03,2.9e-02,global-SLVE%TE,CASSLVENTEAFF,TRBV28,TRBJ1-1,NA,Donor1:healthy,1.000000,-,-,-,-,-,-,-,-,-,-,-
390,SLVE%TE,1.3e-02,1,2,1.9e-06,1.0e+00,6.5e-02,1.0e+00,1.0e-03,2.9e-02,global-SLVE%TE,CASSLVEGTEAFF,TRBV5-4,TRBJ1-1,NA,Donor1:healthy,1.000000,-,-,-,-,-,-,-,-,-,-,-

391,SFVG%NE,1.3e-02,1,2,1.8e-06,1.0e+00,6.2e-02,1.0e+00,1.0e-03,2.9e-02,global-SFVG%NE,CASSFVGNNEQFF,TRBV7-2,TRBJ2-1,NA,Donor1:healthy,1.000000,-,-,-,-,-,-,-,-,-,-,-
391,SFVG%NE,1.3e-02,1,2,1.8e-06,1.0e+00,6.2e-02,1.0e+00,1.0e-03,2.9e-02,global-SFVG%NE,CASSFVGDNEQFF,TRBV5-8,TRBJ2-1,NA,Donor1:healthy,1.000000,-,-,-,-,-,-,-,-,-,-,-

392,SPSGA%V,1.3e-02,1,2,4.9e-06,1.0e+00,1.7e-01,1.0e+00,1.0e-03,2.9e-02,global-SPSGA%V,CASSPSGATVQFF,TRBV7-2,TRBJ2-1,NA,Donor1:healthy,1.000000,-,-,-,-,-,-,-,-,-,-,-
392,SPSGA%V,1.3e-02,1,2,4.9e-06,1.0e+00,1.7e-01,1.0e+00,1.0e-03,2.9e-02,global-SPSGA%V,CASSPSGANVLTF,TRBV12-3,TRBJ2-6,NA,Donor1:healthy,1.000000,-,-,-,-,-,-,-,-,-,-,-
392,SPSGA%V,1.3e-02,1,2,4.9e-06,1.0e+00,1.7e-01,1.0e+00,1.0e-03,2.9e-02,global-SPSGA%V,CASSPSGANVLTF,TRBV5-6,TRBJ2-6,NA,Donor1:healthy,1.000000,-,-,-,-,-,-,-,-,-,-,-

393,%AGQGSYE,1.3e-02,1,2,2.2e-06,1.0e+00,7.6e-02,1.0e+00,1.0e-03,2.9e-02,global-%AGQGSYE,CASSAGQGSYEQYF,TRBV9,TRBJ2-7,NA,Donor1:healthy,1.000000,-,-,-,-,-,-,-,-,-,-,-
393,%AGQGSYE,1.3e-02,1,2,2.2e-06,1.0e+00,7.6e-02,1.0e+00,1.0e-03,2.9e-02,global-%AGQGSYE,CASNAGQGSYEQYF,TRBV2,TRBJ2-7,NA,Donor1:healthy,1.000000,-,-,-,-,-,-,-,-,-,-,-

394,%LGGGSYE,1.3e-02,1,2,1.8e-06,1.0e+00,6.1e-02,1.0e+00,1.0e-03,2.9e-02,global-%LGGGSYE,CASSLGGGSYEQYF,TRBV7-3,TRBJ2-7,NA,Donor1:healthy,1.000000,-,-,-,-,-,-,-,-,-,-,-
394,%LGGGSYE,1.3e-02,1,2,1.8e-06,1.0e+00,6.1e-02,1.0e+00,1.0e-03,2.9e-02,global-%LGGGSYE,CASGLGGGSYEQYF,TRBV6-5,TRBJ2-7,NA,Donor1:healthy,1.000000,-,-,-,-,-,-,-,-,-,-,-

395,S%GTGGRE,1.3e-02,1,2,1.8e-06,1.0e+00,6.2e-02,1.0e+00,1.0e-03,2.9e-02,global-S%GTGGRE,CASSFGTGGREQYF,TRBV7-6,TRBJ2-7,NA,Donor1:healthy,1.000000,-,-,-,-,-,-,-,-,-,-,-
395,S%GTGGRE,1.3e-02,1,2,1.8e-06,1.0e+00,6.2e-02,1.0e+00,1.0e-03,2.9e-02,global-S%GTGGRE,CASSYGTGGREQYF,TRBV6-5,TRBJ2-7,NA,Donor1:healthy,1.000000,-,-,-,-,-,-,-,-,-,-,-

396,G%GPNTGE,1.3e-02,1,2,1.7e-06,1.0e+00,5.7e-02,1.0e+00,1.0e-03,2.9e-02,global-G%GPNTGE,CSAGQGPNTGELFF,TRBV20-1,TRBJ2-2,NA,Donor1:healthy,1.000000,-,-,-,-,-,-,-,-,-,-,-
396,G%GPNTGE,1.3e-02,1,2,1.7e-06,1.0e+00,5.7e-02,1.0e+00,1.0e-03,2.9e-02,global-G%GPNTGE,CATGSGPNTGELFF,TRBV2,TRBJ2-2,NA,Donor1:healthy,1.000000,-,-,-,-,-,-,-,-,-,-,-

397,SL%GYTGE,1.3e-02,1,2,2.1e-07,1.0e+00,1.8e-01,3.9e-02,1.0e-03,2.9e-02,global-SL%GYTGE,CASSLTGYTGELFF,TRBV19,TRBJ2-2,NA,Donor1:healthy,1.000000,-,-,-,-,-,-,-,-,-,-,-
397,SL%GYTGE,1.3e-02,1,2,2.1e-07,1.0e+00,1.8e-01,3.9e-02,1.0e-03,2.9e-02,global-SL%GYTGE,CASSLTGYTGELFF,TRBV5-6,TRBJ2-2,NA,Donor1:healthy,1.000000,-,-,-,-,-,-,-,-,-,-,-
397,SL%GYTGE,1.3e-02,1,2,2.1e-07,1.0e+00,1.8e-01,3.9e-02,1.0e-03,2.9e-02,global-SL%GYTGE,CASSLAGYTGELFF,TRBV11-2,TRBJ2-2,NA,Donor1:healthy,7.000000,-,-,-,-,-,-,-,-,-,-,-

398,SF%SGGDT,1.3e-02,1,2,2.0e-06,1.0e+00,6.8e-02,1.0e+00,1.0e-03,2.9e-02,global-SF%SGGDT,CASSFFSGGDTQYF,TRBV5-6,TRBJ2-3,NA,Donor1:healthy,1.000000,-,-,-,-,-,-,-,-,-,-,-
398,SF%SGGDT,1.3e-02,1,2,2.0e-06,1.0e+00,6.8e-02,1.0e+00,1.0e-03,2.9e-02,global-SF%SGGDT,CASSFYSGGDTQYF,TRBV5-4,TRBJ2-3,NA,Donor1:healthy,1.000000,-,-,-,-,-,-,-,-,-,-,-

399,SV%RSSYE,1.3e-02,1,2,2.0e-06,1.0e+00,6.8e-02,1.0e+00,1.0e-03,2.9e-02,global-SV%RSSYE,CASSVARSSYEQYF,TRBV9,TRBJ2-7,NA,Donor1:healthy,1.000000,-,-,-,-,-,-,-,-,-,-,-
399,SV%RSSYE,1.3e-02,1,2,2.0e-06,1.0e+00,6.8e-02,1.0e+00,1.0e-03,2.9e-02,global-SV%RSSYE,CASSVGRSSYEQYF,TRBV19,TRBJ2-7,NA,Donor1:healthy,1.000000,-,-,-,-,-,-,-,-,-,-,-

400,SL%SLSYE,1.3e-02,1,2,2.3e-06,1.0e+00,8.0e-02,1.0e+00,1.0e-03,2.9e-02,global-SL%SLSYE,CASSLASLSYEQYF,TRBV28,TRBJ2-7,NA,Donor1:healthy,1.000000,-,-,-,-,-,-,-,-,-,-,-
400,SL%SLSYE,1.3e-02,1,2,2.3e-06,1.0e+00,8.0e-02,1.0e+00,1.0e-03,2.9e-02,global-SL%SLSYE,CASSLGSLSYEQYF,TRBV5-1,TRBJ2-7,NA,Donor1:healthy,1.000000,-,-,-,-,-,-,-,-,-,-,-

401,SLD%GQET,1.3e-02,1,2,2.1e-06,1.0e+00,7.1e-02,1.0e+00,1.0e-03,2.9e-02,global-SLD%GQET,CASSLDRGQETQYF,TRBV28,TRBJ2-5,NA,Donor1:healthy,1.000000,-,-,-,-,-,-,-,-,-,-,-
401,SLD%GQET,1.3e-02,1,2,2.1e-06,1.0e+00,7.1e-02,1.0e+00,1.0e-03,2.9e-02,global-SLD%GQET,CASSLDQGQETQYF,TRBV5-6,TRBJ2-5,NA,Donor1:healthy,1.000000,-,-,-,-,-,-,-,-,-,-,-

402,SFR%SYNE,1.3e-02,1,2,1.9e-06,1.0e+00,6.5e-02,1.0e+00,1.0e-03,2.9e-02,global-SFR%SYNE,CASSFRGSYNEQFF,TRBV7-2,TRBJ2-1,NA,Donor1:healthy,1.000000,-,-,-,-,-,-,-,-,-,-,-
402,SFR%SYNE,1.3e-02,1,2,1.9e-06,1.0e+00,6.5e-02,1.0e+00,1.0e-03,2.9e-02,global-SFR%SYNE,CASSFRSSYNEQFF,TRBV7-9,TRBJ2-1,NA,Donor1:healthy,1.000000,-,-,-,-,-,-,-,-,-,-,-

403,SPGD%QET,1.3e-02,1,2,1.9e-06,1.0e+00,6.6e-02,1.0e+00,1.0e-03,2.9e-02,global-SPGD%QET,CASSPGDFQETQYF,TRBV5-4,TRBJ2-5,NA,Donor1:healthy,1.000000,-,-,-,-,-,-,-,-,-,-,-
403,SPGD%QET,1.3e-02,1,2,1.9e-06,1.0e+00,6.6e-02,1.0e+00,1.0e-03,2.9e-02,global-SPGD%QET,CASSPGDLQETQYF,TRBV18,TRBJ2-5,NA,Donor1:healthy,1.000000,-,-,-,-,-,-,-,-,-,-,-

404,SVGT%GYE,1.3e-02,1,2,2.9e-08,1.0e+00,1.0e-03,1.0e+00,1.0e-03,2.9e-02,global-SVGT%GYE,CASSVGTSGYEQYF,TRBV9,TRBJ2-7,NA,Donor1:healthy,1.000000,-,-,-,-,-,-,-,-,-,-,-
404,SVGT%GYE,1.3e-02,1,2,2.9e-08,1.0e+00,1.0e-03,1.0e+00,1.0e-03,2.9e-02,global-SVGT%GYE,CASSVGTGGYEQYF,TRBV9,TRBJ2-7,NA,Donor1:healthy,1.000000,-,-,-,-,-,-,-,-,-,-,-

405,SQRT%NTE,1.3e-02,1,2,2.9e-08,1.0e+00,1.0e-03,1.0e+00,1.0e-03,2.9e-02,global-SQRT%NTE,CASSQRTTNTEAFF,TRBV4-1,TRBJ1-1,NA,Donor1:healthy,1.000000,-,-,-,-,-,-,-,-,-,-,-
405,SQRT%NTE,1.3e-02,1,2,2.9e-08,1.0e+00,1.0e-03,1.0e+00,1.0e-03,2.9e-02,global-SQRT%NTE,CASSQRTANTEAFF,TRBV4-1,TRBJ1-1,NA,Donor1:healthy,1.000000,-,-,-,-,-,-,-,-,-,-,-

406,SLGS%NYG,1.3e-02,1,2,2.1e-06,1.0e+00,7.2e-02,1.0e+00,1.0e-03,2.9e-02,global-SLGS%NYG,CASSLGSANYGYTF,TRBV13,TRBJ1-2,NA,Donor1:healthy,1.000000,-,-,-,-,-,-,-,-,-,-,-
406,SLGS%NYG,1.3e-02,1,2,2.1e-06,1.0e+00,7.2e-02,1.0e+00,1.0e-03,2.9e-02,global-SLGS%NYG,CASSLGSGNYGYTF,TRBV7-9,TRBJ1-2,NA,Donor1:healthy,1.000000,-,-,-,-,-,-,-,-,-,-,-

407,RRGG%TDT,1.3e-02,1,2,1.8e-06,1.0e+00,6.2e-02,1.0e+00,1.0e-03,2.9e-02,global-RRGG%TDT,CASRRGGSTDTQYF,TRBV13,TRBJ2-3,NA,Donor1:healthy,1.000000,-,-,-,-,-,-,-,-,-,-,-
407,RRGG%TDT,1.3e-02,1,2,1.8e-06,1.0e+00,6.2e-02,1.0e+00,1.0e-03,2.9e-02,global-RRGG%TDT,CSARRGGGTDTQYF,TRBV20-1,TRBJ2-3,NA,Donor1:healthy,1.000000,-,-,-,-,-,-,-,-,-,-,-

408,SFQGL%YE,1.3e-02,1,2,2.2e-06,1.0e+00,7.5e-02,1.0e+00,1.0e-03,2.9e-02,global-SFQGL%YE,CASSFQGLSYEQYF,TRBV27,TRBJ2-7,NA,Donor1:healthy,1.000000,-,-,-,-,-,-,-,-,-,-,-
408,SFQGL%YE,1.3e-02,1,2,2.2e-06,1.0e+00,7.5e-02,1.0e+00,1.0e-03,2.9e-02,global-SFQGL%YE,CASSFQGLGYEQYF,TRBV28,TRBJ2-7,NA,Donor1:healthy,1.000000,-,-,-,-,-,-,-,-,-,-,-

409,SFGTS%YE,1.3e-02,1,2,1.8e-06,1.0e+00,6.2e-02,1.0e+00,1.0e-03,2.9e-02,global-SFGTS%YE,CASSFGTSSYEQYF,TRBV7-6,TRBJ2-7,NA,Donor1:healthy,1.000000,-,-,-,-,-,-,-,-,-,-,-
409,SFGTS%YE,1.3e-02,1,2,1.8e-06,1.0e+00,6.2e-02,1.0e+00,1.0e-03,2.9e-02,global-SFGTS%YE,CASSFGTSGYEQYF,TRBV7-2,TRBJ2-7,NA,Donor1:healthy,1.000000,-,-,-,-,-,-,-,-,-,-,-

410,SQETS%YE,1.3e-02,1,2,2.9e-08,1.0e+00,1.0e-03,1.0e+00,1.0e-03,2.9e-02,global-SQETS%YE,CASSQETSAYEQYF,TRBV4-3,TRBJ2-7,NA,Donor1:healthy,1.000000,-,-,-,-,-,-,-,-,-,-,-
410,SQETS%YE,1.3e-02,1,2,2.9e-08,1.0e+00,1.0e-03,1.0e+00,1.0e-03,2.9e-02,global-SQETS%YE,CASSQETSTYEQYF,TRBV4-3,TRBJ2-7,NA,Donor1:healthy,1.000000,-,-,-,-,-,-,-,-,-,-,-

411,SLGDRG%E,1.3e-02,1,2,1.8e-06,1.0e+00,6.1e-02,1.0e+00,1.0e-03,2.9e-02,global-SLGDRG%E,CASSLGDRGWEQYF,TRBV11-2,TRBJ2-7,NA,Donor1:healthy,1.000000,-,-,-,-,-,-,-,-,-,-,-
411,SLGDRG%E,1.3e-02,1,2,1.8e-06,1.0e+00,6.1e-02,1.0e+00,1.0e-03,2.9e-02,global-SLGDRG%E,CASSLGDRGYEQYF,TRBV7-2,TRBJ2-7,NA,Donor1:healthy,1.000000,-,-,-,-,-,-,-,-,-,-,-

412,SPGTGN%P,1.3e-02,1,2,2.3e-06,1.0e+00,8.0e-02,1.0e+00,1.0e-03,2.9e-02,global-SPGTGN%P,CASSPGTGNQPQHF,TRBV5-1,TRBJ1-5,NA,Donor1:healthy,1.000000,-,-,-,-,-,-,-,-,-,-,-
412,SPGTGN%P,1.3e-02,1,2,2.3e-06,1.0e+00,8.0e-02,1.0e+00,1.0e-03,2.9e-02,global-SPGTGN%P,CASSPGTGNSPLHF,TRBV4-1,TRBJ1-6,NA,Donor1:healthy,1.000000,-,-,-,-,-,-,-,-,-,-,-

413,SLTGVN%P,1.3e-02,1,2,2.9e-08,1.0e+00,1.0e-03,1.0e+00,1.0e-03,2.9e-02,global-SLTGVN%P,CASSLTGVNQPQHF,TRBV28,TRBJ1-5,NA,Donor1:healthy,1.000000,-,-,-,-,-,-,-,-,-,-,-
413,SLTGVN%P,1.3e-02,1,2,2.9e-08,1.0e+00,1.0e-03,1.0e+00,1.0e-03,2.9e-02,global-SLTGVN%P,CASSLTGVNSPLHF,TRBV28,TRBJ1-6,NA,Donor1:healthy,1.000000,-,-,-,-,-,-,-,-,-,-,-

414,SP%SSGANV,1.3e-02,1,2,2.1e-07,1.0e+00,8.3e-02,8.8e-02,1.0e-03,2.9e-02,global-SP%SSGANV,CASSPDSSGANVLTF,TRBV6-5,TRBJ2-6,NA,Donor1:healthy,2.000000,-,-,-,-,-,-,-,-,-,-,-
414,SP%SSGANV,1.3e-02,1,2,2.1e-07,1.0e+00,8.3e-02,8.8e-02,1.0e-03,2.9e-02,global-SP%SSGANV,CASSPSSSGANVLTF,TRBV7-8,TRBJ2-6,NA,Donor1:healthy,1.000000,-,-,-,-,-,-,-,-,-,-,-

415,SL%GTSGYE,1.3e-02,1,2,6.6e-08,1.0e+00,7.3e-02,3.1e-02,1.0e-03,2.9e-02,global-SL%GTSGYE,CASSLTGTSGYEQYF,TRBV19,TRBJ2-7,NA,Donor1:healthy,6.000000,-,-,-,-,-,-,-,-,-,-,-
415,SL%GTSGYE,1.3e-02,1,2,6.6e-08,1.0e+00,7.3e-02,3.1e-02,1.0e-03,2.9e-02,global-SL%GTSGYE,CASSLAGTSGYEQYF,TRBV7-6,TRBJ2-7,NA,Donor1:healthy,1.000000,-,-,-,-,-,-,-,-,-,-,-

416,SEG%GSTDT,1.3e-02,1,2,1.7e-07,1.0e+00,6.8e-02,8.4e-02,1.0e-03,2.9e-02,global-SEG%GSTDT,CASSEGSGSTDTQYF,TRBV6-4,TRBJ2-3,NA,Donor1:healthy,2.000000,-,-,-,-,-,-,-,-,-,-,-
416,SEG%GSTDT,1.3e-02,1,2,1.7e-07,1.0e+00,6.8e-02,8.4e-02,1.0e-03,2.9e-02,global-SEG%GSTDT,CASSEGGGSTDTQYF,TRBV25-1,TRBJ2-3,NA,Donor1:healthy,1.000000,-,-,-,-,-,-,-,-,-,-,-

417,SSAGTG%YE,1.3e-02,1,2,2.0e-06,1.0e+00,6.7e-02,1.0e+00,1.0e-03,2.9e-02,global-SSAGTG%YE,CASSSAGTGFYEQYF,TRBV6-5,TRBJ2-7,NA,Donor1:healthy,1.000000,-,-,-,-,-,-,-,-,-,-,-
417,SSAGTG%YE,1.3e-02,1,2,2.0e-06,1.0e+00,6.7e-02,1.0e+00,1.0e-03,2.9e-02,global-SSAGTG%YE,CASSSAGTGYYEQYF,TRBV5-5,TRBJ2-7,NA,Donor1:healthy,1.000000,-,-,-,-,-,-,-,-,-,-,-

418,S%GGLAGYNE,1.3e-02,1,2,1.6e-07,1.0e+00,6.2e-02,8.9e-02,1.0e-03,2.9e-02,global-S%GGLAGYNE,CASSVGGLAGYNEQFF,TRBV9,TRBJ2-1,NA,Donor1:healthy,1.000000,-,-,-,-,-,-,-,-,-,-,-
418,S%GGLAGYNE,1.3e-02,1,2,1.6e-07,1.0e+00,6.2e-02,8.9e-02,1.0e-03,2.9e-02,global-S%GGLAGYNE,CASSLGGLAGYNEQFF,TRBV13,TRBJ2-1,NA,Donor1:healthy,2.000000,-,-,-,-,-,-,-,-,-,-,-

419,SLALAG%YNE,1.3e-02,1,2,1.7e-06,1.0e+00,5.9e-02,1.0e+00,1.0e-03,2.9e-02,global-SLALAG%YNE,CASSLALAGTYNEQFF,TRBV5-6,TRBJ2-1,NA,Donor1:healthy,1.000000,-,-,-,-,-,-,-,-,-,-,-
419,SLALAG%YNE,1.3e-02,1,2,1.7e-06,1.0e+00,5.9e-02,1.0e+00,1.0e-03,2.9e-02,global-SLALAG%YNE,CASSLALAGAYNEQFF,TRBV7-9,TRBJ2-1,NA,Donor1:healthy,1.000000,-,-,-,-,-,-,-,-,-,-,-

420,SPG%T,1.5e-02,1,3,2.6e-07,1.0e+00,4.9e-01,8.4e-02,1.0e-03,6.2e-03,global-SPG%T,CATSPGETQYF,TRBV24-1,TRBJ2-5,NA,Donor1:healthy,1.000000,-,-,-,-,-,-,-,-,-,-,-
420,SPG%T,1.5e-02,1,3,2.6e-07,1.0e+00,4.9e-01,8.4e-02,1.0e-03,6.2e-03,global-SPG%T,CATSPGSTQYF,TRBV6-3,TRBJ2-3,NA,Donor1:healthy,1.000000,-,-,-,-,-,-,-,-,-,-,-
420,SPG%T,1.5e-02,1,3,2.6e-07,1.0e+00,4.9e-01,8.4e-02,1.0e-03,6.2e-03,global-SPG%T,CASSPGDTQYF,TRBV18,TRBJ2-3,NA,Donor1:healthy,1.000000,-,-,-,-,-,-,-,-,-,-,-
420,SPG%T,1.5e-02,1,3,2.6e-07,1.0e+00,4.9e-01,8.4e-02,1.0e-03,6.2e-03,global-SPG%T,CASSPGDTQYF,TRBV3-1,TRBJ2-3,NA,Donor1:healthy,1.000000,-,-,-,-,-,-,-,-,-,-,-
420,SPG%T,1.5e-02,1,3,2.6e-07,1.0e+00,4.9e-01,8.4e-02,1.0e-03,6.2e-03,global-SPG%T,CASSPGDTQYF,TRBV6-5,TRBJ2-3,NA,Donor1:healthy,5.000000,-,-,-,-,-,-,-,-,-,-,-

421,SVG%DT,1.5e-02,1,3,6.2e-09,1.0e+00,1.0e-03,1.0e+00,1.0e-03,6.2e-03,global-SVG%DT,CASSVGRDTQYF,TRBV9,TRBJ2-3,NA,Donor1:healthy,1.000000,-,-,-,-,-,-,-,-,-,-,-
421,SVG%DT,1.5e-02,1,3,6.2e-09,1.0e+00,1.0e-03,1.0e+00,1.0e-03,6.2e-03,global-SVG%DT,CASSVGSDTQYF,TRBV9,TRBJ2-3,NA,Donor1:healthy,1.000000,-,-,-,-,-,-,-,-,-,-,-
421,SVG%DT,1.5e-02,1,3,6.2e-09,1.0e+00,1.0e-03,1.0e+00,1.0e-03,6.2e-03,global-SVG%DT,CASSVGEDTQYF,TRBV9,TRBJ2-3,NA,Donor1:healthy,1.000000,-,-,-,-,-,-,-,-,-,-,-

422,SPR%GE,1.5e-02,1,3,1.2e-06,1.0e+00,1.9e-01,1.0e+00,1.0e-03,6.2e-03,global-SPR%GE,CASSPRQGELFF,TRBV28,TRBJ2-2,NA,Donor1:healthy,1.000000,-,-,-,-,-,-,-,-,-,-,-
422,SPR%GE,1.5e-02,1,3,1.2e-06,1.0e+00,1.9e-01,1.0e+00,1.0e-03,6.2e-03,global-SPR%GE,CASSPRQGEASF,TRBV27,TRBJ1-2,NA,Donor1:healthy,1.000000,-,-,-,-,-,-,-,-,-,-,-
422,SPR%GE,1.5e-02,1,3,1.2e-06,1.0e+00,1.9e-01,1.0e+00,1.0e-03,6.2e-03,global-SPR%GE,CASSPRDGELFF,TRBV7-9,TRBJ2-2,NA,Donor1:healthy,1.000000,-,-,-,-,-,-,-,-,-,-,-

423,SPGT%GYE,1.5e-02,1,3,3.6e-07,1.0e+00,3.4e-01,1.7e-01,1.0e-03,6.2e-03,global-SPGT%GYE,CASSPGTGGYEQFF,TRBV5-6,TRBJ2-1,NA,Donor1:healthy,1.000000,-,-,-,-,-,-,-,-,-,-,-
423,SPGT%GYE,1.5e-02,1,3,3.6e-07,1.0e+00,3.4e-01,1.7e-01,1.0e-03,6.2e-03,global-SPGT%GYE,CASSPGTSGYEQYF,TRBV27,TRBJ2-7,NA,Donor1:healthy,1.000000,-,-,-,-,-,-,-,-,-,-,-
423,SPGT%GYE,1.5e-02,1,3,3.6e-07,1.0e+00,3.4e-01,1.7e-01,1.0e-03,6.2e-03,global-SPGT%GYE,CASSPGTGGYEQYF,TRBV4-3,TRBJ2-7,NA,Donor1:healthy,1.000000,-,-,-,-,-,-,-,-,-,-,-
423,SPGT%GYE,1.5e-02,1,3,3.6e-07,1.0e+00,3.4e-01,1.7e-01,1.0e-03,6.2e-03,global-SPGT%GYE,CASSPGTGGYEQYF,TRBV5-4,TRBJ2-7,NA,Donor1:healthy,2.000000,-,-,-,-,-,-,-,-,-,-,-

424,SSGG%YNE,1.5e-02,1,3,1.7e-07,1.0e+00,1.9e-01,1.4e-01,1.0e-03,6.2e-03,global-SSGG%YNE,CASSSGGDYNEQFF,TRBV12-3,TRBJ2-1,NA,Donor1:healthy,1.000000,-,-,-,-,-,-,-,-,-,-,-
424,SSGG%YNE,1.5e-02,1,3,1.7e-07,1.0e+00,1.9e-01,1.4e-01,1.0e-03,6.2e-03,global-SSGG%YNE,CSASSGGTYNEQFF,TRBV20-1,TRBJ2-1,NA,Donor1:healthy,1.000000,-,-,-,-,-,-,-,-,-,-,-
424,SSGG%YNE,1.5e-02,1,3,1.7e-07,1.0e+00,1.9e-01,1.4e-01,1.0e-03,6.2e-03,global-SSGG%YNE,CASSSGGSYNEQFF,TRBV6-5,TRBJ2-1,NA,Donor1:healthy,2.000000,-,-,-,-,-,-,-,-,-,-,-

425,SPGLAG%NE,1.5e-02,1,3,1.2e-06,1.0e+00,1.9e-01,1.0e+00,1.0e-03,6.2e-03,global-SPGLAG%NE,CASSPGLAGVNEQFF,TRBV27,TRBJ2-1,NA,Donor1:healthy,1.000000,-,-,-,-,-,-,-,-,-,-,-
425,SPGLAG%NE,1.5e-02,1,3,1.2e-06,1.0e+00,1.9e-01,1.0e+00,1.0e-03,6.2e-03,global-SPGLAG%NE,CASSPGLAGGNEQFF,TRBV6-5,TRBJ2-1,NA,Donor1:healthy,1.000000,-,-,-,-,-,-,-,-,-,-,-
425,SPGLAG%NE,1.5e-02,1,3,1.2e-06,1.0e+00,1.9e-01,1.0e+00,1.0e-03,6.2e-03,global-SPGLAG%NE,CASSPGLAGANEQFF,TRBV11-1,TRBJ2-1,NA,Donor1:healthy,1.000000,-,-,-,-,-,-,-,-,-,-,-

426,SLGGG%YE,1.6e-02,1,4,7.7e-08,1.0e+00,3.3e-02,1.0e+00,1.0e-03,2.3e-03,global-SLGGG%YE,CASSLGGGNYEQYF,TRBV7-3,TRBJ2-7,NA,Donor1:healthy,1.000000,-,-,-,-,-,-,-,-,-,-,-
426,SLGGG%YE,1.6e-02,1,4,7.7e-08,1.0e+00,3.3e-02,1.0e+00,1.0e-03,2.3e-03,global-SLGGG%YE,CASSLGGGDYEQYF,TRBV7-6,TRBJ2-7,NA,Donor1:healthy,1.000000,-,-,-,-,-,-,-,-,-,-,-
426,SLGGG%YE,1.6e-02,1,4,7.7e-08,1.0e+00,3.3e-02,1.0e+00,1.0e-03,2.3e-03,global-SLGGG%YE,CASSLGGGGYEQYF,TRBV12-4,TRBJ2-7,NA,Donor1:healthy,1.000000,-,-,-,-,-,-,-,-,-,-,-
426,SLGGG%YE,1.6e-02,1,4,7.7e-08,1.0e+00,3.3e-02,1.0e+00,1.0e-03,2.3e-03,global-SLGGG%YE,CASSLGGGSYEQYF,TRBV7-3,TRBJ2-7,NA,Donor1:healthy,1.000000,-,-,-,-,-,-,-,-,-,-,-

427,SLG%YE,1.7e-02,1,5,9.2e-07,1.0e+00,6.3e-01,1.0e+00,1.0e-03,1.5e-03,global-SLG%YE,CASSLGNYEQYF,TRBV13,TRBJ2-7,NA,Donor1:healthy,1.000000,-,-,-,-,-,-,-,-,-,-,-
427,SLG%YE,1.7e-02,1,5,9.2e-07,1.0e+00,6.3e-01,1.0e+00,1.0e-03,1.5e-03,global-SLG%YE,CASSLGDYEQYF,TRBV7-2,TRBJ2-7,NA,Donor1:healthy,1.000000,-,-,-,-,-,-,-,-,-,-,-
427,SLG%YE,1.7e-02,1,5,9.2e-07,1.0e+00,6.3e-01,1.0e+00,1.0e-03,1.5e-03,global-SLG%YE,CASSLGGYEQYF,TRBV12-3,TRBJ2-7,NA,Donor1:healthy,1.000000,-,-,-,-,-,-,-,-,-,-,-
427,SLG%YE,1.7e-02,1,5,9.2e-07,1.0e+00,6.3e-01,1.0e+00,1.0e-03,1.5e-03,global-SLG%YE,CASSLGGYEQYF,TRBV27,TRBJ2-7,NA,Donor1:healthy,1.000000,-,-,-,-,-,-,-,-,-,-,-
427,SLG%YE,1.7e-02,1,5,9.2e-07,1.0e+00,6.3e-01,1.0e+00,1.0e-03,1.5e-03,global-SLG%YE,CASSLGSYEQYF,TRBV13,TRBJ2-7,NA,Donor1:healthy,1.000000,-,-,-,-,-,-,-,-,-,-,-
427,SLG%YE,1.7e-02,1,5,9.2e-07,1.0e+00,6.3e-01,1.0e+00,1.0e-03,1.5e-03,global-SLG%YE,CASSLGSYEQYF,TRBV5-4,TRBJ2-7,NA,Donor1:healthy,1.000000,-,-,-,-,-,-,-,-,-,-,-
427,SLG%YE,1.7e-02,1,5,9.2e-07,1.0e+00,6.3e-01,1.0e+00,1.0e-03,1.5e-03,global-SLG%YE,CASSLGSYEQYF,TRBV5-6,TRBJ2-7,NA,Donor1:healthy,1.000000,-,-,-,-,-,-,-,-,-,-,-
427,SLG%YE,1.7e-02,1,5,9.2e-07,1.0e+00,6.3e-01,1.0e+00,1.0e-03,1.5e-03,global-SLG%YE,CASSLGSYEQYF,TRBV7-9,TRBJ2-7,NA,Donor1:healthy,1.000000,-,-,-,-,-,-,-,-,-,-,-
427,SLG%YE,1.7e-02,1,5,9.2e-07,1.0e+00,6.3e-01,1.0e+00,1.0e-03,1.5e-03,global-SLG%YE,CASSLGAYEQYF,TRBV6-3,TRBJ2-7,NA,Donor1:healthy,1.000000,-,-,-,-,-,-,-,-,-,-,-

428,SLG%GYE,1.7e-02,1,5,1.2e-06,1.0e+00,8.6e-01,1.0e+00,1.0e-03,1.5e-03,global-SLG%GYE,CASSLGRGYEQYF,TRBV5-6,TRBJ2-7,NA,Donor1:healthy,1.000000,-,-,-,-,-,-,-,-,-,-,-
428,SLG%GYE,1.7e-02,1,5,1.2e-06,1.0e+00,8.6e-01,1.0e+00,1.0e-03,1.5e-03,global-SLG%GYE,CASSLGQGYEQFF,TRBV11-3,TRBJ2-1,NA,Donor1:healthy,1.000000,-,-,-,-,-,-,-,-,-,-,-
428,SLG%GYE,1.7e-02,1,5,1.2e-06,1.0e+00,8.6e-01,1.0e+00,1.0e-03,1.5e-03,global-SLG%GYE,CASSLGQGYEQYF,TRBV27,TRBJ2-7,NA,Donor1:healthy,1.000000,-,-,-,-,-,-,-,-,-,-,-
428,SLG%GYE,1.7e-02,1,5,1.2e-06,1.0e+00,8.6e-01,1.0e+00,1.0e-03,1.5e-03,global-SLG%GYE,CASSLGQGYEQYF,TRBV6-5,TRBJ2-7,NA,Donor1:healthy,1.000000,-,-,-,-,-,-,-,-,-,-,-
428,SLG%GYE,1.7e-02,1,5,1.2e-06,1.0e+00,8.6e-01,1.0e+00,1.0e-03,1.5e-03,global-SLG%GYE,CASSLGQGYEQYF,TRBV7-3,TRBJ2-7,NA,Donor1:healthy,1.000000,-,-,-,-,-,-,-,-,-,-,-
428,SLG%GYE,1.7e-02,1,5,1.2e-06,1.0e+00,8.6e-01,1.0e+00,1.0e-03,1.5e-03,global-SLG%GYE,CSASLGRGYEQYF,TRBV20-1,TRBJ2-7,NA,Donor1:healthy,1.000000,-,-,-,-,-,-,-,-,-,-,-
428,SLG%GYE,1.7e-02,1,5,1.2e-06,1.0e+00,8.6e-01,1.0e+00,1.0e-03,1.5e-03,global-SLG%GYE,CASSLGDGYEQYF,TRBV11-2,TRBJ2-7,NA,Donor1:healthy,1.000000,-,-,-,-,-,-,-,-,-,-,-
428,SLG%GYE,1.7e-02,1,5,1.2e-06,1.0e+00,8.6e-01,1.0e+00,1.0e-03,1.5e-03,global-SLG%GYE,CASSLGDGYEQYF,TRBV7-6,TRBJ2-7,NA,Donor1:healthy,1.000000,-,-,-,-,-,-,-,-,-,-,-

429,%EGGE,1.8e-02,1,3,8.0e-07,1.0e+00,1.3e-01,1.0e+00,1.0e-03,6.2e-03,global-%EGGE,CATEEGGELFF,TRBV10-3,TRBJ2-2,NA,Donor1:healthy,1.000000,-,-,-,-,-,-,-,-,-,-,-
429,%EGGE,1.8e-02,1,3,8.0e-07,1.0e+00,1.3e-01,1.0e+00,1.0e-03,6.2e-03,global-%EGGE,CASSEGGEQYF,TRBV6-6,TRBJ2-7,NA,Donor1:healthy,1.000000,-,-,-,-,-,-,-,-,-,-,-
429,%EGGE,1.8e-02,1,3,8.0e-07,1.0e+00,1.3e-01,1.0e+00,1.0e-03,6.2e-03,global-%EGGE,CAISEGGEQYF,TRBV10-3,TRBJ2-7,NA,Donor1:healthy,1.000000,-,-,-,-,-,-,-,-,-,-,-

430,S%GVYG,1.8e-02,1,3,3.5e-09,1.0e+00,9.3e-02,6.0e-03,1.0e-03,6.2e-03,global-S%GVYG,CASSMGVYGYTF,TRBV19,TRBJ1-2,NA,Donor1:healthy,2.000000,-,-,-,-,-,-,-,-,-,-,-
430,S%GVYG,1.8e-02,1,3,3.5e-09,1.0e+00,9.3e-02,6.0e-03,1.0e-03,6.2e-03,global-S%GVYG,CASSIGVYGYTF,TRBV19,TRBJ1-2,NA,Donor1:healthy,44.000000,-,-,-,-,-,-,-,-,-,-,-
430,S%GVYG,1.8e-02,1,3,3.5e-09,1.0e+00,9.3e-02,6.0e-03,1.0e-03,6.2e-03,global-S%GVYG,CASSLGVYGYTF,TRBV5-6,TRBJ1-2,NA,Donor1:healthy,1.000000,-,-,-,-,-,-,-,-,-,-,-

431,SLG%QP,1.8e-02,1,3,3.5e-07,1.0e+00,3.3e-01,1.7e-01,1.0e-03,6.2e-03,global-SLG%QP,CASSLGTQPQHF,TRBV7-9,TRBJ1-5,NA,Donor1:healthy,2.000000,-,-,-,-,-,-,-,-,-,-,-
431,SLG%QP,1.8e-02,1,3,3.5e-07,1.0e+00,3.3e-01,1.7e-01,1.0e-03,6.2e-03,global-SLG%QP,CASSLGNQPQHF,TRBV5-4,TRBJ1-5,NA,Donor1:healthy,1.000000,-,-,-,-,-,-,-,-,-,-,-
431,SLG%QP,1.8e-02,1,3,3.5e-07,1.0e+00,3.3e-01,1.7e-01,1.0e-03,6.2e-03,global-SLG%QP,CASSLGNQPQHF,TRBV7-2,TRBJ1-5,NA,Donor1:healthy,1.000000,-,-,-,-,-,-,-,-,-,-,-
431,SLG%QP,1.8e-02,1,3,3.5e-07,1.0e+00,3.3e-01,1.7e-01,1.0e-03,6.2e-03,global-SLG%QP,CASSLGDQPQHF,TRBV5-6,TRBJ1-5,NA,Donor1:healthy,1.000000,-,-,-,-,-,-,-,-,-,-,-

432,%PGQGNE,1.8e-02,1,3,2.0e-06,1.0e+00,3.2e-01,1.0e+00,1.0e-03,6.2e-03,global-%PGQGNE,CASSPGQGNEQYF,TRBV5-8,TRBJ2-7,NA,Donor1:healthy,1.000000,-,-,-,-,-,-,-,-,-,-,-
432,%PGQGNE,1.8e-02,1,3,2.0e-06,1.0e+00,3.2e-01,1.0e+00,1.0e-03,6.2e-03,global-%PGQGNE,CASSPGQGNEQFF,TRBV27,TRBJ2-1,NA,Donor1:healthy,1.000000,-,-,-,-,-,-,-,-,-,-,-
432,%PGQGNE,1.8e-02,1,3,2.0e-06,1.0e+00,3.2e-01,1.0e+00,1.0e-03,6.2e-03,global-%PGQGNE,CASSPGQGNEQFF,TRBV9,TRBJ2-1,NA,Donor1:healthy,1.000000,-,-,-,-,-,-,-,-,-,-,-
432,%PGQGNE,1.8e-02,1,3,2.0e-06,1.0e+00,3.2e-01,1.0e+00,1.0e-03,6.2e-03,global-%PGQGNE,CASGPGQGNEQYF,TRBV12-3,TRBJ2-7,NA,Donor1:healthy,1.000000,-,-,-,-,-,-,-,-,-,-,-

433,S%GGSGE,1.8e-02,1,3,4.3e-08,1.0e+00,7.0e-03,1.0e+00,1.0e-03,6.2e-03,global-S%GGSGE,CAWSLGGSGELFF,TRBV30,TRBJ2-2,NA,Donor1:healthy,1.000000,-,-,-,-,-,-,-,-,-,-,-
433,S%GGSGE,1.8e-02,1,3,4.3e-08,1.0e+00,7.0e-03,1.0e+00,1.0e-03,6.2e-03,global-S%GGSGE,CASSVGGSGELFF,TRBV9,TRBJ2-2,NA,Donor1:healthy,1.000000,-,-,-,-,-,-,-,-,-,-,-
433,S%GGSGE,1.8e-02,1,3,4.3e-08,1.0e+00,7.0e-03,1.0e+00,1.0e-03,6.2e-03,global-S%GGSGE,CASSVGGSGEQYF,TRBV9,TRBJ2-7,NA,Donor1:healthy,1.000000,-,-,-,-,-,-,-,-,-,-,-

434,S%DGYNE,1.8e-02,1,3,1.2e-06,1.0e+00,1.9e-01,1.0e+00,1.0e-03,6.2e-03,global-S%DGYNE,CATSRDGYNEQFF,TRBV15,TRBJ2-1,NA,Donor1:healthy,1.000000,-,-,-,-,-,-,-,-,-,-,-
434,S%DGYNE,1.8e-02,1,3,1.2e-06,1.0e+00,1.9e-01,1.0e+00,1.0e-03,6.2e-03,global-S%DGYNE,CASSDDGYNEQFF,TRBV6-5,TRBJ2-1,NA,Donor1:healthy,1.000000,-,-,-,-,-,-,-,-,-,-,-
434,S%DGYNE,1.8e-02,1,3,1.2e-06,1.0e+00,1.9e-01,1.0e+00,1.0e-03,6.2e-03,global-S%DGYNE,CASSQDGYNEQFF,TRBV4-3,TRBJ2-1,NA,Donor1:healthy,1.000000,-,-,-,-,-,-,-,-,-,-,-

435,SP%GGYE,1.8e-02,1,4,7.3e-08,1.0e+00,3.1e-02,1.0e+00,1.0e-03,2.3e-03,global-SP%GGYE,CASSPGGGYEQYF,TRBV7-3,TRBJ2-7,NA,Donor1:healthy,1.000000,-,-,-,-,-,-,-,-,-,-,-
435,SP%GGYE,1.8e-02,1,4,7.3e-08,1.0e+00,3.1e-02,1.0e+00,1.0e-03,2.3e-03,global-SP%GGYE,CASSPSGGYEQYF,TRBV9,TRBJ2-7,NA,Donor1:healthy,1.000000,-,-,-,-,-,-,-,-,-,-,-
435,SP%GGYE,1.8e-02,1,4,7.3e-08,1.0e+00,3.1e-02,1.0e+00,1.0e-03,2.3e-03,global-SP%GGYE,CASSPRGGYEQYF,TRBV9,TRBJ2-7,NA,Donor1:healthy,1.000000,-,-,-,-,-,-,-,-,-,-,-
435,SP%GGYE,1.8e-02,1,4,7.3e-08,1.0e+00,3.1e-02,1.0e+00,1.0e-03,2.3e-03,global-SP%GGYE,CASSPEGGYEQYF,TRBV5-1,TRBJ2-7,NA,Donor1:healthy,1.000000,-,-,-,-,-,-,-,-,-,-,-

436,SLGR%GE,1.8e-02,1,3,1.1e-06,1.0e+00,1.8e-01,1.0e+00,1.0e-03,6.2e-03,global-SLGR%GE,CASSLGRTGEQYF,TRBV27,TRBJ2-7,NA,Donor1:healthy,1.000000,-,-,-,-,-,-,-,-,-,-,-
436,SLGR%GE,1.8e-02,1,3,1.1e-06,1.0e+00,1.8e-01,1.0e+00,1.0e-03,6.2e-03,global-SLGR%GE,CASSLGRSGEQFF,TRBV7-9,TRBJ2-1,NA,Donor1:healthy,1.000000,-,-,-,-,-,-,-,-,-,-,-
436,SLGR%GE,1.8e-02,1,3,1.1e-06,1.0e+00,1.8e-01,1.0e+00,1.0e-03,6.2e-03,global-SLGR%GE,CASSLGRTGELFF,TRBV13,TRBJ2-2,NA,Donor1:healthy,1.000000,-,-,-,-,-,-,-,-,-,-,-

437,SV%GSSYNE,1.8e-02,1,3,1.1e-06,1.0e+00,1.7e-01,1.0e+00,1.0e-03,6.2e-03,global-SV%GSSYNE,CASSVTGSSYNEQFF,TRBV6-3,TRBJ2-1,NA,Donor1:healthy,1.000000,-,-,-,-,-,-,-,-,-,-,-
437,SV%GSSYNE,1.8e-02,1,3,1.1e-06,1.0e+00,1.7e-01,1.0e+00,1.0e-03,6.2e-03,global-SV%GSSYNE,CASSVSGSSYNEQFF,TRBV19,TRBJ2-1,NA,Donor1:healthy,1.000000,-,-,-,-,-,-,-,-,-,-,-
437,SV%GSSYNE,1.8e-02,1,3,1.1e-06,1.0e+00,1.7e-01,1.0e+00,1.0e-03,6.2e-03,global-SV%GSSYNE,CASSVGGSSYNEQFF,TRBV9,TRBJ2-1,NA,Donor1:healthy,1.000000,-,-,-,-,-,-,-,-,-,-,-

438,SL%NE,1.9e-02,1,5,2.9e-08,1.0e+00,1.1e-01,1.8e-01,1.0e-03,1.5e-03,global-SL%NE,CASSLFNEQFF,TRBV27,TRBJ2-1,NA,Donor1:healthy,2.000000,-,-,-,-,-,-,-,-,-,-,-
438,SL%NE,1.9e-02,1,5,2.9e-08,1.0e+00,1.1e-01,1.8e-01,1.0e-03,1.5e-03,global-SL%NE,CASSLLNEQFF,TRBV13,TRBJ2-1,NA,Donor1:healthy,1.000000,-,-,-,-,-,-,-,-,-,-,-
438,SL%NE,1.9e-02,1,5,2.9e-08,1.0e+00,1.1e-01,1.8e-01,1.0e-03,1.5e-03,global-SL%NE,CASSLYNEQFF,TRBV4-1,TRBJ2-1,NA,Donor1:healthy,1.000000,-,-,-,-,-,-,-,-,-,-,-
438,SL%NE,1.9e-02,1,5,2.9e-08,1.0e+00,1.1e-01,1.8e-01,1.0e-03,1.5e-03,global-SL%NE,CASSLVNEQFF,TRBV5-4,TRBJ2-1,NA,Donor1:healthy,1.000000,-,-,-,-,-,-,-,-,-,-,-
438,SL%NE,1.9e-02,1,5,2.9e-08,1.0e+00,1.1e-01,1.8e-01,1.0e-03,1.5e-03,global-SL%NE,CASSLTNEQYF,TRBV5-4,TRBJ2-7,NA,Donor1:healthy,1.000000,-,-,-,-,-,-,-,-,-,-,-

439,%EGDE,2.0e-02,1,2,2.3e-06,1.0e+00,7.8e-02,1.0e+00,1.0e-03,2.9e-02,global-%EGDE,CASQEGDEQFF,TRBV19,TRBJ2-1,NA,Donor1:healthy,1.000000,-,-,-,-,-,-,-,-,-,-,-
439,%EGDE,2.0e-02,1,2,2.3e-06,1.0e+00,7.8e-02,1.0e+00,1.0e-03,2.9e-02,global-%EGDE,CASSEGDEQYF,TRBV6-1,TRBJ2-7,NA,Donor1:healthy,1.000000,-,-,-,-,-,-,-,-,-,-,-

440,%SGRE,2.0e-02,1,2,2.0e-06,1.0e+00,7.0e-02,1.0e+00,1.0e-03,2.9e-02,global-%SGRE,CASNSGREQYF,TRBV27,TRBJ2-7,NA,Donor1:healthy,1.000000,-,-,-,-,-,-,-,-,-,-,-
440,%SGRE,2.0e-02,1,2,2.0e-06,1.0e+00,7.0e-02,1.0e+00,1.0e-03,2.9e-02,global-%SGRE,CASSSGREAFF,TRBV6-3,TRBJ1-1,NA,Donor1:healthy,1.000000,-,-,-,-,-,-,-,-,-,-,-

441,%SSDT,2.0e-02,1,2,1.9e-06,1.0e+00,6.6e-02,1.0e+00,1.0e-03,2.9e-02,global-%SSDT,CASSSSDTQYF,TRBV5-4,TRBJ2-3,NA,Donor1:healthy,1.000000,-,-,-,-,-,-,-,-,-,-,-
441,%SSDT,2.0e-02,1,2,1.9e-06,1.0e+00,6.6e-02,1.0e+00,1.0e-03,2.9e-02,global-%SSDT,CASTSSDTQYF,TRBV12-4,TRBJ2-3,NA,Donor1:healthy,1.000000,-,-,-,-,-,-,-,-,-,-,-

442,SG%HE,2.0e-02,1,2,1.6e-06,1.0e+00,5.6e-02,1.0e+00,1.0e-03,2.9e-02,global-SG%HE,CASSGAHEQYF,TRBV7-9,TRBJ2-7,NA,Donor1:healthy,1.000000,-,-,-,-,-,-,-,-,-,-,-
442,SG%HE,2.0e-02,1,2,1.6e-06,1.0e+00,5.6e-02,1.0e+00,1.0e-03,2.9e-02,global-SG%HE,CASSGSHEQYF,TRBV9,TRBJ2-7,NA,Donor1:healthy,1.000000,-,-,-,-,-,-,-,-,-,-,-

443,STY%E,2.0e-02,1,2,2.1e-06,1.0e+00,7.3e-02,1.0e+00,1.0e-03,2.9e-02,global-STY%E,CASSTYNEQFF,TRBV28,TRBJ2-1,NA,Donor1:healthy,1.000000,-,-,-,-,-,-,-,-,-,-,-
443,STY%E,2.0e-02,1,2,2.1e-06,1.0e+00,7.3e-02,1.0e+00,1.0e-03,2.9e-02,global-STY%E,CASSTYTEFFF,TRBV7-9,TRBJ2-3,NA,Donor1:healthy,1.000000,-,-,-,-,-,-,-,-,-,-,-

444,SSGH%,2.0e-02,1,2,2.2e-06,1.0e+00,7.4e-02,1.0e+00,1.0e-03,2.9e-02,global-SSGH%,CASSSGHEQYF,TRBV27,TRBJ2-7,NA,Donor1:healthy,1.000000,-,-,-,-,-,-,-,-,-,-,-
444,SSGH%,2.0e-02,1,2,2.2e-06,1.0e+00,7.4e-02,1.0e+00,1.0e-03,2.9e-02,global-SSGH%,CASSSGHQEFF,TRBV6-5,TRBJ2-1,NA,Donor1:healthy,1.000000,-,-,-,-,-,-,-,-,-,-,-

445,%APGNE,2.0e-02,1,2,2.2e-06,1.0e+00,7.7e-02,1.0e+00,1.0e-03,2.9e-02,global-%APGNE,CASMAPGNEQFF,TRBV5-8,TRBJ2-1,NA,Donor1:healthy,1.000000,-,-,-,-,-,-,-,-,-,-,-
445,%APGNE,2.0e-02,1,2,2.2e-06,1.0e+00,7.7e-02,1.0e+00,1.0e-03,2.9e-02,global-%APGNE,CAILAPGNEQFF,TRBV28,TRBJ2-1,NA,Donor1:healthy,1.000000,-,-,-,-,-,-,-,-,-,-,-

446,%PGDYG,2.0e-02,1,2,1.9e-06,1.0e+00,6.6e-02,1.0e+00,1.0e-03,2.9e-02,global-%PGDYG,CASSPGDYGYTF,TRBV12-4,TRBJ1-2,NA,Donor1:healthy,1.000000,-,-,-,-,-,-,-,-,-,-,-
446,%PGDYG,2.0e-02,1,2,1.9e-06,1.0e+00,6.6e-02,1.0e+00,1.0e-03,2.9e-02,global-%PGDYG,CAITPGDYGYTF,TRBV10-3,TRBJ1-2,NA,Donor1:healthy,1.000000,-,-,-,-,-,-,-,-,-,-,-

447,%TGLGE,2.0e-02,1,2,2.9e-08,1.0e+00,1.0e-03,1.0e+00,1.0e-03,2.9e-02,global-%TGLGE,CASSTGLGEQYF,TRBV19,TRBJ2-7,NA,Donor1:healthy,1.000000,-,-,-,-,-,-,-,-,-,-,-
447,%TGLGE,2.0e-02,1,2,2.9e-08,1.0e+00,1.0e-03,1.0e+00,1.0e-03,2.9e-02,global-%TGLGE,CAGATGLGEQFF,TRBV19,TRBJ2-1,NA,Donor1:healthy,1.000000,-,-,-,-,-,-,-,-,-,-,-

448,N%GPYE,2.0e-02,1,2,2.0e-06,1.0e+00,6.7e-02,1.0e+00,1.0e-03,2.9e-02,global-N%GPYE,CASNMGPYEQYF,TRBV12-3,TRBJ2-7,NA,Donor1:healthy,1.000000,-,-,-,-,-,-,-,-,-,-,-
448,N%GPYE,2.0e-02,1,2,2.0e-06,1.0e+00,6.7e-02,1.0e+00,1.0e-03,2.9e-02,global-N%GPYE,CASNLGPYEQYF,TRBV6-5,TRBJ2-7,NA,Donor1:healthy,1.000000,-,-,-,-,-,-,-,-,-,-,-

449,SL%QNE,2.0e-02,1,2,2.1e-06,1.0e+00,7.1e-02,1.0e+00,1.0e-03,2.9e-02,global-SL%QNE,CASSLGQNEQFF,TRBV11-2,TRBJ2-1,NA,Donor1:healthy,1.000000,-,-,-,-,-,-,-,-,-,-,-
449,SL%QNE,2.0e-02,1,2,2.1e-06,1.0e+00,7.1e-02,1.0e+00,1.0e-03,2.9e-02,global-SL%QNE,CASSLNQNEQFF,TRBV13,TRBJ2-1,NA,Donor1:healthy,1.000000,-,-,-,-,-,-,-,-,-,-,-

450,GGR%TE,2.0e-02,1,2,1.6e-06,1.0e+00,5.6e-02,1.0e+00,1.0e-03,2.9e-02,global-GGR%TE,CASGGRNTEAFF,TRBV12-3,TRBJ1-1,NA,Donor1:healthy,1.000000,-,-,-,-,-,-,-,-,-,-,-
450,GGR%TE,2.0e-02,1,2,1.6e-06,1.0e+00,5.6e-02,1.0e+00,1.0e-03,2.9e-02,global-GGR%TE,CATGGRGTEAFF,TRBV15,TRBJ1-1,NA,Donor1:healthy,1.000000,-,-,-,-,-,-,-,-,-,-,-

451,SYS%ET,2.0e-02,1,2,1.2e-07,1.0e+00,5.5e-02,7.8e-02,1.0e-03,2.9e-02,global-SYS%ET,CASSYSSETQYF,TRBV6-3,TRBJ2-5,NA,Donor1:healthy,1.000000,-,-,-,-,-,-,-,-,-,-,-
451,SYS%ET,2.0e-02,1,2,1.2e-07,1.0e+00,5.5e-02,7.8e-02,1.0e-03,2.9e-02,global-SYS%ET,CASSYSGETQYF,TRBV6-5,TRBJ2-5,NA,Donor1:healthy,2.000000,-,-,-,-,-,-,-,-,-,-,-

452,SQGG%P,2.0e-02,1,2,2.0e-06,1.0e+00,7.0e-02,1.0e+00,1.0e-03,2.9e-02,global-SQGG%P,CASSQGGSPLHF,TRBV4-2,TRBJ1-6,NA,Donor1:healthy,1.000000,-,-,-,-,-,-,-,-,-,-,-
452,SQGG%P,2.0e-02,1,2,2.0e-06,1.0e+00,7.0e-02,1.0e+00,1.0e-03,2.9e-02,global-SQGG%P,CASSQGGEPEFF,TRBV6-5,TRBJ2-1,NA,Donor1:healthy,1.000000,-,-,-,-,-,-,-,-,-,-,-

453,SLWA%E,2.0e-02,1,2,2.3e-06,1.0e+00,7.9e-02,1.0e+00,1.0e-03,2.9e-02,global-SLWA%E,CASSLWADEAFF,TRBV7-9,TRBJ1-1,NA,Donor1:healthy,1.000000,-,-,-,-,-,-,-,-,-,-,-
453,SLWA%E,2.0e-02,1,2,2.3e-06,1.0e+00,7.9e-02,1.0e+00,1.0e-03,2.9e-02,global-SLWA%E,CASSLWASEAFF,TRBV5-6,TRBJ1-1,NA,Donor1:healthy,1.000000,-,-,-,-,-,-,-,-,-,-,-

454,SPTGG%,2.0e-02,1,2,2.0e-06,1.0e+00,6.8e-02,1.0e+00,1.0e-03,2.9e-02,global-SPTGG%,CASSPTGGEQYF,TRBV9,TRBJ2-7,NA,Donor1:healthy,1.000000,-,-,-,-,-,-,-,-,-,-,-
454,SPTGG%,2.0e-02,1,2,2.0e-06,1.0e+00,6.8e-02,1.0e+00,1.0e-03,2.9e-02,global-SPTGG%,CASSPTGGQLHF,TRBV7-9,TRBJ1-6,NA,Donor1:healthy,1.000000,-,-,-,-,-,-,-,-,-,-,-

455,S%GSNYE,2.0e-02,1,2,1.7e-06,1.0e+00,5.8e-02,1.0e+00,1.0e-03,2.9e-02,global-S%GSNYE,CASSLGSNYEQYF,TRBV27,TRBJ2-7,NA,Donor1:healthy,1.000000,-,-,-,-,-,-,-,-,-,-,-
455,S%GSNYE,2.0e-02,1,2,1.7e-06,1.0e+00,5.8e-02,1.0e+00,1.0e-03,2.9e-02,global-S%GSNYE,CASSVGSNYEQYF,TRBV13,TRBJ2-7,NA,Donor1:healthy,1.000000,-,-,-,-,-,-,-,-,-,-,-

456,S%LGTGE,2.0e-02,1,2,2.0e-06,1.0e+00,6.7e-02,1.0e+00,1.0e-03,2.9e-02,global-S%LGTGE,CASSMLGTGELFF,TRBV9,TRBJ2-2,NA,Donor1:healthy,1.000000,-,-,-,-,-,-,-,-,-,-,-
456,S%LGTGE,2.0e-02,1,2,2.0e-06,1.0e+00,6.7e-02,1.0e+00,1.0e-03,2.9e-02,global-S%LGTGE,CASSFLGTGELFF,TRBV28,TRBJ2-2,NA,Donor1:healthy,1.000000,-,-,-,-,-,-,-,-,-,-,-

457,S%GTTGE,2.0e-02,1,2,2.0e-06,1.0e+00,6.9e-02,1.0e+00,1.0e-03,2.9e-02,global-S%GTTGE,CATSRGTTGELFF,TRBV15,TRBJ2-2,NA,Donor1:healthy,1.000000,-,-,-,-,-,-,-,-,-,-,-
457,S%GTTGE,2.0e-02,1,2,2.0e-06,1.0e+00,6.9e-02,1.0e+00,1.0e-03,2.9e-02,global-S%GTTGE,CASSQGTTGELFF,TRBV3-1,TRBJ2-2,NA,Donor1:healthy,1.000000,-,-,-,-,-,-,-,-,-,-,-

458,S%DSAYE,2.0e-02,1,2,1.9e-06,1.0e+00,6.4e-02,1.0e+00,1.0e-03,2.9e-02,global-S%DSAYE,CASSKDSAYEQYF,TRBV5-4,TRBJ2-7,NA,Donor1:healthy,1.000000,-,-,-,-,-,-,-,-,-,-,-
458,S%DSAYE,2.0e-02,1,2,1.9e-06,1.0e+00,6.4e-02,1.0e+00,1.0e-03,2.9e-02,global-S%DSAYE,CASSSDSAYEQYF,TRBV6-6,TRBJ2-7,NA,Donor1:healthy,1.000000,-,-,-,-,-,-,-,-,-,-,-

459,S%ARNTE,2.0e-02,1,2,1.6e-07,1.0e+00,5.8e-02,9.6e-02,1.0e-03,2.9e-02,global-S%ARNTE,CASSSARNTEAFF,TRBV19,TRBJ1-1,NA,Donor1:healthy,1.000000,-,-,-,-,-,-,-,-,-,-,-
459,S%ARNTE,2.0e-02,1,2,1.6e-07,1.0e+00,5.8e-02,9.6e-02,1.0e-03,2.9e-02,global-S%ARNTE,CAWSGARNTEAFF,TRBV30,TRBJ1-1,NA,Donor1:healthy,2.000000,-,-,-,-,-,-,-,-,-,-,-

460,S%GQGET,2.0e-02,1,2,2.0e-06,1.0e+00,7.0e-02,1.0e+00,1.0e-03,2.9e-02,global-S%GQGET,CASSLGQGETQYF,TRBV7-8,TRBJ2-5,NA,Donor1:healthy,1.000000,-,-,-,-,-,-,-,-,-,-,-
460,S%GQGET,2.0e-02,1,2,2.0e-06,1.0e+00,7.0e-02,1.0e+00,1.0e-03,2.9e-02,global-S%GQGET,CASSIGQGETQYF,TRBV5-1,TRBJ2-5,NA,Donor1:healthy,1.000000,-,-,-,-,-,-,-,-,-,-,-

461,S%GGAET,2.0e-02,1,2,5.4e-06,1.0e+00,1.9e-01,1.0e+00,1.0e-03,2.9e-02,global-S%GGAET,CASSFGGAETQYF,TRBV28,TRBJ2-5,NA,Donor1:healthy,1.000000,-,-,-,-,-,-,-,-,-,-,-
461,S%GGAET,2.0e-02,1,2,5.4e-06,1.0e+00,1.9e-01,1.0e+00,1.0e-03,2.9e-02,global-S%GGAET,CASSLGGAETQYF,TRBV13,TRBJ2-5,NA,Donor1:healthy,1.000000,-,-,-,-,-,-,-,-,-,-,-
461,S%GGAET,2.0e-02,1,2,5.4e-06,1.0e+00,1.9e-01,1.0e+00,1.0e-03,2.9e-02,global-S%GGAET,CASSLGGAETQYF,TRBV7-9,TRBJ2-5,NA,Donor1:healthy,1.000000,-,-,-,-,-,-,-,-,-,-,-

462,GT%GAYE,2.0e-02,1,2,2.0e-06,1.0e+00,6.7e-02,1.0e+00,1.0e-03,2.9e-02,global-GT%GAYE,CASGTGGAYEQYF,TRBV12-5,TRBJ2-7,NA,Donor1:healthy,1.000000,-,-,-,-,-,-,-,-,-,-,-
462,GT%GAYE,2.0e-02,1,2,2.0e-06,1.0e+00,6.7e-02,1.0e+00,1.0e-03,2.9e-02,global-GT%GAYE,CASGTSGAYEQYF,TRBV19,TRBJ2-7,NA,Donor1:healthy,1.000000,-,-,-,-,-,-,-,-,-,-,-

463,SL%HTGE,2.0e-02,1,2,2.2e-06,1.0e+00,7.5e-02,1.0e+00,1.0e-03,2.9e-02,global-SL%HTGE,CASSLSHTGELFF,TRBV27,TRBJ2-2,NA,Donor1:healthy,1.000000,-,-,-,-,-,-,-,-,-,-,-
463,SL%HTGE,2.0e-02,1,2,2.2e-06,1.0e+00,7.5e-02,1.0e+00,1.0e-03,2.9e-02,global-SL%HTGE,CASSLAHTGELFF,TRBV11-3,TRBJ2-2,NA,Donor1:healthy,1.000000,-,-,-,-,-,-,-,-,-,-,-

464,SL%GTVE,2.0e-02,1,2,2.1e-06,1.0e+00,7.1e-02,1.0e+00,1.0e-03,2.9e-02,global-SL%GTVE,CASSLGGTVEAFF,TRBV7-9,TRBJ1-1,NA,Donor1:healthy,1.000000,-,-,-,-,-,-,-,-,-,-,-
464,SL%GTVE,2.0e-02,1,2,2.1e-06,1.0e+00,7.1e-02,1.0e+00,1.0e-03,2.9e-02,global-SL%GTVE,CASSLSGTVELFF,TRBV13,TRBJ2-2,NA,Donor1:healthy,1.000000,-,-,-,-,-,-,-,-,-,-,-

465,SIG%GTE,2.0e-02,1,2,2.9e-08,1.0e+00,1.0e-03,1.0e+00,1.0e-03,2.9e-02,global-SIG%GTE,CASSIGRGTEAFF,TRBV19,TRBJ1-1,NA,Donor1:healthy,1.000000,-,-,-,-,-,-,-,-,-,-,-
465,SIG%GTE,2.0e-02,1,2,2.9e-08,1.0e+00,1.0e-03,1.0e+00,1.0e-03,2.9e-02,global-SIG%GTE,CASSIGQGTEAFF,TRBV19,TRBJ1-1,NA,Donor1:healthy,1.000000,-,-,-,-,-,-,-,-,-,-,-

466,SLL%NQP,2.0e-02,1,2,2.0e-06,1.0e+00,6.7e-02,1.0e+00,1.0e-03,2.9e-02,global-SLL%NQP,CASSLLSNQPQHF,TRBV11-2,TRBJ1-5,NA,Donor1:healthy,1.000000,-,-,-,-,-,-,-,-,-,-,-
466,SLL%NQP,2.0e-02,1,2,2.0e-06,1.0e+00,6.7e-02,1.0e+00,1.0e-03,2.9e-02,global-SLL%NQP,CASSLLGNQPQHF,TRBV27,TRBJ1-5,NA,Donor1:healthy,1.000000,-,-,-,-,-,-,-,-,-,-,-

467,SFT%TGE,2.0e-02,1,2,1.6e-06,1.0e+00,5.5e-02,1.0e+00,1.0e-03,2.9e-02,global-SFT%TGE,CASSFTNTGELFF,TRBV5-6,TRBJ2-2,NA,Donor1:healthy,1.000000,-,-,-,-,-,-,-,-,-,-,-
467,SFT%TGE,2.0e-02,1,2,1.6e-06,1.0e+00,5.5e-02,1.0e+00,1.0e-03,2.9e-02,global-SFT%TGE,CASSFTGTGELFF,TRBV7-9,TRBJ2-2,NA,Donor1:healthy,1.000000,-,-,-,-,-,-,-,-,-,-,-

468,SLT%GDT,2.0e-02,1,2,1.7e-06,1.0e+00,5.8e-02,1.0e+00,1.0e-03,2.9e-02,global-SLT%GDT,CASSLTGGDTQYF,TRBV28,TRBJ2-3,NA,Donor1:healthy,1.000000,-,-,-,-,-,-,-,-,-,-,-
468,SLT%GDT,2.0e-02,1,2,1.7e-06,1.0e+00,5.8e-02,1.0e+00,1.0e-03,2.9e-02,global-SLT%GDT,CASSLTSGDTQYF,TRBV5-4,TRBJ2-3,NA,Donor1:healthy,1.000000,-,-,-,-,-,-,-,-,-,-,-

469,SQA%NTE,2.0e-02,1,2,2.4e-06,1.0e+00,8.3e-02,1.0e+00,1.0e-03,2.9e-02,global-SQA%NTE,CASSQAKNTEAFF,TRBV4-1,TRBJ1-1,NA,Donor1:healthy,1.000000,-,-,-,-,-,-,-,-,-,-,-
469,SQA%NTE,2.0e-02,1,2,2.4e-06,1.0e+00,8.3e-02,1.0e+00,1.0e-03,2.9e-02,global-SQA%NTE,CASSQAENTEAFF,TRBV4-1,TRBJ1-1,NA,Donor1:healthy,1.000000,-,-,-,-,-,-,-,-,-,-,-
469,SQA%NTE,2.0e-02,1,2,2.4e-06,1.0e+00,8.3e-02,1.0e+00,1.0e-03,2.9e-02,global-SQA%NTE,CASSQAENTEAFF,TRBV4-3,TRBJ1-1,NA,Donor1:healthy,1.000000,-,-,-,-,-,-,-,-,-,-,-

470,SIGQ%YE,2.0e-02,1,2,2.0e-06,1.0e+00,6.7e-02,1.0e+00,1.0e-03,2.9e-02,global-SIGQ%YE,CASSIGQGYEQYF,TRBV25-1,TRBJ2-7,NA,Donor1:healthy,1.000000,-,-,-,-,-,-,-,-,-,-,-
470,SIGQ%YE,2.0e-02,1,2,2.0e-06,1.0e+00,6.7e-02,1.0e+00,1.0e-03,2.9e-02,global-SIGQ%YE,CASSIGQSYEQYF,TRBV19,TRBJ2-7,NA,Donor1:healthy,1.000000,-,-,-,-,-,-,-,-,-,-,-

471,SLLG%QP,2.0e-02,1,2,2.1e-06,1.0e+00,7.2e-02,1.0e+00,1.0e-03,2.9e-02,global-SLLG%QP,CASSLLGDQPQHF,TRBV5-6,TRBJ1-5,NA,Donor1:healthy,1.000000,-,-,-,-,-,-,-,-,-,-,-
471,SLLG%QP,2.0e-02,1,2,2.1e-06,1.0e+00,7.2e-02,1.0e+00,1.0e-03,2.9e-02,global-SLLG%QP,CASSLLGNQPQHF,TRBV27,TRBJ1-5,NA,Donor1:healthy,1.000000,-,-,-,-,-,-,-,-,-,-,-

472,SYGG%ET,2.0e-02,1,2,2.9e-08,1.0e+00,1.0e-03,1.0e+00,1.0e-03,2.9e-02,global-SYGG%ET,CASSYGGQETQYF,TRBV6-5,TRBJ2-5,NA,Donor1:healthy,1.000000,-,-,-,-,-,-,-,-,-,-,-
472,SYGG%ET,2.0e-02,1,2,2.9e-08,1.0e+00,1.0e-03,1.0e+00,1.0e-03,2.9e-02,global-SYGG%ET,CASSYGGRETQYF,TRBV6-5,TRBJ2-5,NA,Donor1:healthy,1.000000,-,-,-,-,-,-,-,-,-,-,-

473,GPGQ%YG,2.0e-02,1,2,2.7e-06,1.0e+00,9.4e-02,1.0e+00,1.0e-03,2.9e-02,global-GPGQ%YG,CASGPGQGYGYTF,TRBV27,TRBJ1-2,NA,Donor1:healthy,1.000000,-,-,-,-,-,-,-,-,-,-,-
473,GPGQ%YG,2.0e-02,1,2,2.7e-06,1.0e+00,9.4e-02,1.0e+00,1.0e-03,2.9e-02,global-GPGQ%YG,CSVGPGQSYGYTF,TRBV29-1,TRBJ1-2,NA,Donor1:healthy,1.000000,-,-,-,-,-,-,-,-,-,-,-

474,SPGL%ET,2.0e-02,1,2,1.8e-06,1.0e+00,6.2e-02,1.0e+00,1.0e-03,2.9e-02,global-SPGL%ET,CASSPGLQETQYF,TRBV6-3,TRBJ2-5,NA,Donor1:healthy,1.000000,-,-,-,-,-,-,-,-,-,-,-
474,SPGL%ET,2.0e-02,1,2,1.8e-06,1.0e+00,6.2e-02,1.0e+00,1.0e-03,2.9e-02,global-SPGL%ET,CASSPGLRETQYF,TRBV27,TRBJ2-5,NA,Donor1:healthy,1.000000,-,-,-,-,-,-,-,-,-,-,-

475,SLGQ%ET,2.0e-02,1,2,1.9e-06,1.0e+00,6.4e-02,1.0e+00,1.0e-03,2.9e-02,global-SLGQ%ET,CASSLGQAETQYF,TRBV13,TRBJ2-5,NA,Donor1:healthy,1.000000,-,-,-,-,-,-,-,-,-,-,-
475,SLGQ%ET,2.0e-02,1,2,1.9e-06,1.0e+00,6.4e-02,1.0e+00,1.0e-03,2.9e-02,global-SLGQ%ET,CASSLGQGETQYF,TRBV7-8,TRBJ2-5,NA,Donor1:healthy,1.000000,-,-,-,-,-,-,-,-,-,-,-

476,RTGD%YE,2.0e-02,1,2,2.1e-06,1.0e+00,7.2e-02,1.0e+00,1.0e-03,2.9e-02,global-RTGD%YE,CAGRTGDNYEQYF,TRBV10-3,TRBJ2-7,NA,Donor1:healthy,1.000000,-,-,-,-,-,-,-,-,-,-,-
476,RTGD%YE,2.0e-02,1,2,2.1e-06,1.0e+00,7.2e-02,1.0e+00,1.0e-03,2.9e-02,global-RTGD%YE,CSARTGDTYEQYF,TRBV20-1,TRBJ2-7,NA,Donor1:healthy,1.000000,-,-,-,-,-,-,-,-,-,-,-

477,SLGSN%P,2.0e-02,1,2,2.9e-08,1.0e+00,1.0e-03,1.0e+00,1.0e-03,2.9e-02,global-SLGSN%P,CASSLGSNSPLHF,TRBV27,TRBJ1-6,NA,Donor1:healthy,1.000000,-,-,-,-,-,-,-,-,-,-,-
477,SLGSN%P,2.0e-02,1,2,2.9e-08,1.0e+00,1.0e-03,1.0e+00,1.0e-03,2.9e-02,global-SLGSN%P,CASSLGSNQPQHF,TRBV27,TRBJ1-5,NA,Donor1:healthy,1.000000,-,-,-,-,-,-,-,-,-,-,-

478,SVGST%E,2.0e-02,1,2,2.9e-08,1.0e+00,1.0e-03,1.0e+00,1.0e-03,2.9e-02,global-SVGST%E,CASSVGSTYEQYF,TRBV9,TRBJ2-7,NA,Donor1:healthy,1.000000,-,-,-,-,-,-,-,-,-,-,-
478,SVGST%E,2.0e-02,1,2,2.9e-08,1.0e+00,1.0e-03,1.0e+00,1.0e-03,2.9e-02,global-SVGST%E,CASSVGSTWEQFF,TRBV9,TRBJ2-1,NA,Donor1:healthy,1.000000,-,-,-,-,-,-,-,-,-,-,-

479,SFQGA%E,2.0e-02,1,2,1.5e-06,1.0e+00,5.3e-02,1.0e+00,1.0e-03,2.9e-02,global-SFQGA%E,CASSFQGAAEAFF,TRBV19,TRBJ1-1,NA,Donor1:healthy,1.000000,-,-,-,-,-,-,-,-,-,-,-
479,SFQGA%E,2.0e-02,1,2,1.5e-06,1.0e+00,5.3e-02,1.0e+00,1.0e-03,2.9e-02,global-SFQGA%E,CASSFQGAGEQYF,TRBV5-4,TRBJ2-7,NA,Donor1:healthy,1.000000,-,-,-,-,-,-,-,-,-,-,-

480,SLQGY%E,2.0e-02,1,2,2.2e-07,1.0e+00,7.9e-02,9.4e-02,1.0e-03,2.9e-02,global-SLQGY%E,CASSLQGYTEAFF,TRBV7-3,TRBJ1-1,NA,Donor1:healthy,2.000000,-,-,-,-,-,-,-,-,-,-,-
480,SLQGY%E,2.0e-02,1,2,2.2e-07,1.0e+00,7.9e-02,9.4e-02,1.0e-03,2.9e-02,global-SLQGY%E,CASSLQGYNEQFF,TRBV19,TRBJ2-1,NA,Donor1:healthy,1.000000,-,-,-,-,-,-,-,-,-,-,-

481,SGGAG%T,2.0e-02,1,2,1.9e-06,1.0e+00,6.6e-02,1.0e+00,1.0e-03,2.9e-02,global-SGGAG%T,CASSGGAGDTQYF,TRBV9,TRBJ2-3,NA,Donor1:healthy,1.000000,-,-,-,-,-,-,-,-,-,-,-
481,SGGAG%T,2.0e-02,1,2,1.9e-06,1.0e+00,6.6e-02,1.0e+00,1.0e-03,2.9e-02,global-SGGAG%T,CSASGGAGETQYF,TRBV20-1,TRBJ2-5,NA,Donor1:healthy,1.000000,-,-,-,-,-,-,-,-,-,-,-

482,%PGTSYNE,2.0e-02,1,2,2.3e-06,1.0e+00,7.8e-02,1.0e+00,1.0e-03,2.9e-02,global-%PGTSYNE,CASSPGTSYNEQFF,TRBV19,TRBJ2-1,NA,Donor1:healthy,1.000000,-,-,-,-,-,-,-,-,-,-,-
482,%PGTSYNE,2.0e-02,1,2,2.3e-06,1.0e+00,7.8e-02,1.0e+00,1.0e-03,2.9e-02,global-%PGTSYNE,CSVEPGTSYNEQFF,TRBV29-1,TRBJ2-1,NA,Donor1:healthy,1.000000,-,-,-,-,-,-,-,-,-,-,-

483,S%ADSNTE,2.0e-02,1,2,2.1e-06,1.0e+00,7.1e-02,1.0e+00,1.0e-03,2.9e-02,global-S%ADSNTE,CASSIADSNTEAFF,TRBV19,TRBJ1-1,NA,Donor1:healthy,1.000000,-,-,-,-,-,-,-,-,-,-,-
483,S%ADSNTE,2.0e-02,1,2,2.1e-06,1.0e+00,7.1e-02,1.0e+00,1.0e-03,2.9e-02,global-S%ADSNTE,CASSLADSNTEAFF,TRBV27,TRBJ1-1,NA,Donor1:healthy,1.000000,-,-,-,-,-,-,-,-,-,-,-

484,SL%GGYTE,2.0e-02,1,2,2.3e-06,1.0e+00,7.8e-02,1.0e+00,1.0e-03,2.9e-02,global-SL%GGYTE,CASSLAGGYTEAFF,TRBV5-4,TRBJ1-1,NA,Donor1:healthy,1.000000,-,-,-,-,-,-,-,-,-,-,-
484,SL%GGYTE,2.0e-02,1,2,2.3e-06,1.0e+00,7.8e-02,1.0e+00,1.0e-03,2.9e-02,global-SL%GGYTE,CASSLSGGYTEAFF,TRBV27,TRBJ1-1,NA,Donor1:healthy,1.000000,-,-,-,-,-,-,-,-,-,-,-

485,SL%TGDEK,2.0e-02,1,2,1.7e-07,1.0e+00,6.8e-02,8.7e-02,1.0e-03,2.9e-02,global-SL%TGDEK,CASSLGTGDEKLFF,TRBV19,TRBJ1-4,NA,Donor1:healthy,1.000000,-,-,-,-,-,-,-,-,-,-,-
485,SL%TGDEK,2.0e-02,1,2,1.7e-07,1.0e+00,6.8e-02,8.7e-02,1.0e-03,2.9e-02,global-SL%TGDEK,CASSLSTGDEKLFF,TRBV27,TRBJ1-4,NA,Donor1:healthy,2.000000,-,-,-,-,-,-,-,-,-,-,-

486,SL%QGRTE,2.0e-02,1,2,2.9e-08,1.0e+00,1.0e-03,1.0e+00,1.0e-03,2.9e-02,global-SL%QGRTE,CASSLAQGRTEAFF,TRBV5-1,TRBJ1-1,NA,Donor1:healthy,1.000000,-,-,-,-,-,-,-,-,-,-,-
486,SL%QGRTE,2.0e-02,1,2,2.9e-08,1.0e+00,1.0e-03,1.0e+00,1.0e-03,2.9e-02,global-SL%QGRTE,CASSLGQGRTEAFF,TRBV5-1,TRBJ1-1,NA,Donor1:healthy,1.000000,-,-,-,-,-,-,-,-,-,-,-

487,SQV%GDYG,2.0e-02,1,2,2.0e-06,1.0e+00,6.9e-02,1.0e+00,1.0e-03,2.9e-02,global-SQV%GDYG,CASSQVRGDYGYTF,TRBV4-2,TRBJ1-2,NA,Donor1:healthy,1.000000,-,-,-,-,-,-,-,-,-,-,-
487,SQV%GDYG,2.0e-02,1,2,2.0e-06,1.0e+00,6.9e-02,1.0e+00,1.0e-03,2.9e-02,global-SQV%GDYG,CASSQVQGDYGYTF,TRBV4-1,TRBJ1-2,NA,Donor1:healthy,1.000000,-,-,-,-,-,-,-,-,-,-,-

488,SPG%SGYE,2.0e-02,1,2,2.1e-06,1.0e+00,7.2e-02,1.0e+00,1.0e-03,2.9e-02,global-SPG%SGYE,CASSPGASGYEQYF,TRBV4-2,TRBJ2-7,NA,Donor1:healthy,1.000000,-,-,-,-,-,-,-,-,-,-,-
488,SPG%SGYE,2.0e-02,1,2,2.1e-06,1.0e+00,7.2e-02,1.0e+00,1.0e-03,2.9e-02,global-SPG%SGYE,CASSPGTSGYEQYF,TRBV27,TRBJ2-7,NA,Donor1:healthy,1.000000,-,-,-,-,-,-,-,-,-,-,-

489,SPL%GEET,2.0e-02,1,2,1.7e-06,1.0e+00,6.0e-02,1.0e+00,1.0e-03,2.9e-02,global-SPL%GEET,CASSPLAGEETQYF,TRBV27,TRBJ2-5,NA,Donor1:healthy,1.000000,-,-,-,-,-,-,-,-,-,-,-
489,SPL%GEET,2.0e-02,1,2,1.7e-06,1.0e+00,6.0e-02,1.0e+00,1.0e-03,2.9e-02,global-SPL%GEET,CASSPLGGEETQYF,TRBV18,TRBJ2-5,NA,Donor1:healthy,1.000000,-,-,-,-,-,-,-,-,-,-,-

490,SSQG%GNT,2.0e-02,1,2,2.9e-08,1.0e+00,1.0e-03,1.0e+00,1.0e-03,2.9e-02,global-SSQG%GNT,CASSSQGVGNTIYF,TRBV28,TRBJ1-3,NA,Donor1:healthy,1.000000,-,-,-,-,-,-,-,-,-,-,-
490,SSQG%GNT,2.0e-02,1,2,2.9e-08,1.0e+00,1.0e-03,1.0e+00,1.0e-03,2.9e-02,global-SSQG%GNT,CASSSQGLGNTIYF,TRBV28,TRBJ1-3,NA,Donor1:healthy,1.000000,-,-,-,-,-,-,-,-,-,-,-

491,SLIG%TGE,2.0e-02,1,2,2.0e-06,1.0e+00,6.7e-02,1.0e+00,1.0e-03,2.9e-02,global-SLIG%TGE,CASSLIGGTGELFF,TRBV7-9,TRBJ2-2,NA,Donor1:healthy,1.000000,-,-,-,-,-,-,-,-,-,-,-
491,SLIG%TGE,2.0e-02,1,2,2.0e-06,1.0e+00,6.7e-02,1.0e+00,1.0e-03,2.9e-02,global-SLIG%TGE,CASSLIGNTGELFF,TRBV7-2,TRBJ2-2,NA,Donor1:healthy,1.000000,-,-,-,-,-,-,-,-,-,-,-

492,SPTG%GQP,2.0e-02,1,2,3.5e-08,1.0e+00,8.0e-03,1.5e-01,1.0e-03,2.9e-02,global-SPTG%GQP,CASSPTGVGQPQHF,TRBV28,TRBJ1-5,NA,Donor1:healthy,1.000000,-,-,-,-,-,-,-,-,-,-,-
492,SPTG%GQP,2.0e-02,1,2,3.5e-08,1.0e+00,8.0e-03,1.5e-01,1.0e-03,2.9e-02,global-SPTG%GQP,CASSPTGVGQPQHF,TRBV6-3,TRBJ1-5,NA,Donor1:healthy,1.000000,-,-,-,-,-,-,-,-,-,-,-
492,SPTG%GQP,2.0e-02,1,2,3.5e-08,1.0e+00,8.0e-03,1.5e-01,1.0e-03,2.9e-02,global-SPTG%GQP,CASSPTGLGQPQHF,TRBV28,TRBJ1-5,NA,Donor1:healthy,2.000000,-,-,-,-,-,-,-,-,-,-,-

493,SLIG%TDT,2.0e-02,1,2,1.9e-06,1.0e+00,6.5e-02,1.0e+00,1.0e-03,2.9e-02,global-SLIG%TDT,CASSLIGGTDTQYF,TRBV5-1,TRBJ2-3,NA,Donor1:healthy,1.000000,-,-,-,-,-,-,-,-,-,-,-
493,SLIG%TDT,2.0e-02,1,2,1.9e-06,1.0e+00,6.5e-02,1.0e+00,1.0e-03,2.9e-02,global-SLIG%TDT,CASSLIGNTDTQYF,TRBV27,TRBJ2-3,NA,Donor1:healthy,1.000000,-,-,-,-,-,-,-,-,-,-,-

494,SDRD%SYE,2.0e-02,1,2,1.8e-06,1.0e+00,6.2e-02,1.0e+00,1.0e-03,2.9e-02,global-SDRD%SYE,CASSDRDKSYEQYF,TRBV18,TRBJ2-7,NA,Donor1:healthy,1.000000,-,-,-,-,-,-,-,-,-,-,-
494,SDRD%SYE,2.0e-02,1,2,1.8e-06,1.0e+00,6.2e-02,1.0e+00,1.0e-03,2.9e-02,global-SDRD%SYE,CASSDRDRSYEQYF,TRBV13,TRBJ2-7,NA,Donor1:healthy,1.000000,-,-,-,-,-,-,-,-,-,-,-

495,SFGGR%TE,2.0e-02,1,2,2.2e-06,1.0e+00,7.7e-02,1.0e+00,1.0e-03,2.9e-02,global-SFGGR%TE,CASSFGGRRTEAFF,TRBV5-6,TRBJ1-1,NA,Donor1:healthy,1.000000,-,-,-,-,-,-,-,-,-,-,-
495,SFGGR%TE,2.0e-02,1,2,2.2e-06,1.0e+00,7.7e-02,1.0e+00,1.0e-03,2.9e-02,global-SFGGR%TE,CASSFGGRNTEAFF,TRBV27,TRBJ1-1,NA,Donor1:healthy,1.000000,-,-,-,-,-,-,-,-,-,-,-

496,S%GTATNEK,2.0e-02,1,2,2.1e-06,1.0e+00,7.1e-02,1.0e+00,1.0e-03,2.9e-02,global-S%GTATNEK,CASSLGTATNEKLFF,TRBV7-6,TRBJ1-4,NA,Donor1:healthy,1.000000,-,-,-,-,-,-,-,-,-,-,-
496,S%GTATNEK,2.0e-02,1,2,2.1e-06,1.0e+00,7.1e-02,1.0e+00,1.0e-03,2.9e-02,global-S%GTATNEK,CASSMGTATNEKLFF,TRBV19,TRBJ1-4,NA,Donor1:healthy,1.000000,-,-,-,-,-,-,-,-,-,-,-

497,S%GTATNEK,2.0e-02,1,2,9.6e-10,1.0e+00,1.0e-03,3.3e-02,1.0e-03,2.9e-02,global-S%GTATNEK,CASSAGTATNEKLFF,TRBV19,TRBJ1-4,NA,Donor1:healthy,1.000000,-,-,-,-,-,-,-,-,-,-,-
497,S%GTATNEK,2.0e-02,1,2,9.6e-10,1.0e+00,1.0e-03,3.3e-02,1.0e-03,2.9e-02,global-S%GTATNEK,CASSTGTATNEKLFF,TRBV19,TRBJ1-4,NA,Donor1:healthy,3.000000,-,-,-,-,-,-,-,-,-,-,-

498,SLV%GGNQP,2.0e-02,1,2,2.1e-06,1.0e+00,7.2e-02,1.0e+00,1.0e-03,2.9e-02,global-SLV%GGNQP,CASSLVRGGNQPQHF,TRBV5-5,TRBJ1-5,NA,Donor1:healthy,1.000000,-,-,-,-,-,-,-,-,-,-,-
498,SLV%GGNQP,2.0e-02,1,2,2.1e-06,1.0e+00,7.2e-02,1.0e+00,1.0e-03,2.9e-02,global-SLV%GGNQP,CASSLVQGGNQPQHF,TRBV28,TRBJ1-5,NA,Donor1:healthy,1.000000,-,-,-,-,-,-,-,-,-,-,-

499,SLGG%PSYE,2.0e-02,1,2,1.9e-06,1.0e+00,6.5e-02,1.0e+00,1.0e-03,2.9e-02,global-SLGG%PSYE,CASSLGGSPSYEQYF,TRBV28,TRBJ2-7,NA,Donor1:healthy,1.000000,-,-,-,-,-,-,-,-,-,-,-
499,SLGG%PSYE,2.0e-02,1,2,1.9e-06,1.0e+00,6.5e-02,1.0e+00,1.0e-03,2.9e-02,global-SLGG%PSYE,CASSLGGGPSYEQYF,TRBV3-1,TRBJ2-7,NA,Donor1:healthy,1.000000,-,-,-,-,-,-,-,-,-,-,-

500,SSLA%STDT,2.0e-02,1,2,2.9e-08,1.0e+00,1.0e-03,1.0e+00,1.0e-03,2.9e-02,global-SSLA%STDT,CASSSLAASTDTQYF,TRBV27,TRBJ2-3,NA,Donor1:healthy,1.000000,-,-,-,-,-,-,-,-,-,-,-
500,SSLA%STDT,2.0e-02,1,2,2.9e-08,1.0e+00,1.0e-03,1.0e+00,1.0e-03,2.9e-02,global-SSLA%STDT,CASSSLAGSTDTQYF,TRBV27,TRBJ2-3,NA,Donor1:healthy,1.000000,-,-,-,-,-,-,-,-,-,-,-

501,SPGGG%SYE,2.0e-02,1,2,2.0e-06,1.0e+00,7.0e-02,1.0e+00,1.0e-03,2.9e-02,global-SPGGG%SYE,CASSPGGGVSYEQYF,TRBV28,TRBJ2-7,NA,Donor1:healthy,1.000000,-,-,-,-,-,-,-,-,-,-,-
501,SPGGG%SYE,2.0e-02,1,2,2.0e-06,1.0e+00,7.0e-02,1.0e+00,1.0e-03,2.9e-02,global-SPGGG%SYE,CASSPGGGASYEQYF,TRBV9,TRBJ2-7,NA,Donor1:healthy,1.000000,-,-,-,-,-,-,-,-,-,-,-

502,SPGTSG%DT,2.0e-02,1,2,1.5e-06,1.0e+00,5.3e-02,1.0e+00,1.0e-03,2.9e-02,global-SPGTSG%DT,CASSPGTSGGDTQYF,TRBV4-3,TRBJ2-3,NA,Donor1:healthy,1.000000,-,-,-,-,-,-,-,-,-,-,-
502,SPGTSG%DT,2.0e-02,1,2,1.5e-06,1.0e+00,5.3e-02,1.0e+00,1.0e-03,2.9e-02,global-SPGTSG%DT,CASSPGTSGSDTQYF,TRBV6-5,TRBJ2-3,NA,Donor1:healthy,1.000000,-,-,-,-,-,-,-,-,-,-,-

503,SPGLAGA%E,2.0e-02,1,2,1.9e-06,1.0e+00,6.6e-02,1.0e+00,1.0e-03,2.9e-02,global-SPGLAGA%E,CASSPGLAGADEQFF,TRBV11-2,TRBJ2-1,NA,Donor1:healthy,1.000000,-,-,-,-,-,-,-,-,-,-,-
503,SPGLAGA%E,2.0e-02,1,2,1.9e-06,1.0e+00,6.6e-02,1.0e+00,1.0e-03,2.9e-02,global-SPGLAGA%E,CASSPGLAGANEQFF,TRBV11-1,TRBJ2-1,NA,Donor1:healthy,1.000000,-,-,-,-,-,-,-,-,-,-,-

504,SPGTGGY%E,2.0e-02,1,2,2.2e-06,1.0e+00,7.5e-02,1.0e+00,1.0e-03,2.9e-02,global-SPGTGGY%E,CASSPGTGGYNEQFF,TRBV7-2,TRBJ2-1,NA,Donor1:healthy,1.000000,-,-,-,-,-,-,-,-,-,-,-
504,SPGTGGY%E,2.0e-02,1,2,2.2e-06,1.0e+00,7.5e-02,1.0e+00,1.0e-03,2.9e-02,global-SPGTGGY%E,CASSPGTGGYDEQFF,TRBV5-4,TRBJ2-1,NA,Donor1:healthy,1.000000,-,-,-,-,-,-,-,-,-,-,-

505,S%TSGGAYNE,2.0e-02,1,2,2.1e-06,1.0e+00,7.1e-02,1.0e+00,1.0e-03,2.9e-02,global-S%TSGGAYNE,CASSRTSGGAYNEQFF,TRBV11-2,TRBJ2-1,NA,Donor1:healthy,1.000000,-,-,-,-,-,-,-,-,-,-,-
505,S%TSGGAYNE,2.0e-02,1,2,2.1e-06,1.0e+00,7.1e-02,1.0e+00,1.0e-03,2.9e-02,global-S%TSGGAYNE,CASSETSGGAYNEQFF,TRBV9,TRBJ2-1,NA,Donor1:healthy,1.000000,-,-,-,-,-,-,-,-,-,-,-

506,S%RGDT,2.1e-02,1,3,1.2e-06,1.0e+00,2.0e-01,1.0e+00,1.0e-03,6.2e-03,global-S%RGDT,CASSDRGDTQYF,TRBV2,TRBJ2-3,NA,Donor1:healthy,1.000000,-,-,-,-,-,-,-,-,-,-,-
506,S%RGDT,2.1e-02,1,3,1.2e-06,1.0e+00,2.0e-01,1.0e+00,1.0e-03,6.2e-03,global-S%RGDT,CASSGRGDTQYF,TRBV7-9,TRBJ2-3,NA,Donor1:healthy,1.000000,-,-,-,-,-,-,-,-,-,-,-
506,S%RGDT,2.1e-02,1,3,1.2e-06,1.0e+00,2.0e-01,1.0e+00,1.0e-03,6.2e-03,global-S%RGDT,CATSSRGDTQYF,TRBV15,TRBJ2-3,NA,Donor1:healthy,1.000000,-,-,-,-,-,-,-,-,-,-,-

507,R%SNQP,2.1e-02,1,3,3.8e-10,1.0e+00,1.0e-03,6.1e-02,1.0e-03,6.2e-03,global-R%SNQP,CASRQSNQPQHF,TRBV19,TRBJ1-5,NA,Donor1:healthy,1.000000,-,-,-,-,-,-,-,-,-,-,-
507,R%SNQP,2.1e-02,1,3,3.8e-10,1.0e+00,1.0e-03,6.1e-02,1.0e-03,6.2e-03,global-R%SNQP,CASRHSNQPQHF,TRBV19,TRBJ1-5,NA,Donor1:healthy,4.000000,-,-,-,-,-,-,-,-,-,-,-
507,R%SNQP,2.1e-02,1,3,3.8e-10,1.0e+00,1.0e-03,6.1e-02,1.0e-03,6.2e-03,global-R%SNQP,CASRDSNQPQHF,TRBV19,TRBJ1-5,NA,Donor1:healthy,1.000000,-,-,-,-,-,-,-,-,-,-,-

508,SLV%YE,2.1e-02,1,4,6.6e-08,1.0e+00,2.8e-02,1.0e+00,1.0e-03,2.3e-03,global-SLV%YE,CASSLVVYEQYF,TRBV7-9,TRBJ2-7,NA,Donor1:healthy,1.000000,-,-,-,-,-,-,-,-,-,-,-
508,SLV%YE,2.1e-02,1,4,6.6e-08,1.0e+00,2.8e-02,1.0e+00,1.0e-03,2.3e-03,global-SLV%YE,CASSLVSYEQYF,TRBV5-1,TRBJ2-7,NA,Donor1:healthy,1.000000,-,-,-,-,-,-,-,-,-,-,-
508,SLV%YE,2.1e-02,1,4,6.6e-08,1.0e+00,2.8e-02,1.0e+00,1.0e-03,2.3e-03,global-SLV%YE,CASSLVSYEQYF,TRBV7-9,TRBJ2-7,NA,Donor1:healthy,1.000000,-,-,-,-,-,-,-,-,-,-,-
508,SLV%YE,2.1e-02,1,4,6.6e-08,1.0e+00,2.8e-02,1.0e+00,1.0e-03,2.3e-03,global-SLV%YE,CASSLVGYEQYF,TRBV5-1,TRBJ2-7,NA,Donor1:healthy,1.000000,-,-,-,-,-,-,-,-,-,-,-
508,SLV%YE,2.1e-02,1,4,6.6e-08,1.0e+00,2.8e-02,1.0e+00,1.0e-03,2.3e-03,global-SLV%YE,CASSLVTYEQYF,TRBV11-2,TRBJ2-7,NA,Donor1:healthy,1.000000,-,-,-,-,-,-,-,-,-,-,-

509,SFG%TE,2.1e-02,1,3,2.2e-06,1.0e+00,3.5e-01,1.0e+00,1.0e-03,6.2e-03,global-SFG%TE,CASSFGATEQYF,TRBV5-6,TRBJ2-7,NA,Donor1:healthy,1.000000,-,-,-,-,-,-,-,-,-,-,-
509,SFG%TE,2.1e-02,1,3,2.2e-06,1.0e+00,3.5e-01,1.0e+00,1.0e-03,6.2e-03,global-SFG%TE,CASSFGNTEAFF,TRBV27,TRBJ1-1,NA,Donor1:healthy,1.000000,-,-,-,-,-,-,-,-,-,-,-
509,SFG%TE,2.1e-02,1,3,2.2e-06,1.0e+00,3.5e-01,1.0e+00,1.0e-03,6.2e-03,global-SFG%TE,CASSFGNTEAFF,TRBV7-9,TRBJ1-1,NA,Donor1:healthy,1.000000,-,-,-,-,-,-,-,-,-,-,-
509,SFG%TE,2.1e-02,1,3,2.2e-06,1.0e+00,3.5e-01,1.0e+00,1.0e-03,6.2e-03,global-SFG%TE,CASSFGGTEAFF,TRBV12-4,TRBJ1-1,NA,Donor1:healthy,1.000000,-,-,-,-,-,-,-,-,-,-,-

510,SLQG%E,2.1e-02,1,4,8.4e-07,1.0e+00,3.6e-01,1.0e+00,1.0e-03,2.3e-03,global-SLQG%E,CASSLQGTEQYF,TRBV7-9,TRBJ2-7,NA,Donor1:healthy,1.000000,-,-,-,-,-,-,-,-,-,-,-
510,SLQG%E,2.1e-02,1,4,8.4e-07,1.0e+00,3.6e-01,1.0e+00,1.0e-03,2.3e-03,global-SLQG%E,CASSLQGGEQYF,TRBV5-1,TRBJ2-7,NA,Donor1:healthy,1.000000,-,-,-,-,-,-,-,-,-,-,-
510,SLQG%E,2.1e-02,1,4,8.4e-07,1.0e+00,3.6e-01,1.0e+00,1.0e-03,2.3e-03,global-SLQG%E,CASSLQGSEQFF,TRBV12-3,TRBJ2-1,NA,Donor1:healthy,1.000000,-,-,-,-,-,-,-,-,-,-,-
510,SLQG%E,2.1e-02,1,4,8.4e-07,1.0e+00,3.6e-01,1.0e+00,1.0e-03,2.3e-03,global-SLQG%E,CASSLQGNEQFF,TRBV27,TRBJ2-1,NA,Donor1:healthy,1.000000,-,-,-,-,-,-,-,-,-,-,-

511,SY%NTGE,2.1e-02,1,3,1.3e-06,1.0e+00,2.0e-01,1.0e+00,1.0e-03,6.2e-03,global-SY%NTGE,CASSYQNTGELFF,TRBV6-3,TRBJ2-2,NA,Donor1:healthy,1.000000,-,-,-,-,-,-,-,-,-,-,-
511,SY%NTGE,2.1e-02,1,3,1.3e-06,1.0e+00,2.0e-01,1.0e+00,1.0e-03,6.2e-03,global-SY%NTGE,CASSYTNTGELFF,TRBV7-2,TRBJ2-2,NA,Donor1:healthy,1.000000,-,-,-,-,-,-,-,-,-,-,-
511,SY%NTGE,2.1e-02,1,3,1.3e-06,1.0e+00,2.0e-01,1.0e+00,1.0e-03,6.2e-03,global-SY%NTGE,CASSYSNTGELFF,TRBV6-6,TRBJ2-2,NA,Donor1:healthy,1.000000,-,-,-,-,-,-,-,-,-,-,-

512,SSGQ%YE,2.1e-02,1,4,8.1e-07,1.0e+00,3.4e-01,1.0e+00,1.0e-03,2.3e-03,global-SSGQ%YE,CASSSGQAYEQYF,TRBV11-2,TRBJ2-7,NA,Donor1:healthy,1.000000,-,-,-,-,-,-,-,-,-,-,-
512,SSGQ%YE,2.1e-02,1,4,8.1e-07,1.0e+00,3.4e-01,1.0e+00,1.0e-03,2.3e-03,global-SSGQ%YE,CATSSGQSYEQYF,TRBV15,TRBJ2-7,NA,Donor1:healthy,1.000000,-,-,-,-,-,-,-,-,-,-,-
512,SSGQ%YE,2.1e-02,1,4,8.1e-07,1.0e+00,3.4e-01,1.0e+00,1.0e-03,2.3e-03,global-SSGQ%YE,CASSSGQGYEQYF,TRBV7-6,TRBJ2-7,NA,Donor1:healthy,1.000000,-,-,-,-,-,-,-,-,-,-,-
512,SSGQ%YE,2.1e-02,1,4,8.1e-07,1.0e+00,3.4e-01,1.0e+00,1.0e-03,2.3e-03,global-SSGQ%YE,CASSSGQVYEQYF,TRBV5-6,TRBJ2-7,NA,Donor1:healthy,1.000000,-,-,-,-,-,-,-,-,-,-,-

513,SFGG%ET,2.1e-02,1,3,1.7e-07,1.0e+00,2.0e-01,1.4e-01,1.0e-03,6.2e-03,global-SFGG%ET,CASSFGGVETQYF,TRBV5-4,TRBJ2-5,NA,Donor1:healthy,1.000000,-,-,-,-,-,-,-,-,-,-,-
513,SFGG%ET,2.1e-02,1,3,1.7e-07,1.0e+00,2.0e-01,1.4e-01,1.0e-03,6.2e-03,global-SFGG%ET,CASSFGGAETQYF,TRBV28,TRBJ2-5,NA,Donor1:healthy,1.000000,-,-,-,-,-,-,-,-,-,-,-
513,SFGG%ET,2.1e-02,1,3,1.7e-07,1.0e+00,2.0e-01,1.4e-01,1.0e-03,6.2e-03,global-SFGG%ET,CASSFGGGETQYF,TRBV27,TRBJ2-5,NA,Donor1:healthy,2.000000,-,-,-,-,-,-,-,-,-,-,-

514,SVG%SSYE,2.1e-02,1,3,6.2e-09,1.0e+00,1.0e-03,1.0e+00,1.0e-03,6.2e-03,global-SVG%SSYE,CASSVGSSSYEQYF,TRBV9,TRBJ2-7,NA,Donor1:healthy,1.000000,-,-,-,-,-,-,-,-,-,-,-
514,SVG%SSYE,2.1e-02,1,3,6.2e-09,1.0e+00,1.0e-03,1.0e+00,1.0e-03,6.2e-03,global-SVG%SSYE,CASSVGTSSYEQYF,TRBV9,TRBJ2-7,NA,Donor1:healthy,1.000000,-,-,-,-,-,-,-,-,-,-,-
514,SVG%SSYE,2.1e-02,1,3,6.2e-09,1.0e+00,1.0e-03,1.0e+00,1.0e-03,6.2e-03,global-SVG%SSYE,CASSVGDSSYEQYF,TRBV9,TRBJ2-7,NA,Donor1:healthy,1.000000,-,-,-,-,-,-,-,-,-,-,-

515,SLGG%SYE,2.1e-02,1,4,8.0e-07,1.0e+00,3.4e-01,1.0e+00,1.0e-03,2.3e-03,global-SLGG%SYE,CASSLGGFSYEQYF,TRBV11-2,TRBJ2-7,NA,Donor1:healthy,1.000000,-,-,-,-,-,-,-,-,-,-,-
515,SLGG%SYE,2.1e-02,1,4,8.0e-07,1.0e+00,3.4e-01,1.0e+00,1.0e-03,2.3e-03,global-SLGG%SYE,CASSLGGYSYEQYF,TRBV7-2,TRBJ2-7,NA,Donor1:healthy,1.000000,-,-,-,-,-,-,-,-,-,-,-
515,SLGG%SYE,2.1e-02,1,4,8.0e-07,1.0e+00,3.4e-01,1.0e+00,1.0e-03,2.3e-03,global-SLGG%SYE,CASSLGGHSYEQYF,TRBV5-6,TRBJ2-7,NA,Donor1:healthy,1.000000,-,-,-,-,-,-,-,-,-,-,-
515,SLGG%SYE,2.1e-02,1,4,8.0e-07,1.0e+00,3.4e-01,1.0e+00,1.0e-03,2.3e-03,global-SLGG%SYE,CASSLGGRSYEQYF,TRBV5-4,TRBJ2-7,NA,Donor1:healthy,1.000000,-,-,-,-,-,-,-,-,-,-,-

516,SPG%TE,2.3e-02,1,4,1.2e-06,1.0e+00,5.1e-01,1.0e+00,1.0e-03,2.3e-03,global-SPG%TE,CASSPGGTEAFF,TRBV9,TRBJ1-1,NA,Donor1:healthy,1.000000,-,-,-,-,-,-,-,-,-,-,-
516,SPG%TE,2.3e-02,1,4,1.2e-06,1.0e+00,5.1e-01,1.0e+00,1.0e-03,2.3e-03,global-SPG%TE,CASSPGNTEAFF,TRBV12-4,TRBJ1-1,NA,Donor1:healthy,1.000000,-,-,-,-,-,-,-,-,-,-,-
516,SPG%TE,2.3e-02,1,4,1.2e-06,1.0e+00,5.1e-01,1.0e+00,1.0e-03,2.3e-03,global-SPG%TE,CASSPGNTEAFF,TRBV5-6,TRBJ1-1,NA,Donor1:healthy,1.000000,-,-,-,-,-,-,-,-,-,-,-
516,SPG%TE,2.3e-02,1,4,1.2e-06,1.0e+00,5.1e-01,1.0e+00,1.0e-03,2.3e-03,global-SPG%TE,CASSPGVTEAFF,TRBV7-9,TRBJ1-1,NA,Donor1:healthy,1.000000,-,-,-,-,-,-,-,-,-,-,-
516,SPG%TE,2.3e-02,1,4,1.2e-06,1.0e+00,5.1e-01,1.0e+00,1.0e-03,2.3e-03,global-SPG%TE,CASSPGTTEAFF,TRBV7-3,TRBJ1-1,NA,Donor1:healthy,1.000000,-,-,-,-,-,-,-,-,-,-,-

517,SLGS%E,2.3e-02,1,4,1.3e-08,1.0e+00,3.5e-01,1.6e-02,1.0e-03,2.3e-03,global-SLGS%E,CASSLGSAEAFF,TRBV5-5,TRBJ1-1,NA,Donor1:healthy,24.000000,-,-,-,-,-,-,-,-,-,-,-
517,SLGS%E,2.3e-02,1,4,1.3e-08,1.0e+00,3.5e-01,1.6e-02,1.0e-03,2.3e-03,global-SLGS%E,CASSLGSNEQYF,TRBV7-9,TRBJ2-7,NA,Donor1:healthy,1.000000,-,-,-,-,-,-,-,-,-,-,-
517,SLGS%E,2.3e-02,1,4,1.3e-08,1.0e+00,3.5e-01,1.6e-02,1.0e-03,2.3e-03,global-SLGS%E,CASSLGSGELFF,TRBV5-4,TRBJ2-2,NA,Donor1:healthy,1.000000,-,-,-,-,-,-,-,-,-,-,-
517,SLGS%E,2.3e-02,1,4,1.3e-08,1.0e+00,3.5e-01,1.6e-02,1.0e-03,2.3e-03,global-SLGS%E,CASSLGSTEAFF,TRBV5-6,TRBJ1-1,NA,Donor1:healthy,1.000000,-,-,-,-,-,-,-,-,-,-,-

518,SL%SNQP,2.3e-02,1,4,1.3e-07,1.0e+00,3.3e-01,1.6e-01,1.0e-03,2.3e-03,global-SL%SNQP,CASSLGSNQPQHF,TRBV27,TRBJ1-5,NA,Donor1:healthy,1.000000,-,-,-,-,-,-,-,-,-,-,-
518,SL%SNQP,2.3e-02,1,4,1.3e-07,1.0e+00,3.3e-01,1.6e-01,1.0e-03,2.3e-03,global-SL%SNQP,CASSLSSNQPQHF,TRBV5-1,TRBJ1-5,NA,Donor1:healthy,1.000000,-,-,-,-,-,-,-,-,-,-,-
518,SL%SNQP,2.3e-02,1,4,1.3e-07,1.0e+00,3.3e-01,1.6e-01,1.0e-03,2.3e-03,global-SL%SNQP,CASSLNSNQPQHF,TRBV7-9,TRBJ1-5,NA,Donor1:healthy,1.000000,-,-,-,-,-,-,-,-,-,-,-
518,SL%SNQP,2.3e-02,1,4,1.3e-07,1.0e+00,3.3e-01,1.6e-01,1.0e-03,2.3e-03,global-SL%SNQP,CASSLASNQPQHF,TRBV5-6,TRBJ1-5,NA,Donor1:healthy,2.000000,-,-,-,-,-,-,-,-,-,-,-

519,SL%SYNE,2.3e-02,1,4,7.4e-07,1.0e+00,3.2e-01,1.0e+00,1.0e-03,2.3e-03,global-SL%SYNE,CASSLDSYNEQFF,TRBV27,TRBJ2-1,NA,Donor1:healthy,1.000000,-,-,-,-,-,-,-,-,-,-,-
519,SL%SYNE,2.3e-02,1,4,7.4e-07,1.0e+00,3.2e-01,1.0e+00,1.0e-03,2.3e-03,global-SL%SYNE,CASSLGSYNEQFF,TRBV11-3,TRBJ2-1,NA,Donor1:healthy,1.000000,-,-,-,-,-,-,-,-,-,-,-
519,SL%SYNE,2.3e-02,1,4,7.4e-07,1.0e+00,3.2e-01,1.0e+00,1.0e-03,2.3e-03,global-SL%SYNE,CASSLSSYNEQFF,TRBV11-2,TRBJ2-1,NA,Donor1:healthy,1.000000,-,-,-,-,-,-,-,-,-,-,-
519,SL%SYNE,2.3e-02,1,4,7.4e-07,1.0e+00,3.2e-01,1.0e+00,1.0e-03,2.3e-03,global-SL%SYNE,CASSLASYNEQFF,TRBV7-6,TRBJ2-1,NA,Donor1:healthy,1.000000,-,-,-,-,-,-,-,-,-,-,-

520,SL%ADT,2.5e-02,1,3,2.1e-06,1.0e+00,3.4e-01,1.0e+00,1.0e-03,6.2e-03,global-SL%ADT,CASSLEADTQYF,TRBV11-2,TRBJ2-3,NA,Donor1:healthy,1.000000,-,-,-,-,-,-,-,-,-,-,-
520,SL%ADT,2.5e-02,1,3,2.1e-06,1.0e+00,3.4e-01,1.0e+00,1.0e-03,6.2e-03,global-SL%ADT,CASSLSADTQYF,TRBV27,TRBJ2-3,NA,Donor1:healthy,1.000000,-,-,-,-,-,-,-,-,-,-,-
520,SL%ADT,2.5e-02,1,3,2.1e-06,1.0e+00,3.4e-01,1.0e+00,1.0e-03,6.2e-03,global-SL%ADT,CASSLGADTQYF,TRBV7-2,TRBJ2-3,NA,Donor1:healthy,1.000000,-,-,-,-,-,-,-,-,-,-,-
520,SL%ADT,2.5e-02,1,3,2.1e-06,1.0e+00,3.4e-01,1.0e+00,1.0e-03,6.2e-03,global-SL%ADT,CASSLGADTQYF,TRBV7-9,TRBJ2-3,NA,Donor1:healthy,1.000000,-,-,-,-,-,-,-,-,-,-,-

521,SLAG%YE,2.5e-02,1,5,3.2e-07,1.0e+00,2.2e-01,1.0e+00,1.0e-03,1.5e-03,global-SLAG%YE,CASSLAGSYEQYF,TRBV7-9,TRBJ2-7,NA,Donor1:healthy,1.000000,-,-,-,-,-,-,-,-,-,-,-
521,SLAG%YE,2.5e-02,1,5,3.2e-07,1.0e+00,2.2e-01,1.0e+00,1.0e-03,1.5e-03,global-SLAG%YE,CASSLAGAYEQYF,TRBV11-3,TRBJ2-7,NA,Donor1:healthy,1.000000,-,-,-,-,-,-,-,-,-,-,-
521,SLAG%YE,2.5e-02,1,5,3.2e-07,1.0e+00,2.2e-01,1.0e+00,1.0e-03,1.5e-03,global-SLAG%YE,CASSLAGDYEQYF,TRBV27,TRBJ2-7,NA,Donor1:healthy,1.000000,-,-,-,-,-,-,-,-,-,-,-
521,SLAG%YE,2.5e-02,1,5,3.2e-07,1.0e+00,2.2e-01,1.0e+00,1.0e-03,1.5e-03,global-SLAG%YE,CASSLAGDYEQYF,TRBV7-3,TRBJ2-7,NA,Donor1:healthy,1.000000,-,-,-,-,-,-,-,-,-,-,-
521,SLAG%YE,2.5e-02,1,5,3.2e-07,1.0e+00,2.2e-01,1.0e+00,1.0e-03,1.5e-03,global-SLAG%YE,CASSLAGGYEQYF,TRBV11-2,TRBJ2-7,NA,Donor1:healthy,1.000000,-,-,-,-,-,-,-,-,-,-,-
521,SLAG%YE,2.5e-02,1,5,3.2e-07,1.0e+00,2.2e-01,1.0e+00,1.0e-03,1.5e-03,global-SLAG%YE,CASSLAGTYEQYF,TRBV27,TRBJ2-7,NA,Donor1:healthy,1.000000,-,-,-,-,-,-,-,-,-,-,-

522,SQGLAG%YE,2.5e-02,1,3,1.1e-06,1.0e+00,1.8e-01,1.0e+00,1.0e-03,6.2e-03,global-SQGLAG%YE,CASSQGLAGSYEQYF,TRBV14,TRBJ2-7,NA,Donor1:healthy,1.000000,-,-,-,-,-,-,-,-,-,-,-
522,SQGLAG%YE,2.5e-02,1,3,1.1e-06,1.0e+00,1.8e-01,1.0e+00,1.0e-03,6.2e-03,global-SQGLAG%YE,CASSQGLAGAYEQFF,TRBV4-3,TRBJ2-1,NA,Donor1:healthy,1.000000,-,-,-,-,-,-,-,-,-,-,-
522,SQGLAG%YE,2.5e-02,1,3,1.1e-06,1.0e+00,1.8e-01,1.0e+00,1.0e-03,6.2e-03,global-SQGLAG%YE,CASSQGLAGTYEQYF,TRBV5-1,TRBJ2-7,NA,Donor1:healthy,1.000000,-,-,-,-,-,-,-,-,-,-,-

523,N%,2.7e-02,1,2,1.7e-06,1.0e+00,6.0e-02,1.0e+00,1.0e-03,2.9e-02,global-N%,CSYNEQFF,TRBV20-1,TRBJ2-1,NA,Donor1:healthy,1.000000,-,-,-,-,-,-,-,-,-,-,-
523,N%,2.7e-02,1,2,1.7e-06,1.0e+00,6.0e-02,1.0e+00,1.0e-03,2.9e-02,global-N%,CASNDSNF,TRBV5-5,TRBJ2-5,NA,Donor1:healthy,1.000000,-,-,-,-,-,-,-,-,-,-,-

524,%SNNE,2.7e-02,1,2,2.4e-06,1.0e+00,8.1e-02,1.0e+00,1.0e-03,2.9e-02,global-%SNNE,CASSSNNEQFF,TRBV7-9,TRBJ2-1,NA,Donor1:healthy,1.000000,-,-,-,-,-,-,-,-,-,-,-
524,%SNNE,2.7e-02,1,2,2.4e-06,1.0e+00,8.1e-02,1.0e+00,1.0e-03,2.9e-02,global-%SNNE,CSGDSNNEQFF,TRBV20-1,TRBJ2-1,NA,Donor1:healthy,1.000000,-,-,-,-,-,-,-,-,-,-,-

525,%SGGG,2.7e-02,1,2,2.1e-06,1.0e+00,7.1e-02,1.0e+00,1.0e-03,2.9e-02,global-%SGGG,CATTSGGGYTF,TRBV12-3,TRBJ1-2,NA,Donor1:healthy,1.000000,-,-,-,-,-,-,-,-,-,-,-
525,%SGGG,2.7e-02,1,2,2.1e-06,1.0e+00,7.1e-02,1.0e+00,1.0e-03,2.9e-02,global-%SGGG,CASSSGGGAFF,TRBV27,TRBJ1-1,NA,Donor1:healthy,1.000000,-,-,-,-,-,-,-,-,-,-,-

526,R%GQG,2.7e-02,1,2,2.0e-06,1.0e+00,7.0e-02,1.0e+00,1.0e-03,2.9e-02,global-R%GQG,CASRSGQGPYF,TRBV2,TRBJ2-7,NA,Donor1:healthy,1.000000,-,-,-,-,-,-,-,-,-,-,-
526,R%GQG,2.7e-02,1,2,2.0e-06,1.0e+00,7.0e-02,1.0e+00,1.0e-03,2.9e-02,global-R%GQG,CASRDGQGAFF,TRBV6-5,TRBJ2-1,NA,Donor1:healthy,1.000000,-,-,-,-,-,-,-,-,-,-,-

527,SLDG%,2.7e-02,1,2,2.0e-06,1.0e+00,7.0e-02,1.0e+00,1.0e-03,2.9e-02,global-SLDG%,CASSLDGRPFF,TRBV12-4,TRBJ2-2,NA,Donor1:healthy,1.000000,-,-,-,-,-,-,-,-,-,-,-
527,SLDG%,2.7e-02,1,2,2.0e-06,1.0e+00,7.0e-02,1.0e+00,1.0e-03,2.9e-02,global-SLDG%,CASSLDGNPSF,TRBV7-9,TRBJ2-7,NA,Donor1:healthy,1.000000,-,-,-,-,-,-,-,-,-,-,-

528,%LATGE,2.7e-02,1,2,1.7e-06,1.0e+00,5.8e-02,1.0e+00,1.0e-03,2.9e-02,global-%LATGE,CASGLATGELFF,TRBV12-5,TRBJ2-2,NA,Donor1:healthy,1.000000,-,-,-,-,-,-,-,-,-,-,-
528,%LATGE,2.7e-02,1,2,1.7e-06,1.0e+00,5.8e-02,1.0e+00,1.0e-03,2.9e-02,global-%LATGE,CASSLATGELFF,TRBV5-4,TRBJ2-2,NA,Donor1:healthy,1.000000,-,-,-,-,-,-,-,-,-,-,-

529,%PGGET,2.7e-02,1,2,2.2e-06,1.0e+00,7.7e-02,1.0e+00,1.0e-03,2.9e-02,global-%PGGET,CASSPGGETQYF,TRBV6-5,TRBJ2-5,NA,Donor1:healthy,1.000000,-,-,-,-,-,-,-,-,-,-,-
529,%PGGET,2.7e-02,1,2,2.2e-06,1.0e+00,7.7e-02,1.0e+00,1.0e-03,2.9e-02,global-%PGGET,CSVTPGGETQYF,TRBV29-1,TRBJ2-5,NA,Donor1:healthy,1.000000,-,-,-,-,-,-,-,-,-,-,-

530,%VGGYE,2.7e-02,1,2,1.6e-06,1.0e+00,5.5e-02,1.0e+00,1.0e-03,2.9e-02,global-%VGGYE,CAWSVGGYEQYF,TRBV30,TRBJ2-7,NA,Donor1:healthy,1.000000,-,-,-,-,-,-,-,-,-,-,-
530,%VGGYE,2.7e-02,1,2,1.6e-06,1.0e+00,5.5e-02,1.0e+00,1.0e-03,2.9e-02,global-%VGGYE,CASTVGGYEQYF,TRBV6-6,TRBJ2-7,NA,Donor1:healthy,1.000000,-,-,-,-,-,-,-,-,-,-,-

531,S%GVDT,2.7e-02,1,2,1.7e-06,1.0e+00,5.8e-02,1.0e+00,1.0e-03,2.9e-02,global-S%GVDT,CATSRGVDTQYF,TRBV24-1,TRBJ2-3,NA,Donor1:healthy,1.000000,-,-,-,-,-,-,-,-,-,-,-
531,S%GVDT,2.7e-02,1,2,1.7e-06,1.0e+00,5.8e-02,1.0e+00,1.0e-03,2.9e-02,global-S%GVDT,CASSQGVDTQYF,TRBV7-9,TRBJ2-3,NA,Donor1:healthy,1.000000,-,-,-,-,-,-,-,-,-,-,-

532,S%DPGE,2.7e-02,1,2,1.7e-06,1.0e+00,6.0e-02,1.0e+00,1.0e-03,2.9e-02,global-S%DPGE,CASSLDPGEQYF,TRBV5-6,TRBJ2-7,NA,Donor1:healthy,1.000000,-,-,-,-,-,-,-,-,-,-,-
532,S%DPGE,2.7e-02,1,2,1.7e-06,1.0e+00,6.0e-02,1.0e+00,1.0e-03,2.9e-02,global-S%DPGE,CASSVDPGELFF,TRBV9,TRBJ2-2,NA,Donor1:healthy,1.000000,-,-,-,-,-,-,-,-,-,-,-

533,S%GFYG,2.7e-02,1,2,2.1e-06,1.0e+00,7.3e-02,1.0e+00,1.0e-03,2.9e-02,global-S%GFYG,CASSSGFYGYTF,TRBV6-3,TRBJ1-2,NA,Donor1:healthy,1.000000,-,-,-,-,-,-,-,-,-,-,-
533,S%GFYG,2.7e-02,1,2,2.1e-06,1.0e+00,7.3e-02,1.0e+00,1.0e-03,2.9e-02,global-S%GFYG,CASSQGFYGYTF,TRBV19,TRBJ1-2,NA,Donor1:healthy,1.000000,-,-,-,-,-,-,-,-,-,-,-

534,SST%ET,2.7e-02,1,2,2.9e-08,1.0e+00,1.0e-03,1.0e+00,1.0e-03,2.9e-02,global-SST%ET,CASSSTQETQYF,TRBV7-9,TRBJ2-5,NA,Donor1:healthy,1.000000,-,-,-,-,-,-,-,-,-,-,-
534,SST%ET,2.7e-02,1,2,2.9e-08,1.0e+00,1.0e-03,1.0e+00,1.0e-03,2.9e-02,global-SST%ET,CASSSTEETQYF,TRBV7-9,TRBJ2-5,NA,Donor1:healthy,1.000000,-,-,-,-,-,-,-,-,-,-,-

535,SQG%SP,2.7e-02,1,2,2.2e-06,1.0e+00,7.6e-02,1.0e+00,1.0e-03,2.9e-02,global-SQG%SP,CASSQGGSPLHF,TRBV4-2,TRBJ1-6,NA,Donor1:healthy,1.000000,-,-,-,-,-,-,-,-,-,-,-
535,SQG%SP,2.7e-02,1,2,2.2e-06,1.0e+00,7.6e-02,1.0e+00,1.0e-03,2.9e-02,global-SQG%SP,CASSQGSSPLHF,TRBV4-3,TRBJ1-6,NA,Donor1:healthy,1.000000,-,-,-,-,-,-,-,-,-,-,-

536,SFGN%E,2.7e-02,1,2,1.7e-07,1.0e+00,6.0e-03,1.0e+00,1.0e-03,2.9e-02,global-SFGN%E,CASSFGNTEAFF,TRBV27,TRBJ1-1,NA,Donor1:healthy,1.000000,-,-,-,-,-,-,-,-,-,-,-
536,SFGN%E,2.7e-02,1,2,1.7e-07,1.0e+00,6.0e-03,1.0e+00,1.0e-03,2.9e-02,global-SFGN%E,CASSFGNTEAFF,TRBV7-9,TRBJ1-1,NA,Donor1:healthy,1.000000,-,-,-,-,-,-,-,-,-,-,-
536,SFGN%E,2.7e-02,1,2,1.7e-07,1.0e+00,6.0e-03,1.0e+00,1.0e-03,2.9e-02,global-SFGN%E,CASSFGNNEQFF,TRBV7-9,TRBJ2-1,NA,Donor1:healthy,1.000000,-,-,-,-,-,-,-,-,-,-,-

537,SPSG%T,2.7e-02,1,2,2.0e-06,1.0e+00,7.0e-02,1.0e+00,1.0e-03,2.9e-02,global-SPSG%T,CASSPSGDTQYF,TRBV27,TRBJ2-3,NA,Donor1:healthy,1.000000,-,-,-,-,-,-,-,-,-,-,-
537,SPSG%T,2.7e-02,1,2,2.0e-06,1.0e+00,7.0e-02,1.0e+00,1.0e-03,2.9e-02,global-SPSG%T,CASSPSGETQYF,TRBV5-6,TRBJ2-5,NA,Donor1:healthy,1.000000,-,-,-,-,-,-,-,-,-,-,-

538,SQGS%G,2.7e-02,1,2,1.2e-09,1.0e+00,1.0e-03,4.2e-02,1.0e-03,2.9e-02,global-SQGS%G,CASSQGSYGYTF,TRBV19,TRBJ1-2,NA,Donor1:healthy,3.000000,-,-,-,-,-,-,-,-,-,-,-
538,SQGS%G,2.7e-02,1,2,1.2e-09,1.0e+00,1.0e-03,4.2e-02,1.0e-03,2.9e-02,global-SQGS%G,CASSQGSWGYTF,TRBV19,TRBJ1-2,NA,Donor1:healthy,3.000000,-,-,-,-,-,-,-,-,-,-,-

539,%PGGQET,2.7e-02,1,2,2.1e-06,1.0e+00,7.2e-02,1.0e+00,1.0e-03,2.9e-02,global-%PGGQET,CASGPGGQETQYF,TRBV27,TRBJ2-5,NA,Donor1:healthy,1.000000,-,-,-,-,-,-,-,-,-,-,-
539,%PGGQET,2.7e-02,1,2,2.1e-06,1.0e+00,7.2e-02,1.0e+00,1.0e-03,2.9e-02,global-%PGGQET,CASSPGGQETQYF,TRBV6-3,TRBJ2-5,NA,Donor1:healthy,1.000000,-,-,-,-,-,-,-,-,-,-,-

540,%TLAKNI,2.7e-02,1,2,1.9e-06,1.0e+00,6.5e-02,1.0e+00,1.0e-03,2.9e-02,global-%TLAKNI,CATSTLAKNIQYF,TRBV28,TRBJ2-4,NA,Donor1:healthy,1.000000,-,-,-,-,-,-,-,-,-,-,-
540,%TLAKNI,2.7e-02,1,2,1.9e-06,1.0e+00,6.5e-02,1.0e+00,1.0e-03,2.9e-02,global-%TLAKNI,CSVQTLAKNIQYF,TRBV29-1,TRBJ2-4,NA,Donor1:healthy,1.000000,-,-,-,-,-,-,-,-,-,-,-

541,%LGLYNE,2.7e-02,1,2,2.2e-06,1.0e+00,7.5e-02,1.0e+00,1.0e-03,2.9e-02,global-%LGLYNE,CASSLGLYNEQFF,TRBV5-1,TRBJ2-1,NA,Donor1:healthy,1.000000,-,-,-,-,-,-,-,-,-,-,-
541,%LGLYNE,2.7e-02,1,2,2.2e-06,1.0e+00,7.5e-02,1.0e+00,1.0e-03,2.9e-02,global-%LGLYNE,CASALGLYNEQFF,TRBV4-3,TRBJ2-1,NA,Donor1:healthy,1.000000,-,-,-,-,-,-,-,-,-,-,-

542,S%VGNQP,2.7e-02,1,2,1.9e-06,1.0e+00,6.4e-02,1.0e+00,1.0e-03,2.9e-02,global-S%VGNQP,CASSLVGNQPQHF,TRBV7-9,TRBJ1-5,NA,Donor1:healthy,1.000000,-,-,-,-,-,-,-,-,-,-,-
542,S%VGNQP,2.7e-02,1,2,1.9e-06,1.0e+00,6.4e-02,1.0e+00,1.0e-03,2.9e-02,global-S%VGNQP,CSASFVGNQPQHF,TRBV20-1,TRBJ1-5,NA,Donor1:healthy,1.000000,-,-,-,-,-,-,-,-,-,-,-

543,S%AGGQP,2.7e-02,1,2,1.7e-06,1.0e+00,5.7e-02,1.0e+00,1.0e-03,2.9e-02,global-S%AGGQP,CASSRAGGQPQHF,TRBV2,TRBJ1-5,NA,Donor1:healthy,1.000000,-,-,-,-,-,-,-,-,-,-,-
543,S%AGGQP,2.7e-02,1,2,1.7e-06,1.0e+00,5.7e-02,1.0e+00,1.0e-03,2.9e-02,global-S%AGGQP,CASSQAGGQPQHF,TRBV14,TRBJ1-5,NA,Donor1:healthy,1.000000,-,-,-,-,-,-,-,-,-,-,-

544,S%GGADE,2.7e-02,1,2,1.9e-06,1.0e+00,6.4e-02,1.0e+00,1.0e-03,2.9e-02,global-S%GGADE,CASSFGGADEQYF,TRBV7-3,TRBJ2-7,NA,Donor1:healthy,1.000000,-,-,-,-,-,-,-,-,-,-,-
544,S%GGADE,2.7e-02,1,2,1.9e-06,1.0e+00,6.4e-02,1.0e+00,1.0e-03,2.9e-02,global-S%GGADE,CASSLGGADEQYF,TRBV5-1,TRBJ2-7,NA,Donor1:healthy,1.000000,-,-,-,-,-,-,-,-,-,-,-

545,SF%GGNE,2.7e-02,1,2,2.1e-06,1.0e+00,7.1e-02,1.0e+00,1.0e-03,2.9e-02,global-SF%GGNE,CASSFEGGNEQFF,TRBV5-4,TRBJ2-1,NA,Donor1:healthy,1.000000,-,-,-,-,-,-,-,-,-,-,-
545,SF%GGNE,2.7e-02,1,2,2.1e-06,1.0e+00,7.1e-02,1.0e+00,1.0e-03,2.9e-02,global-SF%GGNE,CASSFSGGNEQFF,TRBV19,TRBJ2-1,NA,Donor1:healthy,1.000000,-,-,-,-,-,-,-,-,-,-,-

546,SL%GGNT,2.7e-02,1,2,1.4e-07,1.0e+00,6.0e-02,8.3e-02,1.0e-03,2.9e-02,global-SL%GGNT,CASSLAGGNTIYF,TRBV7-8,TRBJ1-3,NA,Donor1:healthy,2.000000,-,-,-,-,-,-,-,-,-,-,-
546,SL%GGNT,2.7e-02,1,2,1.4e-07,1.0e+00,6.0e-02,8.3e-02,1.0e-03,2.9e-02,global-SL%GGNT,CASSLGGGNTIYF,TRBV27,TRBJ1-3,NA,Donor1:healthy,1.000000,-,-,-,-,-,-,-,-,-,-,-

547,SD%YNSP,2.7e-02,1,2,2.1e-06,1.0e+00,7.3e-02,1.0e+00,1.0e-03,2.9e-02,global-SD%YNSP,CASSDKYNSPLHF,TRBV6-4,TRBJ1-6,NA,Donor1:healthy,1.000000,-,-,-,-,-,-,-,-,-,-,-
547,SD%YNSP,2.7e-02,1,2,2.1e-06,1.0e+00,7.3e-02,1.0e+00,1.0e-03,2.9e-02,global-SD%YNSP,CSVSDSYNSPLHF,TRBV29-1,TRBJ1-6,NA,Donor1:healthy,1.000000,-,-,-,-,-,-,-,-,-,-,-

548,SL%RATE,2.7e-02,1,2,2.2e-06,1.0e+00,7.5e-02,1.0e+00,1.0e-03,2.9e-02,global-SL%RATE,CASSLSRATEAFF,TRBV5-1,TRBJ1-1,NA,Donor1:healthy,1.000000,-,-,-,-,-,-,-,-,-,-,-
548,SL%RATE,2.7e-02,1,2,2.2e-06,1.0e+00,7.5e-02,1.0e+00,1.0e-03,2.9e-02,global-SL%RATE,CASSLGRATEAFF,TRBV7-9,TRBJ1-1,NA,Donor1:healthy,1.000000,-,-,-,-,-,-,-,-,-,-,-

549,SV%GANV,2.7e-02,1,2,2.2e-06,1.0e+00,7.5e-02,1.0e+00,1.0e-03,2.9e-02,global-SV%GANV,CASSVGGANVLTF,TRBV9,TRBJ2-6,NA,Donor1:healthy,1.000000,-,-,-,-,-,-,-,-,-,-,-
549,SV%GANV,2.7e-02,1,2,2.2e-06,1.0e+00,7.5e-02,1.0e+00,1.0e-03,2.9e-02,global-SV%GANV,CASSVAGANVLTF,TRBV12-4,TRBJ2-6,NA,Donor1:healthy,1.000000,-,-,-,-,-,-,-,-,-,-,-

550,SLT%PYE,2.7e-02,1,2,1.8e-06,1.0e+00,6.1e-02,1.0e+00,1.0e-03,2.9e-02,global-SLT%PYE,CASSLTAPYEQYF,TRBV5-1,TRBJ2-7,NA,Donor1:healthy,1.000000,-,-,-,-,-,-,-,-,-,-,-
550,SLT%PYE,2.7e-02,1,2,1.8e-06,1.0e+00,6.1e-02,1.0e+00,1.0e-03,2.9e-02,global-SLT%PYE,CASSLTGPYEQYF,TRBV27,TRBJ2-7,NA,Donor1:healthy,1.000000,-,-,-,-,-,-,-,-,-,-,-

551,SIG%GYE,2.7e-02,1,2,2.4e-06,1.0e+00,8.1e-02,1.0e+00,1.0e-03,2.9e-02,global-SIG%GYE,CASSIGQGYEQYF,TRBV25-1,TRBJ2-7,NA,Donor1:healthy,1.000000,-,-,-,-,-,-,-,-,-,-,-
551,SIG%GYE,2.7e-02,1,2,2.4e-06,1.0e+00,8.1e-02,1.0e+00,1.0e-03,2.9e-02,global-SIG%GYE,CASSIGRGYEQYF,TRBV19,TRBJ2-7,NA,Donor1:healthy,1.000000,-,-,-,-,-,-,-,-,-,-,-

552,SLG%ADG,2.7e-02,1,2,2.2e-06,1.0e+00,7.6e-02,1.0e+00,1.0e-03,2.9e-02,global-SLG%ADG,CASSLGGADGYTF,TRBV5-1,TRBJ1-2,NA,Donor1:healthy,1.000000,-,-,-,-,-,-,-,-,-,-,-
552,SLG%ADG,2.7e-02,1,2,2.2e-06,1.0e+00,7.6e-02,1.0e+00,1.0e-03,2.9e-02,global-SLG%ADG,CASSLGSADGQYF,TRBV7-6,TRBJ2-7,NA,Donor1:healthy,1.000000,-,-,-,-,-,-,-,-,-,-,-

553,SST%PYE,2.7e-02,1,2,2.0e-06,1.0e+00,6.8e-02,1.0e+00,1.0e-03,2.9e-02,global-SST%PYE,CASSSTNPYEQYF,TRBV10-2,TRBJ2-7,NA,Donor1:healthy,1.000000,-,-,-,-,-,-,-,-,-,-,-
553,SST%PYE,2.7e-02,1,2,2.0e-06,1.0e+00,6.8e-02,1.0e+00,1.0e-03,2.9e-02,global-SST%PYE,CASSSTGPYEQYF,TRBV7-9,TRBJ2-7,NA,Donor1:healthy,1.000000,-,-,-,-,-,-,-,-,-,-,-

554,SLT%GTE,2.7e-02,1,2,1.7e-06,1.0e+00,5.8e-02,1.0e+00,1.0e-03,2.9e-02,global-SLT%GTE,CASSLTGGTEAFF,TRBV25-1,TRBJ1-1,NA,Donor1:healthy,1.000000,-,-,-,-,-,-,-,-,-,-,-
554,SLT%GTE,2.7e-02,1,2,1.7e-06,1.0e+00,5.8e-02,1.0e+00,1.0e-03,2.9e-02,global-SLT%GTE,CASSLTSGTEQFF,TRBV7-3,TRBJ2-1,NA,Donor1:healthy,1.000000,-,-,-,-,-,-,-,-,-,-,-

555,STS%NTE,2.7e-02,1,2,2.5e-06,1.0e+00,8.7e-02,1.0e+00,1.0e-03,2.9e-02,global-STS%NTE,CAISTSFNTEAFF,TRBV2,TRBJ1-1,NA,Donor1:healthy,1.000000,-,-,-,-,-,-,-,-,-,-,-
555,STS%NTE,2.7e-02,1,2,2.5e-06,1.0e+00,8.7e-02,1.0e+00,1.0e-03,2.9e-02,global-STS%NTE,CASSTSMNTEAFF,TRBV5-1,TRBJ1-1,NA,Donor1:healthy,1.000000,-,-,-,-,-,-,-,-,-,-,-

556,SSL%TDT,2.7e-02,1,2,1.8e-06,1.0e+00,6.2e-02,1.0e+00,1.0e-03,2.9e-02,global-SSL%TDT,CASSSLDTDTQYF,TRBV6-3,TRBJ2-3,NA,Donor1:healthy,1.000000,-,-,-,-,-,-,-,-,-,-,-
556,SSL%TDT,2.7e-02,1,2,1.8e-06,1.0e+00,6.2e-02,1.0e+00,1.0e-03,2.9e-02,global-SSL%TDT,CASSSLNTDTQYF,TRBV11-3,TRBJ2-3,NA,Donor1:healthy,1.000000,-,-,-,-,-,-,-,-,-,-,-

557,SFG%DYG,2.7e-02,1,2,2.9e-08,1.0e+00,1.0e-03,1.0e+00,1.0e-03,2.9e-02,global-SFG%DYG,CASSFGRDYGYTF,TRBV27,TRBJ1-2,NA,Donor1:healthy,1.000000,-,-,-,-,-,-,-,-,-,-,-
557,SFG%DYG,2.7e-02,1,2,2.9e-08,1.0e+00,1.0e-03,1.0e+00,1.0e-03,2.9e-02,global-SFG%DYG,CASSFGQDYGYTF,TRBV27,TRBJ1-2,NA,Donor1:healthy,1.000000,-,-,-,-,-,-,-,-,-,-,-

558,SDG%AYE,2.7e-02,1,2,2.0e-06,1.0e+00,6.9e-02,1.0e+00,1.0e-03,2.9e-02,global-SDG%AYE,CASSDGSAYEQYF,TRBV10-1,TRBJ2-7,NA,Donor1:healthy,1.000000,-,-,-,-,-,-,-,-,-,-,-
558,SDG%AYE,2.7e-02,1,2,2.0e-06,1.0e+00,6.9e-02,1.0e+00,1.0e-03,2.9e-02,global-SDG%AYE,CASSDGTAYEQYF,TRBV7-9,TRBJ2-7,NA,Donor1:healthy,1.000000,-,-,-,-,-,-,-,-,-,-,-

559,SDR%GTE,2.7e-02,1,2,1.4e-07,1.0e+00,5.6e-02,8.5e-02,1.0e-03,2.9e-02,global-SDR%GTE,CASSDRSGTEQYF,TRBV19,TRBJ2-7,NA,Donor1:healthy,2.000000,-,-,-,-,-,-,-,-,-,-,-
559,SDR%GTE,2.7e-02,1,2,1.4e-07,1.0e+00,5.6e-02,8.5e-02,1.0e-03,2.9e-02,global-SDR%GTE,CATSDRGGTEAFF,TRBV6-5,TRBJ1-1,NA,Donor1:healthy,1.000000,-,-,-,-,-,-,-,-,-,-,-

560,SLVS%YE,2.7e-02,1,2,5.8e-06,1.0e+00,2.0e-01,1.0e+00,1.0e-03,2.9e-02,global-SLVS%YE,CASSLVSSYEQYF,TRBV27,TRBJ2-7,NA,Donor1:healthy,1.000000,-,-,-,-,-,-,-,-,-,-,-
560,SLVS%YE,2.7e-02,1,2,5.8e-06,1.0e+00,2.0e-01,1.0e+00,1.0e-03,2.9e-02,global-SLVS%YE,CASSLVSSYEQYF,TRBV7-9,TRBJ2-7,NA,Donor1:healthy,1.000000,-,-,-,-,-,-,-,-,-,-,-
560,SLVS%YE,2.7e-02,1,2,5.8e-06,1.0e+00,2.0e-01,1.0e+00,1.0e-03,2.9e-02,global-SLVS%YE,CASSLVSTYEQYF,TRBV12-4,TRBJ2-7,NA,Donor1:healthy,1.000000,-,-,-,-,-,-,-,-,-,-,-

561,SHGG%YE,2.7e-02,1,2,2.0e-06,1.0e+00,6.9e-02,1.0e+00,1.0e-03,2.9e-02,global-SHGG%YE,CASSHGGEYEQYF,TRBV3-1,TRBJ2-7,NA,Donor1:healthy,1.000000,-,-,-,-,-,-,-,-,-,-,-
561,SHGG%YE,2.7e-02,1,2,2.0e-06,1.0e+00,6.9e-02,1.0e+00,1.0e-03,2.9e-02,global-SHGG%YE,CASSHGGNYEQYF,TRBV5-4,TRBJ2-7,NA,Donor1:healthy,1.000000,-,-,-,-,-,-,-,-,-,-,-

562,SQDS%YE,2.7e-02,1,2,1.5e-07,1.0e+00,5.0e-03,1.0e+00,1.0e-03,2.9e-02,global-SQDS%YE,CASSQDSSYEQYF,TRBV4-3,TRBJ2-7,NA,Donor1:healthy,1.000000,-,-,-,-,-,-,-,-,-,-,-
562,SQDS%YE,2.7e-02,1,2,1.5e-07,1.0e+00,5.0e-03,1.0e+00,1.0e-03,2.9e-02,global-SQDS%YE,CASSQDSTYEQYF,TRBV4-3,TRBJ2-7,NA,Donor1:healthy,1.000000,-,-,-,-,-,-,-,-,-,-,-
562,SQDS%YE,2.7e-02,1,2,1.5e-07,1.0e+00,5.0e-03,1.0e+00,1.0e-03,2.9e-02,global-SQDS%YE,CASSQDSTYEQYF,TRBV7-9,TRBJ2-7,NA,Donor1:healthy,1.000000,-,-,-,-,-,-,-,-,-,-,-

563,SLET%YE,2.7e-02,1,2,2.0e-06,1.0e+00,6.9e-02,1.0e+00,1.0e-03,2.9e-02,global-SLET%YE,CASSLETGYEQYF,TRBV11-2,TRBJ2-7,NA,Donor1:healthy,1.000000,-,-,-,-,-,-,-,-,-,-,-
563,SLET%YE,2.7e-02,1,2,2.0e-06,1.0e+00,6.9e-02,1.0e+00,1.0e-03,2.9e-02,global-SLET%YE,CASSLETAYEQYF,TRBV5-1,TRBJ2-7,NA,Donor1:healthy,1.000000,-,-,-,-,-,-,-,-,-,-,-

564,SFQG%YE,2.7e-02,1,2,2.9e-08,1.0e+00,1.0e-03,1.0e+00,1.0e-03,2.9e-02,global-SFQG%YE,CASSFQGSYEQYF,TRBV27,TRBJ2-7,NA,Donor1:healthy,1.000000,-,-,-,-,-,-,-,-,-,-,-
564,SFQG%YE,2.7e-02,1,2,2.9e-08,1.0e+00,1.0e-03,1.0e+00,1.0e-03,2.9e-02,global-SFQG%YE,CASSFQGGYEQYF,TRBV27,TRBJ2-7,NA,Donor1:healthy,1.000000,-,-,-,-,-,-,-,-,-,-,-

565,SSGI%YE,2.7e-02,1,2,2.0e-06,1.0e+00,6.8e-02,1.0e+00,1.0e-03,2.9e-02,global-SSGI%YE,CASSSGISYEQYF,TRBV27,TRBJ2-7,NA,Donor1:healthy,1.000000,-,-,-,-,-,-,-,-,-,-,-
565,SSGI%YE,2.7e-02,1,2,2.0e-06,1.0e+00,6.8e-02,1.0e+00,1.0e-03,2.9e-02,global-SSGI%YE,CASSSGITYEQYF,TRBV7-9,TRBJ2-7,NA,Donor1:healthy,1.000000,-,-,-,-,-,-,-,-,-,-,-

566,SYSGN%E,2.7e-02,1,2,1.9e-06,1.0e+00,6.5e-02,1.0e+00,1.0e-03,2.9e-02,global-SYSGN%E,CASSYSGNNEQFF,TRBV6-3,TRBJ2-1,NA,Donor1:healthy,1.000000,-,-,-,-,-,-,-,-,-,-,-
566,SYSGN%E,2.7e-02,1,2,1.9e-06,1.0e+00,6.5e-02,1.0e+00,1.0e-03,2.9e-02,global-SYSGN%E,CASSYSGNTEAFF,TRBV6-5,TRBJ1-1,NA,Donor1:healthy,1.000000,-,-,-,-,-,-,-,-,-,-,-

567,SLPGD%E,2.7e-02,1,2,1.8e-06,1.0e+00,6.1e-02,1.0e+00,1.0e-03,2.9e-02,global-SLPGD%E,CASSLPGDSEAFF,TRBV5-4,TRBJ1-1,NA,Donor1:healthy,1.000000,-,-,-,-,-,-,-,-,-,-,-
567,SLPGD%E,2.7e-02,1,2,1.8e-06,1.0e+00,6.1e-02,1.0e+00,1.0e-03,2.9e-02,global-SLPGD%E,CASSLPGDTEAFF,TRBV5-6,TRBJ1-1,NA,Donor1:healthy,1.000000,-,-,-,-,-,-,-,-,-,-,-

568,S%GGAGET,2.7e-02,1,2,1.9e-08,1.0e+00,6.6e-02,1.0e-02,1.0e-03,2.9e-02,global-S%GGAGET,CASSFGGAGETQYF,TRBV7-3,TRBJ2-5,NA,Donor1:healthy,1.000000,-,-,-,-,-,-,-,-,-,-,-
568,S%GGAGET,2.7e-02,1,2,1.9e-08,1.0e+00,6.6e-02,1.0e-02,1.0e-03,2.9e-02,global-S%GGAGET,CASSLGGAGETQYF,TRBV7-2,TRBJ2-5,NA,Donor1:healthy,27.000000,-,-,-,-,-,-,-,-,-,-,-

569,S%SGTQET,2.7e-02,1,2,2.9e-08,1.0e+00,1.0e-03,1.0e+00,1.0e-03,2.9e-02,global-S%SGTQET,CASSGSGTQETQYF,TRBV9,TRBJ2-5,NA,Donor1:healthy,1.000000,-,-,-,-,-,-,-,-,-,-,-
569,S%SGTQET,2.7e-02,1,2,2.9e-08,1.0e+00,1.0e-03,1.0e+00,1.0e-03,2.9e-02,global-S%SGTQET,CASSASGTQETQYF,TRBV9,TRBJ2-5,NA,Donor1:healthy,1.000000,-,-,-,-,-,-,-,-,-,-,-

570,S%GGGSNE,2.7e-02,1,2,2.1e-06,1.0e+00,7.3e-02,1.0e+00,1.0e-03,2.9e-02,global-S%GGGSNE,CASSLGGGSNEQYF,TRBV5-5,TRBJ2-7,NA,Donor1:healthy,1.000000,-,-,-,-,-,-,-,-,-,-,-
570,S%GGGSNE,2.7e-02,1,2,2.1e-06,1.0e+00,7.3e-02,1.0e+00,1.0e-03,2.9e-02,global-S%GGGSNE,CASSVGGGSNEQFF,TRBV6-4,TRBJ2-1,NA,Donor1:healthy,1.000000,-,-,-,-,-,-,-,-,-,-,-

571,S%GQGPDT,2.7e-02,1,2,1.6e-06,1.0e+00,5.5e-02,1.0e+00,1.0e-03,2.9e-02,global-S%GQGPDT,CASSMGQGPDTQYF,TRBV27,TRBJ2-3,NA,Donor1:healthy,1.000000,-,-,-,-,-,-,-,-,-,-,-
571,S%GQGPDT,2.7e-02,1,2,1.6e-06,1.0e+00,5.5e-02,1.0e+00,1.0e-03,2.9e-02,global-S%GQGPDT,CASSLGQGPDTQYF,TRBV5-4,TRBJ2-3,NA,Donor1:healthy,1.000000,-,-,-,-,-,-,-,-,-,-,-

572,S%GASGYE,2.7e-02,1,2,2.0e-06,1.0e+00,6.8e-02,1.0e+00,1.0e-03,2.9e-02,global-S%GASGYE,CASSLGASGYEQYF,TRBV11-2,TRBJ2-7,NA,Donor1:healthy,1.000000,-,-,-,-,-,-,-,-,-,-,-
572,S%GASGYE,2.7e-02,1,2,2.0e-06,1.0e+00,6.8e-02,1.0e+00,1.0e-03,2.9e-02,global-S%GASGYE,CAGSVGASGYEQYF,TRBV2,TRBJ2-7,NA,Donor1:healthy,1.000000,-,-,-,-,-,-,-,-,-,-,-

573,S%GGYSYE,2.7e-02,1,2,1.8e-06,1.0e+00,6.1e-02,1.0e+00,1.0e-03,2.9e-02,global-S%GGYSYE,CASSLGGYSYEQYF,TRBV7-2,TRBJ2-7,NA,Donor1:healthy,1.000000,-,-,-,-,-,-,-,-,-,-,-
573,S%GGYSYE,2.7e-02,1,2,1.8e-06,1.0e+00,6.1e-02,1.0e+00,1.0e-03,2.9e-02,global-S%GGYSYE,CASSVGGYSYEQYF,TRBV9,TRBJ2-7,NA,Donor1:healthy,1.000000,-,-,-,-,-,-,-,-,-,-,-

574,S%GGPQET,2.7e-02,1,2,1.7e-09,1.0e+00,1.0e-03,5.8e-02,1.0e-03,2.9e-02,global-S%GGPQET,CASSFGGPQETQYF,TRBV7-2,TRBJ2-5,NA,Donor1:healthy,3.000000,-,-,-,-,-,-,-,-,-,-,-
574,S%GGPQET,2.7e-02,1,2,1.7e-09,1.0e+00,1.0e-03,5.8e-02,1.0e-03,2.9e-02,global-S%GGPQET,CASSYGGPQETQYF,TRBV7-2,TRBJ2-5,NA,Donor1:healthy,1.000000,-,-,-,-,-,-,-,-,-,-,-

575,SL%GSGYE,2.7e-02,1,2,1.9e-06,1.0e+00,6.6e-02,1.0e+00,1.0e-03,2.9e-02,global-SL%GSGYE,CASSLGGSGYEQYF,TRBV7-6,TRBJ2-7,NA,Donor1:healthy,1.000000,-,-,-,-,-,-,-,-,-,-,-
575,SL%GSGYE,2.7e-02,1,2,1.9e-06,1.0e+00,6.6e-02,1.0e+00,1.0e-03,2.9e-02,global-SL%GSGYE,CASSLSGSGYEQYF,TRBV27,TRBJ2-7,NA,Donor1:healthy,1.000000,-,-,-,-,-,-,-,-,-,-,-

576,SL%DSQET,2.7e-02,1,2,2.5e-06,1.0e+00,8.7e-02,1.0e+00,1.0e-03,2.9e-02,global-SL%DSQET,CASSLWDSQETQYF,TRBV5-5,TRBJ2-5,NA,Donor1:healthy,1.000000,-,-,-,-,-,-,-,-,-,-,-
576,SL%DSQET,2.7e-02,1,2,2.5e-06,1.0e+00,8.7e-02,1.0e+00,1.0e-03,2.9e-02,global-SL%DSQET,CASSLFDSQETQYF,TRBV7-2,TRBJ2-5,NA,Donor1:healthy,1.000000,-,-,-,-,-,-,-,-,-,-,-

577,SP%GTNEK,2.7e-02,1,2,2.0e-06,1.0e+00,6.7e-02,1.0e+00,1.0e-03,2.9e-02,global-SP%GTNEK,CASSPQGTNEKLFF,TRBV5-6,TRBJ1-4,NA,Donor1:healthy,1.000000,-,-,-,-,-,-,-,-,-,-,-
577,SP%GTNEK,2.7e-02,1,2,2.0e-06,1.0e+00,6.7e-02,1.0e+00,1.0e-03,2.9e-02,global-SP%GTNEK,CASSPEGTNEKLFF,TRBV18,TRBJ1-4,NA,Donor1:healthy,1.000000,-,-,-,-,-,-,-,-,-,-,-

578,SQ%GGAYE,2.7e-02,1,2,2.9e-08,1.0e+00,1.0e-03,1.0e+00,1.0e-03,2.9e-02,global-SQ%GGAYE,CASSQMGGAYEQYF,TRBV3-1,TRBJ2-7,NA,Donor1:healthy,1.000000,-,-,-,-,-,-,-,-,-,-,-
578,SQ%GGAYE,2.7e-02,1,2,2.9e-08,1.0e+00,1.0e-03,1.0e+00,1.0e-03,2.9e-02,global-SQ%GGAYE,CASSQLGGAYEQYF,TRBV3-1,TRBJ2-7,NA,Donor1:healthy,1.000000,-,-,-,-,-,-,-,-,-,-,-

579,SPG%GNSP,2.7e-02,1,2,5.9e-06,1.0e+00,2.0e-01,1.0e+00,1.0e-03,2.9e-02,global-SPG%GNSP,CASSPGRGNSPLHF,TRBV7-3,TRBJ1-6,NA,Donor1:healthy,1.000000,-,-,-,-,-,-,-,-,-,-,-
579,SPG%GNSP,2.7e-02,1,2,5.9e-06,1.0e+00,2.0e-01,1.0e+00,1.0e-03,2.9e-02,global-SPG%GNSP,CASSPGQGNSPLHF,TRBV5-6,TRBJ1-6,NA,Donor1:healthy,1.000000,-,-,-,-,-,-,-,-,-,-,-
579,SPG%GNSP,2.7e-02,1,2,5.9e-06,1.0e+00,2.0e-01,1.0e+00,1.0e-03,2.9e-02,global-SPG%GNSP,CASSPGQGNSPLHF,TRBV7-9,TRBJ1-6,NA,Donor1:healthy,1.000000,-,-,-,-,-,-,-,-,-,-,-

580,SFL%GYNE,2.7e-02,1,2,2.2e-06,1.0e+00,7.4e-02,1.0e+00,1.0e-03,2.9e-02,global-SFL%GYNE,CASSFLSGYNEQYF,TRBV27,TRBJ2-7,NA,Donor1:healthy,1.000000,-,-,-,-,-,-,-,-,-,-,-
580,SFL%GYNE,2.7e-02,1,2,2.2e-06,1.0e+00,7.4e-02,1.0e+00,1.0e-03,2.9e-02,global-SFL%GYNE,CASSFLEGYNEQFF,TRBV6-3,TRBJ2-1,NA,Donor1:healthy,1.000000,-,-,-,-,-,-,-,-,-,-,-

581,SLLA%TGE,2.7e-02,1,2,2.9e-08,1.0e+00,1.0e-03,1.0e+00,1.0e-03,2.9e-02,global-SLLA%TGE,CASSLLAETGELFF,TRBV28,TRBJ2-2,NA,Donor1:healthy,1.000000,-,-,-,-,-,-,-,-,-,-,-
581,SLLA%TGE,2.7e-02,1,2,2.9e-08,1.0e+00,1.0e-03,1.0e+00,1.0e-03,2.9e-02,global-SLLA%TGE,CASSLLAHTGELFF,TRBV28,TRBJ2-2,NA,Donor1:healthy,1.000000,-,-,-,-,-,-,-,-,-,-,-

582,SRTG%DYG,2.7e-02,1,2,1.6e-06,1.0e+00,5.4e-02,1.0e+00,1.0e-03,2.9e-02,global-SRTG%DYG,CATSRTGGDYGYTF,TRBV15,TRBJ1-2,NA,Donor1:healthy,1.000000,-,-,-,-,-,-,-,-,-,-,-
582,SRTG%DYG,2.7e-02,1,2,1.6e-06,1.0e+00,5.4e-02,1.0e+00,1.0e-03,2.9e-02,global-SRTG%DYG,CASSRTGSDYGYTF,TRBV19,TRBJ1-2,NA,Donor1:healthy,1.000000,-,-,-,-,-,-,-,-,-,-,-

583,SLER%TDT,2.7e-02,1,2,1.7e-07,1.0e+00,7.1e-02,8.4e-02,1.0e-03,2.9e-02,global-SLER%TDT,CASSLERGTDTQYF,TRBV5-1,TRBJ2-3,NA,Donor1:healthy,2.000000,-,-,-,-,-,-,-,-,-,-,-
583,SLER%TDT,2.7e-02,1,2,1.7e-07,1.0e+00,7.1e-02,8.4e-02,1.0e-03,2.9e-02,global-SLER%TDT,CASSLERATDTQYF,TRBV4-1,TRBJ2-3,NA,Donor1:healthy,1.000000,-,-,-,-,-,-,-,-,-,-,-

584,SLGT%NYE,2.7e-02,1,2,2.2e-06,1.0e+00,7.6e-02,1.0e+00,1.0e-03,2.9e-02,global-SLGT%NYE,CASSLGTSNYEQYF,TRBV4-3,TRBJ2-7,NA,Donor1:healthy,1.000000,-,-,-,-,-,-,-,-,-,-,-
584,SLGT%NYE,2.7e-02,1,2,2.2e-06,1.0e+00,7.6e-02,1.0e+00,1.0e-03,2.9e-02,global-SLGT%NYE,CASSLGTGNYEQYF,TRBV7-9,TRBJ2-7,NA,Donor1:healthy,1.000000,-,-,-,-,-,-,-,-,-,-,-

585,SLTG%NEK,2.7e-02,1,2,1.7e-06,1.0e+00,5.9e-02,1.0e+00,1.0e-03,2.9e-02,global-SLTG%NEK,CASSLTGANEKLFF,TRBV27,TRBJ1-4,NA,Donor1:healthy,1.000000,-,-,-,-,-,-,-,-,-,-,-
585,SLTG%NEK,2.7e-02,1,2,1.7e-06,1.0e+00,5.9e-02,1.0e+00,1.0e-03,2.9e-02,global-SLTG%NEK,CASSLTGTNEKLFF,TRBV6-6,TRBJ1-4,NA,Donor1:healthy,1.000000,-,-,-,-,-,-,-,-,-,-,-

586,SLTG%AYE,2.7e-02,1,2,1.7e-06,1.0e+00,5.7e-02,1.0e+00,1.0e-03,2.9e-02,global-SLTG%AYE,CASSLTGVAYEQYF,TRBV18,TRBJ2-7,NA,Donor1:healthy,1.000000,-,-,-,-,-,-,-,-,-,-,-
586,SLTG%AYE,2.7e-02,1,2,1.7e-06,1.0e+00,5.7e-02,1.0e+00,1.0e-03,2.9e-02,global-SLTG%AYE,CASSLTGTAYEQYF,TRBV7-3,TRBJ2-7,NA,Donor1:healthy,1.000000,-,-,-,-,-,-,-,-,-,-,-

587,SPGT%TGE,2.7e-02,1,2,2.2e-06,1.0e+00,7.4e-02,1.0e+00,1.0e-03,2.9e-02,global-SPGT%TGE,CASSPGTSTGELFF,TRBV7-6,TRBJ2-2,NA,Donor1:healthy,1.000000,-,-,-,-,-,-,-,-,-,-,-
587,SPGT%TGE,2.7e-02,1,2,2.2e-06,1.0e+00,7.4e-02,1.0e+00,1.0e-03,2.9e-02,global-SPGT%TGE,CASSPGTDTGELFF,TRBV9,TRBJ2-2,NA,Donor1:healthy,1.000000,-,-,-,-,-,-,-,-,-,-,-

588,SFGG%TGE,2.7e-02,1,2,2.2e-06,1.0e+00,7.6e-02,1.0e+00,1.0e-03,2.9e-02,global-SFGG%TGE,CASSFGGGTGELFF,TRBV27,TRBJ2-2,NA,Donor1:healthy,1.000000,-,-,-,-,-,-,-,-,-,-,-
588,SFGG%TGE,2.7e-02,1,2,2.2e-06,1.0e+00,7.6e-02,1.0e+00,1.0e-03,2.9e-02,global-SFGG%TGE,CASSFGGATGELFF,TRBV7-9,TRBJ2-2,NA,Donor1:healthy,1.000000,-,-,-,-,-,-,-,-,-,-,-

589,SLAG%NYG,2.7e-02,1,2,2.2e-06,1.0e+00,7.5e-02,1.0e+00,1.0e-03,2.9e-02,global-SLAG%NYG,CASSLAGSNYGYTF,TRBV12-3,TRBJ1-2,NA,Donor1:healthy,1.000000,-,-,-,-,-,-,-,-,-,-,-
589,SLAG%NYG,2.7e-02,1,2,2.2e-06,1.0e+00,7.5e-02,1.0e+00,1.0e-03,2.9e-02,global-SLAG%NYG,CASSLAGTNYGYTF,TRBV5-4,TRBJ1-2,NA,Donor1:healthy,1.000000,-,-,-,-,-,-,-,-,-,-,-

590,SLGAS%YE,2.7e-02,1,2,2.0e-06,1.0e+00,6.9e-02,1.0e+00,1.0e-03,2.9e-02,global-SLGAS%YE,CASSLGASAYEQYF,TRBV9,TRBJ2-7,NA,Donor1:healthy,1.000000,-,-,-,-,-,-,-,-,-,-,-
590,SLGAS%YE,2.7e-02,1,2,2.0e-06,1.0e+00,6.9e-02,1.0e+00,1.0e-03,2.9e-02,global-SLGAS%YE,CASSLGASGYEQYF,TRBV11-2,TRBJ2-7,NA,Donor1:healthy,1.000000,-,-,-,-,-,-,-,-,-,-,-

591,S%RDRGLET,2.7e-02,1,2,1.7e-06,1.0e+00,5.9e-02,1.0e+00,1.0e-03,2.9e-02,global-S%RDRGLET,CASSIRDRGLETQYF,TRBV5-6,TRBJ2-5,NA,Donor1:healthy,1.000000,-,-,-,-,-,-,-,-,-,-,-
591,S%RDRGLET,2.7e-02,1,2,1.7e-06,1.0e+00,5.9e-02,1.0e+00,1.0e-03,2.9e-02,global-S%RDRGLET,CASSLRDRGLETQYF,TRBV13,TRBJ2-5,NA,Donor1:healthy,1.000000,-,-,-,-,-,-,-,-,-,-,-

592,SP%RGSSYE,2.7e-02,1,2,1.7e-06,1.0e+00,6.0e-02,1.0e+00,1.0e-03,2.9e-02,global-SP%RGSSYE,CASSPQRGSSYEQYF,TRBV4-3,TRBJ2-7,NA,Donor1:healthy,1.000000,-,-,-,-,-,-,-,-,-,-,-
592,SP%RGSSYE,2.7e-02,1,2,1.7e-06,1.0e+00,6.0e-02,1.0e+00,1.0e-03,2.9e-02,global-SP%RGSSYE,CASSPNRGSSYEQYF,TRBV5-4,TRBJ2-7,NA,Donor1:healthy,1.000000,-,-,-,-,-,-,-,-,-,-,-

593,SL%GSGYNE,2.7e-02,1,2,2.1e-06,1.0e+00,7.3e-02,1.0e+00,1.0e-03,2.9e-02,global-SL%GSGYNE,CASSLRGSGYNEQFF,TRBV7-8,TRBJ2-1,NA,Donor1:healthy,1.000000,-,-,-,-,-,-,-,-,-,-,-
593,SL%GSGYNE,2.7e-02,1,2,2.1e-06,1.0e+00,7.3e-02,1.0e+00,1.0e-03,2.9e-02,global-SL%GSGYNE,CASSLQGSGYNEQFF,TRBV14,TRBJ2-1,NA,Donor1:healthy,1.000000,-,-,-,-,-,-,-,-,-,-,-

594,SQV%GGAYE,2.7e-02,1,2,5.8e-10,1.0e+00,1.0e-03,2.0e-02,1.0e-03,2.9e-02,global-SQV%GGAYE,CASSQVSGGAYEQYF,TRBV4-1,TRBJ2-7,NA,Donor1:healthy,6.000000,-,-,-,-,-,-,-,-,-,-,-
594,SQV%GGAYE,2.7e-02,1,2,5.8e-10,1.0e+00,1.0e-03,2.0e-02,1.0e-03,2.9e-02,global-SQV%GGAYE,CASSQVTGGAYEQYF,TRBV4-1,TRBJ2-7,NA,Donor1:healthy,2.000000,-,-,-,-,-,-,-,-,-,-,-

595,SQD%GLNTE,2.7e-02,1,2,2.0e-06,1.0e+00,6.9e-02,1.0e+00,1.0e-03,2.9e-02,global-SQD%GLNTE,CASSQDKGLNTEAFF,TRBV4-3,TRBJ1-1,NA,Donor1:healthy,1.000000,-,-,-,-,-,-,-,-,-,-,-
595,SQD%GLNTE,2.7e-02,1,2,2.0e-06,1.0e+00,6.9e-02,1.0e+00,1.0e-03,2.9e-02,global-SQD%GLNTE,CASSQDSGLNTEAFF,TRBV14,TRBJ1-1,NA,Donor1:healthy,1.000000,-,-,-,-,-,-,-,-,-,-,-

596,SSSGS%YNE,2.7e-02,1,2,2.3e-06,1.0e+00,7.8e-02,1.0e+00,1.0e-03,2.9e-02,global-SSSGS%YNE,CASSSSGSTYNEQFF,TRBV6-6,TRBJ2-1,NA,Donor1:healthy,1.000000,-,-,-,-,-,-,-,-,-,-,-
596,SSSGS%YNE,2.7e-02,1,2,2.3e-06,1.0e+00,7.8e-02,1.0e+00,1.0e-03,2.9e-02,global-SSSGS%YNE,CASSSSGSSYNEQFF,TRBV13,TRBJ2-1,NA,Donor1:healthy,1.000000,-,-,-,-,-,-,-,-,-,-,-

597,SQGLA%SYE,2.7e-02,1,2,2.2e-06,1.0e+00,7.5e-02,1.0e+00,1.0e-03,2.9e-02,global-SQGLA%SYE,CASSQGLASSYEQYF,TRBV4-2,TRBJ2-7,NA,Donor1:healthy,1.000000,-,-,-,-,-,-,-,-,-,-,-
597,SQGLA%SYE,2.7e-02,1,2,2.2e-06,1.0e+00,7.5e-02,1.0e+00,1.0e-03,2.9e-02,global-SQGLA%SYE,CASSQGLAGSYEQYF,TRBV14,TRBJ2-7,NA,Donor1:healthy,1.000000,-,-,-,-,-,-,-,-,-,-,-

598,SLGQGAY%E,2.7e-02,1,2,1.9e-06,1.0e+00,6.5e-02,1.0e+00,1.0e-03,2.9e-02,global-SLGQGAY%E,CASSLGQGAYTEAFF,TRBV7-9,TRBJ1-1,NA,Donor1:healthy,1.000000,-,-,-,-,-,-,-,-,-,-,-
598,SLGQGAY%E,2.7e-02,1,2,1.9e-06,1.0e+00,6.5e-02,1.0e+00,1.0e-03,2.9e-02,global-SLGQGAY%E,CASSLGQGAYNEQFF,TRBV5-5,TRBJ2-1,NA,Donor1:healthy,1.000000,-,-,-,-,-,-,-,-,-,-,-

599,SQ%TE,2.9e-02,1,3,3.1e-07,1.0e+00,5.0e-01,1.0e-01,1.0e-03,6.2e-03,global-SQ%TE,CASSQSTEAFF,TRBV12-4,TRBJ1-1,NA,Donor1:healthy,1.000000,-,-,-,-,-,-,-,-,-,-,-
599,SQ%TE,2.9e-02,1,3,3.1e-07,1.0e+00,5.0e-01,1.0e-01,1.0e-03,6.2e-03,global-SQ%TE,CASSQSTEAFF,TRBV16,TRBJ1-1,NA,Donor1:healthy,4.000000,-,-,-,-,-,-,-,-,-,-,-
599,SQ%TE,2.9e-02,1,3,3.1e-07,1.0e+00,5.0e-01,1.0e-01,1.0e-03,6.2e-03,global-SQ%TE,CASSQKTEAFF,TRBV5-6,TRBJ1-1,NA,Donor1:healthy,1.000000,-,-,-,-,-,-,-,-,-,-,-
599,SQ%TE,2.9e-02,1,3,3.1e-07,1.0e+00,5.0e-01,1.0e-01,1.0e-03,6.2e-03,global-SQ%TE,CASSQGTEAFF,TRBV10-1,TRBJ1-1,NA,Donor1:healthy,1.000000,-,-,-,-,-,-,-,-,-,-,-
599,SQ%TE,2.9e-02,1,3,3.1e-07,1.0e+00,5.0e-01,1.0e-01,1.0e-03,6.2e-03,global-SQ%TE,CASSQGTEAFF,TRBV4-1,TRBJ1-1,NA,Donor1:healthy,1.000000,-,-,-,-,-,-,-,-,-,-,-

600,S%SMNTE,2.9e-02,1,3,1.2e-08,1.0e+00,2.0e-01,1.0e-02,1.0e-03,6.2e-03,global-S%SMNTE,CASSVSMNTEAFF,TRBV6-1,TRBJ1-1,NA,Donor1:healthy,25.000000,-,-,-,-,-,-,-,-,-,-,-
600,S%SMNTE,2.9e-02,1,3,1.2e-08,1.0e+00,2.0e-01,1.0e-02,1.0e-03,6.2e-03,global-S%SMNTE,CASSTSMNTEAFF,TRBV5-1,TRBJ1-1,NA,Donor1:healthy,1.000000,-,-,-,-,-,-,-,-,-,-,-
600,S%SMNTE,2.9e-02,1,3,1.2e-08,1.0e+00,2.0e-01,1.0e-02,1.0e-03,6.2e-03,global-S%SMNTE,CASSLSMNTEAFF,TRBV12-4,TRBJ1-1,NA,Donor1:healthy,1.000000,-,-,-,-,-,-,-,-,-,-,-

601,SL%ASYE,2.9e-02,1,3,2.1e-06,1.0e+00,3.4e-01,1.0e+00,1.0e-03,6.2e-03,global-SL%ASYE,CASSLAASYEQYF,TRBV12-3,TRBJ2-7,NA,Donor1:healthy,1.000000,-,-,-,-,-,-,-,-,-,-,-
601,SL%ASYE,2.9e-02,1,3,2.1e-06,1.0e+00,3.4e-01,1.0e+00,1.0e-03,6.2e-03,global-SL%ASYE,CASSLGASYEQYF,TRBV11-2,TRBJ2-7,NA,Donor1:healthy,1.000000,-,-,-,-,-,-,-,-,-,-,-
601,SL%ASYE,2.9e-02,1,3,2.1e-06,1.0e+00,3.4e-01,1.0e+00,1.0e-03,6.2e-03,global-SL%ASYE,CASSLGASYEQYF,TRBV27,TRBJ2-7,NA,Donor1:healthy,1.000000,-,-,-,-,-,-,-,-,-,-,-
601,SL%ASYE,2.9e-02,1,3,2.1e-06,1.0e+00,3.4e-01,1.0e+00,1.0e-03,6.2e-03,global-SL%ASYE,CASSLSASYEQYF,TRBV5-4,TRBJ2-7,NA,Donor1:healthy,1.000000,-,-,-,-,-,-,-,-,-,-,-

602,SVGGG%E,2.9e-02,1,3,1.3e-10,1.0e+00,1.0e-03,2.1e-02,1.0e-03,6.2e-03,global-SVGGG%E,CASSVGGGTEAFF,TRBV9,TRBJ1-1,NA,Donor1:healthy,10.000000,-,-,-,-,-,-,-,-,-,-,-
602,SVGGG%E,2.9e-02,1,3,1.3e-10,1.0e+00,1.0e-03,2.1e-02,1.0e-03,6.2e-03,global-SVGGG%E,CASSVGGGSEQFF,TRBV9,TRBJ2-1,NA,Donor1:healthy,1.000000,-,-,-,-,-,-,-,-,-,-,-
602,SVGGG%E,2.9e-02,1,3,1.3e-10,1.0e+00,1.0e-03,2.1e-02,1.0e-03,6.2e-03,global-SVGGG%E,CASSVGGGTEQFF,TRBV9,TRBJ2-1,NA,Donor1:healthy,1.000000,-,-,-,-,-,-,-,-,-,-,-

603,SSGTG%YE,2.9e-02,1,4,8.3e-07,1.0e+00,3.5e-01,1.0e+00,1.0e-03,2.3e-03,global-SSGTG%YE,CASSSGTGSYEQYF,TRBV5-6,TRBJ2-7,NA,Donor1:healthy,1.000000,-,-,-,-,-,-,-,-,-,-,-
603,SSGTG%YE,2.9e-02,1,4,8.3e-07,1.0e+00,3.5e-01,1.0e+00,1.0e-03,2.3e-03,global-SSGTG%YE,CASSSGTGAYEQYF,TRBV19,TRBJ2-7,NA,Donor1:healthy,1.000000,-,-,-,-,-,-,-,-,-,-,-
603,SSGTG%YE,2.9e-02,1,4,8.3e-07,1.0e+00,3.5e-01,1.0e+00,1.0e-03,2.3e-03,global-SSGTG%YE,CASSSGTGNYEQYF,TRBV4-3,TRBJ2-7,NA,Donor1:healthy,1.000000,-,-,-,-,-,-,-,-,-,-,-
603,SSGTG%YE,2.9e-02,1,4,8.3e-07,1.0e+00,3.5e-01,1.0e+00,1.0e-03,2.3e-03,global-SSGTG%YE,CASSSGTGTYEQYF,TRBV7-2,TRBJ2-7,NA,Donor1:healthy,1.000000,-,-,-,-,-,-,-,-,-,-,-

604,SP%YE,3.2e-02,1,4,1.8e-06,1.0e+00,7.8e-01,1.0e+00,1.0e-03,2.3e-03,global-SP%YE,CASSPSYEQYF,TRBV5-5,TRBJ2-7,NA,Donor1:healthy,1.000000,-,-,-,-,-,-,-,-,-,-,-
604,SP%YE,3.2e-02,1,4,1.8e-06,1.0e+00,7.8e-01,1.0e+00,1.0e-03,2.3e-03,global-SP%YE,CASSPNYEQYF,TRBV6-3,TRBJ2-7,NA,Donor1:healthy,1.000000,-,-,-,-,-,-,-,-,-,-,-
604,SP%YE,3.2e-02,1,4,1.8e-06,1.0e+00,7.8e-01,1.0e+00,1.0e-03,2.3e-03,global-SP%YE,CATSPGYEQFF,TRBV24-1,TRBJ2-1,NA,Donor1:healthy,1.000000,-,-,-,-,-,-,-,-,-,-,-
604,SP%YE,3.2e-02,1,4,1.8e-06,1.0e+00,7.8e-01,1.0e+00,1.0e-03,2.3e-03,global-SP%YE,CASSPGYEQYF,TRBV19,TRBJ2-7,NA,Donor1:healthy,1.000000,-,-,-,-,-,-,-,-,-,-,-
604,SP%YE,3.2e-02,1,4,1.8e-06,1.0e+00,7.8e-01,1.0e+00,1.0e-03,2.3e-03,global-SP%YE,CASSPGYEQYF,TRBV28,TRBJ2-7,NA,Donor1:healthy,1.000000,-,-,-,-,-,-,-,-,-,-,-
604,SP%YE,3.2e-02,1,4,1.8e-06,1.0e+00,7.8e-01,1.0e+00,1.0e-03,2.3e-03,global-SP%YE,CASSPGYEQYF,TRBV5-8,TRBJ2-7,NA,Donor1:healthy,1.000000,-,-,-,-,-,-,-,-,-,-,-
604,SP%YE,3.2e-02,1,4,1.8e-06,1.0e+00,7.8e-01,1.0e+00,1.0e-03,2.3e-03,global-SP%YE,CASSPGYEQYF,TRBV6-6,TRBJ2-7,NA,Donor1:healthy,1.000000,-,-,-,-,-,-,-,-,-,-,-

605,SL%TGE,3.2e-02,1,4,8.9e-08,1.0e+00,3.8e-02,1.0e+00,1.0e-03,2.3e-03,global-SL%TGE,CASSLATGELFF,TRBV5-4,TRBJ2-2,NA,Donor1:healthy,1.000000,-,-,-,-,-,-,-,-,-,-,-
605,SL%TGE,3.2e-02,1,4,8.9e-08,1.0e+00,3.8e-02,1.0e+00,1.0e-03,2.3e-03,global-SL%TGE,CASSLSTGELFF,TRBV7-9,TRBJ2-2,NA,Donor1:healthy,1.000000,-,-,-,-,-,-,-,-,-,-,-
605,SL%TGE,3.2e-02,1,4,8.9e-08,1.0e+00,3.8e-02,1.0e+00,1.0e-03,2.3e-03,global-SL%TGE,CASSLRTGELFF,TRBV5-4,TRBJ2-2,NA,Donor1:healthy,1.000000,-,-,-,-,-,-,-,-,-,-,-
605,SL%TGE,3.2e-02,1,4,8.9e-08,1.0e+00,3.8e-02,1.0e+00,1.0e-03,2.3e-03,global-SL%TGE,CASSLNTGELFF,TRBV7-2,TRBJ2-2,NA,Donor1:healthy,1.000000,-,-,-,-,-,-,-,-,-,-,-

606,S%SYE,3.3e-02,1,6,5.8e-07,1.0e+00,4.8e-01,1.0e+00,1.0e-03,1.2e-03,global-S%SYE,CASSESYEQYF,TRBV12-3,TRBJ2-7,NA,Donor1:healthy,1.000000,-,-,-,-,-,-,-,-,-,-,-
606,S%SYE,3.3e-02,1,6,5.8e-07,1.0e+00,4.8e-01,1.0e+00,1.0e-03,1.2e-03,global-S%SYE,CASSSSYEQFF,TRBV28,TRBJ2-1,NA,Donor1:healthy,1.000000,-,-,-,-,-,-,-,-,-,-,-
606,S%SYE,3.3e-02,1,6,5.8e-07,1.0e+00,4.8e-01,1.0e+00,1.0e-03,1.2e-03,global-S%SYE,CASSSSYEQYF,TRBV6-5,TRBJ2-7,NA,Donor1:healthy,1.000000,-,-,-,-,-,-,-,-,-,-,-
606,S%SYE,3.3e-02,1,6,5.8e-07,1.0e+00,4.8e-01,1.0e+00,1.0e-03,1.2e-03,global-S%SYE,CASSSSYEQYF,TRBV7-2,TRBJ2-7,NA,Donor1:healthy,1.000000,-,-,-,-,-,-,-,-,-,-,-
606,S%SYE,3.3e-02,1,6,5.8e-07,1.0e+00,4.8e-01,1.0e+00,1.0e-03,1.2e-03,global-S%SYE,CASSDSYEQYF,TRBV25-1,TRBJ2-7,NA,Donor1:healthy,1.000000,-,-,-,-,-,-,-,-,-,-,-
606,S%SYE,3.3e-02,1,6,5.8e-07,1.0e+00,4.8e-01,1.0e+00,1.0e-03,1.2e-03,global-S%SYE,CASSDSYEQYF,TRBV6-3,TRBJ2-7,NA,Donor1:healthy,1.000000,-,-,-,-,-,-,-,-,-,-,-
606,S%SYE,3.3e-02,1,6,5.8e-07,1.0e+00,4.8e-01,1.0e+00,1.0e-03,1.2e-03,global-S%SYE,CASSASYEQYF,TRBV7-2,TRBJ2-7,NA,Donor1:healthy,1.000000,-,-,-,-,-,-,-,-,-,-,-
606,S%SYE,3.3e-02,1,6,5.8e-07,1.0e+00,4.8e-01,1.0e+00,1.0e-03,1.2e-03,global-S%SYE,CALSASYEQYF,TRBV6-1,TRBJ2-7,NA,Donor1:healthy,1.000000,-,-,-,-,-,-,-,-,-,-,-

607,SSG%SYE,3.3e-02,1,5,7.2e-07,1.0e+00,5.0e-01,1.0e+00,1.0e-03,1.5e-03,global-SSG%SYE,CASSSGISYEQYF,TRBV27,TRBJ2-7,NA,Donor1:healthy,1.000000,-,-,-,-,-,-,-,-,-,-,-
607,SSG%SYE,3.3e-02,1,5,7.2e-07,1.0e+00,5.0e-01,1.0e+00,1.0e-03,1.5e-03,global-SSG%SYE,CATSSGFSYEQYF,TRBV15,TRBJ2-7,NA,Donor1:healthy,1.000000,-,-,-,-,-,-,-,-,-,-,-
607,SSG%SYE,3.3e-02,1,5,7.2e-07,1.0e+00,5.0e-01,1.0e+00,1.0e-03,1.5e-03,global-SSG%SYE,CSASSGVSYEQYF,TRBV20-1,TRBJ2-7,NA,Donor1:healthy,1.000000,-,-,-,-,-,-,-,-,-,-,-
607,SSG%SYE,3.3e-02,1,5,7.2e-07,1.0e+00,5.0e-01,1.0e+00,1.0e-03,1.5e-03,global-SSG%SYE,CAWSSGVSYEQYF,TRBV30,TRBJ2-7,NA,Donor1:healthy,1.000000,-,-,-,-,-,-,-,-,-,-,-
607,SSG%SYE,3.3e-02,1,5,7.2e-07,1.0e+00,5.0e-01,1.0e+00,1.0e-03,1.5e-03,global-SSG%SYE,CASSSGTSYEQYF,TRBV3-1,TRBJ2-7,NA,Donor1:healthy,1.000000,-,-,-,-,-,-,-,-,-,-,-

608,SLD%E,3.4e-02,1,3,1.0e-06,1.0e+00,1.6e-01,1.0e+00,1.0e-03,6.2e-03,global-SLD%E,CASSLDNEQFF,TRBV28,TRBJ2-1,NA,Donor1:healthy,1.000000,-,-,-,-,-,-,-,-,-,-,-
608,SLD%E,3.4e-02,1,3,1.0e-06,1.0e+00,1.6e-01,1.0e+00,1.0e-03,6.2e-03,global-SLD%E,CASSLDHEQFF,TRBV27,TRBJ2-1,NA,Donor1:healthy,1.000000,-,-,-,-,-,-,-,-,-,-,-
608,SLD%E,3.4e-02,1,3,1.0e-06,1.0e+00,1.6e-01,1.0e+00,1.0e-03,6.2e-03,global-SLD%E,CASSLDTEAFF,TRBV7-8,TRBJ1-1,NA,Donor1:healthy,1.000000,-,-,-,-,-,-,-,-,-,-,-

609,SP%GDT,3.4e-02,1,3,1.2e-06,1.0e+00,2.0e-01,1.0e+00,1.0e-03,6.2e-03,global-SP%GDT,CASSPNGDTQYF,TRBV4-1,TRBJ2-3,NA,Donor1:healthy,1.000000,-,-,-,-,-,-,-,-,-,-,-
609,SP%GDT,3.4e-02,1,3,1.2e-06,1.0e+00,2.0e-01,1.0e+00,1.0e-03,6.2e-03,global-SP%GDT,CASSPSGDTQYF,TRBV27,TRBJ2-3,NA,Donor1:healthy,1.000000,-,-,-,-,-,-,-,-,-,-,-
609,SP%GDT,3.4e-02,1,3,1.2e-06,1.0e+00,2.0e-01,1.0e+00,1.0e-03,6.2e-03,global-SP%GDT,CASSPTGDTQYF,TRBV7-3,TRBJ2-3,NA,Donor1:healthy,1.000000,-,-,-,-,-,-,-,-,-,-,-

610,SE%GNTE,3.4e-02,1,3,1.2e-06,1.0e+00,1.9e-01,1.0e+00,1.0e-03,6.2e-03,global-SE%GNTE,CASSEGGNTEAFF,TRBV7-9,TRBJ1-1,NA,Donor1:healthy,1.000000,-,-,-,-,-,-,-,-,-,-,-
610,SE%GNTE,3.4e-02,1,3,1.2e-06,1.0e+00,1.9e-01,1.0e+00,1.0e-03,6.2e-03,global-SE%GNTE,CATSEAGNTEAFF,TRBV24-1,TRBJ1-1,NA,Donor1:healthy,1.000000,-,-,-,-,-,-,-,-,-,-,-
610,SE%GNTE,3.4e-02,1,3,1.2e-06,1.0e+00,1.9e-01,1.0e+00,1.0e-03,6.2e-03,global-SE%GNTE,CASSEAGNTEAFF,TRBV6-1,TRBJ1-1,NA,Donor1:healthy,1.000000,-,-,-,-,-,-,-,-,-,-,-

611,SVGG%GE,3.4e-02,1,3,4.6e-10,1.0e+00,1.0e-03,7.4e-02,1.0e-03,6.2e-03,global-SVGG%GE,CASSVGGSGEQYF,TRBV9,TRBJ2-7,NA,Donor1:healthy,1.000000,-,-,-,-,-,-,-,-,-,-,-
611,SVGG%GE,3.4e-02,1,3,4.6e-10,1.0e+00,1.0e-03,7.4e-02,1.0e-03,6.2e-03,global-SVGG%GE,CASSVGGTGELFF,TRBV9,TRBJ2-2,NA,Donor1:healthy,3.000000,-,-,-,-,-,-,-,-,-,-,-
611,SVGG%GE,3.4e-02,1,3,4.6e-10,1.0e+00,1.0e-03,7.4e-02,1.0e-03,6.2e-03,global-SVGG%GE,CASSVGGSGELFF,TRBV9,TRBJ2-2,NA,Donor1:healthy,1.000000,-,-,-,-,-,-,-,-,-,-,-

612,SS%GSTDT,3.4e-02,1,3,1.2e-06,1.0e+00,2.0e-01,1.0e+00,1.0e-03,6.2e-03,global-SS%GSTDT,CASSSTGSTDTQYF,TRBV7-9,TRBJ2-3,NA,Donor1:healthy,1.000000,-,-,-,-,-,-,-,-,-,-,-
612,SS%GSTDT,3.4e-02,1,3,1.2e-06,1.0e+00,2.0e-01,1.0e+00,1.0e-03,6.2e-03,global-SS%GSTDT,CASSSSGSTDTQYF,TRBV3-1,TRBJ2-3,NA,Donor1:healthy,1.000000,-,-,-,-,-,-,-,-,-,-,-
612,SS%GSTDT,3.4e-02,1,3,1.2e-06,1.0e+00,2.0e-01,1.0e+00,1.0e-03,6.2e-03,global-SS%GSTDT,CASSSGGSTDTQYF,TRBV12-3,TRBJ2-3,NA,Donor1:healthy,1.000000,-,-,-,-,-,-,-,-,-,-,-

613,%VGET,3.5e-02,1,2,5.5e-06,1.0e+00,1.9e-01,1.0e+00,1.0e-03,2.9e-02,global-%VGET,CASAVGETQYF,TRBV25-1,TRBJ2-5,NA,Donor1:healthy,1.000000,-,-,-,-,-,-,-,-,-,-,-
613,%VGET,3.5e-02,1,2,5.5e-06,1.0e+00,1.9e-01,1.0e+00,1.0e-03,2.9e-02,global-%VGET,CASSVGETQYF,TRBV27,TRBJ2-5,NA,Donor1:healthy,1.000000,-,-,-,-,-,-,-,-,-,-,-
613,%VGET,3.5e-02,1,2,5.5e-06,1.0e+00,1.9e-01,1.0e+00,1.0e-03,2.9e-02,global-%VGET,CASSVGETQYF,TRBV9,TRBJ2-5,NA,Donor1:healthy,1.000000,-,-,-,-,-,-,-,-,-,-,-

614,GS%TE,3.5e-02,1,2,2.1e-06,1.0e+00,7.3e-02,1.0e+00,1.0e-03,2.9e-02,global-GS%TE,CASGSNTEAFF,TRBV5-6,TRBJ1-1,NA,Donor1:healthy,1.000000,-,-,-,-,-,-,-,-,-,-,-
614,GS%TE,3.5e-02,1,2,2.1e-06,1.0e+00,7.3e-02,1.0e+00,1.0e-03,2.9e-02,global-GS%TE,CASGSGTEAFF,TRBV9,TRBJ1-1,NA,Donor1:healthy,1.000000,-,-,-,-,-,-,-,-,-,-,-

615,RL%DT,3.5e-02,1,2,1.9e-06,1.0e+00,6.6e-02,1.0e+00,1.0e-03,2.9e-02,global-RL%DT,CSARLGDTQYF,TRBV20-1,TRBJ2-3,NA,Donor1:healthy,1.000000,-,-,-,-,-,-,-,-,-,-,-
615,RL%DT,3.5e-02,1,2,1.9e-06,1.0e+00,6.6e-02,1.0e+00,1.0e-03,2.9e-02,global-RL%DT,CASRLSDTQYF,TRBV7-9,TRBJ2-3,NA,Donor1:healthy,1.000000,-,-,-,-,-,-,-,-,-,-,-

616,GTS%E,3.5e-02,1,2,2.9e-08,1.0e+00,1.0e-03,1.0e+00,1.0e-03,2.9e-02,global-GTS%E,CSAGTSNEQFF,TRBV29-1,TRBJ2-1,NA,Donor1:healthy,1.000000,-,-,-,-,-,-,-,-,-,-,-
616,GTS%E,3.5e-02,1,2,2.9e-08,1.0e+00,1.0e-03,1.0e+00,1.0e-03,2.9e-02,global-GTS%E,CSVGTSTEAFF,TRBV29-1,TRBJ1-1,NA,Donor1:healthy,1.000000,-,-,-,-,-,-,-,-,-,-,-

617,VRG%E,3.5e-02,1,2,2.3e-06,1.0e+00,8.0e-02,1.0e+00,1.0e-03,2.9e-02,global-VRG%E,CASVRGAEQFF,TRBV27,TRBJ2-1,NA,Donor1:healthy,1.000000,-,-,-,-,-,-,-,-,-,-,-
617,VRG%E,3.5e-02,1,2,2.3e-06,1.0e+00,8.0e-02,1.0e+00,1.0e-03,2.9e-02,global-VRG%E,CSVVRGTEAFF,TRBV29-1,TRBJ1-1,NA,Donor1:healthy,1.000000,-,-,-,-,-,-,-,-,-,-,-

618,S%GGYE,3.5e-02,1,5,3.1e-07,1.0e+00,2.2e-01,1.0e+00,1.0e-03,1.5e-03,global-S%GGYE,CASSAGGYEQFF,TRBV7-3,TRBJ2-1,NA,Donor1:healthy,1.000000,-,-,-,-,-,-,-,-,-,-,-
618,S%GGYE,3.5e-02,1,5,3.1e-07,1.0e+00,2.2e-01,1.0e+00,1.0e-03,1.5e-03,global-S%GGYE,CASSLGGYEQYF,TRBV12-3,TRBJ2-7,NA,Donor1:healthy,1.000000,-,-,-,-,-,-,-,-,-,-,-
618,S%GGYE,3.5e-02,1,5,3.1e-07,1.0e+00,2.2e-01,1.0e+00,1.0e-03,1.5e-03,global-S%GGYE,CASSLGGYEQYF,TRBV27,TRBJ2-7,NA,Donor1:healthy,1.000000,-,-,-,-,-,-,-,-,-,-,-
618,S%GGYE,3.5e-02,1,5,3.1e-07,1.0e+00,2.2e-01,1.0e+00,1.0e-03,1.5e-03,global-S%GGYE,CASSFGGYEQYF,TRBV27,TRBJ2-7,NA,Donor1:healthy,1.000000,-,-,-,-,-,-,-,-,-,-,-
618,S%GGYE,3.5e-02,1,5,3.1e-07,1.0e+00,2.2e-01,1.0e+00,1.0e-03,1.5e-03,global-S%GGYE,CASSTGGYEQYF,TRBV19,TRBJ2-7,NA,Donor1:healthy,1.000000,-,-,-,-,-,-,-,-,-,-,-
618,S%GGYE,3.5e-02,1,5,3.1e-07,1.0e+00,2.2e-01,1.0e+00,1.0e-03,1.5e-03,global-S%GGYE,CAWSVGGYEQYF,TRBV30,TRBJ2-7,NA,Donor1:healthy,1.000000,-,-,-,-,-,-,-,-,-,-,-

619,SFG%YG,3.5e-02,1,2,2.1e-06,1.0e+00,7.2e-02,1.0e+00,1.0e-03,2.9e-02,global-SFG%YG,CASSFGAYGYTF,TRBV5-4,TRBJ1-2,NA,Donor1:healthy,1.000000,-,-,-,-,-,-,-,-,-,-,-
619,SFG%YG,3.5e-02,1,2,2.1e-06,1.0e+00,7.2e-02,1.0e+00,1.0e-03,2.9e-02,global-SFG%YG,CASSFGSYGYTF,TRBV19,TRBJ1-2,NA,Donor1:healthy,1.000000,-,-,-,-,-,-,-,-,-,-,-

620,SLG%TE,3.5e-02,1,5,8.9e-07,1.0e+00,6.1e-01,1.0e+00,1.0e-03,1.5e-03,global-SLG%TE,CASSLGNTEAFF,TRBV5-1,TRBJ1-1,NA,Donor1:healthy,1.000000,-,-,-,-,-,-,-,-,-,-,-
620,SLG%TE,3.5e-02,1,5,8.9e-07,1.0e+00,6.1e-01,1.0e+00,1.0e-03,1.5e-03,global-SLG%TE,CASSLGNTEAFF,TRBV5-6,TRBJ1-1,NA,Donor1:healthy,1.000000,-,-,-,-,-,-,-,-,-,-,-
620,SLG%TE,3.5e-02,1,5,8.9e-07,1.0e+00,6.1e-01,1.0e+00,1.0e-03,1.5e-03,global-SLG%TE,CASSLGNTEAFF,TRBV6-6,TRBJ1-1,NA,Donor1:healthy,1.000000,-,-,-,-,-,-,-,-,-,-,-
620,SLG%TE,3.5e-02,1,5,8.9e-07,1.0e+00,6.1e-01,1.0e+00,1.0e-03,1.5e-03,global-SLG%TE,CASSLGNTEAFF,TRBV7-2,TRBJ1-1,NA,Donor1:healthy,1.000000,-,-,-,-,-,-,-,-,-,-,-
620,SLG%TE,3.5e-02,1,5,8.9e-07,1.0e+00,6.1e-01,1.0e+00,1.0e-03,1.5e-03,global-SLG%TE,CASSLGNTEAFF,TRBV7-9,TRBJ1-1,NA,Donor1:healthy,1.000000,-,-,-,-,-,-,-,-,-,-,-
620,SLG%TE,3.5e-02,1,5,8.9e-07,1.0e+00,6.1e-01,1.0e+00,1.0e-03,1.5e-03,global-SLG%TE,CASSLGDTEAFF,TRBV11-2,TRBJ1-1,NA,Donor1:healthy,1.000000,-,-,-,-,-,-,-,-,-,-,-
620,SLG%TE,3.5e-02,1,5,8.9e-07,1.0e+00,6.1e-01,1.0e+00,1.0e-03,1.5e-03,global-SLG%TE,CASSLGDTEAFF,TRBV5-4,TRBJ1-1,NA,Donor1:healthy,1.000000,-,-,-,-,-,-,-,-,-,-,-
620,SLG%TE,3.5e-02,1,5,8.9e-07,1.0e+00,6.1e-01,1.0e+00,1.0e-03,1.5e-03,global-SLG%TE,CASSLGDTEAFF,TRBV7-8,TRBJ1-1,NA,Donor1:healthy,1.000000,-,-,-,-,-,-,-,-,-,-,-
620,SLG%TE,3.5e-02,1,5,8.9e-07,1.0e+00,6.1e-01,1.0e+00,1.0e-03,1.5e-03,global-SLG%TE,CASSLGQTEAFF,TRBV12-4,TRBJ1-1,NA,Donor1:healthy,1.000000,-,-,-,-,-,-,-,-,-,-,-
620,SLG%TE,3.5e-02,1,5,8.9e-07,1.0e+00,6.1e-01,1.0e+00,1.0e-03,1.5e-03,global-SLG%TE,CASSLGSTEAFF,TRBV5-6,TRBJ1-1,NA,Donor1:healthy,1.000000,-,-,-,-,-,-,-,-,-,-,-
620,SLG%TE,3.5e-02,1,5,8.9e-07,1.0e+00,6.1e-01,1.0e+00,1.0e-03,1.5e-03,global-SLG%TE,CASSLGTTEQFF,TRBV7-9,TRBJ2-1,NA,Donor1:healthy,1.000000,-,-,-,-,-,-,-,-,-,-,-

621,SSG%DG,3.5e-02,1,2,1.0e-05,1.0e+00,3.4e-01,1.0e+00,1.0e-03,2.9e-02,global-SSG%DG,CASSSGADGYTF,TRBV12-4,TRBJ1-2,NA,Donor1:healthy,1.000000,-,-,-,-,-,-,-,-,-,-,-
621,SSG%DG,3.5e-02,1,2,1.0e-05,1.0e+00,3.4e-01,1.0e+00,1.0e-03,2.9e-02,global-SSG%DG,CASSSGADGYTF,TRBV6-3,TRBJ1-2,NA,Donor1:healthy,1.000000,-,-,-,-,-,-,-,-,-,-,-
621,SSG%DG,3.5e-02,1,2,1.0e-05,1.0e+00,3.4e-01,1.0e+00,1.0e-03,2.9e-02,global-SSG%DG,CASSSGTDGYTF,TRBV27,TRBJ1-2,NA,Donor1:healthy,1.000000,-,-,-,-,-,-,-,-,-,-,-
621,SSG%DG,3.5e-02,1,2,1.0e-05,1.0e+00,3.4e-01,1.0e+00,1.0e-03,2.9e-02,global-SSG%DG,CASSSGTDGYTF,TRBV7-9,TRBJ1-2,NA,Donor1:healthy,1.000000,-,-,-,-,-,-,-,-,-,-,-

622,SGQ%NE,3.5e-02,1,2,2.0e-06,1.0e+00,6.9e-02,1.0e+00,1.0e-03,2.9e-02,global-SGQ%NE,CASSGQGNEQFF,TRBV27,TRBJ2-1,NA,Donor1:healthy,1.000000,-,-,-,-,-,-,-,-,-,-,-
622,SGQ%NE,3.5e-02,1,2,2.0e-06,1.0e+00,6.9e-02,1.0e+00,1.0e-03,2.9e-02,global-SGQ%NE,CASSGQNNEQFF,TRBV6-6,TRBJ2-1,NA,Donor1:healthy,1.000000,-,-,-,-,-,-,-,-,-,-,-

623,TGG%DT,3.5e-02,1,2,2.0e-06,1.0e+00,6.9e-02,1.0e+00,1.0e-03,2.9e-02,global-TGG%DT,CATTGGSDTQYF,TRBV19,TRBJ2-3,NA,Donor1:healthy,1.000000,-,-,-,-,-,-,-,-,-,-,-
623,TGG%DT,3.5e-02,1,2,2.0e-06,1.0e+00,6.9e-02,1.0e+00,1.0e-03,2.9e-02,global-TGG%DT,CASTGGTDTQYF,TRBV2,TRBJ2-3,NA,Donor1:healthy,1.000000,-,-,-,-,-,-,-,-,-,-,-

624,SVGY%E,3.5e-02,1,2,3.4e-06,1.0e+00,1.2e-01,1.0e+00,1.0e-03,2.9e-02,global-SVGY%E,CASSVGYNEQFF,TRBV7-9,TRBJ2-1,NA,Donor1:healthy,1.000000,-,-,-,-,-,-,-,-,-,-,-
624,SVGY%E,3.5e-02,1,2,3.4e-06,1.0e+00,1.2e-01,1.0e+00,1.0e-03,2.9e-02,global-SVGY%E,CASSVGYNEQFF,TRBV9,TRBJ2-1,NA,Donor1:healthy,1.000000,-,-,-,-,-,-,-,-,-,-,-
624,SVGY%E,3.5e-02,1,2,3.4e-06,1.0e+00,1.2e-01,1.0e+00,1.0e-03,2.9e-02,global-SVGY%E,CASSVGYGELFF,TRBV9,TRBJ2-2,NA,Donor1:healthy,1.000000,-,-,-,-,-,-,-,-,-,-,-

625,%GTSGYE,3.5e-02,1,2,1.9e-06,1.0e+00,6.5e-02,1.0e+00,1.0e-03,2.9e-02,global-%GTSGYE,CASEGTSGYEQYF,TRBV25-1,TRBJ2-7,NA,Donor1:healthy,1.000000,-,-,-,-,-,-,-,-,-,-,-
625,%GTSGYE,3.5e-02,1,2,1.9e-06,1.0e+00,6.5e-02,1.0e+00,1.0e-03,2.9e-02,global-%GTSGYE,CASKGTSGYEQYF,TRBV7-8,TRBJ2-7,NA,Donor1:healthy,1.000000,-,-,-,-,-,-,-,-,-,-,-

626,%PTGNYG,3.5e-02,1,2,1.8e-06,1.0e+00,6.3e-02,1.0e+00,1.0e-03,2.9e-02,global-%PTGNYG,CASNPTGNYGYTF,TRBV19,TRBJ1-2,NA,Donor1:healthy,1.000000,-,-,-,-,-,-,-,-,-,-,-
626,%PTGNYG,3.5e-02,1,2,1.8e-06,1.0e+00,6.3e-02,1.0e+00,1.0e-03,2.9e-02,global-%PTGNYG,CATQPTGNYGYTF,TRBV5-6,TRBJ1-2,NA,Donor1:healthy,1.000000,-,-,-,-,-,-,-,-,-,-,-

627,S%QGSTE,3.5e-02,1,2,2.1e-06,1.0e+00,7.3e-02,1.0e+00,1.0e-03,2.9e-02,global-S%QGSTE,CASSVQGSTEAFF,TRBV7-9,TRBJ1-1,NA,Donor1:healthy,1.000000,-,-,-,-,-,-,-,-,-,-,-
627,S%QGSTE,3.5e-02,1,2,2.1e-06,1.0e+00,7.3e-02,1.0e+00,1.0e-03,2.9e-02,global-S%QGSTE,CASSLQGSTEAFF,TRBV12-4,TRBJ1-1,NA,Donor1:healthy,1.000000,-,-,-,-,-,-,-,-,-,-,-

628,S%RASYE,3.5e-02,1,2,8.7e-11,1.0e+00,1.0e-03,3.0e-03,1.0e-03,2.9e-02,global-S%RASYE,CASSIRASYEQYF,TRBV19,TRBJ2-7,NA,Donor1:healthy,84.000000,-,-,-,-,-,-,-,-,-,-,-
628,S%RASYE,3.5e-02,1,2,8.7e-11,1.0e+00,1.0e-03,3.0e-03,1.0e-03,2.9e-02,global-S%RASYE,CASSMRASYEQYF,TRBV19,TRBJ2-7,NA,Donor1:healthy,3.000000,-,-,-,-,-,-,-,-,-,-,-

629,S%TDYNE,3.5e-02,1,2,2.1e-06,1.0e+00,7.2e-02,1.0e+00,1.0e-03,2.9e-02,global-S%TDYNE,CASSVTDYNEQFF,TRBV9,TRBJ2-1,NA,Donor1:healthy,1.000000,-,-,-,-,-,-,-,-,-,-,-
629,S%TDYNE,3.5e-02,1,2,2.1e-06,1.0e+00,7.2e-02,1.0e+00,1.0e-03,2.9e-02,global-S%TDYNE,CASSLTDYNEQFF,TRBV28,TRBJ2-1,NA,Donor1:healthy,1.000000,-,-,-,-,-,-,-,-,-,-,-

630,S%GGLYG,3.5e-02,1,2,2.3e-06,1.0e+00,7.9e-02,1.0e+00,1.0e-03,2.9e-02,global-S%GGLYG,CASSFGGLYGYTF,TRBV7-9,TRBJ1-2,NA,Donor1:healthy,1.000000,-,-,-,-,-,-,-,-,-,-,-
630,S%GGLYG,3.5e-02,1,2,2.3e-06,1.0e+00,7.9e-02,1.0e+00,1.0e-03,2.9e-02,global-S%GGLYG,CASSLGGLYGYTF,TRBV13,TRBJ1-2,NA,Donor1:healthy,1.000000,-,-,-,-,-,-,-,-,-,-,-

631,S%GTNQP,3.5e-02,1,2,1.9e-06,1.0e+00,6.6e-02,1.0e+00,1.0e-03,2.9e-02,global-S%GTNQP,CASSSGTNQPQHF,TRBV5-6,TRBJ1-5,NA,Donor1:healthy,1.000000,-,-,-,-,-,-,-,-,-,-,-
631,S%GTNQP,3.5e-02,1,2,1.9e-06,1.0e+00,6.6e-02,1.0e+00,1.0e-03,2.9e-02,global-S%GTNQP,CASSQGTNQPQHF,TRBV4-1,TRBJ1-5,NA,Donor1:healthy,1.000000,-,-,-,-,-,-,-,-,-,-,-

632,ST%SYNE,3.5e-02,1,2,2.0e-06,1.0e+00,7.0e-02,1.0e+00,1.0e-03,2.9e-02,global-ST%SYNE,CASSTESYNEQFF,TRBV19,TRBJ2-1,NA,Donor1:healthy,1.000000,-,-,-,-,-,-,-,-,-,-,-
632,ST%SYNE,3.5e-02,1,2,2.0e-06,1.0e+00,7.0e-02,1.0e+00,1.0e-03,2.9e-02,global-ST%SYNE,CASSTSSYNEQFF,TRBV27,TRBJ2-1,NA,Donor1:healthy,1.000000,-,-,-,-,-,-,-,-,-,-,-

633,SL%VQET,3.5e-02,1,2,1.5e-06,1.0e+00,5.2e-02,1.0e+00,1.0e-03,2.9e-02,global-SL%VQET,CASSLEVQETQYF,TRBV11-2,TRBJ2-5,NA,Donor1:healthy,1.000000,-,-,-,-,-,-,-,-,-,-,-
633,SL%VQET,3.5e-02,1,2,1.5e-06,1.0e+00,5.2e-02,1.0e+00,1.0e-03,2.9e-02,global-SL%VQET,CASSLDVQETQYF,TRBV7-9,TRBJ2-5,NA,Donor1:healthy,1.000000,-,-,-,-,-,-,-,-,-,-,-

634,SI%STGE,3.5e-02,1,2,2.9e-08,1.0e+00,1.0e-03,1.0e+00,1.0e-03,2.9e-02,global-SI%STGE,CASSILSTGELFF,TRBV19,TRBJ2-2,NA,Donor1:healthy,1.000000,-,-,-,-,-,-,-,-,-,-,-
634,SI%STGE,3.5e-02,1,2,2.9e-08,1.0e+00,1.0e-03,1.0e+00,1.0e-03,2.9e-02,global-SI%STGE,CASSIFSTGELFF,TRBV19,TRBJ2-2,NA,Donor1:healthy,1.000000,-,-,-,-,-,-,-,-,-,-,-

635,SL%RGDT,3.5e-02,1,2,2.0e-06,1.0e+00,6.9e-02,1.0e+00,1.0e-03,2.9e-02,global-SL%RGDT,CASSLHRGDTQYF,TRBV27,TRBJ2-3,NA,Donor1:healthy,1.000000,-,-,-,-,-,-,-,-,-,-,-
635,SL%RGDT,3.5e-02,1,2,2.0e-06,1.0e+00,6.9e-02,1.0e+00,1.0e-03,2.9e-02,global-SL%RGDT,CASSLNRGDTQYF,TRBV7-3,TRBJ2-3,NA,Donor1:healthy,1.000000,-,-,-,-,-,-,-,-,-,-,-

636,SL%LGNE,3.5e-02,1,2,1.3e-06,1.0e+00,4.6e-02,1.0e+00,1.0e-03,2.9e-02,global-SL%LGNE,CASSLVLGNEQFF,TRBV7-6,TRBJ2-1,NA,Donor1:healthy,1.000000,-,-,-,-,-,-,-,-,-,-,-
636,SL%LGNE,3.5e-02,1,2,1.3e-06,1.0e+00,4.6e-02,1.0e+00,1.0e-03,2.9e-02,global-SL%LGNE,CASSLILGNEQYF,TRBV5-4,TRBJ2-7,NA,Donor1:healthy,1.000000,-,-,-,-,-,-,-,-,-,-,-

637,SFA%SYE,3.5e-02,1,2,1.6e-07,1.0e+00,6.5e-02,8.5e-02,1.0e-03,2.9e-02,global-SFA%SYE,CASSFAGSYEQYF,TRBV27,TRBJ2-7,NA,Donor1:healthy,1.000000,-,-,-,-,-,-,-,-,-,-,-
637,SFA%SYE,3.5e-02,1,2,1.6e-07,1.0e+00,6.5e-02,8.5e-02,1.0e-03,2.9e-02,global-SFA%SYE,CASSFASSYEQYF,TRBV19,TRBJ2-7,NA,Donor1:healthy,2.000000,-,-,-,-,-,-,-,-,-,-,-

638,SLS%ADT,3.5e-02,1,2,2.0e-06,1.0e+00,6.8e-02,1.0e+00,1.0e-03,2.9e-02,global-SLS%ADT,CASSLSSADTQYF,TRBV7-9,TRBJ2-3,NA,Donor1:healthy,1.000000,-,-,-,-,-,-,-,-,-,-,-
638,SLS%ADT,3.5e-02,1,2,2.0e-06,1.0e+00,6.8e-02,1.0e+00,1.0e-03,2.9e-02,global-SLS%ADT,CASSLSGADTQYF,TRBV7-3,TRBJ2-3,NA,Donor1:healthy,1.000000,-,-,-,-,-,-,-,-,-,-,-

639,SWGQ%NE,3.5e-02,1,2,2.0e-06,1.0e+00,6.9e-02,1.0e+00,1.0e-03,2.9e-02,global-SWGQ%NE,CASSWGQGNEQFF,TRBV12-4,TRBJ2-1,NA,Donor1:healthy,1.000000,-,-,-,-,-,-,-,-,-,-,-
639,SWGQ%NE,3.5e-02,1,2,2.0e-06,1.0e+00,6.9e-02,1.0e+00,1.0e-03,2.9e-02,global-SWGQ%NE,CASSWGQNNEQFF,TRBV11-1,TRBJ2-1,NA,Donor1:healthy,1.000000,-,-,-,-,-,-,-,-,-,-,-

640,SFSG%ET,3.5e-02,1,2,1.8e-06,1.0e+00,6.1e-02,1.0e+00,1.0e-03,2.9e-02,global-SFSG%ET,CASSFSGVETQYF,TRBV7-7,TRBJ2-5,NA,Donor1:healthy,1.000000,-,-,-,-,-,-,-,-,-,-,-
640,SFSG%ET,3.5e-02,1,2,1.8e-06,1.0e+00,6.1e-02,1.0e+00,1.0e-03,2.9e-02,global-SFSG%ET,CASSFSGIETQYF,TRBV27,TRBJ2-5,NA,Donor1:healthy,1.000000,-,-,-,-,-,-,-,-,-,-,-

641,SPQG%QP,3.5e-02,1,2,2.1e-06,1.0e+00,7.2e-02,1.0e+00,1.0e-03,2.9e-02,global-SPQG%QP,CASSPQGFQPQHF,TRBV27,TRBJ1-5,NA,Donor1:healthy,1.000000,-,-,-,-,-,-,-,-,-,-,-
641,SPQG%QP,3.5e-02,1,2,2.1e-06,1.0e+00,7.2e-02,1.0e+00,1.0e-03,2.9e-02,global-SPQG%QP,CASSPQGIQPQHF,TRBV12-4,TRBJ1-5,NA,Donor1:healthy,1.000000,-,-,-,-,-,-,-,-,-,-,-

642,SLAPS%E,3.5e-02,1,2,2.0e-06,1.0e+00,6.7e-02,1.0e+00,1.0e-03,2.9e-02,global-SLAPS%E,CASSLAPSGEQFF,TRBV5-1,TRBJ2-1,NA,Donor1:healthy,1.000000,-,-,-,-,-,-,-,-,-,-,-
642,SLAPS%E,3.5e-02,1,2,2.0e-06,1.0e+00,6.7e-02,1.0e+00,1.0e-03,2.9e-02,global-SLAPS%E,CASSLAPSNEQFF,TRBV7-6,TRBJ2-1,NA,Donor1:healthy,1.000000,-,-,-,-,-,-,-,-,-,-,-

643,SLDGN%E,3.5e-02,1,2,1.8e-06,1.0e+00,6.2e-02,1.0e+00,1.0e-03,2.9e-02,global-SLDGN%E,CASSLDGNTEAFF,TRBV11-2,TRBJ1-1,NA,Donor1:healthy,1.000000,-,-,-,-,-,-,-,-,-,-,-
643,SLDGN%E,3.5e-02,1,2,1.8e-06,1.0e+00,6.2e-02,1.0e+00,1.0e-03,2.9e-02,global-SLDGN%E,CASSLDGNNEQFF,TRBV5-1,TRBJ2-1,NA,Donor1:healthy,1.000000,-,-,-,-,-,-,-,-,-,-,-

644,S%GRGGTE,3.5e-02,1,2,5.7e-06,1.0e+00,2.0e-01,1.0e+00,1.0e-03,2.9e-02,global-S%GRGGTE,CASSQGRGGTEAFF,TRBV4-1,TRBJ1-1,NA,Donor1:healthy,1.000000,-,-,-,-,-,-,-,-,-,-,-
644,S%GRGGTE,3.5e-02,1,2,5.7e-06,1.0e+00,2.0e-01,1.0e+00,1.0e-03,2.9e-02,global-S%GRGGTE,CASSQGRGGTEAFF,TRBV4-3,TRBJ1-1,NA,Donor1:healthy,1.000000,-,-,-,-,-,-,-,-,-,-,-
644,S%GRGGTE,3.5e-02,1,2,5.7e-06,1.0e+00,2.0e-01,1.0e+00,1.0e-03,2.9e-02,global-S%GRGGTE,CASSDGRGGTEAFF,TRBV6-4,TRBJ1-1,NA,Donor1:healthy,1.000000,-,-,-,-,-,-,-,-,-,-,-

645,G%GGSNQP,3.5e-02,1,2,2.9e-08,1.0e+00,1.0e-03,1.0e+00,1.0e-03,2.9e-02,global-G%GGSNQP,CSVGDGGSNQPQHF,TRBV29-1,TRBJ1-5,NA,Donor1:healthy,1.000000,-,-,-,-,-,-,-,-,-,-,-
645,G%GGSNQP,3.5e-02,1,2,2.9e-08,1.0e+00,1.0e-03,1.0e+00,1.0e-03,2.9e-02,global-G%GGSNQP,CSVGQGGSNQPQHF,TRBV29-1,TRBJ1-5,NA,Donor1:healthy,1.000000,-,-,-,-,-,-,-,-,-,-,-

646,S%GGPTDT,3.5e-02,1,2,2.2e-06,1.0e+00,7.4e-02,1.0e+00,1.0e-03,2.9e-02,global-S%GGPTDT,CASSFGGPTDTQYF,TRBV28,TRBJ2-3,NA,Donor1:healthy,1.000000,-,-,-,-,-,-,-,-,-,-,-
646,S%GGPTDT,3.5e-02,1,2,2.2e-06,1.0e+00,7.4e-02,1.0e+00,1.0e-03,2.9e-02,global-S%GGPTDT,CASSLGGPTDTQYF,TRBV7-2,TRBJ2-3,NA,Donor1:healthy,1.000000,-,-,-,-,-,-,-,-,-,-,-

647,S%GTGYTE,3.5e-02,1,2,2.1e-06,1.0e+00,7.1e-02,1.0e+00,1.0e-03,2.9e-02,global-S%GTGYTE,CASSQGTGYTEAFF,TRBV4-1,TRBJ1-1,NA,Donor1:healthy,1.000000,-,-,-,-,-,-,-,-,-,-,-
647,S%GTGYTE,3.5e-02,1,2,2.1e-06,1.0e+00,7.1e-02,1.0e+00,1.0e-03,2.9e-02,global-S%GTGYTE,CASSHGTGYTEAFF,TRBV5-1,TRBJ1-1,NA,Donor1:healthy,1.000000,-,-,-,-,-,-,-,-,-,-,-

648,S%RGDNQP,3.5e-02,1,2,1.6e-07,1.0e+00,6.5e-02,8.6e-02,1.0e-03,2.9e-02,global-S%RGDNQP,CASSFRGDNQPQHF,TRBV5-8,TRBJ1-5,NA,Donor1:healthy,2.000000,-,-,-,-,-,-,-,-,-,-,-
648,S%RGDNQP,3.5e-02,1,2,1.6e-07,1.0e+00,6.5e-02,8.6e-02,1.0e-03,2.9e-02,global-S%RGDNQP,CASSLRGDNQPQHF,TRBV5-6,TRBJ1-5,NA,Donor1:healthy,1.000000,-,-,-,-,-,-,-,-,-,-,-

649,S%GGSGYE,3.5e-02,1,2,1.8e-06,1.0e+00,6.1e-02,1.0e+00,1.0e-03,2.9e-02,global-S%GGSGYE,CASSVGGSGYEQYF,TRBV9,TRBJ2-7,NA,Donor1:healthy,1.000000,-,-,-,-,-,-,-,-,-,-,-
649,S%GGSGYE,3.5e-02,1,2,1.8e-06,1.0e+00,6.1e-02,1.0e+00,1.0e-03,2.9e-02,global-S%GGSGYE,CASSLGGSGYEQYF,TRBV7-6,TRBJ2-7,NA,Donor1:healthy,1.000000,-,-,-,-,-,-,-,-,-,-,-

650,R%TVMNTE,3.5e-02,1,2,2.1e-06,1.0e+00,7.1e-02,1.0e+00,1.0e-03,2.9e-02,global-R%TVMNTE,CASRTTVMNTEAFF,TRBV7-9,TRBJ1-1,NA,Donor1:healthy,1.000000,-,-,-,-,-,-,-,-,-,-,-
650,R%TVMNTE,3.5e-02,1,2,2.1e-06,1.0e+00,7.1e-02,1.0e+00,1.0e-03,2.9e-02,global-R%TVMNTE,CASRSTVMNTEAFF,TRBV27,TRBJ1-1,NA,Donor1:healthy,1.000000,-,-,-,-,-,-,-,-,-,-,-

651,SL%VGNQP,3.5e-02,1,2,2.1e-06,1.0e+00,7.2e-02,1.0e+00,1.0e-03,2.9e-02,global-SL%VGNQP,CASSLLVGNQPQHF,TRBV6-6,TRBJ1-5,NA,Donor1:healthy,1.000000,-,-,-,-,-,-,-,-,-,-,-
651,SL%VGNQP,3.5e-02,1,2,2.1e-06,1.0e+00,7.2e-02,1.0e+00,1.0e-03,2.9e-02,global-SL%VGNQP,CASSLVVGNQPQHF,TRBV27,TRBJ1-5,NA,Donor1:healthy,1.000000,-,-,-,-,-,-,-,-,-,-,-

652,SL%GYNSP,3.5e-02,1,2,2.0e-06,1.0e+00,6.7e-02,1.0e+00,1.0e-03,2.9e-02,global-SL%GYNSP,CASSLTGYNSPLHF,TRBV28,TRBJ1-6,NA,Donor1:healthy,1.000000,-,-,-,-,-,-,-,-,-,-,-
652,SL%GYNSP,3.5e-02,1,2,2.0e-06,1.0e+00,6.7e-02,1.0e+00,1.0e-03,2.9e-02,global-SL%GYNSP,CASSLNGYNSPLHF,TRBV27,TRBJ1-6,NA,Donor1:healthy,1.000000,-,-,-,-,-,-,-,-,-,-,-

653,SS%GTYNE,3.5e-02,1,2,1.9e-06,1.0e+00,6.5e-02,1.0e+00,1.0e-03,2.9e-02,global-SS%GTYNE,CASSSSGTYNEQFF,TRBV5-6,TRBJ2-1,NA,Donor1:healthy,1.000000,-,-,-,-,-,-,-,-,-,-,-
653,SS%GTYNE,3.5e-02,1,2,1.9e-06,1.0e+00,6.5e-02,1.0e+00,1.0e-03,2.9e-02,global-SS%GTYNE,CSASSGGTYNEQFF,TRBV20-1,TRBJ2-1,NA,Donor1:healthy,1.000000,-,-,-,-,-,-,-,-,-,-,-

654,SL%GSTGE,3.5e-02,1,2,2.9e-08,1.0e+00,1.0e-03,1.0e+00,1.0e-03,2.9e-02,global-SL%GSTGE,CASSLKGSTGELFF,TRBV5-5,TRBJ2-2,NA,Donor1:healthy,1.000000,-,-,-,-,-,-,-,-,-,-,-
654,SL%GSTGE,3.5e-02,1,2,2.9e-08,1.0e+00,1.0e-03,1.0e+00,1.0e-03,2.9e-02,global-SL%GSTGE,CASSLRGSTGELFF,TRBV5-5,TRBJ2-2,NA,Donor1:healthy,1.000000,-,-,-,-,-,-,-,-,-,-,-

655,SPG%GGTE,3.5e-02,1,2,1.5e-06,1.0e+00,5.0e-02,1.0e+00,1.0e-03,2.9e-02,global-SPG%GGTE,CASSPGAGGTEAFF,TRBV28,TRBJ1-1,NA,Donor1:healthy,1.000000,-,-,-,-,-,-,-,-,-,-,-
655,SPG%GGTE,3.5e-02,1,2,1.5e-06,1.0e+00,5.0e-02,1.0e+00,1.0e-03,2.9e-02,global-SPG%GGTE,CASSPGGGGTEAFF,TRBV7-6,TRBJ1-1,NA,Donor1:healthy,1.000000,-,-,-,-,-,-,-,-,-,-,-

656,SWG%MNTE,3.5e-02,1,2,2.2e-06,1.0e+00,7.7e-02,1.0e+00,1.0e-03,2.9e-02,global-SWG%MNTE,CASSWGEMNTEAFF,TRBV19,TRBJ1-1,NA,Donor1:healthy,1.000000,-,-,-,-,-,-,-,-,-,-,-
656,SWG%MNTE,3.5e-02,1,2,2.2e-06,1.0e+00,7.7e-02,1.0e+00,1.0e-03,2.9e-02,global-SWG%MNTE,CASSWGQMNTEAFF,TRBV28,TRBJ1-1,NA,Donor1:healthy,1.000000,-,-,-,-,-,-,-,-,-,-,-

657,SLV%STDT,3.5e-02,1,2,2.3e-07,1.0e+00,8.0e-03,1.0e+00,1.0e-03,2.9e-02,global-SLV%STDT,CASSLVASTDTQYF,TRBV5-4,TRBJ2-3,NA,Donor1:healthy,1.000000,-,-,-,-,-,-,-,-,-,-,-
657,SLV%STDT,3.5e-02,1,2,2.3e-07,1.0e+00,8.0e-03,1.0e+00,1.0e-03,2.9e-02,global-SLV%STDT,CASSLVGSTDTQYF,TRBV12-4,TRBJ2-3,NA,Donor1:healthy,1.000000,-,-,-,-,-,-,-,-,-,-,-
657,SLV%STDT,3.5e-02,1,2,2.3e-07,1.0e+00,8.0e-03,1.0e+00,1.0e-03,2.9e-02,global-SLV%STDT,CASSLVGSTDTQYF,TRBV5-4,TRBJ2-3,NA,Donor1:healthy,1.000000,-,-,-,-,-,-,-,-,-,-,-

658,SPLGG%DT,3.5e-02,1,2,2.2e-06,1.0e+00,7.6e-02,1.0e+00,1.0e-03,2.9e-02,global-SPLGG%DT,CASSPLGGSDTQYF,TRBV3-1,TRBJ2-3,NA,Donor1:healthy,1.000000,-,-,-,-,-,-,-,-,-,-,-
658,SPLGG%DT,3.5e-02,1,2,2.2e-06,1.0e+00,7.6e-02,1.0e+00,1.0e-03,2.9e-02,global-SPLGG%DT,CASSPLGGTDTQYF,TRBV4-3,TRBJ2-3,NA,Donor1:healthy,1.000000,-,-,-,-,-,-,-,-,-,-,-

659,SLAGR%TE,3.5e-02,1,2,1.5e-06,1.0e+00,5.3e-02,1.0e+00,1.0e-03,2.9e-02,global-SLAGR%TE,CASSLAGRETEAFF,TRBV5-1,TRBJ1-1,NA,Donor1:healthy,1.000000,-,-,-,-,-,-,-,-,-,-,-
659,SLAGR%TE,3.5e-02,1,2,1.5e-06,1.0e+00,5.3e-02,1.0e+00,1.0e-03,2.9e-02,global-SLAGR%TE,CASSLAGRNTEAFF,TRBV5-6,TRBJ1-1,NA,Donor1:healthy,1.000000,-,-,-,-,-,-,-,-,-,-,-

660,SQGTG%TE,3.5e-02,1,2,9.6e-10,1.0e+00,1.0e-03,3.3e-02,1.0e-03,2.9e-02,global-SQGTG%TE,CASSQGTGNTEAFF,TRBV4-1,TRBJ1-1,NA,Donor1:healthy,5.000000,-,-,-,-,-,-,-,-,-,-,-
660,SQGTG%TE,3.5e-02,1,2,9.6e-10,1.0e+00,1.0e-03,3.3e-02,1.0e-03,2.9e-02,global-SQGTG%TE,CASSQGTGGTEAFF,TRBV4-1,TRBJ1-1,NA,Donor1:healthy,2.000000,-,-,-,-,-,-,-,-,-,-,-

661,SQGQGV%E,3.5e-02,1,2,1.8e-06,1.0e+00,6.1e-02,1.0e+00,1.0e-03,2.9e-02,global-SQGQGV%E,CASSQGQGVTEAFF,TRBV4-1,TRBJ1-1,NA,Donor1:healthy,1.000000,-,-,-,-,-,-,-,-,-,-,-
661,SQGQGV%E,3.5e-02,1,2,1.8e-06,1.0e+00,6.1e-02,1.0e+00,1.0e-03,2.9e-02,global-SQGQGV%E,CASSQGQGVNEQYF,TRBV4-2,TRBJ2-7,NA,Donor1:healthy,1.000000,-,-,-,-,-,-,-,-,-,-,-

662,SLAGGL%E,3.5e-02,1,2,2.0e-06,1.0e+00,6.7e-02,1.0e+00,1.0e-03,2.9e-02,global-SLAGGL%E,CASSLAGGLNEQFF,TRBV7-3,TRBJ2-1,NA,Donor1:healthy,1.000000,-,-,-,-,-,-,-,-,-,-,-
662,SLAGGL%E,3.5e-02,1,2,2.0e-06,1.0e+00,6.7e-02,1.0e+00,1.0e-03,2.9e-02,global-SLAGGL%E,CASSLAGGLDEQFF,TRBV12-4,TRBJ2-1,NA,Donor1:healthy,1.000000,-,-,-,-,-,-,-,-,-,-,-

663,SLGGGN%E,3.5e-02,1,2,5.5e-06,1.0e+00,1.9e-01,1.0e+00,1.0e-03,2.9e-02,global-SLGGGN%E,CASSLGGGNTEAFF,TRBV27,TRBJ1-1,NA,Donor1:healthy,1.000000,-,-,-,-,-,-,-,-,-,-,-
663,SLGGGN%E,3.5e-02,1,2,5.5e-06,1.0e+00,1.9e-01,1.0e+00,1.0e-03,2.9e-02,global-SLGGGN%E,CASSLGGGNTEAFF,TRBV7-6,TRBJ1-1,NA,Donor1:healthy,1.000000,-,-,-,-,-,-,-,-,-,-,-
663,SLGGGN%E,3.5e-02,1,2,5.5e-06,1.0e+00,1.9e-01,1.0e+00,1.0e-03,2.9e-02,global-SLGGGN%E,CASSLGGGNNEQFF,TRBV5-4,TRBJ2-1,NA,Donor1:healthy,1.000000,-,-,-,-,-,-,-,-,-,-,-

664,S%LAGVTDT,3.5e-02,1,2,2.2e-06,1.0e+00,7.6e-02,1.0e+00,1.0e-03,2.9e-02,global-S%LAGVTDT,CASSSLAGVTDTQYF,TRBV13,TRBJ2-3,NA,Donor1:healthy,1.000000,-,-,-,-,-,-,-,-,-,-,-
664,S%LAGVTDT,3.5e-02,1,2,2.2e-06,1.0e+00,7.6e-02,1.0e+00,1.0e-03,2.9e-02,global-S%LAGVTDT,CASSGLAGVTDTQYF,TRBV28,TRBJ2-3,NA,Donor1:healthy,1.000000,-,-,-,-,-,-,-,-,-,-,-

665,S%GLASSYE,3.5e-02,1,2,1.9e-06,1.0e+00,6.6e-02,1.0e+00,1.0e-03,2.9e-02,global-S%GLASSYE,CASSDGLASSYEQYF,TRBV27,TRBJ2-7,NA,Donor1:healthy,1.000000,-,-,-,-,-,-,-,-,-,-,-
665,S%GLASSYE,3.5e-02,1,2,1.9e-06,1.0e+00,6.6e-02,1.0e+00,1.0e-03,2.9e-02,global-S%GLASSYE,CASSQGLASSYEQYF,TRBV4-2,TRBJ2-7,NA,Donor1:healthy,1.000000,-,-,-,-,-,-,-,-,-,-,-

666,S%GTGGVYE,3.5e-02,1,2,1.4e-06,1.0e+00,4.8e-02,1.0e+00,1.0e-03,2.9e-02,global-S%GTGGVYE,CASSNGTGGVYEQYF,TRBV7-9,TRBJ2-7,NA,Donor1:healthy,1.000000,-,-,-,-,-,-,-,-,-,-,-
666,S%GTGGVYE,3.5e-02,1,2,1.4e-06,1.0e+00,4.8e-02,1.0e+00,1.0e-03,2.9e-02,global-S%GTGGVYE,CASSQGTGGVYEQYF,TRBV4-3,TRBJ2-7,NA,Donor1:healthy,1.000000,-,-,-,-,-,-,-,-,-,-,-

667,SL%QGFYNE,3.5e-02,1,2,2.0e-06,1.0e+00,6.8e-02,1.0e+00,1.0e-03,2.9e-02,global-SL%QGFYNE,CASSLEQGFYNEQFF,TRBV5-5,TRBJ2-1,NA,Donor1:healthy,1.000000,-,-,-,-,-,-,-,-,-,-,-
667,SL%QGFYNE,3.5e-02,1,2,2.0e-06,1.0e+00,6.8e-02,1.0e+00,1.0e-03,2.9e-02,global-SL%QGFYNE,CASSLRQGFYNEQFF,TRBV5-1,TRBJ2-1,NA,Donor1:healthy,1.000000,-,-,-,-,-,-,-,-,-,-,-

668,SQ%SGGSYE,3.5e-02,1,2,2.9e-08,1.0e+00,1.0e-03,1.0e+00,1.0e-03,2.9e-02,global-SQ%SGGSYE,CASSQASGGSYEQYF,TRBV4-3,TRBJ2-7,NA,Donor1:healthy,1.000000,-,-,-,-,-,-,-,-,-,-,-
668,SQ%SGGSYE,3.5e-02,1,2,2.9e-08,1.0e+00,1.0e-03,1.0e+00,1.0e-03,2.9e-02,global-SQ%SGGSYE,CASSQTSGGSYEQYF,TRBV4-3,TRBJ2-7,NA,Donor1:healthy,1.000000,-,-,-,-,-,-,-,-,-,-,-

669,SLT%GGYNE,3.5e-02,1,2,2.3e-06,1.0e+00,7.9e-02,1.0e+00,1.0e-03,2.9e-02,global-SLT%GGYNE,CASSLTGGGYNEQFF,TRBV7-3,TRBJ2-1,NA,Donor1:healthy,1.000000,-,-,-,-,-,-,-,-,-,-,-
669,SLT%GGYNE,3.5e-02,1,2,2.3e-06,1.0e+00,7.9e-02,1.0e+00,1.0e-03,2.9e-02,global-SLT%GGYNE,CASSLTSGGYNEQFF,TRBV11-1,TRBJ2-1,NA,Donor1:healthy,1.000000,-,-,-,-,-,-,-,-,-,-,-

670,S%LAGGPTDT,3.5e-02,1,2,2.1e-06,1.0e+00,7.2e-02,1.0e+00,1.0e-03,2.9e-02,global-S%LAGGPTDT,CASSFLAGGPTDTQYF,TRBV7-3,TRBJ2-3,NA,Donor1:healthy,1.000000,-,-,-,-,-,-,-,-,-,-,-
670,S%LAGGPTDT,3.5e-02,1,2,2.1e-06,1.0e+00,7.2e-02,1.0e+00,1.0e-03,2.9e-02,global-S%LAGGPTDT,CASSMLAGGPTDTQYF,TRBV19,TRBJ2-3,NA,Donor1:healthy,1.000000,-,-,-,-,-,-,-,-,-,-,-

671,S%GQGAYE,3.8e-02,1,5,1.2e-07,1.0e+00,7.9e-02,1.0e+00,1.0e-03,1.5e-03,global-S%GQGAYE,CASSLGQGAYEQYF,TRBV11-2,TRBJ2-7,NA,Donor1:healthy,1.000000,-,-,-,-,-,-,-,-,-,-,-
671,S%GQGAYE,3.8e-02,1,5,1.2e-07,1.0e+00,7.9e-02,1.0e+00,1.0e-03,1.5e-03,global-S%GQGAYE,CASSLGQGAYEQYF,TRBV5-5,TRBJ2-7,NA,Donor1:healthy,1.000000,-,-,-,-,-,-,-,-,-,-,-
671,S%GQGAYE,3.8e-02,1,5,1.2e-07,1.0e+00,7.9e-02,1.0e+00,1.0e-03,1.5e-03,global-S%GQGAYE,CASSLGQGAYEQYF,TRBV5-6,TRBJ2-7,NA,Donor1:healthy,1.000000,-,-,-,-,-,-,-,-,-,-,-
671,S%GQGAYE,3.8e-02,1,5,1.2e-07,1.0e+00,7.9e-02,1.0e+00,1.0e-03,1.5e-03,global-S%GQGAYE,CASSVGQGAYEQYF,TRBV9,TRBJ2-7,NA,Donor1:healthy,1.000000,-,-,-,-,-,-,-,-,-,-,-
671,S%GQGAYE,3.8e-02,1,5,1.2e-07,1.0e+00,7.9e-02,1.0e+00,1.0e-03,1.5e-03,global-S%GQGAYE,CASSAGQGAYEQYF,TRBV9,TRBJ2-7,NA,Donor1:healthy,1.000000,-,-,-,-,-,-,-,-,-,-,-
671,S%GQGAYE,3.8e-02,1,5,1.2e-07,1.0e+00,7.9e-02,1.0e+00,1.0e-03,1.5e-03,global-S%GQGAYE,CASSFGQGAYEQYF,TRBV11-2,TRBJ2-7,NA,Donor1:healthy,1.000000,-,-,-,-,-,-,-,-,-,-,-
671,S%GQGAYE,3.8e-02,1,5,1.2e-07,1.0e+00,7.9e-02,1.0e+00,1.0e-03,1.5e-03,global-S%GQGAYE,CASSLGQGAYEQFF,TRBV5-4,TRBJ2-1,NA,Donor1:healthy,1.000000,-,-,-,-,-,-,-,-,-,-,-

672,SS%QET,3.9e-02,1,3,1.0e-06,1.0e+00,1.7e-01,1.0e+00,1.0e-03,6.2e-03,global-SS%QET,CASSSTQETQYF,TRBV7-9,TRBJ2-5,NA,Donor1:healthy,1.000000,-,-,-,-,-,-,-,-,-,-,-
672,SS%QET,3.9e-02,1,3,1.0e-06,1.0e+00,1.7e-01,1.0e+00,1.0e-03,6.2e-03,global-SS%QET,CASSSNQETQYF,TRBV5-1,TRBJ2-5,NA,Donor1:healthy,1.000000,-,-,-,-,-,-,-,-,-,-,-
672,SS%QET,3.9e-02,1,3,1.0e-06,1.0e+00,1.7e-01,1.0e+00,1.0e-03,6.2e-03,global-SS%QET,CASSSQQETQYF,TRBV13,TRBJ2-5,NA,Donor1:healthy,1.000000,-,-,-,-,-,-,-,-,-,-,-

673,SL%QET,3.9e-02,1,3,7.6e-08,1.0e+00,1.1e-01,1.1e-01,1.0e-03,6.2e-03,global-SL%QET,CASSLRQETQYF,TRBV7-9,TRBJ2-5,NA,Donor1:healthy,2.000000,-,-,-,-,-,-,-,-,-,-,-
673,SL%QET,3.9e-02,1,3,7.6e-08,1.0e+00,1.1e-01,1.1e-01,1.0e-03,6.2e-03,global-SL%QET,CASSLSQETQYF,TRBV7-9,TRBJ2-5,NA,Donor1:healthy,1.000000,-,-,-,-,-,-,-,-,-,-,-
673,SL%QET,3.9e-02,1,3,7.6e-08,1.0e+00,1.1e-01,1.1e-01,1.0e-03,6.2e-03,global-SL%QET,CASSLNQETQYF,TRBV5-6,TRBJ2-5,NA,Donor1:healthy,1.000000,-,-,-,-,-,-,-,-,-,-,-

674,S%RDSYE,3.9e-02,1,3,2.7e-07,1.0e+00,4.4e-02,1.0e+00,1.0e-03,6.2e-03,global-S%RDSYE,CASSFRDSYEQYF,TRBV5-8,TRBJ2-7,NA,Donor1:healthy,1.000000,-,-,-,-,-,-,-,-,-,-,-
674,S%RDSYE,3.9e-02,1,3,2.7e-07,1.0e+00,4.4e-02,1.0e+00,1.0e-03,6.2e-03,global-S%RDSYE,CASSFRDSYEQYF,TRBV7-9,TRBJ2-7,NA,Donor1:healthy,1.000000,-,-,-,-,-,-,-,-,-,-,-
674,S%RDSYE,3.9e-02,1,3,2.7e-07,1.0e+00,4.4e-02,1.0e+00,1.0e-03,6.2e-03,global-S%RDSYE,CASSYRDSYEQYF,TRBV5-4,TRBJ2-7,NA,Donor1:healthy,1.000000,-,-,-,-,-,-,-,-,-,-,-
674,S%RDSYE,3.9e-02,1,3,2.7e-07,1.0e+00,4.4e-02,1.0e+00,1.0e-03,6.2e-03,global-S%RDSYE,CASSHRDSYEQYF,TRBV7-9,TRBJ2-7,NA,Donor1:healthy,1.000000,-,-,-,-,-,-,-,-,-,-,-

675,SL%TGYE,3.9e-02,1,3,5.9e-07,1.0e+00,9.5e-02,1.0e+00,1.0e-03,6.2e-03,global-SL%TGYE,CASSLETGYEQYF,TRBV11-2,TRBJ2-7,NA,Donor1:healthy,1.000000,-,-,-,-,-,-,-,-,-,-,-
675,SL%TGYE,3.9e-02,1,3,5.9e-07,1.0e+00,9.5e-02,1.0e+00,1.0e-03,6.2e-03,global-SL%TGYE,CASSLATGYEQYF,TRBV11-2,TRBJ2-7,NA,Donor1:healthy,1.000000,-,-,-,-,-,-,-,-,-,-,-
675,SL%TGYE,3.9e-02,1,3,5.9e-07,1.0e+00,9.5e-02,1.0e+00,1.0e-03,6.2e-03,global-SL%TGYE,CASSLSTGYEQYF,TRBV27,TRBJ2-7,NA,Donor1:healthy,1.000000,-,-,-,-,-,-,-,-,-,-,-

676,SL%GAGE,3.9e-02,1,3,2.0e-06,1.0e+00,3.3e-01,1.0e+00,1.0e-03,6.2e-03,global-SL%GAGE,CASSLEGAGELFF,TRBV28,TRBJ2-2,NA,Donor1:healthy,1.000000,-,-,-,-,-,-,-,-,-,-,-
676,SL%GAGE,3.9e-02,1,3,2.0e-06,1.0e+00,3.3e-01,1.0e+00,1.0e-03,6.2e-03,global-SL%GAGE,CASSLEGAGELFF,TRBV5-1,TRBJ2-2,NA,Donor1:healthy,1.000000,-,-,-,-,-,-,-,-,-,-,-
676,SL%GAGE,3.9e-02,1,3,2.0e-06,1.0e+00,3.3e-01,1.0e+00,1.0e-03,6.2e-03,global-SL%GAGE,CASSLTGAGELFF,TRBV19,TRBJ2-2,NA,Donor1:healthy,1.000000,-,-,-,-,-,-,-,-,-,-,-
676,SL%GAGE,3.9e-02,1,3,2.0e-06,1.0e+00,3.3e-01,1.0e+00,1.0e-03,6.2e-03,global-SL%GAGE,CASSLSGAGELFF,TRBV7-3,TRBJ2-2,NA,Donor1:healthy,1.000000,-,-,-,-,-,-,-,-,-,-,-

677,SLT%NTE,3.9e-02,1,3,2.1e-06,1.0e+00,3.3e-01,1.0e+00,1.0e-03,6.2e-03,global-SLT%NTE,CASSLTGNTEAFF,TRBV9,TRBJ1-1,NA,Donor1:healthy,1.000000,-,-,-,-,-,-,-,-,-,-,-
677,SLT%NTE,3.9e-02,1,3,2.1e-06,1.0e+00,3.3e-01,1.0e+00,1.0e-03,6.2e-03,global-SLT%NTE,CASSLTANTEAFF,TRBV28,TRBJ1-1,NA,Donor1:healthy,1.000000,-,-,-,-,-,-,-,-,-,-,-
677,SLT%NTE,3.9e-02,1,3,2.1e-06,1.0e+00,3.3e-01,1.0e+00,1.0e-03,6.2e-03,global-SLT%NTE,CASSLTANTEAFF,TRBV5-1,TRBJ1-1,NA,Donor1:healthy,1.000000,-,-,-,-,-,-,-,-,-,-,-
677,SLT%NTE,3.9e-02,1,3,2.1e-06,1.0e+00,3.3e-01,1.0e+00,1.0e-03,6.2e-03,global-SLT%NTE,CASSLTVNTEAFF,TRBV27,TRBJ1-1,NA,Donor1:healthy,1.000000,-,-,-,-,-,-,-,-,-,-,-

678,SLQG%TE,3.9e-02,1,3,4.5e-08,1.0e+00,1.9e-01,3.9e-02,1.0e-03,6.2e-03,global-SLQG%TE,CASSLQGGTEAFF,TRBV12-3,TRBJ1-1,NA,Donor1:healthy,1.000000,-,-,-,-,-,-,-,-,-,-,-
678,SLQG%TE,3.9e-02,1,3,4.5e-08,1.0e+00,1.9e-01,3.9e-02,1.0e-03,6.2e-03,global-SLQG%TE,CASSLQGSTEAFF,TRBV12-4,TRBJ1-1,NA,Donor1:healthy,1.000000,-,-,-,-,-,-,-,-,-,-,-
678,SLQG%TE,3.9e-02,1,3,4.5e-08,1.0e+00,1.9e-01,3.9e-02,1.0e-03,6.2e-03,global-SLQG%TE,CASSLQGATEAFF,TRBV11-2,TRBJ1-1,NA,Donor1:healthy,5.000000,-,-,-,-,-,-,-,-,-,-,-

679,SL%GSYNE,3.9e-02,1,3,2.5e-07,1.0e+00,4.0e-02,1.0e+00,1.0e-03,6.2e-03,global-SL%GSYNE,CASSLVGSYNEQFF,TRBV5-1,TRBJ2-1,NA,Donor1:healthy,1.000000,-,-,-,-,-,-,-,-,-,-,-
679,SL%GSYNE,3.9e-02,1,3,2.5e-07,1.0e+00,4.0e-02,1.0e+00,1.0e-03,6.2e-03,global-SL%GSYNE,CASSLTGSYNEQFF,TRBV12-3,TRBJ2-1,NA,Donor1:healthy,1.000000,-,-,-,-,-,-,-,-,-,-,-
679,SL%GSYNE,3.9e-02,1,3,2.5e-07,1.0e+00,4.0e-02,1.0e+00,1.0e-03,6.2e-03,global-SL%GSYNE,CASSLAGSYNEQFF,TRBV12-3,TRBJ2-1,NA,Donor1:healthy,1.000000,-,-,-,-,-,-,-,-,-,-,-
679,SL%GSYNE,3.9e-02,1,3,2.5e-07,1.0e+00,4.0e-02,1.0e+00,1.0e-03,6.2e-03,global-SL%GSYNE,CASSLAGSYNEQFF,TRBV5-4,TRBJ2-1,NA,Donor1:healthy,1.000000,-,-,-,-,-,-,-,-,-,-,-

680,SLGGG%NE,3.9e-02,1,3,1.0e-06,1.0e+00,1.7e-01,1.0e+00,1.0e-03,6.2e-03,global-SLGGG%NE,CASSLGGGNNEQFF,TRBV5-4,TRBJ2-1,NA,Donor1:healthy,1.000000,-,-,-,-,-,-,-,-,-,-,-
680,SLGGG%NE,3.9e-02,1,3,1.0e-06,1.0e+00,1.7e-01,1.0e+00,1.0e-03,6.2e-03,global-SLGGG%NE,CASSLGGGGNEQFF,TRBV12-3,TRBJ2-1,NA,Donor1:healthy,1.000000,-,-,-,-,-,-,-,-,-,-,-
680,SLGGG%NE,3.9e-02,1,3,1.0e-06,1.0e+00,1.7e-01,1.0e+00,1.0e-03,6.2e-03,global-SLGGG%NE,CASSLGGGSNEQYF,TRBV5-5,TRBJ2-7,NA,Donor1:healthy,1.000000,-,-,-,-,-,-,-,-,-,-,-

681,SLGQGG%E,3.9e-02,1,3,1.2e-06,1.0e+00,1.9e-01,1.0e+00,1.0e-03,6.2e-03,global-SLGQGG%E,CASSLGQGGSEAFF,TRBV5-5,TRBJ1-1,NA,Donor1:healthy,1.000000,-,-,-,-,-,-,-,-,-,-,-
681,SLGQGG%E,3.9e-02,1,3,1.2e-06,1.0e+00,1.9e-01,1.0e+00,1.0e-03,6.2e-03,global-SLGQGG%E,CASSLGQGGTEAFF,TRBV9,TRBJ1-1,NA,Donor1:healthy,1.000000,-,-,-,-,-,-,-,-,-,-,-
681,SLGQGG%E,3.9e-02,1,3,1.2e-06,1.0e+00,1.9e-01,1.0e+00,1.0e-03,6.2e-03,global-SLGQGG%E,CASSLGQGGGEQYF,TRBV7-6,TRBJ2-7,NA,Donor1:healthy,1.000000,-,-,-,-,-,-,-,-,-,-,-

682,SLGLAG%YE,3.9e-02,1,3,1.2e-06,1.0e+00,1.9e-01,1.0e+00,1.0e-03,6.2e-03,global-SLGLAG%YE,CASSLGLAGSYEQYF,TRBV5-1,TRBJ2-7,NA,Donor1:healthy,1.000000,-,-,-,-,-,-,-,-,-,-,-
682,SLGLAG%YE,3.9e-02,1,3,1.2e-06,1.0e+00,1.9e-01,1.0e+00,1.0e-03,6.2e-03,global-SLGLAG%YE,CASSLGLAGVYEQFF,TRBV5-8,TRBJ2-1,NA,Donor1:healthy,1.000000,-,-,-,-,-,-,-,-,-,-,-
682,SLGLAG%YE,3.9e-02,1,3,1.2e-06,1.0e+00,1.9e-01,1.0e+00,1.0e-03,6.2e-03,global-SLGLAG%YE,CASSLGLAGTYEQYF,TRBV12-3,TRBJ2-7,NA,Donor1:healthy,1.000000,-,-,-,-,-,-,-,-,-,-,-

683,SLGR%YE,4.3e-02,1,4,7.7e-07,1.0e+00,3.3e-01,1.0e+00,1.0e-03,2.3e-03,global-SLGR%YE,CASSLGRTYEQYF,TRBV7-8,TRBJ2-7,NA,Donor1:healthy,1.000000,-,-,-,-,-,-,-,-,-,-,-
683,SLGR%YE,4.3e-02,1,4,7.7e-07,1.0e+00,3.3e-01,1.0e+00,1.0e-03,2.3e-03,global-SLGR%YE,CSASLGRGYEQYF,TRBV20-1,TRBJ2-7,NA,Donor1:healthy,1.000000,-,-,-,-,-,-,-,-,-,-,-
683,SLGR%YE,4.3e-02,1,4,7.7e-07,1.0e+00,3.3e-01,1.0e+00,1.0e-03,2.3e-03,global-SLGR%YE,CASSLGRGYEQYF,TRBV5-6,TRBJ2-7,NA,Donor1:healthy,1.000000,-,-,-,-,-,-,-,-,-,-,-
683,SLGR%YE,4.3e-02,1,4,7.7e-07,1.0e+00,3.3e-01,1.0e+00,1.0e-03,2.3e-03,global-SLGR%YE,CASSLGRAYEQYF,TRBV7-2,TRBJ2-7,NA,Donor1:healthy,1.000000,-,-,-,-,-,-,-,-,-,-,-

684,SLGG%TE,4.3e-02,1,4,7.0e-08,1.0e+00,3.0e-02,1.0e+00,1.0e-03,2.3e-03,global-SLGG%TE,CASSLGGDTEAFF,TRBV28,TRBJ1-1,NA,Donor1:healthy,1.000000,-,-,-,-,-,-,-,-,-,-,-
684,SLGG%TE,4.3e-02,1,4,7.0e-08,1.0e+00,3.0e-02,1.0e+00,1.0e-03,2.3e-03,global-SLGG%TE,CASSLGGKTEAFF,TRBV28,TRBJ1-1,NA,Donor1:healthy,1.000000,-,-,-,-,-,-,-,-,-,-,-
684,SLGG%TE,4.3e-02,1,4,7.0e-08,1.0e+00,3.0e-02,1.0e+00,1.0e-03,2.3e-03,global-SLGG%TE,CASSLGGNTEAFF,TRBV12-3,TRBJ1-1,NA,Donor1:healthy,1.000000,-,-,-,-,-,-,-,-,-,-,-
684,SLGG%TE,4.3e-02,1,4,7.0e-08,1.0e+00,3.0e-02,1.0e+00,1.0e-03,2.3e-03,global-SLGG%TE,CASSLGGGTEAFF,TRBV27,TRBJ1-1,NA,Donor1:healthy,1.000000,-,-,-,-,-,-,-,-,-,-,-

685,SLGQ%YE,4.3e-02,1,4,1.8e-06,1.0e+00,7.8e-01,1.0e+00,1.0e-03,2.3e-03,global-SLGQ%YE,CASSLGQAYEQYF,TRBV12-4,TRBJ2-7,NA,Donor1:healthy,1.000000,-,-,-,-,-,-,-,-,-,-,-
685,SLGQ%YE,4.3e-02,1,4,1.8e-06,1.0e+00,7.8e-01,1.0e+00,1.0e-03,2.3e-03,global-SLGQ%YE,CASSLGQGYEQFF,TRBV11-3,TRBJ2-1,NA,Donor1:healthy,1.000000,-,-,-,-,-,-,-,-,-,-,-
685,SLGQ%YE,4.3e-02,1,4,1.8e-06,1.0e+00,7.8e-01,1.0e+00,1.0e-03,2.3e-03,global-SLGQ%YE,CASSLGQGYEQYF,TRBV27,TRBJ2-7,NA,Donor1:healthy,1.000000,-,-,-,-,-,-,-,-,-,-,-
685,SLGQ%YE,4.3e-02,1,4,1.8e-06,1.0e+00,7.8e-01,1.0e+00,1.0e-03,2.3e-03,global-SLGQ%YE,CASSLGQGYEQYF,TRBV6-5,TRBJ2-7,NA,Donor1:healthy,1.000000,-,-,-,-,-,-,-,-,-,-,-
685,SLGQ%YE,4.3e-02,1,4,1.8e-06,1.0e+00,7.8e-01,1.0e+00,1.0e-03,2.3e-03,global-SLGQ%YE,CASSLGQGYEQYF,TRBV7-3,TRBJ2-7,NA,Donor1:healthy,1.000000,-,-,-,-,-,-,-,-,-,-,-
685,SLGQ%YE,4.3e-02,1,4,1.8e-06,1.0e+00,7.8e-01,1.0e+00,1.0e-03,2.3e-03,global-SLGQ%YE,CASSLGQSYEQYF,TRBV12-3,TRBJ2-7,NA,Donor1:healthy,1.000000,-,-,-,-,-,-,-,-,-,-,-
685,SLGQ%YE,4.3e-02,1,4,1.8e-06,1.0e+00,7.8e-01,1.0e+00,1.0e-03,2.3e-03,global-SLGQ%YE,CASSLGQSYEQYF,TRBV5-6,TRBJ2-7,NA,Donor1:healthy,1.000000,-,-,-,-,-,-,-,-,-,-,-

686,SLGG%NE,4.3e-02,1,4,9.0e-08,1.0e+00,4.8e-01,7.9e-02,1.0e-03,2.3e-03,global-SLGG%NE,CASSLGGNNEQFF,TRBV7-8,TRBJ2-1,NA,Donor1:healthy,5.000000,-,-,-,-,-,-,-,-,-,-,-
686,SLGG%NE,4.3e-02,1,4,9.0e-08,1.0e+00,4.8e-01,7.9e-02,1.0e-03,2.3e-03,global-SLGG%NE,CASSLGGDNEQYF,TRBV28,TRBJ2-7,NA,Donor1:healthy,1.000000,-,-,-,-,-,-,-,-,-,-,-
686,SLGG%NE,4.3e-02,1,4,9.0e-08,1.0e+00,4.8e-01,7.9e-02,1.0e-03,2.3e-03,global-SLGG%NE,CASSLGGGNEQFF,TRBV27,TRBJ2-1,NA,Donor1:healthy,1.000000,-,-,-,-,-,-,-,-,-,-,-
686,SLGG%NE,4.3e-02,1,4,9.0e-08,1.0e+00,4.8e-01,7.9e-02,1.0e-03,2.3e-03,global-SLGG%NE,CASSLGGGNEQFF,TRBV7-6,TRBJ2-1,NA,Donor1:healthy,1.000000,-,-,-,-,-,-,-,-,-,-,-
686,SLGG%NE,4.3e-02,1,4,9.0e-08,1.0e+00,4.8e-01,7.9e-02,1.0e-03,2.3e-03,global-SLGG%NE,CASSLGGTNEQFF,TRBV4-1,TRBJ2-1,NA,Donor1:healthy,2.000000,-,-,-,-,-,-,-,-,-,-,-

687,SL%GSSYNE,4.3e-02,1,4,1.3e-08,1.0e+00,3.4e-02,1.6e-01,1.0e-03,2.3e-03,global-SL%GSSYNE,CASSLSGSSYNEQFF,TRBV19,TRBJ2-1,NA,Donor1:healthy,1.000000,-,-,-,-,-,-,-,-,-,-,-
687,SL%GSSYNE,4.3e-02,1,4,1.3e-08,1.0e+00,3.4e-02,1.6e-01,1.0e-03,2.3e-03,global-SL%GSSYNE,CASSLGGSSYNEQFF,TRBV7-9,TRBJ2-1,NA,Donor1:healthy,1.000000,-,-,-,-,-,-,-,-,-,-,-
687,SL%GSSYNE,4.3e-02,1,4,1.3e-08,1.0e+00,3.4e-02,1.6e-01,1.0e-03,2.3e-03,global-SL%GSSYNE,CASSLEGSSYNEQFF,TRBV13,TRBJ2-1,NA,Donor1:healthy,2.000000,-,-,-,-,-,-,-,-,-,-,-
687,SL%GSSYNE,4.3e-02,1,4,1.3e-08,1.0e+00,3.4e-02,1.6e-01,1.0e-03,2.3e-03,global-SL%GSSYNE,CASSLDGSSYNEQFF,TRBV7-9,TRBJ2-1,NA,Donor1:healthy,1.000000,-,-,-,-,-,-,-,-,-,-,-

688,SW%ET,4.4e-02,1,2,2.3e-06,1.0e+00,7.8e-02,1.0e+00,1.0e-03,2.9e-02,global-SW%ET,CASSWRETQYF,TRBV19,TRBJ2-5,NA,Donor1:healthy,1.000000,-,-,-,-,-,-,-,-,-,-,-
688,SW%ET,4.4e-02,1,2,2.3e-06,1.0e+00,7.8e-02,1.0e+00,1.0e-03,2.9e-02,global-SW%ET,CASSWQETQYF,TRBV13,TRBJ2-5,NA,Donor1:healthy,1.000000,-,-,-,-,-,-,-,-,-,-,-

689,SRG%T,4.4e-02,1,2,2.1e-06,1.0e+00,7.3e-02,1.0e+00,1.0e-03,2.9e-02,global-SRG%T,CASSRGNTIYF,TRBV7-9,TRBJ1-3,NA,Donor1:healthy,1.000000,-,-,-,-,-,-,-,-,-,-,-
689,SRG%T,4.4e-02,1,2,2.1e-06,1.0e+00,7.3e-02,1.0e+00,1.0e-03,2.9e-02,global-SRG%T,CASSRGETQYF,TRBV27,TRBJ2-5,NA,Donor1:healthy,1.000000,-,-,-,-,-,-,-,-,-,-,-

690,S%LGSE,4.4e-02,1,2,2.1e-06,1.0e+00,7.1e-02,1.0e+00,1.0e-03,2.9e-02,global-S%LGSE,CASSRLGSEQYF,TRBV14,TRBJ2-7,NA,Donor1:healthy,1.000000,-,-,-,-,-,-,-,-,-,-,-
690,S%LGSE,4.4e-02,1,2,2.1e-06,1.0e+00,7.1e-02,1.0e+00,1.0e-03,2.9e-02,global-S%LGSE,CASSQLGSEQFF,TRBV7-2,TRBJ2-1,NA,Donor1:healthy,1.000000,-,-,-,-,-,-,-,-,-,-,-

691,S%GLYG,4.4e-02,1,2,2.3e-10,1.0e+00,1.0e-03,8.0e-03,1.0e-03,2.9e-02,global-S%GLYG,CASSIGLYGYTF,TRBV19,TRBJ1-2,NA,Donor1:healthy,21.000000,-,-,-,-,-,-,-,-,-,-,-
691,S%GLYG,4.4e-02,1,2,2.3e-10,1.0e+00,1.0e-03,8.0e-03,1.0e-03,2.9e-02,global-S%GLYG,CASSVGLYGYTF,TRBV19,TRBJ1-2,NA,Donor1:healthy,1.000000,-,-,-,-,-,-,-,-,-,-,-

692,S%GLYG,4.4e-02,1,2,2.0e-06,1.0e+00,6.7e-02,1.0e+00,1.0e-03,2.9e-02,global-S%GLYG,CSASQGLYGYTF,TRBV20-1,TRBJ1-2,NA,Donor1:healthy,1.000000,-,-,-,-,-,-,-,-,-,-,-
692,S%GLYG,4.4e-02,1,2,2.0e-06,1.0e+00,6.7e-02,1.0e+00,1.0e-03,2.9e-02,global-S%GLYG,CASSSGLYGYTF,TRBV27,TRBJ1-2,NA,Donor1:healthy,1.000000,-,-,-,-,-,-,-,-,-,-,-

693,R%TYNE,4.4e-02,1,2,2.0e-07,1.0e+00,7.4e-02,9.1e-02,1.0e-03,2.9e-02,global-R%TYNE,CASRDTYNEQFF,TRBV5-4,TRBJ2-1,NA,Donor1:healthy,1.000000,-,-,-,-,-,-,-,-,-,-,-
693,R%TYNE,4.4e-02,1,2,2.0e-07,1.0e+00,7.4e-02,9.1e-02,1.0e-03,2.9e-02,global-R%TYNE,CASRETYNEQFF,TRBV6-3,TRBJ2-1,NA,Donor1:healthy,2.000000,-,-,-,-,-,-,-,-,-,-,-

694,SL%YNE,4.4e-02,1,3,7.1e-07,1.0e+00,1.1e-01,1.0e+00,1.0e-03,6.2e-03,global-SL%YNE,CASSLDYNEQFF,TRBV5-1,TRBJ2-1,NA,Donor1:healthy,1.000000,-,-,-,-,-,-,-,-,-,-,-
694,SL%YNE,4.4e-02,1,3,7.1e-07,1.0e+00,1.1e-01,1.0e+00,1.0e-03,6.2e-03,global-SL%YNE,CASSLGYNEQFF,TRBV5-8,TRBJ2-1,NA,Donor1:healthy,1.000000,-,-,-,-,-,-,-,-,-,-,-
694,SL%YNE,4.4e-02,1,3,7.1e-07,1.0e+00,1.1e-01,1.0e+00,1.0e-03,6.2e-03,global-SL%YNE,CASSLSYNEQFF,TRBV5-1,TRBJ2-1,NA,Donor1:healthy,1.000000,-,-,-,-,-,-,-,-,-,-,-

695,SP%GQP,4.4e-02,1,2,2.2e-06,1.0e+00,7.4e-02,1.0e+00,1.0e-03,2.9e-02,global-SP%GQP,CASSPSGQPQHF,TRBV7-9,TRBJ1-5,NA,Donor1:healthy,1.000000,-,-,-,-,-,-,-,-,-,-,-
695,SP%GQP,4.4e-02,1,2,2.2e-06,1.0e+00,7.4e-02,1.0e+00,1.0e-03,2.9e-02,global-SP%GQP,CASSPGGQPQHF,TRBV5-6,TRBJ1-5,NA,Donor1:healthy,1.000000,-,-,-,-,-,-,-,-,-,-,-

696,SD%GET,4.4e-02,1,2,2.1e-06,1.0e+00,7.2e-02,1.0e+00,1.0e-03,2.9e-02,global-SD%GET,CASSDWGETQYF,TRBV25-1,TRBJ2-5,NA,Donor1:healthy,1.000000,-,-,-,-,-,-,-,-,-,-,-
696,SD%GET,4.4e-02,1,2,2.1e-06,1.0e+00,7.2e-02,1.0e+00,1.0e-03,2.9e-02,global-SD%GET,CATSDFGETQYF,TRBV24-1,TRBJ2-5,NA,Donor1:healthy,1.000000,-,-,-,-,-,-,-,-,-,-,-

697,ST%YNE,4.4e-02,1,2,1.9e-06,1.0e+00,6.5e-02,1.0e+00,1.0e-03,2.9e-02,global-ST%YNE,CASSTSYNEQFF,TRBV28,TRBJ2-1,NA,Donor1:healthy,1.000000,-,-,-,-,-,-,-,-,-,-,-
697,ST%YNE,4.4e-02,1,2,1.9e-06,1.0e+00,6.5e-02,1.0e+00,1.0e-03,2.9e-02,global-ST%YNE,CASSTDYNEQFF,TRBV19,TRBJ2-1,NA,Donor1:healthy,1.000000,-,-,-,-,-,-,-,-,-,-,-

698,SFG%YE,4.4e-02,1,3,1.2e-06,1.0e+00,1.9e-01,1.0e+00,1.0e-03,6.2e-03,global-SFG%YE,CASSFGGYEQYF,TRBV27,TRBJ2-7,NA,Donor1:healthy,1.000000,-,-,-,-,-,-,-,-,-,-,-
698,SFG%YE,4.4e-02,1,3,1.2e-06,1.0e+00,1.9e-01,1.0e+00,1.0e-03,6.2e-03,global-SFG%YE,CASSFGTYEQYF,TRBV12-3,TRBJ2-7,NA,Donor1:healthy,1.000000,-,-,-,-,-,-,-,-,-,-,-
698,SFG%YE,4.4e-02,1,3,1.2e-06,1.0e+00,1.9e-01,1.0e+00,1.0e-03,6.2e-03,global-SFG%YE,CASSFGSYEQYF,TRBV28,TRBJ2-7,NA,Donor1:healthy,1.000000,-,-,-,-,-,-,-,-,-,-,-

699,SAG%YG,4.4e-02,1,2,1.7e-10,1.0e+00,1.0e-03,6.0e-03,1.0e-03,2.9e-02,global-SAG%YG,CASSAGSYGYTF,TRBV19,TRBJ1-2,NA,Donor1:healthy,2.000000,-,-,-,-,-,-,-,-,-,-,-
699,SAG%YG,4.4e-02,1,2,1.7e-10,1.0e+00,1.0e-03,6.0e-03,1.0e-03,2.9e-02,global-SAG%YG,CASSAGAYGYTF,TRBV19,TRBJ1-2,NA,Donor1:healthy,12.000000,-,-,-,-,-,-,-,-,-,-,-

700,SLE%DT,4.4e-02,1,2,1.9e-06,1.0e+00,6.5e-02,1.0e+00,1.0e-03,2.9e-02,global-SLE%DT,CASSLEADTQYF,TRBV11-2,TRBJ2-3,NA,Donor1:healthy,1.000000,-,-,-,-,-,-,-,-,-,-,-
700,SLE%DT,4.4e-02,1,2,1.9e-06,1.0e+00,6.5e-02,1.0e+00,1.0e-03,2.9e-02,global-SLE%DT,CASSLETDTQYF,TRBV5-4,TRBJ2-3,NA,Donor1:healthy,1.000000,-,-,-,-,-,-,-,-,-,-,-

701,SVG%TE,4.4e-02,1,3,6.4e-07,1.0e+00,1.0e-01,1.0e+00,1.0e-03,6.2e-03,global-SVG%TE,CASSVGNTEAFF,TRBV9,TRBJ1-1,NA,Donor1:healthy,1.000000,-,-,-,-,-,-,-,-,-,-,-
701,SVG%TE,4.4e-02,1,3,6.4e-07,1.0e+00,1.0e-01,1.0e+00,1.0e-03,6.2e-03,global-SVG%TE,CASSVGHTEAFF,TRBV9,TRBJ1-1,NA,Donor1:healthy,1.000000,-,-,-,-,-,-,-,-,-,-,-
701,SVG%TE,4.4e-02,1,3,6.4e-07,1.0e+00,1.0e-01,1.0e+00,1.0e-03,6.2e-03,global-SVG%TE,CATSVGNTEAFF,TRBV15,TRBJ1-1,NA,Donor1:healthy,1.000000,-,-,-,-,-,-,-,-,-,-,-

702,SQGY%E,4.4e-02,1,2,1.7e-07,1.0e+00,6.5e-02,8.9e-02,1.0e-03,2.9e-02,global-SQGY%E,CASSQGYNEQFF,TRBV4-3,TRBJ2-1,NA,Donor1:healthy,2.000000,-,-,-,-,-,-,-,-,-,-,-
702,SQGY%E,4.4e-02,1,2,1.7e-07,1.0e+00,6.5e-02,8.9e-02,1.0e-03,2.9e-02,global-SQGY%E,CASSQGYHEQFF,TRBV16,TRBJ2-1,NA,Donor1:healthy,1.000000,-,-,-,-,-,-,-,-,-,-,-

703,SFGS%E,4.4e-02,1,2,2.0e-06,1.0e+00,6.9e-02,1.0e+00,1.0e-03,2.9e-02,global-SFGS%E,CASSFGSYEQYF,TRBV28,TRBJ2-7,NA,Donor1:healthy,1.000000,-,-,-,-,-,-,-,-,-,-,-
703,SFGS%E,4.4e-02,1,2,2.0e-06,1.0e+00,6.9e-02,1.0e+00,1.0e-03,2.9e-02,global-SFGS%E,CASSFGSHEQYF,TRBV6-3,TRBJ2-7,NA,Donor1:healthy,1.000000,-,-,-,-,-,-,-,-,-,-,-

704,SLLG%E,4.4e-02,1,3,7.4e-07,1.0e+00,1.2e-01,1.0e+00,1.0e-03,6.2e-03,global-SLLG%E,CASSLLGNEQFF,TRBV27,TRBJ2-1,NA,Donor1:healthy,1.000000,-,-,-,-,-,-,-,-,-,-,-
704,SLLG%E,4.4e-02,1,3,7.4e-07,1.0e+00,1.2e-01,1.0e+00,1.0e-03,6.2e-03,global-SLLG%E,CASSLLGDEQFF,TRBV5-6,TRBJ2-1,NA,Donor1:healthy,1.000000,-,-,-,-,-,-,-,-,-,-,-
704,SLLG%E,4.4e-02,1,3,7.4e-07,1.0e+00,1.2e-01,1.0e+00,1.0e-03,6.2e-03,global-SLLG%E,CASSLLGDEQYF,TRBV27,TRBJ2-7,NA,Donor1:healthy,1.000000,-,-,-,-,-,-,-,-,-,-,-

705,SLEG%T,4.4e-02,1,2,1.7e-08,1.0e+00,5.3e-02,1.1e-02,1.0e-03,2.9e-02,global-SLEG%T,CASSLEGETQYF,TRBV5-5,TRBJ2-5,NA,Donor1:healthy,1.000000,-,-,-,-,-,-,-,-,-,-,-
705,SLEG%T,4.4e-02,1,2,1.7e-08,1.0e+00,5.3e-02,1.1e-02,1.0e-03,2.9e-02,global-SLEG%T,CASSLEGNTIYF,TRBV12-3,TRBJ1-3,NA,Donor1:healthy,10.000000,-,-,-,-,-,-,-,-,-,-,-

706,SQGG%T,4.4e-02,1,2,5.6e-06,1.0e+00,1.9e-01,1.0e+00,1.0e-03,2.9e-02,global-SQGG%T,CASSQGGSTIYF,TRBV2,TRBJ1-3,NA,Donor1:healthy,1.000000,-,-,-,-,-,-,-,-,-,-,-
706,SQGG%T,4.4e-02,1,2,5.6e-06,1.0e+00,1.9e-01,1.0e+00,1.0e-03,2.9e-02,global-SQGG%T,CASSQGGDTQYF,TRBV4-3,TRBJ2-3,NA,Donor1:healthy,1.000000,-,-,-,-,-,-,-,-,-,-,-
706,SQGG%T,4.4e-02,1,2,5.6e-06,1.0e+00,1.9e-01,1.0e+00,1.0e-03,2.9e-02,global-SQGG%T,CASSQGGDTQYF,TRBV7-9,TRBJ2-3,NA,Donor1:healthy,1.000000,-,-,-,-,-,-,-,-,-,-,-

707,SLSG%G,4.4e-02,1,2,1.7e-06,1.0e+00,6.0e-02,1.0e+00,1.0e-03,2.9e-02,global-SLSG%G,CASSLSGNGYTF,TRBV27,TRBJ1-2,NA,Donor1:healthy,1.000000,-,-,-,-,-,-,-,-,-,-,-
707,SLSG%G,4.4e-02,1,2,1.7e-06,1.0e+00,6.0e-02,1.0e+00,1.0e-03,2.9e-02,global-SLSG%G,CASSLSGEGYTF,TRBV12-4,TRBJ1-2,NA,Donor1:healthy,1.000000,-,-,-,-,-,-,-,-,-,-,-

708,%RTVNTE,4.4e-02,1,2,5.6e-06,1.0e+00,1.9e-01,1.0e+00,1.0e-03,2.9e-02,global-%RTVNTE,CSVERTVNTEAFF,TRBV29-1,TRBJ1-1,NA,Donor1:healthy,1.000000,-,-,-,-,-,-,-,-,-,-,-
708,%RTVNTE,4.4e-02,1,2,5.6e-06,1.0e+00,1.9e-01,1.0e+00,1.0e-03,2.9e-02,global-%RTVNTE,CASSRTVNTEAFF,TRBV4-3,TRBJ1-1,NA,Donor1:healthy,1.000000,-,-,-,-,-,-,-,-,-,-,-
708,%RTVNTE,4.4e-02,1,2,5.6e-06,1.0e+00,1.9e-01,1.0e+00,1.0e-03,2.9e-02,global-%RTVNTE,CASSRTVNTEAFF,TRBV7-3,TRBJ1-1,NA,Donor1:healthy,1.000000,-,-,-,-,-,-,-,-,-,-,-

709,S%GPGNE,4.4e-02,1,2,2.1e-06,1.0e+00,7.1e-02,1.0e+00,1.0e-03,2.9e-02,global-S%GPGNE,CASSLGPGNEQYF,TRBV5-1,TRBJ2-7,NA,Donor1:healthy,1.000000,-,-,-,-,-,-,-,-,-,-,-
709,S%GPGNE,4.4e-02,1,2,2.1e-06,1.0e+00,7.1e-02,1.0e+00,1.0e-03,2.9e-02,global-S%GPGNE,CASSVGPGNEQFF,TRBV12-3,TRBJ2-1,NA,Donor1:healthy,1.000000,-,-,-,-,-,-,-,-,-,-,-

710,S%TVYNE,4.4e-02,1,2,1.6e-06,1.0e+00,5.4e-02,1.0e+00,1.0e-03,2.9e-02,global-S%TVYNE,CASSVTVYNEQFF,TRBV9,TRBJ2-1,NA,Donor1:healthy,1.000000,-,-,-,-,-,-,-,-,-,-,-
710,S%TVYNE,4.4e-02,1,2,1.6e-06,1.0e+00,5.4e-02,1.0e+00,1.0e-03,2.9e-02,global-S%TVYNE,CASSLTVYNEQFF,TRBV28,TRBJ2-1,NA,Donor1:healthy,1.000000,-,-,-,-,-,-,-,-,-,-,-

711,SL%GFNE,4.4e-02,1,2,2.2e-06,1.0e+00,7.7e-02,1.0e+00,1.0e-03,2.9e-02,global-SL%GFNE,CASSLGGFNEQFF,TRBV28,TRBJ2-1,NA,Donor1:healthy,1.000000,-,-,-,-,-,-,-,-,-,-,-
711,SL%GFNE,4.4e-02,1,2,2.2e-06,1.0e+00,7.7e-02,1.0e+00,1.0e-03,2.9e-02,global-SL%GFNE,CASSLAGFNEQFF,TRBV7-3,TRBJ2-1,NA,Donor1:healthy,1.000000,-,-,-,-,-,-,-,-,-,-,-

712,SP%VAYE,4.4e-02,1,2,1.9e-06,1.0e+00,6.6e-02,1.0e+00,1.0e-03,2.9e-02,global-SP%VAYE,CASSPGVAYEQYF,TRBV4-3,TRBJ2-7,NA,Donor1:healthy,1.000000,-,-,-,-,-,-,-,-,-,-,-
712,SP%VAYE,4.4e-02,1,2,1.9e-06,1.0e+00,6.6e-02,1.0e+00,1.0e-03,2.9e-02,global-SP%VAYE,CASSPSVAYEQYF,TRBV4-1,TRBJ2-7,NA,Donor1:healthy,1.000000,-,-,-,-,-,-,-,-,-,-,-

713,SY%SNQP,4.4e-02,1,2,1.2e-08,1.0e+00,8.0e-03,5.2e-02,1.0e-03,2.9e-02,global-SY%SNQP,CASSYHSNQPQHF,TRBV19,TRBJ1-5,NA,Donor1:healthy,2.000000,-,-,-,-,-,-,-,-,-,-,-
713,SY%SNQP,4.4e-02,1,2,1.2e-08,1.0e+00,8.0e-03,5.2e-02,1.0e-03,2.9e-02,global-SY%SNQP,CASSYHSNQPQHF,TRBV6-3,TRBJ1-5,NA,Donor1:healthy,1.000000,-,-,-,-,-,-,-,-,-,-,-
713,SY%SNQP,4.4e-02,1,2,1.2e-08,1.0e+00,8.0e-03,5.2e-02,1.0e-03,2.9e-02,global-SY%SNQP,CASSYYSNQPQHF,TRBV19,TRBJ1-5,NA,Donor1:healthy,3.000000,-,-,-,-,-,-,-,-,-,-,-

714,RQG%TGE,4.4e-02,1,2,1.9e-07,1.0e+00,7.1e-02,9.2e-02,1.0e-03,2.9e-02,global-RQG%TGE,CSARQGTTGELFF,TRBV20-1,TRBJ2-2,NA,Donor1:healthy,2.000000,-,-,-,-,-,-,-,-,-,-,-
714,RQG%TGE,4.4e-02,1,2,1.9e-07,1.0e+00,7.1e-02,9.2e-02,1.0e-03,2.9e-02,global-RQG%TGE,CASRQGNTGELFF,TRBV12-4,TRBJ2-2,NA,Donor1:healthy,1.000000,-,-,-,-,-,-,-,-,-,-,-

715,SPG%GGE,4.4e-02,1,2,2.2e-06,1.0e+00,7.6e-02,1.0e+00,1.0e-03,2.9e-02,global-SPG%GGE,CASSPGEGGEQYF,TRBV4-3,TRBJ2-7,NA,Donor1:healthy,1.000000,-,-,-,-,-,-,-,-,-,-,-
715,SPG%GGE,4.4e-02,1,2,2.2e-06,1.0e+00,7.6e-02,1.0e+00,1.0e-03,2.9e-02,global-SPG%GGE,CASSPGSGGELFF,TRBV27,TRBJ2-2,NA,Donor1:healthy,1.000000,-,-,-,-,-,-,-,-,-,-,-

716,SHR%SYE,4.4e-02,1,2,1.7e-06,1.0e+00,5.9e-02,1.0e+00,1.0e-03,2.9e-02,global-SHR%SYE,CASSHRSSYEQYF,TRBV19,TRBJ2-7,NA,Donor1:healthy,1.000000,-,-,-,-,-,-,-,-,-,-,-
716,SHR%SYE,4.4e-02,1,2,1.7e-06,1.0e+00,5.9e-02,1.0e+00,1.0e-03,2.9e-02,global-SHR%SYE,CASSHRDSYEQYF,TRBV7-9,TRBJ2-7,NA,Donor1:healthy,1.000000,-,-,-,-,-,-,-,-,-,-,-

717,SLR%NYG,4.4e-02,1,2,2.9e-08,1.0e+00,1.0e-03,1.0e+00,1.0e-03,2.9e-02,global-SLR%NYG,CASSLRGNYGYTF,TRBV27,TRBJ1-2,NA,Donor1:healthy,1.000000,-,-,-,-,-,-,-,-,-,-,-
717,SLR%NYG,4.4e-02,1,2,2.9e-08,1.0e+00,1.0e-03,1.0e+00,1.0e-03,2.9e-02,global-SLR%NYG,CASSLRSNYGYTF,TRBV27,TRBJ1-2,NA,Donor1:healthy,1.000000,-,-,-,-,-,-,-,-,-,-,-

718,SLE%TYE,4.4e-02,1,2,2.2e-06,1.0e+00,7.5e-02,1.0e+00,1.0e-03,2.9e-02,global-SLE%TYE,CASSLENTYEQYF,TRBV5-1,TRBJ2-7,NA,Donor1:healthy,1.000000,-,-,-,-,-,-,-,-,-,-,-
718,SLE%TYE,4.4e-02,1,2,2.2e-06,1.0e+00,7.5e-02,1.0e+00,1.0e-03,2.9e-02,global-SLE%TYE,CASSLERTYEAFF,TRBV13,TRBJ1-1,NA,Donor1:healthy,1.000000,-,-,-,-,-,-,-,-,-,-,-

719,SATG%YE,4.4e-02,1,2,2.0e-06,1.0e+00,6.9e-02,1.0e+00,1.0e-03,2.9e-02,global-SATG%YE,CASSATGGYEQYF,TRBV6-5,TRBJ2-7,NA,Donor1:healthy,1.000000,-,-,-,-,-,-,-,-,-,-,-
719,SATG%YE,4.4e-02,1,2,2.0e-06,1.0e+00,6.9e-02,1.0e+00,1.0e-03,2.9e-02,global-SATG%YE,CASSATGNYEQYF,TRBV27,TRBJ2-7,NA,Donor1:healthy,1.000000,-,-,-,-,-,-,-,-,-,-,-

720,SLPS%YE,4.4e-02,1,2,2.2e-06,1.0e+00,7.4e-02,1.0e+00,1.0e-03,2.9e-02,global-SLPS%YE,CASSLPSSYEQYF,TRBV7-9,TRBJ2-7,NA,Donor1:healthy,1.000000,-,-,-,-,-,-,-,-,-,-,-
720,SLPS%YE,4.4e-02,1,2,2.2e-06,1.0e+00,7.4e-02,1.0e+00,1.0e-03,2.9e-02,global-SLPS%YE,CASSLPSGYEQYF,TRBV27,TRBJ2-7,NA,Donor1:healthy,1.000000,-,-,-,-,-,-,-,-,-,-,-

721,SLGR%TE,4.4e-02,1,3,1.1e-06,1.0e+00,1.8e-01,1.0e+00,1.0e-03,6.2e-03,global-SLGR%TE,CASSLGRITEAFF,TRBV27,TRBJ1-1,NA,Donor1:healthy,1.000000,-,-,-,-,-,-,-,-,-,-,-
721,SLGR%TE,4.4e-02,1,3,1.1e-06,1.0e+00,1.8e-01,1.0e+00,1.0e-03,6.2e-03,global-SLGR%TE,CASSLGRVTEAFF,TRBV7-2,TRBJ1-1,NA,Donor1:healthy,1.000000,-,-,-,-,-,-,-,-,-,-,-
721,SLGR%TE,4.4e-02,1,3,1.1e-06,1.0e+00,1.8e-01,1.0e+00,1.0e-03,6.2e-03,global-SLGR%TE,CASSLGRATEAFF,TRBV7-9,TRBJ1-1,NA,Donor1:healthy,1.000000,-,-,-,-,-,-,-,-,-,-,-

722,SLSA%YE,4.4e-02,1,2,2.2e-06,1.0e+00,7.4e-02,1.0e+00,1.0e-03,2.9e-02,global-SLSA%YE,CASSLSADYEQYF,TRBV7-3,TRBJ2-7,NA,Donor1:healthy,1.000000,-,-,-,-,-,-,-,-,-,-,-
722,SLSA%YE,4.4e-02,1,2,2.2e-06,1.0e+00,7.4e-02,1.0e+00,1.0e-03,2.9e-02,global-SLSA%YE,CASSLSASYEQYF,TRBV5-4,TRBJ2-7,NA,Donor1:healthy,1.000000,-,-,-,-,-,-,-,-,-,-,-

723,SHGGG%E,4.4e-02,1,2,2.1e-06,1.0e+00,7.2e-02,1.0e+00,1.0e-03,2.9e-02,global-SHGGG%E,CASSHGGGNEQYF,TRBV4-1,TRBJ2-7,NA,Donor1:healthy,1.000000,-,-,-,-,-,-,-,-,-,-,-
723,SHGGG%E,4.4e-02,1,2,2.1e-06,1.0e+00,7.2e-02,1.0e+00,1.0e-03,2.9e-02,global-SHGGG%E,CASSHGGGSEQFF,TRBV11-3,TRBJ2-1,NA,Donor1:healthy,1.000000,-,-,-,-,-,-,-,-,-,-,-

724,SLGGD%E,4.4e-02,1,2,2.9e-08,1.0e+00,1.0e-03,1.0e+00,1.0e-03,2.9e-02,global-SLGGD%E,CASSLGGDTEAFF,TRBV28,TRBJ1-1,NA,Donor1:healthy,1.000000,-,-,-,-,-,-,-,-,-,-,-
724,SLGGD%E,4.4e-02,1,2,2.9e-08,1.0e+00,1.0e-03,1.0e+00,1.0e-03,2.9e-02,global-SLGGD%E,CASSLGGDNEQYF,TRBV28,TRBJ2-7,NA,Donor1:healthy,1.000000,-,-,-,-,-,-,-,-,-,-,-

725,S%GDSNQP,4.4e-02,1,3,2.1e-07,1.0e+00,3.6e-01,9.5e-02,1.0e-03,6.2e-03,global-S%GDSNQP,CAISTGDSNQPQHF,TRBV10-3,TRBJ1-5,NA,Donor1:healthy,4.000000,-,-,-,-,-,-,-,-,-,-,-
725,S%GDSNQP,4.4e-02,1,3,2.1e-07,1.0e+00,3.6e-01,9.5e-02,1.0e-03,6.2e-03,global-S%GDSNQP,CASSTGDSNQPQHF,TRBV6-6,TRBJ1-5,NA,Donor1:healthy,1.000000,-,-,-,-,-,-,-,-,-,-,-
725,S%GDSNQP,4.4e-02,1,3,2.1e-07,1.0e+00,3.6e-01,9.5e-02,1.0e-03,6.2e-03,global-S%GDSNQP,CASSTGDSNQPQHF,TRBV7-9,TRBJ1-5,NA,Donor1:healthy,1.000000,-,-,-,-,-,-,-,-,-,-,-
725,S%GDSNQP,4.4e-02,1,3,2.1e-07,1.0e+00,3.6e-01,9.5e-02,1.0e-03,6.2e-03,global-S%GDSNQP,CASSVGDSNQPQHF,TRBV9,TRBJ1-5,NA,Donor1:healthy,1.000000,-,-,-,-,-,-,-,-,-,-,-

726,S%GGSTYE,4.4e-02,1,2,1.7e-06,1.0e+00,5.7e-02,1.0e+00,1.0e-03,2.9e-02,global-S%GGSTYE,CASSVGGSTYEQYF,TRBV9,TRBJ2-7,NA,Donor1:healthy,1.000000,-,-,-,-,-,-,-,-,-,-,-
726,S%GGSTYE,4.4e-02,1,2,1.7e-06,1.0e+00,5.7e-02,1.0e+00,1.0e-03,2.9e-02,global-S%GGSTYE,CASSMGGSTYEQYF,TRBV19,TRBJ2-7,NA,Donor1:healthy,1.000000,-,-,-,-,-,-,-,-,-,-,-

727,SLG%GYNE,4.4e-02,1,2,1.5e-06,1.0e+00,5.1e-02,1.0e+00,1.0e-03,2.9e-02,global-SLG%GYNE,CASSLGQGYNEQFF,TRBV27,TRBJ2-1,NA,Donor1:healthy,1.000000,-,-,-,-,-,-,-,-,-,-,-
727,SLG%GYNE,4.4e-02,1,2,1.5e-06,1.0e+00,5.1e-02,1.0e+00,1.0e-03,2.9e-02,global-SLG%GYNE,CASSLGDGYNEQFF,TRBV7-9,TRBJ2-1,NA,Donor1:healthy,1.000000,-,-,-,-,-,-,-,-,-,-,-

728,SPP%GGYE,4.4e-02,1,2,1.6e-06,1.0e+00,5.6e-02,1.0e+00,1.0e-03,2.9e-02,global-SPP%GGYE,CASSPPGGGYEQYF,TRBV28,TRBJ2-7,NA,Donor1:healthy,1.000000,-,-,-,-,-,-,-,-,-,-,-
728,SPP%GGYE,4.4e-02,1,2,1.6e-06,1.0e+00,5.6e-02,1.0e+00,1.0e-03,2.9e-02,global-SPP%GGYE,CASSPPSGGYEQYF,TRBV11-2,TRBJ2-7,NA,Donor1:healthy,1.000000,-,-,-,-,-,-,-,-,-,-,-

729,SSG%GTYE,4.4e-02,1,2,2.0e-06,1.0e+00,6.7e-02,1.0e+00,1.0e-03,2.9e-02,global-SSG%GTYE,CASSSGTGTYEQYF,TRBV7-2,TRBJ2-7,NA,Donor1:healthy,1.000000,-,-,-,-,-,-,-,-,-,-,-
729,SSG%GTYE,4.4e-02,1,2,2.0e-06,1.0e+00,6.7e-02,1.0e+00,1.0e-03,2.9e-02,global-SSG%GTYE,CASSSGSGTYEQYF,TRBV7-6,TRBJ2-7,NA,Donor1:healthy,1.000000,-,-,-,-,-,-,-,-,-,-,-

730,SLG%SGYE,4.4e-02,1,2,1.7e-06,1.0e+00,5.8e-02,1.0e+00,1.0e-03,2.9e-02,global-SLG%SGYE,CASSLGASGYEQYF,TRBV11-2,TRBJ2-7,NA,Donor1:healthy,1.000000,-,-,-,-,-,-,-,-,-,-,-
730,SLG%SGYE,4.4e-02,1,2,1.7e-06,1.0e+00,5.8e-02,1.0e+00,1.0e-03,2.9e-02,global-SLG%SGYE,CASSLGGSGYEQYF,TRBV7-6,TRBJ2-7,NA,Donor1:healthy,1.000000,-,-,-,-,-,-,-,-,-,-,-

731,SFRG%YNE,4.4e-02,1,2,2.0e-07,1.0e+00,7.8e-02,8.8e-02,1.0e-03,2.9e-02,global-SFRG%YNE,CASSFRGSYNEQFF,TRBV7-2,TRBJ2-1,NA,Donor1:healthy,1.000000,-,-,-,-,-,-,-,-,-,-,-
731,SFRG%YNE,4.4e-02,1,2,2.0e-07,1.0e+00,7.8e-02,8.8e-02,1.0e-03,2.9e-02,global-SFRG%YNE,CASSFRGGYNEQFF,TRBV5-4,TRBJ2-1,NA,Donor1:healthy,2.000000,-,-,-,-,-,-,-,-,-,-,-

732,SLGGL%QP,4.4e-02,1,2,5.1e-06,1.0e+00,1.7e-01,1.0e+00,1.0e-03,2.9e-02,global-SLGGL%QP,CASSLGGLGQPQHF,TRBV12-4,TRBJ1-5,NA,Donor1:healthy,1.000000,-,-,-,-,-,-,-,-,-,-,-
732,SLGGL%QP,4.4e-02,1,2,5.1e-06,1.0e+00,1.7e-01,1.0e+00,1.0e-03,2.9e-02,global-SLGGL%QP,CASSLGGLGQPQHF,TRBV5-8,TRBJ1-5,NA,Donor1:healthy,1.000000,-,-,-,-,-,-,-,-,-,-,-
732,SLGGL%QP,4.4e-02,1,2,5.1e-06,1.0e+00,1.7e-01,1.0e+00,1.0e-03,2.9e-02,global-SLGGL%QP,CASSLGGLNQPQHF,TRBV11-2,TRBJ1-5,NA,Donor1:healthy,1.000000,-,-,-,-,-,-,-,-,-,-,-

733,SVGQG%DT,4.4e-02,1,2,2.9e-08,1.0e+00,1.0e-03,1.0e+00,1.0e-03,2.9e-02,global-SVGQG%DT,CASSVGQGADTQYF,TRBV5-1,TRBJ2-3,NA,Donor1:healthy,1.000000,-,-,-,-,-,-,-,-,-,-,-
733,SVGQG%DT,4.4e-02,1,2,2.9e-08,1.0e+00,1.0e-03,1.0e+00,1.0e-03,2.9e-02,global-SVGQG%DT,CASSVGQGVDTQYF,TRBV5-1,TRBJ2-3,NA,Donor1:healthy,1.000000,-,-,-,-,-,-,-,-,-,-,-

734,SPGGG%TE,4.4e-02,1,2,2.9e-08,1.0e+00,1.0e-03,1.0e+00,1.0e-03,2.9e-02,global-SPGGG%TE,CASSPGGGNTEAFF,TRBV7-6,TRBJ1-1,NA,Donor1:healthy,1.000000,-,-,-,-,-,-,-,-,-,-,-
734,SPGGG%TE,4.4e-02,1,2,2.9e-08,1.0e+00,1.0e-03,1.0e+00,1.0e-03,2.9e-02,global-SPGGG%TE,CASSPGGGGTEAFF,TRBV7-6,TRBJ1-1,NA,Donor1:healthy,1.000000,-,-,-,-,-,-,-,-,-,-,-

735,SQEAG%TE,4.4e-02,1,2,2.0e-06,1.0e+00,6.8e-02,1.0e+00,1.0e-03,2.9e-02,global-SQEAG%TE,CASSQEAGATEAFF,TRBV4-3,TRBJ1-1,NA,Donor1:healthy,1.000000,-,-,-,-,-,-,-,-,-,-,-
735,SQEAG%TE,4.4e-02,1,2,2.0e-06,1.0e+00,6.8e-02,1.0e+00,1.0e-03,2.9e-02,global-SQEAG%TE,CASSQEAGGTEAFF,TRBV6-1,TRBJ1-1,NA,Donor1:healthy,1.000000,-,-,-,-,-,-,-,-,-,-,-

736,SLGGA%YE,4.4e-02,1,2,2.4e-06,1.0e+00,8.2e-02,1.0e+00,1.0e-03,2.9e-02,global-SLGGA%YE,CASSLGGAAYEQYF,TRBV27,TRBJ2-7,NA,Donor1:healthy,1.000000,-,-,-,-,-,-,-,-,-,-,-
736,SLGGA%YE,4.4e-02,1,2,2.4e-06,1.0e+00,8.2e-02,1.0e+00,1.0e-03,2.9e-02,global-SLGGA%YE,CASSLGGASYEQYF,TRBV5-6,TRBJ2-7,NA,Donor1:healthy,1.000000,-,-,-,-,-,-,-,-,-,-,-

737,SLGDR%TE,4.4e-02,1,2,1.9e-06,1.0e+00,6.5e-02,1.0e+00,1.0e-03,2.9e-02,global-SLGDR%TE,CASSLGDRNTEAFF,TRBV11-2,TRBJ1-1,NA,Donor1:healthy,1.000000,-,-,-,-,-,-,-,-,-,-,-
737,SLGDR%TE,4.4e-02,1,2,1.9e-06,1.0e+00,6.5e-02,1.0e+00,1.0e-03,2.9e-02,global-SLGDR%TE,CASSLGDRDTEAFF,TRBV12-3,TRBJ1-1,NA,Donor1:healthy,1.000000,-,-,-,-,-,-,-,-,-,-,-

738,SLGGGS%E,4.4e-02,1,2,1.8e-06,1.0e+00,6.2e-02,1.0e+00,1.0e-03,2.9e-02,global-SLGGGS%E,CASSLGGGSGEQFF,TRBV7-3,TRBJ2-1,NA,Donor1:healthy,1.000000,-,-,-,-,-,-,-,-,-,-,-
738,SLGGGS%E,4.4e-02,1,2,1.8e-06,1.0e+00,6.2e-02,1.0e+00,1.0e-03,2.9e-02,global-SLGGGS%E,CASSLGGGSNEQYF,TRBV5-5,TRBJ2-7,NA,Donor1:healthy,1.000000,-,-,-,-,-,-,-,-,-,-,-

739,S%GQNSNQP,4.4e-02,1,2,2.0e-06,1.0e+00,6.8e-02,1.0e+00,1.0e-03,2.9e-02,global-S%GQNSNQP,CASSFGQNSNQPQHF,TRBV12-4,TRBJ1-5,NA,Donor1:healthy,1.000000,-,-,-,-,-,-,-,-,-,-,-
739,S%GQNSNQP,4.4e-02,1,2,2.0e-06,1.0e+00,6.8e-02,1.0e+00,1.0e-03,2.9e-02,global-S%GQNSNQP,CASSYGQNSNQPQHF,TRBV7-6,TRBJ1-5,NA,Donor1:healthy,1.000000,-,-,-,-,-,-,-,-,-,-,-

740,SL%SGSTDT,4.4e-02,1,2,2.2e-06,1.0e+00,7.7e-02,1.0e+00,1.0e-03,2.9e-02,global-SL%SGSTDT,CASSLFSGSTDTQYF,TRBV10-1,TRBJ2-3,NA,Donor1:healthy,1.000000,-,-,-,-,-,-,-,-,-,-,-
740,SL%SGSTDT,4.4e-02,1,2,2.2e-06,1.0e+00,7.7e-02,1.0e+00,1.0e-03,2.9e-02,global-SL%SGSTDT,CASSLMSGSTDTQYF,TRBV7-3,TRBJ2-3,NA,Donor1:healthy,1.000000,-,-,-,-,-,-,-,-,-,-,-

741,SLRDR%TDT,4.4e-02,1,2,1.7e-06,1.0e+00,5.9e-02,1.0e+00,1.0e-03,2.9e-02,global-SLRDR%TDT,CASSLRDRGTDTQYF,TRBV11-1,TRBJ2-3,NA,Donor1:healthy,1.000000,-,-,-,-,-,-,-,-,-,-,-
741,SLRDR%TDT,4.4e-02,1,2,1.7e-06,1.0e+00,5.9e-02,1.0e+00,1.0e-03,2.9e-02,global-SLRDR%TDT,CASSLRDRSTDTQYF,TRBV4-3,TRBJ2-3,NA,Donor1:healthy,1.000000,-,-,-,-,-,-,-,-,-,-,-

742,SLGQGA%TE,4.4e-02,1,2,2.1e-06,1.0e+00,7.2e-02,1.0e+00,1.0e-03,2.9e-02,global-SLGQGA%TE,CASSLGQGAFTEAFF,TRBV5-1,TRBJ1-1,NA,Donor1:healthy,1.000000,-,-,-,-,-,-,-,-,-,-,-
742,SLGQGA%TE,4.4e-02,1,2,2.1e-06,1.0e+00,7.2e-02,1.0e+00,1.0e-03,2.9e-02,global-SLGQGA%TE,CASSLGQGAYTEAFF,TRBV7-9,TRBJ1-1,NA,Donor1:healthy,1.000000,-,-,-,-,-,-,-,-,-,-,-

743,SLGGQG%YE,4.4e-02,1,2,2.2e-06,1.0e+00,7.5e-02,1.0e+00,1.0e-03,2.9e-02,global-SLGGQG%YE,CASSLGGQGAYEQYF,TRBV7-6,TRBJ2-7,NA,Donor1:healthy,1.000000,-,-,-,-,-,-,-,-,-,-,-
743,SLGGQG%YE,4.4e-02,1,2,2.2e-06,1.0e+00,7.5e-02,1.0e+00,1.0e-03,2.9e-02,global-SLGGQG%YE,CASSLGGQGTYEQYF,TRBV5-8,TRBJ2-7,NA,Donor1:healthy,1.000000,-,-,-,-,-,-,-,-,-,-,-

744,SVSGTGG%E,4.4e-02,1,2,1.8e-06,1.0e+00,6.3e-02,1.0e+00,1.0e-03,2.9e-02,global-SVSGTGG%E,CASSVSGTGGTEAFF,TRBV9,TRBJ1-1,NA,Donor1:healthy,1.000000,-,-,-,-,-,-,-,-,-,-,-
744,SVSGTGG%E,4.4e-02,1,2,1.8e-06,1.0e+00,6.3e-02,1.0e+00,1.0e-03,2.9e-02,global-SVSGTGG%E,CASSVSGTGGSEQFF,TRBV6-1,TRBJ2-1,NA,Donor1:healthy,1.000000,-,-,-,-,-,-,-,-,-,-,-

745,%GAGE,5.0e-02,1,3,1.0e-06,1.0e+00,1.7e-01,1.0e+00,1.0e-03,6.2e-03,global-%GAGE,CASMGAGELFF,TRBV9,TRBJ2-2,NA,Donor1:healthy,1.000000,-,-,-,-,-,-,-,-,-,-,-
745,%GAGE,5.0e-02,1,3,1.0e-06,1.0e+00,1.7e-01,1.0e+00,1.0e-03,6.2e-03,global-%GAGE,CAVQGAGEQYF,TRBV10-3,TRBJ2-7,NA,Donor1:healthy,1.000000,-,-,-,-,-,-,-,-,-,-,-
745,%GAGE,5.0e-02,1,3,1.0e-06,1.0e+00,1.7e-01,1.0e+00,1.0e-03,6.2e-03,global-%GAGE,CASRGAGELFF,TRBV2,TRBJ2-2,NA,Donor1:healthy,1.000000,-,-,-,-,-,-,-,-,-,-,-

746,SA%YE,5.0e-02,1,3,2.9e-06,1.0e+00,4.7e-01,1.0e+00,1.0e-03,6.2e-03,global-SA%YE,CASSASYEQYF,TRBV7-2,TRBJ2-7,NA,Donor1:healthy,1.000000,-,-,-,-,-,-,-,-,-,-,-
746,SA%YE,5.0e-02,1,3,2.9e-06,1.0e+00,4.7e-01,1.0e+00,1.0e-03,6.2e-03,global-SA%YE,CALSASYEQYF,TRBV6-1,TRBJ2-7,NA,Donor1:healthy,1.000000,-,-,-,-,-,-,-,-,-,-,-
746,SA%YE,5.0e-02,1,3,2.9e-06,1.0e+00,4.7e-01,1.0e+00,1.0e-03,6.2e-03,global-SA%YE,CASSANYEQYF,TRBV25-1,TRBJ2-7,NA,Donor1:healthy,1.000000,-,-,-,-,-,-,-,-,-,-,-
746,SA%YE,5.0e-02,1,3,2.9e-06,1.0e+00,4.7e-01,1.0e+00,1.0e-03,6.2e-03,global-SA%YE,CASSANYEQYF,TRBV27,TRBJ2-7,NA,Donor1:healthy,1.000000,-,-,-,-,-,-,-,-,-,-,-
746,SA%YE,5.0e-02,1,3,2.9e-06,1.0e+00,4.7e-01,1.0e+00,1.0e-03,6.2e-03,global-SA%YE,CASSANYEQYF,TRBV7-8,TRBJ2-7,NA,Donor1:healthy,1.000000,-,-,-,-,-,-,-,-,-,-,-

747,SLG%TDT,5.0e-02,1,3,9.2e-08,1.0e+00,1.1e-01,1.3e-01,1.0e-03,6.2e-03,global-SLG%TDT,CASSLGSTDTQYF,TRBV27,TRBJ2-3,NA,Donor1:healthy,2.000000,-,-,-,-,-,-,-,-,-,-,-
747,SLG%TDT,5.0e-02,1,3,9.2e-08,1.0e+00,1.1e-01,1.3e-01,1.0e-03,6.2e-03,global-SLG%TDT,CASSLGQTDTQYF,TRBV27,TRBJ2-3,NA,Donor1:healthy,1.000000,-,-,-,-,-,-,-,-,-,-,-
747,SLG%TDT,5.0e-02,1,3,9.2e-08,1.0e+00,1.1e-01,1.3e-01,1.0e-03,6.2e-03,global-SLG%TDT,CASSLGGTDTQYF,TRBV6-5,TRBJ2-3,NA,Donor1:healthy,1.000000,-,-,-,-,-,-,-,-,-,-,-

748,SPPGG%E,5.0e-02,1,3,2.1e-06,1.0e+00,3.4e-01,1.0e+00,1.0e-03,6.2e-03,global-SPPGG%E,CASSPPGGGEQYF,TRBV7-2,TRBJ2-7,NA,Donor1:healthy,1.000000,-,-,-,-,-,-,-,-,-,-,-
748,SPPGG%E,5.0e-02,1,3,2.1e-06,1.0e+00,3.4e-01,1.0e+00,1.0e-03,6.2e-03,global-SPPGG%E,CASSPPGGSEQYF,TRBV5-4,TRBJ2-7,NA,Donor1:healthy,1.000000,-,-,-,-,-,-,-,-,-,-,-
748,SPPGG%E,5.0e-02,1,3,2.1e-06,1.0e+00,3.4e-01,1.0e+00,1.0e-03,6.2e-03,global-SPPGG%E,CASSPPGGNEQFF,TRBV2,TRBJ2-1,NA,Donor1:healthy,1.000000,-,-,-,-,-,-,-,-,-,-,-
748,SPPGG%E,5.0e-02,1,3,2.1e-06,1.0e+00,3.4e-01,1.0e+00,1.0e-03,6.2e-03,global-SPPGG%E,CASSPPGGNEQFF,TRBV7-8,TRBJ2-1,NA,Donor1:healthy,1.000000,-,-,-,-,-,-,-,-,-,-,-

749,S%TGLNTE,5.0e-02,1,3,1.2e-06,1.0e+00,1.9e-01,1.0e+00,1.0e-03,6.2e-03,global-S%TGLNTE,CASSATGLNTEAFF,TRBV7-2,TRBJ1-1,NA,Donor1:healthy,1.000000,-,-,-,-,-,-,-,-,-,-,-
749,S%TGLNTE,5.0e-02,1,3,1.2e-06,1.0e+00,1.9e-01,1.0e+00,1.0e-03,6.2e-03,global-S%TGLNTE,CSASDTGLNTEAFF,TRBV20-1,TRBJ1-1,NA,Donor1:healthy,1.000000,-,-,-,-,-,-,-,-,-,-,-
749,S%TGLNTE,5.0e-02,1,3,1.2e-06,1.0e+00,1.9e-01,1.0e+00,1.0e-03,6.2e-03,global-S%TGLNTE,CASSSTGLNTEAFF,TRBV13,TRBJ1-1,NA,Donor1:healthy,1.000000,-,-,-,-,-,-,-,-,-,-,-

750,%TDT,5.1e-02,1,4,1.2e-06,1.0e+00,5.0e-01,1.0e+00,1.0e-03,2.3e-03,global-%TDT,CASGTDTQYF,TRBV7-3,TRBJ2-3,NA,Donor1:healthy,1.000000,-,-,-,-,-,-,-,-,-,-,-
750,%TDT,5.1e-02,1,4,1.2e-06,1.0e+00,5.0e-01,1.0e+00,1.0e-03,2.3e-03,global-%TDT,CASSTDTQYF,TRBV9,TRBJ2-3,NA,Donor1:healthy,1.000000,-,-,-,-,-,-,-,-,-,-,-
750,%TDT,5.1e-02,1,4,1.2e-06,1.0e+00,5.0e-01,1.0e+00,1.0e-03,2.3e-03,global-%TDT,CAIQTDTQYF,TRBV12-4,TRBJ2-3,NA,Donor1:healthy,1.000000,-,-,-,-,-,-,-,-,-,-,-
750,%TDT,5.1e-02,1,4,1.2e-06,1.0e+00,5.0e-01,1.0e+00,1.0e-03,2.3e-03,global-%TDT,CATGTDTQYF,TRBV24-1,TRBJ2-3,NA,Donor1:healthy,1.000000,-,-,-,-,-,-,-,-,-,-,-
750,%TDT,5.1e-02,1,4,1.2e-06,1.0e+00,5.0e-01,1.0e+00,1.0e-03,2.3e-03,global-%TDT,CATGTDTQYF,TRBV6-3,TRBJ2-3,NA,Donor1:healthy,1.000000,-,-,-,-,-,-,-,-,-,-,-

751,SP%NE,5.1e-02,1,4,8.4e-07,1.0e+00,3.6e-01,1.0e+00,1.0e-03,2.3e-03,global-SP%NE,CASSPNNEQFF,TRBV28,TRBJ2-1,NA,Donor1:healthy,1.000000,-,-,-,-,-,-,-,-,-,-,-
751,SP%NE,5.1e-02,1,4,8.4e-07,1.0e+00,3.6e-01,1.0e+00,1.0e-03,2.3e-03,global-SP%NE,CASSPTNEAFF,TRBV9,TRBJ1-1,NA,Donor1:healthy,1.000000,-,-,-,-,-,-,-,-,-,-,-
751,SP%NE,5.1e-02,1,4,8.4e-07,1.0e+00,3.6e-01,1.0e+00,1.0e-03,2.3e-03,global-SP%NE,CASSPGNEQFF,TRBV27,TRBJ2-1,NA,Donor1:healthy,1.000000,-,-,-,-,-,-,-,-,-,-,-
751,SP%NE,5.1e-02,1,4,8.4e-07,1.0e+00,3.6e-01,1.0e+00,1.0e-03,2.3e-03,global-SP%NE,CSASPGNEQYF,TRBV20-1,TRBJ2-7,NA,Donor1:healthy,1.000000,-,-,-,-,-,-,-,-,-,-,-

752,%SNQP,5.3e-02,1,2,1.7e-07,1.0e+00,6.4e-02,9.2e-02,1.0e-03,2.9e-02,global-%SNQP,CARTSNQPQHF,TRBV6-3,TRBJ1-5,NA,Donor1:healthy,1.000000,-,-,-,-,-,-,-,-,-,-,-
752,%SNQP,5.3e-02,1,2,1.7e-07,1.0e+00,6.4e-02,9.2e-02,1.0e-03,2.9e-02,global-%SNQP,CASSSNQPQHF,TRBV28,TRBJ1-5,NA,Donor1:healthy,2.000000,-,-,-,-,-,-,-,-,-,-,-

753,%GGAYE,5.3e-02,1,2,1.9e-06,1.0e+00,6.5e-02,1.0e+00,1.0e-03,2.9e-02,global-%GGAYE,CSASGGAYEQYF,TRBV20-1,TRBJ2-7,NA,Donor1:healthy,1.000000,-,-,-,-,-,-,-,-,-,-,-
753,%GGAYE,5.3e-02,1,2,1.9e-06,1.0e+00,6.5e-02,1.0e+00,1.0e-03,2.9e-02,global-%GGAYE,CSVDGGAYEQYF,TRBV29-1,TRBJ2-7,NA,Donor1:healthy,1.000000,-,-,-,-,-,-,-,-,-,-,-

754,%TSYNE,5.3e-02,1,2,2.9e-08,1.0e+00,1.0e-03,1.0e+00,1.0e-03,2.9e-02,global-%TSYNE,CASSTSYNEQFF,TRBV28,TRBJ2-1,NA,Donor1:healthy,1.000000,-,-,-,-,-,-,-,-,-,-,-
754,%TSYNE,5.3e-02,1,2,2.9e-08,1.0e+00,1.0e-03,1.0e+00,1.0e-03,2.9e-02,global-%TSYNE,CASGTSYNEQFF,TRBV28,TRBJ2-1,NA,Donor1:healthy,1.000000,-,-,-,-,-,-,-,-,-,-,-

755,S%GVDE,5.3e-02,1,2,2.3e-06,1.0e+00,7.8e-02,1.0e+00,1.0e-03,2.9e-02,global-S%GVDE,CASSNGVDEQFF,TRBV9,TRBJ2-1,NA,Donor1:healthy,1.000000,-,-,-,-,-,-,-,-,-,-,-
755,S%GVDE,5.3e-02,1,2,2.3e-06,1.0e+00,7.8e-02,1.0e+00,1.0e-03,2.9e-02,global-S%GVDE,CASSRGVDEQFF,TRBV11-2,TRBJ2-1,NA,Donor1:healthy,1.000000,-,-,-,-,-,-,-,-,-,-,-

756,S%TGVG,5.3e-02,1,2,2.2e-08,1.0e+00,8.3e-02,9.0e-03,1.0e-03,2.9e-02,global-S%TGVG,CASSQTGVGRDF,TRBV4-1,TRBJ2-3,NA,Donor1:healthy,1.000000,-,-,-,-,-,-,-,-,-,-,-
756,S%TGVG,5.3e-02,1,2,2.2e-08,1.0e+00,8.3e-02,9.0e-03,1.0e-03,2.9e-02,global-S%TGVG,CASSSTGVGYTF,TRBV5-6,TRBJ1-2,NA,Donor1:healthy,19.000000,-,-,-,-,-,-,-,-,-,-,-

757,S%ADNE,5.3e-02,1,2,1.9e-06,1.0e+00,6.4e-02,1.0e+00,1.0e-03,2.9e-02,global-S%ADNE,CASSFADNEQFF,TRBV5-6,TRBJ2-1,NA,Donor1:healthy,1.000000,-,-,-,-,-,-,-,-,-,-,-
757,S%ADNE,5.3e-02,1,2,1.9e-06,1.0e+00,6.4e-02,1.0e+00,1.0e-03,2.9e-02,global-S%ADNE,CASSLADNEQFF,TRBV5-4,TRBJ2-1,NA,Donor1:healthy,1.000000,-,-,-,-,-,-,-,-,-,-,-

758,SSR%TE,5.3e-02,1,2,2.3e-06,1.0e+00,8.0e-02,1.0e+00,1.0e-03,2.9e-02,global-SSR%TE,CASSSRGTEAFF,TRBV27,TRBJ1-1,NA,Donor1:healthy,1.000000,-,-,-,-,-,-,-,-,-,-,-
758,SSR%TE,5.3e-02,1,2,2.3e-06,1.0e+00,8.0e-02,1.0e+00,1.0e-03,2.9e-02,global-SSR%TE,CASSSRNTEAFF,TRBV28,TRBJ1-1,NA,Donor1:healthy,1.000000,-,-,-,-,-,-,-,-,-,-,-

759,SSR%DT,5.3e-02,1,2,2.2e-06,1.0e+00,7.4e-02,1.0e+00,1.0e-03,2.9e-02,global-SSR%DT,CATSSRGDTQYF,TRBV15,TRBJ2-3,NA,Donor1:healthy,1.000000,-,-,-,-,-,-,-,-,-,-,-
759,SSR%DT,5.3e-02,1,2,2.2e-06,1.0e+00,7.4e-02,1.0e+00,1.0e-03,2.9e-02,global-SSR%DT,CASSSRSDTQYF,TRBV11-3,TRBJ2-3,NA,Donor1:healthy,1.000000,-,-,-,-,-,-,-,-,-,-,-

760,SQAG%E,5.3e-02,1,2,2.9e-08,1.0e+00,1.0e-03,1.0e+00,1.0e-03,2.9e-02,global-SQAG%E,CASSQAGNEQFF,TRBV4-1,TRBJ2-1,NA,Donor1:healthy,1.000000,-,-,-,-,-,-,-,-,-,-,-
760,SQAG%E,5.3e-02,1,2,2.9e-08,1.0e+00,1.0e-03,1.0e+00,1.0e-03,2.9e-02,global-SQAG%E,CASSQAGDEQYF,TRBV4-1,TRBJ2-7,NA,Donor1:healthy,1.000000,-,-,-,-,-,-,-,-,-,-,-

761,S%STGNE,5.3e-02,1,2,1.9e-06,1.0e+00,6.6e-02,1.0e+00,1.0e-03,2.9e-02,global-S%STGNE,CASSLSTGNEQYF,TRBV7-3,TRBJ2-7,NA,Donor1:healthy,1.000000,-,-,-,-,-,-,-,-,-,-,-
761,S%STGNE,5.3e-02,1,2,1.9e-06,1.0e+00,6.6e-02,1.0e+00,1.0e-03,2.9e-02,global-S%STGNE,CASSFSTGNEQFF,TRBV6-3,TRBJ2-1,NA,Donor1:healthy,1.000000,-,-,-,-,-,-,-,-,-,-,-

762,S%ASNQP,5.3e-02,1,2,1.8e-08,1.0e+00,4.7e-02,1.3e-02,1.0e-03,2.9e-02,global-S%ASNQP,CASSVASNQPQHF,TRBV9,TRBJ1-5,NA,Donor1:healthy,15.000000,-,-,-,-,-,-,-,-,-,-,-
762,S%ASNQP,5.3e-02,1,2,1.8e-08,1.0e+00,4.7e-02,1.3e-02,1.0e-03,2.9e-02,global-S%ASNQP,CASSLASNQPQHF,TRBV5-6,TRBJ1-5,NA,Donor1:healthy,2.000000,-,-,-,-,-,-,-,-,-,-,-

763,S%GGVYG,5.3e-02,1,2,1.6e-06,1.0e+00,5.6e-02,1.0e+00,1.0e-03,2.9e-02,global-S%GGVYG,CSASTGGVYGYTF,TRBV20-1,TRBJ1-2,NA,Donor1:healthy,1.000000,-,-,-,-,-,-,-,-,-,-,-
763,S%GGVYG,5.3e-02,1,2,1.6e-06,1.0e+00,5.6e-02,1.0e+00,1.0e-03,2.9e-02,global-S%GGVYG,CASSSGGVYGYTF,TRBV7-9,TRBJ1-2,NA,Donor1:healthy,1.000000,-,-,-,-,-,-,-,-,-,-,-

764,SL%GWDE,5.3e-02,1,2,2.2e-06,1.0e+00,7.4e-02,1.0e+00,1.0e-03,2.9e-02,global-SL%GWDE,CASSLRGWDEQYF,TRBV6-3,TRBJ2-7,NA,Donor1:healthy,1.000000,-,-,-,-,-,-,-,-,-,-,-
764,SL%GWDE,5.3e-02,1,2,2.2e-06,1.0e+00,7.4e-02,1.0e+00,1.0e-03,2.9e-02,global-SL%GWDE,CASSLQGWDEQYF,TRBV28,TRBJ2-7,NA,Donor1:healthy,1.000000,-,-,-,-,-,-,-,-,-,-,-

765,SF%GTGE,5.3e-02,1,2,2.0e-06,1.0e+00,7.0e-02,1.0e+00,1.0e-03,2.9e-02,global-SF%GTGE,CASSFTGTGELFF,TRBV7-9,TRBJ2-2,NA,Donor1:healthy,1.000000,-,-,-,-,-,-,-,-,-,-,-
765,SF%GTGE,5.3e-02,1,2,2.0e-06,1.0e+00,7.0e-02,1.0e+00,1.0e-03,2.9e-02,global-SF%GTGE,CASSFSGTGEAFF,TRBV11-2,TRBJ1-1,NA,Donor1:healthy,1.000000,-,-,-,-,-,-,-,-,-,-,-

766,SL%VYNE,5.3e-02,1,2,1.8e-06,1.0e+00,6.1e-02,1.0e+00,1.0e-03,2.9e-02,global-SL%VYNE,CASSLVVYNEQFF,TRBV7-6,TRBJ2-1,NA,Donor1:healthy,1.000000,-,-,-,-,-,-,-,-,-,-,-
766,SL%VYNE,5.3e-02,1,2,1.8e-06,1.0e+00,6.1e-02,1.0e+00,1.0e-03,2.9e-02,global-SL%VYNE,CASSLTVYNEQFF,TRBV28,TRBJ2-1,NA,Donor1:healthy,1.000000,-,-,-,-,-,-,-,-,-,-,-

767,SLL%SYE,5.3e-02,1,2,1.8e-06,1.0e+00,6.3e-02,1.0e+00,1.0e-03,2.9e-02,global-SLL%SYE,CASSLLASYEQYF,TRBV27,TRBJ2-7,NA,Donor1:healthy,1.000000,-,-,-,-,-,-,-,-,-,-,-
767,SLL%SYE,5.3e-02,1,2,1.8e-06,1.0e+00,6.3e-02,1.0e+00,1.0e-03,2.9e-02,global-SLL%SYE,CASSLLGSYEQYF,TRBV28,TRBJ2-7,NA,Donor1:healthy,1.000000,-,-,-,-,-,-,-,-,-,-,-

768,SSG%NYG,5.3e-02,1,2,1.7e-06,1.0e+00,6.0e-02,1.0e+00,1.0e-03,2.9e-02,global-SSG%NYG,CASSSGANYGYTF,TRBV12-3,TRBJ1-2,NA,Donor1:healthy,1.000000,-,-,-,-,-,-,-,-,-,-,-
768,SSG%NYG,5.3e-02,1,2,1.7e-06,1.0e+00,6.0e-02,1.0e+00,1.0e-03,2.9e-02,global-SSG%NYG,CASSSGTNYGYTF,TRBV12-4,TRBJ1-2,NA,Donor1:healthy,1.000000,-,-,-,-,-,-,-,-,-,-,-

769,SQG%YNE,5.3e-02,1,2,2.1e-07,1.0e+00,6.4e-02,1.1e-01,1.0e-03,2.9e-02,global-SQG%YNE,CASSQGSYNEQFF,TRBV7-3,TRBJ2-1,NA,Donor1:healthy,1.000000,-,-,-,-,-,-,-,-,-,-,-
769,SQG%YNE,5.3e-02,1,2,2.1e-07,1.0e+00,6.4e-02,1.1e-01,1.0e-03,2.9e-02,global-SQG%YNE,CASSQGDYNEQFF,TRBV5-6,TRBJ2-1,NA,Donor1:healthy,2.000000,-,-,-,-,-,-,-,-,-,-,-

770,SLA%TGE,5.3e-02,1,2,1.9e-06,1.0e+00,6.4e-02,1.0e+00,1.0e-03,2.9e-02,global-SLA%TGE,CASSLAYTGELFF,TRBV5-5,TRBJ2-2,NA,Donor1:healthy,1.000000,-,-,-,-,-,-,-,-,-,-,-
770,SLA%TGE,5.3e-02,1,2,1.9e-06,1.0e+00,6.4e-02,1.0e+00,1.0e-03,2.9e-02,global-SLA%TGE,CASSLAHTGELFF,TRBV11-3,TRBJ2-2,NA,Donor1:healthy,1.000000,-,-,-,-,-,-,-,-,-,-,-

771,SVGG%DT,5.3e-02,1,2,3.4e-06,1.0e+00,1.2e-01,1.0e+00,1.0e-03,2.9e-02,global-SVGG%DT,CASSVGGADTQYF,TRBV9,TRBJ2-3,NA,Donor1:healthy,1.000000,-,-,-,-,-,-,-,-,-,-,-
771,SVGG%DT,5.3e-02,1,2,3.4e-06,1.0e+00,1.2e-01,1.0e+00,1.0e-03,2.9e-02,global-SVGG%DT,CASSVGGTDTQYF,TRBV6-1,TRBJ2-3,NA,Donor1:healthy,1.000000,-,-,-,-,-,-,-,-,-,-,-
771,SVGG%DT,5.3e-02,1,2,3.4e-06,1.0e+00,1.2e-01,1.0e+00,1.0e-03,2.9e-02,global-SVGG%DT,CASSVGGTDTQYF,TRBV9,TRBJ2-3,NA,Donor1:healthy,1.000000,-,-,-,-,-,-,-,-,-,-,-

772,SQGA%YE,5.3e-02,1,2,1.8e-06,1.0e+00,6.2e-02,1.0e+00,1.0e-03,2.9e-02,global-SQGA%YE,CASSQGASYEQYF,TRBV4-1,TRBJ2-7,NA,Donor1:healthy,1.000000,-,-,-,-,-,-,-,-,-,-,-
772,SQGA%YE,5.3e-02,1,2,1.8e-06,1.0e+00,6.2e-02,1.0e+00,1.0e-03,2.9e-02,global-SQGA%YE,CASSQGAGYEQYF,TRBV4-3,TRBJ2-7,NA,Donor1:healthy,1.000000,-,-,-,-,-,-,-,-,-,-,-

773,SLGRV%E,5.3e-02,1,2,2.0e-06,1.0e+00,6.7e-02,1.0e+00,1.0e-03,2.9e-02,global-SLGRV%E,CASSLGRVSEEFF,TRBV6-5,TRBJ2-1,NA,Donor1:healthy,1.000000,-,-,-,-,-,-,-,-,-,-,-
773,SLGRV%E,5.3e-02,1,2,2.0e-06,1.0e+00,6.7e-02,1.0e+00,1.0e-03,2.9e-02,global-SLGRV%E,CASSLGRVTEAFF,TRBV7-2,TRBJ1-1,NA,Donor1:healthy,1.000000,-,-,-,-,-,-,-,-,-,-,-

774,%GRSSYNE,5.3e-02,1,2,2.1e-06,1.0e+00,7.2e-02,1.0e+00,1.0e-03,2.9e-02,global-%GRSSYNE,CASSGRSSYNEQFF,TRBV9,TRBJ2-1,NA,Donor1:healthy,1.000000,-,-,-,-,-,-,-,-,-,-,-
774,%GRSSYNE,5.3e-02,1,2,2.1e-06,1.0e+00,7.2e-02,1.0e+00,1.0e-03,2.9e-02,global-%GRSSYNE,CASGGRSSYNEQFF,TRBV4-2,TRBJ2-1,NA,Donor1:healthy,1.000000,-,-,-,-,-,-,-,-,-,-,-

775,S%GTGVYG,5.3e-02,1,2,2.0e-06,1.0e+00,6.7e-02,1.0e+00,1.0e-03,2.9e-02,global-S%GTGVYG,CASSAGTGVYGYTF,TRBV7-2,TRBJ1-2,NA,Donor1:healthy,1.000000,-,-,-,-,-,-,-,-,-,-,-
775,S%GTGVYG,5.3e-02,1,2,2.0e-06,1.0e+00,6.7e-02,1.0e+00,1.0e-03,2.9e-02,global-S%GTGVYG,CASSTGTGVYGYTF,TRBV27,TRBJ1-2,NA,Donor1:healthy,1.000000,-,-,-,-,-,-,-,-,-,-,-

776,SL%GLGQP,5.3e-02,1,2,2.0e-06,1.0e+00,6.7e-02,1.0e+00,1.0e-03,2.9e-02,global-SL%GLGQP,CASSLRGLGQPQHF,TRBV5-6,TRBJ1-5,NA,Donor1:healthy,1.000000,-,-,-,-,-,-,-,-,-,-,-
776,SL%GLGQP,5.3e-02,1,2,2.0e-06,1.0e+00,6.7e-02,1.0e+00,1.0e-03,2.9e-02,global-SL%GLGQP,CASSLQGLGQPQHF,TRBV4-1,TRBJ1-5,NA,Donor1:healthy,1.000000,-,-,-,-,-,-,-,-,-,-,-

777,SLS%GGNE,5.3e-02,1,2,2.0e-06,1.0e+00,6.9e-02,1.0e+00,1.0e-03,2.9e-02,global-SLS%GGNE,CASSLSQGGNEQFF,TRBV5-1,TRBJ2-1,NA,Donor1:healthy,1.000000,-,-,-,-,-,-,-,-,-,-,-
777,SLS%GGNE,5.3e-02,1,2,2.0e-06,1.0e+00,6.9e-02,1.0e+00,1.0e-03,2.9e-02,global-SLS%GGNE,CASSLSSGGNEQFF,TRBV7-6,TRBJ2-1,NA,Donor1:healthy,1.000000,-,-,-,-,-,-,-,-,-,-,-

778,SLG%GIYE,5.3e-02,1,2,2.3e-06,1.0e+00,8.0e-02,1.0e+00,1.0e-03,2.9e-02,global-SLG%GIYE,CASSLGRGIYEQYF,TRBV7-2,TRBJ2-7,NA,Donor1:healthy,1.000000,-,-,-,-,-,-,-,-,-,-,-
778,SLG%GIYE,5.3e-02,1,2,2.3e-06,1.0e+00,8.0e-02,1.0e+00,1.0e-03,2.9e-02,global-SLG%GIYE,CASSLGQGIYEQYF,TRBV7-8,TRBJ2-7,NA,Donor1:healthy,1.000000,-,-,-,-,-,-,-,-,-,-,-

779,SLE%GTDT,5.3e-02,1,2,2.7e-09,1.0e+00,1.0e-03,9.3e-02,1.0e-03,2.9e-02,global-SLE%GTDT,CASSLERGTDTQYF,TRBV5-1,TRBJ2-3,NA,Donor1:healthy,2.000000,-,-,-,-,-,-,-,-,-,-,-
779,SLE%GTDT,5.3e-02,1,2,2.7e-09,1.0e+00,1.0e-03,9.3e-02,1.0e-03,2.9e-02,global-SLE%GTDT,CASSLEQGTDTQYF,TRBV5-1,TRBJ2-3,NA,Donor1:healthy,1.000000,-,-,-,-,-,-,-,-,-,-,-

780,SPG%GLYE,5.3e-02,1,2,5.1e-06,1.0e+00,1.7e-01,1.0e+00,1.0e-03,2.9e-02,global-SPG%GLYE,CASSPGEGLYEQYF,TRBV4-3,TRBJ2-7,NA,Donor1:healthy,1.000000,-,-,-,-,-,-,-,-,-,-,-
780,SPG%GLYE,5.3e-02,1,2,5.1e-06,1.0e+00,1.7e-01,1.0e+00,1.0e-03,2.9e-02,global-SPG%GLYE,CASSPGQGLYEQYF,TRBV4-2,TRBJ2-7,NA,Donor1:healthy,1.000000,-,-,-,-,-,-,-,-,-,-,-
780,SPG%GLYE,5.3e-02,1,2,5.1e-06,1.0e+00,1.7e-01,1.0e+00,1.0e-03,2.9e-02,global-SPG%GLYE,CASSPGQGLYEQYF,TRBV6-6,TRBJ2-7,NA,Donor1:healthy,1.000000,-,-,-,-,-,-,-,-,-,-,-

781,SLGQ%TDT,5.3e-02,1,2,1.9e-06,1.0e+00,6.6e-02,1.0e+00,1.0e-03,2.9e-02,global-SLGQ%TDT,CASSLGQSTDTQYF,TRBV27,TRBJ2-3,NA,Donor1:healthy,1.000000,-,-,-,-,-,-,-,-,-,-,-
781,SLGQ%TDT,5.3e-02,1,2,1.9e-06,1.0e+00,6.6e-02,1.0e+00,1.0e-03,2.9e-02,global-SLGQ%TDT,CASSLGQGTDTQYF,TRBV5-1,TRBJ2-3,NA,Donor1:healthy,1.000000,-,-,-,-,-,-,-,-,-,-,-

782,SVAG%SYE,5.3e-02,1,2,2.6e-09,1.0e+00,1.0e-03,8.9e-02,1.0e-03,2.9e-02,global-SVAG%SYE,CASSVAGGSYEQYF,TRBV9,TRBJ2-7,NA,Donor1:healthy,1.000000,-,-,-,-,-,-,-,-,-,-,-
782,SVAG%SYE,5.3e-02,1,2,2.6e-09,1.0e+00,1.0e-03,8.9e-02,1.0e-03,2.9e-02,global-SVAG%SYE,CASSVAGSSYEQYF,TRBV9,TRBJ2-7,NA,Donor1:healthy,2.000000,-,-,-,-,-,-,-,-,-,-,-

783,SLVG%GYE,5.3e-02,1,2,1.7e-06,1.0e+00,5.8e-02,1.0e+00,1.0e-03,2.9e-02,global-SLVG%GYE,CASSLVGVGYEQYF,TRBV11-2,TRBJ2-7,NA,Donor1:healthy,1.000000,-,-,-,-,-,-,-,-,-,-,-
783,SLVG%GYE,5.3e-02,1,2,1.7e-06,1.0e+00,5.8e-02,1.0e+00,1.0e-03,2.9e-02,global-SLVG%GYE,CASSLVGTGYEQYF,TRBV7-2,TRBJ2-7,NA,Donor1:healthy,1.000000,-,-,-,-,-,-,-,-,-,-,-

784,SLGG%GNE,5.3e-02,1,2,1.6e-06,1.0e+00,5.6e-02,1.0e+00,1.0e-03,2.9e-02,global-SLGG%GNE,CASSLGGGGNEQFF,TRBV12-3,TRBJ2-1,NA,Donor1:healthy,1.000000,-,-,-,-,-,-,-,-,-,-,-
784,SLGG%GNE,5.3e-02,1,2,1.6e-06,1.0e+00,5.6e-02,1.0e+00,1.0e-03,2.9e-02,global-SLGG%GNE,CASSLGGAGNEQFF,TRBV7-8,TRBJ2-1,NA,Donor1:healthy,1.000000,-,-,-,-,-,-,-,-,-,-,-

785,SFGT%NTE,5.3e-02,1,2,1.9e-06,1.0e+00,6.5e-02,1.0e+00,1.0e-03,2.9e-02,global-SFGT%NTE,CASSFGTLNTEAFF,TRBV28,TRBJ1-1,NA,Donor1:healthy,1.000000,-,-,-,-,-,-,-,-,-,-,-
785,SFGT%NTE,5.3e-02,1,2,1.9e-06,1.0e+00,6.5e-02,1.0e+00,1.0e-03,2.9e-02,global-SFGT%NTE,CASSFGTMNTEAFF,TRBV5-1,TRBJ1-1,NA,Donor1:healthy,1.000000,-,-,-,-,-,-,-,-,-,-,-

786,SYSG%TGE,5.3e-02,1,2,2.9e-08,1.0e+00,1.0e-03,1.0e+00,1.0e-03,2.9e-02,global-SYSG%TGE,CASSYSGGTGELFF,TRBV6-3,TRBJ2-2,NA,Donor1:healthy,1.000000,-,-,-,-,-,-,-,-,-,-,-
786,SYSG%TGE,5.3e-02,1,2,2.9e-08,1.0e+00,1.0e-03,1.0e+00,1.0e-03,2.9e-02,global-SYSG%TGE,CASSYSGNTGELFF,TRBV6-3,TRBJ2-2,NA,Donor1:healthy,1.000000,-,-,-,-,-,-,-,-,-,-,-

787,SPGTG%YG,5.3e-02,1,2,5.5e-06,1.0e+00,1.9e-01,1.0e+00,1.0e-03,2.9e-02,global-SPGTG%YG,CASSPGTGNYGYTF,TRBV28,TRBJ1-2,NA,Donor1:healthy,1.000000,-,-,-,-,-,-,-,-,-,-,-
787,SPGTG%YG,5.3e-02,1,2,5.5e-06,1.0e+00,1.9e-01,1.0e+00,1.0e-03,2.9e-02,global-SPGTG%YG,CASSPGTGNYGYTF,TRBV7-3,TRBJ1-2,NA,Donor1:healthy,1.000000,-,-,-,-,-,-,-,-,-,-,-
787,SPGTG%YG,5.3e-02,1,2,5.5e-06,1.0e+00,1.9e-01,1.0e+00,1.0e-03,2.9e-02,global-SPGTG%YG,CASSPGTGGYGYTF,TRBV5-5,TRBJ1-2,NA,Donor1:healthy,1.000000,-,-,-,-,-,-,-,-,-,-,-

788,SPGLA%DT,5.3e-02,1,2,1.7e-06,1.0e+00,6.0e-02,1.0e+00,1.0e-03,2.9e-02,global-SPGLA%DT,CASSPGLAGDTQYF,TRBV18,TRBJ2-3,NA,Donor1:healthy,1.000000,-,-,-,-,-,-,-,-,-,-,-
788,SPGLA%DT,5.3e-02,1,2,1.7e-06,1.0e+00,6.0e-02,1.0e+00,1.0e-03,2.9e-02,global-SPGLA%DT,CASSPGLAADTQYF,TRBV12-3,TRBJ2-3,NA,Donor1:healthy,1.000000,-,-,-,-,-,-,-,-,-,-,-

789,LLAGG%NE,5.3e-02,1,2,1.8e-06,1.0e+00,6.1e-02,1.0e+00,1.0e-03,2.9e-02,global-LLAGG%NE,CSALLAGGRNEQFF,TRBV20-1,TRBJ2-1,NA,Donor1:healthy,1.000000,-,-,-,-,-,-,-,-,-,-,-
789,LLAGG%NE,5.3e-02,1,2,1.8e-06,1.0e+00,6.1e-02,1.0e+00,1.0e-03,2.9e-02,global-LLAGG%NE,CASLLAGGNNEQFF,TRBV6-3,TRBJ2-1,NA,Donor1:healthy,1.000000,-,-,-,-,-,-,-,-,-,-,-

790,SLGQG%DT,5.3e-02,1,2,1.4e-06,1.0e+00,4.9e-02,1.0e+00,1.0e-03,2.9e-02,global-SLGQG%DT,CASSLGQGTDTQYF,TRBV5-1,TRBJ2-3,NA,Donor1:healthy,1.000000,-,-,-,-,-,-,-,-,-,-,-
790,SLGQG%DT,5.3e-02,1,2,1.4e-06,1.0e+00,4.9e-02,1.0e+00,1.0e-03,2.9e-02,global-SLGQG%DT,CASSLGQGSDTQYF,TRBV7-9,TRBJ2-3,NA,Donor1:healthy,1.000000,-,-,-,-,-,-,-,-,-,-,-

791,SSPGQG%E,5.3e-02,1,2,2.1e-06,1.0e+00,7.3e-02,1.0e+00,1.0e-03,2.9e-02,global-SSPGQG%E,CASSSPGQGAEQYF,TRBV13,TRBJ2-7,NA,Donor1:healthy,1.000000,-,-,-,-,-,-,-,-,-,-,-
791,SSPGQG%E,5.3e-02,1,2,2.1e-06,1.0e+00,7.3e-02,1.0e+00,1.0e-03,2.9e-02,global-SSPGQG%E,CASSSPGQGVEQYF,TRBV28,TRBJ2-7,NA,Donor1:healthy,1.000000,-,-,-,-,-,-,-,-,-,-,-

792,SP%SGSYNE,5.3e-02,1,2,2.0e-07,1.0e+00,1.6e-01,4.3e-02,1.0e-03,2.9e-02,global-SP%SGSYNE,CASSPSSGSYNEQFF,TRBV7-8,TRBJ2-1,NA,Donor1:healthy,4.000000,-,-,-,-,-,-,-,-,-,-,-
792,SP%SGSYNE,5.3e-02,1,2,2.0e-07,1.0e+00,1.6e-01,4.3e-02,1.0e-03,2.9e-02,global-SP%SGSYNE,CASSPTSGSYNEQFF,TRBV7-2,TRBJ2-1,NA,Donor1:healthy,1.000000,-,-,-,-,-,-,-,-,-,-,-
792,SP%SGSYNE,5.3e-02,1,2,2.0e-07,1.0e+00,1.6e-01,4.3e-02,1.0e-03,2.9e-02,global-SP%SGSYNE,CASSPTSGSYNEQFF,TRBV7-3,TRBJ2-1,NA,Donor1:healthy,1.000000,-,-,-,-,-,-,-,-,-,-,-

793,SPT%GSYNE,5.3e-02,1,2,6.1e-06,1.0e+00,2.1e-01,1.0e+00,1.0e-03,2.9e-02,global-SPT%GSYNE,CASSPTGGSYNEQFF,TRBV19,TRBJ2-1,NA,Donor1:healthy,1.000000,-,-,-,-,-,-,-,-,-,-,-
793,SPT%GSYNE,5.3e-02,1,2,6.1e-06,1.0e+00,2.1e-01,1.0e+00,1.0e-03,2.9e-02,global-SPT%GSYNE,CASSPTSGSYNEQFF,TRBV7-2,TRBJ2-1,NA,Donor1:healthy,1.000000,-,-,-,-,-,-,-,-,-,-,-
793,SPT%GSYNE,5.3e-02,1,2,6.1e-06,1.0e+00,2.1e-01,1.0e+00,1.0e-03,2.9e-02,global-SPT%GSYNE,CASSPTSGSYNEQFF,TRBV7-3,TRBJ2-1,NA,Donor1:healthy,1.000000,-,-,-,-,-,-,-,-,-,-,-

794,SPTG%SYNE,5.3e-02,1,2,1.8e-06,1.0e+00,6.1e-02,1.0e+00,1.0e-03,2.9e-02,global-SPTG%SYNE,CASSPTGASYNEQFF,TRBV28,TRBJ2-1,NA,Donor1:healthy,1.000000,-,-,-,-,-,-,-,-,-,-,-
794,SPTG%SYNE,5.3e-02,1,2,1.8e-06,1.0e+00,6.1e-02,1.0e+00,1.0e-03,2.9e-02,global-SPTG%SYNE,CASSPTGGSYNEQFF,TRBV19,TRBJ2-1,NA,Donor1:healthy,1.000000,-,-,-,-,-,-,-,-,-,-,-

795,SLVAG%YNE,5.3e-02,1,2,2.0e-06,1.0e+00,6.9e-02,1.0e+00,1.0e-03,2.9e-02,global-SLVAG%YNE,CASSLVAGSYNEQFF,TRBV28,TRBJ2-1,NA,Donor1:healthy,1.000000,-,-,-,-,-,-,-,-,-,-,-
795,SLVAG%YNE,5.3e-02,1,2,2.0e-06,1.0e+00,6.9e-02,1.0e+00,1.0e-03,2.9e-02,global-SLVAG%YNE,CASSLVAGTYNEQFF,TRBV7-8,TRBJ2-1,NA,Donor1:healthy,1.000000,-,-,-,-,-,-,-,-,-,-,-

796,G%DT,5.5e-02,1,3,2.1e-06,1.0e+00,3.4e-01,1.0e+00,1.0e-03,6.2e-03,global-G%DT,CATGTDTQYF,TRBV24-1,TRBJ2-3,NA,Donor1:healthy,1.000000,-,-,-,-,-,-,-,-,-,-,-
796,G%DT,5.5e-02,1,3,2.1e-06,1.0e+00,3.4e-01,1.0e+00,1.0e-03,6.2e-03,global-G%DT,CATGTDTQYF,TRBV6-3,TRBJ2-3,NA,Donor1:healthy,1.000000,-,-,-,-,-,-,-,-,-,-,-
796,G%DT,5.5e-02,1,3,2.1e-06,1.0e+00,3.4e-01,1.0e+00,1.0e-03,6.2e-03,global-G%DT,CASGTDTQYF,TRBV7-3,TRBJ2-3,NA,Donor1:healthy,1.000000,-,-,-,-,-,-,-,-,-,-,-
796,G%DT,5.5e-02,1,3,2.1e-06,1.0e+00,3.4e-01,1.0e+00,1.0e-03,6.2e-03,global-G%DT,CAIGADTQYF,TRBV10-3,TRBJ2-3,NA,Donor1:healthy,1.000000,-,-,-,-,-,-,-,-,-,-,-

797,SF%YE,5.5e-02,1,3,3.9e-07,1.0e+00,5.0e-01,1.2e-01,1.0e-03,6.2e-03,global-SF%YE,CASSFSYEQYF,TRBV28,TRBJ2-7,NA,Donor1:healthy,1.000000,-,-,-,-,-,-,-,-,-,-,-
797,SF%YE,5.5e-02,1,3,3.9e-07,1.0e+00,5.0e-01,1.2e-01,1.0e-03,6.2e-03,global-SF%YE,CASSFSYEQYF,TRBV5-6,TRBJ2-7,NA,Donor1:healthy,2.000000,-,-,-,-,-,-,-,-,-,-,-
797,SF%YE,5.5e-02,1,3,3.9e-07,1.0e+00,5.0e-01,1.2e-01,1.0e-03,6.2e-03,global-SF%YE,CASSFSYEQYF,TRBV6-3,TRBJ2-7,NA,Donor1:healthy,1.000000,-,-,-,-,-,-,-,-,-,-,-
797,SF%YE,5.5e-02,1,3,3.9e-07,1.0e+00,5.0e-01,1.2e-01,1.0e-03,6.2e-03,global-SF%YE,CASSFNYEQYF,TRBV6-5,TRBJ2-7,NA,Donor1:healthy,1.000000,-,-,-,-,-,-,-,-,-,-,-
797,SF%YE,5.5e-02,1,3,3.9e-07,1.0e+00,5.0e-01,1.2e-01,1.0e-03,6.2e-03,global-SF%YE,CASSFGYEQYF,TRBV7-2,TRBJ2-7,NA,Donor1:healthy,2.000000,-,-,-,-,-,-,-,-,-,-,-

798,SG%NE,5.5e-02,1,3,1.1e-06,1.0e+00,1.9e-01,1.0e+00,1.0e-03,6.2e-03,global-SG%NE,CASSGNNEQFF,TRBV27,TRBJ2-1,NA,Donor1:healthy,1.000000,-,-,-,-,-,-,-,-,-,-,-
798,SG%NE,5.5e-02,1,3,1.1e-06,1.0e+00,1.9e-01,1.0e+00,1.0e-03,6.2e-03,global-SG%NE,CAISGDNEQFF,TRBV10-3,TRBJ2-1,NA,Donor1:healthy,1.000000,-,-,-,-,-,-,-,-,-,-,-
798,SG%NE,5.5e-02,1,3,1.1e-06,1.0e+00,1.9e-01,1.0e+00,1.0e-03,6.2e-03,global-SG%NE,CASSGHNEQFF,TRBV9,TRBJ2-1,NA,Donor1:healthy,1.000000,-,-,-,-,-,-,-,-,-,-,-

799,SS%TDT,5.5e-02,1,3,6.8e-07,1.0e+00,1.1e-01,1.0e+00,1.0e-03,6.2e-03,global-SS%TDT,CASSSSTDTQYF,TRBV27,TRBJ2-3,NA,Donor1:healthy,1.000000,-,-,-,-,-,-,-,-,-,-,-
799,SS%TDT,5.5e-02,1,3,6.8e-07,1.0e+00,1.1e-01,1.0e+00,1.0e-03,6.2e-03,global-SS%TDT,CASSSSTDTQYF,TRBV7-9,TRBJ2-3,NA,Donor1:healthy,1.000000,-,-,-,-,-,-,-,-,-,-,-
799,SS%TDT,5.5e-02,1,3,6.8e-07,1.0e+00,1.1e-01,1.0e+00,1.0e-03,6.2e-03,global-SS%TDT,CASSSGTDTQYF,TRBV4-1,TRBJ2-3,NA,Donor1:healthy,1.000000,-,-,-,-,-,-,-,-,-,-,-
799,SS%TDT,5.5e-02,1,3,6.8e-07,1.0e+00,1.1e-01,1.0e+00,1.0e-03,6.2e-03,global-SS%TDT,CASSSGTDTQYF,TRBV7-9,TRBJ2-3,NA,Donor1:healthy,1.000000,-,-,-,-,-,-,-,-,-,-,-
799,SS%TDT,5.5e-02,1,3,6.8e-07,1.0e+00,1.1e-01,1.0e+00,1.0e-03,6.2e-03,global-SS%TDT,CASSSNTDTQYF,TRBV11-2,TRBJ2-3,NA,Donor1:healthy,1.000000,-,-,-,-,-,-,-,-,-,-,-

800,S%GRGYE,5.5e-02,1,3,1.2e-06,1.0e+00,1.9e-01,1.0e+00,1.0e-03,6.2e-03,global-S%GRGYE,CASSLGRGYEQYF,TRBV5-6,TRBJ2-7,NA,Donor1:healthy,1.000000,-,-,-,-,-,-,-,-,-,-,-
800,S%GRGYE,5.5e-02,1,3,1.2e-06,1.0e+00,1.9e-01,1.0e+00,1.0e-03,6.2e-03,global-S%GRGYE,CASSIGRGYEQYF,TRBV19,TRBJ2-7,NA,Donor1:healthy,1.000000,-,-,-,-,-,-,-,-,-,-,-
800,S%GRGYE,5.5e-02,1,3,1.2e-06,1.0e+00,1.9e-01,1.0e+00,1.0e-03,6.2e-03,global-S%GRGYE,CSASLGRGYEQYF,TRBV20-1,TRBJ2-7,NA,Donor1:healthy,1.000000,-,-,-,-,-,-,-,-,-,-,-

801,SPGG%TE,5.5e-02,1,3,6.2e-07,1.0e+00,1.0e-01,1.0e+00,1.0e-03,6.2e-03,global-SPGG%TE,CASSPGGATEAFF,TRBV7-3,TRBJ1-1,NA,Donor1:healthy,1.000000,-,-,-,-,-,-,-,-,-,-,-
801,SPGG%TE,5.5e-02,1,3,6.2e-07,1.0e+00,1.0e-01,1.0e+00,1.0e-03,6.2e-03,global-SPGG%TE,CASSPGGNTEAFF,TRBV7-3,TRBJ1-1,NA,Donor1:healthy,1.000000,-,-,-,-,-,-,-,-,-,-,-
801,SPGG%TE,5.5e-02,1,3,6.2e-07,1.0e+00,1.0e-01,1.0e+00,1.0e-03,6.2e-03,global-SPGG%TE,CASSPGGGTEAFF,TRBV9,TRBJ1-1,NA,Donor1:healthy,1.000000,-,-,-,-,-,-,-,-,-,-,-

802,SL%GSTDT,5.5e-02,1,3,1.2e-06,1.0e+00,1.9e-01,1.0e+00,1.0e-03,6.2e-03,global-SL%GSTDT,CASSLHGSTDTQYF,TRBV11-2,TRBJ2-3,NA,Donor1:healthy,1.000000,-,-,-,-,-,-,-,-,-,-,-
802,SL%GSTDT,5.5e-02,1,3,1.2e-06,1.0e+00,1.9e-01,1.0e+00,1.0e-03,6.2e-03,global-SL%GSTDT,CASSLRGSTDTQYF,TRBV5-4,TRBJ2-3,NA,Donor1:healthy,1.000000,-,-,-,-,-,-,-,-,-,-,-
802,SL%GSTDT,5.5e-02,1,3,1.2e-06,1.0e+00,1.9e-01,1.0e+00,1.0e-03,6.2e-03,global-SL%GSTDT,CASSLQGSTDTQYF,TRBV7-9,TRBJ2-3,NA,Donor1:healthy,1.000000,-,-,-,-,-,-,-,-,-,-,-

803,SL%GGE,5.8e-02,1,5,7.4e-07,1.0e+00,5.1e-01,1.0e+00,1.0e-03,1.5e-03,global-SL%GGE,CASSLSGGELFF,TRBV4-2,TRBJ2-2,NA,Donor1:healthy,1.000000,-,-,-,-,-,-,-,-,-,-,-
803,SL%GGE,5.8e-02,1,5,7.4e-07,1.0e+00,5.1e-01,1.0e+00,1.0e-03,1.5e-03,global-SL%GGE,CASSLSGGEQYF,TRBV27,TRBJ2-7,NA,Donor1:healthy,1.000000,-,-,-,-,-,-,-,-,-,-,-
803,SL%GGE,5.8e-02,1,5,7.4e-07,1.0e+00,5.1e-01,1.0e+00,1.0e-03,1.5e-03,global-SL%GGE,CASSLQGGEQYF,TRBV5-1,TRBJ2-7,NA,Donor1:healthy,1.000000,-,-,-,-,-,-,-,-,-,-,-
803,SL%GGE,5.8e-02,1,5,7.4e-07,1.0e+00,5.1e-01,1.0e+00,1.0e-03,1.5e-03,global-SL%GGE,CASSLGGGEQFF,TRBV7-9,TRBJ2-1,NA,Donor1:healthy,1.000000,-,-,-,-,-,-,-,-,-,-,-
803,SL%GGE,5.8e-02,1,5,7.4e-07,1.0e+00,5.1e-01,1.0e+00,1.0e-03,1.5e-03,global-SL%GGE,CASSLGGGEQYF,TRBV4-3,TRBJ2-7,NA,Donor1:healthy,1.000000,-,-,-,-,-,-,-,-,-,-,-

804,SP%GYE,6.0e-02,1,4,1.5e-06,1.0e+00,6.5e-01,1.0e+00,1.0e-03,2.3e-03,global-SP%GYE,CASSPGGYEQFF,TRBV6-4,TRBJ2-1,NA,Donor1:healthy,1.000000,-,-,-,-,-,-,-,-,-,-,-
804,SP%GYE,6.0e-02,1,4,1.5e-06,1.0e+00,6.5e-01,1.0e+00,1.0e-03,2.3e-03,global-SP%GYE,CASSPSGYEQYF,TRBV2,TRBJ2-7,NA,Donor1:healthy,1.000000,-,-,-,-,-,-,-,-,-,-,-
804,SP%GYE,6.0e-02,1,4,1.5e-06,1.0e+00,6.5e-01,1.0e+00,1.0e-03,2.3e-03,global-SP%GYE,CASSPTGYEQYF,TRBV12-4,TRBJ2-7,NA,Donor1:healthy,1.000000,-,-,-,-,-,-,-,-,-,-,-
804,SP%GYE,6.0e-02,1,4,1.5e-06,1.0e+00,6.5e-01,1.0e+00,1.0e-03,2.3e-03,global-SP%GYE,CASSPGGYEQYF,TRBV4-3,TRBJ2-7,NA,Donor1:healthy,1.000000,-,-,-,-,-,-,-,-,-,-,-
804,SP%GYE,6.0e-02,1,4,1.5e-06,1.0e+00,6.5e-01,1.0e+00,1.0e-03,2.3e-03,global-SP%GYE,CASSPGGYEQYF,TRBV7-9,TRBJ2-7,NA,Donor1:healthy,1.000000,-,-,-,-,-,-,-,-,-,-,-
804,SP%GYE,6.0e-02,1,4,1.5e-06,1.0e+00,6.5e-01,1.0e+00,1.0e-03,2.3e-03,global-SP%GYE,CASSPGGYEQYF,TRBV9,TRBJ2-7,NA,Donor1:healthy,1.000000,-,-,-,-,-,-,-,-,-,-,-

805,S%SGANV,6.0e-02,1,4,1.1e-07,1.0e+00,5.2e-01,8.8e-02,1.0e-03,2.3e-03,global-S%SGANV,CATSSSGANVLTF,TRBV15,TRBJ2-6,NA,Donor1:healthy,1.000000,-,-,-,-,-,-,-,-,-,-,-
805,S%SGANV,6.0e-02,1,4,1.1e-07,1.0e+00,5.2e-01,8.8e-02,1.0e-03,2.3e-03,global-S%SGANV,CAISDSGANVLTF,TRBV10-3,TRBJ2-6,NA,Donor1:healthy,1.000000,-,-,-,-,-,-,-,-,-,-,-
805,S%SGANV,6.0e-02,1,4,1.1e-07,1.0e+00,5.2e-01,8.8e-02,1.0e-03,2.3e-03,global-S%SGANV,CASSDSGANVLTF,TRBV10-2,TRBJ2-6,NA,Donor1:healthy,1.000000,-,-,-,-,-,-,-,-,-,-,-
805,S%SGANV,6.0e-02,1,4,1.1e-07,1.0e+00,5.2e-01,8.8e-02,1.0e-03,2.3e-03,global-S%SGANV,CASSDSGANVLTF,TRBV12-3,TRBJ2-6,NA,Donor1:healthy,1.000000,-,-,-,-,-,-,-,-,-,-,-
805,S%SGANV,6.0e-02,1,4,1.1e-07,1.0e+00,5.2e-01,8.8e-02,1.0e-03,2.3e-03,global-S%SGANV,CASSSSGANVLTF,TRBV27,TRBJ2-6,NA,Donor1:healthy,4.000000,-,-,-,-,-,-,-,-,-,-,-

806,S%GTGSYE,6.0e-02,1,4,7.5e-07,1.0e+00,3.2e-01,1.0e+00,1.0e-03,2.3e-03,global-S%GTGSYE,CASSTGTGSYEQYF,TRBV4-3,TRBJ2-7,NA,Donor1:healthy,1.000000,-,-,-,-,-,-,-,-,-,-,-
806,S%GTGSYE,6.0e-02,1,4,7.5e-07,1.0e+00,3.2e-01,1.0e+00,1.0e-03,2.3e-03,global-S%GTGSYE,CASSSGTGSYEQYF,TRBV5-6,TRBJ2-7,NA,Donor1:healthy,1.000000,-,-,-,-,-,-,-,-,-,-,-
806,S%GTGSYE,6.0e-02,1,4,7.5e-07,1.0e+00,3.2e-01,1.0e+00,1.0e-03,2.3e-03,global-S%GTGSYE,CASSQGTGSYEQYF,TRBV4-1,TRBJ2-7,NA,Donor1:healthy,1.000000,-,-,-,-,-,-,-,-,-,-,-
806,S%GTGSYE,6.0e-02,1,4,7.5e-07,1.0e+00,3.2e-01,1.0e+00,1.0e-03,2.3e-03,global-S%GTGSYE,CASSGGTGSYEQYF,TRBV9,TRBJ2-7,NA,Donor1:healthy,1.000000,-,-,-,-,-,-,-,-,-,-,-

807,S%GDG,6.2e-02,1,3,2.1e-06,1.0e+00,3.3e-01,1.0e+00,1.0e-03,6.2e-03,global-S%GDG,CASSSGDGYTF,TRBV27,TRBJ1-2,NA,Donor1:healthy,1.000000,-,-,-,-,-,-,-,-,-,-,-
807,S%GDG,6.2e-02,1,3,2.1e-06,1.0e+00,3.3e-01,1.0e+00,1.0e-03,6.2e-03,global-S%GDG,CASSSGDGYTF,TRBV7-2,TRBJ1-2,NA,Donor1:healthy,1.000000,-,-,-,-,-,-,-,-,-,-,-
807,S%GDG,6.2e-02,1,3,2.1e-06,1.0e+00,3.3e-01,1.0e+00,1.0e-03,6.2e-03,global-S%GDG,CASSGGDGYTF,TRBV9,TRBJ1-2,NA,Donor1:healthy,1.000000,-,-,-,-,-,-,-,-,-,-,-
807,S%GDG,6.2e-02,1,3,2.1e-06,1.0e+00,3.3e-01,1.0e+00,1.0e-03,6.2e-03,global-S%GDG,CAISEGDGYTF,TRBV10-3,TRBJ1-2,NA,Donor1:healthy,1.000000,-,-,-,-,-,-,-,-,-,-,-

808,SEG%G,6.2e-02,1,3,1.1e-06,1.0e+00,1.8e-01,1.0e+00,1.0e-03,6.2e-03,global-SEG%G,CASSEGGGYTF,TRBV7-9,TRBJ1-2,NA,Donor1:healthy,1.000000,-,-,-,-,-,-,-,-,-,-,-
808,SEG%G,6.2e-02,1,3,1.1e-06,1.0e+00,1.8e-01,1.0e+00,1.0e-03,6.2e-03,global-SEG%G,CAISEGDGYTF,TRBV10-3,TRBJ1-2,NA,Donor1:healthy,1.000000,-,-,-,-,-,-,-,-,-,-,-
808,SEG%G,6.2e-02,1,3,1.1e-06,1.0e+00,1.8e-01,1.0e+00,1.0e-03,6.2e-03,global-SEG%G,CASSEGNGYTF,TRBV9,TRBJ1-2,NA,Donor1:healthy,1.000000,-,-,-,-,-,-,-,-,-,-,-

809,S%PSYE,6.2e-02,1,3,1.1e-06,1.0e+00,1.8e-01,1.0e+00,1.0e-03,6.2e-03,global-S%PSYE,CASSTPSYEQYF,TRBV25-1,TRBJ2-7,NA,Donor1:healthy,1.000000,-,-,-,-,-,-,-,-,-,-,-
809,S%PSYE,6.2e-02,1,3,1.1e-06,1.0e+00,1.8e-01,1.0e+00,1.0e-03,6.2e-03,global-S%PSYE,CASSSPSYEQYF,TRBV7-9,TRBJ2-7,NA,Donor1:healthy,1.000000,-,-,-,-,-,-,-,-,-,-,-
809,S%PSYE,6.2e-02,1,3,1.1e-06,1.0e+00,1.8e-01,1.0e+00,1.0e-03,6.2e-03,global-S%PSYE,CASSDPSYEQYF,TRBV9,TRBJ2-7,NA,Donor1:healthy,1.000000,-,-,-,-,-,-,-,-,-,-,-

810,SS%TGE,6.2e-02,1,3,1.1e-06,1.0e+00,1.8e-01,1.0e+00,1.0e-03,6.2e-03,global-SS%TGE,CASSSGTGEAFF,TRBV7-9,TRBJ1-1,NA,Donor1:healthy,1.000000,-,-,-,-,-,-,-,-,-,-,-
810,SS%TGE,6.2e-02,1,3,1.1e-06,1.0e+00,1.8e-01,1.0e+00,1.0e-03,6.2e-03,global-SS%TGE,CASSSGTGELFF,TRBV9,TRBJ2-2,NA,Donor1:healthy,1.000000,-,-,-,-,-,-,-,-,-,-,-
810,SS%TGE,6.2e-02,1,3,1.1e-06,1.0e+00,1.8e-01,1.0e+00,1.0e-03,6.2e-03,global-SS%TGE,CASSSNTGELFF,TRBV6-3,TRBJ2-2,NA,Donor1:healthy,1.000000,-,-,-,-,-,-,-,-,-,-,-

811,SSGG%E,6.2e-02,1,3,2.2e-06,1.0e+00,3.5e-01,1.0e+00,1.0e-03,6.2e-03,global-SSGG%E,CATSSGGTEAFF,TRBV4-2,TRBJ1-1,NA,Donor1:healthy,1.000000,-,-,-,-,-,-,-,-,-,-,-
811,SSGG%E,6.2e-02,1,3,2.2e-06,1.0e+00,3.5e-01,1.0e+00,1.0e-03,6.2e-03,global-SSGG%E,CASSSGGTEAFF,TRBV27,TRBJ1-1,NA,Donor1:healthy,1.000000,-,-,-,-,-,-,-,-,-,-,-
811,SSGG%E,6.2e-02,1,3,2.2e-06,1.0e+00,3.5e-01,1.0e+00,1.0e-03,6.2e-03,global-SSGG%E,CASSSGGTEAFF,TRBV9,TRBJ1-1,NA,Donor1:healthy,1.000000,-,-,-,-,-,-,-,-,-,-,-
811,SSGG%E,6.2e-02,1,3,2.2e-06,1.0e+00,3.5e-01,1.0e+00,1.0e-03,6.2e-03,global-SSGG%E,CASSSGGAEAFF,TRBV7-2,TRBJ1-1,NA,Donor1:healthy,1.000000,-,-,-,-,-,-,-,-,-,-,-

812,SL%VNTE,6.2e-02,1,3,1.1e-06,1.0e+00,1.8e-01,1.0e+00,1.0e-03,6.2e-03,global-SL%VNTE,CASSLSVNTEAFF,TRBV12-4,TRBJ1-1,NA,Donor1:healthy,1.000000,-,-,-,-,-,-,-,-,-,-,-
812,SL%VNTE,6.2e-02,1,3,1.1e-06,1.0e+00,1.8e-01,1.0e+00,1.0e-03,6.2e-03,global-SL%VNTE,CASSLEVNTEAFF,TRBV7-9,TRBJ1-1,NA,Donor1:healthy,1.000000,-,-,-,-,-,-,-,-,-,-,-
812,SL%VNTE,6.2e-02,1,3,1.1e-06,1.0e+00,1.8e-01,1.0e+00,1.0e-03,6.2e-03,global-SL%VNTE,CASSLTVNTEAFF,TRBV27,TRBJ1-1,NA,Donor1:healthy,1.000000,-,-,-,-,-,-,-,-,-,-,-

813,STGTG%YE,6.2e-02,1,3,2.1e-06,1.0e+00,3.5e-01,1.0e+00,1.0e-03,6.2e-03,global-STGTG%YE,CASSTGTGSYEQYF,TRBV4-3,TRBJ2-7,NA,Donor1:healthy,1.000000,-,-,-,-,-,-,-,-,-,-,-
813,STGTG%YE,6.2e-02,1,3,2.1e-06,1.0e+00,3.5e-01,1.0e+00,1.0e-03,6.2e-03,global-STGTG%YE,CASSTGTGAYEQYF,TRBV19,TRBJ2-7,NA,Donor1:healthy,1.000000,-,-,-,-,-,-,-,-,-,-,-
813,STGTG%YE,6.2e-02,1,3,2.1e-06,1.0e+00,3.5e-01,1.0e+00,1.0e-03,6.2e-03,global-STGTG%YE,CASSTGTGTYEQYF,TRBV13,TRBJ2-7,NA,Donor1:healthy,1.000000,-,-,-,-,-,-,-,-,-,-,-
813,STGTG%YE,6.2e-02,1,3,2.1e-06,1.0e+00,3.5e-01,1.0e+00,1.0e-03,6.2e-03,global-STGTG%YE,CASSTGTGTYEQYF,TRBV4-1,TRBJ2-7,NA,Donor1:healthy,1.000000,-,-,-,-,-,-,-,-,-,-,-

814,%TDYE,6.4e-02,1,2,1.2e-07,1.0e+00,5.4e-02,7.9e-02,1.0e-03,2.9e-02,global-%TDYE,CATGTDYEQYF,TRBV24-1,TRBJ2-7,NA,Donor1:healthy,1.000000,-,-,-,-,-,-,-,-,-,-,-
814,%TDYE,6.4e-02,1,2,1.2e-07,1.0e+00,5.4e-02,7.9e-02,1.0e-03,2.9e-02,global-%TDYE,CASSTDYEQYF,TRBV2,TRBJ2-7,NA,Donor1:healthy,2.000000,-,-,-,-,-,-,-,-,-,-,-

815,%SGAE,6.4e-02,1,2,1.2e-07,1.0e+00,5.5e-02,7.5e-02,1.0e-03,2.9e-02,global-%SGAE,CASNSGAEAFF,TRBV2,TRBJ1-1,NA,Donor1:healthy,1.000000,-,-,-,-,-,-,-,-,-,-,-
815,%SGAE,6.4e-02,1,2,1.2e-07,1.0e+00,5.5e-02,7.5e-02,1.0e-03,2.9e-02,global-%SGAE,CASSSGAEAFF,TRBV7-9,TRBJ1-1,NA,Donor1:healthy,2.000000,-,-,-,-,-,-,-,-,-,-,-

816,SSN%E,6.4e-02,1,2,4.8e-06,1.0e+00,1.7e-01,1.0e+00,1.0e-03,2.9e-02,global-SSN%E,CASSSNTEAFF,TRBV27,TRBJ1-1,NA,Donor1:healthy,1.000000,-,-,-,-,-,-,-,-,-,-,-
816,SSN%E,6.4e-02,1,2,4.8e-06,1.0e+00,1.7e-01,1.0e+00,1.0e-03,2.9e-02,global-SSN%E,CASSSNTEAFF,TRBV6-5,TRBJ1-1,NA,Donor1:healthy,1.000000,-,-,-,-,-,-,-,-,-,-,-
816,SSN%E,6.4e-02,1,2,4.8e-06,1.0e+00,1.7e-01,1.0e+00,1.0e-03,2.9e-02,global-SSN%E,CASSSNNEQFF,TRBV7-9,TRBJ2-1,NA,Donor1:healthy,1.000000,-,-,-,-,-,-,-,-,-,-,-

817,SGA%E,6.4e-02,1,2,1.7e-06,1.0e+00,5.8e-02,1.0e+00,1.0e-03,2.9e-02,global-SGA%E,CASSGAYEQYF,TRBV28,TRBJ2-7,NA,Donor1:healthy,1.000000,-,-,-,-,-,-,-,-,-,-,-
817,SGA%E,6.4e-02,1,2,1.7e-06,1.0e+00,5.8e-02,1.0e+00,1.0e-03,2.9e-02,global-SGA%E,CASSGAHEQYF,TRBV7-9,TRBJ2-7,NA,Donor1:healthy,1.000000,-,-,-,-,-,-,-,-,-,-,-

818,%DRNYG,6.4e-02,1,2,2.2e-06,1.0e+00,7.4e-02,1.0e+00,1.0e-03,2.9e-02,global-%DRNYG,CAATDRNYGYTF,TRBV7-9,TRBJ1-2,NA,Donor1:healthy,1.000000,-,-,-,-,-,-,-,-,-,-,-
818,%DRNYG,6.4e-02,1,2,2.2e-06,1.0e+00,7.4e-02,1.0e+00,1.0e-03,2.9e-02,global-%DRNYG,CAISDRNYGYTF,TRBV10-3,TRBJ1-2,NA,Donor1:healthy,1.000000,-,-,-,-,-,-,-,-,-,-,-

819,S%GEDT,6.4e-02,1,2,1.8e-06,1.0e+00,6.2e-02,1.0e+00,1.0e-03,2.9e-02,global-S%GEDT,CASSLGEDTQYF,TRBV11-1,TRBJ2-3,NA,Donor1:healthy,1.000000,-,-,-,-,-,-,-,-,-,-,-
819,S%GEDT,6.4e-02,1,2,1.8e-06,1.0e+00,6.2e-02,1.0e+00,1.0e-03,2.9e-02,global-S%GEDT,CASSVGEDTQYF,TRBV9,TRBJ2-3,NA,Donor1:healthy,1.000000,-,-,-,-,-,-,-,-,-,-,-

820,SR%PYE,6.4e-02,1,2,2.3e-06,1.0e+00,8.0e-02,1.0e+00,1.0e-03,2.9e-02,global-SR%PYE,CASSRSPYEQYF,TRBV14,TRBJ2-7,NA,Donor1:healthy,1.000000,-,-,-,-,-,-,-,-,-,-,-
820,SR%PYE,6.4e-02,1,2,2.3e-06,1.0e+00,8.0e-02,1.0e+00,1.0e-03,2.9e-02,global-SR%PYE,CSVSRGPYEQYF,TRBV29-1,TRBJ2-7,NA,Donor1:healthy,1.000000,-,-,-,-,-,-,-,-,-,-,-

821,GRG%TE,6.4e-02,1,2,1.8e-06,1.0e+00,6.1e-02,1.0e+00,1.0e-03,2.9e-02,global-GRG%TE,CAIGRGNTEAFF,TRBV12-3,TRBJ1-1,NA,Donor1:healthy,1.000000,-,-,-,-,-,-,-,-,-,-,-
821,GRG%TE,6.4e-02,1,2,1.8e-06,1.0e+00,6.1e-02,1.0e+00,1.0e-03,2.9e-02,global-GRG%TE,CASGRGSTEAFF,TRBV12-5,TRBJ1-1,NA,Donor1:healthy,1.000000,-,-,-,-,-,-,-,-,-,-,-

822,SLS%ET,6.4e-02,1,2,2.1e-06,1.0e+00,7.2e-02,1.0e+00,1.0e-03,2.9e-02,global-SLS%ET,CASSLSSETQYF,TRBV5-4,TRBJ2-5,NA,Donor1:healthy,1.000000,-,-,-,-,-,-,-,-,-,-,-
822,SLS%ET,6.4e-02,1,2,2.1e-06,1.0e+00,7.2e-02,1.0e+00,1.0e-03,2.9e-02,global-SLS%ET,CASSLSQETQYF,TRBV7-9,TRBJ2-5,NA,Donor1:healthy,1.000000,-,-,-,-,-,-,-,-,-,-,-

823,SLI%GE,6.4e-02,1,2,8.7e-07,1.0e+00,3.0e-02,1.0e+00,1.0e-03,2.9e-02,global-SLI%GE,CASSLITGELFF,TRBV4-1,TRBJ2-2,NA,Donor1:healthy,1.000000,-,-,-,-,-,-,-,-,-,-,-
823,SLI%GE,6.4e-02,1,2,8.7e-07,1.0e+00,3.0e-02,1.0e+00,1.0e-03,2.9e-02,global-SLI%GE,CASSLITGELFF,TRBV7-2,TRBJ1-4,NA,Donor1:healthy,1.000000,-,-,-,-,-,-,-,-,-,-,-
823,SLI%GE,6.4e-02,1,2,8.7e-07,1.0e+00,3.0e-02,1.0e+00,1.0e-03,2.9e-02,global-SLI%GE,CASSLITGELFF,TRBV7-2,TRBJ2-2,NA,Donor1:healthy,1.000000,-,-,-,-,-,-,-,-,-,-,-
823,SLI%GE,6.4e-02,1,2,8.7e-07,1.0e+00,3.0e-02,1.0e+00,1.0e-03,2.9e-02,global-SLI%GE,CASSLIVGEQFF,TRBV7-8,TRBJ2-1,NA,Donor1:healthy,1.000000,-,-,-,-,-,-,-,-,-,-,-

824,SPGN%E,6.4e-02,1,2,5.2e-06,1.0e+00,1.8e-01,1.0e+00,1.0e-03,2.9e-02,global-SPGN%E,CASSPGNNEQFF,TRBV12-3,TRBJ2-1,NA,Donor1:healthy,1.000000,-,-,-,-,-,-,-,-,-,-,-
824,SPGN%E,6.4e-02,1,2,5.2e-06,1.0e+00,1.8e-01,1.0e+00,1.0e-03,2.9e-02,global-SPGN%E,CASSPGNTEAFF,TRBV12-4,TRBJ1-1,NA,Donor1:healthy,1.000000,-,-,-,-,-,-,-,-,-,-,-
824,SPGN%E,6.4e-02,1,2,5.2e-06,1.0e+00,1.8e-01,1.0e+00,1.0e-03,2.9e-02,global-SPGN%E,CASSPGNTEAFF,TRBV5-6,TRBJ1-1,NA,Donor1:healthy,1.000000,-,-,-,-,-,-,-,-,-,-,-

825,%QGANTE,6.4e-02,1,2,1.7e-06,1.0e+00,6.0e-02,1.0e+00,1.0e-03,2.9e-02,global-%QGANTE,CASSQGANTEAFF,TRBV12-3,TRBJ1-1,NA,Donor1:healthy,1.000000,-,-,-,-,-,-,-,-,-,-,-
825,%QGANTE,6.4e-02,1,2,1.7e-06,1.0e+00,6.0e-02,1.0e+00,1.0e-03,2.9e-02,global-%QGANTE,CASTQGANTEAFF,TRBV6-5,TRBJ1-1,NA,Donor1:healthy,1.000000,-,-,-,-,-,-,-,-,-,-,-

826,S%RSTDT,6.4e-02,1,2,1.2e-07,1.0e+00,1.1e-01,3.6e-02,1.0e-03,2.9e-02,global-S%RSTDT,CASSLRSTDTQYF,TRBV12-4,TRBJ2-3,NA,Donor1:healthy,1.000000,-,-,-,-,-,-,-,-,-,-,-
826,S%RSTDT,6.4e-02,1,2,1.2e-07,1.0e+00,1.1e-01,3.6e-02,1.0e-03,2.9e-02,global-S%RSTDT,CASSLRSTDTQYF,TRBV19,TRBJ2-3,NA,Donor1:healthy,1.000000,-,-,-,-,-,-,-,-,-,-,-
826,S%RSTDT,6.4e-02,1,2,1.2e-07,1.0e+00,1.1e-01,3.6e-02,1.0e-03,2.9e-02,global-S%RSTDT,CASSIRSTDTQYF,TRBV19,TRBJ2-3,NA,Donor1:healthy,8.000000,-,-,-,-,-,-,-,-,-,-,-

827,S%GTTDT,6.4e-02,1,2,2.0e-06,1.0e+00,7.0e-02,1.0e+00,1.0e-03,2.9e-02,global-S%GTTDT,CASSSGTTDTQYF,TRBV7-3,TRBJ2-3,NA,Donor1:healthy,1.000000,-,-,-,-,-,-,-,-,-,-,-
827,S%GTTDT,6.4e-02,1,2,2.0e-06,1.0e+00,7.0e-02,1.0e+00,1.0e-03,2.9e-02,global-S%GTTDT,CATSGGTTDTQYF,TRBV15,TRBJ2-3,NA,Donor1:healthy,1.000000,-,-,-,-,-,-,-,-,-,-,-

828,SQ%GGDT,6.4e-02,1,2,2.0e-06,1.0e+00,6.9e-02,1.0e+00,1.0e-03,2.9e-02,global-SQ%GGDT,CASSQAGGDTQYF,TRBV4-1,TRBJ2-3,NA,Donor1:healthy,1.000000,-,-,-,-,-,-,-,-,-,-,-
828,SQ%GGDT,6.4e-02,1,2,2.0e-06,1.0e+00,6.9e-02,1.0e+00,1.0e-03,2.9e-02,global-SQ%GGDT,CASSQVGGDTQYF,TRBV4-3,TRBJ2-3,NA,Donor1:healthy,1.000000,-,-,-,-,-,-,-,-,-,-,-

829,SL%LGYE,6.4e-02,1,2,5.4e-06,1.0e+00,1.9e-01,1.0e+00,1.0e-03,2.9e-02,global-SL%LGYE,CASSLGLGYEQYF,TRBV12-4,TRBJ2-7,NA,Donor1:healthy,1.000000,-,-,-,-,-,-,-,-,-,-,-
829,SL%LGYE,6.4e-02,1,2,5.4e-06,1.0e+00,1.9e-01,1.0e+00,1.0e-03,2.9e-02,global-SL%LGYE,CASSLGLGYEQYF,TRBV27,TRBJ2-7,NA,Donor1:healthy,1.000000,-,-,-,-,-,-,-,-,-,-,-
829,SL%LGYE,6.4e-02,1,2,5.4e-06,1.0e+00,1.9e-01,1.0e+00,1.0e-03,2.9e-02,global-SL%LGYE,CASSLNLGYEQYF,TRBV7-7,TRBJ2-7,NA,Donor1:healthy,1.000000,-,-,-,-,-,-,-,-,-,-,-

830,SL%LTYE,6.4e-02,1,2,2.3e-06,1.0e+00,8.0e-02,1.0e+00,1.0e-03,2.9e-02,global-SL%LTYE,CASSLSLTYEQYF,TRBV7-8,TRBJ2-7,NA,Donor1:healthy,1.000000,-,-,-,-,-,-,-,-,-,-,-
830,SL%LTYE,6.4e-02,1,2,2.3e-06,1.0e+00,8.0e-02,1.0e+00,1.0e-03,2.9e-02,global-SL%LTYE,CASSLGLTYEQYF,TRBV27,TRBJ2-7,NA,Donor1:healthy,1.000000,-,-,-,-,-,-,-,-,-,-,-

831,SV%NTGE,6.4e-02,1,2,2.9e-08,1.0e+00,1.0e-03,1.0e+00,1.0e-03,2.9e-02,global-SV%NTGE,CASSVVNTGELFF,TRBV9,TRBJ2-2,NA,Donor1:healthy,1.000000,-,-,-,-,-,-,-,-,-,-,-
831,SV%NTGE,6.4e-02,1,2,2.9e-08,1.0e+00,1.0e-03,1.0e+00,1.0e-03,2.9e-02,global-SV%NTGE,CASSVANTGELFF,TRBV9,TRBJ2-2,NA,Donor1:healthy,1.000000,-,-,-,-,-,-,-,-,-,-,-

832,SQ%GGDT,6.4e-02,1,2,1.9e-06,1.0e+00,6.5e-02,1.0e+00,1.0e-03,2.9e-02,global-SQ%GGDT,CASSQEGGDTQYF,TRBV4-1,TRBJ2-3,NA,Donor1:healthy,1.000000,-,-,-,-,-,-,-,-,-,-,-
832,SQ%GGDT,6.4e-02,1,2,1.9e-06,1.0e+00,6.5e-02,1.0e+00,1.0e-03,2.9e-02,global-SQ%GGDT,CASSQRGGDTQYF,TRBV7-2,TRBJ2-5,NA,Donor1:healthy,1.000000,-,-,-,-,-,-,-,-,-,-,-

833,SL%GDQP,6.4e-02,1,2,2.2e-06,1.0e+00,7.7e-02,1.0e+00,1.0e-03,2.9e-02,global-SL%GDQP,CASSLSGDQPQHF,TRBV28,TRBJ1-5,NA,Donor1:healthy,1.000000,-,-,-,-,-,-,-,-,-,-,-
833,SL%GDQP,6.4e-02,1,2,2.2e-06,1.0e+00,7.7e-02,1.0e+00,1.0e-03,2.9e-02,global-SL%GDQP,CASSLTGDQPQHF,TRBV12-4,TRBJ1-5,NA,Donor1:healthy,1.000000,-,-,-,-,-,-,-,-,-,-,-

834,SF%SNQP,6.4e-02,1,2,1.9e-06,1.0e+00,6.5e-02,1.0e+00,1.0e-03,2.9e-02,global-SF%SNQP,CASSFGSNQPQHF,TRBV5-1,TRBJ1-5,NA,Donor1:healthy,1.000000,-,-,-,-,-,-,-,-,-,-,-
834,SF%SNQP,6.4e-02,1,2,1.9e-06,1.0e+00,6.5e-02,1.0e+00,1.0e-03,2.9e-02,global-SF%SNQP,CASSFSSNQPQHF,TRBV27,TRBJ1-5,NA,Donor1:healthy,1.000000,-,-,-,-,-,-,-,-,-,-,-

835,SES%SYE,6.4e-02,1,2,2.1e-06,1.0e+00,7.1e-02,1.0e+00,1.0e-03,2.9e-02,global-SES%SYE,CAISESSSYEQYF,TRBV10-3,TRBJ2-7,NA,Donor1:healthy,1.000000,-,-,-,-,-,-,-,-,-,-,-
835,SES%SYE,6.4e-02,1,2,2.1e-06,1.0e+00,7.1e-02,1.0e+00,1.0e-03,2.9e-02,global-SES%SYE,CASSESGSYEQYF,TRBV28,TRBJ2-7,NA,Donor1:healthy,1.000000,-,-,-,-,-,-,-,-,-,-,-

836,SYR%YNE,6.4e-02,1,2,1.7e-06,1.0e+00,5.9e-02,1.0e+00,1.0e-03,2.9e-02,global-SYR%YNE,CASSYRSYNEQFF,TRBV6-3,TRBJ2-1,NA,Donor1:healthy,1.000000,-,-,-,-,-,-,-,-,-,-,-
836,SYR%YNE,6.4e-02,1,2,1.7e-06,1.0e+00,5.9e-02,1.0e+00,1.0e-03,2.9e-02,global-SYR%YNE,CASSYRGYNEQFF,TRBV6-6,TRBJ2-1,NA,Donor1:healthy,1.000000,-,-,-,-,-,-,-,-,-,-,-

837,SPS%NTE,6.4e-02,1,2,1.6e-07,1.0e+00,7.5e-02,7.3e-02,1.0e-03,2.9e-02,global-SPS%NTE,CASSPSGNTEAFF,TRBV7-9,TRBJ1-1,NA,Donor1:healthy,2.000000,-,-,-,-,-,-,-,-,-,-,-
837,SPS%NTE,6.4e-02,1,2,1.6e-07,1.0e+00,7.5e-02,7.3e-02,1.0e-03,2.9e-02,global-SPS%NTE,CASSPSANTEAFF,TRBV28,TRBJ1-1,NA,Donor1:healthy,1.000000,-,-,-,-,-,-,-,-,-,-,-

838,SLA%DTE,6.4e-02,1,2,1.5e-06,1.0e+00,5.0e-02,1.0e+00,1.0e-03,2.9e-02,global-SLA%DTE,CASSLASDTEAFF,TRBV7-9,TRBJ1-1,NA,Donor1:healthy,1.000000,-,-,-,-,-,-,-,-,-,-,-
838,SLA%DTE,6.4e-02,1,2,1.5e-06,1.0e+00,5.0e-02,1.0e+00,1.0e-03,2.9e-02,global-SLA%DTE,CASSLAGDTEAFF,TRBV5-8,TRBJ1-1,NA,Donor1:healthy,1.000000,-,-,-,-,-,-,-,-,-,-,-

839,SSR%GYE,6.4e-02,1,2,2.0e-07,1.0e+00,7.0e-03,1.0e+00,1.0e-03,2.9e-02,global-SSR%GYE,CASSSRSGYEQYF,TRBV19,TRBJ2-7,NA,Donor1:healthy,1.000000,-,-,-,-,-,-,-,-,-,-,-
839,SSR%GYE,6.4e-02,1,2,2.0e-07,1.0e+00,7.0e-03,1.0e+00,1.0e-03,2.9e-02,global-SSR%GYE,CASSSRSGYEQYF,TRBV7-8,TRBJ2-7,NA,Donor1:healthy,1.000000,-,-,-,-,-,-,-,-,-,-,-
839,SSR%GYE,6.4e-02,1,2,2.0e-07,1.0e+00,7.0e-03,1.0e+00,1.0e-03,2.9e-02,global-SSR%GYE,CASSSRQGYEQYF,TRBV7-8,TRBJ2-7,NA,Donor1:healthy,1.000000,-,-,-,-,-,-,-,-,-,-,-

840,SSGG%YG,6.4e-02,1,2,2.0e-06,1.0e+00,6.7e-02,1.0e+00,1.0e-03,2.9e-02,global-SSGG%YG,CASSSGGTYGYTF,TRBV7-2,TRBJ1-2,NA,Donor1:healthy,1.000000,-,-,-,-,-,-,-,-,-,-,-
840,SSGG%YG,6.4e-02,1,2,2.0e-06,1.0e+00,6.7e-02,1.0e+00,1.0e-03,2.9e-02,global-SSGG%YG,CASSSGGVYGYTF,TRBV7-9,TRBJ1-2,NA,Donor1:healthy,1.000000,-,-,-,-,-,-,-,-,-,-,-

841,SSDRG%E,6.4e-02,1,2,1.8e-06,1.0e+00,6.2e-02,1.0e+00,1.0e-03,2.9e-02,global-SSDRG%E,CATSSDRGSEQYF,TRBV15,TRBJ2-7,NA,Donor1:healthy,1.000000,-,-,-,-,-,-,-,-,-,-,-
841,SSDRG%E,6.4e-02,1,2,1.8e-06,1.0e+00,6.2e-02,1.0e+00,1.0e-03,2.9e-02,global-SSDRG%E,CASSSDRGTEAFF,TRBV28,TRBJ1-1,NA,Donor1:healthy,1.000000,-,-,-,-,-,-,-,-,-,-,-

842,SPGGA%E,6.4e-02,1,2,2.2e-06,1.0e+00,7.4e-02,1.0e+00,1.0e-03,2.9e-02,global-SPGGA%E,CASSPGGAAEQYF,TRBV9,TRBJ2-7,NA,Donor1:healthy,1.000000,-,-,-,-,-,-,-,-,-,-,-
842,SPGGA%E,6.4e-02,1,2,2.2e-06,1.0e+00,7.4e-02,1.0e+00,1.0e-03,2.9e-02,global-SPGGA%E,CASSPGGATEAFF,TRBV7-3,TRBJ1-1,NA,Donor1:healthy,1.000000,-,-,-,-,-,-,-,-,-,-,-

843,%PGQGTYE,6.4e-02,1,2,1.5e-06,1.0e+00,5.2e-02,1.0e+00,1.0e-03,2.9e-02,global-%PGQGTYE,CASGPGQGTYEQYF,TRBV4-3,TRBJ2-7,NA,Donor1:healthy,1.000000,-,-,-,-,-,-,-,-,-,-,-
843,%PGQGTYE,6.4e-02,1,2,1.5e-06,1.0e+00,5.2e-02,1.0e+00,1.0e-03,2.9e-02,global-%PGQGTYE,CSASPGQGTYEQYF,TRBV20-1,TRBJ2-7,NA,Donor1:healthy,1.000000,-,-,-,-,-,-,-,-,-,-,-

844,S%ERGSYE,6.4e-02,1,2,5.6e-06,1.0e+00,1.9e-01,1.0e+00,1.0e-03,2.9e-02,global-S%ERGSYE,CASSQERGSYEQYF,TRBV4-2,TRBJ2-7,NA,Donor1:healthy,1.000000,-,-,-,-,-,-,-,-,-,-,-
844,S%ERGSYE,6.4e-02,1,2,5.6e-06,1.0e+00,1.9e-01,1.0e+00,1.0e-03,2.9e-02,global-S%ERGSYE,CASSQERGSYEQYF,TRBV4-3,TRBJ2-7,NA,Donor1:healthy,1.000000,-,-,-,-,-,-,-,-,-,-,-
844,S%ERGSYE,6.4e-02,1,2,5.6e-06,1.0e+00,1.9e-01,1.0e+00,1.0e-03,2.9e-02,global-S%ERGSYE,CATSRERGSYEQYF,TRBV15,TRBJ2-7,NA,Donor1:healthy,1.000000,-,-,-,-,-,-,-,-,-,-,-

845,S%GGGTGE,6.4e-02,1,2,2.0e-06,1.0e+00,6.9e-02,1.0e+00,1.0e-03,2.9e-02,global-S%GGGTGE,CSASGGGGTGEQFF,TRBV20-1,TRBJ2-1,NA,Donor1:healthy,1.000000,-,-,-,-,-,-,-,-,-,-,-
845,S%GGGTGE,6.4e-02,1,2,2.0e-06,1.0e+00,6.9e-02,1.0e+00,1.0e-03,2.9e-02,global-S%GGGTGE,CASSAGGGTGELFF,TRBV5-5,TRBJ2-2,NA,Donor1:healthy,1.000000,-,-,-,-,-,-,-,-,-,-,-

846,S%WDSNQP,6.4e-02,1,2,2.0e-06,1.0e+00,7.0e-02,1.0e+00,1.0e-03,2.9e-02,global-S%WDSNQP,CASSSWDSNQPQHF,TRBV19,TRBJ1-5,NA,Donor1:healthy,1.000000,-,-,-,-,-,-,-,-,-,-,-
846,S%WDSNQP,6.4e-02,1,2,2.0e-06,1.0e+00,7.0e-02,1.0e+00,1.0e-03,2.9e-02,global-S%WDSNQP,CATSDWDSNQPQHF,TRBV24-1,TRBJ1-5,NA,Donor1:healthy,1.000000,-,-,-,-,-,-,-,-,-,-,-

847,S%TGGADT,6.4e-02,1,2,1.7e-06,1.0e+00,5.7e-02,1.0e+00,1.0e-03,2.9e-02,global-S%TGGADT,CASSSTGGADTQYF,TRBV7-8,TRBJ2-3,NA,Donor1:healthy,1.000000,-,-,-,-,-,-,-,-,-,-,-
847,S%TGGADT,6.4e-02,1,2,1.7e-06,1.0e+00,5.7e-02,1.0e+00,1.0e-03,2.9e-02,global-S%TGGADT,CASSTTGGADTQYF,TRBV7-6,TRBJ2-3,NA,Donor1:healthy,1.000000,-,-,-,-,-,-,-,-,-,-,-

848,S%GQGVYG,6.4e-02,1,2,1.6e-06,1.0e+00,5.5e-02,1.0e+00,1.0e-03,2.9e-02,global-S%GQGVYG,CASSSGQGVYGYTF,TRBV28,TRBJ1-2,NA,Donor1:healthy,1.000000,-,-,-,-,-,-,-,-,-,-,-
848,S%GQGVYG,6.4e-02,1,2,1.6e-06,1.0e+00,5.5e-02,1.0e+00,1.0e-03,2.9e-02,global-S%GQGVYG,CASSAGQGVYGYTF,TRBV6-4,TRBJ1-2,NA,Donor1:healthy,1.000000,-,-,-,-,-,-,-,-,-,-,-

849,S%GGGTGE,6.4e-02,1,2,1.9e-06,1.0e+00,6.4e-02,1.0e+00,1.0e-03,2.9e-02,global-S%GGGTGE,CASSFGGGTGELFF,TRBV27,TRBJ2-2,NA,Donor1:healthy,1.000000,-,-,-,-,-,-,-,-,-,-,-
849,S%GGGTGE,6.4e-02,1,2,1.9e-06,1.0e+00,6.4e-02,1.0e+00,1.0e-03,2.9e-02,global-S%GGGTGE,CASSLGGGTGELFF,TRBV5-5,TRBJ2-2,NA,Donor1:healthy,1.000000,-,-,-,-,-,-,-,-,-,-,-

850,S%TGGGYG,6.4e-02,1,2,2.3e-06,1.0e+00,7.8e-02,1.0e+00,1.0e-03,2.9e-02,global-S%TGGGYG,CASSATGGGYGYTF,TRBV27,TRBJ1-2,NA,Donor1:healthy,1.000000,-,-,-,-,-,-,-,-,-,-,-
850,S%TGGGYG,6.4e-02,1,2,2.3e-06,1.0e+00,7.8e-02,1.0e+00,1.0e-03,2.9e-02,global-S%TGGGYG,CASSSTGGGYGYTF,TRBV5-4,TRBJ1-2,NA,Donor1:healthy,1.000000,-,-,-,-,-,-,-,-,-,-,-

851,S%EGGNQP,6.4e-02,1,2,2.0e-06,1.0e+00,6.9e-02,1.0e+00,1.0e-03,2.9e-02,global-S%EGGNQP,CAISEEGGNQPQHF,TRBV10-3,TRBJ1-5,NA,Donor1:healthy,1.000000,-,-,-,-,-,-,-,-,-,-,-
851,S%EGGNQP,6.4e-02,1,2,2.0e-06,1.0e+00,6.9e-02,1.0e+00,1.0e-03,2.9e-02,global-S%EGGNQP,CASSSEGGNQPQHF,TRBV5-6,TRBJ1-5,NA,Donor1:healthy,1.000000,-,-,-,-,-,-,-,-,-,-,-

852,SL%GTGYE,6.4e-02,1,2,2.2e-06,1.0e+00,7.6e-02,1.0e+00,1.0e-03,2.9e-02,global-SL%GTGYE,CASSLVGTGYEQYF,TRBV7-2,TRBJ2-7,NA,Donor1:healthy,1.000000,-,-,-,-,-,-,-,-,-,-,-
852,SL%GTGYE,6.4e-02,1,2,2.2e-06,1.0e+00,7.6e-02,1.0e+00,1.0e-03,2.9e-02,global-SL%GTGYE,CASSLAGTGYEQYF,TRBV27,TRBJ2-7,NA,Donor1:healthy,1.000000,-,-,-,-,-,-,-,-,-,-,-

853,SE%GSTDT,6.4e-02,1,2,1.7e-06,1.0e+00,5.7e-02,1.0e+00,1.0e-03,2.9e-02,global-SE%GSTDT,CATSEVGSTDTQYF,TRBV24-1,TRBJ2-3,NA,Donor1:healthy,1.000000,-,-,-,-,-,-,-,-,-,-,-
853,SE%GSTDT,6.4e-02,1,2,1.7e-06,1.0e+00,5.7e-02,1.0e+00,1.0e-03,2.9e-02,global-SE%GSTDT,CASSETGSTDTQYF,TRBV6-1,TRBJ2-3,NA,Donor1:healthy,1.000000,-,-,-,-,-,-,-,-,-,-,-

854,SLE%GAYE,6.4e-02,1,2,1.5e-06,1.0e+00,5.2e-02,1.0e+00,1.0e-03,2.9e-02,global-SLE%GAYE,CASSLEAGAYEQYF,TRBV7-2,TRBJ2-7,NA,Donor1:healthy,1.000000,-,-,-,-,-,-,-,-,-,-,-
854,SLE%GAYE,6.4e-02,1,2,1.5e-06,1.0e+00,5.2e-02,1.0e+00,1.0e-03,2.9e-02,global-SLE%GAYE,CASSLEGGAYEQYF,TRBV5-1,TRBJ2-7,NA,Donor1:healthy,1.000000,-,-,-,-,-,-,-,-,-,-,-

855,SLV%GAYE,6.4e-02,1,2,1.5e-06,1.0e+00,5.2e-02,1.0e+00,1.0e-03,2.9e-02,global-SLV%GAYE,CASSLVEGAYEQYF,TRBV12-4,TRBJ2-7,NA,Donor1:healthy,1.000000,-,-,-,-,-,-,-,-,-,-,-
855,SLV%GAYE,6.4e-02,1,2,1.5e-06,1.0e+00,5.2e-02,1.0e+00,1.0e-03,2.9e-02,global-SLV%GAYE,CASSLVQGAYEQYF,TRBV7-9,TRBJ2-7,NA,Donor1:healthy,1.000000,-,-,-,-,-,-,-,-,-,-,-

856,SLGG%AYE,6.4e-02,1,2,1.9e-06,1.0e+00,6.4e-02,1.0e+00,1.0e-03,2.9e-02,global-SLGG%AYE,CASSLGGTAYEQYF,TRBV5-6,TRBJ2-7,NA,Donor1:healthy,1.000000,-,-,-,-,-,-,-,-,-,-,-
856,SLGG%AYE,6.4e-02,1,2,1.9e-06,1.0e+00,6.4e-02,1.0e+00,1.0e-03,2.9e-02,global-SLGG%AYE,CASSLGGAAYEQYF,TRBV27,TRBJ2-7,NA,Donor1:healthy,1.000000,-,-,-,-,-,-,-,-,-,-,-

857,SFGT%GYE,6.4e-02,1,2,4.3e-07,1.0e+00,1.7e-01,8.4e-02,1.0e-03,2.9e-02,global-SFGT%GYE,CASSFGTGGYEQYF,TRBV11-2,TRBJ2-7,NA,Donor1:healthy,3.000000,-,-,-,-,-,-,-,-,-,-,-
857,SFGT%GYE,6.4e-02,1,2,4.3e-07,1.0e+00,1.7e-01,8.4e-02,1.0e-03,2.9e-02,global-SFGT%GYE,CASSFGTGGYEQYF,TRBV12-4,TRBJ2-7,NA,Donor1:healthy,1.000000,-,-,-,-,-,-,-,-,-,-,-
857,SFGT%GYE,6.4e-02,1,2,4.3e-07,1.0e+00,1.7e-01,8.4e-02,1.0e-03,2.9e-02,global-SFGT%GYE,CASSFGTSGYEQYF,TRBV7-2,TRBJ2-7,NA,Donor1:healthy,1.000000,-,-,-,-,-,-,-,-,-,-,-

858,SQERG%YE,6.4e-02,1,2,5.9e-06,1.0e+00,2.0e-01,1.0e+00,1.0e-03,2.9e-02,global-SQERG%YE,CASSQERGSYEQYF,TRBV4-2,TRBJ2-7,NA,Donor1:healthy,1.000000,-,-,-,-,-,-,-,-,-,-,-
858,SQERG%YE,6.4e-02,1,2,5.9e-06,1.0e+00,2.0e-01,1.0e+00,1.0e-03,2.9e-02,global-SQERG%YE,CASSQERGSYEQYF,TRBV4-3,TRBJ2-7,NA,Donor1:healthy,1.000000,-,-,-,-,-,-,-,-,-,-,-
858,SQERG%YE,6.4e-02,1,2,5.9e-06,1.0e+00,2.0e-01,1.0e+00,1.0e-03,2.9e-02,global-SQERG%YE,CASSQERGDYEQYF,TRBV4-1,TRBJ2-7,NA,Donor1:healthy,1.000000,-,-,-,-,-,-,-,-,-,-,-

859,SLAGG%TE,6.4e-02,1,2,1.9e-06,1.0e+00,6.5e-02,1.0e+00,1.0e-03,2.9e-02,global-SLAGG%TE,CSASLAGGFTEAFF,TRBV20-1,TRBJ1-1,NA,Donor1:healthy,1.000000,-,-,-,-,-,-,-,-,-,-,-
859,SLAGG%TE,6.4e-02,1,2,1.9e-06,1.0e+00,6.5e-02,1.0e+00,1.0e-03,2.9e-02,global-SLAGG%TE,CASSLAGGYTEAFF,TRBV5-4,TRBJ1-1,NA,Donor1:healthy,1.000000,-,-,-,-,-,-,-,-,-,-,-

860,SLGTGF%E,6.4e-02,1,2,1.9e-06,1.0e+00,6.6e-02,1.0e+00,1.0e-03,2.9e-02,global-SLGTGF%E,CASSLGTGFNEQYF,TRBV13,TRBJ2-7,NA,Donor1:healthy,1.000000,-,-,-,-,-,-,-,-,-,-,-
860,SLGTGF%E,6.4e-02,1,2,1.9e-06,1.0e+00,6.6e-02,1.0e+00,1.0e-03,2.9e-02,global-SLGTGF%E,CASSLGTGFTEAFF,TRBV27,TRBJ1-1,NA,Donor1:healthy,1.000000,-,-,-,-,-,-,-,-,-,-,-

861,SI%GSSYNE,6.4e-02,1,2,2.9e-08,1.0e+00,1.0e-03,1.0e+00,1.0e-03,2.9e-02,global-SI%GSSYNE,CASSISGSSYNEQFF,TRBV19,TRBJ2-1,NA,Donor1:healthy,1.000000,-,-,-,-,-,-,-,-,-,-,-
861,SI%GSSYNE,6.4e-02,1,2,2.9e-08,1.0e+00,1.0e-03,1.0e+00,1.0e-03,2.9e-02,global-SI%GSSYNE,CASSIQGSSYNEQFF,TRBV19,TRBJ2-1,NA,Donor1:healthy,1.000000,-,-,-,-,-,-,-,-,-,-,-

862,SQDPG%SYE,6.4e-02,1,2,1.3e-07,1.0e+00,4.5e-02,9.9e-02,1.0e-03,2.9e-02,global-SQDPG%SYE,CASSQDPGNSYEQYF,TRBV3-1,TRBJ2-7,NA,Donor1:healthy,1.000000,-,-,-,-,-,-,-,-,-,-,-
862,SQDPG%SYE,6.4e-02,1,2,1.3e-07,1.0e+00,4.5e-02,9.9e-02,1.0e-03,2.9e-02,global-SQDPG%SYE,CASSQDPGHSYEQYF,TRBV14,TRBJ2-7,NA,Donor1:healthy,2.000000,-,-,-,-,-,-,-,-,-,-,-

863,SPLAGV%DT,6.4e-02,1,2,4.8e-08,1.0e+00,5.9e-02,2.8e-02,1.0e-03,2.9e-02,global-SPLAGV%DT,CASSPLAGVSDTQYF,TRBV7-6,TRBJ2-3,NA,Donor1:healthy,6.000000,-,-,-,-,-,-,-,-,-,-,-
863,SPLAGV%DT,6.4e-02,1,2,4.8e-08,1.0e+00,5.9e-02,2.8e-02,1.0e-03,2.9e-02,global-SPLAGV%DT,CASSPLAGVTDTQYF,TRBV7-2,TRBJ2-3,NA,Donor1:healthy,1.000000,-,-,-,-,-,-,-,-,-,-,-

864,SY%GE,6.5e-02,1,4,8.6e-07,1.0e+00,3.7e-01,1.0e+00,1.0e-03,2.3e-03,global-SY%GE,CASSYQGEAFF,TRBV7-9,TRBJ1-1,NA,Donor1:healthy,1.000000,-,-,-,-,-,-,-,-,-,-,-
864,SY%GE,6.5e-02,1,4,8.6e-07,1.0e+00,3.7e-01,1.0e+00,1.0e-03,2.3e-03,global-SY%GE,CASSYSGEQYF,TRBV6-5,TRBJ2-7,NA,Donor1:healthy,1.000000,-,-,-,-,-,-,-,-,-,-,-
864,SY%GE,6.5e-02,1,4,8.6e-07,1.0e+00,3.7e-01,1.0e+00,1.0e-03,2.3e-03,global-SY%GE,CAWSYTGELFF,TRBV30,TRBJ2-2,NA,Donor1:healthy,1.000000,-,-,-,-,-,-,-,-,-,-,-
864,SY%GE,6.5e-02,1,4,8.6e-07,1.0e+00,3.7e-01,1.0e+00,1.0e-03,2.3e-03,global-SY%GE,CASSYGGEQYF,TRBV6-3,TRBJ2-7,NA,Donor1:healthy,1.000000,-,-,-,-,-,-,-,-,-,-,-

865,RD%SYE,6.5e-02,1,4,2.1e-08,1.0e+00,9.0e-03,1.0e+00,1.0e-03,2.3e-03,global-RD%SYE,CSVRDRSYEQYF,TRBV29-1,TRBJ2-7,NA,Donor1:healthy,1.000000,-,-,-,-,-,-,-,-,-,-,-
865,RD%SYE,6.5e-02,1,4,2.1e-08,1.0e+00,9.0e-03,1.0e+00,1.0e-03,2.3e-03,global-RD%SYE,CSVRDNSYEQYF,TRBV29-1,TRBJ2-7,NA,Donor1:healthy,1.000000,-,-,-,-,-,-,-,-,-,-,-
865,RD%SYE,6.5e-02,1,4,2.1e-08,1.0e+00,9.0e-03,1.0e+00,1.0e-03,2.3e-03,global-RD%SYE,CASRDTSYEQYF,TRBV28,TRBJ2-7,NA,Donor1:healthy,1.000000,-,-,-,-,-,-,-,-,-,-,-
865,RD%SYE,6.5e-02,1,4,2.1e-08,1.0e+00,9.0e-03,1.0e+00,1.0e-03,2.3e-03,global-RD%SYE,CSVRDDSYEQYF,TRBV29-1,TRBJ2-7,NA,Donor1:healthy,1.000000,-,-,-,-,-,-,-,-,-,-,-

866,SQ%GE,6.8e-02,1,3,1.8e-06,1.0e+00,2.9e-01,1.0e+00,1.0e-03,6.2e-03,global-SQ%GE,CASSQSGELFF,TRBV4-1,TRBJ2-2,NA,Donor1:healthy,1.000000,-,-,-,-,-,-,-,-,-,-,-
866,SQ%GE,6.8e-02,1,3,1.8e-06,1.0e+00,2.9e-01,1.0e+00,1.0e-03,6.2e-03,global-SQ%GE,CASSQEGEQYF,TRBV4-3,TRBJ2-7,NA,Donor1:healthy,1.000000,-,-,-,-,-,-,-,-,-,-,-
866,SQ%GE,6.8e-02,1,3,1.8e-06,1.0e+00,2.9e-01,1.0e+00,1.0e-03,6.2e-03,global-SQ%GE,CASSQGGEQYF,TRBV4-2,TRBJ2-7,NA,Donor1:healthy,1.000000,-,-,-,-,-,-,-,-,-,-,-
866,SQ%GE,6.8e-02,1,3,1.8e-06,1.0e+00,2.9e-01,1.0e+00,1.0e-03,6.2e-03,global-SQ%GE,CASSQGGEQYF,TRBV7-9,TRBJ2-7,NA,Donor1:healthy,1.000000,-,-,-,-,-,-,-,-,-,-,-

867,SS%NTE,6.8e-02,1,3,5.4e-07,1.0e+00,8.8e-02,1.0e+00,1.0e-03,6.2e-03,global-SS%NTE,CASSSKNTEAFF,TRBV7-6,TRBJ1-1,NA,Donor1:healthy,1.000000,-,-,-,-,-,-,-,-,-,-,-
867,SS%NTE,6.8e-02,1,3,5.4e-07,1.0e+00,8.8e-02,1.0e+00,1.0e-03,6.2e-03,global-SS%NTE,CASSSRNTEAFF,TRBV28,TRBJ1-1,NA,Donor1:healthy,1.000000,-,-,-,-,-,-,-,-,-,-,-
867,SS%NTE,6.8e-02,1,3,5.4e-07,1.0e+00,8.8e-02,1.0e+00,1.0e-03,6.2e-03,global-SS%NTE,CASSSQNTEAFF,TRBV7-6,TRBJ1-1,NA,Donor1:healthy,1.000000,-,-,-,-,-,-,-,-,-,-,-

868,SSG%YE,6.8e-02,1,3,2.0e-06,1.0e+00,3.2e-01,1.0e+00,1.0e-03,6.2e-03,global-SSG%YE,CASSSGVYEQYF,TRBV11-1,TRBJ2-7,NA,Donor1:healthy,1.000000,-,-,-,-,-,-,-,-,-,-,-
868,SSG%YE,6.8e-02,1,3,2.0e-06,1.0e+00,3.2e-01,1.0e+00,1.0e-03,6.2e-03,global-SSG%YE,CASSSGAYEQYF,TRBV7-9,TRBJ2-7,NA,Donor1:healthy,1.000000,-,-,-,-,-,-,-,-,-,-,-
868,SSG%YE,6.8e-02,1,3,2.0e-06,1.0e+00,3.2e-01,1.0e+00,1.0e-03,6.2e-03,global-SSG%YE,CASSSGSYEQYF,TRBV28,TRBJ2-7,NA,Donor1:healthy,1.000000,-,-,-,-,-,-,-,-,-,-,-
868,SSG%YE,6.8e-02,1,3,2.0e-06,1.0e+00,3.2e-01,1.0e+00,1.0e-03,6.2e-03,global-SSG%YE,CASSSGSYEQYF,TRBV9,TRBJ2-7,NA,Donor1:healthy,1.000000,-,-,-,-,-,-,-,-,-,-,-

869,SL%GNQP,6.8e-02,1,3,1.2e-06,1.0e+00,2.0e-01,1.0e+00,1.0e-03,6.2e-03,global-SL%GNQP,CASSLVGNQPQHF,TRBV7-9,TRBJ1-5,NA,Donor1:healthy,1.000000,-,-,-,-,-,-,-,-,-,-,-
869,SL%GNQP,6.8e-02,1,3,1.2e-06,1.0e+00,2.0e-01,1.0e+00,1.0e-03,6.2e-03,global-SL%GNQP,CASSLAGNQPQHF,TRBV12-4,TRBJ1-5,NA,Donor1:healthy,1.000000,-,-,-,-,-,-,-,-,-,-,-
869,SL%GNQP,6.8e-02,1,3,1.2e-06,1.0e+00,2.0e-01,1.0e+00,1.0e-03,6.2e-03,global-SL%GNQP,CASSLLGNQPQHF,TRBV27,TRBJ1-5,NA,Donor1:healthy,1.000000,-,-,-,-,-,-,-,-,-,-,-

870,SL%GTGE,6.8e-02,1,3,1.2e-06,1.0e+00,1.9e-01,1.0e+00,1.0e-03,6.2e-03,global-SL%GTGE,CASSLKGTGELFF,TRBV13,TRBJ2-2,NA,Donor1:healthy,1.000000,-,-,-,-,-,-,-,-,-,-,-
870,SL%GTGE,6.8e-02,1,3,1.2e-06,1.0e+00,1.9e-01,1.0e+00,1.0e-03,6.2e-03,global-SL%GTGE,CASSLQGTGEQYF,TRBV6-5,TRBJ2-7,NA,Donor1:healthy,1.000000,-,-,-,-,-,-,-,-,-,-,-
870,SL%GTGE,6.8e-02,1,3,1.2e-06,1.0e+00,1.9e-01,1.0e+00,1.0e-03,6.2e-03,global-SL%GTGE,CASSLEGTGELFF,TRBV12-3,TRBJ2-2,NA,Donor1:healthy,1.000000,-,-,-,-,-,-,-,-,-,-,-

871,SLS%SYE,6.8e-02,1,3,1.2e-06,1.0e+00,1.9e-01,1.0e+00,1.0e-03,6.2e-03,global-SLS%SYE,CASSLSGSYEQYF,TRBV11-2,TRBJ2-7,NA,Donor1:healthy,1.000000,-,-,-,-,-,-,-,-,-,-,-
871,SLS%SYE,6.8e-02,1,3,1.2e-06,1.0e+00,1.9e-01,1.0e+00,1.0e-03,6.2e-03,global-SLS%SYE,CASSLSASYEQYF,TRBV5-4,TRBJ2-7,NA,Donor1:healthy,1.000000,-,-,-,-,-,-,-,-,-,-,-
871,SLS%SYE,6.8e-02,1,3,1.2e-06,1.0e+00,1.9e-01,1.0e+00,1.0e-03,6.2e-03,global-SLS%SYE,CATSLSGSYEQYF,TRBV24-1,TRBJ2-7,NA,Donor1:healthy,1.000000,-,-,-,-,-,-,-,-,-,-,-

872,SLGGG%E,6.8e-02,1,3,2.2e-07,1.0e+00,3.5e-02,1.0e+00,1.0e-03,6.2e-03,global-SLGGG%E,CASSLGGGDEQYF,TRBV7-3,TRBJ2-7,NA,Donor1:healthy,1.000000,-,-,-,-,-,-,-,-,-,-,-
872,SLGGG%E,6.8e-02,1,3,2.2e-07,1.0e+00,3.5e-02,1.0e+00,1.0e-03,6.2e-03,global-SLGGG%E,CASSLGGGNEQFF,TRBV27,TRBJ2-1,NA,Donor1:healthy,1.000000,-,-,-,-,-,-,-,-,-,-,-
872,SLGGG%E,6.8e-02,1,3,2.2e-07,1.0e+00,3.5e-02,1.0e+00,1.0e-03,6.2e-03,global-SLGGG%E,CASSLGGGNEQFF,TRBV7-6,TRBJ2-1,NA,Donor1:healthy,1.000000,-,-,-,-,-,-,-,-,-,-,-
872,SLGGG%E,6.8e-02,1,3,2.2e-07,1.0e+00,3.5e-02,1.0e+00,1.0e-03,6.2e-03,global-SLGGG%E,CASSLGGGTEAFF,TRBV27,TRBJ1-1,NA,Donor1:healthy,1.000000,-,-,-,-,-,-,-,-,-,-,-

873,SSP%E,7.4e-02,1,2,1.7e-06,1.0e+00,5.7e-02,1.0e+00,1.0e-03,2.9e-02,global-SSP%E,CASSSPGEQYF,TRBV6-3,TRBJ2-7,NA,Donor1:healthy,1.000000,-,-,-,-,-,-,-,-,-,-,-
873,SSP%E,7.4e-02,1,2,1.7e-06,1.0e+00,5.7e-02,1.0e+00,1.0e-03,2.9e-02,global-SSP%E,CASSSPNEQFF,TRBV19,TRBJ2-1,NA,Donor1:healthy,1.000000,-,-,-,-,-,-,-,-,-,-,-

874,SAG%G,7.4e-02,1,2,1.9e-06,1.0e+00,6.6e-02,1.0e+00,1.0e-03,2.9e-02,global-SAG%G,CASSAGVGQYF,TRBV18,TRBJ2-3,NA,Donor1:healthy,1.000000,-,-,-,-,-,-,-,-,-,-,-
874,SAG%G,7.4e-02,1,2,1.9e-06,1.0e+00,6.6e-02,1.0e+00,1.0e-03,2.9e-02,global-SAG%G,CASSAGLGYTF,TRBV13,TRBJ1-2,NA,Donor1:healthy,1.000000,-,-,-,-,-,-,-,-,-,-,-

875,SFG%T,7.4e-02,1,2,5.4e-06,1.0e+00,1.9e-01,1.0e+00,1.0e-03,2.9e-02,global-SFG%T,CASSFGETQYF,TRBV12-4,TRBJ2-5,NA,Donor1:healthy,1.000000,-,-,-,-,-,-,-,-,-,-,-
875,SFG%T,7.4e-02,1,2,5.4e-06,1.0e+00,1.9e-01,1.0e+00,1.0e-03,2.9e-02,global-SFG%T,CASSFGETQYF,TRBV7-9,TRBJ2-5,NA,Donor1:healthy,1.000000,-,-,-,-,-,-,-,-,-,-,-
875,SFG%T,7.4e-02,1,2,5.4e-06,1.0e+00,1.9e-01,1.0e+00,1.0e-03,2.9e-02,global-SFG%T,CASSFGNTIYF,TRBV9,TRBJ1-3,NA,Donor1:healthy,1.000000,-,-,-,-,-,-,-,-,-,-,-

876,%RSSYE,7.4e-02,1,2,1.8e-06,1.0e+00,6.2e-02,1.0e+00,1.0e-03,2.9e-02,global-%RSSYE,CAWGRSSYEQYF,TRBV30,TRBJ2-7,NA,Donor1:healthy,1.000000,-,-,-,-,-,-,-,-,-,-,-
876,%RSSYE,7.4e-02,1,2,1.8e-06,1.0e+00,6.2e-02,1.0e+00,1.0e-03,2.9e-02,global-%RSSYE,CASSRSSYEQYF,TRBV7-2,TRBJ2-7,NA,Donor1:healthy,1.000000,-,-,-,-,-,-,-,-,-,-,-

877,S%LGYE,7.4e-02,1,2,2.1e-06,1.0e+00,7.1e-02,1.0e+00,1.0e-03,2.9e-02,global-S%LGYE,CASSALGYEQYF,TRBV5-4,TRBJ2-7,NA,Donor1:healthy,1.000000,-,-,-,-,-,-,-,-,-,-,-
877,S%LGYE,7.4e-02,1,2,2.1e-06,1.0e+00,7.1e-02,1.0e+00,1.0e-03,2.9e-02,global-S%LGYE,CASSSLGYEQYF,TRBV12-4,TRBJ2-7,NA,Donor1:healthy,1.000000,-,-,-,-,-,-,-,-,-,-,-

878,S%PAYE,7.4e-02,1,2,5.8e-06,1.0e+00,2.0e-01,1.0e+00,1.0e-03,2.9e-02,global-S%PAYE,CASSLPAYEQYF,TRBV12-3,TRBJ2-7,NA,Donor1:healthy,1.000000,-,-,-,-,-,-,-,-,-,-,-
878,S%PAYE,7.4e-02,1,2,5.8e-06,1.0e+00,2.0e-01,1.0e+00,1.0e-03,2.9e-02,global-S%PAYE,CASSLPAYEQYF,TRBV7-8,TRBJ2-7,NA,Donor1:healthy,1.000000,-,-,-,-,-,-,-,-,-,-,-
878,S%PAYE,7.4e-02,1,2,5.8e-06,1.0e+00,2.0e-01,1.0e+00,1.0e-03,2.9e-02,global-S%PAYE,CASSFPAYEQYF,TRBV28,TRBJ2-7,NA,Donor1:healthy,1.000000,-,-,-,-,-,-,-,-,-,-,-

879,SP%NNE,7.4e-02,1,2,1.9e-06,1.0e+00,6.5e-02,1.0e+00,1.0e-03,2.9e-02,global-SP%NNE,CASSPGNNEQFF,TRBV12-3,TRBJ2-1,NA,Donor1:healthy,1.000000,-,-,-,-,-,-,-,-,-,-,-
879,SP%NNE,7.4e-02,1,2,1.9e-06,1.0e+00,6.5e-02,1.0e+00,1.0e-03,2.9e-02,global-SP%NNE,CASSPSNNEQFF,TRBV7-8,TRBJ2-1,NA,Donor1:healthy,1.000000,-,-,-,-,-,-,-,-,-,-,-

880,SF%YNE,7.4e-02,1,2,1.9e-06,1.0e+00,6.6e-02,1.0e+00,1.0e-03,2.9e-02,global-SF%YNE,CASSFAYNEQFF,TRBV11-2,TRBJ2-1,NA,Donor1:healthy,1.000000,-,-,-,-,-,-,-,-,-,-,-
880,SF%YNE,7.4e-02,1,2,1.9e-06,1.0e+00,6.6e-02,1.0e+00,1.0e-03,2.9e-02,global-SF%YNE,CASSFGYNEQFF,TRBV5-6,TRBJ2-1,NA,Donor1:healthy,1.000000,-,-,-,-,-,-,-,-,-,-,-

881,SP%GVE,7.4e-02,1,2,2.0e-06,1.0e+00,6.8e-02,1.0e+00,1.0e-03,2.9e-02,global-SP%GVE,CASSPGGVEQFF,TRBV9,TRBJ2-1,NA,Donor1:healthy,1.000000,-,-,-,-,-,-,-,-,-,-,-
881,SP%GVE,7.4e-02,1,2,2.0e-06,1.0e+00,6.8e-02,1.0e+00,1.0e-03,2.9e-02,global-SP%GVE,CASSPNGVEQYF,TRBV18,TRBJ2-7,NA,Donor1:healthy,1.000000,-,-,-,-,-,-,-,-,-,-,-

882,SLS%TE,7.4e-02,1,2,1.6e-06,1.0e+00,5.6e-02,1.0e+00,1.0e-03,2.9e-02,global-SLS%TE,CASSLSGTEAFF,TRBV7-9,TRBJ1-1,NA,Donor1:healthy,1.000000,-,-,-,-,-,-,-,-,-,-,-
882,SLS%TE,7.4e-02,1,2,1.6e-06,1.0e+00,5.6e-02,1.0e+00,1.0e-03,2.9e-02,global-SLS%TE,CASSLSNTEAFF,TRBV5-1,TRBJ1-1,NA,Donor1:healthy,1.000000,-,-,-,-,-,-,-,-,-,-,-

883,SSTG%G,7.4e-02,1,2,2.9e-10,1.0e+00,1.0e-03,1.0e-02,1.0e-03,2.9e-02,global-SSTG%G,CASSSTGIGYTF,TRBV5-6,TRBJ1-2,NA,Donor1:healthy,1.000000,-,-,-,-,-,-,-,-,-,-,-
883,SSTG%G,7.4e-02,1,2,2.9e-10,1.0e+00,1.0e-03,1.0e-02,1.0e-03,2.9e-02,global-SSTG%G,CASSSTGVGYTF,TRBV5-6,TRBJ1-2,NA,Donor1:healthy,19.000000,-,-,-,-,-,-,-,-,-,-,-

884,S%ESYNE,7.4e-02,1,2,2.1e-06,1.0e+00,7.3e-02,1.0e+00,1.0e-03,2.9e-02,global-S%ESYNE,CASSTESYNEQFF,TRBV19,TRBJ2-1,NA,Donor1:healthy,1.000000,-,-,-,-,-,-,-,-,-,-,-
884,S%ESYNE,7.4e-02,1,2,2.1e-06,1.0e+00,7.3e-02,1.0e+00,1.0e-03,2.9e-02,global-S%ESYNE,CASSSESYNEQFF,TRBV27,TRBJ2-1,NA,Donor1:healthy,1.000000,-,-,-,-,-,-,-,-,-,-,-

885,S%YMNTE,7.4e-02,1,2,1.8e-06,1.0e+00,6.2e-02,1.0e+00,1.0e-03,2.9e-02,global-S%YMNTE,CSASSYMNTEAFF,TRBV20-1,TRBJ1-1,NA,Donor1:healthy,1.000000,-,-,-,-,-,-,-,-,-,-,-
885,S%YMNTE,7.4e-02,1,2,1.8e-06,1.0e+00,6.2e-02,1.0e+00,1.0e-03,2.9e-02,global-S%YMNTE,CASSAYMNTEAFF,TRBV27,TRBJ1-1,NA,Donor1:healthy,1.000000,-,-,-,-,-,-,-,-,-,-,-

886,SL%GYYG,7.4e-02,1,2,2.1e-06,1.0e+00,7.3e-02,1.0e+00,1.0e-03,2.9e-02,global-SL%GYYG,CASSLGGYYGYTF,TRBV27,TRBJ1-2,NA,Donor1:healthy,1.000000,-,-,-,-,-,-,-,-,-,-,-
886,SL%GYYG,7.4e-02,1,2,2.1e-06,1.0e+00,7.3e-02,1.0e+00,1.0e-03,2.9e-02,global-SL%GYYG,CASSLSGYYGYTF,TRBV5-4,TRBJ1-2,NA,Donor1:healthy,1.000000,-,-,-,-,-,-,-,-,-,-,-

887,SVG%NYE,7.4e-02,1,2,2.2e-06,1.0e+00,7.5e-02,1.0e+00,1.0e-03,2.9e-02,global-SVG%NYE,CASSVGSNYEQYF,TRBV13,TRBJ2-7,NA,Donor1:healthy,1.000000,-,-,-,-,-,-,-,-,-,-,-
887,SVG%NYE,7.4e-02,1,2,2.2e-06,1.0e+00,7.5e-02,1.0e+00,1.0e-03,2.9e-02,global-SVG%NYE,CASSVGDNYEQYF,TRBV9,TRBJ2-7,NA,Donor1:healthy,1.000000,-,-,-,-,-,-,-,-,-,-,-

888,SLGG%DE,7.4e-02,1,2,2.0e-06,1.0e+00,6.7e-02,1.0e+00,1.0e-03,2.9e-02,global-SLGG%DE,CASSLGGGDEQYF,TRBV7-3,TRBJ2-7,NA,Donor1:healthy,1.000000,-,-,-,-,-,-,-,-,-,-,-
888,SLGG%DE,7.4e-02,1,2,2.0e-06,1.0e+00,6.7e-02,1.0e+00,1.0e-03,2.9e-02,global-SLGG%DE,CASSLGGADEQYF,TRBV5-1,TRBJ2-7,NA,Donor1:healthy,1.000000,-,-,-,-,-,-,-,-,-,-,-

889,SLER%YE,7.4e-02,1,2,2.4e-06,1.0e+00,8.4e-02,1.0e+00,1.0e-03,2.9e-02,global-SLER%YE,CASSLERAYEQYF,TRBV7-2,TRBJ2-7,NA,Donor1:healthy,1.000000,-,-,-,-,-,-,-,-,-,-,-
889,SLER%YE,7.4e-02,1,2,2.4e-06,1.0e+00,8.4e-02,1.0e+00,1.0e-03,2.9e-02,global-SLER%YE,CASSLERTYEAFF,TRBV13,TRBJ1-1,NA,Donor1:healthy,1.000000,-,-,-,-,-,-,-,-,-,-,-

890,SPPG%GE,7.4e-02,1,2,2.6e-06,1.0e+00,9.0e-02,1.0e+00,1.0e-03,2.9e-02,global-SPPG%GE,CASSPPGGGEQYF,TRBV7-2,TRBJ2-7,NA,Donor1:healthy,1.000000,-,-,-,-,-,-,-,-,-,-,-
890,SPPG%GE,7.4e-02,1,2,2.6e-06,1.0e+00,9.0e-02,1.0e+00,1.0e-03,2.9e-02,global-SPPG%GE,CASSPPGSGELFF,TRBV7-3,TRBJ2-2,NA,Donor1:healthy,1.000000,-,-,-,-,-,-,-,-,-,-,-

891,SLEG%GE,7.4e-02,1,2,5.5e-06,1.0e+00,1.9e-01,1.0e+00,1.0e-03,2.9e-02,global-SLEG%GE,CASSLEGAGELFF,TRBV28,TRBJ2-2,NA,Donor1:healthy,1.000000,-,-,-,-,-,-,-,-,-,-,-
891,SLEG%GE,7.4e-02,1,2,5.5e-06,1.0e+00,1.9e-01,1.0e+00,1.0e-03,2.9e-02,global-SLEG%GE,CASSLEGAGELFF,TRBV5-1,TRBJ2-2,NA,Donor1:healthy,1.000000,-,-,-,-,-,-,-,-,-,-,-
891,SLEG%GE,7.4e-02,1,2,5.5e-06,1.0e+00,1.9e-01,1.0e+00,1.0e-03,2.9e-02,global-SLEG%GE,CASSLEGTGELFF,TRBV12-3,TRBJ2-2,NA,Donor1:healthy,1.000000,-,-,-,-,-,-,-,-,-,-,-

892,SLSR%TE,7.4e-02,1,2,1.7e-06,1.0e+00,6.0e-02,1.0e+00,1.0e-03,2.9e-02,global-SLSR%TE,CASSLSRNTEAFF,TRBV7-8,TRBJ1-1,NA,Donor1:healthy,1.000000,-,-,-,-,-,-,-,-,-,-,-
892,SLSR%TE,7.4e-02,1,2,1.7e-06,1.0e+00,6.0e-02,1.0e+00,1.0e-03,2.9e-02,global-SLSR%TE,CASSLSRRTEQYF,TRBV14,TRBJ2-7,NA,Donor1:healthy,1.000000,-,-,-,-,-,-,-,-,-,-,-

893,S%SRSSYE,7.4e-02,1,2,2.3e-06,1.0e+00,7.8e-02,1.0e+00,1.0e-03,2.9e-02,global-S%SRSSYE,CAISESRSSYEQYF,TRBV10-3,TRBJ2-7,NA,Donor1:healthy,1.000000,-,-,-,-,-,-,-,-,-,-,-
893,S%SRSSYE,7.4e-02,1,2,2.3e-06,1.0e+00,7.8e-02,1.0e+00,1.0e-03,2.9e-02,global-S%SRSSYE,CASSSSRSSYEQYF,TRBV27,TRBJ2-7,NA,Donor1:healthy,1.000000,-,-,-,-,-,-,-,-,-,-,-

894,SF%TGNTE,7.4e-02,1,2,1.8e-06,1.0e+00,6.2e-02,1.0e+00,1.0e-03,2.9e-02,global-SF%TGNTE,CASSFLTGNTEAFF,TRBV7-6,TRBJ1-1,NA,Donor1:healthy,1.000000,-,-,-,-,-,-,-,-,-,-,-
894,SF%TGNTE,7.4e-02,1,2,1.8e-06,1.0e+00,6.2e-02,1.0e+00,1.0e-03,2.9e-02,global-SF%TGNTE,CASSFVTGNTEAFF,TRBV27,TRBJ1-1,NA,Donor1:healthy,1.000000,-,-,-,-,-,-,-,-,-,-,-

895,SL%GGNYG,7.4e-02,1,2,8.0e-08,1.0e+00,7.4e-02,3.7e-02,1.0e-03,2.9e-02,global-SL%GGNYG,CASSLSGGNYGYTF,TRBV27,TRBJ1-2,NA,Donor1:healthy,2.000000,-,-,-,-,-,-,-,-,-,-,-
895,SL%GGNYG,7.4e-02,1,2,8.0e-08,1.0e+00,7.4e-02,3.7e-02,1.0e-03,2.9e-02,global-SL%GGNYG,CASSLQGGNYGYTF,TRBV6-5,TRBJ1-2,NA,Donor1:healthy,3.000000,-,-,-,-,-,-,-,-,-,-,-

896,SSR%SSYE,7.4e-02,1,2,1.9e-06,1.0e+00,6.5e-02,1.0e+00,1.0e-03,2.9e-02,global-SSR%SSYE,CATSSRSSSYEQYF,TRBV15,TRBJ2-7,NA,Donor1:healthy,1.000000,-,-,-,-,-,-,-,-,-,-,-
896,SSR%SSYE,7.4e-02,1,2,1.9e-06,1.0e+00,6.5e-02,1.0e+00,1.0e-03,2.9e-02,global-SSR%SSYE,CASSSRDSSYEQYF,TRBV5-4,TRBJ2-7,NA,Donor1:healthy,1.000000,-,-,-,-,-,-,-,-,-,-,-

897,SLD%GAYE,7.4e-02,1,2,2.2e-06,1.0e+00,7.5e-02,1.0e+00,1.0e-03,2.9e-02,global-SLD%GAYE,CASSLDSGAYEQYF,TRBV12-4,TRBJ2-7,NA,Donor1:healthy,1.000000,-,-,-,-,-,-,-,-,-,-,-
897,SLD%GAYE,7.4e-02,1,2,2.2e-06,1.0e+00,7.5e-02,1.0e+00,1.0e-03,2.9e-02,global-SLD%GAYE,CASSLDQGAYEQYF,TRBV5-1,TRBJ2-7,NA,Donor1:healthy,1.000000,-,-,-,-,-,-,-,-,-,-,-

898,SPGQ%YNE,7.4e-02,1,2,1.5e-06,1.0e+00,5.2e-02,1.0e+00,1.0e-03,2.9e-02,global-SPGQ%YNE,CASSPGQGYNEQFF,TRBV11-2,TRBJ2-1,NA,Donor1:healthy,1.000000,-,-,-,-,-,-,-,-,-,-,-
898,SPGQ%YNE,7.4e-02,1,2,1.5e-06,1.0e+00,5.2e-02,1.0e+00,1.0e-03,2.9e-02,global-SPGQ%YNE,CASSPGQAYNEQFF,TRBV4-1,TRBJ2-1,NA,Donor1:healthy,1.000000,-,-,-,-,-,-,-,-,-,-,-

899,SPRG%NTE,7.4e-02,1,2,1.6e-06,1.0e+00,5.5e-02,1.0e+00,1.0e-03,2.9e-02,global-SPRG%NTE,CASSPRGTNTEAFF,TRBV27,TRBJ1-1,NA,Donor1:healthy,1.000000,-,-,-,-,-,-,-,-,-,-,-
899,SPRG%NTE,7.4e-02,1,2,1.6e-06,1.0e+00,5.5e-02,1.0e+00,1.0e-03,2.9e-02,global-SPRG%NTE,CASSPRGANTEAFF,TRBV6-5,TRBJ1-1,NA,Donor1:healthy,1.000000,-,-,-,-,-,-,-,-,-,-,-

900,SSGQ%SYE,7.4e-02,1,2,1.9e-06,1.0e+00,6.4e-02,1.0e+00,1.0e-03,2.9e-02,global-SSGQ%SYE,CASSSGQSSYEQYF,TRBV7-9,TRBJ2-7,NA,Donor1:healthy,1.000000,-,-,-,-,-,-,-,-,-,-,-
900,SSGQ%SYE,7.4e-02,1,2,1.9e-06,1.0e+00,6.4e-02,1.0e+00,1.0e-03,2.9e-02,global-SSGQ%SYE,CASSSGQDSYEQYF,TRBV7-6,TRBJ2-7,NA,Donor1:healthy,1.000000,-,-,-,-,-,-,-,-,-,-,-

901,SLGGG%GE,7.4e-02,1,2,2.2e-06,1.0e+00,7.4e-02,1.0e+00,1.0e-03,2.9e-02,global-SLGGG%GE,CASSLGGGSGEQFF,TRBV7-3,TRBJ2-1,NA,Donor1:healthy,1.000000,-,-,-,-,-,-,-,-,-,-,-
901,SLGGG%GE,7.4e-02,1,2,2.2e-06,1.0e+00,7.4e-02,1.0e+00,1.0e-03,2.9e-02,global-SLGGG%GE,CASSLGGGTGELFF,TRBV5-5,TRBJ2-2,NA,Donor1:healthy,1.000000,-,-,-,-,-,-,-,-,-,-,-

902,SQGAG%YE,7.4e-02,1,2,1.9e-06,1.0e+00,6.6e-02,1.0e+00,1.0e-03,2.9e-02,global-SQGAG%YE,CASSQGAGTYEQYF,TRBV4-1,TRBJ2-7,NA,Donor1:healthy,1.000000,-,-,-,-,-,-,-,-,-,-,-
902,SQGAG%YE,7.4e-02,1,2,1.9e-06,1.0e+00,6.6e-02,1.0e+00,1.0e-03,2.9e-02,global-SQGAG%YE,CASSQGAGSYEQYF,TRBV4-3,TRBJ2-7,NA,Donor1:healthy,1.000000,-,-,-,-,-,-,-,-,-,-,-

903,SLGAGG%E,7.4e-02,1,2,2.9e-08,1.0e+00,1.0e-03,1.0e+00,1.0e-03,2.9e-02,global-SLGAGG%E,CASSLGAGGVEQYF,TRBV11-2,TRBJ2-7,NA,Donor1:healthy,1.000000,-,-,-,-,-,-,-,-,-,-,-
903,SLGAGG%E,7.4e-02,1,2,2.9e-08,1.0e+00,1.0e-03,1.0e+00,1.0e-03,2.9e-02,global-SLGAGG%E,CASSLGAGGTEAFF,TRBV11-2,TRBJ1-1,NA,Donor1:healthy,1.000000,-,-,-,-,-,-,-,-,-,-,-

904,S%SGTGGYE,7.4e-02,1,2,2.0e-06,1.0e+00,6.8e-02,1.0e+00,1.0e-03,2.9e-02,global-S%SGTGGYE,CATSASGTGGYEQYF,TRBV24-1,TRBJ2-7,NA,Donor1:healthy,1.000000,-,-,-,-,-,-,-,-,-,-,-
904,S%SGTGGYE,7.4e-02,1,2,2.0e-06,1.0e+00,6.8e-02,1.0e+00,1.0e-03,2.9e-02,global-S%SGTGGYE,CASSSSGTGGYEQYF,TRBV7-9,TRBJ2-7,NA,Donor1:healthy,1.000000,-,-,-,-,-,-,-,-,-,-,-

905,SLG%GVNTE,7.4e-02,1,2,2.0e-06,1.0e+00,6.9e-02,1.0e+00,1.0e-03,2.9e-02,global-SLG%GVNTE,CASSLGGGVNTEAFF,TRBV5-6,TRBJ1-1,NA,Donor1:healthy,1.000000,-,-,-,-,-,-,-,-,-,-,-
905,SLG%GVNTE,7.4e-02,1,2,2.0e-06,1.0e+00,6.9e-02,1.0e+00,1.0e-03,2.9e-02,global-SLG%GVNTE,CASSLGAGVNTEAFF,TRBV5-5,TRBJ1-1,NA,Donor1:healthy,1.000000,-,-,-,-,-,-,-,-,-,-,-

906,SAGTG%NQP,7.4e-02,1,2,2.6e-06,1.0e+00,8.8e-02,1.0e+00,1.0e-03,2.9e-02,global-SAGTG%NQP,CASSAGTGMNQPQHF,TRBV14,TRBJ1-5,NA,Donor1:healthy,1.000000,-,-,-,-,-,-,-,-,-,-,-
906,SAGTG%NQP,7.4e-02,1,2,2.6e-06,1.0e+00,8.8e-02,1.0e+00,1.0e-03,2.9e-02,global-SAGTG%NQP,CASSAGTGINQPQHF,TRBV5-1,TRBJ1-5,NA,Donor1:healthy,1.000000,-,-,-,-,-,-,-,-,-,-,-

907,SFLAGG%NE,7.4e-02,1,2,3.3e-08,1.0e+00,7.0e-02,1.6e-02,1.0e-03,2.9e-02,global-SFLAGG%NE,CASSFLAGGFNEQFF,TRBV7-3,TRBJ2-1,NA,Donor1:healthy,1.000000,-,-,-,-,-,-,-,-,-,-,-
907,SFLAGG%NE,7.4e-02,1,2,3.3e-08,1.0e+00,7.0e-02,1.6e-02,1.0e-03,2.9e-02,global-SFLAGG%NE,CASSFLAGGYNEQFF,TRBV7-8,TRBJ2-1,NA,Donor1:healthy,13.000000,-,-,-,-,-,-,-,-,-,-,-

908,SPGLAGG%E,7.4e-02,1,2,1.8e-06,1.0e+00,6.1e-02,1.0e+00,1.0e-03,2.9e-02,global-SPGLAGG%E,CASSPGLAGGNEQFF,TRBV6-5,TRBJ2-1,NA,Donor1:healthy,1.000000,-,-,-,-,-,-,-,-,-,-,-
908,SPGLAGG%E,7.4e-02,1,2,1.8e-06,1.0e+00,6.1e-02,1.0e+00,1.0e-03,2.9e-02,global-SPGLAGG%E,CSASPGLAGGGEQYF,TRBV20-1,TRBJ2-7,NA,Donor1:healthy,1.000000,-,-,-,-,-,-,-,-,-,-,-

909,S%TE,7.5e-02,1,3,1.2e-06,1.0e+00,1.9e-01,1.0e+00,1.0e-03,6.2e-03,global-S%TE,CASSSTEQYF,TRBV28,TRBJ2-7,NA,Donor1:healthy,1.000000,-,-,-,-,-,-,-,-,-,-,-
909,S%TE,7.5e-02,1,3,1.2e-06,1.0e+00,1.9e-01,1.0e+00,1.0e-03,6.2e-03,global-S%TE,CASSATEAFF,TRBV2,TRBJ1-1,NA,Donor1:healthy,1.000000,-,-,-,-,-,-,-,-,-,-,-
909,S%TE,7.5e-02,1,3,1.2e-06,1.0e+00,1.9e-01,1.0e+00,1.0e-03,6.2e-03,global-S%TE,CASSSTEAFF,TRBV7-9,TRBJ1-1,NA,Donor1:healthy,1.000000,-,-,-,-,-,-,-,-,-,-,-

910,RG%E,7.5e-02,1,4,1.2e-06,1.0e+00,5.0e-01,1.0e+00,1.0e-03,2.3e-03,global-RG%E,CASRGGEQFF,TRBV6-3,TRBJ2-1,NA,Donor1:healthy,1.000000,-,-,-,-,-,-,-,-,-,-,-
910,RG%E,7.5e-02,1,4,1.2e-06,1.0e+00,5.0e-01,1.0e+00,1.0e-03,2.3e-03,global-RG%E,CASRGNEQFF,TRBV3-1,TRBJ2-1,NA,Donor1:healthy,1.000000,-,-,-,-,-,-,-,-,-,-,-
910,RG%E,7.5e-02,1,4,1.2e-06,1.0e+00,5.0e-01,1.0e+00,1.0e-03,2.3e-03,global-RG%E,CASRGNEAFF,TRBV27,TRBJ1-1,NA,Donor1:healthy,1.000000,-,-,-,-,-,-,-,-,-,-,-
910,RG%E,7.5e-02,1,4,1.2e-06,1.0e+00,5.0e-01,1.0e+00,1.0e-03,2.3e-03,global-RG%E,CASRGGEQYF,TRBV12-3,TRBJ2-7,NA,Donor1:healthy,1.000000,-,-,-,-,-,-,-,-,-,-,-
910,RG%E,7.5e-02,1,4,1.2e-06,1.0e+00,5.0e-01,1.0e+00,1.0e-03,2.3e-03,global-RG%E,CASRGGEQYF,TRBV6-1,TRBJ2-7,NA,Donor1:healthy,1.000000,-,-,-,-,-,-,-,-,-,-,-

911,S%GDE,7.5e-02,1,4,8.5e-07,1.0e+00,3.6e-01,1.0e+00,1.0e-03,2.3e-03,global-S%GDE,CASSEGDEQYF,TRBV6-1,TRBJ2-7,NA,Donor1:healthy,1.000000,-,-,-,-,-,-,-,-,-,-,-
911,S%GDE,7.5e-02,1,4,8.5e-07,1.0e+00,3.6e-01,1.0e+00,1.0e-03,2.3e-03,global-S%GDE,CASSRGDEQYF,TRBV5-1,TRBJ2-7,NA,Donor1:healthy,1.000000,-,-,-,-,-,-,-,-,-,-,-
911,S%GDE,7.5e-02,1,4,8.5e-07,1.0e+00,3.6e-01,1.0e+00,1.0e-03,2.3e-03,global-S%GDE,CAWSRGDEQFF,TRBV30,TRBJ2-1,NA,Donor1:healthy,1.000000,-,-,-,-,-,-,-,-,-,-,-
911,S%GDE,7.5e-02,1,4,8.5e-07,1.0e+00,3.6e-01,1.0e+00,1.0e-03,2.3e-03,global-S%GDE,CASSQGDEQFF,TRBV4-3,TRBJ2-1,NA,Donor1:healthy,1.000000,-,-,-,-,-,-,-,-,-,-,-

912,SQG%TE,7.5e-02,1,3,1.3e-06,1.0e+00,2.1e-01,1.0e+00,1.0e-03,6.2e-03,global-SQG%TE,CASSQGSTEAFF,TRBV4-2,TRBJ1-1,NA,Donor1:healthy,1.000000,-,-,-,-,-,-,-,-,-,-,-
912,SQG%TE,7.5e-02,1,3,1.3e-06,1.0e+00,2.1e-01,1.0e+00,1.0e-03,6.2e-03,global-SQG%TE,CAWSQGGTEAFF,TRBV30,TRBJ1-1,NA,Donor1:healthy,1.000000,-,-,-,-,-,-,-,-,-,-,-
912,SQG%TE,7.5e-02,1,3,1.3e-06,1.0e+00,2.1e-01,1.0e+00,1.0e-03,6.2e-03,global-SQG%TE,CASSQGDTEAFF,TRBV25-1,TRBJ1-1,NA,Donor1:healthy,1.000000,-,-,-,-,-,-,-,-,-,-,-

913,S%GQSYE,7.5e-02,1,3,4.1e-06,1.0e+00,6.5e-01,1.0e+00,1.0e-03,6.2e-03,global-S%GQSYE,CASSIGQSYEQYF,TRBV19,TRBJ2-7,NA,Donor1:healthy,1.000000,-,-,-,-,-,-,-,-,-,-,-
913,S%GQSYE,7.5e-02,1,3,4.1e-06,1.0e+00,6.5e-01,1.0e+00,1.0e-03,6.2e-03,global-S%GQSYE,CASSFGQSYEQYF,TRBV27,TRBJ2-7,NA,Donor1:healthy,1.000000,-,-,-,-,-,-,-,-,-,-,-
913,S%GQSYE,7.5e-02,1,3,4.1e-06,1.0e+00,6.5e-01,1.0e+00,1.0e-03,6.2e-03,global-S%GQSYE,CASSFGQSYEQYF,TRBV6-3,TRBJ2-7,NA,Donor1:healthy,1.000000,-,-,-,-,-,-,-,-,-,-,-
913,S%GQSYE,7.5e-02,1,3,4.1e-06,1.0e+00,6.5e-01,1.0e+00,1.0e-03,6.2e-03,global-S%GQSYE,CASSFGQSYEQYF,TRBV6-5,TRBJ2-7,NA,Donor1:healthy,1.000000,-,-,-,-,-,-,-,-,-,-,-
913,S%GQSYE,7.5e-02,1,3,4.1e-06,1.0e+00,6.5e-01,1.0e+00,1.0e-03,6.2e-03,global-S%GQSYE,CASSLGQSYEQYF,TRBV12-3,TRBJ2-7,NA,Donor1:healthy,1.000000,-,-,-,-,-,-,-,-,-,-,-
913,S%GQSYE,7.5e-02,1,3,4.1e-06,1.0e+00,6.5e-01,1.0e+00,1.0e-03,6.2e-03,global-S%GQSYE,CASSLGQSYEQYF,TRBV5-6,TRBJ2-7,NA,Donor1:healthy,1.000000,-,-,-,-,-,-,-,-,-,-,-

914,S%AGGSYE,7.5e-02,1,3,6.0e-07,1.0e+00,9.7e-02,1.0e+00,1.0e-03,6.2e-03,global-S%AGGSYE,CASSVAGGSYEQYF,TRBV9,TRBJ2-7,NA,Donor1:healthy,1.000000,-,-,-,-,-,-,-,-,-,-,-
914,S%AGGSYE,7.5e-02,1,3,6.0e-07,1.0e+00,9.7e-02,1.0e+00,1.0e-03,6.2e-03,global-S%AGGSYE,CASSTAGGSYEQYF,TRBV27,TRBJ2-7,NA,Donor1:healthy,1.000000,-,-,-,-,-,-,-,-,-,-,-
914,S%AGGSYE,7.5e-02,1,3,6.0e-07,1.0e+00,9.7e-02,1.0e+00,1.0e-03,6.2e-03,global-S%AGGSYE,CASSAAGGSYEQYF,TRBV9,TRBJ2-7,NA,Donor1:healthy,1.000000,-,-,-,-,-,-,-,-,-,-,-

915,S%GNTE,7.8e-02,1,5,1.1e-06,1.0e+00,7.5e-01,1.0e+00,1.0e-03,1.5e-03,global-S%GNTE,CASSFGNTEAFF,TRBV27,TRBJ1-1,NA,Donor1:healthy,1.000000,-,-,-,-,-,-,-,-,-,-,-
915,S%GNTE,7.8e-02,1,5,1.1e-06,1.0e+00,7.5e-01,1.0e+00,1.0e-03,1.5e-03,global-S%GNTE,CASSFGNTEAFF,TRBV7-9,TRBJ1-1,NA,Donor1:healthy,1.000000,-,-,-,-,-,-,-,-,-,-,-
915,S%GNTE,7.8e-02,1,5,1.1e-06,1.0e+00,7.5e-01,1.0e+00,1.0e-03,1.5e-03,global-S%GNTE,CASSLGNTEAFF,TRBV5-1,TRBJ1-1,NA,Donor1:healthy,1.000000,-,-,-,-,-,-,-,-,-,-,-
915,S%GNTE,7.8e-02,1,5,1.1e-06,1.0e+00,7.5e-01,1.0e+00,1.0e-03,1.5e-03,global-S%GNTE,CASSLGNTEAFF,TRBV5-6,TRBJ1-1,NA,Donor1:healthy,1.000000,-,-,-,-,-,-,-,-,-,-,-
915,S%GNTE,7.8e-02,1,5,1.1e-06,1.0e+00,7.5e-01,1.0e+00,1.0e-03,1.5e-03,global-S%GNTE,CASSLGNTEAFF,TRBV6-6,TRBJ1-1,NA,Donor1:healthy,1.000000,-,-,-,-,-,-,-,-,-,-,-
915,S%GNTE,7.8e-02,1,5,1.1e-06,1.0e+00,7.5e-01,1.0e+00,1.0e-03,1.5e-03,global-S%GNTE,CASSLGNTEAFF,TRBV7-2,TRBJ1-1,NA,Donor1:healthy,1.000000,-,-,-,-,-,-,-,-,-,-,-
915,S%GNTE,7.8e-02,1,5,1.1e-06,1.0e+00,7.5e-01,1.0e+00,1.0e-03,1.5e-03,global-S%GNTE,CASSLGNTEAFF,TRBV7-9,TRBJ1-1,NA,Donor1:healthy,1.000000,-,-,-,-,-,-,-,-,-,-,-
915,S%GNTE,7.8e-02,1,5,1.1e-06,1.0e+00,7.5e-01,1.0e+00,1.0e-03,1.5e-03,global-S%GNTE,CSASAGNTEAFF,TRBV20-1,TRBJ1-1,NA,Donor1:healthy,1.000000,-,-,-,-,-,-,-,-,-,-,-
915,S%GNTE,7.8e-02,1,5,1.1e-06,1.0e+00,7.5e-01,1.0e+00,1.0e-03,1.5e-03,global-S%GNTE,CATSVGNTEAFF,TRBV15,TRBJ1-1,NA,Donor1:healthy,1.000000,-,-,-,-,-,-,-,-,-,-,-
915,S%GNTE,7.8e-02,1,5,1.1e-06,1.0e+00,7.5e-01,1.0e+00,1.0e-03,1.5e-03,global-S%GNTE,CASSVGNTEAFF,TRBV9,TRBJ1-1,NA,Donor1:healthy,1.000000,-,-,-,-,-,-,-,-,-,-,-

916,SIG%E,8.2e-02,1,3,5.9e-07,1.0e+00,9.5e-02,1.0e+00,1.0e-03,6.2e-03,global-SIG%E,CASSIGYEQFF,TRBV19,TRBJ2-1,NA,Donor1:healthy,1.000000,-,-,-,-,-,-,-,-,-,-,-
916,SIG%E,8.2e-02,1,3,5.9e-07,1.0e+00,9.5e-02,1.0e+00,1.0e-03,6.2e-03,global-SIG%E,CASSIGYEQYF,TRBV25-1,TRBJ2-7,NA,Donor1:healthy,1.000000,-,-,-,-,-,-,-,-,-,-,-
916,SIG%E,8.2e-02,1,3,5.9e-07,1.0e+00,9.5e-02,1.0e+00,1.0e-03,6.2e-03,global-SIG%E,CASSIGWEQYF,TRBV19,TRBJ2-7,NA,Donor1:healthy,1.000000,-,-,-,-,-,-,-,-,-,-,-

917,S%AGNTE,8.2e-02,1,3,9.4e-07,1.0e+00,1.5e-01,1.0e+00,1.0e-03,6.2e-03,global-S%AGNTE,CATSEAGNTEAFF,TRBV24-1,TRBJ1-1,NA,Donor1:healthy,1.000000,-,-,-,-,-,-,-,-,-,-,-
917,S%AGNTE,8.2e-02,1,3,9.4e-07,1.0e+00,1.5e-01,1.0e+00,1.0e-03,6.2e-03,global-S%AGNTE,CASSEAGNTEAFF,TRBV6-1,TRBJ1-1,NA,Donor1:healthy,1.000000,-,-,-,-,-,-,-,-,-,-,-
917,S%AGNTE,8.2e-02,1,3,9.4e-07,1.0e+00,1.5e-01,1.0e+00,1.0e-03,6.2e-03,global-S%AGNTE,CASSDAGNTEAFF,TRBV9,TRBJ1-1,NA,Donor1:healthy,1.000000,-,-,-,-,-,-,-,-,-,-,-

918,SLGL%YE,8.2e-02,1,3,2.2e-07,1.0e+00,3.5e-02,1.0e+00,1.0e-03,6.2e-03,global-SLGL%YE,CASSLGLTYEQYF,TRBV27,TRBJ2-7,NA,Donor1:healthy,1.000000,-,-,-,-,-,-,-,-,-,-,-
918,SLGL%YE,8.2e-02,1,3,2.2e-07,1.0e+00,3.5e-02,1.0e+00,1.0e-03,6.2e-03,global-SLGL%YE,CASSLGLAYEQYF,TRBV11-2,TRBJ2-7,NA,Donor1:healthy,1.000000,-,-,-,-,-,-,-,-,-,-,-
918,SLGL%YE,8.2e-02,1,3,2.2e-07,1.0e+00,3.5e-02,1.0e+00,1.0e-03,6.2e-03,global-SLGL%YE,CASSLGLGYEQYF,TRBV12-4,TRBJ2-7,NA,Donor1:healthy,1.000000,-,-,-,-,-,-,-,-,-,-,-
918,SLGL%YE,8.2e-02,1,3,2.2e-07,1.0e+00,3.5e-02,1.0e+00,1.0e-03,6.2e-03,global-SLGL%YE,CASSLGLGYEQYF,TRBV27,TRBJ2-7,NA,Donor1:healthy,1.000000,-,-,-,-,-,-,-,-,-,-,-

919,%LAGGTDT,8.2e-02,1,3,4.0e-06,1.0e+00,6.5e-01,1.0e+00,1.0e-03,6.2e-03,global-%LAGGTDT,CASRLAGGTDTQYF,TRBV12-3,TRBJ2-3,NA,Donor1:healthy,1.000000,-,-,-,-,-,-,-,-,-,-,-
919,%LAGGTDT,8.2e-02,1,3,4.0e-06,1.0e+00,6.5e-01,1.0e+00,1.0e-03,6.2e-03,global-%LAGGTDT,CASSLAGGTDTQYF,TRBV12-4,TRBJ2-3,NA,Donor1:healthy,1.000000,-,-,-,-,-,-,-,-,-,-,-
919,%LAGGTDT,8.2e-02,1,3,4.0e-06,1.0e+00,6.5e-01,1.0e+00,1.0e-03,6.2e-03,global-%LAGGTDT,CASSLAGGTDTQYF,TRBV27,TRBJ2-3,NA,Donor1:healthy,1.000000,-,-,-,-,-,-,-,-,-,-,-
919,%LAGGTDT,8.2e-02,1,3,4.0e-06,1.0e+00,6.5e-01,1.0e+00,1.0e-03,6.2e-03,global-%LAGGTDT,CASSLAGGTDTQYF,TRBV5-1,TRBJ2-3,NA,Donor1:healthy,1.000000,-,-,-,-,-,-,-,-,-,-,-
919,%LAGGTDT,8.2e-02,1,3,4.0e-06,1.0e+00,6.5e-01,1.0e+00,1.0e-03,6.2e-03,global-%LAGGTDT,CASSLAGGTDTQYF,TRBV7-2,TRBJ2-3,NA,Donor1:healthy,1.000000,-,-,-,-,-,-,-,-,-,-,-
919,%LAGGTDT,8.2e-02,1,3,4.0e-06,1.0e+00,6.5e-01,1.0e+00,1.0e-03,6.2e-03,global-%LAGGTDT,CASELAGGTDTQYF,TRBV19,TRBJ2-3,NA,Donor1:healthy,1.000000,-,-,-,-,-,-,-,-,-,-,-

920,SQG%GSYE,8.2e-02,1,3,1.3e-06,1.0e+00,2.1e-01,1.0e+00,1.0e-03,6.2e-03,global-SQG%GSYE,CAWSQGQGSYEQYF,TRBV30,TRBJ2-7,NA,Donor1:healthy,1.000000,-,-,-,-,-,-,-,-,-,-,-
920,SQG%GSYE,8.2e-02,1,3,1.3e-06,1.0e+00,2.1e-01,1.0e+00,1.0e-03,6.2e-03,global-SQG%GSYE,CASSQGQGSYEQYF,TRBV14,TRBJ2-7,NA,Donor1:healthy,1.000000,-,-,-,-,-,-,-,-,-,-,-
920,SQG%GSYE,8.2e-02,1,3,1.3e-06,1.0e+00,2.1e-01,1.0e+00,1.0e-03,6.2e-03,global-SQG%GSYE,CASSQGRGSYEQYF,TRBV4-1,TRBJ2-7,NA,Donor1:healthy,1.000000,-,-,-,-,-,-,-,-,-,-,-

921,RN%E,8.6e-02,1,2,1.9e-06,1.0e+00,6.6e-02,1.0e+00,1.0e-03,2.9e-02,global-RN%E,CASRNTEAFF,TRBV19,TRBJ1-1,NA,Donor1:healthy,1.000000,-,-,-,-,-,-,-,-,-,-,-
921,RN%E,8.6e-02,1,2,1.9e-06,1.0e+00,6.6e-02,1.0e+00,1.0e-03,2.9e-02,global-RN%E,CSARNNEQFF,TRBV20-1,TRBJ2-1,NA,Donor1:healthy,1.000000,-,-,-,-,-,-,-,-,-,-,-

922,%LTGE,8.6e-02,1,2,1.9e-06,1.0e+00,6.6e-02,1.0e+00,1.0e-03,2.9e-02,global-%LTGE,CASSLTGELFF,TRBV6-6,TRBJ2-2,NA,Donor1:healthy,1.000000,-,-,-,-,-,-,-,-,-,-,-
922,%LTGE,8.6e-02,1,2,1.9e-06,1.0e+00,6.6e-02,1.0e+00,1.0e-03,2.9e-02,global-%LTGE,CASTLTGELFF,TRBV7-9,TRBJ2-2,NA,Donor1:healthy,1.000000,-,-,-,-,-,-,-,-,-,-,-

923,GG%DT,8.6e-02,1,2,2.0e-07,1.0e+00,7.5e-02,9.3e-02,1.0e-03,2.9e-02,global-GG%DT,CASGGGDTQYF,TRBV12-4,TRBJ2-3,NA,Donor1:healthy,2.000000,-,-,-,-,-,-,-,-,-,-,-
923,GG%DT,8.6e-02,1,2,2.0e-07,1.0e+00,7.5e-02,9.3e-02,1.0e-03,2.9e-02,global-GG%DT,CAWGGADTQYF,TRBV28,TRBJ2-3,NA,Donor1:healthy,1.000000,-,-,-,-,-,-,-,-,-,-,-

924,SE%ET,8.6e-02,1,2,1.4e-06,1.0e+00,4.9e-02,1.0e+00,1.0e-03,2.9e-02,global-SE%ET,CAWSEEETQYF,TRBV30,TRBJ2-5,NA,Donor1:healthy,1.000000,-,-,-,-,-,-,-,-,-,-,-
924,SE%ET,8.6e-02,1,2,1.4e-06,1.0e+00,4.9e-02,1.0e+00,1.0e-03,2.9e-02,global-SE%ET,CASSESETQYF,TRBV10-2,TRBJ2-5,NA,Donor1:healthy,1.000000,-,-,-,-,-,-,-,-,-,-,-

925,SDT%E,8.6e-02,1,2,1.6e-06,1.0e+00,5.6e-02,1.0e+00,1.0e-03,2.9e-02,global-SDT%E,CASSDTSEQFF,TRBV27,TRBJ2-1,NA,Donor1:healthy,1.000000,-,-,-,-,-,-,-,-,-,-,-
925,SDT%E,8.6e-02,1,2,1.6e-06,1.0e+00,5.6e-02,1.0e+00,1.0e-03,2.9e-02,global-SDT%E,CAISDTGELFF,TRBV25-1,TRBJ2-2,NA,Donor1:healthy,1.000000,-,-,-,-,-,-,-,-,-,-,-

926,S%PGLE,8.6e-02,1,2,2.0e-06,1.0e+00,6.9e-02,1.0e+00,1.0e-03,2.9e-02,global-S%PGLE,CASSLPGLEAFF,TRBV25-1,TRBJ1-1,NA,Donor1:healthy,1.000000,-,-,-,-,-,-,-,-,-,-,-
926,S%PGLE,8.6e-02,1,2,2.0e-06,1.0e+00,6.9e-02,1.0e+00,1.0e-03,2.9e-02,global-S%PGLE,CASSMPGLEQYF,TRBV11-2,TRBJ2-7,NA,Donor1:healthy,1.000000,-,-,-,-,-,-,-,-,-,-,-

927,S%GQNE,8.6e-02,1,2,1.7e-06,1.0e+00,5.9e-02,1.0e+00,1.0e-03,2.9e-02,global-S%GQNE,CASSIGQNEAFF,TRBV19,TRBJ1-1,NA,Donor1:healthy,1.000000,-,-,-,-,-,-,-,-,-,-,-
927,S%GQNE,8.6e-02,1,2,1.7e-06,1.0e+00,5.9e-02,1.0e+00,1.0e-03,2.9e-02,global-S%GQNE,CASSLGQNEQFF,TRBV11-2,TRBJ2-1,NA,Donor1:healthy,1.000000,-,-,-,-,-,-,-,-,-,-,-

928,SYP%NE,8.6e-02,1,2,2.0e-06,1.0e+00,6.7e-02,1.0e+00,1.0e-03,2.9e-02,global-SYP%NE,CASSYPYNEQFF,TRBV6-6,TRBJ2-1,NA,Donor1:healthy,1.000000,-,-,-,-,-,-,-,-,-,-,-
928,SYP%NE,8.6e-02,1,2,2.0e-06,1.0e+00,6.7e-02,1.0e+00,1.0e-03,2.9e-02,global-SYP%NE,CASSYPWNEQYF,TRBV6-3,TRBJ2-7,NA,Donor1:healthy,1.000000,-,-,-,-,-,-,-,-,-,-,-

929,S%PGGTE,8.6e-02,1,2,2.2e-06,1.0e+00,7.7e-02,1.0e+00,1.0e-03,2.9e-02,global-S%PGGTE,CASSYPGGTEAFF,TRBV6-6,TRBJ1-1,NA,Donor1:healthy,1.000000,-,-,-,-,-,-,-,-,-,-,-
929,S%PGGTE,8.6e-02,1,2,2.2e-06,1.0e+00,7.7e-02,1.0e+00,1.0e-03,2.9e-02,global-S%PGGTE,CASSWPGGTEAFF,TRBV27,TRBJ1-1,NA,Donor1:healthy,1.000000,-,-,-,-,-,-,-,-,-,-,-

930,SF%SSYE,8.6e-02,1,2,1.1e-07,1.0e+00,6.9e-02,5.3e-02,1.0e-03,2.9e-02,global-SF%SSYE,CASSFTSSYEQYF,TRBV27,TRBJ2-7,NA,Donor1:healthy,2.000000,-,-,-,-,-,-,-,-,-,-,-
930,SF%SSYE,8.6e-02,1,2,1.1e-07,1.0e+00,6.9e-02,5.3e-02,1.0e-03,2.9e-02,global-SF%SSYE,CASSFASSYEQYF,TRBV19,TRBJ2-7,NA,Donor1:healthy,2.000000,-,-,-,-,-,-,-,-,-,-,-

931,RD%STDT,8.6e-02,1,2,2.8e-09,1.0e+00,1.0e-03,9.7e-02,1.0e-03,2.9e-02,global-RD%STDT,CSARDFSTDTQYF,TRBV20-1,TRBJ2-3,NA,Donor1:healthy,1.000000,-,-,-,-,-,-,-,-,-,-,-
931,RD%STDT,8.6e-02,1,2,2.8e-09,1.0e+00,1.0e-03,9.7e-02,1.0e-03,2.9e-02,global-RD%STDT,CSARDLSTDTQYF,TRBV20-1,TRBJ2-3,NA,Donor1:healthy,2.000000,-,-,-,-,-,-,-,-,-,-,-

932,SL%DTDT,8.6e-02,1,2,2.2e-06,1.0e+00,7.6e-02,1.0e+00,1.0e-03,2.9e-02,global-SL%DTDT,CASSLDDTDTQYF,TRBV18,TRBJ2-3,NA,Donor1:healthy,1.000000,-,-,-,-,-,-,-,-,-,-,-
932,SL%DTDT,8.6e-02,1,2,2.2e-06,1.0e+00,7.6e-02,1.0e+00,1.0e-03,2.9e-02,global-SL%DTDT,CASSLEDTDTQYF,TRBV7-2,TRBJ2-3,NA,Donor1:healthy,1.000000,-,-,-,-,-,-,-,-,-,-,-

933,SLG%NSP,8.6e-02,1,2,2.9e-08,1.0e+00,1.0e-03,1.0e+00,1.0e-03,2.9e-02,global-SLG%NSP,CASSLGSNSPLHF,TRBV27,TRBJ1-6,NA,Donor1:healthy,1.000000,-,-,-,-,-,-,-,-,-,-,-
933,SLG%NSP,8.6e-02,1,2,2.9e-08,1.0e+00,1.0e-03,1.0e+00,1.0e-03,2.9e-02,global-SLG%NSP,CASSLGANSPLHF,TRBV27,TRBJ1-6,NA,Donor1:healthy,1.000000,-,-,-,-,-,-,-,-,-,-,-

934,SLA%NQP,8.6e-02,1,2,2.0e-07,1.0e+00,7.2e-02,9.6e-02,1.0e-03,2.9e-02,global-SLA%NQP,CASSLASNQPQHF,TRBV5-6,TRBJ1-5,NA,Donor1:healthy,2.000000,-,-,-,-,-,-,-,-,-,-,-
934,SLA%NQP,8.6e-02,1,2,2.0e-07,1.0e+00,7.2e-02,9.6e-02,1.0e-03,2.9e-02,global-SLA%NQP,CASSLAGNQPQHF,TRBV12-4,TRBJ1-5,NA,Donor1:healthy,1.000000,-,-,-,-,-,-,-,-,-,-,-

935,SLR%QET,8.6e-02,1,2,1.8e-06,1.0e+00,6.1e-02,1.0e+00,1.0e-03,2.9e-02,global-SLR%QET,CASSLRQQETQYF,TRBV7-9,TRBJ2-5,NA,Donor1:healthy,1.000000,-,-,-,-,-,-,-,-,-,-,-
935,SLR%QET,8.6e-02,1,2,1.8e-06,1.0e+00,6.1e-02,1.0e+00,1.0e-03,2.9e-02,global-SLR%QET,CASSLREQETQYF,TRBV27,TRBJ2-5,NA,Donor1:healthy,1.000000,-,-,-,-,-,-,-,-,-,-,-

936,RPG%SYE,8.6e-02,1,2,2.2e-06,1.0e+00,7.4e-02,1.0e+00,1.0e-03,2.9e-02,global-RPG%SYE,CASRPGSSYEQYF,TRBV19,TRBJ2-7,NA,Donor1:healthy,1.000000,-,-,-,-,-,-,-,-,-,-,-
936,RPG%SYE,8.6e-02,1,2,2.2e-06,1.0e+00,7.4e-02,1.0e+00,1.0e-03,2.9e-02,global-RPG%SYE,CASRPGQSYEQYF,TRBV7-9,TRBJ2-7,NA,Donor1:healthy,1.000000,-,-,-,-,-,-,-,-,-,-,-

937,SYSG%NE,8.6e-02,1,2,1.9e-06,1.0e+00,6.6e-02,1.0e+00,1.0e-03,2.9e-02,global-SYSG%NE,CASSYSGNNEQFF,TRBV6-3,TRBJ2-1,NA,Donor1:healthy,1.000000,-,-,-,-,-,-,-,-,-,-,-
937,SYSG%NE,8.6e-02,1,2,1.9e-06,1.0e+00,6.6e-02,1.0e+00,1.0e-03,2.9e-02,global-SYSG%NE,CASSYSGGNEQFF,TRBV6-5,TRBJ2-1,NA,Donor1:healthy,1.000000,-,-,-,-,-,-,-,-,-,-,-

938,SPEG%YE,8.6e-02,1,2,1.8e-06,1.0e+00,6.2e-02,1.0e+00,1.0e-03,2.9e-02,global-SPEG%YE,CASSPEGAYEQYF,TRBV13,TRBJ2-7,NA,Donor1:healthy,1.000000,-,-,-,-,-,-,-,-,-,-,-
938,SPEG%YE,8.6e-02,1,2,1.8e-06,1.0e+00,6.2e-02,1.0e+00,1.0e-03,2.9e-02,global-SPEG%YE,CASSPEGGYEQYF,TRBV5-1,TRBJ2-7,NA,Donor1:healthy,1.000000,-,-,-,-,-,-,-,-,-,-,-

939,SLGL%TE,8.6e-02,1,2,4.2e-07,1.0e+00,1.8e-01,7.9e-02,1.0e-03,2.9e-02,global-SLGL%TE,CASSLGLNTEAFF,TRBV18,TRBJ1-1,NA,Donor1:healthy,1.000000,-,-,-,-,-,-,-,-,-,-,-
939,SLGL%TE,8.6e-02,1,2,4.2e-07,1.0e+00,1.8e-01,7.9e-02,1.0e-03,2.9e-02,global-SLGL%TE,CASSLGLNTEAFF,TRBV27,TRBJ1-1,NA,Donor1:healthy,3.000000,-,-,-,-,-,-,-,-,-,-,-
939,SLGL%TE,8.6e-02,1,2,4.2e-07,1.0e+00,1.8e-01,7.9e-02,1.0e-03,2.9e-02,global-SLGL%TE,CASSLGLGTEAFF,TRBV13,TRBJ1-1,NA,Donor1:healthy,1.000000,-,-,-,-,-,-,-,-,-,-,-

940,SLGTG%G,8.6e-02,1,2,2.1e-06,1.0e+00,7.1e-02,1.0e+00,1.0e-03,2.9e-02,global-SLGTG%G,CASSLGTGYGYTF,TRBV6-3,TRBJ1-2,NA,Donor1:healthy,1.000000,-,-,-,-,-,-,-,-,-,-,-
940,SLGTG%G,8.6e-02,1,2,2.1e-06,1.0e+00,7.1e-02,1.0e+00,1.0e-03,2.9e-02,global-SLGTG%G,CASSLGTGFGYTF,TRBV28,TRBJ1-2,NA,Donor1:healthy,1.000000,-,-,-,-,-,-,-,-,-,-,-

941,SFSGG%E,8.6e-02,1,2,2.1e-06,1.0e+00,7.1e-02,1.0e+00,1.0e-03,2.9e-02,global-SFSGG%E,CASSFSGGNEQFF,TRBV19,TRBJ2-1,NA,Donor1:healthy,1.000000,-,-,-,-,-,-,-,-,-,-,-
941,SFSGG%E,8.6e-02,1,2,2.1e-06,1.0e+00,7.1e-02,1.0e+00,1.0e-03,2.9e-02,global-SFSGG%E,CASSFSGGTEAFF,TRBV27,TRBJ1-1,NA,Donor1:healthy,1.000000,-,-,-,-,-,-,-,-,-,-,-

942,%PGQGAYE,8.6e-02,1,2,1.5e-05,1.0e+00,5.1e-01,1.0e+00,1.0e-03,2.9e-02,global-%PGQGAYE,CASSPGQGAYEQYF,TRBV11-2,TRBJ2-7,NA,Donor1:healthy,1.000000,-,-,-,-,-,-,-,-,-,-,-
942,%PGQGAYE,8.6e-02,1,2,1.5e-05,1.0e+00,5.1e-01,1.0e+00,1.0e-03,2.9e-02,global-%PGQGAYE,CASSPGQGAYEQYF,TRBV19,TRBJ2-7,NA,Donor1:healthy,1.000000,-,-,-,-,-,-,-,-,-,-,-
942,%PGQGAYE,8.6e-02,1,2,1.5e-05,1.0e+00,5.1e-01,1.0e+00,1.0e-03,2.9e-02,global-%PGQGAYE,CASSPGQGAYEQYF,TRBV4-3,TRBJ2-7,NA,Donor1:healthy,1.000000,-,-,-,-,-,-,-,-,-,-,-
942,%PGQGAYE,8.6e-02,1,2,1.5e-05,1.0e+00,5.1e-01,1.0e+00,1.0e-03,2.9e-02,global-%PGQGAYE,CASSPGQGAYEQYF,TRBV7-3,TRBJ2-7,NA,Donor1:healthy,1.000000,-,-,-,-,-,-,-,-,-,-,-
942,%PGQGAYE,8.6e-02,1,2,1.5e-05,1.0e+00,5.1e-01,1.0e+00,1.0e-03,2.9e-02,global-%PGQGAYE,CATAPGQGAYEQYF,TRBV27,TRBJ2-7,NA,Donor1:healthy,1.000000,-,-,-,-,-,-,-,-,-,-,-

943,S%DRVNTE,8.6e-02,1,2,4.6e-06,1.0e+00,1.6e-01,1.0e+00,1.0e-03,2.9e-02,global-S%DRVNTE,CASSFDRVNTEAFF,TRBV27,TRBJ1-1,NA,Donor1:healthy,1.000000,-,-,-,-,-,-,-,-,-,-,-
943,S%DRVNTE,8.6e-02,1,2,4.6e-06,1.0e+00,1.6e-01,1.0e+00,1.0e-03,2.9e-02,global-S%DRVNTE,CASSFDRVNTEAFF,TRBV7-9,TRBJ1-1,NA,Donor1:healthy,1.000000,-,-,-,-,-,-,-,-,-,-,-
943,S%DRVNTE,8.6e-02,1,2,4.6e-06,1.0e+00,1.6e-01,1.0e+00,1.0e-03,2.9e-02,global-S%DRVNTE,CASSLDRVNTEAFF,TRBV6-5,TRBJ1-1,NA,Donor1:healthy,1.000000,-,-,-,-,-,-,-,-,-,-,-

944,S%SSGSYE,8.6e-02,1,2,5.2e-06,1.0e+00,1.8e-01,1.0e+00,1.0e-03,2.9e-02,global-S%SSGSYE,CASSYSSGSYEQYF,TRBV6-3,TRBJ2-7,NA,Donor1:healthy,1.000000,-,-,-,-,-,-,-,-,-,-,-
944,S%SSGSYE,8.6e-02,1,2,5.2e-06,1.0e+00,1.8e-01,1.0e+00,1.0e-03,2.9e-02,global-S%SSGSYE,CASSYSSGSYEQYF,TRBV6-5,TRBJ2-7,NA,Donor1:healthy,1.000000,-,-,-,-,-,-,-,-,-,-,-
944,S%SSGSYE,8.6e-02,1,2,5.2e-06,1.0e+00,1.8e-01,1.0e+00,1.0e-03,2.9e-02,global-S%SSGSYE,CASSFSSGSYEQYF,TRBV27,TRBJ2-7,NA,Donor1:healthy,1.000000,-,-,-,-,-,-,-,-,-,-,-

945,SL%GPNTE,8.6e-02,1,2,2.0e-06,1.0e+00,6.7e-02,1.0e+00,1.0e-03,2.9e-02,global-SL%GPNTE,CASSLGGPNTEAFF,TRBV7-9,TRBJ1-1,NA,Donor1:healthy,1.000000,-,-,-,-,-,-,-,-,-,-,-
945,SL%GPNTE,8.6e-02,1,2,2.0e-06,1.0e+00,6.7e-02,1.0e+00,1.0e-03,2.9e-02,global-SL%GPNTE,CASSLAGPNTEAFF,TRBV5-6,TRBJ1-1,NA,Donor1:healthy,1.000000,-,-,-,-,-,-,-,-,-,-,-

946,SVA%GSYE,8.6e-02,1,2,2.9e-08,1.0e+00,1.0e-03,1.0e+00,1.0e-03,2.9e-02,global-SVA%GSYE,CASSVAGGSYEQYF,TRBV9,TRBJ2-7,NA,Donor1:healthy,1.000000,-,-,-,-,-,-,-,-,-,-,-
946,SVA%GSYE,8.6e-02,1,2,2.9e-08,1.0e+00,1.0e-03,1.0e+00,1.0e-03,2.9e-02,global-SVA%GSYE,CASSVASGSYEQYF,TRBV9,TRBJ2-7,NA,Donor1:healthy,1.000000,-,-,-,-,-,-,-,-,-,-,-

947,SRG%SYNE,8.6e-02,1,2,1.8e-06,1.0e+00,6.2e-02,1.0e+00,1.0e-03,2.9e-02,global-SRG%SYNE,CASSRGISYNEQFF,TRBV5-6,TRBJ2-1,NA,Donor1:healthy,1.000000,-,-,-,-,-,-,-,-,-,-,-
947,SRG%SYNE,8.6e-02,1,2,1.8e-06,1.0e+00,6.2e-02,1.0e+00,1.0e-03,2.9e-02,global-SRG%SYNE,CASSRGVSYNEQFF,TRBV2,TRBJ2-1,NA,Donor1:healthy,1.000000,-,-,-,-,-,-,-,-,-,-,-

948,SLG%GGTE,8.6e-02,1,2,2.0e-06,1.0e+00,6.8e-02,1.0e+00,1.0e-03,2.9e-02,global-SLG%GGTE,CASSLGTGGTEAFF,TRBV11-1,TRBJ1-1,NA,Donor1:healthy,1.000000,-,-,-,-,-,-,-,-,-,-,-
948,SLG%GGTE,8.6e-02,1,2,2.0e-06,1.0e+00,6.8e-02,1.0e+00,1.0e-03,2.9e-02,global-SLG%GGTE,CASSLGAGGTEAFF,TRBV11-2,TRBJ1-1,NA,Donor1:healthy,1.000000,-,-,-,-,-,-,-,-,-,-,-

949,SLG%ANYG,8.6e-02,1,2,2.4e-06,1.0e+00,8.1e-02,1.0e+00,1.0e-03,2.9e-02,global-SLG%ANYG,CASSLGSANYGYTF,TRBV13,TRBJ1-2,NA,Donor1:healthy,1.000000,-,-,-,-,-,-,-,-,-,-,-
949,SLG%ANYG,8.6e-02,1,2,2.4e-06,1.0e+00,8.1e-02,1.0e+00,1.0e-03,2.9e-02,global-SLG%ANYG,CASSLGTANYGYTF,TRBV5-4,TRBJ1-2,NA,Donor1:healthy,1.000000,-,-,-,-,-,-,-,-,-,-,-

950,SLT%GSYE,8.6e-02,1,2,9.4e-06,1.0e+00,3.2e-01,1.0e+00,1.0e-03,2.9e-02,global-SLT%GSYE,CASSLTGGSYEQYF,TRBV27,TRBJ2-7,NA,Donor1:healthy,1.000000,-,-,-,-,-,-,-,-,-,-,-
950,SLT%GSYE,8.6e-02,1,2,9.4e-06,1.0e+00,3.2e-01,1.0e+00,1.0e-03,2.9e-02,global-SLT%GSYE,CASSLTGGSYEQYF,TRBV4-3,TRBJ2-7,NA,Donor1:healthy,1.000000,-,-,-,-,-,-,-,-,-,-,-
950,SLT%GSYE,8.6e-02,1,2,9.4e-06,1.0e+00,3.2e-01,1.0e+00,1.0e-03,2.9e-02,global-SLT%GSYE,CASSLTGGSYEQYF,TRBV5-6,TRBJ2-7,NA,Donor1:healthy,1.000000,-,-,-,-,-,-,-,-,-,-,-
950,SLT%GSYE,8.6e-02,1,2,9.4e-06,1.0e+00,3.2e-01,1.0e+00,1.0e-03,2.9e-02,global-SLT%GSYE,CASSLTSGSYEQYF,TRBV13,TRBJ2-7,NA,Donor1:healthy,1.000000,-,-,-,-,-,-,-,-,-,-,-

951,SQGQ%NQP,8.6e-02,1,2,2.3e-06,1.0e+00,7.9e-02,1.0e+00,1.0e-03,2.9e-02,global-SQGQ%NQP,CASSQGQINQPQHF,TRBV7-8,TRBJ1-5,NA,Donor1:healthy,1.000000,-,-,-,-,-,-,-,-,-,-,-
951,SQGQ%NQP,8.6e-02,1,2,2.3e-06,1.0e+00,7.9e-02,1.0e+00,1.0e-03,2.9e-02,global-SQGQ%NQP,CASSQGQVNQPQHF,TRBV27,TRBJ1-5,NA,Donor1:healthy,1.000000,-,-,-,-,-,-,-,-,-,-,-

952,SVGG%TYE,8.6e-02,1,2,2.9e-08,1.0e+00,1.0e-03,1.0e+00,1.0e-03,2.9e-02,global-SVGG%TYE,CASSVGGSTYEQYF,TRBV9,TRBJ2-7,NA,Donor1:healthy,1.000000,-,-,-,-,-,-,-,-,-,-,-
952,SVGG%TYE,8.6e-02,1,2,2.9e-08,1.0e+00,1.0e-03,1.0e+00,1.0e-03,2.9e-02,global-SVGG%TYE,CASSVGGDTYEQYF,TRBV9,TRBJ2-7,NA,Donor1:healthy,1.000000,-,-,-,-,-,-,-,-,-,-,-

953,SSGT%AYE,8.6e-02,1,2,2.0e-06,1.0e+00,6.9e-02,1.0e+00,1.0e-03,2.9e-02,global-SSGT%AYE,CASSSGTGAYEQYF,TRBV19,TRBJ2-7,NA,Donor1:healthy,1.000000,-,-,-,-,-,-,-,-,-,-,-
953,SSGT%AYE,8.6e-02,1,2,2.0e-06,1.0e+00,6.9e-02,1.0e+00,1.0e-03,2.9e-02,global-SSGT%AYE,CASSSGTAAYEQYF,TRBV11-2,TRBJ2-7,NA,Donor1:healthy,1.000000,-,-,-,-,-,-,-,-,-,-,-

954,SPPGG%YE,8.6e-02,1,2,2.1e-06,1.0e+00,7.1e-02,1.0e+00,1.0e-03,2.9e-02,global-SPPGG%YE,CASSPPGGAYEQYF,TRBV27,TRBJ2-7,NA,Donor1:healthy,1.000000,-,-,-,-,-,-,-,-,-,-,-
954,SPPGG%YE,8.6e-02,1,2,2.1e-06,1.0e+00,7.1e-02,1.0e+00,1.0e-03,2.9e-02,global-SPPGG%YE,CASSPPGGGYEQYF,TRBV28,TRBJ2-7,NA,Donor1:healthy,1.000000,-,-,-,-,-,-,-,-,-,-,-

955,SLGQG%YE,8.6e-02,1,4,1.5e-06,1.0e+00,6.2e-01,1.0e+00,1.0e-03,2.3e-03,global-SLGQG%YE,CASSLGQGTYEQYF,TRBV12-4,TRBJ2-7,NA,Donor1:healthy,1.000000,-,-,-,-,-,-,-,-,-,-,-
955,SLGQG%YE,8.6e-02,1,4,1.5e-06,1.0e+00,6.2e-01,1.0e+00,1.0e-03,2.3e-03,global-SLGQG%YE,CASSLGQGAYEQYF,TRBV11-2,TRBJ2-7,NA,Donor1:healthy,1.000000,-,-,-,-,-,-,-,-,-,-,-
955,SLGQG%YE,8.6e-02,1,4,1.5e-06,1.0e+00,6.2e-01,1.0e+00,1.0e-03,2.3e-03,global-SLGQG%YE,CASSLGQGAYEQYF,TRBV5-5,TRBJ2-7,NA,Donor1:healthy,1.000000,-,-,-,-,-,-,-,-,-,-,-
955,SLGQG%YE,8.6e-02,1,4,1.5e-06,1.0e+00,6.2e-01,1.0e+00,1.0e-03,2.3e-03,global-SLGQG%YE,CASSLGQGAYEQYF,TRBV5-6,TRBJ2-7,NA,Donor1:healthy,1.000000,-,-,-,-,-,-,-,-,-,-,-
955,SLGQG%YE,8.6e-02,1,4,1.5e-06,1.0e+00,6.2e-01,1.0e+00,1.0e-03,2.3e-03,global-SLGQG%YE,CASSLGQGAYEQFF,TRBV5-4,TRBJ2-1,NA,Donor1:healthy,1.000000,-,-,-,-,-,-,-,-,-,-,-
955,SLGQG%YE,8.6e-02,1,4,1.5e-06,1.0e+00,6.2e-01,1.0e+00,1.0e-03,2.3e-03,global-SLGQG%YE,CASSLGQGGYEQYF,TRBV3-1,TRBJ2-7,NA,Donor1:healthy,1.000000,-,-,-,-,-,-,-,-,-,-,-

956,SLEG%SNQP,8.6e-02,1,2,2.2e-06,1.0e+00,7.7e-02,1.0e+00,1.0e-03,2.9e-02,global-SLEG%SNQP,CASSLEGLSNQPQHF,TRBV11-2,TRBJ1-5,NA,Donor1:healthy,1.000000,-,-,-,-,-,-,-,-,-,-,-
956,SLEG%SNQP,8.6e-02,1,2,2.2e-06,1.0e+00,7.7e-02,1.0e+00,1.0e-03,2.9e-02,global-SLEG%SNQP,CASSLEGVSNQPQHF,TRBV5-1,TRBJ1-5,NA,Donor1:healthy,1.000000,-,-,-,-,-,-,-,-,-,-,-

957,SLGGS%YNE,8.6e-02,1,2,1.6e-06,1.0e+00,5.6e-02,1.0e+00,1.0e-03,2.9e-02,global-SLGGS%YNE,CASSLGGSSYNEQFF,TRBV7-9,TRBJ2-1,NA,Donor1:healthy,1.000000,-,-,-,-,-,-,-,-,-,-,-
957,SLGGS%YNE,8.6e-02,1,2,1.6e-06,1.0e+00,5.6e-02,1.0e+00,1.0e-03,2.9e-02,global-SLGGS%YNE,CASSLGGSDYNEQFF,TRBV28,TRBJ2-1,NA,Donor1:healthy,1.000000,-,-,-,-,-,-,-,-,-,-,-

958,SLGGG%NTE,8.6e-02,1,2,2.1e-06,1.0e+00,7.3e-02,1.0e+00,1.0e-03,2.9e-02,global-SLGGG%NTE,CASSLGGGMNTEAFF,TRBV6-3,TRBJ1-1,NA,Donor1:healthy,1.000000,-,-,-,-,-,-,-,-,-,-,-
958,SLGGG%NTE,8.6e-02,1,2,2.1e-06,1.0e+00,7.3e-02,1.0e+00,1.0e-03,2.9e-02,global-SLGGG%NTE,CASSLGGGVNTEAFF,TRBV5-6,TRBJ1-1,NA,Donor1:healthy,1.000000,-,-,-,-,-,-,-,-,-,-,-

959,SRGTSG%NE,8.6e-02,1,2,1.8e-06,1.0e+00,6.3e-02,1.0e+00,1.0e-03,2.9e-02,global-SRGTSG%NE,CASSRGTSGNNEQFF,TRBV28,TRBJ2-1,NA,Donor1:healthy,1.000000,-,-,-,-,-,-,-,-,-,-,-
959,SRGTSG%NE,8.6e-02,1,2,1.8e-06,1.0e+00,6.3e-02,1.0e+00,1.0e-03,2.9e-02,global-SRGTSG%NE,CASSRGTSGGNEQFF,TRBV18,TRBJ2-1,NA,Donor1:healthy,1.000000,-,-,-,-,-,-,-,-,-,-,-

960,SQGTGG%YE,8.6e-02,1,2,2.2e-06,1.0e+00,7.5e-02,1.0e+00,1.0e-03,2.9e-02,global-SQGTGG%YE,CASSQGTGGLYEQYF,TRBV4-1,TRBJ2-7,NA,Donor1:healthy,1.000000,-,-,-,-,-,-,-,-,-,-,-
960,SQGTGG%YE,8.6e-02,1,2,2.2e-06,1.0e+00,7.5e-02,1.0e+00,1.0e-03,2.9e-02,global-SQGTGG%YE,CASSQGTGGVYEQYF,TRBV4-3,TRBJ2-7,NA,Donor1:healthy,1.000000,-,-,-,-,-,-,-,-,-,-,-

961,S%GNE,8.9e-02,1,6,1.0e-06,1.0e+00,8.6e-01,1.0e+00,1.0e-03,1.2e-03,global-S%GNE,CASSLGNEQFF,TRBV27,TRBJ2-1,NA,Donor1:healthy,1.000000,-,-,-,-,-,-,-,-,-,-,-
961,S%GNE,8.9e-02,1,6,1.0e-06,1.0e+00,8.6e-01,1.0e+00,1.0e-03,1.2e-03,global-S%GNE,CASSLGNEQFF,TRBV9,TRBJ2-1,NA,Donor1:healthy,1.000000,-,-,-,-,-,-,-,-,-,-,-
961,S%GNE,8.9e-02,1,6,1.0e-06,1.0e+00,8.6e-01,1.0e+00,1.0e-03,1.2e-03,global-S%GNE,CASSLGNEQYF,TRBV11-2,TRBJ2-7,NA,Donor1:healthy,1.000000,-,-,-,-,-,-,-,-,-,-,-
961,S%GNE,8.9e-02,1,6,1.0e-06,1.0e+00,8.6e-01,1.0e+00,1.0e-03,1.2e-03,global-S%GNE,CASSMGNEQFF,TRBV19,TRBJ2-1,NA,Donor1:healthy,1.000000,-,-,-,-,-,-,-,-,-,-,-
961,S%GNE,8.9e-02,1,6,1.0e-06,1.0e+00,8.6e-01,1.0e+00,1.0e-03,1.2e-03,global-S%GNE,CASSQGNEQYF,TRBV3-1,TRBJ2-7,NA,Donor1:healthy,1.000000,-,-,-,-,-,-,-,-,-,-,-
961,S%GNE,8.9e-02,1,6,1.0e-06,1.0e+00,8.6e-01,1.0e+00,1.0e-03,1.2e-03,global-S%GNE,CASSWGNEQFF,TRBV12-3,TRBJ2-1,NA,Donor1:healthy,1.000000,-,-,-,-,-,-,-,-,-,-,-
961,S%GNE,8.9e-02,1,6,1.0e-06,1.0e+00,8.6e-01,1.0e+00,1.0e-03,1.2e-03,global-S%GNE,CASSFGNEQFF,TRBV12-4,TRBJ2-1,NA,Donor1:healthy,1.000000,-,-,-,-,-,-,-,-,-,-,-
961,S%GNE,8.9e-02,1,6,1.0e-06,1.0e+00,8.6e-01,1.0e+00,1.0e-03,1.2e-03,global-S%GNE,CASSFGNEQFF,TRBV5-6,TRBJ2-1,NA,Donor1:healthy,1.000000,-,-,-,-,-,-,-,-,-,-,-

962,GT%YE,8.9e-02,1,3,7.0e-07,1.0e+00,1.1e-01,1.0e+00,1.0e-03,6.2e-03,global-GT%YE,CATGTDYEQYF,TRBV24-1,TRBJ2-7,NA,Donor1:healthy,1.000000,-,-,-,-,-,-,-,-,-,-,-
962,GT%YE,8.9e-02,1,3,7.0e-07,1.0e+00,1.1e-01,1.0e+00,1.0e-03,6.2e-03,global-GT%YE,CSHGTSYEQYF,TRBV20-1,TRBJ2-7,NA,Donor1:healthy,1.000000,-,-,-,-,-,-,-,-,-,-,-
962,GT%YE,8.9e-02,1,3,7.0e-07,1.0e+00,1.1e-01,1.0e+00,1.0e-03,6.2e-03,global-GT%YE,CSTGTGYEQYF,TRBV20-1,TRBJ2-7,NA,Donor1:healthy,1.000000,-,-,-,-,-,-,-,-,-,-,-

963,S%GGDE,8.9e-02,1,3,1.5e-07,1.0e+00,1.8e-01,1.3e-01,1.0e-03,6.2e-03,global-S%GGDE,CASSLGGDEQYF,TRBV7-9,TRBJ2-7,NA,Donor1:healthy,1.000000,-,-,-,-,-,-,-,-,-,-,-
963,S%GGDE,8.9e-02,1,3,1.5e-07,1.0e+00,1.8e-01,1.3e-01,1.0e-03,6.2e-03,global-S%GGDE,CASSVGGDEQFF,TRBV9,TRBJ2-1,NA,Donor1:healthy,1.000000,-,-,-,-,-,-,-,-,-,-,-
963,S%GGDE,8.9e-02,1,3,1.5e-07,1.0e+00,1.8e-01,1.3e-01,1.0e-03,6.2e-03,global-S%GGDE,CASSLGGDEQFF,TRBV5-4,TRBJ2-1,NA,Donor1:healthy,2.000000,-,-,-,-,-,-,-,-,-,-,-

964,S%GPSYE,8.9e-02,1,3,1.1e-06,1.0e+00,1.7e-01,1.0e+00,1.0e-03,6.2e-03,global-S%GPSYE,CASSMGPSYEQYF,TRBV19,TRBJ2-7,NA,Donor1:healthy,1.000000,-,-,-,-,-,-,-,-,-,-,-
964,S%GPSYE,8.9e-02,1,3,1.1e-06,1.0e+00,1.7e-01,1.0e+00,1.0e-03,6.2e-03,global-S%GPSYE,CASSLGPSYEQYF,TRBV5-6,TRBJ2-7,NA,Donor1:healthy,1.000000,-,-,-,-,-,-,-,-,-,-,-
964,S%GPSYE,8.9e-02,1,3,1.1e-06,1.0e+00,1.7e-01,1.0e+00,1.0e-03,6.2e-03,global-S%GPSYE,CASSFGPSYEQYF,TRBV27,TRBJ2-7,NA,Donor1:healthy,1.000000,-,-,-,-,-,-,-,-,-,-,-

965,SLAGG%DT,8.9e-02,1,3,4.8e-06,1.0e+00,7.7e-01,1.0e+00,1.0e-03,6.2e-03,global-SLAGG%DT,CASSLAGGIDTQYF,TRBV11-3,TRBJ2-3,NA,Donor1:healthy,1.000000,-,-,-,-,-,-,-,-,-,-,-
965,SLAGG%DT,8.9e-02,1,3,4.8e-06,1.0e+00,7.7e-01,1.0e+00,1.0e-03,6.2e-03,global-SLAGG%DT,CASSLAGGVDTQYF,TRBV11-2,TRBJ2-3,NA,Donor1:healthy,1.000000,-,-,-,-,-,-,-,-,-,-,-
965,SLAGG%DT,8.9e-02,1,3,4.8e-06,1.0e+00,7.7e-01,1.0e+00,1.0e-03,6.2e-03,global-SLAGG%DT,CASSLAGGVDTQYF,TRBV12-3,TRBJ2-5,NA,Donor1:healthy,1.000000,-,-,-,-,-,-,-,-,-,-,-
965,SLAGG%DT,8.9e-02,1,3,4.8e-06,1.0e+00,7.7e-01,1.0e+00,1.0e-03,6.2e-03,global-SLAGG%DT,CASSLAGGTDTQYF,TRBV12-4,TRBJ2-3,NA,Donor1:healthy,1.000000,-,-,-,-,-,-,-,-,-,-,-
965,SLAGG%DT,8.9e-02,1,3,4.8e-06,1.0e+00,7.7e-01,1.0e+00,1.0e-03,6.2e-03,global-SLAGG%DT,CASSLAGGTDTQYF,TRBV27,TRBJ2-3,NA,Donor1:healthy,1.000000,-,-,-,-,-,-,-,-,-,-,-
965,SLAGG%DT,8.9e-02,1,3,4.8e-06,1.0e+00,7.7e-01,1.0e+00,1.0e-03,6.2e-03,global-SLAGG%DT,CASSLAGGTDTQYF,TRBV5-1,TRBJ2-3,NA,Donor1:healthy,1.000000,-,-,-,-,-,-,-,-,-,-,-
965,SLAGG%DT,8.9e-02,1,3,4.8e-06,1.0e+00,7.7e-01,1.0e+00,1.0e-03,6.2e-03,global-SLAGG%DT,CASSLAGGTDTQYF,TRBV7-2,TRBJ2-3,NA,Donor1:healthy,1.000000,-,-,-,-,-,-,-,-,-,-,-

966,S%GGTE,9.2e-02,1,5,1.6e-07,1.0e+00,4.0e-01,2.7e-01,1.0e-03,1.5e-03,global-S%GGTE,CASSSGGTEAFF,TRBV27,TRBJ1-1,NA,Donor1:healthy,1.000000,-,-,-,-,-,-,-,-,-,-,-
966,S%GGTE,9.2e-02,1,5,1.6e-07,1.0e+00,4.0e-01,2.7e-01,1.0e-03,1.5e-03,global-S%GGTE,CASSSGGTEAFF,TRBV9,TRBJ1-1,NA,Donor1:healthy,1.000000,-,-,-,-,-,-,-,-,-,-,-
966,S%GGTE,9.2e-02,1,5,1.6e-07,1.0e+00,4.0e-01,2.7e-01,1.0e-03,1.5e-03,global-S%GGTE,CASSHGGTEAFF,TRBV28,TRBJ1-1,NA,Donor1:healthy,2.000000,-,-,-,-,-,-,-,-,-,-,-
966,S%GGTE,9.2e-02,1,5,1.6e-07,1.0e+00,4.0e-01,2.7e-01,1.0e-03,1.5e-03,global-S%GGTE,CASSHGGTEAFF,TRBV6-3,TRBJ1-1,NA,Donor1:healthy,1.000000,-,-,-,-,-,-,-,-,-,-,-
966,S%GGTE,9.2e-02,1,5,1.6e-07,1.0e+00,4.0e-01,2.7e-01,1.0e-03,1.5e-03,global-S%GGTE,CAWSQGGTEAFF,TRBV30,TRBJ1-1,NA,Donor1:healthy,1.000000,-,-,-,-,-,-,-,-,-,-,-
966,S%GGTE,9.2e-02,1,5,1.6e-07,1.0e+00,4.0e-01,2.7e-01,1.0e-03,1.5e-03,global-S%GGTE,CASSGGGTEAFF,TRBV27,TRBJ1-1,NA,Donor1:healthy,1.000000,-,-,-,-,-,-,-,-,-,-,-
966,S%GGTE,9.2e-02,1,5,1.6e-07,1.0e+00,4.0e-01,2.7e-01,1.0e-03,1.5e-03,global-S%GGTE,CATSSGGTEAFF,TRBV4-2,TRBJ1-1,NA,Donor1:healthy,1.000000,-,-,-,-,-,-,-,-,-,-,-

967,SV%GE,9.7e-02,1,3,6.2e-09,1.0e+00,1.0e-03,1.0e+00,1.0e-03,6.2e-03,global-SV%GE,CASSVAGELFF,TRBV9,TRBJ2-2,NA,Donor1:healthy,1.000000,-,-,-,-,-,-,-,-,-,-,-
967,SV%GE,9.7e-02,1,3,6.2e-09,1.0e+00,1.0e-03,1.0e+00,1.0e-03,6.2e-03,global-SV%GE,CASSVAGEQFF,TRBV9,TRBJ2-1,NA,Donor1:healthy,1.000000,-,-,-,-,-,-,-,-,-,-,-
967,SV%GE,9.7e-02,1,3,6.2e-09,1.0e+00,1.0e-03,1.0e+00,1.0e-03,6.2e-03,global-SV%GE,CASSVGGEQFF,TRBV9,TRBJ2-1,NA,Donor1:healthy,1.000000,-,-,-,-,-,-,-,-,-,-,-

968,S%TSSYE,9.7e-02,1,3,1.7e-07,1.0e+00,1.8e-01,1.5e-01,1.0e-03,6.2e-03,global-S%TSSYE,CASSLTSSYEQYF,TRBV12-3,TRBJ2-7,NA,Donor1:healthy,1.000000,-,-,-,-,-,-,-,-,-,-,-
968,S%TSSYE,9.7e-02,1,3,1.7e-07,1.0e+00,1.8e-01,1.5e-01,1.0e-03,6.2e-03,global-S%TSSYE,CASSFTSSYEQYF,TRBV27,TRBJ2-7,NA,Donor1:healthy,2.000000,-,-,-,-,-,-,-,-,-,-,-
968,S%TSSYE,9.7e-02,1,3,1.7e-07,1.0e+00,1.8e-01,1.5e-01,1.0e-03,6.2e-03,global-S%TSSYE,CASSMTSSYEQYF,TRBV19,TRBJ2-7,NA,Donor1:healthy,1.000000,-,-,-,-,-,-,-,-,-,-,-

969,S%GTGGYE,9.7e-02,1,4,1.6e-07,1.0e+00,6.4e-01,1.1e-01,1.0e-03,2.3e-03,global-S%GTGGYE,CASSVGTGGYEQYF,TRBV9,TRBJ2-7,NA,Donor1:healthy,1.000000,-,-,-,-,-,-,-,-,-,-,-
969,S%GTGGYE,9.7e-02,1,4,1.6e-07,1.0e+00,6.4e-01,1.1e-01,1.0e-03,2.3e-03,global-S%GTGGYE,CASSLGTGGYEQYF,TRBV27,TRBJ2-7,NA,Donor1:healthy,2.000000,-,-,-,-,-,-,-,-,-,-,-
969,S%GTGGYE,9.7e-02,1,4,1.6e-07,1.0e+00,6.4e-01,1.1e-01,1.0e-03,2.3e-03,global-S%GTGGYE,CASSLGTGGYEQYF,TRBV5-1,TRBJ2-7,NA,Donor1:healthy,1.000000,-,-,-,-,-,-,-,-,-,-,-
969,S%GTGGYE,9.7e-02,1,4,1.6e-07,1.0e+00,6.4e-01,1.1e-01,1.0e-03,2.3e-03,global-S%GTGGYE,CASSIGTGGYEQYF,TRBV19,TRBJ2-7,NA,Donor1:healthy,1.000000,-,-,-,-,-,-,-,-,-,-,-
969,S%GTGGYE,9.7e-02,1,4,1.6e-07,1.0e+00,6.4e-01,1.1e-01,1.0e-03,2.3e-03,global-S%GTGGYE,CASSFGTGGYEQYF,TRBV11-2,TRBJ2-7,NA,Donor1:healthy,3.000000,-,-,-,-,-,-,-,-,-,-,-
969,S%GTGGYE,9.7e-02,1,4,1.6e-07,1.0e+00,6.4e-01,1.1e-01,1.0e-03,2.3e-03,global-S%GTGGYE,CASSFGTGGYEQYF,TRBV12-4,TRBJ2-7,NA,Donor1:healthy,1.000000,-,-,-,-,-,-,-,-,-,-,-

970,SS%SE,9.8e-02,1,2,2.3e-06,1.0e+00,7.8e-02,1.0e+00,1.0e-03,2.9e-02,global-SS%SE,CASSSGSEAFF,TRBV5-4,TRBJ1-1,NA,Donor1:healthy,1.000000,-,-,-,-,-,-,-,-,-,-,-
970,SS%SE,9.8e-02,1,2,2.3e-06,1.0e+00,7.8e-02,1.0e+00,1.0e-03,2.9e-02,global-SS%SE,CASSSSSEAFF,TRBV5-6,TRBJ1-1,NA,Donor1:healthy,1.000000,-,-,-,-,-,-,-,-,-,-,-

971,S%STYE,9.8e-02,1,2,2.2e-06,1.0e+00,7.6e-02,1.0e+00,1.0e-03,2.9e-02,global-S%STYE,CASSSSTYEQYF,TRBV27,TRBJ2-7,NA,Donor1:healthy,1.000000,-,-,-,-,-,-,-,-,-,-,-
971,S%STYE,9.8e-02,1,2,2.2e-06,1.0e+00,7.6e-02,1.0e+00,1.0e-03,2.9e-02,global-S%STYE,CASSQSTYEQYF,TRBV28,TRBJ2-7,NA,Donor1:healthy,1.000000,-,-,-,-,-,-,-,-,-,-,-

972,S%PYNE,9.8e-02,1,2,1.8e-06,1.0e+00,6.3e-02,1.0e+00,1.0e-03,2.9e-02,global-S%PYNE,CASSIPYNEQFF,TRBV19,TRBJ2-1,NA,Donor1:healthy,1.000000,-,-,-,-,-,-,-,-,-,-,-
972,S%PYNE,9.8e-02,1,2,1.8e-06,1.0e+00,6.3e-02,1.0e+00,1.0e-03,2.9e-02,global-S%PYNE,CASSLPYNEQFF,TRBV5-4,TRBJ2-1,NA,Donor1:healthy,1.000000,-,-,-,-,-,-,-,-,-,-,-

973,%GRGNTE,9.8e-02,1,2,2.0e-06,1.0e+00,6.8e-02,1.0e+00,1.0e-03,2.9e-02,global-%GRGNTE,CATQGRGNTEAFF,TRBV27,TRBJ1-1,NA,Donor1:healthy,1.000000,-,-,-,-,-,-,-,-,-,-,-
973,%GRGNTE,9.8e-02,1,2,2.0e-06,1.0e+00,6.8e-02,1.0e+00,1.0e-03,2.9e-02,global-%GRGNTE,CASSGRGNTEAFF,TRBV7-9,TRBJ1-1,NA,Donor1:healthy,1.000000,-,-,-,-,-,-,-,-,-,-,-

974,S%GDTGE,9.8e-02,1,2,2.0e-06,1.0e+00,6.7e-02,1.0e+00,1.0e-03,2.9e-02,global-S%GDTGE,CASSLGDTGELFF,TRBV11-3,TRBJ2-2,NA,Donor1:healthy,1.000000,-,-,-,-,-,-,-,-,-,-,-
974,S%GDTGE,9.8e-02,1,2,2.0e-06,1.0e+00,6.7e-02,1.0e+00,1.0e-03,2.9e-02,global-S%GDTGE,CASSVGDTGELFF,TRBV11-1,TRBJ2-2,NA,Donor1:healthy,1.000000,-,-,-,-,-,-,-,-,-,-,-

975,S%GGRTE,9.8e-02,1,2,2.2e-06,1.0e+00,7.4e-02,1.0e+00,1.0e-03,2.9e-02,global-S%GGRTE,CASSTGGRTEAFF,TRBV7-3,TRBJ1-1,NA,Donor1:healthy,1.000000,-,-,-,-,-,-,-,-,-,-,-
975,S%GGRTE,9.8e-02,1,2,2.2e-06,1.0e+00,7.4e-02,1.0e+00,1.0e-03,2.9e-02,global-S%GGRTE,CASSVGGRTEAFF,TRBV9,TRBJ1-1,NA,Donor1:healthy,1.000000,-,-,-,-,-,-,-,-,-,-,-

976,S%AGNQP,9.8e-02,1,2,2.1e-06,1.0e+00,7.3e-02,1.0e+00,1.0e-03,2.9e-02,global-S%AGNQP,CASSLAGNQPQHF,TRBV12-4,TRBJ1-5,NA,Donor1:healthy,1.000000,-,-,-,-,-,-,-,-,-,-,-
976,S%AGNQP,9.8e-02,1,2,2.1e-06,1.0e+00,7.3e-02,1.0e+00,1.0e-03,2.9e-02,global-S%AGNQP,CASSVAGNQPQHF,TRBV9,TRBJ1-5,NA,Donor1:healthy,1.000000,-,-,-,-,-,-,-,-,-,-,-

977,R%TENTE,9.8e-02,1,2,2.9e-08,1.0e+00,1.0e-03,1.0e+00,1.0e-03,2.9e-02,global-R%TENTE,CSARSTENTEAFF,TRBV20-1,TRBJ1-1,NA,Donor1:healthy,1.000000,-,-,-,-,-,-,-,-,-,-,-
977,R%TENTE,9.8e-02,1,2,2.9e-08,1.0e+00,1.0e-03,1.0e+00,1.0e-03,2.9e-02,global-R%TENTE,CSARGTENTEAFF,TRBV20-1,TRBJ1-1,NA,Donor1:healthy,1.000000,-,-,-,-,-,-,-,-,-,-,-

978,R%ASSYE,9.8e-02,1,2,2.1e-06,1.0e+00,7.3e-02,1.0e+00,1.0e-03,2.9e-02,global-R%ASSYE,CSFRAASSYEQYF,TRBV29-1,TRBJ2-7,NA,Donor1:healthy,1.000000,-,-,-,-,-,-,-,-,-,-,-
978,R%ASSYE,9.8e-02,1,2,2.1e-06,1.0e+00,7.3e-02,1.0e+00,1.0e-03,2.9e-02,global-R%ASSYE,CSARTASSYEQYF,TRBV20-1,TRBJ2-7,NA,Donor1:healthy,1.000000,-,-,-,-,-,-,-,-,-,-,-

979,S%SGGNE,9.8e-02,1,2,1.6e-06,1.0e+00,5.6e-02,1.0e+00,1.0e-03,2.9e-02,global-S%SGGNE,CASSYSGGNEQFF,TRBV6-5,TRBJ2-1,NA,Donor1:healthy,1.000000,-,-,-,-,-,-,-,-,-,-,-
979,S%SGGNE,9.8e-02,1,2,1.6e-06,1.0e+00,5.6e-02,1.0e+00,1.0e-03,2.9e-02,global-S%SGGNE,CASSFSGGNEQFF,TRBV19,TRBJ2-1,NA,Donor1:healthy,1.000000,-,-,-,-,-,-,-,-,-,-,-

980,SL%PSYE,9.8e-02,1,2,1.9e-06,1.0e+00,6.6e-02,1.0e+00,1.0e-03,2.9e-02,global-SL%PSYE,CASSLFPSYEQYF,TRBV7-9,TRBJ2-7,NA,Donor1:healthy,1.000000,-,-,-,-,-,-,-,-,-,-,-
980,SL%PSYE,9.8e-02,1,2,1.9e-06,1.0e+00,6.6e-02,1.0e+00,1.0e-03,2.9e-02,global-SL%PSYE,CASSLLPSYEQYF,TRBV12-4,TRBJ2-7,NA,Donor1:healthy,1.000000,-,-,-,-,-,-,-,-,-,-,-

981,SL%GQET,9.8e-02,1,2,2.0e-06,1.0e+00,6.8e-02,1.0e+00,1.0e-03,2.9e-02,global-SL%GQET,CASSLEGQETQYF,TRBV5-4,TRBJ2-5,NA,Donor1:healthy,1.000000,-,-,-,-,-,-,-,-,-,-,-
981,SL%GQET,9.8e-02,1,2,2.0e-06,1.0e+00,6.8e-02,1.0e+00,1.0e-03,2.9e-02,global-SL%GQET,CASSLQGQETQYF,TRBV28,TRBJ2-5,NA,Donor1:healthy,1.000000,-,-,-,-,-,-,-,-,-,-,-

982,SE%GNQP,9.8e-02,1,2,2.2e-06,1.0e+00,7.4e-02,1.0e+00,1.0e-03,2.9e-02,global-SE%GNQP,CASSEDGNQPQHF,TRBV9,TRBJ1-5,NA,Donor1:healthy,1.000000,-,-,-,-,-,-,-,-,-,-,-
982,SE%GNQP,9.8e-02,1,2,2.2e-06,1.0e+00,7.4e-02,1.0e+00,1.0e-03,2.9e-02,global-SE%GNQP,CASSENGNQPQHF,TRBV10-1,TRBJ1-5,NA,Donor1:healthy,1.000000,-,-,-,-,-,-,-,-,-,-,-

983,SQ%GGYE,9.8e-02,1,2,1.7e-06,1.0e+00,5.8e-02,1.0e+00,1.0e-03,2.9e-02,global-SQ%GGYE,CASSQVGGYEQYF,TRBV3-1,TRBJ2-7,NA,Donor1:healthy,1.000000,-,-,-,-,-,-,-,-,-,-,-
983,SQ%GGYE,9.8e-02,1,2,1.7e-06,1.0e+00,5.8e-02,1.0e+00,1.0e-03,2.9e-02,global-SQ%GGYE,CASSQTGGYEQYF,TRBV7-3,TRBJ2-7,NA,Donor1:healthy,1.000000,-,-,-,-,-,-,-,-,-,-,-

984,SLD%TDT,9.8e-02,1,2,1.7e-06,1.0e+00,5.7e-02,1.0e+00,1.0e-03,2.9e-02,global-SLD%TDT,CASSLDDTDTQYF,TRBV18,TRBJ2-3,NA,Donor1:healthy,1.000000,-,-,-,-,-,-,-,-,-,-,-
984,SLD%TDT,9.8e-02,1,2,1.7e-06,1.0e+00,5.7e-02,1.0e+00,1.0e-03,2.9e-02,global-SLD%TDT,CASSLDSTDTQYF,TRBV27,TRBJ2-3,NA,Donor1:healthy,1.000000,-,-,-,-,-,-,-,-,-,-,-

985,SLG%GET,9.8e-02,1,2,2.3e-06,1.0e+00,7.9e-02,1.0e+00,1.0e-03,2.9e-02,global-SLG%GET,CASSLGYGETQYF,TRBV27,TRBJ2-5,NA,Donor1:healthy,1.000000,-,-,-,-,-,-,-,-,-,-,-
985,SLG%GET,9.8e-02,1,2,2.3e-06,1.0e+00,7.9e-02,1.0e+00,1.0e-03,2.9e-02,global-SLG%GET,CASSLGWGETQYF,TRBV7-8,TRBJ2-5,NA,Donor1:healthy,1.000000,-,-,-,-,-,-,-,-,-,-,-

986,SFG%QET,9.8e-02,1,2,1.8e-06,1.0e+00,6.1e-02,1.0e+00,1.0e-03,2.9e-02,global-SFG%QET,CASSFGVQETQYF,TRBV7-9,TRBJ2-5,NA,Donor1:healthy,1.000000,-,-,-,-,-,-,-,-,-,-,-
986,SFG%QET,9.8e-02,1,2,1.8e-06,1.0e+00,6.1e-02,1.0e+00,1.0e-03,2.9e-02,global-SFG%QET,CASSFGTQETQYF,TRBV27,TRBJ2-5,NA,Donor1:healthy,1.000000,-,-,-,-,-,-,-,-,-,-,-

987,SSGT%YG,9.8e-02,1,2,4.8e-06,1.0e+00,1.7e-01,1.0e+00,1.0e-03,2.9e-02,global-SSGT%YG,CASSSGTDYGYTF,TRBV5-1,TRBJ1-2,NA,Donor1:healthy,1.000000,-,-,-,-,-,-,-,-,-,-,-
987,SSGT%YG,9.8e-02,1,2,4.8e-06,1.0e+00,1.7e-01,1.0e+00,1.0e-03,2.9e-02,global-SSGT%YG,CASSSGTDYGYTF,TRBV7-9,TRBJ1-2,NA,Donor1:healthy,1.000000,-,-,-,-,-,-,-,-,-,-,-
987,SSGT%YG,9.8e-02,1,2,4.8e-06,1.0e+00,1.7e-01,1.0e+00,1.0e-03,2.9e-02,global-SSGT%YG,CASSSGTNYGYTF,TRBV12-4,TRBJ1-2,NA,Donor1:healthy,1.000000,-,-,-,-,-,-,-,-,-,-,-

988,SLVG%TE,9.8e-02,1,2,1.7e-06,1.0e+00,6.0e-02,1.0e+00,1.0e-03,2.9e-02,global-SLVG%TE,CASSLVGNTEAFF,TRBV5-1,TRBJ1-1,NA,Donor1:healthy,1.000000,-,-,-,-,-,-,-,-,-,-,-
988,SLVG%TE,9.8e-02,1,2,1.7e-06,1.0e+00,6.0e-02,1.0e+00,1.0e-03,2.9e-02,global-SLVG%TE,CASSLVGGTEAFF,TRBV7-3,TRBJ1-1,NA,Donor1:healthy,1.000000,-,-,-,-,-,-,-,-,-,-,-

989,SPGQG%G,9.8e-02,1,2,1.8e-06,1.0e+00,6.3e-02,1.0e+00,1.0e-03,2.9e-02,global-SPGQG%G,CASSPGQGHGYTF,TRBV7-8,TRBJ1-2,NA,Donor1:healthy,1.000000,-,-,-,-,-,-,-,-,-,-,-
989,SPGQG%G,9.8e-02,1,2,1.8e-06,1.0e+00,6.3e-02,1.0e+00,1.0e-03,2.9e-02,global-SPGQG%G,CASSPGQGQGYTF,TRBV27,TRBJ1-2,NA,Donor1:healthy,1.000000,-,-,-,-,-,-,-,-,-,-,-

990,SAGTG%E,9.8e-02,1,2,1.7e-06,1.0e+00,5.8e-02,1.0e+00,1.0e-03,2.9e-02,global-SAGTG%E,CASSAGTGGEQYF,TRBV6-5,TRBJ2-7,NA,Donor1:healthy,1.000000,-,-,-,-,-,-,-,-,-,-,-
990,SAGTG%E,9.8e-02,1,2,1.7e-06,1.0e+00,5.8e-02,1.0e+00,1.0e-03,2.9e-02,global-SAGTG%E,CASSAGTGNEQFF,TRBV27,TRBJ2-1,NA,Donor1:healthy,1.000000,-,-,-,-,-,-,-,-,-,-,-

991,S%GGGQET,9.8e-02,1,2,1.3e-07,1.0e+00,5.6e-02,8.2e-02,1.0e-03,2.9e-02,global-S%GGGQET,CASSLGGGQETQYF,TRBV5-5,TRBJ2-5,NA,Donor1:healthy,1.000000,-,-,-,-,-,-,-,-,-,-,-
991,S%GGGQET,9.8e-02,1,2,1.3e-07,1.0e+00,5.6e-02,8.2e-02,1.0e-03,2.9e-02,global-S%GGGQET,CASSVGGGQETQYF,TRBV9,TRBJ2-5,NA,Donor1:healthy,2.000000,-,-,-,-,-,-,-,-,-,-,-

992,S%GQGGTE,9.8e-02,1,2,2.9e-08,1.0e+00,1.0e-03,1.0e+00,1.0e-03,2.9e-02,global-S%GQGGTE,CASSVGQGGTEAFF,TRBV9,TRBJ1-1,NA,Donor1:healthy,1.000000,-,-,-,-,-,-,-,-,-,-,-
992,S%GQGGTE,9.8e-02,1,2,2.9e-08,1.0e+00,1.0e-03,1.0e+00,1.0e-03,2.9e-02,global-S%GQGGTE,CASSLGQGGTEAFF,TRBV9,TRBJ1-1,NA,Donor1:healthy,1.000000,-,-,-,-,-,-,-,-,-,-,-

993,S%GGRSYE,9.8e-02,1,2,2.0e-06,1.0e+00,6.8e-02,1.0e+00,1.0e-03,2.9e-02,global-S%GGRSYE,CASSFGGRSYEQYF,TRBV5-6,TRBJ2-7,NA,Donor1:healthy,1.000000,-,-,-,-,-,-,-,-,-,-,-
993,S%GGRSYE,9.8e-02,1,2,2.0e-06,1.0e+00,6.8e-02,1.0e+00,1.0e-03,2.9e-02,global-S%GGRSYE,CASSLGGRSYEQYF,TRBV5-4,TRBJ2-7,NA,Donor1:healthy,1.000000,-,-,-,-,-,-,-,-,-,-,-

994,S%TDSNQP,9.8e-02,1,2,1.5e-06,1.0e+00,5.3e-02,1.0e+00,1.0e-03,2.9e-02,global-S%TDSNQP,CATSDTDSNQPQHF,TRBV24-1,TRBJ1-5,NA,Donor1:healthy,1.000000,-,-,-,-,-,-,-,-,-,-,-
994,S%TDSNQP,9.8e-02,1,2,1.5e-06,1.0e+00,5.3e-02,1.0e+00,1.0e-03,2.9e-02,global-S%TDSNQP,CASSQTDSNQPQHF,TRBV27,TRBJ1-5,NA,Donor1:healthy,1.000000,-,-,-,-,-,-,-,-,-,-,-

995,S%TGSTDT,9.8e-02,1,2,2.2e-06,1.0e+00,7.6e-02,1.0e+00,1.0e-03,2.9e-02,global-S%TGSTDT,CASSETGSTDTQYF,TRBV6-1,TRBJ2-3,NA,Donor1:healthy,1.000000,-,-,-,-,-,-,-,-,-,-,-
995,S%TGSTDT,9.8e-02,1,2,2.2e-06,1.0e+00,7.6e-02,1.0e+00,1.0e-03,2.9e-02,global-S%TGSTDT,CASSSTGSTDTQYF,TRBV7-9,TRBJ2-3,NA,Donor1:healthy,1.000000,-,-,-,-,-,-,-,-,-,-,-

996,SP%GGGTE,9.8e-02,1,2,2.0e-06,1.0e+00,6.9e-02,1.0e+00,1.0e-03,2.9e-02,global-SP%GGGTE,CASSPGGGGTEAFF,TRBV7-6,TRBJ1-1,NA,Donor1:healthy,1.000000,-,-,-,-,-,-,-,-,-,-,-
996,SP%GGGTE,9.8e-02,1,2,2.0e-06,1.0e+00,6.9e-02,1.0e+00,1.0e-03,2.9e-02,global-SP%GGGTE,CASSPSGGGTEAFF,TRBV7-9,TRBJ1-1,NA,Donor1:healthy,1.000000,-,-,-,-,-,-,-,-,-,-,-

997,SL%GAGTE,9.8e-02,1,2,1.8e-06,1.0e+00,6.1e-02,1.0e+00,1.0e-03,2.9e-02,global-SL%GAGTE,CASSLVGAGTEQFF,TRBV27,TRBJ2-1,NA,Donor1:healthy,1.000000,-,-,-,-,-,-,-,-,-,-,-
997,SL%GAGTE,9.8e-02,1,2,1.8e-06,1.0e+00,6.1e-02,1.0e+00,1.0e-03,2.9e-02,global-SL%GAGTE,CASSLAGAGTEAFF,TRBV7-3,TRBJ1-1,NA,Donor1:healthy,1.000000,-,-,-,-,-,-,-,-,-,-,-

998,SL%GRNTE,9.8e-02,1,2,1.9e-06,1.0e+00,6.6e-02,1.0e+00,1.0e-03,2.9e-02,global-SL%GRNTE,CASSLGGRNTEAFF,TRBV7-9,TRBJ1-1,NA,Donor1:healthy,1.000000,-,-,-,-,-,-,-,-,-,-,-
998,SL%GRNTE,9.8e-02,1,2,1.9e-06,1.0e+00,6.6e-02,1.0e+00,1.0e-03,2.9e-02,global-SL%GRNTE,CASSLAGRNTEAFF,TRBV5-6,TRBJ1-1,NA,Donor1:healthy,1.000000,-,-,-,-,-,-,-,-,-,-,-

999,SQD%LNTE,9.8e-02,1,2,1.5e-06,1.0e+00,5.3e-02,1.0e+00,1.0e-03,2.9e-02,global-SQD%LNTE,CASSQDELNTEAFF,TRBV4-3,TRBJ1-1,NA,Donor1:healthy,1.000000,-,-,-,-,-,-,-,-,-,-,-
999,SQD%LNTE,9.8e-02,1,2,1.5e-06,1.0e+00,5.3e-02,1.0e+00,1.0e-03,2.9e-02,global-SQD%LNTE,CAISQDRLNTEAFF,TRBV10-3,TRBJ1-1,NA,Donor1:healthy,1.000000,-,-,-,-,-,-,-,-,-,-,-

1000,SSTG%NTE,9.8e-02,1,2,2.1e-06,1.0e+00,7.2e-02,1.0e+00,1.0e-03,2.9e-02,global-SSTG%NTE,CASSSTGVNTEAFF,TRBV6-5,TRBJ1-1,NA,Donor1:healthy,1.000000,-,-,-,-,-,-,-,-,-,-,-
1000,SSTG%NTE,9.8e-02,1,2,2.1e-06,1.0e+00,7.2e-02,1.0e+00,1.0e-03,2.9e-02,global-SSTG%NTE,CASSSTGLNTEAFF,TRBV13,TRBJ1-1,NA,Donor1:healthy,1.000000,-,-,-,-,-,-,-,-,-,-,-

1001,SPTG%NQP,9.8e-02,1,2,4.7e-06,1.0e+00,1.6e-01,1.0e+00,1.0e-03,2.9e-02,global-SPTG%NQP,CASSPTGENQPQHF,TRBV9,TRBJ1-5,NA,Donor1:healthy,1.000000,-,-,-,-,-,-,-,-,-,-,-
1001,SPTG%NQP,9.8e-02,1,2,4.7e-06,1.0e+00,1.6e-01,1.0e+00,1.0e-03,2.9e-02,global-SPTG%NQP,CASSPTGSNQPQHF,TRBV27,TRBJ1-5,NA,Donor1:healthy,1.000000,-,-,-,-,-,-,-,-,-,-,-
1001,SPTG%NQP,9.8e-02,1,2,4.7e-06,1.0e+00,1.6e-01,1.0e+00,1.0e-03,2.9e-02,global-SPTG%NQP,CASSPTGSNQPQHF,TRBV6-5,TRBJ1-5,NA,Donor1:healthy,1.000000,-,-,-,-,-,-,-,-,-,-,-

1002,SLGTG%TE,9.8e-02,1,2,2.4e-06,1.0e+00,8.2e-02,1.0e+00,1.0e-03,2.9e-02,global-SLGTG%TE,CASSLGTGNTEAFF,TRBV5-6,TRBJ1-1,NA,Donor1:healthy,1.000000,-,-,-,-,-,-,-,-,-,-,-
1002,SLGTG%TE,9.8e-02,1,2,2.4e-06,1.0e+00,8.2e-02,1.0e+00,1.0e-03,2.9e-02,global-SLGTG%TE,CASSLGTGGTEAFF,TRBV11-1,TRBJ1-1,NA,Donor1:healthy,1.000000,-,-,-,-,-,-,-,-,-,-,-

1003,S%TSGGADT,9.8e-02,1,2,2.9e-08,1.0e+00,1.0e-03,1.0e+00,1.0e-03,2.9e-02,global-S%TSGGADT,CASSETSGGADTQYF,TRBV6-4,TRBJ2-3,NA,Donor1:healthy,1.000000,-,-,-,-,-,-,-,-,-,-,-
1003,S%TSGGADT,9.8e-02,1,2,2.9e-08,1.0e+00,1.0e-03,1.0e+00,1.0e-03,2.9e-02,global-S%TSGGADT,CASSDTSGGADTQYF,TRBV6-4,TRBJ2-3,NA,Donor1:healthy,1.000000,-,-,-,-,-,-,-,-,-,-,-

1004,SPGTSG%YE,9.8e-02,1,2,2.2e-06,1.0e+00,7.7e-02,1.0e+00,1.0e-03,2.9e-02,global-SPGTSG%YE,CASSPGTSGAYEQYF,TRBV19,TRBJ2-7,NA,Donor1:healthy,1.000000,-,-,-,-,-,-,-,-,-,-,-
1004,SPGTSG%YE,9.8e-02,1,2,2.2e-06,1.0e+00,7.7e-02,1.0e+00,1.0e-03,2.9e-02,global-SPGTSG%YE,CASSPGTSGSYEQYF,TRBV27,TRBJ2-7,NA,Donor1:healthy,1.000000,-,-,-,-,-,-,-,-,-,-,-

1005,SVGLAG%NE,9.8e-02,1,2,1.6e-07,1.0e+00,6.7e-02,8.0e-02,1.0e-03,2.9e-02,global-SVGLAG%NE,CASSVGLAGDNEQFF,TRBV19,TRBJ2-1,NA,Donor1:healthy,2.000000,-,-,-,-,-,-,-,-,-,-,-
1005,SVGLAG%NE,9.8e-02,1,2,1.6e-07,1.0e+00,6.7e-02,8.0e-02,1.0e-03,2.9e-02,global-SVGLAG%NE,CASSVGLAGSNEQFF,TRBV9,TRBJ2-1,NA,Donor1:healthy,1.000000,-,-,-,-,-,-,-,-,-,-,-

1006,SP%GDE,1.0e-01,1,3,1.1e-06,1.0e+00,1.7e-01,1.0e+00,1.0e-03,6.2e-03,global-SP%GDE,CASSPQGDEQFF,TRBV4-3,TRBJ2-1,NA,Donor1:healthy,1.000000,-,-,-,-,-,-,-,-,-,-,-
1006,SP%GDE,1.0e-01,1,3,1.1e-06,1.0e+00,1.7e-01,1.0e+00,1.0e-03,6.2e-03,global-SP%GDE,CASSPEGDEQFF,TRBV7-9,TRBJ2-1,NA,Donor1:healthy,1.000000,-,-,-,-,-,-,-,-,-,-,-
1006,SP%GDE,1.0e-01,1,3,1.1e-06,1.0e+00,1.7e-01,1.0e+00,1.0e-03,6.2e-03,global-SP%GDE,CASSPEGDEQYF,TRBV18,TRBJ2-7,NA,Donor1:healthy,1.000000,-,-,-,-,-,-,-,-,-,-,-

1007,S%GSNQP,1.0e-01,1,3,2.1e-06,1.0e+00,3.4e-01,1.0e+00,1.0e-03,6.2e-03,global-S%GSNQP,CASSYGSNQPQHF,TRBV6-3,TRBJ1-5,NA,Donor1:healthy,1.000000,-,-,-,-,-,-,-,-,-,-,-
1007,S%GSNQP,1.0e-01,1,3,2.1e-06,1.0e+00,3.4e-01,1.0e+00,1.0e-03,6.2e-03,global-S%GSNQP,CASSYGSNQPQHF,TRBV6-5,TRBJ1-5,NA,Donor1:healthy,1.000000,-,-,-,-,-,-,-,-,-,-,-
1007,S%GSNQP,1.0e-01,1,3,2.1e-06,1.0e+00,3.4e-01,1.0e+00,1.0e-03,6.2e-03,global-S%GSNQP,CASSFGSNQPQHF,TRBV5-1,TRBJ1-5,NA,Donor1:healthy,1.000000,-,-,-,-,-,-,-,-,-,-,-
1007,S%GSNQP,1.0e-01,1,3,2.1e-06,1.0e+00,3.4e-01,1.0e+00,1.0e-03,6.2e-03,global-S%GSNQP,CASSLGSNQPQHF,TRBV27,TRBJ1-5,NA,Donor1:healthy,1.000000,-,-,-,-,-,-,-,-,-,-,-

1008,R%GE,1.1e-01,1,3,2.0e-06,1.0e+00,3.3e-01,1.0e+00,1.0e-03,6.2e-03,global-R%GE,CASRGGEQFF,TRBV6-3,TRBJ2-1,NA,Donor1:healthy,1.000000,-,-,-,-,-,-,-,-,-,-,-
1008,R%GE,1.1e-01,1,3,2.0e-06,1.0e+00,3.3e-01,1.0e+00,1.0e-03,6.2e-03,global-R%GE,CATRAGEQYF,TRBV19,TRBJ2-7,NA,Donor1:healthy,1.000000,-,-,-,-,-,-,-,-,-,-,-
1008,R%GE,1.1e-01,1,3,2.0e-06,1.0e+00,3.3e-01,1.0e+00,1.0e-03,6.2e-03,global-R%GE,CASRGGEQYF,TRBV12-3,TRBJ2-7,NA,Donor1:healthy,1.000000,-,-,-,-,-,-,-,-,-,-,-
1008,R%GE,1.1e-01,1,3,2.0e-06,1.0e+00,3.3e-01,1.0e+00,1.0e-03,6.2e-03,global-R%GE,CASRGGEQYF,TRBV6-1,TRBJ2-7,NA,Donor1:healthy,1.000000,-,-,-,-,-,-,-,-,-,-,-

1009,S%QET,1.1e-01,1,3,1.3e-06,1.0e+00,2.0e-01,1.0e+00,1.0e-03,6.2e-03,global-S%QET,CASSKQETQYF,TRBV6-6,TRBJ2-5,NA,Donor1:healthy,1.000000,-,-,-,-,-,-,-,-,-,-,-
1009,S%QET,1.1e-01,1,3,1.3e-06,1.0e+00,2.0e-01,1.0e+00,1.0e-03,6.2e-03,global-S%QET,CASSNQETQYF,TRBV27,TRBJ2-5,NA,Donor1:healthy,1.000000,-,-,-,-,-,-,-,-,-,-,-
1009,S%QET,1.1e-01,1,3,1.3e-06,1.0e+00,2.0e-01,1.0e+00,1.0e-03,6.2e-03,global-S%QET,CASSQQETQYF,TRBV4-1,TRBJ2-5,NA,Donor1:healthy,1.000000,-,-,-,-,-,-,-,-,-,-,-

1010,SD%GE,1.1e-01,1,2,2.0e-06,1.0e+00,6.8e-02,1.0e+00,1.0e-03,2.9e-02,global-SD%GE,CATSDSGEAFF,TRBV24-1,TRBJ1-1,NA,Donor1:healthy,1.000000,-,-,-,-,-,-,-,-,-,-,-
1010,SD%GE,1.1e-01,1,2,2.0e-06,1.0e+00,6.8e-02,1.0e+00,1.0e-03,2.9e-02,global-SD%GE,CAISDTGELFF,TRBV25-1,TRBJ2-2,NA,Donor1:healthy,1.000000,-,-,-,-,-,-,-,-,-,-,-

1011,SL%TE,1.1e-01,1,3,4.0e-06,1.0e+00,6.5e-01,1.0e+00,1.0e-03,6.2e-03,global-SL%TE,CASSLGTEAFF,TRBV10-2,TRBJ1-1,NA,Donor1:healthy,1.000000,-,-,-,-,-,-,-,-,-,-,-
1011,SL%TE,1.1e-01,1,3,4.0e-06,1.0e+00,6.5e-01,1.0e+00,1.0e-03,6.2e-03,global-SL%TE,CASSLGTEAFF,TRBV5-4,TRBJ1-1,NA,Donor1:healthy,1.000000,-,-,-,-,-,-,-,-,-,-,-
1011,SL%TE,1.1e-01,1,3,4.0e-06,1.0e+00,6.5e-01,1.0e+00,1.0e-03,6.2e-03,global-SL%TE,CASSLGTEAFF,TRBV7-2,TRBJ1-1,NA,Donor1:healthy,1.000000,-,-,-,-,-,-,-,-,-,-,-
1011,SL%TE,1.1e-01,1,3,4.0e-06,1.0e+00,6.5e-01,1.0e+00,1.0e-03,6.2e-03,global-SL%TE,CASSLGTEAFF,TRBV9,TRBJ1-1,NA,Donor1:healthy,1.000000,-,-,-,-,-,-,-,-,-,-,-
1011,SL%TE,1.1e-01,1,3,4.0e-06,1.0e+00,6.5e-01,1.0e+00,1.0e-03,6.2e-03,global-SL%TE,CASSLDTEAFF,TRBV7-8,TRBJ1-1,NA,Donor1:healthy,1.000000,-,-,-,-,-,-,-,-,-,-,-
1011,SL%TE,1.1e-01,1,3,4.0e-06,1.0e+00,6.5e-01,1.0e+00,1.0e-03,6.2e-03,global-SL%TE,CASSLSTEAFF,TRBV12-4,TRBJ1-1,NA,Donor1:healthy,1.000000,-,-,-,-,-,-,-,-,-,-,-

1012,SYL%E,1.1e-01,1,2,2.0e-06,1.0e+00,7.0e-02,1.0e+00,1.0e-03,2.9e-02,global-SYL%E,CASSYLHEQYF,TRBV6-3,TRBJ2-7,NA,Donor1:healthy,1.000000,-,-,-,-,-,-,-,-,-,-,-
1012,SYL%E,1.1e-01,1,2,2.0e-06,1.0e+00,7.0e-02,1.0e+00,1.0e-03,2.9e-02,global-SYL%E,CASSYLNEQFF,TRBV7-9,TRBJ2-1,NA,Donor1:healthy,1.000000,-,-,-,-,-,-,-,-,-,-,-

1013,%TGDTE,1.1e-01,1,2,1.9e-06,1.0e+00,6.6e-02,1.0e+00,1.0e-03,2.9e-02,global-%TGDTE,CQQQTGDTEAFF,TRBV21-1,TRBJ1-1,NA,Donor1:healthy,1.000000,-,-,-,-,-,-,-,-,-,-,-
1013,%TGDTE,1.1e-01,1,2,1.9e-06,1.0e+00,6.6e-02,1.0e+00,1.0e-03,2.9e-02,global-%TGDTE,CSVDTGDTEAFF,TRBV29-1,TRBJ1-1,NA,Donor1:healthy,1.000000,-,-,-,-,-,-,-,-,-,-,-

1014,SP%GET,1.1e-01,1,2,1.7e-06,1.0e+00,5.7e-02,1.0e+00,1.0e-03,2.9e-02,global-SP%GET,CASSPGGETQYF,TRBV6-5,TRBJ2-5,NA,Donor1:healthy,1.000000,-,-,-,-,-,-,-,-,-,-,-
1014,SP%GET,1.1e-01,1,2,1.7e-06,1.0e+00,5.7e-02,1.0e+00,1.0e-03,2.9e-02,global-SP%GET,CASSPSGETQYF,TRBV5-6,TRBJ2-5,NA,Donor1:healthy,1.000000,-,-,-,-,-,-,-,-,-,-,-

1015,SL%GNG,1.1e-01,1,2,1.7e-06,1.0e+00,5.9e-02,1.0e+00,1.0e-03,2.9e-02,global-SL%GNG,CASSLSGNGYTF,TRBV27,TRBJ1-2,NA,Donor1:healthy,1.000000,-,-,-,-,-,-,-,-,-,-,-
1015,SL%GNG,1.1e-01,1,2,1.7e-06,1.0e+00,5.9e-02,1.0e+00,1.0e-03,2.9e-02,global-SL%GNG,CASSLGGNGYTF,TRBV7-9,TRBJ1-2,NA,Donor1:healthy,1.000000,-,-,-,-,-,-,-,-,-,-,-

1016,SPS%YE,1.1e-01,1,2,3.0e-07,1.0e+00,3.3e-01,3.2e-02,1.0e-03,2.9e-02,global-SPS%YE,CASSPSGYEQYF,TRBV2,TRBJ2-7,NA,Donor1:healthy,1.000000,-,-,-,-,-,-,-,-,-,-,-
1016,SPS%YE,1.1e-01,1,2,3.0e-07,1.0e+00,3.3e-01,3.2e-02,1.0e-03,2.9e-02,global-SPS%YE,CASSPSSYEQYF,TRBV12-4,TRBJ2-7,NA,Donor1:healthy,1.000000,-,-,-,-,-,-,-,-,-,-,-
1016,SPS%YE,1.1e-01,1,2,3.0e-07,1.0e+00,3.3e-01,3.2e-02,1.0e-03,2.9e-02,global-SPS%YE,CASSPSSYEQYF,TRBV27,TRBJ2-7,NA,Donor1:healthy,2.000000,-,-,-,-,-,-,-,-,-,-,-
1016,SPS%YE,1.1e-01,1,2,3.0e-07,1.0e+00,3.3e-01,3.2e-02,1.0e-03,2.9e-02,global-SPS%YE,CASSPSSYEQYF,TRBV7-2,TRBJ2-7,NA,Donor1:healthy,9.000000,-,-,-,-,-,-,-,-,-,-,-

1017,SPG%DE,1.1e-01,1,2,1.9e-06,1.0e+00,6.6e-02,1.0e+00,1.0e-03,2.9e-02,global-SPG%DE,CASSPGGDEQFF,TRBV7-6,TRBJ2-1,NA,Donor1:healthy,1.000000,-,-,-,-,-,-,-,-,-,-,-
1017,SPG%DE,1.1e-01,1,2,1.9e-06,1.0e+00,6.6e-02,1.0e+00,1.0e-03,2.9e-02,global-SPG%DE,CASSPGSDEQYF,TRBV12-3,TRBJ2-7,NA,Donor1:healthy,1.000000,-,-,-,-,-,-,-,-,-,-,-

1018,S%TNTGE,1.1e-01,1,2,2.0e-06,1.0e+00,6.9e-02,1.0e+00,1.0e-03,2.9e-02,global-S%TNTGE,CASSFTNTGELFF,TRBV5-6,TRBJ2-2,NA,Donor1:healthy,1.000000,-,-,-,-,-,-,-,-,-,-,-
1018,S%TNTGE,1.1e-01,1,2,2.0e-06,1.0e+00,6.9e-02,1.0e+00,1.0e-03,2.9e-02,global-S%TNTGE,CASSYTNTGELFF,TRBV7-2,TRBJ2-2,NA,Donor1:healthy,1.000000,-,-,-,-,-,-,-,-,-,-,-

1019,S%AGYNE,1.1e-01,1,2,1.9e-06,1.0e+00,6.5e-02,1.0e+00,1.0e-03,2.9e-02,global-S%AGYNE,CASSEAGYNEQFF,TRBV7-3,TRBJ2-1,NA,Donor1:healthy,1.000000,-,-,-,-,-,-,-,-,-,-,-
1019,S%AGYNE,1.1e-01,1,2,1.9e-06,1.0e+00,6.5e-02,1.0e+00,1.0e-03,2.9e-02,global-S%AGYNE,CASSKAGYNEQFF,TRBV7-9,TRBJ2-1,NA,Donor1:healthy,1.000000,-,-,-,-,-,-,-,-,-,-,-

1020,S%TAYNE,1.1e-01,1,2,2.2e-06,1.0e+00,7.4e-02,1.0e+00,1.0e-03,2.9e-02,global-S%TAYNE,CASSSTAYNEQFF,TRBV7-8,TRBJ2-1,NA,Donor1:healthy,1.000000,-,-,-,-,-,-,-,-,-,-,-
1020,S%TAYNE,1.1e-01,1,2,2.2e-06,1.0e+00,7.4e-02,1.0e+00,1.0e-03,2.9e-02,global-S%TAYNE,CSASGTAYNEQFF,TRBV20-1,TRBJ2-1,NA,Donor1:healthy,1.000000,-,-,-,-,-,-,-,-,-,-,-

1021,S%GGDNE,1.1e-01,1,2,2.9e-08,1.0e+00,1.0e-03,1.0e+00,1.0e-03,2.9e-02,global-S%GGDNE,CASSDGGDNEQFF,TRBV25-1,TRBJ2-1,NA,Donor1:healthy,1.000000,-,-,-,-,-,-,-,-,-,-,-
1021,S%GGDNE,1.1e-01,1,2,2.9e-08,1.0e+00,1.0e-03,1.0e+00,1.0e-03,2.9e-02,global-S%GGDNE,CASSEGGDNEQFF,TRBV25-1,TRBJ2-1,NA,Donor1:healthy,1.000000,-,-,-,-,-,-,-,-,-,-,-

1022,SL%ANTE,1.1e-01,1,2,5.9e-06,1.0e+00,2.0e-01,1.0e+00,1.0e-03,2.9e-02,global-SL%ANTE,CASSLAANTEAFF,TRBV7-9,TRBJ1-1,NA,Donor1:healthy,1.000000,-,-,-,-,-,-,-,-,-,-,-
1022,SL%ANTE,1.1e-01,1,2,5.9e-06,1.0e+00,2.0e-01,1.0e+00,1.0e-03,2.9e-02,global-SL%ANTE,CASSLTANTEAFF,TRBV28,TRBJ1-1,NA,Donor1:healthy,1.000000,-,-,-,-,-,-,-,-,-,-,-
1022,SL%ANTE,1.1e-01,1,2,5.9e-06,1.0e+00,2.0e-01,1.0e+00,1.0e-03,2.9e-02,global-SL%ANTE,CASSLTANTEAFF,TRBV5-1,TRBJ1-1,NA,Donor1:healthy,1.000000,-,-,-,-,-,-,-,-,-,-,-

1023,SLL%TDT,1.1e-01,1,2,3.5e-07,1.0e+00,1.2e-02,1.0e+00,1.0e-03,2.9e-02,global-SLL%TDT,CASSLLGTDTQYF,TRBV7-9,TRBJ2-3,NA,Donor1:healthy,1.000000,-,-,-,-,-,-,-,-,-,-,-
1023,SLL%TDT,1.1e-01,1,2,3.5e-07,1.0e+00,1.2e-02,1.0e+00,1.0e-03,2.9e-02,global-SLL%TDT,CASSLLSTDTQYF,TRBV7-2,TRBJ2-3,NA,Donor1:healthy,1.000000,-,-,-,-,-,-,-,-,-,-,-
1023,SLL%TDT,1.1e-01,1,2,3.5e-07,1.0e+00,1.2e-02,1.0e+00,1.0e-03,2.9e-02,global-SLL%TDT,CASSLLSTDTQYF,TRBV7-9,TRBJ2-3,NA,Donor1:healthy,1.000000,-,-,-,-,-,-,-,-,-,-,-

1024,S%GTGDQP,1.1e-01,1,2,1.9e-06,1.0e+00,6.4e-02,1.0e+00,1.0e-03,2.9e-02,global-S%GTGDQP,CASSAGTGDQPQHF,TRBV2,TRBJ1-5,NA,Donor1:healthy,1.000000,-,-,-,-,-,-,-,-,-,-,-
1024,S%GTGDQP,1.1e-01,1,2,1.9e-06,1.0e+00,6.4e-02,1.0e+00,1.0e-03,2.9e-02,global-S%GTGDQP,CASSSGTGDQPQHF,TRBV5-1,TRBJ1-5,NA,Donor1:healthy,1.000000,-,-,-,-,-,-,-,-,-,-,-

1025,SL%GDSYE,1.1e-01,1,2,5.9e-06,1.0e+00,2.0e-01,1.0e+00,1.0e-03,2.9e-02,global-SL%GDSYE,CASSLVGDSYEQYF,TRBV5-1,TRBJ2-7,NA,Donor1:healthy,1.000000,-,-,-,-,-,-,-,-,-,-,-
1025,SL%GDSYE,1.1e-01,1,2,5.9e-06,1.0e+00,2.0e-01,1.0e+00,1.0e-03,2.9e-02,global-SL%GDSYE,CASSLAGDSYEQYF,TRBV7-2,TRBJ2-7,NA,Donor1:healthy,1.000000,-,-,-,-,-,-,-,-,-,-,-
1025,SL%GDSYE,1.1e-01,1,2,5.9e-06,1.0e+00,2.0e-01,1.0e+00,1.0e-03,2.9e-02,global-SL%GDSYE,CASSLAGDSYEQYF,TRBV7-9,TRBJ2-7,NA,Donor1:healthy,1.000000,-,-,-,-,-,-,-,-,-,-,-

1026,SL%QGYNE,1.1e-01,1,2,1.5e-06,1.0e+00,5.0e-02,1.0e+00,1.0e-03,2.9e-02,global-SL%QGYNE,CASSLGQGYNEQFF,TRBV27,TRBJ2-1,NA,Donor1:healthy,1.000000,-,-,-,-,-,-,-,-,-,-,-
1026,SL%QGYNE,1.1e-01,1,2,1.5e-06,1.0e+00,5.0e-02,1.0e+00,1.0e-03,2.9e-02,global-SL%QGYNE,CASSLSQGYNEQFF,TRBV7-6,TRBJ2-1,NA,Donor1:healthy,1.000000,-,-,-,-,-,-,-,-,-,-,-

1027,SL%GRAYE,1.1e-01,1,2,2.0e-06,1.0e+00,6.8e-02,1.0e+00,1.0e-03,2.9e-02,global-SL%GRAYE,CASSLTGRAYEQYF,TRBV28,TRBJ2-7,NA,Donor1:healthy,1.000000,-,-,-,-,-,-,-,-,-,-,-
1027,SL%GRAYE,1.1e-01,1,2,2.0e-06,1.0e+00,6.8e-02,1.0e+00,1.0e-03,2.9e-02,global-SL%GRAYE,CASSLAGRAYEQYF,TRBV5-6,TRBJ2-7,NA,Donor1:healthy,1.000000,-,-,-,-,-,-,-,-,-,-,-

1028,SL%RGNTE,1.1e-01,1,2,1.7e-08,1.0e+00,5.7e-02,1.0e-02,1.0e-03,2.9e-02,global-SL%RGNTE,CASSLERGNTEAFF,TRBV7-8,TRBJ1-1,NA,Donor1:healthy,7.000000,-,-,-,-,-,-,-,-,-,-,-
1028,SL%RGNTE,1.1e-01,1,2,1.7e-08,1.0e+00,5.7e-02,1.0e-02,1.0e-03,2.9e-02,global-SL%RGNTE,CASSLSRGNTEAFF,TRBV27,TRBJ1-1,NA,Donor1:healthy,1.000000,-,-,-,-,-,-,-,-,-,-,-

1029,SYS%GSYE,1.1e-01,1,2,2.6e-07,1.0e+00,9.0e-03,1.0e+00,1.0e-03,2.9e-02,global-SYS%GSYE,CASSYSAGSYEQYF,TRBV6-5,TRBJ2-7,NA,Donor1:healthy,1.000000,-,-,-,-,-,-,-,-,-,-,-
1029,SYS%GSYE,1.1e-01,1,2,2.6e-07,1.0e+00,9.0e-03,1.0e+00,1.0e-03,2.9e-02,global-SYS%GSYE,CASSYSSGSYEQYF,TRBV6-3,TRBJ2-7,NA,Donor1:healthy,1.000000,-,-,-,-,-,-,-,-,-,-,-
1029,SYS%GSYE,1.1e-01,1,2,2.6e-07,1.0e+00,9.0e-03,1.0e+00,1.0e-03,2.9e-02,global-SYS%GSYE,CASSYSSGSYEQYF,TRBV6-5,TRBJ2-7,NA,Donor1:healthy,1.000000,-,-,-,-,-,-,-,-,-,-,-

1030,SQG%GTYE,1.1e-01,1,2,1.6e-06,1.0e+00,5.4e-02,1.0e+00,1.0e-03,2.9e-02,global-SQG%GTYE,CASSQGAGTYEQYF,TRBV4-1,TRBJ2-7,NA,Donor1:healthy,1.000000,-,-,-,-,-,-,-,-,-,-,-
1030,SQG%GTYE,1.1e-01,1,2,1.6e-06,1.0e+00,5.4e-02,1.0e+00,1.0e-03,2.9e-02,global-SQG%GTYE,CASSQGGGTYEQYF,TRBV9,TRBJ2-7,NA,Donor1:healthy,1.000000,-,-,-,-,-,-,-,-,-,-,-

1031,SPG%LNTE,1.1e-01,1,2,2.1e-06,1.0e+00,7.3e-02,1.0e+00,1.0e-03,2.9e-02,global-SPG%LNTE,CASSPGSLNTEAFF,TRBV12-4,TRBJ1-1,NA,Donor1:healthy,1.000000,-,-,-,-,-,-,-,-,-,-,-
1031,SPG%LNTE,1.1e-01,1,2,2.1e-06,1.0e+00,7.3e-02,1.0e+00,1.0e-03,2.9e-02,global-SPG%LNTE,CASSPGQLNTEAFF,TRBV4-1,TRBJ1-1,NA,Donor1:healthy,1.000000,-,-,-,-,-,-,-,-,-,-,-

1032,SLAGV%YE,1.1e-01,1,2,2.9e-08,1.0e+00,1.0e-03,1.0e+00,1.0e-03,2.9e-02,global-SLAGV%YE,CASSLAGVGYEQYF,TRBV5-1,TRBJ2-7,NA,Donor1:healthy,1.000000,-,-,-,-,-,-,-,-,-,-,-
1032,SLAGV%YE,1.1e-01,1,2,2.9e-08,1.0e+00,1.0e-03,1.0e+00,1.0e-03,2.9e-02,global-SLAGV%YE,CASSLAGVSYEQYF,TRBV5-1,TRBJ2-7,NA,Donor1:healthy,1.000000,-,-,-,-,-,-,-,-,-,-,-

1033,SAGQG%YE,1.1e-01,1,2,2.9e-08,1.0e+00,1.0e-03,1.0e+00,1.0e-03,2.9e-02,global-SAGQG%YE,CASSAGQGSYEQYF,TRBV9,TRBJ2-7,NA,Donor1:healthy,1.000000,-,-,-,-,-,-,-,-,-,-,-
1033,SAGQG%YE,1.1e-01,1,2,2.9e-08,1.0e+00,1.0e-03,1.0e+00,1.0e-03,2.9e-02,global-SAGQG%YE,CASSAGQGAYEQYF,TRBV9,TRBJ2-7,NA,Donor1:healthy,1.000000,-,-,-,-,-,-,-,-,-,-,-

1034,SQGRG%YE,1.1e-01,1,2,2.1e-06,1.0e+00,7.1e-02,1.0e+00,1.0e-03,2.9e-02,global-SQGRG%YE,CASSQGRGGYEQYF,TRBV4-3,TRBJ2-7,NA,Donor1:healthy,1.000000,-,-,-,-,-,-,-,-,-,-,-
1034,SQGRG%YE,1.1e-01,1,2,2.1e-06,1.0e+00,7.1e-02,1.0e+00,1.0e-03,2.9e-02,global-SQGRG%YE,CASSQGRGSYEQYF,TRBV4-1,TRBJ2-7,NA,Donor1:healthy,1.000000,-,-,-,-,-,-,-,-,-,-,-

1035,SFGTGG%E,1.1e-01,1,2,2.2e-06,1.0e+00,7.7e-02,1.0e+00,1.0e-03,2.9e-02,global-SFGTGG%E,CASSFGTGGNEQFF,TRBV7-2,TRBJ2-1,NA,Donor1:healthy,1.000000,-,-,-,-,-,-,-,-,-,-,-
1035,SFGTGG%E,1.1e-01,1,2,2.2e-06,1.0e+00,7.7e-02,1.0e+00,1.0e-03,2.9e-02,global-SFGTGG%E,CASSFGTGGREQYF,TRBV7-6,TRBJ2-7,NA,Donor1:healthy,1.000000,-,-,-,-,-,-,-,-,-,-,-

1036,S%SGSSYNE,1.1e-01,1,3,6.2e-09,1.0e+00,1.0e-03,1.0e+00,1.0e-03,6.2e-03,global-S%SGSSYNE,CASSVSGSSYNEQFF,TRBV19,TRBJ2-1,NA,Donor1:healthy,1.000000,-,-,-,-,-,-,-,-,-,-,-
1036,S%SGSSYNE,1.1e-01,1,3,6.2e-09,1.0e+00,1.0e-03,1.0e+00,1.0e-03,6.2e-03,global-S%SGSSYNE,CASSLSGSSYNEQFF,TRBV19,TRBJ2-1,NA,Donor1:healthy,1.000000,-,-,-,-,-,-,-,-,-,-,-
1036,S%SGSSYNE,1.1e-01,1,3,6.2e-09,1.0e+00,1.0e-03,1.0e+00,1.0e-03,6.2e-03,global-S%SGSSYNE,CASSISGSSYNEQFF,TRBV19,TRBJ2-1,NA,Donor1:healthy,1.000000,-,-,-,-,-,-,-,-,-,-,-

1037,S%GTSGSDE,1.1e-01,1,2,2.2e-06,1.0e+00,7.6e-02,1.0e+00,1.0e-03,2.9e-02,global-S%GTSGSDE,CASSQGTSGSDEQFF,TRBV3-1,TRBJ2-1,NA,Donor1:healthy,1.000000,-,-,-,-,-,-,-,-,-,-,-
1037,S%GTSGSDE,1.1e-01,1,2,2.2e-06,1.0e+00,7.6e-02,1.0e+00,1.0e-03,2.9e-02,global-S%GTSGSDE,CASSHGTSGSDEQYF,TRBV4-2,TRBJ2-7,NA,Donor1:healthy,1.000000,-,-,-,-,-,-,-,-,-,-,-

1038,SPTSG%YNE,1.1e-01,1,2,6.9e-07,1.0e+00,1.9e-01,1.3e-01,1.0e-03,2.9e-02,global-SPTSG%YNE,CASSPTSGGYNEQFF,TRBV19,TRBJ2-1,NA,Donor1:healthy,2.000000,-,-,-,-,-,-,-,-,-,-,-
1038,SPTSG%YNE,1.1e-01,1,2,6.9e-07,1.0e+00,1.9e-01,1.3e-01,1.0e-03,2.9e-02,global-SPTSG%YNE,CASSPTSGSYNEQFF,TRBV7-2,TRBJ2-1,NA,Donor1:healthy,1.000000,-,-,-,-,-,-,-,-,-,-,-
1038,SPTSG%YNE,1.1e-01,1,2,6.9e-07,1.0e+00,1.9e-01,1.3e-01,1.0e-03,2.9e-02,global-SPTSG%YNE,CASSPTSGSYNEQFF,TRBV7-3,TRBJ2-1,NA,Donor1:healthy,1.000000,-,-,-,-,-,-,-,-,-,-,-

1039,%YG,1.2e-01,1,2,2.9e-08,1.0e+00,1.0e-03,1.0e+00,1.0e-03,2.9e-02,global-%YG,CSASYGYTF,TRBV20-1,TRBJ1-2,NA,Donor1:healthy,1.000000,-,-,-,-,-,-,-,-,-,-,-
1039,%YG,1.2e-01,1,2,2.9e-08,1.0e+00,1.0e-03,1.0e+00,1.0e-03,2.9e-02,global-%YG,CSVKYGYTF,TRBV20-1,TRBJ1-2,NA,Donor1:healthy,1.000000,-,-,-,-,-,-,-,-,-,-,-

1040,SG%G,1.2e-01,1,2,1.8e-06,1.0e+00,6.3e-02,1.0e+00,1.0e-03,2.9e-02,global-SG%G,CASSGAGYTF,TRBV2,TRBJ1-2,NA,Donor1:healthy,1.000000,-,-,-,-,-,-,-,-,-,-,-
1040,SG%G,1.2e-01,1,2,1.8e-06,1.0e+00,6.3e-02,1.0e+00,1.0e-03,2.9e-02,global-SG%G,CASSGGGYTF,TRBV9,TRBJ1-2,NA,Donor1:healthy,1.000000,-,-,-,-,-,-,-,-,-,-,-

1041,%PGGE,1.2e-01,1,2,1.7e-06,1.0e+00,5.8e-02,1.0e+00,1.0e-03,2.9e-02,global-%PGGE,CATGPGGEQYF,TRBV27,TRBJ2-7,NA,Donor1:healthy,1.000000,-,-,-,-,-,-,-,-,-,-,-
1041,%PGGE,1.2e-01,1,2,1.7e-06,1.0e+00,5.8e-02,1.0e+00,1.0e-03,2.9e-02,global-%PGGE,CATSPGGEQYF,TRBV15,TRBJ2-7,NA,Donor1:healthy,1.000000,-,-,-,-,-,-,-,-,-,-,-

1042,%TGTE,1.2e-01,1,2,1.7e-06,1.0e+00,5.9e-02,1.0e+00,1.0e-03,2.9e-02,global-%TGTE,CAWNTGTEAFF,TRBV30,TRBJ1-1,NA,Donor1:healthy,1.000000,-,-,-,-,-,-,-,-,-,-,-
1042,%TGTE,1.2e-01,1,2,1.7e-06,1.0e+00,5.9e-02,1.0e+00,1.0e-03,2.9e-02,global-%TGTE,CASSTGTEAFF,TRBV27,TRBJ1-1,NA,Donor1:healthy,1.000000,-,-,-,-,-,-,-,-,-,-,-

1043,%GADT,1.2e-01,1,2,2.2e-06,1.0e+00,7.6e-02,1.0e+00,1.0e-03,2.9e-02,global-%GADT,CAWGGADTQYF,TRBV28,TRBJ2-3,NA,Donor1:healthy,1.000000,-,-,-,-,-,-,-,-,-,-,-
1043,%GADT,1.2e-01,1,2,2.2e-06,1.0e+00,7.6e-02,1.0e+00,1.0e-03,2.9e-02,global-%GADT,CASAGADTQYF,TRBV6-1,TRBJ2-3,NA,Donor1:healthy,1.000000,-,-,-,-,-,-,-,-,-,-,-

1044,S%EGE,1.2e-01,1,2,1.7e-06,1.0e+00,5.9e-02,1.0e+00,1.0e-03,2.9e-02,global-S%EGE,CASSSEGEQYF,TRBV6-6,TRBJ2-7,NA,Donor1:healthy,1.000000,-,-,-,-,-,-,-,-,-,-,-
1044,S%EGE,1.2e-01,1,2,1.7e-06,1.0e+00,5.9e-02,1.0e+00,1.0e-03,2.9e-02,global-S%EGE,CASSQEGEQYF,TRBV4-3,TRBJ2-7,NA,Donor1:healthy,1.000000,-,-,-,-,-,-,-,-,-,-,-

1045,SP%TE,1.2e-01,1,2,2.0e-06,1.0e+00,6.8e-02,1.0e+00,1.0e-03,2.9e-02,global-SP%TE,CASSPHTEAFF,TRBV7-2,TRBJ1-1,NA,Donor1:healthy,1.000000,-,-,-,-,-,-,-,-,-,-,-
1045,SP%TE,1.2e-01,1,2,2.0e-06,1.0e+00,6.8e-02,1.0e+00,1.0e-03,2.9e-02,global-SP%TE,CASSPYTEAFF,TRBV7-9,TRBJ1-1,NA,Donor1:healthy,1.000000,-,-,-,-,-,-,-,-,-,-,-

1046,%PGSYE,1.2e-01,1,2,1.0e-05,1.0e+00,3.4e-01,1.0e+00,1.0e-03,2.9e-02,global-%PGSYE,CAAAPGSYEQYF,TRBV6-6,TRBJ2-7,NA,Donor1:healthy,1.000000,-,-,-,-,-,-,-,-,-,-,-
1046,%PGSYE,1.2e-01,1,2,1.0e-05,1.0e+00,3.4e-01,1.0e+00,1.0e-03,2.9e-02,global-%PGSYE,CASSPGSYEQYF,TRBV19,TRBJ2-7,NA,Donor1:healthy,1.000000,-,-,-,-,-,-,-,-,-,-,-
1046,%PGSYE,1.2e-01,1,2,1.0e-05,1.0e+00,3.4e-01,1.0e+00,1.0e-03,2.9e-02,global-%PGSYE,CASSPGSYEQYF,TRBV3-1,TRBJ2-7,NA,Donor1:healthy,1.000000,-,-,-,-,-,-,-,-,-,-,-
1046,%PGSYE,1.2e-01,1,2,1.0e-05,1.0e+00,3.4e-01,1.0e+00,1.0e-03,2.9e-02,global-%PGSYE,CASSPGSYEQYF,TRBV7-2,TRBJ2-7,NA,Donor1:healthy,1.000000,-,-,-,-,-,-,-,-,-,-,-

1047,%TSSYE,1.2e-01,1,2,6.2e-06,1.0e+00,2.1e-01,1.0e+00,1.0e-03,2.9e-02,global-%TSSYE,CASGTSSYEQYF,TRBV10-2,TRBJ2-7,NA,Donor1:healthy,1.000000,-,-,-,-,-,-,-,-,-,-,-
1047,%TSSYE,1.2e-01,1,2,6.2e-06,1.0e+00,2.1e-01,1.0e+00,1.0e-03,2.9e-02,global-%TSSYE,CASSTSSYEQYF,TRBV27,TRBJ2-7,NA,Donor1:healthy,1.000000,-,-,-,-,-,-,-,-,-,-,-
1047,%TSSYE,1.2e-01,1,2,6.2e-06,1.0e+00,2.1e-01,1.0e+00,1.0e-03,2.9e-02,global-%TSSYE,CASSTSSYEQYF,TRBV7-9,TRBJ2-7,NA,Donor1:healthy,1.000000,-,-,-,-,-,-,-,-,-,-,-

1048,R%LNTE,1.2e-01,1,2,2.2e-06,1.0e+00,7.5e-02,1.0e+00,1.0e-03,2.9e-02,global-R%LNTE,CAWRQLNTEAFF,TRBV30,TRBJ1-1,NA,Donor1:healthy,1.000000,-,-,-,-,-,-,-,-,-,-,-
1048,R%LNTE,1.2e-01,1,2,2.2e-06,1.0e+00,7.5e-02,1.0e+00,1.0e-03,2.9e-02,global-R%LNTE,CATRHLNTEAFF,TRBV19,TRBJ1-1,NA,Donor1:healthy,1.000000,-,-,-,-,-,-,-,-,-,-,-

1049,R%ENTE,1.2e-01,1,2,1.9e-06,1.0e+00,6.4e-02,1.0e+00,1.0e-03,2.9e-02,global-R%ENTE,CASRTENTEAFF,TRBV2,TRBJ1-1,NA,Donor1:healthy,1.000000,-,-,-,-,-,-,-,-,-,-,-
1049,R%ENTE,1.2e-01,1,2,1.9e-06,1.0e+00,6.4e-02,1.0e+00,1.0e-03,2.9e-02,global-R%ENTE,CSARAENTEAFF,TRBV20-1,TRBJ1-1,NA,Donor1:healthy,1.000000,-,-,-,-,-,-,-,-,-,-,-

1050,SP%SYE,1.2e-01,1,3,1.5e-07,1.0e+00,4.1e-01,6.0e-02,1.0e-03,6.2e-03,global-SP%SYE,CASSPSSYEQYF,TRBV12-4,TRBJ2-7,NA,Donor1:healthy,1.000000,-,-,-,-,-,-,-,-,-,-,-
1050,SP%SYE,1.2e-01,1,3,1.5e-07,1.0e+00,4.1e-01,6.0e-02,1.0e-03,6.2e-03,global-SP%SYE,CASSPSSYEQYF,TRBV27,TRBJ2-7,NA,Donor1:healthy,2.000000,-,-,-,-,-,-,-,-,-,-,-
1050,SP%SYE,1.2e-01,1,3,1.5e-07,1.0e+00,4.1e-01,6.0e-02,1.0e-03,6.2e-03,global-SP%SYE,CASSPSSYEQYF,TRBV7-2,TRBJ2-7,NA,Donor1:healthy,9.000000,-,-,-,-,-,-,-,-,-,-,-
1050,SP%SYE,1.2e-01,1,3,1.5e-07,1.0e+00,4.1e-01,6.0e-02,1.0e-03,6.2e-03,global-SP%SYE,CASSPDSYEQYF,TRBV18,TRBJ2-7,NA,Donor1:healthy,1.000000,-,-,-,-,-,-,-,-,-,-,-
1050,SP%SYE,1.2e-01,1,3,1.5e-07,1.0e+00,4.1e-01,6.0e-02,1.0e-03,6.2e-03,global-SP%SYE,CASSPGSYEQYF,TRBV19,TRBJ2-7,NA,Donor1:healthy,1.000000,-,-,-,-,-,-,-,-,-,-,-
1050,SP%SYE,1.2e-01,1,3,1.5e-07,1.0e+00,4.1e-01,6.0e-02,1.0e-03,6.2e-03,global-SP%SYE,CASSPGSYEQYF,TRBV3-1,TRBJ2-7,NA,Donor1:healthy,1.000000,-,-,-,-,-,-,-,-,-,-,-
1050,SP%SYE,1.2e-01,1,3,1.5e-07,1.0e+00,4.1e-01,6.0e-02,1.0e-03,6.2e-03,global-SP%SYE,CASSPGSYEQYF,TRBV7-2,TRBJ2-7,NA,Donor1:healthy,1.000000,-,-,-,-,-,-,-,-,-,-,-

1051,SQ%GNE,1.2e-01,1,2,1.8e-06,1.0e+00,6.3e-02,1.0e+00,1.0e-03,2.9e-02,global-SQ%GNE,CASSQGGNEQFF,TRBV5-5,TRBJ2-1,NA,Donor1:healthy,1.000000,-,-,-,-,-,-,-,-,-,-,-
1051,SQ%GNE,1.2e-01,1,2,1.8e-06,1.0e+00,6.3e-02,1.0e+00,1.0e-03,2.9e-02,global-SQ%GNE,CASSQAGNEQFF,TRBV4-1,TRBJ2-1,NA,Donor1:healthy,1.000000,-,-,-,-,-,-,-,-,-,-,-

1052,SFG%NE,1.2e-01,1,2,1.8e-06,1.0e+00,6.2e-02,1.0e+00,1.0e-03,2.9e-02,global-SFG%NE,CASSFGGNEQFF,TRBV7-2,TRBJ2-1,NA,Donor1:healthy,1.000000,-,-,-,-,-,-,-,-,-,-,-
1052,SFG%NE,1.2e-01,1,2,1.8e-06,1.0e+00,6.2e-02,1.0e+00,1.0e-03,2.9e-02,global-SFG%NE,CASSFGNNEQFF,TRBV7-9,TRBJ2-1,NA,Donor1:healthy,1.000000,-,-,-,-,-,-,-,-,-,-,-

1053,SLE%YE,1.2e-01,1,2,2.0e-06,1.0e+00,6.8e-02,1.0e+00,1.0e-03,2.9e-02,global-SLE%YE,CASSLEAYEQYF,TRBV5-6,TRBJ2-7,NA,Donor1:healthy,1.000000,-,-,-,-,-,-,-,-,-,-,-
1053,SLE%YE,1.2e-01,1,2,2.0e-06,1.0e+00,6.8e-02,1.0e+00,1.0e-03,2.9e-02,global-SLE%YE,CASSLEGYEQYF,TRBV12-4,TRBJ2-7,NA,Donor1:healthy,1.000000,-,-,-,-,-,-,-,-,-,-,-

1054,SYRG%E,1.2e-01,1,2,2.5e-06,1.0e+00,8.5e-02,1.0e+00,1.0e-03,2.9e-02,global-SYRG%E,CASSYRGTEAFF,TRBV12-4,TRBJ1-1,NA,Donor1:healthy,1.000000,-,-,-,-,-,-,-,-,-,-,-
1054,SYRG%E,1.2e-01,1,2,2.5e-06,1.0e+00,8.5e-02,1.0e+00,1.0e-03,2.9e-02,global-SYRG%E,CASSYRGNEQFF,TRBV6-3,TRBJ2-1,NA,Donor1:healthy,1.000000,-,-,-,-,-,-,-,-,-,-,-

1055,SQGG%E,1.2e-01,1,3,1.2e-06,1.0e+00,1.9e-01,1.0e+00,1.0e-03,6.2e-03,global-SQGG%E,CASSQGGNEQFF,TRBV5-5,TRBJ2-1,NA,Donor1:healthy,1.000000,-,-,-,-,-,-,-,-,-,-,-
1055,SQGG%E,1.2e-01,1,3,1.2e-06,1.0e+00,1.9e-01,1.0e+00,1.0e-03,6.2e-03,global-SQGG%E,CAWSQGGTEAFF,TRBV30,TRBJ1-1,NA,Donor1:healthy,1.000000,-,-,-,-,-,-,-,-,-,-,-
1055,SQGG%E,1.2e-01,1,3,1.2e-06,1.0e+00,1.9e-01,1.0e+00,1.0e-03,6.2e-03,global-SQGG%E,CASSQGGHEQYF,TRBV4-2,TRBJ2-7,NA,Donor1:healthy,1.000000,-,-,-,-,-,-,-,-,-,-,-

1056,%ASSYNE,1.2e-01,1,2,2.0e-06,1.0e+00,6.9e-02,1.0e+00,1.0e-03,2.9e-02,global-%ASSYNE,CASGASSYNEQFF,TRBV7-9,TRBJ2-1,NA,Donor1:healthy,1.000000,-,-,-,-,-,-,-,-,-,-,-
1056,%ASSYNE,1.2e-01,1,2,2.0e-06,1.0e+00,6.9e-02,1.0e+00,1.0e-03,2.9e-02,global-%ASSYNE,CATSASSYNEQFF,TRBV27,TRBJ2-1,NA,Donor1:healthy,1.000000,-,-,-,-,-,-,-,-,-,-,-

1057,%QGMNTE,1.2e-01,1,2,1.6e-07,1.0e+00,6.8e-02,8.1e-02,1.0e-03,2.9e-02,global-%QGMNTE,CASNQGMNTEAFF,TRBV9,TRBJ1-1,NA,Donor1:healthy,1.000000,-,-,-,-,-,-,-,-,-,-,-
1057,%QGMNTE,1.2e-01,1,2,1.6e-07,1.0e+00,6.8e-02,8.1e-02,1.0e-03,2.9e-02,global-%QGMNTE,CASSQGMNTEAFF,TRBV4-1,TRBJ1-1,NA,Donor1:healthy,2.000000,-,-,-,-,-,-,-,-,-,-,-

1058,S%VNTGE,1.2e-01,1,2,2.1e-06,1.0e+00,7.3e-02,1.0e+00,1.0e-03,2.9e-02,global-S%VNTGE,CASSVVNTGELFF,TRBV9,TRBJ2-2,NA,Donor1:healthy,1.000000,-,-,-,-,-,-,-,-,-,-,-
1058,S%VNTGE,1.2e-01,1,2,2.1e-06,1.0e+00,7.3e-02,1.0e+00,1.0e-03,2.9e-02,global-S%VNTGE,CASSLVNTGELFF,TRBV6-5,TRBJ2-2,NA,Donor1:healthy,1.000000,-,-,-,-,-,-,-,-,-,-,-

1059,R%PNTGE,1.2e-01,1,2,2.9e-08,1.0e+00,1.0e-03,1.0e+00,1.0e-03,2.9e-02,global-R%PNTGE,CSARRPNTGELFF,TRBV20-1,TRBJ2-2,NA,Donor1:healthy,1.000000,-,-,-,-,-,-,-,-,-,-,-
1059,R%PNTGE,1.2e-01,1,2,2.9e-08,1.0e+00,1.0e-03,1.0e+00,1.0e-03,2.9e-02,global-R%PNTGE,CSARQPNTGELFF,TRBV20-1,TRBJ2-2,NA,Donor1:healthy,1.000000,-,-,-,-,-,-,-,-,-,-,-

1060,SL%GNTE,1.2e-01,1,4,1.4e-07,1.0e+00,3.3e-01,1.8e-01,1.0e-03,2.3e-03,global-SL%GNTE,CASSLTGNTEAFF,TRBV9,TRBJ1-1,NA,Donor1:healthy,1.000000,-,-,-,-,-,-,-,-,-,-,-
1060,SL%GNTE,1.2e-01,1,4,1.4e-07,1.0e+00,3.3e-01,1.8e-01,1.0e-03,2.3e-03,global-SL%GNTE,CASSLAGNTEAFF,TRBV27,TRBJ1-1,NA,Donor1:healthy,2.000000,-,-,-,-,-,-,-,-,-,-,-
1060,SL%GNTE,1.2e-01,1,4,1.4e-07,1.0e+00,3.3e-01,1.8e-01,1.0e-03,2.3e-03,global-SL%GNTE,CASSLVGNTEAFF,TRBV5-1,TRBJ1-1,NA,Donor1:healthy,1.000000,-,-,-,-,-,-,-,-,-,-,-
1060,SL%GNTE,1.2e-01,1,4,1.4e-07,1.0e+00,3.3e-01,1.8e-01,1.0e-03,2.3e-03,global-SL%GNTE,CASSLGGNTEAFF,TRBV12-3,TRBJ1-1,NA,Donor1:healthy,1.000000,-,-,-,-,-,-,-,-,-,-,-

1061,SL%ANYG,1.2e-01,1,2,2.0e-06,1.0e+00,6.8e-02,1.0e+00,1.0e-03,2.9e-02,global-SL%ANYG,CASSLVANYGYTF,TRBV5-5,TRBJ1-2,NA,Donor1:healthy,1.000000,-,-,-,-,-,-,-,-,-,-,-
1061,SL%ANYG,1.2e-01,1,2,2.0e-06,1.0e+00,6.8e-02,1.0e+00,1.0e-03,2.9e-02,global-SL%ANYG,CASSLTANYGYTF,TRBV7-3,TRBJ1-2,NA,Donor1:healthy,1.000000,-,-,-,-,-,-,-,-,-,-,-

1062,SD%GNTE,1.2e-01,1,2,1.9e-06,1.0e+00,6.5e-02,1.0e+00,1.0e-03,2.9e-02,global-SD%GNTE,CASSDAGNTEAFF,TRBV9,TRBJ1-1,NA,Donor1:healthy,1.000000,-,-,-,-,-,-,-,-,-,-,-
1062,SD%GNTE,1.2e-01,1,2,1.9e-06,1.0e+00,6.5e-02,1.0e+00,1.0e-03,2.9e-02,global-SD%GNTE,CASSDGGNTEAFF,TRBV25-1,TRBJ1-1,NA,Donor1:healthy,1.000000,-,-,-,-,-,-,-,-,-,-,-

1063,SP%GAYE,1.2e-01,1,2,2.0e-06,1.0e+00,6.9e-02,1.0e+00,1.0e-03,2.9e-02,global-SP%GAYE,CASSPEGAYEQYF,TRBV13,TRBJ2-7,NA,Donor1:healthy,1.000000,-,-,-,-,-,-,-,-,-,-,-
1063,SP%GAYE,1.2e-01,1,2,2.0e-06,1.0e+00,6.9e-02,1.0e+00,1.0e-03,2.9e-02,global-SP%GAYE,CASSPQGAYEQYF,TRBV19,TRBJ2-7,NA,Donor1:healthy,1.000000,-,-,-,-,-,-,-,-,-,-,-

1064,SPG%TGE,1.2e-01,1,2,1.8e-06,1.0e+00,6.1e-02,1.0e+00,1.0e-03,2.9e-02,global-SPG%TGE,CASSPGGTGELFF,TRBV5-5,TRBJ2-2,NA,Donor1:healthy,1.000000,-,-,-,-,-,-,-,-,-,-,-
1064,SPG%TGE,1.2e-01,1,2,1.8e-06,1.0e+00,6.1e-02,1.0e+00,1.0e-03,2.9e-02,global-SPG%TGE,CASSPGATGELFF,TRBV25-1,TRBJ2-2,NA,Donor1:healthy,1.000000,-,-,-,-,-,-,-,-,-,-,-

1065,RGG%TDT,1.2e-01,1,2,2.1e-06,1.0e+00,7.1e-02,1.0e+00,1.0e-03,2.9e-02,global-RGG%TDT,CASRGGGTDTQYF,TRBV7-8,TRBJ2-3,NA,Donor1:healthy,1.000000,-,-,-,-,-,-,-,-,-,-,-
1065,RGG%TDT,1.2e-01,1,2,2.1e-06,1.0e+00,7.1e-02,1.0e+00,1.0e-03,2.9e-02,global-RGG%TDT,CASRGGSTDTQYF,TRBV9,TRBJ2-3,NA,Donor1:healthy,1.000000,-,-,-,-,-,-,-,-,-,-,-

1066,SLR%NTE,1.2e-01,1,2,2.9e-08,1.0e+00,1.0e-03,1.0e+00,1.0e-03,2.9e-02,global-SLR%NTE,CASSLRENTEAFF,TRBV7-7,TRBJ1-1,NA,Donor1:healthy,1.000000,-,-,-,-,-,-,-,-,-,-,-
1066,SLR%NTE,1.2e-01,1,2,2.9e-08,1.0e+00,1.0e-03,1.0e+00,1.0e-03,2.9e-02,global-SLR%NTE,CASSLRDNTEAFF,TRBV7-7,TRBJ1-1,NA,Donor1:healthy,1.000000,-,-,-,-,-,-,-,-,-,-,-

1067,SVG%TDT,1.2e-01,1,2,2.8e-06,1.0e+00,9.5e-02,1.0e+00,1.0e-03,2.9e-02,global-SVG%TDT,CASSVGGTDTQYF,TRBV6-1,TRBJ2-3,NA,Donor1:healthy,1.000000,-,-,-,-,-,-,-,-,-,-,-
1067,SVG%TDT,1.2e-01,1,2,2.8e-06,1.0e+00,9.5e-02,1.0e+00,1.0e-03,2.9e-02,global-SVG%TDT,CASSVGGTDTQYF,TRBV9,TRBJ2-3,NA,Donor1:healthy,1.000000,-,-,-,-,-,-,-,-,-,-,-
1067,SVG%TDT,1.2e-01,1,2,2.8e-06,1.0e+00,9.5e-02,1.0e+00,1.0e-03,2.9e-02,global-SVG%TDT,CASSVGNTDTQYF,TRBV9,TRBJ2-3,NA,Donor1:healthy,1.000000,-,-,-,-,-,-,-,-,-,-,-

1068,SLV%NTE,1.2e-01,1,2,2.1e-06,1.0e+00,7.3e-02,1.0e+00,1.0e-03,2.9e-02,global-SLV%NTE,CASSLVENTEAFF,TRBV28,TRBJ1-1,NA,Donor1:healthy,1.000000,-,-,-,-,-,-,-,-,-,-,-
1068,SLV%NTE,1.2e-01,1,2,2.1e-06,1.0e+00,7.3e-02,1.0e+00,1.0e-03,2.9e-02,global-SLV%NTE,CASSLVRNTEAFF,TRBV5-1,TRBJ1-1,NA,Donor1:healthy,1.000000,-,-,-,-,-,-,-,-,-,-,-

1069,SVGS%YE,1.2e-01,1,2,2.2e-06,1.0e+00,7.5e-02,1.0e+00,1.0e-03,2.9e-02,global-SVGS%YE,CASSVGSNYEQYF,TRBV13,TRBJ2-7,NA,Donor1:healthy,1.000000,-,-,-,-,-,-,-,-,-,-,-
1069,SVGS%YE,1.2e-01,1,2,2.2e-06,1.0e+00,7.5e-02,1.0e+00,1.0e-03,2.9e-02,global-SVGS%YE,CASSVGSTYEQYF,TRBV9,TRBJ2-7,NA,Donor1:healthy,1.000000,-,-,-,-,-,-,-,-,-,-,-

1070,SLEG%YE,1.2e-01,1,2,1.9e-06,1.0e+00,6.4e-02,1.0e+00,1.0e-03,2.9e-02,global-SLEG%YE,CASSLEGDYEQYF,TRBV5-1,TRBJ2-7,NA,Donor1:healthy,1.000000,-,-,-,-,-,-,-,-,-,-,-
1070,SLEG%YE,1.2e-01,1,2,1.9e-06,1.0e+00,6.4e-02,1.0e+00,1.0e-03,2.9e-02,global-SLEG%YE,CASSLEGSYEQYF,TRBV13,TRBJ2-7,NA,Donor1:healthy,1.000000,-,-,-,-,-,-,-,-,-,-,-

1071,SLDG%YE,1.2e-01,1,2,2.9e-08,1.0e+00,1.0e-03,1.0e+00,1.0e-03,2.9e-02,global-SLDG%YE,CASSLDGSYEQYF,TRBV7-2,TRBJ2-7,NA,Donor1:healthy,1.000000,-,-,-,-,-,-,-,-,-,-,-
1071,SLDG%YE,1.2e-01,1,2,2.9e-08,1.0e+00,1.0e-03,1.0e+00,1.0e-03,2.9e-02,global-SLDG%YE,CASSLDGTYEQYF,TRBV7-2,TRBJ2-7,NA,Donor1:healthy,1.000000,-,-,-,-,-,-,-,-,-,-,-

1072,SSTG%YE,1.2e-01,1,2,2.0e-06,1.0e+00,6.7e-02,1.0e+00,1.0e-03,2.9e-02,global-SSTG%YE,CASSSTGGYEQYF,TRBV12-4,TRBJ2-7,NA,Donor1:healthy,1.000000,-,-,-,-,-,-,-,-,-,-,-
1072,SSTG%YE,1.2e-01,1,2,2.0e-06,1.0e+00,6.7e-02,1.0e+00,1.0e-03,2.9e-02,global-SSTG%YE,CASSSTGSYEQYF,TRBV5-6,TRBJ2-7,NA,Donor1:healthy,1.000000,-,-,-,-,-,-,-,-,-,-,-

1073,SPGG%QP,1.2e-01,1,2,2.0e-06,1.0e+00,7.0e-02,1.0e+00,1.0e-03,2.9e-02,global-SPGG%QP,CASSPGGHQPQHF,TRBV6-3,TRBJ1-5,NA,Donor1:healthy,1.000000,-,-,-,-,-,-,-,-,-,-,-
1073,SPGG%QP,1.2e-01,1,2,2.0e-06,1.0e+00,7.0e-02,1.0e+00,1.0e-03,2.9e-02,global-SPGG%QP,CASSPGGNQPQHF,TRBV9,TRBJ1-5,NA,Donor1:healthy,1.000000,-,-,-,-,-,-,-,-,-,-,-

1074,SLVGG%E,1.2e-01,1,2,1.8e-06,1.0e+00,6.3e-02,1.0e+00,1.0e-03,2.9e-02,global-SLVGG%E,CASSLVGGSEQYF,TRBV12-4,TRBJ2-7,NA,Donor1:healthy,1.000000,-,-,-,-,-,-,-,-,-,-,-
1074,SLVGG%E,1.2e-01,1,2,1.8e-06,1.0e+00,6.3e-02,1.0e+00,1.0e-03,2.9e-02,global-SLVGG%E,CASSLVGGTEAFF,TRBV7-3,TRBJ1-1,NA,Donor1:healthy,1.000000,-,-,-,-,-,-,-,-,-,-,-

1075,S%SGNTGE,1.2e-01,1,2,8.2e-08,1.0e+00,3.5e-01,8.0e-03,1.0e-03,2.9e-02,global-S%SGNTGE,CASSFSGNTGELFF,TRBV12-3,TRBJ2-2,NA,Donor1:healthy,41.000000,-,-,-,-,-,-,-,-,-,-,-
1075,S%SGNTGE,1.2e-01,1,2,8.2e-08,1.0e+00,3.5e-01,8.0e-03,1.0e-03,2.9e-02,global-S%SGNTGE,CASSFSGNTGELFF,TRBV12-4,TRBJ2-2,NA,Donor1:healthy,5.000000,-,-,-,-,-,-,-,-,-,-,-
1075,S%SGNTGE,1.2e-01,1,2,8.2e-08,1.0e+00,3.5e-01,8.0e-03,1.0e-03,2.9e-02,global-S%SGNTGE,CASSFSGNTGELFF,TRBV12-5,TRBJ2-2,NA,Donor1:healthy,1.000000,-,-,-,-,-,-,-,-,-,-,-
1075,S%SGNTGE,1.2e-01,1,2,8.2e-08,1.0e+00,3.5e-01,8.0e-03,1.0e-03,2.9e-02,global-S%SGNTGE,CASSYSGNTGELFF,TRBV6-3,TRBJ2-2,NA,Donor1:healthy,1.000000,-,-,-,-,-,-,-,-,-,-,-

1076,S%GQSSYE,1.2e-01,1,2,1.9e-06,1.0e+00,6.6e-02,1.0e+00,1.0e-03,2.9e-02,global-S%GQSSYE,CASSGGQSSYEQYF,TRBV5-1,TRBJ2-7,NA,Donor1:healthy,1.000000,-,-,-,-,-,-,-,-,-,-,-
1076,S%GQSSYE,1.2e-01,1,2,1.9e-06,1.0e+00,6.6e-02,1.0e+00,1.0e-03,2.9e-02,global-S%GQSSYE,CASSSGQSSYEQYF,TRBV7-9,TRBJ2-7,NA,Donor1:healthy,1.000000,-,-,-,-,-,-,-,-,-,-,-

1077,S%GTGAYE,1.2e-01,1,3,4.3e-08,1.0e+00,7.0e-03,1.0e+00,1.0e-03,6.2e-03,global-S%GTGAYE,CASSTGTGAYEQYF,TRBV19,TRBJ2-7,NA,Donor1:healthy,1.000000,-,-,-,-,-,-,-,-,-,-,-
1077,S%GTGAYE,1.2e-01,1,3,4.3e-08,1.0e+00,7.0e-03,1.0e+00,1.0e-03,6.2e-03,global-S%GTGAYE,CAISEGTGAYEQYF,TRBV10-3,TRBJ2-7,NA,Donor1:healthy,1.000000,-,-,-,-,-,-,-,-,-,-,-
1077,S%GTGAYE,1.2e-01,1,3,4.3e-08,1.0e+00,7.0e-03,1.0e+00,1.0e-03,6.2e-03,global-S%GTGAYE,CASSSGTGAYEQYF,TRBV19,TRBJ2-7,NA,Donor1:healthy,1.000000,-,-,-,-,-,-,-,-,-,-,-

1078,SL%GSNYG,1.2e-01,1,2,2.9e-08,1.0e+00,1.0e-03,1.0e+00,1.0e-03,2.9e-02,global-SL%GSNYG,CASSLKGSNYGYTF,TRBV27,TRBJ1-2,NA,Donor1:healthy,1.000000,-,-,-,-,-,-,-,-,-,-,-
1078,SL%GSNYG,1.2e-01,1,2,2.9e-08,1.0e+00,1.0e-03,1.0e+00,1.0e-03,2.9e-02,global-SL%GSNYG,CASSLRGSNYGYTF,TRBV27,TRBJ1-2,NA,Donor1:healthy,1.000000,-,-,-,-,-,-,-,-,-,-,-

1079,SQG%GGYE,1.2e-01,1,2,2.3e-06,1.0e+00,7.8e-02,1.0e+00,1.0e-03,2.9e-02,global-SQG%GGYE,CASSQGQGGYEQYF,TRBV4-1,TRBJ2-7,NA,Donor1:healthy,1.000000,-,-,-,-,-,-,-,-,-,-,-
1079,SQG%GGYE,1.2e-01,1,2,2.3e-06,1.0e+00,7.8e-02,1.0e+00,1.0e-03,2.9e-02,global-SQG%GGYE,CASSQGRGGYEQYF,TRBV4-3,TRBJ2-7,NA,Donor1:healthy,1.000000,-,-,-,-,-,-,-,-,-,-,-

1080,SSG%GSYE,1.2e-01,1,2,1.8e-06,1.0e+00,6.2e-02,1.0e+00,1.0e-03,2.9e-02,global-SSG%GSYE,CASSSGTGSYEQYF,TRBV5-6,TRBJ2-7,NA,Donor1:healthy,1.000000,-,-,-,-,-,-,-,-,-,-,-
1080,SSG%GSYE,1.2e-01,1,2,1.8e-06,1.0e+00,6.2e-02,1.0e+00,1.0e-03,2.9e-02,global-SSG%GSYE,CASSSGVGSYEQYF,TRBV11-1,TRBJ2-7,NA,Donor1:healthy,1.000000,-,-,-,-,-,-,-,-,-,-,-

1081,SLD%SNQP,1.2e-01,1,2,2.3e-07,1.0e+00,8.0e-03,1.0e+00,1.0e-03,2.9e-02,global-SLD%SNQP,CASSLDGSNQPQHF,TRBV5-1,TRBJ1-5,NA,Donor1:healthy,1.000000,-,-,-,-,-,-,-,-,-,-,-
1081,SLD%SNQP,1.2e-01,1,2,2.3e-07,1.0e+00,8.0e-03,1.0e+00,1.0e-03,2.9e-02,global-SLD%SNQP,CASSLDGSNQPQHF,TRBV7-9,TRBJ1-5,NA,Donor1:healthy,1.000000,-,-,-,-,-,-,-,-,-,-,-
1081,SLD%SNQP,1.2e-01,1,2,2.3e-07,1.0e+00,8.0e-03,1.0e+00,1.0e-03,2.9e-02,global-SLD%SNQP,CASSLDSSNQPQHF,TRBV7-9,TRBJ1-5,NA,Donor1:healthy,1.000000,-,-,-,-,-,-,-,-,-,-,-

1082,SPG%GSYE,1.2e-01,1,2,2.3e-06,1.0e+00,7.8e-02,1.0e+00,1.0e-03,2.9e-02,global-SPG%GSYE,CASSPGTGSYEQYF,TRBV4-3,TRBJ2-7,NA,Donor1:healthy,1.000000,-,-,-,-,-,-,-,-,-,-,-
1082,SPG%GSYE,1.2e-01,1,2,2.3e-06,1.0e+00,7.8e-02,1.0e+00,1.0e-03,2.9e-02,global-SPG%GSYE,CASSPGAGSYEQYF,TRBV14,TRBJ2-7,NA,Donor1:healthy,1.000000,-,-,-,-,-,-,-,-,-,-,-

1083,SSSG%YNE,1.2e-01,1,2,1.9e-06,1.0e+00,6.4e-02,1.0e+00,1.0e-03,2.9e-02,global-SSSG%YNE,CASSSSGTYNEQFF,TRBV5-6,TRBJ2-1,NA,Donor1:healthy,1.000000,-,-,-,-,-,-,-,-,-,-,-
1083,SSSG%YNE,1.2e-01,1,2,1.9e-06,1.0e+00,6.4e-02,1.0e+00,1.0e-03,2.9e-02,global-SSSG%YNE,CASSSSGAYNEQFF,TRBV6-3,TRBJ2-1,NA,Donor1:healthy,1.000000,-,-,-,-,-,-,-,-,-,-,-

1084,SLSG%NTE,1.2e-01,1,2,2.2e-06,1.0e+00,7.4e-02,1.0e+00,1.0e-03,2.9e-02,global-SLSG%NTE,CASSLSGLNTEAFF,TRBV5-6,TRBJ1-1,NA,Donor1:healthy,1.000000,-,-,-,-,-,-,-,-,-,-,-
1084,SLSG%NTE,1.2e-01,1,2,2.2e-06,1.0e+00,7.4e-02,1.0e+00,1.0e-03,2.9e-02,global-SLSG%NTE,CASSLSGVNTEAFF,TRBV27,TRBJ1-1,NA,Donor1:healthy,1.000000,-,-,-,-,-,-,-,-,-,-,-

1085,SPGTG%YE,1.2e-01,1,3,4.4e-08,1.0e+00,3.9e-02,1.8e-01,1.0e-03,6.2e-03,global-SPGTG%YE,CASSPGTGSYEQYF,TRBV4-3,TRBJ2-7,NA,Donor1:healthy,1.000000,-,-,-,-,-,-,-,-,-,-,-
1085,SPGTG%YE,1.2e-01,1,3,4.4e-08,1.0e+00,3.9e-02,1.8e-01,1.0e-03,6.2e-03,global-SPGTG%YE,CASSPGTGGYEQYF,TRBV4-3,TRBJ2-7,NA,Donor1:healthy,1.000000,-,-,-,-,-,-,-,-,-,-,-
1085,SPGTG%YE,1.2e-01,1,3,4.4e-08,1.0e+00,3.9e-02,1.8e-01,1.0e-03,6.2e-03,global-SPGTG%YE,CASSPGTGGYEQYF,TRBV5-4,TRBJ2-7,NA,Donor1:healthy,2.000000,-,-,-,-,-,-,-,-,-,-,-
1085,SPGTG%YE,1.2e-01,1,3,4.4e-08,1.0e+00,3.9e-02,1.8e-01,1.0e-03,6.2e-03,global-SPGTG%YE,CASSPGTGGYEQFF,TRBV5-6,TRBJ2-1,NA,Donor1:healthy,1.000000,-,-,-,-,-,-,-,-,-,-,-

1086,SLGRG%YE,1.2e-01,1,2,1.8e-06,1.0e+00,6.3e-02,1.0e+00,1.0e-03,2.9e-02,global-SLGRG%YE,CASSLGRGIYEQYF,TRBV7-2,TRBJ2-7,NA,Donor1:healthy,1.000000,-,-,-,-,-,-,-,-,-,-,-
1086,SLGRG%YE,1.2e-01,1,2,1.8e-06,1.0e+00,6.3e-02,1.0e+00,1.0e-03,2.9e-02,global-SLGRG%YE,CASSLGRGLYEQYF,TRBV19,TRBJ2-7,NA,Donor1:healthy,1.000000,-,-,-,-,-,-,-,-,-,-,-

1087,SQD%SSYNE,1.2e-01,1,2,2.8e-09,1.0e+00,1.0e-03,9.5e-02,1.0e-03,2.9e-02,global-SQD%SSYNE,CASSQDESSYNEQFF,TRBV4-3,TRBJ2-1,NA,Donor1:healthy,1.000000,-,-,-,-,-,-,-,-,-,-,-
1087,SQD%SSYNE,1.2e-01,1,2,2.8e-09,1.0e+00,1.0e-03,9.5e-02,1.0e-03,2.9e-02,global-SQD%SSYNE,CASSQDSSSYNEQFF,TRBV4-3,TRBJ2-1,NA,Donor1:healthy,2.000000,-,-,-,-,-,-,-,-,-,-,-

1088,%YNE,1.3e-01,1,3,1.0e-06,1.0e+00,1.7e-01,1.0e+00,1.0e-03,6.2e-03,global-%YNE,CASSYNEQFF,TRBV6-6,TRBJ2-1,NA,Donor1:healthy,1.000000,-,-,-,-,-,-,-,-,-,-,-
1088,%YNE,1.3e-01,1,3,1.0e-06,1.0e+00,1.7e-01,1.0e+00,1.0e-03,6.2e-03,global-%YNE,CASGYNEQFF,TRBV27,TRBJ2-1,NA,Donor1:healthy,1.000000,-,-,-,-,-,-,-,-,-,-,-
1088,%YNE,1.3e-01,1,3,1.0e-06,1.0e+00,1.7e-01,1.0e+00,1.0e-03,6.2e-03,global-%YNE,CSAGYNEQFF,TRBV20-1,TRBJ2-1,NA,Donor1:healthy,1.000000,-,-,-,-,-,-,-,-,-,-,-

1089,R%NE,1.3e-01,1,3,1.2e-06,1.0e+00,1.9e-01,1.0e+00,1.0e-03,6.2e-03,global-R%NE,CSARNNEQFF,TRBV20-1,TRBJ2-1,NA,Donor1:healthy,1.000000,-,-,-,-,-,-,-,-,-,-,-
1089,R%NE,1.3e-01,1,3,1.2e-06,1.0e+00,1.9e-01,1.0e+00,1.0e-03,6.2e-03,global-R%NE,CASRGNEAFF,TRBV27,TRBJ1-1,NA,Donor1:healthy,1.000000,-,-,-,-,-,-,-,-,-,-,-
1089,R%NE,1.3e-01,1,3,1.2e-06,1.0e+00,1.9e-01,1.0e+00,1.0e-03,6.2e-03,global-R%NE,CASRGNEQFF,TRBV3-1,TRBJ2-1,NA,Donor1:healthy,1.000000,-,-,-,-,-,-,-,-,-,-,-

1090,S%GGE,1.3e-01,1,6,4.8e-07,1.0e+00,4.0e-01,1.0e+00,1.0e-03,1.2e-03,global-S%GGE,CASSVGGEQFF,TRBV9,TRBJ2-1,NA,Donor1:healthy,1.000000,-,-,-,-,-,-,-,-,-,-,-
1090,S%GGE,1.3e-01,1,6,4.8e-07,1.0e+00,4.0e-01,1.0e+00,1.0e-03,1.2e-03,global-S%GGE,CASSLGGEKTF,TRBV7-9,TRBJ1-2,NA,Donor1:healthy,1.000000,-,-,-,-,-,-,-,-,-,-,-
1090,S%GGE,1.3e-01,1,6,4.8e-07,1.0e+00,4.0e-01,1.0e+00,1.0e-03,1.2e-03,global-S%GGE,CASSLGGELFF,TRBV7-3,TRBJ2-2,NA,Donor1:healthy,1.000000,-,-,-,-,-,-,-,-,-,-,-
1090,S%GGE,1.3e-01,1,6,4.8e-07,1.0e+00,4.0e-01,1.0e+00,1.0e-03,1.2e-03,global-S%GGE,CASSLGGELFF,TRBV7-8,TRBJ2-2,NA,Donor1:healthy,1.000000,-,-,-,-,-,-,-,-,-,-,-
1090,S%GGE,1.3e-01,1,6,4.8e-07,1.0e+00,4.0e-01,1.0e+00,1.0e-03,1.2e-03,global-S%GGE,CSASTGGELFF,TRBV20-1,TRBJ2-2,NA,Donor1:healthy,1.000000,-,-,-,-,-,-,-,-,-,-,-
1090,S%GGE,1.3e-01,1,6,4.8e-07,1.0e+00,4.0e-01,1.0e+00,1.0e-03,1.2e-03,global-S%GGE,CASSLGGEQFF,TRBV7-2,TRBJ2-1,NA,Donor1:healthy,1.000000,-,-,-,-,-,-,-,-,-,-,-
1090,S%GGE,1.3e-01,1,6,4.8e-07,1.0e+00,4.0e-01,1.0e+00,1.0e-03,1.2e-03,global-S%GGE,CASSLGGEQFF,TRBV7-9,TRBJ2-1,NA,Donor1:healthy,1.000000,-,-,-,-,-,-,-,-,-,-,-
1090,S%GGE,1.3e-01,1,6,4.8e-07,1.0e+00,4.0e-01,1.0e+00,1.0e-03,1.2e-03,global-S%GGE,CASSLGGEQYF,TRBV7-9,TRBJ2-7,NA,Donor1:healthy,1.000000,-,-,-,-,-,-,-,-,-,-,-

1091,SPGG%E,1.3e-01,1,4,8.0e-08,1.0e+00,3.4e-02,1.0e+00,1.0e-03,2.3e-03,global-SPGG%E,CASSPGGSEQYF,TRBV5-6,TRBJ2-7,NA,Donor1:healthy,1.000000,-,-,-,-,-,-,-,-,-,-,-
1091,SPGG%E,1.3e-01,1,4,8.0e-08,1.0e+00,3.4e-02,1.0e+00,1.0e-03,2.3e-03,global-SPGG%E,CASSPGGDEQFF,TRBV7-6,TRBJ2-1,NA,Donor1:healthy,1.000000,-,-,-,-,-,-,-,-,-,-,-
1091,SPGG%E,1.3e-01,1,4,8.0e-08,1.0e+00,3.4e-02,1.0e+00,1.0e-03,2.3e-03,global-SPGG%E,CASSPGGTEAFF,TRBV9,TRBJ1-1,NA,Donor1:healthy,1.000000,-,-,-,-,-,-,-,-,-,-,-
1091,SPGG%E,1.3e-01,1,4,8.0e-08,1.0e+00,3.4e-02,1.0e+00,1.0e-03,2.3e-03,global-SPGG%E,CASSPGGVEQFF,TRBV9,TRBJ2-1,NA,Donor1:healthy,1.000000,-,-,-,-,-,-,-,-,-,-,-

1092,S%TGGYE,1.3e-01,1,3,1.1e-06,1.0e+00,1.8e-01,1.0e+00,1.0e-03,6.2e-03,global-S%TGGYE,CASSSTGGYEQYF,TRBV12-4,TRBJ2-7,NA,Donor1:healthy,1.000000,-,-,-,-,-,-,-,-,-,-,-
1092,S%TGGYE,1.3e-01,1,3,1.1e-06,1.0e+00,1.8e-01,1.0e+00,1.0e-03,6.2e-03,global-S%TGGYE,CASSQTGGYEQYF,TRBV7-3,TRBJ2-7,NA,Donor1:healthy,1.000000,-,-,-,-,-,-,-,-,-,-,-
1092,S%TGGYE,1.3e-01,1,3,1.1e-06,1.0e+00,1.8e-01,1.0e+00,1.0e-03,6.2e-03,global-S%TGGYE,CASSATGGYEQYF,TRBV6-5,TRBJ2-7,NA,Donor1:healthy,1.000000,-,-,-,-,-,-,-,-,-,-,-

1093,S%GQGYE,1.3e-01,1,4,1.5e-06,1.0e+00,6.4e-01,1.0e+00,1.0e-03,2.3e-03,global-S%GQGYE,CASSIGQGYEQYF,TRBV25-1,TRBJ2-7,NA,Donor1:healthy,1.000000,-,-,-,-,-,-,-,-,-,-,-
1093,S%GQGYE,1.3e-01,1,4,1.5e-06,1.0e+00,6.4e-01,1.0e+00,1.0e-03,2.3e-03,global-S%GQGYE,CASSVGQGYEQYF,TRBV9,TRBJ2-7,NA,Donor1:healthy,1.000000,-,-,-,-,-,-,-,-,-,-,-
1093,S%GQGYE,1.3e-01,1,4,1.5e-06,1.0e+00,6.4e-01,1.0e+00,1.0e-03,2.3e-03,global-S%GQGYE,CASSLGQGYEQFF,TRBV11-3,TRBJ2-1,NA,Donor1:healthy,1.000000,-,-,-,-,-,-,-,-,-,-,-
1093,S%GQGYE,1.3e-01,1,4,1.5e-06,1.0e+00,6.4e-01,1.0e+00,1.0e-03,2.3e-03,global-S%GQGYE,CASSLGQGYEQYF,TRBV27,TRBJ2-7,NA,Donor1:healthy,1.000000,-,-,-,-,-,-,-,-,-,-,-
1093,S%GQGYE,1.3e-01,1,4,1.5e-06,1.0e+00,6.4e-01,1.0e+00,1.0e-03,2.3e-03,global-S%GQGYE,CASSLGQGYEQYF,TRBV6-5,TRBJ2-7,NA,Donor1:healthy,1.000000,-,-,-,-,-,-,-,-,-,-,-
1093,S%GQGYE,1.3e-01,1,4,1.5e-06,1.0e+00,6.4e-01,1.0e+00,1.0e-03,2.3e-03,global-S%GQGYE,CASSLGQGYEQYF,TRBV7-3,TRBJ2-7,NA,Donor1:healthy,1.000000,-,-,-,-,-,-,-,-,-,-,-

1094,%LNNE,1.4e-01,1,2,2.2e-06,1.0e+00,7.5e-02,1.0e+00,1.0e-03,2.9e-02,global-%LNNE,CASNLNNEQFF,TRBV6-3,TRBJ2-1,NA,Donor1:healthy,1.000000,-,-,-,-,-,-,-,-,-,-,-
1094,%LNNE,1.4e-01,1,2,2.2e-06,1.0e+00,7.5e-02,1.0e+00,1.0e-03,2.9e-02,global-%LNNE,CSVRLNNEQFF,TRBV20-1,TRBJ2-1,NA,Donor1:healthy,1.000000,-,-,-,-,-,-,-,-,-,-,-

1095,%YSYE,1.4e-01,1,2,3.0e-06,1.0e+00,1.0e-01,1.0e+00,1.0e-03,2.9e-02,global-%YSYE,CASGYSYEQYF,TRBV6-3,TRBJ2-7,NA,Donor1:healthy,1.000000,-,-,-,-,-,-,-,-,-,-,-
1095,%YSYE,1.4e-01,1,2,3.0e-06,1.0e+00,1.0e-01,1.0e+00,1.0e-03,2.9e-02,global-%YSYE,CASSYSYEQYF,TRBV11-2,TRBJ2-7,NA,Donor1:healthy,1.000000,-,-,-,-,-,-,-,-,-,-,-
1095,%YSYE,1.4e-01,1,2,3.0e-06,1.0e+00,1.0e-01,1.0e+00,1.0e-03,2.9e-02,global-%YSYE,CASSYSYEQYF,TRBV6-3,TRBJ2-7,NA,Donor1:healthy,1.000000,-,-,-,-,-,-,-,-,-,-,-
1095,%YSYE,1.4e-01,1,2,3.0e-06,1.0e+00,1.0e-01,1.0e+00,1.0e-03,2.9e-02,global-%YSYE,CASSYSYEQYF,TRBV6-6,TRBJ2-7,NA,Donor1:healthy,1.000000,-,-,-,-,-,-,-,-,-,-,-
1095,%YSYE,1.4e-01,1,2,3.0e-06,1.0e+00,1.0e-01,1.0e+00,1.0e-03,2.9e-02,global-%YSYE,CASSYSYEQYF,TRBV7-2,TRBJ2-7,NA,Donor1:healthy,1.000000,-,-,-,-,-,-,-,-,-,-,-

1096,%SGTE,1.4e-01,1,2,2.4e-06,1.0e+00,8.4e-02,1.0e+00,1.0e-03,2.9e-02,global-%SGTE,CASGSGTEAFF,TRBV9,TRBJ1-1,NA,Donor1:healthy,1.000000,-,-,-,-,-,-,-,-,-,-,-
1096,%SGTE,1.4e-01,1,2,2.4e-06,1.0e+00,8.4e-02,1.0e+00,1.0e-03,2.9e-02,global-%SGTE,CSAASGTEAFF,TRBV29-1,TRBJ1-1,NA,Donor1:healthy,1.000000,-,-,-,-,-,-,-,-,-,-,-

1097,S%PGE,1.4e-01,1,3,1.2e-06,1.0e+00,2.0e-01,1.0e+00,1.0e-03,6.2e-03,global-S%PGE,CASSQPGEQYF,TRBV28,TRBJ2-7,NA,Donor1:healthy,1.000000,-,-,-,-,-,-,-,-,-,-,-
1097,S%PGE,1.4e-01,1,3,1.2e-06,1.0e+00,2.0e-01,1.0e+00,1.0e-03,6.2e-03,global-S%PGE,CASSRPGELFF,TRBV12-4,TRBJ2-2,NA,Donor1:healthy,1.000000,-,-,-,-,-,-,-,-,-,-,-
1097,S%PGE,1.4e-01,1,3,1.2e-06,1.0e+00,2.0e-01,1.0e+00,1.0e-03,6.2e-03,global-S%PGE,CASSSPGEQYF,TRBV6-3,TRBJ2-7,NA,Donor1:healthy,1.000000,-,-,-,-,-,-,-,-,-,-,-

1098,SE%TE,1.4e-01,1,2,2.1e-06,1.0e+00,7.3e-02,1.0e+00,1.0e-03,2.9e-02,global-SE%TE,CASSENTEAFF,TRBV5-4,TRBJ1-1,NA,Donor1:healthy,1.000000,-,-,-,-,-,-,-,-,-,-,-
1098,SE%TE,1.4e-01,1,2,2.1e-06,1.0e+00,7.3e-02,1.0e+00,1.0e-03,2.9e-02,global-SE%TE,CASSEGTEAFF,TRBV6-1,TRBJ1-1,NA,Donor1:healthy,1.000000,-,-,-,-,-,-,-,-,-,-,-

1099,SLG%T,1.4e-01,1,2,1.6e-06,1.0e+00,2.2e-01,2.4e-01,1.0e-03,2.9e-02,global-SLG%T,CASSLGDTQYF,TRBV5-1,TRBJ2-3,NA,Donor1:healthy,1.000000,-,-,-,-,-,-,-,-,-,-,-
1099,SLG%T,1.4e-01,1,2,1.6e-06,1.0e+00,2.2e-01,2.4e-01,1.0e-03,2.9e-02,global-SLG%T,CASSLGDTQYF,TRBV6-3,TRBJ2-3,NA,Donor1:healthy,1.000000,-,-,-,-,-,-,-,-,-,-,-
1099,SLG%T,1.4e-01,1,2,1.6e-06,1.0e+00,2.2e-01,2.4e-01,1.0e-03,2.9e-02,global-SLG%T,CASSLGDTQYF,TRBV7-9,TRBJ2-3,NA,Donor1:healthy,1.000000,-,-,-,-,-,-,-,-,-,-,-
1099,SLG%T,1.4e-01,1,2,1.6e-06,1.0e+00,2.2e-01,2.4e-01,1.0e-03,2.9e-02,global-SLG%T,CASSLGETQYF,TRBV27,TRBJ2-5,NA,Donor1:healthy,2.000000,-,-,-,-,-,-,-,-,-,-,-
1099,SLG%T,1.4e-01,1,2,1.6e-06,1.0e+00,2.2e-01,2.4e-01,1.0e-03,2.9e-02,global-SLG%T,CASSLGETQYF,TRBV5-4,TRBJ2-5,NA,Donor1:healthy,1.000000,-,-,-,-,-,-,-,-,-,-,-
1099,SLG%T,1.4e-01,1,2,1.6e-06,1.0e+00,2.2e-01,2.4e-01,1.0e-03,2.9e-02,global-SLG%T,CASSLGETQYF,TRBV7-9,TRBJ2-5,NA,Donor1:healthy,1.000000,-,-,-,-,-,-,-,-,-,-,-

1100,S%GGGE,1.4e-01,1,4,7.8e-07,1.0e+00,3.3e-01,1.0e+00,1.0e-03,2.3e-03,global-S%GGGE,CASSLGGGEQFF,TRBV7-9,TRBJ2-1,NA,Donor1:healthy,1.000000,-,-,-,-,-,-,-,-,-,-,-
1100,S%GGGE,1.4e-01,1,4,7.8e-07,1.0e+00,3.3e-01,1.0e+00,1.0e-03,2.3e-03,global-S%GGGE,CASSLGGGEQYF,TRBV4-3,TRBJ2-7,NA,Donor1:healthy,1.000000,-,-,-,-,-,-,-,-,-,-,-
1100,S%GGGE,1.4e-01,1,4,7.8e-07,1.0e+00,3.3e-01,1.0e+00,1.0e-03,2.3e-03,global-S%GGGE,CASSVGGGELFF,TRBV9,TRBJ2-2,NA,Donor1:healthy,1.000000,-,-,-,-,-,-,-,-,-,-,-
1100,S%GGGE,1.4e-01,1,4,7.8e-07,1.0e+00,3.3e-01,1.0e+00,1.0e-03,2.3e-03,global-S%GGGE,CASSVGGGEQFF,TRBV7-2,TRBJ2-1,NA,Donor1:healthy,1.000000,-,-,-,-,-,-,-,-,-,-,-

1101,S%GYNE,1.4e-01,1,3,2.0e-06,1.0e+00,3.3e-01,1.0e+00,1.0e-03,6.2e-03,global-S%GYNE,CASSVGYNEQFF,TRBV7-9,TRBJ2-1,NA,Donor1:healthy,1.000000,-,-,-,-,-,-,-,-,-,-,-
1101,S%GYNE,1.4e-01,1,3,2.0e-06,1.0e+00,3.3e-01,1.0e+00,1.0e-03,6.2e-03,global-S%GYNE,CASSVGYNEQFF,TRBV9,TRBJ2-1,NA,Donor1:healthy,1.000000,-,-,-,-,-,-,-,-,-,-,-
1101,S%GYNE,1.4e-01,1,3,2.0e-06,1.0e+00,3.3e-01,1.0e+00,1.0e-03,6.2e-03,global-S%GYNE,CASSFGYNEQFF,TRBV5-6,TRBJ2-1,NA,Donor1:healthy,1.000000,-,-,-,-,-,-,-,-,-,-,-
1101,S%GYNE,1.4e-01,1,3,2.0e-06,1.0e+00,3.3e-01,1.0e+00,1.0e-03,6.2e-03,global-S%GYNE,CASSLGYNEQFF,TRBV5-8,TRBJ2-1,NA,Donor1:healthy,1.000000,-,-,-,-,-,-,-,-,-,-,-

1102,R%GDTE,1.4e-01,1,2,1.7e-06,1.0e+00,5.7e-02,1.0e+00,1.0e-03,2.9e-02,global-R%GDTE,CSARAGDTEAFF,TRBV20-1,TRBJ1-1,NA,Donor1:healthy,1.000000,-,-,-,-,-,-,-,-,-,-,-
1102,R%GDTE,1.4e-01,1,2,1.7e-06,1.0e+00,5.7e-02,1.0e+00,1.0e-03,2.9e-02,global-R%GDTE,CATRVGDTEAFF,TRBV19,TRBJ1-1,NA,Donor1:healthy,1.000000,-,-,-,-,-,-,-,-,-,-,-

1103,SL%VYE,1.4e-01,1,2,2.9e-08,1.0e+00,1.0e-03,1.0e+00,1.0e-03,2.9e-02,global-SL%VYE,CASSLVVYEQYF,TRBV7-9,TRBJ2-7,NA,Donor1:healthy,1.000000,-,-,-,-,-,-,-,-,-,-,-
1103,SL%VYE,1.4e-01,1,2,2.9e-08,1.0e+00,1.0e-03,1.0e+00,1.0e-03,2.9e-02,global-SL%VYE,CASSLTVYEQYF,TRBV7-9,TRBJ2-7,NA,Donor1:healthy,1.000000,-,-,-,-,-,-,-,-,-,-,-

1104,SL%GDT,1.4e-01,1,2,2.5e-06,1.0e+00,8.5e-02,1.0e+00,1.0e-03,2.9e-02,global-SL%GDT,CASSLSGDTQYF,TRBV27,TRBJ2-3,NA,Donor1:healthy,1.000000,-,-,-,-,-,-,-,-,-,-,-
1104,SL%GDT,1.4e-01,1,2,2.5e-06,1.0e+00,8.5e-02,1.0e+00,1.0e-03,2.9e-02,global-SL%GDT,CASSLDGDTQYF,TRBV7-9,TRBJ2-3,NA,Donor1:healthy,1.000000,-,-,-,-,-,-,-,-,-,-,-

1105,SL%NQP,1.4e-01,1,2,5.7e-06,1.0e+00,2.0e-01,1.0e+00,1.0e-03,2.9e-02,global-SL%NQP,CASSLGNQPQHF,TRBV5-4,TRBJ1-5,NA,Donor1:healthy,1.000000,-,-,-,-,-,-,-,-,-,-,-
1105,SL%NQP,1.4e-01,1,2,5.7e-06,1.0e+00,2.0e-01,1.0e+00,1.0e-03,2.9e-02,global-SL%NQP,CASSLGNQPQHF,TRBV7-2,TRBJ1-5,NA,Donor1:healthy,1.000000,-,-,-,-,-,-,-,-,-,-,-
1105,SL%NQP,1.4e-01,1,2,5.7e-06,1.0e+00,2.0e-01,1.0e+00,1.0e-03,2.9e-02,global-SL%NQP,CASSLSNQPQHF,TRBV13,TRBJ1-5,NA,Donor1:healthy,1.000000,-,-,-,-,-,-,-,-,-,-,-

1106,SL%GLE,1.4e-01,1,2,2.2e-06,1.0e+00,7.5e-02,1.0e+00,1.0e-03,2.9e-02,global-SL%GLE,CASSLSGLEAFF,TRBV28,TRBJ1-1,NA,Donor1:healthy,1.000000,-,-,-,-,-,-,-,-,-,-,-
1106,SL%GLE,1.4e-01,1,2,2.2e-06,1.0e+00,7.5e-02,1.0e+00,1.0e-03,2.9e-02,global-SL%GLE,CASSLGGLEAFF,TRBV13,TRBJ1-1,NA,Donor1:healthy,1.000000,-,-,-,-,-,-,-,-,-,-,-

1107,SDR%YG,1.4e-01,1,2,1.9e-06,1.0e+00,6.4e-02,1.0e+00,1.0e-03,2.9e-02,global-SDR%YG,CASSDRDYGYTF,TRBV25-1,TRBJ1-2,NA,Donor1:healthy,1.000000,-,-,-,-,-,-,-,-,-,-,-
1107,SDR%YG,1.4e-01,1,2,1.9e-06,1.0e+00,6.4e-02,1.0e+00,1.0e-03,2.9e-02,global-SDR%YG,CAISDRNYGYTF,TRBV10-3,TRBJ1-2,NA,Donor1:healthy,1.000000,-,-,-,-,-,-,-,-,-,-,-

1108,SYG%TE,1.4e-01,1,2,2.9e-08,1.0e+00,1.0e-03,1.0e+00,1.0e-03,2.9e-02,global-SYG%TE,CASSYGLTEAFF,TRBV6-3,TRBJ1-1,NA,Donor1:healthy,1.000000,-,-,-,-,-,-,-,-,-,-,-
1108,SYG%TE,1.4e-01,1,2,2.9e-08,1.0e+00,1.0e-03,1.0e+00,1.0e-03,2.9e-02,global-SYG%TE,CASSYGITEAFF,TRBV6-3,TRBJ1-1,NA,Donor1:healthy,1.000000,-,-,-,-,-,-,-,-,-,-,-

1109,SFPG%E,1.4e-01,1,2,1.8e-06,1.0e+00,6.3e-02,1.0e+00,1.0e-03,2.9e-02,global-SFPG%E,CASSFPGQEQFF,TRBV6-3,TRBJ2-1,NA,Donor1:healthy,1.000000,-,-,-,-,-,-,-,-,-,-,-
1109,SFPG%E,1.4e-01,1,2,1.8e-06,1.0e+00,6.3e-02,1.0e+00,1.0e-03,2.9e-02,global-SFPG%E,CASSFPGNEQFF,TRBV27,TRBJ2-1,NA,Donor1:healthy,1.000000,-,-,-,-,-,-,-,-,-,-,-

1110,S%SSNQP,1.4e-01,1,2,2.1e-06,1.0e+00,7.2e-02,1.0e+00,1.0e-03,2.9e-02,global-S%SSNQP,CASSLSSNQPQHF,TRBV5-1,TRBJ1-5,NA,Donor1:healthy,1.000000,-,-,-,-,-,-,-,-,-,-,-
1110,S%SSNQP,1.4e-01,1,2,2.1e-06,1.0e+00,7.2e-02,1.0e+00,1.0e-03,2.9e-02,global-S%SSNQP,CASSFSSNQPQHF,TRBV27,TRBJ1-5,NA,Donor1:healthy,1.000000,-,-,-,-,-,-,-,-,-,-,-

1111,SE%SSYE,1.4e-01,1,2,2.0e-06,1.0e+00,6.7e-02,1.0e+00,1.0e-03,2.9e-02,global-SE%SSYE,CAISESSSYEQYF,TRBV10-3,TRBJ2-7,NA,Donor1:healthy,1.000000,-,-,-,-,-,-,-,-,-,-,-
1111,SE%SSYE,1.4e-01,1,2,2.0e-06,1.0e+00,6.7e-02,1.0e+00,1.0e-03,2.9e-02,global-SE%SSYE,CASSEGSSYEQYF,TRBV2,TRBJ2-7,NA,Donor1:healthy,1.000000,-,-,-,-,-,-,-,-,-,-,-

1112,SL%GAYE,1.4e-01,1,3,3.9e-07,1.0e+00,3.5e-01,1.8e-01,1.0e-03,6.2e-03,global-SL%GAYE,CASSLTGAYEQYF,TRBV7-9,TRBJ2-7,NA,Donor1:healthy,1.000000,-,-,-,-,-,-,-,-,-,-,-
1112,SL%GAYE,1.4e-01,1,3,3.9e-07,1.0e+00,3.5e-01,1.8e-01,1.0e-03,6.2e-03,global-SL%GAYE,CASSLAGAYEQYF,TRBV11-3,TRBJ2-7,NA,Donor1:healthy,1.000000,-,-,-,-,-,-,-,-,-,-,-
1112,SL%GAYE,1.4e-01,1,3,3.9e-07,1.0e+00,3.5e-01,1.8e-01,1.0e-03,6.2e-03,global-SL%GAYE,CASSLGGAYEQYF,TRBV12-4,TRBJ2-7,NA,Donor1:healthy,2.000000,-,-,-,-,-,-,-,-,-,-,-
1112,SL%GAYE,1.4e-01,1,3,3.9e-07,1.0e+00,3.5e-01,1.8e-01,1.0e-03,6.2e-03,global-SL%GAYE,CASSLGGAYEQYF,TRBV27,TRBJ2-7,NA,Donor1:healthy,1.000000,-,-,-,-,-,-,-,-,-,-,-

1113,SS%GGYE,1.4e-01,1,2,1.7e-06,1.0e+00,5.7e-02,1.0e+00,1.0e-03,2.9e-02,global-SS%GGYE,CASSSAGGYEQYF,TRBV13,TRBJ2-7,NA,Donor1:healthy,1.000000,-,-,-,-,-,-,-,-,-,-,-
1113,SS%GGYE,1.4e-01,1,2,1.7e-06,1.0e+00,5.7e-02,1.0e+00,1.0e-03,2.9e-02,global-SS%GGYE,CASSSTGGYEQYF,TRBV12-4,TRBJ2-7,NA,Donor1:healthy,1.000000,-,-,-,-,-,-,-,-,-,-,-

1114,SPT%NTE,1.4e-01,1,2,7.1e-09,1.0e+00,6.1e-02,4.0e-03,1.0e-03,2.9e-02,global-SPT%NTE,CASSPTSNTEAFF,TRBV19,TRBJ1-1,NA,Donor1:healthy,27.000000,-,-,-,-,-,-,-,-,-,-,-
1114,SPT%NTE,1.4e-01,1,2,7.1e-09,1.0e+00,6.1e-02,4.0e-03,1.0e-03,2.9e-02,global-SPT%NTE,CASSPTENTEAFF,TRBV9,TRBJ1-1,NA,Donor1:healthy,1.000000,-,-,-,-,-,-,-,-,-,-,-

1115,SPT%NTE,1.4e-01,1,2,1.7e-06,1.0e+00,5.7e-02,1.0e+00,1.0e-03,2.9e-02,global-SPT%NTE,CASSPTVNTEAFF,TRBV12-4,TRBJ1-1,NA,Donor1:healthy,1.000000,-,-,-,-,-,-,-,-,-,-,-
1115,SPT%NTE,1.4e-01,1,2,1.7e-06,1.0e+00,5.7e-02,1.0e+00,1.0e-03,2.9e-02,global-SPT%NTE,CASSPTMNTEAFF,TRBV4-1,TRBJ1-1,NA,Donor1:healthy,1.000000,-,-,-,-,-,-,-,-,-,-,-

1116,SLGG%NE,1.4e-01,1,3,1.1e-06,1.0e+00,1.7e-01,1.0e+00,1.0e-03,6.2e-03,global-SLGG%NE,CASSLGGMNEQFF,TRBV11-2,TRBJ2-1,NA,Donor1:healthy,1.000000,-,-,-,-,-,-,-,-,-,-,-
1116,SLGG%NE,1.4e-01,1,3,1.1e-06,1.0e+00,1.7e-01,1.0e+00,1.0e-03,6.2e-03,global-SLGG%NE,CASSLGGFNEQFF,TRBV28,TRBJ2-1,NA,Donor1:healthy,1.000000,-,-,-,-,-,-,-,-,-,-,-
1116,SLGG%NE,1.4e-01,1,3,1.1e-06,1.0e+00,1.7e-01,1.0e+00,1.0e-03,6.2e-03,global-SLGG%NE,CASSLGGYNEQFF,TRBV5-6,TRBJ2-1,NA,Donor1:healthy,1.000000,-,-,-,-,-,-,-,-,-,-,-

1117,SVGD%YE,1.4e-01,1,2,2.9e-08,1.0e+00,1.0e-03,1.0e+00,1.0e-03,2.9e-02,global-SVGD%YE,CASSVGDNYEQYF,TRBV9,TRBJ2-7,NA,Donor1:healthy,1.000000,-,-,-,-,-,-,-,-,-,-,-
1117,SVGD%YE,1.4e-01,1,2,2.9e-08,1.0e+00,1.0e-03,1.0e+00,1.0e-03,2.9e-02,global-SVGD%YE,CASSVGDSYEQYF,TRBV9,TRBJ2-7,NA,Donor1:healthy,1.000000,-,-,-,-,-,-,-,-,-,-,-

1118,SLAG%GE,1.4e-01,1,2,1.7e-06,1.0e+00,6.0e-02,1.0e+00,1.0e-03,2.9e-02,global-SLAG%GE,CASSLAGEGEQFF,TRBV5-6,TRBJ2-1,NA,Donor1:healthy,1.000000,-,-,-,-,-,-,-,-,-,-,-
1118,SLAG%GE,1.4e-01,1,2,1.7e-06,1.0e+00,6.0e-02,1.0e+00,1.0e-03,2.9e-02,global-SLAG%GE,CASSLAGRGEQFF,TRBV27,TRBJ2-1,NA,Donor1:healthy,1.000000,-,-,-,-,-,-,-,-,-,-,-

1119,S%GGTYNE,1.4e-01,1,2,2.1e-06,1.0e+00,7.2e-02,1.0e+00,1.0e-03,2.9e-02,global-S%GGTYNE,CASSQGGTYNEQFF,TRBV4-2,TRBJ2-1,NA,Donor1:healthy,1.000000,-,-,-,-,-,-,-,-,-,-,-
1119,S%GGTYNE,1.4e-01,1,2,2.1e-06,1.0e+00,7.2e-02,1.0e+00,1.0e-03,2.9e-02,global-S%GGTYNE,CSASSGGTYNEQFF,TRBV20-1,TRBJ2-1,NA,Donor1:healthy,1.000000,-,-,-,-,-,-,-,-,-,-,-

1120,SQ%GGSYE,1.4e-01,1,2,2.9e-09,1.0e+00,1.0e-03,1.0e-01,1.0e-03,2.9e-02,global-SQ%GGSYE,CASSQEGGSYEQYF,TRBV4-3,TRBJ2-7,NA,Donor1:healthy,1.000000,-,-,-,-,-,-,-,-,-,-,-
1120,SQ%GGSYE,1.4e-01,1,2,2.9e-09,1.0e+00,1.0e-03,1.0e-01,1.0e-03,2.9e-02,global-SQ%GGSYE,CASSQDGGSYEQYF,TRBV4-3,TRBJ2-7,NA,Donor1:healthy,2.000000,-,-,-,-,-,-,-,-,-,-,-

1121,SF%GSYNE,1.4e-01,1,2,9.5e-06,1.0e+00,3.3e-01,1.0e+00,1.0e-03,2.9e-02,global-SF%GSYNE,CASSFSGSYNEQFF,TRBV5-5,TRBJ2-1,NA,Donor1:healthy,1.000000,-,-,-,-,-,-,-,-,-,-,-
1121,SF%GSYNE,1.4e-01,1,2,9.5e-06,1.0e+00,3.3e-01,1.0e+00,1.0e-03,2.9e-02,global-SF%GSYNE,CASSFGGSYNEQFF,TRBV27,TRBJ2-1,NA,Donor1:healthy,1.000000,-,-,-,-,-,-,-,-,-,-,-
1121,SF%GSYNE,1.4e-01,1,2,9.5e-06,1.0e+00,3.3e-01,1.0e+00,1.0e-03,2.9e-02,global-SF%GSYNE,CASSFGGSYNEQFF,TRBV5-4,TRBJ2-1,NA,Donor1:healthy,1.000000,-,-,-,-,-,-,-,-,-,-,-
1121,SF%GSYNE,1.4e-01,1,2,9.5e-06,1.0e+00,3.3e-01,1.0e+00,1.0e-03,2.9e-02,global-SF%GSYNE,CASSFGGSYNEQFF,TRBV7-9,TRBJ2-1,NA,Donor1:healthy,1.000000,-,-,-,-,-,-,-,-,-,-,-

1122,SL%GPYNE,1.4e-01,1,2,5.7e-06,1.0e+00,2.0e-01,1.0e+00,1.0e-03,2.9e-02,global-SL%GPYNE,CASSLAGPYNEQFF,TRBV27,TRBJ2-1,NA,Donor1:healthy,1.000000,-,-,-,-,-,-,-,-,-,-,-
1122,SL%GPYNE,1.4e-01,1,2,5.7e-06,1.0e+00,2.0e-01,1.0e+00,1.0e-03,2.9e-02,global-SL%GPYNE,CASSLAGPYNEQFF,TRBV6-3,TRBJ2-1,NA,Donor1:healthy,1.000000,-,-,-,-,-,-,-,-,-,-,-
1122,SL%GPYNE,1.4e-01,1,2,5.7e-06,1.0e+00,2.0e-01,1.0e+00,1.0e-03,2.9e-02,global-SL%GPYNE,CASSLGGPYNEQFF,TRBV12-4,TRBJ2-1,NA,Donor1:healthy,1.000000,-,-,-,-,-,-,-,-,-,-,-

1123,SPGT%SYE,1.4e-01,1,2,1.9e-06,1.0e+00,6.4e-02,1.0e+00,1.0e-03,2.9e-02,global-SPGT%SYE,CASSPGTHSYEQYF,TRBV13,TRBJ2-7,NA,Donor1:healthy,1.000000,-,-,-,-,-,-,-,-,-,-,-
1123,SPGT%SYE,1.4e-01,1,2,1.9e-06,1.0e+00,6.4e-02,1.0e+00,1.0e-03,2.9e-02,global-SPGT%SYE,CASSPGTESYEQYF,TRBV7-2,TRBJ2-7,NA,Donor1:healthy,1.000000,-,-,-,-,-,-,-,-,-,-,-

1124,SPGT%YNE,1.4e-01,1,2,5.1e-06,1.0e+00,1.8e-01,1.0e+00,1.0e-03,2.9e-02,global-SPGT%YNE,CASSPGTSYNEQFF,TRBV19,TRBJ2-1,NA,Donor1:healthy,1.000000,-,-,-,-,-,-,-,-,-,-,-
1124,SPGT%YNE,1.4e-01,1,2,5.1e-06,1.0e+00,1.8e-01,1.0e+00,1.0e-03,2.9e-02,global-SPGT%YNE,CASSPGTGYNEQFF,TRBV7-9,TRBJ2-1,NA,Donor1:healthy,1.000000,-,-,-,-,-,-,-,-,-,-,-
1124,SPGT%YNE,1.4e-01,1,2,5.1e-06,1.0e+00,1.8e-01,1.0e+00,1.0e-03,2.9e-02,global-SPGT%YNE,CASSPGTGYNEQFF,TRBV9,TRBJ2-1,NA,Donor1:healthy,1.000000,-,-,-,-,-,-,-,-,-,-,-

1125,SPRD%SYE,1.4e-01,1,2,2.5e-06,1.0e+00,8.6e-02,1.0e+00,1.0e-03,2.9e-02,global-SPRD%SYE,CASSPRDGSYEQYF,TRBV19,TRBJ2-7,NA,Donor1:healthy,1.000000,-,-,-,-,-,-,-,-,-,-,-
1125,SPRD%SYE,1.4e-01,1,2,2.5e-06,1.0e+00,8.6e-02,1.0e+00,1.0e-03,2.9e-02,global-SPRD%SYE,CASSPRDNSYEQYF,TRBV4-2,TRBJ2-7,NA,Donor1:healthy,1.000000,-,-,-,-,-,-,-,-,-,-,-

1126,SLTG%SYE,1.4e-01,1,2,2.8e-09,1.0e+00,1.0e-03,9.5e-02,1.0e-03,2.9e-02,global-SLTG%SYE,CASSLTGESYEQYF,TRBV13,TRBJ2-7,NA,Donor1:healthy,2.000000,-,-,-,-,-,-,-,-,-,-,-
1126,SLTG%SYE,1.4e-01,1,2,2.8e-09,1.0e+00,1.0e-03,9.5e-02,1.0e-03,2.9e-02,global-SLTG%SYE,CASSLTGRSYEQYF,TRBV13,TRBJ2-7,NA,Donor1:healthy,1.000000,-,-,-,-,-,-,-,-,-,-,-

1127,SPDRG%YE,1.4e-01,1,2,2.2e-06,1.0e+00,7.6e-02,1.0e+00,1.0e-03,2.9e-02,global-SPDRG%YE,CASSPDRGSYEQYF,TRBV28,TRBJ2-7,NA,Donor1:healthy,1.000000,-,-,-,-,-,-,-,-,-,-,-
1127,SPDRG%YE,1.4e-01,1,2,2.2e-06,1.0e+00,7.6e-02,1.0e+00,1.0e-03,2.9e-02,global-SPDRG%YE,CASSPDRGGYEQYF,TRBV18,TRBJ2-7,NA,Donor1:healthy,1.000000,-,-,-,-,-,-,-,-,-,-,-

1128,S%GLAGTYE,1.4e-01,1,2,2.0e-06,1.0e+00,6.9e-02,1.0e+00,1.0e-03,2.9e-02,global-S%GLAGTYE,CATSKGLAGTYEQYF,TRBV15,TRBJ2-7,NA,Donor1:healthy,1.000000,-,-,-,-,-,-,-,-,-,-,-
1128,S%GLAGTYE,1.4e-01,1,2,2.0e-06,1.0e+00,6.9e-02,1.0e+00,1.0e-03,2.9e-02,global-S%GLAGTYE,CASSQGLAGTYEQYF,TRBV5-1,TRBJ2-7,NA,Donor1:healthy,1.000000,-,-,-,-,-,-,-,-,-,-,-

1129,SLGGG%YNE,1.4e-01,1,2,2.0e-06,1.0e+00,6.8e-02,1.0e+00,1.0e-03,2.9e-02,global-SLGGG%YNE,CASSLGGGSYNEQFF,TRBV12-3,TRBJ2-1,NA,Donor1:healthy,1.000000,-,-,-,-,-,-,-,-,-,-,-
1129,SLGGG%YNE,1.4e-01,1,2,2.0e-06,1.0e+00,6.8e-02,1.0e+00,1.0e-03,2.9e-02,global-SLGGG%YNE,CASSLGGGTYNEQFF,TRBV7-7,TRBJ2-1,NA,Donor1:healthy,1.000000,-,-,-,-,-,-,-,-,-,-,-

1130,%SNTE,1.5e-01,1,2,5.2e-06,1.0e+00,1.8e-01,1.0e+00,1.0e-03,2.9e-02,global-%SNTE,CASSSNTEAFF,TRBV27,TRBJ1-1,NA,Donor1:healthy,1.000000,-,-,-,-,-,-,-,-,-,-,-
1130,%SNTE,1.5e-01,1,2,5.2e-06,1.0e+00,1.8e-01,1.0e+00,1.0e-03,2.9e-02,global-%SNTE,CASSSNTEAFF,TRBV6-5,TRBJ1-1,NA,Donor1:healthy,1.000000,-,-,-,-,-,-,-,-,-,-,-
1130,%SNTE,1.5e-01,1,2,5.2e-06,1.0e+00,1.8e-01,1.0e+00,1.0e-03,2.9e-02,global-%SNTE,CASGSNTEAFF,TRBV5-6,TRBJ1-1,NA,Donor1:healthy,1.000000,-,-,-,-,-,-,-,-,-,-,-

1131,S%GEK,1.5e-01,1,2,1.9e-06,1.0e+00,6.5e-02,1.0e+00,1.0e-03,2.9e-02,global-S%GEK,CASSFGEKLFF,TRBV12-4,TRBJ1-4,NA,Donor1:healthy,1.000000,-,-,-,-,-,-,-,-,-,-,-
1131,S%GEK,1.5e-01,1,2,1.9e-06,1.0e+00,6.5e-02,1.0e+00,1.0e-03,2.9e-02,global-S%GEK,CASSLGEKLFF,TRBV5-1,TRBJ1-4,NA,Donor1:healthy,1.000000,-,-,-,-,-,-,-,-,-,-,-

1132,SD%YE,1.5e-01,1,3,3.5e-08,1.0e+00,3.5e-02,1.6e-01,1.0e-03,6.2e-03,global-SD%YE,CASSDGYEQYF,TRBV6-3,TRBJ2-7,NA,Donor1:healthy,1.000000,-,-,-,-,-,-,-,-,-,-,-
1132,SD%YE,1.5e-01,1,3,3.5e-08,1.0e+00,3.5e-02,1.6e-01,1.0e-03,6.2e-03,global-SD%YE,CASSDSYEQYF,TRBV25-1,TRBJ2-7,NA,Donor1:healthy,1.000000,-,-,-,-,-,-,-,-,-,-,-
1132,SD%YE,1.5e-01,1,3,3.5e-08,1.0e+00,3.5e-02,1.6e-01,1.0e-03,6.2e-03,global-SD%YE,CASSDSYEQYF,TRBV6-3,TRBJ2-7,NA,Donor1:healthy,1.000000,-,-,-,-,-,-,-,-,-,-,-
1132,SD%YE,1.5e-01,1,3,3.5e-08,1.0e+00,3.5e-02,1.6e-01,1.0e-03,6.2e-03,global-SD%YE,CASSDNYEQYF,TRBV18,TRBJ2-7,NA,Donor1:healthy,2.000000,-,-,-,-,-,-,-,-,-,-,-

1133,SL%VE,1.5e-01,1,2,2.1e-06,1.0e+00,7.3e-02,1.0e+00,1.0e-03,2.9e-02,global-SL%VE,CASSLSVEAFF,TRBV5-5,TRBJ1-1,NA,Donor1:healthy,1.000000,-,-,-,-,-,-,-,-,-,-,-
1133,SL%VE,1.5e-01,1,2,2.1e-06,1.0e+00,7.3e-02,1.0e+00,1.0e-03,2.9e-02,global-SL%VE,CASSLNVEQYF,TRBV7-8,TRBJ2-7,NA,Donor1:healthy,1.000000,-,-,-,-,-,-,-,-,-,-,-

1134,RWG%E,1.5e-01,1,2,2.1e-06,1.0e+00,7.2e-02,1.0e+00,1.0e-03,2.9e-02,global-RWG%E,CSARWGAEAFF,TRBV20-1,TRBJ1-1,NA,Donor1:healthy,1.000000,-,-,-,-,-,-,-,-,-,-,-
1134,RWG%E,1.5e-01,1,2,2.1e-06,1.0e+00,7.2e-02,1.0e+00,1.0e-03,2.9e-02,global-RWG%E,CAIRWGTEAFF,TRBV19,TRBJ1-1,NA,Donor1:healthy,1.000000,-,-,-,-,-,-,-,-,-,-,-

1135,SGS%E,1.5e-01,1,2,2.2e-06,1.0e+00,7.6e-02,1.0e+00,1.0e-03,2.9e-02,global-SGS%E,CASSGSREQFF,TRBV13,TRBJ2-1,NA,Donor1:healthy,1.000000,-,-,-,-,-,-,-,-,-,-,-
1135,SGS%E,1.5e-01,1,2,2.2e-06,1.0e+00,7.6e-02,1.0e+00,1.0e-03,2.9e-02,global-SGS%E,CASSGSHEQYF,TRBV9,TRBJ2-7,NA,Donor1:healthy,1.000000,-,-,-,-,-,-,-,-,-,-,-

1136,SLAG%,1.5e-01,1,2,1.5e-06,1.0e+00,5.2e-02,1.0e+00,1.0e-03,2.9e-02,global-SLAG%,CASSLAGELFF,TRBV27,TRBJ2-2,NA,Donor1:healthy,1.000000,-,-,-,-,-,-,-,-,-,-,-
1136,SLAG%,1.5e-01,1,2,1.5e-06,1.0e+00,5.2e-02,1.0e+00,1.0e-03,2.9e-02,global-SLAG%,CASSLAGQQFF,TRBV7-3,TRBJ2-1,NA,Donor1:healthy,1.000000,-,-,-,-,-,-,-,-,-,-,-

1137,S%GGDT,1.5e-01,1,2,5.4e-06,1.0e+00,1.9e-01,1.0e+00,1.0e-03,2.9e-02,global-S%GGDT,CASSEGGDTQYF,TRBV4-1,TRBJ2-3,NA,Donor1:healthy,1.000000,-,-,-,-,-,-,-,-,-,-,-
1137,S%GGDT,1.5e-01,1,2,5.4e-06,1.0e+00,1.9e-01,1.0e+00,1.0e-03,2.9e-02,global-S%GGDT,CASSQGGDTQYF,TRBV4-3,TRBJ2-3,NA,Donor1:healthy,1.000000,-,-,-,-,-,-,-,-,-,-,-
1137,S%GGDT,1.5e-01,1,2,5.4e-06,1.0e+00,1.9e-01,1.0e+00,1.0e-03,2.9e-02,global-S%GGDT,CASSQGGDTQYF,TRBV7-9,TRBJ2-3,NA,Donor1:healthy,1.000000,-,-,-,-,-,-,-,-,-,-,-

1138,S%GGNE,1.5e-01,1,4,8.4e-08,1.0e+00,2.1e-01,1.7e-01,1.0e-03,2.3e-03,global-S%GGNE,CASSLGGNEQFF,TRBV12-4,TRBJ2-1,NA,Donor1:healthy,1.000000,-,-,-,-,-,-,-,-,-,-,-
1138,S%GGNE,1.5e-01,1,4,8.4e-08,1.0e+00,2.1e-01,1.7e-01,1.0e-03,2.3e-03,global-S%GGNE,CASSLGGNEQFF,TRBV7-9,TRBJ2-1,NA,Donor1:healthy,3.000000,-,-,-,-,-,-,-,-,-,-,-
1138,S%GGNE,1.5e-01,1,4,8.4e-08,1.0e+00,2.1e-01,1.7e-01,1.0e-03,2.3e-03,global-S%GGNE,CASSLGGNEQYF,TRBV11-1,TRBJ2-7,NA,Donor1:healthy,1.000000,-,-,-,-,-,-,-,-,-,-,-
1138,S%GGNE,1.5e-01,1,4,8.4e-08,1.0e+00,2.1e-01,1.7e-01,1.0e-03,2.3e-03,global-S%GGNE,CASSLGGNEQYF,TRBV7-9,TRBJ2-7,NA,Donor1:healthy,1.000000,-,-,-,-,-,-,-,-,-,-,-
1138,S%GGNE,1.5e-01,1,4,8.4e-08,1.0e+00,2.1e-01,1.7e-01,1.0e-03,2.3e-03,global-S%GGNE,CATSYGGNEQFF,TRBV12-3,TRBJ2-1,NA,Donor1:healthy,1.000000,-,-,-,-,-,-,-,-,-,-,-
1138,S%GGNE,1.5e-01,1,4,8.4e-08,1.0e+00,2.1e-01,1.7e-01,1.0e-03,2.3e-03,global-S%GGNE,CASSFGGNEQFF,TRBV7-2,TRBJ2-1,NA,Donor1:healthy,1.000000,-,-,-,-,-,-,-,-,-,-,-

1139,S%GRDE,1.5e-01,1,2,1.8e-06,1.0e+00,6.3e-02,1.0e+00,1.0e-03,2.9e-02,global-S%GRDE,CASSWGRDEQYF,TRBV5-6,TRBJ2-7,NA,Donor1:healthy,1.000000,-,-,-,-,-,-,-,-,-,-,-
1139,S%GRDE,1.5e-01,1,2,1.8e-06,1.0e+00,6.3e-02,1.0e+00,1.0e-03,2.9e-02,global-S%GRDE,CASSFGRDEQYF,TRBV28,TRBJ2-7,NA,Donor1:healthy,1.000000,-,-,-,-,-,-,-,-,-,-,-

1140,S%PGNE,1.5e-01,1,2,2.0e-06,1.0e+00,6.9e-02,1.0e+00,1.0e-03,2.9e-02,global-S%PGNE,CASSYPGNEQYF,TRBV6-3,TRBJ2-7,NA,Donor1:healthy,1.000000,-,-,-,-,-,-,-,-,-,-,-
1140,S%PGNE,1.5e-01,1,2,2.0e-06,1.0e+00,6.9e-02,1.0e+00,1.0e-03,2.9e-02,global-S%PGNE,CASSFPGNEQFF,TRBV27,TRBJ2-1,NA,Donor1:healthy,1.000000,-,-,-,-,-,-,-,-,-,-,-

1141,S%DRDE,1.5e-01,1,2,1.9e-06,1.0e+00,6.4e-02,1.0e+00,1.0e-03,2.9e-02,global-S%DRDE,CASSFDRDEEYF,TRBV7-9,TRBJ2-7,NA,Donor1:healthy,1.000000,-,-,-,-,-,-,-,-,-,-,-
1141,S%DRDE,1.5e-01,1,2,1.9e-06,1.0e+00,6.4e-02,1.0e+00,1.0e-03,2.9e-02,global-S%DRDE,CASSYDRDEQYF,TRBV6-6,TRBJ2-7,NA,Donor1:healthy,1.000000,-,-,-,-,-,-,-,-,-,-,-

1142,SP%PYE,1.5e-01,1,2,5.4e-06,1.0e+00,1.8e-01,1.0e+00,1.0e-03,2.9e-02,global-SP%PYE,CASSPSPYEQYF,TRBV14,TRBJ2-7,NA,Donor1:healthy,1.000000,-,-,-,-,-,-,-,-,-,-,-
1142,SP%PYE,1.5e-01,1,2,5.4e-06,1.0e+00,1.8e-01,1.0e+00,1.0e-03,2.9e-02,global-SP%PYE,CASSPSPYEQYF,TRBV19,TRBJ2-7,NA,Donor1:healthy,1.000000,-,-,-,-,-,-,-,-,-,-,-
1142,SP%PYE,1.5e-01,1,2,5.4e-06,1.0e+00,1.8e-01,1.0e+00,1.0e-03,2.9e-02,global-SP%PYE,CASSPDPYEQYF,TRBV3-1,TRBJ2-7,NA,Donor1:healthy,1.000000,-,-,-,-,-,-,-,-,-,-,-

1143,SY%GYE,1.5e-01,1,2,2.0e-06,1.0e+00,7.0e-02,1.0e+00,1.0e-03,2.9e-02,global-SY%GYE,CASSYKGYEQYF,TRBV6-6,TRBJ2-7,NA,Donor1:healthy,1.000000,-,-,-,-,-,-,-,-,-,-,-
1143,SY%GYE,1.5e-01,1,2,2.0e-06,1.0e+00,7.0e-02,1.0e+00,1.0e-03,2.9e-02,global-SY%GYE,CASSYRGYEQYF,TRBV6-5,TRBJ2-7,NA,Donor1:healthy,1.000000,-,-,-,-,-,-,-,-,-,-,-

1144,SL%GET,1.5e-01,1,2,1.7e-06,1.0e+00,5.8e-02,1.0e+00,1.0e-03,2.9e-02,global-SL%GET,CASSLQGETQYF,TRBV27,TRBJ2-5,NA,Donor1:healthy,1.000000,-,-,-,-,-,-,-,-,-,-,-
1144,SL%GET,1.5e-01,1,2,1.7e-06,1.0e+00,5.8e-02,1.0e+00,1.0e-03,2.9e-02,global-SL%GET,CASSLEGETQYF,TRBV5-5,TRBJ2-5,NA,Donor1:healthy,1.000000,-,-,-,-,-,-,-,-,-,-,-

1145,SQG%YG,1.5e-01,1,2,1.8e-06,1.0e+00,6.3e-02,1.0e+00,1.0e-03,2.9e-02,global-SQG%YG,CSASQGLYGYTF,TRBV20-1,TRBJ1-2,NA,Donor1:healthy,1.000000,-,-,-,-,-,-,-,-,-,-,-
1145,SQG%YG,1.5e-01,1,2,1.8e-06,1.0e+00,6.3e-02,1.0e+00,1.0e-03,2.9e-02,global-SQG%YG,CASSQGFYGYTF,TRBV19,TRBJ1-2,NA,Donor1:healthy,1.000000,-,-,-,-,-,-,-,-,-,-,-

1146,%GGGTDT,1.5e-01,1,2,1.8e-06,1.0e+00,6.1e-02,1.0e+00,1.0e-03,2.9e-02,global-%GGGTDT,CATQGGGTDTQYF,TRBV2,TRBJ2-3,NA,Donor1:healthy,1.000000,-,-,-,-,-,-,-,-,-,-,-
1146,%GGGTDT,1.5e-01,1,2,1.8e-06,1.0e+00,6.1e-02,1.0e+00,1.0e-03,2.9e-02,global-%GGGTDT,CASRGGGTDTQYF,TRBV7-8,TRBJ2-3,NA,Donor1:healthy,1.000000,-,-,-,-,-,-,-,-,-,-,-

1147,%QGGNQP,1.5e-01,1,2,2.0e-06,1.0e+00,6.9e-02,1.0e+00,1.0e-03,2.9e-02,global-%QGGNQP,CASTQGGNQPQHF,TRBV6-3,TRBJ1-5,NA,Donor1:healthy,1.000000,-,-,-,-,-,-,-,-,-,-,-
1147,%QGGNQP,1.5e-01,1,2,2.0e-06,1.0e+00,6.9e-02,1.0e+00,1.0e-03,2.9e-02,global-%QGGNQP,CSASQGGNQPQHF,TRBV20-1,TRBJ1-5,NA,Donor1:healthy,1.000000,-,-,-,-,-,-,-,-,-,-,-

1148,S%GTDYG,1.5e-01,1,2,5.3e-06,1.0e+00,1.8e-01,1.0e+00,1.0e-03,2.9e-02,global-S%GTDYG,CASSSGTDYGYTF,TRBV5-1,TRBJ1-2,NA,Donor1:healthy,1.000000,-,-,-,-,-,-,-,-,-,-,-
1148,S%GTDYG,1.5e-01,1,2,5.3e-06,1.0e+00,1.8e-01,1.0e+00,1.0e-03,2.9e-02,global-S%GTDYG,CASSSGTDYGYTF,TRBV7-9,TRBJ1-2,NA,Donor1:healthy,1.000000,-,-,-,-,-,-,-,-,-,-,-
1148,S%GTDYG,1.5e-01,1,2,5.3e-06,1.0e+00,1.8e-01,1.0e+00,1.0e-03,2.9e-02,global-S%GTDYG,CASSQGTDYGYTF,TRBV3-1,TRBJ1-2,NA,Donor1:healthy,1.000000,-,-,-,-,-,-,-,-,-,-,-

1149,S%GGADT,1.5e-01,1,2,1.7e-06,1.0e+00,5.7e-02,1.0e+00,1.0e-03,2.9e-02,global-S%GGADT,CASSTGGADTQYF,TRBV13,TRBJ2-3,NA,Donor1:healthy,1.000000,-,-,-,-,-,-,-,-,-,-,-
1149,S%GGADT,1.5e-01,1,2,1.7e-06,1.0e+00,5.7e-02,1.0e+00,1.0e-03,2.9e-02,global-S%GGADT,CASSVGGADTQYF,TRBV9,TRBJ2-3,NA,Donor1:healthy,1.000000,-,-,-,-,-,-,-,-,-,-,-

1150,S%QGGYE,1.5e-01,1,2,2.0e-06,1.0e+00,7.0e-02,1.0e+00,1.0e-03,2.9e-02,global-S%QGGYE,CASSFQGGYEQYF,TRBV27,TRBJ2-7,NA,Donor1:healthy,1.000000,-,-,-,-,-,-,-,-,-,-,-
1150,S%QGGYE,1.5e-01,1,2,2.0e-06,1.0e+00,7.0e-02,1.0e+00,1.0e-03,2.9e-02,global-S%QGGYE,CASSLQGGYEQYF,TRBV5-4,TRBJ2-7,NA,Donor1:healthy,1.000000,-,-,-,-,-,-,-,-,-,-,-

1151,S%GFSYE,1.5e-01,1,2,2.0e-06,1.0e+00,7.0e-02,1.0e+00,1.0e-03,2.9e-02,global-S%GFSYE,CSASGGFSYEQYF,TRBV20-1,TRBJ2-7,NA,Donor1:healthy,1.000000,-,-,-,-,-,-,-,-,-,-,-
1151,S%GFSYE,1.5e-01,1,2,2.0e-06,1.0e+00,7.0e-02,1.0e+00,1.0e-03,2.9e-02,global-S%GFSYE,CATSSGFSYEQYF,TRBV15,TRBJ2-7,NA,Donor1:healthy,1.000000,-,-,-,-,-,-,-,-,-,-,-

1152,S%SRNTE,1.5e-01,1,2,1.9e-06,1.0e+00,6.5e-02,1.0e+00,1.0e-03,2.9e-02,global-S%SRNTE,CASSFSRNTEAFF,TRBV12-4,TRBJ1-1,NA,Donor1:healthy,1.000000,-,-,-,-,-,-,-,-,-,-,-
1152,S%SRNTE,1.5e-01,1,2,1.9e-06,1.0e+00,6.5e-02,1.0e+00,1.0e-03,2.9e-02,global-S%SRNTE,CASSLSRNTEAFF,TRBV7-8,TRBJ1-1,NA,Donor1:healthy,1.000000,-,-,-,-,-,-,-,-,-,-,-

1153,S%GTNYG,1.5e-01,1,2,2.9e-08,1.0e+00,1.0e-03,1.0e+00,1.0e-03,2.9e-02,global-S%GTNYG,CASSGGTNYGYTF,TRBV12-4,TRBJ1-2,NA,Donor1:healthy,1.000000,-,-,-,-,-,-,-,-,-,-,-
1153,S%GTNYG,1.5e-01,1,2,2.9e-08,1.0e+00,1.0e-03,1.0e+00,1.0e-03,2.9e-02,global-S%GTNYG,CASSSGTNYGYTF,TRBV12-4,TRBJ1-2,NA,Donor1:healthy,1.000000,-,-,-,-,-,-,-,-,-,-,-

1154,R%GGGTE,1.5e-01,1,2,2.0e-06,1.0e+00,7.0e-02,1.0e+00,1.0e-03,2.9e-02,global-R%GGGTE,CASRRGGGTEAFF,TRBV12-4,TRBJ1-1,NA,Donor1:healthy,1.000000,-,-,-,-,-,-,-,-,-,-,-
1154,R%GGGTE,1.5e-01,1,2,2.0e-06,1.0e+00,7.0e-02,1.0e+00,1.0e-03,2.9e-02,global-R%GGGTE,CASREGGGTEAFF,TRBV5-4,TRBJ1-1,NA,Donor1:healthy,1.000000,-,-,-,-,-,-,-,-,-,-,-

1155,S%QGGYE,1.5e-01,1,2,1.7e-06,1.0e+00,5.9e-02,1.0e+00,1.0e-03,2.9e-02,global-S%QGGYE,CASSRQGGYEQYF,TRBV28,TRBJ2-7,NA,Donor1:healthy,1.000000,-,-,-,-,-,-,-,-,-,-,-
1155,S%QGGYE,1.5e-01,1,2,1.7e-06,1.0e+00,5.9e-02,1.0e+00,1.0e-03,2.9e-02,global-S%QGGYE,CASSQQGGYEQYF,TRBV4-2,TRBJ2-7,NA,Donor1:healthy,1.000000,-,-,-,-,-,-,-,-,-,-,-

1156,SP%GTGE,1.5e-01,1,2,2.0e-06,1.0e+00,7.0e-02,1.0e+00,1.0e-03,2.9e-02,global-SP%GTGE,CASSPSGTGELFF,TRBV19,TRBJ2-2,NA,Donor1:healthy,1.000000,-,-,-,-,-,-,-,-,-,-,-
1156,SP%GTGE,1.5e-01,1,2,2.0e-06,1.0e+00,7.0e-02,1.0e+00,1.0e-03,2.9e-02,global-SP%GTGE,CASSPGGTGELFF,TRBV5-5,TRBJ2-2,NA,Donor1:healthy,1.000000,-,-,-,-,-,-,-,-,-,-,-

1157,SL%PNTE,1.5e-01,1,2,1.9e-06,1.0e+00,6.4e-02,1.0e+00,1.0e-03,2.9e-02,global-SL%PNTE,CASSLTPNTEAFF,TRBV5-1,TRBJ1-1,NA,Donor1:healthy,1.000000,-,-,-,-,-,-,-,-,-,-,-
1157,SL%PNTE,1.5e-01,1,2,1.9e-06,1.0e+00,6.4e-02,1.0e+00,1.0e-03,2.9e-02,global-SL%PNTE,CASSLNPNTEAFF,TRBV5-4,TRBJ1-1,NA,Donor1:healthy,1.000000,-,-,-,-,-,-,-,-,-,-,-

1158,SR%GGYE,1.5e-01,1,2,1.5e-06,1.0e+00,5.3e-02,1.0e+00,1.0e-03,2.9e-02,global-SR%GGYE,CSASRDGGYEQYF,TRBV20-1,TRBJ2-7,NA,Donor1:healthy,1.000000,-,-,-,-,-,-,-,-,-,-,-
1158,SR%GGYE,1.5e-01,1,2,1.5e-06,1.0e+00,5.3e-02,1.0e+00,1.0e-03,2.9e-02,global-SR%GGYE,CASSRQGGYEQYF,TRBV28,TRBJ2-7,NA,Donor1:healthy,1.000000,-,-,-,-,-,-,-,-,-,-,-

1159,SL%GNYG,1.5e-01,1,2,2.9e-08,1.0e+00,1.0e-03,1.0e+00,1.0e-03,2.9e-02,global-SL%GNYG,CASSLQGNYGYTF,TRBV27,TRBJ1-2,NA,Donor1:healthy,1.000000,-,-,-,-,-,-,-,-,-,-,-
1159,SL%GNYG,1.5e-01,1,2,2.9e-08,1.0e+00,1.0e-03,1.0e+00,1.0e-03,2.9e-02,global-SL%GNYG,CASSLRGNYGYTF,TRBV27,TRBJ1-2,NA,Donor1:healthy,1.000000,-,-,-,-,-,-,-,-,-,-,-

1160,SVGG%TE,1.5e-01,1,3,1.1e-10,1.0e+00,1.0e-03,1.7e-02,1.0e-03,6.2e-03,global-SVGG%TE,CASSVGGATEAFF,TRBV9,TRBJ1-1,NA,Donor1:healthy,1.000000,-,-,-,-,-,-,-,-,-,-,-
1160,SVGG%TE,1.5e-01,1,3,1.1e-10,1.0e+00,1.0e-03,1.7e-02,1.0e-03,6.2e-03,global-SVGG%TE,CASSVGGGTEAFF,TRBV9,TRBJ1-1,NA,Donor1:healthy,10.000000,-,-,-,-,-,-,-,-,-,-,-
1160,SVGG%TE,1.5e-01,1,3,1.1e-10,1.0e+00,1.0e-03,1.7e-02,1.0e-03,6.2e-03,global-SVGG%TE,CASSVGGGTEQFF,TRBV9,TRBJ2-1,NA,Donor1:healthy,1.000000,-,-,-,-,-,-,-,-,-,-,-

1161,SLGGN%E,1.5e-01,1,2,4.7e-08,1.0e+00,5.6e-02,2.9e-02,1.0e-03,2.9e-02,global-SLGGN%E,CASSLGGNTEAFF,TRBV12-3,TRBJ1-1,NA,Donor1:healthy,1.000000,-,-,-,-,-,-,-,-,-,-,-
1161,SLGGN%E,1.5e-01,1,2,4.7e-08,1.0e+00,5.6e-02,2.9e-02,1.0e-03,2.9e-02,global-SLGGN%E,CASSLGGNNEQFF,TRBV7-8,TRBJ2-1,NA,Donor1:healthy,5.000000,-,-,-,-,-,-,-,-,-,-,-

1162,S%GGGNTE,1.5e-01,1,2,4.9e-06,1.0e+00,1.7e-01,1.0e+00,1.0e-03,2.9e-02,global-S%GGGNTE,CASSVGGGNTEAFF,TRBV9,TRBJ1-1,NA,Donor1:healthy,1.000000,-,-,-,-,-,-,-,-,-,-,-
1162,S%GGGNTE,1.5e-01,1,2,4.9e-06,1.0e+00,1.7e-01,1.0e+00,1.0e-03,2.9e-02,global-S%GGGNTE,CASSLGGGNTEAFF,TRBV27,TRBJ1-1,NA,Donor1:healthy,1.000000,-,-,-,-,-,-,-,-,-,-,-
1162,S%GGGNTE,1.5e-01,1,2,4.9e-06,1.0e+00,1.7e-01,1.0e+00,1.0e-03,2.9e-02,global-S%GGGNTE,CASSLGGGNTEAFF,TRBV7-6,TRBJ1-1,NA,Donor1:healthy,1.000000,-,-,-,-,-,-,-,-,-,-,-

1163,S%GGGGTE,1.5e-01,1,2,2.9e-08,1.0e+00,1.0e-03,1.0e+00,1.0e-03,2.9e-02,global-S%GGGGTE,CASSEGGGGTEAFF,TRBV9,TRBJ1-1,NA,Donor1:healthy,1.000000,-,-,-,-,-,-,-,-,-,-,-
1163,S%GGGGTE,1.5e-01,1,2,2.9e-08,1.0e+00,1.0e-03,1.0e+00,1.0e-03,2.9e-02,global-S%GGGGTE,CASSDGGGGTEAFF,TRBV9,TRBJ1-1,NA,Donor1:healthy,1.000000,-,-,-,-,-,-,-,-,-,-,-

1164,SLG%GTYE,1.5e-01,1,2,2.9e-08,1.0e+00,1.0e-03,1.0e+00,1.0e-03,2.9e-02,global-SLG%GTYE,CASSLGSGTYEQYF,TRBV12-4,TRBJ2-7,NA,Donor1:healthy,1.000000,-,-,-,-,-,-,-,-,-,-,-
1164,SLG%GTYE,1.5e-01,1,2,2.9e-08,1.0e+00,1.0e-03,1.0e+00,1.0e-03,2.9e-02,global-SLG%GTYE,CASSLGQGTYEQYF,TRBV12-4,TRBJ2-7,NA,Donor1:healthy,1.000000,-,-,-,-,-,-,-,-,-,-,-

1165,SLGG%GYE,1.5e-01,1,2,1.7e-06,1.0e+00,6.0e-02,1.0e+00,1.0e-03,2.9e-02,global-SLGG%GYE,CASSLGGGGYEQYF,TRBV12-4,TRBJ2-7,NA,Donor1:healthy,1.000000,-,-,-,-,-,-,-,-,-,-,-
1165,SLGG%GYE,1.5e-01,1,2,1.7e-06,1.0e+00,6.0e-02,1.0e+00,1.0e-03,2.9e-02,global-SLGG%GYE,CASSLGGSGYEQYF,TRBV7-6,TRBJ2-7,NA,Donor1:healthy,1.000000,-,-,-,-,-,-,-,-,-,-,-

1166,SPSGG%YE,1.5e-01,1,2,1.4e-06,1.0e+00,4.9e-02,1.0e+00,1.0e-03,2.9e-02,global-SPSGG%YE,CASSPSGGSYEQYF,TRBV5-6,TRBJ2-7,NA,Donor1:healthy,1.000000,-,-,-,-,-,-,-,-,-,-,-
1166,SPSGG%YE,1.5e-01,1,2,1.4e-06,1.0e+00,4.9e-02,1.0e+00,1.0e-03,2.9e-02,global-SPSGG%YE,CASSPSGGAYEQYF,TRBV7-2,TRBJ2-7,NA,Donor1:healthy,1.000000,-,-,-,-,-,-,-,-,-,-,-

1167,SLTSG%YE,1.5e-01,1,2,1.9e-06,1.0e+00,6.5e-02,1.0e+00,1.0e-03,2.9e-02,global-SLTSG%YE,CASSLTSGTYEQYF,TRBV7-3,TRBJ2-7,NA,Donor1:healthy,1.000000,-,-,-,-,-,-,-,-,-,-,-
1167,SLTSG%YE,1.5e-01,1,2,1.9e-06,1.0e+00,6.5e-02,1.0e+00,1.0e-03,2.9e-02,global-SLTSG%YE,CASSLTSGSYEQYF,TRBV13,TRBJ2-7,NA,Donor1:healthy,1.000000,-,-,-,-,-,-,-,-,-,-,-

1168,S%GLAGDNE,1.5e-01,1,2,2.0e-07,1.0e+00,6.4e-02,1.0e-01,1.0e-03,2.9e-02,global-S%GLAGDNE,CASSVGLAGDNEQFF,TRBV19,TRBJ2-1,NA,Donor1:healthy,2.000000,-,-,-,-,-,-,-,-,-,-,-
1168,S%GLAGDNE,1.5e-01,1,2,2.0e-07,1.0e+00,6.4e-02,1.0e-01,1.0e-03,2.9e-02,global-S%GLAGDNE,CASSLGLAGDNEQFF,TRBV27,TRBJ2-1,NA,Donor1:healthy,1.000000,-,-,-,-,-,-,-,-,-,-,-

1169,SPGTG%YNE,1.5e-01,1,2,2.1e-06,1.0e+00,7.3e-02,1.0e+00,1.0e-03,2.9e-02,global-SPGTG%YNE,CASSPGTGHYNEQFF,TRBV5-8,TRBJ2-1,NA,Donor1:healthy,1.000000,-,-,-,-,-,-,-,-,-,-,-
1169,SPGTG%YNE,1.5e-01,1,2,2.1e-06,1.0e+00,7.3e-02,1.0e+00,1.0e-03,2.9e-02,global-SPGTG%YNE,CASSPGTGYYNEQFF,TRBV7-9,TRBJ2-1,NA,Donor1:healthy,1.000000,-,-,-,-,-,-,-,-,-,-,-

1170,SQGTSG%YE,1.5e-01,1,2,1.6e-07,1.0e+00,6.3e-02,8.7e-02,1.0e-03,2.9e-02,global-SQGTSG%YE,CASSQGTSGSYEQYF,TRBV4-3,TRBJ2-7,NA,Donor1:healthy,2.000000,-,-,-,-,-,-,-,-,-,-,-
1170,SQGTSG%YE,1.5e-01,1,2,1.6e-07,1.0e+00,6.3e-02,8.7e-02,1.0e-03,2.9e-02,global-SQGTSG%YE,CASSQGTSGGYEQYF,TRBV7-8,TRBJ2-7,NA,Donor1:healthy,1.000000,-,-,-,-,-,-,-,-,-,-,-

1171,G%TYE,1.6e-01,1,2,2.2e-06,1.0e+00,7.4e-02,1.0e+00,1.0e-03,2.9e-02,global-G%TYE,CAWGDTYEQYF,TRBV30,TRBJ2-7,NA,Donor1:healthy,1.000000,-,-,-,-,-,-,-,-,-,-,-
1171,G%TYE,1.6e-01,1,2,2.2e-06,1.0e+00,7.4e-02,1.0e+00,1.0e-03,2.9e-02,global-G%TYE,CATGQTYEQYF,TRBV2,TRBJ2-7,NA,Donor1:healthy,1.000000,-,-,-,-,-,-,-,-,-,-,-

1172,S%YTGE,1.6e-01,1,2,5.3e-06,1.0e+00,1.8e-01,1.0e+00,1.0e-03,2.9e-02,global-S%YTGE,CASSFYTGELFF,TRBV27,TRBJ2-2,NA,Donor1:healthy,1.000000,-,-,-,-,-,-,-,-,-,-,-
1172,S%YTGE,1.6e-01,1,2,5.3e-06,1.0e+00,1.8e-01,1.0e+00,1.0e-03,2.9e-02,global-S%YTGE,CASSYYTGELFF,TRBV28,TRBJ2-2,NA,Donor1:healthy,1.000000,-,-,-,-,-,-,-,-,-,-,-
1172,S%YTGE,1.6e-01,1,2,5.3e-06,1.0e+00,1.8e-01,1.0e+00,1.0e-03,2.9e-02,global-S%YTGE,CASSYYTGELFF,TRBV5-6,TRBJ2-2,NA,Donor1:healthy,1.000000,-,-,-,-,-,-,-,-,-,-,-

1173,S%GSDT,1.6e-01,1,2,1.9e-06,1.0e+00,6.6e-02,1.0e+00,1.0e-03,2.9e-02,global-S%GSDT,CASSVGSDTQYF,TRBV9,TRBJ2-3,NA,Donor1:healthy,1.000000,-,-,-,-,-,-,-,-,-,-,-
1173,S%GSDT,1.6e-01,1,2,1.9e-06,1.0e+00,6.6e-02,1.0e+00,1.0e-03,2.9e-02,global-S%GSDT,CASSLGSDTQYF,TRBV3-1,TRBJ2-3,NA,Donor1:healthy,1.000000,-,-,-,-,-,-,-,-,-,-,-

1174,S%AGDE,1.6e-01,1,2,1.8e-06,1.0e+00,6.1e-02,1.0e+00,1.0e-03,2.9e-02,global-S%AGDE,CASSHAGDEQYF,TRBV7-9,TRBJ2-7,NA,Donor1:healthy,1.000000,-,-,-,-,-,-,-,-,-,-,-
1174,S%AGDE,1.6e-01,1,2,1.8e-06,1.0e+00,6.1e-02,1.0e+00,1.0e-03,2.9e-02,global-S%AGDE,CASSQAGDEQYF,TRBV4-1,TRBJ2-7,NA,Donor1:healthy,1.000000,-,-,-,-,-,-,-,-,-,-,-

1175,GT%SYE,1.6e-01,1,2,2.0e-06,1.0e+00,7.0e-02,1.0e+00,1.0e-03,2.9e-02,global-GT%SYE,CASGTSSYEQYF,TRBV10-2,TRBJ2-7,NA,Donor1:healthy,1.000000,-,-,-,-,-,-,-,-,-,-,-
1175,GT%SYE,1.6e-01,1,2,2.0e-06,1.0e+00,7.0e-02,1.0e+00,1.0e-03,2.9e-02,global-GT%SYE,CSAGTDSYEQYF,TRBV20-1,TRBJ2-7,NA,Donor1:healthy,1.000000,-,-,-,-,-,-,-,-,-,-,-

1176,SS%SYE,1.6e-01,1,3,1.4e-07,1.0e+00,2.3e-02,1.0e+00,1.0e-03,6.2e-03,global-SS%SYE,CASSSGSYEQYF,TRBV28,TRBJ2-7,NA,Donor1:healthy,1.000000,-,-,-,-,-,-,-,-,-,-,-
1176,SS%SYE,1.6e-01,1,3,1.4e-07,1.0e+00,2.3e-02,1.0e+00,1.0e-03,6.2e-03,global-SS%SYE,CASSSGSYEQYF,TRBV9,TRBJ2-7,NA,Donor1:healthy,1.000000,-,-,-,-,-,-,-,-,-,-,-
1176,SS%SYE,1.6e-01,1,3,1.4e-07,1.0e+00,2.3e-02,1.0e+00,1.0e-03,6.2e-03,global-SS%SYE,CASSSSSYEQYF,TRBV28,TRBJ2-7,NA,Donor1:healthy,1.000000,-,-,-,-,-,-,-,-,-,-,-
1176,SS%SYE,1.6e-01,1,3,1.4e-07,1.0e+00,2.3e-02,1.0e+00,1.0e-03,6.2e-03,global-SS%SYE,CASSSDSYEQYF,TRBV13,TRBJ2-7,NA,Donor1:healthy,1.000000,-,-,-,-,-,-,-,-,-,-,-

1177,SL%DNE,1.6e-01,1,2,2.2e-06,1.0e+00,7.5e-02,1.0e+00,1.0e-03,2.9e-02,global-SL%DNE,CASSLRDNEQFF,TRBV7-3,TRBJ2-1,NA,Donor1:healthy,1.000000,-,-,-,-,-,-,-,-,-,-,-
1177,SL%DNE,1.6e-01,1,2,2.2e-06,1.0e+00,7.5e-02,1.0e+00,1.0e-03,2.9e-02,global-SL%DNE,CASSLQDNEQFF,TRBV27,TRBJ2-1,NA,Donor1:healthy,1.000000,-,-,-,-,-,-,-,-,-,-,-

1178,SY%GNE,1.6e-01,1,2,2.3e-06,1.0e+00,7.8e-02,1.0e+00,1.0e-03,2.9e-02,global-SY%GNE,CASSYRGNEQFF,TRBV6-3,TRBJ2-1,NA,Donor1:healthy,1.000000,-,-,-,-,-,-,-,-,-,-,-
1178,SY%GNE,1.6e-01,1,2,2.3e-06,1.0e+00,7.8e-02,1.0e+00,1.0e-03,2.9e-02,global-SY%GNE,CASSYEGNEQFF,TRBV6-5,TRBJ2-1,NA,Donor1:healthy,1.000000,-,-,-,-,-,-,-,-,-,-,-

1179,SS%NQP,1.6e-01,1,2,2.0e-06,1.0e+00,6.7e-02,1.0e+00,1.0e-03,2.9e-02,global-SS%NQP,CASSSNNQPQHF,TRBV7-9,TRBJ1-5,NA,Donor1:healthy,1.000000,-,-,-,-,-,-,-,-,-,-,-
1179,SS%NQP,1.6e-01,1,2,2.0e-06,1.0e+00,6.7e-02,1.0e+00,1.0e-03,2.9e-02,global-SS%NQP,CASSSTNQPQHF,TRBV27,TRBJ1-5,NA,Donor1:healthy,1.000000,-,-,-,-,-,-,-,-,-,-,-

1180,SPD%YE,1.6e-01,1,2,1.9e-06,1.0e+00,6.6e-02,1.0e+00,1.0e-03,2.9e-02,global-SPD%YE,CASSPDLYEQYF,TRBV4-2,TRBJ2-7,NA,Donor1:healthy,1.000000,-,-,-,-,-,-,-,-,-,-,-
1180,SPD%YE,1.6e-01,1,2,1.9e-06,1.0e+00,6.6e-02,1.0e+00,1.0e-03,2.9e-02,global-SPD%YE,CASSPDMYEQYF,TRBV7-2,TRBJ2-7,NA,Donor1:healthy,1.000000,-,-,-,-,-,-,-,-,-,-,-

1181,SSS%YE,1.6e-01,1,2,2.4e-06,1.0e+00,8.4e-02,1.0e+00,1.0e-03,2.9e-02,global-SSS%YE,CASSSSSYEQYF,TRBV28,TRBJ2-7,NA,Donor1:healthy,1.000000,-,-,-,-,-,-,-,-,-,-,-
1181,SSS%YE,1.6e-01,1,2,2.4e-06,1.0e+00,8.4e-02,1.0e+00,1.0e-03,2.9e-02,global-SSS%YE,CASSSSTYEQYF,TRBV27,TRBJ2-7,NA,Donor1:healthy,1.000000,-,-,-,-,-,-,-,-,-,-,-

1182,SPD%YE,1.6e-01,1,2,1.7e-06,1.0e+00,5.7e-02,1.0e+00,1.0e-03,2.9e-02,global-SPD%YE,CASSPDTYEQYF,TRBV12-4,TRBJ2-7,NA,Donor1:healthy,1.000000,-,-,-,-,-,-,-,-,-,-,-
1182,SPD%YE,1.6e-01,1,2,1.7e-06,1.0e+00,5.7e-02,1.0e+00,1.0e-03,2.9e-02,global-SPD%YE,CASSPDSYEQYF,TRBV18,TRBJ2-7,NA,Donor1:healthy,1.000000,-,-,-,-,-,-,-,-,-,-,-

1183,SLR%NE,1.6e-01,1,2,2.0e-06,1.0e+00,6.8e-02,1.0e+00,1.0e-03,2.9e-02,global-SLR%NE,CASSLRSNEQFF,TRBV7-8,TRBJ2-1,NA,Donor1:healthy,1.000000,-,-,-,-,-,-,-,-,-,-,-
1183,SLR%NE,1.6e-01,1,2,2.0e-06,1.0e+00,6.8e-02,1.0e+00,1.0e-03,2.9e-02,global-SLR%NE,CASSLRDNEQFF,TRBV7-3,TRBJ2-1,NA,Donor1:healthy,1.000000,-,-,-,-,-,-,-,-,-,-,-

1184,SVG%GE,1.6e-01,1,2,2.9e-08,1.0e+00,1.0e-03,1.0e+00,1.0e-03,2.9e-02,global-SVG%GE,CASSVGTGELFF,TRBV9,TRBJ2-2,NA,Donor1:healthy,1.000000,-,-,-,-,-,-,-,-,-,-,-
1184,SVG%GE,1.6e-01,1,2,2.9e-08,1.0e+00,1.0e-03,1.0e+00,1.0e-03,2.9e-02,global-SVG%GE,CASSVGVGEQFF,TRBV9,TRBJ2-1,NA,Donor1:healthy,1.000000,-,-,-,-,-,-,-,-,-,-,-

1185,SSG%YG,1.6e-01,1,2,1.9e-06,1.0e+00,6.6e-02,1.0e+00,1.0e-03,2.9e-02,global-SSG%YG,CASSSGLYGYTF,TRBV27,TRBJ1-2,NA,Donor1:healthy,1.000000,-,-,-,-,-,-,-,-,-,-,-
1185,SSG%YG,1.6e-01,1,2,1.9e-06,1.0e+00,6.6e-02,1.0e+00,1.0e-03,2.9e-02,global-SSG%YG,CASSSGFYGYTF,TRBV6-3,TRBJ1-2,NA,Donor1:healthy,1.000000,-,-,-,-,-,-,-,-,-,-,-

1186,RGGG%E,1.6e-01,1,2,1.8e-06,1.0e+00,6.1e-02,1.0e+00,1.0e-03,2.9e-02,global-RGGG%E,CANRGGGGELFF,TRBV12-4,TRBJ2-2,NA,Donor1:healthy,1.000000,-,-,-,-,-,-,-,-,-,-,-
1186,RGGG%E,1.6e-01,1,2,1.8e-06,1.0e+00,6.1e-02,1.0e+00,1.0e-03,2.9e-02,global-RGGG%E,CSARGGGNEQFF,TRBV20-1,TRBJ2-1,NA,Donor1:healthy,1.000000,-,-,-,-,-,-,-,-,-,-,-

1187,%GGSTDT,1.6e-01,1,2,5.3e-06,1.0e+00,1.8e-01,1.0e+00,1.0e-03,2.9e-02,global-%GGSTDT,CASSGGSTDTQYF,TRBV12-4,TRBJ2-3,NA,Donor1:healthy,1.000000,-,-,-,-,-,-,-,-,-,-,-
1187,%GGSTDT,1.6e-01,1,2,5.3e-06,1.0e+00,1.8e-01,1.0e+00,1.0e-03,2.9e-02,global-%GGSTDT,CASSGGSTDTQYF,TRBV4-1,TRBJ2-3,NA,Donor1:healthy,1.000000,-,-,-,-,-,-,-,-,-,-,-
1187,%GGSTDT,1.6e-01,1,2,5.3e-06,1.0e+00,1.8e-01,1.0e+00,1.0e-03,2.9e-02,global-%GGSTDT,CATGGGSTDTQYF,TRBV9,TRBJ2-3,NA,Donor1:healthy,1.000000,-,-,-,-,-,-,-,-,-,-,-

1188,S%QGGTE,1.6e-01,1,2,2.0e-06,1.0e+00,6.9e-02,1.0e+00,1.0e-03,2.9e-02,global-S%QGGTE,CASSLQGGTEAFF,TRBV12-3,TRBJ1-1,NA,Donor1:healthy,1.000000,-,-,-,-,-,-,-,-,-,-,-
1188,S%QGGTE,1.6e-01,1,2,2.0e-06,1.0e+00,6.9e-02,1.0e+00,1.0e-03,2.9e-02,global-S%QGGTE,CASSFQGGTEAFF,TRBV7-3,TRBJ1-1,NA,Donor1:healthy,1.000000,-,-,-,-,-,-,-,-,-,-,-

1189,SL%MNTE,1.6e-01,1,2,1.8e-06,1.0e+00,6.1e-02,1.0e+00,1.0e-03,2.9e-02,global-SL%MNTE,CASSLSMNTEAFF,TRBV12-4,TRBJ1-1,NA,Donor1:healthy,1.000000,-,-,-,-,-,-,-,-,-,-,-
1189,SL%MNTE,1.6e-01,1,2,1.8e-06,1.0e+00,6.1e-02,1.0e+00,1.0e-03,2.9e-02,global-SL%MNTE,CASSLGMNTEAFF,TRBV6-3,TRBJ1-1,NA,Donor1:healthy,1.000000,-,-,-,-,-,-,-,-,-,-,-

1190,SL%ENTE,1.6e-01,1,2,2.5e-06,1.0e+00,8.6e-02,1.0e+00,1.0e-03,2.9e-02,global-SL%ENTE,CASSLRENTEAFF,TRBV7-7,TRBJ1-1,NA,Donor1:healthy,1.000000,-,-,-,-,-,-,-,-,-,-,-
1190,SL%ENTE,1.6e-01,1,2,2.5e-06,1.0e+00,8.6e-02,1.0e+00,1.0e-03,2.9e-02,global-SL%ENTE,CASSLEENTEAFF,TRBV13,TRBJ1-1,NA,Donor1:healthy,1.000000,-,-,-,-,-,-,-,-,-,-,-

1191,SL%GDTE,1.6e-01,1,2,1.8e-06,1.0e+00,6.1e-02,1.0e+00,1.0e-03,2.9e-02,global-SL%GDTE,CASSLAGDTEAFF,TRBV5-8,TRBJ1-1,NA,Donor1:healthy,1.000000,-,-,-,-,-,-,-,-,-,-,-
1191,SL%GDTE,1.6e-01,1,2,1.8e-06,1.0e+00,6.1e-02,1.0e+00,1.0e-03,2.9e-02,global-SL%GDTE,CASSLGGDTEAFF,TRBV28,TRBJ1-1,NA,Donor1:healthy,1.000000,-,-,-,-,-,-,-,-,-,-,-

1192,SF%GSYE,1.6e-01,1,2,1.8e-06,1.0e+00,6.2e-02,1.0e+00,1.0e-03,2.9e-02,global-SF%GSYE,CASSFRGSYEQYF,TRBV28,TRBJ2-7,NA,Donor1:healthy,1.000000,-,-,-,-,-,-,-,-,-,-,-
1192,SF%GSYE,1.6e-01,1,2,1.8e-06,1.0e+00,6.2e-02,1.0e+00,1.0e-03,2.9e-02,global-SF%GSYE,CASSFQGSYEQYF,TRBV27,TRBJ2-7,NA,Donor1:healthy,1.000000,-,-,-,-,-,-,-,-,-,-,-

1193,SPD%SYE,1.6e-01,1,2,1.9e-06,1.0e+00,6.6e-02,1.0e+00,1.0e-03,2.9e-02,global-SPD%SYE,CASSPDSSYEQYF,TRBV16,TRBJ2-7,NA,Donor1:healthy,1.000000,-,-,-,-,-,-,-,-,-,-,-
1193,SPD%SYE,1.6e-01,1,2,1.9e-06,1.0e+00,6.6e-02,1.0e+00,1.0e-03,2.9e-02,global-SPD%SYE,CASSPDESYEQYF,TRBV6-5,TRBJ2-7,NA,Donor1:healthy,1.000000,-,-,-,-,-,-,-,-,-,-,-

1194,SQG%NTE,1.6e-01,1,2,1.3e-09,1.0e+00,1.0e-03,4.6e-02,1.0e-03,2.9e-02,global-SQG%NTE,CASSQGQNTEAFF,TRBV4-1,TRBJ1-1,NA,Donor1:healthy,2.000000,-,-,-,-,-,-,-,-,-,-,-
1194,SQG%NTE,1.6e-01,1,2,1.3e-09,1.0e+00,1.0e-03,4.6e-02,1.0e-03,2.9e-02,global-SQG%NTE,CASSQGMNTEAFF,TRBV4-1,TRBJ1-1,NA,Donor1:healthy,2.000000,-,-,-,-,-,-,-,-,-,-,-

1195,SLGR%YG,1.6e-01,1,2,1.6e-06,1.0e+00,5.4e-02,1.0e+00,1.0e-03,2.9e-02,global-SLGR%YG,CASSLGRSYGYTF,TRBV12-4,TRBJ1-2,NA,Donor1:healthy,1.000000,-,-,-,-,-,-,-,-,-,-,-
1195,SLGR%YG,1.6e-01,1,2,1.6e-06,1.0e+00,5.4e-02,1.0e+00,1.0e-03,2.9e-02,global-SLGR%YG,CASSLGRAYGYTF,TRBV4-1,TRBJ1-2,NA,Donor1:healthy,1.000000,-,-,-,-,-,-,-,-,-,-,-

1196,S%DRGTYE,1.6e-01,1,2,2.0e-06,1.0e+00,6.7e-02,1.0e+00,1.0e-03,2.9e-02,global-S%DRGTYE,CASSVDRGTYEQYF,TRBV18,TRBJ2-7,NA,Donor1:healthy,1.000000,-,-,-,-,-,-,-,-,-,-,-
1196,S%DRGTYE,1.6e-01,1,2,2.0e-06,1.0e+00,6.7e-02,1.0e+00,1.0e-03,2.9e-02,global-S%DRGTYE,CASSLDRGTYEQYF,TRBV5-4,TRBJ2-7,NA,Donor1:healthy,1.000000,-,-,-,-,-,-,-,-,-,-,-

1197,SL%GASYE,1.6e-01,1,2,1.8e-06,1.0e+00,6.3e-02,1.0e+00,1.0e-03,2.9e-02,global-SL%GASYE,CASSLGGASYEQYF,TRBV5-6,TRBJ2-7,NA,Donor1:healthy,1.000000,-,-,-,-,-,-,-,-,-,-,-
1197,SL%GASYE,1.6e-01,1,2,1.8e-06,1.0e+00,6.3e-02,1.0e+00,1.0e-03,2.9e-02,global-SL%GASYE,CASSLSGASYEQYF,TRBV12-3,TRBJ2-7,NA,Donor1:healthy,1.000000,-,-,-,-,-,-,-,-,-,-,-

1198,SL%TGGYE,1.6e-01,1,2,7.2e-07,1.0e+00,1.9e-01,1.3e-01,1.0e-03,2.9e-02,global-SL%TGGYE,CASSLSTGGYEQYF,TRBV7-2,TRBJ2-7,NA,Donor1:healthy,1.000000,-,-,-,-,-,-,-,-,-,-,-
1198,SL%TGGYE,1.6e-01,1,2,7.2e-07,1.0e+00,1.9e-01,1.3e-01,1.0e-03,2.9e-02,global-SL%TGGYE,CASSLGTGGYEQYF,TRBV27,TRBJ2-7,NA,Donor1:healthy,2.000000,-,-,-,-,-,-,-,-,-,-,-
1198,SL%TGGYE,1.6e-01,1,2,7.2e-07,1.0e+00,1.9e-01,1.3e-01,1.0e-03,2.9e-02,global-SL%TGGYE,CASSLGTGGYEQYF,TRBV5-1,TRBJ2-7,NA,Donor1:healthy,1.000000,-,-,-,-,-,-,-,-,-,-,-

1199,SL%QGAYE,1.6e-01,1,2,1.9e-06,1.0e+00,6.4e-02,1.0e+00,1.0e-03,2.9e-02,global-SL%QGAYE,CASSLIQGAYEQYF,TRBV7-8,TRBJ2-7,NA,Donor1:healthy,1.000000,-,-,-,-,-,-,-,-,-,-,-
1199,SL%QGAYE,1.6e-01,1,2,1.9e-06,1.0e+00,6.4e-02,1.0e+00,1.0e-03,2.9e-02,global-SL%QGAYE,CASSLVQGAYEQYF,TRBV7-9,TRBJ2-7,NA,Donor1:healthy,1.000000,-,-,-,-,-,-,-,-,-,-,-

1200,SP%GGTDT,1.6e-01,1,2,2.2e-06,1.0e+00,7.7e-02,1.0e+00,1.0e-03,2.9e-02,global-SP%GGTDT,CASSPVGGTDTQYF,TRBV7-3,TRBJ2-3,NA,Donor1:healthy,1.000000,-,-,-,-,-,-,-,-,-,-,-
1200,SP%GGTDT,1.6e-01,1,2,2.2e-06,1.0e+00,7.7e-02,1.0e+00,1.0e-03,2.9e-02,global-SP%GGTDT,CASSPLGGTDTQYF,TRBV4-3,TRBJ2-3,NA,Donor1:healthy,1.000000,-,-,-,-,-,-,-,-,-,-,-

1201,SPRG%SYE,1.6e-01,1,2,1.6e-06,1.0e+00,5.4e-02,1.0e+00,1.0e-03,2.9e-02,global-SPRG%SYE,CASSPRGQSYEQYF,TRBV5-4,TRBJ2-7,NA,Donor1:healthy,1.000000,-,-,-,-,-,-,-,-,-,-,-
1201,SPRG%SYE,1.6e-01,1,2,1.6e-06,1.0e+00,5.4e-02,1.0e+00,1.0e-03,2.9e-02,global-SPRG%SYE,CSASPRGRSYEQYF,TRBV20-1,TRBJ2-7,NA,Donor1:healthy,1.000000,-,-,-,-,-,-,-,-,-,-,-

1202,SQGQG%TE,1.6e-01,1,2,2.4e-09,1.0e+00,1.0e-03,8.1e-02,1.0e-03,2.9e-02,global-SQGQG%TE,CASSQGQGVTEAFF,TRBV4-1,TRBJ1-1,NA,Donor1:healthy,1.000000,-,-,-,-,-,-,-,-,-,-,-
1202,SQGQG%TE,1.6e-01,1,2,2.4e-09,1.0e+00,1.0e-03,8.1e-02,1.0e-03,2.9e-02,global-SQGQG%TE,CASSQGQGATEAFF,TRBV4-1,TRBJ1-1,NA,Donor1:healthy,2.000000,-,-,-,-,-,-,-,-,-,-,-

1203,SLGQGG%E,1.6e-01,1,2,2.1e-06,1.0e+00,7.2e-02,1.0e+00,1.0e-03,2.9e-02,global-SLGQGG%E,CASSLGQGGHEQYF,TRBV27,TRBJ2-7,NA,Donor1:healthy,1.000000,-,-,-,-,-,-,-,-,-,-,-
1203,SLGQGG%E,1.6e-01,1,2,2.1e-06,1.0e+00,7.2e-02,1.0e+00,1.0e-03,2.9e-02,global-SLGQGG%E,CASSLGQGGYEQYF,TRBV3-1,TRBJ2-7,NA,Donor1:healthy,1.000000,-,-,-,-,-,-,-,-,-,-,-

1204,SLLAG%TDT,1.6e-01,1,2,2.9e-08,1.0e+00,1.0e-03,1.0e+00,1.0e-03,2.9e-02,global-SLLAG%TDT,CASSLLAGGTDTQYF,TRBV12-4,TRBJ2-3,NA,Donor1:healthy,1.000000,-,-,-,-,-,-,-,-,-,-,-
1204,SLLAG%TDT,1.6e-01,1,2,2.9e-08,1.0e+00,1.0e-03,1.0e+00,1.0e-03,2.9e-02,global-SLLAG%TDT,CASSLLAGSTDTQYF,TRBV12-4,TRBJ2-3,NA,Donor1:healthy,1.000000,-,-,-,-,-,-,-,-,-,-,-

1205,SLLAG%TDT,1.6e-01,1,2,2.3e-06,1.0e+00,7.9e-02,1.0e+00,1.0e-03,2.9e-02,global-SLLAG%TDT,CASSLLAGLTDTQYF,TRBV7-2,TRBJ2-3,NA,Donor1:healthy,1.000000,-,-,-,-,-,-,-,-,-,-,-
1205,SLLAG%TDT,1.6e-01,1,2,2.3e-06,1.0e+00,7.9e-02,1.0e+00,1.0e-03,2.9e-02,global-SLLAG%TDT,CSASLLAGITDTQYF,TRBV20-1,TRBJ2-3,NA,Donor1:healthy,1.000000,-,-,-,-,-,-,-,-,-,-,-

1206,%RGYE,1.7e-01,1,3,1.2e-06,1.0e+00,2.0e-01,1.0e+00,1.0e-03,6.2e-03,global-%RGYE,CASTRGYEQYF,TRBV7-2,TRBJ2-7,NA,Donor1:healthy,1.000000,-,-,-,-,-,-,-,-,-,-,-
1206,%RGYE,1.7e-01,1,3,1.2e-06,1.0e+00,2.0e-01,1.0e+00,1.0e-03,6.2e-03,global-%RGYE,CASSRGYEAFF,TRBV27,TRBJ1-1,NA,Donor1:healthy,1.000000,-,-,-,-,-,-,-,-,-,-,-
1206,%RGYE,1.7e-01,1,3,1.2e-06,1.0e+00,2.0e-01,1.0e+00,1.0e-03,6.2e-03,global-%RGYE,CASSRGYEQYF,TRBV14,TRBJ2-7,NA,Donor1:healthy,1.000000,-,-,-,-,-,-,-,-,-,-,-

1207,S%AGE,1.7e-01,1,3,3.7e-08,1.0e+00,6.0e-03,1.0e+00,1.0e-03,6.2e-03,global-S%AGE,CASSLAGELFF,TRBV27,TRBJ2-2,NA,Donor1:healthy,1.000000,-,-,-,-,-,-,-,-,-,-,-
1207,S%AGE,1.7e-01,1,3,3.7e-08,1.0e+00,6.0e-03,1.0e+00,1.0e-03,6.2e-03,global-S%AGE,CASSVAGELFF,TRBV9,TRBJ2-2,NA,Donor1:healthy,1.000000,-,-,-,-,-,-,-,-,-,-,-
1207,S%AGE,1.7e-01,1,3,3.7e-08,1.0e+00,6.0e-03,1.0e+00,1.0e-03,6.2e-03,global-S%AGE,CASSVAGEQFF,TRBV9,TRBJ2-1,NA,Donor1:healthy,1.000000,-,-,-,-,-,-,-,-,-,-,-

1208,SLG%YNE,1.7e-01,1,3,1.4e-06,1.0e+00,2.2e-01,1.0e+00,1.0e-03,6.2e-03,global-SLG%YNE,CASSLGGYNEQFF,TRBV5-6,TRBJ2-1,NA,Donor1:healthy,1.000000,-,-,-,-,-,-,-,-,-,-,-
1208,SLG%YNE,1.7e-01,1,3,1.4e-06,1.0e+00,2.2e-01,1.0e+00,1.0e-03,6.2e-03,global-SLG%YNE,CASSLGDYNEQFF,TRBV7-9,TRBJ2-1,NA,Donor1:healthy,1.000000,-,-,-,-,-,-,-,-,-,-,-
1208,SLG%YNE,1.7e-01,1,3,1.4e-06,1.0e+00,2.2e-01,1.0e+00,1.0e-03,6.2e-03,global-SLG%YNE,CASSLGSYNEQFF,TRBV11-3,TRBJ2-1,NA,Donor1:healthy,1.000000,-,-,-,-,-,-,-,-,-,-,-

1209,SLGG%YE,1.7e-01,1,3,3.9e-07,1.0e+00,4.9e-01,1.3e-01,1.0e-03,6.2e-03,global-SLGG%YE,CASSLGGSYEQYF,TRBV11-2,TRBJ2-7,NA,Donor1:healthy,2.000000,-,-,-,-,-,-,-,-,-,-,-
1209,SLGG%YE,1.7e-01,1,3,3.9e-07,1.0e+00,4.9e-01,1.3e-01,1.0e-03,6.2e-03,global-SLGG%YE,CASSLGGSYEQYF,TRBV5-6,TRBJ2-7,NA,Donor1:healthy,1.000000,-,-,-,-,-,-,-,-,-,-,-
1209,SLGG%YE,1.7e-01,1,3,3.9e-07,1.0e+00,4.9e-01,1.3e-01,1.0e-03,6.2e-03,global-SLGG%YE,CASSLGGAYEQYF,TRBV12-4,TRBJ2-7,NA,Donor1:healthy,2.000000,-,-,-,-,-,-,-,-,-,-,-
1209,SLGG%YE,1.7e-01,1,3,3.9e-07,1.0e+00,4.9e-01,1.3e-01,1.0e-03,6.2e-03,global-SLGG%YE,CASSLGGAYEQYF,TRBV27,TRBJ2-7,NA,Donor1:healthy,1.000000,-,-,-,-,-,-,-,-,-,-,-
1209,SLGG%YE,1.7e-01,1,3,3.9e-07,1.0e+00,4.9e-01,1.3e-01,1.0e-03,6.2e-03,global-SLGG%YE,CASSLGGQYEQYF,TRBV7-9,TRBJ2-7,NA,Donor1:healthy,1.000000,-,-,-,-,-,-,-,-,-,-,-

1210,SLV%E,1.8e-01,1,2,2.0e-06,1.0e+00,6.8e-02,1.0e+00,1.0e-03,2.9e-02,global-SLV%E,CASSLVGEQYF,TRBV5-6,TRBJ2-7,NA,Donor1:healthy,1.000000,-,-,-,-,-,-,-,-,-,-,-
1210,SLV%E,1.8e-01,1,2,2.0e-06,1.0e+00,6.8e-02,1.0e+00,1.0e-03,2.9e-02,global-SLV%E,CASSLVNEQFF,TRBV5-4,TRBJ2-1,NA,Donor1:healthy,1.000000,-,-,-,-,-,-,-,-,-,-,-

1211,SQG%E,1.8e-01,1,4,1.5e-06,1.0e+00,6.5e-01,1.0e+00,1.0e-03,2.3e-03,global-SQG%E,CASSQGNEQYF,TRBV3-1,TRBJ2-7,NA,Donor1:healthy,1.000000,-,-,-,-,-,-,-,-,-,-,-
1211,SQG%E,1.8e-01,1,4,1.5e-06,1.0e+00,6.5e-01,1.0e+00,1.0e-03,2.3e-03,global-SQG%E,CASSQGDEQFF,TRBV4-3,TRBJ2-1,NA,Donor1:healthy,1.000000,-,-,-,-,-,-,-,-,-,-,-
1211,SQG%E,1.8e-01,1,4,1.5e-06,1.0e+00,6.5e-01,1.0e+00,1.0e-03,2.3e-03,global-SQG%E,CASSQGTEAFF,TRBV10-1,TRBJ1-1,NA,Donor1:healthy,1.000000,-,-,-,-,-,-,-,-,-,-,-
1211,SQG%E,1.8e-01,1,4,1.5e-06,1.0e+00,6.5e-01,1.0e+00,1.0e-03,2.3e-03,global-SQG%E,CASSQGTEAFF,TRBV4-1,TRBJ1-1,NA,Donor1:healthy,1.000000,-,-,-,-,-,-,-,-,-,-,-
1211,SQG%E,1.8e-01,1,4,1.5e-06,1.0e+00,6.5e-01,1.0e+00,1.0e-03,2.3e-03,global-SQG%E,CASSQGGEQYF,TRBV4-2,TRBJ2-7,NA,Donor1:healthy,1.000000,-,-,-,-,-,-,-,-,-,-,-
1211,SQG%E,1.8e-01,1,4,1.5e-06,1.0e+00,6.5e-01,1.0e+00,1.0e-03,2.3e-03,global-SQG%E,CASSQGGEQYF,TRBV7-9,TRBJ2-7,NA,Donor1:healthy,1.000000,-,-,-,-,-,-,-,-,-,-,-

1212,%GGNQP,1.8e-01,1,2,9.0e-08,1.0e+00,6.2e-02,5.0e-02,1.0e-03,2.9e-02,global-%GGNQP,CASTGGNQPQHF,TRBV7-9,TRBJ1-5,NA,Donor1:healthy,1.000000,-,-,-,-,-,-,-,-,-,-,-
1212,%GGNQP,1.8e-01,1,2,9.0e-08,1.0e+00,6.2e-02,5.0e-02,1.0e-03,2.9e-02,global-%GGNQP,CASAGGNQPQHF,TRBV6-3,TRBJ1-5,NA,Donor1:healthy,3.000000,-,-,-,-,-,-,-,-,-,-,-

1213,%AGNTE,1.8e-01,1,2,1.6e-06,1.0e+00,5.4e-02,1.0e+00,1.0e-03,2.9e-02,global-%AGNTE,CSASAGNTEAFF,TRBV20-1,TRBJ1-1,NA,Donor1:healthy,1.000000,-,-,-,-,-,-,-,-,-,-,-
1213,%AGNTE,1.8e-01,1,2,1.6e-06,1.0e+00,5.4e-02,1.0e+00,1.0e-03,2.9e-02,global-%AGNTE,CAWNAGNTEAFF,TRBV30,TRBJ1-1,NA,Donor1:healthy,1.000000,-,-,-,-,-,-,-,-,-,-,-

1214,%GNTGE,1.8e-01,1,2,2.9e-08,1.0e+00,1.0e-03,1.0e+00,1.0e-03,2.9e-02,global-%GNTGE,CASKGNTGELFF,TRBV19,TRBJ2-2,NA,Donor1:healthy,1.000000,-,-,-,-,-,-,-,-,-,-,-
1214,%GNTGE,1.8e-01,1,2,2.9e-08,1.0e+00,1.0e-03,1.0e+00,1.0e-03,2.9e-02,global-%GNTGE,CATRGNTGELFF,TRBV19,TRBJ2-2,NA,Donor1:healthy,1.000000,-,-,-,-,-,-,-,-,-,-,-

1215,SL%GTE,1.8e-01,1,3,5.0e-08,1.0e+00,8.0e-03,1.0e+00,1.0e-03,6.2e-03,global-SL%GTE,CASSLSGTEAFF,TRBV7-9,TRBJ1-1,NA,Donor1:healthy,1.000000,-,-,-,-,-,-,-,-,-,-,-
1215,SL%GTE,1.8e-01,1,3,5.0e-08,1.0e+00,8.0e-03,1.0e+00,1.0e-03,6.2e-03,global-SL%GTE,CASSLTGTEAFF,TRBV7-3,TRBJ1-1,NA,Donor1:healthy,1.000000,-,-,-,-,-,-,-,-,-,-,-
1215,SL%GTE,1.8e-01,1,3,5.0e-08,1.0e+00,8.0e-03,1.0e+00,1.0e-03,6.2e-03,global-SL%GTE,CASSLTGTEAFF,TRBV7-9,TRBJ1-1,NA,Donor1:healthy,1.000000,-,-,-,-,-,-,-,-,-,-,-
1215,SL%GTE,1.8e-01,1,3,5.0e-08,1.0e+00,8.0e-03,1.0e+00,1.0e-03,6.2e-03,global-SL%GTE,CASSLQGTEQYF,TRBV7-9,TRBJ2-7,NA,Donor1:healthy,1.000000,-,-,-,-,-,-,-,-,-,-,-

1216,SL%TYE,1.8e-01,1,2,2.0e-06,1.0e+00,6.7e-02,1.0e+00,1.0e-03,2.9e-02,global-SL%TYE,CASSLLTYEQYF,TRBV11-1,TRBJ2-7,NA,Donor1:healthy,1.000000,-,-,-,-,-,-,-,-,-,-,-
1216,SL%TYE,1.8e-01,1,2,2.0e-06,1.0e+00,6.7e-02,1.0e+00,1.0e-03,2.9e-02,global-SL%TYE,CASSLVTYEQYF,TRBV11-2,TRBJ2-7,NA,Donor1:healthy,1.000000,-,-,-,-,-,-,-,-,-,-,-

1217,SLG%YE,1.8e-01,1,3,1.1e-06,1.0e+00,1.9e-01,1.0e+00,1.0e-03,6.2e-03,global-SLG%YE,CASSLGLYEQYF,TRBV5-6,TRBJ2-7,NA,Donor1:healthy,1.000000,-,-,-,-,-,-,-,-,-,-,-
1217,SLG%YE,1.8e-01,1,3,1.1e-06,1.0e+00,1.9e-01,1.0e+00,1.0e-03,6.2e-03,global-SLG%YE,CASSLGYYEQYF,TRBV5-1,TRBJ2-7,NA,Donor1:healthy,1.000000,-,-,-,-,-,-,-,-,-,-,-
1217,SLG%YE,1.8e-01,1,3,1.1e-06,1.0e+00,1.9e-01,1.0e+00,1.0e-03,6.2e-03,global-SLG%YE,CASSLGFYEQYF,TRBV7-8,TRBJ2-7,NA,Donor1:healthy,1.000000,-,-,-,-,-,-,-,-,-,-,-

1218,SLGD%E,1.8e-01,1,2,9.9e-06,1.0e+00,3.4e-01,1.0e+00,1.0e-03,2.9e-02,global-SLGD%E,CASSLGDVEQYF,TRBV7-9,TRBJ2-7,NA,Donor1:healthy,1.000000,-,-,-,-,-,-,-,-,-,-,-
1218,SLGD%E,1.8e-01,1,2,9.9e-06,1.0e+00,3.4e-01,1.0e+00,1.0e-03,2.9e-02,global-SLGD%E,CASSLGDTEAFF,TRBV11-2,TRBJ1-1,NA,Donor1:healthy,1.000000,-,-,-,-,-,-,-,-,-,-,-
1218,SLGD%E,1.8e-01,1,2,9.9e-06,1.0e+00,3.4e-01,1.0e+00,1.0e-03,2.9e-02,global-SLGD%E,CASSLGDTEAFF,TRBV5-4,TRBJ1-1,NA,Donor1:healthy,1.000000,-,-,-,-,-,-,-,-,-,-,-
1218,SLGD%E,1.8e-01,1,2,9.9e-06,1.0e+00,3.4e-01,1.0e+00,1.0e-03,2.9e-02,global-SLGD%E,CASSLGDTEAFF,TRBV7-8,TRBJ1-1,NA,Donor1:healthy,1.000000,-,-,-,-,-,-,-,-,-,-,-

1219,SLAP%E,1.8e-01,1,2,9.9e-06,1.0e+00,3.4e-01,1.0e+00,1.0e-03,2.9e-02,global-SLAP%E,CASSLAPYEQYF,TRBV11-2,TRBJ2-7,NA,Donor1:healthy,1.000000,-,-,-,-,-,-,-,-,-,-,-
1219,SLAP%E,1.8e-01,1,2,9.9e-06,1.0e+00,3.4e-01,1.0e+00,1.0e-03,2.9e-02,global-SLAP%E,CASSLAPYEQYF,TRBV7-8,TRBJ2-7,NA,Donor1:healthy,1.000000,-,-,-,-,-,-,-,-,-,-,-
1219,SLAP%E,1.8e-01,1,2,9.9e-06,1.0e+00,3.4e-01,1.0e+00,1.0e-03,2.9e-02,global-SLAP%E,CASSLAPYEQYF,TRBV7-9,TRBJ2-7,NA,Donor1:healthy,1.000000,-,-,-,-,-,-,-,-,-,-,-
1219,SLAP%E,1.8e-01,1,2,9.9e-06,1.0e+00,3.4e-01,1.0e+00,1.0e-03,2.9e-02,global-SLAP%E,CASSLAPFEAFF,TRBV7-2,TRBJ1-1,NA,Donor1:healthy,1.000000,-,-,-,-,-,-,-,-,-,-,-

1220,S%GRTYE,1.8e-01,1,2,2.3e-06,1.0e+00,7.9e-02,1.0e+00,1.0e-03,2.9e-02,global-S%GRTYE,CASSVGRTYEQYF,TRBV2,TRBJ2-7,NA,Donor1:healthy,1.000000,-,-,-,-,-,-,-,-,-,-,-
1220,S%GRTYE,1.8e-01,1,2,2.3e-06,1.0e+00,7.9e-02,1.0e+00,1.0e-03,2.9e-02,global-S%GRTYE,CASSLGRTYEQYF,TRBV7-8,TRBJ2-7,NA,Donor1:healthy,1.000000,-,-,-,-,-,-,-,-,-,-,-

1221,SLA%TDT,1.8e-01,1,2,1.9e-06,1.0e+00,6.4e-02,1.0e+00,1.0e-03,2.9e-02,global-SLA%TDT,CASSLANTDTQYF,TRBV13,TRBJ2-3,NA,Donor1:healthy,1.000000,-,-,-,-,-,-,-,-,-,-,-
1221,SLA%TDT,1.8e-01,1,2,1.9e-06,1.0e+00,6.4e-02,1.0e+00,1.0e-03,2.9e-02,global-SLA%TDT,CASSLASTDTQYF,TRBV7-9,TRBJ2-3,NA,Donor1:healthy,1.000000,-,-,-,-,-,-,-,-,-,-,-

1222,SAG%SYE,1.8e-01,1,3,1.2e-06,1.0e+00,1.9e-01,1.0e+00,1.0e-03,6.2e-03,global-SAG%SYE,CASSAGGSYEQYF,TRBV6-3,TRBJ2-7,NA,Donor1:healthy,1.000000,-,-,-,-,-,-,-,-,-,-,-
1222,SAG%SYE,1.8e-01,1,3,1.2e-06,1.0e+00,1.9e-01,1.0e+00,1.0e-03,6.2e-03,global-SAG%SYE,CASSAGSSYEQYF,TRBV19,TRBJ2-7,NA,Donor1:healthy,1.000000,-,-,-,-,-,-,-,-,-,-,-
1222,SAG%SYE,1.8e-01,1,3,1.2e-06,1.0e+00,1.9e-01,1.0e+00,1.0e-03,6.2e-03,global-SAG%SYE,CASSAGDSYEQYF,TRBV18,TRBJ2-7,NA,Donor1:healthy,1.000000,-,-,-,-,-,-,-,-,-,-,-

1223,SLA%NTE,1.8e-01,1,2,2.1e-07,1.0e+00,7.7e-02,9.4e-02,1.0e-03,2.9e-02,global-SLA%NTE,CASSLAGNTEAFF,TRBV27,TRBJ1-1,NA,Donor1:healthy,2.000000,-,-,-,-,-,-,-,-,-,-,-
1223,SLA%NTE,1.8e-01,1,2,2.1e-07,1.0e+00,7.7e-02,9.4e-02,1.0e-03,2.9e-02,global-SLA%NTE,CASSLAANTEAFF,TRBV7-9,TRBJ1-1,NA,Donor1:healthy,1.000000,-,-,-,-,-,-,-,-,-,-,-

1224,SLS%NTE,1.8e-01,1,2,2.9e-08,1.0e+00,1.0e-03,1.0e+00,1.0e-03,2.9e-02,global-SLS%NTE,CASSLSMNTEAFF,TRBV12-4,TRBJ1-1,NA,Donor1:healthy,1.000000,-,-,-,-,-,-,-,-,-,-,-
1224,SLS%NTE,1.8e-01,1,2,2.9e-08,1.0e+00,1.0e-03,1.0e+00,1.0e-03,2.9e-02,global-SLS%NTE,CASSLSVNTEAFF,TRBV12-4,TRBJ1-1,NA,Donor1:healthy,1.000000,-,-,-,-,-,-,-,-,-,-,-

1225,SLD%YNE,1.8e-01,1,2,2.0e-06,1.0e+00,7.0e-02,1.0e+00,1.0e-03,2.9e-02,global-SLD%YNE,CASSLDAYNEQFF,TRBV5-1,TRBJ2-1,NA,Donor1:healthy,1.000000,-,-,-,-,-,-,-,-,-,-,-
1225,SLD%YNE,1.8e-01,1,2,2.0e-06,1.0e+00,7.0e-02,1.0e+00,1.0e-03,2.9e-02,global-SLD%YNE,CASSLDSYNEQFF,TRBV27,TRBJ2-1,NA,Donor1:healthy,1.000000,-,-,-,-,-,-,-,-,-,-,-

1226,SLTG%TE,1.8e-01,1,2,1.8e-06,1.0e+00,6.2e-02,1.0e+00,1.0e-03,2.9e-02,global-SLTG%TE,CASSLTGNTEAFF,TRBV9,TRBJ1-1,NA,Donor1:healthy,1.000000,-,-,-,-,-,-,-,-,-,-,-
1226,SLTG%TE,1.8e-01,1,2,1.8e-06,1.0e+00,6.2e-02,1.0e+00,1.0e-03,2.9e-02,global-SLTG%TE,CASSLTGGTEAFF,TRBV25-1,TRBJ1-1,NA,Donor1:healthy,1.000000,-,-,-,-,-,-,-,-,-,-,-

1227,SLGT%YE,1.8e-01,1,2,1.8e-07,1.0e+00,6.9e-02,8.8e-02,1.0e-03,2.9e-02,global-SLGT%YE,CASSLGTAYEQYF,TRBV27,TRBJ2-7,NA,Donor1:healthy,2.000000,-,-,-,-,-,-,-,-,-,-,-
1227,SLGT%YE,1.8e-01,1,2,1.8e-07,1.0e+00,6.9e-02,8.8e-02,1.0e-03,2.9e-02,global-SLGT%YE,CASSLGTVYEQYF,TRBV5-1,TRBJ2-7,NA,Donor1:healthy,1.000000,-,-,-,-,-,-,-,-,-,-,-

1228,SYGG%TE,1.8e-01,1,2,3.5e-07,1.0e+00,9.6e-02,1.3e-01,1.0e-03,2.9e-02,global-SYGG%TE,CASSYGGNTEAFF,TRBV6-3,TRBJ1-1,NA,Donor1:healthy,2.000000,-,-,-,-,-,-,-,-,-,-,-
1228,SYGG%TE,1.8e-01,1,2,3.5e-07,1.0e+00,9.6e-02,1.3e-01,1.0e-03,2.9e-02,global-SYGG%TE,CASSYGGGTEAFF,TRBV6-3,TRBJ1-1,NA,Donor1:healthy,1.000000,-,-,-,-,-,-,-,-,-,-,-
1228,SYGG%TE,1.8e-01,1,2,3.5e-07,1.0e+00,9.6e-02,1.3e-01,1.0e-03,2.9e-02,global-SYGG%TE,CASSYGGGTEAFF,TRBV6-5,TRBJ1-1,NA,Donor1:healthy,1.000000,-,-,-,-,-,-,-,-,-,-,-

1229,SLGQG%G,1.8e-01,1,2,2.0e-06,1.0e+00,6.7e-02,1.0e+00,1.0e-03,2.9e-02,global-SLGQG%G,CASSLGQGWGYTF,TRBV27,TRBJ1-2,NA,Donor1:healthy,1.000000,-,-,-,-,-,-,-,-,-,-,-
1229,SLGQG%G,1.8e-01,1,2,2.0e-06,1.0e+00,6.7e-02,1.0e+00,1.0e-03,2.9e-02,global-SLGQG%G,CASSLGQGYGYTF,TRBV7-9,TRBJ1-2,NA,Donor1:healthy,1.000000,-,-,-,-,-,-,-,-,-,-,-

1230,S%GGGSYE,1.8e-01,1,2,2.2e-06,1.0e+00,7.5e-02,1.0e+00,1.0e-03,2.9e-02,global-S%GGGSYE,CASSFGGGSYEQYF,TRBV7-2,TRBJ2-7,NA,Donor1:healthy,1.000000,-,-,-,-,-,-,-,-,-,-,-
1230,S%GGGSYE,1.8e-01,1,2,2.2e-06,1.0e+00,7.5e-02,1.0e+00,1.0e-03,2.9e-02,global-S%GGGSYE,CASSLGGGSYEQYF,TRBV7-3,TRBJ2-7,NA,Donor1:healthy,1.000000,-,-,-,-,-,-,-,-,-,-,-

1231,S%GQGNTE,1.8e-01,1,3,8.3e-08,1.0e+00,1.8e-01,7.6e-02,1.0e-03,6.2e-03,global-S%GQGNTE,CASSKGQGNTEAFF,TRBV5-1,TRBJ1-1,NA,Donor1:healthy,1.000000,-,-,-,-,-,-,-,-,-,-,-
1231,S%GQGNTE,1.8e-01,1,3,8.3e-08,1.0e+00,1.8e-01,7.6e-02,1.0e-03,6.2e-03,global-S%GQGNTE,CASSQGQGNTEAFF,TRBV4-1,TRBJ1-1,NA,Donor1:healthy,3.000000,-,-,-,-,-,-,-,-,-,-,-
1231,S%GQGNTE,1.8e-01,1,3,8.3e-08,1.0e+00,1.8e-01,7.6e-02,1.0e-03,6.2e-03,global-S%GQGNTE,CASSEGQGNTEAFF,TRBV9,TRBJ1-1,NA,Donor1:healthy,1.000000,-,-,-,-,-,-,-,-,-,-,-

1232,S%GLNTGE,1.8e-01,1,2,1.8e-06,1.0e+00,6.2e-02,1.0e+00,1.0e-03,2.9e-02,global-S%GLNTGE,CASSSGLNTGELFF,TRBV5-6,TRBJ2-2,NA,Donor1:healthy,1.000000,-,-,-,-,-,-,-,-,-,-,-
1232,S%GLNTGE,1.8e-01,1,2,1.8e-06,1.0e+00,6.2e-02,1.0e+00,1.0e-03,2.9e-02,global-S%GLNTGE,CSASQGLNTGELFF,TRBV20-1,TRBJ2-2,NA,Donor1:healthy,1.000000,-,-,-,-,-,-,-,-,-,-,-

1233,S%GTGGNQP,1.8e-01,1,2,2.1e-06,1.0e+00,7.3e-02,1.0e+00,1.0e-03,2.9e-02,global-S%GTGGNQP,CASSMGTGGNQPQHF,TRBV19,TRBJ1-5,NA,Donor1:healthy,1.000000,-,-,-,-,-,-,-,-,-,-,-
1233,S%GTGGNQP,1.8e-01,1,2,2.1e-06,1.0e+00,7.3e-02,1.0e+00,1.0e-03,2.9e-02,global-S%GTGGNQP,CASSFGTGGNQPQHF,TRBV5-8,TRBJ1-5,NA,Donor1:healthy,1.000000,-,-,-,-,-,-,-,-,-,-,-

1234,S%LAGSTDT,1.8e-01,1,2,1.9e-06,1.0e+00,6.4e-02,1.0e+00,1.0e-03,2.9e-02,global-S%LAGSTDT,CATSILAGSTDTQYF,TRBV15,TRBJ2-3,NA,Donor1:healthy,1.000000,-,-,-,-,-,-,-,-,-,-,-
1234,S%LAGSTDT,1.8e-01,1,2,1.9e-06,1.0e+00,6.4e-02,1.0e+00,1.0e-03,2.9e-02,global-S%LAGSTDT,CASSLLAGSTDTQYF,TRBV12-4,TRBJ2-3,NA,Donor1:healthy,1.000000,-,-,-,-,-,-,-,-,-,-,-

1235,SLGG%SYNE,1.8e-01,1,2,2.0e-06,1.0e+00,6.9e-02,1.0e+00,1.0e-03,2.9e-02,global-SLGG%SYNE,CASSLGGGSYNEQFF,TRBV12-3,TRBJ2-1,NA,Donor1:healthy,1.000000,-,-,-,-,-,-,-,-,-,-,-
1235,SLGG%SYNE,1.8e-01,1,2,2.0e-06,1.0e+00,6.9e-02,1.0e+00,1.0e-03,2.9e-02,global-SLGG%SYNE,CASSLGGSSYNEQFF,TRBV7-9,TRBJ2-1,NA,Donor1:healthy,1.000000,-,-,-,-,-,-,-,-,-,-,-

1236,G%NE,1.9e-01,1,3,1.1e-06,1.0e+00,1.8e-01,1.0e+00,1.0e-03,6.2e-03,global-G%NE,CASGWNEQFF,TRBV6-5,TRBJ2-1,NA,Donor1:healthy,1.000000,-,-,-,-,-,-,-,-,-,-,-
1236,G%NE,1.9e-01,1,3,1.1e-06,1.0e+00,1.8e-01,1.0e+00,1.0e-03,6.2e-03,global-G%NE,CASGYNEQFF,TRBV27,TRBJ2-1,NA,Donor1:healthy,1.000000,-,-,-,-,-,-,-,-,-,-,-
1236,G%NE,1.9e-01,1,3,1.1e-06,1.0e+00,1.8e-01,1.0e+00,1.0e-03,6.2e-03,global-G%NE,CSAGYNEQFF,TRBV20-1,TRBJ2-1,NA,Donor1:healthy,1.000000,-,-,-,-,-,-,-,-,-,-,-

1237,SY%E,1.9e-01,1,2,1.9e-06,1.0e+00,6.5e-02,1.0e+00,1.0e-03,2.9e-02,global-SY%E,CASSYHEQFF,TRBV6-3,TRBJ2-1,NA,Donor1:healthy,1.000000,-,-,-,-,-,-,-,-,-,-,-
1237,SY%E,1.9e-01,1,2,1.9e-06,1.0e+00,6.5e-02,1.0e+00,1.0e-03,2.9e-02,global-SY%E,CASSYNEQFF,TRBV6-6,TRBJ2-1,NA,Donor1:healthy,1.000000,-,-,-,-,-,-,-,-,-,-,-

1238,SQD%E,1.9e-01,1,2,2.1e-06,1.0e+00,7.3e-02,1.0e+00,1.0e-03,2.9e-02,global-SQD%E,CASSQDHEQYF,TRBV14,TRBJ2-7,NA,Donor1:healthy,1.000000,-,-,-,-,-,-,-,-,-,-,-
1238,SQD%E,1.9e-01,1,2,2.1e-06,1.0e+00,7.3e-02,1.0e+00,1.0e-03,2.9e-02,global-SQD%E,CASSQDNEQFF,TRBV4-1,TRBJ2-1,NA,Donor1:healthy,1.000000,-,-,-,-,-,-,-,-,-,-,-

1239,S%SNTE,1.9e-01,1,2,2.2e-06,1.0e+00,7.6e-02,1.0e+00,1.0e-03,2.9e-02,global-S%SNTE,CASSLSNTEAFF,TRBV5-1,TRBJ1-1,NA,Donor1:healthy,1.000000,-,-,-,-,-,-,-,-,-,-,-
1239,S%SNTE,1.9e-01,1,2,2.2e-06,1.0e+00,7.6e-02,1.0e+00,1.0e-03,2.9e-02,global-S%SNTE,CASSISNTEAFF,TRBV19,TRBJ1-1,NA,Donor1:healthy,1.000000,-,-,-,-,-,-,-,-,-,-,-

1240,RR%NTE,1.9e-01,1,2,2.3e-06,1.0e+00,7.9e-02,1.0e+00,1.0e-03,2.9e-02,global-RR%NTE,CASRRANTEAFF,TRBV27,TRBJ1-1,NA,Donor1:healthy,1.000000,-,-,-,-,-,-,-,-,-,-,-
1240,RR%NTE,1.9e-01,1,2,2.3e-06,1.0e+00,7.9e-02,1.0e+00,1.0e-03,2.9e-02,global-RR%NTE,CSARRGNTEAFF,TRBV20-1,TRBJ1-1,NA,Donor1:healthy,1.000000,-,-,-,-,-,-,-,-,-,-,-

1241,SLG%GG,1.9e-01,1,2,1.8e-06,1.0e+00,6.2e-02,1.0e+00,1.0e-03,2.9e-02,global-SLG%GG,CASSLGAGGYTF,TRBV6-5,TRBJ1-2,NA,Donor1:healthy,1.000000,-,-,-,-,-,-,-,-,-,-,-
1241,SLG%GG,1.9e-01,1,2,1.8e-06,1.0e+00,6.2e-02,1.0e+00,1.0e-03,2.9e-02,global-SLG%GG,CASSLGVGGQYF,TRBV7-9,TRBJ2-3,NA,Donor1:healthy,1.000000,-,-,-,-,-,-,-,-,-,-,-

1242,SPPG%E,1.9e-01,1,2,2.1e-06,1.0e+00,7.1e-02,1.0e+00,1.0e-03,2.9e-02,global-SPPG%E,CASSPPGEEAFF,TRBV4-2,TRBJ1-1,NA,Donor1:healthy,1.000000,-,-,-,-,-,-,-,-,-,-,-
1242,SPPG%E,1.9e-01,1,2,2.1e-06,1.0e+00,7.1e-02,1.0e+00,1.0e-03,2.9e-02,global-SPPG%E,CASSPPGDEQYF,TRBV7-9,TRBJ2-7,NA,Donor1:healthy,1.000000,-,-,-,-,-,-,-,-,-,-,-

1243,%GGGSYE,1.9e-01,1,2,2.0e-06,1.0e+00,7.0e-02,1.0e+00,1.0e-03,2.9e-02,global-%GGGSYE,CAISGGGSYEQYF,TRBV10-3,TRBJ2-7,NA,Donor1:healthy,1.000000,-,-,-,-,-,-,-,-,-,-,-
1243,%GGGSYE,1.9e-01,1,2,2.0e-06,1.0e+00,7.0e-02,1.0e+00,1.0e-03,2.9e-02,global-%GGGSYE,CSLGGGGSYEQYF,TRBV20-1,TRBJ2-7,NA,Donor1:healthy,1.000000,-,-,-,-,-,-,-,-,-,-,-

1244,S%GGSYE,1.9e-01,1,3,2.4e-06,1.0e+00,3.8e-01,1.0e+00,1.0e-03,6.2e-03,global-S%GGSYE,CAISGGGSYEQYF,TRBV10-3,TRBJ2-7,NA,Donor1:healthy,1.000000,-,-,-,-,-,-,-,-,-,-,-
1244,S%GGSYE,1.9e-01,1,3,2.4e-06,1.0e+00,3.8e-01,1.0e+00,1.0e-03,6.2e-03,global-S%GGSYE,CASSSGGSYEQYF,TRBV19,TRBJ2-7,NA,Donor1:healthy,1.000000,-,-,-,-,-,-,-,-,-,-,-
1244,S%GGSYE,1.9e-01,1,3,2.4e-06,1.0e+00,3.8e-01,1.0e+00,1.0e-03,6.2e-03,global-S%GGSYE,CASSSGGSYEQYF,TRBV5-6,TRBJ2-7,NA,Donor1:healthy,1.000000,-,-,-,-,-,-,-,-,-,-,-
1244,S%GGSYE,1.9e-01,1,3,2.4e-06,1.0e+00,3.8e-01,1.0e+00,1.0e-03,6.2e-03,global-S%GGSYE,CASSAGGSYEQYF,TRBV6-3,TRBJ2-7,NA,Donor1:healthy,1.000000,-,-,-,-,-,-,-,-,-,-,-

1245,S%GGGGE,1.9e-01,1,2,1.8e-06,1.0e+00,6.2e-02,1.0e+00,1.0e-03,2.9e-02,global-S%GGGGE,CASSSGGGGELFF,TRBV19,TRBJ2-2,NA,Donor1:healthy,1.000000,-,-,-,-,-,-,-,-,-,-,-
1245,S%GGGGE,1.9e-01,1,2,1.8e-06,1.0e+00,6.2e-02,1.0e+00,1.0e-03,2.9e-02,global-S%GGGGE,CASSQGGGGELFF,TRBV14,TRBJ2-2,NA,Donor1:healthy,1.000000,-,-,-,-,-,-,-,-,-,-,-

1246,SFG%NTE,1.9e-01,1,2,5.4e-06,1.0e+00,1.9e-01,1.0e+00,1.0e-03,2.9e-02,global-SFG%NTE,CASSFGMNTEAFF,TRBV12-3,TRBJ1-1,NA,Donor1:healthy,1.000000,-,-,-,-,-,-,-,-,-,-,-
1246,SFG%NTE,1.9e-01,1,2,5.4e-06,1.0e+00,1.9e-01,1.0e+00,1.0e-03,2.9e-02,global-SFG%NTE,CASSFGMNTEAFF,TRBV27,TRBJ1-1,NA,Donor1:healthy,1.000000,-,-,-,-,-,-,-,-,-,-,-
1246,SFG%NTE,1.9e-01,1,2,5.4e-06,1.0e+00,1.9e-01,1.0e+00,1.0e-03,2.9e-02,global-SFG%NTE,CASSFGQNTEAFF,TRBV11-2,TRBJ1-1,NA,Donor1:healthy,1.000000,-,-,-,-,-,-,-,-,-,-,-

1247,SRT%NTE,1.9e-01,1,2,5.6e-06,1.0e+00,1.9e-01,1.0e+00,1.0e-03,2.9e-02,global-SRT%NTE,CASSRTVNTEAFF,TRBV4-3,TRBJ1-1,NA,Donor1:healthy,1.000000,-,-,-,-,-,-,-,-,-,-,-
1247,SRT%NTE,1.9e-01,1,2,5.6e-06,1.0e+00,1.9e-01,1.0e+00,1.0e-03,2.9e-02,global-SRT%NTE,CASSRTVNTEAFF,TRBV7-3,TRBJ1-1,NA,Donor1:healthy,1.000000,-,-,-,-,-,-,-,-,-,-,-
1247,SRT%NTE,1.9e-01,1,2,5.6e-06,1.0e+00,1.9e-01,1.0e+00,1.0e-03,2.9e-02,global-SRT%NTE,CASSRTLNTEAFF,TRBV27,TRBJ1-1,NA,Donor1:healthy,1.000000,-,-,-,-,-,-,-,-,-,-,-

1248,SLGS%YE,1.9e-01,1,2,5.3e-06,1.0e+00,1.8e-01,1.0e+00,1.0e-03,2.9e-02,global-SLGS%YE,CASSLGSNYEQYF,TRBV27,TRBJ2-7,NA,Donor1:healthy,1.000000,-,-,-,-,-,-,-,-,-,-,-
1248,SLGS%YE,1.9e-01,1,2,5.3e-06,1.0e+00,1.8e-01,1.0e+00,1.0e-03,2.9e-02,global-SLGS%YE,CASSLGSSYEQYF,TRBV11-2,TRBJ2-7,NA,Donor1:healthy,1.000000,-,-,-,-,-,-,-,-,-,-,-
1248,SLGS%YE,1.9e-01,1,2,5.3e-06,1.0e+00,1.8e-01,1.0e+00,1.0e-03,2.9e-02,global-SLGS%YE,CASSLGSSYEQYF,TRBV12-3,TRBJ2-7,NA,Donor1:healthy,1.000000,-,-,-,-,-,-,-,-,-,-,-
1248,SLGS%YE,1.9e-01,1,2,5.3e-06,1.0e+00,1.8e-01,1.0e+00,1.0e-03,2.9e-02,global-SLGS%YE,CASSLGSSYEQYF,TRBV27,TRBJ2-7,NA,Donor1:healthy,1.000000,-,-,-,-,-,-,-,-,-,-,-
1248,SLGS%YE,1.9e-01,1,2,5.3e-06,1.0e+00,1.8e-01,1.0e+00,1.0e-03,2.9e-02,global-SLGS%YE,CASSLGSSYEQYF,TRBV7-2,TRBJ2-7,NA,Donor1:healthy,1.000000,-,-,-,-,-,-,-,-,-,-,-
1248,SLGS%YE,1.9e-01,1,2,5.3e-06,1.0e+00,1.8e-01,1.0e+00,1.0e-03,2.9e-02,global-SLGS%YE,CASSLGSSYEQYF,TRBV7-9,TRBJ2-7,NA,Donor1:healthy,1.000000,-,-,-,-,-,-,-,-,-,-,-

1249,SPGG%NE,1.9e-01,1,2,9.1e-08,1.0e+00,6.1e-02,5.1e-02,1.0e-03,2.9e-02,global-SPGG%NE,CASSPGGVNEQFF,TRBV28,TRBJ2-1,NA,Donor1:healthy,1.000000,-,-,-,-,-,-,-,-,-,-,-
1249,SPGG%NE,1.9e-01,1,2,9.1e-08,1.0e+00,6.1e-02,5.1e-02,1.0e-03,2.9e-02,global-SPGG%NE,CASSPGGLNEQYF,TRBV7-3,TRBJ2-7,NA,Donor1:healthy,3.000000,-,-,-,-,-,-,-,-,-,-,-

1250,S%AGSSYE,1.9e-01,1,2,2.0e-06,1.0e+00,6.7e-02,1.0e+00,1.0e-03,2.9e-02,global-S%AGSSYE,CATSDAGSSYEQYF,TRBV24-1,TRBJ2-7,NA,Donor1:healthy,1.000000,-,-,-,-,-,-,-,-,-,-,-
1250,S%AGSSYE,1.9e-01,1,2,2.0e-06,1.0e+00,6.7e-02,1.0e+00,1.0e-03,2.9e-02,global-S%AGSSYE,CASSQAGSSYEQYF,TRBV7-9,TRBJ2-7,NA,Donor1:healthy,1.000000,-,-,-,-,-,-,-,-,-,-,-

1251,S%GRGSYE,1.9e-01,1,2,2.2e-06,1.0e+00,7.5e-02,1.0e+00,1.0e-03,2.9e-02,global-S%GRGSYE,CASSSGRGSYEQYF,TRBV5-6,TRBJ2-7,NA,Donor1:healthy,1.000000,-,-,-,-,-,-,-,-,-,-,-
1251,S%GRGSYE,1.9e-01,1,2,2.2e-06,1.0e+00,7.5e-02,1.0e+00,1.0e-03,2.9e-02,global-S%GRGSYE,CASSQGRGSYEQYF,TRBV4-1,TRBJ2-7,NA,Donor1:healthy,1.000000,-,-,-,-,-,-,-,-,-,-,-

1252,S%AGSSYE,1.9e-01,1,2,1.7e-07,1.0e+00,6.9e-02,8.4e-02,1.0e-03,2.9e-02,global-S%AGSSYE,CASSVAGSSYEQYF,TRBV9,TRBJ2-7,NA,Donor1:healthy,2.000000,-,-,-,-,-,-,-,-,-,-,-
1252,S%AGSSYE,1.9e-01,1,2,1.7e-07,1.0e+00,6.9e-02,8.4e-02,1.0e-03,2.9e-02,global-S%AGSSYE,CASSLAGSSYEQYF,TRBV7-2,TRBJ2-7,NA,Donor1:healthy,1.000000,-,-,-,-,-,-,-,-,-,-,-

1253,SLAG%GYE,1.9e-01,1,2,1.7e-06,1.0e+00,5.7e-02,1.0e+00,1.0e-03,2.9e-02,global-SLAG%GYE,CASSLAGVGYEQYF,TRBV5-1,TRBJ2-7,NA,Donor1:healthy,1.000000,-,-,-,-,-,-,-,-,-,-,-
1253,SLAG%GYE,1.9e-01,1,2,1.7e-06,1.0e+00,5.7e-02,1.0e+00,1.0e-03,2.9e-02,global-SLAG%GYE,CASSLAGTGYEQYF,TRBV27,TRBJ2-7,NA,Donor1:healthy,1.000000,-,-,-,-,-,-,-,-,-,-,-

1254,SLGTG%YE,1.9e-01,1,3,5.8e-07,1.0e+00,6.4e-01,1.5e-01,1.0e-03,6.2e-03,global-SLGTG%YE,CASSLGTGSYEQYF,TRBV11-2,TRBJ2-7,NA,Donor1:healthy,1.000000,-,-,-,-,-,-,-,-,-,-,-
1254,SLGTG%YE,1.9e-01,1,3,5.8e-07,1.0e+00,6.4e-01,1.5e-01,1.0e-03,6.2e-03,global-SLGTG%YE,CASSLGTGSYEQYF,TRBV5-4,TRBJ2-7,NA,Donor1:healthy,1.000000,-,-,-,-,-,-,-,-,-,-,-
1254,SLGTG%YE,1.9e-01,1,3,5.8e-07,1.0e+00,6.4e-01,1.5e-01,1.0e-03,6.2e-03,global-SLGTG%YE,CASSLGTGSYEQYF,TRBV7-2,TRBJ2-7,NA,Donor1:healthy,2.000000,-,-,-,-,-,-,-,-,-,-,-
1254,SLGTG%YE,1.9e-01,1,3,5.8e-07,1.0e+00,6.4e-01,1.5e-01,1.0e-03,6.2e-03,global-SLGTG%YE,CASSLGTGNYEQYF,TRBV7-9,TRBJ2-7,NA,Donor1:healthy,1.000000,-,-,-,-,-,-,-,-,-,-,-
1254,SLGTG%YE,1.9e-01,1,3,5.8e-07,1.0e+00,6.4e-01,1.5e-01,1.0e-03,6.2e-03,global-SLGTG%YE,CASSLGTGGYEQYF,TRBV27,TRBJ2-7,NA,Donor1:healthy,2.000000,-,-,-,-,-,-,-,-,-,-,-
1254,SLGTG%YE,1.9e-01,1,3,5.8e-07,1.0e+00,6.4e-01,1.5e-01,1.0e-03,6.2e-03,global-SLGTG%YE,CASSLGTGGYEQYF,TRBV5-1,TRBJ2-7,NA,Donor1:healthy,1.000000,-,-,-,-,-,-,-,-,-,-,-

1255,SLTGG%TE,1.9e-01,1,2,5.5e-06,1.0e+00,1.9e-01,1.0e+00,1.0e-03,2.9e-02,global-SLTGG%TE,CASSLTGGGTEAFF,TRBV12-4,TRBJ1-1,NA,Donor1:healthy,1.000000,-,-,-,-,-,-,-,-,-,-,-
1255,SLTGG%TE,1.9e-01,1,2,5.5e-06,1.0e+00,1.9e-01,1.0e+00,1.0e-03,2.9e-02,global-SLTGG%TE,CASSLTGGSTEAFF,TRBV11-2,TRBJ1-1,NA,Donor1:healthy,1.000000,-,-,-,-,-,-,-,-,-,-,-
1255,SLTGG%TE,1.9e-01,1,2,5.5e-06,1.0e+00,1.9e-01,1.0e+00,1.0e-03,2.9e-02,global-SLTGG%TE,CASSLTGGSTEAFF,TRBV9,TRBJ1-1,NA,Donor1:healthy,1.000000,-,-,-,-,-,-,-,-,-,-,-

1256,S%GTSGSYE,1.9e-01,1,2,2.1e-07,1.0e+00,7.7e-02,9.4e-02,1.0e-03,2.9e-02,global-S%GTSGSYE,CASSSGTSGSYEQYF,TRBV27,TRBJ2-7,NA,Donor1:healthy,1.000000,-,-,-,-,-,-,-,-,-,-,-
1256,S%GTSGSYE,1.9e-01,1,2,2.1e-07,1.0e+00,7.7e-02,9.4e-02,1.0e-03,2.9e-02,global-S%GTSGSYE,CASSQGTSGSYEQYF,TRBV4-3,TRBJ2-7,NA,Donor1:healthy,2.000000,-,-,-,-,-,-,-,-,-,-,-

1257,SLGLAG%NE,1.9e-01,1,2,2.0e-06,1.0e+00,6.7e-02,1.0e+00,1.0e-03,2.9e-02,global-SLGLAG%NE,CASSLGLAGNNEQFF,TRBV11-2,TRBJ2-1,NA,Donor1:healthy,1.000000,-,-,-,-,-,-,-,-,-,-,-
1257,SLGLAG%NE,1.9e-01,1,2,2.0e-06,1.0e+00,6.7e-02,1.0e+00,1.0e-03,2.9e-02,global-SLGLAG%NE,CASSLGLAGDNEQFF,TRBV27,TRBJ2-1,NA,Donor1:healthy,1.000000,-,-,-,-,-,-,-,-,-,-,-

1258,%DYG,2.0e-01,1,2,2.2e-06,1.0e+00,7.4e-02,1.0e+00,1.0e-03,2.9e-02,global-%DYG,CASTDYGYTF,TRBV2,TRBJ1-2,NA,Donor1:healthy,1.000000,-,-,-,-,-,-,-,-,-,-,-
1258,%DYG,2.0e-01,1,2,2.2e-06,1.0e+00,7.4e-02,1.0e+00,1.0e-03,2.9e-02,global-%DYG,CASSDYGYTF,TRBV6-1,TRBJ1-2,NA,Donor1:healthy,1.000000,-,-,-,-,-,-,-,-,-,-,-

1259,%LGNTE,2.0e-01,1,2,4.7e-06,1.0e+00,6.7e-01,2.4e-01,1.0e-03,2.9e-02,global-%LGNTE,CASGLGNTEAFF,TRBV12-5,TRBJ1-1,NA,Donor1:healthy,2.000000,-,-,-,-,-,-,-,-,-,-,-
1259,%LGNTE,2.0e-01,1,2,4.7e-06,1.0e+00,6.7e-01,2.4e-01,1.0e-03,2.9e-02,global-%LGNTE,CASSLGNTEAFF,TRBV5-1,TRBJ1-1,NA,Donor1:healthy,1.000000,-,-,-,-,-,-,-,-,-,-,-
1259,%LGNTE,2.0e-01,1,2,4.7e-06,1.0e+00,6.7e-01,2.4e-01,1.0e-03,2.9e-02,global-%LGNTE,CASSLGNTEAFF,TRBV5-6,TRBJ1-1,NA,Donor1:healthy,1.000000,-,-,-,-,-,-,-,-,-,-,-
1259,%LGNTE,2.0e-01,1,2,4.7e-06,1.0e+00,6.7e-01,2.4e-01,1.0e-03,2.9e-02,global-%LGNTE,CASSLGNTEAFF,TRBV6-6,TRBJ1-1,NA,Donor1:healthy,1.000000,-,-,-,-,-,-,-,-,-,-,-
1259,%LGNTE,2.0e-01,1,2,4.7e-06,1.0e+00,6.7e-01,2.4e-01,1.0e-03,2.9e-02,global-%LGNTE,CASSLGNTEAFF,TRBV7-2,TRBJ1-1,NA,Donor1:healthy,1.000000,-,-,-,-,-,-,-,-,-,-,-
1259,%LGNTE,2.0e-01,1,2,4.7e-06,1.0e+00,6.7e-01,2.4e-01,1.0e-03,2.9e-02,global-%LGNTE,CASSLGNTEAFF,TRBV7-9,TRBJ1-1,NA,Donor1:healthy,1.000000,-,-,-,-,-,-,-,-,-,-,-

1260,S%STGE,2.0e-01,1,2,2.9e-08,1.0e+00,1.0e-03,1.0e+00,1.0e-03,2.9e-02,global-S%STGE,CASSASTGELFF,TRBV9,TRBJ2-2,NA,Donor1:healthy,1.000000,-,-,-,-,-,-,-,-,-,-,-
1260,S%STGE,2.0e-01,1,2,2.9e-08,1.0e+00,1.0e-03,1.0e+00,1.0e-03,2.9e-02,global-S%STGE,CASSTSTGELFF,TRBV9,TRBJ2-2,NA,Donor1:healthy,1.000000,-,-,-,-,-,-,-,-,-,-,-

1261,SL%PYE,2.0e-01,1,2,9.3e-06,1.0e+00,3.2e-01,1.0e+00,1.0e-03,2.9e-02,global-SL%PYE,CASSLTPYEQYF,TRBV11-1,TRBJ2-7,NA,Donor1:healthy,1.000000,-,-,-,-,-,-,-,-,-,-,-
1261,SL%PYE,2.0e-01,1,2,9.3e-06,1.0e+00,3.2e-01,1.0e+00,1.0e-03,2.9e-02,global-SL%PYE,CASSLAPYEQYF,TRBV11-2,TRBJ2-7,NA,Donor1:healthy,1.000000,-,-,-,-,-,-,-,-,-,-,-
1261,SL%PYE,2.0e-01,1,2,9.3e-06,1.0e+00,3.2e-01,1.0e+00,1.0e-03,2.9e-02,global-SL%PYE,CASSLAPYEQYF,TRBV7-8,TRBJ2-7,NA,Donor1:healthy,1.000000,-,-,-,-,-,-,-,-,-,-,-
1261,SL%PYE,2.0e-01,1,2,9.3e-06,1.0e+00,3.2e-01,1.0e+00,1.0e-03,2.9e-02,global-SL%PYE,CASSLAPYEQYF,TRBV7-9,TRBJ2-7,NA,Donor1:healthy,1.000000,-,-,-,-,-,-,-,-,-,-,-

1262,SF%GNE,2.0e-01,1,2,2.3e-06,1.0e+00,7.8e-02,1.0e+00,1.0e-03,2.9e-02,global-SF%GNE,CASSFSGNEQFF,TRBV5-4,TRBJ2-1,NA,Donor1:healthy,1.000000,-,-,-,-,-,-,-,-,-,-,-
1262,SF%GNE,2.0e-01,1,2,2.3e-06,1.0e+00,7.8e-02,1.0e+00,1.0e-03,2.9e-02,global-SF%GNE,CASSFGGNEQFF,TRBV7-2,TRBJ2-1,NA,Donor1:healthy,1.000000,-,-,-,-,-,-,-,-,-,-,-

1263,RGQ%YE,2.0e-01,1,2,1.8e-06,1.0e+00,6.2e-02,1.0e+00,1.0e-03,2.9e-02,global-RGQ%YE,CASRGQGYEQYF,TRBV6-1,TRBJ2-7,NA,Donor1:healthy,1.000000,-,-,-,-,-,-,-,-,-,-,-
1263,RGQ%YE,2.0e-01,1,2,1.8e-06,1.0e+00,6.2e-02,1.0e+00,1.0e-03,2.9e-02,global-RGQ%YE,CASRGQSYEQYF,TRBV13,TRBJ2-7,NA,Donor1:healthy,1.000000,-,-,-,-,-,-,-,-,-,-,-

1264,SLG%AE,2.0e-01,1,2,1.3e-08,1.0e+00,7.4e-02,6.0e-03,1.0e-03,2.9e-02,global-SLG%AE,CASSLGSAEAFF,TRBV5-5,TRBJ1-1,NA,Donor1:healthy,24.000000,-,-,-,-,-,-,-,-,-,-,-
1264,SLG%AE,2.0e-01,1,2,1.3e-08,1.0e+00,7.4e-02,6.0e-03,1.0e-03,2.9e-02,global-SLG%AE,CASSLGGAEAFF,TRBV12-3,TRBJ1-1,NA,Donor1:healthy,1.000000,-,-,-,-,-,-,-,-,-,-,-

1265,SEGG%E,2.0e-01,1,2,2.9e-08,1.0e+00,1.0e-03,1.0e+00,1.0e-03,2.9e-02,global-SEGG%E,CASSEGGNEQYF,TRBV10-2,TRBJ2-7,NA,Donor1:healthy,1.000000,-,-,-,-,-,-,-,-,-,-,-
1265,SEGG%E,2.0e-01,1,2,2.9e-08,1.0e+00,1.0e-03,1.0e+00,1.0e-03,2.9e-02,global-SEGG%E,CASSEGGGEAFF,TRBV10-2,TRBJ1-1,NA,Donor1:healthy,1.000000,-,-,-,-,-,-,-,-,-,-,-

1266,%AGSSYE,2.0e-01,1,2,2.9e-08,1.0e+00,1.0e-03,1.0e+00,1.0e-03,2.9e-02,global-%AGSSYE,CASSAGSSYEQYF,TRBV19,TRBJ2-7,NA,Donor1:healthy,1.000000,-,-,-,-,-,-,-,-,-,-,-
1266,%AGSSYE,2.0e-01,1,2,2.9e-08,1.0e+00,1.0e-03,1.0e+00,1.0e-03,2.9e-02,global-%AGSSYE,CASQAGSSYEQYF,TRBV19,TRBJ2-7,NA,Donor1:healthy,1.000000,-,-,-,-,-,-,-,-,-,-,-

1267,S%GTGYG,2.0e-01,1,2,1.7e-06,1.0e+00,5.8e-02,1.0e+00,1.0e-03,2.9e-02,global-S%GTGYG,CASSVGTGYGYTF,TRBV5-4,TRBJ1-2,NA,Donor1:healthy,1.000000,-,-,-,-,-,-,-,-,-,-,-
1267,S%GTGYG,2.0e-01,1,2,1.7e-06,1.0e+00,5.8e-02,1.0e+00,1.0e-03,2.9e-02,global-S%GTGYG,CASSLGTGYGYTF,TRBV6-3,TRBJ1-2,NA,Donor1:healthy,1.000000,-,-,-,-,-,-,-,-,-,-,-

1268,S%GTNTE,2.0e-01,1,2,5.8e-06,1.0e+00,2.0e-01,1.0e+00,1.0e-03,2.9e-02,global-S%GTNTE,CASSVGTNTEAFF,TRBV9,TRBJ1-1,NA,Donor1:healthy,1.000000,-,-,-,-,-,-,-,-,-,-,-
1268,S%GTNTE,2.0e-01,1,2,5.8e-06,1.0e+00,2.0e-01,1.0e+00,1.0e-03,2.9e-02,global-S%GTNTE,CASSLGTNTEAFF,TRBV19,TRBJ1-1,NA,Donor1:healthy,1.000000,-,-,-,-,-,-,-,-,-,-,-
1268,S%GTNTE,2.0e-01,1,2,5.8e-06,1.0e+00,2.0e-01,1.0e+00,1.0e-03,2.9e-02,global-S%GTNTE,CASSLGTNTEAFF,TRBV5-6,TRBJ1-1,NA,Donor1:healthy,1.000000,-,-,-,-,-,-,-,-,-,-,-

1269,S%NSNQP,2.0e-01,1,2,2.0e-06,1.0e+00,7.0e-02,1.0e+00,1.0e-03,2.9e-02,global-S%NSNQP,CASSLNSNQPQHF,TRBV7-9,TRBJ1-5,NA,Donor1:healthy,1.000000,-,-,-,-,-,-,-,-,-,-,-
1269,S%NSNQP,2.0e-01,1,2,2.0e-06,1.0e+00,7.0e-02,1.0e+00,1.0e-03,2.9e-02,global-S%NSNQP,CASSINSNQPQHF,TRBV19,TRBJ1-5,NA,Donor1:healthy,1.000000,-,-,-,-,-,-,-,-,-,-,-

1270,S%GQAYE,2.0e-01,1,2,1.5e-06,1.0e+00,5.3e-02,1.0e+00,1.0e-03,2.9e-02,global-S%GQAYE,CAISEGQAYEQYF,TRBV10-3,TRBJ2-7,NA,Donor1:healthy,1.000000,-,-,-,-,-,-,-,-,-,-,-
1270,S%GQAYE,2.0e-01,1,2,1.5e-06,1.0e+00,5.3e-02,1.0e+00,1.0e-03,2.9e-02,global-S%GQAYE,CASSSGQAYEQYF,TRBV11-2,TRBJ2-7,NA,Donor1:healthy,1.000000,-,-,-,-,-,-,-,-,-,-,-

1271,SY%GNTE,2.0e-01,1,2,1.5e-07,1.0e+00,6.1e-02,8.7e-02,1.0e-03,2.9e-02,global-SY%GNTE,CASSYSGNTEAFF,TRBV6-5,TRBJ1-1,NA,Donor1:healthy,1.000000,-,-,-,-,-,-,-,-,-,-,-
1271,SY%GNTE,2.0e-01,1,2,1.5e-07,1.0e+00,6.1e-02,8.7e-02,1.0e-03,2.9e-02,global-SY%GNTE,CASSYGGNTEAFF,TRBV6-3,TRBJ1-1,NA,Donor1:healthy,2.000000,-,-,-,-,-,-,-,-,-,-,-

1272,SLAG%TE,2.0e-01,1,2,1.7e-07,1.0e+00,6.5e-02,8.8e-02,1.0e-03,2.9e-02,global-SLAG%TE,CASSLAGDTEAFF,TRBV5-8,TRBJ1-1,NA,Donor1:healthy,1.000000,-,-,-,-,-,-,-,-,-,-,-
1272,SLAG%TE,2.0e-01,1,2,1.7e-07,1.0e+00,6.5e-02,8.8e-02,1.0e-03,2.9e-02,global-SLAG%TE,CASSLAGNTEAFF,TRBV27,TRBJ1-1,NA,Donor1:healthy,2.000000,-,-,-,-,-,-,-,-,-,-,-

1273,SSGG%YE,2.0e-01,1,2,4.5e-06,1.0e+00,1.6e-01,1.0e+00,1.0e-03,2.9e-02,global-SSGG%YE,CASSSGGAYEQYF,TRBV7-8,TRBJ2-7,NA,Donor1:healthy,1.000000,-,-,-,-,-,-,-,-,-,-,-
1273,SSGG%YE,2.0e-01,1,2,4.5e-06,1.0e+00,1.6e-01,1.0e+00,1.0e-03,2.9e-02,global-SSGG%YE,CASSSGGSYEQYF,TRBV19,TRBJ2-7,NA,Donor1:healthy,1.000000,-,-,-,-,-,-,-,-,-,-,-
1273,SSGG%YE,2.0e-01,1,2,4.5e-06,1.0e+00,1.6e-01,1.0e+00,1.0e-03,2.9e-02,global-SSGG%YE,CASSSGGSYEQYF,TRBV5-6,TRBJ2-7,NA,Donor1:healthy,1.000000,-,-,-,-,-,-,-,-,-,-,-

1274,SLGQ%YG,2.0e-01,1,2,1.7e-06,1.0e+00,5.9e-02,1.0e+00,1.0e-03,2.9e-02,global-SLGQ%YG,CASSLGQNYGYTF,TRBV5-6,TRBJ1-2,NA,Donor1:healthy,1.000000,-,-,-,-,-,-,-,-,-,-,-
1274,SLGQ%YG,2.0e-01,1,2,1.7e-06,1.0e+00,5.9e-02,1.0e+00,1.0e-03,2.9e-02,global-SLGQ%YG,CASSLGQGYGYTF,TRBV7-9,TRBJ1-2,NA,Donor1:healthy,1.000000,-,-,-,-,-,-,-,-,-,-,-

1275,SPGQG%E,2.0e-01,1,3,1.3e-07,1.0e+00,3.4e-01,6.0e-02,1.0e-03,6.2e-03,global-SPGQG%E,CASSPGQGNEQYF,TRBV5-8,TRBJ2-7,NA,Donor1:healthy,1.000000,-,-,-,-,-,-,-,-,-,-,-
1275,SPGQG%E,2.0e-01,1,3,1.3e-07,1.0e+00,3.4e-01,6.0e-02,1.0e-03,6.2e-03,global-SPGQG%E,CASSPGQGNEQFF,TRBV27,TRBJ2-1,NA,Donor1:healthy,1.000000,-,-,-,-,-,-,-,-,-,-,-
1275,SPGQG%E,2.0e-01,1,3,1.3e-07,1.0e+00,3.4e-01,6.0e-02,1.0e-03,6.2e-03,global-SPGQG%E,CASSPGQGNEQFF,TRBV9,TRBJ2-1,NA,Donor1:healthy,1.000000,-,-,-,-,-,-,-,-,-,-,-
1275,SPGQG%E,2.0e-01,1,3,1.3e-07,1.0e+00,3.4e-01,6.0e-02,1.0e-03,6.2e-03,global-SPGQG%E,CASSPGQGSEQYF,TRBV4-1,TRBJ2-7,NA,Donor1:healthy,6.000000,-,-,-,-,-,-,-,-,-,-,-

1276,SQDRG%E,2.0e-01,1,2,2.9e-08,1.0e+00,1.0e-03,1.0e+00,1.0e-03,2.9e-02,global-SQDRG%E,CASSQDRGHEQYF,TRBV4-3,TRBJ2-7,NA,Donor1:healthy,1.000000,-,-,-,-,-,-,-,-,-,-,-
1276,SQDRG%E,2.0e-01,1,2,2.9e-08,1.0e+00,1.0e-03,1.0e+00,1.0e-03,2.9e-02,global-SQDRG%E,CASSQDRGYEQYF,TRBV4-3,TRBJ2-7,NA,Donor1:healthy,1.000000,-,-,-,-,-,-,-,-,-,-,-

1277,SP%GSSYE,2.0e-01,1,2,5.4e-06,1.0e+00,1.9e-01,1.0e+00,1.0e-03,2.9e-02,global-SP%GSSYE,CASSPAGSSYEQYF,TRBV9,TRBJ2-7,NA,Donor1:healthy,1.000000,-,-,-,-,-,-,-,-,-,-,-
1277,SP%GSSYE,2.0e-01,1,2,5.4e-06,1.0e+00,1.9e-01,1.0e+00,1.0e-03,2.9e-02,global-SP%GSSYE,CASSPTGSSYEQYF,TRBV19,TRBJ2-7,NA,Donor1:healthy,1.000000,-,-,-,-,-,-,-,-,-,-,-
1277,SP%GSSYE,2.0e-01,1,2,5.4e-06,1.0e+00,1.9e-01,1.0e+00,1.0e-03,2.9e-02,global-SP%GSSYE,CASSPTGSSYEQYF,TRBV6-6,TRBJ2-7,NA,Donor1:healthy,1.000000,-,-,-,-,-,-,-,-,-,-,-

1278,SLGQG%YG,2.0e-01,1,2,1.8e-06,1.0e+00,6.1e-02,1.0e+00,1.0e-03,2.9e-02,global-SLGQG%YG,CASSLGQGAYGYTF,TRBV28,TRBJ1-2,NA,Donor1:healthy,1.000000,-,-,-,-,-,-,-,-,-,-,-
1278,SLGQG%YG,2.0e-01,1,2,1.8e-06,1.0e+00,6.1e-02,1.0e+00,1.0e-03,2.9e-02,global-SLGQG%YG,CASSLGQGVYGYTF,TRBV27,TRBJ1-2,NA,Donor1:healthy,1.000000,-,-,-,-,-,-,-,-,-,-,-

1279,SQGLAG%E,2.0e-01,1,2,1.9e-06,1.0e+00,6.4e-02,1.0e+00,1.0e-03,2.9e-02,global-SQGLAG%E,CASSQGLAGSEQYF,TRBV4-3,TRBJ2-7,NA,Donor1:healthy,1.000000,-,-,-,-,-,-,-,-,-,-,-
1279,SQGLAG%E,2.0e-01,1,2,1.9e-06,1.0e+00,6.4e-02,1.0e+00,1.0e-03,2.9e-02,global-SQGLAG%E,CASSQGLAGDEQFF,TRBV5-4,TRBJ2-1,NA,Donor1:healthy,1.000000,-,-,-,-,-,-,-,-,-,-,-

1280,SLG%GSSYE,2.0e-01,1,2,2.1e-06,1.0e+00,7.2e-02,1.0e+00,1.0e-03,2.9e-02,global-SLG%GSSYE,CASSLGDGSSYEQYF,TRBV5-1,TRBJ2-7,NA,Donor1:healthy,1.000000,-,-,-,-,-,-,-,-,-,-,-
1280,SLG%GSSYE,2.0e-01,1,2,2.1e-06,1.0e+00,7.2e-02,1.0e+00,1.0e-03,2.9e-02,global-SLG%GSSYE,CASSLGQGSSYEQYF,TRBV28,TRBJ2-7,NA,Donor1:healthy,1.000000,-,-,-,-,-,-,-,-,-,-,-

1281,S%SSYE,2.1e-01,1,3,2.0e-06,1.0e+00,3.2e-01,1.0e+00,1.0e-03,6.2e-03,global-S%SSYE,CASSTSSYEQYF,TRBV27,TRBJ2-7,NA,Donor1:healthy,1.000000,-,-,-,-,-,-,-,-,-,-,-
1281,S%SSYE,2.1e-01,1,3,2.0e-06,1.0e+00,3.2e-01,1.0e+00,1.0e-03,6.2e-03,global-S%SSYE,CASSTSSYEQYF,TRBV7-9,TRBJ2-7,NA,Donor1:healthy,1.000000,-,-,-,-,-,-,-,-,-,-,-
1281,S%SSYE,2.1e-01,1,3,2.0e-06,1.0e+00,3.2e-01,1.0e+00,1.0e-03,6.2e-03,global-S%SSYE,CASSDSSYEQYF,TRBV7-2,TRBJ2-7,NA,Donor1:healthy,1.000000,-,-,-,-,-,-,-,-,-,-,-
1281,S%SSYE,2.1e-01,1,3,2.0e-06,1.0e+00,3.2e-01,1.0e+00,1.0e-03,6.2e-03,global-S%SSYE,CASSSSSYEQYF,TRBV28,TRBJ2-7,NA,Donor1:healthy,1.000000,-,-,-,-,-,-,-,-,-,-,-

1282,GG%E,2.2e-01,1,3,1.1e-06,1.0e+00,1.8e-01,1.0e+00,1.0e-03,6.2e-03,global-GG%E,CASGGGEQFF,TRBV25-1,TRBJ2-1,NA,Donor1:healthy,1.000000,-,-,-,-,-,-,-,-,-,-,-
1282,GG%E,2.2e-01,1,3,1.1e-06,1.0e+00,1.8e-01,1.0e+00,1.0e-03,6.2e-03,global-GG%E,CASGGNEQFF,TRBV12-4,TRBJ2-1,NA,Donor1:healthy,1.000000,-,-,-,-,-,-,-,-,-,-,-
1282,GG%E,2.2e-01,1,3,1.1e-06,1.0e+00,1.8e-01,1.0e+00,1.0e-03,6.2e-03,global-GG%E,CSVGGSEQYF,TRBV29-1,TRBJ2-7,NA,Donor1:healthy,1.000000,-,-,-,-,-,-,-,-,-,-,-

1283,SY%TE,2.2e-01,1,2,2.0e-06,1.0e+00,7.0e-02,1.0e+00,1.0e-03,2.9e-02,global-SY%TE,CASSYNTEAFF,TRBV6-3,TRBJ1-1,NA,Donor1:healthy,1.000000,-,-,-,-,-,-,-,-,-,-,-
1283,SY%TE,2.2e-01,1,2,2.0e-06,1.0e+00,7.0e-02,1.0e+00,1.0e-03,2.9e-02,global-SY%TE,CASSYGTEAFF,TRBV16,TRBJ1-1,NA,Donor1:healthy,1.000000,-,-,-,-,-,-,-,-,-,-,-

1284,%SGSYE,2.2e-01,1,2,5.2e-06,1.0e+00,1.8e-01,1.0e+00,1.0e-03,2.9e-02,global-%SGSYE,CSVTSGSYEQYF,TRBV29-1,TRBJ2-7,NA,Donor1:healthy,1.000000,-,-,-,-,-,-,-,-,-,-,-
1284,%SGSYE,2.2e-01,1,2,5.2e-06,1.0e+00,1.8e-01,1.0e+00,1.0e-03,2.9e-02,global-%SGSYE,CASSSGSYEQYF,TRBV28,TRBJ2-7,NA,Donor1:healthy,1.000000,-,-,-,-,-,-,-,-,-,-,-
1284,%SGSYE,2.2e-01,1,2,5.2e-06,1.0e+00,1.8e-01,1.0e+00,1.0e-03,2.9e-02,global-%SGSYE,CASSSGSYEQYF,TRBV9,TRBJ2-7,NA,Donor1:healthy,1.000000,-,-,-,-,-,-,-,-,-,-,-

1285,S%GVNE,2.2e-01,1,2,2.1e-06,1.0e+00,7.1e-02,1.0e+00,1.0e-03,2.9e-02,global-S%GVNE,CASSFGVNEQFF,TRBV12-4,TRBJ2-1,NA,Donor1:healthy,1.000000,-,-,-,-,-,-,-,-,-,-,-
1285,S%GVNE,2.2e-01,1,2,2.1e-06,1.0e+00,7.1e-02,1.0e+00,1.0e-03,2.9e-02,global-S%GVNE,CASSLGVNEQYF,TRBV7-2,TRBJ2-7,NA,Donor1:healthy,1.000000,-,-,-,-,-,-,-,-,-,-,-

1286,S%GVNE,2.2e-01,1,2,1.6e-06,1.0e+00,5.6e-02,1.0e+00,1.0e-03,2.9e-02,global-S%GVNE,CASSDGVNEQFF,TRBV6-4,TRBJ2-1,NA,Donor1:healthy,1.000000,-,-,-,-,-,-,-,-,-,-,-
1286,S%GVNE,2.2e-01,1,2,1.6e-06,1.0e+00,5.6e-02,1.0e+00,1.0e-03,2.9e-02,global-S%GVNE,CATSSGVNEQFF,TRBV15,TRBJ2-1,NA,Donor1:healthy,1.000000,-,-,-,-,-,-,-,-,-,-,-

1287,S%GSTE,2.2e-01,1,2,1.7e-06,1.0e+00,5.7e-02,1.0e+00,1.0e-03,2.9e-02,global-S%GSTE,CASSQGSTEAFF,TRBV4-2,TRBJ1-1,NA,Donor1:healthy,1.000000,-,-,-,-,-,-,-,-,-,-,-
1287,S%GSTE,2.2e-01,1,2,1.7e-06,1.0e+00,5.7e-02,1.0e+00,1.0e-03,2.9e-02,global-S%GSTE,CASSRGSTEAFF,TRBV9,TRBJ1-1,NA,Donor1:healthy,1.000000,-,-,-,-,-,-,-,-,-,-,-

1288,S%GGGG,2.2e-01,1,2,1.7e-06,1.0e+00,5.8e-02,1.0e+00,1.0e-03,2.9e-02,global-S%GGGG,CASSAGGGGQYF,TRBV27,TRBJ2-3,NA,Donor1:healthy,1.000000,-,-,-,-,-,-,-,-,-,-,-
1288,S%GGGG,2.2e-01,1,2,1.7e-06,1.0e+00,5.8e-02,1.0e+00,1.0e-03,2.9e-02,global-S%GGGG,CASSSGGGGQFF,TRBV19,TRBJ2-1,NA,Donor1:healthy,1.000000,-,-,-,-,-,-,-,-,-,-,-

1289,SQ%TGE,2.2e-01,1,2,1.9e-06,1.0e+00,6.4e-02,1.0e+00,1.0e-03,2.9e-02,global-SQ%TGE,CASSQATGEAFF,TRBV4-2,TRBJ1-1,NA,Donor1:healthy,1.000000,-,-,-,-,-,-,-,-,-,-,-
1289,SQ%TGE,2.2e-01,1,2,1.9e-06,1.0e+00,6.4e-02,1.0e+00,1.0e-03,2.9e-02,global-SQ%TGE,CASSQGTGELFF,TRBV14,TRBJ2-2,NA,Donor1:healthy,1.000000,-,-,-,-,-,-,-,-,-,-,-

1290,GTG%TE,2.2e-01,1,2,2.0e-06,1.0e+00,7.0e-02,1.0e+00,1.0e-03,2.9e-02,global-GTG%TE,CATGTGNTEAFF,TRBV19,TRBJ1-1,NA,Donor1:healthy,1.000000,-,-,-,-,-,-,-,-,-,-,-
1290,GTG%TE,2.2e-01,1,2,2.0e-06,1.0e+00,7.0e-02,1.0e+00,1.0e-03,2.9e-02,global-GTG%TE,CASGTGGTEAFF,TRBV18,TRBJ1-1,NA,Donor1:healthy,1.000000,-,-,-,-,-,-,-,-,-,-,-

1291,SPGT%E,2.2e-01,1,2,1.9e-06,1.0e+00,6.4e-02,1.0e+00,1.0e-03,2.9e-02,global-SPGT%E,CASSPGTNEQFF,TRBV25-1,TRBJ2-1,NA,Donor1:healthy,1.000000,-,-,-,-,-,-,-,-,-,-,-
1291,SPGT%E,2.2e-01,1,2,1.9e-06,1.0e+00,6.4e-02,1.0e+00,1.0e-03,2.9e-02,global-SPGT%E,CASSPGTTEAFF,TRBV7-3,TRBJ1-1,NA,Donor1:healthy,1.000000,-,-,-,-,-,-,-,-,-,-,-

1292,SLAG%E,2.2e-01,1,3,1.1e-06,1.0e+00,1.7e-01,1.0e+00,1.0e-03,6.2e-03,global-SLAG%E,CASSLAGREQYF,TRBV5-4,TRBJ2-7,NA,Donor1:healthy,1.000000,-,-,-,-,-,-,-,-,-,-,-
1292,SLAG%E,2.2e-01,1,3,1.1e-06,1.0e+00,1.7e-01,1.0e+00,1.0e-03,6.2e-03,global-SLAG%E,CASSLAGDEQYF,TRBV11-2,TRBJ2-7,NA,Donor1:healthy,1.000000,-,-,-,-,-,-,-,-,-,-,-
1292,SLAG%E,2.2e-01,1,3,1.1e-06,1.0e+00,1.7e-01,1.0e+00,1.0e-03,6.2e-03,global-SLAG%E,CASSLAGQEQYF,TRBV5-1,TRBJ2-7,NA,Donor1:healthy,1.000000,-,-,-,-,-,-,-,-,-,-,-

1293,%LAGSYE,2.2e-01,1,2,1.9e-06,1.0e+00,6.4e-02,1.0e+00,1.0e-03,2.9e-02,global-%LAGSYE,CASSLAGSYEQYF,TRBV7-9,TRBJ2-7,NA,Donor1:healthy,1.000000,-,-,-,-,-,-,-,-,-,-,-
1293,%LAGSYE,2.2e-01,1,2,1.9e-06,1.0e+00,6.4e-02,1.0e+00,1.0e-03,2.9e-02,global-%LAGSYE,CASGLAGSYEQYF,TRBV27,TRBJ2-7,NA,Donor1:healthy,1.000000,-,-,-,-,-,-,-,-,-,-,-

1294,S%AGSYE,2.2e-01,1,2,2.0e-06,1.0e+00,6.8e-02,1.0e+00,1.0e-03,2.9e-02,global-S%AGSYE,CASSFAGSYEQYF,TRBV27,TRBJ2-7,NA,Donor1:healthy,1.000000,-,-,-,-,-,-,-,-,-,-,-
1294,S%AGSYE,2.2e-01,1,2,2.0e-06,1.0e+00,6.8e-02,1.0e+00,1.0e-03,2.9e-02,global-S%AGSYE,CASSLAGSYEQYF,TRBV7-9,TRBJ2-7,NA,Donor1:healthy,1.000000,-,-,-,-,-,-,-,-,-,-,-

1295,S%DSTDT,2.2e-01,1,2,1.9e-06,1.0e+00,6.6e-02,1.0e+00,1.0e-03,2.9e-02,global-S%DSTDT,CASSMDSTDTQYF,TRBV7-2,TRBJ2-3,NA,Donor1:healthy,1.000000,-,-,-,-,-,-,-,-,-,-,-
1295,S%DSTDT,2.2e-01,1,2,1.9e-06,1.0e+00,6.6e-02,1.0e+00,1.0e-03,2.9e-02,global-S%DSTDT,CASSLDSTDTQYF,TRBV27,TRBJ2-3,NA,Donor1:healthy,1.000000,-,-,-,-,-,-,-,-,-,-,-

1296,S%SGGTE,2.2e-01,1,2,1.9e-06,1.0e+00,6.5e-02,1.0e+00,1.0e-03,2.9e-02,global-S%SGGTE,CASSFSGGTEAFF,TRBV27,TRBJ1-1,NA,Donor1:healthy,1.000000,-,-,-,-,-,-,-,-,-,-,-
1296,S%SGGTE,2.2e-01,1,2,1.9e-06,1.0e+00,6.5e-02,1.0e+00,1.0e-03,2.9e-02,global-S%SGGTE,CASSLSGGTEAFF,TRBV7-9,TRBJ1-1,NA,Donor1:healthy,1.000000,-,-,-,-,-,-,-,-,-,-,-

1297,SP%GNTE,2.2e-01,1,2,1.3e-07,1.0e+00,6.3e-02,6.9e-02,1.0e-03,2.9e-02,global-SP%GNTE,CASSPSGNTEAFF,TRBV7-9,TRBJ1-1,NA,Donor1:healthy,2.000000,-,-,-,-,-,-,-,-,-,-,-
1297,SP%GNTE,2.2e-01,1,2,1.3e-07,1.0e+00,6.3e-02,6.9e-02,1.0e-03,2.9e-02,global-SP%GNTE,CASSPGGNTEAFF,TRBV7-3,TRBJ1-1,NA,Donor1:healthy,1.000000,-,-,-,-,-,-,-,-,-,-,-

1298,SRD%YNE,2.2e-01,1,2,5.6e-06,1.0e+00,1.9e-01,1.0e+00,1.0e-03,2.9e-02,global-SRD%YNE,CASSRDSYNEQFF,TRBV19,TRBJ2-1,NA,Donor1:healthy,1.000000,-,-,-,-,-,-,-,-,-,-,-
1298,SRD%YNE,2.2e-01,1,2,5.6e-06,1.0e+00,1.9e-01,1.0e+00,1.0e-03,2.9e-02,global-SRD%YNE,CASSRDSYNEQFF,TRBV6-3,TRBJ2-1,NA,Donor1:healthy,1.000000,-,-,-,-,-,-,-,-,-,-,-
1298,SRD%YNE,2.2e-01,1,2,5.6e-06,1.0e+00,1.9e-01,1.0e+00,1.0e-03,2.9e-02,global-SRD%YNE,CATSRDGYNEQFF,TRBV15,TRBJ2-1,NA,Donor1:healthy,1.000000,-,-,-,-,-,-,-,-,-,-,-

1299,SLD%NTE,2.2e-01,1,2,2.0e-06,1.0e+00,6.7e-02,1.0e+00,1.0e-03,2.9e-02,global-SLD%NTE,CASSLDGNTEAFF,TRBV11-2,TRBJ1-1,NA,Donor1:healthy,1.000000,-,-,-,-,-,-,-,-,-,-,-
1299,SLD%NTE,2.2e-01,1,2,2.0e-06,1.0e+00,6.7e-02,1.0e+00,1.0e-03,2.9e-02,global-SLD%NTE,CASSLDANTEAFF,TRBV6-5,TRBJ1-1,NA,Donor1:healthy,1.000000,-,-,-,-,-,-,-,-,-,-,-

1300,SLT%SYE,2.2e-01,1,2,2.0e-06,1.0e+00,6.9e-02,1.0e+00,1.0e-03,2.9e-02,global-SLT%SYE,CASSLTSSYEQYF,TRBV12-3,TRBJ2-7,NA,Donor1:healthy,1.000000,-,-,-,-,-,-,-,-,-,-,-
1300,SLT%SYE,2.2e-01,1,2,2.0e-06,1.0e+00,6.9e-02,1.0e+00,1.0e-03,2.9e-02,global-SLT%SYE,CASSLTESYEQYF,TRBV7-7,TRBJ2-7,NA,Donor1:healthy,1.000000,-,-,-,-,-,-,-,-,-,-,-

1301,SLA%YNE,2.2e-01,1,2,2.1e-06,1.0e+00,7.2e-02,1.0e+00,1.0e-03,2.9e-02,global-SLA%YNE,CASSLAAYNEQFF,TRBV7-2,TRBJ2-1,NA,Donor1:healthy,1.000000,-,-,-,-,-,-,-,-,-,-,-
1301,SLA%YNE,2.2e-01,1,2,2.1e-06,1.0e+00,7.2e-02,1.0e+00,1.0e-03,2.9e-02,global-SLA%YNE,CASSLASYNEQFF,TRBV7-6,TRBJ2-1,NA,Donor1:healthy,1.000000,-,-,-,-,-,-,-,-,-,-,-

1302,SPGG%YE,2.2e-01,1,2,5.6e-06,1.0e+00,1.9e-01,1.0e+00,1.0e-03,2.9e-02,global-SPGG%YE,CASSPGGGYEQYF,TRBV7-3,TRBJ2-7,NA,Donor1:healthy,1.000000,-,-,-,-,-,-,-,-,-,-,-
1302,SPGG%YE,2.2e-01,1,2,5.6e-06,1.0e+00,1.9e-01,1.0e+00,1.0e-03,2.9e-02,global-SPGG%YE,CASSPGGSYEQYF,TRBV13,TRBJ2-7,NA,Donor1:healthy,1.000000,-,-,-,-,-,-,-,-,-,-,-
1302,SPGG%YE,2.2e-01,1,2,5.6e-06,1.0e+00,1.9e-01,1.0e+00,1.0e-03,2.9e-02,global-SPGG%YE,CASSPGGSYEQYF,TRBV7-6,TRBJ2-7,NA,Donor1:healthy,1.000000,-,-,-,-,-,-,-,-,-,-,-

1303,S%DRGNTE,2.2e-01,1,2,2.9e-08,1.0e+00,1.0e-03,1.0e+00,1.0e-03,2.9e-02,global-S%DRGNTE,CASSSDRGNTEAFF,TRBV12-4,TRBJ1-1,NA,Donor1:healthy,1.000000,-,-,-,-,-,-,-,-,-,-,-
1303,S%DRGNTE,2.2e-01,1,2,2.9e-08,1.0e+00,1.0e-03,1.0e+00,1.0e-03,2.9e-02,global-S%DRGNTE,CASSEDRGNTEAFF,TRBV12-4,TRBJ1-1,NA,Donor1:healthy,1.000000,-,-,-,-,-,-,-,-,-,-,-

1304,S%GQMNTE,2.2e-01,1,2,1.7e-06,1.0e+00,6.0e-02,1.0e+00,1.0e-03,2.9e-02,global-S%GQMNTE,CASSVGQMNTEAFF,TRBV9,TRBJ1-1,NA,Donor1:healthy,1.000000,-,-,-,-,-,-,-,-,-,-,-
1304,S%GQMNTE,2.2e-01,1,2,1.7e-06,1.0e+00,6.0e-02,1.0e+00,1.0e-03,2.9e-02,global-S%GQMNTE,CASSLGQMNTEAFF,TRBV27,TRBJ1-1,NA,Donor1:healthy,1.000000,-,-,-,-,-,-,-,-,-,-,-

1305,S%GTGTYE,2.2e-01,1,2,5.5e-06,1.0e+00,1.9e-01,1.0e+00,1.0e-03,2.9e-02,global-S%GTGTYE,CASSTGTGTYEQYF,TRBV13,TRBJ2-7,NA,Donor1:healthy,1.000000,-,-,-,-,-,-,-,-,-,-,-
1305,S%GTGTYE,2.2e-01,1,2,5.5e-06,1.0e+00,1.9e-01,1.0e+00,1.0e-03,2.9e-02,global-S%GTGTYE,CASSTGTGTYEQYF,TRBV4-1,TRBJ2-7,NA,Donor1:healthy,1.000000,-,-,-,-,-,-,-,-,-,-,-
1305,S%GTGTYE,2.2e-01,1,2,5.5e-06,1.0e+00,1.9e-01,1.0e+00,1.0e-03,2.9e-02,global-S%GTGTYE,CASSSGTGTYEQYF,TRBV7-2,TRBJ2-7,NA,Donor1:healthy,1.000000,-,-,-,-,-,-,-,-,-,-,-

1306,SQE%GSYE,2.2e-01,1,2,2.9e-08,1.0e+00,1.0e-03,1.0e+00,1.0e-03,2.9e-02,global-SQE%GSYE,CASSQEGGSYEQYF,TRBV4-3,TRBJ2-7,NA,Donor1:healthy,1.000000,-,-,-,-,-,-,-,-,-,-,-
1306,SQE%GSYE,2.2e-01,1,2,2.9e-08,1.0e+00,1.0e-03,1.0e+00,1.0e-03,2.9e-02,global-SQE%GSYE,CASSQESGSYEQYF,TRBV4-3,TRBJ2-7,NA,Donor1:healthy,1.000000,-,-,-,-,-,-,-,-,-,-,-

1307,SPGQGA%E,2.2e-01,1,2,1.4e-05,1.0e+00,4.9e-01,1.0e+00,1.0e-03,2.9e-02,global-SPGQGA%E,CASSPGQGAYEQYF,TRBV11-2,TRBJ2-7,NA,Donor1:healthy,1.000000,-,-,-,-,-,-,-,-,-,-,-
1307,SPGQGA%E,2.2e-01,1,2,1.4e-05,1.0e+00,4.9e-01,1.0e+00,1.0e-03,2.9e-02,global-SPGQGA%E,CASSPGQGAYEQYF,TRBV19,TRBJ2-7,NA,Donor1:healthy,1.000000,-,-,-,-,-,-,-,-,-,-,-
1307,SPGQGA%E,2.2e-01,1,2,1.4e-05,1.0e+00,4.9e-01,1.0e+00,1.0e-03,2.9e-02,global-SPGQGA%E,CASSPGQGAYEQYF,TRBV4-3,TRBJ2-7,NA,Donor1:healthy,1.000000,-,-,-,-,-,-,-,-,-,-,-
1307,SPGQGA%E,2.2e-01,1,2,1.4e-05,1.0e+00,4.9e-01,1.0e+00,1.0e-03,2.9e-02,global-SPGQGA%E,CASSPGQGAYEQYF,TRBV7-3,TRBJ2-7,NA,Donor1:healthy,1.000000,-,-,-,-,-,-,-,-,-,-,-
1307,SPGQGA%E,2.2e-01,1,2,1.4e-05,1.0e+00,4.9e-01,1.0e+00,1.0e-03,2.9e-02,global-SPGQGA%E,CASSPGQGAHEQYF,TRBV9,TRBJ2-7,NA,Donor1:healthy,1.000000,-,-,-,-,-,-,-,-,-,-,-

1308,R%TE,2.3e-01,1,2,2.4e-06,1.0e+00,8.4e-02,1.0e+00,1.0e-03,2.9e-02,global-R%TE,CASRETEAFF,TRBV10-2,TRBJ1-1,NA,Donor1:healthy,1.000000,-,-,-,-,-,-,-,-,-,-,-
1308,R%TE,2.3e-01,1,2,2.4e-06,1.0e+00,8.4e-02,1.0e+00,1.0e-03,2.9e-02,global-R%TE,CASRNTEAFF,TRBV19,TRBJ1-1,NA,Donor1:healthy,1.000000,-,-,-,-,-,-,-,-,-,-,-

1309,S%EGYE,2.3e-01,1,2,1.7e-06,1.0e+00,5.8e-02,1.0e+00,1.0e-03,2.9e-02,global-S%EGYE,CASSFEGYEQYF,TRBV28,TRBJ2-7,NA,Donor1:healthy,1.000000,-,-,-,-,-,-,-,-,-,-,-
1309,S%EGYE,2.3e-01,1,2,1.7e-06,1.0e+00,5.8e-02,1.0e+00,1.0e-03,2.9e-02,global-S%EGYE,CASSLEGYEQYF,TRBV12-4,TRBJ2-7,NA,Donor1:healthy,1.000000,-,-,-,-,-,-,-,-,-,-,-

1310,TG%SYE,2.3e-01,1,2,1.8e-06,1.0e+00,6.1e-02,1.0e+00,1.0e-03,2.9e-02,global-TG%SYE,CSGTGSSYEQYF,TRBV20-1,TRBJ2-7,NA,Donor1:healthy,1.000000,-,-,-,-,-,-,-,-,-,-,-
1310,TG%SYE,2.3e-01,1,2,1.8e-06,1.0e+00,6.1e-02,1.0e+00,1.0e-03,2.9e-02,global-TG%SYE,CASTGESYEQYF,TRBV4-1,TRBJ2-7,NA,Donor1:healthy,1.000000,-,-,-,-,-,-,-,-,-,-,-

1311,SFGG%E,2.3e-01,1,2,1.9e-06,1.0e+00,6.5e-02,1.0e+00,1.0e-03,2.9e-02,global-SFGG%E,CASSFGGNEQFF,TRBV7-2,TRBJ2-1,NA,Donor1:healthy,1.000000,-,-,-,-,-,-,-,-,-,-,-
1311,SFGG%E,2.3e-01,1,2,1.9e-06,1.0e+00,6.5e-02,1.0e+00,1.0e-03,2.9e-02,global-SFGG%E,CASSFGGTEAFF,TRBV12-4,TRBJ1-1,NA,Donor1:healthy,1.000000,-,-,-,-,-,-,-,-,-,-,-

1312,SL%STDT,2.3e-01,1,2,1.7e-07,1.0e+00,5.9e-02,9.9e-02,1.0e-03,2.9e-02,global-SL%STDT,CASSLASTDTQYF,TRBV7-9,TRBJ2-3,NA,Donor1:healthy,1.000000,-,-,-,-,-,-,-,-,-,-,-
1312,SL%STDT,2.3e-01,1,2,1.7e-07,1.0e+00,5.9e-02,9.9e-02,1.0e-03,2.9e-02,global-SL%STDT,CASSLGSTDTQYF,TRBV27,TRBJ2-3,NA,Donor1:healthy,2.000000,-,-,-,-,-,-,-,-,-,-,-

1313,SFG%SYE,2.3e-01,1,2,1.9e-06,1.0e+00,6.6e-02,1.0e+00,1.0e-03,2.9e-02,global-SFG%SYE,CASSFGISYEQYF,TRBV5-1,TRBJ2-7,NA,Donor1:healthy,1.000000,-,-,-,-,-,-,-,-,-,-,-
1313,SFG%SYE,2.3e-01,1,2,1.9e-06,1.0e+00,6.6e-02,1.0e+00,1.0e-03,2.9e-02,global-SFG%SYE,CASSFGFSYEQYF,TRBV12-3,TRBJ2-7,NA,Donor1:healthy,1.000000,-,-,-,-,-,-,-,-,-,-,-

1314,SLGP%YE,2.3e-01,1,2,2.4e-06,1.0e+00,8.3e-02,1.0e+00,1.0e-03,2.9e-02,global-SLGP%YE,CASSLGPTYEQFF,TRBV27,TRBJ2-1,NA,Donor1:healthy,1.000000,-,-,-,-,-,-,-,-,-,-,-
1314,SLGP%YE,2.3e-01,1,2,2.4e-06,1.0e+00,8.3e-02,1.0e+00,1.0e-03,2.9e-02,global-SLGP%YE,CASSLGPSYEQYF,TRBV5-6,TRBJ2-7,NA,Donor1:healthy,1.000000,-,-,-,-,-,-,-,-,-,-,-

1315,S%GTGNTE,2.3e-01,1,2,7.5e-08,1.0e+00,7.4e-02,3.5e-02,1.0e-03,2.9e-02,global-S%GTGNTE,CASSSGTGNTEAFF,TRBV5-6,TRBJ1-1,NA,Donor1:healthy,1.000000,-,-,-,-,-,-,-,-,-,-,-
1315,S%GTGNTE,2.3e-01,1,2,7.5e-08,1.0e+00,7.4e-02,3.5e-02,1.0e-03,2.9e-02,global-S%GTGNTE,CASSQGTGNTEAFF,TRBV4-1,TRBJ1-1,NA,Donor1:healthy,5.000000,-,-,-,-,-,-,-,-,-,-,-

1316,SL%GGNQP,2.3e-01,1,2,2.0e-06,1.0e+00,6.9e-02,1.0e+00,1.0e-03,2.9e-02,global-SL%GGNQP,CASSLEGGNQPQHF,TRBV7-6,TRBJ1-5,NA,Donor1:healthy,1.000000,-,-,-,-,-,-,-,-,-,-,-
1316,SL%GGNQP,2.3e-01,1,2,2.0e-06,1.0e+00,6.9e-02,1.0e+00,1.0e-03,2.9e-02,global-SL%GGNQP,CASSLSGGNQPQHF,TRBV27,TRBJ1-5,NA,Donor1:healthy,1.000000,-,-,-,-,-,-,-,-,-,-,-

1317,SLGQG%SYE,2.3e-01,1,2,2.1e-06,1.0e+00,7.1e-02,1.0e+00,1.0e-03,2.9e-02,global-SLGQG%SYE,CASSLGQGGSYEQYF,TRBV5-5,TRBJ2-7,NA,Donor1:healthy,1.000000,-,-,-,-,-,-,-,-,-,-,-
1317,SLGQG%SYE,2.3e-01,1,2,2.1e-06,1.0e+00,7.1e-02,1.0e+00,1.0e-03,2.9e-02,global-SLGQG%SYE,CASSLGQGSSYEQYF,TRBV28,TRBJ2-7,NA,Donor1:healthy,1.000000,-,-,-,-,-,-,-,-,-,-,-

1318,S%GPE,2.4e-01,1,3,1.0e-06,1.0e+00,1.7e-01,1.0e+00,1.0e-03,6.2e-03,global-S%GPE,CASSLGPELFF,TRBV12-4,TRBJ2-2,NA,Donor1:healthy,1.000000,-,-,-,-,-,-,-,-,-,-,-
1318,S%GPE,2.4e-01,1,3,1.0e-06,1.0e+00,1.7e-01,1.0e+00,1.0e-03,6.2e-03,global-S%GPE,CAWSLGPEQFF,TRBV30,TRBJ2-1,NA,Donor1:healthy,1.000000,-,-,-,-,-,-,-,-,-,-,-
1318,S%GPE,2.4e-01,1,3,1.0e-06,1.0e+00,1.7e-01,1.0e+00,1.0e-03,6.2e-03,global-S%GPE,CASSFGPEAFF,TRBV5-4,TRBJ1-1,NA,Donor1:healthy,1.000000,-,-,-,-,-,-,-,-,-,-,-

1319,S%GTGE,2.4e-01,1,3,1.2e-06,1.0e+00,1.9e-01,1.0e+00,1.0e-03,6.2e-03,global-S%GTGE,CASSQGTGELFF,TRBV14,TRBJ2-2,NA,Donor1:healthy,1.000000,-,-,-,-,-,-,-,-,-,-,-
1319,S%GTGE,2.4e-01,1,3,1.2e-06,1.0e+00,1.9e-01,1.0e+00,1.0e-03,6.2e-03,global-S%GTGE,CASSSGTGEAFF,TRBV7-9,TRBJ1-1,NA,Donor1:healthy,1.000000,-,-,-,-,-,-,-,-,-,-,-
1319,S%GTGE,2.4e-01,1,3,1.2e-06,1.0e+00,1.9e-01,1.0e+00,1.0e-03,6.2e-03,global-S%GTGE,CASSSGTGELFF,TRBV9,TRBJ2-2,NA,Donor1:healthy,1.000000,-,-,-,-,-,-,-,-,-,-,-

1320,R%DT,2.5e-01,1,2,2.0e-06,1.0e+00,6.8e-02,1.0e+00,1.0e-03,2.9e-02,global-R%DT,CASRKDTQYF,TRBV28,TRBJ2-3,NA,Donor1:healthy,1.000000,-,-,-,-,-,-,-,-,-,-,-
1320,R%DT,2.5e-01,1,2,2.0e-06,1.0e+00,6.8e-02,1.0e+00,1.0e-03,2.9e-02,global-R%DT,CSVRSDTQYF,TRBV29-1,TRBJ2-3,NA,Donor1:healthy,1.000000,-,-,-,-,-,-,-,-,-,-,-

1321,SV%NE,2.5e-01,1,2,2.9e-08,1.0e+00,1.0e-03,1.0e+00,1.0e-03,2.9e-02,global-SV%NE,CASSVQNEQFF,TRBV9,TRBJ2-1,NA,Donor1:healthy,1.000000,-,-,-,-,-,-,-,-,-,-,-
1321,SV%NE,2.5e-01,1,2,2.9e-08,1.0e+00,1.0e-03,1.0e+00,1.0e-03,2.9e-02,global-SV%NE,CASSVDNEQFF,TRBV9,TRBJ2-1,NA,Donor1:healthy,1.000000,-,-,-,-,-,-,-,-,-,-,-

1322,SFS%E,2.5e-01,1,2,1.8e-06,1.0e+00,3.4e-01,1.8e-01,1.0e-03,2.9e-02,global-SFS%E,CASSFSYEQYF,TRBV28,TRBJ2-7,NA,Donor1:healthy,1.000000,-,-,-,-,-,-,-,-,-,-,-
1322,SFS%E,2.5e-01,1,2,1.8e-06,1.0e+00,3.4e-01,1.8e-01,1.0e-03,2.9e-02,global-SFS%E,CASSFSYEQYF,TRBV5-6,TRBJ2-7,NA,Donor1:healthy,2.000000,-,-,-,-,-,-,-,-,-,-,-
1322,SFS%E,2.5e-01,1,2,1.8e-06,1.0e+00,3.4e-01,1.8e-01,1.0e-03,2.9e-02,global-SFS%E,CASSFSYEQYF,TRBV6-3,TRBJ2-7,NA,Donor1:healthy,1.000000,-,-,-,-,-,-,-,-,-,-,-
1322,SFS%E,2.5e-01,1,2,1.8e-06,1.0e+00,3.4e-01,1.8e-01,1.0e-03,2.9e-02,global-SFS%E,CASSFSHEQFF,TRBV12-4,TRBJ2-1,NA,Donor1:healthy,1.000000,-,-,-,-,-,-,-,-,-,-,-

1323,%QGGTE,2.5e-01,1,2,2.3e-06,1.0e+00,7.8e-02,1.0e+00,1.0e-03,2.9e-02,global-%QGGTE,CASTQGGTEAFF,TRBV12-4,TRBJ1-1,NA,Donor1:healthy,1.000000,-,-,-,-,-,-,-,-,-,-,-
1323,%QGGTE,2.5e-01,1,2,2.3e-06,1.0e+00,7.8e-02,1.0e+00,1.0e-03,2.9e-02,global-%QGGTE,CAWSQGGTEAFF,TRBV30,TRBJ1-1,NA,Donor1:healthy,1.000000,-,-,-,-,-,-,-,-,-,-,-

1324,S%DYNE,2.5e-01,1,2,2.0e-06,1.0e+00,6.9e-02,1.0e+00,1.0e-03,2.9e-02,global-S%DYNE,CASSADYNEQFF,TRBV7-6,TRBJ2-1,NA,Donor1:healthy,1.000000,-,-,-,-,-,-,-,-,-,-,-
1324,S%DYNE,2.5e-01,1,2,2.0e-06,1.0e+00,6.9e-02,1.0e+00,1.0e-03,2.9e-02,global-S%DYNE,CASSTDYNEQFF,TRBV19,TRBJ2-1,NA,Donor1:healthy,1.000000,-,-,-,-,-,-,-,-,-,-,-

1325,S%TGAE,2.5e-01,1,2,5.2e-06,1.0e+00,1.8e-01,1.0e+00,1.0e-03,2.9e-02,global-S%TGAE,CASSFTGAEQFF,TRBV5-4,TRBJ2-1,NA,Donor1:healthy,1.000000,-,-,-,-,-,-,-,-,-,-,-
1325,S%TGAE,2.5e-01,1,2,5.2e-06,1.0e+00,1.8e-01,1.0e+00,1.0e-03,2.9e-02,global-S%TGAE,CASSLTGAEAFF,TRBV11-3,TRBJ1-1,NA,Donor1:healthy,1.000000,-,-,-,-,-,-,-,-,-,-,-
1325,S%TGAE,2.5e-01,1,2,5.2e-06,1.0e+00,1.8e-01,1.0e+00,1.0e-03,2.9e-02,global-S%TGAE,CASSLTGAEAFF,TRBV12-4,TRBJ1-1,NA,Donor1:healthy,1.000000,-,-,-,-,-,-,-,-,-,-,-

1326,S%GAYG,2.5e-01,1,2,6.1e-10,1.0e+00,1.0e-03,2.1e-02,1.0e-03,2.9e-02,global-S%GAYG,CASSTGAYGYTF,TRBV19,TRBJ1-2,NA,Donor1:healthy,1.000000,-,-,-,-,-,-,-,-,-,-,-
1326,S%GAYG,2.5e-01,1,2,6.1e-10,1.0e+00,1.0e-03,2.1e-02,1.0e-03,2.9e-02,global-S%GAYG,CASSAGAYGYTF,TRBV19,TRBJ1-2,NA,Donor1:healthy,12.000000,-,-,-,-,-,-,-,-,-,-,-

1327,ST%SYE,2.5e-01,1,2,5.5e-06,1.0e+00,1.9e-01,1.0e+00,1.0e-03,2.9e-02,global-ST%SYE,CASSTSSYEQYF,TRBV27,TRBJ2-7,NA,Donor1:healthy,1.000000,-,-,-,-,-,-,-,-,-,-,-
1327,ST%SYE,2.5e-01,1,2,5.5e-06,1.0e+00,1.9e-01,1.0e+00,1.0e-03,2.9e-02,global-ST%SYE,CASSTSSYEQYF,TRBV7-9,TRBJ2-7,NA,Donor1:healthy,1.000000,-,-,-,-,-,-,-,-,-,-,-
1327,ST%SYE,2.5e-01,1,2,5.5e-06,1.0e+00,1.9e-01,1.0e+00,1.0e-03,2.9e-02,global-ST%SYE,CASSTGSYEQYF,TRBV12-3,TRBJ2-7,NA,Donor1:healthy,1.000000,-,-,-,-,-,-,-,-,-,-,-

1328,SP%TDT,2.5e-01,1,2,7.0e-07,1.0e+00,1.8e-01,1.3e-01,1.0e-03,2.9e-02,global-SP%TDT,CASSPDTDTQYF,TRBV13,TRBJ2-3,NA,Donor1:healthy,1.000000,-,-,-,-,-,-,-,-,-,-,-
1328,SP%TDT,2.5e-01,1,2,7.0e-07,1.0e+00,1.8e-01,1.3e-01,1.0e-03,2.9e-02,global-SP%TDT,CASSPSTDTQYF,TRBV12-3,TRBJ2-3,NA,Donor1:healthy,1.000000,-,-,-,-,-,-,-,-,-,-,-
1328,SP%TDT,2.5e-01,1,2,7.0e-07,1.0e+00,1.8e-01,1.3e-01,1.0e-03,2.9e-02,global-SP%TDT,CASSPSTDTQYF,TRBV27,TRBJ2-3,NA,Donor1:healthy,2.000000,-,-,-,-,-,-,-,-,-,-,-

1329,SS%YNE,2.5e-01,1,2,1.8e-06,1.0e+00,6.2e-02,1.0e+00,1.0e-03,2.9e-02,global-SS%YNE,CASSSGYNEQFF,TRBV6-4,TRBJ2-1,NA,Donor1:healthy,1.000000,-,-,-,-,-,-,-,-,-,-,-
1329,SS%YNE,2.5e-01,1,2,1.8e-06,1.0e+00,6.2e-02,1.0e+00,1.0e-03,2.9e-02,global-SS%YNE,CASSSNYNEQFF,TRBV11-3,TRBJ2-1,NA,Donor1:healthy,1.000000,-,-,-,-,-,-,-,-,-,-,-

1330,SLA%SYE,2.5e-01,1,2,1.9e-06,1.0e+00,6.4e-02,1.0e+00,1.0e-03,2.9e-02,global-SLA%SYE,CASSLAGSYEQYF,TRBV7-9,TRBJ2-7,NA,Donor1:healthy,1.000000,-,-,-,-,-,-,-,-,-,-,-
1330,SLA%SYE,2.5e-01,1,2,1.9e-06,1.0e+00,6.4e-02,1.0e+00,1.0e-03,2.9e-02,global-SLA%SYE,CASSLAASYEQYF,TRBV12-3,TRBJ2-7,NA,Donor1:healthy,1.000000,-,-,-,-,-,-,-,-,-,-,-

1331,SLGLA%E,2.5e-01,1,2,2.2e-06,1.0e+00,7.6e-02,1.0e+00,1.0e-03,2.9e-02,global-SLGLA%E,CASSLGLASEQYF,TRBV7-3,TRBJ2-7,NA,Donor1:healthy,1.000000,-,-,-,-,-,-,-,-,-,-,-
1331,SLGLA%E,2.5e-01,1,2,2.2e-06,1.0e+00,7.6e-02,1.0e+00,1.0e-03,2.9e-02,global-SLGLA%E,CASSLGLAEEQFF,TRBV7-9,TRBJ2-1,NA,Donor1:healthy,1.000000,-,-,-,-,-,-,-,-,-,-,-

1332,SLGLA%E,2.5e-01,1,2,1.8e-06,1.0e+00,6.3e-02,1.0e+00,1.0e-03,2.9e-02,global-SLGLA%E,CASSLGLAYEQYF,TRBV11-2,TRBJ2-7,NA,Donor1:healthy,1.000000,-,-,-,-,-,-,-,-,-,-,-
1332,SLGLA%E,2.5e-01,1,2,1.8e-06,1.0e+00,6.3e-02,1.0e+00,1.0e-03,2.9e-02,global-SLGLA%E,CASSLGLAFEQYF,TRBV27,TRBJ2-7,NA,Donor1:healthy,1.000000,-,-,-,-,-,-,-,-,-,-,-

1333,SLGG%NTE,2.5e-01,1,2,1.7e-06,1.0e+00,5.7e-02,1.0e+00,1.0e-03,2.9e-02,global-SLGG%NTE,CASSLGGENTEAFF,TRBV5-4,TRBJ1-1,NA,Donor1:healthy,1.000000,-,-,-,-,-,-,-,-,-,-,-
1333,SLGG%NTE,2.5e-01,1,2,1.7e-06,1.0e+00,5.7e-02,1.0e+00,1.0e-03,2.9e-02,global-SLGG%NTE,CASSLGGRNTEAFF,TRBV7-9,TRBJ1-1,NA,Donor1:healthy,1.000000,-,-,-,-,-,-,-,-,-,-,-

1334,S%DGYE,2.6e-01,1,2,2.9e-08,1.0e+00,1.0e-03,1.0e+00,1.0e-03,2.9e-02,global-S%DGYE,CASSIDGYEQYF,TRBV19,TRBJ2-7,NA,Donor1:healthy,1.000000,-,-,-,-,-,-,-,-,-,-,-
1334,S%DGYE,2.6e-01,1,2,2.9e-08,1.0e+00,1.0e-03,1.0e+00,1.0e-03,2.9e-02,global-S%DGYE,CASSMDGYEQYF,TRBV19,TRBJ2-7,NA,Donor1:healthy,1.000000,-,-,-,-,-,-,-,-,-,-,-

1335,SP%TGE,2.6e-01,1,2,2.0e-06,1.0e+00,6.7e-02,1.0e+00,1.0e-03,2.9e-02,global-SP%TGE,CASSPVTGELFF,TRBV11-1,TRBJ2-2,NA,Donor1:healthy,1.000000,-,-,-,-,-,-,-,-,-,-,-
1335,SP%TGE,2.6e-01,1,2,2.0e-06,1.0e+00,6.7e-02,1.0e+00,1.0e-03,2.9e-02,global-SP%TGE,CASSPATGELFF,TRBV7-2,TRBJ2-2,NA,Donor1:healthy,1.000000,-,-,-,-,-,-,-,-,-,-,-

1336,SP%TGE,2.6e-01,1,2,5.6e-06,1.0e+00,1.9e-01,1.0e+00,1.0e-03,2.9e-02,global-SP%TGE,CASSPNTGELFF,TRBV27,TRBJ2-2,NA,Donor1:healthy,1.000000,-,-,-,-,-,-,-,-,-,-,-
1336,SP%TGE,2.6e-01,1,2,5.6e-06,1.0e+00,1.9e-01,1.0e+00,1.0e-03,2.9e-02,global-SP%TGE,CASSPNTGELFF,TRBV9,TRBJ2-2,NA,Donor1:healthy,1.000000,-,-,-,-,-,-,-,-,-,-,-
1336,SP%TGE,2.6e-01,1,2,5.6e-06,1.0e+00,1.9e-01,1.0e+00,1.0e-03,2.9e-02,global-SP%TGE,CASSPDTGELFF,TRBV6-3,TRBJ2-2,NA,Donor1:healthy,1.000000,-,-,-,-,-,-,-,-,-,-,-

1337,SLGA%E,2.6e-01,1,2,3.6e-07,1.0e+00,1.0e-01,1.2e-01,1.0e-03,2.9e-02,global-SLGA%E,CASSLGAGELFF,TRBV12-3,TRBJ2-2,NA,Donor1:healthy,1.000000,-,-,-,-,-,-,-,-,-,-,-
1337,SLGA%E,2.6e-01,1,2,3.6e-07,1.0e+00,1.0e-01,1.2e-01,1.0e-03,2.9e-02,global-SLGA%E,CASSLGAGELFF,TRBV27,TRBJ2-2,NA,Donor1:healthy,1.000000,-,-,-,-,-,-,-,-,-,-,-
1337,SLGA%E,2.6e-01,1,2,3.6e-07,1.0e+00,1.0e-01,1.2e-01,1.0e-03,2.9e-02,global-SLGA%E,CASSLGAGELFF,TRBV5-1,TRBJ2-2,NA,Donor1:healthy,3.000000,-,-,-,-,-,-,-,-,-,-,-
1337,SLGA%E,2.6e-01,1,2,3.6e-07,1.0e+00,1.0e-01,1.2e-01,1.0e-03,2.9e-02,global-SLGA%E,CASSLGAGELFF,TRBV7-9,TRBJ2-2,NA,Donor1:healthy,1.000000,-,-,-,-,-,-,-,-,-,-,-
1337,SLGA%E,2.6e-01,1,2,3.6e-07,1.0e+00,1.0e-01,1.2e-01,1.0e-03,2.9e-02,global-SLGA%E,CASSLGANEQFF,TRBV7-9,TRBJ2-1,NA,Donor1:healthy,1.000000,-,-,-,-,-,-,-,-,-,-,-

1338,SLGT%E,2.6e-01,1,2,2.0e-06,1.0e+00,6.9e-02,1.0e+00,1.0e-03,2.9e-02,global-SLGT%E,CASSLGTVEAFF,TRBV19,TRBJ1-1,NA,Donor1:healthy,1.000000,-,-,-,-,-,-,-,-,-,-,-
1338,SLGT%E,2.6e-01,1,2,2.0e-06,1.0e+00,6.9e-02,1.0e+00,1.0e-03,2.9e-02,global-SLGT%E,CASSLGTTEQFF,TRBV7-9,TRBJ2-1,NA,Donor1:healthy,1.000000,-,-,-,-,-,-,-,-,-,-,-

1339,%TGMNTE,2.6e-01,1,2,2.0e-06,1.0e+00,6.9e-02,1.0e+00,1.0e-03,2.9e-02,global-%TGMNTE,CASRTGMNTEAFF,TRBV27,TRBJ1-1,NA,Donor1:healthy,1.000000,-,-,-,-,-,-,-,-,-,-,-
1339,%TGMNTE,2.6e-01,1,2,2.0e-06,1.0e+00,6.9e-02,1.0e+00,1.0e-03,2.9e-02,global-%TGMNTE,CSAQTGMNTEAFF,TRBV20-1,TRBJ1-1,NA,Donor1:healthy,1.000000,-,-,-,-,-,-,-,-,-,-,-

1340,S%AGNTE,2.6e-01,1,2,1.8e-07,1.0e+00,6.3e-02,9.7e-02,1.0e-03,2.9e-02,global-S%AGNTE,CAISVAGNTEAFF,TRBV10-3,TRBJ1-1,NA,Donor1:healthy,1.000000,-,-,-,-,-,-,-,-,-,-,-
1340,S%AGNTE,2.6e-01,1,2,1.8e-07,1.0e+00,6.3e-02,9.7e-02,1.0e-03,2.9e-02,global-S%AGNTE,CASSLAGNTEAFF,TRBV27,TRBJ1-1,NA,Donor1:healthy,2.000000,-,-,-,-,-,-,-,-,-,-,-

1341,SLTGG%E,2.6e-01,1,2,2.3e-06,1.0e+00,7.9e-02,1.0e+00,1.0e-03,2.9e-02,global-SLTGG%E,CASSLTGGTEAFF,TRBV25-1,TRBJ1-1,NA,Donor1:healthy,1.000000,-,-,-,-,-,-,-,-,-,-,-
1341,SLTGG%E,2.6e-01,1,2,2.3e-06,1.0e+00,7.9e-02,1.0e+00,1.0e-03,2.9e-02,global-SLTGG%E,CASSLTGGAEAFF,TRBV4-2,TRBJ1-1,NA,Donor1:healthy,1.000000,-,-,-,-,-,-,-,-,-,-,-

1342,SQG%GSYE,2.6e-01,1,2,1.9e-06,1.0e+00,6.5e-02,1.0e+00,1.0e-03,2.9e-02,global-SQG%GSYE,CASSQGTGSYEQYF,TRBV4-1,TRBJ2-7,NA,Donor1:healthy,1.000000,-,-,-,-,-,-,-,-,-,-,-
1342,SQG%GSYE,2.6e-01,1,2,1.9e-06,1.0e+00,6.5e-02,1.0e+00,1.0e-03,2.9e-02,global-SQG%GSYE,CASSQGAGSYEQYF,TRBV4-3,TRBJ2-7,NA,Donor1:healthy,1.000000,-,-,-,-,-,-,-,-,-,-,-

1343,SLGG%SYE,2.6e-01,1,2,1.8e-06,1.0e+00,6.1e-02,1.0e+00,1.0e-03,2.9e-02,global-SLGG%SYE,CASSLGGGSYEQYF,TRBV7-3,TRBJ2-7,NA,Donor1:healthy,1.000000,-,-,-,-,-,-,-,-,-,-,-
1343,SLGG%SYE,2.6e-01,1,2,1.8e-06,1.0e+00,6.1e-02,1.0e+00,1.0e-03,2.9e-02,global-SLGG%SYE,CASSLGGASYEQYF,TRBV5-6,TRBJ2-7,NA,Donor1:healthy,1.000000,-,-,-,-,-,-,-,-,-,-,-

1344,S%GGSSYNE,2.6e-01,1,2,2.1e-06,1.0e+00,7.2e-02,1.0e+00,1.0e-03,2.9e-02,global-S%GGSSYNE,CASSVGGSSYNEQFF,TRBV9,TRBJ2-1,NA,Donor1:healthy,1.000000,-,-,-,-,-,-,-,-,-,-,-
1344,S%GGSSYNE,2.6e-01,1,2,2.1e-06,1.0e+00,7.2e-02,1.0e+00,1.0e-03,2.9e-02,global-S%GGSSYNE,CASSLGGSSYNEQFF,TRBV7-9,TRBJ2-1,NA,Donor1:healthy,1.000000,-,-,-,-,-,-,-,-,-,-,-

1345,%LAGE,2.7e-01,1,2,2.0e-06,1.0e+00,6.9e-02,1.0e+00,1.0e-03,2.9e-02,global-%LAGE,CASSLAGELFF,TRBV27,TRBJ2-2,NA,Donor1:healthy,1.000000,-,-,-,-,-,-,-,-,-,-,-
1345,%LAGE,2.7e-01,1,2,2.0e-06,1.0e+00,6.9e-02,1.0e+00,1.0e-03,2.9e-02,global-%LAGE,CARDLAGEQFF,TRBV2,TRBJ2-1,NA,Donor1:healthy,1.000000,-,-,-,-,-,-,-,-,-,-,-

1346,S%NNE,2.7e-01,1,2,2.1e-06,1.0e+00,7.1e-02,1.0e+00,1.0e-03,2.9e-02,global-S%NNE,CASSSNNEQFF,TRBV7-9,TRBJ2-1,NA,Donor1:healthy,1.000000,-,-,-,-,-,-,-,-,-,-,-
1346,S%NNE,2.7e-01,1,2,2.1e-06,1.0e+00,7.1e-02,1.0e+00,1.0e-03,2.9e-02,global-S%NNE,CASSGNNEQFF,TRBV27,TRBJ2-1,NA,Donor1:healthy,1.000000,-,-,-,-,-,-,-,-,-,-,-

1347,SL%ET,2.7e-01,1,2,2.1e-06,1.0e+00,7.1e-02,1.0e+00,1.0e-03,2.9e-02,global-SL%ET,CASSLKETQYF,TRBV13,TRBJ2-5,NA,Donor1:healthy,1.000000,-,-,-,-,-,-,-,-,-,-,-
1347,SL%ET,2.7e-01,1,2,2.1e-06,1.0e+00,7.1e-02,1.0e+00,1.0e-03,2.9e-02,global-SL%ET,CASSLRETQYF,TRBV7-6,TRBJ2-5,NA,Donor1:healthy,1.000000,-,-,-,-,-,-,-,-,-,-,-

1348,SLGG%,2.7e-01,1,2,2.3e-06,1.0e+00,8.0e-02,1.0e+00,1.0e-03,2.9e-02,global-SLGG%,CASSLGGMAFF,TRBV13,TRBJ1-1,NA,Donor1:healthy,1.000000,-,-,-,-,-,-,-,-,-,-,-
1348,SLGG%,2.7e-01,1,2,2.3e-06,1.0e+00,8.0e-02,1.0e+00,1.0e-03,2.9e-02,global-SLGG%,CASSLGGFYTF,TRBV5-6,TRBJ1-2,NA,Donor1:healthy,1.000000,-,-,-,-,-,-,-,-,-,-,-

1349,S%GGNT,2.7e-01,1,2,2.0e-06,1.0e+00,7.0e-02,1.0e+00,1.0e-03,2.9e-02,global-S%GGNT,CASSLGGNTIYF,TRBV7-9,TRBJ1-3,NA,Donor1:healthy,1.000000,-,-,-,-,-,-,-,-,-,-,-
1349,S%GGNT,2.7e-01,1,2,2.0e-06,1.0e+00,7.0e-02,1.0e+00,1.0e-03,2.9e-02,global-S%GGNT,CASSFGGNTIYF,TRBV5-6,TRBJ1-3,NA,Donor1:healthy,1.000000,-,-,-,-,-,-,-,-,-,-,-

1350,RD%GYE,2.7e-01,1,2,2.9e-08,1.0e+00,1.0e-03,1.0e+00,1.0e-03,2.9e-02,global-RD%GYE,CSARDEGYEQYF,TRBV20-1,TRBJ2-7,NA,Donor1:healthy,1.000000,-,-,-,-,-,-,-,-,-,-,-
1350,RD%GYE,2.7e-01,1,2,2.9e-08,1.0e+00,1.0e-03,1.0e+00,1.0e-03,2.9e-02,global-RD%GYE,CSARDQGYEQYF,TRBV20-1,TRBJ2-7,NA,Donor1:healthy,1.000000,-,-,-,-,-,-,-,-,-,-,-

1351,SL%GNE,2.7e-01,1,3,1.1e-06,1.0e+00,1.7e-01,1.0e+00,1.0e-03,6.2e-03,global-SL%GNE,CASSLQGNEQFF,TRBV27,TRBJ2-1,NA,Donor1:healthy,1.000000,-,-,-,-,-,-,-,-,-,-,-
1351,SL%GNE,2.7e-01,1,3,1.1e-06,1.0e+00,1.7e-01,1.0e+00,1.0e-03,6.2e-03,global-SL%GNE,CASSLDGNEQYF,TRBV5-1,TRBJ2-7,NA,Donor1:healthy,1.000000,-,-,-,-,-,-,-,-,-,-,-
1351,SL%GNE,2.7e-01,1,3,1.1e-06,1.0e+00,1.7e-01,1.0e+00,1.0e-03,6.2e-03,global-SL%GNE,CASSLDGNEQFF,TRBV12-4,TRBJ2-1,NA,Donor1:healthy,1.000000,-,-,-,-,-,-,-,-,-,-,-

1352,STG%YE,2.7e-01,1,2,2.1e-06,1.0e+00,7.1e-02,1.0e+00,1.0e-03,2.9e-02,global-STG%YE,CASSTGGYEQYF,TRBV19,TRBJ2-7,NA,Donor1:healthy,1.000000,-,-,-,-,-,-,-,-,-,-,-
1352,STG%YE,2.7e-01,1,2,2.1e-06,1.0e+00,7.1e-02,1.0e+00,1.0e-03,2.9e-02,global-STG%YE,CASSTGSYEQYF,TRBV12-3,TRBJ2-7,NA,Donor1:healthy,1.000000,-,-,-,-,-,-,-,-,-,-,-

1353,S%GQNTE,2.7e-01,1,2,1.7e-06,1.0e+00,5.9e-02,1.0e+00,1.0e-03,2.9e-02,global-S%GQNTE,CASSLGQNTEAFF,TRBV13,TRBJ1-1,NA,Donor1:healthy,1.000000,-,-,-,-,-,-,-,-,-,-,-
1353,S%GQNTE,2.7e-01,1,2,1.7e-06,1.0e+00,5.9e-02,1.0e+00,1.0e-03,2.9e-02,global-S%GQNTE,CASSFGQNTEAFF,TRBV11-2,TRBJ1-1,NA,Donor1:healthy,1.000000,-,-,-,-,-,-,-,-,-,-,-

1354,S%GGNQP,2.7e-01,1,2,1.7e-06,1.0e+00,5.8e-02,1.0e+00,1.0e-03,2.9e-02,global-S%GGNQP,CASSRGGNQPQHF,TRBV5-4,TRBJ1-5,NA,Donor1:healthy,1.000000,-,-,-,-,-,-,-,-,-,-,-
1354,S%GGNQP,2.7e-01,1,2,1.7e-06,1.0e+00,5.8e-02,1.0e+00,1.0e-03,2.9e-02,global-S%GGNQP,CSASQGGNQPQHF,TRBV20-1,TRBJ1-5,NA,Donor1:healthy,1.000000,-,-,-,-,-,-,-,-,-,-,-

1355,SL%SNQP,2.7e-01,1,2,1.6e-06,1.0e+00,5.6e-02,1.0e+00,1.0e-03,2.9e-02,global-SL%SNQP,CASSLFSNQPQHF,TRBV27,TRBJ1-5,NA,Donor1:healthy,1.000000,-,-,-,-,-,-,-,-,-,-,-
1355,SL%SNQP,2.7e-01,1,2,1.6e-06,1.0e+00,5.6e-02,1.0e+00,1.0e-03,2.9e-02,global-SL%SNQP,CASSLLSNQPQHF,TRBV11-2,TRBJ1-5,NA,Donor1:healthy,1.000000,-,-,-,-,-,-,-,-,-,-,-

1356,SGG%NTE,2.7e-01,1,2,2.1e-06,1.0e+00,7.3e-02,1.0e+00,1.0e-03,2.9e-02,global-SGG%NTE,CATSGGSNTEAFF,TRBV24-1,TRBJ1-1,NA,Donor1:healthy,1.000000,-,-,-,-,-,-,-,-,-,-,-
1356,SGG%NTE,2.7e-01,1,2,2.1e-06,1.0e+00,7.3e-02,1.0e+00,1.0e-03,2.9e-02,global-SGG%NTE,CASSGGKNTEAFF,TRBV25-1,TRBJ1-1,NA,Donor1:healthy,1.000000,-,-,-,-,-,-,-,-,-,-,-

1357,RTG%NTE,2.7e-01,1,2,1.8e-06,1.0e+00,6.2e-02,1.0e+00,1.0e-03,2.9e-02,global-RTG%NTE,CASRTGVNTEAFF,TRBV10-2,TRBJ1-1,NA,Donor1:healthy,1.000000,-,-,-,-,-,-,-,-,-,-,-
1357,RTG%NTE,2.7e-01,1,2,1.8e-06,1.0e+00,6.2e-02,1.0e+00,1.0e-03,2.9e-02,global-RTG%NTE,CASRTGMNTEAFF,TRBV27,TRBJ1-1,NA,Donor1:healthy,1.000000,-,-,-,-,-,-,-,-,-,-,-

1358,S%GAE,2.8e-01,1,3,4.4e-08,1.0e+00,4.2e-02,1.7e-01,1.0e-03,6.2e-03,global-S%GAE,CASSSGAEAFF,TRBV7-9,TRBJ1-1,NA,Donor1:healthy,2.000000,-,-,-,-,-,-,-,-,-,-,-
1358,S%GAE,2.8e-01,1,3,4.4e-08,1.0e+00,4.2e-02,1.7e-01,1.0e-03,6.2e-03,global-S%GAE,CASSKGAEAFF,TRBV27,TRBJ1-1,NA,Donor1:healthy,1.000000,-,-,-,-,-,-,-,-,-,-,-
1358,S%GAE,2.8e-01,1,3,4.4e-08,1.0e+00,4.2e-02,1.7e-01,1.0e-03,6.2e-03,global-S%GAE,CASSEGAEAFF,TRBV10-2,TRBJ1-1,NA,Donor1:healthy,1.000000,-,-,-,-,-,-,-,-,-,-,-
1358,S%GAE,2.8e-01,1,3,4.4e-08,1.0e+00,4.2e-02,1.7e-01,1.0e-03,6.2e-03,global-S%GAE,CASSEGAEAFF,TRBV27,TRBJ1-1,NA,Donor1:healthy,1.000000,-,-,-,-,-,-,-,-,-,-,-

1359,G%GE,2.9e-01,1,2,1.9e-06,1.0e+00,6.4e-02,1.0e+00,1.0e-03,2.9e-02,global-G%GE,CSVGAGEQYF,TRBV29-1,TRBJ2-7,NA,Donor1:healthy,1.000000,-,-,-,-,-,-,-,-,-,-,-
1359,G%GE,2.9e-01,1,2,1.9e-06,1.0e+00,6.4e-02,1.0e+00,1.0e-03,2.9e-02,global-G%GE,CASGGGEQFF,TRBV25-1,TRBJ2-1,NA,Donor1:healthy,1.000000,-,-,-,-,-,-,-,-,-,-,-

1360,RLG%E,2.9e-01,1,2,1.9e-06,1.0e+00,6.5e-02,1.0e+00,1.0e-03,2.9e-02,global-RLG%E,CASRLGHEQFF,TRBV5-6,TRBJ2-1,NA,Donor1:healthy,1.000000,-,-,-,-,-,-,-,-,-,-,-
1360,RLG%E,2.9e-01,1,2,1.9e-06,1.0e+00,6.5e-02,1.0e+00,1.0e-03,2.9e-02,global-RLG%E,CASRLGYEQYF,TRBV12-3,TRBJ2-7,NA,Donor1:healthy,1.000000,-,-,-,-,-,-,-,-,-,-,-

1361,SSS%E,2.9e-01,1,2,1.7e-06,1.0e+00,5.9e-02,1.0e+00,1.0e-03,2.9e-02,global-SSS%E,CASSSSNEQFF,TRBV7-2,TRBJ2-1,NA,Donor1:healthy,1.000000,-,-,-,-,-,-,-,-,-,-,-
1361,SSS%E,2.9e-01,1,2,1.7e-06,1.0e+00,5.9e-02,1.0e+00,1.0e-03,2.9e-02,global-SSS%E,CASSSSSEAFF,TRBV5-6,TRBJ1-1,NA,Donor1:healthy,1.000000,-,-,-,-,-,-,-,-,-,-,-

1362,%GGTDT,2.9e-01,1,2,2.1e-06,1.0e+00,7.3e-02,1.0e+00,1.0e-03,2.9e-02,global-%GGTDT,CASTGGTDTQYF,TRBV2,TRBJ2-3,NA,Donor1:healthy,1.000000,-,-,-,-,-,-,-,-,-,-,-
1362,%GGTDT,2.9e-01,1,2,2.1e-06,1.0e+00,7.3e-02,1.0e+00,1.0e-03,2.9e-02,global-%GGTDT,CASSGGTDTQYF,TRBV4-3,TRBJ2-3,NA,Donor1:healthy,1.000000,-,-,-,-,-,-,-,-,-,-,-

1363,S%DSYG,2.9e-01,1,2,1.8e-06,1.0e+00,6.2e-02,1.0e+00,1.0e-03,2.9e-02,global-S%DSYG,CASSVDSYGYTF,TRBV9,TRBJ1-2,NA,Donor1:healthy,1.000000,-,-,-,-,-,-,-,-,-,-,-
1363,S%DSYG,2.9e-01,1,2,1.8e-06,1.0e+00,6.2e-02,1.0e+00,1.0e-03,2.9e-02,global-S%DSYG,CASSLDSYGYTF,TRBV5-1,TRBJ1-2,NA,Donor1:healthy,1.000000,-,-,-,-,-,-,-,-,-,-,-

1364,SL%GSE,2.9e-01,1,2,2.3e-06,1.0e+00,8.0e-02,1.0e+00,1.0e-03,2.9e-02,global-SL%GSE,CASSLQGSEQFF,TRBV12-3,TRBJ2-1,NA,Donor1:healthy,1.000000,-,-,-,-,-,-,-,-,-,-,-
1364,SL%GSE,2.9e-01,1,2,2.3e-06,1.0e+00,8.0e-02,1.0e+00,1.0e-03,2.9e-02,global-SL%GSE,CASSLEGSEQYF,TRBV5-1,TRBJ2-7,NA,Donor1:healthy,1.000000,-,-,-,-,-,-,-,-,-,-,-

1365,SLV%GE,2.9e-01,1,2,9.1e-06,1.0e+00,3.1e-01,1.0e+00,1.0e-03,2.9e-02,global-SLV%GE,CASSLVAGELFF,TRBV5-1,TRBJ2-2,NA,Donor1:healthy,1.000000,-,-,-,-,-,-,-,-,-,-,-
1365,SLV%GE,2.9e-01,1,2,9.1e-06,1.0e+00,3.1e-01,1.0e+00,1.0e-03,2.9e-02,global-SLV%GE,CASSLVAGELFF,TRBV7-2,TRBJ2-2,NA,Donor1:healthy,1.000000,-,-,-,-,-,-,-,-,-,-,-
1365,SLV%GE,2.9e-01,1,2,9.1e-06,1.0e+00,3.1e-01,1.0e+00,1.0e-03,2.9e-02,global-SLV%GE,CASSLVAGELFF,TRBV7-6,TRBJ2-2,NA,Donor1:healthy,1.000000,-,-,-,-,-,-,-,-,-,-,-
1365,SLV%GE,2.9e-01,1,2,9.1e-06,1.0e+00,3.1e-01,1.0e+00,1.0e-03,2.9e-02,global-SLV%GE,CASSLVGGEQYF,TRBV12-4,TRBJ2-7,NA,Donor1:healthy,1.000000,-,-,-,-,-,-,-,-,-,-,-

1366,S%GGNTE,2.9e-01,1,3,1.2e-06,1.0e+00,2.0e-01,1.0e+00,1.0e-03,6.2e-03,global-S%GGNTE,CASSDGGNTEAFF,TRBV25-1,TRBJ1-1,NA,Donor1:healthy,1.000000,-,-,-,-,-,-,-,-,-,-,-
1366,S%GGNTE,2.9e-01,1,3,1.2e-06,1.0e+00,2.0e-01,1.0e+00,1.0e-03,6.2e-03,global-S%GGNTE,CASSSGGNTEAFF,TRBV9,TRBJ1-1,NA,Donor1:healthy,1.000000,-,-,-,-,-,-,-,-,-,-,-
1366,S%GGNTE,2.9e-01,1,3,1.2e-06,1.0e+00,2.0e-01,1.0e+00,1.0e-03,6.2e-03,global-S%GGNTE,CASSEGGNTEAFF,TRBV7-9,TRBJ1-1,NA,Donor1:healthy,1.000000,-,-,-,-,-,-,-,-,-,-,-

1367,S%GTSGYE,2.9e-01,1,2,2.0e-06,1.0e+00,6.8e-02,1.0e+00,1.0e-03,2.9e-02,global-S%GTSGYE,CASSSGTSGYEQYF,TRBV7-9,TRBJ2-7,NA,Donor1:healthy,1.000000,-,-,-,-,-,-,-,-,-,-,-
1367,S%GTSGYE,2.9e-01,1,2,2.0e-06,1.0e+00,6.8e-02,1.0e+00,1.0e-03,2.9e-02,global-S%GTSGYE,CSASDGTSGYEQYF,TRBV20-1,TRBJ2-7,NA,Donor1:healthy,1.000000,-,-,-,-,-,-,-,-,-,-,-

1368,SLT%E,3.0e-01,1,2,2.2e-06,1.0e+00,7.4e-02,1.0e+00,1.0e-03,2.9e-02,global-SLT%E,CASSLTGELFF,TRBV6-6,TRBJ2-2,NA,Donor1:healthy,1.000000,-,-,-,-,-,-,-,-,-,-,-
1368,SLT%E,3.0e-01,1,2,2.2e-06,1.0e+00,7.4e-02,1.0e+00,1.0e-03,2.9e-02,global-SLT%E,CASSLTNEQYF,TRBV5-4,TRBJ2-7,NA,Donor1:healthy,1.000000,-,-,-,-,-,-,-,-,-,-,-

1369,SS%GNE,3.0e-01,1,2,1.6e-06,1.0e+00,5.6e-02,1.0e+00,1.0e-03,2.9e-02,global-SS%GNE,CASSSQGNEQFF,TRBV7-9,TRBJ2-1,NA,Donor1:healthy,1.000000,-,-,-,-,-,-,-,-,-,-,-
1369,SS%GNE,3.0e-01,1,2,1.6e-06,1.0e+00,5.6e-02,1.0e+00,1.0e-03,2.9e-02,global-SS%GNE,CASSSDGNEQFF,TRBV27,TRBJ2-1,NA,Donor1:healthy,1.000000,-,-,-,-,-,-,-,-,-,-,-

1370,SPG%NE,3.0e-01,1,2,2.0e-06,1.0e+00,6.8e-02,1.0e+00,1.0e-03,2.9e-02,global-SPG%NE,CASSPGNNEQFF,TRBV12-3,TRBJ2-1,NA,Donor1:healthy,1.000000,-,-,-,-,-,-,-,-,-,-,-
1370,SPG%NE,3.0e-01,1,2,2.0e-06,1.0e+00,6.8e-02,1.0e+00,1.0e-03,2.9e-02,global-SPG%NE,CASSPGTNEQFF,TRBV25-1,TRBJ2-1,NA,Donor1:healthy,1.000000,-,-,-,-,-,-,-,-,-,-,-

1371,S%GGTDT,3.0e-01,1,2,5.9e-06,1.0e+00,2.0e-01,1.0e+00,1.0e-03,2.9e-02,global-S%GGTDT,CASSVGGTDTQYF,TRBV6-1,TRBJ2-3,NA,Donor1:healthy,1.000000,-,-,-,-,-,-,-,-,-,-,-
1371,S%GGTDT,3.0e-01,1,2,5.9e-06,1.0e+00,2.0e-01,1.0e+00,1.0e-03,2.9e-02,global-S%GGTDT,CASSVGGTDTQYF,TRBV9,TRBJ2-3,NA,Donor1:healthy,1.000000,-,-,-,-,-,-,-,-,-,-,-
1371,S%GGTDT,3.0e-01,1,2,5.9e-06,1.0e+00,2.0e-01,1.0e+00,1.0e-03,2.9e-02,global-S%GGTDT,CASSLGGTDTQYF,TRBV6-5,TRBJ2-3,NA,Donor1:healthy,1.000000,-,-,-,-,-,-,-,-,-,-,-

1372,SLAG%YNE,3.0e-01,1,2,5.2e-06,1.0e+00,1.8e-01,1.0e+00,1.0e-03,2.9e-02,global-SLAG%YNE,CASSLAGAYNEQFF,TRBV27,TRBJ2-1,NA,Donor1:healthy,1.000000,-,-,-,-,-,-,-,-,-,-,-
1372,SLAG%YNE,3.0e-01,1,2,5.2e-06,1.0e+00,1.8e-01,1.0e+00,1.0e-03,2.9e-02,global-SLAG%YNE,CASSLAGSYNEQFF,TRBV12-3,TRBJ2-1,NA,Donor1:healthy,1.000000,-,-,-,-,-,-,-,-,-,-,-
1372,SLAG%YNE,3.0e-01,1,2,5.2e-06,1.0e+00,1.8e-01,1.0e+00,1.0e-03,2.9e-02,global-SLAG%YNE,CASSLAGSYNEQFF,TRBV5-4,TRBJ2-1,NA,Donor1:healthy,1.000000,-,-,-,-,-,-,-,-,-,-,-

1373,S%GE,3.1e-01,1,3,1.1e-06,1.0e+00,1.8e-01,1.0e+00,1.0e-03,6.2e-03,global-S%GE,CASSTGELFF,TRBV6-6,TRBJ2-2,NA,Donor1:healthy,1.000000,-,-,-,-,-,-,-,-,-,-,-
1373,S%GE,3.1e-01,1,3,1.1e-06,1.0e+00,1.8e-01,1.0e+00,1.0e-03,6.2e-03,global-S%GE,CASSSGEQFF,TRBV18,TRBJ2-1,NA,Donor1:healthy,1.000000,-,-,-,-,-,-,-,-,-,-,-
1373,S%GE,3.1e-01,1,3,1.1e-06,1.0e+00,1.8e-01,1.0e+00,1.0e-03,6.2e-03,global-S%GE,CASSGGEQFF,TRBV3-1,TRBJ2-1,NA,Donor1:healthy,1.000000,-,-,-,-,-,-,-,-,-,-,-

1374,S%SNE,3.2e-01,1,2,1.9e-06,1.0e+00,6.5e-02,1.0e+00,1.0e-03,2.9e-02,global-S%SNE,CASSESNEQYF,TRBV2,TRBJ2-7,NA,Donor1:healthy,1.000000,-,-,-,-,-,-,-,-,-,-,-
1374,S%SNE,3.2e-01,1,2,1.9e-06,1.0e+00,6.5e-02,1.0e+00,1.0e-03,2.9e-02,global-S%SNE,CASSSSNEQFF,TRBV7-2,TRBJ2-1,NA,Donor1:healthy,1.000000,-,-,-,-,-,-,-,-,-,-,-

1375,S%QET,3.2e-01,1,2,1.4e-07,1.0e+00,5.9e-02,8.4e-02,1.0e-03,2.9e-02,global-S%QET,CASSFQETQYF,TRBV5-1,TRBJ2-5,NA,Donor1:healthy,2.000000,-,-,-,-,-,-,-,-,-,-,-
1375,S%QET,3.2e-01,1,2,1.4e-07,1.0e+00,5.9e-02,8.4e-02,1.0e-03,2.9e-02,global-S%QET,CASSWQETQYF,TRBV13,TRBJ2-5,NA,Donor1:healthy,1.000000,-,-,-,-,-,-,-,-,-,-,-

1376,R%GTGE,3.2e-01,1,2,2.1e-06,1.0e+00,7.3e-02,1.0e+00,1.0e-03,2.9e-02,global-R%GTGE,CASREGTGELFF,TRBV5-4,TRBJ2-2,NA,Donor1:healthy,1.000000,-,-,-,-,-,-,-,-,-,-,-
1376,R%GTGE,3.2e-01,1,2,2.1e-06,1.0e+00,7.3e-02,1.0e+00,1.0e-03,2.9e-02,global-R%GTGE,CSARSGTGELFF,TRBV20-1,TRBJ2-2,NA,Donor1:healthy,1.000000,-,-,-,-,-,-,-,-,-,-,-

1377,SL%AGE,3.2e-01,1,2,1.7e-06,1.0e+00,5.2e-01,1.1e-01,1.0e-03,2.9e-02,global-SL%AGE,CASSLGAGELFF,TRBV12-3,TRBJ2-2,NA,Donor1:healthy,1.000000,-,-,-,-,-,-,-,-,-,-,-
1377,SL%AGE,3.2e-01,1,2,1.7e-06,1.0e+00,5.2e-01,1.1e-01,1.0e-03,2.9e-02,global-SL%AGE,CASSLGAGELFF,TRBV27,TRBJ2-2,NA,Donor1:healthy,1.000000,-,-,-,-,-,-,-,-,-,-,-
1377,SL%AGE,3.2e-01,1,2,1.7e-06,1.0e+00,5.2e-01,1.1e-01,1.0e-03,2.9e-02,global-SL%AGE,CASSLGAGELFF,TRBV5-1,TRBJ2-2,NA,Donor1:healthy,3.000000,-,-,-,-,-,-,-,-,-,-,-
1377,SL%AGE,3.2e-01,1,2,1.7e-06,1.0e+00,5.2e-01,1.1e-01,1.0e-03,2.9e-02,global-SL%AGE,CASSLGAGELFF,TRBV7-9,TRBJ2-2,NA,Donor1:healthy,1.000000,-,-,-,-,-,-,-,-,-,-,-
1377,SL%AGE,3.2e-01,1,2,1.7e-06,1.0e+00,5.2e-01,1.1e-01,1.0e-03,2.9e-02,global-SL%AGE,CASSLSAGELFF,TRBV28,TRBJ2-2,NA,Donor1:healthy,1.000000,-,-,-,-,-,-,-,-,-,-,-

1378,SL%TGE,3.2e-01,1,2,7.9e-07,1.0e+00,2.7e-02,1.0e+00,1.0e-03,2.9e-02,global-SL%TGE,CASSLITGELFF,TRBV4-1,TRBJ2-2,NA,Donor1:healthy,1.000000,-,-,-,-,-,-,-,-,-,-,-
1378,SL%TGE,3.2e-01,1,2,7.9e-07,1.0e+00,2.7e-02,1.0e+00,1.0e-03,2.9e-02,global-SL%TGE,CASSLITGELFF,TRBV7-2,TRBJ1-4,NA,Donor1:healthy,1.000000,-,-,-,-,-,-,-,-,-,-,-
1378,SL%TGE,3.2e-01,1,2,7.9e-07,1.0e+00,2.7e-02,1.0e+00,1.0e-03,2.9e-02,global-SL%TGE,CASSLITGELFF,TRBV7-2,TRBJ2-2,NA,Donor1:healthy,1.000000,-,-,-,-,-,-,-,-,-,-,-
1378,SL%TGE,3.2e-01,1,2,7.9e-07,1.0e+00,2.7e-02,1.0e+00,1.0e-03,2.9e-02,global-SL%TGE,CASSLLTGELFF,TRBV27,TRBJ2-2,NA,Donor1:healthy,1.000000,-,-,-,-,-,-,-,-,-,-,-

1379,S%GGGNE,3.2e-01,1,2,2.4e-06,1.0e+00,8.4e-02,1.0e+00,1.0e-03,2.9e-02,global-S%GGGNE,CASSRGGGNEQFF,TRBV4-3,TRBJ2-1,NA,Donor1:healthy,1.000000,-,-,-,-,-,-,-,-,-,-,-
1379,S%GGGNE,3.2e-01,1,2,2.4e-06,1.0e+00,8.4e-02,1.0e+00,1.0e-03,2.9e-02,global-S%GGGNE,CASSHGGGNEQYF,TRBV4-1,TRBJ2-7,NA,Donor1:healthy,1.000000,-,-,-,-,-,-,-,-,-,-,-

1380,S%GISYE,3.2e-01,1,2,2.3e-06,1.0e+00,8.0e-02,1.0e+00,1.0e-03,2.9e-02,global-S%GISYE,CASSQGISYEQYF,TRBV4-1,TRBJ2-7,NA,Donor1:healthy,1.000000,-,-,-,-,-,-,-,-,-,-,-
1380,S%GISYE,3.2e-01,1,2,2.3e-06,1.0e+00,8.0e-02,1.0e+00,1.0e-03,2.9e-02,global-S%GISYE,CASSSGISYEQYF,TRBV27,TRBJ2-7,NA,Donor1:healthy,1.000000,-,-,-,-,-,-,-,-,-,-,-

1381,SPG%GYE,3.2e-01,1,2,2.9e-08,1.0e+00,1.0e-03,1.0e+00,1.0e-03,2.9e-02,global-SPG%GYE,CASSPGQGYEQYF,TRBV19,TRBJ2-7,NA,Donor1:healthy,1.000000,-,-,-,-,-,-,-,-,-,-,-
1381,SPG%GYE,3.2e-01,1,2,2.9e-08,1.0e+00,1.0e-03,1.0e+00,1.0e-03,2.9e-02,global-SPG%GYE,CASSPGEGYEQYF,TRBV19,TRBJ2-7,NA,Donor1:healthy,1.000000,-,-,-,-,-,-,-,-,-,-,-

1382,SYG%SYE,3.2e-01,1,2,6.1e-06,1.0e+00,2.1e-01,1.0e+00,1.0e-03,2.9e-02,global-SYG%SYE,CASSYGVSYEQYF,TRBV6-5,TRBJ2-7,NA,Donor1:healthy,1.000000,-,-,-,-,-,-,-,-,-,-,-
1382,SYG%SYE,3.2e-01,1,2,6.1e-06,1.0e+00,2.1e-01,1.0e+00,1.0e-03,2.9e-02,global-SYG%SYE,CASSYGVSYEQYF,TRBV7-9,TRBJ2-7,NA,Donor1:healthy,1.000000,-,-,-,-,-,-,-,-,-,-,-
1382,SYG%SYE,3.2e-01,1,2,6.1e-06,1.0e+00,2.1e-01,1.0e+00,1.0e-03,2.9e-02,global-SYG%SYE,CASSYGASYEQYF,TRBV28,TRBJ2-7,NA,Donor1:healthy,1.000000,-,-,-,-,-,-,-,-,-,-,-

1383,S%SGSSYNE,3.2e-01,1,2,2.0e-06,1.0e+00,6.9e-02,1.0e+00,1.0e-03,2.9e-02,global-S%SGSSYNE,CASSGSGSSYNEQFF,TRBV19,TRBJ2-1,NA,Donor1:healthy,1.000000,-,-,-,-,-,-,-,-,-,-,-
1383,S%SGSSYNE,3.2e-01,1,2,2.0e-06,1.0e+00,6.9e-02,1.0e+00,1.0e-03,2.9e-02,global-S%SGSSYNE,CASSSSGSSYNEQFF,TRBV13,TRBJ2-1,NA,Donor1:healthy,1.000000,-,-,-,-,-,-,-,-,-,-,-

1384,%GGE,3.3e-01,1,2,2.2e-06,1.0e+00,7.6e-02,1.0e+00,1.0e-03,2.9e-02,global-%GGE,CASYGGEQYF,TRBV6-3,TRBJ2-7,NA,Donor1:healthy,1.000000,-,-,-,-,-,-,-,-,-,-,-
1384,%GGE,3.3e-01,1,2,2.2e-06,1.0e+00,7.6e-02,1.0e+00,1.0e-03,2.9e-02,global-%GGE,CASWGGEAFF,TRBV7-8,TRBJ1-1,NA,Donor1:healthy,1.000000,-,-,-,-,-,-,-,-,-,-,-

1385,%GGE,3.3e-01,1,2,1.9e-06,1.0e+00,6.6e-02,1.0e+00,1.0e-03,2.9e-02,global-%GGE,CASSGGEQFF,TRBV3-1,TRBJ2-1,NA,Donor1:healthy,1.000000,-,-,-,-,-,-,-,-,-,-,-
1385,%GGE,3.3e-01,1,2,1.9e-06,1.0e+00,6.6e-02,1.0e+00,1.0e-03,2.9e-02,global-%GGE,CASGGGEQFF,TRBV25-1,TRBJ2-1,NA,Donor1:healthy,1.000000,-,-,-,-,-,-,-,-,-,-,-

1386,S%STE,3.3e-01,1,2,5.6e-08,1.0e+00,9.1e-02,2.1e-02,1.0e-03,2.9e-02,global-S%STE,CASSQSTEAFF,TRBV12-4,TRBJ1-1,NA,Donor1:healthy,1.000000,-,-,-,-,-,-,-,-,-,-,-
1386,S%STE,3.3e-01,1,2,5.6e-08,1.0e+00,9.1e-02,2.1e-02,1.0e-03,2.9e-02,global-S%STE,CASSQSTEAFF,TRBV16,TRBJ1-1,NA,Donor1:healthy,4.000000,-,-,-,-,-,-,-,-,-,-,-
1386,S%STE,3.3e-01,1,2,5.6e-08,1.0e+00,9.1e-02,2.1e-02,1.0e-03,2.9e-02,global-S%STE,CASSRSTEAFF,TRBV16,TRBJ1-1,NA,Donor1:healthy,9.000000,-,-,-,-,-,-,-,-,-,-,-

1387,S%DNE,3.3e-01,1,2,1.9e-06,1.0e+00,6.4e-02,1.0e+00,1.0e-03,2.9e-02,global-S%DNE,CASSVDNEQFF,TRBV9,TRBJ2-1,NA,Donor1:healthy,1.000000,-,-,-,-,-,-,-,-,-,-,-
1387,S%DNE,3.3e-01,1,2,1.9e-06,1.0e+00,6.4e-02,1.0e+00,1.0e-03,2.9e-02,global-S%DNE,CASSLDNEQFF,TRBV28,TRBJ2-1,NA,Donor1:healthy,1.000000,-,-,-,-,-,-,-,-,-,-,-

1388,SLS%E,3.3e-01,1,2,2.1e-06,1.0e+00,7.3e-02,1.0e+00,1.0e-03,2.9e-02,global-SLS%E,CASSLSVEAFF,TRBV5-5,TRBJ1-1,NA,Donor1:healthy,1.000000,-,-,-,-,-,-,-,-,-,-,-
1388,SLS%E,3.3e-01,1,2,2.1e-06,1.0e+00,7.3e-02,1.0e+00,1.0e-03,2.9e-02,global-SLS%E,CASSLSTEAFF,TRBV12-4,TRBJ1-1,NA,Donor1:healthy,1.000000,-,-,-,-,-,-,-,-,-,-,-

1389,S%GAYE,3.3e-01,1,2,1.9e-06,1.0e+00,6.5e-02,1.0e+00,1.0e-03,2.9e-02,global-S%GAYE,CASSSGAYEQYF,TRBV7-9,TRBJ2-7,NA,Donor1:healthy,1.000000,-,-,-,-,-,-,-,-,-,-,-
1389,S%GAYE,3.3e-01,1,2,1.9e-06,1.0e+00,6.5e-02,1.0e+00,1.0e-03,2.9e-02,global-S%GAYE,CSASGGAYEQYF,TRBV20-1,TRBJ2-7,NA,Donor1:healthy,1.000000,-,-,-,-,-,-,-,-,-,-,-

1390,S%GSGE,3.3e-01,1,2,2.2e-06,1.0e+00,7.6e-02,1.0e+00,1.0e-03,2.9e-02,global-S%GSGE,CASSIGSGEAFF,TRBV19,TRBJ1-1,NA,Donor1:healthy,1.000000,-,-,-,-,-,-,-,-,-,-,-
1390,S%GSGE,3.3e-01,1,2,2.2e-06,1.0e+00,7.6e-02,1.0e+00,1.0e-03,2.9e-02,global-S%GSGE,CASSLGSGELFF,TRBV5-4,TRBJ2-2,NA,Donor1:healthy,1.000000,-,-,-,-,-,-,-,-,-,-,-

1391,R%STDT,3.3e-01,1,2,2.1e-06,1.0e+00,7.3e-02,1.0e+00,1.0e-03,2.9e-02,global-R%STDT,CATRGSTDTQYF,TRBV24-1,TRBJ2-3,NA,Donor1:healthy,1.000000,-,-,-,-,-,-,-,-,-,-,-
1391,R%STDT,3.3e-01,1,2,2.1e-06,1.0e+00,7.3e-02,1.0e+00,1.0e-03,2.9e-02,global-R%STDT,CASRSSTDTQYF,TRBV4-1,TRBJ2-3,NA,Donor1:healthy,1.000000,-,-,-,-,-,-,-,-,-,-,-

1392,S%QGNE,3.3e-01,1,2,2.1e-06,1.0e+00,7.2e-02,1.0e+00,1.0e-03,2.9e-02,global-S%QGNE,CASSGQGNEQFF,TRBV27,TRBJ2-1,NA,Donor1:healthy,1.000000,-,-,-,-,-,-,-,-,-,-,-
1392,S%QGNE,3.3e-01,1,2,2.1e-06,1.0e+00,7.2e-02,1.0e+00,1.0e-03,2.9e-02,global-S%QGNE,CASSSQGNEQFF,TRBV7-9,TRBJ2-1,NA,Donor1:healthy,1.000000,-,-,-,-,-,-,-,-,-,-,-

1393,SL%GGE,3.3e-01,1,3,6.1e-07,1.0e+00,9.8e-02,1.0e+00,1.0e-03,6.2e-03,global-SL%GGE,CASSLIGGELFF,TRBV27,TRBJ2-2,NA,Donor1:healthy,1.000000,-,-,-,-,-,-,-,-,-,-,-
1393,SL%GGE,3.3e-01,1,3,6.1e-07,1.0e+00,9.8e-02,1.0e+00,1.0e-03,6.2e-03,global-SL%GGE,CASSLVGGEQYF,TRBV12-4,TRBJ2-7,NA,Donor1:healthy,1.000000,-,-,-,-,-,-,-,-,-,-,-
1393,SL%GGE,3.3e-01,1,3,6.1e-07,1.0e+00,9.8e-02,1.0e+00,1.0e-03,6.2e-03,global-SL%GGE,CASSLIGGEQYF,TRBV27,TRBJ2-7,NA,Donor1:healthy,1.000000,-,-,-,-,-,-,-,-,-,-,-

1394,S%GTAYE,3.3e-01,1,2,1.8e-06,1.0e+00,6.3e-02,1.0e+00,1.0e-03,2.9e-02,global-S%GTAYE,CASSDGTAYEQYF,TRBV7-9,TRBJ2-7,NA,Donor1:healthy,1.000000,-,-,-,-,-,-,-,-,-,-,-
1394,S%GTAYE,3.3e-01,1,2,1.8e-06,1.0e+00,6.3e-02,1.0e+00,1.0e-03,2.9e-02,global-S%GTAYE,CASSSGTAYEQYF,TRBV5-6,TRBJ2-7,NA,Donor1:healthy,1.000000,-,-,-,-,-,-,-,-,-,-,-

1395,SL%GGNE,3.3e-01,1,2,5.5e-06,1.0e+00,1.9e-01,1.0e+00,1.0e-03,2.9e-02,global-SL%GGNE,CASSLAGGNEQFF,TRBV28,TRBJ2-1,NA,Donor1:healthy,1.000000,-,-,-,-,-,-,-,-,-,-,-
1395,SL%GGNE,3.3e-01,1,2,5.5e-06,1.0e+00,1.9e-01,1.0e+00,1.0e-03,2.9e-02,global-SL%GGNE,CASSLGGGNEQFF,TRBV27,TRBJ2-1,NA,Donor1:healthy,1.000000,-,-,-,-,-,-,-,-,-,-,-
1395,SL%GGNE,3.3e-01,1,2,5.5e-06,1.0e+00,1.9e-01,1.0e+00,1.0e-03,2.9e-02,global-SL%GGNE,CASSLGGGNEQFF,TRBV7-6,TRBJ2-1,NA,Donor1:healthy,1.000000,-,-,-,-,-,-,-,-,-,-,-

1396,SLTG%YE,3.3e-01,1,2,2.9e-08,1.0e+00,1.0e-03,1.0e+00,1.0e-03,2.9e-02,global-SLTG%YE,CASSLTGAYEQYF,TRBV7-9,TRBJ2-7,NA,Donor1:healthy,1.000000,-,-,-,-,-,-,-,-,-,-,-
1396,SLTG%YE,3.3e-01,1,2,2.9e-08,1.0e+00,1.0e-03,1.0e+00,1.0e-03,2.9e-02,global-SLTG%YE,CASSLTGGYEQYF,TRBV7-9,TRBJ2-7,NA,Donor1:healthy,1.000000,-,-,-,-,-,-,-,-,-,-,-

1397,%E,3.5e-01,1,2,1.7e-06,1.0e+00,5.9e-02,1.0e+00,1.0e-03,2.9e-02,global-%E,CSYNEQFF,TRBV20-1,TRBJ2-1,NA,Donor1:healthy,1.000000,-,-,-,-,-,-,-,-,-,-,-
1397,%E,3.5e-01,1,2,1.7e-06,1.0e+00,5.9e-02,1.0e+00,1.0e-03,2.9e-02,global-%E,CASSEAFF,TRBV2,TRBJ1-1,NA,Donor1:healthy,1.000000,-,-,-,-,-,-,-,-,-,-,-

1398,SP%NTE,3.5e-01,1,2,7.0e-07,1.0e+00,1.9e-01,1.3e-01,1.0e-03,2.9e-02,global-SP%NTE,CASSPVNTEAFF,TRBV6-3,TRBJ1-1,NA,Donor1:healthy,1.000000,-,-,-,-,-,-,-,-,-,-,-
1398,SP%NTE,3.5e-01,1,2,7.0e-07,1.0e+00,1.9e-01,1.3e-01,1.0e-03,2.9e-02,global-SP%NTE,CASSPINTEAFF,TRBV14,TRBJ1-1,NA,Donor1:healthy,2.000000,-,-,-,-,-,-,-,-,-,-,-
1398,SP%NTE,3.5e-01,1,2,7.0e-07,1.0e+00,1.9e-01,1.3e-01,1.0e-03,2.9e-02,global-SP%NTE,CASSPINTEAFF,TRBV18,TRBJ1-1,NA,Donor1:healthy,1.000000,-,-,-,-,-,-,-,-,-,-,-

1399,SLG%YG,3.5e-01,1,2,1.7e-06,1.0e+00,5.7e-02,1.0e+00,1.0e-03,2.9e-02,global-SLG%YG,CASSLGSYGYTF,TRBV19,TRBJ1-2,NA,Donor1:healthy,1.000000,-,-,-,-,-,-,-,-,-,-,-
1399,SLG%YG,3.5e-01,1,2,1.7e-06,1.0e+00,5.7e-02,1.0e+00,1.0e-03,2.9e-02,global-SLG%YG,CASSLGNYGYTF,TRBV7-2,TRBJ1-2,NA,Donor1:healthy,1.000000,-,-,-,-,-,-,-,-,-,-,-

1400,S%GSTDT,3.5e-01,1,2,1.9e-07,1.0e+00,7.2e-02,9.0e-02,1.0e-03,2.9e-02,global-S%GSTDT,CASSLGSTDTQYF,TRBV27,TRBJ2-3,NA,Donor1:healthy,2.000000,-,-,-,-,-,-,-,-,-,-,-
1400,S%GSTDT,3.5e-01,1,2,1.9e-07,1.0e+00,7.2e-02,9.0e-02,1.0e-03,2.9e-02,global-S%GSTDT,CATSFGSTDTQYF,TRBV24-1,TRBJ2-3,NA,Donor1:healthy,1.000000,-,-,-,-,-,-,-,-,-,-,-

1401,SG%SSYE,3.5e-01,1,2,2.1e-07,1.0e+00,8.0e-02,9.2e-02,1.0e-03,2.9e-02,global-SG%SSYE,CASSGESSYEQYF,TRBV2,TRBJ2-7,NA,Donor1:healthy,2.000000,-,-,-,-,-,-,-,-,-,-,-
1401,SG%SSYE,3.5e-01,1,2,2.1e-07,1.0e+00,8.0e-02,9.2e-02,1.0e-03,2.9e-02,global-SG%SSYE,CSASGSSSYEQYF,TRBV20-1,TRBJ2-7,NA,Donor1:healthy,1.000000,-,-,-,-,-,-,-,-,-,-,-

1402,SPGL%YE,3.5e-01,1,2,5.4e-06,1.0e+00,1.9e-01,1.0e+00,1.0e-03,2.9e-02,global-SPGL%YE,CASSPGLSYEQYF,TRBV12-4,TRBJ2-7,NA,Donor1:healthy,1.000000,-,-,-,-,-,-,-,-,-,-,-
1402,SPGL%YE,3.5e-01,1,2,5.4e-06,1.0e+00,1.9e-01,1.0e+00,1.0e-03,2.9e-02,global-SPGL%YE,CASSPGLSYEQYF,TRBV4-3,TRBJ2-7,NA,Donor1:healthy,1.000000,-,-,-,-,-,-,-,-,-,-,-
1402,SPGL%YE,3.5e-01,1,2,5.4e-06,1.0e+00,1.9e-01,1.0e+00,1.0e-03,2.9e-02,global-SPGL%YE,CATSPGLGYEQYF,TRBV24-1,TRBJ2-7,NA,Donor1:healthy,1.000000,-,-,-,-,-,-,-,-,-,-,-

1403,S%TDT,3.6e-01,1,2,1.3e-06,1.0e+00,5.0e-01,9.0e-02,1.0e-03,2.9e-02,global-S%TDT,CASSLTDTQYF,TRBV2,TRBJ2-3,NA,Donor1:healthy,1.000000,-,-,-,-,-,-,-,-,-,-,-
1403,S%TDT,3.6e-01,1,2,1.3e-06,1.0e+00,5.0e-01,9.0e-02,1.0e-03,2.9e-02,global-S%TDT,CASSLTDTQYF,TRBV28,TRBJ2-3,NA,Donor1:healthy,5.000000,-,-,-,-,-,-,-,-,-,-,-
1403,S%TDT,3.6e-01,1,2,1.3e-06,1.0e+00,5.0e-01,9.0e-02,1.0e-03,2.9e-02,global-S%TDT,CASSLTDTQYF,TRBV5-1,TRBJ2-3,NA,Donor1:healthy,1.000000,-,-,-,-,-,-,-,-,-,-,-
1403,S%TDT,3.6e-01,1,2,1.3e-06,1.0e+00,5.0e-01,9.0e-02,1.0e-03,2.9e-02,global-S%TDT,CASSFTDTQYF,TRBV12-4,TRBJ2-3,NA,Donor1:healthy,1.000000,-,-,-,-,-,-,-,-,-,-,-
1403,S%TDT,3.6e-01,1,2,1.3e-06,1.0e+00,5.0e-01,9.0e-02,1.0e-03,2.9e-02,global-S%TDT,CASSFTDTQYF,TRBV5-6,TRBJ2-3,NA,Donor1:healthy,1.000000,-,-,-,-,-,-,-,-,-,-,-

1404,SF%GE,3.6e-01,1,2,1.1e-07,1.0e+00,7.5e-02,5.1e-02,1.0e-03,2.9e-02,global-SF%GE,CASSFEGEQYF,TRBV27,TRBJ2-7,NA,Donor1:healthy,4.000000,-,-,-,-,-,-,-,-,-,-,-
1404,SF%GE,3.6e-01,1,2,1.1e-07,1.0e+00,7.5e-02,5.1e-02,1.0e-03,2.9e-02,global-SF%GE,CASSFSGEQFF,TRBV12-4,TRBJ2-1,NA,Donor1:healthy,1.000000,-,-,-,-,-,-,-,-,-,-,-

1405,SP%GE,3.6e-01,1,2,1.7e-06,1.0e+00,6.0e-02,1.0e+00,1.0e-03,2.9e-02,global-SP%GE,CASSPAGELFF,TRBV28,TRBJ2-2,NA,Donor1:healthy,1.000000,-,-,-,-,-,-,-,-,-,-,-
1405,SP%GE,3.6e-01,1,2,1.7e-06,1.0e+00,6.0e-02,1.0e+00,1.0e-03,2.9e-02,global-SP%GE,CATSPGGEQYF,TRBV15,TRBJ2-7,NA,Donor1:healthy,1.000000,-,-,-,-,-,-,-,-,-,-,-

1406,S%GYNE,3.6e-01,1,2,1.6e-07,1.0e+00,6.2e-02,8.9e-02,1.0e-03,2.9e-02,global-S%GYNE,CASSSGYNEQFF,TRBV6-4,TRBJ2-1,NA,Donor1:healthy,1.000000,-,-,-,-,-,-,-,-,-,-,-
1406,S%GYNE,3.6e-01,1,2,1.6e-07,1.0e+00,6.2e-02,8.9e-02,1.0e-03,2.9e-02,global-S%GYNE,CASSQGYNEQFF,TRBV4-3,TRBJ2-1,NA,Donor1:healthy,2.000000,-,-,-,-,-,-,-,-,-,-,-

1407,SPGQ%YE,3.6e-01,1,2,2.9e-08,1.0e+00,1.0e-03,1.0e+00,1.0e-03,2.9e-02,global-SPGQ%YE,CASSPGQGYEQYF,TRBV19,TRBJ2-7,NA,Donor1:healthy,1.000000,-,-,-,-,-,-,-,-,-,-,-
1407,SPGQ%YE,3.6e-01,1,2,2.9e-08,1.0e+00,1.0e-03,1.0e+00,1.0e-03,2.9e-02,global-SPGQ%YE,CASSPGQAYEQYF,TRBV19,TRBJ2-7,NA,Donor1:healthy,1.000000,-,-,-,-,-,-,-,-,-,-,-

1408,S%GGG,3.7e-01,1,2,2.3e-06,1.0e+00,8.0e-02,1.0e+00,1.0e-03,2.9e-02,global-S%GGG,CASSSGGGAFF,TRBV27,TRBJ1-1,NA,Donor1:healthy,1.000000,-,-,-,-,-,-,-,-,-,-,-
1408,S%GGG,3.7e-01,1,2,2.3e-06,1.0e+00,8.0e-02,1.0e+00,1.0e-03,2.9e-02,global-S%GGG,CASSEGGGYTF,TRBV7-9,TRBJ1-2,NA,Donor1:healthy,1.000000,-,-,-,-,-,-,-,-,-,-,-

1409,R%TGE,3.7e-01,1,2,5.4e-06,1.0e+00,1.9e-01,1.0e+00,1.0e-03,2.9e-02,global-R%TGE,CSARNTGELFF,TRBV20-1,TRBJ2-2,NA,Donor1:healthy,1.000000,-,-,-,-,-,-,-,-,-,-,-
1409,R%TGE,3.7e-01,1,2,5.4e-06,1.0e+00,1.9e-01,1.0e+00,1.0e-03,2.9e-02,global-R%TGE,CASRDTGELFF,TRBV25-1,TRBJ2-2,NA,Donor1:healthy,1.000000,-,-,-,-,-,-,-,-,-,-,-
1409,R%TGE,3.7e-01,1,2,5.4e-06,1.0e+00,1.9e-01,1.0e+00,1.0e-03,2.9e-02,global-R%TGE,CASRDTGELFF,TRBV27,TRBJ2-2,NA,Donor1:healthy,1.000000,-,-,-,-,-,-,-,-,-,-,-

1410,SWG%E,3.7e-01,1,2,2.1e-06,1.0e+00,7.1e-02,1.0e+00,1.0e-03,2.9e-02,global-SWG%E,CASSWGNEQFF,TRBV12-3,TRBJ2-1,NA,Donor1:healthy,1.000000,-,-,-,-,-,-,-,-,-,-,-
1410,SWG%E,3.7e-01,1,2,2.1e-06,1.0e+00,7.1e-02,1.0e+00,1.0e-03,2.9e-02,global-SWG%E,CASSWGSEQYF,TRBV7-8,TRBJ2-7,NA,Donor1:healthy,1.000000,-,-,-,-,-,-,-,-,-,-,-

1411,SSG%E,3.7e-01,1,3,1.6e-07,1.0e+00,1.6e-01,1.6e-01,1.0e-03,6.2e-03,global-SSG%E,CASSSGSEAFF,TRBV5-4,TRBJ1-1,NA,Donor1:healthy,1.000000,-,-,-,-,-,-,-,-,-,-,-
1411,SSG%E,3.7e-01,1,3,1.6e-07,1.0e+00,1.6e-01,1.6e-01,1.0e-03,6.2e-03,global-SSG%E,CASSSGVEAFF,TRBV6-5,TRBJ1-1,NA,Donor1:healthy,1.000000,-,-,-,-,-,-,-,-,-,-,-
1411,SSG%E,3.7e-01,1,3,1.6e-07,1.0e+00,1.6e-01,1.6e-01,1.0e-03,6.2e-03,global-SSG%E,CASSSGAEAFF,TRBV7-9,TRBJ1-1,NA,Donor1:healthy,2.000000,-,-,-,-,-,-,-,-,-,-,-

1412,S%DSYE,3.7e-01,1,2,2.1e-06,1.0e+00,7.3e-02,1.0e+00,1.0e-03,2.9e-02,global-S%DSYE,CAISGDSYEQYF,TRBV10-3,TRBJ2-7,NA,Donor1:healthy,1.000000,-,-,-,-,-,-,-,-,-,-,-
1412,S%DSYE,3.7e-01,1,2,2.1e-06,1.0e+00,7.3e-02,1.0e+00,1.0e-03,2.9e-02,global-S%DSYE,CASSSDSYEQYF,TRBV13,TRBJ2-7,NA,Donor1:healthy,1.000000,-,-,-,-,-,-,-,-,-,-,-

1413,S%DSYE,3.7e-01,1,2,2.0e-06,1.0e+00,7.0e-02,1.0e+00,1.0e-03,2.9e-02,global-S%DSYE,CASSLDSYEQYF,TRBV7-8,TRBJ2-7,NA,Donor1:healthy,1.000000,-,-,-,-,-,-,-,-,-,-,-
1413,S%DSYE,3.7e-01,1,2,2.0e-06,1.0e+00,7.0e-02,1.0e+00,1.0e-03,2.9e-02,global-S%DSYE,CASSIDSYEQYF,TRBV5-4,TRBJ2-7,NA,Donor1:healthy,1.000000,-,-,-,-,-,-,-,-,-,-,-

1414,SGG%TDT,3.7e-01,1,2,5.7e-06,1.0e+00,1.9e-01,1.0e+00,1.0e-03,2.9e-02,global-SGG%TDT,CASSGGSTDTQYF,TRBV12-4,TRBJ2-3,NA,Donor1:healthy,1.000000,-,-,-,-,-,-,-,-,-,-,-
1414,SGG%TDT,3.7e-01,1,2,5.7e-06,1.0e+00,1.9e-01,1.0e+00,1.0e-03,2.9e-02,global-SGG%TDT,CASSGGSTDTQYF,TRBV4-1,TRBJ2-3,NA,Donor1:healthy,1.000000,-,-,-,-,-,-,-,-,-,-,-
1414,SGG%TDT,3.7e-01,1,2,5.7e-06,1.0e+00,1.9e-01,1.0e+00,1.0e-03,2.9e-02,global-SGG%TDT,CATSGGTTDTQYF,TRBV15,TRBJ2-3,NA,Donor1:healthy,1.000000,-,-,-,-,-,-,-,-,-,-,-

1415,%GNE,3.9e-01,1,2,2.1e-06,1.0e+00,7.1e-02,1.0e+00,1.0e-03,2.9e-02,global-%GNE,CASSGNEQYF,TRBV9,TRBJ2-7,NA,Donor1:healthy,1.000000,-,-,-,-,-,-,-,-,-,-,-
1415,%GNE,3.9e-01,1,2,2.1e-06,1.0e+00,7.1e-02,1.0e+00,1.0e-03,2.9e-02,global-%GNE,CASGGNEQFF,TRBV12-4,TRBJ2-1,NA,Donor1:healthy,1.000000,-,-,-,-,-,-,-,-,-,-,-

1416,SG%E,3.9e-01,1,2,1.9e-06,1.0e+00,6.4e-02,1.0e+00,1.0e-03,2.9e-02,global-SG%E,CASSGGEQFF,TRBV3-1,TRBJ2-1,NA,Donor1:healthy,1.000000,-,-,-,-,-,-,-,-,-,-,-
1416,SG%E,3.9e-01,1,2,1.9e-06,1.0e+00,6.4e-02,1.0e+00,1.0e-03,2.9e-02,global-SG%E,CASSGNEQYF,TRBV9,TRBJ2-7,NA,Donor1:healthy,1.000000,-,-,-,-,-,-,-,-,-,-,-

1417,S%GSYE,3.9e-01,1,3,1.3e-06,1.0e+00,2.2e-01,1.0e+00,1.0e-03,6.2e-03,global-S%GSYE,CASSFGSYEQYF,TRBV28,TRBJ2-7,NA,Donor1:healthy,1.000000,-,-,-,-,-,-,-,-,-,-,-
1417,S%GSYE,3.9e-01,1,3,1.3e-06,1.0e+00,2.2e-01,1.0e+00,1.0e-03,6.2e-03,global-S%GSYE,CASSLGSYEQYF,TRBV13,TRBJ2-7,NA,Donor1:healthy,1.000000,-,-,-,-,-,-,-,-,-,-,-
1417,S%GSYE,3.9e-01,1,3,1.3e-06,1.0e+00,2.2e-01,1.0e+00,1.0e-03,6.2e-03,global-S%GSYE,CASSLGSYEQYF,TRBV5-4,TRBJ2-7,NA,Donor1:healthy,1.000000,-,-,-,-,-,-,-,-,-,-,-
1417,S%GSYE,3.9e-01,1,3,1.3e-06,1.0e+00,2.2e-01,1.0e+00,1.0e-03,6.2e-03,global-S%GSYE,CASSLGSYEQYF,TRBV5-6,TRBJ2-7,NA,Donor1:healthy,1.000000,-,-,-,-,-,-,-,-,-,-,-
1417,S%GSYE,3.9e-01,1,3,1.3e-06,1.0e+00,2.2e-01,1.0e+00,1.0e-03,6.2e-03,global-S%GSYE,CASSLGSYEQYF,TRBV7-9,TRBJ2-7,NA,Donor1:healthy,1.000000,-,-,-,-,-,-,-,-,-,-,-
1417,S%GSYE,3.9e-01,1,3,1.3e-06,1.0e+00,2.2e-01,1.0e+00,1.0e-03,6.2e-03,global-S%GSYE,CASSWGSYEQYF,TRBV28,TRBJ2-7,NA,Donor1:healthy,1.000000,-,-,-,-,-,-,-,-,-,-,-

1418,S%GMNTE,3.9e-01,1,2,4.9e-06,1.0e+00,1.7e-01,1.0e+00,1.0e-03,2.9e-02,global-S%GMNTE,CASSFGMNTEAFF,TRBV12-3,TRBJ1-1,NA,Donor1:healthy,1.000000,-,-,-,-,-,-,-,-,-,-,-
1418,S%GMNTE,3.9e-01,1,2,4.9e-06,1.0e+00,1.7e-01,1.0e+00,1.0e-03,2.9e-02,global-S%GMNTE,CASSFGMNTEAFF,TRBV27,TRBJ1-1,NA,Donor1:healthy,1.000000,-,-,-,-,-,-,-,-,-,-,-
1418,S%GMNTE,3.9e-01,1,2,4.9e-06,1.0e+00,1.7e-01,1.0e+00,1.0e-03,2.9e-02,global-S%GMNTE,CASSLGMNTEAFF,TRBV6-3,TRBJ1-1,NA,Donor1:healthy,1.000000,-,-,-,-,-,-,-,-,-,-,-

1419,S%GGGYE,3.9e-01,1,2,1.8e-06,1.0e+00,6.2e-02,1.0e+00,1.0e-03,2.9e-02,global-S%GGGYE,CASSEGGGYEQYF,TRBV6-1,TRBJ2-7,NA,Donor1:healthy,1.000000,-,-,-,-,-,-,-,-,-,-,-
1419,S%GGGYE,3.9e-01,1,2,1.8e-06,1.0e+00,6.2e-02,1.0e+00,1.0e-03,2.9e-02,global-S%GGGYE,CASSDGGGYEQYF,TRBV9,TRBJ2-7,NA,Donor1:healthy,1.000000,-,-,-,-,-,-,-,-,-,-,-

1420,SLAG%SYE,3.9e-01,1,2,3.1e-06,1.0e+00,1.0e-01,1.0e+00,1.0e-03,2.9e-02,global-SLAG%SYE,CASSLAGSSYEQYF,TRBV7-2,TRBJ2-7,NA,Donor1:healthy,1.000000,-,-,-,-,-,-,-,-,-,-,-
1420,SLAG%SYE,3.9e-01,1,2,3.1e-06,1.0e+00,1.0e-01,1.0e+00,1.0e-03,2.9e-02,global-SLAG%SYE,CASSLAGDSYEQYF,TRBV7-2,TRBJ2-7,NA,Donor1:healthy,1.000000,-,-,-,-,-,-,-,-,-,-,-
1420,SLAG%SYE,3.9e-01,1,2,3.1e-06,1.0e+00,1.0e-01,1.0e+00,1.0e-03,2.9e-02,global-SLAG%SYE,CASSLAGDSYEQYF,TRBV7-9,TRBJ2-7,NA,Donor1:healthy,1.000000,-,-,-,-,-,-,-,-,-,-,-

1421,S%GYE,4.0e-01,1,4,1.3e-07,1.0e+00,3.3e-01,1.7e-01,1.0e-03,2.3e-03,global-S%GYE,CAWSVGYEQFF,TRBV30,TRBJ2-1,NA,Donor1:healthy,1.000000,-,-,-,-,-,-,-,-,-,-,-
1421,S%GYE,4.0e-01,1,4,1.3e-07,1.0e+00,3.3e-01,1.7e-01,1.0e-03,2.3e-03,global-S%GYE,CASSIGYEQFF,TRBV19,TRBJ2-1,NA,Donor1:healthy,1.000000,-,-,-,-,-,-,-,-,-,-,-
1421,S%GYE,4.0e-01,1,4,1.3e-07,1.0e+00,3.3e-01,1.7e-01,1.0e-03,2.3e-03,global-S%GYE,CASSIGYEQYF,TRBV25-1,TRBJ2-7,NA,Donor1:healthy,1.000000,-,-,-,-,-,-,-,-,-,-,-
1421,S%GYE,4.0e-01,1,4,1.3e-07,1.0e+00,3.3e-01,1.7e-01,1.0e-03,2.3e-03,global-S%GYE,CASSFGYEQYF,TRBV7-2,TRBJ2-7,NA,Donor1:healthy,2.000000,-,-,-,-,-,-,-,-,-,-,-

1422,S%SYE,4.0e-01,1,3,9.7e-07,1.0e+00,5.1e-01,3.1e-01,1.0e-03,6.2e-03,global-S%SYE,CASSYSYEQYF,TRBV11-2,TRBJ2-7,NA,Donor1:healthy,1.000000,-,-,-,-,-,-,-,-,-,-,-
1422,S%SYE,4.0e-01,1,3,9.7e-07,1.0e+00,5.1e-01,3.1e-01,1.0e-03,6.2e-03,global-S%SYE,CASSYSYEQYF,TRBV6-3,TRBJ2-7,NA,Donor1:healthy,1.000000,-,-,-,-,-,-,-,-,-,-,-
1422,S%SYE,4.0e-01,1,3,9.7e-07,1.0e+00,5.1e-01,3.1e-01,1.0e-03,6.2e-03,global-S%SYE,CASSYSYEQYF,TRBV6-6,TRBJ2-7,NA,Donor1:healthy,1.000000,-,-,-,-,-,-,-,-,-,-,-
1422,S%SYE,4.0e-01,1,3,9.7e-07,1.0e+00,5.1e-01,3.1e-01,1.0e-03,6.2e-03,global-S%SYE,CASSYSYEQYF,TRBV7-2,TRBJ2-7,NA,Donor1:healthy,1.000000,-,-,-,-,-,-,-,-,-,-,-
1422,S%SYE,4.0e-01,1,3,9.7e-07,1.0e+00,5.1e-01,3.1e-01,1.0e-03,6.2e-03,global-S%SYE,CASSLSYEQYF,TRBV12-4,TRBJ2-7,NA,Donor1:healthy,1.000000,-,-,-,-,-,-,-,-,-,-,-
1422,S%SYE,4.0e-01,1,3,9.7e-07,1.0e+00,5.1e-01,3.1e-01,1.0e-03,6.2e-03,global-S%SYE,CASSFSYEQYF,TRBV28,TRBJ2-7,NA,Donor1:healthy,1.000000,-,-,-,-,-,-,-,-,-,-,-
1422,S%SYE,4.0e-01,1,3,9.7e-07,1.0e+00,5.1e-01,3.1e-01,1.0e-03,6.2e-03,global-S%SYE,CASSFSYEQYF,TRBV5-6,TRBJ2-7,NA,Donor1:healthy,2.000000,-,-,-,-,-,-,-,-,-,-,-
1422,S%SYE,4.0e-01,1,3,9.7e-07,1.0e+00,5.1e-01,3.1e-01,1.0e-03,6.2e-03,global-S%SYE,CASSFSYEQYF,TRBV6-3,TRBJ2-7,NA,Donor1:healthy,1.000000,-,-,-,-,-,-,-,-,-,-,-

1423,SVG%E,4.0e-01,1,2,2.1e-06,1.0e+00,7.1e-02,1.0e+00,1.0e-03,2.9e-02,global-SVG%E,CASSVGSEAFF,TRBV5-4,TRBJ1-1,NA,Donor1:healthy,1.000000,-,-,-,-,-,-,-,-,-,-,-
1423,SVG%E,4.0e-01,1,2,2.1e-06,1.0e+00,7.1e-02,1.0e+00,1.0e-03,2.9e-02,global-SVG%E,CASSVGGEQFF,TRBV9,TRBJ2-1,NA,Donor1:healthy,1.000000,-,-,-,-,-,-,-,-,-,-,-

1424,S%GRSYE,4.0e-01,1,2,1.5e-06,1.0e+00,5.2e-02,1.0e+00,1.0e-03,2.9e-02,global-S%GRSYE,CASSDGRSYEQYF,TRBV27,TRBJ2-7,NA,Donor1:healthy,1.000000,-,-,-,-,-,-,-,-,-,-,-
1424,S%GRSYE,4.0e-01,1,2,1.5e-06,1.0e+00,5.2e-02,1.0e+00,1.0e-03,2.9e-02,global-S%GRSYE,CATSEGRSYEQYF,TRBV24-1,TRBJ2-7,NA,Donor1:healthy,1.000000,-,-,-,-,-,-,-,-,-,-,-

1425,SV%GNTE,4.0e-01,1,2,1.7e-06,1.0e+00,6.0e-02,1.0e+00,1.0e-03,2.9e-02,global-SV%GNTE,CASSVTGNTEAFF,TRBV5-4,TRBJ1-1,NA,Donor1:healthy,1.000000,-,-,-,-,-,-,-,-,-,-,-
1425,SV%GNTE,4.0e-01,1,2,1.7e-06,1.0e+00,6.0e-02,1.0e+00,1.0e-03,2.9e-02,global-SV%GNTE,CAISVAGNTEAFF,TRBV10-3,TRBJ1-1,NA,Donor1:healthy,1.000000,-,-,-,-,-,-,-,-,-,-,-

1426,SLGG%YE,4.0e-01,1,2,2.3e-06,1.0e+00,7.9e-02,1.0e+00,1.0e-03,2.9e-02,global-SLGG%YE,CASSLGGLYEQYF,TRBV6-6,TRBJ2-7,NA,Donor1:healthy,1.000000,-,-,-,-,-,-,-,-,-,-,-
1426,SLGG%YE,4.0e-01,1,2,2.3e-06,1.0e+00,7.9e-02,1.0e+00,1.0e-03,2.9e-02,global-SLGG%YE,CASSLGGFYEQYF,TRBV5-1,TRBJ2-7,NA,Donor1:healthy,1.000000,-,-,-,-,-,-,-,-,-,-,-

1427,S%NE,4.1e-01,1,2,1.8e-06,1.0e+00,6.2e-02,1.0e+00,1.0e-03,2.9e-02,global-S%NE,CASSFNEQFF,TRBV7-9,TRBJ2-1,NA,Donor1:healthy,1.000000,-,-,-,-,-,-,-,-,-,-,-
1427,S%NE,4.1e-01,1,2,1.8e-06,1.0e+00,6.2e-02,1.0e+00,1.0e-03,2.9e-02,global-S%NE,CASSYNEQFF,TRBV6-6,TRBJ2-1,NA,Donor1:healthy,1.000000,-,-,-,-,-,-,-,-,-,-,-

1428,S%GVE,4.1e-01,1,2,2.3e-06,1.0e+00,7.8e-02,1.0e+00,1.0e-03,2.9e-02,global-S%GVE,CASSSGVEAFF,TRBV6-5,TRBJ1-1,NA,Donor1:healthy,1.000000,-,-,-,-,-,-,-,-,-,-,-
1428,S%GVE,4.1e-01,1,2,2.3e-06,1.0e+00,7.8e-02,1.0e+00,1.0e-03,2.9e-02,global-S%GVE,CASSEGVEQYF,TRBV10-2,TRBJ2-7,NA,Donor1:healthy,1.000000,-,-,-,-,-,-,-,-,-,-,-

1429,GG%SYE,4.1e-01,1,2,1.9e-06,1.0e+00,6.4e-02,1.0e+00,1.0e-03,2.9e-02,global-GG%SYE,CASGGTSYEQYF,TRBV7-2,TRBJ2-7,NA,Donor1:healthy,1.000000,-,-,-,-,-,-,-,-,-,-,-
1429,GG%SYE,4.1e-01,1,2,1.9e-06,1.0e+00,6.4e-02,1.0e+00,1.0e-03,2.9e-02,global-GG%SYE,CAIGGVSYEQYF,TRBV7-9,TRBJ2-7,NA,Donor1:healthy,1.000000,-,-,-,-,-,-,-,-,-,-,-

1430,S%GDSYE,4.1e-01,1,2,2.2e-06,1.0e+00,7.6e-02,1.0e+00,1.0e-03,2.9e-02,global-S%GDSYE,CASSAGDSYEQYF,TRBV18,TRBJ2-7,NA,Donor1:healthy,1.000000,-,-,-,-,-,-,-,-,-,-,-
1430,S%GDSYE,4.1e-01,1,2,2.2e-06,1.0e+00,7.6e-02,1.0e+00,1.0e-03,2.9e-02,global-S%GDSYE,CASSVGDSYEQYF,TRBV9,TRBJ2-7,NA,Donor1:healthy,1.000000,-,-,-,-,-,-,-,-,-,-,-

1431,SL%SSYE,4.1e-01,1,2,5.7e-06,1.0e+00,1.9e-01,1.0e+00,1.0e-03,2.9e-02,global-SL%SSYE,CASSLTSSYEQYF,TRBV12-3,TRBJ2-7,NA,Donor1:healthy,1.000000,-,-,-,-,-,-,-,-,-,-,-
1431,SL%SSYE,4.1e-01,1,2,5.7e-06,1.0e+00,1.9e-01,1.0e+00,1.0e-03,2.9e-02,global-SL%SSYE,CASSLVSSYEQYF,TRBV27,TRBJ2-7,NA,Donor1:healthy,1.000000,-,-,-,-,-,-,-,-,-,-,-
1431,SL%SSYE,4.1e-01,1,2,5.7e-06,1.0e+00,1.9e-01,1.0e+00,1.0e-03,2.9e-02,global-SL%SSYE,CASSLVSSYEQYF,TRBV7-9,TRBJ2-7,NA,Donor1:healthy,1.000000,-,-,-,-,-,-,-,-,-,-,-

1432,SL%SSYE,4.1e-01,1,2,8.0e-08,1.0e+00,7.2e-02,3.8e-02,1.0e-03,2.9e-02,global-SL%SSYE,CASSLKSSYEQYF,TRBV27,TRBJ2-7,NA,Donor1:healthy,1.000000,-,-,-,-,-,-,-,-,-,-,-
1432,SL%SSYE,4.1e-01,1,2,8.0e-08,1.0e+00,7.2e-02,3.8e-02,1.0e-03,2.9e-02,global-SL%SSYE,CASSLRSSYEQYF,TRBV19,TRBJ2-7,NA,Donor1:healthy,4.000000,-,-,-,-,-,-,-,-,-,-,-

1433,SL%GGYE,4.1e-01,1,2,1.7e-06,1.0e+00,5.7e-02,1.0e+00,1.0e-03,2.9e-02,global-SL%GGYE,CASSLQGGYEQYF,TRBV5-4,TRBJ2-7,NA,Donor1:healthy,1.000000,-,-,-,-,-,-,-,-,-,-,-
1433,SL%GGYE,4.1e-01,1,2,1.7e-06,1.0e+00,5.7e-02,1.0e+00,1.0e-03,2.9e-02,global-SL%GGYE,CASSLRGGYEQYF,TRBV11-2,TRBJ2-7,NA,Donor1:healthy,1.000000,-,-,-,-,-,-,-,-,-,-,-

1434,SL%GGYE,4.1e-01,1,2,2.0e-06,1.0e+00,7.0e-02,1.0e+00,1.0e-03,2.9e-02,global-SL%GGYE,CASSLAGGYEQYF,TRBV11-2,TRBJ2-7,NA,Donor1:healthy,1.000000,-,-,-,-,-,-,-,-,-,-,-
1434,SL%GGYE,4.1e-01,1,2,2.0e-06,1.0e+00,7.0e-02,1.0e+00,1.0e-03,2.9e-02,global-SL%GGYE,CASSLTGGYEQYF,TRBV7-9,TRBJ2-7,NA,Donor1:healthy,1.000000,-,-,-,-,-,-,-,-,-,-,-

1435,SPG%SYE,4.1e-01,1,2,5.4e-06,1.0e+00,1.8e-01,1.0e+00,1.0e-03,2.9e-02,global-SPG%SYE,CASSPGASYEQYF,TRBV12-3,TRBJ2-7,NA,Donor1:healthy,1.000000,-,-,-,-,-,-,-,-,-,-,-
1435,SPG%SYE,4.1e-01,1,2,5.4e-06,1.0e+00,1.8e-01,1.0e+00,1.0e-03,2.9e-02,global-SPG%SYE,CASSPGGSYEQYF,TRBV13,TRBJ2-7,NA,Donor1:healthy,1.000000,-,-,-,-,-,-,-,-,-,-,-
1435,SPG%SYE,4.1e-01,1,2,5.4e-06,1.0e+00,1.8e-01,1.0e+00,1.0e-03,2.9e-02,global-SPG%SYE,CASSPGGSYEQYF,TRBV7-6,TRBJ2-7,NA,Donor1:healthy,1.000000,-,-,-,-,-,-,-,-,-,-,-

1436,SLG%AYE,4.1e-01,1,2,2.2e-06,1.0e+00,7.7e-02,1.0e+00,1.0e-03,2.9e-02,global-SLG%AYE,CASSLGQAYEQYF,TRBV12-4,TRBJ2-7,NA,Donor1:healthy,1.000000,-,-,-,-,-,-,-,-,-,-,-
1436,SLG%AYE,4.1e-01,1,2,2.2e-06,1.0e+00,7.7e-02,1.0e+00,1.0e-03,2.9e-02,global-SLG%AYE,CASSLGRAYEQYF,TRBV7-2,TRBJ2-7,NA,Donor1:healthy,1.000000,-,-,-,-,-,-,-,-,-,-,-

1437,S%TGNTE,4.3e-01,1,2,1.8e-06,1.0e+00,6.2e-02,1.0e+00,1.0e-03,2.9e-02,global-S%TGNTE,CASSLTGNTEAFF,TRBV9,TRBJ1-1,NA,Donor1:healthy,1.000000,-,-,-,-,-,-,-,-,-,-,-
1437,S%TGNTE,4.3e-01,1,2,1.8e-06,1.0e+00,6.2e-02,1.0e+00,1.0e-03,2.9e-02,global-S%TGNTE,CASSVTGNTEAFF,TRBV5-4,TRBJ1-1,NA,Donor1:healthy,1.000000,-,-,-,-,-,-,-,-,-,-,-

1438,S%GLNTE,4.3e-01,1,2,4.6e-07,1.0e+00,1.7e-01,9.0e-02,1.0e-03,2.9e-02,global-S%GLNTE,CASSVGLNTEAFF,TRBV9,TRBJ1-1,NA,Donor1:healthy,1.000000,-,-,-,-,-,-,-,-,-,-,-
1438,S%GLNTE,4.3e-01,1,2,4.6e-07,1.0e+00,1.7e-01,9.0e-02,1.0e-03,2.9e-02,global-S%GLNTE,CASSLGLNTEAFF,TRBV18,TRBJ1-1,NA,Donor1:healthy,1.000000,-,-,-,-,-,-,-,-,-,-,-
1438,S%GLNTE,4.3e-01,1,2,4.6e-07,1.0e+00,1.7e-01,9.0e-02,1.0e-03,2.9e-02,global-S%GLNTE,CASSLGLNTEAFF,TRBV27,TRBJ1-1,NA,Donor1:healthy,3.000000,-,-,-,-,-,-,-,-,-,-,-

1439,SP%SSYE,4.3e-01,1,2,2.1e-06,1.0e+00,7.2e-02,1.0e+00,1.0e-03,2.9e-02,global-SP%SSYE,CASSPSSSYEQYF,TRBV12-4,TRBJ2-7,NA,Donor1:healthy,1.000000,-,-,-,-,-,-,-,-,-,-,-
1439,SP%SSYE,4.3e-01,1,2,2.1e-06,1.0e+00,7.2e-02,1.0e+00,1.0e-03,2.9e-02,global-SP%SSYE,CASSPDSSYEQYF,TRBV16,TRBJ2-7,NA,Donor1:healthy,1.000000,-,-,-,-,-,-,-,-,-,-,-

1440,%DSYE,4.4e-01,1,2,5.6e-06,1.0e+00,1.9e-01,1.0e+00,1.0e-03,2.9e-02,global-%DSYE,CASSDSYEQYF,TRBV25-1,TRBJ2-7,NA,Donor1:healthy,1.000000,-,-,-,-,-,-,-,-,-,-,-
1440,%DSYE,4.4e-01,1,2,5.6e-06,1.0e+00,1.9e-01,1.0e+00,1.0e-03,2.9e-02,global-%DSYE,CASSDSYEQYF,TRBV6-3,TRBJ2-7,NA,Donor1:healthy,1.000000,-,-,-,-,-,-,-,-,-,-,-
1440,%DSYE,4.4e-01,1,2,5.6e-06,1.0e+00,1.9e-01,1.0e+00,1.0e-03,2.9e-02,global-%DSYE,CSATDSYEQYF,TRBV20-1,TRBJ2-7,NA,Donor1:healthy,1.000000,-,-,-,-,-,-,-,-,-,-,-

1441,G%SYE,4.4e-01,1,2,1.5e-06,1.0e+00,5.2e-02,1.0e+00,1.0e-03,2.9e-02,global-G%SYE,CSHGTSYEQYF,TRBV20-1,TRBJ2-7,NA,Donor1:healthy,1.000000,-,-,-,-,-,-,-,-,-,-,-
1441,G%SYE,4.4e-01,1,2,1.5e-06,1.0e+00,5.2e-02,1.0e+00,1.0e-03,2.9e-02,global-G%SYE,CASGNSYEQYF,TRBV9,TRBJ2-7,NA,Donor1:healthy,1.000000,-,-,-,-,-,-,-,-,-,-,-

1442,SGG%SYE,4.4e-01,1,2,2.0e-06,1.0e+00,6.9e-02,1.0e+00,1.0e-03,2.9e-02,global-SGG%SYE,CAISGGGSYEQYF,TRBV10-3,TRBJ2-7,NA,Donor1:healthy,1.000000,-,-,-,-,-,-,-,-,-,-,-
1442,SGG%SYE,4.4e-01,1,2,2.0e-06,1.0e+00,6.9e-02,1.0e+00,1.0e-03,2.9e-02,global-SGG%SYE,CASSGGNSYEQYF,TRBV9,TRBJ2-7,NA,Donor1:healthy,1.000000,-,-,-,-,-,-,-,-,-,-,-

1443,SPGQG%YE,4.4e-01,1,2,1.5e-05,1.0e+00,5.0e-01,1.0e+00,1.0e-03,2.9e-02,global-SPGQG%YE,CASSPGQGAYEQYF,TRBV11-2,TRBJ2-7,NA,Donor1:healthy,1.000000,-,-,-,-,-,-,-,-,-,-,-
1443,SPGQG%YE,4.4e-01,1,2,1.5e-05,1.0e+00,5.0e-01,1.0e+00,1.0e-03,2.9e-02,global-SPGQG%YE,CASSPGQGAYEQYF,TRBV19,TRBJ2-7,NA,Donor1:healthy,1.000000,-,-,-,-,-,-,-,-,-,-,-
1443,SPGQG%YE,4.4e-01,1,2,1.5e-05,1.0e+00,5.0e-01,1.0e+00,1.0e-03,2.9e-02,global-SPGQG%YE,CASSPGQGAYEQYF,TRBV4-3,TRBJ2-7,NA,Donor1:healthy,1.000000,-,-,-,-,-,-,-,-,-,-,-
1443,SPGQG%YE,4.4e-01,1,2,1.5e-05,1.0e+00,5.0e-01,1.0e+00,1.0e-03,2.9e-02,global-SPGQG%YE,CASSPGQGAYEQYF,TRBV7-3,TRBJ2-7,NA,Donor1:healthy,1.000000,-,-,-,-,-,-,-,-,-,-,-
1443,SPGQG%YE,4.4e-01,1,2,1.5e-05,1.0e+00,5.0e-01,1.0e+00,1.0e-03,2.9e-02,global-SPGQG%YE,CSASPGQGTYEQYF,TRBV20-1,TRBJ2-7,NA,Donor1:healthy,1.000000,-,-,-,-,-,-,-,-,-,-,-

1444,S%GDE,4.5e-01,1,2,1.9e-06,1.0e+00,6.5e-02,1.0e+00,1.0e-03,2.9e-02,global-S%GDE,CASSLGDEQYF,TRBV7-2,TRBJ2-7,NA,Donor1:healthy,1.000000,-,-,-,-,-,-,-,-,-,-,-
1444,S%GDE,4.5e-01,1,2,1.9e-06,1.0e+00,6.5e-02,1.0e+00,1.0e-03,2.9e-02,global-S%GDE,CASSFGDEQFF,TRBV27,TRBJ2-1,NA,Donor1:healthy,1.000000,-,-,-,-,-,-,-,-,-,-,-

1445,RG%SYE,4.5e-01,1,2,1.8e-06,1.0e+00,6.2e-02,1.0e+00,1.0e-03,2.9e-02,global-RG%SYE,CASRGQSYEQYF,TRBV13,TRBJ2-7,NA,Donor1:healthy,1.000000,-,-,-,-,-,-,-,-,-,-,-
1445,RG%SYE,4.5e-01,1,2,1.8e-06,1.0e+00,6.2e-02,1.0e+00,1.0e-03,2.9e-02,global-RG%SYE,CATRGHSYEQYF,TRBV15,TRBJ2-7,NA,Donor1:healthy,1.000000,-,-,-,-,-,-,-,-,-,-,-

1446,S%GSE,4.7e-01,1,2,1.7e-06,1.0e+00,6.0e-02,1.0e+00,1.0e-03,2.9e-02,global-S%GSE,CASSVGSEAFF,TRBV5-4,TRBJ1-1,NA,Donor1:healthy,1.000000,-,-,-,-,-,-,-,-,-,-,-
1446,S%GSE,4.7e-01,1,2,1.7e-06,1.0e+00,6.0e-02,1.0e+00,1.0e-03,2.9e-02,global-S%GSE,CASSIGSEQYF,TRBV19,TRBJ2-7,NA,Donor1:healthy,1.000000,-,-,-,-,-,-,-,-,-,-,-

1447,S%DSSYE,4.8e-01,1,2,5.0e-06,1.0e+00,1.7e-01,1.0e+00,1.0e-03,2.9e-02,global-S%DSSYE,CASSQDSSYEQYF,TRBV4-3,TRBJ2-7,NA,Donor1:healthy,1.000000,-,-,-,-,-,-,-,-,-,-,-
1447,S%DSSYE,4.8e-01,1,2,5.0e-06,1.0e+00,1.7e-01,1.0e+00,1.0e-03,2.9e-02,global-S%DSSYE,CASSSDSSYEQYF,TRBV27,TRBJ2-7,NA,Donor1:healthy,1.000000,-,-,-,-,-,-,-,-,-,-,-
1447,S%DSSYE,4.8e-01,1,2,5.0e-06,1.0e+00,1.7e-01,1.0e+00,1.0e-03,2.9e-02,global-S%DSSYE,CASSSDSSYEQYF,TRBV5-1,TRBJ2-7,NA,Donor1:healthy,1.000000,-,-,-,-,-,-,-,-,-,-,-

1448,%SYNE,4.9e-01,1,2,1.7e-06,1.0e+00,5.9e-02,1.0e+00,1.0e-03,2.9e-02,global-%SYNE,CASNSYNEQFF,TRBV28,TRBJ2-1,NA,Donor1:healthy,1.000000,-,-,-,-,-,-,-,-,-,-,-
1448,%SYNE,4.9e-01,1,2,1.7e-06,1.0e+00,5.9e-02,1.0e+00,1.0e-03,2.9e-02,global-%SYNE,CSARSYNEQFF,TRBV20-1,TRBJ2-1,NA,Donor1:healthy,1.000000,-,-,-,-,-,-,-,-,-,-,-

1449,S%AYE,4.9e-01,1,2,7.4e-07,1.0e+00,1.9e-01,1.4e-01,1.0e-03,2.9e-02,global-S%AYE,CASSIAYEQYF,TRBV5-6,TRBJ2-7,NA,Donor1:healthy,1.000000,-,-,-,-,-,-,-,-,-,-,-
1449,S%AYE,4.9e-01,1,2,7.4e-07,1.0e+00,1.9e-01,1.4e-01,1.0e-03,2.9e-02,global-S%AYE,CASSLAYEQYF,TRBV11-2,TRBJ2-7,NA,Donor1:healthy,2.000000,-,-,-,-,-,-,-,-,-,-,-
1449,S%AYE,4.9e-01,1,2,7.4e-07,1.0e+00,1.9e-01,1.4e-01,1.0e-03,2.9e-02,global-S%AYE,CASSLAYEQYF,TRBV12-3,TRBJ2-7,NA,Donor1:healthy,1.000000,-,-,-,-,-,-,-,-,-,-,-

1450,SS%NE,4.9e-01,1,2,1.7e-06,1.0e+00,6.0e-02,1.0e+00,1.0e-03,2.9e-02,global-SS%NE,CASSSNNEQFF,TRBV7-9,TRBJ2-1,NA,Donor1:healthy,1.000000,-,-,-,-,-,-,-,-,-,-,-
1450,SS%NE,4.9e-01,1,2,1.7e-06,1.0e+00,6.0e-02,1.0e+00,1.0e-03,2.9e-02,global-SS%NE,CASSSSNEQFF,TRBV7-2,TRBJ2-1,NA,Donor1:healthy,1.000000,-,-,-,-,-,-,-,-,-,-,-

1451,SPTG%E,4.9e-01,1,2,2.2e-06,1.0e+00,7.7e-02,1.0e+00,1.0e-03,2.9e-02,global-SPTG%E,CATSPTGAEAFF,TRBV5-1,TRBJ1-1,NA,Donor1:healthy,1.000000,-,-,-,-,-,-,-,-,-,-,-
1451,SPTG%E,4.9e-01,1,2,2.2e-06,1.0e+00,7.7e-02,1.0e+00,1.0e-03,2.9e-02,global-SPTG%E,CASSPTGGEQYF,TRBV9,TRBJ2-7,NA,Donor1:healthy,1.000000,-,-,-,-,-,-,-,-,-,-,-

1452,SL%YE,5.3e-01,1,2,5.9e-07,1.0e+00,1.7e-01,1.2e-01,1.0e-03,2.9e-02,global-SL%YE,CASSLSYEQYF,TRBV12-4,TRBJ2-7,NA,Donor1:healthy,1.000000,-,-,-,-,-,-,-,-,-,-,-
1452,SL%YE,5.3e-01,1,2,5.9e-07,1.0e+00,1.7e-01,1.2e-01,1.0e-03,2.9e-02,global-SL%YE,CASSLAYEQYF,TRBV11-2,TRBJ2-7,NA,Donor1:healthy,2.000000,-,-,-,-,-,-,-,-,-,-,-
1452,SL%YE,5.3e-01,1,2,5.9e-07,1.0e+00,1.7e-01,1.2e-01,1.0e-03,2.9e-02,global-SL%YE,CASSLAYEQYF,TRBV12-3,TRBJ2-7,NA,Donor1:healthy,1.000000,-,-,-,-,-,-,-,-,-,-,-

1453,SYG%E,5.3e-01,1,2,2.0e-06,1.0e+00,6.7e-02,1.0e+00,1.0e-03,2.9e-02,global-SYG%E,CASSYGVEQYF,TRBV6-3,TRBJ2-7,NA,Donor1:healthy,1.000000,-,-,-,-,-,-,-,-,-,-,-
1453,SYG%E,5.3e-01,1,2,2.0e-06,1.0e+00,6.7e-02,1.0e+00,1.0e-03,2.9e-02,global-SYG%E,CASSYGTEAFF,TRBV16,TRBJ1-1,NA,Donor1:healthy,1.000000,-,-,-,-,-,-,-,-,-,-,-

1454,%TGNTE,5.3e-01,1,2,2.0e-06,1.0e+00,6.8e-02,1.0e+00,1.0e-03,2.9e-02,global-%TGNTE,CATGTGNTEAFF,TRBV19,TRBJ1-1,NA,Donor1:healthy,1.000000,-,-,-,-,-,-,-,-,-,-,-
1454,%TGNTE,5.3e-01,1,2,2.0e-06,1.0e+00,6.8e-02,1.0e+00,1.0e-03,2.9e-02,global-%TGNTE,CSAATGNTEAFF,TRBV29-1,TRBJ1-1,NA,Donor1:healthy,1.000000,-,-,-,-,-,-,-,-,-,-,-

1455,SL%GNE,5.3e-01,1,2,2.7e-09,1.0e+00,1.0e-03,9.3e-02,1.0e-03,2.9e-02,global-SL%GNE,CASSLFGNEQFF,TRBV27,TRBJ2-1,NA,Donor1:healthy,2.000000,-,-,-,-,-,-,-,-,-,-,-
1455,SL%GNE,5.3e-01,1,2,2.7e-09,1.0e+00,1.0e-03,9.3e-02,1.0e-03,2.9e-02,global-SL%GNE,CASSLLGNEQFF,TRBV27,TRBJ2-1,NA,Donor1:healthy,1.000000,-,-,-,-,-,-,-,-,-,-,-

1456,SLG%NE,5.3e-01,1,2,1.4e-07,1.0e+00,7.0e-02,6.9e-02,1.0e-03,2.9e-02,global-SLG%NE,CASSLGFNEQFF,TRBV11-2,TRBJ2-1,NA,Donor1:healthy,3.000000,-,-,-,-,-,-,-,-,-,-,-
1456,SLG%NE,5.3e-01,1,2,1.4e-07,1.0e+00,7.0e-02,6.9e-02,1.0e-03,2.9e-02,global-SLG%NE,CASSLGYNEQFF,TRBV5-8,TRBJ2-1,NA,Donor1:healthy,1.000000,-,-,-,-,-,-,-,-,-,-,-

1457,%GNTE,5.4e-01,1,2,1.8e-06,1.0e+00,6.2e-02,1.0e+00,1.0e-03,2.9e-02,global-%GNTE,CATEGNTEAFF,TRBV6-5,TRBJ1-1,NA,Donor1:healthy,1.000000,-,-,-,-,-,-,-,-,-,-,-
1457,%GNTE,5.4e-01,1,2,1.8e-06,1.0e+00,6.2e-02,1.0e+00,1.0e-03,2.9e-02,global-%GNTE,CSTRGNTEAFF,TRBV20-1,TRBJ1-1,NA,Donor1:healthy,1.000000,-,-,-,-,-,-,-,-,-,-,-

1458,S%STDT,5.4e-01,1,2,6.3e-06,1.0e+00,2.2e-01,1.0e+00,1.0e-03,2.9e-02,global-S%STDT,CAWSESTDTQYF,TRBV30,TRBJ2-3,NA,Donor1:healthy,1.000000,-,-,-,-,-,-,-,-,-,-,-
1458,S%STDT,5.4e-01,1,2,6.3e-06,1.0e+00,2.2e-01,1.0e+00,1.0e-03,2.9e-02,global-S%STDT,CASSSSTDTQYF,TRBV27,TRBJ2-3,NA,Donor1:healthy,1.000000,-,-,-,-,-,-,-,-,-,-,-
1458,S%STDT,5.4e-01,1,2,6.3e-06,1.0e+00,2.2e-01,1.0e+00,1.0e-03,2.9e-02,global-S%STDT,CASSSSTDTQYF,TRBV7-9,TRBJ2-3,NA,Donor1:healthy,1.000000,-,-,-,-,-,-,-,-,-,-,-

1459,SL%GNTE,5.4e-01,1,2,1.9e-06,1.0e+00,6.6e-02,1.0e+00,1.0e-03,2.9e-02,global-SL%GNTE,CASSLDGNTEAFF,TRBV11-2,TRBJ1-1,NA,Donor1:healthy,1.000000,-,-,-,-,-,-,-,-,-,-,-
1459,SL%GNTE,5.4e-01,1,2,1.9e-06,1.0e+00,6.6e-02,1.0e+00,1.0e-03,2.9e-02,global-SL%GNTE,CASSLEGNTEAFF,TRBV7-4,TRBJ1-1,NA,Donor1:healthy,1.000000,-,-,-,-,-,-,-,-,-,-,-

1460,SFG%E,5.5e-01,1,2,5.5e-06,1.0e+00,1.9e-01,1.0e+00,1.0e-03,2.9e-02,global-SFG%E,CASSFGNEQFF,TRBV12-4,TRBJ2-1,NA,Donor1:healthy,1.000000,-,-,-,-,-,-,-,-,-,-,-
1460,SFG%E,5.5e-01,1,2,5.5e-06,1.0e+00,1.9e-01,1.0e+00,1.0e-03,2.9e-02,global-SFG%E,CASSFGNEQFF,TRBV5-6,TRBJ2-1,NA,Donor1:healthy,1.000000,-,-,-,-,-,-,-,-,-,-,-
1460,SFG%E,5.5e-01,1,2,5.5e-06,1.0e+00,1.9e-01,1.0e+00,1.0e-03,2.9e-02,global-SFG%E,CASSFGDEQFF,TRBV27,TRBJ2-1,NA,Donor1:healthy,1.000000,-,-,-,-,-,-,-,-,-,-,-

1461,S%SSYNE,5.7e-01,1,2,2.9e-08,1.0e+00,1.0e-03,1.0e+00,1.0e-03,2.9e-02,global-S%SSYNE,CASSTSSYNEQFF,TRBV27,TRBJ2-1,NA,Donor1:healthy,1.000000,-,-,-,-,-,-,-,-,-,-,-
1461,S%SSYNE,5.7e-01,1,2,2.9e-08,1.0e+00,1.0e-03,1.0e+00,1.0e-03,2.9e-02,global-S%SSYNE,CATSASSYNEQFF,TRBV27,TRBJ2-1,NA,Donor1:healthy,1.000000,-,-,-,-,-,-,-,-,-,-,-

1462,S%SGE,5.8e-01,1,2,1.7e-06,1.0e+00,5.9e-02,1.0e+00,1.0e-03,2.9e-02,global-S%SGE,CASSQSGELFF,TRBV4-1,TRBJ2-2,NA,Donor1:healthy,1.000000,-,-,-,-,-,-,-,-,-,-,-
1462,S%SGE,5.8e-01,1,2,1.7e-06,1.0e+00,5.9e-02,1.0e+00,1.0e-03,2.9e-02,global-S%SGE,CATSDSGEAFF,TRBV24-1,TRBJ1-1,NA,Donor1:healthy,1.000000,-,-,-,-,-,-,-,-,-,-,-

1463,S%SGE,5.8e-01,1,2,2.1e-06,1.0e+00,7.3e-02,1.0e+00,1.0e-03,2.9e-02,global-S%SGE,CASSFSGEQFF,TRBV12-4,TRBJ2-1,NA,Donor1:healthy,1.000000,-,-,-,-,-,-,-,-,-,-,-
1463,S%SGE,5.8e-01,1,2,2.1e-06,1.0e+00,7.3e-02,1.0e+00,1.0e-03,2.9e-02,global-S%SGE,CASSYSGEQYF,TRBV6-5,TRBJ2-7,NA,Donor1:healthy,1.000000,-,-,-,-,-,-,-,-,-,-,-

1464,S%GGNE,5.9e-01,1,2,2.0e-06,1.0e+00,6.7e-02,1.0e+00,1.0e-03,2.9e-02,global-S%GGNE,CASSEGGNEQYF,TRBV10-2,TRBJ2-7,NA,Donor1:healthy,1.000000,-,-,-,-,-,-,-,-,-,-,-
1464,S%GGNE,5.9e-01,1,2,2.0e-06,1.0e+00,6.7e-02,1.0e+00,1.0e-03,2.9e-02,global-S%GGNE,CASSQGGNEQFF,TRBV5-5,TRBJ2-1,NA,Donor1:healthy,1.000000,-,-,-,-,-,-,-,-,-,-,-

1465,SSG%E,6.3e-01,1,2,2.0e-06,1.0e+00,6.8e-02,1.0e+00,1.0e-03,2.9e-02,global-SSG%E,CASSSGHEQYF,TRBV27,TRBJ2-7,NA,Donor1:healthy,1.000000,-,-,-,-,-,-,-,-,-,-,-
1465,SSG%E,6.3e-01,1,2,2.0e-06,1.0e+00,6.8e-02,1.0e+00,1.0e-03,2.9e-02,global-SSG%E,CASSSGREAFF,TRBV6-3,TRBJ1-1,NA,Donor1:healthy,1.000000,-,-,-,-,-,-,-,-,-,-,-

1466,SYS%E,6.3e-01,1,2,2.1e-06,1.0e+00,7.3e-02,1.0e+00,1.0e-03,2.9e-02,global-SYS%E,CASSYSKEAFF,TRBV6-3,TRBJ1-1,NA,Donor1:healthy,1.000000,-,-,-,-,-,-,-,-,-,-,-
1466,SYS%E,6.3e-01,1,2,2.1e-06,1.0e+00,7.3e-02,1.0e+00,1.0e-03,2.9e-02,global-SYS%E,CASSYSEEQYF,TRBV6-6,TRBJ2-7,NA,Donor1:healthy,1.000000,-,-,-,-,-,-,-,-,-,-,-

1467,S%GGE,6.5e-01,1,3,2.0e-06,1.0e+00,3.3e-01,1.0e+00,1.0e-03,6.2e-03,global-S%GGE,CAISEGGEQYF,TRBV10-3,TRBJ2-7,NA,Donor1:healthy,1.000000,-,-,-,-,-,-,-,-,-,-,-
1467,S%GGE,6.5e-01,1,3,2.0e-06,1.0e+00,3.3e-01,1.0e+00,1.0e-03,6.2e-03,global-S%GGE,CASSEGGEQYF,TRBV6-6,TRBJ2-7,NA,Donor1:healthy,1.000000,-,-,-,-,-,-,-,-,-,-,-
1467,S%GGE,6.5e-01,1,3,2.0e-06,1.0e+00,3.3e-01,1.0e+00,1.0e-03,6.2e-03,global-S%GGE,CASSQGGEQYF,TRBV4-2,TRBJ2-7,NA,Donor1:healthy,1.000000,-,-,-,-,-,-,-,-,-,-,-
1467,S%GGE,6.5e-01,1,3,2.0e-06,1.0e+00,3.3e-01,1.0e+00,1.0e-03,6.2e-03,global-S%GGE,CASSQGGEQYF,TRBV7-9,TRBJ2-7,NA,Donor1:healthy,1.000000,-,-,-,-,-,-,-,-,-,-,-

1468,S%GSYE,6.5e-01,1,2,5.3e-06,1.0e+00,1.8e-01,1.0e+00,1.0e-03,2.9e-02,global-S%GSYE,CASSSGSYEQYF,TRBV28,TRBJ2-7,NA,Donor1:healthy,1.000000,-,-,-,-,-,-,-,-,-,-,-
1468,S%GSYE,6.5e-01,1,2,5.3e-06,1.0e+00,1.8e-01,1.0e+00,1.0e-03,2.9e-02,global-S%GSYE,CASSSGSYEQYF,TRBV9,TRBJ2-7,NA,Donor1:healthy,1.000000,-,-,-,-,-,-,-,-,-,-,-
1468,S%GSYE,6.5e-01,1,2,5.3e-06,1.0e+00,1.8e-01,1.0e+00,1.0e-03,2.9e-02,global-S%GSYE,CASSTGSYEQYF,TRBV12-3,TRBJ2-7,NA,Donor1:healthy,1.000000,-,-,-,-,-,-,-,-,-,-,-

1469,S%NTE,6.7e-01,1,2,5.3e-06,1.0e+00,1.8e-01,1.0e+00,1.0e-03,2.9e-02,global-S%NTE,CASSENTEAFF,TRBV5-4,TRBJ1-1,NA,Donor1:healthy,1.000000,-,-,-,-,-,-,-,-,-,-,-
1469,S%NTE,6.7e-01,1,2,5.3e-06,1.0e+00,1.8e-01,1.0e+00,1.0e-03,2.9e-02,global-S%NTE,CASSSNTEAFF,TRBV27,TRBJ1-1,NA,Donor1:healthy,1.000000,-,-,-,-,-,-,-,-,-,-,-
1469,S%NTE,6.7e-01,1,2,5.3e-06,1.0e+00,1.8e-01,1.0e+00,1.0e-03,2.9e-02,global-S%NTE,CASSSNTEAFF,TRBV6-5,TRBJ1-1,NA,Donor1:healthy,1.000000,-,-,-,-,-,-,-,-,-,-,-

1470,S%GTE,7.3e-01,1,2,2.2e-06,1.0e+00,7.4e-02,1.0e+00,1.0e-03,2.9e-02,global-S%GTE,CASSTGTEAFF,TRBV27,TRBJ1-1,NA,Donor1:healthy,1.000000,-,-,-,-,-,-,-,-,-,-,-
1470,S%GTE,7.3e-01,1,2,2.2e-06,1.0e+00,7.4e-02,1.0e+00,1.0e-03,2.9e-02,global-S%GTE,CASSAGTELFF,TRBV25-1,TRBJ1-4,NA,Donor1:healthy,1.000000,-,-,-,-,-,-,-,-,-,-,-

1471,S%GTE,7.3e-01,1,2,5.3e-06,1.0e+00,1.8e-01,1.0e+00,1.0e-03,2.9e-02,global-S%GTE,CASSEGTEAFF,TRBV6-1,TRBJ1-1,NA,Donor1:healthy,1.000000,-,-,-,-,-,-,-,-,-,-,-
1471,S%GTE,7.3e-01,1,2,5.3e-06,1.0e+00,1.8e-01,1.0e+00,1.0e-03,2.9e-02,global-S%GTE,CASSQGTEAFF,TRBV10-1,TRBJ1-1,NA,Donor1:healthy,1.000000,-,-,-,-,-,-,-,-,-,-,-
1471,S%GTE,7.3e-01,1,2,5.3e-06,1.0e+00,1.8e-01,1.0e+00,1.0e-03,2.9e-02,global-S%GTE,CASSQGTEAFF,TRBV4-1,TRBJ1-1,NA,Donor1:healthy,1.000000,-,-,-,-,-,-,-,-,-,-,-

1561,single,1.0e+00,1,1,5.4e-05,1.0e+00,5.7e-02,1.0e+00,1.0e-03,9.5e-01,global-SLGIE,CASSLGIEQFF,TRBV27,TRBJ2-1,NA,Donor1:healthy,1.000000,-,-,-,-,-,-,-,-,-,-,-
1561,single,1.0e+00,1,1,5.4e-05,1.0e+00,5.7e-02,1.0e+00,1.0e-03,9.5e-01,global-SLGIE,CASSLGIEQFF,TRBV5-1,TRBJ2-1,NA,Donor1:healthy,1.000000,-,-,-,-,-,-,-,-,-,-,-

1770,single,1.0e+00,1,1,5.8e-08,1.0e+00,6.1e-02,1.0e-03,1.0e-03,9.5e-01,global-SWGGGSHYG,CASSWGGGSHYGYTF,TRBV11-2,TRBJ1-2,NA,Donor1:healthy,3715.000000,-,-,-,-,-,-,-,-,-,-,-
1770,single,1.0e+00,1,1,5.8e-08,1.0e+00,6.1e-02,1.0e-03,1.0e-03,9.5e-01,global-SWGGGSHYG,CASSWGGGSHYGYTF,TRBV7-2,TRBJ1-2,NA,Donor1:healthy,2.000000,-,-,-,-,-,-,-,-,-,-,-

1942,single,1.0e+00,1,1,6.9e-05,1.0e+00,7.2e-02,1.0e+00,1.0e-03,9.5e-01,global-SLQGGQP,CASSLQGGQPQHF,TRBV4-1,TRBJ1-5,NA,Donor1:healthy,1.000000,-,-,-,-,-,-,-,-,-,-,-
1942,single,1.0e+00,1,1,6.9e-05,1.0e+00,7.2e-02,1.0e+00,1.0e-03,9.5e-01,global-SLQGGQP,CASSLQGGQPQHF,TRBV5-6,TRBJ1-5,NA,Donor1:healthy,1.000000,-,-,-,-,-,-,-,-,-,-,-

2209,single,1.0e+00,1,1,6.5e-05,1.0e+00,6.8e-02,1.0e+00,1.0e-03,9.5e-01,global-SLGLYTDT,CASSLGLYTDTQYF,TRBV12-4,TRBJ2-3,NA,Donor1:healthy,1.000000,-,-,-,-,-,-,-,-,-,-,-
2209,single,1.0e+00,1,1,6.5e-05,1.0e+00,6.8e-02,1.0e+00,1.0e-03,9.5e-01,global-SLGLYTDT,CASSLGLYTDTQYF,TRBV7-3,TRBJ2-3,NA,Donor1:healthy,1.000000,-,-,-,-,-,-,-,-,-,-,-

2326,single,1.0e+00,1,1,2.8e-08,1.0e+00,1.0e-03,2.9e-02,1.0e-03,9.5e-01,global-SQSPGGT,CASSQSPGGTQYF,TRBV14,TRBJ2-3,NA,Donor1:healthy,1.000000,-,-,-,-,-,-,-,-,-,-,-
2326,single,1.0e+00,1,1,2.8e-08,1.0e+00,1.0e-03,2.9e-02,1.0e-03,9.5e-01,global-SQSPGGT,CASSQSPGGTQYF,TRBV14,TRBJ2-5,NA,Donor1:healthy,5.000000,-,-,-,-,-,-,-,-,-,-,-

2538,single,1.0e+00,1,1,3.1e-06,1.0e+00,6.8e-02,4.8e-02,1.0e-03,9.5e-01,global-SLGPDNE,CASSLGPDNEQFF,TRBV5-1,TRBJ2-1,NA,Donor1:healthy,1.000000,-,-,-,-,-,-,-,-,-,-,-
2538,single,1.0e+00,1,1,3.1e-06,1.0e+00,6.8e-02,4.8e-02,1.0e-03,9.5e-01,global-SLGPDNE,CASSLGPDNEQFF,TRBV7-2,TRBJ2-1,NA,Donor1:healthy,3.000000,-,-,-,-,-,-,-,-,-,-,-

2794,single,1.0e+00,1,1,5.3e-05,1.0e+00,5.6e-02,1.0e+00,1.0e-03,9.5e-01,global-SLVGGQET,CASSLVGGQETQYF,TRBV5-4,TRBJ2-5,NA,Donor1:healthy,1.000000,-,-,-,-,-,-,-,-,-,-,-
2794,single,1.0e+00,1,1,5.3e-05,1.0e+00,5.6e-02,1.0e+00,1.0e-03,9.5e-01,global-SLVGGQET,CASSLVGGQETQYF,TRBV7-9,TRBJ2-5,NA,Donor1:healthy,1.000000,-,-,-,-,-,-,-,-,-,-,-

3073,single,1.0e+00,1,1,1.8e-04,1.0e+00,1.9e-01,1.0e+00,1.0e-03,9.5e-01,global-SSGQMNTE,CASSSGQMNTEAFF,TRBV11-2,TRBJ1-1,NA,Donor1:healthy,1.000000,-,-,-,-,-,-,-,-,-,-,-
3073,single,1.0e+00,1,1,1.8e-04,1.0e+00,1.9e-01,1.0e+00,1.0e-03,9.5e-01,global-SSGQMNTE,CASSSGQMNTEAFF,TRBV13,TRBJ1-1,NA,Donor1:healthy,1.000000,-,-,-,-,-,-,-,-,-,-,-
3073,single,1.0e+00,1,1,1.8e-04,1.0e+00,1.9e-01,1.0e+00,1.0e-03,9.5e-01,global-SSGQMNTE,CASSSGQMNTEAFF,TRBV7-6,TRBJ1-1,NA,Donor1:healthy,1.000000,-,-,-,-,-,-,-,-,-,-,-

3185,single,1.0e+00,1,1,6.1e-05,1.0e+00,6.4e-02,1.0e+00,1.0e-03,9.5e-01,global-SLGWGSYE,CASSLGWGSYEQYF,TRBV5-6,TRBJ2-7,NA,Donor1:healthy,1.000000,-,-,-,-,-,-,-,-,-,-,-
3185,single,1.0e+00,1,1,6.1e-05,1.0e+00,6.4e-02,1.0e+00,1.0e-03,9.5e-01,global-SLGWGSYE,CASSLGWGSYEQYF,TRBV7-8,TRBJ2-7,NA,Donor1:healthy,1.000000,-,-,-,-,-,-,-,-,-,-,-

3219,single,1.0e+00,1,1,5.0e-06,1.0e+00,6.0e-02,8.7e-02,1.0e-03,9.5e-01,global-SLDSNSP,CASSLDSNSPLHF,TRBV11-2,TRBJ1-6,NA,Donor1:healthy,2.000000,-,-,-,-,-,-,-,-,-,-,-
3219,single,1.0e+00,1,1,5.0e-06,1.0e+00,6.0e-02,8.7e-02,1.0e-03,9.5e-01,global-SLDSNSP,CASSLDSNSPLHF,TRBV27,TRBJ1-6,NA,Donor1:healthy,1.000000,-,-,-,-,-,-,-,-,-,-,-

3283,single,1.0e+00,1,1,7.9e-05,1.0e+00,8.3e-02,1.0e+00,1.0e-03,9.5e-01,global-SPSGAAYNE,CASSPSGAAYNEQFF,TRBV27,TRBJ2-1,NA,Donor1:healthy,1.000000,-,-,-,-,-,-,-,-,-,-,-
3283,single,1.0e+00,1,1,7.9e-05,1.0e+00,8.3e-02,1.0e+00,1.0e-03,9.5e-01,global-SPSGAAYNE,CASSPSGAAYNEQFF,TRBV4-3,TRBJ2-1,NA,Donor1:healthy,1.000000,-,-,-,-,-,-,-,-,-,-,-

3396,single,1.0e+00,1,1,7.2e-05,1.0e+00,7.5e-02,1.0e+00,1.0e-03,9.5e-01,global-STSDE,CASSTSDEQFF,TRBV13,TRBJ2-1,NA,Donor1:healthy,1.000000,-,-,-,-,-,-,-,-,-,-,-
3396,single,1.0e+00,1,1,7.2e-05,1.0e+00,7.5e-02,1.0e+00,1.0e-03,9.5e-01,global-STSDE,CASSTSDEQFF,TRBV7-9,TRBJ2-1,NA,Donor1:healthy,1.000000,-,-,-,-,-,-,-,-,-,-,-

4019,single,1.0e+00,1,1,5.1e-05,1.0e+00,5.3e-02,1.0e+00,1.0e-03,9.5e-01,global-SPGQDSYE,CASSPGQDSYEQYF,TRBV12-4,TRBJ2-7,NA,Donor1:healthy,1.000000,-,-,-,-,-,-,-,-,-,-,-
4019,single,1.0e+00,1,1,5.1e-05,1.0e+00,5.3e-02,1.0e+00,1.0e-03,9.5e-01,global-SPGQDSYE,CASSPGQDSYEQYF,TRBV6-5,TRBJ2-7,NA,Donor1:healthy,1.000000,-,-,-,-,-,-,-,-,-,-,-

4209,single,1.0e+00,1,1,5.7e-05,1.0e+00,6.0e-02,1.0e+00,1.0e-03,9.5e-01,global-SLGQGNEK,CASSLGQGNEKLFF,TRBV4-1,TRBJ1-4,NA,Donor1:healthy,1.000000,-,-,-,-,-,-,-,-,-,-,-
4209,single,1.0e+00,1,1,5.7e-05,1.0e+00,6.0e-02,1.0e+00,1.0e-03,9.5e-01,global-SLGQGNEK,CASSLGQGNEKLFF,TRBV7-9,TRBJ1-4,NA,Donor1:healthy,1.000000,-,-,-,-,-,-,-,-,-,-,-

4431,single,1.0e+00,1,1,1.8e-04,1.0e+00,1.9e-01,1.0e+00,1.0e-03,9.5e-01,global-SLAGGLTDT,CASSLAGGLTDTQYF,TRBV5-4,TRBJ2-3,NA,Donor1:healthy,1.000000,-,-,-,-,-,-,-,-,-,-,-
4431,single,1.0e+00,1,1,1.8e-04,1.0e+00,1.9e-01,1.0e+00,1.0e-03,9.5e-01,global-SLAGGLTDT,CASSLAGGLTDTQYF,TRBV5-6,TRBJ2-3,NA,Donor1:healthy,1.000000,-,-,-,-,-,-,-,-,-,-,-
4431,single,1.0e+00,1,1,1.8e-04,1.0e+00,1.9e-01,1.0e+00,1.0e-03,9.5e-01,global-SLAGGLTDT,CASSLAGGLTDTQYF,TRBV7-3,TRBJ2-3,NA,Donor1:healthy,1.000000,-,-,-,-,-,-,-,-,-,-,-

4769,single,1.0e+00,1,1,5.8e-05,1.0e+00,6.1e-02,1.0e+00,1.0e-03,9.5e-01,global-SLRGTNTE,CASSLRGTNTEAFF,TRBV12-4,TRBJ1-1,NA,Donor1:healthy,1.000000,-,-,-,-,-,-,-,-,-,-,-
4769,single,1.0e+00,1,1,5.8e-05,1.0e+00,6.1e-02,1.0e+00,1.0e-03,9.5e-01,global-SLRGTNTE,CASSLRGTNTEAFF,TRBV13,TRBJ1-1,NA,Donor1:healthy,1.000000,-,-,-,-,-,-,-,-,-,-,-

5091,single,1.0e+00,1,1,7.0e-05,1.0e+00,7.3e-02,1.0e+00,1.0e-03,9.5e-01,global-SPTSGGYE,CASSPTSGGYEQYF,TRBV4-3,TRBJ2-7,NA,Donor1:healthy,1.000000,-,-,-,-,-,-,-,-,-,-,-
5091,single,1.0e+00,1,1,7.0e-05,1.0e+00,7.3e-02,1.0e+00,1.0e-03,9.5e-01,global-SPTSGGYE,CASSPTSGGYEQYF,TRBV5-1,TRBJ2-7,NA,Donor1:healthy,1.000000,-,-,-,-,-,-,-,-,-,-,-

5312,single,1.0e+00,1,1,6.6e-05,1.0e+00,6.9e-02,1.0e+00,1.0e-03,9.5e-01,global-SQDGET,CASSQDGETQYF,TRBV4-1,TRBJ2-5,NA,Donor1:healthy,1.000000,-,-,-,-,-,-,-,-,-,-,-
5312,single,1.0e+00,1,1,6.6e-05,1.0e+00,6.9e-02,1.0e+00,1.0e-03,9.5e-01,global-SQDGET,CASSQDGETQYF,TRBV4-3,TRBJ2-5,NA,Donor1:healthy,1.000000,-,-,-,-,-,-,-,-,-,-,-

5489,single,1.0e+00,1,1,5.9e-08,1.0e+00,6.2e-02,1.0e-03,1.0e-03,9.5e-01,global-RPQQGHNSP,CASRPQQGHNSPLHF,TRBV10-3,TRBJ1-6,NA,Donor1:healthy,1.000000,-,-,-,-,-,-,-,-,-,-,-
5489,single,1.0e+00,1,1,5.9e-08,1.0e+00,6.2e-02,1.0e-03,1.0e-03,9.5e-01,global-RPQQGHNSP,CASRPQQGHNSPLHF,TRBV28,TRBJ1-6,NA,Donor1:healthy,103.000000,-,-,-,-,-,-,-,-,-,-,-

5597,single,1.0e+00,1,1,3.3e-04,1.0e+00,3.5e-01,1.0e+00,1.0e-03,9.5e-01,global-SLGTGDG,CASSLGTGDGYTF,TRBV11-2,TRBJ1-2,NA,Donor1:healthy,1.000000,-,-,-,-,-,-,-,-,-,-,-
5597,single,1.0e+00,1,1,3.3e-04,1.0e+00,3.5e-01,1.0e+00,1.0e-03,9.5e-01,global-SLGTGDG,CASSLGTGDGYTF,TRBV12-4,TRBJ1-2,NA,Donor1:healthy,1.000000,-,-,-,-,-,-,-,-,-,-,-
5597,single,1.0e+00,1,1,3.3e-04,1.0e+00,3.5e-01,1.0e+00,1.0e-03,9.5e-01,global-SLGTGDG,CASSLGTGDGYTF,TRBV5-1,TRBJ1-2,NA,Donor1:healthy,1.000000,-,-,-,-,-,-,-,-,-,-,-
5597,single,1.0e+00,1,1,3.3e-04,1.0e+00,3.5e-01,1.0e+00,1.0e-03,9.5e-01,global-SLGTGDG,CASSLGTGDGYTF,TRBV7-2,TRBJ1-2,NA,Donor1:healthy,1.000000,-,-,-,-,-,-,-,-,-,-,-

6500,single,1.0e+00,1,1,6.0e-05,1.0e+00,6.3e-02,1.0e+00,1.0e-03,9.5e-01,global-SYSPSGANV,CASSYSPSGANVLTF,TRBV6-3,TRBJ2-6,NA,Donor1:healthy,1.000000,-,-,-,-,-,-,-,-,-,-,-
6500,single,1.0e+00,1,1,6.0e-05,1.0e+00,6.3e-02,1.0e+00,1.0e-03,9.5e-01,global-SYSPSGANV,CASSYSPSGANVLTF,TRBV6-5,TRBJ2-6,NA,Donor1:healthy,1.000000,-,-,-,-,-,-,-,-,-,-,-

6524,single,1.0e+00,1,1,6.1e-05,1.0e+00,6.4e-02,1.0e+00,1.0e-03,9.5e-01,global-RGLAGGGNE,CASRGLAGGGNEQFF,TRBV28,TRBJ2-1,NA,Donor1:healthy,1.000000,-,-,-,-,-,-,-,-,-,-,-
6524,single,1.0e+00,1,1,6.1e-05,1.0e+00,6.4e-02,1.0e+00,1.0e-03,9.5e-01,global-RGLAGGGNE,CASRGLAGGGNEQFF,TRBV6-3,TRBJ2-1,NA,Donor1:healthy,1.000000,-,-,-,-,-,-,-,-,-,-,-

6650,single,1.0e+00,1,1,5.3e-05,1.0e+00,5.5e-02,1.0e+00,1.0e-03,9.5e-01,global-SSLGNTE,CASSSLGNTEAFF,TRBV2,TRBJ1-1,NA,Donor1:healthy,1.000000,-,-,-,-,-,-,-,-,-,-,-
6650,single,1.0e+00,1,1,5.3e-05,1.0e+00,5.5e-02,1.0e+00,1.0e-03,9.5e-01,global-SSLGNTE,CASSSLGNTEAFF,TRBV5-1,TRBJ1-1,NA,Donor1:healthy,1.000000,-,-,-,-,-,-,-,-,-,-,-

7283,single,1.0e+00,1,1,6.3e-05,1.0e+00,6.6e-02,1.0e+00,1.0e-03,9.5e-01,global-SLASNQET,CASSLASNQETQYF,TRBV11-2,TRBJ2-5,NA,Donor1:healthy,1.000000,-,-,-,-,-,-,-,-,-,-,-
7283,single,1.0e+00,1,1,6.3e-05,1.0e+00,6.6e-02,1.0e+00,1.0e-03,9.5e-01,global-SLASNQET,CASSLASNQETQYF,TRBV12-4,TRBJ2-5,NA,Donor1:healthy,1.000000,-,-,-,-,-,-,-,-,-,-,-

7308,single,1.0e+00,1,1,7.3e-08,1.0e+00,7.6e-02,1.0e-03,1.0e-03,9.5e-01,global-SPRDRERGE,CASSPRDRERGEQYF,TRBV11-2,TRBJ2-7,NA,Donor1:healthy,2.000000,-,-,-,-,-,-,-,-,-,-,-
7308,single,1.0e+00,1,1,7.3e-08,1.0e+00,7.6e-02,1.0e-03,1.0e-03,9.5e-01,global-SPRDRERGE,CASSPRDRERGEQYF,TRBV7-2,TRBJ2-7,NA,Donor1:healthy,534.000000,-,-,-,-,-,-,-,-,-,-,-

8191,single,1.0e+00,1,1,7.1e-05,1.0e+00,7.4e-02,1.0e+00,1.0e-03,9.5e-01,global-SYTENTE,CASSYTENTEAFF,TRBV27,TRBJ1-1,NA,Donor1:healthy,1.000000,-,-,-,-,-,-,-,-,-,-,-
8191,single,1.0e+00,1,1,7.1e-05,1.0e+00,7.4e-02,1.0e+00,1.0e-03,9.5e-01,global-SYTENTE,CASSYTENTEAFF,TRBV6-5,TRBJ1-1,NA,Donor1:healthy,1.000000,-,-,-,-,-,-,-,-,-,-,-

8265,single,1.0e+00,1,1,6.6e-05,1.0e+00,6.9e-02,1.0e+00,1.0e-03,9.5e-01,global-SQDPRATDT,CASSQDPRATDTQYF,TRBV14,TRBJ2-3,NA,Donor1:healthy,1.000000,-,-,-,-,-,-,-,-,-,-,-
8265,single,1.0e+00,1,1,6.6e-05,1.0e+00,6.9e-02,1.0e+00,1.0e-03,9.5e-01,global-SQDPRATDT,CASSQDPRATDTQYF,TRBV4-2,TRBJ2-3,NA,Donor1:healthy,1.000000,-,-,-,-,-,-,-,-,-,-,-

8325,single,1.0e+00,1,1,6.5e-05,1.0e+00,6.8e-02,1.0e+00,1.0e-03,9.5e-01,global-SLTSGRPDT,CASSLTSGRPDTQYF,TRBV27,TRBJ2-3,NA,Donor1:healthy,1.000000,-,-,-,-,-,-,-,-,-,-,-
8325,single,1.0e+00,1,1,6.5e-05,1.0e+00,6.8e-02,1.0e+00,1.0e-03,9.5e-01,global-SLTSGRPDT,CASSLTSGRPDTQYF,TRBV7-3,TRBJ2-3,NA,Donor1:healthy,1.000000,-,-,-,-,-,-,-,-,-,-,-

8395,single,1.0e+00,1,1,5.9e-05,1.0e+00,6.2e-02,1.0e+00,1.0e-03,9.5e-01,global-SEAGGRET,CASSEAGGRETQYF,TRBV7-9,TRBJ2-5,NA,Donor1:healthy,1.000000,-,-,-,-,-,-,-,-,-,-,-
8395,single,1.0e+00,1,1,5.9e-05,1.0e+00,6.2e-02,1.0e+00,1.0e-03,9.5e-01,global-SEAGGRET,CASSEAGGRETQYF,TRBV9,TRBJ2-5,NA,Donor1:healthy,1.000000,-,-,-,-,-,-,-,-,-,-,-

8585,single,1.0e+00,1,1,5.6e-05,1.0e+00,5.9e-02,1.0e+00,1.0e-03,9.5e-01,global-SQGGGTDT,CASSQGGGTDTQYF,TRBV4-2,TRBJ2-3,NA,Donor1:healthy,1.000000,-,-,-,-,-,-,-,-,-,-,-
8585,single,1.0e+00,1,1,5.6e-05,1.0e+00,5.9e-02,1.0e+00,1.0e-03,9.5e-01,global-SQGGGTDT,CASSQGGGTDTQYF,TRBV9,TRBJ2-3,NA,Donor1:healthy,1.000000,-,-,-,-,-,-,-,-,-,-,-

9127,single,1.0e+00,1,1,6.0e-05,1.0e+00,6.3e-02,1.0e+00,1.0e-03,9.5e-01,global-SWTASTDT,CASSWTASTDTQYF,TRBV12-4,TRBJ2-3,NA,Donor1:healthy,1.000000,-,-,-,-,-,-,-,-,-,-,-
9127,single,1.0e+00,1,1,6.0e-05,1.0e+00,6.3e-02,1.0e+00,1.0e-03,9.5e-01,global-SWTASTDT,CASSWTASTDTQYF,TRBV6-6,TRBJ2-3,NA,Donor1:healthy,1.000000,-,-,-,-,-,-,-,-,-,-,-

9134,single,1.0e+00,1,1,6.6e-05,1.0e+00,6.9e-02,1.0e+00,1.0e-03,9.5e-01,global-SLVGYQET,CASSLVGYQETQYF,TRBV5-1,TRBJ2-5,NA,Donor1:healthy,1.000000,-,-,-,-,-,-,-,-,-,-,-
9134,single,1.0e+00,1,1,6.6e-05,1.0e+00,6.9e-02,1.0e+00,1.0e-03,9.5e-01,global-SLVGYQET,CASSLVGYQETQYF,TRBV7-2,TRBJ2-5,NA,Donor1:healthy,1.000000,-,-,-,-,-,-,-,-,-,-,-

9185,single,1.0e+00,1,1,7.1e-05,1.0e+00,7.4e-02,1.0e+00,1.0e-03,9.5e-01,global-SPQGYNE,CASSPQGYNEQFF,TRBV27,TRBJ2-1,NA,Donor1:healthy,1.000000,-,-,-,-,-,-,-,-,-,-,-
9185,single,1.0e+00,1,1,7.1e-05,1.0e+00,7.4e-02,1.0e+00,1.0e-03,9.5e-01,global-SPQGYNE,CASSPQGYNEQFF,TRBV5-6,TRBJ2-1,NA,Donor1:healthy,1.000000,-,-,-,-,-,-,-,-,-,-,-

9263,single,1.0e+00,1,1,6.4e-05,1.0e+00,6.7e-02,1.0e+00,1.0e-03,9.5e-01,global-SLDRNQP,CASSLDRNQPQHF,TRBV27,TRBJ1-5,NA,Donor1:healthy,1.000000,-,-,-,-,-,-,-,-,-,-,-
9263,single,1.0e+00,1,1,6.4e-05,1.0e+00,6.7e-02,1.0e+00,1.0e-03,9.5e-01,global-SLDRNQP,CASSLDRNQPQHF,TRBV7-3,TRBJ1-5,NA,Donor1:healthy,1.000000,-,-,-,-,-,-,-,-,-,-,-

9538,single,1.0e+00,1,1,6.3e-05,1.0e+00,6.6e-02,1.0e+00,1.0e-03,9.5e-01,global-SYGDTGE,CASSYGDTGELFF,TRBV6-3,TRBJ2-2,NA,Donor1:healthy,1.000000,-,-,-,-,-,-,-,-,-,-,-
9538,single,1.0e+00,1,1,6.3e-05,1.0e+00,6.6e-02,1.0e+00,1.0e-03,9.5e-01,global-SYGDTGE,CASSYGDTGELFF,TRBV6-5,TRBJ2-2,NA,Donor1:healthy,1.000000,-,-,-,-,-,-,-,-,-,-,-

9761,single,1.0e+00,1,1,5.9e-05,1.0e+00,6.2e-02,1.0e+00,1.0e-03,9.5e-01,global-SLAGTGE,CASSLAGTGELFF,TRBV5-6,TRBJ2-2,NA,Donor1:healthy,1.000000,-,-,-,-,-,-,-,-,-,-,-
9761,single,1.0e+00,1,1,5.9e-05,1.0e+00,6.2e-02,1.0e+00,1.0e-03,9.5e-01,global-SLAGTGE,CASSLAGTGELFF,TRBV7-2,TRBJ2-2,NA,Donor1:healthy,1.000000,-,-,-,-,-,-,-,-,-,-,-

9763,single,1.0e+00,1,1,6.7e-05,1.0e+00,7.0e-02,1.0e+00,1.0e-03,9.5e-01,global-SPGEK,CASSPGEKLFF,TRBV25-1,TRBJ1-4,NA,Donor1:healthy,1.000000,-,-,-,-,-,-,-,-,-,-,-
9763,single,1.0e+00,1,1,6.7e-05,1.0e+00,7.0e-02,1.0e+00,1.0e-03,9.5e-01,global-SPGEK,CASSPGEKLFF,TRBV28,TRBJ1-4,NA,Donor1:healthy,1.000000,-,-,-,-,-,-,-,-,-,-,-

10341,single,1.0e+00,1,1,7.6e-05,1.0e+00,8.0e-02,1.0e+00,1.0e-03,9.5e-01,global-SLLAGGQET,CASSLLAGGQETQYF,TRBV6-3,TRBJ2-5,NA,Donor1:healthy,1.000000,-,-,-,-,-,-,-,-,-,-,-
10341,single,1.0e+00,1,1,7.6e-05,1.0e+00,8.0e-02,1.0e+00,1.0e-03,9.5e-01,global-SLLAGGQET,CASSLLAGGQETQYF,TRBV6-5,TRBJ2-5,NA,Donor1:healthy,1.000000,-,-,-,-,-,-,-,-,-,-,-

10517,single,1.0e+00,1,1,7.4e-05,1.0e+00,7.8e-02,1.0e+00,1.0e-03,9.5e-01,global-SWDSYNE,CASSWDSYNEQFF,TRBV5-1,TRBJ2-1,NA,Donor1:healthy,1.000000,-,-,-,-,-,-,-,-,-,-,-
10517,single,1.0e+00,1,1,7.4e-05,1.0e+00,7.8e-02,1.0e+00,1.0e-03,9.5e-01,global-SWDSYNE,CASSWDSYNEQFF,TRBV7-3,TRBJ2-1,NA,Donor1:healthy,1.000000,-,-,-,-,-,-,-,-,-,-,-

10679,single,1.0e+00,1,1,5.5e-05,1.0e+00,5.8e-02,1.0e+00,1.0e-03,9.5e-01,global-SLAGEET,CASSLAGEETQYF,TRBV11-2,TRBJ2-5,NA,Donor1:healthy,1.000000,-,-,-,-,-,-,-,-,-,-,-
10679,single,1.0e+00,1,1,5.5e-05,1.0e+00,5.8e-02,1.0e+00,1.0e-03,9.5e-01,global-SLAGEET,CASSLAGEETQYF,TRBV5-6,TRBJ2-5,NA,Donor1:healthy,1.000000,-,-,-,-,-,-,-,-,-,-,-

10884,single,1.0e+00,1,1,6.1e-05,1.0e+00,6.4e-02,1.0e+00,1.0e-03,9.5e-01,global-SPGTGYE,CASSPGTGYEQYF,TRBV27,TRBJ2-7,NA,Donor1:healthy,1.000000,-,-,-,-,-,-,-,-,-,-,-
10884,single,1.0e+00,1,1,6.1e-05,1.0e+00,6.4e-02,1.0e+00,1.0e-03,9.5e-01,global-SPGTGYE,CASSPGTGYEQYF,TRBV4-3,TRBJ2-7,NA,Donor1:healthy,1.000000,-,-,-,-,-,-,-,-,-,-,-

11582,single,1.0e+00,1,1,5.7e-05,1.0e+00,6.0e-02,1.0e+00,1.0e-03,9.5e-01,global-REGVTE,CASREGVTEAFF,TRBV5-1,TRBJ1-1,NA,Donor1:healthy,1.000000,-,-,-,-,-,-,-,-,-,-,-
11582,single,1.0e+00,1,1,5.7e-05,1.0e+00,6.0e-02,1.0e+00,1.0e-03,9.5e-01,global-REGVTE,CASREGVTEAFF,TRBV6-3,TRBJ1-1,NA,Donor1:healthy,1.000000,-,-,-,-,-,-,-,-,-,-,-

11657,single,1.0e+00,1,1,7.2e-06,1.0e+00,8.0e-02,9.4e-02,1.0e-03,9.5e-01,global-SQGTVNTE,CASSQGTVNTEAFF,TRBV4-1,TRBJ1-1,NA,Donor1:healthy,2.000000,-,-,-,-,-,-,-,-,-,-,-
11657,single,1.0e+00,1,1,7.2e-06,1.0e+00,8.0e-02,9.4e-02,1.0e-03,9.5e-01,global-SQGTVNTE,CASSQGTVNTEAFF,TRBV4-3,TRBJ1-1,NA,Donor1:healthy,1.000000,-,-,-,-,-,-,-,-,-,-,-

12261,single,1.0e+00,1,1,6.6e-05,1.0e+00,6.9e-02,1.0e+00,1.0e-03,9.5e-01,global-SPGQLYE,CASSPGQLYEQYF,TRBV19,TRBJ2-7,NA,Donor1:healthy,1.000000,-,-,-,-,-,-,-,-,-,-,-
12261,single,1.0e+00,1,1,6.6e-05,1.0e+00,6.9e-02,1.0e+00,1.0e-03,9.5e-01,global-SPGQLYE,CASSPGQLYEQYF,TRBV7-9,TRBJ2-7,NA,Donor1:healthy,1.000000,-,-,-,-,-,-,-,-,-,-,-

12546,single,1.0e+00,1,1,5.7e-05,1.0e+00,6.0e-02,1.0e+00,1.0e-03,9.5e-01,global-SQEEGADTE,CASSQEEGADTEAFF,TRBV13,TRBJ1-1,NA,Donor1:healthy,1.000000,-,-,-,-,-,-,-,-,-,-,-
12546,single,1.0e+00,1,1,5.7e-05,1.0e+00,6.0e-02,1.0e+00,1.0e-03,9.5e-01,global-SQEEGADTE,CASSQEEGADTEAFF,TRBV4-2,TRBJ1-1,NA,Donor1:healthy,1.000000,-,-,-,-,-,-,-,-,-,-,-

12732,single,1.0e+00,1,1,6.0e-05,1.0e+00,6.3e-02,1.0e+00,1.0e-03,9.5e-01,global-SRQGSQET,CASSRQGSQETQYF,TRBV4-3,TRBJ2-5,NA,Donor1:healthy,1.000000,-,-,-,-,-,-,-,-,-,-,-
12732,single,1.0e+00,1,1,6.0e-05,1.0e+00,6.3e-02,1.0e+00,1.0e-03,9.5e-01,global-SRQGSQET,CASSRQGSQETQYF,TRBV6-5,TRBJ2-5,NA,Donor1:healthy,1.000000,-,-,-,-,-,-,-,-,-,-,-

12859,single,1.0e+00,1,1,6.4e-05,1.0e+00,6.7e-02,1.0e+00,1.0e-03,9.5e-01,global-SSTGGGET,CASSSTGGGETQYF,TRBV11-2,TRBJ2-5,NA,Donor1:healthy,1.000000,-,-,-,-,-,-,-,-,-,-,-
12859,single,1.0e+00,1,1,6.4e-05,1.0e+00,6.7e-02,1.0e+00,1.0e-03,9.5e-01,global-SSTGGGET,CASSSTGGGETQYF,TRBV12-4,TRBJ2-5,NA,Donor1:healthy,1.000000,-,-,-,-,-,-,-,-,-,-,-

13193,single,1.0e+00,1,1,1.4e-06,1.0e+00,6.3e-02,2.3e-02,1.0e-03,9.5e-01,global-SLMRGGTYNSP,CASSLMRGGTYNSPLHF,TRBV12-3,TRBJ1-6,NA,Donor1:healthy,1.000000,-,-,-,-,-,-,-,-,-,-,-
13193,single,1.0e+00,1,1,1.4e-06,1.0e+00,6.3e-02,2.3e-02,1.0e-03,9.5e-01,global-SLMRGGTYNSP,CASSLMRGGTYNSPLHF,TRBV13,TRBJ1-6,NA,Donor1:healthy,8.000000,-,-,-,-,-,-,-,-,-,-,-

14525,single,1.0e+00,1,1,7.3e-05,1.0e+00,7.6e-02,1.0e+00,1.0e-03,9.5e-01,global-SPGLAGYE,CASSPGLAGYEQYF,TRBV12-3,TRBJ2-7,NA,Donor1:healthy,1.000000,-,-,-,-,-,-,-,-,-,-,-
14525,single,1.0e+00,1,1,7.3e-05,1.0e+00,7.6e-02,1.0e+00,1.0e-03,9.5e-01,global-SPGLAGYE,CASSPGLAGYEQYF,TRBV5-1,TRBJ2-7,NA,Donor1:healthy,1.000000,-,-,-,-,-,-,-,-,-,-,-

15128,single,1.0e+00,1,1,5.6e-05,1.0e+00,5.9e-02,1.0e+00,1.0e-03,9.5e-01,global-SLGLAGSTDT,CASSLGLAGSTDTQYF,TRBV7-2,TRBJ2-3,NA,Donor1:healthy,1.000000,-,-,-,-,-,-,-,-,-,-,-
15128,single,1.0e+00,1,1,5.6e-05,1.0e+00,5.9e-02,1.0e+00,1.0e-03,9.5e-01,global-SLGLAGSTDT,CASSLGLAGSTDTQYF,TRBV7-8,TRBJ2-3,NA,Donor1:healthy,1.000000,-,-,-,-,-,-,-,-,-,-,-

15249,single,1.0e+00,1,1,7.8e-05,1.0e+00,8.2e-02,1.0e+00,1.0e-03,9.5e-01,global-SLGGHLSGNT,CASSLGGHLSGNTIYF,TRBV5-6,TRBJ1-3,NA,Donor1:healthy,1.000000,-,-,-,-,-,-,-,-,-,-,-
15249,single,1.0e+00,1,1,7.8e-05,1.0e+00,8.2e-02,1.0e+00,1.0e-03,9.5e-01,global-SLGGHLSGNT,CASSLGGHLSGNTIYF,TRBV7-6,TRBJ1-3,NA,Donor1:healthy,1.000000,-,-,-,-,-,-,-,-,-,-,-

15260,single,1.0e+00,1,1,6.2e-05,1.0e+00,6.5e-02,1.0e+00,1.0e-03,9.5e-01,global-SLEGQLFYE,CASSLEGQLFYEQYF,TRBV11-2,TRBJ2-7,NA,Donor1:healthy,1.000000,-,-,-,-,-,-,-,-,-,-,-
15260,single,1.0e+00,1,1,6.2e-05,1.0e+00,6.5e-02,1.0e+00,1.0e-03,9.5e-01,global-SLEGQLFYE,CASSLEGQLFYEQYF,TRBV7-2,TRBJ2-7,NA,Donor1:healthy,1.000000,-,-,-,-,-,-,-,-,-,-,-

15436,single,1.0e+00,1,1,5.8e-05,1.0e+00,6.1e-02,1.0e+00,1.0e-03,9.5e-01,global-SQGTGEET,CASSQGTGEETQYF,TRBV3-1,TRBJ2-5,NA,Donor1:healthy,1.000000,-,-,-,-,-,-,-,-,-,-,-
15436,single,1.0e+00,1,1,5.8e-05,1.0e+00,6.1e-02,1.0e+00,1.0e-03,9.5e-01,global-SQGTGEET,CASSQGTGEETQYF,TRBV4-3,TRBJ2-5,NA,Donor1:healthy,1.000000,-,-,-,-,-,-,-,-,-,-,-

15574,single,1.0e+00,1,1,5.6e-05,1.0e+00,5.9e-02,1.0e+00,1.0e-03,9.5e-01,global-SAGGSNE,CASSAGGSNEQFF,TRBV6-3,TRBJ2-1,NA,Donor1:healthy,1.000000,-,-,-,-,-,-,-,-,-,-,-
15574,single,1.0e+00,1,1,5.6e-05,1.0e+00,5.9e-02,1.0e+00,1.0e-03,9.5e-01,global-SAGGSNE,CASSAGGSNEQFF,TRBV7-9,TRBJ2-1,NA,Donor1:healthy,1.000000,-,-,-,-,-,-,-,-,-,-,-

15778,single,1.0e+00,1,1,2.7e-06,1.0e+00,5.4e-02,5.3e-02,1.0e-03,9.5e-01,global-SDLPFRFMIWE,CASSDLPFRFMIWEQYF,TRBV6-1,TRBJ2-7,NA,Donor1:healthy,3.000000,-,-,-,-,-,-,-,-,-,-,-
15778,single,1.0e+00,1,1,2.7e-06,1.0e+00,5.4e-02,5.3e-02,1.0e-03,9.5e-01,global-SDLPFRFMIWE,CASSDLPFRFMIWEQYF,TRBV6-4,TRBJ2-7,NA,Donor1:healthy,1.000000,-,-,-,-,-,-,-,-,-,-,-

15803,single,1.0e+00,1,1,6.0e-05,1.0e+00,6.3e-02,1.0e+00,1.0e-03,9.5e-01,global-SSTSGRADT,CASSSTSGRADTQYF,TRBV7-2,TRBJ2-3,NA,Donor1:healthy,1.000000,-,-,-,-,-,-,-,-,-,-,-
15803,single,1.0e+00,1,1,6.0e-05,1.0e+00,6.3e-02,1.0e+00,1.0e-03,9.5e-01,global-SSTSGRADT,CASSSTSGRADTQYF,TRBV7-6,TRBJ2-3,NA,Donor1:healthy,1.000000,-,-,-,-,-,-,-,-,-,-,-

16002,single,1.0e+00,1,1,1.0e-06,1.0e+00,6.8e-02,1.6e-02,1.0e-03,9.5e-01,global-SQARGDTE,CASSQARGDTEAFF,TRBV14,TRBJ1-1,NA,Donor1:healthy,9.000000,-,-,-,-,-,-,-,-,-,-,-
16002,single,1.0e+00,1,1,1.0e-06,1.0e+00,6.8e-02,1.6e-02,1.0e-03,9.5e-01,global-SQARGDTE,CASSQARGDTEAFF,TRBV4-3,TRBJ1-1,NA,Donor1:healthy,1.000000,-,-,-,-,-,-,-,-,-,-,-

16111,single,1.0e+00,1,1,5.9e-07,1.0e+00,6.9e-02,9.0e-03,1.0e-03,9.5e-01,global-SSTGGGEKDQP,CASSSTGGGEKDQPQHF,TRBV5-4,TRBJ1-5,NA,Donor1:healthy,11.000000,-,-,-,-,-,-,-,-,-,-,-
16111,single,1.0e+00,1,1,5.9e-07,1.0e+00,6.9e-02,9.0e-03,1.0e-03,9.5e-01,global-SSTGGGEKDQP,CASSSTGGGEKDQPQHF,TRBV5-6,TRBJ1-5,NA,Donor1:healthy,2.000000,-,-,-,-,-,-,-,-,-,-,-

16282,single,1.0e+00,1,1,6.6e-05,1.0e+00,6.9e-02,1.0e+00,1.0e-03,9.5e-01,global-SPGTGYYG,CASSPGTGYYGYTF,TRBV19,TRBJ1-2,NA,Donor1:healthy,1.000000,-,-,-,-,-,-,-,-,-,-,-
16282,single,1.0e+00,1,1,6.6e-05,1.0e+00,6.9e-02,1.0e+00,1.0e-03,9.5e-01,global-SPGTGYYG,CASSPGTGYYGYTF,TRBV6-3,TRBJ1-2,NA,Donor1:healthy,1.000000,-,-,-,-,-,-,-,-,-,-,-

16471,single,1.0e+00,1,1,6.4e-05,1.0e+00,6.7e-02,1.0e+00,1.0e-03,9.5e-01,global-SHRGPNTE,CASSHRGPNTEAFF,TRBV19,TRBJ1-1,NA,Donor1:healthy,1.000000,-,-,-,-,-,-,-,-,-,-,-
16471,single,1.0e+00,1,1,6.4e-05,1.0e+00,6.7e-02,1.0e+00,1.0e-03,9.5e-01,global-SHRGPNTE,CASSHRGPNTEAFF,TRBV6-5,TRBJ1-1,NA,Donor1:healthy,1.000000,-,-,-,-,-,-,-,-,-,-,-

16837,single,1.0e+00,1,1,7.1e-05,1.0e+00,7.4e-02,1.0e+00,1.0e-03,9.5e-01,global-SPGQSSYNE,CASSPGQSSYNEQFF,TRBV11-3,TRBJ2-1,NA,Donor1:healthy,1.000000,-,-,-,-,-,-,-,-,-,-,-
16837,single,1.0e+00,1,1,7.1e-05,1.0e+00,7.4e-02,1.0e+00,1.0e-03,9.5e-01,global-SPGQSSYNE,CASSPGQSSYNEQFF,TRBV12-4,TRBJ2-1,NA,Donor1:healthy,1.000000,-,-,-,-,-,-,-,-,-,-,-

17093,single,1.0e+00,1,1,5.9e-05,1.0e+00,6.2e-02,1.0e+00,1.0e-03,9.5e-01,global-TPTGGNTE,CASTPTGGNTEAFF,TRBV6-5,TRBJ1-1,NA,Donor1:healthy,1.000000,-,-,-,-,-,-,-,-,-,-,-
17093,single,1.0e+00,1,1,5.9e-05,1.0e+00,6.2e-02,1.0e+00,1.0e-03,9.5e-01,global-TPTGGNTE,CASTPTGGNTEAFF,TRBV9,TRBJ1-1,NA,Donor1:healthy,1.000000,-,-,-,-,-,-,-,-,-,-,-

17457,single,1.0e+00,1,1,5.3e-05,1.0e+00,5.6e-02,1.0e+00,1.0e-03,9.5e-01,global-SLGDRG,CASSLGDRGAFF,TRBV3-1,TRBJ1-1,NA,Donor1:healthy,1.000000,-,-,-,-,-,-,-,-,-,-,-
17457,single,1.0e+00,1,1,5.3e-05,1.0e+00,5.6e-02,1.0e+00,1.0e-03,9.5e-01,global-SLGDRG,CASSLGDRGAFF,TRBV5-5,TRBJ1-1,NA,Donor1:healthy,1.000000,-,-,-,-,-,-,-,-,-,-,-

17704,single,1.0e+00,1,1,6.6e-05,1.0e+00,6.9e-02,1.0e+00,1.0e-03,9.5e-01,global-SPGTSGGADT,CASSPGTSGGADTQYF,TRBV4-2,TRBJ2-3,NA,Donor1:healthy,1.000000,-,-,-,-,-,-,-,-,-,-,-
17704,single,1.0e+00,1,1,6.6e-05,1.0e+00,6.9e-02,1.0e+00,1.0e-03,9.5e-01,global-SPGTSGGADT,CASSPGTSGGADTQYF,TRBV7-7,TRBJ2-3,NA,Donor1:healthy,1.000000,-,-,-,-,-,-,-,-,-,-,-

18390,single,1.0e+00,1,1,2.7e-06,1.0e+00,5.7e-02,5.0e-02,1.0e-03,9.5e-01,global-STTVNTE,CASSTTVNTEAFF,TRBV28,TRBJ1-1,NA,Donor1:healthy,1.000000,-,-,-,-,-,-,-,-,-,-,-
18390,single,1.0e+00,1,1,2.7e-06,1.0e+00,5.7e-02,5.0e-02,1.0e-03,9.5e-01,global-STTVNTE,CASSTTVNTEAFF,TRBV6-6,TRBJ1-1,NA,Donor1:healthy,3.000000,-,-,-,-,-,-,-,-,-,-,-

18431,single,1.0e+00,1,1,6.4e-05,1.0e+00,6.7e-02,1.0e+00,1.0e-03,9.5e-01,global-SPGTANTGE,CASSPGTANTGELFF,TRBV18,TRBJ2-2,NA,Donor1:healthy,1.000000,-,-,-,-,-,-,-,-,-,-,-
18431,single,1.0e+00,1,1,6.4e-05,1.0e+00,6.7e-02,1.0e+00,1.0e-03,9.5e-01,global-SPGTANTGE,CASSPGTANTGELFF,TRBV9,TRBJ2-2,NA,Donor1:healthy,1.000000,-,-,-,-,-,-,-,-,-,-,-

18444,single,1.0e+00,1,1,6.0e-06,1.0e+00,6.9e-02,9.1e-02,1.0e-03,9.5e-01,global-SFLDRGPNTE,CASSFLDRGPNTEAFF,TRBV12-3,TRBJ1-1,NA,Donor1:healthy,2.000000,-,-,-,-,-,-,-,-,-,-,-
18444,single,1.0e+00,1,1,6.0e-06,1.0e+00,6.9e-02,9.1e-02,1.0e-03,9.5e-01,global-SFLDRGPNTE,CASSFLDRGPNTEAFF,TRBV12-4,TRBJ1-1,NA,Donor1:healthy,1.000000,-,-,-,-,-,-,-,-,-,-,-

18446,single,1.0e+00,1,1,6.0e-05,1.0e+00,6.3e-02,1.0e+00,1.0e-03,9.5e-01,global-SLGSSYNSP,CASSLGSSYNSPLHF,TRBV11-2,TRBJ1-6,NA,Donor1:healthy,1.000000,-,-,-,-,-,-,-,-,-,-,-
18446,single,1.0e+00,1,1,6.0e-05,1.0e+00,6.3e-02,1.0e+00,1.0e-03,9.5e-01,global-SLGSSYNSP,CASSLGSSYNSPLHF,TRBV5-4,TRBJ1-6,NA,Donor1:healthy,1.000000,-,-,-,-,-,-,-,-,-,-,-

18509,single,1.0e+00,1,1,2.3e-05,1.0e+00,1.7e-01,1.4e-01,1.0e-03,9.5e-01,global-SGTGSSYE,CASSGTGSSYEQYF,TRBV27,TRBJ2-7,NA,Donor1:healthy,2.000000,-,-,-,-,-,-,-,-,-,-,-
18509,single,1.0e+00,1,1,2.3e-05,1.0e+00,1.7e-01,1.4e-01,1.0e-03,9.5e-01,global-SGTGSSYE,CASSGTGSSYEQYF,TRBV5-5,TRBJ2-7,NA,Donor1:healthy,1.000000,-,-,-,-,-,-,-,-,-,-,-
18509,single,1.0e+00,1,1,2.3e-05,1.0e+00,1.7e-01,1.4e-01,1.0e-03,9.5e-01,global-SGTGSSYE,CASSGTGSSYEQYF,TRBV6-3,TRBJ2-7,NA,Donor1:healthy,1.000000,-,-,-,-,-,-,-,-,-,-,-

18690,single,1.0e+00,1,1,6.5e-05,1.0e+00,6.8e-02,1.0e+00,1.0e-03,9.5e-01,global-SLGGNYG,CASSLGGNYGYTF,TRBV12-3,TRBJ1-2,NA,Donor1:healthy,1.000000,-,-,-,-,-,-,-,-,-,-,-
18690,single,1.0e+00,1,1,6.5e-05,1.0e+00,6.8e-02,1.0e+00,1.0e-03,9.5e-01,global-SLGGNYG,CASSLGGNYGYTF,TRBV27,TRBJ1-2,NA,Donor1:healthy,1.000000,-,-,-,-,-,-,-,-,-,-,-

18755,single,1.0e+00,1,1,5.2e-05,1.0e+00,5.4e-02,1.0e+00,1.0e-03,9.5e-01,global-SQDWGSTDT,CASSQDWGSTDTQYF,TRBV3-1,TRBJ2-3,NA,Donor1:healthy,1.000000,-,-,-,-,-,-,-,-,-,-,-
18755,single,1.0e+00,1,1,5.2e-05,1.0e+00,5.4e-02,1.0e+00,1.0e-03,9.5e-01,global-SQDWGSTDT,CASSQDWGSTDTQYF,TRBV4-3,TRBJ2-3,NA,Donor1:healthy,1.000000,-,-,-,-,-,-,-,-,-,-,-

18870,single,1.0e+00,1,1,3.8e-07,1.0e+00,7.9e-02,5.0e-03,1.0e-03,9.5e-01,global-SLGQGPYE,CASSLGQGPYEQYF,TRBV11-1,TRBJ2-7,NA,Donor1:healthy,1.000000,-,-,-,-,-,-,-,-,-,-,-
18870,single,1.0e+00,1,1,3.8e-07,1.0e+00,7.9e-02,5.0e-03,1.0e-03,9.5e-01,global-SLGQGPYE,CASSLGQGPYEQYF,TRBV11-2,TRBJ2-7,NA,Donor1:healthy,21.000000,-,-,-,-,-,-,-,-,-,-,-

18872,single,1.0e+00,1,1,6.2e-05,1.0e+00,6.5e-02,1.0e+00,1.0e-03,9.5e-01,global-SFDTGE,CASSFDTGELFF,TRBV27,TRBJ2-2,NA,Donor1:healthy,1.000000,-,-,-,-,-,-,-,-,-,-,-
18872,single,1.0e+00,1,1,6.2e-05,1.0e+00,6.5e-02,1.0e+00,1.0e-03,9.5e-01,global-SFDTGE,CASSFDTGELFF,TRBV5-4,TRBJ2-2,NA,Donor1:healthy,1.000000,-,-,-,-,-,-,-,-,-,-,-

19085,single,1.0e+00,1,1,4.9e-05,1.0e+00,5.1e-02,1.0e+00,1.0e-03,9.5e-01,global-SLAGGSSYE,CASSLAGGSSYEQYF,TRBV5-1,TRBJ2-7,NA,Donor1:healthy,1.000000,-,-,-,-,-,-,-,-,-,-,-
19085,single,1.0e+00,1,1,4.9e-05,1.0e+00,5.1e-02,1.0e+00,1.0e-03,9.5e-01,global-SLAGGSSYE,CASSLAGGSSYEQYF,TRBV7-2,TRBJ2-7,NA,Donor1:healthy,1.000000,-,-,-,-,-,-,-,-,-,-,-

19381,single,1.0e+00,1,1,5.7e-05,1.0e+00,6.0e-02,1.0e+00,1.0e-03,9.5e-01,global-SQGGGTE,CASSQGGGTEAFF,TRBV12-3,TRBJ1-1,NA,Donor1:healthy,1.000000,-,-,-,-,-,-,-,-,-,-,-
19381,single,1.0e+00,1,1,5.7e-05,1.0e+00,6.0e-02,1.0e+00,1.0e-03,9.5e-01,global-SQGGGTE,CASSQGGGTEAFF,TRBV14,TRBJ1-1,NA,Donor1:healthy,1.000000,-,-,-,-,-,-,-,-,-,-,-

19754,single,1.0e+00,1,1,6.7e-05,1.0e+00,7.0e-02,1.0e+00,1.0e-03,9.5e-01,global-SPGTLAGE,CASSPGTLAGELFF,TRBV18,TRBJ2-2,NA,Donor1:healthy,1.000000,-,-,-,-,-,-,-,-,-,-,-
19754,single,1.0e+00,1,1,6.7e-05,1.0e+00,7.0e-02,1.0e+00,1.0e-03,9.5e-01,global-SPGTLAGE,CASSPGTLAGELFF,TRBV9,TRBJ2-2,NA,Donor1:healthy,1.000000,-,-,-,-,-,-,-,-,-,-,-

19888,single,1.0e+00,1,1,5.0e-05,1.0e+00,5.2e-02,1.0e+00,1.0e-03,9.5e-01,global-SLGGLAADT,CASSLGGLAADTQYF,TRBV6-5,TRBJ2-3,NA,Donor1:healthy,1.000000,-,-,-,-,-,-,-,-,-,-,-
19888,single,1.0e+00,1,1,5.0e-05,1.0e+00,5.2e-02,1.0e+00,1.0e-03,9.5e-01,global-SLGGLAADT,CASSLGGLAADTQYF,TRBV7-6,TRBJ2-3,NA,Donor1:healthy,1.000000,-,-,-,-,-,-,-,-,-,-,-

19930,single,1.0e+00,1,1,6.4e-05,1.0e+00,6.7e-02,1.0e+00,1.0e-03,9.5e-01,global-SLLGSSYNE,CASSLLGSSYNEQFF,TRBV27,TRBJ2-1,NA,Donor1:healthy,1.000000,-,-,-,-,-,-,-,-,-,-,-
19930,single,1.0e+00,1,1,6.4e-05,1.0e+00,6.7e-02,1.0e+00,1.0e-03,9.5e-01,global-SLLGSSYNE,CASSLLGSSYNEQFF,TRBV28,TRBJ2-1,NA,Donor1:healthy,1.000000,-,-,-,-,-,-,-,-,-,-,-

20117,single,1.0e+00,1,1,6.6e-05,1.0e+00,6.9e-02,1.0e+00,1.0e-03,9.5e-01,global-SYPGQGTYE,CASSYPGQGTYEQYF,TRBV6-3,TRBJ2-7,NA,Donor1:healthy,1.000000,-,-,-,-,-,-,-,-,-,-,-
20117,single,1.0e+00,1,1,6.6e-05,1.0e+00,6.9e-02,1.0e+00,1.0e-03,9.5e-01,global-SYPGQGTYE,CASSYPGQGTYEQYF,TRBV7-9,TRBJ2-7,NA,Donor1:healthy,1.000000,-,-,-,-,-,-,-,-,-,-,-

20338,single,1.0e+00,1,1,6.5e-05,1.0e+00,6.8e-02,1.0e+00,1.0e-03,9.5e-01,global-SLYTDT,CASSLYTDTQYF,TRBV2,TRBJ2-3,NA,Donor1:healthy,1.000000,-,-,-,-,-,-,-,-,-,-,-
20338,single,1.0e+00,1,1,6.5e-05,1.0e+00,6.8e-02,1.0e+00,1.0e-03,9.5e-01,global-SLYTDT,CASSLYTDTQYF,TRBV7-2,TRBJ2-3,NA,Donor1:healthy,1.000000,-,-,-,-,-,-,-,-,-,-,-

20371,single,1.0e+00,1,1,1.9e-04,1.0e+00,1.9e-01,1.0e+00,1.0e-03,9.5e-01,global-SLTGYNE,CASSLTGYNEQFF,TRBV5-1,TRBJ2-1,NA,Donor1:healthy,1.000000,-,-,-,-,-,-,-,-,-,-,-
20371,single,1.0e+00,1,1,1.9e-04,1.0e+00,1.9e-01,1.0e+00,1.0e-03,9.5e-01,global-SLTGYNE,CASSLTGYNEQFF,TRBV6-3,TRBJ2-1,NA,Donor1:healthy,1.000000,-,-,-,-,-,-,-,-,-,-,-
20371,single,1.0e+00,1,1,1.9e-04,1.0e+00,1.9e-01,1.0e+00,1.0e-03,9.5e-01,global-SLTGYNE,CASSLTGYNEQFF,TRBV7-3,TRBJ2-1,NA,Donor1:healthy,1.000000,-,-,-,-,-,-,-,-,-,-,-

20476,single,1.0e+00,1,1,6.2e-05,1.0e+00,6.5e-02,1.0e+00,1.0e-03,9.5e-01,global-STGTGGDG,CASSTGTGGDGYTF,TRBV6-3,TRBJ1-2,NA,Donor1:healthy,1.000000,-,-,-,-,-,-,-,-,-,-,-
20476,single,1.0e+00,1,1,6.2e-05,1.0e+00,6.5e-02,1.0e+00,1.0e-03,9.5e-01,global-STGTGGDG,CASSTGTGGDGYTF,TRBV6-4,TRBJ1-2,NA,Donor1:healthy,1.000000,-,-,-,-,-,-,-,-,-,-,-

20544,single,1.0e+00,1,1,7.9e-05,1.0e+00,8.3e-02,1.0e+00,1.0e-03,9.5e-01,global-SGGQGGSP,CASSGGQGGSPLHF,TRBV2,TRBJ1-6,NA,Donor1:healthy,1.000000,-,-,-,-,-,-,-,-,-,-,-
20544,single,1.0e+00,1,1,7.9e-05,1.0e+00,8.3e-02,1.0e+00,1.0e-03,9.5e-01,global-SGGQGGSP,CASSGGQGGSPLHF,TRBV9,TRBJ1-6,NA,Donor1:healthy,1.000000,-,-,-,-,-,-,-,-,-,-,-

20637,single,1.0e+00,1,1,2.3e-06,1.0e+00,1.9e-01,1.3e-02,1.0e-03,9.5e-01,global-SLGVAGTNTGE,CASSLGVAGTNTGELFF,TRBV11-2,TRBJ2-2,NA,Donor1:healthy,12.000000,-,-,-,-,-,-,-,-,-,-,-
20637,single,1.0e+00,1,1,2.3e-06,1.0e+00,1.9e-01,1.3e-02,1.0e-03,9.5e-01,global-SLGVAGTNTGE,CASSLGVAGTNTGELFF,TRBV11-3,TRBJ2-2,NA,Donor1:healthy,2.000000,-,-,-,-,-,-,-,-,-,-,-
20637,single,1.0e+00,1,1,2.3e-06,1.0e+00,1.9e-01,1.3e-02,1.0e-03,9.5e-01,global-SLGVAGTNTGE,CASSLGVAGTNTGELFF,TRBV7-2,TRBJ2-2,NA,Donor1:healthy,2.000000,-,-,-,-,-,-,-,-,-,-,-

