CDR3_beta	V_beta	J_beta	count
CAAGGGGTEKLFF	TRBV10-3	TRBJ1-4	45
CAASGRASETQYF	TRBV19	TRBJ2-5	1
CACPGTSGASGANVLTF	TRBV6-1	TRBJ2-6	1
CAFPKGGAMGTEAFF	TRBV30	TRBJ1-1	1
CAGARVDTQYF	TRBV7-9	TRBJ2-3	1
CAGIRTGTGPSPNYGYTF	TRBV2	TRBJ1-2	1
CAGLRQSELGQYEQYF	TRBV2	TRBJ2-7	1
CAGSVGASGYEQYF	TRBV2	TRBJ2-7	1
CAIGLAGDTQYF	TRBV10-3	TRBJ2-3	1
CAIGTSVGYEQYF	TRBV10-3	TRBJ2-7	1
CAIKKGEGVIAYEQYF	TRBV10-3	TRBJ2-7	1
CAIKRLSTDTQYF	TRBV7-9	TRBJ2-3	1
CAIKTSGRAYEQYF	TRBV10-3	TRBJ2-7	1
CAIKVTENTEAFF	TRBV10-3	TRBJ1-1	1
CAIMGGGHNEQFF	TRBV10-3	TRBJ2-1	1
CAIPGPSNTEAFF	TRBV28	TRBJ1-1	1
CAIRDVSSTDTQYF	TRBV10-3	TRBJ2-3	1
CAIRELPTRTDTQYF	TRBV10-3	TRBJ2-3	1
CAIRESGQGENYGYTF	TRBV10-3	TRBJ1-2	1
CAIRLGNQPQHF	TRBV19	TRBJ1-5	1
CAIRQAQIIYGYTF	TRBV10-3	TRBJ1-2	1
CAIRQTVLRPLHF	TRBV10-3	TRBJ1-6	1
CAIRTPFGTQYF	TRBV10-3	TRBJ2-5	1
CAISAGDSPLHF	TRBV10-3	TRBJ1-6	7
CAISARQPWIGNTIYF	TRBV10-3	TRBJ1-3	1
CAISDLGSYGYTF	TRBV10-3	TRBJ1-2	1
CAISDPDRTGDEQYF	TRBV10-3	TRBJ2-7	1
CAISDRNYGYTF	TRBV10-3	TRBJ1-2	1
CAISEEWVAGVLLLGDTQYF	TRBV10-3	TRBJ2-3	1
CAISEGIGQNYGYTF	TRBV10-3	TRBJ1-2	1
CAISEGQDFGNTIYF	TRBV10-3	TRBJ1-3	11
CAISEGTGAYEQYF	TRBV10-3	TRBJ2-7	1
CAISEGVWTYEQYF	TRBV10-3	TRBJ2-7	2
CAISELGGTSGRARETQYF	TRBV10-3	TRBJ2-5	1
CAISELRGRKEKLFF	TRBV10-3	TRBJ1-4	1
CAISEPGLLSGANVLTF	TRBV10-3	TRBJ2-6	1
CAISEPSTTNTEAFF	TRBV10-3	TRBJ1-1	1
CAISESGILENTGELFF	TRBV10-3	TRBJ2-2	1
CAISESGSGGPGSRFF	TRBV10-3	TRBJ2-1	1
CAISESGTGSVFDGYTF	TRBV10-3	TRBJ1-2	1
CAISESILWVVRMNTEAFF	TRBV10-3	TRBJ1-1	1
CAISESIRQLNEKLFF	TRBV10-3	TRBJ1-4	1
CAISESLAGRTYNEQFF	TRBV10-3	TRBJ2-1	1
CAISESPGPEKNTEAFF	TRBV10-3	TRBJ1-1	1
CAISESTERYYGYTF	TRBV10-3	TRBJ1-2	1
CAISESVNTEAFF	TRBV10-3	TRBJ1-1	1
CAISEYVGTGDNEQFF	TRBV10-3	TRBJ2-1	1
CAISGAARDTQYF	TRBV10-3	TRBJ2-3	1
CAISGAGLRYNSPLHF	TRBV10-3	TRBJ1-6	1
CAISGGGNEKLFF	TRBV10-3	TRBJ1-4	1
CAISGGLQGQEKLFF	TRBV10-3	TRBJ1-4	2
CAISGQRVVYTGELFF	TRBV10-3	TRBJ2-2	1
CAISGTGSGRETQYF	TRBV10-3	TRBJ2-5	1
CAISKTSGVYLSGANVLTF	TRBV10-3	TRBJ2-6	1
CAISLAISTDTQYF	TRBV10-3	TRBJ2-3	1
CAISLTLLGQRDQETQYF	TRBV10-3	TRBJ2-5	1
CAISPSRSKNIQYF	TRBV10-3	TRBJ2-4	1
CAISSDSGDEQFF	TRBV10-3	TRBJ2-1	1
CAISTGARPGNTIYF	TRBV10-3	TRBJ1-3	1
CAISTGDSNQPQHF	TRBV10-3	TRBJ1-5	4
CAITPAGVFPYEQYF	TRBV10-3	TRBJ2-7	1
CAITSVSGGLDTDTQYF	TRBV10-3	TRBJ2-3	1
CAKRTNPYTGELFF	TRBV27	TRBJ2-2	1
CALVGLNTEAFF	TRBV30	TRBJ1-1	1
CARGGTGYNEQFF	TRBV2	TRBJ2-1	3
CARGQDAANTGELFF	TRBV2	TRBJ2-2	1
CARKKTRRISQAFF	TRBV9	TRBJ1-1	13
CARQPLRGANVLTF	TRBV2	TRBJ2-6	74
CARRQGSYGYTF	TRBV2	TRBJ1-2	1
CARYRHLGEAFF	TRBV2	TRBJ1-1	1
CASAATVAKNIQYF	TRBV19	TRBJ2-4	1
CASAFYSNQPQHF	TRBV19	TRBJ1-5	1
CASAGGNQPQHF	TRBV6-3	TRBJ1-5	3
CASAGNTEAFF	TRBV2	TRBJ1-1	1
CASAGQVGNTIYF	TRBV9	TRBJ1-3	1
CASAGTGVEKLFF	TRBV19	TRBJ1-4	7
CASALLSSYNSPLHF	TRBV12-5	TRBJ1-6	1
CASAPDGFFYGYTF	TRBV12-5	TRBJ1-2	1
CASAPFGTGDITDTQYF	TRBV7-6	TRBJ2-3	1
CASAPGSGYEQYF	TRBV12-4	TRBJ2-7	1
CASARTTGELFF	TRBV6-3	TRBJ2-2	1
CASASSWGLRDIQYF	TRBV6-3	TRBJ2-4	1
CASATGTGGNEQYF	TRBV4-1	TRBJ2-7	1
CASCAGMGNEQYF	TRBV6-3	TRBJ2-7	1
CASDRQDFYSNQPQHF	TRBV6-3	TRBJ1-5	1
CASDTGGGYGYTF	TRBV19	TRBJ1-2	1
CASEEQGGLETQYF	TRBV6-3	TRBJ2-5	1
CASEGAGGFRTGELFF	TRBV28	TRBJ2-2	1
CASEPGQGPGGWSYEQYF	TRBV28	TRBJ2-7	1
CASGARPQETQYF	TRBV6-3	TRBJ2-5	1
CASGDNEQFF	TRBV5-1	TRBJ2-1	1
CASGDSGNTIYF	TRBV12-4	TRBJ1-3	1
CASGDSPNEQYF	TRBV5-1	TRBJ2-7	1
CASGFGANTWDTQYF	TRBV12-5	TRBJ2-3	1
CASGFGTVNEQFF	TRBV19	TRBJ2-1	1
CASGFRTDTQYF	TRBV12-5	TRBJ2-3	1
CASGFSGTEQYF	TRBV12-5	TRBJ2-7	1
CASGFSGTVYMNTEAFF	TRBV12-5	TRBJ1-1	1
CASGFSTGTSFSYNEQFF	TRBV12-5	TRBJ2-1	1
CASGFTDAGATNYGYTF	TRBV12-5	TRBJ1-2	1
CASGGATEAFF	TRBV12-3	TRBJ1-1	1
CASGGETQYF	TRBV6-5	TRBJ2-5	1
CASGGKVFPPYEQYF	TRBV12-5	TRBJ2-7	1
CASGGSTGTNEKLFF	TRBV6-1	TRBJ1-4	1
CASGIQGIEPQHF	TRBV12-5	TRBJ1-5	1
CASGKNRGPHMNTEAFF	TRBV19	TRBJ1-1	1
CASGLAQFGEQYF	TRBV12-5	TRBJ2-7	1
CASGLDRMNTEAFF	TRBV12-5	TRBJ1-1	1
CASGLEDRGTYEQYF	TRBV12-5	TRBJ2-7	1
CASGLGTVASTDTQYF	TRBV12-5	TRBJ2-3	25
CASGLGVQDLNQPQHF	TRBV6-3	TRBJ1-5	1
CASGLIPGGPGNTIYF	TRBV12-5	TRBJ1-3	1
CASGLKQGLETQYF	TRBV12-5	TRBJ2-5	1
CASGLNIDGDEQFF	TRBV12-5	TRBJ2-1	1
CASGLPLAGGPYPYNEQFF	TRBV12-5	TRBJ2-1	1
CASGLSGDEQYF	TRBV19	TRBJ2-7	1
CASGLVLSWGSRTSGRLDEQFF	TRBV12-5	TRBJ2-1	1
CASGLVRGQGNGYTF	TRBV12-5	TRBJ1-2	1
CASGLWASHTEPGDTEAFF	TRBV12-5	TRBJ1-1	1
CASGMSGGAENEQFF	TRBV2	TRBJ2-1	1
CASGPAPTSYNNEQFF	TRBV12-5	TRBJ2-1	1
CASGPLGGYNEQFF	TRBV12-5	TRBJ2-1	1
CASGPRGLGSYYGYTF	TRBV6-3	TRBJ1-2	1
CASGPVEGRETQYF	TRBV12-5	TRBJ2-5	1
CASGQGTDTQYF	TRBV27	TRBJ2-3	1
CASGQSPSGMEYEQYF	TRBV6-1	TRBJ2-7	1
CASGRHRTAQETQYF	TRBV11-2	TRBJ2-5	1
CASGRLAGLIHSGANVLTF	TRBV4-3	TRBJ2-6	1
CASGRLDEQFF	TRBV25-1	TRBJ2-1	1
CASGRLSYNEQFF	TRBV12-4	TRBJ2-1	1
CASGSAVRGGLETQYF	TRBV12-5	TRBJ2-5	1
CASGSGGGNEQFF	TRBV12-4	TRBJ2-1	1
CASGTGGVGGYTF	TRBV6-1	TRBJ1-2	1
CASGTPGGEKLFF	TRBV7-9	TRBJ1-4	1
CASGTSGAYEQYF	TRBV19	TRBJ2-7	1
CASGVYSNQPQHF	TRBV19	TRBJ1-5	1
CASGWDRPNTGELFF	TRBV12-5	TRBJ2-2	1
CASGWNLDEQFF	TRBV12-5	TRBJ2-1	2
CASGYWKLAGGPQETQYF	TRBV7-2	TRBJ2-5	1
CASGYWSGDTQYF	TRBV6-3	TRBJ2-3	1
CASHATGAYGYTF	TRBV2	TRBJ1-2	1
CASHRGYPNEQYF	TRBV6-1	TRBJ2-7	1
CASIAAGTGNEQFF	TRBV6-3	TRBJ2-1	1
CASIGEGFSNQPQHF	TRBV25-1	TRBJ1-5	1
CASILPQGTQYF	TRBV7-2	TRBJ2-5	1
CASIPLAEVVEQFF	TRBV7-9	TRBJ2-1	1
CASIPLFPGQGANSNQPQHF	TRBV19	TRBJ1-5	1
CASISLGLRWRGNTIYF	TRBV7-9	TRBJ1-3	1
CASKAGSGTEQFF	TRBV7-9	TRBJ2-1	1
CASKEGAGGTYNEQFF	TRBV19	TRBJ2-1	1
CASKGDRGAYEQYF	TRBV6-3	TRBJ2-7	1
CASKGSNYGYTF	TRBV5-6	TRBJ1-2	1
CASKGTDTQYF	TRBV27	TRBJ2-3	1
CASKIGQGYEQYF	TRBV6-5	TRBJ2-7	1
CASKIQGSPEAFF	TRBV28	TRBJ1-1	1
CASKLNGGSGPTHEQYF	TRBV2	TRBJ2-7	1
CASKNPGTEIYEQYF	TRBV28	TRBJ2-7	5
CASKNSQGTGNEQFF	TRBV6-5	TRBJ2-1	1
CASKRGMSNQPQHF	TRBV21-1	TRBJ1-5	1
CASKTGVNTEAFF	TRBV6-5	TRBJ1-1	1
CASLALGSQGRGAGDTQYF	TRBV7-8	TRBJ2-3	1
CASLGGGPYNEQFF	TRBV13	TRBJ2-1	1
CASLGLAGAGELFF	TRBV9	TRBJ2-2	1
CASLGRRGGLFF	TRBV12-4	TRBJ2-2	1
CASLISGTDTQYF	TRBV11-2	TRBJ2-3	1
CASLLEGAEGETQYF	TRBV12-4	TRBJ2-5	1
CASLPRGGGPFRIGSYEQYF	TRBV28	TRBJ2-7	1
CASLTGDYNEQFF	TRBV7-2	TRBJ2-1	1
CASLWLRGEYNEQFF	TRBV6-3	TRBJ2-1	1
CASMGRDSYEQYF	TRBV2	TRBJ2-7	1
CASNDGTWGGSSYNEQFF	TRBV7-8	TRBJ2-1	1
CASNDRGNGYTF	TRBV6-5	TRBJ1-2	1
CASNEQFSHSPLHF	TRBV5-6	TRBJ1-6	1
CASNFQGLTDTQYF	TRBV6-1	TRBJ2-3	1
CASNKGMNQPQHF	TRBV6-3	TRBJ1-5	1
CASNMGGLLSTDTQYF	TRBV7-8	TRBJ2-3	1
CASNMGPYEQYF	TRBV12-3	TRBJ2-7	1
CASNPGLAGGPHEQYF	TRBV6-5	TRBJ2-7	1
CASNPGLRAGFYNEQFF	TRBV4-1	TRBJ2-1	1
CASNPSSTDTQYF	TRBV19	TRBJ2-3	10
CASNPTSGGSREQFF	TRBV6-5	TRBJ2-1	1
CASNSGGNTIYF	TRBV11-1	TRBJ1-3	1
CASNSGLDNNEQFF	TRBV27	TRBJ2-1	1
CASNSMGLARGIRETQYF	TRBV11-1	TRBJ2-5	1
CASNYAGTDEAFF	TRBV5-1	TRBJ1-1	1
CASPDDGELHEQYF	TRBV21-1	TRBJ2-7	1
CASPTLRGVENTGELFF	TRBV6-3	TRBJ2-2	1
CASPWSWDAEAFF	TRBV6-4	TRBJ1-1	1
CASPWTGSGPYEQYF	TRBV18	TRBJ2-7	1
CASQATTTYNEQFF	TRBV30	TRBJ2-1	1
CASQPSEGGYEQYF	TRBV19	TRBJ2-7	1
CASQQSGSSYNSPLHF	TRBV2	TRBJ1-6	4
CASQRASLNTEAFF	TRBV19	TRBJ1-1	1
CASQVDTFTDGGELFF	TRBV28	TRBJ2-2	1
CASRAGGSYEQYF	TRBV5-1	TRBJ2-7	1
CASRAGTEISGYGYTF	TRBV6-4	TRBJ1-2	1
CASRAQGATNEKLFF	TRBV9	TRBJ1-4	2
CASRDLSSYEQYF	TRBV19	TRBJ2-7	1
CASRDNRGSYEQYF	TRBV14	TRBJ2-7	1
CASRDQMNTEAFF	TRBV6-3	TRBJ1-1	2
CASRDRGKNEQYF	TRBV6-5	TRBJ2-7	1
CASRDRSQYEQYF	TRBV6-1	TRBJ2-7	1
CASRDTGYNSPLHF	TRBV7-9	TRBJ1-6	1
CASREGISQGSNPQHF	TRBV2	TRBJ1-5	1
CASREGQGAGYEQYF	TRBV6-5	TRBJ2-7	1
CASREKGHRRDNEQFF	TRBV27	TRBJ2-1	5
CASREPGTYTDTQYF	TRBV5-6	TRBJ2-3	1
CASRERDRGLNQPQHF	TRBV6-1	TRBJ1-5	1
CASREREGLAVYNEQFF	TRBV2	TRBJ2-1	1
CASRETGEGYEQYF	TRBV10-2	TRBJ2-7	1
CASRETGVYEQYF	TRBV10-2	TRBJ2-7	1
CASRFISLGQPQHF	TRBV28	TRBJ1-5	1
CASRFNFGNEQFF	TRBV2	TRBJ2-1	1
CASRFRTLQETQYF	TRBV12-4	TRBJ2-5	1
CASRGAGELFF	TRBV2	TRBJ2-2	1
CASRGEKAYEQYF	TRBV25-1	TRBJ2-7	1
CASRGLAGEAGELFF	TRBV9	TRBJ2-2	1
CASRGLDRVNTEAFF	TRBV2	TRBJ1-1	1
CASRGLETQYF	TRBV10-2	TRBJ2-5	1
CASRGPGGTDTQYF	TRBV7-2	TRBJ2-3	1
CASRGQGLGQPQHF	TRBV28	TRBJ1-5	1
CASRGRSYNEQFF	TRBV12-4	TRBJ2-1	1
CASRGRYRGGNTEAFF	TRBV27	TRBJ1-1	1
CASRGTGLGNQPQHF	TRBV28	TRBJ1-5	1
CASRGVFGAGLTDTQYF	TRBV28	TRBJ2-3	1
CASRGVLGGQGETEAFF	TRBV6-1	TRBJ1-1	1
CASRGVTGPRSYEQYF	TRBV6-6	TRBJ2-7	1
CASRHSYEQYF	TRBV6-1	TRBJ2-7	1
CASRIGYTEAFF	TRBV25-1	TRBJ1-1	1
CASRLAGRMDTQYF	TRBV7-2	TRBJ2-3	1
CASRLDGTSSHEQYF	TRBV7-8	TRBJ2-7	1
CASRLDWHDNEQFF	TRBV12-3	TRBJ2-1	1
CASRLGQGTYEQYF	TRBV6-6	TRBJ2-7	1
CASRLLNEQFF	TRBV6-5	TRBJ2-1	1
CASRLPGGSNEQFF	TRBV28	TRBJ2-1	2
CASRLPGQGNTEAFF	TRBV6-6	TRBJ1-1	1
CASRLRQGYGNTIYF	TRBV19	TRBJ1-3	1
CASRLTGGSNYGYTF	TRBV6-5	TRBJ1-2	1
CASRMGDINTGELFF	TRBV9	TRBJ2-2	3
CASRMGTGTEAFF	TRBV4-2	TRBJ1-1	1
CASRNHVGQDYSYEQYF	TRBV5-4	TRBJ2-7	1
CASRNLAPLHSGANVLTF	TRBV27	TRBJ2-6	1
CASRNRNTGELFF	TRBV19	TRBJ2-2	1
CASRPAGLAYEQYF	TRBV28	TRBJ2-7	1
CASRPDNTEAFF	TRBV28	TRBJ1-1	1
CASRPGAGGNVLTF	TRBV28	TRBJ2-6	1
CASRPGTGDYEQYF	TRBV28	TRBJ2-7	1
CASRPIPGAYAQYF	TRBV7-2	TRBJ2-3	1
CASRPKQGGGGNEQFF	TRBV27	TRBJ2-1	1
CASRPQQGHNSPLHF	TRBV10-3	TRBJ1-6	1
CASRPQQGHNSPLHF	TRBV28	TRBJ1-6	103
CASRPRGYDETQYF	TRBV27	TRBJ2-5	2
CASRPSFLAAFSNEQFF	TRBV19	TRBJ2-1	1
CASRPTGGASLGYTF	TRBV28	TRBJ1-2	1
CASRPTGLGQPQHF	TRBV28	TRBJ1-5	1
CASRPTGTAALEQYF	TRBV28	TRBJ2-7	1
CASRPTTGWVTEAFF	TRBV12-4	TRBJ1-1	1
CASRPVAGNSPLHF	TRBV27	TRBJ1-6	1
CASRQGNTGELFF	TRBV12-4	TRBJ2-2	1
CASRQGWLLMADTQYF	TRBV6-3	TRBJ2-3	1
CASRQLRGLMAYEQYF	TRBV6-5	TRBJ2-7	1
CASRQRDRPNNEQFF	TRBV19	TRBJ2-1	28
CASRQSFNEQFF	TRBV10-2	TRBJ2-1	1
CASRQSNQPQHF	TRBV19	TRBJ1-5	1
CASRRASPDGQPQHF	TRBV6-3	TRBJ1-5	1
CASRRDGSYEQYF	TRBV27	TRBJ2-7	1
CASRRDPPYEQYF	TRBV6-4	TRBJ2-7	1
CASRRDRGAYEQYF	TRBV12-3	TRBJ2-7	1
CASRRGWSDHEQYF	TRBV27	TRBJ2-7	1
CASRRLAGGAGELFF	TRBV28	TRBJ2-2	1
CASRRQGENTIYF	TRBV12-4	TRBJ1-3	1
CASRRQGNEKLFF	TRBV2	TRBJ1-4	1
CASRRRGDWYTEAFF	TRBV5-4	TRBJ1-1	1
CASRRRGTEDFNSPLHF	TRBV10-2	TRBJ1-6	1
CASRRTGVVTQYF	TRBV12-4	TRBJ2-5	1
CASRRTTESTHGYTF	TRBV13	TRBJ1-2	1
CASRSGPVNQPQHF	TRBV6-5	TRBJ1-5	1
CASRSGTGVSGNTIYF	TRBV7-9	TRBJ1-3	1
CASRSGVHEQYF	TRBV6-6	TRBJ2-7	1
CASRSLNAGWRDSPLHF	TRBV5-6	TRBJ1-6	1
CASRSPWTSGTTDTQYF	TRBV12-4	TRBJ2-3	1
CASRSRLAGASTDTQYF	TRBV6-3	TRBJ2-3	1
CASRSRQGYQPQHF	TRBV6-6	TRBJ1-5	1
CASRSTGEISNEQYF	TRBV12-4	TRBJ2-7	1
CASRTDRGDEQFF	TRBV6-3	TRBJ2-1	1
CASRTGGFEAFF	TRBV6-3	TRBJ1-1	1
CASRTGTTSPGELFF	TRBV7-9	TRBJ2-2	1
CASRTREGRTDTQYF	TRBV12-4	TRBJ2-3	1
CASRTSGTTDTQYF	TRBV10-2	TRBJ2-3	1
CASRTSRAGYTDTQYF	TRBV12-3	TRBJ2-3	1
CASRVQGLLMHYEQYF	TRBV28	TRBJ2-7	1
CASRWAGMNQPQHF	TRBV28	TRBJ1-5	1
CASRWDSFEAFF	TRBV6-3	TRBJ1-1	1
CASRWPSTNEKLFF	TRBV2	TRBJ1-4	1
CASRYRDRGKTEAFF	TRBV11-1	TRBJ1-1	1
CASSAAGSTDTQYF	TRBV9	TRBJ2-3	1
CASSADRGGDEQYF	TRBV9	TRBJ2-7	1
CASSADSPSYEQYF	TRBV5-1	TRBJ2-7	1
CASSADSYLGETQYF	TRBV27	TRBJ2-5	1
CASSADTVYNEQFF	TRBV7-9	TRBJ2-1	1
CASSAEDRGTYEQYF	TRBV9	TRBJ2-7	1
CASSAEGQTFSTDTQYF	TRBV12-4	TRBJ2-3	3
CASSAGAAGANVLTF	TRBV11-2	TRBJ2-6	1
CASSAGAYGYTF	TRBV19	TRBJ1-2	12
CASSAGDWISDNSPLHF	TRBV9	TRBJ1-6	1
CASSAGETTNEKLFF	TRBV9	TRBJ1-4	1
CASSAGGGGQYF	TRBV27	TRBJ2-3	1
CASSAGGNGYTF	TRBV9	TRBJ1-2	2
CASSAGGSNEQFF	TRBV6-3	TRBJ2-1	1
CASSAGGSNEQFF	TRBV7-9	TRBJ2-1	1
CASSAGLAGTTDTQYF	TRBV9	TRBJ2-3	1
CASSAGLIGANVLTF	TRBV4-2	TRBJ2-6	1
CASSAGSGEAFF	TRBV11-1	TRBJ1-1	1
CASSAGSGNYGYTF	TRBV19	TRBJ1-2	1
CASSAGSYGYTF	TRBV19	TRBJ1-2	2
CASSAGTGFEGNSPLHF	TRBV9	TRBJ1-6	1
CASSAGTGVYGYTF	TRBV7-2	TRBJ1-2	1
CASSAGTSGQETQYF	TRBV9	TRBJ2-5	1
CASSAGVAKNIQYF	TRBV4-3	TRBJ2-4	1
CASSAGYNYGYTF	TRBV2	TRBJ1-2	1
CASSAKGLGNTIYF	TRBV7-8	TRBJ1-3	1
CASSALAGGGNEQFF	TRBV3-1	TRBJ2-1	1
CASSALGGSYGYTF	TRBV6-5	TRBJ1-2	1
CASSALSGRAIDEQYF	TRBV9	TRBJ2-7	1
CASSAMDRGADGYTF	TRBV9	TRBJ1-2	1
CASSAMGGSYNEQFF	TRBV5-6	TRBJ2-1	1
CASSANRAETQYF	TRBV6-4	TRBJ2-5	1
CASSANRDTEDTGELFF	TRBV9	TRBJ2-2	2
CASSANSGEQFF	TRBV9	TRBJ2-1	1
CASSANSGGYTF	TRBV28	TRBJ1-2	1
CASSAPDGSYEQYF	TRBV9	TRBJ2-7	1
CASSAPGGTSYNEQFF	TRBV9	TRBJ2-1	1
CASSAPGQGRQPTQFF	TRBV13	TRBJ2-1	1
CASSAPGTGHYEQYF	TRBV11-2	TRBJ2-7	1
CASSAPPRETQYF	TRBV9	TRBJ2-5	1
CASSAPRGTQAFF	TRBV9	TRBJ1-1	1
CASSAQQGLSSYEQYF	TRBV19	TRBJ2-7	1
CASSARAAATNEKLFF	TRBV2	TRBJ1-4	1
CASSARDRMIDEQYF	TRBV9	TRBJ2-7	1
CASSARGMEEKLFF	TRBV12-3	TRBJ1-4	1
CASSARRAGGGNTIYF	TRBV9	TRBJ1-3	1
CASSARSGEPQHF	TRBV19	TRBJ1-5	8
CASSARSSTEQYF	TRBV19	TRBJ2-7	3
CASSARSSYEQYF	TRBV19	TRBJ2-7	1
CASSARSTGELFF	TRBV19	TRBJ2-2	1
CASSARSVAYEAFF	TRBV13	TRBJ1-1	1
CASSARSVYEQYF	TRBV6-1	TRBJ2-7	1
CASSARTGDGYTF	TRBV19	TRBJ1-2	1
CASSASALSYEQYF	TRBV9	TRBJ2-7	1
CASSASDGTGNGYTF	TRBV9	TRBJ1-2	3
CASSASGARDYSNQPQHF	TRBV3-1	TRBJ1-5	1
CASSASGTTSEQYF	TRBV7-3	TRBJ2-7	1
CASSASRGPADTQYF	TRBV4-3	TRBJ2-3	1
CASSASSVQLLGDTQYF	TRBV4-1	TRBJ2-3	1
CASSASVLGVNEQFF	TRBV19	TRBJ2-1	12
CASSASYEQYF	TRBV7-2	TRBJ2-7	1
CASSATGTENNEQFF	TRBV9	TRBJ2-1	1
CASSATVITDTQYF	TRBV6-1	TRBJ2-3	1
CASSAVGRFHNEQFF	TRBV28	TRBJ2-1	1
CASSAYALYSNQPQHF	TRBV7-2	TRBJ1-5	1
CASSAYQGYSNQPQHF	TRBV27	TRBJ1-5	1
CASSAYRDEKLFF	TRBV6-1	TRBJ1-4	1
CASSAYRVDTQYF	TRBV7-3	TRBJ2-3	1
CASSCPGARRTDTQYF	TRBV5-1	TRBJ2-3	1
CASSDAPGAINRIF	TRBV2	TRBJ1-2	3
CASSDARKGLAGQETQYF	TRBV6-1	TRBJ2-5	1
CASSDELDRGRALAKNIQYF	TRBV2	TRBJ2-4	1
CASSDGARGGTDTQYF	TRBV6-1	TRBJ2-3	1
CASSDGDREIPEAFF	TRBV6-1	TRBJ1-1	1
CASSDGGGGTEAFF	TRBV9	TRBJ1-1	1
CASSDGGLGQPQHF	TRBV2	TRBJ1-5	1
CASSDGGSNSGANVLTF	TRBV4-2	TRBJ2-6	1
CASSDGGYLTDTQYF	TRBV6-3	TRBJ2-3	1
CASSDGQGLEQYF	TRBV27	TRBJ2-7	1
CASSDIRDRLLGGANVLTF	TRBV9	TRBJ2-6	1
CASSDLADTDTQYF	TRBV2	TRBJ2-3	1
CASSDLAGDPTDTQYF	TRBV4-2	TRBJ2-3	3
CASSDLGQGHEQYF	TRBV6-1	TRBJ2-7	1
CASSDLQWVSYEQYF	TRBV2	TRBJ2-7	1
CASSDPDRGFGYYEQYF	TRBV6-1	TRBJ2-7	1
CASSDPIGGYGYTF	TRBV6-1	TRBJ1-2	1
CASSDPTSGGPYNEQFF	TRBV7-9	TRBJ2-1	1
CASSDPYNQTLSYEQYF	TRBV2	TRBJ2-7	1
CASSDQGQVKNIQYF	TRBV2	TRBJ2-4	1
CASSDRAGTYEQYF	TRBV2	TRBJ2-7	1
CASSDRGGIGGSAFF	TRBV7-9	TRBJ1-1	3
CASSDRSGNTIYF	TRBV19	TRBJ1-3	3
CASSDRSGTEQYF	TRBV19	TRBJ2-7	2
CASSDRSNQPQHF	TRBV19	TRBJ1-5	1
CASSDRSNTEAFF	TRBV19	TRBJ1-1	1
CASSDRTGVGETQYF	TRBV6-5	TRBJ2-5	1
CASSDSGGPSTDTQYF	TRBV7-9	TRBJ2-3	1
CASSDSIAGAYNEQFF	TRBV6-4	TRBJ2-1	1
CASSDSPLSGSPLHF	TRBV2	TRBJ1-6	1
CASSDSPSGGDTQYF	TRBV6-4	TRBJ2-3	1
CASSDWGNEKLFF	TRBV7-9	TRBJ1-4	1
CASSDWTGVGGYTF	TRBV6-1	TRBJ1-2	1
CASSDYGLAGEQFF	TRBV6-4	TRBJ2-1	1
CASSEAGAFGYTF	TRBV25-1	TRBJ1-2	1
CASSEAGIGNTEAFF	TRBV2	TRBJ1-1	1
CASSEAPDGNQPQHF	TRBV6-1	TRBJ1-5	1
CASSEAPGESNSPLHF	TRBV6-1	TRBJ1-6	1
CASSEAPGRRTGELFF	TRBV6-1	TRBJ2-2	1
CASSEASGGANIQYF	TRBV6-6	TRBJ2-4	1
CASSEASGGFYNEQFF	TRBV2	TRBJ2-1	2
CASSEASNAYEQYF	TRBV2	TRBJ2-7	1
CASSEAVLAGGPGDF	TRBV2	TRBJ2-5	1
CASSEDFSGNTIYF	TRBV2	TRBJ1-3	1
CASSEDPWGSYNEQFF	TRBV2	TRBJ2-1	1
CASSEEGPPWEQYF	TRBV7-2	TRBJ2-7	1
CASSEEIGDFPGELFF	TRBV6-1	TRBJ2-2	1
CASSEFEGWVSGANVLTF	TRBV6-1	TRBJ2-6	1
CASSEGDRVTEAFF	TRBV9	TRBJ1-1	109
CASSEGDTDTQYF	TRBV6-4	TRBJ2-3	1
CASSEGDTQYF	TRBV2	TRBJ2-3	1
CASSEGGEQYF	TRBV6-6	TRBJ2-7	1
CASSEGGGALSTDTQYF	TRBV9	TRBJ2-3	1
CASSEGGGLPSYEQYF	TRBV6-1	TRBJ2-7	1
CASSEGGQGDLWNSPLHF	TRBV2	TRBJ1-6	1
CASSEGGVGAGELFF	TRBV6-1	TRBJ2-2	1
CASSEGLAGVYTDTQYF	TRBV6-6	TRBJ2-3	1
CASSEGQGNYGYTF	TRBV9	TRBJ1-2	1
CASSEGQTGNTIYF	TRBV2	TRBJ1-3	1
CASSEGSSYEQYF	TRBV2	TRBJ2-7	1
CASSEGTDPQETQYF	TRBV6-1	TRBJ2-5	4
CASSEGTVNEKLFF	TRBV10-1	TRBJ1-4	1
CASSEGVGLQGWNTEAFF	TRBV2	TRBJ1-1	1
CASSEGWGYTF	TRBV2	TRBJ1-2	1
CASSEGWHSYEQYF	TRBV6-1	TRBJ2-7	1
CASSEGWQGANTQYF	TRBV2	TRBJ2-3	1
CASSEIGQGGTDTQYF	TRBV2	TRBJ2-3	1
CASSEKGGRETQYF	TRBV2	TRBJ2-5	1
CASSELAGAQDTQYF	TRBV6-1	TRBJ2-3	2
CASSELNGMDTQYF	TRBV25-1	TRBJ2-3	1
CASSEMGQETYEQYF	TRBV9	TRBJ2-7	1
CASSEMGVGAFF	TRBV2	TRBJ1-1	1
CASSEMTGVDEQFF	TRBV2	TRBJ2-1	2
CASSENRDVTGELFF	TRBV6-4	TRBJ2-2	2
CASSEPPQGRNTEAFF	TRBV2	TRBJ1-1	2
CASSEQGNYGYTF	TRBV14	TRBJ1-2	1
CASSERDPYEQYF	TRBV10-2	TRBJ2-7	1
CASSERDRGYEQYF	TRBV27	TRBJ2-7	1
CASSERGGLASNEQFF	TRBV2	TRBJ2-1	2
CASSERLAGPYEQYF	TRBV6-1	TRBJ2-7	1
CASSERYEETQYF	TRBV10-2	TRBJ2-5	1
CASSESADNSPLHF	TRBV2	TRBJ1-6	1
CASSESKGYTF	TRBV25-1	TRBJ1-2	1
CASSESPVNQPQHF	TRBV25-1	TRBJ1-5	3
CASSESTLSLTEAFF	TRBV2	TRBJ1-1	1
CASSESVLGLNTEAFF	TRBV2	TRBJ1-1	1
CASSETIAENTEAFF	TRBV6-1	TRBJ1-1	1
CASSETSGGTETQYF	TRBV6-4	TRBJ2-5	1
CASSETSQGLLTGELFF	TRBV10-1	TRBJ2-2	1
CASSETVIGTALEAFF	TRBV25-1	TRBJ1-1	1
CASSEVGYNEQFF	TRBV2	TRBJ2-1	1
CASSEVYENSNGYTF	TRBV2	TRBJ1-2	7
CASSEWGQGRIDTQYF	TRBV6-1	TRBJ2-3	21
CASSEWGTADTQYF	TRBV25-1	TRBJ2-3	1
CASSEWRERTKNIQYF	TRBV7-8	TRBJ2-4	1
CASSEYGGGVAGELFF	TRBV2	TRBJ2-2	1
CASSEYVTQGANFSGANVLTF	TRBV9	TRBJ2-6	1
CASSFAGSYEQYF	TRBV27	TRBJ2-7	1
CASSFAPGNTIYF	TRBV27	TRBJ1-3	1
CASSFARRVNTEAFF	TRBV5-6	TRBJ1-1	1
CASSFAVAGGPYEQYF	TRBV7-9	TRBJ2-7	1
CASSFAVSTDTQYF	TRBV7-9	TRBJ2-3	4
CASSFDSSYEQYF	TRBV5-5	TRBJ2-7	1
CASSFEEETEAFF	TRBV7-2	TRBJ1-1	1
CASSFETGGRTQYF	TRBV28	TRBJ2-5	1
CASSFFPEKLFF	TRBV7-6	TRBJ1-4	1
CASSFFRIIGRGGYEQYF	TRBV5-4	TRBJ2-7	1
CASSFFVGRKNTGELFF	TRBV7-6	TRBJ2-2	1
CASSFGAAPYNEQFF	TRBV12-4	TRBJ2-1	1
CASSFGAGGPEQYF	TRBV13	TRBJ2-7	1
CASSFGESDTEAFF	TRBV12-4	TRBJ1-1	1
CASSFGFGQPQHF	TRBV6-3	TRBJ1-5	1
CASSFGGAETQYF	TRBV28	TRBJ2-5	1
CASSFGGERGQRYTF	TRBV7-9	TRBJ1-2	1
CASSFGGGAYNEQFF	TRBV12-4	TRBJ2-1	1
CASSFGGGTGELFF	TRBV27	TRBJ2-2	1
CASSFGGGYGYTF	TRBV7-9	TRBJ1-2	1
CASSFGGLDEQFF	TRBV7-2	TRBJ2-1	1
CASSFGGPLQETQYF	TRBV12-4	TRBJ2-5	1
CASSFGGPRGPLHF	TRBV28	TRBJ1-6	1
CASSFGGRALPSSYNEQFF	TRBV7-6	TRBJ2-1	1
CASSFGGRGLGFSGNTIYF	TRBV27	TRBJ1-3	1
CASSFGGRNTEAFF	TRBV27	TRBJ1-1	1
CASSFGGRRTEAFF	TRBV5-6	TRBJ1-1	1
CASSFGGSGRLYNEQFF	TRBV12-4	TRBJ2-1	1
CASSFGGYEQYF	TRBV27	TRBJ2-7	1
CASSFGHYNEQFF	TRBV27	TRBJ2-1	1
CASSFGLASPFEQFF	TRBV12-3	TRBJ2-1	1
CASSFGLGGAYNEQFF	TRBV27	TRBJ2-1	1
CASSFGPGSNTEAFF	TRBV13	TRBJ1-1	1
CASSFGPPLGRDRGYQETQYF	TRBV11-2	TRBJ2-5	1
CASSFGPRYEQYF	TRBV27	TRBJ2-7	1
CASSFGQGAEKLFF	TRBV27	TRBJ1-4	42
CASSFGQGANTEAFF	TRBV5-1	TRBJ1-1	4
CASSFGQGGEKLFF	TRBV27	TRBJ1-4	1
CASSFGQGTGTEAFF	TRBV5-1	TRBJ1-1	1
CASSFGQLHIEYF	TRBV27	TRBJ2-7	1
CASSFGQNTEAFF	TRBV11-2	TRBJ1-1	1
CASSFGQPQHF	TRBV28	TRBJ1-5	1
CASSFGRDYGYTF	TRBV27	TRBJ1-2	1
CASSFGSGLAGGNFYNEQFF	TRBV12-4	TRBJ2-1	1
CASSFGSHEQYF	TRBV6-3	TRBJ2-7	1
CASSFGSYGYTF	TRBV19	TRBJ1-2	1
CASSFGTAYNEQFF	TRBV12-3	TRBJ2-1	1
CASSFGTDTQYF	TRBV28	TRBJ2-3	1
CASSFGTDTQYF	TRBV7-3	TRBJ2-3	1
CASSFGTGAGGELFF	TRBV4-3	TRBJ2-2	1
CASSFGTGGYEQYF	TRBV11-2	TRBJ2-7	3
CASSFGTGGYEQYF	TRBV12-4	TRBJ2-7	1
CASSFGTPTTGELFF	TRBV5-4	TRBJ2-2	1
CASSFGTSPGANVLTF	TRBV18	TRBJ2-6	1
CASSFGTTDNEQFF	TRBV5-1	TRBJ2-1	1
CASSFGVGTESYEQYF	TRBV6-3	TRBJ2-7	6
CASSFGVSGRDEQFF	TRBV7-3	TRBJ2-1	1
CASSFHRRPFDGYNEQFF	TRBV7-9	TRBJ2-1	1
CASSFIPAELRYEQYF	TRBV5-1	TRBJ2-7	1
CASSFIQGAPSGNTIYF	TRBV7-9	TRBJ1-3	1
CASSFKGPGAKNIQYF	TRBV5-1	TRBJ2-4	1
CASSFKHVGRDAKIYGYTF	TRBV7-9	TRBJ1-2	1
CASSFKQSNTHEQYF	TRBV5-1	TRBJ2-7	1
CASSFKSSGNTIYF	TRBV27	TRBJ1-3	1
CASSFLAGGFNEQFF	TRBV7-3	TRBJ2-1	1
CASSFLAGGNYEQYF	TRBV13	TRBJ2-7	1
CASSFLAGGPYNEQFF	TRBV28	TRBJ2-1	1
CASSFLAGGYGDTQYF	TRBV27	TRBJ2-3	16
CASSFLAGGYNEQFF	TRBV7-8	TRBJ2-1	13
CASSFLDRGPNTEAFF	TRBV12-3	TRBJ1-1	2
CASSFLDRGPNTEAFF	TRBV12-4	TRBJ1-1	1
CASSFLERGAHNEQFF	TRBV7-8	TRBJ2-1	1
CASSFLFHTEAFF	TRBV7-9	TRBJ1-1	1
CASSFLGDRDEQYF	TRBV7-9	TRBJ2-7	1
CASSFLGLDGSPLHF	TRBV12-4	TRBJ1-6	1
CASSFLPRAYNEQFF	TRBV28	TRBJ2-1	1
CASSFLTGNTEAFF	TRBV7-6	TRBJ1-1	1
CASSFMSTDTQYF	TRBV27	TRBJ2-3	1
CASSFNFREHTDTQYF	TRBV4-2	TRBJ2-3	1
CASSFPGLYNEQFF	TRBV5-8	TRBJ2-1	1
CASSFPGTPTREDTQYF	TRBV5-1	TRBJ2-3	1
CASSFPGTSGIDEQFF	TRBV28	TRBJ2-1	1
CASSFPLGGGWADTQYF	TRBV7-2	TRBJ2-3	1
CASSFPLLPTSGGPYEQYF	TRBV28	TRBJ2-7	1
CASSFPNPSPSHRTGETQYF	TRBV28	TRBJ2-5	1
CASSFPPQLGAYEQYF	TRBV7-2	TRBJ2-7	1
CASSFPQFVTGLPEAFF	TRBV28	TRBJ1-1	1
CASSFPRREVNTEAFF	TRBV11-2	TRBJ1-1	1
CASSFPRTKNTEAFF	TRBV11-2	TRBJ1-1	1
CASSFPSTTLYF	TRBV12-3	TRBJ2-5	1
CASSFPTSGRGLAETQYF	TRBV7-9	TRBJ2-5	1
CASSFQGEAGLNEQFF	TRBV7-2	TRBJ2-1	1
CASSFQGGYEQYF	TRBV27	TRBJ2-7	1
CASSFQGLGYEQYF	TRBV28	TRBJ2-7	1
CASSFQGWELFF	TRBV5-4	TRBJ2-2	2
CASSFQPDERGDETQYF	TRBV11-2	TRBJ2-5	1
CASSFQTSTTLEQYF	TRBV6-5	TRBJ2-7	1
CASSFRAPFDSPLHF	TRBV5-6	TRBJ1-6	1
CASSFRGTGGPNYGYTF	TRBV11-2	TRBJ1-2	1
CASSFRLAGTGELFF	TRBV5-6	TRBJ2-2	1
CASSFRLARIYEQYF	TRBV18	TRBJ2-7	1
CASSFRLTNTGELFF	TRBV5-1	TRBJ2-2	1
CASSFRPGGHEQYF	TRBV6-5	TRBJ2-7	1
CASSFRRDGGYGYTF	TRBV5-6	TRBJ1-2	1
CASSFRSGDGYTF	TRBV7-9	TRBJ1-2	1
CASSFRSSETQYF	TRBV19	TRBJ2-5	2
CASSFRSSYEQYF	TRBV19	TRBJ2-7	10
CASSFRYSLYEKLFF	TRBV5-1	TRBJ1-4	1
CASSFSGANPYNEQFF	TRBV5-1	TRBJ2-1	1
CASSFSGANVLTF	TRBV27	TRBJ2-6	2
CASSFSGGAEGDTQYF	TRBV5-1	TRBJ2-3	1
CASSFSGNTGELFF	TRBV12-3	TRBJ2-2	41
CASSFSGNTGELFF	TRBV12-4	TRBJ2-2	5
CASSFSGNTGELFF	TRBV12-5	TRBJ2-2	1
CASSFSGSTQETQYF	TRBV11-2	TRBJ2-5	1
CASSFSLEFTGELFF	TRBV19	TRBJ2-2	1
CASSFSLSGGYTF	TRBV28	TRBJ1-2	1
CASSFSRNTEAFF	TRBV12-4	TRBJ1-1	1
CASSFSRNYEQYF	TRBV27	TRBJ2-7	1
CASSFSTLTGAVLNTEAFF	TRBV7-9	TRBJ1-1	1
CASSFSYQGPYMFF	TRBV7-9	TRBJ2-1	1
CASSFTAGSANTGELFF	TRBV5-1	TRBJ2-2	1
CASSFTGAGNEQFF	TRBV27	TRBJ2-1	1
CASSFTLAAYSNQPQHF	TRBV7-8	TRBJ1-5	1
CASSFTTANTEAFF	TRBV7-2	TRBJ1-1	1
CASSFTYRDTQYF	TRBV28	TRBJ2-3	1
CASSFVDRAETQYF	TRBV7-9	TRBJ2-5	1
CASSFVGGGTGAGELFF	TRBV7-2	TRBJ2-2	1
CASSFVHPNQPQHF	TRBV28	TRBJ1-5	1
CASSFVVQETQYF	TRBV12-4	TRBJ2-5	1
CASSFWDRGNTGELFF	TRBV7-3	TRBJ2-2	1
CASSFWGRTGELFF	TRBV5-6	TRBJ2-2	1
CASSFWPGPNQPQHF	TRBV11-2	TRBJ1-5	1
CASSFYPGQDYGYTF	TRBV7-3	TRBJ1-2	1
CASSFYVGGPYEQYF	TRBV27	TRBJ2-7	1
CASSGAGAEAFF	TRBV2	TRBJ1-1	1
CASSGAGQENNSPLHF	TRBV9	TRBJ1-6	1
CASSGAVPTYEQYF	TRBV7-8	TRBJ2-7	1
CASSGDGWSKNEQYF	TRBV27	TRBJ2-7	1
CASSGDKGEGYTF	TRBV5-4	TRBJ1-2	1
CASSGEQSSYNEQFF	TRBV2	TRBJ2-1	1
CASSGGANSGNTIYF	TRBV2	TRBJ1-3	1
CASSGGDREWGEQYF	TRBV6-1	TRBJ2-7	1
CASSGGITGEETQYF	TRBV5-5	TRBJ2-5	1
CASSGGLAGAPYEQYF	TRBV12-3	TRBJ2-7	1
CASSGGLAPPYEQYF	TRBV7-9	TRBJ2-7	1
CASSGGPRLAGNEQFF	TRBV7-9	TRBJ2-1	1
CASSGGQGSHEQYF	TRBV12-4	TRBJ2-7	1
CASSGGRGPDEQYF	TRBV9	TRBJ2-7	1
CASSGGTGGTEAFF	TRBV9	TRBJ1-1	1
CASSGGTGGTSGSLREQFF	TRBV13	TRBJ2-1	1
CASSGGTSGYNEQFF	TRBV5-6	TRBJ2-1	1
CASSGGVVTPETQYF	TRBV19	TRBJ2-5	1
CASSGIWDFTDTQYF	TRBV5-5	TRBJ2-3	1
CASSGLAGLFVTLGDTQYF	TRBV6-1	TRBJ2-3	1
CASSGLAGLNEQFF	TRBV19	TRBJ2-1	17
CASSGLAGVTDTQYF	TRBV28	TRBJ2-3	1
CASSGLASTGELFF	TRBV28	TRBJ2-2	1
CASSGLNEQFF	TRBV6-5	TRBJ2-1	1
CASSGMGSGSSEQYF	TRBV7-2	TRBJ2-7	1
CASSGNTQYF	TRBV2	TRBJ2-3	1
CASSGPDGPPYEQYF	TRBV9	TRBJ2-7	1
CASSGPGGVDEQYF	TRBV5-5	TRBJ2-7	3
CASSGPGQLSTDTEAFF	TRBV9	TRBJ1-1	1
CASSGQNGGNEQFF	TRBV9	TRBJ2-1	1
CASSGRAGTGVQFF	TRBV27	TRBJ2-1	1
CASSGRHVDTKDTQYF	TRBV14	TRBJ2-3	13
CASSGRQGEETQYF	TRBV6-4	TRBJ2-5	1
CASSGRQGREQYF	TRBV7-9	TRBJ2-7	1
CASSGRSGETQYF	TRBV19	TRBJ2-5	7
CASSGRSGYEQYF	TRBV19	TRBJ2-7	1
CASSGRSQETQYF	TRBV19	TRBJ2-5	1
CASSGRSSQPQHF	TRBV19	TRBJ1-5	1
CASSGRSTDTQYF	TRBV19	TRBJ2-3	6
CASSGRSTGELFF	TRBV19	TRBJ2-2	28
CASSGSREQFF	TRBV13	TRBJ2-1	1
CASSGSSGTSKNIQYF	TRBV9	TRBJ2-4	1
CASSGTAFWGYTF	TRBV2	TRBJ1-2	1
CASSGTGANYGYTF	TRBV5-6	TRBJ1-2	4
CASSGTGLDEQYF	TRBV7-2	TRBJ2-7	1
CASSGTGRYEKLFF	TRBV5-1	TRBJ1-4	1
CASSGTGYNYGYTF	TRBV2	TRBJ1-2	1
CASSGTQPGLGGEQFF	TRBV6-4	TRBJ2-1	1
CASSGTSDPADTQYF	TRBV6-6	TRBJ2-3	1
CASSGTSVHEQYF	TRBV19	TRBJ2-7	2
CASSGVGRQTYEQYF	TRBV6-1	TRBJ2-7	3
CASSGWVYNEQFF	TRBV7-2	TRBJ2-1	1
CASSGYWGLGYGYTF	TRBV4-3	TRBJ1-2	1
CASSHAKKTGGYLYGYTF	TRBV4-3	TRBJ1-2	1
CASSHDDLRGEYNEQFF	TRBV7-9	TRBJ2-1	1
CASSHFGLGQPQHF	TRBV3-1	TRBJ1-5	1
CASSHGLAGVEQYF	TRBV6-3	TRBJ2-7	1
CASSHGQGREQYF	TRBV7-3	TRBJ2-7	1
CASSHGQGRGNTEAFF	TRBV4-3	TRBJ1-1	1
CASSHGSGSPYGYTF	TRBV11-2	TRBJ1-2	28
CASSHGTRTYEQYF	TRBV4-1	TRBJ2-7	1
CASSHGWVWYGYTF	TRBV4-2	TRBJ1-2	1
CASSHHGPKERDMADTQYF	TRBV4-2	TRBJ2-3	1
CASSHIGQGYTF	TRBV9	TRBJ1-2	1
CASSHIRESYEQYF	TRBV7-6	TRBJ2-7	1
CASSHLDRGRTEAFF	TRBV3-1	TRBJ1-1	1
CASSHLGGDRYMNEQFF	TRBV3-1	TRBJ2-1	5
CASSHLGQILIYGYTF	TRBV6-3	TRBJ1-2	1
CASSHLLGQGYEQYF	TRBV4-3	TRBJ2-7	1
CASSHLLSTVDYEQYF	TRBV19	TRBJ2-7	1
CASSHLNGYIQYF	TRBV7-6	TRBJ2-4	2
CASSHLPDDSTYGYTF	TRBV4-3	TRBJ1-2	1
CASSHLRFTQYF	TRBV4-1	TRBJ2-3	1
CASSHLRGEAFF	TRBV13	TRBJ1-1	1
CASSHLTDREQFF	TRBV12-4	TRBJ2-1	1
CASSHNQGVVVETQYF	TRBV4-3	TRBJ2-5	1
CASSHNSEYTEAFF	TRBV18	TRBJ1-1	1
CASSHPPRLAGGYQETQYF	TRBV4-1	TRBJ2-5	1
CASSHPQGVTSRSGNTIYF	TRBV9	TRBJ1-3	1
CASSHPSWGPEAFF	TRBV4-1	TRBJ1-1	1
CASSHPTGLVPWNYGYTF	TRBV4-1	TRBJ1-2	1
CASSHRAGALHF	TRBV5-6	TRBJ1-6	2
CASSHRSSYEQYF	TRBV19	TRBJ2-7	1
CASSHRSTDTQYF	TRBV19	TRBJ2-3	2
CASSHRTRFRSTDTQYF	TRBV5-1	TRBJ2-3	1
CASSHSGGTDTQYF	TRBV12-4	TRBJ2-3	1
CASSHSLGSGAHNEQFF	TRBV4-3	TRBJ2-1	1
CASSHSSGGVADTQYF	TRBV7-9	TRBJ2-3	1
CASSHTGLGQPQHF	TRBV14	TRBJ1-5	1
CASSHWDPNYGYTF	TRBV4-1	TRBJ1-2	1
CASSHYGDDIGELFF	TRBV7-8	TRBJ2-2	1
CASSHYRGLNEKLFF	TRBV4-3	TRBJ1-4	1
CASSIAPWHRNNQPQHF	TRBV19	TRBJ1-5	1
CASSIASLLAGGTDTQYF	TRBV27	TRBJ2-3	1
CASSIDDGTLINQPQHF	TRBV19	TRBJ1-5	1
CASSIDPGIGVGYNEQFF	TRBV19	TRBJ2-1	1
CASSIDRTNQETQYF	TRBV19	TRBJ2-5	1
CASSIDSGTSSPQHF	TRBV19	TRBJ1-5	1
CASSIDWHPWRAKGNYEQYF	TRBV19	TRBJ2-7	1
CASSIDWRDRGEKIETQYF	TRBV19	TRBJ2-5	8
CASSIEALHYGYTF	TRBV19	TRBJ1-2	1
CASSIEGGTTEAFF	TRBV19	TRBJ1-1	1
CASSIFGGSSYNEQFF	TRBV19	TRBJ2-1	1
CASSIFGNTGELFF	TRBV19	TRBJ2-2	1
CASSIFGQGNYGYTF	TRBV7-9	TRBJ1-2	1
CASSIFGQILQETQYF	TRBV12-4	TRBJ2-5	1
CASSIFHKGSTDTQYF	TRBV19	TRBJ2-3	1
CASSIFRGIGSPLHF	TRBV28	TRBJ1-6	1
CASSIFYSSTDTQYF	TRBV19	TRBJ2-3	1
CASSIGAGAQETQYF	TRBV19	TRBJ2-5	1
CASSIGAYGYTF	TRBV19	TRBJ1-2	16
CASSIGAYRYTF	TRBV19	TRBJ1-2	1
CASSIGDFYTDTQYF	TRBV19	TRBJ2-3	1
CASSIGIYGYTF	TRBV19	TRBJ1-2	4
CASSIGLGEQYF	TRBV19	TRBJ2-7	1
CASSIGLLTDTQYF	TRBV27	TRBJ2-3	1
CASSIGLYGYTF	TRBV19	TRBJ1-2	21
CASSIGQGETQYF	TRBV5-1	TRBJ2-5	1
CASSIGQKATYEQYF	TRBV19	TRBJ2-7	1
CASSIGSGEAFF	TRBV19	TRBJ1-1	1
CASSIGSIQPQHF	TRBV19	TRBJ1-5	1
CASSIGSYGYTF	TRBV19	TRBJ1-2	84
CASSIGTDTQYF	TRBV19	TRBJ2-3	1
CASSIGVHGYTF	TRBV19	TRBJ1-2	3
CASSIGVYGYTF	TRBV19	TRBJ1-2	44
CASSIGYYGYTF	TRBV19	TRBJ1-2	13
CASSIHKNQPQHF	TRBV19	TRBJ1-5	2
CASSIHSNQPQHF	TRBV19	TRBJ1-5	1
CASSIHTANQPQHF	TRBV19	TRBJ1-5	3
CASSIIDRSGTEAFF	TRBV9	TRBJ1-1	1
CASSILAGGKLWADTQYF	TRBV7-2	TRBJ2-3	1
CASSILGVSTDTQYF	TRBV19	TRBJ2-3	1
CASSILSTGELFF	TRBV19	TRBJ2-2	1
CASSIMALGRSEAFF	TRBV19	TRBJ1-1	1
CASSINRDGDEQFF	TRBV19	TRBJ2-1	1
CASSINSNQPQHF	TRBV19	TRBJ1-5	1
CASSIPGRFQETQYF	TRBV19	TRBJ2-5	1
CASSIPRQGRHTEAFF	TRBV19	TRBJ1-1	1
CASSIQSEREKLFF	TRBV19	TRBJ1-4	1
CASSIQSGTASEQFF	TRBV9	TRBJ2-1	1
CASSIRAAGELFF	TRBV19	TRBJ2-2	1
CASSIRAASYNEQFF	TRBV19	TRBJ2-1	1
CASSIRAATEAFF	TRBV19	TRBJ1-1	1
CASSIRAAYEQYF	TRBV19	TRBJ2-7	3
CASSIRAGDNTEAFF	TRBV19	TRBJ1-1	1
CASSIRAGETQYF	TRBV19	TRBJ2-5	13
CASSIRAGYTEAFF	TRBV19	TRBJ1-1	1
CASSIRASETQYF	TRBV19	TRBJ2-5	1
CASSIRASYEQYF	TRBV19	TRBJ2-7	84
CASSIRDRAFGEQYF	TRBV11-1	TRBJ2-7	1
CASSIRDSYNSPLHF	TRBV19	TRBJ1-6	1
CASSIRESTDTQYF	TRBV19	TRBJ2-3	1
CASSIRGAYEQYF	TRBV19	TRBJ2-7	7
CASSIRRDVYYEQYF	TRBV19	TRBJ2-7	1
CASSIRSADTQYF	TRBV19	TRBJ2-3	1
CASSIRSAWEQFF	TRBV19	TRBJ2-1	6
CASSIRSAYEQYF	TRBV19	TRBJ2-7	172
CASSIRSAYTQYF	TRBV19	TRBJ2-3	1
CASSIRSDDIQYF	TRBV19	TRBJ2-4	1
CASSIRSDEKLFF	TRBV19	TRBJ1-4	6
CASSIRSGDTQYF	TRBV19	TRBJ2-3	2
CASSIRSGESRAFF	TRBV19	TRBJ1-1	25
CASSIRSGETQYF	TRBV19	TRBJ2-5	3
CASSIRSGNEQYF	TRBV19	TRBJ2-7	4
CASSIRSGTEAFF	TRBV19	TRBJ1-1	16
CASSIRSGYEQFF	TRBV19	TRBJ2-1	15
CASSIRSGYEQYF	TRBV19	TRBJ2-7	4
CASSIRSLDTQYF	TRBV19	TRBJ2-3	1
CASSIRSNQPQHF	TRBV19	TRBJ1-5	2
CASSIRSNTEAFF	TRBV19	TRBJ1-1	1
CASSIRSNYEQYF	TRBV19	TRBJ2-7	1
CASSIRSQDTQYF	TRBV19	TRBJ2-3	2
CASSIRSQETQYF	TRBV19	TRBJ2-5	47
CASSIRSSETQYF	TRBV19	TRBJ2-5	3
CASSIRSSNEQFF	TRBV19	TRBJ2-1	1
CASSIRSSYEQFF	TRBV19	TRBJ2-1	4
CASSIRSSYEQYF	TRBV19	TRBJ2-7	795
CASSIRSTDTQYF	TRBV19	TRBJ2-3	8
CASSIRSTETQYF	TRBV19	TRBJ2-5	1
CASSIRSTGELFF	TRBV19	TRBJ2-2	11
CASSIRSTYEQYF	TRBV19	TRBJ2-7	4
CASSIRSVHEQFF	TRBV19	TRBJ2-1	1
CASSISEYNEQFF	TRBV6-3	TRBJ2-1	1
CASSISGSSYNEQFF	TRBV19	TRBJ2-1	1
CASSISGTSAYYEQYF	TRBV19	TRBJ2-7	1
CASSISLAAEQFF	TRBV19	TRBJ2-1	67
CASSISPNQPQHF	TRBV19	TRBJ1-5	1
CASSISRVYNEQFF	TRBV4-1	TRBJ2-1	1
CASSISSTGELFF	TRBV19	TRBJ2-2	2
CASSITEGEDSVSTDTQYF	TRBV6-1	TRBJ2-3	1
CASSITGEQETQYF	TRBV5-8	TRBJ2-5	1
CASSITGTSNYGYTF	TRBV19	TRBJ1-2	1
CASSITGWGGTEAFF	TRBV6-6	TRBJ1-1	1
CASSITLADGYTF	TRBV19	TRBJ1-2	1
CASSIVGGGEAFF	TRBV19	TRBJ1-1	1
CASSIVQGSNQPQHF	TRBV19	TRBJ1-5	1
CASSIVSTDTQYF	TRBV19	TRBJ2-3	2
CASSIVWDRASLGTDTQYF	TRBV19	TRBJ2-3	1
CASSIWLAGTIYEQYF	TRBV19	TRBJ2-7	1
CASSIYGGAGDGYTF	TRBV19	TRBJ1-2	79
CASSIYGGAGNEQFF	TRBV19	TRBJ2-1	1
CASSIYHLAGLYETQYF	TRBV19	TRBJ2-5	1
CASSIYSGGYNEQFF	TRBV19	TRBJ2-1	1
CASSIYSNQPQHF	TRBV19	TRBJ1-5	4
CASSKARSLGNRGNEQFF	TRBV21-1	TRBJ2-1	3
CASSKDSAYEQYF	TRBV5-4	TRBJ2-7	1
CASSKEPSGSRTYFLYYEQYF	TRBV21-1	TRBJ2-7	1
CASSKGTSGSSLGNEQFF	TRBV21-1	TRBJ2-1	3
CASSKKATDTQYF	TRBV7-9	TRBJ2-3	1
CASSKLAGGLKNEQFF	TRBV4-1	TRBJ2-1	1
CASSKNRENTEAFF	TRBV27	TRBJ1-1	1
CASSKQGALTEAFF	TRBV6-5	TRBJ1-1	1
CASSKQGATEAFF	TRBV6-3	TRBJ1-1	1
CASSKRGVRWAQYF	TRBV6-5	TRBJ2-5	1
CASSKRSTGELFF	TRBV19	TRBJ2-2	1
CASSKTGHPGYTF	TRBV27	TRBJ1-2	1
CASSKTGTSSYNEQFF	TRBV6-3	TRBJ2-1	1
CASSKTTEFTQEETQYF	TRBV7-9	TRBJ2-5	1
CASSKYSGFGSYEQYF	TRBV7-6	TRBJ2-7	1
CASSLAAANTEAFF	TRBV28	TRBJ1-1	1
CASSLAAGKETQYF	TRBV5-6	TRBJ2-5	1
CASSLAAGMGGYTF	TRBV7-9	TRBJ1-2	1
CASSLAASYEQYF	TRBV12-3	TRBJ2-7	1
CASSLADGGFSYEQYF	TRBV7-9	TRBJ2-7	1
CASSLADGNQPQHF	TRBV7-9	TRBJ1-5	1
CASSLAGAGTEAFF	TRBV7-3	TRBJ1-1	1
CASSLAGDKSLTDTQYF	TRBV7-2	TRBJ2-3	1
CASSLAGDSYEQYF	TRBV7-2	TRBJ2-7	1
CASSLAGDSYEQYF	TRBV7-9	TRBJ2-7	1
CASSLAGDTEAFF	TRBV5-8	TRBJ1-1	1
CASSLAGFPDGYTF	TRBV13	TRBJ1-2	1
CASSLAGGGLPEETQYF	TRBV5-6	TRBJ2-5	1
CASSLAGGNTIYF	TRBV7-8	TRBJ1-3	2
CASSLAGGYTEAFF	TRBV5-4	TRBJ1-1	1
CASSLAGGYVAYEQYF	TRBV7-9	TRBJ2-7	1
CASSLAGKGAQHF	TRBV27	TRBJ1-5	1
CASSLAGLAGETQYF	TRBV5-6	TRBJ2-5	1
CASSLAGLAGGELFF	TRBV7-8	TRBJ2-2	1
CASSLAGLAVNTGELFF	TRBV5-1	TRBJ2-2	1
CASSLAGMGAVNYGYTF	TRBV27	TRBJ1-2	1
CASSLAGPAADRPYNEQFF	TRBV11-2	TRBJ2-1	1
CASSLAGPGAGGEQFF	TRBV7-8	TRBJ2-1	1
CASSLAGRTANQPQHF	TRBV7-2	TRBJ1-5	1
CASSLAGSSGNEQFF	TRBV18	TRBJ2-1	1
CASSLAGTGELFF	TRBV5-6	TRBJ2-2	1
CASSLAGTGELFF	TRBV7-2	TRBJ2-2	1
CASSLAGTGYEQYF	TRBV27	TRBJ2-7	1
CASSLAGTSGRDEQFF	TRBV4-1	TRBJ2-1	1
CASSLAGTSGYEQYF	TRBV7-6	TRBJ2-7	1
CASSLAGWKLFF	TRBV12-3	TRBJ1-4	1
CASSLAGWSYNSPLHF	TRBV11-2	TRBJ1-6	1
CASSLALAPRSYNEQFF	TRBV5-6	TRBJ2-1	1
CASSLALGTGRYSSYEQYF	TRBV12-4	TRBJ2-7	1
CASSLAMREGAYNEQFF	TRBV7-6	TRBJ2-1	1
CASSLAPEAGYEQYF	TRBV5-5	TRBJ2-7	1
CASSLAPGASGRSYNEQFF	TRBV11-2	TRBJ2-1	1
CASSLAPGIHYGYTF	TRBV12-3	TRBJ1-2	1
CASSLAPGQGPIKETQYF	TRBV7-9	TRBJ2-5	1
CASSLAPSGEQFF	TRBV5-1	TRBJ2-1	1
CASSLAPSGVDEQFF	TRBV12-4	TRBJ2-1	1
CASSLAPYEQYF	TRBV11-2	TRBJ2-7	1
CASSLAPYEQYF	TRBV7-8	TRBJ2-7	1
CASSLAPYEQYF	TRBV7-9	TRBJ2-7	1
CASSLAQGLAKNIQYF	TRBV5-6	TRBJ2-4	2
CASSLARAGGFNTQYF	TRBV5-6	TRBJ2-3	1
CASSLARGLNTEAFF	TRBV12-3	TRBJ1-1	1
CASSLARGMPYEQYF	TRBV7-9	TRBJ2-7	1
CASSLARGTGGSQPQHF	TRBV7-8	TRBJ1-5	1
CASSLARRDWRGNQPQHF	TRBV28	TRBJ1-5	1
CASSLASGATYQETQYF	TRBV13	TRBJ2-5	1
CASSLASYGYTF	TRBV5-5	TRBJ1-2	1
CASSLATSGWWDTQYF	TRBV5-5	TRBJ2-3	1
CASSLATSPLMNTEAFF	TRBV7-9	TRBJ1-1	1
CASSLAVGLADGYTF	TRBV7-2	TRBJ1-2	1
CASSLAWGGTDTQYF	TRBV5-4	TRBJ2-3	1
CASSLAWGQPQHF	TRBV28	TRBJ1-5	1
CASSLAYEGDGNTIYF	TRBV5-1	TRBJ1-3	1
CASSLAYGYTF	TRBV7-9	TRBJ1-2	1
CASSLCCSPNTGELFF	TRBV7-9	TRBJ2-2	1
CASSLCPLPTVCYEKLFF	TRBV28	TRBJ1-4	1
CASSLDAYNEQFF	TRBV5-1	TRBJ2-1	1
CASSLDGEGYGAFTDTQYF	TRBV11-2	TRBJ2-3	1
CASSLDGLVTGNTIYF	TRBV5-1	TRBJ1-3	1
CASSLDGQGSDTQYF	TRBV7-2	TRBJ2-3	1
CASSLDGSNQPQHF	TRBV5-1	TRBJ1-5	1
CASSLDGSNQPQHF	TRBV7-9	TRBJ1-5	1
CASSLDGSVETQYF	TRBV5-1	TRBJ2-5	1
CASSLDGTGTRNTEAFF	TRBV11-2	TRBJ1-1	1
CASSLDGTGVGANVLTF	TRBV5-4	TRBJ2-6	1
CASSLDGWLSTEAFF	TRBV7-9	TRBJ1-1	1
CASSLDIWTWDRSVYNEQFF	TRBV11-2	TRBJ2-1	1
CASSLDLAVDNEQFF	TRBV5-1	TRBJ2-1	1
CASSLDPDRVFREQYF	TRBV5-5	TRBJ2-7	1
CASSLDPGEQYF	TRBV5-6	TRBJ2-7	1
CASSLDPGQGWTNTEAFF	TRBV18	TRBJ1-1	1
CASSLDPVIGYEQYF	TRBV7-8	TRBJ2-7	1
CASSLDQDTFLGVVTGELFF	TRBV7-2	TRBJ2-2	1
CASSLDQRGSRKNIQYF	TRBV12-3	TRBJ2-4	1
CASSLDRDASYNEQFF	TRBV7-9	TRBJ2-1	2
CASSLDRGARGYTF	TRBV7-6	TRBJ1-2	1
CASSLDRTGEYEQYF	TRBV5-6	TRBJ2-7	1
CASSLDRTRETQYF	TRBV7-8	TRBJ2-5	1
CASSLDRTSSPLHF	TRBV27	TRBJ1-6	1
CASSLDRVAADTQYF	TRBV27	TRBJ2-3	1
CASSLDSNSPLHF	TRBV11-2	TRBJ1-6	2
CASSLDSNSPLHF	TRBV27	TRBJ1-6	1
CASSLDSYNEQFF	TRBV27	TRBJ2-1	1
CASSLDTENTDTQYF	TRBV11-2	TRBJ2-3	1
CASSLDTFTEAFF	TRBV7-2	TRBJ1-1	1
CASSLDTLAGGQFF	TRBV11-2	TRBJ2-1	1
CASSLDTSGSPYEQYF	TRBV11-2	TRBJ2-7	1
CASSLDVGRAASYEQYF	TRBV5-1	TRBJ2-7	9
CASSLDYNTGELFF	TRBV27	TRBJ2-2	1
CASSLDYYSNQPQHF	TRBV7-2	TRBJ1-5	5
CASSLEAGYRDTDTQYF	TRBV5-4	TRBJ2-3	1
CASSLEDRESTDTQYF	TRBV18	TRBJ2-3	1
CASSLEFVVGETQYF	TRBV11-2	TRBJ2-5	1
CASSLEGAAGDLYEQYF	TRBV11-2	TRBJ2-7	1
CASSLEGGLLYGYTF	TRBV12-4	TRBJ1-2	1
CASSLEGGNQPQHF	TRBV7-6	TRBJ1-5	1
CASSLEGGTTPFYEQYF	TRBV7-2	TRBJ2-7	1
CASSLEGGVADTQYF	TRBV9	TRBJ2-3	1
CASSLEGLAGGYNEQFF	TRBV5-1	TRBJ2-1	1
CASSLEGPYEQYF	TRBV7-9	TRBJ2-7	1
CASSLEGQETQYF	TRBV5-4	TRBJ2-5	1
CASSLEGQGADGYTF	TRBV7-2	TRBJ1-2	1
CASSLEGQGGSPLHF	TRBV5-1	TRBJ1-6	1
CASSLEGQLFYEQYF	TRBV11-2	TRBJ2-7	1
CASSLEGQLFYEQYF	TRBV7-2	TRBJ2-7	1
CASSLEGQSSYEQYF	TRBV5-5	TRBJ2-7	1
CASSLEGSGNTEAFF	TRBV7-9	TRBJ1-1	1
CASSLEGSHSYNEQFF	TRBV5-1	TRBJ2-1	2
CASSLEGYEQYF	TRBV12-4	TRBJ2-7	1
CASSLEKVSGMPYEQYF	TRBV5-4	TRBJ2-7	1
CASSLELAGESGANVLTF	TRBV5-6	TRBJ2-6	1
CASSLELGGQFPWDSPLHF	TRBV12-4	TRBJ1-6	1
CASSLEMGAGTEAFF	TRBV4-2	TRBJ1-1	1
CASSLEPTANQPQHF	TRBV6-5	TRBJ1-5	1
CASSLEPTFGIGGLVNTEAFF	TRBV12-4	TRBJ1-1	1
CASSLERFYEQYF	TRBV7-9	TRBJ2-7	1
CASSLERGAAGNTIYF	TRBV7-8	TRBJ1-3	1
CASSLERSLISYNEQFF	TRBV5-1	TRBJ2-1	1
CASSLERVSEKLFF	TRBV7-9	TRBJ1-4	1
CASSLESGFLSGYTF	TRBV7-9	TRBJ1-2	1
CASSLETANTEAFF	TRBV5-6	TRBJ1-1	1
CASSLEVVLWTGNTEAFF	TRBV5-1	TRBJ1-1	1
CASSLEWGGETQYF	TRBV5-1	TRBJ2-5	6
CASSLFAGERSPLHF	TRBV5-4	TRBJ1-6	1
CASSLFAGGELFF	TRBV12-4	TRBJ2-2	1
CASSLFASGLAGYEQYF	TRBV5-1	TRBJ2-7	1
CASSLFGGTYEQYF	TRBV27	TRBJ2-7	126
CASSLFGPGSGNTIYF	TRBV12-4	TRBJ1-3	1
CASSLFGRDLGGYTF	TRBV12-3	TRBJ1-2	8
CASSLFHEQYF	TRBV5-6	TRBJ2-7	1
CASSLFLAAQETQYF	TRBV27	TRBJ2-5	1
CASSLFRRLASYNEQFF	TRBV7-2	TRBJ2-1	1
CASSLFSGPPYEQYF	TRBV5-5	TRBJ2-7	1
CASSLFWVFSGTASNQPQHF	TRBV28	TRBJ1-5	1
CASSLGAGKVTDTQYF	TRBV11-3	TRBJ2-3	19
CASSLGAHFLDHGGTDTQYF	TRBV12-4	TRBJ2-3	2
CASSLGARLAGYNEQFF	TRBV7-9	TRBJ2-1	1
CASSLGDFFTQETQYF	TRBV11-2	TRBJ2-5	1
CASSLGDGNYEQYF	TRBV11-2	TRBJ2-7	1
CASSLGDNTEAFF	TRBV7-9	TRBJ1-1	2
CASSLGDRLPYNEQFF	TRBV6-6	TRBJ2-1	1
CASSLGDRNTEAFF	TRBV11-2	TRBJ1-1	1
CASSLGEGNTIYF	TRBV6-5	TRBJ1-3	1
CASSLGEQFF	TRBV7-2	TRBJ2-1	1
CASSLGFGGQETQYF	TRBV5-1	TRBJ2-5	1
CASSLGFGGREAYEQYF	TRBV7-9	TRBJ2-7	1
CASSLGFSPHYEQYF	TRBV12-4	TRBJ2-7	1
CASSLGFTDTQYF	TRBV27	TRBJ2-3	220
CASSLGFYEQYF	TRBV7-8	TRBJ2-7	1
CASSLGGADGYTF	TRBV5-1	TRBJ1-2	1
CASSLGGANQPQHF	TRBV5-6	TRBJ1-5	1
CASSLGGARNTEAFF	TRBV7-2	TRBJ1-1	1
CASSLGGASNYGYTF	TRBV11-2	TRBJ1-2	1
CASSLGGGDYEQYF	TRBV7-6	TRBJ2-7	1
CASSLGGGNNEQFF	TRBV5-4	TRBJ2-1	1
CASSLGGGNTGELFF	TRBV12-4	TRBJ2-2	1
CASSLGGGQETQYF	TRBV5-5	TRBJ2-5	1
CASSLGGGTGELFF	TRBV5-5	TRBJ2-2	1
CASSLGGGVLFF	TRBV12-3	TRBJ1-4	1
CASSLGGKRNQPQHF	TRBV28	TRBJ1-5	1
CASSLGGLAGVGTGELFF	TRBV7-2	TRBJ2-2	1
CASSLGGLGNEQFF	TRBV7-9	TRBJ2-1	1
CASSLGGLGQPQHF	TRBV12-4	TRBJ1-5	1
CASSLGGLGQPQHF	TRBV5-8	TRBJ1-5	1
CASSLGGLYLYNEQFF	TRBV7-2	TRBJ2-1	2
CASSLGGNEQFF	TRBV12-4	TRBJ2-1	1
CASSLGGNEQFF	TRBV7-9	TRBJ2-1	3
CASSLGGNFYEQYF	TRBV5-6	TRBJ2-7	1
CASSLGGNNEQFF	TRBV7-8	TRBJ2-1	5
CASSLGGPGLYNEQFF	TRBV12-4	TRBJ2-1	1
CASSLGGPPVNEQFF	TRBV7-9	TRBJ2-1	1
CASSLGGPYNEQFF	TRBV12-4	TRBJ2-1	1
CASSLGGRGSYGYTF	TRBV5-4	TRBJ1-2	1
CASSLGGRGVTDTQYF	TRBV5-5	TRBJ2-3	1
CASSLGGSGANVLTF	TRBV12-4	TRBJ2-6	1
CASSLGGSSYNEQFF	TRBV7-9	TRBJ2-1	1
CASSLGGTDTQYF	TRBV6-5	TRBJ2-3	1
CASSLGGTNEQFF	TRBV4-1	TRBJ2-1	2
CASSLGGTVEAFF	TRBV7-9	TRBJ1-1	1
CASSLGGVLGETQYF	TRBV7-6	TRBJ2-5	1
CASSLGHDTLHF	TRBV7-9	TRBJ1-6	1
CASSLGHGEQYF	TRBV7-9	TRBJ2-7	1
CASSLGHIYGYTF	TRBV13	TRBJ1-2	1
CASSLGIIVGVSLNEQFF	TRBV5-8	TRBJ2-1	1
CASSLGILYEQYF	TRBV27	TRBJ2-7	1
CASSLGINTEAFF	TRBV27	TRBJ1-1	1
CASSLGISGTDTQYF	TRBV7-2	TRBJ2-3	1
CASSLGKGAELYEQFF	TRBV10-1	TRBJ2-1	1
CASSLGKGDDTEAFF	TRBV11-3	TRBJ1-1	1
CASSLGLAAAYNEQFF	TRBV5-6	TRBJ2-1	1
CASSLGLAGGQETQYF	TRBV13	TRBJ2-5	1
CASSLGLAGLNEQFF	TRBV5-4	TRBJ2-1	1
CASSLGLAGPIGNEQFF	TRBV7-2	TRBJ2-1	1
CASSLGLAGWGGELFF	TRBV12-4	TRBJ2-2	1
CASSLGLEGTNQPQHF	TRBV13	TRBJ1-5	1
CASSLGLSGLGYEQYF	TRBV7-9	TRBJ2-7	1
CASSLGPITGLPYNEQFF	TRBV5-6	TRBJ2-1	1
CASSLGPSYEQYF	TRBV5-6	TRBJ2-7	1
CASSLGQAETQYF	TRBV13	TRBJ2-5	1
CASSLGQGGYEQYF	TRBV3-1	TRBJ2-7	1
CASSLGQGLINYEQYF	TRBV11-2	TRBJ2-7	1
CASSLGQGRNEQFF	TRBV11-1	TRBJ2-1	1
CASSLGQGSSYEQYF	TRBV28	TRBJ2-7	1
CASSLGQGVFYEQFF	TRBV7-9	TRBJ2-1	1
CASSLGQGVFYTF	TRBV5-1	TRBJ1-2	25
CASSLGQGVYGYTF	TRBV27	TRBJ1-2	1
CASSLGQINEQFF	TRBV7-9	TRBJ2-1	1
CASSLGQQPGPGNTIYF	TRBV13	TRBJ1-3	1
CASSLGRAYEQYF	TRBV7-2	TRBJ2-7	1
CASSLGRDSNQPQHF	TRBV7-6	TRBJ1-5	1
CASSLGRSYGYTF	TRBV12-4	TRBJ1-2	1
CASSLGRTNQPQHF	TRBV11-2	TRBJ1-5	1
CASSLGRVEGGTEAFF	TRBV7-9	TRBJ1-1	1
CASSLGSAEAFF	TRBV5-5	TRBJ1-1	24
CASSLGSGGTDTQYF	TRBV11-2	TRBJ2-3	1
CASSLGSGGTDTQYF	TRBV7-2	TRBJ2-3	1
CASSLGSGRYQETQYF	TRBV12-4	TRBJ2-5	1
CASSLGSYEQYF	TRBV13	TRBJ2-7	1
CASSLGSYEQYF	TRBV5-4	TRBJ2-7	1
CASSLGSYEQYF	TRBV5-6	TRBJ2-7	1
CASSLGSYEQYF	TRBV7-9	TRBJ2-7	1
CASSLGSYGYTF	TRBV19	TRBJ1-2	1
CASSLGTANYGYTF	TRBV5-4	TRBJ1-2	1
CASSLGTAYEQYF	TRBV27	TRBJ2-7	2
CASSLGTDTQYF	TRBV27	TRBJ2-3	1
CASSLGTDTQYF	TRBV5-6	TRBJ2-3	1
CASSLGTGEKLFF	TRBV7-2	TRBJ1-4	1
CASSLGTGENQPQHF	TRBV27	TRBJ1-5	1
CASSLGTGFGYTF	TRBV28	TRBJ1-2	1
CASSLGTGWSAGYTF	TRBV11-2	TRBJ1-2	1
CASSLGTLAKNIQYF	TRBV7-9	TRBJ2-4	1
CASSLGTSGRETQYF	TRBV7-9	TRBJ2-5	1
CASSLGTSGSSYEQYF	TRBV13	TRBJ2-7	1
CASSLGTTGNTIYF	TRBV12-4	TRBJ1-3	1
CASSLGTVWYSNQPQHF	TRBV12-4	TRBJ1-5	1
CASSLGVAGTNTGELFF	TRBV11-2	TRBJ2-2	12
CASSLGVAGTNTGELFF	TRBV11-3	TRBJ2-2	2
CASSLGVAGTNTGELFF	TRBV7-2	TRBJ2-2	2
CASSLGVDWPQHF	TRBV12-4	TRBJ1-5	1
CASSLGVGADTDTQYF	TRBV7-2	TRBJ2-3	1
CASSLGVGGGVGTEAFF	TRBV13	TRBJ1-1	1
CASSLGVGLRNTDTQYF	TRBV5-6	TRBJ2-3	1
CASSLGVGRGRETQYF	TRBV5-4	TRBJ2-5	1
CASSLGVINTGELFF	TRBV27	TRBJ2-2	1
CASSLGVTDLGYTF	TRBV5-4	TRBJ1-2	1
CASSLGWGVNEQFF	TRBV12-3	TRBJ2-1	1
CASSLGWVWRITGAYEQYF	TRBV5-5	TRBJ2-7	1
CASSLHNADTQYF	TRBV7-2	TRBJ2-3	1
CASSLHPGLAGANEQFF	TRBV7-3	TRBJ2-1	1
CASSLHRGKSYEQYF	TRBV7-9	TRBJ2-7	1
CASSLHRGSSTGELFF	TRBV7-6	TRBJ2-2	1
CASSLHRSSSSYEQYF	TRBV7-8	TRBJ2-7	1
CASSLIAGGGDTQYF	TRBV27	TRBJ2-3	1
CASSLIDAGELFF	TRBV27	TRBJ2-2	1
CASSLIDTVWSLEQYF	TRBV5-6	TRBJ2-7	1
CASSLIFGRQYF	TRBV7-6	TRBJ2-7	1
CASSLIGILYNEQFF	TRBV11-1	TRBJ2-1	1
CASSLIGPYGYTF	TRBV4-1	TRBJ1-2	1
CASSLIGTGLTLAKNIQYF	TRBV7-8	TRBJ2-4	1
CASSLIGVGEFTDTQYF	TRBV28	TRBJ2-3	5
CASSLILHEQYF	TRBV7-2	TRBJ2-7	1
CASSLILKNPYEQYF	TRBV7-2	TRBJ2-7	1
CASSLIPGPYNEQFF	TRBV7-3	TRBJ2-1	2
CASSLIPLAGGQNEQFF	TRBV11-2	TRBJ2-1	1
CASSLISGPPYEQYF	TRBV5-4	TRBJ2-7	1
CASSLISGRPEQFF	TRBV7-6	TRBJ2-1	1
CASSLIVGEQFF	TRBV7-8	TRBJ2-1	1
CASSLKAREAYNSPLHF	TRBV7-2	TRBJ1-6	1
CASSLKDRQYEQYF	TRBV7-4	TRBJ2-7	2
CASSLKGAMNTEAFF	TRBV5-1	TRBJ1-1	1
CASSLKGEKLFF	TRBV28	TRBJ1-4	1
CASSLKGGLSTDTQYF	TRBV5-1	TRBJ2-3	1
CASSLKQSPHTEAFF	TRBV27	TRBJ1-1	1
CASSLKRDTYNEQFF	TRBV5-6	TRBJ2-1	1
CASSLLADYNEQFF	TRBV7-3	TRBJ2-1	1
CASSLLAENTGELFF	TRBV7-6	TRBJ2-2	2
CASSLLAGGQETQYF	TRBV6-3	TRBJ2-5	1
CASSLLAGGQETQYF	TRBV6-5	TRBJ2-5	1
CASSLLAGGSSYEQYF	TRBV27	TRBJ2-7	1
CASSLLAGVSADTQYF	TRBV7-2	TRBJ2-3	1
CASSLLAHTGELFF	TRBV28	TRBJ2-2	1
CASSLLAVGTEAFF	TRBV28	TRBJ1-1	1
CASSLLDEQFF	TRBV11-2	TRBJ2-1	1
CASSLLFASSYNEQFF	TRBV5-1	TRBJ2-1	1
CASSLLGGRYGYTF	TRBV5-4	TRBJ1-2	1
CASSLLGGTIDTQYF	TRBV27	TRBJ2-3	1
CASSLLGQGDHEQYF	TRBV11-1	TRBJ2-7	5
CASSLLGQGRNQPQHF	TRBV12-3	TRBJ1-5	1
CASSLLGSPLHF	TRBV27	TRBJ1-6	1
CASSLLGSSYNEQFF	TRBV27	TRBJ2-1	1
CASSLLGSSYNEQFF	TRBV28	TRBJ2-1	1
CASSLLNEQFF	TRBV13	TRBJ2-1	1
CASSLLNQPQHF	TRBV5-4	TRBJ1-5	1
CASSLLPRPGNTIYF	TRBV27	TRBJ1-3	1
CASSLLQGANTEAFF	TRBV28	TRBJ1-1	1
CASSLLRGAKGGRPSYNEQFF	TRBV28	TRBJ2-1	1
CASSLLRQETQYF	TRBV7-9	TRBJ2-5	1
CASSLLRTGAYEQYF	TRBV27	TRBJ2-7	1
CASSLLRTGGNEQYF	TRBV27	TRBJ2-7	1
CASSLLSGTSAYNEQFF	TRBV13	TRBJ2-1	1
CASSLLTSGGGSDTQYF	TRBV28	TRBJ2-3	1
CASSLLVGSQPQHF	TRBV27	TRBJ1-5	1
CASSLLWAEYNEQFF	TRBV4-1	TRBJ2-1	8
CASSLMAGTWFYEQYF	TRBV28	TRBJ2-7	1
CASSLMSDGAYEQYF	TRBV28	TRBJ2-7	1
CASSLNDFYEQYF	TRBV7-2	TRBJ2-7	3
CASSLNEGWVQETQYF	TRBV27	TRBJ2-5	1
CASSLNGGNSYEQYF	TRBV5-1	TRBJ2-7	1
CASSLNGQGAGYTF	TRBV28	TRBJ1-2	1
CASSLNMEASEAFF	TRBV5-1	TRBJ1-1	1
CASSLNPASAKSYNEQFF	TRBV28	TRBJ2-1	1
CASSLNRGQGYEQYF	TRBV27	TRBJ2-7	1
CASSLNRGTGANVLTF	TRBV6-5	TRBJ2-6	1
CASSLNRIIYEQYF	TRBV27	TRBJ2-7	1
CASSLNVEQYF	TRBV7-8	TRBJ2-7	1
CASSLNWGFDTEAFF	TRBV5-6	TRBJ1-1	1
CASSLPDGTDLSGANVLTF	TRBV28	TRBJ2-6	1
CASSLPFLRANYYNEQFF	TRBV7-9	TRBJ2-1	1
CASSLPGAGSSTDTQYF	TRBV28	TRBJ2-3	1
CASSLPGANVLTF	TRBV7-3	TRBJ2-6	1
CASSLPGLAGEETQYF	TRBV28	TRBJ2-5	1
CASSLPGQDYGYTF	TRBV5-1	TRBJ1-2	1
CASSLPGTSGGTTGANVLTF	TRBV19	TRBJ2-6	1
CASSLPMLYEQFF	TRBV28	TRBJ2-1	1
CASSLPRWGIRSNQPQHF	TRBV11-2	TRBJ1-5	1
CASSLPTDTQYF	TRBV11-1	TRBJ2-3	1
CASSLPTGEQFF	TRBV5-4	TRBJ2-1	1
CASSLPTGGTGELFF	TRBV13	TRBJ2-2	1
CASSLPVEVNTEAFF	TRBV7-9	TRBJ1-1	1
CASSLQDRKHEAFF	TRBV5-6	TRBJ1-1	1
CASSLQGAPTYNEQFF	TRBV18	TRBJ2-1	1
CASSLQGEGSMSF	TRBV27	TRBJ2-3	1
CASSLQGGIDGYTF	TRBV6-5	TRBJ1-2	2
CASSLQGGNEQFF	TRBV27	TRBJ2-1	1
CASSLQGGNEQFF	TRBV6-5	TRBJ2-1	3
CASSLQGGNYGYTF	TRBV6-5	TRBJ1-2	3
CASSLQGGTGELFF	TRBV7-3	TRBJ2-2	1
CASSLQGIGNTIYF	TRBV28	TRBJ1-3	1
CASSLQGSGTGELFF	TRBV12-4	TRBJ2-2	1
CASSLQGSGYNEQFF	TRBV14	TRBJ2-1	1
CASSLQGYNEQFF	TRBV19	TRBJ2-1	1
CASSLQSTEAFF	TRBV7-9	TRBJ1-1	1
CASSLQVIYEQYF	TRBV11-2	TRBJ2-7	1
CASSLQVNIYEQYF	TRBV5-6	TRBJ2-7	1
CASSLRAGIEQYF	TRBV19	TRBJ2-7	2
CASSLRASGAQYF	TRBV19	TRBJ2-5	1
CASSLRDGSEAFF	TRBV5-6	TRBJ1-1	28
CASSLRDRGHEQYF	TRBV7-9	TRBJ2-7	1
CASSLRDRGLETQYF	TRBV13	TRBJ2-5	1
CASSLRGASAGYTF	TRBV5-1	TRBJ1-2	2
CASSLRGDNQPQHF	TRBV5-6	TRBJ1-5	1
CASSLRGDRGDTQYF	TRBV27	TRBJ2-3	1
CASSLRGGETQYF	TRBV5-6	TRBJ2-5	1
CASSLRGGGSPLHF	TRBV12-4	TRBJ1-6	1
CASSLRGLAGNEQFF	TRBV7-3	TRBJ2-1	1
CASSLRGLGQPQHF	TRBV5-6	TRBJ1-5	1
CASSLRGRLLLTRTEAFF	TRBV5-1	TRBJ1-1	1
CASSLRGRLRHYNEQFF	TRBV28	TRBJ2-1	1
CASSLRLGNTGELFF	TRBV27	TRBJ2-2	1
CASSLRPRIRGKLFF	TRBV12-3	TRBJ1-4	1
CASSLRQGGEKLFF	TRBV28	TRBJ1-4	1
CASSLRSAAGWPFF	TRBV28	TRBJ1-1	9
CASSLRSLYNSPLHF	TRBV28	TRBJ1-6	1
CASSLRSSYEQYF	TRBV19	TRBJ2-7	4
CASSLRSVYNEQFF	TRBV27	TRBJ2-1	1
CASSLRTGAPHRYTF	TRBV9	TRBJ1-2	1
CASSLRTSNTGELFF	TRBV27	TRBJ2-2	1
CASSLRVTNPQGKGTEAFF	TRBV7-8	TRBJ1-1	1
CASSLSAGGYNEQFF	TRBV7-2	TRBJ2-1	1
CASSLSAGMNTEAFF	TRBV27	TRBJ1-1	1
CASSLSEAGARNTEAFF	TRBV12-4	TRBJ1-1	1
CASSLSFGDTEAFF	TRBV12-4	TRBJ1-1	1
CASSLSFGRTEAFF	TRBV9	TRBJ1-1	1
CASSLSFRDKALWGYTF	TRBV27	TRBJ1-2	1
CASSLSGAGNTIYF	TRBV9	TRBJ1-3	1
CASSLSGATYNEQFF	TRBV27	TRBJ2-1	1
CASSLSGGELFF	TRBV4-2	TRBJ2-2	1
CASSLSGGLAFEPDTQYF	TRBV27	TRBJ2-3	1
CASSLSGGVTEAFF	TRBV27	TRBJ1-1	1
CASSLSGLAGVFYNEQFF	TRBV5-4	TRBJ2-1	1
CASSLSGLDEQYF	TRBV7-3	TRBJ2-7	1
CASSLSGQGGWDEQYF	TRBV9	TRBJ2-7	1
CASSLSGQGRGEQFF	TRBV7-3	TRBJ2-1	1
CASSLSGQRVSGNTIYF	TRBV28	TRBJ1-3	1
CASSLSGSNNEQFF	TRBV27	TRBJ2-1	1
CASSLSGTNGYTF	TRBV27	TRBJ1-2	1
CASSLSGTQYEQYF	TRBV27	TRBJ2-7	1
CASSLSGWSGTGELFF	TRBV27	TRBJ2-2	1
CASSLSGWTYEQYF	TRBV27	TRBJ2-7	1
CASSLSIDSTDTQYF	TRBV27	TRBJ2-3	1
CASSLSLAGELFF	TRBV27	TRBJ2-2	1
CASSLSLPSGYTF	TRBV12-3	TRBJ1-2	1
CASSLSPFYSYGYTF	TRBV27	TRBJ1-2	1
CASSLSPSGSYEQYF	TRBV27	TRBJ2-7	1
CASSLSQFSPLHF	TRBV27	TRBJ1-6	1
CASSLSQGGNEQFF	TRBV5-1	TRBJ2-1	1
CASSLSREAEAFF	TRBV27	TRBJ1-1	1
CASSLSRGNTEAFF	TRBV27	TRBJ1-1	1
CASSLSRKGELFF	TRBV27	TRBJ2-2	1
CASSLSRPTGELFF	TRBV7-9	TRBJ2-2	1
CASSLSRSTDTQYF	TRBV7-9	TRBJ2-3	1
CASSLSRWRQAKNIQYF	TRBV7-9	TRBJ2-4	1
CASSLSSGRTDTQYF	TRBV7-3	TRBJ2-3	1
CASSLSSGTYEQYF	TRBV9	TRBJ2-7	321
CASSLSTDGPISNTGELFF	TRBV12-4	TRBJ2-2	1
CASSLSTQGTQYF	TRBV7-9	TRBJ2-3	1
CASSLSVIAGGRETQYF	TRBV27	TRBJ2-5	1
CASSLSVVNEQFF	TRBV5-4	TRBJ2-1	1
CASSLSWGAGNTIYF	TRBV27	TRBJ1-3	1
CASSLSWNQPQHF	TRBV27	TRBJ1-5	1
CASSLTAAEWTQYF	TRBV11-1	TRBJ2-3	4
CASSLTAGRWGTDTQYF	TRBV13	TRBJ2-3	1
CASSLTALGRGTDTQYF	TRBV11-2	TRBJ2-3	1
CASSLTANYGYTF	TRBV7-3	TRBJ1-2	1
CASSLTDRLNEQFF	TRBV5-1	TRBJ2-1	1
CASSLTFSGANVLTF	TRBV7-9	TRBJ2-6	1
CASSLTGDQPQHF	TRBV12-4	TRBJ1-5	1
CASSLTGEGSPLHF	TRBV28	TRBJ1-6	1
CASSLTGESYEQYF	TRBV13	TRBJ2-7	2
CASSLTGFDYGYTF	TRBV7-3	TRBJ1-2	1
CASSLTGFSWKHHIF	TRBV7-6	TRBJ1-3	1
CASSLTGGAEAFF	TRBV4-2	TRBJ1-1	1
CASSLTGGAEKLFF	TRBV28	TRBJ1-4	1
CASSLTGGDTQYF	TRBV28	TRBJ2-3	1
CASSLTGGMREQYF	TRBV7-2	TRBJ2-7	1
CASSLTGGSYEQYF	TRBV27	TRBJ2-7	1
CASSLTGGSYEQYF	TRBV4-3	TRBJ2-7	1
CASSLTGGSYEQYF	TRBV5-6	TRBJ2-7	1
CASSLTGLGQPQHF	TRBV28	TRBJ1-5	1
CASSLTGQGSYNEQFF	TRBV7-9	TRBJ2-1	1
CASSLTGQPQHF	TRBV7-2	TRBJ1-5	1
CASSLTGQSQRVYGYTF	TRBV7-3	TRBJ1-2	18
CASSLTGSEQYF	TRBV27	TRBJ2-7	1
CASSLTGSGDSPLHF	TRBV5-4	TRBJ1-6	1
CASSLTGTGNYGYTF	TRBV27	TRBJ1-2	1
CASSLTGTPHEQYF	TRBV7-9	TRBJ2-7	1
CASSLTGTPSTDTQYF	TRBV5-4	TRBJ2-3	1
CASSLTGVFAYNEQFF	TRBV7-8	TRBJ2-1	1
CASSLTGVGGANGYTF	TRBV7-3	TRBJ1-2	1
CASSLTLGEQGFYGYTF	TRBV7-3	TRBJ1-2	1
CASSLTLSDTQYF	TRBV5-4	TRBJ2-3	1
CASSLTPGGGSYGYTF	TRBV19	TRBJ1-2	1
CASSLTPGLPPYEQYF	TRBV11-1	TRBJ2-7	1
CASSLTPGTDTQYF	TRBV7-3	TRBJ2-3	1
CASSLTPNTEAFF	TRBV5-1	TRBJ1-1	1
CASSLTPPAVAGNEQFF	TRBV6-5	TRBJ2-1	1
CASSLTRQGGTEAFF	TRBV7-3	TRBJ1-1	1
CASSLTRTRPLSYEQYF	TRBV7-3	TRBJ2-7	1
CASSLTSEGYEQYF	TRBV7-8	TRBJ2-7	1
CASSLTSETSYEQYF	TRBV7-2	TRBJ2-7	1
CASSLTSGEETQYF	TRBV18	TRBJ2-5	1
CASSLTSGGATDTQYF	TRBV9	TRBJ2-3	1
CASSLTSGKPYEQYF	TRBV6-5	TRBJ2-7	1
CASSLTSGMETQYF	TRBV6-5	TRBJ2-5	1
CASSLTSGNTEAFF	TRBV7-3	TRBJ1-1	1
CASSLTSLGSGSTDTQYF	TRBV3-1	TRBJ2-3	1
CASSLTSRGGNGYTF	TRBV7-2	TRBJ1-2	2
CASSLTSSYEQYF	TRBV12-3	TRBJ2-7	1
CASSLTTGGRNEQFF	TRBV13	TRBJ2-1	37
CASSLTTGIINSPLHF	TRBV4-1	TRBJ1-6	1
CASSLTWGNGELFF	TRBV5-1	TRBJ2-2	1
CASSLVAGSSNEQFF	TRBV27	TRBJ2-1	1
CASSLVAGSYNEQFF	TRBV28	TRBJ2-1	1
CASSLVAHTQYF	TRBV5-1	TRBJ2-3	1
CASSLVATGLSYEQYF	TRBV7-8	TRBJ2-7	1
CASSLVDIDGYTF	TRBV7-9	TRBJ1-2	1
CASSLVEGGLAGSYNEQFF	TRBV7-6	TRBJ2-1	4
CASSLVGAGGNTEAFF	TRBV7-9	TRBJ1-1	1
CASSLVGFSSYEQYF	TRBV28	TRBJ2-7	1
CASSLVGGAKNIQYF	TRBV27	TRBJ2-4	1
CASSLVGGEQYF	TRBV12-4	TRBJ2-7	1
CASSLVGGFGFETQYF	TRBV11-2	TRBJ2-5	1
CASSLVGGLGQPQHF	TRBV28	TRBJ1-5	1
CASSLVGGQETQYF	TRBV5-4	TRBJ2-5	1
CASSLVGGQETQYF	TRBV7-9	TRBJ2-5	1
CASSLVGIEREGETQYF	TRBV11-2	TRBJ2-5	1
CASSLVGQGRDYGYTF	TRBV7-2	TRBJ1-2	1
CASSLVGRGGNQPQHF	TRBV7-9	TRBJ1-5	1
CASSLVGRRDEQYF	TRBV7-8	TRBJ2-7	1
CASSLVGTSATGELFF	TRBV7-9	TRBJ2-2	1
CASSLVGVGGSGNTIYF	TRBV5-1	TRBJ1-3	1
CASSLVGVKAGNTIYF	TRBV7-9	TRBJ1-3	1
CASSLVGVNEKLFF	TRBV13	TRBJ1-4	1
CASSLVHRGHANTEAFF	TRBV5-1	TRBJ1-1	1
CASSLVHSLWGLSTEAFF	TRBV7-2	TRBJ1-1	1
CASSLVILAGNEQFF	TRBV7-2	TRBJ2-1	1
CASSLVIRDYNSPLHF	TRBV5-6	TRBJ1-6	1
CASSLVLAGNRAQYF	TRBV7-2	TRBJ2-5	1
CASSLVLGQVYEQYF	TRBV12-3	TRBJ2-7	1
CASSLVLIGQGYTEAFF	TRBV7-2	TRBJ1-1	1
CASSLVQADNEQFF	TRBV5-1	TRBJ2-1	1
CASSLVQGLNTEAFF	TRBV7-9	TRBJ1-1	8
CASSLVQGYTF	TRBV7-8	TRBJ1-2	1
CASSLVQVRVTDTQYF	TRBV11-2	TRBJ2-3	1
CASSLVRDRAPDTQYF	TRBV5-5	TRBJ2-3	2
CASSLVRDRAYEQYF	TRBV7-8	TRBJ2-7	1
CASSLVRGGNQPQHF	TRBV5-5	TRBJ1-5	1
CASSLVSEREHEQYF	TRBV7-3	TRBJ2-7	1
CASSLVSLNYGYTF	TRBV5-7	TRBJ1-2	1
CASSLVTSGIIEQFF	TRBV11-2	TRBJ2-1	1
CASSLVVTEQFF	TRBV7-9	TRBJ2-1	1
CASSLVVTSGFNEQFF	TRBV7-7	TRBJ2-1	1
CASSLVVVEDEQFF	TRBV5-1	TRBJ2-1	1
CASSLVWFGQGVGTAGYTF	TRBV5-1	TRBJ1-2	1
CASSLVYGGNQETQYF	TRBV7-9	TRBJ2-5	1
CASSLWARKDRGLEGYTF	TRBV28	TRBJ1-2	1
CASSLWASGSNEQFF	TRBV7-3	TRBJ2-1	1
CASSLWDNTEAFF	TRBV27	TRBJ1-1	1
CASSLWDRGWTEAFF	TRBV11-1	TRBJ1-1	1
CASSLWFGLSAYEQYF	TRBV7-2	TRBJ2-7	1
CASSLWFSWLRRDGQETQYF	TRBV5-1	TRBJ2-5	1
CASSLWGGADTQYF	TRBV5-1	TRBJ2-3	1
CASSLWGISPLHF	TRBV27	TRBJ1-6	1
CASSLWGPDSNNEQFF	TRBV27	TRBJ2-1	1
CASSLWGPGESHGYTF	TRBV11-2	TRBJ1-2	1
CASSLWRALEQYF	TRBV28	TRBJ2-7	1
CASSLWRDSNQPQHF	TRBV27	TRBJ1-5	1
CASSLWSDHSNQPQHF	TRBV7-8	TRBJ1-5	1
CASSLWTEILTQYF	TRBV28	TRBJ2-3	1
CASSLWTGNQYF	TRBV11-1	TRBJ2-7	1
CASSLYAGGQPQHF	TRBV7-6	TRBJ1-5	1
CASSLYGAPTSTDTQYF	TRBV27	TRBJ2-3	1
CASSLYGGGGWEQYF	TRBV28	TRBJ2-7	1
CASSLYGGGRENLRTEAFF	TRBV7-8	TRBJ1-1	1
CASSLYGLGYEQYF	TRBV27	TRBJ2-7	1
CASSLYGNLGTGELFF	TRBV27	TRBJ2-2	3
CASSLYGTVESNYGYTF	TRBV5-1	TRBJ1-2	1
CASSLYGVGDTQYF	TRBV12-4	TRBJ2-3	1
CASSLYKGSGSPYEQYF	TRBV5-1	TRBJ2-7	1
CASSLYKSSYNEQFF	TRBV28	TRBJ2-1	1
CASSLYPAMNTEAFF	TRBV27	TRBJ1-1	1
CASSLYPLETTDTQYF	TRBV12-4	TRBJ2-3	1
CASSLYQDGVYGYTF	TRBV12-4	TRBJ1-2	1
CASSLYQGSNYGYTF	TRBV27	TRBJ1-2	1
CASSLYRGADTQYF	TRBV28	TRBJ2-3	1
CASSLYSATGELFF	TRBV28	TRBJ2-2	1647
CASSLYSYGMFNTEAFF	TRBV28	TRBJ1-1	1
CASSLYTDTQYF	TRBV2	TRBJ2-3	1
CASSLYTDTQYF	TRBV7-2	TRBJ2-3	1
CASSLYTRNQPQHF	TRBV27	TRBJ1-5	1
CASSLYYQPQHF	TRBV28	TRBJ1-5	1
CASSMDRFTNQPQHF	TRBV19	TRBJ1-5	1
CASSMDSTDTQYF	TRBV7-2	TRBJ2-3	1
CASSMGAYGYTF	TRBV19	TRBJ1-2	8
CASSMGQGGYNEQFF	TRBV19	TRBJ2-1	1
CASSMGQGSYNEQFF	TRBV19	TRBJ2-1	1
CASSMGQGTLRNQPQHF	TRBV19	TRBJ1-5	1
CASSMGSYGYTF	TRBV19	TRBJ1-2	6
CASSMGVYGYTF	TRBV19	TRBJ1-2	2
CASSMGWTGVVYEQYF	TRBV19	TRBJ2-7	1
CASSMNPDRIQETQYF	TRBV19	TRBJ2-5	1
CASSMPGLVFPGELFF	TRBV19	TRBJ2-2	1
CASSMRASVEQFF	TRBV19	TRBJ2-1	3
CASSMRASVEQYF	TRBV19	TRBJ2-7	2
CASSMRASYEQYF	TRBV19	TRBJ2-7	3
CASSMREPEYGLEQYF	TRBV7-8	TRBJ2-7	1
CASSMRIFPQPQHF	TRBV19	TRBJ1-5	1
CASSMRSAYEQYF	TRBV19	TRBJ2-7	2
CASSMRSGANVLTF	TRBV19	TRBJ2-6	2
CASSMRSGSEQFF	TRBV19	TRBJ2-1	8
CASSMRSSYEQYF	TRBV19	TRBJ2-7	2
CASSMRSTGELFF	TRBV19	TRBJ2-2	2
CASSMRSTNEQFF	TRBV19	TRBJ2-1	12
CASSMSFLAGMSTDTQYF	TRBV19	TRBJ2-3	1
CASSMVSQGEQFF	TRBV19	TRBJ2-1	2
CASSMWGRQLNTEAFF	TRBV5-5	TRBJ1-1	8
CASSMWTSASYEQYF	TRBV19	TRBJ2-7	1
CASSNGSSLDAYNEQFF	TRBV7-7	TRBJ2-1	1
CASSNGTGGVYEQYF	TRBV7-9	TRBJ2-7	1
CASSNHLWGRNEQYF	TRBV6-3	TRBJ2-7	1
CASSNKVADTQYF	TRBV28	TRBJ2-3	1
CASSNPLEGIDEQFF	TRBV6-6	TRBJ2-1	1
CASSNPRLDATGELFF	TRBV6-3	TRBJ2-2	81
CASSNPTGIYEQYF	TRBV5-1	TRBJ2-7	1
CASSNQETQYF	TRBV27	TRBJ2-5	1
CASSNTGRREQYF	TRBV6-5	TRBJ2-7	1
CASSNTRQGDEQFF	TRBV27	TRBJ2-1	1
CASSPAGQGILGNEQFF	TRBV10-2	TRBJ2-1	1
CASSPAGSSYNSPLHF	TRBV27	TRBJ1-6	1
CASSPARGRVEQYF	TRBV27	TRBJ2-7	1
CASSPASGNEQYF	TRBV27	TRBJ2-7	1
CASSPATGGHQPQHF	TRBV6-5	TRBJ1-5	1
CASSPAVGFLTDTQYF	TRBV13	TRBJ2-3	1
CASSPDIAGVPKNIQYF	TRBV7-4	TRBJ2-4	1
CASSPDLDTQYF	TRBV4-1	TRBJ2-3	1
CASSPDLRGPNEQFF	TRBV18	TRBJ2-1	1
CASSPDLVHEQFF	TRBV3-1	TRBJ2-1	1
CASSPDQETSYTDTQYF	TRBV9	TRBJ2-3	1
CASSPDRELPEAFF	TRBV27	TRBJ1-1	1
CASSPDSGIGGNYGYTF	TRBV6-6	TRBJ1-2	1
CASSPDSNYGYTF	TRBV18	TRBJ1-2	1
CASSPDSYGEKLFF	TRBV7-9	TRBJ1-4	1
CASSPDTGELFF	TRBV6-3	TRBJ2-2	1
CASSPEFSRGGLGEQYF	TRBV28	TRBJ2-7	1
CASSPEGAYSNQPQHF	TRBV12-4	TRBJ1-5	1
CASSPEGDEQFF	TRBV7-9	TRBJ2-1	1
CASSPEGLAGGPGGELFF	TRBV11-3	TRBJ2-2	1
CASSPEGQPNTEAFF	TRBV27	TRBJ1-1	1
CASSPEGRPGDTQYF	TRBV9	TRBJ2-3	1
CASSPENQGELFF	TRBV6-4	TRBJ2-2	2
CASSPERGSGGTGELFF	TRBV10-2	TRBJ2-2	1
CASSPETGAYGYTF	TRBV18	TRBJ1-2	1
CASSPFAGGPADTQYF	TRBV11-2	TRBJ2-3	1
CASSPFGSDEQFF	TRBV19	TRBJ2-1	1
CASSPFPRQGGDTQYF	TRBV28	TRBJ2-3	1
CASSPFPSTDTQYF	TRBV2	TRBJ2-3	1
CASSPGDIQYF	TRBV4-1	TRBJ2-4	1
CASSPGDNQPQHF	TRBV6-3	TRBJ1-5	1
CASSPGDPSTDTQYF	TRBV11-1	TRBJ2-3	1
CASSPGDTQYF	TRBV18	TRBJ2-3	1
CASSPGDTQYF	TRBV3-1	TRBJ2-3	1
CASSPGDTQYF	TRBV6-5	TRBJ2-3	5
CASSPGEGLYEQYF	TRBV4-3	TRBJ2-7	1
CASSPGGDEQFF	TRBV7-6	TRBJ2-1	1
CASSPGGGASYEQYF	TRBV9	TRBJ2-7	1
CASSPGGGQDEQYF	TRBV5-1	TRBJ2-7	1
CASSPGGGSSFGYTF	TRBV11-2	TRBJ1-2	1
CASSPGGHQPQHF	TRBV6-3	TRBJ1-5	1
CASSPGGLENEQYF	TRBV7-9	TRBJ2-7	1
CASSPGGLNEKLFF	TRBV6-5	TRBJ1-4	1
CASSPGGLNEQYF	TRBV7-3	TRBJ2-7	3
CASSPGGLSGANVLTF	TRBV6-4	TRBJ2-6	2
CASSPGGSYNEQFF	TRBV18	TRBJ2-1	1
CASSPGHPSSYNEQFF	TRBV7-9	TRBJ2-1	1
CASSPGKDRFSGNTIYF	TRBV18	TRBJ1-3	1
CASSPGLAAMYEQYF	TRBV9	TRBJ2-7	1
CASSPGLAGGEQFF	TRBV9	TRBJ2-1	1
CASSPGLAGGQWDTQYF	TRBV5-1	TRBJ2-3	1
CASSPGLGNTIYF	TRBV27	TRBJ1-3	1
CASSPGLGSPLHF	TRBV11-1	TRBJ1-6	12
CASSPGLKLSGANVLTF	TRBV7-2	TRBJ2-6	1
CASSPGLYRVSSYNEQFF	TRBV7-2	TRBJ2-1	1
CASSPGMGSGYTF	TRBV6-5	TRBJ1-2	1
CASSPGPAKDTQYF	TRBV7-9	TRBJ2-3	13
CASSPGPLAGGDNEQFF	TRBV4-1	TRBJ2-1	1
CASSPGPMNTEAFF	TRBV9	TRBJ1-1	1
CASSPGQAAEQYF	TRBV5-4	TRBJ2-7	1
CASSPGQEVYEQYF	TRBV18	TRBJ2-7	1
CASSPGQGIHGYTF	TRBV18	TRBJ1-2	1
CASSPGQGIRPGEAFF	TRBV27	TRBJ1-1	1
CASSPGQGITGELFF	TRBV7-9	TRBJ2-2	1
CASSPGQGLDTQYF	TRBV6-1	TRBJ2-3	1
CASSPGQGSYGYTF	TRBV3-1	TRBJ1-2	1
CASSPGQGYNEQFF	TRBV11-2	TRBJ2-1	1
CASSPGQLLMNTEAFF	TRBV5-4	TRBJ1-1	1
CASSPGQSSGNTIYF	TRBV3-1	TRBJ1-3	1
CASSPGREGYNEQFF	TRBV12-3	TRBJ2-1	1
CASSPGRPVETYNEQFF	TRBV18	TRBJ2-1	1
CASSPGRVYGYTF	TRBV27	TRBJ1-2	1
CASSPGSGNTIYF	TRBV6-3	TRBJ1-3	1
CASSPGSRTQYF	TRBV19	TRBJ2-3	1
CASSPGTDYGYTF	TRBV4-1	TRBJ1-2	1
CASSPGTENNYGYTF	TRBV18	TRBJ1-2	1
CASSPGTGEVYGYTF	TRBV12-3	TRBJ1-2	1
CASSPGTGGWFIFSGANVLTF	TRBV5-1	TRBJ2-6	1
CASSPGTGLGQPQHF	TRBV7-6	TRBJ1-5	1
CASSPGTGPNQPQHF	TRBV5-1	TRBJ1-5	1
CASSPGTLAGELFF	TRBV18	TRBJ2-2	1
CASSPGTLAGELFF	TRBV9	TRBJ2-2	1
CASSPGTPIGTQYF	TRBV7-9	TRBJ2-5	1
CASSPGTPYEQYF	TRBV12-4	TRBJ2-7	1
CASSPGTVNEQFF	TRBV19	TRBJ2-1	1
CASSPGTVSGQPQHF	TRBV6-5	TRBJ1-5	1
CASSPGVGTYNEQFF	TRBV25-1	TRBJ2-1	1
CASSPGVGYNSPLHF	TRBV4-3	TRBJ1-6	1
CASSPGVLASNEQFF	TRBV6-3	TRBJ2-1	1
CASSPHEVGLGDFRYNEQFF	TRBV13	TRBJ2-1	1
CASSPHGRGEVDTQYF	TRBV9	TRBJ2-3	1
CASSPHPGTGGYEQYF	TRBV25-1	TRBJ2-7	1
CASSPIGYTEAFF	TRBV28	TRBJ1-1	1
CASSPIRGNQPQHF	TRBV18	TRBJ1-5	1
CASSPISSEYGYTF	TRBV7-9	TRBJ1-2	1
CASSPITNTEAFF	TRBV18	TRBJ1-1	1
CASSPKGGHADTQYF	TRBV7-3	TRBJ2-3	1
CASSPKGGRTNYGYTF	TRBV27	TRBJ1-2	1
CASSPKGGTGFYEQYF	TRBV7-9	TRBJ2-7	1
CASSPKGQGFEQYF	TRBV9	TRBJ2-7	8
CASSPKHHTEAFF	TRBV5-1	TRBJ1-1	1
CASSPKILAYTDTQYF	TRBV18	TRBJ2-3	1
CASSPKTSVTYNEQFF	TRBV7-9	TRBJ2-1	1
CASSPLAGVSDTQYF	TRBV7-6	TRBJ2-3	6
CASSPLAGVTDTQYF	TRBV7-2	TRBJ2-3	1
CASSPLAVTYNEQFF	TRBV19	TRBJ2-1	5
CASSPLDSYTGELFF	TRBV6-3	TRBJ2-2	2
CASSPLGAKNIQYF	TRBV5-4	TRBJ2-4	1
CASSPLGGGQNSYEQYF	TRBV4-2	TRBJ2-7	1
CASSPLGPNYEQYF	TRBV12-4	TRBJ2-7	1
CASSPLKTIYEQYF	TRBV28	TRBJ2-7	1
CASSPLRDREIPF	TRBV7-7	TRBJ1-2	1
CASSPLRDRGNSPLHF	TRBV9	TRBJ1-6	6
CASSPLRLGWNEQFF	TRBV18	TRBJ2-1	1
CASSPLSRQGGTGELFF	TRBV6-6	TRBJ2-2	1
CASSPLTAGGVF	TRBV18	TRBJ2-5	1
CASSPLVEGNYGYTF	TRBV11-2	TRBJ1-2	1
CASSPMGVGGNTIYF	TRBV28	TRBJ1-3	1
CASSPNANEQYF	TRBV12-3	TRBJ2-7	1
CASSPNGDTQYF	TRBV4-1	TRBJ2-3	1
CASSPNGLNTEAFF	TRBV6-1	TRBJ1-1	1
CASSPNKLMNTEAFF	TRBV28	TRBJ1-1	1
CASSPNLDTGELFF	TRBV14	TRBJ2-2	1
CASSPNRGGQETQYF	TRBV27	TRBJ2-5	1
CASSPNRGLLAKNIQYF	TRBV7-9	TRBJ2-4	1
CASSPPAGGQNSPLHF	TRBV18	TRBJ1-6	1
CASSPPAGSGQETQYF	TRBV18	TRBJ2-5	1
CASSPPAGWDGYTF	TRBV4-1	TRBJ1-2	1
CASSPPCDYLWKHHIF	TRBV18	TRBJ1-3	1
CASSPPEREITDTQYF	TRBV18	TRBJ2-3	1
CASSPPFHEQYF	TRBV3-1	TRBJ2-7	1
CASSPPFRAFLSGANVLTF	TRBV18	TRBJ2-6	1
CASSPPGALNTGELFF	TRBV13	TRBJ2-2	1
CASSPPGDEQYF	TRBV7-9	TRBJ2-7	1
CASSPPGEEAFF	TRBV4-2	TRBJ1-1	1
CASSPPGGGNTEAFF	TRBV4-2	TRBJ1-1	1
CASSPPGGNEQFF	TRBV2	TRBJ2-1	1
CASSPPGGNEQFF	TRBV7-8	TRBJ2-1	1
CASSPPGIYGYTF	TRBV9	TRBJ1-2	1
CASSPPGQGGGYSNQPQHF	TRBV28	TRBJ1-5	1
CASSPPGRGENEQFF	TRBV9	TRBJ2-1	1
CASSPPGRGVVQETQYF	TRBV9	TRBJ2-5	1
CASSPPGSDEQFF	TRBV18	TRBJ2-1	1
CASSPPGSMNTEAFF	TRBV9	TRBJ1-1	1
CASSPPGTAGSEQYF	TRBV7-9	TRBJ2-7	1
CASSPPGVSGEKLFF	TRBV7-9	TRBJ1-4	1
CASSPPPDNEQFF	TRBV11-2	TRBJ2-1	1
CASSPPPGPKPRVETDTQYF	TRBV19	TRBJ2-3	1
CASSPPPSNTGELFF	TRBV18	TRBJ2-2	1
CASSPPSYYEQYF	TRBV5-5	TRBJ2-7	1
CASSPPVGNEQFF	TRBV18	TRBJ2-1	1
CASSPPWAAPRTQYF	TRBV11-2	TRBJ2-3	1
CASSPQAGGSYEQYF	TRBV12-4	TRBJ2-7	1
CASSPQDSPTDTQYF	TRBV18	TRBJ2-3	1
CASSPQGAYEQYF	TRBV19	TRBJ2-7	1
CASSPQGFQPQHF	TRBV27	TRBJ1-5	1
CASSPQGGGDGYTF	TRBV6-5	TRBJ1-2	8
CASSPQGGNYGYTF	TRBV6-5	TRBJ1-2	1
CASSPQGHTGELFF	TRBV7-8	TRBJ2-2	1
CASSPQGLGQPQHF	TRBV27	TRBJ1-5	1
CASSPQGQGNGYTF	TRBV28	TRBJ1-2	1
CASSPQGSGANVLTF	TRBV27	TRBJ2-6	1
CASSPQGVGQPQHF	TRBV28	TRBJ1-5	1
CASSPQLAGGREQYF	TRBV7-9	TRBJ2-7	1
CASSPQLTVNYGYTF	TRBV7-2	TRBJ1-2	5
CASSPQTEYGYTF	TRBV9	TRBJ1-2	1
CASSPQWRQHTNYGYTF	TRBV18	TRBJ1-2	1
CASSPQWTLYGYTF	TRBV18	TRBJ1-2	1
CASSPRATEAFF	TRBV7-9	TRBJ1-1	1
CASSPRDRERGEQYF	TRBV11-2	TRBJ2-7	2
CASSPRDRERGEQYF	TRBV7-2	TRBJ2-7	534
CASSPRDRERGEQYV	TRBV7-2	TRBJ2-7	1
CASSPRDRGTDTQYF	TRBV4-1	TRBJ2-3	1
CASSPRDRTGGYTF	TRBV18	TRBJ1-2	1
CASSPRDTYYGYTF	TRBV5-5	TRBJ1-2	1
CASSPRETYEQYF	TRBV5-8	TRBJ2-7	1
CASSPRFF	TRBV12-3	TRBJ2-1	1
CASSPRGEYTGELFF	TRBV7-9	TRBJ2-2	1
CASSPRGGTADTQYF	TRBV6-4	TRBJ2-3	1
CASSPRGGVEKTQYF	TRBV13	TRBJ2-5	1
CASSPRGGVPGELFF	TRBV11-3	TRBJ2-2	1
CASSPRGLDQQETQYF	TRBV18	TRBJ2-5	1
CASSPRGLSSYEQYF	TRBV19	TRBJ2-7	1
CASSPRGQSYEQYF	TRBV5-4	TRBJ2-7	1
CASSPRGWNGLSTDTQYF	TRBV27	TRBJ2-3	1
CASSPRLAESSYEQYF	TRBV28	TRBJ2-7	1
CASSPRLAGAETQYF	TRBV11-1	TRBJ2-5	1
CASSPRLAGTGELFF	TRBV28	TRBJ2-2	1
CASSPRNSGRGSSTGELFF	TRBV28	TRBJ2-2	1
CASSPRPDKEAFF	TRBV9	TRBJ1-1	1
CASSPRPFSGYTF	TRBV18	TRBJ1-2	1
CASSPRQGLTEAFF	TRBV9	TRBJ1-1	1
CASSPRREREVYEQYF	TRBV9	TRBJ2-7	1
CASSPRREYTEAFF	TRBV6-5	TRBJ1-1	1
CASSPRRVGLAGVNGTDTQYF	TRBV4-1	TRBJ2-3	1
CASSPRSTDTQYF	TRBV19	TRBJ2-3	8
CASSPRTDAERAKNIQYF	TRBV5-1	TRBJ2-4	1
CASSPRTDLSAPNTGELFF	TRBV19	TRBJ2-2	1
CASSPRTEPHQPQHF	TRBV7-6	TRBJ1-5	1
CASSPRTGGRDTIYF	TRBV12-3	TRBJ1-3	1
CASSPRTKSFLSYGYTF	TRBV28	TRBJ1-2	1
CASSPRTMSSTDTQYF	TRBV7-9	TRBJ2-3	1
CASSPRTPYNEQFF	TRBV18	TRBJ2-1	1
CASSPRTRDRGWGYTF	TRBV4-3	TRBJ1-2	1
CASSPRTSDETQYF	TRBV9	TRBJ2-5	1
CASSPRTSGIHNEQFF	TRBV11-3	TRBJ2-1	1
CASSPRYSNQPQHF	TRBV12-4	TRBJ1-5	1
CASSPSAGGAYNEQFF	TRBV5-5	TRBJ2-1	1
CASSPSAQGNEQYF	TRBV4-2	TRBJ2-7	1
CASSPSGLLLAGGETQYF	TRBV5-1	TRBJ2-5	1
CASSPSGNTEAFF	TRBV7-9	TRBJ1-1	2
CASSPSGQPQHF	TRBV7-9	TRBJ1-5	1
CASSPSGTGELFF	TRBV19	TRBJ2-2	1
CASSPSLGTGGGLQFF	TRBV6-5	TRBJ2-1	1
CASSPSLYLTDTQYF	TRBV18	TRBJ2-3	1
CASSPSPASDTDTQYF	TRBV4-3	TRBJ2-3	2
CASSPSRPWGPHSNTGELFF	TRBV27	TRBJ2-2	1
CASSPSRSGADTQYF	TRBV4-1	TRBJ2-3	2
CASSPSTGETAEAFF	TRBV9	TRBJ1-1	1
CASSPSTGGVYGYTF	TRBV18	TRBJ1-2	1
CASSPSYEGRPQETQYF	TRBV18	TRBJ2-5	1
CASSPTFYGVMDEQFF	TRBV11-2	TRBJ2-1	1
CASSPTGFF	TRBV12-3	TRBJ2-1	2
CASSPTGGMNSPLHF	TRBV12-4	TRBJ1-6	1
CASSPTGGPADTQYF	TRBV18	TRBJ2-3	1
CASSPTGGRYGYTF	TRBV4-3	TRBJ1-2	1
CASSPTGLEAFF	TRBV6-6	TRBJ1-1	2
CASSPTGLGQPQHF	TRBV28	TRBJ1-5	2
CASSPTGSDTGELFF	TRBV6-4	TRBJ2-2	1
CASSPTGVGQPQHF	TRBV28	TRBJ1-5	1
CASSPTGVGQPQHF	TRBV6-3	TRBJ1-5	1
CASSPTPTSGRVYEQYF	TRBV7-9	TRBJ2-7	1
CASSPTQGAGDTQYF	TRBV4-3	TRBJ2-3	1
CASSPTQGATGELFF	TRBV4-1	TRBJ2-2	1
CASSPTRGRKNTGELFF	TRBV25-1	TRBJ2-2	1
CASSPTSFGEQFF	TRBV6-3	TRBJ2-1	1
CASSPTSGGVYEQYF	TRBV7-2	TRBJ2-7	1
CASSPTSGGYNEQFF	TRBV19	TRBJ2-1	2
CASSPTTGEDNEQFF	TRBV7-6	TRBJ2-1	1
CASSPTTGGRNEKLFF	TRBV19	TRBJ1-4	1
CASSPTVTYNEQFF	TRBV5-8	TRBJ2-1	1
CASSPTWGSTGELFF	TRBV7-9	TRBJ2-2	1
CASSPVGGGYNEQFF	TRBV7-6	TRBJ2-1	1
CASSPVGGSSTDTQYF	TRBV9	TRBJ2-3	1
CASSPVPGGTEAFF	TRBV7-3	TRBJ1-1	1
CASSPVTGGGSGANVLTF	TRBV7-9	TRBJ2-6	12
CASSPWTGARWEQYF	TRBV6-1	TRBJ2-7	1
CASSPWYSSYNSPLHF	TRBV11-2	TRBJ1-6	1
CASSPYGLNEQYF	TRBV4-3	TRBJ2-7	1
CASSPYGWAKETQYF	TRBV7-3	TRBJ2-5	1
CASSPYLDIAGYEQYF	TRBV27	TRBJ2-7	1
CASSPYPGTGAGYTF	TRBV7-3	TRBJ1-2	1
CASSPYRGQQETQYF	TRBV27	TRBJ2-5	1
CASSPYTDRDTATNEKLFF	TRBV18	TRBJ1-4	1
CASSQAAGDNEKLFF	TRBV14	TRBJ1-4	3
CASSQAEGAGTEAFF	TRBV4-3	TRBJ1-1	1
CASSQAGEGTEAFF	TRBV4-1	TRBJ1-1	1
CASSQAGGLFEQYF	TRBV4-3	TRBJ2-7	1
CASSQAGRVVTQYF	TRBV4-1	TRBJ2-5	1
CASSQAGTSGFYEQYF	TRBV4-3	TRBJ2-7	1
CASSQAHPWRRSYNEQFF	TRBV4-3	TRBJ2-1	1
CASSQALGAPEAFF	TRBV4-2	TRBJ1-1	1
CASSQALSYEQYF	TRBV4-3	TRBJ2-7	1
CASSQALWGEPRNTEAFF	TRBV4-1	TRBJ1-1	1
CASSQAPGGSHSEAFF	TRBV4-2	TRBJ1-1	1
CASSQAQASSYEQYF	TRBV4-1	TRBJ2-7	1
CASSQAQGTRETQYF	TRBV4-3	TRBJ2-5	1
CASSQAQIQTGELFF	TRBV4-3	TRBJ2-2	1
CASSQAQLNTEAFF	TRBV4-2	TRBJ1-1	1
CASSQASGGSTNTGELFF	TRBV4-2	TRBJ2-2	1
CASSQATSGIFVYEQYF	TRBV3-1	TRBJ2-7	1
CASSQATTGGNEKLFF	TRBV4-3	TRBJ1-4	1
CASSQAVGDYKTEAFF	TRBV4-3	TRBJ1-1	1
CASSQDAAGEKLFF	TRBV4-3	TRBJ1-4	1
CASSQDAGLATYEQYF	TRBV4-3	TRBJ2-7	1
CASSQDASGGAGELFF	TRBV4-2	TRBJ2-2	1
CASSQDASGPYNEQFF	TRBV4-3	TRBJ2-1	1
CASSQDASSRDLYEQYF	TRBV4-3	TRBJ2-7	1
CASSQDDHGSNEQYF	TRBV4-3	TRBJ2-7	1
CASSQDDTTYEQYF	TRBV4-1	TRBJ2-7	1
CASSQDELTGAGNTIYF	TRBV4-3	TRBJ1-3	1
CASSQDFPASYNSPLHF	TRBV14	TRBJ1-6	1
CASSQDFTYEQYF	TRBV3-1	TRBJ2-7	1
CASSQDFVLYSGNTIYF	TRBV14	TRBJ1-3	1
CASSQDGEPYGYTF	TRBV4-3	TRBJ1-2	1
CASSQDGESSYNEQFF	TRBV4-3	TRBJ2-1	1
CASSQDGGDETPNTEAFF	TRBV3-1	TRBJ1-1	1
CASSQDGGTGGVITRDTEAFF	TRBV3-1	TRBJ1-1	1
CASSQDGGYYGYTF	TRBV4-3	TRBJ1-2	1
CASSQDGKAQYF	TRBV4-2	TRBJ2-5	1
CASSQDGNRGRDEQYF	TRBV4-1	TRBJ2-7	1
CASSQDGRNTEAFF	TRBV4-1	TRBJ1-1	1
CASSQDGRRDVWTGELFF	TRBV4-3	TRBJ2-2	1
CASSQDGRTYGYTF	TRBV3-1	TRBJ1-2	1
CASSQDGTGWTNEKLFF	TRBV4-3	TRBJ1-4	1
CASSQDGYNEQFF	TRBV4-3	TRBJ2-1	1
CASSQDHNRGQGYTF	TRBV4-3	TRBJ1-2	1
CASSQDHYGVSGNTIYF	TRBV4-3	TRBJ1-3	1
CASSQDIGGSMNTEAFF	TRBV4-2	TRBJ1-1	1
CASSQDIRTGNNEQFF	TRBV4-2	TRBJ2-1	1
CASSQDKLGDPPYKQFF	TRBV14	TRBJ2-1	1
CASSQDLAGNTGELFF	TRBV4-3	TRBJ2-2	1
CASSQDLAVQETQYF	TRBV3-1	TRBJ2-5	1
CASSQDLGINEQYF	TRBV4-3	TRBJ2-7	1
CASSQDLGNQPQHF	TRBV4-1	TRBJ1-5	1
CASSQDLLSGAQYF	TRBV4-2	TRBJ2-3	1
CASSQDLSSGVTYEQYF	TRBV4-3	TRBJ2-7	3
CASSQDLTSGGAAYNEQFF	TRBV4-3	TRBJ2-1	1
CASSQDMGWGTDTQYF	TRBV14	TRBJ2-3	1
CASSQDNPLNSPLHF	TRBV4-2	TRBJ1-6	1
CASSQDPPGGGRADTQYF	TRBV4-1	TRBJ2-3	1
CASSQDPPPTANTGELFF	TRBV4-2	TRBJ2-2	1
CASSQDPSGRWYNEQFF	TRBV3-1	TRBJ2-1	1
CASSQDQGLGNEQFF	TRBV4-1	TRBJ2-1	1
CASSQDQGQDTEAFF	TRBV4-2	TRBJ1-1	1
CASSQDRDSLRYEQYF	TRBV3-1	TRBJ2-7	1
CASSQDRGDEQFF	TRBV4-3	TRBJ2-1	1
CASSQDRGGLGEKLFF	TRBV4-3	TRBJ1-4	1
CASSQDRGGVPSYNEQFF	TRBV3-1	TRBJ2-1	1
CASSQDRGHQPQHF	TRBV27	TRBJ1-5	1
CASSQDRGLVDTEAFF	TRBV6-5	TRBJ1-1	1
CASSQDRQGGDEQYF	TRBV4-1	TRBJ2-7	1
CASSQDRQGISIGYTF	TRBV4-3	TRBJ1-2	1
CASSQDRTPGDTQYF	TRBV4-1	TRBJ2-3	1
CASSQDRTPNGNTEAFF	TRBV4-1	TRBJ1-1	1
CASSQDRVLAGAYEQYF	TRBV3-1	TRBJ2-7	1
CASSQDRVTWGGIAKNIQYF	TRBV4-2	TRBJ2-4	1
CASSQDRWLSGQPQHF	TRBV4-1	TRBJ1-5	1
CASSQDSPGIRDNQPQHF	TRBV3-1	TRBJ1-5	1
CASSQDSPTNYGYTF	TRBV4-3	TRBJ1-2	4
CASSQDTAGEYNEQFF	TRBV3-1	TRBJ2-1	1
CASSQDTGIDEQYF	TRBV4-3	TRBJ2-7	1
CASSQDTGLGIYEQYF	TRBV4-3	TRBJ2-7	1
CASSQDTPDSNYGYTF	TRBV4-2	TRBJ1-2	1
CASSQDTSGSGLWTEAFF	TRBV14	TRBJ1-1	1
CASSQDWGQPNTEAFF	TRBV4-3	TRBJ1-1	1
CASSQDWQAKGAGYTF	TRBV4-3	TRBJ1-2	1
CASSQDWTEQYF	TRBV3-1	TRBJ2-7	1
CASSQDYREEPTLKEQYF	TRBV4-3	TRBJ2-7	1
CASSQEADSGAFGYTF	TRBV4-3	TRBJ1-2	1
CASSQEAGALGETQYF	TRBV4-1	TRBJ2-5	1
CASSQEARKGRVTEAFF	TRBV4-2	TRBJ1-1	1
CASSQEASMGGNTIYF	TRBV4-2	TRBJ1-3	1
CASSQEDSSYNEQFF	TRBV4-1	TRBJ2-1	1
CASSQEEAGTGELFF	TRBV4-1	TRBJ2-2	1
CASSQEEESLGYEQYF	TRBV4-1	TRBJ2-7	1
CASSQEEGADTEAFF	TRBV13	TRBJ1-1	1
CASSQEEGADTEAFF	TRBV4-2	TRBJ1-1	1
CASSQEEGAYNSPLHF	TRBV14	TRBJ1-6	1
CASSQEEGPVGYTF	TRBV4-2	TRBJ1-2	2
CASSQEEIVSGELFF	TRBV4-1	TRBJ2-2	1
CASSQEELVLAFF	TRBV4-1	TRBJ1-1	1
CASSQEFWVLGELFF	TRBV4-3	TRBJ2-2	1
CASSQEGAGAAGDTQYF	TRBV4-3	TRBJ2-3	1
CASSQEGESNYGYTF	TRBV4-3	TRBJ1-2	1
CASSQEGGDGEKLFF	TRBV14	TRBJ1-4	5
CASSQEGGDGYTF	TRBV4-2	TRBJ1-2	1
CASSQEGGLDYGYTF	TRBV4-1	TRBJ1-2	1
CASSQEGLPSSYEQYF	TRBV4-1	TRBJ2-7	1
CASSQEGVSRGANVLTF	TRBV4-3	TRBJ2-6	1
CASSQEKGTAVPNSPLHF	TRBV4-1	TRBJ1-6	1
CASSQELLSSGELFF	TRBV4-2	TRBJ2-2	1
CASSQEMGGPDTQYF	TRBV14	TRBJ2-3	1
CASSQEMVAGPLHF	TRBV4-3	TRBJ1-6	1
CASSQEPGGAGGYTF	TRBV4-3	TRBJ1-2	1
CASSQEPLTDTQYF	TRBV4-1	TRBJ2-3	5
CASSQEQASNEQFF	TRBV4-2	TRBJ2-1	1
CASSQEQWSGETSNYGYTF	TRBV4-2	TRBJ1-2	1
CASSQERGLPNEKLFF	TRBV3-1	TRBJ1-4	1
CASSQESALASTDTQYF	TRBV14	TRBJ2-3	1
CASSQESPREAADTQYF	TRBV4-3	TRBJ2-3	1
CASSQESYEGGELFF	TRBV4-3	TRBJ2-2	1
CASSQETFTGSPLHF	TRBV4-3	TRBJ1-6	1
CASSQETGGNQPQHF	TRBV3-1	TRBJ1-5	1
CASSQETGYGYTF	TRBV4-3	TRBJ1-2	1
CASSQETSTYEQYF	TRBV4-3	TRBJ2-7	1
CASSQETYYGYTF	TRBV3-1	TRBJ1-2	1
CASSQEVAVVGYTF	TRBV4-3	TRBJ1-2	1
CASSQEVGRGAEAFF	TRBV4-3	TRBJ1-1	1
CASSQEVSYVPQNYEQYF	TRBV4-2	TRBJ2-7	1
CASSQEVVLSTDTQYF	TRBV4-2	TRBJ2-3	1
CASSQEWDRGRSEQFF	TRBV3-1	TRBJ2-1	1
CASSQEWLAGGPGTQYF	TRBV4-2	TRBJ2-5	1
CASSQEWSSYEQYF	TRBV4-3	TRBJ2-7	1
CASSQFLGVGETDTQYF	TRBV4-3	TRBJ2-3	1
CASSQFQGAVTGELFF	TRBV4-3	TRBJ2-2	1
CASSQGAETGSTEAFF	TRBV4-3	TRBJ1-1	1
CASSQGAFSVEQYF	TRBV4-2	TRBJ2-7	1
CASSQGAGGVYNEQFF	TRBV4-1	TRBJ2-1	1
CASSQGATGGPPDTQYF	TRBV14	TRBJ2-3	1
CASSQGAYGYTF	TRBV19	TRBJ1-2	115
CASSQGEAVMNSPLHF	TRBV4-2	TRBJ1-6	1
CASSQGFSWEQYF	TRBV4-1	TRBJ2-7	1
CASSQGFWTFGNTIYF	TRBV4-3	TRBJ1-3	1
CASSQGFYLSGWDTGELFF	TRBV3-1	TRBJ2-2	1
CASSQGGGGTDTQYF	TRBV4-3	TRBJ2-3	1
CASSQGGGLGTEAFF	TRBV5-1	TRBJ1-1	1
CASSQGGGPSYGYTF	TRBV4-1	TRBJ1-2	1
CASSQGGGQGYEQYF	TRBV4-3	TRBJ2-7	1
CASSQGGGWTEAFF	TRBV4-2	TRBJ1-1	1
CASSQGGLVYRDTGELFF	TRBV4-3	TRBJ2-2	1
CASSQGGQGKGGYTF	TRBV4-2	TRBJ1-2	1
CASSQGGSPLHF	TRBV4-2	TRBJ1-6	1
CASSQGILSGELFF	TRBV4-2	TRBJ2-2	1
CASSQGLADNTGELFF	TRBV4-2	TRBJ2-2	1
CASSQGLAGSEQYF	TRBV4-3	TRBJ2-7	1
CASSQGLSGSSYNEQFF	TRBV4-3	TRBJ2-1	1
CASSQGLSNEQYF	TRBV4-1	TRBJ2-7	5
CASSQGLVSGSPLHF	TRBV4-3	TRBJ1-6	1
CASSQGMNTEAFF	TRBV4-1	TRBJ1-1	2
CASSQGNYGYTF	TRBV19	TRBJ1-2	10
CASSQGPAGLTDTQYF	TRBV4-3	TRBJ2-3	1
CASSQGPYNEQFF	TRBV4-1	TRBJ2-1	1
CASSQGQGATEAFF	TRBV4-1	TRBJ1-1	2
CASSQGQGGEQYF	TRBV4-1	TRBJ2-7	12
CASSQGQGQPQHF	TRBV6-3	TRBJ1-5	1
CASSQGQGSYFEQFF	TRBV6-5	TRBJ2-1	1
CASSQGQLSTDTQYF	TRBV4-3	TRBJ2-3	1
CASSQGREAGGPAGYNEQFF	TRBV4-3	TRBJ2-1	1
CASSQGRESYEQYF	TRBV4-3	TRBJ2-7	1
CASSQGRQRVSYGYTF	TRBV4-1	TRBJ1-2	1
CASSQGRVLPSRTDTQYF	TRBV4-1	TRBJ2-3	1
CASSQGSAGGNEQFF	TRBV4-1	TRBJ2-1	4
CASSQGSFSGNTIYF	TRBV14	TRBJ1-3	1
CASSQGSWGYTF	TRBV19	TRBJ1-2	3
CASSQGSYGYTF	TRBV19	TRBJ1-2	3
CASSQGTGGTEAFF	TRBV4-1	TRBJ1-1	2
CASSQGTGNTEAFF	TRBV4-1	TRBJ1-1	5
CASSQGTGQGETQYF	TRBV4-3	TRBJ2-5	1
CASSQGTGSYEQYF	TRBV4-1	TRBJ2-7	1
CASSQGTQDGYTF	TRBV4-3	TRBJ1-2	1
CASSQGTSFFEQFF	TRBV3-1	TRBJ2-1	1
CASSQGTVLQPQHF	TRBV4-3	TRBJ1-5	2
CASSQGVAGGWGTQYF	TRBV3-1	TRBJ2-5	1
CASSQGVGQEKLFF	TRBV4-1	TRBJ1-4	1
CASSQGVITEAFF	TRBV4-1	TRBJ1-1	1
CASSQGVLLGQPQHF	TRBV4-3	TRBJ1-5	1
CASSQGYIDQVF	TRBV12-4	TRBJ1-1	1
CASSQHRGRTGELFF	TRBV4-1	TRBJ2-2	1
CASSQILRVTSADTQYF	TRBV28	TRBJ2-3	1
CASSQKFADTQYF	TRBV3-1	TRBJ2-3	1
CASSQKLDRETQYF	TRBV4-2	TRBJ2-5	1
CASSQKSGNPLVQYF	TRBV3-1	TRBJ2-4	1
CASSQLDGYSNQPQHF	TRBV4-1	TRBJ1-5	1
CASSQLGLAGDEQFF	TRBV14	TRBJ2-1	1
CASSQLNGVGGYTF	TRBV4-1	TRBJ1-2	1
CASSQLSPLAGGLETQYF	TRBV4-1	TRBJ2-5	1
CASSQLVAGALGETQYF	TRBV4-1	TRBJ2-5	1
CASSQLVGQGSTGELFF	TRBV7-3	TRBJ2-2	1
CASSQNSPLHF	TRBV5-6	TRBJ1-6	1
CASSQPGAFFTDTQYF	TRBV3-1	TRBJ2-3	2
CASSQPGAGFGEKLFF	TRBV14	TRBJ1-4	1
CASSQPGENEQFF	TRBV4-1	TRBJ2-1	1
CASSQPISYPRETQYF	TRBV3-1	TRBJ2-5	1
CASSQPNRASGRSETQYF	TRBV4-2	TRBJ2-5	1
CASSQPPAGTTTNEKLFF	TRBV4-3	TRBJ1-4	1
CASSQPRCTDTQYF	TRBV14	TRBJ2-3	1
CASSQPRDRHFISKETQYF	TRBV14	TRBJ2-5	1
CASSQQGALDVDTYEQYF	TRBV7-2	TRBJ2-7	1
CASSQQGGYEQYF	TRBV4-2	TRBJ2-7	1
CASSQQGSYGYTF	TRBV14	TRBJ1-2	1
CASSQQQGYGTEAFF	TRBV4-1	TRBJ1-1	2
CASSQRGGVYNSPLHF	TRBV4-1	TRBJ1-6	1
CASSQRPSEVGELFF	TRBV4-2	TRBJ2-2	4
CASSQRRGRHNEQFF	TRBV4-1	TRBJ2-1	1
CASSQRRGRSYNEQFF	TRBV3-1	TRBJ2-1	1
CASSQRRTGPSSTDTQYF	TRBV4-1	TRBJ2-3	1
CASSQRSSYEQYF	TRBV19	TRBJ2-7	3
CASSQRSTDTQYF	TRBV19	TRBJ2-3	1
CASSQRSTGELFF	TRBV19	TRBJ2-2	3
CASSQRTSAETQYF	TRBV3-1	TRBJ2-5	1
CASSQRWMNTEAFF	TRBV5-4	TRBJ1-1	1
CASSQSAGPRSYEQYF	TRBV3-1	TRBJ2-7	4
CASSQSGNAYNEQFF	TRBV6-3	TRBJ2-1	1
CASSQSGTGYGYTF	TRBV14	TRBJ1-2	1
CASSQSGTREYEQYF	TRBV3-1	TRBJ2-7	8
CASSQSLYGYEQYF	TRBV4-3	TRBJ2-7	1
CASSQSPGGMQYF	TRBV14	TRBJ2-7	6
CASSQSPGGTQYF	TRBV14	TRBJ2-3	1
CASSQSPGGTQYF	TRBV14	TRBJ2-5	5
CASSQSVGGLNEKLFF	TRBV14	TRBJ1-4	3
CASSQTGADFYGYTF	TRBV6-4	TRBJ1-2	1
CASSQTGGKTYEQYF	TRBV14	TRBJ2-7	1
CASSQTGGTEAFF	TRBV4-2	TRBJ1-1	1
CASSQTGHYGYTF	TRBV6-3	TRBJ1-2	1
CASSQTGRGDNSPLHF	TRBV6-5	TRBJ1-6	5
CASSQTSGSGDTQYF	TRBV9	TRBJ2-3	1
CASSQVASDEQFF	TRBV4-3	TRBJ2-1	1
CASSQVGGDQPQHF	TRBV4-1	TRBJ1-5	1
CASSQVGGRTNEKLFF	TRBV4-3	TRBJ1-4	1
CASSQVGLAGGYTGELFF	TRBV4-3	TRBJ2-2	1
CASSQVGLAGSRETQYF	TRBV3-1	TRBJ2-5	1
CASSQVGNTEAFF	TRBV4-1	TRBJ1-1	1
CASSQVGSWWWADTQYF	TRBV14	TRBJ2-3	1
CASSQVGTVYGYTF	TRBV3-1	TRBJ1-2	1
CASSQVHRGGREKLFF	TRBV4-2	TRBJ1-4	1
CASSQVKLAGEQYF	TRBV3-1	TRBJ2-7	1
CASSQVLLRVSSPLHF	TRBV3-1	TRBJ1-6	1
CASSQVPANYYGYTF	TRBV4-1	TRBJ1-2	1
CASSQVPGADTEAFF	TRBV4-3	TRBJ1-1	1
CASSQVRIYNEQFF	TRBV3-1	TRBJ2-1	2
CASSQVRRANYGYTF	TRBV4-1	TRBJ1-2	1
CASSQVSSRQPHTEAFF	TRBV3-1	TRBJ1-1	1
CASSQVVGDRGLHGYTF	TRBV4-3	TRBJ1-2	1
CASSQVWGFGELFF	TRBV4-3	TRBJ2-2	1
CASSQVYKRQKNTGELFF	TRBV4-1	TRBJ2-2	1
CASSQWGLAGEDTQYF	TRBV6-3	TRBJ2-3	1
CASSQWGSGVYEQYF	TRBV13	TRBJ2-7	1
CASSQWNGRFNYGYTF	TRBV4-1	TRBJ1-2	1
CASSQYFSGTEAFF	TRBV6-5	TRBJ1-1	1
CASSQYGGGDQYF	TRBV7-2	TRBJ2-5	4
CASSQYGNQPQHF	TRBV13	TRBJ1-5	1
CASSQYGTSSVNEQFF	TRBV11-2	TRBJ2-1	1
CASSQYLWGGELFF	TRBV14	TRBJ2-2	1
CASSQYVFQGSYGYTF	TRBV4-3	TRBJ1-2	1
CASSRAGLARYSSYNEQFF	TRBV13	TRBJ2-1	1
CASSRDASSYEQYF	TRBV10-1	TRBJ2-7	1
CASSRDGAHEQYF	TRBV19	TRBJ2-7	6
CASSRDHSYEQYF	TRBV12-4	TRBJ2-7	1
CASSRDLDSNQPQHF	TRBV6-3	TRBJ1-5	1
CASSRDLSGANVLTF	TRBV10-1	TRBJ2-6	1
CASSRDRETEKLFF	TRBV18	TRBJ1-4	1
CASSRDRGRHYNEQFF	TRBV11-2	TRBJ2-1	1
CASSRDSGEHGYTF	TRBV7-9	TRBJ1-2	1
CASSREGPNGELFF	TRBV7-3	TRBJ2-2	1
CASSRFGDTEAFF	TRBV7-3	TRBJ1-1	1
CASSRFWVGPYEQYF	TRBV5-1	TRBJ2-7	1
CASSRGEGRGIQYF	TRBV12-3	TRBJ2-7	12
CASSRGEVPGTDTQYF	TRBV7-3	TRBJ2-3	1
CASSRGGIASGANVLTF	TRBV7-7	TRBJ2-6	1
CASSRGGVDGYTF	TRBV19	TRBJ1-2	1
CASSRGLAGVETQYF	TRBV18	TRBJ2-5	1
CASSRGLGRVGDLGHNEQFF	TRBV5-1	TRBJ2-1	1
CASSRGQGLSNEKLFF	TRBV4-2	TRBJ1-4	1
CASSRGRGSSYNEQFF	TRBV12-4	TRBJ2-1	1
CASSRGTGNYGYTF	TRBV6-6	TRBJ1-2	1
CASSRGTGRIGNQPQHF	TRBV6-3	TRBJ1-5	1
CASSRHGQGNTEAFF	TRBV7-9	TRBJ1-1	1
CASSRHPPAGASDTQYF	TRBV4-3	TRBJ2-3	1
CASSRKTGANEQFF	TRBV28	TRBJ2-1	1
CASSRLAGESDTQYF	TRBV5-4	TRBJ2-3	1
CASSRLAGGPWRGEQFF	TRBV28	TRBJ2-1	1
CASSRLAGGWNEQFF	TRBV3-1	TRBJ2-1	43
CASSRLAKEQYF	TRBV12-4	TRBJ2-7	1
CASSRLDNYNEQFF	TRBV28	TRBJ2-1	1
CASSRLGGNTQYF	TRBV16	TRBJ2-3	1
CASSRLPGLAGVGNHEQYF	TRBV4-3	TRBJ2-7	1
CASSRNRDNSPLHF	TRBV28	TRBJ1-6	5
CASSRPGGTKTQYF	TRBV5-1	TRBJ2-5	1
CASSRPVAVIYGYTF	TRBV10-1	TRBJ1-2	1
CASSRPVTSGRHEQYF	TRBV4-2	TRBJ2-7	1
CASSRQGSWLETQYF	TRBV6-5	TRBJ2-5	1
CASSRQGVGQPQHF	TRBV4-3	TRBJ1-5	1
CASSRRDRATPGPHYEQYF	TRBV6-5	TRBJ2-7	1
CASSRRDSPSYEQYF	TRBV19	TRBJ2-7	2
CASSRRGGRTDEQYF	TRBV9	TRBJ2-7	1
CASSRRGQPNTGELFF	TRBV7-3	TRBJ2-2	1
CASSRRLAGYYEQYF	TRBV7-9	TRBJ2-7	1
CASSRRWGQGTWRGYEQYF	TRBV6-1	TRBJ2-7	1
CASSRSGGLQETQYF	TRBV12-4	TRBJ2-5	2
CASSRSSYEQYF	TRBV7-2	TRBJ2-7	1
CASSRTGGINTGELFF	TRBV4-1	TRBJ2-2	1
CASSRTGSDYGYTF	TRBV19	TRBJ1-2	1
CASSRTGTSYEQYF	TRBV13	TRBJ2-7	63
CASSRTLNTEAFF	TRBV27	TRBJ1-1	1
CASSRTRSSGANVLTF	TRBV4-3	TRBJ2-6	1
CASSRTSGGAYEQYF	TRBV4-3	TRBJ2-7	1
CASSRTSGRSYEQYF	TRBV11-2	TRBJ2-7	1
CASSRTSGSLYNEQFF	TRBV6-5	TRBJ2-1	1
CASSRTVWSITGELFF	TRBV5-1	TRBJ2-2	1
CASSRVEDGNTIYF	TRBV6-5	TRBJ1-3	1
CASSRVQATTGELFF	TRBV4-3	TRBJ2-2	1
CASSRWTSEDEQFF	TRBV7-2	TRBJ2-1	1
CASSRYAYGTSRTDTQYF	TRBV6-3	TRBJ2-3	2
CASSRYTTGTSGRGTGELFF	TRBV5-6	TRBJ2-2	1
CASSSAAGMSTDTQYF	TRBV13	TRBJ2-3	1
CASSSAGADYEQYF	TRBV9	TRBJ2-7	1
CASSSAGGTPSYEQYF	TRBV7-2	TRBJ2-7	1
CASSSAGPYGYTF	TRBV19	TRBJ1-2	1
CASSSAGTGGQETQYF	TRBV7-9	TRBJ2-5	1
CASSSDGNEQFF	TRBV27	TRBJ2-1	1
CASSSDGPLDEQFF	TRBV7-8	TRBJ2-1	1
CASSSDRGIGTDTQYF	TRBV7-2	TRBJ2-3	1
CASSSDRGTGELFF	TRBV7-6	TRBJ2-2	1
CASSSDSLKLFF	TRBV19	TRBJ1-4	1
CASSSDSYEQYF	TRBV13	TRBJ2-7	1
CASSSDWTGGAYYGYTF	TRBV7-2	TRBJ1-2	1
CASSSEAGGANVLTF	TRBV7-6	TRBJ2-6	3
CASSSEAGLAATDTQYF	TRBV5-1	TRBJ2-3	1
CASSSEGGGEQFF	TRBV7-9	TRBJ2-1	1
CASSSEGGNQPQHF	TRBV5-6	TRBJ1-5	1
CASSSEGQVAKNIQYF	TRBV5-6	TRBJ2-4	4
CASSSEGRMTYEQYF	TRBV7-2	TRBJ2-7	3
CASSSEGTDNQPQHF	TRBV19	TRBJ1-5	1
CASSSFGGRELFF	TRBV19	TRBJ2-2	1
CASSSFLGAEAFF	TRBV19	TRBJ1-1	3
CASSSFSANEKLFF	TRBV19	TRBJ1-4	14
CASSSGALPRGETQYF	TRBV7-3	TRBJ2-5	1
CASSSGANYGYTF	TRBV12-3	TRBJ1-2	1
CASSSGEKLFF	TRBV27	TRBJ1-4	1
CASSSGFFSLGDTEAFF	TRBV7-9	TRBJ1-1	1
CASSSGGARETQYF	TRBV6-5	TRBJ2-5	1
CASSSGGDLYEQYF	TRBV27	TRBJ2-7	1
CASSSGGGGQFF	TRBV19	TRBJ2-1	1
CASSSGGQSLYSNQPQHF	TRBV6-6	TRBJ1-5	1
CASSSGGTYGYTF	TRBV7-2	TRBJ1-2	1
CASSSGLAGVNEQFF	TRBV7-9	TRBJ2-1	2
CASSSGLVSNTGELFF	TRBV9	TRBJ2-2	4
CASSSGMGTDTQYF	TRBV5-1	TRBJ2-3	1
CASSSGPGRRAFHF	TRBV27	TRBJ2-7	1
CASSSGQGMDIQYF	TRBV7-2	TRBJ2-4	1
CASSSGQGNEQYF	TRBV6-5	TRBJ2-7	1
CASSSGQINQPQHF	TRBV7-6	TRBJ1-5	1
CASSSGREIWYEQYF	TRBV14	TRBJ2-7	1
CASSSGRPASNQPQHF	TRBV6-3	TRBJ1-5	1
CASSSGSGSPEMGDEQFF	TRBV7-8	TRBJ2-1	1
CASSSGSGTEAFF	TRBV6-3	TRBJ1-1	1
CASSSGSLETQYF	TRBV19	TRBJ2-5	1
CASSSGTAAYEQYF	TRBV11-2	TRBJ2-7	1
CASSSGTGEPNTEAFF	TRBV11-2	TRBJ1-1	1
CASSSGTGGYNSPLHF	TRBV19	TRBJ1-6	1
CASSSGTGPSYEQYF	TRBV7-9	TRBJ2-7	1
CASSSGTGSGGPQYF	TRBV6-6	TRBJ2-5	1
CASSSGTGWLGSNQPQHF	TRBV7-2	TRBJ1-5	1
CASSSGTSGAYEQYF	TRBV27	TRBJ2-7	1
CASSSGTSGPSSYNEQFF	TRBV12-4	TRBJ2-1	1
CASSSGTSGSYEQYF	TRBV27	TRBJ2-7	1
CASSSGVITTDTQYF	TRBV7-8	TRBJ2-3	1
CASSSHQRTGVDEQFF	TRBV27	TRBJ2-1	1
CASSSHSGRANTDTQYF	TRBV19	TRBJ2-3	1
CASSSHSRVVSGYTF	TRBV7-9	TRBJ1-2	1
CASSSIAEQFF	TRBV7-9	TRBJ2-1	1
CASSSIIQVSGNTIYF	TRBV28	TRBJ1-3	1
CASSSIREICSMCGYTF	TRBV28	TRBJ1-2	1
CASSSIRGPLSGNTIYF	TRBV7-2	TRBJ1-3	1
CASSSISGNTIYF	TRBV27	TRBJ1-3	7
CASSSKDRERVTQYF	TRBV6-1	TRBJ2-5	1
CASSSKEGVLLHF	TRBV7-6	TRBJ1-6	1
CASSSKGLNTEAFF	TRBV5-6	TRBJ1-1	1
CASSSLAGGLTDTQYF	TRBV27	TRBJ2-3	1
CASSSLANEQFF	TRBV11-1	TRBJ2-1	1
CASSSLDVAGYEQYF	TRBV12-3	TRBJ2-7	1
CASSSLGEFYNEQFF	TRBV7-9	TRBJ2-1	1
CASSSLGPQGSGANVLTF	TRBV6-6	TRBJ2-6	1
CASSSLGQILSYEQYF	TRBV28	TRBJ2-7	1
CASSSLGQRIPNSPLHF	TRBV6-3	TRBJ1-6	1
CASSSLHRWYSPLHF	TRBV7-9	TRBJ1-6	1
CASSSLLAGGLEQYF	TRBV13	TRBJ2-7	1
CASSSLPDTGKNIQYF	TRBV5-1	TRBJ2-4	1
CASSSLRGSNQPQHF	TRBV28	TRBJ1-5	1
CASSSLYGMANTGELFF	TRBV27	TRBJ2-2	1
CASSSNGVRTGGYGYTF	TRBV5-1	TRBJ1-2	1
CASSSNQGDNQPQHF	TRBV11-2	TRBJ1-5	1
CASSSPANEGTDTQYF	TRBV6-5	TRBJ2-3	1
CASSSPCCSHSYNEQFF	TRBV7-2	TRBJ2-1	1
CASSSPDGRTDTQYF	TRBV27	TRBJ2-3	1
CASSSPERGRGTDTQYF	TRBV13	TRBJ2-3	1
CASSSPETQYF	TRBV28	TRBJ2-5	1
CASSSPGAGPNNEQFF	TRBV7-9	TRBJ2-1	1
CASSSPGDSINYNEQFF	TRBV18	TRBJ2-1	1
CASSSPGGESPLHF	TRBV27	TRBJ1-6	14
CASSSPGGMETQYF	TRBV7-2	TRBJ2-5	1
CASSSPGLAANEQFF	TRBV6-3	TRBJ2-1	1
CASSSPGLYPETQYF	TRBV6-3	TRBJ2-5	1
CASSSPGQGEEAFF	TRBV9	TRBJ1-1	1
CASSSPGTGAYGYTF	TRBV27	TRBJ1-2	1
CASSSPLAEERTGELFF	TRBV5-6	TRBJ2-2	1
CASSSPNQETQYF	TRBV11-3	TRBJ2-5	1
CASSSPPGTGEVLFF	TRBV7-2	TRBJ1-4	1
CASSSPPRIYSNQPQHF	TRBV28	TRBJ1-5	1
CASSSPQSAYEQYF	TRBV13	TRBJ2-7	1
CASSSPRLSGEADGYTF	TRBV7-9	TRBJ1-2	1
CASSSPSGLAGQETQYF	TRBV27	TRBJ2-5	1
CASSSPSGSGTGELFF	TRBV27	TRBJ2-2	1
CASSSPSSEAFF	TRBV27	TRBJ1-1	1
CASSSPSSSYNEQFF	TRBV9	TRBJ2-1	1
CASSSPSYTGGKNIQYF	TRBV6-3	TRBJ2-4	1
CASSSPTGGQDKNIQYF	TRBV28	TRBJ2-4	1
CASSSPTSGGQETQYF	TRBV12-4	TRBJ2-5	1
CASSSPTSVEQYF	TRBV27	TRBJ2-7	1
CASSSPVGLAEYEQYF	TRBV5-5	TRBJ2-7	1
CASSSPWGQGPHEQYF	TRBV12-4	TRBJ2-7	1
CASSSQGAGANVLTF	TRBV5-4	TRBJ2-6	1
CASSSQGALKREIPYEQYF	TRBV7-8	TRBJ2-7	1
CASSSQGFEQYF	TRBV12-3	TRBJ2-7	1
CASSSQGGFDGYTF	TRBV6-5	TRBJ1-2	1
CASSSQGLGNTIYF	TRBV28	TRBJ1-3	1
CASSSQGVGNTIYF	TRBV28	TRBJ1-3	1
CASSSQPSGLAYNEQFF	TRBV5-1	TRBJ2-1	1
CASSSQREGSYNEQFF	TRBV7-3	TRBJ2-1	2
CASSSQTSGSTGELFF	TRBV7-9	TRBJ2-2	1
CASSSRAGGEQYF	TRBV19	TRBJ2-7	3
CASSSRDNYGYTF	TRBV6-5	TRBJ1-2	1
CASSSRDRGGELFF	TRBV3-1	TRBJ2-2	1
CASSSREMNTEAFF	TRBV13	TRBJ1-1	1
CASSSRGGQETQYF	TRBV7-3	TRBJ2-5	1
CASSSRGGSEAFF	TRBV12-4	TRBJ1-1	1
CASSSRGGTYEQYF	TRBV19	TRBJ2-7	1
CASSSRGLVFYEQYF	TRBV6-1	TRBJ2-7	3
CASSSRGRSTDTQYF	TRBV25-1	TRBJ2-3	1
CASSSRPGLAGYWVDTQYF	TRBV6-6	TRBJ2-3	1
CASSSRSAYEQYF	TRBV19	TRBJ2-7	1
CASSSRSGETQYF	TRBV19	TRBJ2-5	1
CASSSRSGSEQYF	TRBV19	TRBJ2-7	1
CASSSRSGTEQFF	TRBV19	TRBJ2-1	4
CASSSRSGVEQYF	TRBV19	TRBJ2-7	3
CASSSRSGYEQYF	TRBV19	TRBJ2-7	1
CASSSRSGYEQYF	TRBV7-8	TRBJ2-7	1
CASSSRSSYEQYF	TRBV19	TRBJ2-7	2
CASSSRSTDTQYF	TRBV19	TRBJ2-3	1
CASSSRSTGELFF	TRBV19	TRBJ2-2	3
CASSSRTGDSEQYF	TRBV5-4	TRBJ2-7	5
CASSSRWGYEQYF	TRBV9	TRBJ2-7	1
CASSSSAGLAYTDTQYF	TRBV27	TRBJ2-3	1
CASSSSDTQYF	TRBV5-4	TRBJ2-3	1
CASSSSFSGLIEQFF	TRBV11-2	TRBJ2-1	1
CASSSSGSSYNEQFF	TRBV13	TRBJ2-1	1
CASSSSGSTDTQYF	TRBV3-1	TRBJ2-3	1
CASSSSLAGGGELFF	TRBV9	TRBJ2-2	1
CASSSSRRGGRAYEQYF	TRBV6-5	TRBJ2-7	1
CASSSSSAGQETQYF	TRBV7-9	TRBJ2-5	1
CASSSSSQENTEAFF	TRBV12-4	TRBJ1-1	1
CASSSTDLTIPTDTQYF	TRBV28	TRBJ2-3	1
CASSSTGGGEKDQPQHF	TRBV5-4	TRBJ1-5	11
CASSSTGGGEKDQPQHF	TRBV5-6	TRBJ1-5	2
CASSSTGGKETQYF	TRBV13	TRBJ2-5	1
CASSSTGGYEQYF	TRBV12-4	TRBJ2-7	1
CASSSTGPAQETQYF	TRBV5-1	TRBJ2-5	1
CASSSTGTDNSPLHF	TRBV7-3	TRBJ1-6	1
CASSSTGTVSLEKLFF	TRBV5-5	TRBJ1-4	1
CASSSTGVGYTF	TRBV5-6	TRBJ1-2	19
CASSSTKRQSTGELFF	TRBV7-9	TRBJ2-2	1
CASSSTLGTGGFETQYF	TRBV6-5	TRBJ2-5	2
CASSSTLQDRANYGYTF	TRBV6-5	TRBJ1-2	1
CASSSTRVAGEGGTDTQYF	TRBV12-4	TRBJ2-3	1
CASSSTSGRFQNIQYF	TRBV7-9	TRBJ2-4	1
CASSSTTLLAGGYEQYF	TRBV6-5	TRBJ2-7	6
CASSSVASGSTGELFF	TRBV12-4	TRBJ2-2	1
CASSSVGGGGDTQYF	TRBV12-3	TRBJ2-3	1
CASSSVRGPNYGYTF	TRBV27	TRBJ1-2	1
CASSSWDRDEGKLFF	TRBV9	TRBJ1-4	1
CASSSWGDSYEQYF	TRBV13	TRBJ2-7	1
CASSSWTSGGRVYEQFF	TRBV11-2	TRBJ2-1	1
CASSTAGGSYEQYF	TRBV27	TRBJ2-7	1
CASSTALEKLFF	TRBV12-4	TRBJ1-4	1
CASSTASAPETQYF	TRBV6-3	TRBJ2-5	1
CASSTDGQGGSDTQYF	TRBV2	TRBJ2-3	1
CASSTDRYVRSNQPQHF	TRBV19	TRBJ1-5	1
CASSTDSFSYEQYF	TRBV27	TRBJ2-7	1
CASSTDTFGYGYTF	TRBV13	TRBJ1-2	1
CASSTDYEQYF	TRBV2	TRBJ2-7	2
CASSTETGNTEAFF	TRBV13	TRBJ1-1	1
CASSTFSSGRTEAFF	TRBV19	TRBJ1-1	1
CASSTGAGVNEQYF	TRBV4-1	TRBJ2-7	1
CASSTGAWGYTF	TRBV19	TRBJ1-2	4
CASSTGAYGYTF	TRBV19	TRBJ1-2	1
CASSTGFGSPLHF	TRBV6-3	TRBJ1-6	1
CASSTGGDRAGYNEQFF	TRBV19	TRBJ2-1	1
CASSTGLLTDTQYF	TRBV5-4	TRBJ2-3	1
CASSTGRNYGYTF	TRBV3-1	TRBJ1-2	1
CASSTGSYGYTF	TRBV19	TRBJ1-2	3
CASSTGTAYGYTF	TRBV12-3	TRBJ1-2	1
CASSTGTEAFF	TRBV27	TRBJ1-1	1
CASSTGTGANEQFF	TRBV5-1	TRBJ2-1	1
CASSTGTLYGYTF	TRBV19	TRBJ1-2	10
CASSTGTPIRHF	TRBV19	TRBJ1-5	1
CASSTGVYGYTF	TRBV19	TRBJ1-2	4
CASSTGWRAPYNEQFF	TRBV7-8	TRBJ2-1	1
CASSTHGADEQYF	TRBV19	TRBJ2-7	1
CASSTHLLAGVLNEQFF	TRBV28	TRBJ2-1	1
CASSTHRLGTSGGPPDTQYF	TRBV7-9	TRBJ2-3	1
CASSTIRDSLSGANVLTF	TRBV6-3	TRBJ2-6	1
CASSTKAGEYADTQYF	TRBV9	TRBJ2-3	1
CASSTLAGGQETQYF	TRBV6-6	TRBJ2-5	1
CASSTLTSGSRSYEQYF	TRBV6-5	TRBJ2-7	1
CASSTMTGSTGELFF	TRBV19	TRBJ2-2	1
CASSTPGQGPNYGYTF	TRBV7-9	TRBJ1-2	1
CASSTPGQGQETQYF	TRBV12-4	TRBJ2-5	1
CASSTPRGGYTF	TRBV6-3	TRBJ1-2	1
CASSTQRIVTNTGELFF	TRBV5-1	TRBJ2-2	1
CASSTQTGSNTGELFF	TRBV27	TRBJ2-2	1
CASSTQVGYEQYF	TRBV19	TRBJ2-7	1
CASSTRAAYEQYF	TRBV19	TRBJ2-7	16
CASSTRAGGVGQFF	TRBV19	TRBJ2-1	13
CASSTRASEGQYF	TRBV19	TRBJ2-7	1
CASSTRATGELFF	TRBV19	TRBJ2-2	37
CASSTRDRGEEKLFF	TRBV12-4	TRBJ1-4	1
CASSTRDRGSYEQYF	TRBV12-4	TRBJ2-7	1
CASSTRDRGWTSGYNEQFF	TRBV14	TRBJ2-1	1
CASSTRDTFTDTQYF	TRBV21-1	TRBJ2-3	1
CASSTRGLAGVYNEQFF	TRBV5-1	TRBJ2-1	1
CASSTRQDLQETQYF	TRBV7-2	TRBJ2-5	1
CASSTRSAYEQYF	TRBV19	TRBJ2-7	15
CASSTRSDSPLHF	TRBV19	TRBJ1-6	1
CASSTRSGTEAFF	TRBV19	TRBJ1-1	1
CASSTRSGWEQYF	TRBV19	TRBJ2-7	6
CASSTRSGYEQYF	TRBV19	TRBJ2-7	3
CASSTRSQETQYF	TRBV19	TRBJ2-5	1
CASSTRSSYEQYF	TRBV19	TRBJ2-7	21
CASSTRSTDTQYF	TRBV19	TRBJ2-3	1
CASSTRSTGELFF	TRBV19	TRBJ2-2	2
CASSTRTDTQYF	TRBV9	TRBJ2-3	1
CASSTSDYGYTF	TRBV9	TRBJ1-2	1
CASSTSGANQPQHF	TRBV19	TRBJ1-5	1
CASSTSGYSSYNEQFF	TRBV9	TRBJ2-1	1
CASSTSHVGTEAFF	TRBV6-1	TRBJ1-1	1
CASSTSNEQPQHF	TRBV19	TRBJ1-5	2
CASSTSTGTGYGYTF	TRBV4-1	TRBJ1-2	6
CASSTTAGDTEAFF	TRBV6-6	TRBJ1-1	126
CASSTTGFSYNEQFF	TRBV7-9	TRBJ2-1	1
CASSTTGGSTEAFF	TRBV5-1	TRBJ1-1	1
CASSTTGPQTPLHF	TRBV11-2	TRBJ1-6	2
CASSTTGTPGNTIYF	TRBV19	TRBJ1-3	1
CASSTTLTSTGELFF	TRBV28	TRBJ2-2	1
CASSTYASGAISYEQYF	TRBV6-5	TRBJ2-7	1
CASSTYSIDTQYF	TRBV19	TRBJ2-3	1
CASSVAASGSYEQYF	TRBV9	TRBJ2-7	1
CASSVAGQDTDTQYF	TRBV9	TRBJ2-3	1
CASSVAGTNPTDTQYF	TRBV9	TRBJ2-3	1
CASSVAGTTDTQYF	TRBV9	TRBJ2-3	1
CASSVAHLINEQFF	TRBV9	TRBJ2-1	1
CASSVAPDTQYF	TRBV9	TRBJ2-3	1
CASSVAYYLGENTGELFF	TRBV9	TRBJ2-2	1
CASSVDALSSYEQYF	TRBV9	TRBJ2-7	1
CASSVDGAGYEQYF	TRBV9	TRBJ2-7	1
CASSVDGDTSTDTQYF	TRBV9	TRBJ2-3	29
CASSVDGGDPPWELFF	TRBV9	TRBJ2-2	1
CASSVDGKTEQYF	TRBV9	TRBJ2-7	1
CASSVDGREDYGYTF	TRBV9	TRBJ1-2	1
CASSVDGRVGNTIYF	TRBV9	TRBJ1-3	1
CASSVDPAQETQYF	TRBV9	TRBJ2-5	3
CASSVDSGAGTEAFF	TRBV9	TRBJ1-1	1
CASSVDSYSNQPQHF	TRBV7-8	TRBJ1-5	1
CASSVDVFTNNEQFF	TRBV9	TRBJ2-1	13
CASSVEAGASSGNTIYF	TRBV9	TRBJ1-3	1
CASSVEASGERWLFF	TRBV9	TRBJ2-1	2
CASSVEGNEQFF	TRBV9	TRBJ2-1	1
CASSVESGSAYEQYF	TRBV9	TRBJ2-7	1
CASSVESLRGYTF	TRBV9	TRBJ1-2	1
CASSVFGGGETQYF	TRBV7-3	TRBJ2-5	1
CASSVGAGLYGYTF	TRBV9	TRBJ1-2	1
CASSVGAGSGQPQHF	TRBV9	TRBJ1-5	1
CASSVGGPPPDTQYF	TRBV28	TRBJ2-3	1
CASSVGGRTGELFF	TRBV9	TRBJ2-2	1
CASSVGGTDTQYF	TRBV6-1	TRBJ2-3	1
CASSVGGTDTQYF	TRBV9	TRBJ2-3	1
CASSVGGTGVYEQYF	TRBV9	TRBJ2-7	1
CASSVGGVSPLHF	TRBV9	TRBJ1-6	2
CASSVGHTEAFF	TRBV9	TRBJ1-1	1
CASSVGLAGSNEQFF	TRBV9	TRBJ2-1	1
CASSVGLSYEQYF	TRBV9	TRBJ2-7	1
CASSVGPALQETQYF	TRBV19	TRBJ2-5	1
CASSVGPGNEQFF	TRBV12-3	TRBJ2-1	1
CASSVGQATNEKLFF	TRBV9	TRBJ1-4	1
CASSVGREWTGELFF	TRBV9	TRBJ2-2	1
CASSVGRGRLGNSPLHF	TRBV9	TRBJ1-6	1
CASSVGSGPVEQYF	TRBV9	TRBJ2-7	1
CASSVGSGRDQPQHF	TRBV9	TRBJ1-5	1
CASSVGSSGIYGELFF	TRBV9	TRBJ2-2	1
CASSVGSYGYTF	TRBV19	TRBJ1-2	1
CASSVGTGSNQPQHF	TRBV9	TRBJ1-5	1
CASSVGWAEETQYF	TRBV9	TRBJ2-5	1
CASSVHGGANTEAFF	TRBV19	TRBJ1-1	1
CASSVHRGSGGELFF	TRBV11-3	TRBJ2-2	1
CASSVKGGPDTQYF	TRBV9	TRBJ2-3	1
CASSVKTGAGREQYF	TRBV19	TRBJ2-7	2
CASSVLAGPYSGANVLTF	TRBV9	TRBJ2-6	1
CASSVLAGYTDTQYF	TRBV13	TRBJ2-3	1
CASSVLGLGNQPQHF	TRBV7-2	TRBJ1-5	1
CASSVLGRGGANTGELFF	TRBV9	TRBJ2-2	1
CASSVLRGNPYNEQFF	TRBV27	TRBJ2-1	1
CASSVLYLNEQFF	TRBV7-6	TRBJ2-1	27
CASSVPNPRPAKSGANVLTF	TRBV21-1	TRBJ2-6	2
CASSVPNRGHAIDGELFF	TRBV9	TRBJ2-2	1
CASSVQAGGYGYTF	TRBV9	TRBJ1-2	2
CASSVQGVLNTEAFF	TRBV19	TRBJ1-1	1
CASSVRAGETQYF	TRBV19	TRBJ2-5	2
CASSVRDSILPSGANVLTF	TRBV9	TRBJ2-6	1
CASSVRHGTEAFF	TRBV19	TRBJ1-1	1
CASSVRSADTQYF	TRBV19	TRBJ2-3	2
CASSVRSAGELFF	TRBV19	TRBJ2-2	1
CASSVRSAYEQYF	TRBV19	TRBJ2-7	2
CASSVRSSMNTEAFF	TRBV9	TRBJ1-1	10
CASSVRSSYEQYF	TRBV19	TRBJ2-7	140
CASSVRSTGELFF	TRBV19	TRBJ2-2	20
CASSVRVSGELFF	TRBV12-3	TRBJ2-2	1
CASSVSERELRNEQFF	TRBV7-9	TRBJ2-1	1
CASSVSGNSYEQYF	TRBV9	TRBJ2-7	1
CASSVSGSSYNEQFF	TRBV19	TRBJ2-1	1
CASSVTAGGADTQYF	TRBV9	TRBJ2-3	1
CASSVTDYNEQFF	TRBV9	TRBJ2-1	1
CASSVTGGAMNEQYF	TRBV9	TRBJ2-7	1
CASSVTGGEIYEQYF	TRBV6-5	TRBJ2-7	1
CASSVTGPYGYTF	TRBV6-1	TRBJ1-2	1
CASSVTGQLQETQYF	TRBV9	TRBJ2-5	1
CASSVTGSSYNEQFF	TRBV6-3	TRBJ2-1	1
CASSVTIESGGGITDTQYF	TRBV2	TRBJ2-3	1
CASSVTVSDGNTIYF	TRBV6-1	TRBJ1-3	1
CASSVVDAGFEQYF	TRBV9	TRBJ2-7	1
CASSVVLSTDTQYF	TRBV9	TRBJ2-3	1
CASSVVSGGTEAFF	TRBV9	TRBJ1-1	1
CASSVWGGSPTNNEQFF	TRBV9	TRBJ2-1	1
CASSVYLSGNTIYF	TRBV9	TRBJ1-3	1
CASSVYRGLGANVLTF	TRBV5-1	TRBJ2-6	1
CASSWAGPHTEAFF	TRBV19	TRBJ1-1	1
CASSWDFQPPYEQYF	TRBV5-4	TRBJ2-7	1
CASSWDGAGNIQYF	TRBV5-4	TRBJ2-4	1
CASSWDLTSYEQYF	TRBV7-9	TRBJ2-7	4
CASSWDRVLYEQYF	TRBV7-9	TRBJ2-7	1
CASSWGAARGNQPQHF	TRBV5-5	TRBJ1-5	1
CASSWGAYGYTF	TRBV19	TRBJ1-2	64
CASSWGDYNEQFF	TRBV7-2	TRBJ2-1	1
CASSWGGGSHYGHTF	TRBV11-2	TRBJ1-2	1
CASSWGGGSHYGYTF	TRBV11-2	TRBJ1-2	3715
CASSWGGGSHYGYTF	TRBV7-2	TRBJ1-2	2
CASSWGGLSNQPQHF	TRBV19	TRBJ1-5	1
CASSWGGPNTEAFF	TRBV7-9	TRBJ1-1	2
CASSWGGTYEQYF	TRBV27	TRBJ2-7	1
CASSWGMTGELFF	TRBV7-9	TRBJ2-2	1
CASSWGPILYEQYF	TRBV6-5	TRBJ2-7	1
CASSWGQGSAYTF	TRBV6-3	TRBJ1-2	1
CASSWGQGSPLHF	TRBV6-3	TRBJ1-6	1
CASSWGQMNTEAFF	TRBV28	TRBJ1-1	1
CASSWGSYEQYF	TRBV28	TRBJ2-7	1
CASSWGVMNTEAFF	TRBV6-5	TRBJ1-1	2
CASSWKRLAGGQFYEQFF	TRBV7-2	TRBJ2-1	1
CASSWLGRVWGNQPQHF	TRBV6-1	TRBJ1-5	1
CASSWLQGSEQYF	TRBV6-5	TRBJ2-5	1
CASSWPGGTEAFF	TRBV27	TRBJ1-1	1
CASSWQLGATEAFF	TRBV6-3	TRBJ1-1	1
CASSWRGASGKLFF	TRBV28	TRBJ1-4	1
CASSWRGRNSPLHF	TRBV27	TRBJ1-6	1
CASSWRQPFRKQFF	TRBV4-3	TRBJ2-1	1
CASSWRTLPYEQYF	TRBV27	TRBJ2-7	1
CASSWTGLGTEAFF	TRBV19	TRBJ1-1	1
CASSWTSGSGDTQYF	TRBV2	TRBJ2-3	1
CASSWTSGSSSYNEQFF	TRBV21-1	TRBJ2-1	1
CASSWTTSGGQETQYF	TRBV5-1	TRBJ2-5	1
CASSYAAGTVNQPQHF	TRBV6-3	TRBJ1-5	1
CASSYAPNQPQHF	TRBV6-5	TRBJ1-5	1
CASSYARNYNEQFF	TRBV6-5	TRBJ2-1	1
CASSYASNSPLHF	TRBV5-5	TRBJ1-6	1
CASSYCCGTEAFF	TRBV7-2	TRBJ1-1	1
CASSYDGLNEQYF	TRBV6-3	TRBJ2-7	1
CASSYDRVKNIQYF	TRBV5-4	TRBJ2-4	1
CASSYDTRTSGGGHEQFF	TRBV5-1	TRBJ2-1	2
CASSYEAGAGETQYF	TRBV6-5	TRBJ2-5	2
CASSYEGTLNYYIEQFF	TRBV6-3	TRBJ2-1	1
CASSYEKRVYEQYF	TRBV6-3	TRBJ2-7	1
CASSYETGAYEQYF	TRBV6-6	TRBJ2-7	1
CASSYEVPTLYEQYF	TRBV6-3	TRBJ2-7	1
CASSYFFPGGRAPYEQYF	TRBV6-6	TRBJ2-7	1
CASSYFFQGPLYEQFF	TRBV6-3	TRBJ2-1	1
CASSYFGQRNSPLHF	TRBV6-3	TRBJ1-6	1
CASSYFSATNEQFF	TRBV6-5	TRBJ2-1	1
CASSYFSPLAVNTGELFF	TRBV6-5	TRBJ2-2	1
CASSYGEGSYEQYF	TRBV6-5	TRBJ2-7	1
CASSYGEISGNTIYF	TRBV6-3	TRBJ1-3	1
CASSYGFNQPQHF	TRBV6-5	TRBJ1-5	1
CASSYGGAGNTIYF	TRBV13	TRBJ1-3	1
CASSYGGENNSPLHF	TRBV6-6	TRBJ1-6	2
CASSYGGFNQPQHF	TRBV6-3	TRBJ1-5	1
CASSYGGGTEAFF	TRBV6-3	TRBJ1-1	1
CASSYGGGTEAFF	TRBV6-5	TRBJ1-1	1
CASSYGGLDGYTF	TRBV6-5	TRBJ1-2	1
CASSYGGTSGGPFF	TRBV6-3	TRBJ2-1	1
CASSYGGVGAYEQYF	TRBV6-5	TRBJ2-7	1
CASSYGGYTEAFF	TRBV7-3	TRBJ1-1	1
CASSYGLAGGPWDTDTQYF	TRBV4-3	TRBJ2-3	1
CASSYGLWRVRDGELFF	TRBV6-5	TRBJ2-2	1
CASSYGMGQPQHF	TRBV6-3	TRBJ1-5	1
CASSYGPAGVLAYNEQFF	TRBV5-1	TRBJ2-1	1
CASSYGPGLAGRSSYNEQFF	TRBV6-3	TRBJ2-1	1
CASSYGQGTDTQYF	TRBV27	TRBJ2-3	1
CASSYGQGTGELFF	TRBV6-5	TRBJ2-2	1
CASSYGQGWGYTF	TRBV6-3	TRBJ1-2	1
CASSYGTEAFF	TRBV16	TRBJ1-1	1
CASSYGTGGTYEQYF	TRBV6-5	TRBJ2-7	1
CASSYGTGNGYTF	TRBV6-3	TRBJ1-2	1
CASSYGTGQPQHF	TRBV6-3	TRBJ1-5	1
CASSYGTSDEQFF	TRBV12-4	TRBJ2-1	1
CASSYGTSGYNEQFF	TRBV11-2	TRBJ2-1	1
CASSYGVGQPQHF	TRBV6-3	TRBJ1-5	1
CASSYGVLSTDTQYF	TRBV6-5	TRBJ2-3	1
CASSYHIGQGYTF	TRBV6-5	TRBJ1-2	1
CASSYHSNQPQHF	TRBV19	TRBJ1-5	2
CASSYHSNQPQHF	TRBV6-3	TRBJ1-5	1
CASSYISTGAPTQYF	TRBV6-6	TRBJ2-5	1
CASSYKRGAPNQPQHF	TRBV6-3	TRBJ1-5	1
CASSYKTGESYNEQFF	TRBV6-3	TRBJ2-1	1
CASSYLAGSSVYNEQFF	TRBV6-3	TRBJ2-1	1
CASSYLAGSTDTQYF	TRBV4-3	TRBJ2-3	1
CASSYLARRVGYTF	TRBV5-1	TRBJ1-2	1
CASSYLFLEQYF	TRBV13	TRBJ2-7	1
CASSYLGGDAANYGYTF	TRBV6-5	TRBJ1-2	5
CASSYLGPEAFF	TRBV6-3	TRBJ1-1	2
CASSYLGQGYEQYF	TRBV7-8	TRBJ2-7	1
CASSYLLAGLYNEQFF	TRBV6-6	TRBJ2-1	1
CASSYLLTGTSRQETQYF	TRBV7-9	TRBJ2-5	1
CASSYLQDFTDTQYF	TRBV7-9	TRBJ2-3	1
CASSYLRTGSVRYNEQFF	TRBV6-3	TRBJ2-1	1
CASSYLSTNGYTF	TRBV12-3	TRBJ1-2	1
CASSYLTGTGAYEQYF	TRBV14	TRBJ2-7	1
CASSYLTGTSGEQFF	TRBV6-5	TRBJ2-1	1
CASSYLTSGGASEQFF	TRBV6-3	TRBJ2-1	1
CASSYNLAGGPPDTQYF	TRBV6-6	TRBJ2-3	1
CASSYPFGVGPDTQYF	TRBV12-3	TRBJ2-3	1
CASSYPGGYPNTGELFF	TRBV9	TRBJ2-2	1
CASSYPGLAEAFF	TRBV6-5	TRBJ1-1	1
CASSYPGTGEYEQYF	TRBV6-3	TRBJ2-7	1
CASSYPPVYLAGWQFRKFF	TRBV6-3	TRBJ2-1	1
CASSYPWGGASGYTF	TRBV6-5	TRBJ1-2	1
CASSYQTIGGSETQYF	TRBV6-3	TRBJ2-5	1
CASSYRDRGYGYTF	TRBV28	TRBJ1-2	1
CASSYRFGSNQPQHF	TRBV12-4	TRBJ1-5	1
CASSYRGASEQYF	TRBV6-5	TRBJ2-7	1
CASSYRGGSGANVLTF	TRBV6-3	TRBJ2-6	1
CASSYRGIYGYTF	TRBV6-7	TRBJ1-2	1
CASSYRGREDNSPLHF	TRBV6-5	TRBJ1-6	1
CASSYRGSRGYTF	TRBV6-5	TRBJ1-2	1
CASSYRPGQYTEAFF	TRBV6-5	TRBJ1-1	1
CASSYRPINQPQHF	TRBV6-6	TRBJ1-5	1
CASSYRRVQDEQYF	TRBV6-5	TRBJ2-7	1
CASSYRVDSNQPQHF	TRBV21-1	TRBJ1-5	1
CASSYSAGPTDTQYF	TRBV6-3	TRBJ2-3	2
CASSYSAGRDNEQFF	TRBV6-5	TRBJ2-1	1
CASSYSALAYEQYF	TRBV6-5	TRBJ2-7	1
CASSYSDETYEQYF	TRBV6-3	TRBJ2-7	1
CASSYSFQGGELFF	TRBV6-3	TRBJ2-2	1
CASSYSGGRGTQETQYF	TRBV6-3	TRBJ2-5	1
CASSYSGGRSTDTQYF	TRBV6-3	TRBJ2-3	1
CASSYSGGTNTGELFF	TRBV6-3	TRBJ2-2	1
CASSYSGNTGELFF	TRBV6-3	TRBJ2-2	1
CASSYSGRAHEQYF	TRBV6-5	TRBJ2-7	1
CASSYSGSGNEQFF	TRBV6-3	TRBJ2-1	1
CASSYSIGETQYF	TRBV6-3	TRBJ2-5	1
CASSYSILDTGELFF	TRBV6-3	TRBJ2-2	1
CASSYSINAAVNYGYTF	TRBV6-3	TRBJ1-2	7
CASSYSISGYEQYF	TRBV6-5	TRBJ2-7	1
CASSYSIVRLNTEAFF	TRBV6-5	TRBJ1-1	1
CASSYSKGTYNEQFF	TRBV6-3	TRBJ2-1	1
CASSYSLFGAGGSGANVLTF	TRBV6-5	TRBJ2-6	1
CASSYSLNYGYTF	TRBV6-5	TRBJ1-2	1
CASSYSMSGGTDTQYF	TRBV6-5	TRBJ2-3	1
CASSYSPDSSSYEQYF	TRBV6-5	TRBJ2-7	1
CASSYSPGVAGGLVNEQFF	TRBV6-3	TRBJ2-1	1
CASSYSRFPYEQYF	TRBV6-5	TRBJ2-7	1
CASSYSSFGTDTQYF	TRBV6-3	TRBJ2-3	1
CASSYSSGNTIYF	TRBV6-5	TRBJ1-3	2
CASSYSTEGLRGAQYF	TRBV6-3	TRBJ2-3	1
CASSYSTGTVDYEQYF	TRBV6-5	TRBJ2-7	1
CASSYSTPSWTDTQYF	TRBV6-5	TRBJ2-3	1
CASSYSTSSPYNEQFF	TRBV6-5	TRBJ2-1	1
CASSYSVLSSYNEQFF	TRBV6-5	TRBJ2-1	1
CASSYSVRGTGELFF	TRBV6-5	TRBJ2-2	1
CASSYSWDTTNEKLFF	TRBV6-5	TRBJ1-4	1
CASSYSYEQYF	TRBV11-2	TRBJ2-7	1
CASSYSYEQYF	TRBV6-3	TRBJ2-7	1
CASSYSYEQYF	TRBV6-6	TRBJ2-7	1
CASSYSYEQYF	TRBV7-2	TRBJ2-7	1
CASSYSYGNTGELFF	TRBV6-5	TRBJ2-2	2
CASSYTADQPQHF	TRBV6-3	TRBJ1-5	1
CASSYTAGELFF	TRBV7-9	TRBJ2-2	6
CASSYTGSSTDTQYF	TRBV12-3	TRBJ2-3	1
CASSYTGYSSPLHF	TRBV27	TRBJ1-6	1
CASSYTLWETDTQYF	TRBV6-4	TRBJ2-3	1
CASSYTPERALPNQPQHF	TRBV6-3	TRBJ1-5	5
CASSYTPVSMNTEAFF	TRBV6-5	TRBJ1-1	1
CASSYTRDRGVYEQYF	TRBV6-3	TRBJ2-7	1
CASSYVGESYEQYF	TRBV6-3	TRBJ2-7	1
CASSYVGGAGETQYF	TRBV7-6	TRBJ2-5	1
CASSYVGNTEAFF	TRBV6-3	TRBJ1-1	1
CASSYVLQTYEQYF	TRBV6-3	TRBJ2-7	1
CASSYWDTPTDTQYF	TRBV6-3	TRBJ2-3	1
CASSYWGFNQPQHF	TRBV6-3	TRBJ1-5	1
CASSYWNQPQHF	TRBV6-3	TRBJ1-5	1
CASSYWPDYGYTF	TRBV6-3	TRBJ1-2	1
CASSYYGWGTGELFF	TRBV6-3	TRBJ2-2	1
CASSYYLAGTSIYEQYF	TRBV6-6	TRBJ2-7	10
CASSYYNEQFF	TRBV4-3	TRBJ2-1	5
CASSYYQNYEQYF	TRBV6-3	TRBJ2-7	1
CASSYYSNQPQHF	TRBV19	TRBJ1-5	3
CASTAEGFHTDTQYF	TRBV2	TRBJ2-3	1
CASTAGTSDQETQYF	TRBV19	TRBJ2-5	1
CASTDFGSGANVLTF	TRBV19	TRBJ2-6	18
CASTDSPGLAGGYEQYF	TRBV6-3	TRBJ2-7	1
CASTEGGAISDTQYF	TRBV9	TRBJ2-3	1
CASTELTGTGHTDTQYF	TRBV28	TRBJ2-3	1
CASTEQGGFHGYTF	TRBV6-5	TRBJ1-2	3
CASTERGQGDSPLHF	TRBV28	TRBJ1-6	1
CASTETRSDADTQYF	TRBV27	TRBJ2-3	1
CASTGENNSPLHF	TRBV6-1	TRBJ1-6	1
CASTGGQMNTEAFF	TRBV3-1	TRBJ1-1	1
CASTGLAGGIGETQYF	TRBV27	TRBJ2-5	1
CASTGPRSKTDTQYF	TRBV28	TRBJ2-3	1
CASTGWWSFATSTDTQYF	TRBV28	TRBJ2-3	1
CASTHQRRYPYEQYF	TRBV7-8	TRBJ2-7	1
CASTHRGTVLEQYF	TRBV6-3	TRBJ2-7	1
CASTIAGAPYNEQFF	TRBV19	TRBJ2-1	1
CASTIFWTGTYYEQYF	TRBV2	TRBJ2-7	1
CASTIGTGGDYGYTF	TRBV19	TRBJ1-2	1
CASTIIPGLAGPREETQYF	TRBV19	TRBJ2-5	1
CASTKGGPYGYTF	TRBV6-5	TRBJ1-2	1
CASTLAGGTYEQYF	TRBV28	TRBJ2-7	1
CASTLGEGSEAFF	TRBV6-3	TRBJ1-1	1
CASTLITGELFF	TRBV28	TRBJ2-2	1
CASTLQASISNQPQHF	TRBV6-4	TRBJ1-5	1
CASTLTGLADTYNEQFF	TRBV6-3	TRBJ2-1	1
CASTLTGVNTEAFF	TRBV2	TRBJ1-1	1
CASTLTSGSYFSYNEQFF	TRBV19	TRBJ2-1	1
CASTLWREGPYEQYF	TRBV28	TRBJ2-7	1
CASTPAADDRPVGNTIYF	TRBV6-5	TRBJ1-3	1
CASTPAGGSLPNTEAFF	TRBV9	TRBJ1-1	1
CASTPENQETQYF	TRBV28	TRBJ2-5	1
CASTPGGIDTQYF	TRBV19	TRBJ2-3	1
CASTPGQGGSPLHF	TRBV6-5	TRBJ1-6	1
CASTPGTSAYNEQFF	TRBV27	TRBJ2-1	2
CASTPGYMNTEAFF	TRBV10-2	TRBJ1-1	1
CASTPIVGGHHTEAFF	TRBV6-3	TRBJ1-1	1
CASTPPLASGRYYEQYF	TRBV7-9	TRBJ2-7	1
CASTPPRLVRWETQYF	TRBV7-2	TRBJ2-5	1
CASTPSGASYNEQFF	TRBV4-3	TRBJ2-1	1
CASTPTGTYNEQFF	TRBV7-8	TRBJ2-1	3
CASTPTSKADTQYF	TRBV2	TRBJ2-3	1
CASTPWAGGTYEQYF	TRBV28	TRBJ2-7	1
CASTQGANTEAFF	TRBV6-5	TRBJ1-1	1
CASTQGGGTGSFYEQYF	TRBV6-5	TRBJ2-7	19
CASTQNRENTEAFF	TRBV27	TRBJ1-1	1
CASTRDRPTLGYTF	TRBV13	TRBJ1-2	3
CASTRGDGFPVTDTQYF	TRBV28	TRBJ2-3	1
CASTRGYEQYF	TRBV7-2	TRBJ2-7	1
CASTRTEPNTGELFF	TRBV19	TRBJ2-2	1
CASTRTFLNTEAFF	TRBV28	TRBJ1-1	1
CASTRTGWNEAFF	TRBV11-2	TRBJ1-1	1
CASTRTLFANEQFF	TRBV28	TRBJ2-1	1
CASTRVGGDYGYTF	TRBV27	TRBJ1-2	1
CASTRVGSTEAFF	TRBV19	TRBJ1-1	1
CASTSFGGGPLNEQFF	TRBV5-4	TRBJ2-1	1
CASTSGDNEQFF	TRBV11-1	TRBJ2-1	1
CASTSGGSPLHF	TRBV27	TRBJ1-6	1
CASTSGVYQPQHF	TRBV19	TRBJ1-5	3
CASTSRWGTEAFF	TRBV27	TRBJ1-1	1
CASTTIWEGTLENTQYF	TRBV19	TRBJ2-3	1
CASTTLWGGIGAGELFF	TRBV2	TRBJ2-2	1
CASTTPADGLSGTSGSSYEQYF	TRBV6-6	TRBJ2-7	1
CASTTSADTQYF	TRBV6-3	TRBJ2-3	1
CASTTSELAKNIQYF	TRBV6-5	TRBJ2-4	1
CASTTTGGETQYF	TRBV19	TRBJ2-5	1
CASTTTGTSSYEQYF	TRBV28	TRBJ2-7	1
CASTTVQGGYTF	TRBV19	TRBJ1-2	1
CASTVGSTEAFF	TRBV7-9	TRBJ1-1	2
CASTVQGGNEQFF	TRBV5-8	TRBJ2-1	1
CASTVQQGATEAFF	TRBV6-5	TRBJ1-1	1
CASTVSGSGADTQYF	TRBV11-1	TRBJ2-3	1
CASTYAVTGNTEAFF	TRBV4-3	TRBJ1-1	2
CASTYLGGSLDGYTF	TRBV5-4	TRBJ1-2	1
CASWTGGGEKLFF	TRBV19	TRBJ1-4	1
CASYTPENTGELFF	TRBV6-1	TRBJ2-2	1
CATAGLRGTDTQYF	TRBV10-3	TRBJ2-3	1
CATALGDSYEQYF	TRBV6-1	TRBJ2-7	1
CATDPGQGSYEQYF	TRBV28	TRBJ2-7	2
CATEEVYTGELFF	TRBV24-1	TRBJ2-2	1
CATGHSNQPQHF	TRBV6-3	TRBJ1-5	1
CATGQGAGYEQYF	TRBV25-1	TRBJ2-7	1
CATGTGTGDNEQFF	TRBV10-3	TRBJ2-1	3
CATGTSPNEKLFF	TRBV24-1	TRBJ1-4	2
CATGTVNTEAFF	TRBV5-6	TRBJ1-1	1
CATGYRFNQPQHF	TRBV7-2	TRBJ1-5	1
CATKEEVTYEQYF	TRBV11-2	TRBJ2-7	1
CATKGGSEAFF	TRBV6-1	TRBJ1-1	1
CATMIWATEAFF	TRBV6-6	TRBJ1-1	1
CATMVTYF	TRBV24-1	TRBJ2-3	3
CATQDGRGYTF	TRBV19	TRBJ1-2	1
CATQLGSFTDTQYF	TRBV7-2	TRBJ2-3	1
CATQPGGQGILFF	TRBV6-1	TRBJ2-2	1
CATQRDETYEQYF	TRBV19	TRBJ2-7	1
CATQREGAMETQYF	TRBV6-6	TRBJ2-5	1
CATQSGLFYEQYF	TRBV6-5	TRBJ2-7	1
CATRDTTNTGELFF	TRBV6-4	TRBJ2-2	1
CATRGGDNLYNEQFF	TRBV6-3	TRBJ2-1	1
CATRHLNTEAFF	TRBV19	TRBJ1-1	1
CATRKTGNEQFF	TRBV15	TRBJ2-1	1
CATRWRLAGGPDTQYF	TRBV6-3	TRBJ2-3	1
CATSAGQGAFSGELFF	TRBV24-1	TRBJ2-2	1
CATSDEDRGFTGELFF	TRBV24-1	TRBJ2-2	1
CATSDFTDSGANVLTF	TRBV24-1	TRBJ2-6	1
CATSDFVGPALGSYNEQFF	TRBV24-1	TRBJ2-1	1
CATSDGTPDSDPYEQYF	TRBV24-1	TRBJ2-7	1
CATSDLFNNEQFF	TRBV24-1	TRBJ2-1	1
CATSDLGHNNEQFF	TRBV24-1	TRBJ2-1	1
CATSDLPGSRSNEQFF	TRBV24-1	TRBJ2-1	1
CATSDLYPGIGNQPQHF	TRBV24-1	TRBJ1-5	1
CATSDPHRADTQYF	TRBV24-1	TRBJ2-3	1
CATSDPSGTGVETQYF	TRBV24-1	TRBJ2-5	1
CATSDRDDSYGYTF	TRBV24-1	TRBJ1-2	1
CATSDRGGTEAFF	TRBV6-5	TRBJ1-1	1
CATSDRTGELFF	TRBV24-1	TRBJ2-2	1
CATSDRTGTGIQANYGYTF	TRBV24-1	TRBJ1-2	1
CATSDSGEAFF	TRBV24-1	TRBJ1-1	1
CATSDSGGETQYF	TRBV24-1	TRBJ2-5	1
CATSDSSGGSGYTF	TRBV24-1	TRBJ1-2	1
CATSDSTGGETGELFF	TRBV24-1	TRBJ2-2	1
CATSDSYSGANVLTF	TRBV24-1	TRBJ2-6	1
CATSDTHQGYQQFF	TRBV24-1	TRBJ2-1	1
CATSDWLAGDADTQYF	TRBV24-1	TRBJ2-3	2
CATSDWPKGDTIYF	TRBV24-1	TRBJ1-3	1
CATSDYTSDTQYF	TRBV24-1	TRBJ2-3	1
CATSEGDRVGEIRTDTQYF	TRBV24-1	TRBJ2-3	1
CATSEMTGTEAFF	TRBV24-1	TRBJ1-1	1
CATSEQGQSLTTYNEQFF	TRBV24-1	TRBJ2-1	1
CATSGETESSYEQYF	TRBV24-1	TRBJ2-7	1
CATSGGMGAEAFF	TRBV15	TRBJ1-1	1
CATSGLSYNSPLHF	TRBV27	TRBJ1-6	1
CATSGPGLAPSTDTQYF	TRBV24-1	TRBJ2-3	1
CATSGPTSREGDNEQFF	TRBV24-1	TRBJ2-1	1
CATSGSSGTEAFF	TRBV15	TRBJ1-1	1
CATSGTQGYQETQYF	TRBV15	TRBJ2-5	1
CATSKRVRTDTQYF	TRBV5-5	TRBJ2-3	1
CATSLNVVRASNEKLFF	TRBV15	TRBJ1-4	1
CATSLRMNTEAFF	TRBV6-5	TRBJ1-1	1
CATSPNRAYEQYF	TRBV6-5	TRBJ2-7	61
CATSPTGAEAFF	TRBV5-1	TRBJ1-1	1
CATSQGASTFYNSPLHF	TRBV27	TRBJ1-6	1
CATSQGAYGYTF	TRBV19	TRBJ1-2	5
CATSQRSTDTQYF	TRBV19	TRBJ2-3	4
CATSRAAGGSTDTQYF	TRBV15	TRBJ2-3	1
CATSRDAPPRVSTDTQYF	TRBV15	TRBJ2-3	1
CATSRDDGQGYQPQHF	TRBV15	TRBJ1-5	1
CATSRDDPGTAPGELFF	TRBV15	TRBJ2-2	1
CATSRDKGADGYTF	TRBV15	TRBJ1-2	1
CATSRDLANQETQYF	TRBV15	TRBJ2-5	1
CATSRDLGGSYNSPLHF	TRBV15	TRBJ1-6	1
CATSRDRAGGANYGYTF	TRBV15	TRBJ1-2	2
CATSRDRIAGGANVLTF	TRBV15	TRBJ2-6	1
CATSRDRIAGWDLLAKNIQYF	TRBV15	TRBJ2-4	1
CATSRDRLGGGRYEQYF	TRBV15	TRBJ2-7	1
CATSRDRVVGQGIDGYTF	TRBV15	TRBJ1-2	6
CATSRDVVFGTGGGPYNSPLHF	TRBV15	TRBJ1-6	1
CATSREADLYTQYF	TRBV15	TRBJ2-3	1
CATSREEVYLTASNEKLFF	TRBV15	TRBJ1-4	1
CATSREFQGAQPQHF	TRBV15	TRBJ1-5	1
CATSRELAGEEETQYF	TRBV15	TRBJ2-5	1
CATSREVVGPGELFF	TRBV15	TRBJ2-2	1
CATSRGRQGTLSYEQYF	TRBV15	TRBJ2-7	1
CATSRVKGIETQYF	TRBV15	TRBJ2-5	1
CATSSATPPGLAIPDTQYF	TRBV15	TRBJ2-3	1
CATSSEGDTNEKLFF	TRBV15	TRBJ1-4	1
CATSSGGTEAFF	TRBV4-2	TRBJ1-1	1
CATSSKTGLTEAFF	TRBV15	TRBJ1-1	1
CATSSTGLKTQYF	TRBV11-2	TRBJ2-5	1
CATSSVTGELFF	TRBV24-1	TRBJ2-2	1
CATSTGGAGGRTDTQYF	TRBV15	TRBJ2-3	1
CATSTGTRNYGYTF	TRBV24-1	TRBJ1-2	1
CATSTGTTSVNEQFF	TRBV6-3	TRBJ2-1	1
CATSTHRQGENIQYF	TRBV15	TRBJ2-4	1
CATSVPTGHNQPQHF	TRBV24-1	TRBJ1-5	1
CATSWGGSGELFF	TRBV19	TRBJ2-2	1
CATTPGGSLSGYTF	TRBV5-4	TRBJ1-2	1
CATTRGPKLNEKLFF	TRBV6-4	TRBJ1-4	1
CATYPTGFRYGYTF	TRBV10-3	TRBJ1-2	1
CAWGGVQGINEQYF	TRBV30	TRBJ2-7	1
CAWGYTGGGQPQHF	TRBV30	TRBJ1-5	1
CAWMGTGTLYYEQYF	TRBV30	TRBJ2-7	1
CAWNGLTGELFF	TRBV30	TRBJ2-2	1
CAWNKYGSLTYGYTF	TRBV30	TRBJ1-2	1
CAWRWGDSYEQYF	TRBV30	TRBJ2-7	1
CAWSGGTTEAFF	TRBV30	TRBJ1-1	1
CAWSGLTITEAFF	TRBV30	TRBJ1-1	1
CAWSITDTGELFF	TRBV30	TRBJ2-2	1
CAWSLPGLSYEQYF	TRBV30	TRBJ2-7	1
CAWSVPGLINTGELFF	TRBV30	TRBJ2-2	1
CAWSVQTPTQHF	TRBV30	TRBJ2-4	1
CAWSVSASEQFF	TRBV30	TRBJ2-1	1
CAWSVVRKGTEAFF	TRBV30	TRBJ1-1	2
CAWSVYGGGRDEQFF	TRBV30	TRBJ2-1	1
CQQQKSYEQYF	TRBV21-1	TRBJ2-7	1
CQQQNTAGGRDTQYF	TRBV21-1	TRBJ2-3	1
CQQQRSTGGSNQPQHF	TRBV21-1	TRBJ1-5	8
CRVGQVMVLCTF	TRBV20-1	TRBJ1-2	2
CSAADSNLSYNEQFF	TRBV20-1	TRBJ2-1	1
CSAAGQGIHSPLHF	TRBV20-1	TRBJ1-6	2
CSAAKTRGQAPNQPQHF	TRBV20-1	TRBJ1-5	1
CSAALGLGEKLFF	TRBV20-1	TRBJ1-4	1
CSAASGTEAFF	TRBV29-1	TRBJ1-1	1
CSAATGNTEAFF	TRBV29-1	TRBJ1-1	1
CSADGTHTPTDTQYF	TRBV20-1	TRBJ2-3	1
CSADRDSSYEQYF	TRBV20-1	TRBJ2-7	1
CSADWTSRPDTQYF	TRBV20-1	TRBJ2-3	1
CSAEGAEGNQPQHF	TRBV20-1	TRBJ1-5	1
CSAEGPSTLSYNEQFF	TRBV20-1	TRBJ2-1	2
CSAELWTGGIGDTQYF	TRBV29-1	TRBJ2-3	1
CSAFPGPREAYEQYF	TRBV20-1	TRBJ2-7	1
CSAGQGPNTGELFF	TRBV20-1	TRBJ2-2	1
CSAGRLAGISYEQYF	TRBV20-1	TRBJ2-7	1
CSAHRQGRTYEQYF	TRBV20-1	TRBJ2-7	1
CSAIHPRQSGSPLHF	TRBV20-1	TRBJ1-6	1
CSAIPQVRAHEQYF	TRBV20-1	TRBJ2-7	1
CSAIPWTGSTDTQYF	TRBV20-1	TRBJ2-3	1
CSAKGGKDVSGANVLTF	TRBV20-1	TRBJ2-6	1
CSALDRGSYEQYF	TRBV20-1	TRBJ2-7	1
CSALGGTQYF	TRBV20-1	TRBJ2-3	2
CSALGLGTNEQYF	TRBV20-1	TRBJ2-7	1
CSALIRDYNEQFF	TRBV20-1	TRBJ2-1	1
CSALSGNTIYF	TRBV20-1	TRBJ1-3	2
CSAMGQGARGRRGYNSPLHF	TRBV20-1	TRBJ1-6	1
CSAMTEFSSYEQYF	TRBV20-1	TRBJ2-7	1
CSANGGDTEAFF	TRBV20-1	TRBJ1-1	1
CSANRRASGRNTGELFF	TRBV20-1	TRBJ2-2	2
CSAPGLADSYEQYF	TRBV20-1	TRBJ2-7	1
CSAPGQGYNYGYTF	TRBV20-1	TRBJ1-2	1
CSAPGRYYNEQFF	TRBV20-1	TRBJ2-1	1
CSAPPSGGAHEQFF	TRBV20-1	TRBJ2-1	1
CSAPPSSGRSYNEQFF	TRBV20-1	TRBJ2-1	1
CSAPRAGTEAFF	TRBV20-1	TRBJ1-1	1
CSAPRGSGTIDTQYF	TRBV20-1	TRBJ2-3	1
CSAPTEEGSLQETQYF	TRBV20-1	TRBJ2-5	1
CSAPTWQGGYMNTEAFF	TRBV20-1	TRBJ1-1	1
CSAPVEESIYGYTF	TRBV20-1	TRBJ1-2	1
CSAQAERSYEQYF	TRBV20-1	TRBJ2-7	1
CSAQDSVVHEQYF	TRBV29-1	TRBJ2-7	1
CSARADSQETQYF	TRBV20-1	TRBJ2-5	1
CSARAKRGLFNEQFF	TRBV20-1	TRBJ2-1	1
CSARAKRTLYEQYF	TRBV20-1	TRBJ2-7	1
CSARALRLGELFF	TRBV20-1	TRBJ2-2	1
CSARAPAGAYEQYF	TRBV20-1	TRBJ2-7	1
CSARATGKDTEAFF	TRBV20-1	TRBJ1-1	1
CSARAVRVSVEQYF	TRBV20-1	TRBJ2-7	1
CSARDDRANTEAFF	TRBV20-1	TRBJ1-1	1
CSARDDYLGNWNEQFF	TRBV20-1	TRBJ2-1	1
CSARDEAWASASYEQYF	TRBV20-1	TRBJ2-7	1
CSARDETGNTIYF	TRBV20-1	TRBJ1-3	1
CSARDFGRGHYQPQHF	TRBV20-1	TRBJ1-5	1
CSARDGASSDTQYF	TRBV20-1	TRBJ2-3	1
CSARDGGQLNYGYTF	TRBV20-1	TRBJ1-2	1
CSARDGKGNTEAFF	TRBV20-1	TRBJ1-1	1
CSARDGTSAEYF	TRBV20-1	TRBJ2-3	1
CSARDGTTEAFF	TRBV20-1	TRBJ1-1	1
CSARDHWQGASSYEQYF	TRBV20-1	TRBJ2-7	1
CSARDINLDTYEQYF	TRBV20-1	TRBJ2-7	1
CSARDLAKYEQYF	TRBV20-1	TRBJ2-7	1
CSARDLGGPNTGELFF	TRBV20-1	TRBJ2-2	1
CSARDLGLAGDEQYF	TRBV20-1	TRBJ2-7	1
CSARDLGLAGGLTVDTQYF	TRBV20-1	TRBJ2-3	1
CSARDLGNYGYTF	TRBV20-1	TRBJ1-2	1
CSARDLGRANGYTF	TRBV20-1	TRBJ1-2	1
CSARDLGSGTGELFF	TRBV20-1	TRBJ2-2	1
CSARDLQDSSGNTIYF	TRBV20-1	TRBJ1-3	1
CSARDLTAGSYEQYF	TRBV20-1	TRBJ2-7	1
CSARDLWAGGQETQYF	TRBV20-1	TRBJ2-5	1
CSARDPGGRETQYF	TRBV20-1	TRBJ2-5	1
CSARDPLTSGHYNEQFF	TRBV20-1	TRBJ2-1	1
CSARDPPSDVGTQYF	TRBV20-1	TRBJ2-5	6
CSARDQDSIIYEQYF	TRBV20-1	TRBJ2-7	1
CSARDRDYGYTF	TRBV29-1	TRBJ1-2	1
CSARDRGRNSNQPQHF	TRBV20-1	TRBJ1-5	2
CSARDRTGNGYTF	TRBV20-1	TRBJ1-2	2
CSARDSTGNGYTF	TRBV20-1	TRBJ1-2	3
CSARDTGGGSGELFF	TRBV20-1	TRBJ2-2	1
CSARDTGVSDTQYF	TRBV20-1	TRBJ2-3	1
CSARDTRQLSSYNSPLHF	TRBV20-1	TRBJ1-6	1
CSARDWTARNEQFF	TRBV20-1	TRBJ2-1	1
CSARDYKLLLQETQYF	TRBV20-1	TRBJ2-5	1
CSARDYLNSYEQYF	TRBV20-1	TRBJ2-7	1
CSAREAGVRTNEKLFF	TRBV20-1	TRBJ1-4	1
CSAREALDEQYF	TRBV20-1	TRBJ2-7	1
CSAREEAGDDTGELFF	TRBV20-1	TRBJ2-2	1
CSAREGGILFF	TRBV20-1	TRBJ1-4	1
CSAREGNQPQHF	TRBV20-1	TRBJ1-5	1
CSAREGTGGTTGELFF	TRBV20-1	TRBJ2-2	1
CSAREIRGEGIHEQFF	TRBV20-1	TRBJ2-1	1
CSARESPGQGIFSPLHF	TRBV20-1	TRBJ1-6	1
CSAREVSGEKLFF	TRBV20-1	TRBJ1-4	1
CSARGAQAYEQYF	TRBV20-1	TRBJ2-7	1
CSARGDRGGSSYNEQFF	TRBV20-1	TRBJ2-1	1
CSARGDYSFHEQFF	TRBV20-1	TRBJ2-1	1
CSARGEDRGPPNYGYTF	TRBV20-1	TRBJ1-2	1
CSARGGADSYEQYF	TRBV20-1	TRBJ2-7	1
CSARGGGFLYGYTF	TRBV20-1	TRBJ1-2	1
CSARGGTGELNEQFF	TRBV20-1	TRBJ2-1	1
CSARGITSGEATDTQYF	TRBV20-1	TRBJ2-3	1
CSARGLAGDSYEQYF	TRBV20-1	TRBJ2-7	1
CSARGMEREALETQYF	TRBV20-1	TRBJ2-5	6
CSARGQRGLVNEQFF	TRBV20-1	TRBJ2-1	1
CSARGTSGETQYF	TRBV20-1	TRBJ2-5	1
CSARGTSGTGIEAFF	TRBV20-1	TRBJ1-1	1
CSARGWFNYGYTF	TRBV20-1	TRBJ1-2	1
CSARHKGYGYTF	TRBV20-1	TRBJ1-2	1
CSARKWTEAFF	TRBV20-1	TRBJ1-1	1
CSARLPRLAGNEQFF	TRBV20-1	TRBJ2-1	1
CSARNPRGEDTEAFF	TRBV20-1	TRBJ1-1	1
CSARNREGWGEQYF	TRBV20-1	TRBJ2-7	1
CSARNTGELFF	TRBV20-1	TRBJ2-2	1
CSARPERELYEQYF	TRBV20-1	TRBJ2-7	1
CSARPGEQGGDGYTF	TRBV20-1	TRBJ1-2	1
CSARPGPEGSTEAFF	TRBV20-1	TRBJ1-1	1
CSARPRTSGSGAGELFF	TRBV20-1	TRBJ2-2	1
CSARPSLAGGYNEQFF	TRBV20-1	TRBJ2-1	1
CSARPTRTFNIQYF	TRBV20-1	TRBJ2-4	1
CSARQGAEAFF	TRBV20-1	TRBJ1-1	1
CSARQGTTGELFF	TRBV20-1	TRBJ2-2	2
CSARQMDYNEQFF	TRBV20-1	TRBJ2-1	1
CSARRGTGGSPLHF	TRBV20-1	TRBJ1-6	1
CSARSGTGELFF	TRBV20-1	TRBJ2-2	1
CSARSLASGRLQPGFEQYF	TRBV20-1	TRBJ2-7	1
CSARSSERRYEQYF	TRBV20-1	TRBJ2-7	1
CSARTAPVGNEQFF	TRBV20-1	TRBJ2-1	1
CSARTGNGEKLFF	TRBV20-1	TRBJ1-4	1
CSARTGNTIYF	TRBV20-1	TRBJ1-3	1
CSARTGTNYGYTF	TRBV20-1	TRBJ1-2	3
CSARTPLGGEVREKLFF	TRBV20-1	TRBJ1-4	1
CSARTTGMANSPLHF	TRBV20-1	TRBJ1-6	1
CSARVARDPAYEQYF	TRBV20-1	TRBJ2-7	1
CSARVFGGDSQETQYF	TRBV20-1	TRBJ2-5	1
CSARVGHYYGYTF	TRBV20-1	TRBJ1-2	1
CSARVGIPNYGYTF	TRBV20-1	TRBJ1-2	1
CSARVGPTGNTIYF	TRBV20-1	TRBJ1-3	8
CSARVLAGGIHEQFF	TRBV20-1	TRBJ2-1	1
CSARVNYRLPWRSSYNEQFF	TRBV20-1	TRBJ2-1	1
CSARWGGGTDTQYF	TRBV20-1	TRBJ2-3	3
CSASAGLAEAFF	TRBV20-1	TRBJ1-1	1
CSASAGNQPQHF	TRBV20-1	TRBJ1-5	1
CSASAPYYEQYF	TRBV20-1	TRBJ2-7	1
CSASASVAGSIYNEQFF	TRBV20-1	TRBJ2-1	1
CSASDPDNEQFF	TRBV20-1	TRBJ2-1	1
CSASDVGLNQPQHF	TRBV20-1	TRBJ1-5	4
CSASEGAGEVYGYTF	TRBV20-1	TRBJ1-2	8
CSASESRAGGETQYF	TRBV20-1	TRBJ2-5	1
CSASGGAGETQYF	TRBV20-1	TRBJ2-5	1
CSASGLAAYNEQFF	TRBV20-1	TRBJ2-1	1
CSASGPGLYYNEQFF	TRBV20-1	TRBJ2-1	19
CSASGYIVNEQFF	TRBV20-1	TRBJ2-1	1
CSASLASGRDEQFF	TRBV20-1	TRBJ2-1	1
CSASLGRGYEQYF	TRBV20-1	TRBJ2-7	1
CSASPPGQTIYEQYF	TRBV20-1	TRBJ2-7	1
CSASPRGAWYTDTQYF	TRBV20-1	TRBJ2-3	1
CSASPRVNVHTEAFF	TRBV20-1	TRBJ1-1	1
CSASQGLNTGELFF	TRBV20-1	TRBJ2-2	1
CSASRGRESDTQYF	TRBV20-1	TRBJ2-3	1
CSASSGVSYEQYF	TRBV20-1	TRBJ2-7	1
CSASSYMNTEAFF	TRBV20-1	TRBJ1-1	1
CSASWGDYTEAFF	TRBV20-1	TRBJ1-1	5
CSASYYRDRGLYEQFF	TRBV20-1	TRBJ2-1	1
CSATAPGLRDHGQFF	TRBV20-1	TRBJ2-1	1
CSATDSYEQYF	TRBV20-1	TRBJ2-7	1
CSATGGDYNEQFF	TRBV20-1	TRBJ2-1	1
CSATGLAGGEFTDTQYF	TRBV20-1	TRBJ2-3	1
CSATGTQANYGYTF	TRBV20-1	TRBJ1-2	1
CSATHGRAHEQYF	TRBV20-1	TRBJ2-7	1
CSATIAGAVEQYF	TRBV20-1	TRBJ2-7	1
CSATLTSGGIYEQYF	TRBV20-1	TRBJ2-7	1
CSATPLVSGTVYEQFF	TRBV20-1	TRBJ2-1	1
CSATPTGVGQPQHF	TRBV20-1	TRBJ1-5	1
CSATPTSGLDTQYF	TRBV20-1	TRBJ2-3	2
CSATYEQYF	TRBV20-1	TRBJ2-7	1
CSAYLQGSSYEQYF	TRBV20-1	TRBJ2-7	1
CSAYPWDRVAYEQYF	TRBV20-1	TRBJ2-7	1
CSAYTGGGYTF	TRBV20-1	TRBJ1-2	1
CSFHLPRLPCYEQYF	TRBV29-1	TRBJ2-7	1
CSFHNRLRDRGRGVAEAFF	TRBV20-1	TRBJ1-1	1
CSGASGRHTQYF	TRBV20-1	TRBJ2-3	1
CSGEGAGANVLTF	TRBV20-1	TRBJ2-6	1
CSGTGTSGRASNEQFF	TRBV29-1	TRBJ2-1	1
CSGVWDGSYEQYF	TRBV20-1	TRBJ2-7	1
CSGWGASTDTQYF	TRBV20-1	TRBJ2-3	1
CSLDRTPASNYGYTF	TRBV20-1	TRBJ1-2	1
CSLIQGLGTEAFF	TRBV20-1	TRBJ1-1	1
CSLKDRGRNGEQYF	TRBV20-1	TRBJ2-7	1
CSPKEGNNEQFF	TRBV20-1	TRBJ2-1	2
CSPMDRQETQYF	TRBV29-1	TRBJ2-5	1
CSRREGVSYNEQFF	TRBV20-1	TRBJ2-1	1
CSSRMENTGELFF	TRBV29-1	TRBJ2-2	1
CSSTGGGALLNEQFF	TRBV20-1	TRBJ2-1	1
CSTGTGYEQYF	TRBV20-1	TRBJ2-7	1
CSTNFLGRVTGELFF	TRBV20-1	TRBJ2-2	1
CSTRGNTEAFF	TRBV20-1	TRBJ1-1	1
CSVAGLAGGHEQFF	TRBV29-1	TRBJ2-1	1
CSVAGTSGGAYEQYF	TRBV29-1	TRBJ2-7	1
CSVDDFYNEQFF	TRBV29-1	TRBJ2-1	1
CSVDPRDRVGNEQFF	TRBV29-1	TRBJ2-1	1
CSVDSGDTNTGELFF	TRBV29-1	TRBJ2-2	1
CSVEDASGGTTDTQYF	TRBV29-1	TRBJ2-3	1
CSVEDGLAGNYEQYF	TRBV29-1	TRBJ2-7	1
CSVEDGPPGEGGYEQYF	TRBV29-1	TRBJ2-7	1
CSVEDGVVADTQYF	TRBV29-1	TRBJ2-3	1
CSVEDLGYGYTF	TRBV29-1	TRBJ1-2	1
CSVEDPGHLRGEQYF	TRBV29-1	TRBJ2-7	1
CSVEDPGRGGLYEQYF	TRBV29-1	TRBJ2-7	1
CSVEDWTSGNTDTQYF	TRBV29-1	TRBJ2-3	1
CSVEGIQGPYGYTF	TRBV29-1	TRBJ1-2	1
CSVEGRAQGYTF	TRBV29-1	TRBJ1-2	1
CSVEKGTGELFF	TRBV29-1	TRBJ2-2	1
CSVEPGLAGAPQETQYF	TRBV29-1	TRBJ2-5	1
CSVEPGTSYNEQFF	TRBV29-1	TRBJ2-1	1
CSVERDMGPDTEAFF	TRBV29-1	TRBJ1-1	2
CSVESGRTDEQYF	TRBV29-1	TRBJ2-7	1
CSVESGRVNTGELFF	TRBV29-1	TRBJ2-2	1
CSVESRNYGYTF	TRBV29-1	TRBJ1-2	1
CSVETGGQGAWDTQYF	TRBV29-1	TRBJ2-3	1
CSVEVIGRGHGYTF	TRBV29-1	TRBJ1-2	1
CSVEVPWTGTYEQYF	TRBV29-1	TRBJ2-7	1
CSVEYGLAGSTDTQYF	TRBV29-1	TRBJ2-3	1
CSVFGGRLYEQYF	TRBV29-1	TRBJ2-7	1
CSVFGGRSYNEQFF	TRBV20-1	TRBJ2-1	1
CSVGGGNLYEQYF	TRBV29-1	TRBJ2-7	1
CSVGMAGYNEKLFF	TRBV29-1	TRBJ1-4	1
CSVGRGVHYNEQFF	TRBV29-1	TRBJ2-1	1
CSVGSGEDSPQYF	TRBV29-1	TRBJ2-3	3
CSVGTGDWGEQYF	TRBV29-1	TRBJ2-7	5
CSVGTGGAGQPQHF	TRBV29-1	TRBJ1-5	2
CSVGTGGTNEKLFF	TRBV29-1	TRBJ1-4	2
CSVKSYGGPNEQFF	TRBV20-1	TRBJ2-1	1
CSVLDRISGNTIYF	TRBV29-1	TRBJ1-3	1
CSVMDPMSGYTIYF	TRBV29-1	TRBJ1-3	1
CSVPGGQGLNEQYF	TRBV20-1	TRBJ2-7	1
CSVPGTVYGYTF	TRBV29-1	TRBJ1-2	1
CSVPQPWRLSYNEQFF	TRBV29-1	TRBJ2-1	1
CSVRGGGISYNEQFF	TRBV20-1	TRBJ2-1	1
CSVSASGGDEQYF	TRBV29-1	TRBJ2-7	483
CSVTEDEKLFF	TRBV29-1	TRBJ1-4	1
CSVTGSSGYTF	TRBV29-1	TRBJ1-2	1
CSVTPSGEQTQYF	TRBV29-1	TRBJ2-5	1
CSVVGVGYNEQFF	TRBV29-1	TRBJ2-1	1
CSVVLAQGHDTEAFF	TRBV29-1	TRBJ1-1	1
CSVVNTGVWDTQYF	TRBV29-1	TRBJ2-3	1
CSVVTFYYEQYF	TRBV29-1	TRBJ2-7	1
CVFRTVYGYTF	TRBV6-1	TRBJ1-2	1
