CDR3_beta	V_beta	J_beta	Epitope	count	clonotype
CASSHAGLGVEQYF	TRBV14	TRBJ2-7	AAGIGILTV	10	TRBV14_CASSHAGLGVEQYF_TRBJ2-7
CASSLSFGTEAFF	TRBV6-4	TRBJ1-1	AAGIGILTV	8	TRBV6-4_CASSLSFGTEAFF_TRBJ1-1
CASSWSFGTEAFF	TRBV6-4	TRBJ1-1	AAGIGILTV	2	TRBV6-4_CASSWSFGTEAFF_TRBJ1-1
CAWSETGLGMGGWQF	TRBV30	TRBJ2-2	ALAGIGILTV	7	TRBV30_CAWSETGLGMGGWQF_TRBJ2-2
CASRPGWMAGGVELYF	TRBV6-5	TRBJ2-7	ALAGIGILTV	18	TRBV6-5_CASRPGWMAGGVELYF_TRBJ2-7
CASSYVSQNNEQFF	TRBV6-5	TRBJ2-1	ALGGLLTMV	6	TRBV6-5_CASSYVSQNNEQFF_TRBJ2-1
CASSHAGLGVEQYF	TRBV14	TRBJ2-7	ALGIGILTV	10	TRBV14_CASSHAGLGVEQYF_TRBJ2-7
CASSLWEKLAKNIQYF	TRBV12-4	TRBJ2-4	ALWGPDPAAA	11	TRBV12-4_CASSLWEKLAKNIQYF_TRBJ2-4
CASPGLAGEYEQYF	TRBV6-1	TRBJ2-7	APQPAPENAY	10	TRBV6-1_CASPGLAGEYEQYF_TRBJ2-7
CASSLWEKLAKNIQYF	TRBV12-4	TRBJ2-4	AQWGPDPAAA	11	TRBV12-4_CASSLWEKLAKNIQYF_TRBJ2-4
CASSYVSQNNEQFF	TRBV6-5	TRBJ2-1	CLAGLLTMV	6	TRBV6-5_CASSYVSQNNEQFF_TRBJ2-1
CASSYVSQNNEQFF	TRBV6-5	TRBJ2-1	CLGALLTMV	6	TRBV6-5_CASSYVSQNNEQFF_TRBJ2-1
CASSYVSQNNEQFF	TRBV6-5	TRBJ2-1	CLGGLATMV	6	TRBV6-5_CASSYVSQNNEQFF_TRBJ2-1
CASSYVSQNNEQFF	TRBV6-5	TRBJ2-1	CLGGLLAMV	6	TRBV6-5_CASSYVSQNNEQFF_TRBJ2-1
CASRPGWMAGGVELYF	TRBV6-5	TRBJ2-7	DLAGIGILTV	18	TRBV6-5_CASRPGWMAGGVELYF_TRBJ2-7
CASRPGWMAGGVELYF	TRBV6-5	TRBJ2-7	EAAGIGILTV	18	TRBV6-5_CASRPGWMAGGVELYF_TRBJ2-7
CASRPGWMAGGVELYF	TRBV6-5	TRBJ2-7	EIAGIGILTV	18	TRBV6-5_CASRPGWMAGGVELYF_TRBJ2-7
CASRPGWMAGGVELYF	TRBV6-5	TRBJ2-7	ELAAIGILTV	18	TRBV6-5_CASRPGWMAGGVELYF_TRBJ2-7
CAWSETGLGMGGWQF	TRBV30	TRBJ2-2	ELAGIAILTV	7	TRBV30_CAWSETGLGMGGWQF_TRBJ2-2
CASRPGWMAGGVELYF	TRBV6-5	TRBJ2-7	ELAGIAILTV	18	TRBV6-5_CASRPGWMAGGVELYF_TRBJ2-7
CAWSETGLGMGGWQF	TRBV30	TRBJ2-2	ELAGIGIATV	7	TRBV30_CAWSETGLGMGGWQF_TRBJ2-2
CASRPGWMAGGVELYF	TRBV6-5	TRBJ2-7	ELAGIGIATV	18	TRBV6-5_CASRPGWMAGGVELYF_TRBJ2-7
CASRPGWMAGGVELYF	TRBV6-5	TRBJ2-7	ELAGIGIITV	18	TRBV6-5_CASRPGWMAGGVELYF_TRBJ2-7
CAWSETGLGMGGWQF	TRBV30	TRBJ2-2	ELAGIGILAV	7	TRBV30_CAWSETGLGMGGWQF_TRBJ2-2
CASRPGWMAGGVELYF	TRBV6-5	TRBJ2-7	ELAGIGILAV	18	TRBV6-5_CASRPGWMAGGVELYF_TRBJ2-7
CASRPGWMAGGVELYF	TRBV6-5	TRBJ2-7	ELAGIGILSV	18	TRBV6-5_CASRPGWMAGGVELYF_TRBJ2-7
CASRPGWMAGGVELYF	TRBV6-5	TRBJ2-7	ELAGIGILTA	18	TRBV6-5_CASRPGWMAGGVELYF_TRBJ2-7
CASRPGWMAGGVELYF	TRBV6-5	TRBJ2-7	ELAGIGILTI	18	TRBV6-5_CASRPGWMAGGVELYF_TRBJ2-7
CAISEVGVGQPQHF	TRBV10-3	TRBJ1-5	ELAGIGILTV	5	TRBV10-3_CAISEVGVGQPQHF_TRBJ1-5
CASSLSFGTEAFF	TRBV6-4	TRBJ1-1	ELAGIGILTV	8	TRBV6-4_CASSLSFGTEAFF_TRBJ1-1
CAWSETGLGTGELFF	TRBV30	TRBJ2-2	ELAGIGILTV	19	TRBV30_CAWSETGLGTGELFF_TRBJ2-2
CASRPGWMAGGVELYF	TRBV6-5	TRBJ2-7	ELAGIGILTV	18	TRBV6-5_CASRPGWMAGGVELYF_TRBJ2-7
CASRPGWMAGGVELYF	TRBV6-5	TRBJ2-7	ELAGIGLLTV	18	TRBV6-5_CASRPGWMAGGVELYF_TRBJ2-7
CASRPGWMAGGVELYF	TRBV6-5	TRBJ2-7	ELGGIGILTV	18	TRBV6-5_CASRPGWMAGGVELYF_TRBJ2-7
CASSMSAMGTEAFF	TRBV19	TRBJ1-1	FEDLRLLSF	3	TRBV19_CASSMSAMGTEAFF_TRBJ1-1
CASSMSAMGTEAFF	TRBV19	TRBJ1-1	FEDLRVSSF	3	TRBV19_CASSMSAMGTEAFF_TRBJ1-1
CAWSETGLGTGELFF	TRBV30	TRBJ2-2	FFAGGIGIRTI	19	TRBV30_CAWSETGLGTGELFF_TRBJ2-2
CAWSETGLGTGELFF	TRBV30	TRBJ2-2	FLAGGIGIRTL	19	TRBV30_CAWSETGLGTGELFF_TRBJ2-2
CAWSETGLGTGELFF	TRBV30	TRBJ2-2	FWLLGAWAL	19	TRBV30_CAWSETGLGTGELFF_TRBJ2-2
CAWSETGLGTGELFF	TRBV30	TRBJ2-2	FWLLPAWAL	19	TRBV30_CAWSETGLGTGELFF_TRBJ2-2
CASSLLGGWSEAFF	TRBV27	TRBJ1-1	GILGFVFTL	4	TRBV27_CASSLLGGWSEAFF_TRBJ1-1
CASSLRGRGDQPQHF	TRBV11-2	TRBJ1-5	HSKRKCDEL	4	TRBV11-2_CASSLRGRGDQPQHF_TRBJ1-5
CASSYQGTEAFF	TRBV6-5	TRBJ1-1	ILAAFLHWL	4	TRBV6-5_CASSYQGTEAFF_TRBJ1-1
CASSYQGTEAFF	TRBV6-5	TRBJ1-1	ILAKFAHWL	4	TRBV6-5_CASSYQGTEAFF_TRBJ1-1
CASRPGWMAGGVELYF	TRBV6-5	TRBJ2-7	LGIGVITI	18	TRBV6-5_CASRPGWMAGGVELYF_TRBJ2-7
CASRPGLAGGRPEQYF	TRBV6-5	TRBJ2-7	LLFGFAVYV + SCM(F5)	27	TRBV6-5_CASRPGLAGGRPEQYF_TRBJ2-7
CASRPGLAGGRPEQYF	TRBV6-5	TRBJ2-7	LLFGFPVFV + SCM(F5)	27	TRBV6-5_CASRPGLAGGRPEQYF_TRBJ2-7
CASRPGLAGGRPEQYF	TRBV6-5	TRBJ2-7	LLFGYAVYV	27	TRBV6-5_CASRPGLAGGRPEQYF_TRBJ2-7
CASRPGLAGGRPEQYF	TRBV6-5	TRBJ2-7	LLFGYPVAV	27	TRBV6-5_CASRPGLAGGRPEQYF_TRBJ2-7
CASRPGLAGGRPEQYF	TRBV6-5	TRBJ2-7	LLFGYPVFV	27	TRBV6-5_CASRPGLAGGRPEQYF_TRBJ2-7
CASRPGLAGGRPEQYF	TRBV6-5	TRBJ2-7	LLFGYPVYV	27	TRBV6-5_CASRPGLAGGRPEQYF_TRBJ2-7
CASRPLGMSAQPEQYF	TRBV6-5	TRBJ2-7	LLFGYPVYV	1	TRBV6-5_CASRPLGMSAQPEQYF_TRBJ2-7
CASSYPGGGFYEQYF	TRBV6-5	TRBJ2-7	LLFGYPVYV	4	TRBV6-5_CASSYPGGGFYEQYF_TRBJ2-7
CASRPGLAGGRPEQYF	TRBV6-5	TRBJ2-7	LLYGFVNYI	27	TRBV6-5_CASRPGLAGGRPEQYF_TRBJ2-7
CASRPGLAGGRPEQYF	TRBV6-5	TRBJ2-7	LLYGFVNYV	27	TRBV6-5_CASRPGLAGGRPEQYF_TRBJ2-7
CASPGLAGEYEQYF	TRBV6-1	TRBJ2-7	LPEALPQGQLTAY	10	TRBV6-1_CASPGLAGEYEQYF_TRBJ2-7
CASPGLAGEYEQYF	TRBV6-1	TRBJ2-7	LPEPLPQGQLTAY	10	TRBV6-1_CASPGLAGEYEQYF_TRBJ2-7
CASSLWEKLAKNIQYF	TRBV12-4	TRBJ2-4	MVWGPDPLYV	11	TRBV12-4_CASSLWEKLAKNIQYF_TRBJ2-4
CASSPVTGGIYGYTF	TRBV6-5	TRBJ1-2	NLVAMVATV	7	TRBV6-5_CASSPVTGGIYGYTF_TRBJ1-2
CASSPVTGGIYGYTF	TRBV6-5	TRBJ1-2	NLVGMVATV	7	TRBV6-5_CASSPVTGGIYGYTF_TRBJ1-2
CASSPVTGGIYGYTF	TRBV6-5	TRBJ1-2	NLVPMVASV	7	TRBV6-5_CASSPVTGGIYGYTF_TRBJ1-2
CASSPVTGGIYGYTF	TRBV6-5	TRBJ1-2	NLVPQVATV	7	TRBV6-5_CASSPVTGGIYGYTF_TRBJ1-2
CASSPVTGGIYGYTF	TRBV6-5	TRBJ1-2	NLVPTVATV	7	TRBV6-5_CASSPVTGGIYGYTF_TRBJ1-2
CASSPVTGGIYGYTF	TRBV6-5	TRBJ1-2	NLVPVVATV	7	TRBV6-5_CASSPVTGGIYGYTF_TRBJ1-2
CASSLWEKLAKNIQYF	TRBV12-4	TRBJ2-4	RQFGPDFPTI	11	TRBV12-4_CASSLWEKLAKNIQYF_TRBJ2-4
CASSLWEKLAKNIQYF	TRBV12-4	TRBJ2-4	RQFGPDWIVA	11	TRBV12-4_CASSLWEKLAKNIQYF_TRBJ2-4
CASSLWEKLAKNIQYF	TRBV12-4	TRBJ2-4	RQWGPDPAAV	11	TRBV12-4_CASSLWEKLAKNIQYF_TRBJ2-4
CASSYVGNTGELFF	TRBV6-5	TRBJ2-2	SLLMWITQV	6	TRBV6-5_CASSYVGNTGELFF_TRBJ2-2
ASSDTVSYEQYG	TRBV5-6	TRBJ2-7	SLYNTVATL	1	TRBV5-6_ASSDTVSYEQYG_TRBJ2-7
CAWSETGLGTGELFF	TRBV30	TRBJ2-2	WLLPAWGV	19	TRBV30_CAWSETGLGTGELFF_TRBJ2-2
CAWSETGLGTGELFF	TRBV30	TRBJ2-2	WLLPTWGV	19	TRBV30_CAWSETGLGTGELFF_TRBJ2-2
CASSLWEKLAKNIQYF	TRBV12-4	TRBJ2-4	YLGGPDFPTI	11	TRBV12-4_CASSLWEKLAKNIQYF_TRBJ2-4
CASSLWEKLAKNIQYF	TRBV12-4	TRBJ2-4	YQFGPDFPIA	11	TRBV12-4_CASSLWEKLAKNIQYF_TRBJ2-4
CASSYLPGQGDHYSNQPQHF	TRBV13	TRBJ1-5	FLKEKGGL	4	TRBV13_CASSYLPGQGDHYSNQPQHF_TRBJ1-5
CASSFEPGQGFYSNQPQHF	TRBV13	TRBJ1-5	FLKEKGGL	4	TRBV13_CASSFEPGQGFYSNQPQHF_TRBJ1-5
CASSALASLNEQFF	TRBV14	TRBJ2-1	FLKEKGGL	1	TRBV14_CASSALASLNEQFF_TRBJ2-1
CASSYLPGQGDHYSNQPQHF	TRBV13	TRBJ1-5	FLKEQGGL	4	TRBV13_CASSYLPGQGDHYSNQPQHF_TRBJ1-5
CASSFEPGQGFYSNQPQHF	TRBV13	TRBJ1-5	FLKEQGGL	4	TRBV13_CASSFEPGQGFYSNQPQHF_TRBJ1-5
CASSYLPGQGDHYSNQPQHF	TRBV13	TRBJ1-5	FLKETGGL	4	TRBV13_CASSYLPGQGDHYSNQPQHF_TRBJ1-5
CASSFEPGQGFYSNQPQHF	TRBV13	TRBJ1-5	FLKETGGL	4	TRBV13_CASSFEPGQGFYSNQPQHF_TRBJ1-5
CASSYLPGQGDHYSNQPQHF	TRBV13	TRBJ1-5	FLKEMGGL	4	TRBV13_CASSYLPGQGDHYSNQPQHF_TRBJ1-5
CASSFEPGQGFYSNQPQHF	TRBV13	TRBJ1-5	FLKEMGGL	4	TRBV13_CASSFEPGQGFYSNQPQHF_TRBJ1-5
CASSFTPYNEQFF	TRBV28	TRBJ2-1	ELAGIGILTV	1	TRBV28_CASSFTPYNEQFF_TRBJ2-1
CASSPQGLGTEAFF	TRBV28	TRBJ1-1	ELAGIGILTV	1	TRBV28_CASSPQGLGTEAFF_TRBJ1-1
CAEGQGFVGQPQHF	TRBV28	TRBJ1-5	ELAGIGILTV	1	TRBV28_CAEGQGFVGQPQHF_TRBJ1-5
CASLRSAVWADTQYF	TRBV28	TRBJ2-3	ELAGIGILTV	1	TRBV28_CASLRSAVWADTQYF_TRBJ2-3
CASTLTGLGQPQHF	TRBV28	TRBJ1-5	ELAGIGILTV	1	TRBV28_CASTLTGLGQPQHF_TRBJ1-5
CASSFQGLGTEAFF	TRBV28	TRBJ1-1	ELAGIGILTV	1	TRBV28_CASSFQGLGTEAFF_TRBJ1-1
CASSPSGLAGGHTQYF	TRBV27	TRBJ2-3	ELAGIGILTV	1	TRBV27_CASSPSGLAGGHTQYF_TRBJ2-3
CASSSGLLGGQPQHF	TRBV4-3	TRBJ1-5	ELAGIGILTV	1	TRBV4-3_CASSSGLLGGQPQHF_TRBJ1-5
CASSQGLAGAGELFF	TRBV19	TRBJ2-2	ELAGIGILTV	1	TRBV19_CASSQGLAGAGELFF_TRBJ2-2
CASSPALTGGLIEQYF	TRBV4-2	TRBJ2-7	ELAGIGILTV	1	TRBV4-2_CASSPALTGGLIEQYF_TRBJ2-7
CASSQTLVADTQYF	TRBV4-2	TRBJ2-3	ELAGIGILTV	1	TRBV4-2_CASSQTLVADTQYF_TRBJ2-3
CASSYSATGGEQYF	TRBV6-5	TRBJ2-7	ELAGIGILTV	1	TRBV6-5_CASSYSATGGEQYF_TRBJ2-7
CASSLQSLLDEKLFF	TRBV11-2	TRBJ1-4	ELAGIGILTV	1	TRBV11-2_CASSLQSLLDEKLFF_TRBJ1-4
CASSLAQGWGAFF	TRBV7-9	TRBJ1-1	ELAGIGILTV	1	TRBV7-9_CASSLAQGWGAFF_TRBJ1-1
CASSETQMNTEAFF	TRBV6-1	TRBJ1-1	ELAGIGILTV	1	TRBV6-1_CASSETQMNTEAFF_TRBJ1-1
CSALQGLTPEAFF	TRBV20-1	TRBJ1-1	ELAGIGILTV	1	TRBV20-1_CSALQGLTPEAFF_TRBJ1-1
CSARENWDLSTDTQYF	TRBV20-1	TRBJ2-3	ELAGIGILTV	1	TRBV20-1_CSARENWDLSTDTQYF_TRBJ2-3
CASSYGGLGQPQHF	TRBV27	TRBJ1-5	ELAGIGILTV	1	TRBV27_CASSYGGLGQPQHF_TRBJ1-5
CSARDGLNEQFF	TRBV20-1	TRBJ2-1	ELAGIGILTV	1	TRBV20-1_CSARDGLNEQFF_TRBJ2-1
CASSEAELLSSYNEQFF	TRBV6-1	TRBJ2-1	ELAGIGILTV	1	TRBV6-1_CASSEAELLSSYNEQFF_TRBJ2-1
CASSWGLLSNQPQFRG	TRBV19	TRBJ1-5	ELAGIGILTV	1	TRBV19_CASSWGLLSNQPQFRG_TRBJ1-5
CASSLFPGGNTGELFF	TRBV12-3	TRBJ2-2	ELAGIGILTV	1	TRBV12-3_CASSLFPGGNTGELFF_TRBJ2-2
CASSSGALITVEQYF	TRBV27	TRBJ2-7	ELAGIGILTV	1	TRBV27_CASSSGALITVEQYF_TRBJ2-7
CASSNSYEQYF	TRBV27	TRBJ2-7	ELAGIGILTV	1	TRBV27_CASSNSYEQYF_TRBJ2-7
CASGTGGLAVYEQYF	TRBV27	TRBJ2-7	ELAGIGILTV	1	TRBV27_CASGTGGLAVYEQYF_TRBJ2-7
CASSLGVLSLGREQYF	TRBV27	TRBJ2-7	ELAGIGILTV	1	TRBV27_CASSLGVLSLGREQYF_TRBJ2-7
CASSFSSGSPHEQFF	TRBV27	TRBJ2-1	ELAGIGILTV	1	TRBV27_CASSFSSGSPHEQFF_TRBJ2-1
CASTRQGLGQPQHF	TRBV28	TRBJ1-5	ELAGIGILTV	1	TRBV28_CASTRQGLGQPQHF_TRBJ1-5
CASSLPGLAGDRAYEQYF	TRBV28	TRBJ2-7	ELAGIGILTV	1	TRBV28_CASSLPGLAGDRAYEQYF_TRBJ2-7
CASRLQGLGQPQHF	TRBV28	TRBJ1-5	ELAGIGILTV	1	TRBV28_CASRLQGLGQPQHF_TRBJ1-5
CASSSSGTSGVYEQYF	TRBV28	TRBJ2-7	ELAGIGILTV	1	TRBV28_CASSSSGTSGVYEQYF_TRBJ2-7
CASSPATGSNQPQHF	TRBV4-1	TRBJ1-5	ELAGIGILTV	1	TRBV4-1_CASSPATGSNQPQHF_TRBJ1-5
CASSQEGQARGYTF	TRBV4-1	TRBJ1-2	ELAGIGILTV	1	TRBV4-1_CASSQEGQARGYTF_TRBJ1-2
CASSLGMGQPQHF	TRBV19	TRBJ1-5	ELAGIGILTV	1	TRBV19_CASSLGMGQPQHF_TRBJ1-5
CASSTGGLAGEQYF	TRBV19	TRBJ2-7	ELAGIGILTV	1	TRBV19_CASSTGGLAGEQYF_TRBJ2-7
CASSGGEGQPQHF	TRBV6-1	TRBJ1-5	ELAGIGILTV	1	TRBV6-1_CASSGGEGQPQHF_TRBJ1-5
CASSLGWNQPQHF	TRBV11-1	TRBJ1-5	ELAGIGILTV	1	TRBV11-1_CASSLGWNQPQHF_TRBJ1-5
CASRTQSSYEQYF	TRBV2	TRBJ2-7	ELAGIGILTV	1	TRBV2_CASRTQSSYEQYF_TRBJ2-7
CASSFSQTSGTGRIYYGYTF	TRBV28	TRBJ1-2	ELAGIGILTV	1	TRBV28_CASSFSQTSGTGRIYYGYTF_TRBJ1-2
CASSSRDEAFF	TRBV27	TRBJ1-1	ELAGIGILTV	1	TRBV27_CASSSRDEAFF_TRBJ1-1
CASSLIQDPGELFF	TRBV5-1	TRBJ2-2	ELAGIGILTV	1	TRBV5-1_CASSLIQDPGELFF_TRBJ2-2
CASSQEALMGEQYF	TRBV4-1	TRBJ2-7	ELAGIGILTV	1	TRBV4-1_CASSQEALMGEQYF_TRBJ2-7
CALSVWGLNYGYTF	TRBV19	TRBJ1-2	YVLDHLIVV	1	TRBV19_CALSVWGLNYGYTF_TRBJ1-2
MSLLGSNQPQHF	TRBV19	TRBJ1-5	YVLDHLIVV	1	TRBV19_MSLLGSNQPQHF_TRBJ1-5
CASTGGPGYGAQYF	TRBV19	TRBJ2-5	YVLDHLIVV	1	TRBV19_CASTGGPGYGAQYF_TRBJ2-5
CANTGAGDRVIYNEQFF	TRBV30	TRBJ2-1	YVLDHLIVV	1	TRBV30_CANTGAGDRVIYNEQFF_TRBJ2-1
CASSRGTAGETEAFF	TRBV4-1	TRBJ1-1	YVLDHLIVV	1	TRBV4-1_CASSRGTAGETEAFF_TRBJ1-1
CASRQNTEAFF	TRBV3-1	TRBJ1-1	YVLDHLIVV	1	TRBV3-1_CASRQNTEAFF_TRBJ1-1
CASRALLGSGETQYF	TRBV27	TRBJ2-5	YVLDHLIVV	1	TRBV27_CASRALLGSGETQYF_TRBJ2-5
CASTRLLGSADTQYF	TRBV27	TRBJ2-3	YVLDHLIVV	1	TRBV27_CASTRLLGSADTQYF_TRBJ2-3
CASSLFPSGMDHEQYF	TRBV27	TRBJ2-7	YVLDHLIVV	1	TRBV27_CASSLFPSGMDHEQYF_TRBJ2-7
CSAPVPPYNEQFF	TRBV20-1	TRBJ2-1	YVLDHLIVV	1	TRBV20-1_CSAPVPPYNEQFF_TRBJ2-1
CATSRDLDNGRQFF	TRBV15	TRBJ2-1	YVLDHLIVV	1	TRBV15_CATSRDLDNGRQFF_TRBJ2-1
CATSEAASSWTGELFF	TRBV24-1	TRBJ2-2	RPRGEVRFL	1	TRBV24-1_CATSEAASSWTGELFF_TRBJ2-2
CASRIWGGADTQYF	TRBV5-1	TRBJ2-3	RPRGEVRFL	1	TRBV5-1_CASRIWGGADTQYF_TRBJ2-3
CATRIGWGTDTQYF	TRBV5-1	TRBJ2-3	RPRGEVRFL	3	TRBV5-1_CATRIGWGTDTQYF_TRBJ2-3
CASSSTPLSTDTQYF	TRBV12-3	TRBJ2-3	RPRGEVRFL	1	TRBV12-3_CASSSTPLSTDTQYF_TRBJ2-3
CATRIGWGTDTQYF	TRBV5-5	TRBJ2-3	RPRGEVRFL	1	TRBV5-5_CATRIGWGTDTQYF_TRBJ2-3
CASRLQGINEKLFF	TRBV12-4	TRBJ1-4	RPRGEVRFL	2	TRBV12-4_CASRLQGINEKLFF_TRBJ1-4
CASSPYQTGLDGYTF	TRBV16	TRBJ1-2	RPRGEVRFL	1	TRBV16_CASSPYQTGLDGYTF_TRBJ1-2
CASSVWGTDTQYF	TRBV9	TRBJ2-3	RPRGEVRFL	3	TRBV9_CASSVWGTDTQYF_TRBJ2-3
CASRLQGINEKLFF	TRBV12-3	TRBJ1-4	RPRGEVRFL	1	TRBV12-3_CASRLQGINEKLFF_TRBJ1-4
CASSLASWGNEKLFF	TRBV5-5	TRBJ1-4	RPRGEVRFL	1	TRBV5-5_CASSLASWGNEKLFF_TRBJ1-4
CAWTETGLSGNTIYF	TRBV30	TRBJ1-3	RPRGEVRFL	1	TRBV30_CAWTETGLSGNTIYF_TRBJ1-3
CASRPQGANEKLFF	TRBV27	TRBJ1-4	RPRGEVRFL	1	TRBV27_CASRPQGANEKLFF_TRBJ1-4
CASSDSYRGSYNEQFF	TRBV6-4	TRBJ2-1	RPRGEVRFL	1	TRBV6-4_CASSDSYRGSYNEQFF_TRBJ2-1
CASREWGGTDTQYF	TRBV5-1	TRBJ2-3	RPRGEVRFL	1	TRBV5-1_CASREWGGTDTQYF_TRBJ2-3
CASRKTGGGEAFF	TRBV7-3	TRBJ1-1	RPRGEVRFL	2	TRBV7-3_CASRKTGGGEAFF_TRBJ1-1
CASSSANYGYTF	TRBV12-4	TRBJ1-2	NLVPMVATV	2	TRBV12-4_CASSSANYGYTF_TRBJ1-2
CASSADSNGELFF	TRBV11-2	TRBJ2-2	IPSINVHHY	1	TRBV11-2_CASSADSNGELFF_TRBJ2-2
CASTTGGGGYEQYF	TRBV11-2	TRBJ2-7	GTSGSPIVNR	2	TRBV11-2_CASTTGGGGYEQYF_TRBJ2-7
CASTTGGGGYEQYF	TRBV11-2	TRBJ2-7	GTSGSPIINR	2	TRBV11-2_CASTTGGGGYEQYF_TRBJ2-7
CASSLGQGSYEQYF	TRBV11-2	TRBJ2-7	GTSGSPIVNR	2	TRBV11-2_CASSLGQGSYEQYF_TRBJ2-7
CASSLGQGSYEQYF	TRBV11-2	TRBJ2-7	GTSGSPIINR	2	TRBV11-2_CASSLGQGSYEQYF_TRBJ2-7
CASSPAPSASSYEQYF	TRBV4-1	TRBJ2-7	KLVALGINAV	1	TRBV4-1_CASSPAPSASSYEQYF_TRBJ2-7
CASSWSASYEQYF	TRBV19	TRBJ2-7	KLVALGINAV	1	TRBV19_CASSWSASYEQYF_TRBJ2-7
CASSSSWADTQYF	TRBV9	TRBJ2-3	KLVALGINAV	1	TRBV9_CASSSSWADTQYF_TRBJ2-3
CASGQGQETQYF	TRBV25-1	TRBJ2-5	KLVALGINAV	1	TRBV25-1_CASGQGQETQYF_TRBJ2-5
CASSMGANEQFF	TRBV19	TRBJ2-1	KLVALGINAV	1	TRBV19_CASSMGANEQFF_TRBJ2-1
CASSLAQGQPQHF	TRBV27	TRBJ1-5	KLVALGINAV	1	TRBV27_CASSLAQGQPQHF_TRBJ1-5
CASTNRQEGQETQYF	TRBV13	TRBJ2-5	KLVALGINAV	1	TRBV13_CASTNRQEGQETQYF_TRBJ2-5
CSANSRTGLGYTF	TRBV20-1	TRBJ1-2	KLVALGINAV	1	TRBV20-1_CSANSRTGLGYTF_TRBJ1-2
CASSYGSYEQYF	TRBV6-6	TRBJ2-7	KLVALGINAV	1	TRBV6-6_CASSYGSYEQYF_TRBJ2-7
CASSLEGSYEQYF	TRBV7-9	TRBJ2-7	KLVALGINAV	1	TRBV7-9_CASSLEGSYEQYF_TRBJ2-7
CASSSRHEGEDTEAFF	TRBV11-2	TRBJ1-1	KLVALGINAV	1	TRBV11-2_CASSSRHEGEDTEAFF_TRBJ1-1
CASREDGASGSPDTQYF	TRBV2	TRBJ2-3	KLVALGINAV	1	TRBV2_CASREDGASGSPDTQYF_TRBJ2-3
CASKMGAEAFF	TRBV25-1	TRBJ1-1	KLVALGINAV	1	TRBV25-1_CASKMGAEAFF_TRBJ1-1
CASSLGGDIQYF	TRBV12-3	TRBJ2-4	KLVALGINAV	1	TRBV12-3_CASSLGGDIQYF_TRBJ2-4
CASTGGLGYTF	TRBV25-1	TRBJ1-2	KLVALGINAV	1	TRBV25-1_CASTGGLGYTF_TRBJ1-2
CASSYQSGNTEAFF	TRBV13	TRBJ1-1	KLVALGINAV	1	TRBV13_CASSYQSGNTEAFF_TRBJ1-1
CASNRGDGYTF	TRBV25-1	TRBJ1-2	KLVALGINAV	1	TRBV25-1_CASNRGDGYTF_TRBJ1-2
CASSIALSDNYGYTF	TRBV19	TRBJ1-2	KLVALGINAV	1	TRBV19_CASSIALSDNYGYTF_TRBJ1-2
CAWSINSAEAFF	TRBV30	TRBJ1-1	KLVALGINAV	1	TRBV30_CAWSINSAEAFF_TRBJ1-1
CASSDSYGYTF	TRBV25-1	TRBJ1-2	KLVALGINAV	1	TRBV25-1_CASSDSYGYTF_TRBJ1-2
CASSQGSYEQYF	TRBV19	TRBJ2-7	KLVALGINAV	1	TRBV19_CASSQGSYEQYF_TRBJ2-7
CQAGDTEAFF	TRBV25-1	TRBJ1-1	KLVALGINAV	1	TRBV25-1_CQAGDTEAFF_TRBJ1-1
CASSYTGELFF	TRBV6-6	TRBJ2-2	KLVALGINAV	1	TRBV6-6_CASSYTGELFF_TRBJ2-2
CASSFGADTQYF	TRBV25-1	TRBJ2-3	KLVALGINAV	1	TRBV25-1_CASSFGADTQYF_TRBJ2-3
CASSAETQYF	TRBV25-1	TRBJ2-5	KLVALGINAV	1	TRBV25-1_CASSAETQYF_TRBJ2-5
CASSSPHRDSYSPLHF	TRBV18	TRBJ1-6	KLVALGINAV	1	TRBV18_CASSSPHRDSYSPLHF_TRBJ1-6
CASSQETQYF	TRBV25-1	TRBJ2-5	KLVALGINAV	1	TRBV25-1_CASSQETQYF_TRBJ2-5
CASSIGQYEQYF	TRBV19	TRBJ2-7	KLVALGINAV	1	TRBV19_CASSIGQYEQYF_TRBJ2-7
CASSYRGSGNTIYF	TRBV28	TRBJ1-3	KLVALGINAV	1	TRBV28_CASSYRGSGNTIYF_TRBJ1-3
CASSEGDTEAFF	TRBV25-1	TRBJ1-1	KLVALGINAV	1	TRBV25-1_CASSEGDTEAFF_TRBJ1-1
CASSVEGIDEKLFF	TRBV9	TRBJ1-4	KLVALGINAV	1	TRBV9_CASSVEGIDEKLFF_TRBJ1-4
CATSSGDLSSGANVLTF	TRBV15	TRBJ2-6	KLVALGINAV	1	TRBV15_CATSSGDLSSGANVLTF_TRBJ2-6
CASSPSYNEQFF	TRBV12-4	TRBJ2-1	RLITGRLQSL	1	TRBV12-4_CASSPSYNEQFF_TRBJ2-1
CASSLDIPSYNEQFF	TRBV7-8	TRBJ2-1	NLVPMVATV	1	TRBV7-8_CASSLDIPSYNEQFF_TRBJ2-1
CASSSPDRGGTNEKLFF	TRBV5-4	TRBJ1-4	RLITGRLQSL	1	TRBV5-4_CASSSPDRGGTNEKLFF_TRBJ1-4
CSGEGGDTEAFF	TRBV20-1	TRBJ1-1	RLITGRLQSL	1	TRBV20-1_CSGEGGDTEAFF_TRBJ1-1
CSARDPGLEQNIQYF	TRBV20-1	TRBJ2-4	RLITGRLQSL	2	TRBV20-1_CSARDPGLEQNIQYF_TRBJ2-4
CASSQEGDRVTEAFF	TRBV3-1	TRBJ1-1	RLITGRLQSL	1	TRBV3-1_CASSQEGDRVTEAFF_TRBJ1-1
CSARSPGELNIQYF	TRBV20-1	TRBJ2-4	RLITGRLQSL	1	TRBV20-1_CSARSPGELNIQYF_TRBJ2-4
CSASSTHSNQPQHF	TRBV20-1	TRBJ1-5	KQIYKTPPI	1	TRBV20-1_CSASSTHSNQPQHF_TRBJ1-5
CASSLTGGGYEQYF	TRBV28	TRBJ2-7	LLFNKVTLA	1	TRBV28_CASSLTGGGYEQYF_TRBJ2-7
CASSQEQEPHQETQYF	TRBV3-1	TRBJ2-5	RLITGRLQSL	2	TRBV3-1_CASSQEQEPHQETQYF_TRBJ2-5
CASSIAGNNEQFF	TRBV19	TRBJ2-1	TLATHGLAAV	1	TRBV19_CASSIAGNNEQFF_TRBJ2-1
CASSVGGGGSTDTQYF	TRBV9	TRBJ2-3	FPQSAPHGVVF	2	TRBV9_CASSVGGGGSTDTQYF_TRBJ2-3
CASSIALSTFQPQHF	TRBV19	TRBJ1-5	MQLFFSYFA	1	TRBV19_CASSIALSTFQPQHF_TRBJ1-5
CASSLGEPQHF	TRBV6-6	TRBJ1-5	YPDKVFRSSV	1	TRBV6-6_CASSLGEPQHF_TRBJ1-5
CASSVGGGGSTDTQYF	TRBV9	TRBJ2-3	YPDKVFRSSV	2	TRBV9_CASSVGGGGSTDTQYF_TRBJ2-3
CASRTLRGHVSEAFF	TRBV28	TRBJ1-1	ALQIPFAMQM	1	TRBV28_CASRTLRGHVSEAFF_TRBJ1-1
CASSFPGYGYTF	TRBV28	TRBJ1-2	KIYSKHTPI	1	TRBV28_CASSFPGYGYTF_TRBJ1-2
CASSKKGLSNEQFF	TRBV12-4	TRBJ2-1	LPPAYTNSF	1	TRBV12-4_CASSKKGLSNEQFF_TRBJ2-1
CASSLMVNEQYF	TRBV5-6	TRBJ2-7	FAMQMAYRF	1	TRBV5-6_CASSLMVNEQYF_TRBJ2-7
CATFTGNTEAFF	TRBV10-3	TRBJ1-1	RARSVASQSI	1	TRBV10-3_CATFTGNTEAFF_TRBJ1-1
CASSLDGTGREKLFF	TRBV5-6	TRBJ1-4	FAMQMAYRF	1	TRBV5-6_CASSLDGTGREKLFF_TRBJ1-4
CASSFGTPSTDTQYF	TRBV5-6	TRBJ2-3	FAMQMAYRF	1	TRBV5-6_CASSFGTPSTDTQYF_TRBJ2-3
CASSSLDGRLGYTF	TRBV5-5	TRBJ1-2	LPPAYTNSF	1	TRBV5-5_CASSSLDGRLGYTF_TRBJ1-2
CASSSAHYGYTF	TRBV12-4	TRBJ1-2	MLAKALRKV	1	TRBV12-4_CASSSAHYGYTF_TRBJ1-2
CSARTGTSEYNEQFF	TRBV20-1	TRBJ2-1	RLITGRLQSL	1	TRBV20-1_CSARTGTSEYNEQFF_TRBJ2-1
CASSPDDRESSYNEQFF	TRBV7-9	TRBJ2-1	MLAKALRKV	2	TRBV7-9_CASSPDDRESSYNEQFF_TRBJ2-1
CASSSVNVAFF	TRBV12-4	TRBJ1-1	NLVPMVATV	1	TRBV12-4_CASSSVNVAFF_TRBJ1-1
CASSDPGVDRNTEAFF	TRBV2	TRBJ1-1	NLVPMVATV	1	TRBV2_CASSDPGVDRNTEAFF_TRBJ1-1
CASSHGTGYNQPQHF	TRBV14	TRBJ1-5	NLVPMVATV	1	TRBV14_CASSHGTGYNQPQHF_TRBJ1-5
CASSLEIQGSGAFF	TRBV5-1	TRBJ1-1	NLVPMVATV	1	TRBV5-1_CASSLEIQGSGAFF_TRBJ1-1
CASSDGIGQGASGYTF	TRBV6-4	TRBJ1-2	NLVPMVATV	1	TRBV6-4_CASSDGIGQGASGYTF_TRBJ1-2
CASSARGGGNNEQFF	TRBV4-1	TRBJ2-1	NLVPMVATV	1	TRBV4-1_CASSARGGGNNEQFF_TRBJ2-1
CASSYSGTNQPQHF	TRBV6-2	TRBJ1-5	NLVPMVATV	1	TRBV6-2_CASSYSGTNQPQHF_TRBJ1-5
CASSYSGTGDYGYTF	TRBV12-3	TRBJ1-2	NLVPMVATV	1	TRBV12-3_CASSYSGTGDYGYTF_TRBJ1-2
CASSPVGGDYGYTF	TRBV18	TRBJ1-2	NLVPMVATV	1	TRBV18_CASSPVGGDYGYTF_TRBJ1-2
CASSLDLYGYTF	TRBV5-6	TRBJ1-2	NLVPMVATV	1	TRBV5-6_CASSLDLYGYTF_TRBJ1-2
CSARDRGGENTGELFF	TRBV20-1	TRBJ2-2	NLVPMVATV	1	TRBV20-1_CSARDRGGENTGELFF_TRBJ2-2
CASSFQGIRVEAFF	TRBV28	TRBJ1-1	NLVPMVATV	1	TRBV28_CASSFQGIRVEAFF_TRBJ1-1
CASSPPGRGNTGELFF	TRBV28	TRBJ2-2	NLVPMVATV	1	TRBV28_CASSPPGRGNTGELFF_TRBJ2-2
CASSFGQRDRGYWRNTEAFF	TRBV6-6	TRBJ1-1	NLVPMVATV	1	TRBV6-6_CASSFGQRDRGYWRNTEAFF_TRBJ1-1
CASGFTGGRNTEAFF	TRBV12-5	TRBJ1-1	NLVPMVATV	1	TRBV12-5_CASGFTGGRNTEAFF_TRBJ1-1
CASSIVAGAGAGELFF	TRBV19	TRBJ2-2	NLVPMVATV	1	TRBV19_CASSIVAGAGAGELFF_TRBJ2-2
CATSDLLAGGKTGELFF	TRBV24-1	TRBJ2-2	NLVPMVATV	1	TRBV24-1_CATSDLLAGGKTGELFF_TRBJ2-2
CASSATGSNTGELFF	TRBV9	TRBJ2-2	NLVPMVATV	1	TRBV9_CASSATGSNTGELFF_TRBJ2-2
CASSMGTVYLNTEAFF	TRBV19	TRBJ1-1	NLVPMVATV	1	TRBV19_CASSMGTVYLNTEAFF_TRBJ1-1
CASSLLGVSYYNEQFF	TRBV7-9	TRBJ2-1	NLVPMVATV	1	TRBV7-9_CASSLLGVSYYNEQFF_TRBJ2-1
CAWVPGTGGRAAFF	TRBV30	TRBJ1-1	NLVPMVATV	1	TRBV30_CAWVPGTGGRAAFF_TRBJ1-1
CASSVVGYLGYTF	TRBV9	TRBJ1-2	NLVPMVATV	1	TRBV9_CASSVVGYLGYTF_TRBJ1-2
CASSRGQGPGQETQYF	TRBV4-1	TRBJ2-5	NLVPMVATV	1	TRBV4-1_CASSRGQGPGQETQYF_TRBJ2-5
CASSQAPSMEPNEQFF	TRBV4-1	TRBJ2-1	NLVPMVATV	1	TRBV4-1_CASSQAPSMEPNEQFF_TRBJ2-1
CASSHQTGELFF	TRBV4-2	TRBJ2-2	NLVPMVATV	1	TRBV4-2_CASSHQTGELFF_TRBJ2-2
CASSPKTGASYGYTF	TRBV6-5	TRBJ1-2	NLVPMVATV	2	TRBV6-5_CASSPKTGASYGYTF_TRBJ1-2
CASSYNEQFF	TRBV12-4	TRBJ2-1	NLVPMVATV	1	TRBV12-4_CASSYNEQFF_TRBJ2-1
CASSIDAGSNYEQYF	TRBV19	TRBJ2-7	NLVPMVATV	1	TRBV19_CASSIDAGSNYEQYF_TRBJ2-7
CASSYTVQPYNEQFF	TRBV6-2	TRBJ2-1	NLVPMVATV	1	TRBV6-2_CASSYTVQPYNEQFF_TRBJ2-1
CATSDLRRTDTQYF	TRBV24-1	TRBJ2-3	NLVPMVATV	1	TRBV24-1_CATSDLRRTDTQYF_TRBJ2-3
CASSRDSNSNQPQHF	TRBV12-4	TRBJ1-5	NLVPMVATV	1	TRBV12-4_CASSRDSNSNQPQHF_TRBJ1-5
CASSHERDRDTGELFF	TRBV3-1	TRBJ2-2	NLVPMVATV	1	TRBV3-1_CASSHERDRDTGELFF_TRBJ2-2
CASSSAFYGYTF	TRBV12-4	TRBJ1-2	NLVPMVATV	1	TRBV12-4_CASSSAFYGYTF_TRBJ1-2
CASSLAYILGLGDEQFF	TRBV12-4	TRBJ2-1	NLVPMVATV	1	TRBV12-4_CASSLAYILGLGDEQFF_TRBJ2-1
CASSDALQETQYF	TRBV10-1	TRBJ2-5	NLVPMVATV	1	TRBV10-1_CASSDALQETQYF_TRBJ2-5
CASSLASRVGSPLHF	TRBV7-9	TRBJ1-6	NLVPMVATV	1	TRBV7-9_CASSLASRVGSPLHF_TRBJ1-6
CASSLSAVHGYTF	TRBV27	TRBJ1-2	NLVPMVATV	1	TRBV27_CASSLSAVHGYTF_TRBJ1-2
CASSLKIGEQFF	TRBV27	TRBJ2-1	NLVPMVATV	1	TRBV27_CASSLKIGEQFF_TRBJ2-1
CASSLAGDYEQYF	TRBV5-4	TRBJ2-7	NLVPMVATV	1	TRBV5-4_CASSLAGDYEQYF_TRBJ2-7
CASSELAGGGDTQYF	TRBV19	TRBJ2-3	NLVPMVATV	1	TRBV19_CASSELAGGGDTQYF_TRBJ2-3
CASSQQETYEQYF	TRBV4-1	TRBJ2-7	NLVPMVATV	1	TRBV4-1_CASSQQETYEQYF_TRBJ2-7
CSVVDYGYTF	TRBV29-1	TRBJ1-2	NLVPMVATV	1	TRBV29-1_CSVVDYGYTF_TRBJ1-2
CSVAGQGDDHTDTQYF	TRBV29-1	TRBJ2-3	NLVPMVATV	1	TRBV29-1_CSVAGQGDDHTDTQYF_TRBJ2-3
CSAPFPGQGDYGYTF	TRBV20-1	TRBJ1-2	NLVPMVATV	1	TRBV20-1_CSAPFPGQGDYGYTF_TRBJ1-2
CASSPSREGYTF	TRBV18	TRBJ1-2	NLVPMVATV	1	TRBV18_CASSPSREGYTF_TRBJ1-2
CASSFQGYTEAFF	TRBV28	TRBJ1-1	NLVPMVATV	2	TRBV28_CASSFQGYTEAFF_TRBJ1-1
CASSSGTSGSGSYNEQFF	TRBV5-4	TRBJ2-1	NLVPMVATV	1	TRBV5-4_CASSSGTSGSGSYNEQFF_TRBJ2-1
CASSIVGGMNTEAFF	TRBV19	TRBJ1-1	NLVPMVATV	1	TRBV19_CASSIVGGMNTEAFF_TRBJ1-1
CASFSPRVYEQYF	TRBV6-2	TRBJ2-7	NLVPMVATV	1	TRBV6-2_CASFSPRVYEQYF_TRBJ2-7
CSVEEGSRAQYF	TRBV29-1	TRBJ2-5	NLVPMVATV	1	TRBV29-1_CSVEEGSRAQYF_TRBJ2-5
CASSQGTISYEQYF	TRBV14	TRBJ2-7	LLWNGPMAV	2	TRBV14_CASSQGTISYEQYF_TRBJ2-7
CASSVGGVTYNEQFF	TRBV9	TRBJ2-1	LLWNGPMAV	2	TRBV9_CASSVGGVTYNEQFF_TRBJ2-1
CASTDGGDSYTQYF	TRBV6-3	TRBJ2-3	LLWNGPMAV	2	TRBV6-3_CASTDGGDSYTQYF_TRBJ2-3
CATGAASSYEQYF	TRBV15	TRBJ2-7	LLWNGPMAV	3	TRBV15_CATGAASSYEQYF_TRBJ2-7
CASSQEGTPISYEQYF	TRBV14	TRBJ2-7	LLWNGPMAV	2	TRBV14_CASSQEGTPISYEQYF_TRBJ2-7
CSATGNRGADTQYF	TRBV20-1	TRBJ2-3	LLWNGPMAV	2	TRBV20-1_CSATGNRGADTQYF_TRBJ2-3
CASSQAGAYEQYF	TRBV6-3	TRBJ2-7	LLWNGPMAV	3	TRBV6-3_CASSQAGAYEQYF_TRBJ2-7
CATSRESGNGKLFF	TRBV15	TRBJ1-4	LLWNGPMAV	2	TRBV15_CATSRESGNGKLFF_TRBJ1-4
CASSLKLAGTDTQYF	TRBV27	TRBJ2-3	LLWNGPMAV	3	TRBV27_CASSLKLAGTDTQYF_TRBJ2-3
CASSPTGPAYEQYF	TRBV7-2	TRBJ2-7	LLWNGPMAV	3	TRBV7-2_CASSPTGPAYEQYF_TRBJ2-7
CASSESPGYGYTF	TRBV10-1	TRBJ1-2	LLWNGPMAV	2	TRBV10-1_CASSESPGYGYTF_TRBJ1-2
CASSSGPAYEQYF	TRBV6-5	TRBJ2-7	LLWNGPMAV	2	TRBV6-5_CASSSGPAYEQYF_TRBJ2-7
CASSPWDRANTGELFF	TRBV4-3	TRBJ2-2	LLWNGPMAV	2	TRBV4-3_CASSPWDRANTGELFF_TRBJ2-2
CASSVGGVPYNEQFF	TRBV9	TRBJ2-1	LLWNGPMAV	6	TRBV9_CASSVGGVPYNEQFF_TRBJ2-1
CSASGARGADTQYF	TRBV20-1	TRBJ2-3	LLWNGPMAV	2	TRBV20-1_CSASGARGADTQYF_TRBJ2-3
CASSIKPDGYEQYF	TRBV3-1	TRBJ2-7	LLWNGPMAV	2	TRBV3-1_CASSIKPDGYEQYF_TRBJ2-7
CASGTWGARQPQHF	TRBV12-4	TRBJ1-5	LLWNGPMAV	2	TRBV12-4_CASGTWGARQPQHF_TRBJ1-5
CASSPGTGGYTEAFF	TRBV5-4	TRBJ1-1	LLWNGPMAV	2	TRBV5-4_CASSPGTGGYTEAFF_TRBJ1-1
CASSYSTEAYEQYF	TRBV6-6	TRBJ2-7	LLWNGPMAV	2	TRBV6-6_CASSYSTEAYEQYF_TRBJ2-7
CATSRASGSYEQYF	TRBV15	TRBJ2-7	LLWNGPMAV	3	TRBV15_CATSRASGSYEQYF_TRBJ2-7
CASSVGGGREQFF	TRBV9	TRBJ2-1	LLWNGPMAV	2	TRBV9_CASSVGGGREQFF_TRBJ2-1
CASSYTGTGSQPQHF	TRBV6-3	TRBJ1-5	LLWNGPMAV	2	TRBV6-3_CASSYTGTGSQPQHF_TRBJ1-5
CASSQGQANEKLFF	TRBV3-1	TRBJ1-4	LLWNGPMAV	2	TRBV3-1_CASSQGQANEKLFF_TRBJ1-4
CSAPTSGGPNEQFF	TRBV20-1	TRBJ2-1	LLWNGPMAV	2	TRBV20-1_CSAPTSGGPNEQFF_TRBJ2-1
CASSPGQGPYEQYF	TRBV4-3	TRBJ2-7	LLWNGPMAV	2	TRBV4-3_CASSPGQGPYEQYF_TRBJ2-7
CASSQGPAAYEQYF	TRBV14	TRBJ2-7	LLWNGPMAV	3	TRBV14_CASSQGPAAYEQYF_TRBJ2-7
CASSATGTGGYEQYF	TRBV6-4	TRBJ2-7	LLWNGPMAV	1	TRBV6-4_CASSATGTGGYEQYF_TRBJ2-7
CASSLPAAGYGYTF	TRBV5-8	TRBJ1-2	LLWNGPMAV	2	TRBV5-8_CASSLPAAGYGYTF_TRBJ1-2
CASSPGLAYEQYF	TRBV9	TRBJ2-7	LLWNGPMAV	3	TRBV9_CASSPGLAYEQYF_TRBJ2-7
CASSQEGTSRPQHF	TRBV3-1	TRBJ1-5	LLWNGPMAV	2	TRBV3-1_CASSQEGTSRPQHF_TRBJ1-5
CATSGGGAYEQYF	TRBV15	TRBJ2-7	LLWNGPMAV	2	TRBV15_CATSGGGAYEQYF_TRBJ2-7
CATSESRGGGYGYTF	TRBV15	TRBJ1-2	LLWNGPMAV	2	TRBV15_CATSESRGGGYGYTF_TRBJ1-2
CASSGQGAYGYTF	TRBV6-5	TRBJ1-2	LLWNGPMAV	3	TRBV6-5_CASSGQGAYGYTF_TRBJ1-2
CASSPGTSGAYEQYF	TRBV5-1	TRBJ2-7	LLWNGPMAV	2	TRBV5-1_CASSPGTSGAYEQYF_TRBJ2-7
CASSYSGGGNQPQHF	TRBV12-4	TRBJ1-5	LLWNGPMAV	2	TRBV12-4_CASSYSGGGNQPQHF_TRBJ1-5
CASSNQGASAYGYTF	TRBV27	TRBJ1-2	LLWNGPMAV	2	TRBV27_CASSNQGASAYGYTF_TRBJ1-2
CASGTGTPYNEQFF	TRBV9	TRBJ2-1	LLWNGPMAV	2	TRBV9_CASGTGTPYNEQFF_TRBJ2-1
CATSSASSYEQYF	TRBV15	TRBJ2-7	LLWNGPMAV	2	TRBV15_CATSSASSYEQYF_TRBJ2-7
CASSEALGSTSYEQYF	TRBV6-1	TRBJ2-7	LLWNGPMAV	2	TRBV6-1_CASSEALGSTSYEQYF_TRBJ2-7
CASSSQGLSTEAFF	TRBV12-4	TRBJ1-1	LLWNGPMAV	2	TRBV12-4_CASSSQGLSTEAFF_TRBJ1-1
CSASGDRGADTQYF	TRBV20-1	TRBJ2-3	LLWNGPMAV	3	TRBV20-1_CSASGDRGADTQYF_TRBJ2-3
CASSLYPGTAEGGYTF	TRBV27	TRBJ1-2	LLWNGPMAV	2	TRBV27_CASSLYPGTAEGGYTF_TRBJ1-2
CASGTEIFYYEQYF	TRBV12-4	TRBJ2-7	LLWNGPMAV	2	TRBV12-4_CASGTEIFYYEQYF_TRBJ2-7
CASSLFPDNYGYTF	TRBV27	TRBJ1-2	LLWNGPMAV	2	TRBV27_CASSLFPDNYGYTF_TRBJ1-2
CASSPTGQGAHGYTF	TRBV4-3	TRBJ1-2	LLWNGPMAV	2	TRBV4-3_CASSPTGQGAHGYTF_TRBJ1-2
CASSQGGDGYGYTF	TRBV4-2	TRBJ1-2	LLWNGPMAV	2	TRBV4-2_CASSQGGDGYGYTF_TRBJ1-2
CASSRQGGYGYTF	TRBV6-5	TRBJ1-2	LLWNGPMAV	2	TRBV6-5_CASSRQGGYGYTF_TRBJ1-2
CASSPAGQGAGTGELFF	TRBV13	TRBJ2-2	LLWNGPMAV	2	TRBV13_CASSPAGQGAGTGELFF_TRBJ2-2
CASSPSAGDYEQYF	TRBV4-3	TRBJ2-7	LLWNGPMAV	2	TRBV4-3_CASSPSAGDYEQYF_TRBJ2-7
CSGGLKADTQYF	TRBV20-1	TRBJ2-3	LLWNGPMAV	2	TRBV20-1_CSGGLKADTQYF_TRBJ2-3
CASSAGQGYEQYF	TRBV6-4	TRBJ2-7	LLWNGPMAV	2	TRBV6-4_CASSAGQGYEQYF_TRBJ2-7
CASSDSRGTEAFF	TRBV9	TRBJ1-1	LLWNGPMAV	2	TRBV9_CASSDSRGTEAFF_TRBJ1-1
CASSLYPLGFGYTF	TRBV27	TRBJ1-2	LLWNGPMAV	2	TRBV27_CASSLYPLGFGYTF_TRBJ1-2
CASSLGGAPYNEQFF	TRBV7-2	TRBJ2-1	LLWNGPMAV	2	TRBV7-2_CASSLGGAPYNEQFF_TRBJ2-1
CASSYPNQPQHF	TRBV6-3	TRBJ1-5	LLWNGPMAV	2	TRBV6-3_CASSYPNQPQHF_TRBJ1-5
CASSFPNQPQHF	TRBV12-4	TRBJ1-5	LLWNGPMAV	2	TRBV12-4_CASSFPNQPQHF_TRBJ1-5
CASSAYNEQFF	TRBV9	TRBJ2-1	LLWNGPMAV	2	TRBV9_CASSAYNEQFF_TRBJ2-1
CSVPTSGGSNEQFF	TRBV29-1	TRBJ2-1	LLWNGPMAV	2	TRBV29-1_CSVPTSGGSNEQFF_TRBJ2-1
CATSRAGAYEQYF	TRBV15	TRBJ2-7	LLWNGPMAV	2	TRBV15_CATSRAGAYEQYF_TRBJ2-7
CASSGGQAYEQYF	TRBV6-1	TRBJ2-7	LLWNGPMAV	2	TRBV6-1_CASSGGQAYEQYF_TRBJ2-7
CASSLGAYNSPLHF	TRBV5-4	TRBJ1-6	LLWNGPMAV	2	TRBV5-4_CASSLGAYNSPLHF_TRBJ1-6
CASSQGGYGYTF	TRBV4-3	TRBJ1-2	LLWNGPMAV	2	TRBV4-3_CASSQGGYGYTF_TRBJ1-2
CASSPRQGNDEQYF	TRBV12-4	TRBJ2-7	LLWNGPMAV	2	TRBV12-4_CASSPRQGNDEQYF_TRBJ2-7
CASSLGGASYEQYF	TRBV12-4	TRBJ2-7	LLWNGPMAV	3	TRBV12-4_CASSLGGASYEQYF_TRBJ2-7
CASSVKAGGNEQYF	TRBV9	TRBJ2-7	LLWNGPMAV	2	TRBV9_CASSVKAGGNEQYF_TRBJ2-7
CSVEGRGTDTQYF	TRBV29-1	TRBJ2-3	LLWNGPMAV	2	TRBV29-1_CSVEGRGTDTQYF_TRBJ2-3
CASTPGQALNEQYF	TRBV6-4	TRBJ2-7	LLWNGPMAV	2	TRBV6-4_CASTPGQALNEQYF_TRBJ2-7
CASSNGQNAYEQYF	TRBV6-6	TRBJ2-7	LLWNGPMAV	2	TRBV6-6_CASSNGQNAYEQYF_TRBJ2-7
CASSPGTGAYEQYF	TRBV27	TRBJ2-7	LLWNGPMAV	3	TRBV27_CASSPGTGAYEQYF_TRBJ2-7
CAISEVLTGAYGYTF	TRBV10-3	TRBJ1-2	LLWNGPMAV	2	TRBV10-3_CAISEVLTGAYGYTF_TRBJ1-2
CASSIAPSGVAYEQYF	TRBV19	TRBJ2-7	LLWNGPMAV	2	TRBV19_CASSIAPSGVAYEQYF_TRBJ2-7
CAISESPSGALGQFF	TRBV10-3	TRBJ2-1	LLWNGPMAV	2	TRBV10-3_CAISESPSGALGQFF_TRBJ2-1
CASSPQGAYGYTF	TRBV6-6	TRBJ1-2	LLWNGPMAV	2	TRBV6-6_CASSPQGAYGYTF_TRBJ1-2
CASSSRTGDTQYF	TRBV9	TRBJ2-3	LLWNGPMAV	2	TRBV9_CASSSRTGDTQYF_TRBJ2-3
CASSYVRASYGYTF	TRBV6-5	TRBJ1-2	LLWNGPMAV	2	TRBV6-5_CASSYVRASYGYTF_TRBJ1-2
CSAPASGGGNEQFF	TRBV20-1	TRBJ2-1	LLWNGPMAV	2	TRBV20-1_CSAPASGGGNEQFF_TRBJ2-1
CSAPLAGGHNEQFF	TRBV20-1	TRBJ2-1	LLWNGPMAV	2	TRBV20-1_CSAPLAGGHNEQFF_TRBJ2-1
CSAPTSGGHNEQFF	TRBV20-1	TRBJ2-1	LLWNGPMAV	2	TRBV20-1_CSAPTSGGHNEQFF_TRBJ2-1
CSAPTSGGSNEQFF	TRBV20-1	TRBJ2-1	LLWNGPMAV	2	TRBV20-1_CSAPTSGGSNEQFF_TRBJ2-1
CASSEAVLGGNSYEQYF	TRBV6-1	TRBJ2-7	LLWNGPMAV	2	TRBV6-1_CASSEAVLGGNSYEQYF_TRBJ2-7
CASSTGATGSNNEQFF	TRBV6-5	TRBJ2-1	LLWNGPMAV	2	TRBV6-5_CASSTGATGSNNEQFF_TRBJ2-1
CSAAGDRGADTQYF	TRBV20-1	TRBJ2-3	LLWNGPMAV	2	TRBV20-1_CSAAGDRGADTQYF_TRBJ2-3
CASSDLAGGTDTQYF	TRBV9	TRBJ2-3	LLWNGPMAV	2	TRBV9_CASSDLAGGTDTQYF_TRBJ2-3
CSATEAGGPGNEQFF	TRBV20-1	TRBJ2-1	LLWNGPMAV	2	TRBV20-1_CSATEAGGPGNEQFF_TRBJ2-1
CSVATSGGSNEQFF	TRBV29-1	TRBJ2-1	LLWNGPMAV	2	TRBV29-1_CSVATSGGSNEQFF_TRBJ2-1
CASSLGSTGTYEQYF	TRBV27	TRBJ2-7	LLWNGPMAV	2	TRBV27_CASSLGSTGTYEQYF_TRBJ2-7
CASTGTGGFSYNEQFF	TRBV25-1	TRBJ2-1	LLWNGPMAV	2	TRBV25-1_CASTGTGGFSYNEQFF_TRBJ2-1
CASSFYGREAFF	TRBV7-2	TRBJ1-1	LLWNGPMAV	2	TRBV7-2_CASSFYGREAFF_TRBJ1-1
CASSAAGNQPQHF	TRBV6-3	TRBJ1-5	LLWNGPMAV	2	TRBV6-3_CASSAAGNQPQHF_TRBJ1-5
CASSQEVAYEQYF	TRBV3-1	TRBJ2-7	LLWNGPMAV	2	TRBV3-1_CASSQEVAYEQYF_TRBJ2-7
CASSPGTVAYEQYF	TRBV6-6	TRBJ2-7	LLWNGPMAV	2	TRBV6-6_CASSPGTVAYEQYF_TRBJ2-7
CASSKQGESNSPLHF	TRBV6-6	TRBJ1-6	LLWNGPMAV	2	TRBV6-6_CASSKQGESNSPLHF_TRBJ1-6
CASSPNSAGGTEAFF	TRBV4-3	TRBJ1-1	LLWNGPMAV	2	TRBV4-3_CASSPNSAGGTEAFF_TRBJ1-1
CASSYSEQGYGYTF	TRBV6-5	TRBJ1-2	LLWNGPMAV	2	TRBV6-5_CASSYSEQGYGYTF_TRBJ1-2
CASSPSGGAYGYTF	TRBV6-4	TRBJ1-2	LLWNGPMAV	1	TRBV6-4_CASSPSGGAYGYTF_TRBJ1-2
CASSPQTGAVTEAFF	TRBV9	TRBJ1-1	LLWNGPMAV	2	TRBV9_CASSPQTGAVTEAFF_TRBJ1-1
CASSLKGNTEAFF	TRBV7-6	TRBJ1-1	LLWNGPMAV	2	TRBV7-6_CASSLKGNTEAFF_TRBJ1-1
CASSLKLNTEAFF	TRBV7-6	TRBJ1-1	LLWNGPMAV	2	TRBV7-6_CASSLKLNTEAFF_TRBJ1-1
CASSSTQGAAYGYTF	TRBV27	TRBJ1-2	LLWNGPMAV	2	TRBV27_CASSSTQGAAYGYTF_TRBJ1-2
CSVPSRGYAGELFF	TRBV20-1	TRBJ2-2	LLWNGPMAV	2	TRBV20-1_CSVPSRGYAGELFF_TRBJ2-2
CSASEAGGSYEQYF	TRBV20-1	TRBJ2-7	LLWNGPMAV	3	TRBV20-1_CSASEAGGSYEQYF_TRBJ2-7
CASTPSPSRPPLF	TRBV12-4	TRBJ2-1	LLWNGPMAV	2	TRBV12-4_CASTPSPSRPPLF_TRBJ2-1
CATTGGSGYEQYF	TRBV15	TRBJ2-7	LLWNGPMAV	3	TRBV15_CATTGGSGYEQYF_TRBJ2-7
CSVSGERGTDTQYF	TRBV29-1	TRBJ2-3	LLWNGPMAV	2	TRBV29-1_CSVSGERGTDTQYF_TRBJ2-3
CSVDRRADEQFF	TRBV29-1	TRBJ2-1	LLWNGPMAV	2	TRBV29-1_CSVDRRADEQFF_TRBJ2-1
CASSLASGGALYNEQFF	TRBV27	TRBJ2-1	LLWNGPMAV	2	TRBV27_CASSLASGGALYNEQFF_TRBJ2-1
CASSQEAGGGTGELFF	TRBV4-3	TRBJ2-2	LLWNGPMAV	2	TRBV4-3_CASSQEAGGGTGELFF_TRBJ2-2
CSGGDGNTIYF	TRBV20-1	TRBJ1-3	LLWNGPMAV	2	TRBV20-1_CSGGDGNTIYF_TRBJ1-3
CASSLEGQGAPGQPQHF	TRBV7-2	TRBJ1-5	LLWNGPMAV	2	TRBV7-2_CASSLEGQGAPGQPQHF_TRBJ1-5
CASNTGTDSYEQYF	TRBV11-2	TRBJ2-7	LLWNGPMAV	2	TRBV11-2_CASNTGTDSYEQYF_TRBJ2-7
CASSDQTGDAYEQYF	TRBV6-1	TRBJ2-7	LLWNGPMAV	2	TRBV6-1_CASSDQTGDAYEQYF_TRBJ2-7
CASSDKFAGNPQPQHF	TRBV10-1	TRBJ1-5	LLWNGPMAV	2	TRBV10-1_CASSDKFAGNPQPQHF_TRBJ1-5
CASSPAGVSYEQYF	TRBV18	TRBJ2-7	LLWNGPMAV	2	TRBV18_CASSPAGVSYEQYF_TRBJ2-7
CASSPGPTSYEQYF	TRBV7-2	TRBJ2-7	LLWNGPMAV	2	TRBV7-2_CASSPGPTSYEQYF_TRBJ2-7
CASSSSGTAYGYTF	TRBV6-3	TRBJ1-2	LLWNGPMAV	2	TRBV6-3_CASSSSGTAYGYTF_TRBJ1-2
CSVGGGGAGVETQYF	TRBV29-1	TRBJ2-5	LLWNGPMAV	2	TRBV29-1_CSVGGGGAGVETQYF_TRBJ2-5
CASSAGTVSYEQYF	TRBV6-4	TRBJ2-7	LLWNGPMAV	2	TRBV6-4_CASSAGTVSYEQYF_TRBJ2-7
CASSSGSPGSYGYTF	TRBV6-5	TRBJ1-2	LLWNGPMAV	2	TRBV6-5_CASSSGSPGSYGYTF_TRBJ1-2
CASSPQGFSYEQYF	TRBV12-4	TRBJ2-7	LLWNGPMAV	2	TRBV12-4_CASSPQGFSYEQYF_TRBJ2-7
CSVQRRADEQFF	TRBV29-1	TRBJ2-1	LLWNGPMAV	2	TRBV29-1_CSVQRRADEQFF_TRBJ2-1
CASSPAAGGAYEQYF	TRBV5-1	TRBJ2-7	LLWNGPMAV	2	TRBV5-1_CASSPAAGGAYEQYF_TRBJ2-7
CASSVATEGYEQYF	TRBV9	TRBJ2-7	LLWNGPMAV	2	TRBV9_CASSVATEGYEQYF_TRBJ2-7
CASSQGTSGNEQFF	TRBV4-3	TRBJ2-1	LLWNGPMAV	2	TRBV4-3_CASSQGTSGNEQFF_TRBJ2-1
CASSAQGAYGYTF	TRBV6-5	TRBJ1-2	LLWNGPMAV	2	TRBV6-5_CASSAQGAYGYTF_TRBJ1-2
CATSRATSNQPQHF	TRBV15	TRBJ1-5	LLWNGPMAV	2	TRBV15_CATSRATSNQPQHF_TRBJ1-5
CASSPSAGPGYGYTF	TRBV27	TRBJ1-2	LLWNGPMAV	2	TRBV27_CASSPSAGPGYGYTF_TRBJ1-2
CASSSGTVSYEQYF	TRBV18	TRBJ2-7	LLWNGPMAV	2	TRBV18_CASSSGTVSYEQYF_TRBJ2-7
CSASLKADEQFF	TRBV20-1	TRBJ2-1	LLWNGPMAV	2	TRBV20-1_CSASLKADEQFF_TRBJ2-1
CASSETGQPQHF	TRBV6-1	TRBJ1-5	LLWNGPMAV	2	TRBV6-1_CASSETGQPQHF_TRBJ1-5
CSAPLAGGPNEQFF	TRBV20-1	TRBJ2-1	LLWNGPMAV	2	TRBV20-1_CSAPLAGGPNEQFF_TRBJ2-1
CASSPGGVSYGYTF	TRBV6-6	TRBJ1-2	LLWNGPMAV	2	TRBV6-6_CASSPGGVSYGYTF_TRBJ1-2
CASSQTGTGAYEQYF	TRBV6-6	TRBJ2-7	LLWNGPMAV	2	TRBV6-6_CASSQTGTGAYEQYF_TRBJ2-7
CASSPGLGTYEQYF	TRBV4-2	TRBJ2-7	LLWNGPMAV	2	TRBV4-2_CASSPGLGTYEQYF_TRBJ2-7
CASSAGQESYEQYF	TRBV9	TRBJ2-7	LLWNGPMAV	2	TRBV9_CASSAGQESYEQYF_TRBJ2-7
CASSETGTQAYEQYF	TRBV6-1	TRBJ2-7	LLWNGPMAV	2	TRBV6-1_CASSETGTQAYEQYF_TRBJ2-7
CASSGQGAYGYTF	TRBV2	TRBJ1-2	LLWNGPMAV	2	TRBV2_CASSGQGAYGYTF_TRBJ1-2
CASSPSGGAYGYTF	TRBV7-2	TRBJ1-2	LLWNGPMAV	2	TRBV7-2_CASSPSGGAYGYTF_TRBJ1-2
CASSSQGAYGYTF	TRBV7-2	TRBJ1-2	LLWNGPMAV	2	TRBV7-2_CASSSQGAYGYTF_TRBJ1-2
CASTRQGAYEQYF	TRBV6-6	TRBJ2-7	LLWNGPMAV	2	TRBV6-6_CASTRQGAYEQYF_TRBJ2-7
CASSGGTSGAYEQYF	TRBV10-2	TRBJ2-7	LLWNGPMAV	2	TRBV10-2_CASSGGTSGAYEQYF_TRBJ2-7
CALSDLGGSGNTGKLIF	TRBV12-4	TRBJ1-1	LLWNGPMAV	3	TRBV12-4_CALSDLGGSGNTGKLIF_TRBJ1-1
CASSPGHAYEQYF	TRBV27	TRBJ2-7	LLWNGPMAV	2	TRBV27_CASSPGHAYEQYF_TRBJ2-7
CASSYSSSGGAYEQYF	TRBV6-5	TRBJ2-7	LLWNGPMAV	2	TRBV6-5_CASSYSSSGGAYEQYF_TRBJ2-7
CASSSAGAAYEQYF	TRBV6-3	TRBJ2-7	LLWNGPMAV	2	TRBV6-3_CASSSAGAAYEQYF_TRBJ2-7
CASSRSGNYGYTF	TRBV5-6	TRBJ1-2	LLWNGPMAV	2	TRBV5-6_CASSRSGNYGYTF_TRBJ1-2
CASRPGQGYEQYF	TRBV19	TRBJ2-7	LLWNGPMAV	2	TRBV19_CASRPGQGYEQYF_TRBJ2-7
CASSGQGAYEQYF	TRBV6-1	TRBJ2-7	LLWNGPMAV	2	TRBV6-1_CASSGQGAYEQYF_TRBJ2-7
CASSGRDRQNTEAFF	TRBV19	TRBJ1-1	LLWNGPMAV	2	TRBV19_CASSGRDRQNTEAFF_TRBJ1-1
CASSTGTAAYEQYF	TRBV6-3	TRBJ2-7	LLWNGPMAV	2	TRBV6-3_CASSTGTAAYEQYF_TRBJ2-7
CASSWGGAYEQYF	TRBV5-4	TRBJ2-7	LLWNGPMAV	2	TRBV5-4_CASSWGGAYEQYF_TRBJ2-7
CASSAQGDSYEQYF	TRBV4-3	TRBJ2-7	LLWNGPMAV	2	TRBV4-3_CASSAQGDSYEQYF_TRBJ2-7
CASSAGTGAYEQYF	TRBV9	TRBJ2-7	LLWNGPMAV	2	TRBV9_CASSAGTGAYEQYF_TRBJ2-7
CASSVAGGAYEQYF	TRBV9	TRBJ2-7	LLWNGPMAV	2	TRBV9_CASSVAGGAYEQYF_TRBJ2-7
CASSAGGTPDQPQHF	TRBV9	TRBJ1-5	LLWNGPMAV	2	TRBV9_CASSAGGTPDQPQHF_TRBJ1-5
CATSGGTSYEQFF	TRBV15	TRBJ2-1	LLWNGPMAV	2	TRBV15_CATSGGTSYEQFF_TRBJ2-1
CASSQGQLNQPQHF	TRBV3-1	TRBJ1-5	LLWNGPMAV	2	TRBV3-1_CASSQGQLNQPQHF_TRBJ1-5
CANNCGFF	TRBV5-1	TRBJ1-4	LLWNGPMAV	2	TRBV5-1_CANNCGFF_TRBJ1-4
CASSQVAKMAKDNYGYTF	TRBV4-3	TRBJ1-2	LLWNGPMAV	2	TRBV4-3_CASSQVAKMAKDNYGYTF_TRBJ1-2
CASSVAPGRDGYTF	TRBV12-4	TRBJ1-2	LLWNGPMAV	2	TRBV12-4_CASSVAPGRDGYTF_TRBJ1-2
CASSGTGVSPLHF	TRBV5-1	TRBJ1-6	LLWNGPMAV	2	TRBV5-1_CASSGTGVSPLHF_TRBJ1-6
CSVTGERGTDTQYF	TRBV29-1	TRBJ2-3	LLWNGPMAV	2	TRBV29-1_CSVTGERGTDTQYF_TRBJ2-3
CASSHSGYEQFF	TRBV4-1	TRBJ2-1	LLWNGPMAV	2	TRBV4-1_CASSHSGYEQFF_TRBJ2-1
CASSGGTADTQYF	TRBV9	TRBJ2-3	LLWNGPMAV	2	TRBV9_CASSGGTADTQYF_TRBJ2-3
CASSPAGAYGYTF	TRBV6-5	TRBJ1-2	LLWNGPMAV	2	TRBV6-5_CASSPAGAYGYTF_TRBJ1-2
CSVVLVDRGADTQYF	TRBV29-1	TRBJ2-3	LLWNGPMAV	2	TRBV29-1_CSVVLVDRGADTQYF_TRBJ2-3
CASSPGTAYEQYF	TRBV9	TRBJ2-7	LLWNGPMAV	2	TRBV9_CASSPGTAYEQYF_TRBJ2-7
CATSSGTGAYEQYF	TRBV15	TRBJ2-7	LLWNGPMAV	2	TRBV15_CATSSGTGAYEQYF_TRBJ2-7
CSVGEGLAYEQYF	TRBV29-1	TRBJ2-7	LLWNGPMAV	2	TRBV29-1_CSVGEGLAYEQYF_TRBJ2-7
CASSGSSGYEQYF	TRBV6-5	TRBJ2-7	LLWNGPMAV	2	TRBV6-5_CASSGSSGYEQYF_TRBJ2-7
CASSQLGNEQFF	TRBV7-8	TRBJ2-1	LLWNGPMAV	2	TRBV7-8_CASSQLGNEQFF_TRBJ2-1
CASTPGTGAYEQYF	TRBV6-6	TRBJ2-7	LLWNGPMAV	2	TRBV6-6_CASTPGTGAYEQYF_TRBJ2-7
CASSDTDRGIYGYTF	TRBV6-3	TRBJ1-2	LLWNGPMAV	2	TRBV6-3_CASSDTDRGIYGYTF_TRBJ1-2
CASSVDGGGGGYNEQFF	TRBV9	TRBJ2-1	LLWNGPMAV	2	TRBV9_CASSVDGGGGGYNEQFF_TRBJ2-1
CASSSGRTEHNEQFF	TRBV11-2	TRBJ2-1	LLWNGPMAV	2	TRBV11-2_CASSSGRTEHNEQFF_TRBJ2-1
CASNGGLAYEQYF	TRBV6-3	TRBJ2-7	LLWNGPMAV	2	TRBV6-3_CASNGGLAYEQYF_TRBJ2-7
CASSTYSQDTQYF	TRBV19	TRBJ2-3	GILGFVFTL	2	TRBV19_CASSTYSQDTQYF_TRBJ2-3
CASSTFGANVLTF	TRBV19	TRBJ2-6	GILGFVFTL	2	TRBV19_CASSTFGANVLTF_TRBJ2-6
CASSLLLARETQYF	TRBV28	TRBJ2-5	GILGFVFTL	2	TRBV28_CASSLLLARETQYF_TRBJ2-5
CASSRRSSDEQYF	TRBV19	TRBJ2-7	GILGFVFTL	2	TRBV19_CASSRRSSDEQYF_TRBJ2-7
CASSIRAAETQYF	TRBV19	TRBJ2-5	GILGFVFTL	4	TRBV19_CASSIRAAETQYF_TRBJ2-5
CASSIRSSTEAFF	TRBV19	TRBJ1-1	GILGFVFTL	2	TRBV19_CASSIRSSTEAFF_TRBJ1-1
CASSQTQLWETQYF	TRBV7-2	TRBJ2-5	NLVPMVATV	3	TRBV7-2_CASSQTQLWETQYF_TRBJ2-5
CASSSVNEQFF	TRBV12-3	TRBJ2-1	NLVPMVATV	1	TRBV12-3_CASSSVNEQFF_TRBJ2-1
CASSLIYPGELFF	TRBV27	TRBJ2-2	GILGFVFTL	1	TRBV27_CASSLIYPGELFF_TRBJ2-2
CASSLRGGQSYEQYF	TRBV12-4	TRBJ2-7	MLYQHLLPL	1	TRBV12-4_CASSLRGGQSYEQYF_TRBJ2-7
CASSQWDNQPQHF	TRBV4-1	TRBJ1-5	WMRLLPLL	1	TRBV4-1_CASSQWDNQPQHF_TRBJ1-5
CAISEGAPNTEAFF	TRBV10-3	TRBJ1-1	FGDHPGHSY	1	TRBV10-3_CAISEGAPNTEAFF_TRBJ1-1
CASSGGAVAPSEQFF	TRBV2	TRBJ2-1	GLCTLVAML	1	TRBV2_CASSGGAVAPSEQFF_TRBJ2-1
CASSYVTGTGSYGYTGF	TRBV6-5	TRBJ1-2	NLVPMVATV	1	TRBV6-5_CASSYVTGTGSYGYTGF_TRBJ1-2
CASSLEGYTEAFF	TRBV11-2	TRBJ1-1	NLVPMVATV	3	TRBV11-2_CASSLEGYTEAFF_TRBJ1-1
CASSSANYGYTF	TRBV11-1	TRBJ1-2	NLVPMVATV	3	TRBV11-1_CASSSANYGYTF_TRBJ1-2
CASSSAHYGYTF	TRBV11-1	TRBJ1-2	NLVPMVATV	1	TRBV11-1_CASSSAHYGYTF_TRBJ1-2
CATSDLKVHSGNYGYTF	TRBV24-1	TRBJ1-2	NLVPMVATV	1	TRBV24-1_CATSDLKVHSGNYGYTF_TRBJ1-2
CASSSAFYGYTF	TRBV11-1	TRBJ1-2	NLVPMVATV	1	TRBV11-1_CASSSAFYGYTF_TRBJ1-2
CASSVGLPYEQYF	TRBV9	TRBJ2-1	NLVPMVATV	1	TRBV9_CASSVGLPYEQYF_TRBJ2-1
CASSYQTGAGGYGYTGF	TRBV6-5	TRBJ1-2	NLVPMVATV	1	TRBV6-5_CASSYQTGAGGYGYTGF_TRBJ1-2
CASSPKLQGAWAEKLFF	TRBV18	TRBJ1-4	NLVPMVATV	1	TRBV18_CASSPKLQGAWAEKLFF_TRBJ1-4
CASSQDPFAVLNTEAFF	TRBV14	TRBJ1-1	NLVPMVATV	1	TRBV14_CASSQDPFAVLNTEAFF_TRBJ1-1
CASSFQTGASYGYTF	TRBV6-5	TRBJ1-2	NLVPMVATV	1	TRBV6-5_CASSFQTGASYGYTF_TRBJ1-2
CASSPQTGTIYGYTGF	TRBV6-5	TRBJ1-2	NLVPMVATV	1	TRBV6-5_CASSPQTGTIYGYTGF_TRBJ1-2
CASSPVTGGIYGYTGF	TRBV6-5	TRBJ1-2	NLVPMVATV	1	TRBV6-5_CASSPVTGGIYGYTGF_TRBJ1-2
CASSETGATNYGYTGF	TRBV6-1	TRBJ1-2	NLVPMVATV	1	TRBV6-1_CASSETGATNYGYTGF_TRBJ1-2
CASSLAPGATNEKLFF	TRBV11-1	TRBJ1-4	NLVPMVATV	1	TRBV11-1_CASSLAPGATNEKLFF_TRBJ1-4
CASSLQTGATFNYGYTF	TRBV6-5	TRBJ1-2	NLVPMVATV	1	TRBV6-5_CASSLQTGATFNYGYTF_TRBJ1-2
CASSFQGYTEAFF	TRBV11-1	TRBJ1-1	NLVPMVATV	1	TRBV11-1_CASSFQGYTEAFF_TRBJ1-1
CASSPWTGTLNTEAFF	TRBV18	TRBJ1-1	NLVPMVATV	2	TRBV18_CASSPWTGTLNTEAFF_TRBJ1-1
CASSSSMESGNTIYF	TRBV3-1	TRBJ1-3	CINGVCWTV	1	TRBV3-1_CASSSSMESGNTIYF_TRBJ1-3
CASSGPGGGAFF	TRBV9	TRBJ1-1	CINGVCWTV	1	TRBV9_CASSGPGGGAFF_TRBJ1-1
CASSDSLVRGYQETQYF	TRBV6-6	TRBJ2-5	CINGVCWTV	1	TRBV6-6_CASSDSLVRGYQETQYF_TRBJ2-5
CASSLVENTEAFF	TRBV5-1	TRBJ1-1	CINGVCWTV	2	TRBV5-1_CASSLVENTEAFF_TRBJ1-1
CASSLQEWDPNYGYTF	TRBV19	TRBJ1-2	CINGVCWTV	1	TRBV19_CASSLQEWDPNYGYTF_TRBJ1-2
CASSQEGGTEQFF	TRBV4-2	TRBJ2-1	CINGVCWTV	1	TRBV4-2_CASSQEGGTEQFF_TRBJ2-1
CASSYLGDIQFNQPQHF	TRBV6-2	TRBJ1-5	CINGVCWTV	1	TRBV6-2_CASSYLGDIQFNQPQHF_TRBJ1-5
CASSPRTSGGYQEPQYF	TRBV5-4	TRBJ2-5	CINGVCWTV	1	TRBV5-4_CASSPRTSGGYQEPQYF_TRBJ2-5
CASSPRTSGGYQETQYF	TRBV5-4	TRBJ2-5	CINGVCWTV	1	TRBV5-4_CASSPRTSGGYQETQYF_TRBJ2-5
CASQHGPGIGTGELFF	TRBV6-5	TRBJ2-2	CINGVCWTV	1	TRBV6-5_CASQHGPGIGTGELFF_TRBJ2-2
CASSLPDRAGEKLFF	TRBV7-8	TRBJ1-4	CINGVCWTV	2	TRBV7-8_CASSLPDRAGEKLFF_TRBJ1-4
CASSSGQGNIQYF	TRBV28	TRBJ2-4	CINGVCWTV	1	TRBV28_CASSSGQGNIQYF_TRBJ2-4
CASSEIGRSTGELFF	TRBV2	TRBJ2-2	CINGVCWTV	1	TRBV2_CASSEIGRSTGELFF_TRBJ2-2
CASSFGRQAYEQYF	TRBV27	TRBJ2-7	CINGVCWTV	2	TRBV27_CASSFGRQAYEQYF_TRBJ2-7
CASSAGQGGEHQPQHF	TRBV6-1	TRBJ1-5	CINGVCWTV	1	TRBV6-1_CASSAGQGGEHQPQHF_TRBJ1-5
CASSRSDREMFNYGYTF	TRBV14	TRBJ1-2	CINGVCWTV	1	TRBV14_CASSRSDREMFNYGYTF_TRBJ1-2
CASSLFSQGWTEAFF	TRBV27	TRBJ1-1	CINGVCWTV	1	TRBV27_CASSLFSQGWTEAFF_TRBJ1-1
CASSLYIQGGEQYF	TRBV27	TRBJ2-7	CINGVCWTV	1	TRBV27_CASSLYIQGGEQYF_TRBJ2-7
CASSLENGQYEQYF	TRBV7-3	TRBJ2-7	CINGVCWTV	1	TRBV7-3_CASSLENGQYEQYF_TRBJ2-7
CASSLDKPPPDTGELFF	TRBV11-2	TRBJ2-2	CINGVCWTV	1	TRBV11-2_CASSLDKPPPDTGELFF_TRBJ2-2
CASNQGTATEAFF	TRBV12-4	TRBJ1-1	CINGVCWTV	1	TRBV12-4_CASNQGTATEAFF_TRBJ1-1
CASSLLLAGGYQETQYF	TRBV3-1	TRBJ2-5	CINGVCWTV	1	TRBV3-1_CASSLLLAGGYQETQYF_TRBJ2-5
CASSYSVKGLNTEAFF	TRBV6-2	TRBJ1-1	CINGVCWTV	1	TRBV6-2_CASSYSVKGLNTEAFF_TRBJ1-1
CASSFEIAGGNEQFF	TRBV12-3	TRBJ2-1	CINGVCWTV	1	TRBV12-3_CASSFEIAGGNEQFF_TRBJ2-1
CASSHSAGVFMNTEAFF	TRBV3-1	TRBJ1-1	CINGVCWTV	1	TRBV3-1_CASSHSAGVFMNTEAFF_TRBJ1-1
CASSLARQEETQYF	TRBV5-6	TRBJ2-5	CINGVCWTV	1	TRBV5-6_CASSLARQEETQYF_TRBJ2-5
CSATGGRHTGELFF	TRBV20-1	TRBJ2-2	CINGVCWTV	1	TRBV20-1_CSATGGRHTGELFF_TRBJ2-2
CSATRSSGEPEQFF	TRBV20-1	TRBJ2-1	CINGVCWTV	1	TRBV20-1_CSATRSSGEPEQFF_TRBJ2-1
CASSQEVAAGGGDTQYF	TRBV4-3	TRBJ2-3	CINGVCWTV	1	TRBV4-3_CASSQEVAAGGGDTQYF_TRBJ2-3
CASSQEMSTGLGEQYF	TRBV4-2	TRBJ2-7	CINGVCWTV	1	TRBV4-2_CASSQEMSTGLGEQYF_TRBJ2-7
CASSQEGSGAPYEQYF	TRBV4-2	TRBJ2-7	CINGVCWTV	1	TRBV4-2_CASSQEGSGAPYEQYF_TRBJ2-7
CASSQEPGAPNTGELFF	TRBV4-2	TRBJ2-2	CINGVCWTV	1	TRBV4-2_CASSQEPGAPNTGELFF_TRBJ2-2
CASSLTVSLSPDLNEQFF	TRBV7-3	TRBJ2-1	CINGVCWTV	2	TRBV7-3_CASSLTVSLSPDLNEQFF_TRBJ2-1
CASSQDPLAGYTGELFF	TRBV14	TRBJ2-2	CINGVCWTV	2	TRBV14_CASSQDPLAGYTGELFF_TRBJ2-2
CASSQEPSGGTNTGELFF	TRBV4-3	TRBJ2-2	CINGVCWTV	1	TRBV4-3_CASSQEPSGGTNTGELFF_TRBJ2-2
CASSLETGKWGEQYF	TRBV4-3	TRBJ2-7	CINGVCWTV	1	TRBV4-3_CASSLETGKWGEQYF_TRBJ2-7
CASSQEGQGAPYEQYF	TRBV4-2	TRBJ2-7	CINGVCWTV	1	TRBV4-2_CASSQEGQGAPYEQYF_TRBJ2-7
CSAGESTPEAFF	TRBV20-1	TRBJ1-1	CINGVCWTV	1	TRBV20-1_CSAGESTPEAFF_TRBJ1-1
CASSQEASGGPYEQYF	TRBV4-2	TRBJ2-7	CINGVCWTV	1	TRBV4-2_CASSQEASGGPYEQYF_TRBJ2-7
CASRETGGVWETQYF	TRBV6-1	TRBJ2-5	CINGVCWTV	1	TRBV6-1_CASRETGGVWETQYF_TRBJ2-5
CASSLEGNGHREQYF	TRBV5-1	TRBJ2-7	CINGVCWTV	1	TRBV5-1_CASSLEGNGHREQYF_TRBJ2-7
CASSLEGTSGSPDLNEQFF	TRBV11-1	TRBJ2-1	CINGVCWTV	1	TRBV11-1_CASSLEGTSGSPDLNEQFF_TRBJ2-1
CASSQGGDTEAFF	TRBV14	TRBJ1-1	CINGVCWTV	1	TRBV14_CASSQGGDTEAFF_TRBJ1-1
CASSDLGQGRMNTEAFF	TRBV6-1	TRBJ1-1	CINGVCWTV	1	TRBV6-1_CASSDLGQGRMNTEAFF_TRBJ1-1
CASSQEVGTSGEGEQFF	TRBV4-2	TRBJ2-1	CINGVCWTV	1	TRBV4-2_CASSQEVGTSGEGEQFF_TRBJ2-1
CASSQEVGQRLLNTGELFF	TRBV4-2	TRBJ2-2	CINGVCWTV	1	TRBV4-2_CASSQEVGQRLLNTGELFF_TRBJ2-2
CASSQEQGGWGEQYF	TRBV4-2	TRBJ2-7	CINGVCWTV	1	TRBV4-2_CASSQEQGGWGEQYF_TRBJ2-7
CASSSVNEQYF	TRBV12-3	TRBJ2-7	NLVPMVATV	2	TRBV12-3_CASSSVNEQYF_TRBJ2-7
CSAREEGTQAWETQYF	TRBV20-1	TRBJ2-5	NLVPMVATV	2	TRBV20-1_CSAREEGTQAWETQYF_TRBJ2-5
CASSETGFGNQPQHF	TRBV25-1	TRBJ1-5	NLVPMVATV	1	TRBV25-1_CASSETGFGNQPQHF_TRBJ1-5
CASSQTGFGNQPQHF	TRBV25-1	TRBJ1-5	NLVPMVATV	1	TRBV25-1_CASSQTGFGNQPQHF_TRBJ1-5
CASSPRQSNQPQHF	TRBV28	TRBJ1-5	NLVPMVATV	1	TRBV28_CASSPRQSNQPQHF_TRBJ1-5
CASSQDISRGQTLFGNSPLHF	TRBV4-3	TRBJ1-6	NLVPMVATV	1	TRBV4-3_CASSQDISRGQTLFGNSPLHF_TRBJ1-6
CASSLAPGATNEKLFF	TRBV7-6	TRBJ1-4	NLVPMVATV	4	TRBV7-6_CASSLAPGATNEKLFF_TRBJ1-4
CASSLAPGTTNEKLFF	TRBV7-6	TRBJ1-4	NLVPMVATV	4	TRBV7-6_CASSLAPGTTNEKLFF_TRBJ1-4
CASSQLGGISNQPQHF	TRBV12-3	TRBJ1-5	GILGFVFTL	1	TRBV12-3_CASSQLGGISNQPQHF_TRBJ1-5
CASSIDGNVAPLHF	TRBV19	TRBJ1-6	GILGFVFTL	1	TRBV19_CASSIDGNVAPLHF_TRBJ1-6
CASSIFGGAREQFF	TRBV19	TRBJ2-1	GILGFVFTL	1	TRBV19_CASSIFGGAREQFF_TRBJ2-1
CASSIRSLDIQYF	TRBV19	TRBJ2-4	GILGFVFTL	1	TRBV19_CASSIRSLDIQYF_TRBJ2-4
CASSISSINEQFF	TRBV19	TRBJ2-1	GILGFVFTL	2	TRBV19_CASSISSINEQFF_TRBJ2-1
CASSMGQGTYEQYF	TRBV19	TRBJ2-7	GILGFVFTL	1	TRBV19_CASSMGQGTYEQYF_TRBJ2-7
CASSMRSTDTQYF	TRBV19	TRBJ2-3	GILGFVFTL	4	TRBV19_CASSMRSTDTQYF_TRBJ2-3
CASSNRASEKLFF	TRBV19	TRBJ1-4	GILGFVFTL	2	TRBV19_CASSNRASEKLFF_TRBJ1-4
CASSSRASYEQYF	TRBV19	TRBJ2-7	GILGFVFTL	4	TRBV19_CASSSRASYEQYF_TRBJ2-7
CASSTRAANEQFF	TRBV19	TRBJ2-1	GILGFVFTL	1	TRBV19_CASSTRAANEQFF_TRBJ2-1
CASSTRSSSEQYF	TRBV19	TRBJ2-7	GILGFVFTL	2	TRBV19_CASSTRSSSEQYF_TRBJ2-7
CSASGGRQRTEAFF	TRBV20-1	TRBJ1-1	GILGFVFTL	1	TRBV20-1_CSASGGRQRTEAFF_TRBJ1-1
CASRSPQETQYF	TRBV27	TRBJ2-5	GILGFVFTL	1	TRBV27_CASRSPQETQYF_TRBJ2-5
CASSQERGGKWAYEQYF	TRBV4-3	TRBJ2-7	GILGFVFTL	6	TRBV4-3_CASSQERGGKWAYEQYF_TRBJ2-7
CASMVGQGTGELFF	TRBV6-5	TRBJ2-2	GILGFVFTL	1	TRBV6-5_CASMVGQGTGELFF_TRBJ2-2
CASSYGTGSSEQYF	TRBV6-5	TRBJ2-7	GILGFVFTL	1	TRBV6-5_CASSYGTGSSEQYF_TRBJ2-7
CSAFDREGVDGYTF	TRBV20-1	TRBJ1-2	NLVPMVATV	1	TRBV20-1_CSAFDREGVDGYTF_TRBJ1-2
CASSDRETYEQYF	TRBV6-2	TRBJ2-7	NLVPMVATV	1	TRBV6-2_CASSDRETYEQYF_TRBJ2-7
CASSYSSSTGELFF	TRBV6-2	TRBJ2-2	NLVPMVATV	1	TRBV6-2_CASSYSSSTGELFF_TRBJ2-2
CASSPTSGSVYEQYF	TRBV3-1	TRBJ2-7	GLCTLVAML	1	TRBV3-1_CASSPTSGSVYEQYF_TRBJ2-7
CASSEESYLMNTEAFF	TRBV6-1	TRBJ1-1	GLCTLVAML	1	TRBV6-1_CASSEESYLMNTEAFF_TRBJ1-1
CASSFGVYEQYF	TRBV12-3	TRBJ2-7	GILGFVFTL	1	TRBV12-3_CASSFGVYEQYF_TRBJ2-7
CASSGRATDTQYF	TRBV19	TRBJ2-3	GILGFVFTL	1	TRBV19_CASSGRATDTQYF_TRBJ2-3
CASSGRSGIEQYF	TRBV19	TRBJ2-7	GILGFVFTL	1	TRBV19_CASSGRSGIEQYF_TRBJ2-7
CASSIHGAETQYF	TRBV19	TRBJ2-5	GILGFVFTL	1	TRBV19_CASSIHGAETQYF_TRBJ2-5
CASSILSNQPQHF	TRBV19	TRBJ1-5	GILGFVFTL	1	TRBV19_CASSILSNQPQHF_TRBJ1-5
CASSIRASNEQFF	TRBV19	TRBJ2-1	GILGFVFTL	1	TRBV19_CASSIRASNEQFF_TRBJ2-1
CASSIRSAYEQFF	TRBV19	TRBJ2-1	GILGFVFTL	4	TRBV19_CASSIRSAYEQFF_TRBJ2-1
CASSIRSMDIQYF	TRBV19	TRBJ2-4	GILGFVFTL	1	TRBV19_CASSIRSMDIQYF_TRBJ2-4
CASSIRSSDTQYF	TRBV19	TRBJ2-3	GILGFVFTL	1	TRBV19_CASSIRSSDTQYF_TRBJ2-3
CASSIYSTPDQPQHF	TRBV19	TRBJ1-5	GILGFVFTL	1	TRBV19_CASSIYSTPDQPQHF_TRBJ1-5
CASSIYSVNEQFF	TRBV19	TRBJ2-1	GILGFVFTL	1	TRBV19_CASSIYSVNEQFF_TRBJ2-1
CASSLLAGPYNEQFF	TRBV19	TRBJ2-1	GILGFVFTL	1	TRBV19_CASSLLAGPYNEQFF_TRBJ2-1
CASSLYSNQPQHF	TRBV19	TRBJ1-5	GILGFVFTL	2	TRBV19_CASSLYSNQPQHF_TRBJ1-5
CASSMFVGQPQHF	TRBV19	TRBJ1-5	GILGFVFTL	1	TRBV19_CASSMFVGQPQHF_TRBJ1-5
CASSPYHTNEQFF	TRBV19	TRBJ2-1	GILGFVFTL	1	TRBV19_CASSPYHTNEQFF_TRBJ2-1
CASSTHSGNEQFF	TRBV19	TRBJ2-1	GILGFVFTL	1	TRBV19_CASSTHSGNEQFF_TRBJ2-1
CASSTRSAAPLHF	TRBV19	TRBJ1-6	GILGFVFTL	1	TRBV19_CASSTRSAAPLHF_TRBJ1-6
CASSTYSTDTQYF	TRBV19	TRBJ2-3	GILGFVFTL	1	TRBV19_CASSTYSTDTQYF_TRBJ2-3
CASSVYSNQPQHF	TRBV19	TRBJ1-5	GILGFVFTL	2	TRBV19_CASSVYSNQPQHF_TRBJ1-5
CATSQGSYGYTF	TRBV15	TRBJ1-2	GILGFVFTL	1	TRBV15_CATSQGSYGYTF_TRBJ1-2
CSVRTIYEEQYF	TRBV20-1	TRBJ2-7	GILGFVFTL	1	TRBV20-1_CSVRTIYEEQYF_TRBJ2-7
CASSLEVGQETQYF	TRBV27	TRBJ2-5	GILGFVFTL	1	TRBV27_CASSLEVGQETQYF_TRBJ2-5
CASSFSGDTEAFF	TRBV28	TRBJ1-1	GILGFVFTL	1	TRBV28_CASSFSGDTEAFF_TRBJ1-1
CSAARTGGNEKLFF	TRBV29-1	TRBJ1-4	GILGFVFTL	1	TRBV29-1_CSAARTGGNEKLFF_TRBJ1-4
CSVEISGKEDTQYF	TRBV29-1	TRBJ2-3	GILGFVFTL	1	TRBV29-1_CSVEISGKEDTQYF_TRBJ2-3
CSVVVGDLYNEQFF	TRBV29-1	TRBJ2-1	GILGFVFTL	1	TRBV29-1_CSVVVGDLYNEQFF_TRBJ2-1
CASSEDPATNEKLFF	TRBV6-1	TRBJ1-4	GILGFVFTL	1	TRBV6-1_CASSEDPATNEKLFF_TRBJ1-4
CASSDSRTPFQRPLFEAFF	TRBV6-4	TRBJ1-1	GILGFVFTL	1	TRBV6-4_CASSDSRTPFQRPLFEAFF_TRBJ1-1
CASSYNVRDGDYGYTF	TRBV6-5	TRBJ1-2	GILGFVFTL	1	TRBV6-5_CASSYNVRDGDYGYTF_TRBJ1-2
CASSGLEGAGDTQYF	TRBV7-2	TRBJ2-3	GILGFVFTL	1	TRBV7-2_CASSGLEGAGDTQYF_TRBJ2-3
CASSWVVPPNEQFF	TRBV7-3	TRBJ2-1	GILGFVFTL	1	TRBV7-3_CASSWVVPPNEQFF_TRBJ2-1
CASSLAGEVNEQFF	TRBV7-6	TRBJ2-1	GILGFVFTL	1	TRBV7-6_CASSLAGEVNEQFF_TRBJ2-1
CASSLGQGRETQYF	TRBV7-6	TRBJ2-5	GILGFVFTL	1	TRBV7-6_CASSLGQGRETQYF_TRBJ2-5
CASSSANYGYTF	TRBV12-3	TRBJ1-2	NLVPMVATV	3	TRBV12-3_CASSSANYGYTF_TRBJ1-2
CASSVVERAFF	TRBV12-3	TRBJ1-1	NLVPMVATV	3	TRBV12-3_CASSVVERAFF_TRBJ1-1
CASSLEGFTEAFF	TRBV27	TRBJ1-1	NLVPMVATV	1	TRBV27_CASSLEGFTEAFF_TRBJ1-1
CASSLGTGHNEQFF	TRBV11-2	TRBJ2-1	GILGFVFTL	1	TRBV11-2_CASSLGTGHNEQFF_TRBJ2-1
CASSTTSGGVETQYF	TRBV12-3	TRBJ2-5	GILGFVFTL	1	TRBV12-3_CASSTTSGGVETQYF_TRBJ2-5
CASSMRAGVEQFF	TRBV19	TRBJ2-1	GILGFVFTL	2	TRBV19_CASSMRAGVEQFF_TRBJ2-1
CASSDLDSNQPQHF	TRBV6-1	TRBJ1-5	GILGFVFTL	1	TRBV6-1_CASSDLDSNQPQHF_TRBJ1-5
CASSYLYRIGQLEAFF	TRBV6-5	TRBJ1-1	GILGFVFTL	1	TRBV6-5_CASSYLYRIGQLEAFF_TRBJ1-1
CASSEALVLEQFF	TRBV7-6	TRBJ2-1	GILGFVFTL	1	TRBV7-6_CASSEALVLEQFF_TRBJ2-1
CAIRDKMNTEAFF	TRBV10-3	TRBJ1-1	NLVPMVATV	1	TRBV10-3_CAIRDKMNTEAFF_TRBJ1-1
CAISAGTGVRNEQYF	TRBV10-3	TRBJ2-7	NLVPMVATV	1	TRBV10-3_CAISAGTGVRNEQYF_TRBJ2-7
CAISESYEQYF	TRBV10-3	TRBJ2-7	NLVPMVATV	1	TRBV10-3_CAISESYEQYF_TRBJ2-7
CASSPGQGGDEQYF	TRBV13	TRBJ2-7	NLVPMVATV	1	TRBV13_CASSPGQGGDEQYF_TRBJ2-7
CASSQEQGDIQYF	TRBV14	TRBJ2-4	NLVPMVATV	1	TRBV14_CASSQEQGDIQYF_TRBJ2-4
CATSRPTVGSRLRDGYTF	TRBV15	TRBJ1-2	NLVPMVATV	1	TRBV15_CATSRPTVGSRLRDGYTF_TRBJ1-2
CSAKVEGYEQYF	TRBV20-1	TRBJ2-7	NLVPMVATV	1	TRBV20-1_CSAKVEGYEQYF_TRBJ2-7
CSAPPDSLNTEAFF	TRBV20-1	TRBJ1-1	NLVPMVATV	1	TRBV20-1_CSAPPDSLNTEAFF_TRBJ1-1
CSARAEGARDSPLHF	TRBV20-1	TRBJ1-6	NLVPMVATV	1	TRBV20-1_CSARAEGARDSPLHF_TRBJ1-6
CSARDVPGTTLGGELFF	TRBV20-1	TRBJ2-2	NLVPMVATV	1	TRBV20-1_CSARDVPGTTLGGELFF_TRBJ2-2
CSARRTGSTYNEQFF	TRBV20-1	TRBJ2-1	NLVPMVATV	1	TRBV20-1_CSARRTGSTYNEQFF_TRBJ2-1
CASMGGSNEQFF	TRBV28	TRBJ2-1	NLVPMVATV	1	TRBV28_CASMGGSNEQFF_TRBJ2-1
CASSTPGAKLGDTGELFF	TRBV28	TRBJ2-2	NLVPMVATV	1	TRBV28_CASSTPGAKLGDTGELFF_TRBJ2-2
CSDGQAFF	TRBV29-1	TRBJ1-1	NLVPMVATV	1	TRBV29-1_CSDGQAFF_TRBJ1-1
CSVEYRDNEQFF	TRBV29-1	TRBJ2-1	NLVPMVATV	1	TRBV29-1_CSVEYRDNEQFF_TRBJ2-1
CSVGLAGSYNEQFF	TRBV29-1	TRBJ2-1	NLVPMVATV	1	TRBV29-1_CSVGLAGSYNEQFF_TRBJ2-1
CAWSVADTQYF	TRBV30	TRBJ2-3	NLVPMVATV	1	TRBV30_CAWSVADTQYF_TRBJ2-3
CASSQGKDTQYF	TRBV4-2	TRBJ2-3	NLVPMVATV	1	TRBV4-2_CASSQGKDTQYF_TRBJ2-3
CASSQERGGKWAYEQYF	TRBV4-3	TRBJ2-7	NLVPMVATV	6	TRBV4-3_CASSQERGGKWAYEQYF_TRBJ2-7
CASSLVGSGGEQYF	TRBV5-1	TRBJ2-7	NLVPMVATV	1	TRBV5-1_CASSLVGSGGEQYF_TRBJ2-7
CASSLGRGIYEQYF	TRBV5-4	TRBJ2-7	NLVPMVATV	1	TRBV5-4_CASSLGRGIYEQYF_TRBJ2-7
CASSSRTSGINEQFF	TRBV5-4	TRBJ2-1	NLVPMVATV	1	TRBV5-4_CASSSRTSGINEQFF_TRBJ2-1
CASREDGTEAFF	TRBV6-1	TRBJ1-1	NLVPMVATV	1	TRBV6-1_CASREDGTEAFF_TRBJ1-1
CASSYSRSDGHLGNTIYF	TRBV6-5	TRBJ1-3	NLVPMVATV	1	TRBV6-5_CASSYSRSDGHLGNTIYF_TRBJ1-3
CASSFLQGNQPQHF	TRBV7-2	TRBJ1-5	NLVPMVATV	1	TRBV7-2_CASSFLQGNQPQHF_TRBJ1-5
CASSLTGTTYGGYTF	TRBV7-2	TRBJ1-2	NLVPMVATV	1	TRBV7-2_CASSLTGTTYGGYTF_TRBJ1-2
CASSLGRDLNQPQHF	TRBV7-9	TRBJ1-5	NLVPMVATV	1	TRBV7-9_CASSLGRDLNQPQHF_TRBJ1-5
CASSGTNSPLHF	TRBV9	TRBJ1-6	NLVPMVATV	1	TRBV9_CASSGTNSPLHF_TRBJ1-6
CAISRGNEQYF	TRBV10-3	TRBJ2-7	GILGFVFTL	1	TRBV10-3_CAISRGNEQYF_TRBJ2-7
CASSLGTGPYNEQFF	TRBV13	TRBJ2-1	GILGFVFTL	1	TRBV13_CASSLGTGPYNEQFF_TRBJ2-1
CASSQEVFRLAETSGEYEQYF	TRBV14	TRBJ2-7	GILGFVFTL	1	TRBV14_CASSQEVFRLAETSGEYEQYF_TRBJ2-7
CASSQDEPYEQYF	TRBV4-1	TRBJ2-7	GILGFVFTL	1	TRBV4-1_CASSQDEPYEQYF_TRBJ2-7
CASSSETELLYYGYTF	TRBV6-6	TRBJ1-2	NLVPMVATV	1	TRBV6-6_CASSSETELLYYGYTF_TRBJ1-2
CASSQQTGTIGGYTF	TRBV6-5	TRBJ1-2	NLVPMVATV	1	TRBV6-5_CASSQQTGTIGGYTF_TRBJ1-2
CASSFQGFTEAFF	TRBV28	TRBJ1-1	NLVPMVATV	1	TRBV28_CASSFQGFTEAFF_TRBJ1-1
CASGLTGFMDEQYF	TRBV12-5	TRBJ2-7	NLVPMVATV	1	TRBV12-5_CASGLTGFMDEQYF_TRBJ2-7
CASSVDVAGGYNEQFF	TRBV7-3	TRBJ2-1	NLVPMVATV	1	TRBV7-3_CASSVDVAGGYNEQFF_TRBJ2-1
CASSQGFGANVLTF	TRBV19	TRBJ2-6	AAFKRSCLK	1	TRBV19_CASSQGFGANVLTF_TRBJ2-6
CASVSGQGVSPLHF	TRBV19	TRBJ1-6	AAFKRSCLK	1	TRBV19_CASVSGQGVSPLHF_TRBJ1-6
CATSRDGAGLVNQPQHF	TRBV15	TRBJ1-5	AAFKRSCLK	1	TRBV15_CATSRDGAGLVNQPQHF_TRBJ1-5
CASSQDPGSSYNEQFF	TRBV4-3	TRBJ2-1	AAFKRSCLK	1	TRBV4-3_CASSQDPGSSYNEQFF_TRBJ2-1
CASSLNPGRSDSPLHF	TRBV7-6	TRBJ2-1	AAFKRSCLK	1	TRBV7-6_CASSLNPGRSDSPLHF_TRBJ2-1
CASSPNPQGANMDTQYF	TRBV4-3	TRBJ2-3	RSGGFSFGK	1	TRBV4-3_CASSPNPQGANMDTQYF_TRBJ2-3
CASSFFSNTGELFF	TRBV27	TRBJ2-2	RLARLALVL	2	TRBV27_CASSFFSNTGELFF_TRBJ2-2
CASSFLTDTQYF	TRBV6-3	TRBJ2-3	RLARLALVL	2	TRBV6-3_CASSFLTDTQYF_TRBJ2-3
CASSYMGPEAFF	TRBV6-3	TRBJ1-1	RLARLALVL	2	TRBV6-3_CASSYMGPEAFF_TRBJ1-1
CASMDLAFKQYF	TRBV6-3	TRBJ2-7	RLARLALVL	2	TRBV6-3_CASMDLAFKQYF_TRBJ2-7
CASSQVSGYEQYF	TRBV4-3	TRBJ2-7	RLARLALVL	2	TRBV4-3_CASSQVSGYEQYF_TRBJ2-7
CASSQGGDEQFF	TRBV4-2	TRBJ2-1	ALYGFVPVL	1	TRBV4-2_CASSQGGDEQFF_TRBJ2-1
CASSGELRGAEKLFF	TRBV12-3	TRBJ1-4	AVGSYVYSV	1	TRBV12-3_CASSGELRGAEKLFF_TRBJ1-4
CASSYGGEQPQHF	TRBV6-5	TRBJ1-5	NLNCCSVPV	1	TRBV6-5_CASSYGGEQPQHF_TRBJ1-5
CASSNGYGNQPQHF	TRBV9	TRBJ1-5	ALYGFVPVL	1	TRBV9_CASSNGYGNQPQHF_TRBJ1-5
CASSVEGVADEQYF	TRBV9	TRBJ2-7	AVGSYVYSV	1	TRBV9_CASSVEGVADEQYF_TRBJ2-7
CASSDLQGGGPGEQYF	TRBV25-1	TRBJ2-7	ALYGFVPVL	1	TRBV25-1_CASSDLQGGGPGEQYF_TRBJ2-7
CASTIALGYEQYF	TRBV28	TRBJ2-7	NLNCCSVPV	1	TRBV28_CASTIALGYEQYF_TRBJ2-7
CASSSGGGNEQFF	TRBV19	TRBJ2-1	NLNCCSVPV	2	TRBV19_CASSSGGGNEQFF_TRBJ2-1
CASSPSLQVAQHF	TRBV4-1	TRBJ1-5	ALYGFVPVL	1	TRBV4-1_CASSPSLQVAQHF_TRBJ1-5
CATSDPGTTNTGELFF	TRBV24-1	TRBJ2-2	ALYGFVPVL	1	TRBV24-1_CATSDPGTTNTGELFF_TRBJ2-2
CASSLGGGAYEQYF	TRBV5-4	TRBJ2-7	ALYGFVPVL	1	TRBV5-4_CASSLGGGAYEQYF_TRBJ2-7
CSASPGYNEQFF	TRBV20-1	TRBJ2-1	VVMSWAPPV	1	TRBV20-1_CSASPGYNEQFF_TRBJ2-1
CASSLAGESSYNEQFF	TRBV11-2	TRBJ2-1	VVMSWAPPV	1	TRBV11-2_CASSLAGESSYNEQFF_TRBJ2-1
CASSLGDPNTEAFF	TRBV7-6	TRBJ1-1	KLFEFLVYGV	1	TRBV7-6_CASSLGDPNTEAFF_TRBJ1-1
CASSLGGYSPLHF	TRBV7-7	TRBJ1-6	VVMSWAPPV	1	TRBV7-7_CASSLGGYSPLHF_TRBJ1-6
CASSTQGQPQHF	TRBV19	TRBJ1-5	VVMSWAPPV	1	TRBV19_CASSTQGQPQHF_TRBJ1-5
CASSLGGSYTF	TRBV5-6	TRBJ1-2	VVMSWAPPV	1	TRBV5-6_CASSLGGSYTF_TRBJ1-2
CASSPWTPTTDTQYF	TRBV5-1	TRBJ2-3	VVMSWAPPV	1	TRBV5-1_CASSPWTPTTDTQYF_TRBJ2-3
CASNFPNISEGTCSNQPQHF	TRBV3-1	TRBJ1-5	VVMSWAPPV	1	TRBV3-1_CASNFPNISEGTCSNQPQHF_TRBJ1-5
CQAGGRLGELFF	TRBV20-1	TRBJ2-2	VVMSWAPPV	1	TRBV20-1_CQAGGRLGELFF_TRBJ2-2
CASSGRAAGELFF	TRBV19	TRBJ2-2	GILGFVFTL	4	TRBV19_CASSGRAAGELFF_TRBJ2-2
CASSTRAADTQYF	TRBV19	TRBJ2-3	GILGFVFTL	2	TRBV19_CASSTRAADTQYF_TRBJ2-3
CASSGTSGTEQYF	TRBV19	TRBJ2-7	GILGFVFTL	1	TRBV19_CASSGTSGTEQYF_TRBJ2-7
CASSIRSGAEQYF	TRBV19	TRBJ2-7	GILGFVFTL	1	TRBV19_CASSIRSGAEQYF_TRBJ2-7
CASSVRSADTQYF	TRBV9	TRBJ2-3	GILGFVFTL	1	TRBV9_CASSVRSADTQYF_TRBJ2-3
CASSIHSTDTQYF	TRBV19	TRBJ2-3	GILGFVFTL	1	TRBV19_CASSIHSTDTQYF_TRBJ2-3
CASSVDGGGLDEQFF	TRBV9	TRBJ2-1	GILGFVFTL	1	TRBV9_CASSVDGGGLDEQFF_TRBJ2-1
CASSTSGGGTEAFF	TRBV19	TRBJ1-1	GILGFVFTL	1	TRBV19_CASSTSGGGTEAFF_TRBJ1-1
CASSIFSVSNEQYF	TRBV19	TRBJ2-7	GILGFVFTL	1	TRBV19_CASSIFSVSNEQYF_TRBJ2-7
CASSGTGAGEQYF	TRBV19	TRBJ2-7	GILGFVFTL	1	TRBV19_CASSGTGAGEQYF_TRBJ2-7
CASSQRASYEQYF	TRBV19	TRBJ2-7	GILGFVFTL	1	TRBV19_CASSQRASYEQYF_TRBJ2-7
CASSVGQPQHF	TRBV19	TRBJ1-5	GILGFVFTL	1	TRBV19_CASSVGQPQHF_TRBJ1-5
CASSIRSTNEQFF	TRBV19	TRBJ2-1	GILGFVFTL	1	TRBV19_CASSIRSTNEQFF_TRBJ2-1
CASSVRSSGEQFF	TRBV19	TRBJ2-1	GILGFVFTL	1	TRBV19_CASSVRSSGEQFF_TRBJ2-1
CASSLIFPGRAFF	TRBV27	TRBJ1-1	GILGFVFTL	1	TRBV27_CASSLIFPGRAFF_TRBJ1-1
CSARVGVGNTIYF	TRBV20-1	TRBJ1-3	GLCTLVAML	2	TRBV20-1_CSARVGVGNTIYF_TRBJ1-3
CSARTGVGNTIYF	TRBV20-1	TRBJ1-3	GLCTLVAML	1	TRBV20-1_CSARTGVGNTIYF_TRBJ1-3
CSARDGTGNGYTF	TRBV20-1	TRBJ1-2	GLCTLVAML	6	TRBV20-1_CSARDGTGNGYTF_TRBJ1-2
CSARDRIGNTIYF	TRBV20-1	TRBJ1-3	GLCTLVAML	1	TRBV20-1_CSARDRIGNTIYF_TRBJ1-3
CASRPDSDYGYTF	TRBV18	TRBJ1-2	GLCTLVAML	1	TRBV18_CASRPDSDYGYTF_TRBJ1-2
CASSQNQDMGTEAFF	TRBV4-1	TRBJ1-1	GLCTLVAML	1	TRBV4-1_CASSQNQDMGTEAFF_TRBJ1-1
CSARSGVGNTIYF	TRBV20-1	TRBJ1-3	GLCTLVAML	1	TRBV20-1_CSARSGVGNTIYF_TRBJ1-3
CSARWGVGNTIYF	TRBV20-1	TRBJ1-3	GLCTLVAML	1	TRBV20-1_CSARWGVGNTIYF_TRBJ1-3
CASSFSSGTTDTQYF	TRBV11-2	TRBJ2-3	GLCTLVAML	3	TRBV11-2_CASSFSSGTTDTQYF_TRBJ2-3
CASSQGDVAPGTQYF	TRBV2	TRBJ2-5	GLCTLVAML	1	TRBV2_CASSQGDVAPGTQYF_TRBJ2-5
CSAWDREVVGTEAFF	TRBV20-1	TRBJ1-1	GLCTLVAML	1	TRBV20-1_CSAWDREVVGTEAFF_TRBJ1-1
CASSDGQLTAGELFF	TRBV9	TRBJ2-2	GLCTLVAML	1	TRBV9_CASSDGQLTAGELFF_TRBJ2-2
CASSRLGDYTF	TRBV4-1	TRBJ1-2	GLCTLVAML	1	TRBV4-1_CASSRLGDYTF_TRBJ1-2
CSVEDGYEQYF	TRBV29-1	TRBJ2-7	CVNGSCFTV	1	TRBV29-1_CSVEDGYEQYF_TRBJ2-7
CASSNSEGSGANVLTF	TRBV19	TRBJ2-6	CVNGSCFTV	1	TRBV19_CASSNSEGSGANVLTF_TRBJ2-6
CASSPLYVALREQYF	TRBV14	TRBJ2-7	CVNGSCFTV	1	TRBV14_CASSPLYVALREQYF_TRBJ2-7
CASTSGNTGELFF	TRBV13	TRBJ2-2	CVNGSCFTV	1	TRBV13_CASTSGNTGELFF_TRBJ2-2
CASSPTVAGEQFF	TRBV27	TRBJ2-1	CVNGSCFTV	1	TRBV27_CASSPTVAGEQFF_TRBJ2-1
CASNPLSAGNQPQHF	TRBV27	TRBJ1-5	CVNGSCFTV	1	TRBV27_CASNPLSAGNQPQHF_TRBJ1-5
CASSEDQGLTATYEQYF	TRBV10-1	TRBJ2-7	CVNGSCFTV	1	TRBV10-1_CASSEDQGLTATYEQYF_TRBJ2-7
CSARVPDSNTGELFF	TRBV20-1	TRBJ2-2	CVNGSCFTV	1	TRBV20-1_CSARVPDSNTGELFF_TRBJ2-2
CASSSPRTGYNYGYTF	TRBV28	TRBJ1-2	CVNGSCFTV	1	TRBV28_CASSSPRTGYNYGYTF_TRBJ1-2
CASSPTSGGNNEQFF	TRBV6-1	TRBJ2-1	CVNGSCFTV	1	TRBV6-1_CASSPTSGGNNEQFF_TRBJ2-1
CASSQDRGVLVLIDQPQHF	TRBV14	TRBJ1-5	CVNGSCFTV	1	TRBV14_CASSQDRGVLVLIDQPQHF_TRBJ1-5
CSARTEGAEAFF	TRBV20-1	TRBJ1-1	CVNGSCFTV	1	TRBV20-1_CSARTEGAEAFF_TRBJ1-1
CASSYWTGSSAETQYF	TRBV14	TRBJ2-5	CVNGSCFTV	1	TRBV14_CASSYWTGSSAETQYF_TRBJ2-5
CSARTSGDFGEQFF	TRBV20-1	TRBJ2-1	CVNGSCFTV	1	TRBV20-1_CSARTSGDFGEQFF_TRBJ2-1
CASSQGGQGAPYEQYF	TRBV4-1	TRBJ2-7	CINGVCWTV	1	TRBV4-1_CASSQGGQGAPYEQYF_TRBJ2-7
CASSLLGLAGVGELFF	TRBV28	TRBJ2-2	CINGVCWTV	1	TRBV28_CASSLLGLAGVGELFF_TRBJ2-2
CASSLTGTGFKQFF	TRBV28	TRBJ2-1	CINGVCWTV	1	TRBV28_CASSLTGTGFKQFF_TRBJ2-1
CASSLTLAGGIGTDTQYF	TRBV28	TRBJ2-3	CINGVCWTV	1	TRBV28_CASSLTLAGGIGTDTQYF_TRBJ2-3
CASSLGTGAPYEQYF	TRBV7-2	TRBJ2-7	CINGVCWTV	1	TRBV7-2_CASSLGTGAPYEQYF_TRBJ2-7
CATSNLDSFGGYTF	TRBV15	TRBJ1-2	CINGVCWTV	1	TRBV15_CATSNLDSFGGYTF_TRBJ1-2
CASSLSTGAPYEQYF	TRBV27	TRBJ2-7	CINGVCWTV	1	TRBV27_CASSLSTGAPYEQYF_TRBJ2-7
CASSLGPPPDNEQFF	TRBV11-2	TRBJ2-1	CINGVCWTV	1	TRBV11-2_CASSLGPPPDNEQFF_TRBJ2-1
CATSPGQGFYNEQFF	TRBV15	TRBJ2-1	CINGVCWTV	1	TRBV15_CATSPGQGFYNEQFF_TRBJ2-1
CASRLLAGAYEQYF	TRBV28	TRBJ2-7	CINGVCWTV	1	TRBV28_CASRLLAGAYEQYF_TRBJ2-7
CASSQESGTEAFF	TRBV4-1	TRBJ1-1	CINGVCWTV	1	TRBV4-1_CASSQESGTEAFF_TRBJ1-1
CASNRENEKLFF	TRBV18	TRBJ1-4	CINGVCWTV	1	TRBV18_CASNRENEKLFF_TRBJ1-4
CASSQEKGTEAFF	TRBV4-1	TRBJ1-1	CINGVCWTV	1	TRBV4-1_CASSQEKGTEAFF_TRBJ1-1
CASTTGSSEKLFF	TRBV2	TRBJ1-4	CINGVCWTV	1	TRBV2_CASTTGSSEKLFF_TRBJ1-4
CATSTTFQTDYAEPYGYTF	TRBV15	TRBJ1-2	CINGVCWTV	1	TRBV15_CATSTTFQTDYAEPYGYTF_TRBJ1-2
CASSVDEGNTGELFF	TRBV9	TRBJ2-2	CINGVCWTV	1	TRBV9_CASSVDEGNTGELFF_TRBJ2-2
CASSRPVGLFNYGYTF	TRBV28	TRBJ1-2	CINGVCWTV	1	TRBV28_CASSRPVGLFNYGYTF_TRBJ1-2
CASSQVQTEPSGYTF	TRBV4-1	TRBJ1-2	CINGVCWTV	1	TRBV4-1_CASSQVQTEPSGYTF_TRBJ1-2
CASSQEVTVPTYEQYF	TRBV16	TRBJ2-7	CINGVCWTV	1	TRBV16_CASSQEVTVPTYEQYF_TRBJ2-7
CASSQAQSGTAPYEQYF	TRBV4-1	TRBJ2-7	CINGVCWTV	1	TRBV4-1_CASSQAQSGTAPYEQYF_TRBJ2-7
CASSLTLGLAGVETQYF	TRBV27	TRBJ2-5	CINGVCWTV	1	TRBV27_CASSLTLGLAGVETQYF_TRBJ2-5
CASSSPSGRPTLYNEQFF	TRBV27	TRBJ2-1	CINGVCWTV	1	TRBV27_CASSSPSGRPTLYNEQFF_TRBJ2-1
CATSRDPQYQPQHF	TRBV15	TRBJ1-5	CINGVCWTV	1	TRBV15_CATSRDPQYQPQHF_TRBJ1-5
CASSPGTAPNEKLFF	TRBV28	TRBJ1-4	IPSINVHHY	1	TRBV28_CASSPGTAPNEKLFF_TRBJ1-4
CASSGRSADTQYF	TRBV19	TRBJ2-3	GILGFVFTL	2	TRBV19_CASSGRSADTQYF_TRBJ2-3
CASSLRSTGELFF	TRBV19	TRBJ2-2	GILGFVFTL	2	TRBV19_CASSLRSTGELFF_TRBJ2-2
CASSPVGIGEAFF	TRBV18	TRBJ1-1	GILGFVFTL	1	TRBV18_CASSPVGIGEAFF_TRBJ1-1
CASSFGMHGYTF	TRBV19	TRBJ1-2	GILGFVFTL	1	TRBV19_CASSFGMHGYTF_TRBJ1-2
CASSMISINEQFF	TRBV19	TRBJ2-1	GILGFVFTL	1	TRBV19_CASSMISINEQFF_TRBJ2-1
CASMGLAGLNEQFF	TRBV19	TRBJ2-1	GILGFVFTL	1	TRBV19_CASMGLAGLNEQFF_TRBJ2-1
CASSLYSQDEQFF	TRBV19	TRBJ2-1	GILGFVFTL	1	TRBV19_CASSLYSQDEQFF_TRBJ2-1
CASSIRAADTQYF	TRBV19	TRBJ2-3	GILGFVFTL	3	TRBV19_CASSIRAADTQYF_TRBJ2-3
CASSGRSAGELFF	TRBV19	TRBJ2-2	GILGFVFTL	2	TRBV19_CASSGRSAGELFF_TRBJ2-2
CASSFGSHGYTF	TRBV19	TRBJ1-2	GILGFVFTL	2	TRBV19_CASSFGSHGYTF_TRBJ1-2
CASSTRSSETQYF	TRBV19	TRBJ2-5	GILGFVFTL	1	TRBV19_CASSTRSSETQYF_TRBJ2-5
CASSMRGSDTQYF	TRBV19	TRBJ2-3	GILGFVFTL	1	TRBV19_CASSMRGSDTQYF_TRBJ2-3
CASSIRSHDEQFF	TRBV19	TRBJ2-1	GILGFVFTL	1	TRBV19_CASSIRSHDEQFF_TRBJ2-1
CASSIYSGQPQHF	TRBV19	TRBJ1-5	GILGFVFTL	1	TRBV19_CASSIYSGQPQHF_TRBJ1-5
CASSLTGTVYEQYF	TRBV18	TRBJ2-7	GILGFVFTL	1	TRBV18_CASSLTGTVYEQYF_TRBJ2-7
CASSRRSTDTQYF	TRBV19	TRBJ2-3	GILGFVFTL	3	TRBV19_CASSRRSTDTQYF_TRBJ2-3
CASSFRATDTQYF	TRBV19	TRBJ2-3	GILGFVFTL	1	TRBV19_CASSFRATDTQYF_TRBJ2-3
CASSGRAGGELFF	TRBV19	TRBJ2-2	GILGFVFTL	1	TRBV19_CASSGRAGGELFF_TRBJ2-2
CASSGLSNQPQHF	TRBV19	TRBJ1-5	GILGFVFTL	2	TRBV19_CASSGLSNQPQHF_TRBJ1-5
CASSFYSNQPQHF	TRBV19	TRBJ1-5	GILGFVFTL	2	TRBV19_CASSFYSNQPQHF_TRBJ1-5
CASSIRSSQPQHF	TRBV19	TRBJ1-5	GILGFVFTL	2	TRBV19_CASSIRSSQPQHF_TRBJ1-5
CASGPHGGGNNEQFF	TRBV19	TRBJ2-1	GILGFVFTL	1	TRBV19_CASGPHGGGNNEQFF_TRBJ2-1
CASSGTSFTEQYF	TRBV19	TRBJ2-7	GILGFVFTL	1	TRBV19_CASSGTSFTEQYF_TRBJ2-7
CASSILSQQPQHF	TRBV19	TRBJ1-5	GILGFVFTL	2	TRBV19_CASSILSQQPQHF_TRBJ1-5
CASSKRSSDTQYF	TRBV19	TRBJ2-3	GILGFVFTL	1	TRBV19_CASSKRSSDTQYF_TRBJ2-3
CASSMRSAGELFF	TRBV19	TRBJ2-2	GILGFVFTL	3	TRBV19_CASSMRSAGELFF_TRBJ2-2
CASSMAGGPGNEQFF	TRBV19	TRBJ2-1	GILGFVFTL	1	TRBV19_CASSMAGGPGNEQFF_TRBJ2-1
CASSIFAHSSQPQHF	TRBV19	TRBJ1-5	GILGFVFTL	1	TRBV19_CASSIFAHSSQPQHF_TRBJ1-5
CASSSRSGNEQFF	TRBV19	TRBJ2-1	GILGFVFTL	1	TRBV19_CASSSRSGNEQFF_TRBJ2-1
CATSDISITEAFF	TRBV24-1	TRBJ1-1	GILGFVFTL	1	TRBV24-1_CATSDISITEAFF_TRBJ1-1
CASSIVSNQPQHF	TRBV19	TRBJ1-5	GILGFVFTL	2	TRBV19_CASSIVSNQPQHF_TRBJ1-5
CASSSRSGWEQYF	TRBV19	TRBJ2-7	GILGFVFTL	1	TRBV19_CASSSRSGWEQYF_TRBJ2-7
CASSSRSGIEQYF	TRBV19	TRBJ2-7	GILGFVFTL	1	TRBV19_CASSSRSGIEQYF_TRBJ2-7
CASGVRSGEVEQFF	TRBV19	TRBJ2-1	GILGFVFTL	1	TRBV19_CASGVRSGEVEQFF_TRBJ2-1
CASSTRSTSPGHF	TRBV19	TRBJ1-5	GILGFVFTL	1	TRBV19_CASSTRSTSPGHF_TRBJ1-5
CASSRYHTDTQYF	TRBV19	TRBJ2-3	GILGFVFTL	1	TRBV19_CASSRYHTDTQYF_TRBJ2-3
CASSSYGSYEQYF	TRBV19	TRBJ2-7	GILGFVFTL	1	TRBV19_CASSSYGSYEQYF_TRBJ2-7
CASSTYSRDTQYF	TRBV19	TRBJ2-3	GILGFVFTL	1	TRBV19_CASSTYSRDTQYF_TRBJ2-3
CASSTTSGTEQFF	TRBV19	TRBJ2-1	GILGFVFTL	1	TRBV19_CASSTTSGTEQFF_TRBJ2-1
CASSGYSINEQFF	TRBV19	TRBJ2-1	GILGFVFTL	1	TRBV19_CASSGYSINEQFF_TRBJ2-1
CASGGISTDTQYF	TRBV19	TRBJ2-3	GILGFVFTL	1	TRBV19_CASGGISTDTQYF_TRBJ2-3
CASSMYSINIQYF	TRBV19	TRBJ2-4	GILGFVFTL	1	TRBV19_CASSMYSINIQYF_TRBJ2-4
CASSIFSTPNQPQHF	TRBV19	TRBJ1-5	GILGFVFTL	1	TRBV19_CASSIFSTPNQPQHF_TRBJ1-5
CATGFPYEQYF	TRBV19	TRBJ2-7	GILGFVFTL	1	TRBV19_CATGFPYEQYF_TRBJ2-7
CATSDLQGVRGVNEQFF	TRBV24-1	TRBJ2-1	TAFTIPSI	1	TRBV24-1_CATSDLQGVRGVNEQFF_TRBJ2-1
CASSLTGGGKLFF	TRBV7-3	TRBJ1-4	TAFTIPSI	1	TRBV7-3_CASSLTGGGKLFF_TRBJ1-4
CASSPPGGRADTQYF	TRBV11-3	TRBJ2-3	TAFTIPSI	1	TRBV11-3_CASSPPGGRADTQYF_TRBJ2-3
CASSSGRGGEQYF	TRBV27	TRBJ2-7	TAFTIPSI	2	TRBV27_CASSSGRGGEQYF_TRBJ2-7
CASSLTGGNTIYF	TRBV7-3	TRBJ1-3	TAFTIPSI	1	TRBV7-3_CASSLTGGNTIYF_TRBJ1-3
CASSLTGGGELFF	TRBV7-3	TRBJ2-2	TAFTIPSI	2	TRBV7-3_CASSLTGGGELFF_TRBJ2-2
CASSSTGGNTIYF	TRBV7-3	TRBJ1-3	TAFTIPSI	1	TRBV7-3_CASSSTGGNTIYF_TRBJ1-3
CASSLTGGARARLFF	TRBV7-3	TRBJ2-2	TAFTIPSI	1	TRBV7-3_CASSLTGGARARLFF_TRBJ2-2
CASRKWNGELFF	TRBV12-4	TRBJ2-2	TAFTIPSI	1	TRBV12-4_CASRKWNGELFF_TRBJ2-2
CASSRRGEGHNEQFF	TRBV11-3	TRBJ2-1	TAFTIPSI	1	TRBV11-3_CASSRRGEGHNEQFF_TRBJ2-1
CASSLVSPSEQFF	TRBV13	TRBJ2-1	YLSNIIPAL	1	TRBV13_CASSLVSPSEQFF_TRBJ2-1
CASSLFTGTNEQFF	TRBV28	TRBJ2-1	QLCDVMFYL	1	TRBV28_CASSLFTGTNEQFF_TRBJ2-1
CASSLDQGAQDNEQFF	TRBV28	TRBJ2-1	YLYDRLLRV	1	TRBV28_CASSLDQGAQDNEQFF_TRBJ2-1
CATSFAPGQGEHGYTF	TRBV15	TRBJ1-2	LYPEFIASI	1	TRBV15_CATSFAPGQGEHGYTF_TRBJ1-2
CASSTSTGQGWHYGYTF	TRBV28	TRBJ1-2	MLIGIPVYV	1	TRBV28_CASSTSTGQGWHYGYTF_TRBJ1-2
CASRPSRGTNYGYTF	TRBV6-1	TRBJ1-2	KLYGLDWAEL	1	TRBV6-1_CASRPSRGTNYGYTF_TRBJ1-2
CASSERGMVEAFF	TRBV25-1	TRBJ1-1	KLYGLDWAEL	1	TRBV25-1_CASSERGMVEAFF_TRBJ1-1
CASSPRNLGPSGSYEQYF	TRBV9	TRBJ2-7	KLYGLDWAEL	1	TRBV9_CASSPRNLGPSGSYEQYF_TRBJ2-7
CASSQNYEQYF	TRBV7-8	TRBJ2-7	ALDPHSGHFV	1	TRBV7-8_CASSQNYEQYF_TRBJ2-7
CASSYSWGAGYEQYF	TRBV6-5	TRBJ2-7	ALDPHSGHFV	1	TRBV6-5_CASSYSWGAGYEQYF_TRBJ2-7
CASTPTGAYEQYF	TRBV12-4	TRBJ2-7	ALDPHSGHFV	1	TRBV12-4_CASTPTGAYEQYF_TRBJ2-7
CSAGTGELFF	TRBV29-1	TRBJ2-2	ALDPHSGHFV	1	TRBV29-1_CSAGTGELFF_TRBJ2-2
CSARVGDTGELFF	TRBV20-1	TRBJ2-2	ALSPVIPHI	1	TRBV20-1_CSARVGDTGELFF_TRBJ2-2
CASSYDSTTGELFF	TRBV4-1	TRBJ2-2	ALSPVIPHI	1	TRBV4-1_CASSYDSTTGELFF_TRBJ2-2
CASTPGGYEQYF	TRBV2	TRBJ2-7	KLFEFLVYGV	1	TRBV2_CASTPGGYEQYF_TRBJ2-7
CASSQGYEQYF	TRBV11-2	TRBJ2-7	KLFEFLVYGV	1	TRBV11-2_CASSQGYEQYF_TRBJ2-7
CASRQDRDYQETQYF	TRBV5-1	TRBJ2-5	HPVGEADYFEY	1	TRBV5-1_CASRQDRDYQETQYF_TRBJ2-5
CASSARSGELFF	TRBV9	TRBJ2-2	HPVGEADYFEY	9	TRBV9_CASSARSGELFF_TRBJ2-2
CASSSRSSGEQYF	TRBV19	TRBJ2-7	GILGFVFTL	1	TRBV19_CASSSRSSGEQYF_TRBJ2-7
CASSGRATGELFF	TRBV19	TRBJ2-2	GILGFVFTL	2	TRBV19_CASSGRATGELFF_TRBJ2-2
CASSFRSTDTQYF	TRBV19	TRBJ2-3	GILGFVFTL	6	TRBV19_CASSFRSTDTQYF_TRBJ2-3
CASSQTGLNTEAFF	TRBV18	TRBJ1-1	GILGFVFTL	1	TRBV18_CASSQTGLNTEAFF_TRBJ1-1
CASSSVGSPYEQYF	TRBV18	TRBJ2-7	GILGFVFTL	1	TRBV18_CASSSVGSPYEQYF_TRBJ2-7
CASRINPGGADEAFF	TRBV19	TRBJ1-1	GILGFVFTL	1	TRBV19_CASRINPGGADEAFF_TRBJ1-1
CASSAQANQPQHF	TRBV25-1	TRBJ1-5	GILGFVFTL	1	TRBV25-1_CASSAQANQPQHF_TRBJ1-5
CASSTRATETQYF	TRBV19	TRBJ2-5	GILGFVFTL	1	TRBV19_CASSTRATETQYF_TRBJ2-5
CASSPEAGVSNTEAFF	TRBV18	TRBJ1-1	GILGFVFTL	1	TRBV18_CASSPEAGVSNTEAFF_TRBJ1-1
CASIRGLAGVRTDTQYF	TRBV28	TRBJ2-3	GILGFVFTL	2	TRBV28_CASIRGLAGVRTDTQYF_TRBJ2-3
CASSLGAGFLQETQYF	TRBV28	TRBJ2-5	GILGFVFTL	2	TRBV28_CASSLGAGFLQETQYF_TRBJ2-5
CASSISGGPGETQYF	TRBV27	TRBJ2-5	GILGFVFTL	2	TRBV27_CASSISGGPGETQYF_TRBJ2-5
CASSGLAGARNEQYF	TRBV6-6	TRBJ2-7	GILGFVFTL	2	TRBV6-6_CASSGLAGARNEQYF_TRBJ2-7
CAVLVDPYNEQFF	TRBV4-1	TRBJ2-1	GILGFVFTL	1	TRBV4-1_CAVLVDPYNEQFF_TRBJ2-1
CATDARVGNTGELFF	TRBV13	TRBJ2-2	GILGFVFTL	1	TRBV13_CATDARVGNTGELFF_TRBJ2-2
CASGQGAGEQYF	TRBV19	TRBJ2-7	GILGFVFTL	1	TRBV19_CASGQGAGEQYF_TRBJ2-7
CASSLQISIAGVSYNEQFF	TRBV3-1	TRBJ2-1	GILGFVFTL	2	TRBV3-1_CASSLQISIAGVSYNEQFF_TRBJ2-1
CAISESTAHSYNEQFF	TRBV10-3	TRBJ2-1	GILGFVFTL	1	TRBV10-3_CAISESTAHSYNEQFF_TRBJ2-1
CASTPSSGSAGNTIYF	TRBV7-9	TRBJ1-3	GILGFVFTL	2	TRBV7-9_CASTPSSGSAGNTIYF_TRBJ1-3
CASSSPPDRGPNTGELFF	TRBV7-9	TRBJ2-2	GILGFVFTL	2	TRBV7-9_CASSSPPDRGPNTGELFF_TRBJ2-2
CASSALVLYATDTQYF	TRBV28	TRBJ2-3	GILGFVFTL	2	TRBV28_CASSALVLYATDTQYF_TRBJ2-3
CASSLPKTINSEQYF	TRBV28	TRBJ2-7	GILGFVFTL	2	TRBV28_CASSLPKTINSEQYF_TRBJ2-7
CASSVDPAGGSSYEQYF	TRBV9	TRBJ2-7	GILGFVFTL	1	TRBV9_CASSVDPAGGSSYEQYF_TRBJ2-7
CASSYLAGEITDTQYF	TRBV6-6	TRBJ2-3	GILGFVFTL	1	TRBV6-6_CASSYLAGEITDTQYF_TRBJ2-3
CASSSPKGAKYEQYF	TRBV28	TRBJ2-7	GILGFVFTL	1	TRBV28_CASSSPKGAKYEQYF_TRBJ2-7
CASTPHRGPSYEQYF	TRBV7-8	TRBJ2-7	GILGFVFTL	2	TRBV7-8_CASTPHRGPSYEQYF_TRBJ2-7
CASSLKTHYSNQPQHF	TRBV27	TRBJ1-5	GILGFVFTL	2	TRBV27_CASSLKTHYSNQPQHF_TRBJ1-5
CASSIVIVAGANVLTF	TRBV19	TRBJ2-6	GILGFVFTL	1	TRBV19_CASSIVIVAGANVLTF_TRBJ2-6
CSARDTSGSYNEQFF	TRBV20-1	TRBJ2-1	GILGFVFTL	2	TRBV20-1_CSARDTSGSYNEQFF_TRBJ2-1
CASRLHPGHMSYTF	TRBV27	TRBJ1-2	GILGFVFTL	2	TRBV27_CASRLHPGHMSYTF_TRBJ1-2
CASSYSRPGLSNQPQHF	TRBV6-6	TRBJ1-5	GILGFVFTL	2	TRBV6-6_CASSYSRPGLSNQPQHF_TRBJ1-5
CASSGSDTQYF	TRBV2	TRBJ2-3	GILGFVFTL	2	TRBV2_CASSGSDTQYF_TRBJ2-3
CASSYFGLAFQETQYF	TRBV6-6	TRBJ2-5	GILGFVFTL	2	TRBV6-6_CASSYFGLAFQETQYF_TRBJ2-5
CASSPFQGSYEQYF	TRBV5-4	TRBJ2-7	GILGFVFTL	2	TRBV5-4_CASSPFQGSYEQYF_TRBJ2-7
CASSMVGGSYNEQFF	TRBV19	TRBJ2-1	GILGFVFTL	1	TRBV19_CASSMVGGSYNEQFF_TRBJ2-1
CASSIRASGVEQFF	TRBV19	TRBJ2-1	GILGFVFTL	2	TRBV19_CASSIRASGVEQFF_TRBJ2-1
CASSTRSGETQYF	TRBV19	TRBJ2-5	GILGFVFTL	1	TRBV19_CASSTRSGETQYF_TRBJ2-5
CASSQVLGLSVTGELFF	TRBV6-3	TRBJ2-2	GILGFVFTL	1	TRBV6-3_CASSQVLGLSVTGELFF_TRBJ2-2
CASSQFNEKLFF	TRBV3-1	TRBJ1-4	GILGFVFTL	1	TRBV3-1_CASSQFNEKLFF_TRBJ1-4
CASSSGSYGYTF	TRBV19	TRBJ1-2	GILGFVFTL	1	TRBV19_CASSSGSYGYTF_TRBJ1-2
CASSKRGAETQYF	TRBV19	TRBJ2-5	GILGFVFTL	1	TRBV19_CASSKRGAETQYF_TRBJ2-5
CASSQRSQETQYF	TRBV19	TRBJ2-5	GILGFVFTL	1	TRBV19_CASSQRSQETQYF_TRBJ2-5
CASSPFGANVLTF	TRBV19	TRBJ2-6	GILGFVFTL	1	TRBV19_CASSPFGANVLTF_TRBJ2-6
CASSSRSHQPQHF	TRBV19	TRBJ1-5	GILGFVFTL	3	TRBV19_CASSSRSHQPQHF_TRBJ1-5
CASSPRSGSTEAFF	TRBV19	TRBJ1-1	GILGFVFTL	1	TRBV19_CASSPRSGSTEAFF_TRBJ1-1
CASSMRSADTQYF	TRBV19	TRBJ2-3	GILGFVFTL	2	TRBV19_CASSMRSADTQYF_TRBJ2-3
CASSIRGAETQYF	TRBV19	TRBJ2-5	GILGFVFTL	1	TRBV19_CASSIRGAETQYF_TRBJ2-5
CASSFGSTDTQYF	TRBV19	TRBJ2-3	GILGFVFTL	1	TRBV19_CASSFGSTDTQYF_TRBJ2-3
CASSIRSSGELFF	TRBV19	TRBJ2-2	GILGFVFTL	1	TRBV19_CASSIRSSGELFF_TRBJ2-2
CASSPLSGRVTDTQYF	TRBV18	TRBJ2-3	GILGFVFTL	1	TRBV18_CASSPLSGRVTDTQYF_TRBJ2-3
CASSKFSINEQFF	TRBV19	TRBJ2-1	GILGFVFTL	1	TRBV19_CASSKFSINEQFF_TRBJ2-1
CASSIGAHGYTF	TRBV19	TRBJ1-2	GILGFVFTL	1	TRBV19_CASSIGAHGYTF_TRBJ1-2
CASSPTLQGPLGETQYF	TRBV4-1	TRBJ2-5	GILGFVFTL	1	TRBV4-1_CASSPTLQGPLGETQYF_TRBJ2-5
CASSPSLAGYGNEQFF	TRBV4-1	TRBJ2-1	GILGFVFTL	1	TRBV4-1_CASSPSLAGYGNEQFF_TRBJ2-1
CASSLFGSPLHF	TRBV9	TRBJ1-6	GILGFVFTL	1	TRBV9_CASSLFGSPLHF_TRBJ1-6
CASSTGLYGYTF	TRBV19	TRBJ1-2	GILGFVFTL	2	TRBV19_CASSTGLYGYTF_TRBJ1-2
CASYTSDYGYTF	TRBV25-1	TRBJ1-2	GILGFVFTL	1	TRBV25-1_CASYTSDYGYTF_TRBJ1-2
CASSLGPVYEQYF	TRBV5-6	TRBJ2-7	TLWCSPIKV	1	TRBV5-6_CASSLGPVYEQYF_TRBJ2-7
CASSEGHFSGNTIYF	TRBV10-2	TRBJ1-3	TLWCSPIKV	1	TRBV10-2_CASSEGHFSGNTIYF_TRBJ1-3
CASGGAIDTDTQYF	TRBV10-2	TRBJ2-3	TLWCSPIKV	1	TRBV10-2_CASGGAIDTDTQYF_TRBJ2-3
CASSFFGSNQPQHF	TRBV13	TRBJ1-5	TLWCSPIKV	1	TRBV13_CASSFFGSNQPQHF_TRBJ1-5
CASSFSNDYEQYF	TRBV11-1	TRBJ2-7	TLWCSPIKV	1	TRBV11-1_CASSFSNDYEQYF_TRBJ2-7
CASGSSGQGEYGELFF	TRBV28	TRBJ2-2	TLWCSPIKV	1	TRBV28_CASGSSGQGEYGELFF_TRBJ2-2
CASSEDLLRDTHQPQHF	TRBV2	TRBJ1-5	TLWCSPIKV	1	TRBV2_CASSEDLLRDTHQPQHF_TRBJ1-5
CASSLIQVGYEQYF	TRBV11-1	TRBJ2-7	TLWCSPIKV	1	TRBV11-1_CASSLIQVGYEQYF_TRBJ2-7
CASSESRSGNQPQHF	TRBV6-1	TRBJ1-5	FMPDFDLHL	1	TRBV6-1_CASSESRSGNQPQHF_TRBJ1-5
CASSLYRGTGELFF	TRBV7-3	TRBJ2-2	FMPDFDLHL	1	TRBV7-3_CASSLYRGTGELFF_TRBJ2-2
CASSHQAGALYNEQFF	TRBV7-9	TRBJ2-1	EVLPFFLFF	1	TRBV7-9_CASSHQAGALYNEQFF_TRBJ2-1
CASSLNSGHTQYF	TRBV27	TRBJ2-3	QTNPVTLQY	1	TRBV27_CASSLNSGHTQYF_TRBJ2-3
CATGTGGNDYEQYF	TRBV15	TRBJ2-7	TLYSLTLLY	1	TRBV15_CATGTGGNDYEQYF_TRBJ2-7
CASSNRGYDEQYF	TRBV9	TRBJ2-7	TEDEHFEFY	1	TRBV9_CASSNRGYDEQYF_TRBJ2-7
CSVEDRRGPFYGYTF	TRBV29-1	TRBJ1-2	TEDEHFEFY	1	TRBV29-1_CSVEDRRGPFYGYTF_TRBJ1-2
CASSQYAVRVGDTEAFF	TRBV14	TRBJ1-1	FLIYLDVSV	1	TRBV14_CASSQYAVRVGDTEAFF_TRBJ1-1
CASSPPGRYYEQYF	TRBV18	TRBJ2-7	FLIYLDVSV	1	TRBV18_CASSPPGRYYEQYF_TRBJ2-7
CATSEGPGQGISGANVLTF	TRBV24-1	TRBJ2-6	FLIYLDVSV	1	TRBV24-1_CATSEGPGQGISGANVLTF_TRBJ2-6
CASSFGGGLQETQYF	TRBV12-3	TRBJ2-5	CISSCNPNL	1	TRBV12-3_CASSFGGGLQETQYF_TRBJ2-5
CASSSTRGWADTQYF	TRBV27	TRBJ2-3	KLTESLHKV	1	TRBV27_CASSSTRGWADTQYF_TRBJ2-3
CASGTGDSNQPQHF	TRBV12-5	TRBJ1-5	EPLPQGQLTAY	1	TRBV12-5_CASGTGDSNQPQHF_TRBJ1-5
CATGTGDSNQPQHF	TRBV10-3	TRBJ1-5	EPLPQGQLTAY	2	TRBV10-3_CATGTGDSNQPQHF_TRBJ1-5
CASSTGDSNQPQHF	TRBV19	TRBJ1-5	EPLPQGQLTAY	1	TRBV19_CASSTGDSNQPQHF_TRBJ1-5
CASSLIGRDEQFF	TRBV28	TRBJ2-1	EPLPQGQLTAY	1	TRBV28_CASSLIGRDEQFF_TRBJ2-1
CASAQIGPYEQYF	TRBV28	TRBJ2-7	EPLPQGQLTAY	1	TRBV28_CASAQIGPYEQYF_TRBJ2-7
CANSQPGGIEQFF	TRBV28	TRBJ2-1	EPLPQGQLTAY	1	TRBV28_CANSQPGGIEQFF_TRBJ2-1
CASSLVVAGGPMSEQFF	TRBV28	TRBJ2-1	EPLPQGQLTAY	1	TRBV28_CASSLVVAGGPMSEQFF_TRBJ2-1
CASSFYDWNTEAFF	TRBV5-5	TRBJ1-1	EPLPQGQLTAY	1	TRBV5-5_CASSFYDWNTEAFF_TRBJ1-1
CSARDRVGNTIYF	TRBV20-1	TRBJ1-3	GLCTLVAML	3	TRBV20-1_CSARDRVGNTIYF_TRBJ1-3
CASSLGTSYEQYF	TRBV7-6	TRBJ2-7	GILGFVFTL	1	TRBV7-6_CASSLGTSYEQYF_TRBJ2-7
CASSPIAGSSYEQYF	TRBV14	TRBJ2-7	GILGFVFTL	1	TRBV14_CASSPIAGSSYEQYF_TRBJ2-7
CASTLWSATNEKLFF	TRBV28	TRBJ1-4	NLVPMVATV	1	TRBV28_CASTLWSATNEKLFF_TRBJ1-4
CATSDYVSGTLQETQYF	TRBV24-1	TRBJ2-5	GILGFVFTL	1	TRBV24-1_CATSDYVSGTLQETQYF_TRBJ2-5
CASSTYSGQSYGYTF	TRBV9	TRBJ1-2	GLCTLVAML	1	TRBV9_CASSTYSGQSYGYTF_TRBJ1-2
CASSTYYGQSYGYTF	TRBV9	TRBJ1-2	GLCTLVAML	1	TRBV9_CASSTYYGQSYGYTF_TRBJ1-2
CASSISGDYGYTF	TRBV7-8	TRBJ1-2	GLCTLVAML	1	TRBV7-8_CASSISGDYGYTF_TRBJ1-2
CATSERGDLNFGTDTQYF	TRBV15	TRBJ2-3	GILGFVFTL	1	TRBV15_CATSERGDLNFGTDTQYF_TRBJ2-3
CASSLWTGSHEQYF	TRBV5-8	TRBJ2-7	GLCTLVAML	1	TRBV5-8_CASSLWTGSHEQYF_TRBJ2-7
CASSEESGRAAEQYF	TRBV6-1	TRBJ2-7	NLVPMVATV	2	TRBV6-1_CASSEESGRAAEQYF_TRBJ2-7
CASSGRWTAYNEQFF	TRBV28	TRBJ2-1	NLVPMVATV	1	TRBV28_CASSGRWTAYNEQFF_TRBJ2-1
CASSVTPSSYNEQFF	TRBV6-4	TRBJ2-1	NLVPMVATV	2	TRBV6-4_CASSVTPSSYNEQFF_TRBJ2-1
CASRLAGSHEQYF	TRBV19	TRBJ2-7	GILGFVFTL	1	TRBV19_CASRLAGSHEQYF_TRBJ2-7
CASRSGREAFF	TRBV19	TRBJ1-1	GILGFVFTL	1	TRBV19_CASRSGREAFF_TRBJ1-1
CSVGAIMDEQFF	TRBV29-1	TRBJ2-1	GLCTLVAML	1	TRBV29-1_CSVGAIMDEQFF_TRBJ2-1
CATSRDLAEVNTEAFF	TRBV15	TRBJ1-1	NLVPMVATV	1	TRBV15_CATSRDLAEVNTEAFF_TRBJ1-1
CASSQAGLAAYNEQFF	TRBV4-2	TRBJ2-1	GLCTLVAML	1	TRBV4-2_CASSQAGLAAYNEQFF_TRBJ2-1
CSVTGDRRSNQPQHF	TRBV29-1	TRBJ1-5	GLCTLVAML	1	TRBV29-1_CSVTGDRRSNQPQHF_TRBJ1-5
CSARDRVGNGHTF	TRBV20-1	TRBJ1-2	GLCTLVAML	1	TRBV20-1_CSARDRVGNGHTF_TRBJ1-2
CSARDRVGNGYTF	TRBV20-1	TRBJ1-2	GLCTLVAML	1	TRBV20-1_CSARDRVGNGYTF_TRBJ1-2
CASSPGSTAPGELFF	TRBV2	TRBJ2-2	GLCTLVAML	1	TRBV2_CASSPGSTAPGELFF_TRBJ2-2
CSARDATGNGYTF	TRBV20-1	TRBJ1-2	GLCTLVAML	1	TRBV20-1_CSARDATGNGYTF_TRBJ1-2
CSARDQTGNGYTF	TRBV20-1	TRBJ1-2	GLCTLVAML	1	TRBV20-1_CSARDQTGNGYTF_TRBJ1-2
CSARDTTGNGYTF	TRBV20-1	TRBJ1-2	GLCTLVAML	1	TRBV20-1_CSARDTTGNGYTF_TRBJ1-2
CSARDTVGNGYTF	TRBV20-1	TRBJ1-2	GLCTLVAML	1	TRBV20-1_CSARDTVGNGYTF_TRBJ1-2
CSARLRELSGNTIYF	TRBV20-1	TRBJ1-3	GLCTLVAML	1	TRBV20-1_CSARLRELSGNTIYF_TRBJ1-3
CSARLRKLSGNTIYF	TRBV20-1	TRBJ1-3	GLCTLVAML	1	TRBV20-1_CSARLRKLSGNTIYF_TRBJ1-3
CSARVEPGNGYTF	TRBV20-1	TRBJ1-2	GLCTLVAML	1	TRBV20-1_CSARVEPGNGYTF_TRBJ1-2
CSVGSGGTNEKLFF	TRBV29-1	TRBJ1-4	GLCTLVAML	3	TRBV29-1_CSVGSGGTNEKLFF_TRBJ1-4
CSGREDSTNEKLFF	TRBV29-1	TRBJ1-4	GLCTLVAML	1	TRBV29-1_CSGREDSTNEKLFF_TRBJ1-4
CASSMRSDEKLFF	TRBV19	TRBJ1-4	GILGFVFTL	1	TRBV19_CASSMRSDEKLFF_TRBJ1-4
CSAEISGTQLYNEQFF	TRBV20-1	TRBJ2-1	GLCTLVAML	1	TRBV20-1_CSAEISGTQLYNEQFF_TRBJ2-1
CASSFIGGVDGYTF	TRBV12-4	TRBJ1-2	NLVPMVATV	1	TRBV12-4_CASSFIGGVDGYTF_TRBJ1-2
CATGRGGKIGEQYF	TRBV15	TRBJ2-7	NLVPMVATV	1	TRBV15_CATGRGGKIGEQYF_TRBJ2-7
CATGRGGMIGEQYF	TRBV15	TRBJ2-7	NLVPMVATV	1	TRBV15_CATGRGGMIGEQYF_TRBJ2-7
CASSTIEGQGGRHTQYF	TRBV9	TRBJ2-3	GILGFVFTL	1	TRBV9_CASSTIEGQGGRHTQYF_TRBJ2-3
CSATDVTKGQLISGYTF	TRBV20-1	TRBJ1-2	NLVPMVATV	1	TRBV20-1_CSATDVTKGQLISGYTF_TRBJ1-2
CASSWEGINYGYTF	TRBV5-6	TRBJ1-2	GILGFVFTL	1	TRBV5-6_CASSWEGINYGYTF_TRBJ1-2
CSARGQGDEQYF	TRBV20-1	TRBJ2-7	GLCTLVAML	1	TRBV20-1_CSARGQGDEQYF_TRBJ2-7
CSERGQGDEQYF	TRBV29-1	TRBJ2-7	GLCTLVAML	1	TRBV29-1_CSERGQGDEQYF_TRBJ2-7
CASSQAPGGEQYF	TRBV14	TRBJ2-7	GLCTLVAML	1	TRBV14_CASSQAPGGEQYF_TRBJ2-7
CASSQCPGGEQYF	TRBV14	TRBJ2-7	GLCTLVAML	1	TRBV14_CASSQCPGGEQYF_TRBJ2-7
CASSQSPGGEQYF	TRBV14	TRBJ2-7	GLCTLVAML	2	TRBV14_CASSQSPGGEQYF_TRBJ2-7
CASSIRSAGRAFF	TRBV19	TRBJ1-1	GILGFVFTL	1	TRBV19_CASSIRSAGRAFF_TRBJ1-1
CASSMRSGETQYF	TRBV19	TRBJ2-5	GILGFVFTL	1	TRBV19_CASSMRSGETQYF_TRBJ2-5
CASSDRAGNEQFF	TRBV19	TRBJ2-1	GILGFVFTL	1	TRBV19_CASSDRAGNEQFF_TRBJ2-1
CASSDRSGNEQFF	TRBV19	TRBJ2-1	GILGFVFTL	1	TRBV19_CASSDRSGNEQFF_TRBJ2-1
CASSFAHLSYNEQFF	TRBV12-4	TRBJ2-1	NLVPMVATV	1	TRBV12-4_CASSFAHLSYNEQFF_TRBJ2-1
CASSVAGGDEQFF	TRBV9	TRBJ2-1	GLCTLVAML	3	TRBV9_CASSVAGGDEQFF_TRBJ2-1
CSVGAGGTNEKLFF	TRBV29-1	TRBJ1-4	GLCTLVAML	4	TRBV29-1_CSVGAGGTNEKLFF_TRBJ1-4
CSVGTQGTNEKLFF	TRBV29-1	TRBJ1-4	GLCTLVAML	1	TRBV29-1_CSVGTQGTNEKLFF_TRBJ1-4
CASSIRSGVEQYF	TRBV19	TRBJ2-7	GILGFVFTL	2	TRBV19_CASSIRSGVEQYF_TRBJ2-7
CSVGSAGTNEKLFF	TRBV29-1	TRBJ1-4	GLCTLVAML	1	TRBV29-1_CSVGSAGTNEKLFF_TRBJ1-4
CASSVVGGNEQFF	TRBV9	TRBJ2-1	GLCTLVAML	1	TRBV9_CASSVVGGNEQFF_TRBJ2-1
CSVEAVGDGIYNEQFF	TRBV29-1	TRBJ2-1	GLCTLVAML	1	TRBV29-1_CSVEAVGDGIYNEQFF_TRBJ2-1
CASSQRPGGQQFF	TRBV14	TRBJ2-1	GLCTLVAML	1	TRBV14_CASSQRPGGQQFF_TRBJ2-1
CASSQSPGGQQFF	TRBV14	TRBJ2-1	GLCTLVAML	1	TRBV14_CASSQSPGGQQFF_TRBJ2-1
CSVGSDGTNEKLFF	TRBV29-1	TRBJ1-4	GLCTLVAML	1	TRBV29-1_CSVGSDGTNEKLFF_TRBJ1-4
CASSLTTEQQFF	TRBV4-1	TRBJ2-1	GLCTLVAML	2	TRBV4-1_CASSLTTEQQFF_TRBJ2-1
CAWSISDLAKNIQYF	TRBV30	TRBJ2-4	NLVPMVATV	4	TRBV30_CAWSISDLAKNIQYF_TRBJ2-4
CASSQEEGPGNQPQHF	TRBV4-1	TRBJ1-5	NLVPMVATV	2	TRBV4-1_CASSQEEGPGNQPQHF_TRBJ1-5
CASSYSWTGSNYGYTF	TRBV6-3	TRBJ1-2	NLVPMVATV	1	TRBV6-3_CASSYSWTGSNYGYTF_TRBJ1-2
CASSDAGGGMAEAFF	TRBV25-1	TRBJ1-1	GILGFVFTL	1	TRBV25-1_CASSDAGGGMAEAFF_TRBJ1-1
CASSQGAFGYTF	TRBV19	TRBJ1-2	GILGFVFTL	1	TRBV19_CASSQGAFGYTF_TRBJ1-2
CASSLEGYTEAFF	TRBV27	TRBJ1-1	NLVPMVATV	1	TRBV27_CASSLEGYTEAFF_TRBJ1-1
CASSGQGGTEAFF	TRBV9	TRBJ1-1	GILGFVFTL	1	TRBV9_CASSGQGGTEAFF_TRBJ1-1
CASSLLGGAGTDTQYF	TRBV10-2	TRBJ2-3	GILGFVFTL	1	TRBV10-2_CASSLLGGAGTDTQYF_TRBJ2-3
CASSLLGRAGTDTQYF	TRBV10-2	TRBJ2-3	GILGFVFTL	1	TRBV10-2_CASSLLGRAGTDTQYF_TRBJ2-3
CASSSRSAGELFF	TRBV19	TRBJ2-2	GILGFVFTL	1	TRBV19_CASSSRSAGELFF_TRBJ2-2
CASSSRSANEQFF	TRBV19	TRBJ2-1	GILGFVFTL	2	TRBV19_CASSSRSANEQFF_TRBJ2-1
CASSMRAGYEQYF	TRBV19	TRBJ2-7	GILGFVFTL	1	TRBV19_CASSMRAGYEQYF_TRBJ2-7
CASSKRSTDTQYF	TRBV19	TRBJ2-3	GILGFVFTL	2	TRBV19_CASSKRSTDTQYF_TRBJ2-3
CASSSRATGELFF	TRBV19	TRBJ2-2	GILGFVFTL	1	TRBV19_CASSSRATGELFF_TRBJ2-2
CASSILTGPRTEAFF	TRBV19	TRBJ1-1	GILGFVFTL	1	TRBV19_CASSILTGPRTEAFF_TRBJ1-1
CSARVRGDVYGYTF	TRBV20-1	TRBJ1-2	GILGFVFTL	1	TRBV20-1_CSARVRGDVYGYTF_TRBJ1-2
CASSIRSGWEQYF	TRBV19	TRBJ2-7	GILGFVFTL	1	TRBV19_CASSIRSGWEQYF_TRBJ2-7
CASSIRSDYEQYF	TRBV19	TRBJ2-7	GILGFVFTL	1	TRBV19_CASSIRSDYEQYF_TRBJ2-7
CASSSDPSGGGYNEQFF	TRBV27	TRBJ2-1	NLVPMVATV	1	TRBV27_CASSSDPSGGGYNEQFF_TRBJ2-1
CASSIRSQVEQFF	TRBV19	TRBJ2-1	GILGFVFTL	1	TRBV19_CASSIRSQVEQFF_TRBJ2-1
CAPLKGSSYEQYF	TRBV19	TRBJ2-7	GILGFVFTL	1	TRBV19_CAPLKGSSYEQYF_TRBJ2-7
CASIIRSSYEQYF	TRBV19	TRBJ2-7	GILGFVFTL	1	TRBV19_CASIIRSSYEQYF_TRBJ2-7
CASSYLEGSETQETQYF	TRBV6-3	TRBJ2-5	GILGFVFTL	1	TRBV6-3_CASSYLEGSETQETQYF_TRBJ2-5
CASSGGRNQPQHF	TRBV5-4	TRBJ1-5	GILGFVFTL	1	TRBV5-4_CASSGGRNQPQHF_TRBJ1-5
CATEQGMHEQYF	TRBV25-1	TRBJ2-7	NLVPMVATV	1	TRBV25-1_CATEQGMHEQYF_TRBJ2-7
CASSQDWGAGTQYF	TRBV14	TRBJ2-5	GILGFVFTL	1	TRBV14_CASSQDWGAGTQYF_TRBJ2-5
CASSIRGSGEQYF	TRBV19	TRBJ2-7	GILGFVFTL	1	TRBV19_CASSIRGSGEQYF_TRBJ2-7
CASSLIFPSGEQYF	TRBV27	TRBJ2-7	GILGFVFTL	1	TRBV27_CASSLIFPSGEQYF_TRBJ2-7
CASSPRSGNEQFF	TRBV19	TRBJ2-1	GILGFVFTL	1	TRBV19_CASSPRSGNEQFF_TRBJ2-1
CASSIRSSGPQFF	TRBV19	TRBJ2-1	GILGFVFTL	1	TRBV19_CASSIRSSGPQFF_TRBJ2-1
CASSVSGATADTQYF	TRBV9	TRBJ2-3	GILGFVFTL	1	TRBV9_CASSVSGATADTQYF_TRBJ2-3
CASSLFPGFGEQYF	TRBV27	TRBJ2-7	GILGFVFTL	1	TRBV27_CASSLFPGFGEQYF_TRBJ2-7
CASASANYGYTF	TRBV12-4	TRBJ1-2	NLVPMVATV	2	TRBV12-4_CASASANYGYTF_TRBJ1-2
CASSSANYGYTF	TRBV12-4	TRBJ1-2	GILGFVFTL	2	TRBV12-4_CASSSANYGYTF_TRBJ1-2
CASSSAYYGYTF	TRBV12-4	TRBJ1-2	NLVPMVATV	3	TRBV12-4_CASSSAYYGYTF_TRBJ1-2
CASSIQALLTF	TRBV12-4	TRBJ1-2	NLVPMVATV	1	TRBV12-4_CASSIQALLTF_TRBJ1-2
CASSSRSRQYRGSSYEQYF	TRBV5-6	TRBJ2-7	GILGFVFTL	1	TRBV5-6_CASSSRSRQYRGSSYEQYF_TRBJ2-7
CASGEGGELFF	TRBV19	TRBJ2-2	NLVPMVATV	1	TRBV19_CASGEGGELFF_TRBJ2-2
CASSWVSLDTQYF	TRBV19	TRBJ2-3	GILGFVFTL	1	TRBV19_CASSWVSLDTQYF_TRBJ2-3
CASSYRSSYEQYF	TRBV19	TRBJ2-7	GILGFVFTL	1	TRBV19_CASSYRSSYEQYF_TRBJ2-7
CASSLGDRPSTDTQYF	TRBV12-4	TRBJ2-3	GILGFVFTL	1	TRBV12-4_CASSLGDRPSTDTQYF_TRBJ2-3
CASSIRSSVEQFF	TRBV19	TRBJ2-1	GILGFVFTL	1	TRBV19_CASSIRSSVEQFF_TRBJ2-1
CASSIRSAHEQYF	TRBV19	TRBJ2-7	GILGFVFTL	1	TRBV19_CASSIRSAHEQYF_TRBJ2-7
CAVNGGSNYGYTF	TRBV28	TRBJ1-2	NLVPMVATV	1	TRBV28_CAVNGGSNYGYTF_TRBJ1-2
CASSGTDSNQPQHF	TRBV6-1	TRBJ1-5	NLVPMVATV	2	TRBV6-1_CASSGTDSNQPQHF_TRBJ1-5
CASSARSTDTQYF	TRBV19	TRBJ2-3	GILGFVFTL	2	TRBV19_CASSARSTDTQYF_TRBJ2-3
CASSPTRPVEQYF	TRBV27	TRBJ2-7	GILGFVFTL	1	TRBV27_CASSPTRPVEQYF_TRBJ2-7
CASSIAPTDTQYF	TRBV19	TRBJ2-3	GILGFVFTL	2	TRBV19_CASSIAPTDTQYF_TRBJ2-3
CASSEAISGAWDEQFF	TRBV6-1	TRBJ2-1	GILGFVFTL	2	TRBV6-1_CASSEAISGAWDEQFF_TRBJ2-1
CASSPVSGSSYEQYF	TRBV3-1	TRBJ2-7	GLCTLVAML	1	TRBV3-1_CASSPVSGSSYEQYF_TRBJ2-7
CASSYAYDGSYEQYF	TRBV11-2	TRBJ2-7	GLCTLVAML	1	TRBV11-2_CASSYAYDGSYEQYF_TRBJ2-7
CSVPGTVQETQYF	TRBV29-1	TRBJ2-5	GLCTLVAML	1	TRBV29-1_CSVPGTVQETQYF_TRBJ2-5
CSVPITVQETQYF	TRBV29-1	TRBJ2-5	GLCTLVAML	2	TRBV29-1_CSVPITVQETQYF_TRBJ2-5
CSVPSTVQETQYF	TRBV29-1	TRBJ2-5	GLCTLVAML	2	TRBV29-1_CSVPSTVQETQYF_TRBJ2-5
CASSTKDGGTGELFF	TRBV19	TRBJ2-2	GILGFVFTL	1	TRBV19_CASSTKDGGTGELFF_TRBJ2-2
CASSTKEGGTGELFF	TRBV19	TRBJ2-2	GILGFVFTL	1	TRBV19_CASSTKEGGTGELFF_TRBJ2-2
CASSTKEGGTGEQFF	TRBV19	TRBJ2-2	GILGFVFTL	1	TRBV19_CASSTKEGGTGEQFF_TRBJ2-2
CASSTKVGGTGELFF	TRBV19	TRBJ2-2	GILGFVFTL	1	TRBV19_CASSTKVGGTGELFF_TRBJ2-2
CASSDDRVRYGYTF	TRBV13	TRBJ1-2	NLVPMVATV	1	TRBV13_CASSDDRVRYGYTF_TRBJ1-2
CASSYGIAGKETQYF	TRBV7-8	TRBJ2-5	GILGFVFTL	1	TRBV7-8_CASSYGIAGKETQYF_TRBJ2-5
CASSIFSGGQNIQYF	TRBV19	TRBJ2-4	GILGFVFTL	2	TRBV19_CASSIFSGGQNIQYF_TRBJ2-4
CASSQGLGREGASEQFF	TRBV4-1	TRBJ2-1	NLVPMVATV	2	TRBV4-1_CASSQGLGREGASEQFF_TRBJ2-1
CASSQVEAFYEQYF	TRBV4-1	TRBJ2-7	GILGFVFTL	2	TRBV4-1_CASSQVEAFYEQYF_TRBJ2-7
CASSIFGGAEAFF	TRBV19	TRBJ1-1	GILGFVFTL	1	TRBV19_CASSIFGGAEAFF_TRBJ1-1
CASSLSRRGPNYGYTF	TRBV27	TRBJ1-2	GILGFVFTL	1	TRBV27_CASSLSRRGPNYGYTF_TRBJ1-2
CASSSPTSGDYEQYF	TRBV27	TRBJ2-7	GILGFVFTL	1	TRBV27_CASSSPTSGDYEQYF_TRBJ2-7
CASSRGQLYEQYF	TRBV7-2	TRBJ2-7	GILGFVFTL	1	TRBV7-2_CASSRGQLYEQYF_TRBJ2-7
CASSVASGRAHEQYF	TRBV9	TRBJ2-7	NLVPMVATV	1	TRBV9_CASSVASGRAHEQYF_TRBJ2-7
CSARGGDSVLRVGEQYF	TRBV20-1	TRBJ2-7	GILGFVFTL	1	TRBV20-1_CSARGGDSVLRVGEQYF_TRBJ2-7
CASSVVASSYNEQFF	TRBV9	TRBJ2-1	GILGFVFTL	1	TRBV9_CASSVVASSYNEQFF_TRBJ2-1
CASSSRQGAANEKLFF	TRBV13	TRBJ1-4	GILGFVFTL	1	TRBV13_CASSSRQGAANEKLFF_TRBJ1-4
CASSYGLEQFF	TRBV6-3	TRBJ2-1	GILGFVFTL	1	TRBV6-3_CASSYGLEQFF_TRBJ2-1
CASSVAQLAGGTDTQYF	TRBV9	TRBJ2-3	GLCTLVAML	1	TRBV9_CASSVAQLAGGTDTQYF_TRBJ2-3
CASRIDSNQPQHF	TRBV19	TRBJ1-5	GILGFVFTL	1	TRBV19_CASRIDSNQPQHF_TRBJ1-5
CASSIDSNQPQHF	TRBV19	TRBJ1-5	GILGFVFTL	2	TRBV19_CASSIDSNQPQHF_TRBJ1-5
CASSILSNTEAFF	TRBV19	TRBJ1-1	GILGFVFTL	2	TRBV19_CASSILSNTEAFF_TRBJ1-1
CASGAGGPLNEQFF	TRBV19	TRBJ2-1	GILGFVFTL	2	TRBV19_CASGAGGPLNEQFF_TRBJ2-1
CASSDHPGSRELWKHHIF	TRBV6-4	TRBJ1-3	GILGFVFTL	2	TRBV6-4_CASSDHPGSRELWKHHIF_TRBJ1-3
CASRPPPAGQKETQYF	TRBV28	TRBJ2-5	GILGFVFTL	1	TRBV28_CASRPPPAGQKETQYF_TRBJ2-5
CASSAQTGASYGYTF	TRBV6-5	TRBJ1-2	NLVPMVATV	1	TRBV6-5_CASSAQTGASYGYTF_TRBJ1-2
CASSKQTGTGNYGYTF	TRBV6-5	TRBJ1-2	GILGFVFTL	1	TRBV6-5_CASSKQTGTGNYGYTF_TRBJ1-2
CASSPSTGVTFYGYTF	TRBV6-5	TRBJ1-2	NLVPMVATV	2	TRBV6-5_CASSPSTGVTFYGYTF_TRBJ1-2
CASSWKTGTGGTGYTF	TRBV6-5	TRBJ1-2	NLVPMVATV	1	TRBV6-5_CASSWKTGTGGTGYTF_TRBJ1-2
CASSYQTGTGVYGYTF	TRBV6-5	TRBJ1-2	NLVPMVATV	1	TRBV6-5_CASSYQTGTGVYGYTF_TRBJ1-2
CASSFGTFETQYF	TRBV27	TRBJ2-5	GLCTLVAML	1	TRBV27_CASSFGTFETQYF_TRBJ2-5
CASSIGTFETQYF	TRBV27	TRBJ2-5	GLCTLVAML	1	TRBV27_CASSIGTFETQYF_TRBJ2-5
CASSPITGTGAYGYTF	TRBV6-5	TRBJ1-2	NLVPMVATV	1	TRBV6-5_CASSPITGTGAYGYTF_TRBJ1-2
CATQGDNTYEQYF	TRBV19	TRBJ2-7	GILGFVFTL	1	TRBV19_CATQGDNTYEQYF_TRBJ2-7
CASSSSGRDYEQYF	TRBV2	TRBJ2-7	NLVPMVATV	1	TRBV2_CASSSSGRDYEQYF_TRBJ2-7
CASSVRTGYTEAFF	TRBV2	TRBJ1-1	GILGFVFTL	1	TRBV2_CASSVRTGYTEAFF_TRBJ1-1
CATAITSTQYF	TRBV12-4	TRBJ2-3	NLVPMVATV	1	TRBV12-4_CATAITSTQYF_TRBJ2-3
CASSMTSGALYNEQFF	TRBV27	TRBJ2-1	NLVPMVATV	2	TRBV27_CASSMTSGALYNEQFF_TRBJ2-1
CASSLSGGINEQFF	TRBV19	TRBJ2-1	GLCTLVAML	2	TRBV19_CASSLSGGINEQFF_TRBJ2-1
CASSLWGGINEQFF	TRBV19	TRBJ2-1	GLCTLVAML	2	TRBV19_CASSLWGGINEQFF_TRBJ2-1
CASSAGQVSPGELFF	TRBV2	TRBJ2-2	GLCTLVAML	1	TRBV2_CASSAGQVSPGELFF_TRBJ2-2
CASSPRGGMTQHF	TRBV19	TRBJ1-5	GILGFVFTL	1	TRBV19_CASSPRGGMTQHF_TRBJ1-5
CASSSEASGENF	TRBV5-4	TRBJ2-1	GILGFVFTL	1	TRBV5-4_CASSSEASGENF_TRBJ2-1
CSARDRNTQGPETQYF	TRBV20-1	TRBJ2-5	NLVPMVATV	1	TRBV20-1_CSARDRNTQGPETQYF_TRBJ2-5
CSAEPETSGGLQYF	TRBV20-1	TRBJ2-4	GLCTLVAML	1	TRBV20-1_CSAEPETSGGLQYF_TRBJ2-4
CSAEPGTSGGLQYF	TRBV20-1	TRBJ2-4	GLCTLVAML	1	TRBV20-1_CSAEPGTSGGLQYF_TRBJ2-4
CASRGSLNQPQHF	TRBV27	TRBJ1-5	GILGFVFTL	1	TRBV27_CASRGSLNQPQHF_TRBJ1-5
CASSQDKGRAYEQYF	TRBV4-1	TRBJ2-7	GILGFVFTL	2	TRBV4-1_CASSQDKGRAYEQYF_TRBJ2-7
CASSLLVSGVSSTDTQYF	TRBV28	TRBJ2-3	GILGFVFTL	1	TRBV28_CASSLLVSGVSSTDTQYF_TRBJ2-3
CASSLERNTYEQYF	TRBV28	TRBJ2-7	GILGFVFTL	1	TRBV28_CASSLERNTYEQYF_TRBJ2-7
CASSQDLTSEAFF	TRBV4-3	TRBJ1-1	GILGFVFTL	1	TRBV4-3_CASSQDLTSEAFF_TRBJ1-1
CASSSGAGLDEQFF	TRBV27	TRBJ2-1	GLCTLVAML	1	TRBV27_CASSSGAGLDEQFF_TRBJ2-1
CASSTRTGQETQYF	TRBV7-9	TRBJ2-5	NLVPMVATV	1	TRBV7-9_CASSTRTGQETQYF_TRBJ2-5
CASSVGGEAYEQYF	TRBV9	TRBJ2-7	GLCTLVAML	3	TRBV9_CASSVGGEAYEQYF_TRBJ2-7
CSARDGTRAHYEQFF	TRBV20-1	TRBJ2-1	GILGFVFTL	1	TRBV20-1_CSARDGTRAHYEQFF_TRBJ2-1
CASSVEDYGSVSYGYTF	TRBV9	TRBJ1-2	GILGFVFTL	1	TRBV9_CASSVEDYGSVSYGYTF_TRBJ1-2
CASSRVGTTYEQYF	TRBV18	TRBJ2-7	GILGFVFTL	1	TRBV18_CASSRVGTTYEQYF_TRBJ2-7
CASSSRSGNEKLFF	TRBV19	TRBJ1-4	GILGFVFTL	2	TRBV19_CASSSRSGNEKLFF_TRBJ1-4
CASSQDLAGEGTDTQYF	TRBV3-1	TRBJ2-3	GILGFVFTL	1	TRBV3-1_CASSQDLAGEGTDTQYF_TRBJ2-3
CASTTGTVNTEAFF	TRBV6-6	TRBJ1-1	GILGFVFTL	1	TRBV6-6_CASTTGTVNTEAFF_TRBJ1-1
CATSDFPPGVRGAPQETQYF	TRBV24-1	TRBJ2-5	GILGFVFTL	1	TRBV24-1_CATSDFPPGVRGAPQETQYF_TRBJ2-5
CASSYPLLYSGANTGELFF	TRBV6-3	TRBJ2-2	GILGFVFTL	1	TRBV6-3_CASSYPLLYSGANTGELFF_TRBJ2-2
CASSFPKDGSTYEQYF	TRBV7-9	TRBJ2-7	NLVPMVATV	1	TRBV7-9_CASSFPKDGSTYEQYF_TRBJ2-7
CSVPIAVQETQYF	TRBV29-1	TRBJ2-5	GLCTLVAML	1	TRBV29-1_CSVPIAVQETQYF_TRBJ2-5
CASSPPPGAVETQYF	TRBV19	TRBJ2-5	GILGFVFTL	1	TRBV19_CASSPPPGAVETQYF_TRBJ2-5
CASGGLVHEQFF	TRBV19	TRBJ2-1	GILGFVFTL	1	TRBV19_CASGGLVHEQFF_TRBJ2-1
CASSYFDEKLFF	TRBV2	TRBJ1-4	NLVPMVATV	2	TRBV2_CASSYFDEKLFF_TRBJ1-4
CASSAGSGSGYNEQFF	TRBV9	TRBJ2-1	NLVPMVATV	1	TRBV9_CASSAGSGSGYNEQFF_TRBJ2-1
CASSDAENTEAFF	TRBV6-1	TRBJ1-1	NLVPMVATV	2	TRBV6-1_CASSDAENTEAFF_TRBJ1-1
CASSKGEVTEAFF	TRBV6-5	TRBJ1-1	NLVPMVATV	1	TRBV6-5_CASSKGEVTEAFF_TRBJ1-1
CASGPLLLMTNEQFF	TRBV12-4	TRBJ2-1	NLVPMVATV	1	TRBV12-4_CASGPLLLMTNEQFF_TRBJ2-1
CASSIVNEAFF	TRBV12-4	TRBJ1-1	NLVPMVATV	1	TRBV12-4_CASSIVNEAFF_TRBJ1-1
CASSVVNEAFF	TRBV12-4	TRBJ1-1	NLVPMVATV	1	TRBV12-4_CASSVVNEAFF_TRBJ1-1
CASSETSGRSPYEQYF	TRBV6-1	TRBJ2-7	NLVPMVATV	2	TRBV6-1_CASSETSGRSPYEQYF_TRBJ2-7
CASGPGTSATDTQYF	TRBV6-5	TRBJ2-3	NLVPMVATV	2	TRBV6-5_CASGPGTSATDTQYF_TRBJ2-3
CASSVEGTSGRSYNEQFF	TRBV9	TRBJ2-1	NLVPMVATV	1	TRBV9_CASSVEGTSGRSYNEQFF_TRBJ2-1
CASSPGLASPYSYNEQFF	TRBV6-3	TRBJ2-1	NLVPMVATV	1	TRBV6-3_CASSPGLASPYSYNEQFF_TRBJ2-1
CASSLRVSYNEQFF	TRBV12-4	TRBJ2-1	GILGFVFTL	1	TRBV12-4_CASSLRVSYNEQFF_TRBJ2-1
CASSQTYEQYF	TRBV12-4	TRBJ2-7	GILGFVFTL	1	TRBV12-4_CASSQTYEQYF_TRBJ2-7
CASSQMTGLNTEAFF	TRBV28	TRBJ1-1	GILGFVFTL	1	TRBV28_CASSQMTGLNTEAFF_TRBJ1-1
CSARDGLAGHYEQYF	TRBV20-1	TRBJ2-7	NLVPMVATV	1	TRBV20-1_CSARDGLAGHYEQYF_TRBJ2-7
CSARDGLTGHYEQYF	TRBV20-1	TRBJ2-7	NLVPMVATV	1	TRBV20-1_CSARDGLTGHYEQYF_TRBJ2-7
CASSPLSLGSPYNEQFF	TRBV5-6	TRBJ2-1	GILGFVFTL	1	TRBV5-6_CASSPLSLGSPYNEQFF_TRBJ2-1
CASSQDPGYEQYF	TRBV4-1	TRBJ2-7	GILGFVFTL	2	TRBV4-1_CASSQDPGYEQYF_TRBJ2-7
CASSPRASLEQYF	TRBV19	TRBJ2-7	GILGFVFTL	2	TRBV19_CASSPRASLEQYF_TRBJ2-7
CASSSVSGYTF	TRBV12-4	TRBJ1-2	NLVPMVATV	1	TRBV12-4_CASSSVSGYTF_TRBJ1-2
CASSPRDGQETQYF	TRBV4-1	TRBJ2-5	GILGFVFTL	2	TRBV4-1_CASSPRDGQETQYF_TRBJ2-5
CASSAGGGSYNEQFF	TRBV4-1	TRBJ2-1	NLVPMVATV	2	TRBV4-1_CASSAGGGSYNEQFF_TRBJ2-1
CASSPDREGGDRGYNEQFF	TRBV3-1	TRBJ2-1	GLCTLVAML	1	TRBV3-1_CASSPDREGGDRGYNEQFF_TRBJ2-1
CASSYSGHVNTEAFF	TRBV6-5	TRBJ1-1	GILGFVFTL	1	TRBV6-5_CASSYSGHVNTEAFF_TRBJ1-1
CASSLGIYGYTF	TRBV19	TRBJ1-2	GILGFVFTL	2	TRBV19_CASSLGIYGYTF_TRBJ1-2
CASSIGTYGYTF	TRBV19	TRBJ1-2	GILGFVFTL	2	TRBV19_CASSIGTYGYTF_TRBJ1-2
CASSDGTGGILYEQYF	TRBV6-1	TRBJ2-7	GILGFVFTL	2	TRBV6-1_CASSDGTGGILYEQYF_TRBJ2-7
CASSDRATQPQHF	TRBV19	TRBJ1-5	GILGFVFTL	1	TRBV19_CASSDRATQPQHF_TRBJ1-5
CSANSDRVSYNEQFF	TRBV20-1	TRBJ2-1	GILGFVFTL	1	TRBV20-1_CSANSDRVSYNEQFF_TRBJ2-1
CATSDGLAGGWANVLTF	TRBV24-1	TRBJ2-6	GILGFVFTL	1	TRBV24-1_CATSDGLAGGWANVLTF_TRBJ2-6
CSVPGLAVPGELFF	TRBV29-1	TRBJ2-2	GLCTLVAML	1	TRBV29-1_CSVPGLAVPGELFF_TRBJ2-2
CAWSVSDVANTEAFF	TRBV30	TRBJ1-1	NLVPMVATV	1	TRBV30_CAWSVSDVANTEAFF_TRBJ1-1
CSAPPAGEYSNQPQHF	TRBV20-1	TRBJ1-5	NLVPMVATV	1	TRBV20-1_CSAPPAGEYSNQPQHF_TRBJ1-5
CSARDPSGLAGGLAETQYF	TRBV20-1	TRBJ2-5	NLVPMVATV	1	TRBV20-1_CSARDPSGLAGGLAETQYF_TRBJ2-5
CASSSQSNQPQHF	TRBV25-1	TRBJ1-5	GILGFVFTL	1	TRBV25-1_CASSSQSNQPQHF_TRBJ1-5
CASSIMGSGNTIYF	TRBV19	TRBJ1-3	GILGFVFTL	1	TRBV19_CASSIMGSGNTIYF_TRBJ1-3
CASTPQGAYEQYF	TRBV6-5	TRBJ2-7	GILGFVFTL	1	TRBV6-5_CASTPQGAYEQYF_TRBJ2-7
CASGGSSYQETQYF	TRBV10-2	TRBJ2-5	GLCTLVAML	1	TRBV10-2_CASGGSSYQETQYF_TRBJ2-5
CASTPGTVLPDTQYF	TRBV2	TRBJ2-3	GLCTLVAML	1	TRBV2_CASTPGTVLPDTQYF_TRBJ2-3
CSAAGLAGGSYEQYF	TRBV20-1	TRBJ2-7	GILGFVFTL	1	TRBV20-1_CSAAGLAGGSYEQYF_TRBJ2-7
CATSDFEVAGSSYNEQFF	TRBV24-1	TRBJ2-1	GILGFVFTL	1	TRBV24-1_CATSDFEVAGSSYNEQFF_TRBJ2-1
CASSVWTGHDEQFF	TRBV6-4	TRBJ2-1	GLCTLVAML	2	TRBV6-4_CASSVWTGHDEQFF_TRBJ2-1
CASSLPPGRGYTEAFF	TRBV12-4	TRBJ1-1	NLVPMVATV	1	TRBV12-4_CASSLPPGRGYTEAFF_TRBJ1-1
CASSLTLVFEAFF	TRBV7-9	TRBJ1-1	GILGFVFTL	1	TRBV7-9_CASSLTLVFEAFF_TRBJ1-1
CASSYTLASYEQYF	TRBV6-6	TRBJ2-7	NLVPMVATV	1	TRBV6-6_CASSYTLASYEQYF_TRBJ2-7
CASSISSGSYNEQFF	TRBV19	TRBJ2-1	GILGFVFTL	1	TRBV19_CASSISSGSYNEQFF_TRBJ2-1
CASGGLSSYNEQFF	TRBV10-2	TRBJ2-1	GLCTLVAML	1	TRBV10-2_CASGGLSSYNEQFF_TRBJ2-1
CASRPGTASYEQYF	TRBV28	TRBJ2-7	CPSQEPMSIYVY	1	TRBV28_CASRPGTASYEQYF_TRBJ2-7
CASSSRDRGPHGQYF	TRBV7-9	TRBJ2-7	TPRVTGGGAM	1	TRBV7-9_CASSSRDRGPHGQYF_TRBJ2-7
CASSSRDLGEYEQYF	TRBV7-9	TRBJ2-7	TPRVTGGGAM	1	TRBV7-9_CASSSRDLGEYEQYF_TRBJ2-7
CASSHDYRGRRSPLHF	TRBV7-9	TRBJ1-6	TPRVTGGGAM	1	TRBV7-9_CASSHDYRGRRSPLHF_TRBJ1-6
CASSLIGEGTGWHQYF	TRBV7-9	TRBJ2-7	TPRVTGGGAM	1	TRBV7-9_CASSLIGEGTGWHQYF_TRBJ2-7
CASSLVGVGLLLNEQYF	TRBV7-9	TRBJ2-7	TPRVTGGGAM	1	TRBV7-9_CASSLVGVGLLLNEQYF_TRBJ2-7
CASSFQGYTEAFF	TRBV3-1	TRBJ1-1	NLVPMVATV	1	TRBV3-1_CASSFQGYTEAFF_TRBJ1-1
CASSPVTGTGHYGYTF	TRBV6-5	TRBJ1-2	NLVPMVATV	1	TRBV6-5_CASSPVTGTGHYGYTF_TRBJ1-2
CASSEVGVFEAFF	TRBV2	TRBJ1-1	DATYQRTRALVR	1	TRBV2_CASSEVGVFEAFF_TRBJ1-1
CASSLGVNTEAFF	TRBV14	TRBJ1-1	DATYQRTRALVR	1	TRBV14_CASSLGVNTEAFF_TRBJ1-1
CASSDGDHSYEQYF	TRBV6-1	TRBJ2-7	DATYQRTRALVR	1	TRBV6-1_CASSDGDHSYEQYF_TRBJ2-7
CASSQVGPGETQYF	TRBV4-1	TRBJ2-5	DATYQRTRALVR	1	TRBV4-1_CASSQVGPGETQYF_TRBJ2-5
CGGGYMGTEAFF	TRBV7-2	TRBJ1-1	DATYQRTRALVR	1	TRBV7-2_CGGGYMGTEAFF_TRBJ1-1
CASASGGFGDEQYF	TRBV6-1	TRBJ2-7	DATYQRTRALVR	1	TRBV6-1_CASASGGFGDEQYF_TRBJ2-7
CASSQDPWAGSAFF	TRBV4-1	TRBJ1-1	DATYQRTRALVR	1	TRBV4-1_CASSQDPWAGSAFF_TRBJ1-1
CASSFPSRGANYGYTF	TRBV7-9	TRBJ1-2	DATYQRTRALVR	1	TRBV7-9_CASSFPSRGANYGYTF_TRBJ1-2
CAWSVTSTGGTEAFF	TRBV30	TRBJ1-1	DATYQRTRALVR	1	TRBV30_CAWSVTSTGGTEAFF_TRBJ1-1
CASSQDPDTQYF	TRBV4-2	TRBJ2-3	DATYQRTRALVR	1	TRBV4-2_CASSQDPDTQYF_TRBJ2-3
CATSVTGDPNTEAFF	TRBV15	TRBJ1-1	DATYQRTRALVR	1	TRBV15_CATSVTGDPNTEAFF_TRBJ1-1
CASSAGTSPTDTQYF	TRBV6-4	TRBJ2-3	DATYQRTRALVR	1	TRBV6-4_CASSAGTSPTDTQYF_TRBJ2-3
CASSQVGPNEKLFF	TRBV4-1	TRBJ1-4	DATYQRTRALVR	1	TRBV4-1_CASSQVGPNEKLFF_TRBJ1-4
CASSQGGPVGNQPQHF	TRBV14	TRBJ1-5	DATYQRTRALVR	1	TRBV14_CASSQGGPVGNQPQHF_TRBJ1-5
CASSLVPSDQETQYF	TRBV5-4	TRBJ2-5	DATYQRTRALVR	1	TRBV5-4_CASSLVPSDQETQYF_TRBJ2-5
CASSELEAYGYTF	TRBV6-1	TRBJ1-2	DATYQRTRALVR	1	TRBV6-1_CASSELEAYGYTF_TRBJ1-2
CASSPGTDYGYTF	TRBV5-5	TRBJ1-2	DATYQRTRALVR	1	TRBV5-5_CASSPGTDYGYTF_TRBJ1-2
CASSLGGYGYTF	TRBV27	TRBJ1-2	DATYQRTRALVR	1	TRBV27_CASSLGGYGYTF_TRBJ1-2
CASNEDSNYGYTF	TRBV6-1	TRBJ1-2	DATYQRTRALVR	1	TRBV6-1_CASNEDSNYGYTF_TRBJ1-2
CATSDLGLAGDTQYF	TRBV24-1	TRBJ2-3	DATYQRTRALVR	1	TRBV24-1_CATSDLGLAGDTQYF_TRBJ2-3
CSFRDLSSYNEQFF	TRBV29-1	TRBJ2-1	DATYQRTRALVR	1	TRBV29-1_CSFRDLSSYNEQFF_TRBJ2-1
CASSPALGDQETQYF	TRBV19	TRBJ2-5	DATYQRTRALVR	1	TRBV19_CASSPALGDQETQYF_TRBJ2-5
CSVEEGLQTGELFF	TRBV29-1	TRBJ2-2	DATYQRTRALVR	1	TRBV29-1_CSVEEGLQTGELFF_TRBJ2-2
CASSLEGDTEAFF	TRBV5-4	TRBJ1-1	DATYQRTRALVR	1	TRBV5-4_CASSLEGDTEAFF_TRBJ1-1
CASSEFQGDNEQFF	TRBV2	TRBJ2-1	DATYQRTRALVR	1	TRBV2_CASSEFQGDNEQFF_TRBJ2-1
CASSDGSFNEQFF	TRBV25-1	TRBJ2-1	DATYQRTRALVR	1	TRBV25-1_CASSDGSFNEQFF_TRBJ2-1
CASSVGDLLTGELFF	TRBV9	TRBJ2-2	DATYQRTRALVR	1	TRBV9_CASSVGDLLTGELFF_TRBJ2-2
CATSDLEGWTQYF	TRBV24-1	TRBJ2-5	DATYQRTRALVR	1	TRBV24-1_CATSDLEGWTQYF_TRBJ2-5
CASSEVADYNEQFF	TRBV9	TRBJ2-1	DATYQRTRALVR	1	TRBV9_CASSEVADYNEQFF_TRBJ2-1
CSATRLAGGPTDTQYF	TRBV20-1	TRBJ2-3	DATYQRTRALVR	1	TRBV20-1_CSATRLAGGPTDTQYF_TRBJ2-3
CASSVALGNQETQYF	TRBV19	TRBJ2-5	DATYQRTRALVR	1	TRBV19_CASSVALGNQETQYF_TRBJ2-5
CSAEQGNTEAFF	TRBV20-1	TRBJ1-1	DATYQRTRALVR	1	TRBV20-1_CSAEQGNTEAFF_TRBJ1-1
CASSPGTGGNEQYF	TRBV2	TRBJ2-7	DATYQRTRALVR	1	TRBV2_CASSPGTGGNEQYF_TRBJ2-7
CASSLDLPGPEGETQYF	TRBV11-2	TRBJ2-5	DATYQRTRALVR	1	TRBV11-2_CASSLDLPGPEGETQYF_TRBJ2-5
CASSQEPSGMVSRDNEQFF	TRBV4-3	TRBJ2-1	DATYQRTRALVR	1	TRBV4-3_CASSQEPSGMVSRDNEQFF_TRBJ2-1
CSAEDGNSPLHF	TRBV20-1	TRBJ1-6	DATYQRTRALVR	1	TRBV20-1_CSAEDGNSPLHF_TRBJ1-6
CAWSPAGLAMYEQYF	TRBV30	TRBJ2-7	DATYQRTRALVR	1	TRBV30_CAWSPAGLAMYEQYF_TRBJ2-7
CASSTGTGGPSGTGELFF	TRBV28	TRBJ2-2	DATYQRTRALVR	1	TRBV28_CASSTGTGGPSGTGELFF_TRBJ2-2
CSAESGNTEAFF	TRBV20-1	TRBJ1-1	DATYQRTRALVR	1	TRBV20-1_CSAESGNTEAFF_TRBJ1-1
CASSSTAADEQFF	TRBV6-6	TRBJ2-1	DATYQRTRALVR	1	TRBV6-6_CASSSTAADEQFF_TRBJ2-1
CATSSEATGVGETQYF	TRBV15	TRBJ2-5	DATYQRTRALVR	1	TRBV15_CATSSEATGVGETQYF_TRBJ2-5
CASSSRVGDTGELFF	TRBV27	TRBJ2-2	DATYQRTRALVR	1	TRBV27_CASSSRVGDTGELFF_TRBJ2-2
CASSSPSGVYNEQFF	TRBV6-6	TRBJ2-1	DATYQRTRALVR	1	TRBV6-6_CASSSPSGVYNEQFF_TRBJ2-1
CASTPGGAGDEQYF	TRBV7-8	TRBJ2-7	DATYQRTRALVR	1	TRBV7-8_CASTPGGAGDEQYF_TRBJ2-7
CASSSGGDERYTGELFF	TRBV19	TRBJ2-2	DATYQRTRALVR	1	TRBV19_CASSSGGDERYTGELFF_TRBJ2-2
CSARDRREEKLFF	TRBV20-1	TRBJ1-4	DATYQRTRALVR	1	TRBV20-1_CSARDRREEKLFF_TRBJ1-4
CASSQVASDQETQYF	TRBV4-3	TRBJ2-5	DATYQRTRALVR	1	TRBV4-3_CASSQVASDQETQYF_TRBJ2-5
CASSDSAGELFF	TRBV7-8	TRBJ2-2	DATYQRTRALVR	2	TRBV7-8_CASSDSAGELFF_TRBJ2-2
CASNPVIGDEQYF	TRBV27	TRBJ2-7	DATYQRTRALVR	1	TRBV27_CASNPVIGDEQYF_TRBJ2-7
CASSLAGGLAGPSYEQYF	TRBV7-8	TRBJ2-7	DATYQRTRALVR	1	TRBV7-8_CASSLAGGLAGPSYEQYF_TRBJ2-7
CASSDLAGTSGTNTYEQYF	TRBV7-2	TRBJ2-7	DATYQRTRALVR	1	TRBV7-2_CASSDLAGTSGTNTYEQYF_TRBJ2-7
CASSVNPAQGSGANVLTF	TRBV9	TRBJ2-6	DATYQRTRALVR	1	TRBV9_CASSVNPAQGSGANVLTF_TRBJ2-6
CASSSIGVAGEETQYF	TRBV7-2	TRBJ2-5	DATYQRTRALVR	1	TRBV7-2_CASSSIGVAGEETQYF_TRBJ2-5
CASSQSPTGAIHEQYF	TRBV4-2	TRBJ2-7	DATYQRTRALVR	1	TRBV4-2_CASSQSPTGAIHEQYF_TRBJ2-7
CASSQVASNQETQYF	TRBV14	TRBJ2-5	DATYQRTRALVR	1	TRBV14_CASSQVASNQETQYF_TRBJ2-5
CASSSLIQANTEAFF	TRBV28	TRBJ1-1	DATYQRTRALVR	2	TRBV28_CASSSLIQANTEAFF_TRBJ1-1
CSAETGNTEQFF	TRBV20-1	TRBJ2-1	DATYQRTRALVR	1	TRBV20-1_CSAETGNTEQFF_TRBJ2-1
CASNDPPGATNNEQFF	TRBV2	TRBJ2-1	DATYQRTRALVR	1	TRBV2_CASNDPPGATNNEQFF_TRBJ2-1
CASSVELSTDTQYF	TRBV9	TRBJ2-3	DATYQRTRALVR	2	TRBV9_CASSVELSTDTQYF_TRBJ2-3
CSARDRGDEKLFF	TRBV20-1	TRBJ1-4	DATYQRTRALVR	2	TRBV20-1_CSARDRGDEKLFF_TRBJ1-4
CASSTPGDEQYF	TRBV5-4	TRBJ2-7	DATYQRTRALVR	1	TRBV5-4_CASSTPGDEQYF_TRBJ2-7
CASSESPIGDEPLHF	TRBV9	TRBJ1-6	DATYQRTRALVR	1	TRBV9_CASSESPIGDEPLHF_TRBJ1-6
CASSQVGTTLETQYF	TRBV4-2	TRBJ2-5	DATYQRTRALVR	1	TRBV4-2_CASSQVGTTLETQYF_TRBJ2-5
CASSGNEQDLQPQHF	TRBV6-1	TRBJ1-5	DATYQRTRALVR	1	TRBV6-1_CASSGNEQDLQPQHF_TRBJ1-5
CSALYPLAGPGNEQFF	TRBV20-1	TRBJ2-1	DATYQRTRALVR	1	TRBV20-1_CSALYPLAGPGNEQFF_TRBJ2-1
CASSLIFRDGEKLFF	TRBV12-4	TRBJ1-4	DATYQRTRALVR	1	TRBV12-4_CASSLIFRDGEKLFF_TRBJ1-4
CSADNVAGGPGSEQFF	TRBV20-1	TRBJ2-1	DATYQRTRALVR	1	TRBV20-1_CSADNVAGGPGSEQFF_TRBJ2-1
CSGETGNTEAFF	TRBV29-1	TRBJ1-1	DATYQRTRALVR	1	TRBV29-1_CSGETGNTEAFF_TRBJ1-1
CSASQDPYEQYF	TRBV20-1	TRBJ2-7	DATYQRTRALVR	3	TRBV20-1_CSASQDPYEQYF_TRBJ2-7
CASSASRVGEDTQYF	TRBV6-6	TRBJ2-3	DATYQRTRALVR	1	TRBV6-6_CASSASRVGEDTQYF_TRBJ2-3
CASSEPRDEQFF	TRBV6-1	TRBJ2-1	DATYQRTRALVR	1	TRBV6-1_CASSEPRDEQFF_TRBJ2-1
CASSFLGPEGEKLFF	TRBV12-4	TRBJ1-4	DATYQRTRALVR	1	TRBV12-4_CASSFLGPEGEKLFF_TRBJ1-4
CASSQEGAGADEQFF	TRBV4-2	TRBJ2-1	DATYQRTRALVR	1	TRBV4-2_CASSQEGAGADEQFF_TRBJ2-1
CASSVDLKAGEEGEQFF	TRBV9	TRBJ2-1	DATYQRTRALVR	1	TRBV9_CASSVDLKAGEEGEQFF_TRBJ2-1
CASCQGGGPSMETQYF	TRBV6-6	TRBJ2-5	DATYQRTRALVR	1	TRBV6-6_CASCQGGGPSMETQYF_TRBJ2-5
CASSAGGQVEEQYF	TRBV7-8	TRBJ2-7	DATYQRTRALVR	1	TRBV7-8_CASSAGGQVEEQYF_TRBJ2-7
CASSGNGQDLQPQHF	TRBV6-1	TRBJ1-5	DATYQRTRALVR	2	TRBV6-1_CASSGNGQDLQPQHF_TRBJ1-5
CASSHPEGDVLTF	TRBV14	TRBJ2-6	DATYQRTRALVR	1	TRBV14_CASSHPEGDVLTF_TRBJ2-6
CASSQSGGGIGNSPLHF	TRBV4-2	TRBJ1-6	DATYQRTRALVR	1	TRBV4-2_CASSQSGGGIGNSPLHF_TRBJ1-6
CASSTGTGVFEDTEAFF	TRBV12-3	TRBJ1-1	DATYQRTRALVR	1	TRBV12-3_CASSTGTGVFEDTEAFF_TRBJ1-1
CASSWTQGDEQYF	TRBV5-4	TRBJ2-7	DATYQRTRALVR	2	TRBV5-4_CASSWTQGDEQYF_TRBJ2-7
CASSYFEGQPQHF	TRBV6-2	TRBJ1-5	DATYQRTRALVR	1	TRBV6-2_CASSYFEGQPQHF_TRBJ1-5
CSARDRGREKLFF	TRBV20-1	TRBJ1-4	DATYQRTRALVR	1	TRBV20-1_CSARDRGREKLFF_TRBJ1-4
CSGSQDPYEQYF	TRBV20-1	TRBJ2-7	DATYQRTRALVR	1	TRBV20-1_CSGSQDPYEQYF_TRBJ2-7
CASSQSPGGVAFF	TRBV14	TRBJ1-1	GLCTLVAML	1	TRBV14_CASSQSPGGVAFF_TRBJ1-1
CSARDRHREWLHF	TRBV20-1	TRBJ1-2	GLCTLVAML	2	TRBV20-1_CSARDRHREWLHF_TRBJ1-2
CASSEDAGLSYNEQFF	TRBV6-1	TRBJ2-1	GLCTLVAML	1	TRBV6-1_CASSEDAGLSYNEQFF_TRBJ2-1
CASSVGNEQFF	TRBV9	TRBJ2-1	GLCTLVAML	1	TRBV9_CASSVGNEQFF_TRBJ2-1
CASSNADTPLQETQYF	TRBV2	TRBJ2-5	GLCTLVAML	1	TRBV2_CASSNADTPLQETQYF_TRBJ2-5
CASSPLIGTPPGEQFF	TRBV6-2	TRBJ2-1	GLCTLVAML	1	TRBV6-2_CASSPLIGTPPGEQFF_TRBJ2-1
CSPGTDLYEQYF	TRBV29-1	TRBJ2-7	GLCTLVAML	1	TRBV29-1_CSPGTDLYEQYF_TRBJ2-7
CASSYWVGRRDTQYF	TRBV6-5	TRBJ2-3	GLCTLVAML	1	TRBV6-5_CASSYWVGRRDTQYF_TRBJ2-3
CSARDPYRASNQPQHF	TRBV20-1	TRBJ1-5	GLCTLVAML	1	TRBV20-1_CSARDPYRASNQPQHF_TRBJ1-5
CASSAWEGAEAFF	TRBV19	TRBJ1-1	GLCTLVAML	1	TRBV19_CASSAWEGAEAFF_TRBJ1-1
CSGTGGTNEKLFF	TRBV29-1	TRBJ1-4	GLCTLVAML	1	TRBV29-1_CSGTGGTNEKLFF_TRBJ1-4
CSARGLVESSYNEQFF	TRBV20-1	TRBJ2-1	GLCTLVAML	1	TRBV20-1_CSARGLVESSYNEQFF_TRBJ2-1
CASSGVQLLPGELFF	TRBV2	TRBJ2-2	GLCTLVAML	4	TRBV2_CASSGVQLLPGELFF_TRBJ2-2
CASSGEQLLPGELFF	TRBV2	TRBJ2-2	GLCTLVAML	1	TRBV2_CASSGEQLLPGELFF_TRBJ2-2
CASSLTLQRVGTGELFF	TRBV7-2	TRBJ2-2	GLCTLVAML	1	TRBV7-2_CASSLTLQRVGTGELFF_TRBJ2-2
CASSLAGYEQYF	TRBV5-1	TRBJ2-7	LTDEMIAQY	1	TRBV5-1_CASSLAGYEQYF_TRBJ2-7
CASSLGFPNQPQHF	TRBV27	TRBJ1-5	LTDEMIAQY	1	TRBV27_CASSLGFPNQPQHF_TRBJ1-5
CASSDDGTGIETQYF	TRBV9	TRBJ2-5	TTDPSFLGRY	1	TRBV9_CASSDDGTGIETQYF_TRBJ2-5
CASSEGITSNQPQHF	TRBV7-2	TRBJ1-5	LTDEMIAQY	1	TRBV7-2_CASSEGITSNQPQHF_TRBJ1-5
CASSQEPRDASSYNEQFF	TRBV4-2	TRBJ2-1	QYIKWPWYI	1	TRBV4-2_CASSQEPRDASSYNEQFF_TRBJ2-1
CASSNPGPWGSPLHF	TRBV6-5	TRBJ1-6	LTDEMIAQY	1	TRBV6-5_CASSNPGPWGSPLHF_TRBJ1-6
CASQGGAGYLYGYTF	TRBV2	TRBJ1-2	LTDEMIAQY	1	TRBV2_CASQGGAGYLYGYTF_TRBJ1-2
CASSLKTDSYEQYF	TRBV28	TRBJ2-7	PTDNYITTY	2	TRBV28_CASSLKTDSYEQYF_TRBJ2-7
CASSVSQGYEQFF	TRBV9	TRBJ2-1	NYNYLYRLF	1	TRBV9_CASSVSQGYEQFF_TRBJ2-1
CASSLAVNTEAFF	TRBV27	TRBJ1-1	LTDEMIAQY	1	TRBV27_CASSLAVNTEAFF_TRBJ1-1
CASSLSLGQGAPNYGYTF	TRBV5-4	TRBJ1-2	NQKLIANQF	1	TRBV5-4_CASSLSLGQGAPNYGYTF_TRBJ1-2
CAWSVTPGYNEQFF	TRBV30	TRBJ2-1	RVAGDSGFAAY	1	TRBV30_CAWSVTPGYNEQFF_TRBJ2-1
CASSLALAGIRYNEQFF	TRBV7-9	TRBJ2-1	LTDEMIAQY	1	TRBV7-9_CASSLALAGIRYNEQFF_TRBJ2-1
CASSLGLAGGASYNEQFF	TRBV5-1	TRBJ2-1	LTDEMIAQY	1	TRBV5-1_CASSLGLAGGASYNEQFF_TRBJ2-1
CASSEYRPPYEQYF	TRBV2	TRBJ2-7	NYNYLYRLF	1	TRBV2_CASSEYRPPYEQYF_TRBJ2-7
CASSITDRVHAGANVLTF	TRBV19	TRBJ2-6	LLYDANYFL	1	TRBV19_CASSITDRVHAGANVLTF_TRBJ2-6
CSAGGTGIYGSYEQYF	TRBV20-1	TRBJ2-7	YLQPRTFLL	1	TRBV20-1_CSAGGTGIYGSYEQYF_TRBJ2-7
CASSPDIEAFF	TRBV7-9	TRBJ1-1	YLQPRTFLL	9	TRBV7-9_CASSPDIEAFF_TRBJ1-1
CASTDRWAGDTQYF	TRBV27	TRBJ2-3	TTDPSFLGRY	1	TRBV27_CASTDRWAGDTQYF_TRBJ2-3
CASSFPLGGYGYTF	TRBV28	TRBJ1-2	TTDPSFLGRY	1	TRBV28_CASSFPLGGYGYTF_TRBJ1-2
CASSLDNSPLHF	TRBV28	TRBJ1-6	TTDPSFLGRY	1	TRBV28_CASSLDNSPLHF_TRBJ1-6
CASSDTQGSQPQHF	TRBV2	TRBJ1-5	LTDEMIAQY	1	TRBV2_CASSDTQGSQPQHF_TRBJ1-5
CASSLGAGGSGEQYF	TRBV12-4	TRBJ2-7	TTDPSFLGRY	1	TRBV12-4_CASSLGAGGSGEQYF_TRBJ2-7
CASSLVGGAGEQYF	TRBV7-9	TRBJ2-7	TTDPSFLGRY	1	TRBV7-9_CASSLVGGAGEQYF_TRBJ2-7
CASGPPGTGYSNQPQHF	TRBV12-5	TRBJ1-5	QYIKWPWYI	1	TRBV12-5_CASGPPGTGYSNQPQHF_TRBJ1-5
CASKQGWSNQPQHF	TRBV12-4	TRBJ1-5	TTDPSFLGRY	1	TRBV12-4_CASKQGWSNQPQHF_TRBJ1-5
CASSDRTSQETQYF	TRBV27	TRBJ2-5	TTDPSFLGRY	1	TRBV27_CASSDRTSQETQYF_TRBJ2-5
CASSQDPGRGSPLHF	TRBV4-3	TRBJ1-6	YLQPRTFLL	1	TRBV4-3_CASSQDPGRGSPLHF_TRBJ1-6
CASSGDREQFF	TRBV27	TRBJ2-1	TTDPSFLGRY	1	TRBV27_CASSGDREQFF_TRBJ2-1
CASTYSGRVGPGELFF	TRBV11-2	TRBJ2-2	NQKLIANQF	1	TRBV11-2_CASTYSGRVGPGELFF_TRBJ2-2
CASSFKTDAYEQYF	TRBV28	TRBJ2-7	PTDNYITTY	1	TRBV28_CASSFKTDAYEQYF_TRBJ2-7
CASINRAANTGELFF	TRBV19	TRBJ2-2	LTDEMIAQY	1	TRBV19_CASINRAANTGELFF_TRBJ2-2
CASSLYGSRPQHF	TRBV7-9	TRBJ1-5	ALSKGVHFV	1	TRBV7-9_CASSLYGSRPQHF_TRBJ1-5
CSARDVAGGAHYEQYF	TRBV20-1	TRBJ2-7	QYIKWPWYI	1	TRBV20-1_CSARDVAGGAHYEQYF_TRBJ2-7
CASSLDIELFF	TRBV7-9	TRBJ1-4	YLQPRTFLL	1	TRBV7-9_CASSLDIELFF_TRBJ1-4
CASSQGETQYF	TRBV4-1	TRBJ2-5	QELIRQGTDY	2	TRBV4-1_CASSQGETQYF_TRBJ2-5
CASSGGYEQYF	TRBV7-8	TRBJ2-7	YLQPRTFLL	1	TRBV7-8_CASSGGYEQYF_TRBJ2-7
CASSEAGGYEQYF	TRBV2	TRBJ2-7	NYNYLYRLF	1	TRBV2_CASSEAGGYEQYF_TRBJ2-7
CASGTGGTETQYF	TRBV28	TRBJ2-5	TTDPSFLGRY	1	TRBV28_CASGTGGTETQYF_TRBJ2-5
CAWSVGGSWVGELFF	TRBV30	TRBJ2-2	LTDEMIAQY	1	TRBV30_CAWSVGGSWVGELFF_TRBJ2-2
CASSLVETNYGYTF	TRBV6-5	TRBJ1-2	LTDEMIAQY	1	TRBV6-5_CASSLVETNYGYTF_TRBJ1-2
CASMDENTGELFF	TRBV5-1	TRBJ2-2	YLQPRTFLL	1	TRBV5-1_CASMDENTGELFF_TRBJ2-2
CASSNRGGNEQFF	TRBV19	TRBJ2-1	NQKLIANQF	1	TRBV19_CASSNRGGNEQFF_TRBJ2-1
CASSDSDGTTDTQYF	TRBV6-4	TRBJ2-3	YLQPRTFLL	1	TRBV6-4_CASSDSDGTTDTQYF_TRBJ2-3
CASDSGYTEAFF	TRBV19	TRBJ1-1	TTDPSFLGRY	1	TRBV19_CASDSGYTEAFF_TRBJ1-1
CASSLTLRGGAGELFF	TRBV11-2	TRBJ2-2	NQKLIANQF	1	TRBV11-2_CASSLTLRGGAGELFF_TRBJ2-2
CASSASNGGGETQYF	TRBV9	TRBJ2-5	TTDPSFLGRY	1	TRBV9_CASSASNGGGETQYF_TRBJ2-5
CASSQDVGQGVLYGYTF	TRBV4-1	TRBJ1-2	LTDEMIAQY	1	TRBV4-1_CASSQDVGQGVLYGYTF_TRBJ1-2
CASIVRNSLEAFF	TRBV5-6	TRBJ1-1	YLQPRTFLL	1	TRBV5-6_CASIVRNSLEAFF_TRBJ1-1
CSVHQGWPYEQYF	TRBV29-1	TRBJ2-7	LTDEMIAQY	2	TRBV29-1_CSVHQGWPYEQYF_TRBJ2-7
CSAGERNTGELFF	TRBV20-1	TRBJ2-2	YLQPRTFLL	1	TRBV20-1_CSAGERNTGELFF_TRBJ2-2
CASSRENYGYTF	TRBV19	TRBJ1-2	QELIRQGTDY	1	TRBV19_CASSRENYGYTF_TRBJ1-2
CASSLSLIYEQYF	TRBV12-3	TRBJ2-7	TTDPSFLGRY	1	TRBV12-3_CASSLSLIYEQYF_TRBJ2-7
CASSSRAGATDTQYF	TRBV27	TRBJ2-3	TTDPSFLGRY	1	TRBV27_CASSSRAGATDTQYF_TRBJ2-3
CAISGPETNQPQHF	TRBV10-3	TRBJ1-5	LTDEMIAQY	1	TRBV10-3_CAISGPETNQPQHF_TRBJ1-5
CAEQDMNTGELFF	TRBV2	TRBJ2-2	YLQPRTFLL	1	TRBV2_CAEQDMNTGELFF_TRBJ2-2
CASSQEWREFLREQFF	TRBV4-1	TRBJ2-1	TTDPSFLGRY	1	TRBV4-1_CASSQEWREFLREQFF_TRBJ2-1
CASSPGGAGLVNEQYF	TRBV9	TRBJ2-7	NQKLIANQF	2	TRBV9_CASSPGGAGLVNEQYF_TRBJ2-7
CASSWREGTDTQYF	TRBV6-5	TRBJ2-3	VYFLQSINF	1	TRBV6-5_CASSWREGTDTQYF_TRBJ2-3
CASKGGQETQYF	TRBV7-9	TRBJ2-5	TTDPSFLGRY	1	TRBV7-9_CASKGGQETQYF_TRBJ2-5
CASSLSDSYEQYF	TRBV5-8	TRBJ2-7	TTDPSFLGRY	1	TRBV5-8_CASSLSDSYEQYF_TRBJ2-7
CASSYMGEGEQFF	TRBV6-5	TRBJ2-1	TTDPSFLGRY	1	TRBV6-5_CASSYMGEGEQFF_TRBJ2-1
CASSPSGAGGGDEQFF	TRBV9	TRBJ2-1	NQKLIANQF	1	TRBV9_CASSPSGAGGGDEQFF_TRBJ2-1
CASSIATGLNQPQHF	TRBV19	TRBJ1-5	NTNSSPDDQIGYY	1	TRBV19_CASSIATGLNQPQHF_TRBJ1-5
CASRLQGAGTEAFF	TRBV28	TRBJ1-1	TTDPSFLGRY	1	TRBV28_CASRLQGAGTEAFF_TRBJ1-1
CAWGGSTGDNSPLHF	TRBV30	TRBJ1-6	TTDPSFLGRY	1	TRBV30_CAWGGSTGDNSPLHF_TRBJ1-6
CASMLRWANTGELFF	TRBV19	TRBJ2-2	LTDEMIAQY	1	TRBV19_CASMLRWANTGELFF_TRBJ2-2
CASSQGPNGYTF	TRBV4-1	TRBJ1-2	YLQPRTFLL	1	TRBV4-1_CASSQGPNGYTF_TRBJ1-2
CASRLGTGEVGELFF	TRBV25-1	TRBJ2-2	YLQPRTFLL	1	TRBV25-1_CASRLGTGEVGELFF_TRBJ2-2
CASSLYISVGSNTEAFF	TRBV28	TRBJ1-1	TTDPSFLGRY	1	TRBV28_CASSLYISVGSNTEAFF_TRBJ1-1
CASSPTSGSTDTQYF	TRBV27	TRBJ2-3	TTDPSFLGRY	1	TRBV27_CASSPTSGSTDTQYF_TRBJ2-3
CASSQGGGVNEQFF	TRBV18	TRBJ2-1	DTDFVNEFY	1	TRBV18_CASSQGGGVNEQFF_TRBJ2-1
CALGSANTGELFF	TRBV7-9	TRBJ2-2	YLQPRTFLL	1	TRBV7-9_CALGSANTGELFF_TRBJ2-2
CASSLGGGLNYGYTF	TRBV27	TRBJ1-2	TTDPSFLGRY	1	TRBV27_CASSLGGGLNYGYTF_TRBJ1-2
CASSLGGPGTGYEQYF	TRBV27	TRBJ2-7	LTDEMIAQY	1	TRBV27_CASSLGGPGTGYEQYF_TRBJ2-7
CASSQKAAQGVSSYEQYF	TRBV3-1	TRBJ2-7	YLQPRTFLL	1	TRBV3-1_CASSQKAAQGVSSYEQYF_TRBJ2-7
CASSLPTGETQYF	TRBV5-6	TRBJ2-5	TTDPSFLGRY	1	TRBV5-6_CASSLPTGETQYF_TRBJ2-5
CASSLAHQTYEQYF	TRBV5-6	TRBJ2-7	LTDEMIAQY	1	TRBV5-6_CASSLAHQTYEQYF_TRBJ2-7
CASSFGDRGREKLFF	TRBV7-2	TRBJ1-4	YLQPRTFLL	1	TRBV7-2_CASSFGDRGREKLFF_TRBJ1-4
CSATKDRGYTEAFF	TRBV20-1	TRBJ1-1	NQKLIANQF	1	TRBV20-1_CSATKDRGYTEAFF_TRBJ1-1
CSVHQGFPYEQYF	TRBV29-1	TRBJ2-7	LTDEMIAQY	1	TRBV29-1_CSVHQGFPYEQYF_TRBJ2-7
CASSLVGYEQYF	TRBV13	TRBJ2-7	FTSDYYQLY	1	TRBV13_CASSLVGYEQYF_TRBJ2-7
CASSISGFDGYTF	TRBV19	TRBJ1-2	YLQPRTFLL	1	TRBV19_CASSISGFDGYTF_TRBJ1-2
CASSHGGPGGLNEQFF	TRBV4-3	TRBJ2-1	YLQPRTFLL	1	TRBV4-3_CASSHGGPGGLNEQFF_TRBJ2-1
CASTIQANYGYTF	TRBV19	TRBJ1-2	VYFLQSINF	1	TRBV19_CASTIQANYGYTF_TRBJ1-2
CASSRNRYTDTQYF	TRBV7-7	TRBJ2-3	YLQPRTFLL	1	TRBV7-7_CASSRNRYTDTQYF_TRBJ2-3
CASNFGLPFGNEQFF	TRBV27	TRBJ2-1	LTDEMIAQY	1	TRBV27_CASNFGLPFGNEQFF_TRBJ2-1
CASSFEDTNYGYTF	TRBV7-2	TRBJ1-2	NQKLIANQF	2	TRBV7-2_CASSFEDTNYGYTF_TRBJ1-2
CASSWTSGSHEQYF	TRBV28	TRBJ2-7	TTDPSFLGRY	1	TRBV28_CASSWTSGSHEQYF_TRBJ2-7
CASSSDISAFF	TRBV7-9	TRBJ1-1	YLQPRTFLL	1	TRBV7-9_CASSSDISAFF_TRBJ1-1
CASSSDLGGGTDTQYF	TRBV13	TRBJ2-3	TTDPSFLGRY	1	TRBV13_CASSSDLGGGTDTQYF_TRBJ2-3
CASTETNTGELFF	TRBV5-1	TRBJ2-2	YLQPRTFLL	1	TRBV5-1_CASTETNTGELFF_TRBJ2-2
CASSTLAEETQYF	TRBV27	TRBJ2-5	QYIKWPWYI	1	TRBV27_CASSTLAEETQYF_TRBJ2-5
CSARDLGAQNTGELFF	TRBV20-1	TRBJ2-2	YLQPRTFLL	1	TRBV20-1_CSARDLGAQNTGELFF_TRBJ2-2
CASSKLVANTGELFF	TRBV7-6	TRBJ2-2	LTDEMIAQY	1	TRBV7-6_CASSKLVANTGELFF_TRBJ2-2
CASSPNPTYEQYF	TRBV7-2	TRBJ2-7	NYNYLYRLF	1	TRBV7-2_CASSPNPTYEQYF_TRBJ2-7
CASRGGVGANNEQFF	TRBV28	TRBJ2-1	LTDEMIAQY	1	TRBV28_CASRGGVGANNEQFF_TRBJ2-1
CASRRKIYEQYF	TRBV28	TRBJ2-7	YLQPRTFLL	1	TRBV28_CASRRKIYEQYF_TRBJ2-7
CASSEQNTGELFF	TRBV9	TRBJ2-2	YLQPRTFLL	1	TRBV9_CASSEQNTGELFF_TRBJ2-2
CASSVIQGAAGELFF	TRBV19	TRBJ2-2	LTDEMIAQY	1	TRBV19_CASSVIQGAAGELFF_TRBJ2-2
CASSQEDRWVIGELFF	TRBV14	TRBJ2-2	TTDPSFLGRY	1	TRBV14_CASSQEDRWVIGELFF_TRBJ2-2
CASSDANTGELFF	TRBV7-9	TRBJ2-2	YLQPRTFLL	1	TRBV7-9_CASSDANTGELFF_TRBJ2-2
CASTDGGFGYTF	TRBV6-5	TRBJ1-2	TTDPSFLGRY	1	TRBV6-5_CASTDGGFGYTF_TRBJ1-2
CASSQSGLAGIFSYNEQFF	TRBV4-1	TRBJ2-1	QYIKWPWYI	1	TRBV4-1_CASSQSGLAGIFSYNEQFF_TRBJ2-1
CASSPTHSTDTQYF	TRBV27	TRBJ2-3	TTDPSFLGRY	1	TRBV27_CASSPTHSTDTQYF_TRBJ2-3
CSANTYDEVQETQYF	TRBV20-1	TRBJ2-5	FTSDYYQLY	1	TRBV20-1_CSANTYDEVQETQYF_TRBJ2-5
CSARGDRGEGYEQYF	TRBV20-1	TRBJ2-7	LTDEMIAQY	1	TRBV20-1_CSARGDRGEGYEQYF_TRBJ2-7
CASSPGRMSSRYEQYF	TRBV3-1	TRBJ2-7	TTDPSFLGRY	1	TRBV3-1_CASSPGRMSSRYEQYF_TRBJ2-7
CASSLDIEAFF	TRBV7-9	TRBJ1-1	YLQPRTFLL	5	TRBV7-9_CASSLDIEAFF_TRBJ1-1
CSVRGPYGAYEQYF	TRBV29-1	TRBJ2-7	FTSDYYQLY	1	TRBV29-1_CSVRGPYGAYEQYF_TRBJ2-7
CASSYSNRYPGGYTF	TRBV6-5	TRBJ1-2	NQKLIANQF	1	TRBV6-5_CASSYSNRYPGGYTF_TRBJ1-2
CASSQRTDSYEQYF	TRBV28	TRBJ2-7	PTDNYITTY	1	TRBV28_CASSQRTDSYEQYF_TRBJ2-7
CASSMRSGSDEQYF	TRBV27	TRBJ2-7	TTDPSFLGRY	1	TRBV27_CASSMRSGSDEQYF_TRBJ2-7
CASHPGTGTSSYNSPLHF	TRBV19	TRBJ1-6	LTDEMIAQY	1	TRBV19_CASHPGTGTSSYNSPLHF_TRBJ1-6
CASTDSDTQYF	TRBV6-5	TRBJ2-3	TTDPSFLGRY	1	TRBV6-5_CASTDSDTQYF_TRBJ2-3
CASSLILAGLNQPQHF	TRBV7-8	TRBJ1-5	TTDPSFLGRY	1	TRBV7-8_CASSLILAGLNQPQHF_TRBJ1-5
CASSLGAGTYEQYF	TRBV7-8	TRBJ2-7	LTDEMIAQY	1	TRBV7-8_CASSLGAGTYEQYF_TRBJ2-7
CASSPGFPEQFF	TRBV6-2	TRBJ2-1	TTDPSFLGRY	1	TRBV6-2_CASSPGFPEQFF_TRBJ2-1
CASSQDHYEQYF	TRBV4-3	TRBJ2-7	LLYDANYFL	1	TRBV4-3_CASSQDHYEQYF_TRBJ2-7
CASSFAAGSYNEQFF	TRBV11-2	TRBJ2-1	TTDPSFLGRY	1	TRBV11-2_CASSFAAGSYNEQFF_TRBJ2-1
CATKPDTNTEAFF	TRBV10-3	TRBJ1-1	NTNSSPDDQIGYY	1	TRBV10-3_CATKPDTNTEAFF_TRBJ1-1
CASSLVPQGPNYGYTF	TRBV27	TRBJ1-2	LTDEMIAQY	1	TRBV27_CASSLVPQGPNYGYTF_TRBJ1-2
CSVVVISADTQYF	TRBV29-1	TRBJ2-3	TTDPSFLGRY	1	TRBV29-1_CSVVVISADTQYF_TRBJ2-3
CATGLGFDYGYTF	TRBV19	TRBJ1-2	LTDEMIAQY	1	TRBV19_CATGLGFDYGYTF_TRBJ1-2
CASSYPRRSSSYNEQFF	TRBV28	TRBJ2-1	TTDPSFLGRY	1	TRBV28_CASSYPRRSSSYNEQFF_TRBJ2-1
CASSRGAGHSDGYTF	TRBV13	TRBJ1-2	LTDEMIAQY	1	TRBV13_CASSRGAGHSDGYTF_TRBJ1-2
CASSTSSPQETQYF	TRBV27	TRBJ2-5	TTDPSFLGRY	1	TRBV27_CASSTSSPQETQYF_TRBJ2-5
CASSTGGRGEQFF	TRBV7-3	TRBJ2-1	LTDEMIAQY	1	TRBV7-3_CASSTGGRGEQFF_TRBJ2-1
CSARVLTSGETYEQYF	TRBV20-1	TRBJ2-7	YLQPRTFLL	1	TRBV20-1_CSARVLTSGETYEQYF_TRBJ2-7
CASSFFSPPDRFIYVYEQYF	TRBV28	TRBJ2-7	NQKLIANQF	1	TRBV28_CASSFFSPPDRFIYVYEQYF_TRBJ2-7
CARGDRNTGELFF	TRBV6-1	TRBJ2-2	YLQPRTFLL	1	TRBV6-1_CARGDRNTGELFF_TRBJ2-2
CASSHPSEGSRKKYEQYF	TRBV4-2	TRBJ2-7	YLQPRTFLL	1	TRBV4-2_CASSHPSEGSRKKYEQYF_TRBJ2-7
CASSYLMTGNEQYF	TRBV6-6	TRBJ2-7	FTSDYYQLY	1	TRBV6-6_CASSYLMTGNEQYF_TRBJ2-7
CASSPQGVTQYF	TRBV6-5	TRBJ2-5	TTDPSFLGRY	1	TRBV6-5_CASSPQGVTQYF_TRBJ2-5
CASSFAVNTEAFF	TRBV27	TRBJ1-1	LTDEMIAQY	1	TRBV27_CASSFAVNTEAFF_TRBJ1-1
CASSVKPDSPAEAFF	TRBV6-4	TRBJ1-1	YLQPRTFLL	1	TRBV6-4_CASSVKPDSPAEAFF_TRBJ1-1
CSARDAGLAGLEQFF	TRBV20-1	TRBJ2-1	QYIKWPWYI	1	TRBV20-1_CSARDAGLAGLEQFF_TRBJ2-1
CASSSRAASTDTQYF	TRBV27	TRBJ2-3	TTDPSFLGRY	1	TRBV27_CASSSRAASTDTQYF_TRBJ2-3
CASSQDLADRGYTF	TRBV4-1	TRBJ1-2	NYNYLYRLF	1	TRBV4-1_CASSQDLADRGYTF_TRBJ1-2
CASSPRDHQETQYF	TRBV27	TRBJ2-5	TTDPSFLGRY	1	TRBV27_CASSPRDHQETQYF_TRBJ2-5
CASSLIRDITYEQYF	TRBV27	TRBJ2-7	VYIGDPAQL	1	TRBV27_CASSLIRDITYEQYF_TRBJ2-7
CASSLSPFSADYEQYF	TRBV27	TRBJ2-7	NQKLIANQF	1	TRBV27_CASSLSPFSADYEQYF_TRBJ2-7
CASSVGLAGVYSYNEQFF	TRBV5-1	TRBJ2-1	LTDEMIAQY	1	TRBV5-1_CASSVGLAGVYSYNEQFF_TRBJ2-1
CASGSTEQYF	TRBV27	TRBJ2-7	VYFLQSINF	1	TRBV27_CASGSTEQYF_TRBJ2-7
CASSAGDSDGYTF	TRBV9	TRBJ1-2	TTDPSFLGRY	1	TRBV9_CASSAGDSDGYTF_TRBJ1-2
CASRTAGNEQYF	TRBV27	TRBJ2-7	TTDPSFLGRY	1	TRBV27_CASRTAGNEQYF_TRBJ2-7
CATSDLGPTGELFF	TRBV24-1	TRBJ2-2	TTDPSFLGRY	1	TRBV24-1_CATSDLGPTGELFF_TRBJ2-2
CAIGTGPMNTEAFF	TRBV7-9	TRBJ1-1	TTDPSFLGRY	1	TRBV7-9_CAIGTGPMNTEAFF_TRBJ1-1
CASDLLNRASYEQYF	TRBV7-9	TRBJ2-7	TTDPSFLGRY	1	TRBV7-9_CASDLLNRASYEQYF_TRBJ2-7
CASSHSMGYEQYF	TRBV4-1	TRBJ2-7	NYNYLYRLF	1	TRBV4-1_CASSHSMGYEQYF_TRBJ2-7
CASSAFRGEGEKLFF	TRBV28	TRBJ1-4	TTDPSFLGRY	1	TRBV28_CASSAFRGEGEKLFF_TRBJ1-4
CALSDQNTGELFF	TRBV7-8	TRBJ2-2	YLQPRTFLL	1	TRBV7-8_CALSDQNTGELFF_TRBJ2-2
CSGEEGPLGETQYF	TRBV29-1	TRBJ2-5	QYIKWPWYI	1	TRBV29-1_CSGEEGPLGETQYF_TRBJ2-5
CAINKESDSYEQYF	TRBV28	TRBJ2-7	PTDNYITTY	1	TRBV28_CAINKESDSYEQYF_TRBJ2-7
CASSQTGGLQSHEQFF	TRBV4-1	TRBJ2-1	FTSDYYQLY	1	TRBV4-1_CASSQTGGLQSHEQFF_TRBJ2-1
CASSLRTDSYEQYF	TRBV28	TRBJ2-7	PTDNYITTY	1	TRBV28_CASSLRTDSYEQYF_TRBJ2-7
CASSHFVLGPRGGETQYF	TRBV27	TRBJ2-5	LTDEMIAQY	1	TRBV27_CASSHFVLGPRGGETQYF_TRBJ2-5
CASSYGQGITFF	TRBV27	TRBJ1-1	TTDPSFLGRY	1	TRBV27_CASSYGQGITFF_TRBJ1-1
CASSTRATNEKLFF	TRBV27	TRBJ1-4	TTDPSFLGRY	1	TRBV27_CASSTRATNEKLFF_TRBJ1-4
CASSDSGFGYGYTF	TRBV10-1	TRBJ1-2	LTDEMIAQY	1	TRBV10-1_CASSDSGFGYGYTF_TRBJ1-2
CASSLALAGRNYNEQFF	TRBV7-9	TRBJ2-1	LTDEMIAQY	1	TRBV7-9_CASSLALAGRNYNEQFF_TRBJ2-1
CASSEFRSPYEQYF	TRBV2	TRBJ2-7	NYNYLYRLF	1	TRBV2_CASSEFRSPYEQYF_TRBJ2-7
CASSLNRGQETQYF	TRBV4-2	TRBJ2-5	FTSDYYQLY	1	TRBV4-2_CASSLNRGQETQYF_TRBJ2-5
CASSLDSSYEQYF	TRBV6-5	TRBJ2-7	TTDPSFLGRY	1	TRBV6-5_CASSLDSSYEQYF_TRBJ2-7
CATRGEGAQYSPLHF	TRBV6-5	TRBJ1-6	LTDEMIAQY	1	TRBV6-5_CATRGEGAQYSPLHF_TRBJ1-6
CASSVTGQGRETQYF	TRBV9	TRBJ2-5	NQKLIANQF	1	TRBV9_CASSVTGQGRETQYF_TRBJ2-5
CASSLTGGGYTF	TRBV12-4	TRBJ1-2	NQKLIANQF	1	TRBV12-4_CASSLTGGGYTF_TRBJ1-2
CASSERTGYEAFF	TRBV6-1	TRBJ1-1	NYNYLYRLF	1	TRBV6-1_CASSERTGYEAFF_TRBJ1-1
CASSTGGVGYEQYF	TRBV27	TRBJ2-7	NQKLIANQF	1	TRBV27_CASSTGGVGYEQYF_TRBJ2-7
CASSADIEAFF	TRBV7-9	TRBJ1-1	YLQPRTFLL	1	TRBV7-9_CASSADIEAFF_TRBJ1-1
CASSQGGSADTQYF	TRBV3-1	TRBJ2-3	NQKLIANQF	1	TRBV3-1_CASSQGGSADTQYF_TRBJ2-3
CSVEVSDYEQYF	TRBV29-1	TRBJ2-7	NQKLIANQF	1	TRBV29-1_CSVEVSDYEQYF_TRBJ2-7
CASRDEGRGRYGANVLTF	TRBV7-9	TRBJ2-6	LTDEMIAQY	1	TRBV7-9_CASRDEGRGRYGANVLTF_TRBJ2-6
CASSSDPSSDYEQYF	TRBV12-4	TRBJ2-7	TTDPSFLGRY	1	TRBV12-4_CASSSDPSSDYEQYF_TRBJ2-7
CASSPVGWDTEAFF	TRBV4-3	TRBJ1-1	LTDEMIAQY	1	TRBV4-3_CASSPVGWDTEAFF_TRBJ1-1
CASSRDIEAFF	TRBV7-9	TRBJ1-1	YLQPRTFLL	1	TRBV7-9_CASSRDIEAFF_TRBJ1-1
CASGLGIGQNIQYF	TRBV12-5	TRBJ2-4	NQKLIANQF	1	TRBV12-5_CASGLGIGQNIQYF_TRBJ2-4
CASSLVSPGFGTEAFF	TRBV5-1	TRBJ1-1	YLQPRTFLL	1	TRBV5-1_CASSLVSPGFGTEAFF_TRBJ1-1
CATSAASGRAYNEQFF	TRBV24-1	TRBJ2-1	TTDPSFLGRY	1	TRBV24-1_CATSAASGRAYNEQFF_TRBJ2-1
CASSLDIEQYF	TRBV7-9	TRBJ2-7	YLQPRTFLL	2	TRBV7-9_CASSLDIEQYF_TRBJ2-7
CASSLTAPTDTQYF	TRBV13	TRBJ2-3	TTDPSFLGRY	1	TRBV13_CASSLTAPTDTQYF_TRBJ2-3
CASSPGPETGELFF	TRBV2	TRBJ2-2	TTDPSFLGRY	1	TRBV2_CASSPGPETGELFF_TRBJ2-2
CASSLTQGLNTEAFF	TRBV28	TRBJ1-1	TTDPSFLGRY	1	TRBV28_CASSLTQGLNTEAFF_TRBJ1-1
CASSGLAGTAGETQYF	TRBV5-6	TRBJ2-5	TTDPSFLGRY	1	TRBV5-6_CASSGLAGTAGETQYF_TRBJ2-5
CASSLTGTSNQPQHF	TRBV4-1	TRBJ1-5	TTDPSFLGRY	1	TRBV4-1_CASSLTGTSNQPQHF_TRBJ1-5
CASSLWLNNEQFF	TRBV5-5	TRBJ2-1	ALSKGVHFV	1	TRBV5-5_CASSLWLNNEQFF_TRBJ2-1
CASQILNTGELFF	TRBV19	TRBJ2-2	YLQPRTFLL	1	TRBV19_CASQILNTGELFF_TRBJ2-2
CASSLSAGLDEQFF	TRBV27	TRBJ2-1	TTDPSFLGRY	2	TRBV27_CASSLSAGLDEQFF_TRBJ2-1
CASSQGGDDTEAFF	TRBV4-1	TRBJ1-1	LTDEMIAQY	1	TRBV4-1_CASSQGGDDTEAFF_TRBJ1-1
CSVGTGWPYEQYF	TRBV29-1	TRBJ2-7	LTDEMIAQY	2	TRBV29-1_CSVGTGWPYEQYF_TRBJ2-7
CASREGRAYNEQFF	TRBV6-6	TRBJ2-1	LTDEMIAQY	1	TRBV6-6_CASREGRAYNEQFF_TRBJ2-1
CASGLADTDTQYF	TRBV12-5	TRBJ2-3	TTDPSFLGRY	1	TRBV12-5_CASGLADTDTQYF_TRBJ2-3
CASSQAQAGNTIYF	TRBV4-1	TRBJ1-3	YLQPRTFLL	1	TRBV4-1_CASSQAQAGNTIYF_TRBJ1-3
CASSWGGANNEQFF	TRBV27	TRBJ2-1	VYFLQSINF	1	TRBV27_CASSWGGANNEQFF_TRBJ2-1
CASTLNLGQGAPHYGYTF	TRBV5-4	TRBJ1-2	NQKLIANQF	1	TRBV5-4_CASTLNLGQGAPHYGYTF_TRBJ1-2
CASSPDIEQYF	TRBV7-9	TRBJ2-7	YLQPRTFLL	4	TRBV7-9_CASSPDIEQYF_TRBJ2-7
CASSLGIGTQPQHF	TRBV27	TRBJ1-5	LTDEMIAQY	1	TRBV27_CASSLGIGTQPQHF_TRBJ1-5
CASSMGAISEAFF	TRBV19	TRBJ1-1	YLQPRTFLL	1	TRBV19_CASSMGAISEAFF_TRBJ1-1
CSVEGVLADYNEQFF	TRBV29-1	TRBJ2-1	FTSDYYQLY	1	TRBV29-1_CSVEGVLADYNEQFF_TRBJ2-1
CSAYDRGVSSNQPQHF	TRBV20-1	TRBJ1-5	YLQPRTFLL	1	TRBV20-1_CSAYDRGVSSNQPQHF_TRBJ1-5
CASSLRSGQDEQFF	TRBV27	TRBJ2-1	TTDPSFLGRY	1	TRBV27_CASSLRSGQDEQFF_TRBJ2-1
CASSSRQGPKEYGYTF	TRBV7-6	TRBJ1-2	LTDEMIAQY	2	TRBV7-6_CASSSRQGPKEYGYTF_TRBJ1-2
CSARDRTSGTYEQYF	TRBV20-1	TRBJ2-7	TTDPSFLGRY	1	TRBV20-1_CSARDRTSGTYEQYF_TRBJ2-7
CASTGQNNEQFF	TRBV4-1	TRBJ2-1	VYFLQSINF	1	TRBV4-1_CASTGQNNEQFF_TRBJ2-1
CAWQVMNTGELFF	TRBV30	TRBJ2-2	YLQPRTFLL	1	TRBV30_CAWQVMNTGELFF_TRBJ2-2
CAWRHFDTEAFF	TRBV30	TRBJ1-1	QELIRQGTDY	1	TRBV30_CAWRHFDTEAFF_TRBJ1-1
CASSYSTTGRYEQFF	TRBV6-5	TRBJ2-1	TTDPSFLGRY	1	TRBV6-5_CASSYSTTGRYEQFF_TRBJ2-1
CATQDGNTGELFF	TRBV15	TRBJ2-2	YLQPRTFLL	2	TRBV15_CATQDGNTGELFF_TRBJ2-2
CASLNRAANTGELFF	TRBV19	TRBJ2-2	LTDEMIAQY	1	TRBV19_CASLNRAANTGELFF_TRBJ2-2
CASSLVGTSGRPAGDEQFF	TRBV5-1	TRBJ2-1	YLQPRTFLL	1	TRBV5-1_CASSLVGTSGRPAGDEQFF_TRBJ2-1
CASYSGTVNSPLHF	TRBV2	TRBJ1-6	TTDPSFLGRY	1	TRBV2_CASYSGTVNSPLHF_TRBJ1-6
CASPDANTGELFF	TRBV2	TRBJ2-2	YLQPRTFLL	1	TRBV2_CASPDANTGELFF_TRBJ2-2
CASRPPGADTEAFF	TRBV7-9	TRBJ1-1	TTDPSFLGRY	1	TRBV7-9_CASRPPGADTEAFF_TRBJ1-1
CASGEANTGELFF	TRBV12-3	TRBJ2-2	YLQPRTFLL	1	TRBV12-3_CASGEANTGELFF_TRBJ2-2
CASSWDRFNEQFF	TRBV5-1	TRBJ2-1	YLQPRTFLL	1	TRBV5-1_CASSWDRFNEQFF_TRBJ2-1
CASGDENTGELFF	TRBV5-1	TRBJ2-2	YLQPRTFLL	1	TRBV5-1_CASGDENTGELFF_TRBJ2-2
CASSAGDYGYTF	TRBV9	TRBJ1-2	TTDPSFLGRY	1	TRBV9_CASSAGDYGYTF_TRBJ1-2
CASSSRHSGEKLFF	TRBV27	TRBJ1-4	LTDEMIAQY	1	TRBV27_CASSSRHSGEKLFF_TRBJ1-4
CSARDPAGVGVDEQYF	TRBV20-1	TRBJ2-7	FTSDYYQLY	1	TRBV20-1_CSARDPAGVGVDEQYF_TRBJ2-7
CASSTRDSNQPQHF	TRBV19	TRBJ1-5	YLQPRTFLL	1	TRBV19_CASSTRDSNQPQHF_TRBJ1-5
CARRGDRAEQYF	TRBV2	TRBJ2-7	LTDEMIAQY	1	TRBV2_CARRGDRAEQYF_TRBJ2-7
CASSPHPSDTQYF	TRBV6-6	TRBJ2-3	YLQPRTFLL	1	TRBV6-6_CASSPHPSDTQYF_TRBJ2-3
CASSPQVISGSTDTQYF	TRBV4-1	TRBJ2-3	LTDEMIAQY	1	TRBV4-1_CASSPQVISGSTDTQYF_TRBJ2-3
CASSGPLAGRRTDTQYF	TRBV13	TRBJ2-3	LTDEMIAQY	1	TRBV13_CASSGPLAGRRTDTQYF_TRBJ2-3
CSARDYLTSGRGGTYEQYF	TRBV20-1	TRBJ2-7	NQKLIANQF	1	TRBV20-1_CSARDYLTSGRGGTYEQYF_TRBJ2-7
CASRQAGDEQYF	TRBV13	TRBJ2-7	TTDPSFLGRY	1	TRBV13_CASRQAGDEQYF_TRBJ2-7
CASSPEDTQYF	TRBV7-9	TRBJ2-3	YLQPRTFLL	2	TRBV7-9_CASSPEDTQYF_TRBJ2-3
CASSEQGGYEQYF	TRBV5-5	TRBJ2-7	NYNYLYRLF	1	TRBV5-5_CASSEQGGYEQYF_TRBJ2-7
CAMTTQSSYEQYF	TRBV2	TRBJ2-7	TTDPSFLGRY	1	TRBV2_CAMTTQSSYEQYF_TRBJ2-7
CSASASGRIAFF	TRBV20-1	TRBJ1-1	YLQPRTFLL	1	TRBV20-1_CSASASGRIAFF_TRBJ1-1
CASSLDSPYEQYF	TRBV27	TRBJ2-7	TTDPSFLGRY	2	TRBV27_CASSLDSPYEQYF_TRBJ2-7
CASSLRQGADTQYF	TRBV12-4	TRBJ2-3	TTDPSFLGRY	1	TRBV12-4_CASSLRQGADTQYF_TRBJ2-3
CASSSRQGWYF	TRBV5-6	TRBJ2-7	NTNSSPDDQIGYY	1	TRBV5-6_CASSSRQGWYF_TRBJ2-7
CASSTLSVSGYTF	TRBV19	TRBJ1-2	NQKLIANQF	1	TRBV19_CASSTLSVSGYTF_TRBJ1-2
CASRTDGLAGYNEQFF	TRBV12-4	TRBJ2-1	YLQPRTFLL	1	TRBV12-4_CASRTDGLAGYNEQFF_TRBJ2-1
CASSLEDTYYGYTF	TRBV7-2	TRBJ1-2	NQKLIANQF	1	TRBV7-2_CASSLEDTYYGYTF_TRBJ1-2
CASSGTVTSSSTDTQYF	TRBV2	TRBJ2-3	LTDEMIAQY	2	TRBV2_CASSGTVTSSSTDTQYF_TRBJ2-3
CASSIPASGTLEQFF	TRBV19	TRBJ2-1	TTDPSFLGRY	1	TRBV19_CASSIPASGTLEQFF_TRBJ2-1
CAFGQQNTGELFF	TRBV30	TRBJ2-2	YLQPRTFLL	1	TRBV30_CAFGQQNTGELFF_TRBJ2-2
CASSLLPEQETQYF	TRBV28	TRBJ2-5	TTDPSFLGRY	1	TRBV28_CASSLLPEQETQYF_TRBJ2-5
CASSLGGEGKTQYF	TRBV5-6	TRBJ2-5	YLQPRTFLL	1	TRBV5-6_CASSLGGEGKTQYF_TRBJ2-5
CASSDRAPSSDTQYF	TRBV27	TRBJ2-3	TTDPSFLGRY	1	TRBV27_CASSDRAPSSDTQYF_TRBJ2-3
CASSHGGDWDQPQHF	TRBV3-1	TRBJ1-5	FTSDYYQLY	1	TRBV3-1_CASSHGGDWDQPQHF_TRBJ1-5
CATQGMNTGELFF	TRBV2	TRBJ2-2	YLQPRTFLL	1	TRBV2_CATQGMNTGELFF_TRBJ2-2
CASSEESSRYYGYTF	TRBV2	TRBJ1-2	NQKLIANQF	1	TRBV2_CASSEESSRYYGYTF_TRBJ1-2
CASWTDSQGETQYF	TRBV2	TRBJ2-5	TTDPSFLGRY	1	TRBV2_CASWTDSQGETQYF_TRBJ2-5
CASRYGGQGDSEQFF	TRBV6-2	TRBJ2-1	YLQPRTFLL	1	TRBV6-2_CASRYGGQGDSEQFF_TRBJ2-1
CASSLGGTEAFF	TRBV11-2	TRBJ1-1	LLYDANYFL	3	TRBV11-2_CASSLGGTEAFF_TRBJ1-1
CASSLLGEPGEAFF	TRBV5-4	TRBJ1-1	YLQPRTFLL	1	TRBV5-4_CASSLLGEPGEAFF_TRBJ1-1
CASSSSGTATYEQYF	TRBV7-9	TRBJ2-7	NQKLIANQF	1	TRBV7-9_CASSSSGTATYEQYF_TRBJ2-7
CASSKEAGGPSGELFF	TRBV5-4	TRBJ2-2	LTDEMIAQY	1	TRBV5-4_CASSKEAGGPSGELFF_TRBJ2-2
CASTRGAEGGSYNSPLHF	TRBV25-1	TRBJ1-6	TTDPSFLGRY	1	TRBV25-1_CASTRGAEGGSYNSPLHF_TRBJ1-6
CASSLEWLGTTWDEQFF	TRBV28	TRBJ2-1	TTDPSFLGRY	1	TRBV28_CASSLEWLGTTWDEQFF_TRBJ2-1
CASSFLAGGLKYNEQFF	TRBV27	TRBJ2-1	NQKLIANQF	1	TRBV27_CASSFLAGGLKYNEQFF_TRBJ2-1
CASSIESGQLWELFF	TRBV19	TRBJ2-2	TTDPSFLGRY	1	TRBV19_CASSIESGQLWELFF_TRBJ2-2
CASQGLNTGELFF	TRBV15	TRBJ2-2	YLQPRTFLL	1	TRBV15_CASQGLNTGELFF_TRBJ2-2
CASSDRAGTDTQYF	TRBV27	TRBJ2-3	TTDPSFLGRY	1	TRBV27_CASSDRAGTDTQYF_TRBJ2-3
CATQDTNTGELFF	TRBV3-1	TRBJ2-2	YLQPRTFLL	1	TRBV3-1_CATQDTNTGELFF_TRBJ2-2
CSGGTGGFYNEQFF	TRBV20-1	TRBJ2-1	TTDPSFLGRY	2	TRBV20-1_CSGGTGGFYNEQFF_TRBJ2-1
CSVGKGWPYEQYF	TRBV29-1	TRBJ2-7	LTDEMIAQY	1	TRBV29-1_CSVGKGWPYEQYF_TRBJ2-7
CSVEAGYGYTF	TRBV29-1	TRBJ1-2	FTSDYYQLY	1	TRBV29-1_CSVEAGYGYTF_TRBJ1-2
CASRGPNSNQPQHF	TRBV27	TRBJ1-5	RVAGDSGFAAY	1	TRBV27_CASRGPNSNQPQHF_TRBJ1-5
CASSVEIQDEQYF	TRBV25-1	TRBJ2-7	NQKLIANQF	1	TRBV25-1_CASSVEIQDEQYF_TRBJ2-7
CASSLQREYPYEQYF	TRBV27	TRBJ2-7	TTDPSFLGRY	1	TRBV27_CASSLQREYPYEQYF_TRBJ2-7
CASSLGGSSTDTQYF	TRBV7-3	TRBJ2-3	FTSDYYQLY	2	TRBV7-3_CASSLGGSSTDTQYF_TRBJ2-3
CASSGGNTIYF	TRBV28	TRBJ1-3	LTDEMIAQY	1	TRBV28_CASSGGNTIYF_TRBJ1-3
CASSQEGQQWGRDGYTF	TRBV4-2	TRBJ1-2	TTDPSFLGRY	1	TRBV4-2_CASSQEGQQWGRDGYTF_TRBJ1-2
CASSEDHRVTGNTIYF	TRBV5-4	TRBJ1-3	TTDPSFLGRY	1	TRBV5-4_CASSEDHRVTGNTIYF_TRBJ1-3
CASSPSTGKVSTEAFF	TRBV12-4	TRBJ1-1	LTDEMIAQY	1	TRBV12-4_CASSPSTGKVSTEAFF_TRBJ1-1
CASSLSSQNNEKLFF	TRBV7-2	TRBJ1-4	NQKLIANQF	1	TRBV7-2_CASSLSSQNNEKLFF_TRBJ1-4
CSVEPSGSYEQYF	TRBV29-1	TRBJ2-7	VYFLQSINF	1	TRBV29-1_CSVEPSGSYEQYF_TRBJ2-7
CASSYSLQPNQPQHF	TRBV6-2	TRBJ1-5	RVAGDSGFAAY	1	TRBV6-2_CASSYSLQPNQPQHF_TRBJ1-5
CASSLEIEQYF	TRBV7-9	TRBJ2-7	YLQPRTFLL	1	TRBV7-9_CASSLEIEQYF_TRBJ2-7
CAGQDSNTGELFF	TRBV19	TRBJ2-2	YLQPRTFLL	1	TRBV19_CAGQDSNTGELFF_TRBJ2-2
CASSSRGRTSSYEQYF	TRBV7-8	TRBJ2-7	TTDPSFLGRY	1	TRBV7-8_CASSSRGRTSSYEQYF_TRBJ2-7
CASALAQAYEQYF	TRBV27	TRBJ2-7	TTDPSFLGRY	1	TRBV27_CASALAQAYEQYF_TRBJ2-7
CASSFGGTGPLGDTQYF	TRBV5-6	TRBJ2-3	VYFLQSINF	1	TRBV5-6_CASSFGGTGPLGDTQYF_TRBJ2-3
CASSPSGSLEQYF	TRBV7-9	TRBJ2-7	TTDPSFLGRY	1	TRBV7-9_CASSPSGSLEQYF_TRBJ2-7
CASNEQNSNEQFF	TRBV7-9	TRBJ2-1	YLQPRTFLL	1	TRBV7-9_CASNEQNSNEQFF_TRBJ2-1
CASSPWTGQGYGYTF	TRBV5-1	TRBJ1-2	FTSDYYQLY	1	TRBV5-1_CASSPWTGQGYGYTF_TRBJ1-2
CASSQTGTLYNEQFF	TRBV27	TRBJ2-1	TTDPSFLGRY	1	TRBV27_CASSQTGTLYNEQFF_TRBJ2-1
CASSTQSTVNIQYF	TRBV13	TRBJ2-4	ALSKGVHFV	1	TRBV13_CASSTQSTVNIQYF_TRBJ2-4
CASSLASGQGPYEQYF	TRBV5-6	TRBJ2-7	TTDPSFLGRY	1	TRBV5-6_CASSLASGQGPYEQYF_TRBJ2-7
CASSGTSGSTDTQYF	TRBV6-4	TRBJ2-3	NQKLIANQF	1	TRBV6-4_CASSGTSGSTDTQYF_TRBJ2-3
CASTGPGGLAAGEQYF	TRBV27	TRBJ2-7	LTDEMIAQY	1	TRBV27_CASTGPGGLAAGEQYF_TRBJ2-7
CSASDRRDEQFF	TRBV20-1	TRBJ2-1	YLQPRTFLL	1	TRBV20-1_CSASDRRDEQFF_TRBJ2-1
CASSVVLTSGPTDTQYF	TRBV9	TRBJ2-3	LTDEMIAQY	1	TRBV9_CASSVVLTSGPTDTQYF_TRBJ2-3
CASSLGGTEAFF	TRBV11-3	TRBJ1-1	LLYDANYFL	2	TRBV11-3_CASSLGGTEAFF_TRBJ1-1
CASRTPAGANTEAFF	TRBV2	TRBJ1-1	NQKLIANQF	1	TRBV2_CASRTPAGANTEAFF_TRBJ1-1
CASTEGNTGELFF	TRBV12-3	TRBJ2-2	YLQPRTFLL	1	TRBV12-3_CASTEGNTGELFF_TRBJ2-2
CASSLVPGHNEQFF	TRBV27	TRBJ2-1	TTDPSFLGRY	1	TRBV27_CASSLVPGHNEQFF_TRBJ2-1
CASSQADRGGPNTGELFF	TRBV4-2	TRBJ2-2	NQKLIANQF	1	TRBV4-2_CASSQADRGGPNTGELFF_TRBJ2-2
CASSPGTSGGSSYNEQFF	TRBV11-2	TRBJ2-1	NQKLIANQF	1	TRBV11-2_CASSPGTSGGSSYNEQFF_TRBJ2-1
CASSPRDRVNTGELFF	TRBV9	TRBJ2-2	LTDEMIAQY	1	TRBV9_CASSPRDRVNTGELFF_TRBJ2-2
CASSETGGYEQYF	TRBV6-4	TRBJ2-7	NYNYLYRLF	1	TRBV6-4_CASSETGGYEQYF_TRBJ2-7
CASSEGQGYEQYF	TRBV5-1	TRBJ2-7	NYNYLYRLF	1	TRBV5-1_CASSEGQGYEQYF_TRBJ2-7
CASSQGQGPPYEQYF	TRBV14	TRBJ2-7	TTDPSFLGRY	1	TRBV14_CASSQGQGPPYEQYF_TRBJ2-7
CASSLLTSGGLRETQYF	TRBV12-4	TRBJ2-5	FTSDYYQLY	1	TRBV12-4_CASSLLTSGGLRETQYF_TRBJ2-5
CASSLGLNEQFF	TRBV27	TRBJ2-1	TTDPSFLGRY	1	TRBV27_CASSLGLNEQFF_TRBJ2-1
CASSQENRLAGISEQFF	TRBV4-3	TRBJ2-1	NQKLIANQF	1	TRBV4-3_CASSQENRLAGISEQFF_TRBJ2-1
CASSEALSGGSETQYF	TRBV6-1	TRBJ2-5	AEVQIDRLI	1	TRBV6-1_CASSEALSGGSETQYF_TRBJ2-5
CSARDGVAHNTGELFF	TRBV20-1	TRBJ2-2	YLQPRTFLL	1	TRBV20-1_CSARDGVAHNTGELFF_TRBJ2-2
CASSGSPGTGDYGYTF	TRBV6-1	TRBJ1-2	YLQPRTFLL	1	TRBV6-1_CASSGSPGTGDYGYTF_TRBJ1-2
CASSEIISGNYGYTF	TRBV28	TRBJ1-2	TTDPSFLGRY	1	TRBV28_CASSEIISGNYGYTF_TRBJ1-2
CASSETGGYEQYF	TRBV6-1	TRBJ2-7	NYNYLYRLF	3	TRBV6-1_CASSETGGYEQYF_TRBJ2-7
CASGDTNTGELFF	TRBV5-1	TRBJ2-2	YLQPRTFLL	1	TRBV5-1_CASGDTNTGELFF_TRBJ2-2
CASSLSAPKPFYNSPLHF	TRBV5-6	TRBJ1-6	TTDPSFLGRY	1	TRBV5-6_CASSLSAPKPFYNSPLHF_TRBJ1-6
CASRDTGELFF	TRBV9	TRBJ2-2	VYFLQSINF	1	TRBV9_CASRDTGELFF_TRBJ2-2
CSARDPRTGSSYEQYF	TRBV20-1	TRBJ2-7	TTDPSFLGRY	1	TRBV20-1_CSARDPRTGSSYEQYF_TRBJ2-7
CASSLGRGSNTQYF	TRBV7-7	TRBJ2-3	TTDPSFLGRY	1	TRBV7-7_CASSLGRGSNTQYF_TRBJ2-3
CAWSTGGTWTGELFF	TRBV30	TRBJ2-2	LTDEMIAQY	1	TRBV30_CAWSTGGTWTGELFF_TRBJ2-2
CSAENYRLAGITDTQYF	TRBV20-1	TRBJ2-3	NQKLIANQF	1	TRBV20-1_CSAENYRLAGITDTQYF_TRBJ2-3
CASSFTGRRETQYF	TRBV7-9	TRBJ2-5	LTDEMIAQY	1	TRBV7-9_CASSFTGRRETQYF_TRBJ2-5
CATSLRTDSYEQYF	TRBV15	TRBJ2-7	FTSDYYQLY	1	TRBV15_CATSLRTDSYEQYF_TRBJ2-7
CASSLGGSSTDTQYF	TRBV7-2	TRBJ2-3	FTSDYYQLY	1	TRBV7-2_CASSLGGSSTDTQYF_TRBJ2-3
CASRSSPTQGTLTEAFF	TRBV6-5	TRBJ1-1	RVAGDSGFAAY	1	TRBV6-5_CASRSSPTQGTLTEAFF_TRBJ1-1
CASSLQGVSYEQYF	TRBV28	TRBJ2-7	TTDPSFLGRY	1	TRBV28_CASSLQGVSYEQYF_TRBJ2-7
CASSEAPIGNTIYF	TRBV10-2	TRBJ1-3	LTDEMIAQY	1	TRBV10-2_CASSEAPIGNTIYF_TRBJ1-3
CASWTDDNQPQHF	TRBV2	TRBJ1-5	TTDPSFLGRY	1	TRBV2_CASWTDDNQPQHF_TRBJ1-5
CASSRPPGPSGSIFYNEQFF	TRBV28	TRBJ2-1	FTSDYYQLY	1	TRBV28_CASSRPPGPSGSIFYNEQFF_TRBJ2-1
CSVEEAGSYEQYF	TRBV29-1	TRBJ2-7	TTDPSFLGRY	1	TRBV29-1_CSVEEAGSYEQYF_TRBJ2-7
CASSPNQGLTQYEQYF	TRBV5-6	TRBJ2-7	TTDPSFLGRY	1	TRBV5-6_CASSPNQGLTQYEQYF_TRBJ2-7
CASSSLNTEAFF	TRBV27	TRBJ1-1	TTDPSFLGRY	3	TRBV27_CASSSLNTEAFF_TRBJ1-1
CASSFPGYPSGANVLTF	TRBV7-9	TRBJ2-6	RVAGDSGFAAY	1	TRBV7-9_CASSFPGYPSGANVLTF_TRBJ2-6
CASSLGQAYEQYF	TRBV7-8	TRBJ2-7	TTDPSFLGRY	12	TRBV7-8_CASSLGQAYEQYF_TRBJ2-7
CASSPEIKAFF	TRBV7-9	TRBJ1-1	YLQPRTFLL	1	TRBV7-9_CASSPEIKAFF_TRBJ1-1
CASSLGVGRAYEQYF	TRBV7-2	TRBJ2-7	NQKLIANQF	1	TRBV7-2_CASSLGVGRAYEQYF_TRBJ2-7
CASSFENTGELFF	TRBV28	TRBJ2-2	TTDPSFLGRY	3	TRBV28_CASSFENTGELFF_TRBJ2-2
CASQRGGREETQYF	TRBV7-6	TRBJ2-5	YLQPRTFLL	1	TRBV7-6_CASQRGGREETQYF_TRBJ2-5
CASSLPAASSYNEQFF	TRBV7-3	TRBJ2-1	NQKLIANQF	1	TRBV7-3_CASSLPAASSYNEQFF_TRBJ2-1
CAWTRDRNTGELFF	TRBV30	TRBJ2-2	YLQPRTFLL	1	TRBV30_CAWTRDRNTGELFF_TRBJ2-2
CASSLSGYNEQFF	TRBV27	TRBJ2-1	TTDPSFLGRY	1	TRBV27_CASSLSGYNEQFF_TRBJ2-1
CASSDLKGSTDTQYF	TRBV2	TRBJ2-3	YLQPRTFLL	1	TRBV2_CASSDLKGSTDTQYF_TRBJ2-3
CASSFGDQPQHF	TRBV28	TRBJ1-5	TTDPSFLGRY	1	TRBV28_CASSFGDQPQHF_TRBJ1-5
CASSLSLSQGSFGYTF	TRBV7-8	TRBJ1-2	YLQPRTFLL	1	TRBV7-8_CASSLSLSQGSFGYTF_TRBJ1-2
CAWDRDHNTGELFF	TRBV30	TRBJ2-2	YLQPRTFLL	1	TRBV30_CAWDRDHNTGELFF_TRBJ2-2
CASRGRQGRWSSGANVLTF	TRBV2	TRBJ2-6	YLQPRTFLL	1	TRBV2_CASRGRQGRWSSGANVLTF_TRBJ2-6
CASSLAGGIVDEQFF	TRBV28	TRBJ2-1	TTDPSFLGRY	1	TRBV28_CASSLAGGIVDEQFF_TRBJ2-1
CASSPGIPNYGYTF	TRBV27	TRBJ1-2	LTDEMIAQY	1	TRBV27_CASSPGIPNYGYTF_TRBJ1-2
CASSLTDSTDTQYF	TRBV27	TRBJ2-3	TTDPSFLGRY	1	TRBV27_CASSLTDSTDTQYF_TRBJ2-3
CASSLGDRGYQPQHF	TRBV11-2	TRBJ1-5	RVAGDSGFAAY	1	TRBV11-2_CASSLGDRGYQPQHF_TRBJ1-5
CASSVYELSLPGAAQYF	TRBV9	TRBJ2-5	TTDPSFLGRY	1	TRBV9_CASSVYELSLPGAAQYF_TRBJ2-5
CSVRLAGGSGETQYF	TRBV29-1	TRBJ2-5	TTDPSFLGRY	1	TRBV29-1_CSVRLAGGSGETQYF_TRBJ2-5
CATSPHQEGRTEAFF	TRBV15	TRBJ1-1	LTDEMIAQY	2	TRBV15_CATSPHQEGRTEAFF_TRBJ1-1
CASSGGLGTDYEQYF	TRBV6-5	TRBJ2-7	VYFLQSINF	1	TRBV6-5_CASSGGLGTDYEQYF_TRBJ2-7
CASSTRTEGTEAFF	TRBV4-1	TRBJ1-1	YLQPRTFLL	1	TRBV4-1_CASSTRTEGTEAFF_TRBJ1-1
CASTSGGTQHF	TRBV19	TRBJ1-5	TTDPSFLGRY	1	TRBV19_CASTSGGTQHF_TRBJ1-5
CASSPTVSNTGELFF	TRBV19	TRBJ2-2	LTDEMIAQY	1	TRBV19_CASSPTVSNTGELFF_TRBJ2-2
CASGPGRGDINEQFF	TRBV7-9	TRBJ2-1	NQKLIANQF	1	TRBV7-9_CASGPGRGDINEQFF_TRBJ2-1
CATGQSNTGELFF	TRBV28	TRBJ2-2	TTDPSFLGRY	1	TRBV28_CATGQSNTGELFF_TRBJ2-2
CASSEQVTGDNEQFF	TRBV10-2	TRBJ2-1	YLQPRTFLL	1	TRBV10-2_CASSEQVTGDNEQFF_TRBJ2-1
CAWGLAGGPIEQFF	TRBV30	TRBJ2-1	LTDEMIAQY	1	TRBV30_CAWGLAGGPIEQFF_TRBJ2-1
CASGDSPLHF	TRBV27	TRBJ1-6	TTDPSFLGRY	1	TRBV27_CASGDSPLHF_TRBJ1-6
CASSLGGSNTDTQYF	TRBV7-3	TRBJ2-3	FTSDYYQLY	2	TRBV7-3_CASSLGGSNTDTQYF_TRBJ2-3
CASSSVDNQPQHF	TRBV27	TRBJ1-5	LLYDANYFL	1	TRBV27_CASSSVDNQPQHF_TRBJ1-5
CASGFDAGQGSYEQYF	TRBV28	TRBJ2-7	TTDPSFLGRY	1	TRBV28_CASGFDAGQGSYEQYF_TRBJ2-7
CSAIDRVDVYEQYF	TRBV20-1	TRBJ2-7	PTDNYITTY	1	TRBV20-1_CSAIDRVDVYEQYF_TRBJ2-7
CAWEDRNTGELFF	TRBV30	TRBJ2-2	YLQPRTFLL	1	TRBV30_CAWEDRNTGELFF_TRBJ2-2
CSVEQGTYEQYF	TRBV29-1	TRBJ2-7	TTDPSFLGRY	1	TRBV29-1_CSVEQGTYEQYF_TRBJ2-7
CASSWTSGSYEQYF	TRBV28	TRBJ2-7	TTDPSFLGRY	3	TRBV28_CASSWTSGSYEQYF_TRBJ2-7
CASSSAALLSYEQYF	TRBV27	TRBJ2-7	YLQPRTFLL	1	TRBV27_CASSSAALLSYEQYF_TRBJ2-7
CASSQTAGYEQYF	TRBV4-1	TRBJ2-7	NYNYLYRLF	1	TRBV4-1_CASSQTAGYEQYF_TRBJ2-7
CASIDDSLENYGYTF	TRBV2	TRBJ1-2	TTDPSFLGRY	1	TRBV2_CASIDDSLENYGYTF_TRBJ1-2
CASSLPGARSGANVLTF	TRBV5-6	TRBJ2-6	LTDEMIAQY	1	TRBV5-6_CASSLPGARSGANVLTF_TRBJ2-6
CASSAPDRGNTEAFF	TRBV19	TRBJ1-1	YLQPRTFLL	1	TRBV19_CASSAPDRGNTEAFF_TRBJ1-1
CSALPSTEANYGYTF	TRBV20-1	TRBJ1-2	QELIRQGTDY	1	TRBV20-1_CSALPSTEANYGYTF_TRBJ1-2
CASSGEGGPWGSLQFF	TRBV2	TRBJ2-1	TTDPSFLGRY	1	TRBV2_CASSGEGGPWGSLQFF_TRBJ2-1
CASTDDIEAFF	TRBV7-9	TRBJ1-1	YLQPRTFLL	1	TRBV7-9_CASTDDIEAFF_TRBJ1-1
CSARDRELAGIEQFF	TRBV20-1	TRBJ2-1	QYIKWPWYI	1	TRBV20-1_CSARDRELAGIEQFF_TRBJ2-1
CSAYYRTDYYGYTF	TRBV20-1	TRBJ1-2	PTDNYITTY	1	TRBV20-1_CSAYYRTDYYGYTF_TRBJ1-2
CASSLILMGTSGGEQFF	TRBV7-3	TRBJ2-1	TTDPSFLGRY	1	TRBV7-3_CASSLILMGTSGGEQFF_TRBJ2-1
CASSQYRETSDTQYF	TRBV4-1	TRBJ2-3	TTDPSFLGRY	2	TRBV4-1_CASSQYRETSDTQYF_TRBJ2-3
CASSSTSRDYGYTF	TRBV19	TRBJ1-2	NQKLIANQF	1	TRBV19_CASSSTSRDYGYTF_TRBJ1-2
CASSLSSPQETQYF	TRBV27	TRBJ2-5	TTDPSFLGRY	1	TRBV27_CASSLSSPQETQYF_TRBJ2-5
CASSEATGYEQYF	TRBV6-1	TRBJ2-7	NYNYLYRLF	1	TRBV6-1_CASSEATGYEQYF_TRBJ2-7
CASSPRTATYEQYF	TRBV7-8	TRBJ2-7	YLQPRTFLL	1	TRBV7-8_CASSPRTATYEQYF_TRBJ2-7
CATLGTSGHNEQFF	TRBV15	TRBJ2-1	YLQPRTFLL	1	TRBV15_CATLGTSGHNEQFF_TRBJ2-1
CASRETGRAAGNTIYF	TRBV14	TRBJ1-3	TTDPSFLGRY	1	TRBV14_CASRETGRAAGNTIYF_TRBJ1-3
CASSQLGGYEQYF	TRBV4-3	TRBJ2-7	NYNYLYRLF	1	TRBV4-3_CASSQLGGYEQYF_TRBJ2-7
CASSFKTDSYEQYF	TRBV28	TRBJ2-7	PTDNYITTY	1	TRBV28_CASSFKTDSYEQYF_TRBJ2-7
CASSVGAGELFF	TRBV9	TRBJ2-2	ALSKGVHFV	1	TRBV9_CASSVGAGELFF_TRBJ2-2
CASSYGNQPQHF	TRBV7-9	TRBJ1-5	YLQPRTFLL	1	TRBV7-9_CASSYGNQPQHF_TRBJ1-5
CAWTNPISSDRGLGNTIYF	TRBV30	TRBJ1-3	YLQPRTFLL	1	TRBV30_CAWTNPISSDRGLGNTIYF_TRBJ1-3
CASSEGEGYEQYF	TRBV6-4	TRBJ2-7	NYNYLYRLF	1	TRBV6-4_CASSEGEGYEQYF_TRBJ2-7
CASSLGGQGDGSPLHF	TRBV11-2	TRBJ1-6	FTSDYYQLY	1	TRBV11-2_CASSLGGQGDGSPLHF_TRBJ1-6
CASSPLLAGGKNIQYF	TRBV12-3	TRBJ2-4	NQKLIANQF	1	TRBV12-3_CASSPLLAGGKNIQYF_TRBJ2-4
CASSLDGYTGELFF	TRBV27	TRBJ2-2	TTDPSFLGRY	1	TRBV27_CASSLDGYTGELFF_TRBJ2-2
CASSLAQGYEQYF	TRBV12-3	TRBJ2-7	NYNYLYRLF	1	TRBV12-3_CASSLAQGYEQYF_TRBJ2-7
CASREETGIRFYEQYF	TRBV2	TRBJ2-7	YLQPRTFLL	1	TRBV2_CASREETGIRFYEQYF_TRBJ2-7
CSARDGGTDTQYF	TRBV20-1	TRBJ2-3	YLQPRTFLL	1	TRBV20-1_CSARDGGTDTQYF_TRBJ2-3
CASSLEDTNYGYTF	TRBV7-2	TRBJ1-2	NQKLIANQF	2	TRBV7-2_CASSLEDTNYGYTF_TRBJ1-2
CASSLSGLGETQYF	TRBV27	TRBJ2-5	TTDPSFLGRY	1	TRBV27_CASSLSGLGETQYF_TRBJ2-5
CSANRAGKNIQYF	TRBV20-1	TRBJ2-4	YLQPRTFLL	1	TRBV20-1_CSANRAGKNIQYF_TRBJ2-4
CASSFNRANTEAFF	TRBV12-4	TRBJ1-1	VYFLQSINF	1	TRBV12-4_CASSFNRANTEAFF_TRBJ1-1
CASRLRGDSYEQYF	TRBV6-2	TRBJ2-7	FTSDYYQLY	1	TRBV6-2_CASRLRGDSYEQYF_TRBJ2-7
CASLRQNSGEQFF	TRBV10-2	TRBJ2-1	YLQPRTFLL	1	TRBV10-2_CASLRQNSGEQFF_TRBJ2-1
CASSSSAESSYNEQFF	TRBV7-6	TRBJ2-1	TTDPSFLGRY	1	TRBV7-6_CASSSSAESSYNEQFF_TRBJ2-1
CASSESSGGFFNEQFF	TRBV2	TRBJ2-1	YLQPRTFLL	1	TRBV2_CASSESSGGFFNEQFF_TRBJ2-1
CASSEFPGPSDGYTF	TRBV6-1	TRBJ1-2	YLQPRTFLL	1	TRBV6-1_CASSEFPGPSDGYTF_TRBJ1-2
CASSEAQGPQHF	TRBV6-1	TRBJ1-5	LTDEMIAQY	1	TRBV6-1_CASSEAQGPQHF_TRBJ1-5
CASSPDRGREKLFF	TRBV7-6	TRBJ1-4	NQKLIANQF	1	TRBV7-6_CASSPDRGREKLFF_TRBJ1-4
CASSRTSAKLGEQYF	TRBV28	TRBJ2-7	YLQPRTFLL	1	TRBV28_CASSRTSAKLGEQYF_TRBJ2-7
CASNPGHSNQPQHF	TRBV6-5	TRBJ1-5	TTDPSFLGRY	1	TRBV6-5_CASNPGHSNQPQHF_TRBJ1-5
CASRQGTLYGYTF	TRBV12-4	TRBJ1-2	NQKLIANQF	1	TRBV12-4_CASRQGTLYGYTF_TRBJ1-2
CASSRLADGRNEQFF	TRBV6-6	TRBJ2-1	YLQPRTFLL	1	TRBV6-6_CASSRLADGRNEQFF_TRBJ2-1
CASSFFSWGTDNEQFF	TRBV11-2	TRBJ2-1	QYIKWPWYI	1	TRBV11-2_CASSFFSWGTDNEQFF_TRBJ2-1
CASSFQNGPSPQATQYF	TRBV12-4	TRBJ2-3	PTDNYITTY	1	TRBV12-4_CASSFQNGPSPQATQYF_TRBJ2-3
CASSVSYGYTF	TRBV25-1	TRBJ1-2	TTDPSFLGRY	1	TRBV25-1_CASSVSYGYTF_TRBJ1-2
CASNEENTGELFF	TRBV5-1	TRBJ2-2	YLQPRTFLL	2	TRBV5-1_CASNEENTGELFF_TRBJ2-2
CASSLSSPFWEQFF	TRBV27	TRBJ2-1	TTDPSFLGRY	1	TRBV27_CASSLSSPFWEQFF_TRBJ2-1
CASSETGGYEQYF	TRBV4-1	TRBJ2-7	NYNYLYRLF	1	TRBV4-1_CASSETGGYEQYF_TRBJ2-7
CASSLRDSGDTQYF	TRBV27	TRBJ2-3	TTDPSFLGRY	1	TRBV27_CASSLRDSGDTQYF_TRBJ2-3
CASSQQNQPQHF	TRBV5-1	TRBJ1-5	TTDPSFLGRY	1	TRBV5-1_CASSQQNQPQHF_TRBJ1-5
CASSSIYGTSYEQYF	TRBV12-4	TRBJ2-7	YLQPRTFLL	1	TRBV12-4_CASSSIYGTSYEQYF_TRBJ2-7
CASRHFREVNTEAFF	TRBV3-1	TRBJ1-1	YLQPRTFLL	1	TRBV3-1_CASRHFREVNTEAFF_TRBJ1-1
CASDDPNTGELFF	TRBV7-9	TRBJ2-2	YLQPRTFLL	1	TRBV7-9_CASDDPNTGELFF_TRBJ2-2
CASSAEANTEAFF	TRBV10-2	TRBJ1-1	ALSKGVHFV	1	TRBV10-2_CASSAEANTEAFF_TRBJ1-1
CSVRGRTHNEQFF	TRBV29-1	TRBJ2-1	TTDPSFLGRY	1	TRBV29-1_CSVRGRTHNEQFF_TRBJ2-1
CASSRPEGEQYF	TRBV10-2	TRBJ2-7	TTDPSFLGRY	1	TRBV10-2_CASSRPEGEQYF_TRBJ2-7
CASGGTNTGELFF	TRBV2	TRBJ2-2	YLQPRTFLL	2	TRBV2_CASGGTNTGELFF_TRBJ2-2
CASSLYGGYEQYF	TRBV7-3	TRBJ2-7	YLQPRTFLL	1	TRBV7-3_CASSLYGGYEQYF_TRBJ2-7
CAISEQGGNTEAFF	TRBV10-3	TRBJ1-1	FTSDYYQLY	1	TRBV10-3_CAISEQGGNTEAFF_TRBJ1-1
CASSLGEYTDTQYF	TRBV5-5	TRBJ2-3	NQKLIANQF	1	TRBV5-5_CASSLGEYTDTQYF_TRBJ2-3
CASSYLQGTQETQYF	TRBV6-5	TRBJ2-5	LTDEMIAQY	1	TRBV6-5_CASSYLQGTQETQYF_TRBJ2-5
CASSPVAGGNTGELFF	TRBV13	TRBJ2-2	YLQPRTFLL	1	TRBV13_CASSPVAGGNTGELFF_TRBJ2-2
CASSPNQGPDTGELFF	TRBV12-4	TRBJ2-2	VYFLQSINF	1	TRBV12-4_CASSPNQGPDTGELFF_TRBJ2-2
CASSLGGGSTDTQYF	TRBV7-2	TRBJ2-3	FTSDYYQLY	1	TRBV7-2_CASSLGGGSTDTQYF_TRBJ2-3
CASSFQRSDTQYF	TRBV5-6	TRBJ2-3	NQKLIANQF	1	TRBV5-6_CASSFQRSDTQYF_TRBJ2-3
CASSMAENTEAFF	TRBV19	TRBJ1-1	VYFLQSINF	1	TRBV19_CASSMAENTEAFF_TRBJ1-1
CASSQGSGNEQFF	TRBV5-6	TRBJ2-1	QYIKWPWYI	1	TRBV5-6_CASSQGSGNEQFF_TRBJ2-1
CASSLTSGTEAFF	TRBV5-4	TRBJ1-1	LLYDANYFL	1	TRBV5-4_CASSLTSGTEAFF_TRBJ1-1
CASVNPTGAKNIQYF	TRBV6-6	TRBJ2-4	LTDEMIAQY	1	TRBV6-6_CASVNPTGAKNIQYF_TRBJ2-4
CASGQGFYEQYF	TRBV27	TRBJ2-7	TTDPSFLGRY	1	TRBV27_CASGQGFYEQYF_TRBJ2-7
CASSLRGGQDSGNTIYF	TRBV7-9	TRBJ1-3	NQKLIANQF	1	TRBV7-9_CASSLRGGQDSGNTIYF_TRBJ1-3
CASSSLNTEAFF	TRBV27	TRBJ1-1	VENPHLMGWD	3	TRBV27_CASSSLNTEAFF_TRBJ1-1
CASSLLDRGFQPQHF	TRBV7-2	TRBJ1-5	RVAGDSGFAAY	1	TRBV7-2_CASSLLDRGFQPQHF_TRBJ1-5
CASSLSSGGTYNEQFF	TRBV27	TRBJ2-1	VYFLQSINF	1	TRBV27_CASSLSSGGTYNEQFF_TRBJ2-1
CASSQVNRGFYNEQFF	TRBV14	TRBJ2-1	RVAGDSGFAAY	1	TRBV14_CASSQVNRGFYNEQFF_TRBJ2-1
CASSSTPNRGLAVGQYF	TRBV27	TRBJ2-7	YLQPRTFLL	1	TRBV27_CASSSTPNRGLAVGQYF_TRBJ2-7
CASATGGGNTEAFF	TRBV18	TRBJ1-1	DTDFVNEFY	1	TRBV18_CASATGGGNTEAFF_TRBJ1-1
CSASLGGITSSTDTQYF	TRBV20-1	TRBJ2-3	YLQPRTFLL	1	TRBV20-1_CSASLGGITSSTDTQYF_TRBJ2-3
CASEEGYSNQPQHF	TRBV6-6	TRBJ1-5	TTDPSFLGRY	1	TRBV6-6_CASEEGYSNQPQHF_TRBJ1-5
CASSQAVGSPLHF	TRBV4-3	TRBJ1-6	VYFLQSINF	1	TRBV4-3_CASSQAVGSPLHF_TRBJ1-6
CSAHRDQNTGELFF	TRBV20-1	TRBJ2-2	YLQPRTFLL	1	TRBV20-1_CSAHRDQNTGELFF_TRBJ2-2
CASQDRNTGELFF	TRBV2	TRBJ2-2	YLQPRTFLL	1	TRBV2_CASQDRNTGELFF_TRBJ2-2
CASSPKTGRHQETQYF	TRBV27	TRBJ2-5	TTDPSFLGRY	1	TRBV27_CASSPKTGRHQETQYF_TRBJ2-5
CASSKTPAEATGELFF	TRBV4-1	TRBJ2-2	NTNSSPDDQIGYY	1	TRBV4-1_CASSKTPAEATGELFF_TRBJ2-2
CASSPDIDKQYF	TRBV19	TRBJ2-7	PTDNYITTY	1	TRBV19_CASSPDIDKQYF_TRBJ2-7
CASSESQGYEQYF	TRBV6-4	TRBJ2-7	NYNYLYRLF	1	TRBV6-4_CASSESQGYEQYF_TRBJ2-7
CASSYQDTRGLSPGELFF	TRBV6-5	TRBJ2-2	FTSDYYQLY	1	TRBV6-5_CASSYQDTRGLSPGELFF_TRBJ2-2
CASSEAANQPQHF	TRBV27	TRBJ1-5	LTDEMIAQY	1	TRBV27_CASSEAANQPQHF_TRBJ1-5
CASSYRGSSLSSYEQYF	TRBV5-5	TRBJ2-7	TTDPSFLGRY	1	TRBV5-5_CASSYRGSSLSSYEQYF_TRBJ2-7
CASSFNVNTEAFF	TRBV11-2	TRBJ1-1	VYFLQSINF	1	TRBV11-2_CASSFNVNTEAFF_TRBJ1-1
CASSLAGNEQYF	TRBV7-9	TRBJ2-7	TTDPSFLGRY	1	TRBV7-9_CASSLAGNEQYF_TRBJ2-7
CASSSTTGLTREQYF	TRBV7-8	TRBJ2-7	RVAGDSGFAAY	1	TRBV7-8_CASSSTTGLTREQYF_TRBJ2-7
CASSSGTGAPEQYF	TRBV5-6	TRBJ2-7	AEVQIDRLI	1	TRBV5-6_CASSSGTGAPEQYF_TRBJ2-7
CAISESVRNSNQPQHF	TRBV10-3	TRBJ1-5	YLQPRTFLL	1	TRBV10-3_CAISESVRNSNQPQHF_TRBJ1-5
CASTTEENRPYEQYF	TRBV7-9	TRBJ2-7	LTDEMIAQY	1	TRBV7-9_CASTTEENRPYEQYF_TRBJ2-7
CASSHDGYQPQHF	TRBV27	TRBJ1-5	TTDPSFLGRY	1	TRBV27_CASSHDGYQPQHF_TRBJ1-5
CASSEWGATEAFF	TRBV2	TRBJ1-1	TTDPSFLGRY	1	TRBV2_CASSEWGATEAFF_TRBJ1-1
CATQDQNTGELFF	TRBV19	TRBJ2-2	YLQPRTFLL	1	TRBV19_CATQDQNTGELFF_TRBJ2-2
CAIRERQFCRYF	TRBV10-3	TRBJ2-7	TTDPSFLGRY	1	TRBV10-3_CAIRERQFCRYF_TRBJ2-7
CASQELDTGELFF	TRBV2	TRBJ2-2	YLQPRTFLL	1	TRBV2_CASQELDTGELFF_TRBJ2-2
CASSPGSYSNQPQHF	TRBV9	TRBJ1-5	NQKLIANQF	1	TRBV9_CASSPGSYSNQPQHF_TRBJ1-5
CASSWGGSSTDTQYF	TRBV7-3	TRBJ2-3	FTSDYYQLY	1	TRBV7-3_CASSWGGSSTDTQYF_TRBJ2-3
CASRSSLGAYEEQYF	TRBV11-2	TRBJ2-7	RVAGDSGFAAY	1	TRBV11-2_CASRSSLGAYEEQYF_TRBJ2-7
CASSFTSSYNEQFF	TRBV28	TRBJ2-1	NQKLIANQF	1	TRBV28_CASSFTSSYNEQFF_TRBJ2-1
CASSPSARSSYEQYF	TRBV19	TRBJ2-7	VYFLQSINF	1	TRBV19_CASSPSARSSYEQYF_TRBJ2-7
CACAGFLHHTGELFF	TRBV30	TRBJ2-2	TTDPSFLGRY	1	TRBV30_CACAGFLHHTGELFF_TRBJ2-2
CASSHRNTLEAFF	TRBV4-3	TRBJ1-1	YLQPRTFLL	2	TRBV4-3_CASSHRNTLEAFF_TRBJ1-1
CASSYSRPTGHTEAFF	TRBV6-2	TRBJ1-1	LTDEMIAQY	1	TRBV6-2_CASSYSRPTGHTEAFF_TRBJ1-1
CASSQEDAGFSYNEQFF	TRBV14	TRBJ2-1	TTDPSFLGRY	1	TRBV14_CASSQEDAGFSYNEQFF_TRBJ2-1
CASSHDIEAFF	TRBV7-9	TRBJ1-1	YLQPRTFLL	1	TRBV7-9_CASSHDIEAFF_TRBJ1-1
CASSYPWDSQSSYNEQFF	TRBV6-6	TRBJ2-1	YLQPRTFLL	1	TRBV6-6_CASSYPWDSQSSYNEQFF_TRBJ2-1
CASSFTPGGQETQYF	TRBV5-6	TRBJ2-5	TTDPSFLGRY	1	TRBV5-6_CASSFTPGGQETQYF_TRBJ2-5
CASSLTGFGEQFF	TRBV3-1	TRBJ2-1	PTDNYITTY	1	TRBV3-1_CASSLTGFGEQFF_TRBJ2-1
CASSLASNQPQHF	TRBV27	TRBJ1-5	LTDEMIAQY	1	TRBV27_CASSLASNQPQHF_TRBJ1-5
CATDSSSYEQYF	TRBV7-9	TRBJ2-7	TTDPSFLGRY	1	TRBV7-9_CATDSSSYEQYF_TRBJ2-7
CASSSRGPHGDEQFF	TRBV27	TRBJ2-1	TTDPSFLGRY	1	TRBV27_CASSSRGPHGDEQFF_TRBJ2-1
CASSPRSGFDEQYF	TRBV27	TRBJ2-7	TTDPSFLGRY	1	TRBV27_CASSPRSGFDEQYF_TRBJ2-7
CAWSVGQGAREQYF	TRBV30	TRBJ2-7	LTDEMIAQY	1	TRBV30_CAWSVGQGAREQYF_TRBJ2-7
CASSFRDGGDTQYF	TRBV27	TRBJ2-3	TTDPSFLGRY	1	TRBV27_CASSFRDGGDTQYF_TRBJ2-3
CASSGTFGTSGNTDTQYF	TRBV19	TRBJ2-3	RVAGDSGFAAY	1	TRBV19_CASSGTFGTSGNTDTQYF_TRBJ2-3
CASSLIGGSSGNTIYF	TRBV2	TRBJ1-3	QYIKWPWYI	1	TRBV2_CASSLIGGSSGNTIYF_TRBJ1-3
CATQSDPNTGELFF	TRBV2	TRBJ2-2	YLQPRTFLL	1	TRBV2_CATQSDPNTGELFF_TRBJ2-2
CASSGGGGPDTQYF	TRBV12-4	TRBJ2-3	PTDNYITTY	1	TRBV12-4_CASSGGGGPDTQYF_TRBJ2-3
CASRQILYNEQFF	TRBV2	TRBJ2-1	VYIGDPAQL	1	TRBV2_CASRQILYNEQFF_TRBJ2-1
CATTEQGSLIEQYF	TRBV6-1	TRBJ2-7	LTDEMIAQY	1	TRBV6-1_CATTEQGSLIEQYF_TRBJ2-7
CASSQSGDSSYPQHF	TRBV4-1	TRBJ1-5	QELIRQGTDY	1	TRBV4-1_CASSQSGDSSYPQHF_TRBJ1-5
CASSQDRVTGKYTF	TRBV4-1	TRBJ1-2	NQKLIANQF	1	TRBV4-1_CASSQDRVTGKYTF_TRBJ1-2
CASRGGYGYTF	TRBV19	TRBJ1-2	PTDNYITTY	1	TRBV19_CASRGGYGYTF_TRBJ1-2
CAWSVAANTEAFF	TRBV30	TRBJ1-1	QELIRQGTDY	1	TRBV30_CAWSVAANTEAFF_TRBJ1-1
CASSFTGNDDYEQYF	TRBV13	TRBJ2-7	TTDPSFLGRY	1	TRBV13_CASSFTGNDDYEQYF_TRBJ2-7
CASSLAGSSYNSPLHF	TRBV7-8	TRBJ1-6	YLQPRTFLL	1	TRBV7-8_CASSLAGSSYNSPLHF_TRBJ1-6
CASSVAGSSYEQYF	TRBV2	TRBJ2-7	LTDEMIAQY	1	TRBV2_CASSVAGSSYEQYF_TRBJ2-7
CASSYRGTGLNEQFF	TRBV6-2	TRBJ2-1	YLQPRTFLL	1	TRBV6-2_CASSYRGTGLNEQFF_TRBJ2-1
CASSIGQLHQETQYF	TRBV6-5	TRBJ2-5	NQKLIANQF	1	TRBV6-5_CASSIGQLHQETQYF_TRBJ2-5
CASSTGNQPQHF	TRBV9	TRBJ1-5	AEVQIDRLI	1	TRBV9_CASSTGNQPQHF_TRBJ1-5
CASSFRTSGNEQYF	TRBV27	TRBJ2-7	TTDPSFLGRY	1	TRBV27_CASSFRTSGNEQYF_TRBJ2-7
CASSLVTGEQYF	TRBV5-6	TRBJ2-7	TTDPSFLGRY	1	TRBV5-6_CASSLVTGEQYF_TRBJ2-7
CASSEGRGYEQYF	TRBV6-1	TRBJ2-7	NYNYLYRLF	1	TRBV6-1_CASSEGRGYEQYF_TRBJ2-7
CASRGGQEYGYTF	TRBV25-1	TRBJ1-2	NQKLIANQF	1	TRBV25-1_CASRGGQEYGYTF_TRBJ1-2
CASASELADTDTQYF	TRBV10-1	TRBJ2-3	TTDPSFLGRY	1	TRBV10-1_CASASELADTDTQYF_TRBJ2-3
CASSLPGRGETQYF	TRBV7-9	TRBJ2-5	LTDEMIAQY	1	TRBV7-9_CASSLPGRGETQYF_TRBJ2-5
CASRDGQNQETQYF	TRBV6-2	TRBJ2-5	QYIKWPWYI	1	TRBV6-2_CASRDGQNQETQYF_TRBJ2-5
CASSQRSAGAYEQYF	TRBV3-1	TRBJ2-7	NQKLIANQF	1	TRBV3-1_CASSQRSAGAYEQYF_TRBJ2-7
CASSLLYGGGTDTQYF	TRBV28	TRBJ2-3	TTDPSFLGRY	1	TRBV28_CASSLLYGGGTDTQYF_TRBJ2-3
CSVGPRQLMNTEAFF	TRBV29-1	TRBJ1-1	LTDEMIAQY	1	TRBV29-1_CSVGPRQLMNTEAFF_TRBJ1-1
CASSYRDGGDEQYF	TRBV27	TRBJ2-7	TTDPSFLGRY	1	TRBV27_CASSYRDGGDEQYF_TRBJ2-7
CSVEGTESYEQYF	TRBV29-1	TRBJ2-7	TTDPSFLGRY	1	TRBV29-1_CSVEGTESYEQYF_TRBJ2-7
CASSLGGGAYEQYF	TRBV18	TRBJ2-7	DTDFVNEFY	1	TRBV18_CASSLGGGAYEQYF_TRBJ2-7
CASSPEDRGAFF	TRBV11-2	TRBJ1-1	NYNYLYRLF	1	TRBV11-2_CASSPEDRGAFF_TRBJ1-1
CASSLAGASSYNEQFF	TRBV27	TRBJ2-1	TTDPSFLGRY	1	TRBV27_CASSLAGASSYNEQFF_TRBJ2-1
CASSAFFESGELFF	TRBV27	TRBJ2-2	TTDPSFLGRY	1	TRBV27_CASSAFFESGELFF_TRBJ2-2
CASSQDHYYNEQFF	TRBV4-3	TRBJ2-1	YLQPRTFLL	1	TRBV4-3_CASSQDHYYNEQFF_TRBJ2-1
CATSERGQGAHQETQYF	TRBV24-1	TRBJ2-5	QYIKWPWYI	1	TRBV24-1_CATSERGQGAHQETQYF_TRBJ2-5
CATGLANTGELFF	TRBV7-9	TRBJ2-2	YLQPRTFLL	1	TRBV7-9_CATGLANTGELFF_TRBJ2-2
CASSQDILARYNEQFF	TRBV3-1	TRBJ2-1	YLQPRTFLL	1	TRBV3-1_CASSQDILARYNEQFF_TRBJ2-1
CASSFLAGAVEQFF	TRBV28	TRBJ2-1	TTDPSFLGRY	1	TRBV28_CASSFLAGAVEQFF_TRBJ2-1
CASSEYLGELFF	TRBV25-1	TRBJ2-2	LTDEMIAQY	1	TRBV25-1_CASSEYLGELFF_TRBJ2-2
CASSQDNYGGSPLHF	TRBV4-3	TRBJ1-6	YLQPRTFLL	1	TRBV4-3_CASSQDNYGGSPLHF_TRBJ1-6
CASSLTQGFTEAFF	TRBV28	TRBJ1-1	TTDPSFLGRY	1	TRBV28_CASSLTQGFTEAFF_TRBJ1-1
CASTIMGRGGEAFF	TRBV2	TRBJ1-1	NQKLIANQF	1	TRBV2_CASTIMGRGGEAFF_TRBJ1-1
CSARDAAGQNTGELFF	TRBV20-1	TRBJ2-2	YLQPRTFLL	1	TRBV20-1_CSARDAAGQNTGELFF_TRBJ2-2
CSVRGTLDSYNEQFF	TRBV29-1	TRBJ2-1	LTDEMIAQY	1	TRBV29-1_CSVRGTLDSYNEQFF_TRBJ2-1
CASSLSGGALDTQYF	TRBV5-1	TRBJ2-3	NQKLIANQF	1	TRBV5-1_CASSLSGGALDTQYF_TRBJ2-3
CSARIARINAYEQYF	TRBV20-1	TRBJ2-7	YLQPRTFLL	1	TRBV20-1_CSARIARINAYEQYF_TRBJ2-7
CSARTGANYGYTF	TRBV20-1	TRBJ1-2	QELIRQGTDY	1	TRBV20-1_CSARTGANYGYTF_TRBJ1-2
CASSLGGGGGTQPQHF	TRBV12-3	TRBJ1-5	TTDPSFLGRY	1	TRBV12-3_CASSLGGGGGTQPQHF_TRBJ1-5
CASSQDGGGNTEAFF	TRBV14	TRBJ1-1	YLQPRTFLL	1	TRBV14_CASSQDGGGNTEAFF_TRBJ1-1
CASSQDGQGAMYEQYF	TRBV4-1	TRBJ2-7	LTDEMIAQY	1	TRBV4-1_CASSQDGQGAMYEQYF_TRBJ2-7
CASSLGIAKNIQYF	TRBV11-2	TRBJ2-4	YLQPRTFLL	1	TRBV11-2_CASSLGIAKNIQYF_TRBJ2-4
CASSAGTGFYGYTF	TRBV6-1	TRBJ1-2	YLQPRTFLL	1	TRBV6-1_CASSAGTGFYGYTF_TRBJ1-2
CASSLYESHNEQFF	TRBV5-5	TRBJ2-1	TTDPSFLGRY	1	TRBV5-5_CASSLYESHNEQFF_TRBJ2-1
CASTLRDRGNQPQHF	TRBV28	TRBJ1-5	YLQPRTFLL	1	TRBV28_CASTLRDRGNQPQHF_TRBJ1-5
CASSSERGLVREQYF	TRBV13	TRBJ2-7	NYNYLYRLF	1	TRBV13_CASSSERGLVREQYF_TRBJ2-7
CASRSGQRNTEAFF	TRBV6-5	TRBJ1-1	LTDEMIAQY	1	TRBV6-5_CASRSGQRNTEAFF_TRBJ1-1
CASRAGGGDEQFF	TRBV6-4	TRBJ2-1	VYIGDPAQL	1	TRBV6-4_CASRAGGGDEQFF_TRBJ2-1
CSVEGDLSGDEQFF	TRBV29-1	TRBJ2-1	TTDPSFLGRY	1	TRBV29-1_CSVEGDLSGDEQFF_TRBJ2-1
CASSLDDGDRWGYTF	TRBV7-6	TRBJ1-2	LTDEMIAQY	1	TRBV7-6_CASSLDDGDRWGYTF_TRBJ1-2
CAISEPGSNTEAFF	TRBV10-3	TRBJ1-1	LTDEMIAQY	1	TRBV10-3_CAISEPGSNTEAFF_TRBJ1-1
CASSEAQGYEQYF	TRBV7-2	TRBJ2-7	NYNYLYRLF	1	TRBV7-2_CASSEAQGYEQYF_TRBJ2-7
CASSRHRGHFNEQFF	TRBV7-9	TRBJ2-1	RVAGDSGFAAY	1	TRBV7-9_CASSRHRGHFNEQFF_TRBJ2-1
CAGQGMNTGELFF	TRBV19	TRBJ2-2	YLQPRTFLL	1	TRBV19_CAGQGMNTGELFF_TRBJ2-2
CASSEAGGYEQYF	TRBV6-1	TRBJ2-7	NYNYLYRLF	1	TRBV6-1_CASSEAGGYEQYF_TRBJ2-7
CASSQKLAGDNEQFF	TRBV12-4	TRBJ2-1	ALSKGVHFV	1	TRBV12-4_CASSQKLAGDNEQFF_TRBJ2-1
CASSPRLAGSHNEQFF	TRBV18	TRBJ2-1	YLQPRTFLL	1	TRBV18_CASSPRLAGSHNEQFF_TRBJ2-1
CASSEKLPEFNQPQHF	TRBV6-1	TRBJ1-5	TTDPSFLGRY	1	TRBV6-1_CASSEKLPEFNQPQHF_TRBJ1-5
CASSHLGGPKETQYF	TRBV4-2	TRBJ2-5	LTDEMIAQY	1	TRBV4-2_CASSHLGGPKETQYF_TRBJ2-5
CASGEDSLVYGYTF	TRBV7-9	TRBJ1-2	LTDEMIAQY	1	TRBV7-9_CASGEDSLVYGYTF_TRBJ1-2
CSASGGSYGSYNEQFF	TRBV20-1	TRBJ2-1	YLQPRTFLL	1	TRBV20-1_CSASGGSYGSYNEQFF_TRBJ2-1
CASSLPDLQETQYF	TRBV7-2	TRBJ2-5	TTDPSFLGRY	1	TRBV7-2_CASSLPDLQETQYF_TRBJ2-5
CASSLTPTGSPLHF	TRBV7-3	TRBJ1-6	QYIKWPWYI	1	TRBV7-3_CASSLTPTGSPLHF_TRBJ1-6
CASSFRTDSYEQYF	TRBV28	TRBJ2-7	PTDNYITTY	2	TRBV28_CASSFRTDSYEQYF_TRBJ2-7
CASSFSLRGREPQHF	TRBV19	TRBJ1-5	TTDPSFLGRY	1	TRBV19_CASSFSLRGREPQHF_TRBJ1-5
CAIEDRNTGELFF	TRBV10-3	TRBJ2-2	YLQPRTFLL	1	TRBV10-3_CAIEDRNTGELFF_TRBJ2-2
CASSYRLAGGVPHNEQFF	TRBV6-2	TRBJ2-1	LTDEMIAQY	1	TRBV6-2_CASSYRLAGGVPHNEQFF_TRBJ2-1
CASRPSGGWHEQFF	TRBV12-5	TRBJ2-1	VYIGDPAQL	1	TRBV12-5_CASRPSGGWHEQFF_TRBJ2-1
CASSSLTDTQYF	TRBV27	TRBJ2-3	TTDPSFLGRY	1	TRBV27_CASSSLTDTQYF_TRBJ2-3
CASSQDLRLAGVETQYF	TRBV14	TRBJ2-5	NTNSSPDDQIGYY	1	TRBV14_CASSQDLRLAGVETQYF_TRBJ2-5
CASSNNYEQYF	TRBV19	TRBJ2-7	NYNYLYRLF	1	TRBV19_CASSNNYEQYF_TRBJ2-7
CASSLRLTDRATYEQYF	TRBV27	TRBJ2-7	YLQPRTFLL	1	TRBV27_CASSLRLTDRATYEQYF_TRBJ2-7
CASSPGTSNTGELFF	TRBV7-8	TRBJ2-2	TTDPSFLGRY	1	TRBV7-8_CASSPGTSNTGELFF_TRBJ2-2
CASSSTSGVTDTQYF	TRBV27	TRBJ2-3	TTDPSFLGRY	1	TRBV27_CASSSTSGVTDTQYF_TRBJ2-3
CASSLDIKAFF	TRBV7-9	TRBJ1-1	YLQPRTFLL	1	TRBV7-9_CASSLDIKAFF_TRBJ1-1
CAWGSMNTGELFF	TRBV30	TRBJ2-2	YLQPRTFLL	1	TRBV30_CAWGSMNTGELFF_TRBJ2-2
CSVESSGSYEQYF	TRBV29-1	TRBJ2-7	TTDPSFLGRY	1	TRBV29-1_CSVESSGSYEQYF_TRBJ2-7
CASSFGRGGSQPQHF	TRBV27	TRBJ1-5	YLQPRTFLL	1	TRBV27_CASSFGRGGSQPQHF_TRBJ1-5
CASSLWGFGEETQYF	TRBV13	TRBJ2-5	AEVQIDRLI	1	TRBV13_CASSLWGFGEETQYF_TRBJ2-5
CASSFWGGGTEAFF	TRBV5-6	TRBJ1-1	NQKLIANQF	1	TRBV5-6_CASSFWGGGTEAFF_TRBJ1-1
CSVEKDRNTGELFF	TRBV29-1	TRBJ2-2	YLQPRTFLL	1	TRBV29-1_CSVEKDRNTGELFF_TRBJ2-2
CASSPRDRGFSPLHF	TRBV4-3	TRBJ1-6	RVAGDSGFAAY	1	TRBV4-3_CASSPRDRGFSPLHF_TRBJ1-6
CASSAGEAGELFF	TRBV7-6	TRBJ2-2	LTDEMIAQY	1	TRBV7-6_CASSAGEAGELFF_TRBJ2-2
CASSYGGGQSTGELFF	TRBV6-5	TRBJ2-2	TTDPSFLGRY	1	TRBV6-5_CASSYGGGQSTGELFF_TRBJ2-2
CASSLVEGINYGYTF	TRBV5-6	TRBJ1-2	NQKLIANQF	1	TRBV5-6_CASSLVEGINYGYTF_TRBJ1-2
CAIYGGPDGANTGELFF	TRBV5-8	TRBJ2-2	TTDPSFLGRY	1	TRBV5-8_CAIYGGPDGANTGELFF_TRBJ2-2
CASSLTSGSEQFF	TRBV11-2	TRBJ2-1	YLQPRTFLL	1	TRBV11-2_CASSLTSGSEQFF_TRBJ2-1
CASSLGQSLEQYF	TRBV5-1	TRBJ2-7	YLQPRTFLL	1	TRBV5-1_CASSLGQSLEQYF_TRBJ2-7
CASSPGEARGEQFF	TRBV5-6	TRBJ2-1	YLQPRTFLL	1	TRBV5-6_CASSPGEARGEQFF_TRBJ2-1
CASSQDRLGDTQYF	TRBV4-1	TRBJ2-3	VYFLQSINF	1	TRBV4-1_CASSQDRLGDTQYF_TRBJ2-3
CASSENRGYEQYF	TRBV2	TRBJ2-7	NYNYLYRLF	1	TRBV2_CASSENRGYEQYF_TRBJ2-7
CASSTARLGDTGELFF	TRBV18	TRBJ2-2	TTDPSFLGRY	1	TRBV18_CASSTARLGDTGELFF_TRBJ2-2
CGSGIQNTGELFF	TRBV12-3	TRBJ2-2	YLQPRTFLL	1	TRBV12-3_CGSGIQNTGELFF_TRBJ2-2
CATTGGPEEKLFF	TRBV27	TRBJ1-4	TTDPSFLGRY	2	TRBV27_CATTGGPEEKLFF_TRBJ1-4
CASSLTQGGVLFF	TRBV28	TRBJ1-4	TTDPSFLGRY	1	TRBV28_CASSLTQGGVLFF_TRBJ1-4
CASSPGQGYEQYF	TRBV6-4	TRBJ2-7	NYNYLYRLF	1	TRBV6-4_CASSPGQGYEQYF_TRBJ2-7
CASKERGYYNEQFF	TRBV27	TRBJ2-1	YLQPRTFLL	1	TRBV27_CASKERGYYNEQFF_TRBJ2-1
CASSLLGARNEQFF	TRBV7-3	TRBJ2-1	TTDPSFLGRY	1	TRBV7-3_CASSLLGARNEQFF_TRBJ2-1
CAWSGFANTGELFF	TRBV30	TRBJ2-2	YLQPRTFLL	1	TRBV30_CAWSGFANTGELFF_TRBJ2-2
CASSERQQTYNEQFF	TRBV2	TRBJ2-1	QYIKWPWYI	1	TRBV2_CASSERQQTYNEQFF_TRBJ2-1
CASSIEWSGGQETQYF	TRBV19	TRBJ2-5	TTDPSFLGRY	1	TRBV19_CASSIEWSGGQETQYF_TRBJ2-5
CASSQEGVGQGWSPLHF	TRBV4-1	TRBJ1-6	YLQPRTFLL	1	TRBV4-1_CASSQEGVGQGWSPLHF_TRBJ1-6
CASSPTGEPNYGYTF	TRBV28	TRBJ1-2	YLQPRTFLL	1	TRBV28_CASSPTGEPNYGYTF_TRBJ1-2
CASSPDRGGGYTF	TRBV18	TRBJ1-2	YLQPRTFLL	1	TRBV18_CASSPDRGGGYTF_TRBJ1-2
CASSAGTGGYTF	TRBV9	TRBJ1-2	TTDPSFLGRY	1	TRBV9_CASSAGTGGYTF_TRBJ1-2
CASSPTPSGQGTADTQYF	TRBV13	TRBJ2-3	YLQPRTFLL	2	TRBV13_CASSPTPSGQGTADTQYF_TRBJ2-3
CAISGGNEQFF	TRBV10-3	TRBJ2-1	QYIKWPWYI	1	TRBV10-3_CAISGGNEQFF_TRBJ2-1
CASLGLAGELFF	TRBV6-1	TRBJ2-2	TTDPSFLGRY	1	TRBV6-1_CASLGLAGELFF_TRBJ2-2
CASSLVVTGELFF	TRBV7-3	TRBJ2-2	LTDEMIAQY	1	TRBV7-3_CASSLVVTGELFF_TRBJ2-2
CATSRLPQHTTNEKLFF	TRBV15	TRBJ1-4	NQKLIANQF	1	TRBV15_CATSRLPQHTTNEKLFF_TRBJ1-4
CASSLRDGGDTQYF	TRBV27	TRBJ2-3	TTDPSFLGRY	1	TRBV27_CASSLRDGGDTQYF_TRBJ2-3
CASSISGSGSDTQYF	TRBV7-7	TRBJ2-3	YLQPRTFLL	1	TRBV7-7_CASSISGSGSDTQYF_TRBJ2-3
CASSPRTGIDGYTF	TRBV27	TRBJ1-2	RVAGDSGFAAY	1	TRBV27_CASSPRTGIDGYTF_TRBJ1-2
CASSLEQGLPHAQYF	TRBV5-5	TRBJ2-7	TTDPSFLGRY	1	TRBV5-5_CASSLEQGLPHAQYF_TRBJ2-7
CASSASLAGVNEQFF	TRBV2	TRBJ2-1	ALSKGVHFV	1	TRBV2_CASSASLAGVNEQFF_TRBJ2-1
CASSLSGPLETQYF	TRBV27	TRBJ2-5	TTDPSFLGRY	1	TRBV27_CASSLSGPLETQYF_TRBJ2-5
CSVGQGWPYEQYF	TRBV29-1	TRBJ2-7	LTDEMIAQY	1	TRBV29-1_CSVGQGWPYEQYF_TRBJ2-7
CASSPSNYGYTF	TRBV19	TRBJ1-2	QELIRQGTDY	1	TRBV19_CASSPSNYGYTF_TRBJ1-2
CASSQDDGGTDEQYF	TRBV4-1	TRBJ2-7	NQKLIANQF	1	TRBV4-1_CASSQDDGGTDEQYF_TRBJ2-7
CASGIAGPTDTQYF	TRBV27	TRBJ2-3	TTDPSFLGRY	1	TRBV27_CASGIAGPTDTQYF_TRBJ2-3
CASERRGLSGYTF	TRBV6-1	TRBJ1-2	TTDPSFLGRY	1	TRBV6-1_CASERRGLSGYTF_TRBJ1-2
CASSEAGGYEQFF	TRBV6-1	TRBJ2-1	NYNYLYRLF	1	TRBV6-1_CASSEAGGYEQFF_TRBJ2-1
CASSTAGTSGRGELFF	TRBV9	TRBJ2-2	YLQPRTFLL	1	TRBV9_CASSTAGTSGRGELFF_TRBJ2-2
CSARDTRLAGVEQFF	TRBV20-1	TRBJ2-1	QYIKWPWYI	1	TRBV20-1_CSARDTRLAGVEQFF_TRBJ2-1
CASKHSGTGVLARELFF	TRBV7-9	TRBJ2-2	VENPHLMGWD	1	TRBV7-9_CASKHSGTGVLARELFF_TRBJ2-2
CASIEGQGGGTDTQYF	TRBV2	TRBJ2-3	ALSKGVHFV	1	TRBV2_CASIEGQGGGTDTQYF_TRBJ2-3
CASSPSPKRGAYEQYF	TRBV9	TRBJ2-7	YLQPRTFLL	1	TRBV9_CASSPSPKRGAYEQYF_TRBJ2-7
CASSLMLGEETQYF	TRBV7-7	TRBJ2-5	TTDPSFLGRY	1	TRBV7-7_CASSLMLGEETQYF_TRBJ2-5
CSARFPRSGNTIYF	TRBV20-1	TRBJ1-3	QYIKWPWYI	1	TRBV20-1_CSARFPRSGNTIYF_TRBJ1-3
CASSYTRLVQNTGELFF	TRBV6-2	TRBJ2-2	LTDEMIAQY	1	TRBV6-2_CASSYTRLVQNTGELFF_TRBJ2-2
CASSVGAGSNQPQHF	TRBV9	TRBJ1-5	YLQPRTFLL	1	TRBV9_CASSVGAGSNQPQHF_TRBJ1-5
CASSKGGSNQPQHF	TRBV19	TRBJ1-5	NQKLIANQF	1	TRBV19_CASSKGGSNQPQHF_TRBJ1-5
CASSQGGNEQYF	TRBV4-1	TRBJ2-7	YLQPRTFLL	1	TRBV4-1_CASSQGGNEQYF_TRBJ2-7
CASSLYLGTTIRGEQFF	TRBV27	TRBJ2-1	RVAGDSGFAAY	1	TRBV27_CASSLYLGTTIRGEQFF_TRBJ2-1
CASSVGFPGELFF	TRBV9	TRBJ2-2	TTDPSFLGRY	1	TRBV9_CASSVGFPGELFF_TRBJ2-2
CASSSWTGVGNEQYF	TRBV5-1	TRBJ2-7	FTSDYYQLY	1	TRBV5-1_CASSSWTGVGNEQYF_TRBJ2-7
CASGLGSSYEQYF	TRBV12-5	TRBJ2-7	TTDPSFLGRY	1	TRBV12-5_CASGLGSSYEQYF_TRBJ2-7
CASSPRDTLISGNTIYF	TRBV6-2	TRBJ1-3	FTSDYYQLY	1	TRBV6-2_CASSPRDTLISGNTIYF_TRBJ1-3
CASSSTRDRGQGYGYTF	TRBV6-5	TRBJ1-2	RVAGDSGFAAY	1	TRBV6-5_CASSSTRDRGQGYGYTF_TRBJ1-2
CSARDSMAQNTGELFF	TRBV20-1	TRBJ2-2	YLQPRTFLL	1	TRBV20-1_CSARDSMAQNTGELFF_TRBJ2-2
CASSSLARGALNYGYTF	TRBV27	TRBJ1-2	RVAGDSGFAAY	1	TRBV27_CASSSLARGALNYGYTF_TRBJ1-2
CASRYPSGGYTF	TRBV5-6	TRBJ1-2	TTDPSFLGRY	1	TRBV5-6_CASRYPSGGYTF_TRBJ1-2
CASIGMYRNEQFF	TRBV5-1	TRBJ2-1	LTDEMIAQY	1	TRBV5-1_CASIGMYRNEQFF_TRBJ2-1
CASMVRHANTGELFF	TRBV19	TRBJ2-2	LTDEMIAQY	1	TRBV19_CASMVRHANTGELFF_TRBJ2-2
CASRSGTGTYEQYF	TRBV19	TRBJ2-7	LTDEMIAQY	1	TRBV19_CASRSGTGTYEQYF_TRBJ2-7
CASSLSGGNEKLFF	TRBV7-9	TRBJ1-4	RVAGDSGFAAY	1	TRBV7-9_CASSLSGGNEKLFF_TRBJ1-4
CASTRTVATNEKLFF	TRBV19	TRBJ1-4	VYFLQSINF	1	TRBV19_CASTRTVATNEKLFF_TRBJ1-4
CAISEEHTGEYQPQHF	TRBV10-3	TRBJ1-5	LTDEMIAQY	1	TRBV10-3_CAISEEHTGEYQPQHF_TRBJ1-5
CASSYWGGTDTQYF	TRBV6-6	TRBJ2-3	LTDEMIAQY	2	TRBV6-6_CASSYWGGTDTQYF_TRBJ2-3
CATSRAGQGHEQYF	TRBV15	TRBJ2-7	TTDPSFLGRY	1	TRBV15_CATSRAGQGHEQYF_TRBJ2-7
CASSFPSGGGEKLFF	TRBV7-9	TRBJ1-4	FTSDYYQLY	1	TRBV7-9_CASSFPSGGGEKLFF_TRBJ1-4
CASSVAIERAPNYEQYF	TRBV2	TRBJ2-7	ALSKGVHFV	1	TRBV2_CASSVAIERAPNYEQYF_TRBJ2-7
CASSEGPGGDEQYF	TRBV6-1	TRBJ2-7	YLQPRTFLL	1	TRBV6-1_CASSEGPGGDEQYF_TRBJ2-7
CALNFTDTQYF	TRBV27	TRBJ2-3	NTNSSPDDQIGYY	1	TRBV27_CALNFTDTQYF_TRBJ2-3
CASSQDGGQETQYF	TRBV4-1	TRBJ2-5	VYFLQSINF	1	TRBV4-1_CASSQDGGQETQYF_TRBJ2-5
CASSLGPEAFF	TRBV7-9	TRBJ1-1	YLQPRTFLL	1	TRBV7-9_CASSLGPEAFF_TRBJ1-1
CASSLEGIGGYTF	TRBV7-6	TRBJ1-2	LTDEMIAQY	1	TRBV7-6_CASSLEGIGGYTF_TRBJ1-2
CAISESSGYEQYF	TRBV10-3	TRBJ2-7	NYNYLYRLF	1	TRBV10-3_CAISESSGYEQYF_TRBJ2-7
CSARDGDSISYNEQFF	TRBV20-1	TRBJ2-1	TTDPSFLGRY	1	TRBV20-1_CSARDGDSISYNEQFF_TRBJ2-1
CASSLGQPAGEQFF	TRBV12-4	TRBJ2-1	LTDEMIAQY	1	TRBV12-4_CASSLGQPAGEQFF_TRBJ2-1
CASFEGGNSPLHF	TRBV5-1	TRBJ1-6	VYFLQSINF	1	TRBV5-1_CASFEGGNSPLHF_TRBJ1-6
CASSLKAPPHSNTEAFF	TRBV7-9	TRBJ1-1	LTDEMIAQY	1	TRBV7-9_CASSLKAPPHSNTEAFF_TRBJ1-1
CASSSTSGRADTQYF	TRBV27	TRBJ2-3	TTDPSFLGRY	1	TRBV27_CASSSTSGRADTQYF_TRBJ2-3
CASSPRPDRELGNTIYF	TRBV25-1	TRBJ1-3	RVAGDSGFAAY	1	TRBV25-1_CASSPRPDRELGNTIYF_TRBJ1-3
CASSDQGANYEQYF	TRBV27	TRBJ2-7	TTDPSFLGRY	1	TRBV27_CASSDQGANYEQYF_TRBJ2-7
CASSPRGGGIYEQYF	TRBV5-6	TRBJ2-7	ALSKGVHFV	1	TRBV5-6_CASSPRGGGIYEQYF_TRBJ2-7
CASRWAPGELFF	TRBV11-2	TRBJ2-2	LTDEMIAQY	1	TRBV11-2_CASRWAPGELFF_TRBJ2-2
CSARILAGDTGELFF	TRBV20-1	TRBJ2-2	TTDPSFLGRY	1	TRBV20-1_CSARILAGDTGELFF_TRBJ2-2
CASSQAGAKTQYF	TRBV3-1	TRBJ2-5	RVAGDSGFAAY	1	TRBV3-1_CASSQAGAKTQYF_TRBJ2-5
CASSQDASGGPDIQYF	TRBV4-3	TRBJ2-4	ALSKGVHFV	1	TRBV4-3_CASSQDASGGPDIQYF_TRBJ2-4
CAIRSGNTYSYEQYF	TRBV10-3	TRBJ2-7	YLQPRTFLL	1	TRBV10-3_CAIRSGNTYSYEQYF_TRBJ2-7
CASSLTDLYGYTF	TRBV3-1	TRBJ1-2	LTDEMIAQY	1	TRBV3-1_CASSLTDLYGYTF_TRBJ1-2
CASSYHPEGGVSNQPQHF	TRBV7-3	TRBJ1-5	FTSDYYQLY	1	TRBV7-3_CASSYHPEGGVSNQPQHF_TRBJ1-5
CASSDPGARVWEQYF	TRBV2	TRBJ2-7	TTDPSFLGRY	1	TRBV2_CASSDPGARVWEQYF_TRBJ2-7
CASSQDRFGATAFF	TRBV4-1	TRBJ1-1	VYIGDPAQL	1	TRBV4-1_CASSQDRFGATAFF_TRBJ1-1
CAIEDLNTGELFF	TRBV6-5	TRBJ2-2	YLQPRTFLL	1	TRBV6-5_CAIEDLNTGELFF_TRBJ2-2
CSARDRSSYEQYF	TRBV20-1	TRBJ2-7	YLQPRTFLL	1	TRBV20-1_CSARDRSSYEQYF_TRBJ2-7
CASSPDIEQFF	TRBV7-9	TRBJ2-1	YLQPRTFLL	2	TRBV7-9_CASSPDIEQFF_TRBJ2-1
CASSQDGIAGYNEQFF	TRBV4-3	TRBJ2-1	TTDPSFLGRY	1	TRBV4-3_CASSQDGIAGYNEQFF_TRBJ2-1
CASSEAPGYEQYF	TRBV6-1	TRBJ2-7	NYNYLYRLF	1	TRBV6-1_CASSEAPGYEQYF_TRBJ2-7
CASSILAGGGTDTQYF	TRBV19	TRBJ2-3	YLQPRTFLL	1	TRBV19_CASSILAGGGTDTQYF_TRBJ2-3
CASSPTSGSYEQYF	TRBV19	TRBJ2-7	VYFLQSINF	1	TRBV19_CASSPTSGSYEQYF_TRBJ2-7
CASSLKVDGYNEQFF	TRBV6-2	TRBJ2-1	TTDPSFLGRY	1	TRBV6-2_CASSLKVDGYNEQFF_TRBJ2-1
CASSPLGTYEQYF	TRBV27	TRBJ2-7	TTDPSFLGRY	1	TRBV27_CASSPLGTYEQYF_TRBJ2-7
CASSSLSEGSGANVLTF	TRBV11-2	TRBJ2-6	NQKLIANQF	1	TRBV11-2_CASSSLSEGSGANVLTF_TRBJ2-6
CASSLGGGKISYNEQFF	TRBV5-6	TRBJ2-1	YLQPRTFLL	1	TRBV5-6_CASSLGGGKISYNEQFF_TRBJ2-1
CASSDLDTGELFF	TRBV2	TRBJ2-2	YLQPRTFLL	2	TRBV2_CASSDLDTGELFF_TRBJ2-2
CATLSGDIYNEQFF	TRBV6-2	TRBJ2-1	TTDPSFLGRY	1	TRBV6-2_CATLSGDIYNEQFF_TRBJ2-1
CASSIVPWDTQYF	TRBV19	TRBJ2-3	ALSKGVHFV	1	TRBV19_CASSIVPWDTQYF_TRBJ2-3
CASSLAGGFTGELFF	TRBV7-8	TRBJ2-2	YLQPRTFLL	1	TRBV7-8_CASSLAGGFTGELFF_TRBJ2-2
CSVGGGPTYNEQFF	TRBV20-1	TRBJ2-1	VYIGDPAQL	1	TRBV20-1_CSVGGGPTYNEQFF_TRBJ2-1
CASSEQTGSYGYTF	TRBV10-2	TRBJ1-2	NYNYLYRLF	1	TRBV10-2_CASSEQTGSYGYTF_TRBJ1-2
CASSETHSNQPQHF	TRBV27	TRBJ1-5	TTDPSFLGRY	1	TRBV27_CASSETHSNQPQHF_TRBJ1-5
CASTGADTQYF	TRBV6-6	TRBJ2-3	YLQPRTFLL	1	TRBV6-6_CASTGADTQYF_TRBJ2-3
CASSRDRGEYNEQFF	TRBV13	TRBJ2-1	TTDPSFLGRY	1	TRBV13_CASSRDRGEYNEQFF_TRBJ2-1
CASSHRRLAGGLTSIQYF	TRBV12-3	TRBJ2-4	VYFLQSINF	1	TRBV12-3_CASSHRRLAGGLTSIQYF_TRBJ2-4
CASSLQGGNTEAFF	TRBV6-6	TRBJ1-1	FTSDYYQLY	1	TRBV6-6_CASSLQGGNTEAFF_TRBJ1-1
CASSVGGASLETQYF	TRBV11-2	TRBJ2-5	FTSDYYQLY	1	TRBV11-2_CASSVGGASLETQYF_TRBJ2-5
CSALRDKNTGELFF	TRBV20-1	TRBJ2-2	YLQPRTFLL	1	TRBV20-1_CSALRDKNTGELFF_TRBJ2-2
CATQRNQETQYF	TRBV6-1	TRBJ2-5	LTDEMIAQY	1	TRBV6-1_CATQRNQETQYF_TRBJ2-5
CSARGEVEMNTGELFF	TRBV20-1	TRBJ2-2	YLQPRTFLL	1	TRBV20-1_CSARGEVEMNTGELFF_TRBJ2-2
CSDGTGTNYGYTF	TRBV20-1	TRBJ1-2	NQKLIANQF	1	TRBV20-1_CSDGTGTNYGYTF_TRBJ1-2
CASSPETGAIDGYTF	TRBV28	TRBJ1-2	NQKLIANQF	1	TRBV28_CASSPETGAIDGYTF_TRBJ1-2
CASSRQGSQPQHF	TRBV19	TRBJ1-5	LLYDANYFL	1	TRBV19_CASSRQGSQPQHF_TRBJ1-5
CASSWTQGAGYTF	TRBV28	TRBJ1-2	TTDPSFLGRY	1	TRBV28_CASSWTQGAGYTF_TRBJ1-2
CASSLRDGYTDTQYF	TRBV27	TRBJ2-3	TTDPSFLGRY	1	TRBV27_CASSLRDGYTDTQYF_TRBJ2-3
CASSPRDWYNEQFF	TRBV27	TRBJ2-1	TTDPSFLGRY	1	TRBV27_CASSPRDWYNEQFF_TRBJ2-1
CASSQDQAGGNTIYF	TRBV4-1	TRBJ1-3	NQKLIANQF	1	TRBV4-1_CASSQDQAGGNTIYF_TRBJ1-3
CACTGRGGNGYTF	TRBV6-5	TRBJ1-2	YLQPRTFLL	1	TRBV6-5_CACTGRGGNGYTF_TRBJ1-2
CASSVDRAQLFGYTF	TRBV9	TRBJ1-2	TTDPSFLGRY	1	TRBV9_CASSVDRAQLFGYTF_TRBJ1-2
CASSQVSGGARETQYF	TRBV3-1	TRBJ2-5	RVAGDSGFAAY	1	TRBV3-1_CASSQVSGGARETQYF_TRBJ2-5
CSARLAGGYEQYF	TRBV20-1	TRBJ2-7	DTDFVNEFY	1	TRBV20-1_CSARLAGGYEQYF_TRBJ2-7
CASSLASSTAYGYTF	TRBV7-8	TRBJ1-2	YLQPRTFLL	1	TRBV7-8_CASSLASSTAYGYTF_TRBJ1-2
CASRIRGGPGTDTQYF	TRBV12-3	TRBJ2-3	TTDPSFLGRY	1	TRBV12-3_CASRIRGGPGTDTQYF_TRBJ2-3
CASSQDPRGRSSYEQYF	TRBV4-2	TRBJ2-7	RVAGDSGFAAY	1	TRBV4-2_CASSQDPRGRSSYEQYF_TRBJ2-7
CSARDREGPNYEQYF	TRBV20-1	TRBJ2-7	TTDPSFLGRY	1	TRBV20-1_CSARDREGPNYEQYF_TRBJ2-7
CASTQDSYGYTF	TRBV12-4	TRBJ1-2	TTDPSFLGRY	1	TRBV12-4_CASTQDSYGYTF_TRBJ1-2
CATCLGSSAGELFF	TRBV27	TRBJ2-2	YLQPRTFLL	1	TRBV27_CATCLGSSAGELFF_TRBJ2-2
CASSFGGPPEAFF	TRBV5-6	TRBJ1-1	QYIKWPWYI	1	TRBV5-6_CASSFGGPPEAFF_TRBJ1-1
CSARDQAKVLGTEAFF	TRBV20-1	TRBJ1-1	QELIRQGTDY	1	TRBV20-1_CSARDQAKVLGTEAFF_TRBJ1-1
CASSLWGAHTEAFF	TRBV11-2	TRBJ1-1	TTDPSFLGRY	1	TRBV11-2_CASSLWGAHTEAFF_TRBJ1-1
CASSLLQYNEQFF	TRBV27	TRBJ2-1	PTDNYITTY	1	TRBV27_CASSLLQYNEQFF_TRBJ2-1
CASSYSSRRVYTGELFF	TRBV6-5	TRBJ2-2	TTDPSFLGRY	1	TRBV6-5_CASSYSSRRVYTGELFF_TRBJ2-2
CASSRLDEGQETQYF	TRBV12-4	TRBJ2-5	FTSDYYQLY	1	TRBV12-4_CASSRLDEGQETQYF_TRBJ2-5
CASSLSTSGRTLDTEAFF	TRBV5-1	TRBJ1-1	LTDEMIAQY	1	TRBV5-1_CASSLSTSGRTLDTEAFF_TRBJ1-1
CASSEFQSPYEQYF	TRBV2	TRBJ2-7	NYNYLYRLF	1	TRBV2_CASSEFQSPYEQYF_TRBJ2-7
CASSISHSTDTQYF	TRBV27	TRBJ2-3	TTDPSFLGRY	2	TRBV27_CASSISHSTDTQYF_TRBJ2-3
CASSRGTSGRGINEQFF	TRBV27	TRBJ2-1	LTDEMIAQY	1	TRBV27_CASSRGTSGRGINEQFF_TRBJ2-1
CASSPQVGVANEKLFF	TRBV9	TRBJ1-4	LTDEMIAQY	1	TRBV9_CASSPQVGVANEKLFF_TRBJ1-4
CASSLGLSGELFF	TRBV27	TRBJ2-2	YLQPRTFLL	1	TRBV27_CASSLGLSGELFF_TRBJ2-2
CSATRALGNEQFF	TRBV20-1	TRBJ2-1	VYFLQSINF	1	TRBV20-1_CSATRALGNEQFF_TRBJ2-1
CASSLPRANTGELFF	TRBV19	TRBJ2-2	LTDEMIAQY	1	TRBV19_CASSLPRANTGELFF_TRBJ2-2
CASSFVSEEHNGYTF	TRBV7-9	TRBJ1-2	TTDPSFLGRY	1	TRBV7-9_CASSFVSEEHNGYTF_TRBJ1-2
CASTTGTGYAEAFF	TRBV6-2	TRBJ1-1	TTDPSFLGRY	1	TRBV6-2_CASTTGTGYAEAFF_TRBJ1-1
CASYPHSNTGELFF	TRBV19	TRBJ2-2	FTSDYYQLY	1	TRBV19_CASYPHSNTGELFF_TRBJ2-2
CASSGPGTGDGWAEAFF	TRBV28	TRBJ1-1	FTSDYYQLY	1	TRBV28_CASSGPGTGDGWAEAFF_TRBJ1-1
CASSLSSPGNWEETQYF	TRBV7-6	TRBJ2-5	FTSDYYQLY	1	TRBV7-6_CASSLSSPGNWEETQYF_TRBJ2-5
CASSLLAGPNTGELFF	TRBV12-4	TRBJ2-2	PTDNYITTY	1	TRBV12-4_CASSLLAGPNTGELFF_TRBJ2-2
CASSESTGYGYTF	TRBV2	TRBJ1-2	YLQPRTFLL	1	TRBV2_CASSESTGYGYTF_TRBJ1-2
CASSLGTKNIQYF	TRBV4-2	TRBJ2-4	LTDEMIAQY	1	TRBV4-2_CASSLGTKNIQYF_TRBJ2-4
CASSLGDRGLLETQYF	TRBV11-2	TRBJ2-5	VYFLQSINF	1	TRBV11-2_CASSLGDRGLLETQYF_TRBJ2-5
CATWDSDTGELFF	TRBV6-5	TRBJ2-2	TTDPSFLGRY	1	TRBV6-5_CATWDSDTGELFF_TRBJ2-2
CASNPGGGTETQYF	TRBV19	TRBJ2-5	PTDNYITTY	1	TRBV19_CASNPGGGTETQYF_TRBJ2-5
CASAARQGSDEQYF	TRBV27	TRBJ2-7	TTDPSFLGRY	1	TRBV27_CASAARQGSDEQYF_TRBJ2-7
CASSWTEGAYEQYF	TRBV28	TRBJ2-7	TTDPSFLGRY	1	TRBV28_CASSWTEGAYEQYF_TRBJ2-7
CSGIRLASGRSYEQYF	TRBV20-1	TRBJ2-7	YLQPRTFLL	1	TRBV20-1_CSGIRLASGRSYEQYF_TRBJ2-7
CASRPAPGTVTYGYTF	TRBV5-4	TRBJ1-2	TTDPSFLGRY	1	TRBV5-4_CASRPAPGTVTYGYTF_TRBJ1-2
CASSQSRDRVDF	TRBV7-3	TRBJ2-4	TTDPSFLGRY	1	TRBV7-3_CASSQSRDRVDF_TRBJ2-4
CASSEAQGPQYF	TRBV6-1	TRBJ2-7	LTDEMIAQY	1	TRBV6-1_CASSEAQGPQYF_TRBJ2-7
CASSQDLGSNQPQHF	TRBV4-1	TRBJ1-5	LTDEMIAQY	1	TRBV4-1_CASSQDLGSNQPQHF_TRBJ1-5
CASSLTSAYEQYF	TRBV3-1	TRBJ2-7	PTDNYITTY	1	TRBV3-1_CASSLTSAYEQYF_TRBJ2-7
CASRGREQYF	TRBV2	TRBJ2-7	NTNSSPDDQIGYY	1	TRBV2_CASRGREQYF_TRBJ2-7
CASRWTDGIMNTEAFF	TRBV28	TRBJ1-1	TTDPSFLGRY	1	TRBV28_CASRWTDGIMNTEAFF_TRBJ1-1
CASSLGGNQPQHF	TRBV12-3	TRBJ1-5	LTDEMIAQY	1	TRBV12-3_CASSLGGNQPQHF_TRBJ1-5
CASSESNSLEAFF	TRBV25-1	TRBJ1-1	YLQPRTFLL	1	TRBV25-1_CASSESNSLEAFF_TRBJ1-1
CSARGSSQWETQYF	TRBV20-1	TRBJ2-5	YLQPRTFLL	1	TRBV20-1_CSARGSSQWETQYF_TRBJ2-5
CASSLRVAGEQFF	TRBV27	TRBJ2-1	TTDPSFLGRY	1	TRBV27_CASSLRVAGEQFF_TRBJ2-1
CASSEGQGYEQYF	TRBV2	TRBJ2-7	NYNYLYRLF	2	TRBV2_CASSEGQGYEQYF_TRBJ2-7
CSGKPRGGAIYEQYF	TRBV20-1	TRBJ2-7	TTDPSFLGRY	1	TRBV20-1_CSGKPRGGAIYEQYF_TRBJ2-7
CASTPGSEDTQYF	TRBV6-5	TRBJ2-3	TTDPSFLGRY	1	TRBV6-5_CASTPGSEDTQYF_TRBJ2-3
CASSFAGTADYNSPLHF	TRBV11-2	TRBJ1-6	TTDPSFLGRY	1	TRBV11-2_CASSFAGTADYNSPLHF_TRBJ1-6
CASSLTGTGALYEQYF	TRBV7-9	TRBJ2-7	LTDEMIAQY	1	TRBV7-9_CASSLTGTGALYEQYF_TRBJ2-7
CASSVEETSAGGHEQFF	TRBV9	TRBJ2-1	TTDPSFLGRY	1	TRBV9_CASSVEETSAGGHEQFF_TRBJ2-1
CATLTDANTGELFF	TRBV25-1	TRBJ2-2	YLQPRTFLL	1	TRBV25-1_CATLTDANTGELFF_TRBJ2-2
CAISESQEFYGYTF	TRBV10-3	TRBJ1-2	YLQPRTFLL	1	TRBV10-3_CAISESQEFYGYTF_TRBJ1-2
CASSLDHPWGSPLHF	TRBV27	TRBJ1-6	TTDPSFLGRY	1	TRBV27_CASSLDHPWGSPLHF_TRBJ1-6
CASSLRSGLDTQYF	TRBV27	TRBJ2-3	TTDPSFLGRY	1	TRBV27_CASSLRSGLDTQYF_TRBJ2-3
CASSVGYRNTEAFF	TRBV9	TRBJ1-1	YLQPRTFLL	1	TRBV9_CASSVGYRNTEAFF_TRBJ1-1
CASSTSDPEAFF	TRBV7-9	TRBJ1-1	NQKLIANQF	1	TRBV7-9_CASSTSDPEAFF_TRBJ1-1
CASSLGDSYNEQFF	TRBV7-9	TRBJ2-1	LTDEMIAQY	1	TRBV7-9_CASSLGDSYNEQFF_TRBJ2-1
CAAGVNTGELFF	TRBV24-1	TRBJ2-2	NQKLIANQF	1	TRBV24-1_CAAGVNTGELFF_TRBJ2-2
CASSVGLAGATNEQFF	TRBV9	TRBJ2-1	NQKLIANQF	1	TRBV9_CASSVGLAGATNEQFF_TRBJ2-1
CASSLYGQSDSPLHF	TRBV28	TRBJ1-6	TTDPSFLGRY	1	TRBV28_CASSLYGQSDSPLHF_TRBJ1-6
CASSVDGGEFYEQYF	TRBV9	TRBJ2-7	VYFLQSINF	1	TRBV9_CASSVDGGEFYEQYF_TRBJ2-7
CASSELIEFYEQYF	TRBV2	TRBJ2-7	LTDEMIAQY	1	TRBV2_CASSELIEFYEQYF_TRBJ2-7
CASSVGRYTGELFF	TRBV19	TRBJ2-2	AEVQIDRLI	1	TRBV19_CASSVGRYTGELFF_TRBJ2-2
CASSLAPGVSQTQYF	TRBV11-2	TRBJ2-5	TTDPSFLGRY	1	TRBV11-2_CASSLAPGVSQTQYF_TRBJ2-5
CASSHRSGWETQYF	TRBV27	TRBJ2-5	TTDPSFLGRY	1	TRBV27_CASSHRSGWETQYF_TRBJ2-5
CASSLSSDSYEQYF	TRBV28	TRBJ2-7	PTDNYITTY	1	TRBV28_CASSLSSDSYEQYF_TRBJ2-7
CAISGRQGDTGELFF	TRBV10-3	TRBJ2-2	YLQPRTFLL	1	TRBV10-3_CAISGRQGDTGELFF_TRBJ2-2
CSARSAASTDTQYF	TRBV20-1	TRBJ2-3	YLQPRTFLL	1	TRBV20-1_CSARSAASTDTQYF_TRBJ2-3
CASSLGGAEAFF	TRBV11-3	TRBJ1-1	LLYDANYFL	2	TRBV11-3_CASSLGGAEAFF_TRBJ1-1
CAISEDVGQPQHF	TRBV10-3	TRBJ1-5	PTDNYITTY	1	TRBV10-3_CAISEDVGQPQHF_TRBJ1-5
CASRTGQGATQYF	TRBV11-2	TRBJ2-5	YLQPRTFLL	1	TRBV11-2_CASRTGQGATQYF_TRBJ2-5
CASSLPGYYGYTF	TRBV5-4	TRBJ1-2	YLQPRTFLL	1	TRBV5-4_CASSLPGYYGYTF_TRBJ1-2
CASSLASTDTQYF	TRBV28	TRBJ2-3	YLQPRTFLL	1	TRBV28_CASSLASTDTQYF_TRBJ2-3
CASSVAYRGNEQFF	TRBV9	TRBJ2-1	YLQPRTFLL	1	TRBV9_CASSVAYRGNEQFF_TRBJ2-1
CASSSSGPVNEQFF	TRBV27	TRBJ2-1	TTDPSFLGRY	1	TRBV27_CASSSSGPVNEQFF_TRBJ2-1
CASSPGAPGQGSYEQYF	TRBV27	TRBJ2-7	YLQPRTFLL	1	TRBV27_CASSPGAPGQGSYEQYF_TRBJ2-7
CSARTDHNTGELFF	TRBV20-1	TRBJ2-2	YLQPRTFLL	1	TRBV20-1_CSARTDHNTGELFF_TRBJ2-2
CASSQDTKRRAENTEAFF	TRBV3-1	TRBJ1-1	NQKLIANQF	1	TRBV3-1_CASSQDTKRRAENTEAFF_TRBJ1-1
CSARDPGTGAYYGYTF	TRBV20-1	TRBJ1-2	TTDPSFLGRY	1	TRBV20-1_CSARDPGTGAYYGYTF_TRBJ1-2
CAISGDPTGVNNEQFF	TRBV10-3	TRBJ2-1	YLQPRTFLL	1	TRBV10-3_CAISGDPTGVNNEQFF_TRBJ2-1
CASSILAGTYNEQFF	TRBV27	TRBJ2-1	YLQPRTFLL	1	TRBV27_CASSILAGTYNEQFF_TRBJ2-1
CASSLSGSPSPLHF	TRBV27	TRBJ1-6	TTDPSFLGRY	1	TRBV27_CASSLSGSPSPLHF_TRBJ1-6
CASSWTQGAYEQYF	TRBV28	TRBJ2-7	TTDPSFLGRY	1	TRBV28_CASSWTQGAYEQYF_TRBJ2-7
CASSFTSGSYEQYF	TRBV28	TRBJ2-7	TTDPSFLGRY	1	TRBV28_CASSFTSGSYEQYF_TRBJ2-7
CASSPLGGGNTGELFF	TRBV3-1	TRBJ2-2	YLQPRTFLL	1	TRBV3-1_CASSPLGGGNTGELFF_TRBJ2-2
CASSLSQGSQYF	TRBV27	TRBJ2-3	LTDEMIAQY	1	TRBV27_CASSLSQGSQYF_TRBJ2-3
CASSFYPEGHEQYF	TRBV13	TRBJ2-7	QYIKWPWYI	1	TRBV13_CASSFYPEGHEQYF_TRBJ2-7
CASTNRGGITYEQYF	TRBV6-6	TRBJ2-7	LTDEMIAQY	1	TRBV6-6_CASTNRGGITYEQYF_TRBJ2-7
CASSEGLVYEQYF	TRBV2	TRBJ2-7	TTDPSFLGRY	1	TRBV2_CASSEGLVYEQYF_TRBJ2-7
CSARGFRTGETGELFF	TRBV20-1	TRBJ2-2	NQKLIANQF	1	TRBV20-1_CSARGFRTGETGELFF_TRBJ2-2
CASSTEPLGSDIQYF	TRBV27	TRBJ2-4	TTDPSFLGRY	1	TRBV27_CASSTEPLGSDIQYF_TRBJ2-4
CASSYGPPYEQYF	TRBV6-5	TRBJ2-7	LTDEMIAQY	1	TRBV6-5_CASSYGPPYEQYF_TRBJ2-7
CASSPLSGLKEYF	TRBV13	TRBJ2-3	TTDPSFLGRY	1	TRBV13_CASSPLSGLKEYF_TRBJ2-3
CASSYLAERDNEQFF	TRBV6-2	TRBJ2-1	VYFLQSINF	1	TRBV6-2_CASSYLAERDNEQFF_TRBJ2-1
CASSRVWDTEAFF	TRBV2	TRBJ1-1	AEVQIDRLI	1	TRBV2_CASSRVWDTEAFF_TRBJ1-1
CASSPDIGAFF	TRBV7-9	TRBJ1-1	YLQPRTFLL	1	TRBV7-9_CASSPDIGAFF_TRBJ1-1
CSVEDRNSYEQYF	TRBV29-1	TRBJ2-7	TTDPSFLGRY	1	TRBV29-1_CSVEDRNSYEQYF_TRBJ2-7
CASSPGGTEAFF	TRBV18	TRBJ1-1	DTDFVNEFY	1	TRBV18_CASSPGGTEAFF_TRBJ1-1
CASSEDRGSYGYTF	TRBV6-1	TRBJ1-2	TTDPSFLGRY	1	TRBV6-1_CASSEDRGSYGYTF_TRBJ1-2
CASSPTGDYNSPLHF	TRBV28	TRBJ1-6	NQKLIANQF	1	TRBV28_CASSPTGDYNSPLHF_TRBJ1-6
CASRRDRAYEQYF	TRBV12-3	TRBJ2-7	NQKLIANQF	1	TRBV12-3_CASRRDRAYEQYF_TRBJ2-7
CASSEGQGYEQYF	TRBV6-1	TRBJ2-7	NYNYLYRLF	2	TRBV6-1_CASSEGQGYEQYF_TRBJ2-7
CSVLTGWPYEQYF	TRBV29-1	TRBJ2-7	LTDEMIAQY	1	TRBV29-1_CSVLTGWPYEQYF_TRBJ2-7
CASSSGSNYEQYF	TRBV5-6	TRBJ2-7	PTDNYITTY	1	TRBV5-6_CASSSGSNYEQYF_TRBJ2-7
CASTWGTDYNEQFF	TRBV28	TRBJ2-1	TTDPSFLGRY	1	TRBV28_CASTWGTDYNEQFF_TRBJ2-1
CSASTDRELNEQYF	TRBV20-1	TRBJ2-7	YLQPRTFLL	1	TRBV20-1_CSASTDRELNEQYF_TRBJ2-7
CASSVGGSEKNTEAFF	TRBV9	TRBJ1-1	YLQPRTFLL	1	TRBV9_CASSVGGSEKNTEAFF_TRBJ1-1
CASSMPNANTGELFF	TRBV19	TRBJ2-2	LTDEMIAQY	1	TRBV19_CASSMPNANTGELFF_TRBJ2-2
CASSGGALSEQYF	TRBV19	TRBJ2-7	YLQPRTFLL	1	TRBV19_CASSGGALSEQYF_TRBJ2-7
CSADDYSGSSDEQFF	TRBV20-1	TRBJ2-1	NQKLIANQF	1	TRBV20-1_CSADDYSGSSDEQFF_TRBJ2-1
CASSLVNGLGYTF	TRBV7-9	TRBJ1-2	SMGVTYEM	5	TRBV7-9_CASSLVNGLGYTF_TRBJ1-2
CASSLVNGLGYTF	TRBV7-9	TRBJ1-2	YMGVSYEM	5	TRBV7-9_CASSLVNGLGYTF_TRBJ1-2
CASSLVNGLGYTF	TRBV7-9	TRBJ1-2	YMGVVYEM	5	TRBV7-9_CASSLVNGLGYTF_TRBJ1-2
CASSLVNGLGYTF	TRBV7-9	TRBJ1-2	KMGVTYEM	5	TRBV7-9_CASSLVNGLGYTF_TRBJ1-2
CASSLVNGLGYTF	TRBV7-9	TRBJ1-2	FMGVTYEM	5	TRBV7-9_CASSLVNGLGYTF_TRBJ1-2
CASSRDTVNTEAFF	TRBV10-1	TRBJ1-1	LMDMHNGQL	10	TRBV10-1_CASSRDTVNTEAFF_TRBJ1-1
CASSRDTVNTEAFF	TRBV10-1	TRBJ1-1	RLDAMNGQL	10	TRBV10-1_CASSRDTVNTEAFF_TRBJ1-1
CASSRDTVNTEAFF	TRBV10-1	TRBJ1-1	RMDYNNMQM	10	TRBV10-1_CASSRDTVNTEAFF_TRBJ1-1
CASSRDTVNTEAFF	TRBV10-1	TRBJ1-1	GMDYHNGHL	10	TRBV10-1_CASSRDTVNTEAFF_TRBJ1-1
CASSRDTVNTEAFF	TRBV10-1	TRBJ1-1	KMDYFSGQL	10	TRBV10-1_CASSRDTVNTEAFF_TRBJ1-1
CASSRDTVNTEAFF	TRBV10-1	TRBJ1-1	SMDWFQGQM	10	TRBV10-1_CASSRDTVNTEAFF_TRBJ1-1
CASSRDTVNTEAFF	TRBV10-1	TRBJ1-1	LMDYWQGQL	10	TRBV10-1_CASSRDTVNTEAFF_TRBJ1-1
CASSRDTVNTEAFF	TRBV10-1	TRBJ1-1	NMMWFQGQL	10	TRBV10-1_CASSRDTVNTEAFF_TRBJ1-1
CASSRDTVNTEAFF	TRBV10-1	TRBJ1-1	VLDLFQGQL	10	TRBV10-1_CASSRDTVNTEAFF_TRBJ1-1
CASSRDTVNTEAFF	TRBV10-1	TRBJ1-1	MMDFFNAQM	10	TRBV10-1_CASSRDTVNTEAFF_TRBJ1-1
CASSRDFVSNEQYF	TRBV10-1	TRBJ2-7	TMDFYQGQL	6	TRBV10-1_CASSRDFVSNEQYF_TRBJ2-7
CASSRDFVSNEQYF	TRBV10-1	TRBJ2-7	KMDYFSGQL	6	TRBV10-1_CASSRDFVSNEQYF_TRBJ2-7
CASSRDFVSNEQYF	TRBV10-1	TRBJ2-7	SMDWFQGQM	6	TRBV10-1_CASSRDFVSNEQYF_TRBJ2-7
CASSRDFVSNEQYF	TRBV10-1	TRBJ2-7	LMDYWQGQL	6	TRBV10-1_CASSRDFVSNEQYF_TRBJ2-7
CASSRDFVSNEQYF	TRBV10-1	TRBJ2-7	NMMWFQGQL	6	TRBV10-1_CASSRDFVSNEQYF_TRBJ2-7
CASSRDFVSNEQYF	TRBV10-1	TRBJ2-7	MMDFFNAQM	6	TRBV10-1_CASSRDFVSNEQYF_TRBJ2-7
CASSPSGLAGSNLGNEQFF	TRBV11-3	TRBJ2-1	RMEQVDWTV	12	TRBV11-3_CASSPSGLAGSNLGNEQFF_TRBJ2-1
CASSPSGLAGSNLGNEQFF	TRBV11-3	TRBJ2-1	KLEFMDWRL	12	TRBV11-3_CASSPSGLAGSNLGNEQFF_TRBJ2-1
CASSPSGLAGSNLGNEQFF	TRBV11-3	TRBJ2-1	WLDNFELCL	12	TRBV11-3_CASSPSGLAGSNLGNEQFF_TRBJ2-1
CASSPSGLAGSNLGNEQFF	TRBV11-3	TRBJ2-1	TLEYMDWLV	12	TRBV11-3_CASSPSGLAGSNLGNEQFF_TRBJ2-1
CASSPSGLAGSNLGNEQFF	TRBV11-3	TRBJ2-1	EMMLFDWKV	12	TRBV11-3_CASSPSGLAGSNLGNEQFF_TRBJ2-1
CASSPSGLAGSNLGNEQFF	TRBV11-3	TRBJ2-1	KLEQLDWTV	12	TRBV11-3_CASSPSGLAGSNLGNEQFF_TRBJ2-1
CASSPSGLAGSNLGNEQFF	TRBV11-3	TRBJ2-1	TMETIDWKV	12	TRBV11-3_CASSPSGLAGSNLGNEQFF_TRBJ2-1
CASSPSGLAGSNLGNEQFF	TRBV11-3	TRBJ2-1	TLEELDWCL	12	TRBV11-3_CASSPSGLAGSNLGNEQFF_TRBJ2-1
CASSPSGLAGSNLGNEQFF	TRBV11-3	TRBJ2-1	LLEDLDWDV	12	TRBV11-3_CASSPSGLAGSNLGNEQFF_TRBJ2-1
CASSPSGLAGSNLGNEQFF	TRBV11-3	TRBJ2-1	VLEEVDWLI	12	TRBV11-3_CASSPSGLAGSNLGNEQFF_TRBJ2-1
CASSPSGLAGSNLGNEQFF	TRBV11-3	TRBJ2-1	NMEYMTWDV	12	TRBV11-3_CASSPSGLAGSNLGNEQFF_TRBJ2-1
CASSPSGLAGSNLGNEQFF	TRBV11-3	TRBJ2-1	NVEYYDIKL	12	TRBV11-3_CASSPSGLAGSNLGNEQFF_TRBJ2-1
CASSPGALNTEAFF	TRBV19	TRBJ1-1	ELAGIGILTV	1	TRBV19_CASSPGALNTEAFF_TRBJ1-1
CASSPAALSGAYEQYF	TRBV27	TRBJ2-7	ELAGIGILTV	1	TRBV27_CASSPAALSGAYEQYF_TRBJ2-7
CASSRRSSGELFF	TRBV19	TRBJ2-2	ELAGIGILTV	2	TRBV19_CASSRRSSGELFF_TRBJ2-2
CASSFQGLGQPQHF	TRBV28	TRBJ1-5	ELAGIGILTV	1	TRBV28_CASSFQGLGQPQHF_TRBJ1-5
CASSRDSALWISTDTQYF	TRBV6-1	TRBJ2-3	ELAGIGILTV	2	TRBV6-1_CASSRDSALWISTDTQYF_TRBJ2-3
CSASETGVGQPQHF	TRBV20-1	TRBJ1-5	EAAGIGILTV	1	TRBV20-1_CSASETGVGQPQHF_TRBJ1-5
CASSQQGLGQPQHF	TRBV27	TRBJ1-5	EAAGIGILTV	1	TRBV27_CASSQQGLGQPQHF_TRBJ1-5
CSVSDLGVGQPQHF	TRBV20-1	TRBJ1-5	EAAGIGILTV	1	TRBV20-1_CSVSDLGVGQPQHF_TRBJ1-5
CASSQGDWGGSQPQHF	TRBV4-1	TRBJ1-5	EAAGIGILTV	1	TRBV4-1_CASSQGDWGGSQPQHF_TRBJ1-5
CASSRDSALWISTDTQYF	TRBV6-1	TRBJ2-3	EAAGIGILTV	2	TRBV6-1_CASSRDSALWISTDTQYF_TRBJ2-3
CASRLGTGPEAFF	TRBV27	TRBJ1-1	EAAGIGILTV	1	TRBV27_CASRLGTGPEAFF_TRBJ1-1
CASSFGLGTEAFF	TRBV28	TRBJ1-1	EAAGIGILTV	1	TRBV28_CASSFGLGTEAFF_TRBJ1-1
CASSLSNEGNEQYF	TRBV27	TRBJ2-7	EAAGIGILTV	1	TRBV27_CASSLSNEGNEQYF_TRBJ2-7
CASSPPGLSGNIQYF	TRBV2	TRBJ2-4	ELAGIGILTV	1	TRBV2_CASSPPGLSGNIQYF_TRBJ2-4
CASSPGTLADTQYF	TRBV18	TRBJ2-3	ELAGIGILTV	1	TRBV18_CASSPGTLADTQYF_TRBJ2-3
CASSAGYGQPQHF	TRBV6-1	TRBJ2-5	ELAGIGILTV	1	TRBV6-1_CASSAGYGQPQHF_TRBJ2-5
CASSQEIGSEQPQHF	TRBV4-1	TRBJ2-5	ELAGIGILTV	1	TRBV4-1_CASSQEIGSEQPQHF_TRBJ2-5
CASRPTGMGQPQHF	TRBV27	TRBJ2-5	ELAGIGILTV	1	TRBV27_CASRPTGMGQPQHF_TRBJ2-5
CASAWGGMTNEQYF	TRBV19	TRBJ2-7	ELAGIGILTV	1	TRBV19_CASAWGGMTNEQYF_TRBJ2-7
CASSETGGTEAFF	TRBV6-1	TRBJ1-1	EAAGIGILTV	1	TRBV6-1_CASSETGGTEAFF_TRBJ1-1
CASSDQGLGTEAFF	TRBV14	TRBJ1-1	EAAGIGILTV	1	TRBV14_CASSDQGLGTEAFF_TRBJ1-1
CASSYLGMGQPQHF	TRBV6-1	TRBJ2-5	EAAGIGILTV	1	TRBV6-1_CASSYLGMGQPQHF_TRBJ2-5
CASSLGDVDEYF	TRBV12-3	TRBJ2-7	EAAGIGILTV	1	TRBV12-3_CASSLGDVDEYF_TRBJ2-7
CASRSLGQGAEKLFF	TRBV27	TRBJ1-4	ELAGIGILTV	1	TRBV27_CASRSLGQGAEKLFF_TRBJ1-4
CASSPGVGTEAFF	TRBV6-2	TRBJ1-1	EFTVSGNIL	1	TRBV6-2_CASSPGVGTEAFF_TRBJ1-1
CASSPGASYEQYF	TRBV4-1	TRBJ2-7	ESITGSLGPLL	1	TRBV4-1_CASSPGASYEQYF_TRBJ2-7
CASSLPLGYEQYF	TRBV6-1	TRBJ2-7	LAMPFATPM	1	TRBV6-1_CASSLPLGYEQYF_TRBJ2-7
CASSQDSHSTSTDTQYF	TRBV3-1	TRBJ2-3	KASEKIFYV	1	TRBV3-1_CASSQDSHSTSTDTQYF_TRBJ2-3
CASSALFSGANVLTF	TRBV19	TRBJ2-6	KASEKIFYV	1	TRBV19_CASSALFSGANVLTF_TRBJ2-6
CASSLLPEGTGRVSGYTF	TRBV13	TRBJ1-2	VYFFLPDHL	1	TRBV13_CASSLLPEGTGRVSGYTF_TRBJ1-2
CATSSFRMTGDNSPLHF	TRBV15	TRBJ1-6	KASEKIFYV	1	TRBV15_CATSSFRMTGDNSPLHF_TRBJ1-6
CASSWEYEQYF	TRBV7-9	TRBJ2-7	KASEKIFYV	1	TRBV7-9_CASSWEYEQYF_TRBJ2-7
CSANPRTTLYEQYF	TRBV20-1	TRBJ2-7	MEVDPIGHLY	1	TRBV20-1_CSANPRTTLYEQYF_TRBJ2-7
CATSSEDSSNQPQHF	TRBV15	TRBJ1-5	HRRGSRSYV	1	TRBV15_CATSSEDSSNQPQHF_TRBJ1-5
CASSSSYSNQPQHF	TRBV7-9	TRBJ1-5	APRGPHGGAASGL	1	TRBV7-9_CASSSSYSNQPQHF_TRBJ1-5
CASSLASGSNQPQHF	TRBV7-9	TRBJ1-5	RVRFFFPSL	1	TRBV7-9_CASSLASGSNQPQHF_TRBJ1-5
CASSESQGDYYGYTF	TRBV7-8	TRBJ1-2	VLNGTVHPV	1	TRBV7-8_CASSESQGDYYGYTF_TRBJ1-2
CASSPHAGGVDEKLFF	TRBV18	TRBJ1-4	EEAAGIGIL	1	TRBV18_CASSPHAGGVDEKLFF_TRBJ1-4
CASSHHSGGIYNEQFF	TRBV6-5	TRBJ2-1	FQDYIKSYL	1	TRBV6-5_CASSHHSGGIYNEQFF_TRBJ2-1
CASSLMGGGNTIYF	TRBV2	TRBJ1-3	RYGSFSVTL	1	TRBV2_CASSLMGGGNTIYF_TRBJ1-3
CAILGQGYGYTF	TRBV10-3	TRBJ1-2	APRGPHGGAASGL	1	TRBV10-3_CAILGQGYGYTF_TRBJ1-2
CASQTFSPGQTQF	TRBV6-1	TRBJ2-7	APRGPHGGAASGL	1	TRBV6-1_CASQTFSPGQTQF_TRBJ2-7
CASSLGRYNEQFF	TRBV13	TRBJ2-1	YLEPGPVTA	1	TRBV13_CASSLGRYNEQFF_TRBJ2-1
CASSLGSSYEQYF	TRBV14	TRBJ2-7	YLEPGPVTA	1	TRBV14_CASSLGSSYEQYF_TRBJ2-7
CASSFIGGTDTQYF	TRBV7-3	TRBJ2-3	YLEPGPVTA	8	TRBV7-3_CASSFIGGTDTQYF_TRBJ2-3
CASSIGGPYEQYF	TRBV19	TRBJ2-7	YLEPGPVTA	1	TRBV19_CASSIGGPYEQYF_TRBJ2-7
CASSYVGNTGELFF	TRBV6-5	TRBJ2-2	SLLMWITQC	6	TRBV6-5_CASSYVGNTGELFF_TRBJ2-2
CASSFNMATGQYF	TRBV5-1	TRBJ2-7	EVDPIGHLY	3	TRBV5-1_CASSFNMATGQYF_TRBJ2-7
CSARVMVGGTEAFF	TRBV20-1	TRBJ1-1	NLVPMVATV	1	TRBV20-1_CSARVMVGGTEAFF_TRBJ1-1
CASSLEYSPRPYEQYF	TRBV7-9	TRBJ2-7	NLVPMVATV	1	TRBV7-9_CASSLEYSPRPYEQYF_TRBJ2-7
CASSPQTGTIYGYTF	TRBV6-5	TRBJ1-2	NLVPMVATV	1	TRBV6-5_CASSPQTGTIYGYTF_TRBJ1-2
CASSLLAVGTGGNTEAFF	TRBV7-2	TRBJ1-1	NLVPMVATV	1	TRBV7-2_CASSLLAVGTGGNTEAFF_TRBJ1-1
CASSLTTLAGVPYEQFF	TRBV7-3	TRBJ2-1	NLVPMVATV	1	TRBV7-3_CASSLTTLAGVPYEQFF_TRBJ2-1
CASSLLLAGYNEQFF	TRBV11-2	TRBJ2-1	NLVPMVATV	1	TRBV11-2_CASSLLLAGYNEQFF_TRBJ2-1
CASSVVTEAFF	TRBV12-3	TRBJ1-1	NLVPMVATV	2	TRBV12-3_CASSVVTEAFF_TRBJ1-1
CASTYGSYGYTF	TRBV12-3	TRBJ1-2	NLVPMVATV	1	TRBV12-3_CASTYGSYGYTF_TRBJ1-2
CASSELPGPPGEQYF	TRBV2	TRBJ2-7	SPRWYFYYL	2	TRBV2_CASSELPGPPGEQYF_TRBJ2-7
CASSQDGLSETQYF	TRBV4-1	TRBJ2-5	SPRWYFYYL	2	TRBV4-1_CASSQDGLSETQYF_TRBJ2-5
CASSDRPLGPNTEAFF	TRBV2	TRBJ1-1	SPRWYFYYL	2	TRBV2_CASSDRPLGPNTEAFF_TRBJ1-1
CASSEGQDNYGYTF	TRBV28	TRBJ1-2	SPRWYFYYL	2	TRBV28_CASSEGQDNYGYTF_TRBJ1-2
CASSYLAGGYNEQFF	TRBV14	TRBJ2-1	SPRWYFYYL	2	TRBV14_CASSYLAGGYNEQFF_TRBJ2-1
CASSPLTGTGSDKETQYF	TRBV27	TRBJ2-5	SPRWYFYYL	2	TRBV27_CASSPLTGTGSDKETQYF_TRBJ2-5
CASSLKTGGSTEAFF	TRBV2	TRBJ1-1	SPRWYFYYL	3	TRBV2_CASSLKTGGSTEAFF_TRBJ1-1
CASSELPGPPGEQYF	TRBV2	TRBJ2-7	LPRWYFYYL	2	TRBV2_CASSELPGPPGEQYF_TRBJ2-7
CASSQDGLSETQYF	TRBV4-1	TRBJ2-5	LPRWYFYYL	2	TRBV4-1_CASSQDGLSETQYF_TRBJ2-5
CASSDRPLGPNTEAFF	TRBV2	TRBJ1-1	LPRWYFYYL	2	TRBV2_CASSDRPLGPNTEAFF_TRBJ1-1
CASSEGQDNYGYTF	TRBV28	TRBJ1-2	LPRWYFYYL	2	TRBV28_CASSEGQDNYGYTF_TRBJ1-2
CASSYLAGGYNEQFF	TRBV14	TRBJ2-1	LPRWYFYYL	2	TRBV14_CASSYLAGGYNEQFF_TRBJ2-1
CASSPLTGTGSDKETQYF	TRBV27	TRBJ2-5	LPRWYFYYL	2	TRBV27_CASSPLTGTGSDKETQYF_TRBJ2-5
CASSLKTGGSTEAFF	TRBV2	TRBJ1-1	LPRWYFYYL	3	TRBV2_CASSLKTGGSTEAFF_TRBJ1-1
CASSPRETANSGANVLTF	TRBV27	TRBJ2-6	SPRWYFYYL	1	TRBV27_CASSPRETANSGANVLTF_TRBJ2-6
CASSHLVGSAIAKNIQYF	TRBV27	TRBJ2-4	SPRWYFYYL	1	TRBV27_CASSHLVGSAIAKNIQYF_TRBJ2-4
CASSPLVGSALAKNIQYF	TRBV27	TRBJ2-4	SPRWYFYYL	1	TRBV27_CASSPLVGSALAKNIQYF_TRBJ2-4
CASSEKPLSSYNEQFF	TRBV2	TRBJ2-1	SPRWYFYYL	1	TRBV2_CASSEKPLSSYNEQFF_TRBJ2-1
CASSPTSAPGLFSGNTIYF	TRBV7-2	TRBJ1-3	LPRWYFYYL	1	TRBV7-2_CASSPTSAPGLFSGNTIYF_TRBJ1-3
CSARGGDSAYEQYF	TRBV20-1	TRBJ2-7	SPRWYFYYL	1	TRBV20-1_CSARGGDSAYEQYF_TRBJ2-7
CATSTGGQPQHF	TRBV24-1	TRBJ1-5	SPRWYFYYL	1	TRBV24-1_CATSTGGQPQHF_TRBJ1-5
CASSLEAGRSPYEQYF	TRBV7-9	TRBJ2-7	SPRWYFYYL	1	TRBV7-9_CASSLEAGRSPYEQYF_TRBJ2-7
CASSQDQAGAISYEQYF	TRBV14	TRBJ2-7	LPRWYFYYL	1	TRBV14_CASSQDQAGAISYEQYF_TRBJ2-7
CASSSKQGPGELFF	TRBV5-5	TRBJ2-2	SPRWYFYYL	1	TRBV5-5_CASSSKQGPGELFF_TRBJ2-2
CASSIFSASGSVTDTQYF	TRBV19	TRBJ2-3	SPRWYFYYL	1	TRBV19_CASSIFSASGSVTDTQYF_TRBJ2-3
CASTLAGGPYNEQFF	TRBV5-1	TRBJ2-1	LPRWYFYYL	1	TRBV5-1_CASTLAGGPYNEQFF_TRBJ2-1
CSARSARGTDTQYF	TRBV20-1	TRBJ2-3	LPRWYFYYL	1	TRBV20-1_CSARSARGTDTQYF_TRBJ2-3
CASSERTGGSTEAFF	TRBV2	TRBJ1-1	SPRWYFYYL	1	TRBV2_CASSERTGGSTEAFF_TRBJ1-1
CASSLGVFTGAGNQPQHF	TRBV7-2	TRBJ1-5	SPRWYFYYL	1	TRBV7-2_CASSLGVFTGAGNQPQHF_TRBJ1-5
CASSAMPLAPQETQYF	TRBV2	TRBJ2-5	LPRWYFYYL	1	TRBV2_CASSAMPLAPQETQYF_TRBJ2-5
CASRRLAGGTDNEQFF	TRBV28	TRBJ2-1	LPRWYFYYL	1	TRBV28_CASRRLAGGTDNEQFF_TRBJ2-1
CSVSTRQETQYF	TRBV29-1	TRBJ2-5	LPRWYFYYL	1	TRBV29-1_CSVSTRQETQYF_TRBJ2-5
CASGLSYEQYF	TRBV12-5	TRBJ2-7	LPRWYFYYL	1	TRBV12-5_CASGLSYEQYF_TRBJ2-7
CASSVGSGLQYYEQYF	TRBV9	TRBJ2-7	SPRWYFYYL	1	TRBV9_CASSVGSGLQYYEQYF_TRBJ2-7
CASSLALLAGAGGELFF	TRBV7-8	TRBJ2-2	SPRWYFYYL	1	TRBV7-8_CASSLALLAGAGGELFF_TRBJ2-2
CASSALAGGPDNEQFF	TRBV28	TRBJ2-1	SPRWYFYYL	4	TRBV28_CASSALAGGPDNEQFF_TRBJ2-1
CASSALAGGPDNEQFF	TRBV28	TRBJ2-1	LPRWYFYYL	4	TRBV28_CASSALAGGPDNEQFF_TRBJ2-1
CATSRAQDNEQFF	TRBV15	TRBJ2-1	LPRWYFYYL	4	TRBV15_CATSRAQDNEQFF_TRBJ2-1
CASSPLTSNYGYTF	TRBV28	TRBJ1-2	LPRWYFYYL	1	TRBV28_CASSPLTSNYGYTF_TRBJ1-2
CAWSPITSNYGYTF	TRBV30	TRBJ1-2	SPRWYFYYL	1	TRBV30_CAWSPITSNYGYTF_TRBJ1-2
CSARAYRESAQYF	TRBV20-1	TRBJ2-3	SPRWYFYYL	1	TRBV20-1_CSARAYRESAQYF_TRBJ2-3
CASSYFQSSGGGYTF	TRBV27	TRBJ1-2	SPRWYFYYL	1	TRBV27_CASSYFQSSGGGYTF_TRBJ1-2
CASSRFPTGSNNEQFF	TRBV9	TRBJ2-1	SPRWYFYYL	1	TRBV9_CASSRFPTGSNNEQFF_TRBJ2-1
CASRAKVGAANEQFF	TRBV27	TRBJ2-1	SPRWYFYYL	1	TRBV27_CASRAKVGAANEQFF_TRBJ2-1
CASSLGQGHFTF	TRBV7-8	TRBJ1-2	SPRWYFYYL	1	TRBV7-8_CASSLGQGHFTF_TRBJ1-2
CASSERDSPGNVLTF	TRBV5-1	TRBJ2-6	SPRWYFYYL	1	TRBV5-1_CASSERDSPGNVLTF_TRBJ2-6
CASSLFAGAQGNQPQHF	TRBV7-2	TRBJ1-5	SPRWYFYYL	1	TRBV7-2_CASSLFAGAQGNQPQHF_TRBJ1-5
CASSQRGLAGAPSYNEQFF	TRBV6-5	TRBJ2-1	SPRWYFYYL	1	TRBV6-5_CASSQRGLAGAPSYNEQFF_TRBJ2-1
CASSEGLAGTNTGELFF	TRBV2	TRBJ2-2	SPRWYFYYL	1	TRBV2_CASSEGLAGTNTGELFF_TRBJ2-2
CASSERASPGNVLTF	TRBV5-1	TRBJ2-6	SPRWYFYYL	1	TRBV5-1_CASSERASPGNVLTF_TRBJ2-6
CSAGTRDKYYEQYF	TRBV20-1	TRBJ2-7	SPRWYFYYL	1	TRBV20-1_CSAGTRDKYYEQYF_TRBJ2-7
CASSSLTSGGARYTQYF	TRBV27	TRBJ2-3	SPRWYFYYL	2	TRBV27_CASSSLTSGGARYTQYF_TRBJ2-3
CASRPLTGGDQPQHF	TRBV27	TRBJ1-5	SPRWYFYYL	1	TRBV27_CASRPLTGGDQPQHF_TRBJ1-5
CASRRLTGGQQPQHF	TRBV27	TRBJ1-5	SPRWYFYYL	1	TRBV27_CASRRLTGGQQPQHF_TRBJ1-5
CASSSITGDRVRKETQYF	TRBV27	TRBJ2-5	SPRWYFYYL	1	TRBV27_CASSSITGDRVRKETQYF_TRBJ2-5
CASSDLRTANTEAFF	TRBV25-1	TRBJ1-1	SPRWYFYYL	1	TRBV25-1_CASSDLRTANTEAFF_TRBJ1-1
CASSSLTSGAYNEQFF	TRBV27	TRBJ2-1	SPRWYFYYL	1	TRBV27_CASSSLTSGAYNEQFF_TRBJ2-1
CASSSLTGSSGELFF	TRBV28	TRBJ2-2	SPRWYFYYL	1	TRBV28_CASSSLTGSSGELFF_TRBJ2-2
CASSQDAGTAHVGEQFF	TRBV4-1	TRBJ2-1	SPRWYFYYL	1	TRBV4-1_CASSQDAGTAHVGEQFF_TRBJ2-1
CASSFLTGPKGDYTF	TRBV28	TRBJ1-2	SPRWYFYYL	1	TRBV28_CASSFLTGPKGDYTF_TRBJ1-2
CATSDLTQDEQYF	TRBV24-1	TRBJ2-7	SPRWYFYYL	1	TRBV24-1_CATSDLTQDEQYF_TRBJ2-7
CASSQGGAIQYF	TRBV7-8	TRBJ2-4	SPRWYFYYL	1	TRBV7-8_CASSQGGAIQYF_TRBJ2-4
CATSDLPGKAGYTF	TRBV24-1	TRBJ1-2	SPRWYFYYL	1	TRBV24-1_CATSDLPGKAGYTF_TRBJ1-2
CASSLPPREQYF	TRBV7-8	TRBJ2-7	SPRWYFYYL	1	TRBV7-8_CASSLPPREQYF_TRBJ2-7
CASSPLAGVPLAAKNIQYF	TRBV27	TRBJ2-4	SPRWYFYYL	1	TRBV27_CASSPLAGVPLAAKNIQYF_TRBJ2-4
CASSQNRNRALNTEAFF	TRBV3-1	TRBJ1-1	SPRWYFYYL	1	TRBV3-1_CASSQNRNRALNTEAFF_TRBJ1-1
CASSQGGSSSEKLFF	TRBV3-1	TRBJ1-4	SPRWYFYYL	1	TRBV3-1_CASSQGGSSSEKLFF_TRBJ1-4
CASSWGGRGGYEQYF	TRBV27	TRBJ2-7	SPRWYFYYL	1	TRBV27_CASSWGGRGGYEQYF_TRBJ2-7
CASSVLPASGAGRNEQFF	TRBV6-2	TRBJ2-1	SPRWYFYYL	1	TRBV6-2_CASSVLPASGAGRNEQFF_TRBJ2-1
CASRAITGSGQPQHF	TRBV27	TRBJ1-5	SPRWYFYYL	1	TRBV27_CASRAITGSGQPQHF_TRBJ1-5
CASKALVGTAEAKNIQYF	TRBV27	TRBJ2-4	SPRWYFYYL	1	TRBV27_CASKALVGTAEAKNIQYF_TRBJ2-4
CASAPLVGAPEAKNIQYF	TRBV27	TRBJ2-4	SPRWYFYYL	1	TRBV27_CASAPLVGAPEAKNIQYF_TRBJ2-4
CASRPLAGGQDKETQYF	TRBV27	TRBJ2-5	SPRWYFYYL	1	TRBV27_CASRPLAGGQDKETQYF_TRBJ2-5
CASSPLAGGEEKKETQYF	TRBV27	TRBJ2-5	SPRWYFYYL	1	TRBV27_CASSPLAGGEEKKETQYF_TRBJ2-5
CASSFTSGGARRKETQYF	TRBV27	TRBJ2-5	SPRWYFYYL	1	TRBV27_CASSFTSGGARRKETQYF_TRBJ2-5
CASSYLPGGAKTEAFF	TRBV6-6	TRBJ1-1	SPRWYFYYL	1	TRBV6-6_CASSYLPGGAKTEAFF_TRBJ1-1
CASSVGGGVTDTQYF	TRBV9	TRBJ2-3	MVNTVAGAMK	1	TRBV9_CASSVGGGVTDTQYF_TRBJ2-3
CASSLGQAYEQYF	TRBV13	TRBJ2-1	FLRGRAYGL	1	TRBV13_CASSLGQAYEQYF_TRBJ2-1
CASSSGQAYEQYF	TRBV11-1	TRBJ2-1	FLRGRAYGL	1	TRBV11-1_CASSSGQAYEQYF_TRBJ2-1
CASSPTLYNEQFF	TRBV7-2	TRBJ2-1	GVYALIAGA	1	TRBV7-2_CASSPTLYNEQFF_TRBJ2-1
CASSLSYLNEQFF	TRBV5-1	TRBJ2-1	GVYALIAGA	1	TRBV5-1_CASSLSYLNEQFF_TRBJ2-1
CASHPVGSLTDTQYF	TRBV6-5	TRBJ2-3	GVYALIAGA	1	TRBV6-5_CASHPVGSLTDTQYF_TRBJ2-3
CASSEWVFWSSYNSPLHF	TRBV6-1	TRBJ1-6	GVYALIAGA	1	TRBV6-1_CASSEWVFWSSYNSPLHF_TRBJ1-6
CASSLILDSPLHF	TRBV7-9	TRBJ1-6	MTLHGHMMY	1	TRBV7-9_CASSLILDSPLHF_TRBJ1-6
CASSVTFRTGPMYGYTF	TRBV9	TRBJ1-2	MTLHGHMMY	1	TRBV9_CASSVTFRTGPMYGYTF_TRBJ1-2
CASSLDLDSDGYTF	TRBV7-9	TRBJ1-2	MTLHGHMMY	1	TRBV7-9_CASSLDLDSDGYTF_TRBJ1-2
CASSESENSYGYTF	TRBV2	TRBJ1-2	MTLHGHMMY	1	TRBV2_CASSESENSYGYTF_TRBJ1-2
CASSPPGSKAYGYTF	TRBV18	TRBJ1-2	MTLHGHMMY	1	TRBV18_CASSPPGSKAYGYTF_TRBJ1-2
CASGTAGGPSTDTQYF	TRBV12-5	TRBJ2-3	MTLHGHMMY	1	TRBV12-5_CASGTAGGPSTDTQYF_TRBJ2-3
CASSLTGGGNYGYTF	TRBV7-9	TRBJ1-2	MTLHGHMMY	1	TRBV7-9_CASSLTGGGNYGYTF_TRBJ1-2
CASSFLADGELFF	TRBV19	TRBJ2-2	MTLHGHMMY	1	TRBV19_CASSFLADGELFF_TRBJ2-2
CASSLSWGETQYF	TRBV7-9	TRBJ2-5	MTLHGHMMY	1	TRBV7-9_CASSLSWGETQYF_TRBJ2-5
CASSYHGQGAVDTQYF	TRBV6-5	TRBJ2-3	MTLHGHMMY	1	TRBV6-5_CASSYHGQGAVDTQYF_TRBJ2-3
CASSEGDRETGELFF	TRBV2	TRBJ2-2	MTLHGHMMY	1	TRBV2_CASSEGDRETGELFF_TRBJ2-2
CASSTRLARNNEQFF	TRBV19	TRBJ2-1	MTLHGHMMY	1	TRBV19_CASSTRLARNNEQFF_TRBJ2-1
CASSEGYWGTGRDTQYF	TRBV2	TRBJ2-3	MTLHGHMMY	1	TRBV2_CASSEGYWGTGRDTQYF_TRBJ2-3
CASSLTGRETQYF	TRBV7-9	TRBJ2-5	MTLHGHMMY	1	TRBV7-9_CASSLTGRETQYF_TRBJ2-5
CASSLGQYNSPLHF	TRBV7-9	TRBJ1-6	RLPGVLPRA	1	TRBV7-9_CASSLGQYNSPLHF_TRBJ1-6
CASSRVTSGHNEQFF	TRBV6-2	TRBJ2-1	RLPGVLPRA	1	TRBV6-2_CASSRVTSGHNEQFF_TRBJ2-1
CAIDPTGSLNQPQHF	TRBV10-3	TRBJ1-5	RLPGVLPRA	1	TRBV10-3_CAIDPTGSLNQPQHF_TRBJ1-5
CASSLGVRAQKTQYF	TRBV7-9	TRBJ2-5	RLPGVLPRA	1	TRBV7-9_CASSLGVRAQKTQYF_TRBJ2-5
CATGPRGSSYNEQFF	TRBV28	TRBJ2-1	RLPGVLPRA	1	TRBV28_CATGPRGSSYNEQFF_TRBJ2-1
CASSQSPGGEQFF	TRBV14	TRBJ2-1	RLPGVLPRA	1	TRBV14_CASSQSPGGEQFF_TRBJ2-1
CASTPPRGPQHF	TRBV28	TRBJ1-5	RLPGVLPRA	1	TRBV28_CASTPPRGPQHF_TRBJ1-5
CASSVAGSYGDTQYF	TRBV27	TRBJ2-3	RLPGVLPRA	1	TRBV27_CASSVAGSYGDTQYF_TRBJ2-3
CASSPTGLVYEQFF	TRBV27	TRBJ2-1	RLPGVLPRA	1	TRBV27_CASSPTGLVYEQFF_TRBJ2-1
CASSQEVGIWQTQYF	TRBV4-2	TRBJ2-5	RLPGVLPRA	1	TRBV4-2_CASSQEVGIWQTQYF_TRBJ2-5
CASSLEASTDTQYF	TRBV5-1	TRBJ2-3	RLPGVLPRA	1	TRBV5-1_CASSLEASTDTQYF_TRBJ2-3
CASSLFRETEAFF	TRBV11-2	TRBJ1-1	RLPGVLPRA	1	TRBV11-2_CASSLFRETEAFF_TRBJ1-1
CASSLTGETEKLFF	TRBV5-4	TRBJ1-4	RLPGVLPRA	1	TRBV5-4_CASSLTGETEKLFF_TRBJ1-4
CASSDTAGSSYNEQFF	TRBV28	TRBJ2-1	RLPGVLPRA	1	TRBV28_CASSDTAGSSYNEQFF_TRBJ2-1
CASRPLAAQETQYF	TRBV12-3	TRBJ2-5	RLPGVLPRA	1	TRBV12-3_CASRPLAAQETQYF_TRBJ2-5
CASSQGQEKETQYF	TRBV18	TRBJ2-5	RLPGVLPRA	1	TRBV18_CASSQGQEKETQYF_TRBJ2-5
CASRFDGSNQPQHF	TRBV19	TRBJ1-5	RLPGVLPRA	1	TRBV19_CASRFDGSNQPQHF_TRBJ1-5
CASSHELTRADTQYF	TRBV3-1	TRBJ2-3	RLPGVLPRA	1	TRBV3-1_CASSHELTRADTQYF_TRBJ2-3
CASSLTGTDTQYF	TRBV28	TRBJ2-3	RLPGVLPRA	1	TRBV28_CASSLTGTDTQYF_TRBJ2-3
CASSQGAAEAFF	TRBV4-1	TRBJ1-1	RLPGVLPRA	1	TRBV4-1_CASSQGAAEAFF_TRBJ1-1
CASSMTSGSPYNEQFF	TRBV12-4	TRBJ2-1	RLPGVLPRA	1	TRBV12-4_CASSMTSGSPYNEQFF_TRBJ2-1
CASSLVAGTDGYTF	TRBV7-3	TRBJ1-2	RLPGVLPRA	1	TRBV7-3_CASSLVAGTDGYTF_TRBJ1-2
CASRSDRVTEHTQYF	TRBV13	TRBJ2-3	RLPGVLPRA	1	TRBV13_CASRSDRVTEHTQYF_TRBJ2-3
CASSDGSYEQYF	TRBV10-1	TRBJ2-7	RLPGVLPRA	1	TRBV10-1_CASSDGSYEQYF_TRBJ2-7
CASSDSGTEAFF	TRBV10-2	TRBJ1-1	RLPGVLPRA	1	TRBV10-2_CASSDSGTEAFF_TRBJ1-1
CSASEGYTF	TRBV20-1	TRBJ1-2	RLPGVLPRA	1	TRBV20-1_CSASEGYTF_TRBJ1-2
CASSYPTSGYNEQFF	TRBV6-3	TRBJ2-1	RLPGVLPRA	1	TRBV6-3_CASSYPTSGYNEQFF_TRBJ2-1
CASSSGLAGASNEQFF	TRBV13	TRBJ2-1	RLPGVLPRA	1	TRBV13_CASSSGLAGASNEQFF_TRBJ2-1
CASSLIGLAEQFF	TRBV14	TRBJ2-1	RLPGVLPRA	1	TRBV14_CASSLIGLAEQFF_TRBJ2-1
CSVEKGNNYGYTF	TRBV29-1	TRBJ1-2	RLPGVLPRA	1	TRBV29-1_CSVEKGNNYGYTF_TRBJ1-2
CASSLSQGIYYEQYF	TRBV7-6	TRBJ2-7	RLPGVLPRA	1	TRBV7-6_CASSLSQGIYYEQYF_TRBJ2-7
CASEGVHEQFF	TRBV2	TRBJ2-1	LLIRWQHFL	1	TRBV2_CASEGVHEQFF_TRBJ2-1
CASSPVGWGNTIYF	TRBV18	TRBJ1-3	AALPILFQV	1	TRBV18_CASSPVGWGNTIYF_TRBJ1-3
CASSTMGDYYEQYF	TRBV14	TRBJ2-7	ALLLQLFTL	1	TRBV14_CASSTMGDYYEQYF_TRBJ2-7
CASSLWAGNTIYF	TRBV7-6	TRBJ1-3	ALLPGLPAA	1	TRBV7-6_CASSLWAGNTIYF_TRBJ1-3
CAINSGFGSPLHF	TRBV15	TRBJ1-6	ALLPGLPAA	1	TRBV15_CAINSGFGSPLHF_TRBJ1-6
CSASQIYEQYF	TRBV20-1	TRBJ2-7	ALLPGLPAA	1	TRBV20-1_CSASQIYEQYF_TRBJ2-7
CASSFSLQYEQYF	TRBV7-7	TRBJ2-7	ALLPGLPAA	1	TRBV7-7_CASSFSLQYEQYF_TRBJ2-7
CASSLFGLAGVEETQYF	TRBV28	TRBJ2-5	RLPGVLPRA	1	TRBV28_CASSLFGLAGVEETQYF_TRBJ2-5
CASSQAISDREVWDQETQYF	TRBV3-1	TRBJ2-5	RLPGVLPRA	1	TRBV3-1_CASSQAISDREVWDQETQYF_TRBJ2-5
CASSLTPPGSYNEQFF	TRBV27	TRBJ2-1	RLPGVLPRA	1	TRBV27_CASSLTPPGSYNEQFF_TRBJ2-1
CASSFGGDGYNEQFF	TRBV12-3	TRBJ2-1	RLPGVLPRA	1	TRBV12-3_CASSFGGDGYNEQFF_TRBJ2-1
CASSLRDRGNQPQHF	TRBV13	TRBJ1-5	RLPGVLPRA	1	TRBV13_CASSLRDRGNQPQHF_TRBJ1-5
CSVEDLGAGVSNEQFF	TRBV29-1	TRBJ2-1	RLPGVLPRA	1	TRBV29-1_CSVEDLGAGVSNEQFF_TRBJ2-1
CASSYEDHEQYF	TRBV3-1	TRBJ2-7	RLPGVLPRA	1	TRBV3-1_CASSYEDHEQYF_TRBJ2-7
CASSYSPGYEQYF	TRBV6-5	TRBJ2-7	RLPGVLPRA	1	TRBV6-5_CASSYSPGYEQYF_TRBJ2-7
CASSLEVGLAPNEQFF	TRBV27	TRBJ2-1	RLPGVLPRA	1	TRBV27_CASSLEVGLAPNEQFF_TRBJ2-1
CASSLAGGSYEQYF	TRBV27	TRBJ2-7	RLPGVLPRA	1	TRBV27_CASSLAGGSYEQYF_TRBJ2-7
CASSLITGDTEAFF	TRBV27	TRBJ1-1	RLPGVLPRA	1	TRBV27_CASSLITGDTEAFF_TRBJ1-1
CASSPRDEQFF	TRBV7-9	TRBJ2-1	RLGEVRHPV	1	TRBV7-9_CASSPRDEQFF_TRBJ2-1
CAASQNTEAFF	TRBV6-1	TRBJ1-1	ILDTAGKEEY	1	TRBV6-1_CAASQNTEAFF_TRBJ1-1
CASSTPGPSAYEQYF	TRBV6-6	TRBJ2-7	ILDTAGKEEY	1	TRBV6-6_CASSTPGPSAYEQYF_TRBJ2-7
CAEGENTEAFF	TRBV6-1	TRBJ1-1	ILDTAGKEEY	1	TRBV6-1_CAEGENTEAFF_TRBJ1-1
CASSQNTEAFF	TRBV6-6	TRBJ1-1	ILDTAGKEEY	1	TRBV6-6_CASSQNTEAFF_TRBJ1-1
CASSRAGTGYNEQFF	TRBV19	TRBJ2-1	KTFPPTEPK	1	TRBV19_CASSRAGTGYNEQFF_TRBJ2-1
CASSPSVYFEVSGANVLTF	TRBV18	TRBJ2-6	KTFPPTEPK	1	TRBV18_CASSPSVYFEVSGANVLTF_TRBJ2-6
CSARDEKATNTGELFF	TRBV20-1	TRBJ2-2	YLQPRTFLL	1	TRBV20-1_CSARDEKATNTGELFF_TRBJ2-2
CASMEENTGELFF	TRBV5-1	TRBJ2-2	YLQPRTFLL	1	TRBV5-1_CASMEENTGELFF_TRBJ2-2
CASSPGTTLAKNIQYF	TRBV7-6	TRBJ2-4	YLQPRTFLL	1	TRBV7-6_CASSPGTTLAKNIQYF_TRBJ2-4
CASIRDHNTGELFF	TRBV5-4	TRBJ2-2	YLQPRTFLL	1	TRBV5-4_CASIRDHNTGELFF_TRBJ2-2
CATQTANTGELFF	TRBV24-1	TRBJ2-2	YLQPRTFLL	2	TRBV24-1_CATQTANTGELFF_TRBJ2-2
CASSELNTGELFF	TRBV2	TRBJ2-2	YLQPRTFLL	1	TRBV2_CASSELNTGELFF_TRBJ2-2
CAAGDANTGELFF	TRBV5-1	TRBJ2-2	YLQPRTFLL	1	TRBV5-1_CAAGDANTGELFF_TRBJ2-2
CASSLVTGTGWGYTF	TRBV6-5	TRBJ1-2	NLVPMVATV	1	TRBV6-5_CASSLVTGTGWGYTF_TRBJ1-2
CASSLDRVTGELFF	TRBV27	TRBJ2-2	NLVPMVATV	1	TRBV27_CASSLDRVTGELFF_TRBJ2-2
CASSSTNGYTF	TRBV12-4	TRBJ1-2	NLVPMVATV	1	TRBV12-4_CASSSTNGYTF_TRBJ1-2
CASSPITGTGIYGYTF	TRBV6-5	TRBJ1-2	NLVPMVATV	1	TRBV6-5_CASSPITGTGIYGYTF_TRBJ1-2
CASSLDRVTGECFF	TRBV27	TRBJ2-2	NLVPMVATV	1	TRBV27_CASSLDRVTGECFF_TRBJ2-2
CASSPQGDSASSGNTIYF	TRBV4-2	TRBJ1-3	KLSALGINAV	1	TRBV4-2_CASSPQGDSASSGNTIYF_TRBJ1-3
CSALRLDTDTQYF	TRBV29-1	TRBJ2-3	KLSALGINAV	1	TRBV29-1_CSALRLDTDTQYF_TRBJ2-3
CASSLGTAITDTQYF	TRBV12-4	TRBJ2-3	KLSALGINAV	1	TRBV12-4_CASSLGTAITDTQYF_TRBJ2-3
CASSGDRNQPQHF	TRBV2	TRBJ1-5	KLSALGINAV	1	TRBV2_CASSGDRNQPQHF_TRBJ1-5
CASSWGGETQYF	TRBV25-1	TRBJ2-5	KLSALGINAV	1	TRBV25-1_CASSWGGETQYF_TRBJ2-5
CASSLAGQGANEKLFF	TRBV28	TRBJ1-4	KLSALGINAV	1	TRBV28_CASSLAGQGANEKLFF_TRBJ1-4
CASSRAVSGNTIYF	TRBV9	TRBJ1-3	KLSALGINAV	1	TRBV9_CASSRAVSGNTIYF_TRBJ1-3
CAWSVRGIGGNTIYF	TRBV30	TRBJ1-3	KLSALGINAV	1	TRBV30_CAWSVRGIGGNTIYF_TRBJ1-3
CASSERVAGGSTGELFF	TRBV10-2	TRBJ2-2	KLSALGINAV	1	TRBV10-2_CASSERVAGGSTGELFF_TRBJ2-2
CASSWDPTYNEQFF	TRBV6-2	TRBJ2-1	KLSALGINAV	1	TRBV6-2_CASSWDPTYNEQFF_TRBJ2-1
CASSFITSGFPYEQYF	TRBV28	TRBJ2-7	KLSALGINAV	1	TRBV28_CASSFITSGFPYEQYF_TRBJ2-7
CASSFPGTGGNIQYF	TRBV5-1	TRBJ2-4	KLSALGINAV	1	TRBV5-1_CASSFPGTGGNIQYF_TRBJ2-4
CAWSVPGVGGNEQFF	TRBV30	TRBJ2-1	KLSALGINAV	1	TRBV30_CAWSVPGVGGNEQFF_TRBJ2-1
CASSPEGVGGGEQYF	TRBV9	TRBJ2-7	KLSALGINAV	1	TRBV9_CASSPEGVGGGEQYF_TRBJ2-7
CASSVGGGGNEQFF	TRBV9	TRBJ2-1	KLSALGINAV	1	TRBV9_CASSVGGGGNEQFF_TRBJ2-1
CASSVSALGSDTQYF	TRBV9	TRBJ2-3	KLSALGINAV	1	TRBV9_CASSVSALGSDTQYF_TRBJ2-3
CASSKDRNQPQHF	TRBV2	TRBJ1-5	KLSALGINAV	1	TRBV2_CASSKDRNQPQHF_TRBJ1-5
CASSQDRNYGYTF	TRBV2	TRBJ1-2	KLSALGINAV	1	TRBV2_CASSQDRNYGYTF_TRBJ1-2
CASSFLAGPQETQYF	TRBV13	TRBJ2-5	KLSALGINAV	1	TRBV13_CASSFLAGPQETQYF_TRBJ2-5
CASSYLGSGANVLTF	TRBV6-5	TRBJ2-6	KLSALGINAV	1	TRBV6-5_CASSYLGSGANVLTF_TRBJ2-6
CASALSWEGLAESYEQYF	TRBV6-2	TRBJ2-7	KLSALGINAV	1	TRBV6-2_CASALSWEGLAESYEQYF_TRBJ2-7
CATSDSGLAGDYNEQFF	TRBV24-1	TRBJ2-1	KLSALGINAV	1	TRBV24-1_CATSDSGLAGDYNEQFF_TRBJ2-1
CAIQDAGASYEQYF	TRBV6-2	TRBJ2-7	LLWNGPMAV	1	TRBV6-2_CAIQDAGASYEQYF_TRBJ2-7
CAISDLAGEPKTQETQYF	TRBV10-3	TRBJ2-5	LLWNGPMAV	1	TRBV10-3_CAISDLAGEPKTQETQYF_TRBJ2-5
CARSTGGDSYGYTF	TRBV6-6	TRBJ1-2	LLWNGPMAV	1	TRBV6-6_CARSTGGDSYGYTF_TRBJ1-2
CASAPGGGYEQYF	TRBV11-2	TRBJ2-7	LLWNGPMAV	1	TRBV11-2_CASAPGGGYEQYF_TRBJ2-7
CASSGDAAGAYGYTF	TRBV9	TRBJ1-2	LLWNGPMAV	1	TRBV9_CASSGDAAGAYGYTF_TRBJ1-2
CASSPRRTGYTGELFF	TRBV5-5	TRBJ2-2	LLWNGPMAV	1	TRBV5-5_CASSPRRTGYTGELFF_TRBJ2-2
CASIGGYGQPQHF	TRBV28	TRBJ1-5	LLWNGPMAV	1	TRBV28_CASIGGYGQPQHF_TRBJ1-5
CASNRDRDYGYTF	TRBV28	TRBJ1-2	LLWNGPMAV	1	TRBV28_CASNRDRDYGYTF_TRBJ1-2
CASSHGGGFAYEQYF	TRBV11-2	TRBJ2-7	LLWNGPMAV	1	TRBV11-2_CASSHGGGFAYEQYF_TRBJ2-7
CASSPYEAFF	TRBV12-3	TRBJ1-1	LLWNGPMAV	1	TRBV12-3_CASSPYEAFF_TRBJ1-1
CASRDRGVGSPLHF	TRBV5-6	TRBJ1-6	LLWNGPMAV	1	TRBV5-6_CASRDRGVGSPLHF_TRBJ1-6
CASSQAGTSYEQYF	TRBV4-1	TRBJ2-7	LLWNGPMAV	1	TRBV4-1_CASSQAGTSYEQYF_TRBJ2-7
CATSGTGGHEQYF	TRBV15	TRBJ2-7	LLWNGPMAV	1	TRBV15_CATSGTGGHEQYF_TRBJ2-7
CASRPGTNTEAFF	TRBV19	TRBJ1-1	LLWNGPMAV	1	TRBV19_CASRPGTNTEAFF_TRBJ1-1
CASSAAPAYEQYF	TRBV9	TRBJ2-7	LLWNGPMAV	1	TRBV9_CASSAAPAYEQYF_TRBJ2-7
CASSASRNTDGTDTQYF	TRBV28	TRBJ2-3	LLWNGPMAV	1	TRBV28_CASSASRNTDGTDTQYF_TRBJ2-3
CASSQTATTGPGSPLHF	TRBV6-1	TRBJ1-6	LLWNGPMAV	1	TRBV6-1_CASSQTATTGPGSPLHF_TRBJ1-6
CASSQTSGTGNYEQYF	TRBV7-9	TRBJ2-7	LLWNGPMAV	1	TRBV7-9_CASSQTSGTGNYEQYF_TRBJ2-7
CSVRTATYNEQFF	TRBV20-1	TRBJ2-1	LLWNGPMAV	1	TRBV20-1_CSVRTATYNEQFF_TRBJ2-1
CASSLGGAAYNEQFF	TRBV7-3	TRBJ2-1	LLWNGPMAV	1	TRBV7-3_CASSLGGAAYNEQFF_TRBJ2-1
CASSDMAGNQPQHF	TRBV6-4	TRBJ1-5	LLWNGPMAV	1	TRBV6-4_CASSDMAGNQPQHF_TRBJ1-5
CASSEAAGRANYGYTF	TRBV6-1	TRBJ1-2	LLWNGPMAV	1	TRBV6-1_CASSEAAGRANYGYTF_TRBJ1-2
CASSEGIYGYTF	TRBV6-1	TRBJ1-2	LLWNGPMAV	1	TRBV6-1_CASSEGIYGYTF_TRBJ1-2
CASSSTGTRGSYEQYF	TRBV7-9	TRBJ2-7	LLWNGPMAV	1	TRBV7-9_CASSSTGTRGSYEQYF_TRBJ2-7
CASSLSSATGELFF	TRBV28	TRBJ2-2	LLWNGPMAV	1	TRBV28_CASSLSSATGELFF_TRBJ2-2
CASSFGTSGTYEQYF	TRBV6-5	TRBJ2-7	LLWNGPMAV	1	TRBV6-5_CASSFGTSGTYEQYF_TRBJ2-7
CASSPDGGHSTDTQYF	TRBV18	TRBJ2-3	LLWNGPMAV	1	TRBV18_CASSPDGGHSTDTQYF_TRBJ2-3
CATSGRTGGGEQYF	TRBV15	TRBJ2-7	LLWNGPMAV	1	TRBV15_CATSGRTGGGEQYF_TRBJ2-7
CASSPGGVSYNEQFF	TRBV9	TRBJ2-1	LLWNGPMAV	1	TRBV9_CASSPGGVSYNEQFF_TRBJ2-1
CASSYFKGAGELFF	TRBV28	TRBJ2-2	LLWNGPMAV	1	TRBV28_CASSYFKGAGELFF_TRBJ2-2
CASSYRVSPYNEQFF	TRBV5-6	TRBJ2-1	LLWNGPMAV	1	TRBV5-6_CASSYRVSPYNEQFF_TRBJ2-1
CASSGGQGAYEQYF	TRBV9	TRBJ2-7	LLWNGPMAV	1	TRBV9_CASSGGQGAYEQYF_TRBJ2-7
CASSGTGAYEQYF	TRBV11-1	TRBJ2-7	LLWNGPMAV	1	TRBV11-1_CASSGTGAYEQYF_TRBJ2-7
CASSPTPAGGAYEQYF	TRBV3-1	TRBJ2-7	LLWNGPMAV	1	TRBV3-1_CASSPTPAGGAYEQYF_TRBJ2-7
CASSQAENYGYTF	TRBV4-1	TRBJ1-2	LLWNGPMAV	1	TRBV4-1_CASSQAENYGYTF_TRBJ1-2
CASSQDLGGAYEQYF	TRBV3-1	TRBJ2-7	LLWNGPMAV	1	TRBV3-1_CASSQDLGGAYEQYF_TRBJ2-7
CATSTGGGYEQYF	TRBV15	TRBJ2-7	LLWNGPMAV	1	TRBV15_CATSTGGGYEQYF_TRBJ2-7
CASSLRDSSYEQYF	TRBV27	TRBJ2-7	LLWNGPMAV	1	TRBV27_CASSLRDSSYEQYF_TRBJ2-7
CASSLRGPTGYTF	TRBV28	TRBJ1-2	LLWNGPMAV	1	TRBV28_CASSLRGPTGYTF_TRBJ1-2
CASSRDSGWNSNQPQHF	TRBV5-5	TRBJ1-5	LLWNGPMAV	1	TRBV5-5_CASSRDSGWNSNQPQHF_TRBJ1-5
CATSGGPAYEQYF	TRBV15	TRBJ2-7	LLWNGPMAV	1	TRBV15_CATSGGPAYEQYF_TRBJ2-7
CASSSALAYEQYF	TRBV6-5	TRBJ2-7	LLWNGPMAV	1	TRBV6-5_CASSSALAYEQYF_TRBJ2-7
CASSTGTVSYEQYF	TRBV10-2	TRBJ2-7	LLWNGPMAV	1	TRBV10-2_CASSTGTVSYEQYF_TRBJ2-7
CASSPTMHYEQYF	TRBV4-1	TRBJ2-7	LLWNGPMAV	1	TRBV4-1_CASSPTMHYEQYF_TRBJ2-7
CATGRDRAYEQYF	TRBV15	TRBJ2-7	LLWNGPMAV	1	TRBV15_CATGRDRAYEQYF_TRBJ2-7
CASTPEGSYNEQFF	TRBV7-6	TRBJ2-1	LLWNGPMAV	1	TRBV7-6_CASTPEGSYNEQFF_TRBJ2-1
CATSLGQAYGYTF	TRBV15	TRBJ1-2	LLWNGPMAV	1	TRBV15_CATSLGQAYGYTF_TRBJ1-2
CASTTGGSLPPEAFF	TRBV12-3	TRBJ1-1	LLWNGPMAV	1	TRBV12-3_CASTTGGSLPPEAFF_TRBJ1-1
CASRYRDDSYNEQFF	TRBV7-9	TRBJ2-1	EENLLDFVRF	2	TRBV7-9_CASRYRDDSYNEQFF_TRBJ2-1
CASSDLDSGVNTEAFF	TRBV2	TRBJ1-1	RMFPNAPYL	1	TRBV2_CASSDLDSGVNTEAFF_TRBJ1-1
CATAQGLSSYEQYF	TRBV12-4	TRBJ2-7	RMFPNAPYL	1	TRBV12-4_CATAQGLSSYEQYF_TRBJ2-7
CACPGPLTYEQYF	TRBV30	TRBJ2-7	RMFPNAPYL	1	TRBV30_CACPGPLTYEQYF_TRBJ2-7
CASSLEIFGGIADTDTQYF	TRBV11-2	TRBJ2-3	KIFGSLAFL	1	TRBV11-2_CASSLEIFGGIADTDTQYF_TRBJ2-3
CASSPYRNTEAFF	TRBV4-3	TRBJ1-1	RPHERNGFTVL	2	TRBV4-3_CASSPYRNTEAFF_TRBJ1-1
CASSPLAGVGNEQFF	TRBV4-2	TRBJ2-1	YSEHPTFTSQY	1	TRBV4-2_CASSPLAGVGNEQFF_TRBJ2-1
CASSDPGTSSDTQYF	TRBV27	TRBJ2-3	YSEHPTFTSQY	1	TRBV27_CASSDPGTSSDTQYF_TRBJ2-3
CATSDPLAAAYEQYF	TRBV24-1	TRBJ2-7	NLVPMVATV	1	TRBV24-1_CATSDPLAAAYEQYF_TRBJ2-7
CASSPFSGAPYEQYF	TRBV27	TRBJ2-7	NLVPMVATV	1	TRBV27_CASSPFSGAPYEQYF_TRBJ2-7
CASSSVTEAFF	TRBV12-4	TRBJ1-1	NLVPMVATV	1	TRBV12-4_CASSSVTEAFF_TRBJ1-1
CASSSVNEQYF	TRBV12-4	TRBJ2-7	NLVPMVATV	1	TRBV12-4_CASSSVNEQYF_TRBJ2-7
CASTPFASTEAFF	TRBV6-5	TRBJ1-1	NLVPMVATV	1	TRBV6-5_CASTPFASTEAFF_TRBJ1-1
CASAPNPNTGELFF	TRBV12-4	TRBJ2-2	RPHERNGFTVL	1	TRBV12-4_CASAPNPNTGELFF_TRBJ2-2
CASSPHRNTEAFF	TRBV4-3	TRBJ1-1	RPHERNGFTVL	1	TRBV4-3_CASSPHRNTEAFF_TRBJ1-1
CSARATGQDSNTEAFF	TRBV20-1	TRBJ1-1	RPHERNGFTVL	1	TRBV20-1_CSARATGQDSNTEAFF_TRBJ1-1
CASSVGSSATYNEQFF	TRBV9	TRBJ2-1	RPHERNGFTVL	1	TRBV9_CASSVGSSATYNEQFF_TRBJ2-1
CASSLLQGARTEAFF	TRBV7-9	TRBJ1-1	TPRVTGGGAM	1	TRBV7-9_CASSLLQGARTEAFF_TRBJ1-1
CASSSHDRHGIGSPLHF	TRBV7-9	TRBJ1-6	TPRVTGGGAM	1	TRBV7-9_CASSSHDRHGIGSPLHF_TRBJ1-6
CASSDRTEGDYEQYF	TRBV7-9	TRBJ2-7	TPRVTGGGAM	1	TRBV7-9_CASSDRTEGDYEQYF_TRBJ2-7
CASSNRDRGAYEQYF	TRBV7-9	TRBJ2-7	TPRVTGGGAM	1	TRBV7-9_CASSNRDRGAYEQYF_TRBJ2-7
CASRTGTGNLYEQYF	TRBV27	TRBJ2-7	TPRVTGGGAM	1	TRBV27_CASRTGTGNLYEQYF_TRBJ2-7
CAISLGTSGRESYNEQFF	TRBV10-3	TRBJ2-1	RPHERNGFTVL	1	TRBV10-3_CAISLGTSGRESYNEQFF_TRBJ2-1
CASSPEGTGSYEQYF	TRBV18	TRBJ2-7	RPHERNGFTVL	1	TRBV18_CASSPEGTGSYEQYF_TRBJ2-7
CASSLSLDSGANVLTF	TRBV5-5	TRBJ2-6	RPHERNGFTVL	1	TRBV5-5_CASSLSLDSGANVLTF_TRBJ2-6
CASSHDERTGSYEQYF	TRBV7-8	TRBJ2-7	RPHERNGFTVL	1	TRBV7-8_CASSHDERTGSYEQYF_TRBJ2-7
CASSLGLGTGHPNEKLFF	TRBV7-9	TRBJ1-4	TPRVTGGGAM	1	TRBV7-9_CASSLGLGTGHPNEKLFF_TRBJ1-4
CASSSHEVQGYNSPLHF	TRBV7-9	TRBJ1-6	TPRVTGGGAM	1	TRBV7-9_CASSSHEVQGYNSPLHF_TRBJ1-6
CASSSRQGFTTGELFF	TRBV7-9	TRBJ2-2	TPRVTGGGAM	1	TRBV7-9_CASSSRQGFTTGELFF_TRBJ2-2
CASSTRDRGSYEQYF	TRBV7-9	TRBJ2-7	TPRVTGGGAM	1	TRBV7-9_CASSTRDRGSYEQYF_TRBJ2-7
CASSLGPAHYEQYF	TRBV27	TRBJ2-7	TPRVTGGGAM	1	TRBV27_CASSLGPAHYEQYF_TRBJ2-7
CASSPQRNTEAFF	TRBV4-3	TRBJ1-1	RPHERNGFTVL	1	TRBV4-3_CASSPQRNTEAFF_TRBJ1-1
CASSPSRNTEAFF	TRBV4-3	TRBJ1-1	RPHERNGFTVL	1	TRBV4-3_CASSPSRNTEAFF_TRBJ1-1
CASSQTRNREAFF	TRBV4-3	TRBJ1-1	RPHERNGFTVL	1	TRBV4-3_CASSQTRNREAFF_TRBJ1-1
CASGPGRGLSLGNQPQHF	TRBV2	TRBJ1-5	RPHERNGFTVL	1	TRBV2_CASGPGRGLSLGNQPQHF_TRBJ1-5
CASSFIGEGGSDEQYF	TRBV7-9	TRBJ2-7	TPRVTGGGAM	1	TRBV7-9_CASSFIGEGGSDEQYF_TRBJ2-7
CASSFRDRGNYEQYF	TRBV7-9	TRBJ2-7	TPRVTGGGAM	1	TRBV7-9_CASSFRDRGNYEQYF_TRBJ2-7
CASSYDTGLTEQYF	TRBV7-9	TRBJ2-7	TPRVTGGGAM	1	TRBV7-9_CASSYDTGLTEQYF_TRBJ2-7
CASSLIGVSPYNEQFF	TRBV7-9	TRBJ2-1	TPRVTGGGAM	1	TRBV7-9_CASSLIGVSPYNEQFF_TRBJ2-1
CASSLIGVSSYNEQFF	TRBV7-9	TRBJ2-1	TPRVTGGGAM	2	TRBV7-9_CASSLIGVSSYNEQFF_TRBJ2-1
CARGGRAKNTEAFF	TRBV2	TRBJ1-1	RPHERNGFTVL	1	TRBV2_CARGGRAKNTEAFF_TRBJ1-1
CASSQAGRGLGEKLFF	TRBV3-1	TRBJ1-4	RPHERNGFTVL	1	TRBV3-1_CASSQAGRGLGEKLFF_TRBJ1-4
CASSRFVPGQGGGTDTQYF	TRBV5-5	TRBJ2-3	RPHERNGFTVL	1	TRBV5-5_CASSRFVPGQGGGTDTQYF_TRBJ2-3
CASSKPGTGLSGGGYTF	TRBV19	TRBJ1-2	TPRVTGGGAM	1	TRBV19_CASSKPGTGLSGGGYTF_TRBJ1-2
CASSSHDRDGGHSPLHF	TRBV7-9	TRBJ1-6	TPRVTGGGAM	1	TRBV7-9_CASSSHDRDGGHSPLHF_TRBJ1-6
CSARDFRDPKTTEAFF	TRBV20-1	TRBJ1-1	RPHERNGFTVL	1	TRBV20-1_CSARDFRDPKTTEAFF_TRBJ1-1
CASSLREGPYPETQYF	TRBV7-9	TRBJ2-5	TPRVTGGGAM	1	TRBV7-9_CASSLREGPYPETQYF_TRBJ2-5
CASSLIGVGERDTQYF	TRBV7-9	TRBJ2-3	TPRVTGGGAM	1	TRBV7-9_CASSLIGVGERDTQYF_TRBJ2-3
CSVGAGGNTIYF	TRBV29-1	TRBJ1-3	RPHERNGFTVL	1	TRBV29-1_CSVGAGGNTIYF_TRBJ1-3
CASSFHDREGVGSPLHF	TRBV7-9	TRBJ1-6	TPRVTGGGAM	1	TRBV7-9_CASSFHDREGVGSPLHF_TRBJ1-6
CASSLSLSTSSNEQFF	TRBV27	TRBJ2-1	TPRVTGGGAM	1	TRBV27_CASSLSLSTSSNEQFF_TRBJ2-1
CASSEGLEIRMRSSYEQYF	TRBV2	TRBJ2-7	RPHERNGFTVL	1	TRBV2_CASSEGLEIRMRSSYEQYF_TRBJ2-7
CASSLGGEPGELFF	TRBV27	TRBJ2-2	TPRVTGGGAM	1	TRBV27_CASSLGGEPGELFF_TRBJ2-2
CASSYSGNTEAFF	TRBV6-2	TRBJ1-1	TPRVTGGGAM	1	TRBV6-2_CASSYSGNTEAFF_TRBJ1-1
CASSFRQGSNTGELFF	TRBV7-9	TRBJ2-2	TPRVTGGGAM	1	TRBV7-9_CASSFRQGSNTGELFF_TRBJ2-2
CASSTHDLQGPSSPLHF	TRBV7-9	TRBJ1-6	TPRVTGGGAM	1	TRBV7-9_CASSTHDLQGPSSPLHF_TRBJ1-6
CASSLIGISSYNEQFF	TRBV7-9	TRBJ2-1	TPRVTGGGAM	1	TRBV7-9_CASSLIGISSYNEQFF_TRBJ2-1
CASTITGRGVDEQYF	TRBV7-9	TRBJ2-7	TPRVTGGGAM	1	TRBV7-9_CASTITGRGVDEQYF_TRBJ2-7
CASSPDSTGPQETQYF	TRBV5-1	TRBJ2-5	RPHERNGFTVL	1	TRBV5-1_CASSPDSTGPQETQYF_TRBJ2-5
CASSFQDGYNEQFF	TRBV7-9	TRBJ2-1	TPRVTGGGAM	1	TRBV7-9_CASSFQDGYNEQFF_TRBJ2-1
CASSPPMGADTQYF	TRBV7-9	TRBJ2-3	RPHERNGFTVL	1	TRBV7-9_CASSPPMGADTQYF_TRBJ2-3
CASSIMDRGPGELFF	TRBV7-9	TRBJ2-2	TPRVTGGGAM	1	TRBV7-9_CASSIMDRGPGELFF_TRBJ2-2
CAISDWRQGGATAYEQYF	TRBV10-3	TRBJ2-7	RPHERNGFTVL	1	TRBV10-3_CAISDWRQGGATAYEQYF_TRBJ2-7
CASRTGSGSYNEQFF	TRBV27	TRBJ2-1	TPRVTGGGAM	1	TRBV27_CASRTGSGSYNEQFF_TRBJ2-1
CASSFHDRTGVSSPLHF	TRBV7-9	TRBJ1-6	TPRVTGGGAM	1	TRBV7-9_CASSFHDRTGVSSPLHF_TRBJ1-6
CASSIHHRGSSSPLHF	TRBV7-9	TRBJ1-6	TPRVTGGGAM	1	TRBV7-9_CASSIHHRGSSSPLHF_TRBJ1-6
CASSTHDRSGVGSPLHF	TRBV7-9	TRBJ1-6	TPRVTGGGAM	1	TRBV7-9_CASSTHDRSGVGSPLHF_TRBJ1-6
CASSLVGSGQGDEQFF	TRBV7-9	TRBJ2-1	TPRVTGGGAM	1	TRBV7-9_CASSLVGSGQGDEQFF_TRBJ2-1
CASSSAEEAGYLYGYTF	TRBV5-1	TRBJ1-2	RPHERNGFTVL	1	TRBV5-1_CASSSAEEAGYLYGYTF_TRBJ1-2
CASSPEGLWPQHF	TRBV5-5	TRBJ1-5	RPHERNGFTVL	1	TRBV5-5_CASSPEGLWPQHF_TRBJ1-5
CASSPDSPGAEREQYF	TRBV7-9	TRBJ2-7	TPRVTGGGAM	1	TRBV7-9_CASSPDSPGAEREQYF_TRBJ2-7
CASSRGTPNEQFF	TRBV12-3	TRBJ2-1	TPRVTGGGAM	1	TRBV12-3_CASSRGTPNEQFF_TRBJ2-1
CASSYHDLGGAGSPLHF	TRBV7-9	TRBJ1-6	TPRVTGGGAM	1	TRBV7-9_CASSYHDLGGAGSPLHF_TRBJ1-6
CASSLYGNTEAFF	TRBV5-1	TRBJ1-1	RPHERNGFTVL	1	TRBV5-1_CASSLYGNTEAFF_TRBJ1-1
CASSYSIRTEAFF	TRBV6-2	TRBJ1-1	TPRVTGGGAM	1	TRBV6-2_CASSYSIRTEAFF_TRBJ1-1
CASRIGGAGNSPLHF	TRBV27	TRBJ1-6	TPRVTGGGAM	1	TRBV27_CASRIGGAGNSPLHF_TRBJ1-6
CASSTHDLGGVGSPLHF	TRBV7-9	TRBJ1-6	TPRVTGGGAM	1	TRBV7-9_CASSTHDLGGVGSPLHF_TRBJ1-6
CASSLIGESVRNEQFF	TRBV7-9	TRBJ2-1	TPRVTGGGAM	1	TRBV7-9_CASSLIGESVRNEQFF_TRBJ2-1
CASRLGPGGPPDTQYF	TRBV27	TRBJ2-3	TPRVTGGGAM	1	TRBV27_CASRLGPGGPPDTQYF_TRBJ2-3
CASSGWEGELFF	TRBV27	TRBJ2-2	RPHERNGFTVL	1	TRBV27_CASSGWEGELFF_TRBJ2-2
CASSSHDETGVGSPLHF	TRBV7-9	TRBJ1-6	TPRVTGGGAM	1	TRBV7-9_CASSSHDETGVGSPLHF_TRBJ1-6
CASSLVGVGLSDEQFF	TRBV7-9	TRBJ2-1	TPRVTGGGAM	1	TRBV7-9_CASSLVGVGLSDEQFF_TRBJ2-1
CASSLVGQGLSDEQFF	TRBV7-9	TRBJ2-1	TPRVTGGGAM	1	TRBV7-9_CASSLVGQGLSDEQFF_TRBJ2-1
CASSLGAAVGELFF	TRBV27	TRBJ2-2	TPRVTGGGAM	1	TRBV27_CASSLGAAVGELFF_TRBJ2-2
CASSLLMGARYEQYF	TRBV7-9	TRBJ2-7	TPRVTGGGAM	1	TRBV7-9_CASSLLMGARYEQYF_TRBJ2-7
CASSQGYTDTQYF	TRBV4-2	TRBJ2-3	YSEHPTFTSQY	1	TRBV4-2_CASSQGYTDTQYF_TRBJ2-3
CATSSPAESTDTQYF	TRBV15	TRBJ2-3	YSEHPTFTSQY	1	TRBV15_CATSSPAESTDTQYF_TRBJ2-3
CASSFLGSPNTGELFF	TRBV5-1	TRBJ2-2	YSEHPTFTSQY	1	TRBV5-1_CASSFLGSPNTGELFF_TRBJ2-2
CASSPTKVNNEQFF	TRBV27	TRBJ2-1	YSEHPTFTSQY	1	TRBV27_CASSPTKVNNEQFF_TRBJ2-1
CASSHPPADTQYF	TRBV16	TRBJ2-3	YSEHPTFTSQY	1	TRBV16_CASSHPPADTQYF_TRBJ2-3
CASSDMTSASDTQYF	TRBV10-2	TRBJ2-3	YSEHPTFTSQY	1	TRBV10-2_CASSDMTSASDTQYF_TRBJ2-3
CATIPIRESTDTQYF	TRBV7-2	TRBJ2-3	YSEHPTFTSQY	1	TRBV7-2_CATIPIRESTDTQYF_TRBJ2-3
CASSLAIGNTEAFF	TRBV5-4	TRBJ1-1	YSEHPTFTSQY	1	TRBV5-4_CASSLAIGNTEAFF_TRBJ1-1
CASSGVGGQDEQYF	TRBV9	TRBJ2-7	NLVPMVATV	1	TRBV9_CASSGVGGQDEQYF_TRBJ2-7
CASSFSGGALYNEQFF	TRBV27	TRBJ2-1	NLVPMVATV	1	TRBV27_CASSFSGGALYNEQFF_TRBJ2-1
CSADPGQGLGYGYTF	TRBV20-1	TRBJ1-2	NLVPMVATV	1	TRBV20-1_CSADPGQGLGYGYTF_TRBJ1-2
CSARAELAADFISSYNEQFF	TRBV20-1	TRBJ2-1	NLVPMVATV	1	TRBV20-1_CSARAELAADFISSYNEQFF_TRBJ2-1
CASSFQTGTGTYGYTF	TRBV6-5	TRBJ1-2	NLVPMVATV	1	TRBV6-5_CASSFQTGTGTYGYTF_TRBJ1-2
CSARREFGTSGGSSYNEQFF	TRBV20-1	TRBJ2-1	NLVPMVATV	1	TRBV20-1_CSARREFGTSGGSSYNEQFF_TRBJ2-1
CASSPGTYEAFF	TRBV12-4	TRBJ1-1	NLVPMVATV	1	TRBV12-4_CASSPGTYEAFF_TRBJ1-1
CSALILASSSDTQYF	TRBV20-1	TRBJ2-3	YSEHPTFTSQY	1	TRBV20-1_CSALILASSSDTQYF_TRBJ2-3
CASSLELAGGPHEQFF	TRBV12-4	TRBJ2-1	YSEHPTFTSQY	1	TRBV12-4_CASSLELAGGPHEQFF_TRBJ2-1
CATSSPRTSSDEQFF	TRBV15	TRBJ2-1	YSEHPTFTSQY	1	TRBV15_CATSSPRTSSDEQFF_TRBJ2-1
CAISEPGTSTDTQYF	TRBV10-3	TRBJ2-3	YSEHPTFTSQY	1	TRBV10-3_CAISEPGTSTDTQYF_TRBJ2-3
CASSLVGEGLPRAREQYF	TRBV7-9	TRBJ2-7	TPRVTGGGAM	1	TRBV7-9_CASSLVGEGLPRAREQYF_TRBJ2-7
CASSLIGVSGSNEQFF	TRBV7-9	TRBJ2-1	TPRVTGGGAM	1	TRBV7-9_CASSLIGVSGSNEQFF_TRBJ2-1
CASSLGSGIYNEQFF	TRBV7-9	TRBJ2-1	TPRVTGGGAM	1	TRBV7-9_CASSLGSGIYNEQFF_TRBJ2-1
CASSLDRSTGELFF	TRBV27	TRBJ2-2	NLVPMVATV	1	TRBV27_CASSLDRSTGELFF_TRBJ2-2
CASSSLPGAAEAFF	TRBV6-2	TRBJ1-1	NLVPMVATV	1	TRBV6-2_CASSSLPGAAEAFF_TRBJ1-1
CAWSVWQMSSGANVLTF	TRBV30	TRBJ2-6	NLVPMVATV	1	TRBV30_CAWSVWQMSSGANVLTF_TRBJ2-6
CASSGHYEQYF	TRBV14	TRBJ2-7	NLVPMVATV	1	TRBV14_CASSGHYEQYF_TRBJ2-7
CASSFLNGGGTEAFF	TRBV28	TRBJ1-1	NLVPMVATV	1	TRBV28_CASSFLNGGGTEAFF_TRBJ1-1
CASSLSPSTSNYGYTF	TRBV27	TRBJ1-2	TPRVTGGGAM	1	TRBV27_CASSLSPSTSNYGYTF_TRBJ1-2
CASSQEGLARDEQFF	TRBV4-1	TRBJ2-1	TPRVTGGGAM	1	TRBV4-1_CASSQEGLARDEQFF_TRBJ2-1
CASTALWAGGDEQFF	TRBV4-2	TRBJ2-1	YSEHPTFTSQY	1	TRBV4-2_CASTALWAGGDEQFF_TRBJ2-1
CASSLLAGGLRNEQFF	TRBV7-3	TRBJ2-1	YSEHPTFTSQY	1	TRBV7-3_CASSLLAGGLRNEQFF_TRBJ2-1
CAWSVIASGRFPDTQYF	TRBV30	TRBJ2-3	YSEHPTFTSQY	1	TRBV30_CAWSVIASGRFPDTQYF_TRBJ2-3
CASSPLEPYLMNTEAFF	TRBV18	TRBJ1-1	YSEHPTFTSQY	1	TRBV18_CASSPLEPYLMNTEAFF_TRBJ1-1
CASSQVISVLSYNEQFF	TRBV4-3	TRBJ2-1	YSEHPTFTSQY	1	TRBV4-3_CASSQVISVLSYNEQFF_TRBJ2-1
CASSPLLAGGPYEQYF	TRBV12-4	TRBJ2-7	YSEHPTFTSQY	1	TRBV12-4_CASSPLLAGGPYEQYF_TRBJ2-7
CASSPTSGSIYEQYF	TRBV3-1	TRBJ2-7	GLCTLVAML	1	TRBV3-1_CASSPTSGSIYEQYF_TRBJ2-7
CSSQEGGYGYTF	TRBV29-1	TRBJ1-2	GLCTLVAML	1	TRBV29-1_CSSQEGGYGYTF_TRBJ1-2
CASSDGQVATNEKLFF	TRBV9	TRBJ1-4	GLCTLVAML	1	TRBV9_CASSDGQVATNEKLFF_TRBJ1-4
CSVSTGIYEQYF	TRBV29-1	TRBJ2-7	GLCTLVAML	1	TRBV29-1_CSVSTGIYEQYF_TRBJ2-7
CSVGGTGDFNQPQHF	TRBV29-1	TRBJ1-5	GLCTLVAML	1	TRBV29-1_CSVGGTGDFNQPQHF_TRBJ1-5
CASRNNRGGVGYTF	TRBV7-9	TRBJ1-2	GLCTLVAML	1	TRBV7-9_CASRNNRGGVGYTF_TRBJ1-2
CSVGADGTNEKLFF	TRBV29-1	TRBJ1-4	GLCTLVAML	1	TRBV29-1_CSVGADGTNEKLFF_TRBJ1-4
CSVGSQGTNEKLFF	TRBV29-1	TRBJ1-4	GLCTLVAML	1	TRBV29-1_CSVGSQGTNEKLFF_TRBJ1-4
CASSSGQQTNSPLHF	TRBV9	TRBJ1-6	GLCTLVAML	1	TRBV9_CASSSGQQTNSPLHF_TRBJ1-6
CASSNQGDGTDTQYF	TRBV2	TRBJ2-3	GLCTLVAML	1	TRBV2_CASSNQGDGTDTQYF_TRBJ2-3
CATSSRTGPSYNEQFF	TRBV15	TRBJ2-1	GLCTLVAML	1	TRBV15_CATSSRTGPSYNEQFF_TRBJ2-1
CASSQDSSGGLGEQFF	TRBV4-2	TRBJ2-1	GLCTLVAML	1	TRBV4-2_CASSQDSSGGLGEQFF_TRBJ2-1
CASSEGQVLPGEQYF	TRBV2	TRBJ2-7	GLCTLVAML	1	TRBV2_CASSEGQVLPGEQYF_TRBJ2-7
CSARSHVGNTIYF	TRBV20-1	TRBJ1-3	GLCTLVAML	1	TRBV20-1_CSARSHVGNTIYF_TRBJ1-3
CSARSETGNTIYF	TRBV20-1	TRBJ1-3	GLCTLVAML	1	TRBV20-1_CSARSETGNTIYF_TRBJ1-3
CSARDQTGNTIYF	TRBV20-1	TRBJ1-3	GLCTLVAML	1	TRBV20-1_CSARDQTGNTIYF_TRBJ1-3
CASSFLAGGPFETQYF	TRBV6-2	TRBJ2-5	GLCTLVAML	1	TRBV6-2_CASSFLAGGPFETQYF_TRBJ2-5
CASSYGQQETQYF	TRBV12-4	TRBJ2-5	GLCTLVAML	1	TRBV12-4_CASSYGQQETQYF_TRBJ2-5
CASSSGQVVPGTIYF	TRBV2	TRBJ1-3	GLCTLVAML	1	TRBV2_CASSSGQVVPGTIYF_TRBJ1-3
CASSVDSGLTGELFF	TRBV9	TRBJ2-2	GLCTLVAML	1	TRBV9_CASSVDSGLTGELFF_TRBJ2-2
CSARSQVGNTIYF	TRBV20-1	TRBJ1-3	GLCTLVAML	1	TRBV20-1_CSARSQVGNTIYF_TRBJ1-3
CASSDGQVAPGELFF	TRBV2	TRBJ2-2	GLCTLVAML	1	TRBV2_CASSDGQVAPGELFF_TRBJ2-2
CASSSGQLSNTGELFF	TRBV9	TRBJ2-2	GLCTLVAML	1	TRBV9_CASSSGQLSNTGELFF_TRBJ2-2
CSVAWVDDTQYF	TRBV29-1	TRBJ2-3	GLCTLVAML	1	TRBV29-1_CSVAWVDDTQYF_TRBJ2-3
CSARDEVGNTIYF	TRBV20-1	TRBJ1-3	GLCTLVAML	1	TRBV20-1_CSARDEVGNTIYF_TRBJ1-3
CASAGPGQVYEQYF	TRBV25-1	TRBJ2-7	GLCTLVAML	1	TRBV25-1_CASAGPGQVYEQYF_TRBJ2-7
CASSLNAGDNEQFF	TRBV11-2	TRBJ2-1	GLCTLVAML	1	TRBV11-2_CASSLNAGDNEQFF_TRBJ2-1
CASGGGGGGYYNEQFF	TRBV27	TRBJ2-1	GLCTLVAML	1	TRBV27_CASGGGGGGYYNEQFF_TRBJ2-1
CASSPQGVSPGTIYF	TRBV2	TRBJ1-3	GLCTLVAML	1	TRBV2_CASSPQGVSPGTIYF_TRBJ1-3
CASSAPDKAPNEQYF	TRBV2	TRBJ2-7	GLCTLVAML	1	TRBV2_CASSAPDKAPNEQYF_TRBJ2-7
CASSHSGQSFYNEQFF	TRBV7-6	TRBJ2-1	GLCTLVAML	1	TRBV7-6_CASSHSGQSFYNEQFF_TRBJ2-1
CASSSGGGAPSGNTIYF	TRBV9	TRBJ1-3	GLCTLVAML	1	TRBV9_CASSSGGGAPSGNTIYF_TRBJ1-3
CASSPGQLSNTGELFF	TRBV9	TRBJ2-2	GLCTLVAML	1	TRBV9_CASSPGQLSNTGELFF_TRBJ2-2
CSARIYGGGEVGNTIYF	TRBV20-1	TRBJ1-3	GLCTLVAML	1	TRBV20-1_CSARIYGGGEVGNTIYF_TRBJ1-3
CSVDHAGTSENRYTF	TRBV29-1	TRBJ1-2	GLCTLVAML	1	TRBV29-1_CSVDHAGTSENRYTF_TRBJ1-2
CSVRSEGDTIYF	TRBV29-1	TRBJ1-3	GLCTLVAML	1	TRBV29-1_CSVRSEGDTIYF_TRBJ1-3
CSVGQGGTNEKLFF	TRBV29-1	TRBJ1-4	GLCTLVAML	1	TRBV29-1_CSVGQGGTNEKLFF_TRBJ1-4
CASSGGRVAPGELFF	TRBV2	TRBJ2-2	GLCTLVAML	1	TRBV2_CASSGGRVAPGELFF_TRBJ2-2
CASSAGRVLPGEQYF	TRBV2	TRBJ2-7	GLCTLVAML	1	TRBV2_CASSAGRVLPGEQYF_TRBJ2-7
CASSQDGAGGLGEQYF	TRBV4-2	TRBJ2-7	GLCTLVAML	1	TRBV4-2_CASSQDGAGGLGEQYF_TRBJ2-7
CASSTGTVSNTGELFF	TRBV9	TRBJ2-2	GLCTLVAML	1	TRBV9_CASSTGTVSNTGELFF_TRBJ2-2
CASSPPEQLPTEAFF	TRBV2	TRBJ1-1	GLCTLVAML	1	TRBV2_CASSPPEQLPTEAFF_TRBJ1-1
CASSVDTGLTGELFF	TRBV9	TRBJ2-2	GLCTLVAML	1	TRBV9_CASSVDTGLTGELFF_TRBJ2-2
CASSFGQQETQYF	TRBV12-4	TRBJ2-5	GLCTLVAML	1	TRBV12-4_CASSFGQQETQYF_TRBJ2-5
CSARDRGIGNTIYF	TRBV20-1	TRBJ1-3	GLCTLVAML	1	TRBV20-1_CSARDRGIGNTIYF_TRBJ1-3
CASSVVGNEQFF	TRBV9	TRBJ2-1	GLCTLVAML	1	TRBV9_CASSVVGNEQFF_TRBJ2-1
CASSPEDYEQYF	TRBV18	TRBJ2-7	GLCTLVAML	1	TRBV18_CASSPEDYEQYF_TRBJ2-7
CASSEGRVLPGELFF	TRBV2	TRBJ2-2	GLCTLVAML	1	TRBV2_CASSEGRVLPGELFF_TRBJ2-2
CSARSGQGNDYTF	TRBV20-1	TRBJ1-2	GLCTLVAML	1	TRBV20-1_CSARSGQGNDYTF_TRBJ1-2
CSGEWDQNIQYF	TRBV20-1	TRBJ2-4	GLCTLVAML	1	TRBV20-1_CSGEWDQNIQYF_TRBJ2-4
CSARPGTASLVGNTIYF	TRBV20-1	TRBJ1-3	GLCTLVAML	1	TRBV20-1_CSARPGTASLVGNTIYF_TRBJ1-3
CSARVRPTGNTIYF	TRBV20-1	TRBJ1-3	GLCTLVAML	1	TRBV20-1_CSARVRPTGNTIYF_TRBJ1-3
CSVRGEGDEQYF	TRBV29-1	TRBJ2-7	GLCTLVAML	1	TRBV29-1_CSVRGEGDEQYF_TRBJ2-7
CSVGSSGTNEKLFF	TRBV29-1	TRBJ1-4	GLCTLVAML	1	TRBV29-1_CSVGSSGTNEKLFF_TRBJ1-4
CASSVGGLAGGVETQYF	TRBV9	TRBJ2-5	GLCTLVAML	1	TRBV9_CASSVGGLAGGVETQYF_TRBJ2-5
CASSGGQVVPGELFF	TRBV2	TRBJ2-2	GLCTLVAML	1	TRBV2_CASSGGQVVPGELFF_TRBJ2-2
CASSRQGNTETQYF	TRBV7-3	TRBJ2-5	GLCTLVAML	1	TRBV7-3_CASSRQGNTETQYF_TRBJ2-5
CSVEDTSGQLSVYGYTF	TRBV29-1	TRBJ1-2	GLCTLVAML	1	TRBV29-1_CSVEDTSGQLSVYGYTF_TRBJ1-2
CASSTGQLSNTGELFF	TRBV9	TRBJ2-2	GLCTLVAML	1	TRBV9_CASSTGQLSNTGELFF_TRBJ2-2
CASSAGQLAGGGETQYF	TRBV9	TRBJ2-5	GLCTLVAML	1	TRBV9_CASSAGQLAGGGETQYF_TRBJ2-5
CASSEAGQTYYNEQFF	TRBV6-1	TRBJ2-1	GLCTLVAML	1	TRBV6-1_CASSEAGQTYYNEQFF_TRBJ2-1
CSARSDVGNTIYF	TRBV20-1	TRBJ1-3	GLCTLVAML	1	TRBV20-1_CSARSDVGNTIYF_TRBJ1-3
CASSPFDGSPLHF	TRBV9	TRBJ1-6	GLCTLVAML	1	TRBV9_CASSPFDGSPLHF_TRBJ1-6
CASSYPSGGTSGNTIYF	TRBV9	TRBJ1-3	RPPIFIRRL	1	TRBV9_CASSYPSGGTSGNTIYF_TRBJ1-3
CASSQDLWGPGYTF	TRBV4-1	TRBJ1-2	RPPIFIRRL	1	TRBV4-1_CASSQDLWGPGYTF_TRBJ1-2
CASSQEGGTATYEQYF	TRBV4-1	TRBJ2-7	RPPIFIRRL	1	TRBV4-1_CASSQEGGTATYEQYF_TRBJ2-7
CSVWGLAGGPTGYEQYF	TRBV29-1	TRBJ2-7	RPPIFIRRL	1	TRBV29-1_CSVWGLAGGPTGYEQYF_TRBJ2-7
CASSQLSGSLETQYF	TRBV6-6	TRBJ2-5	RPPIFIRRL	1	TRBV6-6_CASSQLSGSLETQYF_TRBJ2-5
CASSQETGTFYGYTF	TRBV4-1	TRBJ1-2	RPPIFIRRL	1	TRBV4-1_CASSQETGTFYGYTF_TRBJ1-2
CASSGFSGPQDKPQHF	TRBV19	TRBJ1-5	RPPIFIRRL	1	TRBV19_CASSGFSGPQDKPQHF_TRBJ1-5
CASSSYRKEKLFF	TRBV19	TRBJ1-4	RYSIFFDYM	1	TRBV19_CASSSYRKEKLFF_TRBJ1-4
CASGNRLMEEGQFF	TRBV12-5	TRBJ2-1	RYSIFFDYM	1	TRBV12-5_CASGNRLMEEGQFF_TRBJ2-1
CASSRTGFSEQYF	TRBV3-1	TRBJ2-7	RYSIFFDYM	1	TRBV3-1_CASSRTGFSEQYF_TRBJ2-7
CASSPRGTVLEKLFF	TRBV27	TRBJ1-4	RYSIFFDYM	1	TRBV27_CASSPRGTVLEKLFF_TRBJ1-4
CASSFPQGGSSGNTIYF	TRBV9	TRBJ1-3	RPPIFIRRL	1	TRBV9_CASSFPQGGSSGNTIYF_TRBJ1-3
CASSQETGIYEQYF	TRBV4-1	TRBJ2-7	RPPIFIRRL	1	TRBV4-1_CASSQETGIYEQYF_TRBJ2-7
CASKDLSGGEQYF	TRBV25-1	TRBJ2-7	RPPIFIRRL	1	TRBV25-1_CASKDLSGGEQYF_TRBJ2-7
CASSLETGSYEQYF	TRBV4-1	TRBJ2-7	RPPIFIRRL	1	TRBV4-1_CASSLETGSYEQYF_TRBJ2-7
CASSQEAGLGYEKLFF	TRBV4-1	TRBJ1-4	RPPIFIRRL	1	TRBV4-1_CASSQEAGLGYEKLFF_TRBJ1-4
CASRATFTDTQYF	TRBV6-6	TRBJ2-3	RPPIFIRRL	1	TRBV6-6_CASRATFTDTQYF_TRBJ2-3
CASSSGQGGELF	TRBV6-6	TRBJ2-3	RPPIFIRRL	1	TRBV6-6_CASSSGQGGELF_TRBJ2-3
CASSLPAGGYSGNTIYF	TRBV9	TRBJ1-3	RPPIFIRRL	1	TRBV9_CASSLPAGGYSGNTIYF_TRBJ1-3
CASSLPQGGQVGNTIYF	TRBV9	TRBJ1-3	RPPIFIRRL	1	TRBV9_CASSLPQGGQVGNTIYF_TRBJ1-3
CASTLPEAGEFYGYTF	TRBV6-6	TRBJ1-2	RPPIFIRRL	1	TRBV6-6_CASTLPEAGEFYGYTF_TRBJ1-2
CAIEDSQGGNTEAFF	TRBV10-3	TRBJ1-1	RPPIFIRRL	1	TRBV10-3_CAIEDSQGGNTEAFF_TRBJ1-1
CASSQDRLTGVYTF	TRBV4-1	TRBJ1-2	RPPIFIRRL	1	TRBV4-1_CASSQDRLTGVYTF_TRBJ1-2
CASSQETGSYEQYF	TRBV4-1	TRBJ2-7	RPPIFIRRL	1	TRBV4-1_CASSQETGSYEQYF_TRBJ2-7
CASSQDRLTGFYTF	TRBV4-1	TRBJ1-2	RPPIFIRRL	1	TRBV4-1_CASSQDRLTGFYTF_TRBJ1-2
CASSELAGGDRTEAFF	TRBV2	TRBJ1-1	RPPIFIRRL	1	TRBV2_CASSELAGGDRTEAFF_TRBJ1-1
CASSLDGPGAGEQYF	TRBV5-1	TRBJ2-7	RPPIFIRRL	1	TRBV5-1_CASSLDGPGAGEQYF_TRBJ2-7
CASSQETGSYTIYF	TRBV4-1	TRBJ1-3	RPPIFIRRL	1	TRBV4-1_CASSQETGSYTIYF_TRBJ1-3
CASSQESGTATYEQYF	TRBV4-1	TRBJ2-7	RPPIFIRRL	1	TRBV4-1_CASSQESGTATYEQYF_TRBJ2-7
CASSIPGWTEAFF	TRBV13	TRBJ1-1	RPPIFIRRL	1	TRBV13_CASSIPGWTEAFF_TRBJ1-1
CAWDPLGQNTEAFF	TRBV30	TRBJ1-1	RYSIFFDYM	1	TRBV30_CAWDPLGQNTEAFF_TRBJ1-1
CASSQQAGSLETQYF	TRBV6-6	TRBJ2-5	RPPIFIRRL	1	TRBV6-6_CASSQQAGSLETQYF_TRBJ2-5
CASSYSAGQLETQYF	TRBV6-6	TRBJ2-5	RPPIFIRRL	1	TRBV6-6_CASSYSAGQLETQYF_TRBJ2-5
CASSQDRFTGTYTF	TRBV4-1	TRBJ1-2	RPPIFIRRL	1	TRBV4-1_CASSQDRFTGTYTF_TRBJ1-2
CASSQDRFTGSYTF	TRBV4-1	TRBJ1-2	RPPIFIRRL	1	TRBV4-1_CASSQDRFTGSYTF_TRBJ1-2
CASSPGRGLATNEKLFF	TRBV4-3	TRBJ1-4	RPPIFIRRL	1	TRBV4-3_CASSPGRGLATNEKLFF_TRBJ1-4
CASRKRMYNEQFF	TRBV3-1	TRBJ2-1	RYSIFFDYM	1	TRBV3-1_CASRKRMYNEQFF_TRBJ2-1
CASTQGIGGYTF	TRBV6-1	TRBJ1-2	RYSIFFDYM	1	TRBV6-1_CASTQGIGGYTF_TRBJ1-2
CASSYAAGQLETQYF	TRBV6-6	TRBJ2-5	RPPIFIRRL	1	TRBV6-6_CASSYAAGQLETQYF_TRBJ2-5
CAISESNDGNEQFF	TRBV10-3	TRBJ2-1	CTELKLSDY	1	TRBV10-3_CAISESNDGNEQFF_TRBJ2-1
CASIQGWGEKLFF	TRBV2	TRBJ1-4	CTELKLSDY	1	TRBV2_CASIQGWGEKLFF_TRBJ1-4
CASSDQWGQGPYF	TRBV2	TRBJ2-7	CTELKLSDY	1	TRBV2_CASSDQWGQGPYF_TRBJ2-7
CAISESTGLRDEQFF	TRBV10-3	TRBJ2-1	CTELKLSDY	1	TRBV10-3_CAISESTGLRDEQFF_TRBJ2-1
CAISESRSSGADTQYF	TRBV10-3	TRBJ2-3	CTELKLSDY	1	TRBV10-3_CAISESRSSGADTQYF_TRBJ2-3
CASSSGTDFTGELFF	TRBV7-6	TRBJ2-2	CTELKLSDY	1	TRBV7-6_CASSSGTDFTGELFF_TRBJ2-2
CASSQDGQGLTGELFF	TRBV4-1	TRBJ2-2	CTELKLSDY	1	TRBV4-1_CASSQDGQGLTGELFF_TRBJ2-2
CAISESTSPGAETQYF	TRBV10-3	TRBJ2-5	CTELKLSDY	1	TRBV10-3_CAISESTSPGAETQYF_TRBJ2-5
CAISETTDRGGETQYF	TRBV10-3	TRBJ2-5	CTELKLSDY	1	TRBV10-3_CAISETTDRGGETQYF_TRBJ2-5
CASRLLAAQETQYF	TRBV5-8	TRBJ2-5	CTELKLSDY	1	TRBV5-8_CASRLLAAQETQYF_TRBJ2-5
CASSLSREHGYTF	TRBV5-1	TRBJ1-2	CTELKLSDY	1	TRBV5-1_CASSLSREHGYTF_TRBJ1-2
CAISESRTPGTDTQYF	TRBV10-3	TRBJ2-3	CTELKLSDY	1	TRBV10-3_CAISESRTPGTDTQYF_TRBJ2-3
CASSGVSWETNEQYF	TRBV3-1	TRBJ2-7	CTELKLSDY	1	TRBV3-1_CASSGVSWETNEQYF_TRBJ2-7
CAISEAQDRGNDEQYF	TRBV10-3	TRBJ2-7	CTELKLSDY	1	TRBV10-3_CAISEAQDRGNDEQYF_TRBJ2-7
CAISESLGQDQQYF	TRBV10-3	TRBJ2-7	CTELKLSDY	1	TRBV10-3_CAISESLGQDQQYF_TRBJ2-7
CASTLGTSHDYEQYF	TRBV7-6	TRBJ2-7	CTELKLSDY	1	TRBV7-6_CASTLGTSHDYEQYF_TRBJ2-7
CASSIHAGLTSGNTIYF	TRBV19	TRBJ1-3	GILGFVFTL	1	TRBV19_CASSIHAGLTSGNTIYF_TRBJ1-3
CASSIFGTSLQFF	TRBV19	TRBJ2-1	GILGFVFTL	1	TRBV19_CASSIFGTSLQFF_TRBJ2-1
CASSIRADNEQFF	TRBV19	TRBJ2-1	GILGFVFTL	1	TRBV19_CASSIRADNEQFF_TRBJ2-1
CASSIGVWGYTF	TRBV19	TRBJ1-2	GILGFVFTL	1	TRBV19_CASSIGVWGYTF_TRBJ1-2
CASSGRASGELFF	TRBV19	TRBJ2-2	GILGFVFTL	1	TRBV19_CASSGRASGELFF_TRBJ2-2
CASSARSSGELFF	TRBV19	TRBJ2-2	GILGFVFTL	1	TRBV19_CASSARSSGELFF_TRBJ2-2
CASSGRASTEAFF	TRBV19	TRBJ1-1	GILGFVFTL	1	TRBV19_CASSGRASTEAFF_TRBJ1-1
CASSSRAAYEQYF	TRBV19	TRBJ2-7	GILGFVFTL	1	TRBV19_CASSSRAAYEQYF_TRBJ2-7
CASSTRASNEQFF	TRBV19	TRBJ2-1	GILGFVFTL	1	TRBV19_CASSTRASNEQFF_TRBJ2-1
CASSSQSTGTAGVYEQYF	TRBV28	TRBJ2-7	ILGFVFTLT	1	TRBV28_CASSSQSTGTAGVYEQYF_TRBJ2-7
CASSYYSRQPQHF	TRBV19	TRBJ1-5	GILGFVFTL	1	TRBV19_CASSYYSRQPQHF_TRBJ1-5
CASSRRSGGEQYF	TRBV19	TRBJ2-7	GILGFVFTL	1	TRBV19_CASSRRSGGEQYF_TRBJ2-7
CASSFLSTDTQYF	TRBV19	TRBJ2-3	GILGFVFTL	1	TRBV19_CASSFLSTDTQYF_TRBJ2-3
CASSPTGVGTQYF	TRBV18	TRBJ2-5	GILGFVFTL	1	TRBV18_CASSPTGVGTQYF_TRBJ2-5
CASSIRSNNEQFF	TRBV19	TRBJ2-1	GILGFVFTL	1	TRBV19_CASSIRSNNEQFF_TRBJ2-1
CASSPRSGIEAFF	TRBV19	TRBJ1-1	GILGFVFTL	1	TRBV19_CASSPRSGIEAFF_TRBJ1-1
CASSSGLAGHSSYNEQFF	TRBV28	TRBJ2-1	ILGFVFTLT	1	TRBV28_CASSSGLAGHSSYNEQFF_TRBJ2-1
CASSIGNYGYTF	TRBV19	TRBJ1-2	GILGFVFTL	1	TRBV19_CASSIGNYGYTF_TRBJ1-2
CASSLRSADTQYF	TRBV19	TRBJ2-3	GILGFVFTL	1	TRBV19_CASSLRSADTQYF_TRBJ2-3
CASSPRSATGAFF	TRBV19	TRBJ1-1	GILGFVFTL	1	TRBV19_CASSPRSATGAFF_TRBJ1-1
CASSLISYNEQFF	TRBV19	TRBJ2-1	GILGFVFTL	1	TRBV19_CASSLISYNEQFF_TRBJ2-1
CASSSRAGWDEQFF	TRBV19	TRBJ2-1	GILGFVFTL	1	TRBV19_CASSSRAGWDEQFF_TRBJ2-1
CASSIRAHYGYTF	TRBV19	TRBJ1-2	GILGFVFTL	1	TRBV19_CASSIRAHYGYTF_TRBJ1-2
CASSFYSTTEQFF	TRBV19	TRBJ2-1	GILGFVFTL	1	TRBV19_CASSFYSTTEQFF_TRBJ2-1
CASSIFGGQPQHF	TRBV19	TRBJ1-5	GILGFVFTL	1	TRBV19_CASSIFGGQPQHF_TRBJ1-5
CASSPRSGGEQFF	TRBV19	TRBJ2-1	GILGFVFTL	1	TRBV19_CASSPRSGGEQFF_TRBJ2-1
CASSIRSSVEAFF	TRBV19	TRBJ1-1	GILGFVFTL	1	TRBV19_CASSIRSSVEAFF_TRBJ1-1
CASSMLSQDIQYF	TRBV19	TRBJ2-4	GILGFVFTL	1	TRBV19_CASSMLSQDIQYF_TRBJ2-4
CASSTGWGAGQPQHF	TRBV12-4	TRBJ1-5	GILGFVFTL	1	TRBV12-4_CASSTGWGAGQPQHF_TRBJ1-5
CASSIGWNGYTF	TRBV19	TRBJ1-2	GILGFVFTL	1	TRBV19_CASSIGWNGYTF_TRBJ1-2
CASSQDVGQLYGYTF	TRBV4-3	TRBJ1-2	ILGFVFTLT	1	TRBV4-3_CASSQDVGQLYGYTF_TRBJ1-2
CASSIRSLEPQHF	TRBV19	TRBJ1-5	GILGFVFTL	1	TRBV19_CASSIRSLEPQHF_TRBJ1-5
CASSIVSTGELFF	TRBV19	TRBJ2-2	GILGFVFTL	1	TRBV19_CASSIVSTGELFF_TRBJ2-2
CASSPRSNQPQHF	TRBV19	TRBJ1-5	GILGFVFTL	1	TRBV19_CASSPRSNQPQHF_TRBJ1-5
CASSAGQGLPYEQYF	TRBV5-1	TRBJ2-7	GILGFVFTL	1	TRBV5-1_CASSAGQGLPYEQYF_TRBJ2-7
CASGGQYQETQYF	TRBV19	TRBJ2-5	GILGFVFTL	1	TRBV19_CASGGQYQETQYF_TRBJ2-5
CASSAIGSSYNEQFF	TRBV19	TRBJ2-1	GILGFVFTL	1	TRBV19_CASSAIGSSYNEQFF_TRBJ2-1
CASSIRSAGEAFF	TRBV19	TRBJ1-1	GILGFVFTL	1	TRBV19_CASSIRSAGEAFF_TRBJ1-1
CASSIRSAETQYF	TRBV19	TRBJ2-5	GILGFVFTL	1	TRBV19_CASSIRSAETQYF_TRBJ2-5
CASSIRSAGELFF	TRBV19	TRBJ2-2	GILGFVFTL	1	TRBV19_CASSIRSAGELFF_TRBJ2-2
CASSRRSTGELFF	TRBV19	TRBJ2-2	GILGFVFTL	1	TRBV19_CASSRRSTGELFF_TRBJ2-2
CASSIHWGNTEAFF	TRBV19	TRBJ1-1	GILGFVFTL	1	TRBV19_CASSIHWGNTEAFF_TRBJ1-1
CASSGVSNQPQHF	TRBV19	TRBJ1-5	GILGFVFTL	1	TRBV19_CASSGVSNQPQHF_TRBJ1-5
CASSFGIYEQYF	TRBV12-4	TRBJ2-7	GILGFVFTL	1	TRBV12-4_CASSFGIYEQYF_TRBJ2-7
CASSQYSVGEQYF	TRBV19	TRBJ2-7	GILGFVFTL	1	TRBV19_CASSQYSVGEQYF_TRBJ2-7
CASSQVSQGDTGELFF	TRBV4-2	TRBJ2-2	GILGFVFTL	1	TRBV4-2_CASSQVSQGDTGELFF_TRBJ2-2
CASSIGSHGYTF	TRBV19	TRBJ1-2	GILGFVFTL	1	TRBV19_CASSIGSHGYTF_TRBJ1-2
CASSMFATDTQYF	TRBV19	TRBJ2-3	GILGFVFTL	1	TRBV19_CASSMFATDTQYF_TRBJ2-3
CASSIRGSYEQYF	TRBV19	TRBJ2-7	GILGFVFTL	1	TRBV19_CASSIRGSYEQYF_TRBJ2-7
CASSGYSNQPQHF	TRBV19	TRBJ1-5	GILGFVFTL	1	TRBV19_CASSGYSNQPQHF_TRBJ1-5
CAWSVQGGTEAFF	TRBV30	TRBJ1-1	GILGFVFTL	1	TRBV30_CAWSVQGGTEAFF_TRBJ1-1
CASSTRAGVEQYF	TRBV19	TRBJ2-7	GILGFVFTL	1	TRBV19_CASSTRAGVEQYF_TRBJ2-7
CASSIRSGIEQFF	TRBV19	TRBJ2-1	GILGFVFTL	1	TRBV19_CASSIRSGIEQFF_TRBJ2-1
CASSMFHSGNTIYF	TRBV19	TRBJ1-3	GILGFVFTL	1	TRBV19_CASSMFHSGNTIYF_TRBJ1-3
CASSTHHNNEQFF	TRBV19	TRBJ2-1	GILGFVFTL	1	TRBV19_CASSTHHNNEQFF_TRBJ2-1
CASSTRAFYEQYF	TRBV19	TRBJ2-7	GILGFVFTL	1	TRBV19_CASSTRAFYEQYF_TRBJ2-7
CASSIRAGVEQYF	TRBV19	TRBJ2-7	GILGFVFTL	1	TRBV19_CASSIRAGVEQYF_TRBJ2-7
CASSFRSSQPQHF	TRBV19	TRBJ1-5	GILGFVFTL	1	TRBV19_CASSFRSSQPQHF_TRBJ1-5
CASRDLREGDYGYTF	TRBV19	TRBJ1-2	GILGFVFTL	1	TRBV19_CASRDLREGDYGYTF_TRBJ1-2
CASSTRAGDTQYF	TRBV19	TRBJ2-3	GILGFVFTL	1	TRBV19_CASSTRAGDTQYF_TRBJ2-3
CASEQPRTGGDAYNEQFF	TRBV28	TRBJ2-1	ILGFVFTLT	1	TRBV28_CASEQPRTGGDAYNEQFF_TRBJ2-1
CASSWYSNQPQHF	TRBV19	TRBJ1-5	GILGFVFTL	1	TRBV19_CASSWYSNQPQHF_TRBJ1-5
CASSLGGHGQPQHF	TRBV12-3	TRBJ1-5	ALASCMGLI	1	TRBV12-3_CASSLGGHGQPQHF_TRBJ1-5
CSARAWDRAQATNEKLFF	TRBV20-1	TRBJ1-4	GILGFVFTL	1	TRBV20-1_CSARAWDRAQATNEKLFF_TRBJ1-4
CAWSVERVGQAYGYTF	TRBV30	TRBJ1-2	ILGFVFTLT	1	TRBV30_CAWSVERVGQAYGYTF_TRBJ1-2
CASSIRSQTEQFF	TRBV19	TRBJ2-1	GILGFVFTL	1	TRBV19_CASSIRSQTEQFF_TRBJ2-1
CASSIRSAWAQHF	TRBV19	TRBJ1-5	GILGFVFTL	1	TRBV19_CASSIRSAWAQHF_TRBJ1-5
CASSMFGGQPQHF	TRBV19	TRBJ1-5	GILGFVFTL	1	TRBV19_CASSMFGGQPQHF_TRBJ1-5
CASSIRAGGNEQFF	TRBV19	TRBJ2-1	GILGFVFTL	1	TRBV19_CASSIRAGGNEQFF_TRBJ2-1
CASSPQDRARGNEQFF	TRBV28	TRBJ2-1	GILGFVFTL	1	TRBV28_CASSPQDRARGNEQFF_TRBJ2-1
CASSTRSSTEQYF	TRBV19	TRBJ2-7	GILGFVFTL	1	TRBV19_CASSTRSSTEQYF_TRBJ2-7
CASSFDHSNEQFF	TRBV4-1	TRBJ2-1	GILGFVFTL	1	TRBV4-1_CASSFDHSNEQFF_TRBJ2-1
CASSIGLFGYTF	TRBV19	TRBJ1-2	GILGFVFTL	1	TRBV19_CASSIGLFGYTF_TRBJ1-2
CASSIFSGRENEQYF	TRBV19	TRBJ2-7	GILGFVFTL	1	TRBV19_CASSIFSGRENEQYF_TRBJ2-7
CASSQDPAGGGVEQFF	TRBV4-3	TRBJ2-1	GILGFVFTL	1	TRBV4-3_CASSQDPAGGGVEQFF_TRBJ2-1
CASSFEVRVDTEAFF	TRBV7-9	TRBJ1-1	WLTYTGAIK	1	TRBV7-9_CASSFEVRVDTEAFF_TRBJ1-1
CASWGPGTEGAYEQYF	TRBV27	TRBJ2-7	IKLDDKDPQ	1	TRBV27_CASWGPGTEGAYEQYF_TRBJ2-7
CASSPMTGQEKDKNIQYF	TRBV27	TRBJ2-4	SPRWYFYYL	1	TRBV27_CASSPMTGQEKDKNIQYF_TRBJ2-4
CASSPITGAPEAKNIQYF	TRBV27	TRBJ2-4	SPRWYFYYL	1	TRBV27_CASSPITGAPEAKNIQYF_TRBJ2-4
CASATWGDPNQPQHF	TRBV19	TRBJ1-5	KDNVILLNK	1	TRBV19_CASATWGDPNQPQHF_TRBJ1-5
CASSLAGGSLSYEQYF	TRBV12-4	TRBJ2-7	LDDKDPNFK	1	TRBV12-4_CASSLAGGSLSYEQYF_TRBJ2-7
CASSLFSSGQGNGYTF	TRBV7-2	TRBJ1-2	SPRWYFYYL	1	TRBV7-2_CASSLFSSGQGNGYTF_TRBJ1-2
CASSPTSGSRETQYF	TRBV6-2	TRBJ2-5	RIRGGDGKM	1	TRBV6-2_CASSPTSGSRETQYF_TRBJ2-5
CASRPLTGGPLAKNIQYF	TRBV27	TRBJ2-4	SPRWYFYYL	1	TRBV27_CASRPLTGGPLAKNIQYF_TRBJ2-4
CSARDPGRNFYDEQFF	TRBV20-1	TRBJ2-1	SPRWYFYYL	1	TRBV20-1_CSARDPGRNFYDEQFF_TRBJ2-1
CASSLAGANEQFF	TRBV5-1	TRBJ2-1	SPRWYFYYL	1	TRBV5-1_CASSLAGANEQFF_TRBJ2-1
CASSPGSLGHRASTDTQYF	TRBV6-2	TRBJ2-3	KPRQKRTAT	1	TRBV6-2_CASSPGSLGHRASTDTQYF_TRBJ2-3
CASSLAGAGELFF	TRBV5-1	TRBJ2-2	SPRWYFYYL	1	TRBV5-1_CASSLAGAGELFF_TRBJ2-2
CASSLAGGPLHEQFF	TRBV5-1	TRBJ2-1	SPRWYFYYL	1	TRBV5-1_CASSLAGGPLHEQFF_TRBJ2-1
CASSQEWTGRTEAFF	TRBV4-1	TRBJ1-1	SPRWYFYYL	1	TRBV4-1_CASSQEWTGRTEAFF_TRBJ1-1
CAWSAGTGNSPLHF	TRBV30	TRBJ1-6	RIRGGDGKM	1	TRBV30_CAWSAGTGNSPLHF_TRBJ1-6
CASSYYPSASGRADETQYF	TRBV6-6	TRBJ2-5	SPRWYFYYL	1	TRBV6-6_CASSYYPSASGRADETQYF_TRBJ2-5
CASSPRDSPSDEQFF	TRBV5-1	TRBJ2-1	SPRWYFYYL	1	TRBV5-1_CASSPRDSPSDEQFF_TRBJ2-1
CASSSMTGIGRYEQYF	TRBV28	TRBJ2-7	SPRWYFYYL	1	TRBV28_CASSSMTGIGRYEQYF_TRBJ2-7
CASSFLVGRAPEKETQYF	TRBV27	TRBJ2-5	SPRWYFYYL	1	TRBV27_CASSFLVGRAPEKETQYF_TRBJ2-5
CASSRTGSFDEQYF	TRBV6-5	TRBJ2-7	KPRQKRTAT	1	TRBV6-5_CASSRTGSFDEQYF_TRBJ2-7
CASSPYPRTGGTDTQYF	TRBV27	TRBJ2-3	LLNKHIDAY	1	TRBV27_CASSPYPRTGGTDTQYF_TRBJ2-3
CASSLAGLGYTF	TRBV5-1	TRBJ1-2	SPRWYFYYL	1	TRBV5-1_CASSLAGLGYTF_TRBJ1-2
CASSLTGVYVPQHF	TRBV28	TRBJ1-5	LLNKHIDAY	1	TRBV28_CASSLTGVYVPQHF_TRBJ1-5
CASSLFSGGAAMNTEAFF	TRBV7-2	TRBJ1-1	SPRWYFYYL	1	TRBV7-2_CASSLFSGGAAMNTEAFF_TRBJ1-1
CASSSLTGPSLAKNIQYF	TRBV27	TRBJ2-4	SPRWYFYYL	1	TRBV27_CASSSLTGPSLAKNIQYF_TRBJ2-4
CASSDPTGGYETQYF	TRBV12-4	TRBJ2-5	GAIKLDDKD	1	TRBV12-4_CASSDPTGGYETQYF_TRBJ2-5
CASSQVLAGSTDTQYF	TRBV3-1	TRBJ2-3	SPRWYFYYL	1	TRBV3-1_CASSQVLAGSTDTQYF_TRBJ2-3
CASSLAGGPATEQYF	TRBV5-1	TRBJ2-7	SPRWYFYYL	1	TRBV5-1_CASSLAGGPATEQYF_TRBJ2-7
CASSLRQGEYNEQFF	TRBV9	TRBJ2-1	NPANNASIV	1	TRBV9_CASSLRQGEYNEQFF_TRBJ2-1
CATSRLAGGYNEQFF	TRBV15	TRBJ2-1	SPRWYFYYL	1	TRBV15_CATSRLAGGYNEQFF_TRBJ2-1
CASSTSGETGELFF	TRBV12-4	TRBJ2-2	NVILLNKHI	1	TRBV12-4_CASSTSGETGELFF_TRBJ2-2
CASSTEDRVSYNEQFF	TRBV5-1	TRBJ2-1	SPRWYFYYL	1	TRBV5-1_CASSTEDRVSYNEQFF_TRBJ2-1
CAISEGSGSLIYEQYF	TRBV10-3	TRBJ2-7	IKLDDKDPQ	1	TRBV10-3_CAISEGSGSLIYEQYF_TRBJ2-7
CASSFGASGSVGELFF	TRBV12-3	TRBJ2-2	LSPRWYFYY	1	TRBV12-3_CASSFGASGSVGELFF_TRBJ2-2
CASSIDLSEGDTNQPQHF	TRBV19	TRBJ1-5	GGETALALL	1	TRBV19_CASSIDLSEGDTNQPQHF_TRBJ1-5
CASRRSLQGARGGYTF	TRBV28	TRBJ1-2	TALALLLLD	1	TRBV28_CASRRSLQGARGGYTF_TRBJ1-2
CASSVDRGAYNEQFF	TRBV7-2	TRBJ2-1	GDAALALLL	1	TRBV7-2_CASSVDRGAYNEQFF_TRBJ2-1
CASSSETGWGTEAFF	TRBV5-1	TRBJ1-1	ALALLLLDR	1	TRBV5-1_CASSSETGWGTEAFF_TRBJ1-1
CASRSAGTGYSHAFSGNTIYF	TRBV7-8	TRBJ1-3	LLNKHIDAY	1	TRBV7-8_CASRSAGTGYSHAFSGNTIYF_TRBJ1-3
CATRERQGWVEAFF	TRBV6-1	TRBJ1-1	DQVILLNKH	1	TRBV6-1_CATRERQGWVEAFF_TRBJ1-1
CASSVGARNEQYF	TRBV9	TRBJ2-7	ALALLLLDR	1	TRBV9_CASSVGARNEQYF_TRBJ2-7
CASSIQLAGGPYEQFF	TRBV19	TRBJ2-1	GGETALALL	1	TRBV19_CASSIQLAGGPYEQFF_TRBJ2-1
CASSFGRNYGYTF	TRBV27	TRBJ1-2	TALALLLLD	1	TRBV27_CASSFGRNYGYTF_TRBJ1-2
CASSPGDPSTDTQYF	TRBV5-1	TRBJ2-3	LNKHIDAYK	1	TRBV5-1_CASSPGDPSTDTQYF_TRBJ2-3
CSADRLLAGGSTGELFF	TRBV20-1	TRBJ2-2	NVILLNKHI	1	TRBV20-1_CSADRLLAGGSTGELFF_TRBJ2-2
CASSLFPGQDRGRDQPQHF	TRBV28	TRBJ1-5	QVILLNKHI	1	TRBV28_CASSLFPGQDRGRDQPQHF_TRBJ1-5
CASSQVTGSSYNEQFF	TRBV4-2	TRBJ2-1	DQVILLNKH	1	TRBV4-2_CASSQVTGSSYNEQFF_TRBJ2-1
CASSPTANEKLFF	TRBV19	TRBJ1-4	KDPQFKDNV	1	TRBV19_CASSPTANEKLFF_TRBJ1-4
CASSFAGLNYGYTF	TRBV27	TRBJ1-2	LDDKDPQFK	1	TRBV27_CASSFAGLNYGYTF_TRBJ1-2
CASSLNRPYPLQENTEAFF	TRBV7-8	TRBJ1-1	LLNKHIDAY	1	TRBV7-8_CASSLNRPYPLQENTEAFF_TRBJ1-1
CASSPGTDTQYF	TRBV5-1	TRBJ2-3	LTYHGAIKL	1	TRBV5-1_CASSPGTDTQYF_TRBJ2-3
CASSPRSSGGRYNEQFF	TRBV18	TRBJ2-1	LPNNTASWF	1	TRBV18_CASSPRSSGGRYNEQFF_TRBJ2-1
CSATYRGTPYEQYF	TRBV20-1	TRBJ2-7	SPRWYFYYL	1	TRBV20-1_CSATYRGTPYEQYF_TRBJ2-7
CASSAGGDYTYEQYF	TRBV9	TRBJ2-7	LPNNTASWF	1	TRBV9_CASSAGGDYTYEQYF_TRBJ2-7
CASSLWNTGELFF	TRBV27	TRBJ2-2	SPRWYFYYL	1	TRBV27_CASSLWNTGELFF_TRBJ2-2
CASSSGEGTEAYNEQFF	TRBV7-9	TRBJ2-1	APRITFGGL	1	TRBV7-9_CASSSGEGTEAYNEQFF_TRBJ2-1
CASNLLTGGDADTQYF	TRBV27	TRBJ2-3	SPRWYFYYL	1	TRBV27_CASNLLTGGDADTQYF_TRBJ2-3
CASSAIAGGRREQYF	TRBV2	TRBJ2-7	SPRWYFYYL	1	TRBV2_CASSAIAGGRREQYF_TRBJ2-7
CASSYSDRGLGNTIYF	TRBV6-5	TRBJ1-3	RIRGGDGKM	1	TRBV6-5_CASSYSDRGLGNTIYF_TRBJ1-3
CASSRAQSSYGYTF	TRBV28	TRBJ1-2	SPRWYFYYL	1	TRBV28_CASSRAQSSYGYTF_TRBJ1-2
CATQPRSSYNSPLHF	TRBV7-9	TRBJ1-6	SPRWYFYYL	1	TRBV7-9_CATQPRSSYNSPLHF_TRBJ1-6
CASSRTGGSYNEQFF	TRBV5-1	TRBJ2-1	SPRWYFYYL	1	TRBV5-1_CASSRTGGSYNEQFF_TRBJ2-1
CASSPSMETQYF	TRBV9	TRBJ2-5	QVILLNKHI	1	TRBV9_CASSPSMETQYF_TRBJ2-5
CASVYLAGTMDTQYF	TRBV2	TRBJ2-3	RLNQLESKV	1	TRBV2_CASVYLAGTMDTQYF_TRBJ2-3
CASSQERLSLSPLHF	TRBV4-1	TRBJ1-6	DQVILLNKH	1	TRBV4-1_CASSQERLSLSPLHF_TRBJ1-6
CASSLLGYEQYF	TRBV12-3	TRBJ2-7	ALNTPKDHI	1	TRBV12-3_CASSLLGYEQYF_TRBJ2-7
CASSLSGGGHTDTQYF	TRBV7-6	TRBJ2-3	KAYDVTQAF	1	TRBV7-6_CASSLSGGGHTDTQYF_TRBJ2-3
CSAPWTGQRINEKLFF	TRBV20-1	TRBJ1-4	KDNVILLNK	1	TRBV20-1_CSAPWTGQRINEKLFF_TRBJ1-4
CASSPYPSRGSNEQFF	TRBV4-2	TRBJ2-1	PQFKDNVIL	1	TRBV4-2_CASSPYPSRGSNEQFF_TRBJ2-1
CASSYSSRLQYF	TRBV6-2	TRBJ2-7	IKLDDKDPN	1	TRBV6-2_CASSYSSRLQYF_TRBJ2-7
CSASGRESDTQYF	TRBV20-1	TRBJ2-3	RLNQLESKV	1	TRBV20-1_CSASGRESDTQYF_TRBJ2-3
CASSWTQETQYF	TRBV7-9	TRBJ2-5	LLDRLNQLE	1	TRBV7-9_CASSWTQETQYF_TRBJ2-5
CASSYFPYDLYEQYF	TRBV6-5	TRBJ2-7	RLNQLESKM	1	TRBV6-5_CASSYFPYDLYEQYF_TRBJ2-7
CASRIGTTNEQYF	TRBV12-3	TRBJ2-7	YHGAIKLDD	1	TRBV12-3_CASRIGTTNEQYF_TRBJ2-7
CASSLEGDPSYEQYF	TRBV13	TRBJ2-7	DKDPQFKDN	1	TRBV13_CASSLEGDPSYEQYF_TRBJ2-7
CASSLLSGSSYEQYF	TRBV5-5	TRBJ2-7	DDKDPQFKD	1	TRBV5-5_CASSLLSGSSYEQYF_TRBJ2-7
CASSVGVSNQPQHF	TRBV6-2	TRBJ1-5	KLDDKDPNF	1	TRBV6-2_CASSVGVSNQPQHF_TRBJ1-5
CASSDQLLEEWSSYNEQFF	TRBV6-1	TRBJ2-1	DRLNQLESK	1	TRBV6-1_CASSDQLLEEWSSYNEQFF_TRBJ2-1
CASTVSSYNEQFF	TRBV6-6	TRBJ2-1	YHGAIKLDD	1	TRBV6-6_CASTVSSYNEQFF_TRBJ2-1
CASSFNLMEITLTTEAFF	TRBV12-4	TRBJ1-1	IKLDDKDPN	1	TRBV12-4_CASSFNLMEITLTTEAFF_TRBJ1-1
CASREYPGLAAQETQYF	TRBV6-5	TRBJ2-5	DDKDPQFKD	1	TRBV6-5_CASREYPGLAAQETQYF_TRBJ2-5
CATGTGGGYGYTF	TRBV25-1	TRBJ1-2	ETALALLLL	1	TRBV25-1_CATGTGGGYGYTF_TRBJ1-2
CSVELSHSYEQYF	TRBV29-1	TRBJ2-7	HGAIKLDDK	1	TRBV29-1_CSVELSHSYEQYF_TRBJ2-7
CAAGPGNEQFF	TRBV12-4	TRBJ2-1	RLNQLESKM	1	TRBV12-4_CAAGPGNEQFF_TRBJ2-1
CASSLGRNNQPQHF	TRBV12-4	TRBJ1-5	RIRGGDGKM	1	TRBV12-4_CASSLGRNNQPQHF_TRBJ1-5
CASSSGRNTGELFF	TRBV12-4	TRBJ2-2	RIRGGDGKM	1	TRBV12-4_CASSSGRNTGELFF_TRBJ2-2
CASSLAGGGTQPQHF	TRBV5-1	TRBJ1-5	SPRWYFYYL	1	TRBV5-1_CASSLAGGGTQPQHF_TRBJ1-5
CASSLKLAGGKDEQFF	TRBV12-4	TRBJ2-1	RIRGGDGKM	1	TRBV12-4_CASSLKLAGGKDEQFF_TRBJ2-1
CASSPLTGGPEEKGTQYF	TRBV27	TRBJ2-5	SPRWYFYYL	1	TRBV27_CASSPLTGGPEEKGTQYF_TRBJ2-5
CASSLAGVSSGANVLTF	TRBV5-1	TRBJ2-6	SPRWYFYYL	1	TRBV5-1_CASSLAGVSSGANVLTF_TRBJ2-6
CASSALTSAKRYEQFF	TRBV27	TRBJ2-1	SPRWYFYYL	1	TRBV27_CASSALTSAKRYEQFF_TRBJ2-1
CATFAASKEQFF	TRBV27	TRBJ2-1	TWLTYTGAI	1	TRBV27_CATFAASKEQFF_TRBJ2-1
CASSLELAGVDTQYF	TRBV5-1	TRBJ2-3	FKDNVILLN	1	TRBV5-1_CASSLELAGVDTQYF_TRBJ2-3
CASRLYTKSTDTQYF	TRBV27	TRBJ2-3	FKDNVILLN	1	TRBV27_CASRLYTKSTDTQYF_TRBJ2-3
CASFDRTQGFSGANVLTF	TRBV5-6	TRBJ2-6	KLDDKDPQF	1	TRBV5-6_CASFDRTQGFSGANVLTF_TRBJ2-6
CASSAHTSGGKNIQYF	TRBV11-2	TRBJ2-4	DNVILLNKH	1	TRBV11-2_CASSAHTSGGKNIQYF_TRBJ2-4
CASSDRDSVNYGYTF	TRBV7-8	TRBJ1-2	LLLDRLNQL	1	TRBV7-8_CASSDRDSVNYGYTF_TRBJ1-2
CASSESNYGYTF	TRBV7-2	TRBJ1-2	LLLDRLNQL	1	TRBV7-2_CASSESNYGYTF_TRBJ1-2
CASSLDRESMNTEAFF	TRBV5-4	TRBJ1-1	LLLDRLNQL	1	TRBV5-4_CASSLDRESMNTEAFF_TRBJ1-1
CASGGHPYEQYF	TRBV10-2	TRBJ2-7	KDNVILLNK	1	TRBV10-2_CASGGHPYEQYF_TRBJ2-7
CATSRDWTGSAETQYF	TRBV15	TRBJ2-5	WLTYHGAIK	1	TRBV15_CATSRDWTGSAETQYF_TRBJ2-5
CASSQDRDNLNTEAFF	TRBV5-4	TRBJ1-1	LLLDRLNQL	1	TRBV5-4_CASSQDRDNLNTEAFF_TRBJ1-1
CASSLGDVQNTEAFF	TRBV7-9	TRBJ1-1	NPANNVAIV	1	TRBV7-9_CASSLGDVQNTEAFF_TRBJ1-1
CASSRLTPGQGDYF	TRBV7-2	TRBJ2-5	SPRWYFYYL	1	TRBV7-2_CASSRLTPGQGDYF_TRBJ2-5
CASSAPVISGTYEQYF	TRBV5-6	TRBJ2-7	SPRWYFYYL	1	TRBV5-6_CASSAPVISGTYEQYF_TRBJ2-7
CASSRLESLGNTIYF	TRBV25-1	TRBJ1-3	SPRWYFYYL	1	TRBV25-1_CASSRLESLGNTIYF_TRBJ1-3
CASSVEVQARSDTQYF	TRBV9	TRBJ2-3	SPRWYFYYL	1	TRBV9_CASSVEVQARSDTQYF_TRBJ2-3
CASSPLAGGFEKKETQYF	TRBV27	TRBJ2-5	SPRWYFYYL	1	TRBV27_CASSPLAGGFEKKETQYF_TRBJ2-5
CASSIGTGRTHNEQFF	TRBV5-1	TRBJ2-1	LDRLNQLES	1	TRBV5-1_CASSIGTGRTHNEQFF_TRBJ2-1
CASSPALGREQYF	TRBV27	TRBJ2-7	SPRWYFYYL	1	TRBV27_CASSPALGREQYF_TRBJ2-7
CASSLAGAQGYTF	TRBV5-1	TRBJ1-2	SPRWYFYYL	1	TRBV5-1_CASSLAGAQGYTF_TRBJ1-2
CASSLGFNEQYF	TRBV11-1	TRBJ2-7	SVLYYQNNV	1	TRBV11-1_CASSLGFNEQYF_TRBJ2-7
CASSLDGPSGSPHEQYF	TRBV5-1	TRBJ2-7	FLCLFLLPS	1	TRBV5-1_CASSLDGPSGSPHEQYF_TRBJ2-7
CASSLGGTSTAETQYF	TRBV7-8	TRBJ2-5	FLNRFTTTL	1	TRBV7-8_CASSLGGTSTAETQYF_TRBJ2-5
CASTPGQGASTEAFF	TRBV6-6	TRBJ1-1	KLWAQCVQL	1	TRBV6-6_CASTPGQGASTEAFF_TRBJ1-1
CSVEIGWGQGDNGDYGYTF	TRBV29-1	TRBJ1-2	FLLNKEMYL	1	TRBV29-1_CSVEIGWGQGDNGDYGYTF_TRBJ1-2
CASSYHVGGEQFF	TRBV11-3	TRBJ2-1	FLLNKEMYL	1	TRBV11-3_CASSYHVGGEQFF_TRBJ2-1
CATSRDPTGLNTEAFF	TRBV15	TRBJ1-1	KLWAQCVQL	1	TRBV15_CATSRDPTGLNTEAFF_TRBJ1-1
CASSHGTTTYNEQFF	TRBV5-1	TRBJ2-1	KLWAQCVQL	1	TRBV5-1_CASSHGTTTYNEQFF_TRBJ2-1
CASSPQNSYNEQFF	TRBV7-9	TRBJ2-1	SMWALVISV	1	TRBV7-9_CASSPQNSYNEQFF_TRBJ2-1
CASSPPGTPPNYGYTF	TRBV7-9	TRBJ1-2	VLQAVGACV	1	TRBV7-9_CASSPPGTPPNYGYTF_TRBJ1-2
CASSLGRTGANTGELFF	TRBV11-2	TRBJ2-2	LQNNELSPV	1	TRBV11-2_CASSLGRTGANTGELFF_TRBJ2-2
CASRDVGGNYGYTF	TRBV6-6	TRBJ1-2	KLWAQCVQL	1	TRBV6-6_CASRDVGGNYGYTF_TRBJ1-2
CASSLGPDTQYF	TRBV5-4	TRBJ2-3	FLLNKEMYL	1	TRBV5-4_CASSLGPDTQYF_TRBJ2-3
CATSSMGYSNQPQHF	TRBV15	TRBJ1-5	ALWEIQQVV	1	TRBV15_CATSSMGYSNQPQHF_TRBJ1-5
CASSAYNEQFF	TRBV27	TRBJ2-1	LLLDDFVEI	1	TRBV27_CASSAYNEQFF_TRBJ2-1
CAWDSYNQPQHF	TRBV30	TRBJ1-5	LLDDFVEII	1	TRBV30_CAWDSYNQPQHF_TRBJ1-5
CASSLLAVDNEQFF	TRBV5-1	TRBJ2-1	MVTNNTFTL	1	TRBV5-1_CASSLLAVDNEQFF_TRBJ2-1
CASSLSGVGDGYTF	TRBV27	TRBJ1-2	KLWAQCVQL	1	TRBV27_CASSLSGVGDGYTF_TRBJ1-2
CSASGGVITDTQYF	TRBV20-1	TRBJ2-3	KLWAQCVQL	1	TRBV20-1_CSASGGVITDTQYF_TRBJ2-3
CSVEDPDRDGYTF	TRBV29-1	TRBJ1-2	ILFTRFFYV	1	TRBV29-1_CSVEDPDRDGYTF_TRBJ1-2
CASSLSYNSPLHF	TRBV7-6	TRBJ1-6	TLNDFNLVA	1	TRBV7-6_CASSLSYNSPLHF_TRBJ1-6
CASSEFGTFQETQYF	TRBV2	TRBJ2-5	KQLIKVTLV	1	TRBV2_CASSEFGTFQETQYF_TRBJ2-5
CASSLGGEQYF	TRBV27	TRBJ2-7	TMADLVYAL	1	TRBV27_CASSLGGEQYF_TRBJ2-7
CASSIQNTGELFF	TRBV19	TRBJ2-2	KQLPFFYYS	1	TRBV19_CASSIQNTGELFF_TRBJ2-2
CSLSGGQHNEQFF	TRBV29-1	TRBJ2-1	WLTNIFGTV	1	TRBV29-1_CSLSGGQHNEQFF_TRBJ2-1
CSARTGGDGYTF	TRBV20-1	TRBJ1-2	FTVLCLTPV	1	TRBV20-1_CSARTGGDGYTF_TRBJ1-2
CASSSGRAGITDTQYF	TRBV11-2	TRBJ2-3	RIMASLVLA	1	TRBV11-2_CASSSGRAGITDTQYF_TRBJ2-3
CASSQGSRPEQYF	TRBV4-2	TRBJ2-7	YLDAYNMMI	1	TRBV4-2_CASSQGSRPEQYF_TRBJ2-7
CASSQAGTGFYGYTF	TRBV4-1	TRBJ1-2	NTFSSTFNV	1	TRBV4-1_CASSQAGTGFYGYTF_TRBJ1-2
CASSQEIGVYGYTF	TRBV14	TRBJ1-2	MMILSDDAV	1	TRBV14_CASSQEIGVYGYTF_TRBJ1-2
CASSENEQFF	TRBV12-3	TRBJ2-1	FISTCACEI	1	TRBV12-3_CASSENEQFF_TRBJ2-1
CASSLRAGNQETQYF	TRBV5-1	TRBJ2-5	SMWALVISV	1	TRBV5-1_CASSLRAGNQETQYF_TRBJ2-5
CASSPPKRVGGETQYF	TRBV11-2	TRBJ2-5	FTVLCLTPV	1	TRBV11-2_CASSPPKRVGGETQYF_TRBJ2-5
CASSLAGQENQPQHF	TRBV27	TRBJ1-5	TILTSLLVL	1	TRBV27_CASSLAGQENQPQHF_TRBJ1-5
CASSRTGSSYNEQFF	TRBV27	TRBJ2-1	KSVNITFEL	1	TRBV27_CASSRTGSSYNEQFF_TRBJ2-1
CASSVSQKLFF	TRBV2	TRBJ1-4	VLSTFISAA	1	TRBV2_CASSVSQKLFF_TRBJ1-4
CASSQEAREVVYEQYF	TRBV4-2	TRBJ2-7	CLAVHECFV	1	TRBV4-2_CASSQEAREVVYEQYF_TRBJ2-7
CASSQDHPGGYEQYF	TRBV4-3	TRBJ2-7	YMPYFFTLL	1	TRBV4-3_CASSQDHPGGYEQYF_TRBJ2-7
CASSEDPASYEQYF	TRBV2	TRBJ2-7	ALWEIQQVV	1	TRBV2_CASSEDPASYEQYF_TRBJ2-7
CASSPTGDREQYF	TRBV12-4	TRBJ2-7	CLAVHECFV	1	TRBV12-4_CASSPTGDREQYF_TRBJ2-7
CAISEEVSGGVGANEQFF	TRBV10-3	TRBJ2-1	NLIDSYFVV	1	TRBV10-3_CAISEEVSGGVGANEQFF_TRBJ2-1
CASSLASTGLTQETQYF	TRBV7-9	TRBJ2-5	VLLAPLLSA	1	TRBV7-9_CASSLASTGLTQETQYF_TRBJ2-5
CASTLGTEAFF	TRBV19	TRBJ1-1	GVYDYLVST	1	TRBV19_CASTLGTEAFF_TRBJ1-1
CASRGEGSYEQYF	TRBV7-2	TRBJ2-7	VLGSLAATV	1	TRBV7-2_CASRGEGSYEQYF_TRBJ2-7
CASRVVSGAKNIQYF	TRBV6-5	TRBJ2-4	LMIERFVSL	1	TRBV6-5_CASRVVSGAKNIQYF_TRBJ2-4
CASSFGGRSTDTQYF	TRBV5-1	TRBJ2-3	NTLQCIMLV	1	TRBV5-1_CASSFGGRSTDTQYF_TRBJ2-3
CASSLDLGVDYGYTF	TRBV7-6	TRBJ1-2	FSASTSAFV	1	TRBV7-6_CASSLDLGVDYGYTF_TRBJ1-2
CASSQDPPDTQYF	TRBV3-1	TRBJ2-3	VLSFCAFAV	1	TRBV3-1_CASSQDPPDTQYF_TRBJ2-3
CATRPGTGMYGYTF	TRBV10-3	TRBJ1-2	CLAVHECFV	1	TRBV10-3_CATRPGTGMYGYTF_TRBJ1-2
CASSQGWGTQPQHF	TRBV3-1	TRBJ1-5	RQLLFVVEV	1	TRBV3-1_CASSQGWGTQPQHF_TRBJ1-5
CASFGGTGELFF	TRBV25-1	TRBJ2-2	YTNDKACPL	1	TRBV25-1_CASFGGTGELFF_TRBJ2-2
CASSLVPTADVLTF	TRBV12-4	TRBJ2-6	RLANECAQV	1	TRBV12-4_CASSLVPTADVLTF_TRBJ2-6
CSGLLAGTDTQYF	TRBV29-1	TRBJ2-3	MSAFAMMFV	1	TRBV29-1_CSGLLAGTDTQYF_TRBJ2-3
CASSLDRNTEAFF	TRBV28	TRBJ1-1	FLAHIQWMV	1	TRBV28_CASSLDRNTEAFF_TRBJ1-1
CASGGTVDSSYNSPLHF	TRBV6-1	TRBJ1-6	ALWEIQQVV	1	TRBV6-1_CASGGTVDSSYNSPLHF_TRBJ1-6
CASSLYSPAHTEAFF	TRBV27	TRBJ1-1	ELTSMKYFV	1	TRBV27_CASSLYSPAHTEAFF_TRBJ1-1
CASSTYRQGYNEQFF	TRBV12-4	TRBJ2-1	TLIGDCATV	1	TRBV12-4_CASSTYRQGYNEQFF_TRBJ2-1
CASSIGATEAFF	TRBV19	TRBJ1-1	KLKDCVMYA	1	TRBV19_CASSIGATEAFF_TRBJ1-1
CASSIGSREAFF	TRBV19	TRBJ1-1	RQLLFVVEV	1	TRBV19_CASSIGSREAFF_TRBJ1-1
CASSLPGQMIRWDTEAFF	TRBV12-3	TRBJ1-1	ALPETTADI	1	TRBV12-3_CASSLPGQMIRWDTEAFF_TRBJ1-1
CASSPGGVRVQPQHF	TRBV6-5	TRBJ1-5	FTVLCLTPV	1	TRBV6-5_CASSPGGVRVQPQHF_TRBJ1-5
CASSSSDPPGNQPQHF	TRBV7-9	TRBJ1-5	TLKNTVCTV	1	TRBV7-9_CASSSSDPPGNQPQHF_TRBJ1-5
CATSDGKPFLAGEADTQYF	TRBV24-1	TRBJ2-3	YMPYFFTLL	1	TRBV24-1_CATSDGKPFLAGEADTQYF_TRBJ2-3
CASTVFQGSTNEQFF	TRBV27	TRBJ2-1	FLIGCNYLG	1	TRBV27_CASTVFQGSTNEQFF_TRBJ2-1
CASSVSGPPTGELFF	TRBV9	TRBJ2-2	YVWKSYVHV	1	TRBV9_CASSVSGPPTGELFF_TRBJ2-2
CASSLRDTATNEKLFF	TRBV7-9	TRBJ1-4	ALWEIQQVV	1	TRBV7-9_CASSLRDTATNEKLFF_TRBJ1-4
CATSREGAGTEAFF	TRBV15	TRBJ1-1	KLIEYTDFA	1	TRBV15_CATSREGAGTEAFF_TRBJ1-1
CATSDRPYGYTF	TRBV15	TRBJ1-2	FLAHIQWMV	1	TRBV15_CATSDRPYGYTF_TRBJ1-2
CASSAFVETQYF	TRBV28	TRBJ2-5	NMLRIMASL	1	TRBV28_CASSAFVETQYF_TRBJ2-5
CASSSVAFDSGNTIYF	TRBV5-1	TRBJ1-3	VMYASAVVL	1	TRBV5-1_CASSSVAFDSGNTIYF_TRBJ1-3
CASSPGQVEAFF	TRBV7-6	TRBJ1-1	ALWEIQQVV	1	TRBV7-6_CASSPGQVEAFF_TRBJ1-1
CASSGTGVTGELFF	TRBV9	TRBJ2-2	KSVDITFEL	1	TRBV9_CASSGTGVTGELFF_TRBJ2-2
CASSIAAVFGDTQYF	TRBV19	TRBJ2-3	FLAHIQWMV	1	TRBV19_CASSIAAVFGDTQYF_TRBJ2-3
CASSIGRSPQHF	TRBV19	TRBJ1-5	WLDMVDTSL	1	TRBV19_CASSIGRSPQHF_TRBJ1-5
CASRTENTNYGYTF	TRBV7-9	TRBJ1-2	FLAHIQWMV	1	TRBV7-9_CASRTENTNYGYTF_TRBJ1-2
CASSLGGHGNEQFF	TRBV7-6	TRBJ2-1	KITEHSWNA	1	TRBV7-6_CASSLGGHGNEQFF_TRBJ2-1
CASTLSTDRGFTGELFF	TRBV19	TRBJ2-2	TLSEQLDFI	1	TRBV19_CASTLSTDRGFTGELFF_TRBJ2-2
CASSQVGDEQFF	TRBV3-1	TRBJ2-1	FITESKPSV	1	TRBV3-1_CASSQVGDEQFF_TRBJ2-1
CASSVTEMGGTEAFF	TRBV9	TRBJ1-1	AIMTRCLAV	1	TRBV9_CASSVTEMGGTEAFF_TRBJ1-1
CASSVGADEYYEQYF	TRBV9	TRBJ2-7	AIFYLITPV	1	TRBV9_CASSVGADEYYEQYF_TRBJ2-7
CASNNLLGVQFF	TRBV6-2	TRBJ2-1	CLAVHECFV	1	TRBV6-2_CASNNLLGVQFF_TRBJ2-1
CASSYLGQGENYGYTF	TRBV6-6	TRBJ1-2	ALWEIQQVV	1	TRBV6-6_CASSYLGQGENYGYTF_TRBJ1-2
CASSLQGVQNEQFF	TRBV27	TRBJ2-1	YVWKSYVHV	1	TRBV27_CASSLQGVQNEQFF_TRBJ2-1
CASSQGWDEQFF	TRBV4-2	TRBJ2-1	RTIKVFTTV	1	TRBV4-2_CASSQGWDEQFF_TRBJ2-1
CASSPGSSYNEQFF	TRBV19	TRBJ2-1	YMPYFFTLL	1	TRBV19_CASSPGSSYNEQFF_TRBJ2-1
CATSAVTDNTGELFF	TRBV24-1	TRBJ2-2	AIMTRCLAV	1	TRBV24-1_CATSAVTDNTGELFF_TRBJ2-2
CASRAAGASYEQYF	TRBV27	TRBJ2-7	RQLLFVVEV	1	TRBV27_CASRAAGASYEQYF_TRBJ2-7
CASSVGMTDYNEQFF	TRBV19	TRBJ2-1	GLFKDCSKV	1	TRBV19_CASSVGMTDYNEQFF_TRBJ2-1
CASSLSFGGEKAFF	TRBV5-4	TRBJ1-1	ALWEIQQVV	1	TRBV5-4_CASSLSFGGEKAFF_TRBJ1-1
CASSQKGPGKGETQYF	TRBV4-1	TRBJ2-5	VLSTFISAA	1	TRBV4-1_CASSQKGPGKGETQYF_TRBJ2-5
CASSQDWRGIAEQFF	TRBV4-3	TRBJ2-1	MMILSDDAV	1	TRBV4-3_CASSQDWRGIAEQFF_TRBJ2-1
CASSQISGTGGEQYF	TRBV14	TRBJ2-7	NLIDSYFVV	1	TRBV14_CASSQISGTGGEQYF_TRBJ2-7
CASSLRGTGAYGYTF	TRBV13	TRBJ1-2	FLNGSCGSV	1	TRBV13_CASSLRGTGAYGYTF_TRBJ1-2
CASSEVRGPSYNEQFF	TRBV2	TRBJ2-1	KLMPVCVET	1	TRBV2_CASSEVRGPSYNEQFF_TRBJ2-1
CAAEPSGGTEAFF	TRBV7-2	TRBJ1-1	KLKDCVMYA	1	TRBV7-2_CAAEPSGGTEAFF_TRBJ1-1
CASAGPGNTIYF	TRBV19	TRBJ1-3	ALWEIQQVV	1	TRBV19_CASAGPGNTIYF_TRBJ1-3
CASSPGSDNEQFF	TRBV11-3	TRBJ2-1	ALWEIQQVV	1	TRBV11-3_CASSPGSDNEQFF_TRBJ2-1
CASSVGRVSTDTQYF	TRBV7-3	TRBJ2-3	RLANECAQV	1	TRBV7-3_CASSVGRVSTDTQYF_TRBJ2-3
CASSPEGLDNFF	TRBV5-1	TRBJ2-1	RIMTWLDMV	1	TRBV5-1_CASSPEGLDNFF_TRBJ2-1
CASSIYGTSGSNEQFF	TRBV19	TRBJ2-1	AVLDMCASL	1	TRBV19_CASSIYGTSGSNEQFF_TRBJ2-1
CASGSTSFNEQFF	TRBV7-9	TRBJ2-1	ALWEIQQVV	1	TRBV7-9_CASGSTSFNEQFF_TRBJ2-1
CATSEIQGFSTDTQYF	TRBV24-1	TRBJ2-3	TTIQTIVEV	1	TRBV24-1_CATSEIQGFSTDTQYF_TRBJ2-3
CASSLSGGSDEQFF	TRBV12-3	TRBJ2-1	FLLNKEMYL	1	TRBV12-3_CASSLSGGSDEQFF_TRBJ2-1
CAWSVREPDYEQYF	TRBV30	TRBJ2-7	YMPYFFTLL	1	TRBV30_CAWSVREPDYEQYF_TRBJ2-7
CSVEQRDTGELFF	TRBV29-1	TRBJ2-2	ILAYCNKTV	1	TRBV29-1_CSVEQRDTGELFF_TRBJ2-2
CASSLGSGQYQETQYF	TRBV12-3	TRBJ2-5	YVDNSSLTI	1	TRBV12-3_CASSLGSGQYQETQYF_TRBJ2-5
CSARDLVGLAGDTDTQYF	TRBV20-1	TRBJ2-3	LVLSVNPYV	1	TRBV20-1_CSARDLVGLAGDTDTQYF_TRBJ2-3
CASSSLSEAFF	TRBV27	TRBJ1-1	FLALCADSI	1	TRBV27_CASSSLSEAFF_TRBJ1-1
CASSENTGSNQPQHF	TRBV6-1	TRBJ1-5	CLAVHECFV	1	TRBV6-1_CASSENTGSNQPQHF_TRBJ1-5
CASSFLSAGGGTDTQYF	TRBV27	TRBJ2-3	YADVFHLYL	1	TRBV27_CASSFLSAGGGTDTQYF_TRBJ2-3
CASSQDLLAQSNTEAFF	TRBV14	TRBJ1-1	YMPYFFTLL	1	TRBV14_CASSQDLLAQSNTEAFF_TRBJ1-1
CASALGAVDTQYF	TRBV6-5	TRBJ2-3	MLWCKDGHV	1	TRBV6-5_CASALGAVDTQYF_TRBJ2-3
CASSLFPGQGSDDEQFF	TRBV14	TRBJ2-1	ILGLPTQTV	1	TRBV14_CASSLFPGQGSDDEQFF_TRBJ2-1
CASSQASNQPQHF	TRBV4-1	TRBJ1-5	ALNLGETFV	1	TRBV4-1_CASSQASNQPQHF_TRBJ1-5
CASSQVGTGVHEQFF	TRBV4-2	TRBJ2-1	TLLFLMSFT	1	TRBV4-2_CASSQVGTGVHEQFF_TRBJ2-1
CASSMVVHEQFF	TRBV19	TRBJ2-1	ALWEIQQVV	1	TRBV19_CASSMVVHEQFF_TRBJ2-1
CASSFTGGTTNEKLFF	TRBV6-6	TRBJ1-4	KLWAQCVQL	1	TRBV6-6_CASSFTGGTTNEKLFF_TRBJ1-4
CASTSSGGVWGTFF	TRBV6-6	TRBJ1-1	KLWAQCVQL	1	TRBV6-6_CASTSSGGVWGTFF_TRBJ1-1
CASSQLMSRDEQFF	TRBV4-1	TRBJ2-1	KLKDCVMYA	1	TRBV4-1_CASSQLMSRDEQFF_TRBJ2-1
CASSRTSGEPYNEQFF	TRBV6-2	TRBJ2-1	KLWAQCVQL	1	TRBV6-2_CASSRTSGEPYNEQFF_TRBJ2-1
CASSLPRNSSGSSYNEQFF	TRBV7-9	TRBJ2-1	LLDDFVEII	1	TRBV7-9_CASSLPRNSSGSSYNEQFF_TRBJ2-1
CASSPGTSGIEQFF	TRBV18	TRBJ2-1	KLKDCVMYA	1	TRBV18_CASSPGTSGIEQFF_TRBJ2-1
CASSLLPGNTGELFF	TRBV13	TRBJ2-2	LLTNMFTPL	1	TRBV13_CASSLLPGNTGELFF_TRBJ2-2
CASSEPNYEQYF	TRBV6-1	TRBJ2-7	FLNGSCGSV	1	TRBV6-1_CASSEPNYEQYF_TRBJ2-7
CASTGGPEGNQPQHF	TRBV7-9	TRBJ1-5	SLLSVLLSM	1	TRBV7-9_CASTGGPEGNQPQHF_TRBJ1-5
CASSVTSGPSYEQYF	TRBV27	TRBJ2-7	NLIDSYFVV	1	TRBV27_CASSVTSGPSYEQYF_TRBJ2-7
CASILRAESSYNEQFF	TRBV5-6	TRBJ2-1	FLLPSLATV	1	TRBV5-6_CASILRAESSYNEQFF_TRBJ2-1
CASSKPGDSYEQYF	TRBV6-1	TRBJ2-7	KLKDCVMYA	1	TRBV6-1_CASSKPGDSYEQYF_TRBJ2-7
CASSLMDSLQETQYF	TRBV14	TRBJ2-5	CLAVHECFV	1	TRBV14_CASSLMDSLQETQYF_TRBJ2-5
CASSLTPGGSTDTQYF	TRBV6-5	TRBJ2-3	ALWEIQQVV	1	TRBV6-5_CASSLTPGGSTDTQYF_TRBJ2-3
CASSLGTGGTEAFF	TRBV7-3	TRBJ1-1	VLAWLYAAV	1	TRBV7-3_CASSLGTGGTEAFF_TRBJ1-1
CSVVRGSYNEQFF	TRBV20-1	TRBJ2-1	LMGHFAWWT	1	TRBV20-1_CSVVRGSYNEQFF_TRBJ2-1
CASSYRVGRSSYEQYF	TRBV6-5	TRBJ2-7	FLPGVYSVI	1	TRBV6-5_CASSYRVGRSSYEQYF_TRBJ2-7
CASSLLGGLPSSTDTQYF	TRBV7-2	TRBJ2-3	YVDNSSLTI	1	TRBV7-2_CASSLLGGLPSSTDTQYF_TRBJ2-3
CASSFLPREEMNTEAFF	TRBV7-7	TRBJ1-1	KSVDITFEL	1	TRBV7-7_CASSFLPREEMNTEAFF_TRBJ1-1
CASSLYSGSFYEQYF	TRBV27	TRBJ2-7	VLLSVLQQL	1	TRBV27_CASSLYSGSFYEQYF_TRBJ2-7
CASSQDLLAGDSYEQYF	TRBV4-2	TRBJ2-7	RIMTWLDMV	1	TRBV4-2_CASSQDLLAGDSYEQYF_TRBJ2-7
CATSDWSGNEQFF	TRBV24-1	TRBJ2-1	FLPGVYSVI	1	TRBV24-1_CATSDWSGNEQFF_TRBJ2-1
CASSFAPQGGYEQYF	TRBV6-2	TRBJ2-7	LMGHFAWWT	1	TRBV6-2_CASSFAPQGGYEQYF_TRBJ2-7
CASSEWTGNTEAFF	TRBV5-1	TRBJ1-1	SLENVAFNV	1	TRBV5-1_CASSEWTGNTEAFF_TRBJ1-1
CASSQDRQRGGGDTQYF	TRBV4-3	TRBJ2-3	LLDDFVEII	1	TRBV4-3_CASSQDRQRGGGDTQYF_TRBJ2-3
CASSQDRAGWIDEQFF	TRBV4-3	TRBJ2-1	SVFNICQAV	1	TRBV4-3_CASSQDRAGWIDEQFF_TRBJ2-1
CASSPERGEETQYF	TRBV11-2	TRBJ2-5	VMVELVAEL	1	TRBV11-2_CASSPERGEETQYF_TRBJ2-5
CASSPPRLGAFF	TRBV2	TRBJ1-1	APTKVTFGV	1	TRBV2_CASSPPRLGAFF_TRBJ1-1
CASSPRTDQETQYF	TRBV6-2	TRBJ2-5	IPVAYRNVL	1	TRBV6-2_CASSPRTDQETQYF_TRBJ2-5
CASSLDLTETQYF	TRBV7-6	TRBJ2-5	VPMEKFKTL	1	TRBV7-6_CASSLDLTETQYF_TRBJ2-5
CASSLGTSGRAGETQYF	TRBV7-3	TRBJ2-5	CPACYNSEV	1	TRBV7-3_CASSLGTSGRAGETQYF_TRBJ2-5
CASSYLTGADGYTF	TRBV6-2	TRBJ1-2	SPYNSQNAV	1	TRBV6-2_CASSYLTGADGYTF_TRBJ1-2
CASSLDNQPQHF	TRBV7-9	TRBJ1-5	RAMPNMLRI	1	TRBV7-9_CASSLDNQPQHF_TRBJ1-5
CASSALTGPNTEAFF	TRBV25-1	TRBJ1-1	IPTITQMNL	1	TRBV25-1_CASSALTGPNTEAFF_TRBJ1-1
CSVDQGSGELFF	TRBV29-1	TRBJ2-2	YVDDSSLTI	1	TRBV29-1_CSVDQGSGELFF_TRBJ2-2
CASSLTHSSYNEQFF	TRBV6-5	TRBJ2-1	YVDDSSLTI	1	TRBV6-5_CASSLTHSSYNEQFF_TRBJ2-1
CASSFAEYYEQYF	TRBV27	TRBJ2-7	KSVNITFEL	1	TRBV27_CASSFAEYYEQYF_TRBJ2-7
CASSQDSSETQYF	TRBV3-1	TRBJ2-5	WLPTGTLLV	1	TRBV3-1_CASSQDSSETQYF_TRBJ2-5
CASSIETGTEITGELFF	TRBV19	TRBJ2-2	FPLKLRGTA	1	TRBV19_CASSIETGTEITGELFF_TRBJ2-2
CASSRVGSPLHF	TRBV6-1	TRBJ1-6	SLTYSTAAL	1	TRBV6-1_CASSRVGSPLHF_TRBJ1-6
CASSLARIYTYNEQFF	TRBV7-8	TRBJ2-1	LPSYAALAT	1	TRBV7-8_CASSLARIYTYNEQFF_TRBJ2-1
CAISERDFQETQYF	TRBV10-3	TRBJ2-5	KLNEEIAII	1	TRBV10-3_CAISERDFQETQYF_TRBJ2-5
CAWSGLAVSSYNEQFF	TRBV30	TRBJ2-1	YMPYFFTLL	1	TRBV30_CAWSGLAVSSYNEQFF_TRBJ2-1
CASSHRGTNYGYTF	TRBV7-2	TRBJ1-2	FLNGSCGSV	1	TRBV7-2_CASSHRGTNYGYTF_TRBJ1-2
CASLDRVGGYTF	TRBV5-6	TRBJ1-2	LMCQPILLL	1	TRBV5-6_CASLDRVGGYTF_TRBJ1-2
CASSTYRGQPQHF	TRBV28	TRBJ1-5	MLDMYSVML	1	TRBV28_CASSTYRGQPQHF_TRBJ1-5
CASRDTSGGPDTQYF	TRBV2	TRBJ2-3	IVDTVSALV	1	TRBV2_CASRDTSGGPDTQYF_TRBJ2-3
CASSLGDSEKLFF	TRBV5-8	TRBJ1-4	WLPTGTLLV	1	TRBV5-8_CASSLGDSEKLFF_TRBJ1-4
CASSLGTSGSTDTQYF	TRBV28	TRBJ2-3	AMMFTSDLA	1	TRBV28_CASSLGTSGSTDTQYF_TRBJ2-3
CSVELTGNPRYEQYF	TRBV29-1	TRBJ2-7	RAMPNMLRI	1	TRBV29-1_CSVELTGNPRYEQYF_TRBJ2-7
CASSLPGWEQYF	TRBV28	TRBJ2-7	IPVAYRKVL	1	TRBV28_CASSLPGWEQYF_TRBJ2-7
CAWSYDSALYYEQYF	TRBV30	TRBJ2-7	TLKNTVCTV	1	TRBV30_CAWSYDSALYYEQYF_TRBJ2-7
CASRSTGYLEQYF	TRBV27	TRBJ2-7	TLMNVLTLV	1	TRBV27_CASRSTGYLEQYF_TRBJ2-7
CAISESVGQGQETQYF	TRBV10-3	TRBJ2-5	LMCQPILLL	1	TRBV10-3_CAISESVGQGQETQYF_TRBJ2-5
CASSPTHLDRHSAGELFF	TRBV27	TRBJ2-2	FLLNKEMYL	1	TRBV27_CASSPTHLDRHSAGELFF_TRBJ2-2
CASSLDGPSGPLYEQYF	TRBV5-1	TRBJ2-7	TILTSLLVL	1	TRBV5-1_CASSLDGPSGPLYEQYF_TRBJ2-7
CAWSEGLAGSRLPNNEQFF	TRBV30	TRBJ2-1	SMWALVISV	1	TRBV30_CAWSEGLAGSRLPNNEQFF_TRBJ2-1
CASSGLAGGYYNEQFF	TRBV9	TRBJ2-1	RQLLFVVEV	1	TRBV9_CASSGLAGGYYNEQFF_TRBJ2-1
CASSPGAASGRNEQFF	TRBV18	TRBJ2-1	VLQAVGACV	1	TRBV18_CASSPGAASGRNEQFF_TRBJ2-1
CASSYDRGFYNEQFF	TRBV6-6	TRBJ2-1	GLNDNLLEI	1	TRBV6-6_CASSYDRGFYNEQFF_TRBJ2-1
CASSPSGLAGYNEQFF	TRBV28	TRBJ2-1	NLLKDCPAV	1	TRBV28_CASSPSGLAGYNEQFF_TRBJ2-1
CASSLHLMNTEAFF	TRBV5-6	TRBJ1-1	FVMMSAPPA	1	TRBV5-6_CASSLHLMNTEAFF_TRBJ1-1
CASGGRGGYTF	TRBV7-6	TRBJ1-2	AIFYLITPV	1	TRBV7-6_CASGGRGGYTF_TRBJ1-2
CASSALWHEQFF	TRBV9	TRBJ2-1	RQLLFVVEV	1	TRBV9_CASSALWHEQFF_TRBJ2-1
CASSQVVTDNEQFF	TRBV4-3	TRBJ2-1	FLGRYMSAL	1	TRBV4-3_CASSQVVTDNEQFF_TRBJ2-1
CASSEALAGSTDTQYF	TRBV2	TRBJ2-3	MPASWVMRI	1	TRBV2_CASSEALAGSTDTQYF_TRBJ2-3
CASSPEGDYEQYF	TRBV9	TRBJ2-7	MPASWVMRI	1	TRBV9_CASSPEGDYEQYF_TRBJ2-7
CASSPRPGPNQPQHF	TRBV7-6	TRBJ1-5	QPGQTFSVL	1	TRBV7-6_CASSPRPGPNQPQHF_TRBJ1-5
CASSYVTGASYEQYF	TRBV6-2	TRBJ2-7	ALWEIQQVV	1	TRBV6-2_CASSYVTGASYEQYF_TRBJ2-7
CASSYSSGRADNEQFF	TRBV6-2	TRBJ2-1	KLWAQCVQL	1	TRBV6-2_CASSYSSGRADNEQFF_TRBJ2-1
CSASLWTGDTGELFF	TRBV20-1	TRBJ2-2	FLNRFTTTL	1	TRBV20-1_CSASLWTGDTGELFF_TRBJ2-2
CATSRDFLEQAEAFF	TRBV15	TRBJ1-1	KLWAQCVQL	1	TRBV15_CATSRDFLEQAEAFF_TRBJ1-1
CAWSRGSAYNEQFF	TRBV30	TRBJ2-1	KLWAQCVQL	1	TRBV30_CAWSRGSAYNEQFF_TRBJ2-1
CASMADTQYF	TRBV19	TRBJ2-3	ALWEIQQVV	1	TRBV19_CASMADTQYF_TRBJ2-3
CAIRDNNEQFF	TRBV10-3	TRBJ2-1	ALSGVFCGV	1	TRBV10-3_CAIRDNNEQFF_TRBJ2-1
CASSLPSGSNGANEQFF	TRBV12-4	TRBJ2-1	RLANECAQV	1	TRBV12-4_CASSLPSGSNGANEQFF_TRBJ2-1
CASSEAFSGNTIYF	TRBV6-1	TRBJ1-3	FSAVGDICY	1	TRBV6-1_CASSEAFSGNTIYF_TRBJ1-3
CSARDRTGVKNIQYF	TRBV20-1	TRBJ2-4	YADVFHLYL	1	TRBV20-1_CSARDRTGVKNIQYF_TRBJ2-4
CASSLENTGELFF	TRBV5-1	TRBJ2-2	FIDTKRGVY	1	TRBV5-1_CASSLENTGELFF_TRBJ2-2
CASSFVRSSQETQYF	TRBV7-2	TRBJ2-5	YADVFHLYL	1	TRBV7-2_CASSFVRSSQETQYF_TRBJ2-5
CASSVVSGGHQPQHF	TRBV19	TRBJ1-5	LTNDNTSRY	1	TRBV19_CASSVVSGGHQPQHF_TRBJ1-5
CASSSPDNYREDTEAFF	TRBV5-4	TRBJ1-1	YADVFHLYL	1	TRBV5-4_CASSSPDNYREDTEAFF_TRBJ1-1
CASSLAQYYQPQHF	TRBV28	TRBJ1-5	GTDLEGNFY	1	TRBV28_CASSLAQYYQPQHF_TRBJ1-5
CASSTSLLAQHF	TRBV7-9	TRBJ1-5	WTDNNCYLA	1	TRBV7-9_CASSTSLLAQHF_TRBJ1-5
CASSIDRWTQGNQPQHF	TRBV19	TRBJ1-5	EIDPKLDNY	1	TRBV19_CASSIDRWTQGNQPQHF_TRBJ1-5
CASSESGAELFF	TRBV10-1	TRBJ2-2	GTDLEGNFY	1	TRBV10-1_CASSESGAELFF_TRBJ2-2
CSARYRDTGELFF	TRBV20-1	TRBJ2-2	NTLTLAVPY	1	TRBV20-1_CSARYRDTGELFF_TRBJ2-2
CASSLNWREITDTQYF	TRBV7-8	TRBJ2-3	AMDEFIEQY	1	TRBV7-8_CASSLNWREITDTQYF_TRBJ2-3
CASSQVRQGLNQPQHF	TRBV14	TRBJ1-5	VVDKYFDCY	1	TRBV14_CASSQVRQGLNQPQHF_TRBJ1-5
CASSQDPETGRTDTQYF	TRBV4-1	TRBJ2-3	YTERSEKSY	1	TRBV4-1_CASSQDPETGRTDTQYF_TRBJ2-3
CASRGLGSGGYEQYF	TRBV7-8	TRBJ2-7	NLDAVPTGY	1	TRBV7-8_CASRGLGSGGYEQYF_TRBJ2-7
CSARLRDKDYEQYF	TRBV20-1	TRBJ2-7	LTNDDTSRY	1	TRBV20-1_CSARLRDKDYEQYF_TRBJ2-7
CASSLALTFSGEGSPLHF	TRBV7-2	TRBJ1-6	LMNVLTLFY	1	TRBV7-2_CASSLALTFSGEGSPLHF_TRBJ1-6
CASIAYSNQPQHF	TRBV28	TRBJ1-5	ISDYDYYRY	1	TRBV28_CASIAYSNQPQHF_TRBJ1-5
CASKGLANNEQFF	TRBV6-6	TRBJ2-1	LTNDNTSRY	1	TRBV6-6_CASKGLANNEQFF_TRBJ2-1
CASTFAHAGDSNEQFF	TRBV27	TRBJ2-1	AMDEFIERY	1	TRBV27_CASTFAHAGDSNEQFF_TRBJ2-1
CASSLTNPRQGAYNEQFF	TRBV27	TRBJ2-1	HSDKFTDGV	1	TRBV27_CASSLTNPRQGAYNEQFF_TRBJ2-1
CASSQDAGITYEQYF	TRBV4-2	TRBJ2-7	WSMATYYLF	1	TRBV4-2_CASSQDAGITYEQYF_TRBJ2-7
CSALGAVGAGIHYEQYF	TRBV20-1	TRBJ2-7	PMDSTVKNY	1	TRBV20-1_CSALGAVGAGIHYEQYF_TRBJ2-7
CASSLNNEQFF	TRBV5-1	TRBJ2-1	VTDNTFTLK	1	TRBV5-1_CASSLNNEQFF_TRBJ2-1
CASRTTTGTGSSGNTIYF	TRBV7-9	TRBJ1-3	TVAYFNMVY	1	TRBV7-9_CASRTTTGTGSSGNTIYF_TRBJ1-3
CASITRLAGELFF	TRBV13	TRBJ2-2	LMNVLTLVY	1	TRBV13_CASITRLAGELFF_TRBJ2-2
CASSSDPSTDTQYF	TRBV27	TRBJ2-3	VIYMGTLSY	1	TRBV27_CASSSDPSTDTQYF_TRBJ2-3
CASSYSTSQGANYEQYF	TRBV6-2	TRBJ2-7	MSDVKCTSV	1	TRBV6-2_CASSYSTSQGANYEQYF_TRBJ2-7
CASSPSGRGGNEQFF	TRBV6-5	TRBJ2-1	YTDINGNLH	1	TRBV6-5_CASSPSGRGGNEQFF_TRBJ2-1
CASSIGDGILLTDTQYF	TRBV19	TRBJ2-3	LSFKELLVY	1	TRBV19_CASSIGDGILLTDTQYF_TRBJ2-3
CATTFRGYEQYF	TRBV7-9	TRBJ2-7	LSDRVVFVL	1	TRBV7-9_CATTFRGYEQYF_TRBJ2-7
CASSDRDRGLLRQFF	TRBV4-1	TRBJ2-1	YTACSHAAV	1	TRBV4-1_CASSDRDRGLLRQFF_TRBJ2-1
CSAPPPYNEQFF	TRBV20-1	TRBJ2-1	NSSTCMMCY	1	TRBV20-1_CSAPPPYNEQFF_TRBJ2-1
CSARDQSRATDTQYF	TRBV20-1	TRBJ2-3	CTDDNALAY	1	TRBV20-1_CSARDQSRATDTQYF_TRBJ2-3
CASSFSGRVGEKLFF	TRBV11-2	TRBJ1-4	PTDQSYYIV	1	TRBV11-2_CASSFSGRVGEKLFF_TRBJ1-4
CASSLVNTGELFF	TRBV7-6	TRBJ2-2	LSDLQDLKW	1	TRBV7-6_CASSLVNTGELFF_TRBJ2-2
CASGPLVGGGLGAYTF	TRBV12-5	TRBJ1-2	YLNTLTLAV	1	TRBV12-5_CASGPLVGGGLGAYTF_TRBJ1-2
CASSLLGGSYEQYF	TRBV27	TRBJ2-7	VTDVTQLYL	1	TRBV27_CASSLLGGSYEQYF_TRBJ2-7
CASSTMGQGISPLHF	TRBV11-2	TRBJ1-6	FLTENLLLY	1	TRBV11-2_CASSTMGQGISPLHF_TRBJ1-6
CASSSYSRYEQYF	TRBV7-9	TRBJ2-7	TQMNLKYAI	1	TRBV7-9_CASSSYSRYEQYF_TRBJ2-7
CASSPSGVYNEQFF	TRBV6-5	TRBJ2-1	FLAHIQWMV	1	TRBV6-5_CASSPSGVYNEQFF_TRBJ2-1
CASTHRGPLKRRPLHF	TRBV19	TRBJ1-6	LMIERFVSL	1	TRBV19_CASTHRGPLKRRPLHF_TRBJ1-6
CASSPSISGTGRQNTEAFF	TRBV5-1	TRBJ1-1	SVLYYQNNV	1	TRBV5-1_CASSPSISGTGRQNTEAFF_TRBJ1-1
CASSVAGLAGATSTDTQYF	TRBV9	TRBJ2-3	LLFLMSFTV	1	TRBV9_CASSVAGLAGATSTDTQYF_TRBJ2-3
CSAAGQGDTQYF	TRBV20-1	TRBJ2-3	KSVNITFEL	1	TRBV20-1_CSAAGQGDTQYF_TRBJ2-3
CASSQWTGSNYGYTF	TRBV6-6	TRBJ1-2	LMWLIINLV	1	TRBV6-6_CASSQWTGSNYGYTF_TRBJ1-2
CASSQDFPGTYGYTF	TRBV14	TRBJ1-2	MLDMYSVML	1	TRBV14_CASSQDFPGTYGYTF_TRBJ1-2
CATSDYGYTF	TRBV24-1	TRBJ1-2	TVYEKLKPV	1	TRBV24-1_CATSDYGYTF_TRBJ1-2
CASTSNPNQPQHF	TRBV19	TRBJ1-5	VLAWLYAAV	1	TRBV19_CASTSNPNQPQHF_TRBJ1-5
CASSVGRTLDYGYTF	TRBV9	TRBJ1-2	YMHHMELPT	1	TRBV9_CASSVGRTLDYGYTF_TRBJ1-2
CASGFPIYRDKSTDTQYF	TRBV12-5	TRBJ2-3	LLLTILTSL	1	TRBV12-5_CASGFPIYRDKSTDTQYF_TRBJ2-3
CASARGWGPAGGELFF	TRBV6-6	TRBJ2-2	YLEGSVRVV	1	TRBV6-6_CASARGWGPAGGELFF_TRBJ2-2
CASSGQVESSGNTIYF	TRBV7-8	TRBJ1-3	VINGDRWFL	1	TRBV7-8_CASSGQVESSGNTIYF_TRBJ1-3
CASSSIPLFDRGTEAFF	TRBV11-2	TRBJ1-1	KQLPFFYYS	1	TRBV11-2_CASSSIPLFDRGTEAFF_TRBJ1-1
CASSDSWKRTD	TRBV2	TRBJ2-7	RQLLFVVEV	1	TRBV2_CASSDSWKRTD_TRBJ2-7
CSVEGSGGTQYF	TRBV29-1	TRBJ2-3	FLPRVFSAV	1	TRBV29-1_CSVEGSGGTQYF_TRBJ2-3
CASSLGANTGELFF	TRBV5-5	TRBJ2-2	STSAFVETV	1	TRBV5-5_CASSLGANTGELFF_TRBJ2-2
CASSYWGGREDTQYF	TRBV6-5	TRBJ2-3	MLDMYSVML	1	TRBV6-5_CASSYWGGREDTQYF_TRBJ2-3
CASSFAGAWSYTF	TRBV28	TRBJ1-2	FTPLVPFWI	1	TRBV28_CASSFAGAWSYTF_TRBJ1-2
CAISESNGLYPDTEAFF	TRBV10-3	TRBJ1-1	FLNRFTTTL	1	TRBV10-3_CAISESNGLYPDTEAFF_TRBJ1-1
CATSRDLWDGNQPQHF	TRBV15	TRBJ1-5	FLPRVFSAV	1	TRBV15_CATSRDLWDGNQPQHF_TRBJ1-5
CASSLTQGARNTIYF	TRBV7-9	TRBJ1-3	SMQNCVLKL	1	TRBV7-9_CASSLTQGARNTIYF_TRBJ1-3
CASSIGIHGYTF	TRBV19	TRBJ1-2	MLFTMLRKL	1	TRBV19_CASSIGIHGYTF_TRBJ1-2
CASSLSAAYEQYF	TRBV7-9	TRBJ2-7	MMILSDDAV	1	TRBV7-9_CASSLSAAYEQYF_TRBJ2-7
CASSFLAGQRTDTEAFF	TRBV7-6	TRBJ1-1	FLDGSCGSV	1	TRBV7-6_CASSFLAGQRTDTEAFF_TRBJ1-1
CASSLGRGAYEQYF	TRBV13	TRBJ2-7	FMSEAKCWT	1	TRBV13_CASSLGRGAYEQYF_TRBJ2-7
CASSFSGTRQYF	TRBV12-4	TRBJ2-3	VLSFCAFAV	1	TRBV12-4_CASSFSGTRQYF_TRBJ2-3
CASSPSAGRGLGYTF	TRBV7-9	TRBJ1-2	YLNSTNVTI	1	TRBV7-9_CASSPSAGRGLGYTF_TRBJ1-2
CASTSQWGTSTDTQYF	TRBV6-6	TRBJ2-3	TLMNVLTLV	1	TRBV6-6_CASTSQWGTSTDTQYF_TRBJ2-3
CASRNQETGELFF	TRBV12-4	TRBJ2-2	VMVELVAEL	1	TRBV12-4_CASRNQETGELFF_TRBJ2-2
CASSLIANQETQYF	TRBV28	TRBJ2-5	YLFDESGEF	1	TRBV28_CASSLIANQETQYF_TRBJ2-5
CASSQGEGANQPQHF	TRBV4-2	TRBJ1-5	SLLSVLLSM	1	TRBV4-2_CASSQGEGANQPQHF_TRBJ1-5
CSVEYEGMGKNIQYF	TRBV29-1	TRBJ2-4	MLDMYSVML	1	TRBV29-1_CSVEYEGMGKNIQYF_TRBJ2-4
CASSLVGLGTEAFF	TRBV7-9	TRBJ1-1	AMQTMLFTM	1	TRBV7-9_CASSLVGLGTEAFF_TRBJ1-1
CASSIAARDYGYTF	TRBV19	TRBJ1-2	AMQTMLFTM	1	TRBV19_CASSIAARDYGYTF_TRBJ1-2
CASSEYGGYTF	TRBV6-1	TRBJ1-2	FTPLVPFWI	1	TRBV6-1_CASSEYGGYTF_TRBJ1-2
CASSSGTSGSADTQYF	TRBV7-3	TRBJ2-3	FLYENAFLP	1	TRBV7-3_CASSSGTSGSADTQYF_TRBJ2-3
CASSGSTYNEQFF	TRBV3-1	TRBJ2-1	TLKNTVCTV	1	TRBV3-1_CASSGSTYNEQFF_TRBJ2-1
CATIRRLAGGISTDTQYF	TRBV7-9	TRBJ2-3	KSVNITFEL	1	TRBV7-9_CATIRRLAGGISTDTQYF_TRBJ2-3
CASRLPPSSGNTDTQYF	TRBV28	TRBJ2-3	KLLKSIAAT	1	TRBV28_CASRLPPSSGNTDTQYF_TRBJ2-3
CASSGTEKYNEQFF	TRBV28	TRBJ2-1	TLKNTVCTV	1	TRBV28_CASSGTEKYNEQFF_TRBJ2-1
CASSDATSGTYLYNEQFF	TRBV9	TRBJ2-1	RLSFKELLV	1	TRBV9_CASSDATSGTYLYNEQFF_TRBJ2-1
CASSRTGGRFDTQYF	TRBV12-4	TRBJ2-3	MVTNNTFTL	1	TRBV12-4_CASSRTGGRFDTQYF_TRBJ2-3
CASRRIPGNEQFF	TRBV7-9	TRBJ2-1	SVFNICQAV	1	TRBV7-9_CASRRIPGNEQFF_TRBJ2-1
CASSFGDSYNEQFF	TRBV5-4	TRBJ2-1	LLDDFVEII	1	TRBV5-4_CASSFGDSYNEQFF_TRBJ2-1
CASSLRASISTDTQYF	TRBV12-4	TRBJ2-3	LMCQPILLL	1	TRBV12-4_CASSLRASISTDTQYF_TRBJ2-3
CASSPGESTDTQYF	TRBV7-3	TRBJ2-3	QINDMILSL	1	TRBV7-3_CASSPGESTDTQYF_TRBJ2-3
CASSSRLAGVRTTGNNEQFF	TRBV28	TRBJ2-1	FLALCADSI	1	TRBV28_CASSSRLAGVRTTGNNEQFF_TRBJ2-1
CASSLGEDSSLKREPLHF	TRBV7-9	TRBJ1-6	FVDGVPFVV	1	TRBV7-9_CASSLGEDSSLKREPLHF_TRBJ1-6
CASSLAPDNSNQPQHF	TRBV11-2	TRBJ1-5	KLNEEIAII	1	TRBV11-2_CASSLAPDNSNQPQHF_TRBJ1-5
CSARAYTGELFF	TRBV20-1	TRBJ2-2	LLMPILTLT	1	TRBV20-1_CSARAYTGELFF_TRBJ2-2
CASSQESGDGELFF	TRBV4-1	TRBJ2-2	LLMPILTLT	1	TRBV4-1_CASSQESGDGELFF_TRBJ2-2
CASSLRDSSSYEQYF	TRBV4-1	TRBJ2-7	LLSVCLGSL	1	TRBV4-1_CASSLRDSSSYEQYF_TRBJ2-7
CAISESSRGVDGYTF	TRBV10-3	TRBJ1-2	KLDGFMGRI	1	TRBV10-3_CAISESSRGVDGYTF_TRBJ1-2
CASSEWALPNEQFF	TRBV6-1	TRBJ2-1	VLWAHGFEL	1	TRBV6-1_CASSEWALPNEQFF_TRBJ2-1
CASSEQGVVDTQYF	TRBV6-1	TRBJ2-3	GLALYYPSA	1	TRBV6-1_CASSEQGVVDTQYF_TRBJ2-3
CASSPPADEALYGYTF	TRBV7-9	TRBJ1-2	TLGVLVPHV	1	TRBV7-9_CASSPPADEALYGYTF_TRBJ1-2
CASSFSSGPGLDTIYF	TRBV7-9	TRBJ1-3	FVMMSAPPA	1	TRBV7-9_CASSFSSGPGLDTIYF_TRBJ1-3
CASTPTGGDEKLFF	TRBV12-4	TRBJ1-4	YVWKSYVHV	1	TRBV12-4_CASTPTGGDEKLFF_TRBJ1-4
CASSVAGTGGLFYTF	TRBV9	TRBJ1-2	ALWEIQQVV	1	TRBV9_CASSVAGTGGLFYTF_TRBJ1-2
CASSYSQGGSYGYTF	TRBV6-5	TRBJ1-2	SLPGVFCGV	1	TRBV6-5_CASSYSQGGSYGYTF_TRBJ1-2
CASSFAQRGHRETQYF	TRBV5-6	TRBJ2-5	CLEASFNYL	1	TRBV5-6_CASSFAQRGHRETQYF_TRBJ2-5
CASKVAGFNEQFF	TRBV28	TRBJ2-1	SMMILSDDA	1	TRBV28_CASKVAGFNEQFF_TRBJ2-1
CASSLSTHESYNEQFF	TRBV28	TRBJ2-1	KLNEEIAII	1	TRBV28_CASSLSTHESYNEQFF_TRBJ2-1
CASINSPGGEDTGELFF	TRBV19	TRBJ2-2	MQVESDDYI	1	TRBV19_CASINSPGGEDTGELFF_TRBJ2-2
CASSFWDWDEAFF	TRBV5-6	TRBJ1-1	SVLYYQNNV	1	TRBV5-6_CASSFWDWDEAFF_TRBJ1-1
CATTPAGKTADQETQYF	TRBV28	TRBJ2-5	AIFYLITPV	1	TRBV28_CATTPAGKTADQETQYF_TRBJ2-5
CASSVSPETNTGELFF	TRBV9	TRBJ2-2	LLMPILTLT	1	TRBV9_CASSVSPETNTGELFF_TRBJ2-2
CASSQEDRDNSPLHF	TRBV4-1	TRBJ1-6	LMIERFVSL	1	TRBV4-1_CASSQEDRDNSPLHF_TRBJ1-6
CASSLPPSTGANVLTF	TRBV7-8	TRBJ2-6	FISTCACEI	1	TRBV7-8_CASSLPPSTGANVLTF_TRBJ2-6
CASLGTPGLAGSSYEQYF	TRBV28	TRBJ2-7	FLNKVVSTT	1	TRBV28_CASLGTPGLAGSSYEQYF_TRBJ2-7
CASSLGPPADTQYF	TRBV7-2	TRBJ2-3	VLAWLYAAV	1	TRBV7-2_CASSLGPPADTQYF_TRBJ2-3
CASSVDSDSEGNTIYF	TRBV9	TRBJ1-3	KSVNITFEL	1	TRBV9_CASSVDSDSEGNTIYF_TRBJ1-3
CASTTGDSSNQPQHF	TRBV4-2	TRBJ1-5	TQWSLFFFL	1	TRBV4-2_CASTTGDSSNQPQHF_TRBJ1-5
CASSQDDSWGYGYTF	TRBV4-3	TRBJ1-2	KLDGFMGRI	1	TRBV4-3_CASSQDDSWGYGYTF_TRBJ1-2
CASSEKEGTTNTGELFF	TRBV2	TRBJ2-2	KVDGVDVEL	1	TRBV2_CASSEKEGTTNTGELFF_TRBJ2-2
CASSLREGLGEQYF	TRBV11-3	TRBJ2-7	YVWKSYVHV	1	TRBV11-3_CASSLREGLGEQYF_TRBJ2-7
CASSTSTDTQYF	TRBV9	TRBJ2-3	RQLLFVVEV	1	TRBV9_CASSTSTDTQYF_TRBJ2-3
CASSQADRGLVNTEAFF	TRBV4-1	TRBJ1-1	FLPRVFSAV	1	TRBV4-1_CASSQADRGLVNTEAFF_TRBJ1-1
CASSSQGEGEKLFF	TRBV2	TRBJ1-4	STSAFVETV	1	TRBV2_CASSSQGEGEKLFF_TRBJ1-4
CASSLLPYNEQFF	TRBV27	TRBJ2-1	GLALYYPSA	1	TRBV27_CASSLLPYNEQFF_TRBJ2-1
CASSPPDRLYEQFF	TRBV4-3	TRBJ2-1	SMQNCVLKL	1	TRBV4-3_CASSPPDRLYEQFF_TRBJ2-1
CASSYVSSGLTGELFF	TRBV5-1	TRBJ2-2	MSAFAMMFV	1	TRBV5-1_CASSYVSSGLTGELFF_TRBJ2-2
CASSLADLLAEKLFF	TRBV5-5	TRBJ1-4	IQPGQTFSV	1	TRBV5-5_CASSLADLLAEKLFF_TRBJ1-4
CASSPPPGQASYEQYF	TRBV14	TRBJ2-7	TTIQTIVEV	1	TRBV14_CASSPPPGQASYEQYF_TRBJ2-7
CATSELSGETQYF	TRBV15	TRBJ2-5	GIIAMSAFA	1	TRBV15_CATSELSGETQYF_TRBJ2-5
CASSLPDPYEQYF	TRBV5-5	TRBJ2-7	KLSYGIATV	1	TRBV5-5_CASSLPDPYEQYF_TRBJ2-7
CASSTNRDGGSYEQYF	TRBV5-4	TRBJ2-7	TLNDFNLVA	1	TRBV5-4_CASSTNRDGGSYEQYF_TRBJ2-7
CASSLDPDRVSYEQYF	TRBV7-6	TRBJ2-7	AIFYLITPV	1	TRBV7-6_CASSLDPDRVSYEQYF_TRBJ2-7
CASSLWSTSNQPQHF	TRBV27	TRBJ1-5	TTIQTIVEV	1	TRBV27_CASSLWSTSNQPQHF_TRBJ1-5
CASSFRGRLAGLETQYF	TRBV11-2	TRBJ2-5	MQVESDDYI	1	TRBV11-2_CASSFRGRLAGLETQYF_TRBJ2-5
CASSLGQGDGGYTF	TRBV7-9	TRBJ1-2	SACVLAAEC	1	TRBV7-9_CASSLGQGDGGYTF_TRBJ1-2
CASSLWGRGLGYGYTF	TRBV7-8	TRBJ1-2	NLLKDCPAV	1	TRBV7-8_CASSLWGRGLGYGYTF_TRBJ1-2
CASSDEGQGTDTQYF	TRBV4-2	TRBJ2-3	ALNLGETFV	1	TRBV4-2_CASSDEGQGTDTQYF_TRBJ2-3
CAISGPEDYYEQYF	TRBV10-3	TRBJ2-7	KLKDCVMYA	1	TRBV10-3_CAISGPEDYYEQYF_TRBJ2-7
CASSSGGYNVQFF	TRBV7-9	TRBJ2-1	KSVNITFEL	1	TRBV7-9_CASSSGGYNVQFF_TRBJ2-1
CASSIGTVNTEAFF	TRBV12-4	TRBJ1-1	FTVLCLTPV	1	TRBV12-4_CASSIGTVNTEAFF_TRBJ1-1
CASSRDRGISTTEAFF	TRBV4-3	TRBJ1-1	SMWALVISV	1	TRBV4-3_CASSRDRGISTTEAFF_TRBJ1-1
CASSQASDSLYNEQFF	TRBV4-3	TRBJ2-1	MLAKALRKV	1	TRBV4-3_CASSQASDSLYNEQFF_TRBJ2-1
CASREGQHDEKLFF	TRBV5-1	TRBJ1-4	ALWEIQQVV	1	TRBV5-1_CASREGQHDEKLFF_TRBJ1-4
CASSPAAGAGELFF	TRBV6-2	TRBJ2-2	KSVNITFEL	1	TRBV6-2_CASSPAAGAGELFF_TRBJ2-2
CASSLGTSGYEQYF	TRBV7-7	TRBJ2-7	FLLNKEMYL	1	TRBV7-7_CASSLGTSGYEQYF_TRBJ2-7
CASSQDPGPDTQYF	TRBV4-3	TRBJ2-3	FLEGETLPT	1	TRBV4-3_CASSQDPGPDTQYF_TRBJ2-3
CASSETGTSGDEQYF	TRBV5-4	TRBJ2-7	QLLFVVEVV	1	TRBV5-4_CASSETGTSGDEQYF_TRBJ2-7
CASPRSTGELFF	TRBV2	TRBJ2-2	GLALYYPSA	1	TRBV2_CASPRSTGELFF_TRBJ2-2
CSADREGSSNQPQHF	TRBV20-1	TRBJ1-5	FLPRVFSAV	1	TRBV20-1_CSADREGSSNQPQHF_TRBJ1-5
CASSYGTGSEAFF	TRBV7-6	TRBJ1-1	TLMNVLTLV	1	TRBV7-6_CASSYGTGSEAFF_TRBJ1-1
CASSYESTDTQYF	TRBV6-2	TRBJ2-3	SVLYYQNNV	1	TRBV6-2_CASSYESTDTQYF_TRBJ2-3
CASSLSGGRTKNIQYF	TRBV5-1	TRBJ2-4	KMFDAYVNT	1	TRBV5-1_CASSLSGGRTKNIQYF_TRBJ2-4
CASTIGGDTGELFF	TRBV4-2	TRBJ2-2	FLRDGWEIV	1	TRBV4-2_CASTIGGDTGELFF_TRBJ2-2
CSVTRETNEKLFF	TRBV29-1	TRBJ1-4	LLDDFVEII	1	TRBV29-1_CSVTRETNEKLFF_TRBJ1-4
CASSRGQGGQPQHF	TRBV4-1	TRBJ1-5	KQLIKVTLV	1	TRBV4-1_CASSRGQGGQPQHF_TRBJ1-5
CASSQEDPAGDSYNEQFF	TRBV3-1	TRBJ2-1	ILFTRFFYV	1	TRBV3-1_CASSQEDPAGDSYNEQFF_TRBJ2-1
CASSSATGHLTQPQHF	TRBV6-6	TRBJ1-5	NTFSSTFNV	1	TRBV6-6_CASSSATGHLTQPQHF_TRBJ1-5
CATSEYYHRDQNTGELFF	TRBV24-1	TRBJ2-2	FITESKPSV	1	TRBV24-1_CATSEYYHRDQNTGELFF_TRBJ2-2
CASRASGGFNEQFF	TRBV12-5	TRBJ2-1	VYIGDPAQL	1	TRBV12-5_CASRASGGFNEQFF_TRBJ2-1
CASKKTPVGTEAFF	TRBV19	TRBJ1-1	NYMPYFFTL	1	TRBV19_CASKKTPVGTEAFF_TRBJ1-1
CASSINPSSYNEQFF	TRBV19	TRBJ2-1	NYMPYFFTL	1	TRBV19_CASSINPSSYNEQFF_TRBJ2-1
CASSYLYRVAGELFF	TRBV6-1	TRBJ2-2	NYMPYFFTL	1	TRBV6-1_CASSYLYRVAGELFF_TRBJ2-2
CAWKPTGLGYGYTF	TRBV30	TRBJ1-2	FWITIAYII	1	TRBV30_CAWKPTGLGYGYTF_TRBJ1-2
CAISEFRDDQETQYF	TRBV10-3	TRBJ2-5	ISQWLTNIF	1	TRBV10-3_CAISEFRDDQETQYF_TRBJ2-5
CASSFWGLAGGYNEQFF	TRBV28	TRBJ2-1	TYHWLLLTI	1	TRBV28_CASSFWGLAGGYNEQFF_TRBJ2-1
CASSPDGLTENTEAFF	TRBV19	TRBJ1-1	DYTEISFML	1	TRBV19_CASSPDGLTENTEAFF_TRBJ1-1
CASSPRTSGNTYEQYF	TRBV11-2	TRBJ2-7	FYWFFSNYL	1	TRBV11-2_CASSPRTSGNTYEQYF_TRBJ2-7
CASRELGQETQYF	TRBV19	TRBJ2-5	TSQWLTNIF	1	TRBV19_CASRELGQETQYF_TRBJ2-5
CASSPAPNTEAFF	TRBV9	TRBJ1-1	TYHWLLLTI	1	TRBV9_CASSPAPNTEAFF_TRBJ1-1
CASSLAMGTSGGPYNEQFF	TRBV5-1	TRBJ2-1	KLWAQCVQL	1	TRBV5-1_CASSLAMGTSGGPYNEQFF_TRBJ2-1
CASSHEWGSNTGELFF	TRBV3-1	TRBJ2-2	KPLPEVKIL	1	TRBV3-1_CASSHEWGSNTGELFF_TRBJ2-2
CSARERGHYNEQFF	TRBV20-1	TRBJ2-1	YLFDESGEF	1	TRBV20-1_CSARERGHYNEQFF_TRBJ2-1
CASHRDPMISEQFF	TRBV6-1	TRBJ2-1	LPSYAALAT	1	TRBV6-1_CASHRDPMISEQFF_TRBJ2-1
CASSLEQGSYEQYF	TRBV4-1	TRBJ2-7	YLNTLTLAV	1	TRBV4-1_CASSLEQGSYEQYF_TRBJ2-7
CASSRYRDPPDHEQYF	TRBV4-1	TRBJ2-7	VPYFNMVYM	1	TRBV4-1_CASSRYRDPPDHEQYF_TRBJ2-7
CASSLSRANSPLHF	TRBV27	TRBJ1-6	MPYFFTLLL	1	TRBV27_CASSLSRANSPLHF_TRBJ1-6
CASSPSSYEQYF	TRBV12-3	TRBJ2-7	IPTITQMNL	1	TRBV12-3_CASSPSSYEQYF_TRBJ2-7
CASRSGGGSYEQYF	TRBV7-2	TRBJ2-7	SPLPSYAAF	1	TRBV7-2_CASRSGGGSYEQYF_TRBJ2-7
CASSLEGTQGLGINEQFF	TRBV7-2	TRBJ2-1	IPVAYRNVL	1	TRBV7-2_CASSLEGTQGLGINEQFF_TRBJ2-1
CASSSIWGSGEAFF	TRBV5-5	TRBJ1-1	RAMPNMLRI	1	TRBV5-5_CASSSIWGSGEAFF_TRBJ1-1
CASSLSRRRSRDDNEQFF	TRBV19	TRBJ2-1	SLIYSTAAL	1	TRBV19_CASSLSRRRSRDDNEQFF_TRBJ2-1
CASTRGQRNGAFF	TRBV2	TRBJ1-1	KPVPEVKIL	1	TRBV2_CASTRGQRNGAFF_TRBJ1-1
CASSPGGPGVGELFF	TRBV9	TRBJ2-2	SPYNSQNAV	1	TRBV9_CASSPGGPGVGELFF_TRBJ2-2
CASSRDRGLGYTF	TRBV5-4	TRBJ1-2	RTAPHGHVV	1	TRBV5-4_CASSRDRGLGYTF_TRBJ1-2
CASSSKGGGQQTQYF	TRBV7-2	TRBJ2-5	QPGQTFSVL	1	TRBV7-2_CASSSKGGGQQTQYF_TRBJ2-5
CASSARDYTGELFF	TRBV7-9	TRBJ2-2	NPTIQKNVL	1	TRBV7-9_CASSARDYTGELFF_TRBJ2-2
CASSLRWTMAAPSTDTQYF	TRBV6-5	TRBJ2-3	LPSYAALAT	1	TRBV6-5_CASSLRWTMAAPSTDTQYF_TRBJ2-3
CASSPGTGGFLSSYEQYF	TRBV7-8	TRBJ2-7	MPNMLRIMA	1	TRBV7-8_CASSPGTGGFLSSYEQYF_TRBJ2-7
CASSLGQGNVMNTEAFF	TRBV5-6	TRBJ1-1	MPYFFTLLL	1	TRBV5-6_CASSLGQGNVMNTEAFF_TRBJ1-1
CASRLTSGPHNEQFF	TRBV12-3	TRBJ2-1	IPTITQMNL	1	TRBV12-3_CASRLTSGPHNEQFF_TRBJ2-1
CASSPIELVTYNEQFF	TRBV28	TRBJ2-1	FPDLNGDVV	1	TRBV28_CASSPIELVTYNEQFF_TRBJ2-1
CASSLSVSSYNEQFF	TRBV4-3	TRBJ2-1	APLLSAGVF	1	TRBV4-3_CASSLSVSSYNEQFF_TRBJ2-1
CASSFGLALGDEQFF	TRBV7-9	TRBJ2-1	LPKGIMMNV	1	TRBV7-9_CASSFGLALGDEQFF_TRBJ2-1
CASSVLANTGELFF	TRBV27	TRBJ2-2	FPLCANGQV	1	TRBV27_CASSVLANTGELFF_TRBJ2-2
CASSPLTGGGWEQFF	TRBV7-9	TRBJ2-1	IPVAYRNVL	1	TRBV7-9_CASSPLTGGGWEQFF_TRBJ2-1
CASSLGQGATNTGELFF	TRBV18	TRBJ2-2	FPFTSFGPL	1	TRBV18_CASSLGQGATNTGELFF_TRBJ2-2
CASSYGWDEQFF	TRBV7-2	TRBJ2-1	VPYFNMVYM	1	TRBV7-2_CASSYGWDEQFF_TRBJ2-1
CASSYSRGQPEAFF	TRBV6-6	TRBJ1-1	RTAPHGHEL	1	TRBV6-6_CASSYSRGQPEAFF_TRBJ1-1
CASSQVVDWISNTGELFF	TRBV4-3	TRBJ2-2	RPDTRYVLM	1	TRBV4-3_CASSQVVDWISNTGELFF_TRBJ2-2
CASSVTLRDTQYF	TRBV9	TRBJ2-3	VPMEKFKTL	1	TRBV9_CASSVTLRDTQYF_TRBJ2-3
CASSAGTSGGASYNEQFF	TRBV7-7	TRBJ2-1	IPRRNVATL	1	TRBV7-7_CASSAGTSGGASYNEQFF_TRBJ2-1
CAIDETGHGYTF	TRBV7-9	TRBJ1-2	LPSYAAFAT	1	TRBV7-9_CAIDETGHGYTF_TRBJ1-2
CASSERTSGGYTDTQYF	TRBV6-1	TRBJ2-3	KPADNSLKI	1	TRBV6-1_CASSERTSGGYTDTQYF_TRBJ2-3
CSAYRVMSHEQYF	TRBV20-1	TRBJ2-7	TPHTVLQAV	1	TRBV20-1_CSAYRVMSHEQYF_TRBJ2-7
CAVPGGSPYEQYF	TRBV2	TRBJ2-7	ILRKGGRTI	1	TRBV2_CAVPGGSPYEQYF_TRBJ2-7
CASSVGATDTQYF	TRBV9	TRBJ2-3	MPYFFTLLL	1	TRBV9_CASSVGATDTQYF_TRBJ2-3
CASSVGVAGSDTQYF	TRBV9	TRBJ2-3	MPASWVMRI	1	TRBV9_CASSVGVAGSDTQYF_TRBJ2-3
CATSDFGVNTGELFF	TRBV24-1	TRBJ2-2	TPAFDKSAF	1	TRBV24-1_CATSDFGVNTGELFF_TRBJ2-2
CATSEVGSETQYF	TRBV24-1	TRBJ2-5	KPYIKWDLL	1	TRBV24-1_CATSEVGSETQYF_TRBJ2-5
CASSELAGKTYEQYF	TRBV19	TRBJ2-7	CPACYNSEV	1	TRBV19_CASSELAGKTYEQYF_TRBJ2-7
CSARDLAGGTDTQYF	TRBV20-1	TRBJ2-3	MPASWVMRI	1	TRBV20-1_CSARDLAGGTDTQYF_TRBJ2-3
CASSFLGQGDSPLHF	TRBV7-2	TRBJ1-6	IPLTTSSKL	1	TRBV7-2_CASSFLGQGDSPLHF_TRBJ1-6
CASSYRRTSGRAYHEQFF	TRBV6-2	TRBJ2-1	ATRGATVVI	1	TRBV6-2_CASSYRRTSGRAYHEQFF_TRBJ2-1
CASSPAAGFLEQYF	TRBV14	TRBJ2-7	APLLSAGVF	1	TRBV14_CASSPAAGFLEQYF_TRBJ2-7
CASNLRQGAGELFF	TRBV7-8	TRBJ2-2	LPKGIMMNV	1	TRBV7-8_CASNLRQGAGELFF_TRBJ2-2
CASSLRGRLSGELFF	TRBV27	TRBJ2-2	SPYNSQNAV	1	TRBV27_CASSLRGRLSGELFF_TRBJ2-2
CASSQVRSGTYEQYF	TRBV4-1	TRBJ2-7	LPKGIMMNV	1	TRBV4-1_CASSQVRSGTYEQYF_TRBJ2-7
CASSRTRGETQYF	TRBV7-2	TRBJ2-5	VPYFNMVYM	1	TRBV7-2_CASSRTRGETQYF_TRBJ2-5
CASSLTGTVDGYTF	TRBV12-4	TRBJ1-2	SPNLAWPLI	1	TRBV12-4_CASSLTGTVDGYTF_TRBJ1-2
CASSPKAGGPGEQFF	TRBV7-3	TRBJ2-1	MPLSAPTLL	1	TRBV7-3_CASSPKAGGPGEQFF_TRBJ2-1
CASSWRLASYNEQFF	TRBV4-1	TRBJ2-1	IPVAYRKVL	1	TRBV4-1_CASSWRLASYNEQFF_TRBJ2-1
CASSLERGGGQPQHF	TRBV27	TRBJ1-5	MPYFFTLLL	1	TRBV27_CASSLERGGGQPQHF_TRBJ1-5
CASSFPRMGGPNYGYTF	TRBV7-2	TRBJ1-2	IPRRNVATL	1	TRBV7-2_CASSFPRMGGPNYGYTF_TRBJ1-2
CASRLTRGAGETQYF	TRBV7-8	TRBJ2-5	IPLTTAAKL	1	TRBV7-8_CASRLTRGAGETQYF_TRBJ2-5
CSARIAGAKNIQYF	TRBV20-1	TRBJ2-4	KPAPRELKV	1	TRBV20-1_CSARIAGAKNIQYF_TRBJ2-4
CASSLLAGGKETQYF	TRBV27	TRBJ2-5	YPLECIKDL	1	TRBV27_CASSLLAGGKETQYF_TRBJ2-5
CASSLSVGRKTQYF	TRBV13	TRBJ2-5	IPVAYRKVL	1	TRBV13_CASSLSVGRKTQYF_TRBJ2-5
CASSLGASGRARLQETQYF	TRBV11-2	TRBJ2-5	NPTIQKNVL	1	TRBV11-2_CASSLGASGRARLQETQYF_TRBJ2-5
CASSFVQGGHTEAFF	TRBV12-3	TRBJ1-1	FPLCANGQV	1	TRBV12-3_CASSFVQGGHTEAFF_TRBJ1-1
CASHISTGELFF	TRBV19	TRBJ2-2	KPASRELKV	1	TRBV19_CASHISTGELFF_TRBJ2-2
CASSFSRGLENYGYTF	TRBV27	TRBJ1-2	MPYFFTLLL	1	TRBV27_CASSFSRGLENYGYTF_TRBJ1-2
CASSLGAGVPNEQFF	TRBV7-8	TRBJ2-1	MPLSAPTLL	1	TRBV7-8_CASSLGAGVPNEQFF_TRBJ2-1
CASSPLVRGDEQFF	TRBV9	TRBJ2-1	CPACYNSEV	1	TRBV9_CASSPLVRGDEQFF_TRBJ2-1
CASSNQRDGMNQPQHF	TRBV6-6	TRBJ1-5	SPYNSQNAV	1	TRBV6-6_CASSNQRDGMNQPQHF_TRBJ1-5
CARHSYTEAFF	TRBV2	TRBJ1-1	VPYFNMVYM	1	TRBV2_CARHSYTEAFF_TRBJ1-1
CASSLEAGGTEAFF	TRBV27	TRBJ1-1	ILRKGGRTI	1	TRBV27_CASSLEAGGTEAFF_TRBJ1-1
CASSQDLRGSYNEQFF	TRBV4-2	TRBJ2-1	MPASWVMRI	1	TRBV4-2_CASSQDLRGSYNEQFF_TRBJ2-1
CASSPQGASNQPQHF	TRBV4-2	TRBJ1-5	MPYFFTLLL	1	TRBV4-2_CASSPQGASNQPQHF_TRBJ1-5
CASSHRGGPNYGYTF	TRBV7-9	TRBJ1-2	MPYFFTLLL	1	TRBV7-9_CASSHRGGPNYGYTF_TRBJ1-2
CASRWTENTEAFF	TRBV6-2	TRBJ1-1	TPAFDKSAF	1	TRBV6-2_CASRWTENTEAFF_TRBJ1-1
CAVLIAGGRNEQFF	TRBV3-1	TRBJ2-1	MPLSAPTLL	1	TRBV3-1_CAVLIAGGRNEQFF_TRBJ2-1
CASSGGYEKLFF	TRBV27	TRBJ1-4	IPVAYRKVL	1	TRBV27_CASSGGYEKLFF_TRBJ1-4
CASSQEQRSYNEQFF	TRBV4-3	TRBJ2-1	NPTIQKNVL	1	TRBV4-3_CASSQEQRSYNEQFF_TRBJ2-1
CASSLGTTQETQYF	TRBV27	TRBJ2-5	APISAMVRM	1	TRBV27_CASSLGTTQETQYF_TRBJ2-5
CASSPLQGANHDEQYF	TRBV6-2	TRBJ2-7	VPGLPGTIL	1	TRBV6-2_CASSPLQGANHDEQYF_TRBJ2-7
CSATIDGRGYNEQFF	TRBV20-1	TRBJ2-1	TPAFDKSAF	1	TRBV20-1_CSATIDGRGYNEQFF_TRBJ2-1
CASRIQGRQPQHF	TRBV12-5	TRBJ1-5	LPGCDGGSL	1	TRBV12-5_CASRIQGRQPQHF_TRBJ1-5
CASSFLGQGAAGELFF	TRBV7-8	TRBJ2-2	RSDTRYVLM	1	TRBV7-8_CASSFLGQGAAGELFF_TRBJ2-2
CASSKRTDSYEQYF	TRBV28	TRBJ2-7	PTDNYITTY	1	TRBV28_CASSKRTDSYEQYF_TRBJ2-7
CASSFRSNSYEQYF	TRBV28	TRBJ2-7	PTDNYITTY	1	TRBV28_CASSFRSNSYEQYF_TRBJ2-7
CASSLASNNYEQYF	TRBV28	TRBJ2-7	PTDNYITTY	1	TRBV28_CASSLASNNYEQYF_TRBJ2-7
CASSLTRAGELFF	TRBV3-1	TRBJ2-2	PTDNYITTY	1	TRBV3-1_CASSLTRAGELFF_TRBJ2-2
CASSLRSNSYEQYF	TRBV28	TRBJ2-7	PTDNYITTY	1	TRBV28_CASSLRSNSYEQYF_TRBJ2-7
CASRSLSGEQFF	TRBV6-5	TRBJ2-1	TDDNALSYY	1	TRBV6-5_CASRSLSGEQFF_TRBJ2-1
CASSSGTGGQYEQYF	TRBV28	TRBJ2-7	YVFHLYLQY	1	TRBV28_CASSSGTGGQYEQYF_TRBJ2-7
CSARTSAGVYEQFF	TRBV20-1	TRBJ2-1	STDVTIATY	1	TRBV20-1_CSARTSAGVYEQFF_TRBJ2-1
CASSPFLGVRYQETQYF	TRBV28	TRBJ2-5	YADVFHLYL	1	TRBV28_CASSPFLGVRYQETQYF_TRBJ2-5
CASRGGTGLYGYTF	TRBV19	TRBJ1-2	TSAMQTMLF	1	TRBV19_CASRGGTGLYGYTF_TRBJ1-2
CASSLTTDTQYF	TRBV7-3	TRBJ2-3	PTDNYITTY	1	TRBV7-3_CASSLTTDTQYF_TRBJ2-3
CASSLNSNSYEQYF	TRBV28	TRBJ2-7	PTDNYITTY	1	TRBV28_CASSLNSNSYEQYF_TRBJ2-7
CASSLYADSYEQYF	TRBV28	TRBJ2-7	PTDNYITTY	1	TRBV28_CASSLYADSYEQYF_TRBJ2-7
CASSFFSNAYEQYF	TRBV28	TRBJ2-7	PTDNYITTY	1	TRBV28_CASSFFSNAYEQYF_TRBJ2-7
CASSSGTGPLNEQFF	TRBV6-6	TRBJ2-1	NSSTCMMCY	1	TRBV6-6_CASSSGTGPLNEQFF_TRBJ2-1
CASSLFGSGGAGETQYF	TRBV5-4	TRBJ2-5	TSDPTTFHL	1	TRBV5-4_CASSLFGSGGAGETQYF_TRBJ2-5
CASSETGGPYYGYTF	TRBV9	TRBJ1-2	NSSTCMMCY	1	TRBV9_CASSETGGPYYGYTF_TRBJ1-2
CASSQDSGWREKLFF	TRBV3-1	TRBJ1-4	YTPSKLIEY	1	TRBV3-1_CASSQDSGWREKLFF_TRBJ1-4
CASSVRDSAQHLTF	TRBV19	TRBJ2-6	GTDLEGNFY	1	TRBV19_CASSVRDSAQHLTF_TRBJ2-6
CASRVTISYQETQYF	TRBV28	TRBJ2-5	VTDNTFTLK	1	TRBV28_CASRVTISYQETQYF_TRBJ2-5
CASSLPLRASNYGYTF	TRBV28	TRBJ1-2	TSAMQTMLF	1	TRBV28_CASSLPLRASNYGYTF_TRBJ1-2
CASSITESGKGNTIYF	TRBV7-9	TRBJ1-3	FLTENLLLY	1	TRBV7-9_CASSITESGKGNTIYF_TRBJ1-3
CASSSPGEQFF	TRBV4-3	TRBJ2-1	LTNDDTSRY	1	TRBV4-3_CASSSPGEQFF_TRBJ2-1
CAGAGGGGDTEAFF	TRBV6-6	TRBJ1-1	FLTENLLLY	1	TRBV6-6_CAGAGGGGDTEAFF_TRBJ1-1
CSARVEGAGPAQYF	TRBV20-1	TRBJ2-5	TCDGTTFTY	1	TRBV20-1_CSARVEGAGPAQYF_TRBJ2-5
CASSLGRSTGELFF	TRBV13	TRBJ2-2	TSAMHTMLF	1	TRBV13_CASSLGRSTGELFF_TRBJ2-2
CASSLTGGNYGYTF	TRBV6-5	TRBJ1-2	PTDNYITTY	1	TRBV6-5_CASSLTGGNYGYTF_TRBJ1-2
CASRDGTNYGYTF	TRBV7-9	TRBJ1-2	NSSTCMMCY	1	TRBV7-9_CASRDGTNYGYTF_TRBJ1-2
CASSYRQGATEAFF	TRBV6-5	TRBJ1-1	LMNVLTLVY	1	TRBV6-5_CASSYRQGATEAFF_TRBJ1-1
CASSLAETYEQYF	TRBV7-8	TRBJ2-7	NSSTCMMCY	1	TRBV7-8_CASSLAETYEQYF_TRBJ2-7
CASSSRLYNEQFF	TRBV11-2	TRBJ2-1	NLQSNHDLY	1	TRBV11-2_CASSSRLYNEQFF_TRBJ2-1
CASTSVNTGELFF	TRBV28	TRBJ2-2	VMDEFIERY	1	TRBV28_CASTSVNTGELFF_TRBJ2-2
CASSLVDSARSYEQYF	TRBV11-2	TRBJ2-7	LTGHMLDMY	1	TRBV11-2_CASSLVDSARSYEQYF_TRBJ2-7
CASSQIGRTNEKLFF	TRBV5-5	TRBJ1-4	NSSTCMMCY	1	TRBV5-5_CASSQIGRTNEKLFF_TRBJ1-4
CSASAGLVGYEQYF	TRBV20-1	TRBJ2-7	HTDLMAAYV	1	TRBV20-1_CSASAGLVGYEQYF_TRBJ2-7
CASSFIGTRAGQYF	TRBV28	TRBJ2-4	YTDFSSEII	1	TRBV28_CASSFIGTRAGQYF_TRBJ2-4
CAISFPGQGDTEAFF	TRBV10-3	TRBJ1-1	TMADLVYAL	1	TRBV10-3_CAISFPGQGDTEAFF_TRBJ1-1
CASSLDLAGITSYNEQFF	TRBV5-6	TRBJ2-1	SMWALVISV	1	TRBV5-6_CASSLDLAGITSYNEQFF_TRBJ2-1
CASSLSLAGLQETQYF	TRBV27	TRBJ2-5	LMIERFVSL	1	TRBV27_CASSLSLAGLQETQYF_TRBJ2-5
CASSELENSNQPQHF	TRBV6-1	TRBJ1-5	VMVELVAEL	1	TRBV6-1_CASSELENSNQPQHF_TRBJ1-5
CASSSFGDSSYEQYF	TRBV5-6	TRBJ2-7	RLANECAQV	1	TRBV5-6_CASSSFGDSSYEQYF_TRBJ2-7
CASSPSDPGELFF	TRBV12-4	TRBJ2-2	TIVEVQPQL	1	TRBV12-4_CASSPSDPGELFF_TRBJ2-2
CASSSGTGVDYEQYF	TRBV28	TRBJ2-7	RIMTWLDMV	1	TRBV28_CASSSGTGVDYEQYF_TRBJ2-7
CASSLYGSSYEQYF	TRBV5-1	TRBJ2-7	KLSYGIATV	1	TRBV5-1_CASSLYGSSYEQYF_TRBJ2-7
CASSAGVGTGELFF	TRBV10-2	TRBJ2-2	SQLGGLHLL	1	TRBV10-2_CASSAGVGTGELFF_TRBJ2-2
CATSPTRSTTDTQYF	TRBV15	TRBJ2-3	FLKKDAPYI	1	TRBV15_CATSPTRSTTDTQYF_TRBJ2-3
CASSYGKTGLSGYTF	TRBV6-5	TRBJ1-2	LLDDFVEII	1	TRBV6-5_CASSYGKTGLSGYTF_TRBJ1-2
CASSLVGLSYNEQFF	TRBV28	TRBJ2-1	VMVELVAEL	1	TRBV28_CASSLVGLSYNEQFF_TRBJ2-1
CSALDGVRPQHF	TRBV20-1	TRBJ1-5	YADVFHLYL	1	TRBV20-1_CSALDGVRPQHF_TRBJ1-5
CASSQDGTAPYNEQFF	TRBV4-3	TRBJ2-1	YADVFHLYL	1	TRBV4-3_CASSQDGTAPYNEQFF_TRBJ2-1
CASSQGGRSTDTQYF	TRBV3-1	TRBJ2-3	VLQVRDVLV	1	TRBV3-1_CASSQGGRSTDTQYF_TRBJ2-3
CASSELAKGQGEQFF	TRBV6-6	TRBJ2-1	FLALCADSI	1	TRBV6-6_CASSELAKGQGEQFF_TRBJ2-1
CASSSKEAGARETQYF	TRBV7-9	TRBJ2-5	RQLLFVVEV	1	TRBV7-9_CASSSKEAGARETQYF_TRBJ2-5
CASLTRFGLYSNQPQHF	TRBV28	TRBJ1-5	ILLLDQALV	1	TRBV28_CASLTRFGLYSNQPQHF_TRBJ1-5
CATSDSGLATATDTQYF	TRBV24-1	TRBJ2-3	ELTSMKYFV	1	TRBV24-1_CATSDSGLATATDTQYF_TRBJ2-3
CASSLALNPTYYEQYF	TRBV7-9	TRBJ2-7	KLNEEIAII	1	TRBV7-9_CASSLALNPTYYEQYF_TRBJ2-7
CASSENGEGSKNIQYF	TRBV6-1	TRBJ2-4	CLEASFNYL	1	TRBV6-1_CASSENGEGSKNIQYF_TRBJ2-4
CASSYGTGNQPQHF	TRBV6-6	TRBJ1-5	ILAYCNKTV	1	TRBV6-6_CASSYGTGNQPQHF_TRBJ1-5
CASSGQGMGNSPLHF	TRBV6-5	TRBJ1-6	VMCGGSLYV	1	TRBV6-5_CASSGQGMGNSPLHF_TRBJ1-6
CASSPGPLEQFF	TRBV6-2	TRBJ2-1	FLAHIQWMV	1	TRBV6-2_CASSPGPLEQFF_TRBJ2-1
CASRGATNTGELFF	TRBV28	TRBJ2-2	TIVEVQPQL	1	TRBV28_CASRGATNTGELFF_TRBJ2-2
CASSDRGTGELFF	TRBV27	TRBJ2-2	YTMADLVYA	1	TRBV27_CASSDRGTGELFF_TRBJ2-2
CAAIGGPNTDTQYF	TRBV2	TRBJ2-3	MQVESDDYI	1	TRBV2_CAAIGGPNTDTQYF_TRBJ2-3
CSARAGTSGNDPPNEQFF	TRBV20-1	TRBJ2-1	TLMNVLTLV	1	TRBV20-1_CSARAGTSGNDPPNEQFF_TRBJ2-1
CASSLWTMWEETQYF	TRBV14	TRBJ2-5	YLFDESGEF	1	TRBV14_CASSLWTMWEETQYF_TRBJ2-5
CASSWTEGTETQYF	TRBV7-8	TRBJ2-5	FLCLFLLPS	1	TRBV7-8_CASSWTEGTETQYF_TRBJ2-5
CASSVGGGYYEQYF	TRBV5-8	TRBJ2-7	FLPRVFSAV	1	TRBV5-8_CASSVGGGYYEQYF_TRBJ2-7
CSASGTGSYEQYF	TRBV20-1	TRBJ2-7	KLNIKLLGV	1	TRBV20-1_CSASGTGSYEQYF_TRBJ2-7
CASSFGTSGTEQYF	TRBV12-3	TRBJ2-7	QINDMILSL	1	TRBV12-3_CASSFGTSGTEQYF_TRBJ2-7
CASSLNPTSAHYEQYF	TRBV18	TRBJ2-7	GIIAMSAFA	1	TRBV18_CASSLNPTSAHYEQYF_TRBJ2-7
CASSYSIVSGANVLTF	TRBV6-2	TRBJ2-6	FTVLCLTPV	1	TRBV6-2_CASSYSIVSGANVLTF_TRBJ2-6
CASSGSGPRSYEQYF	TRBV27	TRBJ2-7	TLMNVLTLV	1	TRBV27_CASSGSGPRSYEQYF_TRBJ2-7
CASSLDRVSYNEQFF	TRBV7-2	TRBJ2-1	FLPFAMGII	1	TRBV7-2_CASSLDRVSYNEQFF_TRBJ2-1
CASSLGEARPQETQYF	TRBV7-2	TRBJ2-5	ALNNIINNA	1	TRBV7-2_CASSLGEARPQETQYF_TRBJ2-5
CASSQTAGTGELFF	TRBV4-1	TRBJ2-2	NLSDRVVFV	1	TRBV4-1_CASSQTAGTGELFF_TRBJ2-2
CASSQDPSGYTDTQYF	TRBV14	TRBJ2-3	FLLPSLATV	1	TRBV14_CASSQDPSGYTDTQYF_TRBJ2-3
CATSDSSGSNEQFF	TRBV24-1	TRBJ2-1	YLGGMSYYC	1	TRBV24-1_CATSDSSGSNEQFF_TRBJ2-1
CASSHPDGTGQLTDTQYF	TRBV11-2	TRBJ2-3	YVDNSSLTI	1	TRBV11-2_CASSHPDGTGQLTDTQYF_TRBJ2-3
CASTRGQGRDGELFF	TRBV5-5	TRBJ2-2	FMCVEYCPI	1	TRBV5-5_CASTRGQGRDGELFF_TRBJ2-2
CASSERQFYGTDTQYF	TRBV6-1	TRBJ2-3	FLDGSCGSV	1	TRBV6-1_CASSERQFYGTDTQYF_TRBJ2-3
CASSQPTGLDTEAFF	TRBV3-1	TRBJ1-1	YTACSHAAV	1	TRBV3-1_CASSQPTGLDTEAFF_TRBJ1-1
CASSYRLGNEQFF	TRBV28	TRBJ2-1	ILTSLLVLV	1	TRBV28_CASSYRLGNEQFF_TRBJ2-1
CASSVTVRGDEQFF	TRBV25-1	TRBJ2-1	FLALCADSI	1	TRBV25-1_CASSVTVRGDEQFF_TRBJ2-1
CSASGTLDTEAFF	TRBV20-1	TRBJ1-1	ITFDNLKTL	1	TRBV20-1_CSASGTLDTEAFF_TRBJ1-1
CASSSRPSSGRMYEQFF	TRBV11-2	TRBJ2-1	VMYASAVVL	1	TRBV11-2_CASSSRPSSGRMYEQFF_TRBJ2-1
CASSRGASPSQETQYF	TRBV10-2	TRBJ2-5	FLNGSCGSV	1	TRBV10-2_CASSRGASPSQETQYF_TRBJ2-5
CASSVSGANYNEQFF	TRBV19	TRBJ2-1	YTVELGTEV	1	TRBV19_CASSVSGANYNEQFF_TRBJ2-1
CASSYLAGGPTDTQYF	TRBV9	TRBJ2-3	MMILSDDAV	1	TRBV9_CASSYLAGGPTDTQYF_TRBJ2-3
CASSYRGGYEQYF	TRBV7-6	TRBJ2-7	SLINTLNDL	1	TRBV7-6_CASSYRGGYEQYF_TRBJ2-7
CASSLAQINYEQYF	TRBV5-5	TRBJ2-7	KSVNITFEL	1	TRBV5-5_CASSLAQINYEQYF_TRBJ2-7
CASSQETSGSGLDTQYF	TRBV4-2	TRBJ2-3	AIFYLITPV	1	TRBV4-2_CASSQETSGSGLDTQYF_TRBJ2-3
CSAGDGADTQYF	TRBV29-1	TRBJ2-3	FITESKPSV	1	TRBV29-1_CSAGDGADTQYF_TRBJ2-3
CASSAPADVSYEQYF	TRBV7-9	TRBJ2-7	GVYDYLVST	1	TRBV7-9_CASSAPADVSYEQYF_TRBJ2-7
CASRARDSQIGDTGELFF	TRBV25-1	TRBJ2-2	ILAYCNKTV	1	TRBV25-1_CASRARDSQIGDTGELFF_TRBJ2-2
CAWSPGTASNQPQHF	TRBV30	TRBJ1-5	CLAVHECFV	1	TRBV30_CAWSPGTASNQPQHF_TRBJ1-5
CASRESGGWNTGELFF	TRBV6-6	TRBJ2-2	TILTSLLVL	1	TRBV6-6_CASRESGGWNTGELFF_TRBJ2-2
CASSLWGGYTEAFF	TRBV5-5	TRBJ1-1	KLWAQCVQL	1	TRBV5-5_CASSLWGGYTEAFF_TRBJ1-1
CASSLSVSFIVDEQFF	TRBV27	TRBJ2-1	MLFTMLRKL	1	TRBV27_CASSLSVSFIVDEQFF_TRBJ2-1
CASSTSGQGDYTF	TRBV7-9	TRBJ1-2	TLKNTVCTV	1	TRBV7-9_CASSTSGQGDYTF_TRBJ1-2
CASSQRLAGLDNEQFF	TRBV3-1	TRBJ2-1	RTIKVFTTV	1	TRBV3-1_CASSQRLAGLDNEQFF_TRBJ2-1
CASSSRDHPETQYF	TRBV25-1	TRBJ2-5	FLLNKEMYL	1	TRBV25-1_CASSSRDHPETQYF_TRBJ2-5
CSAPQRGGSTDTQYF	TRBV20-1	TRBJ2-3	GLFKDCSKV	1	TRBV20-1_CSAPQRGGSTDTQYF_TRBJ2-3
CSARSLAVSTDTQYF	TRBV20-1	TRBJ2-3	AIILASFSA	1	TRBV20-1_CSARSLAVSTDTQYF_TRBJ2-3
CAIRWTLNNEQFF	TRBV6-2	TRBJ2-1	VAFNTLLFL	1	TRBV6-2_CAIRWTLNNEQFF_TRBJ2-1
CASSSSTSGRVDEQFF	TRBV27	TRBJ2-1	VMVELVAEL	1	TRBV27_CASSSSTSGRVDEQFF_TRBJ2-1
CSVQGSSYEQYF	TRBV29-1	TRBJ2-7	LMIERFVSL	1	TRBV29-1_CSVQGSSYEQYF_TRBJ2-7
CASSSLTAQGKLFF	TRBV28	TRBJ1-4	FLPRVFSAV	1	TRBV28_CASSSLTAQGKLFF_TRBJ1-4
CASSPSQGMNEQFF	TRBV18	TRBJ2-1	SVFNICQAV	1	TRBV18_CASSPSQGMNEQFF_TRBJ2-1
CASGFGHSNSPLHF	TRBV28	TRBJ1-6	LVQSTQWSL	1	TRBV28_CASGFGHSNSPLHF_TRBJ1-6
CASSPYTGTSGAYKNIQYF	TRBV7-8	TRBJ2-4	KITEHSWNA	1	TRBV7-8_CASSPYTGTSGAYKNIQYF_TRBJ2-4
CASSLAGGSYEQYF	TRBV7-6	TRBJ2-7	FLALCADSI	1	TRBV7-6_CASSLAGGSYEQYF_TRBJ2-7
CASSEQVGGTEAFF	TRBV2	TRBJ1-1	KLSYGIATV	1	TRBV2_CASSEQVGGTEAFF_TRBJ1-1
CAAHGGTRTLAKNIQYF	TRBV28	TRBJ2-4	SLLVLVQST	1	TRBV28_CAAHGGTRTLAKNIQYF_TRBJ2-4
CASSLRRGISASYEQYF	TRBV7-8	TRBJ2-7	YVDNSSLTI	1	TRBV7-8_CASSLRRGISASYEQYF_TRBJ2-7
CASSSERNPYEQYF	TRBV27	TRBJ2-7	VMVELVAEL	1	TRBV27_CASSSERNPYEQYF_TRBJ2-7
CASRQTSGTYNEQFF	TRBV4-3	TRBJ2-1	CLTPVYSFL	1	TRBV4-3_CASRQTSGTYNEQFF_TRBJ2-1
CASLPGSSYNEQFF	TRBV7-9	TRBJ2-1	RTIKVFTTV	1	TRBV7-9_CASLPGSSYNEQFF_TRBJ2-1
CASTISQGQARPDTQYF	TRBV6-2	TRBJ2-3	RIMTWLDMV	1	TRBV6-2_CASTISQGQARPDTQYF_TRBJ2-3
CASSVGGYTGELFF	TRBV2	TRBJ2-2	AIILASFSA	1	TRBV2_CASSVGGYTGELFF_TRBJ2-2
CASSLGGGQPQHF	TRBV13	TRBJ1-5	FTPLVPFWI	1	TRBV13_CASSLGGGQPQHF_TRBJ1-5
CASSLSRSQPPNQPQHF	TRBV28	TRBJ1-5	KLQFTSLEI	1	TRBV28_CASSLSRSQPPNQPQHF_TRBJ1-5
CATSDQHGSSEQFF	TRBV24-1	TRBJ2-1	MLNPNYEDL	1	TRBV24-1_CATSDQHGSSEQFF_TRBJ2-1
CSARDFTYEQYF	TRBV20-1	TRBJ2-7	FVNEFYAYL	1	TRBV20-1_CSARDFTYEQYF_TRBJ2-7
CSARDTGMGTGELFF	TRBV20-1	TRBJ2-2	LMCQPILLL	1	TRBV20-1_CSARDTGMGTGELFF_TRBJ2-2
CASSPRDSLYEQYF	TRBV7-9	TRBJ2-7	RLYLDAYNM	1	TRBV7-9_CASSPRDSLYEQYF_TRBJ2-7
CASSFWTSGYEQYF	TRBV12-3	TRBJ2-7	KMVSLLSVL	1	TRBV12-3_CASSFWTSGYEQYF_TRBJ2-7
CASSQVAGDEAKNIQYF	TRBV3-1	TRBJ2-4	VMYASAVVL	1	TRBV3-1_CASSQVAGDEAKNIQYF_TRBJ2-4
CASSPPLAGGYEQYF	TRBV7-9	TRBJ2-7	FVFPLNSII	1	TRBV7-9_CASSPPLAGGYEQYF_TRBJ2-7
CASSPGRGDSPLHF	TRBV7-9	TRBJ1-6	YMRSLKVPA	1	TRBV7-9_CASSPGRGDSPLHF_TRBJ1-6
CASSSPVETQYF	TRBV7-9	TRBJ2-5	SLLMPILTL	1	TRBV7-9_CASSSPVETQYF_TRBJ2-5
CASSWGLAEFYNEQFF	TRBV7-6	TRBJ2-1	SLLMPILTL	1	TRBV7-6_CASSWGLAEFYNEQFF_TRBJ2-1
CASSLEPAGGPGEQYF	TRBV27	TRBJ2-7	YMPYFFTLL	1	TRBV27_CASSLEPAGGPGEQYF_TRBJ2-7
CASSHFSGTFPYEQYF	TRBV3-1	TRBJ2-7	CVMYASAVV	1	TRBV3-1_CASSHFSGTFPYEQYF_TRBJ2-7
CASSLWGAGVEETQYF	TRBV7-9	TRBJ2-5	FTVLCLTPV	1	TRBV7-9_CASSLWGAGVEETQYF_TRBJ2-5
CASSPSGLVSYEQYF	TRBV5-4	TRBJ2-7	TLMNVLTLV	1	TRBV5-4_CASSPSGLVSYEQYF_TRBJ2-7
CASSYPSGTEAFF	TRBV6-5	TRBJ1-1	KLQFTSLEI	1	TRBV6-5_CASSYPSGTEAFF_TRBJ1-1
CASSLWGAGSTDTQYF	TRBV27	TRBJ2-3	GLFKDCSKV	1	TRBV27_CASSLWGAGSTDTQYF_TRBJ2-3
CASTLAHGTTMGYTF	TRBV13	TRBJ1-2	TTIQTIVEV	1	TRBV13_CASTLAHGTTMGYTF_TRBJ1-2
CASSYSLLNTEAFF	TRBV6-2	TRBJ1-1	YLGGMSYYC	1	TRBV6-2_CASSYSLLNTEAFF_TRBJ1-1
CASSPRSREDEQFF	TRBV7-9	TRBJ2-1	CLAVHECFV	1	TRBV7-9_CASSPRSREDEQFF_TRBJ2-1
CASSLSNTPGEQFF	TRBV27	TRBJ2-1	TLMNVITLV	1	TRBV27_CASSLSNTPGEQFF_TRBJ2-1
CATSGLATYEQYF	TRBV24-1	TRBJ2-7	SLLMPILTL	1	TRBV24-1_CATSGLATYEQYF_TRBJ2-7
CSVETESYEQYF	TRBV29-1	TRBJ2-7	SVLYYQNNV	1	TRBV29-1_CSVETESYEQYF_TRBJ2-7
CSVEDLGPGANYGYTF	TRBV29-1	TRBJ1-2	SMQNCVLKL	1	TRBV29-1_CSVEDLGPGANYGYTF_TRBJ1-2
CASSIGFGQGVSTEAFF	TRBV19	TRBJ1-1	TMCDIRQLL	1	TRBV19_CASSIGFGQGVSTEAFF_TRBJ1-1
CASSQDGGGNPGVYF	TRBV3-1	TRBJ2-7	NTLQCIMLV	1	TRBV3-1_CASSQDGGGNPGVYF_TRBJ2-7
CASRSGQLTTNEKLFF	TRBV6-2	TRBJ1-4	KSVNITFEL	1	TRBV6-2_CASRSGQLTTNEKLFF_TRBJ1-4
CASSTPGTGNEKLFF	TRBV9	TRBJ1-4	AIFYLITPV	1	TRBV9_CASSTPGTGNEKLFF_TRBJ1-4
CASSLVWASGRTADTQYF	TRBV11-2	TRBJ2-3	CLTPVYSFL	1	TRBV11-2_CASSLVWASGRTADTQYF_TRBJ2-3
CASSSRDRVGETQYF	TRBV7-9	TRBJ2-5	GVYDYLVST	1	TRBV7-9_CASSSRDRVGETQYF_TRBJ2-5
CASSLVGYQGTEAFF	TRBV7-9	TRBJ1-1	VMVELVAEL	1	TRBV7-9_CASSLVGYQGTEAFF_TRBJ1-1
CASSDTGYDSPLHF	TRBV6-1	TRBJ1-6	VMVELVAEL	1	TRBV6-1_CASSDTGYDSPLHF_TRBJ1-6
CASSGLAGGPHEQFF	TRBV19	TRBJ2-1	ALLSDLQDL	1	TRBV19_CASSGLAGGPHEQFF_TRBJ2-1
CASSSAGTPTEQFF	TRBV12-3	TRBJ2-1	SLINTLNDL	1	TRBV12-3_CASSSAGTPTEQFF_TRBJ2-1
CASSLEERVQETQYF	TRBV7-2	TRBJ2-5	FLPGVYSVI	1	TRBV7-2_CASSLEERVQETQYF_TRBJ2-5
CSVWGREGLNEQFF	TRBV29-1	TRBJ2-1	YTMADLVYA	1	TRBV29-1_CSVWGREGLNEQFF_TRBJ2-1
CASTGSAGGSYGYTF	TRBV5-1	TRBJ1-2	QVVSDIDYV	1	TRBV5-1_CASTGSAGGSYGYTF_TRBJ1-2
CASSPWASGRATGELFF	TRBV6-5	TRBJ2-2	KLQFTSLEI	1	TRBV6-5_CASSPWASGRATGELFF_TRBJ2-2
CSVEAEGTATNEKLFF	TRBV29-1	TRBJ1-4	ALLADKFPV	1	TRBV29-1_CSVEAEGTATNEKLFF_TRBJ1-4
CSARVQGLNTEAFF	TRBV20-1	TRBJ1-1	FLALCADSI	1	TRBV20-1_CSARVQGLNTEAFF_TRBJ1-1
CASSLAPSPDTQYF	TRBV7-2	TRBJ2-3	ITFDNLKTL	1	TRBV7-2_CASSLAPSPDTQYF_TRBJ2-3
CASSAPSYNEQFF	TRBV7-8	TRBJ2-1	TLMNVLTLV	1	TRBV7-8_CASSAPSYNEQFF_TRBJ2-1
CSARHLANNEQFF	TRBV20-1	TRBJ2-1	FVCDNIKFA	1	TRBV20-1_CSARHLANNEQFF_TRBJ2-1
CASRFGVRGYTF	TRBV5-6	TRBJ1-2	SMMILSDDA	1	TRBV5-6_CASRFGVRGYTF_TRBJ1-2
CSARAPDRADEQFF	TRBV20-1	TRBJ2-1	TLMNVITLV	1	TRBV20-1_CSARAPDRADEQFF_TRBJ2-1
CASSASPGTQYSSTDTQYF	TRBV7-9	TRBJ2-3	MLNPNYEDL	1	TRBV7-9_CASSASPGTQYSSTDTQYF_TRBJ2-3
CASSLGTGGQFF	TRBV5-6	TRBJ2-1	GLPWNVVRI	1	TRBV5-6_CASSLGTGGQFF_TRBJ2-1
CASSLGGLDKAYSPLHF	TRBV5-1	TRBJ1-6	SLPGVFCGV	1	TRBV5-1_CASSLGGLDKAYSPLHF_TRBJ1-6
CASTPSESGDTQYF	TRBV12-4	TRBJ2-3	FLNRFTTTL	1	TRBV12-4_CASTPSESGDTQYF_TRBJ2-3
CASSPGGAPFYEQYF	TRBV5-1	TRBJ2-7	KLQFTSLEI	1	TRBV5-1_CASSPGGAPFYEQYF_TRBJ2-7
CASSLLGTEAFF	TRBV7-9	TRBJ1-1	NVLTLVYKV	1	TRBV7-9_CASSLLGTEAFF_TRBJ1-1
CASSLRGSAGNTIYF	TRBV13	TRBJ1-3	VLCNSQTSL	1	TRBV13_CASSLRGSAGNTIYF_TRBJ1-3
CAIKASASGPYEQYF	TRBV10-3	TRBJ2-7	VAFNTLLFL	1	TRBV10-3_CAIKASASGPYEQYF_TRBJ2-7
CASSSRFWKINYGYTF	TRBV7-9	TRBJ1-2	YLEGSVRVV	1	TRBV7-9_CASSSRFWKINYGYTF_TRBJ1-2
CASSVTSGGPSSYNEQFF	TRBV9	TRBJ2-1	KITEHSWNA	1	TRBV9_CASSVTSGGPSSYNEQFF_TRBJ2-1
CSATGLRTSYEQYF	TRBV20-1	TRBJ2-7	TTLNDFNLV	1	TRBV20-1_CSATGLRTSYEQYF_TRBJ2-7
CASSPTGLNGYTF	TRBV14	TRBJ1-2	SMMILSDDA	1	TRBV14_CASSPTGLNGYTF_TRBJ1-2
CASSDRTTDTQYF	TRBV28	TRBJ2-3	MVTNNTFTL	1	TRBV28_CASSDRTTDTQYF_TRBJ2-3
CASSLSPANYNEQFF	TRBV27	TRBJ2-1	YVWKSYVHV	1	TRBV27_CASSLSPANYNEQFF_TRBJ2-1
CASSVAGSYNEQFF	TRBV9	TRBJ2-1	LVQSTQWSL	1	TRBV9_CASSVAGSYNEQFF_TRBJ2-1
CASSQDSPRAGFSDTQYF	TRBV4-1	TRBJ2-3	ALYYPSARI	1	TRBV4-1_CASSQDSPRAGFSDTQYF_TRBJ2-3
CSVGDSNQPQHF	TRBV29-1	TRBJ1-5	YTMADLVYA	1	TRBV29-1_CSVGDSNQPQHF_TRBJ1-5
CASSTYRNTGELFF	TRBV12-4	TRBJ2-2	YVDNSSLTI	1	TRBV12-4_CASSTYRNTGELFF_TRBJ2-2
CASRMGHTDTQYF	TRBV7-8	TRBJ2-3	FMIDVQQWG	1	TRBV7-8_CASRMGHTDTQYF_TRBJ2-3
CASSLGRQFGTQYF	TRBV5-6	TRBJ2-5	YLGGMSYYC	1	TRBV5-6_CASSLGRQFGTQYF_TRBJ2-5
CASSQEASGGKETQYF	TRBV4-1	TRBJ2-5	KLVSSFLEM	1	TRBV4-1_CASSQEASGGKETQYF_TRBJ2-5
CSARDWLGQEVYNEQFF	TRBV20-1	TRBJ2-1	FMIDVQQWG	1	TRBV20-1_CSARDWLGQEVYNEQFF_TRBJ2-1
CASSPTSNEQFF	TRBV2	TRBJ2-1	KLQFTSLEI	1	TRBV2_CASSPTSNEQFF_TRBJ2-1
CASSLGQSSYNEQFF	TRBV7-6	TRBJ2-1	KSVNITFEL	1	TRBV7-6_CASSLGQSSYNEQFF_TRBJ2-1
CASSLSGEYEQYF	TRBV19	TRBJ2-7	KLQFTSLEI	1	TRBV19_CASSLSGEYEQYF_TRBJ2-7
CASSSAGNGYTF	TRBV6-2	TRBJ1-2	VMVELVAEL	1	TRBV6-2_CASSSAGNGYTF_TRBJ1-2
CASSTSSSWTQYF	TRBV12-3	TRBJ2-5	QMAPISAMV	1	TRBV12-3_CASSTSSSWTQYF_TRBJ2-5
CASRTSSTGELFF	TRBV5-4	TRBJ2-2	FLALCADSI	1	TRBV5-4_CASRTSSTGELFF_TRBJ2-2
CASNLGGAINEQFF	TRBV7-2	TRBJ2-1	SMMILSDDA	1	TRBV7-2_CASNLGGAINEQFF_TRBJ2-1
CASSMAQGNQPQHF	TRBV19	TRBJ1-5	CLTPVYSFL	1	TRBV19_CASSMAQGNQPQHF_TRBJ1-5
CASSPAGLAITGELFF	TRBV18	TRBJ2-2	FLAHIQWMV	1	TRBV18_CASSPAGLAITGELFF_TRBJ2-2
CASSYWEAGGETQYF	TRBV6-2	TRBJ2-3	FLNKVVSTT	1	TRBV6-2_CASSYWEAGGETQYF_TRBJ2-3
CASSQDSGPQYEQYF	TRBV3-1	TRBJ2-7	CLGSLIYST	1	TRBV3-1_CASSQDSGPQYEQYF_TRBJ2-7
CASSPGLAGDNEQFF	TRBV5-5	TRBJ2-1	LVLSVNPYV	1	TRBV5-5_CASSPGLAGDNEQFF_TRBJ2-1
CASRRGTDLTDTQYF	TRBV12-3	TRBJ2-3	KLWAQCVQL	1	TRBV12-3_CASRRGTDLTDTQYF_TRBJ2-3
CASSPQRGPYEQYF	TRBV25-1	TRBJ2-7	FVCDNIKFA	1	TRBV25-1_CASSPQRGPYEQYF_TRBJ2-7
CASSQGSGWETQYF	TRBV4-3	TRBJ2-5	RIMASLVLA	1	TRBV4-3_CASSQGSGWETQYF_TRBJ2-5
CASRGASGSYEQYF	TRBV2	TRBJ2-7	ALNNIINNA	1	TRBV2_CASRGASGSYEQYF_TRBJ2-7
CASTSYAGGELFF	TRBV7-8	TRBJ2-2	KLQFTSLEI	1	TRBV7-8_CASTSYAGGELFF_TRBJ2-2
CSVEKGQGQETQYF	TRBV29-1	TRBJ2-5	RQLLFVVEV	1	TRBV29-1_CSVEKGQGQETQYF_TRBJ2-5
CASSATGGTDTQYF	TRBV9	TRBJ2-3	ALWEIQQVV	1	TRBV9_CASSATGGTDTQYF_TRBJ2-3
CSARAWGGIAGLTDTQYF	TRBV20-1	TRBJ2-3	TLMNVLTLV	1	TRBV20-1_CSARAWGGIAGLTDTQYF_TRBJ2-3
CASIEYPGENIQYF	TRBV11-2	TRBJ2-4	YTACSHAAV	1	TRBV11-2_CASIEYPGENIQYF_TRBJ2-4
CASSDRFWEQYF	TRBV2	TRBJ2-7	YQVNGYPNM	1	TRBV2_CASSDRFWEQYF_TRBJ2-7
CASRGLNEEKLFF	TRBV6-1	TRBJ1-4	FTVLCLTPV	1	TRBV6-1_CASRGLNEEKLFF_TRBJ1-4
CASSREPLNQPQHF	TRBV6-5	TRBJ1-5	LSFKELLVY	1	TRBV6-5_CASSREPLNQPQHF_TRBJ1-5
CASSERLDLAGGRNEQFF	TRBV6-1	TRBJ2-1	FIDIKRGVY	1	TRBV6-1_CASSERLDLAGGRNEQFF_TRBJ2-1
CASSYSVSWPYEQYF	TRBV6-2	TRBJ2-7	ISDYDYYRY	1	TRBV6-2_CASSYSVSWPYEQYF_TRBJ2-7
CASKPGAIEAFF	TRBV12-4	TRBJ1-1	FSVVGNICY	1	TRBV12-4_CASKPGAIEAFF_TRBJ1-1
CASRAGGWTLPSNYGYTF	TRBV19	TRBJ1-2	YTDFATSAC	1	TRBV19_CASRAGGWTLPSNYGYTF_TRBJ1-2
CASSPGTGSHPYNEQFF	TRBV7-7	TRBJ2-1	VMHANYIFW	1	TRBV7-7_CASSPGTGSHPYNEQFF_TRBJ2-1
CASSLGSGGGETQYF	TRBV7-2	TRBJ2-5	MMISAGFSL	1	TRBV7-2_CASSLGSGGGETQYF_TRBJ2-5
CASSQALASFGEQYF	TRBV14	TRBJ2-7	TSQWLTNIF	1	TRBV14_CASSQALASFGEQYF_TRBJ2-7
CASSLDSRGNEQFF	TRBV7-2	TRBJ2-1	TSQWLTNIF	1	TRBV7-2_CASSLDSRGNEQFF_TRBJ2-1
CASNWFRDNTGELFF	TRBV6-5	TRBJ2-2	DYKHYTPSF	1	TRBV6-5_CASNWFRDNTGELFF_TRBJ2-2
CASTTGTGLINEQFF	TRBV5-1	TRBJ2-1	TSQWLTNIF	1	TRBV5-1_CASTTGTGLINEQFF_TRBJ2-1
CASSSRPGPNNEQFF	TRBV7-6	TRBJ2-1	QPGQTFSVL	1	TRBV7-6_CASSSRPGPNNEQFF_TRBJ2-1
CASSGDREGLDYNEQFF	TRBV5-1	TRBJ2-1	LPGCDGGSL	1	TRBV5-1_CASSGDREGLDYNEQFF_TRBJ2-1
CASTPGGTYNEQFF	TRBV19	TRBJ2-1	NYMPYFFTL	1	TRBV19_CASTPGGTYNEQFF_TRBJ2-1
CASSYGLTDTQYF	TRBV6-5	TRBJ2-3	TSQWLTNIF	1	TRBV6-5_CASSYGLTDTQYF_TRBJ2-3
CASSLLGGRGNTGELFF	TRBV7-8	TRBJ2-2	MFDAYVNTF	1	TRBV7-8_CASSLLGGRGNTGELFF_TRBJ2-2
CASSQKPGQDHYEQYF	TRBV12-3	TRBJ2-7	MFLARGIVF	1	TRBV12-3_CASSQKPGQDHYEQYF_TRBJ2-7
CASSLWTGYNEQFF	TRBV6-5	TRBJ2-1	NMMVTNNTF	1	TRBV6-5_CASSLWTGYNEQFF_TRBJ2-1
CAISPTSGSIGYEQYF	TRBV10-3	TRBJ2-7	TYHWLLLTI	1	TRBV10-3_CAISPTSGSIGYEQYF_TRBJ2-7
CASSLGPGQGYNEQFF	TRBV7-6	TRBJ2-1	NYMPYFFTL	1	TRBV7-6_CASSLGPGQGYNEQFF_TRBJ2-1
CASSKGPGHKYNEQFF	TRBV7-6	TRBJ2-1	NYMPYFFTL	1	TRBV7-6_CASSKGPGHKYNEQFF_TRBJ2-1
CSAEVPGANTGELFF	TRBV20-1	TRBJ2-2	TYASALWEI	1	TRBV20-1_CSAEVPGANTGELFF_TRBJ2-2
CSARFSANGEQYF	TRBV20-1	TRBJ2-7	YYKKDNSYF	1	TRBV20-1_CSARFSANGEQYF_TRBJ2-7
CASSYLGQMDEKLFF	TRBV6-6	TRBJ1-4	TFTYASALW	1	TRBV6-6_CASSYLGQMDEKLFF_TRBJ1-4
CASYWTGPPHGYTF	TRBV28	TRBJ1-2	IFFITGNTL	1	TRBV28_CASYWTGPPHGYTF_TRBJ1-2
CASSYSERDTEKLFF	TRBV6-6	TRBJ1-4	RTIKGTYHW	1	TRBV6-6_CASSYSERDTEKLFF_TRBJ1-4
CASTSMGAGAANTEAFF	TRBV5-1	TRBJ1-1	VMHANYIFW	1	TRBV5-1_CASTSMGAGAANTEAFF_TRBJ1-1
CSVVDRGRFYNEQFF	TRBV29-1	TRBJ2-1	TSAMQTMLF	1	TRBV29-1_CSVVDRGRFYNEQFF_TRBJ2-1
CASKTGGAAKNIQYF	TRBV2	TRBJ2-4	VYIGDPAQL	1	TRBV2_CASKTGGAAKNIQYF_TRBJ2-4
CASSLIGGGATNEKLFF	TRBV5-1	TRBJ1-4	VMHANYIFW	1	TRBV5-1_CASSLIGGGATNEKLFF_TRBJ1-4
CASSLIGAGSTDTQYF	TRBV5-1	TRBJ2-3	VMHANYIFW	1	TRBV5-1_CASSLIGAGSTDTQYF_TRBJ2-3
CSARGRGSVKLYAEAFF	TRBV20-1	TRBJ1-1	VMHANYIFW	1	TRBV20-1_CSARGRGSVKLYAEAFF_TRBJ1-1
CASSEALSGGAPAETQYF	TRBV2	TRBJ2-5	LFTRFFYVL	1	TRBV2_CASSEALSGGAPAETQYF_TRBJ2-5
CASSPPNRGQETQYF	TRBV18	TRBJ2-5	TSQWLTNIF	1	TRBV18_CASSPPNRGQETQYF_TRBJ2-5
CASSLLAGSSYNEQFF	TRBV6-6	TRBJ2-1	HFISNSWLM	1	TRBV6-6_CASSLLAGSSYNEQFF_TRBJ2-1
CASQRSPNEQFF	TRBV25-1	TRBJ2-1	YMPYFFTLL	1	TRBV25-1_CASQRSPNEQFF_TRBJ2-1
CASSDRDDIQYF	TRBV25-1	TRBJ2-4	TFTYASALW	1	TRBV25-1_CASSDRDDIQYF_TRBJ2-4
CASSGREAFF	TRBV18	TRBJ1-1	YYRYNLPTM	1	TRBV18_CASSGREAFF_TRBJ1-1
CASSLGNYSNQPQHF	TRBV5-1	TRBJ1-5	TSQWLTNIF	1	TRBV5-1_CASSLGNYSNQPQHF_TRBJ1-5
CASSLGTSGGKWTDTQYF	TRBV11-2	TRBJ2-3	MFLARGIVF	1	TRBV11-2_CASSLGTSGGKWTDTQYF_TRBJ2-3
CASGLVPGGGSDGYTF	TRBV12-5	TRBJ1-2	YMPYIFTLL	1	TRBV12-5_CASGLVPGGGSDGYTF_TRBJ1-2
CASSQDRGGNQPQHF	TRBV4-1	TRBJ1-5	NYMPYFFTL	1	TRBV4-1_CASSQDRGGNQPQHF_TRBJ1-5
CATRGVGETQYF	TRBV15	TRBJ2-5	FYWFFSNYL	1	TRBV15_CATRGVGETQYF_TRBJ2-5
CSAQSQLRVLEETQYF	TRBV20-1	TRBJ2-5	TSQWLTNIF	1	TRBV20-1_CSAQSQLRVLEETQYF_TRBJ2-5
CAISESWTSGIGREETQYF	TRBV10-3	TRBJ2-5	ALWEIQQVV	1	TRBV10-3_CAISESWTSGIGREETQYF_TRBJ2-5
CASSLVAGALLDTQYF	TRBV7-9	TRBJ2-3	SVLYYQNNV	1	TRBV7-9_CASSLVAGALLDTQYF_TRBJ2-3
CASSLTSDGYNEQFF	TRBV7-3	TRBJ2-1	NLSDRVVFV	1	TRBV7-3_CASSLTSDGYNEQFF_TRBJ2-1
CASSVGRLAGGAETQYF	TRBV9	TRBJ2-5	YLNTLTLAV	1	TRBV9_CASSVGRLAGGAETQYF_TRBJ2-5
CASSLASGGPWDTQYF	TRBV7-7	TRBJ2-3	KSVNITFEL	1	TRBV7-7_CASSLASGGPWDTQYF_TRBJ2-3
CASSLDRDYNQPQHF	TRBV6-6	TRBJ1-5	SMQNCVLKL	1	TRBV6-6_CASSLDRDYNQPQHF_TRBJ1-5
CATSGDRGWQYF	TRBV24-1	TRBJ2-7	KLWAQCVQL	1	TRBV24-1_CATSGDRGWQYF_TRBJ2-7
CASSLVSGELFF	TRBV19	TRBJ2-2	ALWEIQQVV	1	TRBV19_CASSLVSGELFF_TRBJ2-2
CASGGLMRGLDTQYF	TRBV9	TRBJ2-3	TLMNVITLV	1	TRBV9_CASGGLMRGLDTQYF_TRBJ2-3
CASSTGTVGYEQYF	TRBV27	TRBJ2-7	KLWAQCVQL	1	TRBV27_CASSTGTVGYEQYF_TRBJ2-7
CSASDGTGSNYGYTF	TRBV29-1	TRBJ1-2	FLPGVYSVI	1	TRBV29-1_CSASDGTGSNYGYTF_TRBJ1-2
CASSSESTDTQYF	TRBV5-5	TRBJ2-3	FVNEFYAYL	1	TRBV5-5_CASSSESTDTQYF_TRBJ2-3
CASSSEEDISGNTIYF	TRBV7-9	TRBJ1-3	VLWAHGFEL	1	TRBV7-9_CASSSEEDISGNTIYF_TRBJ1-3
CASSQEASYEQYF	TRBV4-1	TRBJ2-7	VMVELVAEL	1	TRBV4-1_CASSQEASYEQYF_TRBJ2-7
CASSLNSNTEAFF	TRBV13	TRBJ1-1	KSVNITFEL	1	TRBV13_CASSLNSNTEAFF_TRBJ1-1
CASSPVSNTEAFF	TRBV7-9	TRBJ1-1	GLPWNVVRI	1	TRBV7-9_CASSPVSNTEAFF_TRBJ1-1
CASSVGSGGAGYGYTF	TRBV9	TRBJ1-2	TTIQTIVEV	1	TRBV9_CASSVGSGGAGYGYTF_TRBJ1-2
CASSLPTRQNLASYEYGYTF	TRBV28	TRBJ1-2	WMVMFTPLV	1	TRBV28_CASSLPTRQNLASYEYGYTF_TRBJ1-2
CSAIEEGTEVFGYTF	TRBV20-1	TRBJ1-2	YLGGMSYYC	1	TRBV20-1_CSAIEEGTEVFGYTF_TRBJ1-2
CASTYRTSGGPIQETQYF	TRBV12-4	TRBJ2-5	WMVMFTPLV	1	TRBV12-4_CASTYRTSGGPIQETQYF_TRBJ2-5
CASSLGSLNEQFF	TRBV5-4	TRBJ2-1	FLIGCNYLG	1	TRBV5-4_CASSLGSLNEQFF_TRBJ2-1
CSASRGTYEQYF	TRBV20-1	TRBJ2-7	MQVESDDYI	1	TRBV20-1_CSASRGTYEQYF_TRBJ2-7
CASSIGLGGGYTF	TRBV19	TRBJ1-2	ALWEIQQVV	1	TRBV19_CASSIGLGGGYTF_TRBJ1-2
CASSESRDYNYGYTF	TRBV2	TRBJ1-2	NTFSSTFNV	1	TRBV2_CASSESRDYNYGYTF_TRBJ1-2
CASSRRGTEAFF	TRBV11-2	TRBJ1-1	YVDNSSLTI	1	TRBV11-2_CASSRRGTEAFF_TRBJ1-1
CASSTTGGEEQFF	TRBV18	TRBJ2-1	VMVELVAEL	1	TRBV18_CASSTTGGEEQFF_TRBJ2-1
CAYQPPGGGNIQYF	TRBV30	TRBJ2-4	KSVNITFEL	1	TRBV30_CAYQPPGGGNIQYF_TRBJ2-4
CASSSIWTSVNEQFF	TRBV5-6	TRBJ2-1	KSVNITFEL	1	TRBV5-6_CASSSIWTSVNEQFF_TRBJ2-1
CASSPHRTVLAGDTQYF	TRBV4-3	TRBJ2-3	KLVNKFLAL	1	TRBV4-3_CASSPHRTVLAGDTQYF_TRBJ2-3
CATNPAGGPYNEQFF	TRBV19	TRBJ2-1	ILFTRFFYV	1	TRBV19_CATNPAGGPYNEQFF_TRBJ2-1
CASSLHLGGELFF	TRBV11-3	TRBJ2-2	FLLNKEMYL	1	TRBV11-3_CASSLHLGGELFF_TRBJ2-2
CASSVAGGTDTQYF	TRBV9	TRBJ2-3	ALWEIQQVV	1	TRBV9_CASSVAGGTDTQYF_TRBJ2-3
CATRQADSPLHF	TRBV6-1	TRBJ1-6	KSVNITFEL	1	TRBV6-1_CATRQADSPLHF_TRBJ1-6
CASSPGQGGTEAFF	TRBV9	TRBJ1-1	YLDAYNMMI	1	TRBV9_CASSPGQGGTEAFF_TRBJ1-1
CATSDFYRPDTQYF	TRBV24-1	TRBJ2-3	MMISAGFSL	1	TRBV24-1_CATSDFYRPDTQYF_TRBJ2-3
CASSGDPKAYEQYF	TRBV2	TRBJ2-7	LQLGFSTGV	1	TRBV2_CASSGDPKAYEQYF_TRBJ2-7
CASSPGASYNEQFF	TRBV6-6	TRBJ2-1	MLDMYSVML	1	TRBV6-6_CASSPGASYNEQFF_TRBJ2-1
CASSLGPAGAHNEQFF	TRBV27	TRBJ2-1	FVAAIFYLI	1	TRBV27_CASSLGPAGAHNEQFF_TRBJ2-1
CASSPYWTGGDEKLFF	TRBV7-2	TRBJ1-4	KLNIKLLGV	1	TRBV7-2_CASSPYWTGGDEKLFF_TRBJ1-4
CASKIGGGDYYEQYF	TRBV7-8	TRBJ2-7	VLSTFISAA	1	TRBV7-8_CASKIGGGDYYEQYF_TRBJ2-7
CASSPWTGARGYTF	TRBV6-6	TRBJ1-2	LTSHTVMPL	1	TRBV6-6_CASSPWTGARGYTF_TRBJ1-2
CASSIRGSYNEQFF	TRBV7-9	TRBJ2-1	YLFDESGEF	1	TRBV7-9_CASSIRGSYNEQFF_TRBJ2-1
CASSVGGSGGAGEQYF	TRBV9	TRBJ2-7	FVAAIFYLI	1	TRBV9_CASSVGGSGGAGEQYF_TRBJ2-7
CASSHKTGTLSYEQYF	TRBV9	TRBJ2-7	MLNPNYEDL	1	TRBV9_CASSHKTGTLSYEQYF_TRBJ2-7
CASSLGRQIGYEQYF	TRBV11-2	TRBJ2-7	VMVELVAEL	1	TRBV11-2_CASSLGRQIGYEQYF_TRBJ2-7
CASSLEAAIVFF	TRBV7-9	TRBJ2-2	FMCVEYCPI	1	TRBV7-9_CASSLEAAIVFF_TRBJ2-2
CASSYSKLAGGFEQFF	TRBV6-5	TRBJ2-1	SLLSVLLSM	1	TRBV6-5_CASSYSKLAGGFEQFF_TRBJ2-1
CASSQQGAVSAEAFF	TRBV14	TRBJ1-1	FVCDNIKFA	1	TRBV14_CASSQQGAVSAEAFF_TRBJ1-1
CASSSLNTEAFF	TRBV27	TRBJ1-1	AMQTMLFTM	3	TRBV27_CASSSLNTEAFF_TRBJ1-1
CASSTPDTPSSYNEQFF	TRBV2	TRBJ2-1	STQWSLFFF	1	TRBV2_CASSTPDTPSSYNEQFF_TRBJ2-1
CASSSSTGGNYGYTF	TRBV12-3	TRBJ1-2	STQWSLFFF	1	TRBV12-3_CASSSSTGGNYGYTF_TRBJ1-2
CASSLGSGAYNEQFF	TRBV7-6	TRBJ2-1	TSQWLTNIF	1	TRBV7-6_CASSLGSGAYNEQFF_TRBJ2-1
CASSLLGSNQETQYF	TRBV7-2	TRBJ2-5	CLAYYFMRF	1	TRBV7-2_CASSLLGSNQETQYF_TRBJ2-5
CASSPAGTGGLSYF	TRBV6-5	TRBJ2-7	TSQWLTNIF	1	TRBV6-5_CASSPAGTGGLSYF_TRBJ2-7
CASSWYTTGQETQYF	TRBV7-9	TRBJ2-5	AHIQWMVMF	1	TRBV7-9_CASSWYTTGQETQYF_TRBJ2-5
CASSLRGTDTQYF	TRBV14	TRBJ2-3	CFAYYFMRF	1	TRBV14_CASSLRGTDTQYF_TRBJ2-3
CASSQDPSGAGYGYTF	TRBV4-3	TRBJ1-2	CLAYYFMRF	1	TRBV4-3_CASSQDPSGAGYGYTF_TRBJ1-2
CSPAGGNYNEQFF	TRBV20-1	TRBJ2-1	SMMILSDDA	1	TRBV20-1_CSPAGGNYNEQFF_TRBJ2-1
CASSIGDQETQYF	TRBV19	TRBJ2-5	KLDGFMGRI	1	TRBV19_CASSIGDQETQYF_TRBJ2-5
CASRSWVRAPNQPQHF	TRBV6-1	TRBJ1-5	ALWEIQQVV	1	TRBV6-1_CASRSWVRAPNQPQHF_TRBJ1-5
CASSDSSGAYEQYF	TRBV6-1	TRBJ2-7	KSVNITFEL	1	TRBV6-1_CASSDSSGAYEQYF_TRBJ2-7
CAKLVTGAVSGEQFF	TRBV2	TRBJ2-1	ALWEIQQVV	1	TRBV2_CAKLVTGAVSGEQFF_TRBJ2-1
CASSARGDTQYF	TRBV9	TRBJ2-3	YLDAYNMMI	1	TRBV9_CASSARGDTQYF_TRBJ2-3
CASSQDSWAGGSNEQFF	TRBV4-1	TRBJ2-1	YLGGMSYYC	1	TRBV4-1_CASSQDSWAGGSNEQFF_TRBJ2-1
CASSPDRGPSQPQHF	TRBV7-8	TRBJ1-5	GLPWNVVRI	1	TRBV7-8_CASSPDRGPSQPQHF_TRBJ1-5
CASSMYTNQPQHF	TRBV19	TRBJ1-5	KLKDCVMYA	1	TRBV19_CASSMYTNQPQHF_TRBJ1-5
CASSLGGGADTQYF	TRBV6-2	TRBJ2-3	VLGSLAATV	1	TRBV6-2_CASSLGGGADTQYF_TRBJ2-3
CASSQDWTRKLTGAFF	TRBV4-3	TRBJ1-1	LVLSVNPYV	1	TRBV4-3_CASSQDWTRKLTGAFF_TRBJ1-1
CASSAGHMNTGELFF	TRBV7-9	TRBJ2-2	TVYEKLKPV	1	TRBV7-9_CASSAGHMNTGELFF_TRBJ2-2
CASSHQMGGTGAATGGYTF	TRBV4-1	TRBJ1-2	SMMILSDDA	1	TRBV4-1_CASSHQMGGTGAATGGYTF_TRBJ1-2
CASSQELAGGGNEQFF	TRBV4-1	TRBJ2-1	NLHPDSATL	1	TRBV4-1_CASSQELAGGGNEQFF_TRBJ2-1
CASRGLGRADTQYF	TRBV6-2	TRBJ2-3	AIFYLITPV	1	TRBV6-2_CASRGLGRADTQYF_TRBJ2-3
CASSLGETGGIQFF	TRBV5-6	TRBJ2-1	KLNVGDYFV	1	TRBV5-6_CASSLGETGGIQFF_TRBJ2-1
CASSQDLGQGASPLHF	TRBV4-3	TRBJ1-6	FLPGVYSVI	1	TRBV4-3_CASSQDLGQGASPLHF_TRBJ1-6
CASSPLVPASSYNEQFF	TRBV18	TRBJ2-1	NLIDSYFVV	1	TRBV18_CASSPLVPASSYNEQFF_TRBJ2-1
CASSLGTSGGLSTDTQYF	TRBV11-2	TRBJ2-3	CLAVHECFV	1	TRBV11-2_CASSLGTSGGLSTDTQYF_TRBJ2-3
CASSSWTQQETQYF	TRBV5-5	TRBJ2-5	TLMNVITLV	1	TRBV5-5_CASSSWTQQETQYF_TRBJ2-5
CASSLEPGHSYEQYF	TRBV7-2	TRBJ2-7	TLMNVITLV	1	TRBV7-2_CASSLEPGHSYEQYF_TRBJ2-7
CASRLRGQGFYEQYF	TRBV27	TRBJ2-7	KLQFTSLEI	1	TRBV27_CASRLRGQGFYEQYF_TRBJ2-7
CASTWDSLYEQYF	TRBV6-1	TRBJ2-7	SMWALIISV	1	TRBV6-1_CASTWDSLYEQYF_TRBJ2-7
CSARSPWLMENSPLHF	TRBV20-1	TRBJ1-6	GIIAMSAFA	1	TRBV20-1_CSARSPWLMENSPLHF_TRBJ1-6
CASSLTGISTDTQYF	TRBV27	TRBJ2-3	WMVMFTPLV	1	TRBV27_CASSLTGISTDTQYF_TRBJ2-3
CASSRDRGGEKLFF	TRBV7-9	TRBJ1-4	AMQTMLFTM	1	TRBV7-9_CASSRDRGGEKLFF_TRBJ1-4
CATSPSTGELFF	TRBV15	TRBJ2-2	KPYIKWDLL	1	TRBV15_CATSPSTGELFF_TRBJ2-2
CASSPVWRAGPVEQYF	TRBV5-5	TRBJ2-7	LPSYAALAT	1	TRBV5-5_CASSPVWRAGPVEQYF_TRBJ2-7
CASSSGGRYEQYF	TRBV7-6	TRBJ2-7	IPRRNVATL	1	TRBV7-6_CASSSGGRYEQYF_TRBJ2-7
CASSRPTEKNEQFF	TRBV4-1	TRBJ2-1	DTDFVNEFY	1	TRBV4-1_CASSRPTEKNEQFF_TRBJ2-1
CASSVGGAHEQYF	TRBV9	TRBJ2-7	QADVEWKFY	1	TRBV9_CASSVGGAHEQYF_TRBJ2-7
CASSDGLAGPGDTQYF	TRBV9	TRBJ2-3	TSAMQTMLF	1	TRBV9_CASSDGLAGPGDTQYF_TRBJ2-3
CASSQDLGARMGETQYF	TRBV3-1	TRBJ2-5	SSSTCMMCY	1	TRBV3-1_CASSQDLGARMGETQYF_TRBJ2-5
CASSVGQGNQPQHF	TRBV9	TRBJ1-5	PTDSYITTY	1	TRBV9_CASSVGQGNQPQHF_TRBJ1-5
CASSTQPGADTGELFF	TRBV5-8	TRBJ2-2	TVAYFNMVY	1	TRBV5-8_CASSTQPGADTGELFF_TRBJ2-2
CASSPPDDEQYF	TRBV7-9	TRBJ2-7	MCDVRQLLF	1	TRBV7-9_CASSPPDDEQYF_TRBJ2-7
CASSYSVEAEAFF	TRBV6-6	TRBJ1-1	TSAMQTMLF	1	TRBV6-6_CASSYSVEAEAFF_TRBJ1-1
CASSERQLPYEQYF	TRBV2	TRBJ2-7	MCDIRQLLF	1	TRBV2_CASSERQLPYEQYF_TRBJ2-7
CASSLMGTEAFF	TRBV11-2	TRBJ1-1	LSFKELLVY	1	TRBV11-2_CASSLMGTEAFF_TRBJ1-1
CSAFYPGAGEAFF	TRBV20-1	TRBJ1-1	LMNVLTLVY	1	TRBV20-1_CSAFYPGAGEAFF_TRBJ1-1
CSARVGEGNQPQHF	TRBV20-1	TRBJ1-5	LTNDNTSRY	1	TRBV20-1_CSARVGEGNQPQHF_TRBJ1-5
CASSQSGGRYEQYF	TRBV4-2	TRBJ2-7	YTDIATSAC	1	TRBV4-2_CASSQSGGRYEQYF_TRBJ2-7
CASSQGLAGGQGEQFF	TRBV4-3	TRBJ2-1	MSAFAMMFV	1	TRBV4-3_CASSQGLAGGQGEQFF_TRBJ2-1
CASSWLGQGALEAFF	TRBV25-1	TRBJ1-1	ITNFKSVLY	1	TRBV25-1_CASSWLGQGALEAFF_TRBJ1-1
CASSFSGGDTEAFF	TRBV5-1	TRBJ1-1	TVAYFNMVY	1	TRBV5-1_CASSFSGGDTEAFF_TRBJ1-1
CAIGTGLSYEQYF	TRBV10-3	TRBJ2-7	STDVTIATY	1	TRBV10-3_CAIGTGLSYEQYF_TRBJ2-7
CASNHRGTGELFF	TRBV28	TRBJ2-2	YADVFHLYL	1	TRBV28_CASNHRGTGELFF_TRBJ2-2
CASSLYGATYNEQFF	TRBV28	TRBJ2-1	ISDYDYYRY	1	TRBV28_CASSLYGATYNEQFF_TRBJ2-1
CASSQAQGLPYEQYF	TRBV4-3	TRBJ2-7	HSDKFTDGV	1	TRBV4-3_CASSQAQGLPYEQYF_TRBJ2-7
CASSEGQGESGANVLTF	TRBV19	TRBJ2-6	TVAYFNMVY	1	TRBV19_CASSEGQGESGANVLTF_TRBJ2-6
CASSPPGGSLDTEAFF	TRBV18	TRBJ1-1	FLTENLLLY	1	TRBV18_CASSPPGGSLDTEAFF_TRBJ1-1
CASSLGERSEQYF	TRBV6-2	TRBJ2-7	LMNVLTLVY	1	TRBV6-2_CASSLGERSEQYF_TRBJ2-7
CASSLAGPSYNEQFF	TRBV7-9	TRBJ2-1	AMDEFIERY	1	TRBV7-9_CASSLAGPSYNEQFF_TRBJ2-1
CASSRRTDSHEQYF	TRBV28	TRBJ2-7	PTDNYITTY	1	TRBV28_CASSRRTDSHEQYF_TRBJ2-7
CSASPEWPENTEAFF	TRBV20-1	TRBJ1-1	KLNIKLLGV	1	TRBV20-1_CSASPEWPENTEAFF_TRBJ1-1
CASSESDGVSEAFF	TRBV10-2	TRBJ1-1	FLNRFTTTL	1	TRBV10-2_CASSESDGVSEAFF_TRBJ1-1
CAWINPGQGPYEQYF	TRBV30	TRBJ2-7	ALWEIQQVV	1	TRBV30_CAWINPGQGPYEQYF_TRBJ2-7
CASSIFGGETQYF	TRBV19	TRBJ2-5	KLSYGIATV	1	TRBV19_CASSIFGGETQYF_TRBJ2-5
CASSSNIRDSGNTIYF	TRBV9	TRBJ1-3	YLAVFDKNL	1	TRBV9_CASSSNIRDSGNTIYF_TRBJ1-3
CASTDGGRGLNTEAFF	TRBV6-5	TRBJ1-1	ALWEIQQVV	1	TRBV6-5_CASTDGGRGLNTEAFF_TRBJ1-1
CASSPPLRGEAEAFF	TRBV11-2	TRBJ1-1	YVWKSYVHV	1	TRBV11-2_CASSPPLRGEAEAFF_TRBJ1-1
CASTGTSGPDTQYF	TRBV6-6	TRBJ2-3	KLWAQCVQL	1	TRBV6-6_CASTGTSGPDTQYF_TRBJ2-3
CASSLSSTGGGQFF	TRBV27	TRBJ2-1	KLWAQCVQL	1	TRBV27_CASSLSSTGGGQFF_TRBJ2-1
CASSLQGTGYGYTF	TRBV27	TRBJ1-2	KLWAQCVQL	1	TRBV27_CASSLQGTGYGYTF_TRBJ1-2
CASSLLAGVSYNEQFF	TRBV14	TRBJ2-1	KLNEEIAII	1	TRBV14_CASSLLAGVSYNEQFF_TRBJ2-1
CASKRQGLHAEQYF	TRBV7-9	TRBJ2-7	MASGGGETA	1	TRBV7-9_CASKRQGLHAEQYF_TRBJ2-7
CASSATSNQPQHF	TRBV19	TRBJ1-5	SGGGETALA	1	TRBV19_CASSATSNQPQHF_TRBJ1-5
CASSYSPQENTEAFF	TRBV6-5	TRBJ1-1	SGGGETALA	1	TRBV6-5_CASSYSPQENTEAFF_TRBJ1-1
CASSFISQGAYGYTF	TRBV7-9	TRBJ1-2	TLSGTWLTY	1	TRBV7-9_CASSFISQGAYGYTF_TRBJ1-2
CASSVDDTGLSYEQYF	TRBV9	TRBJ2-7	NVFAFPFTI	1	TRBV9_CASSVDDTGLSYEQYF_TRBJ2-7
CASSQDPAERSGNTIYF	TRBV4-3	TRBJ1-3	NVFAFPFTI	1	TRBV4-3_CASSQDPAERSGNTIYF_TRBJ1-3
CASSLGGDRNSPLHF	TRBV5-6	TRBJ1-6	NVFAFPFTI	1	TRBV5-6_CASSLGGDRNSPLHF_TRBJ1-6
CASLQDYEQYF	TRBV7-9	TRBJ2-7	NVFAFPFTI	1	TRBV7-9_CASLQDYEQYF_TRBJ2-7
CASTFIFVRGADSSYEQYF	TRBV28	TRBJ2-7	FAFPFTIYS	1	TRBV28_CASTFIFVRGADSSYEQYF_TRBJ2-7
CASSGPGTLNLDTF	TRBV6-2	TRBJ1-2	YINVFAFPF	1	TRBV6-2_CASSGPGTLNLDTF_TRBJ1-2
CASSQLDRGFQYF	TRBV14	TRBJ2-7	NVFAFPFTI	1	TRBV14_CASSQLDRGFQYF_TRBJ2-7
CASSWVSGTLGNTIYF	TRBV19	TRBJ1-3	FAFPFTIYS	1	TRBV19_CASSWVSGTLGNTIYF_TRBJ1-3
CASSESLVHNYGYTF	TRBV2	TRBJ1-2	NVFAFPFTI	1	TRBV2_CASSESLVHNYGYTF_TRBJ1-2
CASSPVSYNEQFF	TRBV5-1	TRBJ2-1	NVFAFPFTI	1	TRBV5-1_CASSPVSYNEQFF_TRBJ2-1
CASSDRAGVVTDTQYF	TRBV6-4	TRBJ2-3	LLLEWLAMA	1	TRBV6-4_CASSDRAGVVTDTQYF_TRBJ2-3
CASSPPGGSSYEQYF	TRBV18	TRBJ2-7	LLLEWLAMA	1	TRBV18_CASSPPGGSSYEQYF_TRBJ2-7
CASSLTGDHTDTQYF	TRBV6-2	TRBJ2-3	AMAVMLLLL	1	TRBV6-2_CASSLTGDHTDTQYF_TRBJ2-3
CASSQAWVPTTNEKLFF	TRBV6-5	TRBJ1-4	LLLEWLAMA	1	TRBV6-5_CASSQAWVPTTNEKLFF_TRBJ1-4
CASSDPSGPGGGSPLHF	TRBV2	TRBJ1-6	VPHHVVATV	1	TRBV2_CASSDPSGPGGGSPLHF_TRBJ1-6
CASSLLGEDVEQFF	TRBV28	TRBJ2-1	VPHHVVATV	1	TRBV28_CASSLLGEDVEQFF_TRBJ2-1
CASSLSVVSGELFF	TRBV27	TRBJ2-2	LLEWLAMAV	1	TRBV27_CASSLSVVSGELFF_TRBJ2-2
CASSLGTGHGYTF	TRBV11-2	TRBJ1-2	LLLEWLAMA	1	TRBV11-2_CASSLGTGHGYTF_TRBJ1-2
CASRPEAGNPVVTEFF	TRBV27	TRBJ2-1	LLLEWLAMA	1	TRBV27_CASRPEAGNPVVTEFF_TRBJ2-1
CASIRGRSAFF	TRBV19	TRBJ1-1	LLEWLAMAV	1	TRBV19_CASIRGRSAFF_TRBJ1-1
CASSLGDREGTWNEQFF	TRBV11-3	TRBJ2-1	LLLEWLAMA	1	TRBV11-3_CASSLGDREGTWNEQFF_TRBJ2-1
CASSPPESYGYTF	TRBV9	TRBJ1-2	LLLEWLAMA	1	TRBV9_CASSPPESYGYTF_TRBJ1-2
CASGDGGRDYGYTF	TRBV9	TRBJ1-2	LLLEWLAMA	1	TRBV9_CASGDGGRDYGYTF_TRBJ1-2
CASSGPRGVGETQYF	TRBV7-9	TRBJ2-5	LLYDANYFL	1	TRBV7-9_CASSGPRGVGETQYF_TRBJ2-5
CASSLAGDSYNEQFF	TRBV27	TRBJ2-1	ALSKGVHFV	1	TRBV27_CASSLAGDSYNEQFF_TRBJ2-1
CASSFGGVEGMNTEAFF	TRBV5-6	TRBJ1-1	YLYALVYFL	1	TRBV5-6_CASSFGGVEGMNTEAFF_TRBJ1-1
CASSLGNIEAFF	TRBV11-2	TRBJ1-1	LLYDANYFL	1	TRBV11-2_CASSLGNIEAFF_TRBJ1-1
CASSLGGSEAFF	TRBV11-3	TRBJ1-1	LLYDANYFL	1	TRBV11-3_CASSLGGSEAFF_TRBJ1-1
CASSLDSSLGYGYTF	TRBV11-2	TRBJ1-2	LLYDANYFL	1	TRBV11-2_CASSLDSSLGYGYTF_TRBJ1-2
CASSLAGSTEAFF	TRBV9	TRBJ1-1	LLYDANYFL	1	TRBV9_CASSLAGSTEAFF_TRBJ1-1
CASSLNGGTEAFF	TRBV11-2	TRBJ1-1	LLYDANYFL	1	TRBV11-2_CASSLNGGTEAFF_TRBJ1-1
CASSLGQTEAFF	TRBV7-2	TRBJ1-1	LLYDANYFL	1	TRBV7-2_CASSLGQTEAFF_TRBJ1-1
CASSIGGTEAFF	TRBV11-2	TRBJ1-1	LLYDANYFL	1	TRBV11-2_CASSIGGTEAFF_TRBJ1-1
CASSVEGDGSEAFF	TRBV9	TRBJ1-1	TVYSHLLLV	1	TRBV9_CASSVEGDGSEAFF_TRBJ1-1
CASSYTNEQYF	TRBV6-2	TRBJ2-7	ALSKGVHFV	1	TRBV6-2_CASSYTNEQYF_TRBJ2-7
CSASAGEGAEAFF	TRBV20-1	TRBJ1-1	ALSKGVHFV	1	TRBV20-1_CSASAGEGAEAFF_TRBJ1-1
CASSGTSGETQYF	TRBV6-5	TRBJ2-5	YLYALVYFL	1	TRBV6-5_CASSGTSGETQYF_TRBJ2-5
CASSFYGRGGKGNQETQYF	TRBV11-2	TRBJ2-5	YLYALVYFL	1	TRBV11-2_CASSFYGRGGKGNQETQYF_TRBJ2-5
CSAYKLAGEEYGTGELFF	TRBV20-1	TRBJ2-2	YLYALVYFL	1	TRBV20-1_CSAYKLAGEEYGTGELFF_TRBJ2-2
CASRTRLGRNEQFF	TRBV12-4	TRBJ2-1	FLCWHTSCY	1	TRBV12-4_CASRTRLGRNEQFF_TRBJ2-1
CASSLELGQGRETQYF	TRBV5-6	TRBJ2-5	FLCWHTNCY	1	TRBV5-6_CASSLELGQGRETQYF_TRBJ2-5
CASIDGQNNEKLFF	TRBV6-6	TRBJ1-4	FLCWHTNCY	1	TRBV6-6_CASIDGQNNEKLFF_TRBJ1-4
CSASTGDGTSGRWGETQYF	TRBV20-1	TRBJ2-5	FLCWHTNCY	1	TRBV20-1_CSASTGDGTSGRWGETQYF_TRBJ2-5
CASAFGQTSYGYTF	TRBV13	TRBJ1-2	LLYDANYFL	1	TRBV13_CASAFGQTSYGYTF_TRBJ1-2
CASSPTRGLEIEKLFF	TRBV5-1	TRBJ1-4	ALVYFLQSI	1	TRBV5-1_CASSPTRGLEIEKLFF_TRBJ1-4
CASSLEMQGALYGYTF	TRBV5-1	TRBJ1-2	YYQLYSTQL	1	TRBV5-1_CASSLEMQGALYGYTF_TRBJ1-2
CASSGRARLARTDTQYF	TRBV6-1	TRBJ2-3	IPIQASLPF	1	TRBV6-1_CASSGRARLARTDTQYF_TRBJ2-3
CATSGALAGGRTDTQYF	TRBV24-1	TRBJ2-3	LLYDANYFL	1	TRBV24-1_CATSGALAGGRTDTQYF_TRBJ2-3
CASSSLLQGVDYGYTF	TRBV19	TRBJ1-2	HLLLVAAGL	1	TRBV19_CASSSLLQGVDYGYTF_TRBJ1-2
CASSEDTAGNTIYF	TRBV10-2	TRBJ1-3	HLLLVAAGL	1	TRBV10-2_CASSEDTAGNTIYF_TRBJ1-3
CASGALSSYNEQFF	TRBV28	TRBJ2-1	IPIQASLPF	1	TRBV28_CASGALSSYNEQFF_TRBJ2-1
CSVASGTEAFF	TRBV29-1	TRBJ1-1	IPIQASLPF	1	TRBV29-1_CSVASGTEAFF_TRBJ1-1
CASSPWTGTGYEQYF	TRBV5-1	TRBJ2-7	FTSDYYQLY	1	TRBV5-1_CASSPWTGTGYEQYF_TRBJ2-7
CASSSFAGTGELFF	TRBV19	TRBJ2-2	FTSDYYQLY	1	TRBV19_CASSSFAGTGELFF_TRBJ2-2
CASSRSFAGGDTDTQYF	TRBV7-9	TRBJ2-3	HSYFTSDYY	1	TRBV7-9_CASSRSFAGGDTDTQYF_TRBJ2-3
CSARDPILNTEAFF	TRBV20-1	TRBJ1-1	FLCWHTNCY	1	TRBV20-1_CSARDPILNTEAFF_TRBJ1-1
CASGEAAYEQYF	TRBV5-8	TRBJ2-7	ALSKGVHFV	1	TRBV5-8_CASGEAAYEQYF_TRBJ2-7
CASGGGQGGNNEQFF	TRBV7-9	TRBJ2-1	ALLAVFQSA	1	TRBV7-9_CASGGGQGGNNEQFF_TRBJ2-1
CASSLGPADTQYF	TRBV7-9	TRBJ2-3	DLFMRIFTI	1	TRBV7-9_CASSLGPADTQYF_TRBJ2-3
CAWSVGVSGANVLTF	TRBV30	TRBJ2-6	FVTVYSHLL	1	TRBV30_CAWSVGVSGANVLTF_TRBJ2-6
CASSTDREGITPQHF	TRBV19	TRBJ1-5	ALSKGVHFV	1	TRBV19_CASSTDREGITPQHF_TRBJ1-5
CASSLSDTYNEQFF	TRBV7-9	TRBJ2-1	FVTVYSHLL	1	TRBV7-9_CASSLSDTYNEQFF_TRBJ2-1
CASSLGSGGTEAFF	TRBV11-2	TRBJ1-1	LLYDANYFL	1	TRBV11-2_CASSLGSGGTEAFF_TRBJ1-1
CSADLGTGTDTQYF	TRBV20-1	TRBJ2-3	ALSKGVHFV	1	TRBV20-1_CSADLGTGTDTQYF_TRBJ2-3
CASSQVRKGGALGNIQYF	TRBV4-3	TRBJ2-4	VYFLQSINF	1	TRBV4-3_CASSQVRKGGALGNIQYF_TRBJ2-4
CASSLINTGELFF	TRBV6-2	TRBJ2-2	LYALVYFLQ	1	TRBV6-2_CASSLINTGELFF_TRBJ2-2
CSARTATGGQSGYTF	TRBV20-1	TRBJ1-2	WLIVGVALL	1	TRBV20-1_CSARTATGGQSGYTF_TRBJ1-2
CSAPGTGYNEQFF	TRBV29-1	TRBJ2-1	YLYALVYFL	1	TRBV29-1_CSAPGTGYNEQFF_TRBJ2-1
CASSPSGYQPQHF	TRBV27	TRBJ1-5	YFLQSINFV	1	TRBV27_CASSPSGYQPQHF_TRBJ1-5
CASSLAGDNYNEQFF	TRBV27	TRBJ2-1	ALSKGVHFV	1	TRBV27_CASSLAGDNYNEQFF_TRBJ2-1
CASSQVQGVDLTGELFF	TRBV4-1	TRBJ2-2	ALSKGVHFV	1	TRBV4-1_CASSQVQGVDLTGELFF_TRBJ2-2
CASSLGSSEAFF	TRBV11-2	TRBJ1-1	LLYDANYFL	1	TRBV11-2_CASSLGSSEAFF_TRBJ1-1
CASSFGGSTEAFF	TRBV11-2	TRBJ1-1	LLYDANYFL	1	TRBV11-2_CASSFGGSTEAFF_TRBJ1-1
CASSLGQGPYEQYF	TRBV7-6	TRBJ2-7	LYALVYFLH	1	TRBV7-6_CASSLGQGPYEQYF_TRBJ2-7
CASPPLQGTEAFF	TRBV6-1	TRBJ1-1	ALSKGVHFV	1	TRBV6-1_CASPPLQGTEAFF_TRBJ1-1
CASTRHDRNYGYTF	TRBV19	TRBJ1-2	YLYALVYFL	1	TRBV19_CASTRHDRNYGYTF_TRBJ1-2
CASSLYEDRANWEQYF	TRBV13	TRBJ2-7	LLYDANYFL	1	TRBV13_CASSLYEDRANWEQYF_TRBJ2-7
CASSLGGEGAFF	TRBV11-2	TRBJ1-1	LLYDANYFL	1	TRBV11-2_CASSLGGEGAFF_TRBJ1-1
CASSQLAGGLRSTDTQYF	TRBV12-3	TRBJ2-3	YLYALVYFL	1	TRBV12-3_CASSQLAGGLRSTDTQYF_TRBJ2-3
CASSVGGSWTDTQYF	TRBV9	TRBJ2-3	FTSDYYQLY	1	TRBV9_CASSVGGSWTDTQYF_TRBJ2-3
CASSLSGDDYNEQFF	TRBV27	TRBJ2-1	ALSKGVHFV	1	TRBV27_CASSLSGDDYNEQFF_TRBJ2-1
CASSLGSTEAFF	TRBV11-2	TRBJ1-1	LLYDANYFL	1	TRBV11-2_CASSLGSTEAFF_TRBJ1-1
CASSWTGSTEAFF	TRBV11-2	TRBJ1-1	LLYDANYFL	1	TRBV11-2_CASSWTGSTEAFF_TRBJ1-1
CASSLGGGTSGDTSTDTQYF	TRBV7-2	TRBJ2-3	LLYDANYFL	1	TRBV7-2_CASSLGGGTSGDTSTDTQYF_TRBJ2-3
CASSQDFSGGGTEAFF	TRBV4-2	TRBJ1-1	LLYDANYFL	1	TRBV4-2_CASSQDFSGGGTEAFF_TRBJ1-1
CASSPPRTSGAYEQYF	TRBV4-2	TRBJ2-7	NLDYIINLI	1	TRBV4-2_CASSPPRTSGAYEQYF_TRBJ2-7
CASSIGAREAFF	TRBV19	TRBJ1-1	LIIMRTFKV	1	TRBV19_CASSIGAREAFF_TRBJ1-1
CASSQTSDEQYF	TRBV7-9	TRBJ2-7	KVSIWNLDY	1	TRBV7-9_CASSQTSDEQYF_TRBJ2-7
CASSLLYSDSPLHF	TRBV27	TRBJ1-6	LIIMRTFKV	1	TRBV27_CASSLLYSDSPLHF_TRBJ1-6
CASSSGQGENEQFF	TRBV7-9	TRBJ2-1	LIIMRTFKV	1	TRBV7-9_CASSSGQGENEQFF_TRBJ2-1
CASPGDLNTEAFF	TRBV2	TRBJ1-1	KVSIWNLDY	1	TRBV2_CASPGDLNTEAFF_TRBJ1-1
CAISGTGGSGANVLTF	TRBV10-3	TRBJ2-6	LIIMRTFKV	1	TRBV10-3_CAISGTGGSGANVLTF_TRBJ2-6
CASSLTSGGQGEQFF	TRBV5-4	TRBJ2-1	KLFIRQEEV	1	TRBV5-4_CASSLTSGGQGEQFF_TRBJ2-1
CASSGQQGQGVEKLFF	TRBV4-1	TRBJ1-4	KLFIRQEEV	1	TRBV4-1_CASSGQQGQGVEKLFF_TRBJ1-4
CASSQVAAGDNSYEQYF	TRBV4-2	TRBJ2-7	KIILFLALI	1	TRBV4-2_CASSQVAAGDNSYEQYF_TRBJ2-7
CSARGKGAISHHTEAFF	TRBV20-1	TRBJ1-1	FAFACPDGV	1	TRBV20-1_CSARGKGAISHHTEAFF_TRBJ1-1
CASRGLALYNEQFF	TRBV27	TRBJ2-1	ELYSPIFLI	1	TRBV27_CASRGLALYNEQFF_TRBJ2-1
CASSLAAGGKKETQYF	TRBV5-6	TRBJ2-5	FAFACPDGV	1	TRBV5-6_CASSLAAGGKKETQYF_TRBJ2-5
CASTTPDPTDTQYF	TRBV6-5	TRBJ2-3	SPIFRIVAA	1	TRBV6-5_CASTTPDPTDTQYF_TRBJ2-3
CASSQDRIRQARTGELFF	TRBV3-1	TRBJ2-2	SPIFRIVAA	1	TRBV3-1_CASSQDRIRQARTGELFF_TRBJ2-2
CASSTLLYEQYF	TRBV2	TRBJ2-7	SPIFRIVAA	1	TRBV2_CASSTLLYEQYF_TRBJ2-7
CSAPDRYLRTEAFF	TRBV20-1	TRBJ1-1	RARLVSPKL	1	TRBV20-1_CSAPDRYLRTEAFF_TRBJ1-1
CASTPGVYTDTQYF	TRBV27	TRBJ2-3	SPIFRIVAA	1	TRBV27_CASTPGVYTDTQYF_TRBJ2-3
CSVLGQGNFNEKLFF	TRBV29-1	TRBJ1-4	KLFIRQEEV	1	TRBV29-1_CSVLGQGNFNEKLFF_TRBJ1-4
CASSLGGDYQPQHF	TRBV12-3	TRBJ1-5	KLFIRQEEV	1	TRBV12-3_CASSLGGDYQPQHF_TRBJ1-5
CATSSGQLNQPQHF	TRBV24-1	TRBJ1-5	FAFACPDGV	1	TRBV24-1_CATSSGQLNQPQHF_TRBJ1-5
CASSLTRTALNTEAFF	TRBV7-6	TRBJ1-1	ELYHYQECV	1	TRBV7-6_CASSLTRTALNTEAFF_TRBJ1-1
CASSQVGTEAFF	TRBV14	TRBJ1-1	ELYHYQECV	1	TRBV14_CASSQVGTEAFF_TRBJ1-1
CASSEFSRVVKTQYF	TRBV6-1	TRBJ2-5	ELYSPIFLI	1	TRBV6-1_CASSEFSRVVKTQYF_TRBJ2-5
CASSDFPRDPSATQYF	TRBV7-3	TRBJ2-5	ELYSPIFLI	1	TRBV7-3_CASSDFPRDPSATQYF_TRBJ2-5
CASSEGLNNEQFF	TRBV9	TRBJ2-1	KIILFLALI	1	TRBV9_CASSEGLNNEQFF_TRBJ2-1
CASSLAGVIETQYF	TRBV6-5	TRBJ2-5	LIDFYLCFL	1	TRBV6-5_CASSLAGVIETQYF_TRBJ2-5
CATSRGPLASFLVDSYNEQFF	TRBV15	TRBJ2-1	LLFLVLIML	1	TRBV15_CATSRGPLASFLVDSYNEQFF_TRBJ2-1
CASSLRGTDYGYTF	TRBV5-1	TRBJ1-2	LLFLVLIML	1	TRBV5-1_CASSLRGTDYGYTF_TRBJ1-2
CASSTWDTERGEAFF	TRBV19	TRBJ1-1	LLFLVLIML	1	TRBV19_CASSTWDTERGEAFF_TRBJ1-1
CSALTWAGIGTEAFF	TRBV20-1	TRBJ1-1	LIDFYLCFL	1	TRBV20-1_CSALTWAGIGTEAFF_TRBJ1-1
CASGLPPETMNTEAFF	TRBV12-5	TRBJ1-1	LIDFYLCFL	1	TRBV12-5_CASGLPPETMNTEAFF_TRBJ1-1
CASSPQRREYPYQETQYF	TRBV11-2	TRBJ2-5	LIDFYLCFL	1	TRBV11-2_CASSPQRREYPYQETQYF_TRBJ2-5
CASSPRGVPPTLYGYTF	TRBV18	TRBJ1-2	LLFLVLIML	1	TRBV18_CASSPRGVPPTLYGYTF_TRBJ1-2
CASSRGTATNEKLFF	TRBV19	TRBJ1-4	LLFLVLIML	1	TRBV19_CASSRGTATNEKLFF_TRBJ1-4
CASKGLAGYNEQFF	TRBV6-2	TRBJ2-1	AFLLFLVLI	1	TRBV6-2_CASKGLAGYNEQFF_TRBJ2-1
CATSETVAGGTGELFF	TRBV24-1	TRBJ2-2	YIDIGNYTV	1	TRBV24-1_CATSETVAGGTGELFF_TRBJ2-2
CATSRNRGDGYTF	TRBV15	TRBJ1-2	YVVDDPCPI	1	TRBV15_CATSRNRGDGYTF_TRBJ1-2
CSASWNEQFF	TRBV29-1	TRBJ2-1	YVVDDPCPI	1	TRBV29-1_CSASWNEQFF_TRBJ2-1
CASSQSGLADSDTQYF	TRBV4-3	TRBJ2-3	YVVDDPCPI	1	TRBV4-3_CASSQSGLADSDTQYF_TRBJ2-3
CASKEGSSYNSPLHF	TRBV2	TRBJ1-6	TVSCLPFTI	1	TRBV2_CASKEGSSYNSPLHF_TRBJ1-6
CSARAGSTYEQYF	TRBV20-1	TRBJ2-7	YIDIGDYTV	1	TRBV20-1_CSARAGSTYEQYF_TRBJ2-7
CASSESPMGTGEETQYF	TRBV10-1	TRBJ2-5	YIDIGDYTV	1	TRBV10-1_CASSESPMGTGEETQYF_TRBJ2-5
CASSLGGEGYEQYF	TRBV27	TRBJ2-7	FLGIITTVA	1	TRBV27_CASSLGGEGYEQYF_TRBJ2-7
CASSLSPLDNPSYEQYF	TRBV27	TRBJ2-7	TVSCLPFTI	1	TRBV27_CASSLSPLDNPSYEQYF_TRBJ2-7
CASSEEGGLSNEKLFF	TRBV2	TRBJ1-4	YTVSCLPFT	1	TRBV2_CASSEEGGLSNEKLFF_TRBJ1-4
CASSHVTGYEQYF	TRBV16	TRBJ2-7	FLEYHDVRV	1	TRBV16_CASSHVTGYEQYF_TRBJ2-7
CASSYLNSYNEQFF	TRBV4-1	TRBJ2-1	FLGIITTVA	1	TRBV4-1_CASSYLNSYNEQFF_TRBJ2-1
CASKVWGGLEPEAFF	TRBV5-6	TRBJ1-1	YTVSCLPFT	1	TRBV5-6_CASKVWGGLEPEAFF_TRBJ1-1
CATSAQTGQGENTEAFF	TRBV15	TRBJ1-1	QLCTQHQPY	1	TRBV15_CATSAQTGQGENTEAFF_TRBJ1-1
CASSPRGSYWDEQYF	TRBV27	TRBJ2-7	KVYPIILRL	1	TRBV27_CASSPRGSYWDEQYF_TRBJ2-7
CASSYAIAGNLDEQFF	TRBV6-5	TRBJ2-1	KVYPIILRL	1	TRBV6-5_CASSYAIAGNLDEQFF_TRBJ2-1
CASSQRTPSTGELFF	TRBV4-1	TRBJ2-2	KVYPIILRL	1	TRBV4-1_CASSQRTPSTGELFF_TRBJ2-2
CASSLPNEQFF	TRBV28	TRBJ2-1	KVYPIILRL	1	TRBV28_CASSLPNEQFF_TRBJ2-1
CASSPGRTANYGYTF	TRBV19	TRBJ1-2	KVYPIILRL	1	TRBV19_CASSPGRTANYGYTF_TRBJ1-2
CSARPPAENSPLHF	TRBV20-1	TRBJ1-6	KVYPIILRL	1	TRBV20-1_CSARPPAENSPLHF_TRBJ1-6
CASRHSQGAPSWYQETQYF	TRBV28	TRBJ2-5	TTEELPDEF	1	TRBV28_CASRHSQGAPSWYQETQYF_TRBJ2-5
CAWSVQQGDQPQHF	TRBV30	TRBJ1-5	RLVDPQIQL	1	TRBV30_CAWSVQQGDQPQHF_TRBJ1-5
CASSVSGGRTGELFF	TRBV9	TRBJ2-2	KVYPIILRL	1	TRBV9_CASSVSGGRTGELFF_TRBJ2-2
CASSQIKTGLNTEAFF	TRBV14	TRBJ1-1	KVYPIILRL	1	TRBV14_CASSQIKTGLNTEAFF_TRBJ1-1
CASSEGVNEQFF	TRBV5-4	TRBJ2-1	KISEMHPAL	1	TRBV5-4_CASSEGVNEQFF_TRBJ2-1
CASSYSRGISPYGYTF	TRBV6-6	TRBJ1-2	TLIVNSVLL	1	TRBV6-6_CASSYSRGISPYGYTF_TRBJ1-2
CASIGSGYNEQFF	TRBV19	TRBJ2-1	FVSEETGTL	1	TRBV19_CASIGSGYNEQFF_TRBJ2-1
CASSYGTLPSEQFF	TRBV6-5	TRBJ2-1	YVYSRVKNL	1	TRBV6-5_CASSYGTLPSEQFF_TRBJ2-1
CASRDATGGFEQYF	TRBV10-2	TRBJ2-7	VLLFLAFVV	1	TRBV10-2_CASRDATGGFEQYF_TRBJ2-7
CAINKGTGNTGELFF	TRBV10-3	TRBJ2-2	FVVFLLVTL	1	TRBV10-3_CAINKGTGNTGELFF_TRBJ2-2
CASLRLEEETQYF	TRBV10-2	TRBJ2-5	FVVFLLVTL	1	TRBV10-2_CASLRLEEETQYF_TRBJ2-5
CAWSVRGVNPYNEQFF	TRBV30	TRBJ2-1	LTALRLCAY	1	TRBV30_CAWSVRGVNPYNEQFF_TRBJ2-1
CASSWGTAYNSPLHF	TRBV27	TRBJ1-6	TLIVNSVLL	1	TRBV27_CASSWGTAYNSPLHF_TRBJ1-6
CASGTFLNTEAFF	TRBV19	TRBJ1-1	FVSEETGTL	1	TRBV19_CASGTFLNTEAFF_TRBJ1-1
CSASVPAGQQNSSPLHF	TRBV20-1	TRBJ1-6	SVLLFLAFV	1	TRBV20-1_CSASVPAGQQNSSPLHF_TRBJ1-6
CASRQDRGSGNTIYF	TRBV27	TRBJ1-3	YVYSRVKNL	1	TRBV27_CASRQDRGSGNTIYF_TRBJ1-3
CASRSSGGNTGELFF	TRBV7-9	TRBJ2-2	VLLFLAFVV	1	TRBV7-9_CASRSSGGNTGELFF_TRBJ2-2
CASSQGAGGLVFYEQYF	TRBV4-2	TRBJ2-7	RLCAYCCNI	1	TRBV4-2_CASSQGAGGLVFYEQYF_TRBJ2-7
CASSATGTGRTSAWYNEQFF	TRBV7-2	TRBJ2-1	FLAFVVFLL	1	TRBV7-2_CASSATGTGRTSAWYNEQFF_TRBJ2-1
CASSARANTEAFF	TRBV6-4	TRBJ1-1	TLIVNSVLL	1	TRBV6-4_CASSARANTEAFF_TRBJ1-1
CASSYDSRETQYF	TRBV7-9	TRBJ2-5	IVNSVLLFL	1	TRBV7-9_CASSYDSRETQYF_TRBJ2-5
CASALAGGPAYEQYF	TRBV5-6	TRBJ2-7	FLAFVVFLL	1	TRBV5-6_CASALAGGPAYEQYF_TRBJ2-7
CASAGERSEQFF	TRBV2	TRBJ2-1	VTLAILTAL	1	TRBV2_CASAGERSEQFF_TRBJ2-1
CASSPPHPTGPTDTQYF	TRBV14	TRBJ2-3	GLMWLSYFI	1	TRBV14_CASSPPHPTGPTDTQYF_TRBJ2-3
CASSFGAGAKAGELFF	TRBV27	TRBJ2-2	WLLWPVTLA	1	TRBV27_CASSFGAGAKAGELFF_TRBJ2-2
CGWPGQTNTGELFF	TRBV12-4	TRBJ2-2	RLFARTRSM	1	TRBV12-4_CGWPGQTNTGELFF_TRBJ2-2
CASSDGTSGRAGGELFF	TRBV12-4	TRBJ2-2	TLACFVLAA	1	TRBV12-4_CASSDGTSGRAGGELFF_TRBJ2-2
CASSSTGGRSTTEQYF	TRBV7-6	TRBJ2-7	WLLWPVTLA	1	TRBV7-6_CASSSTGGRSTTEQYF_TRBJ2-7
CSAPGGRPQHF	TRBV20-1	TRBJ1-5	FVLAAVYRI	1	TRBV20-1_CSAPGGRPQHF_TRBJ1-5
CASSPRQRSGNTIYF	TRBV7-9	TRBJ1-3	LPKEITVAT	1	TRBV7-9_CASSPRQRSGNTIYF_TRBJ1-3
CASSYFLPSGANVLTF	TRBV6-5	TRBJ2-6	GLMWLSYFI	1	TRBV6-5_CASSYFLPSGANVLTF_TRBJ2-6
CASSQDLMEETQYF	TRBV4-1	TRBJ2-5	FLWLLWPVT	1	TRBV4-1_CASSQDLMEETQYF_TRBJ2-5
CSAWAQGSGYEQYF	TRBV20-1	TRBJ2-7	HLRMAGHSL	1	TRBV20-1_CSAWAQGSGYEQYF_TRBJ2-7
CASSFDHRGRDEQFF	TRBV7-3	TRBJ2-1	WPVTLACFV	1	TRBV7-3_CASSFDHRGRDEQFF_TRBJ2-1
CARQTTGTTVGYTF	TRBV2	TRBJ1-2	ATSRTLSYY	1	TRBV2_CARQTTGTTVGYTF_TRBJ1-2
CASSWTGMNTEAFF	TRBV7-2	TRBJ1-1	YANRNRFLY	1	TRBV7-2_CASSWTGMNTEAFF_TRBJ1-1
CASSDGGSSGNTIYF	TRBV18	TRBJ1-3	SSDNIALLV	1	TRBV18_CASSDGGSSGNTIYF_TRBJ1-3
CASSLGLAGAGELFF	TRBV11-2	TRBJ2-2	YANRNRFLY	1	TRBV11-2_CASSLGLAGAGELFF_TRBJ2-2
CASSWTGTGGDGYTF	TRBV5-1	TRBJ1-2	WLLWPVTLA	1	TRBV5-1_CASSWTGTGGDGYTF_TRBJ1-2
CSATPNPGGHSTDTQYF	TRBV20-1	TRBJ2-3	LACFVLAAV	1	TRBV20-1_CSATPNPGGHSTDTQYF_TRBJ2-3
CASSTGQGARETQYF	TRBV13	TRBJ2-5	WLLWPVTLA	1	TRBV13_CASSTGQGARETQYF_TRBJ2-5
CASSYWAGWTEAFF	TRBV6-2	TRBJ1-1	LACFVLAAV	1	TRBV6-2_CASSYWAGWTEAFF_TRBJ1-1
CASTYPSGGASGELFF	TRBV28	TRBJ2-2	FVLAAVYRI	1	TRBV28_CASTYPSGGASGELFF_TRBJ2-2
CASSLTPGTGRTEAFF	TRBV6-5	TRBJ1-1	WLLWPVTLA	1	TRBV6-5_CASSLTPGTGRTEAFF_TRBJ1-1
CATSIDSGGATDTQYF	TRBV15	TRBJ2-3	WLLWPVTLA	1	TRBV15_CATSIDSGGATDTQYF_TRBJ2-3
CASSGLRGTAEAFF	TRBV9	TRBJ1-1	GLMWLSYFV	1	TRBV9_CASSGLRGTAEAFF_TRBJ1-1
CASSQERDRVYEQYF	TRBV4-3	TRBJ2-7	QWNLVIGFL	1	TRBV4-3_CASSQERDRVYEQYF_TRBJ2-7
CAWSAIADTDTQYF	TRBV30	TRBJ2-3	RYRIGNYKL	1	TRBV30_CAWSAIADTDTQYF_TRBJ2-3
CASSLGTGDTDTQYF	TRBV5-8	TRBJ2-3	RYRIGNYKL	1	TRBV5-8_CASSLGTGDTDTQYF_TRBJ2-3
CASSQDHGLHPEAFF	TRBV4-1	TRBJ1-1	LWLLWPVTL	1	TRBV4-1_CASSQDHGLHPEAFF_TRBJ1-1
CSARDPGRLDTGYEQYF	TRBV20-1	TRBJ2-7	LPKEITVAT	1	TRBV20-1_CSARDPGRLDTGYEQYF_TRBJ2-7
CASGLGTRQFTEAFF	TRBV12-5	TRBJ1-1	WPVTLACFV	1	TRBV12-5_CASGLGTRQFTEAFF_TRBJ1-1
CASSGRDYTYEQYF	TRBV7-9	TRBJ2-7	WPVTLACFV	1	TRBV7-9_CASSGRDYTYEQYF_TRBJ2-7
CASSLTAAYEQYF	TRBV27	TRBJ2-7	WPVTLACFV	1	TRBV27_CASSLTAAYEQYF_TRBJ2-7
CASSPRGSAEAFF	TRBV11-2	TRBJ1-1	WPVTLACFV	1	TRBV11-2_CASSPRGSAEAFF_TRBJ1-1
CASSMNPQGGSSPLHF	TRBV11-1	TRBJ1-6	PVTLACFVL	1	TRBV11-1_CASSMNPQGGSSPLHF_TRBJ1-6
CSARDRGRIGNQPQHF	TRBV20-1	TRBJ1-5	WPVTLACFV	1	TRBV20-1_CSARDRGRIGNQPQHF_TRBJ1-5
CATQHRDIVGEPQHF	TRBV2	TRBJ1-5	WPVTLACFV	1	TRBV2_CATQHRDIVGEPQHF_TRBJ1-5
CASSDPGYYNEQFF	TRBV10-1	TRBJ2-1	WPVTLACFV	1	TRBV10-1_CASSDPGYYNEQFF_TRBJ2-1
CASSEKAIYEQYF	TRBV6-1	TRBJ2-7	LPKEITVAT	1	TRBV6-1_CASSEKAIYEQYF_TRBJ2-7
CASSYPGGSENEQYF	TRBV13	TRBJ2-7	WPVTLACFV	1	TRBV13_CASSYPGGSENEQYF_TRBJ2-7
CASSKWGTTGELFF	TRBV28	TRBJ2-2	WPVTLACFV	1	TRBV28_CASSKWGTTGELFF_TRBJ2-2
CASSLVIGSYTEAFF	TRBV7-6	TRBJ1-1	WPVTLACFV	1	TRBV7-6_CASSLVIGSYTEAFF_TRBJ1-1
CASSTGQGYTDTQYF	TRBV7-9	TRBJ2-3	WPVTLACFV	1	TRBV7-9_CASSTGQGYTDTQYF_TRBJ2-3
CASSQEITGELFF	TRBV4-1	TRBJ2-2	WPVTLACFV	1	TRBV4-1_CASSQEITGELFF_TRBJ2-2
CASSSQDGSYEQYF	TRBV7-9	TRBJ2-7	WPVTLACFV	1	TRBV7-9_CASSSQDGSYEQYF_TRBJ2-7
CASSADQLEQFF	TRBV9	TRBJ2-1	ATSRMLSYY	1	TRBV9_CASSADQLEQFF_TRBJ2-1
CASSEAGGGYEQYF	TRBV12-3	TRBJ2-7	IFLWLLWPV	1	TRBV12-3_CASSEAGGGYEQYF_TRBJ2-7
CSARDPLAGIDTGELFF	TRBV20-1	TRBJ2-2	WLLWPVTLA	1	TRBV20-1_CSARDPLAGIDTGELFF_TRBJ2-2
CASSNLQSYTQYF	TRBV7-9	TRBJ2-3	WLLWPVTLA	1	TRBV7-9_CASSNLQSYTQYF_TRBJ2-3
CASGEGGIYNEQFF	TRBV7-6	TRBJ2-1	FLWLLWPVT	1	TRBV7-6_CASGEGGIYNEQFF_TRBJ2-1
CASSPLPGGVNEQFF	TRBV10-1	TRBJ2-1	LMWLSYFIA	1	TRBV10-1_CASSPLPGGVNEQFF_TRBJ2-1
CASSSTGSEGNTGELFF	TRBV4-1	TRBJ2-2	TLACFVLAA	1	TRBV4-1_CASSSTGSEGNTGELFF_TRBJ2-2
CAISESTAGPYYEQYF	TRBV10-3	TRBJ2-7	LMWLSYFIA	1	TRBV10-3_CAISESTAGPYYEQYF_TRBJ2-7
CASSIVRGSYYEQYF	TRBV19	TRBJ2-7	WLLWPVTLA	1	TRBV19_CASSIVRGSYYEQYF_TRBJ2-7
CASSLYGFQLVGELFF	TRBV5-6	TRBJ2-2	LWLLWPVTL	1	TRBV5-6_CASSLYGFQLVGELFF_TRBJ2-2
CASSFTGDSYNEQFF	TRBV6-5	TRBJ2-1	QWNLVIGFL	1	TRBV6-5_CASSFTGDSYNEQFF_TRBJ2-1
CASSYHAGDRGFGYTF	TRBV6-5	TRBJ1-2	LWLLWPVTL	1	TRBV6-5_CASSYHAGDRGFGYTF_TRBJ1-2
CASSDGHQGLQETQYF	TRBV10-1	TRBJ2-5	LWLLWPVTL	1	TRBV10-1_CASSDGHQGLQETQYF_TRBJ2-5
CASSAVSYNEQFF	TRBV11-3	TRBJ2-1	LWLLWPVTL	1	TRBV11-3_CASSAVSYNEQFF_TRBJ2-1
CASSRPSGQGNNGYTF	TRBV18	TRBJ1-2	LWLLWPVTL	1	TRBV18_CASSRPSGQGNNGYTF_TRBJ1-2
CASQAGVFTDTQYF	TRBV28	TRBJ2-3	RFLYIIKLI	1	TRBV28_CASQAGVFTDTQYF_TRBJ2-3
CASSPSSGESTDTQYF	TRBV27	TRBJ2-3	SMWSFNPET	1	TRBV27_CASSPSSGESTDTQYF_TRBJ2-3
CASSQGDYRSSTYEQYF	TRBV14	TRBJ2-7	LACFVLAAV	1	TRBV14_CASSQGDYRSSTYEQYF_TRBJ2-7
CASSPLRENTEAFF	TRBV4-3	TRBJ1-1	YANRNRFLY	1	TRBV4-3_CASSPLRENTEAFF_TRBJ1-1
CSAIPLGEPYEQYF	TRBV20-1	TRBJ2-7	LVGLMWLSY	1	TRBV20-1_CSAIPLGEPYEQYF_TRBJ2-7
CASSSTGASETQYF	TRBV5-4	TRBJ2-5	LACFVLAAV	1	TRBV5-4_CASSSTGASETQYF_TRBJ2-5
CASSSGVGQEAHEQYF	TRBV11-1	TRBJ2-7	VLNDILSRL	1	TRBV11-1_CASSSGVGQEAHEQYF_TRBJ2-7
CASSLLDSLEQYF	TRBV27	TRBJ2-7	YLQPRTFLL	1	TRBV27_CASSLLDSLEQYF_TRBJ2-7
CSARTPMGQNTGELFF	TRBV20-1	TRBJ2-2	YLQPRTFLL	1	TRBV20-1_CSARTPMGQNTGELFF_TRBJ2-2
CASSSDIIAFF	TRBV7-9	TRBJ1-1	YLQPRTFLL	1	TRBV7-9_CASSSDIIAFF_TRBJ1-1
CASGDLNTGELFF	TRBV5-4	TRBJ2-2	YLQPRTFLL	1	TRBV5-4_CASGDLNTGELFF_TRBJ2-2
CARQDSNTGELFF	TRBV12-3	TRBJ2-2	YLQPRTFLL	1	TRBV12-3_CARQDSNTGELFF_TRBJ2-2
CAGQGLNTGELFF	TRBV19	TRBJ2-2	YLQPRTFLL	1	TRBV19_CAGQGLNTGELFF_TRBJ2-2
CASSYSVRDYEQYF	TRBV6-5	TRBJ2-7	KLPDDFTGC	1	TRBV6-5_CASSYSVRDYEQYF_TRBJ2-7
CASSSGQGVDAFF	TRBV7-9	TRBJ1-1	YLQPRTFLL	1	TRBV7-9_CASSSGQGVDAFF_TRBJ1-1
CATEGDSYEQYF	TRBV3-1	TRBJ2-7	KQIYKTPPI	1	TRBV3-1_CATEGDSYEQYF_TRBJ2-7
CASGFGQANNEKLFF	TRBV12-5	TRBJ1-4	RLQSLQTYV	1	TRBV12-5_CASGFGQANNEKLFF_TRBJ1-4
CAVEGVYGEAFF	TRBV7-9	TRBJ1-1	YLQPRTFLL	1	TRBV7-9_CAVEGVYGEAFF_TRBJ1-1
CASSPDVEAFF	TRBV7-9	TRBJ1-1	YLQPRTFLL	1	TRBV7-9_CASSPDVEAFF_TRBJ1-1
CSARDLAGMNTGELFF	TRBV20-1	TRBJ2-2	YLQPRTFLL	1	TRBV20-1_CSARDLAGMNTGELFF_TRBJ2-2
CASSSEIEAFF	TRBV7-9	TRBJ1-1	YLQPRTFLL	1	TRBV7-9_CASSSEIEAFF_TRBJ1-1
CAIQEANTGELFF	TRBV19	TRBJ2-2	YLQPRTFLL	1	TRBV19_CAIQEANTGELFF_TRBJ2-2
CAEQDLNTGELFF	TRBV6-1	TRBJ2-2	YLQPRTFLL	1	TRBV6-1_CAEQDLNTGELFF_TRBJ2-2
CSARDAGGQNTGELFF	TRBV20-1	TRBJ2-2	YLQPRTFLL	1	TRBV20-1_CSARDAGGQNTGELFF_TRBJ2-2
CSVSRDRNTGELFF	TRBV20-1	TRBJ2-2	YLQPRTFLL	1	TRBV20-1_CSVSRDRNTGELFF_TRBJ2-2
CASRGPGQMNTGELFF	TRBV2	TRBJ2-2	YLQPRTFLL	1	TRBV2_CASRGPGQMNTGELFF_TRBJ2-2
CASSSDDMRNTGELFF	TRBV5-5	TRBJ2-2	YLQPRTFLL	1	TRBV5-5_CASSSDDMRNTGELFF_TRBJ2-2
CADQDSNTGELFF	TRBV7-8	TRBJ2-2	YLQPRTFLL	1	TRBV7-8_CADQDSNTGELFF_TRBJ2-2
CATLGSNTGELFF	TRBV5-5	TRBJ2-2	YLQPRTFLL	1	TRBV5-5_CATLGSNTGELFF_TRBJ2-2
CASSSDIEAFF	TRBV7-9	TRBJ1-1	YLQPRTFLL	1	TRBV7-9_CASSSDIEAFF_TRBJ1-1
CATSDVAGGGGEQFF	TRBV24-1	TRBJ2-1	SVTTEILPV	1	TRBV24-1_CATSDVAGGGGEQFF_TRBJ2-1
CASRESLLAGGPDTQYF	TRBV4-2	TRBJ2-3	KLPDDFTGCV	1	TRBV4-2_CASRESLLAGGPDTQYF_TRBJ2-3
CASSQDMRAGGPNEQFF	TRBV4-3	TRBJ2-1	HLMSFPQSA	1	TRBV4-3_CASSQDMRAGGPNEQFF_TRBJ2-1
CASSPEGRRMGPTNEKLFF	TRBV12-3	TRBJ1-4	FLHVTYVPA	1	TRBV12-3_CASSPEGRRMGPTNEKLFF_TRBJ1-4
CASSMGPTGYGYTF	TRBV19	TRBJ1-2	IMLCCMTSC	1	TRBV19_CASSMGPTGYGYTF_TRBJ1-2
CASKVEVSSNQPQHF	TRBV27	TRBJ1-5	KLPDDFTGCV	1	TRBV27_CASKVEVSSNQPQHF_TRBJ1-5
CASSTTFSGGWSEQFF	TRBV11-3	TRBJ2-1	HLMSFPQSA	1	TRBV11-3_CASSTTFSGGWSEQFF_TRBJ2-1
CASSPPRTASSYEQYF	TRBV4-1	TRBJ2-7	LLFNKVTLA	1	TRBV4-1_CASSPPRTASSYEQYF_TRBJ2-7
CASSLDRGSEKLFF	TRBV5-1	TRBJ1-4	KLPDDFTGCV	1	TRBV5-1_CASSLDRGSEKLFF_TRBJ1-4
CASPSENTGELFF	TRBV2	TRBJ2-2	YLQPRTFLL	1	TRBV2_CASPSENTGELFF_TRBJ2-2
CASSFGLDHGTGELFF	TRBV5-4	TRBJ2-2	LITGRLQSL	1	TRBV5-4_CASSFGLDHGTGELFF_TRBJ2-2
CATSDLQRGNTGELFF	TRBV24-1	TRBJ2-2	YLQPRTFLL	1	TRBV24-1_CATSDLQRGNTGELFF_TRBJ2-2
CSARDREGSIYNEQFF	TRBV20-1	TRBJ2-1	VLSFELLHA	1	TRBV20-1_CSARDREGSIYNEQFF_TRBJ2-1
CASSDLSTHGYTF	TRBV2	TRBJ1-2	FLHVTYVPA	1	TRBV2_CASSDLSTHGYTF_TRBJ1-2
CSARDWTASTDTQYF	TRBV20-1	TRBJ2-3	HLMSFPQSA	1	TRBV20-1_CSARDWTASTDTQYF_TRBJ2-3
CASTQGYNEQFF	TRBV11-2	TRBJ2-1	YQDVNCTEV	1	TRBV11-2_CASTQGYNEQFF_TRBJ2-1
CASSQDLGVDGYTF	TRBV4-3	TRBJ1-2	GLTVLPPLL	1	TRBV4-3_CASSQDLGVDGYTF_TRBJ1-2
CSARDQASQNTGELFF	TRBV20-1	TRBJ2-2	YLQPRTFLL	1	TRBV20-1_CSARDQASQNTGELFF_TRBJ2-2
CSARDERALNTGELFF	TRBV20-1	TRBJ2-2	YLQPRTFLL	1	TRBV20-1_CSARDERALNTGELFF_TRBJ2-2
CAIASQNTGELFF	TRBV7-8	TRBJ2-2	YLQPRTFLL	1	TRBV7-8_CAIASQNTGELFF_TRBJ2-2
CSARDHGATNTGELFF	TRBV20-1	TRBJ2-2	YLQPRTFLL	1	TRBV20-1_CSARDHGATNTGELFF_TRBJ2-2
CASAEMNTGELFF	TRBV2	TRBJ2-2	YLQPRTFLL	1	TRBV2_CASAEMNTGELFF_TRBJ2-2
CASMDLNTGELFF	TRBV19	TRBJ2-2	YLQPRTFLL	1	TRBV19_CASMDLNTGELFF_TRBJ2-2
CASSRGGGSYNEQFF	TRBV11-2	TRBJ2-1	KQLSSNFGA	1	TRBV11-2_CASSRGGGSYNEQFF_TRBJ2-1
CASSILGAGTDTQYF	TRBV19	TRBJ2-3	GLTVLPPLL	1	TRBV19_CASSILGAGTDTQYF_TRBJ2-3
CASRKAPGQGGEQPQHF	TRBV6-2	TRBJ1-5	IMLCCMTSC	1	TRBV6-2_CASRKAPGQGGEQPQHF_TRBJ1-5
CATSREWPGELFF	TRBV15	TRBJ2-2	SIIAYTMSL	1	TRBV15_CATSREWPGELFF_TRBJ2-2
CASSQGEWVHTDTQYF	TRBV4-2	TRBJ2-3	SIIAYTMSL	1	TRBV4-2_CASSQGEWVHTDTQYF_TRBJ2-3
CASSLALSTEYSSF	TRBV5-1	TRBJ1-2	APHGVVFLH	1	TRBV5-1_CASSLALSTEYSSF_TRBJ1-2
CASSLFPTDTQYF	TRBV27	TRBJ2-3	SIIAYTMSL	1	TRBV27_CASSLFPTDTQYF_TRBJ2-3
CASSPDILAFF	TRBV7-9	TRBJ1-1	YLQPRTFLL	1	TRBV7-9_CASSPDILAFF_TRBJ1-1
CASSQDYNEQFF	TRBV14	TRBJ2-1	SANNCTFEY	1	TRBV14_CASSQDYNEQFF_TRBJ2-1
CASSLTSGSISTQYF	TRBV7-6	TRBJ2-3	FSDVTWFHA	1	TRBV7-6_CASSLTSGSISTQYF_TRBJ2-3
CSAPLGEGGYTF	TRBV20-1	TRBJ1-2	NSAIGKIQY	1	TRBV20-1_CSAPLGEGGYTF_TRBJ1-2
CASSIARTGEAVNEQFF	TRBV7-4	TRBJ2-1	NSTRFASVY	1	TRBV7-4_CASSIARTGEAVNEQFF_TRBJ2-1
CASSLPLGAQYF	TRBV28	TRBJ2-7	NSTRFASVY	1	TRBV28_CASSLPLGAQYF_TRBJ2-7
CASSRTGELFF	TRBV6-1	TRBJ2-2	FLHVTYVPA	1	TRBV6-1_CASSRTGELFF_TRBJ2-2
CASSFRPPDTDRTNTGELFF	TRBV5-1	TRBJ2-2	LPDDFMGCV	1	TRBV5-1_CASSFRPPDTDRTNTGELFF_TRBJ2-2
CSATPSLGPEQPQHF	TRBV20-1	TRBJ1-5	LPDDFMGCV	1	TRBV20-1_CSATPSLGPEQPQHF_TRBJ1-5
CASSLSAGTEAFF	TRBV28	TRBJ1-1	LPDDFTGCV	1	TRBV28_CASSLSAGTEAFF_TRBJ1-1
CASSYSPGQAFSANSPLHF	TRBV6-5	TRBJ1-6	KQIYKTPPI	1	TRBV6-5_CASSYSPGQAFSANSPLHF_TRBJ1-6
CASSLGLAPGYEQYF	TRBV27	TRBJ2-7	LITGRLQSL	1	TRBV27_CASSLGLAPGYEQYF_TRBJ2-7
CASSLDGATNEKLFF	TRBV5-1	TRBJ1-4	RLNEVAKNL	1	TRBV5-1_CASSLDGATNEKLFF_TRBJ1-4
CASSQDPTTGELFF	TRBV4-1	TRBJ2-2	LPDDFTGCV	1	TRBV4-1_CASSQDPTTGELFF_TRBJ2-2
CASSVQEEYGYTF	TRBV9	TRBJ1-2	YGFQPTNGV	1	TRBV9_CASSVQEEYGYTF_TRBJ1-2
CASSIGGGLYEQYF	TRBV19	TRBJ2-7	FLPFFSDVT	1	TRBV19_CASSIGGGLYEQYF_TRBJ2-7
CASSYEGAGYGYTF	TRBV6-5	TRBJ1-2	KQIYKTPPI	1	TRBV6-5_CASSYEGAGYGYTF_TRBJ1-2
CATSDLFQETQYF	TRBV24-1	TRBJ2-5	KQIYKTPPI	1	TRBV24-1_CATSDLFQETQYF_TRBJ2-5
CASSEGGGYEQYF	TRBV2	TRBJ2-7	VTWFHAIHV	1	TRBV2_CASSEGGGYEQYF_TRBJ2-7
CASSQEEPGTTYGYTF	TRBV7-8	TRBJ1-2	IMLCCMTSC	1	TRBV7-8_CASSQEEPGTTYGYTF_TRBJ1-2
CASSLTVSSEVPGEQYF	TRBV7-3	TRBJ2-7	LLFNKVTLA	1	TRBV7-3_CASSLTVSSEVPGEQYF_TRBJ2-7
CSVEEVSGANVLTF	TRBV29-1	TRBJ2-6	KQIYKTPPI	1	TRBV29-1_CSVEEVSGANVLTF_TRBJ2-6
CASSVEEPGTVYEQYF	TRBV9	TRBJ2-7	FLVLLPLVS	1	TRBV9_CASSVEEPGTVYEQYF_TRBJ2-7
CASSLMTGGAYNEQFF	TRBV5-6	TRBJ2-1	SWMESEFRV	1	TRBV5-6_CASSLMTGGAYNEQFF_TRBJ2-1
CASSETGSSSYEQYF	TRBV6-1	TRBJ2-7	QYIKWPWYI	1	TRBV6-1_CASSETGSSSYEQYF_TRBJ2-7
CATSDDSEKLFF	TRBV24-1	TRBJ1-4	VYAWNRKRI	1	TRBV24-1_CATSDDSEKLFF_TRBJ1-4
CASSEGRGYEQFF	TRBV6-1	TRBJ2-1	NYNYLYRLF	1	TRBV6-1_CASSEGRGYEQFF_TRBJ2-1
CASSVGQGYEQYF	TRBV5-1	TRBJ2-7	NYNYLYRLF	1	TRBV5-1_CASSVGQGYEQYF_TRBJ2-7
CASSLQVNTEAFF	TRBV5-6	TRBJ1-1	QYIKWPWYI	1	TRBV5-6_CASSLQVNTEAFF_TRBJ1-1
CASSEFTNYEQYF	TRBV2	TRBJ2-7	NYNYLYRLF	1	TRBV2_CASSEFTNYEQYF_TRBJ2-7
CASSEGESNTGELFF	TRBV9	TRBJ2-2	YLQPRTFLL	1	TRBV9_CASSEGESNTGELFF_TRBJ2-2
CASSSVSLGNEQFF	TRBV6-5	TRBJ2-1	YLQPRTFLL	1	TRBV6-5_CASSSVSLGNEQFF_TRBJ2-1
CASSADIEQYF	TRBV7-9	TRBJ2-7	YLQPRTFLL	1	TRBV7-9_CASSADIEQYF_TRBJ2-7
CSVDRDRNTGELFF	TRBV29-1	TRBJ2-2	YLQPRTFLL	1	TRBV29-1_CSVDRDRNTGELFF_TRBJ2-2
CAGSTSLTGELFF	TRBV7-9	TRBJ2-2	YLQPRTFLL	1	TRBV7-9_CAGSTSLTGELFF_TRBJ2-2
CASSQDIYAFF	TRBV7-9	TRBJ1-1	YLQPRTFLL	1	TRBV7-9_CASSQDIYAFF_TRBJ1-1
CASSVAASGGGELFF	TRBV4-3	TRBJ2-2	YQDVNCTEV	1	TRBV4-3_CASSVAASGGGELFF_TRBJ2-2
CASSPDILHTF	TRBV7-9	TRBJ1-2	YLQPRTFLL	1	TRBV7-9_CASSPDILHTF_TRBJ1-2
CANGSPNTGELFF	TRBV7-9	TRBJ2-2	YLQPRTFLL	1	TRBV7-9_CANGSPNTGELFF_TRBJ2-2
CASSPDSEQYF	TRBV7-9	TRBJ2-7	YLQPRTFLL	1	TRBV7-9_CASSPDSEQYF_TRBJ2-7
CASSPPSGGNTGELFF	TRBV3-1	TRBJ2-2	YLQPRTFLL	1	TRBV3-1_CASSPPSGGNTGELFF_TRBJ2-2
CASSDDLGGNTGELFF	TRBV5-4	TRBJ2-2	YLQPRTFLL	1	TRBV5-4_CASSDDLGGNTGELFF_TRBJ2-2
CASQDSNTGELFF	TRBV5-1	TRBJ2-2	YLQPRTFLL	1	TRBV5-1_CASQDSNTGELFF_TRBJ2-2
CASSEVSYEQYF	TRBV25-1	TRBJ2-7	SIIAYTMSL	1	TRBV25-1_CASSEVSYEQYF_TRBJ2-7
CASSLDAETQYF	TRBV7-6	TRBJ2-5	SPRRARSVA	1	TRBV7-6_CASSLDAETQYF_TRBJ2-5
CASSPGTSGNEQFF	TRBV4-2	TRBJ2-1	SIIAYTMSL	1	TRBV4-2_CASSPGTSGNEQFF_TRBJ2-1
CASSPGTGDLETQYF	TRBV7-9	TRBJ2-5	WPWYIWLGF	1	TRBV7-9_CASSPGTGDLETQYF_TRBJ2-5
CASSWTGGTRNTGELFF	TRBV7-2	TRBJ2-2	SIIAYTMSL	1	TRBV7-2_CASSWTGGTRNTGELFF_TRBJ2-2
CSVKHRGVGQPQHF	TRBV20-1	TRBJ1-5	SIIAYTMSL	1	TRBV20-1_CSVKHRGVGQPQHF_TRBJ1-5
CAWTDFRPNTEAFF	TRBV30	TRBJ1-1	SIIAYTMSL	1	TRBV30_CAWTDFRPNTEAFF_TRBJ1-1
CASSLAGDQEPQYEQYF	TRBV7-6	TRBJ2-7	APATVCGPK	1	TRBV7-6_CASSLAGDQEPQYEQYF_TRBJ2-7
CSARDPQRTTSTDTQYF	TRBV20-1	TRBJ2-3	MIAQYTSAL	1	TRBV20-1_CSARDPQRTTSTDTQYF_TRBJ2-3
CASSPFQGLAGVGLGTDTQYF	TRBV3-1	TRBJ2-3	SIIAYTMSL	1	TRBV3-1_CASSPFQGLAGVGLGTDTQYF_TRBJ2-3
CATSDRGTSVAEQFF	TRBV24-1	TRBJ2-1	SIIAYTMSL	1	TRBV24-1_CATSDRGTSVAEQFF_TRBJ2-1
CASSGLRGSSYNEQFF	TRBV7-9	TRBJ2-1	WPWYIWLGF	1	TRBV7-9_CASSGLRGSSYNEQFF_TRBJ2-1
CASSLEVPPGYNEQFF	TRBV5-4	TRBJ2-1	SIIAYTMSL	1	TRBV5-4_CASSLEVPPGYNEQFF_TRBJ2-1
CASSLGGPPTYEQYF	TRBV7-2	TRBJ2-7	TPINLVRDL	1	TRBV7-2_CASSLGGPPTYEQYF_TRBJ2-7
CASSSRQADAETQYF	TRBV7-8	TRBJ2-5	TPINLVRDL	1	TRBV7-8_CASSSRQADAETQYF_TRBJ2-5
CASSDPGGTGELFF	TRBV10-1	TRBJ2-2	TPINLVRDL	1	TRBV10-1_CASSDPGGTGELFF_TRBJ2-2
CASSYSKGRIYEQYF	TRBV6-2	TRBJ2-7	SIIAYTMSL	1	TRBV6-2_CASSYSKGRIYEQYF_TRBJ2-7
CASSWTANTEAFF	TRBV27	TRBJ1-1	FPNITNLCP	1	TRBV27_CASSWTANTEAFF_TRBJ1-1
CSARGTDFANTGELFF	TRBV20-1	TRBJ2-2	LPPSYTNSF	1	TRBV20-1_CSARGTDFANTGELFF_TRBJ2-2
CASSLGSSNQPQHF	TRBV7-9	TRBJ1-5	WPWYIWLGF	1	TRBV7-9_CASSLGSSNQPQHF_TRBJ1-5
CASSPGLTPAEQYF	TRBV7-9	TRBJ2-7	WPLVSSQCV	1	TRBV7-9_CASSPGLTPAEQYF_TRBJ2-7
CAISESLAGVGSADTQYF	TRBV10-3	TRBJ2-3	SIIAYTMSL	1	TRBV10-3_CAISESLAGVGSADTQYF_TRBJ2-3
CASGLVGSSYNEQFF	TRBV12-5	TRBJ2-1	WPWYIWLGF	1	TRBV12-5_CASGLVGSSYNEQFF_TRBJ2-1
CASKVGVTGELFF	TRBV5-1	TRBJ2-2	WPWYIWLGF	1	TRBV5-1_CASKVGVTGELFF_TRBJ2-2
CASGFFNQPQHF	TRBV6-2	TRBJ1-5	WMESEFRVY	1	TRBV6-2_CASGFFNQPQHF_TRBJ1-5
CASSYRGQPQHF	TRBV6-6	TRBJ1-5	LTDEMIAQY	1	TRBV6-6_CASSYRGQPQHF_TRBJ1-5
CASSTGGGELFF	TRBV9	TRBJ2-2	LTDEMIAQY	1	TRBV9_CASSTGGGELFF_TRBJ2-2
CASSLGTGDEKLFF	TRBV5-1	TRBJ1-4	KQLSSNFGA	1	TRBV5-1_CASSLGTGDEKLFF_TRBJ1-4
CASSSLAGDEQYF	TRBV10-2	TRBJ2-7	YGFQPTNGV	1	TRBV10-2_CASSSLAGDEQYF_TRBJ2-7
CASSLDPGVASYNSPLHF	TRBV7-8	TRBJ1-6	IMLCCMTSC	1	TRBV7-8_CASSLDPGVASYNSPLHF_TRBJ1-6
CASSPDGTGSGNTIYF	TRBV5-1	TRBJ1-3	KLPDDFMGC	1	TRBV5-1_CASSPDGTGSGNTIYF_TRBJ1-3
CASSQPGRQRGLPQHF	TRBV2	TRBJ1-5	KQLSSNFGA	1	TRBV2_CASSQPGRQRGLPQHF_TRBJ1-5
CASSLNEQEGQPQHF	TRBV28	TRBJ1-5	YTNSFTRGV	1	TRBV28_CASSLNEQEGQPQHF_TRBJ1-5
CASSLAGTGSDTQYF	TRBV27	TRBJ2-3	NLNESLIDL	1	TRBV27_CASSLAGTGSDTQYF_TRBJ2-3
CASSHRDIGYGYTF	TRBV6-2	TRBJ1-2	YTNSFTRGV	1	TRBV6-2_CASSHRDIGYGYTF_TRBJ1-2
CASSLDSGSKEKLFF	TRBV5-6	TRBJ1-4	FLVLLPLVS	1	TRBV5-6_CASSLDSGSKEKLFF_TRBJ1-4
CASSYFASGEKFF	TRBV6-5	TRBJ2-1	SIIAYTMSL	1	TRBV6-5_CASSYFASGEKFF_TRBJ2-1
CAWMKQGTSTYEQYF	TRBV30	TRBJ2-7	FLHVTYVPA	1	TRBV30_CAWMKQGTSTYEQYF_TRBJ2-7
CASSFSPVYGYTF	TRBV12-4	TRBJ1-2	LITGRLQSL	1	TRBV12-4_CASSFSPVYGYTF_TRBJ1-2
CASSLLRVSGANVLTF	TRBV3-1	TRBJ2-6	SLSSTASAL	1	TRBV3-1_CASSLLRVSGANVLTF_TRBJ2-6
CASSSQGLTKDEQYF	TRBV11-2	TRBJ2-7	SWMESEFRV	1	TRBV11-2_CASSSQGLTKDEQYF_TRBJ2-7
CASSEDNRGRYEQYF	TRBV2	TRBJ2-7	VFLVLLPLV	1	TRBV2_CASSEDNRGRYEQYF_TRBJ2-7
CASSSGTGIYNEQFF	TRBV13	TRBJ2-1	FLPFFSDVT	1	TRBV13_CASSSGTGIYNEQFF_TRBJ2-1
CASSMRHFSYEQYF	TRBV19	TRBJ2-7	FTISVTTEI	1	TRBV19_CASSMRHFSYEQYF_TRBJ2-7
CASSPVGPNTQYF	TRBV12-4	TRBJ2-3	VLYENQKLI	1	TRBV12-4_CASSPVGPNTQYF_TRBJ2-3
CASSFGTGGRGTQYF	TRBV27	TRBJ2-5	KLPDDFTGC	1	TRBV27_CASSFGTGGRGTQYF_TRBJ2-5
CASSSGQGFFYEQYF	TRBV7-9	TRBJ2-7	HLMSFPQSA	1	TRBV7-9_CASSSGQGFFYEQYF_TRBJ2-7
CASSLKVRDEQFF	TRBV7-3	TRBJ2-1	TLDSKTQSL	1	TRBV7-3_CASSLKVRDEQFF_TRBJ2-1
CAWGIPRQDNNEKLFF	TRBV30	TRBJ1-4	RLDKVEAEV	1	TRBV30_CAWGIPRQDNNEKLFF_TRBJ1-4
CSDPVPGRFLVEQYF	TRBV29-1	TRBJ2-7	VFLVLLPLV	1	TRBV29-1_CSDPVPGRFLVEQYF_TRBJ2-7
CASSEGGTYEQYF	TRBV6-1	TRBJ2-7	YQDVNCTEV	1	TRBV6-1_CASSEGGTYEQYF_TRBJ2-7
CASSLGTGYEQYF	TRBV7-9	TRBJ2-7	FIAGLIAIV	1	TRBV7-9_CASSLGTGYEQYF_TRBJ2-7
CASSYSGTENGYTF	TRBV6-5	TRBJ1-2	ILPDPSKPS	1	TRBV6-5_CASSYSGTENGYTF_TRBJ1-2
CASSQDRDYEQYF	TRBV4-3	TRBJ2-7	FIAGLIAIV	1	TRBV4-3_CASSQDRDYEQYF_TRBJ2-7
CASSLTPLPGEQFF	TRBV7-6	TRBJ2-1	FLHVTYVPA	1	TRBV7-6_CASSLTPLPGEQFF_TRBJ2-1
CASSLTLNTEAFF	TRBV5-1	TRBJ1-1	LPDDFTGCV	1	TRBV5-1_CASSLTLNTEAFF_TRBJ1-1
CASSVDGGRNNEQFF	TRBV9	TRBJ2-1	VFLVLLPLV	1	TRBV9_CASSVDGGRNNEQFF_TRBJ2-1
CASNSLDREDGNTIYF	TRBV12-4	TRBJ1-3	GLIAIVMVT	1	TRBV12-4_CASNSLDREDGNTIYF_TRBJ1-3
CASSLLGSYNEQFF	TRBV28	TRBJ2-1	VFLVLLPLV	1	TRBV28_CASSLLGSYNEQFF_TRBJ2-1
CASSRGQPDEAFF	TRBV27	TRBJ1-1	KLPDDFMGC	1	TRBV27_CASSRGQPDEAFF_TRBJ1-1
CASSSLELYEQYF	TRBV28	TRBJ2-7	GLIAIVMVT	1	TRBV28_CASSSLELYEQYF_TRBJ2-7
CASSAGTGDSYEQYF	TRBV19	TRBJ2-7	FIAGLIAIV	1	TRBV19_CASSAGTGDSYEQYF_TRBJ2-7
CASSPGTSGGYNEQFF	TRBV7-9	TRBJ2-1	VFLVLLPLV	1	TRBV7-9_CASSPGTSGGYNEQFF_TRBJ2-1
CSARGQGTSGVDYGYTF	TRBV20-1	TRBJ1-2	ITSGWTFGA	1	TRBV20-1_CSARGQGTSGVDYGYTF_TRBJ1-2
CASTEDQSGNTQYF	TRBV6-5	TRBJ2-3	VLNDILSRL	1	TRBV6-5_CASTEDQSGNTQYF_TRBJ2-3
CASRGMDGDTQYF	TRBV19	TRBJ2-3	FLVLLPLVS	1	TRBV19_CASRGMDGDTQYF_TRBJ2-3
CASSLWGHQPQHF	TRBV7-6	TRBJ1-5	SVTTEILPV	1	TRBV7-6_CASSLWGHQPQHF_TRBJ1-5
CASLGDPNTGELFF	TRBV4-3	TRBJ2-2	YLQPRTFLL	1	TRBV4-3_CASLGDPNTGELFF_TRBJ2-2
CASSILAGGNTGELFF	TRBV19	TRBJ2-2	YLQPRTFLL	1	TRBV19_CASSILAGGNTGELFF_TRBJ2-2
CASSPPGHGNTGELFF	TRBV18	TRBJ2-2	YLQPRTFLL	1	TRBV18_CASSPPGHGNTGELFF_TRBJ2-2
CSARDVVSGGHYEQYF	TRBV20-1	TRBJ2-7	QYIKWPWYI	1	TRBV20-1_CSARDVVSGGHYEQYF_TRBJ2-7
CSARDIGTGAHYEQYF	TRBV20-1	TRBJ2-7	QYIKWPWYI	1	TRBV20-1_CSARDIGTGAHYEQYF_TRBJ2-7
CASSRNPGTGTYNEQFF	TRBV28	TRBJ2-1	KWPWYIWLG	1	TRBV28_CASSRNPGTGTYNEQFF_TRBJ2-1
CASSQDRGTWEQYF	TRBV4-3	TRBJ2-7	KWPWYIWLG	1	TRBV4-3_CASSQDRGTWEQYF_TRBJ2-7
CASSETQGYEQFF	TRBV6-1	TRBJ2-1	NYNYLYRLF	1	TRBV6-1_CASSETQGYEQFF_TRBJ2-1
CASSEWRGYEQYF	TRBV6-1	TRBJ2-7	NYNYLYRLF	1	TRBV6-1_CASSEWRGYEQYF_TRBJ2-7
CASSQVAGYEQYF	TRBV4-1	TRBJ2-7	NYNYLYRLF	1	TRBV4-1_CASSQVAGYEQYF_TRBJ2-7
CASSERTGYEQYF	TRBV6-1	TRBJ2-7	NYNYLYRLF	1	TRBV6-1_CASSERTGYEQYF_TRBJ2-7
CASSEGQGPYEQYF	TRBV9	TRBJ2-7	NYNYLYRLF	1	TRBV9_CASSEGQGPYEQYF_TRBJ2-7
CATSESGGYEQYF	TRBV15	TRBJ2-7	NYNYLYRLF	1	TRBV15_CATSESGGYEQYF_TRBJ2-7
CASSEWQGGYEQYF	TRBV6-1	TRBJ2-7	NYNYLYRLF	1	TRBV6-1_CASSEWQGGYEQYF_TRBJ2-7
CASSQDRASYNEQFF	TRBV4-1	TRBJ2-1	VYSTGSNVF	1	TRBV4-1_CASSQDRASYNEQFF_TRBJ2-1
CASSSSGYNEQFF	TRBV5-1	TRBJ2-1	VFLVLWPLV	1	TRBV5-1_CASSSSGYNEQFF_TRBJ2-1
CASSSEESSSIDTQYF	TRBV5-1	TRBJ2-3	QYIKWPWYI	1	TRBV5-1_CASSSEESSSIDTQYF_TRBJ2-3
CASSQVYNEQFF	TRBV3-1	TRBJ2-1	VFLVLWPLV	1	TRBV3-1_CASSQVYNEQFF_TRBJ2-1
CASGLVQGYEQYF	TRBV12-5	TRBJ2-7	NYNYLYRLF	1	TRBV12-5_CASGLVQGYEQYF_TRBJ2-7
CASSHTGGYEQFF	TRBV2	TRBJ2-1	NYNYLYRLF	1	TRBV2_CASSHTGGYEQFF_TRBJ2-1
CASSLTSGYEQYF	TRBV11-2	TRBJ2-7	NYNYLYRLF	1	TRBV11-2_CASSLTSGYEQYF_TRBJ2-7
CASQDINTGELFF	TRBV6-2	TRBJ2-2	YLQPRTFLL	1	TRBV6-2_CASQDINTGELFF_TRBJ2-2
CATTDLDSGELFF	TRBV15	TRBJ2-2	YLQPRTFLL	1	TRBV15_CATTDLDSGELFF_TRBJ2-2
CVRGEANTGELFF	TRBV7-9	TRBJ2-2	YLQPRTFLL	1	TRBV7-9_CVRGEANTGELFF_TRBJ2-2
CASSLTSGDADTQYF	TRBV7-6	TRBJ2-3	IMLCCMTSC	1	TRBV7-6_CASSLTSGDADTQYF_TRBJ2-3
CASSSAARTGNEQFF	TRBV5-1	TRBJ2-1	VFLVLLPLV	1	TRBV5-1_CASSSAARTGNEQFF_TRBJ2-1
CASFQDQNTGELFF	TRBV12-3	TRBJ2-2	YLQPRTFLL	1	TRBV12-3_CASFQDQNTGELFF_TRBJ2-2
CAWLRDMNTGELFF	TRBV30	TRBJ2-2	YLQPRTFLL	1	TRBV30_CAWLRDMNTGELFF_TRBJ2-2
CATQTLNTGELFF	TRBV30	TRBJ2-2	YLQPRTFLL	1	TRBV30_CATQTLNTGELFF_TRBJ2-2
CATGGLNTGELFF	TRBV2	TRBJ2-2	YLQPRTFLL	1	TRBV2_CATGGLNTGELFF_TRBJ2-2
CASHSDRNTGELFF	TRBV7-8	TRBJ2-2	YLQPRTFLL	1	TRBV7-8_CASHSDRNTGELFF_TRBJ2-2
CASSPEDIQYF	TRBV7-9	TRBJ2-4	YLQPRTFLL	1	TRBV7-9_CASSPEDIQYF_TRBJ2-4
CAEGERNTGELFF	TRBV28	TRBJ2-2	YLQPRTFLL	1	TRBV28_CAEGERNTGELFF_TRBJ2-2
CSAQWDRNTGELFF	TRBV29-1	TRBJ2-2	YLQPRTFLL	1	TRBV29-1_CSAQWDRNTGELFF_TRBJ2-2
CASTLRNQETQYF	TRBV6-5	TRBJ2-5	RLQSLQTYV	1	TRBV6-5_CASTLRNQETQYF_TRBJ2-5
CASSVSPNEQFF	TRBV9	TRBJ2-1	YLQPRTFLL	1	TRBV9_CASSVSPNEQFF_TRBJ2-1
CASGHPNDLKAFF	TRBV7-9	TRBJ1-1	YLQPRTFLL	1	TRBV7-9_CASGHPNDLKAFF_TRBJ1-1
CASTPGSEPLHF	TRBV25-1	TRBJ1-6	RVVVLSFEL	1	TRBV25-1_CASTPGSEPLHF_TRBJ1-6
CSARDLGGIANYGYTF	TRBV20-1	TRBJ1-2	IMLCCMTSC	1	TRBV20-1_CSARDLGGIANYGYTF_TRBJ1-2
CASSPRGPSTDTQYF	TRBV18	TRBJ2-3	YLQPRTFLL	1	TRBV18_CASSPRGPSTDTQYF_TRBJ2-3
CASSQVRGRGEQYF	TRBV3-1	TRBJ2-7	VFLVLLPLV	1	TRBV3-1_CASSQVRGRGEQYF_TRBJ2-7
CASSSATFFEQNYGYTF	TRBV4-1	TRBJ1-2	YLQPRTFLL	1	TRBV4-1_CASSSATFFEQNYGYTF_TRBJ1-2
CATSPPEALWEQYF	TRBV15	TRBJ2-7	VFLVLLPLV	1	TRBV15_CATSPPEALWEQYF_TRBJ2-7
CASIDRSYEQYF	TRBV6-5	TRBJ2-7	IITTDNTFV	1	TRBV6-5_CASIDRSYEQYF_TRBJ2-7
CSARDRQGQNTGELFF	TRBV20-1	TRBJ2-2	YLQPRTFLL	1	TRBV20-1_CSARDRQGQNTGELFF_TRBJ2-2
CATGGDHNTGELFF	TRBV2	TRBJ2-2	YLQPRTFLL	1	TRBV2_CATGGDHNTGELFF_TRBJ2-2
CASSPVAGGNTGELFF	TRBV5-6	TRBJ2-2	YLQPRTFLL	1	TRBV5-6_CASSPVAGGNTGELFF_TRBJ2-2
CASRDRGNYYGYTF	TRBV2	TRBJ1-2	YLQPRTFLL	1	TRBV2_CASRDRGNYYGYTF_TRBJ1-2
CASSLAGNTIYF	TRBV7-9	TRBJ1-3	SIIAYTMSL	1	TRBV7-9_CASSLAGNTIYF_TRBJ1-3
CASSYPLGTQYF	TRBV6-5	TRBJ2-5	FSNVTWFHA	1	TRBV6-5_CASSYPLGTQYF_TRBJ2-5
CASRVKETQYF	TRBV7-9	TRBJ2-5	WTAGAAAYY	1	TRBV7-9_CASRVKETQYF_TRBJ2-5
CASSLGVGRGFTEAFF	TRBV7-2	TRBJ1-1	TSNEVAVLY	1	TRBV7-2_CASSLGVGRGFTEAFF_TRBJ1-1
CASSWDKFYEQYF	TRBV5-1	TRBJ2-7	LTDEMIAQY	1	TRBV5-1_CASSWDKFYEQYF_TRBJ2-7
CSVTRDSNTGELFF	TRBV20-1	TRBJ2-2	YLQPRTFLL	1	TRBV20-1_CSVTRDSNTGELFF_TRBJ2-2
CSARDQQGQNTGELFF	TRBV20-1	TRBJ2-2	YLQPRTFLL	1	TRBV20-1_CSARDQQGQNTGELFF_TRBJ2-2
CASSFSGTGESYEQYF	TRBV4-3	TRBJ2-7	RVVVLSFEL	1	TRBV4-3_CASSFSGTGESYEQYF_TRBJ2-7
CASSEIAGGNTGELFF	TRBV2	TRBJ2-2	YLQPRTFLL	1	TRBV2_CASSEIAGGNTGELFF_TRBJ2-2
CASTELDTGELFF	TRBV6-5	TRBJ2-2	YLQPRTFLL	1	TRBV6-5_CASTELDTGELFF_TRBJ2-2
CASSPTGGGNTGELFF	TRBV13	TRBJ2-2	YLQPRTFLL	1	TRBV13_CASSPTGGGNTGELFF_TRBJ2-2
CASSPIKDTRQEYTGELFF	TRBV28	TRBJ2-2	FTSDYYQLY	1	TRBV28_CASSPIKDTRQEYTGELFF_TRBJ2-2
CASSLGTASTDTQYF	TRBV27	TRBJ2-3	PTDNYITTY	1	TRBV27_CASSLGTASTDTQYF_TRBJ2-3
CASSFSSNSYEQYF	TRBV28	TRBJ2-7	PTDNYITTY	1	TRBV28_CASSFSSNSYEQYF_TRBJ2-7
CASSAQEGRIEMNTEAFF	TRBV4-3	TRBJ1-1	ALWEIQQVV	1	TRBV4-3_CASSAQEGRIEMNTEAFF_TRBJ1-1
CASSSSALEDPEQYF	TRBV5-4	TRBJ2-7	FLLNKEMYL	1	TRBV5-4_CASSSSALEDPEQYF_TRBJ2-7
CASSLEGDVFFF	TRBV5-1	TRBJ1-1	GLMWLSYFV	1	TRBV5-1_CASSLEGDVFFF_TRBJ1-1
CASSDGQGGYGYTF	TRBV9	TRBJ1-2	KLWAQCVQL	1	TRBV9_CASSDGQGGYGYTF_TRBJ1-2
CASSVVDRNNEQFF	TRBV9	TRBJ2-1	LLYDANYFL	1	TRBV9_CASSVVDRNNEQFF_TRBJ2-1
CATQNLNTGELFF	TRBV15	TRBJ2-2	YLQPRTFLL	1	TRBV15_CATQNLNTGELFF_TRBJ2-2
CASSIVPGSPSRGYTF	TRBV19	TRBJ1-2	NYMPYFFTL	1	TRBV19_CASSIVPGSPSRGYTF_TRBJ1-2
CASSPAGGAVLQAFF	TRBV5-6	TRBJ1-1	QYIKWPWYI	1	TRBV5-6_CASSPAGGAVLQAFF_TRBJ1-1
CASSPAQGDEQYF	TRBV4-2	TRBJ2-7	VYAWNRKRI	1	TRBV4-2_CASSPAQGDEQYF_TRBJ2-7
CASSQDRSGGATDTQYF	TRBV4-3	TRBJ2-3	VYFLQSINF	1	TRBV4-3_CASSQDRSGGATDTQYF_TRBJ2-3
CASSVAGGLYEQFF	TRBV9	TRBJ2-1	VYIGDPAQL	1	TRBV9_CASSVAGGLYEQFF_TRBJ2-1
CASSADAGTSSEQFF	TRBV9	TRBJ2-1	YYTSNPTTF	1	TRBV9_CASSADAGTSSEQFF_TRBJ2-1
CASAGTANSPLHF	TRBV30	TRBJ1-6	KPRQKRTAT	1	TRBV30_CASAGTANSPLHF_TRBJ1-6
CASSTGSNTGELFF	TRBV12-4	TRBJ2-2	RIRGGDGKM	1	TRBV12-4_CASSTGSNTGELFF_TRBJ2-2
CASSSMTSGIRYEQYF	TRBV6-2	TRBJ2-7	SPRWYFYYL	1	TRBV6-2_CASSSMTSGIRYEQYF_TRBJ2-7
CASSLAGAQQAFF	TRBV5-1	TRBJ1-1	SPRWYFYYL	1	TRBV5-1_CASSLAGAQQAFF_TRBJ1-1
CASSLIAGGPEAKNIQYF	TRBV27	TRBJ2-4	SPRWYFYYL	1	TRBV27_CASSLIAGGPEAKNIQYF_TRBJ2-4
CATSDLVEDTQYF	TRBV24-1	TRBJ2-3	SPRWYFYYL	1	TRBV24-1_CATSDLVEDTQYF_TRBJ2-3
CASSPLTGQGLGGAYEQYF	TRBV28	TRBJ2-7	SPRWYFYYL	1	TRBV28_CASSPLTGQGLGGAYEQYF_TRBJ2-7
CASSYLPTGGTDTQYF	TRBV2	TRBJ2-3	SPRWYFYYL	1	TRBV2_CASSYLPTGGTDTQYF_TRBJ2-3
CASSLNPNTEAFF	TRBV7-2	TRBJ1-1	SPRWYFYYL	1	TRBV7-2_CASSLNPNTEAFF_TRBJ1-1
CASSLSGSYEQYF	TRBV5-1	TRBJ2-7	SPRWYFYYL	1	TRBV5-1_CASSLSGSYEQYF_TRBJ2-7
CASSDLNTGELFF	TRBV2	TRBJ2-2	YLQPRTFLL	3	TRBV2_CASSDLNTGELFF_TRBJ2-2
CALGEQNTGELFF	TRBV12-3	TRBJ2-2	YLQPRTFLL	1	TRBV12-3_CALGEQNTGELFF_TRBJ2-2
CASPNQNTGELFF	TRBV2	TRBJ2-2	YLQPRTFLL	1	TRBV2_CASPNQNTGELFF_TRBJ2-2
CASSEIDTGELFF	TRBV2	TRBJ2-2	YLQPRTFLL	1	TRBV2_CASSEIDTGELFF_TRBJ2-2
CSARGKREHNTGELFF	TRBV20-1	TRBJ2-2	YLQPRTFLL	1	TRBV20-1_CSARGKREHNTGELFF_TRBJ2-2
CASSPTGGGNTGELFF	TRBV28	TRBJ2-2	YLQPRTFLL	1	TRBV28_CASSPTGGGNTGELFF_TRBJ2-2
CSARGLAEANTGELFF	TRBV20-1	TRBJ2-2	YLQPRTFLL	1	TRBV20-1_CSARGLAEANTGELFF_TRBJ2-2
CATQDANTGELFF	TRBV4-2	TRBJ2-2	YLQPRTFLL	1	TRBV4-2_CATQDANTGELFF_TRBJ2-2
CASSPDRNTGELFF	TRBV5-4	TRBJ2-2	YLQPRTFLL	1	TRBV5-4_CASSPDRNTGELFF_TRBJ2-2
CARGLANTGELFF	TRBV7-9	TRBJ2-2	YLQPRTFLL	1	TRBV7-9_CARGLANTGELFF_TRBJ2-2
CASSFDIAEFF	TRBV7-9	TRBJ2-1	YLQPRTFLL	1	TRBV7-9_CASSFDIAEFF_TRBJ2-1
CAGGEPNTGELFF	TRBV7-9	TRBJ2-2	YLQPRTFLL	1	TRBV7-9_CAGGEPNTGELFF_TRBJ2-2
CASSEENTGELFF	TRBV9	TRBJ2-2	YLQPRTFLL	1	TRBV9_CASSEENTGELFF_TRBJ2-2
CSAGDLNTGELFF	TRBV20-1	TRBJ2-2	YLQPRTFLL	1	TRBV20-1_CSAGDLNTGELFF_TRBJ2-2
CSARDPSGVKLFF	TRBV20-1	TRBJ1-4	YLQPRTFLL	1	TRBV20-1_CSARDPSGVKLFF_TRBJ1-4
CASSYPTGEGQETQYF	TRBV6-5	TRBJ2-5	YLQPRTFLL	1	TRBV6-5_CASSYPTGEGQETQYF_TRBJ2-5
CASQTLNTGELFF	TRBV19	TRBJ2-2	YLQPRTFLL	1	TRBV19_CASQTLNTGELFF_TRBJ2-2
CASTRDLNTGELFF	TRBV2	TRBJ2-2	YLQPRTFLL	1	TRBV2_CASTRDLNTGELFF_TRBJ2-2
CASSLETAGEQYF	TRBV28	TRBJ2-7	YLQPRTFLL	1	TRBV28_CASSLETAGEQYF_TRBJ2-7
CATTSLNTGELFF	TRBV6-5	TRBJ2-2	YLQPRTFLL	1	TRBV6-5_CATTSLNTGELFF_TRBJ2-2
CASENRNTGELFF	TRBV6-6	TRBJ2-2	YLQPRTFLL	1	TRBV6-6_CASENRNTGELFF_TRBJ2-2
CASGQLNTGELFF	TRBV7-8	TRBJ2-2	YLQPRTFLL	1	TRBV7-8_CASGQLNTGELFF_TRBJ2-2
CASSAGVSGEQYF	TRBV7-8	TRBJ2-7	YLQPRTFLL	1	TRBV7-8_CASSAGVSGEQYF_TRBJ2-7
CASSFARAQADTQYF	TRBV12-3	TRBJ2-3	YLQPRTFLL	1	TRBV12-3_CASSFARAQADTQYF_TRBJ2-3
CASRDGRESYEQYF	TRBV18	TRBJ2-7	YLQPRTFLL	1	TRBV18_CASRDGRESYEQYF_TRBJ2-7
CAGQVTNTGELFF	TRBV19	TRBJ2-2	YLQPRTFLL	1	TRBV19_CAGQVTNTGELFF_TRBJ2-2
CASQDTNTGELFF	TRBV2	TRBJ2-2	YLQPRTFLL	1	TRBV2_CASQDTNTGELFF_TRBJ2-2
CASSDRGRSYEQYF	TRBV27	TRBJ2-7	YLQPRTFLL	1	TRBV27_CASSDRGRSYEQYF_TRBJ2-7
CASNNANTGELFF	TRBV7-9	TRBJ2-2	YLQPRTFLL	1	TRBV7-9_CASNNANTGELFF_TRBJ2-2
CASSLDIEQYF	TRBV7-9	TRBJ2-3	YLQPRTFLL	1	TRBV7-9_CASSLDIEQYF_TRBJ2-3
CASSVEPGWDEQYF	TRBV9	TRBJ2-7	YLQPRTFLL	1	TRBV9_CASSVEPGWDEQYF_TRBJ2-7
CASINLNTGELFF	TRBV12-3	TRBJ2-2	YLQPRTFLL	2	TRBV12-3_CASINLNTGELFF_TRBJ2-2
CALGDLNTGELFF	TRBV12-3	TRBJ2-2	YLQPRTFLL	1	TRBV12-3_CALGDLNTGELFF_TRBJ2-2
CASGKQNTGELFF	TRBV12-3	TRBJ2-2	YLQPRTFLL	1	TRBV12-3_CASGKQNTGELFF_TRBJ2-2
CAAGQGNTGELFF	TRBV12-3	TRBJ2-2	YLQPRTFLL	1	TRBV12-3_CAAGQGNTGELFF_TRBJ2-2
CASTLAGTGEEKLFF	TRBV12-3	TRBJ1-4	YLQPRTFLL	1	TRBV12-3_CASTLAGTGEEKLFF_TRBJ1-4
CASSFPGGGNTGELFF	TRBV13	TRBJ2-2	YLQPRTFLL	1	TRBV13_CASSFPGGGNTGELFF_TRBJ2-2
CASGQLNTGELFF	TRBV2	TRBJ2-2	YLQPRTFLL	1	TRBV2_CASGQLNTGELFF_TRBJ2-2
CASNDLNTGELFF	TRBV2	TRBJ2-2	YLQPRTFLL	1	TRBV2_CASNDLNTGELFF_TRBJ2-2
CAVEGNLNTGELFF	TRBV2	TRBJ2-2	YLQPRTFLL	1	TRBV2_CAVEGNLNTGELFF_TRBJ2-2
CSARDPRAQNTGELFF	TRBV20-1	TRBJ2-2	YLQPRTFLL	1	TRBV20-1_CSARDPRAQNTGELFF_TRBJ2-2
CSARGGQGLNTGELFF	TRBV20-1	TRBJ2-2	YLQPRTFLL	1	TRBV20-1_CSARGGQGLNTGELFF_TRBJ2-2
CSAPSYGELFF	TRBV20-1	TRBJ2-2	YLQPRTFLL	1	TRBV20-1_CSAPSYGELFF_TRBJ2-2
CSVEADRNTGELFF	TRBV29-1	TRBJ2-2	YLQPRTFLL	1	TRBV29-1_CSVEADRNTGELFF_TRBJ2-2
CSVDRGSPSYEQYF	TRBV29-1	TRBJ2-7	YLQPRTFLL	1	TRBV29-1_CSVDRGSPSYEQYF_TRBJ2-7
CASSQTESTDTQYF	TRBV4-2	TRBJ2-3	YLQPRTFLL	1	TRBV4-2_CASSQTESTDTQYF_TRBJ2-3
CAIIDRNTGELFF	TRBV5-8	TRBJ2-2	YLQPRTFLL	1	TRBV5-8_CAIIDRNTGELFF_TRBJ2-2
CASSTPLENEQFF	TRBV7-3	TRBJ2-1	YLQPRTFLL	1	TRBV7-3_CASSTPLENEQFF_TRBJ2-1
CASSPDIVAFF	TRBV7-9	TRBJ1-1	YLQPRTFLL	1	TRBV7-9_CASSPDIVAFF_TRBJ1-1
CARGDANTGELFF	TRBV12-3	TRBJ2-2	YLQPRTFLL	1	TRBV12-3_CARGDANTGELFF_TRBJ2-2
CASRQLAGFYEQYF	TRBV6-6	TRBJ2-7	SPRWYFYYL	1	TRBV6-6_CASRQLAGFYEQYF_TRBJ2-7
CASSVEGTVNSPLHF	TRBV9	TRBJ1-6	SPRWYFYYL	1	TRBV9_CASSVEGTVNSPLHF_TRBJ1-6
CASSLGRAVIWGYTF	TRBV5-6	TRBJ1-2	SPRWYFYYL	1	TRBV5-6_CASSLGRAVIWGYTF_TRBJ1-2
CASSSLTSGAHNEQFF	TRBV27	TRBJ2-1	SPRWYFYYL	1	TRBV27_CASSSLTSGAHNEQFF_TRBJ2-1
CASSVSGGAYNEQFF	TRBV9	TRBJ2-1	SPRWYFYYL	1	TRBV9_CASSVSGGAYNEQFF_TRBJ2-1
CASSQDGPRGQETQYF	TRBV4-1	TRBJ2-5	SPRWYFYYL	1	TRBV4-1_CASSQDGPRGQETQYF_TRBJ2-5
CASSGLTDANTEAFF	TRBV25-1	TRBJ1-1	SPRWYFYYL	1	TRBV25-1_CASSGLTDANTEAFF_TRBJ1-1
CASSISGGYNEQFF	TRBV19	TRBJ2-1	SPRWYFYYL	1	TRBV19_CASSISGGYNEQFF_TRBJ2-1
CASSTIAGETKNIQYF	TRBV27	TRBJ2-4	SPRWYFYYL	1	TRBV27_CASSTIAGETKNIQYF_TRBJ2-4
CASRLANTEAFF	TRBV2	TRBJ1-1	SPRWYFYYL	1	TRBV2_CASRLANTEAFF_TRBJ1-1
CASSPMGHEQYF	TRBV14	TRBJ2-7	SPRWYFYYL	1	TRBV14_CASSPMGHEQYF_TRBJ2-7
CSARGGFRSGGGTDEQFF	TRBV20-1	TRBJ2-1	SPRWYFYYL	1	TRBV20-1_CSARGGFRSGGGTDEQFF_TRBJ2-1
CASSEEIAKNIQYF	TRBV2	TRBJ2-4	SPRWYFYYL	1	TRBV2_CASSEEIAKNIQYF_TRBJ2-4
CSARAGIREGFYNEQFF	TRBV20-1	TRBJ2-1	SPRWYFYYL	1	TRBV20-1_CSARAGIREGFYNEQFF_TRBJ2-1
CSATDRANVNQPQHF	TRBV20-1	TRBJ1-5	SPRWYFYYL	1	TRBV20-1_CSATDRANVNQPQHF_TRBJ1-5
CASSFLTSANTGELFF	TRBV28	TRBJ2-2	SPRWYFYYL	1	TRBV28_CASSFLTSANTGELFF_TRBJ2-2
CATSDLTGANEQFF	TRBV24-1	TRBJ2-1	SPRWYFYYL	1	TRBV24-1_CATSDLTGANEQFF_TRBJ2-1
CASSQDLASSTDTQYF	TRBV3-1	TRBJ2-3	SPRWYFYYL	1	TRBV3-1_CASSQDLASSTDTQYF_TRBJ2-3
CASSPPTGNEQFF	TRBV5-4	TRBJ2-1	SPRWYFYYL	1	TRBV5-4_CASSPPTGNEQFF_TRBJ2-1
CASSPIAGGPISKNIQYF	TRBV27	TRBJ2-4	SPRWYFYYL	1	TRBV27_CASSPIAGGPISKNIQYF_TRBJ2-4
CASSPDRALPEAFF	TRBV6-1	TRBJ1-1	SPRWYFYYL	1	TRBV6-1_CASSPDRALPEAFF_TRBJ1-1
CSVDALLGAYTQYF	TRBV29-1	TRBJ2-3	SPRWYFYYL	1	TRBV29-1_CSVDALLGAYTQYF_TRBJ2-3
CSATDRAASYNSPLHF	TRBV20-1	TRBJ1-6	SPRWYFYYL	1	TRBV20-1_CSATDRAASYNSPLHF_TRBJ1-6
CASSTLGTADKLNYGYTF	TRBV19	TRBJ1-2	SPRWYFYYL	1	TRBV19_CASSTLGTADKLNYGYTF_TRBJ1-2
CASSSLTGQSQETQYF	TRBV28	TRBJ2-5	SPRWYFYYL	1	TRBV28_CASSSLTGQSQETQYF_TRBJ2-5
CSARDRTDSYNSPLHF	TRBV20-1	TRBJ1-6	SPRWYFYYL	1	TRBV20-1_CSARDRTDSYNSPLHF_TRBJ1-6
CASSGLTSAKNEQFF	TRBV25-1	TRBJ2-1	SPRWYFYYL	1	TRBV25-1_CASSGLTSAKNEQFF_TRBJ2-1
CATSDLVSDTQYF	TRBV24-1	TRBJ2-3	SPRWYFYYL	1	TRBV24-1_CATSDLVSDTQYF_TRBJ2-3
CASWTGAAEAFF	TRBV27	TRBJ1-1	SPRWYFYYL	1	TRBV27_CASWTGAAEAFF_TRBJ1-1
CASSQTYPGAYNEQFF	TRBV4-2	TRBJ2-1	SPRWYFYYL	1	TRBV4-2_CASSQTYPGAYNEQFF_TRBJ2-1
CATSDPTDRVDGYTF	TRBV24-1	TRBJ1-2	SPRWYFYYL	1	TRBV24-1_CATSDPTDRVDGYTF_TRBJ1-2
CASSLATGSGNQPQHF	TRBV7-2	TRBJ1-5	SPRWYFYYL	1	TRBV7-2_CASSLATGSGNQPQHF_TRBJ1-5
CATSGTGTSGRNEQFF	TRBV15	TRBJ2-1	SPRWYFYYL	1	TRBV15_CATSGTGTSGRNEQFF_TRBJ2-1
CASTPLGTSSFLNTEAFF	TRBV28	TRBJ1-1	SPRWYFYYL	1	TRBV28_CASTPLGTSSFLNTEAFF_TRBJ1-1
CASRALTGHPDAKNIQYF	TRBV27	TRBJ2-4	SPRWYFYYL	1	TRBV27_CASRALTGHPDAKNIQYF_TRBJ2-4
CASSPGTSGRPYEQYF	TRBV7-9	TRBJ2-7	SPRWYFYYL	1	TRBV7-9_CASSPGTSGRPYEQYF_TRBJ2-7
CASRGGGQGGSYGYTF	TRBV27	TRBJ1-2	SPRWYFYYL	1	TRBV27_CASRGGGQGGSYGYTF_TRBJ1-2
CSVVPLMGGYEQYF	TRBV29-1	TRBJ2-7	SPRWYFYYL	1	TRBV29-1_CSVVPLMGGYEQYF_TRBJ2-7
CASSSKPGGDYNEQFF	TRBV9	TRBJ2-1	SPRWYFYYL	1	TRBV9_CASSSKPGGDYNEQFF_TRBJ2-1
CASNPLAGEFTAKNIQYF	TRBV27	TRBJ2-4	SPRWYFYYL	1	TRBV27_CASNPLAGEFTAKNIQYF_TRBJ2-4
CSVQGRGELFF	TRBV29-1	TRBJ2-2	SPRWYFYYL	1	TRBV29-1_CSVQGRGELFF_TRBJ2-2
CASSDIFLAKNIQYF	TRBV6-1	TRBJ2-4	SPRWYFYYL	1	TRBV6-1_CASSDIFLAKNIQYF_TRBJ2-4
CASSDRTGRRNEQYF	TRBV6-1	TRBJ2-7	SPRWYFYYL	1	TRBV6-1_CASSDRTGRRNEQYF_TRBJ2-7
CASSQSGTGPYEQYF	TRBV4-2	TRBJ2-7	SPRWYFYYL	1	TRBV4-2_CASSQSGTGPYEQYF_TRBJ2-7
CASSPSSREQYF	TRBV7-2	TRBJ2-7	SPRWYFYYL	1	TRBV7-2_CASSPSSREQYF_TRBJ2-7
CASSGLNDRFYEQYF	TRBV2	TRBJ2-7	SPRWYFYYL	1	TRBV2_CASSGLNDRFYEQYF_TRBJ2-7
CASSLFRGGEKLFF	TRBV11-2	TRBJ1-4	SPRWYFYYL	1	TRBV11-2_CASSLFRGGEKLFF_TRBJ1-4
CASRGQRNTIYF	TRBV6-5	TRBJ1-3	SPRWYFYYL	1	TRBV6-5_CASRGQRNTIYF_TRBJ1-3
CASSRLAGGRNEQFF	TRBV5-4	TRBJ2-1	SPRWYFYYL	1	TRBV5-4_CASSRLAGGRNEQFF_TRBJ2-1
CASSSFPGREMTF	TRBV11-3	TRBJ1-2	SPRWYFYYL	1	TRBV11-3_CASSSFPGREMTF_TRBJ1-2
CASAALAAYNEQFF	TRBV6-2	TRBJ2-1	SPRWYFYYL	1	TRBV6-2_CASAALAAYNEQFF_TRBJ2-1
CSARRGLNEQFF	TRBV20-1	TRBJ2-1	SPRWYFYYL	1	TRBV20-1_CSARRGLNEQFF_TRBJ2-1
CARRQGNEKLFF	TRBV2	TRBJ1-4	SPRWYFYYL	1	TRBV2_CARRQGNEKLFF_TRBJ1-4
CASSARDF	TRBV9	TRBJ2-1	SPRWYFYYL	1	TRBV9_CASSARDF_TRBJ2-1
CASGSGGEHF	TRBV9	TRBJ2-7	SPRWYFYYL	1	TRBV9_CASGSGGEHF_TRBJ2-7
CASSLGTGAQETQYF	TRBV7-3	TRBJ2-5	SPRWYFYYL	1	TRBV7-3_CASSLGTGAQETQYF_TRBJ2-5
CASSQVRGPQFF	TRBV4-1	TRBJ2-1	SPRWYFYYL	1	TRBV4-1_CASSQVRGPQFF_TRBJ2-1
CASRTPGTSGGSYEQYF	TRBV2	TRBJ2-7	SPRWYFYYL	1	TRBV2_CASRTPGTSGGSYEQYF_TRBJ2-7
CATSRRTVLRETQYF	TRBV15	TRBJ2-5	SPRWYFYYL	1	TRBV15_CATSRRTVLRETQYF_TRBJ2-5
CASSRLAGGNTGELFF	TRBV14	TRBJ2-2	SPRWYFYYL	1	TRBV14_CASSRLAGGNTGELFF_TRBJ2-2
CASQPLAGGPNEQFF	TRBV3-1	TRBJ2-1	SPRWYFYYL	1	TRBV3-1_CASQPLAGGPNEQFF_TRBJ2-1
CASSGLAGGYNEQFF	TRBV14	TRBJ2-1	SPRWYFYYL	1	TRBV14_CASSGLAGGYNEQFF_TRBJ2-1
CASSELDGRL	TRBV2	TRBJ2-1	SPRWYFYYL	1	TRBV2_CASSELDGRL_TRBJ2-1
CASSPGDTQYF	TRBV25-1	TRBJ2-3	SPRWYFYYL	1	TRBV25-1_CASSPGDTQYF_TRBJ2-3
CASSHNGELFF	TRBV4-1	TRBJ2-2	SPRWYFYYL	1	TRBV4-1_CASSHNGELFF_TRBJ2-2
CASSLNRELFF	TRBV2	TRBJ2-2	SPRWYFYYL	1	TRBV2_CASSLNRELFF_TRBJ2-2
CASSLLLRDGGRGAFF	TRBV5-6	TRBJ1-1	SPRWYFYYL	1	TRBV5-6_CASSLLLRDGGRGAFF_TRBJ1-1
CSVSGQKEETQYF	TRBV29-1	TRBJ2-5	SPRWYFYYL	1	TRBV29-1_CSVSGQKEETQYF_TRBJ2-5
CSVVGTGGPETQYF	TRBV29-1	TRBJ2-5	SPRWYFYYL	1	TRBV29-1_CSVVGTGGPETQYF_TRBJ2-5
CASSSGGYEQYF	TRBV7-2	TRBJ2-7	SPRWYFYYL	1	TRBV7-2_CASSSGGYEQYF_TRBJ2-7
CASSPLSGTSATKETQYF	TRBV27	TRBJ2-5	SPRWYFYYL	1	TRBV27_CASSPLSGTSATKETQYF_TRBJ2-5
CSVVPLAGPYEQYF	TRBV29-1	TRBJ2-7	SPRWYFYYL	1	TRBV29-1_CSVVPLAGPYEQYF_TRBJ2-7
CASSRRWGSSYEQYF	TRBV7-6	TRBJ2-7	SPRWYFYYL	1	TRBV7-6_CASSRRWGSSYEQYF_TRBJ2-7
CASSPTDNF	TRBV9	TRBJ2-3	SPRWYFYYL	2	TRBV9_CASSPTDNF_TRBJ2-3
CASSESQGYEQYF	TRBV2	TRBJ2-7	NYNYLYRLF	1	TRBV2_CASSESQGYEQYF_TRBJ2-7
CASSEGQGYEQFF	TRBV2	TRBJ2-1	NYNYLYRLF	1	TRBV2_CASSEGQGYEQFF_TRBJ2-1
CASSLASGYEQYF	TRBV7-2	TRBJ2-7	NYNYLYRLF	1	TRBV7-2_CASSLASGYEQYF_TRBJ2-7
CAWSVTGVTEAFF	TRBV30	TRBJ1-1	NYNYLYRLF	1	TRBV30_CAWSVTGVTEAFF_TRBJ1-1
CASASGQGYEQYF	TRBV2	TRBJ2-7	NYNYLYRLF	1	TRBV2_CASASGQGYEQYF_TRBJ2-7
CASSQSGGGEQFF	TRBV5-6	TRBJ2-1	QYIKWPWYI	1	TRBV5-6_CASSQSGGGEQFF_TRBJ2-1
CASCPSWGSGANVLTF	TRBV3-1	TRBJ2-6	QYIKWPWYI	1	TRBV3-1_CASCPSWGSGANVLTF_TRBJ2-6
CASSLVGEGRGREQYF	TRBV7-9	TRBJ2-7	QYIKWPWYI	1	TRBV7-9_CASSLVGEGRGREQYF_TRBJ2-7
CSARDQDRAYEQYF	TRBV20-1	TRBJ2-7	QYIKWPWYI	1	TRBV20-1_CSARDQDRAYEQYF_TRBJ2-7
CASSLSTTTASYEQYF	TRBV27	TRBJ2-7	QYIKWPWYI	1	TRBV27_CASSLSTTTASYEQYF_TRBJ2-7
CASTPWGAEAFF	TRBV28	TRBJ1-1	QYIKWPWYI	1	TRBV28_CASTPWGAEAFF_TRBJ1-1
CSVDPGQFYNEQFF	TRBV29-1	TRBJ2-1	QYIKWPWYI	1	TRBV29-1_CSVDPGQFYNEQFF_TRBJ2-1
CASSLGETIYGYTF	TRBV7-9	TRBJ1-2	QYIKWPWYI	1	TRBV7-9_CASSLGETIYGYTF_TRBJ1-2
CAGKSTGELFF	TRBV2	TRBJ2-2	QYIKWPWYI	1	TRBV2_CAGKSTGELFF_TRBJ2-2
CASSWNGLAGDEQFF	TRBV6-2	TRBJ2-1	QYIKWPWYI	1	TRBV6-2_CASSWNGLAGDEQFF_TRBJ2-1
CASSALVAFSTDTQYF	TRBV6-4	TRBJ2-3	QYIKWPWYI	1	TRBV6-4_CASSALVAFSTDTQYF_TRBJ2-3
CASSSLAGEVNEQFF	TRBV7-2	TRBJ2-1	QYIKWPWYI	1	TRBV7-2_CASSSLAGEVNEQFF_TRBJ2-1
CASSSYTQRGLDYTGELFF	TRBV27	TRBJ2-2	QYIKWPWYI	1	TRBV27_CASSSYTQRGLDYTGELFF_TRBJ2-2
CASSQDYWGGGADTQYF	TRBV4-1	TRBJ2-3	QYIKWPWYI	1	TRBV4-1_CASSQDYWGGGADTQYF_TRBJ2-3
CASLAGQGYNEQF	TRBV4	TRBJ2-1	SAYGEPRKL	1	TRBV4_CASLAGQGYNEQF_TRBJ2-1
CASLGAQNNEQF	TRBV12	TRBJ2-1	AARAVFLAL	1	TRBV12_CASLGAQNNEQF_TRBJ2-1
CASSYSTGDEQYF	TRBV6	TRBJ2-7	AARAVFLAL	2	TRBV6_CASSYSTGDEQYF_TRBJ2-7
CASSQGTSQFNEQF	TRBV7	TRBJ2-1	EAAGIGILTV	1	TRBV7_CASSQGTSQFNEQF_TRBJ2-1
CASSSGQGLNIQYF	TRBV4	TRBJ2-4	EAAGIGILTV	1	TRBV4_CASSSGQGLNIQYF_TRBJ2-4
CASSRTSATGELF	TRBV28	TRBJ2-2	AVFDRKSDAK	1	TRBV28_CASSRTSATGELF_TRBJ2-2
CASSVTSATGELF	TRBV28	TRBJ2-2	AVFDRKSDAK	1	TRBV28_CASSVTSATGELF_TRBJ2-2
CAMREDRDNYGKNFVF	TRBV9	TRBJ2-3	GLCTLVAML	1	TRBV9_CAMREDRDNYGKNFVF_TRBJ2-3
CSAQGVGGQTYNEQF	TRBV20-1	TRBJ2-1	GLCTLVAML	1	TRBV20-1_CSAQGVGGQTYNEQF_TRBJ2-1
CSARAGVGNTIYF	TRBV20-1	TRBJ1-3	GLCTLVAML	1	TRBV20-1_CSARAGVGNTIYF_TRBJ1-3
CSARDRIGNGYTF	TRBV20-1	TRBJ1-2	GLCTLVAML	1	TRBV20-1_CSARDRIGNGYTF_TRBJ1-2
CSARLGVGNTIYF	TRBV20-1	TRBJ1-3	GLCTLVAML	1	TRBV20-1_CSARLGVGNTIYF_TRBJ1-3
CSARVRSDRDVGNTIYF	TRBV20-1	TRBJ1-3	GLCTLVAML	1	TRBV20-1_CSARVRSDRDVGNTIYF_TRBJ1-3
CSASIFRDLTHNEQF	TRBV20-1	TRBJ2-1	GLCTLVAML	1	TRBV20-1_CSASIFRDLTHNEQF_TRBJ2-1
CSVGTGGTNEKLF	TRBV29-1	TRBJ1-4	GLCTLVAML	2	TRBV29-1_CSVGTGGTNEKLF_TRBJ1-4
CSVRGQGDEQF	TRBV29-1	TRBJ2-1	GLCTLVAML	1	TRBV29-1_CSVRGQGDEQF_TRBJ2-1
CACSLRSQGTDTQYF	TRBV20	TRBJ2-3	NLVPMVATV	1	TRBV20_CACSLRSQGTDTQYF_TRBJ2-3
CASSAWDRSSGANVLTF	TRBV14	TRBJ2-6	NLVPMVATV	1	TRBV14_CASSAWDRSSGANVLTF_TRBJ2-6
CASSELGGAGTGELF	TRBV1	TRBJ2-2	NLVPMVATV	1	TRBV1_CASSELGGAGTGELF_TRBJ2-2
CASSETGATNYGYTGF	TRBV13	TRBJ1-2	NLVPMVATV	1	TRBV13_CASSETGATNYGYTGF_TRBJ1-2
CASSFLQVTEAF	TRBV3	TRBJ1-1	NLVPMVATV	1	TRBV3_CASSFLQVTEAF_TRBJ1-1
CASSFQGYTEAF	TRBV3	TRBJ1-1	NLVPMVATV	1	TRBV3_CASSFQGYTEAF_TRBJ1-1
CASSFQTGASYGYTF	TRBV13	TRBJ1-2	NLVPMVATV	1	TRBV13_CASSFQTGASYGYTF_TRBJ1-2
CASSLAPGATNEKLF	TRBV6-3	TRBJ1-4	NLVPMVATV	1	TRBV6-3_CASSLAPGATNEKLF_TRBJ1-4
CASSLEGYTEAF	TRBV14	TRBJ1-1	NLVPMVATV	2	TRBV14_CASSLEGYTEAF_TRBJ1-1
CASSLFVGGPGNEQF	TRBV14	TRBJ2-1	NLVPMVATV	1	TRBV14_CASSLFVGGPGNEQF_TRBJ2-1
CASSLQTGATFNYGYTF	TRBV13	TRBJ1-2	NLVPMVATV	1	TRBV13_CASSLQTGATFNYGYTF_TRBJ1-2
CASSPKLQGAWAEKLF	TRBV7	TRBJ1-4	NLVPMVATV	1	TRBV7_CASSPKLQGAWAEKLF_TRBJ1-4
CASSPPAGSYNEQF	TRBV23	TRBJ2-1	NLVPMVATV	1	TRBV23_CASSPPAGSYNEQF_TRBJ2-1
CASSPQTGTIYGYTGF	TRBV13	TRBJ1-2	NLVPMVATV	1	TRBV13_CASSPQTGTIYGYTGF_TRBJ1-2
CASSPVAGGAYNEQF	TRBV13	TRBJ2-1	NLVPMVATV	1	TRBV13_CASSPVAGGAYNEQF_TRBJ2-1
CASSPVTGGIYGYTGF	TRBV13	TRBJ1-2	NLVPMVATV	1	TRBV13_CASSPVTGGIYGYTGF_TRBJ1-2
CASSPWTGTLNTEAF	TRBV6-2	TRBJ1-1	NLVPMVATV	1	TRBV6-2_CASSPWTGTLNTEAF_TRBJ1-1
CASSQDPFAVLNTEAF	TRBV7	TRBJ1-1	NLVPMVATV	1	TRBV7_CASSQDPFAVLNTEAF_TRBJ1-1
CASSSAFYGYTF	TRBV8	TRBJ2-1	NLVPMVATV	1	TRBV8_CASSSAFYGYTF_TRBJ2-1
CASSSAHYGYTF	TRBV8	TRBJ1-2	NLVPMVATV	1	TRBV8_CASSSAHYGYTF_TRBJ1-2
CASSSANYGYTF	TRBV8	TRBJ1-2	NLVPMVATV	3	TRBV8_CASSSANYGYTF_TRBJ1-2
CASSVGLPYEQYF	TRBV8	TRBJ2-7	NLVPMVATV	1	TRBV8_CASSVGLPYEQYF_TRBJ2-7
CASSYQTGAGGYGYTGF	TRBV13	TRBJ2-1	NLVPMVATV	1	TRBV13_CASSYQTGAGGYGYTGF_TRBJ2-1
CASSYSTGAGETQYF	TRBV13	TRBJ2-5	NLVPMVATV	1	TRBV13_CASSYSTGAGETQYF_TRBJ2-5
CASSYVTGTGSYGYTGF	TRBV13	TRBJ2-3	NLVPMVATV	1	TRBV13_CASSYVTGTGSYGYTGF_TRBJ2-3
CASTGTSGALYNEQF	TRBV14	TRBJ2-3	NLVPMVATV	1	TRBV14_CASTGTSGALYNEQF_TRBJ2-3
CATSDLKVHSGNYGYTF	TRBV15	TRBJ2-1	NLVPMVATV	1	TRBV15_CATSDLKVHSGNYGYTF_TRBJ2-1
CAWSSRDSMTDTQYF	TRBV20	TRBJ2-3	NLVPMVATV	1	TRBV20_CAWSSRDSMTDTQYF_TRBJ2-3
CAWSSRGQMTDTQYF	TRBV20	TRBJ2-3	NLVPMVATV	1	TRBV20_CAWSSRGQMTDTQYF_TRBJ2-3
CAWSVSDLAKNIQYF	TRBV20	TRBJ1-3	NLVPMVATV	1	TRBV20_CAWSVSDLAKNIQYF_TRBJ1-3
CSAFSGAAFVTDTQYF	TRBV2	TRBJ2-3	NLVPMVATV	1	TRBV2_CSAFSGAAFVTDTQYF_TRBJ2-3
CASRYRDDSYNEQF	TRBV7-9	TRBJ2-1	EENLLDFVRF	1	TRBV7-9_CASRYRDDSYNEQF_TRBJ2-1
CASSLGQAYEQYF	TRBV7-8	TRBJ2-7	EENLLDFVRF	12	TRBV7-8_CASSLGQAYEQYF_TRBJ2-7
CASSGGSYGYTF	TRBV19	TRBJ1-2	KAFSPEVIPMF	1	TRBV19_CASSGGSYGYTF_TRBJ1-2
CASSGQGGYT	TRBV19	TRBJ1-2	KAFSPEVIPMF	1	TRBV19_CASSGQGGYT_TRBJ1-2
CASSGQNYGYTF	TRBV19	TRBJ1-2	KAFSPEVIPMF	2	TRBV19_CASSGQNYGYTF_TRBJ1-2
CASSGQSYGYA	TRBV19	TRBJ1-2	KAFSPEVIPMF	1	TRBV19_CASSGQSYGYA_TRBJ1-2
CASSLGASISYEQYF	TRBV7-8	TRBJ2-7	KAFSPEVIPMF	1	TRBV7-8_CASSLGASISYEQYF_TRBJ2-7
CASSLTAPDTDAF	TRBV5-4	TRBJ1-1	KAFSPEVIPMF	1	TRBV5-4_CASSLTAPDTDAF_TRBJ1-1
CASTGGQYGYTF	TRBV19	TRBJ1-2	KAFSPEVIPMF	1	TRBV19_CASTGGQYGYTF_TRBJ1-2
CASTGTAYGYTF	TRBV19	TRBJ1-2	KAFSPEVIPMF	1	TRBV19_CASTGTAYGYTF_TRBJ1-2
CATTGSYGYTF	TRBV30	TRBJ1-2	KAFSPEVIPMF	1	TRBV30_CATTGSYGYTF_TRBJ1-2
CATTGTYGYTF	TRBV19	TRBJ1-2	KAFSPEVIPMF	1	TRBV19_CATTGTYGYTF_TRBJ1-2
CASKGTVTGELF	TRBV19	TRBJ2-2	RYPLTFGWCF	1	TRBV19_CASKGTVTGELF_TRBJ2-2
CASLPSVGKGAYEQYF	TRBV28	TRBJ2-7	RYPLTFGWCF	1	TRBV28_CASLPSVGKGAYEQYF_TRBJ2-7
CASSAPRETQYF	TRBV25-1	TRBJ2-5	RYPLTFGWCF	1	TRBV25-1_CASSAPRETQYF_TRBJ2-5
CASSDFSKGTDTQYF	TRBV6-1	TRBJ2-3	RYPLTFGWCF	1	TRBV6-1_CASSDFSKGTDTQYF_TRBJ2-3
CASSDTSGANTGELF	TRBV7-9	TRBJ2-2	RYPLTFGW	1	TRBV7-9_CASSDTSGANTGELF_TRBJ2-2
CASSEGFGQGGIEQF	TRBV6-1	TRBJ2-1	RYPLTFGWCF	1	TRBV6-1_CASSEGFGQGGIEQF_TRBJ2-1
CASSETGGTYEQYF	TRBV6-1	TRBJ5-6	RYPLTFGWCF	1	TRBV6-1_CASSETGGTYEQYF_TRBJ5-6
CASSIDPPGLADNEQF	TRBV19	TRBJ2-1	RYPLTFGWCF	1	TRBV19_CASSIDPPGLADNEQF_TRBJ2-1
CASSIRDRVPETQYF	TRBV7-9	TRBJ2-5	RYPLTFGW	1	TRBV7-9_CASSIRDRVPETQYF_TRBJ2-5
CASSISAGEGVPEQYF	TRBV19	TRBJ2-7	RYPLTFGWCF	1	TRBV19_CASSISAGEGVPEQYF_TRBJ2-7
CASSLAVRGLSGDPF	TRBV11-3	TRBJ2-2	RYPLTFGW	1	TRBV11-3_CASSLAVRGLSGDPF_TRBJ2-2
CASSLESLGLASVDEQF	TRBV28	TRBJ2-1	RYPLTFGWCF	1	TRBV28_CASSLESLGLASVDEQF_TRBJ2-1
CASSLGRDRPTPYEQYF	TRBV11-2	TRBJ2-7	RYPLTFGWCF	1	TRBV11-2_CASSLGRDRPTPYEQYF_TRBJ2-7
CASSLMGLAGVPGELF	TRBV28	TRBJ2-2	RYPLTFGWCF	1	TRBV28_CASSLMGLAGVPGELF_TRBJ2-2
CASSLRPGRANTGELF	TRBV28	TRBJ2-2	RYPLTFGWCF	1	TRBV28_CASSLRPGRANTGELF_TRBJ2-2
CASSLTSGANTGELF	TRBV7-9	TRBJ2-2	RYPLTFGW	1	TRBV7-9_CASSLTSGANTGELF_TRBJ2-2
CASSLVSGRGNEQF	TRBV7-9	TRBJ2-1	RYPLTFGWCF	1	TRBV7-9_CASSLVSGRGNEQF_TRBJ2-1
CASSPGSGELGAGELF	TRBV7-9	TRBJ2-2	RYPLTFGWCF	1	TRBV7-9_CASSPGSGELGAGELF_TRBJ2-2
CASSPRDKPNYGYTF	TRBV7-9	TRBJ1-2	RYPLTFGW	1	TRBV7-9_CASSPRDKPNYGYTF_TRBJ1-2
CASSPSTGKGNQPQHF	TRBV28	TRBJ1-5	RYPLTFGWCF	1	TRBV28_CASSPSTGKGNQPQHF_TRBJ1-5
CASSPVAGVYEQYF	TRBV4-1	TRBJ2-7	RYPLTFGWCF	1	TRBV4-1_CASSPVAGVYEQYF_TRBJ2-7
CASSQRDRGTDTEAF	TRBV4-1	TRBJ1-1	RYPLTFGWCF	1	TRBV4-1_CASSQRDRGTDTEAF_TRBJ1-1
CASSQRDSQETQYF	TRBV7-9	TRBJ2-5	RYPLTFGWCF	1	TRBV7-9_CASSQRDSQETQYF_TRBJ2-5
CASSQSPGQGVGEQF	TRBV4-1	TRBJ2-1	RYPLTFGWCF	1	TRBV4-1_CASSQSPGQGVGEQF_TRBJ2-1
CASSQSRQGAQPQHF	TRBV23-1	TRBJ1-5	RYPLTFGWCF	1	TRBV23-1_CASSQSRQGAQPQHF_TRBJ1-5
CASSSLGQGAPEAF	TRBV3-1	TRBJ1-1	RYPLTFGWCF	1	TRBV3-1_CASSSLGQGAPEAF_TRBJ1-1
CASSSPGQGYGYTF	TRBV28	TRBJ1-2	RYPLTFGWCF	1	TRBV28_CASSSPGQGYGYTF_TRBJ1-2
CASSTALRTGNYGYTF	TRBV19	TRBJ1-2	RYPLTFGWCF	1	TRBV19_CASSTALRTGNYGYTF_TRBJ1-2
CASSYDRGYEQYF	TRBV11-2	TRBJ2-7	RYPLTFGWCF	1	TRBV11-2_CASSYDRGYEQYF_TRBJ2-7
CASSYDRSYEQYF	TRBV11-2	TRBJ2-7	RYPLTFGWCF	1	TRBV11-2_CASSYDRSYEQYF_TRBJ2-7
CASSYSHRLGLHEQYF	TRBV6-2	TRBJ2-7	RYPLTFGWCF	1	TRBV6-2_CASSYSHRLGLHEQYF_TRBJ2-7
CASSYSIGTGVNNYGYTF	TRBV6-6	TRBJ1-2	RYPLTFGWCF	1	TRBV6-6_CASSYSIGTGVNNYGYTF_TRBJ1-2
CASTSFGQGTNEQF	TRBV28	TRBJ2-1	RYPLTFGWCF	1	TRBV28_CASTSFGQGTNEQF_TRBJ2-1
CSARDPIRLISYEQYF	TRBV20-1	TRBJ2-7	RYPLTFGW	1	TRBV20-1_CSARDPIRLISYEQYF_TRBJ2-7
CSARDPVSTYEQYF	TRBV20-1	TRBJ2-7	RYPLTFGW	1	TRBV20-1_CSARDPVSTYEQYF_TRBJ2-7
CALSDLGGSGNTGKLIF	TRBV12-3	TRBJ1-1	LLWNGPMAV	1	TRBV12-3_CALSDLGGSGNTGKLIF_TRBJ1-1
CASGTEIFYYEQYF	TRBV12-3	TRBJ2-7	LLWNGPMAV	1	TRBV12-3_CASGTEIFYYEQYF_TRBJ2-7
CASGTWGARQPQHF	TRBV12-3	TRBJ1-5	LLWNGPMAV	1	TRBV12-3_CASGTWGARQPQHF_TRBJ1-5
CASNGGLAYEQYF	TRBV6-2	TRBJ2-7	LLWNGPMAV	1	TRBV6-2_CASNGGLAYEQYF_TRBJ2-7
CASSAAGNQPQHF	TRBV6-2	TRBJ1-5	LLWNGPMAV	1	TRBV6-2_CASSAAGNQPQHF_TRBJ1-5
CASSAGTVSYEQYF	TRBV6-1	TRBJ2-7	LLWNGPMAV	1	TRBV6-1_CASSAGTVSYEQYF_TRBJ2-7
CASSAGTVSYEQYF	TRBV6-2	TRBJ2-7	LLWNGPMAV	1	TRBV6-2_CASSAGTVSYEQYF_TRBJ2-7
CASSAGTVSYEQYF	TRBV6-3	TRBJ2-7	LLWNGPMAV	1	TRBV6-3_CASSAGTVSYEQYF_TRBJ2-7
CASSATGTGGYEQYF	TRBV6-5	TRBJ2-7	LLWNGPMAV	1	TRBV6-5_CASSATGTGGYEQYF_TRBJ2-7
CASSDTDRGIYGYTF	TRBV6-2	TRBJ1-2	LLWNGPMAV	1	TRBV6-2_CASSDTDRGIYGYTF_TRBJ1-2
CASSFPNQPQHF	TRBV12-3	TRBJ1-5	LLWNGPMAV	1	TRBV12-3_CASSFPNQPQHF_TRBJ1-5
CASSGGTSGAYEQYF	TRBV6-4	TRBJ2-7	LLWNGPMAV	1	TRBV6-4_CASSGGTSGAYEQYF_TRBJ2-7
CASSGQGAYEQYF	TRBV6-3	TRBJ2-7	LLWNGPMAV	1	TRBV6-3_CASSGQGAYEQYF_TRBJ2-7
CASSGQGAYEQYF	TRBV6-2	TRBJ2-7	LLWNGPMAV	1	TRBV6-2_CASSGQGAYEQYF_TRBJ2-7
CASSGQGAYGYTF	TRBV6-1	TRBJ1-2	LLWNGPMAV	1	TRBV6-1_CASSGQGAYGYTF_TRBJ1-2
CASSGQGGYEQYF	TRBV6-3	TRBJ2-7	LLWNGPMAV	1	TRBV6-3_CASSGQGGYEQYF_TRBJ2-7
CASSGQGGYEQYF	TRBV6-2	TRBJ2-7	LLWNGPMAV	1	TRBV6-2_CASSGQGGYEQYF_TRBJ2-7
CASSGQGGYEQYF	TRBV6-4	TRBJ2-7	LLWNGPMAV	1	TRBV6-4_CASSGQGGYEQYF_TRBJ2-7
CASSGQGGYEQYF	TRBV6-1	TRBJ2-7	LLWNGPMAV	1	TRBV6-1_CASSGQGGYEQYF_TRBJ2-7
CASSHGQGAYEQYF	TRBV7-2	TRBJ2-7	LLWNGPMAV	1	TRBV7-2_CASSHGQGAYEQYF_TRBJ2-7
CASSKQGESNSPLHF	TRBV6-5	TRBJ1-6	LLWNGPMAV	1	TRBV6-5_CASSKQGESNSPLHF_TRBJ1-6
CASSKQGESNSPLHF	TRBV6-1	TRBJ1-6	LLWNGPMAV	1	TRBV6-1_CASSKQGESNSPLHF_TRBJ1-6
CASSLEGQGAPGQPQHF	TRBV6-4	TRBJ1-2	LLWNGPMAV	1	TRBV6-4_CASSLEGQGAPGQPQHF_TRBJ1-2
CASSLEGQGAPGQPQHF	TRBV12-4	TRBJ1-2	LLWNGPMAV	1	TRBV12-4_CASSLEGQGAPGQPQHF_TRBJ1-2
CASSLEGQGAPGQPQHF	TRBV12-3	TRBJ1-2	LLWNGPMAV	1	TRBV12-3_CASSLEGQGAPGQPQHF_TRBJ1-2
CASSLEGQGAPGQPQHF	TRBV6-1	TRBJ1-2	LLWNGPMAV	1	TRBV6-1_CASSLEGQGAPGQPQHF_TRBJ1-2
CASSLGGASYEQYF	TRBV12-3	TRBJ2-7	LLWNGPMAV	1	TRBV12-3_CASSLGGASYEQYF_TRBJ2-7
CASSPAGAYGYTF	TRBV6-1	TRBJ1-2	LLWNGPMAV	1	TRBV6-1_CASSPAGAYGYTF_TRBJ1-2
CASSPGGVSYGYTF	TRBV6-5	TRBJ1-2	LLWNGPMAV	1	TRBV6-5_CASSPGGVSYGYTF_TRBJ1-2
CASSPGQGPYEQYF	TRBV6-6	TRBJ1-2	LLWNGPMAV	1	TRBV6-6_CASSPGQGPYEQYF_TRBJ1-2
CASSPGQGPYEQYF	TRBV6-5	TRBJ1-2	LLWNGPMAV	1	TRBV6-5_CASSPGQGPYEQYF_TRBJ1-2
CASSPGQGPYEQYF	TRBV6-2	TRBJ1-2	LLWNGPMAV	1	TRBV6-2_CASSPGQGPYEQYF_TRBJ1-2
CASSPGTGGYTEAFF	TRBV4-2	TRBJ1-1	LLWNGPMAV	1	TRBV4-2_CASSPGTGGYTEAFF_TRBJ1-1
CASSPGTGGYTEAFF	TRBV5-6	TRBJ1-1	LLWNGPMAV	1	TRBV5-6_CASSPGTGGYTEAFF_TRBJ1-1
CASSPQGFSYEQYF	TRBV12-3	TRBJ2-7	LLWNGPMAV	1	TRBV12-3_CASSPQGFSYEQYF_TRBJ2-7
CASSPRQGNDEQYF	TRBV12-3	TRBJ2-7	LLWNGPMAV	1	TRBV12-3_CASSPRQGNDEQYF_TRBJ2-7
CASSPSGGAYGYTF	TRBV6-3	TRBJ1-2	LLWNGPMAV	1	TRBV6-3_CASSPSGGAYGYTF_TRBJ1-2
CASSPSGGAYGYTF	TRBV6-5	TRBJ1-2	LLWNGPMAV	1	TRBV6-5_CASSPSGGAYGYTF_TRBJ1-2
CASSQAGAYEQYF	TRBV6-2	TRBJ2-7	LLWNGPMAV	1	TRBV6-2_CASSQAGAYEQYF_TRBJ2-7
CASSRQGGYGYTF	TRBV15	TRBJ1-2	LLWNGPMAV	1	TRBV15_CASSRQGGYGYTF_TRBJ1-2
CASSSAGAAYEQYF	TRBV6-2	TRBJ2-7	LLWNGPMAV	1	TRBV6-2_CASSSAGAAYEQYF_TRBJ2-7
CASSSGSPGSYGYTF	TRBV6-1	TRBJ1-2	LLWNGPMAV	1	TRBV6-1_CASSSGSPGSYGYTF_TRBJ1-2
CASSSQGLSTEAFF	TRBV12-3	TRBJ1-1	LLWNGPMAV	1	TRBV12-3_CASSSQGLSTEAFF_TRBJ1-1
CASSSSGTAYGYTF	TRBV6-2	TRBJ1-2	LLWNGPMAV	1	TRBV6-2_CASSSSGTAYGYTF_TRBJ1-2
CASSTGATGSNNEQFF	TRBV6-1	TRBJ2-1	LLWNGPMAV	1	TRBV6-1_CASSTGATGSNNEQFF_TRBJ2-1
CASSTGTAAYEQYF	TRBV6-2	TRBJ2-7	LLWNGPMAV	1	TRBV6-2_CASSTGTAAYEQYF_TRBJ2-7
CASSVAPGRDGYTF	TRBV12-3	TRBJ1-2	LLWNGPMAV	1	TRBV12-3_CASSVAPGRDGYTF_TRBJ1-2
CASSYPNQPQHF	TRBV6-2	TRBJ1-5	LLWNGPMAV	1	TRBV6-2_CASSYPNQPQHF_TRBJ1-5
CASSYSGGGNQPQHF	TRBV12-3	TRBJ1-5	LLWNGPMAV	1	TRBV12-3_CASSYSGGGNQPQHF_TRBJ1-5
CASSYTGTGSQPQHF	TRBV6-2	TRBJ1-5	LLWNGPMAV	1	TRBV6-2_CASSYTGTGSQPQHF_TRBJ1-5
CASTDGGDSYTQYF	TRBV6-2	TRBJ2-3	LLWNGPMAV	1	TRBV6-2_CASTDGGDSYTQYF_TRBJ2-3
CASTPGQALNEQYF	TRBV6-6	TRBJ2-7	LLWNGPMAV	1	TRBV6-6_CASTPGQALNEQYF_TRBJ2-7
CASTPGQALNEQYF	TRBV12-4	TRBJ2-7	LLWNGPMAV	1	TRBV12-4_CASTPGQALNEQYF_TRBJ2-7
CASTPGQALNEQYF	TRBV6-5	TRBJ2-7	LLWNGPMAV	1	TRBV6-5_CASTPGQALNEQYF_TRBJ2-7
CASTPGQALNEQYF	TRBV6-3	TRBJ2-7	LLWNGPMAV	1	TRBV6-3_CASTPGQALNEQYF_TRBJ2-7
CASTPGQALNEQYF	TRBV12-3	TRBJ2-7	LLWNGPMAV	1	TRBV12-3_CASTPGQALNEQYF_TRBJ2-7
CASTPGQALNEQYF	TRBV6-2	TRBJ2-7	LLWNGPMAV	1	TRBV6-2_CASTPGQALNEQYF_TRBJ2-7
CASTPGQALNEQYF	TRBV6-1	TRBJ2-7	LLWNGPMAV	1	TRBV6-1_CASTPGQALNEQYF_TRBJ2-7
CASTPSPSRPPLF	TRBV12-3	TRBJ2-1	LLWNGPMAV	1	TRBV12-3_CASTPSPSRPPLF_TRBJ2-1
CASTRQGAYEQYF	TRBV6-2	TRBJ2-7	LLWNGPMAV	2	TRBV6-2_CASTRQGAYEQYF_TRBJ2-7
CASTRQGAYEQYF	TRBV6-3	TRBJ2-7	LLWNGPMAV	1	TRBV6-3_CASTRQGAYEQYF_TRBJ2-7
CATSSASSYEQYF	TRBV12-3	TRBJ1-1	LLWNGPMAV	1	TRBV12-3_CATSSASSYEQYF_TRBJ1-1
CAVGAGATYEQYF	TRBV6-1	TRBJ2-7	LLWNGPMAV	1	TRBV6-1_CAVGAGATYEQYF_TRBJ2-7
CAVGAGATYEQYF	TRBV10-3	TRBJ2-7	LLWNGPMAV	1	TRBV10-3_CAVGAGATYEQYF_TRBJ2-7
CAVGAGATYEQYF	TRBV6-5	TRBJ2-7	LLWNGPMAV	1	TRBV6-5_CAVGAGATYEQYF_TRBJ2-7
CAVGAGATYEQYF	TRBV6-6	TRBJ2-7	LLWNGPMAV	1	TRBV6-6_CAVGAGATYEQYF_TRBJ2-7
CAVGAGATYEQYF	TRBV6-4	TRBJ2-7	LLWNGPMAV	1	TRBV6-4_CAVGAGATYEQYF_TRBJ2-7
CAWGYQITGSAYGYTF	TRBV30	TRBJ1-2	LLWNGPMAV	1	TRBV30_CAWGYQITGSAYGYTF_TRBJ1-2
CSASDNMVGAYEQYF	TRBV20-1	TRBJ2-7	LLWNGPMAV	1	TRBV20-1_CSASDNMVGAYEQYF_TRBJ2-7
CAPLKGSSYEQYF	TRBV1-1	TRBJ2-7	GILGFVFTL	1	TRBV1-1_CAPLKGSSYEQYF_TRBJ2-7
CASASANYGYTF	TRBV1-1	TRBJ1-2	NLVPMVATV	2	TRBV1-1_CASASANYGYTF_TRBJ1-2
CASGAGGPLNEQFF	TRBV1-1	TRBJ2-1	GILGFVFTL	2	TRBV1-1_CASGAGGPLNEQFF_TRBJ2-1
CASGEGGELFF	TRBV1-1	TRBJ2-2	NLVPMVATV	1	TRBV1-1_CASGEGGELFF_TRBJ2-2
CASGGLVHEQFF	TRBV1-1	TRBJ2-1	GILGFVFTL	1	TRBV1-1_CASGGLVHEQFF_TRBJ2-1
CASGGSSYQETQYF	TRBV1-1	TRBJ2-5	GLCTLVAML	1	TRBV1-1_CASGGSSYQETQYF_TRBJ2-5
CASGPGTSATDTQYF	TRBV6-1	TRBJ2-3	NLVPMVATV	2	TRBV6-1_CASGPGTSATDTQYF_TRBJ2-3
CASGPLLLMTNEQFF	TRBV1-1	TRBJ2-1	NLVPMVATV	1	TRBV1-1_CASGPLLLMTNEQFF_TRBJ2-1
CASIIRSSYEQYF	TRBV1-1	TRBJ2-7	GILGFVFTL	1	TRBV1-1_CASIIRSSYEQYF_TRBJ2-7
CASRGSLNQPQHF	TRBV2-1	TRBJ1-5	GILGFVFTL	1	TRBV2-1_CASRGSLNQPQHF_TRBJ1-5
CASRIDSNQPQHF	TRBV1-1	TRBJ1-5	GILGFVFTL	1	TRBV1-1_CASRIDSNQPQHF_TRBJ1-5
CASRLAGSHEQYF	TRBV1-1	TRBJ2-7	GILGFVFTL	1	TRBV1-1_CASRLAGSHEQYF_TRBJ2-7
CASRPPPAGQKETQYF	TRBV2-1	TRBJ2-5	GILGFVFTL	1	TRBV2-1_CASRPPPAGQKETQYF_TRBJ2-5
CASRSGREAFF	TRBV1-1	TRBJ1-1	GILGFVFTL	1	TRBV1-1_CASRSGREAFF_TRBJ1-1
CASSAGQVSPGELFF	TRBV2-1	TRBJ2-2	GLCTLVAML	1	TRBV2-1_CASSAGQVSPGELFF_TRBJ2-2
CASSAGSGSGYNEQFF	TRBV9-1	TRBJ2-1	NLVPMVATV	1	TRBV9-1_CASSAGSGSGYNEQFF_TRBJ2-1
CASSAQTGASYGYTF	TRBV6-1	TRBJ1-2	NLVPMVATV	1	TRBV6-1_CASSAQTGASYGYTF_TRBJ1-2
CASSDAGGGMAEAFF	TRBV2-1	TRBJ1-1	GILGFVFTL	1	TRBV2-1_CASSDAGGGMAEAFF_TRBJ1-1
CASSDDRVRYGYTF	TRBV1-1	TRBJ1-2	NLVPMVATV	1	TRBV1-1_CASSDDRVRYGYTF_TRBJ1-2
CASSDRAGNEQFF	TRBV1-1	TRBJ2-1	GILGFVFTL	1	TRBV1-1_CASSDRAGNEQFF_TRBJ2-1
CASSDRSGNEQFF	TRBV1-1	TRBJ2-1	GILGFVFTL	1	TRBV1-1_CASSDRSGNEQFF_TRBJ2-1
CASSFAHLSYNEQFF	TRBV1-1	TRBJ2-1	NLVPMVATV	1	TRBV1-1_CASSFAHLSYNEQFF_TRBJ2-1
CASSFGTFETQYF	TRBV2-1	TRBJ2-5	GLCTLVAML	1	TRBV2-1_CASSFGTFETQYF_TRBJ2-5
CASSFIGGVDGYTF	TRBV1-1	TRBJ1-2	NLVPMVATV	1	TRBV1-1_CASSFIGGVDGYTF_TRBJ1-2
CASSFPKDGSTYEQYF	TRBV7-1	TRBJ2-7	NLVPMVATV	1	TRBV7-1_CASSFPKDGSTYEQYF_TRBJ2-7
CASSFRSSYEQYF	TRBV1-1	TRBJ2-7	GILGFVFTL	1	TRBV1-1_CASSFRSSYEQYF_TRBJ2-7
CASSFSSGTTDTQYF	TRBV1-1	TRBJ2-3	GLCTLVAML	1	TRBV1-1_CASSFSSGTTDTQYF_TRBJ2-3
CASSFYSNQPQHF	TRBV1-1	TRBJ1-5	GILGFVFTL	1	TRBV1-1_CASSFYSNQPQHF_TRBJ1-5
CASSGGRNQPQHF	TRBV5-1	TRBJ1-5	GILGFVFTL	1	TRBV5-1_CASSGGRNQPQHF_TRBJ1-5
CASSGQGGTEAFF	TRBV9-1	TRBJ1-1	GILGFVFTL	1	TRBV9-1_CASSGQGGTEAFF_TRBJ1-1
CASSGRSADTQYF	TRBV1-1	TRBJ2-3	GILGFVFTL	1	TRBV1-1_CASSGRSADTQYF_TRBJ2-3
CASSGRSAGELFF	TRBV1-1	TRBJ2-2	GILGFVFTL	1	TRBV1-1_CASSGRSAGELFF_TRBJ2-2
CASSGRSTDTQYF	TRBV1-1	TRBJ2-3	GILGFVFTL	4	TRBV1-1_CASSGRSTDTQYF_TRBJ2-3
CASSGRWTAYNEQFF	TRBV2-1	TRBJ2-1	NLVPMVATV	1	TRBV2-1_CASSGRWTAYNEQFF_TRBJ2-1
CASSIFGGAEAFF	TRBV1-1	TRBJ1-1	GILGFVFTL	1	TRBV1-1_CASSIFGGAEAFF_TRBJ1-1
CASSIGTFETQYF	TRBV2-1	TRBJ2-5	GLCTLVAML	1	TRBV2-1_CASSIGTFETQYF_TRBJ2-5
CASSIGVYGYTF	TRBV1-1	TRBJ1-2	GILGFVFTL	1	TRBV1-1_CASSIGVYGYTF_TRBJ1-2
CASSILTGPRTEAFF	TRBV1-1	TRBJ1-1	GILGFVFTL	1	TRBV1-1_CASSILTGPRTEAFF_TRBJ1-1
CASSIQALLTF	TRBV1-1	TRBJ1-2	NLVPMVATV	1	TRBV1-1_CASSIQALLTF_TRBJ1-2
CASSIRASYEQYF	TRBV1-1	TRBJ2-7	GILGFVFTL	6	TRBV1-1_CASSIRASYEQYF_TRBJ2-7
CASSIRATGELFF	TRBV1-1	TRBJ2-2	GILGFVFTL	1	TRBV1-1_CASSIRATGELFF_TRBJ2-2
CASSIRGSGEQYF	TRBV1-1	TRBJ2-7	GILGFVFTL	1	TRBV1-1_CASSIRGSGEQYF_TRBJ2-7
CASSIRSAGRAFF	TRBV1-1	TRBJ1-1	GILGFVFTL	1	TRBV1-1_CASSIRSAGRAFF_TRBJ1-1
CASSIRSAHEQYF	TRBV1-1	TRBJ2-7	GILGFVFTL	1	TRBV1-1_CASSIRSAHEQYF_TRBJ2-7
CASSIRSAYEQYF	TRBV1-1	TRBJ2-7	GILGFVFTL	8	TRBV1-1_CASSIRSAYEQYF_TRBJ2-7
CASSIRSDYEQYF	TRBV1-1	TRBJ2-7	GILGFVFTL	1	TRBV1-1_CASSIRSDYEQYF_TRBJ2-7
CASSIRSGWEQYF	TRBV1-1	TRBJ2-7	GILGFVFTL	1	TRBV1-1_CASSIRSGWEQYF_TRBJ2-7
CASSIRSGYEQYF	TRBV1-1	TRBJ2-7	GILGFVFTL	2	TRBV1-1_CASSIRSGYEQYF_TRBJ2-7
CASSIRSQVEQFF	TRBV1-1	TRBJ2-1	GILGFVFTL	1	TRBV1-1_CASSIRSQVEQFF_TRBJ2-1
CASSIRSSETQYF	TRBV1-1	TRBJ2-5	GILGFVFTL	1	TRBV1-1_CASSIRSSETQYF_TRBJ2-5
CASSIRSSGPQFF	TRBV1-1	TRBJ2-1	GILGFVFTL	1	TRBV1-1_CASSIRSSGPQFF_TRBJ2-1
CASSIRSSVEQFF	TRBV1-1	TRBJ2-1	GILGFVFTL	1	TRBV1-1_CASSIRSSVEQFF_TRBJ2-1
CASSIRSSYEQFF	TRBV1-1	TRBJ2-1	GILGFVFTL	1	TRBV1-1_CASSIRSSYEQFF_TRBJ2-1
CASSIRSSYEQYF	TRBV1-1	TRBJ2-7	GILGFVFTL	20	TRBV1-1_CASSIRSSYEQYF_TRBJ2-7
CASSIRSTDTQYF	TRBV1-1	TRBJ2-3	GILGFVFTL	1	TRBV1-1_CASSIRSTDTQYF_TRBJ2-3
CASSISGDYGYTF	TRBV7-1	TRBJ1-2	GLCTLVAML	1	TRBV7-1_CASSISGDYGYTF_TRBJ1-2
CASSISSGSYNEQFF	TRBV1-1	TRBJ2-1	GILGFVFTL	1	TRBV1-1_CASSISSGSYNEQFF_TRBJ2-1
CASSIVNEAFF	TRBV1-1	TRBJ1-1	NLVPMVATV	1	TRBV1-1_CASSIVNEAFF_TRBJ1-1
CASSKGEVTEAFF	TRBV6-1	TRBJ1-1	NLVPMVATV	1	TRBV6-1_CASSKGEVTEAFF_TRBJ1-1
CASSKQTGTGNYGYTF	TRBV6-1	TRBJ1-2	GILGFVFTL	1	TRBV6-1_CASSKQTGTGNYGYTF_TRBJ1-2
CASSKRSTGELFF	TRBV1-1	TRBJ2-2	GILGFVFTL	1	TRBV1-1_CASSKRSTGELFF_TRBJ2-2
CASSLEGYTEAFF	TRBV2-1	TRBJ1-1	NLVPMVATV	1	TRBV2-1_CASSLEGYTEAFF_TRBJ1-1
CASSLERNTYEQYF	TRBV2-1	TRBJ2-7	GILGFVFTL	1	TRBV2-1_CASSLERNTYEQYF_TRBJ2-7
CASSLFPGFGEQYF	TRBV2-1	TRBJ2-7	GILGFVFTL	1	TRBV2-1_CASSLFPGFGEQYF_TRBJ2-7
CASSLGDRPSTDTQYF	TRBV1-1	TRBJ2-3	GILGFVFTL	1	TRBV1-1_CASSLGDRPSTDTQYF_TRBJ2-3
CASSLGTSYEQYF	TRBV7-1	TRBJ2-7	GILGFVFTL	1	TRBV7-1_CASSLGTSYEQYF_TRBJ2-7
CASSLIFPSGEQYF	TRBV2-1	TRBJ2-7	GILGFVFTL	1	TRBV2-1_CASSLIFPSGEQYF_TRBJ2-7
CASSLLGGAGTDTQYF	TRBV1-1	TRBJ2-3	GILGFVFTL	1	TRBV1-1_CASSLLGGAGTDTQYF_TRBJ2-3
CASSLLGRAGTDTQYF	TRBV1-1	TRBJ2-3	GILGFVFTL	1	TRBV1-1_CASSLLGRAGTDTQYF_TRBJ2-3
CASSLLVSGVSSTDTQYF	TRBV2-1	TRBJ2-3	GILGFVFTL	1	TRBV2-1_CASSLLVSGVSSTDTQYF_TRBJ2-3
CASSLPPGRGYTEAFF	TRBV1-1	TRBJ1-1	NLVPMVATV	1	TRBV1-1_CASSLPPGRGYTEAFF_TRBJ1-1
CASSLRSSYEQYF	TRBV1-1	TRBJ2-7	GILGFVFTL	2	TRBV1-1_CASSLRSSYEQYF_TRBJ2-7
CASSLRSTDTQYF	TRBV1-1	TRBJ2-3	GILGFVFTL	1	TRBV1-1_CASSLRSTDTQYF_TRBJ2-3
CASSLRVSYNEQFF	TRBV1-1	TRBJ2-1	GILGFVFTL	1	TRBV1-1_CASSLRVSYNEQFF_TRBJ2-1
CASSLSRRGPNYGYTF	TRBV2-1	TRBJ1-2	GILGFVFTL	1	TRBV2-1_CASSLSRRGPNYGYTF_TRBJ1-2
CASSLTLVFEAFF	TRBV7-1	TRBJ1-1	GILGFVFTL	1	TRBV7-1_CASSLTLVFEAFF_TRBJ1-1
CASSLWTGSHEQYF	TRBV5-1	TRBJ2-7	GLCTLVAML	1	TRBV5-1_CASSLWTGSHEQYF_TRBJ2-7
CASSMRAGYEQYF	TRBV1-1	TRBJ2-7	GILGFVFTL	1	TRBV1-1_CASSMRAGYEQYF_TRBJ2-7
CASSMRSDEKLFF	TRBV1-1	TRBJ1-4	GILGFVFTL	1	TRBV1-1_CASSMRSDEKLFF_TRBJ1-4
CASSMRSGETQYF	TRBV1-1	TRBJ2-5	GILGFVFTL	1	TRBV1-1_CASSMRSGETQYF_TRBJ2-5
CASSMRSTDTQYF	TRBV1-1	TRBJ2-3	GILGFVFTL	1	TRBV1-1_CASSMRSTDTQYF_TRBJ2-3
CASSMTSGALYNEQFF	TRBV2-1	TRBJ2-1	NLVPMVATV	1	TRBV2-1_CASSMTSGALYNEQFF_TRBJ2-1
CASSPDREGGDRGYNEQFF	TRBV1-1	TRBJ2-1	GLCTLVAML	1	TRBV1-1_CASSPDREGGDRGYNEQFF_TRBJ2-1
CASSPGLASPYSYNEQFF	TRBV6-1	TRBJ2-1	NLVPMVATV	1	TRBV6-1_CASSPGLASPYSYNEQFF_TRBJ2-1
CASSPGSTAPGELFF	TRBV2-1	TRBJ2-2	GLCTLVAML	1	TRBV2-1_CASSPGSTAPGELFF_TRBJ2-2
CASSPIAGSSYEQYF	TRBV1-1	TRBJ2-7	GILGFVFTL	1	TRBV1-1_CASSPIAGSSYEQYF_TRBJ2-7
CASSPLSLGSPYNEQFF	TRBV5-1	TRBJ2-1	GILGFVFTL	1	TRBV5-1_CASSPLSLGSPYNEQFF_TRBJ2-1
CASSPPPGAVETQYF	TRBV1-1	TRBJ2-5	GILGFVFTL	1	TRBV1-1_CASSPPPGAVETQYF_TRBJ2-5
CASSPRGGMTQHF	TRBV1-1	TRBJ1-5	GILGFVFTL	1	TRBV1-1_CASSPRGGMTQHF_TRBJ1-5
CASSPRSGNEQFF	TRBV1-1	TRBJ2-1	GILGFVFTL	1	TRBV1-1_CASSPRSGNEQFF_TRBJ2-1
CASSPRSTDTQYF	TRBV1-1	TRBJ2-3	GILGFVFTL	1	TRBV1-1_CASSPRSTDTQYF_TRBJ2-3
CASSPSTGVTFYGYTF	TRBV6-1	TRBJ1-2	NLVPMVATV	2	TRBV6-1_CASSPSTGVTFYGYTF_TRBJ1-2
CASSPTRPVEQYF	TRBV2-1	TRBJ2-7	GILGFVFTL	1	TRBV2-1_CASSPTRPVEQYF_TRBJ2-7
CASSPVSGSSYEQYF	TRBV1-1	TRBJ2-7	GLCTLVAML	1	TRBV1-1_CASSPVSGSSYEQYF_TRBJ2-7
CASSQAGLAAYNEQFF	TRBV4-1	TRBJ2-1	GLCTLVAML	1	TRBV4-1_CASSQAGLAAYNEQFF_TRBJ2-1
CASSQAPGGEQYF	TRBV1-1	TRBJ2-7	GLCTLVAML	1	TRBV1-1_CASSQAPGGEQYF_TRBJ2-7
CASSQCPGGEQYF	TRBV1-1	TRBJ2-7	GLCTLVAML	1	TRBV1-1_CASSQCPGGEQYF_TRBJ2-7
CASSQDLAGEGTDTQYF	TRBV1-1	TRBJ2-3	GILGFVFTL	1	TRBV1-1_CASSQDLAGEGTDTQYF_TRBJ2-3
CASSQDLTSEAFF	TRBV4-1	TRBJ1-1	GILGFVFTL	1	TRBV4-1_CASSQDLTSEAFF_TRBJ1-1
CASSQDWGAGTQYF	TRBV1-1	TRBJ2-5	GILGFVFTL	1	TRBV1-1_CASSQDWGAGTQYF_TRBJ2-5
CASSQGAFGYTF	TRBV1-1	TRBJ1-2	GILGFVFTL	1	TRBV1-1_CASSQGAFGYTF_TRBJ1-2
CASSQMTGLNTEAFF	TRBV2-1	TRBJ1-1	GILGFVFTL	1	TRBV2-1_CASSQMTGLNTEAFF_TRBJ1-1
CASSQRPGGQQFF	TRBV1-1	TRBJ2-1	GLCTLVAML	1	TRBV1-1_CASSQRPGGQQFF_TRBJ2-1
CASSQSPGGEQYF	TRBV1-1	TRBJ2-7	GLCTLVAML	2	TRBV1-1_CASSQSPGGEQYF_TRBJ2-7
CASSQSPGGQQFF	TRBV1-1	TRBJ2-1	GLCTLVAML	1	TRBV1-1_CASSQSPGGQQFF_TRBJ2-1
CASSQSPGGTQYF	TRBV1-1	TRBJ2-3	GLCTLVAML	2	TRBV1-1_CASSQSPGGTQYF_TRBJ2-3
CASSQTYEQYF	TRBV1-1	TRBJ2-7	GILGFVFTL	1	TRBV1-1_CASSQTYEQYF_TRBJ2-7
CASSRGQLYEQYF	TRBV7-1	TRBJ2-7	GILGFVFTL	1	TRBV7-1_CASSRGQLYEQYF_TRBJ2-7
CASSRRSTDTQYF	TRBV1-1	TRBJ2-3	GILGFVFTL	1	TRBV1-1_CASSRRSTDTQYF_TRBJ2-3
CASSRVGTTYEQYF	TRBV1-1	TRBJ2-7	GILGFVFTL	1	TRBV1-1_CASSRVGTTYEQYF_TRBJ2-7
CASSSANYGYTF	TRBV1-1	TRBJ1-2	GILGFVFTL	1	TRBV1-1_CASSSANYGYTF_TRBJ1-2
CASSSAYYGYTF	TRBV1-1	TRBJ1-2	NLVPMVATV	1	TRBV1-1_CASSSAYYGYTF_TRBJ1-2
CASSSDPSGGGYNEQFF	TRBV2-1	TRBJ2-1	NLVPMVATV	1	TRBV2-1_CASSSDPSGGGYNEQFF_TRBJ2-1
CASSSGAGLDEQFF	TRBV2-1	TRBJ2-1	GLCTLVAML	1	TRBV2-1_CASSSGAGLDEQFF_TRBJ2-1
CASSSPTSGDYEQYF	TRBV2-1	TRBJ2-7	GILGFVFTL	1	TRBV2-1_CASSSPTSGDYEQYF_TRBJ2-7
CASSSQSNQPQHF	TRBV2-1	TRBJ1-5	GILGFVFTL	1	TRBV2-1_CASSSQSNQPQHF_TRBJ1-5
CASSSRASYEQYF	TRBV1-1	TRBJ2-7	GILGFVFTL	1	TRBV1-1_CASSSRASYEQYF_TRBJ2-7
CASSSRATGELFF	TRBV1-1	TRBJ2-2	GILGFVFTL	1	TRBV1-1_CASSSRATGELFF_TRBJ2-2
CASSSRQGAANEKLFF	TRBV1-1	TRBJ1-4	GILGFVFTL	1	TRBV1-1_CASSSRQGAANEKLFF_TRBJ1-4
CASSSRSAGELFF	TRBV1-1	TRBJ2-2	GILGFVFTL	1	TRBV1-1_CASSSRSAGELFF_TRBJ2-2
CASSSRSAYEQYF	TRBV1-1	TRBJ2-7	GILGFVFTL	1	TRBV1-1_CASSSRSAYEQYF_TRBJ2-7
CASSSRSRQYRGSSYEQYF	TRBV5-1	TRBJ2-7	GILGFVFTL	1	TRBV5-1_CASSSRSRQYRGSSYEQYF_TRBJ2-7
CASSSRSSYEQYF	TRBV1-1	TRBJ2-7	GILGFVFTL	2	TRBV1-1_CASSSRSSYEQYF_TRBJ2-7
CASSSRSTDTQYF	TRBV1-1	TRBJ2-3	GILGFVFTL	1	TRBV1-1_CASSSRSTDTQYF_TRBJ2-3
CASSSSGRDYEQYF	TRBV2-1	TRBJ2-7	NLVPMVATV	1	TRBV2-1_CASSSSGRDYEQYF_TRBJ2-7
CASSSVSGYTF	TRBV1-1	TRBJ1-2	NLVPMVATV	1	TRBV1-1_CASSSVSGYTF_TRBJ1-2
CASSTIEGQGGRHTQYF	TRBV9-1	TRBJ2-3	GILGFVFTL	1	TRBV9-1_CASSTIEGQGGRHTQYF_TRBJ2-3
CASSTKDGGTGELFF	TRBV1-1	TRBJ2-2	GILGFVFTL	1	TRBV1-1_CASSTKDGGTGELFF_TRBJ2-2
CASSTKEGGTGELFF	TRBV1-1	TRBJ2-2	GILGFVFTL	1	TRBV1-1_CASSTKEGGTGELFF_TRBJ2-2
CASSTKVGGTGELFF	TRBV1-1	TRBJ2-2	GILGFVFTL	1	TRBV1-1_CASSTKVGGTGELFF_TRBJ2-2
CASSTRAAYEQYF	TRBV1-1	TRBJ2-7	GILGFVFTL	1	TRBV1-1_CASSTRAAYEQYF_TRBJ2-7
CASSTRSAYEQYF	TRBV1-1	TRBJ2-7	GILGFVFTL	1	TRBV1-1_CASSTRSAYEQYF_TRBJ2-7
CASSTRSSYEQYF	TRBV1-1	TRBJ2-7	GILGFVFTL	2	TRBV1-1_CASSTRSSYEQYF_TRBJ2-7
CASSTRSTDTQYF	TRBV1-1	TRBJ2-3	GILGFVFTL	1	TRBV1-1_CASSTRSTDTQYF_TRBJ2-3
CASSTRTGQETQYF	TRBV7-1	TRBJ2-5	NLVPMVATV	1	TRBV7-1_CASSTRTGQETQYF_TRBJ2-5
CASSTYSGQSYGYTF	TRBV9-2	TRBJ1-2	GLCTLVAML	1	TRBV9-2_CASSTYSGQSYGYTF_TRBJ1-2
CASSTYYGQSYGYTF	TRBV9-2	TRBJ1-2	GLCTLVAML	1	TRBV9-2_CASSTYYGQSYGYTF_TRBJ1-2
CASSVAGGDEQFF	TRBV9-1	TRBJ2-1	GLCTLVAML	2	TRBV9-1_CASSVAGGDEQFF_TRBJ2-1
CASSVAQLAGGTDTQYF	TRBV9-1	TRBJ2-3	GLCTLVAML	1	TRBV9-1_CASSVAQLAGGTDTQYF_TRBJ2-3
CASSVASGRAHEQYF	TRBV9-1	TRBJ2-7	NLVPMVATV	1	TRBV9-1_CASSVASGRAHEQYF_TRBJ2-7
CASSVEDYGSVSYGYTF	TRBV9-1	TRBJ1-2	GILGFVFTL	1	TRBV9-1_CASSVEDYGSVSYGYTF_TRBJ1-2
CASSVEGTSGRSYNEQFF	TRBV9-1	TRBJ2-1	NLVPMVATV	1	TRBV9-1_CASSVEGTSGRSYNEQFF_TRBJ2-1
CASSVGGEAYEQYF	TRBV9-1	TRBJ2-7	GLCTLVAML	2	TRBV9-1_CASSVGGEAYEQYF_TRBJ2-7
CASSVRAGETQYF	TRBV1-1	TRBJ2-5	GILGFVFTL	1	TRBV1-1_CASSVRAGETQYF_TRBJ2-5
CASSVRSSYEQYF	TRBV1-1	TRBJ2-7	GILGFVFTL	4	TRBV1-1_CASSVRSSYEQYF_TRBJ2-7
CASSVRTGYTEAFF	TRBV2-1	TRBJ1-1	GILGFVFTL	1	TRBV2-1_CASSVRTGYTEAFF_TRBJ1-1
CASSVSGATADTQYF	TRBV9-1	TRBJ2-3	GILGFVFTL	1	TRBV9-1_CASSVSGATADTQYF_TRBJ2-3
CASSVVASSYNEQFF	TRBV9-1	TRBJ2-1	GILGFVFTL	1	TRBV9-1_CASSVVASSYNEQFF_TRBJ2-1
CASSVVGGNEQFF	TRBV9-1	TRBJ2-1	GLCTLVAML	1	TRBV9-1_CASSVVGGNEQFF_TRBJ2-1
CASSVVNEAFF	TRBV1-1	TRBJ1-1	NLVPMVATV	1	TRBV1-1_CASSVVNEAFF_TRBJ1-1
CASSWEGINYGYTF	TRBV5-1	TRBJ1-2	GILGFVFTL	1	TRBV5-1_CASSWEGINYGYTF_TRBJ1-2
CASSWKTGTGGTGYTF	TRBV6-1	TRBJ1-2	NLVPMVATV	1	TRBV6-1_CASSWKTGTGGTGYTF_TRBJ1-2
CASSWVSLDTQYF	TRBV1-1	TRBJ2-3	GILGFVFTL	1	TRBV1-1_CASSWVSLDTQYF_TRBJ2-3
CASSYAYDGSYEQYF	TRBV1-1	TRBJ2-7	GLCTLVAML	1	TRBV1-1_CASSYAYDGSYEQYF_TRBJ2-7
CASSYFDEKLFF	TRBV2-1	TRBJ1-4	NLVPMVATV	2	TRBV2-1_CASSYFDEKLFF_TRBJ1-4
CASSYGIAGKETQYF	TRBV7-1	TRBJ2-5	GILGFVFTL	1	TRBV7-1_CASSYGIAGKETQYF_TRBJ2-5
CASSYGLEQFF	TRBV6-1	TRBJ2-1	GILGFVFTL	1	TRBV6-1_CASSYGLEQFF_TRBJ2-1
CASSYLEGSETQETQYF	TRBV6-1	TRBJ2-5	GILGFVFTL	1	TRBV6-1_CASSYLEGSETQETQYF_TRBJ2-5
CASSYPLLYSGANTGELFF	TRBV6-1	TRBJ2-2	GILGFVFTL	1	TRBV6-1_CASSYPLLYSGANTGELFF_TRBJ2-2
CASSYQTGTGVYGYTF	TRBV6-1	TRBJ1-2	NLVPMVATV	1	TRBV6-1_CASSYQTGTGVYGYTF_TRBJ1-2
CASSYRSSYEQYF	TRBV1-1	TRBJ2-7	GILGFVFTL	1	TRBV1-1_CASSYRSSYEQYF_TRBJ2-7
CASSYSGHVNTEAFF	TRBV6-1	TRBJ1-1	GILGFVFTL	1	TRBV6-1_CASSYSGHVNTEAFF_TRBJ1-1
CASSYSWTGSNYGYTF	TRBV6-1	TRBJ1-2	NLVPMVATV	1	TRBV6-1_CASSYSWTGSNYGYTF_TRBJ1-2
CASSYTLASYEQYF	TRBV6-1	TRBJ2-7	NLVPMVATV	1	TRBV6-1_CASSYTLASYEQYF_TRBJ2-7
CASTLWSATNEKLFF	TRBV2-1	TRBJ1-4	NLVPMVATV	1	TRBV2-1_CASTLWSATNEKLFF_TRBJ1-4
CASTPGTVLPDTQYF	TRBV2-1	TRBJ2-3	GLCTLVAML	1	TRBV2-1_CASTPGTVLPDTQYF_TRBJ2-3
CASTTGTVNTEAFF	TRBV6-1	TRBJ1-1	GILGFVFTL	1	TRBV6-1_CASTTGTVNTEAFF_TRBJ1-1
CATAITSTQYF	TRBV1-1	TRBJ2-3	NLVPMVATV	1	TRBV1-1_CATAITSTQYF_TRBJ2-3
CATEQGMHEQYF	TRBV2-1	TRBJ2-7	NLVPMVATV	1	TRBV2-1_CATEQGMHEQYF_TRBJ2-7
CATGRGGKIGEQYF	TRBV1-1	TRBJ2-7	NLVPMVATV	1	TRBV1-1_CATGRGGKIGEQYF_TRBJ2-7
CATGRGGMIGEQYF	TRBV1-1	TRBJ2-7	NLVPMVATV	1	TRBV1-1_CATGRGGMIGEQYF_TRBJ2-7
CATQGDNTYEQYF	TRBV1-1	TRBJ2-7	GILGFVFTL	1	TRBV1-1_CATQGDNTYEQYF_TRBJ2-7
CATSDFEVAGSSYNEQFF	TRBV2-1	TRBJ2-1	GILGFVFTL	1	TRBV2-1_CATSDFEVAGSSYNEQFF_TRBJ2-1
CATSDFPPGVRGAPQETQYF	TRBV2-1	TRBJ2-5	GILGFVFTL	1	TRBV2-1_CATSDFPPGVRGAPQETQYF_TRBJ2-5
CATSDGLAGGWANVLTF	TRBV2-1	TRBJ2-6	GILGFVFTL	1	TRBV2-1_CATSDGLAGGWANVLTF_TRBJ2-6
CATSDYVSGTLQETQYF	TRBV2-1	TRBJ2-5	GILGFVFTL	1	TRBV2-1_CATSDYVSGTLQETQYF_TRBJ2-5
CATSERGDLNFGTDTQYF	TRBV1-1	TRBJ2-3	GILGFVFTL	1	TRBV1-1_CATSERGDLNFGTDTQYF_TRBJ2-3
CATSRDLAEVNTEAFF	TRBV1-1	TRBJ1-1	NLVPMVATV	1	TRBV1-1_CATSRDLAEVNTEAFF_TRBJ1-1
CAVNGGSNYGYTF	TRBV2-1	TRBJ1-2	NLVPMVATV	1	TRBV2-1_CAVNGGSNYGYTF_TRBJ1-2
CAWSISDLAKNIQYF	TRBV3-1	TRBJ2-4	NLVPMVATV	3	TRBV3-1_CAWSISDLAKNIQYF_TRBJ2-4
CAWSVSDVANTEAFF	TRBV3-1	TRBJ1-1	NLVPMVATV	1	TRBV3-1_CAWSVSDVANTEAFF_TRBJ1-1
CSAAGLAGGSYEQYF	TRBV2-1	TRBJ2-7	GILGFVFTL	1	TRBV2-1_CSAAGLAGGSYEQYF_TRBJ2-7
CSAEISGTQLYNEQFF	TRBV2-1	TRBJ2-1	GLCTLVAML	1	TRBV2-1_CSAEISGTQLYNEQFF_TRBJ2-1
CSAEPETSGGLQYF	TRBV2-1	TRBJ2-4	GLCTLVAML	1	TRBV2-1_CSAEPETSGGLQYF_TRBJ2-4
CSAEPGTSGGLQYF	TRBV2-1	TRBJ2-4	GLCTLVAML	1	TRBV2-1_CSAEPGTSGGLQYF_TRBJ2-4
CSANSDRVSYNEQFF	TRBV2-1	TRBJ2-1	GILGFVFTL	1	TRBV2-1_CSANSDRVSYNEQFF_TRBJ2-1
CSAPPAGEYSNQPQHF	TRBV2-1	TRBJ1-5	NLVPMVATV	1	TRBV2-1_CSAPPAGEYSNQPQHF_TRBJ1-5
CSARDATGNGYTF	TRBV2-1	TRBJ1-2	GLCTLVAML	1	TRBV2-1_CSARDATGNGYTF_TRBJ1-2
CSARDGLAGHYEQYF	TRBV2-1	TRBJ2-7	NLVPMVATV	1	TRBV2-1_CSARDGLAGHYEQYF_TRBJ2-7
CSARDGLTGHYEQYF	TRBV2-1	TRBJ2-7	NLVPMVATV	1	TRBV2-1_CSARDGLTGHYEQYF_TRBJ2-7
CSARDGTGNGYTF	TRBV2-1	TRBJ1-2	GLCTLVAML	3	TRBV2-1_CSARDGTGNGYTF_TRBJ1-2
CSARDGTRAHYEQFF	TRBV2-1	TRBJ2-1	GILGFVFTL	1	TRBV2-1_CSARDGTRAHYEQFF_TRBJ2-1
CSARDPSGLAGGLAETQYF	TRBV2-1	TRBJ2-5	NLVPMVATV	1	TRBV2-1_CSARDPSGLAGGLAETQYF_TRBJ2-5
CSARDQTGNGYTF	TRBV2-1	TRBJ1-2	GLCTLVAML	1	TRBV2-1_CSARDQTGNGYTF_TRBJ1-2
CSARDRNTQGPETQYF	TRBV2-1	TRBJ2-5	NLVPMVATV	1	TRBV2-1_CSARDRNTQGPETQYF_TRBJ2-5
CSARDRTGNGYTF	TRBV2-1	TRBJ1-2	GLCTLVAML	3	TRBV2-1_CSARDRTGNGYTF_TRBJ1-2
CSARDRVGNGHTF	TRBV2-1	TRBJ1-2	GLCTLVAML	1	TRBV2-1_CSARDRVGNGHTF_TRBJ1-2
CSARDRVGNGYTF	TRBV2-1	TRBJ1-2	GLCTLVAML	1	TRBV2-1_CSARDRVGNGYTF_TRBJ1-2
CSARDRVGNTIYF	TRBV2-1	TRBJ1-3	GLCTLVAML	1	TRBV2-1_CSARDRVGNTIYF_TRBJ1-3
CSARDSTGNGYTF	TRBV2-1	TRBJ1-2	GLCTLVAML	7	TRBV2-1_CSARDSTGNGYTF_TRBJ1-2
CSARDTTGNGYTF	TRBV2-1	TRBJ1-2	GLCTLVAML	1	TRBV2-1_CSARDTTGNGYTF_TRBJ1-2
CSARDTVGNGYTF	TRBV2-1	TRBJ1-2	GLCTLVAML	1	TRBV2-1_CSARDTVGNGYTF_TRBJ1-2
CSARGGDSVLRVGEQYF	TRBV2-1	TRBJ2-7	GILGFVFTL	1	TRBV2-1_CSARGGDSVLRVGEQYF_TRBJ2-7
CSARGQGDEQYF	TRBV2-1	TRBJ2-7	GLCTLVAML	1	TRBV2-1_CSARGQGDEQYF_TRBJ2-7
CSARLRELSGNTIYF	TRBV2-1	TRBJ1-3	GLCTLVAML	1	TRBV2-1_CSARLRELSGNTIYF_TRBJ1-3
CSARLRKLSGNTIYF	TRBV2-1	TRBJ1-3	GLCTLVAML	1	TRBV2-1_CSARLRKLSGNTIYF_TRBJ1-3
CSARVEPGNGYTF	TRBV2-1	TRBJ1-2	GLCTLVAML	1	TRBV2-1_CSARVEPGNGYTF_TRBJ1-2
CSARVRGDVYGYTF	TRBV2-1	TRBJ1-2	GILGFVFTL	1	TRBV2-1_CSARVRGDVYGYTF_TRBJ1-2
CSATDVTKGQLISGYTF	TRBV2-1	TRBJ1-2	NLVPMVATV	1	TRBV2-1_CSATDVTKGQLISGYTF_TRBJ1-2
CSERGQGDEQYF	TRBV2-1	TRBJ2-7	GLCTLVAML	1	TRBV2-1_CSERGQGDEQYF_TRBJ2-7
CSGREDSTNEKLFF	TRBV2-1	TRBJ1-4	GLCTLVAML	1	TRBV2-1_CSGREDSTNEKLFF_TRBJ1-4
CSVEAVGDGIYNEQFF	TRBV2-1	TRBJ2-1	GLCTLVAML	1	TRBV2-1_CSVEAVGDGIYNEQFF_TRBJ2-1
CSVGAGGTNEKLFF	TRBV2-1	TRBJ1-4	GLCTLVAML	3	TRBV2-1_CSVGAGGTNEKLFF_TRBJ1-4
CSVGAIMDEQFF	TRBV2-1	TRBJ2-1	GLCTLVAML	1	TRBV2-1_CSVGAIMDEQFF_TRBJ2-1
CSVGSAGTNEKLFF	TRBV2-1	TRBJ1-4	GLCTLVAML	1	TRBV2-1_CSVGSAGTNEKLFF_TRBJ1-4
CSVGSDGTNEKLFF	TRBV2-1	TRBJ1-4	GLCTLVAML	1	TRBV2-1_CSVGSDGTNEKLFF_TRBJ1-4
CSVGSGGTNEKLFF	TRBV2-1	TRBJ1-4	GLCTLVAML	2	TRBV2-1_CSVGSGGTNEKLFF_TRBJ1-4
CSVGTGGTNEKLFF	TRBV2-1	TRBJ1-4	GLCTLVAML	3	TRBV2-1_CSVGTGGTNEKLFF_TRBJ1-4
CSVGTQGTNEKLFF	TRBV2-1	TRBJ1-4	GLCTLVAML	1	TRBV2-1_CSVGTQGTNEKLFF_TRBJ1-4
CSVPGLAVPGELFF	TRBV2-1	TRBJ2-2	GLCTLVAML	1	TRBV2-1_CSVPGLAVPGELFF_TRBJ2-2
CSVPGTVQETQYF	TRBV2-1	TRBJ2-5	GLCTLVAML	1	TRBV2-1_CSVPGTVQETQYF_TRBJ2-5
CSVPIAVQETQYF	TRBV2-1	TRBJ2-5	GLCTLVAML	1	TRBV2-1_CSVPIAVQETQYF_TRBJ2-5
CSVPITVQETQYF	TRBV2-1	TRBJ2-5	GLCTLVAML	2	TRBV2-1_CSVPITVQETQYF_TRBJ2-5
CSVPSTVQETQYF	TRBV2-1	TRBJ2-5	GLCTLVAML	2	TRBV2-1_CSVPSTVQETQYF_TRBJ2-5
CSVTGDRRSNQPQHF	TRBV2-1	TRBJ1-5	GLCTLVAML	1	TRBV2-1_CSVTGDRRSNQPQHF_TRBJ1-5
CASGLTGFMDEQYF	TRBV25-1	TRBJ2-7	NLVPMVATV	1	TRBV25-1_CASGLTGFMDEQYF_TRBJ2-7
CASSVDAGGYNEQFF	TRBV7-3	TRBJ2-7	NLVPMVATV	1	TRBV7-3_CASSVDAGGYNEQFF_TRBJ2-7
CASSQDRWDVMSKNIQYF	TRBV3-1	TRBJ2-4	VLFGLGFAI	2	TRBV3-1_CASSQDRWDVMSKNIQYF_TRBJ2-4
CAISEMLIRGLANYGYPF	TRBV1-1	TRBJ1-2	VLFGLGFAI	1	TRBV1-1_CAISEMLIRGLANYGYPF_TRBJ1-2
CAISDRFMREEMTYGYPF	TRBV1-1	TRBJ1-2	VLFGLGFAI	1	TRBV1-1_CAISDRFMREEMTYGYPF_TRBJ1-2
CATSDPLIKGLAEYNEQFF	TRBV24-1	TRBJ2-1	VLFGLGFAI	1	TRBV24-1_CATSDPLIKGLAEYNEQFF_TRBJ2-1
CASGTLLIRGKGYERYF	TRBV6-2	TRBJ2-7	VLFGLGFAI	1	TRBV6-2_CASGTLLIRGKGYERYF_TRBJ2-7
CASGDGLAGKITGELFF	TRBV3-1	TRBJ2-4	VLFGLGFAI	1	TRBV3-1_CASGDGLAGKITGELFF_TRBJ2-4
CAKKTSLLGPGANYGYTF	TRBV19	TRBJ1-2	VLFGLGFAI	1	TRBV19_CAKKTSLLGPGANYGYTF_TRBJ1-2
CASRGLIIQRSSYEQYF	TRBV28	TRBJ2-7	VLFGLGFAI	1	TRBV28_CASRGLIIQRSSYEQYF_TRBJ2-7
CASSGRFLREGMTYGYTF	TRBV1-1	TRBJ1-2	VLFGLGFAI	1	TRBV1-1_CASSGRFLREGMTYGYTF_TRBJ1-2
CASSQDRWDVMSQNIQYF	TRBV3-1	TRBJ2-4	VLFGLGFAI	1	TRBV3-1_CASSQDRWDVMSQNIQYF_TRBJ2-4
CASSSFVIAGGDYEQNF	TRBV28	TRBJ2-7	VLFGLGFAI	1	TRBV28_CASSSFVIAGGDYEQNF_TRBJ2-7
CASRQDRWEKMGQNIRRF	TRBV3-1	TRBJ2-4	VLFGLGFAI	1	TRBV3-1_CASRQDRWEKMGQNIRRF_TRBJ2-4
CASSPVPGLDEQFF	TRBV6-5	TRBJ2-1	VLFGLGFAI	1	TRBV6-5_CASSPVPGLDEQFF_TRBJ2-1
CATSDLPYIGTRLNEQFF	TRBV24-1	TRBJ2-1	VLFGLGFAI	1	TRBV24-1_CATSDLPYIGTRLNEQFF_TRBJ2-1
CASSIMAYNGQFF	TRBV19	TRBJ2-1	GILGFVFTL	1	TRBV19_CASSIMAYNGQFF_TRBJ2-1
CASSIRPSYEQYF	TRBV19	TRBJ2-7	GILGFVFTL	1	TRBV19_CASSIRPSYEQYF_TRBJ2-7
CASGGRSSYERYF	TRBV19	TRBJ2-7	GILGFVFTL	1	TRBV19_CASGGRSSYERYF_TRBJ2-7
CASSFFLAAGYPF	TRBV19	TRBJ1-2	GILGFVFTL	1	TRBV19_CASSFFLAAGYPF_TRBJ1-2
CASSISSSSYNEQFF	TRBV19	TRBJ2-1	GILGFVFTL	1	TRBV19_CASSISSSSYNEQFF_TRBJ2-1
CASSIRRAYERYF	TRBV19	TRBJ2-7	GILGFVFTL	1	TRBV19_CASSIRRAYERYF_TRBJ2-7
CAGSPFGGAYEQYF	TRBV19	TRBJ2-7	GILGFVFTL	1	TRBV19_CAGSPFGGAYEQYF_TRBJ2-7
CASGPNFNTGELFF	TRBV27	TRBJ2-2	GILGFVFTL	1	TRBV27_CASGPNFNTGELFF_TRBJ2-2
CASSLWGGTEAFF	TRBV27	TRBJ1-1	GILGFVFTL	1	TRBV27_CASSLWGGTEAFF_TRBJ1-1
CASGGGGPETQYF	TRBV5-4	TRBJ2-5	GILGFVFTL	1	TRBV5-4_CASGGGGPETQYF_TRBJ2-5
CASSRGTRGRSETQYF	TRBV6-5	TRBJ2-5	GILGFVFTL	1	TRBV6-5_CASSRGTRGRSETQYF_TRBJ2-5
CASSDPRGEETQYF	TRBV7-9	TRBJ2-5	GILGFVFTL	1	TRBV7-9_CASSDPRGEETQYF_TRBJ2-5
CASSGGSKKTQF	TRBV19	TRBJ2-3	GILGFVFTL	1	TRBV19_CASSGGSKKTQF_TRBJ2-3
CASSIRSLDEQFF	TRBV19	TRBJ2-1	GILGFVFTL	1	TRBV19_CASSIRSLDEQFF_TRBJ2-1
CASSRTATHGYTF	TRBV19	TRBJ1-2	GILGFVFTL	1	TRBV19_CASSRTATHGYTF_TRBJ1-2
CASSTRPSYEQYF	TRBV19	TRBJ2-7	GILGFVFTL	1	TRBV19_CASSTRPSYEQYF_TRBJ2-7
CASSGRPTETQYF	TRBV19	TRBJ2-3	GILGFVFTL	1	TRBV19_CASSGRPTETQYF_TRBJ2-3
CASSLMGQGINQPQHF	TRBV27	TRBJ1-5	GILGFVFTL	1	TRBV27_CASSLMGQGINQPQHF_TRBJ1-5
CASSQEWGINEKLFF	TRBV4-3	TRBJ1-4	GILGFVFTL	1	TRBV4-3_CASSQEWGINEKLFF_TRBJ1-4
CASSGGSKNYAVF	TRBV19	TRBJ2-3	GILGFVFTL	1	TRBV19_CASSGGSKNYAVF_TRBJ2-3
CASSIHGANQPQHF	TRBV19	TRBJ1-5	GILGFVFTL	2	TRBV19_CASSIHGANQPQHF_TRBJ1-5
CASSIRGANQPQHF	TRBV19	TRBJ1-5	GILGFVFTL	1	TRBV19_CASSIRGANQPQHF_TRBJ1-5
CAGSVTGALGTEAFF	TRBV19	TRBJ1-1	GILGFVFTL	1	TRBV19_CAGSVTGALGTEAFF_TRBJ1-1
CASRKRGTAPQFF	TRBV19	TRBJ2-3	GILGFVFTL	1	TRBV19_CASRKRGTAPQFF_TRBJ2-3
CASRTRSAYEQYF	TRBV19	TRBJ2-7	GILGFVFTL	1	TRBV19_CASRTRSAYEQYF_TRBJ2-7
CASSPGTPTYGYTF	TRBV4-2	TRBJ1-2	GILGFVFTL	1	TRBV4-2_CASSPGTPTYGYTF_TRBJ1-2
CASSPDRSGQFF	TRBV7-8*01	TRBJ2-1	SLFWNEPAI	1	TRBV7-8*01_CASSPDRSGQFF_TRBJ2-1
CASSLGPGSYGYTF	TRBV5-1	TRBJ1-2	SLFWNEPAI	1	TRBV5-1_CASSLGPGSYGYTF_TRBJ1-2
CASSRGGMSGELFF	TRBV7-9	TRBJ2-2	SLFWNEPAI	1	TRBV7-9_CASSRGGMSGELFF_TRBJ2-2
CASSFQGNTGELFF	TRBV7-9	TRBJ2-2	SLFWNEPAI	1	TRBV7-9_CASSFQGNTGELFF_TRBJ2-2
CASSSTGGGGELFF	TRBV4-2	TRBJ2-2	LLWNTVWNM	1	TRBV4-2_CASSSTGGGGELFF_TRBJ2-2
CARRLAGEYNEQFF	TRBV2	TRBJ2-1	IMNDMPIYM	2	TRBV2_CARRLAGEYNEQFF_TRBJ2-1
CASSSDNTAGELFF	TRBV5-4	TRBJ2-2	IMNDMPIYM	2	TRBV5-4_CASSSDNTAGELFF_TRBJ2-2
CASSPDREWETQYF	TRBV7-9	TRBJ2-5	IMNDMPIYM	2	TRBV7-9_CASSPDREWETQYF_TRBJ2-5
CASSLEGLAGAGWYQETQYF	TRBV11-2	TRBJ2-5	IMNDMPIYM	2	TRBV11-2_CASSLEGLAGAGWYQETQYF_TRBJ2-5
CASSPVGGDTEAFF	TRBV11-2	TRBJ1-1	IMNDMPIYM	2	TRBV11-2_CASSPVGGDTEAFF_TRBJ1-1
CASSPPNRLDEQFF	TRBV11-3	TRBJ2-1	IMNDMPIYM	2	TRBV11-3_CASSPPNRLDEQFF_TRBJ2-1
CASSPRTDRSGANVLTF	TRBV12-3	TRBJ2-6	IMNDMPIYM	2	TRBV12-3_CASSPRTDRSGANVLTF_TRBJ2-6
CASSIGVQLYGYTF	TRBV19	TRBJ1-2	IMNDMPIYM	2	TRBV19_CASSIGVQLYGYTF_TRBJ1-2
CASSILGSYNEQFF	TRBV19	TRBJ2-1	IMNDMPIYM	2	TRBV19_CASSILGSYNEQFF_TRBJ2-1
CASTGFRTSGISYNEQFF	TRBV19	TRBJ2-1	IMNDMPIYM	2	TRBV19_CASTGFRTSGISYNEQFF_TRBJ2-1
CASSSSTGDTYGYTF	TRBV19	TRBJ1-2	IMNDMPIYM	2	TRBV19_CASSSSTGDTYGYTF_TRBJ1-2
CASSSNRGPEQFF	TRBV19	TRBJ2-1	IMNDMPIYM	2	TRBV19_CASSSNRGPEQFF_TRBJ2-1
CASSGAQGYEQYF	TRBV2	TRBJ2-7	IMNDMPIYM	2	TRBV2_CASSGAQGYEQYF_TRBJ2-7
CASLWTGETYEQYF	TRBV2	TRBJ2-7	IMNDMPIYM	2	TRBV2_CASLWTGETYEQYF_TRBJ2-7
CASRILAGGIYEQYF	TRBV2	TRBJ2-7	IMNDMPIYM	2	TRBV2_CASRILAGGIYEQYF_TRBJ2-7
CASSDPRTGFHEQYF	TRBV2	TRBJ2-7	IMNDMPIYM	2	TRBV2_CASSDPRTGFHEQYF_TRBJ2-7
CASSDSRGSNSPLHF	TRBV2	TRBJ1-6	IMNDMPIYM	2	TRBV2_CASSDSRGSNSPLHF_TRBJ1-6
CSARDQSSNQPQHF	TRBV20-1	TRBJ1-5	IMNDMPIYM	2	TRBV20-1_CSARDQSSNQPQHF_TRBJ1-5
CSARTGSSYNSPLHF	TRBV20-1	TRBJ1-6	IMNDMPIYM	2	TRBV20-1_CSARTGSSYNSPLHF_TRBJ1-6
CALPGVAGITYEQYF	TRBV23-1	TRBJ2-7	IMNDMPIYM	2	TRBV23-1_CALPGVAGITYEQYF_TRBJ2-7
CASRGWTGPVETQYF	TRBV25-1	TRBJ2-5	IMNDMPIYM	2	TRBV25-1_CASRGWTGPVETQYF_TRBJ2-5
CASSLGLAGANEQFF	TRBV27	TRBJ2-1	IMNDMPIYM	2	TRBV27_CASSLGLAGANEQFF_TRBJ2-1
CASSFTAYYGYTF	TRBV27	TRBJ1-2	IMNDMPIYM	2	TRBV27_CASSFTAYYGYTF_TRBJ1-2
CASSSAWTGYEQYF	TRBV27	TRBJ2-7	IMNDMPIYM	2	TRBV27_CASSSAWTGYEQYF_TRBJ2-7
CASRGSGNEQFF	TRBV27	TRBJ2-1	IMNDMPIYM	2	TRBV27_CASRGSGNEQFF_TRBJ2-1
CASSQWGLLTDTQYF	TRBV4-1	TRBJ2-3	IMNDMPIYM	2	TRBV4-1_CASSQWGLLTDTQYF_TRBJ2-3
CASSLAGWQGDDYGYTF	TRBV5-4	TRBJ1-2	IMNDMPIYM	2	TRBV5-4_CASSLAGWQGDDYGYTF_TRBJ1-2
CASSFVGDTQYF	TRBV5-8	TRBJ2-3	IMNDMPIYM	2	TRBV5-8_CASSFVGDTQYF_TRBJ2-3
CASSPSRSPYEQYF	TRBV7-8	TRBJ2-7	IMNDMPIYM	2	TRBV7-8_CASSPSRSPYEQYF_TRBJ2-7
CASTLYGNEQFF	TRBV7-9	TRBJ2-1	IMNDMPIYM	2	TRBV7-9_CASTLYGNEQFF_TRBJ2-1
CASTLYGNEQFF	TRBV5-4	TRBJ2-1	IMNDMPIYM	1	TRBV5-4_CASTLYGNEQFF_TRBJ2-1
CASSPHGGGTDTQYF	TRBV7-9	TRBJ2-3	IMNDMPIYM	2	TRBV7-9_CASSPHGGGTDTQYF_TRBJ2-3
CAISPLTSWGTDTQYF	TRBV10-3	TRBJ2-3	IMNDMPIYM	2	TRBV10-3_CAISPLTSWGTDTQYF_TRBJ2-3
CASSRRTGGTEAFF	TRBV11-1	TRBJ1-1	IMNDMPIYM	2	TRBV11-1_CASSRRTGGTEAFF_TRBJ1-1
CASSSLAGQIDEQFF	TRBV11-2	TRBJ2-1	IMNDMPIYM	2	TRBV11-2_CASSSLAGQIDEQFF_TRBJ2-1
CASTDLSYGYTF	TRBV19	TRBJ1-2	IMNDMPIYM	2	TRBV19_CASTDLSYGYTF_TRBJ1-2
CASSSAGAKNIQYF	TRBV19	TRBJ2-4	IMNDMPIYM	2	TRBV19_CASSSAGAKNIQYF_TRBJ2-4
CASRDQRDRVKTEAFF	TRBV19	TRBJ1-1	IMNDMPIYM	2	TRBV19_CASRDQRDRVKTEAFF_TRBJ1-1
CASSIAGGASYEQYF	TRBV19	TRBJ2-7	IMNDMPIYM	2	TRBV19_CASSIAGGASYEQYF_TRBJ2-7
CASSARRGNTEAFF	TRBV19	TRBJ1-1	IMNDMPIYM	2	TRBV19_CASSARRGNTEAFF_TRBJ1-1
CASSTLTSGTYNEQFF	TRBV19	TRBJ2-1	IMNDMPIYM	2	TRBV19_CASSTLTSGTYNEQFF_TRBJ2-1
CASSWGNTGELFF	TRBV2	TRBJ2-2	IMNDMPIYM	2	TRBV2_CASSWGNTGELFF_TRBJ2-2
CASSGHTQGTYGYTF	TRBV2	TRBJ1-2	IMNDMPIYM	2	TRBV2_CASSGHTQGTYGYTF_TRBJ1-2
CSALGGQASTDTQYF	TRBV20-1	TRBJ2-3	IMNDMPIYM	2	TRBV20-1_CSALGGQASTDTQYF_TRBJ2-3
CATSGTGYEQYF	TRBV24-1	TRBJ2-7	IMNDMPIYM	2	TRBV24-1_CATSGTGYEQYF_TRBJ2-7
CASSSPPAEQFF	TRBV27	TRBJ2-1	IMNDMPIYM	2	TRBV27_CASSSPPAEQFF_TRBJ2-1
CASSLAYSGANVLTF	TRBV27	TRBJ2-6	IMNDMPIYM	2	TRBV27_CASSLAYSGANVLTF_TRBJ2-6
CASSFRGPLSNEKLFF	TRBV28	TRBJ1-4	IMNDMPIYM	2	TRBV28_CASSFRGPLSNEKLFF_TRBJ1-4
CASSSLRTPNSPLHF	TRBV28	TRBJ1-6	IMNDMPIYM	2	TRBV28_CASSSLRTPNSPLHF_TRBJ1-6
CASRRGSGMYEQFF	TRBV28	TRBJ2-1	IMNDMPIYM	2	TRBV28_CASRRGSGMYEQFF_TRBJ2-1
CASSQSTGVATNEKLFF	TRBV3-1	TRBJ1-4	IMNDMPIYM	2	TRBV3-1_CASSQSTGVATNEKLFF_TRBJ1-4
CASSQVIQTEAFF	TRBV3-1	TRBJ1-1	IMNDMPIYM	2	TRBV3-1_CASSQVIQTEAFF_TRBJ1-1
CASSQGRGLRNEQFF	TRBV3-1	TRBJ2-1	IMNDMPIYM	2	TRBV3-1_CASSQGRGLRNEQFF_TRBJ2-1
CASSPVVGGTGELFF	TRBV5-4	TRBJ2-2	IMNDMPIYM	2	TRBV5-4_CASSPVVGGTGELFF_TRBJ2-2
CASSLSLTSPRVDEQYF	TRBV7-8	TRBJ2-7	IMNDMPIYM	2	TRBV7-8_CASSLSLTSPRVDEQYF_TRBJ2-7
CASSTWGLPRETQYF	TRBV7-9	TRBJ2-5	IMNDMPIYM	2	TRBV7-9_CASSTWGLPRETQYF_TRBJ2-5
CARRLAGEYNEQFF	TRBV2	TRBJ2-1	FLCMKALLL	2	TRBV2_CARRLAGEYNEQFF_TRBJ2-1
CASSSDNTAGELFF	TRBV5-4	TRBJ2-2	FLCMKALLL	2	TRBV5-4_CASSSDNTAGELFF_TRBJ2-2
CASSPDREWETQYF	TRBV7-9	TRBJ2-5	FLCMKALLL	2	TRBV7-9_CASSPDREWETQYF_TRBJ2-5
CASSLEGLAGAGWYQETQYF	TRBV11-2	TRBJ2-5	FLCMKALLL	2	TRBV11-2_CASSLEGLAGAGWYQETQYF_TRBJ2-5
CASSPVGGDTEAFF	TRBV11-2	TRBJ1-1	FLCMKALLL	2	TRBV11-2_CASSPVGGDTEAFF_TRBJ1-1
CASSPPNRLDEQFF	TRBV11-3	TRBJ2-1	FLCMKALLL	2	TRBV11-3_CASSPPNRLDEQFF_TRBJ2-1
CASSPRTDRSGANVLTF	TRBV12-3	TRBJ2-6	FLCMKALLL	2	TRBV12-3_CASSPRTDRSGANVLTF_TRBJ2-6
CASSIGVQLYGYTF	TRBV19	TRBJ1-2	FLCMKALLL	2	TRBV19_CASSIGVQLYGYTF_TRBJ1-2
CASSILGSYNEQFF	TRBV19	TRBJ2-1	FLCMKALLL	2	TRBV19_CASSILGSYNEQFF_TRBJ2-1
CASTGFRTSGISYNEQFF	TRBV19	TRBJ2-1	FLCMKALLL	2	TRBV19_CASTGFRTSGISYNEQFF_TRBJ2-1
CASSSSTGDTYGYTF	TRBV19	TRBJ1-2	FLCMKALLL	2	TRBV19_CASSSSTGDTYGYTF_TRBJ1-2
CASSSNRGPEQFF	TRBV19	TRBJ2-1	FLCMKALLL	2	TRBV19_CASSSNRGPEQFF_TRBJ2-1
CASSGAQGYEQYF	TRBV2	TRBJ2-7	FLCMKALLL	2	TRBV2_CASSGAQGYEQYF_TRBJ2-7
CASLWTGETYEQYF	TRBV2	TRBJ2-7	FLCMKALLL	2	TRBV2_CASLWTGETYEQYF_TRBJ2-7
CASRILAGGIYEQYF	TRBV2	TRBJ2-7	FLCMKALLL	2	TRBV2_CASRILAGGIYEQYF_TRBJ2-7
CASSDPRTGFHEQYF	TRBV2	TRBJ2-7	FLCMKALLL	2	TRBV2_CASSDPRTGFHEQYF_TRBJ2-7
CASSDSRGSNSPLHF	TRBV2	TRBJ1-6	FLCMKALLL	2	TRBV2_CASSDSRGSNSPLHF_TRBJ1-6
CSARDQSSNQPQHF	TRBV20-1	TRBJ1-5	FLCMKALLL	2	TRBV20-1_CSARDQSSNQPQHF_TRBJ1-5
CSARTGSSYNSPLHF	TRBV20-1	TRBJ1-6	FLCMKALLL	2	TRBV20-1_CSARTGSSYNSPLHF_TRBJ1-6
CALPGVAGITYEQYF	TRBV23-1	TRBJ2-7	FLCMKALLL	2	TRBV23-1_CALPGVAGITYEQYF_TRBJ2-7
CASRGWTGPVETQYF	TRBV25-1	TRBJ2-5	FLCMKALLL	2	TRBV25-1_CASRGWTGPVETQYF_TRBJ2-5
CASSLGLAGANEQFF	TRBV27	TRBJ2-1	FLCMKALLL	2	TRBV27_CASSLGLAGANEQFF_TRBJ2-1
CASSFTAYYGYTF	TRBV27	TRBJ1-2	FLCMKALLL	2	TRBV27_CASSFTAYYGYTF_TRBJ1-2
CASSSAWTGYEQYF	TRBV27	TRBJ2-7	FLCMKALLL	2	TRBV27_CASSSAWTGYEQYF_TRBJ2-7
CASRGSGNEQFF	TRBV27	TRBJ2-1	FLCMKALLL	2	TRBV27_CASRGSGNEQFF_TRBJ2-1
CASSQWGLLTDTQYF	TRBV4-1	TRBJ2-3	FLCMKALLL	2	TRBV4-1_CASSQWGLLTDTQYF_TRBJ2-3
CASSLAGWQGDDYGYTF	TRBV5-4	TRBJ1-2	FLCMKALLL	2	TRBV5-4_CASSLAGWQGDDYGYTF_TRBJ1-2
CASSFVGDTQYF	TRBV5-8	TRBJ2-3	FLCMKALLL	2	TRBV5-8_CASSFVGDTQYF_TRBJ2-3
CASSPSRSPYEQYF	TRBV7-8	TRBJ2-7	FLCMKALLL	2	TRBV7-8_CASSPSRSPYEQYF_TRBJ2-7
CASTLYGNEQFF	TRBV7-9	TRBJ2-1	FLCMKALLL	2	TRBV7-9_CASTLYGNEQFF_TRBJ2-1
CASSPHGGGTDTQYF	TRBV7-9	TRBJ2-3	FLCMKALLL	2	TRBV7-9_CASSPHGGGTDTQYF_TRBJ2-3
CAISPLTSWGTDTQYF	TRBV10-3	TRBJ2-3	FLCMKALLL	2	TRBV10-3_CAISPLTSWGTDTQYF_TRBJ2-3
CASSRRTGGTEAFF	TRBV11-1	TRBJ1-1	FLCMKALLL	2	TRBV11-1_CASSRRTGGTEAFF_TRBJ1-1
CASSSLAGQIDEQFF	TRBV11-2	TRBJ2-1	FLCMKALLL	2	TRBV11-2_CASSSLAGQIDEQFF_TRBJ2-1
CASTDLSYGYTF	TRBV19	TRBJ1-2	FLCMKALLL	2	TRBV19_CASTDLSYGYTF_TRBJ1-2
CASSSAGAKNIQYF	TRBV19	TRBJ2-4	FLCMKALLL	2	TRBV19_CASSSAGAKNIQYF_TRBJ2-4
CASRDQRDRVKTEAFF	TRBV19	TRBJ1-1	FLCMKALLL	2	TRBV19_CASRDQRDRVKTEAFF_TRBJ1-1
CASSILGDSSGNTIYF	TRBV19	TRBJ1-3	FLCMKALLL	1	TRBV19_CASSILGDSSGNTIYF_TRBJ1-3
CASSIAGGASYEQYF	TRBV19	TRBJ2-7	FLCMKALLL	2	TRBV19_CASSIAGGASYEQYF_TRBJ2-7
CASSARRGNTEAFF	TRBV19	TRBJ1-1	FLCMKALLL	2	TRBV19_CASSARRGNTEAFF_TRBJ1-1
CASSTLTSGTYNEQFF	TRBV19	TRBJ2-1	FLCMKALLL	2	TRBV19_CASSTLTSGTYNEQFF_TRBJ2-1
CASSWGNTGELFF	TRBV2	TRBJ2-2	FLCMKALLL	2	TRBV2_CASSWGNTGELFF_TRBJ2-2
CASSGHTQGTYGYTF	TRBV2	TRBJ1-2	FLCMKALLL	2	TRBV2_CASSGHTQGTYGYTF_TRBJ1-2
CSALGGQASTDTQYF	TRBV20-1	TRBJ2-3	FLCMKALLL	2	TRBV20-1_CSALGGQASTDTQYF_TRBJ2-3
CATSGTGYEQYF	TRBV24-1	TRBJ2-7	FLCMKALLL	2	TRBV24-1_CATSGTGYEQYF_TRBJ2-7
CASSSPPAEQFF	TRBV27	TRBJ2-1	FLCMKALLL	2	TRBV27_CASSSPPAEQFF_TRBJ2-1
CASSLAYSGANVLTF	TRBV27	TRBJ2-6	FLCMKALLL	2	TRBV27_CASSLAYSGANVLTF_TRBJ2-6
CASSFRGPLSNEKLFF	TRBV28	TRBJ1-4	FLCMKALLL	2	TRBV28_CASSFRGPLSNEKLFF_TRBJ1-4
CASSSLRTPNSPLHF	TRBV28	TRBJ1-6	FLCMKALLL	2	TRBV28_CASSSLRTPNSPLHF_TRBJ1-6
CASRRGSGMYEQFF	TRBV28	TRBJ2-1	FLCMKALLL	2	TRBV28_CASRRGSGMYEQFF_TRBJ2-1
CASSQSTGVATNEKLFF	TRBV3-1	TRBJ1-4	FLCMKALLL	2	TRBV3-1_CASSQSTGVATNEKLFF_TRBJ1-4
CASSQVIQTEAFF	TRBV3-1	TRBJ1-1	FLCMKALLL	2	TRBV3-1_CASSQVIQTEAFF_TRBJ1-1
CASSQGRGLRNEQFF	TRBV3-1	TRBJ2-1	FLCMKALLL	2	TRBV3-1_CASSQGRGLRNEQFF_TRBJ2-1
CASSPVVGGTGELFF	TRBV5-4	TRBJ2-2	FLCMKALLL	2	TRBV5-4_CASSPVVGGTGELFF_TRBJ2-2
CASSLSLTSPRVDEQYF	TRBV7-8	TRBJ2-7	FLCMKALLL	2	TRBV7-8_CASSLSLTSPRVDEQYF_TRBJ2-7
CASSTWGLPRETQYF	TRBV7-9	TRBJ2-5	FLCMKALLL	2	TRBV7-9_CASSTWGLPRETQYF_TRBJ2-5
CASSLGTGQGNEQFF	TRBV27	TRBJ2-1	FLCMKALLL	1	TRBV27_CASSLGTGQGNEQFF_TRBJ2-1
CSVEDGRTDTQYF	TRBV29-1	TRBJ2-3	FLCMKALLL	1	TRBV29-1_CSVEDGRTDTQYF_TRBJ2-3
CASSEPSGPDNEQFF	TRBV10-1	TRBJ2-1	FLCMKALLL	1	TRBV10-1_CASSEPSGPDNEQFF_TRBJ2-1
CASSVWAEDQPQHF	TRBV9	TRBJ1-5	FLCMKALLL	1	TRBV9_CASSVWAEDQPQHF_TRBJ1-5
CASSPGASLGNEKLFF	TRBV3-1	TRBJ1-4	FLCMKALLL	1	TRBV3-1_CASSPGASLGNEKLFF_TRBJ1-4
CASSPSGGASADTQYF	TRBV4-2	TRBJ2-3	FLCMKALLL	1	TRBV4-2_CASSPSGGASADTQYF_TRBJ2-3
CSVEGDRVEQFF	TRBV29-1	TRBJ2-1	FLCMKALLL	1	TRBV29-1_CSVEGDRVEQFF_TRBJ2-1
CASSTGTGNTEAFF	TRBV27	TRBJ1-1	FLCMKALLL	1	TRBV27_CASSTGTGNTEAFF_TRBJ1-1
CASSEGAGNTIYF	TRBV25-1	TRBJ1-3	FLCMKALLL	1	TRBV25-1_CASSEGAGNTIYF_TRBJ1-3
CASSSLLGYNEQFF	TRBV13	TRBJ2-1	FLCMKALLL	1	TRBV13_CASSSLLGYNEQFF_TRBJ2-1
CASSLIGTGGEKLFF	TRBV27	TRBJ1-4	FLCMKALLL	1	TRBV27_CASSLIGTGGEKLFF_TRBJ1-4
CASSQLAAGTDSYEQYF	TRBV4-2	TRBJ2-7	FLCMKALLL	1	TRBV4-2_CASSQLAAGTDSYEQYF_TRBJ2-7
CASGGLGEETQYF	TRBV25-1	TRBJ2-5	FLCMKALLL	1	TRBV25-1_CASGGLGEETQYF_TRBJ2-5
CASSHQDSSSYEQYV	TRBV23-1	TRBJ2-7	FLCMKALLL	1	TRBV23-1_CASSHQDSSSYEQYV_TRBJ2-7
CSALEGGYEQYF	TRBV20-1	TRBJ2-7	FLCMKALLL	1	TRBV20-1_CSALEGGYEQYF_TRBJ2-7
CSVVGVWAEAFF	TRBV29-1	TRBJ1-1	FLCMKALLL	1	TRBV29-1_CSVVGVWAEAFF_TRBJ1-1
CASRKSPQATNEKLFF	TRBV19	TRBJ1-4	FLCMKALLL	1	TRBV19_CASRKSPQATNEKLFF_TRBJ1-4
CASSLVSQGDEQFF	TRBV11-3	TRBJ2-1	FLCMKALLL	1	TRBV11-3_CASSLVSQGDEQFF_TRBJ2-1
CASSPGTYLTDTQYF	TRBV11-2	TRBJ2-3	FLCMKALLL	1	TRBV11-2_CASSPGTYLTDTQYF_TRBJ2-3
CASSLPLALDTTGEGGYTF	TRBV13	TRBJ1-2	FLCMKALLL	1	TRBV13_CASSLPLALDTTGEGGYTF_TRBJ1-2
CASSLTAGLHSNQPQHF	TRBV27	TRBJ1-5	FLCMKALLL	1	TRBV27_CASSLTAGLHSNQPQHF_TRBJ1-5
CASNNGWNQETQYF	TRBV7-2	TRBJ2-5	FLCMKALLL	1	TRBV7-2_CASNNGWNQETQYF_TRBJ2-5
CASSLGSEGYGVETQYF	TRBV11-2	TRBJ2-5	FLCMKALLL	1	TRBV11-2_CASSLGSEGYGVETQYF_TRBJ2-5
CASALSYNEQFF	TRBV19	TRBJ2-1	FLCMKALLL	1	TRBV19_CASALSYNEQFF_TRBJ2-1
CASSPNYGEQFF	TRBV19	TRBJ2-1	FLCMKALLL	1	TRBV19_CASSPNYGEQFF_TRBJ2-1
CASSPYPGANVLTF	TRBV27	TRBJ2-6	FLCMKALLL	1	TRBV27_CASSPYPGANVLTF_TRBJ2-6
CASSLGVYEQYF	TRBV12-3	TRBJ2-7	FLCMKALLL	1	TRBV12-3_CASSLGVYEQYF_TRBJ2-7
CASSIYGAGYGTDTQYF	TRBV19	TRBJ2-3	FLCMKALLL	1	TRBV19_CASSIYGAGYGTDTQYF_TRBJ2-3
CASSLIWGTGFSSSYNEQFF	TRBV28	TRBJ2-1	FLCMKALLL	1	TRBV28_CASSLIWGTGFSSSYNEQFF_TRBJ2-1
CASSQDPGGLAGAEQFF	TRBV4-2	TRBJ2-1	FLCMKALLL	1	TRBV4-2_CASSQDPGGLAGAEQFF_TRBJ2-1
CASSLVTGTGADTQYF	TRBV27	TRBJ2-3	FLCMKALLL	1	TRBV27_CASSLVTGTGADTQYF_TRBJ2-3
CASSFLDLSAGDTQYF	TRBV5-8	TRBJ2-3	FLCMKALLL	1	TRBV5-8_CASSFLDLSAGDTQYF_TRBJ2-3
CASSEFETQYF	TRBV25-1	TRBJ2-5	FLCMKALLL	1	TRBV25-1_CASSEFETQYF_TRBJ2-5
CASSLSGGNEAFF	TRBV6-5	TRBJ1-1	FLCMKALLL	1	TRBV6-5_CASSLSGGNEAFF_TRBJ1-1
CAISEENIDTQYF	TRBV10-3	TRBJ2-3	FLCMKALLL	1	TRBV10-3_CAISEENIDTQYF_TRBJ2-3
CASSPPSQETQYF	TRBV4-2	TRBJ2-5	FLCMKALLL	1	TRBV4-2_CASSPPSQETQYF_TRBJ2-5
CSAEGNTEAFF	TRBV29-1	TRBJ1-1	FLCMKALLL	1	TRBV29-1_CSAEGNTEAFF_TRBJ1-1
CASSTGTYNEQFF	TRBV6-5	TRBJ2-1	FLCMKALLL	1	TRBV6-5_CASSTGTYNEQFF_TRBJ2-1
CSVEANRAEQFF	TRBV29-1	TRBJ2-1	FLCMKALLL	1	TRBV29-1_CSVEANRAEQFF_TRBJ2-1
CASSMSGTGTEAFF	TRBV19	TRBJ1-1	FLCMKALLL	1	TRBV19_CASSMSGTGTEAFF_TRBJ1-1
CASSLGVLGFYEQYF	TRBV4-1	TRBJ2-7	FLCMKALLL	1	TRBV4-1_CASSLGVLGFYEQYF_TRBJ2-7
CASSSGLYSVF	TRBV28	TRBJ2-1	FLCMKALLL	1	TRBV28_CASSSGLYSVF_TRBJ2-1
CASSLGGTWGDTQYF	TRBV11-2	TRBJ2-3	FLCMKALLL	1	TRBV11-2_CASSLGGTWGDTQYF_TRBJ2-3
CASSRRPGQGTYGYTF	TRBV5-4	TRBJ1-2	FLCMKALLL	1	TRBV5-4_CASSRRPGQGTYGYTF_TRBJ1-2
CSVDFWVREENYGYTF	TRBV29-1	TRBJ1-2	FLCMKALLL	1	TRBV29-1_CSVDFWVREENYGYTF_TRBJ1-2
CASSYGTSGSSGEQYF	TRBV13	TRBJ2-7	FLCMKALLL	1	TRBV13_CASSYGTSGSSGEQYF_TRBJ2-7
CAPERGAEETQYF	TRBV23-1	TRBJ2-5	FLCMKALLL	1	TRBV23-1_CAPERGAEETQYF_TRBJ2-5
CASSQGGGVDEQFF	TRBV4-1	TRBJ2-1	FLCMKALLL	1	TRBV4-1_CASSQGGGVDEQFF_TRBJ2-1
CASAEGRLSSYEQYF	TRBV27	TRBJ2-7	FLCMKALLL	1	TRBV27_CASAEGRLSSYEQYF_TRBJ2-7
CASSRTEREPQPQHF	TRBV12-4	TRBJ1-5	FLCMKALLL	1	TRBV12-4_CASSRTEREPQPQHF_TRBJ1-5
CATSESSGQTYEQYF	TRBV15	TRBJ2-7	FLCMKALLL	1	TRBV15_CATSESSGQTYEQYF_TRBJ2-7
CASSQDFSPYGYTF	TRBV3-1	TRBJ1-2	FLCMKALLL	1	TRBV3-1_CASSQDFSPYGYTF_TRBJ1-2
CASSQDFSPYGYTF	TRBV3-1	Donor 13	FLCMKALLL	1	TRBV3-1_CASSQDFSPYGYTF_Donor 13
CASSRGLAGGNEQFF	TRBV19	TRBJ2-1	FLCMKALLL	1	TRBV19_CASSRGLAGGNEQFF_TRBJ2-1
CASSDTSASNYEQYF	TRBV25-1	TRBJ2-7	FLCMKALLL	1	TRBV25-1_CASSDTSASNYEQYF_TRBJ2-7
CASSQDWGGDNEQFF	TRBV3-1	TRBJ2-1	FLCMKALLL	1	TRBV3-1_CASSQDWGGDNEQFF_TRBJ2-1
CAIMTSGRARVNTDTQYF	TRBV10-3	TRBJ2-3	FLCMKALLL	1	TRBV10-3_CAIMTSGRARVNTDTQYF_TRBJ2-3
CASSSTAANTEAFF	TRBV23-1	TRBJ1-1	FLCMKALLL	1	TRBV23-1_CASSSTAANTEAFF_TRBJ1-1
CASDSTDNQPQHF	TRBV19	TRBJ1-5	FLCMKALLL	1	TRBV19_CASDSTDNQPQHF_TRBJ1-5
CAAGSYEQYF	TRBV6-5	TRBJ2-7	FLCMKALLL	1	TRBV6-5_CAAGSYEQYF_TRBJ2-7
CASSQGGWRDKQYF	TRBV11-2	TRBJ2-3	FLCMKALLL	1	TRBV11-2_CASSQGGWRDKQYF_TRBJ2-3
CASSPFGLGDSPLHF	TRBV28	TRBJ1-6	FLCMKALLL	1	TRBV28_CASSPFGLGDSPLHF_TRBJ1-6
CASSWALGEQYF	TRBV25-1	TRBJ2-7	FLCMKALLL	1	TRBV25-1_CASSWALGEQYF_TRBJ2-7
CSVDAGWGGYTF	TRBV29-1	TRBJ1-2	FLCMKALLL	1	TRBV29-1_CSVDAGWGGYTF_TRBJ1-2
CASSYGSYNEQFF	TRBV6-5	TRBJ2-1	FLCMKALLL	1	TRBV6-5_CASSYGSYNEQFF_TRBJ2-1
CASSLNEAALGPSEQYF	TRBV28	TRBJ2-7	FLCMKALLL	1	TRBV28_CASSLNEAALGPSEQYF_TRBJ2-7
CASSFTVGTEAFF	TRBV13	TRBJ1-1	FLCMKALLL	1	TRBV13_CASSFTVGTEAFF_TRBJ1-1
CASNRGTGNEQFF	TRBV19	TRBJ2-1	FLCMKALLL	1	TRBV19_CASNRGTGNEQFF_TRBJ2-1
CASSLDSGHGMAFF	TRBV4-2	TRBJ1-1	FLCMKALLL	1	TRBV4-2_CASSLDSGHGMAFF_TRBJ1-1
CASSSYDPGGTGELFF	TRBV13	TRBJ2-2	FLCMKALLL	1	TRBV13_CASSSYDPGGTGELFF_TRBJ2-2
CSVEGNSYEQYF	TRBV29-1	TRBJ2-7	FLCMKALLL	1	TRBV29-1_CSVEGNSYEQYF_TRBJ2-7
CASSEWSGVGYEQYF	TRBV2	TRBJ2-7	FLCMKALLL	1	TRBV2_CASSEWSGVGYEQYF_TRBJ2-7
CASSPDSYEQYF	TRBV2	TRBJ2-7	FLCMKALLL	1	TRBV2_CASSPDSYEQYF_TRBJ2-7
CASSLGGPNYGYTF	TRBV12-3	TRBJ1-2	FLCMKALLL	1	TRBV12-3_CASSLGGPNYGYTF_TRBJ1-2
CASSYVPPGGLDYEQYF	TRBV6-5	TRBJ2-1	FLCMKALLL	1	TRBV6-5_CASSYVPPGGLDYEQYF_TRBJ2-1
CSGKLAGDRNEQFF	TRBV20-1	TRBJ2-1	FLCMKALLL	1	TRBV20-1_CSGKLAGDRNEQFF_TRBJ2-1
CATSESSGQTYEQYF	TRBV15	TRBJ2-2	FLCMKALLL	1	TRBV15_CATSESSGQTYEQYF_TRBJ2-2
CASSIFGGGLGEQFF	TRBV19	TRBJ2-7	FLCMKALLL	1	TRBV19_CASSIFGGGLGEQFF_TRBJ2-7
CALNGEISYNEQFF	TRBV2	TRBJ2-2	FLCMKALLL	1	TRBV2_CALNGEISYNEQFF_TRBJ2-2
CASSQGVNTGELFF	TRBV4-2	TRBJ2-1	FLCMKALLL	1	TRBV4-2_CASSQGVNTGELFF_TRBJ2-1
CSAETGLSYEQYF	TRBV20-1	TRBJ2-7	FLCMKALLL	1	TRBV20-1_CSAETGLSYEQYF_TRBJ2-7
CASSGRGFLNYGYTF	TRBV5-6	TRBJ1-2	NLVPMVATV	1	TRBV5-6_CASSGRGFLNYGYTF_TRBJ1-2
CASSPSWGEVNTEAFF	TRBV27	TRBJ1-1	NLVPMVATV	1	TRBV27_CASSPSWGEVNTEAFF_TRBJ1-1
CASSLRGQGFYEQFF	TRBV5-4	TRBJ2-1	NLVPMVATV	1	TRBV5-4_CASSLRGQGFYEQFF_TRBJ2-1
CASSIVAGGYNEQFF	TRBV19	TRBJ2-1	NLVPMVATV	1	TRBV19_CASSIVAGGYNEQFF_TRBJ2-1
CASSLQGIGAKNIQYF	TRBV5-1	TRBJ2-4	NLVPMVATV	1	TRBV5-1_CASSLQGIGAKNIQYF_TRBJ2-4
CASSPLRGVYYNEQFF	TRBV9	TRBJ2-1	NLVPMVATV	1	TRBV9_CASSPLRGVYYNEQFF_TRBJ2-1
CASSYPGGGFYEQYF	TRBV6-5	TRBJ2-7	LLFGFPVYV	4	TRBV6-5_CASSYPGGGFYEQYF_TRBJ2-7
CASSSGLAGVETGELFF	TRBV5-1	TRBJ2-2	NLVPMVATV	1	TRBV5-1_CASSSGLAGVETGELFF_TRBJ2-2
CASSLVGTGELFF	TRBV7-3	TRBJ2-2	NLVPMVATV	1	TRBV7-3_CASSLVGTGELFF_TRBJ2-2
CASSLQGASGYTF	TRBV6-5	TRBJ1-2	NLVPMVATV	1	TRBV6-5_CASSLQGASGYTF_TRBJ1-2
CSGDRSSDTQYF	TRBV29-1	TRBJ2-3	NLVPMVATV	1	TRBV29-1_CSGDRSSDTQYF_TRBJ2-3
CASSRDRTGRANYGYTF	TRBV7-7	TRBJ1-2	NLVPMVATV	1	TRBV7-7_CASSRDRTGRANYGYTF_TRBJ1-2
CASSPGQLQETQYF	TRBV14	TRBJ2-5	NLVPMVATV	1	TRBV14_CASSPGQLQETQYF_TRBJ2-5
CASSLGFLGPAAGNTIYF	TRBV7-2	TRBJ1-3	NLVPMVATV	1	TRBV7-2_CASSLGFLGPAAGNTIYF_TRBJ1-3
CASSPGYGSSGNTIYF	TRBV4-3	TRBJ1-3	NLVPMVATV	1	TRBV4-3_CASSPGYGSSGNTIYF_TRBJ1-3
CASSPPGLPGYTF	TRBV18	TRBJ1-2	NLVPMVATV	1	TRBV18_CASSPPGLPGYTF_TRBJ1-2
CASSLVVMGTGFTDTQYF	TRBV12-3	TRBJ2-3	NLVPMVATV	1	TRBV12-3_CASSLVVMGTGFTDTQYF_TRBJ2-3
CASSADSYGANVLTF	TRBV10-1	TRBJ2-6	NLVPMVATV	1	TRBV10-1_CASSADSYGANVLTF_TRBJ2-6
CASSRLAANTDTQYF	TRBV7-3	TRBJ2-3	QIKVRVDMV	1	TRBV7-3_CASSRLAANTDTQYF_TRBJ2-3
CASSPRTSFETQYF	TRBV7-6	TRBJ2-5	NLVPMVATV	1	TRBV7-6_CASSPRTSFETQYF_TRBJ2-5
CASSPGTFRYTF	TRBV12-4	TRBJ1-2	NLVPMVATV	1	TRBV12-4_CASSPGTFRYTF_TRBJ1-2
CASSLQVWNEQFF	TRBV27	TRBJ2-1	NLVPMVATV	1	TRBV27_CASSLQVWNEQFF_TRBJ2-1
CASSLAEKANTGELFF	TRBV4-1	TRBJ2-2	NLVPMVATV	1	TRBV4-1_CASSLAEKANTGELFF_TRBJ2-2
CSARDRGSGNTIYF	TRBV20-1	TRBJ1-3	GLCTLVAML	1	TRBV20-1_CSARDRGSGNTIYF_TRBJ1-3
CASSLVGGRHGYTF	TRBV12-4	TRBJ1-2	NLVPMVATV	1	TRBV12-4_CASSLVGGRHGYTF_TRBJ1-2
CSARGQDIYEQYF	TRBV20-1	TRBJ2-7	NLVPMVATV	1	TRBV20-1_CSARGQDIYEQYF_TRBJ2-7
CASSHTSGNGDTQYF	TRBV5-1	TRBJ2-3	NLVPMVATV	1	TRBV5-1_CASSHTSGNGDTQYF_TRBJ2-3
CASSYSGQGSAAGETQYF	TRBV6-6	TRBJ2-5	ELRRKMMYM	1	TRBV6-6_CASSYSGQGSAAGETQYF_TRBJ2-5
CASSLAEQGGELFF	TRBV7-2	TRBJ2-2	GLCTLVAML	1	TRBV7-2_CASSLAEQGGELFF_TRBJ2-2
CSARLPRDYSNQPQHF	TRBV20-1	TRBJ1-5	NLVPMVATV	1	TRBV20-1_CSARLPRDYSNQPQHF_TRBJ1-5
CASSDSRANTGELFF	TRBV25-1	TRBJ2-2	NLVPMVATV	1	TRBV25-1_CASSDSRANTGELFF_TRBJ2-2
CASSHGAAAGETEAFF	TRBV3-1	TRBJ1-1	NLVPMVATV	1	TRBV3-1_CASSHGAAAGETEAFF_TRBJ1-1
CASSHDPTWGPGNTIYF	TRBV3-1	TRBJ1-3	NLVPMVATV	1	TRBV3-1_CASSHDPTWGPGNTIYF_TRBJ1-3
CASSIFGQREQYF	TRBV19	TRBJ2-7	GILGFVFTL	1	TRBV19_CASSIFGQREQYF_TRBJ2-7
CAISELVTGDSPLHF	TRBV10-3	TRBJ1-6	HMTEVVRHC	1	TRBV10-3_CAISELVTGDSPLHF_TRBJ1-6
CASSLAGFTGELFF	TRBV27	TRBJ2-2	NLVPMVATV	1	TRBV27_CASSLAGFTGELFF_TRBJ2-2
CASSLRVNTEAFF	TRBV7-3	TRBJ1-1	QIKVRVDMV	1	TRBV7-3_CASSLRVNTEAFF_TRBJ1-1
CASRRQGTVYEQYF	TRBV28	TRBJ2-7	NLVPMVATV	1	TRBV28_CASRRQGTVYEQYF_TRBJ2-7
CASSIRATGELFF	TRBV19	TRBJ2-2	GILGFVFTL	1	TRBV19_CASSIRATGELFF_TRBJ2-2
CAISESRSRVTDTQYF	TRBV10-3	TRBJ2-3	NLVPMVATV	1	TRBV10-3_CAISESRSRVTDTQYF_TRBJ2-3
CAISEVGVGQPQHF	TRBV10-3	TRBJ1-5	AAGIGILTV	5	TRBV10-3_CAISEVGVGQPQHF_TRBJ1-5
CASSLELAAWETQYF	TRBV5-1	TRBJ2-5	NLVPMVATV	1	TRBV5-1_CASSLELAAWETQYF_TRBJ2-5
CASRIELPGAGELFF	TRBV7-8	TRBJ2-2	NLVPMVATV	1	TRBV7-8_CASRIELPGAGELFF_TRBJ2-2
CASSSRTGDQETQYF	TRBV5-4	TRBJ2-5	NLVPMVATV	1	TRBV5-4_CASSSRTGDQETQYF_TRBJ2-5
CAIDRVGTGELFF	TRBV30	TRBJ2-2	NLVPMVATV	1	TRBV30_CAIDRVGTGELFF_TRBJ2-2
CASRQENSGNTIYF	TRBV5-6	TRBJ1-3	NLVPMVATV	1	TRBV5-6_CASRQENSGNTIYF_TRBJ1-3
CASSNFLGQGDEKLFF	TRBV7-9	TRBJ1-4	NLVPMVATV	1	TRBV7-9_CASSNFLGQGDEKLFF_TRBJ1-4
CASSSQGWGRVYSEQFF	TRBV5-6	TRBJ2-1	NLVPMVATV	1	TRBV5-6_CASSSQGWGRVYSEQFF_TRBJ2-1
CASSLAQQGLAEAFF	TRBV7-6	TRBJ1-1	NLVPMVATV	1	TRBV7-6_CASSLAQQGLAEAFF_TRBJ1-1
CASSLRGRGDQPQHF	TRBV11-2	TRBJ1-5	HSKKKCDEI	4	TRBV11-2_CASSLRGRGDQPQHF_TRBJ1-5
CASSLRGRGDQPQHF	TRBV11-2	TRBJ1-5	HSKKKCDEL	4	TRBV11-2_CASSLRGRGDQPQHF_TRBJ1-5
CASSLRGRGDQPQHF	TRBV11-2	TRBJ1-5	HSRKKCDEL	4	TRBV11-2_CASSLRGRGDQPQHF_TRBJ1-5
CASSVAGGGQETQYF	TRBV9	TRBJ2-5	VVVGAVGVGK	1	TRBV9_CASSVAGGGQETQYF_TRBJ2-5
CSATPSGYGYTF	TRBV20-1	TRBJ1-2	NLVPMVATV	1	TRBV20-1_CSATPSGYGYTF_TRBJ1-2
CASSEPIGTGGNQPQHF	TRBV2	TRBJ1-5	NLVPMVATV	1	TRBV2_CASSEPIGTGGNQPQHF_TRBJ1-5
CASSIQKAGYNEQFF	TRBV19	TRBJ2-1	NLVPMVATV	1	TRBV19_CASSIQKAGYNEQFF_TRBJ2-1
CASSVEVGTGDNEQFF	TRBV9	TRBJ2-1	NLVPMVATV	1	TRBV9_CASSVEVGTGDNEQFF_TRBJ2-1
CASPGETEAFF	TRBV6-1	TRBJ1-1	LPEPLPQGQLTAY	1	TRBV6-1_CASPGETEAFF_TRBJ1-1
CASPGLAGEYEQYF	TRBV6-1	TRBJ2-7	LPEPLPQGALTAY	10	TRBV6-1_CASPGLAGEYEQYF_TRBJ2-7
CASPGLAGEYEQYF	TRBV6-1	TRBJ2-7	LPEPLPQGQATAY	10	TRBV6-1_CASPGLAGEYEQYF_TRBJ2-7
CSILGSNAGPQETQYF	TRBV29-1	TRBJ2-5	NLVPMVATV	1	TRBV29-1_CSILGSNAGPQETQYF_TRBJ2-5
CASSLASPGHFTGELFF	TRBV7-6	TRBJ2-2	NLVPMVATV	1	TRBV7-6_CASSLASPGHFTGELFF_TRBJ2-2
CASREGLGGTEAFF	TRBV6-5	TRBJ1-1	KRWIILGLNK	2	TRBV6-5_CASREGLGGTEAFF_TRBJ1-1
CASREGLGGTEAFF	TRBV6-5	TRBJ1-1	KRWIIMGLNK	2	TRBV6-5_CASREGLGGTEAFF_TRBJ1-1
CASSVGLGFTDTQYF	TRBV19	TRBJ2-3	NLVPMVATV	1	TRBV19_CASSVGLGFTDTQYF_TRBJ2-3
CASSFTWTSGGATDTQYF	TRBV11-2	TRBJ2-3	FLRGRAFGL	5	TRBV11-2_CASSFTWTSGGATDTQYF_TRBJ2-3
CASSFTWTSGGATDTQYF	TRBV11-2	TRBJ2-3	FLRGRAYGL	5	TRBV11-2_CASSFTWTSGGATDTQYF_TRBJ2-3
CASSFTWTSGGATDTQYF	TRBV11-2	TRBJ2-3	FLRGRAYVL	5	TRBV11-2_CASSFTWTSGGATDTQYF_TRBJ2-3
CASSFTWTSGGATDTQYF	TRBV11-2	TRBJ2-3	TLRGRAYGL	5	TRBV11-2_CASSFTWTSGGATDTQYF_TRBJ2-3
CASSFTWTSGGATDTQYF	TRBV11-2	TRBJ2-3	YLRGRAYGL	5	TRBV11-2_CASSFTWTSGGATDTQYF_TRBJ2-3
CASSEARQGLDTEAFF	TRBV2	TRBJ1-1	NLVPMVATV	1	TRBV2_CASSEARQGLDTEAFF_TRBJ1-1
CASSQVAGGAGGPREYNEQFF	TRBV4-3	TRBJ2-1	NLVPMVATV	1	TRBV4-3_CASSQVAGGAGGPREYNEQFF_TRBJ2-1
CASGSGLAGNEQFF	TRBV12-5	TRBJ2-1	NLVPMVATV	1	TRBV12-5_CASGSGLAGNEQFF_TRBJ2-1
CASRKLAGPTDTQYF	TRBV4-2	TRBJ2-3	NLVPMVATV	1	TRBV4-2_CASRKLAGPTDTQYF_TRBJ2-3
CASSLFAGAETQYF	TRBV27	TRBJ2-5	NLVPMVATV	1	TRBV27_CASSLFAGAETQYF_TRBJ2-5
CASSEGYIYEQYF	TRBV2	TRBJ2-7	NLVPMVATV	1	TRBV2_CASSEGYIYEQYF_TRBJ2-7
CASSPQTGVGNYGYTF	TRBV6-5	TRBJ1-2	NLVPMVATV	1	TRBV6-5_CASSPQTGVGNYGYTF_TRBJ1-2
CASSPSTGTIYGYTF	TRBV6-5	TRBJ1-2	NLVPMVATV	1	TRBV6-5_CASSPSTGTIYGYTF_TRBJ1-2
CASSPVTGGIYGYTF	TRBV6-5	TRBJ1-2	NLVPMVATV	7	TRBV6-5_CASSPVTGGIYGYTF_TRBJ1-2
CASSYQTGTGTYGYTF	TRBV6-5	TRBJ1-2	NLVPMVATV	1	TRBV6-5_CASSYQTGTGTYGYTF_TRBJ1-2
CASSEDHTGFYEQYF	TRBV6-1	TRBJ2-7	NLVPMVATV	1	TRBV6-1_CASSEDHTGFYEQYF_TRBJ2-7
CASSPTDRGNTGELFF	TRBV5-4	TRBJ2-2	NLVPMVATV	1	TRBV5-4_CASSPTDRGNTGELFF_TRBJ2-2
CASSFTLGTGGVEQYF	TRBV27	TRBJ2-7	NLVPMVATV	1	TRBV27_CASSFTLGTGGVEQYF_TRBJ2-7
CASSLKAGNQPQHF	TRBV4-1	TRBJ1-5	NLVPMVATV	1	TRBV4-1_CASSLKAGNQPQHF_TRBJ1-5
CASSRLAGNTDTQYF	TRBV7-3	TRBJ2-3	QIKVRVDMV	1	TRBV7-3_CASSRLAGNTDTQYF_TRBJ2-3
CASSRRDATRFAETQYF	TRBV11-3	TRBJ2-5	NLVPMVATV	1	TRBV11-3_CASSRRDATRFAETQYF_TRBJ2-5
CASKWGGTEAFF	TRBV12-4	TRBJ1-1	SLLMWITQC	1	TRBV12-4_CASKWGGTEAFF_TRBJ1-1
CASSLESWGRAYNEQFF	TRBV5-6	TRBJ2-1	NLVPMVATV	1	TRBV5-6_CASSLESWGRAYNEQFF_TRBJ2-1
CASSLWLNEQFF	TRBV7-2	TRBJ2-1	NLVPMVATV	1	TRBV7-2_CASSLWLNEQFF_TRBJ2-1
CASSQALPYEQYF	TRBV12-4	TRBJ2-7	NLVPMVATV	1	TRBV12-4_CASSQALPYEQYF_TRBJ2-7
CASSITLGTGGVEQYF	TRBV27	TRBJ2-7	NLVPMVATV	1	TRBV27_CASSITLGTGGVEQYF_TRBJ2-7
CASSYQGTEAFF	TRBV6-5	TRBJ1-1	ILAKFLHWL	4	TRBV6-5_CASSYQGTEAFF_TRBJ1-1
CASSLVGGPSVQFF	TRBV7-9	TRBJ2-1	NLVPMVATV	1	TRBV7-9_CASSLVGGPSVQFF_TRBJ2-1
CASSPTSGIYEQYF	TRBV4-1	TRBJ2-7	RFPLTFGWCF	2	TRBV4-1_CASSPTSGIYEQYF_TRBJ2-7
CASSPTSGIYEQYF	TRBV4-1	TRBJ2-7	RYPLTFGWCF	2	TRBV4-1_CASSPTSGIYEQYF_TRBJ2-7
CASSRTGSTYEQYF	TRBV5-6	TRBJ2-7	LPEPLPQGQLTAY	1	TRBV5-6_CASSRTGSTYEQYF_TRBJ2-7
CASSNQIYGYTF	TRBV28	TRBJ1-2	SLLMWITQC	1	TRBV28_CASSNQIYGYTF_TRBJ1-2
CASSLSGVPHNNEQFF	TRBV27	TRBJ2-1	NLVPMVATV	1	TRBV27_CASSLSGVPHNNEQFF_TRBJ2-1
CASSISAGVGVGQETQYF	TRBV19	TRBJ2-5	NLVPMVATV	1	TRBV19_CASSISAGVGVGQETQYF_TRBJ2-5
CASSFDPGSYGYTF	TRBV27	TRBJ1-2	NLVPMVATV	1	TRBV27_CASSFDPGSYGYTF_TRBJ1-2
CASTPYRRGPHLYGYTF	TRBV7-9	TRBJ1-2	NLVPMVATV	1	TRBV7-9_CASTPYRRGPHLYGYTF_TRBJ1-2
CASSLNSGLYNEQFF	TRBV5-6	TRBJ2-1	NLVPMVATV	1	TRBV5-6_CASSLNSGLYNEQFF_TRBJ2-1
CASSRGHPLQFF	TRBV13	TRBJ2-1	NLVPMVATV	1	TRBV13_CASSRGHPLQFF_TRBJ2-1
CASSEDSGGYNEQFF	TRBV6-1	TRBJ2-1	NLVPMVATV	1	TRBV6-1_CASSEDSGGYNEQFF_TRBJ2-1
CASSRQESYGYTF	TRBV5-6	TRBJ1-2	NLVPMVATV	1	TRBV5-6_CASSRQESYGYTF_TRBJ1-2
CASSFIGGTDTQYF	TRBV7-3	TRBJ2-3	ALEPGPVTA	8	TRBV7-3_CASSFIGGTDTQYF_TRBJ2-3
CASSFIGGTDTQYF	TRBV7-3	TRBJ2-3	YLEAGPVTA	8	TRBV7-3_CASSFIGGTDTQYF_TRBJ2-3
CASSFIGGTDTQYF	TRBV7-3	TRBJ2-3	YLEPGAVTA	8	TRBV7-3_CASSFIGGTDTQYF_TRBJ2-3
CASSFIGGTDTQYF	TRBV7-3	TRBJ2-3	YLEPGPATA	8	TRBV7-3_CASSFIGGTDTQYF_TRBJ2-3
CASSFIGGTDTQYF	TRBV7-3	TRBJ2-3	YLEPGPVAA	8	TRBV7-3_CASSFIGGTDTQYF_TRBJ2-3
CASSFIGGTDTQYF	TRBV7-3	TRBJ2-3	YLEPGPVTV	8	TRBV7-3_CASSFIGGTDTQYF_TRBJ2-3
CASLPTGTNTGELFF	TRBV12-4	TRBJ2-2	NLVPMVATV	1	TRBV12-4_CASLPTGTNTGELFF_TRBJ2-2
CASSDSGEAGELFF	TRBV6-4	TRBJ2-2	NLVPMVATV	1	TRBV6-4_CASSDSGEAGELFF_TRBJ2-2
CASTGSVSTDTQYF	TRBV6-6	TRBJ2-3	NLVPMVATV	1	TRBV6-6_CASTGSVSTDTQYF_TRBJ2-3
CAWSETGLGMGGWQF	TRBV30	TRBJ2-2	ELAAIGILTV	7	TRBV30_CAWSETGLGMGGWQF_TRBJ2-2
CAWSETGLGMGGWQF	TRBV30	TRBJ2-2	ELAGIGALTV	7	TRBV30_CAWSETGLGMGGWQF_TRBJ2-2
CAWSETGLGMGGWQF	TRBV30	TRBJ2-2	ELAGIGILTV	7	TRBV30_CAWSETGLGMGGWQF_TRBJ2-2
CASSHAGLGVEQYF	TRBV14	TRBJ2-7	ELAGIGILTV	10	TRBV14_CASSHAGLGVEQYF_TRBJ2-7
CASSWWDTGELFF	TRBV6-2	TRBJ2-2	RMFPNAPYL	1	TRBV6-2_CASSWWDTGELFF_TRBJ2-2
CASSRLAASTDTQYF	TRBV7-3	TRBJ2-3	QIKVRVDMV	1	TRBV7-3_CASSRLAASTDTQYF_TRBJ2-3
CASSWSFGTEAFF	TRBV6-4	TRBJ1-1	ELAGIGILTV	2	TRBV6-4_CASSWSFGTEAFF_TRBJ1-1
CASSPAGISYNSPLHF	TRBV7-9	TRBJ1-6	ELRRKMMYM	1	TRBV7-9_CASSPAGISYNSPLHF_TRBJ1-6
CASSLSFRQGLREQYF	TRBV28	TRBJ2-7	VVVGAVGVGK	1	TRBV28_CASSLSFRQGLREQYF_TRBJ2-7
CASSVDSGSTNEQFF	TRBV11-3	TRBJ2-1	NLVPMVATV	1	TRBV11-3_CASSVDSGSTNEQFF_TRBJ2-1
CAWSETGLGTGELFF	TRBV30	TRBJ2-2	AAGIGILTV	19	TRBV30_CAWSETGLGTGELFF_TRBJ2-2
CAWSETGLGTGELFF	TRBV30	TRBJ2-2	EAAGIGILTV	19	TRBV30_CAWSETGLGTGELFF_TRBJ2-2
CAWSETGLGTGELFF	TRBV30	TRBJ2-2	FATGIGIITV	19	TRBV30_CAWSETGLGTGELFF_TRBJ2-2
CAWSETGLGTGELFF	TRBV30	TRBJ2-2	FLTGIGIITV	19	TRBV30_CAWSETGLGTGELFF_TRBJ2-2
CASSELPAGGTNEQFF	TRBV10-2	TRBJ2-1	RLARLALVL	1	TRBV10-2_CASSELPAGGTNEQFF_TRBJ2-1
CASSVGTLYSGANVLTF	TRBV9	TRBJ2-6	NLVPMVATV	1	TRBV9_CASSVGTLYSGANVLTF_TRBJ2-6
CASSARSGELFF	TRBV9	TRBJ2-2	HPVAEADYFEY	9	TRBV9_CASSARSGELFF_TRBJ2-2
CASSARSGELFF	TRBV9	TRBJ2-2	HPVGDADYFEY	9	TRBV9_CASSARSGELFF_TRBJ2-2
CASSARSGELFF	TRBV9	TRBJ2-2	HPVGQADYFEY	9	TRBV9_CASSARSGELFF_TRBJ2-2
CASSPQGDNEQFF	TRBV18	TRBJ2-1	RLARLALVL	1	TRBV18_CASSPQGDNEQFF_TRBJ2-1
CASSYVSQNNEQFF	TRBV6-5	TRBJ2-1	CLGGLLTMV	6	TRBV6-5_CASSYVSQNNEQFF_TRBJ2-1
CASSLEVTGLNTEAFF	TRBV5-5	TRBJ1-1	NLVPMVATV	1	TRBV5-5_CASSLEVTGLNTEAFF_TRBJ1-1
CASSSGGLSEQYF	TRBV27	TRBJ2-7	NLVPMVATV	2	TRBV27_CASSSGGLSEQYF_TRBJ2-7
CASSFGQGSSPLHF	TRBV27	TRBJ1-6	NLVPMVATV	1	TRBV27_CASSFGQGSSPLHF_TRBJ1-6
CASSDSTSGGNEQFF	TRBV6-4	TRBJ2-1	NLVPMVATV	1	TRBV6-4_CASSDSTSGGNEQFF_TRBJ2-1
CASSRLAGASTDTQYF	TRBV7-3	TRBJ2-3	QIKVRVDMV	1	TRBV7-3_CASSRLAGASTDTQYF_TRBJ2-3
CSARGADTQYF	TRBV20-1	TRBJ2-3	NLVPMVATV	1	TRBV20-1_CSARGADTQYF_TRBJ2-3
CASSFKDTNTGELFF	TRBV27	TRBJ2-2	NLVPMVATV	1	TRBV27_CASSFKDTNTGELFF_TRBJ2-2
CASRRPGGDTEAFF	TRBV27	TRBJ1-1	NLVPMVATV	1	TRBV27_CASRRPGGDTEAFF_TRBJ1-1
CASSVEGQGDTEAFF	TRBV9	TRBJ1-1	NLVPMVATV	1	TRBV9_CASSVEGQGDTEAFF_TRBJ1-1
CASSSWDTGELFF	TRBV7-9	TRBJ2-2	RFPLTFGWCF	3	TRBV7-9_CASSSWDTGELFF_TRBJ2-2
CASSSWDTGELFF	TRBV7-9	TRBJ2-2	RYPLTFGWCF	3	TRBV7-9_CASSSWDTGELFF_TRBJ2-2
CASSSWDTGELFF	TRBV7-9	TRBJ2-2	RYPLTLGWCF	3	TRBV7-9_CASSSWDTGELFF_TRBJ2-2
CATSDSAGYNEQFF	TRBV24-1	TRBJ2-1	NLVPMVATV	1	TRBV24-1_CATSDSAGYNEQFF_TRBJ2-1
CASSFNMATGQYF	TRBV5-1	TRBJ2-7	ESDPIVAQY	3	TRBV5-1_CASSFNMATGQYF_TRBJ2-7
CASSYLGNTGELFF	TRBV6-5	TRBJ2-2	SLLMWITQC	1	TRBV6-5_CASSYLGNTGELFF_TRBJ2-2
CSARDLRLLANTGELFF	TRBV20-1	TRBJ2-2	NLVPMVATV	1	TRBV20-1_CSARDLRLLANTGELFF_TRBJ2-2
CASSLGTGELFF	TRBV5-6	TRBJ2-2	NLVPMVATV	1	TRBV5-6_CASSLGTGELFF_TRBJ2-2
CSGGQDYNEQFF	TRBV29-1	TRBJ2-1	NLVPMVATV	1	TRBV29-1_CSGGQDYNEQFF_TRBJ2-1
CASSYWDRTTSGNTIYF	TRBV6-6	TRBJ1-3	NLVPMVATV	1	TRBV6-6_CASSYWDRTTSGNTIYF_TRBJ1-3
CASSQTRTSGRVDPDTQYF	TRBV3-1	TRBJ2-3	NLVPMVATV	1	TRBV3-1_CASSQTRTSGRVDPDTQYF_TRBJ2-3
CASSDTVSYEQYF	TRBV5-6	TRBJ2-7	SLFNTIAVL	3	TRBV5-6_CASSDTVSYEQYF_TRBJ2-7
CASSDTVSYEQYF	TRBV5-6	TRBJ2-7	SLYNTIATL	3	TRBV5-6_CASSDTVSYEQYF_TRBJ2-7
CASSDTVSYEQYF	TRBV5-6	TRBJ2-7	SLYNTVATL	3	TRBV5-6_CASSDTVSYEQYF_TRBJ2-7
CASSLETVNTEAFF	TRBV7-6	TRBJ1-1	NLVPMVATV	1	TRBV7-6_CASSLETVNTEAFF_TRBJ1-1
CSVDPGHTGEKLFF	TRBV29-1	TRBJ1-4	NLVPMVATV	1	TRBV29-1_CSVDPGHTGEKLFF_TRBJ1-4
CASSRLSSNTDTQYF	TRBV7-3	TRBJ2-3	QIKVRVDMV	1	TRBV7-3_CASSRLSSNTDTQYF_TRBJ2-3
CAWGTLATEQYF	TRBV28	TRBJ2-7	RMFPNAPYL	1	TRBV28_CAWGTLATEQYF_TRBJ2-7
CASTRESTDTQYF	TRBV2	TRBJ2-3	NLVPMVATV	1	TRBV2_CASTRESTDTQYF_TRBJ2-3
CASSLGGTGWTEAFF	TRBV27	TRBJ1-1	NLVPMVATV	1	TRBV27_CASSLGGTGWTEAFF_TRBJ1-1
CASTGSYGYTF	TRBV19	TRBJ1-2	KAFSPEVIPMF	1	TRBV19_CASTGSYGYTF_TRBJ1-2
CASTGGGALGTEAFF	TRBV14	TRBJ1-1	NLVPMVATV	1	TRBV14_CASTGGGALGTEAFF_TRBJ1-1
CAISEQEDQPQHF	TRBV10-3	TRBJ1-5	NLVPMVATV	1	TRBV10-3_CAISEQEDQPQHF_TRBJ1-5
CASSPPGTSGGRNEQFF	TRBV11-2	TRBJ2-1	NLVPMVATV	1	TRBV11-2_CASSPPGTSGGRNEQFF_TRBJ2-1
CASSLGAANYNEQFF	TRBV7-9	TRBJ2-1	NLVPMVATV	1	TRBV7-9_CASSLGAANYNEQFF_TRBJ2-1
CASSDRLENNEKLFF	TRBV6-1	TRBJ1-4	NLVPMVATV	1	TRBV6-1_CASSDRLENNEKLFF_TRBJ1-4
CSARDMASGRNEQYF	TRBV20-1	TRBJ2-7	NLVPMVATV	1	TRBV20-1_CSARDMASGRNEQYF_TRBJ2-7
CASRPGWMAGGVELYF	TRBV6-5	TRBJ2-7	IAGLGLLTV	18	TRBV6-5_CASRPGWMAGGVELYF_TRBJ2-7
CASSSFYDSNEKLFF	TRBV7-9	TRBJ1-4	NLVPMVATV	1	TRBV7-9_CASSSFYDSNEKLFF_TRBJ1-4
CASSVTGTEADEQFF	TRBV5-1	TRBJ2-1	NLVPMVATV	1	TRBV5-1_CASSVTGTEADEQFF_TRBJ2-1
CASRPGLAGAQPEQYF	TRBV6-5	TRBJ2-7	LLFGYPVYV	1	TRBV6-5_CASRPGLAGAQPEQYF_TRBJ2-7
CASRPGLAGGRPEQYF	TRBV6-5	TRBJ2-7	LGYGFVNYI	27	TRBV6-5_CASRPGLAGGRPEQYF_TRBJ2-7
CASRPGLAGGRPEQYF	TRBV6-5	TRBJ2-7	LLFGFPVYV + SCM(F5)	27	TRBV6-5_CASRPGLAGGRPEQYF_TRBJ2-7
CASRPGLAGGRPEQYF	TRBV6-5	TRBJ2-7	LLFGFPVYV	27	TRBV6-5_CASRPGLAGGRPEQYF_TRBJ2-7
CASRPGLAGGRPEQYF	TRBV6-5	TRBJ2-7	LLFGKPVYV + SCM(K5)	27	TRBV6-5_CASRPGLAGGRPEQYF_TRBJ2-7
CASRPGLAGGRPEQYF	TRBV6-5	TRBJ2-7	LLFGYPRYV	27	TRBV6-5_CASRPGLAGGRPEQYF_TRBJ2-7
CASRPGLAGGRPEQYF	TRBV6-5	TRBJ2-7	MLWGYLQYV	27	TRBV6-5_CASRPGLAGGRPEQYF_TRBJ2-7
CASRPGLMSAQPEQYF	TRBV6-5	TRBJ2-7	LLFGYPVYV	3	TRBV6-5_CASRPGLMSAQPEQYF_TRBJ2-7
CASRPGLMSARPEQYF	TRBV6-5	TRBJ2-7	LLFGYPVYV	1	TRBV6-5_CASRPGLMSARPEQYF_TRBJ2-7
CASRPGLMSGRPEQYF	TRBV6-5	TRBJ2-7	LLFGYPVYV	1	TRBV6-5_CASRPGLMSGRPEQYF_TRBJ2-7
CAAGTRTDTQYF	TRBV2	TRBJ2-3	NLVPMVATV	1	TRBV2_CAAGTRTDTQYF_TRBJ2-3
CASSPGGGMNTEAFF	TRBV5-5	TRBJ1-1	NLVPMVATV	1	TRBV5-5_CASSPGGGMNTEAFF_TRBJ1-1
CASSLNGRADTQYF	TRBV27	TRBJ2-3	NLVPMVATV	1	TRBV27_CASSLNGRADTQYF_TRBJ2-3
CSARDHGGDYGYTF	TRBV20-1	TRBJ1-2	NLVPMVATV	1	TRBV20-1_CSARDHGGDYGYTF_TRBJ1-2
CASSLGQGNSPLHF	TRBV7-9	TRBJ1-6	NLVPMVATV	1	TRBV7-9_CASSLGQGNSPLHF_TRBJ1-6
CASRRGPYEQYF	TRBV25-1	TRBJ2-7	KLVALGINAV	1	TRBV25-1_CASRRGPYEQYF_TRBJ2-7
CAISVSGTRVYNEQFF	TRBV10-3	TRBJ2-1	NLVPMVATV	1	TRBV10-3_CAISVSGTRVYNEQFF_TRBJ2-1
CASSDHSVTGISSPLHF	TRBV7-9	TRBJ1-6	TPRVTGGGAM	1	TRBV7-9_CASSDHSVTGISSPLHF_TRBJ1-6
CASSYASNQPQHF	TRBV6-2	TRBJ1-5	NLVPMVATV	1	TRBV6-2_CASSYASNQPQHF_TRBJ1-5
CASSSGIYGYTF	TRBV19	TRBJ1-2	NLVPMVATV	1	TRBV19_CASSSGIYGYTF_TRBJ1-2
CASSLGQGLLYGYTF	TRBV11-2	TRBJ1-2	GTSGAPIVNR	7	TRBV11-2_CASSLGQGLLYGYTF_TRBJ1-2
CASSLGQGLLYGYTF	TRBV11-2	TRBJ1-2	GTSGSPIIDK	7	TRBV11-2_CASSLGQGLLYGYTF_TRBJ1-2
CASSLGQGLLYGYTF	TRBV11-2	TRBJ1-2	GTSGSPIINR	7	TRBV11-2_CASSLGQGLLYGYTF_TRBJ1-2
CASSLGQGLLYGYTF	TRBV11-2	TRBJ1-2	GTSGSPIVAR	7	TRBV11-2_CASSLGQGLLYGYTF_TRBJ1-2
CASSLGQGLLYGYTF	TRBV11-2	TRBJ1-2	GTSGSPIVDR	7	TRBV11-2_CASSLGQGLLYGYTF_TRBJ1-2
CASSLGQGLLYGYTF	TRBV11-2	TRBJ1-2	GTSGSPIVNR	7	TRBV11-2_CASSLGQGLLYGYTF_TRBJ1-2
CASSMSAMGTEAFF	TRBV19	TRBJ1-1	FEDLRVLSF	3	TRBV19_CASSMSAMGTEAFF_TRBJ1-1
CAISEYPPTGRKADTQYF	TRBV10-3	TRBJ2-3	NLVPMVATV	1	TRBV10-3_CAISEYPPTGRKADTQYF_TRBJ2-3
CSAADRGLGETQYF	TRBV20-1	TRBJ2-5	NLVPMVATV	1	TRBV20-1_CSAADRGLGETQYF_TRBJ2-5
CASSLGQAYEQYF	TRBV7-8	TRBJ2-7	EEYLKAWTF	12	TRBV7-8_CASSLGQAYEQYF_TRBJ2-7
CASSLGQAYEQYF	TRBV7-8	TRBJ2-7	EEYLQAFTY	12	TRBV7-8_CASSLGQAYEQYF_TRBJ2-7
CASSLGQAYEQYF	TRBV7-8	TRBJ2-7	FLRGRAFGL	12	TRBV7-8_CASSLGQAYEQYF_TRBJ2-7
CASSLGQAYEQYF	TRBV7-8	TRBJ2-7	FLRGRAYGL	12	TRBV7-8_CASSLGQAYEQYF_TRBJ2-7
CASSLGQAYEQYF	TRBV7-8	TRBJ2-7	FLRGRAYVL	12	TRBV7-8_CASSLGQAYEQYF_TRBJ2-7
CASSLGQAYEQYF	TRBV7-8	TRBJ2-7	TLRGRAYGL	12	TRBV7-8_CASSLGQAYEQYF_TRBJ2-7
CASSLGQAYEQYF	TRBV7-8	TRBJ2-7	YLRGRAYGL	12	TRBV7-8_CASSLGQAYEQYF_TRBJ2-7
CASSFPREPNYGYTF	TRBV5-1	TRBJ1-2	SLLMWITQC	1	TRBV5-1_CASSFPREPNYGYTF_TRBJ1-2
CASRGTGGGSGQPQHF	TRBV4-1	TRBJ1-5	NLVPMVATV	1	TRBV4-1_CASRGTGGGSGQPQHF_TRBJ1-5
CASSQVGTVYGYTF	TRBV4-1	TRBJ1-2	NLVPMVATV	1	TRBV4-1_CASSQVGTVYGYTF_TRBJ1-2
CASKVYGYTF	TRBV7-2	TRBJ1-2	GARGVGKSAL	1	TRBV7-2_CASKVYGYTF_TRBJ1-2
CSVEGDTGELFF	TRBV29-1	TRBJ2-2	NLVPMVATV	1	TRBV29-1_CSVEGDTGELFF_TRBJ2-2
CASSQGLAGEVYTGELFF	TRBV5-1	TRBJ2-2	NLVPMVATV	1	TRBV5-1_CASSQGLAGEVYTGELFF_TRBJ2-2
CASSQRQEGDTQYF	TRBV28	TRBJ2-3	APRGPHGGAASGL	1	TRBV28_CASSQRQEGDTQYF_TRBJ2-3
CASSLDRPSGMAAETQYF	TRBV5-1	TRBJ2-5	NLVPMVATV	1	TRBV5-1_CASSLDRPSGMAAETQYF_TRBJ2-5
CASSINRDLLNGYTF	TRBV5-1	TRBJ1-2	NLVPMVATV	1	TRBV5-1_CASSINRDLLNGYTF_TRBJ1-2
CASSGGHTGSNEQFF	TRBV9	TRBJ2-1	APRGPHGGAASGL	1	TRBV9_CASSGGHTGSNEQFF_TRBJ2-1
CASSYDRGPREGYTF	TRBV4-1	TRBJ1-2	NLVPMVATV	1	TRBV4-1_CASSYDRGPREGYTF_TRBJ1-2
CASSPSDYGYTF	TRBV7-3	TRBJ1-2	NLVPMVATV	1	TRBV7-3_CASSPSDYGYTF_TRBJ1-2
CASTHGTSGEDTQYF	TRBV12-4	TRBJ2-3	NLVPMVATV	1	TRBV12-4_CASTHGTSGEDTQYF_TRBJ2-3
CASSRLAGGTDTQYF	TRBV7-3	TRBJ2-3	QIKVRVDMV	1	TRBV7-3_CASSRLAGGTDTQYF_TRBJ2-3
CASLAGVRTDTQYF	TRBV12-3	TRBJ2-3	NLVPMVATV	1	TRBV12-3_CASLAGVRTDTQYF_TRBJ2-3
CASSFVSFDEQFF	TRBV28	TRBJ2-1	NLVPMVATV	1	TRBV28_CASSFVSFDEQFF_TRBJ2-1
CASSEGLGGALYGYTF	TRBV6-1	TRBJ1-2	NLVPMVATV	1	TRBV6-1_CASSEGLGGALYGYTF_TRBJ1-2
CASSPDYDQETQYF	TRBV7-9	TRBJ2-5	NLVPMVATV	1	TRBV7-9_CASSPDYDQETQYF_TRBJ2-5
CASSGGQLAPGELFF	TRBV2	TRBJ2-2	GLCTLVAML	1	TRBV2_CASSGGQLAPGELFF_TRBJ2-2
CASSYPEVAPSEQFF	TRBV6-2	TRBJ2-1	GLCTLVAML	1	TRBV6-2_CASSYPEVAPSEQFF_TRBJ2-1
CASSEGLWQVGDEQYF	TRBV6-1	TRBJ2-7	HMTEVVRHC	1	TRBV6-1_CASSEGLWQVGDEQYF_TRBJ2-7
CASGQGNFDIQYF	TRBV6-3	TRBJ2-4	FLRGRAYGL	1	TRBV6-3_CASGQGNFDIQYF_TRBJ2-4
CASSPASGSLFF	TRBV12-3	TRBJ2-1	NLVPMVATV	1	TRBV12-3_CASSPASGSLFF_TRBJ2-1
CASSGASHEQYF	TRBV27	TRBJ2-7	RFPLTFGWCF	2	TRBV27_CASSGASHEQYF_TRBJ2-7
CASSGASHEQYF	TRBV27	TRBJ2-7	RYPLTFGWCF	2	TRBV27_CASSGASHEQYF_TRBJ2-7
