CDR3_beta	V_beta	J_beta	count
CAAAGEADTQYF	TRBV10-3	TRBJ2-3	1
CAAAPGSYEQYF	TRBV6-6	TRBJ2-7	1
CAAAPSDSLQETQYF	TRBV10-3	TRBJ2-5	1
CAAAPSGLLNNEQFF	TRBV28	TRBJ2-1	1
CAADSRGGVTEAFF	TRBV6-1	TRBJ1-1	1
CAAEDGPSGNTIYF	TRBV10-3	TRBJ1-3	1
CAAEGGFSGNTIYF	TRBV28	TRBJ1-3	1
CAAEGGGPLTDTQYF	TRBV7-9	TRBJ2-3	1
CAAFSPGPGHHYGYTF	TRBV6-6	TRBJ1-2	1
CAAGEETQYF	TRBV27	TRBJ2-5	1
CAAGGGGTEKLFF	TRBV10-3	TRBJ1-4	45
CAAGLAGLPGELFF	TRBV24-1	TRBJ2-2	1
CAAGPSYNEQFF	TRBV19	TRBJ2-1	1
CAAGRGSVDTQYF	TRBV6-3	TRBJ2-3	1
CAAGSGANVLTF	TRBV27	TRBJ2-6	1
CAAGTSDLGEQFF	TRBV9	TRBJ2-1	1
CAAGTVNTGELFF	TRBV10-3	TRBJ2-2	1
CAAKERGTDYGYTF	TRBV19	TRBJ1-2	1
CAAKGADQETQYF	TRBV6-1	TRBJ2-5	1
CAALIGIEQFF	TRBV7-9	TRBJ2-1	1
CAAPSGIPLYNEQFF	TRBV6-5	TRBJ2-1	1
CAAPSQAADYNEQFF	TRBV30	TRBJ2-1	1
CAAQNGNPNEKLFF	TRBV6-1	TRBJ1-4	1
CAARGLLGTDPYNEQFF	TRBV6-1	TRBJ2-1	1
CAASGDRGDEQFF	TRBV30	TRBJ2-1	1
CAASGGSNSPLHF	TRBV29-1	TRBJ1-6	1
CAASGRASETQYF	TRBV19	TRBJ2-5	1
CAATDRNYGYTF	TRBV7-9	TRBJ1-2	1
CAAWEGQGGHNEQFF	TRBV28	TRBJ2-1	1
CAAYQAGDEQFF	TRBV2	TRBJ2-1	1
CACDGSERTSSYEQYF	TRBV30	TRBJ2-7	1
CACGTYSANNEQFF	TRBV19	TRBJ2-1	1
CACKLGNQETQYF	TRBV30	TRBJ2-5	1
CACLATGELFF	TRBV30	TRBJ2-2	1
CACLGQGDGYEQYF	TRBV7-9	TRBJ2-7	1
CACLLRGRPYEQYF	TRBV30	TRBJ2-7	1
CACPGTSGASGANVLTF	TRBV6-1	TRBJ2-6	1
CACRQPATEAFF	TRBV6-3	TRBJ1-1	1
CACRSQGTLYEQYF	TRBV6-3	TRBJ2-7	1
CAENAVSTDTQYF	TRBV30	TRBJ2-3	1
CAETGEVRTYEQYF	TRBV10-3	TRBJ2-7	4
CAFELLRSYGYTF	TRBV30	TRBJ1-2	1
CAFPKGGAMGTEAFF	TRBV30	TRBJ1-1	1
CAFQPSGSIYEQYF	TRBV30	TRBJ2-7	1
CAFSTGSNYGYTF	TRBV30	TRBJ1-2	1
CAFTSGDSYNEQFF	TRBV30	TRBJ2-1	1
CAGARVDTQYF	TRBV7-9	TRBJ2-3	1
CAGATGLGEQFF	TRBV19	TRBJ2-1	1
CAGDLSEGYTF	TRBV6-1	TRBJ1-2	1
CAGDRGEDYGYTF	TRBV2	TRBJ1-2	1
CAGDSPDLRPEAFF	TRBV30	TRBJ1-1	1
CAGGGPRDVEQFF	TRBV25-1	TRBJ2-1	1
CAGGQGYYEQYF	TRBV2	TRBJ2-7	1
CAGGTGAYNEQFF	TRBV21-1	TRBJ2-1	1
CAGGTYNQPQHF	TRBV19	TRBJ1-5	1
CAGGVPGNTIYF	TRBV12-4	TRBJ1-3	1
CAGGWGNTEAFF	TRBV7-9	TRBJ1-1	1
CAGIQNPLYGYTF	TRBV5-1	TRBJ1-2	1
CAGIRTGTGPSPNYGYTF	TRBV2	TRBJ1-2	1
CAGKLDPGELFF	TRBV2	TRBJ2-2	1
CAGLRQSELGQYEQYF	TRBV2	TRBJ2-7	1
CAGPTGEGGHGYTF	TRBV2	TRBJ1-2	1
CAGQAGDSTSTDTQYF	TRBV6-3	TRBJ2-3	1
CAGRAGRADSPLHF	TRBV7-9	TRBJ1-6	1
CAGRDAATEAFF	TRBV7-9	TRBJ1-1	1
CAGRDRGNGELFF	TRBV6-6	TRBJ2-2	1
CAGRFENTEAFF	TRBV7-9	TRBJ1-1	1
CAGRGTDDYGYTF	TRBV19	TRBJ1-2	1
CAGRRAGWQETQYF	TRBV7-9	TRBJ2-5	1
CAGRTGDNYEQYF	TRBV10-3	TRBJ2-7	1
CAGRTGSNQPQHF	TRBV6-1	TRBJ1-5	3
CAGSGGGANYGYTF	TRBV7-8	TRBJ1-2	1
CAGSGYNEKLFF	TRBV12-5	TRBJ1-4	1
CAGSPGAQPYEQYF	TRBV30	TRBJ2-7	1
CAGSRSDRVNQPQHF	TRBV28	TRBJ1-5	1
CAGSTGQGLDEQYF	TRBV2	TRBJ2-7	1
CAGSVGASGYEQYF	TRBV2	TRBJ2-7	1
CAGVQDRGTDTQYF	TRBV2	TRBJ2-3	1
CAGYDGTEAFF	TRBV30	TRBJ1-1	1
CAHASPTTGGAGAPGANVLTF	TRBV28	TRBJ2-6	1
CAHLAQGGVGTEAFF	TRBV6-1	TRBJ1-1	1
CAIAAGLGYGYTF	TRBV12-4	TRBJ1-2	1
CAIADRAYEQYF	TRBV6-3	TRBJ2-7	1
CAIAPTPSGGDEQFF	TRBV4-1	TRBJ2-1	1
CAIEAGGSGNTIYF	TRBV10-3	TRBJ1-3	1
CAIETSEETQYF	TRBV7-7	TRBJ2-5	1
CAIEVTDTQYF	TRBV12-3	TRBJ2-3	1
CAIFRISYEQYF	TRBV10-3	TRBJ2-7	1
CAIGADTQYF	TRBV10-3	TRBJ2-3	1
CAIGASGGADTQYF	TRBV10-3	TRBJ2-3	1
CAIGDRSNYGYTF	TRBV10-3	TRBJ1-2	1
CAIGEQKGTDTQYF	TRBV10-3	TRBJ2-3	1
CAIGGASTDTQYF	TRBV27	TRBJ2-3	1
CAIGGRAYEQYF	TRBV10-3	TRBJ2-7	1
CAIGGVSYEQYF	TRBV7-9	TRBJ2-7	1
CAIGLAGDTQYF	TRBV10-3	TRBJ2-3	1
CAIGNTDGYTF	TRBV10-3	TRBJ1-2	1
CAIGRFAGSSTDTQYF	TRBV10-3	TRBJ2-3	1
CAIGRGNTEAFF	TRBV12-3	TRBJ1-1	1
CAIGSLGGRTEAFF	TRBV19	TRBJ1-1	1
CAIGSQSRNSPLHF	TRBV10-3	TRBJ1-6	1
CAIGTGDTNQPQHF	TRBV10-3	TRBJ1-5	4
CAIGTGVETQYF	TRBV15	TRBJ2-5	1
CAIGTSVGYEQYF	TRBV10-3	TRBJ2-7	1
CAIIATSGANYNEQFF	TRBV10-3	TRBJ2-1	1
CAIKAGDRSPYEQYF	TRBV10-3	TRBJ2-7	1
CAIKEANNEQFF	TRBV10-3	TRBJ2-1	1
CAIKKGEGVIAYEQYF	TRBV10-3	TRBJ2-7	1
CAIKRERGYTGELFF	TRBV10-3	TRBJ2-2	1
CAIKRLSTDTQYF	TRBV7-9	TRBJ2-3	1
CAIKSGDYEQYF	TRBV10-3	TRBJ2-7	1
CAIKTSGRAYEQYF	TRBV10-3	TRBJ2-7	1
CAIKVTENTEAFF	TRBV10-3	TRBJ1-1	1
CAILAPGNEQFF	TRBV28	TRBJ2-1	1
CAILDGTIYNEQFF	TRBV12-4	TRBJ2-1	1
CAILGDRGNTGELFF	TRBV10-3	TRBJ2-2	1
CAILNRVGSPGYTF	TRBV2	TRBJ1-2	1
CAILTGRDWNTEAFF	TRBV7-9	TRBJ1-1	1
CAIMGGGHNEQFF	TRBV10-3	TRBJ2-1	1
CAIMIGTEAFF	TRBV10-3	TRBJ1-1	1
CAIMRGTGEQETQYF	TRBV10-3	TRBJ2-5	1
CAIMTDSSGNTIYF	TRBV10-3	TRBJ1-3	6
CAIMTNYGYTF	TRBV10-3	TRBJ1-2	1
CAINEREATRTDTQYF	TRBV10-3	TRBJ2-3	1
CAINHGAREQYF	TRBV10-3	TRBJ2-7	1
CAINPGLADYNEQFF	TRBV10-3	TRBJ2-1	1
CAINPLGSSSKKGTQYF	TRBV10-3	TRBJ2-3	2
CAINTGDSNQPQHF	TRBV10-3	TRBJ1-5	1
CAINTGTTEAYGYTF	TRBV3-1	TRBJ1-2	1
CAINTPSSGGAGEQFF	TRBV10-3	TRBJ2-1	1
CAIPGPSNTEAFF	TRBV28	TRBJ1-1	1
CAIPVAGDYGYTF	TRBV2	TRBJ1-2	1
CAIQEALGAYEQYF	TRBV10-3	TRBJ2-7	1
CAIQGLGESETQYF	TRBV28	TRBJ2-5	1
CAIQGSTEAFF	TRBV10-3	TRBJ1-1	1
CAIQSSYNSPLHF	TRBV10-3	TRBJ1-6	1
CAIQTDTQYF	TRBV12-4	TRBJ2-3	1
CAIRADNSGNTIYF	TRBV10-3	TRBJ1-3	1
CAIRDNQETQYF	TRBV7-9	TRBJ2-5	1
CAIRDSGGQSSTDTQYF	TRBV10-3	TRBJ2-3	1
CAIRDSGSSYEQYF	TRBV10-3	TRBJ2-7	1
CAIRDVSSTDTQYF	TRBV10-3	TRBJ2-3	1
CAIRELPTRTDTQYF	TRBV10-3	TRBJ2-3	1
CAIRESGQGENYGYTF	TRBV10-3	TRBJ1-2	1
CAIRGDGTEAFF	TRBV10-3	TRBJ1-1	1
CAIRGDSDYEQYF	TRBV10-3	TRBJ2-7	1
CAIRGLKQGQGDGYTF	TRBV10-3	TRBJ1-2	1
CAIRGQNIQYF	TRBV12-4	TRBJ2-4	1
CAIRGQSSYEQYF	TRBV10-3	TRBJ2-7	1
CAIRIADYNEQFF	TRBV6-3	TRBJ2-1	1
CAIRIAGGPDEQYF	TRBV6-1	TRBJ2-7	1
CAIRKRSSYNEQFF	TRBV10-3	TRBJ2-1	1
CAIRLGNQPQHF	TRBV19	TRBJ1-5	1
CAIRMTTNTDTQYF	TRBV10-3	TRBJ2-3	1
CAIRNRDSLSYEQYF	TRBV10-3	TRBJ2-7	1
CAIRPDTGLALGEQYF	TRBV10-3	TRBJ2-7	1
CAIRPGQGAREQYF	TRBV10-3	TRBJ2-7	1
CAIRQAQIIYGYTF	TRBV10-3	TRBJ1-2	1
CAIRQGDSNQPQHF	TRBV12-3	TRBJ1-5	1
CAIRQTVLRPLHF	TRBV10-3	TRBJ1-6	1
CAIRRDRPDEQYF	TRBV10-3	TRBJ2-7	1
CAIRRGRGEQYF	TRBV10-3	TRBJ2-7	1
CAIRSEDRVSAFSPLHF	TRBV10-3	TRBJ1-6	1
CAIRSGQGRPDTQYF	TRBV10-3	TRBJ2-3	1
CAIRSGTDTQYF	TRBV12-4	TRBJ2-3	1
CAIRTDGQGPGELFF	TRBV10-3	TRBJ2-2	1
CAIRTNSGELFF	TRBV10-3	TRBJ2-2	1
CAIRTPFGTQYF	TRBV10-3	TRBJ2-5	1
CAIRTSGGAEEQYF	TRBV10-3	TRBJ2-7	1
CAIRVHPQASGATDTQYF	TRBV10-3	TRBJ2-3	1
CAIRWGTEAFF	TRBV19	TRBJ1-1	1
CAIRYRDTSSDSGANVLTF	TRBV6-6	TRBJ2-6	1
CAISAAGEYQETQYF	TRBV10-3	TRBJ2-5	1
CAISAASGGPYEQYF	TRBV10-3	TRBJ2-7	1
CAISADRGSLGYTF	TRBV10-3	TRBJ1-2	1
CAISAETGSTDTQYF	TRBV10-3	TRBJ2-3	1
CAISAGDSPLHF	TRBV10-3	TRBJ1-6	7
CAISAGHIAKNIQYF	TRBV10-3	TRBJ2-4	1
CAISAGTEYGYTF	TRBV10-3	TRBJ1-2	1
CAISAIGQGIFTGELFF	TRBV10-3	TRBJ2-2	1
CAISALQNRGGYTF	TRBV10-3	TRBJ1-2	6
CAISALSEGSTGELFF	TRBV10-3	TRBJ2-2	1
CAISAPSGRLWDTQYF	TRBV10-3	TRBJ2-3	1
CAISARQPWIGNTIYF	TRBV10-3	TRBJ1-3	1
CAISASDREFHEQYF	TRBV10-3	TRBJ2-7	1
CAISASQTTYGYTF	TRBV10-3	TRBJ1-2	1
CAISATGVETQYF	TRBV10-3	TRBJ2-5	1
CAISDAGGPSSYEQYF	TRBV10-3	TRBJ2-7	1
CAISDDGAEGYTF	TRBV10-3	TRBJ1-2	1
CAISDEGANEKLFF	TRBV10-3	TRBJ1-4	1
CAISDFFAPNYGYTF	TRBV10-3	TRBJ1-2	1
CAISDFNTEAFF	TRBV10-3	TRBJ1-1	1
CAISDGAGPYNSPLHF	TRBV10-3	TRBJ1-6	1
CAISDGGNTDTQYF	TRBV10-3	TRBJ2-3	1
CAISDGGTGELFF	TRBV10-3	TRBJ2-2	1
CAISDGPALAQYF	TRBV10-3	TRBJ2-3	1
CAISDGTGGSDEAFF	TRBV10-3	TRBJ1-1	1
CAISDLAGETQYF	TRBV10-3	TRBJ2-5	1
CAISDLEGRETQYF	TRBV10-3	TRBJ2-5	1
CAISDLGSYGYTF	TRBV10-3	TRBJ1-2	1
CAISDLGTGPQSSYGYTF	TRBV10-3	TRBJ1-2	1
CAISDLLRGPTDTQYF	TRBV10-3	TRBJ2-3	1
CAISDLPGQGTYEQYF	TRBV10-3	TRBJ2-7	1
CAISDNSGSSGTGELFF	TRBV10-3	TRBJ2-2	1
CAISDPDRAGHIQYF	TRBV10-3	TRBJ2-4	1
CAISDPDRTGDEQYF	TRBV10-3	TRBJ2-7	1
CAISDPDRVPLDEQFF	TRBV10-3	TRBJ2-1	1
CAISDPFGTGSYEQYF	TRBV10-3	TRBJ2-7	1
CAISDPGLAGGGGEQFF	TRBV10-3	TRBJ2-1	208
CAISDPGQGYTEAFF	TRBV10-3	TRBJ1-1	1
CAISDPGSAYEQYF	TRBV10-3	TRBJ2-7	1
CAISDPLDRGVNTGELFF	TRBV10-3	TRBJ2-2	1
CAISDPQDRRSYNEQFF	TRBV10-3	TRBJ2-1	1
CAISDPSRQGLTGELFF	TRBV10-3	TRBJ2-2	1
CAISDQGPYQPQHF	TRBV6-5	TRBJ1-5	1
CAISDRADEAGNTIYF	TRBV10-3	TRBJ1-3	1
CAISDRGGAYNEQFF	TRBV10-3	TRBJ2-1	1
CAISDRLAGGGTDTQYF	TRBV10-3	TRBJ2-3	1
CAISDRNYGYTF	TRBV10-3	TRBJ1-2	1
CAISDRVPEQFF	TRBV10-3	TRBJ2-1	1
CAISDSGANVLTF	TRBV10-3	TRBJ2-6	1
CAISDSLLAGDPYEQYF	TRBV10-3	TRBJ2-7	1
CAISDSSGGAGHTQYF	TRBV10-3	TRBJ2-3	1
CAISDTGELFF	TRBV25-1	TRBJ2-2	1
CAISDTGQGKTEAFF	TRBV10-3	TRBJ1-1	1
CAISDTVSERSPLHF	TRBV10-3	TRBJ1-6	2
CAISDYPGLAGGGNEQFF	TRBV10-3	TRBJ2-1	1
CAISEAAGEGPGEQFF	TRBV10-3	TRBJ2-1	1
CAISEAGRGNTIYF	TRBV10-3	TRBJ1-3	1
CAISEAGTGYNEQFF	TRBV10-3	TRBJ2-1	1
CAISEATDTQYF	TRBV10-3	TRBJ2-3	1
CAISEDESGAYNEQFF	TRBV10-3	TRBJ2-1	1
CAISEDGKNTEAFF	TRBV10-3	TRBJ1-1	1
CAISEDLGLLEAFF	TRBV10-3	TRBJ1-1	1
CAISEDRGPGYGYTF	TRBV10-3	TRBJ1-2	1
CAISEDRLSNTEAFF	TRBV10-3	TRBJ1-1	1
CAISEDTRGYEQYF	TRBV10-3	TRBJ2-7	1
CAISEEGGNQPQHF	TRBV10-3	TRBJ1-5	1
CAISEEQGVRIYEQYF	TRBV10-3	TRBJ2-7	1
CAISEESLLADSTDTQYF	TRBV10-3	TRBJ2-3	1
CAISEEWGFILETQYF	TRBV10-3	TRBJ2-5	1
CAISEEWVAGVLLLGDTQYF	TRBV10-3	TRBJ2-3	1
CAISEFLDLGSPAGELFF	TRBV10-3	TRBJ2-2	1
CAISEGAVDGYTF	TRBV10-3	TRBJ1-2	1
CAISEGDGYTF	TRBV10-3	TRBJ1-2	1
CAISEGDSFGRTF	TRBV10-3	TRBJ1-2	1
CAISEGFRLYNEQFF	TRBV10-3	TRBJ2-1	1
CAISEGGEQYF	TRBV10-3	TRBJ2-7	1
CAISEGGQGVISNEKLFF	TRBV10-3	TRBJ1-4	1
CAISEGIGQNYGYTF	TRBV10-3	TRBJ1-2	1
CAISEGQAYEQYF	TRBV10-3	TRBJ2-7	1
CAISEGQDFGNTIYF	TRBV10-3	TRBJ1-3	11
CAISEGQGWNYGYTF	TRBV10-3	TRBJ1-2	1
CAISEGRGASGYTF	TRBV10-3	TRBJ1-2	1
CAISEGSSGGSEQFF	TRBV10-3	TRBJ2-1	1
CAISEGTGAYEQYF	TRBV10-3	TRBJ2-7	1
CAISEGTGSAYEQYF	TRBV10-3	TRBJ2-7	1
CAISEGTGSYNEQFF	TRBV10-3	TRBJ2-1	1
CAISEGTYSYTF	TRBV10-3	TRBJ1-2	1
CAISEGVWTYEQYF	TRBV10-3	TRBJ2-7	2
CAISEGWRGTDTQYF	TRBV10-3	TRBJ2-3	1
CAISEHPDRSGNTIYF	TRBV10-3	TRBJ1-3	1
CAISEIWTGREDNSYEQYF	TRBV10-3	TRBJ2-7	1
CAISEKGSGTEAFF	TRBV10-3	TRBJ1-1	1
CAISEKRGSGGEQFF	TRBV10-3	TRBJ2-1	1
CAISEKYSGGASVENEQFF	TRBV10-3	TRBJ2-1	1
CAISELDRVGYEQYF	TRBV10-3	TRBJ2-7	1
CAISELFLAGPMRGTQYF	TRBV10-3	TRBJ2-5	5
CAISELGAEQYF	TRBV10-3	TRBJ2-7	1
CAISELGGTSGRARETQYF	TRBV10-3	TRBJ2-5	1
CAISELGLAGEQYF	TRBV10-3	TRBJ2-7	1
CAISELGQHEQYF	TRBV10-3	TRBJ2-7	1
CAISELGSNSPLHF	TRBV10-3	TRBJ1-6	1
CAISELIAQSYGYTF	TRBV10-3	TRBJ1-2	1
CAISELLAEPTYNEQFF	TRBV10-3	TRBJ2-1	2
CAISELRGRKEKLFF	TRBV10-3	TRBJ1-4	1
CAISELSRENNLAKNIQYF	TRBV10-3	TRBJ2-4	1
CAISENGGTVYNSPLHF	TRBV10-3	TRBJ1-6	1
CAISENQGPETQYF	TRBV10-3	TRBJ2-5	1
CAISEPGLLSGANVLTF	TRBV10-3	TRBJ2-6	1
CAISEPGQSSSYNEQFF	TRBV10-3	TRBJ2-1	1
CAISEPGRVRGSYEQYF	TRBV10-3	TRBJ2-7	1
CAISEPGSSYNEQFF	TRBV10-3	TRBJ2-1	1
CAISEPLLAGGNNEQFF	TRBV10-3	TRBJ2-1	1
CAISEPPEGTSYEQYF	TRBV10-3	TRBJ2-7	1
CAISEPRQNTEAFF	TRBV10-3	TRBJ1-1	2
CAISEPSGGVYTEAFF	TRBV10-3	TRBJ1-1	1
CAISEPSQGVDYGYTF	TRBV10-3	TRBJ1-2	1
CAISEPSTTNTEAFF	TRBV10-3	TRBJ1-1	1
CAISEPTRDTPETQYF	TRBV10-3	TRBJ2-5	1
CAISEPWRINEQFF	TRBV10-3	TRBJ2-1	1
CAISEQDQYWLFF	TRBV10-3	TRBJ2-2	1
CAISEQGGGNQPQHF	TRBV10-3	TRBJ1-5	1
CAISEQGLAHSYEQYF	TRBV10-3	TRBJ2-7	1
CAISEQRTGGIYGYTF	TRBV10-3	TRBJ1-2	1
CAISERDRDVNQPQHF	TRBV10-3	TRBJ1-5	1
CAISERGQSSYNSPLHF	TRBV10-3	TRBJ1-6	1
CAISERREGPSYNEQFF	TRBV10-3	TRBJ2-1	1
CAISERRGSGNQPQHF	TRBV10-3	TRBJ1-5	1
CAISESAVGPQNIQYF	TRBV10-3	TRBJ2-4	1
CAISESDPTDTQYF	TRBV10-3	TRBJ2-3	1
CAISESDYGQFF	TRBV10-3	TRBJ2-1	1
CAISESETESYEQYF	TRBV10-3	TRBJ2-7	1
CAISESFDNEQFF	TRBV10-3	TRBJ2-1	1
CAISESFRTGGPETQYF	TRBV10-3	TRBJ2-5	1
CAISESGAFNEQFF	TRBV10-3	TRBJ2-1	1
CAISESGAPGEKLFF	TRBV10-3	TRBJ1-4	1
CAISESGASGGLQETQYF	TRBV10-3	TRBJ2-5	1
CAISESGDYEQFF	TRBV10-3	TRBJ2-1	3
CAISESGETWVTDTQYF	TRBV10-3	TRBJ2-3	1
CAISESGGGSPLHF	TRBV10-3	TRBJ1-6	1
CAISESGGTEAFF	TRBV10-3	TRBJ1-1	1
CAISESGILENTGELFF	TRBV10-3	TRBJ2-2	1
CAISESGLAGAPEETQYF	TRBV10-3	TRBJ2-5	1
CAISESGLAGQETQYF	TRBV10-3	TRBJ2-5	1
CAISESGLEAFF	TRBV10-3	TRBJ1-1	1
CAISESGPPPDPLHF	TRBV10-3	TRBJ1-6	1
CAISESGSGGPGSRFF	TRBV10-3	TRBJ2-1	1
CAISESGSTGYTF	TRBV10-3	TRBJ1-2	1
CAISESGTGSVFDGYTF	TRBV10-3	TRBJ1-2	1
CAISESGVGNQPQHF	TRBV10-3	TRBJ1-5	1
CAISESGWYDSYGYTF	TRBV10-3	TRBJ1-2	1
CAISESILWVVRMNTEAFF	TRBV10-3	TRBJ1-1	1
CAISESIRQLNEKLFF	TRBV10-3	TRBJ1-4	1
CAISESISSTNTEAFF	TRBV10-3	TRBJ1-1	1
CAISESLAGRTYNEQFF	TRBV10-3	TRBJ2-1	1
CAISESLQTNTEAFF	TRBV10-3	TRBJ1-1	1
CAISESMGSRTGELFF	TRBV10-3	TRBJ2-2	1
CAISESNKGTPGYTF	TRBV10-3	TRBJ1-2	4
CAISESPGLAGGRFSNEQFF	TRBV10-3	TRBJ2-1	1
CAISESPGPEKNTEAFF	TRBV10-3	TRBJ1-1	1
CAISESPRRLSYNEQFF	TRBV10-3	TRBJ2-1	1
CAISESQDRWMEVYQPQHF	TRBV10-3	TRBJ1-5	1
CAISESQSSAKNIQYF	TRBV10-3	TRBJ2-4	1
CAISESRERGEQFF	TRBV10-3	TRBJ2-1	1
CAISESRGQGMNTEAFF	TRBV10-3	TRBJ1-1	1
CAISESRGTSGSYNEQFF	TRBV10-3	TRBJ2-1	1
CAISESRGVRIGTQYF	TRBV10-3	TRBJ2-3	1
CAISESRSSYEQYF	TRBV10-3	TRBJ2-7	1
CAISESRVGTGADEQYF	TRBV10-3	TRBJ2-7	4
CAISESRVWGHPNTEAFF	TRBV10-3	TRBJ1-1	1
CAISESSEGRYEQYF	TRBV10-3	TRBJ2-7	1
CAISESSERVLAGETYNEQFF	TRBV10-3	TRBJ2-1	1
CAISESSGASEAFF	TRBV10-3	TRBJ1-1	1
CAISESSGGTEAFF	TRBV10-3	TRBJ1-1	1
CAISESSGQGNEQFF	TRBV10-3	TRBJ2-1	1
CAISESSGTTQPQHF	TRBV10-3	TRBJ1-5	1
CAISESSQGETQYF	TRBV10-3	TRBJ2-5	2
CAISESSSYEQYF	TRBV10-3	TRBJ2-7	1
CAISESSWPLSYEQYF	TRBV10-3	TRBJ2-7	1
CAISESTERYYGYTF	TRBV10-3	TRBJ1-2	1
CAISESTQGISGYTF	TRBV10-3	TRBJ1-2	1
CAISESTRGQETQYF	TRBV10-3	TRBJ2-5	1
CAISESTSGSEAGELFF	TRBV10-3	TRBJ2-2	1
CAISESVAFNSGNTIYF	TRBV10-3	TRBJ1-3	1
CAISESVNTEAFF	TRBV10-3	TRBJ1-1	1
CAISESYFGRGTEAFF	TRBV10-3	TRBJ1-1	1
CAISETGDVTEAFF	TRBV10-3	TRBJ1-1	1
CAISETGERSPLHF	TRBV10-3	TRBJ1-6	1
CAISETGNPENIQYF	TRBV10-3	TRBJ2-4	1
CAISETGTALYNEQFF	TRBV10-3	TRBJ2-1	1
CAISETGTSGNTIYF	TRBV10-3	TRBJ1-3	1
CAISETPGTNEKLFF	TRBV10-3	TRBJ1-4	1
CAISETSGGNTGELFF	TRBV10-3	TRBJ2-2	1
CAISETSGGWSDTQYF	TRBV10-3	TRBJ2-3	1
CAISETWQGERYEQYF	TRBV10-3	TRBJ2-7	1
CAISEVGQVNQPQHF	TRBV10-3	TRBJ1-5	1
CAISEVLAGGAYEQYF	TRBV10-3	TRBJ2-7	3
CAISEVPGLDGYTF	TRBV10-3	TRBJ1-2	1
CAISEVQGAYEQYF	TRBV10-3	TRBJ2-7	1
CAISEVWAGAIIATNEKLFF	TRBV10-3	TRBJ1-4	1
CAISEYVGTGDNEQFF	TRBV10-3	TRBJ2-1	1
CAISGAARDTQYF	TRBV10-3	TRBJ2-3	1
CAISGAGLRYNSPLHF	TRBV10-3	TRBJ1-6	1
CAISGDAAQAQETQYF	TRBV10-3	TRBJ2-5	1
CAISGDDEKLFF	TRBV10-3	TRBJ1-4	1
CAISGDIQDTQYF	TRBV10-3	TRBJ2-3	2
CAISGDNEQFF	TRBV10-3	TRBJ2-1	1
CAISGDSYEQYF	TRBV10-3	TRBJ2-7	1
CAISGDTGGYGYTF	TRBV10-3	TRBJ1-2	1
CAISGEGGYEQYF	TRBV10-3	TRBJ2-7	1
CAISGGGNEKLFF	TRBV10-3	TRBJ1-4	1
CAISGGGSYEQYF	TRBV10-3	TRBJ2-7	1
CAISGGLQGQEKLFF	TRBV10-3	TRBJ1-4	2
CAISGGQGSGELFF	TRBV10-3	TRBJ2-2	1
CAISGGTSPNEQFF	TRBV10-3	TRBJ2-1	1
CAISGIGTDGNSPLHF	TRBV10-3	TRBJ1-6	1
CAISGKGGVDGEQFF	TRBV10-3	TRBJ2-1	1
CAISGLAGERGEQFF	TRBV10-3	TRBJ2-1	1
CAISGLEGSYNEQFF	TRBV10-3	TRBJ2-1	1
CAISGMVVRGGDSYNEQFF	TRBV10-3	TRBJ2-1	1
CAISGPGGNTEAFF	TRBV10-3	TRBJ1-1	1
CAISGPSSTGERGEAFF	TRBV10-3	TRBJ1-1	1
CAISGQRVVYTGELFF	TRBV10-3	TRBJ2-2	1
CAISGRETSYEQYF	TRBV10-3	TRBJ2-7	1
CAISGRINNSPLHF	TRBV10-3	TRBJ1-6	13
CAISGSRPPYEQYF	TRBV10-3	TRBJ2-7	1
CAISGSVEGVAREQYF	TRBV10-3	TRBJ2-7	1
CAISGSYNEQFF	TRBV10-3	TRBJ2-1	1
CAISGTGDYGYTF	TRBV10-3	TRBJ1-2	1
CAISGTGGAFADTQYF	TRBV10-3	TRBJ2-3	1
CAISGTGSGRETQYF	TRBV10-3	TRBJ2-5	1
CAISGTLKDYEQYF	TRBV10-3	TRBJ2-7	1
CAISGWTSGDTDTQYF	TRBV10-3	TRBJ2-3	1
CAISGWWGTGGENTEAFF	TRBV10-3	TRBJ1-1	1
CAISKGTSGSLSEQYF	TRBV10-3	TRBJ2-7	1
CAISKPPDRGTGANVLTF	TRBV10-3	TRBJ2-6	1
CAISKTSGVYLSGANVLTF	TRBV10-3	TRBJ2-6	1
CAISLAISTDTQYF	TRBV10-3	TRBJ2-3	1
CAISLDRGINEKLFF	TRBV10-3	TRBJ1-4	1
CAISLKPRDTQYF	TRBV10-3	TRBJ2-3	1
CAISLLDREWNPGYTF	TRBV10-3	TRBJ1-2	1
CAISLLDTGQGYNGYTF	TRBV10-3	TRBJ1-2	1
CAISLRLAGADEQFF	TRBV10-3	TRBJ2-1	1
CAISLTGEPYNEQFF	TRBV10-3	TRBJ2-1	1
CAISLTLLGQRDQETQYF	TRBV10-3	TRBJ2-5	1
CAISPFAPSSYNSPLHF	TRBV10-3	TRBJ1-6	1
CAISPFKDTATNEKLFF	TRBV10-3	TRBJ1-4	1
CAISPGGVADTQYF	TRBV10-3	TRBJ2-3	1
CAISPGTGIHEQYF	TRBV10-3	TRBJ2-7	1
CAISPQTGFGAEAFF	TRBV10-3	TRBJ1-1	1
CAISPSRSKNIQYF	TRBV10-3	TRBJ2-4	1
CAISPTERSHLPYEQYF	TRBV10-3	TRBJ2-7	1
CAISQDRLNTEAFF	TRBV10-3	TRBJ1-1	1
CAISQGPDLNTEAFF	TRBV5-6	TRBJ1-1	1
CAISRDSNSYNEQFF	TRBV10-3	TRBJ2-1	1
CAISRQAMNTEAFF	TRBV10-3	TRBJ1-1	1
CAISRQNEPYNEQFF	TRBV10-3	TRBJ2-1	1
CAISSDSGDEQFF	TRBV10-3	TRBJ2-1	1
CAISSGGTGIKVTYNEQFF	TRBV10-3	TRBJ2-1	1
CAISSSGTGSSYNEQFF	TRBV10-3	TRBJ2-1	1
CAISSTDTQYF	TRBV28	TRBJ2-3	1
CAISTGARPGNTIYF	TRBV10-3	TRBJ1-3	1
CAISTGDSNQPQHF	TRBV10-3	TRBJ1-5	4
CAISTGGKGYTF	TRBV10-3	TRBJ1-2	1
CAISTGGTEAFF	TRBV10-3	TRBJ1-1	1
CAISTPETDLYGYTF	TRBV10-3	TRBJ1-2	1
CAISTSFNTEAFF	TRBV2	TRBJ1-1	1
CAISTSLELNTGELFF	TRBV10-3	TRBJ2-2	1
CAISVAGNTEAFF	TRBV10-3	TRBJ1-1	1
CAISVASYGNEQFF	TRBV10-3	TRBJ2-1	1
CAISVEDRPENEQFF	TRBV10-3	TRBJ2-1	1
CAISVEQDSYEQYF	TRBV10-3	TRBJ2-7	1
CAISVEYGSGYEQYF	TRBV10-3	TRBJ2-7	1
CAISVGGRESYEQYF	TRBV10-3	TRBJ2-7	1
CAISVGLAGSTDTQYF	TRBV10-3	TRBJ2-3	1
CAISVPDRGNTEAFF	TRBV10-3	TRBJ1-1	1
CAISVRRGSPNEKLFF	TRBV10-3	TRBJ1-4	1
CAISVRSRSPLHF	TRBV10-3	TRBJ1-6	6
CAISYLRQGAAGQETQYF	TRBV10-3	TRBJ2-5	1
CAITASGTDTQYF	TRBV10-3	TRBJ2-3	1
CAITDPSLDSGNTIYF	TRBV10-3	TRBJ1-3	1
CAITGPLNYGYTF	TRBV6-5	TRBJ1-2	1
CAITKGQGTGELFF	TRBV10-3	TRBJ2-2	1
CAITPAGVFPYEQYF	TRBV10-3	TRBJ2-7	1
CAITPDSYNEQFF	TRBV10-3	TRBJ2-1	1
CAITPGDYGYTF	TRBV10-3	TRBJ1-2	1
CAITPGQSEGYEQYF	TRBV10-3	TRBJ2-7	1
CAITPRPTYEQYF	TRBV10-3	TRBJ2-7	1
CAITQDPEGRSNQPQHF	TRBV10-3	TRBJ1-5	1
CAITQDSMNTEAFF	TRBV10-3	TRBJ1-1	1
CAITQGSGNYEQYF	TRBV10-3	TRBJ2-7	1
CAITRGGHEQFF	TRBV28	TRBJ2-1	1
CAITSDRYEQYF	TRBV10-3	TRBJ2-7	1
CAITSGLAGLNEQYF	TRBV6-3	TRBJ2-7	1
CAITSGRADRSGANVLTF	TRBV28	TRBJ2-6	1
CAITSVSGGLDTDTQYF	TRBV10-3	TRBJ2-3	1
CAITTGLAGGTDTQYF	TRBV10-3	TRBJ2-3	1
CAIWTGKATSGAYNEQFF	TRBV10-3	TRBJ2-1	1
CAIYKGGYGYTF	TRBV10-3	TRBJ1-2	1
CAKFSGLAERLTYNEQFF	TRBV21-1	TRBJ2-1	1
CAKQGDTEAFF	TRBV7-9	TRBJ1-1	1
CAKRTNPYTGELFF	TRBV27	TRBJ2-2	1
CALDSLGTGNTGELFF	TRBV2	TRBJ2-2	1
CALEVPGTRFNGYTF	TRBV6-1	TRBJ1-2	1
CALGGTIYF	TRBV11-2	TRBJ1-3	1
CALGREGYNEQFF	TRBV5-4	TRBJ2-1	1
CALNGITYEQYF	TRBV27	TRBJ2-7	1
CALRTGNYNEQFF	TRBV6-1	TRBJ2-1	1
CALSASYEQYF	TRBV6-1	TRBJ2-7	1
CALVGLNTEAFF	TRBV30	TRBJ1-1	1
CALWDGSTDTQYF	TRBV10-3	TRBJ2-3	1
CAMGGSGDEQYF	TRBV10-3	TRBJ2-7	1
CAMGRVRYGYTF	TRBV10-3	TRBJ1-2	1
CAMIATENTGELFF	TRBV10-3	TRBJ2-2	1
CAMLVGGRYTF	TRBV12-4	TRBJ1-2	1
CAMNKGQGAEQYF	TRBV10-3	TRBJ2-7	1
CAMREREGSYEQYF	TRBV10-3	TRBJ2-7	1
CANDGNSPLHF	TRBV12-4	TRBJ1-6	1
CANGAGRGTGELFF	TRBV12-4	TRBJ2-2	1
CANGAYQETQYF	TRBV7-9	TRBJ2-5	1
CANKREGYGYTF	TRBV5-4	TRBJ1-2	2
CANLDTDRGYNEQFF	TRBV2	TRBJ2-1	1
CANPGAGEQFF	TRBV2	TRBJ2-1	1
CANPGGQVYTIYF	TRBV6-1	TRBJ1-3	1
CANQIPEGYTF	TRBV2	TRBJ1-2	1
CANQRRGSGELFF	TRBV2	TRBJ2-2	1
CANRGGGGELFF	TRBV12-4	TRBJ2-2	1
CANRLAALPVETQYF	TRBV28	TRBJ2-5	1
CANRQGPGELFF	TRBV6-5	TRBJ2-2	1
CANSEGAGTEAFF	TRBV7-2	TRBJ1-1	1
CANTLSGGAYNEQFF	TRBV7-2	TRBJ2-1	1
CAPKETGVSGNTIYF	TRBV7-9	TRBJ1-3	1
CAPNLRGNNTGELFF	TRBV19	TRBJ2-2	1
CAPRASRRNMNTEAFF	TRBV18	TRBJ1-1	1
CAPRGQGALDCTEAFF	TRBV2	TRBJ1-1	1
CAPRRTVSNQPQHF	TRBV24-1	TRBJ1-5	1
CAQESTGTSGTDTITDTQYF	TRBV30	TRBJ2-3	1
CARDLAGEQFF	TRBV2	TRBJ2-1	1
CAREDIYGYTF	TRBV19	TRBJ1-2	1
CAREGGPTGGHGYTF	TRBV9	TRBJ1-2	1
CARFYEQYF	TRBV7-2	TRBJ2-7	1
CARGGKGDTAEAFF	TRBV19	TRBJ1-1	1
CARGGLAGGPNNEQFF	TRBV2	TRBJ2-1	1
CARGGTGYNEQFF	TRBV2	TRBJ2-1	3
CARGQDAANTGELFF	TRBV2	TRBJ2-2	1
CARGTGPLTEAFF	TRBV7-3	TRBJ1-1	1
CARIAGEVTDTQYF	TRBV27	TRBJ2-3	1
CARKKTRRISQAFF	TRBV9	TRBJ1-1	13
CARKSETGADEQYF	TRBV2	TRBJ2-7	1
CARLGRGANYGYTF	TRBV2	TRBJ1-2	1
CARLRSTEAFF	TRBV2	TRBJ1-1	1
CARLTGALYTGELFF	TRBV2	TRBJ2-2	1
CARNSREKNIQYF	TRBV27	TRBJ2-4	1
CARPGENTGELFF	TRBV7-8	TRBJ2-2	1
CARPRGQETQYF	TRBV12-4	TRBJ2-5	1
CARQGTSGSNEQFF	TRBV2	TRBJ2-1	14
CARQPLRGANVLTF	TRBV2	TRBJ2-6	74
CARRGTSGIDTQYF	TRBV2	TRBJ2-3	1
CARRKRGAGEKLFF	TRBV7-7	TRBJ1-4	2
CARRQGSYGYTF	TRBV2	TRBJ1-2	1
CARSRGRDSYNEQFF	TRBV19	TRBJ2-1	1
CARSSPAGTDTQYF	TRBV2	TRBJ2-3	1
CARTDNTGELFF	TRBV7-9	TRBJ2-2	1
CARTRQGPTPQSTDTQYF	TRBV6-3	TRBJ2-3	1
CARTSNQPQHF	TRBV6-3	TRBJ1-5	1
CARTTSGGASDTQYF	TRBV2	TRBJ2-3	1
CARYAGTGSYEQYF	TRBV28	TRBJ2-7	1
CARYRHLGEAFF	TRBV2	TRBJ1-1	1
CARYSREGNTEAFF	TRBV2	TRBJ1-1	1
CASAAASNTGELFF	TRBV12-4	TRBJ2-2	1
CASAADSSYEQYF	TRBV12-5	TRBJ2-7	1
CASAAFGLDEQFF	TRBV27	TRBJ2-1	1
CASAAPGGGETQYF	TRBV12-5	TRBJ2-5	1
CASAATVAKNIQYF	TRBV19	TRBJ2-4	1
CASAAWGETEAFF	TRBV28	TRBJ1-1	1
CASAAWYRVHNEQFF	TRBV27	TRBJ2-1	1
CASADRLNTEAFF	TRBV6-1	TRBJ1-1	1
CASADRVTYEQYF	TRBV9	TRBJ2-7	1
CASAEDRGPNTEAFF	TRBV2	TRBJ1-1	1
CASAENSNQPQHF	TRBV7-3	TRBJ1-5	1
CASAENTEAFF	TRBV12-5	TRBJ1-1	1
CASAFYSNQPQHF	TRBV19	TRBJ1-5	1
CASAGADTQYF	TRBV6-1	TRBJ2-3	1
CASAGAGANVLTF	TRBV4-1	TRBJ2-6	1
CASAGGAGGPNEQFF	TRBV12-4	TRBJ2-1	1
CASAGGNQPQHF	TRBV6-3	TRBJ1-5	3
CASAGGQSNEQFF	TRBV28	TRBJ2-1	1
CASAGGTKRTDTQYF	TRBV27	TRBJ2-3	1
CASAGNTEAFF	TRBV2	TRBJ1-1	1
CASAGQGETGELFF	TRBV6-3	TRBJ2-2	1
CASAGQTGGTIYF	TRBV19	TRBJ1-3	1
CASAGQVGNTIYF	TRBV9	TRBJ1-3	1
CASAGTDSGNTIYF	TRBV18	TRBJ1-3	1
CASAGTGPHYGYTF	TRBV9	TRBJ1-2	1
CASAGTGVEKLFF	TRBV19	TRBJ1-4	7
CASAGTGVGEQYF	TRBV28	TRBJ2-7	1
CASAHEIGYSTDTQYF	TRBV5-1	TRBJ2-3	1
CASAHPRASGSTDTQYF	TRBV7-2	TRBJ2-3	1
CASAHPWANVLTF	TRBV27	TRBJ2-6	1
CASAIGQGSSEQYF	TRBV6-5	TRBJ2-7	1
CASAIGTSSTDTQYF	TRBV7-2	TRBJ2-3	1
CASAIQDLSYEQYF	TRBV28	TRBJ2-7	2
CASAIREGTEAFF	TRBV27	TRBJ1-1	1
CASAIRQSYEQYF	TRBV6-5	TRBJ2-7	1
CASAKVPVSSGNTIYF	TRBV28	TRBJ1-3	1
CASALAMNTEAFF	TRBV27	TRBJ1-1	1
CASALASGGNYGYTF	TRBV12-5	TRBJ1-2	1
CASALGLYNEQFF	TRBV4-3	TRBJ2-1	1
CASALGQGFSYNEQFF	TRBV6-3	TRBJ2-1	1
CASALLAGGHEQYF	TRBV11-2	TRBJ2-7	1
CASALLSSYNSPLHF	TRBV12-5	TRBJ1-6	1
CASALQGYYGYTF	TRBV6-3	TRBJ1-2	1
CASALQSEGSLPFF	TRBV28	TRBJ1-4	1
CASALRLAALMEDTQYF	TRBV12-5	TRBJ2-3	1
CASALRNEQYF	TRBV28	TRBJ2-7	2
CASANQRGTDTQYF	TRBV12-5	TRBJ2-3	1
CASANVVWEMKVNEQFF	TRBV2	TRBJ2-1	1
CASAPDGFFYGYTF	TRBV12-5	TRBJ1-2	1
CASAPFGTGDITDTQYF	TRBV7-6	TRBJ2-3	1
CASAPGFNYGYTF	TRBV25-1	TRBJ1-2	1
CASAPGGAEAFF	TRBV12-5	TRBJ1-1	1
CASAPGGGPEAFF	TRBV12-5	TRBJ1-1	1
CASAPGGRYEQYF	TRBV27	TRBJ2-7	1
CASAPGLGYGYTF	TRBV27	TRBJ1-2	1
CASAPGPGYEQYF	TRBV6-1	TRBJ2-7	1
CASAPGSGYEQYF	TRBV12-4	TRBJ2-7	1
CASAPGTGNYEQYF	TRBV4-3	TRBJ2-7	1
CASAPMGEWTEAFF	TRBV12-5	TRBJ1-1	1
CASAPSLNEQFF	TRBV6-6	TRBJ2-1	1
CASAPVFREKREQYF	TRBV5-6	TRBJ2-7	1
CASAPVSGPGNTIYF	TRBV5-1	TRBJ1-3	1
CASAPVSTGLDTQYF	TRBV6-3	TRBJ2-3	1
CASAQAGVGLMDQPQHF	TRBV12-5	TRBJ1-5	1
CASAQGPASYEQYF	TRBV5-6	TRBJ2-7	1
CASAQGQSSYNEQFF	TRBV18	TRBJ2-1	1
CASAQKYPGDEQFF	TRBV12-5	TRBJ2-1	1
CASAQTGEGYTF	TRBV27	TRBJ1-2	1
CASAQTGSTEAFF	TRBV28	TRBJ1-1	1
CASARGDTQYF	TRBV6-1	TRBJ2-3	1
CASARGGAYEQYF	TRBV9	TRBJ2-7	1
CASARLQGVHQETQYF	TRBV25-1	TRBJ2-5	1
CASARPANEQFF	TRBV11-2	TRBJ2-1	1
CASARSIVTDTQYF	TRBV27	TRBJ2-3	1
CASARTTGELFF	TRBV6-3	TRBJ2-2	1
CASARVIDSTGENGYTF	TRBV25-1	TRBJ1-2	1
CASASEGGSGNEQFF	TRBV5-6	TRBJ2-1	1
CASASLFLNTGELFF	TRBV3-1	TRBJ2-2	1
CASASLGLVTDEQFF	TRBV9	TRBJ2-1	1
CASASLTGTLTGELFF	TRBV12-5	TRBJ2-2	1
CASASRGKGGELFF	TRBV19	TRBJ2-2	1
CASASSGANVLTF	TRBV27	TRBJ2-6	1
CASASSGQGARGYTF	TRBV4-3	TRBJ1-2	1
CASASSITGYGYTF	TRBV12-5	TRBJ1-2	1
CASASSPDEQYF	TRBV6-1	TRBJ2-7	1
CASASSWGLRDIQYF	TRBV6-3	TRBJ2-4	1
CASATGDNSPLHF	TRBV6-1	TRBJ1-6	1
CASATGGIETQYF	TRBV12-3	TRBJ2-5	1
CASATGIGQPQHF	TRBV27	TRBJ1-5	1
CASATGLAEETQYF	TRBV5-6	TRBJ2-5	1
CASATGPLSYEQYF	TRBV27	TRBJ2-7	1
CASATGTGGNEQYF	TRBV4-1	TRBJ2-7	1
CASATLGGQDEQYF	TRBV27	TRBJ2-7	1
CASAVAGGGADTQYF	TRBV6-3	TRBJ2-3	1
CASAVANQPQHF	TRBV6-3	TRBJ1-5	4
CASAVGETQYF	TRBV25-1	TRBJ2-5	1
CASAVGLTYNEQFF	TRBV3-1	TRBJ2-1	1
CASAVGQGADEQYF	TRBV28	TRBJ2-7	1
CASAVGSYNEQFF	TRBV2	TRBJ2-1	1
CASAVRVDYGYTF	TRBV27	TRBJ1-2	1
CASAVSGGPYNEQFF	TRBV27	TRBJ2-1	1
CASAWDTNTEAFF	TRBV19	TRBJ1-1	1
CASAWTGPGRYEQYF	TRBV27	TRBJ2-7	1
CASAWTSGITDTQYF	TRBV4-1	TRBJ2-3	1
CASCAGMGNEQYF	TRBV6-3	TRBJ2-7	1
CASCLQGTPTEAFF	TRBV18	TRBJ1-1	1
CASCPRTGMNTEAFF	TRBV2	TRBJ1-1	1
CASDAWTGGSYGYTF	TRBV2	TRBJ1-2	1
CASDEAVGTNNEQFF	TRBV19	TRBJ2-1	1
CASDGGTGERGGYTF	TRBV12-5	TRBJ1-2	1
CASDGLAGGPINEQFF	TRBV3-1	TRBJ2-1	1
CASDGPKATDTQYF	TRBV13	TRBJ2-3	1
CASDGSSYEQYF	TRBV2	TRBJ2-7	1
CASDIALSGANVLTF	TRBV5-6	TRBJ2-6	1
CASDIDRGIDQPQHF	TRBV19	TRBJ1-5	1
CASDLGTGLAGLNEQFF	TRBV28	TRBJ2-1	1
CASDLGTGTDTQYF	TRBV9	TRBJ2-3	1
CASDPGHGLSEQFF	TRBV7-9	TRBJ2-1	1
CASDPGQGSFPNTDTQYF	TRBV2	TRBJ2-3	1
CASDPGTDTQYF	TRBV7-8	TRBJ2-3	1
CASDPHNRDVANTGELFF	TRBV28	TRBJ2-2	1
CASDPPETGGYEQYF	TRBV6-1	TRBJ2-7	1
CASDRAEQFF	TRBV6-1	TRBJ2-1	1
CASDRGPSTDTQYF	TRBV28	TRBJ2-3	1
CASDRNTEAFF	TRBV2	TRBJ1-1	1
CASDRQDFYSNQPQHF	TRBV6-3	TRBJ1-5	1
CASDSGDEQEAFF	TRBV5-6	TRBJ1-1	1
CASDSTVNTEAFF	TRBV28	TRBJ1-1	1
CASDTFSAAPSTDTQYF	TRBV7-9	TRBJ2-3	1
CASDTGGGYGYTF	TRBV19	TRBJ1-2	1
CASDTLGGALAQHF	TRBV19	TRBJ1-5	1
CASDTPVGQFF	TRBV2	TRBJ2-1	1
CASEDGGGAEAFF	TRBV2	TRBJ1-1	1
CASEDPNSGANVLTF	TRBV9	TRBJ2-6	1
CASEEEGRNEQFF	TRBV27	TRBJ2-1	1
CASEEGSSTDTQYF	TRBV2	TRBJ2-3	1
CASEENTGELFF	TRBV6-3	TRBJ2-2	1
CASEEQGGLETQYF	TRBV6-3	TRBJ2-5	1
CASEGAGGFRTGELFF	TRBV28	TRBJ2-2	1
CASEGDTQYF	TRBV25-1	TRBJ2-3	1
CASEGELPEQYF	TRBV6-3	TRBJ2-7	1
CASEGHRDTQYF	TRBV2	TRBJ2-3	1
CASEGLDIQYF	TRBV2	TRBJ2-4	1
CASEGNTEAFF	TRBV2	TRBJ1-1	1
CASEGQDFNNADTQYF	TRBV30	TRBJ2-3	1
CASEGRRDGPYEQYF	TRBV28	TRBJ2-7	1
CASEGSDRSAFF	TRBV12-5	TRBJ1-1	1
CASEGTAPNEQFF	TRBV5-4	TRBJ2-1	1
CASEGTGAYEQYF	TRBV7-9	TRBJ2-7	1
CASEGTGGSGNEQFF	TRBV2	TRBJ2-1	1
CASEGTSGYEQYF	TRBV25-1	TRBJ2-7	1
CASEGVQRNEQFF	TRBV4-1	TRBJ2-1	1
CASELAGGTDTQYF	TRBV19	TRBJ2-3	1
CASELAGLNTGELFF	TRBV7-2	TRBJ2-2	1
CASELVGDNEQFF	TRBV7-2	TRBJ2-1	1
CASEPGEDNEQFF	TRBV2	TRBJ2-1	1
CASEPGQGPGGWSYEQYF	TRBV28	TRBJ2-7	1
CASEPGSRAILLSYEQYF	TRBV6-3	TRBJ2-7	1
CASEQVAVMNTGELFF	TRBV2	TRBJ2-2	1
CASERGVTYEQYF	TRBV2	TRBJ2-7	1
CASERLADPDTQYF	TRBV6-3	TRBJ2-3	1
CASERPGWAEAFF	TRBV25-1	TRBJ1-1	1
CASERQGYTEAFF	TRBV6-3	TRBJ1-1	1
CASESFYNEQFF	TRBV19	TRBJ2-1	1
CASESGTQPNQPQHF	TRBV6-3	TRBJ1-5	1
CASESPYGYTF	TRBV6-4	TRBJ1-2	1
CASESSGPYNEQFF	TRBV27	TRBJ2-1	1
CASESTLGANVLTF	TRBV28	TRBJ2-6	1
CASESVASGGFFGDTQYF	TRBV7-2	TRBJ2-3	1
CASETGGTEAFF	TRBV6-3	TRBJ1-1	1
CASETGLGTDTQYF	TRBV5-6	TRBJ2-3	1
CASETGQGAGDTQYF	TRBV2	TRBJ2-3	1
CASETGYGYGYTF	TRBV5-5	TRBJ1-2	1
CASETHYGYTF	TRBV2	TRBJ1-2	1
CASETIPPTGGGQYF	TRBV10-2	TRBJ2-7	1
CASETSTTYEQYF	TRBV25-1	TRBJ2-7	1
CASFASEAFF	TRBV19	TRBJ1-1	1
CASFDFSSGDDEQFF	TRBV27	TRBJ2-1	1
CASFFDGGLTADTGELFF	TRBV5-1	TRBJ2-2	1
CASFGGESNQPQHF	TRBV2	TRBJ1-5	1
CASFGTSSPGELFF	TRBV18	TRBJ2-2	1
CASFIPAGELFF	TRBV7-2	TRBJ2-2	1
CASFIRTGTEAFF	TRBV5-1	TRBJ1-1	1
CASFPGGPPREKLFF	TRBV7-3	TRBJ1-4	1
CASFQGGAGQPQHF	TRBV6-3	TRBJ1-5	1
CASFRFGGSYNEQFF	TRBV28	TRBJ2-1	1
CASFRRGGLASYEQYF	TRBV28	TRBJ2-7	1
CASFSDTQYF	TRBV18	TRBJ2-3	1
CASFSPVRGDEKLFF	TRBV6-6	TRBJ1-4	1
CASFSRHGYTF	TRBV27	TRBJ1-2	1
CASGAAGTSYEQYF	TRBV9	TRBJ2-7	1
CASGAGSSYNEQFF	TRBV27	TRBJ2-1	1
CASGAKQRSTEAFF	TRBV12-5	TRBJ1-1	1
CASGANVLTF	TRBV5-6	TRBJ2-6	1
CASGAPETQYF	TRBV6-6	TRBJ2-5	1
CASGARNVANTGELFF	TRBV6-3	TRBJ2-2	1
CASGARPQETQYF	TRBV6-3	TRBJ2-5	1
CASGASNQPQHF	TRBV27	TRBJ1-5	1
CASGASSYNEQFF	TRBV7-9	TRBJ2-1	1
CASGAVGDGYTF	TRBV19	TRBJ1-2	1
CASGDEGARQPQHF	TRBV7-9	TRBJ1-5	1
CASGDGNQPQHF	TRBV6-6	TRBJ1-5	1
CASGDGTGNTDTQYF	TRBV11-2	TRBJ2-3	1
CASGDIYEQYF	TRBV10-1	TRBJ2-7	1
CASGDLENEQYF	TRBV6-6	TRBJ2-7	1
CASGDLSYNEQFF	TRBV6-1	TRBJ2-1	1
CASGDNEQFF	TRBV5-1	TRBJ2-1	1
CASGDNPADTQYF	TRBV6-5	TRBJ2-3	1
CASGDPGYEQFF	TRBV6-5	TRBJ2-1	1
CASGDRERTTEAFF	TRBV5-4	TRBJ1-1	1
CASGDRGLYYEQYF	TRBV5-6	TRBJ2-7	1
CASGDSFSYEQYF	TRBV7-9	TRBJ2-7	1
CASGDSGNTIYF	TRBV12-4	TRBJ1-3	1
CASGDSIITDEQFF	TRBV19	TRBJ2-1	1
CASGDSPNEQYF	TRBV5-1	TRBJ2-7	1
CASGDYEQYF	TRBV28	TRBJ2-7	1
CASGEAYEQYF	TRBV10-2	TRBJ2-7	1
CASGEGNEQFF	TRBV6-4	TRBJ2-1	1
CASGEIFEQYF	TRBV27	TRBJ2-7	1
CASGELSTGYTF	TRBV6-5	TRBJ1-2	1
CASGENDYTF	TRBV6-6	TRBJ1-2	1
CASGESTSGSLFTGELFF	TRBV5-6	TRBJ2-2	1
CASGETGTSNEKLFF	TRBV12-4	TRBJ1-4	1
CASGETGWNQPQHF	TRBV2	TRBJ1-5	1
CASGFAGAKANEKLFF	TRBV12-5	TRBJ1-4	1
CASGFAGNETQYF	TRBV12-5	TRBJ2-5	1
CASGFALAGPNEQFF	TRBV12-5	TRBJ2-1	1
CASGFFSPGMNTEAFF	TRBV12-5	TRBJ1-1	1
CASGFGANTWDTQYF	TRBV12-5	TRBJ2-3	1
CASGFGDNEQFF	TRBV12-5	TRBJ2-1	1
CASGFGETGVVLDGYTF	TRBV12-5	TRBJ1-2	1
CASGFGFFYEQYF	TRBV12-5	TRBJ2-7	1
CASGFGISGTGKQETQYF	TRBV12-5	TRBJ2-5	1
CASGFGPQVAGTGELFF	TRBV12-5	TRBJ2-2	1
CASGFGSSGANVLTF	TRBV5-6	TRBJ2-6	1
CASGFGTVNEQFF	TRBV19	TRBJ2-1	1
CASGFIGASGRGTGELFF	TRBV12-5	TRBJ2-2	1
CASGFILQGAEGGEQFF	TRBV12-5	TRBJ2-1	1
CASGFMILDSDMLPEAFF	TRBV12-5	TRBJ1-1	1
CASGFPILSGDTQYF	TRBV12-5	TRBJ2-3	1
CASGFPLSGYNEQFF	TRBV12-5	TRBJ2-1	1
CASGFPLTDTGANVLTF	TRBV12-5	TRBJ2-6	1
CASGFPQDGYGYTF	TRBV12-5	TRBJ1-2	1
CASGFQGGKLETYEQYF	TRBV12-5	TRBJ2-7	1
CASGFRTDTQYF	TRBV12-5	TRBJ2-3	1
CASGFSGTEQYF	TRBV12-5	TRBJ2-7	1
CASGFSGTVYMNTEAFF	TRBV12-5	TRBJ1-1	1
CASGFSTGTSFSYNEQFF	TRBV12-5	TRBJ2-1	1
CASGFTDAGATNYGYTF	TRBV12-5	TRBJ1-2	1
CASGFTEAFF	TRBV19	TRBJ1-1	1
CASGFTPGQGVGGELFF	TRBV12-5	TRBJ2-2	1
CASGFTQGAHSAEAFF	TRBV12-5	TRBJ1-1	1
CASGFTTQGVGSYEQYF	TRBV12-5	TRBJ2-7	1
CASGFWTENIMNTEAFF	TRBV12-5	TRBJ1-1	1
CASGGAFTEQYF	TRBV6-1	TRBJ2-7	1
CASGGAIPGDEQFF	TRBV3-1	TRBJ2-1	1
CASGGATEAFF	TRBV12-3	TRBJ1-1	1
CASGGDSGEQYF	TRBV13	TRBJ2-7	1
CASGGDSQTLHF	TRBV25-1	TRBJ1-6	1
CASGGESGDEQFF	TRBV7-9	TRBJ2-1	1
CASGGETGWEAQPQHF	TRBV6-1	TRBJ1-5	1
CASGGETQYF	TRBV6-5	TRBJ2-5	1
CASGGEYF	TRBV2	TRBJ2-7	1
CASGGGDFETQYF	TRBV7-9	TRBJ2-5	1
CASGGGDTQYF	TRBV12-4	TRBJ2-3	2
CASGGGEQFF	TRBV25-1	TRBJ2-1	1
CASGGGGEKLFF	TRBV4-1	TRBJ1-4	1
CASGGGGTYEQYF	TRBV9	TRBJ2-7	1
CASGGGLTDTQYF	TRBV19	TRBJ2-3	1
CASGGGPAYEQYF	TRBV9	TRBJ2-7	1
CASGGGQPKIDNEQFF	TRBV7-9	TRBJ2-1	1
CASGGGRANTGELFF	TRBV6-5	TRBJ2-2	1
CASGGGSYEQYF	TRBV7-9	TRBJ2-7	1
CASGGKGGVDEQFF	TRBV9	TRBJ2-1	1
CASGGKVFPPYEQYF	TRBV12-5	TRBJ2-7	1
CASGGLAGGDTQYF	TRBV5-1	TRBJ2-3	1
CASGGLAWTDTQYF	TRBV27	TRBJ2-3	1
CASGGLLTYEQYF	TRBV12-4	TRBJ2-7	1
CASGGLTGGEQYF	TRBV5-6	TRBJ2-7	1
CASGGNEQFF	TRBV12-4	TRBJ2-1	1
CASGGQEYYEQYF	TRBV7-9	TRBJ2-7	1
CASGGQGGEQYF	TRBV27	TRBJ2-7	1
CASGGQGGYEQYF	TRBV7-9	TRBJ2-7	1
CASGGQGGYEQYF	TRBV9	TRBJ2-7	1
CASGGREGPDTQYF	TRBV9	TRBJ2-3	1
CASGGRNTEAFF	TRBV12-3	TRBJ1-1	1
CASGGRPNTGELFF	TRBV6-6	TRBJ2-2	1
CASGGRSSYNEQFF	TRBV4-2	TRBJ2-1	1
CASGGSGEGTEAFF	TRBV6-5	TRBJ1-1	1
CASGGSQRYGYTF	TRBV5-4	TRBJ1-2	1
CASGGSTGTNEKLFF	TRBV6-1	TRBJ1-4	1
CASGGSTSGSSNVLTF	TRBV10-2	TRBJ2-6	1
CASGGTAYYEQYF	TRBV19	TRBJ2-7	1
CASGGTQVGETQYF	TRBV4-1	TRBJ2-5	1
CASGGTSYEQYF	TRBV7-2	TRBJ2-7	1
CASGGTYEQYF	TRBV6-3	TRBJ2-7	1
CASGGVPEAFF	TRBV5-6	TRBJ1-1	1
CASGGVPWNSPLHF	TRBV12-4	TRBJ1-6	1
CASGGYNEQFF	TRBV7-9	TRBJ2-1	1
CASGGYRSGENIQYF	TRBV12-5	TRBJ2-4	1
CASGHEETQYF	TRBV6-5	TRBJ2-5	1
CASGHGTGSSNQPQHF	TRBV12-5	TRBJ1-5	1
CASGHRARALNYGYTF	TRBV12-5	TRBJ1-2	1
CASGHRGRETQYF	TRBV28	TRBJ2-5	1
CASGIDRGTVYNEQFF	TRBV6-5	TRBJ2-1	1
CASGIENQETQYF	TRBV7-3	TRBJ2-5	1
CASGIGGADGELFF	TRBV9	TRBJ2-2	1
CASGIQGIEPQHF	TRBV12-5	TRBJ1-5	1
CASGISNQPQHF	TRBV27	TRBJ1-5	1
CASGKGGGVVQPQHF	TRBV6-5	TRBJ1-5	1
CASGKGGTGELFF	TRBV9	TRBJ2-2	1
CASGKGMNTEAFF	TRBV9	TRBJ1-1	1
CASGKGQDPGELFF	TRBV27	TRBJ2-2	1
CASGKLAGVLSEQFF	TRBV12-5	TRBJ2-1	1
CASGKNRGPHMNTEAFF	TRBV19	TRBJ1-1	1
CASGLAAASYEQYF	TRBV12-5	TRBJ2-7	1
CASGLADSYEQYF	TRBV28	TRBJ2-7	1
CASGLAGGPSGANVLTF	TRBV6-5	TRBJ2-6	1
CASGLAGGRDTQYF	TRBV27	TRBJ2-3	1
CASGLAGGSTQYF	TRBV28	TRBJ2-3	1
CASGLAGGTNEQFF	TRBV6-6	TRBJ2-1	1
CASGLAGSYEQYF	TRBV27	TRBJ2-7	1
CASGLAGVLDTQYF	TRBV27	TRBJ2-3	1
CASGLANKYEQYF	TRBV6-6	TRBJ2-7	1
CASGLANTGGLITGELFF	TRBV12-5	TRBJ2-2	1
CASGLAQFGEQYF	TRBV12-5	TRBJ2-7	1
CASGLAQTGAVDEQFF	TRBV12-5	TRBJ2-1	1
CASGLARGGRYEQYF	TRBV12-5	TRBJ2-7	1
CASGLATGELFF	TRBV12-5	TRBJ2-2	1
CASGLAWGETQYF	TRBV7-9	TRBJ2-5	1
CASGLAYEQYF	TRBV12-4	TRBJ2-7	1
CASGLDDRSLETQYF	TRBV12-5	TRBJ2-5	2
CASGLDEGEAQYF	TRBV12-3	TRBJ2-5	1
CASGLDGGYQPQHF	TRBV12-5	TRBJ1-5	1
CASGLDGHSSYNEQFF	TRBV12-5	TRBJ2-1	1
CASGLDLGTGTDYEQYF	TRBV12-5	TRBJ2-7	1
CASGLDRATEAFF	TRBV6-6	TRBJ1-1	1
CASGLDRGQLDGYTF	TRBV12-5	TRBJ1-2	1
CASGLDRMNTEAFF	TRBV12-5	TRBJ1-1	1
CASGLDSSSGNTIYF	TRBV12-5	TRBJ1-3	21
CASGLDSYNEQFF	TRBV12-5	TRBJ2-1	1
CASGLDTGTSAYNEQFF	TRBV12-5	TRBJ2-1	1
CASGLEDRGTYEQYF	TRBV12-5	TRBJ2-7	1
CASGLFGLLRDTEAFF	TRBV12-5	TRBJ1-1	1
CASGLFLSGTATEYSNQPQHF	TRBV12-5	TRBJ1-5	1
CASGLFSGWGATYSNQPQHF	TRBV12-5	TRBJ1-5	1
CASGLGARGRELFF	TRBV12-5	TRBJ2-2	1
CASGLGDRGETQYF	TRBV12-5	TRBJ2-5	1
CASGLGDTQYF	TRBV12-5	TRBJ2-3	1
CASGLGGGSYEQYF	TRBV6-5	TRBJ2-7	1
CASGLGGLINYGYTF	TRBV12-5	TRBJ1-2	1
CASGLGGPNTGELFF	TRBV12-5	TRBJ2-2	1
CASGLGGSGNTIYF	TRBV12-5	TRBJ1-3	1
CASGLGGVTDTQYF	TRBV12-5	TRBJ2-3	1
CASGLGKQYF	TRBV6-3	TRBJ2-7	1
CASGLGLEQFF	TRBV12-5	TRBJ2-1	1
CASGLGLVGEQFF	TRBV12-5	TRBJ2-1	1
CASGLGNQPQHF	TRBV28	TRBJ1-5	1
CASGLGNTEAFF	TRBV12-5	TRBJ1-1	2
CASGLGPDLNQPQHF	TRBV12-5	TRBJ1-5	1
CASGLGPGNTEAFF	TRBV12-5	TRBJ1-1	1
CASGLGPLAQTYNEQFF	TRBV12-5	TRBJ2-1	1
CASGLGPSYEQYF	TRBV12-5	TRBJ2-7	1
CASGLGQGSSDTQYF	TRBV12-5	TRBJ2-3	1
CASGLGRQPTEAFF	TRBV12-5	TRBJ1-1	1
CASGLGTGFDEQFF	TRBV12-5	TRBJ2-1	1
CASGLGTSGIYNEQFF	TRBV12-5	TRBJ2-1	1
CASGLGTVASTDTQYF	TRBV12-5	TRBJ2-3	25
CASGLGVQDLNQPQHF	TRBV6-3	TRBJ1-5	1
CASGLGYQPQHF	TRBV12-5	TRBJ1-5	1
CASGLIAANYGYTF	TRBV12-5	TRBJ1-2	1
CASGLIMDRSMGEGDRTEAFF	TRBV12-5	TRBJ1-1	1
CASGLIPGGPGNTIYF	TRBV12-5	TRBJ1-3	1
CASGLKQGLETQYF	TRBV12-5	TRBJ2-5	1
CASGLKRGVEETQYF	TRBV12-5	TRBJ2-5	1
CASGLKVYEQYF	TRBV12-5	TRBJ2-7	1
CASGLLGVAGGGETQYF	TRBV12-5	TRBJ2-5	1
CASGLLPGRREDTEAFF	TRBV12-5	TRBJ1-1	1
CASGLNIDGDEQFF	TRBV12-5	TRBJ2-1	1
CASGLNMDRGVSEAFF	TRBV12-5	TRBJ1-1	1
CASGLNQPQHF	TRBV27	TRBJ1-5	1
CASGLPDRNTEAFF	TRBV12-5	TRBJ1-1	1
CASGLPGAGYTF	TRBV6-3	TRBJ1-2	1
CASGLPGLETQYF	TRBV4-1	TRBJ2-5	1
CASGLPLAGGPYPYNEQFF	TRBV12-5	TRBJ2-1	1
CASGLPPGAQPQHF	TRBV12-5	TRBJ1-5	1
CASGLPPGNEQFF	TRBV12-5	TRBJ2-1	1
CASGLQGAVYGYTF	TRBV27	TRBJ1-2	1
CASGLQGSYEQYF	TRBV27	TRBJ2-7	1
CASGLQVTDTQYF	TRBV12-5	TRBJ2-3	1
CASGLRLDTEAFF	TRBV12-5	TRBJ1-1	1
CASGLRNEQFF	TRBV12-5	TRBJ2-1	2
CASGLSEAFF	TRBV12-5	TRBJ1-1	1
CASGLSEQFF	TRBV2	TRBJ2-1	1
CASGLSGDEQYF	TRBV19	TRBJ2-7	1
CASGLSGGSSYEQYF	TRBV6-3	TRBJ2-7	1
CASGLSGRGGWNTEAFF	TRBV12-5	TRBJ1-1	1
CASGLSGRGGYEQYF	TRBV12-5	TRBJ2-7	1
CASGLSGSYEQYF	TRBV12-5	TRBJ2-7	1
CASGLSNYEQDQFF	TRBV12-5	TRBJ2-1	1
CASGLSRSSTDTQYF	TRBV12-5	TRBJ2-3	1
CASGLSTGARYGYTF	TRBV12-5	TRBJ1-2	1
CASGLSTLYEQYF	TRBV12-5	TRBJ2-7	1
CASGLSYRDLFGGYTF	TRBV12-5	TRBJ1-2	1
CASGLTGAVYEQYF	TRBV12-5	TRBJ2-7	1
CASGLTGINSGNTIYF	TRBV12-5	TRBJ1-3	1
CASGLTGTEYGYTF	TRBV12-5	TRBJ1-2	1
CASGLTGTRDNTEAFF	TRBV12-5	TRBJ1-1	1
CASGLTGYYEQYF	TRBV12-5	TRBJ2-7	1
CASGLTLDLNEKLFF	TRBV12-5	TRBJ1-4	1
CASGLTRVGDYNEQFF	TRBV12-5	TRBJ2-1	1
CASGLTSTDTQYF	TRBV6-3	TRBJ2-3	1
CASGLTTGGWSSYEQYF	TRBV12-5	TRBJ2-7	3
CASGLVAGGTDTQYF	TRBV12-5	TRBJ2-3	1
CASGLVDGIVYGYTF	TRBV12-5	TRBJ1-2	1
CASGLVGEIPVHSGQFF	TRBV12-5	TRBJ2-1	1
CASGLVGRGAYGYTF	TRBV12-5	TRBJ1-2	1
CASGLVISGGRNSNTGELFF	TRBV12-5	TRBJ2-2	1
CASGLVLDLFVTDTQYF	TRBV12-5	TRBJ2-3	1
CASGLVLGDTQYF	TRBV12-5	TRBJ2-3	1
CASGLVLLRGPSYNEQFF	TRBV12-5	TRBJ2-1	1
CASGLVLQTTNYIYEQYF	TRBV12-5	TRBJ2-7	1
CASGLVLSWGSRTSGRLDEQFF	TRBV12-5	TRBJ2-1	1
CASGLVPLGDRANTGELFF	TRBV12-5	TRBJ2-2	1
CASGLVPWGGISSGANVLTF	TRBV12-5	TRBJ2-6	1
CASGLVRDRDLDSPLHF	TRBV12-5	TRBJ1-6	1
CASGLVRGQGNGYTF	TRBV12-5	TRBJ1-2	1
CASGLVRGQTPTDTQYF	TRBV12-5	TRBJ2-3	1
CASGLVRGSTNEKLFF	TRBV12-5	TRBJ1-4	1
CASGLVRRQPNTEAFF	TRBV12-5	TRBJ1-1	1
CASGLVSYSPANTEAFF	TRBV12-5	TRBJ1-1	1
CASGLVTGGDGEKLFF	TRBV12-5	TRBJ1-4	1
CASGLWASHTEPGDTEAFF	TRBV12-5	TRBJ1-1	1
CASGLWFIQPQHF	TRBV12-5	TRBJ1-5	1
CASGLWGSQHF	TRBV12-5	TRBJ1-5	1
CASGLWGVGGYTF	TRBV12-5	TRBJ1-2	1
CASGLWYGEGTASNEQFF	TRBV12-5	TRBJ2-1	1
CASGLYGETQYF	TRBV12-5	TRBJ2-5	1
CASGMAYEQYF	TRBV9	TRBJ2-7	1
CASGMGLAGDNEQFF	TRBV6-5	TRBJ2-1	1
CASGMRREGGKETQYF	TRBV28	TRBJ2-5	1
CASGMSGGAENEQFF	TRBV2	TRBJ2-1	1
CASGMTGLTSEQYF	TRBV6-3	TRBJ2-7	4
CASGNNQPQHF	TRBV10-2	TRBJ1-5	1
CASGNRADTQYF	TRBV12-5	TRBJ2-3	1
CASGNRDRVSYEQYF	TRBV11-2	TRBJ2-7	1
CASGNSYEQYF	TRBV9	TRBJ2-7	1
CASGNTYSNQPQHF	TRBV27	TRBJ1-5	1
CASGNWSTDTQYF	TRBV27	TRBJ2-3	1
CASGPAPTSYNNEQFF	TRBV12-5	TRBJ2-1	1
CASGPAYEQYF	TRBV6-3	TRBJ2-7	1
CASGPDNQETQYF	TRBV5-1	TRBJ2-5	1
CASGPELQGDTQYF	TRBV12-5	TRBJ2-3	1
CASGPFLNTEAFF	TRBV27	TRBJ1-1	1
CASGPFRNTDTQYF	TRBV2	TRBJ2-3	1
CASGPGGQETQYF	TRBV27	TRBJ2-5	1
CASGPGHLNTEAFF	TRBV12-5	TRBJ1-1	1
CASGPGLADYEQYF	TRBV27	TRBJ2-7	1
CASGPGLAGEVEQFF	TRBV12-5	TRBJ2-1	1
CASGPGLASSDTQYF	TRBV12-4	TRBJ2-3	1
CASGPGQDYNEQFF	TRBV2	TRBJ2-1	1
CASGPGQGAWEQYF	TRBV19	TRBJ2-7	1
CASGPGQGNEQYF	TRBV12-3	TRBJ2-7	1
CASGPGQGRKIPYEQYF	TRBV9	TRBJ2-7	1
CASGPGQGTYEQYF	TRBV4-3	TRBJ2-7	1
CASGPGQGYGYTF	TRBV27	TRBJ1-2	1
CASGPGSEAFF	TRBV12-5	TRBJ1-1	1
CASGPGSMNTEAFF	TRBV9	TRBJ1-1	1
CASGPGSSYNEQFF	TRBV5-6	TRBJ2-1	1
CASGPGTSNADTQYF	TRBV12-5	TRBJ2-3	1
CASGPGTYEQYF	TRBV12-5	TRBJ2-7	1
CASGPHETLNTEAFF	TRBV12-5	TRBJ1-1	1
CASGPHGPKETQYF	TRBV27	TRBJ2-5	1
CASGPHTGQGAYEQYF	TRBV12-5	TRBJ2-7	1
CASGPLAGMDNEQFF	TRBV7-2	TRBJ2-1	1
CASGPLGGYNEQFF	TRBV12-5	TRBJ2-1	1
CASGPLPGQGGLGYTF	TRBV12-5	TRBJ1-2	1
CASGPPAPMNTEAFF	TRBV27	TRBJ1-1	1
CASGPPGRFTASYEQYF	TRBV12-5	TRBJ2-7	1
CASGPPSGGGNEQFF	TRBV12-5	TRBJ2-1	1
CASGPQAGGLDEQFF	TRBV7-3	TRBJ2-1	1
CASGPQPYGQALTNYGYTF	TRBV12-5	TRBJ1-2	1
CASGPQQGPRETQYF	TRBV12-5	TRBJ2-5	1
CASGPRAHLPYEQYF	TRBV6-6	TRBJ2-7	1
CASGPREGWFF	TRBV12-5	TRBJ2-1	1
CASGPRGLGSYYGYTF	TRBV6-3	TRBJ1-2	1
CASGPRNTEAFF	TRBV7-2	TRBJ1-1	1
CASGPRVETQYF	TRBV12-5	TRBJ2-5	1
CASGPSGWTETQYF	TRBV12-5	TRBJ2-5	1
CASGPSLMEAEQFF	TRBV6-3	TRBJ2-1	1
CASGPTDTQYF	TRBV27	TRBJ2-3	1
CASGPTGLLGQYF	TRBV6-3	TRBJ2-5	1
CASGPTGSSYNEQFF	TRBV12-5	TRBJ2-1	1
CASGPTGTGDTEAFF	TRBV12-5	TRBJ1-1	1
CASGPVEGRETQYF	TRBV12-5	TRBJ2-5	1
CASGPVGDTQYF	TRBV27	TRBJ2-3	1
CASGPYEQYF	TRBV6-3	TRBJ2-7	1
CASGPYNSPLHF	TRBV4-1	TRBJ1-6	1
CASGPYSEAFF	TRBV28	TRBJ1-1	1
CASGQDDRNYGYTF	TRBV12-5	TRBJ1-2	4
CASGQDGANTGELFF	TRBV19	TRBJ2-2	1
CASGQDRGLGEQYF	TRBV12-5	TRBJ2-7	1
CASGQESIPTEAFF	TRBV12-5	TRBJ1-1	1
CASGQGAKYNEQFF	TRBV6-5	TRBJ2-1	1
CASGQGGGYTF	TRBV12-5	TRBJ1-2	1
CASGQGLNTGELFF	TRBV3-1	TRBJ2-2	1
CASGQGPFNEQFF	TRBV27	TRBJ2-1	1
CASGQGSGELFF	TRBV5-6	TRBJ2-2	1
CASGQGSLNTEAFF	TRBV27	TRBJ1-1	1
CASGQGTDTQYF	TRBV27	TRBJ2-3	1
CASGQGYTQYF	TRBV7-9	TRBJ2-3	1
CASGQLAGGADTQYF	TRBV6-1	TRBJ2-3	1
CASGQRRPHTLKLNTGELFF	TRBV27	TRBJ2-2	1
CASGQSPSGMEYEQYF	TRBV6-1	TRBJ2-7	1
CASGRADEQYF	TRBV2	TRBJ2-7	1
CASGRDEQFF	TRBV5-4	TRBJ2-1	1
CASGRDRAASYGYTF	TRBV12-5	TRBJ1-2	1
CASGRDRERYEQYF	TRBV6-1	TRBJ2-7	1
CASGRDRGQTQPQHF	TRBV6-3	TRBJ1-5	1
CASGRDYSSYEQYF	TRBV5-1	TRBJ2-7	1
CASGRFNGETQYF	TRBV4-3	TRBJ2-5	1
CASGRGFTEAFF	TRBV7-9	TRBJ1-1	1
CASGRGSGGAKDTQYF	TRBV27	TRBJ2-3	1
CASGRGSTEAFF	TRBV12-5	TRBJ1-1	1
CASGRGVNTEAFF	TRBV6-1	TRBJ1-1	1
CASGRHRTAQETQYF	TRBV11-2	TRBJ2-5	1
CASGRISYEQYF	TRBV27	TRBJ2-7	1
CASGRLAGGPVLGYEQYF	TRBV2	TRBJ2-7	1
CASGRLAGLIHSGANVLTF	TRBV4-3	TRBJ2-6	1
CASGRLDEQFF	TRBV25-1	TRBJ2-1	1
CASGRLGDSGNTIYF	TRBV27	TRBJ1-3	1
CASGRLSYNEQFF	TRBV12-4	TRBJ2-1	1
CASGRNSYEQYF	TRBV7-2	TRBJ2-7	1
CASGRNTEAFF	TRBV6-5	TRBJ1-1	1
CASGRQREGFEQYF	TRBV27	TRBJ2-7	1
CASGRREGPQHF	TRBV6-7	TRBJ1-5	1
CASGRRTPFTPMSYTF	TRBV12-5	TRBJ1-2	1
CASGRSGFETQYF	TRBV27	TRBJ2-5	1
CASGRSGNEQFF	TRBV27	TRBJ2-1	1
CASGRTENTEAFF	TRBV12-5	TRBJ1-1	1
CASGRTGGSGETQYF	TRBV4-3	TRBJ2-5	1
CASGRTKGEKLFF	TRBV6-6	TRBJ1-4	1
CASGRVGQETQYF	TRBV7-9	TRBJ2-5	1
CASGSAAAFSTDTQYF	TRBV6-3	TRBJ2-3	1
CASGSAGATNEKLFF	TRBV12-5	TRBJ1-4	1
CASGSAVRGGLETQYF	TRBV12-5	TRBJ2-5	1
CASGSDILYQPQHF	TRBV12-5	TRBJ1-5	1
CASGSDSGDPSYTQYF	TRBV12-5	TRBJ2-3	1
CASGSDTGPPNYGYTF	TRBV12-5	TRBJ1-2	1
CASGSDTRATWNQPQHF	TRBV12-5	TRBJ1-5	1
CASGSGDYEQYF	TRBV5-6	TRBJ2-7	1
CASGSGENEQYF	TRBV9	TRBJ2-7	1
CASGSGGGNEQFF	TRBV12-4	TRBJ2-1	1
CASGSGGGYEQYF	TRBV12-5	TRBJ2-7	1
CASGSGGNEQYF	TRBV12-5	TRBJ2-7	1
CASGSGGQFDEQFF	TRBV5-6	TRBJ2-1	1
CASGSGKGGQTYNEQFF	TRBV12-5	TRBJ2-1	1
CASGSGKVCREAFF	TRBV12-5	TRBJ1-1	1
CASGSGTEAFF	TRBV9	TRBJ1-1	1
CASGSGTISTDTQYF	TRBV12-3	TRBJ2-3	1
CASGSGTNTGELFF	TRBV12-4	TRBJ2-2	1
CASGSGTRGGYTF	TRBV9	TRBJ1-2	1
CASGSKTGAVNYGYTF	TRBV12-5	TRBJ1-2	1
CASGSLLAGAGETQYF	TRBV2	TRBJ2-5	1
CASGSNTEAFF	TRBV5-6	TRBJ1-1	1
CASGSPGQGYEQYF	TRBV12-5	TRBJ2-7	1
CASGSPGTDTQYF	TRBV4-2	TRBJ2-3	1
CASGSPGTGKALQYF	TRBV12-5	TRBJ2-3	1
CASGSPQGSNQPQHF	TRBV12-5	TRBJ1-5	1
CASGSPRGATNEKLFF	TRBV12-5	TRBJ1-4	1
CASGSPSYNEQFF	TRBV7-9	TRBJ2-1	1
CASGSQDSRSSYNEQFF	TRBV12-5	TRBJ2-1	1
CASGSRQGGRDTEAFF	TRBV12-5	TRBJ1-1	1
CASGSRTENSPLHF	TRBV19	TRBJ1-6	1
CASGSRVGGYNEQFF	TRBV12-5	TRBJ2-1	1
CASGSSNEKLFF	TRBV27	TRBJ1-4	1
CASGSTAYEQYF	TRBV12-5	TRBJ2-7	1
CASGSTGLVDGDTQYF	TRBV12-5	TRBJ2-3	1
CASGSTGQFTEAFF	TRBV12-5	TRBJ1-1	1
CASGSWPQHF	TRBV6-3	TRBJ1-5	1
CASGTAATYEQYF	TRBV27	TRBJ2-7	1
CASGTALSNQPQHF	TRBV12-4	TRBJ1-5	1
CASGTAWNTEAFF	TRBV6-1	TRBJ1-1	1
CASGTDNSPLHF	TRBV7-9	TRBJ1-6	1
CASGTDPEAFF	TRBV27	TRBJ1-1	1
CASGTDTQYF	TRBV7-3	TRBJ2-3	1
CASGTENTEAFF	TRBV14	TRBJ1-1	1
CASGTEQFF	TRBV6-1	TRBJ2-1	1
CASGTGAKEQYF	TRBV7-6	TRBJ2-7	1
CASGTGEVNTEAFF	TRBV12-5	TRBJ1-1	1
CASGTGGAYEQYF	TRBV12-5	TRBJ2-7	1
CASGTGGDYNEQFF	TRBV5-1	TRBJ2-1	1
CASGTGGGNQPQHF	TRBV6-3	TRBJ1-5	1
CASGTGGSTDTQYF	TRBV6-6	TRBJ2-3	1
CASGTGGTEAFF	TRBV18	TRBJ1-1	1
CASGTGGTEQFF	TRBV4-3	TRBJ2-1	1
CASGTGGVGGYTF	TRBV6-1	TRBJ1-2	1
CASGTGLEPDTQYF	TRBV27	TRBJ2-3	1
CASGTGQGATGELFF	TRBV12-5	TRBJ2-2	1
CASGTGSREQYF	TRBV5-6	TRBJ2-7	1
CASGTGTGASQYF	TRBV12-5	TRBJ2-7	1
CASGTGTGPYEQYF	TRBV27	TRBJ2-7	1
CASGTGTKNIQYF	TRBV27	TRBJ2-4	1
CASGTGWNEQFF	TRBV24-1	TRBJ2-1	1
CASGTGYTDTQYF	TRBV6-1	TRBJ2-3	1
CASGTHSGQSKVGSSYNEQFF	TRBV12-4	TRBJ2-1	1
CASGTMNTEAFF	TRBV11-1	TRBJ1-1	1
CASGTPGGEKLFF	TRBV7-9	TRBJ1-4	1
CASGTRAANTGELFF	TRBV9	TRBJ2-2	1
CASGTRDRDLVNYGYTF	TRBV27	TRBJ1-2	1
CASGTRPLASGRSGELFF	TRBV2	TRBJ2-2	2
CASGTSGAYEQYF	TRBV19	TRBJ2-7	1
CASGTSGMNGELFF	TRBV9	TRBJ2-2	1
CASGTSGSLTSTDTQYF	TRBV11-2	TRBJ2-3	1
CASGTSGTDTQYF	TRBV7-9	TRBJ2-3	1
CASGTSGTYNEQFF	TRBV6-5	TRBJ2-1	1
CASGTSGYTDTQYF	TRBV12-3	TRBJ2-3	1
CASGTSSYEQYF	TRBV10-2	TRBJ2-7	1
CASGTSVTSTDTQYF	TRBV27	TRBJ2-3	1
CASGTSYNEQFF	TRBV28	TRBJ2-1	1
CASGTTGSGSPLHF	TRBV4-3	TRBJ1-6	1
CASGTVDGYTF	TRBV27	TRBJ1-2	1
CASGTVNTGELFF	TRBV27	TRBJ2-2	1
CASGVAASDTQYF	TRBV27	TRBJ2-3	1
CASGVADEQFF	TRBV27	TRBJ2-1	1
CASGVDINSYEQYF	TRBV12-5	TRBJ2-7	1
CASGVGGYTF	TRBV2	TRBJ1-2	1
CASGVGSGNTIYF	TRBV6-5	TRBJ1-3	1
CASGVPGDNEQFF	TRBV12-4	TRBJ2-1	1
CASGVPGTPNTEAFF	TRBV12-5	TRBJ1-1	1
CASGVVGLAGGLDEQYF	TRBV7-2	TRBJ2-7	1
CASGVVSGSSYEQYF	TRBV27	TRBJ2-7	1
CASGVYSNQPQHF	TRBV19	TRBJ1-5	1
CASGWDEAGANVLTF	TRBV12-5	TRBJ2-6	1
CASGWDRPNTGELFF	TRBV12-5	TRBJ2-2	1
CASGWEKLFF	TRBV19	TRBJ1-4	1
CASGWGPAYEQYF	TRBV7-9	TRBJ2-7	1
CASGWGWDPNYGYTF	TRBV2	TRBJ1-2	1
CASGWNEQFF	TRBV6-5	TRBJ2-1	1
CASGWNLDEQFF	TRBV12-5	TRBJ2-1	2
CASGWPPETQYF	TRBV12-5	TRBJ2-5	1
CASGWPPGTGTYGYTF	TRBV12-5	TRBJ1-2	1
CASGWRDHQPQHF	TRBV7-9	TRBJ1-5	1
CASGWRNNSPLHF	TRBV27	TRBJ1-6	1
CASGWRYEQYF	TRBV27	TRBJ2-7	1
CASGWSLVTFVTQYF	TRBV4-1	TRBJ2-5	1
CASGWTLPGTSEQETQYF	TRBV12-5	TRBJ2-5	1
CASGWTSGIYEQYF	TRBV27	TRBJ2-7	1
CASGYEQYF	TRBV11-1	TRBJ2-7	1
CASGYGAGNEQFF	TRBV6-5	TRBJ2-1	1
CASGYGGGTEAFF	TRBV19	TRBJ1-1	1
CASGYNEQFF	TRBV27	TRBJ2-1	1
CASGYNGGALDTQYF	TRBV9	TRBJ2-3	1
CASGYQGLAAFF	TRBV27	TRBJ1-1	1
CASGYSYEQYF	TRBV6-3	TRBJ2-7	1
CASGYTPDTQYF	TRBV27	TRBJ2-3	1
CASGYWKLAGGPQETQYF	TRBV7-2	TRBJ2-5	1
CASGYWSGDTQYF	TRBV6-3	TRBJ2-3	1
CASHATGAYGYTF	TRBV2	TRBJ1-2	1
CASHDGGLETQYF	TRBV28	TRBJ2-5	1
CASHDGTDNEKLFF	TRBV7-9	TRBJ1-4	1
CASHDPSFYNEQFF	TRBV7-2	TRBJ2-1	1
CASHDRKNEQYF	TRBV6-5	TRBJ2-7	1
CASHFAGPPYNEQFF	TRBV10-3	TRBJ2-1	1
CASHGRGPPYEQYF	TRBV5-6	TRBJ2-7	1
CASHKSRDGKETQYF	TRBV7-6	TRBJ2-5	1
CASHLGGLNEQFF	TRBV6-6	TRBJ2-1	1
CASHLPFLAPSYEQYF	TRBV2	TRBJ2-7	1
CASHPGGSGYEQYF	TRBV5-5	TRBJ2-7	1
CASHPGLQVQETQYF	TRBV27	TRBJ2-5	1
CASHPLGEAGDNEQFF	TRBV28	TRBJ2-1	1
CASHPRTPIYGYTF	TRBV2	TRBJ1-2	1
CASHQTGGRDTEAFF	TRBV13	TRBJ1-1	1
CASHRFGELFF	TRBV6-5	TRBJ2-2	1
CASHRGGEDTQETQYF	TRBV28	TRBJ2-5	1
CASHRGYPNEQYF	TRBV6-1	TRBJ2-7	1
CASHRLAGDPFSYEQYF	TRBV27	TRBJ2-7	1
CASHRPSYEQYF	TRBV6-1	TRBJ2-7	1
CASHSGNTIYF	TRBV27	TRBJ1-3	5
CASHSIVNYGYTF	TRBV19	TRBJ1-2	1
CASHSVTNEQFF	TRBV19	TRBJ2-1	2
CASHTGPTDTQYF	TRBV6-1	TRBJ2-3	1
CASHWRETGELFF	TRBV12-4	TRBJ2-2	1
CASHYRGYSNQPQHF	TRBV6-3	TRBJ1-5	1
CASIAAGTGNEQFF	TRBV6-3	TRBJ2-1	1
CASIAGPRLGMNTEAFF	TRBV5-6	TRBJ1-1	1
CASIAGQYNEQFF	TRBV7-9	TRBJ2-1	1
CASIALTGELFF	TRBV6-1	TRBJ2-2	13
CASIARTQRNTGELFF	TRBV10-2	TRBJ2-2	1
CASIDDRGRGNTEAFF	TRBV11-1	TRBJ1-1	1
CASIDLQGPNTEAFF	TRBV19	TRBJ1-1	1
CASIDPTSGSTPDTQYF	TRBV6-6	TRBJ2-3	1
CASIDQLRNNEQFF	TRBV19	TRBJ2-1	1
CASIDRASGYTF	TRBV6-5	TRBJ1-2	1
CASIDRGYEQYF	TRBV7-2	TRBJ2-7	1
CASIDSQETQYF	TRBV27	TRBJ2-5	1
CASIDSQIIYEQYF	TRBV28	TRBJ2-7	1
CASIDTYTEAFF	TRBV12-3	TRBJ1-1	1
CASIDYTEAFF	TRBV19	TRBJ1-1	1
CASIEEGRKQTQYF	TRBV28	TRBJ2-5	1
CASIEQGEFYEQYF	TRBV6-1	TRBJ2-7	1
CASIFGATQYF	TRBV27	TRBJ2-5	1
CASIFSRGDPANYGYTF	TRBV7-9	TRBJ1-2	1
CASIGDSPGEQYF	TRBV19	TRBJ2-7	2
CASIGDTQYF	TRBV28	TRBJ2-3	1
CASIGEGFSNQPQHF	TRBV25-1	TRBJ1-5	1
CASIGEPREPQHF	TRBV19	TRBJ1-5	1
CASIGGATEAFF	TRBV19	TRBJ1-1	1
CASIGGFPEAFF	TRBV2	TRBJ1-1	1
CASIGGNPLFF	TRBV7-9	TRBJ2-2	1
CASIGGTDTQYF	TRBV27	TRBJ2-3	1
CASIGGTGELFF	TRBV19	TRBJ2-2	1
CASIGIRDSQETQYF	TRBV6-1	TRBJ2-5	1
CASIGKFRVGADTQYF	TRBV27	TRBJ2-3	3
CASIGLAGEPKNVEQYF	TRBV6-1	TRBJ2-7	2
CASIGPGKNIQYF	TRBV6-1	TRBJ2-4	2
CASIGPSSGTGNSYEQYF	TRBV19	TRBJ2-7	1
CASIGQDEKLFF	TRBV5-6	TRBJ1-4	1
CASIGRRNYGYTF	TRBV6-5	TRBJ1-2	1
CASIGRTGILERSGANVLTF	TRBV19	TRBJ2-6	1
CASIGSLNPPFYEQYF	TRBV28	TRBJ2-7	1
CASIGTANEQYF	TRBV6-1	TRBJ2-7	1
CASIGTGLFSHSGANVLTF	TRBV19	TRBJ2-6	1
CASIGTHPGEAFF	TRBV2	TRBJ1-1	1
CASIGTRQGISYGYTF	TRBV7-9	TRBJ1-2	1
CASIGTSENEQFF	TRBV6-1	TRBJ2-1	1
CASIHSDRANYGYTF	TRBV5-4	TRBJ1-2	1
CASIHSRLAGGGQYF	TRBV12-4	TRBJ2-5	1
CASIILAGGATDTQYF	TRBV6-1	TRBJ2-3	1
CASIILAGVKETQYF	TRBV6-1	TRBJ2-5	1
CASIIQGAQSGANVLTF	TRBV12-4	TRBJ2-6	1
CASIKATGGGYTF	TRBV19	TRBJ1-2	1
CASIKKGDTQYF	TRBV12-3	TRBJ2-3	1
CASIKNVGWETQYF	TRBV7-9	TRBJ2-5	1
CASILAGGTGELFF	TRBV6-6	TRBJ2-2	1
CASILDPFNEQFF	TRBV12-3	TRBJ2-1	1
CASILEMTSGADTQYF	TRBV7-2	TRBJ2-3	3
CASILGLDTDYNEQFF	TRBV7-8	TRBJ2-1	1
CASILGLNTEAFF	TRBV28	TRBJ1-1	1
CASILGQGAGELFF	TRBV19	TRBJ2-2	1
CASILPPGVQYF	TRBV6-3	TRBJ2-7	1
CASILPQGTQYF	TRBV7-2	TRBJ2-5	1
CASILRDRNTEAFF	TRBV6-3	TRBJ1-1	1
CASILRGAGTEAFF	TRBV28	TRBJ1-1	1
CASILRGYNEQFF	TRBV13	TRBJ2-1	1
CASILSGGPYNEQFF	TRBV12-4	TRBJ2-1	1
CASILTNTGELFF	TRBV12-3	TRBJ2-2	1
CASIMTAHGELFF	TRBV12-3	TRBJ2-2	1
CASIMTGSYTEAFF	TRBV19	TRBJ1-1	1
CASINLWGNPDNEQFF	TRBV6-6	TRBJ2-1	1
CASINPATGAYGYTF	TRBV6-3	TRBJ1-2	1
CASINRDDSYEQYF	TRBV28	TRBJ2-7	1
CASINRGRSSYNEQFF	TRBV12-4	TRBJ2-1	1
CASINWGLAGGRGELFF	TRBV11-2	TRBJ2-2	1
CASIPDGGNEQYF	TRBV5-6	TRBJ2-7	1
CASIPDRGNRNYGYTF	TRBV10-3	TRBJ1-2	1
CASIPDRRDRAYEQYF	TRBV6-1	TRBJ2-7	1
CASIPEVLNTEAFF	TRBV7-9	TRBJ1-1	1
CASIPGGSGTYEQYF	TRBV27	TRBJ2-7	1
CASIPGMDTEAFF	TRBV12-3	TRBJ1-1	1
CASIPGNSGTTYEQYF	TRBV6-6	TRBJ2-7	1
CASIPGPSSGNTIYF	TRBV6-5	TRBJ1-3	1
CASIPGTGYGYTF	TRBV19	TRBJ1-2	1
CASIPGTSGGTEQETQYF	TRBV12-3	TRBJ2-5	1
CASIPLAEVVEQFF	TRBV7-9	TRBJ2-1	1
CASIPLAGIYNEQFF	TRBV28	TRBJ2-1	1
CASIPLFPGQGANSNQPQHF	TRBV19	TRBJ1-5	1
CASIPLGRDNLGQPQHF	TRBV6-3	TRBJ1-5	1
CASIPPGGPIECEQFF	TRBV12-4	TRBJ2-1	1
CASIPPGYNEQFF	TRBV12-3	TRBJ2-1	1
CASIPQGGTDTQYF	TRBV6-1	TRBJ2-3	1
CASIPRSGQGYEQYF	TRBV7-9	TRBJ2-7	1
CASIPVAGTGNTIYF	TRBV6-6	TRBJ1-3	1
CASIQGAAGYTF	TRBV12-3	TRBJ1-2	1
CASIQGAGANVLTF	TRBV6-1	TRBJ2-6	1
CASIQGAGQPQHF	TRBV6-3	TRBJ1-5	1
CASIQGENTEAFF	TRBV5-1	TRBJ1-1	1
CASIQGTEAFF	TRBV12-3	TRBJ1-1	1
CASIQGTSGNNEQFF	TRBV2	TRBJ2-1	1
CASIQRRNEQFF	TRBV7-2	TRBJ2-1	1
CASIQTGDYTEAFF	TRBV6-5	TRBJ1-1	1
CASIQVLGQGLFSYEQYF	TRBV6-6	TRBJ2-7	1
CASIRADSYEQYF	TRBV6-6	TRBJ2-7	1
CASIRDTYNSPLHF	TRBV6-1	TRBJ1-6	1
CASIRGTSGASGQETQYF	TRBV12-3	TRBJ2-5	1
CASIRLAGDTGELFF	TRBV6-1	TRBJ2-2	1
CASIRLAGEVYNEQFF	TRBV6-1	TRBJ2-1	1
CASIRLIGTGDFNTEAFF	TRBV19	TRBJ1-1	1
CASIRMGSTDTQYF	TRBV27	TRBJ2-3	1
CASIRTGKAFF	TRBV27	TRBJ1-1	1
CASIRTSGSRNEQFF	TRBV19	TRBJ2-1	1
CASIRTSGTGYNEQFF	TRBV7-8	TRBJ2-1	1
CASISAGGRKSDTQYF	TRBV7-9	TRBJ2-3	1
CASISFDYEQYF	TRBV2	TRBJ2-7	1
CASISGLTPQLEGYTF	TRBV7-9	TRBJ1-2	1
CASISLGLRWRGNTIYF	TRBV7-9	TRBJ1-3	1
CASISNQPQHF	TRBV19	TRBJ1-5	1
CASISNSYNSPLHF	TRBV28	TRBJ1-6	1
CASISPHTGELFF	TRBV6-1	TRBJ2-2	1
CASISPWEETQYF	TRBV7-9	TRBJ2-5	1
CASISRDSTMNTEAFF	TRBV12-3	TRBJ1-1	1
CASISSASYEQYF	TRBV6-6	TRBJ2-7	1
CASISSGQGANTEAFF	TRBV7-9	TRBJ1-1	2
CASISTGQGFYNEQFF	TRBV6-3	TRBJ2-1	1
CASISTSGQTTDTQYF	TRBV2	TRBJ2-3	1
CASISWDRGETQYF	TRBV6-3	TRBJ2-5	1
CASITGSYEQYF	TRBV2	TRBJ2-7	1
CASITKYNEQFF	TRBV12-3	TRBJ2-1	1
CASITPDGEYNEQFF	TRBV7-2	TRBJ2-1	1
CASITREATEAFF	TRBV2	TRBJ1-1	1
CASITRTGGAFPDTQYF	TRBV7-3	TRBJ2-3	1
CASITRVGEPQHF	TRBV2	TRBJ1-5	1
CASITSWANYGYTF	TRBV28	TRBJ1-2	1
CASITTGYNEQFF	TRBV6-3	TRBJ2-1	1
CASIVGTGALNTEAFF	TRBV19	TRBJ1-1	1
CASIVSQGSTEAFF	TRBV19	TRBJ1-1	1
CASIVTGTSGLSNYGYTF	TRBV7-9	TRBJ1-2	1
CASIYKTRFEGPDTDTQYF	TRBV5-6	TRBJ2-3	1
CASKAGGDRTEAFF	TRBV19	TRBJ1-1	1
CASKAGGSVNEQYF	TRBV6-5	TRBJ2-7	1
CASKAGHAIQETQYF	TRBV10-2	TRBJ2-5	1
CASKAGNGYTF	TRBV6-6	TRBJ1-2	1
CASKAGRGADTQYF	TRBV6-1	TRBJ2-3	1
CASKAGSGTEQFF	TRBV7-9	TRBJ2-1	1
CASKAPQGGYEQYF	TRBV27	TRBJ2-7	1
CASKASYNEQFF	TRBV5-1	TRBJ2-1	1
CASKDARQGPYNEQFF	TRBV2	TRBJ2-1	1
CASKDGANVLTF	TRBV5-1	TRBJ2-6	3
CASKDGGGQETQYF	TRBV12-4	TRBJ2-5	1
CASKDRELDEQYF	TRBV6-1	TRBJ2-7	1
CASKDVRAAKNIQYF	TRBV28	TRBJ2-4	1
CASKEARFNYGYTF	TRBV19	TRBJ1-2	1
CASKEGAGGTYNEQFF	TRBV19	TRBJ2-1	1
CASKEGFNPNYGYTF	TRBV2	TRBJ1-2	1
CASKEGNQPQHF	TRBV19	TRBJ1-5	6
CASKENRLQETQYF	TRBV2	TRBJ2-5	1
CASKESNQPQHF	TRBV19	TRBJ1-5	1
CASKESSGSDTQYF	TRBV16	TRBJ2-3	2
CASKETGLYNEQFF	TRBV14	TRBJ2-1	1
CASKEVGTSYEQYF	TRBV19	TRBJ2-7	1
CASKEVLTDTQYF	TRBV6-6	TRBJ2-3	1
CASKFEKQFF	TRBV2	TRBJ2-1	1
CASKFKPSGPTDTQYF	TRBV27	TRBJ2-3	1
CASKGAGEQYF	TRBV11-2	TRBJ2-7	1
CASKGAVTEAFF	TRBV6-5	TRBJ1-1	1
CASKGDRGAYEQYF	TRBV6-3	TRBJ2-7	1
CASKGGAALPQHF	TRBV27	TRBJ1-5	1
CASKGGGPGTQYF	TRBV2	TRBJ2-3	1
CASKGGPDYEQYF	TRBV3-1	TRBJ2-7	1
CASKGGPHQPQHF	TRBV6-5	TRBJ1-5	1
CASKGGSYGYTF	TRBV6-1	TRBJ1-2	1
CASKGKGNTEAFF	TRBV2	TRBJ1-1	1
CASKGLAGGGSYNEQFF	TRBV6-5	TRBJ2-1	1
CASKGLAVSYEQYF	TRBV27	TRBJ2-7	1
CASKGLTGTDTQYF	TRBV10-2	TRBJ2-3	1
CASKGNTGELFF	TRBV19	TRBJ2-2	1
CASKGQATNEKLFF	TRBV7-2	TRBJ1-4	2
CASKGQGANEQYF	TRBV19	TRBJ2-7	1
CASKGQGDNQPQHF	TRBV6-3	TRBJ1-5	1
CASKGQGGYEQYF	TRBV5-1	TRBJ2-7	1
CASKGRGLYEQYF	TRBV6-1	TRBJ2-7	1
CASKGRNSPLHF	TRBV27	TRBJ1-6	1
CASKGRPLYEQYF	TRBV27	TRBJ2-7	1
CASKGSNYGYTF	TRBV5-6	TRBJ1-2	1
CASKGTASTDTQYF	TRBV10-2	TRBJ2-3	1
CASKGTDTQYF	TRBV27	TRBJ2-3	1
CASKGTGSLDTQYF	TRBV5-1	TRBJ2-3	1
CASKGTGTAGRYQPQHF	TRBV2	TRBJ1-5	1
CASKGTGVPEAFF	TRBV19	TRBJ1-1	1
CASKGTSGYEQYF	TRBV7-8	TRBJ2-7	1
CASKGVGQSDTQYF	TRBV28	TRBJ2-3	1
CASKGVVYEQYF	TRBV6-1	TRBJ2-7	13
CASKGYEQYF	TRBV2	TRBJ2-7	1
CASKGYGYTF	TRBV2	TRBJ1-2	1
CASKGYSGSATGELFF	TRBV6-3	TRBJ2-2	1
CASKHPATNEKLFF	TRBV7-8	TRBJ1-4	1
CASKIAGGTEAFF	TRBV27	TRBJ1-1	1
CASKIDSDQANEQFF	TRBV28	TRBJ2-1	1
CASKIGQGYEQYF	TRBV6-5	TRBJ2-7	1
CASKIGVYNEQFF	TRBV27	TRBJ2-1	1
CASKIQGSPEAFF	TRBV28	TRBJ1-1	1
CASKISSTDTQYF	TRBV6-1	TRBJ2-3	1
CASKKDTQYF	TRBV6-3	TRBJ2-3	1
CASKKGEGNEKLFF	TRBV2	TRBJ1-4	1
CASKKQIGELFF	TRBV27	TRBJ2-2	1
CASKKREGRADTQYF	TRBV5-1	TRBJ2-3	1
CASKKTGPTYEQYF	TRBV6-5	TRBJ2-7	1
CASKKTSGRDGETQYF	TRBV6-1	TRBJ2-5	1
CASKLAGGPDEQFF	TRBV5-1	TRBJ2-1	1
CASKLNGGSGPTHEQYF	TRBV2	TRBJ2-7	1
CASKLQGASNQPQHF	TRBV6-5	TRBJ1-5	1
CASKMGIGNIQYF	TRBV11-2	TRBJ2-4	1
CASKMGQYNEQFF	TRBV27	TRBJ2-1	1
CASKMYDYEQYF	TRBV2	TRBJ2-7	1
CASKNGEKLFF	TRBV7-9	TRBJ1-4	1
CASKNKGGPDTGELFF	TRBV27	TRBJ2-2	1
CASKNPGIPLGDEQFF	TRBV6-3	TRBJ2-1	1
CASKNPGTEIYEQYF	TRBV28	TRBJ2-7	5
CASKNSQGTGNEQFF	TRBV6-5	TRBJ2-1	1
CASKNVGGPGSDTQYF	TRBV12-4	TRBJ2-3	1
CASKPGQGAYEQYF	TRBV19	TRBJ2-7	1
CASKPGTPDTQYF	TRBV7-9	TRBJ2-3	1
CASKPPGAQGDTQYF	TRBV7-9	TRBJ2-3	1
CASKPPGSSSYEQYF	TRBV6-3	TRBJ2-7	2
CASKPQGLAGGPGTNEQFF	TRBV6-5	TRBJ2-1	1
CASKPRGRYEQYF	TRBV27	TRBJ2-7	1
CASKPTGFGYGYTF	TRBV6-3	TRBJ1-2	1
CASKPTGGLETQYF	TRBV12-3	TRBJ2-5	1
CASKPTSTDTQYF	TRBV27	TRBJ2-3	4
CASKQGLTSTDTQYF	TRBV19	TRBJ2-3	1
CASKQGNTEAFF	TRBV28	TRBJ1-1	1
CASKQGWEGNTIYF	TRBV19	TRBJ1-3	1
CASKQGYWTEAFF	TRBV27	TRBJ1-1	1
CASKREDYEQYF	TRBV12-4	TRBJ2-7	1
CASKRGGGTEAFF	TRBV2	TRBJ1-1	1
CASKRGMSNQPQHF	TRBV21-1	TRBJ1-5	1
CASKRGSTEAFF	TRBV27	TRBJ1-1	1
CASKRGTEIYYSPLHF	TRBV12-4	TRBJ1-6	1
CASKRLAGGREETQYF	TRBV27	TRBJ2-5	1
CASKRPTNEKLFF	TRBV2	TRBJ1-4	1
CASKRRPRYEQYF	TRBV6-6	TRBJ2-7	1
CASKRSMNTEAFF	TRBV14	TRBJ1-1	1
CASKRTATYEQYF	TRBV28	TRBJ2-7	3
CASKRTSGSTDTQYF	TRBV6-3	TRBJ2-3	1
CASKRVSSADTQYF	TRBV14	TRBJ2-3	1
CASKSFFRDRGTGELFF	TRBV6-3	TRBJ2-2	1
CASKSGGSEQYF	TRBV27	TRBJ2-7	1
CASKSGTHNEQFF	TRBV2	TRBJ2-1	2
CASKSILWDYNEQFF	TRBV19	TRBJ2-1	1
CASKSRDGSNQPQHF	TRBV19	TRBJ1-5	1
CASKSRGENIQYF	TRBV19	TRBJ2-4	1
CASKSVYLSTDTQYF	TRBV2	TRBJ2-3	1
CASKTDSYNEQFF	TRBV7-9	TRBJ2-1	1
CASKTENIQYF	TRBV27	TRBJ2-4	1
CASKTEWTSGEYTQYF	TRBV6-6	TRBJ2-3	1
CASKTGFEQYF	TRBV2	TRBJ2-7	1
CASKTGTGDEQFF	TRBV28	TRBJ2-1	1
CASKTGVDNSPLHF	TRBV27	TRBJ1-6	1
CASKTGVDYNEQFF	TRBV6-3	TRBJ2-1	1
CASKTGVNTEAFF	TRBV6-5	TRBJ1-1	1
CASKTLWGKNIQYF	TRBV2	TRBJ2-4	1
CASKTRDRGHNEQFF	TRBV27	TRBJ2-1	1
CASKTSDTYEQYF	TRBV27	TRBJ2-7	1
CASKTSNEQFF	TRBV25-1	TRBJ2-1	1
CASKVAGEHEQYF	TRBV27	TRBJ2-7	1
CASKVAGRAYEQYF	TRBV2	TRBJ2-7	1
CASKVERRSYNEQFF	TRBV19	TRBJ2-1	1
CASKVGGENSPLHF	TRBV27	TRBJ1-6	1
CASKVGTSGLNEQFF	TRBV19	TRBJ2-1	1
CASKVPGQLDYGYTF	TRBV28	TRBJ1-2	1
CASKVQTDNSPLHF	TRBV19	TRBJ1-6	1
CASKVSGGGQETQYF	TRBV5-6	TRBJ2-5	1
CASKVSGPKETQYF	TRBV6-3	TRBJ2-5	1
CASKVWPGEAFF	TRBV12-3	TRBJ1-1	1
CASKWGGDSPLHF	TRBV5-4	TRBJ1-6	1
CASKWGLAGSTDTQYF	TRBV7-9	TRBJ2-3	1
CASKWGVNTEAFF	TRBV27	TRBJ1-1	1
CASKYGSYYEQYF	TRBV28	TRBJ2-7	1
CASKYGTSDGNEQFF	TRBV7-8	TRBJ2-1	1
CASLADYEQYF	TRBV28	TRBJ2-7	1
CASLAGDSTDTQYF	TRBV21-1	TRBJ2-3	1
CASLALGSQGRGAGDTQYF	TRBV7-8	TRBJ2-3	1
CASLALTGELFF	TRBV6-1	TRBJ2-2	2
CASLATGLGTEAFF	TRBV28	TRBJ1-1	1
CASLDRGGHEQYF	TRBV19	TRBJ2-7	1
CASLDRPGLSQHF	TRBV2	TRBJ1-5	1
CASLDRPTYEQYF	TRBV28	TRBJ2-7	1
CASLEAGEFHEQYF	TRBV2	TRBJ2-7	1
CASLEGDGYTF	TRBV19	TRBJ1-2	1
CASLEGIMNTEAFF	TRBV2	TRBJ1-1	1
CASLEGLVYEQYF	TRBV2	TRBJ2-7	1
CASLEGTGELFF	TRBV12-4	TRBJ2-2	1
CASLEGVGETQYF	TRBV5-4	TRBJ2-5	1
CASLERATNEKLFF	TRBV2	TRBJ1-4	1
CASLGDLSGDTQYF	TRBV27	TRBJ2-3	1
CASLGEDREMNTEAFF	TRBV28	TRBJ1-1	1
CASLGEGAYYGYTF	TRBV7-9	TRBJ1-2	1
CASLGERGYTF	TRBV12-4	TRBJ1-2	1
CASLGETDTQYF	TRBV19	TRBJ2-3	1
CASLGGGPYNEQFF	TRBV13	TRBJ2-1	1
CASLGGNYGYTF	TRBV5-1	TRBJ1-2	1
CASLGLAGAGELFF	TRBV9	TRBJ2-2	1
CASLGLAGAYNEQFF	TRBV6-5	TRBJ2-1	1
CASLGLGANEKLFF	TRBV2	TRBJ1-4	1
CASLGLGTDTQYF	TRBV6-3	TRBJ2-3	1
CASLGLGVTQYF	TRBV28	TRBJ2-5	1
CASLGNYGYTF	TRBV2	TRBJ1-2	1
CASLGREGNQPQHF	TRBV19	TRBJ1-5	1
CASLGRRGGLFF	TRBV12-4	TRBJ2-2	1
CASLGSPEYNEQFF	TRBV7-9	TRBJ2-1	1
CASLGTGGFHEQYF	TRBV2	TRBJ2-7	1
CASLIGRVSYEQYF	TRBV12-3	TRBJ2-7	1
CASLISGTDTQYF	TRBV11-2	TRBJ2-3	1
CASLKGGDISNQPQHF	TRBV19	TRBJ1-5	1
CASLKGTEQFF	TRBV27	TRBJ2-1	1
CASLKKHDGNQPQHF	TRBV2	TRBJ1-5	1
CASLKLSREGHEQYF	TRBV28	TRBJ2-7	1
CASLLAGGNNEQFF	TRBV6-3	TRBJ2-1	1
CASLLEGAEGETQYF	TRBV12-4	TRBJ2-5	1
CASLLGGTGFDEQFF	TRBV12-4	TRBJ2-1	1
CASLLGPTDTQYF	TRBV5-4	TRBJ2-3	1
CASLLGQGYEQYF	TRBV28	TRBJ2-7	1
CASLLLGVDQPQHF	TRBV28	TRBJ1-5	1
CASLLQGNQPQHF	TRBV28	TRBJ1-5	1
CASLMSRVSEAFF	TRBV6-5	TRBJ1-1	1
CASLNPGHTEQYF	TRBV27	TRBJ2-7	1
CASLPEFRNYGYTF	TRBV6-3	TRBJ1-2	1
CASLPGGGASYEQYF	TRBV6-3	TRBJ2-7	1
CASLPGIRDYGYTF	TRBV6-1	TRBJ1-2	1
CASLPGPHRETQYF	TRBV7-8	TRBJ2-5	1
CASLPGTPSSNEQFF	TRBV27	TRBJ2-1	1
CASLPLGLAFF	TRBV2	TRBJ1-1	1
CASLPQASAASGKLYNEQFF	TRBV5-6	TRBJ2-1	1
CASLPRGGGPFRIGSYEQYF	TRBV28	TRBJ2-7	1
CASLPRGQFF	TRBV19	TRBJ2-1	6
CASLPVAGGYNEQFF	TRBV6-3	TRBJ2-1	1
CASLPVSTDTQYF	TRBV12-4	TRBJ2-3	1
CASLPWDPDQPQHF	TRBV18	TRBJ1-5	1
CASLQGFGMNTEAFF	TRBV27	TRBJ1-1	1
CASLQGGGYTDTQYF	TRBV6-3	TRBJ2-3	1
CASLRADTQYF	TRBV28	TRBJ2-3	1
CASLRDRYNEQFF	TRBV13	TRBJ2-1	1
CASLRVRGANYGYTF	TRBV7-2	TRBJ1-2	1
CASLRWAGADTQYF	TRBV27	TRBJ2-3	1
CASLSGNSPLHF	TRBV13	TRBJ1-6	1
CASLSNQWGSPGANVLTF	TRBV6-5	TRBJ2-6	1
CASLSSGRRLETQYF	TRBV6-5	TRBJ2-5	1
CASLSSYNSPLHF	TRBV12-4	TRBJ1-6	1
CASLTGDYNEQFF	TRBV7-2	TRBJ2-1	1
CASLTTSVNTGELFF	TRBV2	TRBJ2-2	1
CASLVGSTYEQYF	TRBV2	TRBJ2-7	1
CASLVVLETNTGELFF	TRBV12-3	TRBJ2-2	1
CASLWLRGEYNEQFF	TRBV6-3	TRBJ2-1	1
CASLWQGAGEQYF	TRBV6-3	TRBJ2-7	1
CASLYGRGTEAFF	TRBV2	TRBJ1-1	1
CASMADNPYEQYF	TRBV3-1	TRBJ2-7	1
CASMAGTGNTEAFF	TRBV19	TRBJ1-1	1
CASMAPGNEQFF	TRBV5-8	TRBJ2-1	1
CASMDSYEQYF	TRBV27	TRBJ2-7	1
CASMEQGNSPLHF	TRBV28	TRBJ1-6	1
CASMETQYF	TRBV3-1	TRBJ2-5	1
CASMEVNTEAFF	TRBV19	TRBJ1-1	1
CASMFGDTEAFF	TRBV19	TRBJ1-1	1
CASMGADEPTGELFF	TRBV25-1	TRBJ2-2	1
CASMGAGELFF	TRBV9	TRBJ2-2	1
CASMGDTQYF	TRBV27	TRBJ2-3	1
CASMGEGYEQYF	TRBV12-3	TRBJ2-7	1
CASMGGETQYF	TRBV12-4	TRBJ2-5	1
CASMGKRNYGYTF	TRBV21-1	TRBJ1-2	1
CASMGLAGGRNEQFF	TRBV7-9	TRBJ2-1	1
CASMGLGPSYEQYF	TRBV2	TRBJ2-7	1
CASMGPRRSNQPQHF	TRBV28	TRBJ1-5	1
CASMGRDSYEQYF	TRBV2	TRBJ2-7	1
CASMGTAHEAFF	TRBV27	TRBJ1-1	1
CASMGTDTQYF	TRBV6-5	TRBJ2-3	1
CASMGTSETNEQFF	TRBV2	TRBJ2-1	1
CASMGTSGNEQFF	TRBV2	TRBJ2-1	1
CASMGVRDSQETQYF	TRBV19	TRBJ2-5	1
CASMIREHSYEQYF	TRBV2	TRBJ2-7	1
CASMLAGIDNEQFF	TRBV5-6	TRBJ2-1	1
CASMLPAGRSYNEQFF	TRBV6-3	TRBJ2-1	1
CASMLTAGGYTQYF	TRBV28	TRBJ2-3	1
CASMNRASSYNEQFF	TRBV27	TRBJ2-1	1
CASMPAGYTGELFF	TRBV14	TRBJ2-2	1
CASMPDIGSNEQFF	TRBV19	TRBJ2-1	1
CASMPGQDSYNEQFF	TRBV2	TRBJ2-1	1
CASMPGTLNEQFF	TRBV19	TRBJ2-1	1
CASMQQGNTGELFF	TRBV5-6	TRBJ2-2	1
CASMRDYNEQFF	TRBV19	TRBJ2-1	1
CASMRGVEGTDTQYF	TRBV7-2	TRBJ2-3	1
CASMRTVTSTDTQYF	TRBV4-1	TRBJ2-3	1
CASMSRGTQETQYF	TRBV6-5	TRBJ2-5	2
CASMSSGANVLTF	TRBV19	TRBJ2-6	1
CASMTAGDPDTQYF	TRBV28	TRBJ2-3	1
CASMTEGAFRAGNQPQHF	TRBV12-4	TRBJ1-5	1
CASMTSGGGEQYF	TRBV5-1	TRBJ2-7	1
CASMTVTYEQYF	TRBV2	TRBJ2-7	1
CASMYPGGTGELFF	TRBV6-5	TRBJ2-2	1
CASMYSEALKNEQFF	TRBV2	TRBJ2-1	1
CASNADRARTEAFF	TRBV6-3	TRBJ1-1	1
CASNAFDYEQYF	TRBV5-1	TRBJ2-7	1
CASNAGGQRTDTQYF	TRBV9	TRBJ2-3	1
CASNAGPLGNTIYF	TRBV2	TRBJ1-3	1
CASNAGQGSYEQYF	TRBV2	TRBJ2-7	1
CASNAGTGDYQPQHF	TRBV6-3	TRBJ1-5	1
CASNDGAGTGTYEQYF	TRBV5-6	TRBJ2-7	1
CASNDGDRAYGYTF	TRBV5-1	TRBJ1-2	1
CASNDGTWGGSSYNEQFF	TRBV7-8	TRBJ2-1	1
CASNDLNYGYTF	TRBV19	TRBJ1-2	1
CASNDNGGGSYEQYF	TRBV6-1	TRBJ2-7	1
CASNDPHGGVADTQYF	TRBV9	TRBJ2-3	1
CASNDRDPSAKNIQYF	TRBV19	TRBJ2-4	1
CASNDRGNGYTF	TRBV6-5	TRBJ1-2	1
CASNDSNF	TRBV5-5	TRBJ2-5	1
CASNEGANTEAFF	TRBV12-3	TRBJ1-1	1
CASNEGFSYEQYF	TRBV6-3	TRBJ2-7	1
CASNEGPEMNTEAFF	TRBV19	TRBJ1-1	1
CASNEGTNEAFF	TRBV6-6	TRBJ1-1	1
CASNEGWAEAFF	TRBV6-1	TRBJ1-1	1
CASNEIAGAEMDTEAFF	TRBV5-1	TRBJ1-1	1
CASNEQFSHSPLHF	TRBV5-6	TRBJ1-6	1
CASNEQGDSEKLFF	TRBV5-5	TRBJ1-4	1
CASNFPGNEQYF	TRBV19	TRBJ2-7	1
CASNFPGTGYYSNQPQHF	TRBV6-1	TRBJ1-5	1
CASNFQGGSGETQYF	TRBV28	TRBJ2-5	1
CASNFQGLTDTQYF	TRBV6-1	TRBJ2-3	1
CASNFVRGLEQFF	TRBV27	TRBJ2-1	1
CASNGGGTYEQYF	TRBV19	TRBJ2-7	1
CASNGGHGQGYEQYF	TRBV6-1	TRBJ2-7	1
CASNGGREQYF	TRBV5-4	TRBJ2-7	1
CASNGGTSAVPSYEQYF	TRBV7-9	TRBJ2-7	1
CASNGNSGSFSYEQYF	TRBV6-1	TRBJ2-7	1
CASNGPYEQYF	TRBV6-6	TRBJ2-7	1
CASNGQCNGYTF	TRBV6-4	TRBJ1-2	1
CASNGQGASPLHF	TRBV27	TRBJ1-6	1
CASNGREHYGYTF	TRBV9	TRBJ1-2	1
CASNGRSGYEQYF	TRBV5-6	TRBJ2-7	1
CASNGRWEQYF	TRBV6-6	TRBJ2-7	1
CASNHLRAGGGYEQYF	TRBV2	TRBJ2-7	1
CASNHPGELFF	TRBV6-3	TRBJ2-2	1
CASNHPGLEDTGELFF	TRBV12-3	TRBJ2-2	1
CASNHRRDYGYTF	TRBV14	TRBJ1-2	1
CASNIEGGTGDNGELFF	TRBV27	TRBJ2-2	1
CASNIEGLTYEQYF	TRBV28	TRBJ2-7	1
CASNIGTAPVDEAFF	TRBV7-6	TRBJ1-1	1
CASNIKAGGRTDTQYF	TRBV5-1	TRBJ2-3	1
CASNKAQGGKGEQYF	TRBV27	TRBJ2-7	1
CASNKGEETQYF	TRBV12-3	TRBJ2-5	1
CASNKGMNQPQHF	TRBV6-3	TRBJ1-5	1
CASNKGQGLLFYEQYF	TRBV2	TRBJ2-7	1
CASNKIERDHSTGELFF	TRBV6-3	TRBJ2-2	1
CASNKPGQANEKLFF	TRBV12-4	TRBJ1-4	1
CASNKPKRQRKETQYF	TRBV7-2	TRBJ2-5	1
CASNKSGGTDTQYF	TRBV6-4	TRBJ2-3	1
CASNLAGANYGYTF	TRBV12-5	TRBJ1-2	1
CASNLAGGGTGELFF	TRBV7-3	TRBJ2-2	1
CASNLAGGRQDTGELFF	TRBV2	TRBJ2-2	1
CASNLANYNEQFF	TRBV12-3	TRBJ2-1	1
CASNLDKNTEAFF	TRBV6-1	TRBJ1-1	1
CASNLDRGPYNEQFF	TRBV4-1	TRBJ2-1	1
CASNLEQGAQPPEAFF	TRBV6-6	TRBJ1-1	1
CASNLGGLGDEQYF	TRBV9	TRBJ2-7	1
CASNLGGQVGQPQHF	TRBV7-2	TRBJ1-5	1
CASNLGGTGDTQYF	TRBV6-6	TRBJ2-3	1
CASNLGLRADTQYF	TRBV5-5	TRBJ2-3	1
CASNLGPGEGEQYF	TRBV19	TRBJ2-7	1
CASNLGPYEQYF	TRBV6-5	TRBJ2-7	1
CASNLGQSNEKLFF	TRBV9	TRBJ1-4	1
CASNLGTQNTGELFF	TRBV19	TRBJ2-2	1
CASNLLANTGELFF	TRBV7-9	TRBJ2-2	1
CASNLLSRTDTQYF	TRBV7-9	TRBJ2-3	1
CASNLLVATDTQYF	TRBV12-4	TRBJ2-3	1
CASNLNNEQFF	TRBV6-3	TRBJ2-1	1
CASNLPGSTYHTQYF	TRBV25-1	TRBJ2-3	1
CASNLRAHYNSPLHF	TRBV6-5	TRBJ1-6	1
CASNLRGLYNEQFF	TRBV5-4	TRBJ2-1	1
CASNLRGRYEQYF	TRBV28	TRBJ2-7	1
CASNLRQGSYNEQFF	TRBV6-1	TRBJ2-1	1
CASNLVDTEQYF	TRBV2	TRBJ2-7	1
CASNLVERGTDTQYF	TRBV9	TRBJ2-3	1
CASNLVPMGLSYNEQFF	TRBV2	TRBJ2-1	1
CASNLVPTGAYNEQFF	TRBV7-2	TRBJ2-1	1
CASNMGGLLSTDTQYF	TRBV7-8	TRBJ2-3	1
CASNMGLQETQYF	TRBV2	TRBJ2-5	1
CASNMGPYEQYF	TRBV12-3	TRBJ2-7	1
CASNMHGLAGDPYNEQFF	TRBV5-1	TRBJ2-1	1
CASNMLVLGANVLTF	TRBV12-4	TRBJ2-6	1
CASNPAGPNEQFF	TRBV28	TRBJ2-1	1
CASNPAGRTEAFF	TRBV9	TRBJ1-1	1
CASNPDGSSYNSPLHF	TRBV9	TRBJ1-6	1
CASNPDRSSYEQYF	TRBV19	TRBJ2-7	1
CASNPFALSSYNEQFF	TRBV19	TRBJ2-1	1
CASNPFLGLYYGYTF	TRBV28	TRBJ1-2	1
CASNPGALYEQYF	TRBV6-3	TRBJ2-7	1
CASNPGEGNTIYF	TRBV9	TRBJ1-3	1
CASNPGGSGGFWDTQYF	TRBV12-4	TRBJ2-3	1
CASNPGLAGGPHEQYF	TRBV6-5	TRBJ2-7	1
CASNPGLAGRTGELFF	TRBV10-2	TRBJ2-2	1
CASNPGLNYYEQYF	TRBV5-6	TRBJ2-7	1
CASNPGLRAGFYNEQFF	TRBV4-1	TRBJ2-1	1
CASNPGPGNLYGYTF	TRBV12-4	TRBJ1-2	1
CASNPGQNYNEQFF	TRBV6-3	TRBJ2-1	1
CASNPGRGSPLHF	TRBV6-5	TRBJ1-6	1
CASNPGRGTGNQPQHF	TRBV19	TRBJ1-5	1
CASNPGRVWSEKLFF	TRBV28	TRBJ1-4	1
CASNPGTDSYNEQFF	TRBV5-1	TRBJ2-1	1
CASNPGTEYNEQFF	TRBV25-1	TRBJ2-1	1
CASNPGTGQRTEAFF	TRBV6-5	TRBJ1-1	1
CASNPIEDPIYGYTF	TRBV9	TRBJ1-2	1
CASNPIPVTGEQYF	TRBV7-9	TRBJ2-7	1
CASNPLGQGAEAFF	TRBV6-5	TRBJ1-1	1
CASNPLLPGEQYF	TRBV28	TRBJ2-7	1
CASNPPEGGFTEAFF	TRBV19	TRBJ1-1	1
CASNPPGQGFDEQFF	TRBV5-6	TRBJ2-1	1
CASNPPGTSGSFSYNEQFF	TRBV7-9	TRBJ2-1	1
CASNPPMANTEAFF	TRBV7-9	TRBJ1-1	1
CASNPPSGEQYF	TRBV6-5	TRBJ2-7	1
CASNPRDIWGYTF	TRBV6-3	TRBJ1-2	1
CASNPRIRFMGTDTQYF	TRBV14	TRBJ2-3	1
CASNPSGGASDTQYF	TRBV6-3	TRBJ2-3	1
CASNPSGSTDTQYF	TRBV6-3	TRBJ2-3	1
CASNPSGVRGTQPQHF	TRBV19	TRBJ1-5	1
CASNPSSDGDRYEQYF	TRBV13	TRBJ2-7	1
CASNPSSTDTQYF	TRBV19	TRBJ2-3	10
CASNPSTVWNTEAFF	TRBV19	TRBJ1-1	1
CASNPTGNYGYTF	TRBV19	TRBJ1-2	1
CASNPTSGGSREQFF	TRBV6-5	TRBJ2-1	1
CASNPTYEQYF	TRBV6-9	TRBJ2-7	1
CASNPVAGGIVNEQFF	TRBV27	TRBJ2-1	1
CASNPWASPQETQYF	TRBV2	TRBJ2-5	1
CASNPWGRNTEAFF	TRBV12-4	TRBJ1-1	1
CASNPYVGMNTEAFF	TRBV6-5	TRBJ1-1	1
CASNQDPKQGRYGYTF	TRBV4-2	TRBJ1-2	1
CASNQDRGSTEAFF	TRBV19	TRBJ1-1	1
CASNQDTYEQYF	TRBV11-1	TRBJ2-7	1
CASNQELPTYNEQFF	TRBV5-1	TRBJ2-1	1
CASNQGETQYF	TRBV6-6	TRBJ2-5	1
CASNQGGNSYEQYF	TRBV7-9	TRBJ2-7	1
CASNQGGSSPLHF	TRBV7-8	TRBJ1-6	1
CASNQGGTGLASIPYEQYF	TRBV7-9	TRBJ2-7	1
CASNQGLNEQFF	TRBV19	TRBJ2-1	1
CASNQGMNTEAFF	TRBV9	TRBJ1-1	1
CASNQGNTGELFF	TRBV6-5	TRBJ2-2	1
CASNQGPGYTF	TRBV12-3	TRBJ1-2	1
CASNQILQGNTEAFF	TRBV6-6	TRBJ1-1	1
CASNQRGFYEQYF	TRBV6-6	TRBJ2-7	1
CASNQRVGDHSGNTIYF	TRBV12-4	TRBJ1-3	1
CASNRDGLSPLHF	TRBV5-5	TRBJ1-6	1
CASNRDRGSKRGQYF	TRBV19	TRBJ2-5	1
CASNRDRGSYGYTF	TRBV11-2	TRBJ1-2	1
CASNRDSTETQYF	TRBV9	TRBJ2-5	1
CASNRDTTDTQYF	TRBV6-1	TRBJ2-3	1
CASNRGGGETQYF	TRBV19	TRBJ2-5	1
CASNRGGSGETQYF	TRBV9	TRBJ2-5	1
CASNRGLAGGHNEQFF	TRBV9	TRBJ2-1	1
CASNRGTSVYNEQFF	TRBV28	TRBJ2-1	1
CASNRGVKRETQYF	TRBV30	TRBJ2-5	1
CASNRLAESYNEQFF	TRBV27	TRBJ2-1	1
CASNRLAGTDTQYF	TRBV27	TRBJ2-3	1
CASNRLAGTYEQYF	TRBV27	TRBJ2-7	1
CASNRMAGDPNEQFF	TRBV7-8	TRBJ2-1	1
CASNRQDGSGANVLTF	TRBV19	TRBJ2-6	1
CASNSAAVNEQFF	TRBV6-3	TRBJ2-1	1
CASNSDGVQETQYF	TRBV27	TRBJ2-5	1
CASNSEDRSAKYEQYF	TRBV2	TRBJ2-7	1
CASNSFGQPYEQYF	TRBV19	TRBJ2-7	1
CASNSGAEAFF	TRBV2	TRBJ1-1	1
CASNSGGLSYEQYF	TRBV6-5	TRBJ2-7	1
CASNSGGNTIYF	TRBV11-1	TRBJ1-3	1
CASNSGGPYNEQFF	TRBV5-6	TRBJ2-1	1
CASNSGLDNNEQFF	TRBV27	TRBJ2-1	1
CASNSGREQYF	TRBV27	TRBJ2-7	1
CASNSGRSSYEQYF	TRBV21-1	TRBJ2-7	1
CASNSGSEYEQYF	TRBV5-1	TRBJ2-7	1
CASNSGSSNTIYF	TRBV6-1	TRBJ1-3	1
CASNSMGLARGIRETQYF	TRBV11-1	TRBJ2-5	1
CASNSPGGEAFF	TRBV5-7	TRBJ1-1	1
CASNSQGAEDGYTF	TRBV12-4	TRBJ1-2	1
CASNSRGRDTEAFF	TRBV28	TRBJ1-1	1
CASNSRLWGGETQYF	TRBV13	TRBJ2-5	1
CASNSYNEQFF	TRBV28	TRBJ2-1	1
CASNTAGGYTDTQYF	TRBV9	TRBJ2-3	1
CASNTDKTRPGNTIYF	TRBV28	TRBJ1-3	1
CASNTGDSNQPQHF	TRBV6-6	TRBJ1-5	6
CASNTGGGNQPQHF	TRBV19	TRBJ1-5	1
CASNTGVGTNEKLFF	TRBV6-1	TRBJ1-4	1
CASNTRNEETQYF	TRBV6-3	TRBJ2-5	1
CASNTVIWDSPLHF	TRBV6-3	TRBJ1-6	1
CASNVGDGNQPQHF	TRBV5-5	TRBJ1-5	1
CASNVGGARETQYF	TRBV9	TRBJ2-5	1
CASNVGSPSYNEQFF	TRBV7-2	TRBJ2-1	1
CASNVGYDEQYF	TRBV5-6	TRBJ2-7	1
CASNVQGASKNIQYF	TRBV6-3	TRBJ2-4	1
CASNWDGYGYTF	TRBV19	TRBJ1-2	1
CASNWDRESTDTQYF	TRBV19	TRBJ2-3	1
CASNYAGTDEAFF	TRBV5-1	TRBJ1-1	1
CASNYGPSYEQYF	TRBV6-5	TRBJ2-7	1
CASNYPPDNEQFF	TRBV28	TRBJ2-1	1
CASPAGGITDTQYF	TRBV7-2	TRBJ2-3	1
CASPASGSSYNEQFF	TRBV7-2	TRBJ2-1	1
CASPDDGELHEQYF	TRBV21-1	TRBJ2-7	1
CASPDINTGELFF	TRBV7-9	TRBJ2-2	1
CASPDNYYGYTF	TRBV2	TRBJ1-2	1
CASPDRVDYGYTF	TRBV2	TRBJ1-2	1
CASPEGTGELFF	TRBV7-9	TRBJ2-2	1
CASPEPAEVSYNEQFF	TRBV6-1	TRBJ2-1	1
CASPERQGAYQPQHF	TRBV2	TRBJ1-5	1
CASPGGGTGELFF	TRBV6-1	TRBJ2-2	1
CASPGISGGAFEQFF	TRBV2	TRBJ2-1	1
CASPGSGHYNEQFF	TRBV2	TRBJ2-1	1
CASPGTGQYEQYF	TRBV6-1	TRBJ2-7	1
CASPGTSGSTDTQYF	TRBV2	TRBJ2-3	1
CASPGYGGQSNQPQHF	TRBV18	TRBJ1-5	1
CASPHEGGTRLGGYTF	TRBV7-9	TRBJ1-2	1
CASPHESGPTGELFF	TRBV6-1	TRBJ2-2	1
CASPIGGRGTGELFF	TRBV6-1	TRBJ2-2	1
CASPKGLEQYF	TRBV6-1	TRBJ2-7	1
CASPLGDGANVLTF	TRBV12-3	TRBJ2-6	1
CASPLGGDLTGELFF	TRBV7-2	TRBJ2-2	1
CASPLGGQSNSGNTIYF	TRBV9	TRBJ1-3	1
CASPLLGASGNTIYF	TRBV7-9	TRBJ1-3	1
CASPPASGSYYEQFF	TRBV7-8	TRBJ2-1	1
CASPPDLTLDVMTNKAFF	TRBV27	TRBJ1-1	1
CASPPDRGYRDTQYF	TRBV2	TRBJ2-3	1
CASPPGGAGNSPLHF	TRBV5-1	TRBJ1-6	1
CASPPPQFANTEAFF	TRBV28	TRBJ1-1	1
CASPPSRITVPNSQPQHF	TRBV28	TRBJ1-5	1
CASPRDRGWGETQYF	TRBV2	TRBJ2-5	1
CASPRGEGLNEQFF	TRBV2	TRBJ2-1	1
CASPRGGMGSYEQYF	TRBV4-2	TRBJ2-7	1
CASPRVSGANVLTF	TRBV11-2	TRBJ2-6	1
CASPSDQGAVNEQFF	TRBV2	TRBJ2-1	1
CASPSLAATEAFF	TRBV18	TRBJ1-1	1
CASPSLGLAGAVEETQYF	TRBV6-5	TRBJ2-5	1
CASPSLGPKNTEAFF	TRBV2	TRBJ1-1	1
CASPSWAYTF	TRBV2	TRBJ1-2	1
CASPTKRGGNNEQFF	TRBV2	TRBJ2-1	1
CASPTLRGVENTGELFF	TRBV6-3	TRBJ2-2	1
CASPWSWDAEAFF	TRBV6-4	TRBJ1-1	1
CASPWTGSGPYEQYF	TRBV18	TRBJ2-7	1
CASQAGGPETQYF	TRBV12-3	TRBJ2-5	1
CASQAGLEYLGAFF	TRBV28	TRBJ1-1	1
CASQAGSSYEQYF	TRBV19	TRBJ2-7	1
CASQANTEAFF	TRBV28	TRBJ1-1	1
CASQASGEKLFF	TRBV12-3	TRBJ1-4	1
CASQATTTYNEQFF	TRBV30	TRBJ2-1	1
CASQDAGRVGYEQYF	TRBV28	TRBJ2-7	1
CASQDSGGQWGTQYF	TRBV6-3	TRBJ2-3	1
CASQEGDEQFF	TRBV19	TRBJ2-1	1
CASQELSGYNNEQFF	TRBV19	TRBJ2-1	1
CASQENSGNTIYF	TRBV2	TRBJ1-3	1
CASQESGTSGGVGDTQYF	TRBV7-3	TRBJ2-3	1
CASQFMNTEAFF	TRBV6-3	TRBJ1-1	1
CASQGASYNEQFF	TRBV9	TRBJ2-1	1
CASQGDLPGELFF	TRBV10-3	TRBJ2-2	1
CASQGGGRNGELFF	TRBV5-4	TRBJ2-2	2
CASQGGPTPYEQYF	TRBV7-2	TRBJ2-7	1
CASQGLVREFGRETQYF	TRBV19	TRBJ2-5	1
CASQGMTDTQYF	TRBV4-3	TRBJ2-3	1
CASQGPSSNQPQHF	TRBV6-6	TRBJ1-5	1
CASQGQPYEQYF	TRBV27	TRBJ2-7	1
CASQGRSTDTQYF	TRBV10-2	TRBJ2-3	1
CASQGRVIGNTEAFF	TRBV19	TRBJ1-1	1
CASQGTWSDGYTF	TRBV27	TRBJ1-2	1
CASQHSPAGNTIYF	TRBV19	TRBJ1-3	1
CASQLAGDGTEAFF	TRBV4-1	TRBJ1-1	1
CASQLAGGGEQYF	TRBV5-1	TRBJ2-7	1
CASQLAVNTDTQYF	TRBV5-4	TRBJ2-3	1
CASQLGGAKGRYEQYF	TRBV21-1	TRBJ2-7	1
CASQLGLAEQETQYF	TRBV6-1	TRBJ2-5	1
CASQLRAKNIQYF	TRBV28	TRBJ2-4	1
CASQPGLPTGGQYF	TRBV12-3	TRBJ2-3	1
CASQPPGLASHFGNEQFF	TRBV11-1	TRBJ2-1	1
CASQPSEGGYEQYF	TRBV19	TRBJ2-7	1
CASQPSGRSYEQYF	TRBV2	TRBJ2-7	1
CASQPTSTVDTQYF	TRBV7-9	TRBJ2-3	1
CASQQDSYGYTF	TRBV2	TRBJ1-2	1
CASQQRWTRREVNYGYTF	TRBV19	TRBJ1-2	1
CASQQSGSSYNSPLHF	TRBV2	TRBJ1-6	4
CASQRASLNTEAFF	TRBV19	TRBJ1-1	1
CASQRGSSYNEQFF	TRBV27	TRBJ2-1	1
CASQSADTQYF	TRBV6-6	TRBJ2-3	1
CASQVDTFTDGGELFF	TRBV28	TRBJ2-2	1
CASQVSAGANVLTF	TRBV30	TRBJ2-6	2
CASRAAGTADEKLFF	TRBV12-4	TRBJ1-4	1
CASRAASGVLYEQYF	TRBV27	TRBJ2-7	1
CASRAAVMNTEAFF	TRBV19	TRBJ1-1	1
CASRADGYTF	TRBV2	TRBJ1-2	1
CASRADRARSGYNEQFF	TRBV2	TRBJ2-1	1
CASRADSYNEQFF	TRBV5-4	TRBJ2-1	2
CASRADTDQPSYEQYF	TRBV28	TRBJ2-7	1
CASRAEDSGVHEQFF	TRBV4-1	TRBJ2-1	1
CASRAEGAAYSNQPQHF	TRBV6-1	TRBJ1-5	1
CASRAEGRHNEQFF	TRBV7-2	TRBJ2-1	1
CASRAGAASYEQYF	TRBV19	TRBJ2-7	1
CASRAGDNPQETQYF	TRBV5-1	TRBJ2-5	1
CASRAGGENEKLFF	TRBV5-6	TRBJ1-4	1
CASRAGGEQYF	TRBV7-2	TRBJ2-7	1
CASRAGGESYNEQFF	TRBV4-2	TRBJ2-1	1
CASRAGGGTEAFF	TRBV6-5	TRBJ1-1	1
CASRAGGPDEQYF	TRBV6-1	TRBJ2-7	1
CASRAGGQVADTQYF	TRBV27	TRBJ2-3	1
CASRAGGSYEQYF	TRBV5-1	TRBJ2-7	1
CASRAGGVGTGELFF	TRBV4-3	TRBJ2-2	1
CASRAGLADTDTQYF	TRBV6-4	TRBJ2-3	1
CASRAGMNYEQYF	TRBV10-2	TRBJ2-7	1
CASRAGPTDTQYF	TRBV27	TRBJ2-3	1
CASRAGQLWLYGYTF	TRBV5-5	TRBJ1-2	1
CASRAGRDSNQPQHF	TRBV28	TRBJ1-5	1
CASRAGRGSEQYF	TRBV27	TRBJ2-7	1
CASRAGTEISGYGYTF	TRBV6-4	TRBJ1-2	1
CASRAGTRSDYEQYF	TRBV13	TRBJ2-7	1
CASRAGTSGSQETQYF	TRBV5-6	TRBJ2-5	1
CASRAHGNTEAFF	TRBV19	TRBJ1-1	1
CASRAHSPEEQFF	TRBV19	TRBJ2-1	1
CASRALLLAGGIDTQYF	TRBV6-5	TRBJ2-3	1
CASRALPSSGGGDEQFF	TRBV6-3	TRBJ2-1	1
CASRALTGEETQYF	TRBV28	TRBJ2-5	1
CASRAMEGVKADTQYF	TRBV18	TRBJ2-3	1
CASRAMGGDTEAFF	TRBV2	TRBJ1-1	1
CASRAPAGVYEQYF	TRBV2	TRBJ2-7	1
CASRAQGATNEKLFF	TRBV9	TRBJ1-4	2
CASRARGGANVLTF	TRBV27	TRBJ2-6	1
CASRARGNEKLFF	TRBV5-4	TRBJ1-4	1
CASRASEGTDTQYF	TRBV9	TRBJ2-3	1
CASRASGSWANEQFF	TRBV7-8	TRBJ2-1	1
CASRASMSSYNEQFF	TRBV6-3	TRBJ2-1	36
CASRATLQFTEAFF	TRBV2	TRBJ1-1	1
CASRATSGAPYEQYF	TRBV28	TRBJ2-7	1
CASRATTTNYGYTF	TRBV6-5	TRBJ1-2	1
CASRAVNTGELFF	TRBV7-9	TRBJ2-2	1
CASRAVPGQGSGEQYF	TRBV2	TRBJ2-7	1
CASRAVPYGYTF	TRBV28	TRBJ1-2	1
CASRDAGSYNEQFF	TRBV27	TRBJ2-1	1
CASRDAYGRNTGELFF	TRBV4-2	TRBJ2-2	1
CASRDDRGPGNTIYF	TRBV2	TRBJ1-3	1
CASRDDRNGNSPLHF	TRBV4-1	TRBJ1-6	1
CASRDDSGEQFF	TRBV10-2	TRBJ2-1	1
CASRDFSGYNEQFF	TRBV2	TRBJ2-1	1
CASRDGDRVEQYF	TRBV6-3	TRBJ2-7	1
CASRDGELFF	TRBV6-3	TRBJ2-2	2
CASRDGGANNEQFF	TRBV27	TRBJ2-1	1
CASRDGGGLIQETQYF	TRBV6-3	TRBJ2-5	1
CASRDGGGSFF	TRBV6-5	TRBJ1-1	1
CASRDGLAGSYEQYF	TRBV7-9	TRBJ2-7	1
CASRDGLPGAGELFF	TRBV6-5	TRBJ2-2	1
CASRDGQGAFF	TRBV6-5	TRBJ2-1	1
CASRDGQGAREQYF	TRBV10-2	TRBJ2-7	1
CASRDGQGASGYTF	TRBV2	TRBJ1-2	1
CASRDGQGSQPQHF	TRBV3-1	TRBJ1-5	1
CASRDGQRAPVLTF	TRBV19	TRBJ2-6	1
CASRDGRDFDEQYF	TRBV12-3	TRBJ2-7	1
CASRDGVAGAIQYF	TRBV5-4	TRBJ2-4	1
CASRDHRGGSDYGYTF	TRBV2	TRBJ1-2	1
CASRDISNYGYTF	TRBV5-1	TRBJ1-2	1
CASRDLAGVDNEQFF	TRBV6-1	TRBJ2-1	1
CASRDLHYEQYF	TRBV28	TRBJ2-7	2
CASRDLRRNTEAFF	TRBV6-4	TRBJ1-1	1
CASRDLSSYEQYF	TRBV19	TRBJ2-7	1
CASRDMGYTNTEAFF	TRBV2	TRBJ1-1	1
CASRDNRGSYEQYF	TRBV14	TRBJ2-7	1
CASRDNYGYTF	TRBV6-1	TRBJ1-2	1
CASRDPGSYNEQFF	TRBV27	TRBJ2-1	1
CASRDPGTGPLEGYTF	TRBV5-1	TRBJ1-2	1
CASRDPPRGYDEQYF	TRBV5-1	TRBJ2-7	1
CASRDPSGVDEQYF	TRBV2	TRBJ2-7	1
CASRDQGVHEQFF	TRBV11-1	TRBJ2-1	1
CASRDQMNTEAFF	TRBV6-3	TRBJ1-1	2
CASRDRALPGANVLTF	TRBV6-3	TRBJ2-6	1
CASRDRDSSNQPQHF	TRBV27	TRBJ1-5	1
CASRDRDSYEQYF	TRBV2	TRBJ2-7	1
CASRDRDYLAKNIQYF	TRBV6-6	TRBJ2-4	1
CASRDREGNNSPLHF	TRBV12-3	TRBJ1-6	1
CASRDRGGNYGYTF	TRBV4-2	TRBJ1-2	1
CASRDRGKNEQYF	TRBV6-5	TRBJ2-7	1
CASRDRGLDYGYTF	TRBV27	TRBJ1-2	1
CASRDRGLGVTAQYF	TRBV12-3	TRBJ2-5	1
CASRDRGLLEQYF	TRBV2	TRBJ2-7	1
CASRDRGLPNYGYTF	TRBV5-1	TRBJ1-2	1
CASRDRGMNEQYF	TRBV6-5	TRBJ2-7	1
CASRDRGQSFLFF	TRBV2	TRBJ2-2	1
CASRDRGRRESPLHF	TRBV5-6	TRBJ1-6	1
CASRDRGRSEQFF	TRBV28	TRBJ2-1	1
CASRDRGSTDTQYF	TRBV2	TRBJ2-3	1
CASRDRLSPLHF	TRBV6-5	TRBJ1-6	1
CASRDRMVNTGELFF	TRBV19	TRBJ2-2	1
CASRDRPTRFCHF	TRBV2	TRBJ2-5	1
CASRDRQEILRGAFF	TRBV6-1	TRBJ1-1	1
CASRDRQNTGELFF	TRBV2	TRBJ2-2	1
CASRDRSNSGELFF	TRBV6-3	TRBJ2-2	1
CASRDRSQYEQYF	TRBV6-1	TRBJ2-7	1
CASRDRTGTGPMKLFF	TRBV5-1	TRBJ1-4	1
CASRDRVALTDTQYF	TRBV19	TRBJ2-3	1
CASRDRVQETQYF	TRBV4-1	TRBJ2-5	1
CASRDSAAVDTGELFF	TRBV4-3	TRBJ2-2	1
CASRDSADTGELFF	TRBV6-4	TRBJ2-2	1
CASRDSGLAGVQETQYF	TRBV2	TRBJ2-5	2
CASRDSGPYEQYF	TRBV2	TRBJ2-7	1
CASRDSLSYSPLHF	TRBV6-1	TRBJ1-6	1
CASRDSNQPQHF	TRBV19	TRBJ1-5	1
CASRDSNSGNTIYF	TRBV14	TRBJ1-3	1
CASRDSSYNEQFF	TRBV7-3	TRBJ2-1	1
CASRDSVFPYGYTF	TRBV7-9	TRBJ1-2	1
CASRDSYGYTF	TRBV25-1	TRBJ1-2	1
CASRDTDTQYF	TRBV27	TRBJ2-3	1
CASRDTENQPQHF	TRBV6-6	TRBJ1-5	2
CASRDTGELFF	TRBV25-1	TRBJ2-2	1
CASRDTGELFF	TRBV27	TRBJ2-2	1
CASRDTGGYTGELFF	TRBV28	TRBJ2-2	1
CASRDTGIPGIEAGELFF	TRBV7-2	TRBJ2-2	1
CASRDTGNGYTF	TRBV6-4	TRBJ1-2	1
CASRDTGYNSPLHF	TRBV7-9	TRBJ1-6	1
CASRDTNTEAFF	TRBV28	TRBJ1-1	1
CASRDTSYEQYF	TRBV28	TRBJ2-7	1
CASRDTYNEQFF	TRBV5-4	TRBJ2-1	1
CASRDVYGDYGYTF	TRBV27	TRBJ1-2	1
CASRDWAGIDSPLHF	TRBV6-1	TRBJ1-6	1
CASRDYMNTGELFF	TRBV12-4	TRBJ2-2	1
CASREAAGGGGYEQFF	TRBV11-2	TRBJ2-1	1
CASREAFDSPLHF	TRBV25-1	TRBJ1-6	1
CASREAGAIYEQYF	TRBV7-9	TRBJ2-7	1
CASREAGEFGEQFF	TRBV28	TRBJ2-1	1
CASREAGGVLNEQFF	TRBV12-4	TRBJ2-1	1
CASREAPMGVSYEQYF	TRBV7-2	TRBJ2-7	1
CASREDETQYF	TRBV6-3	TRBJ2-5	1
CASREDGGSEQYF	TRBV5-1	TRBJ2-7	1
CASREDQAPTYEQYF	TRBV10-2	TRBJ2-7	1
CASREDRGLDSTDTQYF	TRBV6-3	TRBJ2-3	2
CASREDRGVYEQYF	TRBV7-9	TRBJ2-7	1
CASREEINEGNTEAFF	TRBV27	TRBJ1-1	1
CASREFGTGMADTQYF	TRBV19	TRBJ2-3	1
CASREGAAMNTEAFF	TRBV6-8	TRBJ1-1	1
CASREGAGELDTQYF	TRBV9	TRBJ2-3	1
CASREGGGGTEAFF	TRBV7-9	TRBJ1-1	4
CASREGGGTEAFF	TRBV5-4	TRBJ1-1	1
CASREGHSYEQYF	TRBV7-9	TRBJ2-7	1
CASREGISQGSNPQHF	TRBV2	TRBJ1-5	1
CASREGLETQYF	TRBV28	TRBJ2-5	1
CASREGNQPQHF	TRBV12-4	TRBJ1-5	1
CASREGPNEKLFF	TRBV28	TRBJ1-4	1
CASREGQGAGYEQYF	TRBV6-5	TRBJ2-7	1
CASREGTGELFF	TRBV5-4	TRBJ2-2	1
CASREGTSGGETQYF	TRBV2	TRBJ2-5	1
CASREGVLSIGEQFF	TRBV27	TRBJ2-1	1
CASREGVTEAFF	TRBV5-1	TRBJ1-1	1
CASREGVTEAFF	TRBV6-3	TRBJ1-1	1
CASREGWEAYEQYF	TRBV2	TRBJ2-7	1
CASREIGTENYGYTF	TRBV12-4	TRBJ1-2	1
CASREIQGSGANVLTF	TRBV7-9	TRBJ2-6	112
CASREKGHRRDNEQFF	TRBV27	TRBJ2-1	5
CASRELAGGAGANVLTF	TRBV6-5	TRBJ2-6	1
CASRELAGGLYEQFF	TRBV12-3	TRBJ2-1	1
CASRELAGVEDTQYF	TRBV12-3	TRBJ2-3	1
CASRELAGVQETQYF	TRBV12-3	TRBJ2-5	1
CASRELAGVVYNEQFF	TRBV12-3	TRBJ2-1	1
CASRELGRRTDTQYF	TRBV6-3	TRBJ2-3	1
CASREMTGDNSPLHF	TRBV6-4	TRBJ1-6	1
CASREPGLDTEAFF	TRBV27	TRBJ1-1	1
CASREPGTYTDTQYF	TRBV5-6	TRBJ2-3	1
CASREQASTDTQYF	TRBV6-5	TRBJ2-3	1
CASREQGAFYYGYTF	TRBV2	TRBJ1-2	1
CASREQGALGLHEQFF	TRBV6-3	TRBJ2-1	1
CASREQGASYGYTF	TRBV12-3	TRBJ1-2	1
CASREQGWETQYF	TRBV6-6	TRBJ2-5	1
CASREQRTIYF	TRBV25-1	TRBJ1-3	1
CASRERAGSNQPQHF	TRBV12-3	TRBJ1-5	1
CASRERATDTQYF	TRBV6-5	TRBJ2-3	1
CASRERDRGLNQPQHF	TRBV6-1	TRBJ1-5	1
CASREREGLAVYNEQFF	TRBV2	TRBJ2-1	1
CASRESGATNEKLFF	TRBV6-5	TRBJ1-4	1
CASRETARSEQFF	TRBV2	TRBJ2-1	1
CASRETEAFF	TRBV10-2	TRBJ1-1	1
CASRETGEGYEQYF	TRBV10-2	TRBJ2-7	1
CASRETGGPDTQYF	TRBV6-6	TRBJ2-3	1
CASRETGGSAYEQYF	TRBV6-1	TRBJ2-7	5
CASRETGPTEAFF	TRBV12-4	TRBJ1-1	1
CASRETGRNIQYF	TRBV4-3	TRBJ2-4	1
CASRETGSTNEKLFF	TRBV4-1	TRBJ1-4	1
CASRETGSYEQYF	TRBV6-1	TRBJ2-7	1
CASRETGVEGYTF	TRBV25-1	TRBJ1-2	1
CASRETGVYEQYF	TRBV10-2	TRBJ2-7	1
CASRETGVYSYEQYF	TRBV6-6	TRBJ2-7	1
CASRETRNQETQYF	TRBV28	TRBJ2-5	1
CASRETSLNVHEQYF	TRBV2	TRBJ2-7	1
CASRETYNEQFF	TRBV6-3	TRBJ2-1	2
CASRFEGGTVYGYTF	TRBV7-3	TRBJ1-2	1
CASRFGAENEQFF	TRBV5-5	TRBJ2-1	1
CASRFGNTEAFF	TRBV19	TRBJ1-1	1
CASRFISLGQPQHF	TRBV28	TRBJ1-5	1
CASRFKESTEAFF	TRBV27	TRBJ1-1	1
CASRFKPGKILYEQYF	TRBV6-1	TRBJ2-7	1
CASRFLAGGDNEQFF	TRBV7-6	TRBJ2-1	1
CASRFLAGGSHEQYF	TRBV5-6	TRBJ2-7	4
CASRFLRGANTEAFF	TRBV28	TRBJ1-1	1
CASRFMGMNTEAFF	TRBV19	TRBJ1-1	2
CASRFMGPGQGERKLFF	TRBV19	TRBJ1-4	1
CASRFNFGNEQFF	TRBV2	TRBJ2-1	1
CASRFQGNGELFF	TRBV7-8	TRBJ2-2	1
CASRFRTLQETQYF	TRBV12-4	TRBJ2-5	1
CASRFWDSNEQYF	TRBV21-1	TRBJ2-7	1
CASRFWGSSNQPQHF	TRBV2	TRBJ1-5	1
CASRGAAGVVNVNEQFF	TRBV12-4	TRBJ2-1	1
CASRGAGELFF	TRBV2	TRBJ2-2	1
CASRGAGNRGGELFF	TRBV11-2	TRBJ2-2	1
CASRGAGRGYTF	TRBV27	TRBJ1-2	1
CASRGAGVGSYNEQFF	TRBV7-9	TRBJ2-1	1
CASRGALGQYF	TRBV19	TRBJ2-7	1
CASRGALVGDTQYF	TRBV10-2	TRBJ2-3	1
CASRGAQGNEQFF	TRBV12-4	TRBJ2-1	1
CASRGASSYEQYF	TRBV19	TRBJ2-7	1
CASRGDNEQFF	TRBV11-1	TRBJ2-1	1
CASRGDPRYGYTF	TRBV6-3	TRBJ1-2	1
CASRGDRATDTQYF	TRBV7-2	TRBJ2-3	1
CASRGDRGWQETQYF	TRBV6-1	TRBJ2-5	1
CASRGDRSFRDTQYF	TRBV28	TRBJ2-3	1
CASRGDSRTDTQYF	TRBV4-3	TRBJ2-3	1
CASRGEAGLSGNTIYF	TRBV27	TRBJ1-3	1
CASRGEGASYNEQFF	TRBV25-1	TRBJ2-1	1
CASRGEGGTVQETQYF	TRBV7-9	TRBJ2-5	1
CASRGEGSTEAFF	TRBV5-6	TRBJ1-1	1
CASRGEKAYEQYF	TRBV25-1	TRBJ2-7	1
CASRGELYNEQFF	TRBV9	TRBJ2-1	1
CASRGENPIETQYF	TRBV19	TRBJ2-5	1
CASRGEQYEQYF	TRBV25-1	TRBJ2-7	1
CASRGEWGDVGSEQFF	TRBV11-2	TRBJ2-1	1
CASRGGAVEQFF	TRBV27	TRBJ2-1	1
CASRGGEGLTDTQYF	TRBV7-9	TRBJ2-3	1
CASRGGEQFF	TRBV6-3	TRBJ2-1	1
CASRGGEQYF	TRBV12-3	TRBJ2-7	1
CASRGGEQYF	TRBV6-1	TRBJ2-7	1
CASRGGETQYF	TRBV14	TRBJ2-5	1
CASRGGGDEQFF	TRBV28	TRBJ2-1	1
CASRGGGDPRYNEQFF	TRBV9	TRBJ2-1	1
CASRGGGGGRLANTGELFF	TRBV7-6	TRBJ2-2	1
CASRGGGTDTQYF	TRBV7-8	TRBJ2-3	1
CASRGGKDTQYF	TRBV6-5	TRBJ2-3	1
CASRGGLGWETQYF	TRBV28	TRBJ2-5	1
CASRGGLNTEAFF	TRBV27	TRBJ1-1	1
CASRGGPETQYF	TRBV6-3	TRBJ2-5	1
CASRGGPGDTQYF	TRBV28	TRBJ2-3	1
CASRGGQISYEQYF	TRBV2	TRBJ2-7	27
CASRGGRGDYNEQFF	TRBV6-1	TRBJ2-1	1
CASRGGSSGGASDTQYF	TRBV6-3	TRBJ2-3	1
CASRGGSSYNEQFF	TRBV9	TRBJ2-1	1
CASRGGSTDTQYF	TRBV9	TRBJ2-3	1
CASRGGTAYGYTF	TRBV27	TRBJ1-2	1
CASRGGTGDNYGYTF	TRBV10-2	TRBJ1-2	6
CASRGGTLFTDTQYF	TRBV27	TRBJ2-3	1
CASRGHANTEAFF	TRBV9	TRBJ1-1	1
CASRGHRKTQYF	TRBV12-4	TRBJ2-5	1
CASRGHRQETQYF	TRBV10-2	TRBJ2-5	1
CASRGIEGDTEAFF	TRBV2	TRBJ1-1	1
CASRGIGNTEAFF	TRBV2	TRBJ1-1	1
CASRGILAGESEQFF	TRBV19	TRBJ2-1	1
CASRGIPGLAGEPSTDTQYF	TRBV6-3	TRBJ2-3	1
CASRGISDTQYF	TRBV7-9	TRBJ2-3	1
CASRGISGSDTQYF	TRBV2	TRBJ2-3	1
CASRGLAAGETQYF	TRBV12-3	TRBJ2-5	1
CASRGLAGDNYNEQFF	TRBV19	TRBJ2-1	1
CASRGLAGEAGELFF	TRBV9	TRBJ2-2	1
CASRGLAGGGNEQFF	TRBV28	TRBJ2-1	1
CASRGLAGGGNEQFF	TRBV6-3	TRBJ2-1	1
CASRGLAGGPRNHNEQFF	TRBV2	TRBJ2-1	1
CASRGLAGGYTGELFF	TRBV19	TRBJ2-2	1
CASRGLAGNTGELFF	TRBV27	TRBJ2-2	1
CASRGLAGRDEQFF	TRBV28	TRBJ2-1	1
CASRGLAGVYEQYF	TRBV2	TRBJ2-7	1
CASRGLAVDNEQFF	TRBV27	TRBJ2-1	1
CASRGLDRVNTEAFF	TRBV2	TRBJ1-1	1
CASRGLDYGYTF	TRBV6-1	TRBJ1-2	1
CASRGLETQYF	TRBV10-2	TRBJ2-5	1
CASRGLGFDEQFF	TRBV6-3	TRBJ2-1	1
CASRGLNHNTGELFF	TRBV28	TRBJ2-2	1
CASRGLNVYEQYF	TRBV6-3	TRBJ2-7	1
CASRGLRETQYF	TRBV27	TRBJ2-5	1
CASRGLRGQYF	TRBV27	TRBJ2-7	1
CASRGLSSYGYTF	TRBV9	TRBJ1-2	1
CASRGNEAFF	TRBV27	TRBJ1-1	1
CASRGNEKLFF	TRBV6-3	TRBJ1-4	1
CASRGNEQFF	TRBV3-1	TRBJ2-1	1
CASRGNSNQPQHF	TRBV27	TRBJ1-5	1
CASRGNYGYTF	TRBV9	TRBJ1-2	1
CASRGPASTDTQYF	TRBV6-4	TRBJ2-3	1
CASRGPDFAAGGPEQYF	TRBV2	TRBJ2-7	1
CASRGPGGTDTQYF	TRBV7-2	TRBJ2-3	1
CASRGPGLAGGPIGYNEQFF	TRBV6-3	TRBJ2-1	1
CASRGPGLAGGSGANVLTF	TRBV9	TRBJ2-6	1
CASRGPGQGFTGELFF	TRBV2	TRBJ2-2	1
CASRGPGQSPSGANVLTF	TRBV7-9	TRBJ2-6	1
CASRGPGTGGLHTDTQYF	TRBV3-1	TRBJ2-3	1
CASRGPSSYNEQFF	TRBV19	TRBJ2-1	1
CASRGPVRGRGGYNEQFF	TRBV27	TRBJ2-1	1
CASRGPWYGYTF	TRBV12-4	TRBJ1-2	1
CASRGQAEETQYF	TRBV28	TRBJ2-5	1
CASRGQDYEQYF	TRBV19	TRBJ2-7	1
CASRGQEETQYF	TRBV6-5	TRBJ2-5	1
CASRGQGADNEQFF	TRBV9	TRBJ2-1	1
CASRGQGALHEQYF	TRBV6-5	TRBJ2-7	1
CASRGQGAVEQYF	TRBV7-2	TRBJ2-7	1
CASRGQGDAGELFF	TRBV12-3	TRBJ2-2	1
CASRGQGDYEQYF	TRBV6-1	TRBJ2-7	1
CASRGQGLGQPQHF	TRBV28	TRBJ1-5	1
CASRGQGLNYGYTF	TRBV10-2	TRBJ1-2	1
CASRGQGNQPQHF	TRBV6-3	TRBJ1-5	1
CASRGQGPSYGYTF	TRBV27	TRBJ1-2	1
CASRGQGVGSYNEQFF	TRBV6-3	TRBJ2-1	1
CASRGQGVVSQYF	TRBV6-5	TRBJ2-3	1
CASRGQGYEQYF	TRBV6-1	TRBJ2-7	1
CASRGQGYGYTF	TRBV13	TRBJ1-2	1
CASRGQGYTGELFF	TRBV28	TRBJ2-2	1
CASRGQPHGYTF	TRBV5-1	TRBJ1-2	1
CASRGQQETQYF	TRBV11-1	TRBJ2-5	1
CASRGQRETQYF	TRBV12-4	TRBJ2-5	1
CASRGQSYEQYF	TRBV13	TRBJ2-7	1
CASRGRDRDYEQYF	TRBV6-3	TRBJ2-7	1
CASRGRGNEKLFF	TRBV2	TRBJ1-4	1
CASRGRGVLFF	TRBV4-3	TRBJ2-1	1
CASRGRLGALNEQYF	TRBV25-1	TRBJ2-7	1
CASRGRNGYTF	TRBV6-4	TRBJ1-2	1
CASRGRSGNTIYF	TRBV2	TRBJ1-3	1
CASRGRSPNEQYF	TRBV6-1	TRBJ2-7	1
CASRGRSYNEQFF	TRBV12-4	TRBJ2-1	1
CASRGRTGTYEQYF	TRBV27	TRBJ2-7	1
CASRGRTVWRDSYEQYF	TRBV2	TRBJ2-7	1
CASRGRYNEQFF	TRBV19	TRBJ2-1	1
CASRGRYRGGNTEAFF	TRBV27	TRBJ1-1	1
CASRGSMNTEAFF	TRBV6-3	TRBJ1-1	6
CASRGSNTQYF	TRBV7-9	TRBJ2-3	1
CASRGSQGGDIQYF	TRBV19	TRBJ2-4	1
CASRGSRDYANYGYTF	TRBV28	TRBJ1-2	1
CASRGSSSISGANVLTF	TRBV5-1	TRBJ2-6	1
CASRGTAAYNEQFF	TRBV7-3	TRBJ2-1	1
CASRGTALGEQYF	TRBV28	TRBJ2-7	1
CASRGTDLNYGYTF	TRBV6-5	TRBJ1-2	1
CASRGTENTEAFF	TRBV10-2	TRBJ1-1	1
CASRGTGDGANVLTF	TRBV6-4	TRBJ2-6	2
CASRGTGDTQYF	TRBV27	TRBJ2-3	1
CASRGTGDYGYTF	TRBV6-5	TRBJ1-2	1
CASRGTGGASVGLDQTYEQYF	TRBV11-2	TRBJ2-7	1
CASRGTGGRNEQFF	TRBV9	TRBJ2-1	1
CASRGTGLGNQPQHF	TRBV28	TRBJ1-5	1
CASRGTGLNTEAFF	TRBV28	TRBJ1-1	1
CASRGTGQGDTEAFF	TRBV5-1	TRBJ1-1	1
CASRGTGRQPQHF	TRBV19	TRBJ1-5	1
CASRGTGTNQETQYF	TRBV6-3	TRBJ2-5	1
CASRGTGTYEQYF	TRBV27	TRBJ2-7	1
CASRGTGVNEQFF	TRBV27	TRBJ2-1	1
CASRGTSGGGSSADTQYF	TRBV2	TRBJ2-3	1
CASRGTSGRDEQFF	TRBV28	TRBJ2-1	1
CASRGTSGRIQETQYF	TRBV2	TRBJ2-5	1
CASRGTSNATQYF	TRBV2	TRBJ2-3	1
CASRGTTAAEAFF	TRBV19	TRBJ1-1	1
CASRGTTGPLPFF	TRBV7-9	TRBJ1-1	1
CASRGTYTYEQYF	TRBV10-2	TRBJ2-7	1
CASRGVEEQYF	TRBV6-6	TRBJ2-7	1
CASRGVERDYEQYF	TRBV10-2	TRBJ2-7	1
CASRGVFGAGLTDTQYF	TRBV28	TRBJ2-3	1
CASRGVGLAGITYEQYF	TRBV6-1	TRBJ2-7	1
CASRGVLGGQGETEAFF	TRBV6-1	TRBJ1-1	1
CASRGVNYGYTF	TRBV19	TRBJ1-2	1
CASRGVPGTYEQYF	TRBV12-3	TRBJ2-7	1
CASRGVTGPRSYEQYF	TRBV6-6	TRBJ2-7	1
CASRGWVEGTNSGANVLTF	TRBV19	TRBJ2-6	1
CASRGYFRDRGLDEQFF	TRBV2	TRBJ2-1	1
CASRHAGDTGELFF	TRBV7-3	TRBJ2-2	1
CASRHGSITEAFF	TRBV6-1	TRBJ1-1	1
CASRHGTIAYTEAFF	TRBV27	TRBJ1-1	1
CASRHGVGATDTQYF	TRBV6-5	TRBJ2-3	1
CASRHIAGVIDEQYF	TRBV5-4	TRBJ2-7	1
CASRHIGLEVHNEQFF	TRBV12-3	TRBJ2-1	1
CASRHKGAAGNQPQHF	TRBV27	TRBJ1-5	1
CASRHPRTDLNTEAFF	TRBV5-1	TRBJ1-1	1
CASRHQGFTNEQFF	TRBV28	TRBJ2-1	1
CASRHRDRGGTEAFF	TRBV11-3	TRBJ1-1	1
CASRHRQGIIFDEQFF	TRBV6-3	TRBJ2-1	1
CASRHRTGGNEQFF	TRBV6-1	TRBJ2-1	1
CASRHSGGATDTQYF	TRBV10-2	TRBJ2-3	1
CASRHSNQPQHF	TRBV19	TRBJ1-5	4
CASRHSYEQYF	TRBV6-1	TRBJ2-7	1
CASRHTDGFYTGELFF	TRBV10-2	TRBJ2-2	1
CASRHYFPGLYGYTF	TRBV5-1	TRBJ1-2	1
CASRIAHEQYF	TRBV6-6	TRBJ2-7	3
CASRIDGSSGNTIYF	TRBV5-1	TRBJ1-3	1
CASRIEGPSNQPQHF	TRBV6-3	TRBJ1-5	1
CASRIFSRHSNQPQHF	TRBV24-1	TRBJ1-5	1
CASRIGGDVTEAFF	TRBV6-1	TRBJ1-1	2
CASRIGGGEAFF	TRBV12-4	TRBJ1-1	1
CASRIGQVDQPQHF	TRBV19	TRBJ1-5	1
CASRIGTGSLQPQHF	TRBV19	TRBJ1-5	1
CASRIGTSGGEANEQFF	TRBV12-3	TRBJ2-1	1
CASRIGTSYGYTF	TRBV6-5	TRBJ1-2	1
CASRIGVDFYTF	TRBV5-1	TRBJ1-2	1
CASRIGYTEAFF	TRBV25-1	TRBJ1-1	1
CASRIKGAWNSPLHF	TRBV13	TRBJ1-6	22
CASRILAGVDSYNEQFF	TRBV27	TRBJ2-1	1
CASRILAPDVETQYF	TRBV28	TRBJ2-5	1
CASRILAQGVDEQFF	TRBV12-3	TRBJ2-1	1
CASRILPTNYGYTF	TRBV6-4	TRBJ1-2	1
CASRILYPGQISPLHF	TRBV27	TRBJ1-6	1
CASRIPGDGGYTF	TRBV28	TRBJ1-2	1
CASRIQGGTDTQYF	TRBV27	TRBJ2-3	1
CASRIRGVQETQYF	TRBV12-4	TRBJ2-5	1
CASRIRQGGTEAFF	TRBV7-8	TRBJ1-1	1
CASRITASGSSYEQYF	TRBV28	TRBJ2-7	2
CASRITGGFEYGYTF	TRBV28	TRBJ1-2	1
CASRITSGGTDTQYF	TRBV27	TRBJ2-3	1
CASRITVESYEQYF	TRBV12-3	TRBJ2-7	1
CASRIWGQGYGYTF	TRBV5-6	TRBJ1-2	1
CASRKAGQETQYF	TRBV2	TRBJ2-5	1
CASRKAVTGELFF	TRBV5-4	TRBJ2-2	1
CASRKDDSAHYGYTF	TRBV19	TRBJ1-2	1
CASRKDTQYF	TRBV28	TRBJ2-3	1
CASRKDWQNTGELFF	TRBV27	TRBJ2-2	1
CASRKFGQRADQPQHF	TRBV27	TRBJ1-5	1
CASRKFGTPGLSNQPQHF	TRBV28	TRBJ1-5	1
CASRKFSYNEQFF	TRBV2	TRBJ2-1	1
CASRKGGPETQYF	TRBV7-9	TRBJ2-5	1
CASRKGGVGTEAFF	TRBV27	TRBJ1-1	1
CASRKGIQETQYF	TRBV7-9	TRBJ2-5	1
CASRKGWGTDTQYF	TRBV6-6	TRBJ2-3	1
CASRKLGEQANEKLFF	TRBV27	TRBJ1-4	1
CASRKPGLAGINTGELFF	TRBV19	TRBJ2-2	1
CASRKQADTQYF	TRBV27	TRBJ2-3	1
CASRKQGDTQYF	TRBV6-3	TRBJ2-3	1
CASRKRDMSYNEQFF	TRBV6-6	TRBJ2-1	1
CASRKREVRQFF	TRBV6-3	TRBJ2-1	1
CASRKRGGSNEQYF	TRBV5-1	TRBJ2-7	1
CASRKSGQGGETQYF	TRBV19	TRBJ2-5	1
CASRKSQGSEAFF	TRBV6-3	TRBJ1-1	1
CASRKTGAGDGYTF	TRBV7-2	TRBJ1-2	1
CASRKTGGYEQYF	TRBV6-5	TRBJ2-7	1
CASRKTGLVGEETQYF	TRBV7-3	TRBJ2-5	1
CASRKTTGVDRENTEAFF	TRBV19	TRBJ1-1	1
CASRKVGVRDTQYF	TRBV5-4	TRBJ2-3	1
CASRLAEARDGYTF	TRBV9	TRBJ1-2	1
CASRLAGEVHEQYF	TRBV6-5	TRBJ2-7	1
CASRLAGGPPETQYF	TRBV27	TRBJ2-5	1
CASRLAGGRDEQFF	TRBV4-1	TRBJ2-1	1
CASRLAGGSTGQFF	TRBV27	TRBJ2-1	1
CASRLAGGTDTQYF	TRBV12-3	TRBJ2-3	1
CASRLAGKDNEQFF	TRBV10-3	TRBJ2-1	1
CASRLAGLAGVNEQFF	TRBV12-3	TRBJ2-1	1
CASRLAGRMDTQYF	TRBV7-2	TRBJ2-3	1
CASRLAGSIHEQYF	TRBV5-1	TRBJ2-7	1
CASRLAGVGGELFF	TRBV6-1	TRBJ2-2	1
CASRLARSYEQYF	TRBV28	TRBJ2-7	1
CASRLATEAFF	TRBV5-1	TRBJ1-1	1
CASRLDGTSSHEQYF	TRBV7-8	TRBJ2-7	1
CASRLDRGDGYTF	TRBV12-4	TRBJ1-2	1
CASRLDRVNYGYTF	TRBV5-6	TRBJ1-2	1
CASRLDSSYEQYF	TRBV27	TRBJ2-7	1
CASRLDVIPPPENEQFF	TRBV7-9	TRBJ2-1	1
CASRLDWHDNEQFF	TRBV12-3	TRBJ2-1	1
CASRLEGEDTQYF	TRBV13	TRBJ2-3	1
CASRLETGPAEAFF	TRBV5-1	TRBJ1-1	1
CASRLFPLPEGNSGANVLTF	TRBV7-3	TRBJ2-6	1
CASRLGAGWTNEKLFF	TRBV27	TRBJ1-4	1
CASRLGDYEQYF	TRBV6-5	TRBJ2-7	1
CASRLGGEQYF	TRBV6-3	TRBJ2-7	1
CASRLGGRTDTQYF	TRBV12-4	TRBJ2-3	1
CASRLGHEQFF	TRBV5-6	TRBJ2-1	1
CASRLGLFYGYTF	TRBV12-3	TRBJ1-2	1
CASRLGQGANEQYF	TRBV5-6	TRBJ2-7	1
CASRLGQGSGYTF	TRBV6-5	TRBJ1-2	1
CASRLGQGTYEQYF	TRBV6-6	TRBJ2-7	1
CASRLGSGLNEQFF	TRBV5-6	TRBJ2-1	1
CASRLGSTGGYNSPLHF	TRBV27	TRBJ1-6	1
CASRLGTGGAGELFF	TRBV6-5	TRBJ2-2	1
CASRLGTGGEKLFF	TRBV7-6	TRBJ1-4	1
CASRLGTTDTQYF	TRBV12-3	TRBJ2-3	1
CASRLGVWRADTQYF	TRBV19	TRBJ2-3	1
CASRLGYEQYF	TRBV12-3	TRBJ2-7	1
CASRLHRGNTEAFF	TRBV27	TRBJ1-1	1
CASRLIGTGPDTEAFF	TRBV12-4	TRBJ1-1	3
CASRLIPRSYEQYF	TRBV5-8	TRBJ2-7	1
CASRLLGEGYSNQPQHF	TRBV28	TRBJ1-5	1
CASRLLNEQFF	TRBV6-5	TRBJ2-1	1
CASRLMGTSGSTSTDTQYF	TRBV5-6	TRBJ2-3	1
CASRLNGPYEQYF	TRBV5-1	TRBJ2-7	1
CASRLNVNTEAFF	TRBV7-6	TRBJ1-1	1
CASRLPESETQYF	TRBV5-4	TRBJ2-5	1
CASRLPGGSNEQFF	TRBV28	TRBJ2-1	2
CASRLPGQGNTEAFF	TRBV6-6	TRBJ1-1	1
CASRLPGYNEQFF	TRBV28	TRBJ2-1	1
CASRLPLLGGYTF	TRBV28	TRBJ1-2	1
CASRLPSYEQYF	TRBV5-8	TRBJ2-7	1
CASRLQGAMGYEQYF	TRBV13	TRBJ2-7	10
CASRLRDRDGYTF	TRBV28	TRBJ1-2	2
CASRLRDRYTDTQYF	TRBV6-5	TRBJ2-3	1
CASRLRGTGGAGTEAFF	TRBV4-2	TRBJ1-1	1
CASRLRGTNEKLFF	TRBV6-6	TRBJ1-4	1
CASRLRLAGGGTGELFF	TRBV4-1	TRBJ2-2	1
CASRLRQGYGNTIYF	TRBV19	TRBJ1-3	1
CASRLRTGGNEQFF	TRBV19	TRBJ2-1	1
CASRLRTYQETQYF	TRBV5-6	TRBJ2-5	1
CASRLSDTQYF	TRBV7-9	TRBJ2-3	1
CASRLSGDTGELFF	TRBV14	TRBJ2-2	1
CASRLSGGAGNEQFF	TRBV2	TRBJ2-1	1
CASRLSQGGNTEAFF	TRBV27	TRBJ1-1	1
CASRLSWEAFF	TRBV6-1	TRBJ1-1	2
CASRLTGADEQYF	TRBV6-1	TRBJ2-7	1
CASRLTGELFF	TRBV7-9	TRBJ2-2	1
CASRLTGGSNYGYTF	TRBV6-5	TRBJ1-2	1
CASRLTGKAFF	TRBV28	TRBJ1-1	1
CASRLTGNTQYF	TRBV5-1	TRBJ2-3	1
CASRLTGTGNQPQHF	TRBV6-6	TRBJ1-5	1
CASRLTGTSAETQYF	TRBV4-3	TRBJ2-5	1
CASRLTGVNKNIQYF	TRBV28	TRBJ2-4	1
CASRLTIPTGAWNSPLHF	TRBV6-7	TRBJ1-6	1
CASRLTPGQSNYGYTF	TRBV27	TRBJ1-2	1
CASRLTSAGQGTQYF	TRBV28	TRBJ2-5	1
CASRLTSTSYEQYF	TRBV27	TRBJ2-7	1
CASRLVGIEAFF	TRBV25-1	TRBJ1-1	1
CASRLVQGFSTDTQYF	TRBV27	TRBJ2-3	1
CASRLVSMNTEAFF	TRBV19	TRBJ1-1	3
CASRLVVSTDTQYF	TRBV7-9	TRBJ2-3	1
CASRLWDGDTEAFF	TRBV5-5	TRBJ1-1	1
CASRLWTAETQYF	TRBV6-5	TRBJ2-5	4
CASRLYASYEQYF	TRBV28	TRBJ2-7	3
CASRLYTGTLTEAFF	TRBV7-9	TRBJ1-1	1
CASRMGAGNEQFF	TRBV10-2	TRBJ2-1	1
CASRMGDINTGELFF	TRBV9	TRBJ2-2	3
CASRMGTGTEAFF	TRBV4-2	TRBJ1-1	1
CASRMTGGEETQYF	TRBV13	TRBJ2-5	1
CASRMTPPSSGVEYF	TRBV27	TRBJ2-7	1
CASRNCKSRGFIDEAFF	TRBV7-2	TRBJ1-1	1
CASRNDLATRYNEQFF	TRBV6-5	TRBJ2-1	1
CASRNGLAGGPHRDTQYF	TRBV10-2	TRBJ2-3	1
CASRNGNYEQYF	TRBV28	TRBJ2-7	1
CASRNGRHYEQYF	TRBV28	TRBJ2-7	1
CASRNGVTAYEQYF	TRBV27	TRBJ2-7	1
CASRNHVGQDYSYEQYF	TRBV5-4	TRBJ2-7	1
CASRNLADEKLFF	TRBV5-1	TRBJ1-4	1
CASRNLAPLHSGANVLTF	TRBV27	TRBJ2-6	1
CASRNLQETQYF	TRBV7-2	TRBJ2-5	1
CASRNPQRDRGYQPQHF	TRBV19	TRBJ1-5	1
CASRNPTGWDTDTQYF	TRBV19	TRBJ2-3	1
CASRNQAGELFF	TRBV4-1	TRBJ2-2	1
CASRNRDSNEKLFF	TRBV5-4	TRBJ1-4	1
CASRNRGANYGYTF	TRBV7-9	TRBJ1-2	1
CASRNRNTGELFF	TRBV19	TRBJ2-2	1
CASRNRTGTSGPYEQYF	TRBV6-5	TRBJ2-7	1
CASRNRVKQETQYF	TRBV6-6	TRBJ2-5	1
CASRNTEAFF	TRBV19	TRBJ1-1	1
CASRNTGTGWGDEQFF	TRBV28	TRBJ2-1	1
CASRPADSLNSPLHF	TRBV28	TRBJ1-6	1
CASRPADVGTGELFF	TRBV3-1	TRBJ2-2	1
CASRPAGLAKETQYF	TRBV12-3	TRBJ2-5	1
CASRPAGLAYEQYF	TRBV28	TRBJ2-7	1
CASRPAGTGGGYTF	TRBV7-9	TRBJ1-2	1
CASRPAGVNYGYTF	TRBV28	TRBJ1-2	1
CASRPAGWATEAFF	TRBV6-3	TRBJ1-1	1
CASRPDLGYSNQPQHF	TRBV12-3	TRBJ1-5	1
CASRPDNTEAFF	TRBV28	TRBJ1-1	1
CASRPDPRFQETQYF	TRBV7-6	TRBJ2-5	1
CASRPDREVGTDTQYF	TRBV12-4	TRBJ2-3	1
CASRPDREWNGYTF	TRBV28	TRBJ1-2	1
CASRPDRPLDEQYF	TRBV6-3	TRBJ2-7	1
CASRPDSMNTEAFF	TRBV19	TRBJ1-1	1
CASRPDSRTDTQYF	TRBV4-2	TRBJ2-3	1
CASRPDTYQNSPLHF	TRBV6-3	TRBJ1-6	1
CASRPDVAGGLYNEQFF	TRBV21-1	TRBJ2-1	1
CASRPEAGGGNEQFF	TRBV27	TRBJ2-1	1
CASRPEGADYSNQPQHF	TRBV6-1	TRBJ1-5	1
CASRPEGGGLKQYF	TRBV27	TRBJ2-7	1
CASRPEGRGYNQPQHF	TRBV6-3	TRBJ1-5	1
CASRPEVGQENSYEQYF	TRBV12-3	TRBJ2-7	1
CASRPEWSGAGLPSGANVLTF	TRBV19	TRBJ2-6	1
CASRPFGPSYEQYF	TRBV6-1	TRBJ2-7	1
CASRPFGTGEETQYF	TRBV6-3	TRBJ2-5	1
CASRPFQGGIYNEQFF	TRBV27	TRBJ2-1	1
CASRPGAAPLGEQFF	TRBV5-4	TRBJ2-1	1
CASRPGAGGNVLTF	TRBV28	TRBJ2-6	1
CASRPGDSSETYEQYF	TRBV27	TRBJ2-7	1
CASRPGGDVLTF	TRBV27	TRBJ2-6	1
CASRPGGGGVDGYTF	TRBV5-1	TRBJ1-2	1
CASRPGGPGELFF	TRBV27	TRBJ2-2	1
CASRPGGTQNTDTQYF	TRBV27	TRBJ2-3	1
CASRPGHGFGSTGELFF	TRBV5-1	TRBJ2-2	1
CASRPGLAEETQYF	TRBV28	TRBJ2-5	1
CASRPGLAGLYEQYF	TRBV4-2	TRBJ2-7	1
CASRPGLAGVRGYEQYF	TRBV27	TRBJ2-7	1
CASRPGLALWPSTDTQYF	TRBV27	TRBJ2-3	1
CASRPGLESGELFF	TRBV6-1	TRBJ2-2	1
CASRPGLGGELFF	TRBV11-3	TRBJ2-2	1
CASRPGLLLEQYF	TRBV2	TRBJ2-7	1
CASRPGLYFEGTEAFF	TRBV7-9	TRBJ1-1	1
CASRPGNTEAFF	TRBV6-5	TRBJ1-1	1
CASRPGPGGNQPQHF	TRBV6-5	TRBJ1-5	1
CASRPGPPGELFF	TRBV12-4	TRBJ2-2	1
CASRPGPYNTEAFF	TRBV6-5	TRBJ1-1	1
CASRPGPYTGELFF	TRBV28	TRBJ2-2	1
CASRPGQGARYYGYTF	TRBV27	TRBJ1-2	1
CASRPGQGLTDTQYF	TRBV6-3	TRBJ2-3	1
CASRPGQGTEAFF	TRBV6-6	TRBJ1-1	1
CASRPGQMNTEAFF	TRBV6-5	TRBJ1-1	1
CASRPGQMTYEQYF	TRBV6-5	TRBJ2-7	1
CASRPGQSYEQYF	TRBV7-9	TRBJ2-7	1
CASRPGRGDSYEQYF	TRBV27	TRBJ2-7	1
CASRPGRKNTEAFF	TRBV28	TRBJ1-1	1
CASRPGSGFYNSPLHF	TRBV27	TRBJ1-6	1
CASRPGSNTEAFF	TRBV25-1	TRBJ1-1	1
CASRPGSSYEQYF	TRBV19	TRBJ2-7	1
CASRPGTAYIEAFF	TRBV6-1	TRBJ1-1	1
CASRPGTGDYEQYF	TRBV28	TRBJ2-7	1
CASRPGTGSGELFF	TRBV11-3	TRBJ2-2	1
CASRPGTGVYEQYF	TRBV12-3	TRBJ2-7	1
CASRPGTRVNEQFF	TRBV27	TRBJ2-1	1
CASRPGTSGGAEGYNEQFF	TRBV6-3	TRBJ2-1	1
CASRPGTSGGSYEQYF	TRBV7-9	TRBJ2-7	1
CASRPGTSRGDTQYF	TRBV27	TRBJ2-3	1
CASRPGVGNQPQHF	TRBV5-5	TRBJ1-5	1
CASRPGWGQETQYF	TRBV6-6	TRBJ2-5	1
CASRPHPRGTDTQYF	TRBV12-3	TRBJ2-3	1
CASRPIGQGSTNEKLFF	TRBV19	TRBJ1-4	1
CASRPIPGAYAQYF	TRBV7-2	TRBJ2-3	1
CASRPIPGVNEQFF	TRBV4-3	TRBJ2-1	1
CASRPISQGETQYF	TRBV5-4	TRBJ2-5	1
CASRPISSGANVLTF	TRBV27	TRBJ2-6	1
CASRPKDSISYEQYF	TRBV12-4	TRBJ2-7	1
CASRPKQGGGGNEQFF	TRBV27	TRBJ2-1	1
CASRPKTGYNEQFF	TRBV7-8	TRBJ2-1	1
CASRPLAERSTDTQYF	TRBV27	TRBJ2-3	1
CASRPLAGVSYEQYF	TRBV6-3	TRBJ2-7	1
CASRPLAVGGDTQYF	TRBV12-4	TRBJ2-3	1
CASRPLGDLAYEQYF	TRBV28	TRBJ2-7	1
CASRPLGGNYGYTF	TRBV27	TRBJ1-2	1
CASRPLGGTEAFF	TRBV27	TRBJ1-1	1
CASRPLSRGHYEQYF	TRBV27	TRBJ2-7	1
CASRPLTGRETDTQYF	TRBV12-3	TRBJ2-3	1
CASRPLTGTPVYEQYF	TRBV27	TRBJ2-7	1
CASRPMGTEAFF	TRBV2	TRBJ1-1	1
CASRPPDGNTEAFF	TRBV10-2	TRBJ1-1	1
CASRPPGGGYTEAFF	TRBV27	TRBJ1-1	1
CASRPPGGQGSLF	TRBV11-2	TRBJ2-1	7
CASRPPGLAGPAGYEQYF	TRBV6-3	TRBJ2-7	1
CASRPPGNTGELFF	TRBV27	TRBJ2-2	1
CASRPPGQGFWEQFF	TRBV12-3	TRBJ2-1	1
CASRPPGSYNEQFF	TRBV28	TRBJ2-1	2
CASRPPGTAGNIQYF	TRBV13	TRBJ2-4	1
CASRPPPAKEFNEQFF	TRBV12-3	TRBJ2-1	1
CASRPPPKVRGYEQYF	TRBV6-6	TRBJ2-7	1
CASRPPQASEQYF	TRBV6-3	TRBJ2-7	1
CASRPPQGGEQYF	TRBV7-9	TRBJ2-7	1
CASRPPRPPRGRAGEQYF	TRBV28	TRBJ2-7	1
CASRPPTSPGELFF	TRBV12-4	TRBJ2-2	1
CASRPPVAGSSYEQYF	TRBV2	TRBJ2-7	1
CASRPQGAPGYTF	TRBV5-6	TRBJ1-2	1
CASRPQGAWGTDTQYF	TRBV6-5	TRBJ2-3	1
CASRPQGQPLSTDTQYF	TRBV27	TRBJ2-3	1
CASRPQGRLSEAFF	TRBV28	TRBJ1-1	1
CASRPQGVEGNQPQHF	TRBV27	TRBJ1-5	1
CASRPQINTGELFF	TRBV6-3	TRBJ2-2	1
CASRPQPGLADEQYF	TRBV12-3	TRBJ2-7	1
CASRPQQGHNSPLHF	TRBV10-3	TRBJ1-6	1
CASRPQQGHNSPLHF	TRBV28	TRBJ1-6	103
CASRPQRSSYNEQFF	TRBV6-5	TRBJ2-1	1
CASRPQSTPRAGDEQFF	TRBV12-4	TRBJ2-1	1
CASRPRDPNYGYTF	TRBV19	TRBJ1-2	1
CASRPREAGEASEQYF	TRBV28	TRBJ2-7	1
CASRPRGDCCTDTQYF	TRBV27	TRBJ2-3	1
CASRPRGDDSYNEQFF	TRBV7-2	TRBJ2-1	1
CASRPRGGVDNEQFF	TRBV7-2	TRBJ2-1	1
CASRPRGTEAFF	TRBV6-3	TRBJ1-1	1
CASRPRGYDETQYF	TRBV27	TRBJ2-5	2
CASRPRLAGDTQYF	TRBV27	TRBJ2-3	1
CASRPRLDTEAFF	TRBV5-1	TRBJ1-1	1
CASRPRQGPSEAFF	TRBV7-2	TRBJ1-1	1
CASRPRTGGLNAFF	TRBV28	TRBJ1-1	1
CASRPRTSEDYEQYF	TRBV4-2	TRBJ2-7	2
CASRPSFLAAFSNEQFF	TRBV19	TRBJ2-1	1
CASRPSGGAETQYF	TRBV12-4	TRBJ2-5	2
CASRPSGGYTDTQYF	TRBV2	TRBJ2-3	1
CASRPSGLYEQYF	TRBV27	TRBJ2-7	1
CASRPSSQGAYAFF	TRBV5-6	TRBJ1-1	1
CASRPSVDHNTGELFF	TRBV7-3	TRBJ2-2	1
CASRPSVGHQHQDTEAFF	TRBV7-4	TRBJ1-1	1
CASRPTAAGVTEQFF	TRBV28	TRBJ2-1	2
CASRPTAGLYNEQFF	TRBV28	TRBJ2-1	1
CASRPTDGAGSGVAGELFF	TRBV28	TRBJ2-2	1
CASRPTGANGELFF	TRBV11-3	TRBJ2-2	1
CASRPTGDTVEAFF	TRBV7-9	TRBJ1-1	1
CASRPTGDYGYTF	TRBV6-5	TRBJ1-2	1
CASRPTGEGYEQYF	TRBV28	TRBJ2-7	1
CASRPTGFDTEAFF	TRBV5-6	TRBJ1-1	1
CASRPTGGARGYTF	TRBV7-9	TRBJ1-2	1
CASRPTGGASLGYTF	TRBV28	TRBJ1-2	1
CASRPTGLGQPQHF	TRBV28	TRBJ1-5	1
CASRPTGRLYEQYF	TRBV28	TRBJ2-7	1
CASRPTGRNQPQHF	TRBV6-7	TRBJ1-5	1
CASRPTGTAAKNIQYF	TRBV19	TRBJ2-4	1
CASRPTGTAALEQYF	TRBV28	TRBJ2-7	1
CASRPTGVGSGTEAFF	TRBV4-1	TRBJ1-1	6
CASRPTLATWGTGELFF	TRBV12-4	TRBJ2-2	1
CASRPTSGGYQETQYF	TRBV6-3	TRBJ2-5	1
CASRPTSGRDNEQFF	TRBV7-9	TRBJ2-1	1
CASRPTSGRDQETQYF	TRBV19	TRBJ2-5	1
CASRPTSGTNQETQYF	TRBV19	TRBJ2-5	1
CASRPTSPSTDTQYF	TRBV28	TRBJ2-3	1
CASRPTTGWVTEAFF	TRBV12-4	TRBJ1-1	1
CASRPTWTREGRSGTDTQYF	TRBV28	TRBJ2-3	1
CASRPVAGNSPLHF	TRBV27	TRBJ1-6	1
CASRPVGQGRHIQYF	TRBV6-9	TRBJ2-4	1
CASRPVLAGNTIYF	TRBV28	TRBJ1-3	1
CASRPVRDRERRNQPQHF	TRBV28	TRBJ1-5	1
CASRPWGAASGDTSYEQYF	TRBV7-9	TRBJ2-7	1
CASRPWGLNTGELFF	TRBV6-3	TRBJ2-2	1
CASRPWGRLQGSQETQYF	TRBV6-3	TRBJ2-5	1
CASRPWLWREGLNEQFF	TRBV5-6	TRBJ2-1	1
CASRPWWASGKITFF	TRBV12-4	TRBJ2-1	1
CASRQAGTKLSSYNSPLHF	TRBV6-5	TRBJ1-6	1
CASRQEAGTYTDTQYF	TRBV7-9	TRBJ2-3	1
CASRQEIMNTEAFF	TRBV2	TRBJ1-1	1
CASRQETSGANVLTF	TRBV7-9	TRBJ2-6	1
CASRQGAEAFF	TRBV2	TRBJ1-1	1
CASRQGAETQYF	TRBV10-2	TRBJ2-5	1
CASRQGAGGGNEQFF	TRBV7-3	TRBJ2-1	1
CASRQGAHPDTQYF	TRBV2	TRBJ2-3	1
CASRQGANTEAFF	TRBV7-9	TRBJ1-1	1
CASRQGARELFF	TRBV19	TRBJ2-2	1
CASRQGGQPQHF	TRBV27	TRBJ1-5	1
CASRQGLEQYF	TRBV27	TRBJ2-7	1
CASRQGLSQPQHF	TRBV6-6	TRBJ1-5	1
CASRQGNSPLHF	TRBV10-2	TRBJ1-6	1
CASRQGNTEAFF	TRBV6-5	TRBJ1-1	1
CASRQGNTGELFF	TRBV12-4	TRBJ2-2	1
CASRQGRAYEQYF	TRBV5-6	TRBJ2-7	1
CASRQGRGYTF	TRBV9	TRBJ1-2	1
CASRQGSSYEQYF	TRBV25-1	TRBJ2-7	1
CASRQGVDVSYEQYF	TRBV27	TRBJ2-7	1
CASRQGVLAGPEKSYNEQFF	TRBV4-3	TRBJ2-1	1
CASRQGVLGEQYF	TRBV27	TRBJ2-7	1
CASRQGVYEQYF	TRBV5-6	TRBJ2-7	1
CASRQGWLLMADTQYF	TRBV6-3	TRBJ2-3	1
CASRQGWTQYF	TRBV12-4	TRBJ2-5	1
CASRQGYGYTF	TRBV19	TRBJ1-2	1
CASRQKGARNEKLFF	TRBV27	TRBJ1-4	1
CASRQLAGGPSFWNEQFF	TRBV6-5	TRBJ2-1	1
CASRQLRGLMAYEQYF	TRBV6-5	TRBJ2-7	1
CASRQPEGGPQSYTF	TRBV19	TRBJ1-2	1
CASRQQETQYF	TRBV6-3	TRBJ2-5	1
CASRQRDRPNNEQFF	TRBV19	TRBJ2-1	28
CASRQRMNTEAFF	TRBV27	TRBJ1-1	1
CASRQRQALGTEAFF	TRBV7-9	TRBJ1-1	1
CASRQRTEYYEQYF	TRBV6-3	TRBJ2-7	1
CASRQRTGNGETQYF	TRBV10-2	TRBJ2-5	1
CASRQSFNEQFF	TRBV10-2	TRBJ2-1	1
CASRQSNQPQHF	TRBV19	TRBJ1-5	1
CASRQTDQETQYF	TRBV6-1	TRBJ2-5	1
CASRQTGALGETQYF	TRBV6-1	TRBJ2-5	1
CASRQTGDPTDTQYF	TRBV27	TRBJ2-3	1
CASRQTGNTIYF	TRBV16	TRBJ1-3	1
CASRQTGPGGLSGANVLTF	TRBV27	TRBJ2-6	1
CASRQTGTGNTIYF	TRBV28	TRBJ1-3	1
CASRQTRTATNYGYTF	TRBV6-5	TRBJ1-2	1
CASRQTSGGAHEQFF	TRBV6-5	TRBJ2-1	1
CASRQTSSTEAFF	TRBV6-3	TRBJ1-1	1
CASRQTWNTEAFF	TRBV6-6	TRBJ1-1	1
CASRQWGDSYEQYF	TRBV5-4	TRBJ2-7	1
CASRRANTEAFF	TRBV27	TRBJ1-1	1
CASRRASPDGQPQHF	TRBV6-3	TRBJ1-5	1
CASRRDDSYNEQFF	TRBV2	TRBJ2-1	1
CASRRDGQNTEAFF	TRBV7-9	TRBJ1-1	1
CASRRDGSYEQYF	TRBV27	TRBJ2-7	1
CASRRDPPYEQYF	TRBV6-4	TRBJ2-7	1
CASRRDRGAYEQYF	TRBV12-3	TRBJ2-7	1
CASRRDSLSYEQYF	TRBV7-9	TRBJ2-7	1
CASRREGSGANVLTF	TRBV12-4	TRBJ2-6	1
CASRRENQPQHF	TRBV6-5	TRBJ1-5	1
CASRREPEETQYF	TRBV12-3	TRBJ2-5	1
CASRREWGPEAFF	TRBV6-3	TRBJ1-1	1
CASRRFGGANVLTF	TRBV12-4	TRBJ2-6	1
CASRRGGGTEAFF	TRBV12-4	TRBJ1-1	1
CASRRGGIGVNTEAFF	TRBV7-9	TRBJ1-1	1
CASRRGGNSPLHF	TRBV7-8	TRBJ1-6	1
CASRRGGSTDTQYF	TRBV13	TRBJ2-3	1
CASRRGITYEQYF	TRBV28	TRBJ2-7	1
CASRRGLGETDTQYF	TRBV5-6	TRBJ2-3	1
CASRRGPMYEQYF	TRBV10-2	TRBJ2-7	1
CASRRGPVGDTQYF	TRBV5-1	TRBJ2-3	18
CASRRGQGDGYGYTF	TRBV19	TRBJ1-2	1
CASRRGQGVYLAGAWRDPKYF	TRBV6-5	TRBJ2-5	1
CASRRGSEKLFF	TRBV12-3	TRBJ1-4	1
CASRRGSVSTDTQYF	TRBV6-5	TRBJ2-3	1
CASRRGTPSTDTQYF	TRBV9	TRBJ2-3	1
CASRRGTTDTQYF	TRBV6-1	TRBJ2-3	4
CASRRGTTYNEQFF	TRBV19	TRBJ2-1	1
CASRRGVDGYTF	TRBV14	TRBJ1-2	1
CASRRGVEGEKLFF	TRBV6-4	TRBJ1-4	1
CASRRGVPAFF	TRBV6-3	TRBJ1-1	1
CASRRGWSDHEQYF	TRBV27	TRBJ2-7	1
CASRRGYEQYF	TRBV6-1	TRBJ2-7	1
CASRRIDRGLRGTEAFF	TRBV6-3	TRBJ1-1	1
CASRRIQTGGNEKLFF	TRBV28	TRBJ1-4	1
CASRRLAGGAGELFF	TRBV28	TRBJ2-2	1
CASRRLAGGDYEQYF	TRBV4-1	TRBJ2-7	1
CASRRLAGGPEDTQYF	TRBV27	TRBJ2-3	1
CASRRLAGGPWYPGELFF	TRBV3-1	TRBJ2-2	1
CASRRLAGGRTDTQYF	TRBV6-3	TRBJ2-3	1
CASRRLATNEKLFF	TRBV2	TRBJ1-4	1
CASRRLMNTEAFF	TRBV6-3	TRBJ1-1	1
CASRRLNTGELFF	TRBV28	TRBJ2-2	1
CASRRMEGIPGNTIYF	TRBV6-1	TRBJ1-3	1
CASRRNRDVGEQFF	TRBV10-1	TRBJ2-1	1
CASRRPGLAVHEQFF	TRBV12-4	TRBJ2-1	1
CASRRPGTGDSFLSEQYF	TRBV4-3	TRBJ2-7	1
CASRRPGTGGYEQYF	TRBV2	TRBJ2-7	1
CASRRPPYEQYF	TRBV28	TRBJ2-7	1
CASRRQGEEKLFF	TRBV14	TRBJ1-4	1
CASRRQGENTIYF	TRBV12-4	TRBJ1-3	1
CASRRQGGEKLFF	TRBV7-8	TRBJ1-4	1
CASRRQGNEKLFF	TRBV2	TRBJ1-4	1
CASRRQGSYNEQFF	TRBV6-3	TRBJ2-1	3
CASRRQGWYEQYF	TRBV6-5	TRBJ2-7	1
CASRRRGDWYTEAFF	TRBV5-4	TRBJ1-1	1
CASRRRGTEDFNSPLHF	TRBV10-2	TRBJ1-6	1
CASRRRLHTDTQYF	TRBV27	TRBJ2-3	1
CASRRRQLNTEAFF	TRBV6-5	TRBJ1-1	1
CASRRSGTATIYEQYF	TRBV19	TRBJ2-7	1
CASRRSSYHRGFLNQPQHF	TRBV19	TRBJ1-5	1
CASRRTEINEKLFF	TRBV27	TRBJ1-4	1
CASRRTELVTEAFF	TRBV6-1	TRBJ1-1	1
CASRRTGKGFF	TRBV2	TRBJ2-1	1
CASRRTGLGYTF	TRBV5-4	TRBJ1-2	1
CASRRTGMNTEAFF	TRBV4-2	TRBJ1-1	1
CASRRTGSNQPQHF	TRBV27	TRBJ1-5	1
CASRRTGVNEQFF	TRBV19	TRBJ2-1	1
CASRRTGVVTQYF	TRBV12-4	TRBJ2-5	1
CASRRTHYGYNEQFF	TRBV6-5	TRBJ2-1	1
CASRRTSGGTDTQYF	TRBV7-2	TRBJ2-3	1
CASRRTTEPWTSGRSSYEQYF	TRBV11-2	TRBJ2-7	1
CASRRTTESTHGYTF	TRBV13	TRBJ1-2	1
CASRRTTSGSESEQYF	TRBV6-3	TRBJ2-7	1
CASRRTVNTGELFF	TRBV19	TRBJ2-2	1
CASRSAGAEQYF	TRBV7-9	TRBJ2-7	1
CASRSAGDTGELFF	TRBV19	TRBJ2-2	1
CASRSAGGLFTGELFF	TRBV6-5	TRBJ2-2	1
CASRSAGLGETQYF	TRBV7-2	TRBJ2-5	1
CASRSDRGLYEQYF	TRBV28	TRBJ2-7	1
CASRSDRVNEKLFF	TRBV11-2	TRBJ1-4	1
CASRSEGGWTEAFF	TRBV6-5	TRBJ1-1	1
CASRSESSYNEQFF	TRBV6-1	TRBJ2-1	1
CASRSGAAAKNIQYF	TRBV10-2	TRBJ2-4	1
CASRSGERDYNEQFF	TRBV7-2	TRBJ2-1	2
CASRSGEYGYTF	TRBV9	TRBJ1-2	1
CASRSGGDTEAFF	TRBV25-1	TRBJ1-1	1
CASRSGGPLAGGYEQYF	TRBV12-3	TRBJ2-7	1
CASRSGGSDTQYF	TRBV27	TRBJ2-3	1
CASRSGKPNEQFF	TRBV7-9	TRBJ2-1	1
CASRSGLPFHEQYF	TRBV28	TRBJ2-7	1
CASRSGPVNQPQHF	TRBV6-5	TRBJ1-5	1
CASRSGQDEAFF	TRBV6-3	TRBJ1-1	1
CASRSGQGPYF	TRBV2	TRBJ2-7	1
CASRSGRSETQYF	TRBV6-3	TRBJ2-5	1
CASRSGRWSYEQYF	TRBV10-2	TRBJ2-7	1
CASRSGTEGVRDTQYF	TRBV12-4	TRBJ2-3	1
CASRSGTGGRETQYF	TRBV11-2	TRBJ2-5	1
CASRSGTGLYFF	TRBV7-6	TRBJ1-4	1
CASRSGTGVSGNTIYF	TRBV7-9	TRBJ1-3	1
CASRSGTSNHEQYF	TRBV7-8	TRBJ2-7	1
CASRSGVHEQYF	TRBV6-6	TRBJ2-7	1
CASRSGVYLNTEAFF	TRBV6-5	TRBJ1-1	1
CASRSHWVPYNSPLHF	TRBV27	TRBJ1-6	1
CASRSKGQGVLPDTQYF	TRBV6-5	TRBJ2-3	1
CASRSLAGLVATDTQYF	TRBV11-2	TRBJ2-3	1
CASRSLGEGLDTQYF	TRBV4-3	TRBJ2-3	1
CASRSLNAGWRDSPLHF	TRBV5-6	TRBJ1-6	1
CASRSLRDRGYEQYF	TRBV28	TRBJ2-7	1
CASRSLSGRAADTQYF	TRBV6-6	TRBJ2-3	1
CASRSMADNEQFF	TRBV7-9	TRBJ2-1	1
CASRSNVPGQGRNEQFF	TRBV7-2	TRBJ2-1	1
CASRSPDYNEQFF	TRBV2	TRBJ2-1	1
CASRSPLQAPTGELFF	TRBV6-5	TRBJ2-2	1
CASRSPRLGYEQYF	TRBV28	TRBJ2-7	1
CASRSPSPETQYF	TRBV5-1	TRBJ2-5	1
CASRSPTGNNEQFF	TRBV7-9	TRBJ2-1	2
CASRSPVDTEAFF	TRBV28	TRBJ1-1	1
CASRSPWTSGTTDTQYF	TRBV12-4	TRBJ2-3	1
CASRSQGALYSNQPQHF	TRBV28	TRBJ1-5	3
CASRSQTSGRSIGPDEQFF	TRBV28	TRBJ2-1	1
CASRSRDRGQEYGYTF	TRBV12-4	TRBJ1-2	1
CASRSRGARVDTQYF	TRBV27	TRBJ2-3	1
CASRSRHTGELFF	TRBV9	TRBJ2-2	1
CASRSRLAGASTDTQYF	TRBV6-3	TRBJ2-3	1
CASRSRQGYQPQHF	TRBV6-6	TRBJ1-5	1
CASRSSGGASSTDTQYF	TRBV12-4	TRBJ2-3	1
CASRSSLMTGNNANEQYF	TRBV12-4	TRBJ2-7	1
CASRSSPTDSYEQYF	TRBV6-3	TRBJ2-7	1
CASRSSSLAGGPGTDTQYF	TRBV6-3	TRBJ2-3	1
CASRSSSNFDEQFF	TRBV19	TRBJ2-1	1
CASRSSSNQPQHF	TRBV6-1	TRBJ1-5	1
CASRSSTDTQYF	TRBV4-1	TRBJ2-3	1
CASRSSYEQYF	TRBV6-3	TRBJ2-7	1
CASRSTGDYGYTF	TRBV28	TRBJ1-2	1
CASRSTGEISNEQYF	TRBV12-4	TRBJ2-7	1
CASRSTGGYGYTF	TRBV14	TRBJ1-2	1
CASRSTGLETQYF	TRBV12-4	TRBJ2-5	1
CASRSTGVFSTDTQYF	TRBV6-5	TRBJ2-3	1
CASRSTRDGETYNEQFF	TRBV19	TRBJ2-1	1
CASRSTRRDGGYEQYF	TRBV6-3	TRBJ2-7	1
CASRSTVLGEKLFF	TRBV7-6	TRBJ1-4	1
CASRSTVMNTEAFF	TRBV27	TRBJ1-1	1
CASRSWGGEEDTQYF	TRBV12-4	TRBJ2-3	1
CASRSWLAGVYEQYF	TRBV5-1	TRBJ2-7	1
CASRSWSQETQYF	TRBV27	TRBJ2-5	1
CASRSYNSPLHF	TRBV27	TRBJ1-6	1
CASRTAGVGDTIYF	TRBV7-9	TRBJ1-3	1
CASRTAKQGREQPQHF	TRBV28	TRBJ1-5	1
CASRTANYGYTF	TRBV27	TRBJ1-2	1
CASRTAPDYGYTF	TRBV27	TRBJ1-2	1
CASRTDPSYEQYF	TRBV6-6	TRBJ2-7	1
CASRTDRAEETQYF	TRBV6-5	TRBJ2-5	1
CASRTDRGDEQFF	TRBV6-3	TRBJ2-1	1
CASRTEGTGLAEAFF	TRBV3-1	TRBJ1-1	1
CASRTENTEAFF	TRBV2	TRBJ1-1	1
CASRTENYGYTF	TRBV5-4	TRBJ1-2	1
CASRTERGGRGTDTQYF	TRBV6-5	TRBJ2-3	1
CASRTGAQLVEQYF	TRBV27	TRBJ2-7	1
CASRTGDSSYNEQFF	TRBV12-3	TRBJ2-1	1
CASRTGFPDTQYF	TRBV27	TRBJ2-3	1
CASRTGGAEQYF	TRBV27	TRBJ2-7	1
CASRTGGDNQPQHF	TRBV25-1	TRBJ1-5	1
CASRTGGEETQYF	TRBV6-5	TRBJ2-5	2
CASRTGGFEAFF	TRBV6-3	TRBJ1-1	1
CASRTGGSQPQHF	TRBV27	TRBJ1-5	1
CASRTGKHTEAFF	TRBV6-1	TRBJ1-1	1
CASRTGLPGDEQYF	TRBV27	TRBJ2-7	1
CASRTGLPPSYNEQFF	TRBV27	TRBJ2-1	1
CASRTGMNTEAFF	TRBV27	TRBJ1-1	1
CASRTGMVTGELFF	TRBV10-3	TRBJ2-2	1
CASRTGNLNTEAFF	TRBV30	TRBJ1-1	20
CASRTGQGEIMNTEAFF	TRBV2	TRBJ1-1	1
CASRTGRGGDIQYF	TRBV27	TRBJ2-4	1
CASRTGRYYGYTF	TRBV12-4	TRBJ1-2	1
CASRTGTAPMLPYGYTF	TRBV7-9	TRBJ1-2	1
CASRTGTEAFF	TRBV6-5	TRBJ1-1	1
CASRTGTGGIEQFF	TRBV2	TRBJ2-1	1
CASRTGTGSFDEKLFF	TRBV6-6	TRBJ1-4	1
CASRTGTISYNEQFF	TRBV6-3	TRBJ2-1	1
CASRTGTPIPYNEQFF	TRBV6-3	TRBJ2-1	1
CASRTGTSGYTF	TRBV19	TRBJ1-2	1
CASRTGTSTDTQYF	TRBV7-8	TRBJ2-3	1
CASRTGTTSPGELFF	TRBV7-9	TRBJ2-2	1
CASRTGTTYGYTF	TRBV27	TRBJ1-2	1
CASRTGVGYTF	TRBV19	TRBJ1-2	1
CASRTGVNTEAFF	TRBV10-2	TRBJ1-1	1
CASRTGVTYEQYF	TRBV2	TRBJ2-7	1
CASRTGWGQPQHF	TRBV6-1	TRBJ1-5	1
CASRTGYSEKLFF	TRBV27	TRBJ1-4	1
CASRTHRVGSYEQYF	TRBV28	TRBJ2-7	1
CASRTIEGMASGSSNTGELFF	TRBV12-4	TRBJ2-2	1
CASRTIMVPYEQYF	TRBV6-1	TRBJ2-7	1
CASRTKGLFF	TRBV6-5	TRBJ1-4	1
CASRTLAGANTGELFF	TRBV4-1	TRBJ2-2	1
CASRTLAGGHTDTQYF	TRBV6-5	TRBJ2-3	1
CASRTLAGPYNEQFF	TRBV12-4	TRBJ2-1	1
CASRTLGGQANEKLFF	TRBV5-6	TRBJ1-4	1
CASRTLGQGGEKLFF	TRBV2	TRBJ1-4	1
CASRTLLAGGGDTQYF	TRBV6-1	TRBJ2-3	1
CASRTNGNTEAFF	TRBV6-6	TRBJ1-1	1
CASRTNTEAFF	TRBV5-4	TRBJ1-1	1
CASRTPGLAGVSETQYF	TRBV6-3	TRBJ2-5	1
CASRTPGQEDFSNQPQHF	TRBV19	TRBJ1-5	1
CASRTPIGEAFF	TRBV9	TRBJ1-1	1
CASRTPQAGDYSYEQYF	TRBV6-5	TRBJ2-7	1
CASRTPQKELWNEQFF	TRBV6-4	TRBJ2-1	1
CASRTPRTYEQYF	TRBV27	TRBJ2-7	1
CASRTQANYGYTF	TRBV27	TRBJ1-2	1
CASRTQEGNQPQHF	TRBV5-6	TRBJ1-5	1
CASRTQGAPYNEQFF	TRBV7-6	TRBJ2-1	1
CASRTQGTGELFF	TRBV27	TRBJ2-2	1
CASRTRDLTDTQYF	TRBV12-4	TRBJ2-3	1
CASRTREGHLTDTQYF	TRBV12-4	TRBJ2-3	1
CASRTREGRTDTQYF	TRBV12-4	TRBJ2-3	1
CASRTRGGITEAFF	TRBV6-5	TRBJ1-1	1
CASRTRGPYNSPLHF	TRBV5-6	TRBJ1-6	1
CASRTRLAGTNTGELFF	TRBV7-8	TRBJ2-2	1
CASRTRRTEAFF	TRBV28	TRBJ1-1	1
CASRTRVGMNTEAFF	TRBV6-3	TRBJ1-1	1
CASRTSGGAYNEQFF	TRBV6-3	TRBJ2-1	7
CASRTSGGRQDTQYF	TRBV11-1	TRBJ2-3	1
CASRTSGRGTGELFF	TRBV27	TRBJ2-2	1
CASRTSGRVGWEQYF	TRBV4-3	TRBJ2-7	1
CASRTSGSSYNEQFF	TRBV5-4	TRBJ2-1	1
CASRTSGTTDTQYF	TRBV10-2	TRBJ2-3	1
CASRTSRAGYTDTQYF	TRBV12-3	TRBJ2-3	1
CASRTTGANEAFF	TRBV11-2	TRBJ1-1	1
CASRTTGGLYEQYF	TRBV6-1	TRBJ2-7	1
CASRTTGTPYGYTF	TRBV12-4	TRBJ1-2	1
CASRTTNNEQFF	TRBV12-3	TRBJ2-1	1
CASRTTSGITNSYEQYF	TRBV6-6	TRBJ2-7	1
CASRTTVMNTEAFF	TRBV7-9	TRBJ1-1	1
CASRTVEVSYNSPLHF	TRBV2	TRBJ1-6	1
CASRTVIRTDTQYF	TRBV6-3	TRBJ2-3	1
CASRTWETQYF	TRBV25-1	TRBJ2-5	1
CASRTWISSGANVLTF	TRBV6-3	TRBJ2-6	1
CASRTWYEQYF	TRBV10-2	TRBJ2-7	1
CASRVAGVYPDTQYF	TRBV7-9	TRBJ2-3	1
CASRVDGGGTYEQYF	TRBV2	TRBJ2-7	1
CASRVDRVNTEAFF	TRBV12-4	TRBJ1-1	1
CASRVDSSYEQYF	TRBV19	TRBJ2-7	1
CASRVERGSKRGGLDEQFF	TRBV2	TRBJ2-1	1
CASRVGAEGTEAFF	TRBV28	TRBJ1-1	1
CASRVGDGIYEQYF	TRBV28	TRBJ2-7	1
CASRVGDSYGYTF	TRBV7-9	TRBJ1-2	1
CASRVGFNTEAFF	TRBV27	TRBJ1-1	1
CASRVGGMYTGELFF	TRBV3-1	TRBJ2-2	1
CASRVIVNSYNEQFF	TRBV28	TRBJ2-1	1
CASRVLAGGFYEQYF	TRBV6-5	TRBJ2-7	1
CASRVNTDTQYF	TRBV19	TRBJ2-3	1
CASRVPEIGLRRGYTF	TRBV7-9	TRBJ1-2	1
CASRVQGLLMHYEQYF	TRBV28	TRBJ2-7	1
CASRVRDRGGYGYTF	TRBV28	TRBJ1-2	1
CASRVRGPKRIQETQYF	TRBV6-5	TRBJ2-5	1
CASRVRSLGNTIYF	TRBV28	TRBJ1-3	1
CASRVSDRGPYEQYF	TRBV6-5	TRBJ2-7	1
CASRVSGSTEAFF	TRBV2	TRBJ1-1	1
CASRVSSNQPQHF	TRBV6-5	TRBJ1-5	1
CASRVSTFSTDTQYF	TRBV7-2	TRBJ2-3	1
CASRVTEAFF	TRBV2	TRBJ1-1	1
CASRWAGMNQPQHF	TRBV28	TRBJ1-5	1
CASRWAGSSPPPNTEAFF	TRBV13	TRBJ1-1	1
CASRWANEQFF	TRBV7-2	TRBJ2-1	1
CASRWDFTAYNEQFF	TRBV27	TRBJ2-1	1
CASRWDSFEAFF	TRBV6-3	TRBJ1-1	1
CASRWENQPQHF	TRBV7-9	TRBJ1-5	1
CASRWGLKGTQYF	TRBV13	TRBJ2-5	1
CASRWGNLETQYF	TRBV6-3	TRBJ2-5	1
CASRWGPEAFF	TRBV6-3	TRBJ1-1	1
CASRWGQGAPYF	TRBV6-3	TRBJ2-7	1
CASRWGQSSYEQYF	TRBV27	TRBJ2-7	1
CASRWPSTNEKLFF	TRBV2	TRBJ1-4	1
CASRWRGTEAFF	TRBV19	TRBJ1-1	1
CASRWTGSLGYTF	TRBV6-5	TRBJ1-2	1
CASRWTSGQETQYF	TRBV7-2	TRBJ2-5	1
CASRWTSPGELFF	TRBV6-3	TRBJ2-2	1
CASRYATSYNEQFF	TRBV2	TRBJ2-1	1
CASRYDGSGSTDTQYF	TRBV2	TRBJ2-3	1
CASRYGGTGYTF	TRBV27	TRBJ1-2	1
CASRYGLAALYEQYF	TRBV5-1	TRBJ2-7	1
CASRYGLNTEAFF	TRBV6-5	TRBJ1-1	1
CASRYGNAGGLYEQYF	TRBV6-1	TRBJ2-7	1
CASRYGTGYDQPQHF	TRBV12-3	TRBJ1-5	1
CASRYIGTQYYGYTF	TRBV6-3	TRBJ1-2	1
CASRYLMDSVDSPNYGYTF	TRBV2	TRBJ1-2	1
CASRYPGNEQFF	TRBV6-3	TRBJ2-1	1
CASRYQLSTGELFF	TRBV11-2	TRBJ2-2	1
CASRYRASYEQYF	TRBV2	TRBJ2-7	1
CASRYRDRGKTEAFF	TRBV11-1	TRBJ1-1	1
CASRYRQIPISGNTIYF	TRBV2	TRBJ1-3	1
CASRYSPGQGAFSYNSPLHF	TRBV28	TRBJ1-6	1
CASRYTGELFF	TRBV28	TRBJ2-2	1
CASRYTGGGTEAFF	TRBV7-2	TRBJ1-1	1
CASRYTGTSDPYEQYF	TRBV2	TRBJ2-7	1
CASRYTPDTQYF	TRBV2	TRBJ2-3	1
CASRYVGGYNSPLHF	TRBV11-2	TRBJ1-6	1
CASSAAATNEKLFF	TRBV9	TRBJ1-4	1
CASSAAEFINNEQFF	TRBV5-1	TRBJ2-1	1
CASSAAEGGGYQETQYF	TRBV9	TRBJ2-5	1
CASSAAGGGEQYF	TRBV7-6	TRBJ2-7	1
CASSAAGGSYEQYF	TRBV9	TRBJ2-7	1
CASSAAGSAGEKLFF	TRBV11-3	TRBJ1-4	1
CASSAAGSGNQPQHF	TRBV27	TRBJ1-5	1
CASSAAGSTDTQYF	TRBV9	TRBJ2-3	1
CASSAAGTGMYEQYF	TRBV7-9	TRBJ2-7	1
CASSAAGTSGSSSSYNEQFF	TRBV9	TRBJ2-1	1
CASSAAGTSHEQYF	TRBV7-9	TRBJ2-7	1
CASSAALAGNSPLHF	TRBV9	TRBJ1-6	1
CASSAAPREYDTQYF	TRBV9	TRBJ2-3	1
CASSAARGSGGAGDTQYF	TRBV2	TRBJ2-3	1
CASSAARNTGELFF	TRBV9	TRBJ2-2	1
CASSAARPGGAGTEAFF	TRBV9	TRBJ1-1	1
CASSAASGGRTGELFF	TRBV9	TRBJ2-2	1
CASSAASGRAYGELFF	TRBV9	TRBJ2-2	1
CASSAATPSSHYEQYF	TRBV19	TRBJ2-7	1
CASSADGMNTEAFF	TRBV5-5	TRBJ1-1	1
CASSADGSSQPQHF	TRBV25-1	TRBJ1-5	1
CASSADGTGDHEQYF	TRBV13	TRBJ2-7	1
CASSADGYEQYF	TRBV27	TRBJ2-7	1
CASSADNPYEQYF	TRBV7-2	TRBJ2-7	1
CASSADQQSQYF	TRBV6-5	TRBJ2-5	1
CASSADQWQPQHF	TRBV28	TRBJ1-5	1
CASSADRDGNTGELFF	TRBV28	TRBJ2-2	1
CASSADRDHEQYF	TRBV7-6	TRBJ2-7	1
CASSADRDQETQYF	TRBV11-2	TRBJ2-5	1
CASSADRERMTDTQYF	TRBV9	TRBJ2-3	1
CASSADREVNSPLHF	TRBV19	TRBJ1-6	1
CASSADRGENSNQPQHF	TRBV7-9	TRBJ1-5	1
CASSADRGGDEQYF	TRBV9	TRBJ2-7	1
CASSADRGYGYTF	TRBV13	TRBJ1-2	1
CASSADRRQLGANVLTF	TRBV9	TRBJ2-6	1
CASSADRVGGNTEAFF	TRBV19	TRBJ1-1	1
CASSADRVNTEAFF	TRBV6-3	TRBJ1-1	1
CASSADRVTTDTQYF	TRBV5-1	TRBJ2-3	1
CASSADSGRGNTIYF	TRBV12-4	TRBJ1-3	1
CASSADSGVRANEKLFF	TRBV9	TRBJ1-4	2
CASSADSIAGELFF	TRBV5-1	TRBJ2-2	1
CASSADSLHSGYTF	TRBV9	TRBJ1-2	1
CASSADSLSSYEQYF	TRBV19	TRBJ2-7	1
CASSADSPSYEQYF	TRBV5-1	TRBJ2-7	1
CASSADSSGTFSSYEQYF	TRBV19	TRBJ2-7	1
CASSADSTDTQYF	TRBV9	TRBJ2-3	1
CASSADSYLGETQYF	TRBV27	TRBJ2-5	1
CASSADTVYNEQFF	TRBV7-9	TRBJ2-1	1
CASSADWAGAKNEQFF	TRBV7-2	TRBJ2-1	1
CASSADWGDYNEQFF	TRBV9	TRBJ2-1	1
CASSADYNEQFF	TRBV7-6	TRBJ2-1	1
CASSAEAGLAMYEQYF	TRBV9	TRBJ2-7	1
CASSAEDRGTYEQYF	TRBV9	TRBJ2-7	1
CASSAEGGLETQYF	TRBV9	TRBJ2-5	1
CASSAEGGWGHTAETQYF	TRBV9	TRBJ2-5	1
CASSAEGLAQYEQYF	TRBV7-9	TRBJ2-7	1
CASSAEGQTFSTDTQYF	TRBV12-4	TRBJ2-3	3
CASSAEGRGPETQYF	TRBV9	TRBJ2-5	1
CASSAEIRDISYNEQFF	TRBV25-1	TRBJ2-1	1
CASSAELAGVYGGADTQYF	TRBV7-2	TRBJ2-3	1
CASSAELGSTSYNEQFF	TRBV28	TRBJ2-1	1
CASSAELTKRGYTF	TRBV9	TRBJ1-2	1
CASSAESTFTGLAGLLENIQYF	TRBV11-2	TRBJ2-4	1
CASSAETPNTEAFF	TRBV2	TRBJ1-1	1
CASSAEVLGSYNEQFF	TRBV2	TRBJ2-1	1
CASSAEVNEQFF	TRBV3-1	TRBJ2-1	1
CASSAEVPFYEQYF	TRBV7-9	TRBJ2-7	1
CASSAEYQETQYF	TRBV10-1	TRBJ2-5	1
CASSAFDRGGEKLFF	TRBV4-1	TRBJ1-4	1
CASSAFDRGSGNTIYF	TRBV25-1	TRBJ1-3	1
CASSAFGTDTGELFF	TRBV9	TRBJ2-2	1
CASSAFGWEWAFF	TRBV5-6	TRBJ1-1	1
CASSAFLAGITGELFF	TRBV9	TRBJ2-2	1
CASSAFNEKLFF	TRBV12-4	TRBJ1-4	1
CASSAFPGRYQETQYF	TRBV7-2	TRBJ2-5	1
CASSAFSEGYYEQYF	TRBV9	TRBJ2-7	1
CASSAFSGRAVDEQYF	TRBV4-2	TRBJ2-7	1
CASSAGAAEQYF	TRBV9	TRBJ2-7	1
CASSAGAAGANVLTF	TRBV11-2	TRBJ2-6	1
CASSAGAEQFF	TRBV12-3	TRBJ2-1	1
CASSAGANSPLHF	TRBV27	TRBJ1-6	1
CASSAGAYGYTF	TRBV19	TRBJ1-2	12
CASSAGAYSTDTQYF	TRBV6-4	TRBJ2-3	1
CASSAGDGGSTDTQYF	TRBV19	TRBJ2-3	1
CASSAGDGYTHTVFGNIQYF	TRBV6-1	TRBJ2-4	1
CASSAGDRGWSPLHF	TRBV7-9	TRBJ1-6	1
CASSAGDSYEQYF	TRBV18	TRBJ2-7	1
CASSAGDWISDNSPLHF	TRBV9	TRBJ1-6	1
CASSAGEEADTQYF	TRBV9	TRBJ2-3	1
CASSAGEGPTEAFF	TRBV12-4	TRBJ1-1	1
CASSAGEGYEQYF	TRBV11-2	TRBJ2-7	1
CASSAGETTNEKLFF	TRBV9	TRBJ1-4	1
CASSAGFGYEQYF	TRBV19	TRBJ2-7	1
CASSAGFSGNTIYF	TRBV5-4	TRBJ1-3	1
CASSAGGAGQPQHF	TRBV27	TRBJ1-5	1
CASSAGGASEKLFF	TRBV6-3	TRBJ1-4	1
CASSAGGEFSNTGELFF	TRBV12-4	TRBJ2-2	1
CASSAGGEYNEQFF	TRBV28	TRBJ2-1	1
CASSAGGGGQYF	TRBV27	TRBJ2-3	1
CASSAGGGGRGDTQYF	TRBV7-9	TRBJ2-3	1
CASSAGGGLADTQYF	TRBV9	TRBJ2-3	1
CASSAGGGLTGELFF	TRBV9	TRBJ2-2	1
CASSAGGGTGELFF	TRBV5-5	TRBJ2-2	1
CASSAGGIYTEAFF	TRBV2	TRBJ1-1	1
CASSAGGMNTEAFF	TRBV19	TRBJ1-1	1
CASSAGGNGYTF	TRBV9	TRBJ1-2	2
CASSAGGPYEQYF	TRBV25-1	TRBJ2-7	1
CASSAGGQDETQYF	TRBV10-1	TRBJ2-5	1
CASSAGGQGNTEAFF	TRBV9	TRBJ1-1	1
CASSAGGSNEQFF	TRBV6-3	TRBJ2-1	1
CASSAGGSNEQFF	TRBV7-9	TRBJ2-1	1
CASSAGGSSTDTQYF	TRBV9	TRBJ2-3	1
CASSAGGSYEQYF	TRBV6-3	TRBJ2-7	1
CASSAGGVKTQYF	TRBV14	TRBJ2-5	1
CASSAGGYEQFF	TRBV7-3	TRBJ2-1	1
CASSAGIHEQYF	TRBV2	TRBJ2-7	1
CASSAGLAGDYEQYF	TRBV10-1	TRBJ2-7	1
CASSAGLAGGTGELFF	TRBV19	TRBJ2-2	1
CASSAGLAGTDTQYF	TRBV2	TRBJ2-3	1
CASSAGLAGTTDTQYF	TRBV9	TRBJ2-3	1
CASSAGLAHYNEQFF	TRBV5-1	TRBJ2-1	1
CASSAGLEGATGELFF	TRBV5-6	TRBJ2-2	1
CASSAGLEQFF	TRBV9	TRBJ2-1	1
CASSAGLGANYGYTF	TRBV19	TRBJ1-2	1
CASSAGLGGVSDTQYF	TRBV9	TRBJ2-3	1
CASSAGLGYTF	TRBV13	TRBJ1-2	1
CASSAGLHTGTQYF	TRBV6-4	TRBJ2-3	1
CASSAGLIGANVLTF	TRBV4-2	TRBJ2-6	1
CASSAGLLGETQYF	TRBV3-1	TRBJ2-5	1
CASSAGLSTDTQYF	TRBV9	TRBJ2-3	1
CASSAGLTNQETQYF	TRBV7-2	TRBJ2-5	1
CASSAGLYNYGYTF	TRBV9	TRBJ1-2	1
CASSAGMNTGELFF	TRBV27	TRBJ2-2	1
CASSAGMYEQYF	TRBV19	TRBJ2-7	1
CASSAGNTGSYEQYF	TRBV9	TRBJ2-7	1
CASSAGPLVAFF	TRBV27	TRBJ1-1	1
CASSAGPNRVTEAFF	TRBV13	TRBJ1-1	1
CASSAGPTYEQYF	TRBV19	TRBJ2-7	1
CASSAGQGAGSPLHF	TRBV27	TRBJ1-6	1
CASSAGQGAYEQYF	TRBV9	TRBJ2-7	1
CASSAGQGDNSPLHF	TRBV5-1	TRBJ1-6	1
CASSAGQGGDYGYTF	TRBV5-1	TRBJ1-2	1
CASSAGQGGGRTEAFF	TRBV19	TRBJ1-1	3
CASSAGQGGGYTF	TRBV7-9	TRBJ1-2	1
CASSAGQGGTYNEQFF	TRBV9	TRBJ2-1	1
CASSAGQGLNYEQYF	TRBV7-2	TRBJ2-7	1
CASSAGQGPYEQYF	TRBV19	TRBJ2-7	1
CASSAGQGRDNEQFF	TRBV9	TRBJ2-1	1
CASSAGQGSYEQYF	TRBV9	TRBJ2-7	1
CASSAGQGTNEKLFF	TRBV9	TRBJ1-4	1
CASSAGQGVGYTF	TRBV9	TRBJ1-2	1
CASSAGQGVNEQYF	TRBV5-8	TRBJ2-7	1
CASSAGQGVYGYTF	TRBV6-4	TRBJ1-2	1
CASSAGQGYLNTEAFF	TRBV9	TRBJ1-1	1
CASSAGQGYYNEQFF	TRBV9	TRBJ2-1	1
CASSAGQIRSYEQYF	TRBV12-4	TRBJ2-7	1
CASSAGQLPLYEQYF	TRBV6-5	TRBJ2-7	1
CASSAGQLTGELFF	TRBV11-2	TRBJ2-2	1
CASSAGQNEKLFF	TRBV2	TRBJ1-4	1
CASSAGQTNTGELFF	TRBV9	TRBJ2-2	1
CASSAGRLAAEQYF	TRBV9	TRBJ2-7	1
CASSAGSADTQYF	TRBV6-4	TRBJ2-3	3
CASSAGSGAEQFF	TRBV7-7	TRBJ2-1	1
CASSAGSGEAFF	TRBV11-1	TRBJ1-1	1
CASSAGSGNYGYTF	TRBV19	TRBJ1-2	1
CASSAGSLYGYTF	TRBV2	TRBJ1-2	1
CASSAGSPSYEQYF	TRBV9	TRBJ2-7	1
CASSAGSSYEQYF	TRBV19	TRBJ2-7	1
CASSAGSYGYTF	TRBV19	TRBJ1-2	2
CASSAGTATNEKLFF	TRBV19	TRBJ1-4	1
CASSAGTELFF	TRBV25-1	TRBJ1-4	1
CASSAGTENNEQFF	TRBV5-1	TRBJ2-1	1
CASSAGTGAYGYTF	TRBV9	TRBJ1-2	1
CASSAGTGDQPQHF	TRBV2	TRBJ1-5	1
CASSAGTGEVTGELFF	TRBV13	TRBJ2-2	1
CASSAGTGFEGNSPLHF	TRBV9	TRBJ1-6	1
CASSAGTGGEQYF	TRBV6-5	TRBJ2-7	1
CASSAGTGGGETGELFF	TRBV5-6	TRBJ2-2	1
CASSAGTGGLEAFF	TRBV9	TRBJ1-1	1
CASSAGTGGSDTQYF	TRBV6-4	TRBJ2-3	1
CASSAGTGINQPQHF	TRBV5-1	TRBJ1-5	1
CASSAGTGKKETQYF	TRBV9	TRBJ2-5	1
CASSAGTGMNQPQHF	TRBV14	TRBJ1-5	1
CASSAGTGNEQFF	TRBV27	TRBJ2-1	1
CASSAGTGPYEQYF	TRBV5-4	TRBJ2-7	1
CASSAGTGPYEQYF	TRBV6-5	TRBJ2-7	1
CASSAGTGRSLNEKLFF	TRBV27	TRBJ1-4	1
CASSAGTGSAEQYF	TRBV5-1	TRBJ2-7	1
CASSAGTGSFGYTF	TRBV4-3	TRBJ1-2	1
CASSAGTGVPYEQYF	TRBV3-1	TRBJ2-7	1
CASSAGTGVSPLHF	TRBV9	TRBJ1-6	1
CASSAGTGVYGYTF	TRBV7-2	TRBJ1-2	1
CASSAGTLGPYEQYF	TRBV6-5	TRBJ2-7	1
CASSAGTPGYHSYNSPLHF	TRBV25-1	TRBJ1-6	1
CASSAGTPPGTEAFF	TRBV7-3	TRBJ1-1	1
CASSAGTQYF	TRBV2	TRBJ2-5	1
CASSAGTQYQETQYF	TRBV5-1	TRBJ2-5	1
CASSAGTSGQETQYF	TRBV9	TRBJ2-5	1
CASSAGTSGTRELFF	TRBV9	TRBJ2-2	1
CASSAGTSLADTQYF	TRBV9	TRBJ2-3	1
CASSAGTSMGDTQYF	TRBV2	TRBJ2-3	1
CASSAGTSRDGGYTF	TRBV9	TRBJ1-2	1
CASSAGTVHYGYTF	TRBV6-1	TRBJ1-2	1
CASSAGVAKNIQYF	TRBV4-3	TRBJ2-4	1
CASSAGVDNNEQFF	TRBV4-1	TRBJ2-1	5
CASSAGVENNEQFF	TRBV27	TRBJ2-1	1
CASSAGVGQYF	TRBV18	TRBJ2-3	1
CASSAGVGYEQYF	TRBV27	TRBJ2-7	1
CASSAGVRAVTGELFF	TRBV7-2	TRBJ2-2	1
CASSAGVSGRAAGELFF	TRBV5-1	TRBJ2-2	1
CASSAGVTGTEAFF	TRBV7-2	TRBJ1-1	1
CASSAGVYTF	TRBV19	TRBJ1-2	1
CASSAGWGSYEQYF	TRBV5-1	TRBJ2-7	1
CASSAGWRVVVSGANVLTF	TRBV5-1	TRBJ2-6	1
CASSAGYNYGYTF	TRBV2	TRBJ1-2	1
CASSAGYTDTQYF	TRBV9	TRBJ2-3	1
CASSAHDGGGNEQFF	TRBV25-1	TRBJ2-1	1
CASSAHGSSSNQPQHF	TRBV6-1	TRBJ1-5	1
CASSAHHSPSVDTQYF	TRBV9	TRBJ2-3	1
CASSAHRETGELFF	TRBV9	TRBJ2-2	1
CASSAHRGATEAFF	TRBV4-3	TRBJ1-1	3
CASSAHRGGYGYTF	TRBV9	TRBJ1-2	1
CASSAIAGGTDTQYF	TRBV27	TRBJ2-3	1
CASSAINREGDTEAFF	TRBV7-9	TRBJ1-1	1
CASSAIPRADTQYF	TRBV6-3	TRBJ2-3	1
CASSAIRGGGELFF	TRBV9	TRBJ2-2	1
CASSAISSTGDYTF	TRBV9	TRBJ1-2	1
CASSAKEGWVNSPLHF	TRBV28	TRBJ1-6	1
CASSAKGGYSEAFF	TRBV7-3	TRBJ1-1	1
CASSAKGLGNTIYF	TRBV7-8	TRBJ1-3	1
CASSAKWDGNYGYTF	TRBV5-5	TRBJ1-2	1
CASSALADTYEQYF	TRBV5-1	TRBJ2-7	1
CASSALAGGDVETQYF	TRBV9	TRBJ2-5	1
CASSALAGGGNEQFF	TRBV3-1	TRBJ2-1	1
CASSALAGRSYNEQFF	TRBV9	TRBJ2-1	1
CASSALAGSGNTIYF	TRBV6-1	TRBJ1-3	1
CASSALANSDEQFF	TRBV19	TRBJ2-1	1
CASSALDRGQTEAFF	TRBV9	TRBJ1-1	1
CASSALGANYGYTF	TRBV6-1	TRBJ1-2	2
CASSALGGIYSNQPQHF	TRBV7-2	TRBJ1-5	1
CASSALGGLQKTFSTSAP	TRBV7-2	TRBJ2-4	1
CASSALGGRYNEQFF	TRBV6-5	TRBJ2-1	1
CASSALGGSYGYTF	TRBV6-5	TRBJ1-2	1
CASSALGQGLGYTF	TRBV9	TRBJ1-2	1
CASSALGRGSYEQYF	TRBV5-6	TRBJ2-7	1
CASSALGSERHSPLHF	TRBV9	TRBJ1-6	1
CASSALGTLAGDADEQFF	TRBV9	TRBJ2-1	1
CASSALGYEQYF	TRBV5-4	TRBJ2-7	1
CASSALPPGQIIPYTDTQYF	TRBV7-2	TRBJ2-3	1
CASSALQEYFYGYTF	TRBV10-2	TRBJ1-2	1
CASSALQGGGELFF	TRBV19	TRBJ2-2	1
CASSALQGHEQYF	TRBV9	TRBJ2-7	1
CASSALQGLAVYEQYF	TRBV6-1	TRBJ2-7	1
CASSALQVTYNSPLHF	TRBV5-1	TRBJ1-6	1
CASSALSGRAIDEQYF	TRBV9	TRBJ2-7	1
CASSALSPSSYNEQFF	TRBV14	TRBJ2-1	1
CASSALTAYIQYF	TRBV2	TRBJ2-5	1
CASSALTSGVEETQYF	TRBV5-1	TRBJ2-5	1
CASSALWEGVSTDTQYF	TRBV9	TRBJ2-3	1
CASSALYGGSYNEQFF	TRBV7-9	TRBJ2-1	1
CASSAMDRGADGYTF	TRBV9	TRBJ1-2	1
CASSAMGGQPQHF	TRBV27	TRBJ1-5	1
CASSAMGGSYNEQFF	TRBV5-6	TRBJ2-1	1
CASSAMGKQYF	TRBV5-4	TRBJ2-7	1
CASSAMVGYTF	TRBV9	TRBJ1-2	1
CASSANFLDYSGNTIYF	TRBV7-6	TRBJ1-3	1
CASSANIVNTEAFF	TRBV7-9	TRBJ1-1	1
CASSANKRTGQMNTEAFF	TRBV2	TRBJ1-1	1
CASSANMGINEKLFF	TRBV9	TRBJ1-4	1
CASSANNEEKLFF	TRBV12-4	TRBJ1-4	1
CASSANPGELFF	TRBV9	TRBJ2-2	1
CASSANRAETQYF	TRBV6-4	TRBJ2-5	1
CASSANRDTEDTGELFF	TRBV9	TRBJ2-2	2
CASSANRGDSPLHF	TRBV10-1	TRBJ1-6	1
CASSANRGTSTDTQYF	TRBV2	TRBJ2-3	1
CASSANSGEQFF	TRBV9	TRBJ2-1	1
CASSANSGGYTF	TRBV28	TRBJ1-2	1
CASSANSQGLVTEAFF	TRBV9	TRBJ1-1	1
CASSANYEQYF	TRBV25-1	TRBJ2-7	1
CASSANYEQYF	TRBV27	TRBJ2-7	1
CASSANYEQYF	TRBV7-8	TRBJ2-7	1
CASSANYIGDTIYF	TRBV9	TRBJ1-3	1
CASSAPDGSYEQYF	TRBV9	TRBJ2-7	1
CASSAPDRAPYNEQFF	TRBV12-4	TRBJ2-1	1
CASSAPDRGDTGELFF	TRBV5-1	TRBJ2-2	1
CASSAPDRGYNSPLHF	TRBV7-9	TRBJ1-6	1
CASSAPDSYEQYF	TRBV11-2	TRBJ2-7	1
CASSAPGAATVREQYF	TRBV10-2	TRBJ2-7	1
CASSAPGASSYNEQFF	TRBV12-4	TRBJ2-1	1
CASSAPGDRAGNTIYF	TRBV9	TRBJ1-3	1
CASSAPGFNRVDTEAFF	TRBV5-6	TRBJ1-1	1
CASSAPGGDSSGRGSWDTQYF	TRBV9	TRBJ2-3	1
CASSAPGGPHSTDTQYF	TRBV9	TRBJ2-3	1
CASSAPGGQNLYEQYF	TRBV6-3	TRBJ2-7	1
CASSAPGGTSYNEQFF	TRBV9	TRBJ2-1	1
CASSAPGKTGELFF	TRBV7-3	TRBJ2-2	1
CASSAPGLAATFPTDTQYF	TRBV28	TRBJ2-3	1
CASSAPGQGAGAASWIEQYF	TRBV28	TRBJ2-7	1
CASSAPGQGFQETQYF	TRBV28	TRBJ2-5	1
CASSAPGQGKHEQYF	TRBV11-3	TRBJ2-7	1
CASSAPGQGNTGELFF	TRBV9	TRBJ2-2	1
CASSAPGQGRQPTQFF	TRBV13	TRBJ2-1	1
CASSAPGQPRDIQYF	TRBV7-9	TRBJ2-4	1
CASSAPGRAVTDTQYF	TRBV2	TRBJ2-3	1
CASSAPGRHSYGYTF	TRBV19	TRBJ1-2	1
CASSAPGRPDEQFF	TRBV7-3	TRBJ2-1	1
CASSAPGTGDYEQYF	TRBV9	TRBJ2-7	1
CASSAPGTGFYEQYF	TRBV9	TRBJ2-7	1
CASSAPGTGHYEQYF	TRBV11-2	TRBJ2-7	1
CASSAPGTHQETQYF	TRBV6-1	TRBJ2-5	1
CASSAPGTVTETQYF	TRBV28	TRBJ2-5	1
CASSAPGVPNSPLHF	TRBV9	TRBJ1-6	1
CASSAPIGGGYTF	TRBV9	TRBJ1-2	7
CASSAPIISGGHYEQYF	TRBV6-6	TRBJ2-7	1
CASSAPIPGTRRNADTQYF	TRBV27	TRBJ2-3	1
CASSAPISPGLAGGHGELFF	TRBV9	TRBJ2-2	1
CASSAPLAGVYNEQFF	TRBV19	TRBJ2-1	1
CASSAPNTRASNQPQHF	TRBV19	TRBJ1-5	1
CASSAPPARVWSYEQYF	TRBV2	TRBJ2-7	1
CASSAPPEEGSYEQYF	TRBV2	TRBJ2-7	1
CASSAPPGQSSYEQYF	TRBV7-6	TRBJ2-7	1
CASSAPPRETQYF	TRBV9	TRBJ2-5	1
CASSAPQEGGRNTEAFF	TRBV9	TRBJ1-1	1
CASSAPQGAAEKLFF	TRBV7-9	TRBJ1-4	1
CASSAPQRTYEQYF	TRBV3-1	TRBJ2-7	1
CASSAPRGTQAFF	TRBV9	TRBJ1-1	1
CASSAPSSYNEQFF	TRBV9	TRBJ2-1	1
CASSAPTSGEPQETQYF	TRBV9	TRBJ2-5	1
CASSAPTSGGYNEQFF	TRBV7-2	TRBJ2-1	1
CASSAPVGQGFPPNTGELFF	TRBV9	TRBJ2-2	1
CASSAQGAMSEKLFF	TRBV7-9	TRBJ1-4	1
CASSAQGARGDTQYF	TRBV9	TRBJ2-3	1
CASSAQGGNQPQHF	TRBV9	TRBJ1-5	1
CASSAQGGPYEQYF	TRBV7-2	TRBJ2-7	1
CASSAQGLRVIYNEQFF	TRBV25-1	TRBJ2-1	1
CASSAQGTYGYTF	TRBV9	TRBJ1-2	1
CASSAQGVNYGYTF	TRBV7-9	TRBJ1-2	1
CASSAQGVSYNEQFF	TRBV9	TRBJ2-1	1
CASSAQQGLSSYEQYF	TRBV19	TRBJ2-7	1
CASSAQSGWTGGAGETQYF	TRBV6-1	TRBJ2-5	1
CASSAQSVNTEAFF	TRBV11-2	TRBJ1-1	1
CASSARAAATNEKLFF	TRBV2	TRBJ1-4	1
CASSARADYGYTF	TRBV11-3	TRBJ1-2	1
CASSARAGITQYF	TRBV19	TRBJ2-3	1
CASSARDGDNYGYTF	TRBV9	TRBJ1-2	1
CASSARDLRITDTQYF	TRBV6-6	TRBJ2-3	1
CASSARDNQPQHF	TRBV7-9	TRBJ1-5	1
CASSARDRGIGELFF	TRBV9	TRBJ2-2	1
CASSARDRGLYEQYF	TRBV7-9	TRBJ2-7	1
CASSARDRGRGETQYF	TRBV5-1	TRBJ2-5	1
CASSARDRMIDEQYF	TRBV9	TRBJ2-7	1
CASSARDRTGTEAFF	TRBV28	TRBJ1-1	1
CASSARDRWYSGANVLTF	TRBV6-1	TRBJ2-6	1
CASSARDTPWEQYF	TRBV27	TRBJ2-7	1
CASSARDTSYEQYF	TRBV19	TRBJ2-7	1
CASSARDTSYEQYF	TRBV7-6	TRBJ2-7	1
CASSARDTTNYGYTF	TRBV9	TRBJ1-2	3
CASSARDYNTEAFF	TRBV19	TRBJ1-1	1
CASSARENQETQYF	TRBV9	TRBJ2-5	1
CASSARERDAQETQYF	TRBV7-9	TRBJ2-5	1
CASSARFSGANVLTF	TRBV5-1	TRBJ2-6	1
CASSARGEKGGDEQFF	TRBV19	TRBJ2-1	1
CASSARGMEEKLFF	TRBV12-3	TRBJ1-4	1
CASSARGNGNNEQFF	TRBV9	TRBJ2-1	1
CASSARGTDTQYF	TRBV9	TRBJ2-3	1
CASSARLAGPSYEQYF	TRBV7-2	TRBJ2-7	1
CASSARLAGSGETQYF	TRBV9	TRBJ2-5	1
CASSARLDWEQFF	TRBV9	TRBJ2-1	1
CASSARLEAPLEQYF	TRBV5-4	TRBJ2-7	1
CASSARQGARRWEAFF	TRBV12-3	TRBJ1-1	1
CASSARQGGNTEAFF	TRBV9	TRBJ1-1	1
CASSARQGLMNTEAFF	TRBV19	TRBJ1-1	1
CASSARQGNYNEQFF	TRBV7-2	TRBJ2-1	1
CASSARQGPNSPLHF	TRBV19	TRBJ1-6	1
CASSARQGSSGNTIYF	TRBV11-2	TRBJ1-3	1
CASSARRAGGGNTIYF	TRBV9	TRBJ1-3	1
CASSARRDRVANVLTF	TRBV9	TRBJ2-6	1
CASSARREITGELFF	TRBV19	TRBJ2-2	2
CASSARSGEPQHF	TRBV19	TRBJ1-5	8
CASSARSSTEQYF	TRBV19	TRBJ2-7	3
CASSARSSYEQYF	TRBV19	TRBJ2-7	1
CASSARSTGELFF	TRBV19	TRBJ2-2	1
CASSARSVAYEAFF	TRBV13	TRBJ1-1	1
CASSARSVYEQYF	TRBV6-1	TRBJ2-7	1
CASSARTGDGYTF	TRBV19	TRBJ1-2	1
CASSARTGGLYNEQFF	TRBV25-1	TRBJ2-1	1
CASSARTGPEQYF	TRBV7-9	TRBJ2-3	1
CASSARTGTQETQYF	TRBV6-1	TRBJ2-5	1
CASSARTSGESKNIQYF	TRBV7-8	TRBJ2-4	1
CASSARTSGGLDTQYF	TRBV7-9	TRBJ2-3	1
CASSARTSGIDEQYF	TRBV7-2	TRBJ2-7	1
CASSARTSGSSYNEQFF	TRBV2	TRBJ2-1	1
CASSARTSGSTDTQYF	TRBV9	TRBJ2-3	1
CASSARTSGTYEQYF	TRBV19	TRBJ2-7	1
CASSARTSIGAGANVLTF	TRBV12-3	TRBJ2-6	1
CASSARTSPDEQFF	TRBV7-9	TRBJ2-1	1
CASSARTSTDTQYF	TRBV6-1	TRBJ2-3	6
CASSARTVGGTEAFF	TRBV9	TRBJ1-1	1
CASSARVGSYNEQFF	TRBV7-9	TRBJ2-1	1
CASSARVREKLFF	TRBV2	TRBJ1-4	18
CASSARWGTETNTEAFF	TRBV7-9	TRBJ1-1	1
CASSASAGLGNEKLFF	TRBV9	TRBJ1-4	1
CASSASALSYEQYF	TRBV9	TRBJ2-7	1
CASSASAYEQYF	TRBV2	TRBJ2-7	1
CASSASAYEQYF	TRBV28	TRBJ2-7	1
CASSASDGNTIYF	TRBV9	TRBJ1-3	1
CASSASDGTGNGYTF	TRBV9	TRBJ1-2	3
CASSASDRGLSHEQYF	TRBV11-2	TRBJ2-7	3
CASSASEGDDEQFF	TRBV4-3	TRBJ2-1	1
CASSASGARDYSNQPQHF	TRBV3-1	TRBJ1-5	1
CASSASGASTDTQYF	TRBV7-2	TRBJ2-3	1
CASSASGGGITDTQYF	TRBV9	TRBJ2-3	1
CASSASGGIGYNEQFF	TRBV9	TRBJ2-1	1
CASSASGGIQPQHF	TRBV9	TRBJ1-5	1
CASSASGGLFYEQYF	TRBV7-2	TRBJ2-7	1
CASSASGGNYEQYF	TRBV9	TRBJ2-7	1
CASSASGGPSFTDTQYF	TRBV2	TRBJ2-3	1
CASSASGGSNSPLHF	TRBV9	TRBJ1-6	1
CASSASGGSYEQYF	TRBV27	TRBJ2-7	1
CASSASGGTDTQYF	TRBV9	TRBJ2-3	1
CASSASGGVGETQYF	TRBV7-9	TRBJ2-5	1
CASSASGKVNEQFF	TRBV6-5	TRBJ2-1	1
CASSASGLERYEQYF	TRBV6-3	TRBJ2-7	1
CASSASGNTIYF	TRBV9	TRBJ1-3	1
CASSASGPLEQFF	TRBV7-2	TRBJ2-1	1
CASSASGRATNEKLFF	TRBV5-1	TRBJ1-4	1
CASSASGRENNEQFF	TRBV9	TRBJ2-1	1
CASSASGRGSYEQYF	TRBV28	TRBJ2-7	1
CASSASGRVEQFF	TRBV5-6	TRBJ2-1	1
CASSASGSWDTQYF	TRBV9	TRBJ2-3	1
CASSASGTAYGYTF	TRBV9	TRBJ1-2	1
CASSASGTGANVLTF	TRBV2	TRBJ2-6	1
CASSASGTGEGYTF	TRBV9	TRBJ1-2	1
CASSASGTQETQYF	TRBV9	TRBJ2-5	1
CASSASGTSGAQKYF	TRBV5-1	TRBJ2-5	1
CASSASGTSGDNEQFF	TRBV2	TRBJ2-1	1
CASSASGTTSEQYF	TRBV7-3	TRBJ2-7	1
CASSASGVGYEQYF	TRBV9	TRBJ2-7	5
CASSASGVQETQYF	TRBV13	TRBJ2-5	1
CASSASGYSNQPQHF	TRBV7-2	TRBJ1-5	1
CASSASHDGVAYEQYF	TRBV9	TRBJ2-7	1
CASSASLAGGDTQYF	TRBV5-4	TRBJ2-3	1
CASSASPGTDTQYF	TRBV7-3	TRBJ2-3	1
CASSASPPPSTDTQYF	TRBV9	TRBJ2-3	1
CASSASQGALGYTF	TRBV9	TRBJ1-2	1
CASSASQGPRYGSTDTQYF	TRBV2	TRBJ2-3	1
CASSASRGPADTQYF	TRBV4-3	TRBJ2-3	1
CASSASRNTGELFF	TRBV7-3	TRBJ2-2	1
CASSASRSYNEQFF	TRBV9	TRBJ2-1	1
CASSASSALYNEQFF	TRBV7-2	TRBJ2-1	1
CASSASSGAEQFF	TRBV5-4	TRBJ2-1	1
CASSASSVQLLGDTQYF	TRBV4-1	TRBJ2-3	1
CASSASTAQETQYF	TRBV9	TRBJ2-5	1
CASSASTGELFF	TRBV9	TRBJ2-2	1
CASSASTSAKNIQYF	TRBV2	TRBJ2-4	1
CASSASTSGQETQYF	TRBV28	TRBJ2-5	1
CASSASVLGVNEQFF	TRBV19	TRBJ2-1	12
CASSASWGDQDTQYF	TRBV9	TRBJ2-3	1
CASSASWLSTDTQYF	TRBV12-3	TRBJ2-3	1
CASSASYEQYF	TRBV7-2	TRBJ2-7	1
CASSASYRDNTGELFF	TRBV9	TRBJ2-2	1
CASSATAMNTEAFF	TRBV5-4	TRBJ1-1	1
CASSATDFQPQHF	TRBV27	TRBJ1-5	1
CASSATEAFF	TRBV2	TRBJ1-1	1
CASSATEGMNTEAFF	TRBV9	TRBJ1-1	1
CASSATGAETQYF	TRBV27	TRBJ2-5	1
CASSATGDGETQYF	TRBV9	TRBJ2-5	1
CASSATGDGYEQYF	TRBV9	TRBJ2-7	1
CASSATGESDYNSPLHF	TRBV6-3	TRBJ1-6	1
CASSATGFSTEAFF	TRBV27	TRBJ1-1	1
CASSATGGGYGYTF	TRBV27	TRBJ1-2	1
CASSATGGLADTQYF	TRBV27	TRBJ2-3	1
CASSATGGQETQYF	TRBV7-8	TRBJ2-5	2
CASSATGGRGNIQYF	TRBV28	TRBJ2-4	1
CASSATGGSGNTIYF	TRBV9	TRBJ1-3	1
CASSATGGSSYEQYF	TRBV7-9	TRBJ2-7	1
CASSATGGVNTEAFF	TRBV5-1	TRBJ1-1	1
CASSATGGYEQYF	TRBV6-5	TRBJ2-7	1
CASSATGIGYEQYF	TRBV5-1	TRBJ2-7	1
CASSATGLALYNEQFF	TRBV9	TRBJ2-1	1
CASSATGLGPETQYF	TRBV9	TRBJ2-5	1
CASSATGLNTEAFF	TRBV7-2	TRBJ1-1	1
CASSATGNYEQYF	TRBV27	TRBJ2-7	1
CASSATGTAYGYTF	TRBV7-9	TRBJ1-2	1
CASSATGTENNEQFF	TRBV9	TRBJ2-1	1
CASSATGTGGADTQYF	TRBV6-4	TRBJ2-3	1
CASSATGTGLYGYTF	TRBV6-4	TRBJ1-2	3
CASSATGTGVGYTF	TRBV19	TRBJ1-2	5
CASSATGTGYEQFF	TRBV5-4	TRBJ2-1	1
CASSATGTHSFGYTF	TRBV5-6	TRBJ1-2	1
CASSATGVGSYNEQFF	TRBV7-3	TRBJ2-1	1
CASSATGYGQPQHF	TRBV27	TRBJ1-5	1
CASSATGYTEAFF	TRBV6-5	TRBJ1-1	1
CASSATHILGQSTDTQYF	TRBV2	TRBJ2-3	1
CASSATLNTEAFF	TRBV5-6	TRBJ1-1	1
CASSATLTGSPLHF	TRBV7-9	TRBJ1-6	1
CASSATNEKLFF	TRBV19	TRBJ1-4	1
CASSATNVSSYNSPLHF	TRBV2	TRBJ1-6	1
CASSATPAITDTQYF	TRBV9	TRBJ2-3	1
CASSATPGLLETQYF	TRBV9	TRBJ2-5	1
CASSATPYSRGVPYNEQFF	TRBV6-3	TRBJ2-1	1
CASSATRGGSTDTQYF	TRBV11-2	TRBJ2-3	1
CASSATSDSTDTQYF	TRBV6-1	TRBJ2-3	1
CASSATSDTQYF	TRBV9	TRBJ2-3	1
CASSATSDYSYNEQFF	TRBV9	TRBJ2-1	1
CASSATSGETYEQYF	TRBV11-2	TRBJ2-7	1
CASSATSGGGYTF	TRBV9	TRBJ1-2	1
CASSATSGGQVDTQYF	TRBV11-2	TRBJ2-3	1
CASSATSGGVTDTQYF	TRBV10-1	TRBJ2-3	1
CASSATSGGYMQYF	TRBV11-2	TRBJ2-7	1
CASSATSGRTDTQYF	TRBV9	TRBJ2-3	1
CASSATSGVYNEQFF	TRBV9	TRBJ2-1	1
CASSATSGYNEQFF	TRBV9	TRBJ2-1	1
CASSATSGYTGELFF	TRBV5-4	TRBJ2-2	1
CASSATTGFYGYTF	TRBV28	TRBJ1-2	1
CASSATTVVYGYTF	TRBV6-1	TRBJ1-2	1
CASSATVIPDTQYF	TRBV6-1	TRBJ2-3	5
CASSATVITDTQYF	TRBV6-1	TRBJ2-3	1
CASSATVRAGGGFQRRVF	TRBV2	TRBJ2-1	1
CASSAVAGGPEYEQFF	TRBV9	TRBJ2-1	1
CASSAVGGGEGNTEAFF	TRBV9	TRBJ1-1	1
CASSAVGQGGNQPQHF	TRBV7-9	TRBJ1-5	1
CASSAVGRFHNEQFF	TRBV28	TRBJ2-1	1
CASSAVQYEQYF	TRBV2	TRBJ2-7	1
CASSAVSGMSGELFF	TRBV7-9	TRBJ2-2	1
CASSAVTEYSNQPQHF	TRBV6-6	TRBJ1-5	4
CASSAVTGADQPQHF	TRBV19	TRBJ1-5	1
CASSAWDGAYEQYF	TRBV5-1	TRBJ2-7	1
CASSAWDREFNTIYF	TRBV11-2	TRBJ1-3	2
CASSAWDSQETQYF	TRBV9	TRBJ2-5	2
CASSAWEGRNQPQHF	TRBV7-2	TRBJ1-5	1
CASSAWGGAGTGELFF	TRBV9	TRBJ2-2	1
CASSAWGTSSTDTQYF	TRBV5-4	TRBJ2-3	5
CASSAWLSAWPNEQFF	TRBV6-1	TRBJ2-1	1
CASSAWSSGRNEQFF	TRBV2	TRBJ2-1	1
CASSAWTGANNEQFF	TRBV5-1	TRBJ2-1	2
CASSAWTGGYEQYF	TRBV6-1	TRBJ2-7	1
CASSAWTGRFLVDSPLHF	TRBV7-2	TRBJ1-6	1
CASSAWTGRGNEKLFF	TRBV5-4	TRBJ1-4	1
CASSAWTSNNEQFF	TRBV9	TRBJ2-1	1
CASSAWTSVDEQFF	TRBV9	TRBJ2-1	1
CASSAYALYSNQPQHF	TRBV7-2	TRBJ1-5	1
CASSAYDRGGNEQFF	TRBV9	TRBJ2-1	1
CASSAYFRVMNTGELFF	TRBV5-1	TRBJ2-2	1
CASSAYITEVAFF	TRBV25-1	TRBJ1-1	1
CASSAYKSSYNEQFF	TRBV9	TRBJ2-1	1
CASSAYMNTEAFF	TRBV27	TRBJ1-1	1
CASSAYMTPNTEAFF	TRBV6-6	TRBJ1-1	1
CASSAYNEKLFF	TRBV27	TRBJ1-4	1
CASSAYQGYSNQPQHF	TRBV27	TRBJ1-5	1
CASSAYRDEKLFF	TRBV6-1	TRBJ1-4	1
CASSAYREEQPQHF	TRBV6-1	TRBJ1-5	1
CASSAYRVDTQYF	TRBV7-3	TRBJ2-3	1
CASSAYSWGGEDTQYF	TRBV9	TRBJ2-3	1
CASSAYTSGPKEQYF	TRBV5-6	TRBJ2-7	1
CASSAYVQGSGNTIYF	TRBV27	TRBJ1-3	1
CASSCAWSGRACTDTQYF	TRBV5-6	TRBJ2-3	1
CASSCFNSPLHF	TRBV7-3	TRBJ1-6	1
CASSCGPTRGLRNEQFF	TRBV19	TRBJ2-1	1
CASSCLQGAADTQYF	TRBV12-3	TRBJ2-3	1
CASSCPGARRTDTQYF	TRBV5-1	TRBJ2-3	1
CASSCRGGRAVEQYF	TRBV5-4	TRBJ2-7	1
CASSDAATSYEQYF	TRBV25-1	TRBJ2-7	1
CASSDADGWGRGNEQFF	TRBV6-1	TRBJ2-1	1
CASSDAEQKYF	TRBV25-1	TRBJ2-7	1
CASSDAGGPDEQFF	TRBV6-4	TRBJ2-1	1
CASSDAGNTEAFF	TRBV9	TRBJ1-1	1
CASSDAGTSNSPLHF	TRBV6-1	TRBJ1-6	1
CASSDAGTSYNEQFF	TRBV10-2	TRBJ2-1	1
CASSDALYEQYF	TRBV25-1	TRBJ2-7	1
CASSDAPGAINRIF	TRBV2	TRBJ1-2	3
CASSDAPGRENIQYF	TRBV9	TRBJ2-4	1
CASSDARKGLAGQETQYF	TRBV6-1	TRBJ2-5	1
CASSDATGTSGYNEQFF	TRBV10-2	TRBJ2-1	1
CASSDAVQETQYF	TRBV2	TRBJ2-5	1
CASSDDGMNTEAFF	TRBV10-2	TRBJ1-1	9
CASSDDGVSYNEQFF	TRBV2	TRBJ2-1	1
CASSDDGYNEQFF	TRBV6-5	TRBJ2-1	1
CASSDDLETQYF	TRBV5-1	TRBJ2-5	10
CASSDDLRSYEQYF	TRBV25-1	TRBJ2-7	1
CASSDDMGTGVQPQHF	TRBV10-2	TRBJ1-5	1
CASSDDRGRLTGELFF	TRBV27	TRBJ2-2	1
CASSDDRGTDTQYF	TRBV5-4	TRBJ2-3	1
CASSDDRQLVSGANVLTF	TRBV6-1	TRBJ2-6	1
CASSDDSGNEQFF	TRBV19	TRBJ2-1	1
CASSDEDREETQYF	TRBV9	TRBJ2-5	1
CASSDEEIYGYTF	TRBV6-1	TRBJ1-2	1
CASSDELAGGHYEQYF	TRBV2	TRBJ2-7	1
CASSDELDRGRALAKNIQYF	TRBV2	TRBJ2-4	1
CASSDERGELFF	TRBV12-4	TRBJ2-2	1
CASSDESLPLDEQYF	TRBV7-9	TRBJ2-7	1
CASSDEVQGTNSPLHF	TRBV6-4	TRBJ1-6	1
CASSDEVSYNSPLHF	TRBV6-1	TRBJ1-6	1
CASSDFGQGSYEQYF	TRBV2	TRBJ2-7	1
CASSDFGTSGTYEQYF	TRBV2	TRBJ2-7	1
CASSDFRDWGEQFF	TRBV6-1	TRBJ2-1	1
CASSDFWTRDRGHGYTF	TRBV2	TRBJ1-2	1
CASSDFYGYTF	TRBV5-4	TRBJ1-2	1
CASSDGAGGDNEQFF	TRBV2	TRBJ2-1	1
CASSDGAGGPYEQYF	TRBV2	TRBJ2-7	1
CASSDGAGGSTDTQYF	TRBV6-4	TRBJ2-3	1
CASSDGARGGTDTQYF	TRBV6-1	TRBJ2-3	1
CASSDGDREIPEAFF	TRBV6-1	TRBJ1-1	1
CASSDGEGGVGETQYF	TRBV9	TRBJ2-5	1
CASSDGENTEAFF	TRBV6-4	TRBJ1-1	1
CASSDGFPDSTYEQYF	TRBV6-5	TRBJ2-7	9
CASSDGGASYEQYF	TRBV9	TRBJ2-7	1
CASSDGGATGELFF	TRBV6-4	TRBJ2-2	1
CASSDGGDNEQFF	TRBV25-1	TRBJ2-1	1
CASSDGGGGTEAFF	TRBV9	TRBJ1-1	1
CASSDGGGQPQHF	TRBV2	TRBJ1-5	1
CASSDGGGYEQYF	TRBV9	TRBJ2-7	1
CASSDGGLGQPQHF	TRBV2	TRBJ1-5	1
CASSDGGNTEAFF	TRBV25-1	TRBJ1-1	1
CASSDGGQYTEAFF	TRBV9	TRBJ1-1	1
CASSDGGSNSGANVLTF	TRBV4-2	TRBJ2-6	1
CASSDGGSVPGNTIYF	TRBV11-3	TRBJ1-3	1
CASSDGGVYQPQHF	TRBV6-1	TRBJ1-5	1
CASSDGGYLTDTQYF	TRBV6-3	TRBJ2-3	1
CASSDGLAGYNEQFF	TRBV7-7	TRBJ2-1	1
CASSDGLASSYEQYF	TRBV27	TRBJ2-7	1
CASSDGNRVYTF	TRBV9	TRBJ1-2	1
CASSDGPAYEQYF	TRBV2	TRBJ2-7	8
CASSDGPLGYTF	TRBV27	TRBJ1-2	1
CASSDGPTSVETQYF	TRBV2	TRBJ2-5	1
CASSDGQAYFYGYTF	TRBV7-9	TRBJ1-2	1
CASSDGQGDRPSSSYEQYF	TRBV6-4	TRBJ2-7	1
CASSDGQGFDQPQHF	TRBV19	TRBJ1-5	1
CASSDGQGLEQYF	TRBV27	TRBJ2-7	1
CASSDGRGESQYF	TRBV2	TRBJ2-3	1
CASSDGRGGTEAFF	TRBV6-4	TRBJ1-1	1
CASSDGRSYEQYF	TRBV27	TRBJ2-7	1
CASSDGSAYEQYF	TRBV10-1	TRBJ2-7	1
CASSDGSGEQYF	TRBV5-4	TRBJ2-7	1
CASSDGSVGNTIYF	TRBV14	TRBJ1-3	1
CASSDGTAYEQYF	TRBV7-9	TRBJ2-7	1
CASSDGTGGDEQYF	TRBV6-1	TRBJ2-7	1
CASSDGTGGGQEAFF	TRBV6-4	TRBJ1-1	1
CASSDGTGGNEQFF	TRBV6-4	TRBJ2-1	2
CASSDGTGGQPQHF	TRBV7-2	TRBJ1-5	1
CASSDGTGGVDEQYF	TRBV9	TRBJ2-7	1
CASSDGTGVGYTF	TRBV19	TRBJ1-2	1
CASSDGTGVYLMSPLHF	TRBV25-1	TRBJ1-6	1
CASSDGTQRGYEQYF	TRBV25-1	TRBJ2-7	1
CASSDGTSETQYF	TRBV25-1	TRBJ2-5	1
CASSDGTSGGGEQYF	TRBV6-3	TRBJ2-7	2
CASSDGTSGLAKNIQYF	TRBV9	TRBJ2-4	1
CASSDGTSGRADTQYF	TRBV28	TRBJ2-3	1
CASSDGTSGRNEQYF	TRBV9	TRBJ2-7	1
CASSDGTVGDTDTQYF	TRBV27	TRBJ2-3	1
CASSDGVNEQFF	TRBV6-4	TRBJ2-1	1
CASSDGVSGNEQFF	TRBV6-4	TRBJ2-1	1
CASSDGVTGLDTEAFF	TRBV5-1	TRBJ1-1	1
CASSDGYEQYF	TRBV6-3	TRBJ2-7	1
CASSDGYGIAKGYNEQFF	TRBV6-4	TRBJ2-1	1
CASSDHDSSYNEQFF	TRBV6-4	TRBJ2-1	1
CASSDHQWSTQYF	TRBV25-1	TRBJ2-3	1
CASSDHRGIWPGELFF	TRBV7-2	TRBJ2-2	1
CASSDIAGAPEQYF	TRBV10-2	TRBJ2-7	2
CASSDIAGGLLSSYNEQFF	TRBV9	TRBJ2-1	1
CASSDIAGGPSGEQYF	TRBV11-2	TRBJ2-7	1
CASSDIAGGSYNEQFF	TRBV19	TRBJ2-1	1
CASSDIGEGTGELFF	TRBV2	TRBJ2-2	1
CASSDIHPSGAFTDTQYF	TRBV2	TRBJ2-3	2
CASSDILAGVGEQYF	TRBV7-9	TRBJ2-7	4
CASSDIRDRLLGGANVLTF	TRBV9	TRBJ2-6	1
CASSDISNLMNTEAFF	TRBV6-1	TRBJ1-1	1
CASSDISTGELFF	TRBV2	TRBJ2-2	1
CASSDKALIAGGPDNEQFF	TRBV12-3	TRBJ2-1	1
CASSDKGEGDTQYF	TRBV6-4	TRBJ2-3	1
CASSDKGLTDTQYF	TRBV5-5	TRBJ2-3	1
CASSDKGSANQPQHF	TRBV2	TRBJ1-5	1
CASSDKGTKGEKLFF	TRBV12-4	TRBJ1-4	1
CASSDKLTGGGGNEQFF	TRBV9	TRBJ2-1	1
CASSDKNTEAFF	TRBV25-1	TRBJ1-1	1
CASSDKPVAVTYEQYF	TRBV9	TRBJ2-7	1
CASSDKRGKTRYGPDTQYF	TRBV6-4	TRBJ2-3	1
CASSDKSAEAFF	TRBV7-9	TRBJ1-1	1
CASSDKYNSPLHF	TRBV6-4	TRBJ1-6	1
CASSDLADTDTQYF	TRBV2	TRBJ2-3	1
CASSDLAGATTGELFF	TRBV25-1	TRBJ2-2	1
CASSDLAGDPTDTQYF	TRBV4-2	TRBJ2-3	3
CASSDLAGGPNEQYF	TRBV6-1	TRBJ2-7	1
CASSDLASGSSDTQYF	TRBV6-1	TRBJ2-3	1
CASSDLASVGEQYF	TRBV6-3	TRBJ2-7	1
CASSDLDRGGIGELFF	TRBV6-6	TRBJ2-2	1
CASSDLDRVVSGDYEQYF	TRBV25-1	TRBJ2-7	1
CASSDLFGREGYNEQFF	TRBV25-1	TRBJ2-1	1
CASSDLGANVLTF	TRBV25-1	TRBJ2-6	1
CASSDLGQGHEQYF	TRBV6-1	TRBJ2-7	1
CASSDLGSSTDTQYF	TRBV5-5	TRBJ2-3	1
CASSDLPFRFMIWEQYF	TRBV6-1	TRBJ2-7	3
CASSDLPFRFMIWEQYF	TRBV6-4	TRBJ2-7	1
CASSDLPGANYGYTF	TRBV2	TRBJ1-2	1
CASSDLQCCDTEAFF	TRBV5-1	TRBJ1-1	1
CASSDLQESYNEQFF	TRBV25-1	TRBJ2-1	1
CASSDLQWVSYEQYF	TRBV2	TRBJ2-7	1
CASSDLRDGYYEQYF	TRBV2	TRBJ2-7	1
CASSDLRDSYNSPLHF	TRBV25-1	TRBJ1-6	1
CASSDLSDEQYF	TRBV10-1	TRBJ2-7	1
CASSDLSGELFF	TRBV7-3	TRBJ2-2	1
CASSDLSLNEQFF	TRBV9	TRBJ2-1	1
CASSDLTDTQYF	TRBV6-5	TRBJ2-3	1
CASSDLTGNQPQHF	TRBV6-1	TRBJ1-5	1
CASSDMDLDYGYTF	TRBV28	TRBJ1-2	1
CASSDMGGLGYGYTF	TRBV4-3	TRBJ1-2	1
CASSDMNTGELFF	TRBV6-4	TRBJ2-2	1
CASSDMSFEEARCDEQFF	TRBV19	TRBJ2-1	1
CASSDNAAGNTIYF	TRBV9	TRBJ1-3	1
CASSDNAGPDTQYF	TRBV27	TRBJ2-3	1
CASSDNGNSPLHF	TRBV6-4	TRBJ1-6	1
CASSDNLAGGFTDTQYF	TRBV9	TRBJ2-3	1
CASSDNPYEQYF	TRBV6-6	TRBJ2-7	1
CASSDNRARLAKNIQYF	TRBV13	TRBJ2-4	1
CASSDNSRLASYTF	TRBV25-1	TRBJ1-2	1
CASSDNVREGVPHEQFF	TRBV9	TRBJ2-1	1
CASSDNWSSYEQYF	TRBV25-1	TRBJ2-7	1
CASSDNYEQYF	TRBV18	TRBJ2-7	2
CASSDPAGPAFF	TRBV6-1	TRBJ1-1	1
CASSDPASGMSNYGYTF	TRBV10-2	TRBJ1-2	1
CASSDPATEAFF	TRBV10-1	TRBJ1-1	1
CASSDPDRGFGYYEQYF	TRBV6-1	TRBJ2-7	1
CASSDPEDRRTDTQYF	TRBV6-1	TRBJ2-3	1
CASSDPGAYEQYF	TRBV6-1	TRBJ2-7	1
CASSDPGGADTQYF	TRBV2	TRBJ2-3	1
CASSDPGGTTGELFF	TRBV6-1	TRBJ2-2	1
CASSDPGHDLQPQHF	TRBV6-1	TRBJ1-5	1
CASSDPGLAGGEQFF	TRBV7-9	TRBJ2-1	1
CASSDPGNTIYF	TRBV7-9	TRBJ1-3	1
CASSDPGPYEQYF	TRBV28	TRBJ2-7	1
CASSDPGQGDSGELFF	TRBV5-4	TRBJ2-2	9
CASSDPGQPEAFF	TRBV7-9	TRBJ1-1	1
CASSDPGTEAFF	TRBV6-5	TRBJ1-1	1
CASSDPGTSDYNEQFF	TRBV9	TRBJ2-1	1
CASSDPGTSGSADTQYF	TRBV6-4	TRBJ2-3	1
CASSDPIGGYGYTF	TRBV6-1	TRBJ1-2	1
CASSDPIGLLTEAFF	TRBV2	TRBJ1-1	1
CASSDPKDRAQRETQYF	TRBV9	TRBJ2-5	1
CASSDPKGAYEQYF	TRBV25-1	TRBJ2-7	1
CASSDPKRGDWKPQHF	TRBV6-1	TRBJ1-5	1
CASSDPPGTSPTDTQYF	TRBV11-1	TRBJ2-3	1
CASSDPQEGQLEGSGYTF	TRBV12-4	TRBJ1-2	1
CASSDPQGTMDYRPQHF	TRBV6-6	TRBJ1-5	1
CASSDPQTGNEQYF	TRBV9	TRBJ2-7	1
CASSDPRRNYGYTF	TRBV19	TRBJ1-2	1
CASSDPRTGANQPQHF	TRBV4-1	TRBJ1-5	1
CASSDPSGTDLNYGYTF	TRBV9	TRBJ1-2	1
CASSDPSRLAGGPTDTQYF	TRBV9	TRBJ2-3	1
CASSDPSSNTGELFF	TRBV2	TRBJ2-2	1
CASSDPSYEQYF	TRBV9	TRBJ2-7	1
CASSDPTEGLVRTQYF	TRBV25-1	TRBJ2-5	1
CASSDPTGIDGYTF	TRBV6-3	TRBJ1-2	1
CASSDPTSGGPYNEQFF	TRBV7-9	TRBJ2-1	1
CASSDPTSKYF	TRBV6-1	TRBJ2-7	1
CASSDPYNQTLSYEQYF	TRBV2	TRBJ2-7	1
CASSDQAGANQETQYF	TRBV7-3	TRBJ2-5	1
CASSDQDINQPQHF	TRBV7-9	TRBJ1-5	1
CASSDQDTGELFF	TRBV10-1	TRBJ2-2	1
CASSDQFRYSNQPQHF	TRBV6-1	TRBJ1-5	1
CASSDQGLAEPSGWPFF	TRBV13	TRBJ2-1	1
CASSDQGPSLYEQYF	TRBV2	TRBJ2-7	1
CASSDQGQVKNIQYF	TRBV2	TRBJ2-4	1
CASSDQGTTGELFF	TRBV6-4	TRBJ2-2	1
CASSDQLAGGRVAKNIQYF	TRBV6-4	TRBJ2-4	1
CASSDQRSYEQYF	TRBV2	TRBJ2-7	1
CASSDQTGQLSYNEQFF	TRBV2	TRBJ2-1	1
CASSDQTHTQYF	TRBV10-1	TRBJ2-3	1
CASSDQTSGDNEQFF	TRBV2	TRBJ2-1	1
CASSDQTSGGNEQFF	TRBV6-4	TRBJ2-1	1
CASSDQWTSVADTQYF	TRBV6-1	TRBJ2-3	1
CASSDRAGTYEQYF	TRBV2	TRBJ2-7	1
CASSDRDGKTQYF	TRBV19	TRBJ2-5	1
CASSDRDKSYEQYF	TRBV18	TRBJ2-7	1
CASSDRDRGFDGELFF	TRBV9	TRBJ2-2	1
CASSDRDRGHEQYF	TRBV13	TRBJ2-7	1
CASSDRDRGPDTQYF	TRBV27	TRBJ2-3	1
CASSDRDRSYEQYF	TRBV13	TRBJ2-7	1
CASSDRDRTYEQYF	TRBV7-2	TRBJ2-7	1
CASSDRDRVGQPQHF	TRBV5-6	TRBJ1-5	1
CASSDRDSSETQYF	TRBV9	TRBJ2-5	1
CASSDRDSTDTQYF	TRBV6-4	TRBJ2-3	1
CASSDRDYGYTF	TRBV25-1	TRBJ1-2	1
CASSDREAGKNIQYF	TRBV12-4	TRBJ2-4	1
CASSDREGRSDNSYEQYF	TRBV4-3	TRBJ2-7	1
CASSDRGDTQYF	TRBV2	TRBJ2-3	1
CASSDRGETGELFF	TRBV25-1	TRBJ2-2	1
CASSDRGGIGGSAFF	TRBV7-9	TRBJ1-1	3
CASSDRGLPGELFF	TRBV5-1	TRBJ2-2	1
CASSDRGNIQYF	TRBV9	TRBJ2-4	1
CASSDRGPEVGELFF	TRBV6-3	TRBJ2-2	1
CASSDRGSPLHF	TRBV12-3	TRBJ1-6	3
CASSDRGVGELFF	TRBV27	TRBJ2-2	1
CASSDRGVHTGELFF	TRBV4-2	TRBJ2-2	1
CASSDRGVTEAFF	TRBV4-1	TRBJ1-1	1
CASSDRGYSYEQYF	TRBV6-1	TRBJ2-7	1
CASSDRGYTEAFF	TRBV6-1	TRBJ1-1	1
CASSDRLAGVTDTQYF	TRBV9	TRBJ2-3	1
CASSDRLAGYNEQFF	TRBV6-3	TRBJ2-1	1
CASSDRLAYEQYF	TRBV5-4	TRBJ2-7	1
CASSDRLQQETQYF	TRBV2	TRBJ2-5	1
CASSDRLTYTF	TRBV18	TRBJ1-2	1
CASSDRNEGFYEQYF	TRBV6-3	TRBJ2-7	1
CASSDRPGQGAWETQYF	TRBV9	TRBJ2-5	1
CASSDRPWASGFNEQFF	TRBV6-1	TRBJ2-1	1
CASSDRPYNSPLHF	TRBV9	TRBJ1-6	1
CASSDRQGENSPLHF	TRBV7-8	TRBJ1-6	1
CASSDRQGKYEQYF	TRBV10-1	TRBJ2-7	1
CASSDRQGNSPLHF	TRBV4-3	TRBJ1-6	1
CASSDRRPNEKLFF	TRBV6-5	TRBJ1-4	1
CASSDRSGINEQFF	TRBV9	TRBJ2-1	1
CASSDRSGNTIYF	TRBV19	TRBJ1-3	3
CASSDRSGTEQYF	TRBV19	TRBJ2-7	2
CASSDRSGYEQYF	TRBV10-1	TRBJ2-7	1
CASSDRSNQPQHF	TRBV19	TRBJ1-5	1
CASSDRSNTEAFF	TRBV19	TRBJ1-1	1
CASSDRSSYNEQFF	TRBV28	TRBJ2-1	1
CASSDRSTDTQYF	TRBV6-4	TRBJ2-3	1
CASSDRTGGVTGELFF	TRBV9	TRBJ2-2	1
CASSDRTGSDEQFF	TRBV7-9	TRBJ2-1	1
CASSDRTGVGETQYF	TRBV6-5	TRBJ2-5	1
CASSDRTSGDLEQYF	TRBV6-1	TRBJ2-7	1
CASSDRVFVHEQYF	TRBV5-4	TRBJ2-7	1
CASSDRVGTGTSYEQYF	TRBV2	TRBJ2-7	1
CASSDRVNTGELFF	TRBV19	TRBJ2-2	1
CASSDRVWDTQYF	TRBV9	TRBJ2-3	1
CASSDRYTEAFF	TRBV25-1	TRBJ1-1	1
CASSDSAGSRTDTQYF	TRBV6-4	TRBJ2-3	1
CASSDSASGGSNEQFF	TRBV6-4	TRBJ2-1	1
CASSDSDRGNEQFF	TRBV6-3	TRBJ2-1	1
CASSDSEYNEQFF	TRBV6-4	TRBJ2-1	1
CASSDSGANQPQHF	TRBV2	TRBJ1-5	1
CASSDSGANVLTF	TRBV10-2	TRBJ2-6	1
CASSDSGANVLTF	TRBV12-3	TRBJ2-6	1
CASSDSGESEAFF	TRBV6-4	TRBJ1-1	1
CASSDSGGLYGYTF	TRBV2	TRBJ1-2	1
CASSDSGGPSTDTQYF	TRBV7-9	TRBJ2-3	1
CASSDSGGSSGELFF	TRBV6-3	TRBJ2-2	1
CASSDSGGVLYNEQFF	TRBV27	TRBJ2-1	1
CASSDSGHFEAFF	TRBV10-1	TRBJ1-1	1
CASSDSGNSYEQYF	TRBV9	TRBJ2-7	1
CASSDSGSGNEQFF	TRBV5-1	TRBJ2-1	1
CASSDSIAGAYNEQFF	TRBV6-4	TRBJ2-1	1
CASSDSLAGGPGEQFF	TRBV9	TRBJ2-1	1
CASSDSLGGLGPRGGNEQFF	TRBV9	TRBJ2-1	1
CASSDSLKRLAGIYEQYF	TRBV2	TRBJ2-7	1
CASSDSLRQYNEQFF	TRBV6-1	TRBJ2-1	1
CASSDSPASYNEQFF	TRBV6-4	TRBJ2-1	2
CASSDSPGGGYNEQFF	TRBV6-4	TRBJ2-1	1
CASSDSPLSGSPLHF	TRBV2	TRBJ1-6	1
CASSDSPSGGDTQYF	TRBV6-4	TRBJ2-3	1
CASSDSPSYGYTF	TRBV27	TRBJ1-2	1
CASSDSQGNTQYF	TRBV27	TRBJ2-3	1
CASSDSRGVTDTQYF	TRBV6-4	TRBJ2-3	1
CASSDSRREVNEQFF	TRBV6-4	TRBJ2-1	1
CASSDSRRGTGTYEQYF	TRBV25-1	TRBJ2-7	14
CASSDSRTGAGNTIYF	TRBV9	TRBJ1-3	1
CASSDSSAGATGELFF	TRBV6-4	TRBJ2-2	1
CASSDSSGELFF	TRBV6-4	TRBJ2-2	1
CASSDSSGGYNEQFF	TRBV9	TRBJ2-1	1
CASSDSSGSTDTQYF	TRBV6-4	TRBJ2-3	1
CASSDSSPGELFF	TRBV6-4	TRBJ2-2	1
CASSDSSYEQYF	TRBV7-2	TRBJ2-7	1
CASSDSTDNEQFF	TRBV6-4	TRBJ2-1	1
CASSDSTEENEQFF	TRBV6-4	TRBJ2-1	1
CASSDSTERDTGELFF	TRBV6-4	TRBJ2-2	1
CASSDSTGGGEAAFF	TRBV6-4	TRBJ1-1	1
CASSDSTIGTGSDTQYF	TRBV6-4	TRBJ2-3	1
CASSDSTSGSNEQFF	TRBV6-4	TRBJ2-1	1
CASSDSVLTDTQYF	TRBV2	TRBJ2-3	1
CASSDSWTGGSTNEQFF	TRBV6-4	TRBJ2-1	1
CASSDSYEQYF	TRBV25-1	TRBJ2-7	1
CASSDSYEQYF	TRBV6-3	TRBJ2-7	1
CASSDTASSGNTIYF	TRBV6-1	TRBJ1-3	1
CASSDTFGQGISGANVLTF	TRBV7-3	TRBJ2-6	1
CASSDTGGFGNTIYF	TRBV9	TRBJ1-3	1
CASSDTGGNEQYF	TRBV10-2	TRBJ2-7	1
CASSDTGQALGGYTF	TRBV6-4	TRBJ1-2	1
CASSDTGQGLYGYTF	TRBV6-4	TRBJ1-2	3
CASSDTGTGGLAGPTDTQYF	TRBV11-2	TRBJ2-3	1
CASSDTGVDTEAFF	TRBV6-1	TRBJ1-1	1
CASSDTGVLNSPLHF	TRBV6-4	TRBJ1-6	8
CASSDTGWGLAGEDTQYF	TRBV6-1	TRBJ2-3	1
CASSDTGYPGELFF	TRBV2	TRBJ2-2	1
CASSDTNTEAFF	TRBV10-1	TRBJ1-1	1
CASSDTNTGELFF	TRBV2	TRBJ2-2	1
CASSDTPGREQFF	TRBV6-4	TRBJ2-1	1
CASSDTRRPYEQYF	TRBV9	TRBJ2-7	1
CASSDTSEQFF	TRBV27	TRBJ2-1	1
CASSDTSGGADTQYF	TRBV6-4	TRBJ2-3	1
CASSDTSGGVTDTQYF	TRBV13	TRBJ2-3	1
CASSDTSGSGYEQFF	TRBV6-6	TRBJ2-1	1
CASSDTSRAQPQHF	TRBV6-1	TRBJ1-5	1
CASSDTTTGVYGYTF	TRBV6-4	TRBJ1-2	1
CASSDTVPHSYEQYF	TRBV6-1	TRBJ2-7	1
CASSDVGAEGYTF	TRBV2	TRBJ1-2	1
CASSDVGAGADTQYF	TRBV6-1	TRBJ2-3	1
CASSDVGGENTGELFF	TRBV7-3	TRBJ2-2	1
CASSDVGGGEQYF	TRBV10-2	TRBJ2-7	1
CASSDVGLYEQYF	TRBV6-1	TRBJ2-7	1
CASSDVGTTATYEQYF	TRBV3-1	TRBJ2-7	1
CASSDVKGDTEAFF	TRBV4-1	TRBJ1-1	1
CASSDVPSGNTIYF	TRBV5-4	TRBJ1-3	1
CASSDVTSYNEQFF	TRBV19	TRBJ2-1	1
CASSDWGETQYF	TRBV25-1	TRBJ2-5	1
CASSDWGGSNYGYTF	TRBV6-1	TRBJ1-2	1
CASSDWGKNQPQHF	TRBV6-1	TRBJ1-5	1
CASSDWGNEKLFF	TRBV7-9	TRBJ1-4	1
CASSDWLAGGDEQFF	TRBV6-1	TRBJ2-1	1
CASSDWQGNTGELFF	TRBV2	TRBJ2-2	1
CASSDWSAVQETQYF	TRBV25-1	TRBJ2-5	1
CASSDWTGVGGYTF	TRBV6-1	TRBJ1-2	1
CASSDWWGTDTQYF	TRBV5-6	TRBJ2-3	1
CASSDYGADTGELFF	TRBV6-1	TRBJ2-2	1
CASSDYGGTLEETQYF	TRBV10-2	TRBJ2-5	1
CASSDYGLAGEQFF	TRBV6-4	TRBJ2-1	1
CASSDYGYTF	TRBV6-1	TRBJ1-2	1
CASSDYNNQLAELYNEQFF	TRBV6-1	TRBJ2-1	1
CASSDYPAGEQFF	TRBV6-4	TRBJ2-1	1
CASSDYRELFF	TRBV14	TRBJ2-2	1
CASSDYSLTGNTGELFF	TRBV6-6	TRBJ2-2	1
CASSEAAEPDTQYF	TRBV2	TRBJ2-3	1
CASSEAAGGGLNTGELFF	TRBV9	TRBJ2-2	1
CASSEAAGLADTQYF	TRBV10-2	TRBJ2-3	1
CASSEAALTDTQYF	TRBV12-4	TRBJ2-3	1
CASSEAASGLYNEQFF	TRBV2	TRBJ2-1	1
CASSEAASGSTDTQYF	TRBV2	TRBJ2-3	1
CASSEAAVIYEQYF	TRBV2	TRBJ2-7	1
CASSEAAVQGETQYF	TRBV6-1	TRBJ2-5	1
CASSEADGRQETQYF	TRBV7-9	TRBJ2-5	1
CASSEAERTGFYEQYF	TRBV2	TRBJ2-7	1
CASSEAFF	TRBV2	TRBJ1-1	1
CASSEAFGAGRNQPQHF	TRBV10-2	TRBJ1-5	1
CASSEAFTELYGYTF	TRBV2	TRBJ1-2	1
CASSEAGAEAFF	TRBV10-1	TRBJ1-1	1
CASSEAGAFGYTF	TRBV25-1	TRBJ1-2	1
CASSEAGEETQYF	TRBV4-1	TRBJ2-5	1
CASSEAGGGATDTQYF	TRBV6-1	TRBJ2-3	1
CASSEAGGGVVNTEAFF	TRBV6-1	TRBJ1-1	1
CASSEAGGPINKSAQFF	TRBV7-9	TRBJ2-1	1
CASSEAGGRETQYF	TRBV7-9	TRBJ2-5	1
CASSEAGGRETQYF	TRBV9	TRBJ2-5	1
CASSEAGGWFGYTF	TRBV6-1	TRBJ1-2	1
CASSEAGGYYNEQFF	TRBV2	TRBJ2-1	1
CASSEAGHWELFF	TRBV2	TRBJ2-2	1
CASSEAGIGNTEAFF	TRBV2	TRBJ1-1	1
CASSEAGIGTDTQYF	TRBV2	TRBJ2-3	1
CASSEAGNTEAFF	TRBV6-1	TRBJ1-1	1
CASSEAGPRDGYTF	TRBV2	TRBJ1-2	1
CASSEAGQPLYGYTF	TRBV2	TRBJ1-2	1
CASSEAGRYNQPQHF	TRBV2	TRBJ1-5	1
CASSEAGTADEQFF	TRBV6-5	TRBJ2-1	1
CASSEAGVSTETQYF	TRBV9	TRBJ2-5	1
CASSEAGYNEQFF	TRBV7-3	TRBJ2-1	1
CASSEAGYSITNQPQHF	TRBV6-1	TRBJ1-5	1
CASSEALFQLWQFF	TRBV2	TRBJ2-1	1
CASSEALGPKRTGELFF	TRBV2	TRBJ2-2	1
CASSEALLAGTGELFF	TRBV21-1	TRBJ2-2	1
CASSEALLREIVTDTQYF	TRBV6-1	TRBJ2-3	1
CASSEALLVWRNEKLFF	TRBV6-1	TRBJ1-4	1
CASSEALNEQYF	TRBV2	TRBJ2-7	1
CASSEALPGAPRGYEQYF	TRBV2	TRBJ2-7	1
CASSEANGREQFF	TRBV2	TRBJ2-1	1
CASSEANLVDTQYF	TRBV27	TRBJ2-3	1
CASSEAPDGNQPQHF	TRBV6-1	TRBJ1-5	1
CASSEAPFLHYAGEYWYNEQFF	TRBV2	TRBJ2-1	1
CASSEAPGDSLQAFF	TRBV6-1	TRBJ1-1	1
CASSEAPGESNSPLHF	TRBV6-1	TRBJ1-6	1
CASSEAPGGLNTEAFF	TRBV2	TRBJ1-1	1
CASSEAPGQSYEQYF	TRBV6-1	TRBJ2-7	1
CASSEAPGRRTGELFF	TRBV6-1	TRBJ2-2	1
CASSEAPQSSYEQYF	TRBV6-1	TRBJ2-7	1
CASSEAPSSYEQYF	TRBV6-1	TRBJ2-7	1
CASSEAPTGWEQYF	TRBV2	TRBJ2-7	1
CASSEAPWTGQETQYF	TRBV6-1	TRBJ2-5	1
CASSEAQGATDTQYF	TRBV7-9	TRBJ2-3	1
CASSEAQGEVETQYF	TRBV6-1	TRBJ2-5	1
CASSEARGGADTQYF	TRBV6-1	TRBJ2-3	1
CASSEARGRNSPLHF	TRBV6-1	TRBJ1-6	1
CASSEARLAGAYEQYF	TRBV6-1	TRBJ2-7	1
CASSEARLAGVRGQFF	TRBV6-1	TRBJ2-1	1
CASSEARSYF	TRBV2	TRBJ2-7	1
CASSEARWKGPSGTQYF	TRBV2	TRBJ2-5	1
CASSEASAGQFF	TRBV6-1	TRBJ2-1	1
CASSEASGGANIQYF	TRBV6-6	TRBJ2-4	1
CASSEASGGDWNEQFF	TRBV7-3	TRBJ2-1	1
CASSEASGGFYNEQFF	TRBV2	TRBJ2-1	2
CASSEASGNYNEQFF	TRBV6-1	TRBJ2-1	1
CASSEASGYGYTF	TRBV6-1	TRBJ1-2	1
CASSEASNAYEQYF	TRBV2	TRBJ2-7	1
CASSEASQPEAGDTQYF	TRBV2	TRBJ2-3	1
CASSEASWMTSGEQETQYF	TRBV2	TRBJ2-5	1
CASSEATSDYQETQYF	TRBV6-1	TRBJ2-5	1
CASSEATSSQETQYF	TRBV2	TRBJ2-5	1
CASSEAVDRGNEQFF	TRBV6-1	TRBJ2-1	1
CASSEAVGDVPQTQYF	TRBV6-1	TRBJ2-5	1
CASSEAVGTGENTEAFF	TRBV6-1	TRBJ1-1	1
CASSEAVLAGGPGDF	TRBV2	TRBJ2-5	1
CASSEAVPGQNTGELFF	TRBV6-1	TRBJ2-2	1
CASSEDAFGDQPQHF	TRBV6-1	TRBJ1-5	1
CASSEDDSSGNTIYF	TRBV2	TRBJ1-3	1
CASSEDFSGNTIYF	TRBV2	TRBJ1-3	1
CASSEDGNQPQHF	TRBV9	TRBJ1-5	1
CASSEDGRGISYEQYF	TRBV6-1	TRBJ2-7	1
CASSEDGSLYEQYF	TRBV9	TRBJ2-7	1
CASSEDLYTGELFF	TRBV10-1	TRBJ2-2	1
CASSEDPAGNEQFF	TRBV25-1	TRBJ2-1	1
CASSEDPGGAYGELFF	TRBV6-4	TRBJ2-2	1
CASSEDPGRINYGYTF	TRBV6-1	TRBJ1-2	1
CASSEDPGSWGAEGYTF	TRBV2	TRBJ1-2	1
CASSEDPVPRSSYNEQFF	TRBV4-3	TRBJ2-1	1
CASSEDPWGSYNEQFF	TRBV2	TRBJ2-1	1
CASSEDQEVDTQYF	TRBV5-4	TRBJ2-3	1
CASSEDREQGAFF	TRBV6-1	TRBJ1-1	1
CASSEDRGETQYF	TRBV9	TRBJ2-5	1
CASSEDRGHYEQYF	TRBV2	TRBJ2-7	1
CASSEDRGNTEAFF	TRBV12-4	TRBJ1-1	1
CASSEDRREREKLFF	TRBV4-1	TRBJ1-4	3
CASSEDRVENIQYF	TRBV28	TRBJ2-4	1
CASSEDRVSYSPLHF	TRBV5-1	TRBJ1-6	1
CASSEDSFRSYEQYF	TRBV6-1	TRBJ2-7	1
CASSEDSGRYEQYF	TRBV13	TRBJ2-7	1
CASSEDTGAQETQYF	TRBV2	TRBJ2-5	1
CASSEDVAGGLHADTQYF	TRBV6-1	TRBJ2-3	1
CASSEDWLSNTEAFF	TRBV5-4	TRBJ1-1	1
CASSEEDSSYEQYF	TRBV2	TRBJ2-7	1
CASSEEGAGWSYNEQFF	TRBV6-4	TRBJ2-1	1
CASSEEGGRGADTQYF	TRBV6-1	TRBJ2-3	1
CASSEEGGRGQQFF	TRBV6-1	TRBJ2-1	1
CASSEEGGTQETQYF	TRBV6-1	TRBJ2-5	1
CASSEEGIGYGYTF	TRBV6-1	TRBJ1-2	1
CASSEEGINQPQHF	TRBV6-1	TRBJ1-5	1
CASSEEGLEEADTQYF	TRBV6-1	TRBJ2-3	1
CASSEEGPPWEQYF	TRBV7-2	TRBJ2-7	1
CASSEEGPYEQYF	TRBV25-1	TRBJ2-7	1
CASSEEGRGETQYF	TRBV2	TRBJ2-5	1
CASSEEGSSGNTIYF	TRBV6-1	TRBJ1-3	1
CASSEEIGDFPGELFF	TRBV6-1	TRBJ2-2	1
CASSEELAGGNEQYF	TRBV6-1	TRBJ2-7	1
CASSEELASADTQYF	TRBV2	TRBJ2-3	1
CASSEELKVVEQYF	TRBV6-3	TRBJ2-7	1
CASSEELPGGELFF	TRBV10-1	TRBJ2-2	1
CASSEELVWTGQETQYF	TRBV6-1	TRBJ2-5	1
CASSEEMSGRNEQFF	TRBV6-1	TRBJ2-1	1
CASSEEPGLFQFF	TRBV6-1	TRBJ2-1	1
CASSEEPGTGAHEQYF	TRBV6-1	TRBJ2-7	1
CASSEEPRRNTGELFF	TRBV25-1	TRBJ2-2	1
CASSEEPTGGLGYTF	TRBV6-1	TRBJ1-2	1
CASSEETGSGSDTQYF	TRBV6-1	TRBJ2-3	1
CASSEEVLWCREQFF	TRBV7-2	TRBJ2-1	1
CASSEEVSGEKLFF	TRBV9	TRBJ1-4	1
CASSEEVTEAFF	TRBV7-2	TRBJ1-1	1
CASSEEWGTGQFF	TRBV10-1	TRBJ2-1	1
CASSEFAGGYEQYF	TRBV2	TRBJ2-7	1
CASSEFANTEAFF	TRBV10-1	TRBJ1-1	1
CASSEFASGQGIEAFF	TRBV6-1	TRBJ1-1	1
CASSEFDGSTDTQYF	TRBV6-1	TRBJ2-3	1
CASSEFEGWVSGANVLTF	TRBV6-1	TRBJ2-6	1
CASSEFFALGSVTEAFF	TRBV25-1	TRBJ1-1	1
CASSEFGAGVPEAFF	TRBV6-1	TRBJ1-1	1
CASSEFGENTDTQYF	TRBV10-1	TRBJ2-3	1
CASSEFGGANVLTF	TRBV25-1	TRBJ2-6	1
CASSEFGGPHEQFF	TRBV6-4	TRBJ2-1	1
CASSEFGGSNQPQHF	TRBV6-1	TRBJ1-5	1
CASSEFGGVNTEAFF	TRBV25-1	TRBJ1-1	1
CASSEFGPYGYTF	TRBV25-1	TRBJ1-2	1
CASSEFGRNYGYTF	TRBV6-1	TRBJ1-2	2
CASSEFKGAGYGYTF	TRBV6-1	TRBJ1-2	1
CASSEFMTFNEQFF	TRBV10-2	TRBJ2-1	1
CASSEFNRKNQPQHF	TRBV6-1	TRBJ1-5	1
CASSEFPGVATEAFF	TRBV2	TRBJ1-1	1
CASSEFPIHTTGNTEAFF	TRBV2	TRBJ1-1	1
CASSEFPPALPGGYTF	TRBV6-4	TRBJ1-2	1
CASSEFRGGSYEQYF	TRBV25-1	TRBJ2-7	1
CASSEFRTENTEAFF	TRBV6-1	TRBJ1-1	1
CASSEFRTGHQPQHF	TRBV2	TRBJ1-5	1
CASSEFRVDTQYF	TRBV2	TRBJ2-3	1
CASSEFSGANVLTF	TRBV9	TRBJ2-6	1
CASSEFSVVGYTF	TRBV2	TRBJ1-2	1
CASSEFTADTQYF	TRBV25-1	TRBJ2-3	1
CASSEFTGENQETQYF	TRBV6-1	TRBJ2-5	1
CASSEFVGGNQPQHF	TRBV6-1	TRBJ1-5	1
CASSEFVRGTAYGYTF	TRBV6-1	TRBJ1-2	1
CASSEFWPDNYGYTF	TRBV25-1	TRBJ1-2	1
CASSEGAEAFF	TRBV10-2	TRBJ1-1	1
CASSEGAEAFF	TRBV27	TRBJ1-1	1
CASSEGATQYF	TRBV2	TRBJ2-5	1
CASSEGAYLKNTEAFF	TRBV6-1	TRBJ1-1	1
CASSEGDEQYF	TRBV6-1	TRBJ2-7	1
CASSEGDFGEAFF	TRBV6-1	TRBJ1-1	2
CASSEGDFQGARNQPQHF	TRBV6-1	TRBJ1-5	1
CASSEGDGRVTGELFF	TRBV6-1	TRBJ2-2	1
CASSEGDGTDTQYF	TRBV6-1	TRBJ2-3	2
CASSEGDNTGELFF	TRBV11-1	TRBJ2-2	1
CASSEGDRVGQPQHF	TRBV9	TRBJ1-5	1
CASSEGDRVTEAFF	TRBV9	TRBJ1-1	109
CASSEGDSNYEQYF	TRBV9	TRBJ2-7	1
CASSEGDTDTQYF	TRBV6-4	TRBJ2-3	1
CASSEGDTQYF	TRBV2	TRBJ2-3	1
CASSEGEAGMNTGELFF	TRBV9	TRBJ2-2	1
CASSEGEIRGLAGELFF	TRBV2	TRBJ2-2	1
CASSEGFGGEEKLFF	TRBV2	TRBJ1-4	1
CASSEGFLVADTQYF	TRBV10-2	TRBJ2-3	1
CASSEGGAPYEQYF	TRBV2	TRBJ2-7	1
CASSEGGARNQPQHF	TRBV10-2	TRBJ1-5	1
CASSEGGASNNGELFF	TRBV2	TRBJ2-2	1
CASSEGGDNEQFF	TRBV25-1	TRBJ2-1	1
CASSEGGDPYEQYF	TRBV3-1	TRBJ2-7	1
CASSEGGDTQYF	TRBV4-1	TRBJ2-3	1
CASSEGGDYEQYF	TRBV9	TRBJ2-7	1
CASSEGGEQYF	TRBV6-6	TRBJ2-7	1
CASSEGGFGRELFF	TRBV9	TRBJ2-2	1
CASSEGGFHPLHF	TRBV6-1	TRBJ1-6	1
CASSEGGGALSTDTQYF	TRBV9	TRBJ2-3	1
CASSEGGGEAFF	TRBV10-2	TRBJ1-1	1
CASSEGGGGTEAFF	TRBV9	TRBJ1-1	1
CASSEGGGLPSYEQYF	TRBV6-1	TRBJ2-7	1
CASSEGGGRGAFF	TRBV7-6	TRBJ1-1	1
CASSEGGGSTDTQYF	TRBV25-1	TRBJ2-3	1
CASSEGGGSYNEQFF	TRBV25-1	TRBJ2-1	1
CASSEGGGYEQYF	TRBV6-1	TRBJ2-7	1
CASSEGGGYTF	TRBV7-9	TRBJ1-2	1
CASSEGGLAGATITDTQYF	TRBV6-1	TRBJ2-3	1
CASSEGGLANTEAFF	TRBV5-1	TRBJ1-1	1
CASSEGGLNVEKLFF	TRBV2	TRBJ1-4	1
CASSEGGLYEQYF	TRBV9	TRBJ2-7	1
CASSEGGNEQYF	TRBV10-2	TRBJ2-7	1
CASSEGGNTEAFF	TRBV7-9	TRBJ1-1	1
CASSEGGPNYGYTF	TRBV6-1	TRBJ1-2	1
CASSEGGQGAYEQYF	TRBV10-1	TRBJ2-7	1
CASSEGGQGDLWNSPLHF	TRBV2	TRBJ1-6	1
CASSEGGQGVGESPLHF	TRBV25-1	TRBJ1-6	1
CASSEGGRLEAFF	TRBV6-1	TRBJ1-1	1
CASSEGGRNQPQHF	TRBV9	TRBJ1-5	1
CASSEGGSGANVLTF	TRBV6-1	TRBJ2-6	1
CASSEGGVAEQYF	TRBV2	TRBJ2-7	1
CASSEGGVETQYF	TRBV13	TRBJ2-5	1
CASSEGGVGAGELFF	TRBV6-1	TRBJ2-2	1
CASSEGGYSSTDTQYF	TRBV6-1	TRBJ2-3	1
CASSEGHAGETQYF	TRBV6-1	TRBJ2-5	1
CASSEGIATNEKLFF	TRBV19	TRBJ1-4	1
CASSEGIYYNEQFF	TRBV6-1	TRBJ2-1	1
CASSEGKKNTEAFF	TRBV5-4	TRBJ1-1	1
CASSEGLADLSGQFF	TRBV3-1	TRBJ2-1	1
CASSEGLAETYEQYF	TRBV9	TRBJ2-7	1
CASSEGLAGGPYNEQFF	TRBV3-1	TRBJ2-1	1
CASSEGLAGGRSYEQYF	TRBV6-3	TRBJ2-7	1
CASSEGLAGVYTDTQYF	TRBV6-6	TRBJ2-3	1
CASSEGLALTFDTQYF	TRBV9	TRBJ2-3	1
CASSEGLAWGWGSETQYF	TRBV6-1	TRBJ2-5	1
CASSEGLDYNEQFF	TRBV27	TRBJ2-1	1
CASSEGLGRGDTQYF	TRBV9	TRBJ2-3	1
CASSEGLLAGYNEQFF	TRBV6-1	TRBJ2-1	1
CASSEGLQPQHF	TRBV6-3	TRBJ1-5	1
CASSEGLRTDTQYF	TRBV10-2	TRBJ2-3	1
CASSEGLYYTYEQYF	TRBV5-1	TRBJ2-7	1
CASSEGNEWQETQYF	TRBV6-1	TRBJ2-5	1
CASSEGNGYTF	TRBV9	TRBJ1-2	1
CASSEGPGGDGYTF	TRBV7-2	TRBJ1-2	1
CASSEGPGTGPYEQYF	TRBV2	TRBJ2-7	1
CASSEGPHEQFF	TRBV2	TRBJ2-1	1
CASSEGPLPETQYF	TRBV2	TRBJ2-5	1
CASSEGPLSGTYNEQFF	TRBV6-1	TRBJ2-1	1
CASSEGPNSYNEQFF	TRBV6-1	TRBJ2-1	1
CASSEGPQSSYEQYF	TRBV2	TRBJ2-7	1
CASSEGPSYEQYF	TRBV5-4	TRBJ2-7	1
CASSEGPTENTEAFF	TRBV6-1	TRBJ1-1	1
CASSEGPYDGYTF	TRBV12-4	TRBJ1-2	1
CASSEGQGADEQYF	TRBV5-1	TRBJ2-7	1
CASSEGQGASGANVLTF	TRBV28	TRBJ2-6	1
CASSEGQGATYEQYF	TRBV28	TRBJ2-7	1
CASSEGQGLSYGYTF	TRBV6-1	TRBJ1-2	1
CASSEGQGNTEAFF	TRBV9	TRBJ1-1	1
CASSEGQGNTGELFF	TRBV5-5	TRBJ2-2	1
CASSEGQGNYGYTF	TRBV9	TRBJ1-2	1
CASSEGQGSDEQYF	TRBV10-2	TRBJ2-7	1
CASSEGQGTSQPQHF	TRBV6-1	TRBJ1-5	1
CASSEGQGVGNQPQHF	TRBV6-1	TRBJ1-5	1
CASSEGQGVPYEQYF	TRBV7-6	TRBJ2-7	1
CASSEGQGVWPQHF	TRBV7-9	TRBJ1-5	1
CASSEGQGWTEAFF	TRBV6-1	TRBJ1-1	9
CASSEGQPLGETQYF	TRBV9	TRBJ2-5	1
CASSEGQSNSPLHF	TRBV12-4	TRBJ1-6	1
CASSEGQTGNTIYF	TRBV2	TRBJ1-3	1
CASSEGQVGYEQYF	TRBV12-4	TRBJ2-7	1
CASSEGRDFLRETQYF	TRBV19	TRBJ2-5	1
CASSEGRGIYEQYF	TRBV2	TRBJ2-7	1
CASSEGRGTRIGYTF	TRBV2	TRBJ1-2	1
CASSEGRLAGGGGETQYF	TRBV6-1	TRBJ2-5	1
CASSEGRQGGQPQHF	TRBV2	TRBJ1-5	1
CASSEGRRRTPQYF	TRBV12-4	TRBJ2-5	1
CASSEGRSNQPQHF	TRBV2	TRBJ1-5	1
CASSEGRTGGETQYF	TRBV25-1	TRBJ2-5	1
CASSEGRVYGYTF	TRBV12-4	TRBJ1-2	1
CASSEGSGGSYNEQFF	TRBV6-1	TRBJ2-1	1
CASSEGSGGYEQYF	TRBV6-1	TRBJ2-7	1
CASSEGSGNSPLHF	TRBV27	TRBJ1-6	1
CASSEGSGPAYEQYF	TRBV10-1	TRBJ2-7	1
CASSEGSGSSYNEQFF	TRBV6-1	TRBJ2-1	1
CASSEGSGSTDTQYF	TRBV6-4	TRBJ2-3	2
CASSEGSSYEQYF	TRBV2	TRBJ2-7	1
CASSEGTALSTDTQYF	TRBV2	TRBJ2-3	1
CASSEGTATEAFF	TRBV10-1	TRBJ1-1	1
CASSEGTDPQETQYF	TRBV6-1	TRBJ2-5	4
CASSEGTDTPMNTEAFF	TRBV5-1	TRBJ1-1	1
CASSEGTEAFF	TRBV6-1	TRBJ1-1	1
CASSEGTGGPDAYGYTF	TRBV5-1	TRBJ1-2	1
CASSEGTGGSPLHF	TRBV6-1	TRBJ1-6	1
CASSEGTGISPGNTIYF	TRBV9	TRBJ1-3	1
CASSEGTGLKMNTEAFF	TRBV5-1	TRBJ1-1	1
CASSEGTGMNTEAFF	TRBV10-1	TRBJ1-1	1
CASSEGTGVSYEQYF	TRBV9	TRBJ2-7	1
CASSEGTGYNEQFF	TRBV9	TRBJ2-1	1
CASSEGTSFYGYTF	TRBV2	TRBJ1-2	1
CASSEGTSGADTQYF	TRBV2	TRBJ2-3	1
CASSEGTSGAYEQYF	TRBV2	TRBJ2-7	1
CASSEGTSGEDGNEQFF	TRBV10-1	TRBJ2-1	1
CASSEGTSVVPDTQYF	TRBV9	TRBJ2-3	1
CASSEGTTLQETQYF	TRBV9	TRBJ2-5	1
CASSEGTTSTDTQYF	TRBV2	TRBJ2-3	1
CASSEGTVNEKLFF	TRBV10-1	TRBJ1-4	1
CASSEGTVTEAFF	TRBV6-1	TRBJ1-1	2
CASSEGTYNEQFF	TRBV6-3	TRBJ2-1	1
CASSEGVEQYF	TRBV10-2	TRBJ2-7	1
CASSEGVFAKNIQYF	TRBV6-1	TRBJ2-4	1
CASSEGVGLQGWNTEAFF	TRBV2	TRBJ1-1	1
CASSEGVGSKDEAFF	TRBV6-1	TRBJ1-1	2
CASSEGVPNQPQHF	TRBV6-1	TRBJ1-5	1
CASSEGVPSTDTQYF	TRBV6-5	TRBJ2-3	1
CASSEGVRVQQYF	TRBV13	TRBJ2-7	1
CASSEGWDRGLSTYEQYF	TRBV25-1	TRBJ2-7	1
CASSEGWDSPGLSPEEQYF	TRBV25-1	TRBJ2-7	1
CASSEGWEGPYNEQFF	TRBV6-1	TRBJ2-1	1
CASSEGWGMYGYTF	TRBV25-1	TRBJ1-2	1
CASSEGWGRGYTF	TRBV7-9	TRBJ1-2	1
CASSEGWGSGANVLTF	TRBV2	TRBJ2-6	1
CASSEGWGYTF	TRBV2	TRBJ1-2	1
CASSEGWHSYEQYF	TRBV6-1	TRBJ2-7	1
CASSEGWNTEAFF	TRBV2	TRBJ1-1	1
CASSEGWQGANTQYF	TRBV2	TRBJ2-3	1
CASSEGYLLFF	TRBV2	TRBJ2-2	1
CASSEGYNAYEQYF	TRBV6-1	TRBJ2-7	1
CASSEHKDNEQFF	TRBV2	TRBJ2-1	1
CASSEHRGNSNQPQHF	TRBV6-1	TRBJ1-5	1
CASSEHSSWGANVLTF	TRBV6-1	TRBJ2-6	1
CASSEIAGVRGADTQYF	TRBV7-6	TRBJ2-3	1
CASSEIAVQETQYF	TRBV25-1	TRBJ2-5	1
CASSEIGQGGTDTQYF	TRBV2	TRBJ2-3	1
CASSEIHEGYGYTF	TRBV6-1	TRBJ1-2	1
CASSEIHQPNSYEQYF	TRBV6-1	TRBJ2-7	1
CASSEISGVTDTQYF	TRBV10-2	TRBJ2-3	1
CASSEISLSNQPQHF	TRBV2	TRBJ1-5	1
CASSEISPGEKLFF	TRBV2	TRBJ1-4	1
CASSEITETYEQYF	TRBV6-1	TRBJ2-7	1
CASSEIWSYPREQYF	TRBV10-2	TRBJ2-7	1
CASSEKDIDGYTF	TRBV6-1	TRBJ1-2	1
CASSEKGDYEQYF	TRBV27	TRBJ2-7	1
CASSEKGGRETQYF	TRBV2	TRBJ2-5	1
CASSEKGQGNTEAFF	TRBV9	TRBJ1-1	1
CASSEKGWGMQYF	TRBV25-1	TRBJ2-3	1
CASSEKLPPGREQYF	TRBV2	TRBJ2-7	1
CASSEKNREAEAFF	TRBV5-6	TRBJ1-1	1
CASSEKQGWDEQYF	TRBV25-1	TRBJ2-7	1
CASSEKRDTSSYNSPLHF	TRBV6-1	TRBJ1-6	1
CASSEKRGTGELFF	TRBV10-2	TRBJ2-2	1
CASSEKRQGEGYTF	TRBV2	TRBJ1-2	1
CASSEKTGTSGDEQYF	TRBV5-6	TRBJ2-7	1
CASSEKWDEQFF	TRBV25-1	TRBJ2-1	1
CASSELAGAQDTQYF	TRBV6-1	TRBJ2-3	2
CASSELAGASTGELFF	TRBV2	TRBJ2-2	1
CASSELAGATQETQYF	TRBV9	TRBJ2-5	1
CASSELAGEAGELFF	TRBV6-1	TRBJ2-2	5
CASSELAGGFDEQFF	TRBV6-1	TRBJ2-1	1
CASSELAGGIIEQYF	TRBV25-1	TRBJ2-7	1
CASSELAGGLETQYF	TRBV25-1	TRBJ2-5	1
CASSELAGGLVAYEQYF	TRBV10-2	TRBJ2-7	1
CASSELAGSGNTIYF	TRBV25-1	TRBJ1-3	1
CASSELAGTIYEQYF	TRBV6-1	TRBJ2-7	1
CASSELAGVTGELFF	TRBV6-1	TRBJ2-2	1
CASSELAYEQYF	TRBV6-1	TRBJ2-7	1
CASSELEQGNQETQYF	TRBV6-3	TRBJ2-5	1
CASSELGDGYTF	TRBV10-2	TRBJ1-2	1
CASSELGDRAAEAFF	TRBV25-1	TRBJ1-1	1
CASSELGDTQYF	TRBV2	TRBJ2-3	1
CASSELGGAGTEAFF	TRBV6-1	TRBJ1-1	1
CASSELGGGETQYF	TRBV25-1	TRBJ2-5	1
CASSELGGGTEAFF	TRBV2	TRBJ1-1	1
CASSELGGIDYTF	TRBV25-1	TRBJ1-2	1
CASSELGGNNQPQHF	TRBV6-1	TRBJ1-5	1
CASSELGRGLYEQYF	TRBV6-1	TRBJ2-7	1
CASSELGWEKLFF	TRBV2	TRBJ1-4	1
CASSELLADTDTQYF	TRBV6-1	TRBJ2-3	1
CASSELLAGMNTGELFF	TRBV25-1	TRBJ2-2	2
CASSELLGGNTEAFF	TRBV25-1	TRBJ1-1	1
CASSELLSHGGTEAFF	TRBV25-1	TRBJ1-1	1
CASSELNGMDTQYF	TRBV25-1	TRBJ2-3	1
CASSELPFNSPLHF	TRBV6-1	TRBJ1-6	1
CASSELQGGTGAFF	TRBV25-1	TRBJ1-1	1
CASSELQQYF	TRBV2	TRBJ2-3	1
CASSELRTVSSGANVLTF	TRBV2	TRBJ2-6	1
CASSELSGINTEAFF	TRBV6-1	TRBJ1-1	1
CASSELSNEQFF	TRBV28	TRBJ2-1	1
CASSELTGEDYGYTF	TRBV25-1	TRBJ1-2	1
CASSELTSSYEQYF	TRBV6-1	TRBJ2-7	1
CASSELVEDEQYF	TRBV9	TRBJ2-7	1
CASSELVGSGFHEQYF	TRBV6-1	TRBJ2-7	1
CASSELWGDEQYF	TRBV6-3	TRBJ2-7	1
CASSELYRDRGPYEQYF	TRBV7-3	TRBJ2-7	1
CASSELYTGELFF	TRBV12-4	TRBJ2-2	1
CASSEMAGPYGYTF	TRBV2	TRBJ1-2	1
CASSEMGGYSNQPQHF	TRBV2	TRBJ1-5	1
CASSEMGPGELFF	TRBV6-1	TRBJ2-2	1
CASSEMGQETYEQYF	TRBV9	TRBJ2-7	1
CASSEMGVGAFF	TRBV2	TRBJ1-1	1
CASSEMIGQALKPNYGYTF	TRBV2	TRBJ1-2	1
CASSEMRDRPSYEQYF	TRBV3-1	TRBJ2-7	1
CASSEMRSGGANGYTF	TRBV6-3	TRBJ1-2	1
CASSEMTGRAAETQYF	TRBV10-2	TRBJ2-5	1
CASSEMTGVDEQFF	TRBV2	TRBJ2-1	2
CASSENGLAGVGETQYF	TRBV2	TRBJ2-5	1
CASSENGNQPQHF	TRBV10-1	TRBJ1-5	1
CASSENPSTSSYNEQFF	TRBV6-3	TRBJ2-1	1
CASSENRDVTGELFF	TRBV6-4	TRBJ2-2	2
CASSENSQATNGELFF	TRBV6-1	TRBJ2-2	1
CASSENSYTNEKLFF	TRBV5-1	TRBJ1-4	1
CASSENTEAFF	TRBV5-4	TRBJ1-1	1
CASSEPDRKYNSPLHF	TRBV5-6	TRBJ1-6	1
CASSEPDSYSYEQYF	TRBV25-1	TRBJ2-7	1
CASSEPEGNYGYTF	TRBV6-1	TRBJ1-2	1
CASSEPEVLRGPPYEQYF	TRBV6-1	TRBJ2-7	1
CASSEPGADGREQYF	TRBV2	TRBJ2-7	1
CASSEPGAKAFF	TRBV10-1	TRBJ1-1	1
CASSEPGEETQYF	TRBV2	TRBJ2-5	1
CASSEPGEGSYNEQFF	TRBV9	TRBJ2-1	1
CASSEPGGNTQYF	TRBV4-2	TRBJ2-3	1
CASSEPGLADTQYF	TRBV7-9	TRBJ2-3	1
CASSEPGLNQPQHF	TRBV9	TRBJ1-5	1
CASSEPGQAEKLFF	TRBV6-1	TRBJ1-4	1
CASSEPGQETQYF	TRBV10-2	TRBJ2-5	1
CASSEPGQGAPGYTF	TRBV19	TRBJ1-2	1
CASSEPGSGDNEQFF	TRBV10-1	TRBJ2-1	1
CASSEPGSSYNEQFF	TRBV2	TRBJ2-1	1
CASSEPGTGLDTQYF	TRBV25-1	TRBJ2-3	1
CASSEPGTSFYNEQFF	TRBV28	TRBJ2-1	1
CASSEPILADSHSYNEQFF	TRBV7-2	TRBJ2-1	1
CASSEPIRIETQYF	TRBV10-2	TRBJ2-5	1
CASSEPLGGDYGYTF	TRBV2	TRBJ1-2	1
CASSEPLSLYEQYF	TRBV6-1	TRBJ2-7	1
CASSEPPGLAGGGASETQYF	TRBV25-1	TRBJ2-5	1
CASSEPPGLTGGIQYF	TRBV6-1	TRBJ2-4	1
CASSEPPGRIDTQYF	TRBV2	TRBJ2-3	1
CASSEPPGTSGLIEQFF	TRBV6-1	TRBJ2-1	1
CASSEPPQGRNTEAFF	TRBV2	TRBJ1-1	2
CASSEPPSGAVNNEQFF	TRBV2	TRBJ2-1	1
CASSEPPSGGSYEQYF	TRBV6-1	TRBJ2-7	1
CASSEPRDLDTQYF	TRBV27	TRBJ2-3	1
CASSEPRSLAGGTYEQYF	TRBV2	TRBJ2-7	1
CASSEPRSSGNTIYF	TRBV25-1	TRBJ1-3	1
CASSEPSGGSTDTQYF	TRBV6-5	TRBJ2-3	1
CASSEPSGTNTGELFF	TRBV10-1	TRBJ2-2	1
CASSEPSTGDTQYF	TRBV6-1	TRBJ2-3	1
CASSEPSVWEEQFF	TRBV25-1	TRBJ2-1	1
CASSEPTGLDTEAFF	TRBV25-1	TRBJ1-1	1
CASSEQAQGNTEAFF	TRBV9	TRBJ1-1	2
CASSEQGAGKETQYF	TRBV9	TRBJ2-5	1
CASSEQGEANEKLFF	TRBV9	TRBJ1-4	1
CASSEQGGDRNTEAFF	TRBV7-8	TRBJ1-1	1
CASSEQGGFYGYTF	TRBV9	TRBJ1-2	1
CASSEQGHEQFF	TRBV9	TRBJ2-1	1
CASSEQGNYGYTF	TRBV14	TRBJ1-2	1
CASSEQGPSYEQYF	TRBV5-6	TRBJ2-7	1
CASSEQGTGTGELFF	TRBV9	TRBJ2-2	1
CASSEQGYEQYF	TRBV6-5	TRBJ2-7	1
CASSEQGYEQYF	TRBV7-2	TRBJ2-7	12
CASSEQGYGYTF	TRBV12-4	TRBJ1-2	1
CASSEQLAAPGQGVFADTQYF	TRBV19	TRBJ2-3	1
CASSEQSFRDRDQKLFF	TRBV25-1	TRBJ1-4	1
CASSERAGGPTNEKLFF	TRBV6-1	TRBJ1-4	1
CASSERALGRGPLRTEAFF	TRBV2	TRBJ1-1	1
CASSERATNEKLFF	TRBV6-3	TRBJ1-4	1
CASSERAWTFSNQPQHF	TRBV28	TRBJ1-5	1
CASSERDNEQFF	TRBV25-1	TRBJ2-1	1
CASSERDPYEQYF	TRBV10-2	TRBJ2-7	1
CASSERDRGYEQYF	TRBV27	TRBJ2-7	1
CASSERGDGTDTQYF	TRBV2	TRBJ2-3	1
CASSERGGLASNEQFF	TRBV2	TRBJ2-1	2
CASSERGGSYEQYF	TRBV6-1	TRBJ2-7	1
CASSERGGTVNEQFF	TRBV5-1	TRBJ2-1	1
CASSERGGTYNEQFF	TRBV6-1	TRBJ2-1	1
CASSERGKSTDTQYF	TRBV2	TRBJ2-3	2
CASSERGNSGANVLTF	TRBV4-1	TRBJ2-6	1
CASSERGQKYEQYF	TRBV6-1	TRBJ2-7	1
CASSERKGGGTDTQYF	TRBV2	TRBJ2-3	1
CASSERLAGPETYEQYF	TRBV6-1	TRBJ2-7	1
CASSERLAGPYEQYF	TRBV6-1	TRBJ2-7	1
CASSERLSRQGPGYTF	TRBV6-1	TRBJ1-2	1
CASSERPLYTGELFF	TRBV14	TRBJ2-2	1
CASSERQATNQPQHF	TRBV6-1	TRBJ1-5	1
CASSERQELGNQPQHF	TRBV19	TRBJ1-5	1
CASSERQGGFSEAFF	TRBV11-2	TRBJ1-1	1
CASSERQGPNTEAFF	TRBV13	TRBJ1-1	1
CASSERQGPSSEAFF	TRBV7-8	TRBJ1-1	1
CASSERQGPTGELFF	TRBV7-9	TRBJ2-2	1
CASSERQGSPEAFF	TRBV9	TRBJ1-1	1
CASSERRGKDTQYF	TRBV3-1	TRBJ2-3	1
CASSERRLSANTGELFF	TRBV6-1	TRBJ2-2	1
CASSERSFYGYTF	TRBV2	TRBJ1-2	1
CASSERSGGGNEQFF	TRBV9	TRBJ2-1	1
CASSERTAYQPQHF	TRBV27	TRBJ1-5	1
CASSERTGGGYEQYF	TRBV9	TRBJ2-7	1
CASSERTGGIFAEAFF	TRBV6-1	TRBJ1-1	1
CASSERTGGLGDTQYF	TRBV9	TRBJ2-3	1
CASSERTGTGGDQYF	TRBV6-1	TRBJ2-5	1
CASSERTGYDEQFF	TRBV5-6	TRBJ2-1	1
CASSERTTGTPSTDTQYF	TRBV9	TRBJ2-3	1
CASSERTVEAFF	TRBV2	TRBJ1-1	1
CASSERVESPLHF	TRBV10-1	TRBJ1-6	1
CASSERVGDQETQYF	TRBV9	TRBJ2-5	1
CASSERVRTASTDTQYF	TRBV2	TRBJ2-3	1
CASSERVSGNDEQFF	TRBV2	TRBJ2-1	1
CASSERWGQGWLETQYF	TRBV6-4	TRBJ2-5	1
CASSERYEETQYF	TRBV10-2	TRBJ2-5	1
CASSERYSGTYNEQFF	TRBV2	TRBJ2-1	1
CASSESADNSPLHF	TRBV2	TRBJ1-6	1
CASSESAEQFF	TRBV6-3	TRBJ2-1	1
CASSESANYGYTF	TRBV7-8	TRBJ1-2	1
CASSESDGQETQYF	TRBV10-1	TRBJ2-5	1
CASSESDRGDEKLFF	TRBV10-2	TRBJ1-4	1
CASSESEGPYTEAFF	TRBV6-1	TRBJ1-1	1
CASSESETQYF	TRBV10-2	TRBJ2-5	1
CASSESGAAEQYF	TRBV2	TRBJ2-7	1
CASSESGATQYF	TRBV9	TRBJ2-5	1
CASSESGDSYNEQFF	TRBV10-1	TRBJ2-1	1
CASSESGGAETQYF	TRBV6-4	TRBJ2-5	1
CASSESGGDEQYF	TRBV10-2	TRBJ2-7	2
CASSESGGGSADTQYF	TRBV6-1	TRBJ2-3	1
CASSESGGRYEQFF	TRBV6-3	TRBJ2-1	1
CASSESGGRYEQYF	TRBV2	TRBJ2-7	1
CASSESGGTYEQYF	TRBV6-1	TRBJ2-7	1
CASSESGPDTQYF	TRBV25-1	TRBJ2-3	1
CASSESGRFAGNTIYF	TRBV6-4	TRBJ1-3	1
CASSESGSYEQYF	TRBV28	TRBJ2-7	1
CASSESGTLSYEQYF	TRBV3-1	TRBJ2-7	1
CASSESGTSGNEQFF	TRBV10-1	TRBJ2-1	1
CASSESGVGNEKLFF	TRBV2	TRBJ1-4	1
CASSESGVVYNEQFF	TRBV2	TRBJ2-1	1
CASSESIGQETQYF	TRBV10-1	TRBJ2-5	1
CASSESIHEQYF	TRBV10-2	TRBJ2-7	1
CASSESISYEQYF	TRBV10-3	TRBJ2-7	123
CASSESIWTVMNTEAFF	TRBV10-2	TRBJ1-1	1
CASSESKAFLWAAYGYTF	TRBV6-1	TRBJ1-2	1
CASSESKGYTF	TRBV25-1	TRBJ1-2	1
CASSESLAGGYEQYF	TRBV25-1	TRBJ2-7	1
CASSESLAGPYKRQETQYF	TRBV10-1	TRBJ2-5	1
CASSESLRQAHQPQHF	TRBV6-1	TRBJ1-5	1
CASSESLTEAFF	TRBV10-2	TRBJ1-1	1
CASSESNEQYF	TRBV2	TRBJ2-7	1
CASSESNSPLHF	TRBV10-2	TRBJ1-6	1
CASSESPRAAGIYNEQFF	TRBV6-1	TRBJ2-1	1
CASSESPVNQPQHF	TRBV25-1	TRBJ1-5	3
CASSESQEGAFF	TRBV6-1	TRBJ1-1	1
CASSESQSNAISGYTF	TRBV2	TRBJ1-2	1
CASSESRAQDSPLHF	TRBV10-2	TRBJ1-6	1
CASSESRDRDYEQYF	TRBV2	TRBJ2-7	1
CASSESRDTITDTQYF	TRBV10-2	TRBJ2-3	1
CASSESREAKYEQYF	TRBV10-1	TRBJ2-7	1
CASSESRGPSYEQYF	TRBV10-1	TRBJ2-7	1
CASSESRGQETQYF	TRBV6-1	TRBJ2-5	1
CASSESRGRSYNEQFF	TRBV6-1	TRBJ2-1	1
CASSESRQETQYF	TRBV10-1	TRBJ2-5	1
CASSESRQGYGYTF	TRBV10-1	TRBJ1-2	1
CASSESRVGTDTQYF	TRBV10-1	TRBJ2-3	1
CASSESSGPGELFF	TRBV6-3	TRBJ2-2	1
CASSESSLASGYTF	TRBV10-2	TRBJ1-2	1
CASSESSQNTEAFF	TRBV10-2	TRBJ1-1	1
CASSESSQPQHF	TRBV2	TRBJ1-5	1
CASSESSRGPQETQYF	TRBV6-1	TRBJ2-5	2
CASSESSYEQYF	TRBV10-1	TRBJ2-7	1
CASSESTGGIISNQPQHF	TRBV6-1	TRBJ1-5	1
CASSESTGGPNEQFF	TRBV10-1	TRBJ2-1	1
CASSESTGSTEAFF	TRBV25-1	TRBJ1-1	1
CASSESTLSLTEAFF	TRBV2	TRBJ1-1	1
CASSESTLYTEAFF	TRBV25-1	TRBJ1-1	1
CASSESTRSGSYTGELFF	TRBV10-1	TRBJ2-2	1
CASSESVAANYEQYF	TRBV10-1	TRBJ2-7	1
CASSESVGTSDYNEQFF	TRBV10-2	TRBJ2-1	1
CASSESVLGLNTEAFF	TRBV2	TRBJ1-1	1
CASSESWGGSYEQYF	TRBV2	TRBJ2-7	1
CASSESWTGHYGYTF	TRBV6-1	TRBJ1-2	1
CASSESYEQYF	TRBV12-3	TRBJ2-7	1
CASSETANSYNEQFF	TRBV6-1	TRBJ2-1	1
CASSETGASYEQYF	TRBV6-1	TRBJ2-7	1
CASSETGDLFVSYNEQFF	TRBV9	TRBJ2-1	1
CASSETGEGYTF	TRBV28	TRBJ1-2	1
CASSETGFQPQHF	TRBV25-1	TRBJ1-5	1
CASSETGGGGGYTF	TRBV27	TRBJ1-2	1
CASSETGGQPQHF	TRBV6-1	TRBJ1-5	1
CASSETGGRGYNEQFF	TRBV27	TRBJ2-1	1
CASSETGGSSGNTIYF	TRBV12-4	TRBJ1-3	1
CASSETGLAGSDEQFF	TRBV7-6	TRBJ2-1	1
CASSETGLEAFF	TRBV18	TRBJ1-1	1
CASSETGLRRDTQYF	TRBV6-1	TRBJ2-3	1
CASSETGLTYEQYF	TRBV6-1	TRBJ2-7	1
CASSETGPNYNSPLHF	TRBV5-1	TRBJ1-6	1
CASSETGSNQPQHF	TRBV9	TRBJ1-5	1
CASSETGSTDTQYF	TRBV6-1	TRBJ2-3	1
CASSETGTDQPQHF	TRBV9	TRBJ1-5	1
CASSETGTGLFSGNTIYF	TRBV6-1	TRBJ1-3	1
CASSETGTGPHEQYF	TRBV2	TRBJ2-7	1
CASSETGTSGGGNTDTQYF	TRBV6-4	TRBJ2-3	1
CASSETGTVYMNTEAFF	TRBV3-1	TRBJ1-1	1
CASSETGTYEQYF	TRBV10-2	TRBJ2-7	1
CASSETGVAKNIQYF	TRBV13	TRBJ2-4	1
CASSETGVAYNEQFF	TRBV9	TRBJ2-1	1
CASSETGVGYEQYF	TRBV6-1	TRBJ2-7	1
CASSETGYNEQFF	TRBV10-2	TRBJ2-1	1
CASSETGYNQPQHF	TRBV2	TRBJ1-5	3
CASSETHRGEQYF	TRBV5-4	TRBJ2-7	1
CASSETIAENTEAFF	TRBV6-1	TRBJ1-1	1
CASSETINTGELFF	TRBV11-3	TRBJ2-2	1
CASSETLAGWTDTQYF	TRBV2	TRBJ2-3	1
CASSETLGGPTEAFF	TRBV9	TRBJ1-1	1
CASSETLGLAYEQYF	TRBV13	TRBJ2-7	1
CASSETPLGGNTEAFF	TRBV9	TRBJ1-1	1
CASSETPQPFQNGYTF	TRBV6-4	TRBJ1-2	2
CASSETPRTVNTGELFF	TRBV27	TRBJ2-2	1
CASSETPSGYNEQFF	TRBV2	TRBJ2-1	1
CASSETPVRNEQYF	TRBV6-1	TRBJ2-7	1
CASSETQAKRLLYGYTF	TRBV2	TRBJ1-2	1
CASSETQGDTEAFF	TRBV7-6	TRBJ1-1	1
CASSETSGGADTQYF	TRBV6-4	TRBJ2-3	1
CASSETSGGATAKNIQYF	TRBV9	TRBJ2-4	1
CASSETSGGAYNEQFF	TRBV9	TRBJ2-1	1
CASSETSGGQETQYF	TRBV6-1	TRBJ2-5	1
CASSETSGGTETQYF	TRBV6-4	TRBJ2-5	1
CASSETSLYEQYF	TRBV6-3	TRBJ2-7	1
CASSETSQGLLTGELFF	TRBV10-1	TRBJ2-2	1
CASSETSRNTEAFF	TRBV13	TRBJ1-1	1
CASSETVDNEQFF	TRBV19	TRBJ2-1	1
CASSETVIGTALEAFF	TRBV25-1	TRBJ1-1	1
CASSEVAGGQETQYF	TRBV2	TRBJ2-5	1
CASSEVEAGPYYEQYF	TRBV2	TRBJ2-7	1
CASSEVETYEQYF	TRBV6-1	TRBJ2-7	1
CASSEVFGSYEQYF	TRBV25-1	TRBJ2-7	1
CASSEVGAGNTIYF	TRBV25-1	TRBJ1-3	1
CASSEVGDSYNSPLHF	TRBV2	TRBJ1-6	1
CASSEVGERDDEQYF	TRBV25-1	TRBJ2-7	1
CASSEVGGAYGYTF	TRBV6-1	TRBJ1-2	1
CASSEVGGLGYTF	TRBV2	TRBJ1-2	3
CASSEVGHGREGYGYTF	TRBV2	TRBJ1-2	1
CASSEVGLSGELFF	TRBV2	TRBJ2-2	1
CASSEVGPGYEQYF	TRBV6-1	TRBJ2-7	1
CASSEVGQGLDTEAFF	TRBV2	TRBJ1-1	1
CASSEVGRKTQYF	TRBV13	TRBJ2-5	1
CASSEVGTGDSGNTIYF	TRBV6-1	TRBJ1-3	1
CASSEVGWYEQYF	TRBV7-6	TRBJ2-7	1
CASSEVGYNEQFF	TRBV2	TRBJ2-1	1
CASSEVLFGTDYGYTF	TRBV2	TRBJ1-2	1
CASSEVLGDTQYF	TRBV6-1	TRBJ2-3	1
CASSEVLTDTQYF	TRBV7-2	TRBJ2-3	1
CASSEVLWGTEAFF	TRBV10-1	TRBJ1-1	1
CASSEVPADTQYF	TRBV27	TRBJ2-3	1
CASSEVQPGQGDTGELFF	TRBV2	TRBJ2-2	1
CASSEVRDSFNQPQHF	TRBV2	TRBJ1-5	1
CASSEVRPSGRFYNEQFF	TRBV6-1	TRBJ2-1	1
CASSEVSRLAGVVDTQYF	TRBV2	TRBJ2-3	1
CASSEVSRRPDTQYF	TRBV2	TRBJ2-3	1
CASSEVSTEAFF	TRBV25-1	TRBJ1-1	1
CASSEVSTGTYGYTF	TRBV2	TRBJ1-2	1
CASSEVTGGNTGELFF	TRBV25-1	TRBJ2-2	1
CASSEVTGGNYGYTF	TRBV6-1	TRBJ1-2	1
CASSEVVSTTYEQYF	TRBV6-1	TRBJ2-7	1
CASSEVWDSSRTGYTF	TRBV6-3	TRBJ1-2	1
CASSEVWGPGGRQPQHF	TRBV6-1	TRBJ1-5	1
CASSEVWVADENYGYTF	TRBV25-1	TRBJ1-2	1
CASSEVYENSNGYTF	TRBV2	TRBJ1-2	7
CASSEVYWTVNYGYTF	TRBV6-1	TRBJ1-2	1
CASSEWAAQPQHF	TRBV6-1	TRBJ1-5	1
CASSEWAGELQETQYF	TRBV2	TRBJ2-5	1
CASSEWAPASPRETQYF	TRBV25-1	TRBJ2-5	1
CASSEWARRETQYF	TRBV19	TRBJ2-5	1
CASSEWASGANEQFF	TRBV9	TRBJ2-1	1
CASSEWASNNEQFF	TRBV25-1	TRBJ2-1	1
CASSEWFGRVHEQYF	TRBV25-1	TRBJ2-7	1
CASSEWGFGGNTEAFF	TRBV6-1	TRBJ1-1	1
CASSEWGGRAYNEQFF	TRBV25-1	TRBJ2-1	1
CASSEWGGSYEQYF	TRBV25-1	TRBJ2-7	1
CASSEWGQGRIDTQYF	TRBV6-1	TRBJ2-3	21
CASSEWGSGTEAFF	TRBV6-1	TRBJ1-1	3
CASSEWGSTEAFF	TRBV27	TRBJ1-1	1
CASSEWGTADTQYF	TRBV25-1	TRBJ2-3	1
CASSEWGTSGASYNEQFF	TRBV2	TRBJ2-1	1
CASSEWLEQYF	TRBV2	TRBJ2-7	1
CASSEWLSDQPQHF	TRBV25-1	TRBJ1-5	2
CASSEWNTESEAFF	TRBV9	TRBJ1-1	1
CASSEWQGKHETQYF	TRBV2	TRBJ2-5	1
CASSEWRENTGELFF	TRBV25-1	TRBJ2-2	1
CASSEWRERTKNIQYF	TRBV7-8	TRBJ2-4	1
CASSEWSREGTEAFF	TRBV6-1	TRBJ1-1	1
CASSEWTGGGYEQYF	TRBV6-1	TRBJ2-7	1
CASSEWTGSSEKLFF	TRBV6-1	TRBJ1-4	1
CASSEWTGSTDTQYF	TRBV2	TRBJ2-3	1
CASSEWTSFDTQYF	TRBV6-1	TRBJ2-3	1
CASSEWTVNTGELFF	TRBV2	TRBJ2-2	1
CASSEWVYGELFF	TRBV25-1	TRBJ2-2	1
CASSEWWDRPQHF	TRBV9	TRBJ1-5	1
CASSEWWGQGSEQYF	TRBV6-1	TRBJ2-7	1
CASSEWWREGLAYEQYF	TRBV6-1	TRBJ2-7	1
CASSEYAADTQYF	TRBV6-1	TRBJ2-3	1
CASSEYAATDTQYF	TRBV25-1	TRBJ2-3	1
CASSEYASYNEQFF	TRBV2	TRBJ2-1	1
CASSEYDQPQHF	TRBV10-2	TRBJ1-5	1
CASSEYDRSTDTQYF	TRBV12-3	TRBJ2-3	1
CASSEYDSGETQYF	TRBV25-1	TRBJ2-5	1
CASSEYEGVGTEAFF	TRBV4-1	TRBJ1-1	1
CASSEYEGVGYEQYF	TRBV6-1	TRBJ2-7	1
CASSEYFFQAEETQYF	TRBV25-1	TRBJ2-5	1
CASSEYFGGFGAFF	TRBV25-1	TRBJ1-1	1
CASSEYFGGTSAGNTIYF	TRBV25-1	TRBJ1-3	1
CASSEYFGQGYGTGELFF	TRBV25-1	TRBJ2-2	1
CASSEYFGSTDTQYF	TRBV25-1	TRBJ2-3	1
CASSEYFGVEGDTQYF	TRBV25-1	TRBJ2-3	1
CASSEYFPQGQWNEQYF	TRBV25-1	TRBJ2-7	1
CASSEYFSGDNTGELFF	TRBV25-1	TRBJ2-2	1
CASSEYFSQGANEQYF	TRBV25-1	TRBJ2-7	1
CASSEYFVMDSNGYTF	TRBV25-1	TRBJ1-2	1
CASSEYFYDGRVYGYTF	TRBV25-1	TRBJ1-2	1
CASSEYFYRELAGGNEQFF	TRBV25-1	TRBJ2-1	1
CASSEYGANEQFF	TRBV10-2	TRBJ2-1	1
CASSEYGDNSPLHF	TRBV25-1	TRBJ1-6	1
CASSEYGDYNSPLHF	TRBV25-1	TRBJ1-6	1
CASSEYGERPYEQYF	TRBV25-1	TRBJ2-7	1
CASSEYGGGVAGELFF	TRBV2	TRBJ2-2	1
CASSEYGLAGGGETQYF	TRBV25-1	TRBJ2-5	1
CASSEYGLGGRSYTF	TRBV25-1	TRBJ1-2	1
CASSEYGQGAGSYEQYF	TRBV4-2	TRBJ2-7	1
CASSEYGQGASVEKLFF	TRBV2	TRBJ1-4	1
CASSEYGRPPMNTEAFF	TRBV25-1	TRBJ1-1	1
CASSEYGSLQPQHF	TRBV25-1	TRBJ1-5	1
CASSEYHPGRLGETQYF	TRBV25-1	TRBJ2-5	1
CASSEYIGDSNYGYTF	TRBV25-1	TRBJ1-2	1
CASSEYLDTAAFF	TRBV25-1	TRBJ1-1	1
CASSEYLGHFGNSPLHF	TRBV19	TRBJ1-6	1
CASSEYLRDGSYEQYF	TRBV25-1	TRBJ2-7	1
CASSEYMRYLFTEYEQYF	TRBV2	TRBJ2-7	1
CASSEYNGGRNQPQHF	TRBV6-1	TRBJ1-5	1
CASSEYPGQGGQETQYF	TRBV25-1	TRBJ2-5	1
CASSEYPLQSRPMNTEAFF	TRBV2	TRBJ1-1	1
CASSEYPYTDTQYF	TRBV2	TRBJ2-3	1
CASSEYRGQPQHF	TRBV6-3	TRBJ1-5	1
CASSEYRTGADGYTF	TRBV10-2	TRBJ1-2	1
CASSEYSDSYEQYF	TRBV2	TRBJ2-7	1
CASSEYSEIYGYTF	TRBV25-1	TRBJ1-2	1
CASSEYSPGLTNYGYTF	TRBV19	TRBJ1-2	1
CASSEYSQVYGYTF	TRBV25-1	TRBJ1-2	1
CASSEYSTAAGYTF	TRBV25-1	TRBJ1-2	1
CASSEYTDTQYF	TRBV9	TRBJ2-3	1
CASSEYTGRVSTDTQYF	TRBV25-1	TRBJ2-3	1
CASSEYVGVGYEQYF	TRBV6-1	TRBJ2-7	1
CASSEYVGYGYTF	TRBV25-1	TRBJ1-2	1
CASSEYVTQGANFSGANVLTF	TRBV9	TRBJ2-6	1
CASSEYWARDRGRGETEAFF	TRBV25-1	TRBJ1-1	1
CASSFAAAANTGELFF	TRBV11-2	TRBJ2-2	1
CASSFAAEGADGYTF	TRBV27	TRBJ1-2	1
CASSFADNEQFF	TRBV5-6	TRBJ2-1	1
CASSFADTQYF	TRBV28	TRBJ2-3	1
CASSFAEDTQYF	TRBV13	TRBJ2-3	1
CASSFAFPPRTGAGYTF	TRBV27	TRBJ1-2	1
CASSFAGANTEAFF	TRBV27	TRBJ1-1	1
CASSFAGGGYEQYF	TRBV27	TRBJ2-7	1
CASSFAGLGNEQFF	TRBV19	TRBJ2-1	1
CASSFAGQGILYEQYF	TRBV27	TRBJ2-7	1
CASSFAGSYEQYF	TRBV27	TRBJ2-7	1
CASSFAGTQETQYF	TRBV7-2	TRBJ2-5	1
CASSFAGTVHF	TRBV6-3	TRBJ1-5	1
CASSFAGWETQYF	TRBV7-2	TRBJ2-5	1
CASSFAGWVNEKLFF	TRBV27	TRBJ1-4	2
CASSFAHTDTQYF	TRBV28	TRBJ2-3	1
CASSFAKEGISTDTQYF	TRBV27	TRBJ2-3	1
CASSFALFINTEAFF	TRBV28	TRBJ1-1	1
CASSFAPGNTIYF	TRBV27	TRBJ1-3	1
CASSFARGEDTEAFF	TRBV27	TRBJ1-1	1
CASSFARGSGFF	TRBV28	TRBJ2-1	1
CASSFARNNYGYTF	TRBV5-4	TRBJ1-2	1
CASSFARRVNTEAFF	TRBV5-6	TRBJ1-1	1
CASSFARYNQPQHF	TRBV28	TRBJ1-5	1
CASSFASALEQYF	TRBV12-4	TRBJ2-7	1
CASSFASGRGDTQYF	TRBV11-1	TRBJ2-3	1
CASSFASGRIPYEQYF	TRBV5-1	TRBJ2-7	1
CASSFASGTYNEQFF	TRBV12-4	TRBJ2-1	1
CASSFASHNEQFF	TRBV12-3	TRBJ2-1	1
CASSFASNTEAFF	TRBV28	TRBJ1-1	1
CASSFASSTRSMDTF	TRBV12-3	TRBJ1-2	1
CASSFASSYEQYF	TRBV19	TRBJ2-7	2
CASSFASSYNSPLHF	TRBV27	TRBJ1-6	1
CASSFATGGMGDGTDTQYF	TRBV7-6	TRBJ2-3	1
CASSFATGWETQYF	TRBV5-6	TRBJ2-5	1
CASSFATLATDTQYF	TRBV13	TRBJ2-3	1
CASSFATPNTEAFF	TRBV7-2	TRBJ1-1	1
CASSFATRNTEAFF	TRBV5-6	TRBJ1-1	1
CASSFATSPTDTQYF	TRBV7-9	TRBJ2-3	1
CASSFATTVTNEKLFF	TRBV27	TRBJ1-4	1
CASSFAVAGGPYEQYF	TRBV7-9	TRBJ2-7	1
CASSFAVGPSRNNEQFF	TRBV7-2	TRBJ2-1	1
CASSFAVSTDTQYF	TRBV7-9	TRBJ2-3	4
CASSFAYNEQFF	TRBV11-2	TRBJ2-1	1
CASSFDADPETQYF	TRBV7-8	TRBJ2-5	1
CASSFDDRDRGSNEQFF	TRBV27	TRBJ2-1	1
CASSFDDSGGASRETQYF	TRBV7-8	TRBJ2-5	1
CASSFDGETQYF	TRBV28	TRBJ2-5	1
CASSFDNGTDTQYF	TRBV13	TRBJ2-3	1
CASSFDNHEQYF	TRBV11-1	TRBJ2-7	1
CASSFDPAGVYEQYF	TRBV7-8	TRBJ2-7	1
CASSFDPAVLGRQFF	TRBV6-3	TRBJ2-1	1
CASSFDPSKGVEETQYF	TRBV7-8	TRBJ2-5	1
CASSFDQGGNGYTF	TRBV12-4	TRBJ1-2	1
CASSFDQWEDIQYF	TRBV28	TRBJ2-4	1
CASSFDRDEEYF	TRBV7-9	TRBJ2-7	1
CASSFDREAFF	TRBV7-9	TRBJ1-1	1
CASSFDRGGGIGTDTQYF	TRBV12-4	TRBJ2-3	1
CASSFDRGTNTEAFF	TRBV6-6	TRBJ1-1	1
CASSFDRGVYEQYF	TRBV2	TRBJ2-7	1
CASSFDRLAGYTF	TRBV27	TRBJ1-2	2
CASSFDRQAHTGELFF	TRBV6-5	TRBJ2-2	1
CASSFDRQGGFGETQYF	TRBV7-9	TRBJ2-5	1
CASSFDRSQETQYF	TRBV5-1	TRBJ2-5	1
CASSFDRVHPGNTIYF	TRBV6-5	TRBJ1-3	1
CASSFDRVNTEAFF	TRBV27	TRBJ1-1	1
CASSFDRVNTEAFF	TRBV7-9	TRBJ1-1	1
CASSFDRYQETQYF	TRBV5-6	TRBJ2-5	1
CASSFDSEQYF	TRBV5-1	TRBJ2-7	1
CASSFDSRGDEAFF	TRBV12-4	TRBJ1-1	1
CASSFDSSYEQYF	TRBV5-5	TRBJ2-7	1
CASSFDTGELFF	TRBV27	TRBJ2-2	1
CASSFDTGELFF	TRBV5-4	TRBJ2-2	1
CASSFDVAGYEQYF	TRBV7-6	TRBJ2-7	1
CASSFEAGSSYEQYF	TRBV27	TRBJ2-7	1
CASSFEDSGETQYF	TRBV12-3	TRBJ2-5	1
CASSFEEETEAFF	TRBV7-2	TRBJ1-1	1
CASSFEGAGVITGELFF	TRBV12-4	TRBJ2-2	1
CASSFEGAYEQYF	TRBV12-4	TRBJ2-7	1
CASSFEGEQYF	TRBV27	TRBJ2-7	4
CASSFEGFSGNTIYF	TRBV28	TRBJ1-3	1
CASSFEGGNEQFF	TRBV5-4	TRBJ2-1	1
CASSFEGGSERNEKLFF	TRBV28	TRBJ1-4	1
CASSFEGGYTF	TRBV12-4	TRBJ1-2	1
CASSFEGMSRDEQYF	TRBV6-5	TRBJ2-7	1
CASSFEGRGTEAFF	TRBV13	TRBJ1-1	1
CASSFEGSDYGYTF	TRBV12-3	TRBJ1-2	3
CASSFEGTLRETQYF	TRBV27	TRBJ2-5	1
CASSFEGVLAYGYTF	TRBV7-9	TRBJ1-2	1
CASSFEGVVTDTQYF	TRBV5-1	TRBJ2-3	1
CASSFEGYEQYF	TRBV28	TRBJ2-7	1
CASSFEIAGATDTQYF	TRBV12-4	TRBJ2-3	1
CASSFEKAGETLITDTQYF	TRBV12-3	TRBJ2-3	1
CASSFELRRRNSPLHF	TRBV5-6	TRBJ1-6	1
CASSFENRGLDEQYF	TRBV6-5	TRBJ2-7	1
CASSFEPGGGPLNEQFF	TRBV7-9	TRBJ2-1	1
CASSFEPGPNYGYTF	TRBV7-9	TRBJ1-2	1
CASSFEPRSVGSTGTANEKLFF	TRBV12-3	TRBJ1-4	1
CASSFEQGGSYEQYF	TRBV4-2	TRBJ2-7	1
CASSFEQGYEQYF	TRBV7-9	TRBJ2-7	1
CASSFEQVEEQYF	TRBV11-3	TRBJ2-7	1
CASSFESGGGNTIYF	TRBV7-2	TRBJ1-3	1
CASSFESRGGTGELFF	TRBV7-9	TRBJ2-2	1
CASSFESSSYEQYF	TRBV7-9	TRBJ2-7	1
CASSFETGDAEKLFF	TRBV27	TRBJ1-4	1
CASSFETGGRTQYF	TRBV28	TRBJ2-5	1
CASSFETSGGTDTQYF	TRBV5-1	TRBJ2-3	1
CASSFETTAGNTDTQYF	TRBV7-2	TRBJ2-3	1
CASSFEVGVGGELFF	TRBV5-6	TRBJ2-2	1
CASSFEWGANEKLFF	TRBV28	TRBJ1-4	1
CASSFFAGGPSEQYF	TRBV7-2	TRBJ2-7	1
CASSFFAGRRETQYF	TRBV27	TRBJ2-5	1
CASSFFATDTQYF	TRBV27	TRBJ2-3	1
CASSFFDEQFF	TRBV27	TRBJ2-1	1
CASSFFGAIPGYTEAFF	TRBV6-3	TRBJ1-1	1
CASSFFGGNSEQYF	TRBV27	TRBJ2-7	1
CASSFFGGTDTQYF	TRBV27	TRBJ2-3	1
CASSFFGLGPGGDANTGELFF	TRBV28	TRBJ2-2	1
CASSFFGQGAYEQYF	TRBV12-3	TRBJ2-7	1
CASSFFGQGSYEQYF	TRBV5-6	TRBJ2-7	1
CASSFFGTHYNSPLHF	TRBV27	TRBJ1-6	1
CASSFFLPFLGATFF	TRBV7-9	TRBJ1-1	1
CASSFFLRVSTDTQYF	TRBV5-6	TRBJ2-3	1
CASSFFMGSPLHF	TRBV7-2	TRBJ1-6	1
CASSFFMPFGRDVPGANVLTF	TRBV27	TRBJ2-6	1
CASSFFNTNTEAFF	TRBV11-1	TRBJ1-1	1
CASSFFPEKLFF	TRBV7-6	TRBJ1-4	1
CASSFFPGTDYGYTF	TRBV12-3	TRBJ1-2	1
CASSFFPKGVDYGYTF	TRBV12-3	TRBJ1-2	1
CASSFFPLNSPLHF	TRBV7-8	TRBJ1-6	1
CASSFFRGENEQYF	TRBV28	TRBJ2-7	1
CASSFFRGRVRYQTDTQYF	TRBV5-6	TRBJ2-3	1
CASSFFRGSTDTQYF	TRBV7-2	TRBJ2-3	1
CASSFFRIIGRGGYEQYF	TRBV5-4	TRBJ2-7	1
CASSFFRSYEQYF	TRBV28	TRBJ2-7	1
CASSFFRTGLAGGYYEQYF	TRBV7-2	TRBJ2-7	1
CASSFFSDRDEQYF	TRBV5-1	TRBJ2-7	1
CASSFFSGGDTQYF	TRBV5-6	TRBJ2-3	1
CASSFFSLKKNTEAFF	TRBV28	TRBJ1-1	1
CASSFFSNQPQHF	TRBV28	TRBJ1-5	1
CASSFFTGPRSRTDTQYF	TRBV28	TRBJ2-3	1
CASSFFTGSNQPQHF	TRBV7-8	TRBJ1-5	1
CASSFFTRGGEDEQYF	TRBV5-1	TRBJ2-7	1
CASSFFTRVGQATDTQYF	TRBV7-9	TRBJ2-3	1
CASSFFVGGAEAFF	TRBV11-2	TRBJ1-1	1
CASSFFVGRKNTGELFF	TRBV7-6	TRBJ2-2	1
CASSFFVPSGGAAGELFF	TRBV27	TRBJ2-2	1
CASSFGAAPYNEQFF	TRBV12-4	TRBJ2-1	1
CASSFGAGERQETQYF	TRBV27	TRBJ2-5	1
CASSFGAGGPEQYF	TRBV13	TRBJ2-7	1
CASSFGAGLGNTEAFF	TRBV9	TRBJ1-1	1
CASSFGAQVRGNTIYF	TRBV12-3	TRBJ1-3	1
CASSFGATEQYF	TRBV5-6	TRBJ2-7	1
CASSFGAVDGYTF	TRBV5-6	TRBJ1-2	1
CASSFGAYGYTF	TRBV5-4	TRBJ1-2	1
CASSFGAYYGYTF	TRBV27	TRBJ1-2	1
CASSFGDEQFF	TRBV27	TRBJ2-1	1
CASSFGDGPYEQYF	TRBV6-5	TRBJ2-7	1
CASSFGDQGQPQHF	TRBV12-4	TRBJ1-5	1
CASSFGDRGRAFF	TRBV7-2	TRBJ1-1	1
CASSFGEGLYNEQFF	TRBV7-9	TRBJ2-1	1
CASSFGEKLFF	TRBV12-4	TRBJ1-4	1
CASSFGELGSPLHF	TRBV27	TRBJ1-6	1
CASSFGENYEQYF	TRBV27	TRBJ2-7	1
CASSFGEQFF	TRBV7-2	TRBJ2-1	3
CASSFGEQFF	TRBV7-9	TRBJ2-1	1
CASSFGESDTEAFF	TRBV12-4	TRBJ1-1	1
CASSFGETQYF	TRBV12-4	TRBJ2-5	1
CASSFGETQYF	TRBV7-9	TRBJ2-5	1
CASSFGFEGSTEAFF	TRBV28	TRBJ1-1	1
CASSFGFGQPQHF	TRBV6-3	TRBJ1-5	1
CASSFGFSRPGLTEQFF	TRBV13	TRBJ2-1	1
CASSFGFSYEQYF	TRBV12-3	TRBJ2-7	1
CASSFGGADEQYF	TRBV7-3	TRBJ2-7	1
CASSFGGAETQYF	TRBV28	TRBJ2-5	1
CASSFGGAGATEAFF	TRBV27	TRBJ1-1	1
CASSFGGAGETQYF	TRBV7-3	TRBJ2-5	1
CASSFGGAGTGELFF	TRBV27	TRBJ2-2	1
CASSFGGASNQPQHF	TRBV27	TRBJ1-5	1
CASSFGGATGELFF	TRBV7-9	TRBJ2-2	1
CASSFGGDQPQHF	TRBV5-1	TRBJ1-5	1
CASSFGGDYGYTF	TRBV7-9	TRBJ1-2	1
CASSFGGEQYF	TRBV27	TRBJ2-7	1
CASSFGGERGQRYTF	TRBV7-9	TRBJ1-2	1
CASSFGGETQYF	TRBV7-9	TRBJ2-5	1
CASSFGGFFEQYF	TRBV11-2	TRBJ2-7	1
CASSFGGGAGEQYF	TRBV12-3	TRBJ2-7	1
CASSFGGGAYNEQFF	TRBV12-4	TRBJ2-1	1
CASSFGGGETDTQYF	TRBV11-2	TRBJ2-3	1
CASSFGGGETQYF	TRBV27	TRBJ2-5	2
CASSFGGGGEQFF	TRBV11-3	TRBJ2-1	1
CASSFGGGGETQYF	TRBV28	TRBJ2-5	1
CASSFGGGGLEQYF	TRBV7-6	TRBJ2-7	1
CASSFGGGSGSAEQFF	TRBV9	TRBJ2-1	1
CASSFGGGSYEQYF	TRBV7-2	TRBJ2-7	1
CASSFGGGTEAFF	TRBV5-1	TRBJ1-1	1
CASSFGGGTGELFF	TRBV27	TRBJ2-2	1
CASSFGGGVPFF	TRBV7-6	TRBJ1-1	1
CASSFGGGYGYTF	TRBV7-9	TRBJ1-2	1
CASSFGGGYTF	TRBV12-4	TRBJ1-2	1
CASSFGGGYYGYTF	TRBV27	TRBJ1-2	1
CASSFGGIGYTF	TRBV7-6	TRBJ1-2	1
CASSFGGITDTQYF	TRBV12-3	TRBJ2-3	1
CASSFGGLDEQFF	TRBV7-2	TRBJ2-1	1
CASSFGGLGANVLTF	TRBV12-3	TRBJ2-6	1
CASSFGGLGNQPQHF	TRBV12-4	TRBJ1-5	1
CASSFGGLGNTIYF	TRBV19	TRBJ1-3	1
CASSFGGLNTEAFF	TRBV7-8	TRBJ1-1	1
CASSFGGLQETQYF	TRBV7-6	TRBJ2-5	1
CASSFGGLYGYTF	TRBV7-9	TRBJ1-2	1
CASSFGGNEQFF	TRBV7-2	TRBJ2-1	1
CASSFGGNTIYF	TRBV5-6	TRBJ1-3	1
CASSFGGNYGYTF	TRBV5-1	TRBJ1-2	1
CASSFGGPLQETQYF	TRBV12-4	TRBJ2-5	1
CASSFGGPQETQYF	TRBV7-2	TRBJ2-5	3
CASSFGGPRGPLHF	TRBV28	TRBJ1-6	1
CASSFGGPSGEKLFF	TRBV12-4	TRBJ1-4	1
CASSFGGPTDTQYF	TRBV28	TRBJ2-3	1
CASSFGGRAINEQFF	TRBV7-9	TRBJ2-1	1
CASSFGGRALPSSYNEQFF	TRBV7-6	TRBJ2-1	1
CASSFGGREGNEQFF	TRBV28	TRBJ2-1	1
CASSFGGRGLGFSGNTIYF	TRBV27	TRBJ1-3	1
CASSFGGRNHNEQFF	TRBV27	TRBJ2-1	1
CASSFGGRNQPQHF	TRBV12-4	TRBJ1-5	1
CASSFGGRNTEAFF	TRBV27	TRBJ1-1	1
CASSFGGRRTEAFF	TRBV5-6	TRBJ1-1	1
CASSFGGRSYEQYF	TRBV5-6	TRBJ2-7	1
CASSFGGRTTEAFF	TRBV12-3	TRBJ1-1	1
CASSFGGRYQETQYF	TRBV5-1	TRBJ2-5	1
CASSFGGSGRLYNEQFF	TRBV12-4	TRBJ2-1	1
CASSFGGSNGYTF	TRBV7-2	TRBJ1-2	1
CASSFGGSNQPQHF	TRBV28	TRBJ1-5	2
CASSFGGSTEEQYF	TRBV7-9	TRBJ2-7	1
CASSFGGSYNEQFF	TRBV27	TRBJ2-1	1
CASSFGGSYNEQFF	TRBV5-4	TRBJ2-1	1
CASSFGGSYNEQFF	TRBV7-9	TRBJ2-1	1
CASSFGGTEAFF	TRBV12-4	TRBJ1-1	1
CASSFGGTTEAFF	TRBV27	TRBJ1-1	1
CASSFGGVAFF	TRBV12-4	TRBJ1-1	1
CASSFGGVETQYF	TRBV5-4	TRBJ2-5	1
CASSFGGVGTDTQYF	TRBV5-1	TRBJ2-3	1
CASSFGGVRETQYF	TRBV28	TRBJ2-5	1
CASSFGGYEQYF	TRBV27	TRBJ2-7	1
CASSFGHPNSNQPQHF	TRBV7-9	TRBJ1-5	1
CASSFGHQETQYF	TRBV6-5	TRBJ2-5	1
CASSFGHRDRPERGWHNEQFF	TRBV6-3	TRBJ2-1	1
CASSFGHTNTEAFF	TRBV7-9	TRBJ1-1	1
CASSFGHYNEQFF	TRBV27	TRBJ2-1	1
CASSFGIAKNIQYF	TRBV5-4	TRBJ2-4	1
CASSFGIGNEEQYF	TRBV5-4	TRBJ2-7	1
CASSFGISYEQYF	TRBV5-1	TRBJ2-7	1
CASSFGLAGGGEQFF	TRBV27	TRBJ2-1	1
CASSFGLAGYNEQFF	TRBV6-5	TRBJ2-1	1
CASSFGLALTSTDTQYF	TRBV2	TRBJ2-3	1
CASSFGLARDTQYF	TRBV27	TRBJ2-3	1
CASSFGLASPFEQFF	TRBV12-3	TRBJ2-1	1
CASSFGLGAYEQYF	TRBV19	TRBJ2-7	1
CASSFGLGGAYNEQFF	TRBV27	TRBJ2-1	1
CASSFGLNTGELFF	TRBV5-6	TRBJ2-2	1
CASSFGLPNTEAFF	TRBV27	TRBJ1-1	1
CASSFGLREGRNEQYF	TRBV28	TRBJ2-7	1
CASSFGLRGPYEQYF	TRBV7-2	TRBJ2-7	1
CASSFGLTYNEQFF	TRBV12-4	TRBJ2-1	1
CASSFGMASMVYF	TRBV5-5	TRBJ2-3	1
CASSFGMNTEAFF	TRBV12-3	TRBJ1-1	1
CASSFGMNTEAFF	TRBV27	TRBJ1-1	1
CASSFGNEQFF	TRBV12-4	TRBJ2-1	1
CASSFGNEQFF	TRBV5-6	TRBJ2-1	1
CASSFGNNEQFF	TRBV7-9	TRBJ2-1	1
CASSFGNPEAFF	TRBV12-3	TRBJ1-1	1
CASSFGNQPQHF	TRBV7-6	TRBJ1-5	1
CASSFGNRTDTQYF	TRBV13	TRBJ2-3	1
CASSFGNTEAFF	TRBV27	TRBJ1-1	1
CASSFGNTEAFF	TRBV7-9	TRBJ1-1	1
CASSFGNTIYF	TRBV9	TRBJ1-3	1
CASSFGPEAFF	TRBV5-4	TRBJ1-1	1
CASSFGPGQVYGYTF	TRBV12-4	TRBJ1-2	1
CASSFGPGSNTEAFF	TRBV13	TRBJ1-1	1
CASSFGPGTSGMGEQYF	TRBV6-5	TRBJ2-7	1
CASSFGPPLGRDRGYQETQYF	TRBV11-2	TRBJ2-5	1
CASSFGPRYEQYF	TRBV27	TRBJ2-7	1
CASSFGPSYEQYF	TRBV27	TRBJ2-7	1
CASSFGQAGGPQHF	TRBV12-4	TRBJ1-5	1
CASSFGQANYGYTF	TRBV27	TRBJ1-2	1
CASSFGQDYGYTF	TRBV27	TRBJ1-2	1
CASSFGQGAEKLFF	TRBV27	TRBJ1-4	42
CASSFGQGANTEAFF	TRBV5-1	TRBJ1-1	4
CASSFGQGAYEQYF	TRBV11-2	TRBJ2-7	1
CASSFGQGGEKLFF	TRBV27	TRBJ1-4	1
CASSFGQGGEQYF	TRBV12-4	TRBJ2-7	2
CASSFGQGKNYGYTF	TRBV13	TRBJ1-2	1
CASSFGQGLGGYTF	TRBV7-9	TRBJ1-2	1
CASSFGQGLPYEQYF	TRBV28	TRBJ2-7	1
CASSFGQGNTGELFF	TRBV7-9	TRBJ2-2	1
CASSFGQGTGTEAFF	TRBV5-1	TRBJ1-1	1
CASSFGQGTLEETQYF	TRBV28	TRBJ2-5	1
CASSFGQGTSYEQYF	TRBV19	TRBJ2-7	1
CASSFGQGYNEQFF	TRBV11-1	TRBJ2-1	1
CASSFGQLHIEYF	TRBV27	TRBJ2-7	1
CASSFGQNSNQPQHF	TRBV12-4	TRBJ1-5	1
CASSFGQNTEAFF	TRBV11-2	TRBJ1-1	1
CASSFGQNTGELFF	TRBV6-5	TRBJ2-2	1
CASSFGQPQHF	TRBV28	TRBJ1-5	1
CASSFGQSNQPQHF	TRBV27	TRBJ1-5	1
CASSFGQSYEQYF	TRBV27	TRBJ2-7	1
CASSFGQSYEQYF	TRBV6-3	TRBJ2-7	1
CASSFGQSYEQYF	TRBV6-5	TRBJ2-7	1
CASSFGQTGEKLFF	TRBV11-2	TRBJ1-4	1
CASSFGQTTNYGYTF	TRBV5-5	TRBJ1-2	1
CASSFGQYTEAFF	TRBV5-1	TRBJ1-1	1
CASSFGRDEQYF	TRBV28	TRBJ2-7	1
CASSFGRDYGYTF	TRBV27	TRBJ1-2	1
CASSFGREGETQYF	TRBV27	TRBJ2-5	1
CASSFGRGHTGELFF	TRBV6-6	TRBJ2-2	1
CASSFGRGNEQYF	TRBV7-2	TRBJ2-7	1
CASSFGRLGTYEQYF	TRBV12-3	TRBJ2-7	1
CASSFGRLNYEQYF	TRBV5-5	TRBJ2-7	1
CASSFGRNYEQYF	TRBV11-2	TRBJ2-7	1
CASSFGRSTDTQYF	TRBV5-4	TRBJ2-3	1
CASSFGSADTQYF	TRBV12-4	TRBJ2-3	1
CASSFGSGEEGYTF	TRBV5-6	TRBJ1-2	5
CASSFGSGGSYNEQFF	TRBV5-1	TRBJ2-1	1
CASSFGSGGYEQYF	TRBV27	TRBJ2-7	1
CASSFGSGLAGGNFYNEQFF	TRBV12-4	TRBJ2-1	1
CASSFGSGQETQYF	TRBV12-4	TRBJ2-5	1
CASSFGSGRVYEQYF	TRBV7-3	TRBJ2-7	1
CASSFGSHEQYF	TRBV6-3	TRBJ2-7	1
CASSFGSLMNTEAFF	TRBV11-2	TRBJ1-1	1
CASSFGSNQPQHF	TRBV5-1	TRBJ1-5	1
CASSFGSSTYGNTIYF	TRBV5-1	TRBJ1-3	1
CASSFGSSYGYTF	TRBV12-4	TRBJ1-2	1
CASSFGSVTYEQYF	TRBV12-3	TRBJ2-7	1
CASSFGSYEQYF	TRBV28	TRBJ2-7	1
CASSFGSYGYTF	TRBV19	TRBJ1-2	1
CASSFGTASTDTQYF	TRBV6-3	TRBJ2-3	1
CASSFGTAYNEQFF	TRBV12-3	TRBJ2-1	1
CASSFGTDGQETQYF	TRBV7-9	TRBJ2-5	1
CASSFGTDLYEQYF	TRBV5-6	TRBJ2-7	1
CASSFGTDRSYEQYF	TRBV5-1	TRBJ2-7	1
CASSFGTDTQYF	TRBV28	TRBJ2-3	1
CASSFGTDTQYF	TRBV7-3	TRBJ2-3	1
CASSFGTGAGGELFF	TRBV4-3	TRBJ2-2	1
CASSFGTGDSPLHF	TRBV27	TRBJ1-6	1
CASSFGTGDYEQYF	TRBV19	TRBJ2-7	1
CASSFGTGGFEQYF	TRBV12-4	TRBJ2-7	1
CASSFGTGGNEQFF	TRBV7-2	TRBJ2-1	1
CASSFGTGGNQPQHF	TRBV5-8	TRBJ1-5	1
CASSFGTGGREQYF	TRBV7-6	TRBJ2-7	1
CASSFGTGGYEQYF	TRBV11-2	TRBJ2-7	3
CASSFGTGGYEQYF	TRBV12-4	TRBJ2-7	1
CASSFGTGHTEAFF	TRBV19	TRBJ1-1	1
CASSFGTGNETQYF	TRBV5-6	TRBJ2-5	1
CASSFGTGSTNEQFF	TRBV5-4	TRBJ2-1	1
CASSFGTGTSEQYF	TRBV11-2	TRBJ2-7	1
CASSFGTGYYEQYF	TRBV27	TRBJ2-7	1
CASSFGTLNSPLHF	TRBV27	TRBJ1-6	1
CASSFGTLNTEAFF	TRBV28	TRBJ1-1	1
CASSFGTMNTEAFF	TRBV5-1	TRBJ1-1	1
CASSFGTNDLDEQFF	TRBV7-2	TRBJ2-1	1
CASSFGTPTTGELFF	TRBV5-4	TRBJ2-2	1
CASSFGTPYNEQFF	TRBV7-2	TRBJ2-1	1
CASSFGTQETQYF	TRBV27	TRBJ2-5	1
CASSFGTSESEQYF	TRBV7-8	TRBJ2-7	1
CASSFGTSGGGTYEQYF	TRBV13	TRBJ2-7	1
CASSFGTSGMDEQFF	TRBV13	TRBJ2-1	1
CASSFGTSGRLDEQFF	TRBV27	TRBJ2-1	1
CASSFGTSGTTDTQYF	TRBV27	TRBJ2-3	1
CASSFGTSGYEQYF	TRBV7-2	TRBJ2-7	1
CASSFGTSIYEQYF	TRBV7-2	TRBJ2-7	1
CASSFGTSPGANVLTF	TRBV18	TRBJ2-6	1
CASSFGTSRDEQYF	TRBV7-9	TRBJ2-7	1
CASSFGTSSYEQYF	TRBV7-6	TRBJ2-7	1
CASSFGTTDNEQFF	TRBV5-1	TRBJ2-1	1
CASSFGTVQFF	TRBV28	TRBJ2-1	1
CASSFGTYEQYF	TRBV12-3	TRBJ2-7	1
CASSFGVGELFF	TRBV5-6	TRBJ2-2	1
CASSFGVGTESYEQYF	TRBV6-3	TRBJ2-7	6
CASSFGVGTYEQYF	TRBV27	TRBJ2-7	1
CASSFGVIRAFF	TRBV6-3	TRBJ1-1	1
CASSFGVKNEQFF	TRBV27	TRBJ2-1	1
CASSFGVLVNNNEQFF	TRBV12-4	TRBJ2-1	1
CASSFGVNEQFF	TRBV12-4	TRBJ2-1	1
CASSFGVQETQYF	TRBV7-9	TRBJ2-5	1
CASSFGVRVSGANVLTF	TRBV27	TRBJ2-6	1
CASSFGVSGRDEQFF	TRBV7-3	TRBJ2-1	1
CASSFGVTDTQYF	TRBV4-3	TRBJ2-3	1
CASSFGVTVHNEKLFF	TRBV7-2	TRBJ1-4	1
CASSFGVTYEQYF	TRBV5-6	TRBJ2-7	5
CASSFGWDSSYEQYF	TRBV5-1	TRBJ2-7	1
CASSFGWGGGPIEQYF	TRBV13	TRBJ2-7	1
CASSFGWTAYNEQFF	TRBV6-5	TRBJ2-1	1
CASSFGYEQYF	TRBV7-2	TRBJ2-7	2
CASSFGYNEQFF	TRBV5-6	TRBJ2-1	1
CASSFHDRDGPNEQFF	TRBV12-4	TRBJ2-1	1
CASSFHGGELFF	TRBV27	TRBJ2-2	2
CASSFHGGGGPDGEQYF	TRBV7-2	TRBJ2-7	1
CASSFHGGREEKLFF	TRBV27	TRBJ1-4	1
CASSFHPDRVEIYIQYF	TRBV28	TRBJ2-4	1
CASSFHRAYEQYF	TRBV27	TRBJ2-7	1
CASSFHREHEQYF	TRBV5-1	TRBJ2-7	1
CASSFHRGLRYGYTF	TRBV27	TRBJ1-2	1
CASSFHRRPFDGYNEQFF	TRBV7-9	TRBJ2-1	1
CASSFHSDWGSGMSTDTQYF	TRBV27	TRBJ2-3	1
CASSFIAAGNVVDYGYTF	TRBV27	TRBJ1-2	1
CASSFIAGGPYNEQFF	TRBV27	TRBJ2-1	1
CASSFIATNEKLFF	TRBV11-2	TRBJ1-4	1
CASSFIDNEQFF	TRBV7-9	TRBJ2-1	1
CASSFIDRTNTEAFF	TRBV27	TRBJ1-1	1
CASSFIENTEAFF	TRBV12-3	TRBJ1-1	1
CASSFIGEVLSDTQYF	TRBV12-3	TRBJ2-3	1
CASSFIGGGNEQYF	TRBV27	TRBJ2-7	1
CASSFIGGSNQPQHF	TRBV7-8	TRBJ1-5	1
CASSFIGGSTDTQYF	TRBV7-3	TRBJ2-3	1
CASSFIGHNINEKLFF	TRBV27	TRBJ1-4	1
CASSFIGLTLGASLRLDTQYF	TRBV7-9	TRBJ2-3	1
CASSFIGREIYNEQFF	TRBV28	TRBJ2-1	1
CASSFIGSAGHIFSYEQYF	TRBV7-2	TRBJ2-7	1
CASSFIGSSGANVLTF	TRBV27	TRBJ2-6	2
CASSFIGSSYEQYF	TRBV11-2	TRBJ2-7	1
CASSFIGYEQYF	TRBV27	TRBJ2-7	1
CASSFILRGHRTDTQYF	TRBV7-8	TRBJ2-3	1
CASSFINPGLAGPTVHNEQFF	TRBV27	TRBJ2-1	1
CASSFIPAELRYEQYF	TRBV5-1	TRBJ2-7	1
CASSFIPRGALQETQYF	TRBV7-9	TRBJ2-5	1
CASSFIPRNTEAFF	TRBV27	TRBJ1-1	1
CASSFIQGAPSGNTIYF	TRBV7-9	TRBJ1-3	1
CASSFIREDSGTANDNEQFF	TRBV7-8	TRBJ2-1	1
CASSFIRTDLQETQYF	TRBV12-3	TRBJ2-5	1
CASSFISGGGPGTGELFF	TRBV7-3	TRBJ2-2	1
CASSFISGGRLAPYYGYTF	TRBV12-3	TRBJ1-2	4
CASSFISGNTIYF	TRBV7-2	TRBJ1-3	1
CASSFITDTQYF	TRBV5-5	TRBJ2-3	1
CASSFITGAGYTF	TRBV12-4	TRBJ1-2	1
CASSFITRVGTEAFF	TRBV27	TRBJ1-1	1
CASSFIVGANYGYTF	TRBV5-5	TRBJ1-2	1
CASSFIWEQTQYF	TRBV12-4	TRBJ2-5	1
CASSFIYEQYF	TRBV27	TRBJ2-7	1
CASSFKDRGIWTGELFF	TRBV7-2	TRBJ2-2	1
CASSFKGLAGGPADTQYF	TRBV28	TRBJ2-3	1
CASSFKGLWADTQYF	TRBV7-2	TRBJ2-3	1
CASSFKGPAADTQYF	TRBV27	TRBJ2-3	1
CASSFKGPGAKNIQYF	TRBV5-1	TRBJ2-4	1
CASSFKHVGRDAKIYGYTF	TRBV7-9	TRBJ1-2	1
CASSFKKLDEKLFF	TRBV27	TRBJ1-4	1
CASSFKLETGAYQETQYF	TRBV12-3	TRBJ2-5	1
CASSFKPTEDNSPLHF	TRBV7-9	TRBJ1-6	1
CASSFKPVTATNEKLFF	TRBV5-1	TRBJ1-4	1
CASSFKQGAGTGELFF	TRBV11-2	TRBJ2-2	1
CASSFKQGRARAFF	TRBV27	TRBJ1-1	1
CASSFKQSNTHEQYF	TRBV5-1	TRBJ2-7	1
CASSFKRLYGYTF	TRBV27	TRBJ1-2	1
CASSFKRYNEQFF	TRBV6-3	TRBJ2-1	1
CASSFKSSGNTIYF	TRBV27	TRBJ1-3	1
CASSFKTGGWYEQYF	TRBV7-9	TRBJ2-7	1
CASSFKTSGTNEQFF	TRBV12-4	TRBJ2-1	1
CASSFKVQVGGQYF	TRBV5-6	TRBJ2-7	1
CASSFLAENSPLHF	TRBV5-4	TRBJ1-6	1
CASSFLAGASGELFF	TRBV5-1	TRBJ2-2	1
CASSFLAGEDIQYF	TRBV7-9	TRBJ2-4	1
CASSFLAGGFNEQFF	TRBV7-3	TRBJ2-1	1
CASSFLAGGNTDTQYF	TRBV7-3	TRBJ2-3	1
CASSFLAGGNYEQYF	TRBV13	TRBJ2-7	1
CASSFLAGGPTDTQYF	TRBV7-3	TRBJ2-3	1
CASSFLAGGPYNEQFF	TRBV28	TRBJ2-1	1
CASSFLAGGYGDTQYF	TRBV27	TRBJ2-3	16
CASSFLAGGYNEQFF	TRBV7-8	TRBJ2-1	13
CASSFLAGGYSQFF	TRBV12-4	TRBJ2-1	1
CASSFLAGHSEQFF	TRBV28	TRBJ2-1	1
CASSFLAPPTGELFF	TRBV7-2	TRBJ2-2	1
CASSFLAVNEQFF	TRBV10-2	TRBJ2-1	1
CASSFLDGAYEQYF	TRBV27	TRBJ2-7	1
CASSFLDIPYEQYF	TRBV7-9	TRBJ2-7	1
CASSFLDKNTEAFF	TRBV12-3	TRBJ1-1	1
CASSFLDRGPNTEAFF	TRBV12-3	TRBJ1-1	2
CASSFLDRGPNTEAFF	TRBV12-4	TRBJ1-1	1
CASSFLDWHTEAFF	TRBV6-3	TRBJ1-1	1
CASSFLEDGELFF	TRBV28	TRBJ2-2	1
CASSFLEDRGFDGYTF	TRBV7-9	TRBJ1-2	1
CASSFLEGYNEQFF	TRBV6-3	TRBJ2-1	1
CASSFLEIETQYF	TRBV6-3	TRBJ2-5	1
CASSFLERGAHNEQFF	TRBV7-8	TRBJ2-1	1
CASSFLEVQRDRLTDTQYF	TRBV28	TRBJ2-3	1
CASSFLEVSAPGGNTIYF	TRBV7-9	TRBJ1-3	1
CASSFLFHTEAFF	TRBV7-9	TRBJ1-1	1
CASSFLGDRDEQYF	TRBV7-9	TRBJ2-7	1
CASSFLGDRVTEKLFF	TRBV27	TRBJ1-4	1
CASSFLGEGVYGYTF	TRBV28	TRBJ1-2	1
CASSFLGGAGGNTIYF	TRBV12-4	TRBJ1-3	1
CASSFLGGAGTDTQYF	TRBV27	TRBJ2-3	1
CASSFLGGEQPQHF	TRBV28	TRBJ1-5	1
CASSFLGGLGETQYF	TRBV7-2	TRBJ2-5	1
CASSFLGGTGELFF	TRBV13	TRBJ2-2	1
CASSFLGLAENYEQYF	TRBV5-1	TRBJ2-7	1
CASSFLGLAGDDYEQYF	TRBV28	TRBJ2-7	1
CASSFLGLAGETDTQYF	TRBV28	TRBJ2-3	1
CASSFLGLAPPHTQYF	TRBV28	TRBJ2-3	1
CASSFLGLDGSPLHF	TRBV12-4	TRBJ1-6	1
CASSFLGPPYNEQFF	TRBV11-1	TRBJ2-1	1
CASSFLGPWNTEAFF	TRBV27	TRBJ1-1	1
CASSFLGQGNEKLFF	TRBV27	TRBJ1-4	1
CASSFLGQTEAFF	TRBV19	TRBJ1-1	1
CASSFLGSRAEAFF	TRBV27	TRBJ1-1	1
CASSFLGTAGNTEAFF	TRBV27	TRBJ1-1	1
CASSFLGTGELFF	TRBV28	TRBJ2-2	1
CASSFLGTSGNTIYF	TRBV7-8	TRBJ1-3	1
CASSFLGVNNEQFF	TRBV28	TRBJ2-1	1
CASSFLIGELFF	TRBV7-2	TRBJ2-2	1
CASSFLIGGNQPQHF	TRBV18	TRBJ1-5	8
CASSFLIRGSYGYTF	TRBV12-3	TRBJ1-2	1
CASSFLLAGVETQYF	TRBV6-5	TRBJ2-5	1
CASSFLLLSPGLHEQFF	TRBV27	TRBJ2-1	1
CASSFLLVPGAGGYTF	TRBV5-6	TRBJ1-2	1
CASSFLPEDEQYF	TRBV27	TRBJ2-7	1
CASSFLPGAGLHGYTF	TRBV7-9	TRBJ1-2	1
CASSFLPGGADGYTF	TRBV27	TRBJ1-2	1
CASSFLPGRDSNYGYTF	TRBV6-3	TRBJ1-2	1
CASSFLPLAKETQYF	TRBV11-1	TRBJ2-5	1
CASSFLPRAYNEQFF	TRBV28	TRBJ2-1	1
CASSFLQGEDTQYF	TRBV4-1	TRBJ2-3	1
CASSFLQGIYGYTF	TRBV5-6	TRBJ1-2	1
CASSFLQQGTQYF	TRBV5-6	TRBJ2-5	1
CASSFLQYYEQYF	TRBV7-9	TRBJ2-7	1
CASSFLRAALDGYTF	TRBV6-5	TRBJ1-2	1
CASSFLRAWGADTQYF	TRBV11-2	TRBJ2-3	1
CASSFLRDTQYF	TRBV12-4	TRBJ2-3	1
CASSFLREDGRGEETQYF	TRBV12-3	TRBJ2-5	1
CASSFLRQGKAGELFF	TRBV7-3	TRBJ2-2	1
CASSFLRQGPYEQYF	TRBV7-9	TRBJ2-7	1
CASSFLSDWDGDSGANVLTF	TRBV5-6	TRBJ2-6	1
CASSFLSERARGDTQYF	TRBV28	TRBJ2-3	1
CASSFLSGGLYNEQFF	TRBV5-4	TRBJ2-1	1
CASSFLSGTREQYF	TRBV7-9	TRBJ2-7	1
CASSFLSGYNEQYF	TRBV27	TRBJ2-7	1
CASSFLSNTEAFF	TRBV13	TRBJ1-1	1
CASSFLSSYEQYF	TRBV7-9	TRBJ2-7	1
CASSFLSTQQRPSMTDTQYF	TRBV18	TRBJ2-3	1
CASSFLTGDSHEQYF	TRBV5-4	TRBJ2-7	1
CASSFLTGELWAYEQYF	TRBV5-1	TRBJ2-7	1
CASSFLTGNTEAFF	TRBV7-6	TRBJ1-1	1
CASSFLTGTDTQYF	TRBV27	TRBJ2-3	1
CASSFLTQGYQETQYF	TRBV6-3	TRBJ2-5	1
CASSFLTRTGQKDTQYF	TRBV7-2	TRBJ2-3	1
CASSFLTSGDISYNEQFF	TRBV27	TRBJ2-1	1
CASSFLVAGGRDEQFF	TRBV12-3	TRBJ2-1	1
CASSFLVGGREGPRETQYF	TRBV7-2	TRBJ2-5	1
CASSFLVGRGQNTGELFF	TRBV6-1	TRBJ2-2	1
CASSFLYEQYF	TRBV6-3	TRBJ2-7	1
CASSFMADGELFF	TRBV27	TRBJ2-2	1
CASSFMAGWQEQYF	TRBV27	TRBJ2-7	1
CASSFMGDTGNEQYF	TRBV7-9	TRBJ2-7	1
CASSFMGGGGSYNEQFF	TRBV27	TRBJ2-1	1
CASSFMGITGDTEKLFF	TRBV28	TRBJ1-4	1
CASSFMGQGNSYNEQFF	TRBV27	TRBJ2-1	1
CASSFMGTSGGPGDTQYF	TRBV7-3	TRBJ2-3	1
CASSFMKGSTEAFF	TRBV7-2	TRBJ1-1	1
CASSFMRPNTEAFF	TRBV13	TRBJ1-1	1
CASSFMRQETQYF	TRBV11-2	TRBJ2-5	1
CASSFMSTDTQYF	TRBV27	TRBJ2-3	1
CASSFMTSKFIREQYF	TRBV6-3	TRBJ2-7	1
CASSFMYQSNSPLHF	TRBV7-2	TRBJ1-6	3
CASSFNAGGTEAFF	TRBV27	TRBJ1-1	1
CASSFNDRGDEQFF	TRBV11-2	TRBJ2-1	1
CASSFNEQFF	TRBV7-9	TRBJ2-1	1
CASSFNFREHTDTQYF	TRBV4-2	TRBJ2-3	1
CASSFNGQEPYNEQFF	TRBV7-6	TRBJ2-1	1
CASSFNMGVDTGELFF	TRBV7-2	TRBJ2-2	1
CASSFNPDPNQPQHF	TRBV27	TRBJ1-5	1
CASSFNPTGDPTDTQYF	TRBV12-3	TRBJ2-3	1
CASSFNQLAVNEQFF	TRBV27	TRBJ2-1	1
CASSFNRDRDNSPLHF	TRBV11-2	TRBJ1-6	1
CASSFNRDYNEQFF	TRBV11-2	TRBJ2-1	1
CASSFNRFGEQYF	TRBV11-2	TRBJ2-7	1
CASSFNRGFTEAFF	TRBV12-4	TRBJ1-1	1
CASSFNRGLFGYTF	TRBV27	TRBJ1-2	1
CASSFNRGLNTEAFF	TRBV5-1	TRBJ1-1	1
CASSFNRIRDRGGNTEAFF	TRBV13	TRBJ1-1	1
CASSFNSLAAYNEQFF	TRBV7-3	TRBJ2-1	1
CASSFNTGTGPEKLFF	TRBV7-8	TRBJ1-4	1
CASSFNYEQYF	TRBV6-5	TRBJ2-7	1
CASSFPAGDGYTF	TRBV28	TRBJ1-2	1
CASSFPAGGFDTQYF	TRBV27	TRBJ2-3	1
CASSFPAGGFPGELFF	TRBV27	TRBJ2-2	1
CASSFPATGGISPLHF	TRBV28	TRBJ1-6	1
CASSFPAVNTEAFF	TRBV7-2	TRBJ1-1	1
CASSFPAYEQYF	TRBV28	TRBJ2-7	1
CASSFPDEGLGQPQHF	TRBV7-2	TRBJ1-5	1
CASSFPDEQFF	TRBV7-9	TRBJ2-1	1
CASSFPDGSPLHF	TRBV27	TRBJ1-6	1
CASSFPDRGRTEAFF	TRBV7-9	TRBJ1-1	1
CASSFPDRVTEAFF	TRBV28	TRBJ1-1	1
CASSFPDTQYF	TRBV7-9	TRBJ2-3	1
CASSFPFDVSTDTQYF	TRBV7-9	TRBJ2-3	1
CASSFPFLGGDYGYTF	TRBV5-8	TRBJ1-2	1
CASSFPGAHEKLFF	TRBV12-4	TRBJ1-4	1
CASSFPGEDTQYF	TRBV11-3	TRBJ2-3	1
CASSFPGELFF	TRBV12-3	TRBJ2-2	1
CASSFPGFTEAFF	TRBV7-9	TRBJ1-1	1
CASSFPGGAHNEQFF	TRBV6-1	TRBJ2-1	1
CASSFPGGFTGELFF	TRBV6-3	TRBJ2-2	11
CASSFPGGFYGYTF	TRBV12-3	TRBJ1-2	1
CASSFPGGIAFF	TRBV11-3	TRBJ1-1	1
CASSFPGGPEAFF	TRBV7-9	TRBJ1-1	1
CASSFPGGSDTQYF	TRBV7-9	TRBJ2-3	1
CASSFPGGSINYNEQFF	TRBV7-8	TRBJ2-1	1
CASSFPGLAGGQETQYF	TRBV5-1	TRBJ2-5	1
CASSFPGLAMETQYF	TRBV11-2	TRBJ2-5	4
CASSFPGLDGTGSYEQYF	TRBV5-6	TRBJ2-7	1
CASSFPGLNYEQYF	TRBV2	TRBJ2-7	1
CASSFPGLQETQYF	TRBV5-6	TRBJ2-5	1
CASSFPGLYNEQFF	TRBV5-8	TRBJ2-1	1
CASSFPGNEQFF	TRBV27	TRBJ2-1	1
CASSFPGPTGELFF	TRBV12-4	TRBJ2-2	1
CASSFPGQEQFF	TRBV6-3	TRBJ2-1	1
CASSFPGQGGTDTQYF	TRBV12-3	TRBJ2-3	1
CASSFPGQGNEQYF	TRBV28	TRBJ2-7	1
CASSFPGSTNEQFF	TRBV7-2	TRBJ2-1	1
CASSFPGTEDYGYTF	TRBV5-8	TRBJ1-2	1
CASSFPGTGGLLYEQYF	TRBV5-1	TRBJ2-7	1
CASSFPGTGIEQYF	TRBV7-2	TRBJ2-7	1
CASSFPGTGLAGGPYTGELFF	TRBV12-4	TRBJ2-2	1
CASSFPGTLNIQYF	TRBV11-2	TRBJ2-4	1
CASSFPGTPEPPARSPLHF	TRBV5-6	TRBJ1-6	1
CASSFPGTPTREDTQYF	TRBV5-1	TRBJ2-3	1
CASSFPGTSGIDEQFF	TRBV28	TRBJ2-1	1
CASSFPGVETQYF	TRBV11-2	TRBJ2-5	1
CASSFPGVSNQPQHF	TRBV7-3	TRBJ1-5	1
CASSFPGVSTEAFF	TRBV13	TRBJ1-1	1
CASSFPHRLHNEQFF	TRBV12-4	TRBJ2-1	1
CASSFPLAGIYTQYF	TRBV7-2	TRBJ2-3	1
CASSFPLGGGWADTQYF	TRBV7-2	TRBJ2-3	1
CASSFPLLPTSGGPYEQYF	TRBV28	TRBJ2-7	1
CASSFPLMGGRWTEAFF	TRBV28	TRBJ1-1	1
CASSFPLRGHEQYF	TRBV28	TRBJ2-7	1
CASSFPNAEQYF	TRBV28	TRBJ2-7	1
CASSFPNGTGDVGDTQYF	TRBV5-1	TRBJ2-3	1
CASSFPNPSPSHRTGETQYF	TRBV28	TRBJ2-5	1
CASSFPPAGGSYNEQFF	TRBV7-6	TRBJ2-1	1
CASSFPPAGNSYEQYF	TRBV28	TRBJ2-7	1
CASSFPPDLNTGELFF	TRBV28	TRBJ2-2	2
CASSFPPGGVTEAFF	TRBV7-9	TRBJ1-1	1
CASSFPPPGTSGKLKQFF	TRBV27	TRBJ2-1	1
CASSFPPQLGAYEQYF	TRBV7-2	TRBJ2-7	1
CASSFPPSGIYNEQFF	TRBV7-2	TRBJ2-1	1
CASSFPQFVTGLPEAFF	TRBV28	TRBJ1-1	1
CASSFPQGSEKLFF	TRBV7-9	TRBJ1-4	1
CASSFPRGQETQYF	TRBV28	TRBJ2-5	1
CASSFPRREVNTEAFF	TRBV11-2	TRBJ1-1	1
CASSFPRRLTETYEQYF	TRBV7-9	TRBJ2-7	1
CASSFPRTKNTEAFF	TRBV11-2	TRBJ1-1	1
CASSFPRVVRSTIVDEQFF	TRBV28	TRBJ2-1	1
CASSFPRWDSGATQETQYF	TRBV7-9	TRBJ2-5	1
CASSFPSDRDYGYTF	TRBV28	TRBJ1-2	1
CASSFPSGDGTQYF	TRBV12-3	TRBJ2-5	1
CASSFPSGRHQETQYF	TRBV5-8	TRBJ2-5	1
CASSFPSNTEAFF	TRBV7-9	TRBJ1-1	1
CASSFPSRDRDGYTF	TRBV7-9	TRBJ1-2	1
CASSFPSREGDTEAFF	TRBV12-3	TRBJ1-1	1
CASSFPSTSGGTDTQYF	TRBV12-4	TRBJ2-3	1
CASSFPSTTLYF	TRBV12-3	TRBJ2-5	1
CASSFPSWGETQYF	TRBV5-6	TRBJ2-5	1
CASSFPSYNEQFF	TRBV27	TRBJ2-1	1
CASSFPTGGLRNEQFF	TRBV12-4	TRBJ2-1	1
CASSFPTGTHGYTF	TRBV28	TRBJ1-2	1
CASSFPTGVAGYTF	TRBV5-6	TRBJ1-2	1
CASSFPTQGGYEQYF	TRBV13	TRBJ2-7	1
CASSFPTSGGDTDTQYF	TRBV7-9	TRBJ2-3	1
CASSFPTSGRGLAETQYF	TRBV7-9	TRBJ2-5	1
CASSFPTSGSGPDTQYF	TRBV7-2	TRBJ2-3	1
CASSFPTTLYGNQPQHF	TRBV28	TRBJ1-5	1
CASSFPWGNTEAFF	TRBV6-3	TRBJ1-1	1
CASSFQAYGHLIPSEQYF	TRBV28	TRBJ2-7	1
CASSFQETQYF	TRBV5-1	TRBJ2-5	2
CASSFQGAAEAFF	TRBV19	TRBJ1-1	1
CASSFQGADEQFF	TRBV5-4	TRBJ2-1	1
CASSFQGAGEQYF	TRBV5-4	TRBJ2-7	1
CASSFQGALEQYF	TRBV12-4	TRBJ2-7	1
CASSFQGDTQYF	TRBV7-3	TRBJ2-3	1
CASSFQGEAGLNEQFF	TRBV7-2	TRBJ2-1	1
CASSFQGENTGELFF	TRBV4-3	TRBJ2-2	1
CASSFQGFNEKLFF	TRBV28	TRBJ1-4	1
CASSFQGGDQPQHF	TRBV28	TRBJ1-5	1
CASSFQGGITDTQYF	TRBV7-9	TRBJ2-3	1
CASSFQGGTEAFF	TRBV7-3	TRBJ1-1	1
CASSFQGGYEQYF	TRBV27	TRBJ2-7	1
CASSFQGLGYEQYF	TRBV28	TRBJ2-7	1
CASSFQGLSYEQYF	TRBV27	TRBJ2-7	1
CASSFQGPAEQFF	TRBV11-2	TRBJ2-1	1
CASSFQGRLDEKLFF	TRBV27	TRBJ1-4	1
CASSFQGRYDTEAFF	TRBV27	TRBJ1-1	1
CASSFQGSGNTIYF	TRBV28	TRBJ1-3	1
CASSFQGSYEQYF	TRBV27	TRBJ2-7	1
CASSFQGWELFF	TRBV5-4	TRBJ2-2	2
CASSFQGYTF	TRBV12-4	TRBJ1-2	1
CASSFQLDISGNEQFF	TRBV5-4	TRBJ2-1	1
CASSFQLPDTQYF	TRBV7-3	TRBJ2-3	1
CASSFQNEQYF	TRBV4-1	TRBJ2-7	1
CASSFQPDERGDETQYF	TRBV11-2	TRBJ2-5	1
CASSFQPGHHWDYGYTF	TRBV11-2	TRBJ1-2	1
CASSFQQETQYF	TRBV7-8	TRBJ2-5	1
CASSFQRSSGSSYNEQFF	TRBV5-1	TRBJ2-1	1
CASSFQTSTTLEQYF	TRBV6-5	TRBJ2-7	1
CASSFQVLQGGNEKLFF	TRBV11-3	TRBJ1-4	1
CASSFRAASSDSGANVLTF	TRBV7-8	TRBJ2-6	1
CASSFRADYGYTF	TRBV28	TRBJ1-2	1
CASSFRAGELFF	TRBV6-3	TRBJ2-2	1
CASSFRAGNTIYF	TRBV28	TRBJ1-3	1
CASSFRAGVGYEQYF	TRBV27	TRBJ2-7	1
CASSFRALSTDTQYF	TRBV28	TRBJ2-3	1
CASSFRAPFDSPLHF	TRBV5-6	TRBJ1-6	1
CASSFRAPLHF	TRBV28	TRBJ1-6	1
CASSFRAPYGYTF	TRBV19	TRBJ1-2	1
CASSFRAYEKLFF	TRBV12-4	TRBJ1-4	1
CASSFRDASYNEQFF	TRBV27	TRBJ2-1	1
CASSFRDRAF	TRBV28	TRBJ2-7	13
CASSFRDRETYEQYF	TRBV5-1	TRBJ2-7	1
CASSFRDRGLRGGPYEQYF	TRBV12-3	TRBJ2-7	1
CASSFRDRGNSPLHF	TRBV28	TRBJ1-6	1
CASSFRDRGNYGYTF	TRBV28	TRBJ1-2	1
CASSFRDRGQIKPYEQYF	TRBV3-1	TRBJ2-7	1
CASSFRDSRYEQYF	TRBV9	TRBJ2-7	1
CASSFRDSSSYEQYF	TRBV27	TRBJ2-7	1
CASSFRDSYEQYF	TRBV5-8	TRBJ2-7	1
CASSFRDSYEQYF	TRBV7-9	TRBJ2-7	1
CASSFRDTGELFF	TRBV27	TRBJ2-2	1
CASSFRDYPLYNEQFF	TRBV7-9	TRBJ2-1	1
CASSFREASPLHF	TRBV27	TRBJ1-6	1
CASSFRESTNTGELFF	TRBV5-4	TRBJ2-2	1
CASSFRETGGGNEQFF	TRBV27	TRBJ2-1	1
CASSFRETQYF	TRBV5-4	TRBJ2-5	1
CASSFRGDNQPQHF	TRBV5-8	TRBJ1-5	2
CASSFRGDYGYTF	TRBV5-4	TRBJ1-2	1
CASSFRGEVPYEQYF	TRBV27	TRBJ2-7	1
CASSFRGGAGNEQFF	TRBV12-4	TRBJ2-1	1
CASSFRGGAGNTIYF	TRBV7-6	TRBJ1-3	1
CASSFRGGDTEAFF	TRBV5-1	TRBJ1-1	1
CASSFRGGIVYNEQFF	TRBV7-8	TRBJ2-1	1
CASSFRGGSGDTQYF	TRBV5-1	TRBJ2-3	1
CASSFRGGTDTQYF	TRBV7-7	TRBJ2-3	1
CASSFRGGTEAFF	TRBV5-4	TRBJ1-1	1
CASSFRGGYNEQFF	TRBV5-4	TRBJ2-1	2
CASSFRGHHYEQYF	TRBV27	TRBJ2-7	1
CASSFRGLGQPQHF	TRBV5-6	TRBJ1-5	1
CASSFRGLGTDTQYF	TRBV28	TRBJ2-3	1
CASSFRGLNTEAFF	TRBV28	TRBJ1-1	1
CASSFRGLTGELFF	TRBV12-3	TRBJ2-2	1
CASSFRGPNYEQYF	TRBV5-4	TRBJ2-7	1
CASSFRGQETQYF	TRBV7-9	TRBJ2-5	1
CASSFRGQHSNQPQHF	TRBV28	TRBJ1-5	1
CASSFRGREGRAEAFF	TRBV27	TRBJ1-1	1
CASSFRGRGSSTEAFF	TRBV5-5	TRBJ1-1	1
CASSFRGRSNYGYTF	TRBV28	TRBJ1-2	1
CASSFRGRSTDTQYF	TRBV5-5	TRBJ2-3	1
CASSFRGSHEQYF	TRBV13	TRBJ2-7	1
CASSFRGSSSYEQYF	TRBV5-4	TRBJ2-7	1
CASSFRGSYEQYF	TRBV28	TRBJ2-7	1
CASSFRGSYNEQFF	TRBV7-2	TRBJ2-1	1
CASSFRGTEAFF	TRBV28	TRBJ1-1	5
CASSFRGTGELFF	TRBV12-4	TRBJ2-2	1
CASSFRGTGGPNYGYTF	TRBV11-2	TRBJ1-2	1
CASSFRGTNEKLFF	TRBV28	TRBJ1-4	1
CASSFRGTSNQPQHF	TRBV27	TRBJ1-5	1
CASSFRGVDTEAFF	TRBV5-1	TRBJ1-1	1
CASSFRGVWDPNTGELFF	TRBV11-2	TRBJ2-2	1
CASSFRHTGELFF	TRBV5-5	TRBJ2-2	1
CASSFRILGLTEAFF	TRBV7-2	TRBJ1-1	1
CASSFRLAANTGELFF	TRBV27	TRBJ2-2	1
CASSFRLAGADEQFF	TRBV13	TRBJ2-1	1
CASSFRLAGDYEQYF	TRBV13	TRBJ2-7	1
CASSFRLAGESYNEQFF	TRBV5-1	TRBJ2-1	1
CASSFRLAGFTDTQYF	TRBV19	TRBJ2-3	1
CASSFRLAGGIAYNEQFF	TRBV7-9	TRBJ2-1	1
CASSFRLAGGREQYF	TRBV5-5	TRBJ2-7	1
CASSFRLAGTGELFF	TRBV5-6	TRBJ2-2	1
CASSFRLARIYEQYF	TRBV18	TRBJ2-7	1
CASSFRLAVQETQYF	TRBV5-1	TRBJ2-5	1
CASSFRLTNTGELFF	TRBV5-1	TRBJ2-2	1
CASSFRLVYYNEQFF	TRBV28	TRBJ2-1	1
CASSFRNTEAFF	TRBV12-4	TRBJ1-1	1
CASSFRPDTEAFF	TRBV7-3	TRBJ1-1	1
CASSFRPDTQYF	TRBV28	TRBJ2-3	1
CASSFRPGDNYGYTF	TRBV27	TRBJ1-2	1
CASSFRPGGHEQYF	TRBV6-5	TRBJ2-7	1
CASSFRPRTGRYNEQFF	TRBV9	TRBJ2-1	1
CASSFRQGTYSEAFF	TRBV12-3	TRBJ1-1	1
CASSFRQTANYGYTF	TRBV5-5	TRBJ1-2	2
CASSFRQVLSSYEQYF	TRBV13	TRBJ2-7	1
CASSFRRDGGYGYTF	TRBV5-6	TRBJ1-2	1
CASSFRREASFEQFF	TRBV27	TRBJ2-1	1
CASSFRREINEQFF	TRBV7-9	TRBJ2-1	1
CASSFRRGDTEAFF	TRBV27	TRBJ1-1	1
CASSFRRGGKNIQYF	TRBV7-9	TRBJ2-4	1
CASSFRRGIAGGGQETQYF	TRBV28	TRBJ2-5	1
CASSFRRGREGNYGYTF	TRBV19	TRBJ1-2	1
CASSFRRGSYNEQFF	TRBV12-3	TRBJ2-1	1
CASSFRRMHTGELFF	TRBV28	TRBJ2-2	1
CASSFRRRRDRKAFF	TRBV6-5	TRBJ1-1	1
CASSFRRYQETQYF	TRBV5-8	TRBJ2-5	1
CASSFRSGDGYTF	TRBV7-9	TRBJ1-2	1
CASSFRSGYEQYF	TRBV6-6	TRBJ2-7	1
CASSFRSNSPLHF	TRBV28	TRBJ1-6	1
CASSFRSSETQYF	TRBV19	TRBJ2-5	2
CASSFRSSYEQYF	TRBV19	TRBJ2-7	10
CASSFRSSYNEQFF	TRBV7-9	TRBJ2-1	1
CASSFRTAQETQYF	TRBV27	TRBJ2-5	1
CASSFRTAVGRVTYEQYF	TRBV12-3	TRBJ2-7	1
CASSFRTEYSGANVLTF	TRBV19	TRBJ2-6	1
CASSFRTGDDNEQFF	TRBV4-1	TRBJ2-1	1
CASSFRTGGHEQYF	TRBV13	TRBJ2-7	1
CASSFRTGGLRTEQYF	TRBV28	TRBJ2-7	1
CASSFRTGPSTEAFF	TRBV11-2	TRBJ1-1	1
CASSFRTPSETQYF	TRBV13	TRBJ2-5	1
CASSFRTQNNEQFF	TRBV5-1	TRBJ2-1	1
CASSFRTVSYEQYF	TRBV28	TRBJ2-7	1
CASSFRTVYQPQHF	TRBV5-8	TRBJ1-5	1
CASSFRVDLYMNTEAFF	TRBV4-3	TRBJ1-1	1
CASSFRVGTARYEQYF	TRBV28	TRBJ2-7	1
CASSFRVNEQFF	TRBV5-1	TRBJ2-1	1
CASSFRVVDGYTF	TRBV12-3	TRBJ1-2	1
CASSFRVYNEQFF	TRBV27	TRBJ2-1	1
CASSFRYNEQFF	TRBV7-2	TRBJ2-1	1
CASSFRYSLYEKLFF	TRBV5-1	TRBJ1-4	1
CASSFSAGELFF	TRBV27	TRBJ2-2	1
CASSFSAGGDEQYF	TRBV7-6	TRBJ2-7	1
CASSFSAGQGTEAFF	TRBV6-5	TRBJ1-1	1
CASSFSAGSEQYF	TRBV5-4	TRBJ2-7	1
CASSFSAHDEQYF	TRBV27	TRBJ2-7	2
CASSFSAPGELFF	TRBV5-5	TRBJ2-2	1
CASSFSDRGRGSTEAFF	TRBV28	TRBJ1-1	1
CASSFSDSPGANVLTF	TRBV7-2	TRBJ2-6	1
CASSFSDSQETQYF	TRBV7-9	TRBJ2-5	1
CASSFSDSSETQYF	TRBV12-4	TRBJ2-5	1
CASSFSDTEAFF	TRBV13	TRBJ1-1	1
CASSFSDTGELFF	TRBV7-9	TRBJ2-2	1
CASSFSEDIGYTGELFF	TRBV5-1	TRBJ2-2	1
CASSFSEGDEKLFF	TRBV28	TRBJ1-4	1
CASSFSEGWSGNTIYF	TRBV28	TRBJ1-3	1
CASSFSERAFF	TRBV12-4	TRBJ1-1	3
CASSFSFNEQFF	TRBV12-4	TRBJ2-1	1
CASSFSGANPYNEQFF	TRBV5-1	TRBJ2-1	1
CASSFSGANVLTF	TRBV27	TRBJ2-6	2
CASSFSGASGGELFF	TRBV27	TRBJ2-2	1
CASSFSGATGELFF	TRBV5-4	TRBJ2-2	1
CASSFSGEKLFF	TRBV12-4	TRBJ1-4	1
CASSFSGELAKNIQYF	TRBV13	TRBJ2-4	1
CASSFSGEQFF	TRBV12-4	TRBJ2-1	1
CASSFSGERNSPLHF	TRBV6-5	TRBJ1-6	1
CASSFSGGAEGDTQYF	TRBV5-1	TRBJ2-3	1
CASSFSGGDYEQYF	TRBV7-2	TRBJ2-7	1
CASSFSGGGAYNEQFF	TRBV7-3	TRBJ2-1	1
CASSFSGGLAGSRTDTQYF	TRBV11-2	TRBJ2-3	1
CASSFSGGLASTDTQYF	TRBV27	TRBJ2-3	1
CASSFSGGNEQFF	TRBV19	TRBJ2-1	1
CASSFSGGNSPLHF	TRBV7-9	TRBJ1-6	1
CASSFSGGPSTGELFF	TRBV5-1	TRBJ2-2	1
CASSFSGGSYNEQFF	TRBV27	TRBJ2-1	1
CASSFSGGTEAFF	TRBV27	TRBJ1-1	1
CASSFSGIETQYF	TRBV27	TRBJ2-5	1
CASSFSGIYGYTF	TRBV13	TRBJ1-2	1
CASSFSGLAPSYNEQFF	TRBV27	TRBJ2-1	1
CASSFSGNEQFF	TRBV5-4	TRBJ2-1	1
CASSFSGNQPQHF	TRBV28	TRBJ1-5	1
CASSFSGNTGELFF	TRBV12-3	TRBJ2-2	41
CASSFSGNTGELFF	TRBV12-4	TRBJ2-2	5
CASSFSGNTGELFF	TRBV12-5	TRBJ2-2	1
CASSFSGQGLSEAFF	TRBV13	TRBJ1-1	1
CASSFSGRPSSYNSPLHF	TRBV25-1	TRBJ1-6	1
CASSFSGRTDTQYF	TRBV6-6	TRBJ2-3	1
CASSFSGSTQETQYF	TRBV11-2	TRBJ2-5	1
CASSFSGSYNEQFF	TRBV5-5	TRBJ2-1	1
CASSFSGTGANYGYTF	TRBV7-9	TRBJ1-2	1
CASSFSGTGDNYGYTF	TRBV6-3	TRBJ1-2	1
CASSFSGTGEAFF	TRBV11-2	TRBJ1-1	1
CASSFSGTGGSEQFF	TRBV6-3	TRBJ2-1	1
CASSFSGTNYEQYF	TRBV27	TRBJ2-7	1
CASSFSGVEQFF	TRBV7-2	TRBJ2-1	1
CASSFSGVETQYF	TRBV7-7	TRBJ2-5	1
CASSFSGVGETQYF	TRBV27	TRBJ2-5	1
CASSFSGVPSTDTQYF	TRBV7-2	TRBJ2-3	1
CASSFSGVRNNEQFF	TRBV5-1	TRBJ2-1	1
CASSFSGYTEAFF	TRBV5-1	TRBJ1-1	1
CASSFSHEQFF	TRBV12-4	TRBJ2-1	1
CASSFSIYEQYF	TRBV12-4	TRBJ2-7	1
CASSFSKGGWGARNSPLHF	TRBV5-6	TRBJ1-6	1
CASSFSKQGPCNQPQHF	TRBV27	TRBJ1-5	1
CASSFSLAINEQYF	TRBV27	TRBJ2-7	1
CASSFSLEFTGELFF	TRBV19	TRBJ2-2	1
CASSFSLGDSPYEQYF	TRBV12-3	TRBJ2-7	1
CASSFSLGGEAYNEQFF	TRBV7-2	TRBJ2-1	1
CASSFSLNQPQHF	TRBV27	TRBJ1-5	1
CASSFSLSGGYTF	TRBV28	TRBJ1-2	1
CASSFSLSYEQYF	TRBV11-2	TRBJ2-7	1
CASSFSPDRGTEKLFF	TRBV6-1	TRBJ1-4	1
CASSFSPGGEQFF	TRBV5-6	TRBJ2-1	1
CASSFSPLTGTAYGYTF	TRBV11-2	TRBJ1-2	1
CASSFSPQYF	TRBV12-3	TRBJ2-3	1
CASSFSPQYQETQYF	TRBV28	TRBJ2-5	1
CASSFSPRSYEQYF	TRBV11-2	TRBJ2-7	1
CASSFSPTSGANVLTF	TRBV27	TRBJ2-6	1
CASSFSPWEQYF	TRBV7-9	TRBJ2-7	1
CASSFSPYEQYF	TRBV7-2	TRBJ2-7	1
CASSFSPYNEQFF	TRBV27	TRBJ2-1	1
CASSFSQDPQYF	TRBV7-9	TRBJ2-3	12
CASSFSQGHGYTF	TRBV5-8	TRBJ1-2	1
CASSFSQPGNTIYF	TRBV5-1	TRBJ1-3	1
CASSFSQYNQPQHF	TRBV27	TRBJ1-5	1
CASSFSRARRETQYF	TRBV5-1	TRBJ2-5	2
CASSFSRESSGYTF	TRBV27	TRBJ1-2	1
CASSFSRGGLPYEQYF	TRBV5-1	TRBJ2-7	1
CASSFSRNTEAFF	TRBV12-4	TRBJ1-1	1
CASSFSRNYEQYF	TRBV27	TRBJ2-7	1
CASSFSRRYQETQYF	TRBV28	TRBJ2-5	1
CASSFSRTSGGNEQFF	TRBV5-5	TRBJ2-1	1
CASSFSRVGRVNTEAFF	TRBV28	TRBJ1-1	1
CASSFSSAGGYNEQFF	TRBV27	TRBJ2-1	1
CASSFSSDTQYF	TRBV7-2	TRBJ2-3	1
CASSFSSERTDTQYF	TRBV27	TRBJ2-3	1
CASSFSSGAYEQYF	TRBV27	TRBJ2-7	1
CASSFSSGGAYEQYF	TRBV27	TRBJ2-7	1
CASSFSSGPDEQFF	TRBV7-9	TRBJ2-1	1
CASSFSSGSYEQYF	TRBV27	TRBJ2-7	1
CASSFSSGSYNEQFF	TRBV7-2	TRBJ2-1	1
CASSFSSLNEQFF	TRBV12-3	TRBJ2-1	1
CASSFSSLSDSYNEQFF	TRBV27	TRBJ2-1	1
CASSFSSNNEQFF	TRBV27	TRBJ2-1	1
CASSFSSNQPQHF	TRBV27	TRBJ1-5	1
CASSFSSPRTDTQYF	TRBV7-2	TRBJ2-3	1
CASSFSSSAPGGEQFF	TRBV28	TRBJ2-1	1
CASSFSSTSNTGELFF	TRBV27	TRBJ2-2	1
CASSFSSVTPYEQYF	TRBV7-9	TRBJ2-7	1
CASSFSSYDNTGELFF	TRBV27	TRBJ2-2	1
CASSFSTAGAGEQYF	TRBV7-9	TRBJ2-7	1
CASSFSTGELFF	TRBV7-2	TRBJ2-2	1
CASSFSTGGPGEQYF	TRBV27	TRBJ2-7	1
CASSFSTGGPVNTEAFF	TRBV27	TRBJ1-1	1
CASSFSTGNEQFF	TRBV6-3	TRBJ2-1	1
CASSFSTGRTYEQYF	TRBV19	TRBJ2-7	1
CASSFSTLTGAVLNTEAFF	TRBV7-9	TRBJ1-1	1
CASSFSTNYGYTF	TRBV12-3	TRBJ1-2	1
CASSFSTSGANVLTF	TRBV6-3	TRBJ2-6	1
CASSFSTSGQETQYF	TRBV5-6	TRBJ2-5	1
CASSFSTSNTEAFF	TRBV27	TRBJ1-1	1
CASSFSTTSPAIYF	TRBV5-4	TRBJ1-3	1
CASSFSVGPNNEQFF	TRBV5-5	TRBJ2-1	1
CASSFSVGSSYEQYF	TRBV5-4	TRBJ2-7	1
CASSFSVVRETLPEQYF	TRBV7-8	TRBJ2-7	1
CASSFSWGEQYF	TRBV7-9	TRBJ2-7	1
CASSFSWTGSDSPLHF	TRBV28	TRBJ1-6	1
CASSFSWTYGYTF	TRBV5-1	TRBJ1-2	1
CASSFSYEQYF	TRBV28	TRBJ2-7	1
CASSFSYEQYF	TRBV5-6	TRBJ2-7	2
CASSFSYEQYF	TRBV6-3	TRBJ2-7	1
CASSFSYQGPYMFF	TRBV7-9	TRBJ2-1	1
CASSFTAENTEAFF	TRBV27	TRBJ1-1	1
CASSFTAGPDTQYF	TRBV27	TRBJ2-3	1
CASSFTAGSANTGELFF	TRBV5-1	TRBJ2-2	1
CASSFTDRPQHF	TRBV12-3	TRBJ1-5	1
CASSFTDTKHGYTF	TRBV7-9	TRBJ1-2	1
CASSFTDTQYF	TRBV12-4	TRBJ2-3	1
CASSFTDTQYF	TRBV5-6	TRBJ2-3	1
CASSFTEKLFF	TRBV7-9	TRBJ1-4	1
CASSFTERGGLGETQYF	TRBV7-2	TRBJ2-5	1
CASSFTEYSGNTIYF	TRBV11-1	TRBJ1-3	1
CASSFTEYSTDTQYF	TRBV28	TRBJ2-3	1
CASSFTEYTDTQYF	TRBV5-1	TRBJ2-3	2
CASSFTGAEQFF	TRBV5-4	TRBJ2-1	1
CASSFTGAETQYF	TRBV5-6	TRBJ2-5	1
CASSFTGAGNEQFF	TRBV27	TRBJ2-1	1
CASSFTGDPSTDTQYF	TRBV27	TRBJ2-3	1
CASSFTGEDGYTF	TRBV28	TRBJ1-2	1
CASSFTGGAYNSPLHF	TRBV27	TRBJ1-6	1
CASSFTGGEQFF	TRBV5-8	TRBJ2-1	1
CASSFTGGKADTQYF	TRBV12-3	TRBJ2-3	1
CASSFTGGKASHEQFF	TRBV7-9	TRBJ2-1	1
CASSFTGGLQTDTQYF	TRBV5-1	TRBJ2-3	1
CASSFTGGRSSYNEQFF	TRBV5-5	TRBJ2-1	1
CASSFTGITEAFF	TRBV5-1	TRBJ1-1	1
CASSFTGLAGQETQYF	TRBV6-3	TRBJ2-5	1
CASSFTGLGNTIYF	TRBV11-2	TRBJ1-3	1
CASSFTGLGTGDRGLTGELFF	TRBV28	TRBJ2-2	1
CASSFTGNTIYF	TRBV7-9	TRBJ1-3	1
CASSFTGPNTGELFF	TRBV27	TRBJ2-2	1
CASSFTGPSDSPLHF	TRBV6-6	TRBJ1-6	1
CASSFTGRNQPQHF	TRBV12-4	TRBJ1-5	1
CASSFTGSGANVLTF	TRBV13	TRBJ2-6	1
CASSFTGTDPYEQYF	TRBV27	TRBJ2-7	1
CASSFTGTEQYF	TRBV28	TRBJ2-7	1
CASSFTGTGELFF	TRBV7-9	TRBJ2-2	1
CASSFTGTGNQPQHF	TRBV5-6	TRBJ1-5	1
CASSFTGTQPQHF	TRBV6-5	TRBJ1-5	1
CASSFTGTYEQYF	TRBV12-4	TRBJ2-7	1
CASSFTGTYEQYF	TRBV27	TRBJ2-7	1
CASSFTKQKTGGNTIYF	TRBV4-1	TRBJ1-3	1
CASSFTLAAYSNQPQHF	TRBV7-8	TRBJ1-5	1
CASSFTLEYNEQFF	TRBV5-6	TRBJ2-1	1
CASSFTLNEQYF	TRBV28	TRBJ2-7	1
CASSFTMGEAYEQYF	TRBV12-4	TRBJ2-7	1
CASSFTMVGQKNTEAFF	TRBV7-9	TRBJ1-1	1
CASSFTNTEAFF	TRBV11-2	TRBJ1-1	1
CASSFTNTGELFF	TRBV5-6	TRBJ2-2	1
CASSFTQEAYEQYF	TRBV27	TRBJ2-7	1
CASSFTRAGLLAKNIQYF	TRBV6-5	TRBJ2-4	1
CASSFTRGLKEQYF	TRBV27	TRBJ2-7	1
CASSFTRGPNYGYTF	TRBV28	TRBJ1-2	1
CASSFTSAANEQFF	TRBV11-2	TRBJ2-1	1
CASSFTSGGASFTDTQYF	TRBV6-3	TRBJ2-3	1
CASSFTSGGGLFDEQFF	TRBV28	TRBJ2-1	1
CASSFTSGSLYNEQFF	TRBV6-5	TRBJ2-1	1
CASSFTSSYEQYF	TRBV27	TRBJ2-7	2
CASSFTTANTEAFF	TRBV7-2	TRBJ1-1	1
CASSFTTGTETQYF	TRBV7-3	TRBJ2-5	1
CASSFTYRDTQYF	TRBV28	TRBJ2-3	1
CASSFVAGSRTGELFF	TRBV5-6	TRBJ2-2	1
CASSFVAGTSTDTQYF	TRBV27	TRBJ2-3	1
CASSFVAVMNTEAFF	TRBV12-4	TRBJ1-1	1
CASSFVDQPQHF	TRBV12-4	TRBJ1-5	1
CASSFVDRAETQYF	TRBV7-9	TRBJ2-5	1
CASSFVDTDTQYF	TRBV27	TRBJ2-3	1
CASSFVESEQYF	TRBV7-6	TRBJ2-7	1
CASSFVGDASYGYTF	TRBV12-4	TRBJ1-2	1
CASSFVGDNEQFF	TRBV5-8	TRBJ2-1	1
CASSFVGFNQPQHF	TRBV28	TRBJ1-5	1
CASSFVGGGTGAGELFF	TRBV7-2	TRBJ2-2	1
CASSFVGIGVEAFF	TRBV7-2	TRBJ1-1	1
CASSFVGLGTEAFF	TRBV28	TRBJ1-1	1
CASSFVGNNEQFF	TRBV7-2	TRBJ2-1	1
CASSFVGPSTDTQYF	TRBV27	TRBJ2-3	1
CASSFVGSEKLFF	TRBV5-4	TRBJ1-4	1
CASSFVGSVYNEQFF	TRBV7-2	TRBJ2-1	1
CASSFVGTNEKLFF	TRBV5-6	TRBJ1-4	1
CASSFVGTTNTEAFF	TRBV27	TRBJ1-1	1
CASSFVGTYGYTF	TRBV12-3	TRBJ1-2	1
CASSFVGVGTEAFF	TRBV7-2	TRBJ1-1	2
CASSFVHPNQPQHF	TRBV28	TRBJ1-5	1
CASSFVMNEQYF	TRBV5-6	TRBJ2-7	1
CASSFVNAASADTQYF	TRBV13	TRBJ2-3	1
CASSFVPGALYGYTF	TRBV27	TRBJ1-2	1
CASSFVPGLAGGPSYEQYF	TRBV28	TRBJ2-7	1
CASSFVPNYGYTF	TRBV7-9	TRBJ1-2	1
CASSFVRGDNSPLHF	TRBV7-9	TRBJ1-6	1
CASSFVRGGPWETQYF	TRBV7-2	TRBJ2-5	1
CASSFVRGQGNAEAFF	TRBV13	TRBJ1-1	1
CASSFVRTFCFF	TRBV12-4	TRBJ2-1	1
CASSFVRTGGNEQFF	TRBV7-9	TRBJ2-1	1
CASSFVSGEYEQYF	TRBV28	TRBJ2-7	1
CASSFVSSEQYF	TRBV5-6	TRBJ2-7	1
CASSFVTAGFYEQYF	TRBV11-2	TRBJ2-7	1
CASSFVTGNTEAFF	TRBV27	TRBJ1-1	1
CASSFVTGTYNEQFF	TRBV5-6	TRBJ2-1	1
CASSFVVASGEETQYF	TRBV12-3	TRBJ2-5	1
CASSFVVQETQYF	TRBV12-4	TRBJ2-5	1
CASSFVVSDTQYF	TRBV7-9	TRBJ2-3	1
CASSFWAGGYSTYERWTGELFF	TRBV12-4	TRBJ2-2	1
CASSFWAGLYEQYF	TRBV5-5	TRBJ2-7	1
CASSFWASTDTQYF	TRBV3-1	TRBJ2-3	1
CASSFWDIRSYEQYF	TRBV5-1	TRBJ2-7	1
CASSFWDRGNTGELFF	TRBV7-3	TRBJ2-2	1
CASSFWGANTGELFF	TRBV12-4	TRBJ2-2	1
CASSFWGGPQETQYF	TRBV5-1	TRBJ2-5	1
CASSFWGGTTYGYTF	TRBV5-1	TRBJ1-2	1
CASSFWGRTGELFF	TRBV5-6	TRBJ2-2	1
CASSFWGRTNEKLFF	TRBV27	TRBJ1-4	1
CASSFWGSGRDEQYF	TRBV7-9	TRBJ2-7	1
CASSFWNRARRDTQYF	TRBV13	TRBJ2-3	1
CASSFWPDRVSANVLTF	TRBV5-4	TRBJ2-6	1
CASSFWPGPNQPQHF	TRBV11-2	TRBJ1-5	1
CASSFWPGRNLLWGYTF	TRBV12-4	TRBJ1-2	3
CASSFWRERGYPVGYNEQFF	TRBV12-4	TRBJ2-1	1
CASSFWSEVGNEQFF	TRBV5-4	TRBJ2-1	1
CASSFWSYNEQFF	TRBV7-6	TRBJ2-1	1
CASSFWTGDYGYTF	TRBV9	TRBJ1-2	1
CASSFWTGNTEAFF	TRBV7-9	TRBJ1-1	1
CASSFWTGRTEAFF	TRBV28	TRBJ1-1	1
CASSFWTSGGQETQYF	TRBV27	TRBJ2-5	1
CASSFWTSGKKPVYEQYF	TRBV12-4	TRBJ2-7	1
CASSFWVDRANQPQHF	TRBV12-3	TRBJ1-5	1
CASSFWVDSYEQYF	TRBV11-2	TRBJ2-7	1
CASSFWVGETQYF	TRBV5-4	TRBJ2-5	1
CASSFWVGGLIKDTEAFF	TRBV7-2	TRBJ1-1	1
CASSFWWEGQPQHF	TRBV7-3	TRBJ1-5	1
CASSFYAEPLHF	TRBV12-3	TRBJ1-6	1
CASSFYDEQFF	TRBV7-9	TRBJ2-1	1
CASSFYFEGGKWSITDTQYF	TRBV28	TRBJ2-3	1
CASSFYFKEEYNEQFF	TRBV19	TRBJ2-1	1
CASSFYGDLGYGYTF	TRBV11-2	TRBJ1-2	1
CASSFYGQGLGEQYF	TRBV5-8	TRBJ2-7	1
CASSFYGQGVETQYF	TRBV11-2	TRBJ2-5	1
CASSFYGQKETQYF	TRBV7-3	TRBJ2-5	1
CASSFYGQPQHF	TRBV7-2	TRBJ1-5	1
CASSFYGSTDTQYF	TRBV7-2	TRBJ2-3	1
CASSFYGTAAPGNEQFF	TRBV6-3	TRBJ2-1	1
CASSFYHPRDTLPYF	TRBV5-1	TRBJ2-1	1
CASSFYINEKLFF	TRBV27	TRBJ1-4	1
CASSFYIREGSYEQYF	TRBV5-6	TRBJ2-7	1
CASSFYKGGYTF	TRBV12-3	TRBJ1-2	1
CASSFYKGSNEQFF	TRBV28	TRBJ2-1	1
CASSFYLGETQYF	TRBV11-3	TRBJ2-5	1
CASSFYLGQGEHEQYF	TRBV7-9	TRBJ2-7	1
CASSFYLNTEAFF	TRBV11-2	TRBJ1-1	1
CASSFYPDRDGSYEQYF	TRBV27	TRBJ2-7	1
CASSFYPGQDYGYTF	TRBV7-3	TRBJ1-2	1
CASSFYPGSNQPQHF	TRBV12-3	TRBJ1-5	1
CASSFYPGTEAFF	TRBV7-3	TRBJ1-1	1
CASSFYPLATGSSYEQYF	TRBV7-2	TRBJ2-7	1
CASSFYRDGDHQPQHF	TRBV5-6	TRBJ1-5	19
CASSFYREIYEQYF	TRBV28	TRBJ2-7	1
CASSFYRGKETQYF	TRBV7-2	TRBJ2-5	1
CASSFYRGRGLHNEQFF	TRBV6-3	TRBJ2-1	1
CASSFYRTSGSSNEQFF	TRBV28	TRBJ2-1	1
CASSFYSGGDTQYF	TRBV5-4	TRBJ2-3	1
CASSFYSLDRGNTGELFF	TRBV5-5	TRBJ2-2	1
CASSFYSTGGLETQYF	TRBV7-2	TRBJ2-5	1
CASSFYSVDTEAFF	TRBV12-3	TRBJ1-1	1
CASSFYTGELFF	TRBV27	TRBJ2-2	1
CASSFYTPQETQYF	TRBV11-2	TRBJ2-5	1
CASSFYVDGNTEAFF	TRBV27	TRBJ1-1	1
CASSFYVGGPYEQYF	TRBV27	TRBJ2-7	1
CASSFYVGVNTDTQYF	TRBV7-2	TRBJ2-3	1
CASSFYWGLAISYEQYF	TRBV7-9	TRBJ2-7	1
CASSFYWNNEQFF	TRBV11-3	TRBJ2-1	1
CASSFYYGDGGVTGELFF	TRBV28	TRBJ2-2	1
CASSGAAVSSGNTIYF	TRBV7-9	TRBJ1-3	1
CASSGADRGHYGYTF	TRBV6-1	TRBJ1-2	1
CASSGADYNEQFF	TRBV19	TRBJ2-1	1
CASSGAEGPYYEQYF	TRBV9	TRBJ2-7	1
CASSGAGAEAFF	TRBV2	TRBJ1-1	1
CASSGAGDYNEQFF	TRBV9	TRBJ2-1	1
CASSGAGESHLKQYF	TRBV6-3	TRBJ2-7	1
CASSGAGGGLHTGELFF	TRBV25-1	TRBJ2-2	1
CASSGAGGPQNIQYF	TRBV9	TRBJ2-4	1
CASSGAGLADPNEQFF	TRBV5-6	TRBJ2-1	1
CASSGAGLVDEQFF	TRBV9	TRBJ2-1	1
CASSGAGNTEAFF	TRBV6-1	TRBJ1-1	1
CASSGAGQENNSPLHF	TRBV9	TRBJ1-6	1
CASSGAGQLGGPLHF	TRBV7-9	TRBJ1-6	1
CASSGAGSENYEQYF	TRBV9	TRBJ2-7	1
CASSGAGTGGANTEAFF	TRBV9	TRBJ1-1	1
CASSGAGTTEQFF	TRBV9	TRBJ2-1	1
CASSGAGYTF	TRBV2	TRBJ1-2	1
CASSGAHEQYF	TRBV7-9	TRBJ2-7	1
CASSGAIAGVLDEQYF	TRBV2	TRBJ2-7	1
CASSGALAGDTDTQYF	TRBV10-2	TRBJ2-3	1
CASSGALDGGNNEQFF	TRBV9	TRBJ2-1	1
CASSGALVTEAFF	TRBV12-4	TRBJ1-1	1
CASSGAPTDTQYF	TRBV15	TRBJ2-3	1
CASSGAPYNEQFF	TRBV9	TRBJ2-1	1
CASSGARASTDTQYF	TRBV9	TRBJ2-3	1
CASSGARSSYNEQFF	TRBV5-5	TRBJ2-1	7
CASSGARTSGTDTQYF	TRBV9	TRBJ2-3	1
CASSGASAVSPYEQYF	TRBV7-9	TRBJ2-7	1
CASSGASGANNEQFF	TRBV27	TRBJ2-1	1
CASSGASGVNSPLHF	TRBV9	TRBJ1-6	1
CASSGATGSTDTQYF	TRBV5-4	TRBJ2-3	1
CASSGATRGKETQYF	TRBV13	TRBJ2-5	1
CASSGAVGLFF	TRBV7-9	TRBJ2-2	1
CASSGAVGPEKLFF	TRBV6-5	TRBJ1-4	1
CASSGAVITDTQYF	TRBV2	TRBJ2-3	1
CASSGAVPTYEQYF	TRBV7-8	TRBJ2-7	1
CASSGAYEQYF	TRBV28	TRBJ2-7	1
CASSGDDYGGQPQHF	TRBV9	TRBJ1-5	1
CASSGDGAYEQYF	TRBV5-1	TRBJ2-7	1
CASSGDGDRTDTQYF	TRBV9	TRBJ2-3	1
CASSGDGGTQYF	TRBV9	TRBJ2-3	1
CASSGDGRLLHF	TRBV5-1	TRBJ1-6	1
CASSGDGWSKNEQYF	TRBV27	TRBJ2-7	1
CASSGDGYNEQFF	TRBV5-1	TRBJ2-1	1
CASSGDGYTF	TRBV19	TRBJ1-2	1
CASSGDHDTEAFF	TRBV6-5	TRBJ1-1	1
CASSGDKGEGYTF	TRBV5-4	TRBJ1-2	1
CASSGDPGLDGYTF	TRBV19	TRBJ1-2	1
CASSGDPGQVPYEQYF	TRBV9	TRBJ2-7	1
CASSGDRAAETQYF	TRBV11-2	TRBJ2-5	1
CASSGDRAPNEQFF	TRBV9	TRBJ2-1	1
CASSGDRDSYNEQFF	TRBV12-3	TRBJ2-1	1
CASSGDRDYGYTF	TRBV4-1	TRBJ1-2	1
CASSGDRGNYQETQYF	TRBV5-4	TRBJ2-5	1
CASSGDRLAGASYNEQFF	TRBV10-2	TRBJ2-1	1
CASSGDRVDGYTF	TRBV28	TRBJ1-2	1
CASSGDSDIQYF	TRBV9	TRBJ2-4	1
CASSGDSSGNTIYF	TRBV13	TRBJ1-3	1
CASSGDTITGELFF	TRBV28	TRBJ2-2	1
CASSGDTSYEQYF	TRBV7-9	TRBJ2-7	1
CASSGDWGGYNEQFF	TRBV9	TRBJ2-1	1
CASSGEDASGGTYEQFF	TRBV4-1	TRBJ2-1	1
CASSGEESYEQYF	TRBV5-4	TRBJ2-7	1
CASSGEGGNYGYTF	TRBV9	TRBJ1-2	1
CASSGEGLSTDTQYF	TRBV9	TRBJ2-3	1
CASSGEGPTYEQYF	TRBV7-9	TRBJ2-7	1
CASSGEGPVGRSTDTQYF	TRBV10-1	TRBJ2-3	1
CASSGEGVNEQFF	TRBV7-9	TRBJ2-1	2
CASSGEIKHTDTQYF	TRBV28	TRBJ2-3	1
CASSGELAGGPRETQYF	TRBV7-9	TRBJ2-5	1
CASSGEPGQRSSGLHF	TRBV5-5	TRBJ1-6	1
CASSGEQSSYNEQFF	TRBV2	TRBJ2-1	1
CASSGESSYEQYF	TRBV2	TRBJ2-7	2
CASSGETQYF	TRBV2	TRBJ2-5	1
CASSGETQYF	TRBV9	TRBJ2-5	1
CASSGEVFVGNEQFF	TRBV7-2	TRBJ2-1	1
CASSGEWDPFGYYEQYF	TRBV6-3	TRBJ2-7	1
CASSGEWPEAFF	TRBV11-2	TRBJ1-1	1
CASSGFAGATGANVLTF	TRBV4-2	TRBJ2-6	1
CASSGFHGGELFF	TRBV6-1	TRBJ2-2	1
CASSGFRGGKNEQFF	TRBV6-1	TRBJ2-1	2
CASSGFTAGGYNEQFF	TRBV7-3	TRBJ2-1	1
CASSGFTGAEFF	TRBV9	TRBJ2-1	1
CASSGFWRGVTYEQYF	TRBV25-1	TRBJ2-7	1
CASSGGAATYTGELFF	TRBV28	TRBJ2-2	1
CASSGGAGDTQYF	TRBV9	TRBJ2-3	1
CASSGGAGTEAFF	TRBV6-5	TRBJ1-1	1
CASSGGANSGNTIYF	TRBV2	TRBJ1-3	1
CASSGGANVLTF	TRBV27	TRBJ2-6	1
CASSGGAPRVNEQFF	TRBV9	TRBJ2-1	1
CASSGGAQSSYEQYF	TRBV4-1	TRBJ2-7	1
CASSGGASGIYNEQFF	TRBV5-5	TRBJ2-1	1
CASSGGDGEAFF	TRBV7-9	TRBJ1-1	1
CASSGGDGHPYEQYF	TRBV11-3	TRBJ2-7	1
CASSGGDGYTF	TRBV9	TRBJ1-2	1
CASSGGDLPYEQYF	TRBV27	TRBJ2-7	1
CASSGGDQSMDTQYF	TRBV7-6	TRBJ2-3	1
CASSGGDREWGEQYF	TRBV6-1	TRBJ2-7	1
CASSGGDRQLNEQFF	TRBV12-3	TRBJ2-1	4
CASSGGDSASYEQYF	TRBV30	TRBJ2-7	1
CASSGGDSNTEAFF	TRBV9	TRBJ1-1	1
CASSGGDTEAFF	TRBV12-3	TRBJ1-1	1
CASSGGDTEAFF	TRBV25-1	TRBJ1-1	1
CASSGGDTQYF	TRBV27	TRBJ2-3	1
CASSGGDYEQYF	TRBV6-1	TRBJ2-7	1
CASSGGEPYEQYF	TRBV19	TRBJ2-7	1
CASSGGEQFF	TRBV3-1	TRBJ2-1	1
CASSGGESEQYF	TRBV5-1	TRBJ2-7	1
CASSGGFPGEQYF	TRBV6-3	TRBJ2-7	1
CASSGGFQGETQYF	TRBV9	TRBJ2-5	1
CASSGGGAQETQYF	TRBV9	TRBJ2-5	1
CASSGGGASTDTQYF	TRBV11-2	TRBJ2-3	1
CASSGGGDQPQHF	TRBV6-5	TRBJ1-5	1
CASSGGGEQYF	TRBV5-4	TRBJ2-7	1
CASSGGGETQYF	TRBV9	TRBJ2-5	1
CASSGGGGAGEKLFF	TRBV5-4	TRBJ1-4	1
CASSGGGGGFEVEQYF	TRBV7-2	TRBJ2-7	1
CASSGGGGRSTGELFF	TRBV9	TRBJ2-2	1
CASSGGGGSGNTIYF	TRBV9	TRBJ1-3	1
CASSGGGLAGSWGPGELFF	TRBV9	TRBJ2-2	1
CASSGGGLAYNEQFF	TRBV9	TRBJ2-1	1
CASSGGGLNEKLFF	TRBV25-1	TRBJ1-4	1
CASSGGGNNQPQHF	TRBV6-3	TRBJ1-5	1
CASSGGGPTDTQYF	TRBV27	TRBJ2-3	1
CASSGGGSWTDTQYF	TRBV27	TRBJ2-3	1
CASSGGGTARLWETQYF	TRBV27	TRBJ2-5	1
CASSGGGTEAFF	TRBV27	TRBJ1-1	1
CASSGGGVLGQYF	TRBV10-2	TRBJ2-7	1
CASSGGGYTF	TRBV9	TRBJ1-2	1
CASSGGIGLEYEQYF	TRBV9	TRBJ2-7	1
CASSGGITGEETQYF	TRBV5-5	TRBJ2-5	1
CASSGGITVYGYTF	TRBV2	TRBJ1-2	1
CASSGGKNTEAFF	TRBV25-1	TRBJ1-1	1
CASSGGLAGAPYEQYF	TRBV12-3	TRBJ2-7	1
CASSGGLAGDYNEQFF	TRBV5-6	TRBJ2-1	1
CASSGGLAGGSGYEQYF	TRBV12-4	TRBJ2-7	1
CASSGGLAGGTYNEQFF	TRBV19	TRBJ2-1	1
CASSGGLAGPYEQYF	TRBV6-1	TRBJ2-7	1
CASSGGLAPPYEQYF	TRBV7-9	TRBJ2-7	1
CASSGGLGSNEQFF	TRBV6-1	TRBJ2-1	1
CASSGGLTVLNQPQHF	TRBV5-8	TRBJ1-5	1
CASSGGMVSYNEQFF	TRBV7-3	TRBJ2-1	1
CASSGGNSYEQYF	TRBV9	TRBJ2-7	1
CASSGGPGLADHNEQFF	TRBV6-5	TRBJ2-1	1
CASSGGPISGNTIYF	TRBV4-1	TRBJ1-3	1
CASSGGPRLAGNEQFF	TRBV7-9	TRBJ2-1	1
CASSGGPSGRDYNEQFF	TRBV28	TRBJ2-1	1
CASSGGPTDTQYF	TRBV6-5	TRBJ2-3	1
CASSGGQASGYTF	TRBV27	TRBJ1-2	1
CASSGGQDLLEAFF	TRBV12-3	TRBJ1-1	1
CASSGGQDLSYEQYF	TRBV7-9	TRBJ2-7	1
CASSGGQGAGDEQFF	TRBV5-1	TRBJ2-1	1
CASSGGQGAGDTEAFF	TRBV7-6	TRBJ1-1	1
CASSGGQGASEQYF	TRBV4-1	TRBJ2-7	1
CASSGGQGATGELFF	TRBV5-4	TRBJ2-2	1
CASSGGQGGPNTEAFF	TRBV5-6	TRBJ1-1	1
CASSGGQGGSPLHF	TRBV2	TRBJ1-6	1
CASSGGQGGSPLHF	TRBV9	TRBJ1-6	1
CASSGGQGLYEQYF	TRBV6-1	TRBJ2-7	1
CASSGGQGPGNTIYF	TRBV9	TRBJ1-3	1
CASSGGQGSHEQYF	TRBV12-4	TRBJ2-7	1
CASSGGQGSNQPQHF	TRBV5-5	TRBJ1-5	1
CASSGGQNTGELFF	TRBV6-4	TRBJ2-2	1
CASSGGQREGPYNEQFF	TRBV9	TRBJ2-1	1
CASSGGQSSYEQYF	TRBV5-1	TRBJ2-7	1
CASSGGQVLETQYF	TRBV5-8	TRBJ2-5	2
CASSGGRGAGGSFTGELFF	TRBV9	TRBJ2-2	1
CASSGGRGDTIYF	TRBV6-5	TRBJ1-3	1
CASSGGRGPDEQYF	TRBV9	TRBJ2-7	1
CASSGGRGRTDTQYF	TRBV7-2	TRBJ2-3	1
CASSGGRGVNEQFF	TRBV6-1	TRBJ2-1	1
CASSGGRTTADTQYF	TRBV6-1	TRBJ2-3	1
CASSGGRVNTEAFF	TRBV14	TRBJ1-1	1
CASSGGRVSGNTIYF	TRBV2	TRBJ1-3	1
CASSGGSDTGELFF	TRBV11-2	TRBJ2-2	1
CASSGGSGENTGELFF	TRBV9	TRBJ2-2	1
CASSGGSGLRANEQYF	TRBV9	TRBJ2-7	1
CASSGGSGSPLHF	TRBV9	TRBJ1-6	1
CASSGGSISTDTQYF	TRBV5-1	TRBJ2-3	1
CASSGGSPLHF	TRBV2	TRBJ1-6	1
CASSGGSSGDYNEQFF	TRBV6-4	TRBJ2-1	1
CASSGGSTDTQYF	TRBV12-4	TRBJ2-3	1
CASSGGSTDTQYF	TRBV4-1	TRBJ2-3	1
CASSGGSTPTYEQYF	TRBV11-2	TRBJ2-7	1
CASSGGTDDLETQYF	TRBV2	TRBJ2-5	1
CASSGGTDEAFF	TRBV9	TRBJ1-1	1
CASSGGTDGNTIYF	TRBV7-8	TRBJ1-3	1
CASSGGTDTQYF	TRBV4-3	TRBJ2-3	1
CASSGGTDYNEQFF	TRBV6-4	TRBJ2-1	1
CASSGGTEAFF	TRBV18	TRBJ1-1	1
CASSGGTEAFF	TRBV2	TRBJ1-1	1
CASSGGTEAFF	TRBV27	TRBJ1-1	1
CASSGGTESQDYTF	TRBV7-9	TRBJ1-2	1
CASSGGTGGTEAFF	TRBV9	TRBJ1-1	1
CASSGGTGGTSGSLREQFF	TRBV13	TRBJ2-1	1
CASSGGTGPRYGYTF	TRBV9	TRBJ1-2	1
CASSGGTGSYEQYF	TRBV9	TRBJ2-7	1
CASSGGTNYGYTF	TRBV12-4	TRBJ1-2	1
CASSGGTSAYNEQFF	TRBV7-2	TRBJ2-1	1
CASSGGTSGDEQFF	TRBV9	TRBJ2-1	1
CASSGGTSGDEQYF	TRBV12-4	TRBJ2-7	1
CASSGGTSGNNEQFF	TRBV27	TRBJ2-1	1
CASSGGTSGRTDTQYF	TRBV9	TRBJ2-3	1
CASSGGTSGYNEQFF	TRBV5-6	TRBJ2-1	1
CASSGGTTDADTQYF	TRBV11-3	TRBJ2-3	1
CASSGGTVKYNEQFF	TRBV28	TRBJ2-1	1
CASSGGTVRNGYTF	TRBV25-1	TRBJ1-2	1
CASSGGVDKNYGYTF	TRBV9	TRBJ1-2	1
CASSGGVSGGAGETQYF	TRBV12-3	TRBJ2-5	1
CASSGGVTGELFF	TRBV9	TRBJ2-2	1
CASSGGVVNQPQHF	TRBV10-2	TRBJ1-5	1
CASSGGVVTPETQYF	TRBV19	TRBJ2-5	1
CASSGGWGAGNEQFF	TRBV5-4	TRBJ2-1	1
CASSGGWGIQETQYF	TRBV6-1	TRBJ2-5	2
CASSGGYNSPLHF	TRBV9	TRBJ1-6	1
CASSGGYRAQNTEAFF	TRBV9	TRBJ1-1	1
CASSGGYYNEQFF	TRBV2	TRBJ2-1	1
CASSGHNEQFF	TRBV9	TRBJ2-1	1
CASSGHTGATDTQYF	TRBV9	TRBJ2-3	1
CASSGIAANTGELFF	TRBV28	TRBJ2-2	1
CASSGIAGGPDTQYF	TRBV9	TRBJ2-3	1
CASSGIGLDNYGYTF	TRBV27	TRBJ1-2	1
CASSGILGLAGASDTQYF	TRBV2	TRBJ2-3	1
CASSGILGNEQFF	TRBV27	TRBJ2-1	1
CASSGISGGDQETQYF	TRBV5-6	TRBJ2-5	1
CASSGIVIGGYNEQFF	TRBV7-3	TRBJ2-1	1
CASSGIWDFTDTQYF	TRBV5-5	TRBJ2-3	1
CASSGKDSFYEQYF	TRBV25-1	TRBJ2-7	1
CASSGKGPETQYF	TRBV27	TRBJ2-5	1
CASSGKGPYNEQFF	TRBV2	TRBJ2-1	1
CASSGKGSDEQYF	TRBV7-9	TRBJ2-7	1
CASSGKRGNTGELFF	TRBV11-3	TRBJ2-2	1
CASSGKRGSTDTQYF	TRBV19	TRBJ2-3	1
CASSGKTSGRPTDTQYF	TRBV7-8	TRBJ2-3	1
CASSGLAASYNEQFF	TRBV4-3	TRBJ2-1	1
CASSGLAGDTSYEQYF	TRBV6-3	TRBJ2-7	1
CASSGLAGESSYNEQFF	TRBV2	TRBJ2-1	1
CASSGLAGGLDEQFF	TRBV27	TRBJ2-1	1
CASSGLAGGQETQYF	TRBV5-1	TRBJ2-5	1
CASSGLAGGYEQYF	TRBV6-1	TRBJ2-7	1
CASSGLAGLFVTLGDTQYF	TRBV6-1	TRBJ2-3	1
CASSGLAGLNEQFF	TRBV19	TRBJ2-1	17
CASSGLAGSSSGANVLTF	TRBV6-5	TRBJ2-6	1
CASSGLAGVPDTQYF	TRBV19	TRBJ2-3	1
CASSGLAGVTDTQYF	TRBV28	TRBJ2-3	1
CASSGLASTGELFF	TRBV28	TRBJ2-2	1
CASSGLAVTSDTQYF	TRBV6-1	TRBJ2-3	1
CASSGLDNEQFF	TRBV28	TRBJ2-1	1
CASSGLEGYTF	TRBV19	TRBJ1-2	1
CASSGLGARETEQFF	TRBV2	TRBJ2-1	4
CASSGLGEGNTEAFF	TRBV5-1	TRBJ1-1	1
CASSGLGERGTGGYEQYF	TRBV9	TRBJ2-7	1
CASSGLGQENYGYTF	TRBV2	TRBJ1-2	1
CASSGLGQGGTDTQYF	TRBV9	TRBJ2-3	1
CASSGLGRDTQYF	TRBV12-4	TRBJ2-3	1
CASSGLGTGRGYTF	TRBV9	TRBJ1-2	1
CASSGLGVFGEQYF	TRBV5-6	TRBJ2-7	1
CASSGLIYNEQFF	TRBV9	TRBJ2-1	1
CASSGLLGPDTQYF	TRBV12-3	TRBJ2-3	1
CASSGLLTDTQYF	TRBV6-3	TRBJ2-3	1
CASSGLNEQFF	TRBV6-5	TRBJ2-1	1
CASSGLQNIQYF	TRBV5-1	TRBJ2-4	1
CASSGLRGEETQYF	TRBV9	TRBJ2-5	1
CASSGLRWDRELETQYF	TRBV6-1	TRBJ2-5	1
CASSGLSGMEQYF	TRBV9	TRBJ2-7	1
CASSGLSSSYEQYF	TRBV27	TRBJ2-7	1
CASSGLSSYEQYF	TRBV5-1	TRBJ2-7	1
CASSGLTSGNTDTQYF	TRBV5-5	TRBJ2-3	1
CASSGLVDTQYF	TRBV27	TRBJ2-3	1
CASSGLVVGQETQYF	TRBV2	TRBJ2-5	1
CASSGLVVTNEKLFF	TRBV5-6	TRBJ1-4	1
CASSGMGSGSSEQYF	TRBV7-2	TRBJ2-7	1
CASSGMTGNTEAFF	TRBV9	TRBJ1-1	1
CASSGNEQFF	TRBV6-3	TRBJ2-1	1
CASSGNEQYF	TRBV9	TRBJ2-7	1
CASSGNGDRVDSGANVLTF	TRBV28	TRBJ2-6	1
CASSGNNEQFF	TRBV27	TRBJ2-1	1
CASSGNPDRLQTYEQYF	TRBV3-1	TRBJ2-7	1
CASSGNPGTLQFF	TRBV10-2	TRBJ2-1	1
CASSGNQYF	TRBV2	TRBJ2-5	1
CASSGNRDLQSGYTF	TRBV9	TRBJ1-2	1
CASSGNRGGLAKNIQYF	TRBV5-6	TRBJ2-4	1
CASSGNSGSNYNEQFF	TRBV9	TRBJ2-1	1
CASSGNTQYF	TRBV2	TRBJ2-3	1
CASSGPDGPPYEQYF	TRBV9	TRBJ2-7	1
CASSGPEETQYF	TRBV5-1	TRBJ2-5	7
CASSGPGGVDEQYF	TRBV5-5	TRBJ2-7	3
CASSGPGHQETQYF	TRBV2	TRBJ2-5	1
CASSGPGPSESTDTQYF	TRBV10-1	TRBJ2-3	1
CASSGPGPSYEQYF	TRBV6-3	TRBJ2-7	3
CASSGPGQLSTDTEAFF	TRBV9	TRBJ1-1	1
CASSGPGTDPREQYF	TRBV9	TRBJ2-7	1
CASSGPGTRGAGELFF	TRBV5-5	TRBJ2-2	1
CASSGPGWTEAFF	TRBV19	TRBJ1-1	1
CASSGPLAGGRETQYF	TRBV9	TRBJ2-5	1
CASSGPLGGDF	TRBV9	TRBJ2-7	1
CASSGPLQDSGNTIYF	TRBV9	TRBJ1-3	1
CASSGPNQPQHF	TRBV2	TRBJ1-5	1
CASSGPQGIDTQYF	TRBV7-9	TRBJ2-3	1
CASSGPRDGRNQPQHF	TRBV7-7	TRBJ1-5	1
CASSGPRDPYEQYF	TRBV9	TRBJ2-7	1
CASSGPREPGSPLHF	TRBV9	TRBJ1-6	1
CASSGPRGSSYNEQFF	TRBV7-9	TRBJ2-1	1
CASSGPRQGQKTHPTWEQYF	TRBV2	TRBJ2-7	2
CASSGPRRETQYF	TRBV28	TRBJ2-5	1
CASSGPTGELFF	TRBV9	TRBJ2-2	1
CASSGPTNYGYTF	TRBV13	TRBJ1-2	1
CASSGPTPRGQETQYF	TRBV7-9	TRBJ2-5	1
CASSGPTVIMNTEAFF	TRBV28	TRBJ1-1	1
CASSGPYNEQFF	TRBV9	TRBJ2-1	1
CASSGQAFYGYTF	TRBV27	TRBJ1-2	1
CASSGQDSNQPQHF	TRBV9	TRBJ1-5	1
CASSGQEYNEQFF	TRBV6-3	TRBJ2-1	1
CASSGQGAIRPYGYTF	TRBV12-3	TRBJ1-2	1
CASSGQGANTEAFF	TRBV9	TRBJ1-1	1
CASSGQGARAFF	TRBV27	TRBJ1-1	1
CASSGQGARQETQYF	TRBV9	TRBJ2-5	1
CASSGQGARSSGNTIYF	TRBV9	TRBJ1-3	1
CASSGQGAYGYTF	TRBV25-1	TRBJ1-2	1
CASSGQGGDEQFF	TRBV2	TRBJ2-1	1
CASSGQGGEYEQYF	TRBV5-6	TRBJ2-7	1
CASSGQGGGNQPQHF	TRBV19	TRBJ1-5	1
CASSGQGGSYEQYF	TRBV7-9	TRBJ2-7	1
CASSGQGNEQFF	TRBV27	TRBJ2-1	1
CASSGQGPDTDTQYF	TRBV9	TRBJ2-3	1
CASSGQGPETQYF	TRBV12-3	TRBJ2-5	1
CASSGQGRFTDTQYF	TRBV9	TRBJ2-3	1
CASSGQGSEQYF	TRBV9	TRBJ2-7	1
CASSGQGTETQYF	TRBV6-3	TRBJ2-5	1
CASSGQGTHNEQFF	TRBV13	TRBJ2-1	1
CASSGQGYEQYF	TRBV7-2	TRBJ2-7	1
CASSGQIAGGYNEQFF	TRBV7-6	TRBJ2-1	1
CASSGQLGESYEQYF	TRBV4-1	TRBJ2-7	1
CASSGQNEKLFF	TRBV6-3	TRBJ1-4	1
CASSGQNGGNEQFF	TRBV9	TRBJ2-1	1
CASSGQNNEQFF	TRBV6-6	TRBJ2-1	1
CASSGQPHLTNEKLFF	TRBV19	TRBJ1-4	1
CASSGQSGYTF	TRBV27	TRBJ1-2	1
CASSGQTGELDYGYTF	TRBV5-1	TRBJ1-2	1
CASSGQTGGDYGYTF	TRBV9	TRBJ1-2	1
CASSGQVGNIQYF	TRBV12-3	TRBJ2-4	1
CASSGQVKAGNTIYF	TRBV2	TRBJ1-3	1
CASSGQVRPGYTF	TRBV7-9	TRBJ1-2	1
CASSGQVSKPSYNEQFF	TRBV5-4	TRBJ2-1	1
CASSGQVYSNQPQHF	TRBV6-1	TRBJ1-5	1
CASSGRAGGTEAFF	TRBV2	TRBJ1-1	1
CASSGRAGTGVQFF	TRBV27	TRBJ2-1	1
CASSGRDLTDTQYF	TRBV9	TRBJ2-3	1
CASSGRDRAGGTEAFF	TRBV9	TRBJ1-1	1
CASSGRDSFLIF	TRBV9	TRBJ2-1	1
CASSGRDSVFYYNEQFF	TRBV9	TRBJ2-1	1
CASSGRDWENTEAFF	TRBV19	TRBJ1-1	1
CASSGRELAGYNEQFF	TRBV28	TRBJ2-1	1
CASSGRESTDTQYF	TRBV9	TRBJ2-3	1
CASSGRGATAVEAFF	TRBV7-8	TRBJ1-1	1
CASSGRGDTEAFF	TRBV5-8	TRBJ1-1	1
CASSGRGDTQYF	TRBV7-9	TRBJ2-3	1
CASSGRGGDNQPQHF	TRBV2	TRBJ1-5	1
CASSGRGGGSSYEQYF	TRBV7-8	TRBJ2-7	1
CASSGRGLDNEQFF	TRBV9	TRBJ2-1	1
CASSGRGMGPFF	TRBV25-1	TRBJ1-1	1
CASSGRGNTEAFF	TRBV7-9	TRBJ1-1	1
CASSGRGQGLPGELFF	TRBV27	TRBJ2-2	1
CASSGRGYGYTF	TRBV7-9	TRBJ1-2	1
CASSGRHLNLDTQYF	TRBV4-2	TRBJ2-3	1
CASSGRHPGLAGGNNEQFF	TRBV6-3	TRBJ2-1	1
CASSGRHVDTKDTQYF	TRBV14	TRBJ2-3	13
CASSGRKGPDTQYF	TRBV9	TRBJ2-3	1
CASSGRLAEVQFF	TRBV2	TRBJ2-1	1
CASSGRLAGETSHYEQYF	TRBV7-2	TRBJ2-7	1
CASSGRLFTDTQYF	TRBV19	TRBJ2-3	1
CASSGRNWDSTDTQYF	TRBV9	TRBJ2-3	1
CASSGRPPGVNEQFF	TRBV19	TRBJ2-1	1
CASSGRQGEETQYF	TRBV6-4	TRBJ2-5	1
CASSGRQGREQYF	TRBV7-9	TRBJ2-7	1
CASSGRQLLSTDTQYF	TRBV9	TRBJ2-3	1
CASSGRQPPGAFF	TRBV5-1	TRBJ1-1	1
CASSGRQVVEQPQHF	TRBV2	TRBJ1-5	1
CASSGRQYSSYNEQFF	TRBV10-1	TRBJ2-1	1
CASSGRRSGNTIYF	TRBV7-6	TRBJ1-3	1
CASSGRSGETQYF	TRBV19	TRBJ2-5	7
CASSGRSGGEQYF	TRBV10-3	TRBJ2-7	1
CASSGRSGYEQYF	TRBV19	TRBJ2-7	1
CASSGRSQETQYF	TRBV19	TRBJ2-5	1
CASSGRSSQPQHF	TRBV19	TRBJ1-5	1
CASSGRSSYNEQFF	TRBV9	TRBJ2-1	1
CASSGRSTDTQYF	TRBV19	TRBJ2-3	6
CASSGRSTGELFF	TRBV19	TRBJ2-2	28
CASSGRTDYEQYF	TRBV7-6	TRBJ2-7	1
CASSGRTEDQETQYF	TRBV9	TRBJ2-5	1
CASSGRTGDNSPLHF	TRBV6-1	TRBJ1-6	1
CASSGRTGGALIGEKLFF	TRBV11-2	TRBJ1-4	1
CASSGRTGGEKETQYF	TRBV5-6	TRBJ2-5	1
CASSGRTGMGYTF	TRBV2	TRBJ1-2	1
CASSGRTGPNYGYTF	TRBV12-4	TRBJ1-2	1
CASSGRTGSSYEQYF	TRBV2	TRBJ2-7	1
CASSGRVSGNTIYF	TRBV27	TRBJ1-3	1
CASSGRYSNQPQHF	TRBV6-1	TRBJ1-5	1
CASSGSAAYEQYF	TRBV2	TRBJ2-7	1
CASSGSAGSTDTQYF	TRBV6-4	TRBJ2-3	2
CASSGSEQSTGELFF	TRBV6-5	TRBJ2-2	1
CASSGSGANEQYF	TRBV27	TRBJ2-7	4
CASSGSGDPKWAYNEQFF	TRBV6-1	TRBJ2-1	1
CASSGSGDSSYEQYF	TRBV7-9	TRBJ2-7	1
CASSGSGGNTIYF	TRBV9	TRBJ1-3	1
CASSGSGGPDTGELFF	TRBV9	TRBJ2-2	1
CASSGSGGRLDTQYF	TRBV7-3	TRBJ2-3	1
CASSGSGNTGELFF	TRBV9	TRBJ2-2	1
CASSGSGSSYNEQFF	TRBV19	TRBJ2-1	1
CASSGSGTALVAKNIQYF	TRBV7-9	TRBJ2-4	1
CASSGSGTAYTGELFF	TRBV7-8	TRBJ2-2	1
CASSGSGTLYNEQFF	TRBV9	TRBJ2-1	1
CASSGSGTQETQYF	TRBV9	TRBJ2-5	1
CASSGSGTSGNEQYF	TRBV9	TRBJ2-7	1
CASSGSHEQYF	TRBV9	TRBJ2-7	1
CASSGSPGLNTGELFF	TRBV9	TRBJ2-2	1
CASSGSPPAAGSYEQYF	TRBV4-1	TRBJ2-7	1
CASSGSPPSLDQETQYF	TRBV6-1	TRBJ2-5	1
CASSGSQNIQYF	TRBV9	TRBJ2-4	1
CASSGSREANQPQHF	TRBV7-3	TRBJ1-5	1
CASSGSREQFF	TRBV13	TRBJ2-1	1
CASSGSSGTSKNIQYF	TRBV9	TRBJ2-4	1
CASSGSTDGYTF	TRBV5-1	TRBJ1-2	1
CASSGSTGPSDYNEQFF	TRBV28	TRBJ2-1	1
CASSGSWRDGNYGYTF	TRBV5-4	TRBJ1-2	1
CASSGSWTSGGYNEQFF	TRBV2	TRBJ2-1	1
CASSGSYVQETQYF	TRBV6-1	TRBJ2-5	1
CASSGSYVYGYTF	TRBV6-3	TRBJ1-2	1
CASSGTAFWGYTF	TRBV2	TRBJ1-2	1
CASSGTARTNEKLFF	TRBV6-1	TRBJ1-4	1
CASSGTASGAKNIQYF	TRBV2	TRBJ2-4	1
CASSGTAYEQYF	TRBV5-8	TRBJ2-7	1
CASSGTDSNQPQHF	TRBV9	TRBJ1-5	1
CASSGTEEQFF	TRBV2	TRBJ2-1	1
CASSGTEHEAFF	TRBV6-1	TRBJ1-1	1
CASSGTGADTQYF	TRBV6-1	TRBJ2-3	1
CASSGTGANYGYTF	TRBV5-6	TRBJ1-2	4
CASSGTGDYGYTF	TRBV6-3	TRBJ1-2	1
CASSGTGELFF	TRBV6-3	TRBJ2-2	1
CASSGTGENEQFF	TRBV11-2	TRBJ2-1	1
CASSGTGEQYF	TRBV27	TRBJ2-7	1
CASSGTGFGYTF	TRBV7-9	TRBJ1-2	1
CASSGTGFTGELFF	TRBV9	TRBJ2-2	1
CASSGTGGATFFKSYEQYF	TRBV9	TRBJ2-7	1
CASSGTGGDEQYF	TRBV4-1	TRBJ2-7	1
CASSGTGGDIQYF	TRBV6-5	TRBJ2-4	1
CASSGTGGDWEKLFF	TRBV9	TRBJ1-4	1
CASSGTGGGDFGYTF	TRBV5-6	TRBJ1-2	1
CASSGTGGGDSDTQYF	TRBV7-8	TRBJ2-3	1
CASSGTGGLSYEQYF	TRBV6-4	TRBJ2-7	1
CASSGTGGPEAFF	TRBV5-6	TRBJ1-1	1
CASSGTGGRGTEAFF	TRBV6-6	TRBJ1-1	1
CASSGTGGVGYSPLHF	TRBV6-1	TRBJ1-6	1
CASSGTGIGSEKLFF	TRBV6-6	TRBJ1-4	1
CASSGTGLDEQYF	TRBV7-2	TRBJ2-7	1
CASSGTGMRLAGIEQFF	TRBV4-1	TRBJ2-1	1
CASSGTGPGGQYF	TRBV7-3	TRBJ2-3	1
CASSGTGPHEQFF	TRBV6-3	TRBJ2-1	1
CASSGTGRYEKLFF	TRBV5-1	TRBJ1-4	1
CASSGTGSSYEQYF	TRBV27	TRBJ2-7	2
CASSGTGSSYEQYF	TRBV5-5	TRBJ2-7	1
CASSGTGSSYEQYF	TRBV6-3	TRBJ2-7	1
CASSGTGVGIQYF	TRBV18	TRBJ2-4	1
CASSGTGVLGELFF	TRBV7-6	TRBJ2-2	1
CASSGTGVPNSNQPQHF	TRBV27	TRBJ1-5	1
CASSGTGVYEQYF	TRBV5-8	TRBJ2-7	1
CASSGTGYEKLFF	TRBV12-4	TRBJ1-4	1
CASSGTGYGYEQYF	TRBV25-1	TRBJ2-7	1
CASSGTGYNYGYTF	TRBV2	TRBJ1-2	1
CASSGTGYYEQYF	TRBV9	TRBJ2-7	1
CASSGTLNTEAFF	TRBV19	TRBJ1-1	1
CASSGTNNLEQFF	TRBV5-6	TRBJ2-1	1
CASSGTNQETQYF	TRBV4-1	TRBJ2-5	1
CASSGTQPGLGGEQFF	TRBV6-4	TRBJ2-1	1
CASSGTRGDEQYF	TRBV9	TRBJ2-7	1
CASSGTSDPADTQYF	TRBV6-6	TRBJ2-3	1
CASSGTSFTMGDTQYF	TRBV12-4	TRBJ2-3	1
CASSGTSGAYNEQFF	TRBV7-8	TRBJ2-1	7
CASSGTSGDNEQFF	TRBV28	TRBJ2-1	1
CASSGTSGELFF	TRBV28	TRBJ2-2	1
CASSGTSGILETQYF	TRBV9	TRBJ2-5	1
CASSGTSGRVHRLLETQYF	TRBV28	TRBJ2-5	1
CASSGTSGSGGYNEQFF	TRBV28	TRBJ2-1	1
CASSGTSGSYEQYF	TRBV5-4	TRBJ2-7	1
CASSGTSGVHTGELFF	TRBV11-2	TRBJ2-2	1
CASSGTSVHEQYF	TRBV19	TRBJ2-7	2
CASSGTSWNEQFF	TRBV5-4	TRBJ2-1	1
CASSGTTGGALGEKLFF	TRBV6-5	TRBJ1-4	1
CASSGTTGTTEAFF	TRBV5-1	TRBJ1-1	1
CASSGTTYEQYF	TRBV5-6	TRBJ2-7	1
CASSGTYEQYF	TRBV9	TRBJ2-7	1
CASSGVAYGYTF	TRBV6-5	TRBJ1-2	1
CASSGVEAFF	TRBV7-9	TRBJ1-1	1
CASSGVEGVYEQFF	TRBV12-4	TRBJ2-1	1
CASSGVGRQTYEQYF	TRBV6-1	TRBJ2-7	3
CASSGVLAASTDTQYF	TRBV28	TRBJ2-3	1
CASSGVLDLSGNTIYF	TRBV19	TRBJ1-3	1
CASSGVLGSDGYTF	TRBV13	TRBJ1-2	5
CASSGVLQETQYF	TRBV10-2	TRBJ2-5	1
CASSGVQSFNYGYTF	TRBV9	TRBJ1-2	1
CASSGVRDKSSYEQYF	TRBV28	TRBJ2-7	1
CASSGVRDNEQFF	TRBV28	TRBJ2-1	1
CASSGVSAYGYTF	TRBV6-3	TRBJ1-2	1
CASSGWGLAGGRPYEQYF	TRBV5-1	TRBJ2-7	1
CASSGWGTDTQYF	TRBV5-1	TRBJ2-3	1
CASSGWNAQGGSGNTIYF	TRBV9	TRBJ1-3	1
CASSGWRRDTGELFF	TRBV19	TRBJ2-2	1
CASSGWTEANSPLHF	TRBV19	TRBJ1-6	1
CASSGWTTSSTNEKLFF	TRBV2	TRBJ1-4	1
CASSGWVYNEQFF	TRBV7-2	TRBJ2-1	1
CASSGYLAGADNEQFF	TRBV9	TRBJ2-1	1
CASSGYQATDTQYF	TRBV5-1	TRBJ2-3	1
CASSGYRGGPYNEQFF	TRBV10-2	TRBJ2-1	1
CASSGYTGELFF	TRBV9	TRBJ2-2	1
CASSGYWGLGYGYTF	TRBV4-3	TRBJ1-2	1
CASSHADGLNTEAFF	TRBV3-1	TRBJ1-1	1
CASSHAGDEQYF	TRBV7-9	TRBJ2-7	1
CASSHAKKTGGYLYGYTF	TRBV4-3	TRBJ1-2	1
CASSHALEGASYGYTF	TRBV3-1	TRBJ1-2	1
CASSHAPGQGVGIEDTQYF	TRBV4-3	TRBJ2-3	1
CASSHAQVQNSPLHF	TRBV5-5	TRBJ1-6	1
CASSHARGSSYNEQFF	TRBV12-4	TRBJ2-1	1
CASSHATIGGSRLGTQYF	TRBV4-3	TRBJ2-5	1
CASSHDDLRGEYNEQFF	TRBV7-9	TRBJ2-1	1
CASSHDGTGDSGAFF	TRBV7-9	TRBJ1-1	1
CASSHDIKETQYF	TRBV6-5	TRBJ2-5	1
CASSHDPGLAADTQYF	TRBV4-3	TRBJ2-3	1
CASSHDRAGTEAFF	TRBV6-3	TRBJ1-1	1
CASSHDRAWGNEQFF	TRBV14	TRBJ2-1	1
CASSHDRDYEQYF	TRBV4-1	TRBJ2-7	1
CASSHDRGGHNEQFF	TRBV5-6	TRBJ2-1	1
CASSHDRGHGYTF	TRBV6-3	TRBJ1-2	1
CASSHDRGKQETQYF	TRBV12-4	TRBJ2-5	1
CASSHDRGPRNTQYF	TRBV18	TRBJ2-5	1
CASSHDRGTSGNTIYF	TRBV5-1	TRBJ1-3	1
CASSHDRRSDTQYF	TRBV28	TRBJ2-3	1
CASSHEDRGGYTF	TRBV4-3	TRBJ1-2	1
CASSHEGKGEQFF	TRBV7-9	TRBJ2-1	1
CASSHEKGLSAGYTF	TRBV5-6	TRBJ1-2	1
CASSHELAGVGSEQFF	TRBV13	TRBJ2-1	1
CASSHEQGQETQYF	TRBV7-9	TRBJ2-5	1
CASSHERQGPNTGELFF	TRBV4-3	TRBJ2-2	1
CASSHETSASYEQYF	TRBV5-4	TRBJ2-7	1
CASSHEVAGVQETQYF	TRBV14	TRBJ2-5	1
CASSHEVGEIYGYTF	TRBV13	TRBJ1-2	1
CASSHFAARGNYEQYF	TRBV4-1	TRBJ2-7	1
CASSHFFRVRAGELFF	TRBV5-6	TRBJ2-2	1
CASSHFGLGQPQHF	TRBV3-1	TRBJ1-5	1
CASSHFRAPFSQPQHF	TRBV4-3	TRBJ1-5	1
CASSHFRDGEAFF	TRBV4-1	TRBJ1-1	1
CASSHFTYEQYF	TRBV13	TRBJ2-7	1
CASSHGAPTEAFF	TRBV7-2	TRBJ1-1	1
CASSHGEGEPYTEAFF	TRBV6-5	TRBJ1-1	1
CASSHGETYEQYF	TRBV4-1	TRBJ2-7	1
CASSHGGASGMGEQFF	TRBV3-1	TRBJ2-1	1
CASSHGGEYEQYF	TRBV3-1	TRBJ2-7	1
CASSHGGGNEQYF	TRBV4-1	TRBJ2-7	1
CASSHGGGSEQFF	TRBV11-3	TRBJ2-1	1
CASSHGGNYEQYF	TRBV5-4	TRBJ2-7	1
CASSHGGPEAFF	TRBV6-3	TRBJ1-1	1
CASSHGGQVYGYTF	TRBV14	TRBJ1-2	1
CASSHGGSGLPSNYEQYF	TRBV4-3	TRBJ2-7	1
CASSHGGSNTGELFF	TRBV4-2	TRBJ2-2	1
CASSHGGSTDTQYF	TRBV7-7	TRBJ2-3	1
CASSHGGTEAFF	TRBV28	TRBJ1-1	2
CASSHGGTEAFF	TRBV6-3	TRBJ1-1	1
CASSHGGTGRIDNEQFF	TRBV4-3	TRBJ2-1	2
CASSHGKGGNEQFF	TRBV4-1	TRBJ2-1	2
CASSHGLAGGPIYYNEQFF	TRBV3-1	TRBJ2-1	1
CASSHGLAGPQETQYF	TRBV4-1	TRBJ2-5	1
CASSHGLAGVEQYF	TRBV6-3	TRBJ2-7	1
CASSHGLEQYF	TRBV7-2	TRBJ2-7	1
CASSHGPPGQGVYGYTF	TRBV4-3	TRBJ1-2	1
CASSHGPSPNTGELFF	TRBV4-1	TRBJ2-2	1
CASSHGPTYEQYF	TRBV6-5	TRBJ2-7	1
CASSHGQENNEQFF	TRBV3-1	TRBJ2-1	1
CASSHGQGAGSPLHF	TRBV27	TRBJ1-6	1
CASSHGQGAHYGYTF	TRBV3-1	TRBJ1-2	1
CASSHGQGGAFF	TRBV4-2	TRBJ1-1	1
CASSHGQGREQYF	TRBV7-3	TRBJ2-7	1
CASSHGQGRGNTEAFF	TRBV4-3	TRBJ1-1	1
CASSHGQGSAEQYF	TRBV5-1	TRBJ2-7	1
CASSHGQGSPGANVLTF	TRBV4-1	TRBJ2-6	1
CASSHGQGVISF	TRBV13	TRBJ1-1	1
CASSHGQGYGYTF	TRBV19	TRBJ1-2	1
CASSHGQGYSTGVLTF	TRBV4-3	TRBJ2-6	1
CASSHGQVNQPQHF	TRBV28	TRBJ1-5	1
CASSHGREREGRSSDTQYF	TRBV4-3	TRBJ2-3	1
CASSHGRGVDTQYF	TRBV4-2	TRBJ2-3	1
CASSHGRGYNEQFF	TRBV4-3	TRBJ2-1	1
CASSHGSGSPYGYTF	TRBV11-2	TRBJ1-2	28
CASSHGSGVKNNEQFF	TRBV3-1	TRBJ2-1	1
CASSHGTAHEKLFF	TRBV11-2	TRBJ1-4	1
CASSHGTAIVDSPLHF	TRBV7-8	TRBJ1-6	1
CASSHGTDTQYF	TRBV7-9	TRBJ2-3	1
CASSHGTGPSSGNTIYF	TRBV4-3	TRBJ1-3	1
CASSHGTGYTEAFF	TRBV5-1	TRBJ1-1	1
CASSHGTRGVFDTEAFF	TRBV14	TRBJ1-1	1
CASSHGTRTYEQYF	TRBV4-1	TRBJ2-7	1
CASSHGTSGSDEQYF	TRBV4-2	TRBJ2-7	1
CASSHGTSGSPGELFF	TRBV7-9	TRBJ2-2	1
CASSHGVAETQYF	TRBV27	TRBJ2-5	1
CASSHGWVWYGYTF	TRBV4-2	TRBJ1-2	1
CASSHHDRLSSYEQYF	TRBV6-5	TRBJ2-7	1
CASSHHFGQYEQYF	TRBV4-3	TRBJ2-7	1
CASSHHGPKERDMADTQYF	TRBV4-2	TRBJ2-3	1
CASSHHPREQYF	TRBV14	TRBJ2-7	1
CASSHHRENSGNTIYF	TRBV7-7	TRBJ1-3	1
CASSHHSGRATDTQYF	TRBV13	TRBJ2-3	1
CASSHHTDLQETQYF	TRBV3-1	TRBJ2-5	1
CASSHIAGDSYNEQFF	TRBV6-3	TRBJ2-1	1
CASSHIEDRYGYTF	TRBV14	TRBJ1-2	1
CASSHIGDYGYTF	TRBV11-1	TRBJ1-2	4
CASSHIGQGYTF	TRBV9	TRBJ1-2	1
CASSHIGTGGVFRNSPLHF	TRBV4-1	TRBJ1-6	1
CASSHIPGGTEAFF	TRBV5-4	TRBJ1-1	1
CASSHIRAQNTEAFF	TRBV3-1	TRBJ1-1	1
CASSHIRESYEQYF	TRBV7-6	TRBJ2-7	1
CASSHIRHEQYF	TRBV14	TRBJ2-7	1
CASSHITNRGDIQYF	TRBV7-2	TRBJ2-4	1
CASSHKDEQFF	TRBV2	TRBJ2-1	1
CASSHKDGSYEQYF	TRBV6-5	TRBJ2-7	1
CASSHKGLYGYTF	TRBV3-1	TRBJ1-2	1
CASSHKPGSSYNEQFF	TRBV9	TRBJ2-1	1
CASSHLADEQFF	TRBV14	TRBJ2-1	1
CASSHLAGGLYNEQFF	TRBV4-2	TRBJ2-1	1
CASSHLAGGSTDTQYF	TRBV3-1	TRBJ2-3	1
CASSHLAGVPWETQYF	TRBV4-2	TRBJ2-5	1
CASSHLDRGGTGELFF	TRBV14	TRBJ2-2	1
CASSHLDRGRTEAFF	TRBV3-1	TRBJ1-1	1
CASSHLEGGGWPQHF	TRBV4-3	TRBJ1-5	1
CASSHLETGELFF	TRBV11-2	TRBJ2-2	1
CASSHLGAHQLNF	TRBV7-3	TRBJ2-1	1
CASSHLGGAGEAFF	TRBV7-8	TRBJ1-1	1
CASSHLGGAGETDTQYF	TRBV4-3	TRBJ2-3	1
CASSHLGGDRYMNEQFF	TRBV3-1	TRBJ2-1	5
CASSHLGGRLPYEQYF	TRBV27	TRBJ2-7	1
CASSHLGQEELFF	TRBV7-9	TRBJ2-2	1
CASSHLGQILIYGYTF	TRBV6-3	TRBJ1-2	1
CASSHLGRDRTYEQYF	TRBV4-3	TRBJ2-7	1
CASSHLGSGSFYNEQFF	TRBV4-1	TRBJ2-1	1
CASSHLGSSYNEQFF	TRBV4-1	TRBJ2-1	1
CASSHLILGETQYF	TRBV4-3	TRBJ2-5	1
CASSHLIRDRDTEAFF	TRBV3-1	TRBJ1-1	1
CASSHLISGRQRGTDTQYF	TRBV7-9	TRBJ2-3	1
CASSHLKDGYEQYF	TRBV27	TRBJ2-7	1
CASSHLLAGNTGELFF	TRBV3-1	TRBJ2-2	1
CASSHLLGQGYEQYF	TRBV4-3	TRBJ2-7	1
CASSHLLSDIQYF	TRBV4-1	TRBJ2-4	1
CASSHLLSTVDYEQYF	TRBV19	TRBJ2-7	1
CASSHLNGYIQYF	TRBV7-6	TRBJ2-4	2
CASSHLPDDSTYGYTF	TRBV4-3	TRBJ1-2	1
CASSHLPGGTEAFF	TRBV4-1	TRBJ1-1	1
CASSHLPGQGEAFF	TRBV3-1	TRBJ1-1	3
CASSHLPGQGTDEQYF	TRBV14	TRBJ2-7	1
CASSHLRFTQYF	TRBV4-1	TRBJ2-3	1
CASSHLRGEAFF	TRBV13	TRBJ1-1	1
CASSHLRLGHTDTQYF	TRBV11-2	TRBJ2-3	1
CASSHLRVGTEAFF	TRBV27	TRBJ1-1	1
CASSHLSHTEAFF	TRBV14	TRBJ1-1	1
CASSHLTDREQFF	TRBV12-4	TRBJ2-1	1
CASSHLVGGPGEQFF	TRBV4-2	TRBJ2-1	1
CASSHLYEQYF	TRBV4-3	TRBJ2-7	1
CASSHMGGAKNIQYF	TRBV6-1	TRBJ2-4	1
CASSHNGLDTFF	TRBV28	TRBJ1-1	1
CASSHNNEQFF	TRBV4-3	TRBJ2-1	1
CASSHNPGGQNEQYF	TRBV7-8	TRBJ2-7	1
CASSHNQGSTVEQYF	TRBV7-2	TRBJ2-7	1
CASSHNQGVVVETQYF	TRBV4-3	TRBJ2-5	1
CASSHNRDQYF	TRBV16	TRBJ2-7	5
CASSHNSEYTEAFF	TRBV18	TRBJ1-1	1
CASSHNTREQETQYF	TRBV7-9	TRBJ2-5	1
CASSHPEGGSNQETQYF	TRBV6-5	TRBJ2-5	1
CASSHPGERHSYEQYF	TRBV4-2	TRBJ2-7	1
CASSHPGGETQYF	TRBV12-3	TRBJ2-5	1
CASSHPGGFGYTF	TRBV4-1	TRBJ1-2	1
CASSHPGGGTEAFF	TRBV4-3	TRBJ1-1	1
CASSHPGGSFTGELFF	TRBV5-1	TRBJ2-2	1
CASSHPGLAGVIGHSSYEQYF	TRBV28	TRBJ2-7	1
CASSHPGPRSYNEQFF	TRBV6-3	TRBJ2-1	1
CASSHPGQGQETQYF	TRBV3-1	TRBJ2-5	1
CASSHPGQGSLTRDSPLHF	TRBV4-1	TRBJ1-6	1
CASSHPGQGYSGGPSYEQYF	TRBV3-1	TRBJ2-7	1
CASSHPGREQYF	TRBV4-1	TRBJ2-7	1
CASSHPGRRGNNMAFF	TRBV7-2	TRBJ1-1	1
CASSHPGSSYEQYF	TRBV4-1	TRBJ2-7	1
CASSHPGTGGFGDTQYF	TRBV4-1	TRBJ2-3	1
CASSHPGTGIDEQFF	TRBV4-1	TRBJ2-1	1
CASSHPGTGITDTQYF	TRBV14	TRBJ2-3	1
CASSHPGTSPSNEQFF	TRBV4-3	TRBJ2-1	1
CASSHPHRGETEAFF	TRBV11-2	TRBJ1-1	1
CASSHPLASSTDTQYF	TRBV4-1	TRBJ2-3	1
CASSHPLFKYEQYF	TRBV3-1	TRBJ2-7	1
CASSHPPIRIGLLDEAFF	TRBV4-1	TRBJ1-1	1
CASSHPPRLAGGYQETQYF	TRBV4-1	TRBJ2-5	1
CASSHPPSRQGSKNIQYF	TRBV21-1	TRBJ2-4	1
CASSHPQAGVTREQYF	TRBV12-3	TRBJ2-7	1
CASSHPQDTQYF	TRBV11-2	TRBJ2-3	1
CASSHPQGVNTEAFF	TRBV7-9	TRBJ1-1	1
CASSHPQGVTSRSGNTIYF	TRBV9	TRBJ1-3	1
CASSHPRGGGNIQYF	TRBV3-1	TRBJ2-4	1
CASSHPRGSYEQYF	TRBV4-1	TRBJ2-7	1
CASSHPRQGPNQPQHF	TRBV2	TRBJ1-5	1
CASSHPRTGDGRETQYF	TRBV9	TRBJ2-5	1
CASSHPSAADFAYEQYF	TRBV4-1	TRBJ2-7	1
CASSHPSRDLGNYGYTF	TRBV3-1	TRBJ1-2	1
CASSHPSWGDTNTDTQYF	TRBV4-1	TRBJ2-3	1
CASSHPSWGPEAFF	TRBV4-1	TRBJ1-1	1
CASSHPTAEAGGTADTQYF	TRBV4-3	TRBJ2-3	1
CASSHPTFIHTQYF	TRBV27	TRBJ2-3	3
CASSHPTGLVPWNYGYTF	TRBV4-1	TRBJ1-2	1
CASSHPTRLSNYEQYF	TRBV4-3	TRBJ2-7	1
CASSHPTSGVIDYEQYF	TRBV11-2	TRBJ2-7	1
CASSHPTTGTYGYTF	TRBV4-2	TRBJ1-2	1
CASSHPTTSGDPYEQYF	TRBV12-3	TRBJ2-7	1
CASSHPVDIITHRGSPLHF	TRBV7-2	TRBJ1-6	1
CASSHPVDSYNEQFF	TRBV6-3	TRBJ2-1	1
CASSHPVEETQYF	TRBV4-2	TRBJ2-5	1
CASSHQAGGPHEQYF	TRBV4-3	TRBJ2-7	1
CASSHQARRVFGGYTF	TRBV14	TRBJ1-2	1
CASSHQDLGTEGTQYF	TRBV3-1	TRBJ2-5	18
CASSHQDWTGSSYNEQFF	TRBV3-1	TRBJ2-1	1
CASSHQGALANYGYTF	TRBV4-3	TRBJ1-2	1
CASSHQGASVDNEQFF	TRBV3-1	TRBJ2-1	1
CASSHQGQETQYF	TRBV12-4	TRBJ2-5	1
CASSHQIGIAGNNEQFF	TRBV16	TRBJ2-1	1
CASSHQPLMNTEAFF	TRBV14	TRBJ1-1	1
CASSHQPPGQGAPLGYGYTF	TRBV4-3	TRBJ1-2	1
CASSHQQGINTEAFF	TRBV4-3	TRBJ1-1	1
CASSHQSEQDPHGYTF	TRBV7-6	TRBJ1-2	1
CASSHQTGTITNEQFF	TRBV3-1	TRBJ2-1	1
CASSHQVEGYQPQHF	TRBV4-1	TRBJ1-5	1
CASSHRAGALHF	TRBV5-6	TRBJ1-6	2
CASSHRALSFNSPLHF	TRBV6-3	TRBJ1-6	1
CASSHRAPRAGYTF	TRBV5-5	TRBJ1-2	2
CASSHRAYFTDTQYF	TRBV6-3	TRBJ2-3	3
CASSHRDDGGDEQYF	TRBV6-6	TRBJ2-7	1
CASSHRDGLVNTEAFF	TRBV7-9	TRBJ1-1	1
CASSHRDRALQETQYF	TRBV6-6	TRBJ2-5	1
CASSHRDRGIKLDGYTF	TRBV14	TRBJ1-2	1
CASSHRDRGNNEQFF	TRBV11-3	TRBJ2-1	1
CASSHRDRVFIGAKNIQYF	TRBV7-2	TRBJ2-4	1
CASSHRDSNTDTQYF	TRBV7-9	TRBJ2-3	1
CASSHRDSYEQYF	TRBV7-9	TRBJ2-7	1
CASSHRDSYNEQFF	TRBV28	TRBJ2-1	1
CASSHRDTATEAFF	TRBV7-6	TRBJ1-1	1
CASSHRDTLQETQYF	TRBV7-9	TRBJ2-5	1
CASSHREDQPQHF	TRBV14	TRBJ1-5	1
CASSHREGGDEQYF	TRBV7-9	TRBJ2-7	1
CASSHREGHEQFF	TRBV5-1	TRBJ2-1	1
CASSHRGGAKNIQYF	TRBV7-2	TRBJ2-4	1
CASSHRGPGTYEQYF	TRBV13	TRBJ2-7	1
CASSHRGPNTEAFF	TRBV19	TRBJ1-1	1
CASSHRGPNTEAFF	TRBV6-5	TRBJ1-1	1
CASSHRGPPSYNSPLHF	TRBV4-3	TRBJ1-6	1
CASSHRGPQPQHF	TRBV7-2	TRBJ1-5	1
CASSHRGQAWITNTGELFF	TRBV4-3	TRBJ2-2	1
CASSHRGQETQYF	TRBV7-9	TRBJ2-5	1
CASSHRGQPQHF	TRBV12-4	TRBJ1-5	1
CASSHRGRDTGELFF	TRBV5-4	TRBJ2-2	1
CASSHRGSNQPQHF	TRBV27	TRBJ1-5	1
CASSHRGSSEQFF	TRBV13	TRBJ2-1	1
CASSHRGTGELFF	TRBV14	TRBJ2-2	1
CASSHRLAGDTDTQYF	TRBV7-9	TRBJ2-3	1
CASSHRLAGGNEQFF	TRBV6-3	TRBJ2-1	1
CASSHRLAGGPFTGELFF	TRBV3-1	TRBJ2-2	1
CASSHRLAGYTDTQYF	TRBV4-3	TRBJ2-3	1
CASSHRLDDTDTQYF	TRBV11-2	TRBJ2-3	1
CASSHRLDSGNTIYF	TRBV7-6	TRBJ1-3	1
CASSHRLRPIWTGELFF	TRBV5-1	TRBJ2-2	1
CASSHRLRRGAFF	TRBV4-3	TRBJ1-1	1
CASSHRNSGEQYF	TRBV3-1	TRBJ2-7	1
CASSHRQFLSNQPQHF	TRBV4-1	TRBJ1-5	1
CASSHRQGEYEQYF	TRBV6-6	TRBJ2-7	1
CASSHRQGVRNEQFF	TRBV11-2	TRBJ2-1	1
CASSHRRYNTEAFF	TRBV4-3	TRBJ1-1	1
CASSHRSGEQYF	TRBV7-9	TRBJ2-7	1
CASSHRSGTEAFF	TRBV12-3	TRBJ1-1	18
CASSHRSSYEQYF	TRBV19	TRBJ2-7	1
CASSHRSTDTQYF	TRBV19	TRBJ2-3	2
CASSHRTANYGYTF	TRBV14	TRBJ1-2	1
CASSHRTDEQYF	TRBV19	TRBJ2-7	1
CASSHRTGPKAFF	TRBV7-9	TRBJ1-1	1
CASSHRTGTFNYGYTF	TRBV4-1	TRBJ1-2	1
CASSHRTRFRSTDTQYF	TRBV5-1	TRBJ2-3	1
CASSHRVYTEAFF	TRBV6-1	TRBJ1-1	1
CASSHSAGGVDTQYF	TRBV4-3	TRBJ2-3	1
CASSHSDRYQETQYF	TRBV3-1	TRBJ2-5	1
CASSHSDYTNTGELFF	TRBV7-2	TRBJ2-2	1
CASSHSELSEAFF	TRBV6-5	TRBJ1-1	1
CASSHSGDSGGEETQYF	TRBV27	TRBJ2-5	3
CASSHSGEFSYNEQFF	TRBV4-1	TRBJ2-1	1
CASSHSGEQFF	TRBV14	TRBJ2-1	1
CASSHSGGTDTQYF	TRBV12-4	TRBJ2-3	1
CASSHSGLAATDTQYF	TRBV11-1	TRBJ2-3	1
CASSHSGQGLYGYTF	TRBV5-1	TRBJ1-2	1
CASSHSGTGGTYEQYF	TRBV4-3	TRBJ2-7	1
CASSHSGTSSNEQFF	TRBV6-5	TRBJ2-1	1
CASSHSLADTQYF	TRBV4-1	TRBJ2-3	1
CASSHSLGGLQETQYF	TRBV3-1	TRBJ2-5	1
CASSHSLGGSYEQYF	TRBV11-1	TRBJ2-7	1
CASSHSLGSGAHNEQFF	TRBV4-3	TRBJ2-1	1
CASSHSLNQPQHF	TRBV7-2	TRBJ1-5	1
CASSHSLTGELFF	TRBV7-2	TRBJ2-2	1
CASSHSPGLAGGHTGELFF	TRBV4-1	TRBJ2-2	2
CASSHSPGPPGDEQFF	TRBV11-2	TRBJ2-1	1
CASSHSPGQGARDYGYTF	TRBV4-1	TRBJ1-2	1
CASSHSQDTQYF	TRBV27	TRBJ2-3	1
CASSHSRGPEAFF	TRBV14	TRBJ1-1	1
CASSHSRIGNTGELFF	TRBV4-1	TRBJ2-2	1
CASSHSRTTNEKLFF	TRBV4-3	TRBJ1-4	1
CASSHSSANTDTQYF	TRBV14	TRBJ2-3	1
CASSHSSGGVADTQYF	TRBV7-9	TRBJ2-3	1
CASSHSSQGYGYTF	TRBV4-1	TRBJ1-2	1
CASSHSTAGTGDPSGNTIYF	TRBV4-3	TRBJ1-3	1
CASSHSTGYRSNQPQHF	TRBV5-8	TRBJ1-5	1
CASSHSTSGGYNEQFF	TRBV11-2	TRBJ2-1	1
CASSHSVGAGELFF	TRBV4-2	TRBJ2-2	1
CASSHTDDWEQYF	TRBV3-1	TRBJ2-7	1
CASSHTGESTDTQYF	TRBV7-3	TRBJ2-3	1
CASSHTGGAGNTIYF	TRBV14	TRBJ1-3	1
CASSHTGGREGYTF	TRBV4-3	TRBJ1-2	1
CASSHTGGVRRSGELFF	TRBV4-1	TRBJ2-2	1
CASSHTGIRGSEQYF	TRBV7-3	TRBJ2-7	1
CASSHTGLGQPQHF	TRBV14	TRBJ1-5	1
CASSHTGPQPQHF	TRBV7-7	TRBJ1-5	1
CASSHTGTETGANVLTF	TRBV4-3	TRBJ2-6	1
CASSHTGTSGGVSGANVLTF	TRBV4-3	TRBJ2-6	1
CASSHTGTSGVNEQFF	TRBV6-3	TRBJ2-1	1
CASSHTITSGGAADTQYF	TRBV4-3	TRBJ2-3	1
CASSHTNQYSGNTIYF	TRBV7-8	TRBJ1-3	1
CASSHTQNSPLHF	TRBV4-1	TRBJ1-6	1
CASSHTSGGAYEQFF	TRBV4-3	TRBJ2-1	1
CASSHTSVLYEQYF	TRBV13	TRBJ2-7	1
CASSHTTGADYGYTF	TRBV4-3	TRBJ1-2	1
CASSHTTSGSYEQYF	TRBV4-3	TRBJ2-7	1
CASSHTTSSKNIQYF	TRBV4-3	TRBJ2-4	1
CASSHTVSEQYF	TRBV7-2	TRBJ2-7	1
CASSHVAGGGDTQYF	TRBV12-3	TRBJ2-3	1
CASSHVGSGGVETQYF	TRBV5-4	TRBJ2-5	1
CASSHVGTGWDLRTDTQYF	TRBV14	TRBJ2-3	2
CASSHVKGGTEAFF	TRBV3-1	TRBJ1-1	1
CASSHVPYEQYF	TRBV7-9	TRBJ2-7	1
CASSHVRGREAFF	TRBV4-3	TRBJ1-1	1
CASSHVRGSGQETQYF	TRBV4-1	TRBJ2-5	1
CASSHVTGSFWAFF	TRBV4-1	TRBJ1-1	1
CASSHWDPNTEAFF	TRBV6-5	TRBJ1-1	1
CASSHWDPNYGYTF	TRBV4-1	TRBJ1-2	1
CASSHWGDQETQYF	TRBV4-3	TRBJ2-5	1
CASSHWGQSESPLHF	TRBV6-5	TRBJ1-6	1
CASSHWGSYNEQFF	TRBV7-9	TRBJ2-1	1
CASSHWLPTDTQYF	TRBV4-1	TRBJ2-3	1
CASSHWQGGYSPLHF	TRBV4-1	TRBJ1-6	1
CASSHWRLGSSYNEQFF	TRBV12-4	TRBJ2-1	1
CASSHWTGALSGANVLTF	TRBV4-1	TRBJ2-6	1
CASSHWVVAGGTGDTQYF	TRBV7-2	TRBJ2-3	1
CASSHYDGKVAGAYYEQYF	TRBV4-2	TRBJ2-7	1
CASSHYDRAGRGSPLHF	TRBV6-5	TRBJ1-6	1
CASSHYGDDIGELFF	TRBV7-8	TRBJ2-2	1
CASSHYRGHYEQYF	TRBV4-2	TRBJ2-7	1
CASSHYRGLNEKLFF	TRBV4-3	TRBJ1-4	1
CASSHYTTGISYNEQFF	TRBV5-8	TRBJ2-1	1
CASSHYWNYYNEQFF	TRBV27	TRBJ2-1	1
CASSHYWSEAFF	TRBV19	TRBJ1-1	1
CASSIAAANYGYTF	TRBV19	TRBJ1-2	1
CASSIAADNQPQHF	TRBV19	TRBJ1-5	1
CASSIAAGAHEQYF	TRBV19	TRBJ2-7	1
CASSIAAKREAFF	TRBV19	TRBJ1-1	1
CASSIAALKDGYTF	TRBV19	TRBJ1-2	1
CASSIADSNTEAFF	TRBV19	TRBJ1-1	1
CASSIADSNYEQYF	TRBV19	TRBJ2-7	1
CASSIAGADTQYF	TRBV19	TRBJ2-3	1
CASSIAGGAGETQYF	TRBV19	TRBJ2-5	1
CASSIAGGHTDTQYF	TRBV19	TRBJ2-3	1
CASSIAGGRETQYF	TRBV19	TRBJ2-5	1
CASSIAGRIYRFSQPQHF	TRBV19	TRBJ1-5	1
CASSIAGTSTDTQYF	TRBV19	TRBJ2-3	1
CASSIAGTYNEQFF	TRBV19	TRBJ2-1	1
CASSIAGVLWDEQFF	TRBV19	TRBJ2-1	2
CASSIAGVQYEQYF	TRBV6-5	TRBJ2-7	1
CASSIAGYTYEQYF	TRBV19	TRBJ2-7	1
CASSIAHGGADTDTQYF	TRBV19	TRBJ2-3	1
CASSIAILVNEKLFF	TRBV19	TRBJ1-4	1
CASSIALYNEQFF	TRBV19	TRBJ2-1	1
CASSIAPGREQYF	TRBV19	TRBJ2-7	1
CASSIAPRGEQFF	TRBV19	TRBJ2-1	1
CASSIAPSSGGFADTQYF	TRBV19	TRBJ2-3	1
CASSIAPWHRNNQPQHF	TRBV19	TRBJ1-5	1
CASSIAQEETQYF	TRBV19	TRBJ2-5	1
CASSIAQGAEAFF	TRBV19	TRBJ1-1	1
CASSIAREQFF	TRBV19	TRBJ2-1	1
CASSIARETQYF	TRBV19	TRBJ2-5	1
CASSIAREVPLYGYTF	TRBV19	TRBJ1-2	1
CASSIARGFNEQYF	TRBV19	TRBJ2-7	1
CASSIARTDTQYF	TRBV7-2	TRBJ2-3	1
CASSIASLETQYF	TRBV19	TRBJ2-5	1
CASSIASLLAGGTDTQYF	TRBV27	TRBJ2-3	1
CASSIASTNTGELFF	TRBV19	TRBJ2-2	1
CASSIATGGYAFF	TRBV19	TRBJ1-1	1
CASSIATGNFPYSNQPQHF	TRBV19	TRBJ1-5	1
CASSIATSGGGNEQFF	TRBV19	TRBJ2-1	1
CASSIATSSYNEQFF	TRBV4-2	TRBJ2-1	1
CASSIAVNEKLFF	TRBV6-6	TRBJ1-4	1
CASSIAVWADNEQFF	TRBV19	TRBJ2-1	1
CASSIAYEQYF	TRBV5-6	TRBJ2-7	1
CASSIAYGQQETQYF	TRBV19	TRBJ2-5	1
CASSIAYLNEQFF	TRBV6-3	TRBJ2-1	1
CASSIDAGSGGREDTQYF	TRBV19	TRBJ2-3	1
CASSIDATTDTQYF	TRBV27	TRBJ2-3	1
CASSIDDGTLINQPQHF	TRBV19	TRBJ1-5	1
CASSIDGGNQPQHF	TRBV19	TRBJ1-5	4
CASSIDGKLEGYTF	TRBV27	TRBJ1-2	1
CASSIDGPNYNEQFF	TRBV19	TRBJ2-1	1
CASSIDGSAYNEQFF	TRBV19	TRBJ2-1	1
CASSIDGSGVGTDTQYF	TRBV19	TRBJ2-3	1
CASSIDGTGSRDEQFF	TRBV19	TRBJ2-1	1
CASSIDGYEQYF	TRBV19	TRBJ2-7	1
CASSIDLANTEAFF	TRBV19	TRBJ1-1	1
CASSIDLDREGMNTEAFF	TRBV19	TRBJ1-1	1
CASSIDLGDRGRDEQFF	TRBV19	TRBJ2-1	1
CASSIDLGREYYEQYF	TRBV19	TRBJ2-7	1
CASSIDLGSYGYTF	TRBV19	TRBJ1-2	1
CASSIDLPSGGPLETQYF	TRBV19	TRBJ2-5	1
CASSIDLTGETEAFF	TRBV19	TRBJ1-1	1
CASSIDNNEQFF	TRBV19	TRBJ2-1	1
CASSIDPAGNNEKLFF	TRBV19	TRBJ1-4	1
CASSIDPFSGRLNTEAFF	TRBV19	TRBJ1-1	1
CASSIDPGEQYF	TRBV7-9	TRBJ2-7	1
CASSIDPGIGVGYNEQFF	TRBV19	TRBJ2-1	1
CASSIDPGVADNEQFF	TRBV19	TRBJ2-1	1
CASSIDPLRDARTDTQYF	TRBV19	TRBJ2-3	1
CASSIDPTGGSYGYTF	TRBV19	TRBJ1-2	1
CASSIDPTLNTEAFF	TRBV19	TRBJ1-1	1
CASSIDQDRGRKNIQYF	TRBV19	TRBJ2-4	1
CASSIDQGSYNEQFF	TRBV19	TRBJ2-1	1
CASSIDRAPSGANVLTF	TRBV19	TRBJ2-6	1
CASSIDRDRERDGYTF	TRBV9	TRBJ1-2	1
CASSIDRESSYEQYF	TRBV7-8	TRBJ2-7	1
CASSIDRFVGYTF	TRBV6-3	TRBJ1-2	1
CASSIDRGGNYGYTF	TRBV27	TRBJ1-2	1
CASSIDRGGTDTQYF	TRBV6-5	TRBJ2-3	1
CASSIDRGPGYQETQYF	TRBV19	TRBJ2-5	1
CASSIDRSAQYF	TRBV5-4	TRBJ2-4	1
CASSIDRSGTLKNTEAFF	TRBV19	TRBJ1-1	1
CASSIDRSLDGTGTEAFF	TRBV19	TRBJ1-1	1
CASSIDRTNQETQYF	TRBV19	TRBJ2-5	1
CASSIDSANEQFF	TRBV19	TRBJ2-1	1
CASSIDSGTSSPQHF	TRBV19	TRBJ1-5	1
CASSIDSGVYEQYF	TRBV28	TRBJ2-7	1
CASSIDSNEKLFF	TRBV11-2	TRBJ1-4	2
CASSIDSYEQYF	TRBV5-4	TRBJ2-7	1
CASSIDSYYGYTF	TRBV7-9	TRBJ1-2	1
CASSIDTINGLNTEAFF	TRBV19	TRBJ1-1	1
CASSIDTRDVGLAKQETQYF	TRBV19	TRBJ2-5	1
CASSIDVGQPQHF	TRBV19	TRBJ1-5	1
CASSIDWHPWRAKGNYEQYF	TRBV19	TRBJ2-7	1
CASSIDWPGIYGYTF	TRBV19	TRBJ1-2	5
CASSIDWPGVIYGYTF	TRBV19	TRBJ1-2	1
CASSIDWRDRGEKIETQYF	TRBV19	TRBJ2-5	8
CASSIDWTGGSYNSPLHF	TRBV19	TRBJ1-6	1
CASSIEALHYGYTF	TRBV19	TRBJ1-2	1
CASSIEFSREYEQYF	TRBV19	TRBJ2-7	1
CASSIEGFYGYTF	TRBV19	TRBJ1-2	1
CASSIEGGTTEAFF	TRBV19	TRBJ1-1	1
CASSIEGLAGGPHEQFF	TRBV19	TRBJ2-1	1
CASSIEGVAGSQETQYF	TRBV7-2	TRBJ2-5	1
CASSIEPGGTEAFF	TRBV19	TRBJ1-1	1
CASSIERASGGTYNEQFF	TRBV19	TRBJ2-1	1
CASSIERLGSYNEQFF	TRBV19	TRBJ2-1	1
CASSIESDRGPYNEQFF	TRBV19	TRBJ2-1	1
CASSIESLGVTEAFF	TRBV19	TRBJ1-1	16
CASSIESSYNEQFF	TRBV19	TRBJ2-1	1
CASSIETGDYEQYF	TRBV19	TRBJ2-7	1
CASSIETSGIYNEQFF	TRBV19	TRBJ2-1	1
CASSIETSSYEQYF	TRBV19	TRBJ2-7	1
CASSIFAGTSSYEQYF	TRBV19	TRBJ2-7	1
CASSIFDGELFF	TRBV2	TRBJ2-2	1
CASSIFFWRVEENIQYF	TRBV19	TRBJ2-4	1
CASSIFGETNTEAFF	TRBV19	TRBJ1-1	1
CASSIFGGSSYNEQFF	TRBV19	TRBJ2-1	1
CASSIFGNTGELFF	TRBV19	TRBJ2-2	1
CASSIFGQGNYGYTF	TRBV7-9	TRBJ1-2	1
CASSIFGQILQETQYF	TRBV12-4	TRBJ2-5	1
CASSIFHKGSTDTQYF	TRBV19	TRBJ2-3	1
CASSIFQGPDNEKLFF	TRBV7-9	TRBJ1-4	1
CASSIFRGIGSPLHF	TRBV28	TRBJ1-6	1
CASSIFSDQETQYF	TRBV19	TRBJ2-5	1
CASSIFSTGELFF	TRBV19	TRBJ2-2	1
CASSIFYSSTDTQYF	TRBV19	TRBJ2-3	1
CASSIGAAGELFF	TRBV19	TRBJ2-2	1
CASSIGAAYEQYF	TRBV19	TRBJ2-7	1
CASSIGAGAQETQYF	TRBV19	TRBJ2-5	1
CASSIGAGEGYNEQFF	TRBV19	TRBJ2-1	1
CASSIGAGLSYEQYF	TRBV19	TRBJ2-7	1
CASSIGASGSTPYEQYF	TRBV28	TRBJ2-7	1
CASSIGATNEKLFF	TRBV5-6	TRBJ1-4	1
CASSIGATNPYNEQFF	TRBV19	TRBJ2-1	1
CASSIGAYGYTF	TRBV19	TRBJ1-2	16
CASSIGAYRYTF	TRBV19	TRBJ1-2	1
CASSIGDFGGTEAFF	TRBV19	TRBJ1-1	1
CASSIGDFYTDTQYF	TRBV19	TRBJ2-3	1
CASSIGDRELFF	TRBV19	TRBJ2-2	1
CASSIGDRYEQYF	TRBV19	TRBJ2-7	1
CASSIGDSSNQPQHF	TRBV19	TRBJ1-5	1
CASSIGDTKREIEVGTDTQYF	TRBV19	TRBJ2-3	1
CASSIGEAPQHF	TRBV19	TRBJ1-5	1
CASSIGEFGNTEAFF	TRBV19	TRBJ1-1	1
CASSIGELSNQPQHF	TRBV19	TRBJ1-5	1
CASSIGFGDGYTF	TRBV19	TRBJ1-2	1
CASSIGFPILSEAFF	TRBV19	TRBJ1-1	1
CASSIGGARTIIYGYTF	TRBV19	TRBJ1-2	1
CASSIGGENTDTQYF	TRBV19	TRBJ2-3	1
CASSIGGEQYF	TRBV19	TRBJ2-7	1
CASSIGGEQYF	TRBV5-1	TRBJ2-7	1
CASSIGGEWTEAFF	TRBV19	TRBJ1-1	1
CASSIGGGCEQFF	TRBV19	TRBJ2-1	1
CASSIGGGGRAFNEQYF	TRBV19	TRBJ2-7	1
CASSIGGGLAGDNEQFF	TRBV19	TRBJ2-1	1
CASSIGGGRTEAFF	TRBV19	TRBJ1-1	1
CASSIGGHAQPQHF	TRBV19	TRBJ1-5	1
CASSIGGIEQFF	TRBV19	TRBJ2-1	1
CASSIGGPVEQYF	TRBV19	TRBJ2-7	1
CASSIGGRGETQYF	TRBV27	TRBJ2-5	1
CASSIGGRSEQFF	TRBV19	TRBJ2-1	1
CASSIGGRSSTDTQYF	TRBV19	TRBJ2-3	1
CASSIGGTEAFF	TRBV19	TRBJ1-1	3
CASSIGGTGLTEAFF	TRBV19	TRBJ1-1	1
CASSIGGVNEQFF	TRBV7-8	TRBJ2-1	1
CASSIGGVRDRQFGQPQHF	TRBV19	TRBJ1-5	1
CASSIGIGNTEAFF	TRBV19	TRBJ1-1	1
CASSIGIYGYTF	TRBV19	TRBJ1-2	4
CASSIGKTEAFF	TRBV19	TRBJ1-1	1
CASSIGLAGAISYEQYF	TRBV19	TRBJ2-7	1
CASSIGLAGARELFF	TRBV7-8	TRBJ2-2	1
CASSIGLAGGQYEQYF	TRBV6-5	TRBJ2-7	1
CASSIGLAPTYEQYF	TRBV19	TRBJ2-7	1
CASSIGLGEQYF	TRBV19	TRBJ2-7	1
CASSIGLHYEQYF	TRBV19	TRBJ2-7	1
CASSIGLLTDTQYF	TRBV27	TRBJ2-3	1
CASSIGLYGYTF	TRBV19	TRBJ1-2	21
CASSIGMGETQYF	TRBV19	TRBJ2-5	1
CASSIGNLRSGNTIYF	TRBV19	TRBJ1-3	1
CASSIGPAGGYGYTF	TRBV19	TRBJ1-2	1
CASSIGPEETQYF	TRBV27	TRBJ2-5	1
CASSIGPLAFF	TRBV27	TRBJ1-1	1
CASSIGPRNSPLHF	TRBV19	TRBJ1-6	1
CASSIGPTDTQYF	TRBV19	TRBJ2-3	1
CASSIGQANTEAFF	TRBV19	TRBJ1-1	1
CASSIGQGAETQYF	TRBV28	TRBJ2-5	1
CASSIGQGANSPLHF	TRBV19	TRBJ1-6	1
CASSIGQGATEAFF	TRBV5-1	TRBJ1-1	1
CASSIGQGDFNYGYTF	TRBV11-2	TRBJ1-2	1
CASSIGQGETQYF	TRBV5-1	TRBJ2-5	1
CASSIGQGGTDTQYF	TRBV6-4	TRBJ2-3	1
CASSIGQGLDIQYF	TRBV19	TRBJ2-4	1
CASSIGQGLNTEAFF	TRBV19	TRBJ1-1	1
CASSIGQGLSLWETQYF	TRBV19	TRBJ2-5	1
CASSIGQGNYEQYF	TRBV19	TRBJ2-7	1
CASSIGQGQEEAFF	TRBV19	TRBJ1-1	1
CASSIGQGSPLHF	TRBV19	TRBJ1-6	1
CASSIGQGTEAFF	TRBV19	TRBJ1-1	1
CASSIGQGTYGYTF	TRBV12-3	TRBJ1-2	1
CASSIGQGVRGYTF	TRBV5-4	TRBJ1-2	1
CASSIGQGYEQYF	TRBV25-1	TRBJ2-7	1
CASSIGQKATYEQYF	TRBV19	TRBJ2-7	1
CASSIGQLNTEAFF	TRBV19	TRBJ1-1	1
CASSIGQNEAFF	TRBV19	TRBJ1-1	1
CASSIGQNNQPQHF	TRBV19	TRBJ1-5	1
CASSIGQPYEQYF	TRBV27	TRBJ2-7	1
CASSIGQSYEQYF	TRBV19	TRBJ2-7	1
CASSIGQTRDYGYTF	TRBV19	TRBJ1-2	1
CASSIGQTVDTLANYGYTF	TRBV4-1	TRBJ1-2	1
CASSIGQYNEQFF	TRBV19	TRBJ2-1	1
CASSIGRGPSYNEQFF	TRBV19	TRBJ2-1	1
CASSIGRGTEAFF	TRBV19	TRBJ1-1	1
CASSIGRGYEQYF	TRBV19	TRBJ2-7	1
CASSIGRLAGVPGIWTQYF	TRBV19	TRBJ2-5	1
CASSIGRQSLSYEQYF	TRBV19	TRBJ2-7	1
CASSIGRSRTDTQYF	TRBV19	TRBJ2-3	1
CASSIGRTFLAKNIQYF	TRBV19	TRBJ2-4	1
CASSIGRTGGVFTEAFF	TRBV19	TRBJ1-1	1
CASSIGSEQYF	TRBV19	TRBJ2-7	1
CASSIGSGAFF	TRBV19	TRBJ1-1	1
CASSIGSGAGANVLTF	TRBV19	TRBJ2-6	1
CASSIGSGEAFF	TRBV19	TRBJ1-1	1
CASSIGSGGAYEQYF	TRBV19	TRBJ2-7	1
CASSIGSGGNYGYTF	TRBV19	TRBJ1-2	1
CASSIGSGLAGLQFF	TRBV19	TRBJ2-1	1
CASSIGSGNTEAFF	TRBV9	TRBJ1-1	1
CASSIGSIQPQHF	TRBV19	TRBJ1-5	1
CASSIGSLKAFF	TRBV19	TRBJ1-1	1
CASSIGSNTEAFF	TRBV19	TRBJ1-1	1
CASSIGSYGYTF	TRBV19	TRBJ1-2	84
CASSIGTAWEGYTF	TRBV13	TRBJ1-2	1
CASSIGTDTQYF	TRBV19	TRBJ2-3	1
CASSIGTGDLSDTQYF	TRBV19	TRBJ2-3	1
CASSIGTGEYEQYF	TRBV11-1	TRBJ2-7	1
CASSIGTGGEQYF	TRBV9	TRBJ2-7	1
CASSIGTGGGLAGAQETQYF	TRBV5-1	TRBJ2-5	1
CASSIGTGGSPLHF	TRBV19	TRBJ1-6	1
CASSIGTGGYEQYF	TRBV19	TRBJ2-7	1
CASSIGTGKEDTQYF	TRBV19	TRBJ2-3	1
CASSIGTGKHGYTF	TRBV7-9	TRBJ1-2	1
CASSIGTGLINQPQHF	TRBV19	TRBJ1-5	1
CASSIGTGLSTDTQYF	TRBV19	TRBJ2-3	1
CASSIGTGRLGEKLFF	TRBV7-9	TRBJ1-4	1
CASSIGTGTTEAFF	TRBV19	TRBJ1-1	1
CASSIGTGYYGYTF	TRBV9	TRBJ1-2	1
CASSIGTPLNTEAFF	TRBV19	TRBJ1-1	1
CASSIGTPSYEQYF	TRBV19	TRBJ2-7	1
CASSIGTPWGGGDEQFF	TRBV19	TRBJ2-1	1
CASSIGTSGFYNEQFF	TRBV27	TRBJ2-1	1
CASSIGTSGGPNTGELFF	TRBV13	TRBJ2-2	1
CASSIGTSGSYEQFF	TRBV19	TRBJ2-1	1
CASSIGTSGSYYNEQFF	TRBV19	TRBJ2-1	1
CASSIGVAGAFF	TRBV19	TRBJ1-1	1
CASSIGVDGYTF	TRBV19	TRBJ1-2	1
CASSIGVHGYTF	TRBV19	TRBJ1-2	3
CASSIGVNTEAFF	TRBV19	TRBJ1-1	1
CASSIGVSTNEKLFF	TRBV19	TRBJ1-4	1
CASSIGVYGYTF	TRBV19	TRBJ1-2	44
CASSIGWEQYF	TRBV19	TRBJ2-7	1
CASSIGWGEYQPQHF	TRBV19	TRBJ1-5	1
CASSIGYDQPQHF	TRBV10-2	TRBJ1-5	1
CASSIGYEQFF	TRBV19	TRBJ2-1	1
CASSIGYEQYF	TRBV25-1	TRBJ2-7	1
CASSIGYGSYEQYF	TRBV19	TRBJ2-7	1
CASSIGYYGYTF	TRBV19	TRBJ1-2	13
CASSIHGGLRYEQYF	TRBV6-6	TRBJ2-7	1
CASSIHGGTAFF	TRBV19	TRBJ1-1	1
CASSIHKNQPQHF	TRBV19	TRBJ1-5	2
CASSIHRLGGTGYTF	TRBV5-1	TRBJ1-2	1
CASSIHSNQPQHF	TRBV19	TRBJ1-5	1
CASSIHTANQPQHF	TRBV19	TRBJ1-5	3
CASSIIAEAEAFF	TRBV19	TRBJ1-1	1
CASSIIDRSGTEAFF	TRBV9	TRBJ1-1	1
CASSIIGAYNEQFF	TRBV5-5	TRBJ2-1	1
CASSIIGGRGLDEQFF	TRBV19	TRBJ2-1	1
CASSIIGRESYEQYF	TRBV19	TRBJ2-7	1
CASSIIGRQNSPLHF	TRBV19	TRBJ1-6	1
CASSIIHGTGIHNEQFF	TRBV7-6	TRBJ2-1	1
CASSIILDTGELFF	TRBV27	TRBJ2-2	1
CASSIILPSNQPQHF	TRBV19	TRBJ1-5	1
CASSIIPGSNQPQHF	TRBV19	TRBJ1-5	1
CASSIIRYTDTQYF	TRBV27	TRBJ2-3	1
CASSIISGREQYF	TRBV19	TRBJ2-7	1
CASSIIVGINEQFF	TRBV19	TRBJ2-1	1
CASSIKGPFRTEAFF	TRBV19	TRBJ1-1	10
CASSIKRERETQYF	TRBV19	TRBJ2-5	1
CASSIKTDGYTF	TRBV7-9	TRBJ1-2	1
CASSIKTEAQETQYF	TRBV7-7	TRBJ2-5	1
CASSILAAGETQYF	TRBV27	TRBJ2-5	1
CASSILAGEGEQFF	TRBV19	TRBJ2-1	1
CASSILAGESTDTQYF	TRBV12-4	TRBJ2-3	1
CASSILAGGKLWADTQYF	TRBV7-2	TRBJ2-3	1
CASSILAGGPDTQYF	TRBV7-3	TRBJ2-3	1
CASSILAGHPQETQYF	TRBV7-2	TRBJ2-5	1
CASSILAGTQYF	TRBV9	TRBJ2-3	1
CASSILAKPANTGELFF	TRBV19	TRBJ2-2	1
CASSILASGRDEQFF	TRBV19	TRBJ2-1	1
CASSILASGRSGNEQFF	TRBV19	TRBJ2-1	1
CASSILDQETQYF	TRBV19	TRBJ2-5	2
CASSILEGGNQPQHF	TRBV19	TRBJ1-5	1
CASSILGGELFF	TRBV19	TRBJ2-2	1
CASSILGGFEGPQHF	TRBV19	TRBJ1-5	1
CASSILGLGDTQYF	TRBV27	TRBJ2-3	1
CASSILGQGANGYTF	TRBV6-1	TRBJ1-2	1
CASSILGSTEAFF	TRBV19	TRBJ1-1	1
CASSILGTGRGETQYF	TRBV19	TRBJ2-5	1
CASSILGVNEENIQYF	TRBV19	TRBJ2-4	1
CASSILGVSTDTQYF	TRBV19	TRBJ2-3	1
CASSILNTEAFF	TRBV19	TRBJ1-1	1
CASSILQGDIQYF	TRBV27	TRBJ2-4	1
CASSILQGIEDTQYF	TRBV7-9	TRBJ2-3	1
CASSILRSDYEQYF	TRBV4-1	TRBJ2-7	1
CASSILSGDKNGELFF	TRBV19	TRBJ2-2	1
CASSILSRGTDTQYF	TRBV19	TRBJ2-3	1
CASSILSTGELFF	TRBV19	TRBJ2-2	1
CASSILTSPRGNEQFF	TRBV19	TRBJ2-1	1
CASSILTTNTEAFF	TRBV19	TRBJ1-1	1
CASSILVGQGSYNEQFF	TRBV19	TRBJ2-1	1
CASSILWDGAYEQYF	TRBV6-6	TRBJ2-7	1
CASSIMALGRSEAFF	TRBV19	TRBJ1-1	1
CASSIMDGELFF	TRBV6-3	TRBJ2-2	1
CASSIMDWNTEAFF	TRBV19	TRBJ1-1	1
CASSIMGGSTDTQYF	TRBV19	TRBJ2-3	1
CASSIMGIADTQYF	TRBV19	TRBJ2-3	1
CASSIMTEAFF	TRBV28	TRBJ1-1	1
CASSIMTGGTEAFF	TRBV19	TRBJ1-1	1
CASSINGFVLKSGELFF	TRBV19	TRBJ2-2	1
CASSINLSYEQYF	TRBV19	TRBJ2-7	1
CASSINPGSYNEQFF	TRBV7-2	TRBJ2-1	1
CASSINRDGDEQFF	TRBV19	TRBJ2-1	1
CASSINRGASIHPKF	TRBV19	TRBJ1-1	1
CASSINRGLAQLAKNIQYF	TRBV11-2	TRBJ2-4	1
CASSINSNQPQHF	TRBV19	TRBJ1-5	1
CASSINTAVNTEAFF	TRBV19	TRBJ1-1	1
CASSINTRQSLSYNEQFF	TRBV7-9	TRBJ2-1	1
CASSINYAPHNEQFF	TRBV27	TRBJ2-1	1
CASSIPADAEAFF	TRBV19	TRBJ1-1	1
CASSIPARGGGYTF	TRBV19	TRBJ1-2	1
CASSIPDRSYEQYF	TRBV19	TRBJ2-7	1
CASSIPGDNEQFF	TRBV19	TRBJ2-1	1
CASSIPGEKELFF	TRBV19	TRBJ2-2	1
CASSIPGLAGGTTDTQYF	TRBV19	TRBJ2-3	1
CASSIPGQGWHYGYTF	TRBV19	TRBJ1-2	1
CASSIPGRFQETQYF	TRBV19	TRBJ2-5	1
CASSIPGTDGANVLTF	TRBV6-3	TRBJ2-6	1
CASSIPLREVPNEKLFF	TRBV19	TRBJ1-4	1
CASSIPPGQRRGYTF	TRBV19	TRBJ1-2	1
CASSIPQDQGTEAFF	TRBV19	TRBJ1-1	1
CASSIPQSNYGYTF	TRBV19	TRBJ1-2	1
CASSIPRMNTEAFF	TRBV19	TRBJ1-1	1
CASSIPRPTNEKLFF	TRBV19	TRBJ1-4	2
CASSIPRQGRHTEAFF	TRBV19	TRBJ1-1	1
CASSIPSGQNYNEQFF	TRBV19	TRBJ2-1	1
CASSIPSLGRELSYNEQFF	TRBV19	TRBJ2-1	1
CASSIPTPYGYTF	TRBV19	TRBJ1-2	1
CASSIPYNEQFF	TRBV19	TRBJ2-1	1
CASSIPYQRGYNEQFF	TRBV12-4	TRBJ2-1	1
CASSIQALNTEAFF	TRBV19	TRBJ1-1	1
CASSIQFGDGYTF	TRBV19	TRBJ1-2	1
CASSIQGENTEAFF	TRBV19	TRBJ1-1	1
CASSIQGGEQYF	TRBV5-1	TRBJ2-7	1
CASSIQGHYEQYF	TRBV19	TRBJ2-7	1
CASSIQGLGPEAFF	TRBV28	TRBJ1-1	1
CASSIQGSAGNQPQHF	TRBV19	TRBJ1-5	1
CASSIQGSSYNEQFF	TRBV19	TRBJ2-1	1
CASSIQGSVYEQYF	TRBV5-1	TRBJ2-7	1
CASSIQGTYGYTF	TRBV27	TRBJ1-2	1
CASSIQGVSGNTIYF	TRBV19	TRBJ1-3	1
CASSIQGWDTEAFF	TRBV19	TRBJ1-1	1
CASSIQGYNSPLHF	TRBV19	TRBJ1-6	1
CASSIQLAGPYTDTQYF	TRBV19	TRBJ2-3	1
CASSIQPGHLMNTEAFF	TRBV19	TRBJ1-1	1
CASSIQQGWNQPQHF	TRBV5-8	TRBJ1-5	1
CASSIQSEREKLFF	TRBV19	TRBJ1-4	1
CASSIQSGTASEQFF	TRBV9	TRBJ2-1	1
CASSIQSSGVAF	TRBV13	TRBJ1-2	1
CASSIQTDLPTEAFF	TRBV19	TRBJ1-1	1
CASSIQTSSYNEQFF	TRBV9	TRBJ2-1	1
CASSIRAAGELFF	TRBV19	TRBJ2-2	1
CASSIRAASYNEQFF	TRBV19	TRBJ2-1	1
CASSIRAATEAFF	TRBV19	TRBJ1-1	1
CASSIRAAYEQYF	TRBV19	TRBJ2-7	3
CASSIRAGDNTEAFF	TRBV19	TRBJ1-1	1
CASSIRAGETQYF	TRBV19	TRBJ2-5	13
CASSIRAGYTEAFF	TRBV19	TRBJ1-1	1
CASSIRALDGEQYF	TRBV9	TRBJ2-7	1
CASSIRAPTDTQYF	TRBV7-2	TRBJ2-3	1
CASSIRASETQYF	TRBV19	TRBJ2-5	1
CASSIRASYEQYF	TRBV19	TRBJ2-7	84
CASSIRDLSNQPQHF	TRBV19	TRBJ1-5	1
CASSIRDPRRPATNEKLFF	TRBV28	TRBJ1-4	1
CASSIRDRAFGEQYF	TRBV11-1	TRBJ2-7	1
CASSIRDRGLETQYF	TRBV5-6	TRBJ2-5	1
CASSIRDRGSDTQYF	TRBV19	TRBJ2-3	1
CASSIRDSYNSPLHF	TRBV19	TRBJ1-6	1
CASSIRESTDTQYF	TRBV19	TRBJ2-3	1
CASSIRGAYEQYF	TRBV19	TRBJ2-7	7
CASSIRGGSYNEQFF	TRBV19	TRBJ2-1	1
CASSIRGLAAYNEQFF	TRBV19	TRBJ2-1	1
CASSIRGLPNEKLFF	TRBV6-5	TRBJ1-4	1
CASSIRGMNTEAFF	TRBV19	TRBJ1-1	1
CASSIRGRGYNEQFF	TRBV19	TRBJ2-1	1
CASSIRGSNTEAFF	TRBV19	TRBJ1-1	1
CASSIRHIDPGQGWDTQYF	TRBV9	TRBJ2-3	1
CASSIRLGEGLYEQYF	TRBV19	TRBJ2-7	1
CASSIRPFMNTEAFF	TRBV19	TRBJ1-1	1
CASSIRQANEKLFF	TRBV19	TRBJ1-4	1
CASSIRQGSEAFF	TRBV7-7	TRBJ1-1	1
CASSIRQGSTDTQYF	TRBV5-6	TRBJ2-3	1
CASSIRQNIANTGELFF	TRBV19	TRBJ2-2	1
CASSIRRDVYYEQYF	TRBV19	TRBJ2-7	1
CASSIRRQGIDNEQFF	TRBV19	TRBJ2-1	1
CASSIRSADTQYF	TRBV19	TRBJ2-3	1
CASSIRSAWEQFF	TRBV19	TRBJ2-1	6
CASSIRSAYEQYF	TRBV19	TRBJ2-7	172
CASSIRSAYTQYF	TRBV19	TRBJ2-3	1
CASSIRSDDIQYF	TRBV19	TRBJ2-4	1
CASSIRSDEKLFF	TRBV19	TRBJ1-4	6
CASSIRSGDTQYF	TRBV19	TRBJ2-3	2
CASSIRSGESRAFF	TRBV19	TRBJ1-1	25
CASSIRSGETQYF	TRBV19	TRBJ2-5	3
CASSIRSGNEQYF	TRBV19	TRBJ2-7	4
CASSIRSGTEAFF	TRBV19	TRBJ1-1	16
CASSIRSGYEQFF	TRBV19	TRBJ2-1	15
CASSIRSGYEQYF	TRBV19	TRBJ2-7	4
CASSIRSLDTQYF	TRBV19	TRBJ2-3	1
CASSIRSNQPQHF	TRBV19	TRBJ1-5	2
CASSIRSNTEAFF	TRBV19	TRBJ1-1	1
CASSIRSNYEQYF	TRBV19	TRBJ2-7	1
CASSIRSQDTQYF	TRBV19	TRBJ2-3	2
CASSIRSQETQYF	TRBV19	TRBJ2-5	47
CASSIRSSETQYF	TRBV19	TRBJ2-5	3
CASSIRSSGGEQYF	TRBV19	TRBJ2-7	1
CASSIRSSNEQFF	TRBV19	TRBJ2-1	1
CASSIRSSYEQFF	TRBV19	TRBJ2-1	4
CASSIRSSYEQYF	TRBV19	TRBJ2-7	795
CASSIRSTDTQYF	TRBV19	TRBJ2-3	8
CASSIRSTETQYF	TRBV19	TRBJ2-5	1
CASSIRSTGELFF	TRBV19	TRBJ2-2	11
CASSIRSTYEQYF	TRBV19	TRBJ2-7	4
CASSIRSVHEQFF	TRBV19	TRBJ2-1	1
CASSIRTDPFYEQYF	TRBV19	TRBJ2-7	1
CASSIRTGDNEQFF	TRBV5-8	TRBJ2-1	1
CASSIRTGRASDTDTQYF	TRBV18	TRBJ2-3	2
CASSIRTLVTIYNEQFF	TRBV19	TRBJ2-1	1
CASSIRTQSTDTQYF	TRBV19	TRBJ2-3	1
CASSIRTSGHEQYF	TRBV19	TRBJ2-7	1
CASSIRTSGTRETQYF	TRBV7-2	TRBJ2-5	1
CASSIRVAGGSTDTQYF	TRBV27	TRBJ2-3	1
CASSISAGWVGNEQFF	TRBV19	TRBJ2-1	1
CASSISAKGAEAFF	TRBV19	TRBJ1-1	1
CASSISDITEAFF	TRBV19	TRBJ1-1	1
CASSISDNTEAFF	TRBV19	TRBJ1-1	1
CASSISDSYNEQFF	TRBV19	TRBJ2-1	1
CASSISEAGANVLTF	TRBV19	TRBJ2-6	1
CASSISEYNEQFF	TRBV6-3	TRBJ2-1	1
CASSISGAQETQYF	TRBV9	TRBJ2-5	1
CASSISGGALDTQYF	TRBV7-3	TRBJ2-3	1
CASSISGGGTEAFF	TRBV19	TRBJ1-1	1
CASSISGGVRNTEAFF	TRBV19	TRBJ1-1	1
CASSISGMNTGELFF	TRBV19	TRBJ2-2	1
CASSISGPTSTDTQYF	TRBV13	TRBJ2-3	1
CASSISGQTYNEQFF	TRBV19	TRBJ2-1	1
CASSISGRDSYEQYF	TRBV11-1	TRBJ2-7	1
CASSISGSGNTIYF	TRBV27	TRBJ1-3	1
CASSISGSNYGYTF	TRBV19	TRBJ1-2	1
CASSISGSSYNEQFF	TRBV19	TRBJ2-1	1
CASSISGTAIEQYF	TRBV19	TRBJ2-7	1
CASSISGTSAYYEQYF	TRBV19	TRBJ2-7	1
CASSISLAAEQFF	TRBV19	TRBJ2-1	67
CASSISLEVPGEFF	TRBV19	TRBJ2-1	1
CASSISLGNEDREQFF	TRBV19	TRBJ2-1	1
CASSISLGTQYF	TRBV27	TRBJ2-3	1
CASSISLLTGNYGYTF	TRBV19	TRBJ1-2	1
CASSISNTEAFF	TRBV19	TRBJ1-1	1
CASSISNTGELFF	TRBV19	TRBJ2-2	1
CASSISPGAETQYF	TRBV19	TRBJ2-5	1
CASSISPGLAGTDTQYF	TRBV19	TRBJ2-3	1
CASSISPNQPQHF	TRBV19	TRBJ1-5	1
CASSISPSGISPLHF	TRBV19	TRBJ1-6	1
CASSISPWFEGNQPQHF	TRBV19	TRBJ1-5	1
CASSISQGAQETQYF	TRBV19	TRBJ2-5	3
CASSISQGTGELFF	TRBV4-1	TRBJ2-2	1
CASSISQNEQFF	TRBV19	TRBJ2-1	1
CASSISRQGGYEQYF	TRBV19	TRBJ2-7	1
CASSISRSASPLHF	TRBV27	TRBJ1-6	1
CASSISRVYNEQFF	TRBV4-1	TRBJ2-1	1
CASSISSASNQPQHF	TRBV19	TRBJ1-5	1
CASSISSGELFF	TRBV19	TRBJ2-2	1
CASSISSTGELFF	TRBV19	TRBJ2-2	2
CASSISTGAEDTQYF	TRBV28	TRBJ2-3	1
CASSISTGGGNEQFF	TRBV7-9	TRBJ2-1	1
CASSISTGNTEAFF	TRBV7-8	TRBJ1-1	1
CASSISTVEETQYF	TRBV19	TRBJ2-5	1
CASSISVNTEAFF	TRBV6-3	TRBJ1-1	1
CASSITDERNTEAFF	TRBV7-8	TRBJ1-1	1
CASSITEGEDSVSTDTQYF	TRBV6-1	TRBJ2-3	1
CASSITGDYEQYF	TRBV5-6	TRBJ2-7	1
CASSITGEQETQYF	TRBV5-8	TRBJ2-5	1
CASSITGGDYNEQFF	TRBV19	TRBJ2-1	1
CASSITGGNSPLHF	TRBV28	TRBJ1-6	1
CASSITGQILNTEAFF	TRBV19	TRBJ1-1	1
CASSITGRYNEQFF	TRBV19	TRBJ2-1	1
CASSITGTGFPYEQYF	TRBV19	TRBJ2-7	1
CASSITGTGPLGGANVLTF	TRBV9	TRBJ2-6	1
CASSITGTPLYEQYF	TRBV7-2	TRBJ2-7	5
CASSITGTSGRIITDTQYF	TRBV7-9	TRBJ2-3	1
CASSITGTSNYGYTF	TRBV19	TRBJ1-2	1
CASSITGTTNEKLFF	TRBV9	TRBJ1-4	1
CASSITGWGGTEAFF	TRBV6-6	TRBJ1-1	1
CASSITGYQPQHF	TRBV7-9	TRBJ1-5	1
CASSITGYSDYNEQFF	TRBV25-1	TRBJ2-1	1
CASSITLADGYTF	TRBV19	TRBJ1-2	1
CASSITLAVSSYNEQFF	TRBV11-2	TRBJ2-1	1
CASSITLDQFYEQYF	TRBV19	TRBJ2-7	1
CASSITLGIGETQYF	TRBV7-8	TRBJ2-5	1
CASSITPSETDTQYF	TRBV19	TRBJ2-3	1
CASSITRGGTEAFF	TRBV10-1	TRBJ1-1	1
CASSITRGPKAGNTIYF	TRBV6-6	TRBJ1-3	1
CASSITRRRSSGNTIYF	TRBV19	TRBJ1-3	1
CASSITSGSYNEQFF	TRBV19	TRBJ2-1	1
CASSITSGYEQYF	TRBV19	TRBJ2-7	1
CASSITSLETQYF	TRBV19	TRBJ2-5	1
CASSITSSTIGYGYTF	TRBV6-5	TRBJ1-2	1
CASSITVDSYEQYF	TRBV19	TRBJ2-7	1
CASSIVAGSAGEQYF	TRBV27	TRBJ2-7	1
CASSIVASGVREQYF	TRBV19	TRBJ2-7	1
CASSIVAWQADPYEQYF	TRBV19	TRBJ2-7	1
CASSIVDLDASGPQHF	TRBV19	TRBJ1-5	1
CASSIVEASSTEAFF	TRBV19	TRBJ1-1	1
CASSIVEGTDTQYF	TRBV19	TRBJ2-3	1
CASSIVFPGGPATYVSNQPQHF	TRBV19	TRBJ1-5	1
CASSIVGAHLNTGELFF	TRBV19	TRBJ2-2	1
CASSIVGAQPQHF	TRBV19	TRBJ1-5	1
CASSIVGDGPYEQYF	TRBV19	TRBJ2-7	1
CASSIVGGGEAFF	TRBV19	TRBJ1-1	1
CASSIVGGTKTGELFF	TRBV19	TRBJ2-2	1
CASSIVGQGAHNEQFF	TRBV19	TRBJ2-1	1
CASSIVGQPQHF	TRBV19	TRBJ1-5	1
CASSIVGSNEQFF	TRBV19	TRBJ2-1	1
CASSIVGTLADTQYF	TRBV19	TRBJ2-3	1
CASSIVHRADGYTF	TRBV19	TRBJ1-2	1
CASSIVIDRGWNTEAFF	TRBV19	TRBJ1-1	1
CASSIVLAGVTETQYF	TRBV19	TRBJ2-5	1
CASSIVLTGGGEAFF	TRBV19	TRBJ1-1	1
CASSIVPGQWDTEAFF	TRBV19	TRBJ1-1	1
CASSIVPGSADTQYF	TRBV19	TRBJ2-3	1
CASSIVPQRGIDNEQFF	TRBV19	TRBJ2-1	1
CASSIVPSGHTGELFF	TRBV19	TRBJ2-2	1
CASSIVPSSGTQYF	TRBV19	TRBJ2-7	1
CASSIVQGSNQPQHF	TRBV19	TRBJ1-5	1
CASSIVRGNEQFF	TRBV19	TRBJ2-1	1
CASSIVSGGAAYEQYF	TRBV19	TRBJ2-7	1
CASSIVSTDTQYF	TRBV19	TRBJ2-3	2
CASSIVVAGGRETQYF	TRBV19	TRBJ2-5	1
CASSIVWDRASLGTDTQYF	TRBV19	TRBJ2-3	1
CASSIVWGPGETQYF	TRBV19	TRBJ2-5	1
CASSIWAYTEAFF	TRBV19	TRBJ1-1	1
CASSIWDSYTGELFF	TRBV19	TRBJ2-2	1
CASSIWGDKNIQYF	TRBV19	TRBJ2-4	1
CASSIWGENTEAFF	TRBV19	TRBJ1-1	1
CASSIWLAGTIYEQYF	TRBV19	TRBJ2-7	1
CASSIWVDEKLFF	TRBV19	TRBJ1-4	1
CASSIWVVGNQPQHF	TRBV19	TRBJ1-5	1
CASSIYAGGYTGELFF	TRBV19	TRBJ2-2	1
CASSIYDSSNQPQHF	TRBV19	TRBJ1-5	2
CASSIYGDMNTEAFF	TRBV19	TRBJ1-1	1
CASSIYGGAGDGYTF	TRBV19	TRBJ1-2	79
CASSIYGGAGNEQFF	TRBV19	TRBJ2-1	1
CASSIYHLAGLYETQYF	TRBV19	TRBJ2-5	1
CASSIYPADTEAFF	TRBV19	TRBJ1-1	1
CASSIYPRNEQFF	TRBV19	TRBJ2-1	1
CASSIYRGLNEKLFF	TRBV6-6	TRBJ1-4	3
CASSIYSGGYNEQFF	TRBV19	TRBJ2-1	1
CASSIYSGSSTDTQYF	TRBV11-2	TRBJ2-3	1
CASSIYSNQPQHF	TRBV19	TRBJ1-5	4
CASSIYTQYF	TRBV2	TRBJ2-3	1
CASSKADRVDCEQYF	TRBV21-1	TRBJ2-7	1
CASSKAGGGETQYF	TRBV27	TRBJ2-5	1
CASSKAGQGRGLNTEAFF	TRBV21-1	TRBJ1-1	1
CASSKAGYNEQFF	TRBV7-9	TRBJ2-1	1
CASSKAIASGNTIYF	TRBV4-1	TRBJ1-3	1
CASSKAQGETQYF	TRBV21-1	TRBJ2-5	1
CASSKARSLGNRGNEQFF	TRBV21-1	TRBJ2-1	3
CASSKASGDQETQYF	TRBV6-1	TRBJ2-5	8
CASSKASGSDEQFF	TRBV6-4	TRBJ2-1	1
CASSKDESDEQFF	TRBV5-4	TRBJ2-1	1
CASSKDGESNYGYTF	TRBV5-1	TRBJ1-2	1
CASSKDGTGYETQYF	TRBV28	TRBJ2-5	1
CASSKDNAWDEQYF	TRBV6-5	TRBJ2-7	1
CASSKDPYEQYF	TRBV5-1	TRBJ2-7	1
CASSKDRGDSPLHF	TRBV4-3	TRBJ1-6	1
CASSKDRGGPLYEQYF	TRBV14	TRBJ2-7	1
CASSKDRGPGNTIYF	TRBV18	TRBJ1-3	1
CASSKDSAYEQYF	TRBV5-4	TRBJ2-7	1
CASSKDSQHEAQYF	TRBV9	TRBJ2-5	1
CASSKDSSIMDYGYTF	TRBV11-2	TRBJ1-2	1
CASSKDTDLYGYTF	TRBV19	TRBJ1-2	1
CASSKDTPSYNEQFF	TRBV27	TRBJ2-1	1
CASSKEALAGGSYEQYF	TRBV6-3	TRBJ2-7	1
CASSKEGGKTYNEQFF	TRBV21-1	TRBJ2-1	1
CASSKEGNTGELFF	TRBV4-1	TRBJ2-2	1
CASSKEPSGSRTYFLYYEQYF	TRBV21-1	TRBJ2-7	1
CASSKETGGGPYGYTF	TRBV6-1	TRBJ1-2	1
CASSKEVRLNTEAFF	TRBV6-3	TRBJ1-1	1
CASSKEWGRDTGELFF	TRBV21-1	TRBJ2-2	1
CASSKFGSTDTQYF	TRBV9	TRBJ2-3	1
CASSKGAEAFF	TRBV27	TRBJ1-1	1
CASSKGGGNTEAFF	TRBV12-4	TRBJ1-1	1
CASSKGGGPGYEQYF	TRBV27	TRBJ2-7	1
CASSKGGLYNSPLHF	TRBV3-1	TRBJ1-6	1
CASSKGGNYEQYF	TRBV7-8	TRBJ2-7	1
CASSKGGTEQFF	TRBV21-1	TRBJ2-1	1
CASSKGIGYTEAFF	TRBV27	TRBJ1-1	1
CASSKGLAGGLETQYF	TRBV7-6	TRBJ2-5	1
CASSKGLGGDQPQHF	TRBV21-1	TRBJ1-5	4
CASSKGLGLRFNYGYTF	TRBV18	TRBJ1-2	1
CASSKGLTGNYEQYF	TRBV11-3	TRBJ2-7	1
CASSKGMSNQPQHF	TRBV9	TRBJ1-5	1
CASSKGPSTDTQYF	TRBV2	TRBJ2-3	1
CASSKGQGNTEAFF	TRBV5-1	TRBJ1-1	1
CASSKGQGPNTEAFF	TRBV7-6	TRBJ1-1	1
CASSKGQGRPYEQYF	TRBV5-1	TRBJ2-7	1
CASSKGQGVTGELFF	TRBV11-2	TRBJ2-2	1
CASSKGQLNGYTF	TRBV27	TRBJ1-2	1
CASSKGRRGEKLFF	TRBV5-4	TRBJ1-4	1
CASSKGSGAPTGELFF	TRBV7-8	TRBJ2-2	1
CASSKGTGAGNTIYF	TRBV7-9	TRBJ1-3	1
CASSKGTGGRDYGYTF	TRBV7-9	TRBJ1-2	1
CASSKGTSEETQYF	TRBV19	TRBJ2-5	1
CASSKGTSGSSLGNEQFF	TRBV21-1	TRBJ2-1	3
CASSKGVAGELFF	TRBV14	TRBJ2-2	1
CASSKGVNEKLFF	TRBV7-9	TRBJ1-4	1
CASSKGVNTEAFF	TRBV7-3	TRBJ1-1	1
CASSKGYEYEQYF	TRBV19	TRBJ2-7	1
CASSKGYNGEQYF	TRBV14	TRBJ2-7	1
CASSKGYSYEQYF	TRBV27	TRBJ2-7	1
CASSKHPGQGPNYGYTF	TRBV11-2	TRBJ1-2	1
CASSKHVRTSGGNTDTQYF	TRBV28	TRBJ2-3	1
CASSKIGELLPNVLTF	TRBV27	TRBJ2-6	1
CASSKIPLNNEQFF	TRBV19	TRBJ2-1	1
CASSKKAGSYEQYF	TRBV11-3	TRBJ2-7	1
CASSKKATDTQYF	TRBV7-9	TRBJ2-3	1
CASSKKDIGNQPQHF	TRBV6-1	TRBJ1-5	1
CASSKKSTNEQFF	TRBV6-5	TRBJ2-1	1
CASSKLAGDTGELFF	TRBV7-2	TRBJ2-2	1
CASSKLAGGLKNEQFF	TRBV4-1	TRBJ2-1	1
CASSKLAGGTDTQYF	TRBV6-5	TRBJ2-3	1
CASSKLFSQRGIEKNTGELFF	TRBV21-1	TRBJ2-2	1
CASSKLGLGDRLNTEAFF	TRBV6-3	TRBJ1-1	1
CASSKLGQGFPEAFF	TRBV11-2	TRBJ1-1	1
CASSKLNEQFF	TRBV6-6	TRBJ2-1	1
CASSKLSWNQPQHF	TRBV6-3	TRBJ1-5	1
CASSKLTGGNTEAFF	TRBV5-1	TRBJ1-1	1
CASSKNNQPQHF	TRBV27	TRBJ1-5	1
CASSKNRENTEAFF	TRBV27	TRBJ1-1	1
CASSKNRGRYYGYTF	TRBV5-6	TRBJ1-2	1
CASSKPDKLYGYTF	TRBV28	TRBJ1-2	1
CASSKPGGLTDTQYF	TRBV2	TRBJ2-3	1
CASSKPGQHGYTF	TRBV28	TRBJ1-2	1
CASSKPPRDGQGSLSGNTIYF	TRBV21-1	TRBJ1-3	1
CASSKPRETSGGTSGANVLTF	TRBV21-1	TRBJ2-6	1
CASSKPTNQPQHF	TRBV6-3	TRBJ1-5	1
CASSKQAGELFF	TRBV6-3	TRBJ2-2	1
CASSKQETQYF	TRBV6-6	TRBJ2-5	1
CASSKQGALTEAFF	TRBV6-5	TRBJ1-1	1
CASSKQGATEAFF	TRBV6-3	TRBJ1-1	1
CASSKQGFEETQYF	TRBV9	TRBJ2-5	1
CASSKQGSLNEQFF	TRBV4-3	TRBJ2-1	1
CASSKQGSTDTQYF	TRBV6-1	TRBJ2-3	1
CASSKQGYGYTF	TRBV27	TRBJ1-2	1
CASSKQQGIRAKNIQYF	TRBV6-3	TRBJ2-4	1
CASSKRAGQGAAPMNTEAFF	TRBV21-1	TRBJ1-1	1
CASSKRDLATNEKLFF	TRBV19	TRBJ1-4	1
CASSKRDLGGYGYTF	TRBV6-3	TRBJ1-2	1
CASSKRGALAKNIQYF	TRBV19	TRBJ2-4	1
CASSKRGVRWAQYF	TRBV6-5	TRBJ2-5	1
CASSKRILSYEQYF	TRBV21-1	TRBJ2-7	1
CASSKRNGTGSSDEQFF	TRBV4-3	TRBJ2-1	1
CASSKRPVIGSGANVLTF	TRBV6-3	TRBJ2-6	1
CASSKRSTGELFF	TRBV19	TRBJ2-2	1
CASSKRTSDSGNTIYF	TRBV7-2	TRBJ1-3	1
CASSKSDRGGRSEQYF	TRBV21-1	TRBJ2-7	1
CASSKSGGDYNEQFF	TRBV9	TRBJ2-1	1
CASSKSGGMIMNTEAFF	TRBV2	TRBJ1-1	1
CASSKSGGSYEQYF	TRBV2	TRBJ2-7	1
CASSKSGRIFDEQYF	TRBV14	TRBJ2-7	1
CASSKSLGDGETQYF	TRBV5-4	TRBJ2-5	1
CASSKSSANYGYTF	TRBV7-9	TRBJ1-2	1
CASSKSSYNEQFF	TRBV19	TRBJ2-1	1
CASSKSTPNTGELFF	TRBV7-8	TRBJ2-2	1
CASSKSTSGSLWVTDTQYF	TRBV7-8	TRBJ2-3	1
CASSKTAGVQFF	TRBV25-1	TRBJ2-1	1
CASSKTGDRGLGNIQYF	TRBV7-9	TRBJ2-4	1
CASSKTGGGYEQYF	TRBV28	TRBJ2-7	3
CASSKTGGSFYEQYF	TRBV19	TRBJ2-7	1
CASSKTGHPGYTF	TRBV27	TRBJ1-2	1
CASSKTGQATEAFF	TRBV21-1	TRBJ1-1	1
CASSKTGQGARGELFF	TRBV3-1	TRBJ2-2	1
CASSKTGTSSYNEQFF	TRBV6-3	TRBJ2-1	1
CASSKTGTSVGEQFF	TRBV12-3	TRBJ2-1	1
CASSKTGWGKNIQYF	TRBV6-6	TRBJ2-4	1
CASSKTLDNEQFF	TRBV2	TRBJ2-1	1
CASSKTPHRVSYNSPLHF	TRBV6-5	TRBJ1-6	1
CASSKTSGRWYEQYF	TRBV28	TRBJ2-7	1
CASSKTSGSTDTQYF	TRBV6-4	TRBJ2-3	1
CASSKTSREADTQYF	TRBV6-3	TRBJ2-3	1
CASSKTTEFTQEETQYF	TRBV7-9	TRBJ2-5	1
CASSKVAAGELFF	TRBV4-2	TRBJ2-2	1
CASSKVFIAKNIQYF	TRBV21-1	TRBJ2-4	1
CASSKVGDEQYF	TRBV12-3	TRBJ2-7	1
CASSKVGDSTGELFF	TRBV21-1	TRBJ2-2	1
CASSKVLAGDYEQYF	TRBV27	TRBJ2-7	1
CASSKVRDSNSPLHF	TRBV27	TRBJ1-6	1
CASSKVRHGYTF	TRBV7-9	TRBJ1-2	1
CASSKVSGLLGNTIYF	TRBV19	TRBJ1-3	1
CASSKVTGHKTWNTEAFF	TRBV21-1	TRBJ1-1	1
CASSKVVKSAGGRINIQYF	TRBV21-1	TRBJ2-4	1
CASSKWTELSYEQYF	TRBV7-2	TRBJ2-7	1
CASSKYSGFGSYEQYF	TRBV7-6	TRBJ2-7	1
CASSLAAANTEAFF	TRBV28	TRBJ1-1	1
CASSLAAASSYNEQFF	TRBV7-8	TRBJ2-1	1
CASSLAAAYSSYEQYF	TRBV7-2	TRBJ2-7	1
CASSLAADYTF	TRBV5-6	TRBJ1-2	1
CASSLAAEPTYNSPLHF	TRBV7-8	TRBJ1-6	1
CASSLAAETQYF	TRBV7-9	TRBJ2-5	1
CASSLAAGAGLDTQYF	TRBV27	TRBJ2-3	1
CASSLAAGAKNIQYF	TRBV27	TRBJ2-4	1
CASSLAAGAYEQYF	TRBV5-4	TRBJ2-7	1
CASSLAAGDEQFF	TRBV7-9	TRBJ2-1	1
CASSLAAGDGGYTF	TRBV5-1	TRBJ1-2	1
CASSLAAGGGRSYNEQFF	TRBV5-1	TRBJ2-1	1
CASSLAAGGNSPLHF	TRBV12-4	TRBJ1-6	1
CASSLAAGGSEQYF	TRBV11-2	TRBJ2-7	1
CASSLAAGGVDEQFF	TRBV12-4	TRBJ2-1	1
CASSLAAGKETQYF	TRBV5-6	TRBJ2-5	1
CASSLAAGMGGYTF	TRBV7-9	TRBJ1-2	1
CASSLAAGPQFF	TRBV7-9	TRBJ2-1	1
CASSLAAGTSWVADTQYF	TRBV11-2	TRBJ2-3	1
CASSLAANTEAFF	TRBV7-9	TRBJ1-1	1
CASSLAAQGATNEKLFF	TRBV7-8	TRBJ1-4	1
CASSLAAREQFF	TRBV12-3	TRBJ2-1	1
CASSLAASAGVETQYF	TRBV7-8	TRBJ2-5	1
CASSLAASGFNEQFF	TRBV7-7	TRBJ2-1	1
CASSLAASYEQYF	TRBV12-3	TRBJ2-7	1
CASSLAATEAFF	TRBV7-9	TRBJ1-1	1
CASSLAATGGPYEQYF	TRBV5-1	TRBJ2-7	1
CASSLAAVRGEQYF	TRBV27	TRBJ2-7	1
CASSLAAVSGPHTDTQYF	TRBV11-1	TRBJ2-3	1
CASSLAAYGDEQYF	TRBV7-9	TRBJ2-7	1
CASSLAAYNEQFF	TRBV7-2	TRBJ2-1	1
CASSLADGGFSYEQYF	TRBV7-9	TRBJ2-7	1
CASSLADGNQPQHF	TRBV7-9	TRBJ1-5	1
CASSLADGTEAFF	TRBV11-3	TRBJ1-1	1
CASSLADGYTF	TRBV7-2	TRBJ1-2	1
CASSLADISGSAAGEQYF	TRBV5-5	TRBJ2-7	1
CASSLADLADQYF	TRBV7-9	TRBJ2-3	1
CASSLADLTEHYGYTF	TRBV12-4	TRBJ1-2	1
CASSLADNEQFF	TRBV5-4	TRBJ2-1	1
CASSLADNTGELFF	TRBV28	TRBJ2-2	1
CASSLADQPQHF	TRBV7-9	TRBJ1-5	1
CASSLADRFLAENTIYF	TRBV7-9	TRBJ1-3	1
CASSLADRGSTYEQYF	TRBV7-2	TRBJ2-7	1
CASSLADRPASEQYF	TRBV7-9	TRBJ2-7	1
CASSLADRQGPEETQYF	TRBV7-9	TRBJ2-5	1
CASSLADRTFEQYF	TRBV5-6	TRBJ2-7	1
CASSLADSLLETQYF	TRBV5-5	TRBJ2-5	1
CASSLADSNTEAFF	TRBV27	TRBJ1-1	1
CASSLADTFSTDTQYF	TRBV7-9	TRBJ2-3	1
CASSLADTQYF	TRBV7-2	TRBJ2-3	2
CASSLAEAGEGYEQYF	TRBV7-7	TRBJ2-7	1
CASSLAEDRGGLGQETQYF	TRBV7-2	TRBJ2-5	1
CASSLAEDSKSYEQYF	TRBV5-8	TRBJ2-7	1
CASSLAEEAFF	TRBV5-4	TRBJ1-1	1
CASSLAEGDYNSPLHF	TRBV7-9	TRBJ1-6	1
CASSLAEGGETQYF	TRBV7-8	TRBJ2-5	1
CASSLAEGLGETQYF	TRBV5-1	TRBJ2-5	1
CASSLAELAGDKDTQYF	TRBV12-3	TRBJ2-3	1
CASSLAENKRSEAFF	TRBV7-9	TRBJ1-1	1
CASSLAEREVDTQYF	TRBV7-9	TRBJ2-3	1
CASSLAESESVF	TRBV7-9	TRBJ1-4	1
CASSLAETASNYGYTF	TRBV5-1	TRBJ1-2	6
CASSLAETGGYEQYF	TRBV7-9	TRBJ2-7	1
CASSLAETRGETQYF	TRBV12-4	TRBJ2-5	1
CASSLAETSSYEQYF	TRBV7-2	TRBJ2-7	1
CASSLAFFGGSDHTQYF	TRBV11-2	TRBJ2-3	1
CASSLAFGFEQYF	TRBV7-8	TRBJ2-7	1
CASSLAFGFMIF	TRBV6-5	TRBJ2-1	1
CASSLAFLAGELFF	TRBV27	TRBJ2-2	1
CASSLAFLTGFYSNQPQHF	TRBV12-3	TRBJ1-5	1
CASSLAFRKTEAFF	TRBV7-8	TRBJ1-1	1
CASSLAFWHEQYF	TRBV5-1	TRBJ2-7	1
CASSLAGAAEAFF	TRBV7-2	TRBJ1-1	1
CASSLAGAGKLFF	TRBV5-1	TRBJ1-4	1
CASSLAGAGPGETQYF	TRBV5-8	TRBJ2-5	1
CASSLAGAGTEAFF	TRBV7-3	TRBJ1-1	1
CASSLAGAKNTGELFF	TRBV7-9	TRBJ2-2	1
CASSLAGAMNTEAFF	TRBV5-1	TRBJ1-1	1
CASSLAGARTDTQYF	TRBV27	TRBJ2-3	1
CASSLAGATDTQYF	TRBV5-1	TRBJ2-3	1
CASSLAGATYEQYF	TRBV19	TRBJ2-7	1
CASSLAGAVNEQFF	TRBV7-9	TRBJ2-1	1
CASSLAGAYEQYF	TRBV11-3	TRBJ2-7	1
CASSLAGAYNEQFF	TRBV27	TRBJ2-1	1
CASSLAGDEKLFF	TRBV12-3	TRBJ1-4	1
CASSLAGDEQYF	TRBV11-2	TRBJ2-7	1
CASSLAGDHLRQYF	TRBV5-6	TRBJ2-7	1
CASSLAGDKSLTDTQYF	TRBV7-2	TRBJ2-3	1
CASSLAGDRPYEQYF	TRBV27	TRBJ2-7	1
CASSLAGDRQAYEQYF	TRBV7-9	TRBJ2-7	1
CASSLAGDRVLVYGYTF	TRBV27	TRBJ1-2	1
CASSLAGDSSHYEQYF	TRBV27	TRBJ2-7	1
CASSLAGDSYEQYF	TRBV7-2	TRBJ2-7	1
CASSLAGDSYEQYF	TRBV7-9	TRBJ2-7	1
CASSLAGDTEAFF	TRBV5-8	TRBJ1-1	1
CASSLAGDTPSYEQYF	TRBV13	TRBJ2-7	1
CASSLAGDYEQYF	TRBV27	TRBJ2-7	1
CASSLAGDYEQYF	TRBV7-3	TRBJ2-7	1
CASSLAGEETQYF	TRBV11-2	TRBJ2-5	1
CASSLAGEETQYF	TRBV5-6	TRBJ2-5	1
CASSLAGEGEQFF	TRBV5-6	TRBJ2-1	1
CASSLAGEGSSYEQYF	TRBV5-6	TRBJ2-7	1
CASSLAGELFF	TRBV27	TRBJ2-2	1
CASSLAGEQYF	TRBV11-2	TRBJ2-7	1
CASSLAGESTDTQYF	TRBV27	TRBJ2-3	1
CASSLAGETQYF	TRBV7-8	TRBJ2-5	1
CASSLAGEVDTQYF	TRBV7-9	TRBJ2-3	1
CASSLAGFNEQFF	TRBV7-3	TRBJ2-1	1
CASSLAGFPDGYTF	TRBV13	TRBJ1-2	1
CASSLAGGAKNIQYF	TRBV12-3	TRBJ2-4	1
CASSLAGGATDTQYF	TRBV6-3	TRBJ2-3	1
CASSLAGGDYNEQFF	TRBV6-5	TRBJ2-1	1
CASSLAGGEGTEAFF	TRBV7-6	TRBJ1-1	1
CASSLAGGENTGELFF	TRBV7-9	TRBJ2-2	1
CASSLAGGGLAGEAGELFF	TRBV7-8	TRBJ2-2	1
CASSLAGGGLPEETQYF	TRBV5-6	TRBJ2-5	1
CASSLAGGGLSNEQFF	TRBV12-4	TRBJ2-1	1
CASSLAGGGVAEQYF	TRBV7-2	TRBJ2-7	1
CASSLAGGIDTQYF	TRBV11-3	TRBJ2-3	1
CASSLAGGLAGPEQFF	TRBV7-6	TRBJ2-1	1
CASSLAGGLDEQFF	TRBV12-4	TRBJ2-1	1
CASSLAGGLGLSYTF	TRBV11-2	TRBJ1-2	1
CASSLAGGLGPYYEQYF	TRBV7-2	TRBJ2-7	1
CASSLAGGLNEQFF	TRBV7-3	TRBJ2-1	1
CASSLAGGLPPMNTEAFF	TRBV5-1	TRBJ1-1	1
CASSLAGGLTDTQYF	TRBV5-4	TRBJ2-3	1
CASSLAGGLTDTQYF	TRBV5-6	TRBJ2-3	1
CASSLAGGLTDTQYF	TRBV7-3	TRBJ2-3	1
CASSLAGGMDTEAFF	TRBV5-6	TRBJ1-1	1
CASSLAGGNEQFF	TRBV28	TRBJ2-1	1
CASSLAGGNTIYF	TRBV7-8	TRBJ1-3	2
CASSLAGGPEQFF	TRBV7-2	TRBJ2-1	1
CASSLAGGPRETQYF	TRBV19	TRBJ2-5	3
CASSLAGGPSYNEQFF	TRBV11-2	TRBJ2-1	1
CASSLAGGPSYNEQFF	TRBV7-3	TRBJ2-1	1
CASSLAGGPVYNEQFF	TRBV5-1	TRBJ2-1	1
CASSLAGGRADTQYF	TRBV9	TRBJ2-3	1
CASSLAGGRNEQFF	TRBV12-3	TRBJ2-1	1
CASSLAGGSPLHF	TRBV7-9	TRBJ1-6	1
CASSLAGGSSYEQYF	TRBV5-1	TRBJ2-7	1
CASSLAGGSSYEQYF	TRBV7-2	TRBJ2-7	1
CASSLAGGTDTQYF	TRBV12-4	TRBJ2-3	1
CASSLAGGTDTQYF	TRBV27	TRBJ2-3	1
CASSLAGGTDTQYF	TRBV5-1	TRBJ2-3	1
CASSLAGGTDTQYF	TRBV7-2	TRBJ2-3	1
CASSLAGGTGELFF	TRBV27	TRBJ2-2	1
CASSLAGGTYNEQFF	TRBV27	TRBJ2-1	1
CASSLAGGTYTDTQYF	TRBV5-1	TRBJ2-3	1
CASSLAGGVDTQYF	TRBV11-2	TRBJ2-3	1
CASSLAGGVDTQYF	TRBV12-3	TRBJ2-5	1
CASSLAGGVINYGYTF	TRBV27	TRBJ1-2	1
CASSLAGGVQETQYF	TRBV7-2	TRBJ2-5	1
CASSLAGGYASNEQFF	TRBV7-2	TRBJ2-1	1
CASSLAGGYEQYF	TRBV11-2	TRBJ2-7	1
CASSLAGGYTEAFF	TRBV5-4	TRBJ1-1	1
CASSLAGGYVAYEQYF	TRBV7-9	TRBJ2-7	1
CASSLAGHPTNEKLFF	TRBV7-6	TRBJ1-4	1
CASSLAGIGMPQETQYF	TRBV12-3	TRBJ2-5	1
CASSLAGILRGNTIYF	TRBV5-1	TRBJ1-3	1
CASSLAGKGAQHF	TRBV27	TRBJ1-5	1
CASSLAGKIVSYEQYF	TRBV7-8	TRBJ2-7	1
CASSLAGKTYEQYF	TRBV7-9	TRBJ2-7	1
CASSLAGLAGASLATQYF	TRBV7-2	TRBJ2-5	1
CASSLAGLAGETQYF	TRBV5-6	TRBJ2-5	1
CASSLAGLAGGELFF	TRBV7-8	TRBJ2-2	1
CASSLAGLAGTKARYTQYF	TRBV5-6	TRBJ2-3	1
CASSLAGLAGTSYEQYF	TRBV11-2	TRBJ2-7	1
CASSLAGLAVNTGELFF	TRBV5-1	TRBJ2-2	1
CASSLAGLDTQYF	TRBV7-6	TRBJ2-3	1
CASSLAGLGVNEQFF	TRBV5-6	TRBJ2-1	1
CASSLAGLGVVEKLFF	TRBV5-1	TRBJ1-4	1
CASSLAGLHYEQYF	TRBV27	TRBJ2-7	1
CASSLAGLIGLAGGGGYNEQFF	TRBV7-2	TRBJ2-1	1
CASSLAGLLDTQYF	TRBV5-1	TRBJ2-3	1
CASSLAGLNPYNEQFF	TRBV5-1	TRBJ2-1	1
CASSLAGLPYTGELFF	TRBV7-2	TRBJ2-2	1
CASSLAGLRSLGLF	TRBV12-3	TRBJ1-3	1
CASSLAGLSEGYEQFF	TRBV5-1	TRBJ2-1	1
CASSLAGLTYEQYF	TRBV6-3	TRBJ2-7	1
CASSLAGLVSYEQYF	TRBV7-9	TRBJ2-7	1
CASSLAGMGAVNYGYTF	TRBV27	TRBJ1-2	1
CASSLAGNEQFF	TRBV7-6	TRBJ2-1	1
CASSLAGNQPQHF	TRBV12-4	TRBJ1-5	1
CASSLAGNTEAFF	TRBV27	TRBJ1-1	2
CASSLAGNTQYF	TRBV7-9	TRBJ2-3	1
CASSLAGPAADRPYNEQFF	TRBV11-2	TRBJ2-1	1
CASSLAGPADTQYF	TRBV6-3	TRBJ2-3	1
CASSLAGPGAGGEQFF	TRBV7-8	TRBJ2-1	1
CASSLAGPHTGELFF	TRBV7-2	TRBJ2-2	1
CASSLAGPKGYTF	TRBV7-9	TRBJ1-2	1
CASSLAGPNTEAFF	TRBV5-6	TRBJ1-1	1
CASSLAGPRTDTQYF	TRBV7-9	TRBJ2-3	1
CASSLAGPRYNEQFF	TRBV27	TRBJ2-1	1
CASSLAGPSSYNEQFF	TRBV7-9	TRBJ2-1	1
CASSLAGPVRDQETQYF	TRBV7-2	TRBJ2-5	1
CASSLAGPVTGEQFF	TRBV7-2	TRBJ2-1	1
CASSLAGPYNEQFF	TRBV27	TRBJ2-1	1
CASSLAGPYNEQFF	TRBV6-3	TRBJ2-1	1
CASSLAGQEQYF	TRBV5-1	TRBJ2-7	1
CASSLAGQGFQHF	TRBV7-2	TRBJ1-5	1
CASSLAGQGGYGYTF	TRBV7-2	TRBJ1-2	1
CASSLAGQGLYEQYF	TRBV7-8	TRBJ2-7	1
CASSLAGQGPGGYGYTF	TRBV7-9	TRBJ1-2	1
CASSLAGQHSPLHF	TRBV7-8	TRBJ1-6	1
CASSLAGQIAEAFF	TRBV11-1	TRBJ1-1	1
CASSLAGQPNEKLFF	TRBV7-6	TRBJ1-4	1
CASSLAGQQFF	TRBV7-3	TRBJ2-1	1
CASSLAGQTEQYF	TRBV5-1	TRBJ2-7	1
CASSLAGQTF	TRBV7-9	TRBJ1-1	3
CASSLAGQVKTEAFF	TRBV5-1	TRBJ1-1	1
CASSLAGQVNEQYF	TRBV12-4	TRBJ2-7	1
CASSLAGQVYEQYF	TRBV5-4	TRBJ2-7	1
CASSLAGRAYEQYF	TRBV5-6	TRBJ2-7	1
CASSLAGREQYF	TRBV5-4	TRBJ2-7	1
CASSLAGRETEAFF	TRBV5-1	TRBJ1-1	1
CASSLAGRGAYEQYF	TRBV27	TRBJ2-7	1
CASSLAGRGEQFF	TRBV27	TRBJ2-1	1
CASSLAGRHTTSGANVLTF	TRBV5-5	TRBJ2-6	1
CASSLAGRNTEAFF	TRBV5-6	TRBJ1-1	1
CASSLAGRRQETQYF	TRBV7-6	TRBJ2-5	1
CASSLAGRTANQPQHF	TRBV7-2	TRBJ1-5	1
CASSLAGSGSKDTQYF	TRBV7-9	TRBJ2-3	1
CASSLAGSGSSYNEQFF	TRBV7-8	TRBJ2-1	1
CASSLAGSGSTDTQYF	TRBV7-2	TRBJ2-3	1
CASSLAGSIYNEQFF	TRBV7-2	TRBJ2-1	1
CASSLAGSMAKNIQYF	TRBV5-6	TRBJ2-4	1
CASSLAGSNQPQHF	TRBV28	TRBJ1-5	1
CASSLAGSNYGYTF	TRBV12-3	TRBJ1-2	1
CASSLAGSRELFF	TRBV5-1	TRBJ2-2	1
CASSLAGSSGNEQFF	TRBV18	TRBJ2-1	1
CASSLAGSSYEQYF	TRBV7-2	TRBJ2-7	1
CASSLAGSTDTQYF	TRBV12-3	TRBJ2-3	1
CASSLAGSTDTQYF	TRBV6-4	TRBJ2-3	1
CASSLAGSTNYGYTF	TRBV5-5	TRBJ1-2	1
CASSLAGSYEQYF	TRBV7-9	TRBJ2-7	1
CASSLAGSYNEQFF	TRBV12-3	TRBJ2-1	1
CASSLAGSYNEQFF	TRBV5-4	TRBJ2-1	1
CASSLAGTANTEAFF	TRBV27	TRBJ1-1	1
CASSLAGTDTQYF	TRBV7-6	TRBJ2-3	1
CASSLAGTDYNEQFF	TRBV7-3	TRBJ2-1	1
CASSLAGTGEIYEQYF	TRBV5-1	TRBJ2-7	1
CASSLAGTGELFF	TRBV5-6	TRBJ2-2	1
CASSLAGTGELFF	TRBV7-2	TRBJ2-2	1
CASSLAGTGGSNEQFF	TRBV5-1	TRBJ2-1	1
CASSLAGTGKYNEQFF	TRBV7-2	TRBJ2-1	1
CASSLAGTGTYEQYF	TRBV13	TRBJ2-7	1
CASSLAGTGYEQYF	TRBV27	TRBJ2-7	1
CASSLAGTHYEQYF	TRBV12-4	TRBJ2-7	1
CASSLAGTNYGYTF	TRBV5-4	TRBJ1-2	1
CASSLAGTSGNYEQYF	TRBV12-3	TRBJ2-7	1
CASSLAGTSGPGETQYF	TRBV12-4	TRBJ2-5	1
CASSLAGTSGRDEQFF	TRBV4-1	TRBJ2-1	1
CASSLAGTSGSIYNEQFF	TRBV7-8	TRBJ2-1	1
CASSLAGTSGYEQYF	TRBV7-6	TRBJ2-7	1
CASSLAGTYEQYF	TRBV27	TRBJ2-7	1
CASSLAGVEIYTF	TRBV13	TRBJ1-2	1
CASSLAGVENQPQHF	TRBV5-1	TRBJ1-5	1
CASSLAGVFFGNEKLFF	TRBV5-1	TRBJ1-4	6
CASSLAGVGEQFF	TRBV12-3	TRBJ2-1	1
CASSLAGVGTDTQYF	TRBV11-2	TRBJ2-3	1
CASSLAGVGYEQYF	TRBV5-1	TRBJ2-7	1
CASSLAGVSTDTQYF	TRBV5-8	TRBJ2-3	1
CASSLAGVSYEQYF	TRBV5-1	TRBJ2-7	1
CASSLAGVYGYTF	TRBV5-4	TRBJ1-2	1
CASSLAGWKFF	TRBV7-8	TRBJ2-1	1
CASSLAGWKLFF	TRBV12-3	TRBJ1-4	1
CASSLAGWSGIEQFF	TRBV11-2	TRBJ2-1	2
CASSLAGWSYNSPLHF	TRBV11-2	TRBJ1-6	1
CASSLAGWSYTGELFF	TRBV5-6	TRBJ2-2	1
CASSLAGWYGYTF	TRBV11-2	TRBJ1-2	1
CASSLAGYNEQFF	TRBV7-9	TRBJ2-1	1
CASSLAGYSYNEQFF	TRBV7-9	TRBJ2-1	1
CASSLAGYTGELFF	TRBV11-2	TRBJ2-2	7
CASSLAHRLAGGPVFNEQFF	TRBV7-8	TRBJ2-1	1
CASSLAHTGELFF	TRBV11-3	TRBJ2-2	1
CASSLAHVANYGYTF	TRBV7-8	TRBJ1-2	1
CASSLAHWPHRGLTYNEQFF	TRBV27	TRBJ2-1	2
CASSLAIDGTANNEQFF	TRBV7-9	TRBJ2-1	1
CASSLAIQGYGEQFF	TRBV7-9	TRBJ2-1	1
CASSLAISSEQYF	TRBV12-4	TRBJ2-7	1
CASSLAITSGIYREQYF	TRBV7-8	TRBJ2-7	1
CASSLAKAGGQGVTQYF	TRBV7-2	TRBJ2-3	1
CASSLAKDFTDTQYF	TRBV5-6	TRBJ2-3	1
CASSLAKGGGYNYGYTF	TRBV5-1	TRBJ1-2	1
CASSLAKNIQYF	TRBV19	TRBJ2-4	1
CASSLAKWDPNTGELFF	TRBV7-2	TRBJ2-2	1
CASSLALAARTGEQYF	TRBV5-4	TRBJ2-7	1
CASSLALAEAKNIQYF	TRBV5-6	TRBJ2-4	1
CASSLALAGAYNEQFF	TRBV7-9	TRBJ2-1	1
CASSLALAGGSYEQYF	TRBV7-9	TRBJ2-7	1
CASSLALAGTYNEQFF	TRBV5-6	TRBJ2-1	1
CASSLALAGVDTQYF	TRBV7-3	TRBJ2-3	1
CASSLALAPRSYNEQFF	TRBV5-6	TRBJ2-1	1
CASSLALASTDTQYF	TRBV11-2	TRBJ2-3	1
CASSLALAVDTQYF	TRBV5-6	TRBJ2-3	1
CASSLALDFNTEAFF	TRBV12-4	TRBJ1-1	1
CASSLALDGTGELFF	TRBV12-4	TRBJ2-2	1
CASSLALDTYNEQFF	TRBV5-6	TRBJ2-1	1
CASSLALEGASYEQYF	TRBV7-8	TRBJ2-7	1
CASSLALEGDYYGYTF	TRBV5-4	TRBJ1-2	1
CASSLALEKLFF	TRBV7-9	TRBJ1-4	1
CASSLALGESVNEQFF	TRBV7-8	TRBJ2-1	1
CASSLALGGGEIGYTF	TRBV11-2	TRBJ1-2	1
CASSLALGGGTHNVLTF	TRBV5-6	TRBJ2-6	1
CASSLALGLGWDEQYF	TRBV7-2	TRBJ2-7	1
CASSLALGTEAFF	TRBV5-5	TRBJ1-1	1
CASSLALGTGRYSSYEQYF	TRBV12-4	TRBJ2-7	1
CASSLALGVDPRHLQETQYF	TRBV12-4	TRBJ2-5	1
CASSLALIETQYF	TRBV7-9	TRBJ2-5	1
CASSLALMWTAENTGELFF	TRBV7-2	TRBJ2-2	1
CASSLALPTDTQYF	TRBV6-3	TRBJ2-3	1
CASSLALRTGLYEQYF	TRBV7-2	TRBJ2-7	1
CASSLALSDTEQYF	TRBV5-5	TRBJ2-7	1
CASSLALSHNSPLHF	TRBV7-2	TRBJ1-6	1
CASSLALSSGGANTGELFF	TRBV7-9	TRBJ2-2	1
CASSLALTGGIAYEQYF	TRBV7-2	TRBJ2-7	1
CASSLALTGSANTEAFF	TRBV11-2	TRBJ1-1	1
CASSLALVPHNEQFF	TRBV18	TRBJ2-1	1
CASSLALVQETQYF	TRBV12-3	TRBJ2-5	1
CASSLALVRAYEQYF	TRBV7-2	TRBJ2-7	1
CASSLALWDINQPQHF	TRBV7-9	TRBJ1-5	1
CASSLALYGYTF	TRBV7-9	TRBJ1-2	1
CASSLAMLNEQFF	TRBV7-9	TRBJ2-1	1
CASSLAMREGAYNEQFF	TRBV7-6	TRBJ2-1	1
CASSLAMTSGGYNEQFF	TRBV5-4	TRBJ2-1	1
CASSLANEQFF	TRBV5-1	TRBJ2-1	1
CASSLANLAAYEQYF	TRBV5-1	TRBJ2-7	1
CASSLANNYEQYF	TRBV27	TRBJ2-7	1
CASSLANRGPPGEQYF	TRBV7-8	TRBJ2-7	1
CASSLANSNEQFF	TRBV7-2	TRBJ2-1	1
CASSLANTDTQYF	TRBV13	TRBJ2-3	1
CASSLAPAGEPYEQYF	TRBV7-9	TRBJ2-7	1
CASSLAPAGRSGNTIYF	TRBV27	TRBJ1-3	1
CASSLAPANTGELFF	TRBV16	TRBJ2-2	1
CASSLAPASDEQYF	TRBV7-2	TRBJ2-7	1
CASSLAPASKYEQYF	TRBV7-8	TRBJ2-7	1
CASSLAPDNYYGYTF	TRBV7-9	TRBJ1-2	1
CASSLAPDSFTDTQYF	TRBV5-1	TRBJ2-3	1
CASSLAPDYEQYF	TRBV7-2	TRBJ2-7	1
CASSLAPEAGYEQYF	TRBV5-5	TRBJ2-7	1
CASSLAPFEAFF	TRBV7-2	TRBJ1-1	1
CASSLAPGAGYTF	TRBV12-4	TRBJ1-2	1
CASSLAPGASGRSYNEQFF	TRBV11-2	TRBJ2-1	1
CASSLAPGAYEQYF	TRBV7-8	TRBJ2-7	1
CASSLAPGGRDKYF	TRBV7-2	TRBJ2-3	1
CASSLAPGIHYGYTF	TRBV12-3	TRBJ1-2	1
CASSLAPGLAWDTQYF	TRBV7-6	TRBJ2-3	1
CASSLAPGLGDTGELFF	TRBV7-8	TRBJ2-2	1
CASSLAPGQAGSYNEQFF	TRBV28	TRBJ2-1	1
CASSLAPGQGPIKETQYF	TRBV7-9	TRBJ2-5	1
CASSLAPGSELFF	TRBV5-1	TRBJ2-2	1
CASSLAPGSYGNTIYF	TRBV7-9	TRBJ1-3	1
CASSLAPGVYEQYF	TRBV7-2	TRBJ2-7	1
CASSLAPKFGTGSGSPLHF	TRBV5-1	TRBJ1-6	1
CASSLAPKRGEPYEQYF	TRBV7-2	TRBJ2-7	1
CASSLAPLGQPQHF	TRBV7-8	TRBJ1-5	1
CASSLAPLKRPPHNSPLHF	TRBV7-2	TRBJ1-6	1
CASSLAPNGIPYGYTF	TRBV12-3	TRBJ1-2	1
CASSLAPNQETQYF	TRBV7-9	TRBJ2-5	2
CASSLAPPGTNSPLHF	TRBV11-2	TRBJ1-6	1
CASSLAPPSSYNEQFF	TRBV11-2	TRBJ2-1	1
CASSLAPQGARDNEQFF	TRBV7-9	TRBJ2-1	1
CASSLAPQGRGELFF	TRBV27	TRBJ2-2	1
CASSLAPRGFYGYTF	TRBV5-1	TRBJ1-2	1
CASSLAPRGRGGSNEQYF	TRBV5-1	TRBJ2-7	1
CASSLAPRTSGGAKETQYF	TRBV7-9	TRBJ2-5	1
CASSLAPRVAETQYF	TRBV5-6	TRBJ2-5	1
CASSLAPSFFEQYF	TRBV12-3	TRBJ2-7	1
CASSLAPSGEQFF	TRBV5-1	TRBJ2-1	1
CASSLAPSGVDEQFF	TRBV12-4	TRBJ2-1	1
CASSLAPSNEQFF	TRBV7-6	TRBJ2-1	1
CASSLAPSTSGRVHNEQFF	TRBV5-1	TRBJ2-1	1
CASSLAPTRSTEAFF	TRBV12-4	TRBJ1-1	1
CASSLAPYEQYF	TRBV11-2	TRBJ2-7	1
CASSLAPYEQYF	TRBV7-8	TRBJ2-7	1
CASSLAPYEQYF	TRBV7-9	TRBJ2-7	1
CASSLAPYNEQFF	TRBV7-6	TRBJ2-1	1
CASSLAQASNTEAFF	TRBV7-2	TRBJ1-1	1
CASSLAQAVVHGYTF	TRBV7-2	TRBJ1-2	1
CASSLAQFYGYTF	TRBV28	TRBJ1-2	1
CASSLAQGADTQYF	TRBV7-9	TRBJ2-3	1
CASSLAQGAITEAFF	TRBV7-9	TRBJ1-1	1
CASSLAQGEGGELFF	TRBV11-2	TRBJ2-2	1
CASSLAQGGFSYEQYF	TRBV7-3	TRBJ2-7	1
CASSLAQGGTEAFF	TRBV7-8	TRBJ1-1	1
CASSLAQGLAKNIQYF	TRBV5-6	TRBJ2-4	2
CASSLAQGLAYEQYF	TRBV27	TRBJ2-7	1
CASSLAQGRTEAFF	TRBV5-1	TRBJ1-1	1
CASSLAQGSSGGYTF	TRBV27	TRBJ1-2	1
CASSLAQGYTEAFF	TRBV7-8	TRBJ1-1	1
CASSLAQRDSNEQFF	TRBV11-1	TRBJ2-1	2
CASSLAQWRRDRRGYNEQFF	TRBV7-2	TRBJ2-1	1
CASSLARAFEQYF	TRBV7-8	TRBJ2-7	1
CASSLARAGGFNTQYF	TRBV5-6	TRBJ2-3	1
CASSLARALNSPLHF	TRBV13	TRBJ1-6	1
CASSLARAYEQYF	TRBV11-1	TRBJ2-7	1
CASSLARDEQYF	TRBV7-8	TRBJ2-7	1
CASSLARDRGLTDTQYF	TRBV7-8	TRBJ2-3	1
CASSLARDTAPSSGNTIYF	TRBV5-1	TRBJ1-3	1
CASSLARENNEQFF	TRBV7-9	TRBJ2-1	1
CASSLARESSYNEQFF	TRBV5-1	TRBJ2-1	1
CASSLAREVADTQYF	TRBV28	TRBJ2-3	1
CASSLARGAYEQYF	TRBV5-1	TRBJ2-7	1
CASSLARGEKLFF	TRBV7-9	TRBJ1-4	1
CASSLARGEQFF	TRBV5-1	TRBJ2-1	12
CASSLARGHSNQPQHF	TRBV19	TRBJ1-5	1
CASSLARGLNTEAFF	TRBV12-3	TRBJ1-1	1
CASSLARGMPYEQYF	TRBV7-9	TRBJ2-7	1
CASSLARGPSYEQYF	TRBV5-1	TRBJ2-7	1
CASSLARGTDTQYF	TRBV7-2	TRBJ2-3	1
CASSLARGTGELFF	TRBV11-2	TRBJ2-2	2
CASSLARGTGGSQPQHF	TRBV7-8	TRBJ1-5	1
CASSLARGTTGELFF	TRBV11-1	TRBJ2-2	1
CASSLARGVGTGELFF	TRBV11-1	TRBJ2-2	1
CASSLARLGREPYNEQFF	TRBV7-2	TRBJ2-1	1
CASSLARNTGQWETQYF	TRBV7-9	TRBJ2-5	1
CASSLARQGLETQYF	TRBV7-7	TRBJ2-5	1
CASSLARRDWRGNQPQHF	TRBV28	TRBJ1-5	1
CASSLARRGTGGFYEQYF	TRBV7-6	TRBJ2-7	1
CASSLARSGNTIYF	TRBV27	TRBJ1-3	1
CASSLARSPGGTEAFF	TRBV5-6	TRBJ1-1	1
CASSLARTEDNYEQYF	TRBV12-3	TRBJ2-7	46
CASSLARTGGDKTEAFF	TRBV11-2	TRBJ1-1	1
CASSLARTGLTDTQYF	TRBV7-2	TRBJ2-3	1
CASSLARTGRTGELFF	TRBV5-6	TRBJ2-2	1
CASSLARTSPYEQYF	TRBV5-6	TRBJ2-7	1
CASSLASASGAYEQYF	TRBV7-9	TRBJ2-7	1
CASSLASDTEAFF	TRBV7-9	TRBJ1-1	1
CASSLASDTQYF	TRBV12-3	TRBJ2-3	1
CASSLASERSTYEQYF	TRBV7-8	TRBJ2-7	1
CASSLASGATYQETQYF	TRBV13	TRBJ2-5	1
CASSLASGGAYNSPLHF	TRBV7-8	TRBJ1-6	1
CASSLASGGFESYEQYF	TRBV7-9	TRBJ2-7	1
CASSLASGGGYNEQFF	TRBV27	TRBJ2-1	1
CASSLASGGIDEQYF	TRBV5-1	TRBJ2-7	1
CASSLASGGTDTQYF	TRBV5-8	TRBJ2-3	1
CASSLASGGYTGELFF	TRBV7-9	TRBJ2-2	1
CASSLASGNYEQYF	TRBV7-6	TRBJ2-7	1
CASSLASGPALEQYF	TRBV7-8	TRBJ2-7	1
CASSLASGPSYEQYF	TRBV11-2	TRBJ2-7	1
CASSLASGPYEQYF	TRBV27	TRBJ2-7	1
CASSLASGQGASEAFF	TRBV7-6	TRBJ1-1	1
CASSLASGRAGSKTQYF	TRBV7-9	TRBJ2-5	1
CASSLASGRETQYF	TRBV5-6	TRBJ2-5	1
CASSLASGSSETQYF	TRBV27	TRBJ2-5	1
CASSLASGTPHEQYF	TRBV7-6	TRBJ2-7	1
CASSLASGTTDTQYF	TRBV28	TRBJ2-3	1
CASSLASGVSSTYEQYF	TRBV12-3	TRBJ2-7	1
CASSLASGWNEQYF	TRBV27	TRBJ2-7	1
CASSLASLLQETSGANVLTF	TRBV7-8	TRBJ2-6	1
CASSLASLNNEQFF	TRBV12-4	TRBJ2-1	1
CASSLASLSYEQYF	TRBV28	TRBJ2-7	1
CASSLASNQETQYF	TRBV11-2	TRBJ2-5	1
CASSLASNQETQYF	TRBV12-4	TRBJ2-5	1
CASSLASNQPQHF	TRBV5-6	TRBJ1-5	2
CASSLASQNTEAFF	TRBV7-8	TRBJ1-1	1
CASSLASRGQSGELFF	TRBV7-6	TRBJ2-2	1
CASSLASTDTQYF	TRBV7-9	TRBJ2-3	1
CASSLASTSGGYEQFF	TRBV7-2	TRBJ2-1	1
CASSLASVAGASHRQFF	TRBV5-6	TRBJ2-1	1
CASSLASYGYTF	TRBV5-5	TRBJ1-2	1
CASSLASYNEQFF	TRBV7-6	TRBJ2-1	1
CASSLATDIKNEQFF	TRBV7-9	TRBJ2-1	1
CASSLATDTQYF	TRBV7-9	TRBJ2-3	1
CASSLATETQYF	TRBV5-4	TRBJ2-5	1
CASSLATGDYNEQFF	TRBV7-9	TRBJ2-1	1
CASSLATGELFF	TRBV5-4	TRBJ2-2	1
CASSLATGGRGEQYF	TRBV27	TRBJ2-7	1
CASSLATGSSYEQYF	TRBV11-1	TRBJ2-7	1
CASSLATGVQDIQYF	TRBV5-6	TRBJ2-4	1
CASSLATGYEQYF	TRBV11-2	TRBJ2-7	1
CASSLATGYPPRGNEKLFF	TRBV7-9	TRBJ1-4	1
CASSLATHGAYLYNEQFF	TRBV7-2	TRBJ2-1	1
CASSLATINEKLFF	TRBV5-4	TRBJ1-4	1
CASSLATIPGTSGTYNEQFF	TRBV7-3	TRBJ2-1	1
CASSLATNGETQYF	TRBV5-1	TRBJ2-5	1
CASSLATNHRDRGSYEQYF	TRBV7-6	TRBJ2-7	1
CASSLATREGSSYNEQFF	TRBV5-1	TRBJ2-1	1
CASSLATRGFSTFRGYTF	TRBV7-8	TRBJ1-2	1
CASSLATSFEQYF	TRBV7-9	TRBJ2-7	1
CASSLATSGQFF	TRBV7-9	TRBJ2-1	1
CASSLATSGRARSYETQYF	TRBV7-9	TRBJ2-5	1
CASSLATSGREWAGELFF	TRBV7-2	TRBJ2-2	1
CASSLATSGWWDTQYF	TRBV5-5	TRBJ2-3	1
CASSLATSPLMNTEAFF	TRBV7-9	TRBJ1-1	1
CASSLATSSYEQYF	TRBV5-4	TRBJ2-7	1
CASSLATWDRGANYGYTF	TRBV7-9	TRBJ1-2	1
CASSLAVAGTVLEQYF	TRBV7-9	TRBJ2-7	1
CASSLAVEESNQPQHF	TRBV5-6	TRBJ1-5	1
CASSLAVGETGYEQYF	TRBV11-2	TRBJ2-7	1
CASSLAVGGGEQYF	TRBV27	TRBJ2-7	1
CASSLAVGLADGYTF	TRBV7-2	TRBJ1-2	1
CASSLAVGNEQFF	TRBV11-2	TRBJ2-1	1
CASSLAVGPYEQYF	TRBV7-8	TRBJ2-7	1
CASSLAVGQGTPEAFF	TRBV5-1	TRBJ1-1	1
CASSLAVGVSYGYTF	TRBV11-2	TRBJ1-2	1
CASSLAVHGIDEQFF	TRBV27	TRBJ2-1	1
CASSLAVPSGGNTIYF	TRBV5-1	TRBJ1-3	1
CASSLAVQTARLRSYTF	TRBV5-1	TRBJ1-2	2
CASSLAVREQFF	TRBV5-6	TRBJ2-1	1
CASSLAVRLGEKLFF	TRBV7-9	TRBJ1-4	1
CASSLAVSSYNEQFF	TRBV27	TRBJ2-1	1
CASSLAVTASGFFYEQYF	TRBV11-1	TRBJ2-7	1
CASSLAVVNEQFF	TRBV5-5	TRBJ2-1	1
CASSLAVWGGDNEQFF	TRBV7-8	TRBJ2-1	1
CASSLAVWWTEGPGANVLTF	TRBV12-3	TRBJ2-6	1
CASSLAVYQPQHF	TRBV12-4	TRBJ1-5	1
CASSLAWAGERRAFF	TRBV7-9	TRBJ1-1	1
CASSLAWAGTDTQYF	TRBV7-6	TRBJ2-3	1
CASSLAWDEQFF	TRBV5-5	TRBJ2-1	1
CASSLAWDLNSPLHF	TRBV7-2	TRBJ1-6	10
CASSLAWESSYNEQFF	TRBV5-1	TRBJ2-1	1
CASSLAWGDAYEQYF	TRBV5-4	TRBJ2-7	1
CASSLAWGDGPYNEQFF	TRBV5-1	TRBJ2-1	1
CASSLAWGGKLFF	TRBV5-1	TRBJ1-4	1
CASSLAWGGNTEAFF	TRBV7-6	TRBJ1-1	1
CASSLAWGGTDTQYF	TRBV5-4	TRBJ2-3	1
CASSLAWGLAGEQYF	TRBV7-6	TRBJ2-7	1
CASSLAWGQPQHF	TRBV28	TRBJ1-5	1
CASSLAWRFFGGAYEQYF	TRBV7-8	TRBJ2-7	1
CASSLAWRLAGGYEQYF	TRBV5-1	TRBJ2-7	1
CASSLAWSGEGEQFF	TRBV11-1	TRBJ2-1	1
CASSLAWSGHGYTF	TRBV5-6	TRBJ1-2	1
CASSLAWTAEQFF	TRBV7-8	TRBJ2-1	1
CASSLAWTEMGTEAFF	TRBV12-4	TRBJ1-1	1
CASSLAYANEQFF	TRBV7-6	TRBJ2-1	1
CASSLAYEGDGNTIYF	TRBV5-1	TRBJ1-3	1
CASSLAYEQYF	TRBV11-2	TRBJ2-7	2
CASSLAYEQYF	TRBV12-3	TRBJ2-7	1
CASSLAYGPNYGYTF	TRBV5-1	TRBJ1-2	1
CASSLAYGSETQYF	TRBV7-7	TRBJ2-5	1
CASSLAYGYTF	TRBV7-9	TRBJ1-2	1
CASSLAYLGQGVSGYTF	TRBV7-8	TRBJ1-2	1
CASSLAYLWAGRGNEQFF	TRBV12-4	TRBJ2-1	1
CASSLAYPSYEQYF	TRBV7-8	TRBJ2-7	1
CASSLAYRLAGWTNQETQYF	TRBV7-9	TRBJ2-5	1
CASSLAYSSGNTIYF	TRBV5-1	TRBJ1-3	1
CASSLAYTGELFF	TRBV5-5	TRBJ2-2	1
CASSLCCATNEKLFF	TRBV28	TRBJ1-4	1
CASSLCCSPNTGELFF	TRBV7-9	TRBJ2-2	1
CASSLCDRTSVTEAFF	TRBV28	TRBJ1-1	1
CASSLCGYCEQFF	TRBV27	TRBJ2-1	1
CASSLCLHGRAEREAYEQYF	TRBV28	TRBJ2-7	1
CASSLCPLPTVCYEKLFF	TRBV28	TRBJ1-4	1
CASSLDAFSGNTIYF	TRBV4-3	TRBJ1-3	1
CASSLDAGIRRNEQFF	TRBV28	TRBJ2-1	1
CASSLDAGMSYEQYF	TRBV5-4	TRBJ2-7	1
CASSLDAGSPLHF	TRBV27	TRBJ1-6	1
CASSLDAKDLAVNNEQFF	TRBV7-2	TRBJ2-1	1
CASSLDANTEAFF	TRBV6-5	TRBJ1-1	1
CASSLDASGTYNEQFF	TRBV7-8	TRBJ2-1	1
CASSLDASSYEQYF	TRBV5-1	TRBJ2-7	1
CASSLDASTRYYEQYF	TRBV5-6	TRBJ2-7	1
CASSLDAYNEQFF	TRBV5-1	TRBJ2-1	1
CASSLDAYSNSNQPQHF	TRBV7-8	TRBJ1-5	1
CASSLDDGPNYEQYF	TRBV5-1	TRBJ2-7	1
CASSLDDKRPQHF	TRBV27	TRBJ1-5	1
CASSLDDRLADRHTQYF	TRBV5-6	TRBJ2-3	1
CASSLDDSGTGPYEQYF	TRBV7-2	TRBJ2-7	1
CASSLDDSYNEQFF	TRBV11-2	TRBJ2-1	1
CASSLDDTDTQYF	TRBV18	TRBJ2-3	1
CASSLDDVGGGFMNTEAFF	TRBV11-2	TRBJ1-1	1
CASSLDDVSYIYTGELFF	TRBV7-2	TRBJ2-2	1
CASSLDDYKFF	TRBV7-8	TRBJ2-1	1
CASSLDEGEQYF	TRBV7-9	TRBJ2-7	1
CASSLDEGTNEKLFF	TRBV4-1	TRBJ1-4	1
CASSLDEPVHEQYF	TRBV5-6	TRBJ2-7	1
CASSLDEQFF	TRBV11-2	TRBJ2-1	1
CASSLDEQGIWFDEQFF	TRBV11-2	TRBJ2-1	1
CASSLDEQYF	TRBV7-9	TRBJ2-3	1
CASSLDEREQYF	TRBV12-4	TRBJ2-7	1
CASSLDEYDTQYF	TRBV7-7	TRBJ2-3	1
CASSLDFAAGELFF	TRBV11-2	TRBJ2-2	1
CASSLDFGQGIWIPPYEQYF	TRBV11-2	TRBJ2-7	1
CASSLDFQDKAFF	TRBV11-2	TRBJ1-1	1
CASSLDFQGNEQYF	TRBV11-2	TRBJ2-7	1
CASSLDFRDSPYTGELFF	TRBV11-2	TRBJ2-2	1
CASSLDFSSQETQYF	TRBV11-2	TRBJ2-5	1
CASSLDFTSGPDNEQFF	TRBV11-2	TRBJ2-1	1
CASSLDFWGGGNEQFF	TRBV11-2	TRBJ2-1	1
CASSLDFYGYTF	TRBV19	TRBJ1-2	1
CASSLDGAGAYEQYF	TRBV27	TRBJ2-7	1
CASSLDGALAKNIQYF	TRBV5-4	TRBJ2-4	1
CASSLDGALDEQYF	TRBV5-1	TRBJ2-7	1
CASSLDGAMNEQYF	TRBV12-4	TRBJ2-7	1
CASSLDGAPKFF	TRBV7-2	TRBJ2-1	1
CASSLDGASGYTF	TRBV12-4	TRBJ1-2	1
CASSLDGAYTRGPQYF	TRBV11-2	TRBJ2-5	1
CASSLDGDMNTEAFF	TRBV4-3	TRBJ1-1	1
CASSLDGDTQYF	TRBV7-9	TRBJ2-3	1
CASSLDGEEEKLFF	TRBV6-3	TRBJ1-4	1
CASSLDGEGYEQYF	TRBV5-1	TRBJ2-7	1
CASSLDGEGYGAFTDTQYF	TRBV11-2	TRBJ2-3	1
CASSLDGGAYNEQFF	TRBV13	TRBJ2-1	1
CASSLDGGGLDYGYTF	TRBV7-9	TRBJ1-2	1
CASSLDGGGSGNTIYF	TRBV5-4	TRBJ1-3	1
CASSLDGGNYNEQFF	TRBV5-1	TRBJ2-1	1
CASSLDGGPEAFF	TRBV7-6	TRBJ1-1	1
CASSLDGGPGQGRYGYTF	TRBV11-2	TRBJ1-2	1
CASSLDGGVGDTQYF	TRBV5-1	TRBJ2-3	1
CASSLDGKGYEQYF	TRBV7-9	TRBJ2-7	1
CASSLDGLFYEQYF	TRBV5-1	TRBJ2-7	1
CASSLDGLGEQYF	TRBV5-4	TRBJ2-7	1
CASSLDGLVTGNTIYF	TRBV5-1	TRBJ1-3	1
CASSLDGNEQFF	TRBV12-4	TRBJ2-1	1
CASSLDGNEQYF	TRBV5-1	TRBJ2-7	1
CASSLDGNNEQFF	TRBV5-1	TRBJ2-1	1
CASSLDGNPSF	TRBV7-9	TRBJ2-7	1
CASSLDGNTEAFF	TRBV11-2	TRBJ1-1	1
CASSLDGPEAWETQYF	TRBV11-2	TRBJ2-5	1
CASSLDGPGTDTQYF	TRBV12-4	TRBJ2-3	1
CASSLDGPPGEDSYEQYF	TRBV7-9	TRBJ2-7	1
CASSLDGQGSDTQYF	TRBV7-2	TRBJ2-3	1
CASSLDGQSVITAFF	TRBV11-1	TRBJ1-1	1
CASSLDGRGTEAFF	TRBV7-2	TRBJ1-1	1
CASSLDGRPEQFF	TRBV7-9	TRBJ2-1	1
CASSLDGRPFF	TRBV12-4	TRBJ2-2	1
CASSLDGSNQPQHF	TRBV5-1	TRBJ1-5	1
CASSLDGSNQPQHF	TRBV7-9	TRBJ1-5	1
CASSLDGSRYEQYF	TRBV11-2	TRBJ2-7	1
CASSLDGSSYNEQFF	TRBV7-9	TRBJ2-1	1
CASSLDGSTAANEQFF	TRBV5-1	TRBJ2-1	1
CASSLDGSTYEQYF	TRBV5-8	TRBJ2-7	1
CASSLDGSVETQYF	TRBV5-1	TRBJ2-5	1
CASSLDGSYEQYF	TRBV7-2	TRBJ2-7	1
CASSLDGTAIGGNIQYF	TRBV5-1	TRBJ2-4	1
CASSLDGTAQETQYF	TRBV7-3	TRBJ2-5	1
CASSLDGTGTRNTEAFF	TRBV11-2	TRBJ1-1	1
CASSLDGTGVGANVLTF	TRBV5-4	TRBJ2-6	1
CASSLDGTLDEQYF	TRBV7-2	TRBJ2-7	1
CASSLDGTNYGYTF	TRBV5-1	TRBJ1-2	1
CASSLDGTQYF	TRBV7-9	TRBJ2-5	1
CASSLDGTYEQYF	TRBV7-2	TRBJ2-7	1
CASSLDGTYHSYEQYF	TRBV11-2	TRBJ2-7	1
CASSLDGVRGGKDGYTF	TRBV7-9	TRBJ1-2	5
CASSLDGWAPSPDEQFF	TRBV11-2	TRBJ2-1	1
CASSLDGWLSTEAFF	TRBV7-9	TRBJ1-1	1
CASSLDGWYRAYQETQYF	TRBV28	TRBJ2-5	1
CASSLDGYSGANVLTF	TRBV5-5	TRBJ2-6	1
CASSLDHASYNEQFF	TRBV7-3	TRBJ2-1	1
CASSLDHEQFF	TRBV27	TRBJ2-1	1
CASSLDHGYGYTF	TRBV5-1	TRBJ1-2	1
CASSLDHRGTQYF	TRBV11-3	TRBJ2-5	1
CASSLDHSSDGIQYF	TRBV11-2	TRBJ2-4	1
CASSLDHTPYEQYF	TRBV12-3	TRBJ2-7	1
CASSLDHYGYTF	TRBV7-9	TRBJ1-2	1
CASSLDIANEQFF	TRBV12-4	TRBJ2-1	1
CASSLDIGTEEAGGGYF	TRBV5-6	TRBJ2-7	1
CASSLDIQVSYEQYF	TRBV7-9	TRBJ2-7	1
CASSLDITSGHGELFF	TRBV11-2	TRBJ2-2	1
CASSLDIWTWDRSVYNEQFF	TRBV11-2	TRBJ2-1	1
CASSLDKNRGLTEAFF	TRBV11-1	TRBJ1-1	1
CASSLDLAGTGANVLTF	TRBV7-2	TRBJ2-6	2
CASSLDLAVDNEQFF	TRBV5-1	TRBJ2-1	1
CASSLDLDIQYF	TRBV11-2	TRBJ2-4	1
CASSLDLGIYEQYF	TRBV6-5	TRBJ2-7	1
CASSLDLGMNGFF	TRBV11-2	TRBJ1-1	1
CASSLDLGPLMNTEAFF	TRBV11-2	TRBJ1-1	1
CASSLDLIPAGGSTPYNEQFF	TRBV11-2	TRBJ2-1	5
CASSLDLMTGTADYGYTF	TRBV11-2	TRBJ1-2	1
CASSLDLQNEKLFF	TRBV11-2	TRBJ1-4	1
CASSLDLRGGNEKLFF	TRBV7-9	TRBJ1-4	1
CASSLDLRGTEAFF	TRBV12-4	TRBJ1-1	1
CASSLDLRIEQYF	TRBV11-2	TRBJ2-7	1
CASSLDLRTSNQPQHF	TRBV12-3	TRBJ1-5	1
CASSLDLSATPGRDTQYF	TRBV7-9	TRBJ2-3	1
CASSLDLSGADTQYF	TRBV5-1	TRBJ2-3	1
CASSLDLSGGITDTQYF	TRBV7-3	TRBJ2-3	30
CASSLDLTAGNTEAFF	TRBV7-8	TRBJ1-1	1
CASSLDLVYEQYF	TRBV7-8	TRBJ2-7	1
CASSLDLYEQYF	TRBV7-9	TRBJ2-7	1
CASSLDMLQFGTEAFF	TRBV12-3	TRBJ1-1	1
CASSLDMTNEKLFF	TRBV5-5	TRBJ1-4	1
CASSLDNEQFF	TRBV28	TRBJ2-1	1
CASSLDNFSEAFF	TRBV5-5	TRBJ1-1	1
CASSLDNNLEQYF	TRBV11-3	TRBJ2-7	1
CASSLDNRGGTEAFF	TRBV7-9	TRBJ1-1	1
CASSLDNTEAFF	TRBV5-1	TRBJ1-1	1
CASSLDPDRVFREQYF	TRBV5-5	TRBJ2-7	1
CASSLDPETPNTGELFF	TRBV11-2	TRBJ2-2	1
CASSLDPGAFF	TRBV7-9	TRBJ1-1	1
CASSLDPGAGVYEQYF	TRBV7-2	TRBJ2-7	1
CASSLDPGEQYF	TRBV5-6	TRBJ2-7	1
CASSLDPGGGYEQYF	TRBV11-2	TRBJ2-7	1
CASSLDPGLPGLAGSTDTQYF	TRBV12-4	TRBJ2-3	1
CASSLDPGNYEQYF	TRBV7-2	TRBJ2-7	1
CASSLDPGQGSYNEQFF	TRBV11-2	TRBJ2-1	1
CASSLDPGQGWTNTEAFF	TRBV18	TRBJ1-1	1
CASSLDPGQSGRDNEKLFF	TRBV7-2	TRBJ1-4	1
CASSLDPGRTEAFF	TRBV5-5	TRBJ1-1	4
CASSLDPGTNYGYTF	TRBV7-2	TRBJ1-2	1
CASSLDPGVSYNEQFF	TRBV7-8	TRBJ2-1	1
CASSLDPGWYGYTF	TRBV7-9	TRBJ1-2	1
CASSLDPGYNEQFF	TRBV5-1	TRBJ2-1	1
CASSLDPISDGYTF	TRBV11-2	TRBJ1-2	1
CASSLDPLDTQYF	TRBV7-2	TRBJ2-3	1
CASSLDPLSYEQYF	TRBV11-2	TRBJ2-7	1
CASSLDPNSPLHF	TRBV5-6	TRBJ1-6	1
CASSLDPQKNTGELFF	TRBV5-1	TRBJ2-2	1
CASSLDPSGASYNEQFF	TRBV7-6	TRBJ2-1	1
CASSLDPSSSYEQYF	TRBV7-9	TRBJ2-7	1
CASSLDPTGQGYTF	TRBV7-2	TRBJ1-2	1
CASSLDPTGTYEQYF	TRBV27	TRBJ2-7	1
CASSLDPTNTGELFF	TRBV4-1	TRBJ2-2	1
CASSLDPVGGLLETQYF	TRBV11-2	TRBJ2-5	1
CASSLDPVGPQYF	TRBV11-2	TRBJ2-5	1
CASSLDPVIGYEQYF	TRBV7-8	TRBJ2-7	1
CASSLDPVQETQYF	TRBV11-1	TRBJ2-5	1
CASSLDPVSGNTIYF	TRBV5-1	TRBJ1-3	1
CASSLDPYNEQFF	TRBV7-3	TRBJ2-1	1
CASSLDPYQGIGMNTEAFF	TRBV11-1	TRBJ1-1	1
CASSLDQDTFLGVVTGELFF	TRBV7-2	TRBJ2-2	1
CASSLDQGAYEQYF	TRBV5-1	TRBJ2-7	1
CASSLDQGQETQYF	TRBV5-6	TRBJ2-5	1
CASSLDQLTDTQYF	TRBV5-6	TRBJ2-3	1
CASSLDQPIQYF	TRBV11-2	TRBJ2-4	1
CASSLDQREYAYEQYF	TRBV5-1	TRBJ2-7	1
CASSLDQRGSRKNIQYF	TRBV12-3	TRBJ2-4	1
CASSLDQTYEQYF	TRBV7-6	TRBJ2-7	1
CASSLDRAGGLNTGELFF	TRBV7-6	TRBJ2-2	1
CASSLDRAGGQETQYF	TRBV11-2	TRBJ2-5	1
CASSLDRAGYYGYTF	TRBV7-8	TRBJ1-2	1
CASSLDRAQYF	TRBV13	TRBJ2-5	1
CASSLDRATEAFF	TRBV5-6	TRBJ1-1	1
CASSLDRDASYNEQFF	TRBV7-9	TRBJ2-1	2
CASSLDRDLTSNTDTQYF	TRBV28	TRBJ2-3	1
CASSLDRDRPSYEQYF	TRBV7-2	TRBJ2-7	1
CASSLDRDSSNEKLFF	TRBV7-9	TRBJ1-4	1
CASSLDRDWGSYEQYF	TRBV5-6	TRBJ2-7	1
CASSLDRDYNEQFF	TRBV11-3	TRBJ2-1	1
CASSLDREETQYF	TRBV7-9	TRBJ2-5	1
CASSLDRERGAFYNEQFF	TRBV4-3	TRBJ2-1	1
CASSLDREVVTYEQYF	TRBV5-6	TRBJ2-7	1
CASSLDRGARGYTF	TRBV7-6	TRBJ1-2	1
CASSLDRGDEQFF	TRBV25-1	TRBJ2-1	1
CASSLDRGILWTEAFF	TRBV5-4	TRBJ1-1	1
CASSLDRGQETQYF	TRBV28	TRBJ2-5	1
CASSLDRGSNTEAFF	TRBV7-9	TRBJ1-1	1
CASSLDRGSRYTEAFF	TRBV27	TRBJ1-1	1
CASSLDRGTYEQYF	TRBV5-4	TRBJ2-7	1
CASSLDRGVGDEQFF	TRBV5-6	TRBJ2-1	1
CASSLDRGVRKLFF	TRBV7-9	TRBJ1-4	1
CASSLDRGYEQYF	TRBV5-1	TRBJ2-7	1
CASSLDRGYEQYF	TRBV5-4	TRBJ2-7	1
CASSLDRHADTQYF	TRBV5-1	TRBJ2-3	1
CASSLDRHLSGANVLTF	TRBV7-9	TRBJ2-6	1
CASSLDRKYNSPLHF	TRBV5-6	TRBJ1-6	1
CASSLDRLGYEQYF	TRBV11-2	TRBJ2-7	1
CASSLDRLNTIYF	TRBV4-2	TRBJ1-3	1
CASSLDRLVLYNEQFF	TRBV11-1	TRBJ2-1	1
CASSLDRNQPQHF	TRBV27	TRBJ1-5	1
CASSLDRNQPQHF	TRBV7-3	TRBJ1-5	1
CASSLDRNRLTSGANVLTF	TRBV7-8	TRBJ2-6	1
CASSLDRPLIGQAYEQYF	TRBV11-2	TRBJ2-7	1
CASSLDRQTGELFF	TRBV7-6	TRBJ2-2	1
CASSLDRRDLGNTIYF	TRBV5-4	TRBJ1-3	1
CASSLDRRLAGQETQYF	TRBV11-2	TRBJ2-5	1
CASSLDRRMLHF	TRBV5-4	TRBJ1-6	1
CASSLDRRSSYEQYF	TRBV5-6	TRBJ2-7	1
CASSLDRSGRSLTPRTGELFF	TRBV5-1	TRBJ2-2	1
CASSLDRSSYEQYF	TRBV5-4	TRBJ2-7	1
CASSLDRSSYNEQFF	TRBV6-3	TRBJ2-1	1
CASSLDRSSYNSPLHF	TRBV11-2	TRBJ1-6	1
CASSLDRSVRGHPNEQYF	TRBV7-6	TRBJ2-7	1
CASSLDRSYEQYF	TRBV4-3	TRBJ2-7	1
CASSLDRSYEQYF	TRBV5-4	TRBJ2-7	1
CASSLDRTGDEKLFF	TRBV7-8	TRBJ1-4	1
CASSLDRTGEYEQYF	TRBV5-6	TRBJ2-7	1
CASSLDRTGLQETQYF	TRBV5-1	TRBJ2-5	1
CASSLDRTRETQYF	TRBV7-8	TRBJ2-5	1
CASSLDRTSRSTDTQYF	TRBV5-8	TRBJ2-3	3
CASSLDRTSSPLHF	TRBV27	TRBJ1-6	1
CASSLDRTYEQYF	TRBV7-6	TRBJ2-7	1
CASSLDRVAADTQYF	TRBV27	TRBJ2-3	1
CASSLDRVAEKLFF	TRBV27	TRBJ1-4	1
CASSLDRVANTEAFF	TRBV27	TRBJ1-1	1
CASSLDRVLKINEQYF	TRBV5-5	TRBJ2-7	1
CASSLDRVNTEAFF	TRBV6-5	TRBJ1-1	1
CASSLDRVPYEQYF	TRBV27	TRBJ2-7	1
CASSLDRVVYNEQFF	TRBV11-2	TRBJ2-1	1
CASSLDSDSYEQYF	TRBV7-2	TRBJ2-7	1
CASSLDSEDGYTF	TRBV9	TRBJ1-2	1
CASSLDSEDYSNQPQHF	TRBV7-9	TRBJ1-5	1
CASSLDSFPGDTQYF	TRBV9	TRBJ2-3	1
CASSLDSFSPLHF	TRBV14	TRBJ1-6	1
CASSLDSGAYEQYF	TRBV12-4	TRBJ2-7	1
CASSLDSGGWGWYF	TRBV11-2	TRBJ2-3	1
CASSLDSGTIYEQYF	TRBV7-2	TRBJ2-7	1
CASSLDSGTPSGANVLTF	TRBV9	TRBJ2-6	1
CASSLDSGYREGYEQYF	TRBV28	TRBJ2-7	1
CASSLDSLGAEAFF	TRBV27	TRBJ1-1	1
CASSLDSNSPLHF	TRBV11-2	TRBJ1-6	2
CASSLDSNSPLHF	TRBV27	TRBJ1-6	1
CASSLDSPSTDTQYF	TRBV7-8	TRBJ2-3	1
CASSLDSPWTYGYTF	TRBV5-1	TRBJ1-2	1
CASSLDSPYEQFF	TRBV7-9	TRBJ2-1	1
CASSLDSPYEQYF	TRBV5-1	TRBJ2-7	1
CASSLDSSNQPQHF	TRBV7-9	TRBJ1-5	1
CASSLDSTDTQYF	TRBV27	TRBJ2-3	1
CASSLDSTGELFF	TRBV27	TRBJ2-2	1
CASSLDSYEQYF	TRBV7-8	TRBJ2-7	1
CASSLDSYGYTF	TRBV5-1	TRBJ1-2	1
CASSLDSYNEQFF	TRBV27	TRBJ2-1	1
CASSLDSYNQPQHF	TRBV12-3	TRBJ1-5	1
CASSLDTAGAGELFF	TRBV7-9	TRBJ2-2	1
CASSLDTEAFF	TRBV7-8	TRBJ1-1	1
CASSLDTENTDTQYF	TRBV11-2	TRBJ2-3	1
CASSLDTFTEAFF	TRBV7-2	TRBJ1-1	1
CASSLDTGKTEAFF	TRBV7-6	TRBJ1-1	2
CASSLDTGNLLTQYF	TRBV11-2	TRBJ2-3	1
CASSLDTGPYEQYF	TRBV7-2	TRBJ2-7	1
CASSLDTGSEQYF	TRBV11-2	TRBJ2-7	1
CASSLDTGTGELFF	TRBV5-1	TRBJ2-2	1
CASSLDTGVVSTDTQYF	TRBV7-9	TRBJ2-3	1
CASSLDTLAGGQFF	TRBV11-2	TRBJ2-1	1
CASSLDTNSYEQYF	TRBV7-6	TRBJ2-7	1
CASSLDTQYF	TRBV7-9	TRBJ2-3	3
CASSLDTSGSPYEQYF	TRBV11-2	TRBJ2-7	1
CASSLDTSSTDTQYF	TRBV5-4	TRBJ2-3	1
CASSLDTSTDTQYF	TRBV5-4	TRBJ2-3	1
CASSLDVAQAQGDGYTF	TRBV7-2	TRBJ1-2	1
CASSLDVDTQYF	TRBV5-1	TRBJ2-3	1
CASSLDVGRAASYEQYF	TRBV5-1	TRBJ2-7	9
CASSLDVQETQYF	TRBV7-9	TRBJ2-5	1
CASSLDVQRGTDTQYF	TRBV5-6	TRBJ2-3	1
CASSLDWDSGIYEQYF	TRBV5-5	TRBJ2-7	1
CASSLDWGQANYGYTF	TRBV11-2	TRBJ1-2	1
CASSLDWGQTYEQYF	TRBV11-2	TRBJ2-7	1
CASSLDWRGTEAFF	TRBV7-2	TRBJ1-1	1
CASSLDWTSDDYGYTF	TRBV7-8	TRBJ1-2	1
CASSLDYEQYF	TRBV7-2	TRBJ2-7	1
CASSLDYNEQFF	TRBV5-1	TRBJ2-1	1
CASSLDYNTGELFF	TRBV27	TRBJ2-2	1
CASSLDYPPYEQYF	TRBV19	TRBJ2-7	1
CASSLDYPQQYF	TRBV7-3	TRBJ2-3	1
CASSLDYWTRSKADTQYF	TRBV5-6	TRBJ2-3	1
CASSLDYYSNQPQHF	TRBV7-2	TRBJ1-5	5
CASSLEAARGKYNEQFF	TRBV7-2	TRBJ2-1	1
CASSLEADTGELFF	TRBV13	TRBJ2-2	1
CASSLEADTQYF	TRBV11-2	TRBJ2-3	1
CASSLEAEGTQYF	TRBV7-9	TRBJ2-5	1
CASSLEAEGYNEQFF	TRBV5-4	TRBJ2-1	1
CASSLEAELAGSYEQYF	TRBV7-6	TRBJ2-7	1
CASSLEAEQYF	TRBV5-1	TRBJ2-7	1
CASSLEAESFEKYF	TRBV7-6	TRBJ2-5	1
CASSLEAGAPYEQYF	TRBV7-2	TRBJ2-7	1
CASSLEAGAYEQYF	TRBV7-2	TRBJ2-7	1
CASSLEAGELYYNEQFF	TRBV7-2	TRBJ2-1	1
CASSLEAGGDEKLFF	TRBV5-1	TRBJ1-4	1
CASSLEAGGGNQPQHF	TRBV7-9	TRBJ1-5	1
CASSLEAGGPYETQYF	TRBV13	TRBJ2-5	1
CASSLEAGGRTEAFF	TRBV5-4	TRBJ1-1	1
CASSLEAGGWETQYF	TRBV5-1	TRBJ2-5	1
CASSLEAGISYNEQFF	TRBV13	TRBJ2-1	1
CASSLEAGLAYGYTF	TRBV5-4	TRBJ1-2	1
CASSLEAGRGYTF	TRBV7-9	TRBJ1-2	1
CASSLEAGVGPDTQYF	TRBV5-5	TRBJ2-3	1
CASSLEAGVGYEQYF	TRBV5-4	TRBJ2-7	1
CASSLEAGVREQFF	TRBV28	TRBJ2-1	1
CASSLEAGVYYGYTF	TRBV5-4	TRBJ1-2	1
CASSLEAGYGYTF	TRBV27	TRBJ1-2	1
CASSLEAGYRDTDTQYF	TRBV5-4	TRBJ2-3	1
CASSLEALAGGYETQYF	TRBV7-8	TRBJ2-5	1
CASSLEALHRGPAFF	TRBV12-4	TRBJ1-1	1
CASSLEALNYGYTF	TRBV7-9	TRBJ1-2	1
CASSLEALSNYGYTF	TRBV5-1	TRBJ1-2	1
CASSLEARGTLEQYF	TRBV5-6	TRBJ2-7	1
CASSLEARPQETQYF	TRBV7-8	TRBJ2-5	1
CASSLEARPTGDTQYF	TRBV7-2	TRBJ2-3	1
CASSLEASGGPETQYF	TRBV5-4	TRBJ2-5	1
CASSLEASGLYEQYF	TRBV11-2	TRBJ2-7	1
CASSLEASGNEQYF	TRBV27	TRBJ2-7	1
CASSLEASGPYNEQFF	TRBV5-1	TRBJ2-1	7
CASSLEASGSADTQYF	TRBV7-6	TRBJ2-3	1
CASSLEASSIFSYEQYF	TRBV5-1	TRBJ2-7	1
CASSLEAVGYTDTQYF	TRBV5-6	TRBJ2-3	1
CASSLEAYEQYF	TRBV5-6	TRBJ2-7	1
CASSLEAYSGNTIYF	TRBV11-2	TRBJ1-3	1
CASSLEDDEAFF	TRBV11-2	TRBJ1-1	1
CASSLEDFYGYTF	TRBV7-2	TRBJ1-2	1
CASSLEDGPNTEAFF	TRBV7-9	TRBJ1-1	1
CASSLEDGQETQYF	TRBV7-9	TRBJ2-5	1
CASSLEDNRGGRFNEQFF	TRBV7-2	TRBJ2-1	1
CASSLEDPSGSGYTQYF	TRBV7-9	TRBJ2-3	1
CASSLEDPTYNSPLHF	TRBV7-8	TRBJ1-6	1
CASSLEDRDNEKLFF	TRBV7-2	TRBJ1-4	1
CASSLEDRESTDTQYF	TRBV18	TRBJ2-3	1
CASSLEDRGRGYTF	TRBV11-2	TRBJ1-2	1
CASSLEDRLQSSTDTQYF	TRBV5-5	TRBJ2-3	1
CASSLEDRVSSPLHF	TRBV5-4	TRBJ1-6	1
CASSLEDSSFSGANVLTF	TRBV5-1	TRBJ2-6	1
CASSLEDTDTQYF	TRBV7-2	TRBJ2-3	1
CASSLEENTEAFF	TRBV13	TRBJ1-1	1
CASSLEEQYYEQYF	TRBV7-2	TRBJ2-7	1
CASSLEESTGNTIYF	TRBV7-9	TRBJ1-3	1
CASSLEETQYF	TRBV5-1	TRBJ2-5	2
CASSLEETQYF	TRBV5-4	TRBJ2-5	1
CASSLEFDQPQHF	TRBV5-4	TRBJ1-5	1
CASSLEFGDTQYF	TRBV5-1	TRBJ2-3	1
CASSLEFGGGDSSYEQYF	TRBV11-2	TRBJ2-7	1
CASSLEFGGVTEAFF	TRBV27	TRBJ1-1	3
CASSLEFGTGGLDSNQPQHF	TRBV7-2	TRBJ1-5	1
CASSLEFVVGETQYF	TRBV11-2	TRBJ2-5	1
CASSLEFWARGNEQYF	TRBV7-9	TRBJ2-7	4
CASSLEGAADTQYF	TRBV7-2	TRBJ2-3	1
CASSLEGAAGDLYEQYF	TRBV11-2	TRBJ2-7	1
CASSLEGAGDTQYF	TRBV27	TRBJ2-3	1
CASSLEGAGELFF	TRBV28	TRBJ2-2	1
CASSLEGAGELFF	TRBV5-1	TRBJ2-2	1
CASSLEGAGETQYF	TRBV7-2	TRBJ2-5	1
CASSLEGAGGIQETQYF	TRBV7-2	TRBJ2-5	1
CASSLEGAGPQHF	TRBV5-4	TRBJ1-5	1
CASSLEGAGVNTEAFF	TRBV5-1	TRBJ1-1	1
CASSLEGAITQETQYF	TRBV5-6	TRBJ2-5	1
CASSLEGARGGTQYF	TRBV5-4	TRBJ2-5	1
CASSLEGASFEQFF	TRBV11-3	TRBJ2-1	2
CASSLEGASTEAFF	TRBV5-6	TRBJ1-1	1
CASSLEGATSYEQYF	TRBV7-9	TRBJ2-7	1
CASSLEGATTSYNEQFF	TRBV5-4	TRBJ2-1	1
CASSLEGAVSGNTIYF	TRBV7-2	TRBJ1-3	1
CASSLEGDAWGYTF	TRBV7-9	TRBJ1-2	1
CASSLEGDEKLFF	TRBV5-6	TRBJ1-4	1
CASSLEGDFYGYTF	TRBV5-6	TRBJ1-2	1
CASSLEGDIDTQYF	TRBV9	TRBJ2-3	1
CASSLEGDSPLHF	TRBV11-2	TRBJ1-6	1
CASSLEGDYEQYF	TRBV5-1	TRBJ2-7	1
CASSLEGEGAEAFF	TRBV5-4	TRBJ1-1	1
CASSLEGESIGNEQFF	TRBV7-9	TRBJ2-1	1
CASSLEGETGELFF	TRBV7-6	TRBJ2-2	1
CASSLEGETQYF	TRBV5-5	TRBJ2-5	1
CASSLEGFGQPQHF	TRBV7-2	TRBJ1-5	1
CASSLEGGASYEQYF	TRBV11-2	TRBJ2-7	1
CASSLEGGAYEQYF	TRBV5-1	TRBJ2-7	1
CASSLEGGDYNEQFF	TRBV9	TRBJ2-1	1
CASSLEGGGNQETQYF	TRBV12-4	TRBJ2-5	1
CASSLEGGGTSGAENSGNTIYF	TRBV12-4	TRBJ1-3	1
CASSLEGGGVGIEQFF	TRBV11-2	TRBJ2-1	1
CASSLEGGLLYGYTF	TRBV12-4	TRBJ1-2	1
CASSLEGGLVTGELFF	TRBV28	TRBJ2-2	1
CASSLEGGMGNEQYF	TRBV5-5	TRBJ2-7	1
CASSLEGGMNTEAFF	TRBV7-9	TRBJ1-1	2
CASSLEGGNQPQHF	TRBV7-6	TRBJ1-5	1
CASSLEGGPSGNTIYF	TRBV7-3	TRBJ1-3	1
CASSLEGGRAKNIQYF	TRBV7-9	TRBJ2-4	1
CASSLEGGRGETQYF	TRBV5-4	TRBJ2-5	1
CASSLEGGSNQPQHF	TRBV28	TRBJ1-5	1
CASSLEGGSTEAFF	TRBV7-9	TRBJ1-1	1
CASSLEGGTTPFYEQYF	TRBV7-2	TRBJ2-7	1
CASSLEGGVADTQYF	TRBV9	TRBJ2-3	1
CASSLEGIATGELFF	TRBV5-1	TRBJ2-2	1
CASSLEGIEDRGLYEQYF	TRBV12-3	TRBJ2-7	1
CASSLEGIGDTQYF	TRBV28	TRBJ2-3	1
CASSLEGKAGIVHEQYF	TRBV11-3	TRBJ2-7	1
CASSLEGLAGGINYEQYF	TRBV7-9	TRBJ2-7	1
CASSLEGLAGGYNEQFF	TRBV5-1	TRBJ2-1	1
CASSLEGLAHEQFF	TRBV7-9	TRBJ2-1	1
CASSLEGLARYEQYF	TRBV11-2	TRBJ2-7	1
CASSLEGLGYGYTF	TRBV12-4	TRBJ1-2	1
CASSLEGLGYNEKLFF	TRBV11-2	TRBJ1-4	1
CASSLEGLRASGGPGTQYF	TRBV5-1	TRBJ2-3	1
CASSLEGLRDIQYF	TRBV5-4	TRBJ2-4	1
CASSLEGLSNQPQHF	TRBV11-2	TRBJ1-5	1
CASSLEGNKQFF	TRBV12-4	TRBJ2-1	1
CASSLEGNSNQPQHF	TRBV5-5	TRBJ1-5	1
CASSLEGNTEAFF	TRBV7-4	TRBJ1-1	1
CASSLEGNTIYF	TRBV12-3	TRBJ1-3	10
CASSLEGPDTQYF	TRBV5-6	TRBJ2-3	1
CASSLEGPFTEAFF	TRBV5-4	TRBJ1-1	1
CASSLEGPQVSYTEAFF	TRBV11-2	TRBJ1-1	1
CASSLEGPYEQYF	TRBV7-9	TRBJ2-7	1
CASSLEGQETQYF	TRBV5-4	TRBJ2-5	1
CASSLEGQEVDTQYF	TRBV11-2	TRBJ2-3	1
CASSLEGQGADGYTF	TRBV7-2	TRBJ1-2	1
CASSLEGQGAREQYF	TRBV7-9	TRBJ2-7	1
CASSLEGQGGDTQYF	TRBV5-4	TRBJ2-3	1
CASSLEGQGGSPLHF	TRBV5-1	TRBJ1-6	1
CASSLEGQGYTGELFF	TRBV5-1	TRBJ2-2	1
CASSLEGQLFYEQYF	TRBV11-2	TRBJ2-7	1
CASSLEGQLFYEQYF	TRBV7-2	TRBJ2-7	1
CASSLEGQREETVLQETQYF	TRBV7-6	TRBJ2-5	1
CASSLEGQRNYGYTF	TRBV7-9	TRBJ1-2	1
CASSLEGQSSYEQYF	TRBV5-5	TRBJ2-7	1
CASSLEGREETQYF	TRBV7-8	TRBJ2-5	1
CASSLEGREQYF	TRBV7-3	TRBJ2-7	1
CASSLEGRSEQYF	TRBV5-1	TRBJ2-7	1
CASSLEGRTRYYNEQFF	TRBV28	TRBJ2-1	1
CASSLEGSAYGYTF	TRBV7-9	TRBJ1-2	1
CASSLEGSEQYF	TRBV5-1	TRBJ2-7	1
CASSLEGSEYGYTF	TRBV5-5	TRBJ1-2	1
CASSLEGSGANVLTF	TRBV6-6	TRBJ2-6	1
CASSLEGSGLGQPQHF	TRBV28	TRBJ1-5	1
CASSLEGSGNTEAFF	TRBV7-9	TRBJ1-1	1
CASSLEGSGNTIYF	TRBV5-1	TRBJ1-3	1
CASSLEGSHSYNEQFF	TRBV5-1	TRBJ2-1	2
CASSLEGSHTEAFF	TRBV5-1	TRBJ1-1	1
CASSLEGSNQPQHF	TRBV5-6	TRBJ1-5	1
CASSLEGSSGRSQDTQYF	TRBV11-2	TRBJ2-3	1
CASSLEGSSYNEQFF	TRBV13	TRBJ2-1	2
CASSLEGSYEQYF	TRBV13	TRBJ2-7	1
CASSLEGSYNEQFF	TRBV27	TRBJ2-1	1
CASSLEGTGELFF	TRBV12-3	TRBJ2-2	1
CASSLEGTGGYEQYF	TRBV7-3	TRBJ2-7	1
CASSLEGTGLYEQYF	TRBV7-2	TRBJ2-7	1
CASSLEGTGNEQFF	TRBV5-6	TRBJ2-1	1
CASSLEGTGTEAFF	TRBV9	TRBJ1-1	1
CASSLEGTGVYYGYTF	TRBV7-8	TRBJ1-2	6
CASSLEGTHEQYF	TRBV28	TRBJ2-7	10
CASSLEGTQYF	TRBV5-1	TRBJ2-3	1
CASSLEGTSGRYEQYF	TRBV27	TRBJ2-7	1
CASSLEGTSQETQYF	TRBV5-1	TRBJ2-5	1
CASSLEGTSRSYEQYF	TRBV27	TRBJ2-7	1
CASSLEGVETQYF	TRBV7-9	TRBJ2-5	1
CASSLEGVGENSYEQYF	TRBV5-1	TRBJ2-7	1
CASSLEGVSNQPQHF	TRBV5-1	TRBJ1-5	1
CASSLEGVTAFF	TRBV3-1	TRBJ1-1	1
CASSLEGWGNQPQHF	TRBV7-2	TRBJ1-5	1
CASSLEGWRLADQETQYF	TRBV11-2	TRBJ2-5	1
CASSLEGYEQYF	TRBV12-4	TRBJ2-7	1
CASSLEGYGYTF	TRBV7-9	TRBJ1-2	1
CASSLEGYLAPHNEQFF	TRBV11-2	TRBJ2-1	1
CASSLEGYNEQFF	TRBV27	TRBJ2-1	1
CASSLEGYQVEKLFF	TRBV7-2	TRBJ1-4	1
CASSLEHSPLHF	TRBV4-3	TRBJ1-6	1
CASSLEHTGELFF	TRBV9	TRBJ2-2	1
CASSLEILEINTEAFF	TRBV11-2	TRBJ1-1	1
CASSLEIRFGTEAFF	TRBV5-6	TRBJ1-1	1
CASSLEISSHEQFF	TRBV12-4	TRBJ2-1	1
CASSLEKGTFF	TRBV5-1	TRBJ2-1	1
CASSLEKVSGMPYEQYF	TRBV5-4	TRBJ2-7	1
CASSLELAGESGANVLTF	TRBV5-6	TRBJ2-6	1
CASSLELAGGFNEQFF	TRBV11-2	TRBJ2-1	1
CASSLELAGPPNYEQYF	TRBV5-5	TRBJ2-7	1
CASSLELAGPYEQYF	TRBV5-6	TRBJ2-7	1
CASSLELAGRQETQYF	TRBV7-3	TRBJ2-5	1
CASSLELASYEQYF	TRBV7-9	TRBJ2-7	9
CASSLELGGELFF	TRBV7-3	TRBJ2-2	1
CASSLELGGQFPWDSPLHF	TRBV12-4	TRBJ1-6	1
CASSLELGHLRSHF	TRBV5-5	TRBJ2-3	1
CASSLELGSGGYGYTF	TRBV7-9	TRBJ1-2	1
CASSLELGSPGELFF	TRBV5-6	TRBJ2-2	1
CASSLELRTAGYEQYF	TRBV27	TRBJ2-7	1
CASSLELSDEAFF	TRBV12-4	TRBJ1-1	1
CASSLELSEQYF	TRBV7-2	TRBJ2-7	1
CASSLELSGAWETQYF	TRBV11-2	TRBJ2-5	6
CASSLELSWLGEQFF	TRBV7-9	TRBJ2-1	1
CASSLELVPPETQYF	TRBV5-1	TRBJ2-5	1
CASSLEMGAGTEAFF	TRBV4-2	TRBJ1-1	1
CASSLEMSPNQPQHF	TRBV7-8	TRBJ1-5	1
CASSLENLMTGELFF	TRBV5-1	TRBJ2-2	1
CASSLENTYEQYF	TRBV5-1	TRBJ2-7	1
CASSLEPAGASSTDTQYF	TRBV11-2	TRBJ2-3	1
CASSLEPAPEAFF	TRBV11-2	TRBJ1-1	1
CASSLEPGEQYF	TRBV5-6	TRBJ2-7	1
CASSLEPGLNEKLFF	TRBV11-2	TRBJ1-4	1
CASSLEPGLPAGELFF	TRBV7-7	TRBJ2-2	1
CASSLEPGPWANQPQHF	TRBV5-5	TRBJ1-5	1
CASSLEPGQGYEQYF	TRBV7-8	TRBJ2-7	1
CASSLEPGQLAGDSYNEQFF	TRBV5-5	TRBJ2-1	1
CASSLEPGQVYEQYF	TRBV5-1	TRBJ2-7	1
CASSLEPGSYEQYF	TRBV28	TRBJ2-7	1
CASSLEPGTGYTDTQYF	TRBV5-1	TRBJ2-3	1
CASSLEPLAGDLNTQYF	TRBV11-2	TRBJ2-3	1
CASSLEPRDGISEKLFF	TRBV7-9	TRBJ1-4	1
CASSLEPRGPYNEQFF	TRBV7-2	TRBJ2-1	1
CASSLEPRTGYTGELFF	TRBV5-1	TRBJ2-2	1
CASSLEPSAYEQYF	TRBV7-2	TRBJ2-7	1
CASSLEPSGFLNTEAFF	TRBV7-3	TRBJ1-1	1
CASSLEPSGLTDTQYF	TRBV27	TRBJ2-3	1
CASSLEPTANQPQHF	TRBV6-5	TRBJ1-5	1
CASSLEPTFGIGGLVNTEAFF	TRBV12-4	TRBJ1-1	1
CASSLEPTTEEKLFF	TRBV7-6	TRBJ1-4	1
CASSLEQAEAFF	TRBV7-9	TRBJ1-1	1
CASSLEQATGELFF	TRBV5-8	TRBJ2-2	1
CASSLEQEDQNIQYF	TRBV5-6	TRBJ2-4	1
CASSLEQGAKNIQYF	TRBV11-2	TRBJ2-4	1
CASSLEQGANTGELFF	TRBV12-4	TRBJ2-2	1
CASSLEQGAYNEQFF	TRBV7-9	TRBJ2-1	1
CASSLEQGFYNEQFF	TRBV5-5	TRBJ2-1	1
CASSLEQGIYEQYF	TRBV5-1	TRBJ2-7	1
CASSLEQGLYGYTF	TRBV13	TRBJ1-2	1
CASSLEQGPLQYF	TRBV5-4	TRBJ2-5	1
CASSLEQGRGSYNEQFF	TRBV5-6	TRBJ2-1	1
CASSLEQGTDTQYF	TRBV5-1	TRBJ2-3	1
CASSLEQGWAEAFF	TRBV9	TRBJ1-1	1
CASSLEQGYEQYF	TRBV7-9	TRBJ2-7	1
CASSLEQHHQYF	TRBV7-9	TRBJ2-7	1
CASSLEQIQETQYF	TRBV5-6	TRBJ2-5	1
CASSLEQIYEQYF	TRBV5-1	TRBJ2-7	1
CASSLEQNYEQYF	TRBV7-7	TRBJ2-7	1
CASSLEQRGVPEILDTQYF	TRBV13	TRBJ2-3	1
CASSLERATDTQYF	TRBV4-1	TRBJ2-3	1
CASSLERAYEQYF	TRBV7-2	TRBJ2-7	1
CASSLERDLDEQFF	TRBV5-1	TRBJ2-1	1
CASSLERDTEF	TRBV5-6	TRBJ1-1	1
CASSLEREGNYGYTF	TRBV11-2	TRBJ1-2	1
CASSLERELYTDTQYF	TRBV28	TRBJ2-3	1
CASSLERERDEQYF	TRBV5-1	TRBJ2-7	1
CASSLERFPDRVNEKLFF	TRBV5-6	TRBJ1-4	4
CASSLERFYEQYF	TRBV7-9	TRBJ2-7	1
CASSLERGAAGNTIYF	TRBV7-8	TRBJ1-3	1
CASSLERGGETQYF	TRBV27	TRBJ2-5	1
CASSLERGNTEAFF	TRBV7-8	TRBJ1-1	7
CASSLERGTDTQYF	TRBV5-1	TRBJ2-3	2
CASSLERLAGGKEAFF	TRBV7-9	TRBJ1-1	1
CASSLERNTIYF	TRBV5-6	TRBJ1-3	1
CASSLERQAAYYNEQFF	TRBV5-1	TRBJ2-1	1
CASSLERQGSQTQYF	TRBV11-2	TRBJ2-5	1
CASSLERQRANTEAFF	TRBV5-4	TRBJ1-1	1
CASSLERQTQYF	TRBV7-2	TRBJ2-5	1
CASSLERRGALQGYTF	TRBV28	TRBJ1-2	1
CASSLERSLISYNEQFF	TRBV5-1	TRBJ2-1	1
CASSLERTYEAFF	TRBV13	TRBJ1-1	1
CASSLERVSEKLFF	TRBV7-9	TRBJ1-4	1
CASSLERVYTEAFF	TRBV11-2	TRBJ1-1	1
CASSLERYEQYF	TRBV7-2	TRBJ2-7	1
CASSLERYNEQFF	TRBV27	TRBJ2-1	1
CASSLESAGYNSPLHF	TRBV11-2	TRBJ1-6	1
CASSLESARGPPLHF	TRBV7-9	TRBJ1-6	1
CASSLESDTQYF	TRBV11-2	TRBJ2-3	1
CASSLESEFNEQFF	TRBV7-3	TRBJ2-1	1
CASSLESGALTDTQYF	TRBV11-2	TRBJ2-3	1
CASSLESGFLSGYTF	TRBV7-9	TRBJ1-2	1
CASSLESGGHNEQFF	TRBV13	TRBJ2-1	1
CASSLESGGPVETQYF	TRBV5-6	TRBJ2-5	1
CASSLESGSIHEQYF	TRBV28	TRBJ2-7	1
CASSLESGVDSYEQYF	TRBV5-1	TRBJ2-7	1
CASSLESGVTEAFF	TRBV7-6	TRBJ1-1	1
CASSLESNYNEQFF	TRBV28	TRBJ2-1	1
CASSLESRGRETQYF	TRBV11-2	TRBJ2-5	1
CASSLESRGSPYNEQFF	TRBV7-9	TRBJ2-1	1
CASSLESSGTDTQYF	TRBV5-1	TRBJ2-3	1
CASSLESTQNYGYTF	TRBV27	TRBJ1-2	1
CASSLESTRTDTQYF	TRBV5-1	TRBJ2-3	1
CASSLESVNTEAFF	TRBV12-3	TRBJ1-1	1
CASSLETANTEAFF	TRBV5-6	TRBJ1-1	1
CASSLETAPNYGYTF	TRBV7-8	TRBJ1-2	1
CASSLETAYEQYF	TRBV5-1	TRBJ2-7	1
CASSLETDTQYF	TRBV5-4	TRBJ2-3	1
CASSLETGDRDEQYF	TRBV13	TRBJ2-7	1
CASSLETGSQPQHF	TRBV5-5	TRBJ1-5	1
CASSLETGSVSGANVLTF	TRBV28	TRBJ2-6	1
CASSLETGYEQYF	TRBV11-2	TRBJ2-7	1
CASSLETQYF	TRBV28	TRBJ2-5	1
CASSLEVAGGGEQFF	TRBV7-8	TRBJ2-1	1
CASSLEVAGTQETQYF	TRBV7-6	TRBJ2-5	1
CASSLEVASGTWGEQYF	TRBV4-3	TRBJ2-7	1
CASSLEVEGGEKLFF	TRBV5-1	TRBJ1-4	1
CASSLEVEINTEAFF	TRBV5-1	TRBJ1-1	1
CASSLEVFKPTSGGADTQYF	TRBV5-1	TRBJ2-3	1
CASSLEVFNQPQHF	TRBV19	TRBJ1-5	1
CASSLEVGGGETQYF	TRBV7-6	TRBJ2-5	1
CASSLEVGGNTEAFF	TRBV5-4	TRBJ1-1	1
CASSLEVGQGASGELFF	TRBV11-3	TRBJ2-2	1
CASSLEVGRSSYNEQFF	TRBV11-2	TRBJ2-1	1
CASSLEVGVDEQFF	TRBV5-1	TRBJ2-1	1
CASSLEVNTEAFF	TRBV7-9	TRBJ1-1	1
CASSLEVQETQYF	TRBV11-2	TRBJ2-5	1
CASSLEVQGTGELFF	TRBV5-4	TRBJ2-2	1
CASSLEVRGYNEQFF	TRBV5-1	TRBJ2-1	1
CASSLEVRQHAYEQYF	TRBV7-2	TRBJ2-7	1
CASSLEVRRNYGYTF	TRBV12-3	TRBJ1-2	1
CASSLEVSGANVLTF	TRBV7-8	TRBJ2-6	1
CASSLEVTGGRETQYF	TRBV12-3	TRBJ2-5	1
CASSLEVVLWTGNTEAFF	TRBV5-1	TRBJ1-1	1
CASSLEVWGGRYEQYF	TRBV7-6	TRBJ2-7	1
CASSLEVYF	TRBV7-6	TRBJ2-7	5
CASSLEWGDEQFF	TRBV7-6	TRBJ2-1	1
CASSLEWGDNTDTQYF	TRBV7-2	TRBJ2-3	1
CASSLEWGGETQYF	TRBV5-1	TRBJ2-5	6
CASSLEWGKIEAFF	TRBV7-2	TRBJ1-1	1
CASSLEWNEQFF	TRBV12-4	TRBJ2-1	1
CASSLEWQEADTQYF	TRBV11-2	TRBJ2-3	2
CASSLEWQENEKLFF	TRBV11-2	TRBJ1-4	1
CASSLEWRQETQYF	TRBV7-9	TRBJ2-5	1
CASSLEWTGAYEQYF	TRBV5-1	TRBJ2-7	1
CASSLEYLPRETQYF	TRBV6-3	TRBJ2-5	1
CASSLEYRGSGANVLTF	TRBV7-8	TRBJ2-6	1
CASSLEYSGNTIYF	TRBV7-6	TRBJ1-3	1
CASSLEYTSYNEQFF	TRBV11-2	TRBJ2-1	1
CASSLFAGAIDTQYF	TRBV7-8	TRBJ2-3	1
CASSLFAGALHEQYF	TRBV28	TRBJ2-7	1
CASSLFAGERSPLHF	TRBV5-4	TRBJ1-6	1
CASSLFAGGELFF	TRBV12-4	TRBJ2-2	1
CASSLFAGTTYGYTF	TRBV4-1	TRBJ1-2	1
CASSLFAGYRPNEQFF	TRBV28	TRBJ2-1	1
CASSLFARNYGYTF	TRBV27	TRBJ1-2	1
CASSLFASGLAGYEQYF	TRBV5-1	TRBJ2-7	1
CASSLFASSYNEQFF	TRBV7-9	TRBJ2-1	1
CASSLFDETVIYSYEQYF	TRBV7-9	TRBJ2-7	1
CASSLFDRDDQPQHF	TRBV4-1	TRBJ1-5	1
CASSLFDRPSQPQHF	TRBV28	TRBJ1-5	1
CASSLFDSGRLDTQYF	TRBV7-6	TRBJ2-3	1
CASSLFDSQETQYF	TRBV7-2	TRBJ2-5	1
CASSLFDSYGYTF	TRBV12-4	TRBJ1-2	1
CASSLFEGGGEQFF	TRBV27	TRBJ2-1	1
CASSLFEGGRFGSPLHF	TRBV28	TRBJ1-6	1
CASSLFETGSDGYTF	TRBV7-9	TRBJ1-2	1
CASSLFFGSGGEQYF	TRBV7-8	TRBJ2-7	1
CASSLFFGYEQYF	TRBV7-9	TRBJ2-7	1
CASSLFFSGDSHSAKNIQYF	TRBV11-2	TRBJ2-4	1
CASSLFGADTEAFF	TRBV11-1	TRBJ1-1	1
CASSLFGASTDTQYF	TRBV5-6	TRBJ2-3	1
CASSLFGDTDTQYF	TRBV5-5	TRBJ2-3	1
CASSLFGELFF	TRBV5-4	TRBJ2-2	1
CASSLFGGGPILTGELFF	TRBV7-8	TRBJ2-2	1
CASSLFGGLADTQYF	TRBV7-6	TRBJ2-3	1
CASSLFGGLASHEQYF	TRBV9	TRBJ2-7	1
CASSLFGGLSYNEQFF	TRBV27	TRBJ2-1	1
CASSLFGGTGGLYGYTF	TRBV27	TRBJ1-2	2
CASSLFGGTSGTNTQYF	TRBV27	TRBJ2-3	1
CASSLFGGTYEQYF	TRBV27	TRBJ2-7	126
CASSLFGHSGANVLTF	TRBV27	TRBJ2-6	1
CASSLFGNEQFF	TRBV27	TRBJ2-1	2
CASSLFGNTEAFF	TRBV27	TRBJ1-1	1
CASSLFGPGSGNTIYF	TRBV12-4	TRBJ1-3	1
CASSLFGQGAYYGYTF	TRBV28	TRBJ1-2	1
CASSLFGQGDEKLFF	TRBV7-9	TRBJ1-4	1
CASSLFGQPYEQYF	TRBV12-4	TRBJ2-7	1
CASSLFGRDLGGYTF	TRBV12-3	TRBJ1-2	8
CASSLFGSRSNQPQHF	TRBV27	TRBJ1-5	1
CASSLFGTGATNEKLFF	TRBV5-4	TRBJ1-4	1
CASSLFGTGGDQPQHF	TRBV7-9	TRBJ1-5	9
CASSLFGTGNTGELFF	TRBV7-9	TRBJ2-2	1
CASSLFGTPYNEQFF	TRBV28	TRBJ2-1	1
CASSLFGYSYNEQFF	TRBV12-4	TRBJ2-1	1
CASSLFHEQYF	TRBV5-6	TRBJ2-7	1
CASSLFIGDGYTF	TRBV27	TRBJ1-2	1
CASSLFKGADTQYF	TRBV5-1	TRBJ2-3	1
CASSLFKGRNEKLFF	TRBV5-4	TRBJ1-4	1
CASSLFLAAQETQYF	TRBV27	TRBJ2-5	1
CASSLFLAEGAGELFF	TRBV7-3	TRBJ2-2	1
CASSLFLGDRLAFF	TRBV7-8	TRBJ1-1	1
CASSLFLGQGANYGYTF	TRBV7-2	TRBJ1-2	1
CASSLFLGTEAFF	TRBV12-4	TRBJ1-1	1
CASSLFLPGTEYNQPQHF	TRBV12-3	TRBJ1-5	1
CASSLFLWGRGETQYF	TRBV7-8	TRBJ2-5	1
CASSLFNEQFF	TRBV27	TRBJ2-1	2
CASSLFNSGQNYNEQFF	TRBV11-2	TRBJ2-1	1
CASSLFPAGGPYYEQYF	TRBV7-8	TRBJ2-7	1
CASSLFPEASTDTQYF	TRBV27	TRBJ2-3	1
CASSLFPEGDQPQHF	TRBV27	TRBJ1-5	1
CASSLFPEHVKNIQYF	TRBV27	TRBJ2-4	1
CASSLFPGSSYNEQFF	TRBV28	TRBJ2-1	1
CASSLFPGYGSYEQYF	TRBV27	TRBJ2-7	1
CASSLFPPAASYEQYF	TRBV6-5	TRBJ2-7	1
CASSLFPRDIQYF	TRBV27	TRBJ2-4	1
CASSLFPSYEQYF	TRBV7-9	TRBJ2-7	1
CASSLFPVNTEAFF	TRBV12-4	TRBJ1-1	1
CASSLFQGVKNTEAFF	TRBV5-5	TRBJ1-1	1
CASSLFRDGYEQYF	TRBV27	TRBJ2-7	1
CASSLFRGAYEQYF	TRBV28	TRBJ2-7	1
CASSLFRGDTEAFF	TRBV27	TRBJ1-1	1
CASSLFRGNTGELFF	TRBV19	TRBJ2-2	1
CASSLFRKSTDTQYF	TRBV5-5	TRBJ2-3	1
CASSLFRLGISYEQYF	TRBV7-9	TRBJ2-7	1
CASSLFRRLASYNEQFF	TRBV7-2	TRBJ2-1	1
CASSLFSEVNEQFF	TRBV7-3	TRBJ2-1	1
CASSLFSGELFF	TRBV7-6	TRBJ2-2	1
CASSLFSGGAYEQYF	TRBV5-1	TRBJ2-7	1
CASSLFSGGTEAFF	TRBV27	TRBJ1-1	1
CASSLFSGPPYEQYF	TRBV5-5	TRBJ2-7	1
CASSLFSGRAPVETQYF	TRBV27	TRBJ2-5	1
CASSLFSGSTDTQYF	TRBV10-1	TRBJ2-3	1
CASSLFSNQPQHF	TRBV27	TRBJ1-5	1
CASSLFSTGENTEAFF	TRBV28	TRBJ1-1	1
CASSLFTGGLAKNIQYF	TRBV11-2	TRBJ2-4	1
CASSLFTHNEQFF	TRBV7-3	TRBJ2-1	1
CASSLFVAEHGNTIYF	TRBV28	TRBJ1-3	1
CASSLFVTDTQYF	TRBV28	TRBJ2-3	1
CASSLFWDRSSNEKLFF	TRBV27	TRBJ1-4	1
CASSLFWVFSGTASNQPQHF	TRBV28	TRBJ1-5	1
CASSLFYLRGNNEKLFF	TRBV4-2	TRBJ1-4	1
CASSLFYRDRSGNTIYF	TRBV11-2	TRBJ1-3	1
CASSLGAAGSKNIQYF	TRBV5-6	TRBJ2-4	1
CASSLGAARTSYEQYF	TRBV7-2	TRBJ2-7	1
CASSLGADAGEQYF	TRBV7-2	TRBJ2-7	1
CASSLGADLAKNIQYF	TRBV7-2	TRBJ2-4	1
CASSLGADMGWETQYF	TRBV28	TRBJ2-5	1
CASSLGADSNSPLHF	TRBV7-6	TRBJ1-6	1
CASSLGADTQYF	TRBV7-2	TRBJ2-3	1
CASSLGADTQYF	TRBV7-9	TRBJ2-3	1
CASSLGAEAYEQYF	TRBV5-4	TRBJ2-7	1
CASSLGAEGEAFF	TRBV13	TRBJ1-1	1
CASSLGAELKTQYF	TRBV5-6	TRBJ2-5	1
CASSLGAEQFF	TRBV5-5	TRBJ2-1	1
CASSLGAEQYF	TRBV7-9	TRBJ2-7	1
CASSLGAFPFF	TRBV25-1	TRBJ1-1	1
CASSLGAGDEQFF	TRBV7-8	TRBJ2-1	1
CASSLGAGDTQYF	TRBV5-6	TRBJ2-3	1
CASSLGAGELFF	TRBV12-3	TRBJ2-2	1
CASSLGAGELFF	TRBV27	TRBJ2-2	1
CASSLGAGELFF	TRBV5-1	TRBJ2-2	3
CASSLGAGELFF	TRBV7-9	TRBJ2-2	1
CASSLGAGELSYEQYF	TRBV11-2	TRBJ2-7	1
CASSLGAGFNYGYTF	TRBV12-3	TRBJ1-2	1
CASSLGAGGDEQFF	TRBV5-1	TRBJ2-1	1
CASSLGAGGELFF	TRBV7-7	TRBJ2-2	1
CASSLGAGGGQPQHF	TRBV28	TRBJ1-5	1
CASSLGAGGPNEQFF	TRBV5-1	TRBJ2-1	1
CASSLGAGGQPQHF	TRBV7-8	TRBJ1-5	1
CASSLGAGGSSYEQYF	TRBV5-1	TRBJ2-7	1
CASSLGAGGTEAFF	TRBV11-2	TRBJ1-1	1
CASSLGAGGVDGYTF	TRBV5-5	TRBJ1-2	1
CASSLGAGGVEQYF	TRBV11-2	TRBJ2-7	1
CASSLGAGGYTF	TRBV6-5	TRBJ1-2	1
CASSLGAGIYGYTF	TRBV7-9	TRBJ1-2	1
CASSLGAGKVTDTQYF	TRBV11-3	TRBJ2-3	19
CASSLGAGNSYEQYF	TRBV5-4	TRBJ2-7	1
CASSLGAGPPYEQYF	TRBV5-4	TRBJ2-7	1
CASSLGAGQGDEQYF	TRBV7-2	TRBJ2-7	1
CASSLGAGRELFF	TRBV13	TRBJ2-2	1
CASSLGAGRVDIQYF	TRBV13	TRBJ2-4	1
CASSLGAGTEAFF	TRBV7-3	TRBJ1-1	1
CASSLGAGTSGVNYEQYF	TRBV11-2	TRBJ2-7	1
CASSLGAGTSVEQYF	TRBV7-9	TRBJ2-7	1
CASSLGAGTVCTF	TRBV7-9	TRBJ1-2	1
CASSLGAGVAYNEQFF	TRBV13	TRBJ2-1	1
CASSLGAGVNTEAFF	TRBV5-5	TRBJ1-1	1
CASSLGAHFLDHGGTDTQYF	TRBV12-4	TRBJ2-3	2
CASSLGAHNEQFF	TRBV7-3	TRBJ2-1	1
CASSLGAIEQTQYF	TRBV5-6	TRBJ2-5	1
CASSLGAIGTYNEQFF	TRBV7-2	TRBJ2-1	1
CASSLGALSTDTQYF	TRBV7-3	TRBJ2-3	1
CASSLGANEQFF	TRBV7-9	TRBJ2-1	1
CASSLGANSPLHF	TRBV27	TRBJ1-6	1
CASSLGANVLTF	TRBV12-3	TRBJ2-6	1
CASSLGANYGYTF	TRBV27	TRBJ1-2	1
CASSLGAPEEQYF	TRBV12-3	TRBJ2-7	1
CASSLGAPSYNEQFF	TRBV5-4	TRBJ2-1	1
CASSLGAQGARQPQHF	TRBV7-2	TRBJ1-5	1
CASSLGAQVQPQHF	TRBV7-9	TRBJ1-5	1
CASSLGARDRDNEQFF	TRBV5-6	TRBJ2-1	1
CASSLGARGGQYF	TRBV5-4	TRBJ2-3	1
CASSLGARGLNLDEQYF	TRBV7-6	TRBJ2-7	1
CASSLGARLAGYNEQFF	TRBV7-9	TRBJ2-1	1
CASSLGARMGEQYF	TRBV28	TRBJ2-7	1
CASSLGARWTDTQYF	TRBV25-1	TRBJ2-3	1
CASSLGASAYEQYF	TRBV9	TRBJ2-7	1
CASSLGASETYEQYF	TRBV11-2	TRBJ2-7	1
CASSLGASGQETQYF	TRBV11-2	TRBJ2-5	1
CASSLGASGVGGYYEQYF	TRBV5-5	TRBJ2-7	1
CASSLGASGYEQYF	TRBV11-2	TRBJ2-7	1
CASSLGASRSTDTQYF	TRBV7-6	TRBJ2-3	34
CASSLGASWADTQYF	TRBV7-6	TRBJ2-3	1
CASSLGASWTVSYEQYF	TRBV11-2	TRBJ2-7	1
CASSLGASYEQYF	TRBV11-2	TRBJ2-7	1
CASSLGASYEQYF	TRBV27	TRBJ2-7	1
CASSLGATSTDTQYF	TRBV7-6	TRBJ2-3	1
CASSLGAYEQYF	TRBV6-3	TRBJ2-7	1
CASSLGAYVSGTEAFF	TRBV14	TRBJ1-1	1
CASSLGDARTSYNEQFF	TRBV5-1	TRBJ2-1	1
CASSLGDEQYF	TRBV7-2	TRBJ2-7	1
CASSLGDFFSQETQYF	TRBV11-2	TRBJ2-5	3
CASSLGDFFTQETQYF	TRBV11-2	TRBJ2-5	1
CASSLGDFLRTDTQYF	TRBV11-2	TRBJ2-3	19
CASSLGDGASLTDTQYF	TRBV7-3	TRBJ2-3	1
CASSLGDGGEKLFF	TRBV7-6	TRBJ1-4	1
CASSLGDGGPQFF	TRBV5-6	TRBJ2-1	1
CASSLGDGNYEQYF	TRBV11-2	TRBJ2-7	1
CASSLGDGQGANQPQHF	TRBV12-4	TRBJ1-5	1
CASSLGDGRGLNQPQHF	TRBV7-2	TRBJ1-5	1
CASSLGDGSSYEQYF	TRBV5-1	TRBJ2-7	1
CASSLGDGTGWEKLFF	TRBV11-2	TRBJ1-4	1
CASSLGDGYEQYF	TRBV11-2	TRBJ2-7	1
CASSLGDGYEQYF	TRBV7-6	TRBJ2-7	1
CASSLGDGYNEQFF	TRBV7-9	TRBJ2-1	1
CASSLGDHTDTQYF	TRBV27	TRBJ2-3	1
CASSLGDIYEQYF	TRBV6-6	TRBJ2-7	1
CASSLGDKDYGYTF	TRBV7-9	TRBJ1-2	1
CASSLGDKGPYEQYF	TRBV5-1	TRBJ2-7	1
CASSLGDNEQFF	TRBV5-6	TRBJ2-1	1
CASSLGDNTEAFF	TRBV7-9	TRBJ1-1	2
CASSLGDPNLYEQYF	TRBV12-4	TRBJ2-7	1
CASSLGDQPQHF	TRBV5-6	TRBJ1-5	1
CASSLGDRADTQYF	TRBV7-9	TRBJ2-3	1
CASSLGDRAGEQYF	TRBV12-4	TRBJ2-7	1
CASSLGDRDTEAFF	TRBV12-3	TRBJ1-1	1
CASSLGDRENTEAFF	TRBV5-1	TRBJ1-1	1
CASSLGDREQETQYF	TRBV5-6	TRBJ2-5	1
CASSLGDRESVYGYTF	TRBV7-9	TRBJ1-2	1
CASSLGDREWQPQHF	TRBV12-3	TRBJ1-5	1
CASSLGDRGAFF	TRBV3-1	TRBJ1-1	1
CASSLGDRGAFF	TRBV5-5	TRBJ1-1	1
CASSLGDRGFDGYTF	TRBV4-2	TRBJ1-2	1
CASSLGDRGGEQYF	TRBV5-4	TRBJ2-7	1
CASSLGDRGLDEQFF	TRBV12-4	TRBJ2-1	1
CASSLGDRGLGNTIYF	TRBV7-9	TRBJ1-3	1
CASSLGDRGNSPLHF	TRBV5-5	TRBJ1-6	1
CASSLGDRGPDPGYTF	TRBV5-6	TRBJ1-2	1
CASSLGDRGRDEQYF	TRBV5-1	TRBJ2-7	1
CASSLGDRGWEQYF	TRBV11-2	TRBJ2-7	1
CASSLGDRGYDEQYF	TRBV28	TRBJ2-7	1
CASSLGDRGYEQYF	TRBV7-2	TRBJ2-7	1
CASSLGDRLPYNEQFF	TRBV6-6	TRBJ2-1	1
CASSLGDRNTEAFF	TRBV11-2	TRBJ1-1	1
CASSLGDRPRTF	TRBV7-2	TRBJ1-2	2
CASSLGDRRAYF	TRBV5-8	TRBJ2-7	1
CASSLGDRVNQPQHF	TRBV5-6	TRBJ1-5	1
CASSLGDRWKDTEAFF	TRBV5-4	TRBJ1-1	1
CASSLGDSDYEQYF	TRBV5-6	TRBJ2-7	1
CASSLGDSLAGYTF	TRBV5-6	TRBJ1-2	1
CASSLGDSPGELFF	TRBV5-4	TRBJ2-2	1
CASSLGDSPGPKNIQYF	TRBV5-6	TRBJ2-4	1
CASSLGDSSGGELFF	TRBV5-4	TRBJ2-2	1
CASSLGDSSYEQYF	TRBV6-5	TRBJ2-7	1
CASSLGDSSYEQYF	TRBV7-2	TRBJ2-7	1
CASSLGDSTYEQYF	TRBV13	TRBJ2-7	1
CASSLGDSYNEQFF	TRBV19	TRBJ2-1	1
CASSLGDTEAFF	TRBV11-2	TRBJ1-1	1
CASSLGDTEAFF	TRBV5-4	TRBJ1-1	1
CASSLGDTEAFF	TRBV7-8	TRBJ1-1	1
CASSLGDTGELFF	TRBV11-3	TRBJ2-2	1
CASSLGDTLLAKNIQYF	TRBV7-9	TRBJ2-4	1
CASSLGDTQYF	TRBV5-1	TRBJ2-3	1
CASSLGDTQYF	TRBV6-3	TRBJ2-3	1
CASSLGDTQYF	TRBV7-9	TRBJ2-3	1
CASSLGDTSTYEQYF	TRBV28	TRBJ2-7	1
CASSLGDVEQYF	TRBV7-9	TRBJ2-7	1
CASSLGDVWTGRDEQYF	TRBV7-9	TRBJ2-7	1
CASSLGDWVYTQYF	TRBV7-2	TRBJ2-3	1
CASSLGDYEQYF	TRBV7-2	TRBJ2-7	1
CASSLGDYGYTF	TRBV5-6	TRBJ1-2	1
CASSLGDYNEQFF	TRBV7-9	TRBJ2-1	1
CASSLGEADNEQFF	TRBV11-3	TRBJ2-1	1
CASSLGEDLPSYEQYF	TRBV5-1	TRBJ2-7	1
CASSLGEDTQYF	TRBV11-1	TRBJ2-3	1
CASSLGEEANYGYTF	TRBV13	TRBJ1-2	1
CASSLGEGAKNIQYF	TRBV13	TRBJ2-4	2
CASSLGEGGTDTQYF	TRBV7-3	TRBJ2-3	1
CASSLGEGGTNEKLFF	TRBV7-9	TRBJ1-4	1
CASSLGEGHPNIQYF	TRBV7-9	TRBJ2-4	1
CASSLGEGNTIYF	TRBV6-5	TRBJ1-3	1
CASSLGEGRFYEQYF	TRBV7-9	TRBJ2-7	1
CASSLGEGRNRDTQYF	TRBV12-4	TRBJ2-3	1
CASSLGEGVGNEQFF	TRBV7-3	TRBJ2-1	1
CASSLGEGVPFF	TRBV13	TRBJ2-1	1
CASSLGEKLFF	TRBV5-1	TRBJ1-4	1
CASSLGEKSYEQYF	TRBV27	TRBJ2-7	1
CASSLGELFF	TRBV7-2	TRBJ2-2	6
CASSLGELFF	TRBV7-8	TRBJ2-2	1
CASSLGENYGYTF	TRBV28	TRBJ1-2	1
CASSLGEQFF	TRBV7-2	TRBJ2-1	1
CASSLGERLAGSNEQFF	TRBV11-2	TRBJ2-1	1
CASSLGETNYGYTF	TRBV5-5	TRBJ1-2	1
CASSLGETQYF	TRBV27	TRBJ2-5	2
CASSLGETQYF	TRBV5-4	TRBJ2-5	1
CASSLGETQYF	TRBV7-9	TRBJ2-5	1
CASSLGETSGGPADTQYF	TRBV7-9	TRBJ2-3	1
CASSLGEYYGYTF	TRBV12-4	TRBJ1-2	1
CASSLGFGGQETQYF	TRBV5-1	TRBJ2-5	1
CASSLGFGGREAYEQYF	TRBV7-9	TRBJ2-7	1
CASSLGFGNTEAFF	TRBV5-4	TRBJ1-1	1
CASSLGFKDGYTF	TRBV7-2	TRBJ1-2	1
CASSLGFLAGGNEQFF	TRBV11-2	TRBJ2-1	1
CASSLGFLTEAFF	TRBV4-3	TRBJ1-1	1
CASSLGFNEQFF	TRBV11-2	TRBJ2-1	3
CASSLGFNTEAFF	TRBV9	TRBJ1-1	1
CASSLGFRSDRLNTEAFF	TRBV12-3	TRBJ1-1	1
CASSLGFRVPTSSYEQYF	TRBV13	TRBJ2-7	1
CASSLGFSPHYEQYF	TRBV12-4	TRBJ2-7	1
CASSLGFSYEQYF	TRBV5-1	TRBJ2-7	1
CASSLGFTDTQYF	TRBV27	TRBJ2-3	220
CASSLGFTGELFF	TRBV12-4	TRBJ2-2	1
CASSLGFVGGEQFF	TRBV25-1	TRBJ2-1	1
CASSLGFWHAYNEQFF	TRBV5-8	TRBJ2-1	1
CASSLGFYEQYF	TRBV7-8	TRBJ2-7	1
CASSLGGAAYEQYF	TRBV27	TRBJ2-7	1
CASSLGGADEQYF	TRBV5-1	TRBJ2-7	1
CASSLGGADGYTF	TRBV5-1	TRBJ1-2	1
CASSLGGADTQYF	TRBV27	TRBJ2-3	1
CASSLGGAEAFF	TRBV12-3	TRBJ1-1	1
CASSLGGAETQYF	TRBV13	TRBJ2-5	1
CASSLGGAETQYF	TRBV7-9	TRBJ2-5	1
CASSLGGAFYGYTF	TRBV5-4	TRBJ1-2	1
CASSLGGAFYLHTDTQYF	TRBV5-6	TRBJ2-3	1
CASSLGGAGETQYF	TRBV7-2	TRBJ2-5	27
CASSLGGAGGETEAFF	TRBV7-6	TRBJ1-1	1
CASSLGGAGNEQFF	TRBV7-8	TRBJ2-1	1
CASSLGGAGSYEQYF	TRBV27	TRBJ2-7	1
CASSLGGAKNIQYF	TRBV5-1	TRBJ2-4	1
CASSLGGALETQYF	TRBV7-8	TRBJ2-5	1
CASSLGGALTEAFF	TRBV28	TRBJ1-1	1
CASSLGGANQPQHF	TRBV5-6	TRBJ1-5	1
CASSLGGARNTEAFF	TRBV7-2	TRBJ1-1	1
CASSLGGASNYGYTF	TRBV11-2	TRBJ1-2	1
CASSLGGASSYNEQFF	TRBV12-3	TRBJ2-1	1
CASSLGGASYEQYF	TRBV5-6	TRBJ2-7	1
CASSLGGASYGYTF	TRBV27	TRBJ1-2	1
CASSLGGAVAYEQYF	TRBV7-2	TRBJ2-7	1
CASSLGGAWAGDTQYF	TRBV28	TRBJ2-3	1
CASSLGGAYEQYF	TRBV12-4	TRBJ2-7	2
CASSLGGAYEQYF	TRBV27	TRBJ2-7	1
CASSLGGDEQFF	TRBV5-4	TRBJ2-1	2
CASSLGGDEQYF	TRBV7-9	TRBJ2-7	1
CASSLGGDFYEQYF	TRBV5-6	TRBJ2-7	1
CASSLGGDNEQYF	TRBV28	TRBJ2-7	1
CASSLGGDPGTYF	TRBV7-9	TRBJ2-7	1
CASSLGGDQETQYF	TRBV6-3	TRBJ2-5	2
CASSLGGDQPQHF	TRBV27	TRBJ1-5	1
CASSLGGDSSYEQYF	TRBV7-2	TRBJ2-7	1
CASSLGGDTEAFF	TRBV28	TRBJ1-1	1
CASSLGGDTQYF	TRBV12-4	TRBJ2-3	1
CASSLGGDTQYF	TRBV28	TRBJ2-3	1
CASSLGGDTQYF	TRBV7-6	TRBJ2-3	1
CASSLGGDTQYF	TRBV7-8	TRBJ2-3	1
CASSLGGDTYNEQFF	TRBV12-3	TRBJ2-1	1
CASSLGGDYGYTF	TRBV7-6	TRBJ1-2	1
CASSLGGEAGGYGYTF	TRBV7-9	TRBJ1-2	1
CASSLGGEESPLHF	TRBV12-3	TRBJ1-6	1
CASSLGGEETQYF	TRBV12-4	TRBJ2-5	1
CASSLGGEETQYF	TRBV7-3	TRBJ2-5	1
CASSLGGEGGTDTQYF	TRBV7-6	TRBJ2-3	1
CASSLGGEGRGYGYTF	TRBV6-5	TRBJ1-2	1
CASSLGGEKTF	TRBV7-9	TRBJ1-2	1
CASSLGGELFF	TRBV7-3	TRBJ2-2	1
CASSLGGELFF	TRBV7-8	TRBJ2-2	1
CASSLGGENTEAFF	TRBV5-4	TRBJ1-1	1
CASSLGGEQFF	TRBV7-2	TRBJ2-1	1
CASSLGGEQFF	TRBV7-9	TRBJ2-1	1
CASSLGGEQYF	TRBV7-9	TRBJ2-7	1
CASSLGGESEQYF	TRBV11-1	TRBJ2-7	1
CASSLGGFGANVLTF	TRBV5-5	TRBJ2-6	1
CASSLGGFGSYAGELFF	TRBV28	TRBJ2-2	1
CASSLGGFNEQFF	TRBV28	TRBJ2-1	1
CASSLGGFRQPQHF	TRBV7-6	TRBJ1-5	1
CASSLGGFSNQPQHF	TRBV27	TRBJ1-5	1
CASSLGGFSYEQYF	TRBV11-2	TRBJ2-7	1
CASSLGGFWRAHYEQYF	TRBV11-2	TRBJ2-7	1
CASSLGGFYEQYF	TRBV5-1	TRBJ2-7	1
CASSLGGFYTF	TRBV5-6	TRBJ1-2	1
CASSLGGGAAQETQYF	TRBV5-6	TRBJ2-5	1
CASSLGGGAFAGELFF	TRBV3-1	TRBJ2-2	1
CASSLGGGAYEQYF	TRBV5-6	TRBJ2-7	1
CASSLGGGDEQYF	TRBV7-3	TRBJ2-7	1
CASSLGGGDYEQYF	TRBV7-6	TRBJ2-7	1
CASSLGGGEQFF	TRBV7-9	TRBJ2-1	1
CASSLGGGEQYF	TRBV4-3	TRBJ2-7	1
CASSLGGGESSYNEQFF	TRBV11-2	TRBJ2-1	1
CASSLGGGFGNDDLLSGYTF	TRBV5-1	TRBJ1-2	1
CASSLGGGGIDEQFF	TRBV5-6	TRBJ2-1	1
CASSLGGGGLNNEQFF	TRBV13	TRBJ2-1	1
CASSLGGGGNEQFF	TRBV12-3	TRBJ2-1	1
CASSLGGGGQFDTQYF	TRBV12-3	TRBJ2-3	1
CASSLGGGGRNEQFF	TRBV7-2	TRBJ2-1	1
CASSLGGGGRTDTQYF	TRBV7-8	TRBJ2-3	1
CASSLGGGGTGELFF	TRBV27	TRBJ2-2	1
CASSLGGGGYEQYF	TRBV12-4	TRBJ2-7	1
CASSLGGGHFSGANVLTF	TRBV7-2	TRBJ2-6	1
CASSLGGGIEGDTQYF	TRBV11-2	TRBJ2-3	1
CASSLGGGINYEQYF	TRBV5-1	TRBJ2-7	1
CASSLGGGIYGYTF	TRBV11-2	TRBJ1-2	1
CASSLGGGLGETQYF	TRBV7-8	TRBJ2-5	1
CASSLGGGMNTEAFF	TRBV6-3	TRBJ1-1	1
CASSLGGGNEQFF	TRBV27	TRBJ2-1	1
CASSLGGGNEQFF	TRBV7-6	TRBJ2-1	1
CASSLGGGNNEQFF	TRBV5-4	TRBJ2-1	1
CASSLGGGNTEAFF	TRBV27	TRBJ1-1	1
CASSLGGGNTEAFF	TRBV7-6	TRBJ1-1	1
CASSLGGGNTGELFF	TRBV12-4	TRBJ2-2	1
CASSLGGGNTIYF	TRBV27	TRBJ1-3	1
CASSLGGGNYEQYF	TRBV7-3	TRBJ2-7	1
CASSLGGGPSYEQYF	TRBV3-1	TRBJ2-7	1
CASSLGGGQETQYF	TRBV5-5	TRBJ2-5	1
CASSLGGGQGGSNEKLFF	TRBV7-9	TRBJ1-4	1
CASSLGGGSGEQFF	TRBV7-3	TRBJ2-1	1
CASSLGGGSNEQYF	TRBV5-5	TRBJ2-7	1
CASSLGGGSTDTQYF	TRBV5-5	TRBJ2-3	1
CASSLGGGSVLTYEQYF	TRBV5-4	TRBJ2-7	1
CASSLGGGSYEQYF	TRBV7-3	TRBJ2-7	1
CASSLGGGSYNEQFF	TRBV12-3	TRBJ2-1	1
CASSLGGGTEAFF	TRBV27	TRBJ1-1	1
CASSLGGGTGELFF	TRBV5-5	TRBJ2-2	1
CASSLGGGTGRTDTQYF	TRBV12-3	TRBJ2-3	1
CASSLGGGTGVGNEQFF	TRBV7-3	TRBJ2-1	1
CASSLGGGTTETQYF	TRBV11-2	TRBJ2-5	1
CASSLGGGTYNEQFF	TRBV7-7	TRBJ2-1	1
CASSLGGGVLFF	TRBV12-3	TRBJ1-4	1
CASSLGGGVNTEAFF	TRBV5-6	TRBJ1-1	1
CASSLGGGWGYTF	TRBV7-6	TRBJ1-2	1
CASSLGGHLNTEAFF	TRBV5-4	TRBJ1-1	1
CASSLGGHLSGNTIYF	TRBV5-6	TRBJ1-3	1
CASSLGGHLSGNTIYF	TRBV7-6	TRBJ1-3	1
CASSLGGHSYEQYF	TRBV5-6	TRBJ2-7	1
CASSLGGHYNEQFF	TRBV27	TRBJ2-1	1
CASSLGGIDEQFF	TRBV7-3	TRBJ2-1	1
CASSLGGIGGSGANVLTF	TRBV5-6	TRBJ2-6	1
CASSLGGIGRRENTEAFF	TRBV7-2	TRBJ1-1	1
CASSLGGIGYTF	TRBV7-6	TRBJ1-2	1
CASSLGGIPSGSYGYTF	TRBV13	TRBJ1-2	1
CASSLGGIQGARTEAFF	TRBV11-2	TRBJ1-1	1
CASSLGGIRSPLHF	TRBV11-2	TRBJ1-6	1
CASSLGGISSYNEQFF	TRBV7-3	TRBJ2-1	1
CASSLGGKRNQPQHF	TRBV28	TRBJ1-5	1
CASSLGGKTEAFF	TRBV28	TRBJ1-1	1
CASSLGGLAADTQYF	TRBV6-5	TRBJ2-3	1
CASSLGGLAADTQYF	TRBV7-6	TRBJ2-3	1
CASSLGGLAENNEQFF	TRBV7-7	TRBJ2-1	1
CASSLGGLAGSNEQFF	TRBV7-6	TRBJ2-1	1
CASSLGGLAGVGTGELFF	TRBV7-2	TRBJ2-2	1
CASSLGGLAGVNEQFF	TRBV28	TRBJ2-1	1
CASSLGGLAGYNEQFF	TRBV13	TRBJ2-1	2
CASSLGGLASETQYF	TRBV13	TRBJ2-5	1
CASSLGGLDSPLHF	TRBV7-9	TRBJ1-6	1
CASSLGGLDTQYF	TRBV11-3	TRBJ2-3	1
CASSLGGLEAFF	TRBV13	TRBJ1-1	1
CASSLGGLGNEQFF	TRBV7-9	TRBJ2-1	1
CASSLGGLGNTIYF	TRBV27	TRBJ1-3	1
CASSLGGLGQPQHF	TRBV12-4	TRBJ1-5	1
CASSLGGLGQPQHF	TRBV5-8	TRBJ1-5	1
CASSLGGLGSPLHF	TRBV5-5	TRBJ1-6	1
CASSLGGLGTQYF	TRBV7-2	TRBJ2-3	1
CASSLGGLLSTDTQYF	TRBV7-3	TRBJ2-3	1
CASSLGGLNQPQHF	TRBV11-2	TRBJ1-5	1
CASSLGGLQYF	TRBV7-9	TRBJ2-7	1
CASSLGGLRFQGTGNTIYF	TRBV12-4	TRBJ1-3	1
CASSLGGLRPYEQYF	TRBV7-8	TRBJ2-7	1
CASSLGGLSSYEQYF	TRBV7-9	TRBJ2-7	1
CASSLGGLSWGENQPQHF	TRBV11-2	TRBJ1-5	1
CASSLGGLTYNEQFF	TRBV13	TRBJ2-1	1
CASSLGGLYEQYF	TRBV6-6	TRBJ2-7	1
CASSLGGLYGYTF	TRBV13	TRBJ1-2	1
CASSLGGLYLYNEQFF	TRBV7-2	TRBJ2-1	2
CASSLGGMAFF	TRBV13	TRBJ1-1	1
CASSLGGMNEQFF	TRBV11-2	TRBJ2-1	1
CASSLGGNDGYTF	TRBV6-5	TRBJ1-2	1
CASSLGGNEQFF	TRBV12-4	TRBJ2-1	1
CASSLGGNEQFF	TRBV7-9	TRBJ2-1	3
CASSLGGNEQYF	TRBV11-1	TRBJ2-7	1
CASSLGGNEQYF	TRBV7-9	TRBJ2-7	1
CASSLGGNFYEQYF	TRBV5-6	TRBJ2-7	1
CASSLGGNGYTF	TRBV7-9	TRBJ1-2	1
CASSLGGNNEQFF	TRBV7-8	TRBJ2-1	5
CASSLGGNQPQHF	TRBV27	TRBJ1-5	1
CASSLGGNQPQHF	TRBV7-9	TRBJ1-5	1
CASSLGGNRGYNEQFF	TRBV13	TRBJ2-1	1
CASSLGGNSGDTQYF	TRBV5-5	TRBJ2-3	1
CASSLGGNTDTQYF	TRBV14	TRBJ2-3	1
CASSLGGNTEAFF	TRBV12-3	TRBJ1-1	1
CASSLGGNTGELFF	TRBV11-3	TRBJ2-2	1
CASSLGGNTGELFF	TRBV27	TRBJ2-2	1
CASSLGGNTIYF	TRBV7-9	TRBJ1-3	1
CASSLGGNYGYTF	TRBV12-3	TRBJ1-2	1
CASSLGGNYGYTF	TRBV27	TRBJ1-2	1
CASSLGGPAGYSPLHF	TRBV12-3	TRBJ1-6	1
CASSLGGPGELFF	TRBV7-3	TRBJ2-2	1
CASSLGGPGGELFF	TRBV6-6	TRBJ2-2	1
CASSLGGPGLYNEQFF	TRBV12-4	TRBJ2-1	1
CASSLGGPLEQFF	TRBV5-8	TRBJ2-1	1
CASSLGGPLHF	TRBV12-3	TRBJ1-6	1
CASSLGGPLVEQYF	TRBV7-9	TRBJ2-7	1
CASSLGGPNTEAFF	TRBV7-9	TRBJ1-1	1
CASSLGGPPGYEQYF	TRBV12-3	TRBJ2-7	1
CASSLGGPPQTF	TRBV5-1	TRBJ1-2	1
CASSLGGPPVNEQFF	TRBV7-9	TRBJ2-1	1
CASSLGGPRETQYF	TRBV7-6	TRBJ2-5	1
CASSLGGPTDTQYF	TRBV7-2	TRBJ2-3	1
CASSLGGPTIYEQYF	TRBV6-5	TRBJ2-7	1
CASSLGGPYNEQFF	TRBV12-4	TRBJ2-1	1
CASSLGGQAYEQYF	TRBV7-8	TRBJ2-7	2
CASSLGGQEETQYF	TRBV7-7	TRBJ2-5	1
CASSLGGQGAYEQYF	TRBV7-6	TRBJ2-7	1
CASSLGGQGNQPQHF	TRBV11-2	TRBJ1-5	1
CASSLGGQGPPEHF	TRBV7-8	TRBJ1-5	1
CASSLGGQGPTDTQYF	TRBV5-1	TRBJ2-3	1
CASSLGGQGTYEQYF	TRBV5-8	TRBJ2-7	1
CASSLGGQLMGEQYF	TRBV7-6	TRBJ2-7	1
CASSLGGQSKNIQYF	TRBV6-1	TRBJ2-4	1
CASSLGGQSSYNSPLHF	TRBV28	TRBJ1-6	1
CASSLGGQYEQYF	TRBV7-9	TRBJ2-7	1
CASSLGGQYMNTEAFF	TRBV13	TRBJ1-1	1
CASSLGGRAGRNNEQFF	TRBV11-2	TRBJ2-1	1
CASSLGGRGSYGYTF	TRBV5-4	TRBJ1-2	1
CASSLGGRGVTDTQYF	TRBV5-5	TRBJ2-3	1
CASSLGGRNTEAFF	TRBV7-9	TRBJ1-1	1
CASSLGGRQPQHF	TRBV5-6	TRBJ1-5	1
CASSLGGRRQPQHF	TRBV12-3	TRBJ1-5	1
CASSLGGRRTDTQYF	TRBV4-2	TRBJ2-3	1
CASSLGGRSDTQYF	TRBV5-6	TRBJ2-3	1
CASSLGGRSYEQYF	TRBV5-4	TRBJ2-7	1
CASSLGGRVDTQYF	TRBV27	TRBJ2-3	1
CASSLGGRVGAGELFF	TRBV5-1	TRBJ2-2	1
CASSLGGRYITDTQYF	TRBV7-3	TRBJ2-3	1
CASSLGGSAYNEQFF	TRBV27	TRBJ2-1	1
CASSLGGSDYNEQFF	TRBV28	TRBJ2-1	1
CASSLGGSGANVLTF	TRBV12-4	TRBJ2-6	1
CASSLGGSGAYNEQFF	TRBV11-3	TRBJ2-1	1
CASSLGGSGEKLFF	TRBV6-3	TRBJ1-4	1
CASSLGGSGGPLYEQYF	TRBV5-4	TRBJ2-7	1
CASSLGGSGGVQETQYF	TRBV19	TRBJ2-5	1
CASSLGGSGNEQFF	TRBV27	TRBJ2-1	1
CASSLGGSGNTIYF	TRBV3-1	TRBJ1-3	1
CASSLGGSGVGSPLHF	TRBV7-6	TRBJ1-6	1
CASSLGGSGYEQYF	TRBV7-6	TRBJ2-7	1
CASSLGGSKYEQYF	TRBV5-6	TRBJ2-7	1
CASSLGGSLGETQYF	TRBV7-2	TRBJ2-5	1
CASSLGGSNSPLHF	TRBV4-1	TRBJ1-6	1
CASSLGGSPSYEQYF	TRBV28	TRBJ2-7	1
CASSLGGSPYEQYF	TRBV7-6	TRBJ2-7	1
CASSLGGSQETQYF	TRBV5-6	TRBJ2-5	1
CASSLGGSSYEQYF	TRBV11-2	TRBJ2-7	1
CASSLGGSSYEQYF	TRBV27	TRBJ2-7	1
CASSLGGSSYNEQFF	TRBV7-9	TRBJ2-1	1
CASSLGGSTGELFF	TRBV7-3	TRBJ2-2	1
CASSLGGSTNKINEKLFF	TRBV27	TRBJ1-4	1
CASSLGGSYEQYF	TRBV11-2	TRBJ2-7	2
CASSLGGSYEQYF	TRBV5-6	TRBJ2-7	1
CASSLGGTAYEQYF	TRBV5-6	TRBJ2-7	1
CASSLGGTDSNQPQHF	TRBV5-1	TRBJ1-5	1
CASSLGGTDTQYF	TRBV6-5	TRBJ2-3	1
CASSLGGTDYEQYF	TRBV5-1	TRBJ2-7	1
CASSLGGTEAFF	TRBV27	TRBJ1-1	1
CASSLGGTEAFF	TRBV5-4	TRBJ1-1	1
CASSLGGTEAFF	TRBV7-3	TRBJ1-1	1
CASSLGGTEAFF	TRBV7-9	TRBJ1-1	1
CASSLGGTGAYEQYF	TRBV7-6	TRBJ2-7	1
CASSLGGTGFYEQYF	TRBV5-1	TRBJ2-7	1
CASSLGGTGGGYEQYF	TRBV5-1	TRBJ2-7	1
CASSLGGTGLLTEAFF	TRBV5-8	TRBJ1-1	1
CASSLGGTGRYEQYF	TRBV27	TRBJ2-7	1
CASSLGGTGVGNEQFF	TRBV7-6	TRBJ2-1	1
CASSLGGTNEQFF	TRBV4-1	TRBJ2-1	2
CASSLGGTNYNEQFF	TRBV9	TRBJ2-1	1
CASSLGGTSAEQFF	TRBV11-3	TRBJ2-1	1
CASSLGGTSNEQYF	TRBV11-2	TRBJ2-7	1
CASSLGGTSYEQYF	TRBV5-1	TRBJ2-7	1
CASSLGGTTDTQYF	TRBV7-3	TRBJ2-3	1
CASSLGGTTNTGELFF	TRBV4-3	TRBJ2-2	2
CASSLGGTVEAFF	TRBV7-9	TRBJ1-1	1
CASSLGGTVVSPLHF	TRBV27	TRBJ1-6	1
CASSLGGVAVNEQFF	TRBV7-2	TRBJ2-1	1
CASSLGGVDEQFF	TRBV5-6	TRBJ2-1	1
CASSLGGVEGETQYF	TRBV7-3	TRBJ2-5	1
CASSLGGVFADYEQYF	TRBV12-4	TRBJ2-7	1
CASSLGGVFQETQYF	TRBV7-8	TRBJ2-5	1
CASSLGGVGPGVRSWETQYF	TRBV27	TRBJ2-5	1
CASSLGGVGPYNEQFF	TRBV28	TRBJ2-1	1
CASSLGGVGRYGYTF	TRBV12-3	TRBJ1-2	1
CASSLGGVGTDTQYF	TRBV11-2	TRBJ2-3	1
CASSLGGVLGETQYF	TRBV7-6	TRBJ2-5	1
CASSLGGVLPGELFF	TRBV5-4	TRBJ2-2	1
CASSLGGVSDTQYF	TRBV5-4	TRBJ2-3	1
CASSLGGVSGNTIYF	TRBV11-2	TRBJ1-3	1
CASSLGGVTDTQYF	TRBV7-8	TRBJ2-3	1
CASSLGGWDQPQHF	TRBV5-6	TRBJ1-5	1
CASSLGGWDTIYF	TRBV7-2	TRBJ1-3	1
CASSLGGWGADTEAFF	TRBV11-3	TRBJ1-1	1
CASSLGGWGKDGYTF	TRBV12-4	TRBJ1-2	1
CASSLGGWTVNPHEQYF	TRBV5-1	TRBJ2-7	1
CASSLGGYEQYF	TRBV12-3	TRBJ2-7	1
CASSLGGYEQYF	TRBV27	TRBJ2-7	1
CASSLGGYGYTF	TRBV5-4	TRBJ1-2	1
CASSLGGYNEQFF	TRBV5-6	TRBJ2-1	1
CASSLGGYRTPNSPLHF	TRBV7-6	TRBJ1-6	1
CASSLGGYSYEQYF	TRBV7-2	TRBJ2-7	1
CASSLGGYYEKLFF	TRBV13	TRBJ1-4	1
CASSLGGYYGYTF	TRBV27	TRBJ1-2	1
CASSLGHDTLHF	TRBV7-9	TRBJ1-6	1
CASSLGHEQYF	TRBV11-2	TRBJ2-7	1
CASSLGHGEQYF	TRBV7-9	TRBJ2-7	1
CASSLGHIYGYTF	TRBV13	TRBJ1-2	1
CASSLGHNTGELFF	TRBV11-2	TRBJ2-2	1
CASSLGHSAGVYGYTF	TRBV7-2	TRBJ1-2	1
CASSLGHSHNEQFF	TRBV12-3	TRBJ2-1	1
CASSLGHSYEQYF	TRBV11-1	TRBJ2-7	1
CASSLGHTNYGYTF	TRBV7-9	TRBJ1-2	1
CASSLGHTRADTQYF	TRBV7-2	TRBJ2-3	1
CASSLGIAKNIQYF	TRBV12-4	TRBJ2-4	1
CASSLGIAVSEQFF	TRBV9	TRBJ2-1	1
CASSLGIDEQFF	TRBV7-9	TRBJ2-1	1
CASSLGIEQFF	TRBV27	TRBJ2-1	1
CASSLGIEQFF	TRBV5-1	TRBJ2-1	1
CASSLGIETPSSYEQYF	TRBV11-1	TRBJ2-7	1
CASSLGIFTEAFF	TRBV28	TRBJ1-1	1
CASSLGIIVGVSLNEQFF	TRBV5-8	TRBJ2-1	1
CASSLGIKPYEQYF	TRBV7-9	TRBJ2-7	1
CASSLGILAGGLSDSYNEQFF	TRBV7-2	TRBJ2-1	4
CASSLGILYEQYF	TRBV27	TRBJ2-7	1
CASSLGINTEAFF	TRBV27	TRBJ1-1	1
CASSLGIRGAGRRPEKLFF	TRBV7-8	TRBJ1-4	1
CASSLGIRTSAEQYF	TRBV27	TRBJ2-7	1
CASSLGISGNTIYF	TRBV5-8	TRBJ1-3	1
CASSLGISGTDTQYF	TRBV7-2	TRBJ2-3	1
CASSLGKGAELYEQFF	TRBV10-1	TRBJ2-1	1
CASSLGKGDDTEAFF	TRBV11-3	TRBJ1-1	1
CASSLGKNEQFF	TRBV11-2	TRBJ2-1	5
CASSLGKNEQFF	TRBV27	TRBJ2-1	1
CASSLGKSLGETQYF	TRBV7-2	TRBJ2-5	1
CASSLGKTEPQHF	TRBV7-8	TRBJ1-5	1
CASSLGKVAQSRYGYTF	TRBV7-9	TRBJ1-2	1
CASSLGKVQYF	TRBV27	TRBJ2-7	1
CASSLGLAAAGELFF	TRBV5-4	TRBJ2-2	1
CASSLGLAAAYNEQFF	TRBV5-6	TRBJ2-1	1
CASSLGLAAIYTGELFF	TRBV12-3	TRBJ2-2	1
CASSLGLAAPTDTQYF	TRBV7-3	TRBJ2-3	1
CASSLGLAEANEQFF	TRBV5-1	TRBJ2-1	1
CASSLGLAEEQFF	TRBV7-9	TRBJ2-1	1
CASSLGLAFEQYF	TRBV27	TRBJ2-7	1
CASSLGLAGAEETQYF	TRBV5-4	TRBJ2-5	1
CASSLGLAGAGNEQFF	TRBV5-6	TRBJ2-1	1
CASSLGLAGASDTQYF	TRBV13	TRBJ2-3	1
CASSLGLAGDNEQFF	TRBV27	TRBJ2-1	1
CASSLGLAGDPRADTQYF	TRBV9	TRBJ2-3	1
CASSLGLAGDSGANVLTF	TRBV7-3	TRBJ2-6	1
CASSLGLAGDTGELFF	TRBV7-8	TRBJ2-2	1
CASSLGLAGEGNEQFF	TRBV19	TRBJ2-1	1
CASSLGLAGEYNEQFF	TRBV13	TRBJ2-1	1
CASSLGLAGGLSGELFF	TRBV6-5	TRBJ2-2	1
CASSLGLAGGPWTGELFF	TRBV7-9	TRBJ2-2	1
CASSLGLAGGQETQYF	TRBV13	TRBJ2-5	1
CASSLGLAGGSVGELFF	TRBV5-6	TRBJ2-2	1
CASSLGLAGGYEQFF	TRBV7-3	TRBJ2-1	1
CASSLGLAGLNEQFF	TRBV5-4	TRBJ2-1	1
CASSLGLAGMSYNEQFF	TRBV13	TRBJ2-1	1
CASSLGLAGNNEQFF	TRBV11-2	TRBJ2-1	1
CASSLGLAGPIGNEQFF	TRBV7-2	TRBJ2-1	1
CASSLGLAGPNEQFF	TRBV27	TRBJ2-1	1
CASSLGLAGRHEQFF	TRBV11-2	TRBJ2-1	1
CASSLGLAGSTDTQYF	TRBV7-2	TRBJ2-3	1
CASSLGLAGSTDTQYF	TRBV7-8	TRBJ2-3	1
CASSLGLAGSYEQYF	TRBV5-1	TRBJ2-7	1
CASSLGLAGTYEQYF	TRBV12-3	TRBJ2-7	1
CASSLGLAGVYEQFF	TRBV5-8	TRBJ2-1	1
CASSLGLAGWGGELFF	TRBV12-4	TRBJ2-2	1
CASSLGLAGYEQYF	TRBV9	TRBJ2-7	1
CASSLGLAGYRNEQFF	TRBV11-1	TRBJ2-1	1
CASSLGLAGYSTDTQYF	TRBV12-4	TRBJ2-3	1
CASSLGLAMPGELFF	TRBV7-2	TRBJ2-2	1
CASSLGLAPNEQFF	TRBV27	TRBJ2-1	1
CASSLGLARIHEQYF	TRBV5-1	TRBJ2-7	1
CASSLGLASEQYF	TRBV7-3	TRBJ2-7	1
CASSLGLASNEQFF	TRBV11-2	TRBJ2-1	1
CASSLGLAVTDTQYF	TRBV5-5	TRBJ2-3	1
CASSLGLAVYEQYF	TRBV19	TRBJ2-7	1
CASSLGLAYEQYF	TRBV11-2	TRBJ2-7	1
CASSLGLDYEQYF	TRBV7-8	TRBJ2-7	1
CASSLGLEGGNEQFF	TRBV5-4	TRBJ2-1	1
CASSLGLEGTNQPQHF	TRBV13	TRBJ1-5	1
CASSLGLEMNTEAFF	TRBV11-1	TRBJ1-1	1
CASSLGLEMSSDTQYF	TRBV7-8	TRBJ2-3	1
CASSLGLETDTQYF	TRBV7-3	TRBJ2-3	1
CASSLGLGDRGREYGYTF	TRBV7-9	TRBJ1-2	1
CASSLGLGENEQFF	TRBV4-2	TRBJ2-1	1
CASSLGLGETQYF	TRBV27	TRBJ2-5	1
CASSLGLGGETQYF	TRBV7-2	TRBJ2-5	1
CASSLGLGGGNSPLHF	TRBV7-2	TRBJ1-6	1
CASSLGLGGGQETQYF	TRBV11-2	TRBJ2-5	1
CASSLGLGGGTEAFF	TRBV27	TRBJ1-1	1
CASSLGLGGTYEQYF	TRBV7-2	TRBJ2-7	1
CASSLGLGPYEQYF	TRBV3-1	TRBJ2-7	1
CASSLGLGQERPNSNQPQHF	TRBV7-2	TRBJ1-5	1
CASSLGLGRGDQPQHF	TRBV5-1	TRBJ1-5	1
CASSLGLGSESSYEQYF	TRBV7-2	TRBJ2-7	1
CASSLGLGTEAFF	TRBV13	TRBJ1-1	1
CASSLGLGYEQYF	TRBV12-4	TRBJ2-7	1
CASSLGLGYEQYF	TRBV27	TRBJ2-7	1
CASSLGLKGGYTF	TRBV12-4	TRBJ1-2	1
CASSLGLLAEQFF	TRBV7-2	TRBJ2-1	1
CASSLGLLAGGEQYF	TRBV5-4	TRBJ2-7	1
CASSLGLLNEKLFF	TRBV19	TRBJ1-4	1
CASSLGLLVQETQYF	TRBV7-9	TRBJ2-5	1
CASSLGLNTEAFF	TRBV18	TRBJ1-1	1
CASSLGLNTEAFF	TRBV27	TRBJ1-1	3
CASSLGLNVSSGRAYTGELFF	TRBV13	TRBJ2-2	1
CASSLGLNYGYTF	TRBV12-4	TRBJ1-2	1
CASSLGLPGLAGINTDTQYF	TRBV11-2	TRBJ2-3	1
CASSLGLPVSSYEQYF	TRBV5-4	TRBJ2-7	1
CASSLGLQAYNEQFF	TRBV7-7	TRBJ2-1	1
CASSLGLQGMSYNEQFF	TRBV5-1	TRBJ2-1	1
CASSLGLQGSYGYTF	TRBV5-4	TRBJ1-2	1
CASSLGLQPQHF	TRBV7-2	TRBJ1-5	1
CASSLGLRGPEAFF	TRBV13	TRBJ1-1	1
CASSLGLRGWDTEAFF	TRBV5-6	TRBJ1-1	1
CASSLGLRGYTF	TRBV5-8	TRBJ1-2	1
CASSLGLSEQYF	TRBV7-9	TRBJ2-7	1
CASSLGLSFGGSDTQYF	TRBV13	TRBJ2-3	1
CASSLGLSGLGYEQYF	TRBV7-9	TRBJ2-7	1
CASSLGLSRDTQETQYF	TRBV13	TRBJ2-5	1
CASSLGLSSYEQYF	TRBV13	TRBJ2-7	1
CASSLGLSTGF	TRBV11-2	TRBJ1-2	1
CASSLGLTHTYNEQFF	TRBV5-1	TRBJ2-1	1
CASSLGLTNTEAFF	TRBV27	TRBJ1-1	1
CASSLGLTYEQYF	TRBV27	TRBJ2-7	1
CASSLGLVIPDTQYF	TRBV5-5	TRBJ2-3	1
CASSLGLVLAGMDGELFF	TRBV13	TRBJ2-2	1
CASSLGLVSRGPNTGELFF	TRBV11-1	TRBJ2-2	1
CASSLGLVTEAFF	TRBV12-4	TRBJ1-1	1
CASSLGLWREVLADTQYF	TRBV7-2	TRBJ2-3	1
CASSLGLYEQYF	TRBV5-6	TRBJ2-7	1
CASSLGLYNEQFF	TRBV5-1	TRBJ2-1	1
CASSLGLYRDRDGYTF	TRBV5-1	TRBJ1-2	1
CASSLGLYTDTQYF	TRBV12-4	TRBJ2-3	1
CASSLGLYTDTQYF	TRBV7-3	TRBJ2-3	1
CASSLGMDNEQFF	TRBV27	TRBJ2-1	1
CASSLGMEIGGTYEQYF	TRBV4-3	TRBJ2-7	1
CASSLGMGNYGYTF	TRBV7-8	TRBJ1-2	1
CASSLGMNTEAFF	TRBV6-3	TRBJ1-1	1
CASSLGMRGGWDEQFF	TRBV7-8	TRBJ2-1	2
CASSLGNEKLFF	TRBV11-2	TRBJ1-4	1
CASSLGNEQFF	TRBV27	TRBJ2-1	1
CASSLGNEQFF	TRBV9	TRBJ2-1	1
CASSLGNEQYF	TRBV11-2	TRBJ2-7	1
CASSLGNIQYF	TRBV7-2	TRBJ2-4	1
CASSLGNLNTEAFF	TRBV7-6	TRBJ1-1	1
CASSLGNNYGYTF	TRBV12-4	TRBJ1-2	1
CASSLGNPGTGDEKLFF	TRBV7-2	TRBJ1-4	1
CASSLGNQPQHF	TRBV5-4	TRBJ1-5	1
CASSLGNQPQHF	TRBV7-2	TRBJ1-5	1
CASSLGNRGGYEQYF	TRBV5-6	TRBJ2-7	1
CASSLGNRGYGYTF	TRBV28	TRBJ1-2	1
CASSLGNRIVVGNTEAFF	TRBV7-2	TRBJ1-1	1
CASSLGNRPDAYEQYF	TRBV7-9	TRBJ2-7	1
CASSLGNSYEQYF	TRBV7-6	TRBJ2-7	1
CASSLGNTEAFF	TRBV5-1	TRBJ1-1	1
CASSLGNTEAFF	TRBV5-6	TRBJ1-1	1
CASSLGNTEAFF	TRBV6-6	TRBJ1-1	1
CASSLGNTEAFF	TRBV7-2	TRBJ1-1	1
CASSLGNTEAFF	TRBV7-9	TRBJ1-1	1
CASSLGNYEQYF	TRBV13	TRBJ2-7	1
CASSLGNYGYTF	TRBV7-2	TRBJ1-2	1
CASSLGPADYYNEQFF	TRBV7-2	TRBJ2-1	1
CASSLGPAGRGYNSPLHF	TRBV5-4	TRBJ1-6	1
CASSLGPAREGSEQYF	TRBV7-2	TRBJ2-7	1
CASSLGPATPQHF	TRBV7-8	TRBJ1-5	1
CASSLGPDNEQFF	TRBV5-1	TRBJ2-1	1
CASSLGPDNEQFF	TRBV7-2	TRBJ2-1	3
CASSLGPDSATGELFF	TRBV12-3	TRBJ2-2	1
CASSLGPDSNSPLHF	TRBV13	TRBJ1-6	1
CASSLGPEEQYF	TRBV5-4	TRBJ2-7	1
CASSLGPELFF	TRBV12-4	TRBJ2-2	1
CASSLGPETQYF	TRBV5-5	TRBJ2-5	1
CASSLGPFDTQYF	TRBV28	TRBJ2-3	1
CASSLGPGATNEKLFF	TRBV5-4	TRBJ1-4	1
CASSLGPGEQYF	TRBV7-2	TRBJ2-7	1
CASSLGPGGLGNEQFF	TRBV7-3	TRBJ2-1	1
CASSLGPGGSGANVLTF	TRBV7-9	TRBJ2-6	1
CASSLGPGKGYTF	TRBV27	TRBJ1-2	1
CASSLGPGLAGGNNEQFF	TRBV7-3	TRBJ2-1	1
CASSLGPGLSYEQYF	TRBV7-8	TRBJ2-7	1
CASSLGPGNEQYF	TRBV5-1	TRBJ2-7	1
CASSLGPGNTEAFF	TRBV5-5	TRBJ1-1	1
CASSLGPGPFPNYGYTF	TRBV11-2	TRBJ1-2	1
CASSLGPGQEPYEQYF	TRBV13	TRBJ2-7	1
CASSLGPGQGGLSNIQYF	TRBV11-2	TRBJ2-4	1
CASSLGPGSGEQYF	TRBV13	TRBJ2-7	1
CASSLGPGSTDTQYF	TRBV5-4	TRBJ2-3	1
CASSLGPGTGEETQYF	TRBV7-8	TRBJ2-5	1
CASSLGPGTSTDTQYF	TRBV7-8	TRBJ2-3	1
CASSLGPGTTNTIYF	TRBV7-6	TRBJ1-3	1
CASSLGPGVAGGLDTQYF	TRBV11-2	TRBJ2-3	1
CASSLGPGVNTEAFF	TRBV7-2	TRBJ1-1	1
CASSLGPGVSYEQYF	TRBV7-9	TRBJ2-7	1
CASSLGPGYGYTF	TRBV11-2	TRBJ1-2	1
CASSLGPHRNTEAFF	TRBV19	TRBJ1-1	1
CASSLGPIASQFF	TRBV27	TRBJ2-1	1
CASSLGPITGLPYNEQFF	TRBV5-6	TRBJ2-1	1
CASSLGPIYGYTF	TRBV13	TRBJ1-2	1
CASSLGPLAGVNHNEQFF	TRBV13	TRBJ2-1	1
CASSLGPLAGYYEQYF	TRBV7-2	TRBJ2-7	1
CASSLGPLMAKNIQYF	TRBV27	TRBJ2-4	1
CASSLGPLRDRVVYGYTF	TRBV12-4	TRBJ1-2	1
CASSLGPLRRNGYTF	TRBV19	TRBJ1-2	1
CASSLGPNALYGYTF	TRBV7-8	TRBJ1-2	1
CASSLGPNGYTF	TRBV7-9	TRBJ1-2	1
CASSLGPNQAVDNEQFF	TRBV13	TRBJ2-1	1
CASSLGPNSPLHF	TRBV27	TRBJ1-6	1
CASSLGPNTEAFF	TRBV12-3	TRBJ1-1	3
CASSLGPNTEAFF	TRBV27	TRBJ1-1	1
CASSLGPNTGELFF	TRBV5-4	TRBJ2-2	1
CASSLGPPHEQYF	TRBV13	TRBJ2-7	1
CASSLGPPLGLGYTF	TRBV13	TRBJ1-2	1
CASSLGPPMGDTEAFF	TRBV7-6	TRBJ1-1	1
CASSLGPPYSYNEQFF	TRBV5-6	TRBJ2-1	1
CASSLGPQGTGELFF	TRBV7-2	TRBJ2-2	1
CASSLGPRGSYEQYF	TRBV5-1	TRBJ2-7	1
CASSLGPRSGGTDTQYF	TRBV5-6	TRBJ2-3	1
CASSLGPRTEAFF	TRBV7-3	TRBJ1-1	1
CASSLGPSEGGAETQYF	TRBV13	TRBJ2-5	1
CASSLGPSFETQYF	TRBV7-3	TRBJ2-5	1
CASSLGPSSYEQYF	TRBV5-6	TRBJ2-7	1
CASSLGPSYEQYF	TRBV5-6	TRBJ2-7	1
CASSLGPTEAFF	TRBV6-3	TRBJ1-1	4
CASSLGPTNNEQFF	TRBV12-4	TRBJ2-1	1
CASSLGPTNTGELFF	TRBV7-3	TRBJ2-2	1
CASSLGPTSGSYEQYF	TRBV11-2	TRBJ2-7	1
CASSLGPTYEQFF	TRBV27	TRBJ2-1	1
CASSLGPVASGNNEQFF	TRBV11-2	TRBJ2-1	1
CASSLGPVGYTF	TRBV7-8	TRBJ1-2	1
CASSLGPVIGNTEAFF	TRBV5-6	TRBJ1-1	1
CASSLGPVRGYTF	TRBV7-9	TRBJ1-2	1
CASSLGPVTHTDTQYF	TRBV4-3	TRBJ2-3	1
CASSLGPVTYEQYF	TRBV11-2	TRBJ2-7	1
CASSLGPWGQGSEAFF	TRBV13	TRBJ1-1	1
CASSLGPYEQYF	TRBV12-4	TRBJ2-7	1
CASSLGPYLYNSPLHF	TRBV9	TRBJ1-6	1
CASSLGQAETQYF	TRBV13	TRBJ2-5	1
CASSLGQAGAFF	TRBV7-9	TRBJ1-1	1
CASSLGQAKNIQYF	TRBV5-1	TRBJ2-4	1
CASSLGQASGNTIYF	TRBV7-8	TRBJ1-3	1
CASSLGQAVYEQYF	TRBV7-2	TRBJ2-7	1
CASSLGQAYEQYF	TRBV12-4	TRBJ2-7	1
CASSLGQAYYEQYF	TRBV7-8	TRBJ2-7	1
CASSLGQCNQPQHF	TRBV7-9	TRBJ1-5	1
CASSLGQDSYEQYF	TRBV7-2	TRBJ2-7	1
CASSLGQEAFF	TRBV5-1	TRBJ1-1	1
CASSLGQEHGETQYF	TRBV12-4	TRBJ2-5	1
CASSLGQENSPLHF	TRBV5-6	TRBJ1-6	1
CASSLGQFNPYGYTF	TRBV9	TRBJ1-2	2
CASSLGQFSNQPQHF	TRBV7-2	TRBJ1-5	1
CASSLGQGAAGYTF	TRBV12-4	TRBJ1-2	1
CASSLGQGADEQYF	TRBV5-1	TRBJ2-7	1
CASSLGQGADTEAFF	TRBV13	TRBJ1-1	1
CASSLGQGAFTEAFF	TRBV5-1	TRBJ1-1	1
CASSLGQGAGNTIYF	TRBV5-6	TRBJ1-3	1
CASSLGQGANTGELFF	TRBV13	TRBJ2-2	1
CASSLGQGAPEAFF	TRBV11-2	TRBJ1-1	1
CASSLGQGARTEAFF	TRBV7-9	TRBJ1-1	1
CASSLGQGASEQYF	TRBV5-4	TRBJ2-7	1
CASSLGQGASQPQHF	TRBV7-2	TRBJ1-5	12
CASSLGQGATTEAFF	TRBV7-8	TRBJ1-1	1
CASSLGQGAVYEQYF	TRBV7-9	TRBJ2-7	1
CASSLGQGAYAPAKTDTQYF	TRBV28	TRBJ2-3	1
CASSLGQGAYEQFF	TRBV5-4	TRBJ2-1	1
CASSLGQGAYEQYF	TRBV11-2	TRBJ2-7	1
CASSLGQGAYEQYF	TRBV5-5	TRBJ2-7	1
CASSLGQGAYEQYF	TRBV5-6	TRBJ2-7	1
CASSLGQGAYGYTF	TRBV28	TRBJ1-2	1
CASSLGQGAYNEQFF	TRBV5-5	TRBJ2-1	1
CASSLGQGAYTEAFF	TRBV7-9	TRBJ1-1	1
CASSLGQGDGYTF	TRBV7-9	TRBJ1-2	1
CASSLGQGDYGYTF	TRBV6-5	TRBJ1-2	1
CASSLGQGEDPQHF	TRBV7-2	TRBJ1-5	1
CASSLGQGEQFF	TRBV3-1	TRBJ2-1	1
CASSLGQGEQYF	TRBV7-9	TRBJ2-7	1
CASSLGQGETQYF	TRBV7-8	TRBJ2-5	1
CASSLGQGFDEQYF	TRBV7-8	TRBJ2-7	1
CASSLGQGFTEAFF	TRBV5-1	TRBJ1-1	1
CASSLGQGFTEAFF	TRBV7-9	TRBJ1-1	1
CASSLGQGGGEQYF	TRBV7-6	TRBJ2-7	1
CASSLGQGGGYTF	TRBV27	TRBJ1-2	1
CASSLGQGGHEQYF	TRBV27	TRBJ2-7	1
CASSLGQGGMNTEAFF	TRBV7-9	TRBJ1-1	1
CASSLGQGGPDTQYF	TRBV28	TRBJ2-3	1
CASSLGQGGPNEQYF	TRBV12-4	TRBJ2-7	1
CASSLGQGGSEAFF	TRBV5-5	TRBJ1-1	1
CASSLGQGGSYEQYF	TRBV5-5	TRBJ2-7	1
CASSLGQGGTEAFF	TRBV9	TRBJ1-1	1
CASSLGQGGYEQYF	TRBV3-1	TRBJ2-7	1
CASSLGQGISHEQFF	TRBV5-6	TRBJ2-1	1
CASSLGQGIYEQYF	TRBV7-8	TRBJ2-7	1
CASSLGQGLDYGYTF	TRBV13	TRBJ1-2	1
CASSLGQGLGQPQHF	TRBV27	TRBJ1-5	1
CASSLGQGLINYEQYF	TRBV11-2	TRBJ2-7	1
CASSLGQGLNYGYTF	TRBV5-1	TRBJ1-2	1
CASSLGQGLPPLHF	TRBV5-4	TRBJ1-6	1
CASSLGQGLPSTDTQYF	TRBV7-9	TRBJ2-3	1
CASSLGQGLRNEQFF	TRBV5-1	TRBJ2-1	1
CASSLGQGLTEAFF	TRBV5-1	TRBJ1-1	1
CASSLGQGMDEKLFF	TRBV19	TRBJ1-4	1
CASSLGQGNEKLFF	TRBV4-1	TRBJ1-4	1
CASSLGQGNEKLFF	TRBV7-9	TRBJ1-4	1
CASSLGQGNTEAFF	TRBV12-3	TRBJ1-1	1
CASSLGQGPDTQYF	TRBV5-4	TRBJ2-3	1
CASSLGQGPNYGYTF	TRBV7-9	TRBJ1-2	1
CASSLGQGPSSYNEQFF	TRBV3-1	TRBJ2-1	1
CASSLGQGPYEQYF	TRBV11-1	TRBJ2-7	1
CASSLGQGPYEQYF	TRBV11-2	TRBJ2-7	21
CASSLGQGPYGYTF	TRBV14	TRBJ1-2	1
CASSLGQGPYTGELFF	TRBV5-1	TRBJ2-2	1
CASSLGQGQVNSPLHF	TRBV13	TRBJ1-6	1
CASSLGQGRDEQYF	TRBV5-1	TRBJ2-7	1
CASSLGQGRNEQFF	TRBV11-1	TRBJ2-1	1
CASSLGQGRTEAFF	TRBV5-1	TRBJ1-1	1
CASSLGQGSDTQYF	TRBV7-9	TRBJ2-3	1
CASSLGQGSEQYF	TRBV28	TRBJ2-7	1
CASSLGQGSSYEQYF	TRBV28	TRBJ2-7	1
CASSLGQGTDTQYF	TRBV5-1	TRBJ2-3	1
CASSLGQGTNEKLFF	TRBV5-1	TRBJ1-4	1
CASSLGQGTSIAKNIQYF	TRBV4-3	TRBJ2-4	1
CASSLGQGTSTYEQYF	TRBV7-8	TRBJ2-7	1
CASSLGQGTYEQYF	TRBV12-4	TRBJ2-7	1
CASSLGQGTYNEQFF	TRBV12-3	TRBJ2-1	1
CASSLGQGVFYEQFF	TRBV7-9	TRBJ2-1	1
CASSLGQGVFYTF	TRBV5-1	TRBJ1-2	25
CASSLGQGVGEYYGYTF	TRBV7-2	TRBJ1-2	1
CASSLGQGVNTEAFF	TRBV7-8	TRBJ1-1	1
CASSLGQGVSNQPQHF	TRBV12-3	TRBJ1-5	1
CASSLGQGVYGYTF	TRBV27	TRBJ1-2	1
CASSLGQGWGYTF	TRBV27	TRBJ1-2	1
CASSLGQGYEQFF	TRBV11-3	TRBJ2-1	1
CASSLGQGYEQYF	TRBV27	TRBJ2-7	1
CASSLGQGYEQYF	TRBV6-5	TRBJ2-7	1
CASSLGQGYEQYF	TRBV7-3	TRBJ2-7	1
CASSLGQGYGYTF	TRBV7-9	TRBJ1-2	1
CASSLGQGYNEQFF	TRBV27	TRBJ2-1	1
CASSLGQGYPYEQYF	TRBV5-1	TRBJ2-7	1
CASSLGQGYRQPQHF	TRBV28	TRBJ1-5	1
CASSLGQGYSPLHF	TRBV11-2	TRBJ1-6	1
CASSLGQGYYNEQFF	TRBV28	TRBJ2-1	1
CASSLGQHFANTGELFF	TRBV27	TRBJ2-2	1
CASSLGQINEQFF	TRBV7-9	TRBJ2-1	1
CASSLGQLEAFF	TRBV5-5	TRBJ1-1	1
CASSLGQLGEQYF	TRBV28	TRBJ2-7	1
CASSLGQLVEQYF	TRBV12-3	TRBJ2-7	1
CASSLGQMGRAEAFF	TRBV5-5	TRBJ1-1	1
CASSLGQMNTEAFF	TRBV27	TRBJ1-1	1
CASSLGQNEQFF	TRBV11-2	TRBJ2-1	1
CASSLGQNQETQYF	TRBV5-6	TRBJ2-5	1
CASSLGQNTEAFF	TRBV13	TRBJ1-1	1
CASSLGQNYGYTF	TRBV5-6	TRBJ1-2	1
CASSLGQPINEKLFF	TRBV27	TRBJ1-4	1
CASSLGQPNQPQHF	TRBV12-4	TRBJ1-5	1
CASSLGQPTQYF	TRBV11-2	TRBJ2-5	1
CASSLGQQGVNTEAFF	TRBV12-4	TRBJ1-1	1
CASSLGQQPGPGNTIYF	TRBV13	TRBJ1-3	1
CASSLGQREQFF	TRBV7-9	TRBJ2-1	1
CASSLGQRGGNTIYF	TRBV5-4	TRBJ1-3	1
CASSLGQRLAQDNEQFF	TRBV13	TRBJ2-1	1
CASSLGQSNYGYTF	TRBV13	TRBJ1-2	1
CASSLGQSPGGSGNTIYF	TRBV5-4	TRBJ1-3	1
CASSLGQSSYEQYF	TRBV5-6	TRBJ2-7	1
CASSLGQSTDTQYF	TRBV27	TRBJ2-3	1
CASSLGQSYEQYF	TRBV12-3	TRBJ2-7	1
CASSLGQSYEQYF	TRBV5-6	TRBJ2-7	1
CASSLGQSYGYTF	TRBV11-1	TRBJ1-2	1
CASSLGQTDTQYF	TRBV27	TRBJ2-3	1
CASSLGQTEAFF	TRBV12-4	TRBJ1-1	1
CASSLGQVSYEQYF	TRBV11-2	TRBJ2-7	1
CASSLGQYLYGYTF	TRBV28	TRBJ1-2	1
CASSLGQYYEQYF	TRBV11-2	TRBJ2-7	1
CASSLGRAADIQYF	TRBV5-1	TRBJ2-4	1
CASSLGRANTEAFF	TRBV13	TRBJ1-1	1
CASSLGRASTDTQYF	TRBV7-9	TRBJ2-3	1
CASSLGRATEAFF	TRBV7-9	TRBJ1-1	1
CASSLGRATNEKLFF	TRBV7-9	TRBJ1-4	1
CASSLGRAYEQYF	TRBV7-2	TRBJ2-7	1
CASSLGRAYGYTF	TRBV4-1	TRBJ1-2	1
CASSLGRDLTSYEQYF	TRBV5-5	TRBJ2-7	1
CASSLGRDSLTYGYTF	TRBV13	TRBJ1-2	1
CASSLGRDSNQPQHF	TRBV7-6	TRBJ1-5	1
CASSLGRDWGYTF	TRBV27	TRBJ1-2	1
CASSLGREGINEQFF	TRBV27	TRBJ2-1	1
CASSLGREYEQYF	TRBV7-9	TRBJ2-7	1
CASSLGRFTEAFF	TRBV28	TRBJ1-1	1
CASSLGRGDEQYF	TRBV7-3	TRBJ2-7	1
CASSLGRGDPTYEQYF	TRBV27	TRBJ2-7	1
CASSLGRGGFGEQFF	TRBV11-1	TRBJ2-1	1
CASSLGRGGLAQTQYF	TRBV7-9	TRBJ2-5	1
CASSLGRGIYEQYF	TRBV7-2	TRBJ2-7	1
CASSLGRGLGQGANEQYF	TRBV13	TRBJ2-7	1
CASSLGRGLYEQYF	TRBV19	TRBJ2-7	1
CASSLGRGNQPQHF	TRBV19	TRBJ1-5	1
CASSLGRGPSYEQYF	TRBV13	TRBJ2-7	1
CASSLGRGPVDEQFF	TRBV13	TRBJ2-1	1
CASSLGRGQETQYF	TRBV5-4	TRBJ2-5	1
CASSLGRGQTMGYEQYF	TRBV11-2	TRBJ2-7	1
CASSLGRGRGEDTQYF	TRBV7-9	TRBJ2-3	1
CASSLGRGRYLSPKNIQYF	TRBV7-2	TRBJ2-4	1
CASSLGRGSSYEQYF	TRBV7-9	TRBJ2-7	1
CASSLGRGTINEQYF	TRBV13	TRBJ2-7	1
CASSLGRGVGNTIYF	TRBV13	TRBJ1-3	1
CASSLGRGYEQYF	TRBV5-6	TRBJ2-7	1
CASSLGRIAYGYTF	TRBV5-6	TRBJ1-2	1
CASSLGRIDEQYF	TRBV7-9	TRBJ2-7	1
CASSLGRITEAFF	TRBV27	TRBJ1-1	1
CASSLGRLNTEAFF	TRBV5-1	TRBJ1-1	2
CASSLGRLPQHF	TRBV5-6	TRBJ1-5	1
CASSLGRMYGYTF	TRBV7-9	TRBJ1-2	1
CASSLGRNEQFF	TRBV7-6	TRBJ2-1	1
CASSLGRPGLNYGYTF	TRBV7-3	TRBJ1-2	1
CASSLGRPSNIQYF	TRBV7-2	TRBJ2-4	1
CASSLGRQALTDTQYF	TRBV7-9	TRBJ2-3	1
CASSLGRQGGAGELFF	TRBV11-3	TRBJ2-2	1
CASSLGRQNTEAFF	TRBV2	TRBJ1-1	1
CASSLGRRDSSLTDTQYF	TRBV5-4	TRBJ2-3	1
CASSLGRRGPITDTQYF	TRBV7-3	TRBJ2-3	1
CASSLGRSGEQFF	TRBV7-9	TRBJ2-1	1
CASSLGRSGPYGYTF	TRBV13	TRBJ1-2	1
CASSLGRSSSNQPQHF	TRBV7-8	TRBJ1-5	2
CASSLGRSYGYTF	TRBV12-4	TRBJ1-2	1
CASSLGRTGELFF	TRBV13	TRBJ2-2	1
CASSLGRTGEQYF	TRBV27	TRBJ2-7	1
CASSLGRTLTEAFF	TRBV12-4	TRBJ1-1	1
CASSLGRTLYNEQFF	TRBV7-6	TRBJ2-1	1
CASSLGRTNQPQHF	TRBV11-2	TRBJ1-5	1
CASSLGRTNTGELFF	TRBV5-1	TRBJ2-2	1
CASSLGRTSKPYEQYF	TRBV5-1	TRBJ2-7	1
CASSLGRTYEQYF	TRBV7-8	TRBJ2-7	1
CASSLGRVAQQYF	TRBV13	TRBJ2-7	1
CASSLGRVEGGTEAFF	TRBV7-9	TRBJ1-1	1
CASSLGRVGEETQYF	TRBV7-6	TRBJ2-5	1
CASSLGRVPGDTQYF	TRBV27	TRBJ2-3	1
CASSLGRVPYGYTF	TRBV13	TRBJ1-2	1
CASSLGRVSEEFF	TRBV6-5	TRBJ2-1	1
CASSLGRVTEAFF	TRBV7-2	TRBJ1-1	1
CASSLGRWNTEAFF	TRBV5-1	TRBJ1-1	1
CASSLGRYTEAFF	TRBV7-9	TRBJ1-1	1
CASSLGSADFGNEQYF	TRBV27	TRBJ2-7	1
CASSLGSADGQYF	TRBV7-6	TRBJ2-7	1
CASSLGSADTQYF	TRBV11-2	TRBJ2-3	1
CASSLGSAEAFF	TRBV5-5	TRBJ1-1	24
CASSLGSAGVFGEQFF	TRBV5-6	TRBJ2-1	1
CASSLGSANYGYTF	TRBV13	TRBJ1-2	1
CASSLGSATEAFF	TRBV7-3	TRBJ1-1	1
CASSLGSDSYNEQFF	TRBV5-6	TRBJ2-1	1
CASSLGSDTQYF	TRBV3-1	TRBJ2-3	1
CASSLGSDYGYTF	TRBV6-3	TRBJ1-2	1
CASSLGSEEPSYEQYF	TRBV5-4	TRBJ2-7	1
CASSLGSETPEQYF	TRBV5-1	TRBJ2-7	1
CASSLGSGAPYEQYF	TRBV3-1	TRBJ2-7	1
CASSLGSGATQYF	TRBV6-5	TRBJ2-3	1
CASSLGSGELFF	TRBV5-4	TRBJ2-2	1
CASSLGSGFSYEQYF	TRBV7-8	TRBJ2-7	1
CASSLGSGGAETQYF	TRBV12-4	TRBJ2-5	1
CASSLGSGGANEQFF	TRBV27	TRBJ2-1	1
CASSLGSGGEVSYNEQFF	TRBV5-1	TRBJ2-1	1
CASSLGSGGLYEQYF	TRBV7-2	TRBJ2-7	1
CASSLGSGGNSPLHF	TRBV13	TRBJ1-6	1
CASSLGSGGQETQYF	TRBV7-8	TRBJ2-5	1
CASSLGSGGQETQYF	TRBV7-9	TRBJ2-5	1
CASSLGSGGSGELFF	TRBV11-2	TRBJ2-2	1
CASSLGSGGTDTQYF	TRBV11-2	TRBJ2-3	1
CASSLGSGGTDTQYF	TRBV7-2	TRBJ2-3	1
CASSLGSGGTVLFF	TRBV12-4	TRBJ2-2	1
CASSLGSGGYTF	TRBV5-6	TRBJ1-2	1
CASSLGSGHDGYTF	TRBV28	TRBJ1-2	1
CASSLGSGNEQYF	TRBV7-9	TRBJ2-7	1
CASSLGSGNSYNEQFF	TRBV27	TRBJ2-1	1
CASSLGSGNYGYTF	TRBV7-9	TRBJ1-2	1
CASSLGSGPYNEQFF	TRBV11-2	TRBJ2-1	1
CASSLGSGQGAYEQYF	TRBV5-6	TRBJ2-7	1
CASSLGSGRAWETQYF	TRBV7-2	TRBJ2-5	1
CASSLGSGRLNTEAFF	TRBV5-1	TRBJ1-1	1
CASSLGSGRLRLKAGDETQYF	TRBV7-7	TRBJ2-5	1
CASSLGSGRTYEQYF	TRBV27	TRBJ2-7	1
CASSLGSGRYQETQYF	TRBV12-4	TRBJ2-5	1
CASSLGSGTGELFF	TRBV7-2	TRBJ2-2	1
CASSLGSGTYEQYF	TRBV12-4	TRBJ2-7	1
CASSLGSGVANIQYF	TRBV7-9	TRBJ2-4	1
CASSLGSGYGYTF	TRBV27	TRBJ1-2	1
CASSLGSHYGYTF	TRBV9	TRBJ1-2	1
CASSLGSIDTGELFF	TRBV27	TRBJ2-2	1
CASSLGSILPKDYYGYTF	TRBV5-4	TRBJ1-2	1
CASSLGSINQPQHF	TRBV7-9	TRBJ1-5	1
CASSLGSLGGYTF	TRBV27	TRBJ1-2	1
CASSLGSLHNEQFF	TRBV7-9	TRBJ2-1	1
CASSLGSLSYEQYF	TRBV5-1	TRBJ2-7	1
CASSLGSNEQYF	TRBV7-9	TRBJ2-7	1
CASSLGSNQPQHF	TRBV27	TRBJ1-5	1
CASSLGSNSPLHF	TRBV27	TRBJ1-6	1
CASSLGSNSSPLHF	TRBV12-4	TRBJ1-6	1
CASSLGSNYEQYF	TRBV27	TRBJ2-7	1
CASSLGSPGNTIYF	TRBV5-5	TRBJ1-3	1
CASSLGSPGRAFF	TRBV5-6	TRBJ1-1	1
CASSLGSPTGNTIYF	TRBV12-4	TRBJ1-3	1
CASSLGSQETQYF	TRBV12-3	TRBJ2-5	1
CASSLGSQGRDTEAFF	TRBV7-8	TRBJ1-1	1
CASSLGSQISTEAFF	TRBV7-6	TRBJ1-1	1
CASSLGSRGVYEQYF	TRBV11-2	TRBJ2-7	1
CASSLGSRLFEQYF	TRBV5-6	TRBJ2-7	1
CASSLGSSAPYEQYF	TRBV27	TRBJ2-7	1
CASSLGSSEAGELFF	TRBV7-6	TRBJ2-2	1
CASSLGSSGTKVDIQYF	TRBV13	TRBJ2-4	1
CASSLGSSLMNTEAFF	TRBV13	TRBJ1-1	1
CASSLGSSNQPQHF	TRBV5-1	TRBJ1-5	1
CASSLGSSYEQYF	TRBV11-2	TRBJ2-7	1
CASSLGSSYEQYF	TRBV12-3	TRBJ2-7	1
CASSLGSSYEQYF	TRBV27	TRBJ2-7	1
CASSLGSSYEQYF	TRBV7-2	TRBJ2-7	1
CASSLGSSYEQYF	TRBV7-9	TRBJ2-7	1
CASSLGSSYNSPLHF	TRBV11-2	TRBJ1-6	1
CASSLGSSYNSPLHF	TRBV5-4	TRBJ1-6	1
CASSLGSTDTQYF	TRBV27	TRBJ2-3	2
CASSLGSTEAFF	TRBV5-6	TRBJ1-1	1
CASSLGSTPSEAFF	TRBV13	TRBJ1-1	1
CASSLGSVIDTQYF	TRBV27	TRBJ2-3	1
CASSLGSVVNYGYTF	TRBV7-9	TRBJ1-2	1
CASSLGSWGGTDGYTF	TRBV27	TRBJ1-2	1
CASSLGSWSEAFF	TRBV27	TRBJ1-1	1
CASSLGSYEQYF	TRBV13	TRBJ2-7	1
CASSLGSYEQYF	TRBV5-4	TRBJ2-7	1
CASSLGSYEQYF	TRBV5-6	TRBJ2-7	1
CASSLGSYEQYF	TRBV7-9	TRBJ2-7	1
CASSLGSYGYTF	TRBV19	TRBJ1-2	1
CASSLGSYNEQFF	TRBV11-3	TRBJ2-1	1
CASSLGTAEKLFF	TRBV7-9	TRBJ1-4	1
CASSLGTAETQYF	TRBV12-4	TRBJ2-5	1
CASSLGTAHQETQYF	TRBV27	TRBJ2-5	1
CASSLGTANYGYTF	TRBV5-4	TRBJ1-2	1
CASSLGTAPWEQYF	TRBV11-3	TRBJ2-7	1
CASSLGTAQETQYF	TRBV7-7	TRBJ2-5	1
CASSLGTATNEKLFF	TRBV7-6	TRBJ1-4	1
CASSLGTAYEQYF	TRBV27	TRBJ2-7	2
CASSLGTDEQFF	TRBV13	TRBJ2-1	1
CASSLGTDHSNQPQHF	TRBV5-6	TRBJ1-5	1
CASSLGTDLSEAFF	TRBV5-1	TRBJ1-1	1
CASSLGTDTNQRYGYTF	TRBV28	TRBJ1-2	1
CASSLGTDTQYF	TRBV27	TRBJ2-3	1
CASSLGTDTQYF	TRBV5-6	TRBJ2-3	1
CASSLGTDYSPLHF	TRBV27	TRBJ1-6	1
CASSLGTEAFF	TRBV10-2	TRBJ1-1	1
CASSLGTEAFF	TRBV5-4	TRBJ1-1	1
CASSLGTEAFF	TRBV7-2	TRBJ1-1	1
CASSLGTEAFF	TRBV9	TRBJ1-1	1
CASSLGTEPTDTQYF	TRBV5-4	TRBJ2-3	1
CASSLGTEQYF	TRBV5-6	TRBJ2-7	1
CASSLGTESYSNQPQHF	TRBV28	TRBJ1-5	1
CASSLGTEYNEQFF	TRBV5-5	TRBJ2-1	1
CASSLGTFATNEKLFF	TRBV11-2	TRBJ1-4	1
CASSLGTGANYGYTF	TRBV7-9	TRBJ1-2	1
CASSLGTGAYEQYF	TRBV3-1	TRBJ2-7	1
CASSLGTGAYSGNTIYF	TRBV13	TRBJ1-3	1
CASSLGTGDEKLFF	TRBV19	TRBJ1-4	1
CASSLGTGDEQFF	TRBV9	TRBJ2-1	1
CASSLGTGDFDEQFF	TRBV11-2	TRBJ2-1	1
CASSLGTGDGYTF	TRBV11-2	TRBJ1-2	1
CASSLGTGDGYTF	TRBV12-4	TRBJ1-2	1
CASSLGTGDGYTF	TRBV5-1	TRBJ1-2	1
CASSLGTGDGYTF	TRBV7-2	TRBJ1-2	1
CASSLGTGDSYNEQFF	TRBV12-3	TRBJ2-1	1
CASSLGTGDVGTDTQYF	TRBV5-1	TRBJ2-3	1
CASSLGTGEKLFF	TRBV7-2	TRBJ1-4	1
CASSLGTGEKYEQYF	TRBV7-7	TRBJ2-7	1
CASSLGTGENQPQHF	TRBV27	TRBJ1-5	1
CASSLGTGEPGEKLFF	TRBV9	TRBJ1-4	1
CASSLGTGESSGELFF	TRBV7-7	TRBJ2-2	1
CASSLGTGFGYTF	TRBV28	TRBJ1-2	1
CASSLGTGFNEQYF	TRBV13	TRBJ2-7	1
CASSLGTGFTEAFF	TRBV27	TRBJ1-1	1
CASSLGTGFYGYTF	TRBV27	TRBJ1-2	1
CASSLGTGGGDGYTF	TRBV28	TRBJ1-2	1
CASSLGTGGIETEAFF	TRBV7-9	TRBJ1-1	1
CASSLGTGGITDTQYF	TRBV7-9	TRBJ2-3	3
CASSLGTGGIYEQYF	TRBV27	TRBJ2-7	1
CASSLGTGGMNTEAFF	TRBV11-2	TRBJ1-1	1
CASSLGTGGNTEAFF	TRBV11-2	TRBJ1-1	1
CASSLGTGGSYEQYF	TRBV3-1	TRBJ2-7	1
CASSLGTGGTDTQYF	TRBV28	TRBJ2-3	1
CASSLGTGGTEAFF	TRBV11-1	TRBJ1-1	1
CASSLGTGGYEQYF	TRBV27	TRBJ2-7	2
CASSLGTGGYEQYF	TRBV5-1	TRBJ2-7	1
CASSLGTGHTDTQYF	TRBV11-3	TRBJ2-3	1
CASSLGTGILYGYTF	TRBV28	TRBJ1-2	1
CASSLGTGISYEQYF	TRBV11-2	TRBJ2-7	1
CASSLGTGLGNEQFF	TRBV27	TRBJ2-1	1
CASSLGTGLNTEAFF	TRBV19	TRBJ1-1	1
CASSLGTGLPKNIQYF	TRBV5-1	TRBJ2-4	1
CASSLGTGNTEAFF	TRBV5-6	TRBJ1-1	1
CASSLGTGNYEQYF	TRBV7-9	TRBJ2-7	1
CASSLGTGNYNEQFF	TRBV7-2	TRBJ2-1	1
CASSLGTGPEAFF	TRBV27	TRBJ1-1	1
CASSLGTGPTETQYF	TRBV27	TRBJ2-5	1
CASSLGTGPYEQYF	TRBV14	TRBJ2-7	1
CASSLGTGQGGGLFF	TRBV7-9	TRBJ1-4	1
CASSLGTGQPQHF	TRBV7-8	TRBJ1-5	1
CASSLGTGRNTEAFF	TRBV5-1	TRBJ1-1	1
CASSLGTGRNYNEQFF	TRBV5-4	TRBJ2-1	1
CASSLGTGSSPLHF	TRBV27	TRBJ1-6	1
CASSLGTGSYEQYF	TRBV11-2	TRBJ2-7	1
CASSLGTGSYEQYF	TRBV5-4	TRBJ2-7	1
CASSLGTGSYEQYF	TRBV7-2	TRBJ2-7	2
CASSLGTGTSGPQETQYF	TRBV5-6	TRBJ2-5	1
CASSLGTGTTDTQYF	TRBV7-9	TRBJ2-3	1
CASSLGTGVGDTQYF	TRBV13	TRBJ2-3	1
CASSLGTGVRETQYF	TRBV5-4	TRBJ2-5	1
CASSLGTGWPDTQYF	TRBV12-4	TRBJ2-3	1
CASSLGTGWSAGYTF	TRBV11-2	TRBJ1-2	1
CASSLGTGYGYTF	TRBV6-3	TRBJ1-2	1
CASSLGTGYQETQYF	TRBV27	TRBJ2-5	1
CASSLGTINEQFF	TRBV11-3	TRBJ2-1	1
CASSLGTLAKNIQYF	TRBV7-9	TRBJ2-4	1
CASSLGTLQPVHEQFF	TRBV11-1	TRBJ2-1	1
CASSLGTLSGYTF	TRBV19	TRBJ1-2	1
CASSLGTLSQETQYF	TRBV5-1	TRBJ2-5	2
CASSLGTNTEAFF	TRBV19	TRBJ1-1	1
CASSLGTNTEAFF	TRBV5-6	TRBJ1-1	1
CASSLGTPANEKLFF	TRBV7-9	TRBJ1-4	1
CASSLGTPLAGGSYEQYF	TRBV28	TRBJ2-7	1
CASSLGTPPRQEGGNTIYF	TRBV7-8	TRBJ1-3	1
CASSLGTQGADTQYF	TRBV5-1	TRBJ2-3	1
CASSLGTQLYEQYF	TRBV5-4	TRBJ2-7	1
CASSLGTQPQHF	TRBV7-9	TRBJ1-5	2
CASSLGTRLEVNSPLHF	TRBV5-6	TRBJ1-6	1
CASSLGTRNTQYF	TRBV5-4	TRBJ2-3	1
CASSLGTRSSYEQYF	TRBV11-1	TRBJ2-7	1
CASSLGTSAEQYF	TRBV11-3	TRBJ2-7	1
CASSLGTSATDTQYF	TRBV5-1	TRBJ2-3	1
CASSLGTSFSGELFF	TRBV27	TRBJ2-2	1
CASSLGTSGAQETQYF	TRBV5-8	TRBJ2-5	1
CASSLGTSGGAQETQYF	TRBV7-9	TRBJ2-5	1
CASSLGTSGGSSAQYF	TRBV5-6	TRBJ2-3	1
CASSLGTSGLYNEQFF	TRBV5-1	TRBJ2-1	1
CASSLGTSGMGEQYF	TRBV11-2	TRBJ2-7	4
CASSLGTSGMNEQFF	TRBV11-2	TRBJ2-1	1
CASSLGTSGNEQYF	TRBV7-2	TRBJ2-7	1
CASSLGTSGNYEQYF	TRBV7-2	TRBJ2-7	1
CASSLGTSGPREQYF	TRBV27	TRBJ2-7	1
CASSLGTSGPSHDIQYF	TRBV5-5	TRBJ2-4	1
CASSLGTSGQETQYF	TRBV5-4	TRBJ2-5	1
CASSLGTSGRAGDEQYF	TRBV13	TRBJ2-7	1
CASSLGTSGRETQYF	TRBV7-9	TRBJ2-5	1
CASSLGTSGRRNEQFF	TRBV11-3	TRBJ2-1	1
CASSLGTSGRTDTQYF	TRBV27	TRBJ2-3	1
CASSLGTSGSGADTQYF	TRBV7-7	TRBJ2-3	1
CASSLGTSGSLQETQYF	TRBV7-6	TRBJ2-5	1
CASSLGTSGSLYEQYF	TRBV28	TRBJ2-7	1
CASSLGTSGSSYEQYF	TRBV13	TRBJ2-7	1
CASSLGTSGYNEQFF	TRBV5-1	TRBJ2-1	1
CASSLGTSNEQFF	TRBV5-1	TRBJ2-1	1
CASSLGTSNSPLHF	TRBV5-1	TRBJ1-6	1
CASSLGTSNYEQYF	TRBV4-3	TRBJ2-7	1
CASSLGTSSDTQYF	TRBV9	TRBJ2-3	1
CASSLGTSYEQYF	TRBV11-2	TRBJ2-7	1
CASSLGTSYGYTF	TRBV7-8	TRBJ1-2	1
CASSLGTSYTQYF	TRBV7-6	TRBJ2-3	1
CASSLGTTEQFF	TRBV7-9	TRBJ2-1	1
CASSLGTTGDGYTF	TRBV12-4	TRBJ1-2	1
CASSLGTTGNTIYF	TRBV12-4	TRBJ1-3	1
CASSLGTTSTDTQYF	TRBV12-3	TRBJ2-3	1
CASSLGTVEAFF	TRBV19	TRBJ1-1	1
CASSLGTVGYGYTF	TRBV13	TRBJ1-2	1
CASSLGTVNTEAFF	TRBV12-4	TRBJ1-1	1
CASSLGTVVYNSPLHF	TRBV11-2	TRBJ1-6	1
CASSLGTVWYSNQPQHF	TRBV12-4	TRBJ1-5	1
CASSLGTVYEQYF	TRBV5-1	TRBJ2-7	1
CASSLGTWTVF	TRBV4-1	TRBJ2-1	1
CASSLGVAGDSYEQYF	TRBV5-1	TRBJ2-7	1
CASSLGVAGTNTGELFF	TRBV11-2	TRBJ2-2	12
CASSLGVAGTNTGELFF	TRBV11-3	TRBJ2-2	2
CASSLGVAGTNTGELFF	TRBV7-2	TRBJ2-2	2
CASSLGVAGVGGELFF	TRBV27	TRBJ2-2	1
CASSLGVAGVTDTQYF	TRBV7-6	TRBJ2-3	1
CASSLGVALTYEQYF	TRBV27	TRBJ2-7	1
CASSLGVASGSHNEQFF	TRBV7-9	TRBJ2-1	1
CASSLGVATEAFF	TRBV12-4	TRBJ1-1	1
CASSLGVAVNSYNEQFF	TRBV5-4	TRBJ2-1	1
CASSLGVDQPQHF	TRBV28	TRBJ1-5	1
CASSLGVDWPQHF	TRBV12-4	TRBJ1-5	1
CASSLGVEQFF	TRBV27	TRBJ2-1	1
CASSLGVGADTDTQYF	TRBV7-2	TRBJ2-3	1
CASSLGVGGELFF	TRBV11-2	TRBJ2-2	1
CASSLGVGGGVGTEAFF	TRBV13	TRBJ1-1	1
CASSLGVGGNGYTF	TRBV5-6	TRBJ1-2	1
CASSLGVGGQYF	TRBV7-9	TRBJ2-3	1
CASSLGVGGVITEAFF	TRBV7-9	TRBJ1-1	1
CASSLGVGHSYEQYF	TRBV7-9	TRBJ2-7	1
CASSLGVGLRNTDTQYF	TRBV5-6	TRBJ2-3	1
CASSLGVGRGRETQYF	TRBV5-4	TRBJ2-5	1
CASSLGVGTHSNQPQHF	TRBV11-2	TRBJ1-5	1
CASSLGVGYGYTF	TRBV12-3	TRBJ1-2	1
CASSLGVINTGELFF	TRBV27	TRBJ2-2	1
CASSLGVKGWGADNEQFF	TRBV11-2	TRBJ2-1	1
CASSLGVLPGQGAYGYTF	TRBV7-9	TRBJ1-2	1
CASSLGVLVEQYF	TRBV12-3	TRBJ2-7	1
CASSLGVNEQYF	TRBV7-2	TRBJ2-7	1
CASSLGVPANEQFF	TRBV5-1	TRBJ2-1	1
CASSLGVREAGSLNQPQHF	TRBV27	TRBJ1-5	1
CASSLGVRGSGANVLTF	TRBV7-9	TRBJ2-6	1
CASSLGVRSYEQYF	TRBV5-1	TRBJ2-7	1
CASSLGVSEGLSSYNSPLHF	TRBV11-2	TRBJ1-6	1
CASSLGVSSYNEQFF	TRBV5-6	TRBJ2-1	1
CASSLGVSYEQYF	TRBV5-6	TRBJ2-7	1
CASSLGVTDLGYTF	TRBV5-4	TRBJ1-2	1
CASSLGVTGELFF	TRBV7-9	TRBJ2-2	1
CASSLGVTPNEQFF	TRBV7-9	TRBJ2-1	1
CASSLGVTYGYTF	TRBV12-4	TRBJ1-2	1
CASSLGVVETQYF	TRBV5-4	TRBJ2-5	1
CASSLGVVGTTDTQYF	TRBV5-6	TRBJ2-3	1
CASSLGVWASGTDTQYF	TRBV11-2	TRBJ2-3	1
CASSLGVWRVPNTEAFF	TRBV7-2	TRBJ1-1	1
CASSLGVYGYTF	TRBV5-6	TRBJ1-2	1
CASSLGWADTEAFF	TRBV5-1	TRBJ1-1	5
CASSLGWAVYGYTF	TRBV6-3	TRBJ1-2	1
CASSLGWGARSYNEQFF	TRBV5-4	TRBJ2-1	15
CASSLGWGENYGYTF	TRBV7-9	TRBJ1-2	1
CASSLGWGETQYF	TRBV7-8	TRBJ2-5	1
CASSLGWGGTVPEAFF	TRBV7-2	TRBJ1-1	1
CASSLGWGPGELFF	TRBV7-9	TRBJ2-2	1
CASSLGWGSYEQYF	TRBV5-6	TRBJ2-7	1
CASSLGWGSYEQYF	TRBV7-8	TRBJ2-7	1
CASSLGWGVNEQFF	TRBV12-3	TRBJ2-1	1
CASSLGWNDEQYF	TRBV11-2	TRBJ2-7	1
CASSLGWNTEAFF	TRBV12-3	TRBJ1-1	1
CASSLGWRDTEAFF	TRBV5-1	TRBJ1-1	1
CASSLGWRSDTGELFF	TRBV5-1	TRBJ2-2	1
CASSLGWSGGAVEETYEQYF	TRBV5-1	TRBJ2-7	1
CASSLGWSYEQYF	TRBV7-2	TRBJ2-7	2
CASSLGWSYNEQFF	TRBV5-1	TRBJ2-1	1
CASSLGWTSGRAEDTQYF	TRBV7-2	TRBJ2-3	1
CASSLGWVNEQFF	TRBV5-1	TRBJ2-1	1
CASSLGWVWRITGAYEQYF	TRBV5-5	TRBJ2-7	1
CASSLGWWEDPQDTQYF	TRBV7-8	TRBJ2-3	1
CASSLGYGALRYEQYF	TRBV5-1	TRBJ2-7	1
CASSLGYGETQYF	TRBV27	TRBJ2-5	1
CASSLGYGMNTEAFF	TRBV5-6	TRBJ1-1	1
CASSLGYNEQFF	TRBV5-8	TRBJ2-1	1
CASSLGYPANEQFF	TRBV7-9	TRBJ2-1	1
CASSLGYWSGIYEQFF	TRBV11-2	TRBJ2-1	1
CASSLGYYEQYF	TRBV5-1	TRBJ2-7	1
CASSLHAPGLAGGREQFF	TRBV7-6	TRBJ2-1	1
CASSLHEGALGSDTQYF	TRBV7-6	TRBJ2-3	1
CASSLHGGDRSDTQYF	TRBV6-5	TRBJ2-3	1
CASSLHGRETQYF	TRBV7-8	TRBJ2-5	1
CASSLHGRGPRTDTQYF	TRBV12-4	TRBJ2-3	1
CASSLHGRHIYGYTF	TRBV4-3	TRBJ1-2	1
CASSLHGSTDTQYF	TRBV11-2	TRBJ2-3	1
CASSLHHPHEQYF	TRBV7-6	TRBJ2-7	1
CASSLHLLSYNEQFF	TRBV28	TRBJ2-1	1
CASSLHNADTQYF	TRBV7-2	TRBJ2-3	1
CASSLHPGLAGANEQFF	TRBV7-3	TRBJ2-1	1
CASSLHPYNEQFF	TRBV14	TRBJ2-1	1
CASSLHRASGSYEQYF	TRBV28	TRBJ2-7	1
CASSLHRATDTQYF	TRBV27	TRBJ2-3	1
CASSLHRGDTQYF	TRBV27	TRBJ2-3	1
CASSLHRGIPYEQYF	TRBV28	TRBJ2-7	1
CASSLHRGKSYEQYF	TRBV7-9	TRBJ2-7	1
CASSLHRGRAKNIQYF	TRBV11-1	TRBJ2-4	1
CASSLHRGRSEKLFF	TRBV5-1	TRBJ1-4	1
CASSLHRGSSTGELFF	TRBV7-6	TRBJ2-2	1
CASSLHRSSSSYEQYF	TRBV7-8	TRBJ2-7	1
CASSLHRTSPGDTQYF	TRBV11-1	TRBJ2-3	1
CASSLHRVSYTF	TRBV7-9	TRBJ1-2	1
CASSLHSGVPETQYF	TRBV28	TRBJ2-5	1
CASSLHTGTPFYEQYF	TRBV27	TRBJ2-7	1
CASSLHVHRGEDEQYF	TRBV25-1	TRBJ2-7	1
CASSLHVMGNYGYTF	TRBV12-4	TRBJ1-2	1
CASSLHWDREKYEQYF	TRBV7-9	TRBJ2-7	1
CASSLHWTSIIYSSYNEQFF	TRBV28	TRBJ2-1	1
CASSLIADTQYF	TRBV11-2	TRBJ2-3	1
CASSLIAFGTENGYTF	TRBV7-2	TRBJ1-2	1
CASSLIAGDGYGYTF	TRBV12-3	TRBJ1-2	1
CASSLIAGDPGQFF	TRBV5-6	TRBJ2-1	1
CASSLIAGEHPSTDTQYF	TRBV7-3	TRBJ2-3	1
CASSLIAGESYEQYF	TRBV7-3	TRBJ2-7	1
CASSLIAGGFNTGELFF	TRBV7-3	TRBJ2-2	1
CASSLIAGGGDTQYF	TRBV27	TRBJ2-3	1
CASSLIAGGKETQYF	TRBV6-5	TRBJ2-5	1
CASSLIAGGSYNEQFF	TRBV7-3	TRBJ2-1	1
CASSLIAGSSYNEQFF	TRBV27	TRBJ2-1	1
CASSLIAGTTYEQYF	TRBV7-9	TRBJ2-7	1
CASSLIAGVGETQYF	TRBV5-5	TRBJ2-5	1
CASSLIALSSSTDTQYF	TRBV12-3	TRBJ2-3	1
CASSLIANEKLFF	TRBV27	TRBJ1-4	1
CASSLIANEQYF	TRBV7-2	TRBJ2-7	1
CASSLIAPSSVNTEAFF	TRBV27	TRBJ1-1	1
CASSLIASGGANTEAFF	TRBV27	TRBJ1-1	1
CASSLIDAGELFF	TRBV27	TRBJ2-2	1
CASSLIDGGFQETQYF	TRBV7-8	TRBJ2-5	1
CASSLIDNPSKNIQYF	TRBV12-3	TRBJ2-4	1
CASSLIDQETQYF	TRBV5-6	TRBJ2-5	1
CASSLIDRASYEQYF	TRBV27	TRBJ2-7	1
CASSLIDTQYF	TRBV28	TRBJ2-3	1
CASSLIDTVWSLEQYF	TRBV5-6	TRBJ2-7	1
CASSLIEGYGYTF	TRBV7-3	TRBJ1-2	1
CASSLIFGRQYF	TRBV7-6	TRBJ2-7	1
CASSLIGGELFF	TRBV27	TRBJ2-2	1
CASSLIGGEQYF	TRBV27	TRBJ2-7	1
CASSLIGGGAQETQYF	TRBV7-3	TRBJ2-5	1
CASSLIGGGETQYF	TRBV5-5	TRBJ2-5	1
CASSLIGGGSGRSYNEQFF	TRBV5-5	TRBJ2-1	1
CASSLIGGITDTQYF	TRBV27	TRBJ2-3	1
CASSLIGGLYSPLHF	TRBV5-1	TRBJ1-6	1
CASSLIGGNEQFF	TRBV5-4	TRBJ2-1	1
CASSLIGGRTLNEQFF	TRBV6-1	TRBJ2-1	1
CASSLIGGSYNEQFF	TRBV7-3	TRBJ2-1	1
CASSLIGGTAYEQYF	TRBV5-4	TRBJ2-7	1
CASSLIGGTDTQYF	TRBV5-1	TRBJ2-3	1
CASSLIGGTGELFF	TRBV7-9	TRBJ2-2	1
CASSLIGILYNEQFF	TRBV11-1	TRBJ2-1	1
CASSLIGLAEAETQYF	TRBV28	TRBJ2-5	1
CASSLIGLAGGRTDTQYF	TRBV7-3	TRBJ2-3	1
CASSLIGNTDTQYF	TRBV27	TRBJ2-3	1
CASSLIGNTGELFF	TRBV7-2	TRBJ2-2	1
CASSLIGPDGGYTF	TRBV19	TRBJ1-2	1
CASSLIGPMNTEAFF	TRBV27	TRBJ1-1	1
CASSLIGPYGYTF	TRBV4-1	TRBJ1-2	1
CASSLIGREQYF	TRBV27	TRBJ2-7	1
CASSLIGRGHLSGANVLTF	TRBV27	TRBJ2-6	1
CASSLIGRSIYEQYF	TRBV28	TRBJ2-7	1
CASSLIGSGIAKNIQYF	TRBV5-6	TRBJ2-4	1
CASSLIGSRRSSSYNEQFF	TRBV7-3	TRBJ2-1	1
CASSLIGTANTGELFF	TRBV27	TRBJ2-2	1
CASSLIGTGLTLAKNIQYF	TRBV7-8	TRBJ2-4	1
CASSLIGVGEFTDTQYF	TRBV28	TRBJ2-3	5
CASSLIGVGGYTF	TRBV27	TRBJ1-2	1
CASSLIGVSTDTQYF	TRBV28	TRBJ2-3	1
CASSLIHKVMNTEAFF	TRBV7-3	TRBJ1-1	1
CASSLIIDRGNSPLHF	TRBV7-2	TRBJ1-6	3
CASSLIIHF	TRBV12-4	TRBJ2-7	1
CASSLILDRDYEQYF	TRBV7-2	TRBJ2-7	1
CASSLILERATDTQYF	TRBV5-1	TRBJ2-3	1
CASSLILGGEQFF	TRBV7-3	TRBJ2-1	1
CASSLILGNEQYF	TRBV5-4	TRBJ2-7	1
CASSLILHEQYF	TRBV7-2	TRBJ2-7	1
CASSLILKNPYEQYF	TRBV7-2	TRBJ2-7	1
CASSLILPNTEAFF	TRBV7-2	TRBJ1-1	1
CASSLILTDTQYF	TRBV7-3	TRBJ2-3	1
CASSLIMDRAYF	TRBV7-2	TRBJ2-5	1
CASSLIMEGAYEQYF	TRBV7-2	TRBJ2-7	1
CASSLINNEQFF	TRBV11-2	TRBJ2-1	1
CASSLINRENTGELFF	TRBV7-6	TRBJ2-2	1
CASSLIPAGGSSGANVLTF	TRBV7-6	TRBJ2-6	1
CASSLIPDRKNEKLFF	TRBV27	TRBJ1-4	1
CASSLIPGGREQYF	TRBV7-3	TRBJ2-7	1
CASSLIPGPYNEQFF	TRBV7-3	TRBJ2-1	2
CASSLIPGTGNTDRQYF	TRBV27	TRBJ2-3	1
CASSLIPKPQETQYF	TRBV7-8	TRBJ2-5	1
CASSLIPLAGGQNEQFF	TRBV11-2	TRBJ2-1	1
CASSLIPPGGNQPQHF	TRBV12-4	TRBJ1-5	1
CASSLIPPVGETQYF	TRBV7-9	TRBJ2-5	1
CASSLIPRGRNTGELFF	TRBV28	TRBJ2-2	1
CASSLIPSGGYEQYF	TRBV11-1	TRBJ2-7	1
CASSLIPYEGISEAFF	TRBV11-1	TRBJ1-1	1
CASSLIPYGREKLFF	TRBV5-1	TRBJ1-4	1
CASSLIQGADQETQYF	TRBV27	TRBJ2-5	1
CASSLIQGAYEQYF	TRBV7-8	TRBJ2-7	1
CASSLIQGDGYTF	TRBV5-6	TRBJ1-2	1
CASSLIQGYNEKLFF	TRBV5-4	TRBJ1-4	1
CASSLIQNIQYF	TRBV5-5	TRBJ2-4	1
CASSLIQREHEQYF	TRBV28	TRBJ2-7	1
CASSLIRGVSYNEQFF	TRBV11-2	TRBJ2-1	1
CASSLIRSPGTDTQYF	TRBV5-1	TRBJ2-3	1
CASSLIRTGNQPQHF	TRBV28	TRBJ1-5	1
CASSLIRTRVNEQFF	TRBV7-3	TRBJ2-1	1
CASSLISAERAMNTEAFF	TRBV13	TRBJ1-1	1
CASSLISATGELFF	TRBV28	TRBJ2-2	1
CASSLISDRGSSPLHF	TRBV5-1	TRBJ1-6	1
CASSLISGAETQYF	TRBV5-1	TRBJ2-5	1
CASSLISGEYNEQFF	TRBV12-3	TRBJ2-1	1
CASSLISGPPYEQYF	TRBV5-4	TRBJ2-7	1
CASSLISGRPEQFF	TRBV7-6	TRBJ2-1	1
CASSLISGRYYNEQFF	TRBV7-2	TRBJ2-1	1
CASSLISGSGEKLFF	TRBV27	TRBJ1-4	1
CASSLISGSSYNEQFF	TRBV5-1	TRBJ2-1	1
CASSLISGTDTQYF	TRBV7-3	TRBJ2-3	1
CASSLISGTGDEKLFF	TRBV12-3	TRBJ1-4	1
CASSLISGVTSPYNEQFF	TRBV18	TRBJ2-1	1
CASSLISNTYEQYF	TRBV27	TRBJ2-7	1
CASSLISPRARGYTF	TRBV7-9	TRBJ1-2	1
CASSLISQGAGELFF	TRBV11-2	TRBJ2-2	1
CASSLISQYEQYF	TRBV7-9	TRBJ2-7	1
CASSLISRSYEQYF	TRBV27	TRBJ2-7	1
CASSLISSATTDTQYF	TRBV28	TRBJ2-3	1
CASSLISSGGAPGDGELFF	TRBV7-3	TRBJ2-2	1
CASSLISTSVYNEQFF	TRBV27	TRBJ2-1	1
CASSLITEGSSYNEQFF	TRBV28	TRBJ2-1	1
CASSLITETQYF	TRBV11-2	TRBJ2-5	1
CASSLITGELFF	TRBV4-1	TRBJ2-2	1
CASSLITGELFF	TRBV7-2	TRBJ1-4	1
CASSLITGELFF	TRBV7-2	TRBJ2-2	1
CASSLITGPNEQFF	TRBV7-9	TRBJ2-1	1
CASSLITQGGYNEQFF	TRBV7-8	TRBJ2-1	1
CASSLITRGQGITDTQYF	TRBV11-2	TRBJ2-3	1
CASSLITSGRAGETQYF	TRBV12-4	TRBJ2-5	1
CASSLITTGTGLPYEQYF	TRBV27	TRBJ2-7	1
CASSLIVGEQFF	TRBV7-8	TRBJ2-1	1
CASSLIVGQGPEAFF	TRBV27	TRBJ1-1	1
CASSLIWAAQNEKLFF	TRBV11-2	TRBJ1-4	1
CASSLIWGNYEQYF	TRBV5-1	TRBJ2-7	1
CASSLIWREDGNEQFF	TRBV27	TRBJ2-1	1
CASSLIWRGEAFF	TRBV7-3	TRBJ1-1	1
CASSLIYKGLATDTQYF	TRBV7-9	TRBJ2-3	1
CASSLKAPPGTIYNEQFF	TRBV27	TRBJ2-1	1
CASSLKAREAYNSPLHF	TRBV7-2	TRBJ1-6	1
CASSLKARVYQETQYF	TRBV5-6	TRBJ2-5	1
CASSLKASYNEQFF	TRBV5-6	TRBJ2-1	1
CASSLKDGYSPLHF	TRBV5-1	TRBJ1-6	1
CASSLKDHNEQFF	TRBV7-3	TRBJ2-1	1
CASSLKDLTYEQYF	TRBV7-2	TRBJ2-7	1
CASSLKDRGLDTQYF	TRBV27	TRBJ2-3	1
CASSLKDRQYEQYF	TRBV7-4	TRBJ2-7	2
CASSLKDTQYF	TRBV5-1	TRBJ2-3	1
CASSLKETQYF	TRBV13	TRBJ2-5	1
CASSLKGAMNTEAFF	TRBV5-1	TRBJ1-1	1
CASSLKGEKLFF	TRBV28	TRBJ1-4	1
CASSLKGGAPDTQYF	TRBV13	TRBJ2-3	1
CASSLKGGGTGELFF	TRBV11-2	TRBJ2-2	1
CASSLKGGLSTDTQYF	TRBV5-1	TRBJ2-3	1
CASSLKGHEQFF	TRBV11-1	TRBJ2-1	1
CASSLKGLAPTDTQYF	TRBV11-2	TRBJ2-3	1
CASSLKGMDGYTF	TRBV27	TRBJ1-2	1
CASSLKGMGTEAFF	TRBV27	TRBJ1-1	1
CASSLKGPGLPYEQYF	TRBV4-3	TRBJ2-7	1
CASSLKGQGLQETQYF	TRBV7-9	TRBJ2-5	1
CASSLKGQGNSPLHF	TRBV7-3	TRBJ1-6	1
CASSLKGRGVDYEQYF	TRBV12-3	TRBJ2-7	1
CASSLKGRYEQYF	TRBV7-3	TRBJ2-7	1
CASSLKGSNYGYTF	TRBV27	TRBJ1-2	1
CASSLKGSPNEKLFF	TRBV7-3	TRBJ1-4	1
CASSLKGSRGENYGYTF	TRBV28	TRBJ1-2	1
CASSLKGSTGELFF	TRBV5-5	TRBJ2-2	1
CASSLKGSYEQYF	TRBV27	TRBJ2-7	1
CASSLKGTAYNEQFF	TRBV7-8	TRBJ2-1	1
CASSLKGTFYEQYF	TRBV5-6	TRBJ2-7	1
CASSLKGTGELFF	TRBV13	TRBJ2-2	1
CASSLKGTGGNSPLHF	TRBV7-8	TRBJ1-6	5
CASSLKGTGGYNEQFF	TRBV5-4	TRBJ2-1	1
CASSLKGTNSPLHF	TRBV27	TRBJ1-6	1
CASSLKGVGTGELFF	TRBV7-3	TRBJ2-2	1
CASSLKGWDRGIGWYF	TRBV27	TRBJ2-7	1
CASSLKIAKTKNIQYF	TRBV12-3	TRBJ2-4	1
CASSLKLGGYTF	TRBV21-1	TRBJ1-2	1
CASSLKLGLGETQYF	TRBV4-1	TRBJ2-5	1
CASSLKLPANTEAFF	TRBV27	TRBJ1-1	1
CASSLKPASKNEQYF	TRBV7-3	TRBJ2-7	1
CASSLKPGLEAFF	TRBV3-1	TRBJ1-1	1
CASSLKPGLETQYF	TRBV7-9	TRBJ2-5	1
CASSLKPGTDGYGYTF	TRBV12-4	TRBJ1-2	1
CASSLKQGAYYEQYF	TRBV28	TRBJ2-7	1
CASSLKQGGADTQYF	TRBV27	TRBJ2-3	1
CASSLKQSNEKLFF	TRBV5-4	TRBJ1-4	1
CASSLKQSPHTEAFF	TRBV27	TRBJ1-1	1
CASSLKRDTYNEQFF	TRBV5-6	TRBJ2-1	1
CASSLKRETDTQYF	TRBV28	TRBJ2-3	1
CASSLKRRAGSTDTQYF	TRBV27	TRBJ2-3	1
CASSLKRRTSLHEQFF	TRBV4-2	TRBJ2-1	1
CASSLKRVLAGGTDTQYF	TRBV4-2	TRBJ2-3	1
CASSLKSASTDTQYF	TRBV7-2	TRBJ2-3	1
CASSLKSGGEDTQYF	TRBV12-4	TRBJ2-3	1
CASSLKSGSSYEQYF	TRBV28	TRBJ2-7	1
CASSLKSLGRGYGYTF	TRBV27	TRBJ1-2	1
CASSLKSPDTQYF	TRBV7-3	TRBJ2-3	1
CASSLKSSGNYNEQFF	TRBV7-9	TRBJ2-1	1
CASSLKSSYEQYF	TRBV27	TRBJ2-7	1
CASSLKTANTGELFF	TRBV7-8	TRBJ2-2	1
CASSLKTEDEQFF	TRBV7-9	TRBJ2-1	1
CASSLKTEETQYF	TRBV5-4	TRBJ2-5	1
CASSLKTSGRGDTQYF	TRBV27	TRBJ2-3	5
CASSLKTSSYNEQFF	TRBV5-1	TRBJ2-1	1
CASSLKTVEAFF	TRBV6-6	TRBJ1-1	1
CASSLKVTEAFF	TRBV28	TRBJ1-1	1
CASSLKWGTYEQYF	TRBV27	TRBJ2-7	1
CASSLKYSRDSSYEQYF	TRBV5-1	TRBJ2-7	1
CASSLKYTNTEAFF	TRBV7-9	TRBJ1-1	1
CASSLLADEQFF	TRBV5-6	TRBJ2-1	1
CASSLLADSNYGYTF	TRBV7-2	TRBJ1-2	1
CASSLLADSYEQYF	TRBV6-3	TRBJ2-7	1
CASSLLADYNEQFF	TRBV7-3	TRBJ2-1	1
CASSLLAENTGELFF	TRBV7-6	TRBJ2-2	2
CASSLLAEQYF	TRBV5-6	TRBJ2-7	1
CASSLLAETGELFF	TRBV28	TRBJ2-2	1
CASSLLAETHNEQFF	TRBV7-2	TRBJ2-1	1
CASSLLAGADNEQFF	TRBV7-9	TRBJ2-1	1
CASSLLAGATNEQFF	TRBV13	TRBJ2-1	1
CASSLLAGDNEQYF	TRBV5-4	TRBJ2-7	1
CASSLLAGEETQYF	TRBV28	TRBJ2-5	1
CASSLLAGEGNEQFF	TRBV27	TRBJ2-1	1
CASSLLAGETQYF	TRBV5-4	TRBJ2-5	1
CASSLLAGGGDTQYF	TRBV7-8	TRBJ2-3	1
CASSLLAGGITGYTF	TRBV28	TRBJ1-2	1
CASSLLAGGLSDEQFF	TRBV6-5	TRBJ2-1	1
CASSLLAGGNPQETQYF	TRBV11-1	TRBJ2-5	1
CASSLLAGGQETQYF	TRBV6-3	TRBJ2-5	1
CASSLLAGGQETQYF	TRBV6-5	TRBJ2-5	1
CASSLLAGGQWLEQFF	TRBV4-1	TRBJ2-1	1
CASSLLAGGSSYEQYF	TRBV27	TRBJ2-7	1
CASSLLAGGSYEQYF	TRBV7-9	TRBJ2-7	1
CASSLLAGGTDTQYF	TRBV12-4	TRBJ2-3	1
CASSLLAGGTKNIQYF	TRBV5-8	TRBJ2-4	1
CASSLLAGGTYEQYF	TRBV7-2	TRBJ2-7	1
CASSLLAGGVKGETQYF	TRBV5-1	TRBJ2-5	1
CASSLLAGIKEETQYF	TRBV6-3	TRBJ2-5	1
CASSLLAGLTDTQYF	TRBV7-2	TRBJ2-3	1
CASSLLAGQETQYF	TRBV7-8	TRBJ2-5	1
CASSLLAGQSKTSYNEQFF	TRBV7-3	TRBJ2-1	1
CASSLLAGSTDTQYF	TRBV12-4	TRBJ2-3	1
CASSLLAGSYYEQYF	TRBV7-2	TRBJ2-7	1
CASSLLAGTLSYEQYF	TRBV7-8	TRBJ2-7	1
CASSLLAGVSADTQYF	TRBV7-2	TRBJ2-3	1
CASSLLAHTGELFF	TRBV28	TRBJ2-2	1
CASSLLAPPPHNEQFF	TRBV12-4	TRBJ2-1	2
CASSLLAPSGSSYEQYF	TRBV27	TRBJ2-7	1
CASSLLAPYNEQFF	TRBV6-3	TRBJ2-1	1
CASSLLAREPYEQYF	TRBV11-2	TRBJ2-7	1
CASSLLARGGTEAFF	TRBV28	TRBJ1-1	1
CASSLLASYEQYF	TRBV27	TRBJ2-7	1
CASSLLAVGTEAFF	TRBV28	TRBJ1-1	1
CASSLLDEQFF	TRBV11-2	TRBJ2-1	1
CASSLLDEQYF	TRBV7-2	TRBJ2-7	1
CASSLLDGAGDTQYF	TRBV27	TRBJ2-3	1
CASSLLDGWNTEAFF	TRBV7-9	TRBJ1-1	1
CASSLLDGYEQYF	TRBV27	TRBJ2-7	1
CASSLLDRASDGYTF	TRBV11-2	TRBJ1-2	1
CASSLLDSPRDTGEQYF	TRBV7-8	TRBJ2-7	1
CASSLLEAGGPADTQYF	TRBV27	TRBJ2-3	1
CASSLLEELETQYF	TRBV28	TRBJ2-5	1
CASSLLEGLNEQFF	TRBV7-9	TRBJ2-1	1
CASSLLERIHEQFF	TRBV5-4	TRBJ2-1	1
CASSLLEWNEQFF	TRBV7-2	TRBJ2-1	1
CASSLLFASSYNEQFF	TRBV5-1	TRBJ2-1	1
CASSLLFGRPRGIQYF	TRBV11-2	TRBJ2-4	1
CASSLLFLGDNEQFF	TRBV11-1	TRBJ2-1	1
CASSLLFSGTGELFF	TRBV11-2	TRBJ2-2	1
CASSLLGAGPSGRGTEAFF	TRBV7-9	TRBJ1-1	1
CASSLLGAQPQHF	TRBV27	TRBJ1-5	2
CASSLLGDEQFF	TRBV5-6	TRBJ2-1	1
CASSLLGDEQYF	TRBV27	TRBJ2-7	1
CASSLLGDQPQHF	TRBV5-6	TRBJ1-5	1
CASSLLGDTEAFF	TRBV5-6	TRBJ1-1	1
CASSLLGEAFF	TRBV5-5	TRBJ1-1	1
CASSLLGEDGYTF	TRBV7-9	TRBJ1-2	1
CASSLLGEKLFF	TRBV7-8	TRBJ1-4	1
CASSLLGEQYF	TRBV28	TRBJ2-7	1
CASSLLGESPYEQYF	TRBV27	TRBJ2-7	1
CASSLLGGGKNIQYF	TRBV7-9	TRBJ2-4	2
CASSLLGGGTIGPYEQYF	TRBV2	TRBJ2-7	1
CASSLLGGIWHGYTF	TRBV18	TRBJ1-2	1
CASSLLGGPKNPYEQYF	TRBV27	TRBJ2-7	1
CASSLLGGQGQPQHF	TRBV7-2	TRBJ1-5	1
CASSLLGGQQETQYF	TRBV5-1	TRBJ2-5	1
CASSLLGGRELFF	TRBV7-6	TRBJ2-2	1
CASSLLGGRGWNEQYF	TRBV11-2	TRBJ2-7	1
CASSLLGGRQETQYF	TRBV7-3	TRBJ2-5	1
CASSLLGGRYGYTF	TRBV5-4	TRBJ1-2	1
CASSLLGGSFSYNEQFF	TRBV5-1	TRBJ2-1	1
CASSLLGGSNQPQHF	TRBV7-2	TRBJ1-5	1
CASSLLGGTIDTQYF	TRBV27	TRBJ2-3	1
CASSLLGGYTF	TRBV11-2	TRBJ1-2	1
CASSLLGHREKLFF	TRBV27	TRBJ1-4	1
CASSLLGIYGETQYF	TRBV5-6	TRBJ2-5	1
CASSLLGLAELSYNEQFF	TRBV5-4	TRBJ2-1	1
CASSLLGLAGGPSTDTQYF	TRBV5-1	TRBJ2-3	1
CASSLLGLAGVGTGELFF	TRBV7-3	TRBJ2-2	1
CASSLLGLGAYNSPLHF	TRBV7-2	TRBJ1-6	1
CASSLLGMNTEAFF	TRBV7-8	TRBJ1-1	1
CASSLLGNEQFF	TRBV27	TRBJ2-1	1
CASSLLGNQPQHF	TRBV27	TRBJ1-5	1
CASSLLGPGGNEQFF	TRBV7-3	TRBJ2-1	1
CASSLLGPLSGPQHF	TRBV12-4	TRBJ1-5	1
CASSLLGQGANTEAFF	TRBV7-3	TRBJ1-1	1
CASSLLGQGDEQYF	TRBV7-3	TRBJ2-7	1
CASSLLGQGDHEQYF	TRBV11-1	TRBJ2-7	5
CASSLLGQGEVDTQYF	TRBV13	TRBJ2-3	1
CASSLLGQGLYYGYTF	TRBV28	TRBJ1-2	1
CASSLLGQGRNQPQHF	TRBV12-3	TRBJ1-5	1
CASSLLGQGRRELFF	TRBV5-6	TRBJ2-2	1
CASSLLGQGVYTF	TRBV9	TRBJ1-2	1
CASSLLGREGLTDTQYF	TRBV7-2	TRBJ2-3	1
CASSLLGRETQYF	TRBV5-6	TRBJ2-5	1
CASSLLGRGTSGTEEQYF	TRBV27	TRBJ2-7	1
CASSLLGSEATGGELFF	TRBV5-1	TRBJ2-2	1
CASSLLGSLRELFF	TRBV27	TRBJ2-2	1
CASSLLGSPLHF	TRBV27	TRBJ1-6	1
CASSLLGSSYNEQFF	TRBV27	TRBJ2-1	1
CASSLLGSSYNEQFF	TRBV28	TRBJ2-1	1
CASSLLGSYEQYF	TRBV28	TRBJ2-7	1
CASSLLGTAGGQYF	TRBV27	TRBJ2-7	1
CASSLLGTDTQYF	TRBV7-9	TRBJ2-3	1
CASSLLGTGRGYTF	TRBV27	TRBJ1-2	1
CASSLLGTSAPYEQYF	TRBV7-9	TRBJ2-7	1
CASSLLGVAGVEDTQYF	TRBV27	TRBJ2-3	1
CASSLLGVNSPLHF	TRBV7-9	TRBJ1-6	1
CASSLLGVNYGYTF	TRBV5-8	TRBJ1-2	1
CASSLLIGLNTEAFF	TRBV7-3	TRBJ1-1	1
CASSLLIRGQFNEQFF	TRBV28	TRBJ2-1	1
CASSLLKGQYF	TRBV7-2	TRBJ2-3	1
CASSLLKLQTQYF	TRBV7-8	TRBJ2-5	1
CASSLLLAGELFF	TRBV11-2	TRBJ2-2	1
CASSLLLDEQYF	TRBV5-6	TRBJ2-7	1
CASSLLLGKSADTQYF	TRBV5-1	TRBJ2-3	1
CASSLLLGPNEQFF	TRBV5-6	TRBJ2-1	1
CASSLLLGTVNTEAFF	TRBV12-4	TRBJ1-1	1
CASSLLLPGSGSPTNSYNEQFF	TRBV27	TRBJ2-1	1
CASSLLLVSGSQGEQYF	TRBV3-1	TRBJ2-7	1
CASSLLMVEQYF	TRBV7-2	TRBJ2-7	1
CASSLLNEQFF	TRBV13	TRBJ2-1	1
CASSLLNGGLSYNEQFF	TRBV7-8	TRBJ2-1	1
CASSLLNQPQHF	TRBV5-4	TRBJ1-5	1
CASSLLPAGGWYEQYF	TRBV27	TRBJ2-7	1
CASSLLPASGSEQFF	TRBV27	TRBJ2-1	1
CASSLLPGGSYEQYF	TRBV27	TRBJ2-7	1
CASSLLPGNTEAFF	TRBV12-4	TRBJ1-1	1
CASSLLPGSRGGELFF	TRBV4-3	TRBJ2-2	1
CASSLLPGTGVNTEAFF	TRBV7-9	TRBJ1-1	1
CASSLLPKYGYTF	TRBV28	TRBJ1-2	1
CASSLLPLGSQYF	TRBV7-3	TRBJ2-3	1
CASSLLPLRGPTNEKLFF	TRBV7-7	TRBJ1-4	1
CASSLLPLSGANVLTF	TRBV27	TRBJ2-6	1
CASSLLPRAGGDGYTF	TRBV28	TRBJ1-2	1
CASSLLPRDRGRYEQYF	TRBV27	TRBJ2-7	1
CASSLLPRPGNTIYF	TRBV27	TRBJ1-3	1
CASSLLPSDLYNEQFF	TRBV27	TRBJ2-1	1
CASSLLPSYEQYF	TRBV12-4	TRBJ2-7	1
CASSLLPTDSPNEKLFF	TRBV12-3	TRBJ1-4	1
CASSLLQGANTEAFF	TRBV28	TRBJ1-1	1
CASSLLQGATLYGYTF	TRBV28	TRBJ1-2	1
CASSLLQGFAVLTYEQYF	TRBV5-6	TRBJ2-7	1
CASSLLQGGEETQYF	TRBV12-4	TRBJ2-5	1
CASSLLQGNSPLHF	TRBV12-4	TRBJ1-6	1
CASSLLQGSGNTIYF	TRBV7-9	TRBJ1-3	1
CASSLLQQMNTEAFF	TRBV7-6	TRBJ1-1	1
CASSLLQQTGNYGYTF	TRBV5-6	TRBJ1-2	1
CASSLLQSGLANSYNEQFF	TRBV4-2	TRBJ2-1	1
CASSLLQSSYNEQFF	TRBV7-2	TRBJ2-1	1
CASSLLRAGELFF	TRBV7-3	TRBJ2-2	1
CASSLLRAGTPYEQYF	TRBV2	TRBJ2-7	1
CASSLLRANPTDAQYF	TRBV27	TRBJ2-3	1
CASSLLRDGGYEQYF	TRBV13	TRBJ2-7	1
CASSLLRDSHGNEQFF	TRBV27	TRBJ2-1	1
CASSLLRDYEQYF	TRBV5-4	TRBJ2-7	1
CASSLLREDSYEQYF	TRBV27	TRBJ2-7	1
CASSLLREGRYEQYF	TRBV27	TRBJ2-7	1
CASSLLREPQPQHF	TRBV5-6	TRBJ1-5	1
CASSLLRESPYEQYF	TRBV27	TRBJ2-7	1
CASSLLRETQETQYF	TRBV27	TRBJ2-5	1
CASSLLRGAKGGRPSYNEQFF	TRBV28	TRBJ2-1	1
CASSLLRGGRETQYF	TRBV5-6	TRBJ2-5	1
CASSLLRLAQYEQYF	TRBV7-2	TRBJ2-7	1
CASSLLRPSIIMNTEAFF	TRBV12-4	TRBJ1-1	1
CASSLLRQETQYF	TRBV7-9	TRBJ2-5	1
CASSLLRQGFDEQFF	TRBV27	TRBJ2-1	1
CASSLLRSADTQYF	TRBV28	TRBJ2-3	1
CASSLLRSGFHGYTF	TRBV7-9	TRBJ1-2	1
CASSLLRTDLTDTQYF	TRBV5-4	TRBJ2-3	1
CASSLLRTGAYEQYF	TRBV27	TRBJ2-7	1
CASSLLRTGGNEQYF	TRBV27	TRBJ2-7	1
CASSLLSDSYNSPLHF	TRBV7-9	TRBJ1-6	1
CASSLLSGFQPQHF	TRBV27	TRBJ1-5	1
CASSLLSGGQYF	TRBV27	TRBJ2-3	1
CASSLLSGTSAYNEQFF	TRBV13	TRBJ2-1	1
CASSLLSNQPQHF	TRBV11-2	TRBJ1-5	1
CASSLLSNTEAFF	TRBV7-3	TRBJ1-1	1
CASSLLSRFYEQYF	TRBV27	TRBJ2-7	1
CASSLLSSGIITDTQYF	TRBV5-4	TRBJ2-3	1
CASSLLSTDTQYF	TRBV7-2	TRBJ2-3	1
CASSLLSTDTQYF	TRBV7-9	TRBJ2-3	1
CASSLLSYYEQYF	TRBV5-6	TRBJ2-7	1
CASSLLTAPNEKLFF	TRBV27	TRBJ1-4	1
CASSLLTDPNYGYTF	TRBV13	TRBJ1-2	1
CASSLLTDTQYF	TRBV7-9	TRBJ2-3	1
CASSLLTEDEQYF	TRBV7-8	TRBJ2-7	1
CASSLLTGADTQYF	TRBV7-3	TRBJ2-3	1
CASSLLTGELFF	TRBV27	TRBJ2-2	1
CASSLLTGGYYEQYF	TRBV7-9	TRBJ2-7	1
CASSLLTGVDQPQHF	TRBV28	TRBJ1-5	1
CASSLLTGVNTEAFF	TRBV28	TRBJ1-1	1
CASSLLTSGGGSDTQYF	TRBV28	TRBJ2-3	1
CASSLLTSGKQETQYF	TRBV7-8	TRBJ2-5	1
CASSLLTSGLSYEQYF	TRBV13	TRBJ2-7	1
CASSLLTSGSLMNYNEQFF	TRBV5-1	TRBJ2-1	6
CASSLLTSGVVGTDTQYF	TRBV7-2	TRBJ2-3	1
CASSLLTVRYLADTQYF	TRBV5-1	TRBJ2-3	1
CASSLLTYEQYF	TRBV11-1	TRBJ2-7	1
CASSLLTYGYTF	TRBV5-4	TRBJ1-2	1
CASSLLVAGVHEQFF	TRBV27	TRBJ2-1	1
CASSLLVGNQPQHF	TRBV6-6	TRBJ1-5	1
CASSLLVGSQPQHF	TRBV27	TRBJ1-5	1
CASSLLVGSRNEQYF	TRBV27	TRBJ2-7	1
CASSLLVGTSGTRTGELFF	TRBV28	TRBJ2-2	1
CASSLLVSEGYTF	TRBV12-4	TRBJ1-2	1
CASSLLVSQADTQYF	TRBV28	TRBJ2-3	1
CASSLLVTHSSYNEQFF	TRBV28	TRBJ2-1	1
CASSLLVVYNEQFF	TRBV12-4	TRBJ2-1	1
CASSLLWAASGPNTGELFF	TRBV27	TRBJ2-2	1
CASSLLWAEYNEQFF	TRBV4-1	TRBJ2-1	8
CASSLLWAGDYGYTF	TRBV12-4	TRBJ1-2	1
CASSLLWDSNTGELFF	TRBV7-8	TRBJ2-2	1
CASSLLWDSPYEQYF	TRBV12-4	TRBJ2-7	1
CASSLLWEGANTEAFF	TRBV4-1	TRBJ1-1	1
CASSLLWGTYPYEQYF	TRBV27	TRBJ2-7	1
CASSLLWINEQFF	TRBV5-1	TRBJ2-1	1
CASSLLWRDYGYTF	TRBV28	TRBJ1-2	1
CASSLLWVGTGELFF	TRBV5-1	TRBJ2-2	1
CASSLLWYNEQFF	TRBV27	TRBJ2-1	1
CASSLLYGDSSEAFF	TRBV7-2	TRBJ1-1	1
CASSLMAGTWFYEQYF	TRBV28	TRBJ2-7	1
CASSLMASGIDEQFF	TRBV7-3	TRBJ2-1	1
CASSLMDPTNEQFF	TRBV7-3	TRBJ2-1	1
CASSLMFYSGNTIYF	TRBV7-9	TRBJ1-3	1
CASSLMGAQYSPLHF	TRBV27	TRBJ1-6	1
CASSLMGFSDTQYF	TRBV27	TRBJ2-3	1
CASSLMGGLGHGYTF	TRBV12-4	TRBJ1-2	1
CASSLMGGSDTEAFF	TRBV11-2	TRBJ1-1	1
CASSLMGGSSNEQFF	TRBV7-3	TRBJ2-1	1
CASSLMGGYNEQFF	TRBV7-3	TRBJ2-1	1
CASSLMGQGNHEQYF	TRBV7-9	TRBJ2-7	1
CASSLMGQGNYGYTF	TRBV7-9	TRBJ1-2	1
CASSLMGQLNEKLFF	TRBV7-9	TRBJ1-4	1
CASSLMGTGNVYEQYF	TRBV5-4	TRBJ2-7	1
CASSLMGYEQYF	TRBV12-4	TRBJ2-7	1
CASSLMLAGGPESTDTQYF	TRBV7-6	TRBJ2-3	1
CASSLMLGSGEQYF	TRBV7-3	TRBJ2-7	1
CASSLMLLSSYEQYF	TRBV5-6	TRBJ2-7	1
CASSLMMGSNQPQHF	TRBV7-8	TRBJ1-5	1
CASSLMNTEAFF	TRBV6-3	TRBJ1-1	1
CASSLMPLTPDNEQFF	TRBV11-2	TRBJ2-1	1
CASSLMPRGGQETQYF	TRBV27	TRBJ2-5	1
CASSLMQETQYF	TRBV28	TRBJ2-5	1
CASSLMRGGTYNSPLHF	TRBV12-3	TRBJ1-6	1
CASSLMRGGTYNSPLHF	TRBV13	TRBJ1-6	8
CASSLMSAATDTQYF	TRBV12-4	TRBJ2-3	1
CASSLMSDEQYF	TRBV14	TRBJ2-7	1
CASSLMSDGAYEQYF	TRBV28	TRBJ2-7	1
CASSLMSGLAGHNEQFF	TRBV7-3	TRBJ2-1	1
CASSLMSGSTDTQYF	TRBV7-3	TRBJ2-3	1
CASSLMTRDRGPYEQYF	TRBV7-8	TRBJ2-7	1
CASSLMTSGGPEGTQYF	TRBV7-6	TRBJ2-3	1
CASSLMTVADEQYF	TRBV5-6	TRBJ2-7	1
CASSLMVGLTYEQYF	TRBV7-3	TRBJ2-7	1
CASSLMVNEQFF	TRBV5-6	TRBJ2-1	1
CASSLMWGPNEQYF	TRBV27	TRBJ2-7	1
CASSLMWQGDTQYF	TRBV5-1	TRBJ2-3	1
CASSLNAGLNNEQFF	TRBV27	TRBJ2-1	1
CASSLNAGTSGIVDNEQFF	TRBV2	TRBJ2-1	1
CASSLNDFYEQYF	TRBV7-2	TRBJ2-7	3
CASSLNDLPYNEQFF	TRBV7-3	TRBJ2-1	1
CASSLNDREGTNEQYF	TRBV12-4	TRBJ2-7	2
CASSLNDVDVTEAFF	TRBV7-9	TRBJ1-1	1
CASSLNEGWVQETQYF	TRBV27	TRBJ2-5	1
CASSLNEKRDQEQFF	TRBV12-3	TRBJ2-1	1
CASSLNEQYF	TRBV28	TRBJ2-7	2
CASSLNEVGLAGENEQFF	TRBV11-3	TRBJ2-1	1
CASSLNFGAENTEAFF	TRBV5-6	TRBJ1-1	1
CASSLNGANYGYTF	TRBV7-9	TRBJ1-2	1
CASSLNGELFF	TRBV5-1	TRBJ2-2	1
CASSLNGGAADTQYF	TRBV5-1	TRBJ2-3	1
CASSLNGGHGYTF	TRBV27	TRBJ1-2	1
CASSLNGGNSYEQYF	TRBV5-1	TRBJ2-7	1
CASSLNGLAGTYEQYF	TRBV7-3	TRBJ2-7	1
CASSLNGNLYTF	TRBV12-3	TRBJ1-2	1
CASSLNGQGAGYTF	TRBV28	TRBJ1-2	1
CASSLNGVGANYGYTF	TRBV27	TRBJ1-2	1
CASSLNGVLQGFQPQHF	TRBV7-8	TRBJ1-5	1
CASSLNGVTTEAFF	TRBV7-3	TRBJ1-1	1
CASSLNGYNSPLHF	TRBV27	TRBJ1-6	1
CASSLNINTEAFF	TRBV5-4	TRBJ1-1	1
CASSLNKGQGRIGELFF	TRBV27	TRBJ2-2	1
CASSLNLAGLNEQFF	TRBV7-2	TRBJ2-1	1
CASSLNLALEMNTEAFF	TRBV7-9	TRBJ1-1	1
CASSLNLGNTIYF	TRBV12-4	TRBJ1-3	1
CASSLNLGYEQYF	TRBV7-7	TRBJ2-7	1
CASSLNMEASEAFF	TRBV5-1	TRBJ1-1	1
CASSLNMGWWGTQPYNEQFF	TRBV12-4	TRBJ2-1	1
CASSLNMISYEQYF	TRBV27	TRBJ2-7	1
CASSLNMNTEAFF	TRBV7-6	TRBJ1-1	1
CASSLNNQPQHF	TRBV13	TRBJ1-5	1
CASSLNPAGGHEQFF	TRBV27	TRBJ2-1	1
CASSLNPASAKSYNEQFF	TRBV28	TRBJ2-1	1
CASSLNPEPDTQYF	TRBV28	TRBJ2-3	1
CASSLNPGELFF	TRBV7-6	TRBJ2-2	1
CASSLNPGGLDTEAFF	TRBV7-2	TRBJ1-1	1
CASSLNPGQAITSGNTIYF	TRBV7-9	TRBJ1-3	1
CASSLNPGTPNTEAFF	TRBV7-3	TRBJ1-1	1
CASSLNPNTEAFF	TRBV5-4	TRBJ1-1	1
CASSLNPQGTYNEQFF	TRBV11-2	TRBJ2-1	1
CASSLNPRDRLTDTQYF	TRBV5-1	TRBJ2-3	1
CASSLNPRTGEADTQYF	TRBV12-3	TRBJ2-3	1
CASSLNPSFNYGYTF	TRBV7-9	TRBJ1-2	1
CASSLNPSGEQYF	TRBV7-3	TRBJ2-7	1
CASSLNPSGIWYNEQFF	TRBV7-9	TRBJ2-1	1
CASSLNPTNEKLFF	TRBV11-2	TRBJ1-4	1
CASSLNPVMNTEAFF	TRBV27	TRBJ1-1	1
CASSLNQETQYF	TRBV5-6	TRBJ2-5	1
CASSLNQGAKQFF	TRBV7-2	TRBJ2-1	1
CASSLNQGGNEQFF	TRBV5-6	TRBJ2-1	1
CASSLNQGLNTEAFF	TRBV7-3	TRBJ1-1	1
CASSLNQLTSGANVLTF	TRBV5-1	TRBJ2-6	1
CASSLNQNEQFF	TRBV13	TRBJ2-1	1
CASSLNQRGDTGELFF	TRBV5-1	TRBJ2-2	1
CASSLNRAGETQYF	TRBV12-4	TRBJ2-5	1
CASSLNRDRDDEQYF	TRBV6-3	TRBJ2-7	1
CASSLNRDRPNQPQHF	TRBV27	TRBJ1-5	1
CASSLNREASSYNEQFF	TRBV28	TRBJ2-1	1
CASSLNREGEQFF	TRBV6-5	TRBJ2-1	1
CASSLNRGDPEAFF	TRBV11-2	TRBJ1-1	1
CASSLNRGDTQYF	TRBV7-3	TRBJ2-3	1
CASSLNRGGDTQYF	TRBV27	TRBJ2-3	1
CASSLNRGQGYEQYF	TRBV27	TRBJ2-7	1
CASSLNRGRRDVQETQYF	TRBV7-8	TRBJ2-5	1
CASSLNRGTGANVLTF	TRBV6-5	TRBJ2-6	1
CASSLNRIIYEQYF	TRBV27	TRBJ2-7	1
CASSLNRLAQETQYF	TRBV28	TRBJ2-5	1
CASSLNRSPNYGYTF	TRBV4-1	TRBJ1-2	1
CASSLNRYEQYF	TRBV7-8	TRBJ2-7	1
CASSLNSDTQYF	TRBV27	TRBJ2-3	1
CASSLNSGAYGYTF	TRBV28	TRBJ1-2	1
CASSLNSGDGAFF	TRBV7-2	TRBJ1-1	1
CASSLNSGISYNEQFF	TRBV28	TRBJ2-1	1
CASSLNSGNTIYF	TRBV4-1	TRBJ1-3	1
CASSLNSGRLFYNEQFF	TRBV3-1	TRBJ2-1	1
CASSLNSGYSNQPQHF	TRBV12-4	TRBJ1-5	1
CASSLNSLGLAGENIQYF	TRBV7-7	TRBJ2-4	1
CASSLNSNQPQHF	TRBV7-9	TRBJ1-5	1
CASSLNSPTYNEQFF	TRBV6-5	TRBJ2-1	1
CASSLNSVGLGEKLFF	TRBV7-9	TRBJ1-4	1
CASSLNSVGRDSPLHF	TRBV28	TRBJ1-6	1
CASSLNSWAEQFF	TRBV7-3	TRBJ2-1	1
CASSLNSYEQYF	TRBV11-2	TRBJ2-7	1
CASSLNSYGYTF	TRBV5-6	TRBJ1-2	1
CASSLNTDTQYF	TRBV5-1	TRBJ2-3	1
CASSLNTEAFF	TRBV16	TRBJ1-1	1
CASSLNTEAFF	TRBV5-5	TRBJ1-1	1
CASSLNTEAFF	TRBV7-8	TRBJ1-1	1
CASSLNTGELFF	TRBV7-2	TRBJ2-2	1
CASSLNTLGTGDSPLHF	TRBV11-2	TRBJ1-6	1
CASSLNTNQPQHF	TRBV7-9	TRBJ1-5	1
CASSLNTYEQYF	TRBV5-5	TRBJ2-7	1
CASSLNVARSKKETQYF	TRBV7-6	TRBJ2-5	1
CASSLNVEQYF	TRBV7-8	TRBJ2-7	1
CASSLNVGASTDTQYF	TRBV7-2	TRBJ2-3	1
CASSLNVPESTDTQYF	TRBV18	TRBJ2-3	1
CASSLNWGFDTEAFF	TRBV5-6	TRBJ1-1	1
CASSLNWQGPYNEQFF	TRBV11-3	TRBJ2-1	1
CASSLNYYNEQFF	TRBV5-4	TRBJ2-1	1
CASSLNYYNTGELFF	TRBV11-2	TRBJ2-2	1
CASSLPAFGTQYF	TRBV5-6	TRBJ2-5	1
CASSLPAGTSGRYTDTQYF	TRBV28	TRBJ2-3	1
CASSLPAISYEQYF	TRBV11-2	TRBJ2-7	1
CASSLPALRVVQETQYF	TRBV7-9	TRBJ2-5	1
CASSLPAPSVAGGYTF	TRBV28	TRBJ1-2	1
CASSLPAVASTDTQYF	TRBV5-4	TRBJ2-3	1
CASSLPAYEQYF	TRBV12-3	TRBJ2-7	1
CASSLPAYEQYF	TRBV7-8	TRBJ2-7	1
CASSLPDGTDLSGANVLTF	TRBV28	TRBJ2-6	1
CASSLPDNQPQHF	TRBV4-2	TRBJ1-5	1
CASSLPDRAQETQYF	TRBV7-8	TRBJ2-5	1
CASSLPDRDRIQPQHF	TRBV5-6	TRBJ1-5	1
CASSLPDRVWTEAFF	TRBV19	TRBJ1-1	1
CASSLPDSKPSTDTQYF	TRBV5-1	TRBJ2-3	1
CASSLPDTYTDTQYF	TRBV7-2	TRBJ2-3	1
CASSLPDYPGELFF	TRBV11-3	TRBJ2-2	1
CASSLPERLTDTQYF	TRBV7-2	TRBJ2-3	1
CASSLPERTDTQYF	TRBV11-2	TRBJ2-3	1
CASSLPEVMNTEAFF	TRBV7-2	TRBJ1-1	1
CASSLPFGEGENTGELFF	TRBV7-3	TRBJ2-2	1
CASSLPFLRANYYNEQFF	TRBV7-9	TRBJ2-1	1
CASSLPFYGYTF	TRBV13	TRBJ1-2	1
CASSLPGAGSSTDTQYF	TRBV28	TRBJ2-3	1
CASSLPGANVLTF	TRBV7-3	TRBJ2-6	1
CASSLPGDPIIAKNIQYF	TRBV7-9	TRBJ2-4	1
CASSLPGDSEAFF	TRBV5-4	TRBJ1-1	1
CASSLPGDTEAFF	TRBV5-6	TRBJ1-1	1
CASSLPGEETQYF	TRBV12-4	TRBJ2-5	1
CASSLPGEETQYF	TRBV7-8	TRBJ2-5	1
CASSLPGEPGELFF	TRBV12-3	TRBJ2-2	1
CASSLPGGEQYF	TRBV28	TRBJ2-7	1
CASSLPGGLAGFYGEQFF	TRBV27	TRBJ2-1	1
CASSLPGGRETQYF	TRBV5-4	TRBJ2-5	1
CASSLPGGSYNEQFF	TRBV7-9	TRBJ2-1	1
CASSLPGGTEAFF	TRBV19	TRBJ1-1	1
CASSLPGGWGLADNEQFF	TRBV7-2	TRBJ2-1	1
CASSLPGIPYEQYF	TRBV11-2	TRBJ2-7	1
CASSLPGKNEQYF	TRBV13	TRBJ2-7	1
CASSLPGLAASHTQYF	TRBV11-1	TRBJ2-3	1
CASSLPGLAGEETQYF	TRBV28	TRBJ2-5	1
CASSLPGLAGGQETQYF	TRBV7-2	TRBJ2-5	1
CASSLPGLAGVKKGEQYF	TRBV7-8	TRBJ2-7	1
CASSLPGLAIPYEQYF	TRBV6-1	TRBJ2-7	1
CASSLPGLAYNEQFF	TRBV27	TRBJ2-1	1
CASSLPGLEAFF	TRBV25-1	TRBJ1-1	1
CASSLPGLQSTHTGELFF	TRBV7-3	TRBJ2-2	1
CASSLPGLRGDTQYF	TRBV5-5	TRBJ2-3	1
CASSLPGLTEAFF	TRBV12-4	TRBJ1-1	1
CASSLPGLVETQYF	TRBV11-2	TRBJ2-5	1
CASSLPGNLKNEKLFF	TRBV28	TRBJ1-4	1
CASSLPGPATDEQFF	TRBV5-1	TRBJ2-1	1
CASSLPGPGNEQFF	TRBV7-6	TRBJ2-1	1
CASSLPGPHEQYF	TRBV12-4	TRBJ2-7	1
CASSLPGPLTDTQYF	TRBV6-3	TRBJ2-3	1
CASSLPGPSTEAFF	TRBV7-2	TRBJ1-1	1
CASSLPGQAEQFF	TRBV27	TRBJ2-1	1
CASSLPGQDYGYTF	TRBV5-1	TRBJ1-2	1
CASSLPGQFYGYTF	TRBV28	TRBJ1-2	1
CASSLPGQGAADTQYF	TRBV28	TRBJ2-3	1
CASSLPGQGFSGELFF	TRBV28	TRBJ2-2	1
CASSLPGQGISAATGELFF	TRBV5-1	TRBJ2-2	1
CASSLPGQGSYNEQFF	TRBV5-6	TRBJ2-1	1
CASSLPGQGVHEQYF	TRBV6-3	TRBJ2-7	1
CASSLPGQGVSGELFF	TRBV7-9	TRBJ2-2	1
CASSLPGQGYGYTF	TRBV12-3	TRBJ1-2	1
CASSLPGQVKAEQYF	TRBV5-6	TRBJ2-7	1
CASSLPGRDYEQYF	TRBV4-1	TRBJ2-7	1
CASSLPGSSYEQYF	TRBV5-6	TRBJ2-7	1
CASSLPGSVGNEQFF	TRBV27	TRBJ2-1	1
CASSLPGSYEQYF	TRBV12-3	TRBJ2-7	1
CASSLPGTAVKEGYTF	TRBV12-3	TRBJ1-2	1
CASSLPGTDEQYF	TRBV28	TRBJ2-7	2
CASSLPGTGGSPLHF	TRBV27	TRBJ1-6	51
CASSLPGTGVGNEQFF	TRBV7-9	TRBJ2-1	1
CASSLPGTSGGTTGANVLTF	TRBV19	TRBJ2-6	1
CASSLPGTSGTEQYF	TRBV5-5	TRBJ2-7	1
CASSLPGTVSYSYEQYF	TRBV5-8	TRBJ2-7	1
CASSLPGVAWELSVYEQYF	TRBV6-1	TRBJ2-7	1
CASSLPGVNLNTEAFF	TRBV7-9	TRBJ1-1	1
CASSLPGYNEQFF	TRBV12-3	TRBJ2-1	1
CASSLPHLGPNTEAFF	TRBV5-6	TRBJ1-1	1
CASSLPIYLESSGNQETQYF	TRBV7-6	TRBJ2-5	1
CASSLPIYRALTSGTHTHTQYF	TRBV7-2	TRBJ2-3	1
CASSLPKTGTGSDEQFF	TRBV11-1	TRBJ2-1	1
CASSLPLAGGGVEQFF	TRBV9	TRBJ2-1	1
CASSLPLAGVNEQYF	TRBV7-2	TRBJ2-7	1
CASSLPLEGSRETQYF	TRBV11-2	TRBJ2-5	1
CASSLPLGGGTDTQYF	TRBV14	TRBJ2-3	1
CASSLPLGRVILQPQHF	TRBV28	TRBJ1-5	1
CASSLPLPTGGSLHEQYF	TRBV28	TRBJ2-7	1
CASSLPLRGLADTQYF	TRBV7-9	TRBJ2-3	1
CASSLPLSRTTDTQYF	TRBV11-2	TRBJ2-3	5
CASSLPMLAGDNTDTQYF	TRBV7-9	TRBJ2-3	1
CASSLPMLYEQFF	TRBV28	TRBJ2-1	1
CASSLPNEQFF	TRBV6-6	TRBJ2-1	1
CASSLPNNNEKLFF	TRBV19	TRBJ1-4	1
CASSLPNSPLHF	TRBV2	TRBJ1-6	1
CASSLPPAYEQYF	TRBV6-3	TRBJ2-7	1
CASSLPPDSLTYEQYF	TRBV7-2	TRBJ2-7	1
CASSLPPLATEAFF	TRBV7-2	TRBJ1-1	1
CASSLPPMGVTYEQYF	TRBV28	TRBJ2-7	1
CASSLPPPLHF	TRBV7-9	TRBJ1-6	1
CASSLPPQAYQETQYF	TRBV7-2	TRBJ2-5	1
CASSLPPRYEQYF	TRBV5-4	TRBJ2-7	1
CASSLPPTERGNQETQYF	TRBV11-2	TRBJ2-5	1
CASSLPPTGWPTEAFF	TRBV7-6	TRBJ1-1	1
CASSLPPYTEAFF	TRBV11-2	TRBJ1-1	1
CASSLPPYWGTGTEAFF	TRBV5-6	TRBJ1-1	1
CASSLPQASVTPANVLTF	TRBV5-6	TRBJ2-6	1
CASSLPQGAYNEQFF	TRBV7-2	TRBJ2-1	1
CASSLPQGGGYGYTF	TRBV11-2	TRBJ1-2	1
CASSLPQGGVEQFF	TRBV28	TRBJ2-1	1
CASSLPQGPEQYF	TRBV12-4	TRBJ2-7	1
CASSLPQGSSYNSPLHF	TRBV28	TRBJ1-6	1
CASSLPQGVETQYF	TRBV11-1	TRBJ2-5	1
CASSLPQNFNTEAFF	TRBV5-1	TRBJ1-1	1
CASSLPQQAGRYGYTF	TRBV7-8	TRBJ1-2	1
CASSLPRAGTSYEQYF	TRBV7-2	TRBJ2-7	1
CASSLPRGGGGLAGEKEQFF	TRBV27	TRBJ2-1	1
CASSLPRGTEDYEQYF	TRBV7-9	TRBJ2-7	1
CASSLPRIRDNEKLFF	TRBV7-9	TRBJ1-4	1
CASSLPRQGVWYGYTF	TRBV28	TRBJ1-2	1
CASSLPRRGWPEAFF	TRBV7-2	TRBJ1-1	1
CASSLPRSGQGPYEQYF	TRBV7-9	TRBJ2-7	1
CASSLPRTSGGRYNEQFF	TRBV6-5	TRBJ2-1	1
CASSLPRWGIRSNQPQHF	TRBV11-2	TRBJ1-5	1
CASSLPRYSYGYTF	TRBV4-1	TRBJ1-2	1
CASSLPSGGPSGELFF	TRBV27	TRBJ2-2	1
CASSLPSGGTEAFF	TRBV5-1	TRBJ1-1	1
CASSLPSGYEQYF	TRBV27	TRBJ2-7	1
CASSLPSGYINSPLHF	TRBV5-6	TRBJ1-6	1
CASSLPSRGVKTDTQYF	TRBV28	TRBJ2-3	1
CASSLPSRTDTQYF	TRBV7-8	TRBJ2-3	1
CASSLPSSYEQYF	TRBV7-9	TRBJ2-7	1
CASSLPSTGILGQYF	TRBV5-1	TRBJ2-7	1
CASSLPSTGNTEAFF	TRBV5-1	TRBJ1-1	1
CASSLPTANYGYTF	TRBV28	TRBJ1-2	19
CASSLPTDTQYF	TRBV11-1	TRBJ2-3	1
CASSLPTGAGANVLTF	TRBV7-8	TRBJ2-6	1
CASSLPTGEQFF	TRBV5-4	TRBJ2-1	1
CASSLPTGGQNSPLHF	TRBV27	TRBJ1-6	6
CASSLPTGGTGELFF	TRBV13	TRBJ2-2	1
CASSLPTGPNEKLFF	TRBV7-8	TRBJ1-4	1
CASSLPTNEQFF	TRBV7-3	TRBJ2-1	1
CASSLPTQVIPETQYF	TRBV3-1	TRBJ2-5	1
CASSLPTSELGANVLTF	TRBV5-5	TRBJ2-6	1
CASSLPTSGGDNEQFF	TRBV9	TRBJ2-1	1
CASSLPTSGSWGTDTQYF	TRBV28	TRBJ2-3	1
CASSLPTSGVDTQYF	TRBV27	TRBJ2-3	1
CASSLPTSWDNNEQFF	TRBV12-3	TRBJ2-1	1
CASSLPTTGYTF	TRBV7-9	TRBJ1-2	1
CASSLPTVGGGGETQYF	TRBV6-6	TRBJ2-5	1
CASSLPVAGTYEQYF	TRBV6-3	TRBJ2-7	1
CASSLPVEVNTEAFF	TRBV7-9	TRBJ1-1	1
CASSLPVQGLVGELFF	TRBV7-2	TRBJ2-2	1
CASSLPVREQYF	TRBV12-3	TRBJ2-7	1
CASSLPVYNEQFF	TRBV5-4	TRBJ2-1	1
CASSLPWGGETQYF	TRBV5-5	TRBJ2-5	1
CASSLPYNEQFF	TRBV5-4	TRBJ2-1	1
CASSLQADEQFF	TRBV5-1	TRBJ2-1	1
CASSLQAGVFNEQFF	TRBV5-1	TRBJ2-1	1
CASSLQALAREAFF	TRBV9	TRBJ1-1	2
CASSLQALDTDTQYF	TRBV7-8	TRBJ2-3	1
CASSLQDGYGYTF	TRBV27	TRBJ1-2	1
CASSLQDLSTDTQYF	TRBV28	TRBJ2-3	1
CASSLQDNEQFF	TRBV27	TRBJ2-1	1
CASSLQDNYGYTF	TRBV7-9	TRBJ1-2	1
CASSLQDRKHEAFF	TRBV5-6	TRBJ1-1	1
CASSLQDSGANVLTF	TRBV7-3	TRBJ2-6	1
CASSLQDSRMNTEAFF	TRBV28	TRBJ1-1	1
CASSLQDSRNSPLHF	TRBV7-8	TRBJ1-6	1
CASSLQDSYEQYF	TRBV5-6	TRBJ2-7	1
CASSLQEGRTEAFF	TRBV5-4	TRBJ1-1	1
CASSLQENPWEQYF	TRBV28	TRBJ2-7	1
CASSLQEYYSNQPQHF	TRBV28	TRBJ1-5	1
CASSLQFGGTDTQYF	TRBV5-5	TRBJ2-3	1
CASSLQFLTSTDTQYF	TRBV5-6	TRBJ2-3	1
CASSLQGAEAFF	TRBV5-4	TRBJ1-1	1
CASSLQGAEKLFF	TRBV12-4	TRBJ1-4	1
CASSLQGAFEDEQYF	TRBV12-3	TRBJ2-7	1
CASSLQGAFGYEQYF	TRBV5-4	TRBJ2-7	1
CASSLQGAGNQPQHF	TRBV5-5	TRBJ1-5	1
CASSLQGAIYNEQFF	TRBV27	TRBJ2-1	1
CASSLQGAPGTIYF	TRBV7-9	TRBJ1-3	1
CASSLQGAPTYNEQFF	TRBV18	TRBJ2-1	1
CASSLQGAPYGYTF	TRBV27	TRBJ1-2	1
CASSLQGATEAFF	TRBV11-2	TRBJ1-1	5
CASSLQGATYEQYF	TRBV27	TRBJ2-7	1
CASSLQGAVSGELFF	TRBV5-5	TRBJ2-2	1
CASSLQGDGYTF	TRBV7-9	TRBJ1-2	1
CASSLQGDTGELFF	TRBV27	TRBJ2-2	1
CASSLQGDTSPLHF	TRBV27	TRBJ1-6	1
CASSLQGEGSMSF	TRBV27	TRBJ2-3	1
CASSLQGETQYF	TRBV27	TRBJ2-5	1
CASSLQGGAYYEQYF	TRBV4-3	TRBJ2-7	1
CASSLQGGEQYF	TRBV5-1	TRBJ2-7	1
CASSLQGGFSNQPQHF	TRBV12-4	TRBJ1-5	3
CASSLQGGGEAFF	TRBV6-5	TRBJ1-1	1
CASSLQGGIDGYTF	TRBV6-5	TRBJ1-2	2
CASSLQGGNEQFF	TRBV27	TRBJ2-1	1
CASSLQGGNEQFF	TRBV6-5	TRBJ2-1	3
CASSLQGGNTQYF	TRBV11-1	TRBJ2-3	1
CASSLQGGNYGYTF	TRBV6-5	TRBJ1-2	3
CASSLQGGQPQHF	TRBV4-1	TRBJ1-5	1
CASSLQGGQPQHF	TRBV5-6	TRBJ1-5	1
CASSLQGGTEAFF	TRBV12-3	TRBJ1-1	1
CASSLQGGTGELFF	TRBV7-3	TRBJ2-2	1
CASSLQGGVEQFF	TRBV5-4	TRBJ2-1	1
CASSLQGGYEQYF	TRBV5-4	TRBJ2-7	1
CASSLQGIGNTIYF	TRBV28	TRBJ1-3	1
CASSLQGIGTGELFF	TRBV12-3	TRBJ2-2	1
CASSLQGLEKLFF	TRBV13	TRBJ1-4	1
CASSLQGLETQYF	TRBV5-6	TRBJ2-5	1
CASSLQGLGIGYTF	TRBV6-1	TRBJ1-2	1
CASSLQGLGQPQHF	TRBV4-1	TRBJ1-5	1
CASSLQGNEQFF	TRBV27	TRBJ2-1	1
CASSLQGNHYEQYF	TRBV12-4	TRBJ2-7	1
CASSLQGNNSPLHF	TRBV6-3	TRBJ1-6	1
CASSLQGNSNQPQHF	TRBV27	TRBJ1-5	1
CASSLQGNSNQPQHF	TRBV4-1	TRBJ1-5	1
CASSLQGNYGYTF	TRBV27	TRBJ1-2	1
CASSLQGPGDVGTEAFF	TRBV7-2	TRBJ1-1	1
CASSLQGQETQYF	TRBV28	TRBJ2-5	1
CASSLQGRDYTF	TRBV5-1	TRBJ1-2	1
CASSLQGRTYGYTF	TRBV13	TRBJ1-2	1
CASSLQGSEQFF	TRBV12-3	TRBJ2-1	1
CASSLQGSGTGELFF	TRBV12-4	TRBJ2-2	1
CASSLQGSGYNEQFF	TRBV14	TRBJ2-1	1
CASSLQGSPSYEQYF	TRBV28	TRBJ2-7	1
CASSLQGSTDTQYF	TRBV7-9	TRBJ2-3	1
CASSLQGSTEAFF	TRBV12-4	TRBJ1-1	1
CASSLQGSWGYGYTF	TRBV6-5	TRBJ1-2	1
CASSLQGTDTQYF	TRBV7-3	TRBJ2-3	1
CASSLQGTEQYF	TRBV7-9	TRBJ2-7	1
CASSLQGTGEQYF	TRBV6-5	TRBJ2-7	1
CASSLQGTQPQHF	TRBV5-6	TRBJ1-5	1
CASSLQGVETQYF	TRBV27	TRBJ2-5	1
CASSLQGVVTDTQYF	TRBV12-4	TRBJ2-3	1
CASSLQGWDEQYF	TRBV28	TRBJ2-7	1
CASSLQGYEQFF	TRBV28	TRBJ2-1	1
CASSLQGYEQYF	TRBV12-4	TRBJ2-7	1
CASSLQGYEQYF	TRBV28	TRBJ2-7	1
CASSLQGYEQYF	TRBV7-9	TRBJ2-7	2
CASSLQGYNEQFF	TRBV19	TRBJ2-1	1
CASSLQGYTEAFF	TRBV7-3	TRBJ1-1	2
CASSLQIGNTDTQYF	TRBV27	TRBJ2-3	1
CASSLQIGYEQYF	TRBV27	TRBJ2-7	1
CASSLQITDTQYF	TRBV7-3	TRBJ2-3	1
CASSLQLASNTGELFF	TRBV13	TRBJ2-2	1
CASSLQLEQFF	TRBV5-4	TRBJ2-1	1
CASSLQLGEQYF	TRBV5-6	TRBJ2-7	1
CASSLQNTEAFF	TRBV5-6	TRBJ1-1	1
CASSLQPAGDWAGELFF	TRBV7-2	TRBJ2-2	1
CASSLQPPGTGSHEQYF	TRBV19	TRBJ2-7	1
CASSLQQGPTNEKLFF	TRBV5-4	TRBJ1-4	1
CASSLQRGGGGGNEKLFF	TRBV9	TRBJ1-4	1
CASSLQRGGLPGELFF	TRBV5-6	TRBJ2-2	1
CASSLQRVQRGTDTQYF	TRBV19	TRBJ2-3	1
CASSLQSPGAYEQYF	TRBV12-4	TRBJ2-7	1
CASSLQSSTQETQYF	TRBV9	TRBJ2-5	1
CASSLQSTEAFF	TRBV7-9	TRBJ1-1	1
CASSLQTGVGEQFF	TRBV7-6	TRBJ2-1	1
CASSLQTIIDTQYF	TRBV19	TRBJ2-3	1
CASSLQTNTGELFF	TRBV28	TRBJ2-2	1
CASSLQTTQGSSYNSPLHF	TRBV5-6	TRBJ1-6	3
CASSLQVIYEQYF	TRBV11-2	TRBJ2-7	1
CASSLQVNIYEQYF	TRBV5-6	TRBJ2-7	1
CASSLQWEASSYNEQFF	TRBV11-1	TRBJ2-1	1
CASSLRAEGEKLFF	TRBV5-6	TRBJ1-4	1
CASSLRAGGPNEKLFF	TRBV11-2	TRBJ1-4	1
CASSLRAGIEQYF	TRBV19	TRBJ2-7	2
CASSLRAGPGRGTDTQYF	TRBV27	TRBJ2-3	1
CASSLRAGVSYNEQFF	TRBV7-6	TRBJ2-1	1
CASSLRALETQYF	TRBV13	TRBJ2-5	1
CASSLRAMASGQETQYF	TRBV13	TRBJ2-5	1
CASSLRAPGELFF	TRBV5-6	TRBJ2-2	1
CASSLRAPRSSYNEQFF	TRBV28	TRBJ2-1	1
CASSLRASGAQYF	TRBV19	TRBJ2-5	1
CASSLRASGRGLADTQYF	TRBV11-1	TRBJ2-3	1
CASSLRASGRVTDTQYF	TRBV7-9	TRBJ2-3	1
CASSLRDAYNEQFF	TRBV27	TRBJ2-1	1
CASSLRDEQYF	TRBV28	TRBJ2-7	1
CASSLRDFSNQPQHF	TRBV12-4	TRBJ1-5	1
CASSLRDGHYEQYF	TRBV13	TRBJ2-7	1
CASSLRDGSEAFF	TRBV5-6	TRBJ1-1	28
CASSLRDGTPYEQYF	TRBV28	TRBJ2-7	1
CASSLRDKILEYEQYF	TRBV6-3	TRBJ2-7	1
CASSLRDNEQFF	TRBV7-3	TRBJ2-1	1
CASSLRDNTEAFF	TRBV7-7	TRBJ1-1	1
CASSLRDRAHEQYF	TRBV13	TRBJ2-7	1
CASSLRDRALNSYEQYF	TRBV7-6	TRBJ2-7	1
CASSLRDRDLNTEAFF	TRBV5-1	TRBJ1-1	1
CASSLRDRGHEQYF	TRBV7-9	TRBJ2-7	1
CASSLRDRGIDEQFF	TRBV11-1	TRBJ2-1	1
CASSLRDRGLEGQYF	TRBV7-9	TRBJ2-5	1
CASSLRDRGLETQYF	TRBV13	TRBJ2-5	1
CASSLRDRGTDTQYF	TRBV11-1	TRBJ2-3	1
CASSLRDRGVGEAFF	TRBV5-6	TRBJ1-1	1
CASSLRDRGYEQYF	TRBV27	TRBJ2-7	1
CASSLRDRGYEQYF	TRBV28	TRBJ2-7	1
CASSLRDRLITGANVLTF	TRBV5-4	TRBJ2-6	3
CASSLRDRSTDTQYF	TRBV4-3	TRBJ2-3	1
CASSLRDRVDEQYF	TRBV12-4	TRBJ2-7	1
CASSLRDRVFAGNTIYF	TRBV12-3	TRBJ1-3	1
CASSLRDSNQPQHF	TRBV7-9	TRBJ1-5	1
CASSLRDSNSPLHF	TRBV27	TRBJ1-6	1
CASSLRDTGGNTIYF	TRBV7-9	TRBJ1-3	1
CASSLRDVRGGVYNEQFF	TRBV4-3	TRBJ2-1	1
CASSLRDYDTGELFF	TRBV7-3	TRBJ2-2	1
CASSLREDPSGYTF	TRBV27	TRBJ1-2	1
CASSLREDVGQGNYGYTF	TRBV7-9	TRBJ1-2	1
CASSLREETQYF	TRBV13	TRBJ2-5	1
CASSLREHEKLFF	TRBV7-8	TRBJ1-4	1
CASSLRENTEAFF	TRBV7-7	TRBJ1-1	1
CASSLREQETQYF	TRBV27	TRBJ2-5	1
CASSLRERQGDTQYF	TRBV5-1	TRBJ2-3	1
CASSLRESEQFF	TRBV11-3	TRBJ2-1	1
CASSLRETQYF	TRBV7-6	TRBJ2-5	1
CASSLRFGGSNQPQHF	TRBV27	TRBJ1-5	1
CASSLRGADYGYTF	TRBV6-5	TRBJ1-2	1
CASSLRGAGRNTGELFF	TRBV7-3	TRBJ2-2	1
CASSLRGAPTSTDTQYF	TRBV28	TRBJ2-3	1
CASSLRGAPYEQYF	TRBV5-1	TRBJ2-7	1
CASSLRGARDANYGYTF	TRBV5-1	TRBJ1-2	1
CASSLRGASAGYTF	TRBV5-1	TRBJ1-2	2
CASSLRGASSYEQYF	TRBV5-4	TRBJ2-7	1
CASSLRGASSYNEQFF	TRBV4-2	TRBJ2-1	1
CASSLRGASTDTQYF	TRBV7-3	TRBJ2-3	1
CASSLRGAVSTDTQYF	TRBV27	TRBJ2-3	1
CASSLRGDNQPQHF	TRBV5-6	TRBJ1-5	1
CASSLRGDRGDTQYF	TRBV27	TRBJ2-3	1
CASSLRGDYEQYF	TRBV4-2	TRBJ2-7	1
CASSLRGEGYNEQFF	TRBV27	TRBJ2-1	1
CASSLRGFGLAATQETQYF	TRBV5-1	TRBJ2-5	1
CASSLRGFRETQYF	TRBV7-9	TRBJ2-5	1
CASSLRGGDEAFF	TRBV5-4	TRBJ1-1	1
CASSLRGGETQYF	TRBV5-6	TRBJ2-5	1
CASSLRGGGETQYF	TRBV5-1	TRBJ2-5	1
CASSLRGGGSPLHF	TRBV12-4	TRBJ1-6	1
CASSLRGGGVTDTQYF	TRBV11-2	TRBJ2-3	1
CASSLRGGKPQHF	TRBV5-5	TRBJ1-5	1
CASSLRGGPEAFF	TRBV18	TRBJ1-1	1
CASSLRGGPTSRLRYEQYF	TRBV5-1	TRBJ2-7	1
CASSLRGGQGAEGNTIYF	TRBV12-3	TRBJ1-3	1
CASSLRGGQYEQYF	TRBV13	TRBJ2-7	1
CASSLRGGSAYEQYF	TRBV7-2	TRBJ2-7	1
CASSLRGGSEYNEQFF	TRBV4-2	TRBJ2-1	1
CASSLRGGVAYEQYF	TRBV7-2	TRBJ2-7	1
CASSLRGGVDEQYF	TRBV4-3	TRBJ2-7	1
CASSLRGGYEQYF	TRBV11-2	TRBJ2-7	1
CASSLRGHNEQFF	TRBV7-3	TRBJ2-1	1
CASSLRGLAGGNEQFF	TRBV5-6	TRBJ2-1	1
CASSLRGLAGNEQFF	TRBV7-3	TRBJ2-1	1
CASSLRGLDEQYF	TRBV5-4	TRBJ2-7	1
CASSLRGLGQPQHF	TRBV5-6	TRBJ1-5	1
CASSLRGLLYSYNEQFF	TRBV7-2	TRBJ2-1	1
CASSLRGLSQPQHF	TRBV12-3	TRBJ1-5	1
CASSLRGLVDTQYF	TRBV7-6	TRBJ2-3	1
CASSLRGNFYNEQFF	TRBV7-2	TRBJ2-1	1
CASSLRGNYGYTF	TRBV27	TRBJ1-2	1
CASSLRGPGQGFASYEQYF	TRBV7-3	TRBJ2-7	1
CASSLRGPNRGYTF	TRBV27	TRBJ1-2	1
CASSLRGPTMAYGYTF	TRBV27	TRBJ1-2	1
CASSLRGPTYEQYF	TRBV27	TRBJ2-7	1
CASSLRGQGATNEKLFF	TRBV5-4	TRBJ1-4	1
CASSLRGQGENIQYF	TRBV7-9	TRBJ2-4	1
CASSLRGQGRGGYTF	TRBV13	TRBJ1-2	1
CASSLRGQGTYNEQFF	TRBV7-3	TRBJ2-1	1
CASSLRGQSYGYTF	TRBV13	TRBJ1-2	1
CASSLRGQTQETQYF	TRBV4-3	TRBJ2-5	1
CASSLRGQYEQYF	TRBV5-1	TRBJ2-7	1
CASSLRGRAPDTQYF	TRBV5-4	TRBJ2-3	1
CASSLRGRAPLDEQFF	TRBV4-2	TRBJ2-1	1
CASSLRGRAYEQYF	TRBV13	TRBJ2-7	1
CASSLRGREQETQYF	TRBV7-2	TRBJ2-5	1
CASSLRGREQYF	TRBV27	TRBJ2-7	1
CASSLRGRGNEQFF	TRBV7-8	TRBJ2-1	1
CASSLRGRGPYNEQFF	TRBV13	TRBJ2-1	1
CASSLRGRLDSPLHF	TRBV27	TRBJ1-6	1
CASSLRGRLGGLETQYF	TRBV7-2	TRBJ2-5	1
CASSLRGRLLLTRTEAFF	TRBV5-1	TRBJ1-1	1
CASSLRGRLRHYNEQFF	TRBV28	TRBJ2-1	1
CASSLRGSGYNEQFF	TRBV7-8	TRBJ2-1	1
CASSLRGSNSPLHF	TRBV5-4	TRBJ1-6	1
CASSLRGSNYGYTF	TRBV27	TRBJ1-2	1
CASSLRGSTDTQYF	TRBV5-4	TRBJ2-3	1
CASSLRGSTGELFF	TRBV5-5	TRBJ2-2	1
CASSLRGSTPYEQYF	TRBV7-8	TRBJ2-7	1
CASSLRGSYEQYF	TRBV7-9	TRBJ2-7	1
CASSLRGTEAFF	TRBV5-5	TRBJ1-1	3
CASSLRGTGEQVVETQYF	TRBV21-1	TRBJ2-5	1
CASSLRGTGNTGELFF	TRBV7-3	TRBJ2-2	1
CASSLRGTGVWGTEAFF	TRBV12-3	TRBJ1-1	1
CASSLRGTNTEAFF	TRBV12-4	TRBJ1-1	1
CASSLRGTNTEAFF	TRBV13	TRBJ1-1	1
CASSLRGTSGGAGELFF	TRBV5-1	TRBJ2-2	1
CASSLRGVDEQFF	TRBV11-3	TRBJ2-1	1
CASSLRGWDEQYF	TRBV6-3	TRBJ2-7	1
CASSLRGWRGYTF	TRBV5-4	TRBJ1-2	1
CASSLRIAGDGDEQFF	TRBV28	TRBJ2-1	1
CASSLRIFYTQYF	TRBV7-2	TRBJ2-3	1
CASSLRIGDEKLFF	TRBV7-6	TRBJ1-4	1
CASSLRLADEQFF	TRBV7-3	TRBJ2-1	1
CASSLRLADKQETQYF	TRBV28	TRBJ2-5	1
CASSLRLAEETQYF	TRBV13	TRBJ2-5	1
CASSLRLAESYEQYF	TRBV14	TRBJ2-7	1
CASSLRLAGAVEQFF	TRBV27	TRBJ2-1	2
CASSLRLAGETQYF	TRBV13	TRBJ2-5	1
CASSLRLAGVKSEQYF	TRBV7-2	TRBJ2-7	1
CASSLRLAGYNEQFF	TRBV11-2	TRBJ2-1	1
CASSLRLDLHEQYF	TRBV12-3	TRBJ2-7	1
CASSLRLGGSSYNEQFF	TRBV3-1	TRBJ2-1	1
CASSLRLGNTGELFF	TRBV27	TRBJ2-2	1
CASSLRLGRVFDTEAFF	TRBV5-6	TRBJ1-1	1
CASSLRLNEQFF	TRBV7-9	TRBJ2-1	1
CASSLRLSYNSPLHF	TRBV28	TRBJ1-6	1
CASSLRNGDLAGGGADTQYF	TRBV7-2	TRBJ2-3	1
CASSLRNLAGAYEQYF	TRBV7-2	TRBJ2-7	1
CASSLRNRDSDTQYF	TRBV6-1	TRBJ2-3	1
CASSLRPAAGGTEAFF	TRBV7-2	TRBJ1-1	2
CASSLRPANQPQHF	TRBV27	TRBJ1-5	1
CASSLRPGELFF	TRBV7-6	TRBJ2-2	1
CASSLRPGETQYF	TRBV5-6	TRBJ2-5	1
CASSLRPINTGELFF	TRBV7-2	TRBJ2-2	1
CASSLRPKSGEQYF	TRBV4-1	TRBJ2-7	1
CASSLRPPGNTEAFF	TRBV27	TRBJ1-1	1
CASSLRPRDDGELFF	TRBV13	TRBJ2-2	1
CASSLRPRDTDTQYF	TRBV5-5	TRBJ2-3	2
CASSLRPRIRGKLFF	TRBV12-3	TRBJ1-4	1
CASSLRPSEGIYEQYF	TRBV9	TRBJ2-7	1
CASSLRQDGNEQFF	TRBV27	TRBJ2-1	1
CASSLRQDIYQPQHF	TRBV27	TRBJ1-5	1
CASSLRQDTEAFF	TRBV5-4	TRBJ1-1	1
CASSLRQETQYF	TRBV7-9	TRBJ2-5	2
CASSLRQGFYNEQFF	TRBV5-1	TRBJ2-1	1
CASSLRQGGEKLFF	TRBV28	TRBJ1-4	1
CASSLRQGGELFF	TRBV4-3	TRBJ2-2	1
CASSLRQGGEQYF	TRBV9	TRBJ2-7	1
CASSLRQGPEDGYTF	TRBV7-9	TRBJ1-2	1
CASSLRQGPQDYTF	TRBV7-9	TRBJ1-2	1
CASSLRQGPYEQYF	TRBV27	TRBJ2-7	1
CASSLRQGRSYEQYF	TRBV5-4	TRBJ2-7	1
CASSLRQGRVTDTQYF	TRBV5-6	TRBJ2-3	1
CASSLRQGSSYEQYF	TRBV28	TRBJ2-7	1
CASSLRQGSYEQYF	TRBV9	TRBJ2-7	1
CASSLRQGVIGELFF	TRBV7-3	TRBJ2-2	1
CASSLRQGYEQYF	TRBV5-6	TRBJ2-7	1
CASSLRQLDTEAFF	TRBV9	TRBJ1-1	1
CASSLRQQETQYF	TRBV7-9	TRBJ2-5	1
CASSLRQVLSPLEQFF	TRBV28	TRBJ2-1	1
CASSLRRAGVSYEQYF	TRBV6-3	TRBJ2-7	1
CASSLRRDLTDTQYF	TRBV7-2	TRBJ2-3	1
CASSLRRDRAHEQYF	TRBV5-8	TRBJ2-7	1
CASSLRRDRDYGYTF	TRBV7-9	TRBJ1-2	1
CASSLRRDRSSYEQYF	TRBV28	TRBJ2-7	1
CASSLRRDSNEQFF	TRBV5-1	TRBJ2-1	1
CASSLRRDVSTGELFF	TRBV5-6	TRBJ2-2	1
CASSLRRERGYNEQFF	TRBV27	TRBJ2-1	1
CASSLRRGDEQYF	TRBV7-3	TRBJ2-7	1
CASSLRRGGADTQYF	TRBV19	TRBJ2-3	1
CASSLRRGGFSGANVLTF	TRBV27	TRBJ2-6	1
CASSLRRGGTDTQYF	TRBV11-3	TRBJ2-3	1
CASSLRRGPKQPQHF	TRBV7-3	TRBJ1-5	1
CASSLRRGWEQYF	TRBV5-8	TRBJ2-7	1
CASSLRRIANYGYTF	TRBV4-1	TRBJ1-2	1
CASSLRRLRRAGYNEQFF	TRBV18	TRBJ2-1	1
CASSLRRRDTQYF	TRBV13	TRBJ2-3	1
CASSLRRSNEKLFF	TRBV7-9	TRBJ1-4	1
CASSLRRSRSYNEQFF	TRBV28	TRBJ2-1	1
CASSLRRTDTQYF	TRBV27	TRBJ2-3	3
CASSLRRTSGGLQETQYF	TRBV7-3	TRBJ2-5	1
CASSLRRVRETQYF	TRBV28	TRBJ2-5	1
CASSLRRWARDYGYTF	TRBV13	TRBJ1-2	1
CASSLRRWNEKLFF	TRBV7-8	TRBJ1-4	1
CASSLRSAAGWPFF	TRBV28	TRBJ1-1	9
CASSLRSGDTEAFF	TRBV4-3	TRBJ1-1	1
CASSLRSGENTGELFF	TRBV11-2	TRBJ2-2	1
CASSLRSGGAPGELFF	TRBV7-3	TRBJ2-2	1
CASSLRSGGGSTDTQYF	TRBV5-1	TRBJ2-3	1
CASSLRSGGNEQFF	TRBV5-1	TRBJ2-1	1
CASSLRSGKTDTQYF	TRBV7-3	TRBJ2-3	1
CASSLRSGLTLPQETQYF	TRBV3-1	TRBJ2-5	1
CASSLRSGTFYEQYF	TRBV28	TRBJ2-7	1
CASSLRSLYNSPLHF	TRBV28	TRBJ1-6	1
CASSLRSNEQFF	TRBV7-8	TRBJ2-1	1
CASSLRSNYGYTF	TRBV27	TRBJ1-2	1
CASSLRSPANYGYTF	TRBV27	TRBJ1-2	1
CASSLRSQGVDGYTF	TRBV7-2	TRBJ1-2	1
CASSLRSSYEQYF	TRBV19	TRBJ2-7	4
CASSLRSTDTQYF	TRBV12-4	TRBJ2-3	1
CASSLRSTDTQYF	TRBV19	TRBJ2-3	1
CASSLRSTGAGELFF	TRBV4-1	TRBJ2-2	1
CASSLRSVYNEQFF	TRBV27	TRBJ2-1	1
CASSLRTAEAFF	TRBV7-9	TRBJ1-1	1
CASSLRTAGELFF	TRBV5-4	TRBJ2-2	1
CASSLRTDHEQFF	TRBV7-9	TRBJ2-1	1
CASSLRTGAEEQYF	TRBV6-5	TRBJ2-7	1
CASSLRTGAPHRYTF	TRBV9	TRBJ1-2	1
CASSLRTGDEQYF	TRBV5-1	TRBJ2-7	1
CASSLRTGEFLAYGYTF	TRBV28	TRBJ1-2	1
CASSLRTGELFF	TRBV5-4	TRBJ2-2	1
CASSLRTGEVAFF	TRBV7-9	TRBJ1-1	1
CASSLRTGGIDEQYF	TRBV5-5	TRBJ2-7	1
CASSLRTGGQDTQYF	TRBV27	TRBJ2-3	1
CASSLRTGGSYEQYF	TRBV5-1	TRBJ2-7	1
CASSLRTGKNTEAFF	TRBV7-9	TRBJ1-1	1
CASSLRTGLRVGYGYTF	TRBV7-8	TRBJ1-2	1
CASSLRTGNYGYTF	TRBV27	TRBJ1-2	1
CASSLRTGQGMYSEAFF	TRBV19	TRBJ1-1	1
CASSLRTGSTDTQYF	TRBV12-3	TRBJ2-3	1
CASSLRTGTDTQYF	TRBV7-2	TRBJ2-3	1
CASSLRTGTEAFF	TRBV5-4	TRBJ1-1	1
CASSLRTGVNEQFF	TRBV7-2	TRBJ2-1	1
CASSLRTGYGAYEQYF	TRBV12-4	TRBJ2-7	1
CASSLRTHNEQFF	TRBV6-3	TRBJ2-1	1
CASSLRTPGSSYEQYF	TRBV7-9	TRBJ2-7	1
CASSLRTRNYGYTF	TRBV12-3	TRBJ1-2	1
CASSLRTSGAYNEQFF	TRBV27	TRBJ2-1	1
CASSLRTSGIYEQYF	TRBV19	TRBJ2-7	1
CASSLRTSGKSDTQYF	TRBV28	TRBJ2-3	1
CASSLRTSGSLNTGELFF	TRBV13	TRBJ2-2	1
CASSLRTSGTDTQYF	TRBV5-1	TRBJ2-3	1
CASSLRTSGTPGGEQYF	TRBV27	TRBJ2-7	1
CASSLRTSGTYEQYF	TRBV7-8	TRBJ2-7	1
CASSLRTSNEQFF	TRBV9	TRBJ2-1	1
CASSLRTSNTGELFF	TRBV27	TRBJ2-2	1
CASSLRTSSNSYEQYF	TRBV4-1	TRBJ2-7	1
CASSLRTSSSTQYF	TRBV18	TRBJ2-3	1
CASSLRTYDEQFF	TRBV5-6	TRBJ2-1	1
CASSLRTYEQYF	TRBV7-9	TRBJ2-7	1
CASSLRVAGAYSYNEQFF	TRBV4-2	TRBJ2-1	1
CASSLRVAVYNEQFF	TRBV28	TRBJ2-1	1
CASSLRVFSGNTIYF	TRBV7-2	TRBJ1-3	1
CASSLRVGQGLSYEQYF	TRBV5-1	TRBJ2-7	1
CASSLRVGRDGYTF	TRBV5-1	TRBJ1-2	1
CASSLRVGRGEKLFF	TRBV27	TRBJ1-4	1
CASSLRVRAYGYTF	TRBV7-2	TRBJ1-2	1
CASSLRVRGTNYGYTF	TRBV13	TRBJ1-2	1
CASSLRVTNPQGKGTEAFF	TRBV7-8	TRBJ1-1	1
CASSLRVVDTEAFF	TRBV7-9	TRBJ1-1	1
CASSLRWDSTEAFF	TRBV7-3	TRBJ1-1	1
CASSLRWGGSGANVLTF	TRBV27	TRBJ2-6	2
CASSLRWGGSGNTIYF	TRBV12-4	TRBJ1-3	1
CASSLRWQPNRDGYTF	TRBV5-4	TRBJ1-2	1
CASSLRYGELFF	TRBV28	TRBJ2-2	1
CASSLRYTVDNEQFF	TRBV19	TRBJ2-1	1
CASSLSADHYGYTF	TRBV27	TRBJ1-2	1
CASSLSADIANTEAFF	TRBV27	TRBJ1-1	1
CASSLSADMNTEAFF	TRBV28	TRBJ1-1	1
CASSLSADTQYF	TRBV27	TRBJ2-3	1
CASSLSADYEQYF	TRBV7-3	TRBJ2-7	1
CASSLSAEGYEQYF	TRBV12-3	TRBJ2-7	1
CASSLSAGAAGIQYF	TRBV27	TRBJ2-4	1
CASSLSAGASDTQYF	TRBV11-2	TRBJ2-3	1
CASSLSAGEETQYF	TRBV5-6	TRBJ2-5	1
CASSLSAGELFF	TRBV28	TRBJ2-2	1
CASSLSAGGEQYF	TRBV12-4	TRBJ2-7	1
CASSLSAGGETQYF	TRBV11-3	TRBJ2-5	1
CASSLSAGGLDEQFF	TRBV11-2	TRBJ2-1	1
CASSLSAGGNTEAFF	TRBV27	TRBJ1-1	1
CASSLSAGGYNEQFF	TRBV7-2	TRBJ2-1	1
CASSLSAGMNTEAFF	TRBV27	TRBJ1-1	1
CASSLSAGMNYNEQFF	TRBV28	TRBJ2-1	1
CASSLSAGSGNTIYF	TRBV9	TRBJ1-3	1
CASSLSAGTGDTDTQYF	TRBV6-3	TRBJ2-3	1
CASSLSAHRRRADTQYF	TRBV27	TRBJ2-3	1
CASSLSALNEQFF	TRBV27	TRBJ2-1	1
CASSLSAPPETQYF	TRBV27	TRBJ2-5	1
CASSLSARDEAFF	TRBV27	TRBJ1-1	1
CASSLSARNTEAFF	TRBV5-4	TRBJ1-1	1
CASSLSARWGEKYGYTF	TRBV27	TRBJ1-2	1
CASSLSASGGGHFTEAFF	TRBV5-1	TRBJ1-1	1
CASSLSASSVFEQYF	TRBV27	TRBJ2-7	1
CASSLSASYEQYF	TRBV5-4	TRBJ2-7	1
CASSLSATAEAFF	TRBV5-6	TRBJ1-1	1
CASSLSAWDGYEQYF	TRBV27	TRBJ2-7	1
CASSLSDAYEQYF	TRBV27	TRBJ2-7	1
CASSLSDGTGGLNTEAFF	TRBV27	TRBJ1-1	1
CASSLSDPTWNQPQHF	TRBV27	TRBJ1-5	1
CASSLSDREETGYGYTF	TRBV12-4	TRBJ1-2	1
CASSLSDRESSYNSPLHF	TRBV28	TRBJ1-6	1
CASSLSDRGSGNTIYF	TRBV27	TRBJ1-3	1
CASSLSDTQYF	TRBV5-1	TRBJ2-3	1
CASSLSDVGLYSTDTQYF	TRBV4-3	TRBJ2-3	1
CASSLSDWGPQHF	TRBV27	TRBJ1-5	1
CASSLSEAGARNTEAFF	TRBV12-4	TRBJ1-1	1
CASSLSEASTEAFF	TRBV27	TRBJ1-1	1
CASSLSEAYEQYF	TRBV7-2	TRBJ2-7	1
CASSLSEDSNQPQHF	TRBV7-2	TRBJ1-5	1
CASSLSEENTEAFF	TRBV7-3	TRBJ1-1	1
CASSLSEGALNYGYTF	TRBV27	TRBJ1-2	1
CASSLSEGDQPQHF	TRBV27	TRBJ1-5	1
CASSLSEGRDEQFF	TRBV28	TRBJ2-1	1
CASSLSEGRGYTF	TRBV27	TRBJ1-2	1
CASSLSEGVSPLHF	TRBV27	TRBJ1-6	1
CASSLSEGWANEQFF	TRBV27	TRBJ2-1	1
CASSLSELIDNSPLHF	TRBV12-4	TRBJ1-6	1
CASSLSEPYNEQFF	TRBV27	TRBJ2-1	1
CASSLSFAGGTDTQYF	TRBV27	TRBJ2-3	1
CASSLSFGDTEAFF	TRBV12-4	TRBJ1-1	1
CASSLSFGRTEAFF	TRBV9	TRBJ1-1	1
CASSLSFMNTEAFF	TRBV12-4	TRBJ1-1	1
CASSLSFRDKALWGYTF	TRBV27	TRBJ1-2	1
CASSLSFRGLDEQYF	TRBV27	TRBJ2-7	1
CASSLSFTTGGNTEAFF	TRBV7-9	TRBJ1-1	1
CASSLSGADTQYF	TRBV7-3	TRBJ2-3	1
CASSLSGAGELFF	TRBV7-3	TRBJ2-2	1
CASSLSGAGNTIYF	TRBV9	TRBJ1-3	1
CASSLSGASYEQYF	TRBV12-3	TRBJ2-7	1
CASSLSGATGPLYEQYF	TRBV27	TRBJ2-7	1
CASSLSGATYNEQFF	TRBV27	TRBJ2-1	1
CASSLSGAYERGETQYF	TRBV7-7	TRBJ2-5	1
CASSLSGDFTDTQYF	TRBV28	TRBJ2-3	1
CASSLSGDGANYGYTF	TRBV27	TRBJ1-2	1
CASSLSGDHYEQYF	TRBV27	TRBJ2-7	1
CASSLSGDKIGYMNTEAFF	TRBV27	TRBJ1-1	1
CASSLSGDNWSYEQYF	TRBV27	TRBJ2-7	1
CASSLSGDQPQHF	TRBV28	TRBJ1-5	1
CASSLSGDRLNSPLHF	TRBV27	TRBJ1-6	1
CASSLSGDTQYF	TRBV27	TRBJ2-3	1
CASSLSGEGRRTGELFF	TRBV27	TRBJ2-2	1
CASSLSGEGSSNQPQHF	TRBV27	TRBJ1-5	1
CASSLSGEGVRNSPLHF	TRBV27	TRBJ1-6	1
CASSLSGEGYTF	TRBV12-4	TRBJ1-2	1
CASSLSGELFF	TRBV12-3	TRBJ2-2	1
CASSLSGENAETQYF	TRBV28	TRBJ2-5	1
CASSLSGESSLYGYTF	TRBV27	TRBJ1-2	1
CASSLSGFGQPQHF	TRBV5-5	TRBJ1-5	1
CASSLSGFSYNEQFF	TRBV27	TRBJ2-1	1
CASSLSGGADTIYF	TRBV28	TRBJ1-3	1
CASSLSGGAGETQYF	TRBV7-3	TRBJ2-5	1
CASSLSGGAGRETQYF	TRBV9	TRBJ2-5	1
CASSLSGGANEKLFF	TRBV7-3	TRBJ1-4	1
CASSLSGGASEQYF	TRBV4-1	TRBJ2-7	1
CASSLSGGASYEQYF	TRBV27	TRBJ2-7	1
CASSLSGGASYEQYF	TRBV9	TRBJ2-7	1
CASSLSGGAYEQYF	TRBV11-2	TRBJ2-7	1
CASSLSGGELFF	TRBV4-2	TRBJ2-2	1
CASSLSGGEQYF	TRBV27	TRBJ2-7	1
CASSLSGGGKRSYTF	TRBV27	TRBJ1-2	1
CASSLSGGGLETQYF	TRBV27	TRBJ2-5	1
CASSLSGGGNTGELFF	TRBV6-6	TRBJ2-2	1
CASSLSGGGRGLAGWSYEQYF	TRBV28	TRBJ2-7	1
CASSLSGGGRTEAFF	TRBV5-4	TRBJ1-1	1
CASSLSGGGSYEQYF	TRBV27	TRBJ2-7	1
CASSLSGGGTGELFF	TRBV7-2	TRBJ2-2	1
CASSLSGGKGGYTF	TRBV27	TRBJ1-2	1
CASSLSGGKQFF	TRBV11-2	TRBJ2-1	1
CASSLSGGLAFEPDTQYF	TRBV27	TRBJ2-3	1
CASSLSGGLRDEQFF	TRBV7-6	TRBJ2-1	1
CASSLSGGNHGYTF	TRBV27	TRBJ1-2	1
CASSLSGGNQPQHF	TRBV27	TRBJ1-5	1
CASSLSGGNYGYTF	TRBV27	TRBJ1-2	2
CASSLSGGPHEQFF	TRBV10-1	TRBJ2-1	1
CASSLSGGPKDTQYF	TRBV28	TRBJ2-3	1
CASSLSGGPNQPQHF	TRBV27	TRBJ1-5	1
CASSLSGGPSYNEQFF	TRBV7-2	TRBJ2-1	1
CASSLSGGRDEQFF	TRBV12-4	TRBJ2-1	1
CASSLSGGRTYSYEQYF	TRBV28	TRBJ2-7	1
CASSLSGGSTDTQYF	TRBV7-3	TRBJ2-3	2
CASSLSGGTEAFF	TRBV7-9	TRBJ1-1	1
CASSLSGGVNEQFF	TRBV7-9	TRBJ2-1	1
CASSLSGGVTEAFF	TRBV27	TRBJ1-1	1
CASSLSGGYTEAFF	TRBV27	TRBJ1-1	1
CASSLSGHPNTEAFF	TRBV7-3	TRBJ1-1	1
CASSLSGIGYNEQFF	TRBV27	TRBJ2-1	1
CASSLSGIYNEQFF	TRBV27	TRBJ2-1	1
CASSLSGLAGGRYEQYF	TRBV27	TRBJ2-7	1
CASSLSGLAGRPYNEQFF	TRBV28	TRBJ2-1	1
CASSLSGLAGVETQYF	TRBV9	TRBJ2-5	1
CASSLSGLAGVFYNEQFF	TRBV5-4	TRBJ2-1	1
CASSLSGLAVRGQETQYF	TRBV27	TRBJ2-5	1
CASSLSGLDEQYF	TRBV7-3	TRBJ2-7	1
CASSLSGLEAFF	TRBV28	TRBJ1-1	1
CASSLSGLGTEAFF	TRBV27	TRBJ1-1	2
CASSLSGLNTEAFF	TRBV5-6	TRBJ1-1	1
CASSLSGLNYEQYF	TRBV28	TRBJ2-7	1
CASSLSGLQPQHF	TRBV27	TRBJ1-5	1
CASSLSGLTNQETQYF	TRBV27	TRBJ2-5	1
CASSLSGNGYTF	TRBV27	TRBJ1-2	1
CASSLSGNNLNSPLHF	TRBV27	TRBJ1-6	1
CASSLSGNRQETQYF	TRBV2	TRBJ2-5	6
CASSLSGNSYEQYF	TRBV27	TRBJ2-7	1
CASSLSGNTIYF	TRBV7-2	TRBJ1-3	1
CASSLSGPGMGYTF	TRBV28	TRBJ1-2	1
CASSLSGPPPYNEQFF	TRBV12-4	TRBJ2-1	2
CASSLSGPTDTQYF	TRBV12-4	TRBJ2-3	1
CASSLSGQALLNEQFF	TRBV7-9	TRBJ2-1	1
CASSLSGQGAPNEQFF	TRBV27	TRBJ2-1	1
CASSLSGQGDQPQHF	TRBV5-5	TRBJ1-5	1
CASSLSGQGFEQYF	TRBV28	TRBJ2-7	1
CASSLSGQGGSEQYF	TRBV27	TRBJ2-7	1
CASSLSGQGGWDEQYF	TRBV9	TRBJ2-7	1
CASSLSGQGPYEQYF	TRBV27	TRBJ2-7	1
CASSLSGQGRGEQFF	TRBV7-3	TRBJ2-1	1
CASSLSGQGSGELFF	TRBV7-9	TRBJ2-2	2
CASSLSGQKSLSYGYTF	TRBV7-9	TRBJ1-2	1
CASSLSGQRVSGNTIYF	TRBV28	TRBJ1-3	1
CASSLSGQSAQGLFF	TRBV27	TRBJ1-4	1
CASSLSGRAYEQYF	TRBV27	TRBJ2-7	1
CASSLSGRDLYGYTF	TRBV7-3	TRBJ1-2	1
CASSLSGREGSNQPQHF	TRBV7-8	TRBJ1-5	1
CASSLSGRPYEQYF	TRBV27	TRBJ2-7	2
CASSLSGRQETQYF	TRBV7-2	TRBJ2-5	1
CASSLSGRRQETQYF	TRBV11-1	TRBJ2-5	1
CASSLSGRSSYNEQFF	TRBV7-3	TRBJ2-1	3
CASSLSGRWEQYF	TRBV28	TRBJ2-7	1
CASSLSGSGKETQYF	TRBV28	TRBJ2-5	1
CASSLSGSGRAYNEQFF	TRBV27	TRBJ2-1	1
CASSLSGSGSNEQFF	TRBV6-5	TRBJ2-1	1
CASSLSGSGYEQYF	TRBV27	TRBJ2-7	1
CASSLSGSKLNTEAFF	TRBV27	TRBJ1-1	1
CASSLSGSNNEQFF	TRBV27	TRBJ2-1	1
CASSLSGSPSYEQYF	TRBV27	TRBJ2-7	1
CASSLSGSSTPYNEQFF	TRBV7-9	TRBJ2-1	1
CASSLSGSSYNEQFF	TRBV19	TRBJ2-1	1
CASSLSGSYEQYF	TRBV11-2	TRBJ2-7	1
CASSLSGSYYEQYF	TRBV12-3	TRBJ2-7	1
CASSLSGTASYGYTF	TRBV5-1	TRBJ1-2	1
CASSLSGTDLSGANVLTF	TRBV9	TRBJ2-6	1
CASSLSGTEAFF	TRBV7-9	TRBJ1-1	1
CASSLSGTGDYTF	TRBV13	TRBJ1-2	1
CASSLSGTGEGTEAFF	TRBV6-5	TRBJ1-1	1
CASSLSGTGFGGAETQYF	TRBV4-3	TRBJ2-5	1
CASSLSGTGFNEQYF	TRBV9	TRBJ2-7	1
CASSLSGTGGNQPQHF	TRBV27	TRBJ1-5	1
CASSLSGTGIYNEQFF	TRBV4-3	TRBJ2-1	1
CASSLSGTGNGYTF	TRBV27	TRBJ1-2	1
CASSLSGTGPYNEQFF	TRBV27	TRBJ2-1	1
CASSLSGTGSEQYF	TRBV28	TRBJ2-7	1
CASSLSGTGSNTEAFF	TRBV27	TRBJ1-1	1
CASSLSGTGSVYEQYF	TRBV7-9	TRBJ2-7	1
CASSLSGTNGYTF	TRBV27	TRBJ1-2	1
CASSLSGTPSYEQYF	TRBV27	TRBJ2-7	1
CASSLSGTQYEQYF	TRBV27	TRBJ2-7	1
CASSLSGTVAKNIQYF	TRBV7-2	TRBJ2-4	1
CASSLSGTVELFF	TRBV13	TRBJ2-2	1
CASSLSGVAYGYTF	TRBV5-1	TRBJ1-2	1
CASSLSGVETGESTEAFF	TRBV9	TRBJ1-1	1
CASSLSGVNTEAFF	TRBV27	TRBJ1-1	1
CASSLSGVPYEQYF	TRBV11-1	TRBJ2-7	1
CASSLSGVRYEQYF	TRBV7-9	TRBJ2-7	1
CASSLSGWAYEQYF	TRBV28	TRBJ2-7	1
CASSLSGWSGTGELFF	TRBV27	TRBJ2-2	1
CASSLSGWSYEQYF	TRBV7-6	TRBJ2-7	1
CASSLSGWTYEQYF	TRBV27	TRBJ2-7	1
CASSLSGYEQYF	TRBV28	TRBJ2-7	151
CASSLSGYEQYF	TRBV7-9	TRBJ2-7	1
CASSLSGYRGGGTEAFF	TRBV27	TRBJ1-1	1
CASSLSGYSSSYNSPLHF	TRBV27	TRBJ1-6	1
CASSLSGYYGYTF	TRBV5-4	TRBJ1-2	1
CASSLSHPETYEQYF	TRBV4-1	TRBJ2-7	1
CASSLSHRRTGDNYGYTF	TRBV19	TRBJ1-2	1
CASSLSHRSGEKLFF	TRBV27	TRBJ1-4	1
CASSLSHSYEQYF	TRBV27	TRBJ2-7	1
CASSLSHTEAFF	TRBV5-4	TRBJ1-1	1
CASSLSHTGELFF	TRBV27	TRBJ2-2	1
CASSLSIDSTDTQYF	TRBV27	TRBJ2-3	1
CASSLSILGNYEQYF	TRBV27	TRBJ2-7	1
CASSLSINTDTQYF	TRBV28	TRBJ2-3	1
CASSLSINTEAFF	TRBV5-6	TRBJ1-1	1
CASSLSIRGQETQYF	TRBV27	TRBJ2-5	1
CASSLSIWDEQYF	TRBV28	TRBJ2-7	1
CASSLSKEGRSGANVLTF	TRBV28	TRBJ2-6	1
CASSLSKGLAGGYTGELFF	TRBV27	TRBJ2-2	1
CASSLSKGTSVNEQFF	TRBV27	TRBJ2-1	1
CASSLSKSHEQYF	TRBV27	TRBJ2-7	1
CASSLSKTGGNQPQHF	TRBV27	TRBJ1-5	1
CASSLSLAGELFF	TRBV27	TRBJ2-2	1
CASSLSLAGGPREQYF	TRBV7-8	TRBJ2-7	1
CASSLSLAGGSTDTQYF	TRBV5-6	TRBJ2-3	1
CASSLSLAGSDEQFF	TRBV12-4	TRBJ2-1	1
CASSLSLAGVNEQFF	TRBV27	TRBJ2-1	1
CASSLSLAGYNEQFF	TRBV7-3	TRBJ2-1	1
CASSLSLAGYTDTQYF	TRBV5-1	TRBJ2-3	1
CASSLSLASGNTIYF	TRBV28	TRBJ1-3	1
CASSLSLDLWGAFF	TRBV27	TRBJ1-1	1
CASSLSLDREQFF	TRBV7-7	TRBJ2-1	1
CASSLSLGASTDTQYF	TRBV27	TRBJ2-3	1
CASSLSLGGDEQFF	TRBV7-2	TRBJ2-1	1
CASSLSLGGSEAFF	TRBV12-3	TRBJ1-1	1
CASSLSLGNEQYF	TRBV27	TRBJ2-7	1
CASSLSLGSYRVENTEAFF	TRBV27	TRBJ1-1	1
CASSLSLLGQGNSNTGELFF	TRBV7-6	TRBJ2-2	1
CASSLSLPAAAGVEEQYF	TRBV27	TRBJ2-7	1
CASSLSLPEQFF	TRBV4-1	TRBJ2-1	1
CASSLSLPSGYTF	TRBV12-3	TRBJ1-2	1
CASSLSLPWDGELEQYF	TRBV3-1	TRBJ2-7	1
CASSLSLQGTTQYF	TRBV5-1	TRBJ2-5	1
CASSLSLRGTDTQYF	TRBV27	TRBJ2-3	1
CASSLSLSGNTEAFF	TRBV7-8	TRBJ1-1	1
CASSLSLTAGELDTQYF	TRBV27	TRBJ2-3	1
CASSLSLTGAGEKLFF	TRBV7-9	TRBJ1-4	1
CASSLSLTYEQYF	TRBV7-8	TRBJ2-7	1
CASSLSLYGYTF	TRBV7-8	TRBJ1-2	1
CASSLSMAGGELFF	TRBV4-1	TRBJ2-2	1
CASSLSMGEQYF	TRBV27	TRBJ2-7	1
CASSLSMNSGNSPLHF	TRBV27	TRBJ1-6	1
CASSLSMNTEAFF	TRBV12-4	TRBJ1-1	1
CASSLSMSSGSHTDTQYF	TRBV27	TRBJ2-3	1
CASSLSMTGEAFF	TRBV27	TRBJ1-1	1
CASSLSMTGYYEQYF	TRBV27	TRBJ2-7	1
CASSLSMVAPQHF	TRBV7-9	TRBJ1-5	1
CASSLSNAGVTDTQYF	TRBV27	TRBJ2-3	1
CASSLSNQPQHF	TRBV13	TRBJ1-5	1
CASSLSNTEAFF	TRBV5-1	TRBJ1-1	1
CASSLSPAGGGEQFF	TRBV12-4	TRBJ2-1	1
CASSLSPAGGTDTQYF	TRBV5-4	TRBJ2-3	1
CASSLSPATTINQPQHF	TRBV27	TRBJ1-5	1
CASSLSPDRGYGYTF	TRBV27	TRBJ1-2	1
CASSLSPDSYYEQYF	TRBV27	TRBJ2-7	1
CASSLSPEAFF	TRBV12-4	TRBJ1-1	1
CASSLSPEPVATNEKLFF	TRBV27	TRBJ1-4	1
CASSLSPETARYGYTF	TRBV27	TRBJ1-2	1
CASSLSPETSTDTQYF	TRBV27	TRBJ2-3	1
CASSLSPETYEQYF	TRBV27	TRBJ2-7	1
CASSLSPFYSYGYTF	TRBV27	TRBJ1-2	1
CASSLSPGAGYEQYF	TRBV27	TRBJ2-7	1
CASSLSPGAHSGNTIYF	TRBV12-4	TRBJ1-3	1
CASSLSPGASYGYTF	TRBV12-3	TRBJ1-2	1
CASSLSPGETEAFF	TRBV28	TRBJ1-1	1
CASSLSPGGGHTQYF	TRBV28	TRBJ2-3	1
CASSLSPGGGYTF	TRBV27	TRBJ1-2	1
CASSLSPGGVTEAFF	TRBV28	TRBJ1-1	1
CASSLSPGLAATGELFF	TRBV7-3	TRBJ2-2	1
CASSLSPGLAGPRGYEQYF	TRBV13	TRBJ2-7	1
CASSLSPGQGRDQPQHF	TRBV28	TRBJ1-5	1
CASSLSPGQGTYEQYF	TRBV27	TRBJ2-7	1
CASSLSPGQVNYGYTF	TRBV5-4	TRBJ1-2	1
CASSLSPGRDSTYEQYF	TRBV7-9	TRBJ2-7	1
CASSLSPGRPQHF	TRBV27	TRBJ1-5	1
CASSLSPGRYEQYF	TRBV7-2	TRBJ2-7	1
CASSLSPGTEAFF	TRBV5-6	TRBJ1-1	1
CASSLSPGVHEQFF	TRBV6-5	TRBJ2-1	1
CASSLSPIQDTQYF	TRBV5-8	TRBJ2-3	1
CASSLSPNTEAFF	TRBV27	TRBJ1-1	1
CASSLSPPTSSSYEQYF	TRBV27	TRBJ2-7	1
CASSLSPREQFF	TRBV27	TRBJ2-1	1
CASSLSPRHEQYF	TRBV27	TRBJ2-7	1
CASSLSPRQGLQETQYF	TRBV11-1	TRBJ2-5	1
CASSLSPRSYNEQFF	TRBV11-3	TRBJ2-1	1
CASSLSPSGNTIYF	TRBV5-4	TRBJ1-3	1
CASSLSPSGSYEQYF	TRBV27	TRBJ2-7	1
CASSLSPSIEQYF	TRBV27	TRBJ2-7	1
CASSLSPSTGGAVDEQFF	TRBV4-3	TRBJ2-1	1
CASSLSPTEAFF	TRBV5-1	TRBJ1-1	1
CASSLSPTGLMNTEAFF	TRBV28	TRBJ1-1	1
CASSLSPVRAGFYEQYF	TRBV27	TRBJ2-7	1
CASSLSPVREAFF	TRBV11-3	TRBJ1-1	1
CASSLSQDEQYF	TRBV7-9	TRBJ2-7	1
CASSLSQETQYF	TRBV7-9	TRBJ2-5	1
CASSLSQFSPLHF	TRBV27	TRBJ1-6	1
CASSLSQGADNEQFF	TRBV27	TRBJ2-1	1
CASSLSQGAREQYF	TRBV7-9	TRBJ2-7	1
CASSLSQGGNEQFF	TRBV5-1	TRBJ2-1	1
CASSLSQGLVKETQYF	TRBV27	TRBJ2-5	1
CASSLSQGPYEQYF	TRBV27	TRBJ2-7	1
CASSLSQGPYNEQFF	TRBV7-2	TRBJ2-1	1
CASSLSQGQANTIYF	TRBV5-4	TRBJ1-3	1
CASSLSQGYNEQFF	TRBV7-6	TRBJ2-1	1
CASSLSQIYEQYF	TRBV27	TRBJ2-7	1
CASSLSQLAGNTIYF	TRBV11-2	TRBJ1-3	1
CASSLSQLNEQFF	TRBV27	TRBJ2-1	1
CASSLSQLSANEQFF	TRBV12-4	TRBJ2-1	1
CASSLSQSLNTEAFF	TRBV7-9	TRBJ1-1	1
CASSLSRASNQPQHF	TRBV28	TRBJ1-5	1
CASSLSRATEAFF	TRBV5-1	TRBJ1-1	1
CASSLSRDSYEQYF	TRBV5-6	TRBJ2-7	1
CASSLSRDYGYTF	TRBV12-3	TRBJ1-2	1
CASSLSREAEAFF	TRBV27	TRBJ1-1	1
CASSLSREGPYNEQFF	TRBV7-7	TRBJ2-1	1
CASSLSRENTEAFF	TRBV11-2	TRBJ1-1	1
CASSLSRGALRDNEQFF	TRBV27	TRBJ2-1	1
CASSLSRGGGYTF	TRBV27	TRBJ1-2	1
CASSLSRGGREQYF	TRBV7-8	TRBJ2-7	1
CASSLSRGHGYGYTF	TRBV5-5	TRBJ1-2	1
CASSLSRGLTEAFF	TRBV12-4	TRBJ1-1	1
CASSLSRGNTEAFF	TRBV27	TRBJ1-1	1
CASSLSRGPDTEAFF	TRBV27	TRBJ1-1	1
CASSLSRGVGQGSYGYTF	TRBV27	TRBJ1-2	1
CASSLSRGVSRHEQFF	TRBV7-9	TRBJ2-1	1
CASSLSRIAGATYEQYF	TRBV5-1	TRBJ2-7	1
CASSLSRKGELFF	TRBV27	TRBJ2-2	1
CASSLSRLAGHNEQFF	TRBV12-3	TRBJ2-1	1
CASSLSRLISGNGELFF	TRBV28	TRBJ2-2	1
CASSLSRNTEAFF	TRBV7-8	TRBJ1-1	1
CASSLSRPTGELFF	TRBV7-9	TRBJ2-2	1
CASSLSRQGVGNQPQHF	TRBV27	TRBJ1-5	1
CASSLSRQVYNSPLHF	TRBV27	TRBJ1-6	1
CASSLSRRAQHF	TRBV27	TRBJ1-5	1
CASSLSRRSTDTQYF	TRBV27	TRBJ2-3	1
CASSLSRRTEQYF	TRBV14	TRBJ2-7	1
CASSLSRSTDTQYF	TRBV7-9	TRBJ2-3	1
CASSLSRTDLYNEQFF	TRBV27	TRBJ2-1	1
CASSLSRTGELFF	TRBV27	TRBJ2-2	1
CASSLSRTKVDGELFF	TRBV11-3	TRBJ2-2	1
CASSLSRTNTGELFF	TRBV27	TRBJ2-2	1
CASSLSRVYYEQYF	TRBV27	TRBJ2-7	1
CASSLSRWRQAKNIQYF	TRBV7-9	TRBJ2-4	1
CASSLSSADTQYF	TRBV7-9	TRBJ2-3	1
CASSLSSAVDTQYF	TRBV5-1	TRBJ2-3	1
CASSLSSDRGETQYF	TRBV27	TRBJ2-5	1
CASSLSSETQYF	TRBV5-4	TRBJ2-5	1
CASSLSSFGADTQYF	TRBV6-5	TRBJ2-3	1
CASSLSSGDASYNEQFF	TRBV27	TRBJ2-1	1
CASSLSSGDSYNEQFF	TRBV27	TRBJ2-1	1
CASSLSSGETQYF	TRBV7-3	TRBJ2-5	1
CASSLSSGGGTEAFF	TRBV4-2	TRBJ1-1	1
CASSLSSGGNEQFF	TRBV7-6	TRBJ2-1	1
CASSLSSGGSPSTDTQYF	TRBV11-2	TRBJ2-3	1
CASSLSSGGTHEQYF	TRBV27	TRBJ2-7	1
CASSLSSGGVNNEQFF	TRBV12-4	TRBJ2-1	1
CASSLSSGISNYGYTF	TRBV27	TRBJ1-2	1
CASSLSSGRGTDTQYF	TRBV27	TRBJ2-3	1
CASSLSSGRRDTQYF	TRBV13	TRBJ2-3	1
CASSLSSGRSDEQFF	TRBV28	TRBJ2-1	1
CASSLSSGRTDTQYF	TRBV7-3	TRBJ2-3	1
CASSLSSGSGLNYGYTF	TRBV27	TRBJ1-2	1
CASSLSSGSSYNEQFF	TRBV27	TRBJ2-1	1
CASSLSSGSTGELFF	TRBV7-6	TRBJ2-2	1
CASSLSSGSVYEQFF	TRBV6-3	TRBJ2-1	1
CASSLSSGSYQFF	TRBV27	TRBJ2-1	1
CASSLSSGTYEQYF	TRBV9	TRBJ2-7	321
CASSLSSGTYNEQFF	TRBV14	TRBJ2-1	1
CASSLSSGVTDTQYF	TRBV27	TRBJ2-3	1
CASSLSSHTNEKLFF	TRBV27	TRBJ1-4	1
CASSLSSLGYTF	TRBV5-4	TRBJ1-2	1
CASSLSSLINEQFF	TRBV27	TRBJ2-1	1
CASSLSSLLASHEQYF	TRBV27	TRBJ2-7	1
CASSLSSNQPQHF	TRBV5-1	TRBJ1-5	1
CASSLSSNTEAFF	TRBV4-3	TRBJ1-1	1
CASSLSSRTTGNTGELFF	TRBV7-9	TRBJ2-2	1
CASSLSSSGGPYNEQFF	TRBV27	TRBJ2-1	1
CASSLSSSGTYEQYF	TRBV7-6	TRBJ2-7	1
CASSLSSSSNYGYTF	TRBV7-3	TRBJ1-2	1
CASSLSSTANQPQHF	TRBV27	TRBJ1-5	1
CASSLSSTGELFF	TRBV5-4	TRBJ2-2	1
CASSLSSTGTDTQYF	TRBV27	TRBJ2-3	1
CASSLSSTNEQFF	TRBV27	TRBJ2-1	1
CASSLSSTSGGYTDTQYF	TRBV7-2	TRBJ2-3	1
CASSLSSTYEQYF	TRBV12-3	TRBJ2-7	1
CASSLSSYLGTQYF	TRBV13	TRBJ2-5	1
CASSLSSYNEQFF	TRBV11-2	TRBJ2-1	1
CASSLSSYTGELFF	TRBV7-9	TRBJ2-2	1
CASSLSSYYEQYF	TRBV5-1	TRBJ2-7	1
CASSLSTASPFGYTF	TRBV7-9	TRBJ1-2	1
CASSLSTATGELFF	TRBV7-9	TRBJ2-2	1
CASSLSTATYEQYF	TRBV28	TRBJ2-7	1
CASSLSTDGPISNTGELFF	TRBV12-4	TRBJ2-2	1
CASSLSTDTQYF	TRBV5-6	TRBJ2-3	1
CASSLSTEAFF	TRBV12-4	TRBJ1-1	1
CASSLSTFSEQYF	TRBV5-4	TRBJ2-7	1
CASSLSTGAFYNEQFF	TRBV28	TRBJ2-1	1
CASSLSTGDEKLFF	TRBV27	TRBJ1-4	2
CASSLSTGELFF	TRBV7-9	TRBJ2-2	1
CASSLSTGEQFF	TRBV5-1	TRBJ2-1	1
CASSLSTGGNYNEQFF	TRBV27	TRBJ2-1	1
CASSLSTGGPIGNQPQHF	TRBV7-2	TRBJ1-5	1
CASSLSTGGYEQYF	TRBV7-2	TRBJ2-7	1
CASSLSTGHTGELFF	TRBV13	TRBJ2-2	1
CASSLSTGNEQYF	TRBV7-3	TRBJ2-7	1
CASSLSTGTSNYGYTF	TRBV6-5	TRBJ1-2	1
CASSLSTGTYLFGQYF	TRBV7-9	TRBJ2-3	1
CASSLSTGVSETQYF	TRBV27	TRBJ2-5	1
CASSLSTGYEQYF	TRBV27	TRBJ2-7	1
CASSLSTLEQYF	TRBV5-6	TRBJ2-7	1
CASSLSTNEKLFF	TRBV7-9	TRBJ1-4	1
CASSLSTPYYEQYF	TRBV27	TRBJ2-7	1
CASSLSTQGTQYF	TRBV7-9	TRBJ2-3	1
CASSLSTSGGQYNEQFF	TRBV7-6	TRBJ2-1	1
CASSLSTSSYEQYF	TRBV27	TRBJ2-7	1
CASSLSTSTNEQYF	TRBV27	TRBJ2-7	1
CASSLSTTSTDTQYF	TRBV12-3	TRBJ2-3	1
CASSLSTVNTEAFF	TRBV27	TRBJ1-1	1
CASSLSTWTAFYNEQFF	TRBV27	TRBJ2-1	1
CASSLSVAGRHQETQYF	TRBV6-5	TRBJ2-5	1
CASSLSVAGRTEAFF	TRBV27	TRBJ1-1	1
CASSLSVDRSYEQYF	TRBV27	TRBJ2-7	1
CASSLSVDSPLGEQYF	TRBV27	TRBJ2-7	1
CASSLSVEAFF	TRBV5-5	TRBJ1-1	1
CASSLSVGGGAHEQYF	TRBV11-2	TRBJ2-7	1
CASSLSVGGSAEAFF	TRBV11-2	TRBJ1-1	1
CASSLSVHQPQHF	TRBV27	TRBJ1-5	1
CASSLSVHRVTDTQYF	TRBV7-9	TRBJ2-3	1
CASSLSVIAGGRETQYF	TRBV27	TRBJ2-5	1
CASSLSVNTEAFF	TRBV12-4	TRBJ1-1	1
CASSLSVPDTQYF	TRBV27	TRBJ2-3	1
CASSLSVRATYNEQFF	TRBV27	TRBJ2-1	1
CASSLSVREGVYGYTF	TRBV27	TRBJ1-2	1
CASSLSVRQGAGEQYF	TRBV6-5	TRBJ2-7	1
CASSLSVSGRGHEQFF	TRBV27	TRBJ2-1	1
CASSLSVTTDTQYF	TRBV4-1	TRBJ2-3	1
CASSLSVVNEQFF	TRBV5-4	TRBJ2-1	1
CASSLSWDEQFF	TRBV7-2	TRBJ2-1	1
CASSLSWDRGNTEAFF	TRBV5-6	TRBJ1-1	1
CASSLSWDSLTGELFF	TRBV12-4	TRBJ2-2	1
CASSLSWDSNEKLFF	TRBV13	TRBJ1-4	1
CASSLSWGAGNTIYF	TRBV27	TRBJ1-3	1
CASSLSWGDTEAFF	TRBV7-8	TRBJ1-1	1
CASSLSWGQETQYF	TRBV27	TRBJ2-5	1
CASSLSWGQETQYF	TRBV28	TRBJ2-5	1
CASSLSWGRDRELFF	TRBV27	TRBJ2-2	1
CASSLSWGRTEAFF	TRBV4-1	TRBJ1-1	1
CASSLSWGTGTGIYEQYF	TRBV27	TRBJ2-7	1
CASSLSWHNNQPQHF	TRBV27	TRBJ1-5	1
CASSLSWNQPQHF	TRBV27	TRBJ1-5	1
CASSLSWQELYGYTF	TRBV5-1	TRBJ1-2	4
CASSLSWQETQYF	TRBV27	TRBJ2-5	1
CASSLSWRGGYTF	TRBV27	TRBJ1-2	1
CASSLSWSSDSLYNEQFF	TRBV27	TRBJ2-1	1
CASSLSWTSVREYNEQFF	TRBV28	TRBJ2-1	1
CASSLSWVDEQYF	TRBV5-4	TRBJ2-7	1
CASSLSWWAGGGYGYTF	TRBV11-2	TRBJ1-2	1
CASSLSYEQYF	TRBV12-4	TRBJ2-7	1
CASSLSYGAYQETQYF	TRBV5-6	TRBJ2-5	1
CASSLSYGETQYF	TRBV27	TRBJ2-5	1
CASSLSYGSISYEQYF	TRBV7-9	TRBJ2-7	1
CASSLSYNEQFF	TRBV5-1	TRBJ2-1	1
CASSLSYPGENTEAFF	TRBV27	TRBJ1-1	1
CASSLTAAEQFF	TRBV11-2	TRBJ2-1	1
CASSLTAAEWTQYF	TRBV11-1	TRBJ2-3	4
CASSLTAGRIEQFF	TRBV27	TRBJ2-1	1
CASSLTAGRWGTDTQYF	TRBV13	TRBJ2-3	1
CASSLTALGRGTDTQYF	TRBV11-2	TRBJ2-3	1
CASSLTANTEAFF	TRBV28	TRBJ1-1	1
CASSLTANTEAFF	TRBV5-1	TRBJ1-1	1
CASSLTANTGELFF	TRBV5-6	TRBJ2-2	1
CASSLTANYGYTF	TRBV7-3	TRBJ1-2	1
CASSLTAPYEQYF	TRBV5-1	TRBJ2-7	1
CASSLTATLNNEQFF	TRBV7-3	TRBJ2-1	1
CASSLTAYFGVF	TRBV12-3	TRBJ1-1	1
CASSLTAYTEFTDTQYF	TRBV7-6	TRBJ2-3	1
CASSLTDETYEQYF	TRBV13	TRBJ2-7	1
CASSLTDPRDGEQYF	TRBV27	TRBJ2-7	1
CASSLTDRAGTDTQYF	TRBV7-3	TRBJ2-3	1
CASSLTDRLNEQFF	TRBV5-1	TRBJ2-1	1
CASSLTDRSSYEQYF	TRBV7-9	TRBJ2-7	1
CASSLTDSEVRGYTF	TRBV6-3	TRBJ1-2	6
CASSLTDSISYEQYF	TRBV5-1	TRBJ2-7	1
CASSLTDSMNTEAFF	TRBV6-5	TRBJ1-1	1
CASSLTDSWNGYTF	TRBV5-1	TRBJ1-2	1
CASSLTDTQYF	TRBV2	TRBJ2-3	1
CASSLTDTQYF	TRBV28	TRBJ2-3	5
CASSLTDTQYF	TRBV5-1	TRBJ2-3	1
CASSLTDTRAYEQYF	TRBV7-9	TRBJ2-7	1
CASSLTDYNEQFF	TRBV28	TRBJ2-1	1
CASSLTEGASTEAFF	TRBV7-8	TRBJ1-1	1
CASSLTEGIFNEQFF	TRBV27	TRBJ2-1	1
CASSLTEKLFF	TRBV7-9	TRBJ1-4	1
CASSLTENNYGYTF	TRBV27	TRBJ1-2	1
CASSLTESSYEQYF	TRBV27	TRBJ2-7	1
CASSLTESYEQYF	TRBV7-7	TRBJ2-7	1
CASSLTETALYNEQFF	TRBV5-4	TRBJ2-1	1
CASSLTFESGANVLTF	TRBV6-5	TRBJ2-6	1
CASSLTFQDNYGYTF	TRBV2	TRBJ1-2	1
CASSLTFSGANVLTF	TRBV7-9	TRBJ2-6	1
CASSLTGAEAFF	TRBV11-3	TRBJ1-1	1
CASSLTGAEAFF	TRBV12-4	TRBJ1-1	1
CASSLTGAESPLHF	TRBV27	TRBJ1-6	1
CASSLTGAGELFF	TRBV19	TRBJ2-2	1
CASSLTGANEKLFF	TRBV27	TRBJ1-4	1
CASSLTGAPTDTQYF	TRBV5-6	TRBJ2-3	1
CASSLTGAQETQYF	TRBV12-4	TRBJ2-5	1
CASSLTGAYEQYF	TRBV7-9	TRBJ2-7	1
CASSLTGDAQYF	TRBV27	TRBJ2-5	1
CASSLTGDEQYF	TRBV7-9	TRBJ2-7	1
CASSLTGDGEKLFF	TRBV27	TRBJ1-4	1
CASSLTGDGPQHF	TRBV28	TRBJ1-5	1
CASSLTGDGTEAFF	TRBV3-1	TRBJ1-1	1
CASSLTGDGYTF	TRBV9	TRBJ1-2	1
CASSLTGDLFYEQYF	TRBV6-3	TRBJ2-7	1
CASSLTGDQPQHF	TRBV12-4	TRBJ1-5	1
CASSLTGDSGNTIYF	TRBV6-6	TRBJ1-3	1
CASSLTGEADTQYF	TRBV27	TRBJ2-3	1
CASSLTGEGNYGYTF	TRBV27	TRBJ1-2	1
CASSLTGEGQYTEAFF	TRBV27	TRBJ1-1	1
CASSLTGEGSPLHF	TRBV28	TRBJ1-6	1
CASSLTGELFF	TRBV6-6	TRBJ2-2	1
CASSLTGESYEQYF	TRBV13	TRBJ2-7	2
CASSLTGEVEAFF	TRBV18	TRBJ1-1	1
CASSLTGFDYGYTF	TRBV7-3	TRBJ1-2	1
CASSLTGFGGQPQHF	TRBV4-1	TRBJ1-5	1
CASSLTGFGYEQYF	TRBV28	TRBJ2-7	1
CASSLTGFRATNEKLFF	TRBV27	TRBJ1-4	1
CASSLTGFSWKHHIF	TRBV7-6	TRBJ1-3	1
CASSLTGGAEAFF	TRBV4-2	TRBJ1-1	1
CASSLTGGAEKLFF	TRBV28	TRBJ1-4	1
CASSLTGGAGETQYF	TRBV5-1	TRBJ2-5	1
CASSLTGGAGNEQFF	TRBV9	TRBJ2-1	1
CASSLTGGDGYTF	TRBV27	TRBJ1-2	1
CASSLTGGDTQYF	TRBV28	TRBJ2-3	1
CASSLTGGEDEKLFF	TRBV11-1	TRBJ1-4	1
CASSLTGGFDNEQFF	TRBV27	TRBJ2-1	1
CASSLTGGFGYTF	TRBV7-2	TRBJ1-2	1
CASSLTGGFSGNQPQHF	TRBV5-1	TRBJ1-5	1
CASSLTGGGNSPLHF	TRBV7-3	TRBJ1-6	1
CASSLTGGGTEAFF	TRBV12-4	TRBJ1-1	1
CASSLTGGGTGELFF	TRBV6-3	TRBJ2-2	1
CASSLTGGGTGELFF	TRBV7-3	TRBJ2-2	1
CASSLTGGGVYNEQFF	TRBV7-3	TRBJ2-1	1
CASSLTGGGYNEQFF	TRBV7-3	TRBJ2-1	1
CASSLTGGHGYTF	TRBV6-3	TRBJ1-2	1
CASSLTGGKGNEQFF	TRBV6-5	TRBJ2-1	1
CASSLTGGLAGELFF	TRBV6-5	TRBJ2-2	1
CASSLTGGLAGVADTQYF	TRBV3-1	TRBJ2-3	1
CASSLTGGLNNEQFF	TRBV9	TRBJ2-1	1
CASSLTGGMREQYF	TRBV7-2	TRBJ2-7	1
CASSLTGGNSPLHF	TRBV28	TRBJ1-6	1
CASSLTGGPGHINEQFF	TRBV4-2	TRBJ2-1	1
CASSLTGGPVEQYF	TRBV5-4	TRBJ2-7	1
CASSLTGGQVNTEAFF	TRBV28	TRBJ1-1	1
CASSLTGGSTEAFF	TRBV11-2	TRBJ1-1	1
CASSLTGGSTEAFF	TRBV9	TRBJ1-1	1
CASSLTGGSYEQYF	TRBV27	TRBJ2-7	1
CASSLTGGSYEQYF	TRBV4-3	TRBJ2-7	1
CASSLTGGSYEQYF	TRBV5-6	TRBJ2-7	1
CASSLTGGTEAFF	TRBV25-1	TRBJ1-1	1
CASSLTGGVREQYF	TRBV7-9	TRBJ2-7	1
CASSLTGGVVNTEAFF	TRBV5-6	TRBJ1-1	1
CASSLTGGVYNEQFF	TRBV5-4	TRBJ2-1	1
CASSLTGGWDEQFF	TRBV7-6	TRBJ2-1	1
CASSLTGGYEQYF	TRBV7-9	TRBJ2-7	1
CASSLTGGYQPQHF	TRBV12-4	TRBJ1-5	1
CASSLTGIEAFF	TRBV5-1	TRBJ1-1	1
CASSLTGIYEQYF	TRBV12-4	TRBJ2-7	1
CASSLTGLAADTEQYF	TRBV7-9	TRBJ2-7	1
CASSLTGLADTQYF	TRBV12-4	TRBJ2-3	1
CASSLTGLGDTQYF	TRBV12-4	TRBJ2-3	1
CASSLTGLGGTEQFF	TRBV7-3	TRBJ2-1	1
CASSLTGLGQPQHF	TRBV28	TRBJ1-5	1
CASSLTGLNIQYF	TRBV28	TRBJ2-4	1
CASSLTGLSYEQYF	TRBV12-4	TRBJ2-7	1
CASSLTGMDNEQFF	TRBV28	TRBJ2-1	1
CASSLTGMGTDTQYF	TRBV27	TRBJ2-3	1
CASSLTGNEKLFF	TRBV28	TRBJ1-4	1
CASSLTGNEQYF	TRBV6-3	TRBJ2-7	1
CASSLTGNPEAFF	TRBV27	TRBJ1-1	1
CASSLTGNTEAFF	TRBV9	TRBJ1-1	1
CASSLTGNWDIQYF	TRBV5-1	TRBJ2-4	1
CASSLTGPDSPLHF	TRBV27	TRBJ1-6	1
CASSLTGPEQFF	TRBV11-1	TRBJ2-1	1
CASSLTGPTEAFF	TRBV5-6	TRBJ1-1	1
CASSLTGPTREAFF	TRBV7-3	TRBJ1-1	1
CASSLTGPYEQYF	TRBV27	TRBJ2-7	1
CASSLTGQGAGSGYTF	TRBV27	TRBJ1-2	1
CASSLTGQGEQFF	TRBV28	TRBJ2-1	1
CASSLTGQGNEQFF	TRBV27	TRBJ2-1	1
CASSLTGQGSYNEQFF	TRBV7-9	TRBJ2-1	1
CASSLTGQPQHF	TRBV7-2	TRBJ1-5	1
CASSLTGQSQRVYGYTF	TRBV7-3	TRBJ1-2	18
CASSLTGQTNYGYTF	TRBV7-3	TRBJ1-2	1
CASSLTGQVETQYF	TRBV27	TRBJ2-5	1
CASSLTGQVNEQYF	TRBV7-3	TRBJ2-7	1
CASSLTGRAYEQYF	TRBV28	TRBJ2-7	1
CASSLTGRGGVHEQFF	TRBV19	TRBJ2-1	1
CASSLTGRSYEQYF	TRBV13	TRBJ2-7	1
CASSLTGRTYEQYF	TRBV27	TRBJ2-7	1
CASSLTGSEEKLFF	TRBV9	TRBJ1-4	1
CASSLTGSEQYF	TRBV27	TRBJ2-7	1
CASSLTGSFYEQYF	TRBV7-9	TRBJ2-7	1
CASSLTGSGDSPLHF	TRBV5-4	TRBJ1-6	1
CASSLTGSPTSTDTQYF	TRBV7-8	TRBJ2-3	1
CASSLTGSYNEQFF	TRBV12-3	TRBJ2-1	1
CASSLTGTAYEQYF	TRBV7-3	TRBJ2-7	1
CASSLTGTEAFF	TRBV7-3	TRBJ1-1	1
CASSLTGTEAFF	TRBV7-9	TRBJ1-1	1
CASSLTGTGGKNGYTF	TRBV27	TRBJ1-2	1
CASSLTGTGNYGYTF	TRBV27	TRBJ1-2	1
CASSLTGTGSGNTIYF	TRBV7-3	TRBJ1-3	1
CASSLTGTGSYEQYF	TRBV28	TRBJ2-7	1
CASSLTGTHEQYF	TRBV28	TRBJ2-7	1
CASSLTGTKGDEQFF	TRBV28	TRBJ2-1	1
CASSLTGTNEKLFF	TRBV6-6	TRBJ1-4	1
CASSLTGTPAYEQYF	TRBV6-5	TRBJ2-7	1
CASSLTGTPHEQYF	TRBV7-9	TRBJ2-7	1
CASSLTGTPSTDTQYF	TRBV5-4	TRBJ2-3	1
CASSLTGTSGYEQYF	TRBV19	TRBJ2-7	6
CASSLTGTVYNEKLFF	TRBV27	TRBJ1-4	1
CASSLTGTYGYTF	TRBV27	TRBJ1-2	1
CASSLTGVAYEQYF	TRBV18	TRBJ2-7	1
CASSLTGVFAYNEQFF	TRBV7-8	TRBJ2-1	1
CASSLTGVGGANGYTF	TRBV7-3	TRBJ1-2	1
CASSLTGVGREQYF	TRBV28	TRBJ2-7	1
CASSLTGVLEAFF	TRBV27	TRBJ1-1	1
CASSLTGVNQPQHF	TRBV28	TRBJ1-5	1
CASSLTGVNSPLHF	TRBV28	TRBJ1-6	1
CASSLTGVSYNEQFF	TRBV7-9	TRBJ2-1	1
CASSLTGWGGGDTQYF	TRBV7-3	TRBJ2-3	1
CASSLTGYEQYF	TRBV27	TRBJ2-7	1
CASSLTGYMAEAFF	TRBV5-1	TRBJ1-1	1
CASSLTGYNEQFF	TRBV5-1	TRBJ2-1	1
CASSLTGYNEQFF	TRBV6-3	TRBJ2-1	1
CASSLTGYNEQFF	TRBV7-3	TRBJ2-1	1
CASSLTGYNSPLHF	TRBV28	TRBJ1-6	1
CASSLTGYSPLHF	TRBV7-3	TRBJ1-6	1
CASSLTGYTGELFF	TRBV19	TRBJ2-2	1
CASSLTGYTGELFF	TRBV5-6	TRBJ2-2	1
CASSLTHARDEQFF	TRBV7-6	TRBJ2-1	1
CASSLTHDSPLHF	TRBV27	TRBJ1-6	1
CASSLTINEKLFF	TRBV4-3	TRBJ1-4	1
CASSLTLAAYNEQFF	TRBV5-5	TRBJ2-1	1
CASSLTLAEAETQYF	TRBV6-5	TRBJ2-5	1
CASSLTLAGTSGELFF	TRBV7-2	TRBJ2-2	1
CASSLTLAKNIQYF	TRBV11-2	TRBJ2-4	1
CASSLTLDREHTEAFF	TRBV11-1	TRBJ1-1	1
CASSLTLDSYEQYF	TRBV2	TRBJ2-7	1
CASSLTLGEQGFYGYTF	TRBV7-3	TRBJ1-2	1
CASSLTLGFLARELFF	TRBV12-3	TRBJ2-2	1
CASSLTLGTSYEQYF	TRBV4-3	TRBJ2-7	1
CASSLTLLVGSNEQFF	TRBV7-3	TRBJ2-1	1
CASSLTLNYGYTF	TRBV7-9	TRBJ1-2	1
CASSLTLPGPEYNEQFF	TRBV7-3	TRBJ2-1	1
CASSLTLQTTYEQYF	TRBV7-9	TRBJ2-7	1
CASSLTLRGFDTEAFF	TRBV13	TRBJ1-1	1
CASSLTLSDTQYF	TRBV5-4	TRBJ2-3	1
CASSLTLSYEQYF	TRBV5-5	TRBJ2-7	1
CASSLTLTGGTDTQYF	TRBV7-3	TRBJ2-3	1
CASSLTLTSGNRDEQFF	TRBV5-1	TRBJ2-1	1
CASSLTLVGWDTEAFF	TRBV27	TRBJ1-1	1
CASSLTNEQYF	TRBV5-4	TRBJ2-7	1
CASSLTNLPQETQYF	TRBV7-4	TRBJ2-5	1
CASSLTNPLAGVQETQYF	TRBV6-3	TRBJ2-5	1
CASSLTPAEGRGYTF	TRBV27	TRBJ1-2	1
CASSLTPAGSTEAFF	TRBV28	TRBJ1-1	1
CASSLTPAQEAFF	TRBV12-4	TRBJ1-1	1
CASSLTPELEQYF	TRBV7-9	TRBJ2-7	1
CASSLTPGAGTEAFF	TRBV5-4	TRBJ1-1	1
CASSLTPGDEQFF	TRBV7-3	TRBJ2-1	1
CASSLTPGDRGDGLAPYNEQFF	TRBV7-3	TRBJ2-1	1
CASSLTPGGDEQYF	TRBV11-2	TRBJ2-7	1
CASSLTPGGGSYGYTF	TRBV19	TRBJ1-2	1
CASSLTPGGSYTEAFF	TRBV7-6	TRBJ1-1	1
CASSLTPGLPPYEQYF	TRBV11-1	TRBJ2-7	1
CASSLTPGTDTQYF	TRBV7-3	TRBJ2-3	1
CASSLTPLSTDTQYF	TRBV4-1	TRBJ2-3	1
CASSLTPNTEAFF	TRBV5-1	TRBJ1-1	1
CASSLTPPAVAGNEQFF	TRBV6-5	TRBJ2-1	1
CASSLTPPGASGGEQFF	TRBV27	TRBJ2-1	1
CASSLTPPGRVAYEQYF	TRBV27	TRBJ2-7	1
CASSLTPPHAVLSNQPQHF	TRBV27	TRBJ1-5	1
CASSLTPPQYF	TRBV12-3	TRBJ2-7	1
CASSLTPREAFF	TRBV4-2	TRBJ1-1	1
CASSLTPRQTPQETQYF	TRBV27	TRBJ2-5	1
CASSLTPRRGFQETQYF	TRBV7-2	TRBJ2-5	1
CASSLTPYEQYF	TRBV11-1	TRBJ2-7	1
CASSLTQDSQETQYF	TRBV7-3	TRBJ2-5	1
CASSLTQGGKETQYF	TRBV7-9	TRBJ2-5	1
CASSLTQWDQPQHF	TRBV7-2	TRBJ1-5	1
CASSLTRAAYEQYF	TRBV5-5	TRBJ2-7	1
CASSLTRAGGGETQYF	TRBV28	TRBJ2-5	1
CASSLTRAHGYTF	TRBV11-2	TRBJ1-2	1
CASSLTRDRDYYEQYF	TRBV27	TRBJ2-7	1
CASSLTRDRGLQETQYF	TRBV7-8	TRBJ2-5	1
CASSLTREGAFF	TRBV7-9	TRBJ1-1	1
CASSLTRESNEQFF	TRBV5-6	TRBJ2-1	1
CASSLTRGGRDEQYF	TRBV28	TRBJ2-7	1
CASSLTRGMAGELFF	TRBV5-4	TRBJ2-2	11
CASSLTRGTGEDEAFF	TRBV7-3	TRBJ1-1	1
CASSLTRGTKAEQFF	TRBV28	TRBJ2-1	1
CASSLTRGVGGELFF	TRBV11-2	TRBJ2-2	1
CASSLTRGYLVNSPLHF	TRBV7-8	TRBJ1-6	1
CASSLTRLASTDTQYF	TRBV7-2	TRBJ2-3	1
CASSLTRLGDAKLFF	TRBV27	TRBJ1-4	1
CASSLTRPSGCEAFF	TRBV12-3	TRBJ1-1	1
CASSLTRQDYEQYF	TRBV27	TRBJ2-7	1
CASSLTRQGGTEAFF	TRBV7-3	TRBJ1-1	1
CASSLTRQGSYEQYF	TRBV7-9	TRBJ2-7	1
CASSLTRRAAEAFF	TRBV11-2	TRBJ1-1	1
CASSLTRTRPLSYEQYF	TRBV7-3	TRBJ2-7	1
CASSLTSAAEFF	TRBV5-4	TRBJ2-1	2
CASSLTSAIGELFF	TRBV7-7	TRBJ2-2	1
CASSLTSATQYF	TRBV11-2	TRBJ2-5	1
CASSLTSAYNEQFF	TRBV6-3	TRBJ2-1	1
CASSLTSDRRNNEQFF	TRBV28	TRBJ2-1	1
CASSLTSEGPRSGELFF	TRBV7-3	TRBJ2-2	1
CASSLTSEGYEQYF	TRBV7-8	TRBJ2-7	1
CASSLTSETSYEQYF	TRBV7-2	TRBJ2-7	1
CASSLTSGDTQYF	TRBV5-4	TRBJ2-3	1
CASSLTSGEETQYF	TRBV18	TRBJ2-5	1
CASSLTSGEQFF	TRBV5-1	TRBJ2-1	1
CASSLTSGGAMNEQFF	TRBV5-1	TRBJ2-1	1
CASSLTSGGATDTQYF	TRBV9	TRBJ2-3	1
CASSLTSGGAYEQYF	TRBV5-1	TRBJ2-7	1
CASSLTSGGHEQYF	TRBV12-4	TRBJ2-7	1
CASSLTSGGPAQYF	TRBV7-2	TRBJ2-3	1
CASSLTSGGPVTDTQYF	TRBV13	TRBJ2-3	1
CASSLTSGGQLFSYNEQFF	TRBV7-2	TRBJ2-1	1
CASSLTSGGQYEQYF	TRBV7-2	TRBJ2-7	1
CASSLTSGGSTDTQYF	TRBV11-3	TRBJ2-3	1
CASSLTSGGTDTQYF	TRBV9	TRBJ2-3	1
CASSLTSGGTYEQYF	TRBV27	TRBJ2-7	1
CASSLTSGGYNEQFF	TRBV11-1	TRBJ2-1	1
CASSLTSGKPYEQYF	TRBV6-5	TRBJ2-7	1
CASSLTSGLELFF	TRBV27	TRBJ1-4	1
CASSLTSGLYNEQFF	TRBV6-6	TRBJ2-1	1
CASSLTSGMETQYF	TRBV6-5	TRBJ2-5	1
CASSLTSGNTEAFF	TRBV7-3	TRBJ1-1	1
CASSLTSGRFDEQYF	TRBV7-2	TRBJ2-7	3
CASSLTSGRHNEQFF	TRBV7-9	TRBJ2-1	1
CASSLTSGRNTDTQYF	TRBV27	TRBJ2-3	1
CASSLTSGRPDTQYF	TRBV27	TRBJ2-3	1
CASSLTSGRPDTQYF	TRBV7-3	TRBJ2-3	1
CASSLTSGSIYEQFF	TRBV27	TRBJ2-1	1
CASSLTSGSYEQYF	TRBV13	TRBJ2-7	1
CASSLTSGTEQFF	TRBV7-3	TRBJ2-1	1
CASSLTSGTGANVLTF	TRBV27	TRBJ2-6	1
CASSLTSGTGRFRPLHF	TRBV27	TRBJ1-6	1
CASSLTSGTGVHNEQFF	TRBV7-3	TRBJ2-1	1
CASSLTSGTHSYEQYF	TRBV28	TRBJ2-7	1
CASSLTSGTVYEQFF	TRBV19	TRBJ2-1	1
CASSLTSGTYEQYF	TRBV7-3	TRBJ2-7	1
CASSLTSGVSETQYF	TRBV7-3	TRBJ2-5	1
CASSLTSLGSGSTDTQYF	TRBV3-1	TRBJ2-3	1
CASSLTSLGYGYTF	TRBV12-4	TRBJ1-2	1
CASSLTSLHEQFF	TRBV13	TRBJ2-1	1
CASSLTSLTDTQYF	TRBV27	TRBJ2-3	1
CASSLTSNLDEKLFF	TRBV27	TRBJ1-4	1
CASSLTSRDQWDEQFF	TRBV12-4	TRBJ2-1	1
CASSLTSRGGNGYTF	TRBV7-2	TRBJ1-2	2
CASSLTSRGWPYEQYF	TRBV7-3	TRBJ2-7	1
CASSLTSSAAYGYTF	TRBV7-3	TRBJ1-2	1
CASSLTSSLAGDYSEQFF	TRBV7-3	TRBJ2-1	1
CASSLTSSSYNEQFF	TRBV6-4	TRBJ2-1	1
CASSLTSSYEQYF	TRBV12-3	TRBJ2-7	1
CASSLTSTGPVSYQETQYF	TRBV7-3	TRBJ2-5	1
CASSLTSTPYEQYF	TRBV7-8	TRBJ2-7	1
CASSLTSWTHSTDTQYF	TRBV12-4	TRBJ2-3	1
CASSLTTDSGNQPQHF	TRBV5-6	TRBJ1-5	1
CASSLTTGALETQYF	TRBV7-2	TRBJ2-5	1
CASSLTTGGAYYGYTF	TRBV7-2	TRBJ1-2	1
CASSLTTGGRNEQFF	TRBV13	TRBJ2-1	37
CASSLTTGIGNTIYF	TRBV7-6	TRBJ1-3	1
CASSLTTGIINSPLHF	TRBV4-1	TRBJ1-6	1
CASSLTTGIVDTEAFF	TRBV6-5	TRBJ1-1	1
CASSLTTGSTDTQYF	TRBV7-2	TRBJ2-3	1
CASSLTTGTDTQYF	TRBV28	TRBJ2-3	2
CASSLTTGVYTEAFF	TRBV5-1	TRBJ1-1	1
CASSLTTPIETQYF	TRBV11-1	TRBJ2-5	1
CASSLTTPPFNEQFF	TRBV7-6	TRBJ2-1	1
CASSLTTRTPPPPYEQYF	TRBV5-1	TRBJ2-7	1
CASSLTTSGHNEQFF	TRBV7-2	TRBJ2-1	1
CASSLTTSGRVHNEQFF	TRBV5-1	TRBJ2-1	1
CASSLTTSSYEQYF	TRBV12-4	TRBJ2-7	1
CASSLTVASTDTQYF	TRBV7-2	TRBJ2-3	1
CASSLTVDPLGETQYF	TRBV7-3	TRBJ2-5	1
CASSLTVGAPNQPQHF	TRBV28	TRBJ1-5	1
CASSLTVGELFF	TRBV5-1	TRBJ2-2	1
CASSLTVGRGLRDEQFF	TRBV7-3	TRBJ2-1	1
CASSLTVGVASEGNSPLHF	TRBV28	TRBJ1-6	1
CASSLTVKDSPLHF	TRBV7-9	TRBJ1-6	1
CASSLTVMAKNIQYF	TRBV5-6	TRBJ2-4	1
CASSLTVNTEAFF	TRBV27	TRBJ1-1	1
CASSLTVTGELFF	TRBV27	TRBJ2-2	1
CASSLTVVNTEAFF	TRBV5-6	TRBJ1-1	1
CASSLTVYEQYF	TRBV7-9	TRBJ2-7	1
CASSLTVYNEQFF	TRBV28	TRBJ2-1	1
CASSLTWDEQFF	TRBV6-3	TRBJ2-1	1
CASSLTWFLVTVGVKKTHEQYF	TRBV7-3	TRBJ2-7	1
CASSLTWGNGELFF	TRBV5-1	TRBJ2-2	1
CASSLTWTGGNYEQYF	TRBV27	TRBJ2-7	1
CASSLTWTYEISGANVLTF	TRBV5-5	TRBJ2-6	1
CASSLTYLGGELFF	TRBV7-3	TRBJ2-2	1
CASSLTYNTEAFF	TRBV28	TRBJ1-1	1
CASSLTYREGNQPQHF	TRBV5-1	TRBJ1-5	1
CASSLTYTEPTNYGYTF	TRBV7-3	TRBJ1-2	1
CASSLVAATTTDTQYF	TRBV5-1	TRBJ2-3	1
CASSLVADGEGYTF	TRBV12-4	TRBJ1-2	1
CASSLVADTQYF	TRBV7-2	TRBJ2-3	1
CASSLVAERTDTQYF	TRBV27	TRBJ2-3	1
CASSLVAFQSYNEQFF	TRBV7-2	TRBJ2-1	1
CASSLVAGAGANVLTF	TRBV7-9	TRBJ2-6	1
CASSLVAGANNEQFF	TRBV7-9	TRBJ2-1	1
CASSLVAGASNQPQHF	TRBV12-4	TRBJ1-5	1
CASSLVAGELFF	TRBV5-1	TRBJ2-2	1
CASSLVAGELFF	TRBV7-2	TRBJ2-2	1
CASSLVAGELFF	TRBV7-6	TRBJ2-2	1
CASSLVAGELNEQFF	TRBV5-6	TRBJ2-1	1
CASSLVAGGGYTF	TRBV11-2	TRBJ1-2	1
CASSLVAGGHEQYF	TRBV7-9	TRBJ2-7	1
CASSLVAGGNYEQYF	TRBV7-6	TRBJ2-7	1
CASSLVAGGPDTQYF	TRBV13	TRBJ2-3	1
CASSLVAGGPFADTQYF	TRBV27	TRBJ2-3	1
CASSLVAGGSSNQPQHF	TRBV7-2	TRBJ1-5	1
CASSLVAGPPYEQYF	TRBV7-8	TRBJ2-7	1
CASSLVAGPSVGEQFF	TRBV11-2	TRBJ2-1	1
CASSLVAGRPPTLHF	TRBV5-6	TRBJ1-6	1
CASSLVAGSSNEQFF	TRBV27	TRBJ2-1	1
CASSLVAGSSYEQYF	TRBV27	TRBJ2-7	1
CASSLVAGSYNEQFF	TRBV28	TRBJ2-1	1
CASSLVAGTYNEQFF	TRBV7-8	TRBJ2-1	1
CASSLVAHTQYF	TRBV5-1	TRBJ2-3	1
CASSLVALAGGYEQYF	TRBV7-6	TRBJ2-7	1
CASSLVANYGYTF	TRBV5-5	TRBJ1-2	1
CASSLVAPDQNTGELFF	TRBV7-3	TRBJ2-2	1
CASSLVARGQETQYF	TRBV7-8	TRBJ2-5	1
CASSLVARTLDTQYF	TRBV5-8	TRBJ2-3	1
CASSLVASGSTYEQYF	TRBV7-6	TRBJ2-7	1
CASSLVASGYTSTDTQYF	TRBV13	TRBJ2-3	1
CASSLVASTDTQYF	TRBV5-4	TRBJ2-3	1
CASSLVATGLSYEQYF	TRBV7-8	TRBJ2-7	1
CASSLVAVPRDTQYF	TRBV7-2	TRBJ2-3	1
CASSLVDHQAFF	TRBV5-6	TRBJ1-1	1
CASSLVDIDGYTF	TRBV7-9	TRBJ1-2	1
CASSLVDISGNTIYF	TRBV28	TRBJ1-3	1
CASSLVDNTDTQYF	TRBV5-1	TRBJ2-3	1
CASSLVDRGPTEAFF	TRBV5-4	TRBJ1-1	1
CASSLVDRGPTYNEQFF	TRBV11-1	TRBJ2-1	1
CASSLVDSFSGNTIYF	TRBV5-1	TRBJ1-3	1
CASSLVDSLGQETQYF	TRBV12-4	TRBJ2-5	1
CASSLVDSSLAKNIQYF	TRBV5-6	TRBJ2-4	1
CASSLVDSWDEQYF	TRBV7-9	TRBJ2-7	1
CASSLVDTEQYF	TRBV5-1	TRBJ2-7	1
CASSLVEAFF	TRBV11-2	TRBJ1-1	1
CASSLVEERGDTQYF	TRBV27	TRBJ2-3	1
CASSLVEGAYEQYF	TRBV12-4	TRBJ2-7	1
CASSLVEGGLAGSYNEQFF	TRBV7-6	TRBJ2-1	4
CASSLVEGKEQYF	TRBV27	TRBJ2-7	1
CASSLVEGLETQYF	TRBV7-9	TRBJ2-5	1
CASSLVEGTEAFF	TRBV5-4	TRBJ1-1	1
CASSLVENTEAFF	TRBV28	TRBJ1-1	1
CASSLVEPRLVSADEQFF	TRBV27	TRBJ2-1	1
CASSLVERPNYGYTF	TRBV7-9	TRBJ1-2	1
CASSLVETDTQYF	TRBV27	TRBJ2-3	1
CASSLVEVITDTQYF	TRBV12-4	TRBJ2-3	1
CASSLVEYNEQFF	TRBV7-6	TRBJ2-1	1
CASSLVFDNEQFF	TRBV7-3	TRBJ2-1	1
CASSLVFGDGYTF	TRBV5-1	TRBJ1-2	1
CASSLVFGQLNTEAFF	TRBV7-2	TRBJ1-1	1
CASSLVFPDTQYF	TRBV7-9	TRBJ2-3	1
CASSLVFQKWETQYF	TRBV7-9	TRBJ2-5	1
CASSLVFQRGIGEQYF	TRBV12-4	TRBJ2-7	1
CASSLVFRGQETQYF	TRBV7-8	TRBJ2-5	1
CASSLVFRHGGSYEQYF	TRBV7-8	TRBJ2-7	1
CASSLVFVYGGPFVDEQFF	TRBV5-6	TRBJ2-1	1
CASSLVGADAGEQFF	TRBV12-4	TRBJ2-1	1
CASSLVGAGGNTEAFF	TRBV7-9	TRBJ1-1	1
CASSLVGAGTEQFF	TRBV27	TRBJ2-1	1
CASSLVGALDTQYF	TRBV7-3	TRBJ2-3	1
CASSLVGATGEKLFF	TRBV3-1	TRBJ1-4	1
CASSLVGATYNEQFF	TRBV12-3	TRBJ2-1	1
CASSLVGDEQFF	TRBV7-9	TRBJ2-1	1
CASSLVGDEQYF	TRBV5-1	TRBJ2-7	1
CASSLVGDGTYEQYF	TRBV7-8	TRBJ2-7	1
CASSLVGDQETQYF	TRBV5-4	TRBJ2-5	1
CASSLVGDSTYEQYF	TRBV5-1	TRBJ2-7	1
CASSLVGDSYEQYF	TRBV5-1	TRBJ2-7	1
CASSLVGEGLEQYF	TRBV12-3	TRBJ2-7	1
CASSLVGEQYF	TRBV5-6	TRBJ2-7	1
CASSLVGFEQYF	TRBV11-2	TRBJ2-7	1
CASSLVGFSSYEQYF	TRBV28	TRBJ2-7	1
CASSLVGGAGYGYTF	TRBV11-2	TRBJ1-2	1
CASSLVGGAISGANVLTF	TRBV7-8	TRBJ2-6	1
CASSLVGGAKNIQYF	TRBV27	TRBJ2-4	1
CASSLVGGAPDTQYF	TRBV5-4	TRBJ2-3	1
CASSLVGGDDEQYF	TRBV5-1	TRBJ2-7	1
CASSLVGGEHTGELFF	TRBV7-2	TRBJ2-2	1
CASSLVGGEQYF	TRBV12-4	TRBJ2-7	1
CASSLVGGFGFETQYF	TRBV11-2	TRBJ2-5	1
CASSLVGGHKKNTGELFF	TRBV7-8	TRBJ2-2	1
CASSLVGGKMNTEAFF	TRBV28	TRBJ1-1	1
CASSLVGGLGEQETQYF	TRBV5-4	TRBJ2-5	1
CASSLVGGLGQPQHF	TRBV28	TRBJ1-5	1
CASSLVGGNSPLHF	TRBV13	TRBJ1-6	1
CASSLVGGPDEQYF	TRBV5-1	TRBJ2-7	1
CASSLVGGQETQYF	TRBV5-4	TRBJ2-5	1
CASSLVGGQETQYF	TRBV7-9	TRBJ2-5	1
CASSLVGGQGVGGYTF	TRBV7-2	TRBJ1-2	1
CASSLVGGRSPLHF	TRBV5-5	TRBJ1-6	1
CASSLVGGRVAKNIQYF	TRBV7-2	TRBJ2-4	1
CASSLVGGSDTEAFF	TRBV5-1	TRBJ1-1	1
CASSLVGGSEQYF	TRBV12-4	TRBJ2-7	1
CASSLVGGSTDTQYF	TRBV7-3	TRBJ2-3	1
CASSLVGGTEAFF	TRBV7-3	TRBJ1-1	1
CASSLVGGVHGYTF	TRBV7-3	TRBJ1-2	1
CASSLVGGVIRETQYF	TRBV7-8	TRBJ2-5	1
CASSLVGGVNYGYTF	TRBV7-9	TRBJ1-2	1
CASSLVGGWDEQYF	TRBV7-2	TRBJ2-7	1
CASSLVGGWGNQPQHF	TRBV5-5	TRBJ1-5	1
CASSLVGIEREGETQYF	TRBV11-2	TRBJ2-5	1
CASSLVGIGNTIYF	TRBV7-9	TRBJ1-3	2
CASSLVGIREIRGKLFF	TRBV5-1	TRBJ1-4	1
CASSLVGLASTDTQYF	TRBV7-6	TRBJ2-3	1
CASSLVGLDRVAEPLHF	TRBV7-2	TRBJ1-6	1
CASSLVGLERTDTQYF	TRBV13	TRBJ2-3	1
CASSLVGLGETQYF	TRBV7-9	TRBJ2-5	1
CASSLVGLPEAFF	TRBV28	TRBJ1-1	1
CASSLVGLYSYEQYF	TRBV28	TRBJ2-7	1
CASSLVGNEQFF	TRBV5-5	TRBJ2-1	1
CASSLVGNQPQHF	TRBV7-9	TRBJ1-5	1
CASSLVGNTEAFF	TRBV5-1	TRBJ1-1	1
CASSLVGNWGNTEAFF	TRBV7-8	TRBJ1-1	1
CASSLVGPADTEAFF	TRBV5-5	TRBJ1-1	1
CASSLVGPPDRPLHF	TRBV7-2	TRBJ1-6	1
CASSLVGPREQYF	TRBV27	TRBJ2-7	1
CASSLVGQAETQYF	TRBV5-6	TRBJ2-5	1
CASSLVGQAGTDTQYF	TRBV11-2	TRBJ2-3	1
CASSLVGQAYEQYF	TRBV5-6	TRBJ2-7	1
CASSLVGQGAEAFF	TRBV7-9	TRBJ1-1	1
CASSLVGQGAYNEQFF	TRBV7-9	TRBJ2-1	1
CASSLVGQGFMNTEAFF	TRBV7-2	TRBJ1-1	1
CASSLVGQGGAFF	TRBV7-2	TRBJ1-1	1
CASSLVGQGGRKETQYF	TRBV27	TRBJ2-5	1
CASSLVGQGGTGELFF	TRBV5-1	TRBJ2-2	1
CASSLVGQGIYEQYF	TRBV7-9	TRBJ2-7	1
CASSLVGQGRDYGYTF	TRBV7-2	TRBJ1-2	1
CASSLVGQGSGQPQHF	TRBV7-2	TRBJ1-5	1
CASSLVGQGSYEQYF	TRBV7-9	TRBJ2-7	1
CASSLVGQGTPEAFF	TRBV12-3	TRBJ1-1	1
CASSLVGQNKPADTQYF	TRBV7-3	TRBJ2-3	1
CASSLVGQNYGYTF	TRBV5-4	TRBJ1-2	1
CASSLVGQTYEQYF	TRBV5-1	TRBJ2-7	1
CASSLVGRGGNQPQHF	TRBV7-9	TRBJ1-5	1
CASSLVGRGIPLSYNEQFF	TRBV7-8	TRBJ2-1	1
CASSLVGRRDEQYF	TRBV7-8	TRBJ2-7	1
CASSLVGRRVEKLFF	TRBV11-2	TRBJ1-4	1
CASSLVGRVLAGELFF	TRBV5-6	TRBJ2-2	1
CASSLVGSDEKLFF	TRBV5-4	TRBJ1-4	1
CASSLVGSDYEQYF	TRBV27	TRBJ2-7	1
CASSLVGSGGGTDTQYF	TRBV5-6	TRBJ2-3	1
CASSLVGSGQPQHF	TRBV12-4	TRBJ1-5	1
CASSLVGSGRANEQFF	TRBV13	TRBJ2-1	1
CASSLVGSTDTQYF	TRBV12-4	TRBJ2-3	1
CASSLVGSTDTQYF	TRBV5-4	TRBJ2-3	1
CASSLVGSYNEQFF	TRBV5-1	TRBJ2-1	1
CASSLVGTATYEQYF	TRBV13	TRBJ2-7	1
CASSLVGTAYGYTF	TRBV12-3	TRBJ1-2	1
CASSLVGTDYGYTF	TRBV11-1	TRBJ1-2	1
CASSLVGTEAFF	TRBV7-9	TRBJ1-1	1
CASSLVGTGAHNEQFF	TRBV5-1	TRBJ2-1	1
CASSLVGTGDYGYTF	TRBV7-2	TRBJ1-2	1
CASSLVGTGGADGYTF	TRBV28	TRBJ1-2	1
CASSLVGTGGVDEQYF	TRBV7-9	TRBJ2-7	1
CASSLVGTGHYGYTF	TRBV7-6	TRBJ1-2	1
CASSLVGTGIFNTEAFF	TRBV7-2	TRBJ1-1	1
CASSLVGTGLEEKLFF	TRBV7-2	TRBJ1-4	1
CASSLVGTGNNEQYF	TRBV27	TRBJ2-7	1
CASSLVGTGYEQYF	TRBV7-2	TRBJ2-7	1
CASSLVGTGYRFF	TRBV7-9	TRBJ2-1	1
CASSLVGTPKFANTGELFF	TRBV5-1	TRBJ2-2	1
CASSLVGTRSMNTEAFF	TRBV5-6	TRBJ1-1	1
CASSLVGTSATGELFF	TRBV7-9	TRBJ2-2	1
CASSLVGTSYEQYF	TRBV5-6	TRBJ2-7	1
CASSLVGTTPQHF	TRBV7-9	TRBJ1-5	1
CASSLVGTTYEQYF	TRBV7-9	TRBJ2-7	1
CASSLVGVGGSGNTIYF	TRBV5-1	TRBJ1-3	1
CASSLVGVGYEQYF	TRBV11-2	TRBJ2-7	1
CASSLVGVKAGNTIYF	TRBV7-9	TRBJ1-3	1
CASSLVGVKDTQYF	TRBV5-5	TRBJ2-3	1
CASSLVGVNEKLFF	TRBV13	TRBJ1-4	1
CASSLVGVWDEQFF	TRBV7-9	TRBJ2-1	1
CASSLVGYEQYF	TRBV5-1	TRBJ2-7	1
CASSLVGYQETQYF	TRBV5-1	TRBJ2-5	1
CASSLVGYQETQYF	TRBV7-2	TRBJ2-5	1
CASSLVGYQPQHF	TRBV7-8	TRBJ1-5	1
CASSLVGYSVYEQYF	TRBV5-6	TRBJ2-7	1
CASSLVHRGHANTEAFF	TRBV5-1	TRBJ1-1	1
CASSLVHSLWGLSTEAFF	TRBV7-2	TRBJ1-1	1
CASSLVIGGRYGYTF	TRBV27	TRBJ1-2	1
CASSLVIGLSAYEQYF	TRBV28	TRBJ2-7	1
CASSLVILAGNEQFF	TRBV7-2	TRBJ2-1	1
CASSLVIRDSNTGELFF	TRBV7-9	TRBJ2-2	1
CASSLVIRDYNSPLHF	TRBV5-6	TRBJ1-6	1
CASSLVLAGGIGNEQFF	TRBV11-2	TRBJ2-1	1
CASSLVLAGGSYEQYF	TRBV7-9	TRBJ2-7	1
CASSLVLAGNRAQYF	TRBV7-2	TRBJ2-5	1
CASSLVLAGPYNEQFF	TRBV7-6	TRBJ2-1	1
CASSLVLAGSTDTQYF	TRBV5-1	TRBJ2-3	1
CASSLVLAGVYEQYF	TRBV7-8	TRBJ2-7	1
CASSLVLAPGYEQYF	TRBV27	TRBJ2-7	1
CASSLVLASGDLTAKNIQYF	TRBV7-2	TRBJ2-4	1
CASSLVLDGVLSTDTQYF	TRBV7-6	TRBJ2-3	1
CASSLVLGFEQYF	TRBV7-9	TRBJ2-7	1
CASSLVLGFQETQYF	TRBV7-9	TRBJ2-5	1
CASSLVLGGSTDTQYF	TRBV7-2	TRBJ2-3	1
CASSLVLGNEQFF	TRBV7-6	TRBJ2-1	1
CASSLVLGQGARETQYF	TRBV7-2	TRBJ2-5	1
CASSLVLGQGHTDTQYF	TRBV12-3	TRBJ2-3	1
CASSLVLGQGYNEQFF	TRBV19	TRBJ2-1	2
CASSLVLGQVYEQYF	TRBV12-3	TRBJ2-7	1
CASSLVLGTYEQYF	TRBV7-2	TRBJ2-7	1
CASSLVLIATGELFF	TRBV7-3	TRBJ2-2	1
CASSLVLIGQGYTEAFF	TRBV7-2	TRBJ1-1	1
CASSLVLRGTLRETQYF	TRBV12-4	TRBJ2-5	1
CASSLVLRPSTDTQYF	TRBV7-9	TRBJ2-3	1
CASSLVLRSGHQPQHF	TRBV5-5	TRBJ1-5	1
CASSLVLSQETQYF	TRBV7-9	TRBJ2-5	1
CASSLVLVPVVEQFF	TRBV7-3	TRBJ2-1	1
CASSLVLVYGYTF	TRBV7-9	TRBJ1-2	1
CASSLVMGKGTEAFF	TRBV7-9	TRBJ1-1	1
CASSLVMGNTEAFF	TRBV7-9	TRBJ1-1	1
CASSLVNEQFF	TRBV5-4	TRBJ2-1	1
CASSLVNIREMNTEAFF	TRBV5-6	TRBJ1-1	1
CASSLVNLRGIYGYTF	TRBV7-9	TRBJ1-2	1
CASSLVNRGRSTDTQYF	TRBV11-2	TRBJ2-3	1
CASSLVNRRGKPNYGYTF	TRBV13	TRBJ1-2	1
CASSLVNRVYGYTF	TRBV7-8	TRBJ1-2	1
CASSLVNSGITYEQYF	TRBV7-8	TRBJ2-7	1
CASSLVNTGELFF	TRBV6-5	TRBJ2-2	1
CASSLVPANEKLFF	TRBV4-3	TRBJ1-4	1
CASSLVPARGKAGYTF	TRBV27	TRBJ1-2	1
CASSLVPDRPSGNTIYF	TRBV7-2	TRBJ1-3	1
CASSLVPDSGNTIYF	TRBV11-2	TRBJ1-3	1
CASSLVPFGGALYNEQFF	TRBV11-2	TRBJ2-1	1
CASSLVPGPDTQYF	TRBV7-9	TRBJ2-3	1
CASSLVPGPQWETQYF	TRBV7-9	TRBJ2-5	1
CASSLVPGQDPTDTQYF	TRBV5-6	TRBJ2-3	1
CASSLVPGQEGQPQHF	TRBV7-9	TRBJ1-5	1
CASSLVPGQGAFGEQFF	TRBV5-5	TRBJ2-1	1
CASSLVPGQGANTEAFF	TRBV4-1	TRBJ1-1	1
CASSLVPGQGSLDTQYF	TRBV7-7	TRBJ2-3	1
CASSLVPGSLVDEKLFF	TRBV27	TRBJ1-4	1
CASSLVPGTGADTQYF	TRBV7-8	TRBJ2-3	1
CASSLVPGVNEQYF	TRBV7-2	TRBJ2-7	1
CASSLVPGVRGTDTQYF	TRBV5-4	TRBJ2-3	1
CASSLVPLSYEQYF	TRBV27	TRBJ2-7	1
CASSLVPMMDGYTF	TRBV7-3	TRBJ1-2	1
CASSLVPMVNTEAFF	TRBV7-2	TRBJ1-1	1
CASSLVPPGTGGYEYEQYF	TRBV7-6	TRBJ2-7	1
CASSLVPRGGVDEQFF	TRBV7-2	TRBJ2-1	1
CASSLVPRSYEQYF	TRBV27	TRBJ2-7	1
CASSLVPSEAFF	TRBV5-6	TRBJ1-1	1
CASSLVPSGANVLTF	TRBV7-3	TRBJ2-6	1
CASSLVPSHEQFF	TRBV5-6	TRBJ2-1	1
CASSLVPSYEQYF	TRBV27	TRBJ2-7	1
CASSLVPTGVVGYTF	TRBV11-2	TRBJ1-2	1
CASSLVPTTGELFF	TRBV5-1	TRBJ2-2	1
CASSLVPYGDTQYF	TRBV11-2	TRBJ2-3	1
CASSLVQADNEQFF	TRBV5-1	TRBJ2-1	1
CASSLVQAGGNQPQHF	TRBV7-6	TRBJ1-5	1
CASSLVQDEQFF	TRBV11-2	TRBJ2-1	1
CASSLVQDQETQYF	TRBV7-2	TRBJ2-5	1
CASSLVQEGRPVF	TRBV7-6	TRBJ1-1	1
CASSLVQGAGVYRNTEAFF	TRBV7-2	TRBJ1-1	1
CASSLVQGAYEQYF	TRBV7-9	TRBJ2-7	1
CASSLVQGDYGYTF	TRBV5-4	TRBJ1-2	1
CASSLVQGGETQYF	TRBV5-5	TRBJ2-5	1
CASSLVQGGGGYTF	TRBV7-2	TRBJ1-2	1
CASSLVQGGNQPQHF	TRBV28	TRBJ1-5	1
CASSLVQGGTEAFF	TRBV5-1	TRBJ1-1	1
CASSLVQGLNTEAFF	TRBV7-9	TRBJ1-1	8
CASSLVQGNTEAFF	TRBV5-6	TRBJ1-1	1
CASSLVQGPETQYF	TRBV7-2	TRBJ2-5	1
CASSLVQGPSYEQYF	TRBV7-8	TRBJ2-7	1
CASSLVQGSTGELFF	TRBV5-5	TRBJ2-2	1
CASSLVQGYTF	TRBV7-8	TRBJ1-2	1
CASSLVQNYEQYF	TRBV7-8	TRBJ2-7	1
CASSLVQSGNTGELFF	TRBV11-2	TRBJ2-2	1
CASSLVQSNSPLHF	TRBV7-9	TRBJ1-6	1
CASSLVQVAAADTQYF	TRBV7-9	TRBJ2-3	1
CASSLVQVRVTDTQYF	TRBV11-2	TRBJ2-3	1
CASSLVRADRNEQFF	TRBV7-7	TRBJ2-1	1
CASSLVRADRSGNTIYF	TRBV11-2	TRBJ1-3	1
CASSLVRAGGYNEQFF	TRBV7-6	TRBJ2-1	1
CASSLVRAGSTDTQYF	TRBV7-2	TRBJ2-3	1
CASSLVRAGTKNIQYF	TRBV11-2	TRBJ2-4	1
CASSLVRANEQFF	TRBV7-9	TRBJ2-1	1
CASSLVRDANEKLFF	TRBV7-9	TRBJ1-4	1
CASSLVRDGEQYF	TRBV7-2	TRBJ2-7	1
CASSLVRDRAPDTQYF	TRBV5-5	TRBJ2-3	2
CASSLVRDRAYEQYF	TRBV7-8	TRBJ2-7	1
CASSLVREEPGNTIYF	TRBV7-2	TRBJ1-3	1
CASSLVREGLYEQYF	TRBV7-9	TRBJ2-7	1
CASSLVRETQYF	TRBV11-2	TRBJ2-5	1
CASSLVREYGYTF	TRBV7-8	TRBJ1-2	1
CASSLVRGDYEQYF	TRBV4-1	TRBJ2-7	1
CASSLVRGEQYF	TRBV27	TRBJ2-7	1
CASSLVRGGHYNEQFF	TRBV11-2	TRBJ2-1	1
CASSLVRGGNQPQHF	TRBV5-5	TRBJ1-5	1
CASSLVRGGPREQFF	TRBV7-9	TRBJ2-1	1
CASSLVRGRFTGELFF	TRBV7-6	TRBJ2-2	1
CASSLVRHGADSYEQYF	TRBV27	TRBJ2-7	1
CASSLVRLAGVYEQYF	TRBV7-2	TRBJ2-7	1
CASSLVRLGLAGAPTDTQYF	TRBV7-6	TRBJ2-3	1
CASSLVRLPNTGELFF	TRBV12-4	TRBJ2-2	1
CASSLVRNQPQHF	TRBV27	TRBJ1-5	1
CASSLVRNTEAFF	TRBV5-1	TRBJ1-1	1
CASSLVRPRQEERPGTWEKLFF	TRBV7-2	TRBJ1-4	1
CASSLVRQGNEQFF	TRBV7-9	TRBJ2-1	1
CASSLVRQGVTDTQYF	TRBV11-2	TRBJ2-3	1
CASSLVRRRVTEAFF	TRBV7-2	TRBJ1-1	2
CASSLVRRSPSGNTIYF	TRBV12-3	TRBJ1-3	1
CASSLVRTGIYNEQFF	TRBV12-3	TRBJ2-1	1
CASSLVRTGSMNTEAFF	TRBV18	TRBJ1-1	1
CASSLVRTRNTGELFF	TRBV7-3	TRBJ2-2	1
CASSLVRYNEQFF	TRBV7-2	TRBJ2-1	1
CASSLVSAGADTGELFF	TRBV5-6	TRBJ2-2	1
CASSLVSAGNQPQHF	TRBV7-2	TRBJ1-5	1
CASSLVSDTQYF	TRBV3-1	TRBJ2-3	1
CASSLVSEREHEQYF	TRBV7-3	TRBJ2-7	1
CASSLVSETGELFF	TRBV27	TRBJ2-2	1
CASSLVSGAEQYF	TRBV7-9	TRBJ2-7	1
CASSLVSGDSTDTQYF	TRBV7-2	TRBJ2-3	1
CASSLVSGGAGELFF	TRBV4-3	TRBJ2-2	1
CASSLVSGGAGYGYTF	TRBV11-2	TRBJ1-2	1
CASSLVSGGLADTQYF	TRBV5-4	TRBJ2-3	1
CASSLVSGLNEKLFF	TRBV5-1	TRBJ1-4	1
CASSLVSGNNEQFF	TRBV5-1	TRBJ2-1	1
CASSLVSGPDGETQYF	TRBV7-8	TRBJ2-5	1
CASSLVSGQGSLLSTEAFF	TRBV13	TRBJ1-1	1
CASSLVSGQGVYGYTF	TRBV7-9	TRBJ1-2	1
CASSLVSGSEEQYF	TRBV7-9	TRBJ2-7	1
CASSLVSGSIIQYF	TRBV5-1	TRBJ2-4	1
CASSLVSGTGWTGELFF	TRBV11-2	TRBJ2-2	1
CASSLVSIQSGAFF	TRBV5-1	TRBJ1-1	1
CASSLVSKETQYF	TRBV5-4	TRBJ2-5	1
CASSLVSLNYGYTF	TRBV5-7	TRBJ1-2	1
CASSLVSQGGIQPQHF	TRBV5-8	TRBJ1-5	1
CASSLVSQGYGYTF	TRBV12-4	TRBJ1-2	1
CASSLVSRDGYTF	TRBV7-9	TRBJ1-2	1
CASSLVSSGANTGELFF	TRBV12-3	TRBJ2-2	1
CASSLVSSPPVFSLHF	TRBV7-2	TRBJ1-6	1
CASSLVSSRADTQYF	TRBV7-6	TRBJ2-3	1
CASSLVSSYEQYF	TRBV27	TRBJ2-7	1
CASSLVSSYEQYF	TRBV7-9	TRBJ2-7	1
CASSLVSTYEQYF	TRBV12-4	TRBJ2-7	1
CASSLVSYEQYF	TRBV5-1	TRBJ2-7	1
CASSLVSYEQYF	TRBV7-9	TRBJ2-7	1
CASSLVSYSYNSPLHF	TRBV27	TRBJ1-6	1
CASSLVTGANSPLHF	TRBV27	TRBJ1-6	1
CASSLVTGEETQYF	TRBV7-9	TRBJ2-5	1
CASSLVTGEVEQYF	TRBV7-8	TRBJ2-7	1
CASSLVTGPGNTIYF	TRBV28	TRBJ1-3	1
CASSLVTGPNEKLFF	TRBV7-8	TRBJ1-4	1
CASSLVTGRDDEQFF	TRBV7-8	TRBJ2-1	1
CASSLVTGYQETQYF	TRBV5-6	TRBJ2-5	1
CASSLVTLATDTQYF	TRBV7-2	TRBJ2-3	1
CASSLVTRRTGTNEQFF	TRBV11-3	TRBJ2-1	1
CASSLVTRTDTQYF	TRBV27	TRBJ2-3	1
CASSLVTSGEQETQYF	TRBV7-9	TRBJ2-5	1
CASSLVTSGIIEQFF	TRBV11-2	TRBJ2-1	1
CASSLVTSVHEQYF	TRBV7-2	TRBJ2-7	1
CASSLVTVREAFF	TRBV7-9	TRBJ1-1	1
CASSLVTYEQYF	TRBV11-2	TRBJ2-7	1
CASSLVVAGDLNPVGNEQFF	TRBV5-5	TRBJ2-1	1
CASSLVVAGVNYEQYF	TRBV7-2	TRBJ2-7	1
CASSLVVAPRTDTQYF	TRBV13	TRBJ2-3	1
CASSLVVAPYNEQFF	TRBV11-3	TRBJ2-1	1
CASSLVVGASYEQYF	TRBV27	TRBJ2-7	1
CASSLVVGGDEQFF	TRBV5-1	TRBJ2-1	1
CASSLVVGGVREKLFF	TRBV7-2	TRBJ1-4	1
CASSLVVGIETQYF	TRBV11-2	TRBJ2-5	1
CASSLVVGKETQYF	TRBV12-4	TRBJ2-5	1
CASSLVVGNQPQHF	TRBV27	TRBJ1-5	1
CASSLVVGQGAYEQYF	TRBV7-9	TRBJ2-7	1
CASSLVVGQGVDTQYF	TRBV5-8	TRBJ2-3	1
CASSLVVGSRGYTF	TRBV7-9	TRBJ1-2	1
CASSLVVKQPQHF	TRBV28	TRBJ1-5	1
CASSLVVRPTEAFF	TRBV5-6	TRBJ1-1	1
CASSLVVSLRGNTEAFF	TRBV12-3	TRBJ1-1	1
CASSLVVTEQFF	TRBV7-9	TRBJ2-1	1
CASSLVVTGIMNTEAFF	TRBV7-2	TRBJ1-1	1
CASSLVVTSGFNEQFF	TRBV7-7	TRBJ2-1	1
CASSLVVVEDEQFF	TRBV5-1	TRBJ2-1	1
CASSLVVVTGELFF	TRBV5-1	TRBJ2-2	1
CASSLVVWWRSGYTF	TRBV5-1	TRBJ1-2	1
CASSLVVYEQYF	TRBV7-9	TRBJ2-7	1
CASSLVVYNEQFF	TRBV7-6	TRBJ2-1	1
CASSLVWEMNEQFF	TRBV7-9	TRBJ2-1	1
CASSLVWFGQGVGTAGYTF	TRBV5-1	TRBJ1-2	1
CASSLVWRQVNQPQHF	TRBV7-8	TRBJ1-5	1
CASSLVWTAHAKNIQYF	TRBV5-1	TRBJ2-4	1
CASSLVWTGVTEAFF	TRBV7-2	TRBJ1-1	1
CASSLVYEGAVEQYF	TRBV7-2	TRBJ2-7	1
CASSLVYEQFF	TRBV5-8	TRBJ2-1	1
CASSLVYGGFTDTQYF	TRBV18	TRBJ2-3	1
CASSLVYGGNQETQYF	TRBV7-9	TRBJ2-5	1
CASSLVYGLTEAFF	TRBV27	TRBJ1-1	1
CASSLVYGTNEKLFF	TRBV11-2	TRBJ1-4	1
CASSLVYREGMNTEAFF	TRBV5-1	TRBJ1-1	1
CASSLVYSGGGEQYF	TRBV7-8	TRBJ2-7	1
CASSLVYSGQYSYEQYF	TRBV11-2	TRBJ2-7	1
CASSLVYSTGELFF	TRBV5-6	TRBJ2-2	1
CASSLVYWSGATYNEQFF	TRBV11-2	TRBJ2-1	1
CASSLWAAGYYGYTF	TRBV7-3	TRBJ1-2	1
CASSLWADEAFF	TRBV7-9	TRBJ1-1	1
CASSLWAGDFSGANVLTF	TRBV27	TRBJ2-6	1
CASSLWAGGEYTEAFF	TRBV5-5	TRBJ1-1	13
CASSLWAGGNQPQHF	TRBV27	TRBJ1-5	1
CASSLWAGGSYEQYF	TRBV27	TRBJ2-7	1
CASSLWAGREGYNEQFF	TRBV28	TRBJ2-1	1
CASSLWAGTVNTEAFF	TRBV7-9	TRBJ1-1	1
CASSLWAMGEQYF	TRBV5-6	TRBJ2-7	1
CASSLWAPFDSPTGELFF	TRBV28	TRBJ2-2	1
CASSLWARKDRGLEGYTF	TRBV28	TRBJ1-2	1
CASSLWASAYNEQFF	TRBV13	TRBJ2-1	1
CASSLWASEAFF	TRBV5-6	TRBJ1-1	1
CASSLWASGIVGELFF	TRBV27	TRBJ2-2	1
CASSLWASGNTDTQYF	TRBV7-3	TRBJ2-3	1
CASSLWASGSNEQFF	TRBV7-3	TRBJ2-1	1
CASSLWATGGHYEQYF	TRBV5-4	TRBJ2-7	1
CASSLWAYTEAFF	TRBV27	TRBJ1-1	1
CASSLWDGGIEAYSNQPQHF	TRBV7-3	TRBJ1-5	1
CASSLWDGNVAGGDNEQFF	TRBV7-3	TRBJ2-1	1
CASSLWDNTEAFF	TRBV27	TRBJ1-1	1
CASSLWDRDDNEQFF	TRBV28	TRBJ2-1	1
CASSLWDRGFATNEKLFF	TRBV28	TRBJ1-4	1
CASSLWDRGNTGELFF	TRBV11-2	TRBJ2-2	1
CASSLWDRGPYEQYF	TRBV5-6	TRBJ2-7	1
CASSLWDRGWTEAFF	TRBV11-1	TRBJ1-1	1
CASSLWDRSYEQYF	TRBV12-4	TRBJ2-7	1
CASSLWDSGNSPLHF	TRBV27	TRBJ1-6	1
CASSLWDSQETQYF	TRBV5-5	TRBJ2-5	1
CASSLWDYSYEQYF	TRBV5-1	TRBJ2-7	1
CASSLWEETGVNEQYF	TRBV7-2	TRBJ2-7	1
CASSLWFGLSAYEQYF	TRBV7-2	TRBJ2-7	1
CASSLWFSWLRRDGQETQYF	TRBV5-1	TRBJ2-5	1
CASSLWGAMYGYTF	TRBV5-4	TRBJ1-2	1
CASSLWGDRADTQYF	TRBV7-8	TRBJ2-3	1
CASSLWGEQETQYF	TRBV7-6	TRBJ2-5	1
CASSLWGEYNEQFF	TRBV7-9	TRBJ2-1	1
CASSLWGGADTQYF	TRBV5-1	TRBJ2-3	1
CASSLWGGAEPEAFF	TRBV11-2	TRBJ1-1	1
CASSLWGGANEQFF	TRBV11-2	TRBJ2-1	1
CASSLWGGGGIDEQFF	TRBV12-3	TRBJ2-1	1
CASSLWGGPDTQYF	TRBV6-3	TRBJ2-3	1
CASSLWGGQETQYF	TRBV27	TRBJ2-5	1
CASSLWGGSKETQYF	TRBV5-1	TRBJ2-5	1
CASSLWGGVNNEQFF	TRBV27	TRBJ2-1	1
CASSLWGGYNYGYTF	TRBV7-2	TRBJ1-2	1
CASSLWGISPLHF	TRBV27	TRBJ1-6	1
CASSLWGLESYEQYF	TRBV5-4	TRBJ2-7	1
CASSLWGLGDEQYF	TRBV5-4	TRBJ2-7	1
CASSLWGLYNEQFF	TRBV7-3	TRBJ2-1	1
CASSLWGPDSNNEQFF	TRBV27	TRBJ2-1	1
CASSLWGPGESHGYTF	TRBV11-2	TRBJ1-2	1
CASSLWGPSGRINNEQFF	TRBV28	TRBJ2-1	1
CASSLWGQAATNEKLFF	TRBV7-2	TRBJ1-4	1
CASSLWGQGAKGGEAFF	TRBV11-2	TRBJ1-1	1
CASSLWGQNSYEQYF	TRBV28	TRBJ2-7	1
CASSLWGRGRGLAGGPSDTQYF	TRBV28	TRBJ2-3	1
CASSLWGSGNTIYF	TRBV5-6	TRBJ1-3	1
CASSLWGSGRFQETQYF	TRBV27	TRBJ2-5	1
CASSLWGSGRSHNEQFF	TRBV5-4	TRBJ2-1	1
CASSLWGSNQPQHF	TRBV13	TRBJ1-5	1
CASSLWGSSGNTIYF	TRBV12-4	TRBJ1-3	1
CASSLWGSYEQYF	TRBV5-6	TRBJ2-7	1
CASSLWGTEAFF	TRBV5-8	TRBJ1-1	1
CASSLWGTGELFF	TRBV27	TRBJ2-2	1
CASSLWGTGETQYF	TRBV27	TRBJ2-5	1
CASSLWGTGSGETQYF	TRBV27	TRBJ2-5	1
CASSLWGTNEKLFF	TRBV5-6	TRBJ1-4	1
CASSLWGYEQYF	TRBV5-4	TRBJ2-7	1
CASSLWGYRGSYYGYTF	TRBV28	TRBJ1-2	1
CASSLWHGLHGSETQYF	TRBV5-1	TRBJ2-5	1
CASSLWHPGTGELFF	TRBV14	TRBJ2-2	1
CASSLWLAGSGANVLTF	TRBV7-2	TRBJ2-6	1
CASSLWLGIPLHEQYF	TRBV28	TRBJ2-7	1
CASSLWLQNEQFF	TRBV7-3	TRBJ2-1	1
CASSLWLREYDKNIQYF	TRBV7-9	TRBJ2-4	1
CASSLWMGSPPNTEAFF	TRBV13	TRBJ1-1	1
CASSLWPGQRGNEQFF	TRBV27	TRBJ2-1	1
CASSLWPSGEGEQYF	TRBV7-3	TRBJ2-7	1
CASSLWPTSNNEQFF	TRBV27	TRBJ2-1	1
CASSLWQGAWEAANRTEAFF	TRBV7-6	TRBJ1-1	1
CASSLWQGNMYEQYF	TRBV27	TRBJ2-7	1
CASSLWQGPENEQFF	TRBV28	TRBJ2-1	1
CASSLWQGTGNEQFF	TRBV5-1	TRBJ2-1	1
CASSLWQMFSYEQYF	TRBV7-8	TRBJ2-7	1
CASSLWRALEQYF	TRBV28	TRBJ2-7	1
CASSLWRDKNIQYF	TRBV5-8	TRBJ2-4	1
CASSLWRDSNQPQHF	TRBV27	TRBJ1-5	1
CASSLWREAETQYF	TRBV28	TRBJ2-3	1
CASSLWREGETQYF	TRBV27	TRBJ2-5	1
CASSLWRGGGYEQYF	TRBV7-2	TRBJ2-7	1
CASSLWRGSSYNSPLHF	TRBV5-1	TRBJ1-6	1
CASSLWRRGHDTGELFF	TRBV27	TRBJ2-2	1
CASSLWRVKSYEQYF	TRBV12-3	TRBJ2-7	1
CASSLWSDHSNQPQHF	TRBV7-8	TRBJ1-5	1
CASSLWSGGGHEQYF	TRBV5-4	TRBJ2-7	1
CASSLWSWRDTGELFF	TRBV12-4	TRBJ2-2	1
CASSLWTEILTQYF	TRBV28	TRBJ2-3	1
CASSLWTELRNQPQHF	TRBV28	TRBJ1-5	1
CASSLWTGDNEQFF	TRBV9	TRBJ2-1	1
CASSLWTGDSPLHF	TRBV19	TRBJ1-6	1
CASSLWTGGETEAFF	TRBV9	TRBJ1-1	1
CASSLWTGGSQPQHF	TRBV19	TRBJ1-5	1
CASSLWTGLNNEQFF	TRBV5-6	TRBJ2-1	1
CASSLWTGNQYF	TRBV11-1	TRBJ2-7	1
CASSLWTGTGHTEAFF	TRBV13	TRBJ1-1	1
CASSLWTGYEQYF	TRBV7-6	TRBJ2-7	1
CASSLWTNNTEAFF	TRBV11-2	TRBJ1-1	1
CASSLWTSGGAKDTQYF	TRBV7-2	TRBJ2-3	1
CASSLWTSSQETQYF	TRBV5-6	TRBJ2-5	1
CASSLWTSSYEQYF	TRBV11-2	TRBJ2-7	1
CASSLWTSYGYTF	TRBV4-3	TRBJ1-2	1
CASSLWVGSEQYF	TRBV27	TRBJ2-7	1
CASSLWVGTEAFF	TRBV7-8	TRBJ1-1	1
CASSLWVLEQYF	TRBV28	TRBJ2-7	1
CASSLYAGGGYTF	TRBV19	TRBJ1-2	1
CASSLYAGGQPQHF	TRBV7-6	TRBJ1-5	1
CASSLYAGSYEQYF	TRBV5-4	TRBJ2-7	1
CASSLYARPPTEAFF	TRBV7-2	TRBJ1-1	1
CASSLYASGTSSTDTQYF	TRBV4-2	TRBJ2-3	1
CASSLYDFDISYNEQFF	TRBV7-9	TRBJ2-1	1
CASSLYDRGQLETQYF	TRBV28	TRBJ2-5	1
CASSLYDSTDTQYF	TRBV7-3	TRBJ2-3	1
CASSLYDWGNEQYF	TRBV7-6	TRBJ2-7	1
CASSLYEGANTEAFF	TRBV7-3	TRBJ1-1	1
CASSLYETDTQYF	TRBV27	TRBJ2-3	1
CASSLYETSGGTSYNEQFF	TRBV5-6	TRBJ2-1	1
CASSLYGAGELFF	TRBV5-1	TRBJ2-2	1
CASSLYGANVLTF	TRBV14	TRBJ2-6	1
CASSLYGAPTSTDTQYF	TRBV27	TRBJ2-3	1
CASSLYGASGANVLTF	TRBV27	TRBJ2-6	1
CASSLYGDGNIQYF	TRBV7-8	TRBJ2-4	1
CASSLYGDSNQPQHF	TRBV27	TRBJ1-5	1
CASSLYGEKETQYF	TRBV28	TRBJ2-5	1
CASSLYGEKLFF	TRBV7-9	TRBJ1-4	1
CASSLYGERQETQYF	TRBV7-3	TRBJ2-5	1
CASSLYGGADNEQFF	TRBV27	TRBJ2-1	1
CASSLYGGDEQYF	TRBV27	TRBJ2-7	1
CASSLYGGDNEKLFF	TRBV9	TRBJ1-4	1
CASSLYGGGGWEQYF	TRBV28	TRBJ2-7	1
CASSLYGGGRENLRTEAFF	TRBV7-8	TRBJ1-1	1
CASSLYGKGLNTEAFF	TRBV5-5	TRBJ1-1	1
CASSLYGLGYEQYF	TRBV27	TRBJ2-7	1
CASSLYGNLGTGELFF	TRBV27	TRBJ2-2	3
CASSLYGNQPQHF	TRBV11-2	TRBJ1-5	1
CASSLYGPGNQPQHF	TRBV27	TRBJ1-5	1
CASSLYGPGQSGGNTEAFF	TRBV11-2	TRBJ1-1	1
CASSLYGPLNTEAFF	TRBV27	TRBJ1-1	1
CASSLYGREGRNTEAFF	TRBV11-2	TRBJ1-1	1
CASSLYGRNYGYTF	TRBV28	TRBJ1-2	1
CASSLYGSGTGELFF	TRBV27	TRBJ2-2	1
CASSLYGSTPENQETQYF	TRBV5-1	TRBJ2-5	1
CASSLYGTSGREETQYF	TRBV28	TRBJ2-5	1
CASSLYGTVESNYGYTF	TRBV5-1	TRBJ1-2	1
CASSLYGVADTQYF	TRBV5-1	TRBJ2-3	1
CASSLYGVDSGNTIYF	TRBV12-4	TRBJ1-3	1
CASSLYGVGDTQYF	TRBV12-4	TRBJ2-3	1
CASSLYGVLNQPQHF	TRBV12-4	TRBJ1-5	1
CASSLYISGDPSYEQYF	TRBV5-1	TRBJ2-7	1
CASSLYKGSGSPYEQYF	TRBV5-1	TRBJ2-7	1
CASSLYKNTEAFF	TRBV7-2	TRBJ1-1	1
CASSLYKSSYNEQFF	TRBV28	TRBJ2-1	1
CASSLYLAGGHEQYF	TRBV7-2	TRBJ2-7	1
CASSLYLAGGPGEQYF	TRBV12-3	TRBJ2-7	1
CASSLYLAGNTGELFF	TRBV12-4	TRBJ2-2	1
CASSLYLGPYEQYF	TRBV5-4	TRBJ2-7	1
CASSLYLGVGETQYF	TRBV28	TRBJ2-5	3
CASSLYLNTEAFF	TRBV27	TRBJ1-1	1
CASSLYNEQFF	TRBV4-1	TRBJ2-1	1
CASSLYNSGAGTTGYTF	TRBV5-1	TRBJ1-2	1
CASSLYPAMNTEAFF	TRBV27	TRBJ1-1	1
CASSLYPDLNEQFF	TRBV7-9	TRBJ2-1	1
CASSLYPGANEQFF	TRBV5-5	TRBJ2-1	1
CASSLYPGDEAFF	TRBV27	TRBJ1-1	1
CASSLYPGGAANYGYTF	TRBV27	TRBJ1-2	1
CASSLYPGGLYEQYF	TRBV27	TRBJ2-7	1
CASSLYPGHTDTQYF	TRBV6-5	TRBJ2-3	1
CASSLYPGLAREVHDEQFF	TRBV27	TRBJ2-1	1
CASSLYPGTGNTGELFF	TRBV7-3	TRBJ2-2	1
CASSLYPGTGYDYEQYF	TRBV27	TRBJ2-7	1
CASSLYPLETTDTQYF	TRBV12-4	TRBJ2-3	1
CASSLYPQNHEQYF	TRBV27	TRBJ2-7	1
CASSLYPSGSANTGELFF	TRBV13	TRBJ2-2	1
CASSLYPVGQGGTEAFF	TRBV7-6	TRBJ1-1	1
CASSLYQDGVYGYTF	TRBV12-4	TRBJ1-2	1
CASSLYQEMNTEAFF	TRBV28	TRBJ1-1	1
CASSLYQGSNYGYTF	TRBV27	TRBJ1-2	1
CASSLYRAPSNTEAFF	TRBV27	TRBJ1-1	1
CASSLYRDGSTEAFF	TRBV27	TRBJ1-1	1
CASSLYRDSSYNEQFF	TRBV7-2	TRBJ2-1	1
CASSLYRDTAYEQYF	TRBV11-2	TRBJ2-7	1
CASSLYREDYNEQFF	TRBV5-1	TRBJ2-1	1
CASSLYRENQPQHF	TRBV28	TRBJ1-5	1
CASSLYRGADTQYF	TRBV28	TRBJ2-3	1
CASSLYRGGNSPLHF	TRBV11-2	TRBJ1-6	1
CASSLYRGGTEAFF	TRBV27	TRBJ1-1	1
CASSLYRGRETQYF	TRBV28	TRBJ2-5	1
CASSLYRGTTDTQYF	TRBV7-2	TRBJ2-3	1
CASSLYRTAEPPYGYTF	TRBV12-4	TRBJ1-2	1
CASSLYSATGELFF	TRBV28	TRBJ2-2	1647
CASSLYSGGAFSTDTQYF	TRBV27	TRBJ2-3	1
CASSLYSGNGQPQHF	TRBV27	TRBJ1-5	1
CASSLYSGYKAYEQYF	TRBV28	TRBJ2-7	1
CASSLYSLAENTGELFF	TRBV7-6	TRBJ2-2	1
CASSLYSYEQYF	TRBV5-6	TRBJ2-7	1
CASSLYSYGMFNTEAFF	TRBV28	TRBJ1-1	1
CASSLYTAGSTGELFF	TRBV7-9	TRBJ2-2	1
CASSLYTDTQYF	TRBV2	TRBJ2-3	1
CASSLYTDTQYF	TRBV7-2	TRBJ2-3	1
CASSLYTGDGYTF	TRBV27	TRBJ1-2	1
CASSLYTGSYNSPLHF	TRBV7-9	TRBJ1-6	1
CASSLYTRNQPQHF	TRBV27	TRBJ1-5	1
CASSLYTSGPQTGELFF	TRBV7-2	TRBJ2-2	1
CASSLYTSPPTEQYF	TRBV7-2	TRBJ2-7	1
CASSLYTSYEQYF	TRBV27	TRBJ2-7	1
CASSLYVFGTNYEQYF	TRBV27	TRBJ2-7	1
CASSLYVGADTQYF	TRBV5-8	TRBJ2-3	1
CASSLYVGGAGTDTQYF	TRBV5-4	TRBJ2-3	1
CASSLYVGGQDTGELFF	TRBV5-6	TRBJ2-2	1
CASSLYVGTVSYEQYF	TRBV28	TRBJ2-7	1
CASSLYVSYPKNTIYF	TRBV28	TRBJ1-3	7
CASSLYWDRGINTGELFF	TRBV7-2	TRBJ2-2	1
CASSLYWLAGGGSYNEQFF	TRBV28	TRBJ2-1	1
CASSLYYQPQHF	TRBV28	TRBJ1-5	1
CASSLYYRAKETQYF	TRBV12-4	TRBJ2-5	1
CASSLYYRVGTEETQYF	TRBV28	TRBJ2-5	1
CASSMAAISYEQYF	TRBV19	TRBJ2-7	1
CASSMADRGTEAFF	TRBV19	TRBJ1-1	1
CASSMALLGRELFF	TRBV7-2	TRBJ2-2	1
CASSMDGGNTGELFF	TRBV19	TRBJ2-2	1
CASSMDGRNTDTQYF	TRBV19	TRBJ2-3	1
CASSMDGYEQYF	TRBV19	TRBJ2-7	1
CASSMDLLIGNTEAFF	TRBV19	TRBJ1-1	1
CASSMDPSSGNTIYF	TRBV19	TRBJ1-3	1
CASSMDRFTNQPQHF	TRBV19	TRBJ1-5	1
CASSMDRGSADTQYF	TRBV19	TRBJ2-3	80
CASSMDSTDTQYF	TRBV7-2	TRBJ2-3	1
CASSMEDTGDYGYTF	TRBV19	TRBJ1-2	1
CASSMESEEPRDEQFF	TRBV19	TRBJ2-1	1
CASSMFGGFQPQHF	TRBV19	TRBJ1-5	1
CASSMFRDYEQYF	TRBV19	TRBJ2-7	1
CASSMFSGEYGYTF	TRBV19	TRBJ1-2	1
CASSMGAYGYTF	TRBV19	TRBJ1-2	8
CASSMGDRSMGNIQYF	TRBV21-1	TRBJ2-4	1
CASSMGFNYGYTF	TRBV19	TRBJ1-2	1
CASSMGGGAYEQYF	TRBV6-6	TRBJ2-7	1
CASSMGGLLGYTF	TRBV5-6	TRBJ1-2	1
CASSMGGRYTEAFF	TRBV5-1	TRBJ1-1	1
CASSMGGSTYEQYF	TRBV19	TRBJ2-7	1
CASSMGGVATDTQYF	TRBV19	TRBJ2-3	1
CASSMGLADNEQFF	TRBV9	TRBJ2-1	1
CASSMGLAGAETQYF	TRBV14	TRBJ2-5	1
CASSMGLAGGPLDEQYF	TRBV19	TRBJ2-7	1
CASSMGLAGVSEQYF	TRBV19	TRBJ2-7	1
CASSMGLAPTYEQYF	TRBV19	TRBJ2-7	1
CASSMGLASDTQYF	TRBV9	TRBJ2-3	1
CASSMGNEQFF	TRBV19	TRBJ2-1	1
CASSMGPSYEQYF	TRBV19	TRBJ2-7	1
CASSMGQATYEQYF	TRBV19	TRBJ2-7	1
CASSMGQESSYEQYF	TRBV9	TRBJ2-7	1
CASSMGQGASAGANVLTF	TRBV6-5	TRBJ2-6	1
CASSMGQGGYNEQFF	TRBV19	TRBJ2-1	1
CASSMGQGILYGYTF	TRBV5-6	TRBJ1-2	1
CASSMGQGPDTQYF	TRBV27	TRBJ2-3	1
CASSMGQGSYNEQFF	TRBV19	TRBJ2-1	1
CASSMGQGTLRNQPQHF	TRBV19	TRBJ1-5	1
CASSMGQNYEQYF	TRBV19	TRBJ2-7	1
CASSMGRDTGELFF	TRBV11-2	TRBJ2-2	1
CASSMGRLAFDEQYF	TRBV19	TRBJ2-7	1
CASSMGSYGYTF	TRBV19	TRBJ1-2	6
CASSMGTATNEKLFF	TRBV19	TRBJ1-4	1
CASSMGTGGNQPQHF	TRBV19	TRBJ1-5	1
CASSMGTGPGYEQYF	TRBV27	TRBJ2-7	1
CASSMGTSEYNEQFF	TRBV19	TRBJ2-1	1
CASSMGVYGYTF	TRBV19	TRBJ1-2	2
CASSMGWTGVVYEQYF	TRBV19	TRBJ2-7	1
CASSMILLEGSTDTQYF	TRBV19	TRBJ2-3	1
CASSMIQGETQYF	TRBV6-5	TRBJ2-5	1
CASSMKQGIFYEQYF	TRBV5-1	TRBJ2-7	1
CASSMLAFNTGELFF	TRBV19	TRBJ2-2	1
CASSMLAGGPTDTQYF	TRBV19	TRBJ2-3	1
CASSMLASGWYNEQFF	TRBV19	TRBJ2-1	1
CASSMLDRTYGYTF	TRBV9	TRBJ1-2	1
CASSMLGTGELFF	TRBV9	TRBJ2-2	1
CASSMLSLAAEAFF	TRBV19	TRBJ1-1	1
CASSMNAGSQYGYTF	TRBV19	TRBJ1-2	1
CASSMNGVAGSPSYEQYF	TRBV4-3	TRBJ2-7	1
CASSMNPDRIQETQYF	TRBV19	TRBJ2-5	1
CASSMNTGGREEQYF	TRBV28	TRBJ2-7	1
CASSMPGLEQYF	TRBV11-2	TRBJ2-7	1
CASSMPGLVFPGELFF	TRBV19	TRBJ2-2	1
CASSMPRDSFYGYTF	TRBV19	TRBJ1-2	1
CASSMPSGGSVSQETQYF	TRBV19	TRBJ2-5	1
CASSMRASVEQFF	TRBV19	TRBJ2-1	3
CASSMRASVEQYF	TRBV19	TRBJ2-7	2
CASSMRASYEQYF	TRBV19	TRBJ2-7	3
CASSMRDAHQPYSGNTIYF	TRBV28	TRBJ1-3	1
CASSMREPEYGLEQYF	TRBV7-8	TRBJ2-7	1
CASSMRGELLSNQPQHF	TRBV19	TRBJ1-5	1
CASSMRGPTNEKLFF	TRBV19	TRBJ1-4	1
CASSMRIFPQPQHF	TRBV19	TRBJ1-5	1
CASSMRQEYSNQPQHF	TRBV19	TRBJ1-5	1
CASSMRSAYEQYF	TRBV19	TRBJ2-7	2
CASSMRSGANVLTF	TRBV19	TRBJ2-6	2
CASSMRSGSEQFF	TRBV19	TRBJ2-1	8
CASSMRSSYEQYF	TRBV19	TRBJ2-7	2
CASSMRSTGELFF	TRBV19	TRBJ2-2	2
CASSMRSTNEQFF	TRBV19	TRBJ2-1	12
CASSMSAGGSIYEQYF	TRBV19	TRBJ2-7	1
CASSMSFGSWTEAFF	TRBV19	TRBJ1-1	1
CASSMSFLAGMSTDTQYF	TRBV19	TRBJ2-3	1
CASSMSGGVQETQYF	TRBV19	TRBJ2-5	1
CASSMSGLAGNEQFF	TRBV19	TRBJ2-1	1
CASSMSGNTTYF	TRBV19	TRBJ1-3	1
CASSMSGTSGSYEQYF	TRBV19	TRBJ2-7	1
CASSMSQGAYEQYF	TRBV19	TRBJ2-7	1
CASSMSSLTGGNQPQHF	TRBV19	TRBJ1-5	1
CASSMTAYNEQFF	TRBV19	TRBJ2-1	1
CASSMTGAGNTIYF	TRBV5-1	TRBJ1-3	1
CASSMTGETQYF	TRBV11-2	TRBJ2-5	1
CASSMTGGAWNTEAFF	TRBV7-9	TRBJ1-1	1
CASSMTGGFTEAFF	TRBV27	TRBJ1-1	1
CASSMTGGVYSGANVLTF	TRBV9	TRBJ2-6	1
CASSMTGTDTQYF	TRBV11-2	TRBJ2-3	1
CASSMTLAGANYGYTF	TRBV19	TRBJ1-2	1
CASSMTQGVETQYF	TRBV19	TRBJ2-5	1
CASSMTSGNTGELFF	TRBV6-5	TRBJ2-2	1
CASSMTSSYEQYF	TRBV19	TRBJ2-7	1
CASSMTSVSYEQYF	TRBV12-3	TRBJ2-7	1
CASSMTVSSEAFF	TRBV19	TRBJ1-1	1
CASSMVAGGAPFF	TRBV19	TRBJ1-1	1
CASSMVESYGYTF	TRBV19	TRBJ1-2	1
CASSMVGGRGYTF	TRBV27	TRBJ1-2	1
CASSMVSGNTEAFF	TRBV19	TRBJ1-1	1
CASSMVSQGEQFF	TRBV19	TRBJ2-1	2
CASSMVTPNEQFF	TRBV19	TRBJ2-1	1
CASSMVWNSQETQYF	TRBV19	TRBJ2-5	1
CASSMVWSELAYEQYF	TRBV19	TRBJ2-7	1
CASSMWGRQLNTEAFF	TRBV5-5	TRBJ1-1	8
CASSMWRGDGANVLTF	TRBV19	TRBJ2-6	1
CASSMWSSTIYNEQFF	TRBV19	TRBJ2-1	1
CASSMWTGGDGYTF	TRBV19	TRBJ1-2	1
CASSMWTSASYEQYF	TRBV19	TRBJ2-7	1
CASSNDGQLGYGYTF	TRBV5-6	TRBJ1-2	1
CASSNDGSGIIYGF	TRBV18	TRBJ1-2	1
CASSNDRNTGELFF	TRBV6-4	TRBJ2-2	1
CASSNEGAQDEKLFF	TRBV21-1	TRBJ1-4	1
CASSNEGSGSAGELFF	TRBV28	TRBJ2-2	1
CASSNGAMNTEAFF	TRBV13	TRBJ1-1	1
CASSNGENTEAFF	TRBV4-2	TRBJ1-1	1
CASSNGGGNTEAFF	TRBV11-3	TRBJ1-1	1
CASSNGLAGVYEQYF	TRBV6-6	TRBJ2-7	1
CASSNGLGRETQYF	TRBV27	TRBJ2-5	1
CASSNGSSLDAYNEQFF	TRBV7-7	TRBJ2-1	1
CASSNGTGGVYEQYF	TRBV7-9	TRBJ2-7	1
CASSNGVDEQFF	TRBV9	TRBJ2-1	1
CASSNGWETQYF	TRBV27	TRBJ2-5	1
CASSNHISTENTEAFF	TRBV28	TRBJ1-1	1
CASSNHLWGRNEQYF	TRBV6-3	TRBJ2-7	1
CASSNHQTAFTEAFF	TRBV7-9	TRBJ1-1	1
CASSNHSGTSYEQYF	TRBV11-2	TRBJ2-7	1
CASSNIAGATDTQYF	TRBV27	TRBJ2-3	1
CASSNILAQETQYF	TRBV7-9	TRBJ2-5	1
CASSNKGLGANVLTF	TRBV5-8	TRBJ2-6	1
CASSNKIGGPDRSTDTQYF	TRBV4-2	TRBJ2-3	1
CASSNKNRGSYEQYF	TRBV28	TRBJ2-7	1
CASSNKVADTQYF	TRBV28	TRBJ2-3	1
CASSNKWGRYEQYF	TRBV12-4	TRBJ2-7	1
CASSNLASRPSGDNEQFF	TRBV11-2	TRBJ2-1	1
CASSNLGAPDTQYF	TRBV7-3	TRBJ2-3	1
CASSNLGNNSPLHF	TRBV19	TRBJ1-6	1
CASSNLIYGYTF	TRBV3-1	TRBJ1-2	1
CASSNLNRENTIYF	TRBV19	TRBJ1-3	1
CASSNLRQGAETQYF	TRBV21-1	TRBJ2-5	1
CASSNLRTAEKAFF	TRBV6-3	TRBJ1-1	1
CASSNLRVDSRTGIGYEQYF	TRBV13	TRBJ2-7	1
CASSNNPTNSPLHF	TRBV6-5	TRBJ1-6	1
CASSNNRVPAFF	TRBV9	TRBJ1-1	1
CASSNNRVYTGELFF	TRBV19	TRBJ2-2	1
CASSNPAEISNEQFF	TRBV7-2	TRBJ2-1	1
CASSNPDRGDYEQYF	TRBV7-9	TRBJ2-7	1
CASSNPEDQETQYF	TRBV7-2	TRBJ2-5	1
CASSNPGGASALHF	TRBV27	TRBJ1-6	1
CASSNPGLAGGLAYNEQFF	TRBV6-6	TRBJ2-1	1
CASSNPGQGGTEAFF	TRBV14	TRBJ1-1	1
CASSNPGTGSYGYTF	TRBV27	TRBJ1-2	1
CASSNPLAGGTYEQYF	TRBV27	TRBJ2-7	1
CASSNPLEGIDEQFF	TRBV6-6	TRBJ2-1	1
CASSNPLQHRANEQFF	TRBV19	TRBJ2-1	1
CASSNPNTSANTEAFF	TRBV7-9	TRBJ1-1	1
CASSNPPGWGTGELFF	TRBV6-3	TRBJ2-2	1
CASSNPRLAGASEQYF	TRBV28	TRBJ2-7	1
CASSNPRLDATGELFF	TRBV6-3	TRBJ2-2	81
CASSNPRSEGQETQYF	TRBV28	TRBJ2-5	1
CASSNPSHYEQYF	TRBV19	TRBJ2-7	1
CASSNPTATDTQYF	TRBV6-5	TRBJ2-3	1
CASSNPTGIYEQYF	TRBV5-1	TRBJ2-7	1
CASSNQESGNTIYF	TRBV2	TRBJ1-3	1
CASSNQETQYF	TRBV27	TRBJ2-5	1
CASSNRAHTGELFF	TRBV6-3	TRBJ2-2	1
CASSNRDKPYEQYF	TRBV5-1	TRBJ2-7	1
CASSNRDRAWQGETQYF	TRBV7-2	TRBJ2-5	1
CASSNRDRVDTQYF	TRBV7-9	TRBJ2-3	1
CASSNRDRVYSPLHF	TRBV5-6	TRBJ1-6	1
CASSNREEYEQYF	TRBV7-9	TRBJ2-7	1
CASSNRGHGEKLFF	TRBV5-5	TRBJ1-4	1
CASSNRGPLDEQYF	TRBV5-1	TRBJ2-7	1
CASSNRGSIYEQYF	TRBV19	TRBJ2-7	1
CASSNRGWGDTQYF	TRBV6-1	TRBJ2-3	72
CASSNRQGHSEAFF	TRBV27	TRBJ1-1	4
CASSNRTGPEYEQYF	TRBV7-9	TRBJ2-7	1
CASSNSAGLGYEQYF	TRBV19	TRBJ2-7	1
CASSNSDKTYNEQFF	TRBV21-1	TRBJ2-1	1
CASSNSEQVVWTNTEAFF	TRBV2	TRBJ1-1	1
CASSNSGASYEQYF	TRBV4-1	TRBJ2-7	1
CASSNSPVNNSPLHF	TRBV5-6	TRBJ1-6	1
CASSNSRGGTGELFF	TRBV28	TRBJ2-2	1
CASSNTARMNTEAFF	TRBV7-9	TRBJ1-1	1
CASSNTEETQYF	TRBV7-9	TRBJ2-5	1
CASSNTGPQFF	TRBV27	TRBJ2-1	1
CASSNTGRREQYF	TRBV6-5	TRBJ2-7	1
CASSNTGSSGYTF	TRBV4-3	TRBJ1-2	1
CASSNTGTGVSRISYEQYF	TRBV7-9	TRBJ2-7	1
CASSNTLAGVPLNEQFF	TRBV6-4	TRBJ2-1	1
CASSNTLNTEAFF	TRBV14	TRBJ1-1	1
CASSNTNSAGELFF	TRBV7-9	TRBJ2-2	1
CASSNTPGQPFGNTIYF	TRBV7-6	TRBJ1-3	1
CASSNTRQGDEQFF	TRBV27	TRBJ2-1	1
CASSNTYEQYF	TRBV12-3	TRBJ2-7	1
CASSNVGSVMNTEAFF	TRBV7-6	TRBJ1-1	1
CASSNWGQADGYTF	TRBV9	TRBJ1-2	1
CASSNYEQYF	TRBV28	TRBJ2-7	1
CASSPAAASNRLYEQYF	TRBV18	TRBJ2-7	1
CASSPAAFMNTEAFF	TRBV6-5	TRBJ1-1	1
CASSPAAGLGTEAFF	TRBV28	TRBJ1-1	1
CASSPAAGPSEEQYF	TRBV7-7	TRBJ2-7	1
CASSPADRGSYEQYF	TRBV18	TRBJ2-7	1
CASSPADRRDDTQYF	TRBV18	TRBJ2-3	1
CASSPADRTYEQYF	TRBV7-9	TRBJ2-7	1
CASSPADTGELFF	TRBV9	TRBJ2-2	1
CASSPADTLLDTQYF	TRBV18	TRBJ2-3	1
CASSPADTQYF	TRBV12-3	TRBJ2-3	1
CASSPAEAGVNTGELFF	TRBV7-9	TRBJ2-2	1
CASSPAEGWNQPQHF	TRBV11-2	TRBJ1-5	1
CASSPAFRRADTQYF	TRBV18	TRBJ2-3	1
CASSPAGADEQFF	TRBV4-3	TRBJ2-1	1
CASSPAGASDGYTF	TRBV4-1	TRBJ1-2	1
CASSPAGDDYGYTF	TRBV19	TRBJ1-2	1
CASSPAGDNEQYF	TRBV9	TRBJ2-7	1
CASSPAGDTDTQYF	TRBV7-3	TRBJ2-3	1
CASSPAGDTEAFF	TRBV6-5	TRBJ1-1	1
CASSPAGEGADTQYF	TRBV6-5	TRBJ2-3	1
CASSPAGEGREQYF	TRBV18	TRBJ2-7	1
CASSPAGELFF	TRBV28	TRBJ2-2	1
CASSPAGEPLSYNEQFF	TRBV7-8	TRBJ2-1	1
CASSPAGETYNEQFF	TRBV6-5	TRBJ2-1	1
CASSPAGGDQPQHF	TRBV7-2	TRBJ1-5	1
CASSPAGGGIADTQYF	TRBV19	TRBJ2-3	1
CASSPAGGRDEQFF	TRBV28	TRBJ2-1	1
CASSPAGGRSNYGYTF	TRBV27	TRBJ1-2	1
CASSPAGGSGNEQFF	TRBV7-2	TRBJ2-1	1
CASSPAGGTDTQYF	TRBV6-6	TRBJ2-3	1
CASSPAGKENTGELFF	TRBV7-9	TRBJ2-2	1
CASSPAGLAGYEQYF	TRBV12-4	TRBJ2-7	1
CASSPAGNGDNEQFF	TRBV11-2	TRBJ2-1	1
CASSPAGNKGPEAFF	TRBV13	TRBJ1-1	1
CASSPAGPLPGEQYF	TRBV3-1	TRBJ2-7	1
CASSPAGPNTEAFF	TRBV7-9	TRBJ1-1	1
CASSPAGQGILGNEQFF	TRBV10-2	TRBJ2-1	1
CASSPAGQGYEQYF	TRBV27	TRBJ2-7	1
CASSPAGQSTDTQYF	TRBV18	TRBJ2-3	1
CASSPAGRDYNEQFF	TRBV7-6	TRBJ2-1	1
CASSPAGSGQPQHF	TRBV27	TRBJ1-5	1
CASSPAGSLHEAFF	TRBV5-6	TRBJ1-1	1
CASSPAGSSYEQYF	TRBV9	TRBJ2-7	1
CASSPAGSSYNSPLHF	TRBV27	TRBJ1-6	1
CASSPAGTDQETQYF	TRBV28	TRBJ2-5	1
CASSPAGTGSYTDTQYF	TRBV3-1	TRBJ2-3	1
CASSPAGTGYTEAFF	TRBV6-5	TRBJ1-1	1
CASSPAGTLNYGYTF	TRBV12-3	TRBJ1-2	1
CASSPAGTSVYNEQFF	TRBV5-4	TRBJ2-1	1
CASSPAHSGRINYNEQFF	TRBV19	TRBJ2-1	1
CASSPAIAAAHGTQYF	TRBV6-6	TRBJ2-5	1
CASSPALAGLLVQETQYF	TRBV11-2	TRBJ2-5	1
CASSPALEGFYEQYF	TRBV9	TRBJ2-7	1
CASSPALGKNTEAFF	TRBV14	TRBJ1-1	1
CASSPALGSTEAFF	TRBV7-9	TRBJ1-1	1
CASSPALLVEEIYVEQFF	TRBV5-4	TRBJ2-1	1
CASSPALQPYEQYF	TRBV5-4	TRBJ2-7	1
CASSPALSETDTQYF	TRBV3-1	TRBJ2-3	1
CASSPANGIQYF	TRBV6-1	TRBJ2-4	1
CASSPAPALDTQYF	TRBV5-6	TRBJ2-3	1
CASSPAPDTQYF	TRBV9	TRBJ2-3	1
CASSPAPGSLNTEAFF	TRBV4-3	TRBJ1-1	1
CASSPAPTETQYF	TRBV4-3	TRBJ2-5	1
CASSPAQARNNEQFF	TRBV18	TRBJ2-1	1
CASSPAQDRVKHF	TRBV7-2	TRBJ2-7	1
CASSPAQGFYNEQFF	TRBV7-3	TRBJ2-1	1
CASSPAQLGFWFRPNYGYTF	TRBV18	TRBJ1-2	1
CASSPARAGAYEQYF	TRBV18	TRBJ2-7	1
CASSPARGATNEKLFF	TRBV7-9	TRBJ1-4	1
CASSPARGGETQYF	TRBV12-4	TRBJ2-5	1
CASSPARGRVEQYF	TRBV27	TRBJ2-7	1
CASSPARRDEAFF	TRBV6-5	TRBJ1-1	1
CASSPARRDSYEQYF	TRBV7-2	TRBJ2-7	1
CASSPARRSRDRARGEQYF	TRBV7-9	TRBJ2-7	1
CASSPARSYEQYF	TRBV6-1	TRBJ2-7	1
CASSPARVSDGYTF	TRBV12-3	TRBJ1-2	1
CASSPASDRELSEQYF	TRBV6-5	TRBJ2-7	1
CASSPASGIGHEQYF	TRBV12-3	TRBJ2-7	1
CASSPASGNEQYF	TRBV27	TRBJ2-7	1
CASSPASPTGHYNSPLHF	TRBV12-3	TRBJ1-6	1
CASSPASSGGNEQFF	TRBV4-3	TRBJ2-1	1
CASSPASTSSYNEQFF	TRBV4-1	TRBJ2-1	1
CASSPATGDYGYTF	TRBV5-1	TRBJ1-2	1
CASSPATGELFF	TRBV7-2	TRBJ2-2	1
CASSPATGGHQPQHF	TRBV6-5	TRBJ1-5	1
CASSPATGTGPETQYF	TRBV4-3	TRBJ2-5	1
CASSPAVAGGGTGELFF	TRBV27	TRBJ2-2	1
CASSPAVGFLTDTQYF	TRBV13	TRBJ2-3	1
CASSPAVSTDTQYF	TRBV7-3	TRBJ2-3	1
CASSPAWLEHRYF	TRBV6-3	TRBJ2-7	2
CASSPAYGVSTDTQYF	TRBV13	TRBJ2-3	1
CASSPAYGYGYTF	TRBV6-3	TRBJ1-2	1
CASSPCCGTTEAFF	TRBV27	TRBJ1-1	1
CASSPCQYTQYF	TRBV7-2	TRBJ2-3	1
CASSPDAGDPRGQNYGYTF	TRBV5-5	TRBJ1-2	1
CASSPDAGGPNEQFF	TRBV3-1	TRBJ2-1	1
CASSPDASETQYF	TRBV12-3	TRBJ2-5	1
CASSPDDRHRTGEQYF	TRBV6-3	TRBJ2-7	1
CASSPDDTGLGQETQYF	TRBV6-5	TRBJ2-5	1
CASSPDEGSGSVWETQYF	TRBV4-3	TRBJ2-5	1
CASSPDEQETQYF	TRBV2	TRBJ2-5	1
CASSPDESYEQYF	TRBV6-5	TRBJ2-7	1
CASSPDFAGTGELFF	TRBV5-1	TRBJ2-2	1
CASSPDGDYGYTF	TRBV5-5	TRBJ1-2	1
CASSPDGEAFF	TRBV10-2	TRBJ1-1	1
CASSPDGEKLFF	TRBV7-9	TRBJ1-4	1
CASSPDGGNYGYTF	TRBV7-2	TRBJ1-2	1
CASSPDGMNTEAFF	TRBV5-4	TRBJ1-1	1
CASSPDGNTEAFF	TRBV5-4	TRBJ1-1	1
CASSPDGNTEAFF	TRBV6-4	TRBJ1-1	1
CASSPDGTGTFYQETQYF	TRBV18	TRBJ2-5	1
CASSPDGTTAIYGYTF	TRBV7-8	TRBJ1-2	1
CASSPDIAGVPKNIQYF	TRBV7-4	TRBJ2-4	1
CASSPDITTGELFF	TRBV6-3	TRBJ2-2	1
CASSPDKNTEAFF	TRBV7-9	TRBJ1-1	1
CASSPDLDTQYF	TRBV4-1	TRBJ2-3	1
CASSPDLGTGGYEQYF	TRBV18	TRBJ2-7	1
CASSPDLGYEQYF	TRBV7-9	TRBJ2-7	1
CASSPDLPSYQETQYF	TRBV14	TRBJ2-5	1
CASSPDLQENTEAFF	TRBV4-3	TRBJ1-1	1
CASSPDLQGNYGYTF	TRBV18	TRBJ1-2	1
CASSPDLRGPNEQFF	TRBV18	TRBJ2-1	1
CASSPDLVHEQFF	TRBV3-1	TRBJ2-1	1
CASSPDLYEQYF	TRBV4-2	TRBJ2-7	1
CASSPDMFGRESGELFF	TRBV11-1	TRBJ2-2	1
CASSPDMYEQYF	TRBV7-2	TRBJ2-7	1
CASSPDNAGTGGSEQYF	TRBV7-3	TRBJ2-7	1
CASSPDPGDRRETQYF	TRBV5-6	TRBJ2-5	1
CASSPDPGGYTF	TRBV9	TRBJ1-2	1
CASSPDPGPYNEQFF	TRBV19	TRBJ2-1	1
CASSPDPTLSGSDEQYF	TRBV27	TRBJ2-7	1
CASSPDPTSGRGNEQFF	TRBV13	TRBJ2-1	1
CASSPDPYEQYF	TRBV3-1	TRBJ2-7	1
CASSPDQETSYTDTQYF	TRBV9	TRBJ2-3	1
CASSPDRAGMNTEAFF	TRBV5-1	TRBJ1-1	1
CASSPDRAGYNEQFF	TRBV6-6	TRBJ2-1	1
CASSPDRASGNTIYF	TRBV5-6	TRBJ1-3	1
CASSPDRDQPQHF	TRBV7-3	TRBJ1-5	1
CASSPDRDRVYGYTF	TRBV9	TRBJ1-2	1
CASSPDRDTDTQYF	TRBV5-1	TRBJ2-3	1
CASSPDREETQYF	TRBV9	TRBJ2-5	1
CASSPDREGAYEQYF	TRBV9	TRBJ2-7	1
CASSPDREGRGETQYF	TRBV7-9	TRBJ2-5	1
CASSPDRELPEAFF	TRBV27	TRBJ1-1	1
CASSPDREQSGYTF	TRBV5-1	TRBJ1-2	1
CASSPDRETQYF	TRBV7-2	TRBJ2-5	1
CASSPDRGAFSPLHF	TRBV7-9	TRBJ1-6	1
CASSPDRGASKLFF	TRBV13	TRBJ1-4	1
CASSPDRGDEQYF	TRBV7-7	TRBJ2-7	1
CASSPDRGGSTDTQYF	TRBV7-3	TRBJ2-3	2
CASSPDRGGYEQYF	TRBV18	TRBJ2-7	1
CASSPDRGHEQYF	TRBV7-9	TRBJ2-7	1
CASSPDRGIKTEAFF	TRBV7-9	TRBJ1-1	1
CASSPDRGLAGELFF	TRBV5-1	TRBJ2-2	1
CASSPDRGLDEQYF	TRBV3-1	TRBJ2-7	3
CASSPDRGLHTGELFF	TRBV3-1	TRBJ2-2	1
CASSPDRGLYEQYF	TRBV11-2	TRBJ2-7	1
CASSPDRGNTGELFF	TRBV4-3	TRBJ2-2	1
CASSPDRGQTEAFF	TRBV6-6	TRBJ1-1	1
CASSPDRGRMNTEAFF	TRBV3-1	TRBJ1-1	1
CASSPDRGSYEQYF	TRBV28	TRBJ2-7	1
CASSPDRGWDTEAFF	TRBV28	TRBJ1-1	1
CASSPDRGWGNEQFF	TRBV3-1	TRBJ2-1	1
CASSPDRGYEQYF	TRBV18	TRBJ2-7	1
CASSPDRISYNEQFF	TRBV27	TRBJ2-1	1
CASSPDRLGNSNQPQHF	TRBV5-1	TRBJ1-5	1
CASSPDRLNEKLFF	TRBV28	TRBJ1-4	1
CASSPDRLNQPQHF	TRBV12-4	TRBJ1-5	1
CASSPDRNTDEQYF	TRBV28	TRBJ2-7	1
CASSPDRSSYNEQFF	TRBV7-3	TRBJ2-1	1
CASSPDRSTDTQYF	TRBV28	TRBJ2-3	1
CASSPDRSYNEQFF	TRBV6-5	TRBJ2-1	1
CASSPDRVGTEAFF	TRBV6-6	TRBJ1-1	1
CASSPDRVYVKNIQYF	TRBV7-9	TRBJ2-4	1
CASSPDSDPNYGYTF	TRBV14	TRBJ1-2	1
CASSPDSGGLQETQYF	TRBV11-2	TRBJ2-5	1
CASSPDSGIGGNYGYTF	TRBV6-6	TRBJ1-2	1
CASSPDSGNEQFF	TRBV27	TRBJ2-1	1
CASSPDSGPIFGEQFF	TRBV11-2	TRBJ2-1	1
CASSPDSLAVNTGELFF	TRBV6-3	TRBJ2-2	1
CASSPDSLTGRDGYTF	TRBV7-9	TRBJ1-2	1
CASSPDSNYGYTF	TRBV18	TRBJ1-2	1
CASSPDSPYEQYF	TRBV5-1	TRBJ2-7	1
CASSPDSSGANVLTF	TRBV6-5	TRBJ2-6	2
CASSPDSSGEQFF	TRBV5-1	TRBJ2-1	1
CASSPDSSLAGSQQFF	TRBV6-4	TRBJ2-1	1
CASSPDSSSGNTIYF	TRBV7-8	TRBJ1-3	1
CASSPDSSTDTQYF	TRBV12-4	TRBJ2-3	1
CASSPDSSYEQYF	TRBV16	TRBJ2-7	1
CASSPDSTGVGEAFF	TRBV6-1	TRBJ1-1	1
CASSPDSTSYEQYF	TRBV5-6	TRBJ2-7	1
CASSPDSWEGGYTF	TRBV9	TRBJ1-2	1
CASSPDSYEQYF	TRBV18	TRBJ2-7	1
CASSPDSYGEKLFF	TRBV7-9	TRBJ1-4	1
CASSPDSYSNQPQHF	TRBV7-8	TRBJ1-5	3
CASSPDTDGDTQYF	TRBV4-3	TRBJ2-3	1
CASSPDTDTQYF	TRBV13	TRBJ2-3	1
CASSPDTGELFF	TRBV6-3	TRBJ2-2	1
CASSPDTGGYQETQYF	TRBV6-5	TRBJ2-5	1
CASSPDTGNTEAFF	TRBV5-1	TRBJ1-1	1
CASSPDTIFSEAFF	TRBV27	TRBJ1-1	1
CASSPDTKAGGNNEQFF	TRBV7-2	TRBJ2-1	1
CASSPDTLANVETQYF	TRBV7-2	TRBJ2-5	1
CASSPDTREAFF	TRBV7-9	TRBJ1-1	1
CASSPDTYEQYF	TRBV12-4	TRBJ2-7	1
CASSPDTYSPNTGELFF	TRBV18	TRBJ2-2	1
CASSPDVTGELFF	TRBV9	TRBJ2-2	1
CASSPDWATVYNEQFF	TRBV18	TRBJ2-1	1
CASSPDWEVAEAFF	TRBV14	TRBJ1-1	1
CASSPDWTSFNEQFF	TRBV11-2	TRBJ2-1	3
CASSPDYGSSPYEQYF	TRBV4-3	TRBJ2-7	1
CASSPDYNEQFF	TRBV5-1	TRBJ2-1	1
CASSPDYTGELFF	TRBV5-1	TRBJ2-2	1
CASSPEAGEGTFF	TRBV4-2	TRBJ1-1	1
CASSPEAGGTDTQYF	TRBV27	TRBJ2-3	1
CASSPEALNTGELFF	TRBV7-6	TRBJ2-2	1
CASSPEASYNEQFF	TRBV5-6	TRBJ2-1	1
CASSPEAWQGAVGTEAFF	TRBV12-4	TRBJ1-1	1
CASSPEAYEQYF	TRBV5-8	TRBJ2-7	1
CASSPEDIGTDTQYF	TRBV18	TRBJ2-3	1
CASSPEDRRNEQYF	TRBV5-5	TRBJ2-7	1
CASSPEDRVGDNTEAFF	TRBV11-1	TRBJ1-1	1
CASSPEDRVTNEKLFF	TRBV7-9	TRBJ1-4	1
CASSPEDSNSYEQYF	TRBV5-6	TRBJ2-7	1
CASSPEERAKFYGYTF	TRBV4-1	TRBJ1-2	1
CASSPEERGSYEQYF	TRBV9	TRBJ2-7	1
CASSPEFAGYTTGANVLTF	TRBV4-2	TRBJ2-6	2
CASSPEFSRGGLGEQYF	TRBV28	TRBJ2-7	1
CASSPEGAAPREEQFF	TRBV4-3	TRBJ2-1	2
CASSPEGALTNYGYTF	TRBV3-1	TRBJ1-2	1
CASSPEGANEQFF	TRBV6-3	TRBJ2-1	1
CASSPEGAPYEQYF	TRBV7-7	TRBJ2-7	1
CASSPEGAYEQYF	TRBV13	TRBJ2-7	1
CASSPEGAYSNQPQHF	TRBV12-4	TRBJ1-5	1
CASSPEGDEQFF	TRBV7-9	TRBJ2-1	1
CASSPEGDEQYF	TRBV18	TRBJ2-7	1
CASSPEGGASGYTF	TRBV7-3	TRBJ1-2	1
CASSPEGGFASSSYNEQFF	TRBV5-1	TRBJ2-1	1
CASSPEGGGEKLFF	TRBV18	TRBJ1-4	1
CASSPEGGNEKLFF	TRBV4-1	TRBJ1-4	1
CASSPEGGPLQETQYF	TRBV7-9	TRBJ2-5	1
CASSPEGGYEQYF	TRBV5-1	TRBJ2-7	1
CASSPEGLAAYNEQFF	TRBV6-3	TRBJ2-1	1
CASSPEGLAGGNEQFF	TRBV19	TRBJ2-1	1
CASSPEGLAGGPGGELFF	TRBV11-3	TRBJ2-2	1
CASSPEGLAGGPWTGELFF	TRBV6-3	TRBJ2-2	1
CASSPEGLSPLHF	TRBV4-1	TRBJ1-6	1
CASSPEGMYEQYF	TRBV3-1	TRBJ2-7	1
CASSPEGPENTIYF	TRBV4-3	TRBJ1-3	1
CASSPEGPRANYGYTF	TRBV2	TRBJ1-2	1
CASSPEGQPNTEAFF	TRBV27	TRBJ1-1	1
CASSPEGRPEQFF	TRBV11-1	TRBJ2-1	1
CASSPEGRPGDTQYF	TRBV9	TRBJ2-3	1
CASSPEGSGKFADTQYF	TRBV4-3	TRBJ2-3	1
CASSPEGSVYGYTF	TRBV28	TRBJ1-2	1
CASSPEGTLNQPQHF	TRBV4-2	TRBJ1-5	1
CASSPEGTNEKLFF	TRBV18	TRBJ1-4	1
CASSPEGTYNEQFF	TRBV9	TRBJ2-1	1
CASSPEGVGYNEQFF	TRBV5-1	TRBJ2-1	1
CASSPEGYGGANYEQYF	TRBV3-1	TRBJ2-7	1
CASSPEGYGYTF	TRBV18	TRBJ1-2	1
CASSPEIETMNTEAFF	TRBV7-2	TRBJ1-1	1
CASSPEIKRVNNEQFF	TRBV28	TRBJ2-1	1
CASSPEIVPSREQYF	TRBV9	TRBJ2-7	1
CASSPEKFQETQYF	TRBV7-9	TRBJ2-5	1
CASSPEKGTPGYEQYF	TRBV5-1	TRBJ2-7	1
CASSPELAGDYYNEQFF	TRBV6-3	TRBJ2-1	1
CASSPELAGVETQYF	TRBV11-2	TRBJ2-5	1
CASSPELFDRNYGYTF	TRBV11-2	TRBJ1-2	1
CASSPELLLYGYTF	TRBV5-4	TRBJ1-2	1
CASSPELQGMNTEAFF	TRBV18	TRBJ1-1	1
CASSPENQGELFF	TRBV6-4	TRBJ2-2	2
CASSPENRDEQYF	TRBV18	TRBJ2-7	1
CASSPENSPLHF	TRBV6-5	TRBJ1-6	1
CASSPEPSTGGTEAFF	TRBV9	TRBJ1-1	1
CASSPEQFF	TRBV12-4	TRBJ2-1	1
CASSPEQGARYEQYF	TRBV18	TRBJ2-7	1
CASSPERAPGQGYNEQFF	TRBV18	TRBJ2-1	1
CASSPERDPHEQYF	TRBV5-6	TRBJ2-7	1
CASSPEREGSEETQYF	TRBV6-3	TRBJ2-5	1
CASSPERGGQGFEGSTYEQYF	TRBV7-8	TRBJ2-7	1
CASSPERGGRTDTQYF	TRBV7-2	TRBJ2-3	1
CASSPERGLADTQYF	TRBV3-1	TRBJ2-3	1
CASSPERGNEQYF	TRBV7-9	TRBJ2-7	1
CASSPERGSGGTGELFF	TRBV10-2	TRBJ2-2	1
CASSPERVEQYF	TRBV7-9	TRBJ2-7	1
CASSPESGGSIAYEQYF	TRBV18	TRBJ2-7	1
CASSPESGNTIYF	TRBV12-4	TRBJ1-3	1
CASSPESVLIRRNTGELFF	TRBV7-6	TRBJ2-2	1
CASSPESYNEQFF	TRBV3-1	TRBJ2-1	1
CASSPETGAYGYTF	TRBV18	TRBJ1-2	1
CASSPETGDPGNTIYF	TRBV7-8	TRBJ1-3	1
CASSPETGLADNEQFF	TRBV4-1	TRBJ2-1	1
CASSPETGRGLAFF	TRBV7-9	TRBJ1-1	1
CASSPETGRGSPLHF	TRBV28	TRBJ1-6	1
CASSPETGYNEQFF	TRBV5-6	TRBJ2-1	1
CASSPETQLTQYF	TRBV5-4	TRBJ2-3	1
CASSPETRGFGEQFF	TRBV6-5	TRBJ2-1	1
CASSPETSEQYF	TRBV7-9	TRBJ2-7	1
CASSPETSGSSNEQFF	TRBV13	TRBJ2-1	1
CASSPETSTDTQYF	TRBV28	TRBJ2-3	1
CASSPEVGGLVNLPQETQYF	TRBV3-1	TRBJ2-5	1
CASSPEWEQDEQFF	TRBV9	TRBJ2-1	1
CASSPEWVVTDTQYF	TRBV7-2	TRBJ2-3	1
CASSPEYQETQYF	TRBV7-6	TRBJ2-5	1
CASSPEYRDGSYEQYF	TRBV7-9	TRBJ2-7	1
CASSPFAGGPADTQYF	TRBV11-2	TRBJ2-3	1
CASSPFDWTGFSTDTQYF	TRBV7-9	TRBJ2-3	1
CASSPFEGLSGDEQFF	TRBV4-1	TRBJ2-1	1
CASSPFFDRVVMNSPLHF	TRBV7-8	TRBJ1-6	1
CASSPFFGSYEQYF	TRBV5-1	TRBJ2-7	1
CASSPFFRNSASTDTQYF	TRBV6-6	TRBJ2-3	1
CASSPFGASTDTQYF	TRBV9	TRBJ2-3	1
CASSPFGGGAGETQYF	TRBV7-3	TRBJ2-5	1
CASSPFGNDRIGTDTQYF	TRBV7-7	TRBJ2-3	1
CASSPFGQGAYNEQFF	TRBV7-2	TRBJ2-1	1
CASSPFGQGGGYTF	TRBV27	TRBJ1-2	1
CASSPFGRLPYEQYF	TRBV18	TRBJ2-7	1
CASSPFGSDEQFF	TRBV19	TRBJ2-1	1
CASSPFGTLNSPLHF	TRBV19	TRBJ1-6	1
CASSPFGTSGGTDTQYF	TRBV4-1	TRBJ2-3	1
CASSPFLGRGDYGYTF	TRBV4-3	TRBJ1-2	1
CASSPFNRDGEQFF	TRBV7-3	TRBJ2-1	1
CASSPFPQGMNTEAFF	TRBV11-2	TRBJ1-1	1
CASSPFPRQGGDTQYF	TRBV28	TRBJ2-3	1
CASSPFPSTDTQYF	TRBV2	TRBJ2-3	1
CASSPFQREETGELFF	TRBV9	TRBJ2-2	1
CASSPFRADYGYTF	TRBV7-2	TRBJ1-2	1
CASSPFRDRGYEQFF	TRBV5-1	TRBJ2-1	1
CASSPFRDTNTGELFF	TRBV7-6	TRBJ2-2	1
CASSPFRSQETQYF	TRBV6-5	TRBJ2-5	1
CASSPFRVSNQPQHF	TRBV5-8	TRBJ1-5	1
CASSPFSDNNGETQYF	TRBV4-1	TRBJ2-5	1
CASSPFSSGGYNEQFF	TRBV6-5	TRBJ2-1	1
CASSPFTEKGHYF	TRBV18	TRBJ2-7	1
CASSPFTVSHMLGDEQYF	TRBV12-3	TRBJ2-7	1
CASSPFVKGSTGELFF	TRBV5-6	TRBJ2-2	1
CASSPFVTATFNYGYTF	TRBV4-1	TRBJ1-2	1
CASSPFWENSVDEQFF	TRBV5-8	TRBJ2-1	1
CASSPFWGANEQFF	TRBV27	TRBJ2-1	1
CASSPFWGQGDYNEQFF	TRBV7-2	TRBJ2-1	1
CASSPFYSGNTIYF	TRBV9	TRBJ1-3	1
CASSPGAFYEQYF	TRBV27	TRBJ2-7	1
CASSPGAGDNYGYTF	TRBV4-3	TRBJ1-2	1
CASSPGAGGPTDTQYF	TRBV18	TRBJ2-3	1
CASSPGAGGTEAFF	TRBV28	TRBJ1-1	1
CASSPGAGGVETQYF	TRBV27	TRBJ2-5	1
CASSPGAGNSYEQYF	TRBV7-9	TRBJ2-7	1
CASSPGAGQGEQYF	TRBV19	TRBJ2-7	1
CASSPGAGSYEQYF	TRBV14	TRBJ2-7	1
CASSPGALSKNIQYF	TRBV7-8	TRBJ2-4	1
CASSPGANVLTF	TRBV7-9	TRBJ2-6	1
CASSPGAPGELFF	TRBV27	TRBJ2-2	1
CASSPGAPRSGANVLTF	TRBV18	TRBJ2-6	1
CASSPGARGLVKNIQYF	TRBV27	TRBJ2-4	1
CASSPGARGSYEQYF	TRBV18	TRBJ2-7	1
CASSPGASGAITGELFF	TRBV5-1	TRBJ2-2	1
CASSPGASGYEQYF	TRBV4-2	TRBJ2-7	1
CASSPGASTEAFF	TRBV7-3	TRBJ1-1	1
CASSPGASYEQYF	TRBV12-3	TRBJ2-7	1
CASSPGATGELFF	TRBV25-1	TRBJ2-2	1
CASSPGATGVVNQPQHF	TRBV7-8	TRBJ1-5	1
CASSPGATSSYEQYF	TRBV13	TRBJ2-7	1
CASSPGDFMGDEQYF	TRBV9	TRBJ2-7	1
CASSPGDFQETQYF	TRBV5-4	TRBJ2-5	1
CASSPGDGRQETQYF	TRBV7-9	TRBJ2-5	1
CASSPGDIQYF	TRBV4-1	TRBJ2-4	1
CASSPGDLQETQYF	TRBV18	TRBJ2-5	1
CASSPGDNQPQHF	TRBV6-3	TRBJ1-5	1
CASSPGDPSGELFF	TRBV5-4	TRBJ2-2	1
CASSPGDPSTDTQYF	TRBV11-1	TRBJ2-3	1
CASSPGDQPQHF	TRBV4-2	TRBJ1-5	1
CASSPGDRGTEAFF	TRBV12-4	TRBJ1-1	1
CASSPGDRGYEQYF	TRBV4-3	TRBJ2-7	1
CASSPGDRRSYEQYF	TRBV19	TRBJ2-7	1
CASSPGDSYNEQFF	TRBV5-1	TRBJ2-1	1
CASSPGDTANTEAFF	TRBV5-6	TRBJ1-1	1
CASSPGDTQYF	TRBV18	TRBJ2-3	1
CASSPGDTQYF	TRBV3-1	TRBJ2-3	1
CASSPGDTQYF	TRBV6-5	TRBJ2-3	5
CASSPGDYGYTF	TRBV12-4	TRBJ1-2	1
CASSPGEGAFWEQYF	TRBV6-5	TRBJ2-7	1
CASSPGEGENYGYTF	TRBV4-3	TRBJ1-2	1
CASSPGEGGEQYF	TRBV4-3	TRBJ2-7	1
CASSPGEGLKTEAFF	TRBV4-3	TRBJ1-1	1
CASSPGEGLYEQYF	TRBV4-3	TRBJ2-7	1
CASSPGEGSFFFGQYF	TRBV7-9	TRBJ2-7	1
CASSPGEGTGELFF	TRBV5-1	TRBJ2-2	1
CASSPGEGYEQYF	TRBV19	TRBJ2-7	1
CASSPGEKLFF	TRBV25-1	TRBJ1-4	1
CASSPGEKLFF	TRBV28	TRBJ1-4	1
CASSPGEQSPGYTF	TRBV4-3	TRBJ1-2	1
CASSPGESQPQHF	TRBV18	TRBJ1-5	1
CASSPGEVRADTQYF	TRBV7-2	TRBJ2-3	1
CASSPGGAAEQYF	TRBV9	TRBJ2-7	1
CASSPGGAEAFF	TRBV18	TRBJ1-1	1
CASSPGGAEAFF	TRBV5-4	TRBJ1-1	1
CASSPGGAEAFF	TRBV9	TRBJ1-1	1
CASSPGGAGADTQYF	TRBV7-9	TRBJ2-3	1
CASSPGGAGASYEQYF	TRBV3-1	TRBJ2-7	1
CASSPGGAGEQYF	TRBV5-4	TRBJ2-7	1
CASSPGGANLMETQYF	TRBV9	TRBJ2-5	1
CASSPGGANPIYNEQFF	TRBV9	TRBJ2-1	1
CASSPGGARQFF	TRBV7-6	TRBJ2-1	1
CASSPGGATEAFF	TRBV7-3	TRBJ1-1	1
CASSPGGAYEQYF	TRBV27	TRBJ2-7	1
CASSPGGAYYEQYF	TRBV27	TRBJ2-7	1
CASSPGGDEQFF	TRBV7-6	TRBJ2-1	1
CASSPGGDTSETQYF	TRBV6-5	TRBJ2-5	1
CASSPGGESEKLFF	TRBV12-4	TRBJ1-4	1
CASSPGGETQYF	TRBV6-5	TRBJ2-5	1
CASSPGGFNQPQHF	TRBV3-1	TRBJ1-5	1
CASSPGGGAGTGELFF	TRBV18	TRBJ2-2	1
CASSPGGGASYEQYF	TRBV9	TRBJ2-7	1
CASSPGGGAWDTQYF	TRBV7-2	TRBJ2-3	1
CASSPGGGETQYF	TRBV7-3	TRBJ2-5	1
CASSPGGGGETQYF	TRBV9	TRBJ2-5	1
CASSPGGGGTEAFF	TRBV7-6	TRBJ1-1	1
CASSPGGGGVEKLFF	TRBV4-3	TRBJ1-4	1
CASSPGGGGYEQYF	TRBV18	TRBJ2-7	1
CASSPGGGGYTDTQYF	TRBV5-6	TRBJ2-3	1
CASSPGGGGYTF	TRBV12-3	TRBJ1-2	1
CASSPGGGIEQFF	TRBV7-6	TRBJ2-1	3
CASSPGGGNTEAFF	TRBV7-6	TRBJ1-1	1
CASSPGGGPEAFF	TRBV4-1	TRBJ1-1	1
CASSPGGGPYEQYF	TRBV18	TRBJ2-7	1
CASSPGGGQAYNEQFF	TRBV9	TRBJ2-1	1
CASSPGGGQDEQYF	TRBV5-1	TRBJ2-7	1
CASSPGGGREQYF	TRBV11-2	TRBJ2-7	1
CASSPGGGREQYF	TRBV3-1	TRBJ2-7	1
CASSPGGGRETQYF	TRBV9	TRBJ2-5	1
CASSPGGGREYEQYF	TRBV6-5	TRBJ2-7	1
CASSPGGGSSFGYTF	TRBV11-2	TRBJ1-2	1
CASSPGGGSYEQYF	TRBV7-8	TRBJ2-7	1
CASSPGGGTDTQYF	TRBV12-4	TRBJ2-3	1
CASSPGGGTEAFF	TRBV9	TRBJ1-1	1
CASSPGGGTQETQYF	TRBV7-2	TRBJ2-5	1
CASSPGGGTQYF	TRBV6-5	TRBJ2-3	1
CASSPGGGVNTEAFF	TRBV19	TRBJ1-1	1
CASSPGGGVSYEQYF	TRBV28	TRBJ2-7	1
CASSPGGGYEQYF	TRBV7-3	TRBJ2-7	1
CASSPGGGYNSPLHF	TRBV19	TRBJ1-6	1
CASSPGGGYTF	TRBV5-6	TRBJ1-2	1
CASSPGGGYVGNEQFF	TRBV5-6	TRBJ2-1	1
CASSPGGHQPQHF	TRBV6-3	TRBJ1-5	1
CASSPGGIDLHF	TRBV18	TRBJ1-6	1
CASSPGGIGEDTQYF	TRBV9	TRBJ2-3	1
CASSPGGLAGADTQYF	TRBV5-1	TRBJ2-3	425
CASSPGGLENEQYF	TRBV7-9	TRBJ2-7	1
CASSPGGLGYEQYF	TRBV4-1	TRBJ2-7	1
CASSPGGLNEKLFF	TRBV6-5	TRBJ1-4	1
CASSPGGLNEQYF	TRBV7-3	TRBJ2-7	3
CASSPGGLSGANVLTF	TRBV6-4	TRBJ2-6	2
CASSPGGNQPQHF	TRBV9	TRBJ1-5	1
CASSPGGNTEAFF	TRBV7-3	TRBJ1-1	1
CASSPGGNTGELFF	TRBV7-3	TRBJ2-2	1
CASSPGGPGFLEAFF	TRBV7-8	TRBJ1-1	1
CASSPGGPGQGTTGELFF	TRBV5-1	TRBJ2-2	1
CASSPGGPGTGELFF	TRBV7-6	TRBJ2-2	1
CASSPGGPNTGELFF	TRBV7-9	TRBJ2-2	1
CASSPGGPYNEQFF	TRBV4-2	TRBJ2-1	1
CASSPGGQETQYF	TRBV6-3	TRBJ2-5	1
CASSPGGQNYNEQFF	TRBV6-4	TRBJ2-1	1
CASSPGGQPQHF	TRBV5-6	TRBJ1-5	1
CASSPGGQREGIDEQYF	TRBV7-9	TRBJ2-7	1
CASSPGGQSQETQYF	TRBV7-9	TRBJ2-5	1
CASSPGGQVATEAFF	TRBV12-4	TRBJ1-1	1
CASSPGGRDTQYF	TRBV7-3	TRBJ2-3	1
CASSPGGRGQPQHF	TRBV27	TRBJ1-5	1
CASSPGGRNTEAFF	TRBV12-3	TRBJ1-1	1
CASSPGGRQTTYGYTF	TRBV3-1	TRBJ1-2	1
CASSPGGRSYEQYF	TRBV9	TRBJ2-7	1
CASSPGGRTEAFF	TRBV7-3	TRBJ1-1	1
CASSPGGSEQYF	TRBV5-6	TRBJ2-7	1
CASSPGGSFSDTQYF	TRBV9	TRBJ2-3	1
CASSPGGSGGELFF	TRBV5-1	TRBJ2-2	1
CASSPGGSGGYTF	TRBV7-3	TRBJ1-2	1
CASSPGGSNQPQHF	TRBV7-2	TRBJ1-5	1
CASSPGGSSGNTIYF	TRBV9	TRBJ1-3	1
CASSPGGSVSVNTEAFF	TRBV9	TRBJ1-1	1
CASSPGGSYEQYF	TRBV13	TRBJ2-7	1
CASSPGGSYEQYF	TRBV7-6	TRBJ2-7	1
CASSPGGSYNEQFF	TRBV18	TRBJ2-1	1
CASSPGGTDTQYF	TRBV11-3	TRBJ2-3	1
CASSPGGTEAFF	TRBV9	TRBJ1-1	1
CASSPGGTGELFF	TRBV5-5	TRBJ2-2	1
CASSPGGTGGNQPQHF	TRBV27	TRBJ1-5	1
CASSPGGTNYGYTF	TRBV12-3	TRBJ1-2	1
CASSPGGVEQFF	TRBV9	TRBJ2-1	1
CASSPGGVNEQFF	TRBV28	TRBJ2-1	1
CASSPGGWEPQHF	TRBV12-4	TRBJ1-5	1
CASSPGGYEQFF	TRBV6-4	TRBJ2-1	1
CASSPGGYEQYF	TRBV4-3	TRBJ2-7	1
CASSPGGYEQYF	TRBV7-9	TRBJ2-7	1
CASSPGGYEQYF	TRBV9	TRBJ2-7	1
CASSPGGYNSPLHF	TRBV9	TRBJ1-6	1
CASSPGGYVSNQPQHF	TRBV12-4	TRBJ1-5	1
CASSPGHEQFF	TRBV6-3	TRBJ2-1	1
CASSPGHINQPQHF	TRBV5-6	TRBJ1-5	1
CASSPGHLNSPLHF	TRBV28	TRBJ1-6	1
CASSPGHMNTEAFF	TRBV5-1	TRBJ1-1	1
CASSPGHNYEQYF	TRBV9	TRBJ2-7	1
CASSPGHPNEQFF	TRBV5-8	TRBJ2-1	1
CASSPGHPSSYNEQFF	TRBV7-9	TRBJ2-1	1
CASSPGHQSNQPQHF	TRBV4-3	TRBJ1-5	1
CASSPGHSLIRYGYTF	TRBV6-3	TRBJ1-2	1
CASSPGHSNQPQHF	TRBV6-1	TRBJ1-5	1
CASSPGHTNTGELFF	TRBV7-3	TRBJ2-2	1
CASSPGIDEQYF	TRBV12-4	TRBJ2-7	1
CASSPGILDTDTQYF	TRBV4-3	TRBJ2-3	1
CASSPGISLGNEQFF	TRBV7-3	TRBJ2-1	1
CASSPGKDRFSGNTIYF	TRBV18	TRBJ1-3	1
CASSPGLAADTQYF	TRBV12-3	TRBJ2-3	1
CASSPGLAAMYEQYF	TRBV9	TRBJ2-7	1
CASSPGLADF	TRBV18	TRBJ2-3	1
CASSPGLADYEQYF	TRBV27	TRBJ2-7	4
CASSPGLAGADEQFF	TRBV11-2	TRBJ2-1	1
CASSPGLAGANEQFF	TRBV11-1	TRBJ2-1	1
CASSPGLAGAVNEQFF	TRBV7-2	TRBJ2-1	1
CASSPGLAGDTQYF	TRBV18	TRBJ2-3	1
CASSPGLAGDYEQYF	TRBV4-1	TRBJ2-7	1
CASSPGLAGEIGITDTQYF	TRBV7-9	TRBJ2-3	1
CASSPGLAGELFF	TRBV12-4	TRBJ2-2	1
CASSPGLAGEQYF	TRBV12-4	TRBJ2-7	1
CASSPGLAGEVYEQYF	TRBV28	TRBJ2-7	1
CASSPGLAGGAQETQYF	TRBV7-2	TRBJ2-5	1
CASSPGLAGGDQETQYF	TRBV7-8	TRBJ2-5	1
CASSPGLAGGEQFF	TRBV9	TRBJ2-1	1
CASSPGLAGGEQYF	TRBV9	TRBJ2-7	1
CASSPGLAGGIQETQYF	TRBV27	TRBJ2-5	1
CASSPGLAGGLINEQFF	TRBV5-6	TRBJ2-1	1
CASSPGLAGGNEQFF	TRBV6-5	TRBJ2-1	1
CASSPGLAGGPHNEQFF	TRBV7-9	TRBJ2-1	1
CASSPGLAGGPSYEQYF	TRBV27	TRBJ2-7	1
CASSPGLAGGQWDTQYF	TRBV5-1	TRBJ2-3	1
CASSPGLAGGRDYNEQFF	TRBV12-4	TRBJ2-1	1
CASSPGLAGGSSYNEQFF	TRBV3-1	TRBJ2-1	1
CASSPGLAGISGANVLTF	TRBV5-1	TRBJ2-6	1
CASSPGLAGLSYEQYF	TRBV7-9	TRBJ2-7	1
CASSPGLAGNIQYF	TRBV6-5	TRBJ2-4	1
CASSPGLAGSPYEQYF	TRBV19	TRBJ2-7	1
CASSPGLAGSTQETQYF	TRBV11-2	TRBJ2-5	1
CASSPGLAGTGYEQYF	TRBV13	TRBJ2-7	1
CASSPGLAGVEQYF	TRBV14	TRBJ2-7	1
CASSPGLAGVNEQFF	TRBV27	TRBJ2-1	1
CASSPGLAGYEQYF	TRBV12-3	TRBJ2-7	1
CASSPGLAGYEQYF	TRBV5-1	TRBJ2-7	1
CASSPGLAGYNEQFF	TRBV6-5	TRBJ2-1	1
CASSPGLAGYPAGELFF	TRBV7-2	TRBJ2-2	1
CASSPGLAPGELFF	TRBV13	TRBJ2-2	1
CASSPGLAYGYTF	TRBV27	TRBJ1-2	1
CASSPGLEMDTQYF	TRBV6-3	TRBJ2-3	3
CASSPGLGGVEQFF	TRBV5-6	TRBJ2-1	1
CASSPGLGLAGDNEQFF	TRBV7-9	TRBJ2-1	1
CASSPGLGNTIYF	TRBV27	TRBJ1-3	1
CASSPGLGSPLHF	TRBV11-1	TRBJ1-6	12
CASSPGLITEAFF	TRBV11-2	TRBJ1-1	1
CASSPGLKLSGANVLTF	TRBV7-2	TRBJ2-6	1
CASSPGLLADTQYF	TRBV5-1	TRBJ2-3	1
CASSPGLLNEQYF	TRBV19	TRBJ2-7	1
CASSPGLLYNEQFF	TRBV14	TRBJ2-1	1
CASSPGLNNEQFF	TRBV7-9	TRBJ2-1	1
CASSPGLPPDTQYF	TRBV7-2	TRBJ2-3	1
CASSPGLQETQYF	TRBV6-3	TRBJ2-5	1
CASSPGLQLYEQYF	TRBV7-2	TRBJ2-7	1
CASSPGLRETQYF	TRBV27	TRBJ2-5	1
CASSPGLSKETQYF	TRBV13	TRBJ2-5	1
CASSPGLSYEQYF	TRBV12-4	TRBJ2-7	1
CASSPGLSYEQYF	TRBV4-3	TRBJ2-7	1
CASSPGLTNYGYTF	TRBV27	TRBJ1-2	1
CASSPGLYRVSSYNEQFF	TRBV7-2	TRBJ2-1	1
CASSPGMGSGYTF	TRBV6-5	TRBJ1-2	1
CASSPGNEQFF	TRBV27	TRBJ2-1	1
CASSPGNFMYQETQYF	TRBV18	TRBJ2-5	1
CASSPGNGGATLGYTF	TRBV7-3	TRBJ1-2	1
CASSPGNNEQFF	TRBV12-3	TRBJ2-1	1
CASSPGNRGSSYNEQFF	TRBV4-2	TRBJ2-1	1
CASSPGNRKNIQYF	TRBV4-1	TRBJ2-4	1
CASSPGNTEAFF	TRBV12-4	TRBJ1-1	1
CASSPGNTEAFF	TRBV5-6	TRBJ1-1	1
CASSPGNYEQYF	TRBV5-4	TRBJ2-7	1
CASSPGPAGVETQYF	TRBV9	TRBJ2-5	1
CASSPGPAKDTQYF	TRBV7-9	TRBJ2-3	13
CASSPGPAVGYTF	TRBV7-9	TRBJ1-2	1
CASSPGPELYEQYF	TRBV6-3	TRBJ2-7	1
CASSPGPGDNSPLHF	TRBV7-3	TRBJ1-6	1
CASSPGPGFYGYTF	TRBV19	TRBJ1-2	1
CASSPGPGGLQPQHF	TRBV5-4	TRBJ1-5	1
CASSPGPGQGGNQPQHF	TRBV5-1	TRBJ1-5	1
CASSPGPGQGSMNTEAFF	TRBV18	TRBJ1-1	1
CASSPGPGYEQYF	TRBV7-3	TRBJ2-7	1
CASSPGPISGNTIYF	TRBV6-3	TRBJ1-3	1
CASSPGPLAGGDNEQFF	TRBV4-1	TRBJ2-1	1
CASSPGPLETDTQYF	TRBV5-4	TRBJ2-3	1
CASSPGPMNTEAFF	TRBV9	TRBJ1-1	1
CASSPGPMVEQFF	TRBV7-3	TRBJ2-1	1
CASSPGPNNQPQHF	TRBV5-5	TRBJ1-5	1
CASSPGPNYGYTF	TRBV27	TRBJ1-2	1
CASSPGPQETQYF	TRBV5-6	TRBJ2-5	1
CASSPGPRGEKLFF	TRBV12-4	TRBJ1-4	1
CASSPGPSGAYNEQFF	TRBV7-8	TRBJ2-1	1
CASSPGPSYEQYF	TRBV18	TRBJ2-7	1
CASSPGPSYEQYF	TRBV19	TRBJ2-7	2
CASSPGPSYEQYF	TRBV5-6	TRBJ2-7	1
CASSPGPTYEQYF	TRBV5-6	TRBJ2-7	1
CASSPGPVEAFF	TRBV5-4	TRBJ1-1	1
CASSPGQAAEQYF	TRBV5-4	TRBJ2-7	1
CASSPGQAHTEAFF	TRBV5-6	TRBJ1-1	1
CASSPGQASTDTQYF	TRBV19	TRBJ2-3	1
CASSPGQAYEQYF	TRBV19	TRBJ2-7	1
CASSPGQAYNEQFF	TRBV4-1	TRBJ2-1	1
CASSPGQDHYEQYF	TRBV5-4	TRBJ2-7	1
CASSPGQDSAGELFF	TRBV3-1	TRBJ2-2	1
CASSPGQDSYEQYF	TRBV12-4	TRBJ2-7	1
CASSPGQDSYEQYF	TRBV6-5	TRBJ2-7	1
CASSPGQEAFF	TRBV13	TRBJ1-1	1
CASSPGQEDGNTIYF	TRBV9	TRBJ1-3	1
CASSPGQEVYEQYF	TRBV18	TRBJ2-7	1
CASSPGQFISTDTQYF	TRBV11-2	TRBJ2-3	1
CASSPGQGAGAEAFF	TRBV5-1	TRBJ1-1	1
CASSPGQGAHEQYF	TRBV9	TRBJ2-7	1
CASSPGQGAIYGYTF	TRBV2	TRBJ1-2	1
CASSPGQGANTEAFF	TRBV4-3	TRBJ1-1	1
CASSPGQGANYEQYF	TRBV5-1	TRBJ2-7	1
CASSPGQGATGYTF	TRBV6-3	TRBJ1-2	1
CASSPGQGAWQPQHF	TRBV5-1	TRBJ1-5	1
CASSPGQGAWSNQPQHF	TRBV19	TRBJ1-5	1
CASSPGQGAYEQYF	TRBV11-2	TRBJ2-7	1
CASSPGQGAYEQYF	TRBV19	TRBJ2-7	1
CASSPGQGAYEQYF	TRBV4-3	TRBJ2-7	1
CASSPGQGAYEQYF	TRBV7-3	TRBJ2-7	1
CASSPGQGAYGYTF	TRBV2	TRBJ1-2	1
CASSPGQGAYGYTF	TRBV6-5	TRBJ1-2	1
CASSPGQGDYEQYF	TRBV5-4	TRBJ2-7	1
CASSPGQGDYGYTF	TRBV7-9	TRBJ1-2	1
CASSPGQGETEAFF	TRBV5-1	TRBJ1-1	1
CASSPGQGEVDEQFF	TRBV12-3	TRBJ2-1	1
CASSPGQGGDEQFF	TRBV27	TRBJ2-1	1
CASSPGQGGDTQYF	TRBV7-3	TRBJ2-3	1
CASSPGQGGFEQYF	TRBV4-2	TRBJ2-7	1
CASSPGQGGLGEQYF	TRBV6-5	TRBJ2-7	1
CASSPGQGGNYGYTF	TRBV3-1	TRBJ1-2	1
CASSPGQGGQFF	TRBV12-4	TRBJ2-1	1
CASSPGQGGSGANVLTF	TRBV18	TRBJ2-6	1
CASSPGQGGTGELFF	TRBV4-3	TRBJ2-2	1
CASSPGQGGYEQYF	TRBV7-8	TRBJ2-7	2
CASSPGQGGYGYTF	TRBV4-3	TRBJ1-2	1
CASSPGQGHGYTF	TRBV7-8	TRBJ1-2	1
CASSPGQGIHGYTF	TRBV18	TRBJ1-2	1
CASSPGQGINYGYTF	TRBV5-1	TRBJ1-2	1
CASSPGQGIRPGEAFF	TRBV27	TRBJ1-1	1
CASSPGQGISKLFF	TRBV4-3	TRBJ1-4	1
CASSPGQGITGELFF	TRBV7-9	TRBJ2-2	1
CASSPGQGLDTQYF	TRBV6-1	TRBJ2-3	1
CASSPGQGLYEQYF	TRBV4-2	TRBJ2-7	1
CASSPGQGLYEQYF	TRBV6-6	TRBJ2-7	1
CASSPGQGMAYEQYF	TRBV28	TRBJ2-7	1
CASSPGQGMEQYF	TRBV11-2	TRBJ2-7	1
CASSPGQGNEQFF	TRBV27	TRBJ2-1	1
CASSPGQGNEQFF	TRBV9	TRBJ2-1	1
CASSPGQGNEQYF	TRBV5-8	TRBJ2-7	1
CASSPGQGNSPLHF	TRBV5-6	TRBJ1-6	1
CASSPGQGNSPLHF	TRBV7-9	TRBJ1-6	1
CASSPGQGPGELFF	TRBV4-3	TRBJ2-2	1
CASSPGQGPYEQYF	TRBV10-2	TRBJ2-7	1
CASSPGQGQGYTF	TRBV27	TRBJ1-2	1
CASSPGQGQVIFALHF	TRBV12-3	TRBJ1-6	1
CASSPGQGSEQYF	TRBV4-1	TRBJ2-7	6
CASSPGQGSNEQYF	TRBV5-4	TRBJ2-7	1
CASSPGQGSSYEQYF	TRBV6-5	TRBJ2-7	1
CASSPGQGSYGYTF	TRBV3-1	TRBJ1-2	1
CASSPGQGTYNEQFF	TRBV12-3	TRBJ2-1	1
CASSPGQGYEQYF	TRBV19	TRBJ2-7	1
CASSPGQGYNEQFF	TRBV11-2	TRBJ2-1	1
CASSPGQGYTEAFF	TRBV9	TRBJ1-1	1
CASSPGQHSYEQYF	TRBV5-1	TRBJ2-7	1
CASSPGQLLMNTEAFF	TRBV5-4	TRBJ1-1	1
CASSPGQLNEKLFF	TRBV12-3	TRBJ1-4	1
CASSPGQLNSPLHF	TRBV28	TRBJ1-6	1
CASSPGQLNTEAFF	TRBV4-1	TRBJ1-1	1
CASSPGQLNTGELFF	TRBV6-5	TRBJ2-2	1
CASSPGQLYEQYF	TRBV19	TRBJ2-7	1
CASSPGQLYEQYF	TRBV7-9	TRBJ2-7	1
CASSPGQNYEQYF	TRBV4-1	TRBJ2-7	1
CASSPGQPWGTQYF	TRBV4-3	TRBJ2-5	1
CASSPGQRTDTQYF	TRBV4-1	TRBJ2-3	1
CASSPGQSQETQYF	TRBV9	TRBJ2-5	1
CASSPGQSSGNTIYF	TRBV3-1	TRBJ1-3	1
CASSPGQSSYNEQFF	TRBV11-3	TRBJ2-1	1
CASSPGQSSYNEQFF	TRBV12-4	TRBJ2-1	1
CASSPGQSVTYEQYF	TRBV3-1	TRBJ2-7	1
CASSPGQTSGNEKLFF	TRBV9	TRBJ1-4	1
CASSPGQVGYEQYF	TRBV4-3	TRBJ2-7	1
CASSPGQYEQYF	TRBV27	TRBJ2-7	1
CASSPGQYNQPQHF	TRBV6-5	TRBJ1-5	1
CASSPGRANYGYTF	TRBV27	TRBJ1-2	1
CASSPGRDYEQYF	TRBV9	TRBJ2-7	1
CASSPGRDYGYTF	TRBV7-9	TRBJ1-2	1
CASSPGREGYNEQFF	TRBV12-3	TRBJ2-1	1
CASSPGRELFYEQYF	TRBV6-5	TRBJ2-7	1
CASSPGRGGQETQYF	TRBV7-3	TRBJ2-5	1
CASSPGRGNSPLHF	TRBV7-3	TRBJ1-6	1
CASSPGRGRNEQFF	TRBV5-1	TRBJ2-1	1
CASSPGRGTVNTEAFF	TRBV7-9	TRBJ1-1	1
CASSPGRLAGEVGDTQYF	TRBV5-5	TRBJ2-3	1
CASSPGRLNYGYTF	TRBV27	TRBJ1-2	1
CASSPGRLSSYEQYF	TRBV4-3	TRBJ2-7	1
CASSPGRNTGELFF	TRBV13	TRBJ2-2	1
CASSPGRNYGYTF	TRBV27	TRBJ1-2	1
CASSPGRPVETYNEQFF	TRBV18	TRBJ2-1	1
CASSPGRRDTGELFF	TRBV7-3	TRBJ2-2	1
CASSPGRTFYEQYF	TRBV5-6	TRBJ2-7	1
CASSPGRTNTEAFF	TRBV18	TRBJ1-1	1
CASSPGRVALNEQFF	TRBV14	TRBJ2-1	1
CASSPGRVGSNQPQHF	TRBV18	TRBJ1-5	1
CASSPGRVYGYTF	TRBV27	TRBJ1-2	1
CASSPGSDEQYF	TRBV12-3	TRBJ2-7	1
CASSPGSFYGYTF	TRBV5-1	TRBJ1-2	1
CASSPGSGANVLTF	TRBV9	TRBJ2-6	1
CASSPGSGFSSGYTF	TRBV18	TRBJ1-2	1
CASSPGSGGELFF	TRBV27	TRBJ2-2	1
CASSPGSGGVNEQYF	TRBV7-9	TRBJ2-7	2
CASSPGSGNTIYF	TRBV6-3	TRBJ1-3	1
CASSPGSGPQHF	TRBV25-1	TRBJ1-5	1
CASSPGSLNTEAFF	TRBV12-4	TRBJ1-1	1
CASSPGSPFVVPGNTIYF	TRBV12-3	TRBJ1-3	1
CASSPGSRGEQYF	TRBV12-3	TRBJ2-7	1
CASSPGSRTQYF	TRBV19	TRBJ2-3	1
CASSPGSSGNTIYF	TRBV7-3	TRBJ1-3	1
CASSPGSWDEQYF	TRBV5-6	TRBJ2-7	1
CASSPGSYEQYF	TRBV19	TRBJ2-7	1
CASSPGSYEQYF	TRBV3-1	TRBJ2-7	1
CASSPGSYEQYF	TRBV7-2	TRBJ2-7	1
CASSPGSYSNQPQHF	TRBV7-9	TRBJ1-5	1
CASSPGTAGNQPQHF	TRBV28	TRBJ1-5	1
CASSPGTAGVETQYF	TRBV7-2	TRBJ2-5	1
CASSPGTAINEQFF	TRBV13	TRBJ2-1	1
CASSPGTALNEQFF	TRBV5-5	TRBJ2-1	1
CASSPGTANTGELFF	TRBV18	TRBJ2-2	1
CASSPGTANTGELFF	TRBV9	TRBJ2-2	1
CASSPGTASTDTQYF	TRBV7-3	TRBJ2-3	1
CASSPGTATYEQYF	TRBV5-6	TRBJ2-7	1
CASSPGTDGETQYF	TRBV5-1	TRBJ2-5	1
CASSPGTDLYEQYF	TRBV5-6	TRBJ2-7	1
CASSPGTDQETQYF	TRBV5-4	TRBJ2-5	1
CASSPGTDRAYLTYEQYF	TRBV7-2	TRBJ2-7	1
CASSPGTDTGELFF	TRBV9	TRBJ2-2	1
CASSPGTDTQYF	TRBV19	TRBJ2-3	1
CASSPGTDTQYF	TRBV4-1	TRBJ2-3	1
CASSPGTDYGYTF	TRBV4-1	TRBJ1-2	1
CASSPGTEAFF	TRBV28	TRBJ1-1	1
CASSPGTEATQYF	TRBV6-3	TRBJ2-5	1
CASSPGTEHNEKLFF	TRBV28	TRBJ1-4	1
CASSPGTENNYGYTF	TRBV18	TRBJ1-2	1
CASSPGTENSPLHF	TRBV4-2	TRBJ1-6	1
CASSPGTEQWDSSPLHF	TRBV7-6	TRBJ1-6	1
CASSPGTESSYEQYF	TRBV27	TRBJ2-7	2
CASSPGTESTDTQYF	TRBV9	TRBJ2-3	1
CASSPGTESYEQYF	TRBV7-2	TRBJ2-7	1
CASSPGTFEAFF	TRBV2	TRBJ1-1	1
CASSPGTFSYEQYF	TRBV11-2	TRBJ2-7	1
CASSPGTGATGELFF	TRBV4-3	TRBJ2-2	1
CASSPGTGDFGYTF	TRBV11-2	TRBJ1-2	1
CASSPGTGDNEQFF	TRBV5-1	TRBJ2-1	1
CASSPGTGDTGELFF	TRBV9	TRBJ2-2	1
CASSPGTGELFF	TRBV5-6	TRBJ2-2	1
CASSPGTGEVGAKNIQYF	TRBV4-3	TRBJ2-4	1
CASSPGTGEVYGYTF	TRBV12-3	TRBJ1-2	1
CASSPGTGFDEQYF	TRBV5-6	TRBJ2-7	1
CASSPGTGFIYGYTF	TRBV14	TRBJ1-2	1
CASSPGTGGAVGYTF	TRBV19	TRBJ1-2	1
CASSPGTGGLGGNTIYF	TRBV7-2	TRBJ1-3	1
CASSPGTGGLIEQYF	TRBV4-3	TRBJ2-7	1
CASSPGTGGLVGETQYF	TRBV5-4	TRBJ2-5	1
CASSPGTGGLYEQYF	TRBV5-6	TRBJ2-7	1
CASSPGTGGSEQYF	TRBV18	TRBJ2-7	1
CASSPGTGGTYEQYF	TRBV4-3	TRBJ2-7	1
CASSPGTGGVYTEAFF	TRBV7-3	TRBJ1-1	1
CASSPGTGGWFIFSGANVLTF	TRBV5-1	TRBJ2-6	1
CASSPGTGGYDEQFF	TRBV5-4	TRBJ2-1	1
CASSPGTGGYEQFF	TRBV5-6	TRBJ2-1	1
CASSPGTGGYEQYF	TRBV4-3	TRBJ2-7	1
CASSPGTGGYEQYF	TRBV5-4	TRBJ2-7	2
CASSPGTGGYGYTF	TRBV5-5	TRBJ1-2	1
CASSPGTGGYNEQFF	TRBV7-2	TRBJ2-1	1
CASSPGTGHYNEQFF	TRBV5-8	TRBJ2-1	1
CASSPGTGITEAFF	TRBV18	TRBJ1-1	3
CASSPGTGLGQPQHF	TRBV7-6	TRBJ1-5	1
CASSPGTGNGNQPQHF	TRBV7-8	TRBJ1-5	1
CASSPGTGNQPQHF	TRBV5-1	TRBJ1-5	1
CASSPGTGNSPLHF	TRBV4-1	TRBJ1-6	1
CASSPGTGNYGYTF	TRBV28	TRBJ1-2	1
CASSPGTGNYGYTF	TRBV7-3	TRBJ1-2	1
CASSPGTGPDTQYF	TRBV4-3	TRBJ2-3	1
CASSPGTGPGDGYTF	TRBV5-8	TRBJ1-2	1
CASSPGTGPNQPQHF	TRBV5-1	TRBJ1-5	1
CASSPGTGPPYYEQYF	TRBV5-6	TRBJ2-7	1
CASSPGTGPTEAFF	TRBV7-3	TRBJ1-1	1
CASSPGTGRGYTF	TRBV19	TRBJ1-2	1
CASSPGTGRNEQFF	TRBV13	TRBJ2-1	1
CASSPGTGRTDTQYF	TRBV7-3	TRBJ2-3	1
CASSPGTGRTYEQYF	TRBV12-3	TRBJ2-7	1
CASSPGTGSAGNTIYF	TRBV9	TRBJ1-3	1
CASSPGTGSNQPQHF	TRBV5-1	TRBJ1-5	1
CASSPGTGSYEQYF	TRBV4-3	TRBJ2-7	1
CASSPGTGTHYGYTF	TRBV27	TRBJ1-2	1
CASSPGTGTIDTQYF	TRBV6-4	TRBJ2-3	20
CASSPGTGTNTGELFF	TRBV18	TRBJ2-2	1
CASSPGTGVFEQYF	TRBV5-5	TRBJ2-7	1
CASSPGTGVGNEQFF	TRBV18	TRBJ2-1	1
CASSPGTGVGSPLHF	TRBV13	TRBJ1-6	1
CASSPGTGVGYTF	TRBV27	TRBJ1-2	1
CASSPGTGVYNEQFF	TRBV6-3	TRBJ2-1	1
CASSPGTGWTGELFF	TRBV5-1	TRBJ2-2	1
CASSPGTGYEQYF	TRBV27	TRBJ2-7	1
CASSPGTGYEQYF	TRBV4-3	TRBJ2-7	1
CASSPGTGYGYTF	TRBV4-3	TRBJ1-2	1
CASSPGTGYNEQFF	TRBV7-9	TRBJ2-1	1
CASSPGTGYNEQFF	TRBV9	TRBJ2-1	1
CASSPGTGYNSPLHF	TRBV3-1	TRBJ1-6	1
CASSPGTGYYGYTF	TRBV19	TRBJ1-2	1
CASSPGTGYYGYTF	TRBV6-3	TRBJ1-2	1
CASSPGTGYYNEQFF	TRBV7-9	TRBJ2-1	1
CASSPGTHSYEQYF	TRBV13	TRBJ2-7	1
CASSPGTIQQFF	TRBV10-1	TRBJ2-1	1
CASSPGTLAGELFF	TRBV18	TRBJ2-2	1
CASSPGTLAGELFF	TRBV9	TRBJ2-2	1
CASSPGTLAVPSYEQYF	TRBV4-3	TRBJ2-7	1
CASSPGTLNTEAFF	TRBV7-6	TRBJ1-1	1
CASSPGTNEQFF	TRBV25-1	TRBJ2-1	1
CASSPGTNKNIQYF	TRBV4-1	TRBJ2-4	1
CASSPGTNPYEQYF	TRBV4-3	TRBJ2-7	1
CASSPGTNYGYTF	TRBV11-2	TRBJ1-2	1
CASSPGTNYGYTF	TRBV12-4	TRBJ1-2	2
CASSPGTPEAFF	TRBV7-2	TRBJ1-1	1
CASSPGTPEQFF	TRBV12-4	TRBJ2-1	1
CASSPGTPIGTQYF	TRBV7-9	TRBJ2-5	1
CASSPGTPQYF	TRBV6-3	TRBJ2-7	2
CASSPGTPRGYTF	TRBV6-6	TRBJ1-2	1
CASSPGTPYEQYF	TRBV12-4	TRBJ2-7	1
CASSPGTRPSTDTQYF	TRBV6-6	TRBJ2-3	1
CASSPGTRTYEQYF	TRBV28	TRBJ2-7	1
CASSPGTSAKDEQFF	TRBV6-4	TRBJ2-1	1
CASSPGTSDSGANVLTF	TRBV4-3	TRBJ2-6	1
CASSPGTSEILDF	TRBV5-1	TRBJ2-7	1
CASSPGTSGAYEQYF	TRBV19	TRBJ2-7	1
CASSPGTSGFTGELFF	TRBV7-9	TRBJ2-2	1
CASSPGTSGGADTQYF	TRBV4-2	TRBJ2-3	1
CASSPGTSGGADTQYF	TRBV7-7	TRBJ2-3	1
CASSPGTSGGDTQYF	TRBV4-3	TRBJ2-3	1
CASSPGTSGGMRETQYF	TRBV10-1	TRBJ2-5	1
CASSPGTSGGPPYEQYF	TRBV11-2	TRBJ2-7	1
CASSPGTSGIEQYF	TRBV27	TRBJ2-7	1
CASSPGTSGKGNIQYF	TRBV9	TRBJ2-4	1
CASSPGTSGQTQYF	TRBV28	TRBJ2-5	1
CASSPGTSGRGEQYF	TRBV27	TRBJ2-7	1
CASSPGTSGRIHEQYF	TRBV4-2	TRBJ2-7	1
CASSPGTSGSDTQYF	TRBV6-5	TRBJ2-3	1
CASSPGTSGSFAYEQYF	TRBV7-9	TRBJ2-7	1
CASSPGTSGSRSDTQYF	TRBV12-3	TRBJ2-3	1
CASSPGTSGSYEQYF	TRBV27	TRBJ2-7	1
CASSPGTSGVRDTQYF	TRBV27	TRBJ2-3	1
CASSPGTSGVSSTDTQYF	TRBV14	TRBJ2-3	1
CASSPGTSGYEQYF	TRBV27	TRBJ2-7	1
CASSPGTSGYNEQFF	TRBV9	TRBJ2-1	1
CASSPGTSIFDEQFF	TRBV5-1	TRBJ2-1	1
CASSPGTSIFVAEQYF	TRBV3-1	TRBJ2-7	1
CASSPGTSLNEQFF	TRBV27	TRBJ2-1	1
CASSPGTSPETQYF	TRBV3-1	TRBJ2-5	1
CASSPGTSQETQYF	TRBV12-3	TRBJ2-5	1
CASSPGTSSGGELFF	TRBV7-9	TRBJ2-2	1
CASSPGTSTGELFF	TRBV7-6	TRBJ2-2	1
CASSPGTSVHEQYF	TRBV11-2	TRBJ2-7	1
CASSPGTSVSYEQYF	TRBV12-3	TRBJ2-7	1
CASSPGTSYNEQFF	TRBV19	TRBJ2-1	1
CASSPGTTAQETQYF	TRBV18	TRBJ2-5	1
CASSPGTTEAFF	TRBV7-3	TRBJ1-1	1
CASSPGTTNEQFF	TRBV7-7	TRBJ2-1	1
CASSPGTVGHYGYTF	TRBV5-6	TRBJ1-2	1
CASSPGTVGQPQHF	TRBV6-5	TRBJ1-5	1
CASSPGTVINYGYTF	TRBV9	TRBJ1-2	1
CASSPGTVNEQFF	TRBV19	TRBJ2-1	1
CASSPGTVNQPQHF	TRBV27	TRBJ1-5	1
CASSPGTVPTPYGYTF	TRBV5-8	TRBJ1-2	1
CASSPGTVSGQPQHF	TRBV6-5	TRBJ1-5	1
CASSPGTVYEQYF	TRBV5-6	TRBJ2-7	1
CASSPGTYLNEQFF	TRBV18	TRBJ2-1	1
CASSPGVAYEQYF	TRBV4-3	TRBJ2-7	1
CASSPGVDIGEDTGELFF	TRBV7-6	TRBJ2-2	1
CASSPGVGLSYEQYF	TRBV7-6	TRBJ2-7	6
CASSPGVGQELF	TRBV7-9	TRBJ1-2	1
CASSPGVGTYNEQFF	TRBV25-1	TRBJ2-1	1
CASSPGVGYNSPLHF	TRBV4-3	TRBJ1-6	1
CASSPGVLASNEQFF	TRBV6-3	TRBJ2-1	1
CASSPGVNQPQHF	TRBV7-2	TRBJ1-5	1
CASSPGVPGELFF	TRBV6-5	TRBJ2-2	1
CASSPGVPGNTIYF	TRBV5-4	TRBJ1-3	1
CASSPGVTEAFF	TRBV7-9	TRBJ1-1	1
CASSPGVVGNLDTQYF	TRBV4-3	TRBJ2-3	1
CASSPGVWTPMNTEAFF	TRBV7-2	TRBJ1-1	1
CASSPGWDTQYF	TRBV4-1	TRBJ2-3	1
CASSPGWGDSYNEQFF	TRBV7-9	TRBJ2-1	1
CASSPGWGGGQDTQYF	TRBV9	TRBJ2-3	1
CASSPGWGQGIDKGTEAFF	TRBV7-9	TRBJ1-1	1
CASSPGWGSYEQYF	TRBV5-6	TRBJ2-7	1
CASSPGWGVGNEQFF	TRBV5-4	TRBJ2-1	1
CASSPGWNQPQHF	TRBV12-4	TRBJ1-5	1
CASSPGWNSNTEAFF	TRBV5-1	TRBJ1-1	1
CASSPGWPYEQYF	TRBV9	TRBJ2-7	1
CASSPGYEQYF	TRBV19	TRBJ2-7	1
CASSPGYEQYF	TRBV28	TRBJ2-7	1
CASSPGYEQYF	TRBV5-8	TRBJ2-7	1
CASSPGYEQYF	TRBV6-6	TRBJ2-7	1
CASSPGYERVVNEQYF	TRBV4-2	TRBJ2-7	1
CASSPGYLRNYEQYF	TRBV12-4	TRBJ2-7	1
CASSPGYYEQYF	TRBV18	TRBJ2-7	1
CASSPHARDRVRGNTEAFF	TRBV5-1	TRBJ1-1	1
CASSPHEVGLGDFRYNEQFF	TRBV13	TRBJ2-1	1
CASSPHGAGGSGTEQFF	TRBV7-6	TRBJ2-1	1
CASSPHGARWETQYF	TRBV27	TRBJ2-5	1
CASSPHGGGTEQETQYF	TRBV4-1	TRBJ2-5	1
CASSPHGLAGMPYEQYF	TRBV14	TRBJ2-7	1
CASSPHGRGEVDTQYF	TRBV9	TRBJ2-3	1
CASSPHGTGGIGYTF	TRBV7-9	TRBJ1-2	4
CASSPHGTNPYNEQFF	TRBV7-2	TRBJ2-1	1
CASSPHGTRQETQYF	TRBV9	TRBJ2-5	1
CASSPHGVGDTQYF	TRBV9	TRBJ2-3	1
CASSPHHDRALSGYTF	TRBV4-1	TRBJ1-2	1
CASSPHITEAFF	TRBV18	TRBJ1-1	1
CASSPHKMNTEAFF	TRBV28	TRBJ1-1	1
CASSPHLDEQYF	TRBV6-1	TRBJ2-7	1
CASSPHLDSGTSGNTIYF	TRBV4-3	TRBJ1-3	1
CASSPHLDSPGETQYF	TRBV4-3	TRBJ2-5	1
CASSPHLGATNYGYTF	TRBV27	TRBJ1-2	1
CASSPHLIGLPTYEQYF	TRBV4-2	TRBJ2-7	1
CASSPHPGTGGYEQYF	TRBV25-1	TRBJ2-7	1
CASSPHPLAGSTDTQYF	TRBV7-3	TRBJ2-3	1
CASSPHPLGNYGYTF	TRBV5-1	TRBJ1-2	1
CASSPHPTGDLNYGYTF	TRBV12-4	TRBJ1-2	1
CASSPHPTGGRGYTF	TRBV9	TRBJ1-2	1
CASSPHQGDVVQPQHF	TRBV25-1	TRBJ1-5	1
CASSPHRAEVNTEAFF	TRBV4-3	TRBJ1-1	1
CASSPHRDEQYF	TRBV27	TRBJ2-7	1
CASSPHRETQYF	TRBV18	TRBJ2-5	1
CASSPHRGANGYTF	TRBV4-3	TRBJ1-2	1
CASSPHRGPIGYTF	TRBV13	TRBJ1-2	1
CASSPHSEGPVTDTQYF	TRBV4-1	TRBJ2-3	1
CASSPHTEAFF	TRBV7-2	TRBJ1-1	1
CASSPHVGQGGDTQYF	TRBV4-3	TRBJ2-3	1
CASSPHVGRYEQYF	TRBV28	TRBJ2-7	1
CASSPHVNQPQHF	TRBV7-2	TRBJ1-5	1
CASSPIAEPYNEQFF	TRBV13	TRBJ2-1	1
CASSPIAGATYEQYF	TRBV27	TRBJ2-7	1
CASSPIAGGPYEQYF	TRBV7-6	TRBJ2-7	1
CASSPIAGGTYNEQFF	TRBV28	TRBJ2-1	1
CASSPIAGVSEDEQFF	TRBV7-6	TRBJ2-1	1
CASSPIASAQETQYF	TRBV11-2	TRBJ2-5	1
CASSPIDLENYGYTF	TRBV7-7	TRBJ1-2	1
CASSPIDRDQNYGYTF	TRBV19	TRBJ1-2	1
CASSPIESNQPQHF	TRBV7-9	TRBJ1-5	1
CASSPIFPYEQYF	TRBV11-2	TRBJ2-7	1
CASSPIFRGHQPQHF	TRBV7-2	TRBJ1-5	1
CASSPIGAGTDTQYF	TRBV9	TRBJ2-3	1
CASSPIGGETQYF	TRBV5-4	TRBJ2-5	1
CASSPIGGVADNEQFF	TRBV4-1	TRBJ2-1	1
CASSPIGPTEKLFF	TRBV18	TRBJ1-4	2
CASSPIGQETQYF	TRBV6-5	TRBJ2-5	1
CASSPIGQGVTEAFF	TRBV9	TRBJ1-1	1
CASSPIGRGGSYEQYF	TRBV7-9	TRBJ2-7	1
CASSPIGTGPYNEQFF	TRBV9	TRBJ2-1	1
CASSPIGVSNQPQHF	TRBV4-1	TRBJ1-5	1
CASSPIGYTEAFF	TRBV28	TRBJ1-1	1
CASSPIHASPYNEQFF	TRBV2	TRBJ2-1	1
CASSPIIHEQFF	TRBV18	TRBJ2-1	1
CASSPIKAGETQYF	TRBV27	TRBJ2-5	1
CASSPILAGGAYEQYF	TRBV11-1	TRBJ2-7	1
CASSPILGHNYNEQFF	TRBV27	TRBJ2-1	1
CASSPILRANVLTF	TRBV27	TRBJ2-6	1
CASSPILYRDYYEQYF	TRBV18	TRBJ2-7	1
CASSPINTEAFF	TRBV14	TRBJ1-1	2
CASSPINTEAFF	TRBV18	TRBJ1-1	1
CASSPIPHKVGDNEQFF	TRBV7-3	TRBJ2-1	1
CASSPIPPMRHGYTF	TRBV27	TRBJ1-2	1
CASSPIPSGSRNEQFF	TRBV19	TRBJ2-1	1
CASSPIPYEQYF	TRBV18	TRBJ2-7	1
CASSPIRAAQETQYF	TRBV4-1	TRBJ2-5	1
CASSPIRDRGVPDTQYF	TRBV28	TRBJ2-3	1
CASSPIRGNQPQHF	TRBV18	TRBJ1-5	1
CASSPIRGSLPDTQYF	TRBV27	TRBJ2-3	1
CASSPIRTAKNIQYF	TRBV7-2	TRBJ2-4	1
CASSPISGRIYNEQFF	TRBV11-2	TRBJ2-1	1
CASSPISPHYNEQFF	TRBV7-8	TRBJ2-1	1
CASSPISRQGETQYF	TRBV27	TRBJ2-5	1
CASSPISSEYGYTF	TRBV7-9	TRBJ1-2	1
CASSPITGGTEAFF	TRBV27	TRBJ1-1	1
CASSPITGGVYEQYF	TRBV27	TRBJ2-7	1
CASSPITNTEAFF	TRBV18	TRBJ1-1	1
CASSPITSGIPSYEQYF	TRBV28	TRBJ2-7	1
CASSPITSTAGETQYF	TRBV6-5	TRBJ2-5	1
CASSPIVGGPYEQYF	TRBV27	TRBJ2-7	1
CASSPKAGAFTDTQYF	TRBV9	TRBJ2-3	1
CASSPKALQLNSNQPQHF	TRBV6-3	TRBJ1-5	3
CASSPKAWGSPLHF	TRBV7-3	TRBJ1-6	1
CASSPKDRANYGYTF	TRBV18	TRBJ1-2	1
CASSPKDRESQETQYF	TRBV18	TRBJ2-5	1
CASSPKEATPLHF	TRBV6-3	TRBJ1-6	2
CASSPKEGVNEQYF	TRBV7-9	TRBJ2-7	1
CASSPKGAEETQYF	TRBV18	TRBJ2-5	1
CASSPKGAGDRYEQYF	TRBV4-3	TRBJ2-7	1
CASSPKGAGDTDTQYF	TRBV4-3	TRBJ2-3	1
CASSPKGAGTYEQYF	TRBV7-9	TRBJ2-7	1
CASSPKGGHADTQYF	TRBV7-3	TRBJ2-3	1
CASSPKGGRLSFWTDTQYF	TRBV27	TRBJ2-3	2
CASSPKGGRTNYGYTF	TRBV27	TRBJ1-2	1
CASSPKGGSYNEQFF	TRBV3-1	TRBJ2-1	1
CASSPKGGTGFYEQYF	TRBV7-9	TRBJ2-7	1
CASSPKGLSNTGELFF	TRBV19	TRBJ2-2	1
CASSPKGPIGETQYF	TRBV4-1	TRBJ2-5	1
CASSPKGQGFEQYF	TRBV9	TRBJ2-7	8
CASSPKGSGETQYF	TRBV27	TRBJ2-5	1
CASSPKGTGFYSNQPQHF	TRBV6-5	TRBJ1-5	1
CASSPKGTGLVGNQPQHF	TRBV27	TRBJ1-5	1
CASSPKGTNEQFF	TRBV4-3	TRBJ2-1	1
CASSPKGVGYEQYF	TRBV9	TRBJ2-7	5
CASSPKGVNTEAFF	TRBV5-4	TRBJ1-1	1
CASSPKHHTEAFF	TRBV5-1	TRBJ1-1	1
CASSPKIGTSYNEQFF	TRBV4-2	TRBJ2-1	1
CASSPKILAYTDTQYF	TRBV18	TRBJ2-3	1
CASSPKLAGMDTQYF	TRBV7-9	TRBJ2-3	1
CASSPKLEGPDTQYF	TRBV7-9	TRBJ2-3	1
CASSPKLGIETEAFF	TRBV4-3	TRBJ1-1	1
CASSPKLGLADYEQYF	TRBV6-6	TRBJ2-7	1
CASSPKLGTMWDIQYF	TRBV7-2	TRBJ2-4	1
CASSPKLTAMMDTQYF	TRBV18	TRBJ2-3	1
CASSPKMDASYEQYF	TRBV11-1	TRBJ2-7	1
CASSPKMGIAGGGEETQYF	TRBV7-8	TRBJ2-5	1
CASSPKMREINSPLHF	TRBV19	TRBJ1-6	1
CASSPKNSNYEQYF	TRBV7-9	TRBJ2-7	1
CASSPKPDRPPYEQYF	TRBV4-3	TRBJ2-7	1
CASSPKPESNGYTF	TRBV10-2	TRBJ1-2	1
CASSPKPGPRAYNEQFF	TRBV7-7	TRBJ2-1	1
CASSPKQGIETQYF	TRBV4-1	TRBJ2-5	1
CASSPKREVSNEQYF	TRBV19	TRBJ2-7	1
CASSPKRGGITGELFF	TRBV27	TRBJ2-2	1
CASSPKRGSYNEQFF	TRBV12-3	TRBJ2-1	1
CASSPKRRDYEQYF	TRBV7-9	TRBJ2-7	1
CASSPKRREDYNEQFF	TRBV3-1	TRBJ2-1	1
CASSPKSLSSGNTIYF	TRBV7-2	TRBJ1-3	1
CASSPKSTVTNTEAFF	TRBV27	TRBJ1-1	1
CASSPKTGGRSAEAFF	TRBV4-1	TRBJ1-1	1
CASSPKTSGGSYEQYF	TRBV13	TRBJ2-7	1
CASSPKTSVTYNEQFF	TRBV7-9	TRBJ2-1	1
CASSPKVAGVDETQYF	TRBV9	TRBJ2-5	1
CASSPKYRGVGQIMNTEAFF	TRBV7-9	TRBJ1-1	1
CASSPLAGASTDTQYF	TRBV6-4	TRBJ2-3	1
CASSPLAGDLNEQFF	TRBV6-5	TRBJ2-1	1
CASSPLAGEETQYF	TRBV27	TRBJ2-5	1
CASSPLAGETYNEQFF	TRBV7-3	TRBJ2-1	1
CASSPLAGGDNEQFF	TRBV18	TRBJ2-1	1
CASSPLAGGGNEQFF	TRBV27	TRBJ2-1	1
CASSPLAGGPLDEQYF	TRBV4-2	TRBJ2-7	1
CASSPLAGGPNTGANVLTF	TRBV12-4	TRBJ2-6	1
CASSPLAGVSDTQYF	TRBV7-6	TRBJ2-3	6
CASSPLAGVTDTQYF	TRBV7-2	TRBJ2-3	1
CASSPLAVNYGYTF	TRBV7-2	TRBJ1-2	1
CASSPLAVTYNEQFF	TRBV19	TRBJ2-1	5
CASSPLDDVETQYF	TRBV5-1	TRBJ2-5	1
CASSPLDGGETQYF	TRBV4-1	TRBJ2-5	1
CASSPLDHLTDYGYTF	TRBV12-3	TRBJ1-2	1
CASSPLDREMYGQPQHF	TRBV19	TRBJ1-5	1
CASSPLDRGLREQYF	TRBV27	TRBJ2-7	1
CASSPLDSSYNEQFF	TRBV4-1	TRBJ2-1	1
CASSPLDSYTGELFF	TRBV6-3	TRBJ2-2	2
CASSPLDTDTQYF	TRBV19	TRBJ2-3	1
CASSPLEGQGATGELFF	TRBV18	TRBJ2-2	1
CASSPLEPLGETQYF	TRBV27	TRBJ2-5	1
CASSPLESRRDTQYF	TRBV18	TRBJ2-3	1
CASSPLEVNNEKLFF	TRBV12-4	TRBJ1-4	1
CASSPLFGGHEQFF	TRBV4-1	TRBJ2-1	1
CASSPLFGLSSYNEQFF	TRBV7-2	TRBJ2-1	1
CASSPLGADTQYF	TRBV13	TRBJ2-3	1
CASSPLGAKNIQYF	TRBV5-4	TRBJ2-4	1
CASSPLGALSSYNEQFF	TRBV5-1	TRBJ2-1	1
CASSPLGAPQETQYF	TRBV7-6	TRBJ2-5	1
CASSPLGAYTGFF	TRBV14	TRBJ1-1	13
CASSPLGDNTEAFF	TRBV5-6	TRBJ1-1	1
CASSPLGDTEAFF	TRBV19	TRBJ1-1	1
CASSPLGEETQYF	TRBV28	TRBJ2-5	1
CASSPLGGEETQYF	TRBV18	TRBJ2-5	1
CASSPLGGEGDRGSGYTF	TRBV27	TRBJ1-2	1
CASSPLGGENTEAFF	TRBV6-6	TRBJ1-1	1
CASSPLGGGETQYF	TRBV4-3	TRBJ2-5	1
CASSPLGGGGLNEQFF	TRBV4-2	TRBJ2-1	1
CASSPLGGGNIQYF	TRBV3-1	TRBJ2-4	1
CASSPLGGGQNSYEQYF	TRBV4-2	TRBJ2-7	1
CASSPLGGLSYEQYF	TRBV7-8	TRBJ2-7	1
CASSPLGGRYGYTF	TRBV6-3	TRBJ1-2	2
CASSPLGGSDTQYF	TRBV3-1	TRBJ2-3	1
CASSPLGGSGHTGELFF	TRBV7-3	TRBJ2-2	1
CASSPLGGSPLHF	TRBV7-3	TRBJ1-6	1
CASSPLGGSYNEQFF	TRBV7-9	TRBJ2-1	1
CASSPLGGTDTQYF	TRBV4-3	TRBJ2-3	1
CASSPLGITDTQYF	TRBV28	TRBJ2-3	1
CASSPLGLAGDEQYF	TRBV7-2	TRBJ2-7	2
CASSPLGLAGGLLADTQYF	TRBV27	TRBJ2-3	1
CASSPLGPAYEQYF	TRBV11-2	TRBJ2-7	1
CASSPLGPEGNQPQHF	TRBV27	TRBJ1-5	1
CASSPLGPGEQFF	TRBV9	TRBJ2-1	1
CASSPLGPNYEQYF	TRBV12-4	TRBJ2-7	1
CASSPLGQAAGSPLHF	TRBV27	TRBJ1-6	1
CASSPLGQGAWNTGELFF	TRBV28	TRBJ2-2	1
CASSPLGQGLYEQYF	TRBV3-1	TRBJ2-7	1
CASSPLGQGREKLFF	TRBV19	TRBJ1-4	1
CASSPLGQISGNTIYF	TRBV19	TRBJ1-3	1
CASSPLGQRIAYEQYF	TRBV6-3	TRBJ2-7	1
CASSPLGQRTYNEQFF	TRBV7-9	TRBJ2-1	1
CASSPLGRAREQYF	TRBV12-4	TRBJ2-7	1
CASSPLGRLAFF	TRBV28	TRBJ1-1	1
CASSPLGSGGENEQFF	TRBV11-3	TRBJ2-1	1
CASSPLGSPGNTIYF	TRBV7-9	TRBJ1-3	1
CASSPLGSPLHF	TRBV5-1	TRBJ1-6	1
CASSPLGSRTDTQYF	TRBV3-1	TRBJ2-3	1
CASSPLGSYNEQFF	TRBV7-9	TRBJ2-1	1
CASSPLGTDGNTIYF	TRBV7-6	TRBJ1-3	1
CASSPLGTEAFF	TRBV6-3	TRBJ1-1	1
CASSPLGTGEGNEQFF	TRBV6-5	TRBJ2-1	1
CASSPLGTGSEKTQYF	TRBV4-1	TRBJ2-5	1
CASSPLGTNSPVAEAFF	TRBV5-1	TRBJ1-1	1
CASSPLGTSGSYNEQFF	TRBV27	TRBJ2-1	1
CASSPLHTPTYEQYF	TRBV28	TRBJ2-7	1
CASSPLISGANVLTF	TRBV6-1	TRBJ2-6	1
CASSPLISGGTSSTDTQYF	TRBV6-5	TRBJ2-3	1
CASSPLKDYEQYF	TRBV18	TRBJ2-7	1
CASSPLKRPSYNEQFF	TRBV18	TRBJ2-1	1
CASSPLKSLGPDEQFF	TRBV7-9	TRBJ2-1	1
CASSPLKSTGTSEQYF	TRBV6-3	TRBJ2-7	1
CASSPLKTIYEQYF	TRBV28	TRBJ2-7	1
CASSPLLAFLGEQFF	TRBV28	TRBJ2-1	1
CASSPLLAGGRDTQYF	TRBV3-1	TRBJ2-3	1
CASSPLLAGPTDTQYF	TRBV7-9	TRBJ2-3	1
CASSPLLDSGNTIYF	TRBV28	TRBJ1-3	1
CASSPLLGNEQFF	TRBV7-7	TRBJ2-1	1
CASSPLLGVNTEAFF	TRBV7-9	TRBJ1-1	1
CASSPLLSDANEQFF	TRBV7-6	TRBJ2-1	1
CASSPLLTRVDTEAFF	TRBV11-2	TRBJ1-1	1
CASSPLMGGDQPQHF	TRBV4-3	TRBJ1-5	1
CASSPLNERDSTGTGELFF	TRBV27	TRBJ2-2	1
CASSPLPGANVLTF	TRBV7-3	TRBJ2-6	1
CASSPLPGELFF	TRBV4-3	TRBJ2-2	1
CASSPLPPGADTQYF	TRBV12-4	TRBJ2-3	1
CASSPLPPNTEAFF	TRBV27	TRBJ1-1	1
CASSPLPSGADYNEQFF	TRBV3-1	TRBJ2-1	1
CASSPLPSNYGYTF	TRBV5-6	TRBJ1-2	1
CASSPLPTSGRIVVVTGELFF	TRBV7-2	TRBJ2-2	1
CASSPLQADPKQYF	TRBV7-2	TRBJ2-7	1
CASSPLQAGPYEQYF	TRBV4-3	TRBJ2-7	1
CASSPLQDEQYF	TRBV2	TRBJ2-7	1
CASSPLQGASKNIQYF	TRBV7-9	TRBJ2-4	1
CASSPLQGLPYEQYF	TRBV6-3	TRBJ2-7	1
CASSPLRDREIPF	TRBV7-7	TRBJ1-2	1
CASSPLRDRGNSPLHF	TRBV9	TRBJ1-6	6
CASSPLREGNQPQHF	TRBV7-9	TRBJ1-5	1
CASSPLREGPSYEQYF	TRBV4-3	TRBJ2-7	1
CASSPLREGTDTQYF	TRBV9	TRBJ2-3	1
CASSPLREGTYEQYF	TRBV27	TRBJ2-7	1
CASSPLRGGSYEQYF	TRBV4-2	TRBJ2-7	1
CASSPLRGLTGELFF	TRBV9	TRBJ2-2	1
CASSPLRGTGDYEQYF	TRBV28	TRBJ2-7	3
CASSPLRLGWNEQFF	TRBV18	TRBJ2-1	1
CASSPLRQGPNSYEQYF	TRBV27	TRBJ2-7	1
CASSPLRQGWTGELFF	TRBV5-1	TRBJ2-2	1
CASSPLRSGIPNEQFF	TRBV7-6	TRBJ2-1	1
CASSPLRVQGSTEAFF	TRBV18	TRBJ1-1	1
CASSPLSASSGGPYEQYF	TRBV18	TRBJ2-7	1
CASSPLSGAGVLETQYF	TRBV9	TRBJ2-5	1
CASSPLSGPQETQYF	TRBV7-2	TRBJ2-5	1
CASSPLSGRAEHYEQYF	TRBV18	TRBJ2-7	1
CASSPLSGRAWNEQFF	TRBV27	TRBJ2-1	1
CASSPLSGRGQPQHF	TRBV6-5	TRBJ1-5	1
CASSPLSGTEPNGQYF	TRBV27	TRBJ2-7	1
CASSPLSPGQPQHF	TRBV27	TRBJ1-5	1
CASSPLSRDTNEKLFF	TRBV7-6	TRBJ1-4	1
CASSPLSRQGGTGELFF	TRBV6-6	TRBJ2-2	1
CASSPLSWPSLDTQYF	TRBV5-4	TRBJ2-3	1
CASSPLTAGGVF	TRBV18	TRBJ2-5	1
CASSPLTDPTYEQYF	TRBV19	TRBJ2-7	1
CASSPLTEAEQYF	TRBV4-1	TRBJ2-7	1
CASSPLTGAPSYEQYF	TRBV19	TRBJ2-7	1
CASSPLTGGAGANVLTF	TRBV9	TRBJ2-6	1
CASSPLTGGSGYTF	TRBV2	TRBJ1-2	1
CASSPLTGPEYGYTF	TRBV7-2	TRBJ1-2	1
CASSPLTGRTDTQYF	TRBV13	TRBJ2-3	1
CASSPLTGSTDTQYF	TRBV5-4	TRBJ2-3	1
CASSPLTGYQPQHF	TRBV27	TRBJ1-5	1
CASSPLTNEKLFF	TRBV6-5	TRBJ1-4	1
CASSPLTPYNSPLHF	TRBV7-8	TRBJ1-6	1
CASSPLTRFRTYSPLHF	TRBV4-1	TRBJ1-6	1
CASSPLTSGGPNTGELFF	TRBV4-3	TRBJ2-2	1
CASSPLTSGSRTDTQYF	TRBV11-2	TRBJ2-3	1
CASSPLTVAGGIYNEQFF	TRBV2	TRBJ2-1	1
CASSPLTVNTEAFF	TRBV28	TRBJ1-1	1
CASSPLVAGVNNEQFF	TRBV27	TRBJ2-1	1
CASSPLVEGNYGYTF	TRBV11-2	TRBJ1-2	1
CASSPLVGAAYNEQFF	TRBV7-3	TRBJ2-1	1
CASSPLVGFASGANVLTF	TRBV5-4	TRBJ2-6	1
CASSPLVRGVYQETQYF	TRBV12-3	TRBJ2-5	1
CASSPLVTSYNEQFF	TRBV3-1	TRBJ2-1	1
CASSPLWGHPSNQPQHF	TRBV6-5	TRBJ1-5	1
CASSPLWGQGAYEQYF	TRBV11-2	TRBJ2-7	1
CASSPLWGTMSETQYF	TRBV11-2	TRBJ2-5	1
CASSPLYGSTAFF	TRBV9	TRBJ1-1	1
CASSPLYNREPPGELFF	TRBV18	TRBJ2-2	1
CASSPLYRDRKETQYF	TRBV14	TRBJ2-5	1
CASSPLYTNTGELFF	TRBV18	TRBJ2-2	1
CASSPMADNEQFF	TRBV19	TRBJ2-1	1
CASSPMDMRNTEAFF	TRBV18	TRBJ1-1	1
CASSPMGARETQYF	TRBV7-9	TRBJ2-5	1
CASSPMGDTQYF	TRBV6-6	TRBJ2-3	2
CASSPMGFSDTQYF	TRBV14	TRBJ2-3	1
CASSPMGGDRVDYGYTF	TRBV12-4	TRBJ1-2	1
CASSPMGGGDTGELFF	TRBV7-2	TRBJ2-2	1
CASSPMGSNEQYF	TRBV18	TRBJ2-7	1
CASSPMGSYEQYF	TRBV9	TRBJ2-7	1
CASSPMGVGGNTIYF	TRBV28	TRBJ1-3	1
CASSPMGVGPEQYF	TRBV3-1	TRBJ2-7	1
CASSPMGYTDTQYF	TRBV7-2	TRBJ2-3	1
CASSPMIGGYEQYF	TRBV12-4	TRBJ2-7	1
CASSPMNEQFF	TRBV7-9	TRBJ2-1	1
CASSPMTGADTEAFF	TRBV4-2	TRBJ1-1	1
CASSPMTGFTGELFF	TRBV6-6	TRBJ2-2	1
CASSPMTGGDYEQYF	TRBV4-2	TRBJ2-7	1
CASSPMTGGNEAFF	TRBV4-3	TRBJ1-1	1
CASSPMTGMGQPQHF	TRBV12-4	TRBJ1-5	1
CASSPNADRAGNEQFF	TRBV3-1	TRBJ2-1	1
CASSPNANEQYF	TRBV12-3	TRBJ2-7	1
CASSPNDRATGELFF	TRBV7-9	TRBJ2-2	1
CASSPNFGGTDTQYF	TRBV7-6	TRBJ2-3	1
CASSPNFGTGGYEQFF	TRBV7-2	TRBJ2-1	1
CASSPNGDTQYF	TRBV4-1	TRBJ2-3	1
CASSPNGLNTEAFF	TRBV6-1	TRBJ1-1	1
CASSPNGPSSQETQYF	TRBV4-1	TRBJ2-5	1
CASSPNGTDQETQYF	TRBV12-3	TRBJ2-5	1
CASSPNGVEQYF	TRBV18	TRBJ2-7	1
CASSPNHLDRDNNSPLHF	TRBV28	TRBJ1-6	1
CASSPNKISSYEQYF	TRBV5-1	TRBJ2-7	1
CASSPNKLMNTEAFF	TRBV28	TRBJ1-1	1
CASSPNLAGGLTDTQYF	TRBV7-9	TRBJ2-3	1
CASSPNLAGTYNEQFF	TRBV4-3	TRBJ2-1	1
CASSPNLANEQFF	TRBV7-6	TRBJ2-1	1
CASSPNLDTGELFF	TRBV14	TRBJ2-2	1
CASSPNLQLETQYF	TRBV28	TRBJ2-5	1
CASSPNLSGELFF	TRBV6-3	TRBJ2-2	1
CASSPNNEQFF	TRBV28	TRBJ2-1	1
CASSPNNPGELFF	TRBV27	TRBJ2-2	1
CASSPNPDRWHEQFF	TRBV27	TRBJ2-1	1
CASSPNPDSHYGYTF	TRBV7-3	TRBJ1-2	1
CASSPNPGAYADTQYF	TRBV18	TRBJ2-3	1
CASSPNPGTDYGYTF	TRBV18	TRBJ1-2	1
CASSPNPGTNTGELFF	TRBV4-2	TRBJ2-2	1
CASSPNPGTVTGGANVLTF	TRBV3-1	TRBJ2-6	1
CASSPNPRGAKNIQYF	TRBV6-1	TRBJ2-4	1
CASSPNPTGTDNSPLHF	TRBV9	TRBJ1-6	1
CASSPNRGGELFF	TRBV6-3	TRBJ2-2	1
CASSPNRGGHNEQFF	TRBV4-3	TRBJ2-1	1
CASSPNRGGQEQYF	TRBV28	TRBJ2-7	1
CASSPNRGGQETQYF	TRBV27	TRBJ2-5	1
CASSPNRGLLAKNIQYF	TRBV7-9	TRBJ2-4	1
CASSPNRGSSYEQYF	TRBV5-4	TRBJ2-7	1
CASSPNRVGEQYF	TRBV28	TRBJ2-7	1
CASSPNRVLDEQYF	TRBV4-3	TRBJ2-7	1
CASSPNRWTGGVGMNTEAFF	TRBV18	TRBJ1-1	1
CASSPNSFPTDTQYF	TRBV13	TRBJ2-3	1
CASSPNSGRYNEQFF	TRBV27	TRBJ2-1	1
CASSPNSREWGGELFF	TRBV7-2	TRBJ2-2	1
CASSPNSYEQYF	TRBV27	TRBJ2-7	1
CASSPNTEAFF	TRBV6-3	TRBJ1-1	1
CASSPNTGELFF	TRBV27	TRBJ2-2	1
CASSPNTGELFF	TRBV9	TRBJ2-2	1
CASSPNTGQGEWVRSPKNIQYF	TRBV12-4	TRBJ2-4	1
CASSPNTGVQETQYF	TRBV7-6	TRBJ2-5	1
CASSPNTNEKLFF	TRBV11-2	TRBJ1-4	1
CASSPNTVGTEAFF	TRBV6-5	TRBJ1-1	1
CASSPNVDGEQFF	TRBV7-3	TRBJ2-1	1
CASSPNVGTGISGYTF	TRBV27	TRBJ1-2	1
CASSPNWGDQVNTEAFF	TRBV7-9	TRBJ1-1	1
CASSPNYEQYF	TRBV6-3	TRBJ2-7	1
CASSPPAGAVLSTDTQYF	TRBV5-4	TRBJ2-3	1
CASSPPAGGGAYNEQFF	TRBV18	TRBJ2-1	1
CASSPPAGGQFNEQFF	TRBV5-4	TRBJ2-1	1
CASSPPAGGQNSPLHF	TRBV18	TRBJ1-6	1
CASSPPAGGRTDTQYF	TRBV4-2	TRBJ2-3	1
CASSPPAGSGQETQYF	TRBV18	TRBJ2-5	1
CASSPPAGWDGYTF	TRBV4-1	TRBJ1-2	1
CASSPPALPRDSAGELFF	TRBV27	TRBJ2-2	1
CASSPPASGRTRFQWGQYF	TRBV5-6	TRBJ2-5	1
CASSPPASGTGELFF	TRBV4-3	TRBJ2-2	1
CASSPPASRGKLFF	TRBV18	TRBJ1-4	1
CASSPPASRGRDQETQYF	TRBV28	TRBJ2-5	1
CASSPPASSNEQFF	TRBV5-6	TRBJ2-1	1
CASSPPAYYNEQFF	TRBV18	TRBJ2-1	1
CASSPPCDYLWKHHIF	TRBV18	TRBJ1-3	1
CASSPPDDRDEQFF	TRBV4-1	TRBJ2-1	1
CASSPPDEGAEAKNIQYF	TRBV7-9	TRBJ2-4	1
CASSPPDETQYF	TRBV18	TRBJ2-5	1
CASSPPDIPMGETQYF	TRBV11-2	TRBJ2-5	1
CASSPPDITSYNEQFF	TRBV9	TRBJ2-1	1
CASSPPDNSYEQYF	TRBV5-5	TRBJ2-7	1
CASSPPDPAGDYF	TRBV11-2	TRBJ2-7	1
CASSPPDPVDNEQFF	TRBV27	TRBJ2-1	1
CASSPPDRALDLYTF	TRBV28	TRBJ1-2	1
CASSPPDRAYEQYF	TRBV12-4	TRBJ2-7	1
CASSPPDRESWGAFF	TRBV13	TRBJ1-1	1
CASSPPDREVNTEAFF	TRBV3-1	TRBJ1-1	1
CASSPPDRSSGNTIYF	TRBV28	TRBJ1-3	1
CASSPPDSPYEQYF	TRBV18	TRBJ2-7	1
CASSPPDSYEQYF	TRBV18	TRBJ2-7	1
CASSPPDVGGYTF	TRBV6-5	TRBJ1-2	1
CASSPPDVTYEQYF	TRBV7-9	TRBJ2-7	1
CASSPPEGEQYF	TRBV27	TRBJ2-7	1
CASSPPEGSYNEQFF	TRBV18	TRBJ2-1	1
CASSPPEREITDTQYF	TRBV18	TRBJ2-3	1
CASSPPERGRNSPLHF	TRBV13	TRBJ1-6	1
CASSPPESGRIYNEQFF	TRBV7-9	TRBJ2-1	1
CASSPPETGGGYTF	TRBV6-3	TRBJ1-2	1
CASSPPEWLAGGDTQYF	TRBV7-2	TRBJ2-3	1
CASSPPFHEQYF	TRBV3-1	TRBJ2-7	1
CASSPPFIQDTDTQYF	TRBV18	TRBJ2-3	1
CASSPPFRAFLSGANVLTF	TRBV18	TRBJ2-6	1
CASSPPFSEEWGDTDTQYF	TRBV18	TRBJ2-3	1
CASSPPGAALADTQYF	TRBV27	TRBJ2-3	1
CASSPPGAEDTDTQYF	TRBV7-9	TRBJ2-3	1
CASSPPGAEETQYF	TRBV18	TRBJ2-5	1
CASSPPGAGDEQFF	TRBV6-3	TRBJ2-1	1
CASSPPGALNTEAFF	TRBV5-4	TRBJ1-1	1
CASSPPGALNTGELFF	TRBV13	TRBJ2-2	1
CASSPPGASGNTIYF	TRBV7-8	TRBJ1-3	1
CASSPPGAYGIRAKNIQYF	TRBV18	TRBJ2-4	1
CASSPPGDEQYF	TRBV7-9	TRBJ2-7	1
CASSPPGDGDTQYF	TRBV27	TRBJ2-3	1
CASSPPGDRNYNEQFF	TRBV18	TRBJ2-1	1
CASSPPGDTDTQYF	TRBV4-2	TRBJ2-3	1
CASSPPGEEAFF	TRBV4-2	TRBJ1-1	1
CASSPPGELFF	TRBV25-1	TRBJ2-2	1
CASSPPGELFF	TRBV6-1	TRBJ2-2	1
CASSPPGETQYF	TRBV27	TRBJ2-5	1
CASSPPGGAYEQYF	TRBV27	TRBJ2-7	1
CASSPPGGEQFF	TRBV18	TRBJ2-1	1
CASSPPGGGEQYF	TRBV7-2	TRBJ2-7	1
CASSPPGGGGATQYF	TRBV9	TRBJ2-5	1
CASSPPGGGNTEAFF	TRBV4-2	TRBJ1-1	1
CASSPPGGGTEQFF	TRBV11-2	TRBJ2-1	4
CASSPPGGGYEQYF	TRBV28	TRBJ2-7	1
CASSPPGGIAYEQYF	TRBV12-4	TRBJ2-7	2
CASSPPGGLINEQFF	TRBV18	TRBJ2-1	1
CASSPPGGNEQFF	TRBV2	TRBJ2-1	1
CASSPPGGNEQFF	TRBV7-8	TRBJ2-1	1
CASSPPGGQGGEAFF	TRBV19	TRBJ1-1	1
CASSPPGGRAIYEQYF	TRBV28	TRBJ2-7	1
CASSPPGGREELFF	TRBV5-6	TRBJ2-2	1
CASSPPGGSEQYF	TRBV5-4	TRBJ2-7	1
CASSPPGGVTGELFF	TRBV6-3	TRBJ2-2	1
CASSPPGGYSYEQYF	TRBV18	TRBJ2-7	1
CASSPPGHIQETQYF	TRBV27	TRBJ2-5	1
CASSPPGHRTEAFF	TRBV7-9	TRBJ1-1	1
CASSPPGIYGYTF	TRBV9	TRBJ1-2	1
CASSPPGLAGDEQFF	TRBV5-1	TRBJ2-1	1
CASSPPGLAGETDTQYF	TRBV12-4	TRBJ2-3	1
CASSPPGLAMPDTQYF	TRBV27	TRBJ2-3	1
CASSPPGLSNTGELFF	TRBV9	TRBJ2-2	1
CASSPPGNSNQPQHF	TRBV18	TRBJ1-5	1
CASSPPGNTEAFF	TRBV18	TRBJ1-1	1
CASSPPGNYGYTF	TRBV6-3	TRBJ1-2	1
CASSPPGPNQPQHF	TRBV27	TRBJ1-5	1
CASSPPGPPNTDTQYF	TRBV7-9	TRBJ2-3	1
CASSPPGPTGELFF	TRBV18	TRBJ2-2	1
CASSPPGQGAHGNTIYF	TRBV3-1	TRBJ1-3	1
CASSPPGQGAYEQYF	TRBV12-4	TRBJ2-7	1
CASSPPGQGEQYF	TRBV27	TRBJ2-7	1
CASSPPGQGGGYSNQPQHF	TRBV28	TRBJ1-5	1
CASSPPGQGLTGELFF	TRBV9	TRBJ2-2	1
CASSPPGQGLVEQYF	TRBV12-3	TRBJ2-7	1
CASSPPGQGSSGELFF	TRBV9	TRBJ2-2	1
CASSPPGQGVDIQYF	TRBV28	TRBJ2-4	1
CASSPPGQLDEQYF	TRBV28	TRBJ2-7	1
CASSPPGQVNSPLHF	TRBV18	TRBJ1-6	1
CASSPPGRGENEQFF	TRBV9	TRBJ2-1	1
CASSPPGRGQPYSNQPQHF	TRBV6-6	TRBJ1-5	1
CASSPPGRGVVQETQYF	TRBV9	TRBJ2-5	1
CASSPPGRSSYEQYF	TRBV28	TRBJ2-7	1
CASSPPGRTEAFF	TRBV4-2	TRBJ1-1	1
CASSPPGSDEQFF	TRBV18	TRBJ2-1	1
CASSPPGSGELFF	TRBV7-3	TRBJ2-2	1
CASSPPGSMNTEAFF	TRBV9	TRBJ1-1	1
CASSPPGSNSPLHF	TRBV7-9	TRBJ1-6	1
CASSPPGSRTDTQYF	TRBV18	TRBJ2-3	1
CASSPPGSTEAFF	TRBV27	TRBJ1-1	1
CASSPPGTAGSEQYF	TRBV7-9	TRBJ2-7	1
CASSPPGTGTTDTQYF	TRBV12-3	TRBJ2-3	1
CASSPPGTSGNHFYYNEQFF	TRBV28	TRBJ2-1	1
CASSPPGTVPSGANVLTF	TRBV7-9	TRBJ2-6	1
CASSPPGVEQFF	TRBV6-1	TRBJ2-1	1
CASSPPGVGSTNEKLFF	TRBV7-6	TRBJ1-4	1
CASSPPGVNTIYF	TRBV7-8	TRBJ1-3	1
CASSPPGVSGEKLFF	TRBV7-9	TRBJ1-4	1
CASSPPGVSTDTQYF	TRBV28	TRBJ2-3	1
CASSPPGVTQYF	TRBV18	TRBJ2-5	1
CASSPPGVYEQYF	TRBV11-3	TRBJ2-7	1
CASSPPGYYNEQFF	TRBV27	TRBJ2-1	3
CASSPPIGGYEQYF	TRBV6-3	TRBJ2-7	1
CASSPPINGNTIYF	TRBV7-9	TRBJ1-3	1
CASSPPIPPYEQYF	TRBV28	TRBJ2-7	1
CASSPPIRGSDQETQYF	TRBV28	TRBJ2-5	1
CASSPPISGYNEQFF	TRBV11-1	TRBJ2-1	1
CASSPPKGALYEQYF	TRBV5-4	TRBJ2-7	1
CASSPPLGGSSYNEQFF	TRBV9	TRBJ2-1	1
CASSPPLGSPGANVLTF	TRBV11-2	TRBJ2-6	1
CASSPPMGNIQYF	TRBV18	TRBJ2-4	1
CASSPPNGDSGNTIYF	TRBV5-6	TRBJ1-3	1
CASSPPNIKNNSPLHF	TRBV18	TRBJ1-6	1
CASSPPNPAGEQYF	TRBV7-2	TRBJ2-7	1
CASSPPNRGSYEQYF	TRBV18	TRBJ2-7	1
CASSPPPDNEQFF	TRBV11-2	TRBJ2-1	1
CASSPPPEGDGDGYTF	TRBV11-2	TRBJ1-2	1
CASSPPPFETQYF	TRBV7-8	TRBJ2-5	1
CASSPPPFGDTQYF	TRBV27	TRBJ2-3	1
CASSPPPGAGVSSYNEQFF	TRBV18	TRBJ2-1	1
CASSPPPGLRADTQYF	TRBV27	TRBJ2-3	1
CASSPPPGPKPRVETDTQYF	TRBV19	TRBJ2-3	1
CASSPPPGQTYEQYF	TRBV18	TRBJ2-7	1
CASSPPPGTSGGRGTDTQYF	TRBV9	TRBJ2-3	1
CASSPPPGTVLYEQYF	TRBV6-1	TRBJ2-7	1
CASSPPPGYGQPQHF	TRBV9	TRBJ1-5	1
CASSPPPLINEQFF	TRBV7-8	TRBJ2-1	1
CASSPPPPESYEQYF	TRBV27	TRBJ2-7	1
CASSPPPPMGGPYEQYF	TRBV27	TRBJ2-7	1
CASSPPPPQADTQYF	TRBV12-4	TRBJ2-3	1
CASSPPPRLAFSGELFF	TRBV5-6	TRBJ2-2	1
CASSPPPSATDEQFF	TRBV12-3	TRBJ2-1	1
CASSPPPSNTGELFF	TRBV18	TRBJ2-2	1
CASSPPPVTGSDTQYF	TRBV28	TRBJ2-3	1
CASSPPQATDTQYF	TRBV9	TRBJ2-3	1
CASSPPQEHQETQYF	TRBV7-9	TRBJ2-5	1
CASSPPQGENSPLHF	TRBV7-9	TRBJ1-6	1
CASSPPQGRISPLHF	TRBV7-9	TRBJ1-6	1
CASSPPQLTSASSTDTQYF	TRBV18	TRBJ2-3	1
CASSPPRAGALNTEAFF	TRBV5-4	TRBJ1-1	1
CASSPPRDSYGYTF	TRBV12-3	TRBJ1-2	1
CASSPPRGGAQETQYF	TRBV18	TRBJ2-5	1
CASSPPRGGQPQHF	TRBV19	TRBJ1-5	1
CASSPPRGGYSPLHF	TRBV19	TRBJ1-6	1
CASSPPRGPPYEQYF	TRBV7-2	TRBJ2-7	1
CASSPPRGRGKGETQYF	TRBV7-9	TRBJ2-5	2
CASSPPRGTEAFF	TRBV9	TRBJ1-1	1
CASSPPRPWLGTEAFF	TRBV19	TRBJ1-1	1
CASSPPRREVEAFF	TRBV13	TRBJ1-1	5
CASSPPRSGGQETQYF	TRBV18	TRBJ2-5	1
CASSPPRSGGRTEAFF	TRBV5-1	TRBJ1-1	1
CASSPPRTSGYNEQFF	TRBV18	TRBJ2-1	1
CASSPPRVGSYNEQFF	TRBV7-9	TRBJ2-1	1
CASSPPSASLYYEQFF	TRBV27	TRBJ2-1	1
CASSPPSGDTQYF	TRBV7-9	TRBJ2-3	1
CASSPPSGELDTQYF	TRBV18	TRBJ2-3	1
CASSPPSGGALNIQYF	TRBV18	TRBJ2-4	1
CASSPPSGGASAYNEQFF	TRBV7-2	TRBJ2-1	1
CASSPPSGGYEQYF	TRBV11-2	TRBJ2-7	1
CASSPPSGLTDTQYF	TRBV12-4	TRBJ2-3	1
CASSPPSGNTIYF	TRBV9	TRBJ1-3	1
CASSPPSGRGPYEQYF	TRBV18	TRBJ2-7	1
CASSPPSGSGANVLTF	TRBV4-1	TRBJ2-6	1
CASSPPSGSSYEQYF	TRBV27	TRBJ2-7	1
CASSPPSGTTDTQYF	TRBV5-6	TRBJ2-3	1
CASSPPSGYWEKLFF	TRBV18	TRBJ1-4	1
CASSPPSPDTQYF	TRBV27	TRBJ2-3	1
CASSPPSPSAEQYF	TRBV27	TRBJ2-7	1
CASSPPSSKETQYF	TRBV7-9	TRBJ2-5	1
CASSPPSSVGGTEAFF	TRBV18	TRBJ1-1	1
CASSPPSSYEQYF	TRBV18	TRBJ2-7	1
CASSPPSSYEQYF	TRBV5-4	TRBJ2-7	1
CASSPPSYEQYF	TRBV9	TRBJ2-7	1
CASSPPSYTQYF	TRBV18	TRBJ2-3	1
CASSPPSYYEQYF	TRBV5-5	TRBJ2-7	1
CASSPPTDSPYGYTF	TRBV18	TRBJ1-2	1
CASSPPTGNSFYEQYF	TRBV18	TRBJ2-7	1
CASSPPTGSRTDTQYF	TRBV7-8	TRBJ2-3	1
CASSPPTGTGTDTQYF	TRBV13	TRBJ2-3	1
CASSPPTGTPYEQYF	TRBV9	TRBJ2-7	1
CASSPPTSGRLTDTQYF	TRBV5-4	TRBJ2-3	1
CASSPPTSRETQYF	TRBV3-1	TRBJ2-5	1
CASSPPTSTDTQYF	TRBV18	TRBJ2-3	1
CASSPPTTVVAKNIQYF	TRBV18	TRBJ2-4	1
CASSPPTVLWADTQYF	TRBV7-2	TRBJ2-3	1
CASSPPVGGQGMYEQYF	TRBV12-4	TRBJ2-7	1
CASSPPVGNEQFF	TRBV18	TRBJ2-1	1
CASSPPVGTWSLNNEQFF	TRBV18	TRBJ2-1	1
CASSPPVSRRRNEQYF	TRBV7-9	TRBJ2-7	1
CASSPPVSTSRDTQYF	TRBV7-9	TRBJ2-3	1
CASSPPVTGEQTQYF	TRBV7-9	TRBJ2-5	1
CASSPPVTSGNTIYF	TRBV14	TRBJ1-3	1
CASSPPWAAPRTQYF	TRBV11-2	TRBJ2-3	1
CASSPPWLGSETDTQYF	TRBV28	TRBJ2-3	1
CASSPPWQGAFSTEAFF	TRBV7-3	TRBJ1-1	1
CASSPPYRDRGHKGTYNEQFF	TRBV18	TRBJ2-1	1
CASSPPYREETQYF	TRBV18	TRBJ2-5	1
CASSPPYSGANVLTF	TRBV18	TRBJ2-6	1
CASSPPYTGELFF	TRBV9	TRBJ2-2	1
CASSPQAANYGYTF	TRBV5-5	TRBJ1-2	1
CASSPQAGGQGNIQYF	TRBV12-4	TRBJ2-4	1
CASSPQAGGSYEQYF	TRBV12-4	TRBJ2-7	1
CASSPQARDYEQYF	TRBV2	TRBJ2-7	1
CASSPQDGNTEAFF	TRBV13	TRBJ1-1	1
CASSPQDRASSPLHF	TRBV4-3	TRBJ1-6	1
CASSPQDREDGYTF	TRBV4-3	TRBJ1-2	1
CASSPQDRGLVDEQFF	TRBV3-1	TRBJ2-1	1
CASSPQDRGVSVIGQPQHF	TRBV6-3	TRBJ1-5	1
CASSPQDSLLATNEKLFF	TRBV5-1	TRBJ1-4	1
CASSPQDSPTDTQYF	TRBV18	TRBJ2-3	1
CASSPQFWDNNYGYTF	TRBV7-9	TRBJ1-2	1
CASSPQGAGGNTIYF	TRBV27	TRBJ1-3	1
CASSPQGAGGPYEQYF	TRBV4-2	TRBJ2-7	1
CASSPQGAGTDTQYF	TRBV6-5	TRBJ2-3	1
CASSPQGATYEQYF	TRBV7-8	TRBJ2-7	1
CASSPQGAYEQYF	TRBV19	TRBJ2-7	1
CASSPQGDEQFF	TRBV4-3	TRBJ2-1	1
CASSPQGEITYNEQFF	TRBV28	TRBJ2-1	1
CASSPQGFQETQYF	TRBV7-2	TRBJ2-5	1
CASSPQGFQPQHF	TRBV27	TRBJ1-5	1
CASSPQGGDEQYF	TRBV3-1	TRBJ2-7	1
CASSPQGGGDGYTF	TRBV6-5	TRBJ1-2	8
CASSPQGGGRDEQYF	TRBV6-1	TRBJ2-7	1
CASSPQGGNEQFF	TRBV7-9	TRBJ2-1	1
CASSPQGGNTEAFF	TRBV27	TRBJ1-1	1
CASSPQGGNYGYTF	TRBV6-5	TRBJ1-2	1
CASSPQGGSEQYF	TRBV7-3	TRBJ2-7	1
CASSPQGGTGETQYF	TRBV7-3	TRBJ2-5	1
CASSPQGHEQYF	TRBV12-3	TRBJ2-7	1
CASSPQGHTGELFF	TRBV7-8	TRBJ2-2	1
CASSPQGIQPQHF	TRBV12-4	TRBJ1-5	1
CASSPQGLAGGEQYF	TRBV6-5	TRBJ2-7	1
CASSPQGLDTEAFF	TRBV7-9	TRBJ1-1	1
CASSPQGLGQPQHF	TRBV27	TRBJ1-5	1
CASSPQGLGRGTEAFF	TRBV7-2	TRBJ1-1	1
CASSPQGNIQYF	TRBV27	TRBJ2-4	1
CASSPQGNLFYEQYF	TRBV5-6	TRBJ2-7	1
CASSPQGPNTEAFF	TRBV9	TRBJ1-1	1
CASSPQGPRGYTF	TRBV6-5	TRBJ1-2	1
CASSPQGQGNGYTF	TRBV28	TRBJ1-2	1
CASSPQGRYEQYF	TRBV27	TRBJ2-7	1
CASSPQGSDNEQFF	TRBV5-1	TRBJ2-1	1
CASSPQGSDTQYF	TRBV27	TRBJ2-3	1
CASSPQGSGANVLTF	TRBV27	TRBJ2-6	1
CASSPQGTFYEQYF	TRBV9	TRBJ2-7	1
CASSPQGTNEKLFF	TRBV5-6	TRBJ1-4	1
CASSPQGTVSVGEQFF	TRBV6-5	TRBJ2-1	1
CASSPQGVGDYSGELFF	TRBV5-6	TRBJ2-2	1
CASSPQGVGQPQHF	TRBV28	TRBJ1-5	1
CASSPQGVIQGGEAQHF	TRBV6-5	TRBJ1-5	1
CASSPQGYNEQFF	TRBV27	TRBJ2-1	1
CASSPQGYNEQFF	TRBV5-6	TRBJ2-1	1
CASSPQKDTDEKLFF	TRBV14	TRBJ1-4	1
CASSPQKGDYGYTF	TRBV4-2	TRBJ1-2	1
CASSPQLAAFNYGYTF	TRBV4-1	TRBJ1-2	1
CASSPQLAGGNEQFF	TRBV12-4	TRBJ2-1	1
CASSPQLAGGREQYF	TRBV7-9	TRBJ2-7	1
CASSPQLGQMNTEAFF	TRBV7-9	TRBJ1-1	1
CASSPQLIYGYTF	TRBV28	TRBJ1-2	1
CASSPQLQGGNTEAFF	TRBV18	TRBJ1-1	1
CASSPQLTVNYGYTF	TRBV7-2	TRBJ1-2	5
CASSPQMNTEAFF	TRBV6-5	TRBJ1-1	1
CASSPQNF	TRBV12-3	TRBJ1-1	1
CASSPQNTDTQYF	TRBV5-6	TRBJ2-3	1
CASSPQPGPRPNYEQYF	TRBV9	TRBJ2-7	1
CASSPQREAHTGELFF	TRBV5-1	TRBJ2-2	1
CASSPQRGGSYNEQFF	TRBV4-3	TRBJ2-1	1
CASSPQRGLDRDADTQYF	TRBV7-9	TRBJ2-3	1
CASSPQRGSSYEQYF	TRBV4-3	TRBJ2-7	1
CASSPQRSSYNEQFF	TRBV19	TRBJ2-1	1
CASSPQRTGEIEKLFF	TRBV14	TRBJ1-4	1
CASSPQSGAYNEQFF	TRBV12-4	TRBJ2-1	1
CASSPQSSSSSTDTQYF	TRBV18	TRBJ2-3	1
CASSPQTEYGYTF	TRBV9	TRBJ1-2	1
CASSPQTGGSNQPQHF	TRBV7-9	TRBJ1-5	1
CASSPQTSGGYNEQFF	TRBV6-5	TRBJ2-1	1
CASSPQTSGLTGELFF	TRBV7-2	TRBJ2-2	1
CASSPQTTASGFYNEQFF	TRBV4-3	TRBJ2-1	1
CASSPQVARSYNEQFF	TRBV9	TRBJ2-1	1
CASSPQVGVQPQHF	TRBV18	TRBJ1-5	1
CASSPQWELNYGYTF	TRBV3-1	TRBJ1-2	1
CASSPQWGSGANVLTF	TRBV9	TRBJ2-6	1
CASSPQWRQHTNYGYTF	TRBV18	TRBJ1-2	1
CASSPQWTLYGYTF	TRBV18	TRBJ1-2	1
CASSPRAGAYEQYF	TRBV7-9	TRBJ2-7	1
CASSPRAGDNTEAFF	TRBV7-9	TRBJ1-1	1
CASSPRAGDYEQYF	TRBV28	TRBJ2-7	1
CASSPRAGGPETEYQETQYF	TRBV3-1	TRBJ2-5	1
CASSPRAGKESYGYTF	TRBV7-9	TRBJ1-2	1
CASSPRAGKETQYF	TRBV7-6	TRBJ2-5	8
CASSPRAGSETQYF	TRBV7-9	TRBJ2-5	1
CASSPRAKGGYTF	TRBV14	TRBJ1-2	1
CASSPRARGARETQYF	TRBV6-3	TRBJ2-5	1
CASSPRARQPQHF	TRBV6-6	TRBJ1-5	1
CASSPRASGGGTDTQYF	TRBV18	TRBJ2-3	1
CASSPRASSSVNEQFF	TRBV11-2	TRBJ2-1	1
CASSPRASTDTQYF	TRBV11-2	TRBJ2-3	1
CASSPRATEAFF	TRBV7-9	TRBJ1-1	1
CASSPRATRDEQFF	TRBV6-3	TRBJ2-1	1
CASSPRDERTGYTF	TRBV3-1	TRBJ1-2	1
CASSPRDGELFF	TRBV7-9	TRBJ2-2	1
CASSPRDGLGGYTF	TRBV12-4	TRBJ1-2	1
CASSPRDGPYEQYF	TRBV7-9	TRBJ2-7	1
CASSPRDGQGTYGYTF	TRBV7-9	TRBJ1-2	1
CASSPRDGSYEQYF	TRBV19	TRBJ2-7	1
CASSPRDIEQFF	TRBV11-2	TRBJ2-1	1
CASSPRDKETQYF	TRBV5-4	TRBJ2-5	1
CASSPRDLGNTIYF	TRBV4-1	TRBJ1-3	1
CASSPRDNSYEQYF	TRBV4-2	TRBJ2-7	1
CASSPRDQGLETDTQYF	TRBV11-3	TRBJ2-3	1
CASSPRDRARKLFF	TRBV7-9	TRBJ1-4	1
CASSPRDRDGEQYF	TRBV18	TRBJ2-7	1
CASSPRDRDSYEQYF	TRBV19	TRBJ2-7	1
CASSPRDRENEQFF	TRBV4-1	TRBJ2-1	1
CASSPRDRERGEQYF	TRBV11-2	TRBJ2-7	2
CASSPRDRERGEQYF	TRBV7-2	TRBJ2-7	534
CASSPRDRERGEQYV	TRBV7-2	TRBJ2-7	1
CASSPRDRGLYEQYF	TRBV18	TRBJ2-7	1
CASSPRDRGNTEAFF	TRBV7-9	TRBJ1-1	1
CASSPRDRGPWETQYF	TRBV7-3	TRBJ2-5	1
CASSPRDRGTDTQYF	TRBV4-1	TRBJ2-3	1
CASSPRDRLTEAFF	TRBV19	TRBJ1-1	1
CASSPRDRNYEQYF	TRBV7-2	TRBJ2-7	1
CASSPRDRPQETQYF	TRBV12-4	TRBJ2-5	1
CASSPRDRTGGYTF	TRBV18	TRBJ1-2	1
CASSPRDRVIYGYTF	TRBV4-1	TRBJ1-2	1
CASSPRDRVSPLHF	TRBV18	TRBJ1-6	1
CASSPRDRVYEQYF	TRBV6-3	TRBJ2-7	1
CASSPRDSKNQPQHF	TRBV12-3	TRBJ1-5	1
CASSPRDSLVLAKNIQYF	TRBV6-5	TRBJ2-4	1
CASSPRDSRSHEQYF	TRBV7-9	TRBJ2-7	1
CASSPRDSSTDTQYF	TRBV19	TRBJ2-3	1
CASSPRDSSYEQYF	TRBV27	TRBJ2-7	1
CASSPRDSSYNEQFF	TRBV13	TRBJ2-1	1
CASSPRDSYEQYF	TRBV9	TRBJ2-7	1
CASSPRDTDNEQFF	TRBV18	TRBJ2-1	1
CASSPRDTFYPDNQPQHF	TRBV5-8	TRBJ1-5	1
CASSPRDTLYEQYF	TRBV4-1	TRBJ2-7	1
CASSPRDTPWYQETQYF	TRBV14	TRBJ2-5	1
CASSPRDTPYNEQFF	TRBV3-1	TRBJ2-1	1
CASSPRDTYNEQFF	TRBV7-3	TRBJ2-1	1
CASSPRDTYYGYTF	TRBV5-5	TRBJ1-2	1
CASSPRDYTNNEQFF	TRBV27	TRBJ2-1	1
CASSPREAYYTGELFF	TRBV14	TRBJ2-2	1
CASSPREDSNQPQHF	TRBV7-9	TRBJ1-5	1
CASSPREDSTDTQYF	TRBV27	TRBJ2-3	1
CASSPREEANEKLFF	TRBV28	TRBJ1-4	1
CASSPREGHDTGELFF	TRBV4-2	TRBJ2-2	1
CASSPREGNEQFF	TRBV4-1	TRBJ2-1	1
CASSPREGSGELFF	TRBV7-9	TRBJ2-2	1
CASSPREGTVTYEQYF	TRBV18	TRBJ2-7	1
CASSPRELNTGELFF	TRBV7-9	TRBJ2-2	1
CASSPRERYEQYF	TRBV4-1	TRBJ2-7	1
CASSPRESSYNSPLHF	TRBV6-6	TRBJ1-6	1
CASSPRETYEQYF	TRBV5-8	TRBJ2-7	1
CASSPRFF	TRBV12-3	TRBJ2-1	1
CASSPRFRWDQPQHF	TRBV18	TRBJ1-5	1
CASSPRGAEQPQHF	TRBV12-4	TRBJ1-5	1
CASSPRGAGELFF	TRBV12-4	TRBJ2-2	1
CASSPRGANTEAFF	TRBV6-5	TRBJ1-1	1
CASSPRGAYGYTF	TRBV7-3	TRBJ1-2	1
CASSPRGDGYTF	TRBV5-4	TRBJ1-2	1
CASSPRGEGQGDVGELFF	TRBV4-2	TRBJ2-2	1
CASSPRGEKLFF	TRBV12-3	TRBJ1-4	6
CASSPRGETQYF	TRBV9	TRBJ2-5	1
CASSPRGEYTGELFF	TRBV7-9	TRBJ2-2	1
CASSPRGFGEKLFF	TRBV9	TRBJ1-4	1
CASSPRGFHEQYF	TRBV11-2	TRBJ2-7	1
CASSPRGGASTDTQYF	TRBV6-5	TRBJ2-3	1
CASSPRGGAYNEQFF	TRBV3-1	TRBJ2-1	1
CASSPRGGDTEAFF	TRBV7-3	TRBJ1-1	1
CASSPRGGLAGGLTQTQYF	TRBV11-2	TRBJ2-5	1
CASSPRGGPGNTIYF	TRBV28	TRBJ1-3	1
CASSPRGGPTEAFF	TRBV11-2	TRBJ1-1	1
CASSPRGGQGLYYEQYF	TRBV27	TRBJ2-7	1
CASSPRGGRGETQYF	TRBV7-3	TRBJ2-5	1
CASSPRGGRRLRETQYF	TRBV7-2	TRBJ2-5	1
CASSPRGGSSYNEQFF	TRBV7-9	TRBJ2-1	1
CASSPRGGTADTQYF	TRBV6-4	TRBJ2-3	1
CASSPRGGTEAFF	TRBV4-1	TRBJ1-1	1
CASSPRGGTRTEQYF	TRBV3-1	TRBJ2-7	1
CASSPRGGVEKTQYF	TRBV13	TRBJ2-5	1
CASSPRGGVPGELFF	TRBV11-3	TRBJ2-2	1
CASSPRGGYDYNEQFF	TRBV9	TRBJ2-1	1
CASSPRGGYEQYF	TRBV9	TRBJ2-7	1
CASSPRGLAEQFF	TRBV11-3	TRBJ2-1	1
CASSPRGLAGVTDTQYF	TRBV7-2	TRBJ2-3	1
CASSPRGLDLTEQFF	TRBV6-1	TRBJ2-1	1
CASSPRGLDQQETQYF	TRBV18	TRBJ2-5	1
CASSPRGLEVYEQYF	TRBV27	TRBJ2-7	1
CASSPRGLGYGYTF	TRBV11-2	TRBJ1-2	1
CASSPRGLNTEAFF	TRBV28	TRBJ1-1	1
CASSPRGLSSYEQYF	TRBV19	TRBJ2-7	1
CASSPRGPSGGYEQYF	TRBV4-2	TRBJ2-7	1
CASSPRGQGFNTEAFF	TRBV7-3	TRBJ1-1	1
CASSPRGQGGSPLHF	TRBV4-3	TRBJ1-6	1
CASSPRGQGNKGYTF	TRBV13	TRBJ1-2	1
CASSPRGQLEAFF	TRBV5-1	TRBJ1-1	1
CASSPRGQPGAEAFF	TRBV5-1	TRBJ1-1	1
CASSPRGQPQHF	TRBV27	TRBJ1-5	1
CASSPRGQSFYNEQFF	TRBV27	TRBJ2-1	1
CASSPRGQSYEQYF	TRBV5-4	TRBJ2-7	1
CASSPRGQTNTEAFF	TRBV13	TRBJ1-1	1
CASSPRGRADTQYF	TRBV3-1	TRBJ2-3	1
CASSPRGRGNQPQHF	TRBV18	TRBJ1-5	1
CASSPRGRRQPQHF	TRBV18	TRBJ1-5	1
CASSPRGTANYGYTF	TRBV6-1	TRBJ1-2	1
CASSPRGTGVEKLFF	TRBV4-1	TRBJ1-4	1
CASSPRGTNTEAFF	TRBV27	TRBJ1-1	1
CASSPRGTSGGGEVNEQFF	TRBV4-3	TRBJ2-1	1
CASSPRGTVYSNQPQHF	TRBV28	TRBJ1-5	1
CASSPRGVENTGELFF	TRBV7-9	TRBJ2-2	1
CASSPRGVGIPDTQYF	TRBV13	TRBJ2-3	1
CASSPRGVGYEQYF	TRBV9	TRBJ2-7	1
CASSPRGWGRFSYEQYF	TRBV18	TRBJ2-7	1
CASSPRGWNGLSTDTQYF	TRBV27	TRBJ2-3	1
CASSPRGWVGGNTIYF	TRBV27	TRBJ1-3	1
CASSPRIESDEKLFF	TRBV11-1	TRBJ1-4	1
CASSPRIHPDNEQFF	TRBV7-2	TRBJ2-1	1
CASSPRILAYEQYF	TRBV27	TRBJ2-7	1
CASSPRLAESSYEQYF	TRBV28	TRBJ2-7	1
CASSPRLAGAETQYF	TRBV11-1	TRBJ2-5	1
CASSPRLAGAPYEQYF	TRBV11-2	TRBJ2-7	1
CASSPRLAGASSTDTQYF	TRBV4-3	TRBJ2-3	1
CASSPRLAGAVGNEQFF	TRBV4-3	TRBJ2-1	1
CASSPRLAGDPDTDTQYF	TRBV7-3	TRBJ2-3	1
CASSPRLAGGDNEQFF	TRBV9	TRBJ2-1	1
CASSPRLAGGETQYF	TRBV28	TRBJ2-5	1
CASSPRLAGGPDTGELFF	TRBV6-6	TRBJ2-2	1
CASSPRLAGGPINEQFF	TRBV5-1	TRBJ2-1	1
CASSPRLAGGQLDEQFF	TRBV13	TRBJ2-1	1
CASSPRLAGNEQYF	TRBV9	TRBJ2-7	1
CASSPRLAGNTGELFF	TRBV5-5	TRBJ2-2	1
CASSPRLAGSVYEQYF	TRBV3-1	TRBJ2-7	1
CASSPRLAGTGELFF	TRBV28	TRBJ2-2	1
CASSPRLAGVYNEQFF	TRBV12-4	TRBJ2-1	1
CASSPRLAGYQETQYF	TRBV5-1	TRBJ2-5	5
CASSPRLAPQYF	TRBV11-1	TRBJ2-3	1
CASSPRLATNTDTQYF	TRBV7-3	TRBJ2-3	1
CASSPRLEDYGYTF	TRBV7-9	TRBJ1-2	1
CASSPRLGETQYF	TRBV9	TRBJ2-5	1
CASSPRLSDTQYF	TRBV7-6	TRBJ2-3	1
CASSPRLTSSTDTQYF	TRBV13	TRBJ2-3	1
CASSPRLVGNQPQHF	TRBV6-1	TRBJ1-5	1
CASSPRMGSYNEQFF	TRBV12-3	TRBJ2-1	1
CASSPRNDRETEAFF	TRBV7-8	TRBJ1-1	1
CASSPRNENEKLFF	TRBV12-3	TRBJ1-4	1
CASSPRNSGRGSSTGELFF	TRBV28	TRBJ2-2	1
CASSPRPAADTQYF	TRBV11-3	TRBJ2-3	1
CASSPRPAGNTEAFF	TRBV6-5	TRBJ1-1	1
CASSPRPDGYEQYF	TRBV27	TRBJ2-7	1
CASSPRPDKEAFF	TRBV9	TRBJ1-1	1
CASSPRPEGTEAFF	TRBV6-5	TRBJ1-1	1
CASSPRPENTEAFF	TRBV7-9	TRBJ1-1	1
CASSPRPFSGYTF	TRBV18	TRBJ1-2	1
CASSPRPGAGELFF	TRBV7-2	TRBJ2-2	1
CASSPRPGELFF	TRBV27	TRBJ2-2	1
CASSPRPGLAGDDEQFF	TRBV5-6	TRBJ2-1	1
CASSPRPGLAGELFF	TRBV9	TRBJ2-2	1
CASSPRPGQVGLANTGELFF	TRBV7-9	TRBJ2-2	1
CASSPRPGSMVTEAFF	TRBV7-8	TRBJ1-1	1
CASSPRPGTPLQETQYF	TRBV5-1	TRBJ2-5	1
CASSPRPPNTEAFF	TRBV19	TRBJ1-1	1
CASSPRPRHEQYF	TRBV7-6	TRBJ2-7	1
CASSPRPSYEQYF	TRBV11-2	TRBJ2-7	1
CASSPRPTNTGELFF	TRBV3-1	TRBJ2-2	1
CASSPRQASRDTQYF	TRBV18	TRBJ2-3	1
CASSPRQEETQYF	TRBV9	TRBJ2-5	1
CASSPRQGADGQYF	TRBV5-1	TRBJ2-7	1
CASSPRQGARVPEQFF	TRBV13	TRBJ2-1	1
CASSPRQGATSGGLGELFF	TRBV27	TRBJ2-2	1
CASSPRQGAVNQPQHF	TRBV28	TRBJ1-5	1
CASSPRQGDQPQHF	TRBV18	TRBJ1-5	1
CASSPRQGEASF	TRBV27	TRBJ1-2	1
CASSPRQGELFF	TRBV28	TRBJ2-2	1
CASSPRQGESYEQYF	TRBV11-1	TRBJ2-7	1
CASSPRQGGMVRQYF	TRBV5-1	TRBJ2-7	1
CASSPRQGGYGYTF	TRBV5-5	TRBJ1-2	1
CASSPRQGLINTEAFF	TRBV18	TRBJ1-1	1
CASSPRQGLPNVDTQYF	TRBV5-1	TRBJ2-3	1
CASSPRQGLTEAFF	TRBV9	TRBJ1-1	1
CASSPRQGPETQYF	TRBV7-6	TRBJ2-5	1
CASSPRQGRGSTEAFF	TRBV12-4	TRBJ1-1	1
CASSPRQGSYEQYF	TRBV5-4	TRBJ2-7	1
CASSPRQGTDTQYF	TRBV18	TRBJ2-3	1
CASSPRQGTYTDTQYF	TRBV18	TRBJ2-3	1
CASSPRQGWTNEKLFF	TRBV7-9	TRBJ1-4	2
CASSPRQGYDTDTQYF	TRBV7-9	TRBJ2-3	1
CASSPRQGYEQYF	TRBV4-3	TRBJ2-7	1
CASSPRQGYRAEAFF	TRBV27	TRBJ1-1	1
CASSPRQLGANQPQHF	TRBV18	TRBJ1-5	1
CASSPRQLTGAGTDTQYF	TRBV9	TRBJ2-3	1
CASSPRQLWIEKLFF	TRBV28	TRBJ1-4	2
CASSPRQSYNEQFF	TRBV7-2	TRBJ2-1	1
CASSPRQVWSYEQYF	TRBV27	TRBJ2-7	1
CASSPRRAESPLHF	TRBV27	TRBJ1-6	1
CASSPRRDRVYGGYGYTF	TRBV18	TRBJ1-2	1
CASSPRRDTQYF	TRBV27	TRBJ2-3	1
CASSPRRDYEQYF	TRBV7-9	TRBJ2-7	1
CASSPRREREVYEQYF	TRBV9	TRBJ2-7	1
CASSPRREYTEAFF	TRBV6-5	TRBJ1-1	1
CASSPRREYTYEQYF	TRBV9	TRBJ2-7	10
CASSPRRGDQETQYF	TRBV7-9	TRBJ2-5	1
CASSPRRQIDEQYF	TRBV28	TRBJ2-7	1
CASSPRRQNTGELFF	TRBV11-3	TRBJ2-2	1
CASSPRRRGRLSYEQYF	TRBV7-3	TRBJ2-7	1
CASSPRRTYRQFF	TRBV12-3	TRBJ2-1	1
CASSPRRVGLAGVNGTDTQYF	TRBV4-1	TRBJ2-3	1
CASSPRSAGVNEQFF	TRBV7-9	TRBJ2-1	1
CASSPRSATEAFF	TRBV9	TRBJ1-1	1
CASSPRSGLSNEKLFF	TRBV4-3	TRBJ1-4	1
CASSPRSKGTDTQYF	TRBV7-6	TRBJ2-3	1
CASSPRSPFSGNTIYF	TRBV11-2	TRBJ1-3	1
CASSPRSTDTQYF	TRBV19	TRBJ2-3	8
CASSPRSVAGGEQYF	TRBV12-3	TRBJ2-7	1
CASSPRSYEQYF	TRBV11-2	TRBJ2-7	1
CASSPRSYTDTQYF	TRBV28	TRBJ2-3	1
CASSPRTAAAYGYTF	TRBV12-4	TRBJ1-2	1
CASSPRTAGTSGGAGEQYF	TRBV4-2	TRBJ2-7	1
CASSPRTARTYGYTF	TRBV5-4	TRBJ1-2	1
CASSPRTATDTQYF	TRBV3-1	TRBJ2-3	1
CASSPRTDAERAKNIQYF	TRBV5-1	TRBJ2-4	1
CASSPRTDLSAPNTGELFF	TRBV19	TRBJ2-2	1
CASSPRTDMNTEAFF	TRBV7-6	TRBJ1-1	1
CASSPRTEPHQPQHF	TRBV7-6	TRBJ1-5	1
CASSPRTGDVNEQFF	TRBV25-1	TRBJ2-1	1
CASSPRTGETGELFF	TRBV4-2	TRBJ2-2	1
CASSPRTGGLRDTQYF	TRBV18	TRBJ2-3	1
CASSPRTGGNTEAFF	TRBV6-5	TRBJ1-1	1
CASSPRTGGRDTIYF	TRBV12-3	TRBJ1-3	1
CASSPRTGHTEAFF	TRBV12-3	TRBJ1-1	1
CASSPRTGKPYEQYF	TRBV7-9	TRBJ2-7	1
CASSPRTGLEDEQFF	TRBV19	TRBJ2-1	1
CASSPRTGLRSGYTF	TRBV28	TRBJ1-2	1
CASSPRTGLSSYEQYF	TRBV7-9	TRBJ2-7	1
CASSPRTGNIDEQYF	TRBV7-9	TRBJ2-7	1
CASSPRTGNTGELFF	TRBV7-9	TRBJ2-2	1
CASSPRTGPIYSNQPQHF	TRBV2	TRBJ1-5	1
CASSPRTGPNEKLFF	TRBV19	TRBJ1-4	1
CASSPRTGPYEQYF	TRBV27	TRBJ2-7	1
CASSPRTGRDEKLFF	TRBV28	TRBJ1-4	1
CASSPRTGSEDSPLHF	TRBV5-1	TRBJ1-6	1
CASSPRTGSMNTEAFF	TRBV9	TRBJ1-1	1
CASSPRTGSTYEQYF	TRBV7-9	TRBJ2-7	1
CASSPRTGTGELFF	TRBV6-3	TRBJ2-2	1
CASSPRTGTLEQFF	TRBV9	TRBJ2-1	1
CASSPRTGTYNSPLHF	TRBV7-2	TRBJ1-6	1
CASSPRTGYGYTF	TRBV19	TRBJ1-2	1
CASSPRTIGEQYF	TRBV4-3	TRBJ2-7	1
CASSPRTKSFLSYGYTF	TRBV28	TRBJ1-2	1
CASSPRTMSSTDTQYF	TRBV7-9	TRBJ2-3	1
CASSPRTNQNEQFF	TRBV13	TRBJ2-1	1
CASSPRTPSPGQRSNSPLHF	TRBV7-6	TRBJ1-6	1
CASSPRTPYNEQFF	TRBV18	TRBJ2-1	1
CASSPRTRADSYNEQFF	TRBV18	TRBJ2-1	3
CASSPRTRDRGWGYTF	TRBV4-3	TRBJ1-2	1
CASSPRTSDETQYF	TRBV9	TRBJ2-5	1
CASSPRTSEQFF	TRBV7-8	TRBJ2-1	9
CASSPRTSGGAKTQYF	TRBV7-7	TRBJ2-5	1
CASSPRTSGIHNEQFF	TRBV11-3	TRBJ2-1	1
CASSPRTSGRMEETQYF	TRBV27	TRBJ2-5	1
CASSPRTSGRQDEQFF	TRBV27	TRBJ2-1	1
CASSPRTSGRSDTDTQYF	TRBV7-7	TRBJ2-3	1
CASSPRTSGSRPDTQYF	TRBV7-9	TRBJ2-3	1
CASSPRTSGSYEQYF	TRBV9	TRBJ2-7	1
CASSPRTSGTGELFF	TRBV7-8	TRBJ2-2	1
CASSPRTSNYGYTF	TRBV4-1	TRBJ1-2	1
CASSPRTTGISSNEQFF	TRBV7-9	TRBJ2-1	1
CASSPRTVFSSYNEQFF	TRBV18	TRBJ2-1	1
CASSPRTVNTEAFF	TRBV6-5	TRBJ1-1	1
CASSPRVADYEQYF	TRBV13	TRBJ2-7	1
CASSPRVAGSSGANVLTF	TRBV13	TRBJ2-6	1
CASSPRVGARPYEQYF	TRBV4-1	TRBJ2-7	1
CASSPRVGGRSNQPQHF	TRBV6-3	TRBJ1-5	1
CASSPRVGTRDTQYF	TRBV7-8	TRBJ2-3	1
CASSPRVNYGYTF	TRBV27	TRBJ1-2	1
CASSPRVPSGNTIYF	TRBV28	TRBJ1-3	1
CASSPRVQETQYF	TRBV7-9	TRBJ2-5	1
CASSPRVTSTDTQYF	TRBV12-4	TRBJ2-3	1
CASSPRVTWYQETQYF	TRBV6-3	TRBJ2-5	1
CASSPRWGNYGYTF	TRBV13	TRBJ1-2	1
CASSPRYSNQPQHF	TRBV12-4	TRBJ1-5	1
CASSPSAGGAYNEQFF	TRBV5-5	TRBJ2-1	1
CASSPSAGGGETQYF	TRBV27	TRBJ2-5	1
CASSPSAGTYNEQFF	TRBV11-3	TRBJ2-1	1
CASSPSANTEAFF	TRBV28	TRBJ1-1	1
CASSPSAQGNEQYF	TRBV4-2	TRBJ2-7	1
CASSPSCGGPCTGELFF	TRBV18	TRBJ2-2	1
CASSPSDGNEKLFF	TRBV4-3	TRBJ1-4	1
CASSPSDIVGLDTQYF	TRBV7-7	TRBJ2-3	1
CASSPSDKGSNQPQHF	TRBV5-6	TRBJ1-5	1
CASSPSDLTATRDEQYF	TRBV7-2	TRBJ2-7	1
CASSPSEAKNIQYF	TRBV18	TRBJ2-4	1
CASSPSEANTGELFF	TRBV19	TRBJ2-2	1
CASSPSEGLAVMGSYEQYF	TRBV13	TRBJ2-7	1
CASSPSEKLLAPANTGELFF	TRBV7-2	TRBJ2-2	1
CASSPSENTDTQYF	TRBV28	TRBJ2-3	1
CASSPSEVAFF	TRBV7-2	TRBJ1-1	1
CASSPSEVWSGSSSGELFF	TRBV27	TRBJ2-2	1
CASSPSFGQTYEQYF	TRBV9	TRBJ2-7	1
CASSPSFLIQGDTQYF	TRBV7-2	TRBJ2-3	1
CASSPSFRSSYEQYF	TRBV19	TRBJ2-7	1
CASSPSGAAGYEQYF	TRBV12-3	TRBJ2-7	1
CASSPSGAAYNEQFF	TRBV27	TRBJ2-1	1
CASSPSGAAYNEQFF	TRBV4-3	TRBJ2-1	1
CASSPSGAEAFF	TRBV7-2	TRBJ1-1	1
CASSPSGAEAFF	TRBV9	TRBJ1-1	1
CASSPSGANVLTF	TRBV12-3	TRBJ2-6	1
CASSPSGANVLTF	TRBV5-6	TRBJ2-6	1
CASSPSGASEKLFF	TRBV9	TRBJ1-4	1
CASSPSGATVQFF	TRBV7-2	TRBJ2-1	1
CASSPSGDSYEQYF	TRBV19	TRBJ2-7	1
CASSPSGDTQYF	TRBV27	TRBJ2-3	1
CASSPSGETQYF	TRBV5-6	TRBJ2-5	1
CASSPSGGAADTQYF	TRBV6-5	TRBJ2-3	1
CASSPSGGADIQYF	TRBV3-1	TRBJ2-4	1
CASSPSGGAGETQYF	TRBV27	TRBJ2-5	1
CASSPSGGAGYEQYF	TRBV19	TRBJ2-7	1
CASSPSGGAMAGELFF	TRBV9	TRBJ2-2	1
CASSPSGGAMETQYF	TRBV19	TRBJ2-5	1
CASSPSGGARDTQYF	TRBV7-3	TRBJ2-3	1
CASSPSGGAYEQYF	TRBV7-2	TRBJ2-7	1
CASSPSGGDYNEQFF	TRBV2	TRBJ2-1	7
CASSPSGGEVFGEKLFF	TRBV6-5	TRBJ1-4	1
CASSPSGGGAYEQYF	TRBV9	TRBJ2-7	1
CASSPSGGGLNEQFF	TRBV19	TRBJ2-1	1
CASSPSGGGSYEQYF	TRBV7-3	TRBJ2-7	1
CASSPSGGGTEAFF	TRBV7-9	TRBJ1-1	1
CASSPSGGLVGQPQHF	TRBV4-1	TRBJ1-5	1
CASSPSGGNNSPLHF	TRBV27	TRBJ1-6	1
CASSPSGGSLADTQYF	TRBV7-2	TRBJ2-3	1
CASSPSGGSLQPQHF	TRBV19	TRBJ1-5	1
CASSPSGGSNEKLFF	TRBV5-4	TRBJ1-4	1
CASSPSGGSYEQYF	TRBV5-6	TRBJ2-7	1
CASSPSGGVGQPQHF	TRBV7-8	TRBJ1-5	1
CASSPSGGWGAFF	TRBV7-8	TRBJ1-1	1
CASSPSGGYEQYF	TRBV9	TRBJ2-7	1
CASSPSGLLLAGGETQYF	TRBV5-1	TRBJ2-5	1
CASSPSGLNTEAFF	TRBV9	TRBJ1-1	1
CASSPSGNTEAFF	TRBV7-9	TRBJ1-1	2
CASSPSGPYGYTF	TRBV18	TRBJ1-2	1
CASSPSGQGAGGYTF	TRBV13	TRBJ1-2	1
CASSPSGQGGNEQFF	TRBV18	TRBJ2-1	1
CASSPSGQGSYNEQFF	TRBV7-9	TRBJ2-1	1
CASSPSGQGYLNTEAFF	TRBV4-3	TRBJ1-1	1
CASSPSGQPQHF	TRBV7-9	TRBJ1-5	1
CASSPSGRALGVETQYF	TRBV27	TRBJ2-5	1
CASSPSGRATDTQYF	TRBV11-2	TRBJ2-3	1
CASSPSGRDTEAFF	TRBV9	TRBJ1-1	1
CASSPSGREYNEQFF	TRBV7-9	TRBJ2-1	1
CASSPSGRLNTGELFF	TRBV7-3	TRBJ2-2	1
CASSPSGSFNSPLHF	TRBV18	TRBJ1-6	1
CASSPSGSGAWYF	TRBV19	TRBJ2-5	1
CASSPSGSGRSYEQYF	TRBV28	TRBJ2-7	1
CASSPSGSGSGANVLTF	TRBV7-9	TRBJ2-6	1
CASSPSGSLEQFF	TRBV12-3	TRBJ2-1	1
CASSPSGSSYNEQFF	TRBV19	TRBJ2-1	2
CASSPSGSYEQYF	TRBV28	TRBJ2-7	1
CASSPSGTGELFF	TRBV19	TRBJ2-2	1
CASSPSGTGLNQPQHF	TRBV4-1	TRBJ1-5	1
CASSPSGTGPHNEQFF	TRBV11-1	TRBJ2-1	1
CASSPSGTGVRHQETQYF	TRBV28	TRBJ2-5	1
CASSPSGTIGNEQFF	TRBV9	TRBJ2-1	1
CASSPSGTSAYNEQFF	TRBV7-9	TRBJ2-1	1
CASSPSGTSGTDTQYF	TRBV5-6	TRBJ2-3	1
CASSPSGVTEAFF	TRBV4-3	TRBJ1-1	1
CASSPSGVVQPQHF	TRBV28	TRBJ1-5	1
CASSPSGVYEQFF	TRBV13	TRBJ2-1	1
CASSPSGYEQYF	TRBV2	TRBJ2-7	1
CASSPSGYLDNEQFF	TRBV27	TRBJ2-1	1
CASSPSHDEQFF	TRBV11-2	TRBJ2-1	1
CASSPSIGRYEQYF	TRBV6-5	TRBJ2-7	1
CASSPSKGIAYEQYF	TRBV12-4	TRBJ2-7	1
CASSPSKWAGYEQYF	TRBV18	TRBJ2-7	1
CASSPSLAASSYYNEQFF	TRBV7-3	TRBJ2-1	1
CASSPSLAEITDTQYF	TRBV4-3	TRBJ2-3	1
CASSPSLAGANTGELFF	TRBV7-3	TRBJ2-2	1
CASSPSLAGDAYEQYF	TRBV4-3	TRBJ2-7	1
CASSPSLAGGNEQFF	TRBV9	TRBJ2-1	1
CASSPSLGASGGTGELFF	TRBV4-3	TRBJ2-2	1
CASSPSLGLGMGRETQYF	TRBV3-1	TRBJ2-5	1
CASSPSLGNQPQHF	TRBV12-4	TRBJ1-5	1
CASSPSLGQGETNEQFF	TRBV7-3	TRBJ2-1	1
CASSPSLGTGGGLQFF	TRBV6-5	TRBJ2-1	1
CASSPSLLEGNSYEQYF	TRBV5-1	TRBJ2-7	1
CASSPSLLNEQYF	TRBV7-8	TRBJ2-7	1
CASSPSLQEQYF	TRBV11-2	TRBJ2-7	1
CASSPSLRDPEETQYF	TRBV14	TRBJ2-5	1
CASSPSLTSGEETQYF	TRBV11-2	TRBJ2-5	1
CASSPSLYLTDTQYF	TRBV18	TRBJ2-3	1
CASSPSMTGIMSDEQFF	TRBV6-5	TRBJ2-1	1
CASSPSNDEQYF	TRBV4-1	TRBJ2-7	1
CASSPSNNEQFF	TRBV7-8	TRBJ2-1	1
CASSPSNSGPIQQFF	TRBV9	TRBJ2-1	1
CASSPSPANYGYTF	TRBV28	TRBJ1-2	1
CASSPSPASDTDTQYF	TRBV4-3	TRBJ2-3	2
CASSPSPDSSYEQYF	TRBV27	TRBJ2-7	1
CASSPSPGEAFF	TRBV12-4	TRBJ1-1	1
CASSPSPGEGYEQYF	TRBV4-3	TRBJ2-7	1
CASSPSPGETQYF	TRBV7-3	TRBJ2-5	1
CASSPSPGGELFF	TRBV5-1	TRBJ2-2	1
CASSPSPGGGVATQYF	TRBV7-8	TRBJ2-5	1
CASSPSPGGKPGGYTF	TRBV2	TRBJ1-2	1
CASSPSPGGQPQHF	TRBV6-5	TRBJ1-5	1
CASSPSPGLFNEQFF	TRBV19	TRBJ2-1	1
CASSPSPGLILENYGYTF	TRBV6-5	TRBJ1-2	1
CASSPSPGQGENTEAFF	TRBV18	TRBJ1-1	1
CASSPSPIPIDTQYF	TRBV27	TRBJ2-3	1
CASSPSPNGEQYF	TRBV6-4	TRBJ2-7	1
CASSPSPRLASPLHF	TRBV18	TRBJ1-6	1
CASSPSPRVEKYTEAFF	TRBV5-6	TRBJ1-1	2
CASSPSPWGDPLYGYTF	TRBV7-2	TRBJ1-2	1
CASSPSPYEQYF	TRBV14	TRBJ2-7	1
CASSPSPYEQYF	TRBV19	TRBJ2-7	1
CASSPSQGLLQPQHF	TRBV4-1	TRBJ1-5	1
CASSPSQGSSGNTIYF	TRBV7-6	TRBJ1-3	1
CASSPSQGVDEKLFF	TRBV6-5	TRBJ1-4	1
CASSPSQPRHHTEAFF	TRBV4-1	TRBJ1-1	1
CASSPSRDHYNEQFF	TRBV5-5	TRBJ2-1	1
CASSPSRDSGSHEKLFF	TRBV5-1	TRBJ1-4	1
CASSPSREGRLYEQYF	TRBV9	TRBJ2-7	1
CASSPSRELETQYF	TRBV25-1	TRBJ2-5	1
CASSPSREQYF	TRBV6-6	TRBJ2-7	1
CASSPSREWGYNEQFF	TRBV3-1	TRBJ2-1	1
CASSPSRGGYYEQYF	TRBV27	TRBJ2-7	1
CASSPSRGPNEKLFF	TRBV27	TRBJ1-4	1
CASSPSRGSWMSDTGELFF	TRBV5-4	TRBJ2-2	1
CASSPSRLGQPYGYTF	TRBV4-1	TRBJ1-2	1
CASSPSRPWGPHSNTGELFF	TRBV27	TRBJ2-2	1
CASSPSRQARNTGELFF	TRBV18	TRBJ2-2	1
CASSPSRQGVPGETQYF	TRBV18	TRBJ2-5	1
CASSPSRSGADTQYF	TRBV4-1	TRBJ2-3	2
CASSPSRTASGNTIYF	TRBV18	TRBJ1-3	1
CASSPSSADTQYF	TRBV4-3	TRBJ2-3	1
CASSPSSAGGHNEQFF	TRBV28	TRBJ2-1	1
CASSPSSDDEQFF	TRBV7-3	TRBJ2-1	1
CASSPSSGALDYGYTF	TRBV12-4	TRBJ1-2	1
CASSPSSGGAGETQYF	TRBV7-2	TRBJ2-5	1
CASSPSSGGQPHYNEQFF	TRBV27	TRBJ2-1	1
CASSPSSGNTIYF	TRBV7-9	TRBJ1-3	1
CASSPSSGSYNEQFF	TRBV7-8	TRBJ2-1	4
CASSPSSGTGETQYF	TRBV28	TRBJ2-5	1
CASSPSSRGRGSEQFF	TRBV7-9	TRBJ2-1	1
CASSPSSSGANVLTF	TRBV7-8	TRBJ2-6	1
CASSPSSSPDGFGYTF	TRBV9	TRBJ1-2	1
CASSPSSSYEQYF	TRBV12-4	TRBJ2-7	1
CASSPSSTEAFF	TRBV7-9	TRBJ1-1	1
CASSPSSYEQYF	TRBV12-4	TRBJ2-7	1
CASSPSSYEQYF	TRBV27	TRBJ2-7	2
CASSPSSYEQYF	TRBV7-2	TRBJ2-7	9
CASSPSTDTEAFF	TRBV4-3	TRBJ1-1	1
CASSPSTDTQYF	TRBV12-3	TRBJ2-3	1
CASSPSTDTQYF	TRBV27	TRBJ2-3	2
CASSPSTGAHEQYF	TRBV5-6	TRBJ2-7	1
CASSPSTGETAEAFF	TRBV9	TRBJ1-1	1
CASSPSTGGATNEKLFF	TRBV6-6	TRBJ1-4	1
CASSPSTGGVYGYTF	TRBV18	TRBJ1-2	1
CASSPSTGIGYEQYF	TRBV4-3	TRBJ2-7	3
CASSPSTGLPQHF	TRBV18	TRBJ1-5	1
CASSPSTGTDHEQFF	TRBV28	TRBJ2-1	1
CASSPSTGTGVYNEQFF	TRBV7-3	TRBJ2-1	1
CASSPSTGTYYEQYF	TRBV7-2	TRBJ2-7	1
CASSPSTTSNSYEQYF	TRBV11-2	TRBJ2-7	1
CASSPSVAYEQYF	TRBV4-1	TRBJ2-7	1
CASSPSVGDTYEQYF	TRBV27	TRBJ2-7	1
CASSPSVGQGDGYTF	TRBV7-9	TRBJ1-2	1
CASSPSVRTDTQYF	TRBV18	TRBJ2-3	1
CASSPSVYEQFF	TRBV3-1	TRBJ2-1	1
CASSPSWGGTYEQYF	TRBV4-1	TRBJ2-7	1
CASSPSWGSTEAFF	TRBV21-1	TRBJ1-1	1
CASSPSWQGEKDTQYF	TRBV18	TRBJ2-3	1
CASSPSWSTNEKLFF	TRBV5-1	TRBJ1-4	1
CASSPSYEGRPQETQYF	TRBV18	TRBJ2-5	1
CASSPSYEQYF	TRBV5-5	TRBJ2-7	1
CASSPSYLPGQTQETQYF	TRBV7-6	TRBJ2-5	1
CASSPTAGEVANYGYTF	TRBV28	TRBJ1-2	1
CASSPTAGGRDEQFF	TRBV7-3	TRBJ2-1	1
CASSPTAHQGSPLHF	TRBV4-1	TRBJ1-6	1
CASSPTAQPWSYEQYF	TRBV5-5	TRBJ2-7	1
CASSPTASGPYSYNEQFF	TRBV13	TRBJ2-1	1
CASSPTDFSYEQYF	TRBV4-1	TRBJ2-7	1
CASSPTDGYEQYF	TRBV7-9	TRBJ2-7	1
CASSPTDKNTEAFF	TRBV18	TRBJ1-1	1
CASSPTDRVGRDTQYF	TRBV7-9	TRBJ2-3	1
CASSPTDSIQETQYF	TRBV4-1	TRBJ2-5	1
CASSPTDSQETQYF	TRBV18	TRBJ2-5	1
CASSPTDSYEQYF	TRBV4-3	TRBJ2-7	1
CASSPTDTKSYGYTF	TRBV5-4	TRBJ1-2	1
CASSPTDYTGWRF	TRBV7-9	TRBJ2-1	1
CASSPTEETQYF	TRBV12-4	TRBJ2-5	1
CASSPTEGWEYNSPLHF	TRBV6-3	TRBJ1-6	1
CASSPTENTEAFF	TRBV9	TRBJ1-1	1
CASSPTEVYEQYF	TRBV6-6	TRBJ2-7	1
CASSPTFYGVMDEQFF	TRBV11-2	TRBJ2-1	1
CASSPTGAGGHEQFF	TRBV9	TRBJ2-1	1
CASSPTGAGPYGYTF	TRBV14	TRBJ1-2	1
CASSPTGAGQPQHF	TRBV12-4	TRBJ1-5	1
CASSPTGAPDTQYF	TRBV7-9	TRBJ2-3	1
CASSPTGAPSYEQYF	TRBV7-9	TRBJ2-7	1
CASSPTGARDTQYF	TRBV7-9	TRBJ2-3	1
CASSPTGASYNEQFF	TRBV28	TRBJ2-1	1
CASSPTGASYTEAFF	TRBV7-9	TRBJ1-1	1
CASSPTGAWVNEQYF	TRBV7-9	TRBJ2-7	1
CASSPTGDGYTF	TRBV5-4	TRBJ1-2	1
CASSPTGDGYYNEQFF	TRBV28	TRBJ2-1	1
CASSPTGDTQYF	TRBV7-3	TRBJ2-3	1
CASSPTGEDYGYTF	TRBV7-3	TRBJ1-2	1
CASSPTGEHTAAFF	TRBV7-6	TRBJ1-1	1
CASSPTGENQPQHF	TRBV9	TRBJ1-5	1
CASSPTGFDGYTF	TRBV10-2	TRBJ1-2	1
CASSPTGFF	TRBV12-3	TRBJ2-1	2
CASSPTGFSSYEQYF	TRBV7-9	TRBJ2-7	1
CASSPTGGASNEQYF	TRBV12-3	TRBJ2-7	1
CASSPTGGDLGNEQFF	TRBV12-4	TRBJ2-1	1
CASSPTGGDSAYEQYF	TRBV27	TRBJ2-7	1
CASSPTGGEQYF	TRBV9	TRBJ2-7	1
CASSPTGGGNQPQHF	TRBV6-6	TRBJ1-5	1
CASSPTGGKSGELFF	TRBV7-6	TRBJ2-2	1
CASSPTGGLGPYEQYF	TRBV18	TRBJ2-7	1
CASSPTGGMNSPLHF	TRBV12-4	TRBJ1-6	1
CASSPTGGPADTQYF	TRBV18	TRBJ2-3	1
CASSPTGGPGNTIYF	TRBV9	TRBJ1-3	1
CASSPTGGPYEQYF	TRBV7-3	TRBJ2-7	1
CASSPTGGQLHF	TRBV7-9	TRBJ1-6	1
CASSPTGGRPLHF	TRBV6-5	TRBJ1-6	1
CASSPTGGRYGYTF	TRBV4-3	TRBJ1-2	1
CASSPTGGSSGANVLTF	TRBV9	TRBJ2-6	1
CASSPTGGSYNEQFF	TRBV19	TRBJ2-1	1
CASSPTGGTEAFF	TRBV9	TRBJ1-1	1
CASSPTGGTEKLFF	TRBV12-4	TRBJ1-4	1
CASSPTGGTNEKLFF	TRBV7-3	TRBJ1-4	1
CASSPTGGYSLYEQYF	TRBV7-9	TRBJ2-7	1
CASSPTGIGNTIYF	TRBV14	TRBJ1-3	1
CASSPTGINQPQHF	TRBV7-9	TRBJ1-5	1
CASSPTGLAAYNEQFF	TRBV27	TRBJ2-1	1
CASSPTGLAGAYEQYF	TRBV3-1	TRBJ2-7	1
CASSPTGLAGRNEQFF	TRBV6-3	TRBJ2-1	1
CASSPTGLANTGELFF	TRBV7-9	TRBJ2-2	1
CASSPTGLEAFF	TRBV6-6	TRBJ1-1	2
CASSPTGLEDTQYF	TRBV6-1	TRBJ2-3	1
CASSPTGLGNQPQHF	TRBV18	TRBJ1-5	1
CASSPTGLGQPQHF	TRBV28	TRBJ1-5	2
CASSPTGLGSDNEQFF	TRBV28	TRBJ2-1	1
CASSPTGLGTEAFF	TRBV28	TRBJ1-1	2
CASSPTGLLNEQFF	TRBV10-1	TRBJ2-1	1
CASSPTGLNSPLHF	TRBV6-5	TRBJ1-6	1
CASSPTGLNTEAFF	TRBV18	TRBJ1-1	1
CASSPTGLRVQETQYF	TRBV27	TRBJ2-5	1
CASSPTGLSQPQHF	TRBV27	TRBJ1-5	1
CASSPTGMHPDTQYF	TRBV27	TRBJ2-3	1
CASSPTGNPPETQYF	TRBV18	TRBJ2-5	1
CASSPTGPTYEQYF	TRBV28	TRBJ2-7	1
CASSPTGQDTGELFF	TRBV6-3	TRBJ2-2	1
CASSPTGQGAANYGYTF	TRBV28	TRBJ1-2	1
CASSPTGQGITGELFF	TRBV5-6	TRBJ2-2	1
CASSPTGQNPYEQYF	TRBV13	TRBJ2-7	1
CASSPTGREQFF	TRBV7-2	TRBJ2-1	1
CASSPTGRLEYGYTF	TRBV6-5	TRBJ1-2	1
CASSPTGSDEQYF	TRBV18	TRBJ2-7	1
CASSPTGSDTGELFF	TRBV6-4	TRBJ2-2	1
CASSPTGSGGFDTQYF	TRBV7-2	TRBJ2-3	1
CASSPTGSNQPQHF	TRBV27	TRBJ1-5	1
CASSPTGSNQPQHF	TRBV6-5	TRBJ1-5	1
CASSPTGSSYEQYF	TRBV19	TRBJ2-7	1
CASSPTGSSYEQYF	TRBV6-6	TRBJ2-7	1
CASSPTGSSYNSPLHF	TRBV5-6	TRBJ1-6	1
CASSPTGSTGEEQYF	TRBV13	TRBJ2-7	1
CASSPTGSYGYTF	TRBV12-4	TRBJ1-2	1
CASSPTGSYTEAFF	TRBV18	TRBJ1-1	1
CASSPTGTAYGYTF	TRBV27	TRBJ1-2	6
CASSPTGTGAHEQYF	TRBV5-5	TRBJ2-7	1
CASSPTGTGDYNEQFF	TRBV9	TRBJ2-1	1
CASSPTGTGETQYF	TRBV7-2	TRBJ2-5	1
CASSPTGTGLYEQYF	TRBV6-5	TRBJ2-7	1
CASSPTGTQSYEQYF	TRBV19	TRBJ2-7	1
CASSPTGTSGIWQYF	TRBV7-2	TRBJ2-7	1
CASSPTGTSVPYEQFF	TRBV2	TRBJ2-1	1
CASSPTGTYEQYF	TRBV7-8	TRBJ2-7	1
CASSPTGVGQPQHF	TRBV28	TRBJ1-5	1
CASSPTGVGQPQHF	TRBV6-3	TRBJ1-5	1
CASSPTGVGVDEQYF	TRBV6-5	TRBJ2-7	1
CASSPTGVGYEQYF	TRBV6-5	TRBJ2-7	1
CASSPTGWEKLFF	TRBV12-4	TRBJ1-4	1
CASSPTGYEQYF	TRBV12-4	TRBJ2-7	1
CASSPTGYHQPQHF	TRBV6-6	TRBJ1-5	3
CASSPTGYNEQFF	TRBV28	TRBJ2-1	1
CASSPTLAASTDTQYF	TRBV7-3	TRBJ2-3	1
CASSPTLAGGVYEQYF	TRBV12-4	TRBJ2-7	1
CASSPTLAGLAKNIQYF	TRBV7-6	TRBJ2-4	1
CASSPTLAVTGKLFF	TRBV4-3	TRBJ1-4	1
CASSPTLDPTGEQYF	TRBV7-3	TRBJ2-7	1
CASSPTLGLPTDTQYF	TRBV6-3	TRBJ2-3	1
CASSPTLGRTYEQYF	TRBV28	TRBJ2-7	1
CASSPTLLAETQYF	TRBV4-3	TRBJ2-5	1
CASSPTLRGGLNEQYF	TRBV19	TRBJ2-7	1
CASSPTLSPHTDTQYF	TRBV3-1	TRBJ2-3	1
CASSPTLTGTEKLFF	TRBV11-1	TRBJ1-4	1
CASSPTLTSGGANEQFF	TRBV5-6	TRBJ2-1	1
CASSPTMGETQYF	TRBV12-3	TRBJ2-5	1
CASSPTMGYGYTF	TRBV12-4	TRBJ1-2	1
CASSPTMNTEAFF	TRBV4-1	TRBJ1-1	1
CASSPTNEAFF	TRBV9	TRBJ1-1	1
CASSPTNEKLFF	TRBV28	TRBJ1-4	1
CASSPTNQPQHF	TRBV6-3	TRBJ1-5	1
CASSPTPAYSGGTSYEQYF	TRBV19	TRBJ2-7	1
CASSPTPGLAGGGETQYF	TRBV7-3	TRBJ2-5	1
CASSPTPGQRHTDTQYF	TRBV12-4	TRBJ2-3	1
CASSPTPGWGETQYF	TRBV9	TRBJ2-5	1
CASSPTPLTGSFSNQPQHF	TRBV7-2	TRBJ1-5	1
CASSPTPLYNEQFF	TRBV12-3	TRBJ2-1	1
CASSPTPPSSYNEQFF	TRBV7-7	TRBJ2-1	1
CASSPTPSGYEQYF	TRBV7-3	TRBJ2-7	4
CASSPTPTGSSTDTQYF	TRBV9	TRBJ2-3	1
CASSPTPTGSTEAFF	TRBV4-2	TRBJ1-1	1
CASSPTPTSGRVYEQYF	TRBV7-9	TRBJ2-7	1
CASSPTPVGGPLHF	TRBV7-9	TRBJ1-6	1
CASSPTQETGYNEQFF	TRBV7-9	TRBJ2-1	1
CASSPTQGAGDTQYF	TRBV4-3	TRBJ2-3	1
CASSPTQGAREQYF	TRBV7-8	TRBJ2-7	1
CASSPTQGATGELFF	TRBV4-1	TRBJ2-2	1
CASSPTQGGMNTEAFF	TRBV28	TRBJ1-1	1
CASSPTQGQPQHF	TRBV6-5	TRBJ1-5	1
CASSPTQNRRSGELFF	TRBV7-3	TRBJ2-2	1
CASSPTQTSGHTDTQYF	TRBV11-2	TRBJ2-3	1
CASSPTRAGNEQFF	TRBV7-3	TRBJ2-1	1
CASSPTRDNEQFF	TRBV13	TRBJ2-1	1
CASSPTRDTEAFF	TRBV18	TRBJ1-1	1
CASSPTRGFTSYEQYF	TRBV11-2	TRBJ2-7	1
CASSPTRGLAKNIQYF	TRBV18	TRBJ2-4	1
CASSPTRGPSTDTQYF	TRBV7-9	TRBJ2-3	1
CASSPTRGQGSYEQYF	TRBV28	TRBJ2-7	1
CASSPTRGRKNTGELFF	TRBV25-1	TRBJ2-2	1
CASSPTRGVYWGYTF	TRBV7-8	TRBJ1-2	1
CASSPTRPANTGELFF	TRBV18	TRBJ2-2	1
CASSPTRQGHTQYF	TRBV7-2	TRBJ2-3	1
CASSPTRSPYNEQFF	TRBV19	TRBJ2-1	1
CASSPTRSYGYTF	TRBV27	TRBJ1-2	1
CASSPTRTSGSILDEQFF	TRBV7-8	TRBJ2-1	1
CASSPTSFGEQFF	TRBV6-3	TRBJ2-1	1
CASSPTSGDEQFF	TRBV12-4	TRBJ2-1	1
CASSPTSGDNEQFF	TRBV5-4	TRBJ2-1	1
CASSPTSGGGDEQYF	TRBV18	TRBJ2-7	1
CASSPTSGGGFRETQYF	TRBV9	TRBJ2-5	1
CASSPTSGGLLYEQYF	TRBV27	TRBJ2-7	1
CASSPTSGGTNEQFF	TRBV6-4	TRBJ2-1	1
CASSPTSGGVYEQYF	TRBV7-2	TRBJ2-7	1
CASSPTSGGYEQYF	TRBV4-3	TRBJ2-7	1
CASSPTSGGYEQYF	TRBV5-1	TRBJ2-7	1
CASSPTSGGYNEQFF	TRBV19	TRBJ2-1	2
CASSPTSGISNEQFF	TRBV7-2	TRBJ2-1	1
CASSPTSGNTDTQYF	TRBV18	TRBJ2-3	1
CASSPTSGRAGGLNEQFF	TRBV4-3	TRBJ2-1	1
CASSPTSGRTWDEQFF	TRBV9	TRBJ2-1	1
CASSPTSGSYNEQFF	TRBV7-2	TRBJ2-1	1
CASSPTSGSYNEQFF	TRBV7-3	TRBJ2-1	1
CASSPTSGTGNEQFF	TRBV7-7	TRBJ2-1	1
CASSPTSLYQYF	TRBV27	TRBJ2-3	1
CASSPTSNNEQFF	TRBV12-4	TRBJ2-1	1
CASSPTSNTEAFF	TRBV19	TRBJ1-1	27
CASSPTSNTGELFF	TRBV7-2	TRBJ2-2	1
CASSPTSRRAKNIQYF	TRBV9	TRBJ2-4	1
CASSPTSSSTDTQYF	TRBV4-3	TRBJ2-3	1
CASSPTSTDTQYF	TRBV28	TRBJ2-3	1
CASSPTSTGELFF	TRBV9	TRBJ2-2	1
CASSPTSYYEQYF	TRBV19	TRBJ2-7	1
CASSPTTDTQYF	TRBV3-1	TRBJ2-3	1
CASSPTTGEDNEQFF	TRBV7-6	TRBJ2-1	1
CASSPTTGEESYNSPLHF	TRBV19	TRBJ1-6	1
CASSPTTGGRNEKLFF	TRBV19	TRBJ1-4	1
CASSPTTGKLTGELFF	TRBV7-9	TRBJ2-2	1
CASSPTTGNTEAFF	TRBV4-1	TRBJ1-1	1
CASSPTTGPYNEQFF	TRBV6-6	TRBJ2-1	1
CASSPTTGSNQPQHF	TRBV4-1	TRBJ1-5	1
CASSPTTGSYNSPLHF	TRBV9	TRBJ1-6	1
CASSPTTGYEQYF	TRBV27	TRBJ2-7	1
CASSPTTGYTEAFF	TRBV7-9	TRBJ1-1	1
CASSPTTITDTQYF	TRBV28	TRBJ2-3	1
CASSPTTRDREDYGYTF	TRBV12-4	TRBJ1-2	1
CASSPTTSYEQYF	TRBV7-9	TRBJ2-7	1
CASSPTTTSGAPYEQYF	TRBV27	TRBJ2-7	1
CASSPTVADTQYF	TRBV7-2	TRBJ2-3	1
CASSPTVAGAQETQYF	TRBV27	TRBJ2-5	1
CASSPTVASDEQFF	TRBV5-1	TRBJ2-1	1
CASSPTVATNEKLFF	TRBV5-6	TRBJ1-4	1
CASSPTVGAYEQYF	TRBV11-2	TRBJ2-7	1
CASSPTVGNEKLFF	TRBV7-6	TRBJ1-4	1
CASSPTVKNEAFF	TRBV27	TRBJ1-1	1
CASSPTVLGRLTQYF	TRBV6-5	TRBJ2-5	1
CASSPTVNTEAFF	TRBV12-4	TRBJ1-1	1
CASSPTVTHEQFF	TRBV4-1	TRBJ2-1	1
CASSPTVTYNEQFF	TRBV5-8	TRBJ2-1	1
CASSPTWGSTGELFF	TRBV7-9	TRBJ2-2	1
CASSPTWIHEQYF	TRBV6-3	TRBJ2-7	1
CASSPTWNQETQYF	TRBV27	TRBJ2-5	1
CASSPTWPPSSSGYTF	TRBV5-1	TRBJ1-2	1
CASSPTWSGEKLFF	TRBV5-1	TRBJ1-4	1
CASSPTWSTVLLWPQHF	TRBV4-3	TRBJ1-5	1
CASSPTYGSYEQYF	TRBV7-3	TRBJ2-7	1
CASSPTYMDRVEEQYF	TRBV5-6	TRBJ2-7	1
CASSPTYPSSYNEQFF	TRBV9	TRBJ2-1	1
CASSPTYTGELFF	TRBV11-2	TRBJ2-2	1
CASSPTYTRDRGMNF	TRBV2	TRBJ2-7	1
CASSPVADTQYF	TRBV6-6	TRBJ2-3	1
CASSPVAGANEQFF	TRBV3-1	TRBJ2-1	1
CASSPVAGESSYEQYF	TRBV18	TRBJ2-7	1
CASSPVAGGLIEKLFF	TRBV7-2	TRBJ1-4	1
CASSPVALGGSYNEQFF	TRBV27	TRBJ2-1	1
CASSPVDRGQDEQYF	TRBV5-1	TRBJ2-7	4
CASSPVDRGYSYGYTF	TRBV9	TRBJ1-2	1
CASSPVEGANVLTF	TRBV7-6	TRBJ2-6	1
CASSPVEGLTYNEQFF	TRBV3-1	TRBJ2-1	1
CASSPVELTGSGANVLTF	TRBV18	TRBJ2-6	1
CASSPVERESHEQYF	TRBV28	TRBJ2-7	1
CASSPVEVWRGELYEQYF	TRBV7-2	TRBJ2-7	1
CASSPVGDIGYEQYF	TRBV6-5	TRBJ2-7	1
CASSPVGEGLDTDTQYF	TRBV7-2	TRBJ2-3	1
CASSPVGGFFEQYF	TRBV9	TRBJ2-7	1
CASSPVGGGGATLADTQYF	TRBV4-3	TRBJ2-3	1
CASSPVGGGRGETQYF	TRBV18	TRBJ2-5	1
CASSPVGGGSYEQYF	TRBV5-1	TRBJ2-7	1
CASSPVGGGTQYF	TRBV6-5	TRBJ2-3	1
CASSPVGGGYNEQFF	TRBV7-6	TRBJ2-1	1
CASSPVGGQRGYEQYF	TRBV3-1	TRBJ2-7	1
CASSPVGGSSTDTQYF	TRBV9	TRBJ2-3	1
CASSPVGGTDTQYF	TRBV7-3	TRBJ2-3	1
CASSPVGLAGGALLYNEQFF	TRBV7-2	TRBJ2-1	1
CASSPVGLGYGYTF	TRBV28	TRBJ1-2	1
CASSPVGPLAEISYEQYF	TRBV19	TRBJ2-7	1
CASSPVGRGASSAEKLFF	TRBV12-4	TRBJ1-4	1
CASSPVGRSGADYEQYF	TRBV27	TRBJ2-7	1
CASSPVGSSSYEQYF	TRBV9	TRBJ2-7	1
CASSPVGTGANVLTF	TRBV6-3	TRBJ2-6	1
CASSPVGTTNEKLFF	TRBV27	TRBJ1-4	1
CASSPVGVNTEAFF	TRBV19	TRBJ1-1	1
CASSPVGVYEQFF	TRBV5-4	TRBJ2-1	1
CASSPVHLFYNEQFF	TRBV27	TRBJ2-1	1
CASSPVILTSGASYEQYF	TRBV18	TRBJ2-7	2
CASSPVISTDTQYF	TRBV7-9	TRBJ2-3	1
CASSPVKGNYGYTF	TRBV5-5	TRBJ1-2	1
CASSPVLAGDTDTQYF	TRBV11-2	TRBJ2-3	1
CASSPVLAGPSYNEQFF	TRBV7-2	TRBJ2-1	1
CASSPVLDPNTGELFF	TRBV7-7	TRBJ2-2	1
CASSPVLFDSPLHF	TRBV6-5	TRBJ1-6	1
CASSPVLGDYEQYF	TRBV4-3	TRBJ2-7	1
CASSPVLGGNEQFF	TRBV7-2	TRBJ2-1	1
CASSPVNTEAFF	TRBV6-3	TRBJ1-1	1
CASSPVPGGTEAFF	TRBV7-3	TRBJ1-1	1
CASSPVPGYGYTF	TRBV7-2	TRBJ1-2	1
CASSPVPLSSYEQYF	TRBV7-2	TRBJ2-7	1
CASSPVQGFYNEQFF	TRBV4-3	TRBJ2-1	1
CASSPVRDRGYEQYF	TRBV27	TRBJ2-7	1
CASSPVRGDNEQFF	TRBV5-1	TRBJ2-1	1
CASSPVRGNQPQHF	TRBV7-8	TRBJ1-5	1
CASSPVSGDEKLFF	TRBV4-1	TRBJ1-4	2
CASSPVSHYPPLYYGYTF	TRBV7-9	TRBJ1-2	1
CASSPVSQGANSGNTIYF	TRBV18	TRBJ1-3	17
CASSPVTGELFF	TRBV11-1	TRBJ2-2	1
CASSPVTGGGSGANVLTF	TRBV7-9	TRBJ2-6	12
CASSPVTGWGAYEQYF	TRBV7-9	TRBJ2-7	1
CASSPVVAGREGTQYF	TRBV11-1	TRBJ2-5	1
CASSPVVAVYNEQFF	TRBV7-3	TRBJ2-1	1
CASSPVVRYNEQFF	TRBV4-3	TRBJ2-1	1
CASSPVVSTDTQYF	TRBV6-5	TRBJ2-3	1
CASSPVVTSGSGTDTQYF	TRBV5-4	TRBJ2-3	1
CASSPVWYRGSREQYF	TRBV5-5	TRBJ2-7	1
CASSPWAGFYGYTF	TRBV7-9	TRBJ1-2	1
CASSPWAPTSGRAGADTQYF	TRBV28	TRBJ2-3	1
CASSPWASGGPSRETQYF	TRBV7-3	TRBJ2-5	1
CASSPWDILHYGYTF	TRBV7-2	TRBJ1-2	1
CASSPWDIPEQYF	TRBV9	TRBJ2-7	1
CASSPWDQSSYNEQFF	TRBV4-3	TRBJ2-1	1
CASSPWDRAQETQYF	TRBV9	TRBJ2-5	1
CASSPWDRAYEQYF	TRBV4-3	TRBJ2-7	1
CASSPWDRNVYTF	TRBV12-3	TRBJ1-2	1
CASSPWDSKYNSPLHF	TRBV7-2	TRBJ1-6	1
CASSPWDSPANTGELFF	TRBV12-4	TRBJ2-2	1
CASSPWDSPTYGYTF	TRBV27	TRBJ1-2	1
CASSPWDTWNTEAFF	TRBV6-3	TRBJ1-1	1
CASSPWGAGELFF	TRBV9	TRBJ2-2	1
CASSPWGAHEQYF	TRBV7-9	TRBJ2-7	1
CASSPWGDNTGELFF	TRBV5-1	TRBJ2-2	1
CASSPWGEDEQYF	TRBV9	TRBJ2-7	1
CASSPWGEETQYF	TRBV12-4	TRBJ2-5	1
CASSPWGFSNQPQHF	TRBV6-5	TRBJ1-5	1
CASSPWGGESQETQYF	TRBV7-3	TRBJ2-5	1
CASSPWGGGLTGTQYF	TRBV3-1	TRBJ2-3	1
CASSPWGGGSYEQYF	TRBV4-3	TRBJ2-7	1
CASSPWGGQETQYF	TRBV7-7	TRBJ2-5	1
CASSPWGLAGGMQFF	TRBV5-6	TRBJ2-1	1
CASSPWGNNEQFF	TRBV6-6	TRBJ2-1	1
CASSPWGNTGELFF	TRBV7-2	TRBJ2-2	1
CASSPWGRGSTNEKLFF	TRBV7-9	TRBJ1-4	1
CASSPWGRSYNEQFF	TRBV18	TRBJ2-1	1
CASSPWGRYEQYF	TRBV28	TRBJ2-7	1
CASSPWGTGHNEQFF	TRBV19	TRBJ2-1	1
CASSPWGTIYF	TRBV28	TRBJ1-3	1
CASSPWGVAYEQYF	TRBV13	TRBJ2-7	1
CASSPWGVSNQPQHF	TRBV9	TRBJ1-5	1
CASSPWMGASEDTEAFF	TRBV11-2	TRBJ1-1	1
CASSPWRDLGGTDTQYF	TRBV5-1	TRBJ2-3	1
CASSPWRGDQPQHF	TRBV27	TRBJ1-5	1
CASSPWRGVCTGELFF	TRBV18	TRBJ2-2	1
CASSPWSGNQPQHF	TRBV7-2	TRBJ1-5	1
CASSPWSRETQYF	TRBV5-4	TRBJ2-5	1
CASSPWTADQPQHF	TRBV27	TRBJ1-5	1
CASSPWTADTQYF	TRBV5-6	TRBJ2-3	1
CASSPWTDYNEQFF	TRBV4-3	TRBJ2-1	1
CASSPWTETGELFF	TRBV11-3	TRBJ2-2	1
CASSPWTGARWEQYF	TRBV6-1	TRBJ2-7	1
CASSPWTGDLNTEAFF	TRBV27	TRBJ1-1	1
CASSPWTGGGELFF	TRBV7-2	TRBJ2-2	1
CASSPWTGGRETQYF	TRBV7-8	TRBJ2-5	1
CASSPWTGGRNIQYF	TRBV4-3	TRBJ2-4	1
CASSPWTGMNTEAFF	TRBV27	TRBJ1-1	1
CASSPWTGNEQFF	TRBV18	TRBJ2-1	1
CASSPWTGRDSNQPQHF	TRBV11-2	TRBJ1-5	1
CASSPWTGTNTEAFF	TRBV4-1	TRBJ1-1	1
CASSPWTGTPGNTIYF	TRBV11-2	TRBJ1-3	1
CASSPWTGVVETQYF	TRBV4-1	TRBJ2-5	1
CASSPWTNYNEQFF	TRBV11-3	TRBJ2-1	1
CASSPWTSAGETQYF	TRBV9	TRBJ2-5	1
CASSPWTSGGTSTDTQYF	TRBV6-5	TRBJ2-3	1
CASSPWVAGGQETQYF	TRBV7-2	TRBJ2-5	1
CASSPWVSGGGGNEQFF	TRBV4-3	TRBJ2-1	1
CASSPWYSSYNSPLHF	TRBV11-2	TRBJ1-6	1
CASSPYAGVSSYEQYF	TRBV7-2	TRBJ2-7	1
CASSPYDSTLDEQYF	TRBV3-1	TRBJ2-7	1
CASSPYFLEKLFF	TRBV28	TRBJ1-4	1
CASSPYGDETGFTFNQPQHF	TRBV12-4	TRBJ1-5	1
CASSPYGDRRNNEQFF	TRBV6-1	TRBJ2-1	1
CASSPYGGGPEQYF	TRBV9	TRBJ2-7	1
CASSPYGLAGAAGELFF	TRBV27	TRBJ2-2	1
CASSPYGLAGGSDTQYF	TRBV13	TRBJ2-3	1
CASSPYGLNEQYF	TRBV4-3	TRBJ2-7	1
CASSPYGPGQESTGELFF	TRBV18	TRBJ2-2	1
CASSPYGTGNKNEQFF	TRBV7-2	TRBJ2-1	1
CASSPYGWAKETQYF	TRBV7-3	TRBJ2-5	1
CASSPYIATDTQYF	TRBV3-1	TRBJ2-3	1
CASSPYLAESYEQYF	TRBV7-2	TRBJ2-7	1
CASSPYLDIAGYEQYF	TRBV27	TRBJ2-7	1
CASSPYLSSYNEQFF	TRBV11-2	TRBJ2-1	1
CASSPYMSQDEQYF	TRBV9	TRBJ2-7	1
CASSPYPGLELAGGHNEQFF	TRBV7-8	TRBJ2-1	1
CASSPYPGQGYEQYF	TRBV4-3	TRBJ2-7	1
CASSPYPGTGAGYTF	TRBV7-3	TRBJ1-2	1
CASSPYPNTEAFF	TRBV12-4	TRBJ1-1	1
CASSPYPPQTTEHNEQFF	TRBV6-1	TRBJ2-1	1
CASSPYQGNYGYTF	TRBV7-8	TRBJ1-2	1
CASSPYREGGEAFF	TRBV5-1	TRBJ1-1	1
CASSPYRGPSPLHF	TRBV12-3	TRBJ1-6	1
CASSPYRGQQETQYF	TRBV27	TRBJ2-5	1
CASSPYRNTEAFF	TRBV9	TRBJ1-1	1
CASSPYRVATGNTIYF	TRBV14	TRBJ1-3	1
CASSPYSALSYNEQFF	TRBV11-1	TRBJ2-1	1
CASSPYSDKNIQYF	TRBV5-4	TRBJ2-4	1
CASSPYSGKETQYF	TRBV11-2	TRBJ2-5	1
CASSPYSGLADTQYF	TRBV4-3	TRBJ2-3	1
CASSPYSGMNTEAFF	TRBV18	TRBJ1-1	1
CASSPYTDRDTATNEKLFF	TRBV18	TRBJ1-4	1
CASSPYTEAFF	TRBV7-9	TRBJ1-1	1
CASSPYTGRSEQYF	TRBV7-2	TRBJ2-7	1
CASSPYWGADSPLHF	TRBV7-2	TRBJ1-6	1
CASSPYWGAEYNEQFF	TRBV7-9	TRBJ2-1	1
CASSQAAGDNEKLFF	TRBV14	TRBJ1-4	3
CASSQAAGGYEQYF	TRBV4-3	TRBJ2-7	1
CASSQAAGKNEQYF	TRBV7-2	TRBJ2-7	1
CASSQAAGMLIYEQYF	TRBV4-2	TRBJ2-7	1
CASSQAANTGELFF	TRBV4-3	TRBJ2-2	1
CASSQAANYGYTF	TRBV4-1	TRBJ1-2	1
CASSQAAPAGISSYEQYF	TRBV4-2	TRBJ2-7	1
CASSQAARSYEQFF	TRBV4-1	TRBJ2-1	1
CASSQAASASTDTQYF	TRBV4-2	TRBJ2-3	1
CASSQAASSRYEQYF	TRBV4-3	TRBJ2-7	1
CASSQAASSTDTQYF	TRBV4-1	TRBJ2-3	1
CASSQAAYNEQFF	TRBV7-9	TRBJ2-1	1
CASSQADQRGSSYNEQFF	TRBV3-1	TRBJ2-1	1
CASSQADRGYLYYGYTF	TRBV4-1	TRBJ1-2	1
CASSQADSPYGYTF	TRBV4-3	TRBJ1-2	1
CASSQAEELNTEAFF	TRBV4-1	TRBJ1-1	1
CASSQAEGAGTEAFF	TRBV4-3	TRBJ1-1	1
CASSQAEGQASYEQYF	TRBV4-1	TRBJ2-7	1
CASSQAEGSGHYEQYF	TRBV4-2	TRBJ2-7	1
CASSQAELTEAFF	TRBV4-1	TRBJ1-1	1
CASSQAENTEAFF	TRBV4-1	TRBJ1-1	1
CASSQAENTEAFF	TRBV4-3	TRBJ1-1	1
CASSQAERELNEQFF	TRBV4-3	TRBJ2-1	1
CASSQAERRELFF	TRBV4-3	TRBJ2-2	1
CASSQAESGGAGDTQYF	TRBV4-3	TRBJ2-3	1
CASSQAESSFLDEQFF	TRBV14	TRBJ2-1	1
CASSQAETGNTEAFF	TRBV4-3	TRBJ1-1	2
CASSQAFPDETLIYNEQFF	TRBV4-3	TRBJ2-1	1
CASSQAFWGLAGSYNEQFF	TRBV4-3	TRBJ2-1	1
CASSQAGDEQYF	TRBV4-1	TRBJ2-7	1
CASSQAGEGTEAFF	TRBV4-1	TRBJ1-1	1
CASSQAGFGETQYF	TRBV4-3	TRBJ2-5	1
CASSQAGGDTQYF	TRBV4-1	TRBJ2-3	1
CASSQAGGGGGSPYNEQFF	TRBV4-1	TRBJ2-1	1
CASSQAGGGGTTDTQYF	TRBV7-3	TRBJ2-3	1
CASSQAGGGHAGNEQFF	TRBV4-2	TRBJ2-1	1
CASSQAGGLFEQYF	TRBV4-3	TRBJ2-7	1
CASSQAGGQPQHF	TRBV14	TRBJ1-5	1
CASSQAGGSVRTDTQYF	TRBV3-1	TRBJ2-3	1
CASSQAGGTVLYGYTF	TRBV14	TRBJ1-2	1
CASSQAGGVTYEQYF	TRBV4-1	TRBJ2-7	1
CASSQAGGYGGELFF	TRBV4-1	TRBJ2-2	1
CASSQAGLKETQYF	TRBV4-1	TRBJ2-5	1
CASSQAGNEQFF	TRBV4-1	TRBJ2-1	1
CASSQAGNSFTGELFF	TRBV4-1	TRBJ2-2	1
CASSQAGPFVDEQFF	TRBV6-5	TRBJ2-1	1
CASSQAGQLYEQYF	TRBV4-2	TRBJ2-7	1
CASSQAGQTPYEQYF	TRBV4-1	TRBJ2-7	1
CASSQAGRAYGYTF	TRBV18	TRBJ1-2	1
CASSQAGRPSTDTQYF	TRBV4-3	TRBJ2-3	1
CASSQAGRVVTQYF	TRBV4-1	TRBJ2-5	1
CASSQAGSFEAFF	TRBV4-3	TRBJ1-1	1
CASSQAGSSYEQYF	TRBV7-9	TRBJ2-7	1
CASSQAGTGILMNTEAFF	TRBV4-2	TRBJ1-1	1
CASSQAGTGTYEQYF	TRBV4-1	TRBJ2-7	1
CASSQAGTNYGYTF	TRBV4-1	TRBJ1-2	1
CASSQAGTPHEQYF	TRBV4-2	TRBJ2-7	1
CASSQAGTPNTGELFF	TRBV4-3	TRBJ2-2	1
CASSQAGTSGFYEQYF	TRBV4-3	TRBJ2-7	1
CASSQAGTSNTGELFF	TRBV4-1	TRBJ2-2	1
CASSQAGTVASTDTQYF	TRBV4-1	TRBJ2-3	1
CASSQAGVTDTQYF	TRBV12-3	TRBJ2-3	1
CASSQAHPWRRSYNEQFF	TRBV4-3	TRBJ2-1	1
CASSQAHSSLDTQYF	TRBV4-3	TRBJ2-3	1
CASSQAHWGTGENTIYF	TRBV4-1	TRBJ1-3	1
CASSQAIGTGGDEQYF	TRBV4-2	TRBJ2-7	1
CASSQAIITSDPDTQYF	TRBV3-1	TRBJ2-3	1
CASSQAKGLYEQFF	TRBV4-1	TRBJ2-1	1
CASSQAKNTEAFF	TRBV4-1	TRBJ1-1	1
CASSQAKPGLSVYEQYF	TRBV14	TRBJ2-7	1
CASSQALAAEQYF	TRBV4-2	TRBJ2-7	1
CASSQALAEGPTDTQYF	TRBV3-1	TRBJ2-3	1
CASSQALAEPNEQFF	TRBV4-2	TRBJ2-1	1
CASSQALAGATDTQYF	TRBV3-1	TRBJ2-3	1
CASSQALAGDTQYF	TRBV4-2	TRBJ2-3	1
CASSQALAGGHEQFF	TRBV4-2	TRBJ2-1	1
CASSQALAREETQYF	TRBV3-1	TRBJ2-5	1
CASSQALGAPEAFF	TRBV4-2	TRBJ1-1	1
CASSQALGLAGVSEQFF	TRBV4-2	TRBJ2-1	2
CASSQALGSTEAFF	TRBV4-2	TRBJ1-1	1
CASSQALGTGGIGGLIYEQYF	TRBV4-1	TRBJ2-7	1
CASSQALIATSYEQYF	TRBV19	TRBJ2-7	1
CASSQALKSKTSTDTQYF	TRBV4-3	TRBJ2-3	1
CASSQALMGLKNIQYF	TRBV4-3	TRBJ2-4	1
CASSQALQETQYF	TRBV4-1	TRBJ2-5	1
CASSQALSYEQYF	TRBV4-3	TRBJ2-7	1
CASSQALWGEPRNTEAFF	TRBV4-1	TRBJ1-1	1
CASSQALWGNWETQYF	TRBV4-3	TRBJ2-5	1
CASSQANREGDTQYF	TRBV4-1	TRBJ2-3	1
CASSQANYEQYF	TRBV14	TRBJ2-7	2
CASSQAPAGNTEAFF	TRBV4-1	TRBJ1-1	1
CASSQAPGAYEQYF	TRBV11-2	TRBJ2-7	1
CASSQAPGETQYF	TRBV4-1	TRBJ2-5	5
CASSQAPGGSHSEAFF	TRBV4-2	TRBJ1-1	1
CASSQAPGLITDTQYF	TRBV4-3	TRBJ2-3	1
CASSQAPGRISGNTIYF	TRBV3-1	TRBJ1-3	1
CASSQAPGSFPKNIQYF	TRBV4-3	TRBJ2-4	1
CASSQAPGSGHEQYF	TRBV4-3	TRBJ2-7	1
CASSQAPGSGYTF	TRBV14	TRBJ1-2	1
CASSQAPGTTNEKLFF	TRBV3-1	TRBJ1-4	1
CASSQAPPGRFTYNEQFF	TRBV4-1	TRBJ2-1	1
CASSQAPSGGNIQYF	TRBV4-3	TRBJ2-4	1
CASSQAPSGQGNYEQYF	TRBV4-3	TRBJ2-7	1
CASSQAPSSADTQYF	TRBV4-3	TRBJ2-3	1
CASSQAPSSGLYNEQFF	TRBV4-1	TRBJ2-1	1
CASSQAPSTGGGGYQPQHF	TRBV4-2	TRBJ1-5	1
CASSQAPTGLAEAFF	TRBV4-3	TRBJ1-1	1
CASSQAPTGQTDTQYF	TRBV4-3	TRBJ2-3	1
CASSQAPTGSETQYF	TRBV4-3	TRBJ2-5	1
CASSQAPTGVYEQFF	TRBV4-3	TRBJ2-1	1
CASSQAQASSYEQYF	TRBV4-1	TRBJ2-7	1
CASSQAQDTQYF	TRBV4-1	TRBJ2-3	1
CASSQAQGGRSSYNSPLHF	TRBV3-1	TRBJ1-6	1
CASSQAQGLPEAFF	TRBV4-3	TRBJ1-1	1
CASSQAQGNEQYF	TRBV12-3	TRBJ2-7	1
CASSQAQGQTYEQYF	TRBV4-1	TRBJ2-7	1
CASSQAQGRGHYEQYF	TRBV4-2	TRBJ2-7	1
CASSQAQGRNTEAFF	TRBV4-3	TRBJ1-1	1
CASSQAQGSGGEYEQYF	TRBV4-3	TRBJ2-7	1
CASSQAQGTRETQYF	TRBV4-3	TRBJ2-5	1
CASSQAQGTYEQYF	TRBV4-3	TRBJ2-7	1
CASSQAQGYSYEQYF	TRBV4-3	TRBJ2-7	1
CASSQAQIQTGELFF	TRBV4-3	TRBJ2-2	1
CASSQAQLNTEAFF	TRBV4-2	TRBJ1-1	1
CASSQAQPYEQYF	TRBV4-3	TRBJ2-7	1
CASSQAQTMGRNNEQFF	TRBV4-1	TRBJ2-1	1
CASSQARDSSYEQYF	TRBV4-2	TRBJ2-7	1
CASSQARGDTEAFF	TRBV14	TRBJ1-1	9
CASSQARGDTEAFF	TRBV4-3	TRBJ1-1	1
CASSQARGQFF	TRBV19	TRBJ2-1	1
CASSQARGWTEAFF	TRBV4-3	TRBJ1-1	1
CASSQARMETYNEQFF	TRBV6-5	TRBJ2-1	1
CASSQARPGTGTGYTF	TRBV4-2	TRBJ1-2	1
CASSQARQGGYEQYF	TRBV4-3	TRBJ2-7	1
CASSQARTDNIQYF	TRBV4-3	TRBJ2-4	1
CASSQARTGLNYGYTF	TRBV4-1	TRBJ1-2	1
CASSQARTGRVDEQFF	TRBV3-1	TRBJ2-1	1
CASSQARTLNNEQFF	TRBV4-3	TRBJ2-1	1
CASSQARTSVNTGELFF	TRBV4-2	TRBJ2-2	1
CASSQARWGETQYF	TRBV4-2	TRBJ2-5	1
CASSQASAVVQGKDTQYF	TRBV3-1	TRBJ2-3	1
CASSQASGGGNTIYF	TRBV4-3	TRBJ1-3	1
CASSQASGGSTNTGELFF	TRBV4-2	TRBJ2-2	1
CASSQASGGSYEQYF	TRBV4-3	TRBJ2-7	1
CASSQASGPGDTQYF	TRBV4-3	TRBJ2-3	1
CASSQASGSYEQYF	TRBV4-1	TRBJ2-7	1
CASSQASGTAYEQYF	TRBV14	TRBJ2-7	1
CASSQASGTELFF	TRBV4-3	TRBJ2-2	1
CASSQASKPYEQYF	TRBV14	TRBJ2-7	1
CASSQASPGGAYQETQYF	TRBV4-1	TRBJ2-5	1
CASSQASPGNSPLHF	TRBV4-1	TRBJ1-6	1
CASSQASPGTYYEQYF	TRBV4-1	TRBJ2-7	1
CASSQASSFPRYTIYF	TRBV3-1	TRBJ1-3	1
CASSQASSLSYEQYF	TRBV4-1	TRBJ2-7	1
CASSQASSTWDYGYTF	TRBV4-3	TRBJ1-2	1
CASSQASTGASYEQYF	TRBV4-1	TRBJ2-7	1
CASSQASTGVGGYTF	TRBV4-3	TRBJ1-2	1
CASSQATASGPKETQYF	TRBV4-1	TRBJ2-5	1
CASSQATGEAFF	TRBV4-2	TRBJ1-1	1
CASSQATGGGNEQFF	TRBV4-3	TRBJ2-1	1
CASSQATGGSNSEQYF	TRBV4-2	TRBJ2-7	1
CASSQATGISYEQYF	TRBV14	TRBJ2-7	1
CASSQATGLSLYEQYF	TRBV4-2	TRBJ2-7	1
CASSQATGVGYTF	TRBV4-1	TRBJ1-2	1
CASSQATGVPYEQYF	TRBV14	TRBJ2-7	1
CASSQATNTGELFF	TRBV14	TRBJ2-2	1
CASSQATPDSLGSYNSPLHF	TRBV4-3	TRBJ1-6	1
CASSQATPGGFDFSYGYTF	TRBV4-1	TRBJ1-2	1
CASSQATSAQETQYF	TRBV3-1	TRBJ2-5	1
CASSQATSGIFVYEQYF	TRBV3-1	TRBJ2-7	1
CASSQATSGRETQYF	TRBV4-3	TRBJ2-5	1
CASSQATSGRIHEQYF	TRBV3-1	TRBJ2-7	1
CASSQATSGVSYNEQFF	TRBV3-1	TRBJ2-1	1
CASSQATSGYEQYF	TRBV14	TRBJ2-7	1
CASSQATSNYGYTF	TRBV4-3	TRBJ1-2	1
CASSQATTGGNEKLFF	TRBV4-3	TRBJ1-4	1
CASSQAVAGYNEQFF	TRBV4-3	TRBJ2-1	1
CASSQAVGDTQPQHF	TRBV4-2	TRBJ1-5	1
CASSQAVGDYKTEAFF	TRBV4-3	TRBJ1-1	1
CASSQAVGNEQFF	TRBV14	TRBJ2-1	1
CASSQAVNTGELFF	TRBV4-2	TRBJ2-2	1
CASSQAVRSSTDTQYF	TRBV4-3	TRBJ2-3	1
CASSQAVSGRAMGYTF	TRBV3-1	TRBJ1-2	1
CASSQAVVAGGISYNEQFF	TRBV4-1	TRBJ2-1	1
CASSQAVYEQYF	TRBV14	TRBJ2-7	1
CASSQAWDTQETQYF	TRBV4-1	TRBJ2-5	1
CASSQAWQYNEQFF	TRBV4-3	TRBJ2-1	1
CASSQAYEQYF	TRBV2	TRBJ2-7	1
CASSQAYSSGNTIYF	TRBV4-1	TRBJ1-3	1
CASSQAYTEAFF	TRBV3-1	TRBJ1-1	1
CASSQAYTGADEQFF	TRBV4-3	TRBJ2-1	1
CASSQAYYQPSGNTIYF	TRBV14	TRBJ1-3	1
CASSQDAAEKGQPQHF	TRBV4-2	TRBJ1-5	1
CASSQDAAGEKLFF	TRBV4-3	TRBJ1-4	1
CASSQDADTDTQYF	TRBV4-3	TRBJ2-3	5
CASSQDAGEGDTGELFF	TRBV3-1	TRBJ2-2	1
CASSQDAGLATYEQYF	TRBV4-3	TRBJ2-7	1
CASSQDAGSSYNEQFF	TRBV4-2	TRBJ2-1	1
CASSQDAGSTDTQYF	TRBV4-3	TRBJ2-3	1
CASSQDAGTSGVHEQFF	TRBV4-3	TRBJ2-1	1
CASSQDAGVGQPQHF	TRBV4-3	TRBJ1-5	1
CASSQDAGYEQYF	TRBV4-1	TRBJ2-7	1
CASSQDALAGEFEQYF	TRBV3-1	TRBJ2-7	1
CASSQDALRGTDTQYF	TRBV4-3	TRBJ2-3	1
CASSQDALTSGPEEQYF	TRBV4-3	TRBJ2-7	1
CASSQDAQGGYEQYF	TRBV4-3	TRBJ2-7	1
CASSQDARGAGAYTDTQYF	TRBV14	TRBJ2-3	1
CASSQDASGGAGELFF	TRBV4-2	TRBJ2-2	1
CASSQDASGPYNEQFF	TRBV4-3	TRBJ2-1	1
CASSQDASGRINEQFF	TRBV4-3	TRBJ2-1	1
CASSQDASRYEQYF	TRBV4-1	TRBJ2-7	1
CASSQDASSGTRNEQFF	TRBV4-3	TRBJ2-1	2
CASSQDASSRDLYEQYF	TRBV4-3	TRBJ2-7	1
CASSQDAYEQYF	TRBV4-2	TRBJ2-7	1
CASSQDDGSSYEQYF	TRBV4-3	TRBJ2-7	1
CASSQDDHGSNEQYF	TRBV4-3	TRBJ2-7	1
CASSQDDLAGGPSYNEQFF	TRBV4-3	TRBJ2-1	1
CASSQDDLQGLWNEKLFF	TRBV3-1	TRBJ1-4	1
CASSQDDLRTGDYSPLHF	TRBV4-1	TRBJ1-6	1
CASSQDDQGLAGISYNEQFF	TRBV4-3	TRBJ2-1	1
CASSQDDRATNEKLFF	TRBV4-3	TRBJ1-4	1
CASSQDDSSYYEQYF	TRBV14	TRBJ2-7	1
CASSQDDSYNEQFF	TRBV4-1	TRBJ2-1	1
CASSQDDTTYEQYF	TRBV4-1	TRBJ2-7	1
CASSQDDTYYEQYF	TRBV3-1	TRBJ2-7	1
CASSQDDYRGNIQYF	TRBV4-1	TRBJ2-4	1
CASSQDEDRDQPQHF	TRBV4-3	TRBJ1-5	1
CASSQDEDYEDEQFF	TRBV14	TRBJ2-1	1
CASSQDEGDVWTGANVLTF	TRBV3-1	TRBJ2-6	1
CASSQDEGITSYEQYF	TRBV14	TRBJ2-7	1
CASSQDEGSGYEQYF	TRBV4-1	TRBJ2-7	1
CASSQDEGVSSYNEQFF	TRBV4-3	TRBJ2-1	2
CASSQDEKLFF	TRBV28	TRBJ1-4	1
CASSQDELNTEAFF	TRBV4-3	TRBJ1-1	1
CASSQDELTGAGNTIYF	TRBV4-3	TRBJ1-3	1
CASSQDERIQETQYF	TRBV4-3	TRBJ2-5	1
CASSQDESSYNEQFF	TRBV4-3	TRBJ2-1	1
CASSQDETGQTYEQYF	TRBV4-3	TRBJ2-7	1
CASSQDETLQEETQYF	TRBV3-1	TRBJ2-5	1
CASSQDFDGTAHETQYF	TRBV4-2	TRBJ2-5	1
CASSQDFDSLMNEQYF	TRBV4-2	TRBJ2-7	1
CASSQDFGGLQFF	TRBV4-3	TRBJ2-1	1
CASSQDFGRERADTQYF	TRBV4-3	TRBJ2-3	1
CASSQDFLRDRGHEQYF	TRBV4-3	TRBJ2-7	1
CASSQDFLSNQPQHF	TRBV4-3	TRBJ1-5	1
CASSQDFLTSGMYNEQFF	TRBV4-2	TRBJ2-1	1
CASSQDFMGGDNEQFF	TRBV14	TRBJ2-1	1
CASSQDFPASYNSPLHF	TRBV14	TRBJ1-6	1
CASSQDFRGEFRTNEKLFF	TRBV4-3	TRBJ1-4	1
CASSQDFRLSSYNEQFF	TRBV4-1	TRBJ2-1	1
CASSQDFRSNTEAFF	TRBV4-2	TRBJ1-1	1
CASSQDFSGRIQETQYF	TRBV3-1	TRBJ2-5	1
CASSQDFSTTGLDGYTF	TRBV4-3	TRBJ1-2	1
CASSQDFTQGFAYEQYF	TRBV3-1	TRBJ2-7	1
CASSQDFTYEQYF	TRBV3-1	TRBJ2-7	1
CASSQDFVLYSGNTIYF	TRBV14	TRBJ1-3	1
CASSQDGAAGDEQFF	TRBV4-1	TRBJ2-1	1
CASSQDGAAYEQYF	TRBV4-1	TRBJ2-7	1
CASSQDGAGASYEQYF	TRBV4-3	TRBJ2-7	1
CASSQDGAGNGYTF	TRBV4-3	TRBJ1-2	1
CASSQDGALAGGLEDTQYF	TRBV4-3	TRBJ2-3	1
CASSQDGAPLHTGELFF	TRBV4-3	TRBJ2-2	1
CASSQDGAPYGYTF	TRBV3-1	TRBJ1-2	1
CASSQDGASEMWVEQYF	TRBV4-1	TRBJ2-7	1
CASSQDGDRGREKLFF	TRBV3-1	TRBJ1-4	1
CASSQDGDRYNEQFF	TRBV4-3	TRBJ2-1	1
CASSQDGDSGANVLTF	TRBV4-3	TRBJ2-6	1
CASSQDGDSYEQYF	TRBV4-3	TRBJ2-7	1
CASSQDGDTDNEKLFF	TRBV4-3	TRBJ1-4	1
CASSQDGEAGEAFF	TRBV4-3	TRBJ1-1	1
CASSQDGEGLNEQFF	TRBV3-1	TRBJ2-1	1
CASSQDGEPYGYTF	TRBV4-3	TRBJ1-2	1
CASSQDGESSYNEQFF	TRBV4-3	TRBJ2-1	1
CASSQDGETQYF	TRBV4-1	TRBJ2-5	1
CASSQDGETQYF	TRBV4-3	TRBJ2-5	1
CASSQDGGAGYGYTF	TRBV4-3	TRBJ1-2	1
CASSQDGGANVLTF	TRBV4-3	TRBJ2-6	1
CASSQDGGDETPNTEAFF	TRBV3-1	TRBJ1-1	1
CASSQDGGETNEKLFF	TRBV4-3	TRBJ1-4	1
CASSQDGGGAGADTQYF	TRBV4-1	TRBJ2-3	1
CASSQDGGGGEEQYF	TRBV4-3	TRBJ2-7	1
CASSQDGGGGNTGELFF	TRBV4-3	TRBJ2-2	1
CASSQDGGGNMNTEAFF	TRBV4-3	TRBJ1-1	1
CASSQDGGGTDTQYF	TRBV3-1	TRBJ2-3	1
CASSQDGGLETQYF	TRBV4-3	TRBJ2-5	1
CASSQDGGRAENYEQYF	TRBV4-2	TRBJ2-7	1
CASSQDGGRALYEQYF	TRBV4-3	TRBJ2-7	1
CASSQDGGRDGELFF	TRBV4-3	TRBJ2-2	1
CASSQDGGSGAWNTEAFF	TRBV4-1	TRBJ1-1	1
CASSQDGGSYEQYF	TRBV4-3	TRBJ2-7	2
CASSQDGGTGGVITRDTEAFF	TRBV3-1	TRBJ1-1	1
CASSQDGGTNEKLFF	TRBV4-3	TRBJ1-4	1
CASSQDGGYYGYTF	TRBV4-3	TRBJ1-2	1
CASSQDGIYEQYF	TRBV4-1	TRBJ2-7	1
CASSQDGKAQYF	TRBV4-2	TRBJ2-5	1
CASSQDGLAGNTIYF	TRBV4-3	TRBJ1-3	1
CASSQDGMETNEKLFF	TRBV4-3	TRBJ1-4	1
CASSQDGNRANEKLFF	TRBV4-3	TRBJ1-4	1
CASSQDGNRGRDEQYF	TRBV4-1	TRBJ2-7	1
CASSQDGPIPLYEQYF	TRBV4-1	TRBJ2-7	1
CASSQDGPYYGYTF	TRBV14	TRBJ1-2	1
CASSQDGQGNDEQYF	TRBV4-3	TRBJ2-7	1
CASSQDGQIDYGYTF	TRBV4-3	TRBJ1-2	1
CASSQDGRDSDSGNTIYF	TRBV4-3	TRBJ1-3	1
CASSQDGRGRNEQFF	TRBV3-1	TRBJ2-1	1
CASSQDGRNTEAFF	TRBV4-1	TRBJ1-1	1
CASSQDGRPTNEKLFF	TRBV4-3	TRBJ1-4	1
CASSQDGRRDVWTGELFF	TRBV4-3	TRBJ2-2	1
CASSQDGRTFYGDEQFF	TRBV4-3	TRBJ2-1	1
CASSQDGRTYGYTF	TRBV3-1	TRBJ1-2	1
CASSQDGSGATQYF	TRBV6-3	TRBJ2-5	1
CASSQDGSGSSEQFF	TRBV4-1	TRBJ2-1	1
CASSQDGSGTSVDNEQFF	TRBV4-3	TRBJ2-1	1
CASSQDGSSGGDYGYTF	TRBV4-3	TRBJ1-2	1
CASSQDGTATNEKLFF	TRBV9	TRBJ1-4	1
CASSQDGTGTGLAGTQYF	TRBV4-3	TRBJ2-5	1
CASSQDGTGWTNEKLFF	TRBV4-3	TRBJ1-4	1
CASSQDGTHNSPLHF	TRBV4-3	TRBJ1-6	1
CASSQDGTLGTEAFF	TRBV4-1	TRBJ1-1	1
CASSQDGTRHFYEQYF	TRBV4-3	TRBJ2-7	1
CASSQDGTSGDKSYEQYF	TRBV4-2	TRBJ2-7	1
CASSQDGTSGDLHYNEQFF	TRBV4-3	TRBJ2-1	1
CASSQDGTSGEFTGELFF	TRBV4-1	TRBJ2-2	1
CASSQDGTSGSNEQFF	TRBV4-2	TRBJ2-1	1
CASSQDGTSGTDTQYF	TRBV4-3	TRBJ2-3	1
CASSQDGTVNPSEKLFF	TRBV4-3	TRBJ1-4	1
CASSQDGTWDDEQYF	TRBV4-3	TRBJ2-7	1
CASSQDGVGTEQFF	TRBV4-3	TRBJ2-1	1
CASSQDGVGVSTDTQYF	TRBV3-1	TRBJ2-3	1
CASSQDGVSSNEKLFF	TRBV4-3	TRBJ1-4	1
CASSQDGVSSYEQYF	TRBV4-3	TRBJ2-7	1
CASSQDGVYGGNTIYF	TRBV4-2	TRBJ1-3	1
CASSQDGWVGYTDTQYF	TRBV4-3	TRBJ2-3	1
CASSQDGYNEQFF	TRBV4-3	TRBJ2-1	1
CASSQDHEAGGEIYNEQFF	TRBV14	TRBJ2-1	1
CASSQDHEQYF	TRBV14	TRBJ2-7	1
CASSQDHFRAGTLNTEAFF	TRBV4-3	TRBJ1-1	1
CASSQDHGFMNTEAFF	TRBV14	TRBJ1-1	1
CASSQDHGGGPSSF	TRBV3-1	TRBJ2-1	1
CASSQDHGGLLYEQYF	TRBV4-1	TRBJ2-7	1
CASSQDHGTSVYNEQFF	TRBV3-1	TRBJ2-1	1
CASSQDHLRTSATDTQYF	TRBV4-3	TRBJ2-3	1
CASSQDHNRGQGYTF	TRBV4-3	TRBJ1-2	1
CASSQDHPGGRGYTF	TRBV14	TRBJ1-2	1
CASSQDHSQGGGYTF	TRBV4-3	TRBJ1-2	1
CASSQDHSSGANVLTF	TRBV4-3	TRBJ2-6	1
CASSQDHYGVSGNTIYF	TRBV4-3	TRBJ1-3	1
CASSQDHYSVVADTQYF	TRBV14	TRBJ2-3	1
CASSQDIAGTRGSGEQFF	TRBV4-3	TRBJ2-1	1
CASSQDIGGSMNTEAFF	TRBV4-2	TRBJ1-1	1
CASSQDIGMETQYF	TRBV4-1	TRBJ2-5	1
CASSQDIGQTGSYEQYF	TRBV4-3	TRBJ2-7	1
CASSQDIGTPPEQYF	TRBV4-3	TRBJ2-7	1
CASSQDIRTGNNEQFF	TRBV4-2	TRBJ2-1	1
CASSQDIYSNQPQHF	TRBV7-3	TRBJ1-5	3
CASSQDKAQGAREQYF	TRBV4-1	TRBJ2-7	1
CASSQDKGARTAFYEQYF	TRBV14	TRBJ2-7	1
CASSQDKGGADTQYF	TRBV4-3	TRBJ2-3	1
CASSQDKGITDTQYF	TRBV4-3	TRBJ2-3	1
CASSQDKGLNTEAFF	TRBV4-3	TRBJ1-1	1
CASSQDKGRGGETQYF	TRBV4-3	TRBJ2-5	1
CASSQDKLGDPPYKQFF	TRBV14	TRBJ2-1	1
CASSQDKNSNQPQHF	TRBV4-3	TRBJ1-5	1
CASSQDKREFYNEQFF	TRBV4-3	TRBJ2-1	1
CASSQDKRLSYEQYF	TRBV4-3	TRBJ2-7	1
CASSQDKSEWWETQYF	TRBV4-3	TRBJ2-5	1
CASSQDKWGQATGELFF	TRBV14	TRBJ2-2	1
CASSQDLAGGGETQYF	TRBV3-1	TRBJ2-5	1
CASSQDLAGGQETQYF	TRBV4-3	TRBJ2-5	1
CASSQDLAGGSYNEQFF	TRBV3-1	TRBJ2-1	1
CASSQDLAGNTGELFF	TRBV4-3	TRBJ2-2	1
CASSQDLAGSTDTQYF	TRBV4-3	TRBJ2-3	1
CASSQDLAGYNEQFF	TRBV3-1	TRBJ2-1	1
CASSQDLALAEAFF	TRBV3-1	TRBJ1-1	1
CASSQDLARVETQYF	TRBV4-3	TRBJ2-5	1
CASSQDLATKETQYF	TRBV4-2	TRBJ2-5	1
CASSQDLATNEKLFF	TRBV4-3	TRBJ1-4	1
CASSQDLAVQETQYF	TRBV3-1	TRBJ2-5	1
CASSQDLDEGEKLFF	TRBV4-3	TRBJ1-4	1
CASSQDLDLKGDEQFF	TRBV3-1	TRBJ2-1	1
CASSQDLDRGDEQYF	TRBV4-3	TRBJ2-7	1
CASSQDLDTGYNEQFF	TRBV4-2	TRBJ2-1	1
CASSQDLEDLGTDTQYF	TRBV4-3	TRBJ2-3	1
CASSQDLEFLRVETQYF	TRBV4-3	TRBJ2-5	1
CASSQDLETPFRYEQYF	TRBV4-1	TRBJ2-7	1
CASSQDLFGASYEQYF	TRBV4-3	TRBJ2-7	1
CASSQDLFGSIDQPQHF	TRBV4-3	TRBJ1-5	1
CASSQDLGAEAFF	TRBV4-3	TRBJ1-1	1
CASSQDLGAYEQYF	TRBV14	TRBJ2-7	1
CASSQDLGAYNEQFF	TRBV4-2	TRBJ2-1	1
CASSQDLGGGSAYEQYF	TRBV3-1	TRBJ2-7	1
CASSQDLGGRTQYF	TRBV4-1	TRBJ2-3	1
CASSQDLGGTYEQYF	TRBV4-3	TRBJ2-7	1
CASSQDLGHLYEQYF	TRBV3-1	TRBJ2-7	1
CASSQDLGINEQYF	TRBV4-3	TRBJ2-7	1
CASSQDLGLTGYEQFF	TRBV4-2	TRBJ2-1	1
CASSQDLGNQPQHF	TRBV4-1	TRBJ1-5	1
CASSQDLGNTQYF	TRBV4-2	TRBJ2-3	1
CASSQDLGTGNTEAFF	TRBV4-2	TRBJ1-1	1
CASSQDLGTSGTDEQFF	TRBV14	TRBJ2-1	1
CASSQDLGVKDTQYF	TRBV4-3	TRBJ2-3	1
CASSQDLGVNTEAFF	TRBV4-1	TRBJ1-1	1
CASSQDLGVRETQYF	TRBV4-3	TRBJ2-5	1
CASSQDLLAAYEQYF	TRBV14	TRBJ2-7	1
CASSQDLLAGAADTQYF	TRBV4-3	TRBJ2-3	1
CASSQDLLSGAQYF	TRBV4-2	TRBJ2-3	1
CASSQDLLSKDTQYF	TRBV4-3	TRBJ2-3	1
CASSQDLLWGEQFF	TRBV3-1	TRBJ2-1	1
CASSQDLMGPSDTEAFF	TRBV4-3	TRBJ1-1	1
CASSQDLNRVYYNSPLHF	TRBV4-3	TRBJ1-6	1
CASSQDLPGTFLGDEQFF	TRBV3-1	TRBJ2-1	1
CASSQDLPRDPAYEQYF	TRBV4-3	TRBJ2-7	1
CASSQDLPSGGVDTQYF	TRBV4-3	TRBJ2-3	1
CASSQDLPWENQETQYF	TRBV14	TRBJ2-5	1
CASSQDLQGINEQYF	TRBV4-2	TRBJ2-7	1
CASSQDLQVNTGELFF	TRBV4-3	TRBJ2-2	1
CASSQDLRDEQYF	TRBV4-3	TRBJ2-7	1
CASSQDLRGRGEGETQYF	TRBV4-3	TRBJ2-5	1
CASSQDLRGSGELFF	TRBV4-3	TRBJ2-2	1
CASSQDLRNKAFF	TRBV4-3	TRBJ1-1	1
CASSQDLRSHEGNTIYF	TRBV4-3	TRBJ1-3	1
CASSQDLRTSGGTDTQYF	TRBV4-1	TRBJ2-3	1
CASSQDLRVTETQYF	TRBV4-1	TRBJ2-5	1
CASSQDLRVVSGNTIYF	TRBV4-3	TRBJ1-3	1
CASSQDLRVYGKNIQYF	TRBV4-3	TRBJ2-4	1
CASSQDLSETHQNQPQHF	TRBV4-3	TRBJ1-5	2
CASSQDLSGGRGGTDTQYF	TRBV4-1	TRBJ2-3	1
CASSQDLSGTDTQYF	TRBV4-3	TRBJ2-3	1
CASSQDLSSGVTYEQYF	TRBV4-3	TRBJ2-7	3
CASSQDLSTNTGELFF	TRBV4-3	TRBJ2-2	1
CASSQDLSYEQYF	TRBV4-3	TRBJ2-7	1
CASSQDLTADYGYTF	TRBV14	TRBJ1-2	1
CASSQDLTGGGYGYTF	TRBV4-3	TRBJ1-2	1
CASSQDLTLAVMDTQYF	TRBV4-3	TRBJ2-3	1
CASSQDLTSGGAAYNEQFF	TRBV4-3	TRBJ2-1	1
CASSQDLVDRVGYEQYF	TRBV4-3	TRBJ2-7	1
CASSQDLVVAVGQETQYF	TRBV4-3	TRBJ2-5	1
CASSQDLWARFDIQYF	TRBV4-3	TRBJ2-4	1
CASSQDLWSGGNNEQFF	TRBV4-3	TRBJ2-1	1
CASSQDLWVGEQYF	TRBV3-1	TRBJ2-7	1
CASSQDMGGIDEQYF	TRBV4-3	TRBJ2-7	3
CASSQDMGINSPLHF	TRBV4-3	TRBJ1-6	1
CASSQDMGQPQHF	TRBV4-3	TRBJ1-5	1
CASSQDMGWGTDTQYF	TRBV14	TRBJ2-3	1
CASSQDMMNTEAFF	TRBV4-3	TRBJ1-1	1
CASSQDMSAADTNEKLFF	TRBV4-1	TRBJ1-4	1
CASSQDMVSAGNTIYF	TRBV4-3	TRBJ1-3	1
CASSQDMWDVGNTIYF	TRBV4-3	TRBJ1-3	1
CASSQDNDAGGFYEQYF	TRBV4-3	TRBJ2-7	4
CASSQDNEQFF	TRBV4-1	TRBJ2-1	1
CASSQDNFYGGSGNTIYF	TRBV14	TRBJ1-3	1
CASSQDNPLNSPLHF	TRBV4-2	TRBJ1-6	1
CASSQDNREQYF	TRBV13	TRBJ2-7	1
CASSQDNTETQYF	TRBV4-3	TRBJ2-5	1
CASSQDPAGEADTQYF	TRBV4-1	TRBJ2-3	1
CASSQDPAGGTKNIQYF	TRBV3-1	TRBJ2-4	1
CASSQDPAGGYNEQFF	TRBV4-3	TRBJ2-1	1
CASSQDPAGSGNTIYF	TRBV4-1	TRBJ1-3	1
CASSQDPASGGLSYEQYF	TRBV4-1	TRBJ2-7	1
CASSQDPASGSTDTQYF	TRBV3-1	TRBJ2-3	1
CASSQDPDRGPTDTQYF	TRBV14	TRBJ2-3	1
CASSQDPDRGVETQYF	TRBV4-3	TRBJ2-5	1
CASSQDPEINTGELFF	TRBV4-3	TRBJ2-2	1
CASSQDPETGANLYEQYF	TRBV4-3	TRBJ2-7	1
CASSQDPETSRYEQYF	TRBV4-2	TRBJ2-7	1
CASSQDPFTSTDTQYF	TRBV4-3	TRBJ2-3	1
CASSQDPGAAEAFF	TRBV4-1	TRBJ1-1	1
CASSQDPGAGTEAFF	TRBV4-2	TRBJ1-1	1
CASSQDPGASNTDTQYF	TRBV3-1	TRBJ2-3	1
CASSQDPGDEKLFF	TRBV4-1	TRBJ1-4	1
CASSQDPGDEQFF	TRBV4-1	TRBJ2-1	35
CASSQDPGEGETQYF	TRBV4-1	TRBJ2-5	1
CASSQDPGETQYF	TRBV4-3	TRBJ2-5	1
CASSQDPGGLDEQYF	TRBV4-1	TRBJ2-7	1
CASSQDPGGSYEQYF	TRBV4-1	TRBJ2-7	1
CASSQDPGGTDTQYF	TRBV4-3	TRBJ2-3	1
CASSQDPGHSYEQYF	TRBV14	TRBJ2-7	2
CASSQDPGLAFPYEQYF	TRBV4-1	TRBJ2-7	1
CASSQDPGLAGVGDTQYF	TRBV4-3	TRBJ2-3	1
CASSQDPGLVGRNEQFF	TRBV4-3	TRBJ2-1	1
CASSQDPGMTDTQYF	TRBV4-3	TRBJ2-3	1
CASSQDPGNSYEQYF	TRBV3-1	TRBJ2-7	1
CASSQDPGNVDGYTF	TRBV4-3	TRBJ1-2	18
CASSQDPGRNYGYTF	TRBV4-3	TRBJ1-2	1
CASSQDPGSISYEQYF	TRBV4-3	TRBJ2-7	1
CASSQDPGTDTQYF	TRBV4-3	TRBJ2-3	1
CASSQDPGTSGGLQETQYF	TRBV4-3	TRBJ2-5	1
CASSQDPGVYEQYF	TRBV4-3	TRBJ2-7	1
CASSQDPGYPHEQYF	TRBV3-1	TRBJ2-7	1
CASSQDPIDDTQYF	TRBV4-1	TRBJ2-3	1
CASSQDPIGTGGRLAKNIQYF	TRBV4-2	TRBJ2-4	1
CASSQDPKDSGNEKLFF	TRBV4-3	TRBJ1-4	1
CASSQDPLAGGPGTDTQYF	TRBV4-3	TRBJ2-3	1
CASSQDPLDTEAFF	TRBV4-1	TRBJ1-1	1
CASSQDPNEGSYGYTF	TRBV4-1	TRBJ1-2	1
CASSQDPPAGLNSYEQYF	TRBV3-1	TRBJ2-7	1
CASSQDPPGAPPDEQFF	TRBV4-1	TRBJ2-1	1
CASSQDPPGGDSVSNQPQHF	TRBV4-3	TRBJ1-5	1
CASSQDPPGGGRADTQYF	TRBV4-1	TRBJ2-3	1
CASSQDPPGGPTGELFF	TRBV4-3	TRBJ2-2	1
CASSQDPPGLAGANEKLFF	TRBV4-3	TRBJ1-4	1
CASSQDPPPGGGETQYF	TRBV4-2	TRBJ2-5	1
CASSQDPPPRNSPLHF	TRBV4-3	TRBJ1-6	1
CASSQDPPPTANTGELFF	TRBV4-2	TRBJ2-2	1
CASSQDPRATDTQYF	TRBV14	TRBJ2-3	1
CASSQDPRATDTQYF	TRBV4-2	TRBJ2-3	1
CASSQDPRESSYNEQFF	TRBV4-1	TRBJ2-1	1
CASSQDPRGLGYTF	TRBV4-3	TRBJ1-2	1
CASSQDPRGLHSIEAFF	TRBV3-1	TRBJ1-1	1
CASSQDPRQGEAFF	TRBV14	TRBJ1-1	1
CASSQDPRREAFF	TRBV3-1	TRBJ1-1	1
CASSQDPRTNTEAFF	TRBV4-3	TRBJ1-1	1
CASSQDPSDRPLF	TRBV4-3	TRBJ1-2	1
CASSQDPSELTYEQYF	TRBV3-1	TRBJ2-7	1
CASSQDPSFENEQFF	TRBV4-1	TRBJ2-1	1
CASSQDPSGDTQYF	TRBV3-1	TRBJ2-3	1
CASSQDPSGGARDTQYF	TRBV4-2	TRBJ2-3	1
CASSQDPSGGTNTGELFF	TRBV4-3	TRBJ2-2	1
CASSQDPSGNTGELFF	TRBV4-3	TRBJ2-2	1
CASSQDPSGRWYNEQFF	TRBV3-1	TRBJ2-1	1
CASSQDPSGSEQYF	TRBV4-1	TRBJ2-7	1
CASSQDPSGTSYEQYF	TRBV4-1	TRBJ2-7	1
CASSQDPSGVTDTQYF	TRBV4-1	TRBJ2-3	1
CASSQDPSRLTVTGELFF	TRBV4-3	TRBJ2-2	1
CASSQDPSRTYEQYF	TRBV7-9	TRBJ2-7	1
CASSQDPSWPSGWGLAKNIQYF	TRBV4-3	TRBJ2-4	1
CASSQDPTGAYGYTF	TRBV4-1	TRBJ1-2	1
CASSQDPTGGGVMFF	TRBV4-1	TRBJ1-4	2
CASSQDPTPNQPQHF	TRBV4-1	TRBJ1-5	1
CASSQDPTSGETQYF	TRBV3-1	TRBJ2-5	1
CASSQDPTSGSLARNEQFF	TRBV4-3	TRBJ2-1	1
CASSQDPVAGGDYEQYF	TRBV4-1	TRBJ2-7	1
CASSQDPYSYTGELFF	TRBV4-3	TRBJ2-2	1
CASSQDPYYNEQFF	TRBV4-3	TRBJ2-1	1
CASSQDQAGGGEQYF	TRBV4-3	TRBJ2-7	1
CASSQDQARGGTDTQYF	TRBV4-3	TRBJ2-3	2
CASSQDQDGSYEQYF	TRBV4-3	TRBJ2-7	1
CASSQDQGALGYTF	TRBV4-1	TRBJ1-2	1
CASSQDQGGLSWSPLHF	TRBV14	TRBJ1-6	1
CASSQDQGGTEAFF	TRBV4-1	TRBJ1-1	1
CASSQDQGLGNEQFF	TRBV4-1	TRBJ2-1	1
CASSQDQGLGNTEAFF	TRBV4-3	TRBJ1-1	1
CASSQDQGQDTEAFF	TRBV4-2	TRBJ1-1	1
CASSQDQGQEPNYGYTF	TRBV4-3	TRBJ1-2	1
CASSQDQGQPSYEQYF	TRBV4-2	TRBJ2-7	1
CASSQDQGRNQPQHF	TRBV4-3	TRBJ1-5	1
CASSQDQGRNYGYTF	TRBV4-3	TRBJ1-2	1
CASSQDQGSGIYNGELFF	TRBV4-3	TRBJ2-2	1
CASSQDQGSTDTQYF	TRBV4-3	TRBJ2-3	1
CASSQDQGTDTQYF	TRBV14	TRBJ2-3	1
CASSQDQGTYEKLFF	TRBV4-3	TRBJ1-4	1
CASSQDQGVGYTF	TRBV4-3	TRBJ1-2	1
CASSQDQGYQETQYF	TRBV14	TRBJ2-5	1
CASSQDQGYYEQYF	TRBV4-1	TRBJ2-7	1
CASSQDQPDPYYEQYF	TRBV4-2	TRBJ2-7	1
CASSQDQPQETQYF	TRBV3-1	TRBJ2-5	1
CASSQDQQAGGLFTAGDTQYF	TRBV4-2	TRBJ2-3	1
CASSQDQQGANTEAFF	TRBV4-3	TRBJ1-1	1
CASSQDQREVHEQYF	TRBV4-3	TRBJ2-7	1
CASSQDQRRAYTGYTF	TRBV3-1	TRBJ1-2	1
CASSQDQRRESHEQFF	TRBV14	TRBJ2-1	1
CASSQDQSETQYF	TRBV4-3	TRBJ2-5	1
CASSQDQSGRLHEQYF	TRBV4-3	TRBJ2-7	1
CASSQDQSSEAFF	TRBV4-1	TRBJ1-1	1
CASSQDQSVNTEAFF	TRBV4-1	TRBJ1-1	1
CASSQDQTGFGYGYTF	TRBV4-1	TRBJ1-2	1
CASSQDQTGGSKNIQYF	TRBV4-3	TRBJ2-4	1
CASSQDQTGSTDTQYF	TRBV4-3	TRBJ2-3	1
CASSQDQTGVGEQYF	TRBV4-2	TRBJ2-7	1
CASSQDQTSLPLEFF	TRBV4-3	TRBJ2-1	1
CASSQDQVSGNTIYF	TRBV4-1	TRBJ1-3	1
CASSQDRARELFF	TRBV4-1	TRBJ2-2	1
CASSQDRASGVYNEQFF	TRBV4-1	TRBJ2-1	1
CASSQDRASGYEQYF	TRBV4-3	TRBJ2-7	1
CASSQDRDEQFF	TRBV4-1	TRBJ2-1	1
CASSQDRDGGHYYEQYF	TRBV4-3	TRBJ2-7	1
CASSQDRDGYTF	TRBV2	TRBJ1-2	1
CASSQDRDRGPGYTF	TRBV4-2	TRBJ1-2	1
CASSQDRDRVRAGLREQYF	TRBV4-1	TRBJ2-7	1
CASSQDRDSLRYEQYF	TRBV3-1	TRBJ2-7	1
CASSQDRDYNEQFF	TRBV4-1	TRBJ2-1	1
CASSQDREDRTPLEQFF	TRBV14	TRBJ2-1	1
CASSQDREGRGAFF	TRBV19	TRBJ1-1	1
CASSQDREPYNSPLHF	TRBV4-1	TRBJ1-6	1
CASSQDRERETQYF	TRBV3-1	TRBJ2-5	1
CASSQDRERGYTDTQYF	TRBV4-3	TRBJ2-3	1
CASSQDREYEQYF	TRBV6-3	TRBJ2-7	1
CASSQDRFTDTQYF	TRBV3-1	TRBJ2-3	1
CASSQDRGAGELFF	TRBV4-3	TRBJ2-2	1
CASSQDRGANIQYF	TRBV4-1	TRBJ2-4	1
CASSQDRGDARVGYTF	TRBV4-3	TRBJ1-2	1
CASSQDRGDEQFF	TRBV4-3	TRBJ2-1	1
CASSQDRGDPAIFPSEQFF	TRBV4-1	TRBJ2-1	1
CASSQDRGDRQETQYF	TRBV4-3	TRBJ2-5	1
CASSQDRGELFF	TRBV3-1	TRBJ2-2	1
CASSQDRGGGAETQYF	TRBV4-3	TRBJ2-5	1
CASSQDRGGLGEKLFF	TRBV4-3	TRBJ1-4	1
CASSQDRGGRALPYNEQFF	TRBV4-1	TRBJ2-1	1
CASSQDRGGVPSYNEQFF	TRBV3-1	TRBJ2-1	1
CASSQDRGGVYEQYF	TRBV4-2	TRBJ2-7	1
CASSQDRGGYSGPWSYNEQFF	TRBV3-1	TRBJ2-1	1
CASSQDRGGYTF	TRBV4-3	TRBJ1-2	1
CASSQDRGHEQYF	TRBV4-3	TRBJ2-7	1
CASSQDRGHQETQYF	TRBV4-1	TRBJ2-5	1
CASSQDRGHQPQHF	TRBV27	TRBJ1-5	1
CASSQDRGILTQYF	TRBV4-3	TRBJ2-5	1
CASSQDRGLAMSGGNEQFF	TRBV4-3	TRBJ2-1	3
CASSQDRGLPYGYTF	TRBV4-3	TRBJ1-2	1
CASSQDRGLVDTEAFF	TRBV6-5	TRBJ1-1	1
CASSQDRGMNTGELFF	TRBV4-3	TRBJ2-2	1
CASSQDRGMSHEQYF	TRBV4-3	TRBJ2-7	1
CASSQDRGNTGELFF	TRBV3-1	TRBJ2-2	1
CASSQDRGPYGYTF	TRBV4-3	TRBJ1-2	1
CASSQDRGQATDTQYF	TRBV4-3	TRBJ2-3	1
CASSQDRGQAYEQYF	TRBV4-3	TRBJ2-7	1
CASSQDRGRATYEQYF	TRBV4-3	TRBJ2-7	1
CASSQDRGRAYNEQFF	TRBV14	TRBJ2-1	1
CASSQDRGRREQYF	TRBV3-1	TRBJ2-7	1
CASSQDRGRVPYGYTF	TRBV4-2	TRBJ1-2	1
CASSQDRGSGTDTQYF	TRBV4-3	TRBJ2-3	1
CASSQDRGSNEKLFF	TRBV4-1	TRBJ1-4	1
CASSQDRGSSYEQYF	TRBV4-1	TRBJ2-7	1
CASSQDRGSYEQYF	TRBV4-3	TRBJ2-7	1
CASSQDRGTSSYEQYF	TRBV14	TRBJ2-7	1
CASSQDRGYEQYF	TRBV4-3	TRBJ2-7	1
CASSQDRHFYEQYF	TRBV4-3	TRBJ2-7	1
CASSQDRINQPQHF	TRBV9	TRBJ1-5	1
CASSQDRKGRDEQFF	TRBV4-3	TRBJ2-1	1
CASSQDRKTSGREGQYF	TRBV4-3	TRBJ2-7	1
CASSQDRLAFNEQFF	TRBV3-1	TRBJ2-1	1
CASSQDRLAGFWNEQFF	TRBV4-2	TRBJ2-1	1
CASSQDRLAGQETQYF	TRBV4-3	TRBJ2-5	1
CASSQDRLDSYTDTQYF	TRBV4-1	TRBJ2-3	1
CASSQDRLGPSQFF	TRBV4-1	TRBJ2-1	1
CASSQDRLRQGDSPLHF	TRBV4-2	TRBJ1-6	1
CASSQDRLSGYEQYF	TRBV4-3	TRBJ2-7	1
CASSQDRLSWYNEQFF	TRBV3-1	TRBJ2-1	1
CASSQDRNEKLFF	TRBV4-3	TRBJ1-4	1
CASSQDRNSPLHF	TRBV3-1	TRBJ1-6	1
CASSQDRNYGYTF	TRBV5-6	TRBJ1-2	1
CASSQDRPQLAGEKTQYF	TRBV4-1	TRBJ2-5	1
CASSQDRPRVDTQYF	TRBV4-3	TRBJ2-3	1
CASSQDRPWWGYTF	TRBV3-1	TRBJ1-2	1
CASSQDRQDYEQYF	TRBV4-3	TRBJ2-7	1
CASSQDRQGATNEKLFF	TRBV4-1	TRBJ1-4	1
CASSQDRQGGDEQYF	TRBV4-1	TRBJ2-7	1
CASSQDRQGISIGYTF	TRBV4-3	TRBJ1-2	1
CASSQDRQLYEKLFF	TRBV4-3	TRBJ1-4	1
CASSQDRQRGQGKTDTQYF	TRBV4-2	TRBJ2-3	1
CASSQDRRDTGELFF	TRBV4-3	TRBJ2-2	1
CASSQDRRLILENTGELFF	TRBV3-1	TRBJ2-2	1
CASSQDRRQGETQYF	TRBV4-3	TRBJ2-5	1
CASSQDRRTDTQYF	TRBV3-1	TRBJ2-3	1
CASSQDRRVAEAFF	TRBV14	TRBJ1-1	1
CASSQDRRVGGEQYF	TRBV4-3	TRBJ2-7	1
CASSQDRRVSGGEQYF	TRBV4-3	TRBJ2-7	6
CASSQDRSDTQYF	TRBV4-3	TRBJ2-3	1
CASSQDRSGGAFMKTQYF	TRBV3-1	TRBJ2-5	1
CASSQDRSGGGDTQYF	TRBV4-3	TRBJ2-3	1
CASSQDRSGGGEQYF	TRBV4-3	TRBJ2-7	1
CASSQDRSGRLDEQYF	TRBV4-3	TRBJ2-7	1
CASSQDRSNYGYTF	TRBV4-1	TRBJ1-2	2
CASSQDRSQETQYF	TRBV4-1	TRBJ2-5	1
CASSQDRSSGDEQFF	TRBV4-3	TRBJ2-1	1
CASSQDRTAPQPQHF	TRBV4-3	TRBJ1-5	1
CASSQDRTAWLEQYF	TRBV4-3	TRBJ2-7	1
CASSQDRTENQPQHF	TRBV4-3	TRBJ1-5	1
CASSQDRTGGVEQYF	TRBV4-3	TRBJ2-7	1
CASSQDRTGGYF	TRBV3-1	TRBJ2-5	1
CASSQDRTGKGELFF	TRBV4-3	TRBJ2-2	1
CASSQDRTGLGNQPQHF	TRBV3-1	TRBJ1-5	1
CASSQDRTGSTEAFF	TRBV4-3	TRBJ1-1	1
CASSQDRTPGDTQYF	TRBV4-1	TRBJ2-3	1
CASSQDRTPNGNTEAFF	TRBV4-1	TRBJ1-1	1
CASSQDRTSQETQYF	TRBV4-1	TRBJ2-5	1
CASSQDRTYPNEKLFF	TRBV4-3	TRBJ1-4	1
CASSQDRVDHPYEQYF	TRBV4-1	TRBJ2-7	1
CASSQDRVGAYNSPLHF	TRBV14	TRBJ1-6	1
CASSQDRVGKGAPSTDTQYF	TRBV3-1	TRBJ2-3	1
CASSQDRVGPDTQYF	TRBV4-3	TRBJ2-3	1
CASSQDRVGRYGYTF	TRBV3-1	TRBJ1-2	1
CASSQDRVLAGANVLTF	TRBV4-3	TRBJ2-6	1
CASSQDRVLAGAYEQYF	TRBV3-1	TRBJ2-7	1
CASSQDRVTWGGIAKNIQYF	TRBV4-2	TRBJ2-4	1
CASSQDRWLSGQPQHF	TRBV4-1	TRBJ1-5	1
CASSQDRWRTTGYTF	TRBV4-3	TRBJ1-2	1
CASSQDRWTATYEQYF	TRBV4-3	TRBJ2-7	1
CASSQDRWVWNQETQYF	TRBV4-3	TRBJ2-5	1
CASSQDRYRVNYGYTF	TRBV4-3	TRBJ1-2	1
CASSQDRYSGNTIYF	TRBV4-3	TRBJ1-3	1
CASSQDSADRGRGNTIYF	TRBV4-1	TRBJ1-3	1
CASSQDSAGGREQYF	TRBV4-3	TRBJ2-7	2
CASSQDSAGTGGNEQFF	TRBV4-3	TRBJ2-1	1
CASSQDSAGYNEQFF	TRBV4-3	TRBJ2-1	1
CASSQDSAVTGNTIYF	TRBV4-1	TRBJ1-3	1
CASSQDSDLTQETQYF	TRBV4-3	TRBJ2-5	1
CASSQDSDNEQFF	TRBV4-3	TRBJ2-1	1
CASSQDSDRGVNNEQFF	TRBV4-3	TRBJ2-1	1
CASSQDSEASSYEQYF	TRBV3-1	TRBJ2-7	1
CASSQDSESSYEQYF	TRBV3-1	TRBJ2-7	1
CASSQDSESSYNSPLHF	TRBV4-1	TRBJ1-6	1
CASSQDSEYNSPLHF	TRBV4-3	TRBJ1-6	1
CASSQDSFQPQHF	TRBV4-3	TRBJ1-5	1
CASSQDSFTGLSLGYTF	TRBV3-1	TRBJ1-2	1
CASSQDSGDADTQYF	TRBV4-3	TRBJ2-3	1
CASSQDSGEKLFF	TRBV4-3	TRBJ1-4	1
CASSQDSGGASDTQYF	TRBV4-1	TRBJ2-3	1
CASSQDSGGATNEKLFF	TRBV4-1	TRBJ1-4	1
CASSQDSGGYEQYF	TRBV4-1	TRBJ2-7	1
CASSQDSGGYYEQYF	TRBV4-3	TRBJ2-7	1
CASSQDSGIAGNRVEQFF	TRBV4-3	TRBJ2-1	1
CASSQDSGLEFF	TRBV4-1	TRBJ2-1	1
CASSQDSGLNTEAFF	TRBV14	TRBJ1-1	1
CASSQDSGLPQHF	TRBV4-3	TRBJ1-5	1
CASSQDSGLSSYNEQFF	TRBV4-1	TRBJ2-1	1
CASSQDSGNTIYF	TRBV13	TRBJ1-3	1
CASSQDSGPNTEAFF	TRBV4-1	TRBJ1-1	1
CASSQDSGQGNYGYTF	TRBV4-3	TRBJ1-2	1
CASSQDSGQVDGYTF	TRBV4-3	TRBJ1-2	1
CASSQDSGRTDTQYF	TRBV4-1	TRBJ2-3	1
CASSQDSGTATYEQYF	TRBV4-1	TRBJ2-7	1
CASSQDSGTKSTDTQYF	TRBV4-3	TRBJ2-3	1
CASSQDSGTSTDTQYF	TRBV3-1	TRBJ2-3	1
CASSQDSGVEQFF	TRBV4-3	TRBJ2-1	1
CASSQDSLEGYAEAFF	TRBV4-3	TRBJ1-1	1
CASSQDSLHTGELFF	TRBV4-3	TRBJ2-2	1
CASSQDSLRGTEAFF	TRBV4-3	TRBJ1-1	1
CASSQDSMGITDTQYF	TRBV14	TRBJ2-3	1
CASSQDSMTGRGVGYTF	TRBV4-1	TRBJ1-2	1
CASSQDSNWDTQYF	TRBV14	TRBJ2-3	1
CASSQDSPAGGPSYEQYF	TRBV4-1	TRBJ2-7	2
CASSQDSPAYNEQFF	TRBV4-1	TRBJ2-1	1
CASSQDSPGIRDNQPQHF	TRBV3-1	TRBJ1-5	1
CASSQDSPRDIQYF	TRBV4-3	TRBJ2-4	1
CASSQDSPTNYGYTF	TRBV4-3	TRBJ1-2	4
CASSQDSQGLEKLFF	TRBV4-3	TRBJ1-4	1
CASSQDSQGNGYTF	TRBV4-3	TRBJ1-2	1
CASSQDSRTDGDYEQYF	TRBV4-2	TRBJ2-7	1
CASSQDSRYNEQFF	TRBV14	TRBJ2-1	1
CASSQDSSGGLNTGELFF	TRBV3-1	TRBJ2-2	1
CASSQDSSGGTNYEQYF	TRBV4-3	TRBJ2-7	1
CASSQDSSGMDTEAFF	TRBV4-3	TRBJ1-1	1
CASSQDSSGRAYEQYF	TRBV4-2	TRBJ2-7	1
CASSQDSSSYNEQFF	TRBV4-3	TRBJ2-1	2
CASSQDSSYEQYF	TRBV4-3	TRBJ2-7	1
CASSQDSTYEQYF	TRBV4-3	TRBJ2-7	1
CASSQDSTYEQYF	TRBV7-9	TRBJ2-7	1
CASSQDSVAGGPNGANVLTF	TRBV4-3	TRBJ2-6	1
CASSQDSVRGGDTGELFF	TRBV4-3	TRBJ2-2	1
CASSQDSVRLGQGDTQYF	TRBV4-3	TRBJ2-3	1
CASSQDSYGFSYQETQYF	TRBV14	TRBJ2-5	1
CASSQDSYYGYTF	TRBV27	TRBJ1-2	1
CASSQDTAGEYNEQFF	TRBV3-1	TRBJ2-1	1
CASSQDTARDTQYF	TRBV4-3	TRBJ2-3	1
CASSQDTEAFF	TRBV4-2	TRBJ1-1	1
CASSQDTGGTEAFF	TRBV4-3	TRBJ1-1	1
CASSQDTGIDEQYF	TRBV4-3	TRBJ2-7	1
CASSQDTGIDSPLHF	TRBV4-3	TRBJ1-6	1
CASSQDTGLGIYEQYF	TRBV4-3	TRBJ2-7	1
CASSQDTGPNNSPLHF	TRBV6-5	TRBJ1-6	1
CASSQDTGPPYEQYF	TRBV4-3	TRBJ2-7	1
CASSQDTGTEAFF	TRBV4-3	TRBJ1-1	1
CASSQDTGTYLMNTEAFF	TRBV4-3	TRBJ1-1	1
CASSQDTGWAREQYF	TRBV3-1	TRBJ2-7	1
CASSQDTLAGPDGGFYNEQFF	TRBV4-3	TRBJ2-1	1
CASSQDTNYGYTF	TRBV4-3	TRBJ1-2	1
CASSQDTPDSNYGYTF	TRBV4-2	TRBJ1-2	1
CASSQDTPYNEQFF	TRBV4-3	TRBJ2-1	1
CASSQDTRAGYNEQFF	TRBV4-1	TRBJ2-1	1
CASSQDTRVMDTEAFF	TRBV4-3	TRBJ1-1	1
CASSQDTSDSYEQYF	TRBV4-3	TRBJ2-7	1
CASSQDTSGRALDEQFF	TRBV4-1	TRBJ2-1	1
CASSQDTSGSGLWTEAFF	TRBV14	TRBJ1-1	1
CASSQDTSNQPQHF	TRBV4-2	TRBJ1-5	1
CASSQDTTTATYEQYF	TRBV4-1	TRBJ2-7	1
CASSQDTTVRQETQYF	TRBV14	TRBJ2-5	1
CASSQDTYRPGQETQYF	TRBV4-3	TRBJ2-5	1
CASSQDVAAYTDTQYF	TRBV4-3	TRBJ2-3	1
CASSQDVAGEVQHF	TRBV3-1	TRBJ1-5	1
CASSQDVAGGPNEQFF	TRBV4-1	TRBJ2-1	1
CASSQDVAGLTDTQYF	TRBV4-3	TRBJ2-3	1
CASSQDVANEQFF	TRBV4-3	TRBJ2-1	1
CASSQDVAQETQYF	TRBV4-3	TRBJ2-5	2
CASSQDVATVNTEAFF	TRBV4-3	TRBJ1-1	1
CASSQDVEGNEQFF	TRBV3-1	TRBJ2-1	1
CASSQDVGAAYEQYF	TRBV4-2	TRBJ2-7	1
CASSQDVGGPTNEKLFF	TRBV4-3	TRBJ1-4	1
CASSQDVGSGNTIYF	TRBV4-3	TRBJ1-3	1
CASSQDVGTGGSYGYTF	TRBV4-2	TRBJ1-2	1
CASSQDVLAGASTDTQYF	TRBV3-1	TRBJ2-3	1
CASSQDVQDLKNYGYTF	TRBV4-3	TRBJ1-2	1
CASSQDVQPLNTEAFF	TRBV4-3	TRBJ1-1	1
CASSQDVRDRGYTF	TRBV4-3	TRBJ1-2	1
CASSQDVRGGGTGELFF	TRBV4-3	TRBJ2-2	1
CASSQDVRGTSYNEQFF	TRBV4-3	TRBJ2-1	1
CASSQDVRQHTEAFF	TRBV4-1	TRBJ1-1	1
CASSQDVSGGDPDTQYF	TRBV3-1	TRBJ2-3	1
CASSQDVSLAGILLGSTDTQYF	TRBV4-3	TRBJ2-3	1
CASSQDVSRVHEAFF	TRBV14	TRBJ1-1	1
CASSQDVSSANSPLHF	TRBV4-3	TRBJ1-6	1
CASSQDVTSGGRGETQYF	TRBV4-3	TRBJ2-5	1
CASSQDVVLDSANTGELFF	TRBV4-3	TRBJ2-2	1
CASSQDVWDPAYNEQFF	TRBV4-2	TRBJ2-1	1
CASSQDVWGTGNTIYF	TRBV3-1	TRBJ1-3	1
CASSQDWAGVNTGELFF	TRBV4-3	TRBJ2-2	1
CASSQDWDGAYEQYF	TRBV3-1	TRBJ2-7	1
CASSQDWDSGQFYEQYF	TRBV4-3	TRBJ2-7	1
CASSQDWERQEVPSYNEQFF	TRBV4-1	TRBJ2-1	1
CASSQDWFTGESYEQYF	TRBV4-1	TRBJ2-7	1
CASSQDWGASEQYF	TRBV4-3	TRBJ2-7	1
CASSQDWGDKTYEQYF	TRBV4-3	TRBJ2-7	1
CASSQDWGEGETQYF	TRBV4-1	TRBJ2-5	1
CASSQDWGFSYEQYF	TRBV4-1	TRBJ2-7	1
CASSQDWGGGLRQPQHF	TRBV4-3	TRBJ1-5	1
CASSQDWGGLSYEQYF	TRBV4-3	TRBJ2-7	1
CASSQDWGGQAYNEQFF	TRBV4-3	TRBJ2-1	1
CASSQDWGLGEAFF	TRBV11-2	TRBJ1-1	1
CASSQDWGPGQLETQYF	TRBV4-3	TRBJ2-5	1
CASSQDWGPLLGYTF	TRBV4-3	TRBJ1-2	1
CASSQDWGQPNTEAFF	TRBV4-3	TRBJ1-1	1
CASSQDWGRINYGYTF	TRBV4-3	TRBJ1-2	1
CASSQDWGSTDTQYF	TRBV3-1	TRBJ2-3	1
CASSQDWGSTDTQYF	TRBV4-3	TRBJ2-3	1
CASSQDWGTVDYEQYF	TRBV4-3	TRBJ2-7	1
CASSQDWLDSYNEQFF	TRBV4-3	TRBJ2-1	1
CASSQDWNTQDNSPLHF	TRBV4-1	TRBJ1-6	1
CASSQDWPAEKLFF	TRBV4-3	TRBJ1-4	1
CASSQDWPETGVLDTQYF	TRBV4-3	TRBJ2-3	1
CASSQDWPGELFF	TRBV3-1	TRBJ2-2	1
CASSQDWQAKGAGYTF	TRBV4-3	TRBJ1-2	1
CASSQDWQEGYGYGYTF	TRBV4-3	TRBJ1-2	1
CASSQDWQGSYSDTQYF	TRBV4-3	TRBJ2-3	1
CASSQDWRATYNEQFF	TRBV4-3	TRBJ2-1	1
CASSQDWRGGTNNEQFF	TRBV4-1	TRBJ2-1	1
CASSQDWRQGDYEQYF	TRBV3-1	TRBJ2-7	1
CASSQDWSGASTDTQYF	TRBV3-1	TRBJ2-3	1
CASSQDWSRGGTGELFF	TRBV3-1	TRBJ2-2	1
CASSQDWSYTGELFF	TRBV4-2	TRBJ2-2	1
CASSQDWTEQYF	TRBV3-1	TRBJ2-7	1
CASSQDWTGRGRSNEKLFF	TRBV4-3	TRBJ1-4	1
CASSQDWTSHTDTQYF	TRBV4-3	TRBJ2-3	1
CASSQDWVAKNIQYF	TRBV4-3	TRBJ2-4	1
CASSQDWWTVSSYEQYF	TRBV4-3	TRBJ2-7	1
CASSQDYFWGPAETDTQYF	TRBV4-3	TRBJ2-3	1
CASSQDYGPPEETQYF	TRBV3-1	TRBJ2-5	1
CASSQDYGSQETQYF	TRBV4-3	TRBJ2-5	1
CASSQDYMIMNTEAFF	TRBV4-1	TRBJ1-1	1
CASSQDYPDRADEQYF	TRBV4-3	TRBJ2-7	1
CASSQDYPGGTGGYTF	TRBV4-3	TRBJ1-2	1
CASSQDYPPAEPRDEQYF	TRBV4-1	TRBJ2-7	1
CASSQDYPQGILVGYTF	TRBV4-3	TRBJ1-2	1
CASSQDYPTGAYNEQFF	TRBV4-3	TRBJ2-1	1
CASSQDYRDRISFF	TRBV4-3	TRBJ1-1	1
CASSQDYREEPTLKEQYF	TRBV4-3	TRBJ2-7	1
CASSQDYRGAETQYF	TRBV4-3	TRBJ2-5	1
CASSQDYRVGGEETQYF	TRBV4-3	TRBJ2-5	1
CASSQDYYSGLRETQYF	TRBV4-1	TRBJ2-5	1
CASSQEAAGGFYEQYF	TRBV4-2	TRBJ2-7	1
CASSQEAAIQETQYF	TRBV4-1	TRBJ2-5	1
CASSQEAASYGYTF	TRBV4-1	TRBJ1-2	1
CASSQEADSGAFGYTF	TRBV4-3	TRBJ1-2	1
CASSQEAEAGGEQFF	TRBV4-3	TRBJ2-1	1
CASSQEAGAATGELFF	TRBV4-2	TRBJ2-2	1
CASSQEAGALGETQYF	TRBV4-1	TRBJ2-5	1
CASSQEAGATEAFF	TRBV4-3	TRBJ1-1	1
CASSQEAGGQDEQFF	TRBV4-2	TRBJ2-1	1
CASSQEAGGSYYEQYF	TRBV4-3	TRBJ2-7	1
CASSQEAGGTEAFF	TRBV6-1	TRBJ1-1	1
CASSQEAGGTGVYEQYF	TRBV4-2	TRBJ2-7	1
CASSQEAGPSSYEQYF	TRBV4-2	TRBJ2-7	1
CASSQEAGRNSPLHF	TRBV3-1	TRBJ1-6	1
CASSQEAGRPTDTQYF	TRBV4-2	TRBJ2-3	1
CASSQEAGSRTYEQYF	TRBV4-2	TRBJ2-7	1
CASSQEAGTSGQETQYF	TRBV4-1	TRBJ2-5	1
CASSQEAGTYEQYF	TRBV4-3	TRBJ2-7	1
CASSQEALLGGEQFF	TRBV4-3	TRBJ2-1	1
CASSQEANTGELFF	TRBV4-1	TRBJ2-2	1
CASSQEAPGSYGYTF	TRBV4-3	TRBJ1-2	1
CASSQEAQGETQYF	TRBV4-1	TRBJ2-5	1
CASSQEAQNGPWRGVETQYF	TRBV3-1	TRBJ2-5	2
CASSQEARKGRVTEAFF	TRBV4-2	TRBJ1-1	1
CASSQEASGGANEQFF	TRBV4-2	TRBJ2-1	1
CASSQEASMGGNTIYF	TRBV4-2	TRBJ1-3	1
CASSQEASRPRDF	TRBV3-1	TRBJ2-4	1
CASSQEATVNQPQHF	TRBV3-1	TRBJ1-5	1
CASSQEAVGKLFF	TRBV4-1	TRBJ1-4	1
CASSQEDGELFF	TRBV4-1	TRBJ2-2	1
CASSQEDGLNTEAFF	TRBV3-1	TRBJ1-1	1
CASSQEDLNSYNSPLHF	TRBV4-3	TRBJ1-6	1
CASSQEDNSPLHF	TRBV4-2	TRBJ1-6	1
CASSQEDRAPNQPQHF	TRBV4-3	TRBJ1-5	1
CASSQEDRARETQYF	TRBV4-1	TRBJ2-5	1
CASSQEDRDGYTF	TRBV3-1	TRBJ1-2	1
CASSQEDRTIYGYTF	TRBV4-3	TRBJ1-2	1
CASSQEDSGRDTQYF	TRBV4-1	TRBJ2-3	1
CASSQEDSSYEQYF	TRBV4-1	TRBJ2-7	1
CASSQEDSSYEQYF	TRBV4-2	TRBJ2-7	1
CASSQEDSSYNEQFF	TRBV4-1	TRBJ2-1	1
CASSQEDSTGQPQHF	TRBV4-2	TRBJ1-5	1
CASSQEDYSYEQYF	TRBV4-1	TRBJ2-7	1
CASSQEEAGGGDTQYF	TRBV4-2	TRBJ2-3	1
CASSQEEAGTGELFF	TRBV4-1	TRBJ2-2	1
CASSQEEAVSYEQYF	TRBV4-3	TRBJ2-7	1
CASSQEEDRGTYEQYF	TRBV4-2	TRBJ2-7	1
CASSQEEEGYEQYF	TRBV4-1	TRBJ2-7	1
CASSQEEEPLGTQYF	TRBV4-2	TRBJ2-3	1
CASSQEEESLGYEQYF	TRBV4-1	TRBJ2-7	1
CASSQEEFAGLSTGELFF	TRBV4-3	TRBJ2-2	1
CASSQEEGADTEAFF	TRBV13	TRBJ1-1	1
CASSQEEGADTEAFF	TRBV4-2	TRBJ1-1	1
CASSQEEGATDTQYF	TRBV4-1	TRBJ2-3	1
CASSQEEGAYNSPLHF	TRBV14	TRBJ1-6	1
CASSQEEGFYGYTF	TRBV4-3	TRBJ1-2	1
CASSQEEGGEDYGYTF	TRBV4-2	TRBJ1-2	1
CASSQEEGPVGYTF	TRBV4-2	TRBJ1-2	2
CASSQEEGQEKLFF	TRBV4-1	TRBJ1-4	1
CASSQEEIVSGELFF	TRBV4-1	TRBJ2-2	1
CASSQEELVLAFF	TRBV4-1	TRBJ1-1	1
CASSQEESNYGYTF	TRBV4-3	TRBJ1-2	12
CASSQEETGGYEQYF	TRBV4-3	TRBJ2-7	1
CASSQEETQETQYF	TRBV4-2	TRBJ2-5	1
CASSQEEYRVRNTEAFF	TRBV4-2	TRBJ1-1	1
CASSQEFDEQFF	TRBV3-1	TRBJ2-1	1
CASSQEFGDRGYEQYF	TRBV4-3	TRBJ2-7	1
CASSQEFPQGKNEKLFF	TRBV4-1	TRBJ1-4	1
CASSQEFQAPLPDTQYF	TRBV4-3	TRBJ2-3	1
CASSQEFRGQGADTQYF	TRBV4-3	TRBJ2-3	3
CASSQEFVVRGPDEQFF	TRBV4-2	TRBJ2-1	1
CASSQEFWVLGELFF	TRBV4-3	TRBJ2-2	1
CASSQEGAELTDTQYF	TRBV4-2	TRBJ2-3	1
CASSQEGAGAAGDTQYF	TRBV4-3	TRBJ2-3	1
CASSQEGAGELFF	TRBV4-3	TRBJ2-2	1
CASSQEGASSSYNSPLHF	TRBV4-2	TRBJ1-6	1
CASSQEGDPNYGYTF	TRBV4-3	TRBJ1-2	1
CASSQEGDRGGTEAFF	TRBV4-1	TRBJ1-1	1
CASSQEGDRNEKLFF	TRBV4-3	TRBJ1-4	1
CASSQEGDYPYEQYF	TRBV4-3	TRBJ2-7	1
CASSQEGEGAYTF	TRBV4-2	TRBJ1-2	1
CASSQEGEQYF	TRBV4-3	TRBJ2-7	1
CASSQEGERNTIYF	TRBV4-1	TRBJ1-3	1
CASSQEGESNYGYTF	TRBV4-3	TRBJ1-2	1
CASSQEGFSNEKLFF	TRBV4-3	TRBJ1-4	1
CASSQEGFVVKLFF	TRBV12-4	TRBJ1-4	1
CASSQEGGAGGRYEQYF	TRBV4-3	TRBJ2-7	1
CASSQEGGALNSPLHF	TRBV3-1	TRBJ1-6	1
CASSQEGGAPVHTF	TRBV4-3	TRBJ1-2	1
CASSQEGGAQPQHF	TRBV4-1	TRBJ1-5	4
CASSQEGGDGEKLFF	TRBV14	TRBJ1-4	5
CASSQEGGDGYTF	TRBV4-2	TRBJ1-2	1
CASSQEGGDRAYGYTF	TRBV4-2	TRBJ1-2	3
CASSQEGGDTQYF	TRBV4-1	TRBJ2-3	1
CASSQEGGEHFTGANVLTF	TRBV3-1	TRBJ2-6	1
CASSQEGGGALTGELFF	TRBV4-3	TRBJ2-2	1
CASSQEGGGGSSYNEQFF	TRBV4-3	TRBJ2-1	10
CASSQEGGGLYEQFF	TRBV4-2	TRBJ2-1	1
CASSQEGGGMYNEQFF	TRBV4-3	TRBJ2-1	1
CASSQEGGINQPQHF	TRBV4-3	TRBJ1-5	1
CASSQEGGLDYGYTF	TRBV4-1	TRBJ1-2	1
CASSQEGGLWGKTQYF	TRBV4-1	TRBJ2-5	1
CASSQEGGMTNEKLFF	TRBV4-1	TRBJ1-4	1
CASSQEGGNSPYGYTF	TRBV14	TRBJ1-2	6
CASSQEGGPQHF	TRBV4-1	TRBJ1-5	1
CASSQEGGSSYEQYF	TRBV4-3	TRBJ2-7	1
CASSQEGGSTEAFF	TRBV4-1	TRBJ1-1	1
CASSQEGGSYEQYF	TRBV4-3	TRBJ2-7	1
CASSQEGGVATEAFF	TRBV4-1	TRBJ1-1	1
CASSQEGHLNQPQHF	TRBV4-3	TRBJ1-5	1
CASSQEGHLQETQYF	TRBV3-1	TRBJ2-5	1
CASSQEGIAGSTDTQYF	TRBV4-1	TRBJ2-3	1
CASSQEGILSTDTQYF	TRBV4-2	TRBJ2-3	1
CASSQEGLAGGTYNEQFF	TRBV4-1	TRBJ2-1	1
CASSQEGLAGNEQFF	TRBV4-3	TRBJ2-1	1
CASSQEGLAQSDEQYF	TRBV3-1	TRBJ2-7	1
CASSQEGLASVQDTQYF	TRBV4-2	TRBJ2-3	1
CASSQEGLGTYEQYF	TRBV4-3	TRBJ2-7	1
CASSQEGLPLVGEQYF	TRBV4-1	TRBJ2-7	1
CASSQEGLPSSYEQYF	TRBV4-1	TRBJ2-7	1
CASSQEGLTLDTEAFF	TRBV4-2	TRBJ1-1	1
CASSQEGMPSYEQYF	TRBV14	TRBJ2-7	1
CASSQEGNEQFF	TRBV4-2	TRBJ2-1	1
CASSQEGPDRSGIF	TRBV4-1	TRBJ1-2	1
CASSQEGPLFF	TRBV4-1	TRBJ2-1	1
CASSQEGPPTSVDTQYF	TRBV4-2	TRBJ2-3	1
CASSQEGPSEQYF	TRBV4-1	TRBJ2-7	1
CASSQEGPSYEQYF	TRBV4-1	TRBJ2-7	1
CASSQEGPWGGNYEQYF	TRBV4-3	TRBJ2-7	1
CASSQEGQGFRDTQYF	TRBV4-3	TRBJ2-3	1
CASSQEGQGGTEAFF	TRBV4-1	TRBJ1-1	1
CASSQEGQGTDTQYF	TRBV4-2	TRBJ2-3	1
CASSQEGQINQPQHF	TRBV4-2	TRBJ1-5	3
CASSQEGQLNQPQHF	TRBV4-2	TRBJ1-5	28
CASSQEGQNTEAFF	TRBV4-1	TRBJ1-1	1
CASSQEGQSDPFF	TRBV4-3	TRBJ2-1	1
CASSQEGQSTDTQYF	TRBV3-1	TRBJ2-3	1
CASSQEGQVVNQPQHF	TRBV4-2	TRBJ1-5	1
CASSQEGQYDSNTEAFF	TRBV4-3	TRBJ1-1	1
CASSQEGRAGELFF	TRBV3-1	TRBJ2-2	1
CASSQEGREQFF	TRBV3-1	TRBJ2-1	1
CASSQEGRGGKNGYTF	TRBV4-3	TRBJ1-2	1
CASSQEGRGGYGYTF	TRBV4-3	TRBJ1-2	1
CASSQEGRGSGYTF	TRBV4-2	TRBJ1-2	1
CASSQEGRSYNEQFF	TRBV3-1	TRBJ2-1	1
CASSQEGSGGGYNEQFF	TRBV4-2	TRBJ2-1	1
CASSQEGSGGLTGELFF	TRBV4-3	TRBJ2-2	1
CASSQEGSGSTDTQYF	TRBV4-1	TRBJ2-3	1
CASSQEGSLNQETQYF	TRBV4-2	TRBJ2-5	1
CASSQEGSPTYEQYF	TRBV4-2	TRBJ2-7	1
CASSQEGSQVTPWHEQYF	TRBV4-3	TRBJ2-7	1
CASSQEGSQYGYTF	TRBV4-1	TRBJ1-2	1
CASSQEGSTEAFF	TRBV4-2	TRBJ1-1	1
CASSQEGSVGPLSTDTQYF	TRBV4-3	TRBJ2-3	1
CASSQEGSVGSSYEQYF	TRBV4-2	TRBJ2-7	1
CASSQEGSYEQYF	TRBV4-2	TRBJ2-7	1
CASSQEGTAYNEQFF	TRBV4-1	TRBJ2-1	1
CASSQEGTEAFF	TRBV5-1	TRBJ1-1	1
CASSQEGTEHGYTF	TRBV4-1	TRBJ1-2	1
CASSQEGTFLLGGYTF	TRBV14	TRBJ1-2	1
CASSQEGTGGGYGYTF	TRBV4-1	TRBJ1-2	1
CASSQEGTGLVQETQYF	TRBV4-3	TRBJ2-5	1
CASSQEGTGPTDTQYF	TRBV4-3	TRBJ2-3	1
CASSQEGTGSYNEQFF	TRBV3-1	TRBJ2-1	1
CASSQEGVSRGANVLTF	TRBV4-3	TRBJ2-6	1
CASSQEGWANEKLFF	TRBV3-1	TRBJ1-4	1
CASSQEGYPSTDTQYF	TRBV4-2	TRBJ2-3	1
CASSQEHGSPYEQYF	TRBV14	TRBJ2-7	1
CASSQEIAGGPDTQYF	TRBV4-3	TRBJ2-3	1
CASSQEILAGASSTDTQYF	TRBV4-3	TRBJ2-3	1
CASSQEILAGDADTQYF	TRBV4-3	TRBJ2-3	1
CASSQEILAGETGELFF	TRBV4-3	TRBJ2-2	1
CASSQEILGPTQYF	TRBV4-3	TRBJ2-3	1
CASSQEILRDRGYEQYF	TRBV4-3	TRBJ2-7	1
CASSQEIPGIMGNTEAFF	TRBV4-1	TRBJ1-1	1
CASSQEISLGDTQYF	TRBV4-3	TRBJ2-3	1
CASSQEITSLFTNTGELFF	TRBV4-3	TRBJ2-2	1
CASSQEKGFGYTF	TRBV4-1	TRBJ1-2	1
CASSQEKGTAVPNSPLHF	TRBV4-1	TRBJ1-6	1
CASSQEKKDTQYF	TRBV4-1	TRBJ2-3	1
CASSQEKLLGDANTEAFF	TRBV4-2	TRBJ1-1	1
CASSQEKLYF	TRBV3-1	TRBJ2-7	1
CASSQEKNTEAFF	TRBV4-3	TRBJ1-1	1
CASSQEKNVYGYTF	TRBV4-1	TRBJ1-2	1
CASSQELADTQYF	TRBV4-3	TRBJ2-3	1
CASSQELAGEQYF	TRBV14	TRBJ2-7	1
CASSQELAGGNANYGYTF	TRBV4-1	TRBJ1-2	6
CASSQELAGGSYEQYF	TRBV4-2	TRBJ2-7	1
CASSQELAGNTDTQYF	TRBV4-3	TRBJ2-3	1
CASSQELAGTQYF	TRBV4-3	TRBJ2-5	1
CASSQELAGYQETQYF	TRBV4-2	TRBJ2-5	1
CASSQELASSYEQYF	TRBV4-2	TRBJ2-7	1
CASSQELASYEQYF	TRBV4-3	TRBJ2-7	1
CASSQELGGAPGPGELFF	TRBV3-1	TRBJ2-2	1
CASSQELGGGNQPQHF	TRBV4-3	TRBJ1-5	1
CASSQELGGGYNEQFF	TRBV4-3	TRBJ2-1	1
CASSQELGLGTQYF	TRBV4-3	TRBJ2-5	1
CASSQELGPRETQYF	TRBV4-3	TRBJ2-5	8
CASSQELGSGANVLTF	TRBV4-3	TRBJ2-6	1
CASSQELIGQGQNYGYTF	TRBV4-2	TRBJ1-2	1
CASSQELLSSGELFF	TRBV4-2	TRBJ2-2	1
CASSQELLTGELFF	TRBV4-1	TRBJ2-2	1
CASSQELNTEAFF	TRBV14	TRBJ1-1	1
CASSQELNTEAFF	TRBV4-3	TRBJ1-1	1
CASSQELRHSEQFF	TRBV4-3	TRBJ2-1	1
CASSQELRISTDTQYF	TRBV3-1	TRBJ2-3	1
CASSQELRNTEAFF	TRBV4-3	TRBJ1-1	1
CASSQELSGGAAGELFF	TRBV4-3	TRBJ2-2	1
CASSQELSVSNQPQHF	TRBV4-1	TRBJ1-5	1
CASSQELSYEQYF	TRBV4-2	TRBJ2-7	23
CASSQELTDTQYF	TRBV3-1	TRBJ2-3	1
CASSQELVWAAKNIQYF	TRBV4-3	TRBJ2-4	1
CASSQEMFYEQYF	TRBV4-3	TRBJ2-7	1
CASSQEMGGPDTQYF	TRBV14	TRBJ2-3	1
CASSQEMGLNTEAFF	TRBV4-2	TRBJ1-1	1
CASSQEMTYYGYTF	TRBV14	TRBJ1-2	1
CASSQEMVAGPLHF	TRBV4-3	TRBJ1-6	1
CASSQENEGARGIQYF	TRBV4-3	TRBJ2-4	1
CASSQENLGLARRETQYF	TRBV4-3	TRBJ2-5	1
CASSQENNEKLFF	TRBV4-3	TRBJ1-4	1
CASSQENQETQYF	TRBV3-1	TRBJ2-5	1
CASSQENTGELFF	TRBV4-1	TRBJ2-2	1
CASSQEPAGGSYEQYF	TRBV4-3	TRBJ2-7	1
CASSQEPATYEQYF	TRBV4-1	TRBJ2-7	1
CASSQEPDTEAFF	TRBV4-1	TRBJ1-1	1
CASSQEPGGAETQYF	TRBV4-3	TRBJ2-5	1
CASSQEPGGAGGYTF	TRBV4-3	TRBJ1-2	1
CASSQEPGGRYTEAFF	TRBV4-3	TRBJ1-1	1
CASSQEPGNYEQYF	TRBV3-1	TRBJ2-7	1
CASSQEPGQGYEQYF	TRBV4-2	TRBJ2-7	1
CASSQEPGQTRAGEKLFF	TRBV4-3	TRBJ1-4	1
CASSQEPHGLGNTIYF	TRBV4-3	TRBJ1-3	1
CASSQEPHRATNEKLFF	TRBV4-3	TRBJ1-4	1
CASSQEPLLMIDLPGMNTEAFF	TRBV4-3	TRBJ1-1	1
CASSQEPLTDTQYF	TRBV4-1	TRBJ2-3	5
CASSQEPRQGAGGIAKNIQYF	TRBV4-1	TRBJ2-4	1
CASSQEPRQGGTEAFF	TRBV4-3	TRBJ1-1	1
CASSQEPRVYEQYF	TRBV4-1	TRBJ2-7	1
CASSQEPTGELFF	TRBV4-3	TRBJ2-2	1
CASSQEPTSGLETQYF	TRBV4-2	TRBJ2-5	1
CASSQEPTYYEQYF	TRBV3-1	TRBJ2-7	1
CASSQEPWNYGYTF	TRBV14	TRBJ1-2	1
CASSQEQANTEAFF	TRBV4-1	TRBJ1-1	1
CASSQEQASNEQFF	TRBV4-2	TRBJ2-1	1
CASSQEQGGGFNEQFF	TRBV4-3	TRBJ2-1	1
CASSQEQGGGGYEQYF	TRBV4-2	TRBJ2-7	1
CASSQEQGGNEQFF	TRBV4-1	TRBJ2-1	1
CASSQEQGGTDTQYF	TRBV4-3	TRBJ2-3	1
CASSQEQGRRYF	TRBV4-1	TRBJ2-7	1
CASSQEQGVQPQHF	TRBV4-1	TRBJ1-5	1
CASSQEQWSGETSNYGYTF	TRBV4-2	TRBJ1-2	1
CASSQERAGAHYGYTF	TRBV4-1	TRBJ1-2	1
CASSQERAGGPSYNSPLHF	TRBV4-3	TRBJ1-6	1
CASSQERAGTGGEKLFF	TRBV14	TRBJ1-4	1
CASSQERATAHGYTF	TRBV4-3	TRBJ1-2	1
CASSQERDRGSTDTQYF	TRBV3-1	TRBJ2-3	1
CASSQERDYEQFF	TRBV4-2	TRBJ2-1	3
CASSQERDYEQYF	TRBV4-2	TRBJ2-7	30
CASSQERELPYEQYF	TRBV4-2	TRBJ2-7	1
CASSQERETDTQYF	TRBV28	TRBJ2-3	1
CASSQERFMNTEAFF	TRBV4-3	TRBJ1-1	1
CASSQERGAGDGYTF	TRBV4-3	TRBJ1-2	1
CASSQERGATEAFF	TRBV14	TRBJ1-1	1
CASSQERGDYEQYF	TRBV4-1	TRBJ2-7	1
CASSQERGENNSPLHF	TRBV7-9	TRBJ1-6	1
CASSQERGGYNEQFF	TRBV4-3	TRBJ2-1	1
CASSQERGLAGTYEQYF	TRBV3-1	TRBJ2-7	1
CASSQERGLPNEKLFF	TRBV3-1	TRBJ1-4	1
CASSQERGNYGYTF	TRBV4-1	TRBJ1-2	1
CASSQERGPYNEQFF	TRBV4-1	TRBJ2-1	1
CASSQERGQETQYF	TRBV4-1	TRBJ2-5	1
CASSQERGSTEAFF	TRBV4-1	TRBJ1-1	2
CASSQERGSYEQYF	TRBV4-2	TRBJ2-7	1
CASSQERGSYEQYF	TRBV4-3	TRBJ2-7	1
CASSQERGTKNNEQFF	TRBV4-1	TRBJ2-1	1
CASSQERIAVYGYTF	TRBV4-1	TRBJ1-2	1
CASSQERLAGGLDTQYF	TRBV4-3	TRBJ2-3	1
CASSQERLAGGQGDTQYF	TRBV4-2	TRBJ2-3	1
CASSQERLAQETQYF	TRBV4-3	TRBJ2-5	1
CASSQERLGQGGGGYTF	TRBV4-2	TRBJ1-2	1
CASSQERNNEQFF	TRBV4-2	TRBJ2-1	1
CASSQERPGLASDTQYF	TRBV3-1	TRBJ2-3	1
CASSQERQGAGTYEQYF	TRBV4-3	TRBJ2-7	1
CASSQERSQVVYFSGYTF	TRBV4-3	TRBJ1-2	1
CASSQERTGENEQYF	TRBV4-3	TRBJ2-7	1
CASSQERTGNSYEQYF	TRBV4-3	TRBJ2-7	1
CASSQERTSGDNEQFF	TRBV4-3	TRBJ2-1	1
CASSQERTSGYNEQFF	TRBV4-3	TRBJ2-1	3
CASSQERTTGYGYTF	TRBV4-1	TRBJ1-2	2
CASSQERTVLYEQYF	TRBV3-1	TRBJ2-7	1
CASSQERYNEQFF	TRBV4-1	TRBJ2-1	1
CASSQESALASTDTQYF	TRBV14	TRBJ2-3	1
CASSQESASAETQYF	TRBV3-1	TRBJ2-5	1
CASSQESDWERTNEKLFF	TRBV4-1	TRBJ1-4	1
CASSQESGDYNEQFF	TRBV4-3	TRBJ2-1	1
CASSQESGGGETQYF	TRBV4-2	TRBJ2-5	1
CASSQESGGTQYF	TRBV14	TRBJ2-3	1
CASSQESGIQYNEQFF	TRBV4-3	TRBJ2-1	1
CASSQESGIVYEQFF	TRBV4-3	TRBJ2-1	5
CASSQESGNADTQYF	TRBV3-1	TRBJ2-3	1
CASSQESGRAGEQYF	TRBV4-3	TRBJ2-7	1
CASSQESGSNWEQFF	TRBV4-1	TRBJ2-1	1
CASSQESGSTDTQYF	TRBV4-1	TRBJ2-3	1
CASSQESGSYEQYF	TRBV4-3	TRBJ2-7	1
CASSQESGTPSYEQYF	TRBV4-3	TRBJ2-7	1
CASSQESLNEQFF	TRBV4-3	TRBJ2-1	1
CASSQESPGHYGYTF	TRBV4-2	TRBJ1-2	1
CASSQESPGVAGVGETQYF	TRBV4-1	TRBJ2-5	1
CASSQESPREAADTQYF	TRBV4-3	TRBJ2-3	1
CASSQESPSGTISYYEQYF	TRBV4-1	TRBJ2-7	1
CASSQESRGDYEQYF	TRBV4-1	TRBJ2-7	1
CASSQESSGDLDGELFF	TRBV4-3	TRBJ2-2	1
CASSQESSLYEQYF	TRBV4-3	TRBJ2-7	1
CASSQESSYEQYF	TRBV3-1	TRBJ2-7	1
CASSQESYEGGELFF	TRBV4-3	TRBJ2-2	1
CASSQETADGLNEQFF	TRBV4-2	TRBJ2-1	1
CASSQETEIYNEQFF	TRBV4-1	TRBJ2-1	1
CASSQETFTGSPLHF	TRBV4-3	TRBJ1-6	1
CASSQETGGANYGYTF	TRBV4-3	TRBJ1-2	1
CASSQETGGNQPQHF	TRBV3-1	TRBJ1-5	1
CASSQETGGVDQETQYF	TRBV4-1	TRBJ2-5	1
CASSQETGIVYEQYF	TRBV4-2	TRBJ2-7	1
CASSQETGKGYRTDTQYF	TRBV3-1	TRBJ2-3	1
CASSQETGKYEQYF	TRBV4-3	TRBJ2-7	1
CASSQETGLRDEQYF	TRBV4-2	TRBJ2-7	1
CASSQETGNTEAFF	TRBV14	TRBJ1-1	1
CASSQETGSGANVLTF	TRBV4-3	TRBJ2-6	1
CASSQETGVHEQFF	TRBV4-2	TRBJ2-1	1
CASSQETGYGYTF	TRBV4-3	TRBJ1-2	1
CASSQETGYNQPQHF	TRBV4-2	TRBJ1-5	1
CASSQETLGGSNNEQFF	TRBV4-3	TRBJ2-1	1
CASSQETLIEQGVWTGELFF	TRBV14	TRBJ2-2	1
CASSQETLQGLYEQYF	TRBV4-1	TRBJ2-7	1
CASSQETSAYEQYF	TRBV4-3	TRBJ2-7	1
CASSQETSGENRQYF	TRBV4-2	TRBJ2-7	1
CASSQETSGNEQFF	TRBV3-1	TRBJ2-1	1
CASSQETSTDTQYF	TRBV4-1	TRBJ2-3	1
CASSQETSTYEQYF	TRBV4-3	TRBJ2-7	1
CASSQETYYGYTF	TRBV3-1	TRBJ1-2	1
CASSQEVAGGIGDEQFF	TRBV4-3	TRBJ2-1	1
CASSQEVAGRYGYTF	TRBV4-3	TRBJ1-2	1
CASSQEVAVVGYTF	TRBV4-3	TRBJ1-2	1
CASSQEVEGGAGSYNQPQHF	TRBV4-3	TRBJ1-5	1
CASSQEVEGRGYGYTF	TRBV4-3	TRBJ1-2	1
CASSQEVGDHEQYF	TRBV4-3	TRBJ2-7	1
CASSQEVGGASNQPQHF	TRBV4-3	TRBJ1-5	1
CASSQEVGGEYNEQFF	TRBV4-2	TRBJ2-1	1
CASSQEVGRGAEAFF	TRBV4-3	TRBJ1-1	1
CASSQEVGTSGFTDTQYF	TRBV4-3	TRBJ2-3	1
CASSQEVLIYGYTF	TRBV14	TRBJ1-2	1
CASSQEVQLEQFF	TRBV4-1	TRBJ2-1	1
CASSQEVRGSYNEQFF	TRBV4-3	TRBJ2-1	1
CASSQEVRKDGYTF	TRBV3-1	TRBJ1-2	1
CASSQEVRLLNTEAFF	TRBV4-3	TRBJ1-1	1
CASSQEVSGGYEQYF	TRBV4-2	TRBJ2-7	1
CASSQEVSLAATYEQYF	TRBV3-1	TRBJ2-7	1
CASSQEVSSGGSNEQFF	TRBV4-3	TRBJ2-1	11
CASSQEVSYVPQNYEQYF	TRBV4-2	TRBJ2-7	1
CASSQEVTSGGDEQYF	TRBV4-3	TRBJ2-7	1
CASSQEVVLSTDTQYF	TRBV4-2	TRBJ2-3	1
CASSQEVVMGGGETQYF	TRBV4-1	TRBJ2-5	1
CASSQEVWFVGYTF	TRBV4-3	TRBJ1-2	1
CASSQEVWGSGDSYEQYF	TRBV4-3	TRBJ2-7	1
CASSQEWASGGAGTQYF	TRBV4-2	TRBJ2-5	1
CASSQEWDRGRSEQFF	TRBV3-1	TRBJ2-1	1
CASSQEWDYIGELFF	TRBV4-2	TRBJ2-2	1
CASSQEWEDTQYF	TRBV5-6	TRBJ2-3	1
CASSQEWEGRMINEKLFF	TRBV4-1	TRBJ1-4	1
CASSQEWFIHNEQFF	TRBV4-3	TRBJ2-1	1
CASSQEWGPLHF	TRBV4-3	TRBJ1-6	1
CASSQEWGQHRDTQYF	TRBV4-3	TRBJ2-3	1
CASSQEWGQYEQYF	TRBV4-2	TRBJ2-7	1
CASSQEWGRTSGRYNEQFF	TRBV14	TRBJ2-1	1
CASSQEWLAGELFF	TRBV4-3	TRBJ2-2	1
CASSQEWLAGGLGTQYF	TRBV4-3	TRBJ2-3	1
CASSQEWLAGGPGTQYF	TRBV4-2	TRBJ2-5	1
CASSQEWLAVSTDTQYF	TRBV4-3	TRBJ2-3	418
CASSQEWPNNEQFF	TRBV14	TRBJ2-1	1
CASSQEWQGGTEAFF	TRBV4-1	TRBJ1-1	1
CASSQEWQIFEKLFF	TRBV4-1	TRBJ1-4	1
CASSQEWRAPYEQYF	TRBV14	TRBJ2-7	1
CASSQEWRGNNEQYF	TRBV4-3	TRBJ2-7	1
CASSQEWSDYYNEQFF	TRBV3-1	TRBJ2-1	1
CASSQEWSGLAQPQHF	TRBV4-3	TRBJ1-5	1
CASSQEWSSYEQYF	TRBV4-3	TRBJ2-7	1
CASSQEWTGATDTQYF	TRBV4-2	TRBJ2-3	1
CASSQEWTGLQETQYF	TRBV4-3	TRBJ2-5	3
CASSQEWTSGSNEQFF	TRBV4-3	TRBJ2-1	1
CASSQEWVAPGITNEKLFF	TRBV3-1	TRBJ1-4	1
CASSQEYKAAYPYGYTF	TRBV4-3	TRBJ1-2	1
CASSQEYQLANYGYTF	TRBV4-1	TRBJ1-2	1
CASSQEYRGPTYEQYF	TRBV3-1	TRBJ2-7	1
CASSQEYSGTWTEAFF	TRBV4-1	TRBJ1-1	4
CASSQEYSGVFTDTQYF	TRBV4-2	TRBJ2-3	1
CASSQEYSYNEQFF	TRBV3-1	TRBJ2-1	1
CASSQEYWARNEQFF	TRBV3-1	TRBJ2-1	1
CASSQFAGGAYEQYF	TRBV3-1	TRBJ2-7	1
CASSQFEGTGNTIYF	TRBV4-3	TRBJ1-3	1
CASSQFGGDTQYF	TRBV4-3	TRBJ2-3	1
CASSQFGLAADTQYF	TRBV4-3	TRBJ2-3	1
CASSQFGPTDTQYF	TRBV5-5	TRBJ2-3	1
CASSQFGTGGVNTEAFF	TRBV27	TRBJ1-1	1
CASSQFGTSGRLETQYF	TRBV3-1	TRBJ2-5	1
CASSQFIRGAYTEAFF	TRBV4-1	TRBJ1-1	1
CASSQFLDRDEQYF	TRBV4-3	TRBJ2-7	1
CASSQFLGQGDGYTF	TRBV4-3	TRBJ1-2	1
CASSQFLGVGETDTQYF	TRBV4-3	TRBJ2-3	1
CASSQFPGGAEQYF	TRBV4-1	TRBJ2-7	1
CASSQFQGAVTGELFF	TRBV4-3	TRBJ2-2	1
CASSQFRGLSTDTQYF	TRBV13	TRBJ2-3	1
CASSQFTAGNTIYF	TRBV4-1	TRBJ1-3	1
CASSQFTGEAYEQYF	TRBV4-3	TRBJ2-7	1
CASSQFTGESSGELFF	TRBV14	TRBJ2-2	2
CASSQFVRTGGNTEAFF	TRBV3-1	TRBJ1-1	1
CASSQGADEQYF	TRBV19	TRBJ2-7	1
CASSQGADQPQHF	TRBV12-3	TRBJ1-5	1
CASSQGADTQYF	TRBV4-2	TRBJ2-3	1
CASSQGADVGELFF	TRBV4-2	TRBJ2-2	1
CASSQGAELESNQPQHF	TRBV18	TRBJ1-5	1
CASSQGAESTYNEQFF	TRBV4-2	TRBJ2-1	1
CASSQGAETGSTEAFF	TRBV4-3	TRBJ1-1	1
CASSQGAFGQGSGEKLFF	TRBV4-3	TRBJ1-4	1
CASSQGAFSVEQYF	TRBV4-2	TRBJ2-7	1
CASSQGAGAGQPQHF	TRBV4-2	TRBJ1-5	1
CASSQGAGANQPQHF	TRBV4-3	TRBJ1-5	1
CASSQGAGDTQYF	TRBV4-1	TRBJ2-3	1
CASSQGAGGAQTYEQYF	TRBV4-2	TRBJ2-7	1
CASSQGAGGPTYGYTF	TRBV4-1	TRBJ1-2	1
CASSQGAGGQNEQFF	TRBV4-3	TRBJ2-1	1
CASSQGAGGVAAFF	TRBV4-2	TRBJ1-1	1
CASSQGAGGVYNEQFF	TRBV4-1	TRBJ2-1	1
CASSQGAGIGRTDTQYF	TRBV4-1	TRBJ2-3	26
CASSQGAGQGESNYFEKLFF	TRBV4-3	TRBJ1-4	1
CASSQGAGSYEQYF	TRBV4-3	TRBJ2-7	1
CASSQGAGTFNTEAFF	TRBV4-3	TRBJ1-1	1
CASSQGAGTYEQYF	TRBV4-1	TRBJ2-7	1
CASSQGAGYEQYF	TRBV4-3	TRBJ2-7	1
CASSQGALAGGYNEQFF	TRBV4-2	TRBJ2-1	1
CASSQGANTEAFF	TRBV12-3	TRBJ1-1	1
CASSQGAPYTQYF	TRBV4-2	TRBJ2-3	1
CASSQGAQEWSSYEQYF	TRBV3-1	TRBJ2-7	1
CASSQGASYEQYF	TRBV4-1	TRBJ2-7	1
CASSQGATGGFSTDTQYF	TRBV4-3	TRBJ2-3	1
CASSQGATGGPPDTQYF	TRBV14	TRBJ2-3	1
CASSQGATGTSTDTQYF	TRBV4-1	TRBJ2-3	1
CASSQGAYGYTF	TRBV19	TRBJ1-2	115
CASSQGAYSNQPQHF	TRBV4-3	TRBJ1-5	1
CASSQGDADTEAFF	TRBV4-1	TRBJ1-1	1
CASSQGDEQFF	TRBV4-3	TRBJ2-1	1
CASSQGDFLITDTQYF	TRBV7-3	TRBJ2-3	3
CASSQGDGGSTDTQYF	TRBV3-1	TRBJ2-3	1
CASSQGDLNRGYGYTF	TRBV4-3	TRBJ1-2	1
CASSQGDPNYGYTF	TRBV28	TRBJ1-2	1
CASSQGDPQETQYF	TRBV27	TRBJ2-5	1
CASSQGDRFSYEQYF	TRBV4-3	TRBJ2-7	1
CASSQGDRGCLCEQFF	TRBV14	TRBJ2-1	1
CASSQGDRNTEAFF	TRBV4-3	TRBJ1-1	1
CASSQGDRVETQYF	TRBV6-3	TRBJ2-5	1
CASSQGDRVWVNEQFF	TRBV3-1	TRBJ2-1	1
CASSQGDSGGQETQYF	TRBV9	TRBJ2-5	1
CASSQGDSISYNEQFF	TRBV4-1	TRBJ2-1	1
CASSQGDSNTDTQYF	TRBV7-9	TRBJ2-3	1
CASSQGDTEAFF	TRBV25-1	TRBJ1-1	1
CASSQGDTSNQPQHF	TRBV2	TRBJ1-5	1
CASSQGDYNEQFF	TRBV5-6	TRBJ2-1	2
CASSQGDYRTDTQYF	TRBV11-2	TRBJ2-3	1
CASSQGEAGEEKLFF	TRBV4-1	TRBJ1-4	1
CASSQGEAVMNSPLHF	TRBV4-2	TRBJ1-6	1
CASSQGEGGTGELFF	TRBV4-1	TRBJ2-2	1
CASSQGEGLTLLTDTQYF	TRBV4-1	TRBJ2-3	1
CASSQGEGRETQYF	TRBV4-1	TRBJ2-5	2
CASSQGEGSEQYF	TRBV4-1	TRBJ2-7	1
CASSQGEGVGDTQYF	TRBV4-3	TRBJ2-3	1
CASSQGEIYGYTF	TRBV6-3	TRBJ1-2	1
CASSQGELFEAFF	TRBV3-1	TRBJ1-1	1
CASSQGETGETQYF	TRBV3-1	TRBJ2-5	1
CASSQGETGNSPLHF	TRBV16	TRBJ1-6	1
CASSQGFNQPQHF	TRBV12-4	TRBJ1-5	1
CASSQGFRDRGRPQYEQYF	TRBV4-1	TRBJ2-7	1
CASSQGFSNQPQHF	TRBV4-1	TRBJ1-5	1
CASSQGFSWEQYF	TRBV4-1	TRBJ2-7	1
CASSQGFWTFGNTIYF	TRBV4-3	TRBJ1-3	1
CASSQGFYGYTF	TRBV19	TRBJ1-2	1
CASSQGFYLSGWDTGELFF	TRBV3-1	TRBJ2-2	1
CASSQGFYPAGDKDTEAFF	TRBV2	TRBJ1-1	1
CASSQGFYSTDTQYF	TRBV3-1	TRBJ2-3	1
CASSQGGADSYEQYF	TRBV4-1	TRBJ2-7	1
CASSQGGAGANEQFF	TRBV4-1	TRBJ2-1	1
CASSQGGAGGANEQFF	TRBV4-3	TRBJ2-1	1
CASSQGGAPGNEQFF	TRBV4-3	TRBJ2-1	1
CASSQGGAVLPETQYF	TRBV4-1	TRBJ2-5	1
CASSQGGDTQYF	TRBV4-3	TRBJ2-3	1
CASSQGGDTQYF	TRBV7-9	TRBJ2-3	1
CASSQGGELISQPQHF	TRBV4-1	TRBJ1-5	1
CASSQGGEPEFF	TRBV6-5	TRBJ2-1	1
CASSQGGEQYF	TRBV4-2	TRBJ2-7	1
CASSQGGEQYF	TRBV7-9	TRBJ2-7	1
CASSQGGEVGEKLFF	TRBV4-3	TRBJ1-4	2
CASSQGGFDYTF	TRBV4-1	TRBJ1-2	1
CASSQGGGDYEQYF	TRBV4-1	TRBJ2-7	1
CASSQGGGELFF	TRBV4-1	TRBJ2-2	1
CASSQGGGEQYF	TRBV9	TRBJ2-7	8
CASSQGGGGAYEQYF	TRBV4-3	TRBJ2-7	1
CASSQGGGGELFF	TRBV14	TRBJ2-2	1
CASSQGGGGSPLHF	TRBV4-1	TRBJ1-6	1
CASSQGGGGTDTQYF	TRBV4-3	TRBJ2-3	1
CASSQGGGGVADTQYF	TRBV3-1	TRBJ2-3	1
CASSQGGGLAGYTF	TRBV4-1	TRBJ1-2	1
CASSQGGGLEQYF	TRBV3-1	TRBJ2-7	1
CASSQGGGLGTEAFF	TRBV5-1	TRBJ1-1	1
CASSQGGGLGTGELFF	TRBV4-2	TRBJ2-2	1
CASSQGGGNGYTF	TRBV27	TRBJ1-2	1
CASSQGGGNYGYTF	TRBV7-9	TRBJ1-2	1
CASSQGGGPSYGYTF	TRBV4-1	TRBJ1-2	1
CASSQGGGQGYEQYF	TRBV4-3	TRBJ2-7	1
CASSQGGGRPNQPQHF	TRBV3-1	TRBJ1-5	1
CASSQGGGTDTQYF	TRBV4-2	TRBJ2-3	1
CASSQGGGTDTQYF	TRBV9	TRBJ2-3	1
CASSQGGGTEAFF	TRBV12-3	TRBJ1-1	1
CASSQGGGTEAFF	TRBV14	TRBJ1-1	1
CASSQGGGTGNEQFF	TRBV4-3	TRBJ2-1	1
CASSQGGGTYEQYF	TRBV9	TRBJ2-7	1
CASSQGGGWTEAFF	TRBV4-2	TRBJ1-1	1
CASSQGGGYTF	TRBV27	TRBJ1-2	1
CASSQGGHEQYF	TRBV4-2	TRBJ2-7	1
CASSQGGLAADTQYF	TRBV4-1	TRBJ2-3	1
CASSQGGLAGAYTDTQYF	TRBV7-3	TRBJ2-3	1
CASSQGGLAGEQFF	TRBV4-3	TRBJ2-1	1
CASSQGGLAGGFTGELFF	TRBV4-3	TRBJ2-2	1
CASSQGGLVYRDTGELFF	TRBV4-3	TRBJ2-2	1
CASSQGGNEQFF	TRBV5-5	TRBJ2-1	1
CASSQGGNSGGPNTGELFF	TRBV4-1	TRBJ2-2	1
CASSQGGPPQHF	TRBV3-1	TRBJ1-5	1
CASSQGGPYEQYF	TRBV5-6	TRBJ2-7	1
CASSQGGQGKGGYTF	TRBV4-2	TRBJ1-2	1
CASSQGGQMNTEAFF	TRBV4-1	TRBJ1-1	1
CASSQGGQNTGELFF	TRBV4-2	TRBJ2-2	1
CASSQGGRHQETQYF	TRBV3-1	TRBJ2-5	1
CASSQGGRPYEQYF	TRBV4-3	TRBJ2-7	1
CASSQGGRRNQPQHF	TRBV4-2	TRBJ1-5	1
CASSQGGRSSKADTQYF	TRBV4-2	TRBJ2-3	1
CASSQGGSADTQYF	TRBV7-3	TRBJ2-3	1
CASSQGGSDTDTQYF	TRBV4-3	TRBJ2-3	1
CASSQGGSGTEAFF	TRBV4-2	TRBJ1-1	1
CASSQGGSGVPSYEQYF	TRBV4-2	TRBJ2-7	1
CASSQGGSPLHF	TRBV4-2	TRBJ1-6	1
CASSQGGSRGYTEAFF	TRBV4-3	TRBJ1-1	1
CASSQGGSTIYF	TRBV2	TRBJ1-3	1
CASSQGGTAPYEQYF	TRBV4-3	TRBJ2-7	1
CASSQGGTEAFF	TRBV12-3	TRBJ1-1	1
CASSQGGTEAFF	TRBV4-2	TRBJ1-1	1
CASSQGGTGEETQYF	TRBV3-1	TRBJ2-5	1
CASSQGGTGLYNEQFF	TRBV3-1	TRBJ2-1	1
CASSQGGTGQGGPEAFF	TRBV4-2	TRBJ1-1	1
CASSQGGTSGGRQYF	TRBV4-3	TRBJ2-3	1
CASSQGGTYNEQFF	TRBV4-2	TRBJ2-1	1
CASSQGGVGQGVETQYF	TRBV4-3	TRBJ2-5	1
CASSQGGVGSPLHF	TRBV4-1	TRBJ1-6	1
CASSQGGVNQPQHF	TRBV4-2	TRBJ1-5	1
CASSQGGVSADTQYF	TRBV4-3	TRBJ2-3	1
CASSQGGVTDTQYF	TRBV4-3	TRBJ2-3	1
CASSQGHEQFF	TRBV4-2	TRBJ2-1	1
CASSQGHGGFYEQYF	TRBV14	TRBJ2-7	1
CASSQGIGGAGELFF	TRBV4-1	TRBJ2-2	1
CASSQGIGNYEQYF	TRBV4-3	TRBJ2-7	1
CASSQGIGSGDSYEQYF	TRBV4-1	TRBJ2-7	1
CASSQGILSGELFF	TRBV4-2	TRBJ2-2	1
CASSQGILSGGPLHF	TRBV4-3	TRBJ1-6	1
CASSQGILYTGELFF	TRBV4-1	TRBJ2-2	1
CASSQGIRTPTEQYF	TRBV4-2	TRBJ2-7	1
CASSQGISTAYEQYF	TRBV4-3	TRBJ2-7	1
CASSQGISYEQYF	TRBV4-1	TRBJ2-7	1
CASSQGISYNEQFF	TRBV4-3	TRBJ2-1	1
CASSQGIYQPQHF	TRBV4-1	TRBJ1-5	1
CASSQGKGAEAFF	TRBV3-1	TRBJ1-1	1
CASSQGKGNQPQHF	TRBV27	TRBJ1-5	1
CASSQGKKLFF	TRBV4-1	TRBJ1-4	1
CASSQGKQGVRMNTEAFF	TRBV14	TRBJ1-1	1
CASSQGLADNTGELFF	TRBV4-2	TRBJ2-2	1
CASSQGLAETQYF	TRBV14	TRBJ2-5	1
CASSQGLAGAYEQFF	TRBV4-3	TRBJ2-1	1
CASSQGLAGDEQFF	TRBV5-4	TRBJ2-1	1
CASSQGLAGGLDEQFF	TRBV4-1	TRBJ2-1	1
CASSQGLAGGPLGELFF	TRBV5-4	TRBJ2-2	1
CASSQGLAGSEQYF	TRBV4-3	TRBJ2-7	1
CASSQGLAGSYEQYF	TRBV14	TRBJ2-7	1
CASSQGLAGTYEQYF	TRBV5-1	TRBJ2-7	1
CASSQGLAGVHEQFF	TRBV4-3	TRBJ2-1	1
CASSQGLAGVPETQYF	TRBV3-1	TRBJ2-5	1
CASSQGLAGVTGELFF	TRBV7-2	TRBJ2-2	1
CASSQGLAPAIDTQYF	TRBV6-3	TRBJ2-3	1
CASSQGLASSYEQYF	TRBV4-2	TRBJ2-7	1
CASSQGLASTSTDTQYF	TRBV4-2	TRBJ2-3	1
CASSQGLASYEQYF	TRBV4-3	TRBJ2-7	1
CASSQGLAYEQYF	TRBV4-3	TRBJ2-7	1
CASSQGLEADNEQFF	TRBV4-3	TRBJ2-1	1
CASSQGLEDYEQYF	TRBV3-1	TRBJ2-7	1
CASSQGLEMDTQYF	TRBV4-1	TRBJ2-3	1
CASSQGLESVETQYF	TRBV4-1	TRBJ2-5	1
CASSQGLGAGGRPDTQYF	TRBV4-1	TRBJ2-3	1
CASSQGLGAWETQYF	TRBV4-3	TRBJ2-5	1
CASSQGLGGEETQYF	TRBV4-3	TRBJ2-5	1
CASSQGLGGPETQYF	TRBV3-1	TRBJ2-5	1
CASSQGLGPNEQFF	TRBV4-1	TRBJ2-1	1
CASSQGLGQDSYEQYF	TRBV4-3	TRBJ2-7	1
CASSQGLGQPQHF	TRBV4-1	TRBJ1-5	1
CASSQGLGTSGVYEQYF	TRBV4-3	TRBJ2-7	1
CASSQGLHGPNTEAFF	TRBV4-3	TRBJ1-1	1
CASSQGLNRDYTGELFF	TRBV14	TRBJ2-2	1
CASSQGLRPYEQYF	TRBV4-1	TRBJ2-7	1
CASSQGLRRDREQFF	TRBV14	TRBJ2-1	1
CASSQGLSETQYF	TRBV5-6	TRBJ2-5	1
CASSQGLSFNLDEQYF	TRBV14	TRBJ2-7	1
CASSQGLSGSSYNEQFF	TRBV4-3	TRBJ2-1	1
CASSQGLSNEQYF	TRBV4-1	TRBJ2-7	5
CASSQGLSNGNEQFF	TRBV4-3	TRBJ2-1	1
CASSQGLTGMAETQYF	TRBV3-1	TRBJ2-5	1
CASSQGLVGDQPQHF	TRBV4-1	TRBJ1-5	1
CASSQGLVRSGANVLTF	TRBV3-1	TRBJ2-6	1
CASSQGLVSGSPLHF	TRBV4-3	TRBJ1-6	1
CASSQGLYSSF	TRBV3-1	TRBJ2-7	1
CASSQGMNTEAFF	TRBV4-1	TRBJ1-1	2
CASSQGNEQYF	TRBV3-1	TRBJ2-7	1
CASSQGNRGTNQPQHF	TRBV3-1	TRBJ1-5	1
CASSQGNSVGGQPQHF	TRBV4-3	TRBJ1-5	1
CASSQGNYGYTF	TRBV19	TRBJ1-2	10
CASSQGPADGYTF	TRBV5-5	TRBJ1-2	1
CASSQGPAGGRNQPQHF	TRBV4-1	TRBJ1-5	1
CASSQGPAGGTDTQYF	TRBV4-3	TRBJ2-3	1
CASSQGPAGLTDTQYF	TRBV4-3	TRBJ2-3	1
CASSQGPFWDTPNYGYTF	TRBV4-1	TRBJ1-2	1
CASSQGPGAIYEQYF	TRBV6-3	TRBJ2-7	1
CASSQGPGGVYEQYF	TRBV5-6	TRBJ2-7	1
CASSQGPGQGLNTEAFF	TRBV4-3	TRBJ1-1	1
CASSQGPGTEAFF	TRBV4-3	TRBJ1-1	1
CASSQGPGTEQYF	TRBV4-1	TRBJ2-7	1
CASSQGPGTGELFF	TRBV4-3	TRBJ2-2	1
CASSQGPGTGGLKLFF	TRBV4-1	TRBJ1-4	1
CASSQGPLGGTDTQYF	TRBV4-3	TRBJ2-3	1
CASSQGPNQPQHF	TRBV4-1	TRBJ1-5	1
CASSQGPPGEQYF	TRBV4-1	TRBJ2-7	1
CASSQGPPKNNSPLHF	TRBV7-2	TRBJ1-6	1
CASSQGPPPYEQYF	TRBV4-1	TRBJ2-7	1
CASSQGPQEFF	TRBV3-1	TRBJ2-1	1
CASSQGPSDRNCYEQYF	TRBV4-3	TRBJ2-7	1
CASSQGPTGFWYGYTF	TRBV4-1	TRBJ1-2	1
CASSQGPTSYEQYF	TRBV4-1	TRBJ2-7	1
CASSQGPVNEQYF	TRBV4-1	TRBJ2-7	1
CASSQGPYGGNYNEQFF	TRBV4-3	TRBJ2-1	1
CASSQGPYNEQFF	TRBV4-1	TRBJ2-1	1
CASSQGQAFYEQYF	TRBV4-3	TRBJ2-7	1
CASSQGQANREAFF	TRBV4-1	TRBJ1-1	1
CASSQGQFNSPLHF	TRBV4-1	TRBJ1-6	2
CASSQGQGAEQYF	TRBV4-3	TRBJ2-7	1
CASSQGQGANTGELFF	TRBV4-1	TRBJ2-2	1
CASSQGQGARQPQHF	TRBV3-1	TRBJ1-5	1
CASSQGQGATEAFF	TRBV4-1	TRBJ1-1	2
CASSQGQGATSSPLHF	TRBV3-1	TRBJ1-6	1
CASSQGQGDYEQYF	TRBV4-1	TRBJ2-7	1
CASSQGQGGAYEQYF	TRBV4-1	TRBJ2-7	2
CASSQGQGGDTGELFF	TRBV4-1	TRBJ2-2	1
CASSQGQGGEKLFF	TRBV11-2	TRBJ1-4	1
CASSQGQGGEQYF	TRBV4-1	TRBJ2-7	12
CASSQGQGGGELFF	TRBV4-3	TRBJ2-2	1
CASSQGQGGYEQYF	TRBV4-1	TRBJ2-7	1
CASSQGQGLGYEQYF	TRBV4-1	TRBJ2-7	1
CASSQGQGLNEQYF	TRBV3-1	TRBJ2-7	1
CASSQGQGMTPLHF	TRBV3-1	TRBJ1-6	1
CASSQGQGNTEAFF	TRBV4-1	TRBJ1-1	3
CASSQGQGPDTQYF	TRBV4-1	TRBJ2-3	1
CASSQGQGQPQHF	TRBV6-3	TRBJ1-5	1
CASSQGQGSNYGYTF	TRBV4-1	TRBJ1-2	1
CASSQGQGSPLHF	TRBV4-1	TRBJ1-6	1
CASSQGQGSYEQYF	TRBV14	TRBJ2-7	1
CASSQGQGSYFEQFF	TRBV6-5	TRBJ2-1	1
CASSQGQGTEAFF	TRBV4-3	TRBJ1-1	1
CASSQGQGTLYEQYF	TRBV4-1	TRBJ2-7	1
CASSQGQGTTTDTQYF	TRBV4-3	TRBJ2-3	1
CASSQGQGVNEQYF	TRBV4-2	TRBJ2-7	1
CASSQGQGVTEAFF	TRBV4-1	TRBJ1-1	1
CASSQGQGYEQYF	TRBV4-3	TRBJ2-7	1
CASSQGQHYGYTF	TRBV18	TRBJ1-2	1
CASSQGQINQPQHF	TRBV7-8	TRBJ1-5	1
CASSQGQLSTDTQYF	TRBV4-3	TRBJ2-3	1
CASSQGQNTEAFF	TRBV4-1	TRBJ1-1	2
CASSQGQPGQAYNEQFF	TRBV3-1	TRBJ2-1	1
CASSQGQQSSYNSPLHF	TRBV6-6	TRBJ1-6	1
CASSQGQQYSYEQYF	TRBV3-1	TRBJ2-7	1
CASSQGQTNEQFF	TRBV4-2	TRBJ2-1	1
CASSQGQTTNEKLFF	TRBV18	TRBJ1-4	1
CASSQGQVGSYEQYF	TRBV3-1	TRBJ2-7	1
CASSQGQVNEQFF	TRBV14	TRBJ2-1	1
CASSQGQVNQPQHF	TRBV27	TRBJ1-5	1
CASSQGRAPDEQFF	TRBV3-1	TRBJ2-1	1
CASSQGRDAHTF	TRBV4-3	TRBJ1-2	1
CASSQGREAGGPAGYNEQFF	TRBV4-3	TRBJ2-1	1
CASSQGREARYEQYF	TRBV3-1	TRBJ2-7	1
CASSQGREPTDTQYF	TRBV4-3	TRBJ2-3	1
CASSQGRERTSYNEQFF	TRBV14	TRBJ2-1	1
CASSQGRESYEQYF	TRBV4-3	TRBJ2-7	1
CASSQGRGALNEQFF	TRBV3-1	TRBJ2-1	1
CASSQGRGGAYEQYF	TRBV4-3	TRBJ2-7	1
CASSQGRGGGETQYF	TRBV3-1	TRBJ2-5	3
CASSQGRGGPDTQYF	TRBV5-5	TRBJ2-3	1
CASSQGRGGTEAFF	TRBV4-1	TRBJ1-1	1
CASSQGRGGTEAFF	TRBV4-3	TRBJ1-1	1
CASSQGRGGYEQYF	TRBV4-3	TRBJ2-7	1
CASSQGRGPTSINEQFF	TRBV4-3	TRBJ2-1	1
CASSQGRGQGYEQYF	TRBV4-3	TRBJ2-7	1
CASSQGRGRAGSYNEQFF	TRBV4-3	TRBJ2-1	1
CASSQGRGRNSYEQYF	TRBV4-3	TRBJ2-7	1
CASSQGRGSAYSGNTIYF	TRBV4-1	TRBJ1-3	1
CASSQGRGSGNTIYF	TRBV4-1	TRBJ1-3	1
CASSQGRGSYEQYF	TRBV4-1	TRBJ2-7	1
CASSQGRGTQETQYF	TRBV4-3	TRBJ2-5	1
CASSQGRHNEQFF	TRBV4-3	TRBJ2-1	1
CASSQGRLRGVDTQYF	TRBV4-2	TRBJ2-3	1
CASSQGRMNTEAFF	TRBV4-1	TRBJ1-1	1
CASSQGRNEQFF	TRBV4-2	TRBJ2-1	1
CASSQGRNTGELFF	TRBV4-3	TRBJ2-2	1
CASSQGRPTDTQYF	TRBV4-1	TRBJ2-3	1
CASSQGRQRVSYGYTF	TRBV4-1	TRBJ1-2	1
CASSQGRRGGTDTQYF	TRBV4-3	TRBJ2-3	1
CASSQGRRGQYEKLFF	TRBV4-2	TRBJ1-4	1
CASSQGRTSGYNEQFF	TRBV14	TRBJ2-1	1
CASSQGRVLPSRTDTQYF	TRBV4-1	TRBJ2-3	1
CASSQGRWDEKLFF	TRBV4-1	TRBJ1-4	2
CASSQGRYSGNTIYF	TRBV4-3	TRBJ1-3	1
CASSQGSAGGNEQFF	TRBV4-1	TRBJ2-1	4
CASSQGSATEAFF	TRBV4-3	TRBJ1-1	1
CASSQGSDRTSYEQYF	TRBV4-2	TRBJ2-7	1
CASSQGSDTQYF	TRBV4-3	TRBJ2-3	1
CASSQGSEIVSGELFF	TRBV4-1	TRBJ2-2	1
CASSQGSFSGNTIYF	TRBV14	TRBJ1-3	1
CASSQGSGANVLTF	TRBV11-2	TRBJ2-6	1
CASSQGSGELFF	TRBV4-3	TRBJ2-2	1
CASSQGSGGGYEQFF	TRBV4-3	TRBJ2-1	1
CASSQGSGHTEAFF	TRBV4-1	TRBJ1-1	1
CASSQGSGINSPLHF	TRBV4-3	TRBJ1-6	1
CASSQGSGVNEKLFF	TRBV4-3	TRBJ1-4	1
CASSQGSHNYEQYF	TRBV4-3	TRBJ2-7	1
CASSQGSHTEAFF	TRBV6-5	TRBJ1-1	1
CASSQGSIGTPQNTEAFF	TRBV14	TRBJ1-1	1
CASSQGSLASETQYF	TRBV4-3	TRBJ2-5	1
CASSQGSNSGNGYTF	TRBV4-2	TRBJ1-2	1
CASSQGSPIPDGYTF	TRBV9	TRBJ1-2	1
CASSQGSPLGFAGELFF	TRBV4-3	TRBJ2-2	1
CASSQGSQVNTEAFF	TRBV4-1	TRBJ1-1	1
CASSQGSREAFF	TRBV4-3	TRBJ1-1	1
CASSQGSRQFF	TRBV4-3	TRBJ2-1	1
CASSQGSSGPLTDTQYF	TRBV4-1	TRBJ2-3	1
CASSQGSSPLHF	TRBV4-3	TRBJ1-6	1
CASSQGSSWGTDTQYF	TRBV4-1	TRBJ2-3	1
CASSQGSTEAFF	TRBV4-2	TRBJ1-1	1
CASSQGSTSNYGYTF	TRBV4-3	TRBJ1-2	1
CASSQGSTYEQYF	TRBV4-1	TRBJ2-7	1
CASSQGSWGYTF	TRBV19	TRBJ1-2	3
CASSQGSYGYTF	TRBV19	TRBJ1-2	3
CASSQGSYNEQFF	TRBV7-3	TRBJ2-1	1
CASSQGTAFRRHRNSPLHF	TRBV3-1	TRBJ1-6	1
CASSQGTAKYEQYF	TRBV5-4	TRBJ2-7	1
CASSQGTDFYTGELFF	TRBV4-3	TRBJ2-2	1
CASSQGTDYGYTF	TRBV3-1	TRBJ1-2	1
CASSQGTEAEQYF	TRBV3-1	TRBJ2-7	1
CASSQGTEAFF	TRBV10-1	TRBJ1-1	1
CASSQGTEAFF	TRBV4-1	TRBJ1-1	1
CASSQGTGDGYTF	TRBV4-3	TRBJ1-2	1
CASSQGTGEETQYF	TRBV3-1	TRBJ2-5	1
CASSQGTGEETQYF	TRBV4-3	TRBJ2-5	1
CASSQGTGEGYGYTF	TRBV4-3	TRBJ1-2	1
CASSQGTGELFF	TRBV14	TRBJ2-2	1
CASSQGTGFEDF	TRBV3-1	TRBJ2-5	1
CASSQGTGGEKLFF	TRBV4-1	TRBJ1-4	1
CASSQGTGGLYEQYF	TRBV4-1	TRBJ2-7	1
CASSQGTGGTEAFF	TRBV4-1	TRBJ1-1	2
CASSQGTGGVEGDNEQFF	TRBV14	TRBJ2-1	1
CASSQGTGGVYEQYF	TRBV4-3	TRBJ2-7	1
CASSQGTGIYEQYF	TRBV11-2	TRBJ2-7	1
CASSQGTGLAGDNEQFF	TRBV4-3	TRBJ2-1	1
CASSQGTGLDEKLFF	TRBV4-2	TRBJ1-4	1
CASSQGTGMTEAFF	TRBV27	TRBJ1-1	1
CASSQGTGNNQPQHF	TRBV4-3	TRBJ1-5	1
CASSQGTGNQETQYF	TRBV14	TRBJ2-5	1
CASSQGTGNTEAFF	TRBV4-1	TRBJ1-1	5
CASSQGTGQGETQYF	TRBV4-3	TRBJ2-5	1
CASSQGTGRPYNEQFF	TRBV3-1	TRBJ2-1	1
CASSQGTGRYEQYF	TRBV4-3	TRBJ2-7	1
CASSQGTGSGANVLTF	TRBV4-3	TRBJ2-6	1
CASSQGTGSGLYGYTF	TRBV4-2	TRBJ1-2	1
CASSQGTGSYEQYF	TRBV4-1	TRBJ2-7	1
CASSQGTGTGELFF	TRBV14	TRBJ2-2	1
CASSQGTGTKNTEAFF	TRBV4-1	TRBJ1-1	1
CASSQGTGVGKNYGYTF	TRBV4-2	TRBJ1-2	1
CASSQGTGVYEQYF	TRBV4-3	TRBJ2-7	1
CASSQGTGYTEAFF	TRBV4-1	TRBJ1-1	1
CASSQGTIDNSPLHF	TRBV3-1	TRBJ1-6	1
CASSQGTLPGEKLFF	TRBV14	TRBJ1-4	1
CASSQGTMGYEQYF	TRBV4-3	TRBJ2-7	1
CASSQGTNQPQHF	TRBV4-1	TRBJ1-5	1
CASSQGTNYEQYF	TRBV4-3	TRBJ2-7	1
CASSQGTPGTYEQYF	TRBV4-3	TRBJ2-7	1
CASSQGTQDGYTF	TRBV4-3	TRBJ1-2	1
CASSQGTSAPGQETQYF	TRBV3-1	TRBJ2-5	1
CASSQGTSFFEQFF	TRBV3-1	TRBJ2-1	1
CASSQGTSGADTQYF	TRBV4-3	TRBJ2-3	2
CASSQGTSGETQYF	TRBV4-3	TRBJ2-5	1
CASSQGTSGGYEQYF	TRBV7-8	TRBJ2-7	1
CASSQGTSGIYPSTDTQYF	TRBV5-6	TRBJ2-3	1
CASSQGTSGLNEQFF	TRBV4-3	TRBJ2-1	1
CASSQGTSGRARREQFF	TRBV4-3	TRBJ2-1	1
CASSQGTSGRAYEQYF	TRBV4-3	TRBJ2-7	1
CASSQGTSGSDEQFF	TRBV3-1	TRBJ2-1	1
CASSQGTSGSYEQYF	TRBV4-3	TRBJ2-7	2
CASSQGTSGTNEQFF	TRBV11-2	TRBJ2-1	1
CASSQGTSGVFF	TRBV4-2	TRBJ2-7	1
CASSQGTSVKNIQYF	TRBV16	TRBJ2-4	1
CASSQGTTGELFF	TRBV3-1	TRBJ2-2	1
CASSQGTVLQPQHF	TRBV4-3	TRBJ1-5	2
CASSQGTVNTEAFF	TRBV4-1	TRBJ1-1	2
CASSQGTVNTEAFF	TRBV4-3	TRBJ1-1	1
CASSQGTYEQYF	TRBV7-9	TRBJ2-7	1
CASSQGVAALNTGELFF	TRBV4-3	TRBJ2-2	1
CASSQGVAGAFDEQFF	TRBV4-3	TRBJ2-1	26
CASSQGVAGGWGTQYF	TRBV3-1	TRBJ2-5	1
CASSQGVAGGYEQYF	TRBV4-2	TRBJ2-7	1
CASSQGVDTQYF	TRBV7-9	TRBJ2-3	1
CASSQGVEGAYEQYF	TRBV4-3	TRBJ2-7	1
CASSQGVGGSNNEQFF	TRBV4-3	TRBJ2-1	1
CASSQGVGGVDSYNEQFF	TRBV4-3	TRBJ2-1	1
CASSQGVGLAGASYEQYF	TRBV4-1	TRBJ2-7	1
CASSQGVGLRDREIANPYEQYF	TRBV4-3	TRBJ2-7	1
CASSQGVGQEKLFF	TRBV4-1	TRBJ1-4	1
CASSQGVGTEVGF	TRBV4-1	TRBJ2-7	1
CASSQGVGYEQYF	TRBV3-1	TRBJ2-7	1
CASSQGVHGESPHRGANLFF	TRBV4-2	TRBJ2-2	1
CASSQGVITEAFF	TRBV4-1	TRBJ1-1	1
CASSQGVLLGQPQHF	TRBV4-3	TRBJ1-5	1
CASSQGVLNTEAFF	TRBV4-3	TRBJ1-1	1
CASSQGVLNTGELFF	TRBV4-1	TRBJ2-2	1
CASSQGVQLIQYF	TRBV4-1	TRBJ2-4	1
CASSQGVSGQETQYF	TRBV4-1	TRBJ2-5	1
CASSQGVSSYEQYF	TRBV3-1	TRBJ2-7	1
CASSQGVSVTDTQYF	TRBV4-1	TRBJ2-3	1
CASSQGVTEAFF	TRBV4-2	TRBJ1-1	1
CASSQGVVYEQYF	TRBV4-1	TRBJ2-7	1
CASSQGVWDQPQHF	TRBV4-3	TRBJ1-5	1
CASSQGVWTNTEAFF	TRBV4-1	TRBJ1-1	1
CASSQGWDSMGGAFF	TRBV14	TRBJ1-1	1
CASSQGWGANTEAFF	TRBV6-5	TRBJ1-1	1
CASSQGWGATEAFF	TRBV4-1	TRBJ1-1	1
CASSQGWGDGEQYF	TRBV4-2	TRBJ2-7	1
CASSQGWGFRADTQYF	TRBV4-3	TRBJ2-3	1
CASSQGWGNIQYF	TRBV14	TRBJ2-4	1
CASSQGWGPLLWTEAFF	TRBV4-1	TRBJ1-1	1
CASSQGWRGPSYNEQFF	TRBV3-1	TRBJ2-1	1
CASSQGYEADTQYF	TRBV4-3	TRBJ2-3	1
CASSQGYEQYF	TRBV4-2	TRBJ2-7	2
CASSQGYEQYF	TRBV9	TRBJ2-7	1
CASSQGYGEQQDTQYF	TRBV4-1	TRBJ2-3	1
CASSQGYGNQPQHF	TRBV27	TRBJ1-5	1
CASSQGYGQPQHF	TRBV12-3	TRBJ1-5	1
CASSQGYGSGGRYEQYF	TRBV3-1	TRBJ2-7	1
CASSQGYGTGLNEQYF	TRBV4-3	TRBJ2-7	1
CASSQGYGYTF	TRBV14	TRBJ1-2	1
CASSQGYHEQFF	TRBV16	TRBJ2-1	1
CASSQGYIDQVF	TRBV12-4	TRBJ1-1	1
CASSQGYLLGAANEKLFF	TRBV4-1	TRBJ1-4	1
CASSQGYNEQFF	TRBV4-3	TRBJ2-1	2
CASSQGYSGPFNEQFF	TRBV4-3	TRBJ2-1	1
CASSQHAGDSPLHF	TRBV4-3	TRBJ1-6	1
CASSQHGYTF	TRBV25-1	TRBJ1-2	1
CASSQHLSRAGDTQYF	TRBV7-6	TRBJ2-3	1
CASSQHPEVGVKNIQYF	TRBV4-1	TRBJ2-4	1
CASSQHPGQVYTDTQYF	TRBV4-3	TRBJ2-3	1
CASSQHRDREDNEQFF	TRBV13	TRBJ2-1	1
CASSQHRDSNQPQHF	TRBV4-1	TRBJ1-5	1
CASSQHRGRTGELFF	TRBV4-1	TRBJ2-2	1
CASSQHTVPGQGFPYEQYF	TRBV4-1	TRBJ2-7	1
CASSQIAGGDIQYF	TRBV9	TRBJ2-4	1
CASSQIEGPQDAFF	TRBV4-3	TRBJ1-1	1
CASSQIFNRGLSPPYEQYF	TRBV14	TRBJ2-7	1
CASSQIGGPGNTIYF	TRBV4-1	TRBJ1-3	1
CASSQIGLETYEQYF	TRBV4-2	TRBJ2-7	1
CASSQIGSNQPQHF	TRBV4-1	TRBJ1-5	1
CASSQIGTYEQYF	TRBV5-6	TRBJ2-7	1
CASSQIHGGGAFTDTQYF	TRBV4-1	TRBJ2-3	1
CASSQIHRGILSPLHF	TRBV4-3	TRBJ1-6	1
CASSQIIGSGRYNSPLHF	TRBV3-1	TRBJ1-6	1
CASSQILRVTSADTQYF	TRBV28	TRBJ2-3	1
CASSQINSGGSYEQYF	TRBV4-3	TRBJ2-7	1
CASSQIPDEQYF	TRBV4-1	TRBJ2-7	1
CASSQIPGDGELFF	TRBV4-3	TRBJ2-2	1
CASSQIPGGSNEKLFF	TRBV3-1	TRBJ1-4	1
CASSQIPGLAGVGDTQYF	TRBV27	TRBJ2-3	1
CASSQIPPTVPYEQYF	TRBV27	TRBJ2-7	1
CASSQIQGNIYGYTF	TRBV3-1	TRBJ1-2	1
CASSQIQGNVGNEQFF	TRBV27	TRBJ2-1	1
CASSQIQGQETQYF	TRBV4-1	TRBJ2-5	1
CASSQIQLNSPLHF	TRBV3-1	TRBJ1-6	1
CASSQIRGPYNEQFF	TRBV4-3	TRBJ2-1	1
CASSQISGGPTDTQYF	TRBV7-3	TRBJ2-3	1
CASSQISYEQYF	TRBV5-6	TRBJ2-7	1
CASSQITDRVTGNTIYF	TRBV3-1	TRBJ1-3	1
CASSQITGGHQETQYF	TRBV7-8	TRBJ2-5	1
CASSQITGTFYNEQFF	TRBV3-1	TRBJ2-1	1
CASSQIVGAGELFF	TRBV4-1	TRBJ2-2	1
CASSQIVGGRNSPLHF	TRBV4-3	TRBJ1-6	1
CASSQIVLPGDSYEQYF	TRBV6-7	TRBJ2-7	1
CASSQIYNPYGYTF	TRBV14	TRBJ1-2	1
CASSQKAARGTDTQYF	TRBV4-3	TRBJ2-3	1
CASSQKAGGPGTDTQYF	TRBV4-1	TRBJ2-3	1
CASSQKDRGLSEAFF	TRBV4-1	TRBJ1-1	1
CASSQKDRGPFF	TRBV6-6	TRBJ2-1	1
CASSQKFADTQYF	TRBV3-1	TRBJ2-3	1
CASSQKLDRETQYF	TRBV4-2	TRBJ2-5	1
CASSQKPALAPAPDTQYF	TRBV4-1	TRBJ2-3	1
CASSQKPASGSVHEQYF	TRBV4-2	TRBJ2-7	1
CASSQKPGQYFDEQFF	TRBV4-1	TRBJ2-1	1
CASSQKPPGNTIYF	TRBV14	TRBJ1-3	1
CASSQKRGMNTEAFF	TRBV4-3	TRBJ1-1	1
CASSQKRTGGTEAFF	TRBV4-3	TRBJ1-1	1
CASSQKSGNPLVQYF	TRBV3-1	TRBJ2-4	1
CASSQKTEAFF	TRBV5-6	TRBJ1-1	1
CASSQKTVNTEAFF	TRBV4-3	TRBJ1-1	1
CASSQKYTLNTEAFF	TRBV4-3	TRBJ1-1	1
CASSQLAGEDTQYF	TRBV4-1	TRBJ2-3	1
CASSQLAGGPEQFF	TRBV4-3	TRBJ2-1	1
CASSQLAGGYSDTQYF	TRBV4-1	TRBJ2-3	1
CASSQLAGQNTGELFF	TRBV27	TRBJ2-2	1
CASSQLAGQPPGDTQYF	TRBV4-1	TRBJ2-3	1
CASSQLAGVFLNSYEQYF	TRBV5-6	TRBJ2-7	1
CASSQLAGVFPGELFF	TRBV3-1	TRBJ2-2	2
CASSQLAHETQYF	TRBV7-8	TRBJ2-5	1
CASSQLAWGEGPYGYTF	TRBV14	TRBJ1-2	1
CASSQLDGTDTQYF	TRBV4-2	TRBJ2-3	1
CASSQLDGYSNQPQHF	TRBV4-1	TRBJ1-5	1
CASSQLGDASYEQYF	TRBV5-4	TRBJ2-7	1
CASSQLGGAYEQYF	TRBV3-1	TRBJ2-7	1
CASSQLGGVTYNEQFF	TRBV4-1	TRBJ2-1	1
CASSQLGLAGDEQFF	TRBV14	TRBJ2-1	1
CASSQLGLAGDTQYF	TRBV7-2	TRBJ2-3	1
CASSQLGQGGYEQYF	TRBV7-9	TRBJ2-7	1
CASSQLGRGDNEQFF	TRBV7-9	TRBJ2-1	393
CASSQLGSEQFF	TRBV7-2	TRBJ2-1	1
CASSQLGTQYF	TRBV7-8	TRBJ2-5	1
CASSQLGTTPWETQYF	TRBV4-1	TRBJ2-5	1
CASSQLHEGTEAFF	TRBV3-1	TRBJ1-1	1
CASSQLHLAGGLDEQFF	TRBV4-3	TRBJ2-1	1
CASSQLLAGDHNEQFF	TRBV4-2	TRBJ2-1	1
CASSQLLAGVDQVTQYF	TRBV14	TRBJ2-3	1
CASSQLLGLAEGDTQYF	TRBV4-1	TRBJ2-3	1
CASSQLLGMNTEAFF	TRBV4-1	TRBJ1-1	1
CASSQLMENTEAFF	TRBV4-1	TRBJ1-1	1
CASSQLMSGLTEAFF	TRBV4-3	TRBJ1-1	1
CASSQLNGVGGYTF	TRBV4-1	TRBJ1-2	1
CASSQLPETSGEETQYF	TRBV14	TRBJ2-5	1
CASSQLPSQYGGRMDTQYF	TRBV7-6	TRBJ2-3	1
CASSQLRGTTDTQYF	TRBV14	TRBJ2-3	1
CASSQLSGIAYEQYF	TRBV4-1	TRBJ2-7	1
CASSQLSGSGGNEQFF	TRBV4-2	TRBJ2-1	1
CASSQLSIGGRINEQFF	TRBV4-3	TRBJ2-1	1
CASSQLSPLAGGLETQYF	TRBV4-1	TRBJ2-5	1
CASSQLSQGNTEAFF	TRBV4-2	TRBJ1-1	3
CASSQLSVTSPFF	TRBV4-1	TRBJ2-1	1
CASSQLTEGTGELFF	TRBV4-3	TRBJ2-2	2
CASSQLTGSTYEQYF	TRBV4-2	TRBJ2-7	1
CASSQLTGTEQYF	TRBV4-1	TRBJ2-7	1
CASSQLTGVFTEAFF	TRBV4-3	TRBJ1-1	1
CASSQLTQGARLNEQFF	TRBV3-1	TRBJ2-1	1
CASSQLTSGRENTGELFF	TRBV4-3	TRBJ2-2	1
CASSQLTSVGGETQYF	TRBV7-8	TRBJ2-5	1
CASSQLVAGALGETQYF	TRBV4-1	TRBJ2-5	1
CASSQLVGQGSTGELFF	TRBV7-3	TRBJ2-2	1
CASSQLVSGANVLTF	TRBV13	TRBJ2-6	1
CASSQLYRVGLETQYF	TRBV4-3	TRBJ2-5	1
CASSQMALRADDGYTF	TRBV3-1	TRBJ1-2	1
CASSQMDKENGGNYGYTF	TRBV12-4	TRBJ1-2	1
CASSQMDREVTEAFF	TRBV5-6	TRBJ1-1	1
CASSQMDRVETQYF	TRBV16	TRBJ2-5	1
CASSQMGGAYEQYF	TRBV3-1	TRBJ2-7	1
CASSQMGLADRNEQFF	TRBV14	TRBJ2-1	1
CASSQMGPYNEQFF	TRBV4-1	TRBJ2-1	1
CASSQMGVDTQYF	TRBV2	TRBJ2-3	1
CASSQMRGAGYEQYF	TRBV4-1	TRBJ2-7	1
CASSQMTGVYGGELFF	TRBV4-1	TRBJ2-2	1
CASSQMTWNTGELFF	TRBV4-3	TRBJ2-2	1
CASSQNAEPGYNEQFF	TRBV3-1	TRBJ2-1	1
CASSQNDASSYEQYF	TRBV4-2	TRBJ2-7	1
CASSQNDRGFGYGYTF	TRBV5-4	TRBJ1-2	1
CASSQNGDLSYNEQFF	TRBV14	TRBJ2-1	1
CASSQNGENSPLHF	TRBV4-3	TRBJ1-6	1
CASSQNGGGIYGYTF	TRBV4-3	TRBJ1-2	1
CASSQNGQGTDTQYF	TRBV4-3	TRBJ2-3	1
CASSQNIAGLLNEQFF	TRBV4-1	TRBJ2-1	1
CASSQNLAYQETQYF	TRBV4-1	TRBJ2-5	1
CASSQNLDRPSGANVLTF	TRBV4-3	TRBJ2-6	1
CASSQNLWGAEQYF	TRBV5-1	TRBJ2-7	1
CASSQNMGQVGVGYTF	TRBV4-3	TRBJ1-2	1
CASSQNNYEQYF	TRBV7-9	TRBJ2-7	1
CASSQNPGDDEQYF	TRBV4-1	TRBJ2-7	1
CASSQNPGLAGDEQFF	TRBV6-3	TRBJ2-1	1
CASSQNPVANEQFF	TRBV4-3	TRBJ2-1	1
CASSQNRGKANYGYTF	TRBV3-1	TRBJ1-2	1
CASSQNRGREAFF	TRBV4-3	TRBJ1-1	1
CASSQNRGTGELFF	TRBV28	TRBJ2-2	1
CASSQNRVDEQYF	TRBV4-3	TRBJ2-7	1
CASSQNSPLHF	TRBV5-6	TRBJ1-6	1
CASSQNTGQPQHF	TRBV4-3	TRBJ1-5	1
CASSQNWDYEQFF	TRBV4-3	TRBJ2-1	1
CASSQNYLNTEAFF	TRBV4-3	TRBJ1-1	1
CASSQPAGGTGELFF	TRBV3-1	TRBJ2-2	1
CASSQPDTDRYQPQHF	TRBV4-2	TRBJ1-5	1
CASSQPGAFFTDTQYF	TRBV3-1	TRBJ2-3	2
CASSQPGAGFGEKLFF	TRBV14	TRBJ1-4	1
CASSQPGASGRVSTDTQYF	TRBV4-1	TRBJ2-3	1
CASSQPGENEQFF	TRBV4-1	TRBJ2-1	1
CASSQPGEQYF	TRBV28	TRBJ2-7	1
CASSQPGEVTEAFF	TRBV16	TRBJ1-1	1
CASSQPGFATQYF	TRBV14	TRBJ2-5	1
CASSQPGGFQETQYF	TRBV4-2	TRBJ2-5	1
CASSQPGGSYNEQFF	TRBV9	TRBJ2-1	1
CASSQPGLAANTGELFF	TRBV3-1	TRBJ2-2	1
CASSQPGLAGDTQYF	TRBV4-2	TRBJ2-3	1
CASSQPGLGETQYF	TRBV4-1	TRBJ2-5	1
CASSQPGLSTDTQYF	TRBV4-3	TRBJ2-3	1
CASSQPGPPRTDTQYF	TRBV3-1	TRBJ2-3	1
CASSQPGQGALGYTF	TRBV4-2	TRBJ1-2	1
CASSQPGQGGYGYTF	TRBV4-1	TRBJ1-2	1
CASSQPGQGPYTGELFF	TRBV4-3	TRBJ2-2	1
CASSQPGQGTTYTGELFF	TRBV4-1	TRBJ2-2	1
CASSQPGQYNSPLHF	TRBV7-2	TRBJ1-6	1
CASSQPGTDSPLHF	TRBV4-3	TRBJ1-6	1
CASSQPGTGGEETQYF	TRBV4-1	TRBJ2-5	1
CASSQPGTGGLGPSYEQYF	TRBV7-9	TRBJ2-7	1
CASSQPGTTYEQYF	TRBV7-9	TRBJ2-7	1
CASSQPGVILWDYGYTF	TRBV6-3	TRBJ1-2	1
CASSQPGWRETQYF	TRBV14	TRBJ2-5	1
CASSQPHSGYTF	TRBV4-3	TRBJ1-2	1
CASSQPISYPRETQYF	TRBV3-1	TRBJ2-5	1
CASSQPLAGASGTDTQYF	TRBV4-3	TRBJ2-3	1
CASSQPLAGVNNEQFF	TRBV4-2	TRBJ2-1	1
CASSQPLGKSGTEAFF	TRBV18	TRBJ1-1	1
CASSQPLLDHNEQFF	TRBV14	TRBJ2-1	1
CASSQPLSSSYNEQFF	TRBV4-1	TRBJ2-1	1
CASSQPNRASGRSETQYF	TRBV4-2	TRBJ2-5	1
CASSQPPAGTTTNEKLFF	TRBV4-3	TRBJ1-4	1
CASSQPPGSLGTDTQYF	TRBV27	TRBJ2-3	1
CASSQPPNSPLHF	TRBV4-2	TRBJ1-6	1
CASSQPQEGRSYNEQFF	TRBV4-1	TRBJ2-1	1
CASSQPQGKGAQPQHF	TRBV19	TRBJ1-5	1
CASSQPRCTDTQYF	TRBV14	TRBJ2-3	1
CASSQPRDRHFISKETQYF	TRBV14	TRBJ2-5	1
CASSQPRDYEQYF	TRBV6-3	TRBJ2-7	1
CASSQPRGRATYQETQYF	TRBV3-1	TRBJ2-5	1
CASSQPRHEAFF	TRBV6-5	TRBJ1-1	1
CASSQPRQGSYEQYF	TRBV2	TRBJ2-7	1
CASSQPSQEKETQYF	TRBV12-4	TRBJ2-5	1
CASSQPSTDTQYF	TRBV3-1	TRBJ2-3	1
CASSQPSVTNYGYTF	TRBV12-3	TRBJ1-2	1
CASSQPTDARYEQYF	TRBV4-2	TRBJ2-7	1
CASSQPTDYWGYTF	TRBV4-1	TRBJ1-2	4
CASSQPTGYGYTF	TRBV5-6	TRBJ1-2	1
CASSQPTTGANEKLFF	TRBV3-1	TRBJ1-4	1
CASSQPVAARGAQYF	TRBV3-1	TRBJ2-5	4
CASSQPVRGGGPSNYGYTF	TRBV7-9	TRBJ1-2	1
CASSQQAGSGVNIQYF	TRBV4-3	TRBJ2-4	1
CASSQQAGVSYEQYF	TRBV4-1	TRBJ2-7	1
CASSQQETQYF	TRBV4-1	TRBJ2-5	1
CASSQQFKYRILNYGYTF	TRBV4-1	TRBJ1-2	1
CASSQQGADTQYF	TRBV4-1	TRBJ2-3	1
CASSQQGALDVDTYEQYF	TRBV7-2	TRBJ2-7	1
CASSQQGDTEAFF	TRBV4-3	TRBJ1-1	1
CASSQQGGDADQPQHF	TRBV4-1	TRBJ1-5	1
CASSQQGGFYGYTF	TRBV4-1	TRBJ1-2	1
CASSQQGGNEKLFF	TRBV7-9	TRBJ1-4	1
CASSQQGGVRETQYF	TRBV4-1	TRBJ2-5	1
CASSQQGGWQDEQYF	TRBV4-1	TRBJ2-7	1
CASSQQGGYEQYF	TRBV4-2	TRBJ2-7	1
CASSQQGLDTGELFF	TRBV27	TRBJ2-2	1
CASSQQGSYGYTF	TRBV14	TRBJ1-2	1
CASSQQLNLYSYNEQFF	TRBV7-7	TRBJ2-1	1
CASSQQQGEGQPQHF	TRBV4-1	TRBJ1-5	2
CASSQQQGYGTEAFF	TRBV4-1	TRBJ1-1	2
CASSQQRGDNEQFF	TRBV4-3	TRBJ2-1	1
CASSQQSPQGGFNYGYTF	TRBV4-3	TRBJ1-2	1
CASSQQTGASGDTQYF	TRBV4-1	TRBJ2-3	1
CASSQQTLRLEQYF	TRBV4-1	TRBJ2-7	1
CASSQRAGELFF	TRBV19	TRBJ2-2	1
CASSQRALDEQYF	TRBV3-1	TRBJ2-7	1
CASSQRAPEQFF	TRBV7-9	TRBJ2-1	1
CASSQRAVNREATQETQYF	TRBV14	TRBJ2-5	1
CASSQRDFAQHYNEQFF	TRBV14	TRBJ2-1	1
CASSQRDFVEQFF	TRBV27	TRBJ2-1	1
CASSQRDGDNYGYTF	TRBV4-2	TRBJ1-2	1
CASSQRDKGGDEQYF	TRBV13	TRBJ2-7	1
CASSQRDLSYNSPLHF	TRBV4-3	TRBJ1-6	1
CASSQRDREYTIYF	TRBV4-3	TRBJ1-3	1
CASSQRDRGNYNEQFF	TRBV4-3	TRBJ2-1	1
CASSQRDRQETQYF	TRBV4-1	TRBJ2-5	1
CASSQRDSSSYNEQFF	TRBV4-3	TRBJ2-1	1
CASSQRDSSYNSPLHF	TRBV4-3	TRBJ1-6	2
CASSQREAQYNSPLHF	TRBV4-3	TRBJ1-6	1
CASSQREVQETQYF	TRBV6-3	TRBJ2-5	1
CASSQRGDSFGKAYEQYF	TRBV5-4	TRBJ2-7	1
CASSQRGFEQYF	TRBV11-2	TRBJ2-7	1
CASSQRGGDTQYF	TRBV7-2	TRBJ2-5	1
CASSQRGGVYNSPLHF	TRBV4-1	TRBJ1-6	1
CASSQRGKGWENIQYF	TRBV3-1	TRBJ2-4	1
CASSQRGPGSYNSPLHF	TRBV4-3	TRBJ1-6	1
CASSQRGRNTIYF	TRBV14	TRBJ1-3	1
CASSQRHNEQFF	TRBV7-2	TRBJ2-1	1
CASSQRLAGAKYQETQYF	TRBV3-1	TRBJ2-5	1
CASSQRLAGASGTDTQYF	TRBV6-3	TRBJ2-3	1
CASSQRLAGDGELFF	TRBV5-4	TRBJ2-2	1
CASSQRLAGDNEQFF	TRBV4-3	TRBJ2-1	1
CASSQRLAGGPSNEQFF	TRBV4-1	TRBJ2-1	1
CASSQRLAGYKDTQYF	TRBV3-1	TRBJ2-3	1
CASSQRLTSTDTQYF	TRBV4-2	TRBJ2-3	1
CASSQRLVGEGTEAFF	TRBV4-3	TRBJ1-1	1
CASSQRLVSEQYF	TRBV14	TRBJ2-7	1
CASSQRMGETQYF	TRBV11-2	TRBJ2-5	1
CASSQRMGGVAYNEQFF	TRBV4-1	TRBJ2-1	1
CASSQRNHRDRGDGIYEQYF	TRBV14	TRBJ2-7	1
CASSQRPFGTSGRGNEQFF	TRBV4-2	TRBJ2-1	1
CASSQRPSEVGELFF	TRBV4-2	TRBJ2-2	4
CASSQRQAAYEQYF	TRBV7-2	TRBJ2-7	1
CASSQRQELETQYF	TRBV3-1	TRBJ2-5	1
CASSQRQGGMDGYTF	TRBV4-3	TRBJ1-2	1
CASSQRQMGLEQYF	TRBV9	TRBJ2-7	1
CASSQRQPNSPLHF	TRBV28	TRBJ1-6	1
CASSQRQRGGLENIQYF	TRBV4-1	TRBJ2-4	1
CASSQRRDFDFTDTQYF	TRBV4-3	TRBJ2-3	1
CASSQRRGRHNEQFF	TRBV4-1	TRBJ2-1	1
CASSQRRGRSYNEQFF	TRBV3-1	TRBJ2-1	1
CASSQRRRGRETQYF	TRBV3-1	TRBJ2-5	7
CASSQRRTGPSSTDTQYF	TRBV4-1	TRBJ2-3	1
CASSQRRVNSPLHF	TRBV4-1	TRBJ1-6	1
CASSQRSGELFF	TRBV4-2	TRBJ2-2	1
CASSQRSGFQPQHF	TRBV4-1	TRBJ1-5	1
CASSQRSSGEETQYF	TRBV11-2	TRBJ2-5	1
CASSQRSSQGGADTQYF	TRBV4-3	TRBJ2-3	1
CASSQRSSYEQYF	TRBV19	TRBJ2-7	3
CASSQRSTDTQYF	TRBV19	TRBJ2-3	1
CASSQRSTGELFF	TRBV19	TRBJ2-2	3
CASSQRTANTEAFF	TRBV4-1	TRBJ1-1	1
CASSQRTFEQYF	TRBV13	TRBJ2-7	1
CASSQRTGEETQYF	TRBV4-1	TRBJ2-5	1
CASSQRTGTYEQYF	TRBV7-9	TRBJ2-7	1
CASSQRTSAETQYF	TRBV3-1	TRBJ2-5	1
CASSQRTSGQETQYF	TRBV3-1	TRBJ2-5	1
CASSQRTSGRTGELFF	TRBV4-3	TRBJ2-2	1
CASSQRTTGGFRYNEQFF	TRBV5-6	TRBJ2-1	1
CASSQRTTNTEAFF	TRBV4-1	TRBJ1-1	1
CASSQRVAGGDSGTQYF	TRBV4-1	TRBJ2-3	1
CASSQRVGYEQYF	TRBV4-3	TRBJ2-7	1
CASSQRWEGTNYGYTF	TRBV4-1	TRBJ1-2	1
CASSQRWGAYEQYF	TRBV4-3	TRBJ2-7	1
CASSQRWGGEYQETQYF	TRBV18	TRBJ2-5	1
CASSQRWMNTEAFF	TRBV5-4	TRBJ1-1	1
CASSQSAGPRSYEQYF	TRBV3-1	TRBJ2-7	4
CASSQSAGVYEQYF	TRBV14	TRBJ2-7	1
CASSQSAYDEAFF	TRBV9	TRBJ1-1	1
CASSQSDSNQPQHF	TRBV3-1	TRBJ1-5	1
CASSQSDSYYEQYF	TRBV19	TRBJ2-7	1
CASSQSEDSFYYGYTF	TRBV4-3	TRBJ1-2	1
CASSQSFTWNTEAFF	TRBV4-3	TRBJ1-1	1
CASSQSGELFF	TRBV4-1	TRBJ2-2	1
CASSQSGGAEAFF	TRBV5-6	TRBJ1-1	1
CASSQSGGAQETQYF	TRBV7-6	TRBJ2-5	1
CASSQSGGETDTQYF	TRBV7-6	TRBJ2-3	1
CASSQSGGRTEAFF	TRBV4-2	TRBJ1-1	1
CASSQSGGSSTEAFF	TRBV4-2	TRBJ1-1	1
CASSQSGNAYNEQFF	TRBV6-3	TRBJ2-1	1
CASSQSGQGGTEAFF	TRBV4-3	TRBJ1-1	1
CASSQSGQGMYEQYF	TRBV16	TRBJ2-7	1
CASSQSGRAETQYF	TRBV7-9	TRBJ2-5	1
CASSQSGRGSYEQYF	TRBV16	TRBJ2-7	1
CASSQSGRLADHNEQFF	TRBV4-3	TRBJ2-1	1
CASSQSGSGGTEAFF	TRBV28	TRBJ1-1	1
CASSQSGTASYEQYF	TRBV4-1	TRBJ2-7	1
CASSQSGTGGNNQPQHF	TRBV16	TRBJ1-5	1
CASSQSGTGYGYTF	TRBV14	TRBJ1-2	1
CASSQSGTREYEQYF	TRBV3-1	TRBJ2-7	8
CASSQSGTTYNEQFF	TRBV2	TRBJ2-1	1
CASSQSIPRDTIDYGYTF	TRBV4-3	TRBJ1-2	1
CASSQSIRQGGWGNTIYF	TRBV14	TRBJ1-3	1
CASSQSKGQGNEKLFF	TRBV4-1	TRBJ1-4	19
CASSQSLGQGSYEQYF	TRBV16	TRBJ2-7	1
CASSQSLGTGGLYEQFF	TRBV4-3	TRBJ2-1	4
CASSQSLGYGYTF	TRBV5-4	TRBJ1-2	1
CASSQSLLPSYEQYF	TRBV4-1	TRBJ2-7	1
CASSQSLYGYEQYF	TRBV4-3	TRBJ2-7	1
CASSQSNFEQFF	TRBV14	TRBJ2-1	1
CASSQSNTGELFF	TRBV3-1	TRBJ2-2	1
CASSQSNYEQYF	TRBV13	TRBJ2-7	1
CASSQSPAGDGEDEQYF	TRBV4-3	TRBJ2-7	1
CASSQSPDSPGYTF	TRBV4-2	TRBJ1-2	2
CASSQSPGGMQYF	TRBV14	TRBJ2-7	6
CASSQSPGGTQYF	TRBV14	TRBJ2-3	1
CASSQSPGGTQYF	TRBV14	TRBJ2-5	5
CASSQSPGTGFDENLSNYGYTF	TRBV4-3	TRBJ1-2	1
CASSQSPLLSGGHFEQYF	TRBV27	TRBJ2-7	1
CASSQSPLWVAGIYEQYF	TRBV4-1	TRBJ2-7	1
CASSQSPPLSSEDEQFF	TRBV4-1	TRBJ2-1	1
CASSQSPSGGQDTQYF	TRBV4-1	TRBJ2-3	1
CASSQSPTSGGALDNEQFF	TRBV4-3	TRBJ2-1	1
CASSQSPTSTDTQYF	TRBV4-1	TRBJ2-3	1
CASSQSQGEGYTF	TRBV16	TRBJ1-2	1
CASSQSQGEQETQYF	TRBV4-3	TRBJ2-5	1
CASSQSQGTGELFF	TRBV4-2	TRBJ2-2	1
CASSQSRAETHEQFF	TRBV6-4	TRBJ2-1	1
CASSQSRAYEQYF	TRBV4-3	TRBJ2-7	1
CASSQSRDNLKNIQYF	TRBV7-9	TRBJ2-4	1
CASSQSRDPKEGEQYF	TRBV16	TRBJ2-7	1
CASSQSRELSGNTIYF	TRBV4-1	TRBJ1-3	1
CASSQSREQPQHF	TRBV4-1	TRBJ1-5	1
CASSQSREQYF	TRBV16	TRBJ2-7	1
CASSQSRGGQGAYNEQFF	TRBV4-1	TRBJ2-1	1
CASSQSRTGGIGNEKLFF	TRBV7-9	TRBJ1-4	1
CASSQSSGDNEQFF	TRBV16	TRBJ2-1	1
CASSQSSGGAVEETQYF	TRBV4-1	TRBJ2-5	1
CASSQSSGNAYEQYF	TRBV4-3	TRBJ2-7	1
CASSQSSPGQGAGNEQFF	TRBV6-5	TRBJ2-1	1
CASSQSTASSYEQYF	TRBV4-3	TRBJ2-7	1
CASSQSTDLRRYEQFF	TRBV14	TRBJ2-1	1
CASSQSTEAFF	TRBV12-4	TRBJ1-1	1
CASSQSTEAFF	TRBV16	TRBJ1-1	4
CASSQSTGAYGYTF	TRBV4-3	TRBJ1-2	1
CASSQSTGIWDYGYTF	TRBV4-3	TRBJ1-2	1
CASSQSTGTPYYEQYF	TRBV4-2	TRBJ2-7	1
CASSQSTGYEQYF	TRBV4-3	TRBJ2-7	1
CASSQSTGYNQPQHF	TRBV11-2	TRBJ1-5	1
CASSQSTGYQETQYF	TRBV6-5	TRBJ2-5	1
CASSQSTNINTEAFF	TRBV16	TRBJ1-1	1
CASSQSTVPGNTIYF	TRBV4-1	TRBJ1-3	1
CASSQSTYEQYF	TRBV28	TRBJ2-7	1
CASSQSTYTSTDTQYF	TRBV4-1	TRBJ2-3	1
CASSQSVGGLNEKLFF	TRBV14	TRBJ1-4	3
CASSQSVGSTEAFF	TRBV4-3	TRBJ1-1	1
CASSQSVPLAGESYNEQFF	TRBV7-6	TRBJ2-1	1
CASSQSVVYSSYEQYF	TRBV13	TRBJ2-7	1
CASSQSWAYQETQYF	TRBV4-3	TRBJ2-5	1
CASSQSWDSPYEQYF	TRBV4-3	TRBJ2-7	1
CASSQSWGPSYNEQFF	TRBV4-3	TRBJ2-1	1
CASSQSWTAEAFF	TRBV9	TRBJ1-1	1
CASSQSYGTDTQYF	TRBV14	TRBJ2-3	1
CASSQSYKVQLSGDTQYF	TRBV4-3	TRBJ2-3	1
CASSQSYTDTQYF	TRBV4-2	TRBJ2-3	1
CASSQTAFQETQYF	TRBV6-3	TRBJ2-5	1
CASSQTALPSGGDNEQFF	TRBV7-9	TRBJ2-1	1
CASSQTDFNEKLFF	TRBV7-6	TRBJ1-4	1
CASSQTDRAILEGYTF	TRBV4-3	TRBJ1-2	1
CASSQTDSNQPQHF	TRBV27	TRBJ1-5	1
CASSQTDSYEQYF	TRBV4-1	TRBJ2-7	1
CASSQTEEYEQYF	TRBV4-1	TRBJ2-7	1
CASSQTEGDYEQYF	TRBV4-3	TRBJ2-7	1
CASSQTFPGNYGYTF	TRBV16	TRBJ1-2	1
CASSQTGADFYGYTF	TRBV6-4	TRBJ1-2	1
CASSQTGAFYEQYF	TRBV6-1	TRBJ2-7	1
CASSQTGANNEKLFF	TRBV28	TRBJ1-4	1
CASSQTGFPTTNEKLFF	TRBV4-3	TRBJ1-4	9
CASSQTGGAYEQFF	TRBV18	TRBJ2-1	1
CASSQTGGGTYEQYF	TRBV27	TRBJ2-7	1
CASSQTGGKGEQFF	TRBV3-1	TRBJ2-1	1
CASSQTGGKTYEQYF	TRBV14	TRBJ2-7	1
CASSQTGGPGNTIYF	TRBV9	TRBJ1-3	1
CASSQTGGTEAFF	TRBV4-2	TRBJ1-1	1
CASSQTGGYEQYF	TRBV7-3	TRBJ2-7	1
CASSQTGHYGYTF	TRBV6-3	TRBJ1-2	1
CASSQTGLAGSTDTQYF	TRBV14	TRBJ2-3	1
CASSQTGLLEAFF	TRBV3-1	TRBJ1-1	1
CASSQTGNTEAFF	TRBV4-3	TRBJ1-1	1
CASSQTGNTGELFF	TRBV9	TRBJ2-2	1
CASSQTGQGAEFQETQYF	TRBV28	TRBJ2-5	1
CASSQTGRGDNSPLHF	TRBV6-5	TRBJ1-6	5
CASSQTGRLDTEAFF	TRBV7-9	TRBJ1-1	1
CASSQTGSGEKLFF	TRBV28	TRBJ1-4	1
CASSQTGSGLYEQYF	TRBV14	TRBJ2-7	1
CASSQTGSQGETQYF	TRBV27	TRBJ2-5	1
CASSQTGTGATVQYF	TRBV4-3	TRBJ2-7	1
CASSQTGTGPYNEQFF	TRBV12-4	TRBJ2-1	1
CASSQTGTGRTF	TRBV4-3	TRBJ1-2	1
CASSQTGTSGGNEQFF	TRBV4-3	TRBJ2-1	1
CASSQTGVGRDF	TRBV4-1	TRBJ2-3	1
CASSQTGVWAFF	TRBV14	TRBJ1-1	1
CASSQTGYNQPQHF	TRBV28	TRBJ1-5	1
CASSQTHASGKYNEQFF	TRBV4-2	TRBJ2-1	1
CASSQTHFAEFSYEQYF	TRBV3-1	TRBJ2-7	1
CASSQTIAYEQYF	TRBV3-1	TRBJ2-7	1
CASSQTIGTTYEQYF	TRBV4-3	TRBJ2-7	1
CASSQTKGGGASFGYTF	TRBV3-1	TRBJ1-2	1
CASSQTKQGNYGYTF	TRBV5-1	TRBJ1-2	1
CASSQTKTGGNYGYTF	TRBV4-1	TRBJ1-2	1
CASSQTLEYEQYF	TRBV28	TRBJ2-7	1
CASSQTLGTGGYPGELFF	TRBV14	TRBJ2-2	1
CASSQTLGVPYGYTF	TRBV14	TRBJ1-2	1
CASSQTLVNLLAGTQYF	TRBV3-1	TRBJ2-5	1
CASSQTLYTGGHYGYTF	TRBV3-1	TRBJ1-2	1
CASSQTNYGYTF	TRBV6-5	TRBJ1-2	1
CASSQTPDSTDTQYF	TRBV7-9	TRBJ2-3	1
CASSQTPGDLGNQPQHF	TRBV4-1	TRBJ1-5	1
CASSQTPGGISTDTQYF	TRBV4-2	TRBJ2-3	1
CASSQTPGQGSYEQYF	TRBV3-1	TRBJ2-7	1
CASSQTPPDTQYF	TRBV14	TRBJ2-3	1
CASSQTQGTIYEQYF	TRBV4-3	TRBJ2-7	1
CASSQTQTGANYGYTF	TRBV4-1	TRBJ1-2	1
CASSQTRDSHSGNTIYF	TRBV6-6	TRBJ1-3	1
CASSQTRDTTNEKLFF	TRBV14	TRBJ1-4	1
CASSQTRGAGNTIYF	TRBV4-1	TRBJ1-3	1
CASSQTRGYTEAFF	TRBV11-1	TRBJ1-1	1
CASSQTRRPLYGYTF	TRBV14	TRBJ1-2	1
CASSQTRTRTSGTRGNVQFF	TRBV3-1	TRBJ2-1	1
CASSQTSGEALGTGELFF	TRBV4-3	TRBJ2-2	1
CASSQTSGGATDTQYF	TRBV4-3	TRBJ2-3	1
CASSQTSGGSYEQYF	TRBV4-3	TRBJ2-7	1
CASSQTSGGTPYNEQFF	TRBV5-1	TRBJ2-1	1
CASSQTSGGYYNEQFF	TRBV6-6	TRBJ2-1	1
CASSQTSGSGDTQYF	TRBV9	TRBJ2-3	1
CASSQTSGSWEQYF	TRBV4-3	TRBJ2-7	1
CASSQTSGTGGWGYTF	TRBV4-2	TRBJ1-2	1
CASSQTSSKYNEQFF	TRBV4-3	TRBJ2-1	1
CASSQTSTGELFF	TRBV4-3	TRBJ2-2	1
CASSQTTGDLSEKLFF	TRBV4-3	TRBJ1-4	1
CASSQTTGLYHGYTF	TRBV14	TRBJ1-2	1
CASSQTTGPLYEQYF	TRBV4-1	TRBJ2-7	1
CASSQTTLDPYEQYF	TRBV5-1	TRBJ2-7	1
CASSQTTPLTYNYEQYF	TRBV19	TRBJ2-7	1
CASSQTTRQSNTEAFF	TRBV4-2	TRBJ1-1	65
CASSQTTVWYEQFF	TRBV28	TRBJ2-1	1
CASSQTVYSNQPQHF	TRBV7-2	TRBJ1-5	1
CASSQTWGLLYNEQFF	TRBV4-1	TRBJ2-1	1
CASSQVAESYNEQFF	TRBV4-1	TRBJ2-1	1
CASSQVAGARGETQYF	TRBV4-1	TRBJ2-5	1
CASSQVAGDYNEQFF	TRBV4-1	TRBJ2-1	1
CASSQVAGFWAKNIQYF	TRBV4-3	TRBJ2-4	1
CASSQVAGGAGNEQFF	TRBV4-2	TRBJ2-1	1
CASSQVAGGVGETQYF	TRBV4-1	TRBJ2-5	1
CASSQVAGHKKPYEQYF	TRBV14	TRBJ2-7	1
CASSQVAGITYNEQFF	TRBV4-1	TRBJ2-1	1
CASSQVAGPSTDTQYF	TRBV4-3	TRBJ2-3	1
CASSQVAGSAYEQYF	TRBV4-1	TRBJ2-7	1
CASSQVAGSGYTF	TRBV4-3	TRBJ1-2	1
CASSQVAGYGYTF	TRBV14	TRBJ1-2	1
CASSQVAGYSYEQYF	TRBV4-3	TRBJ2-7	1
CASSQVALNTEAFF	TRBV27	TRBJ1-1	1
CASSQVALTYEQYF	TRBV4-3	TRBJ2-7	1
CASSQVAQAEQYF	TRBV14	TRBJ2-7	1
CASSQVAQSNYGYTF	TRBV4-3	TRBJ1-2	1
CASSQVASDEQFF	TRBV4-3	TRBJ2-1	1
CASSQVASGDTQYF	TRBV4-3	TRBJ2-3	1
CASSQVASKELFF	TRBV4-3	TRBJ2-2	1
CASSQVASVSSYNEQFF	TRBV4-3	TRBJ2-1	1
CASSQVCARGRGQPQHF	TRBV14	TRBJ1-5	1
CASSQVDAGMNTEAFF	TRBV4-1	TRBJ1-1	1
CASSQVDAPSYEQYF	TRBV4-1	TRBJ2-7	1
CASSQVDEDRVHNYGYTF	TRBV4-3	TRBJ1-2	1
CASSQVDEEGYEAFF	TRBV3-1	TRBJ1-1	1
CASSQVDEQFF	TRBV2	TRBJ2-1	2
CASSQVDGGAPMNTGELFF	TRBV3-1	TRBJ2-2	1
CASSQVDGGATDTQYF	TRBV4-2	TRBJ2-3	1
CASSQVDGPYEQYF	TRBV4-2	TRBJ2-7	1
CASSQVDSPRVEQYF	TRBV3-1	TRBJ2-7	1
CASSQVDYEQFF	TRBV4-3	TRBJ2-1	1
CASSQVEATGELFF	TRBV4-3	TRBJ2-2	1
CASSQVEATNEKLFF	TRBV4-3	TRBJ1-4	1
CASSQVEGELFF	TRBV4-1	TRBJ2-2	1
CASSQVEGLETQYF	TRBV4-3	TRBJ2-5	1
CASSQVEGVEKLFF	TRBV4-1	TRBJ1-4	1
CASSQVELRTDTQYF	TRBV28	TRBJ2-3	1
CASSQVERDQETQYF	TRBV4-1	TRBJ2-5	1
CASSQVESPSYEQYF	TRBV4-1	TRBJ2-7	1
CASSQVETGNYGYTF	TRBV4-1	TRBJ1-2	1
CASSQVETSGFSTDTQYF	TRBV3-1	TRBJ2-3	1
CASSQVFGGGYEQYF	TRBV3-1	TRBJ2-7	1
CASSQVFKTVPYDYGYTF	TRBV4-3	TRBJ1-2	1
CASSQVFSGSGEQFF	TRBV14	TRBJ2-1	1
CASSQVFSGTDSYNEQFF	TRBV4-3	TRBJ2-1	1
CASSQVFWTESNTDTQYF	TRBV3-1	TRBJ2-3	10
CASSQVGAIGRYNEQFF	TRBV4-2	TRBJ2-1	1
CASSQVGAIGYTF	TRBV4-3	TRBJ1-2	1
CASSQVGAQYNEQFF	TRBV4-1	TRBJ2-1	1
CASSQVGASYEQYF	TRBV4-1	TRBJ2-7	1
CASSQVGDGNTIYF	TRBV4-1	TRBJ1-3	1
CASSQVGEEAQHF	TRBV14	TRBJ1-5	1
CASSQVGGDQPQHF	TRBV4-1	TRBJ1-5	1
CASSQVGGDTQYF	TRBV4-3	TRBJ2-3	1
CASSQVGGIYNEQFF	TRBV4-3	TRBJ2-1	1
CASSQVGGNSPLHF	TRBV4-1	TRBJ1-6	1
CASSQVGGNTEAFF	TRBV4-3	TRBJ1-1	2
CASSQVGGRTNEKLFF	TRBV4-3	TRBJ1-4	1
CASSQVGGSGVKNTEAFF	TRBV3-1	TRBJ1-1	1
CASSQVGGTEAFF	TRBV4-3	TRBJ1-1	1
CASSQVGGTEQYF	TRBV14	TRBJ2-7	1
CASSQVGGTYEQYF	TRBV4-1	TRBJ2-7	1
CASSQVGGYEQYF	TRBV3-1	TRBJ2-7	1
CASSQVGGYQPQHF	TRBV19	TRBJ1-5	1
CASSQVGKGGSEAFF	TRBV4-3	TRBJ1-1	1
CASSQVGLAARGAKNIQYF	TRBV4-3	TRBJ2-4	1
CASSQVGLAGGYTGELFF	TRBV4-3	TRBJ2-2	1
CASSQVGLAGSRETQYF	TRBV3-1	TRBJ2-5	1
CASSQVGLAVPDTQYF	TRBV4-2	TRBJ2-3	1
CASSQVGLDWTQYF	TRBV4-3	TRBJ2-3	1
CASSQVGLGDAGYTF	TRBV14	TRBJ1-2	1
CASSQVGLGLDEQFF	TRBV4-3	TRBJ2-1	1
CASSQVGNQPQHF	TRBV3-1	TRBJ1-5	1
CASSQVGNTEAFF	TRBV4-1	TRBJ1-1	1
CASSQVGNTIYF	TRBV5-4	TRBJ1-3	1
CASSQVGNYNEQFF	TRBV3-1	TRBJ2-1	1
CASSQVGQGAPGAFF	TRBV4-1	TRBJ1-1	1
CASSQVGQGIDYGYTF	TRBV14	TRBJ1-2	1
CASSQVGQGTEAFF	TRBV4-3	TRBJ1-1	1
CASSQVGREGSETQYF	TRBV3-1	TRBJ2-5	1
CASSQVGRPYNEQFF	TRBV4-3	TRBJ2-1	1
CASSQVGRTYEQYF	TRBV4-2	TRBJ2-7	1
CASSQVGSGDYNEQFF	TRBV4-2	TRBJ2-1	1
CASSQVGSGELFF	TRBV4-1	TRBJ2-2	1
CASSQVGSNLNNEQFF	TRBV14	TRBJ2-1	1
CASSQVGSQETQYF	TRBV4-1	TRBJ2-5	1
CASSQVGSWWWADTQYF	TRBV14	TRBJ2-3	1
CASSQVGTGWNTEAFF	TRBV4-1	TRBJ1-1	1
CASSQVGTGYSNTEAFF	TRBV4-1	TRBJ1-1	1
CASSQVGTGYTDTQYF	TRBV4-1	TRBJ2-3	1
CASSQVGTVYGYTF	TRBV3-1	TRBJ1-2	1
CASSQVGVAGGERDTDTQYF	TRBV4-2	TRBJ2-3	1
CASSQVGVEFQETQYF	TRBV3-1	TRBJ2-5	1
CASSQVGVGGPSGNQPQHF	TRBV4-1	TRBJ1-5	1
CASSQVGVGQGSSEQYF	TRBV14	TRBJ2-7	1
CASSQVGVSGADTQYF	TRBV4-1	TRBJ2-3	1
CASSQVHLGIYEQYF	TRBV4-1	TRBJ2-7	1
CASSQVHQAEITDTQYF	TRBV4-1	TRBJ2-3	1
CASSQVHRGGREKLFF	TRBV4-2	TRBJ1-4	1
CASSQVIGDRGPYGYTF	TRBV14	TRBJ1-2	1
CASSQVIGFSPQNLNTEAFF	TRBV4-3	TRBJ1-1	1
CASSQVIGGYQETQYF	TRBV3-1	TRBJ2-5	1
CASSQVIGQVGGDTQYF	TRBV4-1	TRBJ2-3	1
CASSQVIISGGAPTDTQYF	TRBV4-2	TRBJ2-3	1
CASSQVIRTGRFEADIQYF	TRBV3-1	TRBJ2-4	1
CASSQVISTDTQYF	TRBV4-1	TRBJ2-3	1
CASSQVKAGGADTQYF	TRBV4-3	TRBJ2-3	1
CASSQVKGAEEKLFF	TRBV4-1	TRBJ1-4	1
CASSQVKGFSYGYTF	TRBV4-3	TRBJ1-2	1
CASSQVKGTGSEKLFF	TRBV4-3	TRBJ1-4	1
CASSQVKLAGEQYF	TRBV3-1	TRBJ2-7	1
CASSQVLALGTRLQETQYF	TRBV4-3	TRBJ2-5	1
CASSQVLAQEQFF	TRBV4-1	TRBJ2-1	1
CASSQVLETYEQYF	TRBV3-1	TRBJ2-7	1
CASSQVLGETQYF	TRBV4-3	TRBJ2-5	1
CASSQVLGNEQYF	TRBV4-3	TRBJ2-7	1
CASSQVLGQNQPQHF	TRBV4-3	TRBJ1-5	1
CASSQVLLAGEVEQFF	TRBV4-3	TRBJ2-1	1
CASSQVLLRVSSPLHF	TRBV3-1	TRBJ1-6	1
CASSQVLNQPQHF	TRBV3-1	TRBJ1-5	1
CASSQVLRGGEQYF	TRBV4-3	TRBJ2-7	1
CASSQVLSGELFF	TRBV4-3	TRBJ2-2	1
CASSQVMRVDNIQYF	TRBV4-2	TRBJ2-4	1
CASSQVNGRKTYGYTF	TRBV4-3	TRBJ1-2	1
CASSQVPAIPYGYTF	TRBV4-1	TRBJ1-2	1
CASSQVPANYYGYTF	TRBV4-1	TRBJ1-2	1
CASSQVPASTDTQYF	TRBV4-2	TRBJ2-3	1
CASSQVPFTENTIYF	TRBV4-3	TRBJ1-3	1
CASSQVPGADTEAFF	TRBV4-3	TRBJ1-1	1
CASSQVPGADTQYF	TRBV4-1	TRBJ2-3	1
CASSQVPGDGYTF	TRBV14	TRBJ1-2	1
CASSQVPGGSDGYTF	TRBV4-1	TRBJ1-2	1
CASSQVPGHLNQPQHF	TRBV4-1	TRBJ1-5	1
CASSQVPGPSTEAFF	TRBV4-3	TRBJ1-1	1
CASSQVPGQGIHGYTF	TRBV4-3	TRBJ1-2	1
CASSQVPGRPEAFF	TRBV4-3	TRBJ1-1	1
CASSQVPGTSGSLYNEQFF	TRBV4-1	TRBJ2-1	1
CASSQVPGWDNEQFF	TRBV4-1	TRBJ2-1	1
CASSQVPLSTDTQYF	TRBV4-2	TRBJ2-3	1
CASSQVPMVNYGYTF	TRBV4-3	TRBJ1-2	1
CASSQVPRTSTYNEQFF	TRBV4-3	TRBJ2-1	1
CASSQVPSEVYEQYF	TRBV4-1	TRBJ2-7	1
CASSQVPSPTRQPIGEQYF	TRBV3-1	TRBJ2-7	1
CASSQVPSSSYEQYF	TRBV4-3	TRBJ2-7	1
CASSQVPTSYNEQFF	TRBV4-3	TRBJ2-1	1
CASSQVPYNNEQFF	TRBV3-1	TRBJ2-1	1
CASSQVQGAPLHF	TRBV14	TRBJ1-6	1
CASSQVQGATKTEAFF	TRBV4-3	TRBJ1-1	1
CASSQVQGDYGYTF	TRBV4-1	TRBJ1-2	1
CASSQVQGFTGELFF	TRBV4-3	TRBJ2-2	1
CASSQVQGNYEKLFF	TRBV14	TRBJ1-4	1
CASSQVQGQPQHF	TRBV4-1	TRBJ1-5	1
CASSQVQGQRYWAVYEQYF	TRBV14	TRBJ2-7	1
CASSQVQGSSYEQYF	TRBV4-1	TRBJ2-7	1
CASSQVQGTDTQYF	TRBV4-3	TRBJ2-3	1
CASSQVQGWYEQYF	TRBV4-3	TRBJ2-7	1
CASSQVQSTGYGYTF	TRBV4-3	TRBJ1-2	1
CASSQVQSTNEKLFF	TRBV3-1	TRBJ1-4	1
CASSQVQTVPEQYF	TRBV4-1	TRBJ2-7	1
CASSQVQVTGELFF	TRBV4-3	TRBJ2-2	1
CASSQVRAGPTDTQYF	TRBV4-3	TRBJ2-3	1
CASSQVRDGDYGYTF	TRBV4-2	TRBJ1-2	1
CASSQVREKLFF	TRBV4-2	TRBJ1-4	1
CASSQVRGDYGYTF	TRBV4-2	TRBJ1-2	1
CASSQVRGGETQYF	TRBV4-1	TRBJ2-5	1
CASSQVRGGVYNEQFF	TRBV14	TRBJ2-1	1
CASSQVRGNTEAFF	TRBV4-1	TRBJ1-1	1
CASSQVRGVAEAFF	TRBV4-1	TRBJ1-1	1
CASSQVRIYNEQFF	TRBV3-1	TRBJ2-1	2
CASSQVRQGNTEAFF	TRBV4-3	TRBJ1-1	1
CASSQVRRANYGYTF	TRBV4-1	TRBJ1-2	1
CASSQVRRGGVYEQYF	TRBV4-1	TRBJ2-7	1
CASSQVRRNTEAFF	TRBV4-1	TRBJ1-1	2
CASSQVRSGDRHYGYTF	TRBV4-3	TRBJ1-2	1
CASSQVRSGIDEQYF	TRBV4-1	TRBJ2-7	1
CASSQVRTGVPIYGYTF	TRBV4-2	TRBJ1-2	1
CASSQVSEETQYF	TRBV3-1	TRBJ2-5	1
CASSQVSGGAYEQYF	TRBV4-1	TRBJ2-7	6
CASSQVSGGETQYF	TRBV4-2	TRBJ2-5	1
CASSQVSGLPFYEQYF	TRBV14	TRBJ2-7	1
CASSQVSGQSGPGANVLTF	TRBV3-1	TRBJ2-6	1
CASSQVSGRLGWGANVLTF	TRBV4-3	TRBJ2-6	1
CASSQVSGSIDTQYF	TRBV4-2	TRBJ2-3	1
CASSQVSGSPLHF	TRBV3-1	TRBJ1-6	1
CASSQVSGTENEQFF	TRBV4-2	TRBJ2-1	1
CASSQVSKDNEAFF	TRBV4-3	TRBJ1-1	1
CASSQVSLDYTF	TRBV4-2	TRBJ1-2	1
CASSQVSNGEQFF	TRBV3-1	TRBJ2-1	1
CASSQVSPGGELFF	TRBV4-1	TRBJ2-2	1
CASSQVSQRDFYNEQFF	TRBV4-3	TRBJ2-1	1
CASSQVSSAAYGYTF	TRBV4-2	TRBJ1-2	1
CASSQVSSLYYEQYF	TRBV3-1	TRBJ2-7	1
CASSQVSSRQPHTEAFF	TRBV3-1	TRBJ1-1	1
CASSQVSTGGGNTEAFF	TRBV4-2	TRBJ1-1	1
CASSQVSVNTGELFF	TRBV7-9	TRBJ2-2	1
CASSQVSYNEQFF	TRBV14	TRBJ2-1	1
CASSQVSYRSEQFF	TRBV4-3	TRBJ2-1	1
CASSQVTDGQGYNEQFF	TRBV3-1	TRBJ2-1	1
CASSQVTDLVYNEQFF	TRBV4-1	TRBJ2-1	1
CASSQVTGAYEQYF	TRBV4-1	TRBJ2-7	1
CASSQVTGGAYEQYF	TRBV4-1	TRBJ2-7	2
CASSQVTGRTDTQYF	TRBV4-1	TRBJ2-3	1
CASSQVTGSNEQYF	TRBV4-3	TRBJ2-7	1
CASSQVTRQGAQYF	TRBV4-1	TRBJ2-5	1
CASSQVTSGNNEQFF	TRBV4-1	TRBJ2-1	1
CASSQVTYSYGYTF	TRBV4-3	TRBJ1-2	7
CASSQVVAEIYNEQFF	TRBV4-3	TRBJ2-1	1
CASSQVVGDRGLHGYTF	TRBV4-3	TRBJ1-2	1
CASSQVVGHILSGNTIYF	TRBV4-3	TRBJ1-3	1
CASSQVVGLAGGQETQYF	TRBV4-2	TRBJ2-5	1
CASSQVVGQGANGYTF	TRBV4-1	TRBJ1-2	1
CASSQVVQAEAFF	TRBV4-2	TRBJ1-1	1
CASSQVVSTYEQYF	TRBV4-3	TRBJ2-7	1
CASSQVVTGGYTEAFF	TRBV4-3	TRBJ1-1	1
CASSQVVVTANTGELFF	TRBV4-3	TRBJ2-2	1
CASSQVVVWTGGGNEQYF	TRBV4-3	TRBJ2-7	1
CASSQVVWGVGEQFF	TRBV4-3	TRBJ2-1	1
CASSQVWDINQPQHF	TRBV4-3	TRBJ1-5	1
CASSQVWDSPYEQYF	TRBV4-3	TRBJ2-7	1
CASSQVWETQYF	TRBV14	TRBJ2-5	1
CASSQVWGFGELFF	TRBV4-3	TRBJ2-2	1
CASSQVWGTHSNQPQHF	TRBV4-1	TRBJ1-5	1
CASSQVWQYHAEAFF	TRBV4-3	TRBJ1-1	1
CASSQVWRGGEQFF	TRBV3-1	TRBJ2-1	1
CASSQVWRSHNEKLFF	TRBV4-3	TRBJ1-4	1
CASSQVWTSGGAIPDTQYF	TRBV3-1	TRBJ2-3	1
CASSQVWVADTQYF	TRBV4-1	TRBJ2-3	1
CASSQVYEDSYEQYF	TRBV4-1	TRBJ2-7	1
CASSQVYKRQKNTGELFF	TRBV4-1	TRBJ2-2	1
CASSQWFLAGVYLSGANVLTF	TRBV4-3	TRBJ2-6	1
CASSQWGLAGEDTQYF	TRBV6-3	TRBJ2-3	1
CASSQWGQGDTGELFF	TRBV4-3	TRBJ2-2	1
CASSQWGQGRETQYF	TRBV6-5	TRBJ2-5	1
CASSQWGSGVYEQYF	TRBV13	TRBJ2-7	1
CASSQWGTGQPQHF	TRBV3-1	TRBJ1-5	7
CASSQWNGRFNYGYTF	TRBV4-1	TRBJ1-2	1
CASSQWPDRGLYEQYF	TRBV11-2	TRBJ2-7	1
CASSQWPGMNTEAFF	TRBV3-1	TRBJ1-1	1
CASSQWQGPYEQYF	TRBV4-3	TRBJ2-7	1
CASSQWTGGYEQFF	TRBV5-4	TRBJ2-1	1
CASSQWVATEAFF	TRBV4-3	TRBJ1-1	1
CASSQWWLAGGPWYDEQFF	TRBV4-3	TRBJ2-1	1
CASSQYESLWSTEAFF	TRBV16	TRBJ1-1	1
CASSQYFRATNEQFF	TRBV4-3	TRBJ2-1	1
CASSQYFSGTEAFF	TRBV6-5	TRBJ1-1	1
CASSQYGGAGKTQYF	TRBV4-1	TRBJ2-5	1
CASSQYGGGDQYF	TRBV7-2	TRBJ2-5	4
CASSQYGLDTQYF	TRBV5-4	TRBJ2-3	1
CASSQYGNQPQHF	TRBV13	TRBJ1-5	1
CASSQYGSYEQYF	TRBV3-1	TRBJ2-7	1
CASSQYGTDPDTQYF	TRBV19	TRBJ2-3	1
CASSQYGTSSVNEQFF	TRBV11-2	TRBJ2-1	1
CASSQYIGDSGANVLTF	TRBV4-3	TRBJ2-6	1
CASSQYITGVNYGYTF	TRBV7-2	TRBJ1-2	1
CASSQYLWGGELFF	TRBV14	TRBJ2-2	1
CASSQYNEQFF	TRBV4-1	TRBJ2-1	1
CASSQYNGDTEAFF	TRBV4-1	TRBJ1-1	1
CASSQYPAGASTDTQYF	TRBV4-3	TRBJ2-3	1
CASSQYRGDQPQHF	TRBV3-1	TRBJ1-5	1
CASSQYRGGIQETQYF	TRBV4-3	TRBJ2-5	1
CASSQYRGLTQYF	TRBV4-3	TRBJ2-3	1
CASSQYRGTDTQYF	TRBV3-1	TRBJ2-3	1
CASSQYSDTQYF	TRBV14	TRBJ2-3	1
CASSQYSGRSWEETQYF	TRBV3-1	TRBJ2-5	1
CASSQYVFQGSYGYTF	TRBV4-3	TRBJ1-2	1
CASSRAAGGHNEQFF	TRBV3-1	TRBJ2-1	1
CASSRADLAGVPLGTGELFF	TRBV7-3	TRBJ2-2	10
CASSRADLSHEQFF	TRBV4-3	TRBJ2-1	1
CASSRAGEKLFF	TRBV4-1	TRBJ1-4	1
CASSRAGENEKLFF	TRBV6-5	TRBJ1-4	1
CASSRAGFQETQYF	TRBV7-2	TRBJ2-5	1
CASSRAGGGLDTQYF	TRBV12-3	TRBJ2-3	1
CASSRAGGNSPLHF	TRBV4-1	TRBJ1-6	1
CASSRAGGQPQHF	TRBV2	TRBJ1-5	1
CASSRAGGVEEQYF	TRBV19	TRBJ2-7	1
CASSRAGLARYSSYNEQFF	TRBV13	TRBJ2-1	1
CASSRAGLNTEAFF	TRBV12-4	TRBJ1-1	1
CASSRAGNQYF	TRBV3-1	TRBJ2-7	2
CASSRAGNSYEQYF	TRBV12-4	TRBJ2-7	1
CASSRAGPEDTQYF	TRBV12-3	TRBJ2-3	1
CASSRAGRESSYEQYF	TRBV7-9	TRBJ2-7	1
CASSRAGSGEDTQYF	TRBV27	TRBJ2-3	2
CASSRAGTGTEAFF	TRBV28	TRBJ1-1	1
CASSRAGTNTEAFF	TRBV18	TRBJ1-1	1
CASSRAGTSGFPYNEQFF	TRBV14	TRBJ2-1	1
CASSRALDGPGELFF	TRBV4-2	TRBJ2-2	1
CASSRALGTEWETQYF	TRBV9	TRBJ2-5	1
CASSRALLMGNTIYF	TRBV4-3	TRBJ1-3	1
CASSRANRDRRQETQYF	TRBV9	TRBJ2-5	1
CASSRAPLNEQFF	TRBV6-3	TRBJ2-1	1
CASSRAPTYNEQFF	TRBV28	TRBJ2-1	1
CASSRAPWIFYNEQFF	TRBV7-2	TRBJ2-1	1
CASSRARGGGTGELFF	TRBV4-3	TRBJ2-2	1
CASSRARGTDTQYF	TRBV27	TRBJ2-3	1
CASSRASEETQYF	TRBV7-9	TRBJ2-5	1
CASSRASGAAEQFF	TRBV4-3	TRBJ2-1	1
CASSRASRQGSTDTQYF	TRBV4-1	TRBJ2-3	7
CASSRASSYNEQFF	TRBV19	TRBJ2-1	1
CASSRATDTQYF	TRBV7-2	TRBJ2-3	1
CASSRATGSWATGELFF	TRBV18	TRBJ2-2	1
CASSRATPYGYTF	TRBV7-9	TRBJ1-2	1
CASSRAWDSLFF	TRBV7-9	TRBJ1-4	1
CASSRAWNTGELFF	TRBV3-1	TRBJ2-2	1
CASSRDASSYEQYF	TRBV10-1	TRBJ2-7	1
CASSRDAYNEQFF	TRBV5-5	TRBJ2-1	1
CASSRDEGGQPQHF	TRBV19	TRBJ1-5	1
CASSRDEQETQYF	TRBV6-3	TRBJ2-5	1
CASSRDFSTDTQYF	TRBV28	TRBJ2-3	1
CASSRDGAHEQYF	TRBV19	TRBJ2-7	6
CASSRDGENTGELFF	TRBV6-3	TRBJ2-2	1
CASSRDGVNTEAFF	TRBV27	TRBJ1-1	1
CASSRDGYEQYF	TRBV28	TRBJ2-7	1
CASSRDHSYEQYF	TRBV12-4	TRBJ2-7	1
CASSRDLDSNQPQHF	TRBV6-3	TRBJ1-5	1
CASSRDLGPGELFF	TRBV12-4	TRBJ2-2	1
CASSRDLKETQYF	TRBV3-1	TRBJ2-5	1
CASSRDLQNEQFF	TRBV12-3	TRBJ2-1	1
CASSRDLSGANVLTF	TRBV10-1	TRBJ2-6	1
CASSRDLSYEQYF	TRBV6-3	TRBJ2-7	1
CASSRDPLHEQFF	TRBV18	TRBJ2-1	1
CASSRDRDKLVQPQHF	TRBV6-6	TRBJ1-5	1
CASSRDRDNSPLHF	TRBV4-3	TRBJ1-6	1
CASSRDREAYGTEAFF	TRBV11-2	TRBJ1-1	1
CASSRDRETEKLFF	TRBV18	TRBJ1-4	1
CASSRDRFEQFF	TRBV6-6	TRBJ2-1	1
CASSRDRGLAKNIQYF	TRBV6-6	TRBJ2-4	1
CASSRDRGMNTEAFF	TRBV7-9	TRBJ1-1	1
CASSRDRGRHYNEQFF	TRBV11-2	TRBJ2-1	1
CASSRDRGSLDEQYF	TRBV7-9	TRBJ2-7	1
CASSRDRGSSTDTQYF	TRBV7-2	TRBJ2-3	1
CASSRDRLGDEQYF	TRBV6-5	TRBJ2-7	1
CASSRDRLYNEQFF	TRBV5-1	TRBJ2-1	1
CASSRDRRGYGYTF	TRBV18	TRBJ1-2	1
CASSRDRVEQYF	TRBV7-9	TRBJ2-7	1
CASSRDRVWEKLFF	TRBV13	TRBJ1-4	1
CASSRDRWTMNTEAFF	TRBV28	TRBJ1-1	1
CASSRDRYYGYTF	TRBV27	TRBJ1-2	1
CASSRDSGEHGYTF	TRBV7-9	TRBJ1-2	1
CASSRDSNSPLHF	TRBV11-2	TRBJ1-6	5
CASSRDSNSPLHF	TRBV7-9	TRBJ1-6	1
CASSRDSPGQGTNTEAFF	TRBV18	TRBJ1-1	1
CASSRDSSEAFF	TRBV7-9	TRBJ1-1	1
CASSRDSSEQYF	TRBV5-6	TRBJ2-7	1
CASSRDSTGEQFF	TRBV3-1	TRBJ2-1	1
CASSRDSYEQYF	TRBV5-4	TRBJ2-7	1
CASSRDSYNEQFF	TRBV19	TRBJ2-1	1
CASSRDSYNEQFF	TRBV6-3	TRBJ2-1	1
CASSRDTGGGQPQHF	TRBV4-3	TRBJ1-5	1
CASSRDTSGTRGEQYF	TRBV28	TRBJ2-7	1
CASSRDTSVGNTIYF	TRBV2	TRBJ1-3	1
CASSRDWGRHGYTF	TRBV12-4	TRBJ1-2	1
CASSRDWTSPPYEQYF	TRBV3-1	TRBJ2-7	1
CASSRDYLTDTQYF	TRBV7-3	TRBJ2-3	1
CASSRDYYSNQPQHF	TRBV7-2	TRBJ1-5	4
CASSREAGGGADTQYF	TRBV4-3	TRBJ2-3	1
CASSREEGGNSPLHF	TRBV27	TRBJ1-6	1
CASSREEWTEAFF	TRBV4-1	TRBJ1-1	1
CASSREEYNEQFF	TRBV7-9	TRBJ2-1	1
CASSREGALDTQYF	TRBV10-2	TRBJ2-3	1
CASSREGPNGELFF	TRBV7-3	TRBJ2-2	1
CASSRELQETQYF	TRBV11-2	TRBJ2-5	1
CASSRELSYEQYF	TRBV28	TRBJ2-7	1
CASSREPGQGTYEQYF	TRBV4-1	TRBJ2-7	1
CASSREPGSDTDTQYF	TRBV4-3	TRBJ2-3	1
CASSREPQRGNTIYF	TRBV6-5	TRBJ1-3	1
CASSRERAGELFF	TRBV19	TRBJ2-2	1
CASSREREPPDTQYF	TRBV6-3	TRBJ2-3	1
CASSRETGPAGELFF	TRBV27	TRBJ2-2	1
CASSRFAGELFF	TRBV7-9	TRBJ2-2	1
CASSRFDGVTDTQYF	TRBV7-2	TRBJ2-3	1
CASSRFGDTEAFF	TRBV7-3	TRBJ1-1	1
CASSRFGETQYF	TRBV7-9	TRBJ2-5	1
CASSRFIQTGEATEAFF	TRBV3-1	TRBJ1-1	1
CASSRFQGGRETQYF	TRBV7-3	TRBJ2-5	1
CASSRFQGTAHTEAFF	TRBV19	TRBJ1-1	1
CASSRFWVGPYEQYF	TRBV5-1	TRBJ2-7	1
CASSRGAAETQYF	TRBV5-1	TRBJ2-5	1
CASSRGAGVDYNEQFF	TRBV7-3	TRBJ2-1	1
CASSRGAGVGEQYF	TRBV5-6	TRBJ2-7	1
CASSRGALDGDTIYF	TRBV7-9	TRBJ1-3	1
CASSRGASSYNEQFF	TRBV5-1	TRBJ2-1	1
CASSRGASTGELFF	TRBV12-4	TRBJ2-2	1
CASSRGAYLMGTEAFF	TRBV6-5	TRBJ1-1	1
CASSRGDEQYF	TRBV5-1	TRBJ2-7	1
CASSRGDPSTDTQYF	TRBV5-1	TRBJ2-3	1
CASSRGDSFQETQYF	TRBV27	TRBJ2-5	1
CASSRGEAVEPQHF	TRBV19	TRBJ1-5	1
CASSRGEGRGIQYF	TRBV12-3	TRBJ2-7	12
CASSRGELGGTDTQYF	TRBV5-6	TRBJ2-3	1
CASSRGESYNEQFF	TRBV10-1	TRBJ2-1	1
CASSRGETQYF	TRBV27	TRBJ2-5	1
CASSRGETSGGSTDTQYF	TRBV11-2	TRBJ2-3	1
CASSRGEVPGTDTQYF	TRBV7-3	TRBJ2-3	1
CASSRGGAIFYEQYF	TRBV27	TRBJ2-7	1
CASSRGGAYNEQFF	TRBV7-8	TRBJ2-1	1
CASSRGGDYNEQFF	TRBV27	TRBJ2-1	1
CASSRGGEETQYF	TRBV7-7	TRBJ2-5	1
CASSRGGETYNEQFF	TRBV7-2	TRBJ2-1	1
CASSRGGGLSETQYF	TRBV11-2	TRBJ2-5	1
CASSRGGGNEQFF	TRBV4-3	TRBJ2-1	1
CASSRGGGQQNTEAFF	TRBV12-4	TRBJ1-1	1
CASSRGGGSPLHF	TRBV9	TRBJ1-6	1
CASSRGGIASGANVLTF	TRBV7-7	TRBJ2-6	1
CASSRGGLYEKLFF	TRBV6-3	TRBJ1-4	1
CASSRGGNQPQHF	TRBV5-4	TRBJ1-5	1
CASSRGGQPQHF	TRBV7-2	TRBJ1-5	1
CASSRGGQTYEQYF	TRBV27	TRBJ2-7	1
CASSRGGREMNNEQFF	TRBV7-9	TRBJ2-1	1
CASSRGGSTDTQYF	TRBV12-4	TRBJ2-3	1
CASSRGGSTDTQYF	TRBV6-6	TRBJ2-3	1
CASSRGGSYNEQFF	TRBV19	TRBJ2-1	1
CASSRGGVDGYTF	TRBV19	TRBJ1-2	1
CASSRGGVKNEQYF	TRBV4-1	TRBJ2-7	1
CASSRGGYEQYF	TRBV11-2	TRBJ2-7	1
CASSRGGYTDTQYF	TRBV11-2	TRBJ2-3	1
CASSRGISDSPLHF	TRBV7-9	TRBJ1-6	1
CASSRGISYNEQFF	TRBV5-6	TRBJ2-1	1
CASSRGKGGIDGYTF	TRBV25-1	TRBJ1-2	1
CASSRGLAGGGNEQFF	TRBV7-6	TRBJ2-1	1
CASSRGLAGGPDNEQFF	TRBV4-3	TRBJ2-1	1
CASSRGLAGVATGELFF	TRBV3-1	TRBJ2-2	1
CASSRGLAGVETQYF	TRBV18	TRBJ2-5	1
CASSRGLAQYF	TRBV27	TRBJ2-3	1
CASSRGLDGTDTQYF	TRBV4-1	TRBJ2-3	1
CASSRGLGETQYF	TRBV12-4	TRBJ2-5	1
CASSRGLGNEQYF	TRBV27	TRBJ2-7	1
CASSRGLGRVGDLGHNEQFF	TRBV5-1	TRBJ2-1	1
CASSRGLLPGNTIYF	TRBV27	TRBJ1-3	1
CASSRGLPRGTGELFF	TRBV7-9	TRBJ2-2	1
CASSRGNEKLFF	TRBV7-2	TRBJ1-4	1
CASSRGNIASYNEQFF	TRBV7-8	TRBJ2-1	1
CASSRGNIQYF	TRBV25-1	TRBJ2-4	1
CASSRGNTIYF	TRBV7-9	TRBJ1-3	1
CASSRGPDNEQFF	TRBV27	TRBJ2-1	1
CASSRGPGKLFF	TRBV7-9	TRBJ1-4	1
CASSRGPIGELFF	TRBV6-3	TRBJ2-2	1
CASSRGPLETQYF	TRBV9	TRBJ2-5	1
CASSRGPSIGGHGTDTQYF	TRBV9	TRBJ2-3	1
CASSRGPSLSTDTQYF	TRBV9	TRBJ2-3	1
CASSRGPTQHF	TRBV7-9	TRBJ1-5	2
CASSRGPYRDTQYF	TRBV7-2	TRBJ2-3	1
CASSRGQAPYEQFF	TRBV27	TRBJ2-1	1
CASSRGQDEGFNEKLFF	TRBV5-1	TRBJ1-4	1
CASSRGQFSTEAFF	TRBV4-1	TRBJ1-1	1
CASSRGQGLNEQFF	TRBV12-4	TRBJ2-1	1
CASSRGQGLSNEKLFF	TRBV4-2	TRBJ1-4	1
CASSRGQGNGQPQHF	TRBV19	TRBJ1-5	1
CASSRGQHYGYTF	TRBV5-1	TRBJ1-2	1
CASSRGQINQPQHF	TRBV7-9	TRBJ1-5	39
CASSRGQLNTEAFF	TRBV27	TRBJ1-1	1
CASSRGQPNEKLFF	TRBV9	TRBJ1-4	1
CASSRGQSTANTGELFF	TRBV4-2	TRBJ2-2	1
CASSRGQVDQPQHF	TRBV19	TRBJ1-5	1
CASSRGRAGGYTF	TRBV27	TRBJ1-2	1
CASSRGRATEAFF	TRBV14	TRBJ1-1	1
CASSRGRDGYTF	TRBV27	TRBJ1-2	1
CASSRGRDNEKLFF	TRBV27	TRBJ1-4	1
CASSRGRDTTYEQYF	TRBV4-1	TRBJ2-7	1
CASSRGRDYEQYF	TRBV10-2	TRBJ2-7	1
CASSRGRGPLNEQFF	TRBV6-3	TRBJ2-1	1
CASSRGRGSSYNEQFF	TRBV12-4	TRBJ2-1	1
CASSRGRGVGSTDTQYF	TRBV7-2	TRBJ2-3	1
CASSRGSGGNTDTQYF	TRBV27	TRBJ2-3	1
CASSRGSGSWSETQYF	TRBV6-3	TRBJ2-5	1
CASSRGSLPYSYNEQFF	TRBV27	TRBJ2-1	1
CASSRGSTEAFF	TRBV9	TRBJ1-1	1
CASSRGSTGLATDTQYF	TRBV4-3	TRBJ2-3	1
CASSRGSTGTENSPLHF	TRBV18	TRBJ1-6	1
CASSRGSWTGGELFF	TRBV27	TRBJ2-2	1
CASSRGTALYSNQPQHF	TRBV19	TRBJ1-5	1
CASSRGTDTGELFF	TRBV4-3	TRBJ2-2	1
CASSRGTDTQYF	TRBV7-3	TRBJ2-3	1
CASSRGTDTQYF	TRBV9	TRBJ2-3	1
CASSRGTGGNEQYF	TRBV5-4	TRBJ2-7	1
CASSRGTGGVDSPLHF	TRBV4-3	TRBJ1-6	1
CASSRGTGNYGYTF	TRBV6-6	TRBJ1-2	1
CASSRGTGRDTEAFF	TRBV4-3	TRBJ1-1	1
CASSRGTGRIGNQPQHF	TRBV6-3	TRBJ1-5	1
CASSRGTGSPETQYF	TRBV5-5	TRBJ2-5	1
CASSRGTGSPGELFF	TRBV19	TRBJ2-2	1
CASSRGTGSTGELFF	TRBV25-1	TRBJ2-2	1
CASSRGTSAREQYF	TRBV27	TRBJ2-7	1
CASSRGTSGGNEQFF	TRBV18	TRBJ2-1	1
CASSRGTSGNNEQFF	TRBV28	TRBJ2-1	1
CASSRGTSGTYEQYF	TRBV7-2	TRBJ2-7	1
CASSRGTTHTDTQYF	TRBV7-3	TRBJ2-3	1
CASSRGTVYEQYF	TRBV12-4	TRBJ2-7	1
CASSRGVDEQFF	TRBV11-2	TRBJ2-1	1
CASSRGVEKLFF	TRBV12-4	TRBJ1-4	1
CASSRGVEQYF	TRBV27	TRBJ2-7	1
CASSRGVGPYEQYF	TRBV14	TRBJ2-7	1
CASSRGVLTGELFF	TRBV4-3	TRBJ2-2	1
CASSRGVRYEQYF	TRBV4-1	TRBJ2-7	1
CASSRGVSGNTIYF	TRBV27	TRBJ1-3	1
CASSRGVSYGYTF	TRBV9	TRBJ1-2	1
CASSRGVSYNEQFF	TRBV2	TRBJ2-1	1
CASSRGWGDNEQFF	TRBV28	TRBJ2-1	1
CASSRGWSDGQSQETQYF	TRBV9	TRBJ2-5	1
CASSRGYEAFF	TRBV27	TRBJ1-1	1
CASSRGYEQYF	TRBV14	TRBJ2-7	1
CASSRHATGIYEQYF	TRBV4-3	TRBJ2-7	1
CASSRHGQGNTEAFF	TRBV7-9	TRBJ1-1	1
CASSRHMGLDTGELFF	TRBV7-9	TRBJ2-2	1
CASSRHPGLTSYEQYF	TRBV11-1	TRBJ2-7	1
CASSRHPGTVNSPLHF	TRBV12-4	TRBJ1-6	1
CASSRHPPAGASDTQYF	TRBV4-3	TRBJ2-3	1
CASSRHSSDLNNEQFF	TRBV28	TRBJ2-1	1
CASSRIAGGIQETQYF	TRBV4-2	TRBJ2-5	1
CASSRIAGNEQYF	TRBV7-3	TRBJ2-7	1
CASSRIFTGTGTYNEQFF	TRBV5-1	TRBJ2-1	1
CASSRIGRANANTGELFF	TRBV11-2	TRBJ2-2	1
CASSRIGRSNQPQHF	TRBV19	TRBJ1-5	1
CASSRIGSPSSYEQYF	TRBV5-4	TRBJ2-7	1
CASSRIIGTSGNYEQYF	TRBV27	TRBJ2-7	1
CASSRIMGGDYNEQFF	TRBV12-4	TRBJ2-1	1
CASSRIPGDTQYF	TRBV19	TRBJ2-3	1
CASSRIPQGHQETQYF	TRBV6-3	TRBJ2-5	1
CASSRIQAGAWPGETQYF	TRBV14	TRBJ2-5	1
CASSRIQGDGELFF	TRBV7-2	TRBJ2-2	1
CASSRISGTEAFF	TRBV19	TRBJ1-1	1
CASSRISSSYEQYF	TRBV7-2	TRBJ2-7	1
CASSRITNEKLFF	TRBV5-1	TRBJ1-4	1
CASSRIYLGGGYTF	TRBV7-9	TRBJ1-2	1
CASSRKAEGAYNEQFF	TRBV7-8	TRBJ2-1	1
CASSRKARLGAYGYTF	TRBV4-3	TRBJ1-2	1
CASSRKDEGYTYEQYF	TRBV11-1	TRBJ2-7	1
CASSRKDRAIQPQHF	TRBV12-3	TRBJ1-5	1
CASSRKGQGAEDEQFF	TRBV18	TRBJ2-1	1
CASSRKKGTGDEKLFF	TRBV3-1	TRBJ1-4	1
CASSRKLDSLIYF	TRBV5-4	TRBJ2-7	1
CASSRKPDEGRRTNNEQFF	TRBV27	TRBJ2-1	2
CASSRKTGANEQFF	TRBV28	TRBJ2-1	1
CASSRKTGVMSGYTF	TRBV19	TRBJ1-2	1
CASSRLAGAAETQYF	TRBV6-5	TRBJ2-5	1
CASSRLAGANTDTQYF	TRBV7-9	TRBJ2-3	1
CASSRLAGESDTQYF	TRBV5-4	TRBJ2-3	1
CASSRLAGGDNEQFF	TRBV12-3	TRBJ2-1	1
CASSRLAGGLSTDTQYF	TRBV13	TRBJ2-3	1
CASSRLAGGPGEQYF	TRBV7-9	TRBJ2-7	1
CASSRLAGGPWRGEQFF	TRBV28	TRBJ2-1	1
CASSRLAGGSSYNEQFF	TRBV3-1	TRBJ2-1	1
CASSRLAGGVNEQFF	TRBV19	TRBJ2-1	2
CASSRLAGGWNEQFF	TRBV3-1	TRBJ2-1	43
CASSRLAGGYGNEQFF	TRBV6-4	TRBJ2-1	1
CASSRLAGNEQYF	TRBV28	TRBJ2-7	1
CASSRLAGSENYNEQFF	TRBV21-1	TRBJ2-1	1
CASSRLAKEQYF	TRBV12-4	TRBJ2-7	1
CASSRLALSGANVLTF	TRBV4-1	TRBJ2-6	1
CASSRLAPLYNEQFF	TRBV2	TRBJ2-1	1
CASSRLARETQYF	TRBV19	TRBJ2-5	1
CASSRLDNYNEQFF	TRBV28	TRBJ2-1	1
CASSRLEGRGTDTQYF	TRBV4-1	TRBJ2-3	1
CASSRLFDF	TRBV5-8	TRBJ2-7	1
CASSRLGAGTEAFF	TRBV4-3	TRBJ1-1	1
CASSRLGEDSSTDTQYF	TRBV14	TRBJ2-3	1
CASSRLGGNTQYF	TRBV16	TRBJ2-3	1
CASSRLGGRVRTGELFF	TRBV6-6	TRBJ2-2	1
CASSRLGQVNYEQYF	TRBV18	TRBJ2-7	1
CASSRLGSEQYF	TRBV14	TRBJ2-7	1
CASSRLGVGEQYF	TRBV10-1	TRBJ2-7	1
CASSRLNSGITGELFF	TRBV4-1	TRBJ2-2	1
CASSRLNTGELFF	TRBV4-3	TRBJ2-2	1
CASSRLPGLAGVGNHEQYF	TRBV4-3	TRBJ2-7	1
CASSRLPGYEQFF	TRBV7-9	TRBJ2-1	1
CASSRLRDRGQHYGEQYF	TRBV14	TRBJ2-7	1
CASSRLRGVQDSPLHF	TRBV4-3	TRBJ1-6	1
CASSRLRRGAGETQYF	TRBV4-3	TRBJ2-5	1
CASSRLTENELVEAFF	TRBV11-1	TRBJ1-1	2
CASSRLTSTDTQYF	TRBV7-9	TRBJ2-3	8
CASSRLVTDTQYF	TRBV7-6	TRBJ2-3	1
CASSRLVVNTEAFF	TRBV9	TRBJ1-1	1
CASSRMGFYEQYF	TRBV6-3	TRBJ2-7	3
CASSRMGRSSYNEQFF	TRBV12-3	TRBJ2-1	1
CASSRMTDGSGYHEQFF	TRBV4-2	TRBJ2-1	1
CASSRMTGGNQPQHF	TRBV27	TRBJ1-5	1
CASSRNFRDPLNEQFF	TRBV5-8	TRBJ2-1	1
CASSRNHYEQYF	TRBV27	TRBJ2-7	1
CASSRNLAGGPENEQFF	TRBV3-1	TRBJ2-1	1
CASSRNPAGLTDTQYF	TRBV4-2	TRBJ2-3	1
CASSRNPPDSYLNNEQFF	TRBV27	TRBJ2-1	1
CASSRNRASSYEQYF	TRBV5-4	TRBJ2-7	1
CASSRNRDNSPLHF	TRBV28	TRBJ1-6	5
CASSRNRGQDIQYF	TRBV4-3	TRBJ2-4	1
CASSRNRGRFTDTQYF	TRBV14	TRBJ2-3	1
CASSRNTGELFF	TRBV3-1	TRBJ2-2	1
CASSRPDQYYEQYF	TRBV7-9	TRBJ2-7	1
CASSRPDRGVGSYNEQFF	TRBV6-6	TRBJ2-1	1
CASSRPDRPFIRQPQHF	TRBV28	TRBJ1-5	1
CASSRPDTQYF	TRBV7-9	TRBJ2-3	1
CASSRPGELFF	TRBV12-4	TRBJ2-2	1
CASSRPGGAPYNEQFF	TRBV4-1	TRBJ2-1	1
CASSRPGGGAYEQYF	TRBV5-4	TRBJ2-7	1
CASSRPGGTKTQYF	TRBV5-1	TRBJ2-5	1
CASSRPGLAGGVPYEQYF	TRBV21-1	TRBJ2-7	1
CASSRPGLAGMGETQYF	TRBV28	TRBJ2-5	1
CASSRPGQGKDIQYF	TRBV3-1	TRBJ2-4	1
CASSRPGQSSGANVLTF	TRBV6-5	TRBJ2-6	1
CASSRPGTGFEKLFF	TRBV18	TRBJ1-4	2
CASSRPGVGANVLTF	TRBV11-2	TRBJ2-6	1
CASSRPHIKYEQYF	TRBV28	TRBJ2-7	1
CASSRPHVTLYNEQFF	TRBV11-2	TRBJ2-1	1
CASSRPLAGSYEQYF	TRBV27	TRBJ2-7	1
CASSRPPEVAGNTIYF	TRBV3-1	TRBJ1-3	1
CASSRPQDEQYF	TRBV6-3	TRBJ2-7	1
CASSRPQGAAYEQYF	TRBV16	TRBJ2-7	1
CASSRPQGAGSEQYF	TRBV7-8	TRBJ2-7	1
CASSRPRGSYEQYF	TRBV28	TRBJ2-7	1
CASSRPSRGPGNTIYF	TRBV7-2	TRBJ1-3	1
CASSRPSSGELFF	TRBV9	TRBJ2-2	1
CASSRPSTGENYGYTF	TRBV7-9	TRBJ1-2	1
CASSRPTGMGAEAFF	TRBV12-4	TRBJ1-1	1
CASSRPTGSGDGYTF	TRBV4-1	TRBJ1-2	1
CASSRPVAPNTDTQYF	TRBV4-3	TRBJ2-3	1
CASSRPVAVIYGYTF	TRBV10-1	TRBJ1-2	1
CASSRPVTSGRHEQYF	TRBV4-2	TRBJ2-7	1
CASSRPWEGSGNTIYF	TRBV4-2	TRBJ1-3	1
CASSRPYEQFF	TRBV3-1	TRBJ2-1	1
CASSRPYEQYF	TRBV6-3	TRBJ2-7	1
CASSRQADLYYEQYF	TRBV6-3	TRBJ2-7	1
CASSRQDSGANVLTF	TRBV2	TRBJ2-6	1
CASSRQGAATNEKLFF	TRBV19	TRBJ1-4	1
CASSRQGAGEKLFF	TRBV11-2	TRBJ1-4	1
CASSRQGDTYEQYF	TRBV27	TRBJ2-7	1
CASSRQGDYSNQPQHF	TRBV5-5	TRBJ1-5	1
CASSRQGGYEQYF	TRBV28	TRBJ2-7	1
CASSRQGILYNEQFF	TRBV7-9	TRBJ2-1	1
CASSRQGLDEQYF	TRBV28	TRBJ2-7	1
CASSRQGLGTEAFF	TRBV14	TRBJ1-1	1
CASSRQGNIQYF	TRBV4-1	TRBJ2-4	1
CASSRQGNNQPQHF	TRBV7-8	TRBJ1-5	1
CASSRQGRNEKLFF	TRBV6-5	TRBJ1-4	1
CASSRQGSQETQYF	TRBV4-3	TRBJ2-5	1
CASSRQGSQETQYF	TRBV6-5	TRBJ2-5	1
CASSRQGSWLETQYF	TRBV6-5	TRBJ2-5	1
CASSRQGVGQPQHF	TRBV4-3	TRBJ1-5	1
CASSRQGVSLNQPQHF	TRBV7-2	TRBJ1-5	1
CASSRQHYFSGNTIYF	TRBV4-3	TRBJ1-3	1
CASSRQNEQFF	TRBV7-8	TRBJ2-1	1
CASSRQQGNTEVFF	TRBV28	TRBJ1-1	1
CASSRQQYEQYF	TRBV6-6	TRBJ2-7	1
CASSRQRFSLQETQYF	TRBV5-6	TRBJ2-5	1
CASSRQRISNQPQHF	TRBV7-8	TRBJ1-5	1
CASSRQSYTF	TRBV2	TRBJ1-2	1
CASSRQTLGDSHLGTDTQYF	TRBV7-3	TRBJ2-3	1
CASSRQTSGTNTGELFF	TRBV3-1	TRBJ2-2	1
CASSRQVNTEAFF	TRBV27	TRBJ1-1	1
CASSRQVQETQYF	TRBV4-1	TRBJ2-5	1
CASSRQVWANTGELFF	TRBV19	TRBJ2-2	1
CASSRRAAYEQYF	TRBV7-9	TRBJ2-7	1
CASSRRAGGSYNEQFF	TRBV6-1	TRBJ2-1	1
CASSRRAGNQPQHF	TRBV28	TRBJ1-5	1
CASSRRARGTPFGGYTF	TRBV19	TRBJ1-2	2
CASSRRAYGDTQYF	TRBV7-2	TRBJ2-3	1
CASSRRDDSYEQYF	TRBV7-3	TRBJ2-7	1
CASSRRDRASSEKLFF	TRBV14	TRBJ1-4	1
CASSRRDRATPGPHYEQYF	TRBV6-5	TRBJ2-7	1
CASSRRDRGQAGEQYF	TRBV12-4	TRBJ2-7	1
CASSRRDRGVQETQYF	TRBV7-9	TRBJ2-5	1
CASSRRDRVHEQYF	TRBV7-6	TRBJ2-7	1
CASSRRDSPSYEQYF	TRBV19	TRBJ2-7	2
CASSRREASYNEQFF	TRBV4-3	TRBJ2-1	1
CASSRREDAKNIQYF	TRBV5-4	TRBJ2-4	1
CASSRRETSGSSYNEQFF	TRBV3-1	TRBJ2-1	1
CASSRRGAPYNEQFF	TRBV3-1	TRBJ2-1	1
CASSRRGDGTDTQYF	TRBV6-3	TRBJ2-3	5
CASSRRGGAYNEQFF	TRBV2	TRBJ2-1	1
CASSRRGGRGDNEQFF	TRBV7-3	TRBJ2-1	1
CASSRRGGRTDEQYF	TRBV9	TRBJ2-7	1
CASSRRGGTGDGNEQYF	TRBV7-2	TRBJ2-7	1
CASSRRGLSDVNEQFF	TRBV3-1	TRBJ2-1	1
CASSRRGPITDTQYF	TRBV6-1	TRBJ2-3	1
CASSRRGPWVTKGTDTQYF	TRBV4-1	TRBJ2-3	4
CASSRRGQPNTGELFF	TRBV7-3	TRBJ2-2	1
CASSRRGRDLDNEQFF	TRBV5-6	TRBJ2-1	1
CASSRRGSSYEQYF	TRBV28	TRBJ2-7	1
CASSRRGYGELFF	TRBV6-3	TRBJ2-2	1
CASSRRGYNQPQHF	TRBV14	TRBJ1-5	1
CASSRRGYQETQYF	TRBV9	TRBJ2-5	1
CASSRRHGTGLSGANVLTF	TRBV14	TRBJ2-6	1
CASSRRINTEAFF	TRBV27	TRBJ1-1	1
CASSRRLAGGYEQYF	TRBV4-3	TRBJ2-7	1
CASSRRLAGNNEQFF	TRBV4-3	TRBJ2-1	1
CASSRRLAGYYEQYF	TRBV7-9	TRBJ2-7	1
CASSRRLDVETQYF	TRBV13	TRBJ2-5	1
CASSRRLGEDTQYF	TRBV7-2	TRBJ2-3	1
CASSRRMNNNEQFF	TRBV7-2	TRBJ2-1	1
CASSRRNTIYF	TRBV28	TRBJ1-3	1
CASSRRPGETNEKLFF	TRBV14	TRBJ1-4	1
CASSRRQALMVLDSEAFF	TRBV6-3	TRBJ1-1	1
CASSRRQGGRETQYF	TRBV4-3	TRBJ2-5	1
CASSRRQGIGTEAFF	TRBV28	TRBJ1-1	1
CASSRRSGRAGLQEQFF	TRBV7-3	TRBJ2-1	1
CASSRRSLTASTDTQYF	TRBV7-8	TRBJ2-3	1
CASSRRTGGAETQYF	TRBV4-1	TRBJ2-5	1
CASSRRTGTNEKLFF	TRBV2	TRBJ1-4	1
CASSRRTSGGADTQYF	TRBV27	TRBJ2-3	1
CASSRRTSTDTQYF	TRBV11-2	TRBJ2-3	1
CASSRRTYSNQPQHF	TRBV10-2	TRBJ1-5	1
CASSRRWGQGTWRGYEQYF	TRBV6-1	TRBJ2-7	1
CASSRSAQFANTGELFF	TRBV4-2	TRBJ2-2	1
CASSRSDRRNYGYTF	TRBV13	TRBJ1-2	1
CASSRSDSWTDTQYF	TRBV4-3	TRBJ2-3	1
CASSRSGAEINEQFF	TRBV7-9	TRBJ2-1	1
CASSRSGGGADTQYF	TRBV7-3	TRBJ2-3	1
CASSRSGGGEQYF	TRBV9	TRBJ2-7	1
CASSRSGGKDTQYF	TRBV14	TRBJ2-3	1
CASSRSGGLDIQYF	TRBV9	TRBJ2-4	1
CASSRSGGLQETQYF	TRBV12-4	TRBJ2-5	2
CASSRSGGYNEQFF	TRBV19	TRBJ2-1	1
CASSRSGRFISYNEQFF	TRBV7-2	TRBJ2-1	1
CASSRSGTNTGELFF	TRBV7-3	TRBJ2-2	1
CASSRSGTRTEQYF	TRBV4-2	TRBJ2-7	1
CASSRSHHYNEQFF	TRBV6-3	TRBJ2-1	1
CASSRSLAGGPRNEQFF	TRBV27	TRBJ2-1	1
CASSRSPDRVQETQYF	TRBV6-5	TRBJ2-5	1
CASSRSPYEQYF	TRBV14	TRBJ2-7	1
CASSRSQGPNEQFF	TRBV9	TRBJ2-1	1
CASSRSRDRGLTTEAFF	TRBV7-2	TRBJ1-1	1
CASSRSRGGGTQYF	TRBV27	TRBJ2-5	1
CASSRSSGEDQPQHF	TRBV6-3	TRBJ1-5	1
CASSRSSSGVNTGELFF	TRBV18	TRBJ2-2	1
CASSRSSYEQYF	TRBV7-2	TRBJ2-7	1
CASSRSTAQETQYF	TRBV9	TRBJ2-5	1
CASSRSTEAFF	TRBV16	TRBJ1-1	9
CASSRSTGGRQPQHF	TRBV12-4	TRBJ1-5	1
CASSRSTGGYHEQYF	TRBV7-2	TRBJ2-7	1
CASSRSTGTNTEAFF	TRBV4-3	TRBJ1-1	1
CASSRSTLDSSNEQFF	TRBV4-3	TRBJ2-1	1
CASSRSTQGGANVLTF	TRBV9	TRBJ2-6	1
CASSRSTRLSYNSPLHF	TRBV28	TRBJ1-6	1
CASSRSYRDTQYF	TRBV11-2	TRBJ2-3	1
CASSRTAGTSGRAGTGELFF	TRBV7-2	TRBJ2-2	1
CASSRTATGFVTDTQYF	TRBV7-8	TRBJ2-3	1
CASSRTDHYEQYF	TRBV19	TRBJ2-7	1
CASSRTDPDTQYF	TRBV4-2	TRBJ2-3	1
CASSRTDSLNTEAFF	TRBV5-1	TRBJ1-1	1
CASSRTDSYEQYF	TRBV7-9	TRBJ2-7	1
CASSRTEGGAGELFF	TRBV4-3	TRBJ2-2	1
CASSRTELTEQYF	TRBV4-3	TRBJ2-7	1
CASSRTEYNEQFF	TRBV25-1	TRBJ2-1	1
CASSRTGAYEQYF	TRBV11-2	TRBJ2-7	1
CASSRTGAYGYTF	TRBV6-5	TRBJ1-2	1
CASSRTGDGGELFF	TRBV7-2	TRBJ2-2	1
CASSRTGGETQYF	TRBV27	TRBJ2-5	1
CASSRTGGINTGELFF	TRBV4-1	TRBJ2-2	1
CASSRTGGWEDTEAFF	TRBV16	TRBJ1-1	1
CASSRTGGYGETQYF	TRBV28	TRBJ2-5	1
CASSRTGLDEQFF	TRBV6-5	TRBJ2-1	1
CASSRTGNNEQFF	TRBV11-2	TRBJ2-1	1
CASSRTGPGIEQYF	TRBV6-3	TRBJ2-7	1
CASSRTGPNNSPLHF	TRBV12-4	TRBJ1-6	1
CASSRTGQFYGYTF	TRBV4-3	TRBJ1-2	1
CASSRTGQGTYPTGELFF	TRBV9	TRBJ2-2	1
CASSRTGRKGTDTQYF	TRBV28	TRBJ2-3	1
CASSRTGSDYGYTF	TRBV19	TRBJ1-2	1
CASSRTGSNRGYTF	TRBV4-1	TRBJ1-2	1
CASSRTGSYEQYF	TRBV5-1	TRBJ2-7	1
CASSRTGTGTRQSGELFF	TRBV6-5	TRBJ2-2	1
CASSRTGTPDF	TRBV12-3	TRBJ2-5	1
CASSRTGTSYEQYF	TRBV13	TRBJ2-7	63
CASSRTGVNQPQHF	TRBV6-1	TRBJ1-5	1
CASSRTGVSRAFF	TRBV6-3	TRBJ1-1	1
CASSRTGVYNEQFF	TRBV7-2	TRBJ2-1	1
CASSRTGVYTGELFF	TRBV7-8	TRBJ2-2	1
CASSRTHTGELFF	TRBV14	TRBJ2-2	1
CASSRTLAEQYF	TRBV5-6	TRBJ2-7	1
CASSRTLNTEAFF	TRBV27	TRBJ1-1	1
CASSRTPDSYNEQFF	TRBV6-4	TRBJ2-1	3
CASSRTPREWGGYTF	TRBV7-8	TRBJ1-2	1
CASSRTQGLAGTDTQYF	TRBV9	TRBJ2-3	1
CASSRTQGLAPEAFF	TRBV4-3	TRBJ1-1	1
CASSRTQGPDTQYF	TRBV4-1	TRBJ2-3	1
CASSRTRDWMNTEAFF	TRBV6-3	TRBJ1-1	1
CASSRTREQFF	TRBV9	TRBJ2-1	1
CASSRTRSSGANVLTF	TRBV4-3	TRBJ2-6	1
CASSRTSAYEQYF	TRBV18	TRBJ2-7	1
CASSRTSEKLFF	TRBV27	TRBJ1-4	1
CASSRTSGEQYF	TRBV27	TRBJ2-7	1
CASSRTSGGAYEQYF	TRBV4-3	TRBJ2-7	1
CASSRTSGGAYNEQFF	TRBV11-2	TRBJ2-1	1
CASSRTSGLYEQYF	TRBV28	TRBJ2-7	1
CASSRTSGPYNEQFF	TRBV7-3	TRBJ2-1	1
CASSRTSGRSYEQYF	TRBV11-2	TRBJ2-7	1
CASSRTSGSKETQYF	TRBV6-5	TRBJ2-5	1
CASSRTSGSLYNEQFF	TRBV6-5	TRBJ2-1	1
CASSRTSGSPYEQYF	TRBV2	TRBJ2-7	1
CASSRTSGSSYEQYF	TRBV5-1	TRBJ2-7	1
CASSRTSGSYNEQFF	TRBV7-9	TRBJ2-1	1
CASSRTSQLYTYNEQFF	TRBV19	TRBJ2-1	1
CASSRTSRSPNSPLHF	TRBV19	TRBJ1-6	1
CASSRTSSVSYNSPLHF	TRBV6-3	TRBJ1-6	1
CASSRTSYNEQFF	TRBV9	TRBJ2-1	1
CASSRTSYSSGNTIYF	TRBV7-2	TRBJ1-3	1
CASSRTTGDQAGELFF	TRBV4-1	TRBJ2-2	1
CASSRTTRDGYTF	TRBV6-3	TRBJ1-2	1
CASSRTVGTDTQYF	TRBV7-9	TRBJ2-3	1
CASSRTVGVGETQYF	TRBV12-4	TRBJ2-5	1
CASSRTVNTEAFF	TRBV4-3	TRBJ1-1	1
CASSRTVNTEAFF	TRBV7-3	TRBJ1-1	1
CASSRTVWSITGELFF	TRBV5-1	TRBJ2-2	1
CASSRTYNEQFF	TRBV12-4	TRBJ2-1	1
CASSRVEDGNTIYF	TRBV6-5	TRBJ1-3	1
CASSRVFGQVYTGELFF	TRBV5-1	TRBJ2-2	1
CASSRVFWEGEDSDTQYF	TRBV7-2	TRBJ2-3	1
CASSRVGDQSYEQYF	TRBV11-2	TRBJ2-7	1
CASSRVGGGSSYNEQFF	TRBV7-9	TRBJ2-1	1
CASSRVGGVSETQYF	TRBV7-2	TRBJ2-5	1
CASSRVGQPQTPYEQYF	TRBV11-1	TRBJ2-7	1
CASSRVGTGGEQFF	TRBV5-6	TRBJ2-1	1
CASSRVLAGAPLDNEQFF	TRBV5-5	TRBJ2-1	1
CASSRVNQPQHF	TRBV13	TRBJ1-5	1
CASSRVPKNIQYF	TRBV6-3	TRBJ2-4	1
CASSRVQATTGELFF	TRBV4-3	TRBJ2-2	1
CASSRVRAGSTDTQYF	TRBV6-6	TRBJ2-3	1
CASSRVRRPYEQYF	TRBV5-6	TRBJ2-7	1
CASSRVWASSPQHF	TRBV12-4	TRBJ1-5	1
CASSRWDPGEGSYGYTF	TRBV28	TRBJ1-2	1
CASSRWEGLYNEQFF	TRBV27	TRBJ2-1	1
CASSRWGGQDTQYF	TRBV7-6	TRBJ2-3	1
CASSRWLAEPYEQYF	TRBV4-3	TRBJ2-7	1
CASSRWMYNEQFF	TRBV4-1	TRBJ2-1	1
CASSRWRAGNTIYF	TRBV7-8	TRBJ1-3	1
CASSRWRGSGTDTQYF	TRBV27	TRBJ2-3	1
CASSRWTSEDEQFF	TRBV7-2	TRBJ2-1	1
CASSRYAYGTSRTDTQYF	TRBV6-3	TRBJ2-3	2
CASSRYDGSNQPQHF	TRBV7-9	TRBJ1-5	1
CASSRYGFAEAFF	TRBV4-1	TRBJ1-1	1
CASSRYNSGRGGTDTQYF	TRBV4-2	TRBJ2-3	1
CASSRYRGTNTEAFF	TRBV14	TRBJ1-1	1
CASSRYRPSSNTEAFF	TRBV5-5	TRBJ1-1	1
CASSRYRVLNEQFF	TRBV6-3	TRBJ2-1	1
CASSRYSVGYYGYTF	TRBV7-9	TRBJ1-2	1
CASSRYTTGTSGRGTGELFF	TRBV5-6	TRBJ2-2	1
CASSRYYNEQFF	TRBV18	TRBJ2-1	1
CASSSAAGGLDNEQFF	TRBV7-9	TRBJ2-1	1
CASSSAAGGVETQYF	TRBV12-3	TRBJ2-5	1
CASSSAAGMSTDTQYF	TRBV13	TRBJ2-3	1
CASSSADRGHGYTF	TRBV27	TRBJ1-2	1
CASSSADTQYF	TRBV4-1	TRBJ2-3	1
CASSSADVGNSYEQYF	TRBV18	TRBJ2-7	1
CASSSADYEQYF	TRBV5-1	TRBJ2-7	1
CASSSAEKPYEQYF	TRBV28	TRBJ2-7	1
CASSSAFTDTQYF	TRBV6-3	TRBJ2-3	1
CASSSAGADTQYF	TRBV6-3	TRBJ2-3	1
CASSSAGADYEQYF	TRBV9	TRBJ2-7	1
CASSSAGAGELFF	TRBV7-3	TRBJ2-2	1
CASSSAGDTDTQYF	TRBV4-3	TRBJ2-3	1
CASSSAGEDEQYF	TRBV6-5	TRBJ2-7	1
CASSSAGGELFF	TRBV11-2	TRBJ2-2	1
CASSSAGGISEQYF	TRBV5-4	TRBJ2-7	1
CASSSAGGPLDSYNEQFF	TRBV11-3	TRBJ2-1	1
CASSSAGGRTDTQYF	TRBV6-6	TRBJ2-3	1
CASSSAGGSNEKLFF	TRBV19	TRBJ1-4	1
CASSSAGGTPSYEQYF	TRBV7-2	TRBJ2-7	1
CASSSAGGWSGELFF	TRBV12-4	TRBJ2-2	1
CASSSAGGYEQYF	TRBV13	TRBJ2-7	1
CASSSAGPYGYTF	TRBV19	TRBJ1-2	1
CASSSAGQGFTEAFF	TRBV13	TRBJ1-1	1
CASSSAGSDEQYF	TRBV5-4	TRBJ2-7	1
CASSSAGTAYEQYF	TRBV27	TRBJ2-7	1
CASSSAGTDHEQYF	TRBV5-6	TRBJ2-7	2
CASSSAGTGFYEQYF	TRBV6-5	TRBJ2-7	1
CASSSAGTGGQETQYF	TRBV7-9	TRBJ2-5	1
CASSSAGTGYYEQYF	TRBV5-5	TRBJ2-7	1
CASSSAGTLNQPQHF	TRBV5-6	TRBJ1-5	1
CASSSAGTPWNGYTF	TRBV12-3	TRBJ1-2	1
CASSSAGTSYEQYF	TRBV28	TRBJ2-7	1
CASSSAGTTTDTQYF	TRBV7-3	TRBJ2-3	1
CASSSAGTVFMNTEAFF	TRBV27	TRBJ1-1	1
CASSSALAGVNTQYF	TRBV7-3	TRBJ2-3	1
CASSSALGPYEQYF	TRBV27	TRBJ2-7	1
CASSSALNIQYF	TRBV7-9	TRBJ2-4	1
CASSSAMDGNEQFF	TRBV5-6	TRBJ2-1	1
CASSSANSPYEQYF	TRBV7-2	TRBJ2-7	1
CASSSAPDRRLIYGYTF	TRBV5-1	TRBJ1-2	1
CASSSAPGGVRPLHF	TRBV7-6	TRBJ1-6	1
CASSSAPGSYNSPLHF	TRBV7-2	TRBJ1-6	1
CASSSAPHTEAFF	TRBV6-6	TRBJ1-1	1
CASSSAPISMNTEAFF	TRBV6-3	TRBJ1-1	1
CASSSAQGRETEAFF	TRBV5-5	TRBJ1-1	1
CASSSARELTGELFF	TRBV5-6	TRBJ2-2	1
CASSSARGVTEAFF	TRBV28	TRBJ1-1	1
CASSSARNTEAFF	TRBV19	TRBJ1-1	1
CASSSARTGGGGYTF	TRBV5-6	TRBJ1-2	1
CASSSASGAYEQYF	TRBV7-9	TRBJ2-7	1
CASSSATGPLRDTQYF	TRBV19	TRBJ2-3	1
CASSSATGTGGTDTQYF	TRBV7-9	TRBJ2-3	1
CASSSATSGASQPQHF	TRBV6-3	TRBJ1-5	1
CASSSATWGETQYF	TRBV27	TRBJ2-5	1
CASSSAVTDTQYF	TRBV7-3	TRBJ2-3	1
CASSSAWGLEQYF	TRBV5-6	TRBJ2-7	1
CASSSAYRGRETQYF	TRBV12-4	TRBJ2-5	1
CASSSCRGEGEKLFF	TRBV7-3	TRBJ1-4	1
CASSSDAWSFSPLHF	TRBV5-5	TRBJ1-6	1
CASSSDEGSANYNEQFF	TRBV11-1	TRBJ2-1	1
CASSSDFNYGTSSETQYF	TRBV27	TRBJ2-5	1
CASSSDFSWGETQYF	TRBV7-7	TRBJ2-5	1
CASSSDGEAYEQYF	TRBV19	TRBJ2-7	3
CASSSDGEGEQYF	TRBV7-9	TRBJ2-7	1
CASSSDGGGGTDTQYF	TRBV7-9	TRBJ2-3	1
CASSSDGGRWTDTQYF	TRBV28	TRBJ2-3	1
CASSSDGNEQFF	TRBV27	TRBJ2-1	1
CASSSDGPLDEQFF	TRBV7-8	TRBJ2-1	1
CASSSDGPSADTQYF	TRBV5-6	TRBJ2-3	1
CASSSDGQSSYNEQFF	TRBV7-3	TRBJ2-1	1
CASSSDGYMNTEAFF	TRBV6-3	TRBJ1-1	1
CASSSDLEDKNIQYF	TRBV7-9	TRBJ2-4	1
CASSSDLPRREETQYF	TRBV7-2	TRBJ2-5	1
CASSSDLQGITDTQYF	TRBV4-3	TRBJ2-3	1
CASSSDLQGNEQFF	TRBV5-5	TRBJ2-1	1
CASSSDLYGYTF	TRBV7-9	TRBJ1-2	1
CASSSDPGQGTNEQYF	TRBV5-1	TRBJ2-7	1
CASSSDPGSDTQYF	TRBV7-6	TRBJ2-3	1
CASSSDPLVYEQYF	TRBV6-3	TRBJ2-7	1
CASSSDPQETQYF	TRBV7-9	TRBJ2-5	1
CASSSDPQGPHQPQHF	TRBV7-9	TRBJ1-5	1
CASSSDPRYGYTF	TRBV12-4	TRBJ1-2	67
CASSSDRAPTGELFF	TRBV6-1	TRBJ2-2	1
CASSSDRDLYGYTF	TRBV7-9	TRBJ1-2	1
CASSSDRDNEQFF	TRBV6-3	TRBJ2-1	1
CASSSDRDYQTYNEQFF	TRBV28	TRBJ2-1	1
CASSSDRGEEKLFF	TRBV5-4	TRBJ1-4	1
CASSSDRGGGQPQHF	TRBV6-5	TRBJ1-5	1
CASSSDRGIGTDTQYF	TRBV7-2	TRBJ2-3	1
CASSSDRGLPYEQYF	TRBV28	TRBJ2-7	1
CASSSDRGNTEAFF	TRBV12-4	TRBJ1-1	1
CASSSDRGQAGELFF	TRBV6-3	TRBJ2-2	1
CASSSDRGQETQYF	TRBV7-9	TRBJ2-5	1
CASSSDRGREQYF	TRBV27	TRBJ2-7	1
CASSSDRGRGNEQFF	TRBV7-9	TRBJ2-1	1
CASSSDRGSFETQYF	TRBV5-6	TRBJ2-5	1
CASSSDRGTEAFF	TRBV28	TRBJ1-1	1
CASSSDRGTGELFF	TRBV7-6	TRBJ2-2	1
CASSSDRGYEQYF	TRBV6-5	TRBJ2-7	1
CASSSDRPPSYNEQFF	TRBV11-2	TRBJ2-1	1
CASSSDRSNTEAFF	TRBV7-9	TRBJ1-1	1
CASSSDRSYEQYF	TRBV14	TRBJ2-7	1
CASSSDRTGKFSYEQYF	TRBV7-9	TRBJ2-7	1
CASSSDRVADTQYF	TRBV7-6	TRBJ2-3	1
CASSSDRVHGGELFF	TRBV5-6	TRBJ2-2	1
CASSSDRVPYAEAFF	TRBV9	TRBJ1-1	1
CASSSDRVRYEQYF	TRBV7-9	TRBJ2-7	1
CASSSDSAYEQYF	TRBV6-6	TRBJ2-7	1
CASSSDSDSYEQYF	TRBV7-9	TRBJ2-7	1
CASSSDSLKLFF	TRBV19	TRBJ1-4	1
CASSSDSLNMNTEAFF	TRBV7-9	TRBJ1-1	1
CASSSDSNFDAEAFF	TRBV5-4	TRBJ1-1	1
CASSSDSNYGYTF	TRBV11-2	TRBJ1-2	1
CASSSDSSTYEQYF	TRBV7-9	TRBJ2-7	1
CASSSDSSYEQYF	TRBV27	TRBJ2-7	1
CASSSDSSYEQYF	TRBV5-1	TRBJ2-7	1
CASSSDSYEQYF	TRBV13	TRBJ2-7	1
CASSSDTSHYGYTF	TRBV5-6	TRBJ1-2	1
CASSSDVEAFF	TRBV27	TRBJ1-1	1
CASSSDVGHEQYF	TRBV5-6	TRBJ2-7	1
CASSSDVGTGELFF	TRBV7-9	TRBJ2-2	1
CASSSDWGTEAFF	TRBV9	TRBJ1-1	1
CASSSDWTGGAYYGYTF	TRBV7-2	TRBJ1-2	1
CASSSDYLEQYF	TRBV5-6	TRBJ2-7	1
CASSSDYNEQFF	TRBV5-1	TRBJ2-1	1
CASSSDYTGELFF	TRBV5-6	TRBJ2-2	1
CASSSEAGGANVLTF	TRBV7-6	TRBJ2-6	3
CASSSEAGLAATDTQYF	TRBV5-1	TRBJ2-3	1
CASSSEDRGDTIYF	TRBV9	TRBJ1-3	1
CASSSEEGGHTGELFF	TRBV9	TRBJ2-2	1
CASSSEEGSYEQYF	TRBV4-1	TRBJ2-7	1
CASSSEGAGNTEAFF	TRBV13	TRBJ1-1	1
CASSSEGAPTNEKLFF	TRBV7-8	TRBJ1-4	1
CASSSEGDADYEQYF	TRBV13	TRBJ2-7	1
CASSSEGEKLFF	TRBV5-5	TRBJ1-4	1
CASSSEGEQYF	TRBV6-6	TRBJ2-7	1
CASSSEGGGEQFF	TRBV7-9	TRBJ2-1	1
CASSSEGGNQPQHF	TRBV5-6	TRBJ1-5	1
CASSSEGHNEQFF	TRBV6-3	TRBJ2-1	1
CASSSEGLTYEQYF	TRBV6-3	TRBJ2-7	1
CASSSEGLYRDYEQYF	TRBV7-9	TRBJ2-7	1
CASSSEGQVAKNIQYF	TRBV5-6	TRBJ2-4	4
CASSSEGRMTYEQYF	TRBV7-2	TRBJ2-7	3
CASSSEGSRYNEQFF	TRBV9	TRBJ2-1	1
CASSSEGTDNQPQHF	TRBV19	TRBJ1-5	1
CASSSEGTNGELFF	TRBV28	TRBJ2-2	1
CASSSEILAGVHNEQFF	TRBV6-5	TRBJ2-1	1
CASSSEITDTQYF	TRBV7-8	TRBJ2-3	1
CASSSELTYEQYF	TRBV5-1	TRBJ2-7	1
CASSSELVGGSYNEQFF	TRBV5-5	TRBJ2-1	1
CASSSEPGQGSYEQYF	TRBV13	TRBJ2-7	1
CASSSEPSGNTIYF	TRBV27	TRBJ1-3	1
CASSSERASVWETQYF	TRBV9	TRBJ2-5	1
CASSSEREVPYEQYF	TRBV28	TRBJ2-7	1
CASSSERGGHNEQFF	TRBV7-2	TRBJ2-1	1
CASSSERLGNQPQHF	TRBV7-2	TRBJ1-5	1
CASSSERVAYNEQFF	TRBV12-4	TRBJ2-1	1
CASSSESGLAGEVNEQFF	TRBV6-3	TRBJ2-1	1
CASSSESLAVYSNEQFF	TRBV7-6	TRBJ2-1	1
CASSSESYNEQFF	TRBV27	TRBJ2-1	1
CASSSETGLDYGYTF	TRBV5-6	TRBJ1-2	1
CASSSETGRGETQYF	TRBV27	TRBJ2-5	1
CASSSETSGGLRETQYF	TRBV12-4	TRBJ2-5	1
CASSSEVMGLNTEAFF	TRBV25-1	TRBJ1-1	1
CASSSEWAGGFGSYNEQFF	TRBV12-4	TRBJ2-1	1
CASSSEWGGWADTQYF	TRBV27	TRBJ2-3	1
CASSSFDSGNYGYTF	TRBV6-3	TRBJ1-2	1
CASSSFEWGGGRRETQYF	TRBV28	TRBJ2-5	1
CASSSFGGGGLNQETQYF	TRBV7-6	TRBJ2-5	1
CASSSFGGGYTDTQYF	TRBV7-9	TRBJ2-3	1
CASSSFGGRELFF	TRBV19	TRBJ2-2	1
CASSSFGLADEQYF	TRBV27	TRBJ2-7	1
CASSSFHPGLAGFDIQYF	TRBV5-1	TRBJ2-4	1
CASSSFIWGAYGYTF	TRBV7-2	TRBJ1-2	1
CASSSFLGAEAFF	TRBV19	TRBJ1-1	3
CASSSFPTESSTDTQYF	TRBV5-4	TRBJ2-3	1
CASSSFRARSSEGTDTQYF	TRBV7-9	TRBJ2-3	1
CASSSFRLQEAFF	TRBV6-5	TRBJ1-1	1
CASSSFSANEKLFF	TRBV19	TRBJ1-4	14
CASSSFSGPFYEQYF	TRBV6-3	TRBJ2-7	1
CASSSFTGDEQYF	TRBV27	TRBJ2-7	1
CASSSFVPKNIQYF	TRBV7-9	TRBJ2-4	1
CASSSGADGYTF	TRBV12-4	TRBJ1-2	1
CASSSGADGYTF	TRBV6-3	TRBJ1-2	1
CASSSGADQETQYF	TRBV5-6	TRBJ2-5	1
CASSSGADSLYQPQHF	TRBV28	TRBJ1-5	1
CASSSGAEAFF	TRBV7-9	TRBJ1-1	2
CASSSGALNYGYTF	TRBV27	TRBJ1-2	1
CASSSGALPRGETQYF	TRBV7-3	TRBJ2-5	1
CASSSGANYGYTF	TRBV12-3	TRBJ1-2	1
CASSSGASAYEQYF	TRBV6-5	TRBJ2-7	1
CASSSGASDTQYF	TRBV7-9	TRBJ2-3	1
CASSSGASGANVLTF	TRBV6-3	TRBJ2-6	1
CASSSGATYEQYF	TRBV14	TRBJ2-7	1
CASSSGAVTYEQYF	TRBV12-3	TRBJ2-7	1
CASSSGAYEQYF	TRBV7-9	TRBJ2-7	1
CASSSGDGGVGYEQYF	TRBV5-4	TRBJ2-7	1
CASSSGDGGYGYTF	TRBV5-1	TRBJ1-2	1
CASSSGDGYNSPLHF	TRBV12-4	TRBJ1-6	1
CASSSGDGYTF	TRBV27	TRBJ1-2	1
CASSSGDGYTF	TRBV7-2	TRBJ1-2	1
CASSSGDNYEQYF	TRBV12-4	TRBJ2-7	1
CASSSGDRAYEQYF	TRBV7-6	TRBJ2-7	1
CASSSGDRGNEQYF	TRBV7-6	TRBJ2-7	1
CASSSGDRGNYNEQFF	TRBV4-1	TRBJ2-1	1
CASSSGDRVLDTQYF	TRBV12-4	TRBJ2-3	1
CASSSGDSPYEQYF	TRBV11-2	TRBJ2-7	1
CASSSGDSQETQYF	TRBV27	TRBJ2-5	1
CASSSGDTNSPLHF	TRBV5-1	TRBJ1-6	1
CASSSGEFTEAFF	TRBV6-3	TRBJ1-1	2
CASSSGEKLFF	TRBV27	TRBJ1-4	1
CASSSGELQDETQYF	TRBV28	TRBJ2-5	1
CASSSGEQFF	TRBV18	TRBJ2-1	1
CASSSGETQYF	TRBV12-4	TRBJ2-5	1
CASSSGEVEAFF	TRBV5-1	TRBJ1-1	1
CASSSGEYSNQPQHF	TRBV5-8	TRBJ1-5	1
CASSSGFAGYPYEQYF	TRBV7-9	TRBJ2-7	1
CASSSGFFSLGDTEAFF	TRBV7-9	TRBJ1-1	1
CASSSGFGLADNEQFF	TRBV11-2	TRBJ2-1	1
CASSSGFLNTEAFF	TRBV11-1	TRBJ1-1	1
CASSSGFLREIYEQYF	TRBV7-9	TRBJ2-7	1
CASSSGFSSGNTIYF	TRBV27	TRBJ1-3	1
CASSSGFTGETQYF	TRBV27	TRBJ2-5	1
CASSSGFYGYTF	TRBV6-3	TRBJ1-2	1
CASSSGGAADTQYF	TRBV27	TRBJ2-3	1
CASSSGGAEAFF	TRBV7-2	TRBJ1-1	1
CASSSGGARETQYF	TRBV6-5	TRBJ2-5	1
CASSSGGAVQPQHF	TRBV6-5	TRBJ1-5	1
CASSSGGAYEQYF	TRBV7-8	TRBJ2-7	1
CASSSGGDAGYGYTF	TRBV4-1	TRBJ1-2	1
CASSSGGDLYEQYF	TRBV27	TRBJ2-7	1
CASSSGGDRYEQYF	TRBV7-2	TRBJ2-7	1
CASSSGGDSQETQYF	TRBV27	TRBJ2-5	1
CASSSGGDYNEQFF	TRBV12-3	TRBJ2-1	1
CASSSGGEETQYF	TRBV5-4	TRBJ2-5	1
CASSSGGELAGDRETQYF	TRBV27	TRBJ2-5	1
CASSSGGENIQYF	TRBV5-5	TRBJ2-4	1
CASSSGGGADTQYF	TRBV7-3	TRBJ2-3	1
CASSSGGGAFF	TRBV27	TRBJ1-1	1
CASSSGGGGELFF	TRBV19	TRBJ2-2	1
CASSSGGGGQFF	TRBV19	TRBJ2-1	1
CASSSGGGKGSDTQYF	TRBV28	TRBJ2-3	1
CASSSGGGLDTQYF	TRBV27	TRBJ2-3	1
CASSSGGGNTIYF	TRBV6-6	TRBJ1-3	1
CASSSGGGPTYEQYF	TRBV27	TRBJ2-7	1
CASSSGGGQNNEQFF	TRBV9	TRBJ2-1	1
CASSSGGGTEAFF	TRBV7-6	TRBJ1-1	1
CASSSGGLAFF	TRBV11-2	TRBJ1-1	1
CASSSGGLNIQYF	TRBV6-5	TRBJ2-4	1
CASSSGGNTEAFF	TRBV9	TRBJ1-1	1
CASSSGGNTIYF	TRBV5-6	TRBJ1-3	1
CASSSGGQGYTDTQYF	TRBV5-8	TRBJ2-3	1
CASSSGGQPQHF	TRBV7-8	TRBJ1-5	1
CASSSGGQSLYSNQPQHF	TRBV6-6	TRBJ1-5	1
CASSSGGQSTDTQYF	TRBV5-8	TRBJ2-3	1
CASSSGGRAEDTQYF	TRBV7-9	TRBJ2-3	1
CASSSGGRDFGTQYF	TRBV7-9	TRBJ2-3	1
CASSSGGRVTDTQYF	TRBV9	TRBJ2-3	1
CASSSGGSTDTQYF	TRBV12-3	TRBJ2-3	1
CASSSGGSYEQYF	TRBV19	TRBJ2-7	1
CASSSGGSYEQYF	TRBV5-6	TRBJ2-7	1
CASSSGGSYNEQFF	TRBV6-5	TRBJ2-1	2
CASSSGGTEAFF	TRBV27	TRBJ1-1	1
CASSSGGTEAFF	TRBV9	TRBJ1-1	1
CASSSGGTNQPQHF	TRBV5-1	TRBJ1-5	1
CASSSGGTYGYTF	TRBV7-2	TRBJ1-2	1
CASSSGGVGEQFF	TRBV7-3	TRBJ2-1	1
CASSSGGVSNEQFF	TRBV12-4	TRBJ2-1	1
CASSSGGVYGYTF	TRBV7-9	TRBJ1-2	1
CASSSGHEQYF	TRBV27	TRBJ2-7	1
CASSSGHNSYEQYF	TRBV9	TRBJ2-7	1
CASSSGHQEFF	TRBV6-5	TRBJ2-1	1
CASSSGIGNTIYF	TRBV7-3	TRBJ1-3	1
CASSSGIRHSLYGYTF	TRBV10-2	TRBJ1-2	1
CASSSGISELGEQYF	TRBV5-4	TRBJ2-7	1
CASSSGISYEQYF	TRBV27	TRBJ2-7	1
CASSSGITYEQYF	TRBV7-9	TRBJ2-7	1
CASSSGIWEQFF	TRBV5-5	TRBJ2-1	1
CASSSGKNTGELFF	TRBV12-4	TRBJ2-2	1
CASSSGKTYEQYF	TRBV19	TRBJ2-7	1
CASSSGLAATDTQYF	TRBV5-4	TRBJ2-3	1
CASSSGLAAYEQYF	TRBV7-6	TRBJ2-7	1
CASSSGLADNEQFF	TRBV7-9	TRBJ2-1	1
CASSSGLADNSQQYF	TRBV5-4	TRBJ2-7	1
CASSSGLADQDLYEQYF	TRBV7-8	TRBJ2-7	5
CASSSGLADYEQYF	TRBV9	TRBJ2-7	1
CASSSGLAETDTQYF	TRBV11-2	TRBJ2-3	1
CASSSGLAETSTYEQYF	TRBV12-4	TRBJ2-7	1
CASSSGLAGAGGDEQFF	TRBV7-9	TRBJ2-1	1
CASSSGLAGDLF	TRBV12-4	TRBJ2-1	1
CASSSGLAGEQFF	TRBV13	TRBJ2-1	1
CASSSGLAGEQFF	TRBV18	TRBJ2-1	1
CASSSGLAGFGDTQYF	TRBV6-6	TRBJ2-3	1
CASSSGLAGFGEQYF	TRBV5-6	TRBJ2-7	1
CASSSGLAGGFTDTQYF	TRBV7-2	TRBJ2-3	1
CASSSGLAGGPDSGTDTQYF	TRBV13	TRBJ2-3	1
CASSSGLAGGPREQFF	TRBV7-6	TRBJ2-1	1
CASSSGLAGGVSYNEQFF	TRBV5-1	TRBJ2-1	1
CASSSGLAGPGELFF	TRBV13	TRBJ2-2	1
CASSSGLAGSYEQYF	TRBV7-6	TRBJ2-7	1
CASSSGLAGVEQFF	TRBV12-4	TRBJ2-1	1
CASSSGLAGVNEQFF	TRBV7-9	TRBJ2-1	2
CASSSGLAPTNEQFF	TRBV11-2	TRBJ2-1	1
CASSSGLEVLQFF	TRBV7-2	TRBJ2-1	1
CASSSGLFTYEQYF	TRBV4-3	TRBJ2-7	1
CASSSGLGLKEGQYF	TRBV12-3	TRBJ2-7	1
CASSSGLGNTGELFF	TRBV12-4	TRBJ2-2	1
CASSSGLGQYF	TRBV7-2	TRBJ2-5	1
CASSSGLLYEQYF	TRBV27	TRBJ2-7	1
CASSSGLNDDGYTF	TRBV12-3	TRBJ1-2	1
CASSSGLNTGELFF	TRBV5-6	TRBJ2-2	1
CASSSGLPDTQYF	TRBV3-1	TRBJ2-3	1
CASSSGLPTDTQYF	TRBV12-3	TRBJ2-3	1
CASSSGLRYEQYF	TRBV27	TRBJ2-7	1
CASSSGLTMIETQYF	TRBV9	TRBJ2-5	1
CASSSGLTNTEAFF	TRBV27	TRBJ1-1	1
CASSSGLTYEQYF	TRBV5-6	TRBJ2-7	1
CASSSGLVSNTGELFF	TRBV9	TRBJ2-2	4
CASSSGLYGYTF	TRBV27	TRBJ1-2	1
CASSSGMGELFF	TRBV12-4	TRBJ2-2	1
CASSSGMGTDTQYF	TRBV5-1	TRBJ2-3	1
CASSSGNPGANVLTF	TRBV27	TRBJ2-6	1
CASSSGPFDEQFF	TRBV7-9	TRBJ2-1	1
CASSSGPFYEQYF	TRBV27	TRBJ2-7	1
CASSSGPGGNTIYF	TRBV6-6	TRBJ1-3	1
CASSSGPGGSYEQYF	TRBV5-1	TRBJ2-7	1
CASSSGPGRRAFHF	TRBV27	TRBJ2-7	1
CASSSGPGSTDTQYF	TRBV14	TRBJ2-3	1
CASSSGPGTSGRNEQFF	TRBV7-6	TRBJ2-1	1
CASSSGPHRYEQFF	TRBV11-2	TRBJ2-1	1
CASSSGPPYNEQFF	TRBV7-2	TRBJ2-1	1
CASSSGPQGYNSPLHF	TRBV27	TRBJ1-6	1
CASSSGQALSYEQYF	TRBV7-9	TRBJ2-7	1
CASSSGQASNYEQYF	TRBV12-4	TRBJ2-7	1
CASSSGQATEAFF	TRBV6-3	TRBJ1-1	1
CASSSGQAYEQYF	TRBV11-2	TRBJ2-7	1
CASSSGQDSYEQYF	TRBV7-6	TRBJ2-7	1
CASSSGQDYGYTF	TRBV7-9	TRBJ1-2	1
CASSSGQDYYGYTF	TRBV5-6	TRBJ1-2	1
CASSSGQGAKDTQYF	TRBV7-8	TRBJ2-3	1
CASSSGQGARGTEAFF	TRBV5-1	TRBJ1-1	1
CASSSGQGDTEAFF	TRBV5-6	TRBJ1-1	1
CASSSGQGGEETQYF	TRBV12-3	TRBJ2-5	1
CASSSGQGGETQYF	TRBV9	TRBJ2-5	1
CASSSGQGKWGETQYF	TRBV27	TRBJ2-5	1
CASSSGQGLDTEAFF	TRBV5-4	TRBJ1-1	1
CASSSGQGLGYGYTF	TRBV27	TRBJ1-2	1
CASSSGQGMDIQYF	TRBV7-2	TRBJ2-4	1
CASSSGQGNEQYF	TRBV6-5	TRBJ2-7	1
CASSSGQGNGETQYF	TRBV5-1	TRBJ2-5	1
CASSSGQGREKLFF	TRBV7-2	TRBJ1-4	1
CASSSGQGSSSYEQYF	TRBV7-9	TRBJ2-7	1
CASSSGQGSSYEQYF	TRBV6-5	TRBJ2-7	1
CASSSGQGTDTQYF	TRBV5-5	TRBJ2-3	1
CASSSGQGTGEQYF	TRBV6-5	TRBJ2-7	1
CASSSGQGTTEAFF	TRBV7-9	TRBJ1-1	1
CASSSGQGVGEQYF	TRBV7-9	TRBJ2-7	1
CASSSGQGVYGYTF	TRBV28	TRBJ1-2	1
CASSSGQGWNEQYF	TRBV5-6	TRBJ2-7	1
CASSSGQGYEQYF	TRBV7-6	TRBJ2-7	1
CASSSGQGYYNEQFF	TRBV6-4	TRBJ2-1	1
CASSSGQINQPQHF	TRBV7-6	TRBJ1-5	1
CASSSGQKEFF	TRBV12-4	TRBJ2-1	1
CASSSGQLGYGYTF	TRBV7-9	TRBJ1-2	1
CASSSGQLYEQYF	TRBV27	TRBJ2-7	1
CASSSGQMNTEAFF	TRBV11-2	TRBJ1-1	1
CASSSGQMNTEAFF	TRBV13	TRBJ1-1	1
CASSSGQMNTEAFF	TRBV7-6	TRBJ1-1	1
CASSSGQPVKGTDTQYF	TRBV9	TRBJ2-3	1
CASSSGQRSTEAFF	TRBV27	TRBJ1-1	1
CASSSGQSSYEQYF	TRBV7-9	TRBJ2-7	1
CASSSGQVYEQYF	TRBV5-6	TRBJ2-7	1
CASSSGRAETQYF	TRBV5-4	TRBJ2-5	1
CASSSGRAFVNEQYF	TRBV6-6	TRBJ2-7	1
CASSSGRDTSIYEQYF	TRBV7-8	TRBJ2-7	1
CASSSGREAFF	TRBV6-3	TRBJ1-1	1
CASSSGREIWYEQYF	TRBV14	TRBJ2-7	1
CASSSGREIYEQFF	TRBV6-3	TRBJ2-1	1
CASSSGRGAHGYTF	TRBV6-3	TRBJ1-2	1
CASSSGRGFGDEQFF	TRBV28	TRBJ2-1	1
CASSSGRGLNEQFF	TRBV27	TRBJ2-1	1
CASSSGRGSYEQYF	TRBV5-6	TRBJ2-7	1
CASSSGRGVDEQFF	TRBV11-3	TRBJ2-1	1
CASSSGRLEAFF	TRBV19	TRBJ1-1	1
CASSSGRLIMETQYF	TRBV7-6	TRBJ2-5	1
CASSSGRPASNQPQHF	TRBV6-3	TRBJ1-5	1
CASSSGRQGKDTQYF	TRBV7-8	TRBJ2-3	1
CASSSGRSGELFF	TRBV5-4	TRBJ2-2	1
CASSSGRSTEAFF	TRBV5-6	TRBJ1-1	1
CASSSGRWGFLMNTEAFF	TRBV7-9	TRBJ1-1	1
CASSSGSEAFF	TRBV5-4	TRBJ1-1	1
CASSSGSGGGMWTEAFF	TRBV5-1	TRBJ1-1	1
CASSSGSGNSPLHF	TRBV19	TRBJ1-6	1
CASSSGSGSPEMGDEQFF	TRBV7-8	TRBJ2-1	1
CASSSGSGTEAFF	TRBV6-3	TRBJ1-1	1
CASSSGSGTYEQYF	TRBV7-6	TRBJ2-7	1
CASSSGSLETQYF	TRBV19	TRBJ2-5	1
CASSSGSRGGYGYTF	TRBV12-4	TRBJ1-2	1
CASSSGSSWETQYF	TRBV28	TRBJ2-5	1
CASSSGSSYNEQFF	TRBV5-1	TRBJ2-1	1
CASSSGSTQPQHF	TRBV6-5	TRBJ1-5	1
CASSSGSYEQYF	TRBV28	TRBJ2-7	1
CASSSGSYEQYF	TRBV9	TRBJ2-7	1
CASSSGTAAYEQYF	TRBV11-2	TRBJ2-7	1
CASSSGTAGETGELFF	TRBV5-4	TRBJ2-2	1
CASSSGTAQGNTIYF	TRBV19	TRBJ1-3	1
CASSSGTATGNTIYF	TRBV5-1	TRBJ1-3	1
CASSSGTAYEQYF	TRBV5-6	TRBJ2-7	1
CASSSGTDDAYEQYF	TRBV5-6	TRBJ2-7	1
CASSSGTDGYTF	TRBV27	TRBJ1-2	1
CASSSGTDGYTF	TRBV7-9	TRBJ1-2	1
CASSSGTDTQYF	TRBV4-1	TRBJ2-3	1
CASSSGTDTQYF	TRBV7-9	TRBJ2-3	1
CASSSGTDYGYTF	TRBV5-1	TRBJ1-2	1
CASSSGTDYGYTF	TRBV7-9	TRBJ1-2	1
CASSSGTEEQYF	TRBV12-4	TRBJ2-7	1
CASSSGTETYSEQFF	TRBV4-3	TRBJ2-1	1
CASSSGTEVTDTQYF	TRBV28	TRBJ2-3	1
CASSSGTGAYEQYF	TRBV19	TRBJ2-7	1
CASSSGTGAYNEQFF	TRBV6-3	TRBJ2-1	1
CASSSGTGDGELFF	TRBV7-3	TRBJ2-2	1
CASSSGTGDQPQHF	TRBV5-1	TRBJ1-5	1
CASSSGTGDYEQYF	TRBV19	TRBJ2-7	1
CASSSGTGEAFF	TRBV7-9	TRBJ1-1	1
CASSSGTGEEKLFF	TRBV7-3	TRBJ1-4	1
CASSSGTGELFF	TRBV9	TRBJ2-2	1
CASSSGTGEPNTEAFF	TRBV11-2	TRBJ1-1	1
CASSSGTGFDHYEQYF	TRBV28	TRBJ2-7	1
CASSSGTGFNEQFF	TRBV10-2	TRBJ2-1	1
CASSSGTGGFEAFF	TRBV6-5	TRBJ1-1	1
CASSSGTGGGDGYTF	TRBV11-2	TRBJ1-2	1
CASSSGTGGRDEQFF	TRBV3-1	TRBJ2-1	1
CASSSGTGGSNQPQHF	TRBV27	TRBJ1-5	1
CASSSGTGGYNSPLHF	TRBV19	TRBJ1-6	1
CASSSGTGGYYGYTF	TRBV7-2	TRBJ1-2	2
CASSSGTGILETQYF	TRBV28	TRBJ2-5	1
CASSSGTGLDYGYTF	TRBV12-3	TRBJ1-2	1
CASSSGTGNGAFF	TRBV11-1	TRBJ1-1	1
CASSSGTGNGYTF	TRBV19	TRBJ1-2	1
CASSSGTGNTEAFF	TRBV5-6	TRBJ1-1	1
CASSSGTGNYEQYF	TRBV4-3	TRBJ2-7	1
CASSSGTGPSYEQYF	TRBV7-9	TRBJ2-7	1
CASSSGTGQISGNTIYF	TRBV5-1	TRBJ1-3	1
CASSSGTGRKETQYF	TRBV12-4	TRBJ2-5	1
CASSSGTGSDTIYF	TRBV28	TRBJ1-3	1
CASSSGTGSGGPQYF	TRBV6-6	TRBJ2-5	1
CASSSGTGSYEQYF	TRBV5-6	TRBJ2-7	1
CASSSGTGTYEQYF	TRBV7-2	TRBJ2-7	1
CASSSGTGVFLAEAFF	TRBV27	TRBJ1-1	1
CASSSGTGVSAGYTF	TRBV7-2	TRBJ1-2	1
CASSSGTGWLGSNQPQHF	TRBV7-2	TRBJ1-5	1
CASSSGTGYEQYF	TRBV27	TRBJ2-7	1
CASSSGTGYEQYF	TRBV6-3	TRBJ2-7	1
CASSSGTGYYEQYF	TRBV12-4	TRBJ2-7	1
CASSSGTISTDTQYF	TRBV7-2	TRBJ2-3	1
CASSSGTLNIQYF	TRBV5-4	TRBJ2-4	1
CASSSGTLRYEQYF	TRBV27	TRBJ2-7	1
CASSSGTMYTGELFF	TRBV12-3	TRBJ2-2	1
CASSSGTNQPQHF	TRBV5-6	TRBJ1-5	1
CASSSGTNYGYTF	TRBV12-4	TRBJ1-2	1
CASSSGTPEGDTQYF	TRBV27	TRBJ2-3	1
CASSSGTPNNQPQHF	TRBV27	TRBJ1-5	1
CASSSGTPPYTF	TRBV5-4	TRBJ1-2	1
CASSSGTPVNEQYF	TRBV12-4	TRBJ2-7	1
CASSSGTRSEQYF	TRBV27	TRBJ2-7	1
CASSSGTSEAFF	TRBV27	TRBJ1-1	1
CASSSGTSEPSYNEQFF	TRBV7-2	TRBJ2-1	1
CASSSGTSGADTQYF	TRBV11-2	TRBJ2-3	1
CASSSGTSGAYEQYF	TRBV27	TRBJ2-7	1
CASSSGTSGELFF	TRBV5-6	TRBJ2-2	1
CASSSGTSGEVLGELFF	TRBV12-3	TRBJ2-2	1
CASSSGTSGGAVFSDTQYF	TRBV11-2	TRBJ2-3	1
CASSSGTSGGLSSYEQYF	TRBV6-5	TRBJ2-7	1
CASSSGTSGGQNTGELFF	TRBV5-1	TRBJ2-2	1
CASSSGTSGGTIPYNEQFF	TRBV7-2	TRBJ2-1	1
CASSSGTSGPSSYNEQFF	TRBV12-4	TRBJ2-1	1
CASSSGTSGRGEQFF	TRBV7-9	TRBJ2-1	1
CASSSGTSGRWHEQFF	TRBV11-2	TRBJ2-1	1
CASSSGTSGSYEQYF	TRBV27	TRBJ2-7	1
CASSSGTSGTRSLYEQYF	TRBV7-9	TRBJ2-7	1
CASSSGTSGTSGYEQYF	TRBV7-6	TRBJ2-7	1
CASSSGTSGTYEQYF	TRBV6-5	TRBJ2-7	1
CASSSGTSGYEQYF	TRBV7-9	TRBJ2-7	1
CASSSGTSILETQYF	TRBV11-2	TRBJ2-5	1
CASSSGTSQNSYEQYF	TRBV13	TRBJ2-7	1
CASSSGTSVLGEQYF	TRBV5-6	TRBJ2-7	1
CASSSGTSVYEQYF	TRBV5-6	TRBJ2-7	1
CASSSGTSYEQYF	TRBV3-1	TRBJ2-7	1
CASSSGTTDTQYF	TRBV7-3	TRBJ2-3	1
CASSSGTTPDEQYF	TRBV9	TRBJ2-7	1
CASSSGTVIVDTQYF	TRBV27	TRBJ2-3	1
CASSSGTVNYGYTF	TRBV12-4	TRBJ1-2	1
CASSSGTVQETQYF	TRBV27	TRBJ2-5	1
CASSSGTYTSSGANVLTF	TRBV7-2	TRBJ2-6	1
CASSSGVAKAFF	TRBV27	TRBJ1-1	1
CASSSGVEAFF	TRBV6-5	TRBJ1-1	1
CASSSGVGSYEQYF	TRBV11-1	TRBJ2-7	1
CASSSGVIDQETQYF	TRBV5-1	TRBJ2-5	1
CASSSGVITTDTQYF	TRBV7-8	TRBJ2-3	1
CASSSGVYEQYF	TRBV11-1	TRBJ2-7	1
CASSSGWTNYGYTF	TRBV7-9	TRBJ1-2	1
CASSSGYGQPQHF	TRBV27	TRBJ1-5	1
CASSSGYGTEAFF	TRBV6-3	TRBJ1-1	1
CASSSGYNEQFF	TRBV6-4	TRBJ2-1	1
CASSSGYSSYNEQFF	TRBV7-3	TRBJ2-1	1
CASSSHGEPYEQYF	TRBV7-9	TRBJ2-7	1
CASSSHGGAYNEQFF	TRBV7-2	TRBJ2-1	1
CASSSHGGEEKLFF	TRBV14	TRBJ1-4	1
CASSSHGLFYNEQFF	TRBV11-2	TRBJ2-1	1
CASSSHGQGNVDEQFF	TRBV3-1	TRBJ2-1	1
CASSSHGQGRTTPSYEQYF	TRBV7-2	TRBJ2-7	1
CASSSHLDTEAFF	TRBV5-6	TRBJ1-1	1
CASSSHLNTEAFF	TRBV7-2	TRBJ1-1	1
CASSSHLRDSFNSPLHF	TRBV5-6	TRBJ1-6	1
CASSSHNLRQGWMPYEQYF	TRBV28	TRBJ2-7	1
CASSSHPLATFTGELFF	TRBV7-2	TRBJ2-2	1
CASSSHPVSYEQYF	TRBV7-2	TRBJ2-7	1
CASSSHQGTGELFF	TRBV11-3	TRBJ2-2	1
CASSSHQRTGVDEQFF	TRBV27	TRBJ2-1	1
CASSSHRAQETQYF	TRBV5-1	TRBJ2-5	1
CASSSHRDAAYEQYF	TRBV7-9	TRBJ2-7	1
CASSSHRGDGYTF	TRBV11-3	TRBJ1-2	1
CASSSHRQGAWETQYF	TRBV7-4	TRBJ2-5	1
CASSSHSGGAYNEQFF	TRBV6-5	TRBJ2-1	1
CASSSHSGRANTDTQYF	TRBV19	TRBJ2-3	1
CASSSHSGTGGYEQYF	TRBV9	TRBJ2-7	1
CASSSHSGTPGRLEQYF	TRBV7-2	TRBJ2-7	1
CASSSHSQGTEQFF	TRBV6-3	TRBJ2-1	1
CASSSHSRVVSGYTF	TRBV7-9	TRBJ1-2	1
CASSSHSTDTQYF	TRBV7-3	TRBJ2-3	1
CASSSHTWQGAEGNTIYF	TRBV13	TRBJ1-3	1
CASSSHWEGNTEAFF	TRBV7-9	TRBJ1-1	1
CASSSHYSPFSPYNEQFF	TRBV7-9	TRBJ2-1	1
CASSSIAEQFF	TRBV7-9	TRBJ2-1	1
CASSSIAGGPGTDTQYF	TRBV27	TRBJ2-3	1
CASSSIAGGPPDTQYF	TRBV6-5	TRBJ2-3	1
CASSSIAGLVTGELFF	TRBV2	TRBJ2-2	1
CASSSIARVIQYF	TRBV6-6	TRBJ2-4	25
CASSSIDRGLTEAFF	TRBV5-1	TRBJ1-1	1
CASSSIDRGRNTEAFF	TRBV7-3	TRBJ1-1	1
CASSSIEVAGANVLTF	TRBV28	TRBJ2-6	1
CASSSIGGAKDTQYF	TRBV5-4	TRBJ2-3	1
CASSSIGQNMNTEAFF	TRBV11-2	TRBJ1-1	1
CASSSIGTGGLTYEQYF	TRBV27	TRBJ2-7	1
CASSSIGTSYEQYF	TRBV6-5	TRBJ2-7	1
CASSSIIQVSGNTIYF	TRBV28	TRBJ1-3	1
CASSSILAGAQFF	TRBV27	TRBJ2-1	1
CASSSILANEQFF	TRBV6-3	TRBJ2-1	1
CASSSILTADYGYTF	TRBV7-9	TRBJ1-2	1
CASSSINDRIQETQYF	TRBV11-2	TRBJ2-5	1
CASSSINTEAFF	TRBV6-6	TRBJ1-1	1
CASSSIQGPDTQYF	TRBV7-9	TRBJ2-3	1
CASSSIQGRLSGYTF	TRBV27	TRBJ1-2	1
CASSSIREICSMCGYTF	TRBV28	TRBJ1-2	1
CASSSIRGPLSGNTIYF	TRBV7-2	TRBJ1-3	1
CASSSIRQSPTDTQYF	TRBV7-9	TRBJ2-3	1
CASSSISGATEAFF	TRBV18	TRBJ1-1	1
CASSSISGNTIYF	TRBV27	TRBJ1-3	7
CASSSISLGLAGAGDPNEQFF	TRBV6-3	TRBJ2-1	1
CASSSITRQELNTEAFF	TRBV12-4	TRBJ1-1	1
CASSSKDRERVTQYF	TRBV6-1	TRBJ2-5	1
CASSSKDRGITEAFF	TRBV6-5	TRBJ1-1	1
CASSSKDSYEQYF	TRBV7-9	TRBJ2-7	1
CASSSKEGVLLHF	TRBV7-6	TRBJ1-6	1
CASSSKGLNTEAFF	TRBV5-6	TRBJ1-1	1
CASSSKGRDSYQETQYF	TRBV7-9	TRBJ2-5	1
CASSSKGSGWAQETQYF	TRBV7-8	TRBJ2-5	1
CASSSKKLDGSTEQFF	TRBV7-2	TRBJ2-1	1
CASSSKLVSDTQYF	TRBV27	TRBJ2-3	1
CASSSKNRDRVPYEQYF	TRBV27	TRBJ2-7	1
CASSSKNTEAFF	TRBV7-6	TRBJ1-1	1
CASSSKNTPRAGETQYF	TRBV28	TRBJ2-5	1
CASSSKPGEQYF	TRBV7-8	TRBJ2-7	1
CASSSKQGSNYGYTF	TRBV27	TRBJ1-2	1
CASSSKQYYNSPLHF	TRBV5-6	TRBJ1-6	1
CASSSKRGYFQETQYF	TRBV27	TRBJ2-5	1
CASSSKTGTGDPLAKNIQYF	TRBV13	TRBJ2-4	1
CASSSKTVRAYEQYF	TRBV7-9	TRBJ2-7	1
CASSSKVGTGETHEQYF	TRBV7-2	TRBJ2-7	1
CASSSLAASTDTQYF	TRBV27	TRBJ2-3	1
CASSSLAELPKAQYF	TRBV6-3	TRBJ2-5	1
CASSSLAGASYEQYF	TRBV18	TRBJ2-7	1
CASSSLAGAYNEQFF	TRBV7-3	TRBJ2-1	1
CASSSLAGEETQYF	TRBV7-9	TRBJ2-5	1
CASSSLAGELGYEQFF	TRBV12-4	TRBJ2-1	1
CASSSLAGETQYF	TRBV7-6	TRBJ2-5	1
CASSSLAGGLGTLGTQYF	TRBV7-2	TRBJ2-3	1
CASSSLAGGLTDTQYF	TRBV27	TRBJ2-3	1
CASSSLAGGNNEQFF	TRBV28	TRBJ2-1	1
CASSSLAGGNTQYF	TRBV12-4	TRBJ2-3	1
CASSSLAGGPQETQYF	TRBV27	TRBJ2-5	1
CASSSLAGGRDEQFF	TRBV11-1	TRBJ2-1	3
CASSSLAGGSYNEQFF	TRBV12-3	TRBJ2-1	1
CASSSLAGLYTGELFF	TRBV6-5	TRBJ2-2	1
CASSSLAGSTDTQYF	TRBV27	TRBJ2-3	1
CASSSLAGTYSMNTEAFF	TRBV7-9	TRBJ1-1	1
CASSSLAGVTDTQYF	TRBV13	TRBJ2-3	1
CASSSLANEQFF	TRBV11-1	TRBJ2-1	1
CASSSLASSSYNEQFF	TRBV7-9	TRBJ2-1	1
CASSSLATGELFF	TRBV11-3	TRBJ2-2	1
CASSSLDIYSNQPQHF	TRBV7-8	TRBJ1-5	1
CASSSLDSLNTEAFF	TRBV5-1	TRBJ1-1	1
CASSSLDTDTQYF	TRBV6-3	TRBJ2-3	1
CASSSLDVAGYEQYF	TRBV12-3	TRBJ2-7	1
CASSSLDVSGYTF	TRBV6-1	TRBJ1-2	1
CASSSLEDREYGYTF	TRBV5-1	TRBJ1-2	1
CASSSLEGQGDYGYTF	TRBV5-1	TRBJ1-2	1
CASSSLEQYF	TRBV25-1	TRBJ2-7	1
CASSSLETQYF	TRBV7-9	TRBJ2-5	1
CASSSLFQQFF	TRBV6-3	TRBJ2-1	1
CASSSLFVGVEEPQHF	TRBV28	TRBJ1-5	1
CASSSLGAGGRETQYF	TRBV27	TRBJ2-5	1
CASSSLGALMAGGNTEAFF	TRBV5-1	TRBJ1-1	1
CASSSLGDIQYF	TRBV7-9	TRBJ2-4	1
CASSSLGEFYNEQFF	TRBV7-9	TRBJ2-1	1
CASSSLGEGYTF	TRBV7-9	TRBJ1-2	1
CASSSLGEQYF	TRBV27	TRBJ2-7	1
CASSSLGGGLETQYF	TRBV7-3	TRBJ2-5	1
CASSSLGGGLQETQYF	TRBV7-8	TRBJ2-5	1
CASSSLGGGWNEQFF	TRBV7-9	TRBJ2-1	1
CASSSLGGLSTDTQYF	TRBV12-4	TRBJ2-3	1
CASSSLGLVDQETQYF	TRBV28	TRBJ2-5	1
CASSSLGNQETQYF	TRBV6-3	TRBJ2-5	1
CASSSLGNTEAFF	TRBV2	TRBJ1-1	1
CASSSLGNTEAFF	TRBV5-1	TRBJ1-1	1
CASSSLGPQGSGANVLTF	TRBV6-6	TRBJ2-6	1
CASSSLGPSGESSYNEQFF	TRBV27	TRBJ2-1	1
CASSSLGQILSYEQYF	TRBV28	TRBJ2-7	1
CASSSLGQRIPNSPLHF	TRBV6-3	TRBJ1-6	1
CASSSLGSGAGANVLTF	TRBV7-3	TRBJ2-6	1
CASSSLGSLSYEQYF	TRBV7-9	TRBJ2-7	1
CASSSLGSSGGPGEQFF	TRBV11-1	TRBJ2-1	1
CASSSLGTASGANVLTF	TRBV7-3	TRBJ2-6	1
CASSSLGTEAFF	TRBV7-3	TRBJ1-1	1
CASSSLGTEGYGYTF	TRBV19	TRBJ1-2	1
CASSSLGTGDTGELFF	TRBV6-3	TRBJ2-2	1
CASSSLGTGFGDQYF	TRBV5-6	TRBJ2-5	1
CASSSLGTSRETQYF	TRBV12-4	TRBJ2-5	1
CASSSLGYEQYF	TRBV12-4	TRBJ2-7	1
CASSSLHLTRLTDTQYF	TRBV6-3	TRBJ2-3	1
CASSSLHRWYSPLHF	TRBV7-9	TRBJ1-6	1
CASSSLHTPDGSYEQYF	TRBV7-3	TRBJ2-7	1
CASSSLLAGGLEQYF	TRBV13	TRBJ2-7	1
CASSSLLDRARDQPQHF	TRBV6-3	TRBJ1-5	1
CASSSLLRQGEREKLFF	TRBV28	TRBJ1-4	2
CASSSLLSDRIITDTQYF	TRBV7-9	TRBJ2-3	1
CASSSLLSDTQYF	TRBV5-5	TRBJ2-3	1
CASSSLMGANNEQFF	TRBV11-2	TRBJ2-1	1
CASSSLNTDTQYF	TRBV11-3	TRBJ2-3	1
CASSSLPDTGKNIQYF	TRBV5-1	TRBJ2-4	1
CASSSLPGQGARDEQFF	TRBV7-9	TRBJ2-1	1
CASSSLPSLGTEAFF	TRBV6-6	TRBJ1-1	1
CASSSLPTGADGELFF	TRBV27	TRBJ2-2	1
CASSSLPWRDEAFF	TRBV7-2	TRBJ1-1	1
CASSSLQAGESSTDTQYF	TRBV6-5	TRBJ2-3	1
CASSSLQGANEQYF	TRBV28	TRBJ2-7	1
CASSSLQGNADTQYF	TRBV7-3	TRBJ2-3	1
CASSSLRDRGLNTIYF	TRBV28	TRBJ1-3	1
CASSSLRDTRIFPYNSPLHF	TRBV5-6	TRBJ1-6	1
CASSSLREGREDTQYF	TRBV10-2	TRBJ2-3	1
CASSSLRGGNTEAFF	TRBV6-3	TRBJ1-1	1
CASSSLRGQGIETQYF	TRBV13	TRBJ2-5	1
CASSSLRGSIGTGELFF	TRBV6-5	TRBJ2-2	1
CASSSLRGSNQPQHF	TRBV28	TRBJ1-5	1
CASSSLRLAETLAVQYF	TRBV28	TRBJ2-7	1
CASSSLRLRGRRETQYF	TRBV7-9	TRBJ2-5	1
CASSSLRSDDYNEQFF	TRBV5-6	TRBJ2-1	1
CASSSLSAQETQYF	TRBV7-9	TRBJ2-5	1
CASSSLSFWGTDTQYF	TRBV7-2	TRBJ2-3	1
CASSSLSGSFAYNEQFF	TRBV27	TRBJ2-1	1
CASSSLSGTTSYEQYF	TRBV5-5	TRBJ2-7	1
CASSSLSRGEETQYF	TRBV7-2	TRBJ2-5	1
CASSSLTDTGVEAFF	TRBV19	TRBJ1-1	1
CASSSLTEAFF	TRBV12-4	TRBJ1-1	1
CASSSLTEKINYGYTF	TRBV6-3	TRBJ1-2	1
CASSSLTERLAKNIQYF	TRBV28	TRBJ2-4	1
CASSSLTGNSPLHF	TRBV7-6	TRBJ1-6	1
CASSSLTGRVIYGYTF	TRBV28	TRBJ1-2	1
CASSSLTGRWTDTQYF	TRBV27	TRBJ2-3	1
CASSSLTGSSIYGYTF	TRBV27	TRBJ1-2	1
CASSSLTGVQTDTQYF	TRBV7-8	TRBJ2-3	1
CASSSLTGVRTEAFF	TRBV7-9	TRBJ1-1	1
CASSSLTRAQETQYF	TRBV7-9	TRBJ2-5	1
CASSSLTSGGGHEQFF	TRBV7-8	TRBJ2-1	1
CASSSLTSGSGNEQFF	TRBV27	TRBJ2-1	2
CASSSLTVTDTQYF	TRBV6-6	TRBJ2-3	1
CASSSLTYNEQFF	TRBV7-2	TRBJ2-1	1
CASSSLVGQGVSYEQYF	TRBV11-2	TRBJ2-7	1
CASSSLWDGSAGELFF	TRBV7-2	TRBJ2-2	1
CASSSLWGFGTEAFF	TRBV7-2	TRBJ1-1	1
CASSSLWRENEKLFF	TRBV7-9	TRBJ1-4	1
CASSSLWRESSDTQYF	TRBV7-2	TRBJ2-3	1
CASSSLYGMANTGELFF	TRBV27	TRBJ2-2	1
CASSSMDRGGSPLHF	TRBV5-1	TRBJ1-6	1
CASSSMGEAVRQYF	TRBV28	TRBJ2-7	1
CASSSMIEYEQYF	TRBV11-1	TRBJ2-7	1
CASSSMPGHNTGELFF	TRBV6-5	TRBJ2-2	1
CASSSMRAGLNTGELFF	TRBV7-2	TRBJ2-2	1
CASSSMTAHRAVTYNEQFF	TRBV28	TRBJ2-1	1
CASSSMTDSEQYF	TRBV7-9	TRBJ2-7	1
CASSSMWGSGKNEQFF	TRBV7-9	TRBJ2-1	1
CASSSNAGNTIYF	TRBV7-3	TRBJ1-3	1
CASSSNDGTKNVVTDTQYF	TRBV6-3	TRBJ2-3	1
CASSSNDRTYEQYF	TRBV19	TRBJ2-7	1
CASSSNEAIDTQYF	TRBV5-6	TRBJ2-3	1
CASSSNEKLFF	TRBV7-9	TRBJ1-4	1
CASSSNGVRMNTEAFF	TRBV6-6	TRBJ1-1	1
CASSSNGVRTGGYGYTF	TRBV5-1	TRBJ1-2	1
CASSSNLGWDRSLRSSYEQYF	TRBV5-4	TRBJ2-7	1
CASSSNLRPAEQYF	TRBV7-9	TRBJ2-7	1
CASSSNLVDPGKETEAFF	TRBV9	TRBJ1-1	1
CASSSNNEQFF	TRBV7-9	TRBJ2-1	1
CASSSNNQPQHF	TRBV7-9	TRBJ1-5	1
CASSSNPGLAVYEQYF	TRBV27	TRBJ2-7	1
CASSSNPGTEAFF	TRBV7-3	TRBJ1-1	1
CASSSNPGWGENIQYF	TRBV7-2	TRBJ2-4	1
CASSSNPTGRENTEAFF	TRBV6-5	TRBJ1-1	1
CASSSNPVDTQYF	TRBV5-4	TRBJ2-3	1
CASSSNPYEQYF	TRBV27	TRBJ2-7	1
CASSSNQETQYF	TRBV5-1	TRBJ2-5	1
CASSSNQGDGELFF	TRBV7-9	TRBJ2-2	1
CASSSNQGDNQPQHF	TRBV11-2	TRBJ1-5	1
CASSSNQPQHF	TRBV28	TRBJ1-5	2
CASSSNRDRDYGYTF	TRBV7-9	TRBJ1-2	1
CASSSNRETTYEQYF	TRBV28	TRBJ2-7	1
CASSSNRGDTGELFF	TRBV19	TRBJ2-2	1
CASSSNRGQHAYEQYF	TRBV6-5	TRBJ2-7	1
CASSSNRGSGTEAFF	TRBV7-9	TRBJ1-1	1
CASSSNRGYEQYF	TRBV27	TRBJ2-7	1
CASSSNRVQETQYF	TRBV28	TRBJ2-5	1
CASSSNRVRDSNQPQHF	TRBV28	TRBJ1-5	1
CASSSNRVYNEQFF	TRBV27	TRBJ2-1	1
CASSSNSGRANTGELFF	TRBV13	TRBJ2-2	1
CASSSNSNQPQHF	TRBV11-1	TRBJ1-5	1
CASSSNTDTQYF	TRBV11-2	TRBJ2-3	1
CASSSNTEAFF	TRBV27	TRBJ1-1	1
CASSSNTEAFF	TRBV6-5	TRBJ1-1	1
CASSSNTGELFF	TRBV6-3	TRBJ2-2	1
CASSSNTGTGSYSNQPQHF	TRBV7-2	TRBJ1-5	1
CASSSNYNEQFF	TRBV11-3	TRBJ2-1	1
CASSSPAAGNLAKNIQYF	TRBV11-2	TRBJ2-4	1
CASSSPADRGYEQYF	TRBV27	TRBJ2-7	1
CASSSPAGGQYNEQFF	TRBV5-1	TRBJ2-1	1
CASSSPAGHNEQFF	TRBV11-2	TRBJ2-1	1
CASSSPANEGTDTQYF	TRBV6-5	TRBJ2-3	1
CASSSPATDTQYF	TRBV9	TRBJ2-3	1
CASSSPCCSHSYNEQFF	TRBV7-2	TRBJ2-1	1
CASSSPDASENEQYF	TRBV7-6	TRBJ2-7	1
CASSSPDDTGELFF	TRBV6-3	TRBJ2-2	1
CASSSPDGRTDTQYF	TRBV27	TRBJ2-3	1
CASSSPDNYEQYF	TRBV7-9	TRBJ2-7	1
CASSSPDRAKPGGAFF	TRBV5-4	TRBJ1-1	1
CASSSPDREQFF	TRBV27	TRBJ2-1	1
CASSSPDRGQETQYF	TRBV7-3	TRBJ2-5	1
CASSSPDRGSNYGYTF	TRBV5-4	TRBJ1-2	1
CASSSPDRPEENSGNTIYF	TRBV7-9	TRBJ1-3	1
CASSSPDRVGYEQYF	TRBV6-3	TRBJ2-7	1
CASSSPDRYLYGYTF	TRBV28	TRBJ1-2	1
CASSSPDVRYEQYF	TRBV11-2	TRBJ2-7	1
CASSSPERGRGTDTQYF	TRBV13	TRBJ2-3	1
CASSSPETQYF	TRBV28	TRBJ2-5	1
CASSSPFRDAWSRATNEKLFF	TRBV6-6	TRBJ1-4	1
CASSSPFSASSYEQYF	TRBV7-2	TRBJ2-7	7
CASSSPFVSDGYTF	TRBV27	TRBJ1-2	1
CASSSPGAEQFF	TRBV13	TRBJ2-1	1
CASSSPGAGEGLEQYF	TRBV4-1	TRBJ2-7	1
CASSSPGAGPNNEQFF	TRBV7-9	TRBJ2-1	1
CASSSPGARYGYTF	TRBV6-3	TRBJ1-2	1
CASSSPGASWEQYF	TRBV7-9	TRBJ2-7	1
CASSSPGATDTQYF	TRBV11-2	TRBJ2-3	1
CASSSPGAYNEQFF	TRBV12-4	TRBJ2-1	1
CASSSPGDAGELFF	TRBV7-9	TRBJ2-2	1
CASSSPGDSINYNEQFF	TRBV18	TRBJ2-1	1
CASSSPGEQYF	TRBV6-3	TRBJ2-7	1
CASSSPGERPYNEQFF	TRBV2	TRBJ2-1	1
CASSSPGESSYNEQFF	TRBV7-9	TRBJ2-1	16
CASSSPGGAGELFF	TRBV6-3	TRBJ2-2	1
CASSSPGGESPLHF	TRBV27	TRBJ1-6	14
CASSSPGGGAADTQYF	TRBV5-6	TRBJ2-3	1
CASSSPGGMETQYF	TRBV7-2	TRBJ2-5	1
CASSSPGGRETQYF	TRBV6-5	TRBJ2-5	1
CASSSPGLAANEQFF	TRBV6-3	TRBJ2-1	1
CASSSPGLAGLGETQYF	TRBV7-9	TRBJ2-5	1
CASSSPGLAIYNEQFF	TRBV7-8	TRBJ2-1	1
CASSSPGLGNEQFF	TRBV5-4	TRBJ2-1	1
CASSSPGLRPFLSYNEQFF	TRBV19	TRBJ2-1	1
CASSSPGLYPETQYF	TRBV6-3	TRBJ2-5	1
CASSSPGNSPLHF	TRBV11-2	TRBJ1-6	1
CASSSPGNTIYF	TRBV11-1	TRBJ1-3	1
CASSSPGPKNIQYF	TRBV27	TRBJ2-4	1
CASSSPGPPEAFF	TRBV6-3	TRBJ1-1	1
CASSSPGQAYNEQFF	TRBV11-2	TRBJ2-1	1
CASSSPGQGAEQYF	TRBV13	TRBJ2-7	1
CASSSPGQGAHEQFF	TRBV27	TRBJ2-1	1
CASSSPGQGEEAFF	TRBV9	TRBJ1-1	1
CASSSPGQGGLNEKLFF	TRBV7-8	TRBJ1-4	1
CASSSPGQGGNIQYF	TRBV7-6	TRBJ2-4	1
CASSSPGQGGTEAFF	TRBV7-9	TRBJ1-1	1
CASSSPGQGHEKLFF	TRBV7-9	TRBJ1-4	1
CASSSPGQGKNIQYF	TRBV5-6	TRBJ2-4	1
CASSSPGQGMGEQYF	TRBV7-9	TRBJ2-7	1
CASSSPGQGVEQYF	TRBV28	TRBJ2-7	1
CASSSPGQGWQETQYF	TRBV11-2	TRBJ2-5	1
CASSSPGRGSPLHF	TRBV27	TRBJ1-6	1
CASSSPGRGYTF	TRBV12-3	TRBJ1-2	1
CASSSPGRRGPDYGYTF	TRBV12-4	TRBJ1-2	1
CASSSPGTGANNEQFF	TRBV7-3	TRBJ2-1	1
CASSSPGTGAYGYTF	TRBV27	TRBJ1-2	1
CASSSPGTGGNEQFF	TRBV7-3	TRBJ2-1	1
CASSSPGTGPDEQYF	TRBV5-1	TRBJ2-7	1
CASSSPGTGTSYEQYF	TRBV7-9	TRBJ2-7	1
CASSSPGTRYNEQFF	TRBV5-6	TRBJ2-1	1
CASSSPGTVLYEQYF	TRBV5-6	TRBJ2-7	1
CASSSPGTVSTDTQYF	TRBV4-2	TRBJ2-3	1
CASSSPGWNIQYF	TRBV7-2	TRBJ2-4	1
CASSSPGWNTEAFF	TRBV5-4	TRBJ1-1	1
CASSSPHSPLHF	TRBV7-6	TRBJ1-6	1
CASSSPIDGAGNYGYTF	TRBV3-1	TRBJ1-2	1
CASSSPKRGATDTQYF	TRBV7-9	TRBJ2-3	1
CASSSPLAEERTGELFF	TRBV5-6	TRBJ2-2	1
CASSSPLAGGPDTQYF	TRBV6-5	TRBJ2-3	1
CASSSPLDSNTEAFF	TRBV7-9	TRBJ1-1	1
CASSSPLGGATNEQFF	TRBV9	TRBJ2-1	1
CASSSPLGTYNTQYF	TRBV5-6	TRBJ2-3	1
CASSSPLGVAKNIQYF	TRBV11-3	TRBJ2-4	1
CASSSPLHSYNEQFF	TRBV11-2	TRBJ2-1	1
CASSSPLQVGSYNSPLHF	TRBV27	TRBJ1-6	1
CASSSPLTGGVYNEQFF	TRBV28	TRBJ2-1	1
CASSSPLTGVNTGELFF	TRBV7-9	TRBJ2-2	1
CASSSPLWNTEAFF	TRBV12-4	TRBJ1-1	1
CASSSPMQRGLYEQYF	TRBV27	TRBJ2-7	1
CASSSPNEQFF	TRBV19	TRBJ2-1	1
CASSSPNPSPQETQYF	TRBV7-6	TRBJ2-5	1
CASSSPNQETQYF	TRBV11-3	TRBJ2-5	1
CASSSPPEDREFYEQYF	TRBV6-3	TRBJ2-7	1
CASSSPPFSGGASTDTQYF	TRBV7-9	TRBJ2-3	1
CASSSPPGDEQFF	TRBV7-3	TRBJ2-1	1
CASSSPPGGNYEQYF	TRBV5-6	TRBJ2-7	1
CASSSPPGGWDGAFF	TRBV12-4	TRBJ1-1	1
CASSSPPGQGIQETQYF	TRBV11-2	TRBJ2-5	1
CASSSPPGTGEVLFF	TRBV7-2	TRBJ1-4	1
CASSSPPGTGGDQPQHF	TRBV28	TRBJ1-5	1
CASSSPPPDFSYNEQFF	TRBV21-1	TRBJ2-1	1
CASSSPPRIYSNQPQHF	TRBV28	TRBJ1-5	1
CASSSPPSTQYF	TRBV9	TRBJ2-5	1
CASSSPPVQGGYQETQYF	TRBV9	TRBJ2-5	1
CASSSPQGANSPLHF	TRBV13	TRBJ1-6	1
CASSSPQGIGNEQFF	TRBV7-2	TRBJ2-1	1
CASSSPQGNTGELFF	TRBV6-5	TRBJ2-2	1
CASSSPQRNTEAFF	TRBV28	TRBJ1-1	1
CASSSPQSAYEQYF	TRBV13	TRBJ2-7	1
CASSSPRGAFF	TRBV12-4	TRBJ1-1	1
CASSSPRGNTIYF	TRBV7-9	TRBJ1-3	1
CASSSPRGQDNEQFF	TRBV7-3	TRBJ2-1	1
CASSSPRGTKQFF	TRBV7-9	TRBJ2-1	1
CASSSPRLAGVYEQYF	TRBV28	TRBJ2-7	1
CASSSPRLSGEADGYTF	TRBV7-9	TRBJ1-2	1
CASSSPRQGTNYGYTF	TRBV9	TRBJ1-2	1
CASSSPRSGRAGNEQFF	TRBV27	TRBJ2-1	1
CASSSPRSRIGTDTQYF	TRBV28	TRBJ2-3	1
CASSSPRSYEQYF	TRBV5-6	TRBJ2-7	1
CASSSPRTSGTYEQYF	TRBV11-1	TRBJ2-7	1
CASSSPRVGAYEQYF	TRBV28	TRBJ2-7	1
CASSSPSAGGPYEQYF	TRBV28	TRBJ2-7	3
CASSSPSEGNNEKLFF	TRBV5-1	TRBJ1-4	1
CASSSPSEGQGSDTQYF	TRBV7-9	TRBJ2-3	1
CASSSPSENTIYF	TRBV13	TRBJ1-3	1
CASSSPSGLAGQETQYF	TRBV27	TRBJ2-5	1
CASSSPSGRAYNEQFF	TRBV9	TRBJ2-1	1
CASSSPSGRGTGELFF	TRBV9	TRBJ2-2	1
CASSSPSGRPPLTQYF	TRBV28	TRBJ2-5	1
CASSSPSGRSYEQYF	TRBV27	TRBJ2-7	1
CASSSPSGRTNYGYTF	TRBV9	TRBJ1-2	1
CASSSPSGSGTGELFF	TRBV27	TRBJ2-2	1
CASSSPSGTSGRRKDEQYF	TRBV6-5	TRBJ2-7	1
CASSSPSLAPNEQFF	TRBV13	TRBJ2-1	1
CASSSPSQGGEQYF	TRBV7-6	TRBJ2-7	1
CASSSPSRGDYEQYF	TRBV7-9	TRBJ2-7	1
CASSSPSSEAFF	TRBV27	TRBJ1-1	1
CASSSPSSSYNEQFF	TRBV9	TRBJ2-1	1
CASSSPSTDTQYF	TRBV7-3	TRBJ2-3	1
CASSSPSYEQYF	TRBV7-9	TRBJ2-7	1
CASSSPSYTGGKNIQYF	TRBV6-3	TRBJ2-4	1
CASSSPTATGELFF	TRBV28	TRBJ2-2	1
CASSSPTDTQYF	TRBV7-2	TRBJ2-3	1
CASSSPTGGLGEQYF	TRBV7-9	TRBJ2-7	1
CASSSPTGGQDKNIQYF	TRBV28	TRBJ2-4	1
CASSSPTGGTNHNEQFF	TRBV28	TRBJ2-1	1
CASSSPTGNSGNTIYF	TRBV7-3	TRBJ1-3	1
CASSSPTGRETQYF	TRBV27	TRBJ2-5	1
CASSSPTGSNTGELFF	TRBV11-2	TRBJ2-2	1
CASSSPTGSYEQYF	TRBV7-9	TRBJ2-7	1
CASSSPTGVTSGANVLTF	TRBV28	TRBJ2-6	1
CASSSPTLAGGPDTQYF	TRBV9	TRBJ2-3	1
CASSSPTQGANTGELFF	TRBV7-9	TRBJ2-2	1
CASSSPTRLNEQFF	TRBV27	TRBJ2-1	1
CASSSPTRTGGLLDEQYF	TRBV28	TRBJ2-7	1
CASSSPTSGGQETQYF	TRBV12-4	TRBJ2-5	1
CASSSPTSGGTDTQYF	TRBV6-5	TRBJ2-3	1
CASSSPTSGRDIGTDTQYF	TRBV28	TRBJ2-3	1
CASSSPTSVEQYF	TRBV27	TRBJ2-7	1
CASSSPTYRGRLYGYTF	TRBV7-8	TRBJ1-2	1
CASSSPVASVTPNTGELFF	TRBV7-3	TRBJ2-2	1
CASSSPVGLAEYEQYF	TRBV5-5	TRBJ2-7	1
CASSSPVQHGEQFF	TRBV13	TRBJ2-1	1
CASSSPVSTDTQYF	TRBV7-6	TRBJ2-3	1
CASSSPWGQGPHEQYF	TRBV12-4	TRBJ2-7	1
CASSSPWVAGGTDTQYF	TRBV11-2	TRBJ2-3	1
CASSSPYGKETQYF	TRBV7-8	TRBJ2-5	1
CASSSPYGTSGSIGNEQFF	TRBV28	TRBJ2-1	1
CASSSPYRGKYYEQYF	TRBV28	TRBJ2-7	1
CASSSPYYSRELFF	TRBV28	TRBJ2-2	1
CASSSQAGELFF	TRBV7-3	TRBJ2-2	1
CASSSQDAANYGYTF	TRBV5-1	TRBJ1-2	1
CASSSQDKLSSVAKNIQYF	TRBV6-3	TRBJ2-4	1
CASSSQDRDVSSPLHF	TRBV7-9	TRBJ1-6	1
CASSSQDTEAFF	TRBV6-6	TRBJ1-1	1
CASSSQDTGELFF	TRBV5-6	TRBJ2-2	1
CASSSQEGDRYNEQFF	TRBV9	TRBJ2-1	1
CASSSQGAGANVLTF	TRBV5-4	TRBJ2-6	1
CASSSQGAGELFF	TRBV21-1	TRBJ2-2	1
CASSSQGALKREIPYEQYF	TRBV7-8	TRBJ2-7	1
CASSSQGFEQYF	TRBV12-3	TRBJ2-7	1
CASSSQGFGTGGDEQYF	TRBV28	TRBJ2-7	1
CASSSQGGFDGYTF	TRBV6-5	TRBJ1-2	1
CASSSQGGNEKLFF	TRBV27	TRBJ1-4	1
CASSSQGGNEQFF	TRBV19	TRBJ2-1	1
CASSSQGGRNEQFF	TRBV7-9	TRBJ2-1	1
CASSSQGLAPYNEQFF	TRBV11-2	TRBJ2-1	1
CASSSQGLGNTIYF	TRBV28	TRBJ1-3	1
CASSSQGLGQPQHF	TRBV5-8	TRBJ1-5	1
CASSSQGNEQFF	TRBV7-9	TRBJ2-1	1
CASSSQGPEAFF	TRBV5-1	TRBJ1-1	1
CASSSQGRASYEQYF	TRBV7-9	TRBJ2-7	1
CASSSQGRIGYTF	TRBV27	TRBJ1-2	1
CASSSQGTGRIEQYF	TRBV13	TRBJ2-7	1
CASSSQGVGNTIYF	TRBV28	TRBJ1-3	1
CASSSQGWGNTGELFF	TRBV5-5	TRBJ2-2	1
CASSSQIAGATKNIQYF	TRBV7-3	TRBJ2-4	1
CASSSQIDGAPSHNEQFF	TRBV7-9	TRBJ2-1	1
CASSSQIPGLAGTDTQYF	TRBV12-4	TRBJ2-3	1
CASSSQKTRLETQYF	TRBV12-4	TRBJ2-5	1
CASSSQLANTDTQYF	TRBV4-3	TRBJ2-3	3
CASSSQLTSGGQNEQFF	TRBV13	TRBJ2-1	1
CASSSQNTEAFF	TRBV7-6	TRBJ1-1	1
CASSSQNTIYF	TRBV11-2	TRBJ1-3	1
CASSSQPDTQYF	TRBV13	TRBJ2-3	1
CASSSQPGGFQETQYF	TRBV6-5	TRBJ2-5	1
CASSSQPRGRDGYTF	TRBV7-6	TRBJ1-2	1
CASSSQPSGLAYNEQFF	TRBV5-1	TRBJ2-1	1
CASSSQQETQYF	TRBV13	TRBJ2-5	1
CASSSQRDRVLGEQYF	TRBV7-3	TRBJ2-7	1
CASSSQRDSTDTQYF	TRBV7-9	TRBJ2-3	1
CASSSQREGSYNEQFF	TRBV7-3	TRBJ2-1	2
CASSSQRGPDGEQYF	TRBV4-1	TRBJ2-7	1
CASSSQRRGAGGELFF	TRBV7-3	TRBJ2-2	1
CASSSQTFYTGELFF	TRBV7-3	TRBJ2-2	1
CASSSQTGGGTYEQYF	TRBV4-1	TRBJ2-7	1
CASSSQTGLSGNTIYF	TRBV7-8	TRBJ1-3	1
CASSSQTSGSTGELFF	TRBV7-9	TRBJ2-2	1
CASSSQVIGYEQYF	TRBV28	TRBJ2-7	1
CASSSQYGTEAFF	TRBV27	TRBJ1-1	1
CASSSRAGGEQYF	TRBV19	TRBJ2-7	3
CASSSRASTGELFF	TRBV11-2	TRBJ2-2	1
CASSSRDGGTDTQYF	TRBV7-9	TRBJ2-3	6
CASSSRDKEQYF	TRBV11-3	TRBJ2-7	1
CASSSRDLTTNEKLFF	TRBV6-5	TRBJ1-4	1
CASSSRDNHNSPLHF	TRBV6-5	TRBJ1-6	1
CASSSRDNRYEQYF	TRBV6-3	TRBJ2-7	1
CASSSRDNYGYTF	TRBV6-5	TRBJ1-2	1
CASSSRDQMGETQYF	TRBV7-9	TRBJ2-5	1
CASSSRDQPETQYF	TRBV7-3	TRBJ2-5	1
CASSSRDRAYEQYF	TRBV5-1	TRBJ2-7	1
CASSSRDRDETQYF	TRBV7-6	TRBJ2-5	1
CASSSRDRDFYEQYF	TRBV5-4	TRBJ2-7	1
CASSSRDRGGELFF	TRBV3-1	TRBJ2-2	1
CASSSRDRGLWGSYNEQFF	TRBV12-4	TRBJ2-1	1
CASSSRDRGRRDNQPQHF	TRBV6-3	TRBJ1-5	1
CASSSRDRGTAGELFF	TRBV13	TRBJ2-2	1
CASSSRDRIYSGNTIYF	TRBV12-3	TRBJ1-3	1
CASSSRDRRHQETQYF	TRBV12-4	TRBJ2-5	1
CASSSRDRVNGELFF	TRBV5-6	TRBJ2-2	1
CASSSRDSITTYEQYF	TRBV7-8	TRBJ2-7	1
CASSSRDSNQPQHF	TRBV27	TRBJ1-5	1
CASSSRDSSYEQYF	TRBV5-4	TRBJ2-7	1
CASSSRDSYLNEQFF	TRBV7-9	TRBJ2-1	1
CASSSRDSYSYEQYF	TRBV7-2	TRBJ2-7	1
CASSSRDTAGFYEQYF	TRBV7-2	TRBJ2-7	1
CASSSRDTQYF	TRBV7-9	TRBJ2-3	1
CASSSRDTVGSTDTQYF	TRBV12-4	TRBJ2-3	1
CASSSREAHNEKLFF	TRBV7-8	TRBJ1-4	1
CASSSREGAVYGYTF	TRBV3-1	TRBJ1-2	1
CASSSREGIYGYTF	TRBV5-1	TRBJ1-2	1
CASSSREGRYEQYF	TRBV7-9	TRBJ2-7	1
CASSSREKDGGKNIQYF	TRBV11-3	TRBJ2-4	1
CASSSREMNTEAFF	TRBV13	TRBJ1-1	1
CASSSRFNYGYTF	TRBV7-8	TRBJ1-2	1
CASSSRGAHEQFF	TRBV13	TRBJ2-1	1
CASSSRGALLYNSPLHF	TRBV7-3	TRBJ1-6	1
CASSSRGETRNPRDTQYF	TRBV7-9	TRBJ2-3	1
CASSSRGFSYNSPLHF	TRBV27	TRBJ1-6	1
CASSSRGGADTGELFF	TRBV9	TRBJ2-2	1
CASSSRGGEQFF	TRBV27	TRBJ2-1	1
CASSSRGGGLETQYF	TRBV7-3	TRBJ2-5	1
CASSSRGGGPAGELFF	TRBV7-3	TRBJ2-2	1
CASSSRGGGYDEQFF	TRBV5-1	TRBJ2-1	1
CASSSRGGQETQYF	TRBV7-3	TRBJ2-5	1
CASSSRGGRWDEQFF	TRBV27	TRBJ2-1	1
CASSSRGGSEAFF	TRBV12-4	TRBJ1-1	1
CASSSRGGTYEQYF	TRBV19	TRBJ2-7	1
CASSSRGIRQGQIQPQHF	TRBV7-2	TRBJ1-5	1
CASSSRGLNTEAFF	TRBV7-9	TRBJ1-1	1
CASSSRGLVFYEQYF	TRBV6-1	TRBJ2-7	3
CASSSRGPPYNEQFF	TRBV5-1	TRBJ2-1	1
CASSSRGPYSGNTIYF	TRBV27	TRBJ1-3	1
CASSSRGQGGEQYF	TRBV6-3	TRBJ2-7	1
CASSSRGQGGYEQYF	TRBV13	TRBJ2-7	2
CASSSRGQMISMNTEAFF	TRBV5-1	TRBJ1-1	1
CASSSRGQPNEQYF	TRBV11-2	TRBJ2-7	1
CASSSRGQVIYGYTF	TRBV7-9	TRBJ1-2	1
CASSSRGRGLYHEQYF	TRBV27	TRBJ2-7	1
CASSSRGRGYSYEQYF	TRBV13	TRBJ2-7	1
CASSSRGRRADTQYF	TRBV5-1	TRBJ2-3	1
CASSSRGRSTDTQYF	TRBV25-1	TRBJ2-3	1
CASSSRGRTDTQYF	TRBV12-3	TRBJ2-3	1
CASSSRGSYNEQFF	TRBV27	TRBJ2-1	1
CASSSRGTEAFF	TRBV27	TRBJ1-1	1
CASSSRGTGTHEQYF	TRBV13	TRBJ2-7	1
CASSSRGTTNEKLFF	TRBV11-1	TRBJ1-4	1
CASSSRGWDEQFF	TRBV7-2	TRBJ2-1	1
CASSSRGWGDTSTDTQYF	TRBV7-8	TRBJ2-3	1
CASSSRGWTTEAFF	TRBV7-8	TRBJ1-1	1
CASSSRGYPYEQYF	TRBV28	TRBJ2-7	1
CASSSRIRTDTQYF	TRBV28	TRBJ2-3	1
CASSSRKDRGSYGYTF	TRBV6-3	TRBJ1-2	1
CASSSRKERGGLNEQFF	TRBV6-5	TRBJ2-1	1
CASSSRKGLAGPDTQYF	TRBV13	TRBJ2-3	1
CASSSRKGPIGQETQYF	TRBV11-2	TRBJ2-5	1
CASSSRKKETQYF	TRBV4-1	TRBJ2-5	1
CASSSRLAGGLSYEQYF	TRBV7-2	TRBJ2-7	1
CASSSRLAGGPGSTDTQYF	TRBV13	TRBJ2-3	1
CASSSRLAGGRDTQYF	TRBV13	TRBJ2-3	1
CASSSRLAGTSTDTQYF	TRBV7-6	TRBJ2-3	1
CASSSRLANEQYF	TRBV7-9	TRBJ2-7	1
CASSSRLAPNTGELFF	TRBV7-8	TRBJ2-2	1
CASSSRLHLNTEAFF	TRBV7-6	TRBJ1-1	1
CASSSRLSYEQYF	TRBV5-4	TRBJ2-7	1
CASSSRNTEAFF	TRBV28	TRBJ1-1	1
CASSSRPDRDRMANEQFF	TRBV6-3	TRBJ2-1	1
CASSSRPGLAGYWVDTQYF	TRBV6-6	TRBJ2-3	1
CASSSRPGNTIYF	TRBV4-2	TRBJ1-3	1
CASSSRPGQPQHF	TRBV5-6	TRBJ1-5	1
CASSSRPGTTSYEQYF	TRBV7-2	TRBJ2-7	1
CASSSRPPGQGTNGYTF	TRBV12-4	TRBJ1-2	1
CASSSRPPHGYTF	TRBV7-9	TRBJ1-2	1
CASSSRPQGGYNNEQFF	TRBV19	TRBJ2-1	1
CASSSRPRDTGYGYTF	TRBV12-3	TRBJ1-2	1
CASSSRPTAVDTQYF	TRBV28	TRBJ2-3	1
CASSSRQDSAYNEQFF	TRBV9	TRBJ2-1	1
CASSSRQFHQPQHF	TRBV6-6	TRBJ1-5	1
CASSSRQGAYYEQYF	TRBV6-5	TRBJ2-7	1
CASSSRQGDYGYTF	TRBV7-9	TRBJ1-2	1
CASSSRQGGTGELFF	TRBV27	TRBJ2-2	1
CASSSRQGILDTEAFF	TRBV7-9	TRBJ1-1	1
CASSSRQGLGNQPQHF	TRBV27	TRBJ1-5	1
CASSSRQGRETQYF	TRBV28	TRBJ2-5	1
CASSSRQGRTGELFF	TRBV7-3	TRBJ2-2	1
CASSSRQGRVEKLFF	TRBV28	TRBJ1-4	1
CASSSRQGYEQYF	TRBV7-8	TRBJ2-7	1
CASSSRQSEADTQYF	TRBV5-5	TRBJ2-3	24
CASSSRRDREGSAFF	TRBV27	TRBJ1-1	1
CASSSRRGWWDEKLFF	TRBV28	TRBJ1-4	1
CASSSRRRPPNYGYTF	TRBV5-1	TRBJ1-2	1
CASSSRRSPNTGELFF	TRBV11-2	TRBJ2-2	1
CASSSRRYNEQFF	TRBV12-3	TRBJ2-1	1
CASSSRRYSNQPQHF	TRBV27	TRBJ1-5	1
CASSSRSAYEQYF	TRBV19	TRBJ2-7	1
CASSSRSDTQYF	TRBV11-3	TRBJ2-3	1
CASSSRSETYEQYF	TRBV13	TRBJ2-7	1
CASSSRSGETQYF	TRBV19	TRBJ2-5	1
CASSSRSGGASYNEQFF	TRBV13	TRBJ2-1	1
CASSSRSGSEQYF	TRBV19	TRBJ2-7	1
CASSSRSGSGLNEQFF	TRBV28	TRBJ2-1	1
CASSSRSGTEQFF	TRBV19	TRBJ2-1	4
CASSSRSGVEQYF	TRBV19	TRBJ2-7	3
CASSSRSGYEQYF	TRBV19	TRBJ2-7	1
CASSSRSGYEQYF	TRBV7-8	TRBJ2-7	1
CASSSRSRGRSDTQYF	TRBV5-1	TRBJ2-3	1
CASSSRSSYEQYF	TRBV19	TRBJ2-7	2
CASSSRSTDTQYF	TRBV19	TRBJ2-3	1
CASSSRSTGELFF	TRBV19	TRBJ2-2	3
CASSSRSWVYGYTF	TRBV27	TRBJ1-2	1
CASSSRTAGNTIYF	TRBV13	TRBJ1-3	1
CASSSRTANTGELFF	TRBV28	TRBJ2-2	1
CASSSRTAPNTEAFF	TRBV7-2	TRBJ1-1	1
CASSSRTASYGNTIYF	TRBV7-8	TRBJ1-3	1
CASSSRTAYQETQYF	TRBV14	TRBJ2-5	1
CASSSRTDGNTIYF	TRBV5-6	TRBJ1-3	1
CASSSRTGDSEQYF	TRBV5-4	TRBJ2-7	5
CASSSRTGDTDTQYF	TRBV4-1	TRBJ2-3	1
CASSSRTGEERDTQYF	TRBV13	TRBJ2-3	1
CASSSRTGGAYGYTF	TRBV27	TRBJ1-2	1
CASSSRTGGGDTQYF	TRBV12-3	TRBJ2-3	1
CASSSRTGGTTNEKLFF	TRBV7-9	TRBJ1-4	1
CASSSRTGGYGYTF	TRBV6-5	TRBJ1-2	1
CASSSRTGGYYTEAFF	TRBV5-6	TRBJ1-1	1
CASSSRTGLGNTEAFF	TRBV18	TRBJ1-1	2
CASSSRTGRGGYTF	TRBV28	TRBJ1-2	1
CASSSRTGSMDGYTF	TRBV28	TRBJ1-2	1
CASSSRTSAPNSPLHF	TRBV7-9	TRBJ1-6	1
CASSSRTSGAPGELFF	TRBV13	TRBJ2-2	1
CASSSRTSGGAGQFF	TRBV13	TRBJ2-1	5
CASSSRTSGGYTGTDTQYF	TRBV7-2	TRBJ2-3	1
CASSSRTSYYNEQFF	TRBV5-1	TRBJ2-1	1
CASSSRTVYNEQFF	TRBV27	TRBJ2-1	1
CASSSRTYEQYF	TRBV7-9	TRBJ2-7	1
CASSSRVAYNEQFF	TRBV7-2	TRBJ2-1	1
CASSSRVMSYNEQFF	TRBV11-3	TRBJ2-1	1
CASSSRVSNGIYEQYF	TRBV7-2	TRBJ2-7	2
CASSSRWGGRLNEQFF	TRBV7-2	TRBJ2-1	1
CASSSRWGYEQYF	TRBV9	TRBJ2-7	1
CASSSRYEQFF	TRBV12-3	TRBJ2-1	1
CASSSSAGEQPQHF	TRBV7-9	TRBJ1-5	1
CASSSSAGLAYTDTQYF	TRBV27	TRBJ2-3	1
CASSSSAGSETQYF	TRBV9	TRBJ2-5	1
CASSSSDRGRGDGYTF	TRBV27	TRBJ1-2	1
CASSSSDRVVETQYF	TRBV5-1	TRBJ2-5	1
CASSSSDRVVSYGYTF	TRBV5-6	TRBJ1-2	1
CASSSSDTQYF	TRBV5-4	TRBJ2-3	1
CASSSSEETQYF	TRBV2	TRBJ2-5	1
CASSSSEGTYGYTF	TRBV5-6	TRBJ1-2	1
CASSSSERGGLSEQFF	TRBV7-6	TRBJ2-1	1
CASSSSESYSPLHF	TRBV7-9	TRBJ1-6	1
CASSSSFSGLIEQFF	TRBV11-2	TRBJ2-1	1
CASSSSFYEQYF	TRBV7-9	TRBJ2-7	1
CASSSSGAGPDYGYTF	TRBV7-9	TRBJ1-2	1
CASSSSGANVLTF	TRBV27	TRBJ2-6	4
CASSSSGAVEAKNIQYF	TRBV7-2	TRBJ2-4	1
CASSSSGAYEQYF	TRBV5-1	TRBJ2-7	1
CASSSSGAYNEQFF	TRBV6-3	TRBJ2-1	1
CASSSSGEDEQFF	TRBV7-3	TRBJ2-1	1
CASSSSGFNSPLHF	TRBV12-4	TRBJ1-6	1
CASSSSGGAGDTQYF	TRBV19	TRBJ2-3	1
CASSSSGGAGLDTQYF	TRBV7-3	TRBJ2-3	1
CASSSSGGANTQYF	TRBV5-6	TRBJ2-3	1
CASSSSGGFYEQYF	TRBV19	TRBJ2-7	1
CASSSSGGGGTGELFF	TRBV4-1	TRBJ2-2	1
CASSSSGGGGYTF	TRBV7-6	TRBJ1-2	1
CASSSSGGGPQETQYF	TRBV9	TRBJ2-5	1
CASSSSGGGYEQYF	TRBV12-4	TRBJ2-7	1
CASSSSGGLVKNIQYF	TRBV27	TRBJ2-4	1
CASSSSGGPSYNEQFF	TRBV7-9	TRBJ2-1	1
CASSSSGGQETQYF	TRBV19	TRBJ2-5	1
CASSSSGGSSYEQYF	TRBV9	TRBJ2-7	1
CASSSSGGVTDTQYF	TRBV7-3	TRBJ2-3	1
CASSSSGGYNEQFF	TRBV6-3	TRBJ2-1	1
CASSSSGIAGASHEQYF	TRBV5-1	TRBJ2-7	1
CASSSSGLARNEQFF	TRBV3-1	TRBJ2-1	1
CASSSSGLLGTEAFF	TRBV27	TRBJ1-1	1
CASSSSGLSGKYEQYF	TRBV6-1	TRBJ2-7	1
CASSSSGPEQFF	TRBV9	TRBJ2-1	1
CASSSSGPLDF	TRBV12-3	TRBJ2-5	1
CASSSSGPSNQPQHF	TRBV19	TRBJ1-5	1
CASSSSGQGGNEKLFF	TRBV13	TRBJ1-4	1
CASSSSGRGNQPQHF	TRBV6-5	TRBJ1-5	1
CASSSSGRNKGNEQFF	TRBV4-3	TRBJ2-1	1
CASSSSGRVPYNEQFF	TRBV7-2	TRBJ2-1	1
CASSSSGSSYNEQFF	TRBV13	TRBJ2-1	1
CASSSSGSTDTQYF	TRBV3-1	TRBJ2-3	1
CASSSSGSTYNEQFF	TRBV6-6	TRBJ2-1	1
CASSSSGTGDYEQYF	TRBV7-6	TRBJ2-7	1
CASSSSGTGGLHEQYF	TRBV5-4	TRBJ2-7	1
CASSSSGTGGYEQYF	TRBV7-9	TRBJ2-7	1
CASSSSGTGIGANVLTF	TRBV7-9	TRBJ2-6	1
CASSSSGTGRSYEQYF	TRBV5-1	TRBJ2-7	1
CASSSSGTLAGNTIYF	TRBV27	TRBJ1-3	1
CASSSSGTQPDTQYF	TRBV7-3	TRBJ2-3	1
CASSSSGTSGAFF	TRBV27	TRBJ1-1	1
CASSSSGTSGLSYEQYF	TRBV6-6	TRBJ2-7	1
CASSSSGTSGYNEQFF	TRBV6-3	TRBJ2-1	1
CASSSSGTYNEQFF	TRBV5-6	TRBJ2-1	1
CASSSSGVDTDTQYF	TRBV2	TRBJ2-3	1
CASSSSGVGAFQYF	TRBV27	TRBJ2-4	1
CASSSSGVTGELFF	TRBV12-3	TRBJ2-2	1
CASSSSHSYNEQFF	TRBV9	TRBJ2-1	1
CASSSSIGSAEGDTQYF	TRBV6-5	TRBJ2-3	1
CASSSSLAGGGELFF	TRBV9	TRBJ2-2	1
CASSSSLAGSSYNEQFF	TRBV9	TRBJ2-1	1
CASSSSLGTSEAGELFF	TRBV6-5	TRBJ2-2	1
CASSSSMGQGNNYGYTF	TRBV7-9	TRBJ1-2	1
CASSSSNEQFF	TRBV7-2	TRBJ2-1	1
CASSSSPEQYF	TRBV5-6	TRBJ2-7	1
CASSSSPGPIAYGYTF	TRBV12-4	TRBJ1-2	1
CASSSSPGQGGYGYTF	TRBV27	TRBJ1-2	1
CASSSSPGSTDTQYF	TRBV6-4	TRBJ2-3	1
CASSSSPLEAFF	TRBV9	TRBJ1-1	1
CASSSSPPGTAGGYTF	TRBV7-9	TRBJ1-2	1
CASSSSPRGGGTEAFF	TRBV18	TRBJ1-1	1
CASSSSPSGTDTQYF	TRBV27	TRBJ2-3	1
CASSSSPVPNYGYTF	TRBV27	TRBJ1-2	1
CASSSSPVWETQYF	TRBV9	TRBJ2-5	1
CASSSSPYEQYF	TRBV7-8	TRBJ2-7	1
CASSSSQGTETQYF	TRBV7-9	TRBJ2-5	1
CASSSSRDSIYGYTF	TRBV6-3	TRBJ1-2	1
CASSSSRGAGKNIQYF	TRBV11-2	TRBJ2-4	1
CASSSSRGTRDHDTQYF	TRBV7-2	TRBJ2-3	1
CASSSSRRGGRAYEQYF	TRBV6-5	TRBJ2-7	1
CASSSSRRTDPYGYTF	TRBV9	TRBJ1-2	1
CASSSSRSSYEQYF	TRBV27	TRBJ2-7	1
CASSSSRTGFYEQYF	TRBV7-6	TRBJ2-7	1
CASSSSRTNNEQFF	TRBV6-3	TRBJ2-1	1
CASSSSRVGGYTF	TRBV12-3	TRBJ1-2	1
CASSSSRVSEAFF	TRBV7-6	TRBJ1-1	1
CASSSSSAGQETQYF	TRBV7-9	TRBJ2-5	1
CASSSSSEAFF	TRBV5-6	TRBJ1-1	1
CASSSSSGGNTDTQYF	TRBV6-4	TRBJ2-3	1
CASSSSSGNKLEQYF	TRBV7-6	TRBJ2-7	1
CASSSSSGREQFF	TRBV27	TRBJ2-1	1
CASSSSSGTGNTIYF	TRBV27	TRBJ1-3	1
CASSSSSMEAFF	TRBV9	TRBJ1-1	1
CASSSSSQENTEAFF	TRBV12-4	TRBJ1-1	1
CASSSSSTSGHTDTQYF	TRBV27	TRBJ2-3	1
CASSSSSTSPYNEQFF	TRBV2	TRBJ2-1	1
CASSSSSYEQYF	TRBV28	TRBJ2-7	1
CASSSSTDTQYF	TRBV27	TRBJ2-3	1
CASSSSTDTQYF	TRBV7-9	TRBJ2-3	1
CASSSSTETQETQYF	TRBV7-9	TRBJ2-5	1
CASSSSTGAGELFF	TRBV7-9	TRBJ2-2	1
CASSSSTGEAYNEQFF	TRBV7-9	TRBJ2-1	1
CASSSSTGGLGELFF	TRBV7-8	TRBJ2-2	1
CASSSSTGPNSPLHF	TRBV7-2	TRBJ1-6	1
CASSSSTGVYGYTF	TRBV7-9	TRBJ1-2	1
CASSSSTMTGGRDTEAFF	TRBV27	TRBJ1-1	1
CASSSSTQETQYF	TRBV7-9	TRBJ2-5	1
CASSSSTYEQYF	TRBV27	TRBJ2-7	1
CASSSSVHSGVTDTQYF	TRBV27	TRBJ2-3	1
CASSSSVTEAFF	TRBV6-5	TRBJ1-1	1
CASSSSWDRTSYEQYF	TRBV28	TRBJ2-7	1
CASSSSWGGDQPQHF	TRBV27	TRBJ1-5	1
CASSSSYEQFF	TRBV28	TRBJ2-1	1
CASSSSYEQYF	TRBV6-5	TRBJ2-7	1
CASSSSYEQYF	TRBV7-2	TRBJ2-7	1
CASSSSYRGPGELFF	TRBV6-3	TRBJ2-2	1
CASSSTAGVSGELFF	TRBV11-1	TRBJ2-2	1
CASSSTANTEAFF	TRBV7-3	TRBJ1-1	1
CASSSTAYNEQFF	TRBV7-8	TRBJ2-1	1
CASSSTDALGEKLFF	TRBV6-1	TRBJ1-4	1
CASSSTDASTDTQYF	TRBV18	TRBJ2-3	1
CASSSTDHSNQPQHF	TRBV7-9	TRBJ1-5	1
CASSSTDLTIPTDTQYF	TRBV28	TRBJ2-3	1
CASSSTDREGSEQYF	TRBV7-9	TRBJ2-7	1
CASSSTDSNQPQHF	TRBV7-9	TRBJ1-5	1
CASSSTDSSYEQYF	TRBV5-1	TRBJ2-7	1
CASSSTDTQYF	TRBV27	TRBJ2-3	2
CASSSTDTQYF	TRBV5-6	TRBJ2-3	16
CASSSTDTQYF	TRBV9	TRBJ2-3	1
CASSSTEAFF	TRBV7-9	TRBJ1-1	1
CASSSTEETQYF	TRBV7-9	TRBJ2-5	1
CASSSTEIYEQYF	TRBV5-6	TRBJ2-7	1
CASSSTELGYEQYF	TRBV27	TRBJ2-7	1
CASSSTEQYF	TRBV28	TRBJ2-7	1
CASSSTERVATTDTQYF	TRBV7-9	TRBJ2-3	1
CASSSTGALHDGYTF	TRBV7-9	TRBJ1-2	1
CASSSTGDNEQFF	TRBV27	TRBJ2-1	1
CASSSTGDRYNEQFF	TRBV13	TRBJ2-1	1
CASSSTGDSHTEAFF	TRBV27	TRBJ1-1	1
CASSSTGEKLFF	TRBV7-9	TRBJ1-4	1
CASSSTGEVRQPQHF	TRBV28	TRBJ1-5	1
CASSSTGFGSPLHF	TRBV27	TRBJ1-6	1
CASSSTGFTEAFF	TRBV12-3	TRBJ1-1	1
CASSSTGGADTQYF	TRBV7-8	TRBJ2-3	1
CASSSTGGFPGANVLTF	TRBV7-8	TRBJ2-6	1
CASSSTGGFVNEQYF	TRBV12-4	TRBJ2-7	1
CASSSTGGGEKDQPQHF	TRBV5-4	TRBJ1-5	11
CASSSTGGGEKDQPQHF	TRBV5-6	TRBJ1-5	2
CASSSTGGGETQYF	TRBV11-2	TRBJ2-5	1
CASSSTGGGETQYF	TRBV12-4	TRBJ2-5	1
CASSSTGGGFYEQYF	TRBV9	TRBJ2-7	1
CASSSTGGGGYTF	TRBV7-9	TRBJ1-2	1
CASSSTGGGYGYTF	TRBV5-4	TRBJ1-2	1
CASSSTGGKDGYTF	TRBV12-4	TRBJ1-2	1
CASSSTGGKETQYF	TRBV13	TRBJ2-5	1
CASSSTGGLSYEQYF	TRBV7-9	TRBJ2-7	1
CASSSTGGNQPQHF	TRBV7-9	TRBJ1-5	1
CASSSTGGNSPLHF	TRBV13	TRBJ1-6	1
CASSSTGGPHSYEQYF	TRBV6-6	TRBJ2-7	4
CASSSTGGRSYNEQFF	TRBV7-3	TRBJ2-1	1
CASSSTGGRTANTGELFF	TRBV7-9	TRBJ2-2	1
CASSSTGGRTEAFF	TRBV5-1	TRBJ1-1	1
CASSSTGGSGTEAFF	TRBV7-3	TRBJ1-1	1
CASSSTGGTNDEQFF	TRBV7-2	TRBJ2-1	1
CASSSTGGVYGYTF	TRBV5-6	TRBJ1-2	1
CASSSTGGYEQYF	TRBV12-4	TRBJ2-7	1
CASSSTGHPGTGELFF	TRBV27	TRBJ2-2	1
CASSSTGIGYTF	TRBV5-6	TRBJ1-2	1
CASSSTGLAGDFSYEQYF	TRBV7-2	TRBJ2-7	1
CASSSTGLAGIKEETQYF	TRBV7-2	TRBJ2-5	1
CASSSTGLAKETQYF	TRBV6-5	TRBJ2-5	1
CASSSTGLDTQYF	TRBV7-2	TRBJ2-3	1
CASSSTGLLEAFF	TRBV11-2	TRBJ1-1	1
CASSSTGLNTEAFF	TRBV13	TRBJ1-1	1
CASSSTGLREGRPSYNEQFF	TRBV27	TRBJ2-1	1
CASSSTGPAQETQYF	TRBV5-1	TRBJ2-5	1
CASSSTGPYEQYF	TRBV7-9	TRBJ2-7	1
CASSSTGRATNEKLFF	TRBV28	TRBJ1-4	1
CASSSTGRETQYF	TRBV5-6	TRBJ2-5	1
CASSSTGRGNQPQHF	TRBV12-3	TRBJ1-5	1
CASSSTGSDYEQYF	TRBV2	TRBJ2-7	1
CASSSTGSEQYF	TRBV6-5	TRBJ2-7	1
CASSSTGSNQPQHF	TRBV27	TRBJ1-5	1
CASSSTGSTDTQYF	TRBV7-9	TRBJ2-3	1
CASSSTGSYEQYF	TRBV5-6	TRBJ2-7	1
CASSSTGSYGYTF	TRBV12-4	TRBJ1-2	1
CASSSTGTDNSPLHF	TRBV7-3	TRBJ1-6	1
CASSSTGTGGAGELFF	TRBV7-6	TRBJ2-2	1
CASSSTGTGYNEQFF	TRBV19	TRBJ2-1	1
CASSSTGTSGGGTDTQYF	TRBV9	TRBJ2-3	1
CASSSTGTSGNRAEQFF	TRBV27	TRBJ2-1	32
CASSSTGTSNTGELFF	TRBV27	TRBJ2-2	1
CASSSTGTVSLEKLFF	TRBV5-5	TRBJ1-4	1
CASSSTGVDDQETQYF	TRBV7-9	TRBJ2-5	1
CASSSTGVGYTF	TRBV5-6	TRBJ1-2	19
CASSSTGVNTEAFF	TRBV6-5	TRBJ1-1	1
CASSSTGWGVYNSPLHF	TRBV7-3	TRBJ1-6	1
CASSSTGWITF	TRBV13	TRBJ1-2	1
CASSSTGWVQPQHF	TRBV19	TRBJ1-5	1
CASSSTGYEQYF	TRBV19	TRBJ2-7	1
CASSSTIAGTDTQYF	TRBV12-4	TRBJ2-3	1
CASSSTKRQSTGELFF	TRBV7-9	TRBJ2-2	1
CASSSTLGLAVTYEQYF	TRBV13	TRBJ2-7	1
CASSSTLGTGGFETQYF	TRBV6-5	TRBJ2-5	2
CASSSTLGTSIYEQYF	TRBV11-2	TRBJ2-7	1
CASSSTLQDRANYGYTF	TRBV6-5	TRBJ1-2	1
CASSSTLQETQYF	TRBV11-3	TRBJ2-5	1
CASSSTLRRASSYEQYF	TRBV5-1	TRBJ2-7	1
CASSSTLTPQHF	TRBV12-4	TRBJ1-5	1
CASSSTLTSGGAIAGELFF	TRBV7-9	TRBJ2-2	1
CASSSTLYGSYNEQFF	TRBV5-6	TRBJ2-1	1
CASSSTNPYEQYF	TRBV10-2	TRBJ2-7	1
CASSSTNQPQHF	TRBV27	TRBJ1-5	1
CASSSTPDTWNTEAFF	TRBV6-3	TRBJ1-1	1
CASSSTPEGYEQFF	TRBV7-9	TRBJ2-1	1
CASSSTPESGANVLTF	TRBV5-1	TRBJ2-6	1
CASSSTPSNTEAFF	TRBV7-2	TRBJ1-1	1
CASSSTQDGDEKLFF	TRBV5-5	TRBJ1-4	1
CASSSTQETQYF	TRBV7-9	TRBJ2-5	1
CASSSTQGGYEQYF	TRBV27	TRBJ2-7	1
CASSSTRDSTDTQYF	TRBV13	TRBJ2-3	1
CASSSTRGDQETQYF	TRBV27	TRBJ2-5	1
CASSSTRGLSYGYTF	TRBV7-9	TRBJ1-2	1
CASSSTRLAEYEQYF	TRBV5-8	TRBJ2-7	1
CASSSTRQGSGTDTQYF	TRBV5-6	TRBJ2-3	1
CASSSTRRGNTIYF	TRBV11-2	TRBJ1-3	1
CASSSTRVAGEGGTDTQYF	TRBV12-4	TRBJ2-3	1
CASSSTSFTQYF	TRBV6-6	TRBJ2-3	1
CASSSTSGASYEQYF	TRBV6-6	TRBJ2-7	1
CASSSTSGETQYF	TRBV19	TRBJ2-5	1
CASSSTSGGGDTQYF	TRBV7-7	TRBJ2-3	1
CASSSTSGGGNEQFF	TRBV18	TRBJ2-1	1
CASSSTSGGIFDNQPQHF	TRBV6-3	TRBJ1-5	1
CASSSTSGGSSAGELFF	TRBV9	TRBJ2-2	1
CASSSTSGGSTDTQYF	TRBV7-2	TRBJ2-3	1
CASSSTSGGYDTQYF	TRBV7-2	TRBJ2-3	1
CASSSTSGMFTGELFF	TRBV7-2	TRBJ2-2	1
CASSSTSGRADTQYF	TRBV7-2	TRBJ2-3	1
CASSSTSGRADTQYF	TRBV7-6	TRBJ2-3	1
CASSSTSGRETQYF	TRBV7-9	TRBJ2-5	1
CASSSTSGRFQNIQYF	TRBV7-9	TRBJ2-4	1
CASSSTSGRNEQFF	TRBV7-9	TRBJ2-1	1
CASSSTSGRPSGELFF	TRBV7-9	TRBJ2-2	1
CASSSTSGRSPGELFF	TRBV7-9	TRBJ2-2	1
CASSSTSGSVNEQFF	TRBV7-3	TRBJ2-1	1
CASSSTSGTGDEQFF	TRBV7-9	TRBJ2-1	1
CASSSTSGTYEQYF	TRBV11-2	TRBJ2-7	1
CASSSTSPAGTEGYNSPLHF	TRBV13	TRBJ1-6	1
CASSSTTDEQFF	TRBV7-9	TRBJ2-1	1
CASSSTTLLAGGYEQYF	TRBV6-5	TRBJ2-7	6
CASSSTTSGTNYNEQFF	TRBV28	TRBJ2-1	1
CASSSTTSYNEQFF	TRBV5-4	TRBJ2-1	1
CASSSTTYSYNEQFF	TRBV11-2	TRBJ2-1	1
CASSSTVISGNTIYF	TRBV12-3	TRBJ1-3	1
CASSSTVYQETQYF	TRBV7-2	TRBJ2-5	1
CASSSTYEQYF	TRBV6-3	TRBJ2-7	1
CASSSVAADTQYF	TRBV27	TRBJ2-3	1
CASSSVADTQYF	TRBV7-6	TRBJ2-3	1
CASSSVAGGPDYEQYF	TRBV19	TRBJ2-7	1
CASSSVAGGPYEQYF	TRBV7-2	TRBJ2-7	1
CASSSVAGGTTDEQYF	TRBV27	TRBJ2-7	1
CASSSVAGPIQETQYF	TRBV7-2	TRBJ2-5	1
CASSSVAGRRGDEQFF	TRBV27	TRBJ2-1	1
CASSSVASGSTGELFF	TRBV12-4	TRBJ2-2	1
CASSSVDSNQPQHF	TRBV7-9	TRBJ1-5	1
CASSSVEEETQYF	TRBV5-1	TRBJ2-5	1
CASSSVEGRSYEQYF	TRBV6-5	TRBJ2-7	1
CASSSVGARGTGELFF	TRBV6-5	TRBJ2-2	1
CASSSVGDRGGTEAFF	TRBV7-9	TRBJ1-1	1
CASSSVGDRPYNEQFF	TRBV5-1	TRBJ2-1	1
CASSSVGGADEQYF	TRBV27	TRBJ2-7	1
CASSSVGGGGDTQYF	TRBV12-3	TRBJ2-3	1
CASSSVGGKETQYF	TRBV28	TRBJ2-5	1
CASSSVGLKIMYQETQYF	TRBV12-4	TRBJ2-5	1
CASSSVGLPQETQYF	TRBV4-1	TRBJ2-5	1
CASSSVGNQPQHF	TRBV27	TRBJ1-5	1
CASSSVGQEPYNEQFF	TRBV12-3	TRBJ2-1	1
CASSSVGVTDTQYF	TRBV5-6	TRBJ2-3	1
CASSSVHENTIYF	TRBV5-6	TRBJ1-3	1
CASSSVLAVDYNEQFF	TRBV7-9	TRBJ2-1	1
CASSSVLDTQYF	TRBV7-9	TRBJ2-3	1
CASSSVLRAGTLTGANVLTF	TRBV27	TRBJ2-6	1
CASSSVNPYEQYF	TRBV7-9	TRBJ2-7	1
CASSSVPDSYEQYF	TRBV19	TRBJ2-7	1
CASSSVPGQGTGSTDTQYF	TRBV7-9	TRBJ2-3	1
CASSSVQETQYF	TRBV28	TRBJ2-5	1
CASSSVRAGGVAIQYF	TRBV28	TRBJ2-4	1
CASSSVRGGLDGYTF	TRBV27	TRBJ1-2	1
CASSSVRGPNYGYTF	TRBV27	TRBJ1-2	1
CASSSVRRQQNSYNEQFF	TRBV7-9	TRBJ2-1	1
CASSSVSGNHNEQFF	TRBV6-3	TRBJ2-1	1
CASSSVYNSPLHF	TRBV5-1	TRBJ1-6	1
CASSSWASDTDTQYF	TRBV28	TRBJ2-3	1
CASSSWDGHNEQFF	TRBV7-9	TRBJ2-1	1
CASSSWDLNTEAFF	TRBV7-6	TRBJ1-1	1
CASSSWDNYNEQFF	TRBV7-9	TRBJ2-1	1
CASSSWDRDEGKLFF	TRBV9	TRBJ1-4	1
CASSSWDRGKTYGYTF	TRBV6-3	TRBJ1-2	1
CASSSWDRMSYEQYF	TRBV11-2	TRBJ2-7	1
CASSSWDSELSYEQYF	TRBV7-2	TRBJ2-7	1
CASSSWDSNQPQHF	TRBV19	TRBJ1-5	1
CASSSWGAGELFF	TRBV5-4	TRBJ2-2	1
CASSSWGDSYEQYF	TRBV13	TRBJ2-7	1
CASSSWGEHYPTDTQYF	TRBV5-4	TRBJ2-3	1
CASSSWGGFGKNIQYF	TRBV12-4	TRBJ2-4	1
CASSSWGGGGLQETQYF	TRBV7-9	TRBJ2-5	1
CASSSWGGSPTNEKLFF	TRBV11-2	TRBJ1-4	1
CASSSWGLGGNQPQHF	TRBV27	TRBJ1-5	1
CASSSWGNTEAFF	TRBV7-8	TRBJ1-1	1
CASSSWPTGAQSDTQYF	TRBV7-3	TRBJ2-3	1
CASSSWRNRGRWTEAFF	TRBV5-8	TRBJ1-1	1
CASSSWRQGAWVGAWGYTF	TRBV5-6	TRBJ1-2	1
CASSSWRYGYTEAFF	TRBV19	TRBJ1-1	1
CASSSWSGGYGYTF	TRBV11-2	TRBJ1-2	1
CASSSWSGLSTDTQYF	TRBV7-2	TRBJ2-3	1
CASSSWTGYGYTF	TRBV27	TRBJ1-2	1
CASSSWTGYPYEQYF	TRBV6-3	TRBJ2-7	1
CASSSWTRANEQFF	TRBV27	TRBJ2-1	1
CASSSWTSGDRWPDTQYF	TRBV2	TRBJ2-3	1
CASSSWTSGEGETQYF	TRBV7-9	TRBJ2-5	1
CASSSWTSGGRVYEQFF	TRBV11-2	TRBJ2-1	1
CASSSWTSGTQETQYF	TRBV7-3	TRBJ2-5	1
CASSSYAVDEQYF	TRBV9	TRBJ2-7	1
CASSSYEGAGGYTF	TRBV6-6	TRBJ1-2	1
CASSSYFIRQAGWTTEAFF	TRBV6-6	TRBJ1-1	1
CASSSYGANQPQHF	TRBV11-2	TRBJ1-5	1
CASSSYGLPSTDTQYF	TRBV5-1	TRBJ2-3	1
CASSSYLSYEQYF	TRBV11-2	TRBJ2-7	1
CASSSYPAGREGFYEQYF	TRBV7-2	TRBJ2-7	1
CASSSYPGQLTDTQYF	TRBV11-2	TRBJ2-3	1
CASSSYPGTDSSGNTIYF	TRBV12-4	TRBJ1-3	1
CASSSYPSRTGNTGELFF	TRBV6-5	TRBJ2-2	1
CASSSYQGGGYTF	TRBV27	TRBJ1-2	1
CASSSYRGDTQYF	TRBV5-1	TRBJ2-3	1
CASSSYRGPYEQYF	TRBV7-8	TRBJ2-7	1
CASSSYRGQPQHF	TRBV27	TRBJ1-5	1
CASSSYRRPYEQYF	TRBV11-2	TRBJ2-7	1
CASSSYRRTGEGDTQYF	TRBV7-2	TRBJ2-3	1
CASSSYSGRGYEQYF	TRBV5-6	TRBJ2-7	1
CASSSYSSDTQYF	TRBV11-3	TRBJ2-3	1
CASSSYSTGSYNSPLHF	TRBV27	TRBJ1-6	1
CASSSYTPTSGRDWGTDTQYF	TRBV27	TRBJ2-3	1
CASSSYTSGAYNEQFF	TRBV7-9	TRBJ2-1	1
CASSSYWRDRSSYEQYF	TRBV18	TRBJ2-7	1
CASSSYWTSGTKNIQYF	TRBV12-3	TRBJ2-4	1
CASSSYYEQYF	TRBV12-4	TRBJ2-7	1
CASSSYYRGTDTQYF	TRBV28	TRBJ2-3	1
CASSSYYVRGTDTQYF	TRBV7-2	TRBJ2-3	1
CASSTAEGLPYNEQFF	TRBV19	TRBJ2-1	1
CASSTAEGYGYTF	TRBV6-6	TRBJ1-2	1
CASSTAGGPQETQYF	TRBV6-5	TRBJ2-5	1
CASSTAGGSYEQYF	TRBV27	TRBJ2-7	1
CASSTAGGSYNEQFF	TRBV5-8	TRBJ2-1	1
CASSTAGQETQYF	TRBV5-4	TRBJ2-5	1
CASSTAGRWNTEAFF	TRBV27	TRBJ1-1	1
CASSTALEKLFF	TRBV12-4	TRBJ1-4	1
CASSTAPGLAGEDTQYF	TRBV19	TRBJ2-3	1
CASSTAPSTDTQYF	TRBV13	TRBJ2-3	1
CASSTASAPETQYF	TRBV6-3	TRBJ2-5	1
CASSTASGTGNEQFF	TRBV13	TRBJ2-1	1
CASSTDDNEQFF	TRBV7-9	TRBJ2-1	1
CASSTDDPSAASYNEQFF	TRBV19	TRBJ2-1	1
CASSTDFNEKLFF	TRBV5-1	TRBJ1-4	1
CASSTDGLAYEQYF	TRBV9	TRBJ2-7	1
CASSTDGQGGSDTQYF	TRBV2	TRBJ2-3	1
CASSTDNSNQPQHF	TRBV12-4	TRBJ1-5	1
CASSTDRAAQPQHF	TRBV28	TRBJ1-5	6
CASSTDRDSNQPQHF	TRBV7-9	TRBJ1-5	3
CASSTDRELETQYF	TRBV5-1	TRBJ2-5	1
CASSTDRFMNTEAFF	TRBV7-2	TRBJ1-1	1
CASSTDRGGDEQFF	TRBV4-3	TRBJ2-1	1
CASSTDRYVRSNQPQHF	TRBV19	TRBJ1-5	1
CASSTDSFSYEQYF	TRBV27	TRBJ2-7	1
CASSTDSGGLYEQYF	TRBV19	TRBJ2-7	1
CASSTDSMNTEAFF	TRBV12-4	TRBJ1-1	1
CASSTDSTSGRHNEQFF	TRBV11-3	TRBJ2-1	1
CASSTDTFGYGYTF	TRBV13	TRBJ1-2	1
CASSTDTQYF	TRBV9	TRBJ2-3	1
CASSTDTVSGNTIYF	TRBV19	TRBJ1-3	1
CASSTDYEQYF	TRBV2	TRBJ2-7	2
CASSTDYNEQFF	TRBV19	TRBJ2-1	1
CASSTEGARTEAFF	TRBV9	TRBJ1-1	1
CASSTEGQAGANYGYTF	TRBV12-4	TRBJ1-2	1
CASSTENQFNYGYTF	TRBV6-3	TRBJ1-2	1
CASSTEQGRTEAFF	TRBV5-1	TRBJ1-1	1
CASSTEQYF	TRBV6-1	TRBJ2-7	1
CASSTERGSTGELFF	TRBV7-9	TRBJ2-2	6
CASSTERTGYEQYF	TRBV27	TRBJ2-7	1
CASSTESQGCNNQPQHF	TRBV5-7	TRBJ1-5	1
CASSTESYNEQFF	TRBV19	TRBJ2-1	1
CASSTETGNTEAFF	TRBV13	TRBJ1-1	1
CASSTETPPYEQYF	TRBV6-3	TRBJ2-7	1
CASSTFAEGWVSYNEQFF	TRBV5-8	TRBJ2-1	1
CASSTFEGQVGRETQYF	TRBV19	TRBJ2-5	1
CASSTFGASTDTQYF	TRBV27	TRBJ2-3	1
CASSTFGLAGGHTQYF	TRBV19	TRBJ2-3	1
CASSTFGRPSTDTQYF	TRBV11-2	TRBJ2-3	1
CASSTFHWGDNEQFF	TRBV11-2	TRBJ2-1	1
CASSTFPRTSGTDTQYF	TRBV11-2	TRBJ2-3	1
CASSTFSGTGALYEQYF	TRBV19	TRBJ2-7	1
CASSTFSRTSVNHNEQFF	TRBV2	TRBJ2-1	1
CASSTFSSGRTEAFF	TRBV19	TRBJ1-1	1
CASSTFTGETQYF	TRBV19	TRBJ2-5	1
CASSTGAGHQETQYF	TRBV19	TRBJ2-5	1
CASSTGAGVNEQYF	TRBV4-1	TRBJ2-7	1
CASSTGAIRPTDTQYF	TRBV5-1	TRBJ2-3	1
CASSTGARRDQPQHF	TRBV6-5	TRBJ1-5	1
CASSTGAWGYTF	TRBV19	TRBJ1-2	4
CASSTGAYGYTF	TRBV19	TRBJ1-2	1
CASSTGDDTGELFF	TRBV12-3	TRBJ2-2	1
CASSTGDETQYF	TRBV6-3	TRBJ2-5	1
CASSTGDRVGDEQYF	TRBV5-1	TRBJ2-7	1
CASSTGDSNQPQHF	TRBV6-6	TRBJ1-5	1
CASSTGDSNQPQHF	TRBV7-9	TRBJ1-5	1
CASSTGEAFTEAFF	TRBV25-1	TRBJ1-1	1
CASSTGEDGYTF	TRBV7-9	TRBJ1-2	1
CASSTGEEKLFF	TRBV2	TRBJ1-4	1
CASSTGELFF	TRBV6-6	TRBJ2-2	1
CASSTGETQYF	TRBV7-9	TRBJ2-5	1
CASSTGFGSPLHF	TRBV6-3	TRBJ1-6	1
CASSTGGADTQYF	TRBV13	TRBJ2-3	1
CASSTGGAGNTIYF	TRBV19	TRBJ1-3	1
CASSTGGAYQPQHF	TRBV19	TRBJ1-5	1
CASSTGGDRAGYNEQFF	TRBV19	TRBJ2-1	1
CASSTGGDSPGGEDTQYF	TRBV12-4	TRBJ2-3	1
CASSTGGENEQFF	TRBV10-2	TRBJ2-1	1
CASSTGGEVQYF	TRBV5-5	TRBJ2-3	1
CASSTGGGTEAFF	TRBV19	TRBJ1-1	1
CASSTGGHGYTF	TRBV12-3	TRBJ1-2	1
CASSTGGRTEAFF	TRBV7-3	TRBJ1-1	1
CASSTGGSDEQFF	TRBV2	TRBJ2-1	1
CASSTGGSPFYEQYF	TRBV12-4	TRBJ2-7	1
CASSTGGSSYEQYF	TRBV19	TRBJ2-7	1
CASSTGGYEQYF	TRBV19	TRBJ2-7	1
CASSTGIGDTEAFF	TRBV28	TRBJ1-1	1
CASSTGLAGGLSWETQYF	TRBV6-6	TRBJ2-5	1
CASSTGLAGGQDTQYF	TRBV7-7	TRBJ2-3	1
CASSTGLAGLLGTDTQYF	TRBV28	TRBJ2-3	1
CASSTGLAGSYEQYF	TRBV6-3	TRBJ2-7	1
CASSTGLAGVHEQFF	TRBV5-6	TRBJ2-1	1
CASSTGLAVLPQYF	TRBV6-3	TRBJ2-7	1
CASSTGLDYEQYF	TRBV27	TRBJ2-7	1
CASSTGLGEQYF	TRBV19	TRBJ2-7	1
CASSTGLLPGTDTQYF	TRBV5-4	TRBJ2-3	1
CASSTGLLTDTQYF	TRBV5-4	TRBJ2-3	1
CASSTGLRAEAFF	TRBV27	TRBJ1-1	1
CASSTGLSYEQYF	TRBV7-9	TRBJ2-7	1
CASSTGMRSGANVLTF	TRBV27	TRBJ2-6	1
CASSTGNYGYTF	TRBV27	TRBJ1-2	1
CASSTGPEGFAGELFF	TRBV5-1	TRBJ2-2	1
CASSTGPGNYGYTF	TRBV5-5	TRBJ1-2	1
CASSTGPHYEQYF	TRBV19	TRBJ2-7	1
CASSTGQATGELFF	TRBV19	TRBJ2-2	2
CASSTGQAYNEKLFF	TRBV7-9	TRBJ1-4	2
CASSTGQGANYGYTF	TRBV4-2	TRBJ1-2	1
CASSTGQGFRDYGYTF	TRBV7-8	TRBJ1-2	1
CASSTGQGFYEQYF	TRBV19	TRBJ2-7	1
CASSTGQGRSYNEQFF	TRBV5-6	TRBJ2-1	1
CASSTGQGRYNEQFF	TRBV9	TRBJ2-1	1
CASSTGQGSGANVLTF	TRBV12-3	TRBJ2-6	1
CASSTGRGPNTGELFF	TRBV28	TRBJ2-2	1
CASSTGRNYGYTF	TRBV3-1	TRBJ1-2	1
CASSTGSEQYF	TRBV7-9	TRBJ2-7	1
CASSTGSETDTQYF	TRBV5-5	TRBJ2-3	1
CASSTGSGNQPQHF	TRBV9	TRBJ1-5	1
CASSTGSPNNEQFF	TRBV27	TRBJ2-1	1
CASSTGSSSSYEQYF	TRBV5-5	TRBJ2-7	1
CASSTGSSYEQYF	TRBV11-2	TRBJ2-7	1
CASSTGSYEQYF	TRBV12-3	TRBJ2-7	1
CASSTGSYGYTF	TRBV19	TRBJ1-2	3
CASSTGTAGKLFF	TRBV7-6	TRBJ1-4	1
CASSTGTAHSNQPQHF	TRBV12-3	TRBJ1-5	1
CASSTGTATNEKLFF	TRBV19	TRBJ1-4	3
CASSTGTAYGYTF	TRBV12-3	TRBJ1-2	1
CASSTGTDEQYF	TRBV6-6	TRBJ2-7	1
CASSTGTEAFF	TRBV27	TRBJ1-1	1
CASSTGTEEGTDTQYF	TRBV5-1	TRBJ2-3	1
CASSTGTEISNQPQHF	TRBV2	TRBJ1-5	1
CASSTGTEIYGYTF	TRBV9	TRBJ1-2	1
CASSTGTESDETQYF	TRBV9	TRBJ2-5	1
CASSTGTGANEQFF	TRBV5-1	TRBJ2-1	1
CASSTGTGAYEQYF	TRBV19	TRBJ2-7	1
CASSTGTGGDGYTF	TRBV6-3	TRBJ1-2	1
CASSTGTGGDGYTF	TRBV6-4	TRBJ1-2	1
CASSTGTGGDYGYTF	TRBV9	TRBJ1-2	1
CASSTGTGGSYEQYF	TRBV5-1	TRBJ2-7	1
CASSTGTGHTDTQYF	TRBV6-5	TRBJ2-3	1
CASSTGTGNEQYF	TRBV27	TRBJ2-7	1
CASSTGTGSYEQYF	TRBV4-3	TRBJ2-7	1
CASSTGTGTYEQYF	TRBV13	TRBJ2-7	1
CASSTGTGTYEQYF	TRBV4-1	TRBJ2-7	1
CASSTGTGVYGYTF	TRBV27	TRBJ1-2	1
CASSTGTGVYNEQFF	TRBV6-6	TRBJ2-1	1
CASSTGTLYEQYF	TRBV25-1	TRBJ2-7	1
CASSTGTLYGYTF	TRBV19	TRBJ1-2	10
CASSTGTPIRHF	TRBV19	TRBJ1-5	1
CASSTGTSGDTQYF	TRBV27	TRBJ2-3	1
CASSTGTSGRGDEQFF	TRBV5-1	TRBJ2-1	1
CASSTGTSGSPQETQYF	TRBV13	TRBJ2-5	1
CASSTGTTSTDTQYF	TRBV7-7	TRBJ2-3	1
CASSTGTTYNEQFF	TRBV2	TRBJ2-1	1
CASSTGTYGYTF	TRBV21-1	TRBJ1-2	1
CASSTGTYYNEQFF	TRBV2	TRBJ2-1	1
CASSTGVGYNEQFF	TRBV19	TRBJ2-1	1
CASSTGVNTEAFF	TRBV19	TRBJ1-1	1
CASSTGVVYEQYF	TRBV7-9	TRBJ2-7	1
CASSTGVYGYTF	TRBV19	TRBJ1-2	4
CASSTGWRAPYNEQFF	TRBV7-8	TRBJ2-1	1
CASSTGYLTGGTEAFF	TRBV5-4	TRBJ1-1	2
CASSTGYYGYTF	TRBV19	TRBJ1-2	1
CASSTHGADEQYF	TRBV19	TRBJ2-7	1
CASSTHGSYGYTF	TRBV14	TRBJ1-2	1
CASSTHLLAGVLNEQFF	TRBV28	TRBJ2-1	1
CASSTHMDGDNEQFF	TRBV7-3	TRBJ2-1	1
CASSTHNGIYF	TRBV19	TRBJ1-3	1
CASSTHRLGTSGGPPDTQYF	TRBV7-9	TRBJ2-3	1
CASSTHRSDTGELFF	TRBV3-1	TRBJ2-2	1
CASSTHSGQETQYF	TRBV7-2	TRBJ2-5	1
CASSTHYEQYF	TRBV13	TRBJ2-7	1
CASSTIAGGETQYF	TRBV7-9	TRBJ2-5	1
CASSTIAQVPEKGANVLTF	TRBV27	TRBJ2-6	1
CASSTIASGGKETQYF	TRBV19	TRBJ2-5	1
CASSTIDGSGGAPGNEQFF	TRBV19	TRBJ2-1	1
CASSTIKSGAISYGYTF	TRBV28	TRBJ1-2	1
CASSTINEQFF	TRBV2	TRBJ2-1	1
CASSTIPGTSTDTQYF	TRBV27	TRBJ2-3	1
CASSTIPVSGRVDDLRYNEQFF	TRBV9	TRBJ2-1	1
CASSTIRDSLSGANVLTF	TRBV6-3	TRBJ2-6	1
CASSTISGSYNEQFF	TRBV28	TRBJ2-1	1
CASSTITGSNYGYTF	TRBV7-9	TRBJ1-2	1
CASSTKAGEYADTQYF	TRBV9	TRBJ2-3	1
CASSTKGGGQPQHF	TRBV19	TRBJ1-5	1
CASSTKGQGRVQYF	TRBV28	TRBJ2-7	1
CASSTKGVRSAGVTDTQYF	TRBV10-2	TRBJ2-3	1
CASSTKQGWASPLHF	TRBV27	TRBJ1-6	1
CASSTKTAGVSGNTIYF	TRBV7-9	TRBJ1-3	1
CASSTLAGEPNEQFF	TRBV5-1	TRBJ2-1	1
CASSTLAGGQETQYF	TRBV6-6	TRBJ2-5	1
CASSTLAGGRGGELFF	TRBV7-3	TRBJ2-2	1
CASSTLAGVHNEQFF	TRBV7-8	TRBJ2-1	1
CASSTLDRDHTGELFF	TRBV27	TRBJ2-2	1
CASSTLDSADTQYF	TRBV6-3	TRBJ2-3	1
CASSTLDTDTQYF	TRBV6-3	TRBJ2-3	1
CASSTLGAGGYNEQFF	TRBV27	TRBJ2-1	1
CASSTLGDSPLHF	TRBV6-5	TRBJ1-6	1
CASSTLGLAGGETQYF	TRBV5-4	TRBJ2-5	1
CASSTLGQGGELFF	TRBV25-1	TRBJ2-2	1
CASSTLGSGELFF	TRBV6-5	TRBJ2-2	1
CASSTLPGLHASVLTF	TRBV21-1	TRBJ2-6	1
CASSTLPYLTSGGGHTGELFF	TRBV11-2	TRBJ2-2	1
CASSTLRDYATNEKLFF	TRBV5-6	TRBJ1-4	1
CASSTLRISLDYEQYF	TRBV28	TRBJ2-7	1
CASSTLSGAEQYF	TRBV6-5	TRBJ2-7	1
CASSTLSGLPYGYTF	TRBV19	TRBJ1-2	1
CASSTLSGTATAYEQYF	TRBV18	TRBJ2-7	1
CASSTLTSGSRSYEQYF	TRBV6-5	TRBJ2-7	1
CASSTLVGQGYITGELFF	TRBV7-6	TRBJ2-2	1
CASSTLYNTGELFF	TRBV19	TRBJ2-2	1
CASSTLYSGADSNQPQHF	TRBV19	TRBJ1-5	1
CASSTMDAANEKLFF	TRBV5-1	TRBJ1-4	1
CASSTMGVVGAYNEQFF	TRBV19	TRBJ2-1	1
CASSTMTGSTGELFF	TRBV19	TRBJ2-2	1
CASSTNLAGRPNTGELFF	TRBV7-9	TRBJ2-2	1
CASSTNNRVGYGYTF	TRBV28	TRBJ1-2	1
CASSTNPTSGTSTDTQYF	TRBV7-3	TRBJ2-3	1
CASSTNPYEQYF	TRBV9	TRBJ2-7	1
CASSTNRNTEAFF	TRBV12-4	TRBJ1-1	1
CASSTNTEAFF	TRBV19	TRBJ1-1	1
CASSTPDRGARETQYF	TRBV2	TRBJ2-5	1
CASSTPDSRETQYF	TRBV12-4	TRBJ2-5	1
CASSTPEDRDQDTQYF	TRBV12-4	TRBJ2-3	1
CASSTPEGGWSDTGELFF	TRBV6-3	TRBJ2-2	1
CASSTPGAQETQYF	TRBV9	TRBJ2-5	1
CASSTPGFTEAFF	TRBV19	TRBJ1-1	1
CASSTPGGASYNEQFF	TRBV7-9	TRBJ2-1	1
CASSTPGGGNEQFF	TRBV19	TRBJ2-1	1
CASSTPGGRPYEQYF	TRBV19	TRBJ2-7	1
CASSTPGGTTGELFF	TRBV5-4	TRBJ2-2	1
CASSTPGKGYTF	TRBV2	TRBJ1-2	1
CASSTPGLAGDTGELFF	TRBV6-5	TRBJ2-2	1
CASSTPGLAGIYNEQFF	TRBV6-3	TRBJ2-1	1
CASSTPGLAYNEQFF	TRBV9	TRBJ2-1	1
CASSTPGNEQFF	TRBV12-4	TRBJ2-1	1
CASSTPGPEAFF	TRBV19	TRBJ1-1	1
CASSTPGQGLEQYF	TRBV9	TRBJ2-7	1
CASSTPGQGLVSGELFF	TRBV25-1	TRBJ2-2	1
CASSTPGQGPNYGYTF	TRBV7-9	TRBJ1-2	1
CASSTPGQGPPGYTF	TRBV7-8	TRBJ1-2	1
CASSTPGQGQETQYF	TRBV12-4	TRBJ2-5	1
CASSTPGQINEKLFF	TRBV12-3	TRBJ1-4	1
CASSTPGRALYEQYF	TRBV7-9	TRBJ2-7	1
CASSTPGRRNIQYF	TRBV6-3	TRBJ2-4	1
CASSTPGSGEQYF	TRBV28	TRBJ2-7	1
CASSTPGSVNGYTF	TRBV6-5	TRBJ1-2	1
CASSTPGTGGARSRGYTF	TRBV9	TRBJ1-2	1
CASSTPGTGGEGSTEAFF	TRBV9	TRBJ1-1	1
CASSTPGTGGKDTQYF	TRBV2	TRBJ2-3	1
CASSTPGTHPLGYTF	TRBV5-6	TRBJ1-2	1
CASSTPKDRAGNTIYF	TRBV7-2	TRBJ1-3	1
CASSTPLDREFF	TRBV12-4	TRBJ2-1	1
CASSTPLPDSNQPQHF	TRBV19	TRBJ1-5	1
CASSTPMTGGTEAFF	TRBV4-1	TRBJ1-1	1
CASSTPPGQDVASQQYF	TRBV28	TRBJ2-7	1
CASSTPPYRSIREETQYF	TRBV28	TRBJ2-5	1
CASSTPRGGYTF	TRBV6-3	TRBJ1-2	1
CASSTPRTGFLDSPLHF	TRBV9	TRBJ1-6	1
CASSTPRVLASSFDEQFF	TRBV2	TRBJ2-1	1
CASSTPSGPYNEQFF	TRBV6-5	TRBJ2-1	1
CASSTPSGTGGEKLFF	TRBV4-3	TRBJ1-4	1
CASSTPSYEQYF	TRBV25-1	TRBJ2-7	1
CASSTPTGDGELFF	TRBV27	TRBJ2-2	1
CASSTPTGTTDTQYF	TRBV7-2	TRBJ2-3	1
CASSTPTNEKLFF	TRBV4-3	TRBJ1-4	1
CASSTPTSGKYNEQFF	TRBV19	TRBJ2-1	1
CASSTPWEGDQETQYF	TRBV6-3	TRBJ2-5	1
CASSTPWGAGAGELFF	TRBV9	TRBJ2-2	1
CASSTPWGGGDEQYF	TRBV19	TRBJ2-7	1
CASSTPYEQYF	TRBV7-2	TRBJ2-7	1
CASSTQDSNQPQHF	TRBV4-1	TRBJ1-5	1
CASSTQGAEQYF	TRBV3-1	TRBJ2-7	1
CASSTQGDSSYEQYF	TRBV6-1	TRBJ2-7	5
CASSTQGDSYGYTF	TRBV9	TRBJ1-2	1
CASSTQGEPLHF	TRBV28	TRBJ1-6	1
CASSTQGGGTNEKLFF	TRBV12-4	TRBJ1-4	1
CASSTQGGPNTEAFF	TRBV13	TRBJ1-1	1
CASSTQGHTSGNTIYF	TRBV7-3	TRBJ1-3	1
CASSTQGNTEAFF	TRBV6-3	TRBJ1-1	1
CASSTQGRNTEAFF	TRBV6-3	TRBJ1-1	1
CASSTQGSSYEQYF	TRBV6-5	TRBJ2-7	1
CASSTQLATSTDTQYF	TRBV7-9	TRBJ2-3	1
CASSTQNTSGNTQETQYF	TRBV7-2	TRBJ2-5	1
CASSTQPGTGIGGDTGELFF	TRBV6-5	TRBJ2-2	1
CASSTQRIVTNTGELFF	TRBV5-1	TRBJ2-2	1
CASSTQTGSNTGELFF	TRBV27	TRBJ2-2	1
CASSTQTGVDKNIQYF	TRBV9	TRBJ2-4	2
CASSTQVGYEQYF	TRBV19	TRBJ2-7	1
CASSTRAAYEQYF	TRBV19	TRBJ2-7	16
CASSTRAETEKLFF	TRBV5-4	TRBJ1-4	1
CASSTRAGGVGQFF	TRBV19	TRBJ2-1	13
CASSTRASEGQYF	TRBV19	TRBJ2-7	1
CASSTRATGELFF	TRBV19	TRBJ2-2	37
CASSTRDGKETQYF	TRBV27	TRBJ2-5	1
CASSTRDRGEEKLFF	TRBV12-4	TRBJ1-4	1
CASSTRDRGLTDTQYF	TRBV28	TRBJ2-3	1
CASSTRDRGQYTEAFF	TRBV13	TRBJ1-1	1
CASSTRDRGSYEQYF	TRBV12-4	TRBJ2-7	1
CASSTRDRGWTSGYNEQFF	TRBV14	TRBJ2-1	1
CASSTRDRQGLPYEQYF	TRBV5-6	TRBJ2-7	1
CASSTRDSNQPQHF	TRBV6-5	TRBJ1-5	1
CASSTRDSQETQYF	TRBV9	TRBJ2-5	1
CASSTRDTFTDTQYF	TRBV21-1	TRBJ2-3	1
CASSTRGAPSTDTQYF	TRBV13	TRBJ2-3	1
CASSTRGLAGVYNEQFF	TRBV5-1	TRBJ2-1	1
CASSTRGNYGYTF	TRBV19	TRBJ1-2	1
CASSTRGQAPSIFYEQYF	TRBV19	TRBJ2-7	1
CASSTRGTDTSTDTQYF	TRBV9	TRBJ2-3	1
CASSTRKETGYYGYTF	TRBV7-9	TRBJ1-2	1
CASSTRLAGGLPNNEQFF	TRBV19	TRBJ2-1	1
CASSTRLGEQFF	TRBV11-2	TRBJ2-1	1
CASSTRLVAGGPDTQYF	TRBV6-6	TRBJ2-3	1
CASSTRLYGYTF	TRBV19	TRBJ1-2	1
CASSTRNIQETQYF	TRBV7-2	TRBJ2-5	1
CASSTRPGQGGYEASTEAFF	TRBV6-3	TRBJ1-1	1
CASSTRQDGSYNEQFF	TRBV4-1	TRBJ2-1	1
CASSTRQDLQETQYF	TRBV7-2	TRBJ2-5	1
CASSTRQEHTEAFF	TRBV7-9	TRBJ1-1	1
CASSTRQGISEQYF	TRBV19	TRBJ2-7	1
CASSTRQGPGNTIYF	TRBV28	TRBJ1-3	1
CASSTRRIAPWTDTQYF	TRBV6-5	TRBJ2-3	1
CASSTRRTALTF	TRBV7-9	TRBJ1-2	1
CASSTRSAYEQYF	TRBV19	TRBJ2-7	15
CASSTRSDSPLHF	TRBV19	TRBJ1-6	1
CASSTRSGTEAFF	TRBV19	TRBJ1-1	1
CASSTRSGWEQYF	TRBV19	TRBJ2-7	6
CASSTRSGYEQYF	TRBV19	TRBJ2-7	3
CASSTRSLAEKLFF	TRBV4-3	TRBJ1-4	2
CASSTRSQETQYF	TRBV19	TRBJ2-5	1
CASSTRSSYEQYF	TRBV19	TRBJ2-7	21
CASSTRSTDTQYF	TRBV19	TRBJ2-3	1
CASSTRSTGELFF	TRBV19	TRBJ2-2	2
CASSTRTDTQYF	TRBV9	TRBJ2-3	1
CASSTRTEAFF	TRBV27	TRBJ1-1	1
CASSTRTENTEAFF	TRBV11-2	TRBJ1-1	1
CASSTRTGGHGYTF	TRBV18	TRBJ1-2	1
CASSTRTGGYGYTF	TRBV6-3	TRBJ1-2	1
CASSTRTGRALNEQFF	TRBV13	TRBJ2-1	1
CASSTRTSGGAPETQYF	TRBV9	TRBJ2-5	1
CASSTRTSGSNEQFF	TRBV7-8	TRBJ2-1	1
CASSTRVINNYGYTF	TRBV2	TRBJ1-2	1
CASSTRVPSSYNSPLHF	TRBV4-1	TRBJ1-6	1
CASSTSAGQGINEQFF	TRBV13	TRBJ2-1	1
CASSTSDEQFF	TRBV13	TRBJ2-1	1
CASSTSDEQFF	TRBV7-9	TRBJ2-1	1
CASSTSDRDYEQYF	TRBV18	TRBJ2-7	1
CASSTSDYGYTF	TRBV9	TRBJ1-2	1
CASSTSEGAETFF	TRBV5-1	TRBJ1-1	1
CASSTSEGNEKLFF	TRBV6-5	TRBJ1-4	1
CASSTSGAGSYEQYF	TRBV4-1	TRBJ2-7	1
CASSTSGANQPQHF	TRBV19	TRBJ1-5	1
CASSTSGGGEQFF	TRBV12-3	TRBJ2-1	1
CASSTSGGTYEQYF	TRBV19	TRBJ2-7	1
CASSTSGGVDEQYF	TRBV9	TRBJ2-7	1
CASSTSGGWYEQYF	TRBV9	TRBJ2-7	1
CASSTSGLAGLNEQFF	TRBV6-3	TRBJ2-1	1
CASSTSGNMAYGYTF	TRBV25-1	TRBJ1-2	1
CASSTSGNTGELFF	TRBV7-2	TRBJ2-2	1
CASSTSGRALEQYF	TRBV4-3	TRBJ2-7	1
CASSTSGRGSSYEQYF	TRBV13	TRBJ2-7	1
CASSTSGRQTDTQYF	TRBV7-9	TRBJ2-3	1
CASSTSGRYNEQFF	TRBV2	TRBJ2-1	1
CASSTSGSVGTGELFF	TRBV19	TRBJ2-2	1
CASSTSGTANNSPLHF	TRBV5-1	TRBJ1-6	1
CASSTSGVLYEQYF	TRBV5-6	TRBJ2-7	1
CASSTSGYSSYNEQFF	TRBV9	TRBJ2-1	1
CASSTSHEQYF	TRBV11-2	TRBJ2-7	1
CASSTSHVGTEAFF	TRBV6-1	TRBJ1-1	1
CASSTSLSLDILKEQYF	TRBV19	TRBJ2-7	1
CASSTSLYSNQPQHF	TRBV19	TRBJ1-5	1
CASSTSMNTEAFF	TRBV5-1	TRBJ1-1	1
CASSTSNEQPQHF	TRBV19	TRBJ1-5	2
CASSTSPRESYGYTF	TRBV11-2	TRBJ1-2	1
CASSTSPRGLGTEAFF	TRBV27	TRBJ1-1	1
CASSTSQGLLYGYTF	TRBV27	TRBJ1-2	1
CASSTSRDTYEQYF	TRBV12-3	TRBJ2-7	1
CASSTSRGDTEAFF	TRBV4-1	TRBJ1-1	1
CASSTSRGVENTEAFF	TRBV6-3	TRBJ1-1	1
CASSTSRQGPHYGYTF	TRBV19	TRBJ1-2	1
CASSTSSGRPDEQFF	TRBV27	TRBJ2-1	1
CASSTSSLGNNEQFF	TRBV12-4	TRBJ2-1	1
CASSTSSYEQYF	TRBV27	TRBJ2-7	1
CASSTSSYEQYF	TRBV7-9	TRBJ2-7	1
CASSTSSYNEQFF	TRBV27	TRBJ2-1	1
CASSTSTGELFF	TRBV9	TRBJ2-2	1
CASSTSTGTGYGYTF	TRBV4-1	TRBJ1-2	6
CASSTSYNEQFF	TRBV28	TRBJ2-1	1
CASSTTAGDTEAFF	TRBV6-6	TRBJ1-1	126
CASSTTALAGGHISTDTQYF	TRBV7-9	TRBJ2-3	1
CASSTTATNTGELFF	TRBV6-1	TRBJ2-2	1
CASSTTEETQYF	TRBV7-2	TRBJ2-5	1
CASSTTGARDEQFF	TRBV5-4	TRBJ2-1	1
CASSTTGDEQYF	TRBV4-1	TRBJ2-7	1
CASSTTGFSYNEQFF	TRBV7-9	TRBJ2-1	1
CASSTTGGADTQYF	TRBV7-6	TRBJ2-3	1
CASSTTGGIFEQYF	TRBV19	TRBJ2-7	1
CASSTTGGKDTQYF	TRBV19	TRBJ2-3	1
CASSTTGGLETQYF	TRBV12-3	TRBJ2-5	1
CASSTTGGSTEAFF	TRBV5-1	TRBJ1-1	1
CASSTTGIGAFF	TRBV19	TRBJ1-1	1
CASSTTGPQTPLHF	TRBV11-2	TRBJ1-6	2
CASSTTGQGLSEQYF	TRBV27	TRBJ2-7	1
CASSTTGQVTEAFF	TRBV19	TRBJ1-1	1
CASSTTGTPGNTIYF	TRBV19	TRBJ1-3	1
CASSTTGTSGDEQFF	TRBV7-8	TRBJ2-1	1
CASSTTGTSGLEQFF	TRBV13	TRBJ2-1	1
CASSTTGTSPEQFF	TRBV19	TRBJ2-1	1
CASSTTGWTEAFF	TRBV7-9	TRBJ1-1	1
CASSTTLGPGRNTQYF	TRBV19	TRBJ2-3	1
CASSTTLNNEQFF	TRBV19	TRBJ2-1	1
CASSTTLTSTGELFF	TRBV28	TRBJ2-2	1
CASSTTPGPVEQYF	TRBV7-8	TRBJ2-7	1
CASSTTQGIYEQYF	TRBV27	TRBJ2-7	1
CASSTTRAPNQPQHF	TRBV4-3	TRBJ1-5	1
CASSTTRNTEAFF	TRBV7-2	TRBJ1-1	1
CASSTTRQGMDYEQYF	TRBV19	TRBJ2-7	1
CASSTTRRRGGRGDTQYF	TRBV7-9	TRBJ2-3	1
CASSTTRSKGTQYF	TRBV27	TRBJ2-5	1
CASSTTRTGDNEQYF	TRBV27	TRBJ2-7	1
CASSTTRTGELFF	TRBV19	TRBJ2-2	1
CASSTTSGPYNEQFF	TRBV12-4	TRBJ2-1	1
CASSTTSGSLKQFF	TRBV6-5	TRBJ2-1	1
CASSTTSPAKQGWADTQYF	TRBV19	TRBJ2-3	1
CASSTTSSHEQYF	TRBV27	TRBJ2-7	1
CASSTTTSEVLGTQYF	TRBV18	TRBJ2-3	1
CASSTTVNTEAFF	TRBV28	TRBJ1-1	1
CASSTTVNTEAFF	TRBV6-6	TRBJ1-1	3
CASSTTYRGVGEKLFF	TRBV7-2	TRBJ1-4	1
CASSTVAGNTYYEQYF	TRBV11-2	TRBJ2-7	1
CASSTVDGQPQHF	TRBV9	TRBJ1-5	1
CASSTVDRDTEAFF	TRBV7-9	TRBJ1-1	1
CASSTVDRGLGNTEAFF	TRBV7-9	TRBJ1-1	1
CASSTVGEGGAGELFF	TRBV4-3	TRBJ2-2	1
CASSTVGGWDEQYF	TRBV27	TRBJ2-7	1
CASSTVNTEAFF	TRBV19	TRBJ1-1	1
CASSTVRDRDYNEQFF	TRBV6-3	TRBJ2-1	1
CASSTVRRNGPANTEAFF	TRBV6-3	TRBJ1-1	1
CASSTVTGGDWDTQYF	TRBV5-6	TRBJ2-3	1
CASSTWDRGETQYF	TRBV19	TRBJ2-5	1
CASSTWETGTDTQYF	TRBV7-9	TRBJ2-3	1
CASSTWGLSTGELFF	TRBV19	TRBJ2-2	1
CASSTWGSGGADTQYF	TRBV9	TRBJ2-3	1
CASSTWLRRTGGINTEAFF	TRBV7-2	TRBJ1-1	1
CASSTWRTTDTQYF	TRBV5-8	TRBJ2-3	1
CASSTWTDPNYGYTF	TRBV27	TRBJ1-2	1
CASSTWTGDTGELFF	TRBV19	TRBJ2-2	1
CASSTWTGGYEQYF	TRBV4-2	TRBJ2-7	1
CASSTWTGLSYEQYF	TRBV27	TRBJ2-7	1
CASSTYASGAISYEQYF	TRBV6-5	TRBJ2-7	1
CASSTYDRGQETQYF	TRBV7-9	TRBJ2-5	1
CASSTYHPQVYDEKLFF	TRBV19	TRBJ1-4	1
CASSTYNEQFF	TRBV28	TRBJ2-1	1
CASSTYPDVANTEAFF	TRBV6-5	TRBJ1-1	1
CASSTYRGGGPQHF	TRBV27	TRBJ1-5	1
CASSTYSIDTQYF	TRBV19	TRBJ2-3	1
CASSTYTEFFF	TRBV7-9	TRBJ2-3	1
CASSTYVGTDTQYF	TRBV6-1	TRBJ2-3	1
CASSVAADTQYF	TRBV9	TRBJ2-3	1
CASSVAAGDQPQHF	TRBV9	TRBJ1-5	1
CASSVAAGNTGELFF	TRBV9	TRBJ2-2	3
CASSVAASGSYEQYF	TRBV9	TRBJ2-7	1
CASSVADNQPQHF	TRBV9	TRBJ1-5	2
CASSVADSGYEQYF	TRBV9	TRBJ2-7	1
CASSVAEGRETQYF	TRBV9	TRBJ2-5	2
CASSVAERNYGYTF	TRBV9	TRBJ1-2	1
CASSVAETGGYNEQFF	TRBV9	TRBJ2-1	1
CASSVAFGTEAFF	TRBV9	TRBJ1-1	1
CASSVAGAEKLFF	TRBV9	TRBJ1-4	1
CASSVAGAGVADTQYF	TRBV9	TRBJ2-3	1
CASSVAGANTGELFF	TRBV9	TRBJ2-2	1
CASSVAGANVLTF	TRBV12-4	TRBJ2-6	1
CASSVAGAQETQYF	TRBV9	TRBJ2-5	2
CASSVAGDTQYF	TRBV9	TRBJ2-3	2
CASSVAGDTYEQYF	TRBV9	TRBJ2-7	1
CASSVAGDVSETQYF	TRBV9	TRBJ2-5	1
CASSVAGELFF	TRBV9	TRBJ2-2	1
CASSVAGEQFF	TRBV9	TRBJ2-1	1
CASSVAGFDEQYF	TRBV9	TRBJ2-7	1
CASSVAGGAGDTQYF	TRBV9	TRBJ2-3	1
CASSVAGGANSPLHF	TRBV9	TRBJ1-6	1
CASSVAGGEDTQYF	TRBV9	TRBJ2-3	1
CASSVAGGGKYNEQFF	TRBV9	TRBJ2-1	1
CASSVAGGGRYNEQFF	TRBV9	TRBJ2-1	1
CASSVAGGIGNEQFF	TRBV9	TRBJ2-1	1
CASSVAGGNNEQFF	TRBV9	TRBJ2-1	1
CASSVAGGRDNEQFF	TRBV9	TRBJ2-1	1
CASSVAGGSYEQYF	TRBV9	TRBJ2-7	1
CASSVAGGSYGYTF	TRBV18	TRBJ1-2	1
CASSVAGGTDRGPYNEQFF	TRBV9	TRBJ2-1	1
CASSVAGGVGDTQYF	TRBV9	TRBJ2-3	1
CASSVAGGVQFF	TRBV9	TRBJ2-1	1
CASSVAGGWTEAFF	TRBV9	TRBJ1-1	1
CASSVAGGYGYTF	TRBV9	TRBJ1-2	1
CASSVAGISETQYF	TRBV27	TRBJ2-5	1
CASSVAGLRDEQFF	TRBV9	TRBJ2-1	1
CASSVAGNQPQHF	TRBV9	TRBJ1-5	1
CASSVAGQDTDTQYF	TRBV9	TRBJ2-3	1
CASSVAGQGVNEQYF	TRBV9	TRBJ2-7	1
CASSVAGQRSYEQYF	TRBV25-1	TRBJ2-7	1
CASSVAGRGGNEQYF	TRBV9	TRBJ2-7	1
CASSVAGRGPQHF	TRBV9	TRBJ1-5	1
CASSVAGRYEQYF	TRBV10-2	TRBJ2-7	1
CASSVAGSIYEQYF	TRBV6-5	TRBJ2-7	1
CASSVAGSSTDTQYF	TRBV9	TRBJ2-3	1
CASSVAGSSYEQYF	TRBV9	TRBJ2-7	2
CASSVAGTDEETQYF	TRBV9	TRBJ2-5	1
CASSVAGTEAFF	TRBV9	TRBJ1-1	1
CASSVAGTGNEKLFF	TRBV9	TRBJ1-4	1
CASSVAGTGSGGTQYF	TRBV19	TRBJ2-5	1
CASSVAGTGVYGYTF	TRBV9	TRBJ1-2	1
CASSVAGTNPTDTQYF	TRBV9	TRBJ2-3	1
CASSVAGTSGYEQYF	TRBV9	TRBJ2-7	1
CASSVAGTTDTQYF	TRBV9	TRBJ2-3	1
CASSVAGTVHNEQFF	TRBV9	TRBJ2-1	1
CASSVAGVFYEQYF	TRBV27	TRBJ2-7	1
CASSVAGVGPYEQYF	TRBV7-8	TRBJ2-7	1
CASSVAHLINEQFF	TRBV9	TRBJ2-1	1
CASSVAIGPYEQYF	TRBV9	TRBJ2-7	1
CASSVALGANYGYTF	TRBV9	TRBJ1-2	1
CASSVALGNSPLHF	TRBV9	TRBJ1-6	1
CASSVALSINEQFF	TRBV9	TRBJ2-1	1
CASSVANTGELFF	TRBV9	TRBJ2-2	1
CASSVANTQYF	TRBV9	TRBJ2-3	1
CASSVAPAGGSSYNEQFF	TRBV9	TRBJ2-1	1
CASSVAPDGVYEQYF	TRBV9	TRBJ2-7	1
CASSVAPDTQYF	TRBV9	TRBJ2-3	1
CASSVAPGEYEQYF	TRBV9	TRBJ2-7	1
CASSVAPGLAYEQYF	TRBV9	TRBJ2-7	1
CASSVAPLDAYYEQYF	TRBV9	TRBJ2-7	1
CASSVAPLQRGLGGYTF	TRBV9	TRBJ1-2	1
CASSVAPRSGRNTGELFF	TRBV9	TRBJ2-2	1
CASSVAPSEARNTGELFF	TRBV9	TRBJ2-2	1
CASSVAQGGPVNTIYF	TRBV9	TRBJ1-3	1
CASSVAQTSALYEQYF	TRBV9	TRBJ2-7	1
CASSVARDRANTEAFF	TRBV9	TRBJ1-1	1
CASSVARGYTQYF	TRBV9	TRBJ2-3	1
CASSVARSGLYYEQFF	TRBV9	TRBJ2-1	1
CASSVARSSYEQYF	TRBV9	TRBJ2-7	1
CASSVARTGNYGYTF	TRBV9	TRBJ1-2	1
CASSVARTSNEQYF	TRBV9	TRBJ2-7	1
CASSVASDLRTDTQYF	TRBV9	TRBJ2-3	1
CASSVASGEVYEQYF	TRBV9	TRBJ2-7	1
CASSVASGGAGNEQFF	TRBV9	TRBJ2-1	1
CASSVASGGAITDTQYF	TRBV9	TRBJ2-3	1
CASSVASGGAMNGELFF	TRBV9	TRBJ2-2	1
CASSVASGGYTGELFF	TRBV9	TRBJ2-2	1
CASSVASGQEEYF	TRBV9	TRBJ2-3	1
CASSVASGSYEQYF	TRBV9	TRBJ2-7	1
CASSVASGTNEKLFF	TRBV9	TRBJ1-4	1
CASSVASNQPQHF	TRBV9	TRBJ1-5	15
CASSVASSGYEQYF	TRBV9	TRBJ2-7	1
CASSVASSYNEQFF	TRBV9	TRBJ2-1	1
CASSVATAGPMNTEAFF	TRBV9	TRBJ1-1	1
CASSVATDHTEAFF	TRBV9	TRBJ1-1	1
CASSVATGEKLFF	TRBV9	TRBJ1-4	1
CASSVATGGADGELFF	TRBV9	TRBJ2-2	1
CASSVATGGGNIQYF	TRBV9	TRBJ2-4	1
CASSVATGTDTQYF	TRBV9	TRBJ2-3	1
CASSVATRDSPLHF	TRBV9	TRBJ1-6	1
CASSVATSTDTQYF	TRBV9	TRBJ2-3	1
CASSVATSYETQYF	TRBV9	TRBJ2-5	1
CASSVATTSGSSETQYF	TRBV9	TRBJ2-5	1
CASSVATTSYEQYF	TRBV9	TRBJ2-7	1
CASSVATWSEQFF	TRBV9	TRBJ2-1	1
CASSVAVAPDTQYF	TRBV9	TRBJ2-3	1
CASSVAVGEHTQYF	TRBV9	TRBJ2-3	1
CASSVAVGGLVETQYF	TRBV9	TRBJ2-5	1
CASSVAVGTGSGANVLTF	TRBV9	TRBJ2-6	2
CASSVAVMGVNEQFF	TRBV9	TRBJ2-1	1
CASSVAVQREGPDTQYF	TRBV9	TRBJ2-3	1
CASSVAVSSYEQYF	TRBV9	TRBJ2-7	1
CASSVAVVGANTGELFF	TRBV9	TRBJ2-2	1
CASSVAWGGHYEQYF	TRBV9	TRBJ2-7	1
CASSVAWGPQETQYF	TRBV9	TRBJ2-5	1
CASSVAWNYNEQFF	TRBV9	TRBJ2-1	1
CASSVAYYLGENTGELFF	TRBV9	TRBJ2-2	1
CASSVDAGGGTEAFF	TRBV9	TRBJ1-1	1
CASSVDAGGNHEQYF	TRBV9	TRBJ2-7	1
CASSVDAGTGNIQYF	TRBV7-2	TRBJ2-4	1
CASSVDALSSYEQYF	TRBV9	TRBJ2-7	1
CASSVDASGDYEQYF	TRBV9	TRBJ2-7	1
CASSVDDGAGNTIYF	TRBV9	TRBJ1-3	1
CASSVDDGNQPQHF	TRBV9	TRBJ1-5	1
CASSVDDSFYTGELFF	TRBV9	TRBJ2-2	1
CASSVDDTEAFF	TRBV9	TRBJ1-1	1
CASSVDDYGYTF	TRBV9	TRBJ1-2	1
CASSVDFETQYF	TRBV9	TRBJ2-5	1
CASSVDFGSGGGDTQYF	TRBV9	TRBJ2-3	1
CASSVDGAELFF	TRBV9	TRBJ2-2	1
CASSVDGAGYEQYF	TRBV9	TRBJ2-7	1
CASSVDGDTSTDTQYF	TRBV9	TRBJ2-3	29
CASSVDGEETQYF	TRBV9	TRBJ2-5	1
CASSVDGGAVYGYTF	TRBV9	TRBJ1-2	3
CASSVDGGDPPWELFF	TRBV9	TRBJ2-2	1
CASSVDGGQPQHF	TRBV9	TRBJ1-5	1
CASSVDGGTYNEQFF	TRBV9	TRBJ2-1	1
CASSVDGGYTF	TRBV9	TRBJ1-2	1
CASSVDGKTEQYF	TRBV9	TRBJ2-7	1
CASSVDGLAGDEQYF	TRBV9	TRBJ2-7	1
CASSVDGLATDTQYF	TRBV9	TRBJ2-3	1
CASSVDGLEQFF	TRBV9	TRBJ2-1	1
CASSVDGLRF	TRBV9	TRBJ1-4	1
CASSVDGREDYGYTF	TRBV9	TRBJ1-2	1
CASSVDGRGNYGYTF	TRBV9	TRBJ1-2	1
CASSVDGRVGNTIYF	TRBV9	TRBJ1-3	1
CASSVDGRYNEQFF	TRBV9	TRBJ2-1	1
CASSVDGSAGRQETQYF	TRBV9	TRBJ2-5	1
CASSVDGSQPQHF	TRBV9	TRBJ1-5	1
CASSVDGSSYGYTF	TRBV9	TRBJ1-2	1
CASSVDGTLNTEAFF	TRBV9	TRBJ1-1	1
CASSVDGTLVDTQYF	TRBV28	TRBJ2-3	1
CASSVDGTNEQFF	TRBV9	TRBJ2-1	1
CASSVDGTRPQHF	TRBV9	TRBJ1-5	1
CASSVDGVIPDTQYF	TRBV10-2	TRBJ2-3	1
CASSVDGVTDTQYF	TRBV9	TRBJ2-3	1
CASSVDGVTNQPQHF	TRBV9	TRBJ1-5	1
CASSVDLGGETQYF	TRBV9	TRBJ2-5	1
CASSVDLLGNTEAFF	TRBV9	TRBJ1-1	1
CASSVDLSGIYNEQFF	TRBV9	TRBJ2-1	1
CASSVDLTSGTTGELFF	TRBV9	TRBJ2-2	1
CASSVDLYEEGPYNEQFF	TRBV9	TRBJ2-1	1
CASSVDNEQFF	TRBV9	TRBJ2-1	1
CASSVDNGATYEQYF	TRBV9	TRBJ2-7	1
CASSVDPAQETQYF	TRBV9	TRBJ2-5	3
CASSVDPGELFF	TRBV9	TRBJ2-2	1
CASSVDPGQPPYGYTF	TRBV9	TRBJ1-2	1
CASSVDPHEQFF	TRBV9	TRBJ2-1	1
CASSVDPLGSGANVLTF	TRBV9	TRBJ2-6	1
CASSVDPQAGRTLRAFF	TRBV9	TRBJ1-1	2
CASSVDPRTAGWETQYF	TRBV9	TRBJ2-5	1
CASSVDPTSGEGETQYF	TRBV9	TRBJ2-5	1
CASSVDRETGNTEAFF	TRBV9	TRBJ1-1	1
CASSVDRGASTF	TRBV28	TRBJ1-2	1
CASSVDRGDGELFF	TRBV9	TRBJ2-2	1
CASSVDRGGENTEAFF	TRBV9	TRBJ1-1	1
CASSVDRGGYTF	TRBV9	TRBJ1-2	1
CASSVDRGKLQETQYF	TRBV9	TRBJ2-5	1
CASSVDRGQTEAFF	TRBV6-3	TRBJ1-1	1
CASSVDRGRYGYTF	TRBV9	TRBJ1-2	1
CASSVDRGTYEQYF	TRBV18	TRBJ2-7	1
CASSVDRIVEQFF	TRBV9	TRBJ2-1	1
CASSVDRNTEAFF	TRBV7-6	TRBJ1-1	1
CASSVDSGAGTEAFF	TRBV9	TRBJ1-1	1
CASSVDSGSDYEQYF	TRBV9	TRBJ2-7	1
CASSVDSGSGYEQYF	TRBV9	TRBJ2-7	1
CASSVDSLDIQYF	TRBV9	TRBJ2-4	1
CASSVDSPGHEQYF	TRBV9	TRBJ2-7	1
CASSVDSRSKEPTYEQYF	TRBV9	TRBJ2-7	1
CASSVDSSLRAGYTF	TRBV9	TRBJ1-2	1
CASSVDSTSGRYEQYF	TRBV9	TRBJ2-7	1
CASSVDSVTNEQYF	TRBV9	TRBJ2-7	1
CASSVDSYGYTF	TRBV9	TRBJ1-2	1
CASSVDSYNSPLHF	TRBV9	TRBJ1-6	1
CASSVDSYSNQPQHF	TRBV7-8	TRBJ1-5	1
CASSVDSYSYEQYF	TRBV9	TRBJ2-7	1
CASSVDTAGDGYTF	TRBV9	TRBJ1-2	1
CASSVDTGGSYEQYF	TRBV9	TRBJ2-7	1
CASSVDTGLYGYTF	TRBV9	TRBJ1-2	1
CASSVDTYNEQFF	TRBV9	TRBJ2-1	1
CASSVDVAGGVYEQYF	TRBV9	TRBJ2-7	1
CASSVDVAYEQYF	TRBV9	TRBJ2-7	1
CASSVDVFTNNEQFF	TRBV9	TRBJ2-1	13
CASSVDVSPRTDGYTF	TRBV9	TRBJ1-2	1
CASSVDVSSGNTIYF	TRBV9	TRBJ1-3	1
CASSVDVTAFTDTQYF	TRBV9	TRBJ2-3	1
CASSVDVTDTQYF	TRBV9	TRBJ2-3	1
CASSVDWSGPGNTGELFF	TRBV9	TRBJ2-2	1
CASSVDYREDYGYTF	TRBV9	TRBJ1-2	1
CASSVEAGASSGNTIYF	TRBV9	TRBJ1-3	1
CASSVEAGLAPEQFF	TRBV9	TRBJ2-1	1
CASSVEAGPAYEQYF	TRBV9	TRBJ2-7	1
CASSVEAGPYEQYF	TRBV9	TRBJ2-7	1
CASSVEAGSLTEAFF	TRBV9	TRBJ1-1	1
CASSVEAGTYEQYF	TRBV9	TRBJ2-7	1
CASSVEASGERWLFF	TRBV9	TRBJ2-1	2
CASSVEASGTTDTQYF	TRBV9	TRBJ2-3	1
CASSVEDAEQFF	TRBV9	TRBJ2-1	1
CASSVEDLGGNEQFF	TRBV9	TRBJ2-1	1
CASSVEDRWGGYTF	TRBV5-1	TRBJ1-2	1
CASSVEEETQYF	TRBV9	TRBJ2-5	1
CASSVEEGGPTDTQYF	TRBV9	TRBJ2-3	3
CASSVEERGGGANEQFF	TRBV9	TRBJ2-1	1
CASSVEERGGYNEQFF	TRBV9	TRBJ2-1	1
CASSVEETGGRDEQFF	TRBV9	TRBJ2-1	1
CASSVEETQYF	TRBV5-1	TRBJ2-5	1
CASSVEGAGDTQYF	TRBV9	TRBJ2-3	1
CASSVEGAPSYNEQFF	TRBV9	TRBJ2-1	1
CASSVEGARAGLLTDTQYF	TRBV9	TRBJ2-3	1
CASSVEGARFSYEQYF	TRBV9	TRBJ2-7	1
CASSVEGASGNTIYF	TRBV9	TRBJ1-3	1
CASSVEGENEQFF	TRBV9	TRBJ2-1	1
CASSVEGESSYEQYF	TRBV9	TRBJ2-7	1
CASSVEGGDQETQYF	TRBV9	TRBJ2-5	1
CASSVEGGGTDTQYF	TRBV9	TRBJ2-3	1
CASSVEGGGVETPGHSTDTQYF	TRBV9	TRBJ2-3	1
CASSVEGGIYNEQFF	TRBV9	TRBJ2-1	1
CASSVEGGLGNTEAFF	TRBV9	TRBJ1-1	1
CASSVEGGNSPLHF	TRBV9	TRBJ1-6	1
CASSVEGGPSYEQYF	TRBV9	TRBJ2-7	1
CASSVEGGRYQETQYF	TRBV9	TRBJ2-5	1
CASSVEGGSDGLNYGYTF	TRBV9	TRBJ1-2	1
CASSVEGGSQYF	TRBV9	TRBJ2-5	1
CASSVEGGTGDDEQFF	TRBV9	TRBJ2-1	1
CASSVEGKGTDTQYF	TRBV9	TRBJ2-3	1
CASSVEGLAYEQYF	TRBV9	TRBJ2-7	1
CASSVEGLGTEAFF	TRBV9	TRBJ1-1	1
CASSVEGLKETQYF	TRBV9	TRBJ2-5	1
CASSVEGNDGYTF	TRBV9	TRBJ1-2	1
CASSVEGNEQFF	TRBV9	TRBJ2-1	1
CASSVEGQGAGNTIYF	TRBV9	TRBJ1-3	1
CASSVEGQGAISGELFF	TRBV9	TRBJ2-2	1
CASSVEGQGFHSPLHF	TRBV9	TRBJ1-6	1
CASSVEGQGLYYGYTF	TRBV9	TRBJ1-2	1
CASSVEGQGSNEQFF	TRBV9	TRBJ2-1	1
CASSVEGQVNTEAFF	TRBV9	TRBJ1-1	1
CASSVEGREKLFF	TRBV9	TRBJ1-4	1
CASSVEGRGGDEQYF	TRBV9	TRBJ2-7	1
CASSVEGRGTIYF	TRBV9	TRBJ1-3	1
CASSVEGRREAFF	TRBV9	TRBJ1-1	1
CASSVEGRTVGNTIYF	TRBV9	TRBJ1-3	1
CASSVEGSGRNNEQFF	TRBV9	TRBJ2-1	1
CASSVEGSGTEAFF	TRBV9	TRBJ1-1	1
CASSVEGSPSYNEQFF	TRBV9	TRBJ2-1	1
CASSVEGSTDTQYF	TRBV9	TRBJ2-3	1
CASSVEGSVYNEQFF	TRBV9	TRBJ2-1	1
CASSVEGTDTQYF	TRBV9	TRBJ2-3	1
CASSVEGTGDEQYF	TRBV9	TRBJ2-7	1
CASSVEGTGGYEQYF	TRBV5-6	TRBJ2-7	1
CASSVEGTGSEQYF	TRBV9	TRBJ2-7	1
CASSVEGTGVSYEQYF	TRBV9	TRBJ2-7	1
CASSVEGTSGYEQYF	TRBV9	TRBJ2-7	1
CASSVEGTSYEQYF	TRBV9	TRBJ2-7	1
CASSVEGVGTSTDTQYF	TRBV9	TRBJ2-3	56
CASSVEGVNTEAFF	TRBV9	TRBJ1-1	1
CASSVEGYRGETQYF	TRBV9	TRBJ2-5	1
CASSVEGYTNEKLFF	TRBV9	TRBJ1-4	1
CASSVEHLGADTQYF	TRBV9	TRBJ2-3	1
CASSVEIRGPPYEQYF	TRBV9	TRBJ2-7	1
CASSVEKRGGAGELFF	TRBV9	TRBJ2-2	1
CASSVEKRLNTEAFF	TRBV9	TRBJ1-1	1
CASSVEPASGYEQYF	TRBV9	TRBJ2-7	1
CASSVEPGAYEQYF	TRBV9	TRBJ2-7	1
CASSVEPGRFNTEAFF	TRBV9	TRBJ1-1	1
CASSVEPSGSPGELFF	TRBV9	TRBJ2-2	1
CASSVEQGNEQFF	TRBV9	TRBJ2-1	1
CASSVEQGPGYNEQFF	TRBV9	TRBJ2-1	1
CASSVEQGRSGEQYF	TRBV9	TRBJ2-7	1
CASSVEQMNTEAFF	TRBV9	TRBJ1-1	1
CASSVEQNYGYTF	TRBV9	TRBJ1-2	1
CASSVEQTNTEAFF	TRBV9	TRBJ1-1	1
CASSVERDDTQYF	TRBV9	TRBJ2-3	1
CASSVEREGTLQDTQYF	TRBV9	TRBJ2-3	1
CASSVERLTGSGANVLTF	TRBV9	TRBJ2-6	1
CASSVERNEQFF	TRBV9	TRBJ2-1	1
CASSVERQGKGEQYF	TRBV27	TRBJ2-7	1
CASSVERSGGSSYNEQFF	TRBV9	TRBJ2-1	1
CASSVERTGLAGDYNEQFF	TRBV9	TRBJ2-1	1
CASSVERTSGGNNEQFF	TRBV9	TRBJ2-1	1
CASSVESGEYEKLFF	TRBV9	TRBJ1-4	1
CASSVESGGTNEKLFF	TRBV9	TRBJ1-4	1
CASSVESGSAYEQYF	TRBV9	TRBJ2-7	1
CASSVESKYEPQYF	TRBV9	TRBJ2-7	1
CASSVESLRGYTF	TRBV9	TRBJ1-2	1
CASSVESSGSAADTQYF	TRBV9	TRBJ2-3	1
CASSVESSRVHTDTQYF	TRBV9	TRBJ2-3	1
CASSVESWRGEETQYF	TRBV9	TRBJ2-5	1
CASSVETEQESGANVLTF	TRBV6-1	TRBJ2-6	1
CASSVETGGPDTQYF	TRBV9	TRBJ2-3	1
CASSVETGNTGELFF	TRBV9	TRBJ2-2	1
CASSVETIPSPNEQFF	TRBV9	TRBJ2-1	2
CASSVETTGELFF	TRBV9	TRBJ2-2	1
CASSVETVPYEQYF	TRBV9	TRBJ2-7	1
CASSVEVGGAQYF	TRBV9	TRBJ2-5	1
CASSVEVGGVDEQFF	TRBV9	TRBJ2-1	1
CASSVEVGSGNTIYF	TRBV9	TRBJ1-3	1
CASSVFAEISTDTQYF	TRBV9	TRBJ2-3	1
CASSVFAELNTEAFF	TRBV9	TRBJ1-1	1
CASSVFDRVRMNTEAFF	TRBV9	TRBJ1-1	1
CASSVFGGGETQYF	TRBV7-3	TRBJ2-5	1
CASSVFGGSSYEQYF	TRBV6-1	TRBJ2-7	1
CASSVFGNRGHEQYF	TRBV9	TRBJ2-7	1
CASSVFSGANVLTF	TRBV6-1	TRBJ2-6	1
CASSVFSSNTEAFF	TRBV9	TRBJ1-1	1
CASSVGADDEKLFF	TRBV9	TRBJ1-4	1
CASSVGADPPNTEAFF	TRBV9	TRBJ1-1	1
CASSVGADSEETQYF	TRBV9	TRBJ2-5	1
CASSVGAELSTDTQYF	TRBV6-4	TRBJ2-3	1
CASSVGAGAFTDTQYF	TRBV9	TRBJ2-3	1
CASSVGAGAPYNEQFF	TRBV9	TRBJ2-1	1
CASSVGAGDTYEQYF	TRBV9	TRBJ2-7	1
CASSVGAGLSSYEQYF	TRBV9	TRBJ2-7	1
CASSVGAGLYGYTF	TRBV9	TRBJ1-2	1
CASSVGAGPIEGNEQFF	TRBV9	TRBJ2-1	1
CASSVGAGPQYF	TRBV7-9	TRBJ2-3	1
CASSVGAGSGQPQHF	TRBV9	TRBJ1-5	1
CASSVGAGTTEAFF	TRBV9	TRBJ1-1	1
CASSVGAGTTYEQYF	TRBV9	TRBJ2-7	1
CASSVGALGETQYF	TRBV9	TRBJ2-5	1
CASSVGANTGELFF	TRBV19	TRBJ2-2	1
CASSVGARDSGRIGGELFF	TRBV9	TRBJ2-2	2
CASSVGARGSVNTEAFF	TRBV9	TRBJ1-1	1
CASSVGASEQYF	TRBV9	TRBJ2-7	1
CASSVGASGSLEQFF	TRBV9	TRBJ2-1	1
CASSVGDAQYEQYF	TRBV9	TRBJ2-7	2
CASSVGDFRELFF	TRBV9	TRBJ2-2	1
CASSVGDFTKYEQYF	TRBV25-1	TRBJ2-7	1
CASSVGDNPYEQYF	TRBV9	TRBJ2-7	1
CASSVGDNYEQYF	TRBV9	TRBJ2-7	1
CASSVGDPPNEQFF	TRBV9	TRBJ2-1	1
CASSVGDRGSTEAFF	TRBV25-1	TRBJ1-1	1
CASSVGDRTVEQYF	TRBV9	TRBJ2-7	1
CASSVGDRTYEQYF	TRBV9	TRBJ2-7	1
CASSVGDRVADTQYF	TRBV9	TRBJ2-3	1
CASSVGDSDTDTQYF	TRBV9	TRBJ2-3	1
CASSVGDSGTDTQYF	TRBV9	TRBJ2-3	1
CASSVGDSNQPQHF	TRBV9	TRBJ1-5	1
CASSVGDSSYEQYF	TRBV9	TRBJ2-7	1
CASSVGDSYEQYF	TRBV9	TRBJ2-7	1
CASSVGDTEGTDTQYF	TRBV5-4	TRBJ2-3	1
CASSVGDTGELFF	TRBV11-1	TRBJ2-2	1
CASSVGDWSYEQYF	TRBV9	TRBJ2-7	1
CASSVGEDTQYF	TRBV9	TRBJ2-3	1
CASSVGEGTNEQFF	TRBV9	TRBJ2-1	1
CASSVGEITPLHF	TRBV9	TRBJ1-6	1
CASSVGEPLQETQYF	TRBV9	TRBJ2-5	1
CASSVGETQYF	TRBV27	TRBJ2-5	1
CASSVGETQYF	TRBV9	TRBJ2-5	1
CASSVGETSAWDEQYF	TRBV9	TRBJ2-7	1
CASSVGEVATDTQYF	TRBV9	TRBJ2-3	1
CASSVGEVPGNTIYF	TRBV9	TRBJ1-3	1
CASSVGEVSSGNTIYF	TRBV9	TRBJ1-3	1
CASSVGFNQPQHF	TRBV25-1	TRBJ1-5	1
CASSVGFSESYNEQFF	TRBV9	TRBJ2-1	1
CASSVGFTGELFF	TRBV11-2	TRBJ2-2	2
CASSVGGAAQETQYF	TRBV9	TRBJ2-5	1
CASSVGGADTQYF	TRBV9	TRBJ2-3	1
CASSVGGAGGFYNEQFF	TRBV9	TRBJ2-1	1
CASSVGGAGSDTQYF	TRBV9	TRBJ2-3	1
CASSVGGAGYNEQFF	TRBV27	TRBJ2-1	1
CASSVGGANVLTF	TRBV9	TRBJ2-6	1
CASSVGGAQGVYSGELFF	TRBV5-6	TRBJ2-2	1
CASSVGGATEAFF	TRBV9	TRBJ1-1	1
CASSVGGATTIYF	TRBV9	TRBJ1-3	1
CASSVGGDEQFF	TRBV9	TRBJ2-1	1
CASSVGGDPGELFF	TRBV9	TRBJ2-2	1
CASSVGGDTGELFF	TRBV9	TRBJ2-2	1
CASSVGGDTQYF	TRBV9	TRBJ2-3	2
CASSVGGDTYEQYF	TRBV9	TRBJ2-7	1
CASSVGGEETQYF	TRBV9	TRBJ2-5	1
CASSVGGEGGKLFF	TRBV9	TRBJ1-4	1
CASSVGGEQETQYF	TRBV9	TRBJ2-5	3
CASSVGGEQFF	TRBV9	TRBJ2-1	1
CASSVGGERNTQYF	TRBV9	TRBJ2-3	1
CASSVGGFNEQFF	TRBV9	TRBJ2-1	1
CASSVGGFSGNTIYF	TRBV9	TRBJ1-3	1
CASSVGGGANQPQHF	TRBV9	TRBJ1-5	1
CASSVGGGDISTDTQYF	TRBV9	TRBJ2-3	1
CASSVGGGDNYGYTF	TRBV9	TRBJ1-2	1
CASSVGGGEAEKLFF	TRBV9	TRBJ1-4	1
CASSVGGGELFF	TRBV9	TRBJ2-2	1
CASSVGGGEQFF	TRBV7-2	TRBJ2-1	1
CASSVGGGNQPQHF	TRBV9	TRBJ1-5	1
CASSVGGGNTEAFF	TRBV9	TRBJ1-1	1
CASSVGGGPEETQYF	TRBV9	TRBJ2-5	1
CASSVGGGQEKLFF	TRBV9	TRBJ1-4	1
CASSVGGGQETQYF	TRBV9	TRBJ2-5	2
CASSVGGGRDSPLHF	TRBV9	TRBJ1-6	1
CASSVGGGRNEQYF	TRBV9	TRBJ2-7	1
CASSVGGGRSYEQYF	TRBV9	TRBJ2-7	1
CASSVGGGSEQFF	TRBV9	TRBJ2-1	1
CASSVGGGSEQYF	TRBV9	TRBJ2-7	1
CASSVGGGSNEQFF	TRBV6-4	TRBJ2-1	1
CASSVGGGSPETQYF	TRBV9	TRBJ2-5	1
CASSVGGGTDTQYF	TRBV9	TRBJ2-3	1
CASSVGGGTEAFF	TRBV9	TRBJ1-1	10
CASSVGGGTEQFF	TRBV9	TRBJ2-1	1
CASSVGGGTETQYF	TRBV9	TRBJ2-5	1
CASSVGGGTGFGEQYF	TRBV9	TRBJ2-7	1
CASSVGGGVSGELFF	TRBV9	TRBJ2-2	1
CASSVGGHLNEKLFF	TRBV9	TRBJ1-4	1
CASSVGGHNEQFF	TRBV9	TRBJ2-1	1
CASSVGGLAENYEQYF	TRBV9	TRBJ2-7	1
CASSVGGLAGYNEQFF	TRBV9	TRBJ2-1	1
CASSVGGLGDEQYF	TRBV9	TRBJ2-7	1
CASSVGGLGLVSGELFF	TRBV9	TRBJ2-2	1
CASSVGGMETQYF	TRBV9	TRBJ2-5	1
CASSVGGMGKWTEAFF	TRBV9	TRBJ1-1	1
CASSVGGNGSPNYGYTF	TRBV9	TRBJ1-2	1
CASSVGGNPETQYF	TRBV9	TRBJ2-5	1
CASSVGGNSYEQYF	TRBV9	TRBJ2-7	1
CASSVGGNTEAFF	TRBV9	TRBJ1-1	1
CASSVGGPPPDTQYF	TRBV28	TRBJ2-3	1
CASSVGGPQLSYEQYF	TRBV9	TRBJ2-7	1
CASSVGGPSSYEQYF	TRBV9	TRBJ2-7	1
CASSVGGPTYEQYF	TRBV9	TRBJ2-7	1
CASSVGGPYEQYF	TRBV9	TRBJ2-7	1
CASSVGGQGFFTDTQYF	TRBV9	TRBJ2-3	1
CASSVGGREDNEQFF	TRBV9	TRBJ2-1	1
CASSVGGRGDTQYF	TRBV9	TRBJ2-3	1
CASSVGGRTEAFF	TRBV9	TRBJ1-1	1
CASSVGGRTGELFF	TRBV9	TRBJ2-2	1
CASSVGGSGELFF	TRBV9	TRBJ2-2	1
CASSVGGSGEQYF	TRBV9	TRBJ2-7	1
CASSVGGSGGTRETQYF	TRBV9	TRBJ2-5	1
CASSVGGSGREQYF	TRBV9	TRBJ2-7	1
CASSVGGSGYEQYF	TRBV9	TRBJ2-7	1
CASSVGGSNQPQHF	TRBV9	TRBJ1-5	1
CASSVGGSPDEQYF	TRBV9	TRBJ2-7	1
CASSVGGSSTDTQYF	TRBV9	TRBJ2-3	1
CASSVGGSSYNEQFF	TRBV9	TRBJ2-1	1
CASSVGGSTTGELFF	TRBV9	TRBJ2-2	1
CASSVGGSTYEQYF	TRBV9	TRBJ2-7	1
CASSVGGSYEQYF	TRBV10-1	TRBJ2-7	1
CASSVGGTDTQYF	TRBV6-1	TRBJ2-3	1
CASSVGGTDTQYF	TRBV9	TRBJ2-3	1
CASSVGGTGDYEQYF	TRBV4-1	TRBJ2-7	1
CASSVGGTGELFF	TRBV9	TRBJ2-2	3
CASSVGGTGGIYEQYF	TRBV9	TRBJ2-7	1
CASSVGGTGGNGELFF	TRBV9	TRBJ2-2	1
CASSVGGTGVYEQYF	TRBV9	TRBJ2-7	1
CASSVGGTLIDEQFF	TRBV9	TRBJ2-1	1
CASSVGGTNAQEAFF	TRBV9	TRBJ1-1	1
CASSVGGTPGETQYF	TRBV9	TRBJ2-5	1
CASSVGGTQSTDTQYF	TRBV9	TRBJ2-3	1
CASSVGGTSGGNEQFF	TRBV9	TRBJ2-1	1
CASSVGGTSTDTQYF	TRBV9	TRBJ2-3	1
CASSVGGVLGNTEAFF	TRBV9	TRBJ1-1	1
CASSVGGVSPLHF	TRBV9	TRBJ1-6	2
CASSVGGVSYNEQFF	TRBV6-4	TRBJ2-1	1
CASSVGGYSYEQYF	TRBV9	TRBJ2-7	1
CASSVGGYTEAFF	TRBV6-3	TRBJ1-1	1
CASSVGHTEAFF	TRBV9	TRBJ1-1	1
CASSVGIAASYEQYF	TRBV9	TRBJ2-7	1
CASSVGIAGYTGELFF	TRBV9	TRBJ2-2	1
CASSVGIRDTEAFF	TRBV9	TRBJ1-1	1
CASSVGIYNEQFF	TRBV9	TRBJ2-1	1
CASSVGLAATNEQFF	TRBV9	TRBJ2-1	1
CASSVGLAGDLRQYF	TRBV9	TRBJ2-7	1
CASSVGLAGDNEQFF	TRBV19	TRBJ2-1	2
CASSVGLAGEGELFF	TRBV9	TRBJ2-2	1
CASSVGLAGGPYEQYF	TRBV18	TRBJ2-7	1
CASSVGLAGGYEQFF	TRBV9	TRBJ2-1	1
CASSVGLAGNGQYF	TRBV5-5	TRBJ2-7	1
CASSVGLAGPAVQETQYF	TRBV9	TRBJ2-5	1
CASSVGLAGSNEQFF	TRBV9	TRBJ2-1	1
CASSVGLDYEQYF	TRBV9	TRBJ2-7	1
CASSVGLGQPQHF	TRBV12-4	TRBJ1-5	1
CASSVGLHNSPLHF	TRBV9	TRBJ1-6	1
CASSVGLLAGRARTDTQYF	TRBV9	TRBJ2-3	1
CASSVGLNTEAFF	TRBV9	TRBJ1-1	1
CASSVGLRGGDNSPLHF	TRBV9	TRBJ1-6	1
CASSVGLRSEQFF	TRBV9	TRBJ2-1	1
CASSVGLSSYNEQFF	TRBV5-1	TRBJ2-1	1
CASSVGLSYEQYF	TRBV9	TRBJ2-7	1
CASSVGLYGYTF	TRBV19	TRBJ1-2	1
CASSVGNPADEQFF	TRBV9	TRBJ2-1	1
CASSVGNRGRGEQYF	TRBV9	TRBJ2-7	1
CASSVGNTDTQYF	TRBV9	TRBJ2-3	1
CASSVGNTEAFF	TRBV9	TRBJ1-1	1
CASSVGNTNNEQFF	TRBV9	TRBJ2-1	1
CASSVGPALQETQYF	TRBV19	TRBJ2-5	1
CASSVGPDPNEKLFF	TRBV9	TRBJ1-4	1
CASSVGPDYNSPLHF	TRBV9	TRBJ1-6	1
CASSVGPFYEQYF	TRBV9	TRBJ2-7	1
CASSVGPGNEQFF	TRBV12-3	TRBJ2-1	1
CASSVGPKGQPQHF	TRBV9	TRBJ1-5	1
CASSVGPLEAFSYEQYF	TRBV9	TRBJ2-7	1
CASSVGPMNTEAFF	TRBV9	TRBJ1-1	1
CASSVGPNQPQHF	TRBV9	TRBJ1-5	1
CASSVGPPHNEQFF	TRBV9	TRBJ2-1	1
CASSVGQASSYEQYF	TRBV5-6	TRBJ2-7	1
CASSVGQATEAFF	TRBV7-7	TRBJ1-1	1
CASSVGQATNEKLFF	TRBV9	TRBJ1-4	1
CASSVGQDNSPLHF	TRBV9	TRBJ1-6	1
CASSVGQGADTQYF	TRBV5-1	TRBJ2-3	1
CASSVGQGAYEQYF	TRBV9	TRBJ2-7	1
CASSVGQGEGGYTF	TRBV9	TRBJ1-2	1
CASSVGQGGTDTQYF	TRBV9	TRBJ2-3	1
CASSVGQGGTEAFF	TRBV9	TRBJ1-1	1
CASSVGQGNTYEQYF	TRBV9	TRBJ2-7	1
CASSVGQGQETQYF	TRBV9	TRBJ2-5	1
CASSVGQGRGYTF	TRBV9	TRBJ1-2	1
CASSVGQGVDTQYF	TRBV5-1	TRBJ2-3	1
CASSVGQGVGGELFF	TRBV9	TRBJ2-2	1
CASSVGQGVGGNTIYF	TRBV9	TRBJ1-3	1
CASSVGQGVRSFF	TRBV6-5	TRBJ1-1	1
CASSVGQGYEQYF	TRBV9	TRBJ2-7	1
CASSVGQMNTEAFF	TRBV9	TRBJ1-1	1
CASSVGQPLNYGYTF	TRBV9	TRBJ1-2	1
CASSVGQVFYSGTF	TRBV9	TRBJ1-2	39
CASSVGQYNEQFF	TRBV9	TRBJ2-1	1
CASSVGRDGYNEQFF	TRBV9	TRBJ2-1	1
CASSVGRDRGLNTEAFF	TRBV9	TRBJ1-1	1
CASSVGRDTQYF	TRBV9	TRBJ2-3	1
CASSVGREWTGELFF	TRBV9	TRBJ2-2	1
CASSVGRFSEQYF	TRBV9	TRBJ2-7	1
CASSVGRGADNEQFF	TRBV9	TRBJ2-1	1
CASSVGRGASYEQYF	TRBV7-3	TRBJ2-7	1
CASSVGRGGTEAFF	TRBV9	TRBJ1-1	1
CASSVGRGIDTQYF	TRBV9	TRBJ2-3	1
CASSVGRGLAGGGQETQYF	TRBV9	TRBJ2-5	1
CASSVGRGRLGNSPLHF	TRBV9	TRBJ1-6	1
CASSVGRQGYEQYF	TRBV9	TRBJ2-7	1
CASSVGRSSYEQYF	TRBV19	TRBJ2-7	1
CASSVGRTDTQYF	TRBV9	TRBJ2-3	1
CASSVGRTPNTEAFF	TRBV9	TRBJ1-1	1
CASSVGRTPTLSEQYF	TRBV9	TRBJ2-7	1
CASSVGRTYEQYF	TRBV2	TRBJ2-7	1
CASSVGSANYEQYF	TRBV9	TRBJ2-7	1
CASSVGSANYGYTF	TRBV9	TRBJ1-2	1
CASSVGSDTQYF	TRBV9	TRBJ2-3	1
CASSVGSEAFF	TRBV5-4	TRBJ1-1	1
CASSVGSGAGTEAFF	TRBV9	TRBJ1-1	1
CASSVGSGNMLYPGELFF	TRBV9	TRBJ2-2	1
CASSVGSGNQPQHF	TRBV9	TRBJ1-5	1
CASSVGSGPVEQYF	TRBV9	TRBJ2-7	1
CASSVGSGQPQHF	TRBV9	TRBJ1-5	1
CASSVGSGRDQPQHF	TRBV9	TRBJ1-5	1
CASSVGSHSGNTIYF	TRBV9	TRBJ1-3	1
CASSVGSNYEQYF	TRBV13	TRBJ2-7	1
CASSVGSQNPYEQYF	TRBV9	TRBJ2-7	1
CASSVGSRTASPLHF	TRBV9	TRBJ1-6	1
CASSVGSSGIYGELFF	TRBV9	TRBJ2-2	1
CASSVGSSPVEEKLFF	TRBV9	TRBJ1-4	1
CASSVGSSSYEQYF	TRBV9	TRBJ2-7	1
CASSVGSSYEQYF	TRBV19	TRBJ2-7	1
CASSVGSTWEQFF	TRBV9	TRBJ2-1	1
CASSVGSTYEQYF	TRBV9	TRBJ2-7	1
CASSVGSYGYTF	TRBV19	TRBJ1-2	1
CASSVGTDTQYF	TRBV9	TRBJ2-3	1
CASSVGTGDAHEQYF	TRBV11-3	TRBJ2-7	1
CASSVGTGELFF	TRBV9	TRBJ2-2	1
CASSVGTGGSNQPQHF	TRBV9	TRBJ1-5	1
CASSVGTGGVQFF	TRBV9	TRBJ2-1	1
CASSVGTGGYEQYF	TRBV9	TRBJ2-7	1
CASSVGTGLGQPQHF	TRBV9	TRBJ1-5	1
CASSVGTGNNEQFF	TRBV6-1	TRBJ2-1	1
CASSVGTGNYGYTF	TRBV9	TRBJ1-2	1
CASSVGTGSNQPQHF	TRBV9	TRBJ1-5	1
CASSVGTGSSYEQYF	TRBV6-1	TRBJ2-7	1
CASSVGTGTNYNEQFF	TRBV9	TRBJ2-1	1
CASSVGTGYGYTF	TRBV5-4	TRBJ1-2	1
CASSVGTGYNEQFF	TRBV9	TRBJ2-1	1
CASSVGTLLDGYTF	TRBV7-9	TRBJ1-2	1
CASSVGTNQPQHF	TRBV9	TRBJ1-5	1
CASSVGTNTEAFF	TRBV9	TRBJ1-1	1
CASSVGTSGGETQYF	TRBV9	TRBJ2-5	1
CASSVGTSGRGKQYF	TRBV9	TRBJ2-3	1
CASSVGTSGSYEQYF	TRBV9	TRBJ2-7	1
CASSVGTSGYEQYF	TRBV9	TRBJ2-7	1
CASSVGTSNEQFF	TRBV9	TRBJ2-1	1
CASSVGTSSYEQYF	TRBV9	TRBJ2-7	1
CASSVGTSTYEQYF	TRBV9	TRBJ2-7	1
CASSVGTSWNTGELFF	TRBV9	TRBJ2-2	1
CASSVGTTGADTQYF	TRBV9	TRBJ2-3	1
CASSVGTTSNTGELFF	TRBV9	TRBJ2-2	1
CASSVGTYTEAFF	TRBV25-1	TRBJ1-1	1
CASSVGVAGAGETQYF	TRBV9	TRBJ2-5	1
CASSVGVAYGYTF	TRBV9	TRBJ1-2	1
CASSVGVDEQFF	TRBV9	TRBJ2-1	2
CASSVGVDGGNTIYF	TRBV9	TRBJ1-3	1
CASSVGVDSTDTQYF	TRBV9	TRBJ2-3	2
CASSVGVGDNEQFF	TRBV9	TRBJ2-1	1
CASSVGVGEQFF	TRBV9	TRBJ2-1	1
CASSVGVGGNTEAFF	TRBV9	TRBJ1-1	1
CASSVGVGRPNEQFF	TRBV9	TRBJ2-1	1
CASSVGVGSFYNEQFF	TRBV9	TRBJ2-1	1
CASSVGVLAGNEQFF	TRBV9	TRBJ2-1	1
CASSVGVSGANVLTF	TRBV9	TRBJ2-6	1
CASSVGVSGGLDDEQYF	TRBV9	TRBJ2-7	1
CASSVGVSGSYNEQFF	TRBV9	TRBJ2-1	1
CASSVGVSGYTDTQYF	TRBV9	TRBJ2-3	1
CASSVGVSNQPQHF	TRBV9	TRBJ1-5	1
CASSVGVTGGYGYTF	TRBV9	TRBJ1-2	1
CASSVGVTTNEKLFF	TRBV25-1	TRBJ1-4	1
CASSVGWAEETQYF	TRBV9	TRBJ2-5	1
CASSVGWPYYNEQFF	TRBV7-2	TRBJ2-1	1
CASSVGWTDTQYF	TRBV9	TRBJ2-3	1
CASSVGWVGDTQYF	TRBV9	TRBJ2-3	1
CASSVGYGELFF	TRBV9	TRBJ2-2	1
CASSVGYNEQFF	TRBV7-9	TRBJ2-1	1
CASSVGYNEQFF	TRBV9	TRBJ2-1	1
CASSVGYPYNEQFF	TRBV9	TRBJ2-1	1
CASSVHATNEKLFF	TRBV9	TRBJ1-4	1
CASSVHGAQPQHF	TRBV19	TRBJ1-5	1
CASSVHGGANTEAFF	TRBV19	TRBJ1-1	1
CASSVHKAETNTGELFF	TRBV9	TRBJ2-2	1
CASSVHRGSGGELFF	TRBV11-3	TRBJ2-2	1
CASSVHSPLNNEQFF	TRBV5-5	TRBJ2-1	1
CASSVHSSTDTQYF	TRBV7-6	TRBJ2-3	1
CASSVIGGADKPQHF	TRBV4-1	TRBJ1-5	1
CASSVIRDYRTYEQYF	TRBV27	TRBJ2-7	1
CASSVISGARAEAFF	TRBV9	TRBJ1-1	1
CASSVISGGEQYF	TRBV9	TRBJ2-7	1
CASSVIVNNEQFF	TRBV7-3	TRBJ2-1	1
CASSVKGGDTQYF	TRBV9	TRBJ2-3	1
CASSVKGGPDTQYF	TRBV9	TRBJ2-3	1
CASSVKNTEAFF	TRBV5-4	TRBJ1-1	1
CASSVKTGAGREQYF	TRBV19	TRBJ2-7	2
CASSVKTSGSGDEQFF	TRBV2	TRBJ2-1	1
CASSVLAASEADEQYF	TRBV6-1	TRBJ2-7	1
CASSVLAGEPVYEQFF	TRBV6-4	TRBJ2-1	1
CASSVLAGGTDTQYF	TRBV9	TRBJ2-3	1
CASSVLAGPYSGANVLTF	TRBV9	TRBJ2-6	1
CASSVLAGSYEQYF	TRBV7-8	TRBJ2-7	1
CASSVLAGYTDTQYF	TRBV13	TRBJ2-3	1
CASSVLAPYEQYF	TRBV6-1	TRBJ2-7	1
CASSVLDRGQHTEAFF	TRBV28	TRBJ1-1	1
CASSVLENNEQFF	TRBV9	TRBJ2-1	1
CASSVLGGQETQYF	TRBV27	TRBJ2-5	1
CASSVLGGSGDEQYF	TRBV5-1	TRBJ2-7	1
CASSVLGLAGPSSYNEQFF	TRBV9	TRBJ2-1	1
CASSVLGLAGVNEQFF	TRBV7-9	TRBJ2-1	1
CASSVLGLGNQPQHF	TRBV7-2	TRBJ1-5	1
CASSVLGRGGANTGELFF	TRBV9	TRBJ2-2	1
CASSVLGSPLHF	TRBV9	TRBJ1-6	1
CASSVLGYSDNEQFF	TRBV9	TRBJ2-1	1
CASSVLKNTEAFF	TRBV9	TRBJ1-1	1
CASSVLNQETQYF	TRBV2	TRBJ2-5	1
CASSVLPGLAGVEQYF	TRBV9	TRBJ2-7	1
CASSVLQVAGEYEQYF	TRBV9	TRBJ2-7	1
CASSVLRDFPLMSGDNEQFF	TRBV7-8	TRBJ2-1	1
CASSVLRGNPYNEQFF	TRBV27	TRBJ2-1	1
CASSVLSSPYEQYF	TRBV27	TRBJ2-7	1
CASSVLVRGEETQYF	TRBV9	TRBJ2-5	1
CASSVLYLNEQFF	TRBV7-6	TRBJ2-1	27
CASSVMGQGYEQYF	TRBV19	TRBJ2-7	1
CASSVMIGPSYEQYF	TRBV9	TRBJ2-7	1
CASSVMLDSPLHF	TRBV9	TRBJ1-6	8
CASSVMNTEAFF	TRBV6-3	TRBJ1-1	1
CASSVMRAGELFF	TRBV9	TRBJ2-2	1
CASSVNDRLHEQYF	TRBV27	TRBJ2-7	1
CASSVNLGTDTQYF	TRBV9	TRBJ2-3	1
CASSVNREVETDTQYF	TRBV9	TRBJ2-3	1
CASSVNRNYGYTF	TRBV2	TRBJ1-2	1
CASSVNRSPSGANVLTF	TRBV9	TRBJ2-6	1
CASSVNSDPDTQYF	TRBV27	TRBJ2-3	1
CASSVNTGELFF	TRBV5-1	TRBJ2-2	1
CASSVPAPSGGPDTQYF	TRBV27	TRBJ2-3	1
CASSVPGGVKPEAFF	TRBV3-1	TRBJ1-1	1
CASSVPGLAGGDNEQFF	TRBV9	TRBJ2-1	1
CASSVPGNTIYF	TRBV9	TRBJ1-3	1
CASSVPGQASTGSYNEQFF	TRBV9	TRBJ2-1	1
CASSVPGQGSSGNTIYF	TRBV19	TRBJ1-3	1
CASSVPGQKGQETQYL	TRBV7-2	TRBJ2-5	1
CASSVPGTGPEEQYF	TRBV5-6	TRBJ2-7	1
CASSVPNPRPAKSGANVLTF	TRBV21-1	TRBJ2-6	2
CASSVPNRGHAIDGELFF	TRBV9	TRBJ2-2	1
CASSVPPIRVSPSGANVLTF	TRBV11-2	TRBJ2-6	1
CASSVPQGNEKLFF	TRBV7-9	TRBJ1-4	1
CASSVPRDSSSTDTQYF	TRBV28	TRBJ2-3	1
CASSVPREGELFF	TRBV9	TRBJ2-2	1
CASSVPRGQGWDEQFF	TRBV2	TRBJ2-1	1
CASSVPTSGRDTQYF	TRBV9	TRBJ2-3	1
CASSVPYEQYF	TRBV5-8	TRBJ2-7	1
CASSVQAGGYGYTF	TRBV9	TRBJ1-2	2
CASSVQFSGQRNNEQFF	TRBV9	TRBJ2-1	1
CASSVQGGTTEAFF	TRBV7-9	TRBJ1-1	1
CASSVQGLRNQPQHF	TRBV9	TRBJ1-5	1
CASSVQGLSFVNNEQFF	TRBV5-1	TRBJ2-1	1
CASSVQGQGPGELFF	TRBV13	TRBJ2-2	1
CASSVQGSDIQYF	TRBV9	TRBJ2-4	1
CASSVQGSDPYEQYF	TRBV2	TRBJ2-7	1
CASSVQGSGSVGQFF	TRBV9	TRBJ2-1	1
CASSVQGSGTDTQYF	TRBV9	TRBJ2-3	1
CASSVQGSHEQYF	TRBV6-1	TRBJ2-7	1
CASSVQGSPRAQHF	TRBV13	TRBJ1-5	1
CASSVQGSTEAFF	TRBV7-9	TRBJ1-1	1
CASSVQGTGGNTIYF	TRBV9	TRBJ1-3	1
CASSVQGVANEKLFF	TRBV9	TRBJ1-4	1
CASSVQGVLNTEAFF	TRBV19	TRBJ1-1	1
CASSVQGWNQPQHF	TRBV2	TRBJ1-5	1
CASSVQNEQFF	TRBV9	TRBJ2-1	1
CASSVQPGYGYTF	TRBV10-1	TRBJ1-2	1
CASSVRAGETQYF	TRBV19	TRBJ2-5	2
CASSVRAGGFLYNEQFF	TRBV9	TRBJ2-1	1
CASSVRDGTNEQFF	TRBV9	TRBJ2-1	1
CASSVRDGYGYTF	TRBV9	TRBJ1-2	1
CASSVRDRPYNEQFF	TRBV5-6	TRBJ2-1	1
CASSVRDSILPSGANVLTF	TRBV9	TRBJ2-6	1
CASSVRDYTYNEQFF	TRBV9	TRBJ2-1	1
CASSVREMVDTQYF	TRBV28	TRBJ2-3	1
CASSVRGAPGQPQHF	TRBV9	TRBJ1-5	1
CASSVRGDEQFF	TRBV11-1	TRBJ2-1	1
CASSVRGDQETQYF	TRBV9	TRBJ2-5	1
CASSVRGEQYF	TRBV27	TRBJ2-7	1
CASSVRGFSGNTIYF	TRBV9	TRBJ1-3	1
CASSVRGGEGSGETQYF	TRBV9	TRBJ2-5	1
CASSVRGGGRETQYF	TRBV7-3	TRBJ2-5	1
CASSVRGGPYEQYF	TRBV9	TRBJ2-7	1
CASSVRGQSSGANVLTF	TRBV2	TRBJ2-6	1
CASSVRGTAYEQYF	TRBV9	TRBJ2-7	1
CASSVRGTEAFF	TRBV5-4	TRBJ1-1	1
CASSVRGTGELFF	TRBV13	TRBJ2-2	1
CASSVRHGHEQYF	TRBV9	TRBJ2-7	1
CASSVRHGRAPTGELFF	TRBV9	TRBJ2-2	1
CASSVRHGTEAFF	TRBV19	TRBJ1-1	1
CASSVRHPQGYTF	TRBV6-4	TRBJ1-2	1
CASSVRHSNGANVLTF	TRBV6-4	TRBJ2-6	1
CASSVRLAGGPGTDTQYF	TRBV9	TRBJ2-3	1
CASSVRPQETQYF	TRBV10-1	TRBJ2-5	1
CASSVRPTNEQYF	TRBV7-7	TRBJ2-7	1
CASSVRQGYEQYF	TRBV6-4	TRBJ2-7	1
CASSVRQVNYGYTF	TRBV6-1	TRBJ1-2	1
CASSVRRRETYNEQFF	TRBV19	TRBJ2-1	1
CASSVRSADTQYF	TRBV19	TRBJ2-3	2
CASSVRSAGELFF	TRBV19	TRBJ2-2	1
CASSVRSAYEQYF	TRBV19	TRBJ2-7	2
CASSVRSSGSSYNEQFF	TRBV9	TRBJ2-1	1
CASSVRSSMNTEAFF	TRBV9	TRBJ1-1	10
CASSVRSSYEQYF	TRBV19	TRBJ2-7	140
CASSVRSTGELFF	TRBV19	TRBJ2-2	20
CASSVRTGDNEKLFF	TRBV9	TRBJ1-4	1
CASSVRTGGTEAFF	TRBV9	TRBJ1-1	1
CASSVRTPSTGADDNEQFF	TRBV9	TRBJ2-1	1
CASSVRTSGILLNEQFF	TRBV7-6	TRBJ2-1	1
CASSVRTSSSNQPQHF	TRBV7-8	TRBJ1-5	1
CASSVRTVNTEAFF	TRBV2	TRBJ1-1	1
CASSVRTVPLPGELFF	TRBV9	TRBJ2-2	1
CASSVRVSGELFF	TRBV12-3	TRBJ2-2	1
CASSVRVYEQFF	TRBV2	TRBJ2-1	1
CASSVSAQPDTQYF	TRBV9	TRBJ2-3	1
CASSVSDGGGSAEAFF	TRBV9	TRBJ1-1	1
CASSVSENEQFF	TRBV9	TRBJ2-1	3
CASSVSERELRNEQFF	TRBV7-9	TRBJ2-1	1
CASSVSFGDLREQYF	TRBV9	TRBJ2-7	1
CASSVSGDNTEAFF	TRBV3-1	TRBJ1-1	1
CASSVSGFSLYGYTF	TRBV9	TRBJ1-2	1
CASSVSGGDTGELFF	TRBV9	TRBJ2-2	1
CASSVSGGEADTQYF	TRBV9	TRBJ2-3	1
CASSVSGGLETQYF	TRBV9	TRBJ2-5	1
CASSVSGGPEAFF	TRBV9	TRBJ1-1	1
CASSVSGGRTDTQYF	TRBV9	TRBJ2-3	1
CASSVSGNSYEQYF	TRBV9	TRBJ2-7	1
CASSVSGPPSYTQYF	TRBV9	TRBJ2-3	1
CASSVSGQDETQYF	TRBV9	TRBJ2-5	1
CASSVSGQGGSPLHF	TRBV9	TRBJ1-6	1
CASSVSGQGPDTQYF	TRBV9	TRBJ2-3	1
CASSVSGRSATDTQYF	TRBV9	TRBJ2-3	1
CASSVSGSGTDTQYF	TRBV9	TRBJ2-3	1
CASSVSGSSYNEQFF	TRBV19	TRBJ2-1	1
CASSVSGTAFNSNSPLHF	TRBV9	TRBJ1-6	1
CASSVSGTENIQYF	TRBV9	TRBJ2-4	1
CASSVSGTGANEQFF	TRBV9	TRBJ2-1	1
CASSVSGTGGGYTF	TRBV19	TRBJ1-2	1
CASSVSGTGGSEQFF	TRBV6-1	TRBJ2-1	1
CASSVSGTGGTEAFF	TRBV9	TRBJ1-1	1
CASSVSGTGSYEQYF	TRBV9	TRBJ2-7	1
CASSVSGTPLEQYF	TRBV5-4	TRBJ2-7	1
CASSVSGTRKSYEQYF	TRBV7-8	TRBJ2-7	1
CASSVSGTSGNNEQFF	TRBV6-4	TRBJ2-1	1
CASSVSGTSYNEQFF	TRBV9	TRBJ2-1	1
CASSVSGVGSGELFF	TRBV9	TRBJ2-2	1
CASSVSHSSNQPQHF	TRBV7-2	TRBJ1-5	7
CASSVSIPYNEQFF	TRBV2	TRBJ2-1	1
CASSVSITGFAEAFF	TRBV9	TRBJ1-1	1
CASSVSLDRDSYEQYF	TRBV2	TRBJ2-7	1
CASSVSLGTGVNNEQFF	TRBV19	TRBJ2-1	1
CASSVSLNTEAFF	TRBV9	TRBJ1-1	1
CASSVSLPSEAFF	TRBV11-2	TRBJ1-1	1
CASSVSLVQPQHF	TRBV6-1	TRBJ1-5	1
CASSVSMNTEAFF	TRBV6-1	TRBJ1-1	25
CASSVSPAYEQYF	TRBV9	TRBJ2-7	1
CASSVSPGLDTQYF	TRBV7-7	TRBJ2-3	1
CASSVSQGATPLHF	TRBV9	TRBJ1-6	1
CASSVSQGYNEQFF	TRBV9	TRBJ2-1	1
CASSVSRASALDTQYF	TRBV9	TRBJ2-3	1
CASSVSRIEENGYTF	TRBV9	TRBJ1-2	1
CASSVSSQGFHEQYF	TRBV9	TRBJ2-7	1
CASSVSTEHPSGANVLTF	TRBV9	TRBJ2-6	1
CASSVSTPGYGYTF	TRBV9	TRBJ1-2	1
CASSVTAGGADTQYF	TRBV9	TRBJ2-3	1
CASSVTALLSYTF	TRBV7-2	TRBJ1-2	1
CASSVTALSSYEQYF	TRBV19	TRBJ2-7	1
CASSVTANNEQFF	TRBV6-4	TRBJ2-1	1
CASSVTDYNEQFF	TRBV9	TRBJ2-1	1
CASSVTGDNYEQYF	TRBV9	TRBJ2-7	1
CASSVTGDTGELFF	TRBV9	TRBJ2-2	1
CASSVTGDYGYTF	TRBV9	TRBJ1-2	1
CASSVTGEGNEQFF	TRBV6-4	TRBJ2-1	1
CASSVTGFGEQYF	TRBV11-3	TRBJ2-7	1
CASSVTGFQETQYF	TRBV28	TRBJ2-5	1
CASSVTGGAMNEQYF	TRBV9	TRBJ2-7	1
CASSVTGGDTEAFF	TRBV27	TRBJ1-1	1
CASSVTGGEIYEQYF	TRBV6-5	TRBJ2-7	1
CASSVTGGELFF	TRBV9	TRBJ2-2	1
CASSVTGGQSNEQYF	TRBV7-9	TRBJ2-7	1
CASSVTGGSVKLFF	TRBV5-1	TRBJ1-4	1
CASSVTGHGNTIYF	TRBV9	TRBJ1-3	1
CASSVTGISGNTIYF	TRBV5-6	TRBJ1-3	1
CASSVTGNTEAFF	TRBV5-4	TRBJ1-1	1
CASSVTGPYGYTF	TRBV6-1	TRBJ1-2	1
CASSVTGQHSPLHF	TRBV13	TRBJ1-6	1
CASSVTGQLQETQYF	TRBV9	TRBJ2-5	1
CASSVTGSDQPQHF	TRBV9	TRBJ1-5	1
CASSVTGSGGTDTQYF	TRBV9	TRBJ2-3	1
CASSVTGSSYNEQFF	TRBV6-3	TRBJ2-1	1
CASSVTGTEYTEAFF	TRBV27	TRBJ1-1	1
CASSVTGTGLMEQYF	TRBV6-5	TRBJ2-7	1
CASSVTGTPNEQFF	TRBV5-6	TRBJ2-1	1
CASSVTGVGDTEAFF	TRBV5-4	TRBJ1-1	1
CASSVTGVGNEKLFF	TRBV9	TRBJ1-4	1
CASSVTGVGNEQFF	TRBV9	TRBJ2-1	1
CASSVTGVSETQYF	TRBV9	TRBJ2-5	1
CASSVTIESGGGITDTQYF	TRBV2	TRBJ2-3	1
CASSVTLAGSNTEAFF	TRBV27	TRBJ1-1	1
CASSVTLDRGNSPLHF	TRBV2	TRBJ1-6	1
CASSVTLGQSGANVLTF	TRBV6-6	TRBJ2-6	1
CASSVTLGRMGETQYF	TRBV7-2	TRBJ2-5	1
CASSVTLNTEAFF	TRBV10-1	TRBJ1-1	1
CASSVTPGAIDEQYF	TRBV2	TRBJ2-7	1
CASSVTQALGGELFF	TRBV12-4	TRBJ2-2	1
CASSVTRDTQYF	TRBV9	TRBJ2-3	1
CASSVTRGGPYNEQFF	TRBV9	TRBJ2-1	1
CASSVTSGGPSYEQYF	TRBV3-1	TRBJ2-7	1
CASSVTSGGSDTQYF	TRBV6-4	TRBJ2-3	1
CASSVTSGNTIYF	TRBV9	TRBJ1-3	1
CASSVTSGRVETQYF	TRBV19	TRBJ2-5	1
CASSVTSGVMTDTQYF	TRBV9	TRBJ2-3	1
CASSVTSNADTQYF	TRBV10-2	TRBJ2-3	1
CASSVTSSEGTIYF	TRBV9	TRBJ1-3	1
CASSVTSSRGGTDTQYF	TRBV9	TRBJ2-3	1
CASSVTTSGYEQYF	TRBV9	TRBJ2-7	1
CASSVTVSDGNTIYF	TRBV6-1	TRBJ1-3	1
CASSVTVYNEQFF	TRBV9	TRBJ2-1	1
CASSVTWSGRPNTGELFF	TRBV9	TRBJ2-2	1
CASSVVAGELYEQYF	TRBV7-9	TRBJ2-7	1
CASSVVAGGPVAFYNEQFF	TRBV9	TRBJ2-1	1
CASSVVAGGSYNEQFF	TRBV9	TRBJ2-1	1
CASSVVAGVGYEQYF	TRBV6-5	TRBJ2-7	11
CASSVVDAGFEQYF	TRBV9	TRBJ2-7	1
CASSVVDSPYGEAFF	TRBV9	TRBJ1-1	1
CASSVVEETQYF	TRBV9	TRBJ2-5	1
CASSVVEGSLDGYTF	TRBV9	TRBJ1-2	1
CASSVVGDEQFF	TRBV9	TRBJ2-1	1
CASSVVGDHEQFF	TRBV9	TRBJ2-1	1
CASSVVGDLNTGELFF	TRBV9	TRBJ2-2	1
CASSVVGDVRYGYTF	TRBV9	TRBJ1-2	1
CASSVVGENTEAFF	TRBV9	TRBJ1-1	1
CASSVVGEYNEQFF	TRBV9	TRBJ2-1	1
CASSVVGGALETQYF	TRBV9	TRBJ2-5	1
CASSVVGGASGEQFF	TRBV9	TRBJ2-1	1
CASSVVGGEGTDTQYF	TRBV9	TRBJ2-3	1
CASSVVGGGANTGELFF	TRBV9	TRBJ2-2	1
CASSVVGGGSYNEQFF	TRBV9	TRBJ2-1	1
CASSVVGGINQPQHF	TRBV9	TRBJ1-5	1
CASSVVGGNYGYTF	TRBV9	TRBJ1-2	1
CASSVVGGVQETQYF	TRBV9	TRBJ2-5	1
CASSVVGQGGADTQYF	TRBV9	TRBJ2-3	1
CASSVVGQGITDTQYF	TRBV9	TRBJ2-3	1
CASSVVGQGVLDGYTF	TRBV9	TRBJ1-2	1
CASSVVGRPRDTGELFF	TRBV9	TRBJ2-2	1
CASSVVGSGETQYF	TRBV9	TRBJ2-5	1
CASSVVGTGGRNTEAFF	TRBV13	TRBJ1-1	1
CASSVVGTSAQYEQYF	TRBV9	TRBJ2-7	1
CASSVVGTSNEKLFF	TRBV9	TRBJ1-4	1
CASSVVGYGYTF	TRBV9	TRBJ1-2	1
CASSVVGYTDTQYF	TRBV9	TRBJ2-3	1
CASSVVLAAYNEQFF	TRBV9	TRBJ2-1	1
CASSVVLSTDTQYF	TRBV9	TRBJ2-3	1
CASSVVNTGELFF	TRBV9	TRBJ2-2	1
CASSVVPAGGYNEQFF	TRBV9	TRBJ2-1	1
CASSVVPASSYEQYF	TRBV9	TRBJ2-7	1
CASSVVPDRGRRELFF	TRBV9	TRBJ2-2	1
CASSVVPGKQETQYF	TRBV9	TRBJ2-5	1
CASSVVPGLRYEQFF	TRBV9	TRBJ2-1	1
CASSVVPTSGGQRTDTQYF	TRBV9	TRBJ2-3	1
CASSVVQSYEQYF	TRBV2	TRBJ2-7	1
CASSVVREERDEQYF	TRBV6-1	TRBJ2-7	1
CASSVVSGAETQYF	TRBV9	TRBJ2-5	1
CASSVVSGANVLTF	TRBV9	TRBJ2-6	92
CASSVVSGDTEAFF	TRBV9	TRBJ1-1	1
CASSVVSGGTEAFF	TRBV9	TRBJ1-1	1
CASSVVSGPKAFF	TRBV9	TRBJ1-1	1
CASSVVSGRGTGELFF	TRBV9	TRBJ2-2	1
CASSVVSYEQYF	TRBV7-9	TRBJ2-7	1
CASSVVTGGPKDTQYF	TRBV2	TRBJ2-3	1
CASSVVTGNTEAFF	TRBV6-1	TRBJ1-1	1
CASSVVTGSDYNEQFF	TRBV9	TRBJ2-1	1
CASSVVTTFGNEQFF	TRBV9	TRBJ2-1	1
CASSVVVAGTGGSGANVLTF	TRBV9	TRBJ2-6	1
CASSVVVDEQFF	TRBV9	TRBJ2-1	1
CASSVVWTDDGELFF	TRBV9	TRBJ2-2	1
CASSVWDSPNEKLFF	TRBV19	TRBJ1-4	1
CASSVWEQGIGNTIYF	TRBV9	TRBJ1-3	1
CASSVWESSYGYTF	TRBV9	TRBJ1-2	1
CASSVWGGSPTNNEQFF	TRBV9	TRBJ2-1	1
CASSVWGIGTDTQYF	TRBV9	TRBJ2-3	1
CASSVWGSGNTIYF	TRBV9	TRBJ1-3	1
CASSVWSRDTQYF	TRBV27	TRBJ2-3	1
CASSVWSSGAGELFF	TRBV9	TRBJ2-2	1
CASSVWYAGTDTQYF	TRBV9	TRBJ2-3	1
CASSVYEGYSTDTQYF	TRBV9	TRBJ2-3	1
CASSVYGEPGPAETQYF	TRBV9	TRBJ2-5	1
CASSVYLSGGYTGELFF	TRBV9	TRBJ2-2	1
CASSVYLSGNTIYF	TRBV9	TRBJ1-3	1
CASSVYLTAGNTIYF	TRBV19	TRBJ1-3	1
CASSVYPGQFIGNTIYF	TRBV5-6	TRBJ1-3	1
CASSVYPYLNYGYTF	TRBV9	TRBJ1-2	1
CASSVYRGLGANVLTF	TRBV5-1	TRBJ2-6	1
CASSVYRGPSTEAFF	TRBV19	TRBJ1-1	1
CASSVYSSGGIEETQYF	TRBV19	TRBJ2-5	1
CASSVYSTDTQYF	TRBV19	TRBJ2-3	1
CASSWAAGDLVVSGNTIYF	TRBV28	TRBJ1-3	1
CASSWADNQPQHF	TRBV27	TRBJ1-5	1
CASSWAEQGYEQYF	TRBV19	TRBJ2-7	1
CASSWAGAGLENEQYF	TRBV7-9	TRBJ2-7	2
CASSWAGDGTDTQYF	TRBV5-1	TRBJ2-3	1
CASSWAGGNSPLHF	TRBV13	TRBJ1-6	1
CASSWAGLDYGYTF	TRBV12-3	TRBJ1-2	1
CASSWAGPHTEAFF	TRBV19	TRBJ1-1	1
CASSWAGTDTQYF	TRBV27	TRBJ2-3	1
CASSWAGTKTDTQYF	TRBV12-4	TRBJ2-3	1
CASSWAPSGANVLTF	TRBV7-2	TRBJ2-6	1
CASSWATGGATYEQYF	TRBV5-6	TRBJ2-7	1
CASSWATGGQETQYF	TRBV12-3	TRBJ2-5	1
CASSWATSGGSAYEQYF	TRBV5-6	TRBJ2-7	1
CASSWAYTPQETQYF	TRBV11-2	TRBJ2-5	1
CASSWDFQPPYEQYF	TRBV5-4	TRBJ2-7	1
CASSWDGAGNIQYF	TRBV5-4	TRBJ2-4	1
CASSWDGGSYNSPLHF	TRBV27	TRBJ1-6	1
CASSWDGPVAFF	TRBV6-3	TRBJ1-1	1
CASSWDGSGNTIYF	TRBV7-9	TRBJ1-3	1
CASSWDGTSVEQFF	TRBV11-3	TRBJ2-1	1
CASSWDLTSYEQYF	TRBV7-9	TRBJ2-7	4
CASSWDPGTQYF	TRBV6-3	TRBJ2-5	1
CASSWDPLANEQFF	TRBV5-5	TRBJ2-1	1
CASSWDQGYSSYNEQFF	TRBV5-1	TRBJ2-1	1
CASSWDRATGELFF	TRBV12-4	TRBJ2-2	1
CASSWDRDYNEQYF	TRBV7-9	TRBJ2-7	1
CASSWDREGAGELFF	TRBV7-3	TRBJ2-2	1
CASSWDRGRGTEAFF	TRBV28	TRBJ1-1	1
CASSWDRMGETQYF	TRBV28	TRBJ2-5	1
CASSWDRSYEQYF	TRBV5-6	TRBJ2-7	1
CASSWDRVLYEQYF	TRBV7-9	TRBJ2-7	1
CASSWDRVREQYF	TRBV6-6	TRBJ2-7	1
CASSWDRVVYF	TRBV12-4	TRBJ2-4	1
CASSWDSLYSNQPQHF	TRBV7-8	TRBJ1-5	1
CASSWDSQYEQYF	TRBV6-5	TRBJ2-7	1
CASSWDSRGTGELFF	TRBV5-1	TRBJ2-2	1
CASSWDSSETQYF	TRBV5-4	TRBJ2-5	1
CASSWDSSYEQYF	TRBV5-1	TRBJ2-7	1
CASSWDSSYEQYF	TRBV5-4	TRBJ2-7	1
CASSWDSYNEQFF	TRBV5-1	TRBJ2-1	1
CASSWDSYNEQFF	TRBV7-3	TRBJ2-1	1
CASSWDTSYEQYF	TRBV6-6	TRBJ2-7	1
CASSWDTTYEQYF	TRBV5-1	TRBJ2-7	1
CASSWDWNSPLHF	TRBV5-5	TRBJ1-6	1
CASSWDWSTEAFF	TRBV27	TRBJ1-1	1
CASSWDYSLDEQFF	TRBV6-3	TRBJ2-1	2
CASSWEDTQYF	TRBV27	TRBJ2-3	1
CASSWEEAGQTYEQYF	TRBV7-9	TRBJ2-7	1
CASSWEGQGSTNEKLFF	TRBV7-2	TRBJ1-4	1
CASSWEGRSSYNEQFF	TRBV19	TRBJ2-1	1
CASSWEGVYEQYF	TRBV7-2	TRBJ2-7	1
CASSWEIPGLAGDVNEQFF	TRBV12-3	TRBJ2-1	1
CASSWENNEQFF	TRBV7-2	TRBJ2-1	1
CASSWEQGVRTEAFF	TRBV28	TRBJ1-1	1
CASSWEQVRGTEAFF	TRBV5-5	TRBJ1-1	1
CASSWESNQPQHF	TRBV6-3	TRBJ1-5	1
CASSWESQGSGYTF	TRBV5-1	TRBJ1-2	1
CASSWETGRPTYTQYF	TRBV28	TRBJ2-3	1
CASSWGAARGNQPQHF	TRBV5-5	TRBJ1-5	1
CASSWGAEGEKLFF	TRBV7-9	TRBJ1-4	1
CASSWGAFNEKLFF	TRBV6-1	TRBJ1-4	1
CASSWGAYGYTF	TRBV19	TRBJ1-2	64
CASSWGCCAQFF	TRBV5-1	TRBJ2-1	1
CASSWGDETQYF	TRBV19	TRBJ2-5	1
CASSWGDGDTEAFF	TRBV5-6	TRBJ1-1	1
CASSWGDNSGNTIYF	TRBV5-6	TRBJ1-3	1
CASSWGDQETQYF	TRBV7-2	TRBJ2-5	1
CASSWGDSANTGELFF	TRBV5-5	TRBJ2-2	1
CASSWGDTQYF	TRBV7-9	TRBJ2-3	1
CASSWGDYNEQFF	TRBV7-2	TRBJ2-1	1
CASSWGEGQPQHF	TRBV5-6	TRBJ1-5	1
CASSWGEMNTEAFF	TRBV19	TRBJ1-1	1
CASSWGFANEKLFF	TRBV12-3	TRBJ1-4	1
CASSWGFTDTQYF	TRBV6-6	TRBJ2-3	1
CASSWGGATGTHEQYF	TRBV27	TRBJ2-7	1
CASSWGGDEQYF	TRBV7-2	TRBJ2-7	1
CASSWGGDRAYEQYF	TRBV7-9	TRBJ2-7	1
CASSWGGDTEAFF	TRBV7-6	TRBJ1-1	1
CASSWGGGAYEQYF	TRBV5-5	TRBJ2-7	1
CASSWGGGGRPYEQYF	TRBV5-6	TRBJ2-7	2
CASSWGGGPGELFF	TRBV5-1	TRBJ2-2	1
CASSWGGGQTQYF	TRBV13	TRBJ2-5	1
CASSWGGGSHYGHTF	TRBV11-2	TRBJ1-2	1
CASSWGGGSHYGYTF	TRBV11-2	TRBJ1-2	3715
CASSWGGGSHYGYTF	TRBV7-2	TRBJ1-2	2
CASSWGGGSSTDTQYF	TRBV5-6	TRBJ2-3	1
CASSWGGHGAPTDTQYF	TRBV5-4	TRBJ2-3	1
CASSWGGLSNQPQHF	TRBV19	TRBJ1-5	1
CASSWGGPNTEAFF	TRBV7-9	TRBJ1-1	2
CASSWGGQGGQYF	TRBV27	TRBJ2-7	1
CASSWGGRETQYF	TRBV7-3	TRBJ2-5	1
CASSWGGRNTEAFF	TRBV11-2	TRBJ1-1	1
CASSWGGRRNTEAFF	TRBV5-1	TRBJ1-1	1
CASSWGGSQAEAFF	TRBV5-6	TRBJ1-1	1
CASSWGGTQHF	TRBV7-9	TRBJ1-5	1
CASSWGGTYEQYF	TRBV27	TRBJ2-7	1
CASSWGGYNEQFF	TRBV5-6	TRBJ2-1	1
CASSWGIYEKLFF	TRBV27	TRBJ1-4	1
CASSWGLAEINEQFF	TRBV7-2	TRBJ2-1	1
CASSWGLAGGWGTGELFF	TRBV7-2	TRBJ2-2	1
CASSWGLANYEQYF	TRBV6-3	TRBJ2-7	1
CASSWGLATDTQYF	TRBV12-4	TRBJ2-3	3
CASSWGLGGSRLAYNEQFF	TRBV5-1	TRBJ2-1	1
CASSWGLGRDTGELFF	TRBV11-2	TRBJ2-2	1
CASSWGLNEQYF	TRBV6-3	TRBJ2-7	1
CASSWGLRRTYEQYF	TRBV7-3	TRBJ2-7	1
CASSWGLTDTQYF	TRBV27	TRBJ2-3	1
CASSWGLVIQNEQFF	TRBV7-2	TRBJ2-1	1
CASSWGMTGELFF	TRBV7-9	TRBJ2-2	1
CASSWGNEQFF	TRBV12-3	TRBJ2-1	1
CASSWGPAENQETQYF	TRBV27	TRBJ2-5	1
CASSWGPGMNTGELFF	TRBV13	TRBJ2-2	1
CASSWGPILYEQYF	TRBV6-5	TRBJ2-7	1
CASSWGPNEQFF	TRBV7-2	TRBJ2-1	1
CASSWGQAHQPQHF	TRBV5-6	TRBJ1-5	1
CASSWGQGARYEQYF	TRBV7-2	TRBJ2-7	1
CASSWGQGGNEQFF	TRBV7-9	TRBJ2-1	1
CASSWGQGKMNTEAFF	TRBV5-1	TRBJ1-1	1
CASSWGQGNEQFF	TRBV12-4	TRBJ2-1	1
CASSWGQGNQPQHF	TRBV6-5	TRBJ1-5	1
CASSWGQGNTEAFF	TRBV19	TRBJ1-1	1
CASSWGQGSAYTF	TRBV6-3	TRBJ1-2	1
CASSWGQGSPLHF	TRBV6-3	TRBJ1-6	1
CASSWGQLGAFF	TRBV28	TRBJ1-1	1
CASSWGQMNTEAFF	TRBV28	TRBJ1-1	1
CASSWGQNNEQFF	TRBV11-1	TRBJ2-1	1
CASSWGQNYGYTF	TRBV11-2	TRBJ1-2	1
CASSWGQSISGVFNNEQFF	TRBV28	TRBJ2-1	3
CASSWGQSTDTQYF	TRBV27	TRBJ2-3	1
CASSWGQTFYNEQFF	TRBV6-5	TRBJ2-1	1
CASSWGQVTDTQYF	TRBV11-1	TRBJ2-3	1
CASSWGRDEQYF	TRBV5-6	TRBJ2-7	1
CASSWGSDNEQFF	TRBV5-6	TRBJ2-1	1
CASSWGSEQYF	TRBV7-8	TRBJ2-7	1
CASSWGSGDTDTQYF	TRBV12-3	TRBJ2-3	1
CASSWGSNSPLHF	TRBV11-3	TRBJ1-6	1
CASSWGSNYGYTF	TRBV27	TRBJ1-2	1
CASSWGSYEQYF	TRBV28	TRBJ2-7	1
CASSWGTDYEQYF	TRBV27	TRBJ2-7	1
CASSWGTENTEAFF	TRBV12-4	TRBJ1-1	1
CASSWGTENTEAFF	TRBV27	TRBJ1-1	1
CASSWGTESNQPQHF	TRBV5-1	TRBJ1-5	1
CASSWGTGLAGGVSYEQYF	TRBV5-4	TRBJ2-7	1
CASSWGTGNYEQYF	TRBV5-4	TRBJ2-7	1
CASSWGTGPYEQYF	TRBV5-4	TRBJ2-7	1
CASSWGTGTNEQFF	TRBV19	TRBJ2-1	1
CASSWGTIDTQYF	TRBV6-5	TRBJ2-3	1
CASSWGTRIGGSTDTQYF	TRBV7-2	TRBJ2-3	1
CASSWGTRTYEQYF	TRBV7-2	TRBJ2-7	1
CASSWGTSGRDEQYF	TRBV5-4	TRBJ2-7	1
CASSWGTSRYNEQFF	TRBV28	TRBJ2-1	1
CASSWGTSYEQYF	TRBV19	TRBJ2-7	1
CASSWGTVYEQYF	TRBV5-6	TRBJ2-7	1
CASSWGVMNTEAFF	TRBV6-5	TRBJ1-1	2
CASSWGVSSYNEQFF	TRBV7-2	TRBJ2-1	1
CASSWGYGYTF	TRBV5-4	TRBJ1-2	1
CASSWGYNQPQHF	TRBV27	TRBJ1-5	1
CASSWGYRPAYEQYF	TRBV12-4	TRBJ2-7	1
CASSWKRLAGGQFYEQFF	TRBV7-2	TRBJ2-1	1
CASSWLAAQETQYF	TRBV7-2	TRBJ2-5	1
CASSWLAGGENEQFF	TRBV7-9	TRBJ2-1	1
CASSWLAGGYNEQFF	TRBV7-3	TRBJ2-1	1
CASSWLAGSTDTQYF	TRBV7-9	TRBJ2-3	1
CASSWLAGTQETQYF	TRBV6-5	TRBJ2-5	1
CASSWLGDPAYEQYF	TRBV27	TRBJ2-7	1
CASSWLGRVWGNQPQHF	TRBV6-1	TRBJ1-5	1
CASSWLQGSEQYF	TRBV6-5	TRBJ2-5	1
CASSWLRDDRSWEQYF	TRBV6-5	TRBJ2-7	1
CASSWLSGPWGRPGELFF	TRBV5-1	TRBJ2-2	1
CASSWMGTGEGDQPQHF	TRBV18	TRBJ1-5	1
CASSWNGGPQETQYF	TRBV7-9	TRBJ2-5	1
CASSWNQGQIHSGNTIYF	TRBV5-6	TRBJ1-3	1
CASSWNRDRYNTEAFF	TRBV5-6	TRBJ1-1	29
CASSWNREAFF	TRBV12-4	TRBJ1-1	1
CASSWNSGRGTPGELFF	TRBV7-3	TRBJ2-2	1
CASSWNSREQFF	TRBV6-3	TRBJ2-1	1
CASSWNTYNEQFF	TRBV12-3	TRBJ2-1	1
CASSWPGGTEAFF	TRBV27	TRBJ1-1	1
CASSWPGIEAFF	TRBV19	TRBJ1-1	1
CASSWPGQEYGYTF	TRBV6-3	TRBJ1-2	1
CASSWPLLAGVGNEQFF	TRBV13	TRBJ2-1	1
CASSWPSEETQYF	TRBV12-4	TRBJ2-5	1
CASSWPVLEQYF	TRBV5-4	TRBJ2-7	1
CASSWQETQYF	TRBV13	TRBJ2-5	1
CASSWQGLGTEAFF	TRBV6-6	TRBJ1-1	1
CASSWQGPDTQYF	TRBV12-4	TRBJ2-3	1
CASSWQLGATEAFF	TRBV6-3	TRBJ1-1	1
CASSWQTDANEKLFF	TRBV7-9	TRBJ1-4	1
CASSWQTNTGELFF	TRBV11-1	TRBJ2-2	1
CASSWRAPYEQYF	TRBV27	TRBJ2-7	1
CASSWRDRRPWETQYF	TRBV7-2	TRBJ2-5	1
CASSWRDSSEQYF	TRBV19	TRBJ2-7	1
CASSWRETQYF	TRBV19	TRBJ2-5	1
CASSWRGASGKLFF	TRBV28	TRBJ1-4	1
CASSWRGLVLDTQYF	TRBV7-2	TRBJ2-3	1
CASSWRGRNSPLHF	TRBV27	TRBJ1-6	1
CASSWRQGKDYGYTF	TRBV6-5	TRBJ1-2	1
CASSWRQGNSYEQYF	TRBV5-1	TRBJ2-7	1
CASSWRQGPYGYTF	TRBV7-2	TRBJ1-2	1
CASSWRQPFRKQFF	TRBV4-3	TRBJ2-1	1
CASSWRSSYEQYF	TRBV27	TRBJ2-7	1
CASSWRTGRQNTEAFF	TRBV5-6	TRBJ1-1	1
CASSWRTGTGGEQYF	TRBV7-8	TRBJ2-7	1
CASSWRTLPYEQYF	TRBV27	TRBJ2-7	1
CASSWSAGRLELGWEAFF	TRBV6-6	TRBJ1-1	1
CASSWSGDNEQFF	TRBV5-4	TRBJ2-1	1
CASSWSGGGSYEQYF	TRBV7-8	TRBJ2-7	1
CASSWSGGLETQYF	TRBV11-2	TRBJ2-5	1
CASSWSGNTIYF	TRBV5-1	TRBJ1-3	1
CASSWSGRDEQYF	TRBV7-9	TRBJ2-7	1
CASSWSLGTDSYEQYF	TRBV5-5	TRBJ2-7	1
CASSWSNYGYTF	TRBV5-5	TRBJ1-2	1
CASSWSPGHRSYEQYF	TRBV6-6	TRBJ2-7	1
CASSWSPNTEAFF	TRBV27	TRBJ1-1	1
CASSWSPTDTQYF	TRBV10-1	TRBJ2-3	1
CASSWSSAGGPSYEQYF	TRBV5-6	TRBJ2-7	1
CASSWSSGTYTDTQYF	TRBV5-1	TRBJ2-3	1
CASSWSSSGANVLTF	TRBV27	TRBJ2-6	5
CASSWSVYPSGTGGSYNEQFF	TRBV28	TRBJ2-1	1
CASSWSYEQYF	TRBV6-3	TRBJ2-7	1
CASSWTAAYEQYF	TRBV6-6	TRBJ2-7	1
CASSWTAGYGYTF	TRBV13	TRBJ1-2	1
CASSWTANSPLHF	TRBV6-3	TRBJ1-6	1
CASSWTANTEAFF	TRBV5-8	TRBJ1-1	1
CASSWTASTDTQYF	TRBV12-4	TRBJ2-3	1
CASSWTASTDTQYF	TRBV6-6	TRBJ2-3	1
CASSWTDYGYTF	TRBV19	TRBJ1-2	1
CASSWTGDNSPLHF	TRBV7-9	TRBJ1-6	1
CASSWTGDQPQHF	TRBV6-3	TRBJ1-5	1
CASSWTGEAEAFF	TRBV11-3	TRBJ1-1	1
CASSWTGEDKETQYF	TRBV7-2	TRBJ2-5	1
CASSWTGEGANVLTF	TRBV6-5	TRBJ2-6	1
CASSWTGGADTQYF	TRBV7-8	TRBJ2-3	1
CASSWTGGGDEAFF	TRBV5-6	TRBJ1-1	1
CASSWTGGGGETQYF	TRBV5-1	TRBJ2-5	1
CASSWTGGSTGELFF	TRBV25-1	TRBJ2-2	1
CASSWTGLGTEAFF	TRBV19	TRBJ1-1	1
CASSWTGMHEQYF	TRBV5-1	TRBJ2-7	1
CASSWTGNGYTF	TRBV6-5	TRBJ1-2	1
CASSWTGVVESPEQYF	TRBV16	TRBJ2-7	1
CASSWTLDGEQFF	TRBV7-2	TRBJ2-1	1
CASSWTLFSGANVLTF	TRBV27	TRBJ2-6	1
CASSWTMTQAPDEQYF	TRBV5-1	TRBJ2-7	1
CASSWTPWPRGYTF	TRBV7-2	TRBJ1-2	1
CASSWTSETYEQYF	TRBV28	TRBJ2-7	1
CASSWTSGGHPPQYF	TRBV6-3	TRBJ2-3	8
CASSWTSGGVYNEQFF	TRBV7-6	TRBJ2-1	1
CASSWTSGGYEQYF	TRBV5-5	TRBJ2-7	1
CASSWTSGIYNEQFF	TRBV7-8	TRBJ2-1	1
CASSWTSGQETQYF	TRBV7-7	TRBJ2-5	1
CASSWTSGRAGEQFF	TRBV27	TRBJ2-1	1
CASSWTSGREDTQYF	TRBV27	TRBJ2-3	1
CASSWTSGRTDSTDTQYF	TRBV12-3	TRBJ2-3	1
CASSWTSGRVTQYF	TRBV7-2	TRBJ2-3	1
CASSWTSGSGDTQYF	TRBV2	TRBJ2-3	1
CASSWTSGSSSYNEQFF	TRBV21-1	TRBJ2-1	1
CASSWTSGSYEQYF	TRBV12-3	TRBJ2-7	1
CASSWTSGSYEQYF	TRBV7-2	TRBJ2-7	1
CASSWTSGTDTQYF	TRBV5-4	TRBJ2-3	1
CASSWTSNFDGDEQFF	TRBV7-6	TRBJ2-1	1
CASSWTSNTGELFF	TRBV27	TRBJ2-2	1
CASSWTSSNEQFF	TRBV12-3	TRBJ2-1	1
CASSWTTEAFF	TRBV28	TRBJ1-1	1
CASSWTTGTDTQYF	TRBV5-1	TRBJ2-3	1
CASSWTTQETQYF	TRBV5-6	TRBJ2-5	1
CASSWTTSGGQETQYF	TRBV5-1	TRBJ2-5	1
CASSWTVGYEQYF	TRBV6-3	TRBJ2-7	1
CASSWTVSGANVLTF	TRBV5-4	TRBJ2-6	1
CASSWVDRGRFGTEAFF	TRBV5-4	TRBJ1-1	1
CASSWVGDTQYF	TRBV7-3	TRBJ2-3	1
CASSWVGEAYEQYF	TRBV5-8	TRBJ2-7	1
CASSWVGGGEQYF	TRBV4-3	TRBJ2-7	1
CASSWVGQLTGELFF	TRBV28	TRBJ2-2	1
CASSWVGVAYNEQFF	TRBV12-3	TRBJ2-1	1
CASSWVIYSNTEAFF	TRBV6-3	TRBJ1-1	1
CASSWVQGAVNEKLFF	TRBV2	TRBJ1-4	1
CASSWVRGETQYF	TRBV27	TRBJ2-5	1
CASSWVRSNEQYF	TRBV12-4	TRBJ2-7	1
CASSWVSQGTRNTIYF	TRBV11-2	TRBJ1-3	1
CASSWVSSSYNEQFF	TRBV7-8	TRBJ2-1	1
CASSWVYNSPLHF	TRBV4-3	TRBJ1-6	1
CASSWWGDPNYGYTF	TRBV2	TRBJ1-2	1
CASSWWSGEETQYF	TRBV11-2	TRBJ2-5	1
CASSWYQETQYF	TRBV5-1	TRBJ2-5	1
CASSWYSNEQFF	TRBV7-2	TRBJ2-1	1
CASSYAAGGGNEQFF	TRBV7-3	TRBJ2-1	1
CASSYAAGTVNQPQHF	TRBV6-3	TRBJ1-5	1
CASSYAAVTSTDTQYF	TRBV6-3	TRBJ2-3	1
CASSYADPGGPDTGELFF	TRBV6-5	TRBJ2-2	1
CASSYADTTSYEQYF	TRBV6-3	TRBJ2-7	1
CASSYADYEQYF	TRBV6-3	TRBJ2-7	1
CASSYAGASYEQYF	TRBV28	TRBJ2-7	1
CASSYAGEEEQYF	TRBV12-3	TRBJ2-7	1
CASSYAGFHQPQHF	TRBV6-3	TRBJ1-5	1
CASSYAGFVFF	TRBV6-3	TRBJ1-1	1
CASSYAGGFETNEKLFF	TRBV6-5	TRBJ1-4	1
CASSYAGGGDNEQFF	TRBV6-5	TRBJ2-1	1
CASSYAGGGELFF	TRBV6-3	TRBJ2-2	1
CASSYAGGGNQPQHF	TRBV6-3	TRBJ1-5	1
CASSYAGLAVGGEQFF	TRBV6-3	TRBJ2-1	1
CASSYAGPNTEAFF	TRBV6-5	TRBJ1-1	1
CASSYAGPRVLTF	TRBV5-4	TRBJ2-6	1
CASSYAGTSGGSYEQYF	TRBV6-5	TRBJ2-7	1
CASSYAGTSGSLDEQFF	TRBV6-3	TRBJ2-1	1
CASSYAGTSSYNEQFF	TRBV7-6	TRBJ2-1	1
CASSYAGVISGNTIYF	TRBV6-6	TRBJ1-3	1
CASSYAKRSSYEQYF	TRBV6-3	TRBJ2-7	1
CASSYALAGGPDEQFF	TRBV6-3	TRBJ2-1	1
CASSYANRGNQPQHF	TRBV6-5	TRBJ1-5	1
CASSYANTCTDTQYF	TRBV12-4	TRBJ2-3	1
CASSYAPNQPQHF	TRBV6-5	TRBJ1-5	1
CASSYARNYNEQFF	TRBV6-5	TRBJ2-1	1
CASSYASGGEDTQYF	TRBV6-6	TRBJ2-3	1
CASSYASGNTIYF	TRBV6-5	TRBJ1-3	1
CASSYASNSPLHF	TRBV5-5	TRBJ1-6	1
CASSYASQGEQYF	TRBV6-5	TRBJ2-7	1
CASSYASSGGSEQYF	TRBV11-1	TRBJ2-7	1
CASSYATGELFF	TRBV6-5	TRBJ2-2	1
CASSYATGGGTEAFF	TRBV6-5	TRBJ1-1	1
CASSYATQGARGYTF	TRBV6-5	TRBJ1-2	1
CASSYAVNTEAFF	TRBV27	TRBJ1-1	1
CASSYAVPGELFF	TRBV6-5	TRBJ2-2	1
CASSYAWDYGYTF	TRBV6-5	TRBJ1-2	1
CASSYCCGTEAFF	TRBV7-2	TRBJ1-1	1
CASSYCCHRMDYEQYF	TRBV6-3	TRBJ2-7	1
CASSYCCSLNTEAFF	TRBV6-5	TRBJ1-1	1
CASSYDAGGEKTQYF	TRBV6-5	TRBJ2-5	1
CASSYDATTNEKLFF	TRBV5-6	TRBJ1-4	1
CASSYDGGGTDTQYF	TRBV6-6	TRBJ2-3	1
CASSYDGLNEQYF	TRBV6-3	TRBJ2-7	1
CASSYDGLPGPTLHTF	TRBV6-6	TRBJ1-2	1
CASSYDGTSLNEQFF	TRBV6-3	TRBJ2-1	1
CASSYDGTTLYTGELFF	TRBV6-3	TRBJ2-2	1
CASSYDINRDSTYEQYF	TRBV6-3	TRBJ2-7	1
CASSYDLAGAMPYEQYF	TRBV6-6	TRBJ2-7	1
CASSYDLPRNTGELFF	TRBV6-3	TRBJ2-2	1
CASSYDMVHQYF	TRBV6-3	TRBJ2-5	1
CASSYDPGQSYEQYF	TRBV6-3	TRBJ2-7	1
CASSYDQPQHF	TRBV28	TRBJ1-5	1
CASSYDRDEQYF	TRBV6-6	TRBJ2-7	1
CASSYDRDNEKLFF	TRBV19	TRBJ1-4	1
CASSYDRDPEAFF	TRBV7-9	TRBJ1-1	1
CASSYDREEVDTQYF	TRBV6-3	TRBJ2-3	1
CASSYDRFYNSPLHF	TRBV6-6	TRBJ1-6	1
CASSYDRGKGDNQPQHF	TRBV27	TRBJ1-5	1
CASSYDRGRGSGSYEQYF	TRBV7-9	TRBJ2-7	1
CASSYDRGVGYTF	TRBV13	TRBJ1-2	1
CASSYDRVKNIQYF	TRBV5-4	TRBJ2-4	1
CASSYDSELNNEQFF	TRBV6-5	TRBJ2-1	1
CASSYDSQKSSGNTIYF	TRBV6-5	TRBJ1-3	1
CASSYDTGQTSSYNSPLHF	TRBV6-3	TRBJ1-6	1
CASSYDTRTSGGGHEQFF	TRBV5-1	TRBJ2-1	2
CASSYDWTITSYNEQFF	TRBV6-3	TRBJ2-1	1
CASSYEAGAGETQYF	TRBV6-5	TRBJ2-5	2
CASSYEAGPNEKLFF	TRBV6-6	TRBJ1-4	1
CASSYEAGRLEPYEQYF	TRBV5-8	TRBJ2-7	1
CASSYEAYEQYF	TRBV6-3	TRBJ2-7	1
CASSYEGARAEAFF	TRBV6-5	TRBJ1-1	1
CASSYEGASTDTQYF	TRBV6-5	TRBJ2-3	1
CASSYEGDGNSPLHF	TRBV27	TRBJ1-6	1
CASSYEGFPEQFF	TRBV6-6	TRBJ2-1	1
CASSYEGGQDYTDTQYF	TRBV5-1	TRBJ2-3	1
CASSYEGNEQFF	TRBV6-5	TRBJ2-1	1
CASSYEGQAPYGYTF	TRBV6-3	TRBJ1-2	1
CASSYEGRGGELFF	TRBV6-6	TRBJ2-2	1
CASSYEGTLNYYIEQFF	TRBV6-3	TRBJ2-1	1
CASSYEGVETQYF	TRBV6-6	TRBJ2-5	1
CASSYEKRVYEQYF	TRBV6-3	TRBJ2-7	1
CASSYELGGDSWINEQYF	TRBV6-3	TRBJ2-7	1
CASSYEQGTYNEQFF	TRBV6-5	TRBJ2-1	1
CASSYEQTGKGGYTF	TRBV4-1	TRBJ1-2	1
CASSYETGAYEQYF	TRBV6-6	TRBJ2-7	1
CASSYETGSAENQPQHF	TRBV6-6	TRBJ1-5	1
CASSYEVARETQYF	TRBV6-3	TRBJ2-5	1
CASSYEVPTLYEQYF	TRBV6-3	TRBJ2-7	1
CASSYEVVGANVLTF	TRBV6-3	TRBJ2-6	1
CASSYEWAEAFF	TRBV5-5	TRBJ1-1	1
CASSYEWGWPQHF	TRBV3-1	TRBJ1-5	1
CASSYEWSDGYTF	TRBV6-3	TRBJ1-2	1
CASSYFAASNQPQHF	TRBV6-3	TRBJ1-5	1
CASSYFANTEAFF	TRBV6-5	TRBJ1-1	1
CASSYFDRGSITEAFF	TRBV6-3	TRBJ1-1	1
CASSYFFGDLIQYF	TRBV6-5	TRBJ2-4	1
CASSYFFPGGRAPYEQYF	TRBV6-6	TRBJ2-7	1
CASSYFFQGPLYEQFF	TRBV6-3	TRBJ2-1	1
CASSYFGLRDTYEQYF	TRBV6-3	TRBJ2-7	1
CASSYFGQRNSPLHF	TRBV6-3	TRBJ1-6	1
CASSYFGQSVLGYTF	TRBV6-3	TRBJ1-2	1
CASSYFGRARDEQYF	TRBV6-5	TRBJ2-7	1
CASSYFGTSGGDTDTQYF	TRBV6-5	TRBJ2-3	1
CASSYFIGYEQYF	TRBV6-3	TRBJ2-7	1
CASSYFPYRGLYYNEQFF	TRBV6-3	TRBJ2-1	1
CASSYFQKRMSSYNEQFF	TRBV6-3	TRBJ2-1	1
CASSYFRLAGVDTQYF	TRBV6-6	TRBJ2-3	1
CASSYFRSGANVLTF	TRBV6-3	TRBJ2-6	1
CASSYFSATNEQFF	TRBV6-5	TRBJ2-1	1
CASSYFSDLQETQYF	TRBV6-5	TRBJ2-5	1
CASSYFSGANVLTF	TRBV5-6	TRBJ2-6	5
CASSYFSGDYYNEQFF	TRBV6-3	TRBJ2-1	1
CASSYFSGGAETQYF	TRBV6-3	TRBJ2-5	1
CASSYFSGKNTGELFF	TRBV6-6	TRBJ2-2	1
CASSYFSLETAREQFF	TRBV6-5	TRBJ2-1	1
CASSYFSPLAVNTGELFF	TRBV6-5	TRBJ2-2	1
CASSYFSTVNEKLFF	TRBV28	TRBJ1-4	1
CASSYFTEDRWTGELFF	TRBV6-6	TRBJ2-2	1
CASSYFTRGGTDTQYF	TRBV6-3	TRBJ2-3	1
CASSYFTRNTEAFF	TRBV6-3	TRBJ1-1	1
CASSYFVRPLSGANVLTF	TRBV6-3	TRBJ2-6	1
CASSYGALEMETQYF	TRBV7-2	TRBJ2-5	1
CASSYGAMNTEAFF	TRBV6-5	TRBJ1-1	1
CASSYGAPGNTIYF	TRBV6-5	TRBJ1-3	1
CASSYGASGAYNEQFF	TRBV6-5	TRBJ2-1	1
CASSYGASYEQYF	TRBV28	TRBJ2-7	1
CASSYGATNEKLFF	TRBV12-4	TRBJ1-4	1
CASSYGAYEQYF	TRBV12-3	TRBJ2-7	1
CASSYGDGTYEQYF	TRBV6-5	TRBJ2-7	1
CASSYGDMNTEAFF	TRBV6-5	TRBJ1-1	1
CASSYGDRGHGYTF	TRBV6-5	TRBJ1-2	7
CASSYGDRHNEQFF	TRBV6-5	TRBJ2-1	1
CASSYGDTGELFF	TRBV6-3	TRBJ2-2	1
CASSYGDTGELFF	TRBV6-5	TRBJ2-2	1
CASSYGEAGELFF	TRBV6-3	TRBJ2-2	1
CASSYGEDYGYTF	TRBV6-5	TRBJ1-2	1
CASSYGEFGNQPQHF	TRBV28	TRBJ1-5	1
CASSYGEGSYEQYF	TRBV6-5	TRBJ2-7	1
CASSYGEISGNTIYF	TRBV6-3	TRBJ1-3	1
CASSYGERTSTYEQYF	TRBV6-6	TRBJ2-7	1
CASSYGESSYNEQFF	TRBV6-5	TRBJ2-1	1
CASSYGFNQPQHF	TRBV6-5	TRBJ1-5	1
CASSYGFREQFF	TRBV6-3	TRBJ2-1	1
CASSYGGAGEQYF	TRBV6-5	TRBJ2-7	1
CASSYGGAGNTIYF	TRBV13	TRBJ1-3	1
CASSYGGALEQFF	TRBV6-3	TRBJ2-1	1
CASSYGGASNEQFF	TRBV6-5	TRBJ2-1	1
CASSYGGATDTQYF	TRBV6-5	TRBJ2-3	1
CASSYGGEDQPQHF	TRBV6-5	TRBJ1-5	1
CASSYGGELGFEQFF	TRBV6-3	TRBJ2-1	1
CASSYGGENNSPLHF	TRBV6-6	TRBJ1-6	2
CASSYGGEQYF	TRBV6-3	TRBJ2-7	1
CASSYGGFNEKLFF	TRBV6-5	TRBJ1-4	1
CASSYGGFNQPQHF	TRBV6-3	TRBJ1-5	1
CASSYGGGAMKTQYF	TRBV11-1	TRBJ2-5	1
CASSYGGGANEKLFF	TRBV6-5	TRBJ1-4	1
CASSYGGGFGEAFF	TRBV6-5	TRBJ1-1	1
CASSYGGGPYEQYF	TRBV6-3	TRBJ2-7	1
CASSYGGGTEAFF	TRBV6-3	TRBJ1-1	1
CASSYGGGTEAFF	TRBV6-5	TRBJ1-1	1
CASSYGGISEKLFF	TRBV6-5	TRBJ1-4	1
CASSYGGLDGYTF	TRBV6-5	TRBJ1-2	1
CASSYGGNSYEQYF	TRBV6-5	TRBJ2-7	1
CASSYGGNTEAFF	TRBV6-3	TRBJ1-1	2
CASSYGGPQETQYF	TRBV7-2	TRBJ2-5	1
CASSYGGPYEQYF	TRBV6-3	TRBJ2-7	1
CASSYGGQETQYF	TRBV6-5	TRBJ2-5	1
CASSYGGQGAYEQYF	TRBV6-5	TRBJ2-7	1
CASSYGGQGGEKLFF	TRBV6-5	TRBJ1-4	1
CASSYGGRAYEQYF	TRBV6-3	TRBJ2-7	1
CASSYGGRETQYF	TRBV6-5	TRBJ2-5	1
CASSYGGSGSYEQYF	TRBV9	TRBJ2-7	1
CASSYGGSPSSYEQYF	TRBV6-5	TRBJ2-7	1
CASSYGGSPYTDSDYGYTF	TRBV6-3	TRBJ1-2	1
CASSYGGSSYEQYF	TRBV6-3	TRBJ2-7	1
CASSYGGTGGIDTQYF	TRBV6-5	TRBJ2-3	1
CASSYGGTGLYGYTF	TRBV6-5	TRBJ1-2	1
CASSYGGTSGGPFF	TRBV6-3	TRBJ2-1	1
CASSYGGTVGDEQFF	TRBV6-3	TRBJ2-1	1
CASSYGGVGAYEQYF	TRBV6-5	TRBJ2-7	1
CASSYGGWSYEQYF	TRBV6-5	TRBJ2-7	1
CASSYGGYNQPQHF	TRBV6-3	TRBJ1-5	1
CASSYGGYSYNEQFF	TRBV6-3	TRBJ2-1	1
CASSYGGYTEAFF	TRBV7-3	TRBJ1-1	1
CASSYGITEAFF	TRBV6-3	TRBJ1-1	1
CASSYGLADNEQFF	TRBV6-3	TRBJ2-1	1
CASSYGLAGGPSYNEQFF	TRBV6-6	TRBJ2-1	1
CASSYGLAGGPWDTDTQYF	TRBV4-3	TRBJ2-3	1
CASSYGLAGSDTQYF	TRBV7-3	TRBJ2-3	1
CASSYGLAYEQFF	TRBV6-6	TRBJ2-1	1
CASSYGLGQTNTEAFF	TRBV6-3	TRBJ1-1	1
CASSYGLGRGGWETQYF	TRBV6-6	TRBJ2-5	1
CASSYGLGRKFNTEAFF	TRBV5-4	TRBJ1-1	1
CASSYGLLAQAFQETQYF	TRBV28	TRBJ2-5	1
CASSYGLLQETQYF	TRBV6-3	TRBJ2-5	1
CASSYGLTEAFF	TRBV6-3	TRBJ1-1	1
CASSYGLTYEQYF	TRBV6-3	TRBJ2-7	1
CASSYGLWRVRDGELFF	TRBV6-5	TRBJ2-2	1
CASSYGMDTEAFF	TRBV6-5	TRBJ1-1	1
CASSYGMGQPQHF	TRBV6-3	TRBJ1-5	1
CASSYGNREAITGANVLTF	TRBV28	TRBJ2-6	1
CASSYGPAGVLAYNEQFF	TRBV5-1	TRBJ2-1	1
CASSYGPFKGPNLNEQFF	TRBV6-5	TRBJ2-1	1
CASSYGPGLAGRSSYNEQFF	TRBV6-3	TRBJ2-1	1
CASSYGPGQVMTNYGYTF	TRBV6-5	TRBJ1-2	1
CASSYGPGREDTEAFF	TRBV6-3	TRBJ1-1	1
CASSYGPPGQNYGYTF	TRBV6-6	TRBJ1-2	1
CASSYGPPQVETQYF	TRBV12-3	TRBJ2-5	1
CASSYGPSGRDPGELFF	TRBV6-5	TRBJ2-2	1
CASSYGPVYEQYF	TRBV6-5	TRBJ2-7	1
CASSYGQDGNYEQYF	TRBV6-5	TRBJ2-7	1
CASSYGQEFLEAFF	TRBV6-5	TRBJ1-1	1
CASSYGQGAGYTF	TRBV6-5	TRBJ1-2	1
CASSYGQGAREQYF	TRBV6-5	TRBJ2-7	1
CASSYGQGDSETQYF	TRBV3-1	TRBJ2-5	1
CASSYGQGETQYF	TRBV27	TRBJ2-5	1
CASSYGQGGTDTQYF	TRBV7-9	TRBJ2-3	1
CASSYGQGQETQYF	TRBV5-4	TRBJ2-5	1
CASSYGQGTDTQYF	TRBV27	TRBJ2-3	1
CASSYGQGTGELFF	TRBV6-5	TRBJ2-2	1
CASSYGQGWGYTF	TRBV6-3	TRBJ1-2	1
CASSYGQGWLGQETQYF	TRBV5-4	TRBJ2-5	24
CASSYGQGYEQYF	TRBV7-2	TRBJ2-7	1
CASSYGQLNTEAFF	TRBV6-3	TRBJ1-1	1
CASSYGQNSNQPQHF	TRBV7-6	TRBJ1-5	1
CASSYGQVGYEQYF	TRBV28	TRBJ2-7	1
CASSYGQVNQPQHF	TRBV6-3	TRBJ1-5	1
CASSYGRAELTEAFF	TRBV6-3	TRBJ1-1	1
CASSYGRARYGYTF	TRBV6-3	TRBJ1-2	1
CASSYGRAYEQYF	TRBV6-5	TRBJ2-7	16
CASSYGREPNEQFF	TRBV6-3	TRBJ2-1	1
CASSYGRGNTDTQYF	TRBV6-3	TRBJ2-3	1
CASSYGRGYYNEQFF	TRBV6-3	TRBJ2-1	1
CASSYGRNALSEQYF	TRBV6-5	TRBJ2-7	1
CASSYGRPLGTDTQYF	TRBV6-3	TRBJ2-3	1
CASSYGRYNEQFF	TRBV6-1	TRBJ2-1	1
CASSYGSDTGELFF	TRBV6-3	TRBJ2-2	1
CASSYGSEAFF	TRBV6-3	TRBJ1-1	1
CASSYGSFEAFF	TRBV6-3	TRBJ1-1	1
CASSYGSGDTQYF	TRBV7-9	TRBJ2-3	2
CASSYGSGPYQETQYF	TRBV6-5	TRBJ2-5	1
CASSYGSNQPQHF	TRBV6-3	TRBJ1-5	1
CASSYGSNQPQHF	TRBV6-5	TRBJ1-5	1
CASSYGSPGGNQPQHF	TRBV6-5	TRBJ1-5	1
CASSYGSPGTEAFF	TRBV6-5	TRBJ1-1	1
CASSYGSTGTEAFF	TRBV6-5	TRBJ1-1	1
CASSYGSTYEQYF	TRBV6-3	TRBJ2-7	1
CASSYGSYNEQFF	TRBV27	TRBJ2-1	1
CASSYGTAETQYF	TRBV6-5	TRBJ2-5	1
CASSYGTALEDTQYF	TRBV6-5	TRBJ2-3	1
CASSYGTANNEQFF	TRBV6-3	TRBJ2-1	1
CASSYGTANSEQYF	TRBV27	TRBJ2-7	1
CASSYGTANYGYTF	TRBV6-7	TRBJ1-2	1
CASSYGTAPTSPLHF	TRBV6-5	TRBJ1-6	1
CASSYGTATYGYTF	TRBV6-5	TRBJ1-2	1
CASSYGTDGYTF	TRBV6-5	TRBJ1-2	1
CASSYGTDRDGYTF	TRBV6-5	TRBJ1-2	1
CASSYGTDTQYF	TRBV7-9	TRBJ2-3	1
CASSYGTEAFF	TRBV16	TRBJ1-1	1
CASSYGTFSNQPQHF	TRBV6-3	TRBJ1-5	1
CASSYGTGGEAFF	TRBV7-9	TRBJ1-1	1
CASSYGTGGHESDTQYF	TRBV5-1	TRBJ2-3	1
CASSYGTGGPEAFF	TRBV6-5	TRBJ1-1	1
CASSYGTGGREQYF	TRBV6-5	TRBJ2-7	1
CASSYGTGGTYEQYF	TRBV6-5	TRBJ2-7	1
CASSYGTGNGYTF	TRBV6-3	TRBJ1-2	1
CASSYGTGQPQHF	TRBV6-3	TRBJ1-5	1
CASSYGTGSYEQYF	TRBV6-5	TRBJ2-7	1
CASSYGTGVTEAFF	TRBV27	TRBJ1-1	1
CASSYGTHYGYTF	TRBV27	TRBJ1-2	1
CASSYGTPGEQYF	TRBV6-3	TRBJ2-7	1
CASSYGTSDEQFF	TRBV12-4	TRBJ2-1	1
CASSYGTSGREYF	TRBV27	TRBJ2-7	1
CASSYGTSGYNEQFF	TRBV11-2	TRBJ2-1	1
CASSYGTSRSTDTQYF	TRBV6-3	TRBJ2-3	1
CASSYGTSSVNTEAFF	TRBV5-4	TRBJ1-1	1
CASSYGTVPEQYF	TRBV7-2	TRBJ2-7	1
CASSYGTVSGNTIYF	TRBV6-5	TRBJ1-3	1
CASSYGVAGAGYEQYF	TRBV6-3	TRBJ2-7	1
CASSYGVEQYF	TRBV6-3	TRBJ2-7	1
CASSYGVGQPQHF	TRBV6-3	TRBJ1-5	1
CASSYGVIGEGNTIYF	TRBV6-6	TRBJ1-3	1
CASSYGVLSTDTQYF	TRBV6-5	TRBJ2-3	1
CASSYGVNTEAFF	TRBV6-3	TRBJ1-1	1
CASSYGVSGNTIYF	TRBV6-6	TRBJ1-3	1
CASSYGVSSYTF	TRBV6-3	TRBJ1-2	1
CASSYGVSYEQYF	TRBV6-5	TRBJ2-7	1
CASSYGVSYEQYF	TRBV7-9	TRBJ2-7	1
CASSYGVTSYEQYF	TRBV6-3	TRBJ2-7	1
CASSYGWSSYEQYF	TRBV5-1	TRBJ2-7	1
CASSYGYGYTF	TRBV6-3	TRBJ1-2	1
CASSYGYPYEQYF	TRBV25-1	TRBJ2-7	1
CASSYHEQFF	TRBV6-3	TRBJ2-1	1
CASSYHGQGEQYF	TRBV6-5	TRBJ2-7	1
CASSYHIGQGYTF	TRBV6-5	TRBJ1-2	1
CASSYHNRGGTGELFF	TRBV6-3	TRBJ2-2	1
CASSYHNRNGNEQFF	TRBV6-3	TRBJ2-1	1
CASSYHRESNYGYTF	TRBV6-3	TRBJ1-2	1
CASSYHRPQGARFTDTQYF	TRBV6-3	TRBJ2-3	1
CASSYHRTGDATDTQYF	TRBV6-6	TRBJ2-3	1
CASSYHSGRTDTQYF	TRBV28	TRBJ2-3	1
CASSYHSNQPQHF	TRBV19	TRBJ1-5	2
CASSYHSNQPQHF	TRBV6-3	TRBJ1-5	1
CASSYHTGGLYEQYF	TRBV6-3	TRBJ2-7	1
CASSYHWDSYEQYF	TRBV11-2	TRBJ2-7	1
CASSYIAGVKYEQYF	TRBV7-9	TRBJ2-7	1
CASSYIDGSKETQYF	TRBV6-5	TRBJ2-5	1
CASSYIFRGHLNTEAFF	TRBV5-6	TRBJ1-1	1
CASSYIGGNTEAFF	TRBV7-3	TRBJ1-1	1
CASSYIGQNTEAFF	TRBV6-5	TRBJ1-1	1
CASSYIGRGSSYEQYF	TRBV6-5	TRBJ2-7	1
CASSYILGGEYEQYF	TRBV4-1	TRBJ2-7	1
CASSYILGRNTDTQYF	TRBV7-2	TRBJ2-3	1
CASSYIPYEQYF	TRBV6-3	TRBJ2-7	1
CASSYIQGIYSYEQYF	TRBV6-3	TRBJ2-7	1
CASSYIRDRGKNEQFF	TRBV6-3	TRBJ2-1	1
CASSYIRQSSYNEQFF	TRBV6-3	TRBJ2-1	1
CASSYISTGAPTQYF	TRBV6-6	TRBJ2-5	1
CASSYITDQETQYF	TRBV28	TRBJ2-5	1
CASSYKAGGTNEQFF	TRBV6-3	TRBJ2-1	1
CASSYKALHGELFF	TRBV6-5	TRBJ2-2	1
CASSYKDTGELFF	TRBV6-5	TRBJ2-2	1
CASSYKGMLGYEQYF	TRBV6-5	TRBJ2-7	1
CASSYKGTDTQYF	TRBV6-5	TRBJ2-3	1
CASSYKGYEQYF	TRBV6-6	TRBJ2-7	1
CASSYKRGAPNQPQHF	TRBV6-3	TRBJ1-5	1
CASSYKTGESYNEQFF	TRBV6-3	TRBJ2-1	1
CASSYKTGVEQFF	TRBV7-2	TRBJ2-1	1
CASSYKVEGETQYF	TRBV6-3	TRBJ2-5	1
CASSYLAEQYF	TRBV5-6	TRBJ2-7	1
CASSYLAESIYGYTF	TRBV6-5	TRBJ1-2	1
CASSYLAGAGNTGELFF	TRBV6-5	TRBJ2-2	1
CASSYLAGGPDEQFF	TRBV7-9	TRBJ2-1	1
CASSYLAGPYNEQFF	TRBV5-6	TRBJ2-1	2
CASSYLAGRPDTQYF	TRBV6-5	TRBJ2-3	1
CASSYLAGSSVYNEQFF	TRBV6-3	TRBJ2-1	1
CASSYLAGSTDTQYF	TRBV4-3	TRBJ2-3	1
CASSYLAGVWNEQFF	TRBV7-2	TRBJ2-1	1
CASSYLAPYNEQFF	TRBV6-3	TRBJ2-1	1
CASSYLAQRVADTQYF	TRBV6-6	TRBJ2-3	1
CASSYLARRVGYTF	TRBV5-1	TRBJ1-2	1
CASSYLARTDNTGELFF	TRBV6-5	TRBJ2-2	1
CASSYLDRAPSTPSYPYEQYF	TRBV7-9	TRBJ2-7	1
CASSYLDRGIEQYF	TRBV7-2	TRBJ2-7	1
CASSYLDYARPNSPLHF	TRBV5-6	TRBJ1-6	1
CASSYLFLEQYF	TRBV13	TRBJ2-7	1
CASSYLFSLAGFPYNEQFF	TRBV6-6	TRBJ2-1	1
CASSYLGDGSTDTQYF	TRBV6-3	TRBJ2-3	1
CASSYLGGDAANYGYTF	TRBV6-5	TRBJ1-2	5
CASSYLGGGQPQHF	TRBV6-6	TRBJ1-5	1
CASSYLGGSSTGELFF	TRBV13	TRBJ2-2	1
CASSYLGLAGDLGGELFF	TRBV6-5	TRBJ2-2	1
CASSYLGPEAFF	TRBV6-3	TRBJ1-1	2
CASSYLGQAYSNQPQHF	TRBV28	TRBJ1-5	1
CASSYLGQGAGYNSPLHF	TRBV6-5	TRBJ1-6	1
CASSYLGQGYEQYF	TRBV7-8	TRBJ2-7	1
CASSYLGQGYTDTQYF	TRBV6-3	TRBJ2-3	1
CASSYLGQNEKLFF	TRBV6-5	TRBJ1-4	1
CASSYLGQYNEQFF	TRBV6-5	TRBJ2-1	1
CASSYLGRDRAIHEQYF	TRBV5-1	TRBJ2-7	8
CASSYLGRGYEQYF	TRBV6-5	TRBJ2-7	1
CASSYLGRMNTEAFF	TRBV6-5	TRBJ1-1	1
CASSYLGSNQPQHF	TRBV6-3	TRBJ1-5	1
CASSYLGVHTEAFF	TRBV6-3	TRBJ1-1	1
CASSYLHEQYF	TRBV6-3	TRBJ2-7	1
CASSYLILYYEQYF	TRBV6-3	TRBJ2-7	1
CASSYLKANSNQPQHF	TRBV6-3	TRBJ1-5	1
CASSYLLAGGVYEQYF	TRBV6-5	TRBJ2-7	1
CASSYLLAGLVGLHEQFF	TRBV11-2	TRBJ2-1	1
CASSYLLAGLYNEQFF	TRBV6-6	TRBJ2-1	1
CASSYLLDNNEQFF	TRBV6-5	TRBJ2-1	1
CASSYLLGYEQYF	TRBV6-3	TRBJ2-7	1
CASSYLLPGGGTDEQFF	TRBV6-3	TRBJ2-1	1
CASSYLLSGRHNEQFF	TRBV13	TRBJ2-1	1
CASSYLLSSGGDEKLFF	TRBV6-3	TRBJ1-4	1
CASSYLLTGTSRQETQYF	TRBV7-9	TRBJ2-5	1
CASSYLNEQFF	TRBV7-9	TRBJ2-1	1
CASSYLNKRGEKLFF	TRBV6-5	TRBJ1-4	1
CASSYLNTGELFF	TRBV6-5	TRBJ2-2	1
CASSYLPATPYGYTF	TRBV6-5	TRBJ1-2	1
CASSYLPGTGVGYTF	TRBV6-6	TRBJ1-2	1
CASSYLQDFTDTQYF	TRBV7-9	TRBJ2-3	1
CASSYLQGESYNEQFF	TRBV6-3	TRBJ2-1	1
CASSYLQGNNEQYF	TRBV6-3	TRBJ2-7	1
CASSYLQGYEQYF	TRBV6-3	TRBJ2-7	1
CASSYLQSYEQYF	TRBV7-2	TRBJ2-7	1
CASSYLQTGQGIYSNQPQHF	TRBV6-6	TRBJ1-5	1
CASSYLREANTEAFF	TRBV27	TRBJ1-1	1
CASSYLRETGDTQYF	TRBV6-3	TRBJ2-3	1
CASSYLRTGSVRYNEQFF	TRBV6-3	TRBJ2-1	1
CASSYLSGQNYEQYF	TRBV6-3	TRBJ2-7	1
CASSYLSGSSYEQYF	TRBV6-3	TRBJ2-7	1
CASSYLSTNGYTF	TRBV12-3	TRBJ1-2	1
CASSYLTGGATDTQYF	TRBV6-5	TRBJ2-3	1
CASSYLTGRVYEQFF	TRBV6-5	TRBJ2-1	1
CASSYLTGTGAYEQYF	TRBV14	TRBJ2-7	1
CASSYLTGTSGEQFF	TRBV6-5	TRBJ2-1	1
CASSYLTGYNEQFF	TRBV6-3	TRBJ2-1	1
CASSYLTNYGYTF	TRBV6-5	TRBJ1-2	1
CASSYLTSGGASEQFF	TRBV6-3	TRBJ2-1	1
CASSYLTSGWDEQFF	TRBV6-6	TRBJ2-1	1
CASSYLVEGGINEQYF	TRBV5-1	TRBJ2-7	1
CASSYLVGELFF	TRBV7-2	TRBJ2-2	1
CASSYLVGSSYEQYF	TRBV6-5	TRBJ2-7	1
CASSYLVNQPQHF	TRBV6-3	TRBJ1-5	1
CASSYLVRGGTDTQYF	TRBV6-3	TRBJ2-3	1
CASSYMENYEQYF	TRBV27	TRBJ2-7	1
CASSYMLGQGLSLSGNTIYF	TRBV3-1	TRBJ1-3	1
CASSYMLPLRDRVYEQFF	TRBV6-5	TRBJ2-1	1
CASSYMSYEQYF	TRBV7-2	TRBJ2-7	1
CASSYMTSGSIEQYF	TRBV6-6	TRBJ2-7	1
CASSYNAGTGELFF	TRBV6-5	TRBJ2-2	1
CASSYNAQGDTEAFF	TRBV28	TRBJ1-1	1
CASSYNEQFF	TRBV6-6	TRBJ2-1	1
CASSYNGVNTEAFF	TRBV6-5	TRBJ1-1	1
CASSYNIYLRGYEQYF	TRBV6-5	TRBJ2-7	1
CASSYNLAGGPPDTQYF	TRBV6-6	TRBJ2-3	1
CASSYNLEGKRNTEAFF	TRBV6-3	TRBJ1-1	1
CASSYNPGRRTEAFF	TRBV6-3	TRBJ1-1	1
CASSYNPRGGPPGETQYF	TRBV6-5	TRBJ2-5	1
CASSYNPTGELFF	TRBV6-5	TRBJ2-2	1
CASSYNPVQYDEQFF	TRBV6-3	TRBJ2-1	1
CASSYNQGSYGYTF	TRBV6-5	TRBJ1-2	1
CASSYNSGNTIYF	TRBV6-5	TRBJ1-3	1
CASSYNSRNRLNTEAFF	TRBV28	TRBJ1-1	1
CASSYNTEAFF	TRBV6-3	TRBJ1-1	1
CASSYNTGELFF	TRBV4-1	TRBJ2-2	1
CASSYNTGTGDYGYTF	TRBV6-3	TRBJ1-2	1
CASSYNVLQGGAFF	TRBV6-5	TRBJ1-1	1
CASSYPAMNTEAFF	TRBV5-6	TRBJ1-1	1
CASSYPDDTQYF	TRBV6-5	TRBJ2-3	1
CASSYPDNYGYTF	TRBV7-2	TRBJ1-2	1
CASSYPDPHTPTNEKLFF	TRBV6-6	TRBJ1-4	1
CASSYPDRAGANVLTF	TRBV9	TRBJ2-6	1
CASSYPDRGDTGELFF	TRBV7-9	TRBJ2-2	1
CASSYPDRGTTYEQYF	TRBV6-3	TRBJ2-7	2
CASSYPENTGELFF	TRBV5-4	TRBJ2-2	1
CASSYPEQGPYNEQFF	TRBV6-3	TRBJ2-1	1
CASSYPFGVGPDTQYF	TRBV12-3	TRBJ2-3	1
CASSYPGANVLTF	TRBV6-6	TRBJ2-6	1
CASSYPGEGYEQYF	TRBV6-5	TRBJ2-7	1
CASSYPGGTEAFF	TRBV6-6	TRBJ1-1	1
CASSYPGGYPNTGELFF	TRBV9	TRBJ2-2	1
CASSYPGHENTGELFF	TRBV6-3	TRBJ2-2	1
CASSYPGLAEAFF	TRBV6-5	TRBJ1-1	1
CASSYPGMYSNQPQHF	TRBV6-3	TRBJ1-5	1
CASSYPGNEQYF	TRBV6-3	TRBJ2-7	1
CASSYPGNYGYTF	TRBV6-6	TRBJ1-2	1
CASSYPGPSRNTGELFF	TRBV6-5	TRBJ2-2	1
CASSYPGQARTDGYTF	TRBV6-3	TRBJ1-2	1
CASSYPGQGADTGELFF	TRBV6-3	TRBJ2-2	1
CASSYPGQGSEQYF	TRBV6-6	TRBJ2-7	1
CASSYPGQGTAEAFF	TRBV5-4	TRBJ1-1	1
CASSYPGQGTYEQYF	TRBV6-3	TRBJ2-7	1
CASSYPGQGTYEQYF	TRBV7-9	TRBJ2-7	1
CASSYPGQGVSNQPQHF	TRBV6-3	TRBJ1-5	1
CASSYPGQPQHF	TRBV6-5	TRBJ1-5	1
CASSYPGRERTDTQYF	TRBV6-3	TRBJ2-3	1
CASSYPGSNQPQHF	TRBV6-6	TRBJ1-5	1
CASSYPGTDAFF	TRBV6-3	TRBJ1-1	1
CASSYPGTEADTQYF	TRBV27	TRBJ2-3	1
CASSYPGTGEYEQYF	TRBV6-3	TRBJ2-7	1
CASSYPGTGKGNEQFF	TRBV6-3	TRBJ2-1	1
CASSYPGTVHSSYEQYF	TRBV6-3	TRBJ2-7	1
CASSYPGVYEQYF	TRBV6-3	TRBJ2-7	1
CASSYPGWTEAFF	TRBV6-5	TRBJ1-1	1
CASSYPGYEQFF	TRBV6-3	TRBJ2-1	1
CASSYPKARGETQYF	TRBV5-4	TRBJ2-5	1
CASSYPKGTGELFF	TRBV6-5	TRBJ2-2	1
CASSYPKLEGNEQFF	TRBV6-5	TRBJ2-1	1
CASSYPLRNVSGNQETQYF	TRBV6-3	TRBJ2-5	1
CASSYPLVLYNEQFF	TRBV6-5	TRBJ2-1	1
CASSYPLVTTEAFF	TRBV6-3	TRBJ1-1	1
CASSYPPDAGTGDQETQYF	TRBV6-3	TRBJ2-5	1
CASSYPPELAFF	TRBV6-5	TRBJ1-1	1
CASSYPPGDTQYF	TRBV6-5	TRBJ2-3	1
CASSYPPIRDRAGETQYF	TRBV6-6	TRBJ2-5	1
CASSYPPLRQIMGSYEQYF	TRBV6-3	TRBJ2-7	7
CASSYPPRDPGQPQHF	TRBV6-5	TRBJ1-5	1
CASSYPPSGDRLITEAFF	TRBV6-3	TRBJ1-1	1
CASSYPPSLGAGHNEQFF	TRBV6-5	TRBJ2-1	1
CASSYPPTDTQYF	TRBV6-3	TRBJ2-3	2
CASSYPPTGGARQTQYF	TRBV6-6	TRBJ2-5	1
CASSYPPVYLAGWQFRKFF	TRBV6-3	TRBJ2-1	1
CASSYPQDPAGTEAFF	TRBV6-3	TRBJ1-1	1
CASSYPQGVRNEQFF	TRBV6-6	TRBJ2-1	1
CASSYPQMNTEAFF	TRBV6-3	TRBJ1-1	1
CASSYPQPNEQFF	TRBV6-3	TRBJ2-1	1
CASSYPRDQGEVAFF	TRBV6-3	TRBJ1-1	1
CASSYPRFGGYTF	TRBV7-2	TRBJ1-2	1
CASSYPRGENTEAFF	TRBV28	TRBJ1-1	1
CASSYPRLRDGYTF	TRBV6-3	TRBJ1-2	1
CASSYPRQDTEQYF	TRBV6-3	TRBJ2-7	1
CASSYPRQGAWSTEAFF	TRBV6-3	TRBJ1-1	1
CASSYPRRPVHEQFF	TRBV6-3	TRBJ2-1	1
CASSYPSDRAEYQETQYF	TRBV6-3	TRBJ2-5	1
CASSYPSGDETQYF	TRBV6-3	TRBJ2-5	1
CASSYPSGGLKPEPKETQYF	TRBV6-6	TRBJ2-5	1
CASSYPSGGVRTGELFF	TRBV6-3	TRBJ2-2	1
CASSYPSGQAYADTQYF	TRBV12-3	TRBJ2-3	1
CASSYPSGTEGYTF	TRBV6-3	TRBJ1-2	1
CASSYPSGVSSEQFF	TRBV7-8	TRBJ2-1	1
CASSYPSNVLTF	TRBV6-5	TRBJ2-6	1
CASSYPSQWDRGTGELFF	TRBV6-3	TRBJ2-2	1
CASSYPSRDRPNNEQFF	TRBV6-6	TRBJ2-1	1
CASSYPTDRGDTGELFF	TRBV6-5	TRBJ2-2	1
CASSYPTGDGNTIYF	TRBV5-6	TRBJ1-3	1
CASSYPTGDSPLHF	TRBV5-6	TRBJ1-6	1
CASSYPTGLAGEGVQFF	TRBV6-3	TRBJ2-1	1
CASSYPTGLANNEQFF	TRBV6-3	TRBJ2-1	4
CASSYPTGNTIYF	TRBV5-6	TRBJ1-3	1
CASSYPWGGASGYTF	TRBV6-5	TRBJ1-2	1
CASSYPWNEQYF	TRBV6-3	TRBJ2-7	1
CASSYPYNEQFF	TRBV6-6	TRBJ2-1	1
CASSYPYRQGGSTEAFF	TRBV6-3	TRBJ1-1	1
CASSYQGDGYTF	TRBV6-3	TRBJ1-2	1
CASSYQGEAFF	TRBV7-9	TRBJ1-1	1
CASSYQGGPGELFF	TRBV6-5	TRBJ1-4	1
CASSYQGLGNEQFF	TRBV6-3	TRBJ2-1	1
CASSYQGQRNTEAFF	TRBV6-5	TRBJ1-1	1
CASSYQLADSSYEQYF	TRBV3-1	TRBJ2-7	1
CASSYQLAGEGEQFF	TRBV6-5	TRBJ2-1	1
CASSYQNTGELFF	TRBV6-3	TRBJ2-2	1
CASSYQPGWETQYF	TRBV6-5	TRBJ2-5	1
CASSYQPNTEAFF	TRBV6-5	TRBJ1-1	1
CASSYQPVGHNEQFF	TRBV6-5	TRBJ2-1	1
CASSYQQIGNTIYF	TRBV6-5	TRBJ1-3	1
CASSYQREIHEQFF	TRBV6-3	TRBJ2-1	1
CASSYQRQGAGYTF	TRBV6-3	TRBJ1-2	1
CASSYQSGRTYNEQFF	TRBV6-3	TRBJ2-1	1
CASSYQTGGSNEKLFF	TRBV5-6	TRBJ1-4	1
CASSYQTIGGSETQYF	TRBV6-3	TRBJ2-5	1
CASSYQTRDYRPLTGELFF	TRBV6-3	TRBJ2-2	1
CASSYQTSGYEQYF	TRBV6-5	TRBJ2-7	1
CASSYRAGGLTDTQYF	TRBV6-5	TRBJ2-3	1
CASSYRAGVEAFF	TRBV6-3	TRBJ1-1	1
CASSYRALSYEQYF	TRBV6-3	TRBJ2-7	1
CASSYRDGANEQYF	TRBV6-6	TRBJ2-7	1
CASSYRDLGTYGYTF	TRBV28	TRBJ1-2	1
CASSYRDRDFYNGGELFF	TRBV7-3	TRBJ2-2	1
CASSYRDRGSSYEQYF	TRBV7-2	TRBJ2-7	1
CASSYRDRGYGYTF	TRBV28	TRBJ1-2	1
CASSYRDSYEQYF	TRBV5-4	TRBJ2-7	1
CASSYRDTAAYTQYF	TRBV4-1	TRBJ2-3	1
CASSYRDTGTDTQYF	TRBV4-1	TRBJ2-3	1
CASSYRENTGELFF	TRBV6-5	TRBJ2-2	1
CASSYREREQPQHF	TRBV6-1	TRBJ1-5	1
CASSYRERNYNEQFF	TRBV6-3	TRBJ2-1	1
CASSYRFGSNQPQHF	TRBV12-4	TRBJ1-5	1
CASSYRGASEQYF	TRBV6-5	TRBJ2-7	1
CASSYRGEQETQYF	TRBV7-9	TRBJ2-5	1
CASSYRGGDTQYF	TRBV13	TRBJ2-3	1
CASSYRGGGGAEAFF	TRBV7-3	TRBJ1-1	3
CASSYRGGQTYEQYF	TRBV3-1	TRBJ2-7	1
CASSYRGGSGANVLTF	TRBV6-3	TRBJ2-6	1
CASSYRGHLNNQPQHF	TRBV6-3	TRBJ1-5	1
CASSYRGHTGELFF	TRBV6-5	TRBJ2-2	1
CASSYRGIYGYTF	TRBV6-7	TRBJ1-2	1
CASSYRGLEGNEQFF	TRBV28	TRBJ2-1	1
CASSYRGLSYEQYF	TRBV28	TRBJ2-7	1
CASSYRGMSYTF	TRBV6-5	TRBJ1-2	1
CASSYRGNEQFF	TRBV6-3	TRBJ2-1	1
CASSYRGPPYNEQFF	TRBV7-2	TRBJ2-1	1
CASSYRGQNIGELFF	TRBV6-5	TRBJ2-2	1
CASSYRGQPRREKLFF	TRBV5-6	TRBJ1-4	3
CASSYRGRAFEAFF	TRBV6-3	TRBJ1-1	1
CASSYRGREDNSPLHF	TRBV6-5	TRBJ1-6	1
CASSYRGSRGYTF	TRBV6-5	TRBJ1-2	1
CASSYRGTEAFF	TRBV12-4	TRBJ1-1	1
CASSYRGYEQYF	TRBV6-5	TRBJ2-7	1
CASSYRGYNEQFF	TRBV6-6	TRBJ2-1	1
CASSYRGYYEQYF	TRBV19	TRBJ2-7	1
CASSYRIPEAFF	TRBV6-9	TRBJ1-1	1
CASSYRKVLYGYTF	TRBV6-3	TRBJ1-2	1
CASSYRLAGGRYNEQFF	TRBV5-4	TRBJ2-1	1
CASSYRLGGDRGRYEQYF	TRBV6-5	TRBJ2-7	1
CASSYRLTSLQETQYF	TRBV28	TRBJ2-5	1
CASSYRMDRPNTEAFF	TRBV6-3	TRBJ1-1	1
CASSYRMPDEQFF	TRBV4-1	TRBJ2-1	1
CASSYRPATNEKLFF	TRBV7-2	TRBJ1-4	1
CASSYRPGQLLVDTQYF	TRBV6-3	TRBJ2-3	1
CASSYRPGQYTEAFF	TRBV6-5	TRBJ1-1	1
CASSYRPHGQYGYTF	TRBV6-5	TRBJ1-2	1
CASSYRPINQPQHF	TRBV6-6	TRBJ1-5	1
CASSYRPSGQPQHF	TRBV6-3	TRBJ1-5	1
CASSYRQGGDTEAFF	TRBV14	TRBJ1-1	1
CASSYRQISYNSPLHF	TRBV6-5	TRBJ1-6	1
CASSYRQLPNYGYTF	TRBV6-3	TRBJ1-2	1
CASSYRQNYGYTF	TRBV6-9	TRBJ1-2	1
CASSYRRLLAGGTDTQYF	TRBV11-1	TRBJ2-3	1
CASSYRRQVLQFTDTQYF	TRBV6-5	TRBJ2-3	1
CASSYRRTGPTHEAFF	TRBV6-5	TRBJ1-1	1
CASSYRRVQDEQYF	TRBV6-5	TRBJ2-7	1
CASSYRSGGLGYTF	TRBV6-5	TRBJ1-2	1
CASSYRSGTVDSPLHF	TRBV6-5	TRBJ1-6	1
CASSYRSSGNTIYF	TRBV6-5	TRBJ1-3	1
CASSYRSSGSYEQYF	TRBV6-5	TRBJ2-7	1
CASSYRSTDTQYF	TRBV6-5	TRBJ2-3	1
CASSYRSYNEQFF	TRBV6-3	TRBJ2-1	1
CASSYRTGGNTEAFF	TRBV12-3	TRBJ1-1	1
CASSYRTGGQPQHF	TRBV6-3	TRBJ1-5	1
CASSYRTGGTNEKLFF	TRBV6-5	TRBJ1-4	1
CASSYRTGWYEQYF	TRBV6-5	TRBJ2-7	1
CASSYRTRENTGELFF	TRBV6-3	TRBJ2-2	1
CASSYRTSDYEQYF	TRBV27	TRBJ2-7	1
CASSYRTSGASSTDTQYF	TRBV6-5	TRBJ2-3	1
CASSYRTSGDTGELFF	TRBV11-2	TRBJ2-2	1
CASSYRTSGRRADTQYF	TRBV6-3	TRBJ2-3	1
CASSYRVDSNQPQHF	TRBV21-1	TRBJ1-5	1
CASSYRVDSYTF	TRBV7-3	TRBJ1-2	2
CASSYRVNEQFF	TRBV19	TRBJ2-1	1
CASSYRVSYEQYF	TRBV6-5	TRBJ2-7	1
CASSYRWGRTEAFF	TRBV6-3	TRBJ1-1	1
CASSYSAAEAFF	TRBV6-3	TRBJ1-1	1
CASSYSAAHEQYF	TRBV6-3	TRBJ2-7	1
CASSYSAATNEKLFF	TRBV6-5	TRBJ1-4	1
CASSYSAAWGDTQYF	TRBV7-2	TRBJ2-3	1
CASSYSADSYNEQFF	TRBV19	TRBJ2-1	1
CASSYSADYNSPLHF	TRBV6-5	TRBJ1-6	1
CASSYSADYTDTQYF	TRBV6-3	TRBJ2-3	1
CASSYSAETNQPQHF	TRBV6-5	TRBJ1-5	1
CASSYSAGELYGYTF	TRBV6-3	TRBJ1-2	1
CASSYSAGGNYNEQFF	TRBV6-5	TRBJ2-1	1
CASSYSAGGSYEQYF	TRBV6-5	TRBJ2-7	6
CASSYSAGGTYGYTF	TRBV6-5	TRBJ1-2	1
CASSYSAGKETQYF	TRBV6-6	TRBJ2-5	1
CASSYSAGNSYNEQFF	TRBV6-5	TRBJ2-1	1
CASSYSAGPTDTQYF	TRBV6-3	TRBJ2-3	2
CASSYSAGRDNEQFF	TRBV6-5	TRBJ2-1	1
CASSYSAGSYEQYF	TRBV6-5	TRBJ2-7	1
CASSYSALAYEQYF	TRBV6-5	TRBJ2-7	1
CASSYSAPNTGELFF	TRBV6-5	TRBJ2-2	1
CASSYSARDRGDEQFF	TRBV6-3	TRBJ2-1	1
CASSYSASETYEQYF	TRBV6-3	TRBJ2-7	1
CASSYSASGGSDTQYF	TRBV6-5	TRBJ2-3	1
CASSYSASGLAGNNEQFF	TRBV6-5	TRBJ2-1	1
CASSYSASGNTGELFF	TRBV6-6	TRBJ2-2	1
CASSYSASGPRVETQYF	TRBV6-5	TRBJ2-5	1
CASSYSASSGNTIYF	TRBV6-5	TRBJ1-3	1
CASSYSASYGYTF	TRBV6-5	TRBJ1-2	1
CASSYSATSGSYEQYF	TRBV6-3	TRBJ2-7	1
CASSYSATYEQYF	TRBV6-5	TRBJ2-7	1
CASSYSAVYGYTF	TRBV6-3	TRBJ1-2	7
CASSYSAWTSGRWNEQFF	TRBV6-5	TRBJ2-1	1
CASSYSAYATNEKLFF	TRBV6-5	TRBJ1-4	1
CASSYSDEQYF	TRBV6-5	TRBJ2-7	1
CASSYSDETYEQYF	TRBV6-3	TRBJ2-7	1
CASSYSDGQETQYF	TRBV6-5	TRBJ2-5	1
CASSYSDNYEQYF	TRBV6-3	TRBJ2-7	2
CASSYSDRGFYEQYF	TRBV6-5	TRBJ2-7	1
CASSYSDRGSAEQYF	TRBV6-5	TRBJ2-7	1
CASSYSDRGSPYEQYF	TRBV6-3	TRBJ2-7	1
CASSYSDRTGYDQPQHF	TRBV6-3	TRBJ1-5	1
CASSYSDRVSSGNTIYF	TRBV6-6	TRBJ1-3	1
CASSYSDTNYGYTF	TRBV6-5	TRBJ1-2	1
CASSYSDTSSGNTIYF	TRBV6-5	TRBJ1-3	1
CASSYSDTYNEQFF	TRBV6-5	TRBJ2-1	1
CASSYSDYEQYF	TRBV6-6	TRBJ2-7	1
CASSYSEAERMNTEAFF	TRBV6-3	TRBJ1-1	1
CASSYSEAGLSLLAAQYF	TRBV6-3	TRBJ2-5	1
CASSYSEDNEQFF	TRBV6-5	TRBJ2-1	1
CASSYSEDSHYEQYF	TRBV6-3	TRBJ2-7	1
CASSYSEEQYF	TRBV6-6	TRBJ2-7	1
CASSYSEEVNYGYTF	TRBV6-5	TRBJ1-2	1
CASSYSEGGAGGYTF	TRBV6-5	TRBJ1-2	1
CASSYSEGLETQYF	TRBV6-6	TRBJ2-5	1
CASSYSESIYGYTF	TRBV6-5	TRBJ1-2	1
CASSYSETQYF	TRBV6-3	TRBJ2-5	1
CASSYSETSGDTQYF	TRBV6-3	TRBJ2-3	1
CASSYSETSGSGETQYF	TRBV6-5	TRBJ2-5	1
CASSYSFERSPGTSGSHEQYF	TRBV6-5	TRBJ2-7	1
CASSYSFGGNQPQHF	TRBV6-5	TRBJ1-5	1
CASSYSFGTGELFF	TRBV6-3	TRBJ2-2	1
CASSYSFLGGTEAFF	TRBV6-3	TRBJ1-1	1
CASSYSFQGGELFF	TRBV6-3	TRBJ2-2	1
CASSYSFRDADPEAFF	TRBV6-3	TRBJ1-1	1
CASSYSFRGRASEQFF	TRBV6-5	TRBJ2-1	1
CASSYSFSGTETQYF	TRBV6-5	TRBJ2-5	1
CASSYSFVRAMYGYTF	TRBV6-3	TRBJ1-2	1
CASSYSGAGETQYF	TRBV6-5	TRBJ2-5	1
CASSYSGAGVRYEQYF	TRBV6-5	TRBJ2-7	1
CASSYSGASTGELFF	TRBV6-5	TRBJ2-2	2
CASSYSGASYNEQFF	TRBV6-3	TRBJ2-1	1
CASSYSGAYNEQFF	TRBV7-9	TRBJ2-1	1
CASSYSGDLSPLHF	TRBV6-5	TRBJ1-6	1
CASSYSGDRGRYNEQFF	TRBV6-3	TRBJ2-1	1
CASSYSGDSYEQYF	TRBV5-5	TRBJ2-7	1
CASSYSGDTDTQYF	TRBV27	TRBJ2-3	1
CASSYSGDTIYEQYF	TRBV6-5	TRBJ2-7	1
CASSYSGEQYF	TRBV6-5	TRBJ2-7	1
CASSYSGESVTDTQYF	TRBV6-6	TRBJ2-3	1
CASSYSGETQYF	TRBV6-5	TRBJ2-5	2
CASSYSGFNTEAFF	TRBV6-3	TRBJ1-1	1
CASSYSGGAGGELFF	TRBV6-5	TRBJ2-2	1
CASSYSGGDTGELFF	TRBV6-5	TRBJ2-2	1
CASSYSGGEEQYF	TRBV28	TRBJ2-7	1
CASSYSGGFPNQPQHF	TRBV6-3	TRBJ1-5	1
CASSYSGGGARYNEQFF	TRBV6-5	TRBJ2-1	1
CASSYSGGGETQYF	TRBV6-5	TRBJ2-5	1
CASSYSGGGLNEQYF	TRBV5-1	TRBJ2-7	1
CASSYSGGGTEAFF	TRBV6-3	TRBJ1-1	1
CASSYSGGGYEQYF	TRBV6-5	TRBJ2-7	1
CASSYSGGLAEKLFF	TRBV6-3	TRBJ1-4	1
CASSYSGGLYNEQFF	TRBV27	TRBJ2-1	1
CASSYSGGNEQFF	TRBV6-5	TRBJ2-1	1
CASSYSGGQQETQYF	TRBV6-5	TRBJ2-5	1
CASSYSGGQVDGYTF	TRBV6-6	TRBJ1-2	1
CASSYSGGRGTQETQYF	TRBV6-3	TRBJ2-5	1
CASSYSGGRSTDTQYF	TRBV6-3	TRBJ2-3	1
CASSYSGGSSYEQYF	TRBV5-4	TRBJ2-7	1
CASSYSGGTGELFF	TRBV6-3	TRBJ2-2	1
CASSYSGGTNTGELFF	TRBV6-3	TRBJ2-2	1
CASSYSGHGYTF	TRBV6-5	TRBJ1-2	1
CASSYSGLAGGNEQFF	TRBV6-6	TRBJ2-1	1
CASSYSGLAGLHDYEQYF	TRBV6-3	TRBJ2-7	1
CASSYSGLALSTDTQYF	TRBV6-3	TRBJ2-3	1
CASSYSGLGEAFF	TRBV6-5	TRBJ1-1	1
CASSYSGLHNEQFF	TRBV6-6	TRBJ2-1	1
CASSYSGNIQYF	TRBV6-5	TRBJ2-4	1
CASSYSGNNEQFF	TRBV6-3	TRBJ2-1	1
CASSYSGNQPYEQYF	TRBV6-3	TRBJ2-7	1
CASSYSGNSNQPQHF	TRBV6-3	TRBJ1-5	1
CASSYSGNTEAFF	TRBV6-5	TRBJ1-1	1
CASSYSGNTGELFF	TRBV6-3	TRBJ2-2	1
CASSYSGPMTTGELFF	TRBV6-5	TRBJ2-2	1
CASSYSGPNEQFF	TRBV6-5	TRBJ2-1	1
CASSYSGPSTNEKLFF	TRBV6-3	TRBJ1-4	1
CASSYSGPTGNYGYTF	TRBV6-5	TRBJ1-2	1
CASSYSGPYNEQFF	TRBV6-3	TRBJ2-1	1
CASSYSGQAGQPQHF	TRBV6-5	TRBJ1-5	1
CASSYSGQASYEQYF	TRBV6-5	TRBJ2-7	1
CASSYSGQGDEQYF	TRBV6-5	TRBJ2-7	1
CASSYSGQGGELFF	TRBV6-5	TRBJ2-2	1
CASSYSGRAHEQYF	TRBV6-5	TRBJ2-7	1
CASSYSGSDSYEQYF	TRBV6-5	TRBJ2-7	1
CASSYSGSEQFF	TRBV6-5	TRBJ2-1	5
CASSYSGSGNEQFF	TRBV6-3	TRBJ2-1	1
CASSYSGSGRDHEQYF	TRBV6-5	TRBJ2-7	1
CASSYSGSGTNIQYF	TRBV6-5	TRBJ2-4	1
CASSYSGSLARIF	TRBV6-5	TRBJ2-1	1
CASSYSGSPETQYF	TRBV9	TRBJ2-5	1
CASSYSGSPIYF	TRBV6-6	TRBJ2-7	1
CASSYSGSSGANVLTF	TRBV6-5	TRBJ2-6	1
CASSYSGTDDSPLHF	TRBV6-5	TRBJ1-6	1
CASSYSGTGGFGDEQFF	TRBV6-3	TRBJ2-1	1
CASSYSGTGGGLAGELFF	TRBV6-6	TRBJ2-2	1
CASSYSGTGGVEQYF	TRBV6-5	TRBJ2-7	1
CASSYSGTGVSGNTIYF	TRBV14	TRBJ1-3	1
CASSYSGTLYGYTF	TRBV6-5	TRBJ1-2	1
CASSYSGTSESTDTQYF	TRBV6-5	TRBJ2-3	1
CASSYSGTSGDTQYF	TRBV6-5	TRBJ2-3	1
CASSYSGTSNNNEQFF	TRBV6-5	TRBJ2-1	1
CASSYSGTTNEKLFF	TRBV6-5	TRBJ1-4	1
CASSYSGVNEQFF	TRBV6-6	TRBJ2-1	1
CASSYSGVNTGELFF	TRBV4-3	TRBJ2-2	1
CASSYSGVPNQPQHF	TRBV6-3	TRBJ1-5	1
CASSYSGVQLPNYGYTF	TRBV6-3	TRBJ1-2	1
CASSYSGWKGQGGVLSTEAFF	TRBV6-5	TRBJ1-1	1
CASSYSHLYEQYF	TRBV27	TRBJ2-7	1
CASSYSHQTSGGNSSYNEQFF	TRBV6-3	TRBJ2-1	1
CASSYSHSNYGYTF	TRBV6-3	TRBJ1-2	1
CASSYSIARGGTEAFF	TRBV6-3	TRBJ1-1	1
CASSYSIGAGPQFF	TRBV6-3	TRBJ2-1	1
CASSYSIGENSYEQYF	TRBV6-3	TRBJ2-7	1
CASSYSIGETQYF	TRBV6-3	TRBJ2-5	1
CASSYSIGGNQPQHF	TRBV6-5	TRBJ1-5	1
CASSYSIGNEQYF	TRBV6-5	TRBJ2-7	1
CASSYSIGQGDGYTF	TRBV6-5	TRBJ1-2	1
CASSYSIGTGSWLTNEQFF	TRBV6-6	TRBJ2-1	1
CASSYSILDTGELFF	TRBV6-3	TRBJ2-2	1
CASSYSINAAVNYGYTF	TRBV6-3	TRBJ1-2	7
CASSYSIPGGSGELFF	TRBV6-5	TRBJ2-2	1
CASSYSIPVTGRDEAFF	TRBV6-3	TRBJ1-1	1
CASSYSIQGSSYEQYF	TRBV6-3	TRBJ2-7	1
CASSYSIRERYEQYF	TRBV6-6	TRBJ2-7	1
CASSYSIRHRQETQYF	TRBV6-5	TRBJ2-5	1
CASSYSISGYEQYF	TRBV6-5	TRBJ2-7	1
CASSYSITGGINEQFF	TRBV6-3	TRBJ2-1	1
CASSYSIVGSAGATNNYGYTF	TRBV6-3	TRBJ1-2	1
CASSYSIVRLNTEAFF	TRBV6-5	TRBJ1-1	1
CASSYSIYNEQFF	TRBV7-8	TRBJ2-1	1
CASSYSIYRTGNEKLFF	TRBV6-5	TRBJ1-4	1
CASSYSKAGGSGANVLTF	TRBV6-3	TRBJ2-6	1
CASSYSKEAFF	TRBV6-3	TRBJ1-1	1
CASSYSKENIQYF	TRBV6-5	TRBJ2-4	1
CASSYSKGGGNNEQFF	TRBV6-5	TRBJ2-1	1
CASSYSKGGPYQPQHF	TRBV6-3	TRBJ1-5	2
CASSYSKGIAGYEQYF	TRBV6-5	TRBJ2-7	1
CASSYSKGMLWGYEQYF	TRBV6-3	TRBJ2-7	1
CASSYSKGTYNEQFF	TRBV6-3	TRBJ2-1	1
CASSYSKLEGASQPQHF	TRBV6-5	TRBJ1-5	1
CASSYSKLETGVQPQHF	TRBV6-6	TRBJ1-5	1
CASSYSKQGRVEQYF	TRBV6-3	TRBJ2-7	1
CASSYSKRDPFYEQYF	TRBV6-3	TRBJ2-7	1
CASSYSKWTGGHYNEQFF	TRBV6-3	TRBJ2-1	1
CASSYSLAGAPGELFF	TRBV6-5	TRBJ2-2	1
CASSYSLAGVYNEQFF	TRBV6-5	TRBJ2-1	1
CASSYSLASGIQYF	TRBV6-5	TRBJ2-4	1
CASSYSLATFETEAFF	TRBV6-5	TRBJ1-1	1
CASSYSLFGAGGSGANVLTF	TRBV6-5	TRBJ2-6	1
CASSYSLGFSYGYTF	TRBV27	TRBJ1-2	1
CASSYSLGPYEQYF	TRBV6-3	TRBJ2-7	1
CASSYSLGQGTEAFF	TRBV6-3	TRBJ1-1	1
CASSYSLGSSYNEQFF	TRBV6-5	TRBJ2-1	1
CASSYSLIRSFNQPQHF	TRBV6-3	TRBJ1-5	1
CASSYSLLQGLTEAFF	TRBV6-5	TRBJ1-1	1
CASSYSLLRAAPNTEAFF	TRBV6-3	TRBJ1-1	1
CASSYSLNYGYTF	TRBV6-5	TRBJ1-2	1
CASSYSLREGRYEQYF	TRBV6-5	TRBJ2-7	1
CASSYSLRGSLNEQYF	TRBV6-5	TRBJ2-7	1
CASSYSLRRDTQYF	TRBV6-3	TRBJ2-3	1
CASSYSLTETQYF	TRBV27	TRBJ2-5	1
CASSYSLTGARYNEQFF	TRBV6-5	TRBJ2-1	1
CASSYSLTGGDEQFF	TRBV6-6	TRBJ2-1	1
CASSYSLTGRETQYF	TRBV28	TRBJ2-5	1
CASSYSLTSGGETDTQYF	TRBV6-5	TRBJ2-3	1
CASSYSLVGNYNEQFF	TRBV6-3	TRBJ2-1	1
CASSYSLVHPYPQHF	TRBV6-5	TRBJ1-5	1
CASSYSMAAPYNEQFF	TRBV6-3	TRBJ2-1	1
CASSYSMANYNSPLHF	TRBV6-5	TRBJ1-6	1
CASSYSMAQEETQYF	TRBV6-3	TRBJ2-5	1
CASSYSMATGDGYTF	TRBV6-3	TRBJ1-2	3
CASSYSMFGTALGNTEAFF	TRBV6-3	TRBJ1-1	1
CASSYSMGYRGRNTEAFF	TRBV6-3	TRBJ1-1	1
CASSYSMPTGAGLNTEAFF	TRBV6-3	TRBJ1-1	1
CASSYSMRQGIVGMDGYTF	TRBV6-6	TRBJ1-2	1
CASSYSMSDSSYNEQFF	TRBV6-5	TRBJ2-1	1
CASSYSMSGGTDTQYF	TRBV6-5	TRBJ2-3	1
CASSYSMSGRADTQYF	TRBV6-5	TRBJ2-3	1
CASSYSMSGRGGAPYEQYF	TRBV6-3	TRBJ2-7	1
CASSYSMSVNYEQYF	TRBV6-5	TRBJ2-7	1
CASSYSMTGEAFF	TRBV6-3	TRBJ1-1	1
CASSYSMVAGGYTGELFF	TRBV6-3	TRBJ2-2	8
CASSYSMVQAQYEQYF	TRBV6-5	TRBJ2-7	1
CASSYSMVTEAFF	TRBV6-5	TRBJ1-1	1
CASSYSNAGTSPGNEQFF	TRBV6-5	TRBJ2-1	1
CASSYSNALAGSSYEQYF	TRBV6-5	TRBJ2-7	1
CASSYSNGGLETQYF	TRBV6-5	TRBJ2-5	1
CASSYSNGQYEAFF	TRBV6-5	TRBJ1-1	1
CASSYSNGVGEKLFF	TRBV6-5	TRBJ1-4	1
CASSYSNPAIATNEKLFF	TRBV6-6	TRBJ1-4	1
CASSYSNQGSGPTPDTQYF	TRBV6-3	TRBJ2-3	1
CASSYSNRDGELFF	TRBV6-5	TRBJ2-2	1
CASSYSNTGELFF	TRBV6-6	TRBJ2-2	1
CASSYSNTGGYGYTF	TRBV6-5	TRBJ1-2	1
CASSYSNYKYEQYF	TRBV6-3	TRBJ2-7	1
CASSYSPADGYTF	TRBV6-3	TRBJ1-2	1
CASSYSPAGGFYEQYF	TRBV6-5	TRBJ2-7	1
CASSYSPAGTGVHEQYF	TRBV6-5	TRBJ2-7	1
CASSYSPDSSSYEQYF	TRBV6-5	TRBJ2-7	1
CASSYSPGDNNYGYTF	TRBV6-3	TRBJ1-2	1
CASSYSPGGGETQYF	TRBV5-6	TRBJ2-5	1
CASSYSPGHKAKNIQYF	TRBV6-3	TRBJ2-4	1
CASSYSPGQGMNTEAFF	TRBV5-4	TRBJ1-1	1
CASSYSPGRDGYTF	TRBV6-3	TRBJ1-2	1
CASSYSPGSSPQHF	TRBV6-3	TRBJ1-5	1
CASSYSPGTGSYEQYF	TRBV6-5	TRBJ2-7	1
CASSYSPGVAGGLVNEQFF	TRBV6-3	TRBJ2-1	1
CASSYSPLYNSPLHF	TRBV6-6	TRBJ1-6	1
CASSYSPNEQFF	TRBV6-5	TRBJ2-1	1
CASSYSPPGAQETQYF	TRBV6-3	TRBJ2-5	1
CASSYSPREEGVTQYF	TRBV6-3	TRBJ2-3	1
CASSYSPRQVDPYGYTF	TRBV6-6	TRBJ1-2	1
CASSYSPRVQGETQYF	TRBV6-6	TRBJ2-5	1
CASSYSPSGANVLTF	TRBV6-3	TRBJ2-6	1
CASSYSPSGANVLTF	TRBV6-5	TRBJ2-6	1
CASSYSPSRGEQFF	TRBV6-5	TRBJ2-1	1
CASSYSPVNTEAFF	TRBV6-3	TRBJ1-1	1
CASSYSQAGDFSYEQYF	TRBV6-5	TRBJ2-7	1
CASSYSQDRGGEQYF	TRBV6-5	TRBJ2-3	1
CASSYSQETQYF	TRBV5-4	TRBJ2-5	1
CASSYSQGAMNTEAFF	TRBV6-5	TRBJ1-1	1
CASSYSQGIGTGELFF	TRBV6-5	TRBJ2-2	1
CASSYSQGLYEQYF	TRBV6-5	TRBJ2-7	1
CASSYSQGMGKNIQYF	TRBV6-5	TRBJ2-4	1
CASSYSQGMNTEAFF	TRBV6-5	TRBJ1-1	1
CASSYSQGPVYEQYF	TRBV6-5	TRBJ2-7	1
CASSYSQGQGAVGELFF	TRBV6-5	TRBJ2-2	1
CASSYSQQDPTDTQYF	TRBV6-5	TRBJ2-3	1
CASSYSQSWPQHF	TRBV6-5	TRBJ1-5	1
CASSYSQSYEQYF	TRBV6-3	TRBJ2-7	1
CASSYSQVLRGGYTF	TRBV6-5	TRBJ1-2	1
CASSYSRAEGDTEAFF	TRBV6-6	TRBJ1-1	1
CASSYSRDRVTDTQYF	TRBV6-3	TRBJ2-3	1
CASSYSREDYEQYF	TRBV6-6	TRBJ2-7	1
CASSYSRENTIYF	TRBV6-5	TRBJ1-3	1
CASSYSREPYNEQFF	TRBV6-6	TRBJ2-1	1
CASSYSREYLHNEQFF	TRBV6-3	TRBJ2-1	1
CASSYSRFPYEQYF	TRBV6-5	TRBJ2-7	1
CASSYSRGAGDTGELFF	TRBV6-3	TRBJ2-2	1
CASSYSRGGSYNEQFF	TRBV6-6	TRBJ2-1	1
CASSYSRGLRGYTEAFF	TRBV6-5	TRBJ1-1	1
CASSYSRGSYNEQFF	TRBV6-5	TRBJ2-1	1
CASSYSRGVGGAQETQYF	TRBV6-6	TRBJ2-5	1
CASSYSRGYNEQFF	TRBV6-3	TRBJ2-1	1
CASSYSRHDTEAFF	TRBV6-3	TRBJ1-1	1
CASSYSRLASSSYNEQFF	TRBV6-5	TRBJ2-1	1
CASSYSRLGGGQSTGELFF	TRBV6-5	TRBJ2-2	1
CASSYSRLGGGYTF	TRBV6-3	TRBJ1-2	1
CASSYSRLGVAGNTGELFF	TRBV6-3	TRBJ2-2	1
CASSYSRMAGHQETQYF	TRBV6-3	TRBJ2-5	1
CASSYSRNTGELFF	TRBV6-5	TRBJ2-2	1
CASSYSRPNEQFF	TRBV6-5	TRBJ2-1	1
CASSYSRPPGQETQYF	TRBV6-5	TRBJ2-5	1
CASSYSRQETQYF	TRBV6-5	TRBJ2-5	1
CASSYSRQRSSYEQYF	TRBV6-5	TRBJ2-7	1
CASSYSRTPSRRYEQYF	TRBV6-5	TRBJ2-7	1
CASSYSRTSSYEQYF	TRBV6-3	TRBJ2-7	1
CASSYSRVNEQFF	TRBV6-5	TRBJ2-1	1
CASSYSRWGDEQFF	TRBV6-5	TRBJ2-1	1
CASSYSSAGTSAKNIQYF	TRBV6-5	TRBJ2-4	1
CASSYSSAYEQYF	TRBV6-6	TRBJ2-7	1
CASSYSSDQPQHF	TRBV6-5	TRBJ1-5	1
CASSYSSETQYF	TRBV6-3	TRBJ2-5	1
CASSYSSFGTDTQYF	TRBV6-3	TRBJ2-3	1
CASSYSSGEIGYGYTF	TRBV6-5	TRBJ1-2	1
CASSYSSGFSGNTIYF	TRBV6-3	TRBJ1-3	1
CASSYSSGGDNEQFF	TRBV6-5	TRBJ2-1	2
CASSYSSGGDYGYTF	TRBV6-3	TRBJ1-2	1
CASSYSSGGFNEQFF	TRBV6-5	TRBJ2-1	1
CASSYSSGGGGYTF	TRBV6-5	TRBJ1-2	1
CASSYSSGGPEETQYF	TRBV6-5	TRBJ2-5	1
CASSYSSGIVTGELFF	TRBV6-3	TRBJ2-2	2
CASSYSSGLGNTIYF	TRBV6-5	TRBJ1-3	1
CASSYSSGNTIYF	TRBV6-5	TRBJ1-3	2
CASSYSSGRAPMRYEQYF	TRBV13	TRBJ2-7	1
CASSYSSGSYEQYF	TRBV6-3	TRBJ2-7	1
CASSYSSGSYEQYF	TRBV6-5	TRBJ2-7	1
CASSYSSGTSGLSYEQYF	TRBV6-3	TRBJ2-7	1
CASSYSSGVGELFF	TRBV6-5	TRBJ2-2	1
CASSYSSGYTF	TRBV6-3	TRBJ1-2	1
CASSYSSLSTQETQYF	TRBV6-5	TRBJ2-5	1
CASSYSSPPEAFF	TRBV6-5	TRBJ1-1	1
CASSYSSQAYEQYF	TRBV6-5	TRBJ2-7	1
CASSYSSQGYDEDTQYF	TRBV6-7	TRBJ2-3	1
CASSYSSSGGAIEQYF	TRBV6-5	TRBJ2-7	1
CASSYSSSGGSGDTQYF	TRBV6-3	TRBJ2-3	1
CASSYSSSGNTIYF	TRBV6-5	TRBJ1-3	1
CASSYSSSPGGKLFF	TRBV6-5	TRBJ1-4	1
CASSYSSSRPKLFF	TRBV6-3	TRBJ1-4	1
CASSYSSSYRGSRVGTEAFF	TRBV6-3	TRBJ1-1	1
CASSYSSTANSYEQYF	TRBV6-6	TRBJ2-7	1
CASSYSSTDTQYF	TRBV4-1	TRBJ2-3	1
CASSYSSTFRDNENIQYF	TRBV6-5	TRBJ2-4	1
CASSYSSTTGGGNGYTF	TRBV6-6	TRBJ1-2	1
CASSYSSVLGGQSSYNEQFF	TRBV6-5	TRBJ2-1	1
CASSYSSVQPQHF	TRBV6-5	TRBJ1-5	1
CASSYSSVRQNSPLHF	TRBV6-5	TRBJ1-6	1
CASSYSSVTEAFF	TRBV6-3	TRBJ1-1	1
CASSYSTDGELFF	TRBV6-5	TRBJ2-2	1
CASSYSTDPYEQYF	TRBV6-5	TRBJ2-7	1
CASSYSTDSGYGYTF	TRBV6-3	TRBJ1-2	2
CASSYSTEGLRGAQYF	TRBV6-3	TRBJ2-3	1
CASSYSTEKSYNEQFF	TRBV6-3	TRBJ2-1	1
CASSYSTEPSGNTIYF	TRBV6-3	TRBJ1-3	1
CASSYSTEQGREQYF	TRBV6-5	TRBJ2-7	1
CASSYSTGEGAQYF	TRBV6-5	TRBJ2-5	1
CASSYSTGGRGYTF	TRBV6-5	TRBJ1-2	1
CASSYSTGGSGYTF	TRBV6-3	TRBJ1-2	1
CASSYSTGGWDTQYF	TRBV6-5	TRBJ2-3	1
CASSYSTGRAEQYF	TRBV6-3	TRBJ2-7	1
CASSYSTGRFTDTQYF	TRBV6-5	TRBJ2-3	1
CASSYSTGSPLHF	TRBV6-3	TRBJ1-6	1
CASSYSTGSTDTQYF	TRBV6-3	TRBJ2-3	1
CASSYSTGTVDYEQYF	TRBV6-5	TRBJ2-7	1
CASSYSTGYYGYTF	TRBV6-5	TRBJ1-2	1
CASSYSTKQGNYGYTF	TRBV6-3	TRBJ1-2	1
CASSYSTLYKFKFGDDF	TRBV6-3	TRBJ2-1	1
CASSYSTNTEAFF	TRBV6-5	TRBJ1-1	1
CASSYSTNVGDTEAFF	TRBV6-5	TRBJ1-1	1
CASSYSTPSWTDTQYF	TRBV6-5	TRBJ2-3	1
CASSYSTRLADYNEQFF	TRBV6-5	TRBJ2-1	1
CASSYSTRVATNEKLFF	TRBV6-5	TRBJ1-4	1
CASSYSTSGAYEQYF	TRBV6-5	TRBJ2-7	1
CASSYSTSGDNEQFF	TRBV6-5	TRBJ2-1	1
CASSYSTSGEGNEQFF	TRBV9	TRBJ2-1	1
CASSYSTSGGITDTQYF	TRBV6-3	TRBJ2-3	1
CASSYSTSGLVSSYEQYF	TRBV6-3	TRBJ2-7	1
CASSYSTSGNTIYF	TRBV6-5	TRBJ1-3	4
CASSYSTSGSETQYF	TRBV6-5	TRBJ2-5	1
CASSYSTSGSKQFF	TRBV6-5	TRBJ2-1	1
CASSYSTSGSYEQYF	TRBV6-3	TRBJ2-7	1
CASSYSTSGTGAGYEQYF	TRBV6-3	TRBJ2-7	1
CASSYSTSPGELFF	TRBV6-5	TRBJ2-2	1
CASSYSTSSPYNEQFF	TRBV6-5	TRBJ2-1	1
CASSYSTSWNTGELFF	TRBV6-5	TRBJ2-2	1
CASSYSTTAPSTDTQYF	TRBV6-6	TRBJ2-3	1
CASSYSTTEVEKLFF	TRBV6-6	TRBJ1-4	1
CASSYSTTGSSYEQYF	TRBV6-3	TRBJ2-7	1
CASSYSTTGTGELFF	TRBV6-5	TRBJ2-2	1
CASSYSTTWLTNSPLHF	TRBV6-6	TRBJ1-6	1
CASSYSTWPSEQFF	TRBV6-6	TRBJ2-1	1
CASSYSVAGANVLTF	TRBV6-3	TRBJ2-6	1
CASSYSVAGLDTQYF	TRBV6-5	TRBJ2-3	1
CASSYSVGAAPYNEQFF	TRBV6-3	TRBJ2-1	2
CASSYSVGEQYF	TRBV6-5	TRBJ2-7	1
CASSYSVGIADTQYF	TRBV6-6	TRBJ2-3	1
CASSYSVGLTDTQYF	TRBV6-3	TRBJ2-3	1
CASSYSVITGVQPQHF	TRBV6-3	TRBJ1-5	1
CASSYSVLSSYNEQFF	TRBV6-5	TRBJ2-1	1
CASSYSVQRGTDTQYF	TRBV6-5	TRBJ2-3	1
CASSYSVQVRYEQYF	TRBV6-5	TRBJ2-7	1
CASSYSVRETQYF	TRBV6-6	TRBJ2-5	1
CASSYSVRGTGELFF	TRBV6-5	TRBJ2-2	1
CASSYSVSGDGYTF	TRBV6-6	TRBJ1-2	1
CASSYSVTGDTEAFF	TRBV6-5	TRBJ1-1	1
CASSYSVWGAHYGYTF	TRBV6-5	TRBJ1-2	1
CASSYSWDEQFF	TRBV6-3	TRBJ2-1	1
CASSYSWDGMNTEAFF	TRBV6-5	TRBJ1-1	1
CASSYSWDIPNQPQHF	TRBV6-3	TRBJ1-5	1
CASSYSWDTTNEKLFF	TRBV6-5	TRBJ1-4	1
CASSYSWFFGNTEAFF	TRBV6-5	TRBJ1-1	1
CASSYSWGGAAKNIQYF	TRBV6-5	TRBJ2-4	1
CASSYSWRETDTQYF	TRBV6-3	TRBJ2-3	1
CASSYSWTGGFYEQYF	TRBV6-3	TRBJ2-7	1
CASSYSYAGGRDTQYF	TRBV6-3	TRBJ2-3	1
CASSYSYEQYF	TRBV11-2	TRBJ2-7	1
CASSYSYEQYF	TRBV6-3	TRBJ2-7	1
CASSYSYEQYF	TRBV6-6	TRBJ2-7	1
CASSYSYEQYF	TRBV7-2	TRBJ2-7	1
CASSYSYGNQPQHF	TRBV6-3	TRBJ1-5	1
CASSYSYGNTGELFF	TRBV6-5	TRBJ2-2	2
CASSYSYPPGDAFSGNTIYF	TRBV6-6	TRBJ1-3	1
CASSYSYRNEQYF	TRBV6-3	TRBJ2-7	1
CASSYTADQPQHF	TRBV6-3	TRBJ1-5	1
CASSYTAGELFF	TRBV7-9	TRBJ2-2	6
CASSYTAYEQYF	TRBV6-6	TRBJ2-7	1
CASSYTDQNTEAFF	TRBV6-3	TRBJ1-1	2
CASSYTDSNTEAFF	TRBV6-5	TRBJ1-1	1
CASSYTDTGGAYGYTF	TRBV6-5	TRBJ1-2	1
CASSYTENTEAFF	TRBV27	TRBJ1-1	1
CASSYTENTEAFF	TRBV6-5	TRBJ1-1	1
CASSYTGAISGGYNEQFF	TRBV6-5	TRBJ2-1	1
CASSYTGALMNTEAFF	TRBV6-5	TRBJ1-1	1
CASSYTGDGYTF	TRBV6-5	TRBJ1-2	1
CASSYTGGDEQYF	TRBV6-5	TRBJ2-7	1
CASSYTGGEQPQHF	TRBV6-3	TRBJ1-5	1
CASSYTGIYEQYF	TRBV6-6	TRBJ2-7	1
CASSYTGLGGYTF	TRBV25-1	TRBJ1-2	1
CASSYTGNGAYEQYF	TRBV5-5	TRBJ2-7	1
CASSYTGSSTDTQYF	TRBV12-3	TRBJ2-3	1
CASSYTGSYNEQFF	TRBV7-2	TRBJ2-1	1
CASSYTGTTNYGYTF	TRBV7-9	TRBJ1-2	1
CASSYTGYSSPLHF	TRBV27	TRBJ1-6	1
CASSYTIHEQFF	TRBV6-3	TRBJ2-1	3
CASSYTISGSSGEQFF	TRBV6-5	TRBJ2-1	1
CASSYTLWETDTQYF	TRBV6-4	TRBJ2-3	1
CASSYTNEKLFF	TRBV6-1	TRBJ1-4	1
CASSYTNTGELFF	TRBV7-2	TRBJ2-2	1
CASSYTPERALPNQPQHF	TRBV6-3	TRBJ1-5	5
CASSYTPGQGNEKLFF	TRBV7-9	TRBJ1-4	1
CASSYTPGQGYGYTF	TRBV6-3	TRBJ1-2	1
CASSYTPGVRETYGYTF	TRBV6-5	TRBJ1-2	1
CASSYTPNTGELFF	TRBV12-4	TRBJ2-2	1
CASSYTPREGGFNGYTF	TRBV6-5	TRBJ1-2	1
CASSYTPVILTGELFF	TRBV6-3	TRBJ2-2	1
CASSYTPVSMNTEAFF	TRBV6-5	TRBJ1-1	1
CASSYTRDRGVYEQYF	TRBV6-3	TRBJ2-7	1
CASSYTRDYGYTF	TRBV7-9	TRBJ1-2	1
CASSYTRSGTDTQYF	TRBV6-3	TRBJ2-3	1
CASSYTRSSYNSPLHF	TRBV6-5	TRBJ1-6	1
CASSYTSAGGPGDTQYF	TRBV6-5	TRBJ2-3	1
CASSYTSGGDNEQFF	TRBV6-5	TRBJ2-1	1
CASSYTSGNYNEQFF	TRBV6-6	TRBJ2-1	1
CASSYTSGSHEQYF	TRBV28	TRBJ2-7	1
CASSYTSGVYEQYF	TRBV6-5	TRBJ2-7	1
CASSYTSVQETQYF	TRBV12-4	TRBJ2-5	1
CASSYTTDSYNEQFF	TRBV27	TRBJ2-1	1
CASSYTTGQGTPEAFF	TRBV7-9	TRBJ1-1	1
CASSYTTVPDTQYF	TRBV6-5	TRBJ2-3	1
CASSYTTYNEQFF	TRBV6-6	TRBJ2-1	1
CASSYTVNYGYTF	TRBV5-1	TRBJ1-2	1
CASSYTWGDGYTF	TRBV6-6	TRBJ1-2	1
CASSYTWGEFEKLFF	TRBV6-5	TRBJ1-4	1
CASSYTWGGASNEQFF	TRBV3-1	TRBJ2-1	1
CASSYTWGTEAFF	TRBV27	TRBJ1-1	1
CASSYVAGELFF	TRBV6-6	TRBJ2-2	1
CASSYVAGGPNEQYF	TRBV6-5	TRBJ2-7	1
CASSYVAQETQYF	TRBV12-3	TRBJ2-5	1
CASSYVDRSSTGKLNTEAFF	TRBV6-5	TRBJ1-1	1
CASSYVGESYEQYF	TRBV6-3	TRBJ2-7	1
CASSYVGGADTQYF	TRBV6-3	TRBJ2-3	1
CASSYVGGAGETQYF	TRBV7-6	TRBJ2-5	1
CASSYVGGGYEQYF	TRBV6-5	TRBJ2-7	1
CASSYVGGLTEAFF	TRBV6-5	TRBJ1-1	1
CASSYVGGRGTEAFF	TRBV6-3	TRBJ1-1	1
CASSYVGLVLNTGELFF	TRBV6-3	TRBJ2-2	1
CASSYVGNTEAFF	TRBV6-3	TRBJ1-1	1
CASSYVGPGGDTQYF	TRBV6-5	TRBJ2-3	1
CASSYVGQQETQYF	TRBV6-6	TRBJ2-5	1
CASSYVGTSGVGETQYF	TRBV6-3	TRBJ2-5	1
CASSYVKAGALYEQYF	TRBV6-3	TRBJ2-7	1
CASSYVKQGPSYEQYF	TRBV6-6	TRBJ2-7	1
CASSYVLQTYEQYF	TRBV6-3	TRBJ2-7	1
CASSYVPAGGPGNIQYF	TRBV6-5	TRBJ2-4	1
CASSYVPEAAEQYF	TRBV6-5	TRBJ2-7	1
CASSYVPGELFF	TRBV6-5	TRBJ2-2	1
CASSYVQGSTEAFF	TRBV6-3	TRBJ1-1	3
CASSYVRAGRTDTQYF	TRBV6-3	TRBJ2-3	1
CASSYVRNTEAFF	TRBV6-3	TRBJ1-1	1
CASSYVRQGYNSPLHF	TRBV6-6	TRBJ1-6	1
CASSYVRYYEQYF	TRBV6-6	TRBJ2-7	1
CASSYVSARDGNTIYF	TRBV6-3	TRBJ1-3	2
CASSYVSGGAVNEQFF	TRBV27	TRBJ2-1	1
CASSYVSSPLHF	TRBV6-3	TRBJ1-6	1
CASSYVTAEAFF	TRBV6-3	TRBJ1-1	1
CASSYVTGHRGYTF	TRBV6-5	TRBJ1-2	1
CASSYVTGLAAYEQYF	TRBV6-5	TRBJ2-7	1
CASSYVTGLTYNEQFF	TRBV6-5	TRBJ2-1	1
CASSYVTGNTEAFF	TRBV12-3	TRBJ1-1	1
CASSYVTSYEQYF	TRBV6-6	TRBJ2-7	1
CASSYVWGDMNTEAFF	TRBV6-5	TRBJ1-1	1
CASSYVYAGSSYNEQFF	TRBV6-3	TRBJ2-1	1
CASSYVYRGLMNTEAFF	TRBV6-3	TRBJ1-1	1
CASSYWARGNTEAFF	TRBV6-6	TRBJ1-1	1
CASSYWDTPTDTQYF	TRBV6-3	TRBJ2-3	1
CASSYWEGLSYEQYF	TRBV5-1	TRBJ2-7	1
CASSYWEQGWTEAFF	TRBV6-6	TRBJ1-1	1
CASSYWEQSKETQYF	TRBV13	TRBJ2-5	1
CASSYWESTAFF	TRBV6-3	TRBJ1-1	2
CASSYWGFNQPQHF	TRBV6-3	TRBJ1-5	1
CASSYWGPSNYGYTF	TRBV6-5	TRBJ1-2	1
CASSYWGTSYEQYF	TRBV6-3	TRBJ2-7	1
CASSYWGYYEQYF	TRBV6-3	TRBJ2-7	1
CASSYWNQPQHF	TRBV6-3	TRBJ1-5	1
CASSYWPDYGYTF	TRBV6-3	TRBJ1-2	1
CASSYWPGGGTEAFF	TRBV6-5	TRBJ1-1	1
CASSYWPRRLNTEAFF	TRBV6-5	TRBJ1-1	1
CASSYWPTYNEQFF	TRBV6-5	TRBJ2-1	1
CASSYWPVTRDSGRTNEKLFF	TRBV6-5	TRBJ1-4	1
CASSYWQGAYEQYF	TRBV6-5	TRBJ2-7	1
CASSYWRTGYNEQFF	TRBV6-3	TRBJ2-1	1
CASSYWRTSGRKYNEQFF	TRBV11-2	TRBJ2-1	1
CASSYWTDGYTF	TRBV6-6	TRBJ1-2	1
CASSYWTGGTWTQYF	TRBV5-6	TRBJ2-5	1
CASSYWTGNGYTF	TRBV6-5	TRBJ1-2	1
CASSYWTGTGELFF	TRBV11-2	TRBJ2-2	1
CASSYWTSSDNAKNIQYF	TRBV11-2	TRBJ2-4	1
CASSYWTSVAKNIQYF	TRBV7-2	TRBJ2-4	1
CASSYYELAGNIGEQFF	TRBV6-6	TRBJ2-1	1
CASSYYGGGAITGELFF	TRBV6-5	TRBJ2-2	1
CASSYYGTGGTEAFF	TRBV6-5	TRBJ1-1	1
CASSYYGWGTGELFF	TRBV6-3	TRBJ2-2	1
CASSYYLAGTSIYEQYF	TRBV6-6	TRBJ2-7	10
CASSYYNEQFF	TRBV4-3	TRBJ2-1	5
CASSYYNTLFSGNTIYF	TRBV6-6	TRBJ1-3	1
CASSYYPGPTSGRGYEQYF	TRBV6-6	TRBJ2-7	1
CASSYYQNYEQYF	TRBV6-3	TRBJ2-7	1
CASSYYSGLLFQETQYF	TRBV19	TRBJ2-5	1
CASSYYSLRVSNQPQHF	TRBV6-6	TRBJ1-5	1
CASSYYSNQPQHF	TRBV19	TRBJ1-5	3
CASSYYTGELFF	TRBV28	TRBJ2-2	1
CASSYYTGELFF	TRBV5-6	TRBJ2-2	1
CASSYYVGTGNTEAFF	TRBV6-6	TRBJ1-1	1
CASSYYVSTDTQYF	TRBV7-2	TRBJ2-3	1
CASSYYWDLPASNSYEQYF	TRBV5-1	TRBJ2-7	1
CASTADPGQYNEQFF	TRBV19	TRBJ2-1	1
CASTAEGFHTDTQYF	TRBV2	TRBJ2-3	1
CASTAFSGANTGELFF	TRBV2	TRBJ2-2	1
CASTAGGGETQYF	TRBV3-1	TRBJ2-5	1
CASTAGGGLPSNEQFF	TRBV9	TRBJ2-1	1
CASTAGGPYEQYF	TRBV2	TRBJ2-7	1
CASTAGGREQYF	TRBV2	TRBJ2-7	1
CASTAGGWADTQYF	TRBV6-3	TRBJ2-3	1
CASTAGSHYGYTF	TRBV19	TRBJ1-2	1
CASTAGSPYNEQFF	TRBV6-5	TRBJ2-1	1
CASTAGTSDQETQYF	TRBV19	TRBJ2-5	1
CASTAGTTNVLTF	TRBV6-1	TRBJ2-6	1
CASTAGVPYEQYF	TRBV6-6	TRBJ2-7	1
CASTAKGQARNEQFF	TRBV27	TRBJ2-1	1
CASTALAGEGNEQFF	TRBV2	TRBJ2-1	1
CASTALGGGNSPLHF	TRBV6-1	TRBJ1-6	1
CASTALGLWYF	TRBV19	TRBJ2-7	1
CASTANAGTNEQFF	TRBV12-4	TRBJ2-1	1
CASTAPEGYGYTF	TRBV12-3	TRBJ1-2	1
CASTAPREFSSEAFF	TRBV6-3	TRBJ1-1	1
CASTARDRPTYEQYF	TRBV7-9	TRBJ2-7	1
CASTARVAGELFF	TRBV12-4	TRBJ2-2	1
CASTATGEAFF	TRBV19	TRBJ1-1	1
CASTATGFGTQYF	TRBV7-6	TRBJ2-5	1
CASTAVQGASSGNTIYF	TRBV7-2	TRBJ1-3	1
CASTAWENSYNEQFF	TRBV6-3	TRBJ2-1	1
CASTAYSSTDTQYF	TRBV7-9	TRBJ2-3	1
CASTDFGSGANVLTF	TRBV19	TRBJ2-6	18
CASTDGGQSISYEQYF	TRBV5-6	TRBJ2-7	2
CASTDGTSDYNEQFF	TRBV11-2	TRBJ2-1	1
CASTDGVSYNEQFF	TRBV2	TRBJ2-1	2
CASTDGYNEQFF	TRBV19	TRBJ2-1	1
CASTDKRYGYTF	TRBV9	TRBJ1-2	1
CASTDLLAKNIQYF	TRBV7-9	TRBJ2-4	1
CASTDLQGAGTGELFF	TRBV6-5	TRBJ2-2	1
CASTDPGLGWGYTF	TRBV6-6	TRBJ1-2	1
CASTDPRQATFF	TRBV5-4	TRBJ1-1	1
CASTDPTENTEAFF	TRBV6-3	TRBJ1-1	1
CASTDQGDGDGELFF	TRBV19	TRBJ2-2	1
CASTDRAGGGYEQYF	TRBV12-3	TRBJ2-7	1
CASTDRDRYSNQPQHF	TRBV2	TRBJ1-5	1
CASTDRDSNQPQHF	TRBV2	TRBJ1-5	1
CASTDRGGYEQYF	TRBV27	TRBJ2-7	1
CASTDRVRGRAFF	TRBV27	TRBJ1-1	1
CASTDRYSTDTQYF	TRBV5-1	TRBJ2-3	1
CASTDSNTEAFF	TRBV27	TRBJ1-1	1
CASTDSPGLAGGYEQYF	TRBV6-3	TRBJ2-7	1
CASTDSSEPQHF	TRBV12-3	TRBJ1-5	1
CASTDTGGQYF	TRBV12-4	TRBJ2-5	1
CASTDTGIPNYGYTF	TRBV3-1	TRBJ1-2	1
CASTDYGYTF	TRBV2	TRBJ1-2	1
CASTEADTQYF	TRBV10-2	TRBJ2-3	1
CASTEAGGLNTGELFF	TRBV6-5	TRBJ2-2	1
CASTEAGGTGELFF	TRBV19	TRBJ2-2	1
CASTEDRGLSKNIQYF	TRBV12-4	TRBJ2-4	1
CASTEDTQYF	TRBV12-4	TRBJ2-3	1
CASTEEGRGANVLTF	TRBV27	TRBJ2-6	1
CASTEGFQPQHF	TRBV19	TRBJ1-5	1
CASTEGGAISDTQYF	TRBV9	TRBJ2-3	1
CASTEGRGADYEQYF	TRBV28	TRBJ2-7	1
CASTEGSEQFF	TRBV2	TRBJ2-1	1
CASTEGSGMYNEQFF	TRBV14	TRBJ2-1	1
CASTEGTAGYEQYF	TRBV2	TRBJ2-7	1
CASTEHVNQPQHF	TRBV7-8	TRBJ1-5	1
CASTEILDVFNYGYTF	TRBV6-3	TRBJ1-2	1
CASTEINEQFF	TRBV2	TRBJ2-1	1
CASTELAGSTDTQYF	TRBV6-5	TRBJ2-3	1
CASTELTGAGANVLTF	TRBV6-1	TRBJ2-6	1
CASTELTGTGHTDTQYF	TRBV28	TRBJ2-3	1
CASTEPGAPGTSESEQYF	TRBV28	TRBJ2-7	1
CASTEPRRVYEQYF	TRBV6-3	TRBJ2-7	1
CASTEQGGFHGYTF	TRBV6-5	TRBJ1-2	3
CASTEQGGNSGNTIYF	TRBV2	TRBJ1-3	1
CASTEQGVNTEAFF	TRBV19	TRBJ1-1	1
CASTERGQGDSPLHF	TRBV28	TRBJ1-6	1
CASTERQGPTDTQYF	TRBV7-2	TRBJ2-3	1
CASTERRGVPYNEQFF	TRBV7-3	TRBJ2-1	1
CASTESGGSGNTEAFF	TRBV7-9	TRBJ1-1	1
CASTESRGTEAFF	TRBV6-6	TRBJ1-1	1
CASTETGLRPEAFF	TRBV11-3	TRBJ1-1	1
CASTETGTRSYNEQFF	TRBV12-3	TRBJ2-1	1
CASTETRSDADTQYF	TRBV27	TRBJ2-3	1
CASTFDGTYGYTF	TRBV28	TRBJ1-2	1
CASTFESADTQYF	TRBV12-3	TRBJ2-3	1
CASTFGKTEAFF	TRBV7-9	TRBJ1-1	1
CASTFPGPGYF	TRBV6-3	TRBJ1-3	1
CASTFPLGPTYEQYF	TRBV7-9	TRBJ2-7	1
CASTFPPTYVDYGYTF	TRBV12-3	TRBJ1-2	1
CASTFPSPIRPGTSFVTGELFF	TRBV6-3	TRBJ2-2	1
CASTFRDKGDTQYF	TRBV5-1	TRBJ2-3	1
CASTFRSGTRDNEQYF	TRBV28	TRBJ2-7	1
CASTFSGGRRGTDTQYF	TRBV12-4	TRBJ2-3	1
CASTFSGRWSYNEQFF	TRBV19	TRBJ2-1	1
CASTFSGSLYNEQFF	TRBV6-3	TRBJ2-1	1
CASTFTGELFF	TRBV12-4	TRBJ2-2	1
CASTFTSGMRVNDEQFF	TRBV6-3	TRBJ2-1	1
CASTGEGVNSPLHF	TRBV9	TRBJ1-6	2
CASTGENNSPLHF	TRBV6-1	TRBJ1-6	1
CASTGESYEQYF	TRBV4-1	TRBJ2-7	1
CASTGGENTGELFF	TRBV6-5	TRBJ2-2	1
CASTGGGDYEQYF	TRBV2	TRBJ2-7	1
CASTGGGGGSEQYF	TRBV5-1	TRBJ2-7	1
CASTGGGPQETQYF	TRBV12-3	TRBJ2-5	1
CASTGGGTDTQYF	TRBV6-1	TRBJ2-3	2
CASTGGILHEQYF	TRBV6-6	TRBJ2-7	5
CASTGGISYEQYF	TRBV2	TRBJ2-7	1
CASTGGLEQYF	TRBV6-6	TRBJ2-7	1
CASTGGNQPQHF	TRBV7-9	TRBJ1-5	1
CASTGGQMNTEAFF	TRBV3-1	TRBJ1-1	1
CASTGGSNEQYF	TRBV27	TRBJ2-7	1
CASTGGSQETQYF	TRBV12-4	TRBJ2-5	1
CASTGGTDTQYF	TRBV2	TRBJ2-3	1
CASTGGTIGYTF	TRBV19	TRBJ1-2	1
CASTGISGRGPTYEQYF	TRBV6-3	TRBJ2-7	1
CASTGLAGGIGETQYF	TRBV27	TRBJ2-5	1
CASTGLAGQETQYF	TRBV3-1	TRBJ2-5	33
CASTGLETQYF	TRBV28	TRBJ2-5	1
CASTGLGGFSDTQYF	TRBV6-5	TRBJ2-3	1
CASTGLSGRETQYF	TRBV28	TRBJ2-5	1
CASTGLSREQYF	TRBV27	TRBJ2-7	1
CASTGNTGELFF	TRBV7-3	TRBJ2-2	1
CASTGPGLGVYNEQFF	TRBV27	TRBJ2-1	1
CASTGPGPGQGWETQYF	TRBV27	TRBJ2-5	1
CASTGPRDSYTGELFF	TRBV25-1	TRBJ2-2	1
CASTGPRSKTDTQYF	TRBV28	TRBJ2-3	1
CASTGPYTDTQYF	TRBV9	TRBJ2-3	1
CASTGQAAYEQYF	TRBV2	TRBJ2-7	1
CASTGQGRNSYEQYF	TRBV10-2	TRBJ2-7	1
CASTGQGSYEQYF	TRBV6-3	TRBJ2-7	1
CASTGQIYEQYF	TRBV6-1	TRBJ2-7	1
CASTGQPTSGASSYNEQFF	TRBV6-1	TRBJ2-1	1
CASTGQSTGELFF	TRBV27	TRBJ2-2	1
CASTGRGRSGANVLTF	TRBV12-5	TRBJ2-6	1
CASTGRVGTDTQYF	TRBV7-9	TRBJ2-3	1
CASTGSGGADEQFF	TRBV6-6	TRBJ2-1	1
CASTGSNTDTQYF	TRBV5-5	TRBJ2-3	1
CASTGTDYGYTF	TRBV19	TRBJ1-2	1
CASTGTESNYGYTF	TRBV19	TRBJ1-2	1
CASTGTGGHYEQYF	TRBV5-6	TRBJ2-7	1
CASTGTGGRAFF	TRBV19	TRBJ1-1	1
CASTGTGTMNTEAFF	TRBV27	TRBJ1-1	1
CASTGTGVSSYEQYF	TRBV2	TRBJ2-7	1
CASTGTGWTDTQYF	TRBV19	TRBJ2-3	1
CASTGTGYTDTQYF	TRBV19	TRBJ2-3	1
CASTGTPAGISHTGELFF	TRBV12-3	TRBJ2-2	1
CASTGTSASYEQYF	TRBV6-5	TRBJ2-7	1
CASTGTSGGDTQYF	TRBV9	TRBJ2-3	1
CASTGTSGTYEQYF	TRBV6-3	TRBJ2-7	1
CASTGTVPPYEQYF	TRBV6-1	TRBJ2-7	1
CASTGTVSYEQYF	TRBV5-1	TRBJ2-7	1
CASTGTWETQYF	TRBV6-3	TRBJ2-5	1
CASTGVDTEAFF	TRBV5-4	TRBJ1-1	1
CASTGVGSYEQYF	TRBV19	TRBJ2-7	1
CASTGVGVYNEQFF	TRBV6-3	TRBJ2-1	1
CASTGWGQGEETQYF	TRBV5-6	TRBJ2-5	1
CASTGWGTEAFF	TRBV25-1	TRBJ1-1	1
CASTGWWSFATSTDTQYF	TRBV28	TRBJ2-3	1
CASTHAPGLAGRGRYNEQFF	TRBV6-3	TRBJ2-1	1
CASTHDSGEDGYTF	TRBV6-5	TRBJ1-2	1
CASTHGGTPDTQYF	TRBV11-2	TRBJ2-3	1
CASTHGTNPYEQYF	TRBV28	TRBJ2-7	1
CASTHGVASAGELFF	TRBV6-3	TRBJ2-2	1
CASTHGVGGPNTGELFF	TRBV7-9	TRBJ2-2	1
CASTHLLGGTGELFF	TRBV25-1	TRBJ2-2	1
CASTHLRLGTDTQYF	TRBV7-9	TRBJ2-3	1
CASTHQRRYPYEQYF	TRBV7-8	TRBJ2-7	1
CASTHRGTVLEQYF	TRBV6-3	TRBJ2-7	1
CASTHSGDLHF	TRBV6-3	TRBJ1-6	1
CASTHSGGNTGELFF	TRBV6-3	TRBJ2-2	1
CASTHSIAGPYNEQFF	TRBV4-3	TRBJ2-1	1
CASTHSPLSQFF	TRBV12-4	TRBJ2-1	1
CASTHTGGYEQYF	TRBV6-3	TRBJ2-7	1
CASTHVGQGMQPQHF	TRBV6-3	TRBJ1-5	1
CASTHWDISYEQYF	TRBV12-4	TRBJ2-7	1
CASTHYSGSETQYF	TRBV28	TRBJ2-5	1
CASTIAGAPYNEQFF	TRBV19	TRBJ2-1	1
CASTIAGNTGELFF	TRBV6-5	TRBJ2-2	1
CASTIDATSTSLGAKNIQYF	TRBV6-3	TRBJ2-4	1
CASTIFWTGTYYEQYF	TRBV2	TRBJ2-7	1
CASTIGLAESSYEQYF	TRBV28	TRBJ2-7	1
CASTIGSAPNQPQHF	TRBV12-4	TRBJ1-5	1
CASTIGTGGDYGYTF	TRBV19	TRBJ1-2	1
CASTIIGTYGYTF	TRBV28	TRBJ1-2	1
CASTIIPGLAGPREETQYF	TRBV19	TRBJ2-5	1
CASTILGDYSYNEQFF	TRBV12-3	TRBJ2-1	1
CASTIPTSGSIDEQFF	TRBV28	TRBJ2-1	1
CASTISGGPNQPQHF	TRBV12-3	TRBJ1-5	1
CASTISSSLGYTF	TRBV19	TRBJ1-2	1
CASTITAVGQPQHF	TRBV6-3	TRBJ1-5	1
CASTIVQGGDTQYF	TRBV10-2	TRBJ2-3	1
CASTKDGQREQYF	TRBV6-3	TRBJ2-7	1
CASTKFGEGNQPQHF	TRBV28	TRBJ1-5	1
CASTKGATLWDSYEQYF	TRBV2	TRBJ2-7	1
CASTKGGAEDTQYF	TRBV7-3	TRBJ2-3	1
CASTKGGGRGDTQYF	TRBV9	TRBJ2-3	1
CASTKGGPYGYTF	TRBV6-5	TRBJ1-2	1
CASTKGLAGAFYEQYF	TRBV2	TRBJ2-7	1
CASTKGSVTEAFF	TRBV6-5	TRBJ1-1	1
CASTKGYAEKLFF	TRBV6-1	TRBJ1-4	1
CASTKIGASGADTQYF	TRBV13	TRBJ2-3	1
CASTKLAGGETQYF	TRBV6-1	TRBJ2-5	1
CASTKQKNTEAFF	TRBV12-3	TRBJ1-1	1
CASTKRTEKETQYF	TRBV28	TRBJ2-5	1
CASTKSMNTEAFF	TRBV12-3	TRBJ1-1	1
CASTKSSGNLWDEQFF	TRBV27	TRBJ2-1	1
CASTKSSTDTQYF	TRBV6-3	TRBJ2-3	1
CASTKTKWDTEAFF	TRBV19	TRBJ1-1	1
CASTKVAAGTSGIKAGELFF	TRBV4-2	TRBJ2-2	1
CASTKWDLLTDTQYF	TRBV9	TRBJ2-3	1
CASTLADSYNEQFF	TRBV18	TRBJ2-1	1
CASTLAEDTGELFF	TRBV28	TRBJ2-2	1
CASTLAGDRETQYF	TRBV12-4	TRBJ2-5	1
CASTLAGEQTQYF	TRBV3-1	TRBJ2-5	1
CASTLAGGGTGELFF	TRBV27	TRBJ2-2	1
CASTLAGGNNEQFF	TRBV6-5	TRBJ2-1	1
CASTLAGGTYEQYF	TRBV28	TRBJ2-7	1
CASTLAGSSYNEQFF	TRBV12-3	TRBJ2-1	1
CASTLAGTGGNIQYF	TRBV13	TRBJ2-4	1
CASTLAGVTNEQFF	TRBV2	TRBJ2-1	1
CASTLANRGSQETQYF	TRBV28	TRBJ2-5	1
CASTLDAGSGANVLTF	TRBV6-6	TRBJ2-6	1
CASTLDKNTEAFF	TRBV7-9	TRBJ1-1	1
CASTLDRLGTDTQYF	TRBV19	TRBJ2-3	1
CASTLDTGELFF	TRBV7-3	TRBJ2-2	1
CASTLEGGSYNEQFF	TRBV6-4	TRBJ2-1	1
CASTLEQRGIRGANVLTF	TRBV28	TRBJ2-6	1
CASTLGAIDTEAFF	TRBV5-1	TRBJ1-1	1
CASTLGDRGYQETQYF	TRBV28	TRBJ2-5	1
CASTLGEGSEAFF	TRBV6-3	TRBJ1-1	1
CASTLGFSDNYGYTF	TRBV28	TRBJ1-2	1
CASTLGGGEEQYF	TRBV5-4	TRBJ2-7	1
CASTLGGGLDEQYF	TRBV12-3	TRBJ2-7	1
CASTLGGGPGDTQYF	TRBV9	TRBJ2-3	1
CASTLGGKETQYF	TRBV3-1	TRBJ2-5	1
CASTLGGNPEAFF	TRBV12-3	TRBJ1-1	1
CASTLGGPTDTQYF	TRBV27	TRBJ2-3	1
CASTLGGTVNYGYTF	TRBV5-5	TRBJ1-2	1
CASTLGNQPQHF	TRBV7-9	TRBJ1-5	1
CASTLGPFRLAGGAGDTQYF	TRBV12-3	TRBJ2-3	1
CASTLGQRNEQFF	TRBV6-3	TRBJ2-1	1
CASTLGRGHYEQYF	TRBV28	TRBJ2-7	1
CASTLGSGGAGELFF	TRBV6-1	TRBJ2-2	3
CASTLGSSYNEQFF	TRBV7-9	TRBJ2-1	1
CASTLGTPITEAFF	TRBV12-3	TRBJ1-1	1
CASTLGVASGGGGLFF	TRBV7-2	TRBJ2-1	1
CASTLGVGGSYEQYF	TRBV9	TRBJ2-7	1
CASTLGWGGDSEAFF	TRBV19	TRBJ1-1	1
CASTLGYGYTF	TRBV6-6	TRBJ1-2	1
CASTLITGELFF	TRBV28	TRBJ2-2	1
CASTLIVGQAAYGYTF	TRBV19	TRBJ1-2	1
CASTLKGGGVYEQFF	TRBV27	TRBJ2-1	1
CASTLKPGYNEQFF	TRBV3-1	TRBJ2-1	1
CASTLKPRVGSANTGELFF	TRBV9	TRBJ2-2	1
CASTLKYAVSGNTIYF	TRBV19	TRBJ1-3	1
CASTLLAGGPSVVEQYF	TRBV28	TRBJ2-7	1
CASTLLAGGTDTQYF	TRBV7-2	TRBJ2-3	1
CASTLLAGSTDTQYF	TRBV7-2	TRBJ2-3	1
CASTLLAGVDTQYF	TRBV12-4	TRBJ2-3	1
CASTLLDTNEQFF	TRBV5-4	TRBJ2-1	1
CASTLLEGVSGNTIYF	TRBV6-1	TRBJ1-3	1
CASTLLGPRTGELFF	TRBV27	TRBJ2-2	1
CASTLLGQGGNTEAFF	TRBV19	TRBJ1-1	1
CASTLLQGTQYF	TRBV6-1	TRBJ2-5	1
CASTLLRDSPLHF	TRBV6-3	TRBJ1-6	1
CASTLLWVSYNSPLHF	TRBV6-5	TRBJ1-6	1
CASTLMDGYTF	TRBV6-5	TRBJ1-2	1
CASTLMGSSYNSPLHF	TRBV28	TRBJ1-6	1
CASTLPEGRVNTEAFF	TRBV2	TRBJ1-1	1
CASTLPGNTEAFF	TRBV7-9	TRBJ1-1	1
CASTLPGPNTGELFF	TRBV7-9	TRBJ2-2	1
CASTLPGRDEAFF	TRBV12-3	TRBJ1-1	1
CASTLPLQTGTRGYEQYF	TRBV6-3	TRBJ2-7	1
CASTLQASISNQPQHF	TRBV6-4	TRBJ1-5	1
CASTLQGARNEQYF	TRBV6-3	TRBJ2-7	1
CASTLQGIETQYF	TRBV7-2	TRBJ2-5	1
CASTLQGPNGYTF	TRBV12-4	TRBJ1-2	1
CASTLQNGPYEQYF	TRBV6-3	TRBJ2-7	1
CASTLRDRGGLYGYTF	TRBV13	TRBJ1-2	1
CASTLRDRGHQPQHF	TRBV19	TRBJ1-5	1
CASTLRDSINTGELFF	TRBV6-5	TRBJ2-2	1
CASTLRDTEAFF	TRBV6-6	TRBJ1-1	1
CASTLRGESTEAFF	TRBV28	TRBJ1-1	1
CASTLRGGQGPLNEQFF	TRBV7-3	TRBJ2-1	1
CASTLRGQGDWRNSPLHF	TRBV6-5	TRBJ1-6	2
CASTLRGRAIDTQYF	TRBV5-7	TRBJ2-3	1
CASTLRGSQRGRTDTQYF	TRBV2	TRBJ2-3	1
CASTLRGTGVETQYF	TRBV5-4	TRBJ2-5	1
CASTLRVGDYNEQFF	TRBV7-7	TRBJ2-1	1
CASTLRVSGVYEQYF	TRBV27	TRBJ2-7	1
CASTLSGRPYEQYF	TRBV12-4	TRBJ2-7	1
CASTLSGSYNSPLHF	TRBV12-3	TRBJ1-6	1
CASTLSNGPLGTDTQYF	TRBV6-3	TRBJ2-3	1
CASTLSSGSFREQYF	TRBV5-8	TRBJ2-7	1
CASTLTGASYEQYF	TRBV11-2	TRBJ2-7	1
CASTLTGATNEKLFF	TRBV12-4	TRBJ1-4	19
CASTLTGAYGYTF	TRBV3-1	TRBJ1-2	1
CASTLTGDSNQPQHF	TRBV27	TRBJ1-5	1
CASTLTGELFF	TRBV7-9	TRBJ2-2	1
CASTLTGLADTYNEQFF	TRBV6-3	TRBJ2-1	1
CASTLTGSSYEQYF	TRBV5-6	TRBJ2-7	1
CASTLTGTHYNEQFF	TRBV19	TRBJ2-1	1
CASTLTGVNTEAFF	TRBV2	TRBJ1-1	1
CASTLTRGAHEQYF	TRBV13	TRBJ2-7	1
CASTLTSGGADRGDTQYF	TRBV2	TRBJ2-3	1
CASTLTSGSYFSYNEQFF	TRBV19	TRBJ2-1	1
CASTLTVVLEQFF	TRBV2	TRBJ2-1	1
CASTLVGAGTGGNQPQHF	TRBV12-3	TRBJ1-5	1
CASTLVGGGTGELFF	TRBV27	TRBJ2-2	1
CASTLVGGRNTEAFF	TRBV6-5	TRBJ1-1	2
CASTLVPDSIEQYF	TRBV28	TRBJ2-7	1
CASTLVPSTDTQYF	TRBV12-4	TRBJ2-3	1
CASTLVSGSYEQYF	TRBV28	TRBJ2-7	1
CASTLWDITTEAFF	TRBV6-3	TRBJ1-1	1
CASTLWGAPNYGYTF	TRBV5-6	TRBJ1-2	1
CASTLWREGPYEQYF	TRBV28	TRBJ2-7	1
CASTMDLNTEAFF	TRBV2	TRBJ1-1	1
CASTMMEKDEKLFF	TRBV19	TRBJ1-4	1
CASTMNRGLETQYF	TRBV6-3	TRBJ2-5	1
CASTMSLAEQFF	TRBV12-3	TRBJ2-1	1
CASTMTGANTEAFF	TRBV5-6	TRBJ1-1	1
CASTMTGGNYGYTF	TRBV7-9	TRBJ1-2	1
CASTMTGTYTDTQYF	TRBV12-4	TRBJ2-3	1
CASTNARSEQYF	TRBV11-2	TRBJ2-7	1
CASTNDVNEQFF	TRBV6-6	TRBJ2-1	1
CASTNFGLAATGELFF	TRBV12-4	TRBJ2-2	1
CASTNGANEQFF	TRBV19	TRBJ2-1	1
CASTNGLGGTEAFF	TRBV6-3	TRBJ1-1	1
CASTNIGTDTQYF	TRBV28	TRBJ2-3	2
CASTNLKTGGDRNEQFF	TRBV6-3	TRBJ2-1	1
CASTNPGRNNSPLHF	TRBV6-3	TRBJ1-6	1
CASTNQGANTEAFF	TRBV6-5	TRBJ1-1	1
CASTNRDIATNEKLFF	TRBV19	TRBJ1-4	1
CASTNRRGPTDTQYF	TRBV12-4	TRBJ2-3	1
CASTNRTGGYEQYF	TRBV19	TRBJ2-7	1
CASTNSAGGYEQYF	TRBV28	TRBJ2-7	1
CASTNTRESAKNIQYF	TRBV28	TRBJ2-4	6
CASTPAADDRPVGNTIYF	TRBV6-5	TRBJ1-3	1
CASTPAASVDTQYF	TRBV12-4	TRBJ2-3	1
CASTPAGDYNEQFF	TRBV6-6	TRBJ2-1	1
CASTPAGGDNSPLHF	TRBV28	TRBJ1-6	1
CASTPAGGHEQYF	TRBV6-3	TRBJ2-7	1
CASTPAGGLSYNEQFF	TRBV27	TRBJ2-1	1
CASTPAGGSLPNTEAFF	TRBV9	TRBJ1-1	1
CASTPAGRGQKTYGYTF	TRBV27	TRBJ1-2	1
CASTPATNEKLFF	TRBV6-6	TRBJ1-4	1
CASTPDASSYEQYF	TRBV27	TRBJ2-7	1
CASTPDQGGEQYF	TRBV9	TRBJ2-7	1
CASTPDRGLTEAFF	TRBV6-3	TRBJ1-1	8
CASTPDRSFYEQYF	TRBV7-9	TRBJ2-7	1
CASTPDTDTQYF	TRBV12-4	TRBJ2-3	1
CASTPDTLDGYTF	TRBV6-6	TRBJ1-2	1
CASTPDWDTEAFF	TRBV19	TRBJ1-1	4
CASTPDYTSTDTQYF	TRBV6-3	TRBJ2-3	1
CASTPEGSGGYTDTQYF	TRBV9	TRBJ2-3	1
CASTPENQETQYF	TRBV28	TRBJ2-5	1
CASTPFGTDGYTF	TRBV6-5	TRBJ1-2	1
CASTPGALLAKNIQYF	TRBV7-9	TRBJ2-4	1
CASTPGEPNSPLHF	TRBV27	TRBJ1-6	1
CASTPGEVTQYF	TRBV2	TRBJ2-5	1
CASTPGFGDGPRNIQYF	TRBV6-3	TRBJ2-4	1
CASTPGGDRVENEQFF	TRBV7-9	TRBJ2-1	1
CASTPGGDSYTF	TRBV12-3	TRBJ1-2	1
CASTPGGFGYTF	TRBV2	TRBJ1-2	1
CASTPGGGAYEQYF	TRBV6-5	TRBJ2-7	1
CASTPGGGSPLHF	TRBV27	TRBJ1-6	1
CASTPGGIDTQYF	TRBV19	TRBJ2-3	1
CASTPGGLTLYEQYF	TRBV28	TRBJ2-7	1
CASTPGGNEQFF	TRBV12-3	TRBJ2-1	1
CASTPGGQGYTEAFF	TRBV2	TRBJ1-1	1
CASTPGGRADYEQYF	TRBV9	TRBJ2-7	1
CASTPGGSSYEQYF	TRBV7-9	TRBJ2-7	1
CASTPGGSTDTQYF	TRBV12-4	TRBJ2-3	1
CASTPGGTEAFF	TRBV19	TRBJ1-1	1
CASTPGGVEEQFF	TRBV19	TRBJ2-1	1
CASTPGLAEYNEQFF	TRBV6-5	TRBJ2-1	1
CASTPGLDIGGPFTDTQYF	TRBV5-6	TRBJ2-3	1
CASTPGLMNTEAFF	TRBV12-3	TRBJ1-1	1
CASTPGLNTGELFF	TRBV6-5	TRBJ2-2	1
CASTPGLPNYGYTF	TRBV12-3	TRBJ1-2	1
CASTPGPATNEKLFF	TRBV2	TRBJ1-4	1
CASTPGQANSPLHF	TRBV12-3	TRBJ1-6	1
CASTPGQGGSPLHF	TRBV6-5	TRBJ1-6	1
CASTPGQGGTGELFF	TRBV9	TRBJ2-2	1
CASTPGQGLYGYTF	TRBV7-9	TRBJ1-2	9
CASTPGQGVGGYTF	TRBV27	TRBJ1-2	1
CASTPGQGVGNTIYF	TRBV19	TRBJ1-3	1
CASTPGQISIAPYEQYF	TRBV27	TRBJ2-7	1
CASTPGRGNTDTQYF	TRBV9	TRBJ2-3	1
CASTPGSPGELFF	TRBV6-6	TRBJ2-2	1
CASTPGTAITGELFF	TRBV19	TRBJ2-2	1
CASTPGTNYNEQFF	TRBV12-3	TRBJ2-1	1
CASTPGTSAYNEQFF	TRBV27	TRBJ2-1	2
CASTPGTSGSNTGELFF	TRBV28	TRBJ2-2	1
CASTPGTSGTYEQYF	TRBV27	TRBJ2-7	1
CASTPGTSLQETQYF	TRBV28	TRBJ2-5	1
CASTPGTTTNEKLFF	TRBV2	TRBJ1-4	1
CASTPGVGTDTQYF	TRBV21-1	TRBJ2-3	1
CASTPGWGSSGNTIYF	TRBV2	TRBJ1-3	1
CASTPGYMNTEAFF	TRBV10-2	TRBJ1-1	1
CASTPIVGGHHTEAFF	TRBV6-3	TRBJ1-1	1
CASTPKGDRDEQYF	TRBV27	TRBJ2-7	1
CASTPLAGGPRGTDTQYF	TRBV9	TRBJ2-3	1
CASTPLGTEDDYSNQPQHF	TRBV7-9	TRBJ1-5	1
CASTPLPGQGDYEQYF	TRBV7-6	TRBJ2-7	1
CASTPLQGNYGYTF	TRBV4-1	TRBJ1-2	1
CASTPLRNSQETQYF	TRBV28	TRBJ2-5	1
CASTPNEFPYNEQFF	TRBV19	TRBJ2-1	1
CASTPNPTNTYNEQFF	TRBV19	TRBJ2-1	1
CASTPPDRGPFEQYF	TRBV6-5	TRBJ2-7	1
CASTPPGTVYEQYF	TRBV5-1	TRBJ2-7	1
CASTPPLASGRYYEQYF	TRBV7-9	TRBJ2-7	1
CASTPPRGTQYF	TRBV28	TRBJ2-3	1
CASTPPRLVRWETQYF	TRBV7-2	TRBJ2-5	1
CASTPPRVLEQETQYF	TRBV5-5	TRBJ2-5	1
CASTPQEFVYGYTF	TRBV19	TRBJ1-2	1
CASTPQFGTGNTIYF	TRBV27	TRBJ1-3	1
CASTPQGETQYF	TRBV25-1	TRBJ2-5	2
CASTPRASYEQYF	TRBV7-9	TRBJ2-7	1
CASTPREQGLGNEQFF	TRBV27	TRBJ2-1	1
CASTPRGAREGTDTQYF	TRBV5-1	TRBJ2-3	1
CASTPRGIYGYTF	TRBV19	TRBJ1-2	1
CASTPRGLSSYNSPLHF	TRBV27	TRBJ1-6	1
CASTPRGSAGYTF	TRBV10-2	TRBJ1-2	6
CASTPRPQIMNTEAFF	TRBV7-9	TRBJ1-1	1
CASTPRRLGLFPSSGNTIYF	TRBV6-6	TRBJ1-3	80
CASTPRSGGSYNEQFF	TRBV6-3	TRBJ2-1	1
CASTPSAMGDGELFF	TRBV19	TRBJ2-2	1
CASTPSFEGTYEQYF	TRBV28	TRBJ2-7	1
CASTPSGAQETQYF	TRBV7-8	TRBJ2-5	1
CASTPSGASQETQYF	TRBV6-5	TRBJ2-5	1
CASTPSGASYNEQFF	TRBV4-3	TRBJ2-1	1
CASTPSGGPDTQYF	TRBV27	TRBJ2-3	1
CASTPSGQLSYEQYF	TRBV28	TRBJ2-7	1
CASTPSGVSGTEAFF	TRBV6-1	TRBJ1-1	1
CASTPSPGGGYEQYF	TRBV28	TRBJ2-7	1
CASTPSQPNEKLFF	TRBV10-2	TRBJ1-4	1
CASTPSRASGGYLLETQYF	TRBV2	TRBJ2-5	1
CASTPSRDNEQFF	TRBV5-1	TRBJ2-1	1
CASTPSSQGLNVVYNEQFF	TRBV27	TRBJ2-1	1
CASTPSTSGVIEQYF	TRBV6-1	TRBJ2-7	1
CASTPTGAFQETQYF	TRBV9	TRBJ2-5	1
CASTPTGGAEAFF	TRBV6-5	TRBJ1-1	1
CASTPTGGNTEAFF	TRBV6-5	TRBJ1-1	1
CASTPTGGNTEAFF	TRBV9	TRBJ1-1	1
CASTPTGTGGTGELFF	TRBV25-1	TRBJ2-2	1
CASTPTGTGNYGYTF	TRBV25-1	TRBJ1-2	1
CASTPTGTYNEQFF	TRBV7-8	TRBJ2-1	3
CASTPTGYGYTF	TRBV19	TRBJ1-2	1
CASTPTNEAFF	TRBV7-2	TRBJ1-1	1
CASTPTRELYNEQFF	TRBV27	TRBJ2-1	1
CASTPTSGEETQYF	TRBV6-3	TRBJ2-5	1
CASTPTSGREDEQFF	TRBV13	TRBJ2-1	1
CASTPTSGTYTDTQYF	TRBV7-9	TRBJ2-3	1
CASTPTSKADTQYF	TRBV2	TRBJ2-3	1
CASTPTSTDTQYF	TRBV16	TRBJ2-3	1
CASTPTVNTEAFF	TRBV4-2	TRBJ1-1	1
CASTPVGGSNYNEQFF	TRBV28	TRBJ2-1	1
CASTPVQGPEQYF	TRBV6-5	TRBJ2-7	1
CASTPWAGGTYEQYF	TRBV28	TRBJ2-7	1
CASTPWDRVTPTEAFF	TRBV11-2	TRBJ1-1	1
CASTPWGGETQYF	TRBV28	TRBJ2-5	1
CASTPWGRGTDTQYF	TRBV9	TRBJ2-3	1
CASTPWGSGSHAGNTIYF	TRBV7-3	TRBJ1-3	1
CASTPWSLAENTGELFF	TRBV6-1	TRBJ2-2	1
CASTPWTGENTEAFF	TRBV19	TRBJ1-1	1
CASTPYFQRPSEQFF	TRBV6-3	TRBJ2-1	1
CASTQAGESNQPQHF	TRBV19	TRBJ1-5	1
CASTQAQGSSYNSPLHF	TRBV19	TRBJ1-6	1
CASTQASNTEAFF	TRBV27	TRBJ1-1	1
CASTQDSDNSPLHF	TRBV6-5	TRBJ1-6	1
CASTQELRDASRLNTEAFF	TRBV3-1	TRBJ1-1	1
CASTQGANTEAFF	TRBV6-5	TRBJ1-1	1
CASTQGAYSEAFF	TRBV6-5	TRBJ1-1	1
CASTQGFDNEQFF	TRBV11-2	TRBJ2-1	1
CASTQGGGTGSFYEQYF	TRBV6-5	TRBJ2-7	19
CASTQGGGTYGYTF	TRBV9	TRBJ1-2	1
CASTQGGNQPQHF	TRBV6-3	TRBJ1-5	1
CASTQGGTEAFF	TRBV12-4	TRBJ1-1	1
CASTQGIVGNTEAFF	TRBV3-1	TRBJ1-1	1
CASTQGLEQYF	TRBV7-9	TRBJ2-7	1
CASTQGLGAEQYF	TRBV6-5	TRBJ2-7	1
CASTQGNSPLHF	TRBV28	TRBJ1-6	1
CASTQGTGGADGYTF	TRBV12-3	TRBJ1-2	1
CASTQGYGGTEAFF	TRBV28	TRBJ1-1	1
CASTQGYNQPQHF	TRBV19	TRBJ1-5	1
CASTQHPKRQGVEGYTF	TRBV28	TRBJ1-2	1
CASTQIFGNYGYTF	TRBV28	TRBJ1-2	1
CASTQIPTTSTDTQYF	TRBV21-1	TRBJ2-3	1
CASTQKTSGGIRDNEQFF	TRBV5-1	TRBJ2-1	1
CASTQMSGDTQYF	TRBV6-5	TRBJ2-3	1
CASTQNRENTEAFF	TRBV27	TRBJ1-1	1
CASTQNRGYTF	TRBV16	TRBJ1-2	2
CASTQPAEDGEKLFF	TRBV6-3	TRBJ1-4	2
CASTQPRAGANVLTF	TRBV28	TRBJ2-6	1
CASTQPTRGVTDTQYF	TRBV6-1	TRBJ2-3	1
CASTQQGAADTQYF	TRBV6-6	TRBJ2-3	1
CASTQRRETNYGYTF	TRBV6-3	TRBJ1-2	1
CASTQTEAFF	TRBV7-9	TRBJ1-1	1
CASTQTGGGPYNEQFF	TRBV11-2	TRBJ2-1	1
CASTQTGGRGDRNYGYTF	TRBV6-5	TRBJ1-2	1
CASTQWQGGATNEKLFF	TRBV6-6	TRBJ1-4	1
CASTRALYQETQYF	TRBV6-6	TRBJ2-5	1
CASTRDRAYEQYF	TRBV28	TRBJ2-7	1
CASTRDRDGLYEQYF	TRBV19	TRBJ2-7	1
CASTRDRPTLGYTF	TRBV13	TRBJ1-2	3
CASTRDVLMAGELFF	TRBV6-6	TRBJ2-2	1
CASTRDVSGELFF	TRBV27	TRBJ2-2	3
CASTRDVYSNQPQHF	TRBV28	TRBJ1-5	1
CASTREGFWGDNPRTDTQYF	TRBV6-3	TRBJ2-3	1
CASTRGDGFPVTDTQYF	TRBV28	TRBJ2-3	1
CASTRGGEQYF	TRBV6-1	TRBJ2-7	1
CASTRGNNEKLFF	TRBV7-9	TRBJ1-4	1
CASTRGPRPEAFF	TRBV12-3	TRBJ1-1	1
CASTRGRGADGYTF	TRBV6-3	TRBJ1-2	1
CASTRGVLSGNTIYF	TRBV5-6	TRBJ1-3	1
CASTRGWAEAFF	TRBV5-8	TRBJ1-1	1
CASTRGYEQYF	TRBV7-2	TRBJ2-7	1
CASTRGYTGELFF	TRBV28	TRBJ2-2	1
CASTRINSPLHF	TRBV5-6	TRBJ1-6	1
CASTRLAETQETQYF	TRBV28	TRBJ2-5	1
CASTRLAETSGEQYF	TRBV6-3	TRBJ2-7	1
CASTRLAGAGTDTQYF	TRBV27	TRBJ2-3	7
CASTRLAGASTDTQYF	TRBV7-6	TRBJ2-3	1
CASTRLAGATDTQYF	TRBV27	TRBJ2-3	1
CASTRLAGSYEQYF	TRBV6-1	TRBJ2-7	1
CASTRLAVSYNEQFF	TRBV6-3	TRBJ2-1	1
CASTRLETSTDTQYF	TRBV6-1	TRBJ2-3	1
CASTRLGTSGSRQYF	TRBV27	TRBJ2-7	1
CASTRLPGNEQFF	TRBV27	TRBJ2-1	1
CASTRLQGLITDTQYF	TRBV7-2	TRBJ2-3	1
CASTRMTMGLPEQYF	TRBV6-3	TRBJ2-7	1
CASTRNNEQFF	TRBV2	TRBJ2-1	2
CASTRPDGTDTQYF	TRBV2	TRBJ2-3	1
CASTRPDRGDEQYF	TRBV12-3	TRBJ2-7	1
CASTRPQAYEQYF	TRBV6-3	TRBJ2-7	1
CASTRRDRVAYGYTF	TRBV28	TRBJ1-2	1
CASTRRDTDTQYF	TRBV19	TRBJ2-3	1
CASTRRGPLSSYNSPLHF	TRBV28	TRBJ1-6	1
CASTRRLGRTTGNQPQHF	TRBV6-1	TRBJ1-5	1
CASTRRRGRYGYTF	TRBV12-4	TRBJ1-2	1
CASTRRVREAGGDYEQYF	TRBV5-6	TRBJ2-7	1
CASTRSGGNQPQHF	TRBV5-6	TRBJ1-5	1
CASTRSRETQYF	TRBV7-9	TRBJ2-5	1
CASTRSYNSPLHF	TRBV12-4	TRBJ1-6	1
CASTRTEPNTGELFF	TRBV19	TRBJ2-2	1
CASTRTFLNTEAFF	TRBV28	TRBJ1-1	1
CASTRTGDYEQYF	TRBV2	TRBJ2-7	1
CASTRTGGLETQYF	TRBV11-1	TRBJ2-5	1
CASTRTGNTEAFF	TRBV27	TRBJ1-1	3
CASTRTGWNEAFF	TRBV11-2	TRBJ1-1	1
CASTRTLFANEQFF	TRBV28	TRBJ2-1	1
CASTRTSVLTGELFF	TRBV6-3	TRBJ2-2	1
CASTRVGGDYGYTF	TRBV27	TRBJ1-2	1
CASTRVGSTEAFF	TRBV19	TRBJ1-1	1
CASTRYRAPRRGETQYF	TRBV7-8	TRBJ2-5	1
CASTSADGYGYTF	TRBV6-3	TRBJ1-2	1
CASTSAGTPSYEQYF	TRBV12-3	TRBJ2-7	1
CASTSDGGAYNEQFF	TRBV27	TRBJ2-1	1
CASTSEGGTGGNTIYF	TRBV27	TRBJ1-3	1
CASTSEPGDEKLFF	TRBV7-2	TRBJ1-4	1
CASTSFGGGPLNEQFF	TRBV5-4	TRBJ2-1	1
CASTSGDNEQFF	TRBV11-1	TRBJ2-1	1
CASTSGENTEAFF	TRBV6-1	TRBJ1-1	1
CASTSGGATGELFF	TRBV27	TRBJ2-2	1
CASTSGGAWEKLFF	TRBV6-5	TRBJ1-4	1
CASTSGGAYNEQFF	TRBV19	TRBJ2-1	1
CASTSGGPSYNEQFF	TRBV12-3	TRBJ2-1	1
CASTSGGSGANVLTF	TRBV6-5	TRBJ2-6	1
CASTSGGSPLHF	TRBV27	TRBJ1-6	1
CASTSGIDNEQFF	TRBV6-5	TRBJ2-1	1
CASTSGLAPYEQYF	TRBV13	TRBJ2-7	1
CASTSGMRERDEAFF	TRBV6-3	TRBJ1-1	1
CASTSGPSYNEQFF	TRBV9	TRBJ2-1	1
CASTSGRNTYEQYF	TRBV19	TRBJ2-7	1
CASTSGSQGGRDGPQHF	TRBV12-4	TRBJ1-5	1
CASTSGTPSSYNEQFF	TRBV9	TRBJ2-1	1
CASTSGTPTNIQYF	TRBV6-3	TRBJ2-4	1
CASTSGVYQPQHF	TRBV19	TRBJ1-5	3
CASTSIGGETYEQYF	TRBV6-1	TRBJ2-7	1
CASTSLGPTEQYF	TRBV6-6	TRBJ2-7	1
CASTSLGRGEQFF	TRBV6-6	TRBJ2-1	1
CASTSLGTSGNTGELFF	TRBV27	TRBJ2-2	1
CASTSLQGATDTQYF	TRBV12-3	TRBJ2-3	1
CASTSLRNEKLFF	TRBV12-4	TRBJ1-4	1
CASTSLVQGAYEQYF	TRBV12-4	TRBJ2-7	1
CASTSMEKDTQYF	TRBV19	TRBJ2-3	1
CASTSNRDWANYGYTF	TRBV19	TRBJ1-2	1
CASTSPEGRNTEAFF	TRBV5-4	TRBJ1-1	1
CASTSPGHSQQYF	TRBV13	TRBJ2-3	1
CASTSPVYEQFF	TRBV12-3	TRBJ2-1	1
CASTSRDRAAFLAGQETQYF	TRBV28	TRBJ2-5	1
CASTSRWGTEAFF	TRBV27	TRBJ1-1	1
CASTSSDTQYF	TRBV12-4	TRBJ2-3	1
CASTSSGGPAGAGELFF	TRBV6-3	TRBJ2-2	1
CASTSSGGYEQYF	TRBV2	TRBJ2-7	1
CASTSSGSYEQYF	TRBV27	TRBJ2-7	1
CASTSSPVSSQHF	TRBV12-4	TRBJ1-5	1
CASTSSRLDWADTQYF	TRBV7-2	TRBJ2-3	1
CASTSSTGHPSYEQYF	TRBV5-1	TRBJ2-7	1
CASTSTGNGYTF	TRBV6-5	TRBJ1-2	1
CASTSVISEQYF	TRBV6-3	TRBJ2-7	1
CASTSVRRGTPLNTGELFF	TRBV12-4	TRBJ2-2	1
CASTSVVGEQYF	TRBV6-3	TRBJ2-7	1
CASTSWVAGENYEQYF	TRBV6-3	TRBJ2-7	1
CASTTASTDTQYF	TRBV6-3	TRBJ2-3	1
CASTTASYGYGYTF	TRBV9	TRBJ1-2	1
CASTTDSYNEQFF	TRBV6-5	TRBJ2-1	1
CASTTEERGGPSYERQYF	TRBV7-9	TRBJ2-7	1
CASTTGDRFTDTQYF	TRBV12-3	TRBJ2-3	1
CASTTGDYQETQYF	TRBV5-6	TRBJ2-5	1
CASTTGEGAWAKNIQYF	TRBV5-6	TRBJ2-4	1
CASTTGGGDEKLFF	TRBV19	TRBJ1-4	1
CASTTGGSGYGYTF	TRBV12-3	TRBJ1-2	1
CASTTGRVSGNTIYF	TRBV6-3	TRBJ1-3	1
CASTTGSDLLEQYF	TRBV12-4	TRBJ2-7	1
CASTTGTGGSPLHF	TRBV27	TRBJ1-6	1
CASTTIGGSYNEQFF	TRBV6-3	TRBJ2-1	1
CASTTIWEGTLENTQYF	TRBV19	TRBJ2-3	1
CASTTKLAGPYNEQFF	TRBV6-3	TRBJ2-1	1
CASTTLNTGELFF	TRBV25-1	TRBJ2-2	1
CASTTLWGGIGAGELFF	TRBV2	TRBJ2-2	1
CASTTNPRDEQYF	TRBV28	TRBJ2-7	1
CASTTPADGLSGTSGSSYEQYF	TRBV6-6	TRBJ2-7	1
CASTTPGLAVEQFF	TRBV6-3	TRBJ2-1	1
CASTTPGQSYEQYF	TRBV7-2	TRBJ2-7	1
CASTTPGVGLAGRPNTGELFF	TRBV11-1	TRBJ2-2	1
CASTTPLAATYEQYF	TRBV28	TRBJ2-7	1
CASTTRGGGTQETQYF	TRBV6-1	TRBJ2-5	5
CASTTRLERGRGETQYF	TRBV7-2	TRBJ2-5	1
CASTTRYSSISTGELFF	TRBV6-3	TRBJ2-2	1
CASTTSADTQYF	TRBV6-3	TRBJ2-3	1
CASTTSELAKNIQYF	TRBV6-5	TRBJ2-4	1
CASTTSGLSTDTQYF	TRBV28	TRBJ2-3	1
CASTTSKNPPSRGEADTQYF	TRBV28	TRBJ2-3	1
CASTTTGGETQYF	TRBV19	TRBJ2-5	1
CASTTTGQGAPVAYEQYF	TRBV7-9	TRBJ2-7	1
CASTTTGTSSYEQYF	TRBV28	TRBJ2-7	1
CASTTTPYEQYF	TRBV2	TRBJ2-7	1
CASTTVQGGYTF	TRBV19	TRBJ1-2	1
CASTTWGEGTYEQYF	TRBV6-1	TRBJ2-7	1
CASTTWVNNQPQHF	TRBV6-3	TRBJ1-5	1
CASTTYTDTQYF	TRBV2	TRBJ2-3	1
CASTVAGQETQYF	TRBV12-4	TRBJ2-5	1
CASTVGDRGRETQYF	TRBV12-3	TRBJ2-5	1
CASTVGGSGANVLTF	TRBV28	TRBJ2-6	1
CASTVGGYEQYF	TRBV6-6	TRBJ2-7	1
CASTVGKRGTEAFF	TRBV28	TRBJ1-1	1
CASTVGNEQFF	TRBV2	TRBJ2-1	1
CASTVGSTEAFF	TRBV7-9	TRBJ1-1	2
CASTVQGGNEQFF	TRBV5-8	TRBJ2-1	1
CASTVQQGATEAFF	TRBV6-5	TRBJ1-1	1
CASTVRGGLRNEQFF	TRBV11-2	TRBJ2-1	1
CASTVRGLAADTQYF	TRBV6-3	TRBJ2-3	1
CASTVSGLAGDTQYF	TRBV2	TRBJ2-3	1
CASTVSGSGADTQYF	TRBV11-1	TRBJ2-3	1
CASTVYGGGRSGELFF	TRBV6-3	TRBJ2-2	1
CASTWDREVDTQYF	TRBV5-5	TRBJ2-3	1
CASTWGDRVYEQYF	TRBV7-9	TRBJ2-7	1
CASTWGGATFF	TRBV19	TRBJ1-1	1
CASTWGGQPQHF	TRBV7-9	TRBJ1-5	1
CASTWGLAGGYNEQFF	TRBV12-4	TRBJ2-1	1
CASTWGTGREVQYF	TRBV12-3	TRBJ2-3	1
CASTWMVKTEAFF	TRBV12-3	TRBJ1-1	1
CASTWTGNTEAFF	TRBV6-3	TRBJ1-1	1
CASTWTGQVNNEQFF	TRBV5-1	TRBJ2-1	1
CASTWTGRYGYTF	TRBV3-1	TRBJ1-2	1
CASTWTGSTDTQYF	TRBV2	TRBJ2-3	1
CASTWTSDSNQPQHF	TRBV6-5	TRBJ1-5	1
CASTYAGGTYEQYF	TRBV28	TRBJ2-7	1
CASTYAVTGNTEAFF	TRBV4-3	TRBJ1-1	2
CASTYGGLDTEAFF	TRBV12-4	TRBJ1-1	1
CASTYGQGYYEQYF	TRBV7-9	TRBJ2-7	1
CASTYGRDTQYF	TRBV12-4	TRBJ2-3	1
CASTYGSGELFF	TRBV7-9	TRBJ2-2	7
CASTYGSSSYEQYF	TRBV19	TRBJ2-7	1
CASTYLENYGYTF	TRBV25-1	TRBJ1-2	1
CASTYLGGSLDGYTF	TRBV5-4	TRBJ1-2	1
CASTYPPGAVTDTQYF	TRBV6-1	TRBJ2-3	1
CASTYRRSDSPNTEAFF	TRBV19	TRBJ1-1	1
CASTYRWTSGGAGGSYNEQFF	TRBV5-1	TRBJ2-1	1
CASTYSGAYEQYF	TRBV7-9	TRBJ2-7	1
CASTYSGREVRVSYF	TRBV28	TRBJ2-7	1
CASTYSPLSHRTDTQYF	TRBV2	TRBJ2-3	1
CASTYTGGAGSEQYF	TRBV6-3	TRBJ2-7	1
CASTYYPGTGAYEQYF	TRBV2	TRBJ2-7	1
CASVAPVAGDASYNEQFF	TRBV25-1	TRBJ2-1	1
CASVDGYTEAFF	TRBV25-1	TRBJ1-1	1
CASVEGIAGELFF	TRBV6-1	TRBJ2-2	1
CASVEGVRTGELFF	TRBV7-2	TRBJ2-2	1
CASVFTSGGADDTQYF	TRBV12-3	TRBJ2-3	1
CASVGCYGYTF	TRBV7-6	TRBJ1-2	1
CASVGGAGEQYF	TRBV5-1	TRBJ2-7	1
CASVGIGLTDTQYF	TRBV19	TRBJ2-3	1
CASVGLAQTDTQYF	TRBV7-9	TRBJ2-3	1
CASVGPTNEKLFF	TRBV7-8	TRBJ1-4	1
CASVGVGEQFF	TRBV12-4	TRBJ2-1	1
CASVGWGQNTGELFF	TRBV2	TRBJ2-2	1
CASVIGGGETQYF	TRBV7-9	TRBJ2-5	1
CASVKNTEAFF	TRBV28	TRBJ1-1	1
CASVLGAGGGGNQPQHF	TRBV6-3	TRBJ1-5	1
CASVLGDGLISYNEQFF	TRBV2	TRBJ2-1	1
CASVNIGSTDTQYF	TRBV9	TRBJ2-3	1
CASVPGQGNQETQYF	TRBV7-9	TRBJ2-5	1
CASVPRGGQLHSPLHF	TRBV5-6	TRBJ1-6	1
CASVPSRERADTQYF	TRBV27	TRBJ2-3	1
CASVQGSPGYTF	TRBV7-9	TRBJ1-2	1
CASVRGAEQFF	TRBV27	TRBJ2-1	1
CASVRGRGTEAFF	TRBV12-3	TRBJ1-1	1
CASVRQGAAGYTF	TRBV7-9	TRBJ1-2	1
CASVSDRVSGANVLTF	TRBV5-1	TRBJ2-6	1
CASVSLREINYGYTF	TRBV27	TRBJ1-2	1
CASVSSGGNPYNEQFF	TRBV7-2	TRBJ2-1	1
CASVSSGNTIYF	TRBV6-5	TRBJ1-3	1
CASVTSGGSYNEQFF	TRBV7-9	TRBJ2-1	1
CASWDRNTHEQFF	TRBV4-3	TRBJ2-1	1
CASWEGSNTGELFF	TRBV5-1	TRBJ2-2	1
CASWENTEAFF	TRBV6-3	TRBJ1-1	1
CASWGAEAFF	TRBV12-3	TRBJ1-1	1
CASWGGEAFF	TRBV7-8	TRBJ1-1	1
CASWGGTGELFF	TRBV19	TRBJ2-2	1
CASWGGTGGRETQYF	TRBV10-2	TRBJ2-5	1
CASWGKGKGSWRVSREAFF	TRBV6-3	TRBJ1-1	1
CASWGKSFNEQFF	TRBV25-1	TRBJ2-1	1
CASWGLADSYNEQFF	TRBV7-9	TRBJ2-1	1
CASWGQAPTNYGYTF	TRBV2	TRBJ1-2	1
CASWGTGGTEAFF	TRBV21-1	TRBJ1-1	1
CASWPGRSSGNTIYF	TRBV28	TRBJ1-3	1
CASWPGTRNTEAFF	TRBV19	TRBJ1-1	1
CASWPRPSAITEAFF	TRBV7-2	TRBJ1-1	1
CASWRGGGQSEAFF	TRBV16	TRBJ1-1	1
CASWSGDRESLTYEQYF	TRBV27	TRBJ2-7	1
CASWTGDSNQPQHF	TRBV19	TRBJ1-5	1
CASWTGGGEKLFF	TRBV19	TRBJ1-4	1
CASWTSGPYEQYF	TRBV6-3	TRBJ2-7	1
CASWTVSSYNEQFF	TRBV10-2	TRBJ2-1	1
CASYADRGIAYGYTF	TRBV19	TRBJ1-2	1
CASYDAGNYGYTF	TRBV12-4	TRBJ1-2	1
CASYGGEQYF	TRBV6-3	TRBJ2-7	1
CASYGRRLKEATNEKLFF	TRBV2	TRBJ1-4	1
CASYGRSSSYEQYF	TRBV27	TRBJ2-7	1
CASYGTGDNYGYTF	TRBV18	TRBJ1-2	1
CASYLQGYEQYF	TRBV10-2	TRBJ2-7	1
CASYLTGDNTDTQYF	TRBV12-4	TRBJ2-3	1
CASYNWASGSYEQYF	TRBV2	TRBJ2-7	1
CASYPLARNTEAFF	TRBV28	TRBJ1-1	1
CASYQAARAFF	TRBV6-5	TRBJ1-1	1
CASYSGGAFYEQYF	TRBV5-6	TRBJ2-7	1
CASYSQGLSNQPQHF	TRBV28	TRBJ1-5	1
CASYTPENTGELFF	TRBV6-1	TRBJ2-2	1
CATAAENRNEQFF	TRBV3-1	TRBJ2-1	1
CATAAGHTSYGYTF	TRBV27	TRBJ1-2	1
CATAAGRAYEQYF	TRBV19	TRBJ2-7	1
CATAGLRGTDTQYF	TRBV10-3	TRBJ2-3	1
CATAGTVEAFF	TRBV2	TRBJ1-1	1
CATALGDSYEQYF	TRBV6-1	TRBJ2-7	1
CATAPGQGAYEQYF	TRBV27	TRBJ2-7	1
CATAPLTRGEQFF	TRBV12-3	TRBJ2-1	1
CATAPRGYNQPQHF	TRBV12-4	TRBJ1-5	1
CATARGGDEPQHF	TRBV5-5	TRBJ1-5	1
CATASGRLRTQYF	TRBV24-1	TRBJ2-3	1
CATASGTVTDTQYF	TRBV24-1	TRBJ2-3	1
CATASGVQGIPVNTKAFF	TRBV19	TRBJ1-1	1
CATASPPLVNEQFF	TRBV28	TRBJ2-1	1
CATASSNQPQHF	TRBV15	TRBJ1-5	1
CATATGGWIDTQYF	TRBV6-5	TRBJ2-3	1
CATATGRGQPQHF	TRBV28	TRBJ1-5	1
CATATGSTNTGELFF	TRBV2	TRBJ2-2	1
CATATPGTDTQYF	TRBV12-4	TRBJ2-3	1
CATATVQETQYF	TRBV5-8	TRBJ2-5	1
CATAWQDASTDTQYF	TRBV19	TRBJ2-3	1
CATCQGSYNEQFF	TRBV15	TRBJ2-1	1
CATDDDSNQPQHF	TRBV19	TRBJ1-5	1
CATDGQGGDTGELFF	TRBV19	TRBJ2-2	1
CATDGQVYNEQFF	TRBV2	TRBJ2-1	1
CATDGTGVNTGELFF	TRBV6-6	TRBJ2-2	1
CATDKTAQETQYF	TRBV28	TRBJ2-5	1
CATDPGQGSYEQYF	TRBV28	TRBJ2-7	2
CATDPQGGDSPLHF	TRBV19	TRBJ1-6	1
CATDRTGSYGYTF	TRBV10-3	TRBJ1-2	1
CATDTRDSNQPQHF	TRBV19	TRBJ1-5	20
CATDWGGTNYGYTF	TRBV5-8	TRBJ1-2	1
CATEDLGGGYTF	TRBV24-1	TRBJ1-2	1
CATEDRAASNQPQHF	TRBV15	TRBJ1-5	1
CATEEGGELFF	TRBV10-3	TRBJ2-2	1
CATEEGRGYNEQFF	TRBV15	TRBJ2-1	1
CATEEVYTGELFF	TRBV24-1	TRBJ2-2	1
CATEGNTEAFF	TRBV6-5	TRBJ1-1	1
CATEGSGKALNTGELFF	TRBV19	TRBJ2-2	1
CATEPGTGGAETQYF	TRBV15	TRBJ2-5	1
CATEPRANYGYTF	TRBV15	TRBJ1-2	1
CATEQFTDTQYF	TRBV15	TRBJ2-3	1
CATEQNYGYTF	TRBV6-3	TRBJ1-2	1
CATERGTEAFF	TRBV27	TRBJ1-1	1
CATETGSPLF	TRBV2	TRBJ1-2	1
CATETRGSYEQYF	TRBV7-8	TRBJ2-7	1
CATFGRGSGSYNEQFF	TRBV2	TRBJ2-1	1
CATFSGGLNTEAFF	TRBV27	TRBJ1-1	1
CATFSGYEQYF	TRBV7-2	TRBJ2-7	1
CATFSIPGQKYF	TRBV7-3	TRBJ2-7	1
CATGAYEQYF	TRBV6-5	TRBJ2-7	1
CATGDGEYEQYF	TRBV6-3	TRBJ2-7	1
CATGDGNTIYF	TRBV19	TRBJ1-3	1
CATGDYEQYF	TRBV7-8	TRBJ2-7	1
CATGDYPGDTQYF	TRBV15	TRBJ2-3	1
CATGEVLDQPQHF	TRBV15	TRBJ1-5	1
CATGGATDTQYF	TRBV19	TRBJ2-3	1
CATGGERNTIYF	TRBV2	TRBJ1-3	1
CATGGGNTGELFF	TRBV10-3	TRBJ2-2	1
CATGGGSTDTQYF	TRBV9	TRBJ2-3	1
CATGGRGTEAFF	TRBV15	TRBJ1-1	1
CATGGRNEQFF	TRBV24-1	TRBJ2-1	1
CATGHSNQPQHF	TRBV6-3	TRBJ1-5	1
CATGIAGGVNEQFF	TRBV4-2	TRBJ2-1	1
CATGKDRGNSYEQYF	TRBV15	TRBJ2-7	1
CATGLAETQYF	TRBV15	TRBJ2-5	1
CATGLAGDYTDTQYF	TRBV24-1	TRBJ2-3	1
CATGLALSNEQFF	TRBV6-3	TRBJ2-1	1
CATGPGGEQYF	TRBV27	TRBJ2-7	1
CATGPPNYGYTF	TRBV19	TRBJ1-2	1
CATGPSGHYEQYF	TRBV27	TRBJ2-7	1
CATGPYTGELFF	TRBV19	TRBJ2-2	1
CATGQAEVEWHF	TRBV6-3	TRBJ1-5	1
CATGQGAGYEQYF	TRBV25-1	TRBJ2-7	1
CATGQGLSYEQYF	TRBV2	TRBJ2-7	1
CATGQGTYNSPLHF	TRBV27	TRBJ1-6	1
CATGQTYEQYF	TRBV2	TRBJ2-7	1
CATGRDSYEQYF	TRBV6-3	TRBJ2-7	1
CATGRSTDTQYF	TRBV6-6	TRBJ2-3	1
CATGSGPNTGELFF	TRBV2	TRBJ2-2	1
CATGTANTEAFF	TRBV4-1	TRBJ1-1	1
CATGTDGYTF	TRBV15	TRBJ1-2	1
CATGTDRSYEQYF	TRBV6-5	TRBJ2-7	1
CATGTDTQYF	TRBV24-1	TRBJ2-3	1
CATGTDTQYF	TRBV6-3	TRBJ2-3	1
CATGTDYEQYF	TRBV24-1	TRBJ2-7	1
CATGTGDSNQPQHF	TRBV19	TRBJ1-5	4
CATGTGGLLYNEQFF	TRBV27	TRBJ2-1	1
CATGTGNTEAFF	TRBV19	TRBJ1-1	1
CATGTGTGDNEQFF	TRBV10-3	TRBJ2-1	3
CATGTSPGETQYF	TRBV24-1	TRBJ2-5	3
CATGTSPNEKLFF	TRBV24-1	TRBJ1-4	2
CATGTVNTEAFF	TRBV5-6	TRBJ1-1	1
CATGWGVNQPQHF	TRBV19	TRBJ1-5	1
CATGYRFNQPQHF	TRBV7-2	TRBJ1-5	1
CATHALSSYNEQFF	TRBV28	TRBJ2-1	1
CATHPTYPHSNQPQHF	TRBV19	TRBJ1-5	1
CATHSRGADYGYTF	TRBV2	TRBJ1-2	1
CATHSSGDLSYEQYF	TRBV19	TRBJ2-7	1
CATIAANYEQYF	TRBV2	TRBJ2-7	1
CATIGPGAPNTGELFF	TRBV25-1	TRBJ2-2	1
CATIPLIRTDRGDYTF	TRBV18	TRBJ1-2	1
CATIPRYTEAFF	TRBV7-8	TRBJ1-1	1
CATIPTPGQRTNNEQFF	TRBV19	TRBJ2-1	1
CATIQRQGPYNEQFF	TRBV15	TRBJ2-1	1
CATKDRVRGYTF	TRBV27	TRBJ1-2	1
CATKEEVTYEQYF	TRBV11-2	TRBJ2-7	1
CATKGESGELFF	TRBV9	TRBJ2-2	1
CATKGGSEAFF	TRBV6-1	TRBJ1-1	1
CATKGQETQYF	TRBV7-2	TRBJ2-5	1
CATKGRGSETQYF	TRBV7-9	TRBJ2-5	1
CATKGYGYTF	TRBV24-1	TRBJ1-2	1
CATKLAHNEQFF	TRBV2	TRBJ2-1	1
CATKPGTGVNYGYTF	TRBV10-3	TRBJ1-2	1
CATKQGNSNQPQHF	TRBV15	TRBJ1-5	1
CATKTGNSYEQYF	TRBV6-5	TRBJ2-7	1
CATLAGAYNEQFF	TRBV10-3	TRBJ2-1	1
CATLAGGNQETQYF	TRBV7-2	TRBJ2-5	1
CATLASGMETQYF	TRBV6-3	TRBJ2-5	1
CATLDGFVWTGELFF	TRBV6-1	TRBJ2-2	1
CATLDLTPATRNNSPLHF	TRBV27	TRBJ1-6	1
CATLDRRLHSYNEQFF	TRBV7-9	TRBJ2-1	1
CATLFWAGGANVLTF	TRBV6-3	TRBJ2-6	1
CATLGQAGELFF	TRBV19	TRBJ2-2	1
CATLGRNSYEQYF	TRBV28	TRBJ2-7	1
CATLGRPNYGYTF	TRBV27	TRBJ1-2	1
CATLIDSSNQPQHF	TRBV6-6	TRBJ1-5	1
CATLPESSYNEQFF	TRBV10-3	TRBJ2-1	1
CATLPGGTAVDTQYF	TRBV6-3	TRBJ2-3	1
CATLPPFRQSDEAFF	TRBV12-4	TRBJ1-1	1
CATLRDSAPHYTF	TRBV6-5	TRBJ1-2	1
CATLRQGAGETQYF	TRBV18	TRBJ2-5	1
CATLSGNTIYF	TRBV15	TRBJ1-3	1
CATLSGQGAYEQYF	TRBV2	TRBJ2-7	1
CATLSGTSGNEQYF	TRBV27	TRBJ2-7	1
CATLSGTSVYNEQFF	TRBV6-3	TRBJ2-1	1
CATLSKSSYNEQFF	TRBV6-5	TRBJ2-1	1
CATLTWTPYQGNTEAFF	TRBV6-3	TRBJ1-1	1
CATMEGVTGELFF	TRBV24-1	TRBJ2-2	1
CATMGQTYWEQYF	TRBV6-3	TRBJ2-7	1
CATMIWATEAFF	TRBV6-6	TRBJ1-1	1
CATMPGQSYEQYF	TRBV28	TRBJ2-7	1
CATMVTYF	TRBV24-1	TRBJ2-3	3
CATNDRTLNEQFF	TRBV24-1	TRBJ2-1	1
CATNDYTTGELFF	TRBV2	TRBJ2-2	1
CATNEGEETQYF	TRBV25-1	TRBJ2-5	1
CATNGVYRGQPQHF	TRBV28	TRBJ1-5	1
CATNPDSGLPLHF	TRBV24-1	TRBJ2-7	1
CATNPGDSSRKVSYNEQFF	TRBV6-4	TRBJ2-1	1
CATNRQTYEQYF	TRBV7-9	TRBJ2-7	1
CATNSGGEETQYF	TRBV24-1	TRBJ2-5	1
CATNTGGGYTF	TRBV6-3	TRBJ1-2	1
CATNWGLAGGGLINEQFF	TRBV12-4	TRBJ2-1	1
CATPDRNNYGYTF	TRBV28	TRBJ1-2	1
CATPGTFYGYTF	TRBV2	TRBJ1-2	1
CATPIQETQYF	TRBV7-9	TRBJ2-5	1
CATPLAGTGATGELFF	TRBV2	TRBJ2-2	1
CATPLRGSGELFF	TRBV2	TRBJ2-2	1
CATPPWGGGGNGYTF	TRBV7-9	TRBJ1-2	1
CATPRWLAKNIQYF	TRBV24-1	TRBJ2-4	1
CATPTEANQPQHF	TRBV19	TRBJ1-5	1
CATPTGSGNEQYF	TRBV5-4	TRBJ2-7	1
CATPVADQLFF	TRBV25-1	TRBJ2-2	1
CATQDDGNEQFF	TRBV18	TRBJ2-1	1
CATQDGRGYTF	TRBV19	TRBJ1-2	1
CATQDRGRETQYF	TRBV24-1	TRBJ2-5	1
CATQEAGVNTGELFF	TRBV10-3	TRBJ2-2	1
CATQEGNTQYF	TRBV5-6	TRBJ2-3	1
CATQGAGETQYF	TRBV19	TRBJ2-5	1
CATQGDSNPYEQYF	TRBV19	TRBJ2-7	1
CATQGEGNTEAFF	TRBV9	TRBJ1-1	1
CATQGGGTDTQYF	TRBV2	TRBJ2-3	1
CATQGLGGYTF	TRBV2	TRBJ1-2	1
CATQGLGTEAFF	TRBV19	TRBJ1-1	3
CATQGPSEQYF	TRBV11-2	TRBJ2-7	1
CATQGRGNTEAFF	TRBV27	TRBJ1-1	1
CATQGSSGGIYTDSYNEQFF	TRBV13	TRBJ2-1	1
CATQGTGIPYEQYF	TRBV19	TRBJ2-7	1
CATQLAYPTDTQYF	TRBV21-1	TRBJ2-3	1
CATQLGSFTDTQYF	TRBV7-2	TRBJ2-3	1
CATQLLWPWGRELFF	TRBV10-3	TRBJ2-2	1
CATQNNRETSYEQYF	TRBV6-1	TRBJ2-7	1
CATQPGGQGILFF	TRBV6-1	TRBJ2-2	1
CATQPGLAGGAYQETQYF	TRBV19	TRBJ2-5	1
CATQPRGYYGYTF	TRBV6-3	TRBJ1-2	1
CATQPRTSGAHEQFF	TRBV7-8	TRBJ2-1	1
CATQPTGNYGYTF	TRBV5-6	TRBJ1-2	1
CATQPTISTDYGYTF	TRBV27	TRBJ1-2	1
CATQPTSVSGQPQHF	TRBV6-5	TRBJ1-5	1
CATQQGRRKETQYF	TRBV6-5	TRBJ2-5	1
CATQQSTGGNYNEQFF	TRBV24-1	TRBJ2-1	1
CATQQWGQGYQGYTF	TRBV2	TRBJ1-2	1
CATQRAGKFSPDTQYF	TRBV6-3	TRBJ2-3	1
CATQRDETYEQYF	TRBV19	TRBJ2-7	1
CATQREGAMETQYF	TRBV6-6	TRBJ2-5	1
CATQRGQEATGYTF	TRBV6-1	TRBJ1-2	1
CATQRGTDTQYF	TRBV10-3	TRBJ2-3	1
CATQSGISSYEQYF	TRBV5-4	TRBJ2-7	1
CATQSGLFYEQYF	TRBV6-5	TRBJ2-7	1
CATQTGGWETQYF	TRBV6-3	TRBJ2-5	1
CATQTGTGVRLEQETQYF	TRBV24-1	TRBJ2-5	1
CATQVAGALLDTQYF	TRBV5-1	TRBJ2-3	1
CATQVAGDLNINNEQFF	TRBV6-5	TRBJ2-1	1
CATQVGVPDTQYF	TRBV7-8	TRBJ2-3	1
CATRAENTGELFF	TRBV27	TRBJ2-2	1
CATRAGEQYF	TRBV19	TRBJ2-7	1
CATRAGTGNEKLFF	TRBV28	TRBJ1-4	1
CATRALTVDPSGNEQFF	TRBV7-9	TRBJ2-1	1
CATRDRVVVEQFF	TRBV28	TRBJ2-1	1
CATRDTTNTGELFF	TRBV6-4	TRBJ2-2	1
CATREDRPNTEAFF	TRBV24-1	TRBJ1-1	1
CATREKVGGNEKLFF	TRBV15	TRBJ1-4	1
CATRFSYNEQFF	TRBV6-5	TRBJ2-1	1
CATRGAGQGAQEQYF	TRBV15	TRBJ2-7	1
CATRGAGSGSPLHF	TRBV15	TRBJ1-6	2
CATRGDSSYEQYF	TRBV15	TRBJ2-7	1
CATRGGDNLYNEQFF	TRBV6-3	TRBJ2-1	1
CATRGHSYEQYF	TRBV15	TRBJ2-7	1
CATRGNTGELFF	TRBV19	TRBJ2-2	1
CATRGQGNQPQHF	TRBV15	TRBJ1-5	1
CATRGRDTYSNQPQHF	TRBV15	TRBJ1-5	1
CATRGRGAGETQYF	TRBV6-5	TRBJ2-5	1
CATRGSTDTQYF	TRBV24-1	TRBJ2-3	1
CATRGTGVNSPLHF	TRBV24-1	TRBJ1-6	1
CATRGTSGGTKPGTQYF	TRBV12-4	TRBJ2-3	1
CATRHLNTEAFF	TRBV19	TRBJ1-1	1
CATRHRAEQFF	TRBV25-1	TRBJ2-1	1
CATRKTGNEQFF	TRBV15	TRBJ2-1	1
CATRLAGHDIQYF	TRBV6-5	TRBJ2-4	1
CATRLDEQFF	TRBV19	TRBJ2-1	1
CATRNGGTEAFF	TRBV19	TRBJ1-1	1
CATRPAGYNEQFF	TRBV28	TRBJ2-1	4
CATRPGDSNTDTQYF	TRBV28	TRBJ2-3	1
CATRPSESSTDTQYF	TRBV10-1	TRBJ2-3	1
CATRQGGTDTQYF	TRBV15	TRBJ2-3	1
CATRQGRVTDTQYF	TRBV15	TRBJ2-3	1
CATRQGTAANTGELFF	TRBV12-3	TRBJ2-2	1
CATRRANSPLHF	TRBV15	TRBJ1-6	1
CATRSGAPTDTQYF	TRBV10-3	TRBJ2-3	1
CATRSQGFYEQYF	TRBV6-6	TRBJ2-7	1
CATRSWEGGSYEQYF	TRBV15	TRBJ2-7	1
CATRTGGDGYTF	TRBV6-1	TRBJ1-2	1
CATRTGMIGYTF	TRBV15	TRBJ1-2	1
CATRTGQYTEAFF	TRBV19	TRBJ1-1	1
CATRTGSNEQFF	TRBV5-4	TRBJ2-1	1
CATRTNTIYF	TRBV10-3	TRBJ1-3	1
CATRTRAVYEQYF	TRBV19	TRBJ2-7	1
CATRVGDTEAFF	TRBV19	TRBJ1-1	1
CATRVGVGTEAFF	TRBV27	TRBJ1-1	1
CATRVQGTTEAFF	TRBV24-1	TRBJ1-1	1
CATRVRGSGGPSSYEQYF	TRBV7-9	TRBJ2-7	1
CATRWRLAGGPDTQYF	TRBV6-3	TRBJ2-3	1
CATSADRGIAGANVLTF	TRBV24-1	TRBJ2-6	1
CATSAEQGSGANVLTF	TRBV15	TRBJ2-6	1
CATSAGGQGGNEQFF	TRBV24-1	TRBJ2-1	1
CATSAGGVYEQYF	TRBV15	TRBJ2-7	1
CATSAGQGAFSGELFF	TRBV24-1	TRBJ2-2	1
CATSAGQGSTDTQYF	TRBV24-1	TRBJ2-3	1
CATSAGTGANVLTF	TRBV24-1	TRBJ2-6	1
CATSALGTGYRVDEQFF	TRBV15	TRBJ2-1	1
CATSANTGELFF	TRBV24-1	TRBJ2-2	1
CATSAPENYEQYF	TRBV24-1	TRBJ2-7	1
CATSAPGLSYEQYF	TRBV15	TRBJ2-7	1
CATSARDGRYEQYF	TRBV15	TRBJ2-7	1
CATSARGLGNQPQHF	TRBV24-1	TRBJ1-5	1
CATSASGTGGYEQYF	TRBV24-1	TRBJ2-7	1
CATSASGTSGPYNEQFF	TRBV24-1	TRBJ2-1	1
CATSASSYNEQFF	TRBV27	TRBJ2-1	1
CATSATGGETQYF	TRBV24-1	TRBJ2-5	1
CATSAVGVGAADTQYF	TRBV24-1	TRBJ2-3	1
CATSAYGISSGANVLTF	TRBV24-1	TRBJ2-6	1
CATSDADQPQHF	TRBV24-1	TRBJ1-5	1
CATSDAGSSYEQYF	TRBV24-1	TRBJ2-7	1
CATSDAVQGRAGELFF	TRBV24-1	TRBJ2-2	1
CATSDDQELTYNEQFF	TRBV24-1	TRBJ2-1	1
CATSDDRDDDNEQFF	TRBV24-1	TRBJ2-1	1
CATSDEDRGFTGELFF	TRBV24-1	TRBJ2-2	1
CATSDEGHLEQYF	TRBV24-1	TRBJ2-7	1
CATSDFAGNEQFF	TRBV24-1	TRBJ2-1	1
CATSDFDDRDNEQFF	TRBV24-1	TRBJ2-1	1
CATSDFGETQYF	TRBV24-1	TRBJ2-5	1
CATSDFGRTGDNEQFF	TRBV24-1	TRBJ2-1	1
CATSDFGRTGELFF	TRBV24-1	TRBJ2-2	1
CATSDFGTGEETQYF	TRBV24-1	TRBJ2-5	1
CATSDFLGGETQYF	TRBV24-1	TRBJ2-5	1
CATSDFLGTSGNEQFF	TRBV24-1	TRBJ2-1	1
CATSDFPLRESGNEQFF	TRBV24-1	TRBJ2-1	1
CATSDFPLSDTQYF	TRBV24-1	TRBJ2-3	1
CATSDFPRLAGDETQYF	TRBV24-1	TRBJ2-5	1
CATSDFRDSSNEQFF	TRBV24-1	TRBJ2-1	89
CATSDFRGLAGVLHTGELFF	TRBV24-1	TRBJ2-2	1
CATSDFSGAEAFF	TRBV24-1	TRBJ1-1	1
CATSDFSKTQYF	TRBV24-1	TRBJ2-5	1
CATSDFTDSGANVLTF	TRBV24-1	TRBJ2-6	1
CATSDFTSGLYNEQFF	TRBV24-1	TRBJ2-1	1
CATSDFVGPALGSYNEQFF	TRBV24-1	TRBJ2-1	1
CATSDGDRETGELFF	TRBV24-1	TRBJ2-2	1
CATSDGGPRYEQYF	TRBV24-1	TRBJ2-7	1
CATSDGGSYTF	TRBV24-1	TRBJ1-2	1
CATSDGHTPTGELFF	TRBV24-1	TRBJ2-2	1
CATSDGPAGASYEQYF	TRBV24-1	TRBJ2-7	1
CATSDGPGTGAFF	TRBV24-1	TRBJ1-1	1
CATSDGQANQFF	TRBV24-1	TRBJ2-1	1
CATSDGQGNSYNEQFF	TRBV24-1	TRBJ2-1	1
CATSDGTGAREQFF	TRBV24-1	TRBJ2-1	1
CATSDGTGFGETQYF	TRBV24-1	TRBJ2-5	1
CATSDGTPDSDPYEQYF	TRBV24-1	TRBJ2-7	1
CATSDGYEQYF	TRBV24-1	TRBJ2-7	1
CATSDHGTAKGYTF	TRBV24-1	TRBJ1-2	1
CATSDHLKLPNGANVLTF	TRBV24-1	TRBJ2-6	1
CATSDHRASTYEQYF	TRBV24-1	TRBJ2-7	1
CATSDHRTGGSQETQYF	TRBV24-1	TRBJ2-5	1
CATSDHTGNYEQYF	TRBV24-1	TRBJ2-7	1
CATSDIGSGKNTGELFF	TRBV24-1	TRBJ2-2	1
CATSDIKAGTSGYNEQFF	TRBV24-1	TRBJ2-1	1
CATSDISDQQFF	TRBV24-1	TRBJ2-1	1
CATSDIVQETQYF	TRBV24-1	TRBJ2-5	1
CATSDLDSNQPQHF	TRBV24-1	TRBJ1-5	1
CATSDLDSTDTQYF	TRBV24-1	TRBJ2-3	1
CATSDLEAHMNTEAFF	TRBV24-1	TRBJ1-1	1
CATSDLEGPNTEAFF	TRBV24-1	TRBJ1-1	1
CATSDLEGTEAFF	TRBV24-1	TRBJ1-1	1
CATSDLETGRASGANVLTF	TRBV24-1	TRBJ2-6	1
CATSDLFNNEQFF	TRBV24-1	TRBJ2-1	1
CATSDLGGYNEQFF	TRBV24-1	TRBJ2-1	1
CATSDLGHNNEQFF	TRBV24-1	TRBJ2-1	1
CATSDLGLATNEQFF	TRBV24-1	TRBJ2-1	1
CATSDLGSNGELFF	TRBV24-1	TRBJ2-2	2
CATSDLHLSQETQYF	TRBV24-1	TRBJ2-5	1
CATSDLHRDSYNEQFF	TRBV24-1	TRBJ2-1	1
CATSDLHYTGTAPWGTQYF	TRBV24-1	TRBJ2-5	1
CATSDLKFPYGYTF	TRBV24-1	TRBJ1-2	1
CATSDLKGQPQHF	TRBV24-1	TRBJ1-5	1
CATSDLKLTGHNEQFF	TRBV24-1	TRBJ2-1	1
CATSDLKSETQYF	TRBV24-1	TRBJ2-5	1
CATSDLPGALFCGYTF	TRBV24-1	TRBJ1-2	1
CATSDLPGSRSNEQFF	TRBV24-1	TRBJ2-1	1
CATSDLQGDEQFF	TRBV24-1	TRBJ2-1	1
CATSDLQGQPQHF	TRBV24-1	TRBJ1-5	1
CATSDLQRDGARDTQYF	TRBV24-1	TRBJ2-3	1
CATSDLQVGDRPETQYF	TRBV24-1	TRBJ2-5	1
CATSDLRDDTDTQYF	TRBV24-1	TRBJ2-3	1
CATSDLRDEQFF	TRBV24-1	TRBJ2-1	1
CATSDLRDRGYEQYF	TRBV24-1	TRBJ2-7	1
CATSDLRGVDGYTF	TRBV24-1	TRBJ1-2	1
CATSDLSGEGYTF	TRBV24-1	TRBJ1-2	1
CATSDLSYGGDADTQYF	TRBV24-1	TRBJ2-3	1
CATSDLTDTGELFF	TRBV24-1	TRBJ2-2	1
CATSDLTGAQETQYF	TRBV24-1	TRBJ2-5	1
CATSDLTGRLAASTDTQYF	TRBV24-1	TRBJ2-3	1
CATSDLTGYEQYF	TRBV24-1	TRBJ2-7	1
CATSDLYMESYEQYF	TRBV24-1	TRBJ2-7	1
CATSDLYPGIGNQPQHF	TRBV24-1	TRBJ1-5	1
CATSDLYSNQPQHF	TRBV24-1	TRBJ1-5	1
CATSDMAGVYNEQFF	TRBV24-1	TRBJ2-1	1
CATSDMGLASYNEQFF	TRBV24-1	TRBJ2-1	1
CATSDNTSYEQFF	TRBV24-1	TRBJ2-1	1
CATSDNVLGNTEAFF	TRBV24-1	TRBJ1-1	1
CATSDPAPLAGGERTQYF	TRBV24-1	TRBJ2-3	1
CATSDPDRDPGELFF	TRBV24-1	TRBJ2-2	1
CATSDPDREYGYTF	TRBV24-1	TRBJ1-2	1
CATSDPDRVTFNEQFF	TRBV24-1	TRBJ2-1	1
CATSDPEADGYTF	TRBV24-1	TRBJ1-2	1
CATSDPESREHEQFF	TRBV24-1	TRBJ2-1	1
CATSDPGHGYTF	TRBV24-1	TRBJ1-2	1
CATSDPGLAGADEQFF	TRBV24-1	TRBJ2-1	1
CATSDPGQAGQETQYF	TRBV24-1	TRBJ2-5	1
CATSDPGQDYRETQYF	TRBV24-1	TRBJ2-5	1
CATSDPGTGEEETQYF	TRBV24-1	TRBJ2-5	1
CATSDPGTGFYEQYF	TRBV24-1	TRBJ2-7	1
CATSDPGTGGEETQYF	TRBV24-1	TRBJ2-5	1
CATSDPGTGGTDTQYF	TRBV24-1	TRBJ2-3	1
CATSDPGVTDTQYF	TRBV24-1	TRBJ2-3	1
CATSDPHRADTQYF	TRBV24-1	TRBJ2-3	1
CATSDPLQGTQFF	TRBV24-1	TRBJ2-1	1
CATSDPNTGNEQYF	TRBV24-1	TRBJ2-7	1
CATSDPPTSGRDEQFF	TRBV24-1	TRBJ2-1	1
CATSDPRGGNEQYF	TRBV24-1	TRBJ2-7	1
CATSDPRITGGKDNEQFF	TRBV24-1	TRBJ2-1	1
CATSDPSGTGVETQYF	TRBV24-1	TRBJ2-5	1
CATSDPTGGNFDEQFF	TRBV24-1	TRBJ2-1	1
CATSDPTGMGPSYNEQFF	TRBV24-1	TRBJ2-1	1
CATSDPTGSSYNEQFF	TRBV24-1	TRBJ2-1	1
CATSDPTGTGTDTQYF	TRBV24-1	TRBJ2-3	1
CATSDPTMGNTEAFF	TRBV24-1	TRBJ1-1	1
CATSDPTSYNEQFF	TRBV24-1	TRBJ2-1	1
CATSDPTVYGYTF	TRBV24-1	TRBJ1-2	1
CATSDQGGGELFF	TRBV24-1	TRBJ2-2	1
CATSDQREVTDTQYF	TRBV24-1	TRBJ2-3	1
CATSDQRQGRNTGELFF	TRBV24-1	TRBJ2-2	1
CATSDRDDSYGYTF	TRBV24-1	TRBJ1-2	1
CATSDRDRGRAQPQHF	TRBV24-1	TRBJ1-5	1
CATSDRDRLYGYTF	TRBV24-1	TRBJ1-2	1
CATSDRELRNEQFF	TRBV24-1	TRBJ2-1	1
CATSDRGGTEAFF	TRBV6-5	TRBJ1-1	1
CATSDRHSGANVLTF	TRBV15	TRBJ2-6	1
CATSDRQGADTQYF	TRBV24-1	TRBJ2-3	1
CATSDRQGAGYNEQFF	TRBV24-1	TRBJ2-1	1
CATSDRRINQPQHF	TRBV24-1	TRBJ1-5	1
CATSDRRNTGELFF	TRBV24-1	TRBJ2-2	1
CATSDRRQGADEQFF	TRBV24-1	TRBJ2-1	1
CATSDRSYEQYF	TRBV24-1	TRBJ2-7	1
CATSDRTATEYGYTF	TRBV24-1	TRBJ1-2	1
CATSDRTEQETQYF	TRBV24-1	TRBJ2-5	1
CATSDRTGELFF	TRBV24-1	TRBJ2-2	1
CATSDRTGTGIQANYGYTF	TRBV24-1	TRBJ1-2	1
CATSDRTSGVNEQFF	TRBV24-1	TRBJ2-1	1
CATSDRTSGYNEQFF	TRBV24-1	TRBJ2-1	2
CATSDRTSPYNEQFF	TRBV24-1	TRBJ2-1	1
CATSDRVSYEQYF	TRBV24-1	TRBJ2-7	1
CATSDRYTGELFF	TRBV24-1	TRBJ2-2	1
CATSDSAGSSQETQYF	TRBV24-1	TRBJ2-5	1
CATSDSDRANTEAFF	TRBV24-1	TRBJ1-1	1
CATSDSDRIYNEQFF	TRBV24-1	TRBJ2-1	1
CATSDSDSFNQPQHF	TRBV24-1	TRBJ1-5	1
CATSDSGEAFF	TRBV24-1	TRBJ1-1	1
CATSDSGGETQYF	TRBV24-1	TRBJ2-5	1
CATSDSGGRGNTEAFF	TRBV24-1	TRBJ1-1	1
CATSDSGHNEQFF	TRBV24-1	TRBJ2-1	1
CATSDSGLAGGLDEQFF	TRBV24-1	TRBJ2-1	1
CATSDSGPDYGYTF	TRBV24-1	TRBJ1-2	1
CATSDSGRTSNTGELFF	TRBV24-1	TRBJ2-2	1
CATSDSGTSGVNEQFF	TRBV24-1	TRBJ2-1	1
CATSDSIPDRGAGNEQFF	TRBV24-1	TRBJ2-1	1
CATSDSRTGGNQPQHF	TRBV24-1	TRBJ1-5	1
CATSDSSGGSGYTF	TRBV24-1	TRBJ1-2	1
CATSDSSGRDTEAFF	TRBV24-1	TRBJ1-1	1
CATSDSTDTQYF	TRBV24-1	TRBJ2-3	1
CATSDSTGGETGELFF	TRBV24-1	TRBJ2-2	1
CATSDSTGPEQYF	TRBV24-1	TRBJ2-7	1
CATSDSTPHNEQFF	TRBV24-1	TRBJ2-1	1
CATSDSTQGANSPLHF	TRBV24-1	TRBJ1-6	1
CATSDSWTGATSAGELFF	TRBV24-1	TRBJ2-2	1
CATSDSYSDSYSNQPQHF	TRBV24-1	TRBJ1-5	1
CATSDSYSGANVLTF	TRBV24-1	TRBJ2-6	1
CATSDTDSNQPQHF	TRBV24-1	TRBJ1-5	1
CATSDTGGGREKTYNEQFF	TRBV24-1	TRBJ2-1	1
CATSDTGNTQYF	TRBV24-1	TRBJ2-3	1
CATSDTGTQRDTQYF	TRBV24-1	TRBJ2-3	1
CATSDTHQGYQQFF	TRBV24-1	TRBJ2-1	1
CATSDTLAGGMDTQYF	TRBV24-1	TRBJ2-3	1
CATSDTLGGQQFF	TRBV24-1	TRBJ2-1	1
CATSDTLRTSGSHEQFF	TRBV24-1	TRBJ2-1	1
CATSDTQGGGQPQHF	TRBV24-1	TRBJ1-5	1
CATSDTTDRGQETQYF	TRBV24-1	TRBJ2-5	1
CATSDVTSGRDEQYF	TRBV24-1	TRBJ2-7	1
CATSDWDSNQPQHF	TRBV24-1	TRBJ1-5	1
CATSDWGYNEQFF	TRBV24-1	TRBJ2-1	1
CATSDWLAGDADTQYF	TRBV24-1	TRBJ2-3	2
CATSDWPKGDTIYF	TRBV24-1	TRBJ1-3	1
CATSDWRVGREQFF	TRBV24-1	TRBJ2-1	1
CATSDYAGELFF	TRBV24-1	TRBJ2-2	1
CATSDYFQGYNEQFF	TRBV24-1	TRBJ2-1	1
CATSDYRDGLNTGELFF	TRBV24-1	TRBJ2-2	1
CATSDYREGGYGYTF	TRBV24-1	TRBJ1-2	1
CATSDYTSDTQYF	TRBV24-1	TRBJ2-3	1
CATSEAGNTEAFF	TRBV24-1	TRBJ1-1	1
CATSEAGTGINYGYTF	TRBV24-1	TRBJ1-2	1
CATSEDGDQETQYF	TRBV24-1	TRBJ2-5	1
CATSEDRENGELFF	TRBV24-1	TRBJ2-2	1
CATSEGAPHLGAEAFF	TRBV24-1	TRBJ1-1	1
CATSEGAYSYEQYF	TRBV7-8	TRBJ2-7	1
CATSEGDLDTGELFF	TRBV24-1	TRBJ2-2	1
CATSEGDRVGEIRTDTQYF	TRBV24-1	TRBJ2-3	1
CATSEGGGFGETQYF	TRBV24-1	TRBJ2-5	1
CATSEGGHLRPDTQYF	TRBV15	TRBJ2-3	1
CATSEGIGQPQHF	TRBV24-1	TRBJ1-5	1
CATSEGLAGDTQYF	TRBV24-1	TRBJ2-3	1
CATSEGPGPQHF	TRBV24-1	TRBJ1-5	1
CATSEGQGRQPQHF	TRBV24-1	TRBJ1-5	1
CATSEGRLQETQYF	TRBV15	TRBJ2-5	1
CATSEGRSYEQYF	TRBV24-1	TRBJ2-7	1
CATSEGSNYGYTF	TRBV24-1	TRBJ1-2	1
CATSEGTDTQYF	TRBV24-1	TRBJ2-3	1
CATSEGTGLNNEQFF	TRBV24-1	TRBJ2-1	1
CATSEHGQGYYGYTF	TRBV24-1	TRBJ1-2	1
CATSEIKQKGPEQFF	TRBV15	TRBJ2-1	1
CATSEMTGTEAFF	TRBV24-1	TRBJ1-1	1
CATSEPESMGLQTEAFF	TRBV24-1	TRBJ1-1	1
CATSEPGTGNQETQYF	TRBV24-1	TRBJ2-5	1
CATSEPWVHLWTVGEQFF	TRBV24-1	TRBJ2-1	1
CATSEQGQSLTTYNEQFF	TRBV24-1	TRBJ2-1	1
CATSERGTGSIQYF	TRBV24-1	TRBJ2-4	1
CATSERYSNQPQHF	TRBV24-1	TRBJ1-5	1
CATSESGTGTGDYEQYF	TRBV24-1	TRBJ2-7	1
CATSESGTSNYGYTF	TRBV24-1	TRBJ1-2	1
CATSESPGLEPGLEQYF	TRBV24-1	TRBJ2-7	1
CATSETLEGLTDTQYF	TRBV24-1	TRBJ2-3	1
CATSETSGYEQYF	TRBV15	TRBJ2-7	1
CATSETTGSSTDTQYF	TRBV24-1	TRBJ2-3	2
CATSETWGRETQYF	TRBV15	TRBJ2-5	1
CATSEVGGAIDTQYF	TRBV24-1	TRBJ2-3	1
CATSEVGQGDYGELFF	TRBV24-1	TRBJ2-2	1
CATSEVGSTDTQYF	TRBV24-1	TRBJ2-3	1
CATSEVPRGRKETQYF	TRBV24-1	TRBJ2-5	1
CATSEWGETQYF	TRBV24-1	TRBJ2-5	1
CATSFGPEGYTF	TRBV15	TRBJ1-2	1
CATSFGSTDTQYF	TRBV24-1	TRBJ2-3	1
CATSFRTSGGNEQFF	TRBV15	TRBJ2-1	1
CATSGAGGYEQYF	TRBV24-1	TRBJ2-7	1
CATSGALGDEQFF	TRBV15	TRBJ2-1	1
CATSGASSYNEQFF	TRBV24-1	TRBJ2-1	1
CATSGAYGYTF	TRBV24-1	TRBJ1-2	1
CATSGDPSSARPDTQYF	TRBV24-1	TRBJ2-3	1
CATSGDRADEQFF	TRBV15	TRBJ2-1	1
CATSGDRDVDQPQHF	TRBV15	TRBJ1-5	1
CATSGDRVETQYF	TRBV15	TRBJ2-5	1
CATSGEISTEAFF	TRBV15	TRBJ1-1	1
CATSGETESSYEQYF	TRBV24-1	TRBJ2-7	1
CATSGGDTNYGYTF	TRBV24-1	TRBJ1-2	1
CATSGGERQPQHF	TRBV24-1	TRBJ1-5	1
CATSGGGSRPQHF	TRBV24-1	TRBJ1-5	1
CATSGGLSPSSYNEQFF	TRBV15	TRBJ2-1	1
CATSGGMGAEAFF	TRBV15	TRBJ1-1	1
CATSGGSNTEAFF	TRBV24-1	TRBJ1-1	1
CATSGGSRGAIYGYTF	TRBV6-5	TRBJ1-2	1
CATSGGTTDTQYF	TRBV15	TRBJ2-3	1
CATSGIAGGPSGTDTQYF	TRBV15	TRBJ2-3	1
CATSGLAGDAGELFF	TRBV24-1	TRBJ2-2	1
CATSGLAGDEQFF	TRBV6-5	TRBJ2-1	1
CATSGLAGDQETQYF	TRBV15	TRBJ2-5	1
CATSGLAGGPDTQYF	TRBV24-1	TRBJ2-3	11
CATSGLPGTGELFF	TRBV7-7	TRBJ2-2	1
CATSGLSYNSPLHF	TRBV27	TRBJ1-6	1
CATSGPGGESPYNEQFF	TRBV15	TRBJ2-1	1
CATSGPGLAPSTDTQYF	TRBV24-1	TRBJ2-3	1
CATSGPGTGDYEQYF	TRBV15	TRBJ2-7	1
CATSGPTSREGDNEQFF	TRBV24-1	TRBJ2-1	1
CATSGQYTGELFF	TRBV24-1	TRBJ2-2	1
CATSGRADTGELFF	TRBV5-4	TRBJ2-2	1
CATSGRGGVDEQFF	TRBV24-1	TRBJ2-1	1
CATSGRGSGTSGPQETQYF	TRBV24-1	TRBJ2-5	4
CATSGRPTSYNEQFF	TRBV15	TRBJ2-1	1
CATSGSAHNEQFF	TRBV24-1	TRBJ2-1	1
CATSGSGTGHYGYTF	TRBV15	TRBJ1-2	1
CATSGSSGTEAFF	TRBV15	TRBJ1-1	1
CATSGTGGQPQHF	TRBV24-1	TRBJ1-5	1
CATSGTGGSGEQFF	TRBV15	TRBJ2-1	1
CATSGTQGYQETQYF	TRBV15	TRBJ2-5	1
CATSGTSGDSYEQYF	TRBV28	TRBJ2-7	1
CATSGTSGRAVSEQFF	TRBV24-1	TRBJ2-1	1
CATSGTYREPGTSGSRRGTQYF	TRBV15	TRBJ2-5	1
CATSGVDRESEQYF	TRBV15	TRBJ2-7	1
CATSGVDVNYGYTF	TRBV24-1	TRBJ1-2	1
CATSGVISNQPQHF	TRBV24-1	TRBJ1-5	1
CATSGVPTTNEKLFF	TRBV6-1	TRBJ1-4	1
CATSGVVPSNTGELFF	TRBV24-1	TRBJ2-2	1
CATSGYSGSVSTDTQYF	TRBV24-1	TRBJ2-3	1
CATSHLEGAEGYGYTF	TRBV24-1	TRBJ1-2	1
CATSHRAGTGTEKLFF	TRBV15	TRBJ1-4	1
CATSIGVTEAFF	TRBV15	TRBJ1-1	1
CATSILAGSTDTQYF	TRBV15	TRBJ2-3	1
CATSIRAGEDTQYF	TRBV6-4	TRBJ2-3	1
CATSIRQLSNQPQHF	TRBV15	TRBJ1-5	1
CATSISRGLSYEQYF	TRBV15	TRBJ2-7	1
CATSITGGPYEQYF	TRBV15	TRBJ2-7	1
CATSIWIGETQYF	TRBV15	TRBJ2-5	1
CATSKATSYEQYF	TRBV24-1	TRBJ2-7	1
CATSKGAGTDTQYF	TRBV15	TRBJ2-3	1
CATSKGLAGTYEQYF	TRBV15	TRBJ2-7	1
CATSKLAGGSYEQYF	TRBV15	TRBJ2-7	1
CATSKRVRTDTQYF	TRBV5-5	TRBJ2-3	1
CATSKSHSGGGNTEAFF	TRBV15	TRBJ1-1	1
CATSLDRANVLTF	TRBV27	TRBJ2-6	1
CATSLDRNNYGYTF	TRBV15	TRBJ1-2	1
CATSLDSRTEAFF	TRBV15	TRBJ1-1	1
CATSLESETQYF	TRBV15	TRBJ2-5	1
CATSLGAGNQPQHF	TRBV24-1	TRBJ1-5	1
CATSLGENTEAFF	TRBV6-5	TRBJ1-1	1
CATSLGLAGKETQYF	TRBV24-1	TRBJ2-5	1
CATSLGPSTDTQYF	TRBV15	TRBJ2-3	1
CATSLGVGANVLTF	TRBV5-6	TRBJ2-6	1
CATSLLSSGPYNEQFF	TRBV15	TRBJ2-1	1
CATSLNVVRASNEKLFF	TRBV15	TRBJ1-4	1
CATSLPGGIETQYF	TRBV15	TRBJ2-5	1
CATSLPTGELFF	TRBV5-6	TRBJ2-2	1
CATSLQGQPNQPQHF	TRBV15	TRBJ1-5	1
CATSLRMNTEAFF	TRBV6-5	TRBJ1-1	1
CATSLSGSYEQYF	TRBV24-1	TRBJ2-7	1
CATSLTGPSEQYF	TRBV28	TRBJ2-7	1
CATSNLDRGHGYTF	TRBV15	TRBJ1-2	1
CATSNPPDRPSYEQYF	TRBV15	TRBJ2-7	1
CATSNQVGLFF	TRBV15	TRBJ1-4	1
CATSNRDSREQYF	TRBV15	TRBJ2-7	1
CATSNRLAGLWETQYF	TRBV24-1	TRBJ2-5	1
CATSNRQHQETQYF	TRBV15	TRBJ2-5	1
CATSNRVSGNTIYF	TRBV15	TRBJ1-3	1
CATSNTVATNEKLFF	TRBV15	TRBJ1-4	1
CATSPDGSVYEQYF	TRBV24-1	TRBJ2-7	1
CATSPEGHQPQHF	TRBV24-1	TRBJ1-5	1
CATSPEGLRGADGYTF	TRBV15	TRBJ1-2	1
CATSPEYREQFF	TRBV15	TRBJ2-1	1
CATSPGEAGQETQYF	TRBV24-1	TRBJ2-5	1
CATSPGETQYF	TRBV24-1	TRBJ2-5	1
CATSPGGEQYF	TRBV15	TRBJ2-7	1
CATSPGGQYNEKLFF	TRBV15	TRBJ1-4	1
CATSPGGRGELFF	TRBV24-1	TRBJ2-2	1
CATSPGLAFNTGELFF	TRBV15	TRBJ2-2	1
CATSPGLGYEQYF	TRBV24-1	TRBJ2-7	1
CATSPGNYEQYF	TRBV24-1	TRBJ2-7	1
CATSPGQGAEAFF	TRBV15	TRBJ1-1	1
CATSPGRGGRRNEQFF	TRBV24-1	TRBJ2-1	1
CATSPGSTQYF	TRBV6-3	TRBJ2-3	1
CATSPGTRLGTEAFF	TRBV15	TRBJ1-1	1
CATSPGYEQFF	TRBV24-1	TRBJ2-1	1
CATSPNRAYEQYF	TRBV6-5	TRBJ2-7	61
CATSPNRDEQYF	TRBV15	TRBJ2-7	1
CATSPQREGDYEQYF	TRBV15	TRBJ2-7	1
CATSPRDRGYINQPQHF	TRBV24-1	TRBJ1-5	1
CATSPRGMGTDTQYF	TRBV15	TRBJ2-3	1
CATSPRLSGDEQYF	TRBV15	TRBJ2-7	1
CATSPRQAGALEQYF	TRBV15	TRBJ2-7	1
CATSPRQGAETQYF	TRBV15	TRBJ2-5	1
CATSPRTGNTEAFF	TRBV15	TRBJ1-1	1
CATSPSGLSYEQYF	TRBV24-1	TRBJ2-7	1
CATSPSGNTIYF	TRBV15	TRBJ1-3	1
CATSPTGAEAFF	TRBV5-1	TRBJ1-1	1
CATSPTPAGGYSNQPQHF	TRBV15	TRBJ1-5	1
CATSPWSGRNEQYF	TRBV15	TRBJ2-7	1
CATSQELAGVLETQYF	TRBV15	TRBJ2-5	1
CATSQEQARSTDTQYF	TRBV15	TRBJ2-3	1
CATSQETQYF	TRBV2	TRBJ2-5	1
CATSQGASTFYNSPLHF	TRBV27	TRBJ1-6	1
CATSQGAYGYTF	TRBV19	TRBJ1-2	5
CATSQGNQETQYF	TRBV24-1	TRBJ2-5	1
CATSQGQHEQYF	TRBV6-5	TRBJ2-7	1
CATSQQGGAGELFF	TRBV24-1	TRBJ2-2	1
CATSQRSTDTQYF	TRBV19	TRBJ2-3	4
CATSRAAGGSTDTQYF	TRBV15	TRBJ2-3	1
CATSRAEFNEQFF	TRBV15	TRBJ2-1	1
CATSRAFVGVGNTIYF	TRBV15	TRBJ1-3	1
CATSRAGEETQYF	TRBV15	TRBJ2-5	1
CATSRAGQGPEAFF	TRBV15	TRBJ1-1	1
CATSRAGRFNQPQHF	TRBV15	TRBJ1-5	1
CATSRAKEGYNEQFF	TRBV15	TRBJ2-1	1
CATSRAPRSQETQYF	TRBV15	TRBJ2-5	1
CATSRAQGDQPQHF	TRBV15	TRBJ1-5	1
CATSRAQRGGPEQFF	TRBV15	TRBJ2-1	1
CATSRARDRVRDTQYF	TRBV15	TRBJ2-3	1
CATSRARGATNEKLFF	TRBV15	TRBJ1-4	1
CATSRARGIYNEQFF	TRBV15	TRBJ2-1	1
CATSRARGNEKLFF	TRBV15	TRBJ1-4	1
CATSRATGGNIQYF	TRBV15	TRBJ2-4	1
CATSRAVDRGGRNTIYF	TRBV15	TRBJ1-3	1
CATSRDAGQGGEKLFF	TRBV15	TRBJ1-4	1
CATSRDAPPRVSTDTQYF	TRBV15	TRBJ2-3	1
CATSRDDGQGYQPQHF	TRBV15	TRBJ1-5	1
CATSRDDPGTAPGELFF	TRBV15	TRBJ2-2	1
CATSRDDRDQETQYF	TRBV15	TRBJ2-5	1
CATSRDDRDVQPQHF	TRBV15	TRBJ1-5	1
CATSRDEEAKNIQYF	TRBV15	TRBJ2-4	1
CATSRDGIAQYF	TRBV15	TRBJ2-3	1
CATSRDGNNEQFF	TRBV15	TRBJ2-1	1
CATSRDGRYTF	TRBV15	TRBJ1-2	1
CATSRDGYNEQFF	TRBV15	TRBJ2-1	1
CATSRDHGQLDNSPLHF	TRBV15	TRBJ1-6	1
CATSRDHSVGEGPDEQFF	TRBV15	TRBJ2-1	1
CATSRDKGADGYTF	TRBV15	TRBJ1-2	1
CATSRDLANQETQYF	TRBV15	TRBJ2-5	1
CATSRDLGGGGQPQHF	TRBV15	TRBJ1-5	1
CATSRDLGGGTDTQYF	TRBV15	TRBJ2-3	1
CATSRDLGGSYNSPLHF	TRBV15	TRBJ1-6	1
CATSRDLGLTNQPQHF	TRBV15	TRBJ1-5	1
CATSRDLGSGGTYEQYF	TRBV15	TRBJ2-7	1
CATSRDLGTGGNQPQHF	TRBV15	TRBJ1-5	1
CATSRDLGVGAGIRTDTQYF	TRBV15	TRBJ2-3	1
CATSRDLQAGRVYGYTF	TRBV15	TRBJ1-2	1
CATSRDLQVPTGELFF	TRBV15	TRBJ2-2	1
CATSRDLRSNTEAFF	TRBV15	TRBJ1-1	1
CATSRDLRVTEAFF	TRBV15	TRBJ1-1	3
CATSRDLWDAKNIQYF	TRBV15	TRBJ2-4	1
CATSRDMAEIEQYF	TRBV15	TRBJ2-7	1
CATSRDMMAGEQYF	TRBV15	TRBJ2-7	1
CATSRDMYQVVGTGQPQHF	TRBV15	TRBJ1-5	1
CATSRDPSGGSNTGELFF	TRBV15	TRBJ2-2	1
CATSRDQGAYEQYF	TRBV15	TRBJ2-7	1
CATSRDQRSGGNEQYF	TRBV15	TRBJ2-7	1
CATSRDQTGLSEQYF	TRBV15	TRBJ2-7	1
CATSRDRAGGANYGYTF	TRBV15	TRBJ1-2	2
CATSRDRDRGTDTQYF	TRBV15	TRBJ2-3	1
CATSRDRDSYNEQFF	TRBV15	TRBJ2-1	1
CATSRDREDTQYF	TRBV15	TRBJ2-3	1
CATSRDRGANYGYTF	TRBV15	TRBJ1-2	1
CATSRDRGFSGNTIYF	TRBV15	TRBJ1-3	1
CATSRDRGHGDTIYF	TRBV15	TRBJ1-3	9
CATSRDRGRQETQYF	TRBV15	TRBJ2-5	1
CATSRDRGRSYEQYF	TRBV15	TRBJ2-7	1
CATSRDRIAGGANVLTF	TRBV15	TRBJ2-6	1
CATSRDRIAGSNYGYTF	TRBV15	TRBJ1-2	4
CATSRDRIAGWDLLAKNIQYF	TRBV15	TRBJ2-4	1
CATSRDRLAGGFHEQFF	TRBV15	TRBJ2-1	2
CATSRDRLAGGPGEQYF	TRBV15	TRBJ2-7	1
CATSRDRLAGGRNEQFF	TRBV15	TRBJ2-1	1
CATSRDRLAGSNYEQYF	TRBV15	TRBJ2-7	2
CATSRDRLAGSSYEQYF	TRBV15	TRBJ2-7	18
CATSRDRLGGGRYEQYF	TRBV15	TRBJ2-7	1
CATSRDRPVRGETQYF	TRBV15	TRBJ2-5	1
CATSRDRRAGSYNEQFF	TRBV15	TRBJ2-1	1
CATSRDRSGLDYGYTF	TRBV15	TRBJ1-2	1
CATSRDRVAGGYNEQFF	TRBV15	TRBJ2-1	2
CATSRDRVVGQGIDGYTF	TRBV15	TRBJ1-2	6
CATSRDSGGLGYTF	TRBV15	TRBJ1-2	1
CATSRDSSNSPLHF	TRBV15	TRBJ1-6	1
CATSRDTGGFEQFF	TRBV15	TRBJ2-1	1
CATSRDTIPGQGFMVYGYTF	TRBV15	TRBJ1-2	1
CATSRDTSPADTQYF	TRBV15	TRBJ2-3	1
CATSRDVVFGTGGGPYNSPLHF	TRBV15	TRBJ1-6	1
CATSRDWLSYGYTF	TRBV15	TRBJ1-2	1
CATSRDWSQGADEQYF	TRBV15	TRBJ2-7	1
CATSRDYGLAGDTQYF	TRBV15	TRBJ2-3	1
CATSREADLYTQYF	TRBV15	TRBJ2-3	1
CATSREAGAADTQYF	TRBV15	TRBJ2-3	1
CATSREAGAAYEQYF	TRBV15	TRBJ2-7	1
CATSREAGGRDEQYF	TRBV15	TRBJ2-7	1
CATSREARSYNEQFF	TRBV15	TRBJ2-1	1
CATSREDGLNTGELFF	TRBV15	TRBJ2-2	1
CATSREDRDRGEQYF	TRBV15	TRBJ2-7	1
CATSREDRLYEQYF	TRBV15	TRBJ2-7	1
CATSREDTLTGELFF	TRBV15	TRBJ2-2	1
CATSREEEKSSYEQYF	TRBV15	TRBJ2-7	1
CATSREEGDGYTF	TRBV15	TRBJ1-2	6
CATSREEGRLWEKLFF	TRBV15	TRBJ1-4	1
CATSREETSGPFSYEQYF	TRBV15	TRBJ2-7	1
CATSREEVYLTASNEKLFF	TRBV15	TRBJ1-4	1
CATSREFQGAQPQHF	TRBV15	TRBJ1-5	1
CATSREGASGYEQYF	TRBV15	TRBJ2-7	1
CATSREGERETQYF	TRBV15	TRBJ2-5	1
CATSREGGRAYEQYF	TRBV15	TRBJ2-7	1
CATSREGLAVDYNEQFF	TRBV15	TRBJ2-1	1
CATSREGQGHTDTQYF	TRBV15	TRBJ2-3	1
CATSREISPPSEQYF	TRBV15	TRBJ2-7	1
CATSREKAGLAGEETQYF	TRBV15	TRBJ2-5	1
CATSREKGVSYEQYF	TRBV15	TRBJ2-7	1
CATSRELAGEEETQYF	TRBV15	TRBJ2-5	1
CATSREPLYNEQFF	TRBV15	TRBJ2-1	1
CATSREPPGELFF	TRBV15	TRBJ2-2	1
CATSREQGGYNEQFF	TRBV15	TRBJ2-1	1
CATSREQTGGPADEQFF	TRBV15	TRBJ2-1	1
CATSRERGSYEQYF	TRBV15	TRBJ2-7	1
CATSRERGYGYTF	TRBV15	TRBJ1-2	1
CATSRERWAPVPYEAFF	TRBV15	TRBJ1-1	1
CATSRESGNYGYTF	TRBV15	TRBJ1-2	1
CATSRESWGGLAGTEEFF	TRBV15	TRBJ2-1	1
CATSRETGGSGNTIYF	TRBV15	TRBJ1-3	1
CATSREVVGPGELFF	TRBV15	TRBJ2-2	1
CATSREWGGAYNEQFF	TRBV15	TRBJ2-1	1
CATSREWWGGETQYF	TRBV15	TRBJ2-5	1
CATSREYEMGGYTF	TRBV15	TRBJ1-2	1
CATSRGDSEAFF	TRBV15	TRBJ1-1	1
CATSRGFRLGLLNTEAFF	TRBV15	TRBJ1-1	1
CATSRGGDRAYNEQFF	TRBV15	TRBJ2-1	2
CATSRGGGAEETQYF	TRBV15	TRBJ2-5	1
CATSRGGGEQETQYF	TRBV15	TRBJ2-5	1
CATSRGGGFDILFRNGHTF	TRBV15	TRBJ1-2	1
CATSRGGGRGEQFF	TRBV15	TRBJ2-1	1
CATSRGGTSGGYEQYF	TRBV15	TRBJ2-7	1
CATSRGGYEQFF	TRBV15	TRBJ2-1	1
CATSRGLAGGDTQYF	TRBV15	TRBJ2-3	1
CATSRGLAGSNTGELFF	TRBV15	TRBJ2-2	1
CATSRGLAGTDTQYF	TRBV15	TRBJ2-3	1
CATSRGPGGGRSSGDTQYF	TRBV15	TRBJ2-3	1
CATSRGPGTDTQYF	TRBV15	TRBJ2-3	1
CATSRGPTSTDTQYF	TRBV24-1	TRBJ2-3	1
CATSRGQGSDSNQPQHF	TRBV15	TRBJ1-5	1
CATSRGQVDYTQYF	TRBV15	TRBJ2-3	1
CATSRGREGNQPQHF	TRBV15	TRBJ1-5	1
CATSRGRLYQETQYF	TRBV15	TRBJ2-5	1
CATSRGRQGTLSYEQYF	TRBV15	TRBJ2-7	1
CATSRGTTGELFF	TRBV15	TRBJ2-2	1
CATSRGVAGNQPQHF	TRBV15	TRBJ1-5	1
CATSRGVDTQYF	TRBV24-1	TRBJ2-3	1
CATSRGVHGGELFF	TRBV15	TRBJ2-2	1
CATSRGWEAFF	TRBV15	TRBJ1-1	1
CATSRHRDFQETQYF	TRBV15	TRBJ2-5	1
CATSRIQSTDTQYF	TRBV15	TRBJ2-3	1
CATSRKGLAPRGELFF	TRBV15	TRBJ2-2	1
CATSRLIVPGLQETQYF	TRBV15	TRBJ2-5	1
CATSRLRDSSLNEQYF	TRBV15	TRBJ2-7	1
CATSRLSLAARSYNEQFF	TRBV15	TRBJ2-1	2
CATSRNPQGDNTEAFF	TRBV15	TRBJ1-1	1
CATSRPGLAGTETQYF	TRBV15	TRBJ2-5	1
CATSRPTELQETQYF	TRBV15	TRBJ2-5	1
CATSRQGYYGYTF	TRBV15	TRBJ1-2	1
CATSRQTQYF	TRBV12-3	TRBJ2-5	1
CATSRRDGQETQYF	TRBV15	TRBJ2-5	1
CATSRRGNEKLFF	TRBV15	TRBJ1-4	1
CATSRRLAEKQETQYF	TRBV15	TRBJ2-5	1
CATSRRRNNQPQHF	TRBV15	TRBJ1-5	1
CATSRSAFAGNTEAFF	TRBV15	TRBJ1-1	1
CATSRSASYGYTF	TRBV15	TRBJ1-2	1
CATSRSDGNTEAFF	TRBV15	TRBJ1-1	1
CATSRSGQGEKLFF	TRBV15	TRBJ1-4	1
CATSRSLDRGTEAFF	TRBV15	TRBJ1-1	1
CATSRSQENYGYTF	TRBV15	TRBJ1-2	1
CATSRSSWDNEQYF	TRBV15	TRBJ2-7	1
CATSRTAVPLHEQYF	TRBV15	TRBJ2-7	1
CATSRTDYYGYTF	TRBV15	TRBJ1-2	1
CATSRTGGDYGYTF	TRBV15	TRBJ1-2	1
CATSRTGGRSETQYF	TRBV15	TRBJ2-5	1
CATSRTGPSSYNSPLHF	TRBV15	TRBJ1-6	1
CATSRTLQGARLNEQFF	TRBV15	TRBJ2-1	1
CATSRTSGLDTQYF	TRBV15	TRBJ2-3	1
CATSRVASGTYEQYF	TRBV15	TRBJ2-7	1
CATSRVDPGTGGPYGYTF	TRBV15	TRBJ1-2	1
CATSRVDSNQPQHF	TRBV15	TRBJ1-5	1
CATSRVEGVYEQYF	TRBV15	TRBJ2-7	1
CATSRVGGREKLFF	TRBV15	TRBJ1-4	1
CATSRVGGTVYGYTF	TRBV15	TRBJ1-2	1
CATSRVGPGHPTNEKLFF	TRBV15	TRBJ1-4	1
CATSRVGQGANFNQPQHF	TRBV15	TRBJ1-5	1
CATSRVGQGLPTYEQYF	TRBV15	TRBJ2-7	1
CATSRVGRLAEGGTDTQYF	TRBV15	TRBJ2-3	1
CATSRVGTEAFF	TRBV15	TRBJ1-1	1
CATSRVKGIETQYF	TRBV15	TRBJ2-5	1
CATSRVNGGTDTQYF	TRBV15	TRBJ2-3	1
CATSRVPRSSYEQYF	TRBV15	TRBJ2-7	1
CATSRVRGGPTDTQYF	TRBV15	TRBJ2-3	1
CATSRVSYSNQPQHF	TRBV15	TRBJ1-5	1
CATSRVTDSHYGYTF	TRBV15	TRBJ1-2	1
CATSRVWADSPLHF	TRBV15	TRBJ1-6	1
CATSRYRGGYEQYF	TRBV15	TRBJ2-7	1
CATSSAGTSGGPSTDTQYF	TRBV15	TRBJ2-3	1
CATSSANSGAVRNEQFF	TRBV15	TRBJ2-1	1
CATSSATGGPEAFF	TRBV15	TRBJ1-1	1
CATSSATPPGLAIPDTQYF	TRBV15	TRBJ2-3	1
CATSSDLDRGRSPNQPQHF	TRBV15	TRBJ1-5	1
CATSSDRGHTGELFF	TRBV15	TRBJ2-2	1
CATSSDRGSEQYF	TRBV15	TRBJ2-7	1
CATSSDSSGPLGGYTF	TRBV15	TRBJ1-2	1
CATSSEALPYNEQFF	TRBV15	TRBJ2-1	1
CATSSEGDTNEKLFF	TRBV15	TRBJ1-4	1
CATSSEPPQAGVFEQFF	TRBV15	TRBJ2-1	1
CATSSFEGKVNQPQHF	TRBV15	TRBJ1-5	1
CATSSFNQPQHF	TRBV15	TRBJ1-5	1
CATSSGAAGEQYF	TRBV6-4	TRBJ2-7	1
CATSSGAAPTGLDTIYF	TRBV15	TRBJ1-3	1
CATSSGDTYNEQFF	TRBV24-1	TRBJ2-1	1
CATSSGFSYEQYF	TRBV15	TRBJ2-7	1
CATSSGGGEQYF	TRBV24-1	TRBJ2-7	1
CATSSGGTEAFF	TRBV4-2	TRBJ1-1	1
CATSSGQSYEQYF	TRBV15	TRBJ2-7	1
CATSSGRDTGELFF	TRBV24-1	TRBJ2-2	1
CATSSGSSGRDEQFF	TRBV15	TRBJ2-1	1
CATSSGTQYEQYF	TRBV15	TRBJ2-7	2
CATSSGTVPSGANVLTF	TRBV24-1	TRBJ2-6	1
CATSSGVNEQFF	TRBV15	TRBJ2-1	1
CATSSHTSGSGETQYF	TRBV15	TRBJ2-5	1
CATSSIFNTEKLFF	TRBV15	TRBJ1-4	1
CATSSKTGLTEAFF	TRBV15	TRBJ1-1	1
CATSSLERSSTDTQYF	TRBV15	TRBJ2-3	1
CATSSLGSYEQYF	TRBV15	TRBJ2-7	1
CATSSLRQGTYEQYF	TRBV15	TRBJ2-7	2
CATSSLTLGSNEQFF	TRBV15	TRBJ2-1	1
CATSSMTGNEKLFF	TRBV15	TRBJ1-4	1
CATSSPGQISSYNSPLHF	TRBV15	TRBJ1-6	1
CATSSPGTNSYEQYF	TRBV15	TRBJ2-7	1
CATSSPPGGRNTGELFF	TRBV15	TRBJ2-2	1
CATSSPSSYEQYF	TRBV15	TRBJ2-7	1
CATSSRANTGELFF	TRBV15	TRBJ2-2	1
CATSSRDRGAWEQFF	TRBV15	TRBJ2-1	1
CATSSRDRGYDEQFF	TRBV24-1	TRBJ2-1	1
CATSSRDRVEKLFF	TRBV15	TRBJ1-4	1
CATSSRETQYF	TRBV15	TRBJ2-5	1
CATSSRGDTQYF	TRBV15	TRBJ2-3	1
CATSSRGTGVNQPQHF	TRBV15	TRBJ1-5	1
CATSSRREAGFNEQFF	TRBV15	TRBJ2-1	1
CATSSRSSSYEQYF	TRBV15	TRBJ2-7	1
CATSSRYENSKNIQYF	TRBV15	TRBJ2-4	1
CATSSSGANVLTF	TRBV15	TRBJ2-6	1
CATSSSRDSYNEQFF	TRBV15	TRBJ2-1	1
CATSSSSGRGFDTDTQYF	TRBV15	TRBJ2-3	1
CATSSSSRNQPYEQYF	TRBV24-1	TRBJ2-7	1
CATSSSSYNSPLHF	TRBV15	TRBJ1-6	1
CATSSTGGMMGNEQFF	TRBV15	TRBJ2-1	1
CATSSTGGQFF	TRBV11-2	TRBJ2-1	1
CATSSTGLKTQYF	TRBV11-2	TRBJ2-5	1
CATSSTLTEAFF	TRBV15	TRBJ1-1	1
CATSSTRKTDTQYF	TRBV15	TRBJ2-3	1
CATSSTTEPYEQYF	TRBV24-1	TRBJ2-7	1
CATSSVETQGGGWTQPQHF	TRBV15	TRBJ1-5	1
CATSSVGGPEAEAFF	TRBV15	TRBJ1-1	1
CATSSVRDSPYEQYF	TRBV15	TRBJ2-7	1
CATSSVTGELFF	TRBV24-1	TRBJ2-2	1
CATSSWLGQDETSYNEQFF	TRBV15	TRBJ2-1	1
CATSTALSSHSTDTQYF	TRBV6-1	TRBJ2-3	1
CATSTESGRGGLYEQYF	TRBV15	TRBJ2-7	1
CATSTGDSNQPQHF	TRBV10-3	TRBJ1-5	27
CATSTGDSNQPQHF	TRBV15	TRBJ1-5	182
CATSTGGAGGRTDTQYF	TRBV15	TRBJ2-3	1
CATSTGHDRNTEAFF	TRBV15	TRBJ1-1	1
CATSTGLADNEQFF	TRBV12-3	TRBJ2-1	1
CATSTGPYTDTQYF	TRBV24-1	TRBJ2-3	1
CATSTGSSSYEQYF	TRBV15	TRBJ2-7	5
CATSTGTGGGNTIYF	TRBV15	TRBJ1-3	1
CATSTGTRNYGYTF	TRBV24-1	TRBJ1-2	1
CATSTGTSGGNGETQYF	TRBV15	TRBJ2-5	1
CATSTGTTGELFF	TRBV15	TRBJ2-2	1
CATSTGTTSVNEQFF	TRBV6-3	TRBJ2-1	1
CATSTHRQGENIQYF	TRBV15	TRBJ2-4	1
CATSTKTGYYEQYF	TRBV15	TRBJ2-7	1
CATSTLAKNIQYF	TRBV28	TRBJ2-4	1
CATSTNRGGNTEAFF	TRBV15	TRBJ1-1	1
CATSTQTGPNEQFF	TRBV15	TRBJ2-1	1
CATSTRQETQYF	TRBV15	TRBJ2-5	1
CATSTRQGAREQYF	TRBV15	TRBJ2-7	1
CATSTRSGGAYNEQFF	TRBV15	TRBJ2-1	1
CATSTRTGQDEQYF	TRBV15	TRBJ2-7	1
CATSTRYSYGYTF	TRBV25-1	TRBJ1-2	1
CATSTSGSGPQETQYF	TRBV15	TRBJ2-5	1
CATSTSRDVGNTIYF	TRBV15	TRBJ1-3	1
CATSTYDSNSPLHF	TRBV2	TRBJ1-6	1
CATSTYREYEQYF	TRBV6-5	TRBJ2-7	1
CATSVGDTQYF	TRBV24-1	TRBJ2-3	1
CATSVGNTEAFF	TRBV15	TRBJ1-1	1
CATSVGPSAYNEQFF	TRBV24-1	TRBJ2-1	1
CATSVGSGSVFYNEQFF	TRBV24-1	TRBJ2-1	1
CATSVGVNTGELFF	TRBV24-1	TRBJ2-2	1
CATSVIAGDNNEQFF	TRBV24-1	TRBJ2-1	1
CATSVPAEETQYF	TRBV24-1	TRBJ2-5	1
CATSVPTGHNQPQHF	TRBV24-1	TRBJ1-5	1
CATSVRDSVNEQFF	TRBV15	TRBJ2-1	1
CATSVRGEDTQYF	TRBV24-1	TRBJ2-3	1
CATSVSGGGELFF	TRBV24-1	TRBJ2-2	1
CATSVTATGELFF	TRBV24-1	TRBJ2-2	1
CATSVTTGSQETQYF	TRBV15	TRBJ2-5	1
CATSVVRQPQHF	TRBV24-1	TRBJ1-5	1
CATSWGGSGELFF	TRBV19	TRBJ2-2	1
CATSWNLDGAYEQYF	TRBV15	TRBJ2-7	1
CATSYGGNEQFF	TRBV12-3	TRBJ2-1	1
CATTDGGRSYEQYF	TRBV19	TRBJ2-7	1
CATTGAGGQPQHF	TRBV28	TRBJ1-5	1
CATTGAGVHEQYF	TRBV6-1	TRBJ2-7	1
CATTGDTEAFF	TRBV27	TRBJ1-1	1
CATTGGSDTQYF	TRBV19	TRBJ2-3	1
CATTGLAGSGTDTQYF	TRBV7-8	TRBJ2-3	1
CATTGLSYEQYF	TRBV2	TRBJ2-7	1
CATTGPSGAETQYF	TRBV15	TRBJ2-5	1
CATTGPTGQPQHF	TRBV19	TRBJ1-5	1
CATTGQTGELFF	TRBV24-1	TRBJ2-2	1
CATTGRGGTGELFF	TRBV10-3	TRBJ2-2	1
CATTGTEGNTIYF	TRBV24-1	TRBJ1-3	1
CATTGYDGYTF	TRBV2	TRBJ1-2	1
CATTLGQGLWEQFF	TRBV10-3	TRBJ2-1	1
CATTPEGAPYEQYF	TRBV15	TRBJ2-7	1
CATTPGGSLSGYTF	TRBV5-4	TRBJ1-2	1
CATTPGLAGEQYF	TRBV11-2	TRBJ2-7	1
CATTPGTVSTDTQYF	TRBV15	TRBJ2-3	1
CATTPQGGYEQYF	TRBV28	TRBJ2-7	1
CATTPRIYGYTF	TRBV7-9	TRBJ1-2	1
CATTQDRGLYEQYF	TRBV15	TRBJ2-7	1
CATTQLDGGGETQYF	TRBV5-4	TRBJ2-5	1
CATTRGPKLNEKLFF	TRBV6-4	TRBJ1-4	1
CATTRGRLGNNEQFF	TRBV15	TRBJ2-1	1
CATTSDGNEQFF	TRBV15	TRBJ2-1	1
CATTSGAAIYEQYF	TRBV6-5	TRBJ2-7	1
CATTSGGGYTF	TRBV12-3	TRBJ1-2	1
CATTSREVNEKLFF	TRBV2	TRBJ1-4	1
CATTTTSVVGQPQHF	TRBV6-3	TRBJ1-5	1
CATVGANVLTF	TRBV2	TRBJ2-6	1
CATVRGYYGYTF	TRBV2	TRBJ1-2	1
CATVRKGDYGYTF	TRBV19	TRBJ1-2	1
CATWDGNTEAFF	TRBV2	TRBJ1-1	1
CATWDRLSGYTF	TRBV24-1	TRBJ1-2	1
CATWGGPGELFF	TRBV19	TRBJ2-2	1
CATWGVAGPRGETQYF	TRBV6-6	TRBJ2-5	1
CATWQPLRKEISYYGYTF	TRBV6-5	TRBJ1-2	1
CATWTVGELFF	TRBV10-3	TRBJ2-2	1
CATYDSGVGELFF	TRBV15	TRBJ2-2	1
CATYGLPGGDGGSYNEQFF	TRBV6-3	TRBJ2-1	1
CATYKSGTSGSYEQYF	TRBV10-2	TRBJ2-7	1
CATYPTGFRYGYTF	TRBV10-3	TRBJ1-2	1
CATYQPGSSYEQYF	TRBV11-2	TRBJ2-7	1
CATYSPPSNTGELFF	TRBV19	TRBJ2-2	1
CATYTSSYNEQFF	TRBV5-6	TRBJ2-1	1
CAVEVIYGYTF	TRBV6-3	TRBJ1-2	1
CAVGAGVPGYTF	TRBV7-9	TRBJ1-2	1
CAVGLAGRGEQFF	TRBV15	TRBJ2-1	1
CAVGQGTTDTQYF	TRBV2	TRBJ2-3	1
CAVGQIGEETQYF	TRBV27	TRBJ2-5	1
CAVGTGENTEAFF	TRBV10-3	TRBJ1-1	1
CAVKRTSTDTQYF	TRBV27	TRBJ2-3	1
CAVQGAGEQYF	TRBV10-3	TRBJ2-7	1
CAVRLAGDNYNEQFF	TRBV2	TRBJ2-1	1
CAVRTANPYEQYF	TRBV2	TRBJ2-7	1
CAVTGGPSDTQYF	TRBV6-1	TRBJ2-3	1
CAVTSGAGEQYF	TRBV24-1	TRBJ2-7	1
CAVTSGRVGNEQYF	TRBV12-4	TRBJ2-7	1
CAWAAYNEQFF	TRBV30	TRBJ2-1	1
CAWAEDSFPLEKLFF	TRBV30	TRBJ1-4	1
CAWAGQGEGYTF	TRBV30	TRBJ1-2	1
CAWAGSLEQYF	TRBV30	TRBJ2-7	1
CAWAPQDYEQYF	TRBV30	TRBJ2-7	1
CAWDEGSTGSYEQYF	TRBV30	TRBJ2-7	1
CAWDGPYNYGYTF	TRBV30	TRBJ1-2	1
CAWDGQGSQYF	TRBV30	TRBJ2-4	1
CAWERWDNYGYTF	TRBV30	TRBJ1-2	1
CAWGASNTGELFF	TRBV30	TRBJ2-2	1
CAWGDSGEGVYEQYF	TRBV30	TRBJ2-7	1
CAWGDSSSGNTIYF	TRBV30	TRBJ1-3	1
CAWGDTYEQYF	TRBV30	TRBJ2-7	1
CAWGGADTQYF	TRBV28	TRBJ2-3	1
CAWGGGINQPQHF	TRBV30	TRBJ1-5	1
CAWGGVQGINEQYF	TRBV30	TRBJ2-7	1
CAWGLPRRF	TRBV30	TRBJ1-2	1
CAWGRSSYEQYF	TRBV30	TRBJ2-7	1
CAWGTGGRGNTGELFF	TRBV30	TRBJ2-2	1
CAWGTGGTEAFF	TRBV30	TRBJ1-1	1
CAWGVTHNPNHNEQFF	TRBV5-4	TRBJ2-1	1
CAWGYTGGGQPQHF	TRBV30	TRBJ1-5	1
CAWIAGGNTGELFF	TRBV30	TRBJ2-2	1
CAWIGATEAFF	TRBV30	TRBJ1-1	1
CAWIGGGELFF	TRBV30	TRBJ2-2	1
CAWIGPGGEQFF	TRBV30	TRBJ2-1	1
CAWILAGGITDTQYF	TRBV30	TRBJ2-3	1
CAWKDSLNTEAFF	TRBV30	TRBJ1-1	1
CAWKGLAGAGELFF	TRBV30	TRBJ2-2	1
CAWKSTGQLRNTGELFF	TRBV30	TRBJ2-2	1
CAWLVGRGNEQYF	TRBV30	TRBJ2-7	1
CAWMATSYQETQYF	TRBV30	TRBJ2-5	1
CAWMGQGSVSGPNVLTF	TRBV30	TRBJ2-6	1
CAWMGTGTLYYEQYF	TRBV30	TRBJ2-7	1
CAWMLDPGRSYEQYF	TRBV30	TRBJ2-7	1
CAWMVITGELFF	TRBV30	TRBJ2-2	1
CAWNAGNTEAFF	TRBV30	TRBJ1-1	1
CAWNGGSTEAFF	TRBV30	TRBJ1-1	1
CAWNGLTGELFF	TRBV30	TRBJ2-2	1
CAWNKYGSLTYGYTF	TRBV30	TRBJ1-2	1
CAWNLGASGNNEQFF	TRBV30	TRBJ2-1	1
CAWNLGQVNTEAFF	TRBV30	TRBJ1-1	1
CAWNLPTGELFF	TRBV7-6	TRBJ2-2	1
CAWNPGATNTEAFF	TRBV30	TRBJ1-1	1
CAWNSGLAKNIQYF	TRBV30	TRBJ2-4	1
CAWNTGTEAFF	TRBV30	TRBJ1-1	1
CAWNTGVEETQYF	TRBV30	TRBJ2-5	1
CAWQRWDTDTQYF	TRBV30	TRBJ2-3	1
CAWRAGSGSYEQYF	TRBV30	TRBJ2-7	1
CAWREGGSFTEAFF	TRBV30	TRBJ1-1	1
CAWRENRGYSADTQYF	TRBV30	TRBJ2-3	1
CAWRGDGNYGYTF	TRBV30	TRBJ1-2	1
CAWRGGAPYEQYF	TRBV30	TRBJ2-7	1
CAWRGGGGEKLFF	TRBV30	TRBJ1-4	1
CAWRGGYEQYF	TRBV30	TRBJ2-7	1
CAWRGRVSSYNEQFF	TRBV30	TRBJ2-1	1
CAWRGVGTGFTYEQYF	TRBV30	TRBJ2-7	1
CAWRKQGDTGELFF	TRBV30	TRBJ2-2	1
CAWRPGLAGGLGDNEQFF	TRBV30	TRBJ2-1	1
CAWRQLNTEAFF	TRBV30	TRBJ1-1	1
CAWRRLEGKAGELFF	TRBV30	TRBJ2-2	1
CAWRSQGSGPHPHGVYNEQFF	TRBV30	TRBJ2-1	1
CAWRSSVSYNEQFF	TRBV30	TRBJ2-1	1
CAWRVGLGEQYF	TRBV30	TRBJ2-7	1
CAWRWATREAFF	TRBV30	TRBJ1-1	1
CAWRWGDSYEQYF	TRBV30	TRBJ2-7	1
CAWSADWSYEQYF	TRBV30	TRBJ2-7	1
CAWSAGTGTTEAFF	TRBV30	TRBJ1-1	1
CAWSAGVAGNQPQHF	TRBV30	TRBJ1-5	1
CAWSALAGGNEQFF	TRBV30	TRBJ2-1	1
CAWSAPAGNNEKLFF	TRBV30	TRBJ1-4	1
CAWSDEASYNEQFF	TRBV30	TRBJ2-1	16
CAWSDGAAEETQYF	TRBV30	TRBJ2-5	1
CAWSDGGWNNQPQHF	TRBV30	TRBJ1-5	1
CAWSDLGLAGTEAFF	TRBV30	TRBJ1-1	1
CAWSDRAPYNEQFF	TRBV30	TRBJ2-1	1
CAWSDRAVNQPQHF	TRBV30	TRBJ1-5	1
CAWSDRERSYEQYF	TRBV30	TRBJ2-7	1
CAWSDSASGNTIYF	TRBV30	TRBJ1-3	1
CAWSDSGTRNTEAFF	TRBV30	TRBJ1-1	1
CAWSEDSRETQYF	TRBV30	TRBJ2-5	1
CAWSEEETQYF	TRBV30	TRBJ2-5	1
CAWSEGDLNQPQHF	TRBV30	TRBJ1-5	1
CAWSEGLAASYEQYF	TRBV30	TRBJ2-7	1
CAWSEGQGGYQPQHF	TRBV30	TRBJ1-5	1
CAWSEGTEAFF	TRBV30	TRBJ1-1	1
CAWSENRGTEAFF	TRBV30	TRBJ1-1	1
CAWSESTDTQYF	TRBV30	TRBJ2-3	1
CAWSETGWSPLHF	TRBV30	TRBJ1-6	1
CAWSFSAGGTDTQYF	TRBV30	TRBJ2-3	1
CAWSGAQGSYEQYF	TRBV30	TRBJ2-7	1
CAWSGARGEQFF	TRBV30	TRBJ2-1	1
CAWSGARNTEAFF	TRBV30	TRBJ1-1	2
CAWSGASYEQYF	TRBV30	TRBJ2-7	1
CAWSGFEISGRAPYEQYF	TRBV30	TRBJ2-7	1
CAWSGGGEQYF	TRBV30	TRBJ2-7	1
CAWSGGGGDTEAFF	TRBV30	TRBJ1-1	1
CAWSGGLKKFF	TRBV30	TRBJ2-1	1
CAWSGGTTEAFF	TRBV30	TRBJ1-1	1
CAWSGLAWGQYF	TRBV30	TRBJ2-7	1
CAWSGLTITEAFF	TRBV30	TRBJ1-1	1
CAWSGRAGVSNEQFF	TRBV30	TRBJ2-1	62
CAWSGRPDGNEKLFF	TRBV30	TRBJ1-4	1
CAWSGRQGIFYTF	TRBV30	TRBJ1-2	1
CAWSGRWSSGQETQYF	TRBV30	TRBJ2-5	1
CAWSGSHFMNTEAFF	TRBV30	TRBJ1-1	1
CAWSGTGTTLTYEQYF	TRBV30	TRBJ2-7	1
CAWSGTGVGYGYTF	TRBV30	TRBJ1-2	1
CAWSGTSGSRGYEQYF	TRBV30	TRBJ2-7	1
CAWSGVLGTDTQYF	TRBV30	TRBJ2-3	1
CAWSHPSGRTETQYF	TRBV30	TRBJ2-5	1
CAWSIDRNEQFF	TRBV30	TRBJ2-1	1
CAWSIRDLNTGELFF	TRBV30	TRBJ2-2	1
CAWSIRQGDQPQHF	TRBV30	TRBJ1-5	1
CAWSITDTGELFF	TRBV30	TRBJ2-2	1
CAWSKVGVGQPQHF	TRBV30	TRBJ1-5	1
CAWSLDRGQPQHF	TRBV30	TRBJ1-5	1
CAWSLGGSGELFF	TRBV30	TRBJ2-2	1
CAWSLGPEQFF	TRBV30	TRBJ2-1	1
CAWSLPGLSYEQYF	TRBV30	TRBJ2-7	1
CAWSLRGFQETQYF	TRBV30	TRBJ2-5	1
CAWSLTGGWNTEAFF	TRBV30	TRBJ1-1	1
CAWSLYSYEQYF	TRBV30	TRBJ2-7	1
CAWSPGQGYEQYF	TRBV30	TRBJ2-7	1
CAWSPGRDYGYTF	TRBV30	TRBJ1-2	1
CAWSPLKGGDEQYF	TRBV30	TRBJ2-7	1
CAWSPMPGQGVRNEQFF	TRBV30	TRBJ2-1	1
CAWSPPGGNEKLFF	TRBV30	TRBJ1-4	1
CAWSPQAPGYTF	TRBV30	TRBJ1-2	1
CAWSPQHKAGALRAEAFF	TRBV30	TRBJ1-1	1
CAWSPQLQGTYEQYF	TRBV30	TRBJ2-7	1
CAWSPRDYYNEQFF	TRBV30	TRBJ2-1	1
CAWSPSWVTEAFF	TRBV30	TRBJ1-1	1
CAWSPWWRDSYNEQFF	TRBV30	TRBJ2-1	1
CAWSQGGTEAFF	TRBV30	TRBJ1-1	1
CAWSQGQGSYEQYF	TRBV30	TRBJ2-7	1
CAWSQLAGVEQFF	TRBV30	TRBJ2-1	1
CAWSRAGETQYF	TRBV30	TRBJ2-5	1
CAWSRGDEQFF	TRBV30	TRBJ2-1	1
CAWSRNDLEQYF	TRBV30	TRBJ2-7	1
CAWSRQGSHEQYF	TRBV30	TRBJ2-7	1
CAWSSGNDYEQYF	TRBV30	TRBJ2-7	1
CAWSSGVSYEQYF	TRBV30	TRBJ2-7	1
CAWSSPWGQGSDTEAFF	TRBV30	TRBJ1-1	1
CAWSSTGGSGETQYF	TRBV30	TRBJ2-5	1
CAWSSTRSSYNEQFF	TRBV30	TRBJ2-1	1
CAWSTDTQYF	TRBV30	TRBJ2-3	1
CAWSTGLAGLRYEQYF	TRBV30	TRBJ2-7	1
CAWSTTGGLANQPQHF	TRBV30	TRBJ1-5	1
CAWSVAGAGNQPQHF	TRBV30	TRBJ1-5	1
CAWSVAGARWNEQFF	TRBV30	TRBJ2-1	1
CAWSVAGGNYGYTF	TRBV30	TRBJ1-2	1
CAWSVASGELFF	TRBV30	TRBJ2-2	1
CAWSVEGGGNQPQHF	TRBV30	TRBJ1-5	1
CAWSVELLSSPLHF	TRBV30	TRBJ1-6	1
CAWSVFGGYEQFF	TRBV30	TRBJ2-1	1
CAWSVGAGSYEQYF	TRBV30	TRBJ2-7	1
CAWSVGEGSNEQFF	TRBV30	TRBJ2-1	1
CAWSVGEMADQETQYF	TRBV30	TRBJ2-5	1
CAWSVGGDQPQHF	TRBV30	TRBJ1-5	1
CAWSVGGEKLFF	TRBV30	TRBJ1-4	1
CAWSVGGGNIQYF	TRBV30	TRBJ2-4	1
CAWSVGGSGTDTQYF	TRBV30	TRBJ2-3	1
CAWSVGGYEQYF	TRBV30	TRBJ2-7	1
CAWSVGGYNTIYF	TRBV30	TRBJ1-3	1
CAWSVGLNTGELFF	TRBV30	TRBJ2-2	1
CAWSVGPFYEQYF	TRBV30	TRBJ2-7	1
CAWSVGQGDEKLFF	TRBV30	TRBJ1-4	1
CAWSVGQGTDGELFF	TRBV30	TRBJ2-2	1
CAWSVGQGYANYGYTF	TRBV30	TRBJ1-2	1
CAWSVGQYSNQPQHF	TRBV30	TRBJ1-5	1
CAWSVGSSGANVLTF	TRBV30	TRBJ2-6	1
CAWSVGTANTGELFF	TRBV30	TRBJ2-2	1
CAWSVGYEQFF	TRBV30	TRBJ2-1	1
CAWSVIGEIAENEQFF	TRBV30	TRBJ2-1	1
CAWSVILSSYEQYF	TRBV30	TRBJ2-7	1
CAWSVKGWKYF	TRBV30	TRBJ2-7	1
CAWSVLFGARAYEQYF	TRBV30	TRBJ2-7	1
CAWSVLGGNEQFF	TRBV30	TRBJ2-1	1
CAWSVLGGNEQYF	TRBV30	TRBJ2-7	1
CAWSVLGGNTEAFF	TRBV30	TRBJ1-1	1
CAWSVLGGSGNTIYF	TRBV30	TRBJ1-3	1
CAWSVLGQPQHF	TRBV30	TRBJ1-5	1
CAWSVLKGAEQFF	TRBV30	TRBJ2-1	1
CAWSVLPEQFF	TRBV30	TRBJ2-1	1
CAWSVLQSNQPQHF	TRBV30	TRBJ1-5	1
CAWSVLRDAREAFF	TRBV30	TRBJ1-1	1
CAWSVLSSGSHEQYF	TRBV30	TRBJ2-7	1
CAWSVLTGGSTEAFF	TRBV30	TRBJ1-1	1
CAWSVLVSGRKLFNEQFF	TRBV30	TRBJ2-1	1
CAWSVLVWDTIYF	TRBV30	TRBJ1-3	1
CAWSVMADNEQFF	TRBV30	TRBJ2-1	1
CAWSVMGLLKYNEQFF	TRBV30	TRBJ2-1	3
CAWSVNSNEQFF	TRBV30	TRBJ2-1	1
CAWSVPGLINTGELFF	TRBV30	TRBJ2-2	1
CAWSVPGQGGYEQYF	TRBV30	TRBJ2-7	1
CAWSVPGQNSYEQYF	TRBV30	TRBJ2-7	1
CAWSVPVSEQYF	TRBV30	TRBJ2-7	1
CAWSVQGEKLFF	TRBV30	TRBJ1-4	1
CAWSVQGRGRTEAFF	TRBV30	TRBJ1-1	1
CAWSVQTPTQHF	TRBV30	TRBJ2-4	1
CAWSVQVAGQETQYF	TRBV30	TRBJ2-5	1
CAWSVRDREGYTEAFF	TRBV30	TRBJ1-1	1
CAWSVRGFGQPQHF	TRBV30	TRBJ1-5	1
CAWSVRGTVGVETQYF	TRBV30	TRBJ2-5	1
CAWSVRHITKNIQYF	TRBV30	TRBJ2-4	1
CAWSVSARTELFF	TRBV30	TRBJ1-4	1
CAWSVSASEQFF	TRBV30	TRBJ2-1	1
CAWSVSLAGSTDTQYF	TRBV30	TRBJ2-3	1
CAWSVTSGAYNEQFF	TRBV30	TRBJ2-1	1
CAWSVTWGTEAFF	TRBV30	TRBJ1-1	1
CAWSVVGDLKEAFF	TRBV30	TRBJ1-1	1
CAWSVVRKGTEAFF	TRBV30	TRBJ1-1	2
CAWSVWGGEQYF	TRBV30	TRBJ2-7	1
CAWSVYGGGRDEQFF	TRBV30	TRBJ2-1	1
CAWSWAGYNEQFF	TRBV30	TRBJ2-1	1
CAWSWPAGRWFFGYTF	TRBV30	TRBJ1-2	1
CAWSWTDYEQYF	TRBV30	TRBJ2-7	1
CAWSYQPNTEAFF	TRBV30	TRBJ1-1	1
CAWSYTGELFF	TRBV30	TRBJ2-2	1
CAWTAGLGISF	TRBV30	TRBJ1-2	1
CAWTERRRARSGELFF	TRBV30	TRBJ2-2	1
CAWTGAHPEAFF	TRBV30	TRBJ1-1	1
CAWTGEREGPTDTQYF	TRBV30	TRBJ2-3	1
CAWTGTGKIGWDSPLHF	TRBV30	TRBJ1-6	322
CAWTIGTGLSSQYF	TRBV30	TRBJ2-3	1
CAWTNRDRPYEQYF	TRBV30	TRBJ2-7	1
CAWTPDRVWTEAFF	TRBV30	TRBJ1-1	1
CAWTPPGSSNQPQHF	TRBV30	TRBJ1-5	1
CAWTPQGEGYTF	TRBV30	TRBJ1-2	1
CAWTPRSGRAYEQYF	TRBV30	TRBJ2-7	1
CAWTQGGDQPQHF	TRBV30	TRBJ1-5	1
CAWTSASTDTQYF	TRBV30	TRBJ2-3	1
CAWTSIQGSEQYF	TRBV30	TRBJ2-7	1
CAWVLGPAGDTQYF	TRBV30	TRBJ2-3	195
CAWVSPPGQGNEQFF	TRBV30	TRBJ2-1	1
CAYGSMGNEQFF	TRBV7-9	TRBJ2-1	1
CAYITDSGEKLFF	TRBV30	TRBJ1-4	1
CAYPGTGNYGYTF	TRBV30	TRBJ1-2	1
CAYRGSNQPQHF	TRBV5-8	TRBJ1-5	7
CAYRPSGESYNEQFF	TRBV2	TRBJ2-1	1
CAYRVSYYEQYF	TRBV2	TRBJ2-7	1
CAYVQGAGELFF	TRBV30	TRBJ2-2	1
CCHILAGTYNEQFF	TRBV6-3	TRBJ2-1	1
CGARPPGVSNEQFF	TRBV28	TRBJ2-1	1
CGGQGLQETQYF	TRBV2	TRBJ2-5	1
CGKRATDTQYF	TRBV2	TRBJ2-3	1
CGLAGINEQFF	TRBV2	TRBJ2-1	1
CGSDRADTEAFF	TRBV7-9	TRBJ1-1	1
CGTTGGPPGELFF	TRBV2	TRBJ2-2	1
CGVTPLAQDTGELFF	TRBV20-1	TRBJ2-2	1
CISAFQQGEKLFF	TRBV10-2	TRBJ1-4	1
CISAPAVPPAGKAFF	TRBV23-1	TRBJ1-1	1
CKTTGGLYNEQFF	TRBV20-1	TRBJ2-1	1
CLCAPQEGYGYTF	TRBV30	TRBJ1-2	1
CNRDNTDTQYF	TRBV20-1	TRBJ2-3	1
CNTGQITYNEQFF	TRBV20-1	TRBJ2-1	1
CPAAGYTDTQYF	TRBV29-1	TRBJ2-3	1
CPPGREDKSTDTQYF	TRBV20-1	TRBJ2-3	1
CPPKGTYEQYF	TRBV21-1	TRBJ2-7	1
CQQQGQNTEAFF	TRBV21-1	TRBJ1-1	1
CQQQIPAWPGGIDYEQYF	TRBV21-1	TRBJ2-7	1
CQQQISPGDSDTQYF	TRBV21-1	TRBJ2-3	1
CQQQKQETQYF	TRBV21-1	TRBJ2-5	1
CQQQKSYEQYF	TRBV21-1	TRBJ2-7	1
CQQQKVGTENTGELFF	TRBV21-1	TRBJ2-2	1
CQQQNTAGGRDTQYF	TRBV21-1	TRBJ2-3	1
CQQQRGFKWGGRASGELFF	TRBV21-1	TRBJ2-2	1
CQQQRGVYEQYF	TRBV21-1	TRBJ2-7	1
CQQQRSTGGSNQPQHF	TRBV21-1	TRBJ1-5	8
CQQQSFPGRETEAFF	TRBV21-1	TRBJ1-1	1
CQQQSFPGTSGRGLNTGELFF	TRBV21-1	TRBJ2-2	1
CQQQTGDTEAFF	TRBV21-1	TRBJ1-1	1
CRGGQGAAGTQYF	TRBV5-6	TRBJ2-3	1
CRGTAVNTEAFF	TRBV20-1	TRBJ1-1	1
CRGTGHYEQYF	TRBV28	TRBJ2-7	1
CRGWGQGWTEAFF	TRBV20-1	TRBJ1-1	1
CRVGQVMVLCTF	TRBV20-1	TRBJ1-2	2
CSAADEVGPQHF	TRBV20-1	TRBJ1-5	1
CSAADSNLSYNEQFF	TRBV20-1	TRBJ2-1	1
CSAAGEPGETQYF	TRBV20-1	TRBJ2-5	1
CSAAGGVSNQPQHF	TRBV20-1	TRBJ1-5	1
CSAAGQGIHSPLHF	TRBV20-1	TRBJ1-6	2
CSAAGTGEELAGISSYNEQFF	TRBV20-1	TRBJ2-1	1
CSAAGTQIDYEQYF	TRBV20-1	TRBJ2-7	1
CSAAGTSGINEQYF	TRBV20-1	TRBJ2-7	1
CSAAKRGGEYEQFF	TRBV20-1	TRBJ2-1	1
CSAAKTRGQAPNQPQHF	TRBV20-1	TRBJ1-5	1
CSAALAGNDYNEQFF	TRBV20-1	TRBJ2-1	1
CSAALGLGEKLFF	TRBV20-1	TRBJ1-4	1
CSAALPSTIYNEQFF	TRBV20-1	TRBJ2-1	1
CSAAMGLAGELFF	TRBV20-1	TRBJ2-2	1
CSAAPRDSVNEQFF	TRBV20-1	TRBJ2-1	1
CSAAQGDEQYF	TRBV20-1	TRBJ2-7	1
CSAAQGVVYNEQFF	TRBV20-1	TRBJ2-1	1
CSAARATEAFF	TRBV20-1	TRBJ1-1	1
CSAARDRDYAAQHF	TRBV20-1	TRBJ1-5	1
CSAASGRALWETQYF	TRBV20-1	TRBJ2-5	1
CSAASGSLNEQFF	TRBV29-1	TRBJ2-1	1
CSAASGTEAFF	TRBV29-1	TRBJ1-1	1
CSAATGGLDEQYF	TRBV29-1	TRBJ2-7	1
CSAATGNTEAFF	TRBV29-1	TRBJ1-1	1
CSAATGTGDTGELFF	TRBV20-1	TRBJ2-2	1
CSACGGDFSYEQYF	TRBV29-1	TRBJ2-7	1
CSACPGLAGGPYEQYF	TRBV20-1	TRBJ2-7	1
CSADAGTGLPEQYF	TRBV20-1	TRBJ2-7	1
CSADDRTSGRAGEQFF	TRBV20-1	TRBJ2-1	1
CSADDSSWGNEQFF	TRBV20-1	TRBJ2-1	1
CSADDYLKWDLYNEQFF	TRBV29-1	TRBJ2-1	1
CSADEPDSSYNSPLHF	TRBV20-1	TRBJ1-6	1
CSADFQAGVGTDTQYF	TRBV20-1	TRBJ2-3	1
CSADGAGTFKSEQYF	TRBV20-1	TRBJ2-7	1
CSADGASGKSSYNEQFF	TRBV20-1	TRBJ2-1	1
CSADGGLAQQEQFF	TRBV20-1	TRBJ2-1	1
CSADGGPTTPNEQYF	TRBV20-1	TRBJ2-7	5
CSADGTHTPTDTQYF	TRBV20-1	TRBJ2-3	1
CSADGTSNTGELFF	TRBV20-1	TRBJ2-2	1
CSADGVERLNTDTQYF	TRBV20-1	TRBJ2-3	1
CSADHRFEETQYF	TRBV20-1	TRBJ2-5	1
CSADLSRTQLQETQYF	TRBV20-1	TRBJ2-5	1
CSADNYGYTF	TRBV20-1	TRBJ1-2	1
CSADPDETAYNEQFF	TRBV20-1	TRBJ2-1	1
CSADPGTSEHNEQFF	TRBV20-1	TRBJ2-1	1
CSADPTGAGYEQYF	TRBV20-1	TRBJ2-7	1
CSADRDSSYEQYF	TRBV20-1	TRBJ2-7	1
CSADRDTSEQFF	TRBV20-1	TRBJ2-1	1
CSADRGGTDTQYF	TRBV20-1	TRBJ2-3	1
CSADSLAGGGETQYF	TRBV20-1	TRBJ2-5	1
CSADSYTGELFF	TRBV29-1	TRBJ2-2	1
CSADTGVIYNEQFF	TRBV20-1	TRBJ2-1	1
CSADTTDRGLTEAFF	TRBV20-1	TRBJ1-1	1
CSADTTSGGPQETQYF	TRBV20-1	TRBJ2-5	1
CSADWDSSYNEQFF	TRBV29-1	TRBJ2-1	1
CSADWSTGGANYGYTF	TRBV29-1	TRBJ1-2	1
CSADWTSRPDTQYF	TRBV20-1	TRBJ2-3	1
CSADYRGSYEQYF	TRBV20-1	TRBJ2-7	1
CSAEDRANTEAFF	TRBV20-1	TRBJ1-1	1
CSAEDRGDEQYF	TRBV20-1	TRBJ2-7	1
CSAEDVSFYEQYF	TRBV20-1	TRBJ2-7	1
CSAEEETTSEQYF	TRBV20-1	TRBJ2-7	1
CSAEEGSYEQYF	TRBV20-1	TRBJ2-7	1
CSAEGAEGNQPQHF	TRBV20-1	TRBJ1-5	1
CSAEGAYEETQYF	TRBV29-1	TRBJ2-5	1
CSAEGGDLVEQFF	TRBV29-1	TRBJ2-1	1
CSAEGGGNVGEKLFF	TRBV29-1	TRBJ1-4	1
CSAEGGGTGSAGELFF	TRBV20-1	TRBJ2-2	1
CSAEGPSTLSYNEQFF	TRBV20-1	TRBJ2-1	2
CSAEGPTYEQYF	TRBV20-1	TRBJ2-7	1
CSAEGQTEVGIDGYTF	TRBV20-1	TRBJ1-2	1
CSAEGQVENTGELFF	TRBV29-1	TRBJ2-2	1
CSAEGRAYGYTF	TRBV20-1	TRBJ1-2	1
CSAEGRGNTGELFF	TRBV20-1	TRBJ2-2	1
CSAEGRYQETQYF	TRBV29-1	TRBJ2-5	1
CSAEGTTAYEQYF	TRBV20-1	TRBJ2-7	1
CSAEGVAGGPQL	TRBV29-1	TRBJ2-1	1
CSAEGYLSYEQYF	TRBV20-1	TRBJ2-7	1
CSAELWTGGIGDTQYF	TRBV29-1	TRBJ2-3	1
CSAEPGQGNNEQFF	TRBV20-1	TRBJ2-1	1
CSAEQEMNTEAFF	TRBV20-1	TRBJ1-1	1
CSAEQGEETQYF	TRBV20-1	TRBJ2-5	1
CSAEQGRWQPQHF	TRBV20-1	TRBJ1-5	1
CSAEQVNMNEQYF	TRBV20-1	TRBJ2-7	1
CSAERQFWTVQPFDQPQHF	TRBV20-1	TRBJ1-5	1
CSAERQGAPETQYF	TRBV29-1	TRBJ2-5	1
CSAESARIAGHLETQYF	TRBV20-1	TRBJ2-5	1
CSAESGWQEHWSTDTQYF	TRBV20-1	TRBJ2-3	1
CSAESPIAGGRAQYF	TRBV20-1	TRBJ2-5	1
CSAETGESYGYTF	TRBV29-1	TRBJ1-2	1
CSAETQNRFGTGELFF	TRBV29-1	TRBJ2-2	1
CSAEVAARNTGELFF	TRBV20-1	TRBJ2-2	1
CSAEVNTEAFF	TRBV20-1	TRBJ1-1	1
CSAEYTQGGSQPQHF	TRBV20-1	TRBJ1-5	2
CSAFDRRSNQPQHF	TRBV20-1	TRBJ1-5	1
CSAFDRVVPEAFF	TRBV20-1	TRBJ1-1	1
CSAFPDVRKAGTEETQYF	TRBV29-1	TRBJ2-5	1
CSAFPGPREAYEQYF	TRBV20-1	TRBJ2-7	1
CSAFPQIAGVFDEQFF	TRBV20-1	TRBJ2-1	1
CSAFRLKAEAFF	TRBV20-1	TRBJ1-1	1
CSAGAPPEDSPLHF	TRBV20-1	TRBJ1-6	1
CSAGDASSYEQYF	TRBV20-1	TRBJ2-7	1
CSAGDGDGDNEQFF	TRBV20-1	TRBJ2-1	1
CSAGDLDLSTYEQYF	TRBV20-1	TRBJ2-7	1
CSAGDREAFF	TRBV29-1	TRBJ1-1	1
CSAGDREETQYF	TRBV20-1	TRBJ2-5	1
CSAGDRGTDTQYF	TRBV20-1	TRBJ2-3	1
CSAGDWRGSQETQYF	TRBV20-1	TRBJ2-5	1
CSAGEEADTQYF	TRBV20-1	TRBJ2-3	1
CSAGEGHYYEQYF	TRBV20-1	TRBJ2-7	1
CSAGELGQEIYEQYF	TRBV20-1	TRBJ2-7	1
CSAGGALAGAGYEQYF	TRBV29-1	TRBJ2-7	1
CSAGGELTGDYEQYF	TRBV20-1	TRBJ2-7	1
CSAGGENSYEQYF	TRBV20-1	TRBJ2-7	1
CSAGGGAYEQYF	TRBV20-1	TRBJ2-7	1
CSAGGGSYNEQFF	TRBV20-1	TRBJ2-1	1
CSAGGIHTGTDEQYF	TRBV20-1	TRBJ2-7	1
CSAGGLAGVPAGYYEQYF	TRBV20-1	TRBJ2-7	1
CSAGGLGNEQFF	TRBV29-1	TRBJ2-1	1
CSAGGLHSHEQFF	TRBV20-1	TRBJ2-1	1
CSAGGLVGIQYF	TRBV20-1	TRBJ2-4	1
CSAGGTSFYEQYF	TRBV20-1	TRBJ2-7	1
CSAGLDREDADTQYF	TRBV20-1	TRBJ2-3	1
CSAGLQVIGVEEQYF	TRBV20-1	TRBJ2-7	1
CSAGLQVNTEAFF	TRBV20-1	TRBJ1-1	1
CSAGLWLHYGYTF	TRBV20-1	TRBJ1-2	1
CSAGNRGKGTEAFF	TRBV20-1	TRBJ1-1	1
CSAGPLEAFF	TRBV29-1	TRBJ1-1	1
CSAGPSGDVEQYF	TRBV20-1	TRBJ2-7	1
CSAGQGPNTGELFF	TRBV20-1	TRBJ2-2	1
CSAGQGPYEQYF	TRBV29-1	TRBJ2-7	1
CSAGQGSYNEQFF	TRBV29-1	TRBJ2-1	1
CSAGQGTFGAGANVLTF	TRBV20-1	TRBJ2-6	1
CSAGQLGPGNTIYF	TRBV20-1	TRBJ1-3	1
CSAGRGGNIQYF	TRBV20-1	TRBJ2-4	1
CSAGRLAGISYEQYF	TRBV20-1	TRBJ2-7	1
CSAGRVAGSSYEQYF	TRBV20-1	TRBJ2-7	1
CSAGSDKGGFGANVLTF	TRBV20-1	TRBJ2-6	1
CSAGSGTRGETQYF	TRBV20-1	TRBJ2-5	1
CSAGSRTSGFSYNEQFF	TRBV20-1	TRBJ2-1	1
CSAGTDSYEQYF	TRBV20-1	TRBJ2-7	1
CSAGTSDTGELFF	TRBV20-1	TRBJ2-2	1
CSAGTSNEQFF	TRBV29-1	TRBJ2-1	1
CSAGTSTGDYYGYTF	TRBV20-1	TRBJ1-2	1
CSAGVRERGSYEQYF	TRBV20-1	TRBJ2-7	1
CSAGVSSRKDNSPLHF	TRBV20-1	TRBJ1-6	1
CSAGVTTYEQYF	TRBV20-1	TRBJ2-7	1
CSAGWAGDDEQYF	TRBV20-1	TRBJ2-7	1
CSAGWDLSDNEQFF	TRBV29-1	TRBJ2-1	1
CSAGWQDDNYGYTF	TRBV29-1	TRBJ1-2	1
CSAGWTDPHEQFF	TRBV29-1	TRBJ2-1	1
CSAGYNEQFF	TRBV20-1	TRBJ2-1	1
CSAHAGTGNQPQHF	TRBV20-1	TRBJ1-5	1
CSAHARDSYNEQFF	TRBV20-1	TRBJ2-1	1
CSAHDPRLAGYYEQYF	TRBV20-1	TRBJ2-7	1
CSAHDREQPSYQETQYF	TRBV20-1	TRBJ2-5	1
CSAHFQGTSYEQYF	TRBV20-1	TRBJ2-7	1
CSAHGGGAYEQYF	TRBV20-1	TRBJ2-7	1
CSAHLAETYEQYF	TRBV20-1	TRBJ2-7	1
CSAHNEQFF	TRBV20-1	TRBJ2-1	14
CSAHPGQGYYEQFF	TRBV20-1	TRBJ2-1	1
CSAHQETSYNEQFF	TRBV20-1	TRBJ2-1	1
CSAHRDPRLQETQYF	TRBV20-1	TRBJ2-5	1
CSAHRQGAYNEQFF	TRBV20-1	TRBJ2-1	1
CSAHRQGRTYEQYF	TRBV20-1	TRBJ2-7	1
CSAHSPGQGPRQYF	TRBV20-1	TRBJ2-7	1
CSAHSQREYPWDEQYF	TRBV20-1	TRBJ2-7	1
CSAHTPPRDEQFF	TRBV20-1	TRBJ2-1	1
CSAIADSNEQFF	TRBV29-1	TRBJ2-1	1
CSAIDSNTGMSGNTIYF	TRBV29-1	TRBJ1-3	1
CSAIDWTNEQYF	TRBV20-1	TRBJ2-7	1
CSAIEMGTNNSPLHF	TRBV20-1	TRBJ1-6	1
CSAIFTGELFF	TRBV20-1	TRBJ2-2	1
CSAIGLTEQFF	TRBV20-1	TRBJ2-1	1
CSAIGPGQLYGYTF	TRBV20-1	TRBJ1-2	1
CSAIHPRQSGSPLHF	TRBV20-1	TRBJ1-6	1
CSAIIPGRLGLYNSPLHF	TRBV20-1	TRBJ1-6	1
CSAIIRDINEKLFF	TRBV20-1	TRBJ1-4	1
CSAIKTGGNTEAFF	TRBV20-1	TRBJ1-1	1
CSAINNEQFF	TRBV20-1	TRBJ2-1	1
CSAINTGELFF	TRBV20-1	TRBJ2-2	1
CSAIPGLAEEQFF	TRBV20-1	TRBJ2-1	1
CSAIPGVAGDWSTDTQYF	TRBV20-1	TRBJ2-3	1
CSAIPGYGNGRKVSGTGELFF	TRBV20-1	TRBJ2-2	1
CSAIPLEAVPNYGYTF	TRBV20-1	TRBJ1-2	1
CSAIPQVRAHEQYF	TRBV20-1	TRBJ2-7	1
CSAIPRRALWAFF	TRBV20-1	TRBJ1-1	1
CSAIPWTGSTDTQYF	TRBV20-1	TRBJ2-3	1
CSAIQGGEVAVRWEYNSPLHF	TRBV20-1	TRBJ1-6	2
CSAIRQTNYGYTF	TRBV20-1	TRBJ1-2	1
CSAISDLDVYGYTF	TRBV20-1	TRBJ1-2	1
CSAISGDTQYF	TRBV20-1	TRBJ2-3	1
CSAISGTGFYNEQFF	TRBV20-1	TRBJ2-1	1
CSAITGQVYEQYF	TRBV20-1	TRBJ2-7	1
CSAITRQPRSYEQYF	TRBV20-1	TRBJ2-7	1
CSAIVGRPYFTDTQYF	TRBV20-1	TRBJ2-3	8
CSAIVVFGSEQFF	TRBV20-1	TRBJ2-1	1
CSAIWTGGIGQPQHF	TRBV20-1	TRBJ1-5	1
CSAKATSGGLSEQYF	TRBV20-1	TRBJ2-7	1
CSAKDRETRKLFF	TRBV20-1	TRBJ1-4	1
CSAKDSNYNEQFF	TRBV20-1	TRBJ2-1	1
CSAKEGLAGGQYQETQYF	TRBV20-1	TRBJ2-5	1
CSAKETDYYGYTF	TRBV20-1	TRBJ1-2	1
CSAKETVGLNTGELFF	TRBV20-1	TRBJ2-2	1
CSAKGAGGPVDTQYF	TRBV20-1	TRBJ2-3	1
CSAKGDRVTGELFF	TRBV20-1	TRBJ2-2	1
CSAKGENSPLHF	TRBV20-1	TRBJ1-6	1
CSAKGGKDVSGANVLTF	TRBV20-1	TRBJ2-6	1
CSAKGNPPDLRGTDTQYF	TRBV20-1	TRBJ2-3	1
CSAKGTYESEVVF	TRBV20-1	TRBJ1-2	3
CSAKGVRDYNEQFF	TRBV20-1	TRBJ2-1	1
CSAKIVGGTEAFF	TRBV20-1	TRBJ1-1	1
CSAKPGLAGPYEQYF	TRBV20-1	TRBJ2-7	1
CSAKQADEQYF	TRBV20-1	TRBJ2-7	1
CSAKRTRTGGRIGELFF	TRBV20-1	TRBJ2-2	1
CSAKSDRGGIYEQYF	TRBV20-1	TRBJ2-7	1
CSAKSGTGGSTIYF	TRBV20-1	TRBJ1-3	1
CSAKTAPADTQYF	TRBV20-1	TRBJ2-3	1
CSAKTNEGPAGNTIYF	TRBV20-1	TRBJ1-3	1
CSAKTSGGRHEQYF	TRBV20-1	TRBJ2-7	1
CSAKVRDREVNTIYF	TRBV20-1	TRBJ1-3	1
CSAKVTGPTSYEQYF	TRBV20-1	TRBJ2-7	1
CSAKWTSGTGELFF	TRBV20-1	TRBJ2-2	1
CSALAGPYNEQFF	TRBV20-1	TRBJ2-1	1
CSALAGQSYEQYF	TRBV20-1	TRBJ2-7	1
CSALAIAGKGSSYEQYF	TRBV20-1	TRBJ2-7	1
CSALDREVYSYNSPLHF	TRBV20-1	TRBJ1-6	1
CSALDRGSYEQYF	TRBV20-1	TRBJ2-7	1
CSALDRRQPQHF	TRBV20-1	TRBJ1-5	1
CSALDSSFYNEQFF	TRBV20-1	TRBJ2-1	1
CSALEGQGMGQPQHF	TRBV20-1	TRBJ1-5	3
CSALEPASSVYEQYF	TRBV20-1	TRBJ2-7	1
CSALEVALNSPLHF	TRBV20-1	TRBJ1-6	1
CSALGGDHEQYF	TRBV20-1	TRBJ2-7	1
CSALGGRGRGTEAFF	TRBV20-1	TRBJ1-1	1
CSALGGSGRLQTQYF	TRBV20-1	TRBJ2-5	1
CSALGGTQYF	TRBV20-1	TRBJ2-3	2
CSALGIRNAYNEQFF	TRBV20-1	TRBJ2-1	1
CSALGLGTNEQYF	TRBV20-1	TRBJ2-7	1
CSALGSAYSNQPQHF	TRBV20-1	TRBJ1-5	1
CSALGTGGEVETQYF	TRBV29-1	TRBJ2-5	1
CSALGTGSYEQYF	TRBV29-1	TRBJ2-7	1
CSALGTSGMVTDTQYF	TRBV20-1	TRBJ2-3	1
CSALGVSRETQYF	TRBV20-1	TRBJ2-5	1
CSALHWQHTQYF	TRBV20-1	TRBJ2-3	1
CSALIPDSSYEQYF	TRBV20-1	TRBJ2-7	1
CSALIRDYNEQFF	TRBV20-1	TRBJ2-1	1
CSALISVSSYEQYF	TRBV20-1	TRBJ2-7	1
CSALKGLAAYNEQFF	TRBV20-1	TRBJ2-1	1
CSALLAGGRNEQFF	TRBV20-1	TRBJ2-1	1
CSALLGLAGGPVWDTQYF	TRBV20-1	TRBJ2-3	1
CSALLLGSNEQFF	TRBV20-1	TRBJ2-1	3
CSALLRDSVTNQPQHF	TRBV20-1	TRBJ1-5	1
CSALLRGEQYF	TRBV20-1	TRBJ2-7	1
CSALNIFGNTEAFF	TRBV20-1	TRBJ1-1	1
CSALNRDGKTYNEQFF	TRBV20-1	TRBJ2-1	1
CSALNSWGYTF	TRBV20-1	TRBJ1-2	1
CSALPPAGEASYEQYF	TRBV20-1	TRBJ2-7	2
CSALPPLAGGHTDTQYF	TRBV20-1	TRBJ2-3	23
CSALPQGITNYGYTF	TRBV29-1	TRBJ1-2	1
CSALPTGRANYGYTF	TRBV29-1	TRBJ1-2	1
CSALQDRGWGEQYF	TRBV20-1	TRBJ2-7	1
CSALQGAQLVETQYF	TRBV20-1	TRBJ2-5	1
CSALQGSTGELFF	TRBV29-1	TRBJ2-2	1
CSALQGTEQPQHF	TRBV20-1	TRBJ1-5	1
CSALRDRPYEQYF	TRBV20-1	TRBJ2-7	1
CSALRGDRNPFEQYF	TRBV20-1	TRBJ2-7	1
CSALRGGVSSYNEQFF	TRBV20-1	TRBJ2-1	1
CSALRGTFPQYF	TRBV20-1	TRBJ2-5	1
CSALSGGFEGTQYF	TRBV20-1	TRBJ2-3	1
CSALSGNQAFF	TRBV20-1	TRBJ1-1	1
CSALSGNTIYF	TRBV20-1	TRBJ1-3	2
CSALSMGTSYEQYF	TRBV20-1	TRBJ2-7	1
CSALSPSVDTQYF	TRBV29-1	TRBJ2-3	1
CSALSTSGGHNEQFF	TRBV20-1	TRBJ2-1	2
CSALTAKGGQPQHF	TRBV20-1	TRBJ1-5	1
CSALTEAKNIQYF	TRBV20-1	TRBJ2-4	1
CSALTGDSTDTQYF	TRBV20-1	TRBJ2-3	1
CSALTGERNEQYF	TRBV29-1	TRBJ2-7	1
CSALTGNNEQFF	TRBV20-1	TRBJ2-1	1
CSALTGNQPQHF	TRBV20-1	TRBJ1-5	1
CSALTGNTIYF	TRBV20-1	TRBJ1-3	2
CSALTLQGTNSYEQYF	TRBV20-1	TRBJ2-7	1
CSALTPPGTSYRNEQFF	TRBV20-1	TRBJ2-1	1
CSALTSGLLNYNEQFF	TRBV20-1	TRBJ2-1	1
CSALTVMENNEQFF	TRBV20-1	TRBJ2-1	1
CSALYFLSYEQYF	TRBV20-1	TRBJ2-7	1
CSAMGQGARGRRGYNSPLHF	TRBV20-1	TRBJ1-6	1
CSAMGRPSGPSYNEQFF	TRBV20-1	TRBJ2-1	1
CSAMGRSLGYEQYF	TRBV20-1	TRBJ2-7	2
CSAMKTDTEETQYF	TRBV20-1	TRBJ2-5	1
CSAMPGQESSYNSPLHF	TRBV20-1	TRBJ1-6	1
CSAMPSGDNEQFF	TRBV20-1	TRBJ2-1	1
CSAMRREGPKNIQYF	TRBV20-1	TRBJ2-4	1
CSAMTEFSSYEQYF	TRBV20-1	TRBJ2-7	1
CSAMTSEGSGANVLTF	TRBV20-1	TRBJ2-6	1
CSANAETGGPDTQYF	TRBV20-1	TRBJ2-3	1
CSANAPRLAGVAKNIQYF	TRBV20-1	TRBJ2-4	1
CSANDRESYEQYF	TRBV20-1	TRBJ2-7	1
CSANEGVISYEQYF	TRBV20-1	TRBJ2-7	1
CSANFGGPRTDTQYF	TRBV29-1	TRBJ2-3	1
CSANGEIAGELFF	TRBV20-1	TRBJ2-2	1
CSANGGDTEAFF	TRBV20-1	TRBJ1-1	1
CSANGGTGELFF	TRBV20-1	TRBJ2-2	1
CSANGKLGRQSYGYTF	TRBV20-1	TRBJ1-2	1
CSANGKTNYGYTF	TRBV20-1	TRBJ1-2	1
CSANHPGRTQNIQYF	TRBV20-1	TRBJ2-4	1
CSANIRDTNEQFF	TRBV20-1	TRBJ2-1	1
CSANPGLAGGSWDQETQYF	TRBV20-1	TRBJ2-5	1
CSANPGSSDTQYF	TRBV20-1	TRBJ2-3	1
CSANPSNQPQHF	TRBV20-1	TRBJ1-5	1
CSANPTAGYSYEQYF	TRBV20-1	TRBJ2-7	1
CSANRDRATYEQYF	TRBV20-1	TRBJ2-7	1
CSANRDTDTQYF	TRBV20-1	TRBJ2-3	1
CSANREKLFF	TRBV20-1	TRBJ1-4	1
CSANREWTGADRYQPQHF	TRBV20-1	TRBJ1-5	1
CSANRGGIEAFF	TRBV20-1	TRBJ1-1	1
CSANRRASGRNTGELFF	TRBV20-1	TRBJ2-2	2
CSANRVYPYEQYF	TRBV20-1	TRBJ2-7	1
CSANSGWSSYNEQFF	TRBV20-1	TRBJ2-1	1
CSANSKSSYEQYF	TRBV20-1	TRBJ2-7	1
CSANSPSPGPSLYEQYF	TRBV20-1	TRBJ2-7	1
CSANTGTGVVEAFF	TRBV20-1	TRBJ1-1	1
CSANTLASLNEQFF	TRBV20-1	TRBJ2-1	1
CSANVGGLGWTEAFF	TRBV20-1	TRBJ1-1	1
CSANWFGRRFSNQPQHF	TRBV20-1	TRBJ1-5	1
CSANYHREHYGYTF	TRBV20-1	TRBJ1-2	1
CSAPAGEQFF	TRBV20-1	TRBJ2-1	1
CSAPAGRDYGYTF	TRBV20-1	TRBJ1-2	1
CSAPAPGGQETQYF	TRBV20-1	TRBJ2-5	1
CSAPATWIPYEQYF	TRBV20-1	TRBJ2-7	1
CSAPDLNTEAFF	TRBV20-1	TRBJ1-1	1
CSAPDPTSGRGNEQFF	TRBV20-1	TRBJ2-1	1
CSAPDRAYNEQFF	TRBV29-1	TRBJ2-1	1
CSAPDRFKTNEKLFF	TRBV20-1	TRBJ1-4	1
CSAPDRLKNIQYF	TRBV20-1	TRBJ2-4	1
CSAPDRVFFYYGYTF	TRBV20-1	TRBJ1-2	1
CSAPEDTAAYNSPLHF	TRBV20-1	TRBJ1-6	1
CSAPESVGPPGPSYEQYF	TRBV20-1	TRBJ2-7	1
CSAPFLEETQYF	TRBV29-1	TRBJ2-5	1
CSAPGGGGDYNEQFF	TRBV20-1	TRBJ2-1	2
CSAPGGTSAYEQYF	TRBV20-1	TRBJ2-7	1
CSAPGHLNTEAFF	TRBV20-1	TRBJ1-1	1
CSAPGLADSYEQYF	TRBV20-1	TRBJ2-7	1
CSAPGLAGARDTQYF	TRBV20-1	TRBJ2-3	1
CSAPGLAGVNEQFF	TRBV20-1	TRBJ2-1	1
CSAPGLEETQYF	TRBV20-1	TRBJ2-5	1
CSAPGLQTQYF	TRBV20-1	TRBJ2-3	1
CSAPGMVGEGNTEAFF	TRBV20-1	TRBJ1-1	1
CSAPGPPHRTEAFF	TRBV20-1	TRBJ1-1	1
CSAPGQEAYNEQFF	TRBV20-1	TRBJ2-1	1
CSAPGQGYNYGYTF	TRBV20-1	TRBJ1-2	1
CSAPGRPYEQYF	TRBV20-1	TRBJ2-7	1
CSAPGRYYNEQFF	TRBV20-1	TRBJ2-1	1
CSAPGSGTYGTDTQYF	TRBV20-1	TRBJ2-3	1
CSAPGTGNQETQYF	TRBV20-1	TRBJ2-5	1
CSAPGVGRSTDTQYF	TRBV20-1	TRBJ2-3	1
CSAPHRTSGGVRNEQFF	TRBV20-1	TRBJ2-1	1
CSAPIGQAYRPQHF	TRBV20-1	TRBJ1-5	1
CSAPISGLGQETQYF	TRBV20-1	TRBJ2-5	1
CSAPIWASGGSDNEQFF	TRBV20-1	TRBJ2-1	1
CSAPKEGRGQGYTF	TRBV20-1	TRBJ1-2	1
CSAPKITTSGYEQFF	TRBV20-1	TRBJ2-1	1
CSAPKLADYNEQFF	TRBV20-1	TRBJ2-1	1
CSAPLAGVPLETQYF	TRBV20-1	TRBJ2-5	1
CSAPLPAGGYRSTDTQYF	TRBV20-1	TRBJ2-3	1
CSAPLTNYGYTF	TRBV29-1	TRBJ1-2	1
CSAPNFAGTVNTGELFF	TRBV20-1	TRBJ2-2	1
CSAPNMANGNTIYF	TRBV20-1	TRBJ1-3	1
CSAPNRDYNEQFF	TRBV20-1	TRBJ2-1	1
CSAPPEASGTRSYNEQFF	TRBV20-1	TRBJ2-1	1
CSAPPFNRNTEAFF	TRBV20-1	TRBJ1-1	1
CSAPPGASGGPYYEQYF	TRBV20-1	TRBJ2-7	1
CSAPPGGASYEQYF	TRBV20-1	TRBJ2-7	1
CSAPPGLASEQYF	TRBV20-1	TRBJ2-7	1
CSAPPGQGGTEAFF	TRBV20-1	TRBJ1-1	2
CSAPPGTSNEKLFF	TRBV20-1	TRBJ1-4	1
CSAPPLAYSYNEQFF	TRBV20-1	TRBJ2-1	1
CSAPPLGQDWDIQYF	TRBV20-1	TRBJ2-4	1
CSAPPLTGSTDTQYF	TRBV20-1	TRBJ2-3	1
CSAPPPGSGNTIYF	TRBV20-1	TRBJ1-3	1
CSAPPRDLGGEKLFF	TRBV20-1	TRBJ1-4	1
CSAPPRFAALNTEAFF	TRBV20-1	TRBJ1-1	1
CSAPPRGGNQPQHF	TRBV20-1	TRBJ1-5	1
CSAPPSGGAHEQFF	TRBV20-1	TRBJ2-1	1
CSAPPSNYNEQFF	TRBV20-1	TRBJ2-1	1
CSAPPSSGRSYNEQFF	TRBV20-1	TRBJ2-1	1
CSAPPTGSVYGYTF	TRBV20-1	TRBJ1-2	1
CSAPPTGVNYGYTF	TRBV20-1	TRBJ1-2	1
CSAPQDGFEAFF	TRBV20-1	TRBJ1-1	1
CSAPQHEGRHDEQFF	TRBV20-1	TRBJ2-1	1
CSAPRAGTEAFF	TRBV20-1	TRBJ1-1	1
CSAPRDGLNTGELFF	TRBV20-1	TRBJ2-2	1
CSAPRDREVMGYGYTF	TRBV20-1	TRBJ1-2	1
CSAPRDSGRAIEQFF	TRBV20-1	TRBJ2-1	1
CSAPRDSNNEQFF	TRBV20-1	TRBJ2-1	1
CSAPRGETEAFF	TRBV20-1	TRBJ1-1	1
CSAPRGFQGAEKLFF	TRBV20-1	TRBJ1-4	1
CSAPRGSGTIDTQYF	TRBV20-1	TRBJ2-3	1
CSAPRGWGENGYTF	TRBV20-1	TRBJ1-2	1
CSAPRLGIGTGELFF	TRBV20-1	TRBJ2-2	1
CSAPRVSYNEQFF	TRBV20-1	TRBJ2-1	1
CSAPSELDSWTSGSSYNEQFF	TRBV20-1	TRBJ2-1	1
CSAPSGEGRDTQYF	TRBV20-1	TRBJ2-3	35
CSAPSGGLEQFF	TRBV20-1	TRBJ2-1	1
CSAPSGGRYNEQFF	TRBV20-1	TRBJ2-1	1
CSAPSGLAGVDQNIQYF	TRBV20-1	TRBJ2-4	2
CSAPSGNGLYSNQPQHF	TRBV20-1	TRBJ1-5	2
CSAPSGSGSVYEQYF	TRBV20-1	TRBJ2-7	1
CSAPSLTAESYEQYF	TRBV20-1	TRBJ2-7	1
CSAPSQDVDTQYF	TRBV20-1	TRBJ2-3	1
CSAPSQSSYNEQFF	TRBV20-1	TRBJ2-1	1
CSAPSREGPSYEQYF	TRBV20-1	TRBJ2-7	1
CSAPSRRPGESNQPQHF	TRBV20-1	TRBJ1-5	1
CSAPSTVSSYEQYF	TRBV20-1	TRBJ2-7	1
CSAPSYRDSYNYGYTF	TRBV20-1	TRBJ1-2	1
CSAPTASSGNTIYF	TRBV20-1	TRBJ1-3	1
CSAPTEEGSLQETQYF	TRBV20-1	TRBJ2-5	1
CSAPTGDTEAFF	TRBV20-1	TRBJ1-1	1
CSAPTGGKYGYTF	TRBV29-1	TRBJ1-2	1
CSAPTGTLYEQYF	TRBV20-1	TRBJ2-7	1
CSAPTPGLVLPETQYF	TRBV20-1	TRBJ2-5	2
CSAPTSGEQETQYF	TRBV20-1	TRBJ2-5	1
CSAPTSGGGYNEQFF	TRBV20-1	TRBJ2-1	1
CSAPTSPTDTQYF	TRBV20-1	TRBJ2-3	1
CSAPTSSPNYGYTF	TRBV20-1	TRBJ1-2	1
CSAPTSVGEQYF	TRBV20-1	TRBJ2-7	1
CSAPTTGTAVETQYF	TRBV20-1	TRBJ2-5	1
CSAPTVNTEAFF	TRBV20-1	TRBJ1-1	1
CSAPTWQGGYMNTEAFF	TRBV20-1	TRBJ1-1	1
CSAPVEESIYGYTF	TRBV20-1	TRBJ1-2	1
CSAPVWAGGVEETQYF	TRBV20-1	TRBJ2-5	1
CSAPVYRDRGLGVNTEAFF	TRBV20-1	TRBJ1-1	1
CSAPWAGGVTDTQYF	TRBV20-1	TRBJ2-3	1
CSAPWTGGTYEQYF	TRBV20-1	TRBJ2-7	1
CSAPYPGTVRGTDTQYF	TRBV20-1	TRBJ2-3	1
CSAQAERSYEQYF	TRBV20-1	TRBJ2-7	1
CSAQDFPSSYEQYF	TRBV20-1	TRBJ2-7	1
CSAQDSNYGYTF	TRBV29-1	TRBJ1-2	1
CSAQDSVVHEQYF	TRBV29-1	TRBJ2-7	1
CSAQEEGISNGYTF	TRBV20-1	TRBJ1-2	1
CSAQGATEAFF	TRBV20-1	TRBJ1-1	1
CSAQGYGTLYEQYF	TRBV20-1	TRBJ2-7	1
CSAQHRPGQASYEQYF	TRBV20-1	TRBJ2-7	1
CSAQLGSEAFF	TRBV29-1	TRBJ1-1	1
CSAQPDRPHYEQYF	TRBV20-1	TRBJ2-7	1
CSAQPGGKEINEQFF	TRBV20-1	TRBJ2-1	1
CSAQPHRASNEKLFF	TRBV20-1	TRBJ1-4	1
CSAQRGGADTGELFF	TRBV20-1	TRBJ2-2	1
CSAQRGTNYNEQFF	TRBV20-1	TRBJ2-1	1
CSAQSRGADTQYF	TRBV20-1	TRBJ2-3	1
CSAQSSYNSPLHF	TRBV29-1	TRBJ1-6	1
CSAQTDSSYEQYF	TRBV20-1	TRBJ2-7	1
CSAQTEEIYGYTF	TRBV20-1	TRBJ1-2	1
CSAQTFSLGQESNTEAFF	TRBV20-1	TRBJ1-1	1
CSAQTGMNTEAFF	TRBV20-1	TRBJ1-1	1
CSAQTRQGSYNSPLHF	TRBV20-1	TRBJ1-6	1
CSAQTSSGNTIYF	TRBV20-1	TRBJ1-3	1
CSAQVTGGYTF	TRBV20-1	TRBJ1-2	1
CSAQWTPGGNQPQHF	TRBV20-1	TRBJ1-5	9
CSARAAGGPSYNEQFF	TRBV20-1	TRBJ2-1	1
CSARAASGNGELFF	TRBV20-1	TRBJ2-2	1
CSARADSQETQYF	TRBV20-1	TRBJ2-5	1
CSARADVQGFGTNEKLFF	TRBV20-1	TRBJ1-4	1
CSARADYGSSGYGYTF	TRBV20-1	TRBJ1-2	1
CSARAENTEAFF	TRBV20-1	TRBJ1-1	1
CSARAERGSYEQYF	TRBV20-1	TRBJ2-7	1
CSARAETADTEAFF	TRBV20-1	TRBJ1-1	1
CSARAETQYF	TRBV20-1	TRBJ2-5	1
CSARAETSWPLTYSLAKNIQYF	TRBV20-1	TRBJ2-4	1
CSARAFRLGNEQFF	TRBV20-1	TRBJ2-1	1
CSARAGDPYNEQFF	TRBV20-1	TRBJ2-1	1
CSARAGDTEAFF	TRBV20-1	TRBJ1-1	1
CSARAGGETQYF	TRBV20-1	TRBJ2-5	1
CSARAGGPLSNQPQHF	TRBV20-1	TRBJ1-5	1
CSARAGGPRETQYF	TRBV20-1	TRBJ2-5	1
CSARAGGYEQYF	TRBV20-1	TRBJ2-7	1
CSARAGMWDNSPLHF	TRBV20-1	TRBJ1-6	1
CSARAGNENIQYF	TRBV20-1	TRBJ2-4	1
CSARAGRAHEQYF	TRBV20-1	TRBJ2-7	1
CSARAGYITDTQYF	TRBV20-1	TRBJ2-3	1
CSARAIGTSGRAIIADTQYF	TRBV20-1	TRBJ2-3	1
CSARAKRGLFNEQFF	TRBV20-1	TRBJ2-1	1
CSARAKRTLYEQYF	TRBV20-1	TRBJ2-7	1
CSARALAGGTDTQYF	TRBV20-1	TRBJ2-3	1
CSARALAGVTGELFF	TRBV20-1	TRBJ2-2	1
CSARALEPYEQYF	TRBV20-1	TRBJ2-7	1
CSARALPVGNTIYF	TRBV20-1	TRBJ1-3	1
CSARALRLGELFF	TRBV20-1	TRBJ2-2	1
CSARALTDAGGTNTGELFF	TRBV20-1	TRBJ2-2	1
CSARALTGHVWGYTF	TRBV20-1	TRBJ1-2	1
CSARANFSKRRRVGEKLFF	TRBV20-1	TRBJ1-4	1
CSARAPAGAYEQYF	TRBV20-1	TRBJ2-7	1
CSARAPDRGGGYTF	TRBV20-1	TRBJ1-2	1
CSARAPGLAGVWETQYF	TRBV20-1	TRBJ2-5	1
CSARAPGQGIYEQYF	TRBV20-1	TRBJ2-7	1
CSARAPGWALRTNEKLFF	TRBV20-1	TRBJ1-4	1
CSARAPLNTEAFF	TRBV20-1	TRBJ1-1	1
CSARAQENYEQYF	TRBV20-1	TRBJ2-7	1
CSARAQTGGEEDTIYF	TRBV20-1	TRBJ1-3	1
CSARARASYEQYF	TRBV20-1	TRBJ2-7	1
CSARARLAGEFSEQYF	TRBV20-1	TRBJ2-7	3
CSARARPLTVSSYEQYF	TRBV20-1	TRBJ2-7	1
CSARARQGLFLNEQFF	TRBV20-1	TRBJ2-1	1
CSARARTGRFISTGELFF	TRBV20-1	TRBJ2-2	1
CSARARTSGYEQYF	TRBV20-1	TRBJ2-7	1
CSARASDTQYF	TRBV20-1	TRBJ2-3	1
CSARASGTLYEQYF	TRBV20-1	TRBJ2-7	1
CSARASSYEQYF	TRBV20-1	TRBJ2-7	1
CSARATGKDTEAFF	TRBV20-1	TRBJ1-1	1
CSARATSGNEQYF	TRBV20-1	TRBJ2-7	1
CSARAVAASGNTIYF	TRBV20-1	TRBJ1-3	1
CSARAVQAISYEQYF	TRBV20-1	TRBJ2-7	1
CSARAVRVSVEQYF	TRBV20-1	TRBJ2-7	1
CSARAWGRNSPLHF	TRBV20-1	TRBJ1-6	1
CSARAYRASGNEQFF	TRBV20-1	TRBJ2-1	1
CSARCPIGDNEQFF	TRBV20-1	TRBJ2-1	1
CSARDAELAGIAYEQYF	TRBV20-1	TRBJ2-7	1
CSARDAGLAGFRGAGEQYF	TRBV20-1	TRBJ2-7	1
CSARDAGLAGVEQYF	TRBV20-1	TRBJ2-7	1
CSARDALGTSGRWDEQFF	TRBV20-1	TRBJ2-1	1
CSARDAPGLAGGTDTQYF	TRBV20-1	TRBJ2-3	1
CSARDAPLEQYF	TRBV20-1	TRBJ2-7	1
CSARDAQGAAGRDPYEQYF	TRBV20-1	TRBJ2-7	1
CSARDATGIFYEQFF	TRBV20-1	TRBJ2-1	1
CSARDAYEQYF	TRBV29-1	TRBJ2-7	1
CSARDDDRTNQPQHF	TRBV20-1	TRBJ1-5	1
CSARDDGLAGGSGETQYF	TRBV20-1	TRBJ2-5	1
CSARDDQEGLNTEAFF	TRBV20-1	TRBJ1-1	1
CSARDDRANTEAFF	TRBV20-1	TRBJ1-1	1
CSARDDRGPAGNTIYF	TRBV20-1	TRBJ1-3	1
CSARDDRVSYEQYF	TRBV20-1	TRBJ2-7	1
CSARDDSGLSSGNTIYF	TRBV20-1	TRBJ1-3	1
CSARDDSNEQYF	TRBV20-1	TRBJ2-7	1
CSARDDYLGNWNEQFF	TRBV20-1	TRBJ2-1	1
CSARDEAWASASYEQYF	TRBV20-1	TRBJ2-7	1
CSARDEAYEQYF	TRBV20-1	TRBJ2-7	1
CSARDEGFYGYTF	TRBV20-1	TRBJ1-2	1
CSARDEGYEQYF	TRBV20-1	TRBJ2-7	1
CSARDEPFSYNEQFF	TRBV20-1	TRBJ2-1	1
CSARDERGGVYNEQFF	TRBV20-1	TRBJ2-1	1
CSARDETGNTIYF	TRBV20-1	TRBJ1-3	1
CSARDETRLSSGANVLTF	TRBV20-1	TRBJ2-6	1
CSARDEWGQGNTEAFF	TRBV20-1	TRBJ1-1	1
CSARDEWTGGRTTQYF	TRBV20-1	TRBJ2-3	1
CSARDFDEQFF	TRBV20-1	TRBJ2-1	1
CSARDFDRSFYEQYF	TRBV20-1	TRBJ2-7	1
CSARDFGRGHYQPQHF	TRBV20-1	TRBJ1-5	1
CSARDFLGGHYEQYF	TRBV20-1	TRBJ2-7	1
CSARDFMREGPDEQFF	TRBV20-1	TRBJ2-1	1
CSARDFQGDEQYF	TRBV20-1	TRBJ2-7	3
CSARDFRGRETQYF	TRBV20-1	TRBJ2-5	1
CSARDFRGRGETQYF	TRBV20-1	TRBJ2-5	1
CSARDFSTDTQYF	TRBV20-1	TRBJ2-3	1
CSARDGAGGHEQYF	TRBV20-1	TRBJ2-7	1
CSARDGAGYNAEAQYF	TRBV20-1	TRBJ2-5	1
CSARDGASSDTQYF	TRBV20-1	TRBJ2-3	1
CSARDGDGVWSTEAFF	TRBV20-1	TRBJ1-1	1
CSARDGETGKETQYF	TRBV20-1	TRBJ2-5	1
CSARDGFWRGGIYEQYF	TRBV20-1	TRBJ2-7	1
CSARDGGAYEQFF	TRBV20-1	TRBJ2-1	1
CSARDGGGALYEQYF	TRBV20-1	TRBJ2-7	1
CSARDGGQLNYGYTF	TRBV20-1	TRBJ1-2	1
CSARDGGTGELFF	TRBV20-1	TRBJ2-2	1
CSARDGGTNEKLFF	TRBV20-1	TRBJ1-4	1
CSARDGKGNTEAFF	TRBV20-1	TRBJ1-1	1
CSARDGLAGPYEQYF	TRBV20-1	TRBJ2-7	1
CSARDGLGGRNYGYTF	TRBV20-1	TRBJ1-2	1
CSARDGLSVSYTF	TRBV20-1	TRBJ1-2	1
CSARDGQGWAGWNTEAFF	TRBV20-1	TRBJ1-1	1
CSARDGQGWNSPLHF	TRBV20-1	TRBJ1-6	1
CSARDGQVYEQYF	TRBV20-1	TRBJ2-7	1
CSARDGRDYGYTF	TRBV20-1	TRBJ1-2	1
CSARDGRGAVYNEQFF	TRBV20-1	TRBJ2-1	1
CSARDGRGETQYF	TRBV20-1	TRBJ2-5	1
CSARDGRGTDTQYF	TRBV20-1	TRBJ2-3	1
CSARDGRGYEQFF	TRBV20-1	TRBJ2-1	1
CSARDGRTGENIQYF	TRBV20-1	TRBJ2-4	1
CSARDGTGISGNTIYF	TRBV20-1	TRBJ1-3	1
CSARDGTGNYEQYF	TRBV20-1	TRBJ2-7	1
CSARDGTGSTDTQYF	TRBV20-1	TRBJ2-3	1
CSARDGTSAEYF	TRBV20-1	TRBJ2-3	1
CSARDGTSAVDEQFF	TRBV20-1	TRBJ2-1	1
CSARDGTSGRDTQYF	TRBV20-1	TRBJ2-3	1
CSARDGTTEAFF	TRBV20-1	TRBJ1-1	1
CSARDGVGSGSTYEQYF	TRBV20-1	TRBJ2-7	8
CSARDGYNSYNEQFF	TRBV20-1	TRBJ2-1	1
CSARDHGSDTGELFF	TRBV20-1	TRBJ2-2	1
CSARDHIAGVSEQYF	TRBV20-1	TRBJ2-7	1
CSARDHPEGLNTGELFF	TRBV20-1	TRBJ2-2	1
CSARDHRNEQYF	TRBV20-1	TRBJ2-7	1
CSARDHWQGASSYEQYF	TRBV20-1	TRBJ2-7	1
CSARDIADSYEQYF	TRBV20-1	TRBJ2-7	1
CSARDIETISYEQYF	TRBV20-1	TRBJ2-7	1
CSARDIGQPQHF	TRBV20-1	TRBJ1-5	1
CSARDINLDTYEQYF	TRBV20-1	TRBJ2-7	1
CSARDINRGSYEQYF	TRBV20-1	TRBJ2-7	137
CSARDINWVAGEADTQYF	TRBV20-1	TRBJ2-3	1
CSARDIRGGLDEQFF	TRBV20-1	TRBJ2-1	1
CSARDIRGNEQFF	TRBV20-1	TRBJ2-1	1
CSARDIRTGTSGSGYNEQFF	TRBV20-1	TRBJ2-1	1
CSARDIYWDVFF	TRBV20-1	TRBJ1-1	1
CSARDKFRVQGNEQFF	TRBV20-1	TRBJ2-1	1
CSARDKRHTSNQPQHF	TRBV20-1	TRBJ1-5	1
CSARDKTGGYYEQYF	TRBV20-1	TRBJ2-7	1
CSARDLAGAGEQYF	TRBV20-1	TRBJ2-7	1
CSARDLAGGKNEQFF	TRBV20-1	TRBJ2-1	1
CSARDLAGGSGYEQYF	TRBV20-1	TRBJ2-7	1
CSARDLAGGYEQYF	TRBV20-1	TRBJ2-7	1
CSARDLAGPQETQYF	TRBV20-1	TRBJ2-5	1
CSARDLAGVYEQYF	TRBV20-1	TRBJ2-7	1
CSARDLAKYEQYF	TRBV20-1	TRBJ2-7	1
CSARDLASGGMQETQYF	TRBV20-1	TRBJ2-5	1
CSARDLDRDSYEQYF	TRBV20-1	TRBJ2-7	1
CSARDLEGAYNEQFF	TRBV20-1	TRBJ2-1	1
CSARDLEGSGELFF	TRBV20-1	TRBJ2-2	1
CSARDLFGGTSSYEQYF	TRBV20-1	TRBJ2-7	1
CSARDLGDEGGELFF	TRBV20-1	TRBJ2-2	1
CSARDLGGEAFF	TRBV20-1	TRBJ1-1	1
CSARDLGGGDLNTEAFF	TRBV20-1	TRBJ1-1	1
CSARDLGGPNTGELFF	TRBV20-1	TRBJ2-2	1
CSARDLGGPTYEQYF	TRBV20-1	TRBJ2-7	1
CSARDLGGSYEQYF	TRBV20-1	TRBJ2-7	1
CSARDLGIGEAFF	TRBV20-1	TRBJ1-1	1
CSARDLGLAGDEQYF	TRBV20-1	TRBJ2-7	1
CSARDLGLAGGLTVDTQYF	TRBV20-1	TRBJ2-3	1
CSARDLGLAGVYEQFF	TRBV20-1	TRBJ2-1	1
CSARDLGLGKTGVSTDTQYF	TRBV20-1	TRBJ2-3	1
CSARDLGNTIYF	TRBV20-1	TRBJ1-3	1
CSARDLGNYGYTF	TRBV20-1	TRBJ1-2	1
CSARDLGQNTEAFF	TRBV20-1	TRBJ1-1	1
CSARDLGQVFYNEQFF	TRBV20-1	TRBJ2-1	1
CSARDLGRANGYTF	TRBV20-1	TRBJ1-2	1
CSARDLGRQNTEAFF	TRBV20-1	TRBJ1-1	1
CSARDLGRSFNEQYF	TRBV20-1	TRBJ2-7	1
CSARDLGSDARFF	TRBV20-1	TRBJ2-1	1
CSARDLGSGTGELFF	TRBV20-1	TRBJ2-2	1
CSARDLHSSSYEQYF	TRBV20-1	TRBJ2-7	1
CSARDLKTGGTGNTIYF	TRBV20-1	TRBJ1-3	1
CSARDLLNTEAFF	TRBV20-1	TRBJ1-1	1
CSARDLLSQEQYF	TRBV20-1	TRBJ2-7	1
CSARDLNGGMNTEAFF	TRBV20-1	TRBJ1-1	1
CSARDLPATFYEQYF	TRBV20-1	TRBJ2-7	1
CSARDLQDSSGNTIYF	TRBV20-1	TRBJ1-3	1
CSARDLQGAFNEQFF	TRBV20-1	TRBJ2-1	1
CSARDLQGENEQFF	TRBV20-1	TRBJ2-1	1
CSARDLQGPDYGYTF	TRBV20-1	TRBJ1-2	1
CSARDLRGGEQYF	TRBV20-1	TRBJ2-7	1
CSARDLRLDQETQYF	TRBV20-1	TRBJ2-5	1
CSARDLRQEFTDTQYF	TRBV20-1	TRBJ2-3	1
CSARDLRTGSSTDTQYF	TRBV20-1	TRBJ2-3	1
CSARDLSGTGPYEQYF	TRBV20-1	TRBJ2-7	1
CSARDLSIASGTSSTDTQYF	TRBV20-1	TRBJ2-3	6
CSARDLSTDTQYF	TRBV20-1	TRBJ2-3	2
CSARDLSYEQYF	TRBV20-1	TRBJ2-7	1
CSARDLTAGSYEQYF	TRBV20-1	TRBJ2-7	1
CSARDLTAIGGEKLFF	TRBV20-1	TRBJ1-4	1
CSARDLTGTNTEAFF	TRBV20-1	TRBJ1-1	1
CSARDLTRNYGYTF	TRBV20-1	TRBJ1-2	1
CSARDLTSGGESSYNEQFF	TRBV20-1	TRBJ2-1	1
CSARDLTSGIYNEQFF	TRBV20-1	TRBJ2-1	1
CSARDLTSGYEQYF	TRBV20-1	TRBJ2-7	1
CSARDLTTLGNEQFF	TRBV20-1	TRBJ2-1	1
CSARDLVGPPNEKLFF	TRBV20-1	TRBJ1-4	1
CSARDLWAGGQETQYF	TRBV20-1	TRBJ2-5	1
CSARDLWSDTDTQYF	TRBV20-1	TRBJ2-3	1
CSARDLWVRGELYEQFF	TRBV20-1	TRBJ2-1	1
CSARDLYGPYNEQFF	TRBV20-1	TRBJ2-1	1
CSARDMAEYYGYTF	TRBV20-1	TRBJ1-2	1
CSARDMDRGAYNEQFF	TRBV20-1	TRBJ2-1	1
CSARDMGGPYNEQFF	TRBV20-1	TRBJ2-1	1
CSARDMGPAGEGYGYTF	TRBV20-1	TRBJ1-2	1
CSARDMVGNTIYF	TRBV20-1	TRBJ1-3	1
CSARDMVGVDTQYF	TRBV20-1	TRBJ2-3	1
CSARDNAGGHNEQFF	TRBV20-1	TRBJ2-1	1
CSARDNEKLFF	TRBV20-1	TRBJ1-4	1
CSARDNRGGNQPQHF	TRBV20-1	TRBJ1-5	1
CSARDPAAGQNTGELFF	TRBV20-1	TRBJ2-2	1
CSARDPAGVENEQFF	TRBV20-1	TRBJ2-1	1
CSARDPDRSHGYTF	TRBV20-1	TRBJ1-2	1
CSARDPDRTYEQYF	TRBV20-1	TRBJ2-7	1
CSARDPGAGGPYNEQFF	TRBV20-1	TRBJ2-1	1
CSARDPGENTEAFF	TRBV20-1	TRBJ1-1	1
CSARDPGGRETQYF	TRBV20-1	TRBJ2-5	1
CSARDPGGSYEQYF	TRBV20-1	TRBJ2-7	1
CSARDPGLAGGFIGTQYF	TRBV20-1	TRBJ2-5	1
CSARDPGNYGYTF	TRBV20-1	TRBJ1-2	1
CSARDPGQGSSGYTF	TRBV20-1	TRBJ1-2	1
CSARDPGRDPLLYNEQFF	TRBV20-1	TRBJ2-1	1
CSARDPGRGSAGGHELEQYF	TRBV20-1	TRBJ2-7	1
CSARDPGTSSASGELFF	TRBV20-1	TRBJ2-2	1
CSARDPIWGNYGYTF	TRBV20-1	TRBJ1-2	1
CSARDPKGLAGPYEQYF	TRBV20-1	TRBJ2-7	1
CSARDPLAGKNAQLF	TRBV20-1	TRBJ2-1	1
CSARDPLTQGNYGYTF	TRBV20-1	TRBJ1-2	1
CSARDPLTSGHYNEQFF	TRBV20-1	TRBJ2-1	1
CSARDPNLAGGGYEQYF	TRBV20-1	TRBJ2-7	1
CSARDPPAGRDGYTF	TRBV20-1	TRBJ1-2	69
CSARDPPRGSRGGYTF	TRBV20-1	TRBJ1-2	1
CSARDPPSDVGTQYF	TRBV20-1	TRBJ2-5	6
CSARDPPTGWDEQFF	TRBV20-1	TRBJ2-1	1
CSARDPQEYGYTF	TRBV20-1	TRBJ1-2	1
CSARDPQGYSYEQYF	TRBV20-1	TRBJ2-7	1
CSARDPRAGELFF	TRBV20-1	TRBJ2-2	1
CSARDPRDTGELFF	TRBV20-1	TRBJ2-2	1
CSARDPRESSYEQYF	TRBV20-1	TRBJ2-7	1
CSARDPRTSGISYEQYF	TRBV20-1	TRBJ2-7	1
CSARDPSGAVYEQYF	TRBV20-1	TRBJ2-7	1
CSARDPSGGLEETQYF	TRBV20-1	TRBJ2-5	1
CSARDPTQAYEQYF	TRBV20-1	TRBJ2-7	1
CSARDPVLRQGRYEQYF	TRBV20-1	TRBJ2-7	1
CSARDPVSGRAGETQYF	TRBV20-1	TRBJ2-5	1
CSARDPWTSGGDTGELFF	TRBV20-1	TRBJ2-2	1
CSARDPYEQYF	TRBV20-1	TRBJ2-7	1
CSARDQAVRLAADTQYF	TRBV20-1	TRBJ2-3	1
CSARDQDSIIYEQYF	TRBV20-1	TRBJ2-7	1
CSARDQGGSDYEQYF	TRBV20-1	TRBJ2-7	1
CSARDQGIGEKLFF	TRBV20-1	TRBJ1-4	1
CSARDQGLEQYF	TRBV20-1	TRBJ2-7	1
CSARDQGNEQFF	TRBV20-1	TRBJ2-1	1
CSARDQGPTGNTIYF	TRBV20-1	TRBJ1-3	1
CSARDQGYEQYF	TRBV20-1	TRBJ2-7	1
CSARDQTAGYGYTF	TRBV20-1	TRBJ1-2	1
CSARDQTGAGLSSYEQYF	TRBV20-1	TRBJ2-7	1
CSARDQVPSQYF	TRBV20-1	TRBJ2-3	1
CSARDRAKNIQYF	TRBV20-1	TRBJ2-4	1
CSARDRDANNEQFF	TRBV20-1	TRBJ2-1	1
CSARDRDRGHTGELFF	TRBV20-1	TRBJ2-2	1
CSARDRDRGMYEQYF	TRBV20-1	TRBJ2-7	1
CSARDRDRIFSYEQYF	TRBV20-1	TRBJ2-7	1
CSARDRDSISNQPQHF	TRBV20-1	TRBJ1-5	1
CSARDRDTEAFF	TRBV20-1	TRBJ1-1	1
CSARDRDYGYTF	TRBV29-1	TRBJ1-2	1
CSARDREGGGSYNEQFF	TRBV20-1	TRBJ2-1	1
CSARDREREVWETQYF	TRBV20-1	TRBJ2-5	1
CSARDRERTSGEIDTQYF	TRBV20-1	TRBJ2-3	1
CSARDREWKGVNEQFF	TRBV20-1	TRBJ2-1	1
CSARDRFGGSGANVLTF	TRBV20-1	TRBJ2-6	1
CSARDRFYNEQFF	TRBV20-1	TRBJ2-1	1
CSARDRGATDYGYTF	TRBV20-1	TRBJ1-2	1
CSARDRGGSYEQYF	TRBV20-1	TRBJ2-7	1
CSARDRGGSYNEQFF	TRBV20-1	TRBJ2-1	1
CSARDRGIGDIQYF	TRBV20-1	TRBJ2-4	1
CSARDRGNAGELFF	TRBV20-1	TRBJ2-2	1
CSARDRGNYGYTF	TRBV20-1	TRBJ1-2	1
CSARDRGQETQYF	TRBV20-1	TRBJ2-5	1
CSARDRGRNSNQPQHF	TRBV20-1	TRBJ1-5	2
CSARDRGSGVQETQYF	TRBV20-1	TRBJ2-5	1
CSARDRGTYEQYF	TRBV20-1	TRBJ2-7	1
CSARDRGVESSEQYF	TRBV20-1	TRBJ2-7	1
CSARDRGWETQYF	TRBV20-1	TRBJ2-5	1
CSARDRHYEAFF	TRBV20-1	TRBJ1-1	1
CSARDRLAGEYSEQYF	TRBV20-1	TRBJ2-7	38
CSARDRLAGGAYEQYF	TRBV20-1	TRBJ2-7	1
CSARDRQGGLTSTDTQYF	TRBV20-1	TRBJ2-3	1
CSARDRQGVFSYEQYF	TRBV20-1	TRBJ2-7	1
CSARDRRTAYNSPLHF	TRBV20-1	TRBJ1-6	1
CSARDRRYYYNEQFF	TRBV20-1	TRBJ2-1	1
CSARDRSGATYEQYF	TRBV20-1	TRBJ2-7	1
CSARDRSGGADTQYF	TRBV20-1	TRBJ2-3	1
CSARDRSNTEAFF	TRBV20-1	TRBJ1-1	1
CSARDRSRQGADGYTF	TRBV20-1	TRBJ1-2	3
CSARDRSRREYGYTF	TRBV20-1	TRBJ1-2	1
CSARDRSSYNEQFF	TRBV20-1	TRBJ2-1	1
CSARDRTGNGYTF	TRBV20-1	TRBJ1-2	2
CSARDRTGSYEQYF	TRBV20-1	TRBJ2-7	1
CSARDRTPRRVPYEQYF	TRBV20-1	TRBJ2-7	1
CSARDRTVYGYTF	TRBV20-1	TRBJ1-2	1
CSARDRTWELFF	TRBV20-1	TRBJ1-4	1
CSARDRVAYGYTF	TRBV20-1	TRBJ1-2	1
CSARDRVGLAEETQYF	TRBV20-1	TRBJ2-5	1
CSARDRVLNSNQPQHF	TRBV20-1	TRBJ1-5	1
CSARDRVRTDTQYF	TRBV20-1	TRBJ2-3	1
CSARDRVSYNEQFF	TRBV20-1	TRBJ2-1	2
CSARDRWDREGFTEAFF	TRBV20-1	TRBJ1-1	1
CSARDSAYEQYF	TRBV20-1	TRBJ2-7	1
CSARDSGQGSGANVLTF	TRBV20-1	TRBJ2-6	1
CSARDSGQGSYEQYF	TRBV20-1	TRBJ2-7	1
CSARDSGSNQPQHF	TRBV20-1	TRBJ1-5	1
CSARDSGYTGELFF	TRBV20-1	TRBJ2-2	1
CSARDSPVLAYEQYF	TRBV20-1	TRBJ2-7	1
CSARDSQDDFGTDTQYF	TRBV20-1	TRBJ2-3	1
CSARDSQQPNEKLFF	TRBV20-1	TRBJ1-4	1
CSARDSRGSSPQHF	TRBV20-1	TRBJ1-5	1
CSARDSRREAEAFF	TRBV20-1	TRBJ1-1	1
CSARDSRTDTQYF	TRBV20-1	TRBJ2-3	1
CSARDSSGGLASLPREQYF	TRBV20-1	TRBJ2-7	1
CSARDSSGTSTDTQYF	TRBV20-1	TRBJ2-3	1
CSARDSSGTYEQYF	TRBV20-1	TRBJ2-7	1
CSARDSSIGRPYNEQFF	TRBV20-1	TRBJ2-1	1
CSARDSTGNGYTF	TRBV20-1	TRBJ1-2	3
CSARDSVTTGTLGYTF	TRBV20-1	TRBJ1-2	1
CSARDSYSSYNSPLHF	TRBV20-1	TRBJ1-6	1
CSARDTAGLSPLHF	TRBV20-1	TRBJ1-6	1
CSARDTASGELFF	TRBV20-1	TRBJ2-2	1
CSARDTEGSPLHF	TRBV20-1	TRBJ1-6	2
CSARDTERESNQPQHF	TRBV20-1	TRBJ1-5	1
CSARDTFLVSNQPQHF	TRBV20-1	TRBJ1-5	1
CSARDTFTDTQYF	TRBV20-1	TRBJ2-3	1
CSARDTGGDVRVRSQPQHF	TRBV20-1	TRBJ1-5	1
CSARDTGGGSGELFF	TRBV20-1	TRBJ2-2	1
CSARDTGGRAFEQYF	TRBV20-1	TRBJ2-7	1
CSARDTGQAYNEQFF	TRBV20-1	TRBJ2-1	1
CSARDTGSQGRETQYF	TRBV20-1	TRBJ2-5	1
CSARDTGVSDTQYF	TRBV20-1	TRBJ2-3	1
CSARDTGYYGYTF	TRBV20-1	TRBJ1-2	1
CSARDTQYF	TRBV20-1	TRBJ2-3	1
CSARDTRAPRLYNEQFF	TRBV20-1	TRBJ2-1	1
CSARDTRQLSSYNSPLHF	TRBV20-1	TRBJ1-6	1
CSARDTRTAGVNEQFF	TRBV20-1	TRBJ2-1	1
CSARDTRTSGMTGELFF	TRBV20-1	TRBJ2-2	1
CSARDTTGGLRDTQYF	TRBV20-1	TRBJ2-3	1
CSARDTTGPDTQYF	TRBV20-1	TRBJ2-3	1
CSARDVAQGVTQPQHF	TRBV20-1	TRBJ1-5	2
CSARDVEGGDQYGYTF	TRBV20-1	TRBJ1-2	1
CSARDVGAPASTDTQYF	TRBV20-1	TRBJ2-3	1
CSARDVGKNNEQFF	TRBV20-1	TRBJ2-1	1
CSARDVGYEQYF	TRBV20-1	TRBJ2-7	1
CSARDVPGSIGGYTF	TRBV20-1	TRBJ1-2	2
CSARDVPSSYEQYF	TRBV20-1	TRBJ2-7	1
CSARDVPSVTSGELFF	TRBV20-1	TRBJ2-2	1
CSARDVRELYEQYF	TRBV20-1	TRBJ2-7	1
CSARDVSGLRRGTQYF	TRBV20-1	TRBJ2-5	1
CSARDVVSNTIYF	TRBV20-1	TRBJ1-3	1
CSARDWAGLARVAQYF	TRBV20-1	TRBJ2-5	1
CSARDWDRAIYQETQYF	TRBV20-1	TRBJ2-5	1
CSARDWDSSDTQYF	TRBV20-1	TRBJ2-3	1
CSARDWDTQETQYF	TRBV20-1	TRBJ2-5	1
CSARDWENTEAFF	TRBV20-1	TRBJ1-1	1
CSARDWGDTEAFF	TRBV20-1	TRBJ1-1	1
CSARDWGSGGSKNIQYF	TRBV20-1	TRBJ2-4	1
CSARDWLAGGSSTDTQYF	TRBV20-1	TRBJ2-3	1
CSARDWRAGDTQYF	TRBV20-1	TRBJ2-3	1
CSARDWTARNEQFF	TRBV20-1	TRBJ2-1	1
CSARDWTEGGYGYTF	TRBV20-1	TRBJ1-2	1
CSARDWTGEWDTQYF	TRBV20-1	TRBJ2-3	1
CSARDWTGGLANTDTQYF	TRBV20-1	TRBJ2-3	1
CSARDYAGGDIYEQYF	TRBV20-1	TRBJ2-7	1
CSARDYEAGNNEQFF	TRBV20-1	TRBJ2-1	1
CSARDYEASGGNTGELFF	TRBV20-1	TRBJ2-2	1
CSARDYGGELGYEQYF	TRBV20-1	TRBJ2-7	1
CSARDYGTDPYEQYF	TRBV20-1	TRBJ2-7	1
CSARDYGVLNRPPYNEQFF	TRBV20-1	TRBJ2-1	1
CSARDYKLLLQETQYF	TRBV20-1	TRBJ2-5	1
CSARDYKNVDYYGYTF	TRBV20-1	TRBJ1-2	1
CSARDYLLWGYNEQFF	TRBV20-1	TRBJ2-1	1
CSARDYLNSYEQYF	TRBV20-1	TRBJ2-7	1
CSARDYNSPDPYEQYF	TRBV20-1	TRBJ2-7	1
CSARDYPGPIYEQYF	TRBV20-1	TRBJ2-7	1
CSARDYRTGDEKLFF	TRBV20-1	TRBJ1-4	1
CSARDYSTYEQYF	TRBV20-1	TRBJ2-7	1
CSARDYTEAFF	TRBV20-1	TRBJ1-1	1
CSAREAASGYEQYF	TRBV20-1	TRBJ2-7	1
CSAREAGAREQYF	TRBV20-1	TRBJ2-7	1
CSAREAGDGQPQHF	TRBV20-1	TRBJ1-5	1
CSAREAGGDEQYF	TRBV20-1	TRBJ2-7	1
CSAREAGGWRQETQYF	TRBV20-1	TRBJ2-5	1
CSAREAGVRTNEKLFF	TRBV20-1	TRBJ1-4	1
CSAREALDEQYF	TRBV20-1	TRBJ2-7	1
CSAREAQGQPQHF	TRBV20-1	TRBJ1-5	1
CSAREASGRIDEQFF	TRBV20-1	TRBJ2-1	1
CSAREAVGSFTYEQYF	TRBV20-1	TRBJ2-7	1
CSAREDEQFF	TRBV20-1	TRBJ2-1	1
CSAREDSGGGLEETQYF	TRBV20-1	TRBJ2-5	1
CSAREEAGDDTGELFF	TRBV20-1	TRBJ2-2	1
CSAREEAGGSYNEQFF	TRBV20-1	TRBJ2-1	1
CSAREERGHYEQYF	TRBV20-1	TRBJ2-7	1
CSAREERSKGYEQYF	TRBV20-1	TRBJ2-7	1
CSAREEYFLSDTQYF	TRBV20-1	TRBJ2-3	1
CSAREFLGTGGRHTGELFF	TRBV20-1	TRBJ2-2	1
CSAREFREVSEAFF	TRBV20-1	TRBJ1-1	1
CSAREFSGSRTDTQYF	TRBV20-1	TRBJ2-3	1
CSAREGGASYGYTF	TRBV20-1	TRBJ1-2	1
CSAREGGGSNQPQHF	TRBV20-1	TRBJ1-5	1
CSAREGGILFF	TRBV20-1	TRBJ1-4	1
CSAREGGQEETQYF	TRBV20-1	TRBJ2-5	2
CSAREGGSHYEQYF	TRBV20-1	TRBJ2-7	1
CSAREGHLYEQYF	TRBV20-1	TRBJ2-7	1
CSAREGLAGGLFETQYF	TRBV20-1	TRBJ2-5	1
CSAREGLAGGSYNEQFF	TRBV20-1	TRBJ2-1	1
CSAREGLSDNEQFF	TRBV20-1	TRBJ2-1	1
CSAREGNQPQHF	TRBV20-1	TRBJ1-5	1
CSAREGQGLFDEQYF	TRBV20-1	TRBJ2-7	1
CSAREGRDSGNTIYF	TRBV20-1	TRBJ1-3	1
CSAREGRGPTEAFF	TRBV20-1	TRBJ1-1	1
CSAREGRSSGSETQYF	TRBV20-1	TRBJ2-5	1
CSAREGTGGTTGELFF	TRBV20-1	TRBJ2-2	1
CSAREGTSGYNEQFF	TRBV20-1	TRBJ2-1	1
CSAREIRGEGIHEQFF	TRBV20-1	TRBJ2-1	1
CSAREISGTEFYNEQFF	TRBV20-1	TRBJ2-1	1
CSAREISQDTDTQYF	TRBV20-1	TRBJ2-3	1
CSAREKDEQYF	TRBV20-1	TRBJ2-7	1
CSARELAFGETQYF	TRBV20-1	TRBJ2-5	1
CSARELAGERETQYF	TRBV20-1	TRBJ2-5	1
CSARELAGVHFYNEQFF	TRBV20-1	TRBJ2-1	1
CSARELAQVFLAKNIQYF	TRBV20-1	TRBJ2-4	1
CSARELASGELFF	TRBV20-1	TRBJ2-2	1
CSARELEDSYNEQFF	TRBV20-1	TRBJ2-1	1
CSARELLTNEQFF	TRBV20-1	TRBJ2-1	1
CSARELLVTTEAFF	TRBV20-1	TRBJ1-1	1
CSARELRGSTGELFF	TRBV20-1	TRBJ2-2	1
CSAREMGRYTGELFF	TRBV20-1	TRBJ2-2	1
CSARENPVPPGELFF	TRBV20-1	TRBJ2-2	1
CSAREPGTVGKLFF	TRBV20-1	TRBJ1-4	1
CSAREPPGGHYTGELFF	TRBV20-1	TRBJ2-2	1
CSAREPYTGELFF	TRBV20-1	TRBJ2-2	1
CSARERAKNTGELFF	TRBV20-1	TRBJ2-2	1
CSARERGLDYTGELFF	TRBV20-1	TRBJ2-2	1
CSARERGYEQYF	TRBV20-1	TRBJ2-7	1
CSARERQGFLF	TRBV20-1	TRBJ2-5	1
CSARERSSASYEQYF	TRBV20-1	TRBJ2-7	1
CSARERWGPDTQYF	TRBV20-1	TRBJ2-3	1
CSARESERRPPETQYF	TRBV20-1	TRBJ2-5	1
CSARESPGQGIFSPLHF	TRBV20-1	TRBJ1-6	1
CSARESQELPLAQHF	TRBV20-1	TRBJ1-5	1
CSARESSGPTYEQYF	TRBV20-1	TRBJ2-7	1
CSARESSGSLENEQFF	TRBV20-1	TRBJ2-1	1
CSARESYSNQPQHF	TRBV20-1	TRBJ1-5	1
CSARESYWTGAYGYTF	TRBV20-1	TRBJ1-2	1
CSARETGVGNTIYF	TRBV20-1	TRBJ1-3	1
CSARETGVVDEQYF	TRBV20-1	TRBJ2-7	1
CSARETTSSQETQYF	TRBV20-1	TRBJ2-5	1
CSARETWTDFYGYTF	TRBV20-1	TRBJ1-2	1
CSAREVGFGNQPQHF	TRBV20-1	TRBJ1-5	1
CSAREVGRDFEQFF	TRBV20-1	TRBJ2-1	1
CSAREVRDRFNQPQHF	TRBV20-1	TRBJ1-5	1
CSAREVSGEKLFF	TRBV20-1	TRBJ1-4	1
CSAREVSSYEQYF	TRBV20-1	TRBJ2-7	1
CSAREWAEFYEQYF	TRBV20-1	TRBJ2-7	1
CSAREWGGETQYF	TRBV20-1	TRBJ2-5	1
CSAREYQETQYF	TRBV20-1	TRBJ2-5	1
CSARFIYPPPNYGYTF	TRBV20-1	TRBJ1-2	1
CSARFSRGYEQYF	TRBV20-1	TRBJ2-7	1
CSARGAGGPPDYGYTF	TRBV20-1	TRBJ1-2	1
CSARGAGNTEAFF	TRBV20-1	TRBJ1-1	1
CSARGAGNYGYTF	TRBV20-1	TRBJ1-2	1
CSARGAGQSGETQYF	TRBV20-1	TRBJ2-5	1
CSARGALLGTGGTDNEQFF	TRBV20-1	TRBJ2-1	1
CSARGALNSNQPQHF	TRBV20-1	TRBJ1-5	1
CSARGALRLAGPIEDEQFF	TRBV20-1	TRBJ2-1	1
CSARGANRGNEQFF	TRBV20-1	TRBJ2-1	1
CSARGAPGLASTDTQYF	TRBV20-1	TRBJ2-3	1
CSARGAQAYEQYF	TRBV20-1	TRBJ2-7	1
CSARGASGRNYEQYF	TRBV20-1	TRBJ2-7	1
CSARGASWGIYEQYF	TRBV20-1	TRBJ2-7	1
CSARGATGRTEAFF	TRBV29-1	TRBJ1-1	1
CSARGDRDSSGANVLTF	TRBV20-1	TRBJ2-6	1
CSARGDRGGSSYNEQFF	TRBV20-1	TRBJ2-1	1
CSARGDRGTYEQYF	TRBV20-1	TRBJ2-7	1
CSARGDRVLGEQFF	TRBV20-1	TRBJ2-1	1
CSARGDSGRAYNEQFF	TRBV20-1	TRBJ2-1	1
CSARGDSVFYYEQYF	TRBV20-1	TRBJ2-7	1
CSARGDYSFHEQFF	TRBV20-1	TRBJ2-1	1
CSARGEAAGGGGTDTQYF	TRBV20-1	TRBJ2-3	1
CSARGEDRGPPNYGYTF	TRBV20-1	TRBJ1-2	1
CSARGEGGYEQYF	TRBV20-1	TRBJ2-7	1
CSARGETSTDTQYF	TRBV20-1	TRBJ2-3	1
CSARGEVAVQETQYF	TRBV20-1	TRBJ2-5	1
CSARGFEGRVFDGYTF	TRBV20-1	TRBJ1-2	1
CSARGFGGNTEAFF	TRBV20-1	TRBJ1-1	1
CSARGFGGRAPDTQYF	TRBV20-1	TRBJ2-3	1
CSARGFGQANEQFF	TRBV20-1	TRBJ2-1	2
CSARGFSTSINTEAFF	TRBV20-1	TRBJ1-1	1
CSARGFVPSDGYTF	TRBV20-1	TRBJ1-2	1
CSARGGADSYEQYF	TRBV20-1	TRBJ2-7	1
CSARGGAPALQETQYF	TRBV20-1	TRBJ2-5	1
CSARGGATGTNTGELFF	TRBV20-1	TRBJ2-2	1
CSARGGAYEQYF	TRBV20-1	TRBJ2-7	1
CSARGGDYGYTF	TRBV20-1	TRBJ1-2	1
CSARGGELGREQYF	TRBV20-1	TRBJ2-7	1
CSARGGETQYF	TRBV29-1	TRBJ2-5	1
CSARGGGFLYGYTF	TRBV20-1	TRBJ1-2	1
CSARGGGGPENTGELFF	TRBV20-1	TRBJ2-2	2
CSARGGGLIGEAFF	TRBV20-1	TRBJ1-1	1
CSARGGGNEQFF	TRBV20-1	TRBJ2-1	1
CSARGGGPGNTIYF	TRBV20-1	TRBJ1-3	1
CSARGGKKEAFF	TRBV20-1	TRBJ1-1	1
CSARGGLAGLYEQYF	TRBV20-1	TRBJ2-7	1
CSARGGLDLPDTQYF	TRBV20-1	TRBJ2-3	1
CSARGGLEDTQYF	TRBV20-1	TRBJ2-3	1
CSARGGLTTRPRYGYTF	TRBV20-1	TRBJ1-2	1
CSARGGNQPQHF	TRBV20-1	TRBJ1-5	1
CSARGGQGLEQFF	TRBV20-1	TRBJ2-1	1
CSARGGQGNQPQHF	TRBV20-1	TRBJ1-5	1
CSARGGRYGYTF	TRBV20-1	TRBJ1-2	1
CSARGGSKNIQYF	TRBV20-1	TRBJ2-4	1
CSARGGSQGQTTTYEQYF	TRBV20-1	TRBJ2-7	1
CSARGGTGELNEQFF	TRBV20-1	TRBJ2-1	1
CSARGGTGTAILGLYNEQFF	TRBV20-1	TRBJ2-1	1
CSARGGTSGGFDEQYF	TRBV20-1	TRBJ2-7	1
CSARGGTSGYLVNEQFF	TRBV20-1	TRBJ2-1	1
CSARGGWTVNQPQHF	TRBV20-1	TRBJ1-5	1
CSARGHTGGGYTF	TRBV20-1	TRBJ1-2	1
CSARGIGYEQYF	TRBV20-1	TRBJ2-7	1
CSARGINRGTANYGYTF	TRBV20-1	TRBJ1-2	1
CSARGITGNSYEQYF	TRBV20-1	TRBJ2-7	1
CSARGITSGEATDTQYF	TRBV20-1	TRBJ2-3	1
CSARGKTSGEIYEQYF	TRBV20-1	TRBJ2-7	1
CSARGLAEGDEQFF	TRBV20-1	TRBJ2-1	1
CSARGLAGADTQYF	TRBV20-1	TRBJ2-3	1
CSARGLAGDSYEQYF	TRBV20-1	TRBJ2-7	1
CSARGLAGGPVETQYF	TRBV20-1	TRBJ2-5	1
CSARGLAGIQETQYF	TRBV20-1	TRBJ2-5	1
CSARGLAGQETQYF	TRBV20-1	TRBJ2-5	1
CSARGLDRGTNEQYF	TRBV20-1	TRBJ2-7	1
CSARGLDSQPVGNQPQHF	TRBV20-1	TRBJ1-5	1
CSARGLFGDEQFF	TRBV20-1	TRBJ2-1	2
CSARGLGFLQETQYF	TRBV20-1	TRBJ2-5	1
CSARGLLLALTDTQYF	TRBV20-1	TRBJ2-3	1
CSARGLRTYPEQFF	TRBV20-1	TRBJ2-1	1
CSARGLTADKDNYEQYF	TRBV20-1	TRBJ2-7	1
CSARGMEREALETQYF	TRBV20-1	TRBJ2-5	6
CSARGMWEGTDTQYF	TRBV20-1	TRBJ2-3	1
CSARGNLNTGELFF	TRBV20-1	TRBJ2-2	1
CSARGNPTRSSYNEQFF	TRBV20-1	TRBJ2-1	1
CSARGPDREEQYF	TRBV20-1	TRBJ2-7	1
CSARGPETEAFF	TRBV29-1	TRBJ1-1	1
CSARGPNSYEQYF	TRBV20-1	TRBJ2-7	1
CSARGPPMGDTQYF	TRBV20-1	TRBJ2-3	1
CSARGPREDSYEQYF	TRBV20-1	TRBJ2-7	1
CSARGPSRQETQYF	TRBV20-1	TRBJ2-5	1
CSARGPTSGRDEQFF	TRBV20-1	TRBJ2-1	1
CSARGPTSIDEQFF	TRBV20-1	TRBJ2-1	1
CSARGPWSSYNSPLHF	TRBV20-1	TRBJ1-6	1
CSARGQDSYNEQFF	TRBV20-1	TRBJ2-1	1
CSARGQGALWYEQYF	TRBV20-1	TRBJ2-7	1
CSARGQGASLANEQYF	TRBV20-1	TRBJ2-7	1
CSARGQGDTEAFF	TRBV20-1	TRBJ1-1	1
CSARGQGGNYEQYF	TRBV20-1	TRBJ2-7	1
CSARGQGLEQYF	TRBV20-1	TRBJ2-7	1
CSARGQRAGLSTDTQYF	TRBV20-1	TRBJ2-3	1
CSARGQRGLVNEQFF	TRBV20-1	TRBJ2-1	1
CSARGREGQPQHF	TRBV20-1	TRBJ1-5	1
CSARGREGQRSSYNEQFF	TRBV20-1	TRBJ2-1	1
CSARGRGEQYF	TRBV20-1	TRBJ2-7	1
CSARGRGLTEAFF	TRBV20-1	TRBJ1-1	1
CSARGRLSYEQYF	TRBV20-1	TRBJ2-7	1
CSARGRPGLSSEQYF	TRBV20-1	TRBJ2-7	1
CSARGRPSGRDTGELFF	TRBV20-1	TRBJ2-2	1
CSARGRQGRSYEQYF	TRBV20-1	TRBJ2-7	1
CSARGRTGAAHEQYF	TRBV20-1	TRBJ2-7	1
CSARGRTGTGIGSPLHF	TRBV20-1	TRBJ1-6	1
CSARGRVYNEQFF	TRBV20-1	TRBJ2-1	1
CSARGSDTYEQYF	TRBV20-1	TRBJ2-7	1
CSARGSEGQPQHF	TRBV20-1	TRBJ1-5	1
CSARGSGLAGNTIYF	TRBV20-1	TRBJ1-3	1
CSARGSGLDTHEKLFF	TRBV20-1	TRBJ1-4	1
CSARGSLRTSPFPLHF	TRBV20-1	TRBJ1-6	1
CSARGSSGGYNEQFF	TRBV20-1	TRBJ2-1	1
CSARGSSGSLNEQFF	TRBV20-1	TRBJ2-1	1
CSARGSSSEQFF	TRBV20-1	TRBJ2-1	1
CSARGTDQLDGYTF	TRBV20-1	TRBJ1-2	1
CSARGTENTEAFF	TRBV20-1	TRBJ1-1	1
CSARGTGEPFSSPLHF	TRBV20-1	TRBJ1-6	1
CSARGTRSYEQYF	TRBV20-1	TRBJ2-7	1
CSARGTSGETQYF	TRBV20-1	TRBJ2-5	1
CSARGTSGGGDTQYF	TRBV20-1	TRBJ2-3	1
CSARGTSGGPYEQYF	TRBV20-1	TRBJ2-7	1
CSARGTSGGSEQYF	TRBV20-1	TRBJ2-7	1
CSARGTSGRSFYEQYF	TRBV20-1	TRBJ2-7	1
CSARGTSGTGIEAFF	TRBV20-1	TRBJ1-1	1
CSARGTVSYEQYF	TRBV20-1	TRBJ2-7	1
CSARGVNTGELFF	TRBV20-1	TRBJ2-2	1
CSARGWDSAFLETQYF	TRBV20-1	TRBJ2-5	1
CSARGWDTQYF	TRBV20-1	TRBJ2-3	1
CSARGWFNYGYTF	TRBV20-1	TRBJ1-2	1
CSARGWGLDTEAFF	TRBV20-1	TRBJ1-1	1
CSARGYRADFEKLFF	TRBV20-1	TRBJ1-4	1
CSARHKGYGYTF	TRBV20-1	TRBJ1-2	1
CSARHLSGIEQFF	TRBV20-1	TRBJ2-1	7
CSARHPSGSSYNEQFF	TRBV20-1	TRBJ2-1	1
CSARHRGEFYNEQFF	TRBV20-1	TRBJ2-1	1
CSARHVGGSVPLGYTF	TRBV20-1	TRBJ1-2	1
CSARHVTGGTDTQYF	TRBV20-1	TRBJ2-3	1
CSARIGGTEAFF	TRBV20-1	TRBJ1-1	1
CSARIGVGNTIYF	TRBV20-1	TRBJ1-3	1
CSARILAGGLLQETQYF	TRBV20-1	TRBJ2-5	1
CSARILDNSEIAIDNYGYTF	TRBV20-1	TRBJ1-2	1
CSARIRSPLHF	TRBV20-1	TRBJ1-6	2
CSARISGPNQPQHF	TRBV20-1	TRBJ1-5	1
CSARISYEQYF	TRBV20-1	TRBJ2-7	1
CSARKADSYEQYF	TRBV20-1	TRBJ2-7	1
CSARKAGDVDEQYF	TRBV20-1	TRBJ2-7	1
CSARKAQGGNEQYF	TRBV20-1	TRBJ2-7	1
CSARKGLAGASYNEQFF	TRBV20-1	TRBJ2-1	1
CSARKGLTHTQYF	TRBV20-1	TRBJ2-3	1
CSARKGQGAGQPQHF	TRBV20-1	TRBJ1-5	1
CSARKLAGRSYNEQFF	TRBV20-1	TRBJ2-1	1
CSARKPGRNTEAFF	TRBV20-1	TRBJ1-1	1
CSARKRDSNDEQYF	TRBV20-1	TRBJ2-7	1
CSARKSYIQETQYF	TRBV20-1	TRBJ2-5	1
CSARKWTEAFF	TRBV20-1	TRBJ1-1	1
CSARLAASSYEQYF	TRBV20-1	TRBJ2-7	1
CSARLAATYEQYF	TRBV20-1	TRBJ2-7	1
CSARLAGGAGELFF	TRBV20-1	TRBJ2-2	1
CSARLAGTYNEQFF	TRBV20-1	TRBJ2-1	1
CSARLAGVGNEQFF	TRBV20-1	TRBJ2-1	1
CSARLDSSYEQYF	TRBV20-1	TRBJ2-7	1
CSARLGALTDTQYF	TRBV20-1	TRBJ2-3	1
CSARLGDTQYF	TRBV20-1	TRBJ2-3	1
CSARLGERDSTDTQYF	TRBV20-1	TRBJ2-3	1
CSARLGREYNEQFF	TRBV20-1	TRBJ2-1	1
CSARLHGTGNTEAFF	TRBV20-1	TRBJ1-1	1
CSARLLAGYEQYF	TRBV20-1	TRBJ2-7	1
CSARLLDTNYEQYF	TRBV20-1	TRBJ2-7	5
CSARLLQETQYF	TRBV20-1	TRBJ2-5	1
CSARLNRDGNTEAFF	TRBV20-1	TRBJ1-1	1
CSARLPGTLYNEQFF	TRBV20-1	TRBJ2-1	1
CSARLPPRGREAFF	TRBV20-1	TRBJ1-1	1
CSARLPRLAGNEQFF	TRBV20-1	TRBJ2-1	1
CSARLPYSVGGQETQYF	TRBV20-1	TRBJ2-5	1
CSARLQQGDVEKLFF	TRBV20-1	TRBJ1-4	1
CSARLRGERESDIQYF	TRBV20-1	TRBJ2-4	1
CSARLRSGGLPYEQYF	TRBV20-1	TRBJ2-7	1
CSARLSGSYEQYF	TRBV20-1	TRBJ2-7	1
CSARLSNYEQYF	TRBV20-1	TRBJ2-7	1
CSARLVDTQYF	TRBV20-1	TRBJ2-3	1
CSARMISGRADEQYF	TRBV20-1	TRBJ2-7	1
CSARMLDRRYEQYF	TRBV20-1	TRBJ2-7	1
CSARMRTRPYEQYF	TRBV20-1	TRBJ2-7	1
CSARMSGGALGGQFF	TRBV20-1	TRBJ2-1	1
CSARNHNRGPEYGYTF	TRBV20-1	TRBJ1-2	1
CSARNLETGENSPLHF	TRBV20-1	TRBJ1-6	1
CSARNLNEQYF	TRBV20-1	TRBJ2-7	1
CSARNLPEGAQETQYF	TRBV20-1	TRBJ2-5	1
CSARNNEQFF	TRBV20-1	TRBJ2-1	1
CSARNPGDYGYTF	TRBV20-1	TRBJ1-2	1
CSARNPPGLVPYSNEQFF	TRBV20-1	TRBJ2-1	1
CSARNPRGEDTEAFF	TRBV20-1	TRBJ1-1	1
CSARNPSGTNNEQFF	TRBV20-1	TRBJ2-1	9
CSARNRDKETGELFF	TRBV20-1	TRBJ2-2	1
CSARNRDRDYGYTF	TRBV20-1	TRBJ1-2	1
CSARNREGWGEQYF	TRBV20-1	TRBJ2-7	1
CSARNSGGSSYNEQFF	TRBV20-1	TRBJ2-1	1
CSARNSLNTEAFF	TRBV20-1	TRBJ1-1	1
CSARNTGELFF	TRBV20-1	TRBJ2-2	1
CSARPDQEGLYEQYF	TRBV20-1	TRBJ2-7	1
CSARPDRVNTEAFF	TRBV20-1	TRBJ1-1	1
CSARPERELYEQYF	TRBV20-1	TRBJ2-7	1
CSARPERGSYEQYF	TRBV20-1	TRBJ2-7	3
CSARPETVYNSPLHF	TRBV20-1	TRBJ1-6	1
CSARPGEQGGDGYTF	TRBV20-1	TRBJ1-2	1
CSARPGIRGYTF	TRBV20-1	TRBJ1-2	1
CSARPGPEGSTEAFF	TRBV20-1	TRBJ1-1	1
CSARPGQGVNEQFF	TRBV20-1	TRBJ2-1	1
CSARPGSVYEQYF	TRBV20-1	TRBJ2-7	1
CSARPGTSENTGELFF	TRBV20-1	TRBJ2-2	1
CSARPIYTDTQYF	TRBV20-1	TRBJ2-3	1
CSARPLGDRRNEQFF	TRBV20-1	TRBJ2-1	1
CSARPLLNSNQPQHF	TRBV20-1	TRBJ1-5	1
CSARPLRDRGYEQYF	TRBV20-1	TRBJ2-7	1
CSARPPWRETQETQYF	TRBV20-1	TRBJ2-5	1
CSARPQGAREKLFF	TRBV20-1	TRBJ1-4	1
CSARPQLSGLAGGPVLTDTQYF	TRBV20-1	TRBJ2-3	1
CSARPQRNYNEQFF	TRBV20-1	TRBJ2-1	1
CSARPRDTEAFF	TRBV20-1	TRBJ1-1	1
CSARPRERGGPYNEQFF	TRBV20-1	TRBJ2-1	1
CSARPRLAASYNEQFF	TRBV20-1	TRBJ2-1	1
CSARPRNSYNEQFF	TRBV20-1	TRBJ2-1	1
CSARPRQNLYEQYF	TRBV20-1	TRBJ2-7	1
CSARPRRSSGTQETQYF	TRBV20-1	TRBJ2-5	1
CSARPRTSGSGAGELFF	TRBV20-1	TRBJ2-2	1
CSARPRTVEQYF	TRBV20-1	TRBJ2-7	1
CSARPSGGYEQYF	TRBV20-1	TRBJ2-7	1
CSARPSGLAGAGGYEQYF	TRBV20-1	TRBJ2-7	1
CSARPSGSAYNEQFF	TRBV20-1	TRBJ2-1	1
CSARPSLAGGYNEQFF	TRBV20-1	TRBJ2-1	1
CSARPTGEGGTDTQYF	TRBV20-1	TRBJ2-3	1
CSARPTRTFNIQYF	TRBV20-1	TRBJ2-4	1
CSARPTSAGGGYEQYF	TRBV20-1	TRBJ2-7	1
CSARPTSGGLYEQYF	TRBV20-1	TRBJ2-7	1
CSARPTSNYGYTF	TRBV20-1	TRBJ1-2	1
CSARPWGTSYEQYF	TRBV20-1	TRBJ2-7	1
CSARQASGGEVEQFF	TRBV20-1	TRBJ2-1	1
CSARQDRSNQPQHF	TRBV20-1	TRBJ1-5	1
CSARQEISYNSPLHF	TRBV20-1	TRBJ1-6	1
CSARQGAEAFF	TRBV20-1	TRBJ1-1	1
CSARQGGAGKASYEQYF	TRBV20-1	TRBJ2-7	1
CSARQGRGLRSYEQYF	TRBV20-1	TRBJ2-7	1
CSARQGRNTGELFF	TRBV20-1	TRBJ2-2	1
CSARQGTTGELFF	TRBV20-1	TRBJ2-2	2
CSARQIEGGEAGADTQYF	TRBV20-1	TRBJ2-3	1
CSARQMDYNEQFF	TRBV20-1	TRBJ2-1	1
CSARQPNTGELFF	TRBV20-1	TRBJ2-2	1
CSARQQGATNEKLFF	TRBV20-1	TRBJ1-4	1
CSARQRPPGGPAKNIQYF	TRBV20-1	TRBJ2-4	1
CSARQTGGTDTQYF	TRBV20-1	TRBJ2-3	1
CSARRAEGIHTEAFF	TRBV20-1	TRBJ1-1	1
CSARRAGNEQYF	TRBV20-1	TRBJ2-7	1
CSARRASDEQFF	TRBV20-1	TRBJ2-1	1
CSARRDGTGISNYGYTF	TRBV20-1	TRBJ1-2	1
CSARRDRDSGNTIYF	TRBV20-1	TRBJ1-3	1
CSARRDRGIYEQYF	TRBV20-1	TRBJ2-7	1
CSARRDRGNYEQYF	TRBV20-1	TRBJ2-7	1
CSARREGTQYF	TRBV20-1	TRBJ2-3	1
CSARRETWDGYTF	TRBV20-1	TRBJ1-2	1
CSARRGGGTDTQYF	TRBV20-1	TRBJ2-3	1
CSARRGGSYEQYF	TRBV20-1	TRBJ2-7	2
CSARRGLNPNEQFF	TRBV20-1	TRBJ2-1	1
CSARRGNTEAFF	TRBV20-1	TRBJ1-1	1
CSARRGTGGSPLHF	TRBV20-1	TRBJ1-6	1
CSARRITGELFF	TRBV20-1	TRBJ2-2	1
CSARRIYGSGELFF	TRBV20-1	TRBJ2-2	1
CSARRKVYDNEQFF	TRBV29-1	TRBJ2-1	1
CSARRLAGEGDTQYF	TRBV20-1	TRBJ2-3	1
CSARRLAGNTDTQYF	TRBV20-1	TRBJ2-3	1
CSARRLELNEQFF	TRBV20-1	TRBJ2-1	1
CSARRLVQETQYF	TRBV20-1	TRBJ2-5	1
CSARRLVSYEQYF	TRBV20-1	TRBJ2-7	1
CSARRPGQEVTEAFF	TRBV20-1	TRBJ1-1	1
CSARRPNTGELFF	TRBV20-1	TRBJ2-2	1
CSARRQGAEAFF	TRBV20-1	TRBJ1-1	1
CSARRREGSYNEQFF	TRBV20-1	TRBJ2-1	1
CSARRRVGEQYF	TRBV20-1	TRBJ2-7	1
CSARRSGSGDTQYF	TRBV20-1	TRBJ2-3	1
CSARRSSGRTAFFHEQYF	TRBV20-1	TRBJ2-7	1
CSARRTETYEQYF	TRBV20-1	TRBJ2-7	1
CSARRTQENEQFF	TRBV20-1	TRBJ2-1	1
CSARRVTYNEQFF	TRBV20-1	TRBJ2-1	1
CSARSADSNQPQHF	TRBV20-1	TRBJ1-5	1
CSARSAGTGGVEQYF	TRBV20-1	TRBJ2-7	1
CSARSAGTPGNEQFF	TRBV20-1	TRBJ2-1	1
CSARSEGRSNGGYTF	TRBV20-1	TRBJ1-2	1
CSARSEYSYNEQFF	TRBV20-1	TRBJ2-1	1
CSARSGAYTEAFF	TRBV20-1	TRBJ1-1	1
CSARSGDGELFF	TRBV20-1	TRBJ2-2	1
CSARSGEEAYGYTF	TRBV20-1	TRBJ1-2	1
CSARSGGLSSYEQYF	TRBV20-1	TRBJ2-7	1
CSARSGNEQFF	TRBV20-1	TRBJ2-1	1
CSARSGRGGRDTQYF	TRBV20-1	TRBJ2-3	1
CSARSGTAGYTF	TRBV20-1	TRBJ1-2	1
CSARSGTENTGELFF	TRBV20-1	TRBJ2-2	1
CSARSGTGELFF	TRBV20-1	TRBJ2-2	1
CSARSHRDKNYNEQFF	TRBV20-1	TRBJ2-1	1
CSARSLAGDDEQYF	TRBV20-1	TRBJ2-7	1
CSARSLASGRLQPGFEQYF	TRBV20-1	TRBJ2-7	1
CSARSLGASGANVLTF	TRBV20-1	TRBJ2-6	1
CSARSLPGGSYEQYF	TRBV20-1	TRBJ2-7	1
CSARSMGVDGYTF	TRBV20-1	TRBJ1-2	1
CSARSPAVSSYNEQFF	TRBV20-1	TRBJ2-1	1
CSARSPGQDHSPLHF	TRBV20-1	TRBJ1-6	1
CSARSPQGVSYEQYF	TRBV20-1	TRBJ2-7	2
CSARSPRRLAGQQETQYF	TRBV20-1	TRBJ2-5	1
CSARSPSGKTYEQYF	TRBV20-1	TRBJ2-7	1
CSARSPSPEQDNEQFF	TRBV20-1	TRBJ2-1	1
CSARSPTHRTYEQYF	TRBV20-1	TRBJ2-7	1
CSARSPVLSGRQFF	TRBV20-1	TRBJ2-1	1
CSARSQEGNTEAFF	TRBV20-1	TRBJ1-1	1
CSARSQGAYNEQFF	TRBV20-1	TRBJ2-1	1
CSARSQNSYEQYF	TRBV20-1	TRBJ2-7	1
CSARSQQSSYEQYF	TRBV20-1	TRBJ2-7	1
CSARSRGNTEAFF	TRBV20-1	TRBJ1-1	1
CSARSRNNPYEQYF	TRBV20-1	TRBJ2-7	1
CSARSRVLAVYNEQFF	TRBV20-1	TRBJ2-1	1
CSARSRVYQETQYF	TRBV20-1	TRBJ2-5	1
CSARSSERRYEQYF	TRBV20-1	TRBJ2-7	1
CSARSSGNIYEQYF	TRBV20-1	TRBJ2-7	1
CSARSSGNQPQHF	TRBV20-1	TRBJ1-5	1
CSARSSGSYEQYF	TRBV20-1	TRBJ2-7	2
CSARSSLGGELFF	TRBV20-1	TRBJ2-2	1
CSARSSLPYNEQFF	TRBV20-1	TRBJ2-1	1
CSARSTENTEAFF	TRBV20-1	TRBJ1-1	1
CSARSTGGDGYTF	TRBV20-1	TRBJ1-2	1
CSARSTPSYEQYF	TRBV20-1	TRBJ2-7	1
CSARSTSGADTQYF	TRBV20-1	TRBJ2-3	1
CSARSVFGYTF	TRBV20-1	TRBJ1-2	1
CSARSVQGDSYEQYF	TRBV20-1	TRBJ2-7	3
CSARSYNEQFF	TRBV20-1	TRBJ2-1	1
CSARTAGDYNEQFF	TRBV20-1	TRBJ2-1	1
CSARTAGSSYEQYF	TRBV20-1	TRBJ2-7	1
CSARTANSGANVLTF	TRBV20-1	TRBJ2-6	1
CSARTAPVGNEQFF	TRBV20-1	TRBJ2-1	1
CSARTASSYEQYF	TRBV20-1	TRBJ2-7	1
CSARTDHPTYEQYF	TRBV20-1	TRBJ2-7	1
CSARTGAVREQYF	TRBV20-1	TRBJ2-7	1
CSARTGDTYEQYF	TRBV20-1	TRBJ2-7	1
CSARTGDYEQYF	TRBV20-1	TRBJ2-7	1
CSARTGEIQETQYF	TRBV20-1	TRBJ2-5	1
CSARTGFATNEKLFF	TRBV20-1	TRBJ1-4	1
CSARTGGASWEQYF	TRBV20-1	TRBJ2-7	1
CSARTGGGNQPQHF	TRBV20-1	TRBJ1-5	1
CSARTGGLYNEQFF	TRBV20-1	TRBJ2-1	1
CSARTGGSYEQYF	TRBV20-1	TRBJ2-7	1
CSARTGNGEKLFF	TRBV20-1	TRBJ1-4	1
CSARTGNTIYF	TRBV20-1	TRBJ1-3	1
CSARTGPAYEQYF	TRBV20-1	TRBJ2-7	1
CSARTGSYGYTF	TRBV20-1	TRBJ1-2	1
CSARTGTGGPGELFF	TRBV20-1	TRBJ2-2	1
CSARTGTNYGYTF	TRBV20-1	TRBJ1-2	3
CSARTGVEQYF	TRBV20-1	TRBJ2-7	1
CSARTIDRHANTGELFF	TRBV20-1	TRBJ2-2	1
CSARTIGAPPEAFF	TRBV20-1	TRBJ1-1	1
CSARTIQGRPYEQYF	TRBV20-1	TRBJ2-7	1
CSARTLSDREYNSPLHF	TRBV20-1	TRBJ1-6	1
CSARTPFSGNTIYF	TRBV29-1	TRBJ1-3	1
CSARTPLGGEVREKLFF	TRBV20-1	TRBJ1-4	1
CSARTPLSYEQYF	TRBV20-1	TRBJ2-7	1
CSARTRKDWAQYF	TRBV20-1	TRBJ2-7	1
CSARTSGGFHEQYF	TRBV20-1	TRBJ2-7	2
CSARTSGGYEQYF	TRBV20-1	TRBJ2-7	1
CSARTSGGYYNEQFF	TRBV20-1	TRBJ2-1	1
CSARTSGSGAGEQFF	TRBV20-1	TRBJ2-1	1
CSARTSGSVNEQYF	TRBV20-1	TRBJ2-7	1
CSARTSGSVNNEQFF	TRBV20-1	TRBJ2-1	1
CSARTSGSYEQYF	TRBV20-1	TRBJ2-7	1
CSARTSVSYNEQFF	TRBV20-1	TRBJ2-1	1
CSARTTEAYEQYF	TRBV20-1	TRBJ2-7	1
CSARTTERDFPIYNEQFF	TRBV20-1	TRBJ2-1	1
CSARTTGMANSPLHF	TRBV20-1	TRBJ1-6	1
CSARTVYYEQYF	TRBV20-1	TRBJ2-7	1
CSARTWIADTQYF	TRBV20-1	TRBJ2-3	1
CSARTYLGTVQETQYF	TRBV20-1	TRBJ2-5	1
CSARTYSNEQFF	TRBV20-1	TRBJ2-1	1
CSARVAGENSPLHF	TRBV20-1	TRBJ1-6	1
CSARVAGGPPYEQYF	TRBV20-1	TRBJ2-7	1
CSARVARDPAYEQYF	TRBV20-1	TRBJ2-7	1
CSARVASGRARLSDTQYF	TRBV20-1	TRBJ2-3	1
CSARVDSGGSSAKNIQYF	TRBV20-1	TRBJ2-4	1
CSARVEKGVPGELFF	TRBV20-1	TRBJ2-2	1
CSARVENPYGYTF	TRBV20-1	TRBJ1-2	1
CSARVEPTTRLFTDTQYF	TRBV20-1	TRBJ2-3	1
CSARVEQETQYF	TRBV20-1	TRBJ2-5	1
CSARVETSGIHEQYF	TRBV20-1	TRBJ2-7	1
CSARVEVSGNTIYF	TRBV20-1	TRBJ1-3	1
CSARVFGGDSQETQYF	TRBV20-1	TRBJ2-5	1
CSARVFLADTSTDTQYF	TRBV20-1	TRBJ2-3	1
CSARVGAYNSPLHF	TRBV20-1	TRBJ1-6	1
CSARVGGGGSSYEQYF	TRBV20-1	TRBJ2-7	1
CSARVGHYYGYTF	TRBV20-1	TRBJ1-2	1
CSARVGIPNYGYTF	TRBV20-1	TRBJ1-2	1
CSARVGLAGGQNYNEQFF	TRBV20-1	TRBJ2-1	1
CSARVGLSDTQYF	TRBV20-1	TRBJ2-3	1
CSARVGPTGNTIYF	TRBV20-1	TRBJ1-3	8
CSARVGQYNEQFF	TRBV20-1	TRBJ2-1	1
CSARVGSGNTIYF	TRBV20-1	TRBJ1-3	1
CSARVGVAETQYF	TRBV20-1	TRBJ2-5	1
CSARVIGQGQETQYF	TRBV20-1	TRBJ2-5	1
CSARVIKALAGAILRDTQYF	TRBV20-1	TRBJ2-3	1
CSARVIPREAFF	TRBV20-1	TRBJ1-1	1
CSARVIQGARLNTEAFF	TRBV20-1	TRBJ1-1	1
CSARVITEQFF	TRBV20-1	TRBJ2-1	1
CSARVKGTGIGELFF	TRBV20-1	TRBJ2-2	1
CSARVKREGLWQYF	TRBV20-1	TRBJ2-7	1
CSARVKRPNTEAFF	TRBV20-1	TRBJ1-1	1
CSARVLAGGIHEQFF	TRBV20-1	TRBJ2-1	1
CSARVLGGEALYNEQFF	TRBV20-1	TRBJ2-1	1
CSARVLGPHYEQYF	TRBV20-1	TRBJ2-7	1
CSARVLGSMGLAVTDTQYF	TRBV20-1	TRBJ2-3	1
CSARVMAGPGNEQFF	TRBV20-1	TRBJ2-1	1
CSARVMTSGSYEQYF	TRBV20-1	TRBJ2-7	1
CSARVNYRLPWRSSYNEQFF	TRBV20-1	TRBJ2-1	1
CSARVPAGETQYF	TRBV20-1	TRBJ2-5	1
CSARVPERYEQYF	TRBV20-1	TRBJ2-7	1
CSARVPGLGSGELFF	TRBV20-1	TRBJ2-2	1
CSARVPNGYEQYF	TRBV20-1	TRBJ2-7	1
CSARVPPNPTVTSGGRGDTQYF	TRBV20-1	TRBJ2-3	1
CSARVPRDRVEDSPLHF	TRBV20-1	TRBJ1-6	1
CSARVPTFNEQFF	TRBV20-1	TRBJ2-1	1
CSARVQRTGNWAEAFF	TRBV20-1	TRBJ1-1	1
CSARVQRYGYTF	TRBV20-1	TRBJ1-2	1
CSARVQSEQYF	TRBV20-1	TRBJ2-7	1
CSARVRDEQYF	TRBV20-1	TRBJ2-7	1
CSARVRDSTGELFF	TRBV20-1	TRBJ2-2	1
CSARVRGDRGETQYF	TRBV20-1	TRBJ2-5	1
CSARVRGGYEQYF	TRBV20-1	TRBJ2-7	1
CSARVRGLNTEAFF	TRBV20-1	TRBJ1-1	1
CSARVRSSNYNEQFF	TRBV20-1	TRBJ2-1	1
CSARVSGGGYNEQFF	TRBV20-1	TRBJ2-1	4
CSARVSGGSAGELFF	TRBV20-1	TRBJ2-2	1
CSARVSHISSYEQYF	TRBV20-1	TRBJ2-7	1
CSARVSSEISEQFF	TRBV20-1	TRBJ2-1	2
CSARVTGLNTEAFF	TRBV20-1	TRBJ1-1	1
CSARVTLELGYEQYF	TRBV20-1	TRBJ2-7	1
CSARVTSGGQETQYF	TRBV20-1	TRBJ2-5	1
CSARVTSQGFFYEQYF	TRBV20-1	TRBJ2-7	1
CSARVVGGNTEAFF	TRBV20-1	TRBJ1-1	1
CSARVWARQNNYGYTF	TRBV20-1	TRBJ1-2	1
CSARVWREEDYEQYF	TRBV20-1	TRBJ2-7	1
CSARVWSDNRDYEQYF	TRBV20-1	TRBJ2-7	1
CSARVWTSGRGTGELFF	TRBV20-1	TRBJ2-2	2
CSARVYDTGELFF	TRBV20-1	TRBJ2-2	1
CSARWDTYYEQYF	TRBV20-1	TRBJ2-7	1
CSARWGAEAFF	TRBV20-1	TRBJ1-1	1
CSARWGGGTDTQYF	TRBV20-1	TRBJ2-3	3
CSARWMRNEQFF	TRBV20-1	TRBJ2-1	1
CSARWSGGHEQYF	TRBV20-1	TRBJ2-7	1
CSARYEPGQEKQYF	TRBV20-1	TRBJ2-7	1
CSARYESSYNEQFF	TRBV20-1	TRBJ2-1	1
CSARYGGSSYEQYF	TRBV20-1	TRBJ2-7	1
CSARYLGDSGNTIYF	TRBV20-1	TRBJ1-3	1
CSARYPATSGRRNIQYF	TRBV20-1	TRBJ2-4	1
CSARYRANTDTQYF	TRBV20-1	TRBJ2-3	1
CSARYRENNEQFF	TRBV20-1	TRBJ2-1	1
CSASAGLAEAFF	TRBV20-1	TRBJ1-1	1
CSASAGNQPQHF	TRBV20-1	TRBJ1-5	1
CSASAGNTEAFF	TRBV20-1	TRBJ1-1	1
CSASAGPGNEQFF	TRBV20-1	TRBJ2-1	1
CSASAISYNEQFF	TRBV20-1	TRBJ2-1	1
CSASAPRGLGEQYF	TRBV20-1	TRBJ2-7	3
CSASAPTSYEQYF	TRBV20-1	TRBJ2-7	1
CSASAPYYEQYF	TRBV20-1	TRBJ2-7	1
CSASAQRQNSYEQYF	TRBV20-1	TRBJ2-7	1
CSASARGQETQYF	TRBV20-1	TRBJ2-5	1
CSASASGHYNEQFF	TRBV20-1	TRBJ2-1	1
CSASASVAGSIYNEQFF	TRBV20-1	TRBJ2-1	1
CSASASWSYEQYF	TRBV20-1	TRBJ2-7	1
CSASATGPLSYEQYF	TRBV20-1	TRBJ2-7	1
CSASATSGGGYEQYF	TRBV20-1	TRBJ2-7	1
CSASATTANYGYTF	TRBV20-1	TRBJ1-2	1
CSASDGTSGYEQYF	TRBV20-1	TRBJ2-7	1
CSASDLDRATDTQYF	TRBV20-1	TRBJ2-3	1
CSASDPDNEQFF	TRBV20-1	TRBJ2-1	1
CSASDPMEQFF	TRBV20-1	TRBJ2-1	1
CSASDPNQGEAFF	TRBV20-1	TRBJ1-1	1
CSASDREGTDTQYF	TRBV20-1	TRBJ2-3	1
CSASDRELSGTGELFF	TRBV20-1	TRBJ2-2	2
CSASDRGVSGANVLTF	TRBV20-1	TRBJ2-6	1
CSASDSYGYTF	TRBV20-1	TRBJ1-2	1
CSASDTGLNTEAFF	TRBV20-1	TRBJ1-1	1
CSASDTQGVAEAFF	TRBV20-1	TRBJ1-1	1
CSASDVGLNQPQHF	TRBV20-1	TRBJ1-5	4
CSASEAGGFGYTF	TRBV20-1	TRBJ1-2	1
CSASEGAGEVYGYTF	TRBV20-1	TRBJ1-2	8
CSASEGARRETQYF	TRBV20-1	TRBJ2-5	1
CSASEGLNTEAFF	TRBV20-1	TRBJ1-1	1
CSASEMAFNQPQHF	TRBV20-1	TRBJ1-5	1
CSASESRAGGETQYF	TRBV20-1	TRBJ2-5	1
CSASETTLSSYNSPLHF	TRBV20-1	TRBJ1-6	1
CSASEYGNTIYF	TRBV20-1	TRBJ1-3	1
CSASFGTGELFF	TRBV20-1	TRBJ2-2	1
CSASFLGPLDEQYF	TRBV20-1	TRBJ2-7	1
CSASFRDTGELFF	TRBV20-1	TRBJ2-2	1
CSASFVGNQPQHF	TRBV20-1	TRBJ1-5	1
CSASGAGARLNTEAFF	TRBV20-1	TRBJ1-1	1
CSASGASFSTEAFF	TRBV20-1	TRBJ1-1	1
CSASGDRSTYEQYF	TRBV29-1	TRBJ2-7	1
CSASGGAGETQYF	TRBV20-1	TRBJ2-5	1
CSASGGAYEQYF	TRBV20-1	TRBJ2-7	1
CSASGGFSYEQYF	TRBV20-1	TRBJ2-7	1
CSASGGGAFNEQFF	TRBV20-1	TRBJ2-1	1
CSASGGGGTGEQFF	TRBV20-1	TRBJ2-1	1
CSASGGGIGNEQFF	TRBV20-1	TRBJ2-1	1
CSASGGLAGEYEQYF	TRBV20-1	TRBJ2-7	1
CSASGGPNTGELFF	TRBV20-1	TRBJ2-2	1
CSASGGRGPYEQYF	TRBV20-1	TRBJ2-7	1
CSASGLAAYNEQFF	TRBV20-1	TRBJ2-1	1
CSASGLAGDQETQYF	TRBV20-1	TRBJ2-5	1
CSASGLAGLQETQYF	TRBV20-1	TRBJ2-5	1
CSASGLSDTQYF	TRBV20-1	TRBJ2-3	1
CSASGNRGLKDSNQPQHF	TRBV20-1	TRBJ1-5	1
CSASGPAPGELFF	TRBV20-1	TRBJ2-2	1
CSASGPGLYYNEQFF	TRBV20-1	TRBJ2-1	19
CSASGPPVGTDTQYF	TRBV20-1	TRBJ2-3	1
CSASGPWGGTDTQYF	TRBV20-1	TRBJ2-3	1
CSASGQASYEQYF	TRBV20-1	TRBJ2-7	1
CSASGQGGTGELFF	TRBV20-1	TRBJ2-2	1
CSASGQGLNTGELFF	TRBV20-1	TRBJ2-2	8
CSASGQSGVYNEQFF	TRBV20-1	TRBJ2-1	2
CSASGREFYEQYF	TRBV20-1	TRBJ2-7	1
CSASGREGLDNEQFF	TRBV20-1	TRBJ2-1	1
CSASGRQGDGELFF	TRBV20-1	TRBJ2-2	1
CSASGSSSYEQYF	TRBV20-1	TRBJ2-7	1
CSASGTAYNEQFF	TRBV20-1	TRBJ2-1	1
CSASGTGARSSGNTIYF	TRBV20-1	TRBJ1-3	1
CSASGTGATNEKLFF	TRBV20-1	TRBJ1-4	1
CSASGTGENLTTSYEQYF	TRBV20-1	TRBJ2-7	1
CSASGTGTGAYEQYF	TRBV20-1	TRBJ2-7	1
CSASGTNTGELFF	TRBV20-1	TRBJ2-2	1
CSASGTSGDTDTQYF	TRBV20-1	TRBJ2-3	1
CSASGTSGMRNEQFF	TRBV20-1	TRBJ2-1	3
CSASGTSGTFVLETQYF	TRBV20-1	TRBJ2-5	1
CSASGTVIADTQYF	TRBV20-1	TRBJ2-3	1
CSASGVLSSGANVLTF	TRBV20-1	TRBJ2-6	1
CSASGVRDSLYEQYF	TRBV29-1	TRBJ2-7	2
CSASGVREGLTGELFF	TRBV20-1	TRBJ2-2	1
CSASGYIVNEQFF	TRBV20-1	TRBJ2-1	1
CSASHGTGGPAQYF	TRBV20-1	TRBJ2-7	1
CSASHQGAPEQYF	TRBV20-1	TRBJ2-7	1
CSASHRDRETYEQYF	TRBV20-1	TRBJ2-7	1
CSASIFRGETGDGGYGYTF	TRBV20-1	TRBJ1-2	1
CSASIFSASGKQETQYF	TRBV20-1	TRBJ2-5	1
CSASIGETQYF	TRBV20-1	TRBJ2-5	1
CSASILAGGYEQYF	TRBV20-1	TRBJ2-7	1
CSASIRDKRMNTEAFF	TRBV20-1	TRBJ1-1	1
CSASKGTVYLEETQYF	TRBV20-1	TRBJ2-5	1
CSASKQAREIYNEQFF	TRBV20-1	TRBJ2-1	2
CSASKRGHNYNEQFF	TRBV20-1	TRBJ2-1	1
CSASKTDNTGELFF	TRBV20-1	TRBJ2-2	1
CSASKTSGGAAEQYF	TRBV20-1	TRBJ2-7	1
CSASKVEQYF	TRBV20-1	TRBJ2-7	1
CSASLAGGFTEAFF	TRBV20-1	TRBJ1-1	1
CSASLALAMNEQYF	TRBV20-1	TRBJ2-7	1
CSASLASGRDEQFF	TRBV20-1	TRBJ2-1	1
CSASLGQDPANEKLFF	TRBV20-1	TRBJ1-4	1
CSASLGRGYEQYF	TRBV20-1	TRBJ2-7	1
CSASLIERGNTIYF	TRBV20-1	TRBJ1-3	1
CSASLLAGITDTQYF	TRBV20-1	TRBJ2-3	1
CSASLLSYNEQFF	TRBV20-1	TRBJ2-1	1
CSASLLWPNTEAFF	TRBV20-1	TRBJ1-1	1
CSASLPGQQYEQYF	TRBV20-1	TRBJ2-7	1
CSASLRGVSSGAQETQYF	TRBV20-1	TRBJ2-5	1
CSASMEQGPWGYTF	TRBV20-1	TRBJ1-2	1
CSASNEQEDYGYTF	TRBV20-1	TRBJ1-2	1
CSASNEQFF	TRBV20-1	TRBJ2-1	1
CSASNGTHTGELFF	TRBV20-1	TRBJ2-2	1
CSASNIAGRGVDTQYF	TRBV20-1	TRBJ2-3	1
CSASNIPTENYGYTF	TRBV20-1	TRBJ1-2	1
CSASPDGGWDTQYF	TRBV20-1	TRBJ2-3	1
CSASPEDLVQETQYF	TRBV20-1	TRBJ2-5	1
CSASPFKVGNEQFF	TRBV20-1	TRBJ2-1	1
CSASPGDTPYEQYF	TRBV20-1	TRBJ2-7	1
CSASPGDYEQYF	TRBV20-1	TRBJ2-7	529
CSASPGEAMNTEAFF	TRBV20-1	TRBJ1-1	1
CSASPGGSGPQHF	TRBV20-1	TRBJ1-5	1
CSASPGLAGGGEQYF	TRBV20-1	TRBJ2-7	1
CSASPGLATYEQYF	TRBV20-1	TRBJ2-7	1
CSASPGNEQYF	TRBV20-1	TRBJ2-7	1
CSASPGPLAGELFF	TRBV20-1	TRBJ2-2	1
CSASPGQAYNEQFF	TRBV20-1	TRBJ2-1	1
CSASPGQGTYEQYF	TRBV20-1	TRBJ2-7	1
CSASPGRVLSGYTF	TRBV20-1	TRBJ1-2	1
CSASPGSGEQYF	TRBV20-1	TRBJ2-7	1
CSASPGTSSYNEQFF	TRBV20-1	TRBJ2-1	1
CSASPKGRAYEQYF	TRBV20-1	TRBJ2-7	1
CSASPLAGGYEQYF	TRBV20-1	TRBJ2-7	1
CSASPLTGPIFYEQFF	TRBV20-1	TRBJ2-1	1
CSASPPGQTIYEQYF	TRBV20-1	TRBJ2-7	1
CSASPPSVWWTTEKLFF	TRBV20-1	TRBJ1-4	1
CSASPQAGDPYEQYF	TRBV20-1	TRBJ2-7	1
CSASPQTSEVPTGELFF	TRBV20-1	TRBJ2-2	1
CSASPRETQYF	TRBV20-1	TRBJ2-5	1
CSASPRGAWYTDTQYF	TRBV20-1	TRBJ2-3	1
CSASPRGRSYEQYF	TRBV20-1	TRBJ2-7	1
CSASPRQVTYNEQFF	TRBV20-1	TRBJ2-1	1
CSASPRVDEQYF	TRBV20-1	TRBJ2-7	1
CSASPRVNVHTEAFF	TRBV20-1	TRBJ1-1	1
CSASPSEGRTTNYGYTF	TRBV20-1	TRBJ1-2	1
CSASPSHGTRDYEQYF	TRBV20-1	TRBJ2-7	1
CSASPTGATEAFF	TRBV20-1	TRBJ1-1	7
CSASPTGQVSGYTF	TRBV20-1	TRBJ1-2	1
CSASPTTGINQPQHF	TRBV20-1	TRBJ1-5	1
CSASPVWSNQPQHF	TRBV20-1	TRBJ1-5	1
CSASQADRGRAYEQYF	TRBV20-1	TRBJ2-7	1
CSASQAEAYTGELFF	TRBV20-1	TRBJ2-2	1
CSASQAVLSEQYF	TRBV20-1	TRBJ2-7	1
CSASQEVWFPGYSNQPQHF	TRBV20-1	TRBJ1-5	1
CSASQGDDSYEQYF	TRBV20-1	TRBJ2-7	1
CSASQGGNQPQHF	TRBV20-1	TRBJ1-5	1
CSASQGGYVLNTEAFF	TRBV20-1	TRBJ1-1	1
CSASQGLADSPLHF	TRBV20-1	TRBJ1-6	1
CSASQGLNTGELFF	TRBV20-1	TRBJ2-2	1
CSASQGLYGYTF	TRBV20-1	TRBJ1-2	1
CSASQGSGNQPQHF	TRBV20-1	TRBJ1-5	1
CSASQGTSTDTQYF	TRBV20-1	TRBJ2-3	1
CSASQGTYEQYF	TRBV20-1	TRBJ2-7	1
CSASQLRGDLIKAFF	TRBV20-1	TRBJ1-1	1
CSASQREARSYNEQFF	TRBV20-1	TRBJ2-1	1
CSASQSRDRDRYLAATNEKLFF	TRBV20-1	TRBJ1-4	1
CSASRDGGYEQYF	TRBV20-1	TRBJ2-7	1
CSASRDRGPSYNEQFF	TRBV20-1	TRBJ2-1	1
CSASRDRLTTNEKLFF	TRBV20-1	TRBJ1-4	1
CSASRDSALTF	TRBV20-1	TRBJ1-2	1
CSASRDWGNQPQHF	TRBV20-1	TRBJ1-5	1
CSASRGGAFTDTQYF	TRBV20-1	TRBJ2-3	1
CSASRGGHTF	TRBV20-1	TRBJ1-2	1
CSASRGGSGALYNEQFF	TRBV20-1	TRBJ2-1	1
CSASRGRESDTQYF	TRBV20-1	TRBJ2-3	1
CSASRGSNTEAFF	TRBV20-1	TRBJ1-1	1
CSASRHPFLEQYF	TRBV20-1	TRBJ2-7	1
CSASRLAGAFYRGEQFF	TRBV20-1	TRBJ2-1	1
CSASRLAGGPDEQFF	TRBV20-1	TRBJ2-1	1
CSASRPTDYNEQFF	TRBV20-1	TRBJ2-1	1
CSASRQPTGELFF	TRBV20-1	TRBJ2-2	1
CSASRQWAQQETQYF	TRBV20-1	TRBJ2-5	1
CSASRSGQETQYF	TRBV20-1	TRBJ2-5	4
CSASRTEVGAHYEQYF	TRBV20-1	TRBJ2-7	1
CSASRVWDRETYEQYF	TRBV20-1	TRBJ2-7	1
CSASRWDDGDVYNEQFF	TRBV20-1	TRBJ2-1	1
CSASSAGTATYEQYF	TRBV20-1	TRBJ2-7	1
CSASSESSYGYTF	TRBV20-1	TRBJ1-2	1
CSASSGGLTYEQYF	TRBV20-1	TRBJ2-7	1
CSASSGGTREQYF	TRBV20-1	TRBJ2-7	1
CSASSGGTYNEQFF	TRBV20-1	TRBJ2-1	1
CSASSGQGHGYTF	TRBV20-1	TRBJ1-2	1
CSASSGRAAETQYF	TRBV20-1	TRBJ2-5	1
CSASSGRDYGYTF	TRBV20-1	TRBJ1-2	1
CSASSGVSYEQYF	TRBV20-1	TRBJ2-7	1
CSASSGVYNEQFF	TRBV20-1	TRBJ2-1	1
CSASSPGLAGGTSTDTQYF	TRBV20-1	TRBJ2-3	1
CSASSQGPYEQYF	TRBV20-1	TRBJ2-7	1
CSASSSGSSGNTIYF	TRBV20-1	TRBJ1-3	1
CSASSSLAGPTQYF	TRBV20-1	TRBJ2-3	1
CSASSSVAYEQYF	TRBV20-1	TRBJ2-7	1
CSASSTGVEHQETQYF	TRBV20-1	TRBJ2-5	1
CSASSWTSGHYNEQFF	TRBV20-1	TRBJ2-1	1
CSASSYMNTEAFF	TRBV20-1	TRBJ1-1	1
CSASSYSSANEKLFF	TRBV20-1	TRBJ1-4	1
CSASTAGLANYGYTF	TRBV20-1	TRBJ1-2	1
CSASTGAVTEAFF	TRBV20-1	TRBJ1-1	1
CSASTGGELFF	TRBV20-1	TRBJ2-2	1
CSASTGGGGPRNEQFF	TRBV20-1	TRBJ2-1	1
CSASTGGVSPLHF	TRBV20-1	TRBJ1-6	1
CSASTGGVYGYTF	TRBV20-1	TRBJ1-2	1
CSASTGTGYGNTIYF	TRBV20-1	TRBJ1-3	1
CSASTMASGYNEQFF	TRBV20-1	TRBJ2-1	1
CSASTNNEQFF	TRBV20-1	TRBJ2-1	1
CSASTPLERTISYNEQFF	TRBV20-1	TRBJ2-1	1
CSASTSGNSYEQYF	TRBV29-1	TRBJ2-7	1
CSASTTQGGTGYQPQHF	TRBV20-1	TRBJ1-5	1
CSASVLGSLYYEQYF	TRBV20-1	TRBJ2-7	1
CSASVPRQGWGEKLFF	TRBV20-1	TRBJ1-4	1
CSASVPSGRGEQYF	TRBV20-1	TRBJ2-7	1
CSASVRGAVGVEAFF	TRBV20-1	TRBJ1-1	1
CSASWGDYTEAFF	TRBV20-1	TRBJ1-1	5
CSASWLAGDSYNEQFF	TRBV20-1	TRBJ2-1	1
CSASWPGTGNTEAFF	TRBV20-1	TRBJ1-1	1
CSASWTGGTYEQYF	TRBV20-1	TRBJ2-7	1
CSASWVSSRNTEAFF	TRBV20-1	TRBJ1-1	1
CSASYDLSSYNEQFF	TRBV20-1	TRBJ2-1	1
CSASYGYTF	TRBV20-1	TRBJ1-2	1
CSASYYRDRGLYEQFF	TRBV20-1	TRBJ2-1	1
CSATAGGTDTQYF	TRBV20-1	TRBJ2-3	1
CSATALGPLDEQYF	TRBV20-1	TRBJ2-7	2
CSATAPGLRDHGQFF	TRBV20-1	TRBJ2-1	1
CSATAWTASTDTQYF	TRBV20-1	TRBJ2-3	1
CSATDERGSTSTDTQYF	TRBV20-1	TRBJ2-3	1
CSATDGLAGEQYF	TRBV20-1	TRBJ2-7	1
CSATDPLNGGMNTEAFF	TRBV20-1	TRBJ1-1	1
CSATDREKYSNQPQHF	TRBV20-1	TRBJ1-5	1
CSATDRGDDYGYTF	TRBV20-1	TRBJ1-2	1
CSATDRNYNEQFF	TRBV20-1	TRBJ2-1	1
CSATDRSTGELFF	TRBV20-1	TRBJ2-2	1
CSATDSGSGLTDTQYF	TRBV20-1	TRBJ2-3	1
CSATDSKYEQYF	TRBV20-1	TRBJ2-7	1
CSATDSYEQYF	TRBV20-1	TRBJ2-7	1
CSATEFSGELFF	TRBV20-1	TRBJ2-2	1
CSATESGEVDEQYF	TRBV20-1	TRBJ2-7	1
CSATFGTSGAYEQYF	TRBV20-1	TRBJ2-7	1
CSATGAGGYTF	TRBV20-1	TRBJ1-2	1
CSATGGDYNEQFF	TRBV20-1	TRBJ2-1	1
CSATGLAEETQYF	TRBV20-1	TRBJ2-5	1
CSATGLAGGEFTDTQYF	TRBV20-1	TRBJ2-3	1
CSATGLAGGPYEQYF	TRBV20-1	TRBJ2-7	1
CSATGLAGVNPYNEQFF	TRBV20-1	TRBJ2-1	1
CSATGLASGELFF	TRBV20-1	TRBJ2-2	1
CSATGLTQETQYF	TRBV20-1	TRBJ2-5	1
CSATGQGNTEAFF	TRBV20-1	TRBJ1-1	1
CSATGRDPNTDTQYF	TRBV20-1	TRBJ2-3	1
CSATGREVNEKLFF	TRBV20-1	TRBJ1-4	1
CSATGSGVSYNSPLHF	TRBV20-1	TRBJ1-6	1
CSATGTASYEQYF	TRBV20-1	TRBJ2-7	1
CSATGTDLNQPQHF	TRBV20-1	TRBJ1-5	1
CSATGTDNYGYTF	TRBV20-1	TRBJ1-2	1
CSATGTEDEKLFF	TRBV20-1	TRBJ1-4	1
CSATGTQANYGYTF	TRBV20-1	TRBJ1-2	1
CSATGTQGYEQYF	TRBV20-1	TRBJ2-7	1
CSATGTSFTDTQYF	TRBV20-1	TRBJ2-3	1
CSATGTSNGYTF	TRBV20-1	TRBJ1-2	1
CSATGTSSYEQYF	TRBV20-1	TRBJ2-7	1
CSATHGRAHEQYF	TRBV20-1	TRBJ2-7	1
CSATHTGLRTYEQYF	TRBV20-1	TRBJ2-7	1
CSATIAGAVEQYF	TRBV20-1	TRBJ2-7	1
CSATILENNEQFF	TRBV20-1	TRBJ2-1	1
CSATKDRDDYGYTF	TRBV20-1	TRBJ1-2	1
CSATKREGLSGYEQYF	TRBV20-1	TRBJ2-7	1
CSATLAGEEAQPQHF	TRBV20-1	TRBJ1-5	1
CSATLIGVPEAFF	TRBV20-1	TRBJ1-1	1
CSATLPDRGGQPQHF	TRBV20-1	TRBJ1-5	1
CSATLQGASNYGYTF	TRBV20-1	TRBJ1-2	1
CSATLQGQPDTQYF	TRBV20-1	TRBJ2-3	1
CSATLTSGGIYEQYF	TRBV20-1	TRBJ2-7	1
CSATNLGRDLHEQYF	TRBV20-1	TRBJ2-7	1
CSATNPSTDTQYF	TRBV20-1	TRBJ2-3	1
CSATNRYSPEQYF	TRBV20-1	TRBJ2-7	1
CSATPDLWGYNSPLHF	TRBV20-1	TRBJ1-6	1
CSATPGQNYQPQHF	TRBV20-1	TRBJ1-5	1
CSATPLGQAYEQYF	TRBV20-1	TRBJ2-7	1
CSATPLLAEGWNEQFF	TRBV29-1	TRBJ2-1	1
CSATPLVSGTVYEQFF	TRBV20-1	TRBJ2-1	1
CSATPRPPTF	TRBV20-1	TRBJ1-2	1
CSATPSGIAYEQYF	TRBV20-1	TRBJ2-7	1
CSATPTGEGYEQYF	TRBV20-1	TRBJ2-7	1
CSATPTGVGQPQHF	TRBV20-1	TRBJ1-5	1
CSATPTSGLDTQYF	TRBV20-1	TRBJ2-3	2
CSATPWAPGQIYYGYTF	TRBV20-1	TRBJ1-2	1
CSATQAGPSYEQYF	TRBV20-1	TRBJ2-7	1
CSATQGHTEAFF	TRBV20-1	TRBJ1-1	2
CSATQIREGLQPQHF	TRBV20-1	TRBJ1-5	1
CSATQQVRNTEAFF	TRBV20-1	TRBJ1-1	1
CSATRGGNTEAFF	TRBV20-1	TRBJ1-1	1
CSATRLVDGSYEQYF	TRBV20-1	TRBJ2-7	1
CSATRRDTSYEQYF	TRBV20-1	TRBJ2-7	1
CSATRRGESNQPQHF	TRBV20-1	TRBJ1-5	1
CSATRRGYGLSGELFF	TRBV20-1	TRBJ2-2	1
CSATSGGAENEQFF	TRBV20-1	TRBJ2-1	1
CSATSPEGSVSEQYF	TRBV20-1	TRBJ2-7	1
CSATTDRNEKLFF	TRBV20-1	TRBJ1-4	1
CSATTDSELQTYEQYF	TRBV20-1	TRBJ2-7	1
CSATTGDRNEQFF	TRBV29-1	TRBJ2-1	1
CSATTGDYNSPLHF	TRBV20-1	TRBJ1-6	1
CSATTGGNYEQYF	TRBV20-1	TRBJ2-7	1
CSATTGSTAGFQPQHF	TRBV20-1	TRBJ1-5	1
CSATTGTGPTEAFF	TRBV20-1	TRBJ1-1	1
CSATTGTSAITDTQYF	TRBV20-1	TRBJ2-3	1
CSATTLSLYGYTF	TRBV20-1	TRBJ1-2	1
CSATTPGRTYQETQYF	TRBV20-1	TRBJ2-5	1
CSATTRDSNQPQHF	TRBV20-1	TRBJ1-5	1
CSATTRHKNSNQPQHF	TRBV20-1	TRBJ1-5	1
CSATTSGGTEFPYEQYF	TRBV20-1	TRBJ2-7	1
CSATVAEGRPRNEQFF	TRBV20-1	TRBJ2-1	1
CSATVLAGRQETQYF	TRBV20-1	TRBJ2-5	1
CSATVLGEQYF	TRBV20-1	TRBJ2-7	1
CSATVPSGSYEQYF	TRBV20-1	TRBJ2-7	1
CSATVQGSSYNEQFF	TRBV20-1	TRBJ2-1	1
CSATYEQYF	TRBV20-1	TRBJ2-7	1
CSATYTDTQYF	TRBV20-1	TRBJ2-3	1
CSAVAGVLYNEQFF	TRBV29-1	TRBJ2-1	1
CSAVDRGNQPQHF	TRBV20-1	TRBJ1-5	1
CSAVDRGTNYGYTF	TRBV20-1	TRBJ1-2	1
CSAVDSSNQPQHF	TRBV20-1	TRBJ1-5	1
CSAVGPNLGTEAFF	TRBV20-1	TRBJ1-1	1
CSAVGQGLNYEQYF	TRBV20-1	TRBJ2-7	1
CSAVGQHEQYF	TRBV29-1	TRBJ2-7	1
CSAVLDVRTDTQYF	TRBV20-1	TRBJ2-3	1
CSAVNEKLFF	TRBV20-1	TRBJ1-4	1
CSAVPFSNQPQHF	TRBV20-1	TRBJ1-5	1
CSAVPGIDYGYTF	TRBV20-1	TRBJ1-2	1
CSAVRDRGRPGELFF	TRBV20-1	TRBJ2-2	1
CSAVRVIAGNQPQHF	TRBV20-1	TRBJ1-5	1
CSAVSGREPDTQYF	TRBV20-1	TRBJ2-3	1
CSAVSSGRIPEIEGPSSGYTF	TRBV20-1	TRBJ1-2	1
CSAVVPSSYEQYF	TRBV20-1	TRBJ2-7	1
CSAVYRGSFGLPGETQYF	TRBV20-1	TRBJ2-5	1
CSAWAGELGFGYTF	TRBV20-1	TRBJ1-2	1
CSAWANYEQYF	TRBV20-1	TRBJ2-7	1
CSAWASSSSYEQYF	TRBV20-1	TRBJ2-7	1
CSAWDGSSGNTIYF	TRBV20-1	TRBJ1-3	1
CSAWDRAAYEQYF	TRBV20-1	TRBJ2-7	1
CSAWDREGEQYF	TRBV20-1	TRBJ2-7	1
CSAWEGAEIYNEQFF	TRBV20-1	TRBJ2-1	1
CSAWGDYGYTF	TRBV20-1	TRBJ1-2	1
CSAWGIQDTQYF	TRBV20-1	TRBJ2-3	11
CSAWGLADNTDTQYF	TRBV20-1	TRBJ2-3	1
CSAWNGTGSNEQYF	TRBV29-1	TRBJ2-7	1
CSAWRQGESTDTQYF	TRBV20-1	TRBJ2-3	1
CSAWTGNTEAFF	TRBV20-1	TRBJ1-1	1
CSAWTGRIFDTQYF	TRBV20-1	TRBJ2-3	2
CSAWTGSSQPQHF	TRBV20-1	TRBJ1-5	1
CSAWTRGDEQFF	TRBV20-1	TRBJ2-1	1
CSAWTSGGTYNEQFF	TRBV20-1	TRBJ2-1	2
CSAWVRDTRPEQYF	TRBV20-1	TRBJ2-7	1
CSAYAGTSGYEQYF	TRBV20-1	TRBJ2-7	1
CSAYDRHYSNQPQHF	TRBV20-1	TRBJ1-5	1
CSAYEGTNYGYTF	TRBV20-1	TRBJ1-2	1
CSAYGTEESYEQYF	TRBV29-1	TRBJ2-7	1
CSAYGTVNYGYTF	TRBV20-1	TRBJ1-2	1
CSAYLPLAGDAEQFF	TRBV20-1	TRBJ2-1	1
CSAYLQGSSYEQYF	TRBV20-1	TRBJ2-7	1
CSAYPWDRVAYEQYF	TRBV20-1	TRBJ2-7	1
CSAYPYKFF	TRBV20-1	TRBJ2-1	1
CSAYPYRDNQETQYF	TRBV20-1	TRBJ2-5	1
CSAYSGDGGYEQYF	TRBV20-1	TRBJ2-7	1
CSAYTGGGYTF	TRBV20-1	TRBJ1-2	1
CSDGQGSVAPTIRSSYNEQFF	TRBV29-1	TRBJ2-1	1
CSDLDSNTGELFF	TRBV29-1	TRBJ2-2	1
CSDNLAGGSYNEQFF	TRBV20-1	TRBJ2-1	1
CSEGANGYTF	TRBV20-1	TRBJ1-2	1
CSERTGSGSVDTQYF	TRBV29-1	TRBJ2-3	1
CSFGQGMNEQYF	TRBV20-1	TRBJ2-7	1
CSFHLPRLPCYEQYF	TRBV29-1	TRBJ2-7	1
CSFHNRLRDRGRGVAEAFF	TRBV20-1	TRBJ1-1	1
CSFRAASSYEQYF	TRBV29-1	TRBJ2-7	1
CSFRDRGRHEQYF	TRBV20-1	TRBJ2-7	1
CSFRLGGDQETQYF	TRBV29-1	TRBJ2-5	1
CSFSSTDTQYF	TRBV20-1	TRBJ2-3	1
CSGADYGSEQYF	TRBV29-1	TRBJ2-7	1
CSGAFSGGVWNEQFF	TRBV20-1	TRBJ2-1	1
CSGAGTSGINEQFF	TRBV20-1	TRBJ2-1	1
CSGAQREIDTQYF	TRBV20-1	TRBJ2-3	1
CSGARWKSSYNEQFF	TRBV20-1	TRBJ2-1	1
CSGASGRHTQYF	TRBV20-1	TRBJ2-3	1
CSGDSNNEQFF	TRBV20-1	TRBJ2-1	1
CSGEGAGANVLTF	TRBV20-1	TRBJ2-6	1
CSGELRGSTDTQYF	TRBV20-1	TRBJ2-3	1
CSGETDNYGYTF	TRBV29-1	TRBJ1-2	1
CSGETSRDRGEGGELFF	TRBV29-1	TRBJ2-2	1
CSGFFSGSYNEQFF	TRBV29-1	TRBJ2-1	1
CSGGPGGYEQYF	TRBV29-1	TRBJ2-7	1
CSGGSEDSDFGTEAFF	TRBV20-1	TRBJ1-1	1
CSGGTSGSHEQYF	TRBV29-1	TRBJ2-7	1
CSGGYRNSYNEQFF	TRBV20-1	TRBJ2-1	1
CSGITDTQYF	TRBV20-1	TRBJ2-3	1
CSGLFQGASNQPQHF	TRBV29-1	TRBJ1-5	1
CSGLGTGAPYEQYF	TRBV20-1	TRBJ2-7	1
CSGLGTGSNTGELFF	TRBV20-1	TRBJ2-2	1
CSGLVAGSSYEQYF	TRBV20-1	TRBJ2-7	1
CSGRDTDTEAFF	TRBV29-1	TRBJ1-1	1
CSGRDYTEAFF	TRBV29-1	TRBJ1-1	1
CSGRLAGGSFYEQYF	TRBV20-1	TRBJ2-7	1
CSGRTSENYEQYF	TRBV20-1	TRBJ2-7	1
CSGSGLAFDIQYF	TRBV20-1	TRBJ2-4	1
CSGTGSSYEQYF	TRBV20-1	TRBJ2-7	1
CSGTGTSGRASNEQFF	TRBV29-1	TRBJ2-1	1
CSGTPGDRYEQYF	TRBV20-1	TRBJ2-7	1
CSGTSGYKGETQYF	TRBV20-1	TRBJ2-5	1
CSGTSSQTYEQYF	TRBV20-1	TRBJ2-7	1
CSGVWDGSYEQYF	TRBV20-1	TRBJ2-7	1
CSGWETQETQYF	TRBV20-1	TRBJ2-5	1
CSGWGASTDTQYF	TRBV20-1	TRBJ2-3	1
CSGYGTGSYEQYF	TRBV20-1	TRBJ2-7	1
CSHDSSQTEDEQFF	TRBV20-1	TRBJ2-1	1
CSHGSTDSYEQYF	TRBV29-1	TRBJ2-7	1
CSHGTSYEQYF	TRBV20-1	TRBJ2-7	1
CSHRGAITEAFF	TRBV20-1	TRBJ1-1	1
CSHRGLYNEQFF	TRBV20-1	TRBJ2-1	1
CSHVGQREVTDTQYF	TRBV20-1	TRBJ2-3	1
CSHWGGVGYEQYF	TRBV20-1	TRBJ2-7	1
CSIEPQNTEAFF	TRBV29-1	TRBJ1-1	1
CSLDRTPASNYGYTF	TRBV20-1	TRBJ1-2	1
CSLGGDGNEQFF	TRBV29-1	TRBJ2-1	1
CSLGGGGSYEQYF	TRBV20-1	TRBJ2-7	1
CSLHPTSGGENTQYF	TRBV29-1	TRBJ2-3	1
CSLIQGLGTEAFF	TRBV20-1	TRBJ1-1	1
CSLKDRGRNGEQYF	TRBV20-1	TRBJ2-7	1
CSLLNGNTIYF	TRBV20-1	TRBJ1-3	1
CSLLTRDGYTF	TRBV29-1	TRBJ1-2	1
CSLPGLAYNEQFF	TRBV29-1	TRBJ2-1	1
CSLTGGNTEAFF	TRBV29-1	TRBJ1-1	1
CSLYPGSNYGYTF	TRBV20-1	TRBJ1-2	1
CSPATEAFF	TRBV12-4	TRBJ1-1	1
CSPDRGHQTDTQYF	TRBV20-1	TRBJ2-3	1
CSPDRQKISYEQYF	TRBV20-1	TRBJ2-7	1
CSPGTGTLLNDEQFF	TRBV20-1	TRBJ2-1	1
CSPGTVYGYTF	TRBV20-1	TRBJ1-2	1
CSPKEGNNEQFF	TRBV20-1	TRBJ2-1	2
CSPMDRQETQYF	TRBV29-1	TRBJ2-5	1
CSPPESDTQYF	TRBV20-1	TRBJ2-3	1
CSPRRGLNTEAFF	TRBV20-1	TRBJ1-1	1
CSPSSGAGEETQYF	TRBV20-1	TRBJ2-5	1
CSPYGTSGSGQYF	TRBV20-1	TRBJ2-7	1
CSREVVNTEAFF	TRBV20-1	TRBJ1-1	1
CSRREGVSYNEQFF	TRBV20-1	TRBJ2-1	1
CSSAGVSYNEQFF	TRBV20-1	TRBJ2-1	1
CSSDSGGDSTDTQYF	TRBV20-1	TRBJ2-3	1
CSSEYLGQAGVGTGELFF	TRBV20-1	TRBJ2-2	1
CSSFFTDTQYF	TRBV29-1	TRBJ2-3	1
CSSKGVPYNEQFF	TRBV20-1	TRBJ2-1	1
CSSLSGGVWGEQFF	TRBV20-1	TRBJ2-1	1
CSSQAGGSYNEQFF	TRBV20-1	TRBJ2-1	1
CSSRMENTGELFF	TRBV29-1	TRBJ2-2	1
CSSTDSYEQYF	TRBV5-1	TRBJ2-7	1
CSSTGGGALLNEQFF	TRBV20-1	TRBJ2-1	1
CSSTGGGRYGYTF	TRBV29-1	TRBJ1-2	1
CSSWGTSTYNEQFF	TRBV29-1	TRBJ2-1	1
CSTFEGSYNEQFF	TRBV20-1	TRBJ2-1	1
CSTGETQYF	TRBV20-1	TRBJ2-5	1
CSTGRQGFGYGYTF	TRBV20-1	TRBJ1-2	1
CSTGTGYEQYF	TRBV20-1	TRBJ2-7	1
CSTGTNTGELFF	TRBV20-1	TRBJ2-2	1
CSTKVSPYYGYTF	TRBV20-1	TRBJ1-2	1
CSTLTGSYGYTF	TRBV29-1	TRBJ1-2	1
CSTNFLGRVTGELFF	TRBV20-1	TRBJ2-2	1
CSTPRAGTGTDTQYF	TRBV20-1	TRBJ2-3	1
CSTQGQGNYGYTF	TRBV20-1	TRBJ1-2	1
CSTRGGSGYGYTF	TRBV29-1	TRBJ1-2	1
CSTRGNTEAFF	TRBV20-1	TRBJ1-1	1
CSTRGTSYEQYF	TRBV29-1	TRBJ2-7	1
CSTTALAGLTYEQYF	TRBV20-1	TRBJ2-7	1
CSTYVGDGYTF	TRBV20-1	TRBJ1-2	1
CSVAAGGYEQYF	TRBV29-1	TRBJ2-7	1
CSVADGGRGGGTDTQYF	TRBV29-1	TRBJ2-3	1
CSVADQGNTEAFF	TRBV29-1	TRBJ1-1	1
CSVAEAANYGYTF	TRBV29-1	TRBJ1-2	1
CSVAEDRGSPLHF	TRBV29-1	TRBJ1-6	1
CSVAFLDRGSYEQYF	TRBV29-1	TRBJ2-7	1
CSVAFWASGNTGELFF	TRBV29-1	TRBJ2-2	1
CSVAGAMHYGYTF	TRBV29-1	TRBJ1-2	1
CSVAGDGQPQHF	TRBV29-1	TRBJ1-5	1
CSVAGEGSPLHF	TRBV20-1	TRBJ1-6	1
CSVAGGADEQFF	TRBV29-1	TRBJ2-1	1
CSVAGLAGGHEQFF	TRBV29-1	TRBJ2-1	1
CSVAGLHSGNTIYF	TRBV29-1	TRBJ1-3	1
CSVAGQGSPYEQYF	TRBV29-1	TRBJ2-7	1
CSVAGRAGELFF	TRBV29-1	TRBJ2-2	1
CSVAGSGHEQYF	TRBV29-1	TRBJ2-7	1
CSVAGTGQGPYEQYF	TRBV29-1	TRBJ2-7	1
CSVAGTSGGAYEQYF	TRBV29-1	TRBJ2-7	1
CSVAGTSNTEAFF	TRBV29-1	TRBJ1-1	1
CSVAILEANEQFF	TRBV29-1	TRBJ2-1	1
CSVAPGTVSYNEQFF	TRBV29-1	TRBJ2-1	1
CSVAPMNTEAFF	TRBV29-1	TRBJ1-1	1
CSVAPPQGNNYGYTF	TRBV29-1	TRBJ1-2	1
CSVARLAASTDTQYF	TRBV29-1	TRBJ2-3	1
CSVARMNTEAFF	TRBV29-1	TRBJ1-1	1
CSVARSGEARTDTQYF	TRBV29-1	TRBJ2-3	1
CSVASGSSHYEQYF	TRBV29-1	TRBJ2-7	1
CSVASWGQRGMYGYTF	TRBV20-1	TRBJ1-2	1
CSVASYKNTGELFF	TRBV29-1	TRBJ2-2	1
CSVATSGSVYEQYF	TRBV20-1	TRBJ2-7	1
CSVATSSYEQYF	TRBV29-1	TRBJ2-7	1
CSVAWRQGHPMGTEAFF	TRBV29-1	TRBJ1-1	1
CSVDAGQSNYEQYF	TRBV29-1	TRBJ2-7	1
CSVDALGRGHGGYTF	TRBV29-1	TRBJ1-2	1
CSVDDFYNEQFF	TRBV29-1	TRBJ2-1	1
CSVDFGGPTDTQYF	TRBV29-1	TRBJ2-3	1
CSVDGAGGRSNEQFF	TRBV29-1	TRBJ2-1	1
CSVDGDTDTQYF	TRBV29-1	TRBJ2-3	1
CSVDGGAYEQYF	TRBV29-1	TRBJ2-7	1
CSVDGGQGYEQYF	TRBV29-1	TRBJ2-7	1
CSVDGQGTYEQYF	TRBV29-1	TRBJ2-7	1
CSVDGQPTGVTYNEQFF	TRBV29-1	TRBJ2-1	1
CSVDGRAEAFF	TRBV29-1	TRBJ1-1	1
CSVDGTGVHEQYF	TRBV29-1	TRBJ2-7	1
CSVDGTPPSYGYTF	TRBV29-1	TRBJ1-2	1
CSVDGTRPKVDEQFF	TRBV29-1	TRBJ2-1	1
CSVDGVDSNQPQHF	TRBV29-1	TRBJ1-5	1
CSVDGVSVETQYF	TRBV29-1	TRBJ2-5	1
CSVDHQGSLHF	TRBV29-1	TRBJ1-6	1
CSVDIDRGSGANVLTF	TRBV29-1	TRBJ2-6	1
CSVDKGTGGAGYTF	TRBV29-1	TRBJ1-2	1
CSVDKTAEAFF	TRBV20-1	TRBJ1-1	1
CSVDLAGGPQNPYNEQFF	TRBV29-1	TRBJ2-1	1
CSVDLAGNTGELFF	TRBV29-1	TRBJ2-2	1
CSVDMNTEAFF	TRBV29-1	TRBJ1-1	1
CSVDPERGSGYTF	TRBV29-1	TRBJ1-2	1
CSVDPGGQGNTEAFF	TRBV29-1	TRBJ1-1	1
CSVDPLWTSGIEQFF	TRBV29-1	TRBJ2-1	1
CSVDPRDRVGNEQFF	TRBV29-1	TRBJ2-1	1
CSVDQGGGRMGESYTF	TRBV29-1	TRBJ1-2	1
CSVDQQEIYGYTF	TRBV29-1	TRBJ1-2	1
CSVDQTRALDGYTF	TRBV29-1	TRBJ1-2	1
CSVDRGNNYGYTF	TRBV29-1	TRBJ1-2	1
CSVDRGQGIQYF	TRBV29-1	TRBJ2-4	1
CSVDRGSLGGYTF	TRBV29-1	TRBJ1-2	1
CSVDSDRERYNEQFF	TRBV29-1	TRBJ2-1	1
CSVDSGDTNTGELFF	TRBV29-1	TRBJ2-2	1
CSVDSIGEGQGDYGYTF	TRBV29-1	TRBJ1-2	1
CSVDSKGDWGASNTEAFF	TRBV29-1	TRBJ1-1	1
CSVDSLAKNYNEQFF	TRBV29-1	TRBJ2-1	1
CSVDSLTSDPTEQFF	TRBV29-1	TRBJ2-1	1
CSVDSPTDGYTF	TRBV29-1	TRBJ1-2	1
CSVDSVKGSDYEQYF	TRBV29-1	TRBJ2-7	1
CSVDTAGGGEQFF	TRBV29-1	TRBJ2-1	1
CSVDTGDTEAFF	TRBV29-1	TRBJ1-1	1
CSVDTSGGRTDTQYF	TRBV29-1	TRBJ2-3	1
CSVDVAENYGYTF	TRBV29-1	TRBJ1-2	1
CSVDVKQADGYTF	TRBV29-1	TRBJ1-2	1
CSVDVRAGKTYNEQFF	TRBV29-1	TRBJ2-1	1
CSVDWGNTEAFF	TRBV29-1	TRBJ1-1	1
CSVDYVTGGTDTQYF	TRBV29-1	TRBJ2-3	1
CSVEAESGELFF	TRBV29-1	TRBJ2-2	1
CSVEAFLQTARPNTDTQYF	TRBV29-1	TRBJ2-3	1
CSVEAGPTNEKLFF	TRBV29-1	TRBJ1-4	1
CSVEAGTYGYTF	TRBV29-1	TRBJ1-2	1
CSVEALRGQGVYNEQFF	TRBV29-1	TRBJ2-1	1
CSVEANNGTSGRSQETQYF	TRBV29-1	TRBJ2-5	1
CSVEAQDSSYEQYF	TRBV29-1	TRBJ2-7	1
CSVEARQGSLYGYTF	TRBV29-1	TRBJ1-2	1
CSVEASGRGDNEQFF	TRBV29-1	TRBJ2-1	1
CSVEASPGYEQYF	TRBV29-1	TRBJ2-7	1
CSVEDAGSNEKLFF	TRBV29-1	TRBJ1-4	1
CSVEDAQAYYGYTF	TRBV29-1	TRBJ1-2	1
CSVEDASGGTTDTQYF	TRBV29-1	TRBJ2-3	1
CSVEDDHPGTGSHQPQHF	TRBV29-1	TRBJ1-5	1
CSVEDEEGQGAEAFF	TRBV29-1	TRBJ1-1	1
CSVEDEGVPGELFF	TRBV29-1	TRBJ2-2	1
CSVEDEIRQGATGELFF	TRBV29-1	TRBJ2-2	1
CSVEDERTSGREGSYNEQFF	TRBV29-1	TRBJ2-1	1
CSVEDFGGPANTGELFF	TRBV29-1	TRBJ2-2	1
CSVEDFGNQETQYF	TRBV29-1	TRBJ2-5	4
CSVEDGGRGGSTDTQYF	TRBV29-1	TRBJ2-3	1
CSVEDGLAGNYEQYF	TRBV29-1	TRBJ2-7	1
CSVEDGPPGEGGYEQYF	TRBV29-1	TRBJ2-7	1
CSVEDGVVADTQYF	TRBV29-1	TRBJ2-3	1
CSVEDHPSHPANEQFF	TRBV29-1	TRBJ2-1	1
CSVEDKGVNSYEQYF	TRBV29-1	TRBJ2-7	1
CSVEDLGFSGSSISYNEQFF	TRBV29-1	TRBJ2-1	1
CSVEDLGQGRYEQYF	TRBV29-1	TRBJ2-7	1
CSVEDLGSTDTQYF	TRBV29-1	TRBJ2-3	1
CSVEDLGYGYTF	TRBV29-1	TRBJ1-2	1
CSVEDLQLGAYFGYTF	TRBV29-1	TRBJ1-2	1
CSVEDPAGDSYEQYF	TRBV29-1	TRBJ2-7	1
CSVEDPDLNRLTDTQYF	TRBV29-1	TRBJ2-3	1
CSVEDPDRSSYNEQFF	TRBV29-1	TRBJ2-1	1
CSVEDPGGSYNEQFF	TRBV29-1	TRBJ2-1	1
CSVEDPGHLRGEQYF	TRBV29-1	TRBJ2-7	1
CSVEDPGPRSSYEQYF	TRBV29-1	TRBJ2-7	1
CSVEDPGRGGLYEQYF	TRBV29-1	TRBJ2-7	1
CSVEDPGRGNTQYF	TRBV29-1	TRBJ2-3	1
CSVEDPYEGSYNEQFF	TRBV29-1	TRBJ2-1	1
CSVEDQIEMYF	TRBV29-1	TRBJ2-7	1
CSVEDRDLGAYNEQFF	TRBV29-1	TRBJ2-1	1
CSVEDRGALYNEQFF	TRBV29-1	TRBJ2-1	1
CSVEDRGEQFF	TRBV29-1	TRBJ2-1	1
CSVEDRGPAGYEQYF	TRBV29-1	TRBJ2-7	1
CSVEDRGPPGSGANVLTF	TRBV29-1	TRBJ2-6	1
CSVEDRGQNYNEQFF	TRBV29-1	TRBJ2-1	1
CSVEDRHPPKNIQYF	TRBV29-1	TRBJ2-4	1
CSVEDRLAGGEGSYNEQFF	TRBV29-1	TRBJ2-1	1
CSVEDRQAPSTDTQYF	TRBV29-1	TRBJ2-3	1
CSVEDRRGFPYEQYF	TRBV29-1	TRBJ2-7	1
CSVEDRRQGIYYGYTF	TRBV29-1	TRBJ1-2	1
CSVEDRVGEQYF	TRBV29-1	TRBJ2-7	1
CSVEDSRVNPEAFF	TRBV29-1	TRBJ1-1	1
CSVEDSSPLNYGYTF	TRBV29-1	TRBJ1-2	1
CSVEDTGDRGTEAFF	TRBV29-1	TRBJ1-1	1
CSVEDTGQNYGYTF	TRBV29-1	TRBJ1-2	1
CSVEDTGYEQYF	TRBV29-1	TRBJ2-7	1
CSVEDTPGETQYF	TRBV29-1	TRBJ2-5	1
CSVEDTSSYEQYF	TRBV29-1	TRBJ2-7	1
CSVEDVEQFF	TRBV29-1	TRBJ2-1	1
CSVEDWSSGLYNEQFF	TRBV29-1	TRBJ2-1	1
CSVEDWSWGISLEGLNEQFF	TRBV29-1	TRBJ2-1	9
CSVEDWTGQGHGYTF	TRBV29-1	TRBJ1-2	1
CSVEDWTSGNTDTQYF	TRBV29-1	TRBJ2-3	1
CSVEDYREDTEAFF	TRBV29-1	TRBJ1-1	1
CSVEEAGELFF	TRBV29-1	TRBJ2-2	1
CSVEEAGSNTGELFF	TRBV29-1	TRBJ2-2	1
CSVEEDDRGNYGYTF	TRBV29-1	TRBJ1-2	1
CSVEEDREYNTGELFF	TRBV29-1	TRBJ2-2	1
CSVEEDSGANSYEQYF	TRBV29-1	TRBJ2-7	1
CSVEEFFQGTNYGYTF	TRBV29-1	TRBJ1-2	1
CSVEEGGDEQYF	TRBV29-1	TRBJ2-7	1
CSVEEGGSGYEQYF	TRBV29-1	TRBJ2-7	1
CSVEEGHYGYTF	TRBV29-1	TRBJ1-2	1
CSVEEGQGEDNEQFF	TRBV29-1	TRBJ2-1	1
CSVEEGYEQYF	TRBV29-1	TRBJ2-7	1
CSVEEQQETQYF	TRBV29-1	TRBJ2-5	1
CSVEERDLGLNEQFF	TRBV29-1	TRBJ2-1	1
CSVEETDSGANVLTF	TRBV29-1	TRBJ2-6	1
CSVEETGGPDTIYF	TRBV29-1	TRBJ1-3	1
CSVEFAGLDTQYF	TRBV29-1	TRBJ2-3	1
CSVEFFGELFF	TRBV29-1	TRBJ2-2	4
CSVEFGLKGKAYEQYF	TRBV29-1	TRBJ2-7	1
CSVEFGTGSRRNTGELFF	TRBV29-1	TRBJ2-2	1
CSVEFQGQGYEQYF	TRBV29-1	TRBJ2-7	1
CSVEFSGGSYEQYF	TRBV29-1	TRBJ2-7	1
CSVEGAGFETQYF	TRBV29-1	TRBJ2-5	1
CSVEGAGTGTYNEQFF	TRBV29-1	TRBJ2-1	1
CSVEGDRGPYGYTF	TRBV29-1	TRBJ1-2	1
CSVEGDRGVYEQYF	TRBV29-1	TRBJ2-7	1
CSVEGEGRANEQFF	TRBV29-1	TRBJ2-1	1
CSVEGELNEQFF	TRBV29-1	TRBJ2-1	1
CSVEGFDLVSSYNEQFF	TRBV29-1	TRBJ2-1	4
CSVEGFGASSYEQYF	TRBV29-1	TRBJ2-7	1
CSVEGGDIVSYNEQFF	TRBV29-1	TRBJ2-1	2
CSVEGGGGVPQGTQYF	TRBV29-1	TRBJ2-3	1
CSVEGGLAGAGGYEQYF	TRBV29-1	TRBJ2-7	2
CSVEGGMNTEAFF	TRBV29-1	TRBJ1-1	1
CSVEGGQRPSYNEQFF	TRBV29-1	TRBJ2-1	1
CSVEGGQTSGELFF	TRBV29-1	TRBJ2-2	1
CSVEGGRYNEQFF	TRBV29-1	TRBJ2-1	1
CSVEGGSRYNEQFF	TRBV29-1	TRBJ2-1	1
CSVEGGTAPSGANVLTF	TRBV29-1	TRBJ2-6	1
CSVEGGTPSAYNEQFF	TRBV29-1	TRBJ2-1	3
CSVEGGTSGRGFGYEQYF	TRBV29-1	TRBJ2-7	1
CSVEGGTSGRNEQFF	TRBV29-1	TRBJ2-1	1
CSVEGGTVSQETQYF	TRBV29-1	TRBJ2-5	1
CSVEGGWQKETQYF	TRBV29-1	TRBJ2-5	1
CSVEGIQGPYGYTF	TRBV29-1	TRBJ1-2	1
CSVEGLAGVQETQYF	TRBV29-1	TRBJ2-5	1
CSVEGLKSEAFF	TRBV29-1	TRBJ1-1	1
CSVEGLRPGTHSSTDTQYF	TRBV29-1	TRBJ2-3	1
CSVEGQGAGEKLFF	TRBV29-1	TRBJ1-4	1
CSVEGQGTSDTQYF	TRBV29-1	TRBJ2-3	1
CSVEGRAQGYTF	TRBV29-1	TRBJ1-2	1
CSVEGRSYYGYTF	TRBV29-1	TRBJ1-2	1
CSVEGSGTRRGAFF	TRBV29-1	TRBJ1-1	1
CSVEGTAPGELFF	TRBV29-1	TRBJ2-2	1
CSVEGTGGDGELFF	TRBV29-1	TRBJ2-2	1
CSVEGTGGYNEQFF	TRBV29-1	TRBJ2-1	1
CSVEGTGQTGELFF	TRBV29-1	TRBJ2-2	1
CSVEGTNTGELFF	TRBV29-1	TRBJ2-2	1
CSVEGTSGRNEQFF	TRBV29-1	TRBJ2-1	1
CSVEGVGTSIGEQFF	TRBV29-1	TRBJ2-1	2
CSVEGYYSGVNYGYTF	TRBV29-1	TRBJ1-2	1
CSVEIETGGHYGYTF	TRBV29-1	TRBJ1-2	1
CSVEIGGTGGGYGYTF	TRBV29-1	TRBJ1-2	1
CSVEIGSTDTQYF	TRBV29-1	TRBJ2-3	1
CSVEIIAGESVGELFF	TRBV29-1	TRBJ2-2	1
CSVEILTGIIGGYTF	TRBV29-1	TRBJ1-2	1
CSVEITGGEQYF	TRBV29-1	TRBJ2-7	1
CSVEIWGSEAFF	TRBV29-1	TRBJ1-1	1
CSVEKAGDRETQYF	TRBV29-1	TRBJ2-5	1
CSVEKGQGTYEQYF	TRBV29-1	TRBJ2-7	1
CSVEKGTGELFF	TRBV29-1	TRBJ2-2	1
CSVELAGAGDTQYF	TRBV29-1	TRBJ2-3	1
CSVELAYTSGTYEQYF	TRBV29-1	TRBJ2-7	1
CSVELDVWGGYTF	TRBV29-1	TRBJ1-2	1
CSVELGGHTGGGYEQYF	TRBV29-1	TRBJ2-7	1
CSVELGGYNEQFF	TRBV29-1	TRBJ2-1	1
CSVELIGGKDYSTSGANVLTF	TRBV29-1	TRBJ2-6	1
CSVELIGGVVAEAFF	TRBV29-1	TRBJ1-1	1
CSVELLDYGYTF	TRBV29-1	TRBJ1-2	1
CSVELQGTTYEQYF	TRBV29-1	TRBJ2-7	1
CSVELRDGYTF	TRBV29-1	TRBJ1-2	1
CSVELTTGTDTQYF	TRBV29-1	TRBJ2-3	3
CSVELYEQFF	TRBV29-1	TRBJ2-1	1
CSVEMASGEQYF	TRBV29-1	TRBJ2-7	1
CSVENRGTEGYGYTF	TRBV29-1	TRBJ1-2	1
CSVEPEAFF	TRBV29-1	TRBJ1-1	1
CSVEPGLAGAPQETQYF	TRBV29-1	TRBJ2-5	1
CSVEPGTFGGVEQFF	TRBV29-1	TRBJ2-1	1
CSVEPGTSYNEQFF	TRBV29-1	TRBJ2-1	1
CSVEPPGQGPGEFF	TRBV29-1	TRBJ2-1	1
CSVEPQGAGGYNEQFF	TRBV29-1	TRBJ2-1	1
CSVEPQGTVGELFF	TRBV29-1	TRBJ2-2	1
CSVEPTGAGYTF	TRBV29-1	TRBJ1-2	1
CSVEQGNYGYTF	TRBV29-1	TRBJ1-2	1
CSVEQGRHTGELFF	TRBV29-1	TRBJ2-2	1
CSVERAGSYEQYF	TRBV29-1	TRBJ2-7	1
CSVERDMGPDTEAFF	TRBV29-1	TRBJ1-1	2
CSVEREAGHEQYF	TRBV29-1	TRBJ2-7	1
CSVERGDNEQFF	TRBV29-1	TRBJ2-1	1
CSVERGNEQFF	TRBV29-1	TRBJ2-1	1
CSVERGNRDGEQYF	TRBV29-1	TRBJ2-7	1
CSVERQDNTEAFF	TRBV29-1	TRBJ1-1	1
CSVERSGGTDTQYF	TRBV29-1	TRBJ2-3	1
CSVERSSGYNEQFF	TRBV29-1	TRBJ2-1	1
CSVERTVNTEAFF	TRBV29-1	TRBJ1-1	1
CSVESGDSSYEQYF	TRBV29-1	TRBJ2-7	1
CSVESGDVGYTF	TRBV29-1	TRBJ1-2	1
CSVESGKGLYEQYF	TRBV29-1	TRBJ2-7	1
CSVESGQGIEAFF	TRBV29-1	TRBJ1-1	1
CSVESGRTDEQYF	TRBV29-1	TRBJ2-7	1
CSVESGRVNTGELFF	TRBV29-1	TRBJ2-2	1
CSVESGSNYGYTF	TRBV29-1	TRBJ1-2	1
CSVESPVANTGELFF	TRBV29-1	TRBJ2-2	1
CSVESPYEQYF	TRBV29-1	TRBJ2-7	1
CSVESRNYGYTF	TRBV29-1	TRBJ1-2	1
CSVESRRAGGTYNEQFF	TRBV29-1	TRBJ2-1	1
CSVESVSPAGRTGGGSYEQYF	TRBV29-1	TRBJ2-7	1
CSVESWAGNTEAFF	TRBV29-1	TRBJ1-1	1
CSVESWGDISYNEQFF	TRBV29-1	TRBJ2-1	1
CSVETDFELGGKLFF	TRBV29-1	TRBJ1-4	1
CSVETDGATNEKLFF	TRBV29-1	TRBJ1-4	1
CSVETESSYEQYF	TRBV29-1	TRBJ2-7	1
CSVETETYGYTF	TRBV29-1	TRBJ1-2	1
CSVETGDAPYGYTF	TRBV29-1	TRBJ1-2	1
CSVETGGNEQFF	TRBV29-1	TRBJ2-1	1
CSVETGGQGAWDTQYF	TRBV29-1	TRBJ2-3	1
CSVETGGRADTQYF	TRBV29-1	TRBJ2-3	1
CSVETGSNYGYTF	TRBV29-1	TRBJ1-2	1
CSVETGTEETQYF	TRBV29-1	TRBJ2-5	1
CSVETGVEGELFF	TRBV29-1	TRBJ2-2	1
CSVETPDKQETQYF	TRBV29-1	TRBJ2-5	1
CSVETPGHNGYTF	TRBV29-1	TRBJ1-2	1
CSVETQGLAGLPVVNEQFF	TRBV29-1	TRBJ2-1	1
CSVETSGGVVPGGELFF	TRBV29-1	TRBJ2-2	1
CSVEVDSTYNEQFF	TRBV29-1	TRBJ2-1	1
CSVEVENEQFF	TRBV29-1	TRBJ2-1	1
CSVEVGFTSSYEQYF	TRBV29-1	TRBJ2-7	1
CSVEVGGAGNGYTF	TRBV29-1	TRBJ1-2	1
CSVEVHGTGGINEQFF	TRBV29-1	TRBJ2-1	1
CSVEVIGRGHGYTF	TRBV29-1	TRBJ1-2	1
CSVEVIGTGEMDTQYF	TRBV29-1	TRBJ2-3	1
CSVEVPVTSSYEQYF	TRBV29-1	TRBJ2-7	1
CSVEVPWTGTYEQYF	TRBV29-1	TRBJ2-7	1
CSVEVREGYTF	TRBV29-1	TRBJ1-2	1
CSVEVRTGPAKRGGYTF	TRBV29-1	TRBJ1-2	1
CSVEVSGETQYF	TRBV29-1	TRBJ2-5	1
CSVEVSGSVNEQFF	TRBV29-1	TRBJ2-1	1
CSVEVSGTGDNEQFF	TRBV29-1	TRBJ2-1	1
CSVEVTTSGAYEQYF	TRBV29-1	TRBJ2-7	1
CSVEVWGRGEKLFF	TRBV29-1	TRBJ1-4	1
CSVEWGADDEQYF	TRBV29-1	TRBJ2-7	1
CSVEWGHSYEQYF	TRBV29-1	TRBJ2-7	1
CSVEYGLAGSTDTQYF	TRBV29-1	TRBJ2-3	1
CSVEYPNTGELFF	TRBV29-1	TRBJ2-2	1
CSVEYRVRGNYGYTF	TRBV29-1	TRBJ1-2	1
CSVEYSESYGYTF	TRBV29-1	TRBJ1-2	1
CSVEYSRVNTEAFF	TRBV29-1	TRBJ1-1	1
CSVFFVGGTDTQYF	TRBV29-1	TRBJ2-3	1
CSVFGGRLYEQYF	TRBV29-1	TRBJ2-7	1
CSVFGGRSYNEQFF	TRBV20-1	TRBJ2-1	1
CSVFGRQGRYGYTF	TRBV29-1	TRBJ1-2	1
CSVFRQGRLGTEAFF	TRBV29-1	TRBJ1-1	1
CSVGAGEQYF	TRBV29-1	TRBJ2-7	1
CSVGAGTEWYGYTF	TRBV29-1	TRBJ1-2	1
CSVGDGGSNQPQHF	TRBV29-1	TRBJ1-5	1
CSVGDGYTF	TRBV29-1	TRBJ1-2	1
CSVGDMWGQGAASYGYTF	TRBV29-1	TRBJ1-2	1
CSVGDSPYEQYF	TRBV29-1	TRBJ2-7	1
CSVGFTGLWNEQFF	TRBV29-1	TRBJ2-1	1
CSVGGEIYTEAFF	TRBV20-1	TRBJ1-1	1
CSVGGGDSYEQYF	TRBV29-1	TRBJ2-7	1
CSVGGGGDGYTF	TRBV29-1	TRBJ1-2	1
CSVGGGHSYEQYF	TRBV29-1	TRBJ2-7	1
CSVGGGLPYNEQFF	TRBV29-1	TRBJ2-1	1
CSVGGGNLYEQYF	TRBV29-1	TRBJ2-7	1
CSVGGIIPNYGYTF	TRBV29-1	TRBJ1-2	1
CSVGGISGTGGSYEQFF	TRBV29-1	TRBJ2-1	1
CSVGGLTRGYTF	TRBV29-1	TRBJ1-2	1
CSVGGQFEAFF	TRBV29-1	TRBJ1-1	1
CSVGGRNYGYTF	TRBV29-1	TRBJ1-2	1
CSVGGSEQYF	TRBV29-1	TRBJ2-7	1
CSVGGSLYNEQFF	TRBV29-1	TRBJ2-1	1
CSVGGSYGETQYF	TRBV29-1	TRBJ2-5	1
CSVGGTSTDTQYF	TRBV29-1	TRBJ2-3	1
CSVGGYRGFIYGYTF	TRBV29-1	TRBJ1-2	1
CSVGIRHLSSYNEQFF	TRBV29-1	TRBJ2-1	1
CSVGLAGDRQETQYF	TRBV29-1	TRBJ2-5	1
CSVGLGLLNTEAFF	TRBV29-1	TRBJ1-1	1
CSVGLREQFF	TRBV29-1	TRBJ2-1	1
CSVGLTGQMLNEQFF	TRBV29-1	TRBJ2-1	1
CSVGMAGYNEKLFF	TRBV29-1	TRBJ1-4	1
CSVGMGTNEKLFF	TRBV29-1	TRBJ1-4	1
CSVGMTGGGSNYEQYF	TRBV29-1	TRBJ2-7	1
CSVGPEREKLFF	TRBV29-1	TRBJ1-4	1
CSVGPGQSYGYTF	TRBV29-1	TRBJ1-2	1
CSVGQEATNEKLFF	TRBV29-1	TRBJ1-4	1
CSVGQGGSNQPQHF	TRBV29-1	TRBJ1-5	1
CSVGQGSSDTQYF	TRBV29-1	TRBJ2-3	1
CSVGQGSTYEQYF	TRBV29-1	TRBJ2-7	1
CSVGQGYTGELFF	TRBV29-1	TRBJ2-2	1
CSVGQPNTEAFF	TRBV29-1	TRBJ1-1	1
CSVGQREGNEQFF	TRBV29-1	TRBJ2-1	1
CSVGQYGQPQHF	TRBV29-1	TRBJ1-5	1
CSVGRGQGTGELFF	TRBV29-1	TRBJ2-2	1
CSVGRGVHYNEQFF	TRBV29-1	TRBJ2-1	1
CSVGSGDHGEQFF	TRBV29-1	TRBJ2-1	1
CSVGSGDYEQYF	TRBV29-1	TRBJ2-7	1
CSVGSGEDSPQYF	TRBV29-1	TRBJ2-3	3
CSVGSGLANEQFF	TRBV29-1	TRBJ2-1	1
CSVGSQPQHF	TRBV29-1	TRBJ1-5	1
CSVGTGDWGEQYF	TRBV29-1	TRBJ2-7	5
CSVGTGEAQETQYF	TRBV29-1	TRBJ2-5	1
CSVGTGELFF	TRBV29-1	TRBJ2-2	1
CSVGTGGAGQPQHF	TRBV29-1	TRBJ1-5	2
CSVGTGGTNEKLFF	TRBV29-1	TRBJ1-4	2
CSVGTGHNQPQHF	TRBV29-1	TRBJ1-5	1
CSVGTGNDYEQYF	TRBV29-1	TRBJ2-7	1
CSVGTRTTGELFF	TRBV29-1	TRBJ2-2	9
CSVGTSDTGELFF	TRBV29-1	TRBJ2-2	1
CSVGTSTEAFF	TRBV29-1	TRBJ1-1	1
CSVGTWGLTGNTIYF	TRBV29-1	TRBJ1-3	1
CSVGVNTGELFF	TRBV29-1	TRBJ2-2	1
CSVGVWTGGISGYTF	TRBV29-1	TRBJ1-2	1
CSVGWGTEAFF	TRBV29-1	TRBJ1-1	1
CSVHLVPTGELFF	TRBV29-1	TRBJ2-2	1
CSVHRATGPHEQFF	TRBV29-1	TRBJ2-1	1
CSVHYSIGRGTDTQYF	TRBV29-1	TRBJ2-3	1
CSVIASNTGELFF	TRBV20-1	TRBJ2-2	1
CSVILTSPLAYNEQFF	TRBV29-1	TRBJ2-1	1
CSVIQGLGTNEKLFF	TRBV29-1	TRBJ1-4	1
CSVISTTPGARGDSTDTQYF	TRBV29-1	TRBJ2-3	1
CSVKAGGWSEQYF	TRBV29-1	TRBJ2-7	1
CSVKARDRDYEQYF	TRBV20-1	TRBJ2-7	1
CSVKDYDSNQPQHF	TRBV29-1	TRBJ1-5	1
CSVKKRVPGEAGNTIYF	TRBV29-1	TRBJ1-3	1
CSVKPANAGTEAFF	TRBV29-1	TRBJ1-1	1
CSVKSYGGPNEQFF	TRBV20-1	TRBJ2-1	1
CSVKYGYTF	TRBV20-1	TRBJ1-2	1
CSVLAGINEQFF	TRBV29-1	TRBJ2-1	1
CSVLDDRGVNYGYTF	TRBV29-1	TRBJ1-2	2
CSVLDRISGNTIYF	TRBV29-1	TRBJ1-3	1
CSVLEPGGGETQYF	TRBV29-1	TRBJ2-5	1
CSVLGANTEAFF	TRBV29-1	TRBJ1-1	1
CSVLGENQPQHF	TRBV29-1	TRBJ1-5	1
CSVLGGAGAGEQYF	TRBV20-1	TRBJ2-7	1
CSVLGGIFGANVLTF	TRBV29-1	TRBJ2-6	1
CSVLGGSTNTGELFF	TRBV29-1	TRBJ2-2	1
CSVLGGYEQYF	TRBV29-1	TRBJ2-7	1
CSVLGRKNIQYF	TRBV29-1	TRBJ2-4	1
CSVLHGSYEQYF	TRBV29-1	TRBJ2-7	1
CSVLKAGGYSYEQYF	TRBV29-1	TRBJ2-7	1
CSVLPGLEKNIQYF	TRBV29-1	TRBJ2-4	1
CSVLPGRSSYEQYF	TRBV29-1	TRBJ2-7	1
CSVLPRYNEQFF	TRBV29-1	TRBJ2-1	1
CSVLRDVQETQYF	TRBV29-1	TRBJ2-5	1
CSVLTGSLGGELFF	TRBV29-1	TRBJ2-2	1
CSVLTQGAGYGYTF	TRBV29-1	TRBJ1-2	1
CSVLVARELLTDTQYF	TRBV29-1	TRBJ2-3	2
CSVLVLFTKDSNYGYTF	TRBV29-1	TRBJ1-2	1
CSVMDPMSGYTIYF	TRBV29-1	TRBJ1-3	1
CSVMGQGDGYTF	TRBV29-1	TRBJ1-2	1
CSVMGVNAGELFF	TRBV29-1	TRBJ2-2	1
CSVMLAGEGLYEQYF	TRBV29-1	TRBJ2-7	1
CSVMWPGQGTGTQYF	TRBV29-1	TRBJ2-3	1
CSVNFWRQGVQETQYF	TRBV29-1	TRBJ2-5	1
CSVNRPRQGSNYGYTF	TRBV29-1	TRBJ1-2	1
CSVNTGTASYEQYF	TRBV29-1	TRBJ2-7	1
CSVPADRYNEQFF	TRBV29-1	TRBJ2-1	1
CSVPDRVLGYTF	TRBV29-1	TRBJ1-2	1
CSVPDSQETQYF	TRBV20-1	TRBJ2-5	1
CSVPDSYNEQFF	TRBV29-1	TRBJ2-1	1
CSVPFQLTSYTF	TRBV29-1	TRBJ1-2	1
CSVPGASGLDTQYF	TRBV29-1	TRBJ2-3	1
CSVPGGQGLNEQYF	TRBV20-1	TRBJ2-7	1
CSVPGLAGIGDEQFF	TRBV29-1	TRBJ2-1	69
CSVPGQGAYEQYF	TRBV29-1	TRBJ2-7	1
CSVPGSYEQYF	TRBV29-1	TRBJ2-7	1
CSVPGTVYGYTF	TRBV29-1	TRBJ1-2	1
CSVPHRGVPEAFF	TRBV29-1	TRBJ1-1	1
CSVPLAGVYNEQFF	TRBV29-1	TRBJ2-1	1
CSVPLGGGQETQYF	TRBV29-1	TRBJ2-5	1
CSVPLQGRDEQFF	TRBV29-1	TRBJ2-1	1
CSVPNRGRLNTGPEAFF	TRBV29-1	TRBJ1-1	1
CSVPPDSGRTDTQYF	TRBV29-1	TRBJ2-3	1
CSVPQGNYGYTF	TRBV29-1	TRBJ1-2	1
CSVPQGVQETQYF	TRBV29-1	TRBJ2-5	1
CSVPQPWRLSYNEQFF	TRBV29-1	TRBJ2-1	1
CSVPSRQETQYF	TRBV29-1	TRBJ2-5	1
CSVPTGVNTEAFF	TRBV29-1	TRBJ1-1	1
CSVPTVNTEAFF	TRBV29-1	TRBJ1-1	1
CSVQADPKEKLFF	TRBV20-1	TRBJ1-4	1
CSVQAGTHGYTF	TRBV29-1	TRBJ1-2	1
CSVQEGSNTEAFF	TRBV29-1	TRBJ1-1	1
CSVQGGGYNEQYF	TRBV29-1	TRBJ2-7	1
CSVQNPTGGYTF	TRBV29-1	TRBJ1-2	1
CSVQTGMKEQYF	TRBV29-1	TRBJ2-7	1
CSVQTINTEAFF	TRBV29-1	TRBJ1-1	2
CSVQTLAKNIQYF	TRBV29-1	TRBJ2-4	1
CSVRAVNGYTF	TRBV29-1	TRBJ1-2	1
CSVRDDSYEQYF	TRBV29-1	TRBJ2-7	1
CSVRDMNTEAFF	TRBV20-1	TRBJ1-1	1
CSVRDNSYEQYF	TRBV29-1	TRBJ2-7	1
CSVRDRGQDLGTDTQYF	TRBV29-1	TRBJ2-3	1
CSVRDRSYEQYF	TRBV29-1	TRBJ2-7	1
CSVRDTARGVPEAFL	TRBV29-1	TRBJ1-1	1
CSVRGGDGELFF	TRBV29-1	TRBJ2-2	1
CSVRGGGISYNEQFF	TRBV20-1	TRBJ2-1	1
CSVRGLADSYEQYF	TRBV29-1	TRBJ2-7	1
CSVRGPPDYGYTF	TRBV29-1	TRBJ1-2	1
CSVRGQGSLMNTEAFF	TRBV29-1	TRBJ1-1	1
CSVRLARAYEQYF	TRBV29-1	TRBJ2-7	1
CSVRLNNEQFF	TRBV20-1	TRBJ2-1	1
CSVRRGMDIQYF	TRBV29-1	TRBJ2-4	1
CSVRSDTQYF	TRBV29-1	TRBJ2-3	1
CSVSAGYLSSTDTQYF	TRBV29-1	TRBJ2-3	1
CSVSASGGDEQYF	TRBV29-1	TRBJ2-7	483
CSVSDSYNSPLHF	TRBV29-1	TRBJ1-6	1
CSVSGQENQETQYF	TRBV29-1	TRBJ2-5	1
CSVSRGPYEQYF	TRBV29-1	TRBJ2-7	1
CSVSRGRYTGELFF	TRBV29-1	TRBJ2-2	1
CSVSSRDRLRDYGYTF	TRBV20-1	TRBJ1-2	1
CSVSTTGEDGTDTQYF	TRBV29-1	TRBJ2-3	1
CSVTEDEKLFF	TRBV29-1	TRBJ1-4	1
CSVTGGRTYEQYF	TRBV29-1	TRBJ2-7	1
CSVTGLWDEQYF	TRBV29-1	TRBJ2-7	1
CSVTGSSGYTF	TRBV29-1	TRBJ1-2	1
CSVTGTGVDEQYF	TRBV29-1	TRBJ2-7	1
CSVTLPGLGSPYEQYF	TRBV29-1	TRBJ2-7	1
CSVTMGRGPYEQYF	TRBV29-1	TRBJ2-7	1
CSVTPDGAYGYTF	TRBV29-1	TRBJ1-2	1
CSVTPGGETQYF	TRBV29-1	TRBJ2-5	1
CSVTPGLAADTQYF	TRBV29-1	TRBJ2-3	1
CSVTPSGEQTQYF	TRBV29-1	TRBJ2-5	1
CSVTQENYGYTF	TRBV29-1	TRBJ1-2	1
CSVTSGSYEQYF	TRBV29-1	TRBJ2-7	1
CSVTSGTAYYMNTEAFF	TRBV29-1	TRBJ1-1	1
CSVTVGTGGETQYF	TRBV29-1	TRBJ2-5	1
CSVVAGTYNEQFF	TRBV20-1	TRBJ2-1	1
CSVVAVEGYTF	TRBV29-1	TRBJ1-2	1
CSVVDRARGNTGELFF	TRBV29-1	TRBJ2-2	1
CSVVDTGELFF	TRBV29-1	TRBJ2-2	1
CSVVEGGVGTEAFF	TRBV29-1	TRBJ1-1	1
CSVVEGVYGYTF	TRBV29-1	TRBJ1-2	1
CSVVGAPDLAKNIQYF	TRBV29-1	TRBJ2-4	1
CSVVGARVYGYTF	TRBV29-1	TRBJ1-2	1
CSVVGEPRTYNEQFF	TRBV29-1	TRBJ2-1	1
CSVVGGGYTF	TRBV29-1	TRBJ1-2	1
CSVVGGSSYNEQFF	TRBV29-1	TRBJ2-1	1
CSVVGLAGGSAYEQYF	TRBV29-1	TRBJ2-7	1
CSVVGLNTEAFF	TRBV29-1	TRBJ1-1	1
CSVVGQEGYGYTF	TRBV29-1	TRBJ1-2	1
CSVVGRAFYNEQFF	TRBV20-1	TRBJ2-1	1
CSVVGRVDEKLFF	TRBV29-1	TRBJ1-4	1
CSVVGSGGFTYEQYF	TRBV29-1	TRBJ2-7	1
CSVVGVGFYEQYF	TRBV29-1	TRBJ2-7	1
CSVVGVGYNEQFF	TRBV29-1	TRBJ2-1	1
CSVVIGYNGYTF	TRBV29-1	TRBJ1-2	1
CSVVLAQGHDTEAFF	TRBV29-1	TRBJ1-1	1
CSVVLGGEQFF	TRBV29-1	TRBJ2-1	1
CSVVLGLAGNEQFF	TRBV29-1	TRBJ2-1	1
CSVVLGQGRTDTQYF	TRBV29-1	TRBJ2-3	1
CSVVLGYEQYF	TRBV29-1	TRBJ2-7	1
CSVVLVAGELFF	TRBV29-1	TRBJ2-2	1
CSVVNTGVWDTQYF	TRBV29-1	TRBJ2-3	1
CSVVPSGIYEQYF	TRBV29-1	TRBJ2-7	1
CSVVQGLEFDTQYF	TRBV29-1	TRBJ2-3	1
CSVVRELSYEQYF	TRBV29-1	TRBJ2-7	1
CSVVRGTEAFF	TRBV29-1	TRBJ1-1	1
CSVVRQGQGYGYTF	TRBV29-1	TRBJ1-2	1
CSVVRQGYEQYF	TRBV29-1	TRBJ2-7	1
CSVVRSLYNEQFF	TRBV29-1	TRBJ2-1	1
CSVVSGENGEQYF	TRBV29-1	TRBJ2-7	1
CSVVSGGQGPNVLTF	TRBV29-1	TRBJ2-6	1
CSVVSGPTYEQYF	TRBV29-1	TRBJ2-7	1
CSVVSGTDYGYTF	TRBV29-1	TRBJ1-2	1
CSVVSGTEAFF	TRBV29-1	TRBJ1-1	1
CSVVSSGDRYTQYF	TRBV29-1	TRBJ2-3	1
CSVVTFYYEQYF	TRBV29-1	TRBJ2-7	1
CSVVTSGSYEQYF	TRBV29-1	TRBJ2-7	1
CSVVTSVDTPNEQFF	TRBV29-1	TRBJ2-1	1
CSVVTTDTQYF	TRBV29-1	TRBJ2-3	1
CSVVVSSSYNEQFF	TRBV29-1	TRBJ2-1	1
CSVVWGSGYEQYF	TRBV29-1	TRBJ2-7	1
CSVVYLPPTRYKKGYTF	TRBV29-1	TRBJ1-2	1
CSVVYSTGKTDTQYF	TRBV29-1	TRBJ2-3	1
CSVWEGVYEQYF	TRBV29-1	TRBJ2-7	1
CSVWGGKTYEQYF	TRBV29-1	TRBJ2-7	1
CSVWGTSGSSYNEQFF	TRBV29-1	TRBJ2-1	1
CSVWTGGGFEQFF	TRBV29-1	TRBJ2-1	1
CSVWVGGELFF	TRBV20-1	TRBJ2-2	1
CSVYFAGLEGNTIYF	TRBV29-1	TRBJ1-3	1
CSVYGQGGETQYF	TRBV29-1	TRBJ2-5	1
CSVYHNQGAGETQYF	TRBV20-1	TRBJ2-5	1
CSVYRESYEQYF	TRBV29-1	TRBJ2-7	1
CSVYTASSYNEQFF	TRBV29-1	TRBJ2-1	1
CSWDRGGTNEQFF	TRBV29-1	TRBJ2-1	1
CSYNEQFF	TRBV20-1	TRBJ2-1	1
CSYPERGSTDTQYF	TRBV20-1	TRBJ2-3	1
CTGDRVGDTQYF	TRBV29-1	TRBJ2-3	1
CTIHPKRNYEQFF	TRBV20-1	TRBJ2-1	1
CTLDRDTQYF	TRBV20-1	TRBJ2-3	1
CTRQGTADTQYF	TRBV20-1	TRBJ2-3	1
CTSVPAVNLGQRYF	TRBV6-4	TRBJ1-6	1
CTSVPAVPSPGSFSTSAP	TRBV6-6	TRBJ2-4	1
CTSVPAVTLPQGEGGELFF	TRBV6-4	TRBJ2-2	1
CTSVPAVTTGNTGELFF	TRBV6-4	TRBJ2-2	1
CVFRTVYGYTF	TRBV6-1	TRBJ1-2	1
CVGVLDTEAFF	TRBV7-2	TRBJ1-1	1
CVPPAEIAGGGADTQYF	TRBV15	TRBJ2-3	1
CVRLANTGELFF	TRBV30	TRBJ2-2	1
CVRSGVPPEQYF	TRBV4-3	TRBJ2-7	1
CVSSLTAAEWTQYF	TRBV11-1	TRBJ2-3	1
