CDR3	clusters	size
CASEGTGAYEQYF	1	2
CASSTGDSNQPQHF	2	8
CAINTGDSNQPQHF	2	8
CASTGGNQPQHF	3	166
CSASAGNTEAFF	4	2
CASAPGPGYEQYF	5	2830
CASGGNEQFF	5	2830
CASRGDNEQFF	5	2830
CASGWNEQFF	5	2830
CAISGDNEQFF	5	2830
CASGYNEQFF	5	2830
CASIGGATEAFF	6	2
CASMGGETQYF	7	2
CASGRDEQFF	8	2
CASGTGGAYEQYF	9	2
CASGTDTQYF	5	2830
CASMGTDTQYF	5	2830
CASSIGQGYEQYF	5	2830
CASRTGVNTEAFF	5	2830
CASSTGVNTEAFF	5	2830
CASSLISGTDTQYF	5	2830
CASNGPYEQYF	10	9
CASNLGPYEQYF	10	9
CASNPSGSTDTQYF	11	2
CASSSGGNTIYF	12	17
CASSAGGSYEQYF	5	2830
CASRDRGMNEQYF	13	2
CASRPTGEGYEQYF	14	2
CASRETGSYEQYF	15	2
CASMGAGELFF	16	2
CASREGLETQYF	17	3
CASTGLETQYF	17	3
CASRGGGTDTQYF	5	2830
CASRGRYNEQFF	18	2
CASRSSYEQYF	5	2830
CASSLGQGTYEQYF	5	2830
CASSLLNEQFF	5	2830
CASRPGNTEAFF	5	2830
CASRPGTGVYEQYF	19	2
CASSPTGLGQPQHF	3	166
CASRDSNQPQHF	20	3
CASRHSNQPQHF	20	3
CASRRPPYEQYF	21	2
CASRRQGEEKLFF	22	3
CASRRQGGEKLFF	22	3
CASSAGSPSYEQYF	5	2830
CASSAGSYGYTF	23	254
CASSIGAYGYTF	23	254
CASSMGAYGYTF	23	254
CASSQGAYGYTF	23	254
CASSTGAYGYTF	23	254
CASSWGAYGYTF	23	254
CASSFGAYGYTF	23	254
CASSLGGNGYTF	23	254
CASSAGLAGTDTQYF	24	2
CASSIGSGEAFF	25	3
CASSLGSGNYGYTF	23	254
CASSAGAYGYTF	23	254
CASSFGSYGYTF	23	254
CASSIGSYGYTF	23	254
CASSLGSYGYTF	23	254
CASSMGSYGYTF	23	254
CASSQGSYGYTF	23	254
CASSTGSYGYTF	23	254
CASSVGSYGYTF	23	254
CASSAGSLYGYTF	23	254
CASSAGQGVYGYTF	23	254
CASSAGTGAYGYTF	23	254
CASSTGTGVYGYTF	23	254
CASSASTSGQETQYF	26	3
CASSAGLYNYGYTF	27	2
CASSPLAGGGNEQFF	28	7
CASSAPDSYEQYF	5	2830
CASSAPGTGDYEQYF	29	3
CASSAPGTGFYEQYF	29	3
CASSARSSYEQYF	5	2830
CASSARSSTEQYF	5	2830
CASSARSVYEQYF	5	2830
CASSFRSSYEQYF	5	2830
CASSHRSSYEQYF	5	2830
CASSIRSSYEQYF	5	2830
CASSLRSSYEQYF	5	2830
CASSMRSSYEQYF	5	2830
CASSQRSSYEQYF	5	2830
CASSRSSYEQYF	5	2830
CASSSRSSYEQYF	5	2830
CASSTRSSYEQYF	5	2830
CASSVRSSYEQYF	5	2830
CASSWRSSYEQYF	5	2830
CASSAGSSYEQYF	5	2830
CASSVARSSYEQYF	5	2830
CASSGRSTGELFF	5	2830
CASSIRSTGELFF	5	2830
CASSKRSTGELFF	5	2830
CASSMRSTGELFF	5	2830
CASSQRSTGELFF	5	2830
CASSSRSTGELFF	5	2830
CASSTRSTGELFF	5	2830
CASSVRSTGELFF	5	2830
CASSASTGELFF	5	2830
CASSYSYEQYF	5	2830
CALSASYEQYF	5	2830
CASSDSYEQYF	5	2830
CASSLSYEQYF	5	2830
CASSPSYEQYF	5	2830
CASSFSYEQYF	5	2830
CASSESYEQYF	5	2830
CASSSSYEQYF	5	2830
CASSANYEQYF	5	2830
CASSATVIPDTQYF	30	2
CASSPGGGGTEAFF	5	2830
CASSEGGGGTEAFF	5	2830
CASSDGRGGTEAFF	5	2830
CASSLGGLGQPQHF	3	166
CASSDGGGQPQHF	3	166
CASSIRSNQPQHF	3	166
CASSIRSNTEAFF	5	2830
CASSEGDGTDTQYF	31	3
CASSPGDTQYF	5	2830
CASSELGDTQYF	5	2830
CASSEGGDTQYF	5	2830
CASSEGATQYF	5	2830
CASEGDTQYF	5	2830
CASSLGDTQYF	5	2830
CASSEGDEQYF	5	2830
CASSYGGEQYF	5	2830
CASSGGGEQYF	5	2830
CASSEGGNEQYF	5	2830
CASSEGVEQYF	5	2830
CASSQGGEQYF	5	2830
CAISEGGEQYF	5	2830
CASSLGGEQYF	5	2830
CASSEQGNYGYTF	23	254
CASSLGSSYEQYF	5	2830
CASSEGPSYEQYF	5	2830
CASSEGGGYTF	23	254
CASSEGNGYTF	23	254
CASSEAGGRETQYF	32	3
CASSEGQGNYGYTF	23	254
CASSQGNYGYTF	23	254
CASSLQGNYGYTF	23	254
CASSLRDRGYEQYF	5	2830
CASSEAGYNEQFF	5	2830
CASSVGYNEQFF	5	2830
CASSETGYNEQFF	5	2830
CASSFQGSYEQYF	5	2830
CASSLAGSYEQYF	5	2830
CASSFASSYEQYF	5	2830
CASSFRGSYEQYF	5	2830
CASSFGSYEQYF	5	2830
CASSPAVSTDTQYF	33	2
CASSFTSSYEQYF	5	2830
CASSSDSSYEQYF	5	2830
CASSFLSSYEQYF	5	2830
CASSDSSYEQYF	5	2830
CASSQDSSYEQYF	5	2830
CASSPDSSYEQYF	5	2830
CASSLGGAETQYF	5	2830
CASSFGGETQYF	5	2830
CASSFGGVETQYF	5	2830
CASSFGGGETQYF	5	2830
CASSFTGAETQYF	5	2830
CASSFGGAGETQYF	5	2830
CASSFGLGGAYNEQFF	34	3
CASSFSGGGAYNEQFF	34	3
CASSLGGGTGELFF	5	2830
CASSFLGGTGELFF	5	2830
CASSAGGGTGELFF	5	2830
CASSFGGATGELFF	5	2830
CASSFGGDYGYTF	23	254
CASSFGGLYGYTF	23	254
CASSFGGPQETQYF	5	2830
CASSFGGRRTEAFF	5	2830
CASSWGGRNTEAFF	5	2830
CASSLGGRNTEAFF	5	2830
CASSFGGLNTEAFF	5	2830
CASSPGGRNTEAFF	5	2830
CASSFGGRNTEAFF	5	2830
CASSFQGGYEQYF	5	2830
CASSLGGYEQYF	5	2830
CASSRGGYEQYF	5	2830
CASSPGGYEQYF	5	2830
CASSFIGYEQYF	5	2830
CASSFEGYEQYF	5	2830
CASSTGGYEQYF	5	2830
CASSFGYEQYF	5	2830
CASSFGTYEQYF	5	2830
CASSFGYNEQFF	5	2830
CASSFGGGAYNEQFF	34	3
CASSFGPSYEQYF	5	2830
CASSFGQGGEKLFF	35	3
CASSGQGANTEAFF	5	2830
CASSPGQGANTEAFF	5	2830
CASSFGQGAEKLFF	35	3
CASSFGQTGEKLFF	35	3
CASSFGQYTEAFF	5	2830
CASSQGQNTEAFF	5	2830
CASSLGQNTEAFF	5	2830
CASSFGMNTEAFF	5	2830
CASSFGNTEAFF	5	2830
CASSFGQDYGYTF	23	254
CASSPGRDYGYTF	23	254
CASSGSHEQYF	5	2830
CASSFGTPYNEQFF	36	3
CASSIGTDTQYF	5	2830
CASSLGTDTQYF	5	2830
CASSYGTDTQYF	5	2830
CASSSGTDTQYF	5	2830
CASSFTDTQYF	5	2830
CASSGGTDTQYF	5	2830
CASSFITDTQYF	5	2830
CASSHGTDTQYF	5	2830
CASSVGTGGYEQYF	5	2830
CASSFGTGGREQYF	5	2830
CASSLGTGGYEQYF	5	2830
CASSFGTSGYEQYF	5	2830
CASSFGTGDYEQYF	5	2830
CASSFGTGYYEQYF	5	2830
CASSIGTGGYEQYF	5	2830
CASSPGTGGYEQYF	5	2830
CASSFLAGGYNEQFF	37	4
CASSFIAGGPYNEQFF	37	4
CASSFLAGGFNEQFF	37	4
CASSFLAGGPYNEQFF	37	4
CASSLTGNTEAFF	5	2830
CASSFWTGNTEAFF	5	2830
CASSFVTGNTEAFF	5	2830
CASSFGGYEQYF	5	2830
CASSFQGLGYEQYF	5	2830
CASSQQGGYEQYF	5	2830
CASSLQGGYEQYF	5	2830
CASSRQGGYEQYF	5	2830
CASSFQGLSYEQYF	5	2830
CASSPRLAGTGELFF	38	3
CASSFRTGGHEQYF	39	2
CASSIRSSETQYF	5	2830
CASSFDSSYEQYF	5	2830
CASSFRSGYEQYF	5	2830
CASSFRDSYEQYF	5	2830
CASSYFSGANVLTF	40	25
CASSEFSGANVLTF	40	25
CASSSSGANVLTF	40	25
CASSPSGANVLTF	40	25
CASSDSGANVLTF	40	25
CASSYSGNTGELFF	5	2830
CASSTSGNTGELFF	5	2830
CASSFSGATGELFF	5	2830
CASSGSGNTGELFF	5	2830
CASSSRNTEAFF	5	2830
CASSLSRNTEAFF	5	2830
CASSFRNTEAFF	5	2830
CASSFGRNYEQYF	41	3
CASSFGVQETQYF	42	5
CASSLWDRGNTGELFF	43	2
CASSEAGAEAFF	5	2830
CASSGGLAGPYEQYF	44	3
CASSQGTGGTEAFF	5	2830
CASSLGTGGTEAFF	5	2830
CASSYGTSGYNEQFF	45	5
CASSLGTSGYNEQFF	45	5
CASSLGLAGLNEQFF	46	7
CASSPLAGVTDTQYF	5	2830
CASSSLAGVTDTQYF	5	2830
CASSGLAGVPDTQYF	5	2830
CASSYLNEQFF	5	2830
CASSGHNEQFF	5	2830
CASSGNNEQFF	5	2830
CASSGLDNEQFF	5	2830
CASSGNEQYF	5	2830
CASSGNQYF	5	2830
CASSGRSQETQYF	5	2830
CASSIRSGETQYF	5	2830
CASSSRSGETQYF	5	2830
CASSIRSGYEQYF	5	2830
CASSSRSGYEQYF	5	2830
CASSTRSGYEQYF	5	2830
CASSGRSGGEQYF	5	2830
CASSGRSGETQYF	5	2830
CASSIRSQETQYF	5	2830
CASSTRSQETQYF	5	2830
CASSHRSTDTQYF	5	2830
CASSIRSTDTQYF	5	2830
CASSPRSTDTQYF	5	2830
CASSQRSTDTQYF	5	2830
CASSSRSTDTQYF	5	2830
CASSTRSTDTQYF	5	2830
CASSDRSTDTQYF	5	2830
CASSGGSTDTQYF	5	2830
CASSYRSTDTQYF	5	2830
CASSFGRSTDTQYF	5	2830
CASSLRSTDTQYF	5	2830
CASSARSTGELFF	5	2830
CASSGTGYNYGYTF	23	254
CASSLGTGANYGYTF	23	254
CASSGTGYEKLFF	47	2
CASSGTGANYGYTF	23	254
CASSHTGLGQPQHF	3	166
CASSPGLAGVEQYF	5	2830
CASSPGTRTYEQYF	5	2830
CASSWGTRTYEQYF	5	2830
CASSYHIGQGYTF	48	2
CASSHRDSYEQYF	5	2830
CASSGRSTDTQYF	5	2830
CASSASGGTDTQYF	5	2830
CASSHFGLGQPQHF	3	166
CASSLTGLGQPQHF	3	166
CASSIGAYRYTF	23	254
CASSIGIYGYTF	23	254
CASSIGLYGYTF	23	254
CASSIGVYGYTF	23	254
CASSIGYYGYTF	23	254
CASSTGLGEQYF	49	2
CASSTGLLTDTQYF	50	3
CASSGLLTDTQYF	50	3
CASSVGLYGYTF	23	254
CASSSGLYGYTF	23	254
CASSYGQGETQYF	5	2830
CASSIGMGETQYF	5	2830
CASSIGQGAETQYF	5	2830
CASSLGQGETQYF	5	2830
CASSAGSGEAFF	25	3
CASSIGSGAFF	25	3
CASSFGTDTQYF	5	2830
CASSIGPTDTQYF	5	2830
CASSIGVHGYTF	23	254
CASSMGVYGYTF	23	254
CASSTGVYGYTF	23	254
CASSLGVYGYTF	23	254
CASSIHSNQPQHF	3	166
CASSIHKNQPQHF	3	166
CASSINSNQPQHF	3	166
CASSIYSNQPQHF	3	166
CASSYHSNQPQHF	3	166
CASSISSTGELFF	5	2830
CASSLSTGELFF	5	2830
CASSIFSTGELFF	5	2830
CASSSNSNQPQHF	3	166
CASSLNSNQPQHF	3	166
CASSIGAAGELFF	51	2
CASSIRASYEQYF	5	2830
CASSIRGAYEQYF	5	2830
CASSIRSAYEQYF	5	2830
CASSTRAAYEQYF	5	2830
CASSRRAAYEQYF	5	2830
CASSIGAAYEQYF	5	2830
CASSPRAGDNTEAFF	52	2
CASSIRASETQYF	5	2830
CASSVRAGETQYF	5	2830
CASSIRAGETQYF	5	2830
CASSIRAAYEQYF	5	2830
CASSMRASYEQYF	5	2830
CASSIRSAYTQYF	5	2830
CASSIRSGDTQYF	5	2830
CASSIRSLDTQYF	5	2830
CASSIRSQDTQYF	5	2830
CASSVRSADTQYF	5	2830
CASSIRSNYEQYF	5	2830
CASSIRSTYEQYF	5	2830
CASSMRSAYEQYF	5	2830
CASSSRSAYEQYF	5	2830
CASSTRSAYEQYF	5	2830
CASSVRSAYEQYF	5	2830
CASSIRSADTQYF	5	2830
CASSIRSTETQYF	5	2830
CASSTRSGTEAFF	5	2830
CASSHRSGTEAFF	5	2830
CASSIRSSYEQFF	5	2830
CASSGRSGYEQYF	5	2830
CASSIRSGNEQYF	5	2830
CASSIRSGYEQFF	5	2830
CASSITSGYEQYF	5	2830
CASSDRSNQPQHF	3	166
CASSDRSNTEAFF	5	2830
CASSIRSGTEAFF	5	2830
CASSISNTEAFF	5	2830
CASSIRGSNTEAFF	5	2830
CASSIGSNTEAFF	5	2830
CASSFRSSETQYF	5	2830
CASSIRSSNEQFF	5	2830
CASSIRESTDTQYF	5	2830
CASSIVSTDTQYF	5	2830
CASSILSTGELFF	5	2830
CASSDSEYNEQFF	53	2
CASSSSGSSYNEQFF	5	2830
CASSVSGSSYNEQFF	5	2830
CASSLISGSSYNEQFF	5	2830
CASSIQGSSYNEQFF	5	2830
CASSGSGSSYNEQFF	5	2830
CASSPSGSSYNEQFF	5	2830
CASSLSGSSYNEQFF	5	2830
CASSISSGELFF	5	2830
CASSYYSNQPQHF	3	166
CASSSDSAYEQYF	5	2830
CASSKQGATEAFF	5	2830
CASSKQGALTEAFF	5	2830
CASSLQGATEAFF	5	2830
CASSLAANTEAFF	5	2830
CASSLAAGDGGYTF	54	2
CASSLLASYEQYF	5	2830
CASSLSASYEQYF	5	2830
CASSLGASYEQYF	5	2830
CASSLAQGGFSYEQYF	55	2
CASSLAGNQPQHF	3	166
CASSLAGVSYEQYF	5	2830
CASSLAGDYEQYF	5	2830
CASSLAGSSYEQYF	5	2830
CASSAGDSYEQYF	5	2830
CASSLVGDSYEQYF	5	2830
CASSLPGDTEAFF	5	2830
CASSLGGDTEAFF	5	2830
CASSLAGNTEAFF	5	2830
CASSPAGDTEAFF	5	2830
CASSLGDTEAFF	5	2830
CASSLLGDTEAFF	5	2830
CASSLASDTEAFF	5	2830
CASSLGGNTIYF	12	17
CASSLGGGNTIYF	12	17
CASSLSGGYTEAFF	5	2830
CASSLAQGYTEAFF	5	2830
CASSLATGELFF	5	2830
CASSLAHTGELFF	5	2830
CASSLAGYTGELFF	5	2830
CASSLKGTGELFF	5	2830
CASSLWGTGELFF	5	2830
CASSLEGTGELFF	5	2830
CASSLAYTGELFF	5	2830
CASSLARGTGELFF	5	2830
CASSLAGTSGYEQYF	5	2830
CASSLATGYEQYF	5	2830
CASSLAGGYEQYF	5	2830
CASSLAGTGTYEQYF	5	2830
CASSLAGVGYEQYF	5	2830
CASSLVGTGYEQYF	5	2830
CASSLAGTYEQYF	5	2830
CASSLAGTGYEQYF	5	2830
CASSLAGTSGNYEQYF	5	2830
CASSVAGTSGYEQYF	5	2830
CASSLTGTSGYEQYF	5	2830
CASSLAPSNEQFF	5	2830
CASSLTPYEQYF	5	2830
CASSLAPDYEQYF	5	2830
CASSLAYEQYF	5	2830
CASSLTAPYEQYF	5	2830
CASSLAYGYTF	23	254
CASSLDSYGYTF	23	254
CASSLNSYGYTF	23	254
CASSLAWAGTDTQYF	5	2830
CASSLAGGTDTQYF	5	2830
CASSLASGGTDTQYF	5	2830
CASSLASYGYTF	23	254
CASSLADGYTF	23	254
CASSLDSYNEQFF	5	2830
CASSLRDAYNEQFF	5	2830
CASSLDYNEQFF	5	2830
CASSLDPYNEQFF	5	2830
CASSLAAYNEQFF	5	2830
CASSLGQGSDTQYF	5	2830
CASSLDSSNQPQHF	3	166
CASSLAGSNQPQHF	3	166
CASSLGSNQPQHF	3	166
CASSLDEGEQYF	5	2830
CASSLEPGEQYF	5	2830
CASSLGPGEQYF	5	2830
CASSLDPNSPLHF	56	11
CASSLDSFSPLHF	56	11
CASSLRDSNSPLHF	56	11
CASSLGSNSPLHF	56	11
CASSLDAYNEQFF	5	2830
CASSLSYNEQFF	5	2830
CASSLDDSYNEQFF	5	2830
CASSWDSYNEQFF	5	2830
CASSLGSYNEQFF	5	2830
CASSRDSYNEQFF	5	2830
CASSLSSYNEQFF	5	2830
CASSLASYNEQFF	5	2830
CASSRDYYSNQPQHF	57	2
CASSSEGGNQPQHF	58	13
CASSLEGGSNQPQHF	58	13
CASSILEGGNQPQHF	58	13
CASSLEGWGNQPQHF	58	13
CASSLSGGNQPQHF	58	13
CASSLEGYEQYF	5	2830
CASSLTGPYEQYF	5	2830
CASSLEGSYEQYF	5	2830
CASSEEGPYEQYF	5	2830
CASSLEGDYEQYF	5	2830
CASSLEGETQYF	5	2830
CASSLEGVETQYF	5	2830
CASSLEVQETQYF	5	2830
CASSLQGQETQYF	5	2830
CASSLEGSSYNEQFF	5	2830
CASSLEGPYEQYF	5	2830
CASSLETGYEQYF	5	2830
CASSLSGYEQYF	5	2830
CASSLVGYEQYF	5	2830
CASSLEGSEQYF	5	2830
CASSLTGYEQYF	5	2830
CASSLEGREQYF	5	2830
CASSLQGYEQYF	5	2830
CASSLEAYEQYF	5	2830
CASSLERAYEQYF	5	2830
CASSLTANTEAFF	5	2830
CASSLPWGGETQYF	59	6
CASSLERGGETQYF	59	6
CASSLGHEQYF	5	2830
CASSLISGPPYEQYF	60	2
CASSLGDFFSQETQYF	61	2
CASSLGTGNYEQYF	5	2830
CASSLGDGYEQYF	5	2830
CASSLGGGNYEQYF	5	2830
CASSLGDRNTEAFF	5	2830
CASSLGINTEAFF	5	2830
CASSLWDNTEAFF	5	2830
CASSLGWNTEAFF	5	2830
CASSLGGNTEAFF	5	2830
CASSLRDNTEAFF	5	2830
CASSPLGDNTEAFF	5	2830
CASSLGTNTEAFF	5	2830
CASSLDNTEAFF	5	2830
CASSLGMNTEAFF	5	2830
CASSLGNTEAFF	5	2830
CASSLGFNTEAFF	5	2830
CASSLGLNTEAFF	5	2830
CASSLGDNTEAFF	5	2830
CASSLGDRENTEAFF	5	2830
CASSLGDRDTEAFF	5	2830
CASSQGDRNTEAFF	5	2830
CASSLEGNTIYF	12	17
CASSGGEQFF	5	2830
CASSLGNEQFF	5	2830
CASSLGIEQFF	5	2830
CASSLGAEQFF	5	2830
CASSSGEQFF	5	2830
CASSLGGEQFF	5	2830
CASSLGGGQETQYF	5	2830
CASSLGGTDTQYF	5	2830
CASSLGQTDTQYF	5	2830
CASSLGSTDTQYF	5	2830
CASSLGSYEQYF	5	2830
CASSLGDYEQYF	5	2830
CASSLGYYEQYF	5	2830
CASSLGLYEQYF	5	2830
CASSLGNYEQYF	5	2830
CASSLGAYEQYF	5	2830
CASSLGGFYEQYF	5	2830
CASSLGGNDGYTF	23	254
CASSLGGLNQPQHF	3	166
CASSLGGASYGYTF	62	3
CASSLGGGSYEQYF	5	2830
CASSQGGGDYEQYF	5	2830
CASSLGGGGYEQYF	5	2830
CASSLGGGDEQYF	5	2830
CASSLGGNNEQFF	5	2830
CASSLGGGNEQFF	5	2830
CASSLGGGGNEQFF	5	2830
CASSLSGGGNTGELFF	5	2830
CASSLGFGGQETQYF	5	2830
CASSLVGGQETQYF	5	2830
CASSVGGGQETQYF	5	2830
CASSLGRGQETQYF	5	2830
CASSFGGGTGELFF	5	2830
CASSLGGGNTGELFF	5	2830
CASSLQGGTGELFF	5	2830
CASSLSGGGTGELFF	5	2830
CASSLIGGTGELFF	5	2830
CASSLLGLAGVGTGELFF	63	2
CASSLGTGLGNEQFF	5	2830
CASSLGGAGNEQFF	5	2830
CASSDGGLGQPQHF	3	166
CASSLRGLGQPQHF	3	166
CASSLVGGLGQPQHF	3	166
CASSLQGLGQPQHF	3	166
CASSLGQGLGQPQHF	3	166
CASSLGGTNEQFF	5	2830
CASSLQGGNEQFF	5	2830
CASSLGGDEQFF	5	2830
CASSQGGNEQFF	5	2830
CASSLGGNEQYF	5	2830
CASSLGANEQFF	5	2830
CASSLLGNEQFF	5	2830
CASSLFGNEQFF	5	2830
CASSLGQNEQFF	5	2830
CASSFGGNEQFF	5	2830
CASSLQGNEQFF	5	2830
CASSLAGGNEQFF	5	2830
CASSLDGNEQFF	5	2830
CASSLGYNEQFF	5	2830
CASSLGGFNEQFF	5	2830
CASSLGFNEQFF	5	2830
CASSLIGGNEQFF	5	2830
CASSLGGYNEQFF	5	2830
CASSLGKNEQFF	5	2830
CASSLGGMNEQFF	5	2830
CASSLGGGEQFF	5	2830
CASSLGGGNNEQFF	5	2830
CASSLGGNEQFF	5	2830
CASSLDGNNEQFF	5	2830
CASSPGGPYNEQFF	5	2830
CASSLGSGPYNEQFF	5	2830
CASSLGGHYNEQFF	5	2830
CASSLAGPYNEQFF	5	2830
CASSLEGSGANVLTF	64	5
CASSEGGSGANVLTF	64	5
CASSLGGFGANVLTF	64	5
CASSLLGSSYNEQFF	5	2830
CASSLGGISSYNEQFF	5	2830
CASSLGGGSYNEQFF	5	2830
CASSLDGSSYNEQFF	5	2830
CASSVGGSSYNEQFF	5	2830
CASSLGGSDYNEQFF	5	2830
CASSLGGASSYNEQFF	5	2830
CASSLGFTDTQYF	5	2830
CASSVGGTDTQYF	5	2830
CASSLIGGTDTQYF	5	2830
CASSLLGTDTQYF	5	2830
CASSLGGVTDTQYF	5	2830
CASSLGGPTDTQYF	5	2830
CASSLGGLDTQYF	5	2830
CASSLQGTDTQYF	5	2830
CASSLGQGTDTQYF	5	2830
CASSPLGGTDTQYF	5	2830
CASSPGGTDTQYF	5	2830
CASSLGGNTDTQYF	5	2830
CASSLGTVEAFF	5	2830
CASSLGGGLGETQYF	65	5
CASSLGGVEGETQYF	65	5
CASSLGGSLGETQYF	65	5
CASSLGGGEQYF	5	2830
CASSLGQGEQYF	5	2830
CASSLGPIYGYTF	23	254
CASSLGGLYEQYF	5	2830
CASSLGIFTEAFF	5	2830
CASSLLAGGQETQYF	5	2830
CASSLPGLAGGQETQYF	5	2830
CASSLGLGGGQETQYF	5	2830
CASSGLAGGQETQYF	5	2830
CASSGLAGLNEQFF	46	7
CASSLGLAGNNEQFF	46	7
CASSLNLAGLNEQFF	46	7
CASSLGLAGDNEQFF	46	7
CASSLGNSYEQYF	5	2830
CASSLGPSSYEQYF	5	2830
CASSLGQSYEQYF	5	2830
CASSLGHSYEQYF	5	2830
CASSMGPSYEQYF	5	2830
CASSLGGSYEQYF	5	2830
CASSLLPSYEQYF	5	2830
CASSLGVSYEQYF	5	2830
CASSLGWSYEQYF	5	2830
CASGLGPSYEQYF	5	2830
CASSLFPSYEQYF	5	2830
CASSLVGQAETQYF	5	2830
CASSQLGQGGYEQYF	5	2830
CASSLGQGPYEQYF	5	2830
CASSLGQGYEQYF	5	2830
CASSLGQGAYEQYF	5	2830
CASSLGQGIYEQYF	5	2830
CASSLGQGGGEQYF	5	2830
CASSLGQGGHEQYF	5	2830
CASSLGQGGSYEQYF	5	2830
CASSQGQGGYEQYF	5	2830
CASSLGQGLRNEQFF	5	2830
CASSLGQGYNEQFF	5	2830
CASSLGDGSSYEQYF	5	2830
CASSSGQGSSYEQYF	5	2830
CASSLRQGSSYEQYF	5	2830
CASSSGQGVYGYTF	23	254
CASSLGQGDYGYTF	23	254
CASSLGQGYGYTF	23	254
CASSLGQGAYGYTF	23	254
CASSLGQGPYGYTF	23	254
CASSLGTINEQFF	5	2830
CASSLGTAYEQYF	5	2830
CASSLTGRAYEQYF	5	2830
CASSLGLAYEQYF	5	2830
CASSLGGAYEQYF	5	2830
CASSLGRGYEQYF	5	2830
CASSLGQAYEQYF	5	2830
CASSLAGRAYEQYF	5	2830
CASSLGRTYEQYF	5	2830
CASSLWRDSNQPQHF	66	2
CASSLGRAYGYTF	23	254
CASSLGRGNQPQHF	67	2
CASSLGSTEAFF	5	2830
CASSLGGAEAFF	5	2830
CASSLGSATEAFF	5	2830
CASSLTSGGTDTQYF	5	2830
CASSLGEGGTDTQYF	5	2830
CASSLGTGGTDTQYF	5	2830
CASSLGFYEQYF	5	2830
CASSLGPSYEQYF	5	2830
CASSWGSYEQYF	5	2830
CASSLDGSYEQYF	5	2830
CATSSLGSYEQYF	5	2830
CASSLSGSYEQYF	5	2830
CASSPGSYEQYF	5	2830
CASSLVSYEQYF	5	2830
CASSLDSYEQYF	5	2830
CASSLGSNEQYF	5	2830
CASSSGSYEQYF	5	2830
CASSLLGSYEQYF	5	2830
CASSTGSYEQYF	5	2830
CASSLGSNYEQYF	5	2830
CASSLYSYEQYF	5	2830
CASSLGRSYGYTF	23	254
CASSLGNYGYTF	23	254
CASSLGSGYGYTF	23	254
CASSLGSHYGYTF	23	254
CASSLTANYGYTF	23	254
CASSLPTANYGYTF	23	254
CASSYGTANYGYTF	23	254
CASSLGSANYGYTF	23	254
CASSLGRAYEQYF	5	2830
CASSSGTAYEQYF	5	2830
CASSLTGTAYEQYF	5	2830
CASSLGGTAYEQYF	5	2830
CASSLETAYEQYF	5	2830
CASSLGTVYEQYF	5	2830
CASSDGTAYEQYF	5	2830
CASSLPTDTQYF	5	2830
CASSLYTDTQYF	5	2830
CASSLNTDTQYF	5	2830
CASSLGEDTQYF	5	2830
CASSLSTDTQYF	5	2830
CASSLATDTQYF	5	2830
CASSLGADTQYF	5	2830
CASSLGSDTQYF	5	2830
CASSLETDTQYF	5	2830
CASSLTDTQYF	5	2830
CASSLGTGDEKLFF	68	3
CASSGTGFGYTF	23	254
CASSLGTGYGYTF	23	254
CASSLGTGFYGYTF	23	254
CASSLGTGDGYTF	23	254
CASSLTLAKNIQYF	69	2
CASSLGTSGSLYEQYF	70	2
CASSLGVDQPQHF	3	166
CASSLGWVNEQFF	71	2
CASSLLAGGGDTQYF	5	2830
CASSLFSGPPYEQYF	60	2
CASSLGEKLFF	72	19
CASSLYGEKLFF	72	19
CASSLLAPYNEQFF	5	2830
CASSLLAETGELFF	5	2830
CASSLGLAGGQETQYF	5	2830
CASSTLAGGQETQYF	5	2830
CASSLLAGQETQYF	5	2830
CASSLLAGGSYEQYF	5	2830
CASSLGAGGSSYEQYF	5	2830
CASSLAGGSSYEQYF	5	2830
CASSLLGDEQFF	5	2830
CASSLLADEQFF	5	2830
CASSLLDEQYF	5	2830
CASSLFASSYNEQFF	73	2
CASSPLGGRYGYTF	74	3
CASSLLGQGDEQYF	75	2
CASSPLGSPLHF	76	5
CASSVLGSPLHF	76	5
CASSLGGSSYNEQFF	5	2830
CASSHLGSSYNEQFF	5	2830
CASRLLNEQFF	5	2830
CASSGLNEQFF	5	2830
CASSLLDEQFF	5	2830
CASSLPNEQFF	5	2830
CASSLRLNEQFF	5	2830
CASSLYNEQFF	5	2830
CASSLFNEQFF	5	2830
CASSLDNEQFF	5	2830
CASSLVNEQFF	5	2830
CASSLGNQPQHF	3	166
CASSLLSNQPQHF	3	166
CASSLSNQPQHF	3	166
CASSLLGNQPQHF	3	166
CASSLLGQGANTEAFF	77	2
CASSLRQETQYF	5	2830
CASSLLVGNQPQHF	3	166
CASSLGANVLTF	40	25
CASSLYGANVLTF	40	25
CASSPGANVLTF	40	25
CASSYPGANVLTF	40	25
CASSLPGQFYGYTF	78	2
CASSSPTDTQYF	5	2830
CASSLPTNEQFF	5	2830
CASSLQGYNEQFF	5	2830
CASSLSQGGNEQFF	5	2830
CASSLQGGVEQFF	5	2830
CASSSQGGNEQFF	5	2830
CASSPQGGNYGYTF	23	254
CASSLSGGNYGYTF	23	254
CASSLGGNYGYTF	23	254
CASSLQGSGTGELFF	5	2830
CASSLQGIGTGELFF	5	2830
CASSLQGDTGELFF	5	2830
CASSLVGIGNTIYF	79	2
CASSLYGSGTGELFF	5	2830
CASSLRGSGYNEQFF	80	2
CASSLPGYNEQFF	5	2830
CASSLTGYNEQFF	5	2830
CASSQGYNEQFF	5	2830
CASSLQGYEQFF	5	2830
CASSLSQGYNEQFF	5	2830
CASSPQGYNEQFF	5	2830
CASSLQGSTEAFF	5	2830
CASSLQNTEAFF	5	2830
CASSQSTEAFF	5	2830
CASSLSTEAFF	5	2830
CASSLQVNIYEQYF	81	2
CASSLQVIYEQYF	81	2
CASSLRDRAHEQYF	5	2830
CASSDRDRGHEQYF	5	2830
CASSLRDRGLEGQYF	82	3
CASSIRDRGLETQYF	82	3
CASSFRGDNQPQHF	83	2
CASSLRPGETQYF	59	6
CASSLRGGGETQYF	59	6
CASSRGGGSPLHF	84	2
CASSLRGLSQPQHF	3	166
CASSLRQGGELFF	85	2
CASSLTSSYEQYF	5	2830
CASSLVSSYEQYF	5	2830
CASSLKSSYEQYF	5	2830
CASSLDRSSYEQYF	5	2830
CASSLPSSYEQYF	5	2830
CASSLSADMNTEAFF	86	2
CASSLSFGRTEAFF	87	2
CASSLSFGDTEAFF	87	2
CASSLSWGAGNTIYF	88	2
CASSLVGATYNEQFF	89	2
CASSLSGAGELFF	5	2830
CASSLIGGELFF	5	2830
CASSLSAGELFF	5	2830
CASSLGGELFF	5	2830
CASSLSGGTEAFF	5	2830
CASSLRGLDEQYF	90	4
CASSLSGTGNGYTF	23	254
CASSLSGNGYTF	23	254
CASSLSGWAYEQYF	5	2830
CASSLSGWSYEQYF	5	2830
CASSLLLAGELFF	5	2830
CASSLSSGGNEQFF	5	2830
CASSLSRGLTEAFF	5	2830
CASSLERGNTEAFF	5	2830
CASSLSRRSTDTQYF	5	2830
CASSLSSGVTDTQYF	91	3
CASSLSSGRRDTQYF	91	3
CASSLGSGTYEQYF	5	2830
CASSLTSGTYEQYF	5	2830
CASSLSSTYEQYF	5	2830
CASSLAVVNEQFF	92	2
CASSLSGAGNTIYF	88	2
CASSLSSNQPQHF	3	166
CASSLGTANYGYTF	23	254
CASSLTLNYGYTF	23	254
CASSLVANYGYTF	23	254
CASSLTFESGANVLTF	93	2
CASSLTGQPQHF	3	166
CASSLGDQPQHF	3	166
CASSWTGDQPQHF	3	166
CASSLLGDQPQHF	3	166
CASSLTGDGPQHF	3	166
CASSLSGDQPQHF	3	166
CASSLTGGSYEQYF	5	2830
CASSLTGLSYEQYF	5	2830
CASSLTESYEQYF	5	2830
CASSLTGRSYEQYF	5	2830
CASSLTGGTEAFF	5	2830
CASSLTGAEAFF	5	2830
CASSLTGLGDTQYF	5	2830
CASSLTSGDTQYF	5	2830
CASSLTGESYEQYF	5	2830
CASSLTSGSYEQYF	5	2830
CASSLGTGGSYEQYF	5	2830
CASSLTGGYEQYF	5	2830
CASSLRTGGSYEQYF	5	2830
CASSLTGTGSYEQYF	5	2830
CASSLPGQGSYNEQFF	5	2830
CASSLTGDQPQHF	3	166
CASSLGTGQPQHF	3	166
CASSLTGNEQYF	5	2830
CASSLTGDEQYF	5	2830
CASSLDTGSEQYF	5	2830
CASSSTGSEQYF	5	2830
CASSLTGTHEQYF	94	3
CASSLTTGTDTQYF	5	2830
CASSLNPNTEAFF	5	2830
CASSLTYNTEAFF	5	2830
CASSLTVNTEAFF	5	2830
CASSLTSGMETQYF	95	2
CASSQTSGGATDTQYF	5	2830
CASSLTSGEETQYF	95	2
CASSLATSSYEQYF	5	2830
CASSLTTSSYEQYF	5	2830
CASSLTLSYEQYF	5	2830
CASSELTSSYEQYF	5	2830
CASSTSSYEQYF	5	2830
CASSLTESSYEQYF	5	2830
CASSLSTSSYEQYF	5	2830
CASSMTSSYEQYF	5	2830
CASSLVAGSYNEQFF	5	2830
CASSLVAGSSNEQFF	5	2830
CASSLVGSYNEQFF	5	2830
CASSLAGSYNEQFF	5	2830
CASSLVAGTYNEQFF	5	2830
CASSLAGGAKNIQYF	96	8
CASSLGGAKNIQYF	96	8
CASSLQGGEQYF	5	2830
CASSLSGGEQYF	5	2830
CASSLVGGSEQYF	5	2830
CASSLIGGEQYF	5	2830
CASSLVGEQYF	5	2830
CASSLVGDQETQYF	5	2830
CASSLVGYQETQYF	5	2830
CASSLVRGGNQPQHF	97	4
CASSLNQGLNTEAFF	98	2
CASSLVGRGGNQPQHF	97	4
CASSLVQGGNQPQHF	97	4
CASSLWGGPDTQYF	99	2
CASSLGRDSNQPQHF	66	2
CASSLGAGGQPQHF	100	3
CASSLGLGYEQYF	5	2830
CASSLYGVADTQYF	101	2
CASSAYKSSYNEQFF	102	2
CASSYPAMNTEAFF	5	2830
CASSLYVGADTQYF	103	2
CASSLISATGELFF	104	2
CASSEYTDTQYF	5	2830
CASSLYETDTQYF	5	2830
CASSLDSTDTQYF	5	2830
CASSADSTDTQYF	5	2830
CASSMGQGSYNEQFF	105	2
CASSMGQGGYNEQFF	105	2
CASSMRASVEQYF	5	2830
CASSMRASVEQFF	5	2830
CASSQGTGGVYEQYF	5	2830
CASSQQETQYF	5	2830
CASSLNQETQYF	5	2830
CASSKQETQYF	5	2830
CASSWQETQYF	5	2830
CASSFQETQYF	5	2830
CASSSNQETQYF	5	2830
CASSPDTDTQYF	5	2830
CASSSDSNYGYTF	106	2
CASSFDTGELFF	5	2830
CASSPADTGELFF	5	2830
CASSPVTGELFF	5	2830
CASSPDVTGELFF	5	2830
CASSPDYTGELFF	5	2830
CASSPNTGELFF	5	2830
CASSPATGELFF	5	2830
CASSPGGDEQFF	5	2830
CASSPEGDEQYF	5	2830
CASSPQGDEQFF	5	2830
CASSPPGSDEQFF	107	2
CASSPGGNQPQHF	3	166
CASSPGWNQPQHF	3	166
CASSPGVNQPQHF	3	166
CASSRGDPSTDTQYF	108	2
CASSEGDTQYF	5	2830
CASSPGDIQYF	5	2830
CASSPNGDTQYF	5	2830
CASSPGWDTQYF	5	2830
CASSPTGDTQYF	5	2830
CASSPSGDTQYF	5	2830
CASSPGQGLYEQYF	5	2830
CASSPGEGYEQYF	5	2830
CASSPEGDEQFF	5	2830
CASSVGGDEQFF	5	2830
CASSPGGVEQFF	5	2830
CASSPGGYEQFF	5	2830
CASLPGGGASYEQYF	109	4
CASSPGGGVSYEQYF	109	4
CASSPGGAGASYEQYF	109	4
CASSPGGQPQHF	3	166
CASSPGGLNEQYF	110	3
CASSPGQLNEKLFF	111	3
CASSGGGLNEKLFF	111	3
CASSPGGLENEQYF	110	3
CASSPYGLNEQYF	110	3
CASSQPGGSYNEQFF	5	2830
CASSPLGGSYNEQFF	5	2830
CASSPKGGSYNEQFF	5	2830
CASSFGGSYNEQFF	5	2830
CASSPGTSYNEQFF	5	2830
CASSPGDSYNEQFF	5	2830
CASSLPGGSYNEQFF	5	2830
CASSPTGGSYNEQFF	5	2830
CASSSGGSYNEQFF	5	2830
CASSPGLAGGNEQFF	5	2830
CASSPGLAGGEQYF	5	2830
CASSDPGLAGGEQFF	5	2830
CASSPGSGNTIYF	112	18
CASSPGHMNTEAFF	5	2830
CASSVGPMNTEAFF	5	2830
CASSPGQAYEQYF	5	2830
CASSPGGAAEQYF	5	2830
CASSPGQGHGYTF	113	3
CASSPGQGGYGYTF	23	254
CASSPGQGAYGYTF	23	254
CASSPGQGDYGYTF	23	254
CASSPGQAYNEQFF	5	2830
CASSPGQGNEQFF	5	2830
CASSPGTGYNEQFF	5	2830
CASSPGQGTYNEQFF	5	2830
CASSPGSSGNTIYF	112	18
CASSPGGSSGNTIYF	112	18
CASSEGRVYGYTF	23	254
CASSPGRNYGYTF	23	254
CASSPGLGNTIYF	112	18
CASSPSSGNTIYF	112	18
CASSPESGNTIYF	112	18
CASSPPSGNTIYF	112	18
CASSSGTDYGYTF	23	254
CASSPGTGYGYTF	23	254
CASSQGTDYGYTF	23	254
CASSPGDYGYTF	23	254
CASSPGTGSNQPQHF	3	166
CASSPGTGNQPQHF	3	166
CASSPGLAGELFF	5	2830
CASSPGTVYEQYF	5	2830
CASSPGTGYEQYF	5	2830
CASSPGWPYEQYF	5	2830
CASSPGTNPYEQYF	5	2830
CASSPGGVNEQFF	5	2830
CASSPGTNEQFF	5	2830
CASSPGTVGQPQHF	3	166
CASSPGGYNSPLHF	114	8
CASSPGGGYNSPLHF	114	8
CASSPGTGYNSPLHF	114	8
CASSPINTEAFF	5	2830
CASSGLAGVTDTQYF	5	2830
CASSPLAGVSDTQYF	5	2830
CASSPSGLNTEAFF	5	2830
CASSPTGLNTEAFF	5	2830
CASSPRGLNTEAFF	5	2830
CASSPNRGGQEQYF	115	3
CASSPGRGGQETQYF	115	3
CASSPGGGNTEAFF	5	2830
CASSPPVGNEQFF	5	2830
CASSPPGGEQFF	5	2830
CASSPPGNYGYTF	116	4
CASSPFGSDEQFF	107	2
CASSPTSYYEQYF	5	2830
CASSPPSYEQYF	5	2830
CASSPPGGNEQFF	5	2830
CASSPQGRYEQYF	5	2830
CASSPEGAYEQYF	5	2830
CASSPQGATYEQYF	5	2830
CASSPGQGAYEQYF	5	2830
CASSPQGIQPQHF	117	2
CASSLQGGNYGYTF	23	254
CASSPGQGGNYGYTF	23	254
CASSPQGVGQPQHF	3	166
CASSSQGLGQPQHF	3	166
CASSPQWGSGANVLTF	40	25
CASSQGSGANVLTF	40	25
CASSPGSGANVLTF	40	25
CASSPQGLGQPQHF	3	166
CASSPTGVGQPQHF	3	166
CASSRQGVGQPQHF	3	166
CASSPRDRERGEQYV	118	2
CASSPRDRERGEQYF	118	2
CASSLRDRGTDTQYF	119	3
CASSPRTGLSSYEQYF	120	2
CASSPRLAGGETQYF	121	2
CASSFRLAGTGELFF	38	3
CASSPRLAGNTGELFF	38	3
CASSPRSYTDTQYF	5	2830
CASSPTSTDTQYF	5	2830
CASSPRASTDTQYF	5	2830
CASSPSTDTQYF	5	2830
CASSPDRSTDTQYF	5	2830
CASSPRDTPYNEQFF	122	4
CASSGRYSNQPQHF	123	2
CASSYSGNTEAFF	5	2830
CASSPGGNTEAFF	5	2830
CASSPSGVTEAFF	5	2830
CASSPPGNTEAFF	5	2830
CASSPGNTEAFF	5	2830
CASSPSANTEAFF	5	2830
CASSPRGQPQHF	3	166
CASSPGGTGELFF	5	2830
CASSSGTGELFF	5	2830
CASSSTGGVYGYTF	23	254
CASSETGLEAFF	124	2
CASRPTGLGQPQHF	3	166
CASSPGTGLGQPQHF	3	166
CASSPTGLSQPQHF	3	166
CASSPTGQDTGELFF	125	2
CASSPTSGGYEQYF	5	2830
CASSLTSGGYNEQFF	5	2830
CASSAPTSGGYNEQFF	5	2830
CASSPQTSGGYNEQFF	5	2830
CASSPTSGSYNEQFF	5	2830
CASSQDLSYEQYF	5	2830
CASSQDDTYYEQYF	126	2
CASSQDSTYEQYF	5	2830
CASSQDESSYNEQFF	127	4
CASSQDGPYYGYTF	128	2
CASSDDGYNEQFF	5	2830
CASSGDGYNEQFF	5	2830
CASSQDRDEQFF	129	4
CASSQDPGDEQFF	129	4
CASSLDRGDEQFF	129	4
CASSQEESNYGYTF	130	2
CASSQELTDTQYF	131	2
CASSQETGYNQPQHF	132	4
CASSQETYYGYTF	133	4
CASSQPTGYGYTF	133	4
CASSQETSAYEQYF	134	2
CASSQETGYGYTF	133	4
CASSQEMTYYGYTF	133	4
CASSQEWLAGGLGTQYF	135	2
CATSQGAYGYTF	23	254
CASSGQGAYGYTF	23	254
CASSQGFYGYTF	23	254
CASSQGYGYTF	23	254
CASSQDGGGTDTQYF	5	2830
CASSQGGGTDTQYF	5	2830
CASSQGRGQGYEQYF	5	2830
CASSQGGGTEAFF	5	2830
CASSQGSSPLHF	136	2
CASSQGLAGSYEQYF	5	2830
CASSQGRMNTEAFF	5	2830
CASSQGANTEAFF	5	2830
CASNQGMNTEAFF	5	2830
CASSQTNYGYTF	23	254
CASSQGPAGGTDTQYF	137	3
CASSQGDYNEQFF	5	2830
CASSQGSYNEQFF	5	2830
CASSQMGPYNEQFF	5	2830
CASSGPYNEQFF	5	2830
CASSQGQGNTEAFF	5	2830
CASSQGWGATEAFF	5	2830
CASSQGQGVTEAFF	5	2830
CASSQGYGQPQHF	3	166
CASSQGRGSYEQYF	5	2830
CASSQGSWGYTF	23	254
CASSQQGSYGYTF	23	254
CASSGGTGGTEAFF	5	2830
CASSQGTGNTEAFF	5	2830
CASSQTGGTEAFF	5	2830
CASSQGRGGTEAFF	5	2830
CASSQGTGYTEAFF	5	2830
CASSQGTGMTEAFF	5	2830
CASSQDTGGTEAFF	5	2830
CASSLGTGNTEAFF	5	2830
CASSQETGNTEAFF	5	2830
CASSQGTVNTEAFF	5	2830
CASSSGTGNTEAFF	5	2830
CASSSGTGSYEQYF	5	2830
CASSGGTGSYEQYF	5	2830
CASSQGTSGSYEQYF	5	2830
CASSQGAGSYEQYF	5	2830
CASSQGTGVYEQYF	5	2830
CASSYGTGSYEQYF	5	2830
CASSTGTGSYEQYF	5	2830
CASSQGQGSYEQYF	5	2830
CASSQGTGRYEQYF	5	2830
CASSLGTGSYEQYF	5	2830
CASSPGTGSYEQYF	5	2830
CASSQGTGDGYTF	23	254
CASSQGVTEAFF	5	2830
CASSQGLAGDEQFF	138	2
CASSQVGGYEQYF	5	2830
CASSQTGGYEQYF	5	2830
CATSQRSTDTQYF	5	2830
CASSQTSTGELFF	5	2830
CASSQSPGGTQYF	139	2
CASSQSPGGMQYF	139	2
CASSQTGGGTYEQYF	5	2830
CASSPTGGTEAFF	5	2830
CASSQVGGTEAFF	5	2830
CASSWTSGSGDTQYF	140	2
CASSQVGGYQPQHF	141	2
CASSYVGNTEAFF	5	2830
CASSLVGNTEAFF	5	2830
CASSVGNTEAFF	5	2830
CASSQVRGNTEAFF	5	2830
CASSLYGNQPQHF	3	166
CASSQGYGNQPQHF	3	166
CASSQVGNQPQHF	3	166
CASSLDASSYEQYF	5	2830
CASSVGTGNYGYTF	23	254
CASSPGTGNYGYTF	23	254
CASSRLAGGDNEQFF	28	7
CASSRLAGGVNEQFF	28	7
CASSRDRDNSPLHF	142	2
CASSRRLAGGYEQYF	143	2
CASSPSSYEQYF	5	2830
CASSRSPYEQYF	5	2830
CASSSSSYEQYF	5	2830
CASSRTVNTEAFF	5	2830
CASSGTLNTEAFF	5	2830
CASSATLNTEAFF	5	2830
CASSNTLNTEAFF	5	2830
CASSVTLNTEAFF	5	2830
CASSFTSGSLYNEQFF	5	2830
CASSRTSGSYNEQFF	5	2830
CASSSQGNEQFF	5	2830
CASSSDVGTGELFF	144	2
CASSIDSYEQYF	5	2830
CASSSPSYEQYF	5	2830
CASSSKDSYEQYF	5	2830
CASSPDSYEQYF	5	2830
CASSSDRSYEQYF	5	2830
CASSLEGGNQPQHF	58	13
CASSSTGGNQPQHF	58	13
CASSSGTNYGYTF	23	254
CASSSGALNYGYTF	23	254
CASSFGEKLFF	72	19
CASSSEGEKLFF	72	19
CASSPGEKLFF	72	19
CASSSNEKLFF	72	19
CASSSGGDRYEQYF	145	2
CASSSGGVYGYTF	23	254
CASSPGLAGVNEQFF	5	2830
CASSSGQGYEQYF	5	2830
CASSSGQGWNEQYF	5	2830
CASSPGQGNEQYF	5	2830
CASSQGQINQPQHF	146	8
CASSRGQINQPQHF	146	8
CASSSGYGTEAFF	5	2830
CASSSGGTEAFF	5	2830
CASSSGLAAYEQYF	5	2830
CASSSGTGAYEQYF	5	2830
CASSSGTSGSYEQYF	5	2830
CASSPGTSGAYEQYF	5	2830
CASSSGTSGTYEQYF	5	2830
CASSSGTSGYEQYF	5	2830
CASSSGTSGAYEQYF	5	2830
CASSPGTSGSYEQYF	5	2830
CASSGTSGSYEQYF	5	2830
CASSMSGTSGSYEQYF	5	2830
CASSFISGNTIYF	147	2
CASSSTGLNTEAFF	5	2830
CASSLAGGLTDTQYF	5	2830
CASSSILANEQFF	148	2
CASSSGETQYF	5	2830
CASSSPGGRETQYF	149	5
CASSSPSGRGTGELFF	150	2
CASSSSSEAFF	5	2830
CASSSQGVGNTIYF	151	2
CASSSQGLGNTIYF	151	2
CASSSRFNYGYTF	152	2
CASSSSGGQETQYF	153	2
CASSFRGRSTDTQYF	5	2830
CASSSRGRTDTQYF	5	2830
CASSSRSGVEQYF	5	2830
CASSSRSGSEQYF	5	2830
CASSSRWGYEQYF	5	2830
CASSSRQGYEQYF	5	2830
CASSSSRSSYEQYF	5	2830
CASSSRDSSYEQYF	5	2830
CASSSRLSYEQYF	5	2830
CASSLSRSTDTQYF	5	2830
CASSSRSDTQYF	5	2830
CASSSSTDTQYF	5	2830
CASSLSDTQYF	5	2830
CASSSADTQYF	5	2830
CASSSTDTQYF	5	2830
CASSSRDTQYF	5	2830
CASTSSDTQYF	5	2830
CASSFSSDTQYF	5	2830
CASSISGSSYNEQFF	5	2830
CASSSSGSTYNEQFF	5	2830
CASSSSPGSTDTQYF	5	2830
CASSSTGSTDTQYF	5	2830
CASSSGGSTDTQYF	5	2830
CASSDSSGSTDTQYF	5	2830
CASSSTGGGETQYF	154	3
CASSSVGGKETQYF	154	3
CASSSTQGGYEQYF	5	2830
CASSSTGSYEQYF	5	2830
CASSLSTGGYEQYF	5	2830
CASSATGGYEQYF	5	2830
CASSSTGPYEQYF	5	2830
CASSSAGGYEQYF	5	2830
CASSSTGYEQYF	5	2830
CASSSTGIGYTF	155	2
CASSVAGGSYEQYF	5	2830
CASSAAGGSYEQYF	5	2830
CASSTHYEQYF	5	2830
CASSTPYEQYF	5	2830
CASSTGAWGYTF	23	254
CASSTGTAYGYTF	23	254
CASSTGTYGYTF	23	254
CASSSTGFGSPLHF	156	2
CASSIGLLTDTQYF	50	3
CASSSTGSYGYTF	23	254
CASSPTGSYGYTF	23	254
CASSTGTLYGYTF	23	254
CASSPTGTAYGYTF	23	254
CASSYGTEAFF	5	2830
CASSPGTEAFF	5	2830
CASSEGTEAFF	5	2830
CASSLGTEAFF	5	2830
CASSLTGTEAFF	5	2830
CASSQGTEAFF	5	2830
CASSHPGQGQETQYF	157	2
CASSLTRAAYEQYF	5	2830
CASSTRSGWEQYF	5	2830
CASSTRDSQETQYF	5	2830
CASSTRTDTQYF	5	2830
CASSTRATGELFF	5	2830
CASSTSTGELFF	5	2830
CASSDSGANQPQHF	158	2
CASSLTGGSTEAFF	5	2830
CASSVASGSYEQYF	5	2830
CASSVAADTQYF	159	3
CASSVAGDTQYF	159	3
CASSVDYREDYGYTF	160	2
CASSVGSGAGTEAFF	161	2
CASSPDSYSNQPQHF	162	3
CASSQEGNEQFF	5	2830
CASSVERNEQFF	5	2830
CASSYEGNEQFF	5	2830
CASSVEQGNEQFF	5	2830
CASSVGGTGELFF	5	2830
CASSVGGDTGELFF	5	2830
CASSVGNTDTQYF	5	2830
CASSPVGGTDTQYF	5	2830
CASSVGGGTDTQYF	5	2830
CASSVEGTDTQYF	5	2830
CASSVGGADTQYF	5	2830
CASSVGGTGDYEQYF	163	2
CASSVGLAGDNEQFF	46	7
CASSPGLSYEQYF	5	2830
CASSVGDSYEQYF	5	2830
CASSVDSYGYTF	23	254
CASSVGTGGSNQPQHF	3	166
CASSVAGGYGYTF	164	3
CASSQGVLNTEAFF	165	2
CASSVRGTEAFF	5	2830
CASSVGRSSYEQYF	5	2830
CASSVRSAGELFF	5	2830
CASSVGGNSYEQYF	5	2830
CASSLSGNSYEQYF	5	2830
CASSDSGNSYEQYF	5	2830
CASSVTGSSYNEQFF	5	2830
CASSLTDYNEQFF	5	2830
CASSVTVYNEQFF	5	2830
CASSTDYNEQFF	5	2830
CASSVTGDYGYTF	166	2
CASSWDTSYEQYF	5	2830
CASSLGDYNEQFF	5	2830
CASSWGGYNEQFF	5	2830
CASSWGGGSHYGYTF	167	2
CASSWGGGSHYGHTF	167	2
CASSLGGPNTEAFF	5	2830
CASSIGQGSPLHF	168	2
CASSWGVMNTEAFF	5	2830
CASSSGQMNTEAFF	5	2830
CASSLGQMNTEAFF	5	2830
CASSWGEMNTEAFF	5	2830
CASSVGQMNTEAFF	5	2830
CASSWGQGNTEAFF	5	2830
CASSWGSEQYF	5	2830
CASSWGQMNTEAFF	5	2830
CASSPGGTEAFF	5	2830
CASSYPGGTEAFF	5	2830
CASSWQGLGTEAFF	169	3
CASSQTSGSGDTQYF	140	2
CASSYGGFNQPQHF	3	166
CASSYWGFNQPQHF	3	166
CASSVGFNQPQHF	3	166
CASSYGSNQPQHF	3	166
CASSYGFNQPQHF	3	166
CASSPGGFNQPQHF	3	166
CASSYGGYTEAFF	5	2830
CASSFGGGTEAFF	5	2830
CASSYGGNTEAFF	5	2830
CASSLGGGTEAFF	5	2830
CASSVGGGTEAFF	5	2830
CASSGGGTEAFF	5	2830
CASSYSGGGTEAFF	5	2830
CASSTGGGTEAFF	5	2830
CASSPGGGTEAFF	5	2830
CASSYGGQGAYEQYF	5	2830
CASSYGGGTEAFF	5	2830
CASSVGGYTEAFF	5	2830
CASSYGTGQPQHF	3	166
CASSYGVGQPQHF	3	166
CASSYGQGGTDTQYF	5	2830
CASSLGQGWGYTF	23	254
CASSTGTEAFF	5	2830
CASSYGLTEAFF	5	2830
CASSYGITEAFF	5	2830
CASSYRGTEAFF	5	2830
CASSYNTEAFF	5	2830
CASSPGTGGTYEQYF	5	2830
CASSYWTGNGYTF	23	254
CASSSGTGNGYTF	23	254
CASSYGMGQPQHF	3	166
CASSGGTSGYNEQFF	45	5
CASSHIGQGYTF	48	2
CASSLLAGSTDTQYF	5	2830
CASSSLAGSTDTQYF	5	2830
CASSYGQGYEQYF	5	2830
CASSYLQGYEQYF	5	2830
CASSYLGRGYEQYF	5	2830
CASSYSGQGGELFF	170	2
CASSFSGNTGELFF	5	2830
CASSYSYGNTGELFF	5	2830
CASSYSGVNTGELFF	5	2830
CASSYSGGTGELFF	5	2830
CASSYSRNTGELFF	5	2830
CASSYSNTGELFF	5	2830
CASSDSGSGNEQFF	5	2830
CASSYSGGNEQFF	5	2830
CASSYSGETQYF	5	2830
CASSYASGNTIYF	112	18
CASSYRSSGNTIYF	112	18
CASSYSTSGNTIYF	112	18
CASSYNSGNTIYF	112	18
CASSASYEQYF	5	2830
CASSYSGEQYF	5	2830
CASGYSYEQYF	5	2830
CASSYSEEQYF	5	2830
CASSQVGNTEAFF	5	2830
CASSYVRNTEAFF	5	2830
CASSYPYNEQFF	5	2830
CASSRYYNEQFF	5	2830
CASSYNEQFF	5	2830
CASSTYNEQFF	5	2830
CASSLITGELFF	5	2830
CASTLTGELFF	5	2830
CASTPGGGSPLHF	171	2
CASTPGLMNTEAFF	172	2
CASRQGANTEAFF	5	2830
CASTNQGANTEAFF	5	2830
CASTRGGEQYF	5	2830
CASSRGYEQYF	5	2830
CASRRGYEQYF	5	2830
CASTVGSTEAFF	173	2
CASTSGIDNEQFF	174	2
CASTRVGSTEAFF	173	2
CATGTANTEAFF	175	3
CATGTGNTEAFF	175	3
CSAWTGNTEAFF	176	2
CSARDPGNYGYTF	177	2
CSARDGRDYGYTF	178	2
CSARDSTGNGYTF	179	2
CSARDRTGNGYTF	179	2
CSAINTGELFF	180	3
CSARWGAEAFF	181	2
CSARSGDGELFF	182	2
CSARRGGGTDTQYF	183	2
CSASGQGLNTGELFF	184	2
CSAGTDSYEQYF	185	2
CSPGTVYGYTF	186	2
CASSQENTGELFF	187	6
CASSQAANTGELFF	187	6
CASSLAGDTEAFF	5	2830
CASSLPGDSEAFF	5	2830
CASSLPGLTEAFF	5	2830
CASSFQGGTEAFF	5	2830
CASSFGGTEAFF	5	2830
CASSFRGGTEAFF	5	2830
CASSLNTGELFF	5	2830
CASSLNPGELFF	5	2830
CASSLFGELFF	5	2830
CASSLTGELFF	5	2830
CASSLAGELFF	5	2830
CASSYSGTSGDTQYF	188	2
CASSFGHYNEQFF	5	2830
CASSFGNEQFF	5	2830
CASSFGNNEQFF	5	2830
CASSFAYNEQFF	5	2830
CASSFRYNEQFF	5	2830
CASSFGVNEQFF	5	2830
CASSSGYNEQFF	5	2830
CASSPGTGHYNEQFF	5	2830
CASSPGTGGYNEQFF	5	2830
CASSDQTSGDNEQFF	189	2
CASSLGQGYEQFF	5	2830
CASSLGQGAYNEQFF	5	2830
CASSQGRGSGNTIYF	190	2
CASSQGSTEAFF	5	2830
CASSYVQGSTEAFF	5	2830
CASSRNRDNSPLHF	142	2
CSVEGGTSGRNEQFF	191	2
CASSFTNTEAFF	5	2830
CASRDTNTEAFF	5	2830
CASSLYRGADTQYF	103	2
CASSVEEETQYF	192	3
CASSTGQGRSYNEQFF	193	2
CASRGGEQYF	5	2830
CASSLKGEKLFF	72	19
CASSSGEKLFF	72	19
CASSLGNEKLFF	72	19
CASSLTEKLFF	72	19
CASSSPETQYF	5	2830
CASSFGETQYF	5	2830
CASSRGETQYF	5	2830
CASSVGETQYF	5	2830
CASSLGETQYF	5	2830
CASSPSGETQYF	5	2830
CASSTGETQYF	5	2830
CASSYSSGNTIYF	112	18
CASSASGNTIYF	112	18
CASSPIPYEQYF	5	2830
CASSLGQGGTEAFF	5	2830
CASSPGAGGTEAFF	5	2830
CASSLDGTYEQYF	5	2830
CASSADGMNTEAFF	194	3
CASSPDGMNTEAFF	194	3
CASSPGPMNTEAFF	5	2830
CASSQANYEQYF	5	2830
CASSQGGRPYEQYF	5	2830
CASSSPSSEAFF	5	2830
CASSSSSMEAFF	5	2830
CASSSGSEAFF	5	2830
CSARDYTEAFF	195	2
CASSRAGGQPQHF	3	166
CASSLAGDEQYF	5	2830
CASSLAGREQYF	5	2830
CASSTGGRTEAFF	5	2830
CASSVGGATEAFF	5	2830
CASRGQQETQYF	5	2830
CASSPTDSQETQYF	196	2
CASSLAETSSYEQYF	5	2830
CASSLATGSSYEQYF	5	2830
CASSSNTDTQYF	5	2830
CASSLANTDTQYF	5	2830
CASSSLNTDTQYF	5	2830
CASSNYEQYF	5	2830
CASSLNTYEQYF	5	2830
CAWSVLGGNEQFF	197	2
CASSAGQGSYEQYF	5	2830
CASSLSGTGFNEQYF	198	2
CASSLLGGSNQPQHF	58	13
CASSLEGVSNQPQHF	58	13
CASSLEGLSNQPQHF	58	13
CASSSPNEQFF	5	2830
CASSLPYNEQFF	5	2830
CASSPGVAYEQYF	5	2830
CASSPPGETQYF	5	2830
CASSLGVPANEQFF	199	2
CASSQGQGGAYEQYF	5	2830
CASSQGGGGAYEQYF	5	2830
CASSQGRGGYEQYF	5	2830
CASSLKGGAPDTQYF	200	2
CASSSAGTGFYEQYF	201	2
CASSLAGGDYNEQFF	202	3
CASSFSSERTDTQYF	203	2
CSARGTRSYEQYF	204	2
CASSLALAVDTQYF	205	2
CASSVRDGTNEQFF	206	2
CASSYSRGGSYNEQFF	5	2830
CASSSRGSYNEQFF	5	2830
CASSYSRGYNEQFF	5	2830
CASSLAGAYEQYF	5	2830
CASSLAAGAYEQYF	5	2830
CASSLEGGAYEQYF	5	2830
CASSLEAGAPYEQYF	5	2830
CASSLDFYGYTF	23	254
CASSLEGDFYGYTF	23	254
CASSLEGSGNTIYF	207	4
CASSLWGSSGNTIYF	207	4
CASSLSGGELFF	5	2830
CASSLSLAGELFF	5	2830
CASSLGAGELFF	5	2830
CASSLYGAGELFF	5	2830
CASSLTGAGELFF	5	2830
CASSLEGAGELFF	5	2830
CASSSTEETQYF	5	2830
CASSSLGGGLETQYF	208	2
CASSLAGGLDEQFF	5	2830
CASSSVAGGPYEQYF	209	2
CASSVEGNEQFF	5	2830
CASSQEGREQFF	5	2830
CASSQAGNEQFF	5	2830
CASSLEENTEAFF	5	2830
CASSLDGNTEAFF	5	2830
CASSLEVNTEAFF	5	2830
CASSLFGNTEAFF	5	2830
CASSLVGDEQFF	5	2830
CASSLLGDEQYF	5	2830
CASSSTGGYEQYF	5	2830
CASSPDTGELFF	5	2830
CASSFRDTGELFF	5	2830
CASSFSDTGELFF	5	2830
CASSFYTGELFF	5	2830
CASSVTGNTEAFF	5	2830
CASSQGGGWTEAFF	5	2830
CASSQGGSGTEAFF	5	2830
CASSQGPGTEAFF	5	2830
CASSLGRTNTGELFF	210	6
CASSLDPTNTGELFF	210	6
CASSLGPNTGELFF	210	6
CASSLGNEQYF	5	2830
CASSIGPEETQYF	211	2
CASSVGGGELFF	5	2830
CASSPGGGYEQYF	5	2830
CASSPGGGPYEQYF	5	2830
CASSPPGGGYEQYF	5	2830
CASSPGGLGYEQYF	5	2830
CASSFSPYEQYF	5	2830
CASSPDPYEQYF	5	2830
CASSSSPYEQYF	5	2830
CASSPSGYEQYF	5	2830
CASSVGSANYEQYF	5	2830
CASSVGSTYEQYF	5	2830
CASSVGDNYEQYF	5	2830
CASSFGSHEQYF	5	2830
CASSGAHEQYF	5	2830
CASSTSHEQYF	5	2830
CASSPGDPSTDTQYF	108	2
CASSQDKGLNTEAFF	212	3
CASSQDSGPNTEAFF	212	3
CASSLSLAGYNEQFF	213	2
CASSSDSYEQYF	5	2830
CASSIDGYEQYF	5	2830
CASSLGPGNTEAFF	5	2830
CASSPRGGTEAFF	5	2830
CASSFGGNTIYF	12	17
CASSFGNTIYF	12	17
CASSLAGGYTEAFF	5	2830
CASSLSGGVTEAFF	5	2830
CASSLTPNTEAFF	5	2830
CASSPGLAGDTQYF	214	4
CASSGGDGYTF	23	254
CASSGAGYTF	23	254
CASSGGGYTF	23	254
CASSSGDGYTF	23	254
CASSQAYEQYF	5	2830
CASSIGYEQYF	5	2830
CASSGAYEQYF	5	2830
CASSLAGSGSTDTQYF	215	2
CASNLDKNTEAFF	216	2
CASSPEGTNEKLFF	217	4
CASSQEGPSYEQYF	5	2830
CASSSGGDYNEQFF	5	2830
CASSEGTYNEQFF	5	2830
CASSVGTGYNEQFF	5	2830
CASSLGPTNTGELFF	210	6
CASSLSRTNTGELFF	210	6
CASSLGTAQETQYF	218	2
CASSSTNQPQHF	3	166
CASSKPTNQPQHF	3	166
CASSLGGYYGYTF	23	254
CASSQDSAGYNEQFF	219	2
CASSLRTGELFF	5	2830
CASSLGFTGELFF	5	2830
CASSLGDTGELFF	5	2830
CASSLTGGGVYNEQFF	5	2830
CASSLTGGVYNEQFF	5	2830
CASSTTRNTEAFF	5	2830
CASSLGQGEQFF	5	2830
CASSFRGTGELFF	5	2830
CASSFRHTGELFF	5	2830
CASSQAENTEAFF	220	4
CASTGQGSYEQYF	221	2
CASSEGSGSTDTQYF	222	4
CSARDLGGSYEQYF	223	4
CSARDRTGSYEQYF	223	4
CSARRGGSYEQYF	223	4
CASSLGLGTEAFF	5	2830
CASSLQGETQYF	5	2830
CASSLAAETQYF	5	2830
CASSLATETQYF	5	2830
CASSLAGEETQYF	5	2830
CASSSLAGETQYF	5	2830
CASSLLAGETQYF	5	2830
CASSFGTGGYEQYF	5	2830
CASSVGTSGYEQYF	5	2830
CASSPYPNTEAFF	224	2
CASSLGTSGNYEQYF	5	2830
CASSDTNTGELFF	5	2830
CASSERGGTYNEQFF	225	2
CASSTLGSGELFF	5	2830
CASSQERGPYNEQFF	226	2
CASSFWDRGNTGELFF	43	2
CASSLTSGTEQFF	227	2
CASSQTEEYEQYF	228	2
CASSPARAGAYEQYF	229	2
CASSLLNQPQHF	3	166
CASSLVGNQPQHF	3	166
CASGLGNQPQHF	3	166
CASSLGLQPQHF	3	166
CASTLGNQPQHF	3	166
CASSLGTQPQHF	3	166
CASSPGQASTDTQYF	230	3
CASSFGTASTDTQYF	230	3
CASSQDRGDEQFF	129	4
CASSEGGGYEQYF	5	2830
CASSQDPGMTDTQYF	5	2830
CASSVQNEQFF	5	2830
CASSQDNEQFF	5	2830
CASSSADYEQYF	5	2830
CASSIGQLNTEAFF	231	7
CASSPGQLNTEAFF	231	7
CASSRGQLNTEAFF	231	7
CASRLPGYNEQFF	5	2830
CASSLPVYNEQFF	5	2830
CASSLDPGYNEQFF	5	2830
CASRNTEAFF	5	2830
CASRVTEAFF	5	2830
CASSQRDSSYNSPLHF	232	2
CASGPGSSYNEQFF	233	6
CASSSNNQPQHF	3	166
CASSLTGGKGNEQFF	5	2830
CASSLSPETYEQYF	234	2
CASSFVESEQYF	235	2
CASSPSGTGELFF	5	2830
CASSPGATGELFF	5	2830
CASSPGGNTGELFF	5	2830
CASSPGEGTGELFF	5	2830
CASSFPDEQFF	5	2830
CASSFGDEQFF	5	2830
CASSQVGQGTEAFF	5	2830
CASSLVGGTEAFF	5	2830
CASSNGTGGVYEQYF	5	2830
CASSQGTGGLYEQYF	5	2830
CASSSGQGNEQYF	5	2830
CASSGQGYEQYF	5	2830
CASSPGQGYEQYF	5	2830
CASSSGQAYEQYF	5	2830
CASSVGQGYEQYF	5	2830
CASSSGQVYEQYF	5	2830
CASSSGTGYEQYF	5	2830
CASSLWTGYEQYF	5	2830
CASSLSTGYEQYF	5	2830
CASSWGRDEQYF	5	2830
CASRPGQSYEQYF	5	2830
CASSLQGAEKLFF	236	2
CASSPWTGTNTEAFF	237	2
CASSYSRGSYNEQFF	5	2830
CASSNGAMNTEAFF	5	2830
CASSISGGGTEAFF	5	2830
CASSPGRLNYGYTF	23	254
CASSSGSGTEAFF	5	2830
CASSLGGIGYTF	23	254
CASSFGGGYTF	23	254
CASSPPGGAYEQYF	5	2830
CASSRGPDNEQFF	238	2
CASSFSHEQFF	5	2830
CASSFSGNEQFF	5	2830
CASSFSGVEQFF	5	2830
CASSLPGLEAFF	5	2830
CASSLGQLEAFF	5	2830
CASSLSGLEAFF	5	2830
CASSSGGTYGYTF	23	254
CASSQETSTYEQYF	134	2
CASSFGNPEAFF	5	2830
CASSLGGFSYEQYF	5	2830
CASSLGGYSYEQYF	5	2830
CASSLGGASYEQYF	5	2830
CASSLGGRSYEQYF	5	2830
CASSLGVGHSYEQYF	5	2830
CASSQELAGEQYF	239	2
CASSASDGNTIYF	112	18
CASSWSGNTIYF	112	18
CASSQGDRVETQYF	240	2
CASSLDGSTYEQYF	5	2830
CASSLDGSRYEQYF	5	2830
CASSPGGSYNEQFF	5	2830
CASSFFGQGSYEQYF	5	2830
CSVDMNTEAFF	241	2
CASSLFSGSTDTQYF	242	2
CASSVASNQPQHF	3	166
CASSVADNQPQHF	3	166
CASSPGQEAFF	5	2830
CASSPGTTEAFF	5	2830
CASSPGVTEAFF	5	2830
CASSPGTFEAFF	5	2830
CASSPHTEAFF	5	2830
CASSPGTPEAFF	5	2830
CASSPYTEAFF	5	2830
CASSPLGTEAFF	5	2830
CASSLDGSNQPQHF	3	166
CASSLGSSNQPQHF	3	166
CASSLDSYNQPQHF	3	166
CASSLAGTGELFF	5	2830
CASSLLTGELFF	5	2830
CASSYATGELFF	5	2830
CASSSLATGELFF	5	2830
CASGLATGELFF	5	2830
CASSFGGDQPQHF	243	3
CASSLGQNYGYTF	23	254
CSARGGAYEQYF	244	3
CASSRVRAGSTDTQYF	245	2
CASSGGLAGAPYEQYF	44	3
CASSGGLAPPYEQYF	44	3
CASTQGANTEAFF	5	2830
CASSIGQGETQYF	5	2830
CASSYGQGQETQYF	5	2830
CASSLTGSYNEQFF	5	2830
CASSQVSGGAYEQYF	246	2
CASSLTGNEKLFF	72	19
CASSLTGTNEKLFF	72	19
CASSLGQGNEKLFF	247	4
CASSLTGVNQPQHF	248	2
CASSPSTGGVYGYTF	23	254
CASSSTGGGYGYTF	23	254
CASSLNGELFF	5	2830
CASSSNTGELFF	5	2830
CASSLVNTGELFF	5	2830
CASSYLNTGELFF	5	2830
CASSRLNTGELFF	5	2830
CASSLGGGMNTEAFF	5	2830
CASSLDRVNTEAFF	249	4
CASSFDRVNTEAFF	249	4
CASSFSGANVLTF	40	25
CASSYFRSGANVLTF	40	25
CASSLWAYTEAFF	250	2
CASRRGGGTEAFF	5	2830
CASREGGGTEAFF	5	2830
CASSLPGANVLTF	40	25
CASSGGANVLTF	40	25
CASSDLGANVLTF	40	25
CASSIGSEQYF	5	2830
CASSLGLTYEQYF	5	2830
CASSTGLDYEQYF	5	2830
CASSPTMNTEAFF	5	2830
CASSYPQMNTEAFF	5	2830
CATRGQGNQPQHF	251	2
CASSLGGESEQYF	252	2
CASSPGTSGGDTQYF	253	3
CASSLGQAYYEQYF	5	2830
CASSLQDNEQFF	5	2830
CASSLRDNEQFF	5	2830
CASSFADNEQFF	5	2830
CASSLASNQPQHF	3	166
CASSLFSNQPQHF	3	166
CASSPTSNNEQFF	5	2830
CASSPGNNEQFF	5	2830
CASSPNNEQFF	5	2830
CASSSNNEQFF	5	2830
CASSVGLSYEQYF	5	2830
CASSPGGSYEQYF	5	2830
CASSPGASYEQYF	5	2830
CASSQGGPYEQYF	5	2830
CASSVGGPTYEQYF	5	2830
CASSVRGGPYEQYF	5	2830
CASSLGQGRTEAFF	5	2830
CASSLAQGGTEAFF	5	2830
CASSQDGGSYEQYF	5	2830
CASSPGPISGNTIYF	254	2
CASTRGYEQYF	5	2830
CASSLGGIDEQFF	5	2830
CASSLGIDEQFF	5	2830
CASSLGTGDEQFF	5	2830
CASSLGGDEQYF	5	2830
CASSTQGNTEAFF	255	2
CASSLSNTEAFF	5	2830
CASSLSMNTEAFF	5	2830
CASSQGASYEQYF	5	2830
CASSQELASYEQYF	5	2830
CASSQGLAYEQYF	5	2830
CASSQGLASSYEQYF	5	2830
CASSFGAYYGYTF	23	254
CASSQSTYEQYF	5	2830
CASSQGTYEQYF	5	2830
CASSYGSTYEQYF	5	2830
CASSVAPDTQYF	159	3
CSARQGAEAFF	181	2
CASRGTGDYGYTF	256	2
CSVRDNSYEQYF	257	3
CSVRDDSYEQYF	257	3
CASSQDSGLNTEAFF	212	3
CASSPRGLSSYEQYF	120	2
CASSPDYNEQFF	5	2830
CASSADYNEQFF	5	2830
CASSQDGGETNEKLFF	258	3
CASSSPGDAGELFF	259	2
CASSLGGLAGYNEQFF	260	4
CASSPGGLNEKLFF	111	3
CASSLLAGGSSYEQYF	5	2830
CASSLWAGGSYEQYF	5	2830
CASSLALAGGSYEQYF	5	2830
CASSLLPGGSYEQYF	5	2830
CASSFGQNTEAFF	5	2830
CASSFSGGTEAFF	5	2830
CASSFGGTTEAFF	5	2830
CASSPSGGAMETQYF	261	3
CASSPSSGGAGETQYF	261	3
CASSVDGTNEQFF	206	2
CASSYKGTDTQYF	5	2830
CASSWGTGNYEQYF	5	2830
CASSSGTGTYEQYF	5	2830
CASSDTSGGADTQYF	262	2
CASSLAEGGETQYF	263	2
CASSLGVGYGYTF	23	254
CASSLAGVYGYTF	23	254
CASSLGVTYGYTF	23	254
CASSSPTGSYEQYF	5	2830
CASSSGGSYEQYF	5	2830
CASSSTGSDYEQYF	5	2830
CASSSGTGEAFF	5	2830
CASSYYNEQFF	5	2830
CASSIPYNEQFF	5	2830
CASSSTANTEAFF	5	2830
CASSLTSGGATDTQYF	5	2830
CASSLGQGGYEQYF	5	2830
CASSQGRNEQFF	5	2830
CASSLTGGQVNTEAFF	264	2
CASSQGGDTQYF	5	2830
CASSQEGGDTQYF	5	2830
CASSLSAGGETQYF	5	2830
CASSLTGSEQYF	5	2830
CASSLDGNEQYF	5	2830
CASSLSTGNEQYF	5	2830
CASSLTNEQYF	5	2830
CASSLAPYNEQFF	5	2830
CASSSSGSTDTQYF	5	2830
CASSSGPGSTDTQYF	5	2830
CASSYRGYNEQFF	5	2830
CASSVGTSSYEQYF	5	2830
CASSGTGSSYEQYF	5	2830
CASSKSGGDYNEQFF	5	2830
CASSQGAGTYEQYF	5	2830
CASSQVGGTYEQYF	5	2830
CASSPSGNTEAFF	5	2830
CASSYSGFNTEAFF	5	2830
CASSYSTNTEAFF	5	2830
CASSLGLDYEQYF	5	2830
CASSLGDEQYF	5	2830
CASSLGDVEQYF	5	2830
CASRLGDYEQYF	5	2830
CASSGGDYEQYF	5	2830
CASSQERGATEAFF	265	3
CASSQEAGGTEAFF	265	3
CASSLRGGQYEQYF	5	2830
CASSLGGQAYEQYF	5	2830
CASSLRGQYEQYF	5	2830
CSASNEQFF	266	2
CASSLYGLGYEQYF	5	2830
CASSLNLGYEQYF	5	2830
CASSLGLGPYEQYF	5	2830
CASSLGLAGYEQYF	5	2830
CASSLTGGDGYTF	23	254
CASSPTGDGYTF	23	254
CASSLYTGDGYTF	23	254
CASSYTGDGYTF	23	254
CASSLQGDGYTF	23	254
CASSLQGGFSNQPQHF	267	2
CASSLEQNYEQYF	5	2830
CASSQGSATEAFF	5	2830
CASSQGSGHTEAFF	5	2830
CASSFRGSYNEQFF	5	2830
CASSSSTYEQYF	5	2830
CASSLSGGLRDEQFF	268	3
CASSLSEGRDEQFF	268	3
CASSYLSGSSYEQYF	269	2
CATSDTDSNQPQHF	270	3
CATSDWDSNQPQHF	270	3
CASSGTGELFF	5	2830
CASSVGTGELFF	5	2830
CASSQGTTGELFF	5	2830
CASSFGGAETQYF	5	2830
CASSLGQAETQYF	5	2830
CASSLGGAGETQYF	5	2830
CASSLGGALETQYF	5	2830
CASSSTQETQYF	5	2830
CASSLGTGHTDTQYF	5	2830
CASSLETQYF	5	2830
CASSPGLQETQYF	5	2830
CASSPGDFQETQYF	5	2830
CASSPQAANYGYTF	271	2
CASSLLTYEQYF	5	2830
CASSLSLTYEQYF	5	2830
CASSLAGLTYEQYF	5	2830
CASSYGLTYEQYF	5	2830
CASSWGGDTEAFF	5	2830
CASRGQEETQYF	5	2830
CASSGDGYTF	23	254
CASSEGTGYNEQFF	5	2830
CASSPEGTYNEQFF	5	2830
CASSQAGDEQYF	5	2830
CASSSARNTEAFF	5	2830
CASSSSDTQYF	5	2830
CASSLVSDTQYF	5	2830
CASSLSADTQYF	5	2830
CASSLADTQYF	5	2830
CASSLSGDTQYF	5	2830
CASSLKDTQYF	5	2830
CASSLIDTQYF	5	2830
CASRLSDTQYF	5	2830
CASSPTSGGYNEQFF	5	2830
CASSLTGGGYNEQFF	5	2830
CASSLQSTEAFF	5	2830
CASSVQGSTEAFF	5	2830
CASSLQGGTEAFF	5	2830
CASSLQGYTEAFF	5	2830
CASSLGTSGSSYEQYF	70	2
CSARNNEQFF	272	2
CASRGGLNTEAFF	273	2
CASSYIGGNTEAFF	5	2830
CASSSGGNTEAFF	5	2830
CASSDGGNTEAFF	5	2830
CASSEGGNTEAFF	5	2830
CASSGEESYEQYF	274	2
CASSLGDRGYEQYF	5	2830
CASSYSVGEQYF	5	2830
CASSPTDSYEQYF	5	2830
CASSPTSNTGELFF	5	2830
CASSPTYTGELFF	5	2830
CASSPGTSTGELFF	5	2830
CASSLGSGELFF	5	2830
CASSLVAGELFF	5	2830
CASSVGGGNTEAFF	5	2830
CASSLGTGGNTEAFF	5	2830
CASSLGFGNTEAFF	5	2830
CASSLGGGVNTEAFF	5	2830
CASSNGGGNTEAFF	5	2830
CASSLGGENTEAFF	5	2830
CASSRASSYNEQFF	275	3
CASSLSARNTEAFF	5	2830
CASSPGGQETQYF	5	2830
CASSYGATNEKLFF	276	2
CASSSGGAEAFF	5	2830
CASSLSGNRQETQYF	277	3
CASSLSGRRQETQYF	277	3
CASSSSGGGGYTF	278	2
CASSPGAGSYEQYF	5	2830
CATSRGLAGGDTQYF	279	2
CASSQESGSYEQYF	5	2830
CASSQASGGSYEQYF	5	2830
CASSLGDGNYEQYF	5	2830
CASSLGTSNYEQYF	5	2830
CASSSGTGNYEQYF	5	2830
CASSLGTGPYEQYF	5	2830
CASSLRGHNEQFF	280	3
CASSLFTHNEQFF	280	3
CSVERGDNEQFF	281	2
CASSPGGGASYEQYF	109	4
CASSPQGAYEQYF	5	2830
CASSPWGRYEQYF	5	2830
CASSSLANEQFF	148	2
CASSLGGTVEAFF	5	2830
CASSLKTVEAFF	5	2830
CASSSLGNTEAFF	5	2830
CASSEGWNTEAFF	5	2830
CASSLGRWNTEAFF	5	2830
CASSGQNNEQFF	5	2830
CASSWGQGNEQFF	5	2830
CASSPTGFSSYEQYF	5	2830
CASSPAGSSYEQYF	5	2830
CASSFGGSNQPQHF	3	166
CASSSGREAFF	5	2830
CASSSGVEAFF	5	2830
CASSEGAEAFF	5	2830
CASNSGAEAFF	5	2830
CASSKGAEAFF	5	2830
CASSSGTTDTQYF	5	2830
CASSSGTDGYTF	23	254
CASSYWTDGYTF	23	254
CASSPRPENTEAFF	282	4
CASSRIAGNEQYF	283	3
CASSPRLAGNEQYF	283	3
CASSPVQGFYNEQFF	284	2
CASSADRVNTEAFF	249	4
CASSLDRVANTEAFF	249	4
CASAGNTEAFF	4	2
CASSVTGVGNEQFF	285	2
CASSLTGRTYEQYF	5	2830
CASSLTGVAYEQYF	5	2830
CASSLTGAYEQYF	5	2830
CASSPDRGNTGELFF	286	3
CASSQDRGMNTGELFF	286	3
CASSPLTGRTDTQYF	287	3
CASSNQETQYF	5	2830
CASRQQETQYF	5	2830
CASSFQQETQYF	5	2830
CASSSQQETQYF	5	2830
CASSYSETQYF	5	2830
CASSPRTVNTEAFF	5	2830
CASSLGPTEAFF	5	2830
CASSLTGPTREAFF	5	2830
CASSSGTAAYEQYF	5	2830
CASSSGGAYEQYF	5	2830
CASSSGTSYEQYF	5	2830
CASSSGAYEQYF	5	2830
CASRRTSGGTDTQYF	288	2
CASSYSAATNEKLFF	289	2
CASSTDTQYF	5	2830
CASSFPDTQYF	5	2830
CASSLAGESTDTQYF	5	2830
CASSQGPYNEQFF	5	2830
CASSWGDYNEQFF	5	2830
CASSPVGSSSYEQYF	5	2830
CASSVGDSSYEQYF	5	2830
CASSLGLAPNEQFF	290	2
CASSLTGGDTQYF	5	2830
CASSPSPYEQYF	5	2830
CASSFSIYEQYF	5	2830
CASSFSPWEQYF	5	2830
CASSQGAGAGQPQHF	291	2
CASSPGEGLYEQYF	5	2830
CASSPGQGPYEQYF	5	2830
CASSPGQLYEQYF	5	2830
CASSGGQGLYEQYF	5	2830
CASSPLGQGLYEQYF	5	2830
CASSPGQGDYEQYF	5	2830
CASSERGGTVNEQFF	225	2
CASSPTAGGRDEQFF	292	2
CASSPGLAGYEQYF	5	2830
CASSLIGGITDTQYF	5	2830
CASSLIGNTDTQYF	5	2830
CASSLAGGPVYNEQFF	293	4
CASSLSGGPSYNEQFF	293	4
CASSPGQAAEQYF	5	2830
CASSPGQYEQYF	5	2830
CASSSRDRAYEQYF	294	2
CASSLHPYNEQFF	5	2830
CASSLGTGRNYNEQFF	295	2
CASSLVTGYQETQYF	5	2830
CASRSPDYNEQFF	5	2830
CASSPGNEQFF	5	2830
CASSMTSGNTGELFF	5	2830
CSARSTENTEAFF	296	2
CASSPTSTGELFF	5	2830
CASSWTSNTGELFF	5	2830
CATKGYGYTF	297	2
CASSQGMNTEAFF	5	2830
CASSVGGPYEQYF	5	2830
CASSAQGGPYEQYF	5	2830
CASSPGTGGYEQFF	5	2830
CASSNTEETQYF	5	2830
CASSFFDEQFF	5	2830
CASSFAGWETQYF	298	2
CASSLGQSTDTQYF	5	2830
CASSVAGELFF	5	2830
CASSSAGTSYEQYF	5	2830
CASSQAGGDTQYF	5	2830
CASSQGAGDTQYF	5	2830
CASSQFGGDTQYF	5	2830
CASSQGADTQYF	5	2830
CASSQRGGDTQYF	5	2830
CASSQVGGDTQYF	5	2830
CASSQGVDTQYF	5	2830
CASSLGPDNEQFF	238	2
CASSPKGVNTEAFF	5	2830
CASSQMGGAYEQYF	5	2830
CASSPSGGYEQYF	5	2830
CASSPRGGYEQYF	5	2830
CASSPEGMYEQYF	5	2830
CASSLRSNEQFF	5	2830
CASSPQGSGANVLTF	40	25
CASSVGGTGVYEQYF	163	2
CASSLGQYYEQYF	5	2830
CASSPGYYEQYF	5	2830
CASSLTGYNSPLHF	299	8
CASSQDPGEGETQYF	300	2
CASSLVVGIETQYF	301	2
CASSLPERLTDTQYF	302	2
CASSLWASEAFF	303	2
CASSLAYSSGNTIYF	304	2
CASSLEQIYEQYF	5	2830
CASTDYGYTF	23	254
CASSDFYGYTF	23	254
CASSQERGDYEQYF	5	2830
CASSQEGGSYEQYF	5	2830
CASSLGRATEAFF	5	2830
CASSLGRQNTEAFF	5	2830
CASSYGTGGREQYF	5	2830
CASSATSGGVTDTQYF	305	2
CASSQEMGLNTEAFF	306	2
CASSLGAGVNTEAFF	5	2830
CASSLGPGVNTEAFF	5	2830
CASSPKRGSYNEQFF	5	2830
CASSLLWYNEQFF	307	2
CASSPGLAGYNEQFF	5	2830
CASSPGLAGADEQFF	5	2830
CASSVAGGGKYNEQFF	308	2
CATGTDYEQYF	10	9
CASGDYEQYF	10	9
CATGAYEQYF	10	9
CASSLGQEAFF	5	2830
CASRGAGVGSYNEQFF	309	2
CASSPGQGSEQYF	5	2830
CASSLAGVSTDTQYF	5	2830
CASSFAVSTDTQYF	33	2
CASSPDRGLDEQYF	5	2830
CASSSTTYSYNEQFF	310	2
CASSTDFNEKLFF	311	2
CASSQGTGSYEQYF	5	2830
CASSSGTGPSYEQYF	5	2830
CASSSGVGSYEQYF	5	2830
CASSVSGTGSYEQYF	5	2830
CASSSGRGSYEQYF	5	2830
CASSPYRNTEAFF	224	2
CASSLRGNYGYTF	23	254
CASSLWDRSYEQYF	5	2830
CASSSGQDSYEQYF	5	2830
CASSLGQDSYEQYF	5	2830
CASSPGQHSYEQYF	5	2830
CASSPGQDHYEQYF	5	2830
CASSFGGIGYTF	23	254
CASSFAGSYEQYF	5	2830
CASSFGTQETQYF	42	5
CSAGTSDTGELFF	312	2
CASSLGGFSNQPQHF	267	2
CASSFGTGGNEQFF	313	2
CASSFFSGGDTQYF	314	2
CASSEDLYTGELFF	315	2
CASSPSGGAGYEQYF	5	2830
CASRGGEQFF	5	2830
CASRGNEAFF	5	2830
CASSVGSDTQYF	5	2830
CASSVGRDTQYF	5	2830
CASNMGPYEQYF	10	9
CASGPYEQYF	10	9
CASSDMNTGELFF	5	2830
CASSYTNTGELFF	5	2830
CASSFTNTGELFF	5	2830
CASSRRTSTDTQYF	316	4
CASSQRLTSTDTQYF	316	4
CASSLGGHSYEQYF	5	2830
CASSLGSGFSYEQYF	5	2830
CASSFGTLNTEAFF	5	2830
CASSLGGQYEQYF	5	2830
CASSLRGGYEQYF	5	2830
CASSFGQSNQPQHF	3	166
CASSYGQNSNQPQHF	3	166
CASSLGQGFDEQYF	317	2
CASSDLSGELFF	5	2830
CASSQGSHTEAFF	5	2830
CASSEGGEQYF	5	2830
CASYGGEQYF	5	2830
CASSYGVEQYF	5	2830
CASSYGVTSYEQYF	5	2830
CASSYGASYEQYF	5	2830
CASSYRVSYEQYF	5	2830
CASSTQGDSSYEQYF	318	2
CASSLGDRGRDEQYF	5	2830
CASSALAGGGNEQFF	28	7
CASSPLAGGDNEQFF	28	7
CASSLEGTGGYEQYF	5	2830
CASSLDSNSPLHF	56	11
CASSLPNSPLHF	56	11
CASSLTGYSPLHF	299	8
CASSLNGYNSPLHF	299	8
CASSLTGGNSPLHF	299	8
CASSLTGVNSPLHF	299	8
CASSLAASYEQYF	5	2830
CASSLAGDSYEQYF	5	2830
CASSVLAGSYEQYF	5	2830
CASGLAGSYEQYF	5	2830
CASSLYAGSYEQYF	5	2830
CASSFGTSSYEQYF	5	2830
CASSPGGATEAFF	5	2830
CASSPQGGNTEAFF	5	2830
CASSYSSETQYF	5	2830
CASSLSSGETQYF	5	2830
CASSLSQETQYF	5	2830
CASSLVEAFF	5	2830
CASSQGTGELFF	5	2830
CASSTGELFF	5	2830
CASSGPTGELFF	5	2830
CASSGYTGELFF	5	2830
CASSLRDRGLETQYF	82	3
CASSPGSDEQYF	5	2830
CASSLAVREQFF	319	2
CASSLSPAGGTDTQYF	320	2
CASSTGTATNEKLFF	321	6
CASSLGTATNEKLFF	321	6
CASSAGTATNEKLFF	321	6
CASSPDRISYNEQFF	5	2830
CASSDRSSYNEQFF	5	2830
CASSLDRSSYNEQFF	5	2830
CASSPDRSYNEQFF	5	2830
CASSLDYYSNQPQHF	57	2
CASSLAGLDTQYF	5	2830
CASSEGGAPYEQYF	322	2
CASSWSGGGSYEQYF	5	2830
CASSLSGGGSYEQYF	5	2830
CASSPWGGGSYEQYF	5	2830
CASSPVGGGSYEQYF	5	2830
CASSPSGGSYEQYF	5	2830
CASSLSAGMNTEAFF	86	2
CASSYPDNYGYTF	116	4
CASSFSGGNEQFF	5	2830
CASGSNTEAFF	5	2830
CASSPTGLAAYNEQFF	323	2
CASSYGAMNTEAFF	5	2830
CASSLAGTNYGYTF	23	254
CASSLKLGGYTF	324	2
CASSWGGPNTEAFF	5	2830
CASSLTFSGANVLTF	93	2
CASRTGGEETQYF	325	2
CASGTENTEAFF	326	3
CASSPDRSSYNEQFF	5	2830
CASSASRNTGELFF	5	2830
CASSYSRPNEQFF	5	2830
CASSYSGVNEQFF	5	2830
CASSYRVNEQFF	5	2830
CASSGPNQPQHF	3	166
CASSVGTNQPQHF	3	166
CASSQGPNQPQHF	3	166
CASSATSGVYNEQFF	327	2
CASSNTYEQYF	5	2830
CASSPNYEQYF	5	2830
CASSDNYEQYF	5	2830
CASSFNYEQYF	5	2830
CASSLRPGELFF	5	2830
CASSTSYNEQFF	5	2830
CASSSRYEQFF	5	2830
CASSSSNEQFF	5	2830
CASSFSGTGGSEQFF	328	2
CASSYRGYEQYF	5	2830
CASSRPYEQYF	5	2830
CASSRDGYEQYF	5	2830
CASSRGDEQYF	5	2830
CASSDGYEQYF	5	2830
CASSPGYEQYF	5	2830
CASSDYGYTF	23	254
CASSLRGGETQYF	59	6
CASSQGLAGSEQYF	5	2830
CASSQGLASYEQYF	5	2830
CASSQGLAGTYEQYF	5	2830
CASSLGLAGSYEQYF	5	2830
CASSYRSYNEQFF	5	2830
CASSYRGNEQFF	5	2830
CASSVGGEETQYF	5	2830
CASSLGSAEAFF	5	2830
CASSILGSTEAFF	5	2830
CASSLGQTEAFF	5	2830
CASSRGSTEAFF	5	2830
CASSIGQGTEAFF	329	2
CASSPLAGEETQYF	5	2830
CASSPLGGGETQYF	5	2830
CASSAGQGVNEQYF	330	3
CASSVGGDTYEQYF	5	2830
CASSVGGSTYEQYF	5	2830
CASSFNEQFF	5	2830
CASSWGNEQFF	5	2830
CASSFPGNEQFF	5	2830
CASSMGNEQFF	5	2830
CASSLEGYGYTF	331	4
CASSLEQGFYNEQFF	5	2830
CASSPGARGSYEQYF	5	2830
CASSPGWGSYEQYF	5	2830
CASSPGAGNSYEQYF	5	2830
CASSTRDSNQPQHF	2	8
CASSQDFTYEQYF	5	2830
CASSQGSTYEQYF	5	2830
CASSESGATQYF	5	2830
CASGPRNTEAFF	5	2830
CASGGRNTEAFF	5	2830
CSARDRVSYNEQFF	332	2
CASRETGEGYEQYF	14	2
CASSLTGDGYTF	23	254
CASSLTGGFGYTF	23	254
CASSLTGGHGYTF	23	254
CASSFSGNQPQHF	3	166
CASSFSSNQPQHF	3	166
CASSFGSADTQYF	333	2
CASSYLQSYEQYF	5	2830
CASSVTGEGNEQFF	285	2
CASSYRGPPYNEQFF	334	3
CASSSGPPYNEQFF	334	3
CASGRGSTEAFF	5	2830
CASSPETSTDTQYF	5	2830
CASSVDRGQTEAFF	335	2
CASTRLAGATDTQYF	336	3
CASTRLAGAGTDTQYF	336	3
CASSLRTSGIYEQYF	5	2830
CASSARTSGTYEQYF	5	2830
CASGPTGSSYNEQFF	233	6
CASGAGSSYNEQFF	233	6
CASSYGGRETQYF	5	2830
CASSYGGPQETQYF	5	2830
CASSQISYEQYF	5	2830
CASSFGISYEQYF	5	2830
CASSSGISYEQYF	5	2830
CASSFRDSSSYEQYF	337	2
CASSQAKNTEAFF	220	4
CASSPGRGRNEQFF	5	2830
CASSPGTGDNEQFF	5	2830
CASSPGGGTDTQYF	5	2830
CASSLEDTDTQYF	5	2830
CASSFPGQGNEQYF	5	2830
CASSPGQGSNEQYF	5	2830
CASGPGQGNEQYF	5	2830
CASSLGGLEAFF	5	2830
CASSLKPGLEAFF	5	2830
CSATDSYEQYF	185	2
CASSPGQGSYGYTF	23	254
CASSPRQGGYGYTF	23	254
CASSPGTGGYGYTF	23	254
CASSQPGQGGYGYTF	23	254
CASSLSADYEQYF	5	2830
CASSYADYEQYF	5	2830
CASSKSSYNEQFF	5	2830
CASSTESYNEQFF	5	2830
CASSLGWGVNEQFF	71	2
CASSGRSSYNEQFF	5	2830
CASSPPGAEETQYF	338	2
CASSVEGSGTEAFF	339	2
CASSAGVDNNEQFF	340	2
CASSPPSGTTDTQYF	341	2
CASSLYKSSYNEQFF	102	2
CASLGNYGYTF	23	254
CASSLGLNYGYTF	23	254
CASSLTGGGTEAFF	5	2830
CASSPPGPTGELFF	342	2
CASSSGANYGYTF	23	254
CASSGGTNYGYTF	23	254
CASSSGWTNYGYTF	23	254
CASLERATNEKLFF	343	2
CASSSGAEAFF	5	2830
CASSLGGTSNEQYF	5	2830
CASRARGNEKLFF	344	4
CATSRRGNEKLFF	344	4
CASGASNQPQHF	345	2
CASSLEAGRGYTF	331	4
CASSLGGDNEQYF	5	2830
CASSLGPGNEQYF	5	2830
CASSLGVNEQYF	5	2830
CASSLGLTNTEAFF	5	2830
CASSLTANTGELFF	346	2
CASRDTGELFF	347	3
CSARDEGYEQYF	348	5
CSARDVGYEQYF	348	5
CSARDQGLEQYF	348	5
CASSLVQGPETQYF	349	2
CASSSTGVGYTF	155	2
CASSLSRGGGYTF	350	2
CASSQGRHNEQFF	5	2830
CASSRQDSGANVLTF	351	2
CASSVASSYNEQFF	275	3
CASSRGASSYNEQFF	275	3
CASSPTNQPQHF	3	166
CASSSGTNQPQHF	3	166
CASSSNQPQHF	3	166
CASSLLRQETQYF	5	2830
CASSLREQETQYF	5	2830
CASSLRQQETQYF	5	2830
CASSLRETQYF	5	2830
CASSLMQETQYF	5	2830
CASSTGLAGVHEQFF	352	2
CAISGGGSYEQYF	353	5
CASGGTSYEQYF	353	5
CASSGLAGGYEQYF	5	2830
CASSLWGSGNTIYF	207	4
CASSLEYSGNTIYF	207	4
CASSLGGLAGVGTGELFF	63	2
CASSPGTGGLIEQYF	5	2830
CASSPPGQGAYEQYF	5	2830
CASSPPGGIAYEQYF	5	2830
CASSPSGGAYEQYF	5	2830
CATSDLDSNQPQHF	270	3
CASSGQGTETQYF	354	3
CASSGKGPETQYF	354	3
CASSLGNIQYF	5	2830
CASSQGNEQYF	5	2830
CASSLGAEQYF	5	2830
CASSQDLAGGGETQYF	355	2
CASSLPSGYEQYF	5	2830
CASSLLRAGELFF	5	2830
CASGSGTISTDTQYF	356	2
CASSLVRNQPQHF	3	166
CASSLVGYQPQHF	3	166
CASSLVVGNQPQHF	3	166
CASSSQRDSTDTQYF	357	2
CASSQSTGYEQYF	5	2830
CASSEGSGGSYNEQFF	5	2830
CASSQEPGQGYEQYF	358	3
CASSLEPGQVYEQYF	358	3
CSASATGPLSYEQYF	359	2
CASSLGQGSEQYF	5	2830
CASSYPGQGSEQYF	5	2830
CASSPGGSEQYF	5	2830
CASSPGTPYEQYF	5	2830
CASSWGTVYEQYF	5	2830
CASSRGTVYEQYF	5	2830
CASSHGGNYEQYF	360	3
CASSLPGLAYNEQFF	361	2
CASSLVEGTEAFF	5	2830
CASSLVRNTEAFF	5	2830
CASSLRENTEAFF	5	2830
CASSPSGGGSYEQYF	5	2830
CASSFGRDEQYF	5	2830
CASSWGGDEQYF	5	2830
CASSLGRANTEAFF	5	2830
CASSRGRATEAFF	5	2830
CASSLGVATEAFF	5	2830
CASSLSRATEAFF	5	2830
CASSLGRITEAFF	5	2830
CASSLGRYTEAFF	5	2830
CASSLGRVTEAFF	5	2830
CASSLTGQGEQFF	5	2830
CASSLVENTEAFF	5	2830
CASSLGWRDTEAFF	5	2830
CASSLRGSNSPLHF	56	11
CASSLGTSNSPLHF	56	11
CSARTAGSSYEQYF	362	2
CASSLGTGGIYEQYF	5	2830
CASSYSTGGRGYTF	363	2
CASSDPGAYEQYF	364	3
CASSLEGNTEAFF	5	2830
CASSLGGGNTEAFF	5	2830
CASSLGGKTEAFF	5	2830
CASSWGQNNEQFF	5	2830
CASSGQGNEQFF	5	2830
CASRYGLNTEAFF	273	2
CASSLDQGAYEQYF	5	2830
CASSPRYSNQPQHF	123	2
CASSQRDGDNYGYTF	365	2
CASSQDWGEGETQYF	300	2
CASSFGRDYGYTF	23	254
CASSSGQDYGYTF	23	254
CASSLDGQGSDTQYF	5	2830
CASSLGQGPDTQYF	5	2830
CASSQGGGGTDTQYF	5	2830
CASSQDPGGTDTQYF	5	2830
CASSYDGGGTDTQYF	5	2830
CASSSRGPPYNEQFF	334	3
CASSQDGGYYGYTF	128	2
CASSSGTGLDYGYTF	366	2
CASRGQGYEQYF	5	2830
CATGDYEQYF	10	9
CASSYGDTGELFF	5	2830
CASSLAGETQYF	5	2830
CASSLQGLETQYF	5	2830
CASSPPDETQYF	5	2830
CASSPPGVTQYF	5	2830
CASSPGGETQYF	5	2830
CASSPSPGETQYF	5	2830
CSARLGDTQYF	367	2
CASSYGQLNTEAFF	231	7
CASSIGQGLNTEAFF	231	7
CASSIGQANTEAFF	231	7
CASSLVGGSTDTQYF	5	2830
CASSLYGVGDTQYF	101	2
CASSHGGEYEQYF	360	3
CASSKGGNYEQYF	360	3
CASSPTGAPDTQYF	368	2
CASSPRLAGAETQYF	121	2
CASSLGLASEQYF	5	2830
CASSQGTSGGYEQYF	5	2830
CASSLEGSYNEQFF	5	2830
CASSETSGGADTQYF	262	2
CASSQVGGTEQYF	5	2830
CASSPGQDSYEQYF	5	2830
CASSSGQSSYEQYF	5	2830
CASSLSSADTQYF	5	2830
CASSYSTGSTDTQYF	5	2830
CASSETGSTDTQYF	5	2830
CSARDLSTDTQYF	369	2
CASSFGPEAFF	5	2830
CASSQDDSYNEQFF	5	2830
CASSPQRGSSYEQYF	370	2
CASSLRRWNEKLFF	371	2
CASSLSEENTEAFF	5	2830
CASSTGVVYEQYF	372	2
CASSLHRATDTQYF	5	2830
CASSLERGTDTQYF	5	2830
CASSLGGQGAYEQYF	5	2830
CASSATSGYNEQFF	327	2
CASSVGEDTQYF	5	2830
CASSLASGPYEQYF	373	3
CASSFTEYSTDTQYF	374	2
CASSLIAGSSYNEQFF	5	2830
CASSLVSGGAGYGYTF	375	2
CASSLGLAGEYNEQFF	376	3
CASSLLAGEGNEQFF	376	3
CASSFLAGGNTDTQYF	377	3
CASSMLAGGPTDTQYF	377	3
CASSFRAGELFF	378	2
CASSLGQGANTGELFF	379	3
CASSGQGPETQYF	354	3
CASRLGGEQYF	5	2830
CASSLRDRGHEQYF	5	2830
CASSLRRDRAHEQYF	5	2830
CASMGDTQYF	5	2830
CASSFSRNYEQYF	41	3
CASSFGRLNYEQYF	41	3
CASSSRTDGNTIYF	380	2
CASSPGTVNEQFF	5	2830
CASSIGGVNEQFF	5	2830
CSARDFSTDTQYF	369	2
CASSLRTSGTYEQYF	5	2830
CASSQAASSTDTQYF	381	2
CASSYGTVSGNTIYF	382	3
CASSRGVSGNTIYF	382	3
CASSRGISYNEQFF	383	3
CASSRGESYNEQFF	383	3
CASSGPEETQYF	211	2
CASSRTSGGAYNEQFF	384	4
CASQAGSSYEQYF	5	2830
CASSVAGSSYEQYF	5	2830
CASSPGLTNYGYTF	23	254
CASSLGRGLYEQYF	5	2830
CASSLEGQETQYF	5	2830
CASSLEGTQYF	5	2830
CASSSGEVEAFF	5	2830
CASSGVEAFF	5	2830
CASSSDVEAFF	5	2830
CASSLRRTDTQYF	5	2830
CASSKFGSTDTQYF	5	2830
CASSLQGSTDTQYF	5	2830
CASSQETSTDTQYF	5	2830
CASSPPTSTDTQYF	5	2830
CSARGGDYGYTF	385	2
CASSLGPGYGYTF	23	254
CASSLGQVSYEQYF	5	2830
CASSLQDSYEQYF	5	2830
CASSRGTDTGELFF	5	2830
CASSTTSGPYNEQFF	386	2
CASSLGQGVYGYTF	23	254
CASSSSGGFYEQYF	387	7
CASSYSGGGYEQYF	387	7
CASSSSGTGGYEQYF	387	7
CASSQGQGATEAFF	5	2830
CASSEGQGNTEAFF	5	2830
CASSKGQGNTEAFF	5	2830
CASSVEAGTYEQYF	388	2
CASSGGTSGRTDTQYF	389	2
CASSPRDSYEQYF	5	2830
CASSPPDNSYEQYF	5	2830
CASSFTEKLFF	72	19
CASRPGTGDYEQYF	19	2
CASSLQDNYGYTF	23	254
CASSLWDYSYEQYF	5	2830
CASSWDRSYEQYF	5	2830
CASSLGGARNTEAFF	5	2830
CASSLAGRNTEAFF	5	2830
CASSYIGQNTEAFF	5	2830
CASSDNPYEQYF	5	2830
CASSSTNPYEQYF	5	2830
CASSLTGGAGNEQFF	5	2830
CASSSLTEAFF	5	2830
CASSSGKTYEQYF	5	2830
CASSSGATYEQYF	5	2830
CASSPTGSDTGELFF	125	2
CASSVGTGSSYEQYF	5	2830
CASSVGSSSYEQYF	5	2830
CASSVGTSTYEQYF	5	2830
CASSSYYVRGTDTQYF	390	2
CASSPPGGGEQYF	5	2830
CASSATGNYEQYF	5	2830
CASSATGDGYEQYF	5	2830
CASSATGIGYEQYF	5	2830
CASSETSGGAYNEQFF	384	4
CASRTSGGAYNEQFF	384	4
CASSPGGGETQYF	5	2830
CASSDGTGGNEQFF	313	2
CASSPDLDTQYF	5	2830
CASTPDTDTQYF	5	2830
CASLLAGGNNEQFF	391	2
CASSQQGGNEKLFF	392	2
CASSATVITDTQYF	30	2
CASSYGQVNQPQHF	146	8
CASSQGQVNQPQHF	146	8
CASSLKTANTGELFF	346	2
CASSLVARGQETQYF	393	2
CASSQETGSGANVLTF	394	3
CASSYIPYEQYF	5	2830
CASSLGSGGTDTQYF	5	2830
CASSPGGLAGADTQYF	395	2
CASSPGTYLNEQFF	5	2830
CASGRNSYEQYF	5	2830
CASSAGLAGDYEQYF	5	2830
CASSYSIGETQYF	5	2830
CASSGTGRYEKLFF	47	2
CASSYSAGGSYEQYF	396	5
CASSYSSGSYEQYF	396	5
CASSPPSYYEQYF	5	2830
CASSLSGTNGYTF	23	254
CASSPGTSGIEQYF	5	2830
CASSPGASGYEQYF	5	2830
CASSLGRIAYGYTF	23	254
CASSSGTGDQPQHF	397	2
CASSFTGNTIYF	12	17
CASSFRPGGHEQYF	39	2
CASLGGNYGYTF	23	254
CASGTGYTDTQYF	398	4
CASSVGSNYEQYF	5	2830
CASRGPGGTDTQYF	5	2830
CASRGGSTDTQYF	5	2830
CASTGGGTDTQYF	5	2830
CASSAPGTGHYEQYF	29	3
CASSLTVYNEQFF	5	2830
CASSLVVYNEQFF	5	2830
CASSPGVGYNSPLHF	114	8
CASSGGYNSPLHF	114	8
CASSLFGASTDTQYF	5	2830
CASSPFGASTDTQYF	5	2830
CASSLDGRGTEAFF	399	3
CASSLDWRGTEAFF	399	3
CASSPGLAADTQYF	214	4
CASSISDNTEAFF	5	2830
CASSSNTEAFF	5	2830
CASSPGTSGYEQYF	5	2830
CASSPTGYEQYF	5	2830
CASSPTTGYEQYF	5	2830
CASSPGPGYEQYF	5	2830
CASSLERATDTQYF	5	2830
CASGTSGYTDTQYF	398	4
CASSLLSTDTQYF	5	2830
CASSSRTYEQYF	5	2830
CASSSSFYEQYF	5	2830
CASSPTGGEQYF	5	2830
CASSIRAGDNTEAFF	52	2
CASSYSRVNEQFF	5	2830
CASSYSGPNEQFF	5	2830
CASSYSPNEQFF	5	2830
CASSFGTGGNQPQHF	400	2
CASSQGGVTDTQYF	5	2830
CASSLGGADEQYF	5	2830
CASSLAGEGEQFF	401	3
CASSLGPGSTDTQYF	5	2830
CASSYAGPNTEAFF	5	2830
CASSPAGPNTEAFF	5	2830
CASSYSMVTEAFF	402	3
CASSSSVTEAFF	402	3
CASRETEAFF	5	2830
CASGRNTEAFF	5	2830
CASSLGGSGYEQYF	5	2830
CASSLSGSYYEQYF	5	2830
CASSLTINEKLFF	72	19
CASSVGPNQPQHF	3	166
CASSFVGFNQPQHF	3	166
CASSVGSGQPQHF	403	2
CASSRLAGNEQYF	283	3
CASSLVTYEQYF	5	2830
CASSENTEAFF	5	2830
CASSQEGTEAFF	5	2830
CASSQGDTSNQPQHF	404	2
CASSLGSLSYEQYF	5	2830
CASSLVPLSYEQYF	405	3
CASSLDGALDEQYF	406	2
CASSVGGANVLTF	40	25
CASSSTEQYF	5	2830
CASSSLGEQYF	5	2830
CASIALTGELFF	407	2
CASSADGYEQYF	5	2830
CASSLTGANEKLFF	72	19
CASSTDYEQYF	5	2830
CASSFSSPRTDTQYF	203	2
CASSSGQINQPQHF	146	8
CASSQEGQINQPQHF	146	8
CASSLDGGAYNEQFF	408	2
CATQGEGNTEAFF	409	2
CASSLVGGSDTEAFF	410	2
CASSLADGGFSYEQYF	55	2
CASSPRDRGTDTQYF	119	3
CASSLRDRSTDTQYF	119	3
CASREGTGELFF	5	2830
CASLEGTGELFF	5	2830
CASSTSGANQPQHF	158	2
CASSQGGLAADTQYF	411	3
CASSLSGADTQYF	5	2830
CASSLEADTQYF	5	2830
CASSGGQSSYEQYF	5	2830
CASSHRSGEQYF	412	2
CASSFDRSQETQYF	413	4
CASSQTGGKTYEQYF	5	2830
CASSQGGGTYEQYF	5	2830
CASSSQTGGGTYEQYF	5	2830
CASSFGGPTDTQYF	5	2830
CASSGGPTDTQYF	5	2830
CASRITSGGTDTQYF	288	2
CASSSGTGGGDGYTF	414	2
CASSARGTDTQYF	415	2
CASSLGGPYNEQFF	5	2830
CASSLRGASTDTQYF	5	2830
CASSLWGTEAFF	5	2830
CASSSLGTEAFF	5	2830
CASSLSGTEAFF	5	2830
CASSLDTEAFF	5	2830
CASSLSGRQETQYF	277	3
CASSPRPEGTEAFF	282	4
CASSPRPPNTEAFF	282	4
CASSLVASTDTQYF	5	2830
CATSRGLAGTDTQYF	279	2
CASSRGNIQYF	5	2830
CASSLGGVLGETQYF	65	5
CASRQGRGYTF	23	254
CASSDFGQGSYEQYF	5	2830
CASSFFGQGAYEQYF	5	2830
CASSPRGTNTEAFF	5	2830
CSARGSEGQPQHF	416	2
CASSAGVENNEQFF	340	2
CASSVTDYNEQFF	5	2830
CASSVAGTEAFF	5	2830
CASSLVGTTYEQYF	5	2830
CASSLGGSNSPLHF	56	11
CASSRGQHYGYTF	417	2
CASSGDRDYGYTF	418	2
CASSHPGSSYEQYF	5	2830
CASSQGTGTGELFF	5	2830
CASTSGPSYNEQFF	419	2
CASSLRTSGTDTQYF	5	2830
CASSLRTGSTDTQYF	5	2830
CASSLGLAGTYEQYF	5	2830
CASSSGGGGELFF	420	3
CASSQGQGGGELFF	420	3
CASSQAGGQPQHF	3	166
CASSRGGQPQHF	3	166
CASSPPGGSEQYF	5	2830
CASSLIGGSYNEQFF	5	2830
CASSEGGGSYNEQFF	5	2830
CASSLGGGTYNEQFF	5	2830
CASSLRDEQYF	5	2830
CASSLDEQYF	5	2830
CASSLASTDTQYF	5	2830
CASSLTVASTDTQYF	5	2830
CASSLVGSTDTQYF	5	2830
CASSSGITYEQYF	5	2830
CASSPGIDEQYF	5	2830
CASSPGSWDEQYF	5	2830
CASSPTGSDEQYF	5	2830
CASSELGGGTEAFF	5	2830
CASGLNQPQHF	3	166
CASGDGNQPQHF	3	166
CASGLGYQPQHF	3	166
CASSLADSNTEAFF	421	2
CASSPRTSGSYEQYF	5	2830
CASSPGTSVSYEQYF	5	2830
CASSVGVGGNTEAFF	5	2830
CASRGQGNQPQHF	251	2
CASSLLAHTGELFF	5	2830
CASSLSHTGELFF	5	2830
CATSPGETQYF	422	2
CASSVDVTDTQYF	423	2
CASATGPLSYEQYF	359	2
CSARDRGGSYEQYF	223	4
CASSLTGTPAYEQYF	5	2830
CASSSTDSSYEQYF	5	2830
CASSSDSSTYEQYF	5	2830
CASSLAGQEQYF	5	2830
CASSHAGDEQYF	5	2830
CASSLARDEQYF	5	2830
CASSFPGVETQYF	5	2830
CASSFSGIETQYF	5	2830
CASSSRDNYGYTF	152	2
CASSGGGETQYF	5	2830
CASSFDGETQYF	5	2830
CASSPGGHQPQHF	3	166
CASSPSGQPQHF	3	166
CASSSGGQPQHF	3	166
CASAGGNQPQHF	3	166
CASTQGGNQPQHF	3	166
CASSLGGRVDTQYF	424	2
CASSYEAYEQYF	5	2830
CASSLVGTDYGYTF	425	4
CASSYSGNNEQFF	5	2830
CASSLGQAVYEQYF	5	2830
CASSVGGRTEAFF	5	2830
CASSSGYGQPQHF	3	166
CASSLTLDSYEQYF	5	2830
CASSPGTHSYEQYF	5	2830
CASSLGTGNYNEQFF	295	2
CASSQTDFNEKLFF	311	2
CASSRTYNEQFF	5	2830
CASSFRSSYNEQFF	5	2830
CASIGGTDTQYF	5	2830
CASSLTSGEQFF	227	2
CASSLGQGAYEQFF	5	2830
CASSPNTNEKLFF	426	6
CASSATNEKLFF	426	6
CASSTPTNEKLFF	426	6
CASSQGDPNYGYTF	427	2
CASSSLEQYF	5	2830
CASSPLGDTEAFF	5	2830
CASSLVEGLETQYF	428	2
CASSLDGKGYEQYF	429	2
CASSPGTDQETQYF	430	3
CASSLSGGSTDTQYF	5	2830
CASSSGGQSTDTQYF	5	2830
CASSHGGSTDTQYF	5	2830
CASSGGGPTDTQYF	5	2830
CASTLGGPTDTQYF	5	2830
CASKESNQPQHF	431	3
CASREGNQPQHF	431	3
CASGGETQYF	7	2
CASSILAGEGEQFF	401	3
CASSLAGRGEQFF	401	3
CAWSGGGEQYF	5	2830
CASSLGWSYNEQFF	5	2830
CASSLGLYNEQFF	5	2830
CASSKLAGGTDTQYF	5	2830
CASSLLAGLTDTQYF	5	2830
CASSLGILYEQYF	5	2830
CASSEGGLYEQYF	5	2830
CASSLGLGGTYEQYF	5	2830
CASSLNGLAGTYEQYF	5	2830
CASSLWDSQETQYF	432	3
CASSSTGGADTQYF	5	2830
CASSTTGGADTQYF	5	2830
CASSSPDNYEQYF	5	2830
CASSYQNTGELFF	5	2830
CASSPKGTNEQFF	5	2830
CASSSRGGQETQYF	153	2
CASSSQNTEAFF	5	2830
CASSSKNTEAFF	5	2830
CASSEAPSSYEQYF	433	2
CASSRGVSYNEQFF	383	3
CASSPGGGGYEQYF	5	2830
CASSDGGGYEQYF	5	2830
CASSPEGGYEQYF	5	2830
CASSQEAGATEAFF	265	3
CASSYGQVGYEQYF	5	2830
CASGYTPDTQYF	434	2
CASSPPGDEQYF	5	2830
CASSLSPGGGYTF	350	2
CASSQRDSSSYNEQFF	127	4
CASSPGTGGLYEQYF	5	2830
CASSVRTVNTEAFF	5	2830
CASSPLTVNTEAFF	5	2830
CASSPTVNTEAFF	5	2830
CASSLVQDEQFF	5	2830
CASSSGLADYEQYF	5	2830
CASSEAGNTEAFF	5	2830
CASSPSGGAGETQYF	261	3
CASSYPGVYEQYF	435	2
CSARTASSYEQYF	362	2
CASSSDRGTEAFF	5	2830
CASSEDRGNTEAFF	5	2830
CASSEYGDNSPLHF	436	2
CASSRRNTIYF	12	17
CASSQDQTGSTDTQYF	437	3
CASSQDWGSTDTQYF	437	3
CASSASGRGSYEQYF	5	2830
CASSLGQGAFTEAFF	438	4
CASSLGQGADTEAFF	438	4
CASSLGQGATTEAFF	438	4
CASSDRDSTDTQYF	5	2830
CASSAPDGSYEQYF	5	2830
CASSPPDSYEQYF	5	2830
CASSPTGSNQPQHF	3	166
CASSLGLAGSTDTQYF	5	2830
CASSPGGTNYGYTF	23	254
CASSGPTNYGYTF	23	254
CASSPADRGSYEQYF	5	2830
CASSPDRGLYEQYF	5	2830
CASSPDRGGYEQYF	5	2830
CASSVAASGSYEQYF	5	2830
CASSQASGSYEQYF	5	2830
CASSLLEWNEQFF	439	2
CASSPTENTEAFF	5	2830
CASSWPGGTEAFF	5	2830
CASSHGGTEAFF	5	2830
CASSSTRDSTDTQYF	357	2
CASSQMDRVETQYF	240	2
CASSVGGGSEQFF	5	2830
CASSPSNNEQFF	5	2830
CASSPTGGPYEQYF	5	2830
CASSYGGGPYEQYF	5	2830
CASSPSGGLVGQPQHF	440	2
CASSLDSTGELFF	5	2830
CASSTDSMNTEAFF	5	2830
CASSVSMNTEAFF	5	2830
CASSVGTNTEAFF	5	2830
CASSPGSLNTEAFF	231	7
CASSASGTQETQYF	441	2
CASSLVGQGAYNEQFF	5	2830
CASSLEQGAYNEQFF	5	2830
CASSLGQGYYNEQFF	5	2830
CASSYSAGSYEQYF	396	5
CASSVTGPYGYTF	166	2
CASSPGPQETQYF	5	2830
CASSYGGQETQYF	5	2830
CASGPGGQETQYF	5	2830
CASSPIGQETQYF	5	2830
CASSPWGGQETQYF	5	2830
CASSQEANTGELFF	187	6
CASSQEPTGELFF	187	6
CASSFSRNTEAFF	5	2830
CASSSINTEAFF	5	2830
CASSSRGTEAFF	5	2830
CASSQGLRPYEQYF	5	2830
CASSESGGRYEQFF	442	2
CASSLRSNYGYTF	23	254
CASSLKGSNYGYTF	23	254
CASSLAGSNYGYTF	23	254
CASSSGLGNTGELFF	443	9
CASSSGKNTGELFF	443	9
CASSFGLNTGELFF	443	9
CASSFGTMNTEAFF	5	2830
CASSIQGTYGYTF	444	3
CASSPSGAAGYEQYF	5	2830
CASSIATSSYNEQFF	5	2830
CSVAPMNTEAFF	445	2
CASSLQDSGANVLTF	351	2
CASSFGSNQPQHF	3	166
CASSYLGSNQPQHF	3	166
CASSYPGSNQPQHF	3	166
CASSLVRAGSTDTQYF	245	2
CASSLGQGYPYEQYF	5	2830
CASSLRQGPYEQYF	5	2830
CASSLGAHNEQFF	5	2830
CASSQAGTGTYEQYF	5	2830
CASSSQDTEAFF	5	2830
CASSPTYPSSYNEQFF	446	2
CASSLDRDYNEQFF	447	2
CASSLGGSPYEQYF	5	2830
CASSLGGGPSYEQYF	5	2830
CASSLQGSPSYEQYF	5	2830
CASSLEQGTDTQYF	5	2830
CASSQDLAGGQETQYF	355	2
CASSSQPGGFQETQYF	448	2
CASTGTGYTDTQYF	398	4
CASSLEGASTEAFF	449	2
CASSLAGEVDTQYF	5	2830
CASSLAGGIDTQYF	5	2830
CASSLGLGETQYF	5	2830
CASSLGQPNQPQHF	450	2
CASSRTSYNEQFF	5	2830
CASSRTEYNEQFF	5	2830
CASSQGAGYEQYF	5	2830
CASSLGGGSNEQYF	5	2830
CSARTGDTYEQYF	451	2
CASGWGPAYEQYF	452	2
CASRTANYGYTF	453	2
CASSVEGTGVSYEQYF	454	2
CASSYGTATYGYTF	23	254
CASSGSGTQETQYF	441	2
CASSYGLADNEQFF	455	3
CASSSGLADNEQFF	455	3
CASSLDLRGTEAFF	399	3
CASSSAGSDEQYF	456	2
CASSVDNEQFF	5	2830
CASSFPGFTEAFF	457	2
CASSFSGGSYNEQFF	5	2830
CASSFSGSYNEQFF	5	2830
CASSAWDSQETQYF	432	3
CASSLFDSQETQYF	432	3
CASGGTYEQYF	353	5
CASSSGLRYEQYF	458	3
CASRPDNTEAFF	5	2830
CASRFGNTEAFF	5	2830
CASRPGSNTEAFF	5	2830
CASSPPGRTEAFF	5	2830
CASSPPGSTEAFF	5	2830
CATSLSGSYEQYF	5	2830
CASSLSGSGYEQYF	5	2830
CASSESGSYEQYF	5	2830
CASGLSGSYEQYF	5	2830
CASSLSGASYEQYF	5	2830
CASSQESGSTDTQYF	222	4
CASRTTVMNTEAFF	459	2
CASSPSSSGANVLTF	460	3
CASSVAFGTEAFF	5	2830
CASSIRAAGELFF	51	2
CASSTTEETQYF	5	2830
CASGNSYEQYF	5	2830
CASSAFNEKLFF	426	6
CASSLSGGRDEQFF	268	3
CASSLGQGAYTEAFF	438	4
CASSQIRGPYNEQFF	226	2
CASRSAGDTGELFF	461	2
CASSLVGGWDEQYF	462	4
CASSLVGGPDEQYF	462	4
CASSLNRGDTQYF	463	3
CAISESSSYEQYF	464	2
CASSSLGSLSYEQYF	5	2830
CASSLASLSYEQYF	5	2830
CASSTGGADTQYF	5	2830
CASSSGGGADTQYF	5	2830
CASSLAGQVNEQYF	465	2
CASSHRGQPQHF	3	166
CASSPGGGGYTF	23	254
CASSLSRGNTEAFF	5	2830
CASSLSVNTEAFF	5	2830
CASMDSYEQYF	5	2830
CASSDPSYEQYF	5	2830
CASSLGIAKNIQYF	96	8
CASRSTVMNTEAFF	459	2
CASSPGQSSGNTIYF	112	18
CASSVGGGEQFF	5	2830
CASSVRGDEQFF	5	2830
CASSVGGEQFF	5	2830
CASSDRGDTQYF	466	2
CASSSTGRGNQPQHF	58	13
CASSQEGSGSTDTQYF	222	4
CASSQSWDSPYEQYF	467	2
CASSADNPYEQYF	5	2830
CASSSGGLAFF	468	2
CASTTDSYNEQFF	469	2
CASSFLGQTEAFF	5	2830
CASSLVLGNEQFF	5	2830
CASSPLLGNEQFF	5	2830
CASSRGTSGNNEQFF	470	2
CASSPTSGGVYEQYF	5	2830
CASSWTSGGYEQYF	5	2830
CASSPPSGGYEQYF	5	2830
CASGTGGGNQPQHF	471	2
CASSRPGELFF	5	2830
CASSTPSGPYNEQFF	386	2
CASSLYPAMNTEAFF	5	2830
CASSPGRDYEQYF	472	3
CASSVDRGTYEQYF	5	2830
CASSEKGGRETQYF	32	3
CASSIAGGRETQYF	32	3
CASSIADSNTEAFF	421	2
CASSQGVVYEQYF	372	2
CASSVGTGNNEQFF	5	2830
CASSLNRGGDTQYF	463	3
CASSLHRGDTQYF	463	3
CASSPPGAGDEQFF	473	2
CASSLGGLGNEQFF	5	2830
CASSRGGGNEQFF	5	2830
CASSLGQGDGYTF	23	254
CASSWGQNYGYTF	23	254
CASSLVGQNYGYTF	23	254
CASSLGQSNYGYTF	23	254
CASSPGLAGANEQFF	5	2830
CASSDGLAGYNEQFF	5	2830
CASSFGLAGYNEQFF	5	2830
CASSWGPNEQFF	5	2830
CASSFGQGANTEAFF	5	2830
CASSPDGEKLFF	72	19
CASSPRGEKLFF	72	19
CASSVEGGGTDTQYF	5	2830
CASSVGQGGTDTQYF	5	2830
CASSTGQGRYNEQFF	193	2
CASSQGISYEQYF	5	2830
CASSQVGASYEQYF	5	2830
CASSLADNEQFF	5	2830
CASSPPDRAYEQYF	474	2
CASSPEGLAAYNEQFF	323	2
CASSPRGGPTEAFF	5	2830
CASSHGPTYEQYF	5	2830
CASSPGPTYEQYF	5	2830
CASSSGLAGVNEQFF	5	2830
CASSQGGSPLHF	136	2
CASSLDGGNYNEQFF	408	2
CASSLVGGEQYF	5	2830
CASSLVVYEQYF	5	2830
CASSLGQGRNEQFF	5	2830
CASSMDGYEQYF	5	2830
CASSLTGTYGYTF	23	254
CASSPAGELFF	5	2830
CASSVAGEQFF	5	2830
CASSLGTGFTEAFF	5	2830
CASSEGWGYTF	23	254
CASSPGGGYTF	23	254
CASSEGSSYEQYF	5	2830
CASSLPGSSYEQYF	5	2830
CASSLPGQGVSGELFF	475	2
CASSSGGGNTIYF	12	17
CASSFGGVRETQYF	5	2830
CASSFSGVETQYF	5	2830
CASSMDSTDTQYF	5	2830
CASSLDDTDTQYF	5	2830
CASSLDTSTDTQYF	5	2830
CASSKQGSTDTQYF	5	2830
CASSPTGFDGYTF	23	254
CASSLEQGANTGELFF	379	3
CASSQGQGANTGELFF	379	3
CASSEVGYNEQFF	5	2830
CASSKAGYNEQFF	5	2830
CASSLHGRETQYF	476	2
CASGTGGTEAFF	477	3
CASSIGLGEQYF	49	2
CASSAGTGDQPQHF	397	2
CASSFATGWETQYF	298	2
CASSLDTSSTDTQYF	5	2830
CASSSIGTSYEQYF	5	2830
CASSSPGAYNEQFF	5	2830
CASSYSSGGFNEQFF	478	3
CASSYTSGGDNEQFF	478	3
CASKPTSTDTQYF	5	2830
CASSPGRNTGELFF	5	2830
CASSVGGSGYEQYF	5	2830
CASSFSDSQETQYF	479	2
CASSLGADSNSPLHF	480	2
CASSLEAGAYEQYF	5	2830
CASSLARGAYEQYF	5	2830
CASSLAGATYEQYF	5	2830
CASSLAPGAYEQYF	5	2830
CASSDTNTEAFF	5	2830
CASSLQGTGEQYF	5	2830
CASSLEWGGETQYF	59	6
CASSQAANYGYTF	271	2
CSARTGDYEQYF	451	2
CASSLGLSEQYF	5	2830
CASSPVGVNTEAFF	5	2830
CASSKGVNTEAFF	5	2830
CASSRGNTIYF	12	17
CASSPGTSLNEQFF	5	2830
CASSQDRLSGYEQYF	481	2
CASSWTSGQETQYF	482	2
CASSQRTANTEAFF	483	2
CASSGRVSGNTIYF	484	2
CASSFLSNTEAFF	5	2830
CASSFPSNTEAFF	5	2830
CASSEQGPSYEQYF	5	2830
CASSPRDGELFF	5	2830
CASSPLPGELFF	5	2830
CASSPRQGELFF	5	2830
CASSVGGYSYEQYF	5	2830
CASSLEAEQYF	5	2830
CASSLLAEQYF	5	2830
CASSVGANTGELFF	5	2830
CASSVADSGYEQYF	485	2
CASSLGAGGTEAFF	5	2830
CASSLVGVGYEQYF	5	2830
CASSLEAGVGYEQYF	5	2830
CASSPNRGGQETQYF	115	3
CASSSLGYEQYF	5	2830
CASSKDSAYEQYF	5	2830
CASSLGAGDTQYF	5	2830
CASSGGAGDTQYF	5	2830
CASSLDSPYEQFF	5	2830
CASRGQSYEQYF	5	2830
CASRGQGDYEQYF	5	2830
CASSSTSGRETQYF	149	5
CASSSPTGRETQYF	149	5
CSARGTENTEAFF	296	2
CASSQTGYNQPQHF	132	4
CASSFGGPLQETQYF	5	2830
CASSFWGGPQETQYF	5	2830
CASSQFGLAADTQYF	411	3
CASSLGGLAADTQYF	411	3
CASSVGGSGEQYF	5	2830
CASSYSWDEQFF	486	3
CASSLTWDEQFF	486	3
CASSSSGTYNEQFF	5	2830
CASSLTGTPHEQYF	94	3
CASSLEGTHEQYF	94	3
CASSPGDLQETQYF	5	2830
CASSPGLRETQYF	5	2830
CASKRGSTEAFF	5	2830
CASSRSTEAFF	5	2830
CASSLSGGPNQPQHF	58	13
CASSVLKNTEAFF	5	2830
CASSLGASGYEQYF	5	2830
CASSTTGGKDTQYF	5	2830
CASSLFRGAYEQYF	5	2830
CASSLAGRGAYEQYF	5	2830
CASSLEPGSYEQYF	5	2830
CASSDRDYGYTF	418	2
CASSLTGPTEAFF	5	2830
CASSLGPRTEAFF	5	2830
CASSLPAYEQYF	5	2830
CASSVGHTEAFF	5	2830
CASSVGLNTEAFF	5	2830
CATSVGNTEAFF	5	2830
CASSVKNTEAFF	5	2830
CASSLDGDTQYF	5	2830
CASSQAGTPNTGELFF	487	2
CASSFGGITDTQYF	5	2830
CASSNGVDEQFF	488	2
CASSVAGGGRYNEQFF	308	2
CASSLVQGAYEQYF	5	2830
CASSSPDRGQETQYF	5	2830
CASSLDRGQETQYF	5	2830
CASSGTGVYEQYF	5	2830
CASKTGVNTEAFF	5	2830
CASRTGMNTEAFF	5	2830
CASSYGTGGPEAFF	489	3
CASSPGDNQPQHF	3	166
CASSRGGNQPQHF	3	166
CASSYRDSYEQYF	5	2830
CASSPRSYEQYF	5	2830
CASSPRPSYEQYF	5	2830
CASSPRDGSYEQYF	5	2830
CASSPRDNSYEQYF	5	2830
CASSPRQGYEQYF	5	2830
CASSDGGGGTEAFF	5	2830
CASSPSGGGTEAFF	5	2830
CASSLVSTYEQYF	5	2830
CASSFGGGSYEQYF	5	2830
CASSPGGRSYEQYF	5	2830
CASSLRTGTEAFF	5	2830
CASSLTGIEAFF	5	2830
CASSLGTVGYGYTF	23	254
CASSQGGSADTQYF	490	2
CASSLAGPNTEAFF	5	2830
CASSLAGRETEAFF	5	2830
CASSLQGWDEQYF	90	4
CASSAQGTYGYTF	444	3
CASSIGQGTYGYTF	444	3
CASSLMNTEAFF	5	2830
CAISESGGTEAFF	491	2
CASSKDPYEQYF	5	2830
CASSPDMYEQYF	5	2830
CASSPDLYEQYF	5	2830
CASSPDTYEQYF	5	2830
CASSLLAGGTDTQYF	5	2830
CASSSGDRAYEQYF	294	2
CASSPLAGETYNEQFF	492	2
CASSQDAGYEQYF	5	2830
CASSQALGSTEAFF	493	2
CASSLILGNEQYF	5	2830
CASSGTGYGYEQYF	5	2830
CASSLRGGSAYEQYF	494	2
CATSRGTTGELFF	495	2
CASSYLAGSTDTQYF	5	2830
CASSYGGSSYEQYF	496	4
CASRGNEQFF	5	2830
CASGGGEQFF	5	2830
CASSQGLAGVHEQFF	352	2
CASTPGYMNTEAFF	172	2
CASSLYLNTEAFF	5	2830
CASSTAGGSYEQYF	5	2830
CASSQGVITEAFF	5	2830
CASSQGDTEAFF	5	2830
CASSYLGQGYEQYF	5	2830
CASLLGQGYEQYF	5	2830
CASSRPDTQYF	5	2830
CASSYKGYEQYF	5	2830
CASSYRGYYEQYF	5	2830
CASSFGTSIYEQYF	5	2830
CASSQDSEASSYEQYF	497	2
CASSIVGQPQHF	498	3
CASRGQAEETQYF	5	2830
CASRGQRETQYF	5	2830
CASSQEGAGELFF	5	2830
CASSPSVYEQFF	499	3
CASSPVGVYEQFF	499	3
CASSFQGAGEQYF	500	2
CASSPVGLGYGYTF	501	2
CASSQKTEAFF	5	2830
CASIQGTEAFF	5	2830
CASSEGGQGAYEQYF	5	2830
CASSLGGQGTYEQYF	5	2830
CASSLGSGQGAYEQYF	5	2830
CASSPSSADTQYF	5	2830
CASSLSSAVDTQYF	5	2830
CASSQGRGGAYEQYF	5	2830
CASTSGDNEQFF	174	2
CASSPGTESYEQYF	5	2830
CASSQDRASGYEQYF	481	2
CASSLTGGAEAFF	5	2830
CASSPRTGPYEQYF	502	2
CASSIRGMNTEAFF	5	2830
CASSQETGGNQPQHF	132	4
CASSQSTGYNQPQHF	132	4
CASSTGTGTYEQYF	5	2830
CASSTGTGAYEQYF	5	2830
CASNAGQGSYEQYF	5	2830
CASSAGQGAYEQYF	5	2830
CASSAGWGSYEQYF	5	2830
CASSIDWPGIYGYTF	503	2
CASKEGNQPQHF	431	3
CASSPWTGMNTEAFF	237	2
CASSRGTGNYGYTF	23	254
CASSVGTGYGYTF	23	254
CASETGGTEAFF	477	3
CASWGTGGTEAFF	477	3
CASSAGSADTQYF	333	2
CASSLGEQFF	5	2830
CASGRGFTEAFF	5	2830
CASSPGRVYGYTF	23	254
CASSPTDKNTEAFF	504	2
CASSSQGGNEKLFF	392	2
CASSPTSGDNEQFF	505	3
CASSQELASSYEQYF	5	2830
CASSLELASYEQYF	5	2830
CASSLGTGISYEQYF	5	2830
CASSLSSGTYEQYF	5	2830
CASSLGSGRTYEQYF	5	2830
CASSSGSGTYEQYF	5	2830
CASSVDGVTDTQYF	423	2
CASSVGTYTEAFF	5	2830
CASRRTGVNEQFF	506	2
CASSSRTAGNTIYF	380	2
CASSPPGVEQFF	5	2830
CASSHGQVNQPQHF	146	8
CASSLQLGEQYF	5	2830
CASSLGQLVEQYF	5	2830
CASSVDSGAGTEAFF	161	2
CASSVTGDTGELFF	5	2830
CASSFSGEQFF	5	2830
CASSPGTESSYEQYF	5	2830
CASSLGLAFEQYF	5	2830
CASSLGLAVYEQYF	5	2830
CASSLGTGFGYTF	23	254
CASSGQGGEYEQYF	5	2830
CASSLRQDTEAFF	507	2
CSARSSGSYEQYF	508	2
CASSYSGSGNEQFF	5	2830
CASSVDSGSDYEQYF	509	2
CASSQVGRTYEQYF	5	2830
CASSVGDRTYEQYF	5	2830
CASSAGTSGQETQYF	26	3
CASSFSTSGQETQYF	26	3
CASSAGPTYEQYF	5	2830
CASSHGETYEQYF	5	2830
CASSLGGLAGVNEQFF	260	4
CASSLRGGVAYEQYF	494	2
CASKGTSGYEQYF	510	2
CASSQGADEQYF	5	2830
CASSYGEGSYEQYF	5	2830
CASSLWGGADTQYF	99	2
CASRMTGGEETQYF	325	2
CASSIGQPYEQYF	5	2830
CASSFGQSYEQYF	5	2830
CATSSPSSYEQYF	5	2830
CASSPSSSYEQYF	5	2830
CASSPGTDYGYTF	23	254
CASSFPGELFF	5	2830
CASSPRPGELFF	5	2830
CASSQRGFEQYF	511	2
CATGTVNTEAFF	175	3
CASSLSSGDASYNEQFF	512	2
CASSPHRETQYF	513	2
CASWGGTGELFF	514	2
CASSPGLAGGEQFF	5	2830
CASSPQLAGGNEQFF	5	2830
CASSPEGLAGGNEQFF	5	2830
CASSQGSREAFF	5	2830
CASSQEGSTEAFF	5	2830
CASKTDSYNEQFF	469	2
CASSPGHEQFF	5	2830
CASSPMNEQFF	5	2830
CAWSYQPNTEAFF	515	2
CASSYGSPGTEAFF	516	2
CSARDAYEQYF	517	3
CASSYSGPYNEQFF	5	2830
CASSVGQGAYEQYF	5	2830
CASSFGLGAYEQYF	5	2830
CASSWTSGTDTQYF	5	2830
CASSLGSPGNTIYF	518	3
CASSLAGLVSYEQYF	5	2830
CASSLGQGRDEQYF	317	2
CASSQIPGLAGVGDTQYF	519	2
CASSLAPYEQYF	5	2830
CASSLTVYEQYF	5	2830
CASSLAGGPEQFF	5	2830
CASSPGLNNEQFF	5	2830
CASSPWGNNEQFF	5	2830
CASSHLYEQYF	5	2830
CASSFRGLGTDTQYF	520	2
CASSLGQGVNTEAFF	5	2830
CASSLEGAGVNTEAFF	5	2830
CASSSAGAGELFF	521	7
CASSSWGAGELFF	521	7
CASSFPGQEQFF	5	2830
CASGGATEAFF	6	2
CASSLDPGEQYF	5	2830
CASSLDEREQYF	5	2830
CASSLMGGSDTEAFF	410	2
CASSLWADEAFF	303	2
CASSQGAGANQPQHF	291	2
CASLALTGELFF	407	2
CASSGGRVSGNTIYF	484	2
CASSRLAGGWNEQFF	28	7
CASSPRLAGGDNEQFF	28	7
CSARGREGQPQHF	416	2
CASSFASNTEAFF	5	2830
CASSLLSNTEAFF	5	2830
CASSWDLTSYEQYF	5	2830
CASSWDTTYEQYF	5	2830
CASSGDTSYEQYF	5	2830
CASSQDAYEQYF	5	2830
CASSQDRGYEQYF	5	2830
CASSTGFGSPLHF	156	2
CASSPDRGDEQYF	5	2830
CASSWGQSTDTQYF	5	2830
CASSLADGNQPQHF	3	166
CASSVAGNQPQHF	3	166
CASSEWTGSTDTQYF	5	2830
CASSVGGRTGELFF	5	2830
CASSVGGSGELFF	5	2830
CASSVGDTGELFF	5	2830
CASSSPRSYEQYF	5	2830
CASSTPSYEQYF	5	2830
CASSLASNQETQYF	522	2
CASSLGGLTYNEQFF	5	2830
CASSGFHGGELFF	523	2
CASSYRGGQTYEQYF	524	2
CSARDFRGRGETQYF	525	2
CASSVLNQETQYF	5	2830
CASSLGQINEQFF	5	2830
CASSLGQREQFF	5	2830
CASSLNQNEQFF	5	2830
CSARTSGGYEQYF	526	2
CASSPGTDGETQYF	430	3
CASSPNGTDQETQYF	430	3
CASSQDGVSSYEQYF	527	2
CASSVGGEQETQYF	5	2830
CASSVLGGQETQYF	5	2830
CASSVGQGQETQYF	5	2830
CASSSSYEQFF	5	2830
CASSPGLAGDYEQYF	5	2830
CASSQGGGQGYEQYF	5	2830
CASSQDPGETQYF	5	2830
CASSLGQGAVYEQYF	5	2830
CASSLKETQYF	5	2830
CATSRARGNEKLFF	344	4
CASRGRGNEKLFF	344	4
CASRQSNQPQHF	20	3
CASSLWGEYNEQFF	5	2830
CASSSYRGQPQHF	528	2
CASSDSSGELFF	5	2830
CSVVTSGSYEQYF	529	2
CASSPRTGYGYTF	23	254
CASIPGTGYGYTF	23	254
CASSPGTGRGYTF	23	254
CASSPGTGYYGYTF	23	254
CASSPGAPGELFF	5	2830
CASSGGNSYEQYF	5	2830
CATSSGFSYEQYF	530	2
CASSPSGGAADTQYF	5	2830
CASSHNNEQFF	5	2830
CASRSYNSPLHF	531	2
CASSELYTGELFF	315	2
CASSFEGGNEQFF	5	2830
CATGPGGEQYF	532	2
CASSESISYEQYF	5	2830
CASSLTPGTDTQYF	5	2830
CASSLRTGTDTQYF	5	2830
CASSWTTGTDTQYF	5	2830
CASSLVRETQYF	5	2830
CASSWRETQYF	5	2830
CASSEGLQPQHF	3	166
CASSLSGLQPQHF	3	166
CASSYEGVETQYF	5	2830
CASSLAGAYNEQFF	5	2830
CASAPGGGPEAFF	5	2830
CASSQGGGGELFF	420	3
CASSDQRSYEQYF	533	2
CASSFSLNQPQHF	3	166
CASSQGWGANTEAFF	5	2830
CASSHRGPQPQHF	3	166
CASSAGLAGTTDTQYF	24	2
CASSQGGAGANEQFF	534	2
CASSIQTSSYNEQFF	5	2830
CASSQAQGQTYEQYF	535	2
CASRDTYNEQFF	536	2
CASSLQGTQPQHF	3	166
CASSQDRTSQETQYF	413	4
CASSSTGGKETQYF	154	3
CASTSGGPSYNEQFF	419	2
CASSPGQGYNEQFF	5	2830
CASSSPGQAYNEQFF	5	2830
CASSFPAYEQYF	5	2830
CASSLPPAYEQYF	5	2830
CASSAGTGVYGYTF	23	254
CASSAGQGVGYTF	23	254
CASSLGRGDEQYF	5	2830
CASSLRRGWEQYF	5	2830
CASSLRTGDEQYF	5	2830
CASRGAGELFF	16	2
CASSLQGSEQFF	5	2830
CASSYYTGELFF	5	2830
CASSLAGGRNEQFF	5	2830
CASSLAGGLNEQFF	5	2830
CASSLAGFNEQFF	5	2830
CASSLQGSGYNEQFF	80	2
CASRAGGGTEAFF	5	2830
CASKRGGGTEAFF	5	2830
CASSLLAENTGELFF	5	2830
CASRDPGSYNEQFF	537	2
CASSFLGTGELFF	5	2830
CASSLGDGYNEQFF	5	2830
CASSLVQGGTEAFF	5	2830
CASSLQGGGEAFF	5	2830
CASRGDSRTDTQYF	538	2
CASSSGRSTEAFF	539	2
CASSLLADYNEQFF	5	2830
CASSYLAPYNEQFF	5	2830
CASSDAGNTEAFF	5	2830
CATSEAGNTEAFF	5	2830
CASSLTGYTGELFF	5	2830
CASRRGGSTDTQYF	5	2830
CASSFRGSSSYEQYF	337	2
CASSVGYGELFF	5	2830
CASSPDRETQYF	513	2
CASSVDGREDYGYTF	160	2
CASSHGTGYTEAFF	5	2830
CASSSGFYGYTF	23	254
CASSRAGGNSPLHF	540	2
CASSLGVDWPQHF	3	166
CSVESGSNYGYTF	541	2
CASSITSLETQYF	542	2
CASSPESYNEQFF	5	2830
CASSPMGSYEQYF	5	2830
CASSSGGENIQYF	543	3
CASSSGTLNIQYF	543	3
CASKGYGYTF	297	2
CASSQGLGGEETQYF	544	2
CASSEFGGANVLTF	40	25
CASSLGGANQPQHF	3	166
CASSLIGGTAYEQYF	5	2830
CASSLGGAAYEQYF	5	2830
CASRPTGDYGYTF	256	2
CASSHRDSYNEQFF	5	2830
CASSLEDFYGYTF	23	254
CASSLPFYGYTF	23	254
CASSEGGDPYEQYF	322	2
CASGTVNTGELFF	545	2
CASSPDSNYGYTF	106	2
CASSQRTTNTEAFF	483	2
CASSYGQGTDTQYF	5	2830
CASSQGTNQPQHF	3	166
CASSRFGETQYF	5	2830
CASSLSAGGEQYF	5	2830
CASSLSAGEETQYF	5	2830
CASSLTRQGSYEQYF	5	2830
CASSLRQGRSYEQYF	5	2830
CASSFGQGAYEQYF	5	2830
CASSLIQGAYEQYF	5	2830
CASSSGLAETDTQYF	546	3
CASSHSGLAATDTQYF	546	3
CASSLSSETQYF	5	2830
CASSQGTSGTNEQFF	547	2
CASWENTEAFF	5	2830
CASSQQGGFYGYTF	548	2
CASSLRQGFYNEQFF	5	2830
CASSLGSINQPQHF	3	166
CASSTSMNTEAFF	5	2830
CASSLSFMNTEAFF	5	2830
CASSPSGVYEQFF	499	3
CASSFEGAYEQYF	5	2830
CASSPEAYEQYF	5	2830
CASSLGGEGGTDTQYF	5	2830
CASSEFANTEAFF	549	2
CASSWADNQPQHF	3	166
CASSLRRGDEQYF	5	2830
CASSLGRIDEQYF	5	2830
CASSSTGRETQYF	149	5
CASMSSGANVLTF	40	25
CASSVGLSSYNEQFF	5	2830
CASSVGGVSYNEQFF	5	2830
CASSLSGWTYEQYF	5	2830
CSARRPNTGELFF	550	2
CSVRDRSYEQYF	257	3
CASSVFGGGETQYF	5	2830
CASSVEGKGTDTQYF	5	2830
CASSPGRGNSPLHF	114	8
CASSPGTGNSPLHF	114	8
CASSLQGLEKLFF	236	2
CASSLGPEEQYF	5	2830
CASSLGTSGNEQYF	5	2830
CASSPGTASTDTQYF	230	3
CASSLITETQYF	5	2830
CASSGTGYYEQYF	5	2830
CASSLWGLYNEQFF	5	2830
CASSLTGDAQYF	5	2830
CASSTTGDEQYF	5	2830
CASSVSGNSYEQYF	5	2830
CASSHRNSGEQYF	412	2
CASSMGTATNEKLFF	321	6
CASSYSGGDTGELFF	5	2830
CASSYSFGTGELFF	5	2830
CASSRTLNTEAFF	5	2830
CASSTTVNTEAFF	5	2830
CASSLSAGGLDEQFF	5	2830
CASSPGTGRNEQFF	5	2830
CASSLSLGNEQYF	5	2830
CASSPRTGKPYEQYF	502	2
CASSLGGSPSYEQYF	5	2830
CASSTSSYNEQFF	5	2830
CASSEYGDYNSPLHF	436	2
CASSLRTHNEQFF	280	3
CSVGQGGSNQPQHF	551	2
CASSLGRGIYEQYF	5	2830
CASSLEQGIYEQYF	5	2830
CASSYSSGGDNEQFF	478	3
CASSPGTGYYNEQFF	5	2830
CASSPTGYNEQFF	5	2830
CASSSPGGAGELFF	259	2
CASSPGTGRTDTQYF	287	3
CASSPLTGSTDTQYF	287	3
CASSQNNYEQYF	5	2830
CASSLGTSGGAQETQYF	552	2
CASSDRGYTEAFF	553	3
CASSQGRESYEQYF	5	2830
CASSQERGSYEQYF	5	2830
CASSQSGRGSYEQYF	5	2830
CASSTGTGGDGYTF	554	2
CASSSWGNTEAFF	5	2830
CASSFGSVTYEQYF	5	2830
CASQSADTQYF	5	2830
CASSSVADTQYF	5	2830
CASSIGATNEKLFF	276	2
CASSVSGSGTDTQYF	555	2
CASSERATNEKLFF	343	2
CASSIGLAPTYEQYF	556	2
CASSQDRGNTGELFF	286	3
CASSYLTGYNEQFF	5	2830
CASSLEGRSEQYF	5	2830
CATSSSGANVLTF	40	25
CASASSGANVLTF	40	25
CASSRGGQTYEQYF	524	2
CASSLLGSPLHF	76	5
CASSPGLGSPLHF	76	5
CASSPLGGSPLHF	76	5
CASSLDSGAYEQYF	5	2830
CASSYGTGNGYTF	23	254
CASSWTGNGYTF	23	254
CASSLRSGGNEQFF	5	2830
CASSLAWGGTDTQYF	5	2830
CASSVAGANVLTF	40	25
CASSPDRGQTEAFF	335	2
CASSFGIAKNIQYF	96	8
CASSLGQAKNIQYF	96	8
CASSLGQGSSYEQYF	5	2830
CASTLDKNTEAFF	216	2
CASSLGTGEKLFF	68	3
CASSLSTGDEKLFF	68	3
CASSLALAGVDTQYF	205	2
CASSQDGYNEQFF	5	2830
CASSQGYHEQFF	5	2830
CASSQTLEYEQYF	228	2
CASSRAGTNTEAFF	557	2
CSASQGLNTGELFF	184	2
CASSEVLTDTQYF	558	2
CASSFVGTNEKLFF	559	2
CASRRQGNEKLFF	22	3
CASSFSFNEQFF	5	2830
CASSFSTGNEQFF	5	2830
CASSQERDYEQYF	5	2830
CASSSPGEQYF	5	2830
CASSVSGTGGSEQFF	328	2
CASSLSMTGEAFF	560	2
CASSRQGNIQYF	5	2830
CASSPGLAGEQYF	5	2830
CASSPQGLAGGEQYF	5	2830
CATSDRTSGYNEQFF	561	3
CASSQIGGPGNTIYF	562	2
CASSLFHEQYF	5	2830
CASSLGHGEQYF	5	2830
CASSSGHEQYF	5	2830
CASSQGTGSGANVLTF	394	3
CASSQELGSGANVLTF	394	3
CASSRPYEQFF	5	2830
CASSSGLNTGELFF	443	9
CSARDLGNYGYTF	177	2
CASSSDRGNTEAFF	5	2830
CASSYSGDSYEQYF	5	2830
CASSQDRGPYGYTF	563	2
CASSTTGGSTEAFF	5	2830
CASSPVNTEAFF	5	2830
CASREGGGGTEAFF	5	2830
CASSPWGNTGELFF	5	2830
CASSLRGTGNTGELFF	564	2
CASSLGTFATNEKLFF	321	6
CASSLGRATNEKLFF	321	6
CASSSSGGGYEQYF	387	7
CASSHGLAGVEQYF	5	2830
CASSQYGNQPQHF	3	166
CASSLTGFGYEQYF	5	2830
CASSPGQGNSPLHF	114	8
CASSIAYEQYF	5	2830
CASSELAYEQYF	5	2830
CASSHPGGETQYF	5	2830
CASSPIGGETQYF	5	2830
CASSPGGGTQYF	5	2830
CASSEYEGVGYEQYF	565	2
CASSSAFTDTQYF	566	2
CASSQVTGGAYEQYF	246	2
CASSLTGVSYNEQFF	5	2830
CASSYTGSYNEQFF	5	2830
CASSPAQGFYNEQFF	284	2
CASSLRRRDTQYF	5	2830
CASSLSSGRTDTQYF	91	3
CSATGLAEETQYF	567	2
CASSLVGGDDEQYF	462	4
CASSTVGGWDEQYF	462	4
CASSLDRNQPQHF	3	166
CASSQEKNTEAFF	220	4
CATSPGGEQYF	532	2
CASSSGQGGEETQYF	568	2
CASSQATNTGELFF	187	6
CASTRLAGASTDTQYF	336	3
CASSLAGGPSYNEQFF	293	4
CASSQLAGGPEQFF	5	2830
CASSTFGASTDTQYF	5	2830
CASSVDSYSNQPQHF	162	3
CASSPGSYSNQPQHF	162	3
CASSVEGTGDEQYF	569	2
CASSLFGYSYNEQFF	5	2830
CASSPGLQLYEQYF	5	2830
CSVGDGGSNQPQHF	551	2
CASSLAAGMGGYTF	54	2
CASSSYYRGTDTQYF	390	2
CASSYSGSDSYEQYF	5	2830
CASSPSGDSYEQYF	5	2830
CASRRTGMNTEAFF	5	2830
CASTQGLEQYF	570	3
CASSQRTFEQYF	511	2
CASSPHITEAFF	5	2830
CASSSGGAADTQYF	5	2830
CASSEPGSSYNEQFF	571	2
CASSYVGGGYEQYF	387	7
CASSVGDWSYEQYF	5	2830
CASSLRGSNYGYTF	23	254
CASSLVQGDYGYTF	23	254
CASSQVRGDYGYTF	23	254
CASSLRRSNEKLFF	371	2
CASSQERDYEQFF	5	2830
CASSQPRDYEQYF	5	2830
CASSYSQSYEQYF	5	2830
CASSYSSVTEAFF	402	3
CATSTGTTGELFF	495	2
CASSLAGGVDTQYF	5	2830
CASELAGGTDTQYF	5	2830
CASSLAGVGTDTQYF	5	2830
CASRLAGGTDTQYF	5	2830
CASSLSWNQPQHF	3	166
CASSFVGNNEQFF	5	2830
CASSTPGLAYNEQFF	361	2
CASRGPSSYNEQFF	572	2
CASSVGQGGTEAFF	5	2830
CASSVGGGTEQFF	5	2830
CASGTSSYEQYF	5	2830
CASSVGAGDTYEQYF	5	2830
CASSVAGDTYEQYF	5	2830
CASSLEGGASYEQYF	5	2830
CASTQGYNQPQHF	3	166
CASRGQGVGSYNEQFF	309	2
CASSLGAPEEQYF	5	2830
CASSLGPETQYF	5	2830
CASSLTVGELFF	5	2830
CASSLGWGSYEQYF	5	2830
CASSVGGTQSTDTQYF	573	2
CASSPWDRAYEQYF	474	2
CASSQEPAGGSYEQYF	574	2
CASSAGGNGYTF	23	254
CASSLGPNGYTF	23	254
CASSLSSYYEQYF	5	2830
CASSFVGDNEQFF	5	2830
CASSVAGQGVNEQYF	330	3
CASSQGQGVNEQYF	330	3
CASSPRGAGELFF	521	7
CASTSLVQGAYEQYF	5	2830
CASSLVEGAYEQYF	5	2830
CASSRGTSGTYEQYF	5	2830
CASSSTSGTYEQYF	5	2830
CASSSPLAGGPDTQYF	575	2
CASNSYNEQFF	5	2830
CASSYHEQFF	5	2830
CASSPAGETYNEQFF	492	2
CASSPPGVYEQYF	435	2
CASSLAGQVYEQYF	465	2
CASSLLLDEQYF	5	2830
CASSLLGEQYF	5	2830
CASNTGDSNQPQHF	2	8
CASSLRGDNQPQHF	83	2
CASSDRDKSYEQYF	576	2
CASSQARGDTEAFF	577	2
CASSVGRTYEQYF	5	2830
CASSLDGTNYGYTF	23	254
CASSLTVVNTEAFF	5	2830
CASSLSTVNTEAFF	5	2830
CSAINNEQFF	272	2
CASSLSGATYNEQFF	89	2
CASSQLGGAYEQYF	5	2830
CASSETGTYEQYF	578	2
CASSLPGTGVGNEQFF	579	4
CASSLSWDEQFF	486	3
CASSLGQGTNEKLFF	247	4
CASNRGGSGETQYF	580	2
CASSPRDTDNEQFF	122	4
CASSPSVAYEQYF	5	2830
CASSPWGVAYEQYF	5	2830
CASSHRLAGDTDTQYF	581	2
CASSQAYSSGNTIYF	304	2
CASSSGGTNQPQHF	3	166
CASSDGSAYEQYF	5	2830
CASSLAAANTEAFF	5	2830
CASSLDANTEAFF	5	2830
CASSLVFRGQETQYF	393	2
CASSPGQGINYGYTF	23	254
CASSVGQGVDTQYF	5	2830
CASNSGREQYF	582	2
CASSIVGAQPQHF	498	3
CASSIDVGQPQHF	498	3
CASSSVLDTQYF	5	2830
CASRSSTDTQYF	5	2830
CAISSTDTQYF	5	2830
CASSPNGLNTEAFF	5	2830
CASSLSGLNTEAFF	5	2830
CASSSGGLNIQYF	543	3
CASSLVQNYEQYF	5	2830
CASSFGGRSYEQYF	5	2830
CASSQVQGDYGYTF	23	254
CASSQEWLAGGPGTQYF	135	2
CASSEGTSGADTQYF	583	3
CASSSGTSGADTQYF	583	3
CASSYPWNEQYF	584	2
CASSFGGADEQYF	5	2830
CASAPGSGYEQYF	5	2830
CASSLGDSTYEQYF	5	2830
CASSQGGGNYGYTF	585	2
CSARDRDYGYTF	178	2
CASSYLHEQYF	5	2830
CASSLIEGYGYTF	331	4
CASSLEAGYGYTF	331	4
CASSQEGRAGELFF	5	2830
CASSPGGGPEAFF	5	2830
CASSLDSPYEQYF	5	2830
CASSLGQGLDYGYTF	23	254
CASSPLGGEETQYF	5	2830
CASSSLAGEETQYF	5	2830
CASSARDGDNYGYTF	365	2
CASSLLADSYEQYF	5	2830
CASSGGQNTGELFF	443	9
CASSLVEYNEQFF	5	2830
CASSVGAGTTYEQYF	5	2830
CSARLSGSYEQYF	508	2
CASSEWTGGGYEQYF	586	2
CASSFGTDLYEQYF	587	2
CASSGNTQYF	5	2830
CATSSGQSYEQYF	530	2
CASSLSVEAFF	5	2830
CASSPITNTEAFF	5	2830
CASSETGFQPQHF	588	2
CASSVGVGEQFF	5	2830
CASSQGRNTGELFF	5	2830
CASSLIGVSTDTQYF	5	2830
CASSLASGNYEQYF	373	3
CASSLASGPSYEQYF	373	3
CASSLQGTEQYF	5	2830
CASSLRQGGEQYF	5	2830
CASSSDRGTGELFF	144	2
CASSTSGGTYEQYF	5	2830
CASSLTSGGQYEQYF	5	2830
CASSEGTGVSYEQYF	454	2
CASSQEGESNYGYTF	130	2
CASSLGGDTYNEQFF	5	2830
CASSYTAYEQYF	5	2830
CASSLGRTGELFF	5	2830
CASSLRTAGELFF	5	2830
CASSLRYGELFF	5	2830
CASRGLAGGGNEQFF	589	2
CASSQGKGNQPQHF	3	166
CASSPTGSSYEQYF	5	2830
CASSLLFASSYNEQFF	73	2
CASSLGHIYGYTF	23	254
CASPEGTGELFF	5	2830
CASGGGPAYEQYF	452	2
CASSLGYGETQYF	5	2830
CASSEWGGSYEQYF	590	2
CASSLAGSIYNEQFF	5	2830
CASSLAGYSYNEQFF	5	2830
CASSEAGEETQYF	5	2830
CASSPTSNTEAFF	5	2830
CASSFAGTQETQYF	42	5
CASSFGHQETQYF	42	5
CASSWGLATDTQYF	591	2
CASSIGQSYEQYF	5	2830
CASSPGGPNTGELFF	5	2830
CASSVEGSTDTQYF	5	2830
CASSLSPGTEAFF	5	2830
CASSLPSGGTEAFF	5	2830
CASSLSGLDEQYF	90	4
CASSLRGWDEQYF	90	4
CASSFGSGGSYNEQFF	5	2830
CASSWGTDYEQYF	5	2830
CASSPGLLADTQYF	214	4
CASSPARSYEQYF	5	2830
CASTSGGAYNEQFF	384	4
CASARGGAYEQYF	244	3
CSASGGAYEQYF	244	3
CASGLQGSYEQYF	5	2830
CASSATGLNTEAFF	5	2830
CATSRDGNNEQFF	592	2
CASSDDSGNEQFF	593	2
CASSLVTGPNEKLFF	594	2
CASSLGGASNYGYTF	62	3
CASSLGGAFYGYTF	62	3
CASSLMSGSTDTQYF	242	2
CASSSAGTGYYEQYF	201	2
CASGDIYEQYF	10	9
CATSRDRLAGSNYEQYF	595	2
CASSPAGLAGYEQYF	5	2830
CASSPRGGAYNEQFF	596	2
CASSSEGEQYF	5	2830
CASSFEGEQYF	5	2830
CASSQPGEQYF	5	2830
CASSPRDTYNEQFF	122	4
CASSPTPPSSYNEQFF	446	2
CASSLGTLAKNIQYF	69	2
CASSLYLGPYEQYF	5	2830
CASSQDGMETNEKLFF	258	3
CASSQDGGTNEKLFF	258	3
CASSPDESYEQYF	5	2830
CASTGNTGELFF	597	2
CASSVGQATEAFF	5	2830
CASSLPGQDYGYTF	78	2
CASSPRDRGLYEQYF	5	2830
CASSLIGREQYF	5	2830
CASSLGGSGANVLTF	64	5
CASSESLTEAFF	5	2830
CASSSTEAFF	5	2830
CASTGGLEQYF	570	3
CASRQGLEQYF	570	3
CASSSQGAGELFF	521	7
CASSSAGGELFF	521	7
CASSGTSGDNEQFF	505	3
CASSPTSGDEQFF	505	3
CASSSYRGPYEQYF	598	2
CASSTQGRNTEAFF	255	2
CASRPDSRTDTQYF	538	2
CATQGRGNTEAFF	409	2
CASSFDRYQETQYF	413	4
CASSQDRSQETQYF	413	4
CASSQDRGSSYEQYF	599	2
CASSESRQETQYF	600	2
CASSPQMNTEAFF	5	2830
CASSAGTGINQPQHF	601	2
CASSWGLTDTQYF	591	2
CASSLGPDSNSPLHF	480	2
CASSAGQNEKLFF	602	2
CASSTGTGGDYGYTF	554	2
CASSVVEETQYF	192	3
CASSSVEEETQYF	192	3
CASGDNEQFF	5	2830
CASGEGNEQFF	5	2830
CASGGYNEQFF	5	2830
CAWSPGRDYGYTF	23	254
CASSSDRGQETQYF	5	2830
CASSVGVSGANVLTF	603	2
CASSLGGLYGYTF	23	254
CASSLGMGNYGYTF	23	254
CASSIAGADTQYF	604	2
CASSVEGLGTEAFF	339	2
CASSQAVNTGELFF	187	6
CASSVGGSGREQYF	5	2830
CASSLEALSNYGYTF	605	2
CASSLVGGAKNIQYF	96	8
CASSLAAGAKNIQYF	96	8
CASSDRGNIQYF	5	2830
CASSQGTSGLNEQFF	547	2
CASSEGSGSSYNEQFF	5	2830
CSAHNEQFF	266	2
CASSPSREQYF	5	2830
CASSFGQNSNQPQHF	3	166
CASKIGQGYEQYF	5	2830
CASSIGRGYEQYF	5	2830
CASSIGQGNYEQYF	5	2830
CASSFGFSYEQYF	5	2830
CASSLTGDGTEAFF	5	2830
CASSLGLAGEGNEQFF	376	3
CASSHRLAGYTDTQYF	581	2
CASSLVQAGGNQPQHF	97	4
CASSLTSGGTYEQYF	5	2830
CASSTSGGWYEQYF	5	2830
CASSMGTGGNQPQHF	400	2
CASSERDNEQFF	5	2830
CASSSSEETQYF	5	2830
CASSYTENTEAFF	5	2830
CASSLGDRGYDEQYF	5	2830
CASSLSGTGIYNEQFF	606	2
CASSEGSGNSPLHF	607	2
CASSQAGTNYGYTF	23	254
CASSLAGSTNYGYTF	23	254
CASSPRDRVYEQYF	608	2
CASSLSPGETEAFF	5	2830
CASSQSREQYF	5	2830
CASSLSHPETYEQYF	234	2
CASSQDPGNSYEQYF	609	2
CASSSGVYEQYF	5	2830
CSARDQGYEQYF	348	5
CATSRDGYNEQFF	592	2
CASSSLAGGLTDTQYF	5	2830
CASSPTNEKLFF	426	6
CASSVGDSGTDTQYF	610	2
CASSLVLAGVYEQYF	611	2
CASSQGGHEQYF	5	2830
CASSQEGEQYF	5	2830
CASSAGSGAEQFF	612	2
CASSVEAGPYEQYF	388	2
CASSPGGSGGYTF	23	254
CASSQGTGEETQYF	613	2
CASSLEGTGLYEQYF	5	2830
CASSERDRGYEQYF	5	2830
CASRSLRDRGYEQYF	5	2830
CASSPPGLAGDEQFF	473	2
CASSVVNTGELFF	5	2830
CASSPGAFYEQYF	5	2830
CASNSGGNTIYF	12	17
CASSGSGGNTIYF	12	17
CASSSGIGNTIYF	12	17
CASSPTGASYNEQFF	5	2830
CASSPGLAGGIQETQYF	614	2
CSARRDRGNYEQYF	615	2
CASSLLGGRYGYTF	74	3
CASSPTGGRYGYTF	74	3
CASSQSGGAEAFF	5	2830
CASSLGGGDYEQYF	5	2830
CASGLGGGSYEQYF	5	2830
CASSAARNTGELFF	5	2830
CASSTETGNTEAFF	5	2830
CASTRSYNSPLHF	531	2
CASSEQGGFYGYTF	548	2
CASSLYSATGELFF	104	2
CASGISNQPQHF	345	2
CASSQAGSSYEQYF	5	2830
CSARPSGGYEQYF	526	2
CASSIWAYTEAFF	250	2
CASSQEGPSEQYF	5	2830
CASSQEGMPSYEQYF	5	2830
CASSETGLTYEQYF	578	2
CASSQPGGFQETQYF	448	2
CASSLGQGLTEAFF	5	2830
CASSLGQGGSEAFF	5	2830
CASSPNRGSSYEQYF	370	2
CASSSGLAATDTQYF	546	3
CASRHSYEQYF	5	2830
CASSQGTSGADTQYF	583	3
CASSYLAGPYNEQFF	5	2830
CASSLSMGEQYF	5	2830
CASRLGYEQYF	5	2830
CASSLPPRYEQYF	5	2830
CASSYGVSGNTIYF	382	3
CASSLGQGGPDTQYF	5	2830
CASSMGQGPDTQYF	5	2830
CASSENGNQPQHF	616	2
CASSSNYNEQFF	5	2830
CASSQDGAAYEQYF	617	2
CASSLGEGAKNIQYF	96	8
CASSPRGQTNTEAFF	5	2830
CASSPRGANTEAFF	5	2830
CASSLRGTNTEAFF	5	2830
CASSPGTGPNQPQHF	3	166
CASSVGTGSNQPQHF	3	166
CASSPTTGSNQPQHF	3	166
CASSATGAETQYF	5	2830
CASSQEGGSTEAFF	5	2830
CASSSGLLYEQYF	458	3
CASSSGTLRYEQYF	458	3
CSARDFRGRETQYF	525	2
CASSVGGMETQYF	5	2830
CASSVDGEETQYF	5	2830
CASSVGGFSGNTIYF	618	2
CASSLRQLDTEAFF	507	2
CASSSGLTNTEAFF	5	2830
CASSAYNEKLFF	426	6
CSVPGTVYGYTF	186	2
CASSSPSGSGTGELFF	150	2
CASSLSSGDSYNEQFF	512	2
CASSIGSGNTEAFF	5	2830
CASSEGWGSGANVLTF	64	5
CASSTGRNYGYTF	23	254
CASSPGRANYGYTF	23	254
CASSPGPNYGYTF	23	254
CAISTGDSNQPQHF	2	8
CASSVGDSNQPQHF	2	8
CASWTGDSNQPQHF	2	8
CASSPGTLAGELFF	5	2830
CASSPGLAPGELFF	5	2830
CASSRGTGSTGELFF	619	2
CASSFVSSEQYF	235	2
CASGTMNTEAFF	326	3
CASRTENTEAFF	326	3
CASSPAGGRDEQFF	292	2
CASSPLGADTQYF	5	2830
CASSSKGLNTEAFF	5	2830
CASSSTGVNTEAFF	5	2830
CASSPGQGIHGYTF	113	3
CASSPGQGQGYTF	113	3
CASSLGTSGLYNEQFF	45	5
CASSLGTSGMNEQFF	45	5
CASSRDASSYEQYF	5	2830
CASSSSGRGNQPQHF	58	13
CASSYFANTEAFF	549	2
CASSQDLAGYNEQFF	219	2
CASKGNTGELFF	597	2
CASSPDRGSYEQYF	5	2830
CASSFRGLTGELFF	5	2830
CASSHRGTGELFF	5	2830
CASSFTGTGELFF	5	2830
CASSLGLAGYSTDTQYF	5	2830
CSVEGTSGRNEQFF	191	2
CASSFLRQGPYEQYF	5	2830
CASSLRQGSYEQYF	5	2830
CASSLLQGANTEAFF	77	2
CASSYGSTGTEAFF	516	2
CASSLSVVNEQFF	92	2
CASSVANTGELFF	5	2830
CASSLGDRGWEQYF	5	2830
CASSPGDRGYEQYF	5	2830
CASSPGTVSGQPQHF	3	166
CASSPGTVNQPQHF	3	166
CASSLVGTATYEQYF	5	2830
CASSLVGQTYEQYF	5	2830
CASSLQDGYGYTF	23	254
CASSVGGTSTDTQYF	573	2
CASSFLAGGPTDTQYF	377	3
CASSLQADEQFF	5	2830
CASSLRLADEQFF	5	2830
CASSPRTGTGELFF	620	2
CASSFQGALEQYF	500	2
CASSSGQGYYNEQFF	5	2830
CASSQDRDGYTF	621	2
CASSLGTGGGDGYTF	414	2
CASSSVAGGPDYEQYF	209	2
CASSLGGADGYTF	23	254
CASSFSPTSGANVLTF	622	2
CASTSSGSYEQYF	5	2830
CASSSYRRPYEQYF	598	2
CASSTPGFTEAFF	457	2
CSAATGNTEAFF	176	2
CASRYTGELFF	347	3
CASRDGELFF	347	3
CASSLVETDTQYF	5	2830
CASSVVTGNTEAFF	5	2830
CASSQVAGSGYTF	623	2
CASSLAGPSSYNEQFF	624	2
CASSTNPYEQYF	5	2830
CASSYGQGWGYTF	23	254
CASSLGQGGGYTF	23	254
CASSVEGTGSEQYF	569	2
CASSPGQVGYEQYF	5	2830
CASSPAGQGYEQYF	5	2830
CASSQEDGLNTEAFF	306	2
CASSLQITDTQYF	5	2830
CASSATGGGYGYTF	23	254
CASSLLGMNTEAFF	5	2830
CASSRLTSTDTQYF	316	4
CASSARTSTDTQYF	316	4
CASSESGGRYEQYF	442	2
CASSSDGNEQFF	5	2830
CASSGQGGSYEQYF	5	2830
CASSIDSYYGYTF	625	2
CASSLNRYEQYF	5	2830
CASSLENTYEQYF	5	2830
CASSLSGRSSYNEQFF	5	2830
CASSQDTNYGYTF	23	254
CASSPGQGAHEQYF	5	2830
CASSPGQGANYEQYF	5	2830
CASSPGQGMAYEQYF	5	2830
CASSLGRGPSYEQYF	5	2830
CASSSLAGAYNEQFF	5	2830
CASSLAGAVNEQFF	5	2830
CASRWRGTEAFF	626	3
CASRPMGTEAFF	626	3
CASSLGQLGEQYF	5	2830
CASSLVGGAPDTQYF	200	2
CASSYRGGDTQYF	5	2830
CASSGRTGSSYEQYF	5	2830
CASSQGRYSGNTIYF	190	2
CASSSGTISTDTQYF	356	2
CATSRDRLAGSSYEQYF	595	2
CASSGGPISGNTIYF	254	2
CASSDDGMNTEAFF	194	3
CSARGGRYGYTF	385	2
CASSLGQCNQPQHF	450	2
CASSPTGLEAFF	124	2
CASSLVAGSSYEQYF	5	2830
CASSRSTAQETQYF	627	2
CASSFGPRYEQYF	5	2830
CASSSHSGGAYNEQFF	628	2
CASSSGTSEAFF	5	2830
CASSFSGTGEAFF	5	2830
CASSRGTGSPGELFF	619	2
CASSPSGGDYNEQFF	5	2830
CASSFGGGYGYTF	23	254
CASSYLLGYEQYF	5	2830
CASSQDSYYGYTF	625	2
CASSLRLAGETQYF	5	2830
CASSFLYEQYF	5	2830
CATSPGSTQYF	422	2
CASSQDQGRNYGYTF	629	2
CASRGRSYNEQFF	18	2
CASSVGGDPGELFF	5	2830
CASSQGDEQFF	5	2830
CASSLVPRSYEQYF	405	3
CASSLDPLSYEQYF	405	3
CASGGGSYEQYF	353	5
CASSLQGIGNTIYF	79	2
CASSLSSTNEQFF	5	2830
CASSQDRGGYTF	621	2
CASSLIGNTGELFF	5	2830
CASSEAPQSSYEQYF	433	2
CASSASTAQETQYF	627	2
CASSPEGGGEKLFF	217	4
CASSWSSSGANVLTF	460	3
CASSPDSSGANVLTF	460	3
CASSLASGTTDTQYF	5	2830
CASRGTGVNEQFF	506	2
CASSQGQGGEQYF	5	2830
CASSQGQGLGYEQYF	5	2830
CASSQGQGDYEQYF	5	2830
CASSHGTRTYEQYF	5	2830
CASSPGTGRTYEQYF	5	2830
CASSQDQGSTDTQYF	437	3
CSASWTGGTYEQYF	630	2
CASSFGGRNQPQHF	3	166
CASSTTGTSGDEQFF	631	2
CASSPSGGVGQPQHF	440	2
CASSLSGTGPYNEQFF	606	2
CASSSRGQGGEQYF	632	2
CASSYSTGGSGYTF	363	2
CASSSGDNYEQYF	5	2830
CASSVTGDNYEQYF	5	2830
CASSFVVQETQYF	42	5
CASSDPGPYEQYF	364	3
CASSDPKGAYEQYF	364	3
CASSETGGQPQHF	588	2
CASSVGGLAGYNEQFF	260	4
CASSLGGLAGSNEQFF	260	4
CASSSAGADTQYF	604	2
CASSPGQGAIYGYTF	23	254
CASSPGQGATGYTF	23	254
CASSLLGAQPQHF	3	166
CASSRTGVNQPQHF	248	2
CASSLGGGTGVGNEQFF	579	4
CATSDPGTGEEETQYF	633	2
CASSPMGSNEQYF	5	2830
CASSVGLGQPQHF	403	2
CASSTDRDSNQPQHF	2	8
CASSSGQGGETQYF	568	2
CASSQEPLTDTQYF	131	2
CASSYSFQGGELFF	170	2
CSARWGGGTDTQYF	183	2
CASSYGSDTGELFF	5	2830
CASSYGVSYEQYF	5	2830
CASSYVTSYEQYF	5	2830
CASSQELAGGSYEQYF	574	2
CASSYWGYYEQYF	5	2830
CSARQPNTGELFF	550	2
CASSFTEYTDTQYF	374	2
CASSPDKNTEAFF	504	2
CASSPGTDTGELFF	5	2830
CASSYSSGGGGYTF	278	2
CASRPPGSYNEQFF	537	2
CASSLGTGTTDTQYF	5	2830
CASSLGTGGITDTQYF	5	2830
CASSLGKSLGETQYF	65	5
CASSLVGTGDYGYTF	425	4
CASSWGQGSPLHF	168	2
CASSLLVGSQPQHF	3	166
CASSLDRRSSYEQYF	5	2830
CASSLTDRSSYEQYF	5	2830
CSVTSGSYEQYF	529	2
CASSLEPGQGYEQYF	358	3
CASSLDVQETQYF	5	2830
CASSALGYEQYF	5	2830
CASSPDSSTDTQYF	5	2830
CASSPDGDYGYTF	23	254
CASSLGAGIYGYTF	634	2
CASSSGQDYYGYTF	23	254
CASSSSPEQYF	5	2830
CASSQGTNYEQYF	5	2830
CASSQIGTYEQYF	5	2830
CASSLLWINEQFF	307	2
CASSQGGVSADTQYF	490	2
CASSQSQGTGELFF	635	2
CASSALGRGSYEQYF	5	2830
CASSSKPGEQYF	5	2830
CASSESNEQYF	5	2830
CASSFLTGNTEAFF	5	2830
CASSLTSGNTEAFF	5	2830
CASSLTGNPEAFF	5	2830
CASMADNPYEQYF	5	2830
CASSPGTDLYEQYF	587	2
CASSRARGTDTQYF	415	2
CASSLDQGQETQYF	5	2830
CASSLLDGYEQYF	5	2830
CASSVGDSDTDTQYF	610	2
CASSLGGGGRNEQFF	5	2830
CASAVGETQYF	5	2830
CASSSPGQGVEQYF	636	2
CSARLVDTQYF	367	2
CASRWTSGQETQYF	482	2
CASSLRGAVSTDTQYF	5	2830
CASSLRGSTDTQYF	5	2830
CASSLGSPTGNTIYF	518	3
CASSPLGSPGNTIYF	518	3
CASSLDPVQETQYF	5	2830
CASSDGGASYEQYF	5	2830
CASSPGGGGETQYF	5	2830
CASSELGGGETQYF	5	2830
CASSFSDSSETQYF	479	2
CASSSSGAYNEQFF	5	2830
CASSLSSGTYNEQFF	5	2830
CASSFIGGSNQPQHF	3	166
CASSFGGASNQPQHF	3	166
CAISESSGGTEAFF	491	2
CASSIASLETQYF	542	2
CASSFHGGELFF	523	2
CASSFRADYGYTF	637	3
CASSLWVGTEAFF	5	2830
CASSLTGGVVNTEAFF	264	2
CASSSSTQETQYF	5	2830
CASSSTLQETQYF	5	2830
CASSLVQGLNTEAFF	98	2
CASSYKDTGELFF	5	2830
CASSYGGVGAYEQYF	5	2830
CASNTGGGNQPQHF	471	2
CASSFPGPTGELFF	342	2
CASSSGPGGNTIYF	12	17
CASGSGTEAFF	5	2830
CASSADSPSYEQYF	5	2830
CASSALGANYGYTF	638	3
CASSLKGSTGELFF	5	2830
CASSLTEGASTEAFF	449	2
CASSYLAEQYF	5	2830
CASRETYNEQFF	536	2
CASSFYLNTEAFF	5	2830
CASSLGGTGVGNEQFF	579	4
CASSLEGGDYNEQFF	202	3
CASSLAGTDYNEQFF	202	3
CASSVTGGELFF	5	2830
CASSSGQRSTEAFF	539	2
CASSLGGAVAYEQYF	5	2830
CASSQDGETQYF	5	2830
CASSQAPGETQYF	5	2830
CASSLGWGETQYF	5	2830
CASSLSYGETQYF	5	2830
CASSDRGVTEAFF	553	3
CASSDRYTEAFF	553	3
CASSLGYGMNTEAFF	5	2830
CASSLGQGGMNTEAFF	5	2830
CASSLEGGMNTEAFF	5	2830
CASSDLTDTQYF	5	2830
CASSTDDNEQFF	5	2830
CASSQDSESSYEQYF	497	2
CASSQGQVGSYEQYF	5	2830
CAWSQGQGSYEQYF	5	2830
CASSTTGTSGLEQFF	631	2
CASSFEQGYEQYF	5	2830
CASSIGIGNTEAFF	5	2830
CASSFLGQGNEKLFF	247	4
CASSLFGTGNTGELFF	564	2
CASRPGSSYEQYF	5	2830
CASSWGQVTDTQYF	5	2830
CASSLGDFFTQETQYF	61	2
CASNRGGGETQYF	580	2
CASSSRGRSTDTQYF	5	2830
CASSPGLAGGDQETQYF	614	2
CASLISGTDTQYF	5	2830
CASSLGISGTDTQYF	5	2830
CASSTGTGHTDTQYF	5	2830
CSARGLAGQETQYF	639	2
CASRETGVYEQYF	15	2
CASSQTGGPGNTIYF	562	2
CASSQVGSGELFF	640	2
CASSAGQGTNEKLFF	247	4
CASSLVRLAGVYEQYF	611	2
CASSVQGSGTDTQYF	555	2
CASSFWTGRTEAFF	5	2830
CASSGAGAEAFF	5	2830
CASSTINEQFF	5	2830
CASSIGYEQFF	5	2830
CASSIGWEQYF	5	2830
CASSLGGGINYEQYF	5	2830
CASSPGTPRGYTF	23	254
CASSSRDSYSYEQYF	5	2830
CASSFEGGYTF	23	254
CASSLRQGGEKLFF	85	2
CASSQDPGHSYEQYF	609	2
CASSSGADGYTF	23	254
CASSKSGGSYEQYF	5	2830
CSARAGGETQYF	641	2
CASTGGTDTQYF	5	2830
CASSLEGAGETQYF	5	2830
CASSVGIYNEQFF	5	2830
CASRPRGTEAFF	626	3
CASGPGTYEQYF	353	5
CASSEGQGWTEAFF	5	2830
CASSEKGQGNTEAFF	5	2830
CASSLLPGNTEAFF	5	2830
CASGLGPGNTEAFF	5	2830
CASSSPGQGAEQYF	636	2
CASSLESVNTEAFF	5	2830
CASSPRDRNYEQYF	608	2
CASSQRDLSYNSPLHF	232	2
CASSPTDFSYEQYF	5	2830
CASSQTDSYEQYF	5	2830
CASSPTTSYEQYF	5	2830
CASSLGASAYEQYF	5	2830
CASSSQGGRNEQFF	5	2830
CASSWGSNSPLHF	56	11
CASSLGANSPLHF	56	11
CASSFRGTNEKLFF	559	2
CASIGGTGELFF	514	2
CSARGLAGIQETQYF	639	2
CASSPGTAGVETQYF	642	2
CAISEGTGAYEQYF	1	2
CASSVGLAGSNEQFF	46	7
CASSLNSGNTIYF	112	18
CASSTQGSSYEQYF	318	2
CASSGGGDQPQHF	243	3
CASSFQGGDQPQHF	243	3
CASSLAQGRTEAFF	5	2830
CASSPGTGGYDEQFF	5	2830
CASSVDSGSGYEQYF	509	2
CASSDQTSGGNEQFF	189	2
CASSEYVGVGYEQYF	565	2
CASSYSAYATNEKLFF	289	2
CASSLAGSGSKDTQYF	215	2
CASSLAGLHYEQYF	5	2830
CASSRTSGSLYNEQFF	5	2830
CASSVGQGADTQYF	5	2830
CASSLGGGIYGYTF	634	2
CASSDTSGGVTDTQYF	305	2
CASSQGGAGGANEQFF	534	2
CASSLGGRRQPQHF	643	2
CASRRDPPYEQYF	21	2
CASSFKRYNEQFF	5	2830
CASSFRVYNEQFF	5	2830
CASSISQGTGELFF	635	2
CASSLGEGNTIYF	12	17
CASSLERNTIYF	12	17
CASSLAGGNTIYF	12	17
CASSQVLNQPQHF	3	166
CASSLEGSEYGYTF	644	2
CASSLVGLGETQYF	5	2830
CASSRGLGETQYF	5	2830
CASSLGLGGETQYF	5	2830
CASSLEGSAYGYTF	644	2
CASSRAGLNTEAFF	557	2
CASSFGTAYNEQFF	36	3
CASSLFGTPYNEQFF	36	3
CASSGGESEQYF	252	2
CASKGTDTQYF	5	2830
CATGTDTQYF	5	2830
CASSLGDSDYEQYF	5	2830
CASSLVGDSTYEQYF	5	2830
CASSLGDTSTYEQYF	5	2830
CASSVVSGANVLTF	603	2
CASSAGGGLTGELFF	5	2830
CASSLEGSHSYNEQFF	5	2830
CASSLDQTYEQYF	5	2830
CASSLDRGTYEQYF	5	2830
CASSLGSQETQYF	5	2830
CASSLSWQETQYF	5	2830
CASSQGQGQPQHF	3	166
CASSDGPAYEQYF	5	2830
CASSQVWDSPYEQYF	467	2
CASSESETQYF	5	2830
CASSQEGGSSYEQYF	5	2830
CASSIGTGGEQYF	5	2830
CASSPGTSGGADTQYF	253	3
CASSPGTSGSDTQYF	253	3
CASSPWGDNTGELFF	5	2830
CASSLYAGGQPQHF	100	3
CASSLGAGGGQPQHF	100	3
CASSLALAGAYNEQFF	645	2
CASSQAASASTDTQYF	381	2
CASSSESYNEQFF	5	2830
CASSQAQGTYEQYF	535	2
CASSFRPDTQYF	5	2830
CASSPQGTNEKLFF	217	4
CASSPEGGNEKLFF	217	4
CASSLVQGGETQYF	349	2
CASSLEGETGELFF	5	2830
CASSAGTGGEQYF	5	2830
CASSLGGRQPQHF	643	2
CASSMLGTGELFF	5	2830
CASSVGGGSNEQFF	5	2830
CASSHGGGSEQFF	5	2830
CASSYPGEGYEQYF	5	2830
CASSPGEGGEQYF	5	2830
CSARSYNEQFF	646	2
CASSSYYEQYF	5	2830
CASSHSGGTDTQYF	5	2830
CASSASPGTDTQYF	5	2830
CASSIGDSSNQPQHF	647	2
CASSLSGVNTEAFF	5	2830
CASSLVGTGHYGYTF	425	4
CASSLSQIYEQYF	5	2830
CASSYPENTGELFF	648	2
CASSPGTAGNQPQHF	3	166
CAWSVLGGNEQYF	197	2
CASSQVRRNTEAFF	5	2830
CASSQVRQGNTEAFF	5	2830
CASSSGSGNSPLHF	607	2
CASSPGGGVNTEAFF	5	2830
CASSFIDNEQFF	5	2830
CSVETGSNYGYTF	541	2
CASSLPGRDYEQYF	472	3
CASSRGRDYEQYF	472	3
CASSLGAGNSYEQYF	5	2830
CASSLGGLSSYEQYF	649	2
CASSQDPGRNYGYTF	629	2
CASSYSSAYEQYF	650	2
CASSPQGFQPQHF	117	2
CASSPRTGNTGELFF	620	2
CASKKDTQYF	651	2
CASSLAAREQFF	319	2
CASKEVLTDTQYF	558	2
CASSPDLGYEQYF	5	2830
CASSLMGGYNEQFF	5	2830
CASSDRDRSYEQYF	576	2
CASSQGPAGLTDTQYF	137	3
CASSQGPLGGTDTQYF	137	3
CASSQGQHYGYTF	417	2
CASSYSMTGEAFF	560	2
CASGGRSSYNEQFF	5	2830
CASSGARSSYNEQFF	5	2830
CASSVASSGYEQYF	485	2
CASSPGGAGADTQYF	395	2
CASSLPERTDTQYF	302	2
CASSLVGTAYGYTF	425	4
CASSVTRDTQYF	5	2830
CASSHGQGYGYTF	23	254
CASSLGGDSSYEQYF	649	2
CASRDRGKNEQYF	13	2
CASSSHGGAYNEQFF	628	2
CASSFGQNTGELFF	443	9
CASSIGTGYYGYTF	23	254
CASSLGQGAAGYTF	23	254
CASSIYDSSNQPQHF	647	2
CASSLAGEGSSYEQYF	5	2830
CASSWTGLGTEAFF	169	3
CASSRQGLGTEAFF	169	3
CASSLTGQGNEQFF	5	2830
CASSPTGARDTQYF	368	2
CSARSGNEQFF	646	2
CASSYSSQAYEQYF	650	2
CASSTRGNYGYTF	23	254
CASSRDEQETQYF	652	2
CASSVMGQGYEQYF	5	2830
CASSVGRQGYEQYF	5	2830
CASSQVLSGELFF	640	2
CASSSAVTDTQYF	566	2
CASSLGVRSYEQYF	5	2830
CASSLRGSTGELFF	5	2830
CATSSGGTEAFF	5	2830
CASSLDPGTNYGYTF	23	254
CASSFSPRSYEQYF	5	2830
CASSYGGWSYEQYF	496	4
CASSYGGSGSYEQYF	496	4
CASSYGWSSYEQYF	496	4
CATSGASSYNEQFF	233	6
CASSPLGITDTQYF	5	2830
CASSPLGGSDTQYF	5	2830
CASSPRDSSTDTQYF	5	2830
CASSVRHGTEAFF	5	2830
CASSRGVDEQFF	488	2
CASSSGQGSSSYEQYF	5	2830
CASSYSSDQPQHF	653	2
CASSSGGDLYEQYF	145	2
CASSQGGVNQPQHF	146	8
CASRAGGEQYF	5	2830
CASSLPGQGFSGELFF	475	2
CASGTSYNEQFF	5	2830
CASSSTTSYNEQFF	310	2
CSARDLGRQNTEAFF	654	2
CASSPRGLGYGYTF	501	2
CASSDGGDNEQFF	655	2
CASSWGDQETQYF	656	2
CASSYPGNYGYTF	116	4
CASSLRAPGELFF	5	2830
CASSEGQGNTGELFF	443	9
CASRLGQGTYEQYF	5	2830
CASSSLAASTDTQYF	5	2830
CASSQVGGDQPQHF	141	2
CASSPPGIYGYTF	116	4
CASSSPTLAGGPDTQYF	575	2
CASSLHGSTDTQYF	5	2830
CASRYTPDTQYF	434	2
CASSVGSANYGYTF	23	254
CASSPDSGNEQFF	593	2
CASSEGDTDTQYF	31	3
CASSERGDGTDTQYF	31	3
CASSLGTSGRTDTQYF	389	2
CASGLGNTEAFF	5	2830
CASGTSGAYEQYF	9	2
CASSQAAYNEQFF	5	2830
CASSQLLGMNTEAFF	5	2830
CASSQDTSNQPQHF	404	2
CASSPLPPNTEAFF	282	4
CASSDGVNEQFF	5	2830
CASSLSGYYGYTF	23	254
CASRQGYGYTF	23	254
CASSYGYGYTF	23	254
CASSARADYGYTF	637	3
CASSFRAPYGYTF	637	3
CASSWGQGGNEQFF	5	2830
CASSQAGTSNTGELFF	487	2
CASSSPNQETQYF	5	2830
CASSLSGEGYTF	23	254
CASSSELTYEQYF	657	2
CASSDGENTEAFF	5	2830
CASSVAGANTGELFF	5	2830
CASSSLDTDTQYF	5	2830
CASSRRGGAYNEQFF	596	2
CASSPGGRDTQYF	5	2830
CASSFTGLGNTIYF	658	2
CASSNSGASYEQYF	5	2830
CASSLGGRSDTQYF	424	2
CAISDSGANVLTF	40	25
CASSLVVGKETQYF	301	2
CASSQGTQDGYTF	23	254
CASSEDGNQPQHF	616	2
CASSLGLASNEQFF	290	2
CASSYSSTDTQYF	5	2830
CASSHGQGAGSPLHF	659	2
CASSSVNPYEQYF	5	2830
CSARDPYEQYF	517	3
CSARDSAYEQYF	517	3
CASRGGSSYNEQFF	572	2
CASSSRGQGGYEQYF	632	2
CASSRGLAGGGNEQFF	589	2
CASSFGQGNTGELFF	443	9
CASSSGTAQGNTIYF	660	2
CASSFGVTYEQYF	5	2830
CASSLGLVTEAFF	5	2830
CASSLQIGNTDTQYF	5	2830
CASSLGTTGDGYTF	23	254
CASSAGQGAGSPLHF	659	2
CSGRDYTEAFF	195	2
CASSHTGPQPQHF	3	166
CSARRDRGIYEQYF	615	2
CASSLWGTNEKLFF	72	19
CASTPGQGGSPLHF	171	2
CASSLERFYEQYF	5	2830
CASSLEWNEQFF	439	2
CASMGLGPSYEQYF	5	2830
CASSEGGDNEQFF	655	2
CASSQDDTTYEQYF	126	2
CASSLIQGDGYTF	23	254
CASSEQGTGTGELFF	5	2830
CASSQGPGTGELFF	5	2830
CASSERTGGGYEQYF	586	2
CASSLVGGAGYGYTF	375	2
CASSLGTGFNEQYF	198	2
CASSAGYNYGYTF	27	2
CASSIGRGTEAFF	329	2
CASSSISGNTIYF	147	2
CASSWTANTEAFF	5	2830
CAAGTVNTGELFF	545	2
CASSLSFAGGTDTQYF	320	2
CASSSPGGMETQYF	149	5
CASSQKTVNTEAFF	5	2830
CASSWAGGNSPLHF	540	2
CASSPVGGGTQYF	5	2830
CASSQLGLAGDEQFF	138	2
CASSLAPNQETQYF	522	2
CASSAGTGMNQPQHF	601	2
CASSLALAGTYNEQFF	645	2
CASSMTSVSYEQYF	5	2830
CASSPWGAGELFF	521	7
CASSGAPTDTQYF	5	2830
CASSPDEQETQYF	652	2
CASSGGAQSSYEQYF	5	2830
CASTRTGNTEAFF	661	2
CSARGTVSYEQYF	204	2
CASSLDGTLDEQYF	406	2
CASSPPGGGNTEAFF	5	2830
CASSQALSYEQYF	5	2830
CASSLNGGHGYTF	23	254
CASSLQGGQPQHF	3	166
CASSEPGEETQYF	5	2830
CASSLGPGKGYTF	23	254
CASSLLGRETQYF	476	2
CSVGGGDSYEQYF	662	2
CASSEGTTSTDTQYF	663	2
CASSHWGDQETQYF	656	2
CASSLGTGYQETQYF	5	2830
CASSSHSGTGGYEQYF	387	7
CASSSSGTGDYEQYF	387	7
CASSLEALNYGYTF	605	2
CASTLITGELFF	5	2830
CASSEGGGSTDTQYF	222	4
CASSPTDSIQETQYF	196	2
CASSITSGSYNEQFF	5	2830
CASSGESSYEQYF	274	2
CASSVDDYGYTF	23	254
CASSPGVGTYNEQFF	5	2830
CASSQRAGELFF	378	2
CASSFQGGITDTQYF	5	2830
CASSPRAGAYEQYF	229	2
CASRGLETQYF	17	3
CASSSGTATGNTIYF	660	2
CASSLETANTEAFF	5	2830
CASSRGTSGGNEQFF	470	2
CASSYVPGELFF	664	2
CASSIDWPGVIYGYTF	503	2
CASSLGRTNQPQHF	67	2
CASALGLYNEQFF	5	2830
CASSIGTGEYEQYF	5	2830
CASSPHVNQPQHF	3	166
CASSLSQGPYNEQFF	5	2830
CASSVSQGYNEQFF	5	2830
CASSILAGESTDTQYF	5	2830
CSARDRSSYNEQFF	332	2
CASSLGFLTEAFF	5	2830
CASSQDSSSYNEQFF	127	4
CASSMGLADNEQFF	455	3
CASILGLNTEAFF	5	2830
CASSLGNLNTEAFF	5	2830
CASSPQGNIQYF	5	2830
CASSLGYPANEQFF	199	2
CASSQDQGGTEAFF	5	2830
CSARGQGLEQYF	348	5
CASSSDLYGYTF	23	254
CASSLKASYNEQFF	5	2830
CASSVGSEAFF	5	2830
CASSLYGGDEQYF	5	2830
CASSYGTGGTYEQYF	5	2830
CASSYGTDGYTF	23	254
CASSQGVSSYEQYF	527	2
CASSSTGGNSPLHF	299	8
CASSLTGGGNSPLHF	299	8
CASSGRGDTQYF	466	2
CASGRLDEQFF	8	2
CASSLAPSGEQFF	5	2830
CASSLANSNEQFF	5	2830
CASSQDRGTSSYEQYF	599	2
CASEGTSGYEQYF	510	2
CASSPTGPTYEQYF	5	2830
CASSVRGFSGNTIYF	618	2
CASSRGGDYNEQFF	5	2830
CASSPGTGVGNEQFF	579	4
CASSLARGTTGELFF	5	2830
CSARNTGELFF	180	3
CSAIFTGELFF	180	3
CASSPGPAGVETQYF	642	2
CASSPKGAEETQYF	338	2
CASSDGTGGQPQHF	3	166
CASSSRGGGLETQYF	208	2
CASSFTGRNQPQHF	3	166
CASSEGGRNQPQHF	3	166
CASSLGHNTGELFF	210	6
CSVARMNTEAFF	445	2
CASSQEGDPNYGYTF	427	2
CASSPTGENQPQHF	3	166
CASSETGSNQPQHF	3	166
CASSASSGAEQFF	612	2
CASRTENYGYTF	453	2
CASSSEGLTYEQYF	657	2
CASSLLSYYEQYF	5	2830
CASSVQAGGYGYTF	164	3
CASSVAGGSYGYTF	164	3
CASSELGRGLYEQYF	5	2830
CASSDGLASSYEQYF	5	2830
CASSGAPYNEQFF	5	2830
CASSQGLGGPETQYF	544	2
CASSFSTSGANVLTF	622	2
CASSQARGWTEAFF	577	2
CASGTSGTDTQYF	398	4
CASSGTGGPEAFF	489	3
CASSYGTGGEAFF	489	3
CASSTNRNTEAFF	5	2830
CASSLNLGNTIYF	112	18
CASSTGDETQYF	5	2830
CASSSAGEDEQYF	456	2
CASSQVEGLETQYF	428	2
CASSPSSGSYNEQFF	5	2830
CASSLAGLLDTQYF	5	2830
CASSQGGGNGYTF	585	2
CASSTPGQGQETQYF	157	2
CSARDLGQNTEAFF	654	2
CASSQDVGAAYEQYF	617	2
CASSSGAVTYEQYF	5	2830
CASTGVGSYEQYF	221	2
CASSLGQGPNYGYTF	23	254
CASSPPSGLTDTQYF	341	2
CASSGQNEKLFF	602	2
CASSSSGGPSYNEQFF	293	4
CASSLDHEQFF	5	2830
CASSPDSTSYEQYF	5	2830
CATSDRTSGVNEQFF	561	3
CATSDRTSPYNEQFF	561	3
CASSPRPGAGELFF	521	7
CASSQTSGGSYEQYF	5	2830
CAISEPGSSYNEQFF	571	2
CASSTGTTSTDTQYF	663	2
CASSEYRGQPQHF	528	2
CASSLFLGTEAFF	5	2830
CASSFRGGTDTQYF	520	2
CASSISEYNEQFF	53	2
CASSAGSGNYGYTF	23	254
CASSLLGGYTF	324	2
CASSRRLAGYYEQYF	143	2
CASSATEAFF	5	2830
CASSAGGYEQFF	5	2830
CASSYVGGADTQYF	5	2830
CASSQVAGYGYTF	623	2
CASSLAEGLGETQYF	263	2
CASSQGGQNTGELFF	443	9
CASSQDRGHEQYF	5	2830
CSVGTSDTGELFF	312	2
CASSSYLSYEQYF	5	2830
CASSDGGATGELFF	5	2830
CASSQDRDYNEQFF	447	2
CASSLLGVNSPLHF	299	8
CASRKDTQYF	651	2
CASSVQGVLNTEAFF	165	2
CASSQAELTEAFF	220	4
CASSESWGGSYEQYF	590	2
CASSQDGESSYNEQFF	127	4
CASSLPTGEQFF	5	2830
CASSYSETSGDTQYF	188	2
CASSSETGLDYGYTF	366	2
CASSYLVGSSYEQYF	269	2
CASSLIAGGGDTQYF	5	2830
CAISESRSSYEQYF	464	2
CASSLAPPSSYNEQFF	624	2
CASSVGDRTVEQYF	5	2830
CASSAGLGANYGYTF	638	3
CASSVALGANYGYTF	638	3
CSVGGGHSYEQYF	662	2
CASSYPGNEQYF	584	2
CASTWTGNTEAFF	661	2
CASSLAGPRYNEQFF	5	2830
CASSYRENTGELFF	648	2
CASSFYSGGDTQYF	314	2
CASSLGPELFF	5	2830
CASSILGGELFF	5	2830
CASSQAPGAYEQYF	5	2830
CASSQAVGNEQFF	5	2830
CSARSGTGELFF	182	2
CASSQPGLAGDTQYF	214	4
CASSYSSVQPQHF	653	2
CASSFRRGSYNEQFF	5	2830
CASSFRGGYNEQFF	5	2830
CASNGGREQYF	582	2
CASSLSLAGVNEQFF	213	2
CASSYAVPGELFF	664	2
CSAPWTGGTYEQYF	630	2
CASSFSSGSYEQYF	396	5
CASSYRSSGSYEQYF	396	5
CASSLLGQGDHEQYF	75	2
CASSMGGSTYEQYF	5	2830
CASSYSRQETQYF	600	2
CASSLATINEKLFF	72	19
CASSQVRDGDYGYTF	23	254
CASSRTGAYEQYF	5	2830
CASSLRLAEETQYF	5	2830
CASSDGRSYEQYF	533	2
CASSPALGSTEAFF	493	2
CATSDPGTGGEETQYF	633	2
CASSSGTGGSNQPQHF	3	166
CASSLPTGPNEKLFF	594	2
CASSLGRTGEQYF	5	2830
CASSKGQGPNTEAFF	5	2830
CASSHPGGGTEAFF	5	2830
CASSSGGGAFF	468	2
CASSQMGVDTQYF	5	2830
CASSLGTSGAQETQYF	552	2
CASNPSSTDTQYF	11	2
CASSQAGVTDTQYF	5	2830
CSVRDMNTEAFF	241	2
CASSWGDGDTEAFF	5	2830
CASSQRTGEETQYF	613	2
CASSLTGQGSYNEQFF	5	2830
CASSLDPGQGSYNEQFF	5	2830
CASSELGGAGTEAFF	5	2830
CASSLGGNFYEQYF	5	2830
CASSMGLAPTYEQYF	556	2
CASSFYPGSNQPQHF	3	166
CSARGGETQYF	641	2
CASSARDRGLYEQYF	5	2830
CASSPRTPYNEQFF	122	4
CASSFGGLGNTIYF	658	2
CASSLGTAHQETQYF	218	2
CASATGLAEETQYF	567	2
CASSGGSDTGELFF	5	2830
CASSQRHNEQFF	5	2830
CASSYQPNTEAFF	515	2
CASSVAGSIYEQYF	5	2830
CASSQDPGLAGVGDTQYF	519	2
CASSLRGGGSPLHF	84	2
CASSQDRGLPYGYTF	563	2
CASSLDGEGYEQYF	429	2
CASSQELAGTQYF	239	2
CASGASSYNEQFF	233	6
CASRAGGSYEQYF	5	2830
CASSDQGTTGELFF	5	2830
CATSASSYNEQFF	233	6
CASSQDGDSYEQYF	5	2830
CSVERGNEQFF	281	2
CASTLAGGNNEQFF	391	2
CASRHAGDTGELFF	461	2
