index,pattern,Fisher_score,number_subject, number_unique_cdr3,final_score,hla_score,vb_score,expansion_score,length_score,cluster_size_score,type,TcRb,V,J,TcRa,Sample,Freq,HLA-A,HLA-B,HLA-C,HLA-DPA1,HLA-DPB1,HLA-DQA1,HLA-DQB1,HLA-DRB1,HLA-DRB3,HLA-DRB4,HLA-DRB5
1,SIRS,3.6e-38,1,28,1.2e-13,1.0e+00,1.0e-03,3.0e-03,1.0e-03,4.0e-05,motif-IRS motif-SIRS,CASSIRSDDIQYF,TRBV19,TRBJ2-4,NA,Donor1:healthy,1.000000,-,-,-,-,-,-,-,-,-,-,-
1,SIRS,3.6e-38,1,28,1.2e-13,1.0e+00,1.0e-03,3.0e-03,1.0e-03,4.0e-05,motif-IRS motif-SIRS,CASSIRSQDTQYF,TRBV19,TRBJ2-3,NA,Donor1:healthy,2.000000,-,-,-,-,-,-,-,-,-,-,-
1,SIRS,3.6e-38,1,28,1.2e-13,1.0e+00,1.0e-03,3.0e-03,1.0e-03,4.0e-05,motif-IRS motif-SIRS,CASSIRSLDTQYF,TRBV19,TRBJ2-3,NA,Donor1:healthy,1.000000,-,-,-,-,-,-,-,-,-,-,-
1,SIRS,3.6e-38,1,28,1.2e-13,1.0e+00,1.0e-03,3.0e-03,1.0e-03,4.0e-05,motif-IRS motif-SIRS,CASSIRSVHEQFF,TRBV19,TRBJ2-1,NA,Donor1:healthy,1.000000,-,-,-,-,-,-,-,-,-,-,-
1,SIRS,3.6e-38,1,28,1.2e-13,1.0e+00,1.0e-03,3.0e-03,1.0e-03,4.0e-05,motif-IRS motif-SIRS,CASSIRSSNEQFF,TRBV19,TRBJ2-1,NA,Donor1:healthy,1.000000,-,-,-,-,-,-,-,-,-,-,-
1,SIRS,3.6e-38,1,28,1.2e-13,1.0e+00,1.0e-03,3.0e-03,1.0e-03,4.0e-05,motif-IRS motif-SIRS,CASSIRSSETQYF,TRBV19,TRBJ2-5,NA,Donor1:healthy,3.000000,-,-,-,-,-,-,-,-,-,-,-
1,SIRS,3.6e-38,1,28,1.2e-13,1.0e+00,1.0e-03,3.0e-03,1.0e-03,4.0e-05,motif-IRS motif-SIRS,CASSIRSGDTQYF,TRBV19,TRBJ2-3,NA,Donor1:healthy,2.000000,-,-,-,-,-,-,-,-,-,-,-
1,SIRS,3.6e-38,1,28,1.2e-13,1.0e+00,1.0e-03,3.0e-03,1.0e-03,4.0e-05,motif-IRS motif-SIRS,CASSIRSTDTQYF,TRBV19,TRBJ2-3,NA,Donor1:healthy,8.000000,-,-,-,-,-,-,-,-,-,-,-
1,SIRS,3.6e-38,1,28,1.2e-13,1.0e+00,1.0e-03,3.0e-03,1.0e-03,4.0e-05,motif-IRS motif-SIRS,CASSIRSSYEQFF,TRBV19,TRBJ2-1,NA,Donor1:healthy,4.000000,-,-,-,-,-,-,-,-,-,-,-
1,SIRS,3.6e-38,1,28,1.2e-13,1.0e+00,1.0e-03,3.0e-03,1.0e-03,4.0e-05,motif-IRS motif-SIRS,CASSIRSGESRAFF,TRBV19,TRBJ1-1,NA,Donor1:healthy,25.000000,-,-,-,-,-,-,-,-,-,-,-
1,SIRS,3.6e-38,1,28,1.2e-13,1.0e+00,1.0e-03,3.0e-03,1.0e-03,4.0e-05,motif-IRS motif-SIRS,CASSIRSSYEQYF,TRBV19,TRBJ2-7,NA,Donor1:healthy,795.000000,-,-,-,-,-,-,-,-,-,-,-
1,SIRS,3.6e-38,1,28,1.2e-13,1.0e+00,1.0e-03,3.0e-03,1.0e-03,4.0e-05,motif-IRS motif-SIRS,CASSIRSAYEQYF,TRBV19,TRBJ2-7,NA,Donor1:healthy,172.000000,-,-,-,-,-,-,-,-,-,-,-
1,SIRS,3.6e-38,1,28,1.2e-13,1.0e+00,1.0e-03,3.0e-03,1.0e-03,4.0e-05,motif-IRS motif-SIRS,CASSIRSNYEQYF,TRBV19,TRBJ2-7,NA,Donor1:healthy,1.000000,-,-,-,-,-,-,-,-,-,-,-
1,SIRS,3.6e-38,1,28,1.2e-13,1.0e+00,1.0e-03,3.0e-03,1.0e-03,4.0e-05,motif-IRS motif-SIRS,CASSIRSNQPQHF,TRBV19,TRBJ1-5,NA,Donor1:healthy,2.000000,-,-,-,-,-,-,-,-,-,-,-
1,SIRS,3.6e-38,1,28,1.2e-13,1.0e+00,1.0e-03,3.0e-03,1.0e-03,4.0e-05,motif-IRS motif-SIRS,CASSIRSQETQYF,TRBV19,TRBJ2-5,NA,Donor1:healthy,47.000000,-,-,-,-,-,-,-,-,-,-,-
1,SIRS,3.6e-38,1,28,1.2e-13,1.0e+00,1.0e-03,3.0e-03,1.0e-03,4.0e-05,motif-IRS motif-SIRS,CASSIRSNTEAFF,TRBV19,TRBJ1-1,NA,Donor1:healthy,1.000000,-,-,-,-,-,-,-,-,-,-,-
1,SIRS,3.6e-38,1,28,1.2e-13,1.0e+00,1.0e-03,3.0e-03,1.0e-03,4.0e-05,motif-IRS motif-SIRS,CASSIRSAWEQFF,TRBV19,TRBJ2-1,NA,Donor1:healthy,6.000000,-,-,-,-,-,-,-,-,-,-,-
1,SIRS,3.6e-38,1,28,1.2e-13,1.0e+00,1.0e-03,3.0e-03,1.0e-03,4.0e-05,motif-IRS motif-SIRS,CASSIRSGETQYF,TRBV19,TRBJ2-5,NA,Donor1:healthy,3.000000,-,-,-,-,-,-,-,-,-,-,-
1,SIRS,3.6e-38,1,28,1.2e-13,1.0e+00,1.0e-03,3.0e-03,1.0e-03,4.0e-05,motif-IRS motif-SIRS,CASSIRSTETQYF,TRBV19,TRBJ2-5,NA,Donor1:healthy,1.000000,-,-,-,-,-,-,-,-,-,-,-
1,SIRS,3.6e-38,1,28,1.2e-13,1.0e+00,1.0e-03,3.0e-03,1.0e-03,4.0e-05,motif-IRS motif-SIRS,CASSIRSGNEQYF,TRBV19,TRBJ2-7,NA,Donor1:healthy,4.000000,-,-,-,-,-,-,-,-,-,-,-
1,SIRS,3.6e-38,1,28,1.2e-13,1.0e+00,1.0e-03,3.0e-03,1.0e-03,4.0e-05,motif-IRS motif-SIRS,CASSIRSGYEQFF,TRBV19,TRBJ2-1,NA,Donor1:healthy,15.000000,-,-,-,-,-,-,-,-,-,-,-
1,SIRS,3.6e-38,1,28,1.2e-13,1.0e+00,1.0e-03,3.0e-03,1.0e-03,4.0e-05,motif-IRS motif-SIRS,CASSIRSAYTQYF,TRBV19,TRBJ2-3,NA,Donor1:healthy,1.000000,-,-,-,-,-,-,-,-,-,-,-
1,SIRS,3.6e-38,1,28,1.2e-13,1.0e+00,1.0e-03,3.0e-03,1.0e-03,4.0e-05,motif-IRS motif-SIRS,CASSIRSGYEQYF,TRBV19,TRBJ2-7,NA,Donor1:healthy,4.000000,-,-,-,-,-,-,-,-,-,-,-
1,SIRS,3.6e-38,1,28,1.2e-13,1.0e+00,1.0e-03,3.0e-03,1.0e-03,4.0e-05,motif-IRS motif-SIRS,CASSIRSTYEQYF,TRBV19,TRBJ2-7,NA,Donor1:healthy,4.000000,-,-,-,-,-,-,-,-,-,-,-
1,SIRS,3.6e-38,1,28,1.2e-13,1.0e+00,1.0e-03,3.0e-03,1.0e-03,4.0e-05,motif-IRS motif-SIRS,CASSIRSTGELFF,TRBV19,TRBJ2-2,NA,Donor1:healthy,11.000000,-,-,-,-,-,-,-,-,-,-,-
1,SIRS,3.6e-38,1,28,1.2e-13,1.0e+00,1.0e-03,3.0e-03,1.0e-03,4.0e-05,motif-IRS motif-SIRS,CASSIRSDEKLFF,TRBV19,TRBJ1-4,NA,Donor1:healthy,6.000000,-,-,-,-,-,-,-,-,-,-,-
1,SIRS,3.6e-38,1,28,1.2e-13,1.0e+00,1.0e-03,3.0e-03,1.0e-03,4.0e-05,motif-IRS motif-SIRS,CASSIRSGTEAFF,TRBV19,TRBJ1-1,NA,Donor1:healthy,16.000000,-,-,-,-,-,-,-,-,-,-,-
1,SIRS,3.6e-38,1,28,1.2e-13,1.0e+00,1.0e-03,3.0e-03,1.0e-03,4.0e-05,motif-IRS motif-SIRS,CASSIRSADTQYF,TRBV19,TRBJ2-3,NA,Donor1:healthy,1.000000,-,-,-,-,-,-,-,-,-,-,-

2,IRS,1.9e-18,1,29,6.4e-13,1.0e+00,1.0e-03,8.0e-03,2.0e-03,4.0e-05,motif-IRS,CASSIRSDDIQYF,TRBV19,TRBJ2-4,NA,Donor1:healthy,1.000000,-,-,-,-,-,-,-,-,-,-,-
2,IRS,1.9e-18,1,29,6.4e-13,1.0e+00,1.0e-03,8.0e-03,2.0e-03,4.0e-05,motif-IRS,CASSIRSQDTQYF,TRBV19,TRBJ2-3,NA,Donor1:healthy,2.000000,-,-,-,-,-,-,-,-,-,-,-
2,IRS,1.9e-18,1,29,6.4e-13,1.0e+00,1.0e-03,8.0e-03,2.0e-03,4.0e-05,motif-IRS,CASSIRSLDTQYF,TRBV19,TRBJ2-3,NA,Donor1:healthy,1.000000,-,-,-,-,-,-,-,-,-,-,-
2,IRS,1.9e-18,1,29,6.4e-13,1.0e+00,1.0e-03,8.0e-03,2.0e-03,4.0e-05,motif-IRS,CASSIRSVHEQFF,TRBV19,TRBJ2-1,NA,Donor1:healthy,1.000000,-,-,-,-,-,-,-,-,-,-,-
2,IRS,1.9e-18,1,29,6.4e-13,1.0e+00,1.0e-03,8.0e-03,2.0e-03,4.0e-05,motif-IRS,CASSIRSSNEQFF,TRBV19,TRBJ2-1,NA,Donor1:healthy,1.000000,-,-,-,-,-,-,-,-,-,-,-
2,IRS,1.9e-18,1,29,6.4e-13,1.0e+00,1.0e-03,8.0e-03,2.0e-03,4.0e-05,motif-IRS,CASSIRSSETQYF,TRBV19,TRBJ2-5,NA,Donor1:healthy,3.000000,-,-,-,-,-,-,-,-,-,-,-
2,IRS,1.9e-18,1,29,6.4e-13,1.0e+00,1.0e-03,8.0e-03,2.0e-03,4.0e-05,motif-IRS,CASSIRSGDTQYF,TRBV19,TRBJ2-3,NA,Donor1:healthy,2.000000,-,-,-,-,-,-,-,-,-,-,-
2,IRS,1.9e-18,1,29,6.4e-13,1.0e+00,1.0e-03,8.0e-03,2.0e-03,4.0e-05,motif-IRS,CASSIRSTDTQYF,TRBV19,TRBJ2-3,NA,Donor1:healthy,8.000000,-,-,-,-,-,-,-,-,-,-,-
2,IRS,1.9e-18,1,29,6.4e-13,1.0e+00,1.0e-03,8.0e-03,2.0e-03,4.0e-05,motif-IRS,CASSIRSSYEQFF,TRBV19,TRBJ2-1,NA,Donor1:healthy,4.000000,-,-,-,-,-,-,-,-,-,-,-
2,IRS,1.9e-18,1,29,6.4e-13,1.0e+00,1.0e-03,8.0e-03,2.0e-03,4.0e-05,motif-IRS,CASSIRSGESRAFF,TRBV19,TRBJ1-1,NA,Donor1:healthy,25.000000,-,-,-,-,-,-,-,-,-,-,-
2,IRS,1.9e-18,1,29,6.4e-13,1.0e+00,1.0e-03,8.0e-03,2.0e-03,4.0e-05,motif-IRS,CASSIRSSYEQYF,TRBV19,TRBJ2-7,NA,Donor1:healthy,795.000000,-,-,-,-,-,-,-,-,-,-,-
2,IRS,1.9e-18,1,29,6.4e-13,1.0e+00,1.0e-03,8.0e-03,2.0e-03,4.0e-05,motif-IRS,CASSIRSAYEQYF,TRBV19,TRBJ2-7,NA,Donor1:healthy,172.000000,-,-,-,-,-,-,-,-,-,-,-
2,IRS,1.9e-18,1,29,6.4e-13,1.0e+00,1.0e-03,8.0e-03,2.0e-03,4.0e-05,motif-IRS,CASSIRSNYEQYF,TRBV19,TRBJ2-7,NA,Donor1:healthy,1.000000,-,-,-,-,-,-,-,-,-,-,-
2,IRS,1.9e-18,1,29,6.4e-13,1.0e+00,1.0e-03,8.0e-03,2.0e-03,4.0e-05,motif-IRS,CASSIRSNQPQHF,TRBV19,TRBJ1-5,NA,Donor1:healthy,2.000000,-,-,-,-,-,-,-,-,-,-,-
2,IRS,1.9e-18,1,29,6.4e-13,1.0e+00,1.0e-03,8.0e-03,2.0e-03,4.0e-05,motif-IRS,CASSIRSQETQYF,TRBV19,TRBJ2-5,NA,Donor1:healthy,47.000000,-,-,-,-,-,-,-,-,-,-,-
2,IRS,1.9e-18,1,29,6.4e-13,1.0e+00,1.0e-03,8.0e-03,2.0e-03,4.0e-05,motif-IRS,CASSIRSNTEAFF,TRBV19,TRBJ1-1,NA,Donor1:healthy,1.000000,-,-,-,-,-,-,-,-,-,-,-
2,IRS,1.9e-18,1,29,6.4e-13,1.0e+00,1.0e-03,8.0e-03,2.0e-03,4.0e-05,motif-IRS,CASSIRSAWEQFF,TRBV19,TRBJ2-1,NA,Donor1:healthy,6.000000,-,-,-,-,-,-,-,-,-,-,-
2,IRS,1.9e-18,1,29,6.4e-13,1.0e+00,1.0e-03,8.0e-03,2.0e-03,4.0e-05,motif-IRS,CASSIRSGETQYF,TRBV19,TRBJ2-5,NA,Donor1:healthy,3.000000,-,-,-,-,-,-,-,-,-,-,-
2,IRS,1.9e-18,1,29,6.4e-13,1.0e+00,1.0e-03,8.0e-03,2.0e-03,4.0e-05,motif-IRS,CASSIRSTETQYF,TRBV19,TRBJ2-5,NA,Donor1:healthy,1.000000,-,-,-,-,-,-,-,-,-,-,-
2,IRS,1.9e-18,1,29,6.4e-13,1.0e+00,1.0e-03,8.0e-03,2.0e-03,4.0e-05,motif-IRS,CASSIRSGNEQYF,TRBV19,TRBJ2-7,NA,Donor1:healthy,4.000000,-,-,-,-,-,-,-,-,-,-,-
2,IRS,1.9e-18,1,29,6.4e-13,1.0e+00,1.0e-03,8.0e-03,2.0e-03,4.0e-05,motif-IRS,CASSIRSGYEQFF,TRBV19,TRBJ2-1,NA,Donor1:healthy,15.000000,-,-,-,-,-,-,-,-,-,-,-
2,IRS,1.9e-18,1,29,6.4e-13,1.0e+00,1.0e-03,8.0e-03,2.0e-03,4.0e-05,motif-IRS,CASSIRSAYTQYF,TRBV19,TRBJ2-3,NA,Donor1:healthy,1.000000,-,-,-,-,-,-,-,-,-,-,-
2,IRS,1.9e-18,1,29,6.4e-13,1.0e+00,1.0e-03,8.0e-03,2.0e-03,4.0e-05,motif-IRS,CASSIRSGYEQYF,TRBV19,TRBJ2-7,NA,Donor1:healthy,4.000000,-,-,-,-,-,-,-,-,-,-,-
2,IRS,1.9e-18,1,29,6.4e-13,1.0e+00,1.0e-03,8.0e-03,2.0e-03,4.0e-05,motif-IRS,CASSIRSTYEQYF,TRBV19,TRBJ2-7,NA,Donor1:healthy,4.000000,-,-,-,-,-,-,-,-,-,-,-
2,IRS,1.9e-18,1,29,6.4e-13,1.0e+00,1.0e-03,8.0e-03,2.0e-03,4.0e-05,motif-IRS,CASSIRSTGELFF,TRBV19,TRBJ2-2,NA,Donor1:healthy,11.000000,-,-,-,-,-,-,-,-,-,-,-
2,IRS,1.9e-18,1,29,6.4e-13,1.0e+00,1.0e-03,8.0e-03,2.0e-03,4.0e-05,motif-IRS,CASSIRSDEKLFF,TRBV19,TRBJ1-4,NA,Donor1:healthy,6.000000,-,-,-,-,-,-,-,-,-,-,-
2,IRS,1.9e-18,1,29,6.4e-13,1.0e+00,1.0e-03,8.0e-03,2.0e-03,4.0e-05,motif-IRS,CSARIRSPLHF,TRBV20-1,TRBJ1-6,NA,Donor1:healthy,2.000000,-,-,-,-,-,-,-,-,-,-,-
2,IRS,1.9e-18,1,29,6.4e-13,1.0e+00,1.0e-03,8.0e-03,2.0e-03,4.0e-05,motif-IRS,CASSIRSGTEAFF,TRBV19,TRBJ1-1,NA,Donor1:healthy,16.000000,-,-,-,-,-,-,-,-,-,-,-
2,IRS,1.9e-18,1,29,6.4e-13,1.0e+00,1.0e-03,8.0e-03,2.0e-03,4.0e-05,motif-IRS,CASSIRSADTQYF,TRBV19,TRBJ2-3,NA,Donor1:healthy,1.000000,-,-,-,-,-,-,-,-,-,-,-

3,S%RSTGE,7.0e-13,1,9,1.0e-11,1.0e+00,1.0e-03,2.2e-02,1.0e-03,4.8e-04,global-S%RSTGE,CASSIRSTGELFF,TRBV19,TRBJ2-2,NA,Donor1:healthy,11.000000,-,-,-,-,-,-,-,-,-,-,-
3,S%RSTGE,7.0e-13,1,9,1.0e-11,1.0e+00,1.0e-03,2.2e-02,1.0e-03,4.8e-04,global-S%RSTGE,CASSSRSTGELFF,TRBV19,TRBJ2-2,NA,Donor1:healthy,3.000000,-,-,-,-,-,-,-,-,-,-,-
3,S%RSTGE,7.0e-13,1,9,1.0e-11,1.0e+00,1.0e-03,2.2e-02,1.0e-03,4.8e-04,global-S%RSTGE,CASSKRSTGELFF,TRBV19,TRBJ2-2,NA,Donor1:healthy,1.000000,-,-,-,-,-,-,-,-,-,-,-
3,S%RSTGE,7.0e-13,1,9,1.0e-11,1.0e+00,1.0e-03,2.2e-02,1.0e-03,4.8e-04,global-S%RSTGE,CASSGRSTGELFF,TRBV19,TRBJ2-2,NA,Donor1:healthy,28.000000,-,-,-,-,-,-,-,-,-,-,-
3,S%RSTGE,7.0e-13,1,9,1.0e-11,1.0e+00,1.0e-03,2.2e-02,1.0e-03,4.8e-04,global-S%RSTGE,CASSQRSTGELFF,TRBV19,TRBJ2-2,NA,Donor1:healthy,3.000000,-,-,-,-,-,-,-,-,-,-,-
3,S%RSTGE,7.0e-13,1,9,1.0e-11,1.0e+00,1.0e-03,2.2e-02,1.0e-03,4.8e-04,global-S%RSTGE,CASSTRSTGELFF,TRBV19,TRBJ2-2,NA,Donor1:healthy,2.000000,-,-,-,-,-,-,-,-,-,-,-
3,S%RSTGE,7.0e-13,1,9,1.0e-11,1.0e+00,1.0e-03,2.2e-02,1.0e-03,4.8e-04,global-S%RSTGE,CASSARSTGELFF,TRBV19,TRBJ2-2,NA,Donor1:healthy,1.000000,-,-,-,-,-,-,-,-,-,-,-
3,S%RSTGE,7.0e-13,1,9,1.0e-11,1.0e+00,1.0e-03,2.2e-02,1.0e-03,4.8e-04,global-S%RSTGE,CASSVRSTGELFF,TRBV19,TRBJ2-2,NA,Donor1:healthy,20.000000,-,-,-,-,-,-,-,-,-,-,-
3,S%RSTGE,7.0e-13,1,9,1.0e-11,1.0e+00,1.0e-03,2.2e-02,1.0e-03,4.8e-04,global-S%RSTGE,CASSMRSTGELFF,TRBV19,TRBJ2-2,NA,Donor1:healthy,2.000000,-,-,-,-,-,-,-,-,-,-,-

4,S%RSSYE,1.8e-12,1,11,7.2e-13,1.0e+00,1.0e-03,3.0e-03,1.0e-03,2.4e-04,global-S%RSSYE,CASSIRSSYEQFF,TRBV19,TRBJ2-1,NA,Donor1:healthy,4.000000,-,-,-,-,-,-,-,-,-,-,-
4,S%RSSYE,1.8e-12,1,11,7.2e-13,1.0e+00,1.0e-03,3.0e-03,1.0e-03,2.4e-04,global-S%RSSYE,CASSIRSSYEQYF,TRBV19,TRBJ2-7,NA,Donor1:healthy,795.000000,-,-,-,-,-,-,-,-,-,-,-
4,S%RSSYE,1.8e-12,1,11,7.2e-13,1.0e+00,1.0e-03,3.0e-03,1.0e-03,2.4e-04,global-S%RSSYE,CASSLRSSYEQYF,TRBV19,TRBJ2-7,NA,Donor1:healthy,4.000000,-,-,-,-,-,-,-,-,-,-,-
4,S%RSSYE,1.8e-12,1,11,7.2e-13,1.0e+00,1.0e-03,3.0e-03,1.0e-03,2.4e-04,global-S%RSSYE,CASSHRSSYEQYF,TRBV19,TRBJ2-7,NA,Donor1:healthy,1.000000,-,-,-,-,-,-,-,-,-,-,-
4,S%RSSYE,1.8e-12,1,11,7.2e-13,1.0e+00,1.0e-03,3.0e-03,1.0e-03,2.4e-04,global-S%RSSYE,CASSSRSSYEQYF,TRBV19,TRBJ2-7,NA,Donor1:healthy,2.000000,-,-,-,-,-,-,-,-,-,-,-
4,S%RSSYE,1.8e-12,1,11,7.2e-13,1.0e+00,1.0e-03,3.0e-03,1.0e-03,2.4e-04,global-S%RSSYE,CASSVRSSYEQYF,TRBV19,TRBJ2-7,NA,Donor1:healthy,140.000000,-,-,-,-,-,-,-,-,-,-,-
4,S%RSSYE,1.8e-12,1,11,7.2e-13,1.0e+00,1.0e-03,3.0e-03,1.0e-03,2.4e-04,global-S%RSSYE,CASSTRSSYEQYF,TRBV19,TRBJ2-7,NA,Donor1:healthy,21.000000,-,-,-,-,-,-,-,-,-,-,-
4,S%RSSYE,1.8e-12,1,11,7.2e-13,1.0e+00,1.0e-03,3.0e-03,1.0e-03,2.4e-04,global-S%RSSYE,CASSARSSYEQYF,TRBV19,TRBJ2-7,NA,Donor1:healthy,1.000000,-,-,-,-,-,-,-,-,-,-,-
4,S%RSSYE,1.8e-12,1,11,7.2e-13,1.0e+00,1.0e-03,3.0e-03,1.0e-03,2.4e-04,global-S%RSSYE,CASSQRSSYEQYF,TRBV19,TRBJ2-7,NA,Donor1:healthy,3.000000,-,-,-,-,-,-,-,-,-,-,-
4,S%RSSYE,1.8e-12,1,11,7.2e-13,1.0e+00,1.0e-03,3.0e-03,1.0e-03,2.4e-04,global-S%RSSYE,CASSFRSSYEQYF,TRBV19,TRBJ2-7,NA,Donor1:healthy,10.000000,-,-,-,-,-,-,-,-,-,-,-
4,S%RSSYE,1.8e-12,1,11,7.2e-13,1.0e+00,1.0e-03,3.0e-03,1.0e-03,2.4e-04,global-S%RSSYE,CASSMRSSYEQYF,TRBV19,TRBJ2-7,NA,Donor1:healthy,2.000000,-,-,-,-,-,-,-,-,-,-,-

5,SIRS%YE,3.1e-12,1,7,3.4e-12,1.0e+00,1.0e-03,4.0e-03,1.0e-03,8.6e-04,motif-IRS motif-SIRS global-SIRS%YE,CASSIRSSYEQYF,TRBV19,TRBJ2-7,NA,Donor1:healthy,795.000000,-,-,-,-,-,-,-,-,-,-,-
5,SIRS%YE,3.1e-12,1,7,3.4e-12,1.0e+00,1.0e-03,4.0e-03,1.0e-03,8.6e-04,motif-IRS motif-SIRS global-SIRS%YE,CASSIRSSYEQFF,TRBV19,TRBJ2-1,NA,Donor1:healthy,4.000000,-,-,-,-,-,-,-,-,-,-,-
5,SIRS%YE,3.1e-12,1,7,3.4e-12,1.0e+00,1.0e-03,4.0e-03,1.0e-03,8.6e-04,motif-IRS motif-SIRS global-SIRS%YE,CASSIRSAYEQYF,TRBV19,TRBJ2-7,NA,Donor1:healthy,172.000000,-,-,-,-,-,-,-,-,-,-,-
5,SIRS%YE,3.1e-12,1,7,3.4e-12,1.0e+00,1.0e-03,4.0e-03,1.0e-03,8.6e-04,motif-IRS motif-SIRS global-SIRS%YE,CASSIRSNYEQYF,TRBV19,TRBJ2-7,NA,Donor1:healthy,1.000000,-,-,-,-,-,-,-,-,-,-,-
5,SIRS%YE,3.1e-12,1,7,3.4e-12,1.0e+00,1.0e-03,4.0e-03,1.0e-03,8.6e-04,motif-IRS motif-SIRS global-SIRS%YE,CASSIRSGYEQFF,TRBV19,TRBJ2-1,NA,Donor1:healthy,15.000000,-,-,-,-,-,-,-,-,-,-,-
5,SIRS%YE,3.1e-12,1,7,3.4e-12,1.0e+00,1.0e-03,4.0e-03,1.0e-03,8.6e-04,motif-IRS motif-SIRS global-SIRS%YE,CASSIRSGYEQYF,TRBV19,TRBJ2-7,NA,Donor1:healthy,4.000000,-,-,-,-,-,-,-,-,-,-,-
5,SIRS%YE,3.1e-12,1,7,3.4e-12,1.0e+00,1.0e-03,4.0e-03,1.0e-03,8.6e-04,motif-IRS motif-SIRS global-SIRS%YE,CASSIRSTYEQYF,TRBV19,TRBJ2-7,NA,Donor1:healthy,4.000000,-,-,-,-,-,-,-,-,-,-,-

6,SMRS,1.7e-08,1,6,1.0e-09,1.0e+00,1.0e-03,4.3e-02,2.0e-02,1.2e-03,motif-SMRS,CASSMRSSYEQYF,TRBV19,TRBJ2-7,NA,Donor1:healthy,2.000000,-,-,-,-,-,-,-,-,-,-,-
6,SMRS,1.7e-08,1,6,1.0e-09,1.0e+00,1.0e-03,4.3e-02,2.0e-02,1.2e-03,motif-SMRS,CASSMRSAYEQYF,TRBV19,TRBJ2-7,NA,Donor1:healthy,2.000000,-,-,-,-,-,-,-,-,-,-,-
6,SMRS,1.7e-08,1,6,1.0e-09,1.0e+00,1.0e-03,4.3e-02,2.0e-02,1.2e-03,motif-SMRS,CASSMRSGSEQFF,TRBV19,TRBJ2-1,NA,Donor1:healthy,8.000000,-,-,-,-,-,-,-,-,-,-,-
6,SMRS,1.7e-08,1,6,1.0e-09,1.0e+00,1.0e-03,4.3e-02,2.0e-02,1.2e-03,motif-SMRS,CASSMRSTNEQFF,TRBV19,TRBJ2-1,NA,Donor1:healthy,12.000000,-,-,-,-,-,-,-,-,-,-,-
6,SMRS,1.7e-08,1,6,1.0e-09,1.0e+00,1.0e-03,4.3e-02,2.0e-02,1.2e-03,motif-SMRS,CASSMRSTGELFF,TRBV19,TRBJ2-2,NA,Donor1:healthy,2.000000,-,-,-,-,-,-,-,-,-,-,-
6,SMRS,1.7e-08,1,6,1.0e-09,1.0e+00,1.0e-03,4.3e-02,2.0e-02,1.2e-03,motif-SMRS,CASSMRSGANVLTF,TRBV19,TRBJ2-6,NA,Donor1:healthy,2.000000,-,-,-,-,-,-,-,-,-,-,-

7,S%GSYG,2.6e-08,1,8,2.2e-11,1.0e+00,1.0e-03,2.6e-02,1.0e-03,8.3e-04,global-S%GSYG,CASSMGSYGYTF,TRBV19,TRBJ1-2,NA,Donor1:healthy,6.000000,-,-,-,-,-,-,-,-,-,-,-
7,S%GSYG,2.6e-08,1,8,2.2e-11,1.0e+00,1.0e-03,2.6e-02,1.0e-03,8.3e-04,global-S%GSYG,CASSFGSYGYTF,TRBV19,TRBJ1-2,NA,Donor1:healthy,1.000000,-,-,-,-,-,-,-,-,-,-,-
7,S%GSYG,2.6e-08,1,8,2.2e-11,1.0e+00,1.0e-03,2.6e-02,1.0e-03,8.3e-04,global-S%GSYG,CASSIGSYGYTF,TRBV19,TRBJ1-2,NA,Donor1:healthy,84.000000,-,-,-,-,-,-,-,-,-,-,-
7,S%GSYG,2.6e-08,1,8,2.2e-11,1.0e+00,1.0e-03,2.6e-02,1.0e-03,8.3e-04,global-S%GSYG,CASSLGSYGYTF,TRBV19,TRBJ1-2,NA,Donor1:healthy,1.000000,-,-,-,-,-,-,-,-,-,-,-
7,S%GSYG,2.6e-08,1,8,2.2e-11,1.0e+00,1.0e-03,2.6e-02,1.0e-03,8.3e-04,global-S%GSYG,CASSQGSYGYTF,TRBV19,TRBJ1-2,NA,Donor1:healthy,3.000000,-,-,-,-,-,-,-,-,-,-,-
7,S%GSYG,2.6e-08,1,8,2.2e-11,1.0e+00,1.0e-03,2.6e-02,1.0e-03,8.3e-04,global-S%GSYG,CASSTGSYGYTF,TRBV19,TRBJ1-2,NA,Donor1:healthy,3.000000,-,-,-,-,-,-,-,-,-,-,-
7,S%GSYG,2.6e-08,1,8,2.2e-11,1.0e+00,1.0e-03,2.6e-02,1.0e-03,8.3e-04,global-S%GSYG,CASSVGSYGYTF,TRBV19,TRBJ1-2,NA,Donor1:healthy,1.000000,-,-,-,-,-,-,-,-,-,-,-
7,S%GSYG,2.6e-08,1,8,2.2e-11,1.0e+00,1.0e-03,2.6e-02,1.0e-03,8.3e-04,global-S%GSYG,CASSAGSYGYTF,TRBV19,TRBJ1-2,NA,Donor1:healthy,2.000000,-,-,-,-,-,-,-,-,-,-,-

8,S%RSTDT,2.9e-08,1,6,9.7e-11,1.0e+00,1.0e-03,8.0e-02,1.0e-03,1.2e-03,global-S%RSTDT,CASSGRSTDTQYF,TRBV19,TRBJ2-3,NA,Donor1:healthy,6.000000,-,-,-,-,-,-,-,-,-,-,-
8,S%RSTDT,2.9e-08,1,6,9.7e-11,1.0e+00,1.0e-03,8.0e-02,1.0e-03,1.2e-03,global-S%RSTDT,CASSTRSTDTQYF,TRBV19,TRBJ2-3,NA,Donor1:healthy,1.000000,-,-,-,-,-,-,-,-,-,-,-
8,S%RSTDT,2.9e-08,1,6,9.7e-11,1.0e+00,1.0e-03,8.0e-02,1.0e-03,1.2e-03,global-S%RSTDT,CATSQRSTDTQYF,TRBV19,TRBJ2-3,NA,Donor1:healthy,4.000000,-,-,-,-,-,-,-,-,-,-,-
8,S%RSTDT,2.9e-08,1,6,9.7e-11,1.0e+00,1.0e-03,8.0e-02,1.0e-03,1.2e-03,global-S%RSTDT,CASSQRSTDTQYF,TRBV19,TRBJ2-3,NA,Donor1:healthy,1.000000,-,-,-,-,-,-,-,-,-,-,-
8,S%RSTDT,2.9e-08,1,6,9.7e-11,1.0e+00,1.0e-03,8.0e-02,1.0e-03,1.2e-03,global-S%RSTDT,CASSHRSTDTQYF,TRBV19,TRBJ2-3,NA,Donor1:healthy,2.000000,-,-,-,-,-,-,-,-,-,-,-
8,S%RSTDT,2.9e-08,1,6,9.7e-11,1.0e+00,1.0e-03,8.0e-02,1.0e-03,1.2e-03,global-S%RSTDT,CASSSRSTDTQYF,TRBV19,TRBJ2-3,NA,Donor1:healthy,1.000000,-,-,-,-,-,-,-,-,-,-,-

9,SIRS%ET,3.4e-08,1,4,4.2e-11,1.0e+00,1.0e-03,1.8e-02,1.0e-03,2.3e-03,motif-IRS motif-SIRS global-SIRS%ET,CASSIRSSETQYF,TRBV19,TRBJ2-5,NA,Donor1:healthy,3.000000,-,-,-,-,-,-,-,-,-,-,-
9,SIRS%ET,3.4e-08,1,4,4.2e-11,1.0e+00,1.0e-03,1.8e-02,1.0e-03,2.3e-03,motif-IRS motif-SIRS global-SIRS%ET,CASSIRSQETQYF,TRBV19,TRBJ2-5,NA,Donor1:healthy,47.000000,-,-,-,-,-,-,-,-,-,-,-
9,SIRS%ET,3.4e-08,1,4,4.2e-11,1.0e+00,1.0e-03,1.8e-02,1.0e-03,2.3e-03,motif-IRS motif-SIRS global-SIRS%ET,CASSIRSGETQYF,TRBV19,TRBJ2-5,NA,Donor1:healthy,3.000000,-,-,-,-,-,-,-,-,-,-,-
9,SIRS%ET,3.4e-08,1,4,4.2e-11,1.0e+00,1.0e-03,1.8e-02,1.0e-03,2.3e-03,motif-IRS motif-SIRS global-SIRS%ET,CASSIRSTETQYF,TRBV19,TRBJ2-5,NA,Donor1:healthy,1.000000,-,-,-,-,-,-,-,-,-,-,-

10,CC,3.4e-08,1,4,2.0e-05,1.0e+00,4.2e-02,1.0e+00,2.0e-01,2.3e-03,motif-CC,CASSYCCGTEAFF,TRBV7-2,TRBJ1-1,NA,Donor1:healthy,1.000000,-,-,-,-,-,-,-,-,-,-,-
10,CC,3.4e-08,1,4,2.0e-05,1.0e+00,4.2e-02,1.0e+00,2.0e-01,2.3e-03,motif-CC,CASSSPCCSHSYNEQFF,TRBV7-2,TRBJ2-1,NA,Donor1:healthy,1.000000,-,-,-,-,-,-,-,-,-,-,-
10,CC,3.4e-08,1,4,2.0e-05,1.0e+00,4.2e-02,1.0e+00,2.0e-01,2.3e-03,motif-CC,CASSYCCHRMDYEQYF,TRBV6-3,TRBJ2-7,NA,Donor1:healthy,1.000000,-,-,-,-,-,-,-,-,-,-,-
10,CC,3.4e-08,1,4,2.0e-05,1.0e+00,4.2e-02,1.0e+00,2.0e-01,2.3e-03,motif-CC,CASSLCCSPNTGELFF,TRBV7-9,TRBJ2-2,NA,Donor1:healthy,1.000000,-,-,-,-,-,-,-,-,-,-,-

11,S%RSAYE,5.6e-08,1,5,5.8e-12,1.0e+00,1.0e-03,4.0e-03,1.0e-03,1.5e-03,global-S%RSAYE,CASSMRSAYEQYF,TRBV19,TRBJ2-7,NA,Donor1:healthy,2.000000,-,-,-,-,-,-,-,-,-,-,-
11,S%RSAYE,5.6e-08,1,5,5.8e-12,1.0e+00,1.0e-03,4.0e-03,1.0e-03,1.5e-03,global-S%RSAYE,CASSIRSAYEQYF,TRBV19,TRBJ2-7,NA,Donor1:healthy,172.000000,-,-,-,-,-,-,-,-,-,-,-
11,S%RSAYE,5.6e-08,1,5,5.8e-12,1.0e+00,1.0e-03,4.0e-03,1.0e-03,1.5e-03,global-S%RSAYE,CASSVRSAYEQYF,TRBV19,TRBJ2-7,NA,Donor1:healthy,2.000000,-,-,-,-,-,-,-,-,-,-,-
11,S%RSAYE,5.6e-08,1,5,5.8e-12,1.0e+00,1.0e-03,4.0e-03,1.0e-03,1.5e-03,global-S%RSAYE,CASSTRSAYEQYF,TRBV19,TRBJ2-7,NA,Donor1:healthy,15.000000,-,-,-,-,-,-,-,-,-,-,-
11,S%RSAYE,5.6e-08,1,5,5.8e-12,1.0e+00,1.0e-03,4.0e-03,1.0e-03,1.5e-03,global-S%RSAYE,CASSSRSAYEQYF,TRBV19,TRBJ2-7,NA,Donor1:healthy,1.000000,-,-,-,-,-,-,-,-,-,-,-

12,SIRA,7.1e-08,1,10,1.4e-10,1.0e+00,1.0e-03,3.0e-02,1.5e-02,3.1e-04,motif-SIRA,CASSIRAGYTEAFF,TRBV19,TRBJ1-1,NA,Donor1:healthy,1.000000,-,-,-,-,-,-,-,-,-,-,-
12,SIRA,7.1e-08,1,10,1.4e-10,1.0e+00,1.0e-03,3.0e-02,1.5e-02,3.1e-04,motif-SIRA,CASSIRAASYNEQFF,TRBV19,TRBJ2-1,NA,Donor1:healthy,1.000000,-,-,-,-,-,-,-,-,-,-,-
12,SIRA,7.1e-08,1,10,1.4e-10,1.0e+00,1.0e-03,3.0e-02,1.5e-02,3.1e-04,motif-SIRA,CATSIRAGEDTQYF,TRBV6-4,TRBJ2-3,NA,Donor1:healthy,1.000000,-,-,-,-,-,-,-,-,-,-,-
12,SIRA,7.1e-08,1,10,1.4e-10,1.0e+00,1.0e-03,3.0e-02,1.5e-02,3.1e-04,motif-SIRA,CASSIRAGDNTEAFF,TRBV19,TRBJ1-1,NA,Donor1:healthy,1.000000,-,-,-,-,-,-,-,-,-,-,-
12,SIRA,7.1e-08,1,10,1.4e-10,1.0e+00,1.0e-03,3.0e-02,1.5e-02,3.1e-04,motif-SIRA,CASSIRASETQYF,TRBV19,TRBJ2-5,NA,Donor1:healthy,1.000000,-,-,-,-,-,-,-,-,-,-,-
12,SIRA,7.1e-08,1,10,1.4e-10,1.0e+00,1.0e-03,3.0e-02,1.5e-02,3.1e-04,motif-SIRA,CASSIRASYEQYF,TRBV19,TRBJ2-7,NA,Donor1:healthy,84.000000,-,-,-,-,-,-,-,-,-,-,-
12,SIRA,7.1e-08,1,10,1.4e-10,1.0e+00,1.0e-03,3.0e-02,1.5e-02,3.1e-04,motif-SIRA,CASSIRAAYEQYF,TRBV19,TRBJ2-7,NA,Donor1:healthy,3.000000,-,-,-,-,-,-,-,-,-,-,-
12,SIRA,7.1e-08,1,10,1.4e-10,1.0e+00,1.0e-03,3.0e-02,1.5e-02,3.1e-04,motif-SIRA,CASSIRAAGELFF,TRBV19,TRBJ2-2,NA,Donor1:healthy,1.000000,-,-,-,-,-,-,-,-,-,-,-
12,SIRA,7.1e-08,1,10,1.4e-10,1.0e+00,1.0e-03,3.0e-02,1.5e-02,3.1e-04,motif-SIRA,CASSIRAATEAFF,TRBV19,TRBJ1-1,NA,Donor1:healthy,1.000000,-,-,-,-,-,-,-,-,-,-,-
12,SIRA,7.1e-08,1,10,1.4e-10,1.0e+00,1.0e-03,3.0e-02,1.5e-02,3.1e-04,motif-SIRA,CASSIRAGETQYF,TRBV19,TRBJ2-5,NA,Donor1:healthy,13.000000,-,-,-,-,-,-,-,-,-,-,-

13,SIG%YG,2.0e-07,1,5,1.2e-11,1.0e+00,1.0e-03,8.0e-03,1.0e-03,1.5e-03,global-SIG%YG,CASSIGLYGYTF,TRBV19,TRBJ1-2,NA,Donor1:healthy,21.000000,-,-,-,-,-,-,-,-,-,-,-
13,SIG%YG,2.0e-07,1,5,1.2e-11,1.0e+00,1.0e-03,8.0e-03,1.0e-03,1.5e-03,global-SIG%YG,CASSIGSYGYTF,TRBV19,TRBJ1-2,NA,Donor1:healthy,84.000000,-,-,-,-,-,-,-,-,-,-,-
13,SIG%YG,2.0e-07,1,5,1.2e-11,1.0e+00,1.0e-03,8.0e-03,1.0e-03,1.5e-03,global-SIG%YG,CASSIGAYGYTF,TRBV19,TRBJ1-2,NA,Donor1:healthy,16.000000,-,-,-,-,-,-,-,-,-,-,-
13,SIG%YG,2.0e-07,1,5,1.2e-11,1.0e+00,1.0e-03,8.0e-03,1.0e-03,1.5e-03,global-SIG%YG,CASSIGVYGYTF,TRBV19,TRBJ1-2,NA,Donor1:healthy,44.000000,-,-,-,-,-,-,-,-,-,-,-
13,SIG%YG,2.0e-07,1,5,1.2e-11,1.0e+00,1.0e-03,8.0e-03,1.0e-03,1.5e-03,global-SIG%YG,CASSIGIYGYTF,TRBV19,TRBJ1-2,NA,Donor1:healthy,4.000000,-,-,-,-,-,-,-,-,-,-,-

14,IRSA,1.2e-06,1,4,7.0e-12,1.0e+00,1.0e-03,3.0e-03,1.0e-03,2.3e-03,motif-IRSA motif-IRS motif-SIRS,CASSIRSAYEQYF,TRBV19,TRBJ2-7,NA,Donor1:healthy,172.000000,-,-,-,-,-,-,-,-,-,-,-
14,IRSA,1.2e-06,1,4,7.0e-12,1.0e+00,1.0e-03,3.0e-03,1.0e-03,2.3e-03,motif-IRSA motif-IRS motif-SIRS,CASSIRSAWEQFF,TRBV19,TRBJ2-1,NA,Donor1:healthy,6.000000,-,-,-,-,-,-,-,-,-,-,-
14,IRSA,1.2e-06,1,4,7.0e-12,1.0e+00,1.0e-03,3.0e-03,1.0e-03,2.3e-03,motif-IRSA motif-IRS motif-SIRS,CASSIRSAYTQYF,TRBV19,TRBJ2-3,NA,Donor1:healthy,1.000000,-,-,-,-,-,-,-,-,-,-,-
14,IRSA,1.2e-06,1,4,7.0e-12,1.0e+00,1.0e-03,3.0e-03,1.0e-03,2.3e-03,motif-IRSA motif-IRS motif-SIRS,CASSIRSADTQYF,TRBV19,TRBJ2-3,NA,Donor1:healthy,1.000000,-,-,-,-,-,-,-,-,-,-,-

15,IRSG,1.8e-06,1,7,1.2e-10,1.0e+00,1.0e-03,2.3e-02,6.0e-03,8.6e-04,motif-IRS motif-SIRS motif-IRSG,CASSIRSGDTQYF,TRBV19,TRBJ2-3,NA,Donor1:healthy,2.000000,-,-,-,-,-,-,-,-,-,-,-
15,IRSG,1.8e-06,1,7,1.2e-10,1.0e+00,1.0e-03,2.3e-02,6.0e-03,8.6e-04,motif-IRS motif-SIRS motif-IRSG,CASSIRSGESRAFF,TRBV19,TRBJ1-1,NA,Donor1:healthy,25.000000,-,-,-,-,-,-,-,-,-,-,-
15,IRSG,1.8e-06,1,7,1.2e-10,1.0e+00,1.0e-03,2.3e-02,6.0e-03,8.6e-04,motif-IRS motif-SIRS motif-IRSG,CASSIRSGETQYF,TRBV19,TRBJ2-5,NA,Donor1:healthy,3.000000,-,-,-,-,-,-,-,-,-,-,-
15,IRSG,1.8e-06,1,7,1.2e-10,1.0e+00,1.0e-03,2.3e-02,6.0e-03,8.6e-04,motif-IRS motif-SIRS motif-IRSG,CASSIRSGNEQYF,TRBV19,TRBJ2-7,NA,Donor1:healthy,4.000000,-,-,-,-,-,-,-,-,-,-,-
15,IRSG,1.8e-06,1,7,1.2e-10,1.0e+00,1.0e-03,2.3e-02,6.0e-03,8.6e-04,motif-IRS motif-SIRS motif-IRSG,CASSIRSGYEQFF,TRBV19,TRBJ2-1,NA,Donor1:healthy,15.000000,-,-,-,-,-,-,-,-,-,-,-
15,IRSG,1.8e-06,1,7,1.2e-10,1.0e+00,1.0e-03,2.3e-02,6.0e-03,8.6e-04,motif-IRS motif-SIRS motif-IRSG,CASSIRSGYEQYF,TRBV19,TRBJ2-7,NA,Donor1:healthy,4.000000,-,-,-,-,-,-,-,-,-,-,-
15,IRSG,1.8e-06,1,7,1.2e-10,1.0e+00,1.0e-03,2.3e-02,6.0e-03,8.6e-04,motif-IRS motif-SIRS motif-IRSG,CASSIRSGTEAFF,TRBV19,TRBJ1-1,NA,Donor1:healthy,16.000000,-,-,-,-,-,-,-,-,-,-,-

16,S%GAYG,2.3e-06,1,6,9.7e-12,1.0e+00,1.0e-03,8.0e-03,1.0e-03,1.2e-03,global-S%GAYG,CASSQGAYGYTF,TRBV19,TRBJ1-2,NA,Donor1:healthy,115.000000,-,-,-,-,-,-,-,-,-,-,-
16,S%GAYG,2.3e-06,1,6,9.7e-12,1.0e+00,1.0e-03,8.0e-03,1.0e-03,1.2e-03,global-S%GAYG,CASSMGAYGYTF,TRBV19,TRBJ1-2,NA,Donor1:healthy,8.000000,-,-,-,-,-,-,-,-,-,-,-
16,S%GAYG,2.3e-06,1,6,9.7e-12,1.0e+00,1.0e-03,8.0e-03,1.0e-03,1.2e-03,global-S%GAYG,CASSIGAYGYTF,TRBV19,TRBJ1-2,NA,Donor1:healthy,16.000000,-,-,-,-,-,-,-,-,-,-,-
16,S%GAYG,2.3e-06,1,6,9.7e-12,1.0e+00,1.0e-03,8.0e-03,1.0e-03,1.2e-03,global-S%GAYG,CASSFGAYGYTF,TRBV5-4,TRBJ1-2,NA,Donor1:healthy,1.000000,-,-,-,-,-,-,-,-,-,-,-
16,S%GAYG,2.3e-06,1,6,9.7e-12,1.0e+00,1.0e-03,8.0e-03,1.0e-03,1.2e-03,global-S%GAYG,CASSWGAYGYTF,TRBV19,TRBJ1-2,NA,Donor1:healthy,64.000000,-,-,-,-,-,-,-,-,-,-,-
16,S%GAYG,2.3e-06,1,6,9.7e-12,1.0e+00,1.0e-03,8.0e-03,1.0e-03,1.2e-03,global-S%GAYG,CATSQGAYGYTF,TRBV19,TRBJ1-2,NA,Donor1:healthy,5.000000,-,-,-,-,-,-,-,-,-,-,-

17,S%RSGTE,2.5e-06,1,3,4.6e-10,1.0e+00,1.0e-03,7.5e-02,1.0e-03,6.2e-03,global-S%RSGTE,CASSTRSGTEAFF,TRBV19,TRBJ1-1,NA,Donor1:healthy,1.000000,-,-,-,-,-,-,-,-,-,-,-
17,S%RSGTE,2.5e-06,1,3,4.6e-10,1.0e+00,1.0e-03,7.5e-02,1.0e-03,6.2e-03,global-S%RSGTE,CASSSRSGTEQFF,TRBV19,TRBJ2-1,NA,Donor1:healthy,4.000000,-,-,-,-,-,-,-,-,-,-,-
17,S%RSGTE,2.5e-06,1,3,4.6e-10,1.0e+00,1.0e-03,7.5e-02,1.0e-03,6.2e-03,global-S%RSGTE,CASSDRSGTEQYF,TRBV19,TRBJ2-7,NA,Donor1:healthy,2.000000,-,-,-,-,-,-,-,-,-,-,-

18,IRAA,8.0e-06,1,5,2.4e-09,1.0e+00,4.0e-03,2.1e-01,2.0e-03,1.5e-03,motif-IRAA,CASSIRAASYNEQFF,TRBV19,TRBJ2-1,NA,Donor1:healthy,1.000000,-,-,-,-,-,-,-,-,-,-,-
18,IRAA,8.0e-06,1,5,2.4e-09,1.0e+00,4.0e-03,2.1e-01,2.0e-03,1.5e-03,motif-IRAA,CASSPIRAAQETQYF,TRBV4-1,TRBJ2-5,NA,Donor1:healthy,1.000000,-,-,-,-,-,-,-,-,-,-,-
18,IRAA,8.0e-06,1,5,2.4e-09,1.0e+00,4.0e-03,2.1e-01,2.0e-03,1.5e-03,motif-IRAA,CASSIRAAYEQYF,TRBV19,TRBJ2-7,NA,Donor1:healthy,3.000000,-,-,-,-,-,-,-,-,-,-,-
18,IRAA,8.0e-06,1,5,2.4e-09,1.0e+00,4.0e-03,2.1e-01,2.0e-03,1.5e-03,motif-IRAA,CASSIRAAGELFF,TRBV19,TRBJ2-2,NA,Donor1:healthy,1.000000,-,-,-,-,-,-,-,-,-,-,-
18,IRAA,8.0e-06,1,5,2.4e-09,1.0e+00,4.0e-03,2.1e-01,2.0e-03,1.5e-03,motif-IRAA,CASSIRAATEAFF,TRBV19,TRBJ1-1,NA,Donor1:healthy,1.000000,-,-,-,-,-,-,-,-,-,-,-

19,SIRS%DT,1.0e-05,1,3,3.2e-10,1.0e+00,1.0e-03,5.1e-02,1.0e-03,6.2e-03,motif-IRS motif-SIRS global-SIRS%DT,CASSIRSTDTQYF,TRBV19,TRBJ2-3,NA,Donor1:healthy,8.000000,-,-,-,-,-,-,-,-,-,-,-
19,SIRS%DT,1.0e-05,1,3,3.2e-10,1.0e+00,1.0e-03,5.1e-02,1.0e-03,6.2e-03,motif-IRS motif-SIRS global-SIRS%DT,CASSIRSGDTQYF,TRBV19,TRBJ2-3,NA,Donor1:healthy,2.000000,-,-,-,-,-,-,-,-,-,-,-
19,SIRS%DT,1.0e-05,1,3,3.2e-10,1.0e+00,1.0e-03,5.1e-02,1.0e-03,6.2e-03,motif-IRS motif-SIRS global-SIRS%DT,CASSIRSADTQYF,TRBV19,TRBJ2-3,NA,Donor1:healthy,1.000000,-,-,-,-,-,-,-,-,-,-,-

20,STRS%YE,1.0e-05,1,3,1.1e-10,1.0e+00,1.0e-03,1.7e-02,1.0e-03,6.2e-03,global-STRS%YE,CASSTRSGYEQYF,TRBV19,TRBJ2-7,NA,Donor1:healthy,3.000000,-,-,-,-,-,-,-,-,-,-,-
20,STRS%YE,1.0e-05,1,3,1.1e-10,1.0e+00,1.0e-03,1.7e-02,1.0e-03,6.2e-03,global-STRS%YE,CASSTRSSYEQYF,TRBV19,TRBJ2-7,NA,Donor1:healthy,21.000000,-,-,-,-,-,-,-,-,-,-,-
20,STRS%YE,1.0e-05,1,3,1.1e-10,1.0e+00,1.0e-03,1.7e-02,1.0e-03,6.2e-03,global-STRS%YE,CASSTRSAYEQYF,TRBV19,TRBJ2-7,NA,Donor1:healthy,15.000000,-,-,-,-,-,-,-,-,-,-,-

21,SSRSG%E,1.0e-05,1,3,4.1e-10,1.0e+00,1.0e-03,6.6e-02,1.0e-03,6.2e-03,global-SSRSG%E,CASSSRSGTEQFF,TRBV19,TRBJ2-1,NA,Donor1:healthy,4.000000,-,-,-,-,-,-,-,-,-,-,-
21,SSRSG%E,1.0e-05,1,3,4.1e-10,1.0e+00,1.0e-03,6.6e-02,1.0e-03,6.2e-03,global-SSRSG%E,CASSSRSGSEQYF,TRBV19,TRBJ2-7,NA,Donor1:healthy,1.000000,-,-,-,-,-,-,-,-,-,-,-
21,SSRSG%E,1.0e-05,1,3,4.1e-10,1.0e+00,1.0e-03,6.6e-02,1.0e-03,6.2e-03,global-SSRSG%E,CASSSRSGVEQYF,TRBV19,TRBJ2-7,NA,Donor1:healthy,3.000000,-,-,-,-,-,-,-,-,-,-,-

22,SI%SNQP,1.6e-05,1,4,2.8e-10,1.0e+00,1.0e-03,1.2e-01,1.0e-03,2.3e-03,global-SI%SNQP,CASSINSNQPQHF,TRBV19,TRBJ1-5,NA,Donor1:healthy,1.000000,-,-,-,-,-,-,-,-,-,-,-
22,SI%SNQP,1.6e-05,1,4,2.8e-10,1.0e+00,1.0e-03,1.2e-01,1.0e-03,2.3e-03,global-SI%SNQP,CASSIYSNQPQHF,TRBV19,TRBJ1-5,NA,Donor1:healthy,4.000000,-,-,-,-,-,-,-,-,-,-,-
22,SI%SNQP,1.6e-05,1,4,2.8e-10,1.0e+00,1.0e-03,1.2e-01,1.0e-03,2.3e-03,global-SI%SNQP,CASSIHSNQPQHF,TRBV19,TRBJ1-5,NA,Donor1:healthy,1.000000,-,-,-,-,-,-,-,-,-,-,-
22,SI%SNQP,1.6e-05,1,4,2.8e-10,1.0e+00,1.0e-03,1.2e-01,1.0e-03,2.3e-03,global-SI%SNQP,CASSIRSNQPQHF,TRBV19,TRBJ1-5,NA,Donor1:healthy,2.000000,-,-,-,-,-,-,-,-,-,-,-

23,SMG%YG,2.5e-05,1,3,2.0e-10,1.0e+00,1.0e-03,3.3e-02,1.0e-03,6.2e-03,global-SMG%YG,CASSMGVYGYTF,TRBV19,TRBJ1-2,NA,Donor1:healthy,2.000000,-,-,-,-,-,-,-,-,-,-,-
23,SMG%YG,2.5e-05,1,3,2.0e-10,1.0e+00,1.0e-03,3.3e-02,1.0e-03,6.2e-03,global-SMG%YG,CASSMGSYGYTF,TRBV19,TRBJ1-2,NA,Donor1:healthy,6.000000,-,-,-,-,-,-,-,-,-,-,-
23,SMG%YG,2.5e-05,1,3,2.0e-10,1.0e+00,1.0e-03,3.3e-02,1.0e-03,6.2e-03,global-SMG%YG,CASSMGAYGYTF,TRBV19,TRBJ1-2,NA,Donor1:healthy,8.000000,-,-,-,-,-,-,-,-,-,-,-

24,SIR%AYE,2.5e-05,1,3,3.1e-11,1.0e+00,1.0e-03,5.0e-03,1.0e-03,6.2e-03,global-SIR%AYE,CASSIRAAYEQYF,TRBV19,TRBJ2-7,NA,Donor1:healthy,3.000000,-,-,-,-,-,-,-,-,-,-,-
24,SIR%AYE,2.5e-05,1,3,3.1e-11,1.0e+00,1.0e-03,5.0e-03,1.0e-03,6.2e-03,global-SIR%AYE,CASSIRGAYEQYF,TRBV19,TRBJ2-7,NA,Donor1:healthy,7.000000,-,-,-,-,-,-,-,-,-,-,-
24,SIR%AYE,2.5e-05,1,3,3.1e-11,1.0e+00,1.0e-03,5.0e-03,1.0e-03,6.2e-03,global-SIR%AYE,CASSIRSAYEQYF,TRBV19,TRBJ2-7,NA,Donor1:healthy,172.000000,-,-,-,-,-,-,-,-,-,-,-

25,MRAS,4.9e-05,1,3,4.0e-10,1.0e+00,1.0e-03,6.4e-02,1.0e-03,6.2e-03,motif-SMRA motif-MRAS global-SMRAS%E,CASSMRASVEQFF,TRBV19,TRBJ2-1,NA,Donor1:healthy,3.000000,-,-,-,-,-,-,-,-,-,-,-
25,MRAS,4.9e-05,1,3,4.0e-10,1.0e+00,1.0e-03,6.4e-02,1.0e-03,6.2e-03,motif-SMRA motif-MRAS global-SMRAS%E,CASSMRASVEQYF,TRBV19,TRBJ2-7,NA,Donor1:healthy,2.000000,-,-,-,-,-,-,-,-,-,-,-
25,MRAS,4.9e-05,1,3,4.0e-10,1.0e+00,1.0e-03,6.4e-02,1.0e-03,6.2e-03,motif-SMRA motif-MRAS global-SMRAS%E,CASSMRASYEQYF,TRBV19,TRBJ2-7,NA,Donor1:healthy,3.000000,-,-,-,-,-,-,-,-,-,-,-

26,SSRS%YE,8.5e-05,1,3,1.8e-08,1.0e+00,1.2e-02,2.4e-01,1.0e-03,6.2e-03,global-SSRS%YE,CASSSRSAYEQYF,TRBV19,TRBJ2-7,NA,Donor1:healthy,1.000000,-,-,-,-,-,-,-,-,-,-,-
26,SSRS%YE,8.5e-05,1,3,1.8e-08,1.0e+00,1.2e-02,2.4e-01,1.0e-03,6.2e-03,global-SSRS%YE,CASSSRSGYEQYF,TRBV19,TRBJ2-7,NA,Donor1:healthy,1.000000,-,-,-,-,-,-,-,-,-,-,-
26,SSRS%YE,8.5e-05,1,3,1.8e-08,1.0e+00,1.2e-02,2.4e-01,1.0e-03,6.2e-03,global-SSRS%YE,CASSSRSGYEQYF,TRBV7-8,TRBJ2-7,NA,Donor1:healthy,1.000000,-,-,-,-,-,-,-,-,-,-,-
26,SSRS%YE,8.5e-05,1,3,1.8e-08,1.0e+00,1.2e-02,2.4e-01,1.0e-03,6.2e-03,global-SSRS%YE,CASSSRSSYEQYF,TRBV19,TRBJ2-7,NA,Donor1:healthy,2.000000,-,-,-,-,-,-,-,-,-,-,-

27,MGVD,8.5e-05,1,3,3.3e-04,1.0e+00,2.1e-01,1.0e+00,2.6e-01,6.2e-03,motif-MGVD,CASSQMGVDTQYF,TRBV2,TRBJ2-3,NA,Donor1:healthy,1.000000,-,-,-,-,-,-,-,-,-,-,-
27,MGVD,8.5e-05,1,3,3.3e-04,1.0e+00,2.1e-01,1.0e+00,2.6e-01,6.2e-03,motif-MGVD,CASSFNMGVDTGELFF,TRBV7-2,TRBJ2-2,NA,Donor1:healthy,1.000000,-,-,-,-,-,-,-,-,-,-,-
27,MGVD,8.5e-05,1,3,3.3e-04,1.0e+00,2.1e-01,1.0e+00,2.6e-01,6.2e-03,motif-MGVD,CSARSMGVDGYTF,TRBV20-1,TRBJ1-2,NA,Donor1:healthy,1.000000,-,-,-,-,-,-,-,-,-,-,-

28,IRST,9.0e-05,1,4,5.6e-11,1.0e+00,1.0e-03,2.4e-02,1.0e-03,2.3e-03,motif-IRST motif-IRS motif-SIRS,CASSIRSTDTQYF,TRBV19,TRBJ2-3,NA,Donor1:healthy,8.000000,-,-,-,-,-,-,-,-,-,-,-
28,IRST,9.0e-05,1,4,5.6e-11,1.0e+00,1.0e-03,2.4e-02,1.0e-03,2.3e-03,motif-IRST motif-IRS motif-SIRS,CASSIRSTETQYF,TRBV19,TRBJ2-5,NA,Donor1:healthy,1.000000,-,-,-,-,-,-,-,-,-,-,-
28,IRST,9.0e-05,1,4,5.6e-11,1.0e+00,1.0e-03,2.4e-02,1.0e-03,2.3e-03,motif-IRST motif-IRS motif-SIRS,CASSIRSTYEQYF,TRBV19,TRBJ2-7,NA,Donor1:healthy,4.000000,-,-,-,-,-,-,-,-,-,-,-
28,IRST,9.0e-05,1,4,5.6e-11,1.0e+00,1.0e-03,2.4e-02,1.0e-03,2.3e-03,motif-IRST motif-IRS motif-SIRS,CASSIRSTGELFF,TRBV19,TRBJ2-2,NA,Donor1:healthy,11.000000,-,-,-,-,-,-,-,-,-,-,-

29,SQG%YG,1.4e-04,1,4,1.9e-11,1.0e+00,1.0e-03,8.0e-03,1.0e-03,2.3e-03,global-SQG%YG,CASSQGAYGYTF,TRBV19,TRBJ1-2,NA,Donor1:healthy,115.000000,-,-,-,-,-,-,-,-,-,-,-
29,SQG%YG,1.4e-04,1,4,1.9e-11,1.0e+00,1.0e-03,8.0e-03,1.0e-03,2.3e-03,global-SQG%YG,CASSQGSYGYTF,TRBV19,TRBJ1-2,NA,Donor1:healthy,3.000000,-,-,-,-,-,-,-,-,-,-,-
29,SQG%YG,1.4e-04,1,4,1.9e-11,1.0e+00,1.0e-03,8.0e-03,1.0e-03,2.3e-03,global-SQG%YG,CASSQGNYGYTF,TRBV19,TRBJ1-2,NA,Donor1:healthy,10.000000,-,-,-,-,-,-,-,-,-,-,-
29,SQG%YG,1.4e-04,1,4,1.9e-11,1.0e+00,1.0e-03,8.0e-03,1.0e-03,2.3e-03,global-SQG%YG,CATSQGAYGYTF,TRBV19,TRBJ1-2,NA,Donor1:healthy,5.000000,-,-,-,-,-,-,-,-,-,-,-

30,%LDPGE,1.9e-04,1,2,2.1e-06,1.0e+00,7.3e-02,1.0e+00,1.0e-03,2.9e-02,global-%LDPGE,CAGKLDPGELFF,TRBV2,TRBJ2-2,NA,Donor1:healthy,1.000000,-,-,-,-,-,-,-,-,-,-,-
30,%LDPGE,1.9e-04,1,2,2.1e-06,1.0e+00,7.3e-02,1.0e+00,1.0e-03,2.9e-02,global-%LDPGE,CASSLDPGEQYF,TRBV5-6,TRBJ2-7,NA,Donor1:healthy,1.000000,-,-,-,-,-,-,-,-,-,-,-

31,S%GGGV,1.9e-04,1,2,1.4e-06,1.0e+00,4.9e-02,1.0e+00,1.0e-03,2.9e-02,global-S%GGGV,CASSFGGGVPFF,TRBV7-6,TRBJ1-1,NA,Donor1:healthy,1.000000,-,-,-,-,-,-,-,-,-,-,-
31,S%GGGV,1.9e-04,1,2,1.4e-06,1.0e+00,4.9e-02,1.0e+00,1.0e-03,2.9e-02,global-S%GGGV,CASSLGGGVLFF,TRBV12-3,TRBJ1-4,NA,Donor1:healthy,1.000000,-,-,-,-,-,-,-,-,-,-,-

32,SAGG%G,1.9e-04,1,2,3.2e-07,1.0e+00,7.8e-02,1.4e-01,1.0e-03,2.9e-02,global-SAGG%G,CASSAGGGGQYF,TRBV27,TRBJ2-3,NA,Donor1:healthy,1.000000,-,-,-,-,-,-,-,-,-,-,-
32,SAGG%G,1.9e-04,1,2,3.2e-07,1.0e+00,7.8e-02,1.4e-01,1.0e-03,2.9e-02,global-SAGG%G,CASSAGGNGYTF,TRBV9,TRBJ1-2,NA,Donor1:healthy,2.000000,-,-,-,-,-,-,-,-,-,-,-

33,SIGV%G,1.9e-04,1,2,3.2e-10,1.0e+00,1.0e-03,1.1e-02,1.0e-03,2.9e-02,global-SIGV%G,CASSIGVHGYTF,TRBV19,TRBJ1-2,NA,Donor1:healthy,3.000000,-,-,-,-,-,-,-,-,-,-,-
33,SIGV%G,1.9e-04,1,2,3.2e-10,1.0e+00,1.0e-03,1.1e-02,1.0e-03,2.9e-02,global-SIGV%G,CASSIGVYGYTF,TRBV19,TRBJ1-2,NA,Donor1:healthy,44.000000,-,-,-,-,-,-,-,-,-,-,-

34,S%RSSET,1.9e-04,1,2,1.7e-09,1.0e+00,1.0e-03,5.7e-02,1.0e-03,2.9e-02,global-S%RSSET,CASSIRSSETQYF,TRBV19,TRBJ2-5,NA,Donor1:healthy,3.000000,-,-,-,-,-,-,-,-,-,-,-
34,S%RSSET,1.9e-04,1,2,1.7e-09,1.0e+00,1.0e-03,5.7e-02,1.0e-03,2.9e-02,global-S%RSSET,CASSFRSSETQYF,TRBV19,TRBJ2-5,NA,Donor1:healthy,2.000000,-,-,-,-,-,-,-,-,-,-,-

35,SIR%SET,1.9e-04,1,2,2.0e-09,1.0e+00,1.0e-03,6.8e-02,1.0e-03,2.9e-02,global-SIR%SET,CASSIRSSETQYF,TRBV19,TRBJ2-5,NA,Donor1:healthy,3.000000,-,-,-,-,-,-,-,-,-,-,-
35,SIR%SET,1.9e-04,1,2,2.0e-09,1.0e+00,1.0e-03,6.8e-02,1.0e-03,2.9e-02,global-SIR%SET,CASSIRASETQYF,TRBV19,TRBJ2-5,NA,Donor1:healthy,1.000000,-,-,-,-,-,-,-,-,-,-,-

36,SIH%NQP,1.9e-04,1,2,3.7e-09,1.0e+00,1.0e-03,1.3e-01,1.0e-03,2.9e-02,global-SIH%NQP,CASSIHSNQPQHF,TRBV19,TRBJ1-5,NA,Donor1:healthy,1.000000,-,-,-,-,-,-,-,-,-,-,-
36,SIH%NQP,1.9e-04,1,2,3.7e-09,1.0e+00,1.0e-03,1.3e-01,1.0e-03,2.9e-02,global-SIH%NQP,CASSIHKNQPQHF,TRBV19,TRBJ1-5,NA,Donor1:healthy,2.000000,-,-,-,-,-,-,-,-,-,-,-

37,SDRS%TE,1.9e-04,1,2,3.8e-09,1.0e+00,1.0e-03,1.3e-01,1.0e-03,2.9e-02,global-SDRS%TE,CASSDRSGTEQYF,TRBV19,TRBJ2-7,NA,Donor1:healthy,2.000000,-,-,-,-,-,-,-,-,-,-,-
37,SDRS%TE,1.9e-04,1,2,3.8e-09,1.0e+00,1.0e-03,1.3e-01,1.0e-03,2.9e-02,global-SDRS%TE,CASSDRSNTEAFF,TRBV19,TRBJ1-1,NA,Donor1:healthy,1.000000,-,-,-,-,-,-,-,-,-,-,-

38,SIRS%NE,1.9e-04,1,2,2.0e-09,1.0e+00,1.0e-03,6.8e-02,1.0e-03,2.9e-02,motif-IRS motif-SIRS global-SIRS%NE,CASSIRSSNEQFF,TRBV19,TRBJ2-1,NA,Donor1:healthy,1.000000,-,-,-,-,-,-,-,-,-,-,-
38,SIRS%NE,1.9e-04,1,2,2.0e-09,1.0e+00,1.0e-03,6.8e-02,1.0e-03,2.9e-02,motif-IRS motif-SIRS global-SIRS%NE,CASSIRSGNEQYF,TRBV19,TRBJ2-7,NA,Donor1:healthy,4.000000,-,-,-,-,-,-,-,-,-,-,-

39,SMRS%YE,1.9e-04,1,2,2.0e-09,1.0e+00,1.0e-03,6.8e-02,1.0e-03,2.9e-02,motif-SMRS global-SMRS%YE,CASSMRSSYEQYF,TRBV19,TRBJ2-7,NA,Donor1:healthy,2.000000,-,-,-,-,-,-,-,-,-,-,-
39,SMRS%YE,1.9e-04,1,2,2.0e-09,1.0e+00,1.0e-03,6.8e-02,1.0e-03,2.9e-02,motif-SMRS global-SMRS%YE,CASSMRSAYEQYF,TRBV19,TRBJ2-7,NA,Donor1:healthy,2.000000,-,-,-,-,-,-,-,-,-,-,-

40,SVRS%GE,1.9e-04,1,2,6.1e-10,1.0e+00,1.0e-03,2.1e-02,1.0e-03,2.9e-02,global-SVRS%GE,CASSVRSAGELFF,TRBV19,TRBJ2-2,NA,Donor1:healthy,1.000000,-,-,-,-,-,-,-,-,-,-,-
40,SVRS%GE,1.9e-04,1,2,6.1e-10,1.0e+00,1.0e-03,2.1e-02,1.0e-03,2.9e-02,global-SVRS%GE,CASSVRSTGELFF,TRBV19,TRBJ2-2,NA,Donor1:healthy,20.000000,-,-,-,-,-,-,-,-,-,-,-

41,SIRS%TE,1.9e-04,1,2,6.1e-10,1.0e+00,1.0e-03,2.1e-02,1.0e-03,2.9e-02,motif-IRS motif-SIRS global-SIRS%TE,CASSIRSNTEAFF,TRBV19,TRBJ1-1,NA,Donor1:healthy,1.000000,-,-,-,-,-,-,-,-,-,-,-
41,SIRS%TE,1.9e-04,1,2,6.1e-10,1.0e+00,1.0e-03,2.1e-02,1.0e-03,2.9e-02,motif-IRS motif-SIRS global-SIRS%TE,CASSIRSGTEAFF,TRBV19,TRBJ1-1,NA,Donor1:healthy,16.000000,-,-,-,-,-,-,-,-,-,-,-

42,SIRSQ%T,1.9e-04,1,2,2.0e-10,1.0e+00,1.0e-03,7.0e-03,1.0e-03,2.9e-02,motif-IRS motif-SIRS global-SIRSQ%T,CASSIRSQDTQYF,TRBV19,TRBJ2-3,NA,Donor1:healthy,2.000000,-,-,-,-,-,-,-,-,-,-,-
42,SIRSQ%T,1.9e-04,1,2,2.0e-10,1.0e+00,1.0e-03,7.0e-03,1.0e-03,2.9e-02,motif-IRS motif-SIRS global-SIRSQ%T,CASSIRSQETQYF,TRBV19,TRBJ2-5,NA,Donor1:healthy,47.000000,-,-,-,-,-,-,-,-,-,-,-

43,SWGDY%E,1.9e-04,1,2,8.8e-08,1.0e+00,6.4e-02,4.7e-02,1.0e-03,2.9e-02,global-SWGDY%E,CASSWGDYNEQFF,TRBV7-2,TRBJ2-1,NA,Donor1:healthy,1.000000,-,-,-,-,-,-,-,-,-,-,-
43,SWGDY%E,1.9e-04,1,2,8.8e-08,1.0e+00,6.4e-02,4.7e-02,1.0e-03,2.9e-02,global-SWGDY%E,CSASWGDYTEAFF,TRBV20-1,TRBJ1-1,NA,Donor1:healthy,5.000000,-,-,-,-,-,-,-,-,-,-,-

44,SIRSG%T,1.9e-04,1,2,1.8e-09,1.0e+00,1.0e-03,6.2e-02,1.0e-03,2.9e-02,motif-IRS motif-SIRS motif-IRSG global-SIRSG%T,CASSIRSGDTQYF,TRBV19,TRBJ2-3,NA,Donor1:healthy,2.000000,-,-,-,-,-,-,-,-,-,-,-
44,SIRSG%T,1.9e-04,1,2,1.8e-09,1.0e+00,1.0e-03,6.2e-02,1.0e-03,2.9e-02,motif-IRS motif-SIRS motif-IRSG global-SIRSG%T,CASSIRSGETQYF,TRBV19,TRBJ2-5,NA,Donor1:healthy,3.000000,-,-,-,-,-,-,-,-,-,-,-

45,SMRST%E,1.9e-04,1,2,7.0e-10,1.0e+00,1.0e-03,2.4e-02,1.0e-03,2.9e-02,motif-SMRS global-SMRST%E,CASSMRSTNEQFF,TRBV19,TRBJ2-1,NA,Donor1:healthy,12.000000,-,-,-,-,-,-,-,-,-,-,-
45,SMRST%E,1.9e-04,1,2,7.0e-10,1.0e+00,1.0e-03,2.4e-02,1.0e-03,2.9e-02,motif-SMRS global-SMRST%E,CASSMRSTGELFF,TRBV19,TRBJ2-2,NA,Donor1:healthy,2.000000,-,-,-,-,-,-,-,-,-,-,-

46,SIRSG%E,1.9e-04,1,2,4.4e-10,1.0e+00,1.0e-03,1.5e-02,1.0e-03,2.9e-02,motif-IRS motif-SIRS motif-IRSG global-SIRSG%E,CASSIRSGNEQYF,TRBV19,TRBJ2-7,NA,Donor1:healthy,4.000000,-,-,-,-,-,-,-,-,-,-,-
46,SIRSG%E,1.9e-04,1,2,4.4e-10,1.0e+00,1.0e-03,1.5e-02,1.0e-03,2.9e-02,motif-IRS motif-SIRS motif-IRSG global-SIRSG%E,CASSIRSGTEAFF,TRBV19,TRBJ1-1,NA,Donor1:healthy,16.000000,-,-,-,-,-,-,-,-,-,-,-

47,STRSG%E,1.9e-04,1,2,1.0e-09,1.0e+00,1.0e-03,3.5e-02,1.0e-03,2.9e-02,global-STRSG%E,CASSTRSGYEQYF,TRBV19,TRBJ2-7,NA,Donor1:healthy,3.000000,-,-,-,-,-,-,-,-,-,-,-
47,STRSG%E,1.9e-04,1,2,1.0e-09,1.0e+00,1.0e-03,3.5e-02,1.0e-03,2.9e-02,global-STRSG%E,CASSTRSGWEQYF,TRBV19,TRBJ2-7,NA,Donor1:healthy,6.000000,-,-,-,-,-,-,-,-,-,-,-

48,%PTGVGQP,1.9e-04,1,2,5.1e-06,1.0e+00,1.7e-01,1.0e+00,1.0e-03,2.9e-02,global-%PTGVGQP,CASSPTGVGQPQHF,TRBV28,TRBJ1-5,NA,Donor1:healthy,1.000000,-,-,-,-,-,-,-,-,-,-,-
48,%PTGVGQP,1.9e-04,1,2,5.1e-06,1.0e+00,1.7e-01,1.0e+00,1.0e-03,2.9e-02,global-%PTGVGQP,CASSPTGVGQPQHF,TRBV6-3,TRBJ1-5,NA,Donor1:healthy,1.000000,-,-,-,-,-,-,-,-,-,-,-
48,%PTGVGQP,1.9e-04,1,2,5.1e-06,1.0e+00,1.7e-01,1.0e+00,1.0e-03,2.9e-02,global-%PTGVGQP,CSATPTGVGQPQHF,TRBV20-1,TRBJ1-5,NA,Donor1:healthy,1.000000,-,-,-,-,-,-,-,-,-,-,-

49,SR%RDNSP,1.9e-04,1,2,8.0e-08,1.0e+00,6.7e-02,4.1e-02,1.0e-03,2.9e-02,global-SR%RDNSP,CASSRNRDNSPLHF,TRBV28,TRBJ1-6,NA,Donor1:healthy,5.000000,-,-,-,-,-,-,-,-,-,-,-
49,SR%RDNSP,1.9e-04,1,2,8.0e-08,1.0e+00,6.7e-02,4.1e-02,1.0e-03,2.9e-02,global-SR%RDNSP,CASSRDRDNSPLHF,TRBV4-3,TRBJ1-6,NA,Donor1:healthy,1.000000,-,-,-,-,-,-,-,-,-,-,-

50,SAGV%NNE,1.9e-04,1,2,1.3e-07,1.0e+00,7.7e-02,5.8e-02,1.0e-03,2.9e-02,global-SAGV%NNE,CASSAGVENNEQFF,TRBV27,TRBJ2-1,NA,Donor1:healthy,1.000000,-,-,-,-,-,-,-,-,-,-,-
50,SAGV%NNE,1.9e-04,1,2,1.3e-07,1.0e+00,7.7e-02,5.8e-02,1.0e-03,2.9e-02,global-SAGV%NNE,CASSAGVDNNEQFF,TRBV4-1,TRBJ2-1,NA,Donor1:healthy,5.000000,-,-,-,-,-,-,-,-,-,-,-

51,SLYGV%DT,1.9e-04,1,2,1.9e-06,1.0e+00,6.5e-02,1.0e+00,1.0e-03,2.9e-02,global-SLYGV%DT,CASSLYGVGDTQYF,TRBV12-4,TRBJ2-3,NA,Donor1:healthy,1.000000,-,-,-,-,-,-,-,-,-,-,-
51,SLYGV%DT,1.9e-04,1,2,1.9e-06,1.0e+00,6.5e-02,1.0e+00,1.0e-03,2.9e-02,global-SLYGV%DT,CASSLYGVADTQYF,TRBV5-1,TRBJ2-3,NA,Donor1:healthy,1.000000,-,-,-,-,-,-,-,-,-,-,-

52,SPRPE%TE,1.9e-04,1,2,1.7e-06,1.0e+00,5.9e-02,1.0e+00,1.0e-03,2.9e-02,global-SPRPE%TE,CASSPRPEGTEAFF,TRBV6-5,TRBJ1-1,NA,Donor1:healthy,1.000000,-,-,-,-,-,-,-,-,-,-,-
52,SPRPE%TE,1.9e-04,1,2,1.7e-06,1.0e+00,5.9e-02,1.0e+00,1.0e-03,2.9e-02,global-SPRPE%TE,CASSPRPENTEAFF,TRBV7-9,TRBJ1-1,NA,Donor1:healthy,1.000000,-,-,-,-,-,-,-,-,-,-,-

53,S%RLAGADE,1.9e-04,1,2,2.2e-06,1.0e+00,7.7e-02,1.0e+00,1.0e-03,2.9e-02,global-S%RLAGADE,CAISLRLAGADEQFF,TRBV10-3,TRBJ2-1,NA,Donor1:healthy,1.000000,-,-,-,-,-,-,-,-,-,-,-
53,S%RLAGADE,1.9e-04,1,2,2.2e-06,1.0e+00,7.7e-02,1.0e+00,1.0e-03,2.9e-02,global-S%RLAGADE,CASSFRLAGADEQFF,TRBV13,TRBJ2-1,NA,Donor1:healthy,1.000000,-,-,-,-,-,-,-,-,-,-,-

54,SS%PGSTDT,1.9e-04,1,2,1.7e-06,1.0e+00,6.0e-02,1.0e+00,1.0e-03,2.9e-02,global-SS%PGSTDT,CASSSGPGSTDTQYF,TRBV14,TRBJ2-3,NA,Donor1:healthy,1.000000,-,-,-,-,-,-,-,-,-,-,-
54,SS%PGSTDT,1.9e-04,1,2,1.7e-06,1.0e+00,6.0e-02,1.0e+00,1.0e-03,2.9e-02,global-SS%PGSTDT,CASSSSPGSTDTQYF,TRBV6-4,TRBJ2-3,NA,Donor1:healthy,1.000000,-,-,-,-,-,-,-,-,-,-,-

55,SL%SGPPYE,1.9e-04,1,2,1.9e-06,1.0e+00,6.6e-02,1.0e+00,1.0e-03,2.9e-02,global-SL%SGPPYE,CASSLFSGPPYEQYF,TRBV5-5,TRBJ2-7,NA,Donor1:healthy,1.000000,-,-,-,-,-,-,-,-,-,-,-
55,SL%SGPPYE,1.9e-04,1,2,1.9e-06,1.0e+00,6.6e-02,1.0e+00,1.0e-03,2.9e-02,global-SL%SGPPYE,CASSLISGPPYEQYF,TRBV5-4,TRBJ2-7,NA,Donor1:healthy,1.000000,-,-,-,-,-,-,-,-,-,-,-

56,SPTG%DTGE,1.9e-04,1,2,1.7e-06,1.0e+00,5.9e-02,1.0e+00,1.0e-03,2.9e-02,global-SPTG%DTGE,CASSPTGQDTGELFF,TRBV6-3,TRBJ2-2,NA,Donor1:healthy,1.000000,-,-,-,-,-,-,-,-,-,-,-
56,SPTG%DTGE,1.9e-04,1,2,1.7e-06,1.0e+00,5.9e-02,1.0e+00,1.0e-03,2.9e-02,global-SPTG%DTGE,CASSPTGSDTGELFF,TRBV6-4,TRBJ2-2,NA,Donor1:healthy,1.000000,-,-,-,-,-,-,-,-,-,-,-

57,SPQLAGG%E,1.9e-04,1,2,1.7e-06,1.0e+00,5.7e-02,1.0e+00,1.0e-03,2.9e-02,global-SPQLAGG%E,CASSPQLAGGREQYF,TRBV7-9,TRBJ2-7,NA,Donor1:healthy,1.000000,-,-,-,-,-,-,-,-,-,-,-
57,SPQLAGG%E,1.9e-04,1,2,1.7e-06,1.0e+00,5.7e-02,1.0e+00,1.0e-03,2.9e-02,global-SPQLAGG%E,CASSPQLAGGNEQFF,TRBV12-4,TRBJ2-1,NA,Donor1:healthy,1.000000,-,-,-,-,-,-,-,-,-,-,-

58,S%WDRGNTGE,1.9e-04,1,2,2.3e-06,1.0e+00,8.0e-02,1.0e+00,1.0e-03,2.9e-02,global-S%WDRGNTGE,CASSLWDRGNTGELFF,TRBV11-2,TRBJ2-2,NA,Donor1:healthy,1.000000,-,-,-,-,-,-,-,-,-,-,-
58,S%WDRGNTGE,1.9e-04,1,2,2.3e-06,1.0e+00,8.0e-02,1.0e+00,1.0e-03,2.9e-02,global-S%WDRGNTGE,CASSFWDRGNTGELFF,TRBV7-3,TRBJ2-2,NA,Donor1:healthy,1.000000,-,-,-,-,-,-,-,-,-,-,-

59,S%RSGYE,2.0e-04,1,3,1.1e-08,1.0e+00,1.2e-02,1.5e-01,1.0e-03,6.2e-03,global-S%RSGYE,CASSGRSGYEQYF,TRBV19,TRBJ2-7,NA,Donor1:healthy,1.000000,-,-,-,-,-,-,-,-,-,-,-
59,S%RSGYE,2.0e-04,1,3,1.1e-08,1.0e+00,1.2e-02,1.5e-01,1.0e-03,6.2e-03,global-S%RSGYE,CASSSRSGYEQYF,TRBV19,TRBJ2-7,NA,Donor1:healthy,1.000000,-,-,-,-,-,-,-,-,-,-,-
59,S%RSGYE,2.0e-04,1,3,1.1e-08,1.0e+00,1.2e-02,1.5e-01,1.0e-03,6.2e-03,global-S%RSGYE,CASSSRSGYEQYF,TRBV7-8,TRBJ2-7,NA,Donor1:healthy,1.000000,-,-,-,-,-,-,-,-,-,-,-
59,S%RSGYE,2.0e-04,1,3,1.1e-08,1.0e+00,1.2e-02,1.5e-01,1.0e-03,6.2e-03,global-S%RSGYE,CASSTRSGYEQYF,TRBV19,TRBJ2-7,NA,Donor1:healthy,3.000000,-,-,-,-,-,-,-,-,-,-,-

60,S%RSGYE,2.0e-04,1,3,1.7e-08,1.0e+00,1.2e-01,2.3e-02,1.0e-03,6.2e-03,global-S%RSGYE,CASSIRSGYEQYF,TRBV19,TRBJ2-7,NA,Donor1:healthy,4.000000,-,-,-,-,-,-,-,-,-,-,-
60,S%RSGYE,2.0e-04,1,3,1.7e-08,1.0e+00,1.2e-01,2.3e-02,1.0e-03,6.2e-03,global-S%RSGYE,CASSFRSGYEQYF,TRBV6-6,TRBJ2-7,NA,Donor1:healthy,1.000000,-,-,-,-,-,-,-,-,-,-,-
60,S%RSGYE,2.0e-04,1,3,1.7e-08,1.0e+00,1.2e-01,2.3e-02,1.0e-03,6.2e-03,global-S%RSGYE,CASSIRSGYEQFF,TRBV19,TRBJ2-1,NA,Donor1:healthy,15.000000,-,-,-,-,-,-,-,-,-,-,-

61,SIR%SYE,2.0e-04,1,3,6.2e-12,1.0e+00,1.0e-03,1.0e-03,1.0e-03,6.2e-03,global-SIR%SYE,CASSIRSSYEQFF,TRBV19,TRBJ2-1,NA,Donor1:healthy,4.000000,-,-,-,-,-,-,-,-,-,-,-
61,SIR%SYE,2.0e-04,1,3,6.2e-12,1.0e+00,1.0e-03,1.0e-03,1.0e-03,6.2e-03,global-SIR%SYE,CASSIRASYEQYF,TRBV19,TRBJ2-7,NA,Donor1:healthy,84.000000,-,-,-,-,-,-,-,-,-,-,-
61,SIR%SYE,2.0e-04,1,3,6.2e-12,1.0e+00,1.0e-03,1.0e-03,1.0e-03,6.2e-03,global-SIR%SYE,CASSIRSSYEQYF,TRBV19,TRBJ2-7,NA,Donor1:healthy,795.000000,-,-,-,-,-,-,-,-,-,-,-

62,EGWV,2.0e-04,1,3,3.1e-04,1.0e+00,1.8e-01,1.0e+00,2.7e-01,6.2e-03,motif-EGWV,CASSLNEGWVQETQYF,TRBV27,TRBJ2-5,NA,Donor1:healthy,1.000000,-,-,-,-,-,-,-,-,-,-,-
62,EGWV,2.0e-04,1,3,3.1e-04,1.0e+00,1.8e-01,1.0e+00,2.7e-01,6.2e-03,motif-EGWV,CASSEFEGWVSGANVLTF,TRBV6-1,TRBJ2-6,NA,Donor1:healthy,1.000000,-,-,-,-,-,-,-,-,-,-,-
62,EGWV,2.0e-04,1,3,3.1e-04,1.0e+00,1.8e-01,1.0e+00,2.7e-01,6.2e-03,motif-EGWV,CASSTFAEGWVSYNEQFF,TRBV5-8,TRBJ2-1,NA,Donor1:healthy,1.000000,-,-,-,-,-,-,-,-,-,-,-

63,PALQ,2.0e-04,1,3,5.3e-04,1.0e+00,1.9e-01,1.0e+00,4.6e-01,6.2e-03,motif-PALQ,CASSPALQPYEQYF,TRBV5-4,TRBJ2-7,NA,Donor1:healthy,1.000000,-,-,-,-,-,-,-,-,-,-,-
63,PALQ,2.0e-04,1,3,5.3e-04,1.0e+00,1.9e-01,1.0e+00,4.6e-01,6.2e-03,motif-PALQ,CASSVGPALQETQYF,TRBV19,TRBJ2-5,NA,Donor1:healthy,1.000000,-,-,-,-,-,-,-,-,-,-,-
63,PALQ,2.0e-04,1,3,5.3e-04,1.0e+00,1.9e-01,1.0e+00,4.6e-01,6.2e-03,motif-PALQ,CSARGGAPALQETQYF,TRBV20-1,TRBJ2-5,NA,Donor1:healthy,1.000000,-,-,-,-,-,-,-,-,-,-,-

64,S%GGRNTE,2.8e-04,1,3,1.3e-06,1.0e+00,2.1e-01,1.0e+00,1.0e-03,6.2e-03,global-S%GGRNTE,CASSWGGRNTEAFF,TRBV11-2,TRBJ1-1,NA,Donor1:healthy,1.000000,-,-,-,-,-,-,-,-,-,-,-
64,S%GGRNTE,2.8e-04,1,3,1.3e-06,1.0e+00,2.1e-01,1.0e+00,1.0e-03,6.2e-03,global-S%GGRNTE,CASSLGGRNTEAFF,TRBV7-9,TRBJ1-1,NA,Donor1:healthy,1.000000,-,-,-,-,-,-,-,-,-,-,-
64,S%GGRNTE,2.8e-04,1,3,1.3e-06,1.0e+00,2.1e-01,1.0e+00,1.0e-03,6.2e-03,global-S%GGRNTE,CASSFGGRNTEAFF,TRBV27,TRBJ1-1,NA,Donor1:healthy,1.000000,-,-,-,-,-,-,-,-,-,-,-

65,GMPY,2.8e-04,1,3,4.4e-05,1.0e+00,2.0e-01,1.0e+00,3.6e-02,6.2e-03,motif-GMPY motif-MPYE,CASSLARGMPYEQYF,TRBV7-9,TRBJ2-7,NA,Donor1:healthy,1.000000,-,-,-,-,-,-,-,-,-,-,-
65,GMPY,2.8e-04,1,3,4.4e-05,1.0e+00,2.0e-01,1.0e+00,3.6e-02,6.2e-03,motif-GMPY motif-MPYE,CASSLEKVSGMPYEQYF,TRBV5-4,TRBJ2-7,NA,Donor1:healthy,1.000000,-,-,-,-,-,-,-,-,-,-,-
65,GMPY,2.8e-04,1,3,4.4e-05,1.0e+00,2.0e-01,1.0e+00,3.6e-02,6.2e-03,motif-GMPY motif-MPYE,CASSPHGLAGMPYEQYF,TRBV14,TRBJ2-7,NA,Donor1:healthy,1.000000,-,-,-,-,-,-,-,-,-,-,-

66,DYYS,2.8e-04,1,3,6.7e-07,1.0e+00,8.0e-03,4.9e-02,2.8e-01,6.2e-03,motif-DYYS,CASSLDYYSNQPQHF,TRBV7-2,TRBJ1-5,NA,Donor1:healthy,5.000000,-,-,-,-,-,-,-,-,-,-,-
66,DYYS,2.8e-04,1,3,6.7e-07,1.0e+00,8.0e-03,4.9e-02,2.8e-01,6.2e-03,motif-DYYS,CASSQDYYSGLRETQYF,TRBV4-1,TRBJ2-5,NA,Donor1:healthy,1.000000,-,-,-,-,-,-,-,-,-,-,-
66,DYYS,2.8e-04,1,3,6.7e-07,1.0e+00,8.0e-03,4.9e-02,2.8e-01,6.2e-03,motif-DYYS,CASSRDYYSNQPQHF,TRBV7-2,TRBJ1-5,NA,Donor1:healthy,4.000000,-,-,-,-,-,-,-,-,-,-,-

67,MPYE,2.9e-04,1,4,1.4e-04,1.0e+00,3.4e-01,1.0e+00,1.8e-01,2.3e-03,motif-MPYE,CASSSHNLRQGWMPYEQYF,TRBV28,TRBJ2-7,NA,Donor1:healthy,1.000000,-,-,-,-,-,-,-,-,-,-,-
67,MPYE,2.9e-04,1,4,1.4e-04,1.0e+00,3.4e-01,1.0e+00,1.8e-01,2.3e-03,motif-MPYE,CASSLEKVSGMPYEQYF,TRBV5-4,TRBJ2-7,NA,Donor1:healthy,1.000000,-,-,-,-,-,-,-,-,-,-,-
67,MPYE,2.9e-04,1,4,1.4e-04,1.0e+00,3.4e-01,1.0e+00,1.8e-01,2.3e-03,motif-MPYE,CASSPHGLAGMPYEQYF,TRBV14,TRBJ2-7,NA,Donor1:healthy,1.000000,-,-,-,-,-,-,-,-,-,-,-
67,MPYE,2.9e-04,1,4,1.4e-04,1.0e+00,3.4e-01,1.0e+00,1.8e-01,2.3e-03,motif-MPYE,CASSLARGMPYEQYF,TRBV7-9,TRBJ2-7,NA,Donor1:healthy,1.000000,-,-,-,-,-,-,-,-,-,-,-

68,PAAD,3.5e-04,1,4,5.9e-04,1.0e+00,3.4e-01,1.0e+00,7.4e-01,2.3e-03,motif-PAAD,CASSFKGPAADTQYF,TRBV27,TRBJ2-3,NA,Donor1:healthy,1.000000,-,-,-,-,-,-,-,-,-,-,-
68,PAAD,3.5e-04,1,4,5.9e-04,1.0e+00,3.4e-01,1.0e+00,7.4e-01,2.3e-03,motif-PAAD,CASSPRPAADTQYF,TRBV11-3,TRBJ2-3,NA,Donor1:healthy,1.000000,-,-,-,-,-,-,-,-,-,-,-
68,PAAD,3.5e-04,1,4,5.9e-04,1.0e+00,3.4e-01,1.0e+00,7.4e-01,2.3e-03,motif-PAAD,CASSLAGPAADRPYNEQFF,TRBV11-2,TRBJ2-1,NA,Donor1:healthy,1.000000,-,-,-,-,-,-,-,-,-,-,-
68,PAAD,3.5e-04,1,4,5.9e-04,1.0e+00,3.4e-01,1.0e+00,7.4e-01,2.3e-03,motif-PAAD,CASTPAADDRPVGNTIYF,TRBV6-5,TRBJ1-3,NA,Donor1:healthy,1.000000,-,-,-,-,-,-,-,-,-,-,-

69,DTFT,5.1e-04,1,3,5.0e-04,1.0e+00,1.9e-01,1.0e+00,4.2e-01,6.2e-03,motif-DTFT,CASSTRDTFTDTQYF,TRBV21-1,TRBJ2-3,NA,Donor1:healthy,1.000000,-,-,-,-,-,-,-,-,-,-,-
69,DTFT,5.1e-04,1,3,5.0e-04,1.0e+00,1.9e-01,1.0e+00,4.2e-01,6.2e-03,motif-DTFT,CASQVDTFTDGGELFF,TRBV28,TRBJ2-2,NA,Donor1:healthy,1.000000,-,-,-,-,-,-,-,-,-,-,-
69,DTFT,5.1e-04,1,3,5.0e-04,1.0e+00,1.9e-01,1.0e+00,4.2e-01,6.2e-03,motif-DTFT,CASSLDTFTEAFF,TRBV7-2,TRBJ1-1,NA,Donor1:healthy,1.000000,-,-,-,-,-,-,-,-,-,-,-

70,SPQW,5.4e-04,1,4,5.1e-05,1.0e+00,3.1e-02,1.0e+00,7.0e-01,2.3e-03,motif-SPQW,CASSPQWTLYGYTF,TRBV18,TRBJ1-2,NA,Donor1:healthy,1.000000,-,-,-,-,-,-,-,-,-,-,-
70,SPQW,5.4e-04,1,4,5.1e-05,1.0e+00,3.1e-02,1.0e+00,7.0e-01,2.3e-03,motif-SPQW,CASSPQWRQHTNYGYTF,TRBV18,TRBJ1-2,NA,Donor1:healthy,1.000000,-,-,-,-,-,-,-,-,-,-,-
70,SPQW,5.4e-04,1,4,5.1e-05,1.0e+00,3.1e-02,1.0e+00,7.0e-01,2.3e-03,motif-SPQW,CASSPQWELNYGYTF,TRBV3-1,TRBJ1-2,NA,Donor1:healthy,1.000000,-,-,-,-,-,-,-,-,-,-,-
70,SPQW,5.4e-04,1,4,5.1e-05,1.0e+00,3.1e-02,1.0e+00,7.0e-01,2.3e-03,motif-SPQW,CASSPQWGSGANVLTF,TRBV9,TRBJ2-6,NA,Donor1:healthy,1.000000,-,-,-,-,-,-,-,-,-,-,-

71,%SDGNE,5.5e-04,1,2,2.2e-06,1.0e+00,7.6e-02,1.0e+00,1.0e-03,2.9e-02,global-%SDGNE,CATTSDGNEQFF,TRBV15,TRBJ2-1,NA,Donor1:healthy,1.000000,-,-,-,-,-,-,-,-,-,-,-
71,%SDGNE,5.5e-04,1,2,2.2e-06,1.0e+00,7.6e-02,1.0e+00,1.0e-03,2.9e-02,global-%SDGNE,CASSSDGNEQFF,TRBV27,TRBJ2-1,NA,Donor1:healthy,1.000000,-,-,-,-,-,-,-,-,-,-,-

72,S%RAGET,5.5e-04,1,2,4.9e-10,1.0e+00,1.0e-03,1.7e-02,1.0e-03,2.9e-02,global-S%RAGET,CASSIRAGETQYF,TRBV19,TRBJ2-5,NA,Donor1:healthy,13.000000,-,-,-,-,-,-,-,-,-,-,-
72,S%RAGET,5.5e-04,1,2,4.9e-10,1.0e+00,1.0e-03,1.7e-02,1.0e-03,2.9e-02,global-S%RAGET,CASSVRAGETQYF,TRBV19,TRBJ2-5,NA,Donor1:healthy,2.000000,-,-,-,-,-,-,-,-,-,-,-

73,SF%RNYE,5.5e-04,1,2,2.0e-06,1.0e+00,6.7e-02,1.0e+00,1.0e-03,2.9e-02,global-SF%RNYE,CASSFSRNYEQYF,TRBV27,TRBJ2-7,NA,Donor1:healthy,1.000000,-,-,-,-,-,-,-,-,-,-,-
73,SF%RNYE,5.5e-04,1,2,2.0e-06,1.0e+00,6.7e-02,1.0e+00,1.0e-03,2.9e-02,global-SF%RNYE,CASSFGRNYEQYF,TRBV11-2,TRBJ2-7,NA,Donor1:healthy,1.000000,-,-,-,-,-,-,-,-,-,-,-

74,SMR%SYE,5.5e-04,1,2,1.7e-09,1.0e+00,1.0e-03,5.8e-02,1.0e-03,2.9e-02,global-SMR%SYE,CASSMRSSYEQYF,TRBV19,TRBJ2-7,NA,Donor1:healthy,2.000000,-,-,-,-,-,-,-,-,-,-,-
74,SMR%SYE,5.5e-04,1,2,1.7e-09,1.0e+00,1.0e-03,5.8e-02,1.0e-03,2.9e-02,global-SMR%SYE,CASSMRASYEQYF,TRBV19,TRBJ2-7,NA,Donor1:healthy,3.000000,-,-,-,-,-,-,-,-,-,-,-

75,SSR%GSE,5.5e-04,1,2,1.8e-06,1.0e+00,6.3e-02,1.0e+00,1.0e-03,2.9e-02,global-SSR%GSE,CASSSRSGSEQYF,TRBV19,TRBJ2-7,NA,Donor1:healthy,1.000000,-,-,-,-,-,-,-,-,-,-,-
75,SSR%GSE,5.5e-04,1,2,1.8e-06,1.0e+00,6.3e-02,1.0e+00,1.0e-03,2.9e-02,global-SSR%GSE,CASSSRGGSEAFF,TRBV12-4,TRBJ1-1,NA,Donor1:healthy,1.000000,-,-,-,-,-,-,-,-,-,-,-

76,SIRA%ET,5.5e-04,1,2,7.0e-10,1.0e+00,1.0e-03,2.4e-02,1.0e-03,2.9e-02,motif-SIRA global-SIRA%ET,CASSIRAGETQYF,TRBV19,TRBJ2-5,NA,Donor1:healthy,13.000000,-,-,-,-,-,-,-,-,-,-,-
76,SIRA%ET,5.5e-04,1,2,7.0e-10,1.0e+00,1.0e-03,2.4e-02,1.0e-03,2.9e-02,motif-SIRA global-SIRA%ET,CASSIRASETQYF,TRBV19,TRBJ2-5,NA,Donor1:healthy,1.000000,-,-,-,-,-,-,-,-,-,-,-

77,SIRST%T,5.5e-04,1,2,8.1e-10,1.0e+00,1.0e-03,2.8e-02,1.0e-03,2.9e-02,motif-IRST motif-IRS motif-SIRS global-SIRST%T,CASSIRSTDTQYF,TRBV19,TRBJ2-3,NA,Donor1:healthy,8.000000,-,-,-,-,-,-,-,-,-,-,-
77,SIRST%T,5.5e-04,1,2,8.1e-10,1.0e+00,1.0e-03,2.8e-02,1.0e-03,2.9e-02,motif-IRST motif-IRS motif-SIRS global-SIRST%T,CASSIRSTETQYF,TRBV19,TRBJ2-5,NA,Donor1:healthy,1.000000,-,-,-,-,-,-,-,-,-,-,-

78,SIRSA%E,5.5e-04,1,2,2.9e-11,1.0e+00,1.0e-03,1.0e-03,1.0e-03,2.9e-02,motif-IRSA motif-IRS motif-SIRS global-SIRSA%E,CASSIRSAYEQYF,TRBV19,TRBJ2-7,NA,Donor1:healthy,172.000000,-,-,-,-,-,-,-,-,-,-,-
78,SIRSA%E,5.5e-04,1,2,2.9e-11,1.0e+00,1.0e-03,1.0e-03,1.0e-03,2.9e-02,motif-IRSA motif-IRS motif-SIRS global-SIRSA%E,CASSIRSAWEQFF,TRBV19,TRBJ2-1,NA,Donor1:healthy,6.000000,-,-,-,-,-,-,-,-,-,-,-

79,SPTGL%QP,5.5e-04,1,2,2.7e-07,1.0e+00,6.5e-02,1.4e-01,1.0e-03,2.9e-02,global-SPTGL%QP,CASSPTGLSQPQHF,TRBV27,TRBJ1-5,NA,Donor1:healthy,1.000000,-,-,-,-,-,-,-,-,-,-,-
79,SPTGL%QP,5.5e-04,1,2,2.7e-07,1.0e+00,6.5e-02,1.4e-01,1.0e-03,2.9e-02,global-SPTGL%QP,CASSPTGLGQPQHF,TRBV28,TRBJ1-5,NA,Donor1:healthy,2.000000,-,-,-,-,-,-,-,-,-,-,-

80,SLRDR%HE,5.5e-04,1,2,2.1e-06,1.0e+00,7.2e-02,1.0e+00,1.0e-03,2.9e-02,global-SLRDR%HE,CASSLRDRGHEQYF,TRBV7-9,TRBJ2-7,NA,Donor1:healthy,1.000000,-,-,-,-,-,-,-,-,-,-,-
80,SLRDR%HE,5.5e-04,1,2,2.1e-06,1.0e+00,7.2e-02,1.0e+00,1.0e-03,2.9e-02,global-SLRDR%HE,CASSLRDRAHEQYF,TRBV13,TRBJ2-7,NA,Donor1:healthy,1.000000,-,-,-,-,-,-,-,-,-,-,-

81,RAPAG%YE,5.5e-04,1,2,2.1e-06,1.0e+00,7.2e-02,1.0e+00,1.0e-03,2.9e-02,global-RAPAG%YE,CASRAPAGVYEQYF,TRBV2,TRBJ2-7,NA,Donor1:healthy,1.000000,-,-,-,-,-,-,-,-,-,-,-
81,RAPAG%YE,5.5e-04,1,2,2.1e-06,1.0e+00,7.2e-02,1.0e+00,1.0e-03,2.9e-02,global-RAPAG%YE,CSARAPAGAYEQYF,TRBV20-1,TRBJ2-7,NA,Donor1:healthy,1.000000,-,-,-,-,-,-,-,-,-,-,-

82,S%AGTSGYE,5.5e-04,1,2,1.8e-06,1.0e+00,6.1e-02,1.0e+00,1.0e-03,2.9e-02,global-S%AGTSGYE,CASSVAGTSGYEQYF,TRBV9,TRBJ2-7,NA,Donor1:healthy,1.000000,-,-,-,-,-,-,-,-,-,-,-
82,S%AGTSGYE,5.5e-04,1,2,1.8e-06,1.0e+00,6.1e-02,1.0e+00,1.0e-03,2.9e-02,global-S%AGTSGYE,CASSLAGTSGYEQYF,TRBV7-6,TRBJ2-7,NA,Donor1:healthy,1.000000,-,-,-,-,-,-,-,-,-,-,-

83,SMGQG%YNE,5.5e-04,1,2,2.9e-08,1.0e+00,1.0e-03,1.0e+00,1.0e-03,2.9e-02,global-SMGQG%YNE,CASSMGQGGYNEQFF,TRBV19,TRBJ2-1,NA,Donor1:healthy,1.000000,-,-,-,-,-,-,-,-,-,-,-
83,SMGQG%YNE,5.5e-04,1,2,2.9e-08,1.0e+00,1.0e-03,1.0e+00,1.0e-03,2.9e-02,global-SMGQG%YNE,CASSMGQGSYNEQFF,TRBV19,TRBJ2-1,NA,Donor1:healthy,1.000000,-,-,-,-,-,-,-,-,-,-,-

84,SLA%GGFSYE,5.5e-04,1,2,1.7e-06,1.0e+00,5.8e-02,1.0e+00,1.0e-03,2.9e-02,global-SLA%GGFSYE,CASSLAQGGFSYEQYF,TRBV7-3,TRBJ2-7,NA,Donor1:healthy,1.000000,-,-,-,-,-,-,-,-,-,-,-
84,SLA%GGFSYE,5.5e-04,1,2,1.7e-06,1.0e+00,5.8e-02,1.0e+00,1.0e-03,2.9e-02,global-SLA%GGFSYE,CASSLADGGFSYEQYF,TRBV7-9,TRBJ2-7,NA,Donor1:healthy,1.000000,-,-,-,-,-,-,-,-,-,-,-

85,SYG%GQP,6.5e-04,1,3,6.2e-09,1.0e+00,1.0e-03,1.0e+00,1.0e-03,6.2e-03,global-SYG%GQP,CASSYGMGQPQHF,TRBV6-3,TRBJ1-5,NA,Donor1:healthy,1.000000,-,-,-,-,-,-,-,-,-,-,-
85,SYG%GQP,6.5e-04,1,3,6.2e-09,1.0e+00,1.0e-03,1.0e+00,1.0e-03,6.2e-03,global-SYG%GQP,CASSYGVGQPQHF,TRBV6-3,TRBJ1-5,NA,Donor1:healthy,1.000000,-,-,-,-,-,-,-,-,-,-,-
85,SYG%GQP,6.5e-04,1,3,6.2e-09,1.0e+00,1.0e-03,1.0e+00,1.0e-03,6.2e-03,global-SYG%GQP,CASSYGTGQPQHF,TRBV6-3,TRBJ1-5,NA,Donor1:healthy,1.000000,-,-,-,-,-,-,-,-,-,-,-

86,SMRA,6.5e-04,1,3,4.1e-10,1.0e+00,1.0e-03,6.7e-02,1.0e-03,6.2e-03,motif-SMRA motif-MRAS global-SMRAS%E,CASSMRASVEQFF,TRBV19,TRBJ2-1,NA,Donor1:healthy,3.000000,-,-,-,-,-,-,-,-,-,-,-
86,SMRA,6.5e-04,1,3,4.1e-10,1.0e+00,1.0e-03,6.7e-02,1.0e-03,6.2e-03,motif-SMRA motif-MRAS global-SMRAS%E,CASSMRASVEQYF,TRBV19,TRBJ2-7,NA,Donor1:healthy,2.000000,-,-,-,-,-,-,-,-,-,-,-
86,SMRA,6.5e-04,1,3,4.1e-10,1.0e+00,1.0e-03,6.7e-02,1.0e-03,6.2e-03,motif-SMRA motif-MRAS global-SMRAS%E,CASSMRASYEQYF,TRBV19,TRBJ2-7,NA,Donor1:healthy,3.000000,-,-,-,-,-,-,-,-,-,-,-

87,FWV,7.1e-04,1,4,1.7e-04,1.0e+00,3.6e-01,1.0e+00,2.0e-01,2.3e-03,motif-FWV,CASSRFWVGPYEQYF,TRBV5-1,TRBJ2-7,NA,Donor1:healthy,1.000000,-,-,-,-,-,-,-,-,-,-,-
87,FWV,7.1e-04,1,4,1.7e-04,1.0e+00,3.6e-01,1.0e+00,2.0e-01,2.3e-03,motif-FWV,CASSQEFWVLGELFF,TRBV4-3,TRBJ2-2,NA,Donor1:healthy,1.000000,-,-,-,-,-,-,-,-,-,-,-
87,FWV,7.1e-04,1,4,1.7e-04,1.0e+00,3.6e-01,1.0e+00,2.0e-01,2.3e-03,motif-FWV,CASSLFWVFSGTASNQPQHF,TRBV28,TRBJ1-5,NA,Donor1:healthy,1.000000,-,-,-,-,-,-,-,-,-,-,-
87,FWV,7.1e-04,1,4,1.7e-04,1.0e+00,3.6e-01,1.0e+00,2.0e-01,2.3e-03,motif-FWV,CASSFWVGGLIKDTEAFF,TRBV7-2,TRBJ1-1,NA,Donor1:healthy,1.000000,-,-,-,-,-,-,-,-,-,-,-

88,HLLS,8.2e-04,1,3,5.5e-04,1.0e+00,1.9e-01,1.0e+00,4.7e-01,6.2e-03,motif-HLLS,CASSHLLSDIQYF,TRBV4-1,TRBJ2-4,NA,Donor1:healthy,1.000000,-,-,-,-,-,-,-,-,-,-,-
88,HLLS,8.2e-04,1,3,5.5e-04,1.0e+00,1.9e-01,1.0e+00,4.7e-01,6.2e-03,motif-HLLS,CASSHLLSTVDYEQYF,TRBV19,TRBJ2-7,NA,Donor1:healthy,1.000000,-,-,-,-,-,-,-,-,-,-,-
88,HLLS,8.2e-04,1,3,5.5e-04,1.0e+00,1.9e-01,1.0e+00,4.7e-01,6.2e-03,motif-HLLS,CASSLHLLSYNEQFF,TRBV28,TRBJ2-1,NA,Donor1:healthy,1.000000,-,-,-,-,-,-,-,-,-,-,-

89,S%GVYG,1.0e-03,1,3,7.2e-09,1.0e+00,1.1e-01,1.1e-02,1.0e-03,6.2e-03,global-S%GVYG,CASSMGVYGYTF,TRBV19,TRBJ1-2,NA,Donor1:healthy,2.000000,-,-,-,-,-,-,-,-,-,-,-
89,S%GVYG,1.0e-03,1,3,7.2e-09,1.0e+00,1.1e-01,1.1e-02,1.0e-03,6.2e-03,global-S%GVYG,CASSIGVYGYTF,TRBV19,TRBJ1-2,NA,Donor1:healthy,44.000000,-,-,-,-,-,-,-,-,-,-,-
89,S%GVYG,1.0e-03,1,3,7.2e-09,1.0e+00,1.1e-01,1.1e-02,1.0e-03,6.2e-03,global-S%GVYG,CASSLGVYGYTF,TRBV5-6,TRBJ1-2,NA,Donor1:healthy,1.000000,-,-,-,-,-,-,-,-,-,-,-

90,HLI,1.0e-03,1,4,1.5e-04,1.0e+00,3.4e-01,1.0e+00,1.9e-01,2.3e-03,motif-HLI,CASSPHLIGLPTYEQYF,TRBV4-2,TRBJ2-7,NA,Donor1:healthy,1.000000,-,-,-,-,-,-,-,-,-,-,-
90,HLI,1.0e-03,1,4,1.5e-04,1.0e+00,3.4e-01,1.0e+00,1.9e-01,2.3e-03,motif-HLI,CASSHLISGRQRGTDTQYF,TRBV7-9,TRBJ2-3,NA,Donor1:healthy,1.000000,-,-,-,-,-,-,-,-,-,-,-
90,HLI,1.0e-03,1,4,1.5e-04,1.0e+00,3.4e-01,1.0e+00,1.9e-01,2.3e-03,motif-HLI,CASSVAHLINEQFF,TRBV9,TRBJ2-1,NA,Donor1:healthy,1.000000,-,-,-,-,-,-,-,-,-,-,-
90,HLI,1.0e-03,1,4,1.5e-04,1.0e+00,3.4e-01,1.0e+00,1.9e-01,2.3e-03,motif-HLI,CASSHLILGETQYF,TRBV4-3,TRBJ2-5,NA,Donor1:healthy,1.000000,-,-,-,-,-,-,-,-,-,-,-

91,S%GGIG,1.1e-03,1,2,2.9e-08,1.0e+00,1.0e-03,1.0e+00,1.0e-03,2.9e-02,global-S%GGIG,CASSFGGIGYTF,TRBV7-6,TRBJ1-2,NA,Donor1:healthy,1.000000,-,-,-,-,-,-,-,-,-,-,-
91,S%GGIG,1.1e-03,1,2,2.9e-08,1.0e+00,1.0e-03,1.0e+00,1.0e-03,2.9e-02,global-S%GGIG,CASSLGGIGYTF,TRBV7-6,TRBJ1-2,NA,Donor1:healthy,1.000000,-,-,-,-,-,-,-,-,-,-,-

92,STGA%G,1.1e-03,1,2,1.7e-09,1.0e+00,1.0e-03,6.0e-02,1.0e-03,2.9e-02,global-STGA%G,CASSTGAYGYTF,TRBV19,TRBJ1-2,NA,Donor1:healthy,1.000000,-,-,-,-,-,-,-,-,-,-,-
92,STGA%G,1.1e-03,1,2,1.7e-09,1.0e+00,1.0e-03,6.0e-02,1.0e-03,2.9e-02,global-STGA%G,CASSTGAWGYTF,TRBV19,TRBJ1-2,NA,Donor1:healthy,4.000000,-,-,-,-,-,-,-,-,-,-,-

93,S%RSGET,1.1e-03,1,2,1.1e-09,1.0e+00,1.0e-03,3.9e-02,1.0e-03,2.9e-02,global-S%RSGET,CASSGRSGETQYF,TRBV19,TRBJ2-5,NA,Donor1:healthy,7.000000,-,-,-,-,-,-,-,-,-,-,-
93,S%RSGET,1.1e-03,1,2,1.1e-09,1.0e+00,1.0e-03,3.9e-02,1.0e-03,2.9e-02,global-S%RSGET,CASSSRSGETQYF,TRBV19,TRBJ2-5,NA,Donor1:healthy,1.000000,-,-,-,-,-,-,-,-,-,-,-

94,STR%AYE,1.1e-03,1,2,4.1e-10,1.0e+00,1.0e-03,1.4e-02,1.0e-03,2.9e-02,global-STR%AYE,CASSTRSAYEQYF,TRBV19,TRBJ2-7,NA,Donor1:healthy,15.000000,-,-,-,-,-,-,-,-,-,-,-
94,STR%AYE,1.1e-03,1,2,4.1e-10,1.0e+00,1.0e-03,1.4e-02,1.0e-03,2.9e-02,global-STR%AYE,CASSTRAAYEQYF,TRBV19,TRBJ2-7,NA,Donor1:healthy,16.000000,-,-,-,-,-,-,-,-,-,-,-

95,SIR%GET,1.1e-03,1,2,5.8e-10,1.0e+00,1.0e-03,2.0e-02,1.0e-03,2.9e-02,global-SIR%GET,CASSIRAGETQYF,TRBV19,TRBJ2-5,NA,Donor1:healthy,13.000000,-,-,-,-,-,-,-,-,-,-,-
95,SIR%GET,1.1e-03,1,2,5.8e-10,1.0e+00,1.0e-03,2.0e-02,1.0e-03,2.9e-02,global-SIR%GET,CASSIRSGETQYF,TRBV19,TRBJ2-5,NA,Donor1:healthy,3.000000,-,-,-,-,-,-,-,-,-,-,-

96,SIRA%YE,1.1e-03,1,2,1.7e-10,1.0e+00,1.0e-03,6.0e-03,1.0e-03,2.9e-02,motif-SIRA global-SIRA%YE,CASSIRASYEQYF,TRBV19,TRBJ2-7,NA,Donor1:healthy,84.000000,-,-,-,-,-,-,-,-,-,-,-
96,SIRA%YE,1.1e-03,1,2,1.7e-10,1.0e+00,1.0e-03,6.0e-03,1.0e-03,2.9e-02,motif-SIRA global-SIRA%YE,CASSIRAAYEQYF,TRBV19,TRBJ2-7,NA,Donor1:healthy,3.000000,-,-,-,-,-,-,-,-,-,-,-

97,SVRS%YE,1.1e-03,1,2,8.7e-11,1.0e+00,1.0e-03,3.0e-03,1.0e-03,2.9e-02,global-SVRS%YE,CASSVRSSYEQYF,TRBV19,TRBJ2-7,NA,Donor1:healthy,140.000000,-,-,-,-,-,-,-,-,-,-,-
97,SVRS%YE,1.1e-03,1,2,8.7e-11,1.0e+00,1.0e-03,3.0e-03,1.0e-03,2.9e-02,global-SVRS%YE,CASSVRSAYEQYF,TRBV19,TRBJ2-7,NA,Donor1:healthy,2.000000,-,-,-,-,-,-,-,-,-,-,-

98,SL%RATDT,1.1e-03,1,2,2.1e-06,1.0e+00,7.3e-02,1.0e+00,1.0e-03,2.9e-02,global-SL%RATDT,CASSLERATDTQYF,TRBV4-1,TRBJ2-3,NA,Donor1:healthy,1.000000,-,-,-,-,-,-,-,-,-,-,-
98,SL%RATDT,1.1e-03,1,2,2.1e-06,1.0e+00,7.3e-02,1.0e+00,1.0e-03,2.9e-02,global-SL%RATDT,CASSLHRATDTQYF,TRBV27,TRBJ2-3,NA,Donor1:healthy,1.000000,-,-,-,-,-,-,-,-,-,-,-

99,SPQG%GQP,1.1e-03,1,2,2.1e-06,1.0e+00,7.2e-02,1.0e+00,1.0e-03,2.9e-02,global-SPQG%GQP,CASSPQGLGQPQHF,TRBV27,TRBJ1-5,NA,Donor1:healthy,1.000000,-,-,-,-,-,-,-,-,-,-,-
99,SPQG%GQP,1.1e-03,1,2,2.1e-06,1.0e+00,7.2e-02,1.0e+00,1.0e-03,2.9e-02,global-SPQG%GQP,CASSPQGVGQPQHF,TRBV28,TRBJ1-5,NA,Donor1:healthy,1.000000,-,-,-,-,-,-,-,-,-,-,-

100,SFGQG%EK,1.1e-03,1,2,4.1e-10,1.0e+00,1.0e-03,1.4e-02,1.0e-03,2.9e-02,global-SFGQG%EK,CASSFGQGAEKLFF,TRBV27,TRBJ1-4,NA,Donor1:healthy,42.000000,-,-,-,-,-,-,-,-,-,-,-
100,SFGQG%EK,1.1e-03,1,2,4.1e-10,1.0e+00,1.0e-03,1.4e-02,1.0e-03,2.9e-02,global-SFGQG%EK,CASSFGQGGEKLFF,TRBV27,TRBJ1-4,NA,Donor1:healthy,1.000000,-,-,-,-,-,-,-,-,-,-,-

101,SPRLAG%ET,1.1e-03,1,2,1.9e-06,1.0e+00,6.4e-02,1.0e+00,1.0e-03,2.9e-02,global-SPRLAG%ET,CASSPRLAGAETQYF,TRBV11-1,TRBJ2-5,NA,Donor1:healthy,1.000000,-,-,-,-,-,-,-,-,-,-,-
101,SPRLAG%ET,1.1e-03,1,2,1.9e-06,1.0e+00,6.4e-02,1.0e+00,1.0e-03,2.9e-02,global-SPRLAG%ET,CASSPRLAGGETQYF,TRBV28,TRBJ2-5,NA,Donor1:healthy,1.000000,-,-,-,-,-,-,-,-,-,-,-

102,STG%YG,1.5e-03,1,3,3.9e-10,1.0e+00,1.0e-03,6.3e-02,1.0e-03,6.2e-03,global-STG%YG,CASSTGVYGYTF,TRBV19,TRBJ1-2,NA,Donor1:healthy,4.000000,-,-,-,-,-,-,-,-,-,-,-
102,STG%YG,1.5e-03,1,3,3.9e-10,1.0e+00,1.0e-03,6.3e-02,1.0e-03,6.2e-03,global-STG%YG,CASSTGSYGYTF,TRBV19,TRBJ1-2,NA,Donor1:healthy,3.000000,-,-,-,-,-,-,-,-,-,-,-
102,STG%YG,1.5e-03,1,3,3.9e-10,1.0e+00,1.0e-03,6.3e-02,1.0e-03,6.2e-03,global-STG%YG,CASSTGAYGYTF,TRBV19,TRBJ1-2,NA,Donor1:healthy,1.000000,-,-,-,-,-,-,-,-,-,-,-

103,SA%SGE,1.8e-03,1,2,2.0e-06,1.0e+00,6.7e-02,1.0e+00,1.0e-03,2.9e-02,global-SA%SGE,CASSAGSGEAFF,TRBV11-1,TRBJ1-1,NA,Donor1:healthy,1.000000,-,-,-,-,-,-,-,-,-,-,-
103,SA%SGE,1.8e-03,1,2,2.0e-06,1.0e+00,6.7e-02,1.0e+00,1.0e-03,2.9e-02,global-SA%SGE,CASSANSGEQFF,TRBV9,TRBJ2-1,NA,Donor1:healthy,1.000000,-,-,-,-,-,-,-,-,-,-,-

104,SL%GDE,1.8e-03,1,4,1.9e-07,1.0e+00,3.3e-01,2.4e-01,1.0e-03,2.3e-03,global-SL%GDE,CASSLGGDEQFF,TRBV5-4,TRBJ2-1,NA,Donor1:healthy,2.000000,-,-,-,-,-,-,-,-,-,-,-
104,SL%GDE,1.8e-03,1,4,1.9e-07,1.0e+00,3.3e-01,2.4e-01,1.0e-03,2.3e-03,global-SL%GDE,CASSLLGDEQFF,TRBV5-6,TRBJ2-1,NA,Donor1:healthy,1.000000,-,-,-,-,-,-,-,-,-,-,-
104,SL%GDE,1.8e-03,1,4,1.9e-07,1.0e+00,3.3e-01,2.4e-01,1.0e-03,2.3e-03,global-SL%GDE,CASSLAGDEQYF,TRBV11-2,TRBJ2-7,NA,Donor1:healthy,1.000000,-,-,-,-,-,-,-,-,-,-,-
104,SL%GDE,1.8e-03,1,4,1.9e-07,1.0e+00,3.3e-01,2.4e-01,1.0e-03,2.3e-03,global-SL%GDE,CASSLVGDEQFF,TRBV7-9,TRBJ2-1,NA,Donor1:healthy,1.000000,-,-,-,-,-,-,-,-,-,-,-

105,SFGG%T,1.8e-03,1,2,2.2e-06,1.0e+00,7.4e-02,1.0e+00,1.0e-03,2.9e-02,global-SFGG%T,CASSFGGNTIYF,TRBV5-6,TRBJ1-3,NA,Donor1:healthy,1.000000,-,-,-,-,-,-,-,-,-,-,-
105,SFGG%T,1.8e-03,1,2,2.2e-06,1.0e+00,7.4e-02,1.0e+00,1.0e-03,2.9e-02,global-SFGG%T,CASSFGGETQYF,TRBV7-9,TRBJ2-5,NA,Donor1:healthy,1.000000,-,-,-,-,-,-,-,-,-,-,-

106,S%RSADT,1.8e-03,1,2,4.2e-09,1.0e+00,1.0e-03,1.4e-01,1.0e-03,2.9e-02,global-S%RSADT,CASSVRSADTQYF,TRBV19,TRBJ2-3,NA,Donor1:healthy,2.000000,-,-,-,-,-,-,-,-,-,-,-
106,S%RSADT,1.8e-03,1,2,4.2e-09,1.0e+00,1.0e-03,1.4e-01,1.0e-03,2.9e-02,global-S%RSADT,CASSIRSADTQYF,TRBV19,TRBJ2-3,NA,Donor1:healthy,1.000000,-,-,-,-,-,-,-,-,-,-,-

107,SR%AGNE,1.8e-03,1,2,2.0e-06,1.0e+00,6.8e-02,1.0e+00,1.0e-03,2.9e-02,global-SR%AGNE,CASSRLAGNEQYF,TRBV28,TRBJ2-7,NA,Donor1:healthy,1.000000,-,-,-,-,-,-,-,-,-,-,-
107,SR%AGNE,1.8e-03,1,2,2.0e-06,1.0e+00,6.8e-02,1.0e+00,1.0e-03,2.9e-02,global-SR%AGNE,CASSRIAGNEQYF,TRBV7-3,TRBJ2-7,NA,Donor1:healthy,1.000000,-,-,-,-,-,-,-,-,-,-,-

108,STR%TGE,1.8e-03,1,2,1.7e-10,1.0e+00,1.0e-03,6.0e-03,1.0e-03,2.9e-02,global-STR%TGE,CASSTRATGELFF,TRBV19,TRBJ2-2,NA,Donor1:healthy,37.000000,-,-,-,-,-,-,-,-,-,-,-
108,STR%TGE,1.8e-03,1,2,1.7e-10,1.0e+00,1.0e-03,6.0e-03,1.0e-03,2.9e-02,global-STR%TGE,CASSTRSTGELFF,TRBV19,TRBJ2-2,NA,Donor1:healthy,2.000000,-,-,-,-,-,-,-,-,-,-,-

109,SFRS%YE,1.8e-03,1,2,6.5e-08,1.0e+00,7.4e-02,3.0e-02,1.0e-03,2.9e-02,global-SFRS%YE,CASSFRSSYEQYF,TRBV19,TRBJ2-7,NA,Donor1:healthy,10.000000,-,-,-,-,-,-,-,-,-,-,-
109,SFRS%YE,1.8e-03,1,2,6.5e-08,1.0e+00,7.4e-02,3.0e-02,1.0e-03,2.9e-02,global-SFRS%YE,CASSFRSGYEQYF,TRBV6-6,TRBJ2-7,NA,Donor1:healthy,1.000000,-,-,-,-,-,-,-,-,-,-,-

110,SLVE%TE,1.8e-03,1,2,2.2e-06,1.0e+00,7.6e-02,1.0e+00,1.0e-03,2.9e-02,global-SLVE%TE,CASSLVEGTEAFF,TRBV5-4,TRBJ1-1,NA,Donor1:healthy,1.000000,-,-,-,-,-,-,-,-,-,-,-
110,SLVE%TE,1.8e-03,1,2,2.2e-06,1.0e+00,7.6e-02,1.0e+00,1.0e-03,2.9e-02,global-SLVE%TE,CASSLVENTEAFF,TRBV28,TRBJ1-1,NA,Donor1:healthy,1.000000,-,-,-,-,-,-,-,-,-,-,-

111,G%GPNTGE,1.8e-03,1,2,1.7e-06,1.0e+00,5.9e-02,1.0e+00,1.0e-03,2.9e-02,global-G%GPNTGE,CATGSGPNTGELFF,TRBV2,TRBJ2-2,NA,Donor1:healthy,1.000000,-,-,-,-,-,-,-,-,-,-,-
111,G%GPNTGE,1.8e-03,1,2,1.7e-06,1.0e+00,5.9e-02,1.0e+00,1.0e-03,2.9e-02,global-G%GPNTGE,CSAGQGPNTGELFF,TRBV20-1,TRBJ2-2,NA,Donor1:healthy,1.000000,-,-,-,-,-,-,-,-,-,-,-

112,SQETS%YE,1.8e-03,1,2,2.9e-08,1.0e+00,1.0e-03,1.0e+00,1.0e-03,2.9e-02,global-SQETS%YE,CASSQETSAYEQYF,TRBV4-3,TRBJ2-7,NA,Donor1:healthy,1.000000,-,-,-,-,-,-,-,-,-,-,-
112,SQETS%YE,1.8e-03,1,2,2.9e-08,1.0e+00,1.0e-03,1.0e+00,1.0e-03,2.9e-02,global-SQETS%YE,CASSQETSTYEQYF,TRBV4-3,TRBJ2-7,NA,Donor1:healthy,1.000000,-,-,-,-,-,-,-,-,-,-,-

113,SF%GGTE,2.1e-03,1,3,1.2e-06,1.0e+00,2.0e-01,1.0e+00,1.0e-03,6.2e-03,global-SF%GGTE,CASSFSGGTEAFF,TRBV27,TRBJ1-1,NA,Donor1:healthy,1.000000,-,-,-,-,-,-,-,-,-,-,-
113,SF%GGTE,2.1e-03,1,3,1.2e-06,1.0e+00,2.0e-01,1.0e+00,1.0e-03,6.2e-03,global-SF%GGTE,CASSFGGGTEAFF,TRBV5-1,TRBJ1-1,NA,Donor1:healthy,1.000000,-,-,-,-,-,-,-,-,-,-,-
113,SF%GGTE,2.1e-03,1,3,1.2e-06,1.0e+00,2.0e-01,1.0e+00,1.0e-03,6.2e-03,global-SF%GGTE,CASSFQGGTEAFF,TRBV7-3,TRBJ1-1,NA,Donor1:healthy,1.000000,-,-,-,-,-,-,-,-,-,-,-

114,SS%GSTDT,2.1e-03,1,3,1.0e-06,1.0e+00,1.6e-01,1.0e+00,1.0e-03,6.2e-03,global-SS%GSTDT,CASSSSGSTDTQYF,TRBV3-1,TRBJ2-3,NA,Donor1:healthy,1.000000,-,-,-,-,-,-,-,-,-,-,-
114,SS%GSTDT,2.1e-03,1,3,1.0e-06,1.0e+00,1.6e-01,1.0e+00,1.0e-03,6.2e-03,global-SS%GSTDT,CASSSGGSTDTQYF,TRBV12-3,TRBJ2-3,NA,Donor1:healthy,1.000000,-,-,-,-,-,-,-,-,-,-,-
114,SS%GSTDT,2.1e-03,1,3,1.0e-06,1.0e+00,1.6e-01,1.0e+00,1.0e-03,6.2e-03,global-SS%GSTDT,CASSSTGSTDTQYF,TRBV7-9,TRBJ2-3,NA,Donor1:healthy,1.000000,-,-,-,-,-,-,-,-,-,-,-

115,SG%HE,2.7e-03,1,2,1.9e-06,1.0e+00,6.5e-02,1.0e+00,1.0e-03,2.9e-02,global-SG%HE,CASSGSHEQYF,TRBV9,TRBJ2-7,NA,Donor1:healthy,1.000000,-,-,-,-,-,-,-,-,-,-,-
115,SG%HE,2.7e-03,1,2,1.9e-06,1.0e+00,6.5e-02,1.0e+00,1.0e-03,2.9e-02,global-SG%HE,CASSGAHEQYF,TRBV7-9,TRBJ2-7,NA,Donor1:healthy,1.000000,-,-,-,-,-,-,-,-,-,-,-

116,S%ARNTE,2.7e-03,1,2,2.3e-07,1.0e+00,6.0e-02,1.3e-01,1.0e-03,2.9e-02,global-S%ARNTE,CASSSARNTEAFF,TRBV19,TRBJ1-1,NA,Donor1:healthy,1.000000,-,-,-,-,-,-,-,-,-,-,-
116,S%ARNTE,2.7e-03,1,2,2.3e-07,1.0e+00,6.0e-02,1.3e-01,1.0e-03,2.9e-02,global-S%ARNTE,CAWSGARNTEAFF,TRBV30,TRBJ1-1,NA,Donor1:healthy,2.000000,-,-,-,-,-,-,-,-,-,-,-

117,S%GGAET,2.7e-03,1,2,5.6e-06,1.0e+00,1.9e-01,1.0e+00,1.0e-03,2.9e-02,global-S%GGAET,CASSFGGAETQYF,TRBV28,TRBJ2-5,NA,Donor1:healthy,1.000000,-,-,-,-,-,-,-,-,-,-,-
117,S%GGAET,2.7e-03,1,2,5.6e-06,1.0e+00,1.9e-01,1.0e+00,1.0e-03,2.9e-02,global-S%GGAET,CASSLGGAETQYF,TRBV13,TRBJ2-5,NA,Donor1:healthy,1.000000,-,-,-,-,-,-,-,-,-,-,-
117,S%GGAET,2.7e-03,1,2,5.6e-06,1.0e+00,1.9e-01,1.0e+00,1.0e-03,2.9e-02,global-S%GGAET,CASSLGGAETQYF,TRBV7-9,TRBJ2-5,NA,Donor1:healthy,1.000000,-,-,-,-,-,-,-,-,-,-,-

118,SY%SGNT,2.7e-03,1,2,3.3e-09,1.0e+00,1.0e-03,1.1e-01,1.0e-03,2.9e-02,global-SY%SGNT,CASSYASGNTIYF,TRBV6-5,TRBJ1-3,NA,Donor1:healthy,1.000000,-,-,-,-,-,-,-,-,-,-,-
118,SY%SGNT,2.7e-03,1,2,3.3e-09,1.0e+00,1.0e-03,1.1e-01,1.0e-03,2.9e-02,global-SY%SGNT,CASSYSSGNTIYF,TRBV6-5,TRBJ1-3,NA,Donor1:healthy,2.000000,-,-,-,-,-,-,-,-,-,-,-

119,SL%GGYTE,2.7e-03,1,2,1.6e-06,1.0e+00,5.6e-02,1.0e+00,1.0e-03,2.9e-02,global-SL%GGYTE,CASSLAGGYTEAFF,TRBV5-4,TRBJ1-1,NA,Donor1:healthy,1.000000,-,-,-,-,-,-,-,-,-,-,-
119,SL%GGYTE,2.7e-03,1,2,1.6e-06,1.0e+00,5.6e-02,1.0e+00,1.0e-03,2.9e-02,global-SL%GGYTE,CASSLSGGYTEAFF,TRBV27,TRBJ1-1,NA,Donor1:healthy,1.000000,-,-,-,-,-,-,-,-,-,-,-

120,SSQG%GNT,2.7e-03,1,2,2.9e-08,1.0e+00,1.0e-03,1.0e+00,1.0e-03,2.9e-02,global-SSQG%GNT,CASSSQGLGNTIYF,TRBV28,TRBJ1-3,NA,Donor1:healthy,1.000000,-,-,-,-,-,-,-,-,-,-,-
120,SSQG%GNT,2.7e-03,1,2,2.9e-08,1.0e+00,1.0e-03,1.0e+00,1.0e-03,2.9e-02,global-SSQG%GNT,CASSSQGVGNTIYF,TRBV28,TRBJ1-3,NA,Donor1:healthy,1.000000,-,-,-,-,-,-,-,-,-,-,-

121,SPTG%GQP,2.7e-03,1,2,2.8e-08,1.0e+00,5.0e-03,1.9e-01,1.0e-03,2.9e-02,global-SPTG%GQP,CASSPTGLGQPQHF,TRBV28,TRBJ1-5,NA,Donor1:healthy,2.000000,-,-,-,-,-,-,-,-,-,-,-
121,SPTG%GQP,2.7e-03,1,2,2.8e-08,1.0e+00,5.0e-03,1.9e-01,1.0e-03,2.9e-02,global-SPTG%GQP,CASSPTGVGQPQHF,TRBV28,TRBJ1-5,NA,Donor1:healthy,1.000000,-,-,-,-,-,-,-,-,-,-,-
121,SPTG%GQP,2.7e-03,1,2,2.8e-08,1.0e+00,5.0e-03,1.9e-01,1.0e-03,2.9e-02,global-SPTG%GQP,CASSPTGVGQPQHF,TRBV6-3,TRBJ1-5,NA,Donor1:healthy,1.000000,-,-,-,-,-,-,-,-,-,-,-

122,SFGGR%TE,2.7e-03,1,2,2.0e-06,1.0e+00,6.7e-02,1.0e+00,1.0e-03,2.9e-02,global-SFGGR%TE,CASSFGGRRTEAFF,TRBV5-6,TRBJ1-1,NA,Donor1:healthy,1.000000,-,-,-,-,-,-,-,-,-,-,-
122,SFGGR%TE,2.7e-03,1,2,2.0e-06,1.0e+00,6.7e-02,1.0e+00,1.0e-03,2.9e-02,global-SFGGR%TE,CASSFGGRNTEAFF,TRBV27,TRBJ1-1,NA,Donor1:healthy,1.000000,-,-,-,-,-,-,-,-,-,-,-

123,SPGGG%SYE,2.7e-03,1,2,2.0e-06,1.0e+00,6.8e-02,1.0e+00,1.0e-03,2.9e-02,global-SPGGG%SYE,CASSPGGGVSYEQYF,TRBV28,TRBJ2-7,NA,Donor1:healthy,1.000000,-,-,-,-,-,-,-,-,-,-,-
123,SPGGG%SYE,2.7e-03,1,2,2.0e-06,1.0e+00,6.8e-02,1.0e+00,1.0e-03,2.9e-02,global-SPGGG%SYE,CASSPGGGASYEQYF,TRBV9,TRBJ2-7,NA,Donor1:healthy,1.000000,-,-,-,-,-,-,-,-,-,-,-

124,S%TSGGAYNE,2.7e-03,1,2,1.5e-06,1.0e+00,5.3e-02,1.0e+00,1.0e-03,2.9e-02,global-S%TSGGAYNE,CASSETSGGAYNEQFF,TRBV9,TRBJ2-1,NA,Donor1:healthy,1.000000,-,-,-,-,-,-,-,-,-,-,-
124,S%TSGGAYNE,2.7e-03,1,2,1.5e-06,1.0e+00,5.3e-02,1.0e+00,1.0e-03,2.9e-02,global-S%TSGGAYNE,CASSRTSGGAYNEQFF,TRBV11-2,TRBJ2-1,NA,Donor1:healthy,1.000000,-,-,-,-,-,-,-,-,-,-,-

125,SPPGG%E,3.2e-03,1,3,2.2e-06,1.0e+00,3.5e-01,1.0e+00,1.0e-03,6.2e-03,global-SPPGG%E,CASSPPGGGEQYF,TRBV7-2,TRBJ2-7,NA,Donor1:healthy,1.000000,-,-,-,-,-,-,-,-,-,-,-
125,SPPGG%E,3.2e-03,1,3,2.2e-06,1.0e+00,3.5e-01,1.0e+00,1.0e-03,6.2e-03,global-SPPGG%E,CASSPPGGSEQYF,TRBV5-4,TRBJ2-7,NA,Donor1:healthy,1.000000,-,-,-,-,-,-,-,-,-,-,-
125,SPPGG%E,3.2e-03,1,3,2.2e-06,1.0e+00,3.5e-01,1.0e+00,1.0e-03,6.2e-03,global-SPPGG%E,CASSPPGGNEQFF,TRBV2,TRBJ2-1,NA,Donor1:healthy,1.000000,-,-,-,-,-,-,-,-,-,-,-
125,SPPGG%E,3.2e-03,1,3,2.2e-06,1.0e+00,3.5e-01,1.0e+00,1.0e-03,6.2e-03,global-SPPGG%E,CASSPPGGNEQFF,TRBV7-8,TRBJ2-1,NA,Donor1:healthy,1.000000,-,-,-,-,-,-,-,-,-,-,-

126,SQGS%G,3.7e-03,1,2,1.6e-09,1.0e+00,1.0e-03,5.5e-02,1.0e-03,2.9e-02,global-SQGS%G,CASSQGSWGYTF,TRBV19,TRBJ1-2,NA,Donor1:healthy,3.000000,-,-,-,-,-,-,-,-,-,-,-
126,SQGS%G,3.7e-03,1,2,1.6e-09,1.0e+00,1.0e-03,5.5e-02,1.0e-03,2.9e-02,global-SQGS%G,CASSQGSYGYTF,TRBV19,TRBJ1-2,NA,Donor1:healthy,3.000000,-,-,-,-,-,-,-,-,-,-,-

127,S%AGGQP,3.7e-03,1,2,1.6e-06,1.0e+00,5.6e-02,1.0e+00,1.0e-03,2.9e-02,global-S%AGGQP,CASSRAGGQPQHF,TRBV2,TRBJ1-5,NA,Donor1:healthy,1.000000,-,-,-,-,-,-,-,-,-,-,-
127,S%AGGQP,3.7e-03,1,2,1.6e-06,1.0e+00,5.6e-02,1.0e+00,1.0e-03,2.9e-02,global-S%AGGQP,CASSQAGGQPQHF,TRBV14,TRBJ1-5,NA,Donor1:healthy,1.000000,-,-,-,-,-,-,-,-,-,-,-

128,SLG%ADG,3.7e-03,1,2,1.8e-06,1.0e+00,6.3e-02,1.0e+00,1.0e-03,2.9e-02,global-SLG%ADG,CASSLGGADGYTF,TRBV5-1,TRBJ1-2,NA,Donor1:healthy,1.000000,-,-,-,-,-,-,-,-,-,-,-
128,SLG%ADG,3.7e-03,1,2,1.8e-06,1.0e+00,6.3e-02,1.0e+00,1.0e-03,2.9e-02,global-SLG%ADG,CASSLGSADGQYF,TRBV7-6,TRBJ2-7,NA,Donor1:healthy,1.000000,-,-,-,-,-,-,-,-,-,-,-

129,SDR%GTE,3.7e-03,1,2,2.9e-07,1.0e+00,6.9e-02,1.4e-01,1.0e-03,2.9e-02,global-SDR%GTE,CASSDRSGTEQYF,TRBV19,TRBJ2-7,NA,Donor1:healthy,2.000000,-,-,-,-,-,-,-,-,-,-,-
129,SDR%GTE,3.7e-03,1,2,2.9e-07,1.0e+00,6.9e-02,1.4e-01,1.0e-03,2.9e-02,global-SDR%GTE,CATSDRGGTEAFF,TRBV6-5,TRBJ1-1,NA,Donor1:healthy,1.000000,-,-,-,-,-,-,-,-,-,-,-

130,SFG%DYG,3.7e-03,1,2,2.9e-08,1.0e+00,1.0e-03,1.0e+00,1.0e-03,2.9e-02,global-SFG%DYG,CASSFGRDYGYTF,TRBV27,TRBJ1-2,NA,Donor1:healthy,1.000000,-,-,-,-,-,-,-,-,-,-,-
130,SFG%DYG,3.7e-03,1,2,2.9e-08,1.0e+00,1.0e-03,1.0e+00,1.0e-03,2.9e-02,global-SFG%DYG,CASSFGQDYGYTF,TRBV27,TRBJ1-2,NA,Donor1:healthy,1.000000,-,-,-,-,-,-,-,-,-,-,-

131,SFQG%YE,3.7e-03,1,2,2.9e-08,1.0e+00,1.0e-03,1.0e+00,1.0e-03,2.9e-02,global-SFQG%YE,CASSFQGSYEQYF,TRBV27,TRBJ2-7,NA,Donor1:healthy,1.000000,-,-,-,-,-,-,-,-,-,-,-
131,SFQG%YE,3.7e-03,1,2,2.9e-08,1.0e+00,1.0e-03,1.0e+00,1.0e-03,2.9e-02,global-SFQG%YE,CASSFQGGYEQYF,TRBV27,TRBJ2-7,NA,Donor1:healthy,1.000000,-,-,-,-,-,-,-,-,-,-,-

132,SHGG%YE,3.7e-03,1,2,2.3e-06,1.0e+00,7.8e-02,1.0e+00,1.0e-03,2.9e-02,global-SHGG%YE,CASSHGGEYEQYF,TRBV3-1,TRBJ2-7,NA,Donor1:healthy,1.000000,-,-,-,-,-,-,-,-,-,-,-
132,SHGG%YE,3.7e-03,1,2,2.3e-06,1.0e+00,7.8e-02,1.0e+00,1.0e-03,2.9e-02,global-SHGG%YE,CASSHGGNYEQYF,TRBV5-4,TRBJ2-7,NA,Donor1:healthy,1.000000,-,-,-,-,-,-,-,-,-,-,-

133,SLPGD%E,3.7e-03,1,2,2.1e-06,1.0e+00,7.1e-02,1.0e+00,1.0e-03,2.9e-02,global-SLPGD%E,CASSLPGDTEAFF,TRBV5-6,TRBJ1-1,NA,Donor1:healthy,1.000000,-,-,-,-,-,-,-,-,-,-,-
133,SLPGD%E,3.7e-03,1,2,2.1e-06,1.0e+00,7.1e-02,1.0e+00,1.0e-03,2.9e-02,global-SLPGD%E,CASSLPGDSEAFF,TRBV5-4,TRBJ1-1,NA,Donor1:healthy,1.000000,-,-,-,-,-,-,-,-,-,-,-

134,SLGT%NYE,3.7e-03,1,2,1.6e-06,1.0e+00,5.5e-02,1.0e+00,1.0e-03,2.9e-02,global-SLGT%NYE,CASSLGTGNYEQYF,TRBV7-9,TRBJ2-7,NA,Donor1:healthy,1.000000,-,-,-,-,-,-,-,-,-,-,-
134,SLGT%NYE,3.7e-03,1,2,1.6e-06,1.0e+00,5.5e-02,1.0e+00,1.0e-03,2.9e-02,global-SLGT%NYE,CASSLGTSNYEQYF,TRBV4-3,TRBJ2-7,NA,Donor1:healthy,1.000000,-,-,-,-,-,-,-,-,-,-,-

135,SQD%GLNTE,3.7e-03,1,2,2.0e-06,1.0e+00,6.7e-02,1.0e+00,1.0e-03,2.9e-02,global-SQD%GLNTE,CASSQDSGLNTEAFF,TRBV14,TRBJ1-1,NA,Donor1:healthy,1.000000,-,-,-,-,-,-,-,-,-,-,-
135,SQD%GLNTE,3.7e-03,1,2,2.0e-06,1.0e+00,6.7e-02,1.0e+00,1.0e-03,2.9e-02,global-SQD%GLNTE,CASSQDKGLNTEAFF,TRBV4-3,TRBJ1-1,NA,Donor1:healthy,1.000000,-,-,-,-,-,-,-,-,-,-,-

136,GTS%E,4.9e-03,1,2,2.9e-08,1.0e+00,1.0e-03,1.0e+00,1.0e-03,2.9e-02,global-GTS%E,CSAGTSNEQFF,TRBV29-1,TRBJ2-1,NA,Donor1:healthy,1.000000,-,-,-,-,-,-,-,-,-,-,-
136,GTS%E,4.9e-03,1,2,2.9e-08,1.0e+00,1.0e-03,1.0e+00,1.0e-03,2.9e-02,global-GTS%E,CSVGTSTEAFF,TRBV29-1,TRBJ1-1,NA,Donor1:healthy,1.000000,-,-,-,-,-,-,-,-,-,-,-

137,%LGNQP,4.9e-03,1,2,5.1e-06,1.0e+00,1.7e-01,1.0e+00,1.0e-03,2.9e-02,global-%LGNQP,CASSLGNQPQHF,TRBV5-4,TRBJ1-5,NA,Donor1:healthy,1.000000,-,-,-,-,-,-,-,-,-,-,-
137,%LGNQP,4.9e-03,1,2,5.1e-06,1.0e+00,1.7e-01,1.0e+00,1.0e-03,2.9e-02,global-%LGNQP,CASSLGNQPQHF,TRBV7-2,TRBJ1-5,NA,Donor1:healthy,1.000000,-,-,-,-,-,-,-,-,-,-,-
137,%LGNQP,4.9e-03,1,2,5.1e-06,1.0e+00,1.7e-01,1.0e+00,1.0e-03,2.9e-02,global-%LGNQP,CASGLGNQPQHF,TRBV28,TRBJ1-5,NA,Donor1:healthy,1.000000,-,-,-,-,-,-,-,-,-,-,-

138,SFG%YG,4.9e-03,1,2,1.8e-06,1.0e+00,6.3e-02,1.0e+00,1.0e-03,2.9e-02,global-SFG%YG,CASSFGSYGYTF,TRBV19,TRBJ1-2,NA,Donor1:healthy,1.000000,-,-,-,-,-,-,-,-,-,-,-
138,SFG%YG,4.9e-03,1,2,1.8e-06,1.0e+00,6.3e-02,1.0e+00,1.0e-03,2.9e-02,global-SFG%YG,CASSFGAYGYTF,TRBV5-4,TRBJ1-2,NA,Donor1:healthy,1.000000,-,-,-,-,-,-,-,-,-,-,-

139,SLSGG%,4.9e-03,1,2,1.9e-06,1.0e+00,6.6e-02,1.0e+00,1.0e-03,2.9e-02,global-SLSGG%,CASSLSGGKQFF,TRBV11-2,TRBJ2-1,NA,Donor1:healthy,1.000000,-,-,-,-,-,-,-,-,-,-,-
139,SLSGG%,4.9e-03,1,2,1.9e-06,1.0e+00,6.6e-02,1.0e+00,1.0e-03,2.9e-02,global-SLSGG%,CASSLSGGELFF,TRBV4-2,TRBJ2-2,NA,Donor1:healthy,1.000000,-,-,-,-,-,-,-,-,-,-,-

140,S%QGSTE,4.9e-03,1,2,1.9e-06,1.0e+00,6.5e-02,1.0e+00,1.0e-03,2.9e-02,global-S%QGSTE,CASSVQGSTEAFF,TRBV7-9,TRBJ1-1,NA,Donor1:healthy,1.000000,-,-,-,-,-,-,-,-,-,-,-
140,S%QGSTE,4.9e-03,1,2,1.9e-06,1.0e+00,6.5e-02,1.0e+00,1.0e-03,2.9e-02,global-S%QGSTE,CASSLQGSTEAFF,TRBV12-4,TRBJ1-1,NA,Donor1:healthy,1.000000,-,-,-,-,-,-,-,-,-,-,-

141,S%TDYNE,4.9e-03,1,2,1.7e-06,1.0e+00,6.0e-02,1.0e+00,1.0e-03,2.9e-02,global-S%TDYNE,CASSVTDYNEQFF,TRBV9,TRBJ2-1,NA,Donor1:healthy,1.000000,-,-,-,-,-,-,-,-,-,-,-
141,S%TDYNE,4.9e-03,1,2,1.7e-06,1.0e+00,6.0e-02,1.0e+00,1.0e-03,2.9e-02,global-S%TDYNE,CASSLTDYNEQFF,TRBV28,TRBJ2-1,NA,Donor1:healthy,1.000000,-,-,-,-,-,-,-,-,-,-,-

142,S%RASYE,4.9e-03,1,2,5.8e-11,1.0e+00,1.0e-03,2.0e-03,1.0e-03,2.9e-02,global-S%RASYE,CASSMRASYEQYF,TRBV19,TRBJ2-7,NA,Donor1:healthy,3.000000,-,-,-,-,-,-,-,-,-,-,-
142,S%RASYE,4.9e-03,1,2,5.8e-11,1.0e+00,1.0e-03,2.0e-03,1.0e-03,2.9e-02,global-S%RASYE,CASSIRASYEQYF,TRBV19,TRBJ2-7,NA,Donor1:healthy,84.000000,-,-,-,-,-,-,-,-,-,-,-

143,SFA%SYE,4.9e-03,1,2,2.2e-07,1.0e+00,6.6e-02,1.1e-01,1.0e-03,2.9e-02,global-SFA%SYE,CASSFAGSYEQYF,TRBV27,TRBJ2-7,NA,Donor1:healthy,1.000000,-,-,-,-,-,-,-,-,-,-,-
143,SFA%SYE,4.9e-03,1,2,2.2e-07,1.0e+00,6.6e-02,1.1e-01,1.0e-03,2.9e-02,global-SFA%SYE,CASSFASSYEQYF,TRBV19,TRBJ2-7,NA,Donor1:healthy,2.000000,-,-,-,-,-,-,-,-,-,-,-

144,SQGTG%TE,4.9e-03,1,2,1.1e-09,1.0e+00,1.0e-03,3.7e-02,1.0e-03,2.9e-02,global-SQGTG%TE,CASSQGTGNTEAFF,TRBV4-1,TRBJ1-1,NA,Donor1:healthy,5.000000,-,-,-,-,-,-,-,-,-,-,-
144,SQGTG%TE,4.9e-03,1,2,1.1e-09,1.0e+00,1.0e-03,3.7e-02,1.0e-03,2.9e-02,global-SQGTG%TE,CASSQGTGGTEAFF,TRBV4-1,TRBJ1-1,NA,Donor1:healthy,2.000000,-,-,-,-,-,-,-,-,-,-,-

145,SLGGGN%E,4.9e-03,1,2,6.1e-06,1.0e+00,2.1e-01,1.0e+00,1.0e-03,2.9e-02,global-SLGGGN%E,CASSLGGGNTEAFF,TRBV27,TRBJ1-1,NA,Donor1:healthy,1.000000,-,-,-,-,-,-,-,-,-,-,-
145,SLGGGN%E,4.9e-03,1,2,6.1e-06,1.0e+00,2.1e-01,1.0e+00,1.0e-03,2.9e-02,global-SLGGGN%E,CASSLGGGNTEAFF,TRBV7-6,TRBJ1-1,NA,Donor1:healthy,1.000000,-,-,-,-,-,-,-,-,-,-,-
145,SLGGGN%E,4.9e-03,1,2,6.1e-06,1.0e+00,2.1e-01,1.0e+00,1.0e-03,2.9e-02,global-SLGGGN%E,CASSLGGGNNEQFF,TRBV5-4,TRBJ2-1,NA,Donor1:healthy,1.000000,-,-,-,-,-,-,-,-,-,-,-

146,S%LAGVTDT,4.9e-03,1,2,1.5e-06,1.0e+00,5.2e-02,1.0e+00,1.0e-03,2.9e-02,global-S%LAGVTDT,CASSSLAGVTDTQYF,TRBV13,TRBJ2-3,NA,Donor1:healthy,1.000000,-,-,-,-,-,-,-,-,-,-,-
146,S%LAGVTDT,4.9e-03,1,2,1.5e-06,1.0e+00,5.2e-02,1.0e+00,1.0e-03,2.9e-02,global-S%LAGVTDT,CASSGLAGVTDTQYF,TRBV28,TRBJ2-3,NA,Donor1:healthy,1.000000,-,-,-,-,-,-,-,-,-,-,-

147,S%GTGGVYE,4.9e-03,1,2,1.9e-06,1.0e+00,6.4e-02,1.0e+00,1.0e-03,2.9e-02,global-S%GTGGVYE,CASSNGTGGVYEQYF,TRBV7-9,TRBJ2-7,NA,Donor1:healthy,1.000000,-,-,-,-,-,-,-,-,-,-,-
147,S%GTGGVYE,4.9e-03,1,2,1.9e-06,1.0e+00,6.4e-02,1.0e+00,1.0e-03,2.9e-02,global-S%GTGGVYE,CASSQGTGGVYEQYF,TRBV4-3,TRBJ2-7,NA,Donor1:healthy,1.000000,-,-,-,-,-,-,-,-,-,-,-

148,SLT%GGYNE,4.9e-03,1,2,2.0e-06,1.0e+00,6.7e-02,1.0e+00,1.0e-03,2.9e-02,global-SLT%GGYNE,CASSLTSGGYNEQFF,TRBV11-1,TRBJ2-1,NA,Donor1:healthy,1.000000,-,-,-,-,-,-,-,-,-,-,-
148,SLT%GGYNE,4.9e-03,1,2,2.0e-06,1.0e+00,6.7e-02,1.0e+00,1.0e-03,2.9e-02,global-SLT%GGYNE,CASSLTGGGYNEQFF,TRBV7-3,TRBJ2-1,NA,Donor1:healthy,1.000000,-,-,-,-,-,-,-,-,-,-,-

149,S%GTDT,5.2e-03,1,4,1.6e-06,1.0e+00,6.6e-01,1.0e+00,1.0e-03,2.3e-03,global-S%GTDT,CASSFGTDTQYF,TRBV28,TRBJ2-3,NA,Donor1:healthy,1.000000,-,-,-,-,-,-,-,-,-,-,-
149,S%GTDT,5.2e-03,1,4,1.6e-06,1.0e+00,6.6e-01,1.0e+00,1.0e-03,2.3e-03,global-S%GTDT,CASSFGTDTQYF,TRBV7-3,TRBJ2-3,NA,Donor1:healthy,1.000000,-,-,-,-,-,-,-,-,-,-,-
149,S%GTDT,5.2e-03,1,4,1.6e-06,1.0e+00,6.6e-01,1.0e+00,1.0e-03,2.3e-03,global-S%GTDT,CASSIGTDTQYF,TRBV19,TRBJ2-3,NA,Donor1:healthy,1.000000,-,-,-,-,-,-,-,-,-,-,-
149,S%GTDT,5.2e-03,1,4,1.6e-06,1.0e+00,6.6e-01,1.0e+00,1.0e-03,2.3e-03,global-S%GTDT,CASSLGTDTQYF,TRBV27,TRBJ2-3,NA,Donor1:healthy,1.000000,-,-,-,-,-,-,-,-,-,-,-
149,S%GTDT,5.2e-03,1,4,1.6e-06,1.0e+00,6.6e-01,1.0e+00,1.0e-03,2.3e-03,global-S%GTDT,CASSLGTDTQYF,TRBV5-6,TRBJ2-3,NA,Donor1:healthy,1.000000,-,-,-,-,-,-,-,-,-,-,-
149,S%GTDT,5.2e-03,1,4,1.6e-06,1.0e+00,6.6e-01,1.0e+00,1.0e-03,2.3e-03,global-S%GTDT,CASSYGTDTQYF,TRBV7-9,TRBJ2-3,NA,Donor1:healthy,1.000000,-,-,-,-,-,-,-,-,-,-,-

150,IRSN,5.2e-03,1,3,1.2e-09,1.0e+00,1.0e-03,1.9e-01,1.0e-03,6.2e-03,motif-IRSN motif-IRS motif-SIRS,CASSIRSNYEQYF,TRBV19,TRBJ2-7,NA,Donor1:healthy,1.000000,-,-,-,-,-,-,-,-,-,-,-
150,IRSN,5.2e-03,1,3,1.2e-09,1.0e+00,1.0e-03,1.9e-01,1.0e-03,6.2e-03,motif-IRSN motif-IRS motif-SIRS,CASSIRSNQPQHF,TRBV19,TRBJ1-5,NA,Donor1:healthy,2.000000,-,-,-,-,-,-,-,-,-,-,-
150,IRSN,5.2e-03,1,3,1.2e-09,1.0e+00,1.0e-03,1.9e-01,1.0e-03,6.2e-03,motif-IRSN motif-IRS motif-SIRS,CASSIRSNTEAFF,TRBV19,TRBJ1-1,NA,Donor1:healthy,1.000000,-,-,-,-,-,-,-,-,-,-,-

151,SP%GQP,6.3e-03,1,2,2.0e-06,1.0e+00,6.7e-02,1.0e+00,1.0e-03,2.9e-02,global-SP%GQP,CASSPSGQPQHF,TRBV7-9,TRBJ1-5,NA,Donor1:healthy,1.000000,-,-,-,-,-,-,-,-,-,-,-
151,SP%GQP,6.3e-03,1,2,2.0e-06,1.0e+00,6.7e-02,1.0e+00,1.0e-03,2.9e-02,global-SP%GQP,CASSPGGQPQHF,TRBV5-6,TRBJ1-5,NA,Donor1:healthy,1.000000,-,-,-,-,-,-,-,-,-,-,-

152,SLA%ET,6.3e-03,1,2,1.7e-06,1.0e+00,6.0e-02,1.0e+00,1.0e-03,2.9e-02,global-SLA%ET,CASSLAAETQYF,TRBV7-9,TRBJ2-5,NA,Donor1:healthy,1.000000,-,-,-,-,-,-,-,-,-,-,-
152,SLA%ET,6.3e-03,1,2,1.7e-06,1.0e+00,6.0e-02,1.0e+00,1.0e-03,2.9e-02,global-SLA%ET,CASSLAGETQYF,TRBV7-8,TRBJ2-5,NA,Donor1:healthy,1.000000,-,-,-,-,-,-,-,-,-,-,-

153,SAG%YG,6.3e-03,1,2,8.1e-10,1.0e+00,1.0e-03,2.8e-02,1.0e-03,2.9e-02,global-SAG%YG,CASSAGAYGYTF,TRBV19,TRBJ1-2,NA,Donor1:healthy,12.000000,-,-,-,-,-,-,-,-,-,-,-
153,SAG%YG,6.3e-03,1,2,8.1e-10,1.0e+00,1.0e-03,2.8e-02,1.0e-03,2.9e-02,global-SAG%YG,CASSAGSYGYTF,TRBV19,TRBJ1-2,NA,Donor1:healthy,2.000000,-,-,-,-,-,-,-,-,-,-,-

154,SY%SNQP,6.3e-03,1,2,1.7e-08,1.0e+00,6.0e-03,9.9e-02,1.0e-03,2.9e-02,global-SY%SNQP,CASSYYSNQPQHF,TRBV19,TRBJ1-5,NA,Donor1:healthy,3.000000,-,-,-,-,-,-,-,-,-,-,-
154,SY%SNQP,6.3e-03,1,2,1.7e-08,1.0e+00,6.0e-03,9.9e-02,1.0e-03,2.9e-02,global-SY%SNQP,CASSYHSNQPQHF,TRBV19,TRBJ1-5,NA,Donor1:healthy,2.000000,-,-,-,-,-,-,-,-,-,-,-
154,SY%SNQP,6.3e-03,1,2,1.7e-08,1.0e+00,6.0e-03,9.9e-02,1.0e-03,2.9e-02,global-SY%SNQP,CASSYHSNQPQHF,TRBV6-3,TRBJ1-5,NA,Donor1:healthy,1.000000,-,-,-,-,-,-,-,-,-,-,-

155,RQG%TGE,6.3e-03,1,2,2.3e-07,1.0e+00,5.8e-02,1.4e-01,1.0e-03,2.9e-02,global-RQG%TGE,CSARQGTTGELFF,TRBV20-1,TRBJ2-2,NA,Donor1:healthy,2.000000,-,-,-,-,-,-,-,-,-,-,-
155,RQG%TGE,6.3e-03,1,2,2.3e-07,1.0e+00,5.8e-02,1.4e-01,1.0e-03,2.9e-02,global-RQG%TGE,CASRQGNTGELFF,TRBV12-4,TRBJ2-2,NA,Donor1:healthy,1.000000,-,-,-,-,-,-,-,-,-,-,-

156,S%GQINQP,6.3e-03,1,2,1.8e-06,1.0e+00,6.1e-02,1.0e+00,1.0e-03,2.9e-02,global-S%GQINQP,CASSSGQINQPQHF,TRBV7-6,TRBJ1-5,NA,Donor1:healthy,1.000000,-,-,-,-,-,-,-,-,-,-,-
156,S%GQINQP,6.3e-03,1,2,1.8e-06,1.0e+00,6.1e-02,1.0e+00,1.0e-03,2.9e-02,global-S%GQINQP,CASSQGQINQPQHF,TRBV7-8,TRBJ1-5,NA,Donor1:healthy,1.000000,-,-,-,-,-,-,-,-,-,-,-

157,SLGDR%TE,6.3e-03,1,2,1.9e-06,1.0e+00,6.6e-02,1.0e+00,1.0e-03,2.9e-02,global-SLGDR%TE,CASSLGDRNTEAFF,TRBV11-2,TRBJ1-1,NA,Donor1:healthy,1.000000,-,-,-,-,-,-,-,-,-,-,-
157,SLGDR%TE,6.3e-03,1,2,1.9e-06,1.0e+00,6.6e-02,1.0e+00,1.0e-03,2.9e-02,global-SLGDR%TE,CASSLGDRDTEAFF,TRBV12-3,TRBJ1-1,NA,Donor1:healthy,1.000000,-,-,-,-,-,-,-,-,-,-,-

158,SSGTSG%YE,6.3e-03,1,2,2.9e-08,1.0e+00,1.0e-03,1.0e+00,1.0e-03,2.9e-02,global-SSGTSG%YE,CASSSGTSGSYEQYF,TRBV27,TRBJ2-7,NA,Donor1:healthy,1.000000,-,-,-,-,-,-,-,-,-,-,-
158,SSGTSG%YE,6.3e-03,1,2,2.9e-08,1.0e+00,1.0e-03,1.0e+00,1.0e-03,2.9e-02,global-SSGTSG%YE,CASSSGTSGAYEQYF,TRBV27,TRBJ2-7,NA,Donor1:healthy,1.000000,-,-,-,-,-,-,-,-,-,-,-

159,GT%YE,6.4e-03,1,3,5.0e-08,1.0e+00,8.0e-03,1.0e+00,1.0e-03,6.2e-03,global-GT%YE,CSHGTSYEQYF,TRBV20-1,TRBJ2-7,NA,Donor1:healthy,1.000000,-,-,-,-,-,-,-,-,-,-,-
159,GT%YE,6.4e-03,1,3,5.0e-08,1.0e+00,8.0e-03,1.0e+00,1.0e-03,6.2e-03,global-GT%YE,CSTGTGYEQYF,TRBV20-1,TRBJ2-7,NA,Donor1:healthy,1.000000,-,-,-,-,-,-,-,-,-,-,-
159,GT%YE,6.4e-03,1,3,5.0e-08,1.0e+00,8.0e-03,1.0e+00,1.0e-03,6.2e-03,global-GT%YE,CATGTDYEQYF,TRBV24-1,TRBJ2-7,NA,Donor1:healthy,1.000000,-,-,-,-,-,-,-,-,-,-,-

160,SLGS%E,6.4e-03,1,3,2.5e-08,1.0e+00,1.7e-01,2.4e-02,1.0e-03,6.2e-03,global-SLGS%E,CASSLGSGELFF,TRBV5-4,TRBJ2-2,NA,Donor1:healthy,1.000000,-,-,-,-,-,-,-,-,-,-,-
160,SLGS%E,6.4e-03,1,3,2.5e-08,1.0e+00,1.7e-01,2.4e-02,1.0e-03,6.2e-03,global-SLGS%E,CASSLGSAEAFF,TRBV5-5,TRBJ1-1,NA,Donor1:healthy,24.000000,-,-,-,-,-,-,-,-,-,-,-
160,SLGS%E,6.4e-03,1,3,2.5e-08,1.0e+00,1.7e-01,2.4e-02,1.0e-03,6.2e-03,global-SLGS%E,CASSLGSTEAFF,TRBV5-6,TRBJ1-1,NA,Donor1:healthy,1.000000,-,-,-,-,-,-,-,-,-,-,-

161,L%GNT,7.8e-03,1,2,3.9e-09,1.0e+00,1.0e-03,1.3e-01,1.0e-03,2.9e-02,global-L%GNT,CSLLNGNTIYF,TRBV20-1,TRBJ1-3,NA,Donor1:healthy,1.000000,-,-,-,-,-,-,-,-,-,-,-
161,L%GNT,7.8e-03,1,2,3.9e-09,1.0e+00,1.0e-03,1.3e-01,1.0e-03,2.9e-02,global-L%GNT,CSALSGNTIYF,TRBV20-1,TRBJ1-3,NA,Donor1:healthy,2.000000,-,-,-,-,-,-,-,-,-,-,-

162,SI%YE,7.8e-03,1,2,2.0e-06,1.0e+00,6.8e-02,1.0e+00,1.0e-03,2.9e-02,global-SI%YE,CASSIGYEQFF,TRBV19,TRBJ2-1,NA,Donor1:healthy,1.000000,-,-,-,-,-,-,-,-,-,-,-
162,SI%YE,7.8e-03,1,2,2.0e-06,1.0e+00,6.8e-02,1.0e+00,1.0e-03,2.9e-02,global-SI%YE,CASSIAYEQYF,TRBV5-6,TRBJ2-7,NA,Donor1:healthy,1.000000,-,-,-,-,-,-,-,-,-,-,-

163,SLF%E,7.8e-03,1,2,2.7e-07,1.0e+00,6.7e-02,1.4e-01,1.0e-03,2.9e-02,global-SLF%E,CASSLFNEQFF,TRBV27,TRBJ2-1,NA,Donor1:healthy,2.000000,-,-,-,-,-,-,-,-,-,-,-
163,SLF%E,7.8e-03,1,2,2.7e-07,1.0e+00,6.7e-02,1.4e-01,1.0e-03,2.9e-02,global-SLF%E,CASSLFHEQYF,TRBV5-6,TRBJ2-7,NA,Donor1:healthy,1.000000,-,-,-,-,-,-,-,-,-,-,-

164,%EGNQP,7.8e-03,1,2,7.9e-08,1.0e+00,8.0e-02,3.4e-02,1.0e-03,2.9e-02,global-%EGNQP,CSAREGNQPQHF,TRBV20-1,TRBJ1-5,NA,Donor1:healthy,1.000000,-,-,-,-,-,-,-,-,-,-,-
164,%EGNQP,7.8e-03,1,2,7.9e-08,1.0e+00,8.0e-02,3.4e-02,1.0e-03,2.9e-02,global-%EGNQP,CASKEGNQPQHF,TRBV19,TRBJ1-5,NA,Donor1:healthy,6.000000,-,-,-,-,-,-,-,-,-,-,-

165,SQEG%E,7.8e-03,1,2,2.1e-06,1.0e+00,7.1e-02,1.0e+00,1.0e-03,2.9e-02,global-SQEG%E,CASSQEGNEQFF,TRBV4-2,TRBJ2-1,NA,Donor1:healthy,1.000000,-,-,-,-,-,-,-,-,-,-,-
165,SQEG%E,7.8e-03,1,2,2.1e-06,1.0e+00,7.1e-02,1.0e+00,1.0e-03,2.9e-02,global-SQEG%E,CASSQEGREQFF,TRBV3-1,TRBJ2-1,NA,Donor1:healthy,1.000000,-,-,-,-,-,-,-,-,-,-,-

166,SSG%NYG,7.8e-03,1,2,2.2e-06,1.0e+00,7.4e-02,1.0e+00,1.0e-03,2.9e-02,global-SSG%NYG,CASSSGANYGYTF,TRBV12-3,TRBJ1-2,NA,Donor1:healthy,1.000000,-,-,-,-,-,-,-,-,-,-,-
166,SSG%NYG,7.8e-03,1,2,2.2e-06,1.0e+00,7.4e-02,1.0e+00,1.0e-03,2.9e-02,global-SSG%NYG,CASSSGTNYGYTF,TRBV12-4,TRBJ1-2,NA,Donor1:healthy,1.000000,-,-,-,-,-,-,-,-,-,-,-

167,SQG%YNE,7.8e-03,1,2,3.3e-07,1.0e+00,7.9e-02,1.4e-01,1.0e-03,2.9e-02,global-SQG%YNE,CASSQGSYNEQFF,TRBV7-3,TRBJ2-1,NA,Donor1:healthy,1.000000,-,-,-,-,-,-,-,-,-,-,-
167,SQG%YNE,7.8e-03,1,2,3.3e-07,1.0e+00,7.9e-02,1.4e-01,1.0e-03,2.9e-02,global-SQG%YNE,CASSQGDYNEQFF,TRBV5-6,TRBJ2-1,NA,Donor1:healthy,2.000000,-,-,-,-,-,-,-,-,-,-,-

168,SQVG%TE,7.8e-03,1,2,1.9e-06,1.0e+00,6.4e-02,1.0e+00,1.0e-03,2.9e-02,global-SQVG%TE,CASSQVGNTEAFF,TRBV4-1,TRBJ1-1,NA,Donor1:healthy,1.000000,-,-,-,-,-,-,-,-,-,-,-
168,SQVG%TE,7.8e-03,1,2,1.9e-06,1.0e+00,6.4e-02,1.0e+00,1.0e-03,2.9e-02,global-SQVG%TE,CASSQVGGTEAFF,TRBV4-3,TRBJ1-1,NA,Donor1:healthy,1.000000,-,-,-,-,-,-,-,-,-,-,-

169,SL%TSSYE,7.8e-03,1,2,1.7e-06,1.0e+00,5.9e-02,1.0e+00,1.0e-03,2.9e-02,global-SL%TSSYE,CASSLATSSYEQYF,TRBV5-4,TRBJ2-7,NA,Donor1:healthy,1.000000,-,-,-,-,-,-,-,-,-,-,-
169,SL%TSSYE,7.8e-03,1,2,1.7e-06,1.0e+00,5.9e-02,1.0e+00,1.0e-03,2.9e-02,global-SL%TSSYE,CASSLTTSSYEQYF,TRBV12-4,TRBJ2-7,NA,Donor1:healthy,1.000000,-,-,-,-,-,-,-,-,-,-,-

170,SPG%GLYE,7.8e-03,1,2,5.6e-06,1.0e+00,1.9e-01,1.0e+00,1.0e-03,2.9e-02,global-SPG%GLYE,CASSPGQGLYEQYF,TRBV4-2,TRBJ2-7,NA,Donor1:healthy,1.000000,-,-,-,-,-,-,-,-,-,-,-
170,SPG%GLYE,7.8e-03,1,2,5.6e-06,1.0e+00,1.9e-01,1.0e+00,1.0e-03,2.9e-02,global-SPG%GLYE,CASSPGQGLYEQYF,TRBV6-6,TRBJ2-7,NA,Donor1:healthy,1.000000,-,-,-,-,-,-,-,-,-,-,-
170,SPG%GLYE,7.8e-03,1,2,5.6e-06,1.0e+00,1.9e-01,1.0e+00,1.0e-03,2.9e-02,global-SPG%GLYE,CASSPGEGLYEQYF,TRBV4-3,TRBJ2-7,NA,Donor1:healthy,1.000000,-,-,-,-,-,-,-,-,-,-,-

171,%TDYE,9.4e-03,1,2,2.7e-07,1.0e+00,7.5e-02,1.2e-01,1.0e-03,2.9e-02,global-%TDYE,CASSTDYEQYF,TRBV2,TRBJ2-7,NA,Donor1:healthy,2.000000,-,-,-,-,-,-,-,-,-,-,-
171,%TDYE,9.4e-03,1,2,2.7e-07,1.0e+00,7.5e-02,1.2e-01,1.0e-03,2.9e-02,global-%TDYE,CATGTDYEQYF,TRBV24-1,TRBJ2-7,NA,Donor1:healthy,1.000000,-,-,-,-,-,-,-,-,-,-,-

172,SL%LGYE,9.4e-03,1,2,5.0e-06,1.0e+00,1.7e-01,1.0e+00,1.0e-03,2.9e-02,global-SL%LGYE,CASSLNLGYEQYF,TRBV7-7,TRBJ2-7,NA,Donor1:healthy,1.000000,-,-,-,-,-,-,-,-,-,-,-
172,SL%LGYE,9.4e-03,1,2,5.0e-06,1.0e+00,1.7e-01,1.0e+00,1.0e-03,2.9e-02,global-SL%LGYE,CASSLGLGYEQYF,TRBV12-4,TRBJ2-7,NA,Donor1:healthy,1.000000,-,-,-,-,-,-,-,-,-,-,-
172,SL%LGYE,9.4e-03,1,2,5.0e-06,1.0e+00,1.7e-01,1.0e+00,1.0e-03,2.9e-02,global-SL%LGYE,CASSLGLGYEQYF,TRBV27,TRBJ2-7,NA,Donor1:healthy,1.000000,-,-,-,-,-,-,-,-,-,-,-

173,SYR%YNE,9.4e-03,1,2,1.8e-06,1.0e+00,6.3e-02,1.0e+00,1.0e-03,2.9e-02,global-SYR%YNE,CASSYRGYNEQFF,TRBV6-6,TRBJ2-1,NA,Donor1:healthy,1.000000,-,-,-,-,-,-,-,-,-,-,-
173,SYR%YNE,9.4e-03,1,2,1.8e-06,1.0e+00,6.3e-02,1.0e+00,1.0e-03,2.9e-02,global-SYR%YNE,CASSYRSYNEQFF,TRBV6-3,TRBJ2-1,NA,Donor1:healthy,1.000000,-,-,-,-,-,-,-,-,-,-,-

174,SSGG%YG,9.4e-03,1,2,2.2e-06,1.0e+00,7.7e-02,1.0e+00,1.0e-03,2.9e-02,global-SSGG%YG,CASSSGGVYGYTF,TRBV7-9,TRBJ1-2,NA,Donor1:healthy,1.000000,-,-,-,-,-,-,-,-,-,-,-
174,SSGG%YG,9.4e-03,1,2,2.2e-06,1.0e+00,7.7e-02,1.0e+00,1.0e-03,2.9e-02,global-SSGG%YG,CASSSGGTYGYTF,TRBV7-2,TRBJ1-2,NA,Donor1:healthy,1.000000,-,-,-,-,-,-,-,-,-,-,-

175,SPGGA%E,9.4e-03,1,2,2.1e-06,1.0e+00,7.3e-02,1.0e+00,1.0e-03,2.9e-02,global-SPGGA%E,CASSPGGAAEQYF,TRBV9,TRBJ2-7,NA,Donor1:healthy,1.000000,-,-,-,-,-,-,-,-,-,-,-
175,SPGGA%E,9.4e-03,1,2,2.1e-06,1.0e+00,7.3e-02,1.0e+00,1.0e-03,2.9e-02,global-SPGGA%E,CASSPGGATEAFF,TRBV7-3,TRBJ1-1,NA,Donor1:healthy,1.000000,-,-,-,-,-,-,-,-,-,-,-

176,S%ERGSYE,9.4e-03,1,2,4.7e-06,1.0e+00,1.6e-01,1.0e+00,1.0e-03,2.9e-02,global-S%ERGSYE,CASSQERGSYEQYF,TRBV4-2,TRBJ2-7,NA,Donor1:healthy,1.000000,-,-,-,-,-,-,-,-,-,-,-
176,S%ERGSYE,9.4e-03,1,2,4.7e-06,1.0e+00,1.6e-01,1.0e+00,1.0e-03,2.9e-02,global-S%ERGSYE,CASSQERGSYEQYF,TRBV4-3,TRBJ2-7,NA,Donor1:healthy,1.000000,-,-,-,-,-,-,-,-,-,-,-
176,S%ERGSYE,9.4e-03,1,2,4.7e-06,1.0e+00,1.6e-01,1.0e+00,1.0e-03,2.9e-02,global-S%ERGSYE,CATSRERGSYEQYF,TRBV15,TRBJ2-7,NA,Donor1:healthy,1.000000,-,-,-,-,-,-,-,-,-,-,-

177,S%GGGTGE,9.4e-03,1,2,2.0e-06,1.0e+00,6.8e-02,1.0e+00,1.0e-03,2.9e-02,global-S%GGGTGE,CASSLGGGTGELFF,TRBV5-5,TRBJ2-2,NA,Donor1:healthy,1.000000,-,-,-,-,-,-,-,-,-,-,-
177,S%GGGTGE,9.4e-03,1,2,2.0e-06,1.0e+00,6.8e-02,1.0e+00,1.0e-03,2.9e-02,global-S%GGGTGE,CASSFGGGTGELFF,TRBV27,TRBJ2-2,NA,Donor1:healthy,1.000000,-,-,-,-,-,-,-,-,-,-,-

178,SLGQGR%E,9.4e-03,1,2,1.8e-06,1.0e+00,6.3e-02,1.0e+00,1.0e-03,2.9e-02,global-SLGQGR%E,CASSLGQGRNEQFF,TRBV11-1,TRBJ2-1,NA,Donor1:healthy,1.000000,-,-,-,-,-,-,-,-,-,-,-
178,SLGQGR%E,9.4e-03,1,2,1.8e-06,1.0e+00,6.3e-02,1.0e+00,1.0e-03,2.9e-02,global-SLGQGR%E,CASSLGQGRDEQYF,TRBV5-1,TRBJ2-7,NA,Donor1:healthy,1.000000,-,-,-,-,-,-,-,-,-,-,-

179,SPLAGV%DT,9.4e-03,1,2,7.6e-08,1.0e+00,7.5e-02,3.5e-02,1.0e-03,2.9e-02,global-SPLAGV%DT,CASSPLAGVSDTQYF,TRBV7-6,TRBJ2-3,NA,Donor1:healthy,6.000000,-,-,-,-,-,-,-,-,-,-,-
179,SPLAGV%DT,9.4e-03,1,2,7.6e-08,1.0e+00,7.5e-02,3.5e-02,1.0e-03,2.9e-02,global-SPLAGV%DT,CASSPLAGVTDTQYF,TRBV7-2,TRBJ2-3,NA,Donor1:healthy,1.000000,-,-,-,-,-,-,-,-,-,-,-

180,SE%TDT,1.1e-02,1,2,2.0e-06,1.0e+00,6.8e-02,1.0e+00,1.0e-03,2.9e-02,global-SE%TDT,CATSEGTDTQYF,TRBV24-1,TRBJ2-3,NA,Donor1:healthy,1.000000,-,-,-,-,-,-,-,-,-,-,-
180,SE%TDT,1.1e-02,1,2,2.0e-06,1.0e+00,6.8e-02,1.0e+00,1.0e-03,2.9e-02,global-SE%TDT,CAISEATDTQYF,TRBV10-3,TRBJ2-3,NA,Donor1:healthy,1.000000,-,-,-,-,-,-,-,-,-,-,-

181,SSTG%G,1.1e-02,1,2,6.4e-10,1.0e+00,1.0e-03,2.2e-02,1.0e-03,2.9e-02,global-SSTG%G,CASSSTGIGYTF,TRBV5-6,TRBJ1-2,NA,Donor1:healthy,1.000000,-,-,-,-,-,-,-,-,-,-,-
181,SSTG%G,1.1e-02,1,2,6.4e-10,1.0e+00,1.0e-03,2.2e-02,1.0e-03,2.9e-02,global-SSTG%G,CASSSTGVGYTF,TRBV5-6,TRBJ1-2,NA,Donor1:healthy,19.000000,-,-,-,-,-,-,-,-,-,-,-

182,S%YMNTE,1.1e-02,1,2,2.1e-06,1.0e+00,7.2e-02,1.0e+00,1.0e-03,2.9e-02,global-S%YMNTE,CASSAYMNTEAFF,TRBV27,TRBJ1-1,NA,Donor1:healthy,1.000000,-,-,-,-,-,-,-,-,-,-,-
182,S%YMNTE,1.1e-02,1,2,2.1e-06,1.0e+00,7.2e-02,1.0e+00,1.0e-03,2.9e-02,global-S%YMNTE,CSASSYMNTEAFF,TRBV20-1,TRBJ1-1,NA,Donor1:healthy,1.000000,-,-,-,-,-,-,-,-,-,-,-

183,SQ%GGTE,1.1e-02,1,2,1.9e-06,1.0e+00,6.6e-02,1.0e+00,1.0e-03,2.9e-02,global-SQ%GGTE,CASSQVGGTEAFF,TRBV4-3,TRBJ1-1,NA,Donor1:healthy,1.000000,-,-,-,-,-,-,-,-,-,-,-
183,SQ%GGTE,1.1e-02,1,2,1.9e-06,1.0e+00,6.6e-02,1.0e+00,1.0e-03,2.9e-02,global-SQ%GGTE,CASSQTGGTEAFF,TRBV4-2,TRBJ1-1,NA,Donor1:healthy,1.000000,-,-,-,-,-,-,-,-,-,-,-

184,SSGQ%SYE,1.1e-02,1,2,1.8e-06,1.0e+00,6.3e-02,1.0e+00,1.0e-03,2.9e-02,global-SSGQ%SYE,CASSSGQSSYEQYF,TRBV7-9,TRBJ2-7,NA,Donor1:healthy,1.000000,-,-,-,-,-,-,-,-,-,-,-
184,SSGQ%SYE,1.1e-02,1,2,1.8e-06,1.0e+00,6.3e-02,1.0e+00,1.0e-03,2.9e-02,global-SSGQ%SYE,CASSSGQDSYEQYF,TRBV7-6,TRBJ2-7,NA,Donor1:healthy,1.000000,-,-,-,-,-,-,-,-,-,-,-

185,SLGAGG%E,1.1e-02,1,2,2.9e-08,1.0e+00,1.0e-03,1.0e+00,1.0e-03,2.9e-02,global-SLGAGG%E,CASSLGAGGVEQYF,TRBV11-2,TRBJ2-7,NA,Donor1:healthy,1.000000,-,-,-,-,-,-,-,-,-,-,-
185,SLGAGG%E,1.1e-02,1,2,2.9e-08,1.0e+00,1.0e-03,1.0e+00,1.0e-03,2.9e-02,global-SLGAGG%E,CASSLGAGGTEAFF,TRBV11-2,TRBJ1-1,NA,Donor1:healthy,1.000000,-,-,-,-,-,-,-,-,-,-,-

186,SFLAGG%NE,1.1e-02,1,2,4.8e-08,1.0e+00,6.4e-02,2.6e-02,1.0e-03,2.9e-02,global-SFLAGG%NE,CASSFLAGGYNEQFF,TRBV7-8,TRBJ2-1,NA,Donor1:healthy,13.000000,-,-,-,-,-,-,-,-,-,-,-
186,SFLAGG%NE,1.1e-02,1,2,4.8e-08,1.0e+00,6.4e-02,2.6e-02,1.0e-03,2.9e-02,global-SFLAGG%NE,CASSFLAGGFNEQFF,TRBV7-3,TRBJ2-1,NA,Donor1:healthy,1.000000,-,-,-,-,-,-,-,-,-,-,-

187,SLL%E,1.3e-02,1,2,2.1e-06,1.0e+00,7.1e-02,1.0e+00,1.0e-03,2.9e-02,global-SLL%E,CASSLLDEQFF,TRBV11-2,TRBJ2-1,NA,Donor1:healthy,1.000000,-,-,-,-,-,-,-,-,-,-,-
187,SLL%E,1.3e-02,1,2,2.1e-06,1.0e+00,7.1e-02,1.0e+00,1.0e-03,2.9e-02,global-SLL%E,CASSLLNEQFF,TRBV13,TRBJ2-1,NA,Donor1:healthy,1.000000,-,-,-,-,-,-,-,-,-,-,-

188,SPG%T,1.3e-02,1,2,9.5e-07,1.0e+00,3.0e-01,1.1e-01,1.0e-03,2.9e-02,global-SPG%T,CASSPGDTQYF,TRBV18,TRBJ2-3,NA,Donor1:healthy,1.000000,-,-,-,-,-,-,-,-,-,-,-
188,SPG%T,1.3e-02,1,2,9.5e-07,1.0e+00,3.0e-01,1.1e-01,1.0e-03,2.9e-02,global-SPG%T,CASSPGDTQYF,TRBV3-1,TRBJ2-3,NA,Donor1:healthy,1.000000,-,-,-,-,-,-,-,-,-,-,-
188,SPG%T,1.3e-02,1,2,9.5e-07,1.0e+00,3.0e-01,1.1e-01,1.0e-03,2.9e-02,global-SPG%T,CASSPGDTQYF,TRBV6-5,TRBJ2-3,NA,Donor1:healthy,5.000000,-,-,-,-,-,-,-,-,-,-,-
188,SPG%T,1.3e-02,1,2,9.5e-07,1.0e+00,3.0e-01,1.1e-01,1.0e-03,2.9e-02,global-SPG%T,CATSPGSTQYF,TRBV6-3,TRBJ2-3,NA,Donor1:healthy,1.000000,-,-,-,-,-,-,-,-,-,-,-

189,SVG%DT,1.3e-02,1,2,2.9e-08,1.0e+00,1.0e-03,1.0e+00,1.0e-03,2.9e-02,global-SVG%DT,CASSVGEDTQYF,TRBV9,TRBJ2-3,NA,Donor1:healthy,1.000000,-,-,-,-,-,-,-,-,-,-,-
189,SVG%DT,1.3e-02,1,2,2.9e-08,1.0e+00,1.0e-03,1.0e+00,1.0e-03,2.9e-02,global-SVG%DT,CASSVGSDTQYF,TRBV9,TRBJ2-3,NA,Donor1:healthy,1.000000,-,-,-,-,-,-,-,-,-,-,-

190,SF%SSYE,1.3e-02,1,2,1.6e-07,1.0e+00,6.2e-02,8.7e-02,1.0e-03,2.9e-02,global-SF%SSYE,CASSFASSYEQYF,TRBV19,TRBJ2-7,NA,Donor1:healthy,2.000000,-,-,-,-,-,-,-,-,-,-,-
190,SF%SSYE,1.3e-02,1,2,1.6e-07,1.0e+00,6.2e-02,8.7e-02,1.0e-03,2.9e-02,global-SF%SSYE,CASSFTSSYEQYF,TRBV27,TRBJ2-7,NA,Donor1:healthy,2.000000,-,-,-,-,-,-,-,-,-,-,-

191,RD%STDT,1.3e-02,1,2,3.3e-09,1.0e+00,1.0e-03,1.1e-01,1.0e-03,2.9e-02,global-RD%STDT,CSARDFSTDTQYF,TRBV20-1,TRBJ2-3,NA,Donor1:healthy,1.000000,-,-,-,-,-,-,-,-,-,-,-
191,RD%STDT,1.3e-02,1,2,3.3e-09,1.0e+00,1.0e-03,1.1e-01,1.0e-03,2.9e-02,global-RD%STDT,CSARDLSTDTQYF,TRBV20-1,TRBJ2-3,NA,Donor1:healthy,2.000000,-,-,-,-,-,-,-,-,-,-,-

192,SRG%SYNE,1.3e-02,1,2,1.7e-06,1.0e+00,5.8e-02,1.0e+00,1.0e-03,2.9e-02,global-SRG%SYNE,CASSRGISYNEQFF,TRBV5-6,TRBJ2-1,NA,Donor1:healthy,1.000000,-,-,-,-,-,-,-,-,-,-,-
192,SRG%SYNE,1.3e-02,1,2,1.7e-06,1.0e+00,5.8e-02,1.0e+00,1.0e-03,2.9e-02,global-SRG%SYNE,CASSRGVSYNEQFF,TRBV2,TRBJ2-1,NA,Donor1:healthy,1.000000,-,-,-,-,-,-,-,-,-,-,-

193,SLT%GSYE,1.3e-02,1,2,9.9e-06,1.0e+00,3.4e-01,1.0e+00,1.0e-03,2.9e-02,global-SLT%GSYE,CASSLTGGSYEQYF,TRBV27,TRBJ2-7,NA,Donor1:healthy,1.000000,-,-,-,-,-,-,-,-,-,-,-
193,SLT%GSYE,1.3e-02,1,2,9.9e-06,1.0e+00,3.4e-01,1.0e+00,1.0e-03,2.9e-02,global-SLT%GSYE,CASSLTGGSYEQYF,TRBV4-3,TRBJ2-7,NA,Donor1:healthy,1.000000,-,-,-,-,-,-,-,-,-,-,-
193,SLT%GSYE,1.3e-02,1,2,9.9e-06,1.0e+00,3.4e-01,1.0e+00,1.0e-03,2.9e-02,global-SLT%GSYE,CASSLTGGSYEQYF,TRBV5-6,TRBJ2-7,NA,Donor1:healthy,1.000000,-,-,-,-,-,-,-,-,-,-,-
193,SLT%GSYE,1.3e-02,1,2,9.9e-06,1.0e+00,3.4e-01,1.0e+00,1.0e-03,2.9e-02,global-SLT%GSYE,CASSLTSGSYEQYF,TRBV13,TRBJ2-7,NA,Donor1:healthy,1.000000,-,-,-,-,-,-,-,-,-,-,-

194,SQGTGG%YE,1.3e-02,1,2,1.8e-06,1.0e+00,6.3e-02,1.0e+00,1.0e-03,2.9e-02,global-SQGTGG%YE,CASSQGTGGLYEQYF,TRBV4-1,TRBJ2-7,NA,Donor1:healthy,1.000000,-,-,-,-,-,-,-,-,-,-,-
194,SQGTGG%YE,1.3e-02,1,2,1.8e-06,1.0e+00,6.3e-02,1.0e+00,1.0e-03,2.9e-02,global-SQGTGG%YE,CASSQGTGGVYEQYF,TRBV4-3,TRBJ2-7,NA,Donor1:healthy,1.000000,-,-,-,-,-,-,-,-,-,-,-

195,SL%GSYE,1.4e-02,1,3,1.2e-06,1.0e+00,1.9e-01,1.0e+00,1.0e-03,6.2e-03,global-SL%GSYE,CATSLSGSYEQYF,TRBV24-1,TRBJ2-7,NA,Donor1:healthy,1.000000,-,-,-,-,-,-,-,-,-,-,-
195,SL%GSYE,1.4e-02,1,3,1.2e-06,1.0e+00,1.9e-01,1.0e+00,1.0e-03,6.2e-03,global-SL%GSYE,CASSLDGSYEQYF,TRBV7-2,TRBJ2-7,NA,Donor1:healthy,1.000000,-,-,-,-,-,-,-,-,-,-,-
195,SL%GSYE,1.4e-02,1,3,1.2e-06,1.0e+00,1.9e-01,1.0e+00,1.0e-03,6.2e-03,global-SL%GSYE,CASSLAGSYEQYF,TRBV7-9,TRBJ2-7,NA,Donor1:healthy,1.000000,-,-,-,-,-,-,-,-,-,-,-

196,S%STYE,1.5e-02,1,2,1.7e-06,1.0e+00,5.7e-02,1.0e+00,1.0e-03,2.9e-02,global-S%STYE,CASSSSTYEQYF,TRBV27,TRBJ2-7,NA,Donor1:healthy,1.000000,-,-,-,-,-,-,-,-,-,-,-
196,S%STYE,1.5e-02,1,2,1.7e-06,1.0e+00,5.7e-02,1.0e+00,1.0e-03,2.9e-02,global-S%STYE,CASSQSTYEQYF,TRBV28,TRBJ2-7,NA,Donor1:healthy,1.000000,-,-,-,-,-,-,-,-,-,-,-

197,SLG%YE,1.5e-02,1,3,4.8e-06,1.0e+00,7.8e-01,1.0e+00,1.0e-03,6.2e-03,global-SLG%YE,CASSLGSYEQYF,TRBV13,TRBJ2-7,NA,Donor1:healthy,1.000000,-,-,-,-,-,-,-,-,-,-,-
197,SLG%YE,1.5e-02,1,3,4.8e-06,1.0e+00,7.8e-01,1.0e+00,1.0e-03,6.2e-03,global-SLG%YE,CASSLGSYEQYF,TRBV5-4,TRBJ2-7,NA,Donor1:healthy,1.000000,-,-,-,-,-,-,-,-,-,-,-
197,SLG%YE,1.5e-02,1,3,4.8e-06,1.0e+00,7.8e-01,1.0e+00,1.0e-03,6.2e-03,global-SLG%YE,CASSLGSYEQYF,TRBV5-6,TRBJ2-7,NA,Donor1:healthy,1.000000,-,-,-,-,-,-,-,-,-,-,-
197,SLG%YE,1.5e-02,1,3,4.8e-06,1.0e+00,7.8e-01,1.0e+00,1.0e-03,6.2e-03,global-SLG%YE,CASSLGSYEQYF,TRBV7-9,TRBJ2-7,NA,Donor1:healthy,1.000000,-,-,-,-,-,-,-,-,-,-,-
197,SLG%YE,1.5e-02,1,3,4.8e-06,1.0e+00,7.8e-01,1.0e+00,1.0e-03,6.2e-03,global-SLG%YE,CASSLGDYEQYF,TRBV7-2,TRBJ2-7,NA,Donor1:healthy,1.000000,-,-,-,-,-,-,-,-,-,-,-
197,SLG%YE,1.5e-02,1,3,4.8e-06,1.0e+00,7.8e-01,1.0e+00,1.0e-03,6.2e-03,global-SLG%YE,CASSLGGYEQYF,TRBV12-3,TRBJ2-7,NA,Donor1:healthy,1.000000,-,-,-,-,-,-,-,-,-,-,-
197,SLG%YE,1.5e-02,1,3,4.8e-06,1.0e+00,7.8e-01,1.0e+00,1.0e-03,6.2e-03,global-SLG%YE,CASSLGGYEQYF,TRBV27,TRBJ2-7,NA,Donor1:healthy,1.000000,-,-,-,-,-,-,-,-,-,-,-

198,S%GGSGE,1.5e-02,1,2,1.7e-06,1.0e+00,5.8e-02,1.0e+00,1.0e-03,2.9e-02,global-S%GGSGE,CASSVGGSGELFF,TRBV9,TRBJ2-2,NA,Donor1:healthy,1.000000,-,-,-,-,-,-,-,-,-,-,-
198,S%GGSGE,1.5e-02,1,2,1.7e-06,1.0e+00,5.8e-02,1.0e+00,1.0e-03,2.9e-02,global-S%GGSGE,CAWSLGGSGELFF,TRBV30,TRBJ2-2,NA,Donor1:healthy,1.000000,-,-,-,-,-,-,-,-,-,-,-

199,S%GGRTE,1.5e-02,1,2,2.0e-06,1.0e+00,7.0e-02,1.0e+00,1.0e-03,2.9e-02,global-S%GGRTE,CASSTGGRTEAFF,TRBV7-3,TRBJ1-1,NA,Donor1:healthy,1.000000,-,-,-,-,-,-,-,-,-,-,-
199,S%GGRTE,1.5e-02,1,2,2.0e-06,1.0e+00,7.0e-02,1.0e+00,1.0e-03,2.9e-02,global-S%GGRTE,CASSVGGRTEAFF,TRBV9,TRBJ1-1,NA,Donor1:healthy,1.000000,-,-,-,-,-,-,-,-,-,-,-

200,S%GTGSYE,1.5e-02,1,3,1.1e-06,1.0e+00,1.7e-01,1.0e+00,1.0e-03,6.2e-03,global-S%GTGSYE,CASSGGTGSYEQYF,TRBV9,TRBJ2-7,NA,Donor1:healthy,1.000000,-,-,-,-,-,-,-,-,-,-,-
200,S%GTGSYE,1.5e-02,1,3,1.1e-06,1.0e+00,1.7e-01,1.0e+00,1.0e-03,6.2e-03,global-S%GTGSYE,CASSSGTGSYEQYF,TRBV5-6,TRBJ2-7,NA,Donor1:healthy,1.000000,-,-,-,-,-,-,-,-,-,-,-
200,S%GTGSYE,1.5e-02,1,3,1.1e-06,1.0e+00,1.7e-01,1.0e+00,1.0e-03,6.2e-03,global-S%GTGSYE,CASSQGTGSYEQYF,TRBV4-1,TRBJ2-7,NA,Donor1:healthy,1.000000,-,-,-,-,-,-,-,-,-,-,-

201,S%TSGGADT,1.5e-02,1,2,2.9e-08,1.0e+00,1.0e-03,1.0e+00,1.0e-03,2.9e-02,global-S%TSGGADT,CASSETSGGADTQYF,TRBV6-4,TRBJ2-3,NA,Donor1:healthy,1.000000,-,-,-,-,-,-,-,-,-,-,-
201,S%TSGGADT,1.5e-02,1,2,2.9e-08,1.0e+00,1.0e-03,1.0e+00,1.0e-03,2.9e-02,global-S%TSGGADT,CASSDTSGGADTQYF,TRBV6-4,TRBJ2-3,NA,Donor1:healthy,1.000000,-,-,-,-,-,-,-,-,-,-,-

202,SV%GSSYNE,1.5e-02,1,2,1.6e-06,1.0e+00,5.6e-02,1.0e+00,1.0e-03,2.9e-02,global-SV%GSSYNE,CASSVSGSSYNEQFF,TRBV19,TRBJ2-1,NA,Donor1:healthy,1.000000,-,-,-,-,-,-,-,-,-,-,-
202,SV%GSSYNE,1.5e-02,1,2,1.6e-06,1.0e+00,5.6e-02,1.0e+00,1.0e-03,2.9e-02,global-SV%GSSYNE,CASSVTGSSYNEQFF,TRBV6-3,TRBJ2-1,NA,Donor1:healthy,1.000000,-,-,-,-,-,-,-,-,-,-,-

203,SL%NE,1.6e-02,1,3,2.2e-07,1.0e+00,1.9e-01,1.9e-01,1.0e-03,6.2e-03,global-SL%NE,CASSLLNEQFF,TRBV13,TRBJ2-1,NA,Donor1:healthy,1.000000,-,-,-,-,-,-,-,-,-,-,-
203,SL%NE,1.6e-02,1,3,2.2e-07,1.0e+00,1.9e-01,1.9e-01,1.0e-03,6.2e-03,global-SL%NE,CASSLYNEQFF,TRBV4-1,TRBJ2-1,NA,Donor1:healthy,1.000000,-,-,-,-,-,-,-,-,-,-,-
203,SL%NE,1.6e-02,1,3,2.2e-07,1.0e+00,1.9e-01,1.9e-01,1.0e-03,6.2e-03,global-SL%NE,CASSLFNEQFF,TRBV27,TRBJ2-1,NA,Donor1:healthy,2.000000,-,-,-,-,-,-,-,-,-,-,-

204,SD%GE,1.7e-02,1,2,2.0e-06,1.0e+00,6.8e-02,1.0e+00,1.0e-03,2.9e-02,global-SD%GE,CAISDTGELFF,TRBV25-1,TRBJ2-2,NA,Donor1:healthy,1.000000,-,-,-,-,-,-,-,-,-,-,-
204,SD%GE,1.7e-02,1,2,2.0e-06,1.0e+00,6.8e-02,1.0e+00,1.0e-03,2.9e-02,global-SD%GE,CATSDSGEAFF,TRBV24-1,TRBJ1-1,NA,Donor1:healthy,1.000000,-,-,-,-,-,-,-,-,-,-,-

205,SL%GYE,1.7e-02,1,3,1.2e-08,1.0e+00,4.9e-01,4.0e-03,1.0e-03,6.2e-03,global-SL%GYE,CASSLGGYEQYF,TRBV12-3,TRBJ2-7,NA,Donor1:healthy,1.000000,-,-,-,-,-,-,-,-,-,-,-
205,SL%GYE,1.7e-02,1,3,1.2e-08,1.0e+00,4.9e-01,4.0e-03,1.0e-03,6.2e-03,global-SL%GYE,CASSLGGYEQYF,TRBV27,TRBJ2-7,NA,Donor1:healthy,1.000000,-,-,-,-,-,-,-,-,-,-,-
205,SL%GYE,1.7e-02,1,3,1.2e-08,1.0e+00,4.9e-01,4.0e-03,1.0e-03,6.2e-03,global-SL%GYE,CASSLSGYEQYF,TRBV28,TRBJ2-7,NA,Donor1:healthy,151.000000,-,-,-,-,-,-,-,-,-,-,-
205,SL%GYE,1.7e-02,1,3,1.2e-08,1.0e+00,4.9e-01,4.0e-03,1.0e-03,6.2e-03,global-SL%GYE,CASSLSGYEQYF,TRBV7-9,TRBJ2-7,NA,Donor1:healthy,1.000000,-,-,-,-,-,-,-,-,-,-,-
205,SL%GYE,1.7e-02,1,3,1.2e-08,1.0e+00,4.9e-01,4.0e-03,1.0e-03,6.2e-03,global-SL%GYE,CASSLEGYEQYF,TRBV12-4,TRBJ2-7,NA,Donor1:healthy,1.000000,-,-,-,-,-,-,-,-,-,-,-

206,SPG%DE,1.7e-02,1,2,1.8e-06,1.0e+00,6.3e-02,1.0e+00,1.0e-03,2.9e-02,global-SPG%DE,CASSPGGDEQFF,TRBV7-6,TRBJ2-1,NA,Donor1:healthy,1.000000,-,-,-,-,-,-,-,-,-,-,-
206,SPG%DE,1.7e-02,1,2,1.8e-06,1.0e+00,6.3e-02,1.0e+00,1.0e-03,2.9e-02,global-SPG%DE,CASSPGSDEQYF,TRBV12-3,TRBJ2-7,NA,Donor1:healthy,1.000000,-,-,-,-,-,-,-,-,-,-,-

207,SVG%SSYE,1.7e-02,1,2,2.9e-08,1.0e+00,1.0e-03,1.0e+00,1.0e-03,2.9e-02,global-SVG%SSYE,CASSVGSSSYEQYF,TRBV9,TRBJ2-7,NA,Donor1:healthy,1.000000,-,-,-,-,-,-,-,-,-,-,-
207,SVG%SSYE,1.7e-02,1,2,2.9e-08,1.0e+00,1.0e-03,1.0e+00,1.0e-03,2.9e-02,global-SVG%SSYE,CASSVGTSSYEQYF,TRBV9,TRBJ2-7,NA,Donor1:healthy,1.000000,-,-,-,-,-,-,-,-,-,-,-

208,SFGTGG%E,1.7e-02,1,2,1.8e-06,1.0e+00,6.2e-02,1.0e+00,1.0e-03,2.9e-02,global-SFGTGG%E,CASSFGTGGREQYF,TRBV7-6,TRBJ2-7,NA,Donor1:healthy,1.000000,-,-,-,-,-,-,-,-,-,-,-
208,SFGTGG%E,1.7e-02,1,2,1.8e-06,1.0e+00,6.2e-02,1.0e+00,1.0e-03,2.9e-02,global-SFGTGG%E,CASSFGTGGNEQFF,TRBV7-2,TRBJ2-1,NA,Donor1:healthy,1.000000,-,-,-,-,-,-,-,-,-,-,-

209,%TGTE,2.0e-02,1,2,1.7e-06,1.0e+00,5.9e-02,1.0e+00,1.0e-03,2.9e-02,global-%TGTE,CASSTGTEAFF,TRBV27,TRBJ1-1,NA,Donor1:healthy,1.000000,-,-,-,-,-,-,-,-,-,-,-
209,%TGTE,2.0e-02,1,2,1.7e-06,1.0e+00,5.9e-02,1.0e+00,1.0e-03,2.9e-02,global-%TGTE,CAWNTGTEAFF,TRBV30,TRBJ1-1,NA,Donor1:healthy,1.000000,-,-,-,-,-,-,-,-,-,-,-

210,R%LNTE,2.0e-02,1,2,1.7e-06,1.0e+00,5.8e-02,1.0e+00,1.0e-03,2.9e-02,global-R%LNTE,CAWRQLNTEAFF,TRBV30,TRBJ1-1,NA,Donor1:healthy,1.000000,-,-,-,-,-,-,-,-,-,-,-
210,R%LNTE,2.0e-02,1,2,1.7e-06,1.0e+00,5.8e-02,1.0e+00,1.0e-03,2.9e-02,global-R%LNTE,CATRHLNTEAFF,TRBV19,TRBJ1-1,NA,Donor1:healthy,1.000000,-,-,-,-,-,-,-,-,-,-,-

211,SL%SYG,2.0e-02,1,2,2.0e-06,1.0e+00,6.7e-02,1.0e+00,1.0e-03,2.9e-02,global-SL%SYG,CASSLGSYGYTF,TRBV19,TRBJ1-2,NA,Donor1:healthy,1.000000,-,-,-,-,-,-,-,-,-,-,-
211,SL%SYG,2.0e-02,1,2,2.0e-06,1.0e+00,6.7e-02,1.0e+00,1.0e-03,2.9e-02,global-SL%SYG,CASSLASYGYTF,TRBV5-5,TRBJ1-2,NA,Donor1:healthy,1.000000,-,-,-,-,-,-,-,-,-,-,-

212,SVG%TDT,2.0e-02,1,2,3.1e-06,1.0e+00,1.0e-01,1.0e+00,1.0e-03,2.9e-02,global-SVG%TDT,CASSVGNTDTQYF,TRBV9,TRBJ2-3,NA,Donor1:healthy,1.000000,-,-,-,-,-,-,-,-,-,-,-
212,SVG%TDT,2.0e-02,1,2,3.1e-06,1.0e+00,1.0e-01,1.0e+00,1.0e-03,2.9e-02,global-SVG%TDT,CASSVGGTDTQYF,TRBV6-1,TRBJ2-3,NA,Donor1:healthy,1.000000,-,-,-,-,-,-,-,-,-,-,-
212,SVG%TDT,2.0e-02,1,2,3.1e-06,1.0e+00,1.0e-01,1.0e+00,1.0e-03,2.9e-02,global-SVG%TDT,CASSVGGTDTQYF,TRBV9,TRBJ2-3,NA,Donor1:healthy,1.000000,-,-,-,-,-,-,-,-,-,-,-

213,SSTG%YE,2.0e-02,1,2,1.6e-06,1.0e+00,5.5e-02,1.0e+00,1.0e-03,2.9e-02,global-SSTG%YE,CASSSTGGYEQYF,TRBV12-4,TRBJ2-7,NA,Donor1:healthy,1.000000,-,-,-,-,-,-,-,-,-,-,-
213,SSTG%YE,2.0e-02,1,2,1.6e-06,1.0e+00,5.5e-02,1.0e+00,1.0e-03,2.9e-02,global-SSTG%YE,CASSSTGSYEQYF,TRBV5-6,TRBJ2-7,NA,Donor1:healthy,1.000000,-,-,-,-,-,-,-,-,-,-,-

214,S%SGNTGE,2.0e-02,1,2,1.5e-07,1.0e+00,3.3e-01,1.5e-02,1.0e-03,2.9e-02,global-S%SGNTGE,CASSFSGNTGELFF,TRBV12-3,TRBJ2-2,NA,Donor1:healthy,41.000000,-,-,-,-,-,-,-,-,-,-,-
214,S%SGNTGE,2.0e-02,1,2,1.5e-07,1.0e+00,3.3e-01,1.5e-02,1.0e-03,2.9e-02,global-S%SGNTGE,CASSFSGNTGELFF,TRBV12-4,TRBJ2-2,NA,Donor1:healthy,5.000000,-,-,-,-,-,-,-,-,-,-,-
214,S%SGNTGE,2.0e-02,1,2,1.5e-07,1.0e+00,3.3e-01,1.5e-02,1.0e-03,2.9e-02,global-S%SGNTGE,CASSFSGNTGELFF,TRBV12-5,TRBJ2-2,NA,Donor1:healthy,1.000000,-,-,-,-,-,-,-,-,-,-,-
214,S%SGNTGE,2.0e-02,1,2,1.5e-07,1.0e+00,3.3e-01,1.5e-02,1.0e-03,2.9e-02,global-S%SGNTGE,CASSYSGNTGELFF,TRBV6-3,TRBJ2-2,NA,Donor1:healthy,1.000000,-,-,-,-,-,-,-,-,-,-,-

215,SLD%SNQP,2.0e-02,1,2,3.2e-07,1.0e+00,1.1e-02,1.0e+00,1.0e-03,2.9e-02,global-SLD%SNQP,CASSLDSSNQPQHF,TRBV7-9,TRBJ1-5,NA,Donor1:healthy,1.000000,-,-,-,-,-,-,-,-,-,-,-
215,SLD%SNQP,2.0e-02,1,2,3.2e-07,1.0e+00,1.1e-02,1.0e+00,1.0e-03,2.9e-02,global-SLD%SNQP,CASSLDGSNQPQHF,TRBV5-1,TRBJ1-5,NA,Donor1:healthy,1.000000,-,-,-,-,-,-,-,-,-,-,-
215,SLD%SNQP,2.0e-02,1,2,3.2e-07,1.0e+00,1.1e-02,1.0e+00,1.0e-03,2.9e-02,global-SLD%SNQP,CASSLDGSNQPQHF,TRBV7-9,TRBJ1-5,NA,Donor1:healthy,1.000000,-,-,-,-,-,-,-,-,-,-,-

216,SQGLAG%YE,2.0e-02,1,2,2.2e-06,1.0e+00,7.4e-02,1.0e+00,1.0e-03,2.9e-02,global-SQGLAG%YE,CASSQGLAGTYEQYF,TRBV5-1,TRBJ2-7,NA,Donor1:healthy,1.000000,-,-,-,-,-,-,-,-,-,-,-
216,SQGLAG%YE,2.0e-02,1,2,2.2e-06,1.0e+00,7.4e-02,1.0e+00,1.0e-03,2.9e-02,global-SQGLAG%YE,CASSQGLAGSYEQYF,TRBV14,TRBJ2-7,NA,Donor1:healthy,1.000000,-,-,-,-,-,-,-,-,-,-,-

217,%SGTE,2.2e-02,1,2,2.2e-06,1.0e+00,7.7e-02,1.0e+00,1.0e-03,2.9e-02,global-%SGTE,CASGSGTEAFF,TRBV9,TRBJ1-1,NA,Donor1:healthy,1.000000,-,-,-,-,-,-,-,-,-,-,-
217,%SGTE,2.2e-02,1,2,2.2e-06,1.0e+00,7.7e-02,1.0e+00,1.0e-03,2.9e-02,global-%SGTE,CSAASGTEAFF,TRBV29-1,TRBJ1-1,NA,Donor1:healthy,1.000000,-,-,-,-,-,-,-,-,-,-,-

218,SDR%YG,2.2e-02,1,2,2.0e-06,1.0e+00,6.8e-02,1.0e+00,1.0e-03,2.9e-02,global-SDR%YG,CAISDRNYGYTF,TRBV10-3,TRBJ1-2,NA,Donor1:healthy,1.000000,-,-,-,-,-,-,-,-,-,-,-
218,SDR%YG,2.2e-02,1,2,2.0e-06,1.0e+00,6.8e-02,1.0e+00,1.0e-03,2.9e-02,global-SDR%YG,CASSDRDYGYTF,TRBV25-1,TRBJ1-2,NA,Donor1:healthy,1.000000,-,-,-,-,-,-,-,-,-,-,-

219,S%GPE,2.3e-02,1,3,1.1e-06,1.0e+00,1.8e-01,1.0e+00,1.0e-03,6.2e-03,global-S%GPE,CASSFGPEAFF,TRBV5-4,TRBJ1-1,NA,Donor1:healthy,1.000000,-,-,-,-,-,-,-,-,-,-,-
219,S%GPE,2.3e-02,1,3,1.1e-06,1.0e+00,1.8e-01,1.0e+00,1.0e-03,6.2e-03,global-S%GPE,CASSLGPELFF,TRBV12-4,TRBJ2-2,NA,Donor1:healthy,1.000000,-,-,-,-,-,-,-,-,-,-,-
219,S%GPE,2.3e-02,1,3,1.1e-06,1.0e+00,1.8e-01,1.0e+00,1.0e-03,6.2e-03,global-S%GPE,CAWSLGPEQFF,TRBV30,TRBJ2-1,NA,Donor1:healthy,1.000000,-,-,-,-,-,-,-,-,-,-,-

220,S%GTGGYE,2.3e-02,1,3,4.9e-07,1.0e+00,5.1e-01,1.6e-01,1.0e-03,6.2e-03,global-S%GTGGYE,CASSVGTGGYEQYF,TRBV9,TRBJ2-7,NA,Donor1:healthy,1.000000,-,-,-,-,-,-,-,-,-,-,-
220,S%GTGGYE,2.3e-02,1,3,4.9e-07,1.0e+00,5.1e-01,1.6e-01,1.0e-03,6.2e-03,global-S%GTGGYE,CASSLGTGGYEQYF,TRBV27,TRBJ2-7,NA,Donor1:healthy,2.000000,-,-,-,-,-,-,-,-,-,-,-
220,S%GTGGYE,2.3e-02,1,3,4.9e-07,1.0e+00,5.1e-01,1.6e-01,1.0e-03,6.2e-03,global-S%GTGGYE,CASSLGTGGYEQYF,TRBV5-1,TRBJ2-7,NA,Donor1:healthy,1.000000,-,-,-,-,-,-,-,-,-,-,-
220,S%GTGGYE,2.3e-02,1,3,4.9e-07,1.0e+00,5.1e-01,1.6e-01,1.0e-03,6.2e-03,global-S%GTGGYE,CASSFGTGGYEQYF,TRBV11-2,TRBJ2-7,NA,Donor1:healthy,3.000000,-,-,-,-,-,-,-,-,-,-,-
220,S%GTGGYE,2.3e-02,1,3,4.9e-07,1.0e+00,5.1e-01,1.6e-01,1.0e-03,6.2e-03,global-S%GTGGYE,CASSFGTGGYEQYF,TRBV12-4,TRBJ2-7,NA,Donor1:healthy,1.000000,-,-,-,-,-,-,-,-,-,-,-

221,S%GEK,2.5e-02,1,2,1.5e-06,1.0e+00,5.3e-02,1.0e+00,1.0e-03,2.9e-02,global-S%GEK,CASSFGEKLFF,TRBV12-4,TRBJ1-4,NA,Donor1:healthy,1.000000,-,-,-,-,-,-,-,-,-,-,-
221,S%GEK,2.5e-02,1,2,1.5e-06,1.0e+00,5.3e-02,1.0e+00,1.0e-03,2.9e-02,global-S%GEK,CASSLGEKLFF,TRBV5-1,TRBJ1-4,NA,Donor1:healthy,1.000000,-,-,-,-,-,-,-,-,-,-,-

222,SL%VE,2.5e-02,1,2,1.8e-06,1.0e+00,6.2e-02,1.0e+00,1.0e-03,2.9e-02,global-SL%VE,CASSLSVEAFF,TRBV5-5,TRBJ1-1,NA,Donor1:healthy,1.000000,-,-,-,-,-,-,-,-,-,-,-
222,SL%VE,2.5e-02,1,2,1.8e-06,1.0e+00,6.2e-02,1.0e+00,1.0e-03,2.9e-02,global-SL%VE,CASSLNVEQYF,TRBV7-8,TRBJ2-7,NA,Donor1:healthy,1.000000,-,-,-,-,-,-,-,-,-,-,-

223,SGS%E,2.5e-02,1,2,2.1e-06,1.0e+00,7.1e-02,1.0e+00,1.0e-03,2.9e-02,global-SGS%E,CASSGSREQFF,TRBV13,TRBJ2-1,NA,Donor1:healthy,1.000000,-,-,-,-,-,-,-,-,-,-,-
223,SGS%E,2.5e-02,1,2,2.1e-06,1.0e+00,7.1e-02,1.0e+00,1.0e-03,2.9e-02,global-SGS%E,CASSGSHEQYF,TRBV9,TRBJ2-7,NA,Donor1:healthy,1.000000,-,-,-,-,-,-,-,-,-,-,-

224,S%GRDE,2.5e-02,1,2,1.9e-06,1.0e+00,6.4e-02,1.0e+00,1.0e-03,2.9e-02,global-S%GRDE,CASSFGRDEQYF,TRBV28,TRBJ2-7,NA,Donor1:healthy,1.000000,-,-,-,-,-,-,-,-,-,-,-
224,S%GRDE,2.5e-02,1,2,1.9e-06,1.0e+00,6.4e-02,1.0e+00,1.0e-03,2.9e-02,global-S%GRDE,CASSWGRDEQYF,TRBV5-6,TRBJ2-7,NA,Donor1:healthy,1.000000,-,-,-,-,-,-,-,-,-,-,-

225,S%GGDT,2.5e-02,1,2,5.3e-06,1.0e+00,1.8e-01,1.0e+00,1.0e-03,2.9e-02,global-S%GGDT,CASSEGGDTQYF,TRBV4-1,TRBJ2-3,NA,Donor1:healthy,1.000000,-,-,-,-,-,-,-,-,-,-,-
225,S%GGDT,2.5e-02,1,2,5.3e-06,1.0e+00,1.8e-01,1.0e+00,1.0e-03,2.9e-02,global-S%GGDT,CASSQGGDTQYF,TRBV4-3,TRBJ2-3,NA,Donor1:healthy,1.000000,-,-,-,-,-,-,-,-,-,-,-
225,S%GGDT,2.5e-02,1,2,5.3e-06,1.0e+00,1.8e-01,1.0e+00,1.0e-03,2.9e-02,global-S%GGDT,CASSQGGDTQYF,TRBV7-9,TRBJ2-3,NA,Donor1:healthy,1.000000,-,-,-,-,-,-,-,-,-,-,-

226,SP%GDT,2.5e-02,1,2,2.0e-06,1.0e+00,6.7e-02,1.0e+00,1.0e-03,2.9e-02,global-SP%GDT,CASSPTGDTQYF,TRBV7-3,TRBJ2-3,NA,Donor1:healthy,1.000000,-,-,-,-,-,-,-,-,-,-,-
226,SP%GDT,2.5e-02,1,2,2.0e-06,1.0e+00,6.7e-02,1.0e+00,1.0e-03,2.9e-02,global-SP%GDT,CASSPNGDTQYF,TRBV4-1,TRBJ2-3,NA,Donor1:healthy,1.000000,-,-,-,-,-,-,-,-,-,-,-

227,SL%GET,2.5e-02,1,2,2.0e-06,1.0e+00,6.7e-02,1.0e+00,1.0e-03,2.9e-02,global-SL%GET,CASSLEGETQYF,TRBV5-5,TRBJ2-5,NA,Donor1:healthy,1.000000,-,-,-,-,-,-,-,-,-,-,-
227,SL%GET,2.5e-02,1,2,2.0e-06,1.0e+00,6.7e-02,1.0e+00,1.0e-03,2.9e-02,global-SL%GET,CASSLQGETQYF,TRBV27,TRBJ2-5,NA,Donor1:healthy,1.000000,-,-,-,-,-,-,-,-,-,-,-

228,S%QGGYE,2.5e-02,1,2,2.4e-06,1.0e+00,8.4e-02,1.0e+00,1.0e-03,2.9e-02,global-S%QGGYE,CASSLQGGYEQYF,TRBV5-4,TRBJ2-7,NA,Donor1:healthy,1.000000,-,-,-,-,-,-,-,-,-,-,-
228,S%QGGYE,2.5e-02,1,2,2.4e-06,1.0e+00,8.4e-02,1.0e+00,1.0e-03,2.9e-02,global-S%QGGYE,CASSFQGGYEQYF,TRBV27,TRBJ2-7,NA,Donor1:healthy,1.000000,-,-,-,-,-,-,-,-,-,-,-

229,SP%GTGE,2.5e-02,1,2,1.8e-06,1.0e+00,6.2e-02,1.0e+00,1.0e-03,2.9e-02,global-SP%GTGE,CASSPGGTGELFF,TRBV5-5,TRBJ2-2,NA,Donor1:healthy,1.000000,-,-,-,-,-,-,-,-,-,-,-
229,SP%GTGE,2.5e-02,1,2,1.8e-06,1.0e+00,6.2e-02,1.0e+00,1.0e-03,2.9e-02,global-SP%GTGE,CASSPSGTGELFF,TRBV19,TRBJ2-2,NA,Donor1:healthy,1.000000,-,-,-,-,-,-,-,-,-,-,-

230,SL%PNTE,2.5e-02,1,2,1.3e-06,1.0e+00,4.5e-02,1.0e+00,1.0e-03,2.9e-02,global-SL%PNTE,CASSLNPNTEAFF,TRBV5-4,TRBJ1-1,NA,Donor1:healthy,1.000000,-,-,-,-,-,-,-,-,-,-,-
230,SL%PNTE,2.5e-02,1,2,1.3e-06,1.0e+00,4.5e-02,1.0e+00,1.0e-03,2.9e-02,global-SL%PNTE,CASSLTPNTEAFF,TRBV5-1,TRBJ1-1,NA,Donor1:healthy,1.000000,-,-,-,-,-,-,-,-,-,-,-

231,SLGGN%E,2.5e-02,1,2,9.0e-08,1.0e+00,6.7e-02,4.6e-02,1.0e-03,2.9e-02,global-SLGGN%E,CASSLGGNNEQFF,TRBV7-8,TRBJ2-1,NA,Donor1:healthy,5.000000,-,-,-,-,-,-,-,-,-,-,-
231,SLGGN%E,2.5e-02,1,2,9.0e-08,1.0e+00,6.7e-02,4.6e-02,1.0e-03,2.9e-02,global-SLGGN%E,CASSLGGNTEAFF,TRBV12-3,TRBJ1-1,NA,Donor1:healthy,1.000000,-,-,-,-,-,-,-,-,-,-,-

232,S%GGGNTE,2.5e-02,1,2,6.1e-06,1.0e+00,2.1e-01,1.0e+00,1.0e-03,2.9e-02,global-S%GGGNTE,CASSLGGGNTEAFF,TRBV27,TRBJ1-1,NA,Donor1:healthy,1.000000,-,-,-,-,-,-,-,-,-,-,-
232,S%GGGNTE,2.5e-02,1,2,6.1e-06,1.0e+00,2.1e-01,1.0e+00,1.0e-03,2.9e-02,global-S%GGGNTE,CASSLGGGNTEAFF,TRBV7-6,TRBJ1-1,NA,Donor1:healthy,1.000000,-,-,-,-,-,-,-,-,-,-,-
232,S%GGGNTE,2.5e-02,1,2,6.1e-06,1.0e+00,2.1e-01,1.0e+00,1.0e-03,2.9e-02,global-S%GGGNTE,CASSVGGGNTEAFF,TRBV9,TRBJ1-1,NA,Donor1:healthy,1.000000,-,-,-,-,-,-,-,-,-,-,-

233,SL%GDTE,2.7e-02,1,2,1.8e-06,1.0e+00,6.2e-02,1.0e+00,1.0e-03,2.9e-02,global-SL%GDTE,CASSLGGDTEAFF,TRBV28,TRBJ1-1,NA,Donor1:healthy,1.000000,-,-,-,-,-,-,-,-,-,-,-
233,SL%GDTE,2.7e-02,1,2,1.8e-06,1.0e+00,6.2e-02,1.0e+00,1.0e-03,2.9e-02,global-SL%GDTE,CASSLAGDTEAFF,TRBV5-8,TRBJ1-1,NA,Donor1:healthy,1.000000,-,-,-,-,-,-,-,-,-,-,-

234,SQG%NTE,2.7e-02,1,2,2.3e-09,1.0e+00,1.0e-03,7.9e-02,1.0e-03,2.9e-02,global-SQG%NTE,CASSQGMNTEAFF,TRBV4-1,TRBJ1-1,NA,Donor1:healthy,2.000000,-,-,-,-,-,-,-,-,-,-,-
234,SQG%NTE,2.7e-02,1,2,2.3e-09,1.0e+00,1.0e-03,7.9e-02,1.0e-03,2.9e-02,global-SQG%NTE,CASSQGQNTEAFF,TRBV4-1,TRBJ1-1,NA,Donor1:healthy,2.000000,-,-,-,-,-,-,-,-,-,-,-

235,SLGR%YG,2.7e-02,1,2,1.5e-06,1.0e+00,5.0e-02,1.0e+00,1.0e-03,2.9e-02,global-SLGR%YG,CASSLGRSYGYTF,TRBV12-4,TRBJ1-2,NA,Donor1:healthy,1.000000,-,-,-,-,-,-,-,-,-,-,-
235,SLGR%YG,2.7e-02,1,2,1.5e-06,1.0e+00,5.0e-02,1.0e+00,1.0e-03,2.9e-02,global-SLGR%YG,CASSLGRAYGYTF,TRBV4-1,TRBJ1-2,NA,Donor1:healthy,1.000000,-,-,-,-,-,-,-,-,-,-,-

236,SL%TGGYE,2.7e-02,1,2,1.2e-06,1.0e+00,1.9e-01,2.1e-01,1.0e-03,2.9e-02,global-SL%TGGYE,CASSLGTGGYEQYF,TRBV27,TRBJ2-7,NA,Donor1:healthy,2.000000,-,-,-,-,-,-,-,-,-,-,-
236,SL%TGGYE,2.7e-02,1,2,1.2e-06,1.0e+00,1.9e-01,2.1e-01,1.0e-03,2.9e-02,global-SL%TGGYE,CASSLGTGGYEQYF,TRBV5-1,TRBJ2-7,NA,Donor1:healthy,1.000000,-,-,-,-,-,-,-,-,-,-,-
236,SL%TGGYE,2.7e-02,1,2,1.2e-06,1.0e+00,1.9e-01,2.1e-01,1.0e-03,2.9e-02,global-SL%TGGYE,CASSLSTGGYEQYF,TRBV7-2,TRBJ2-7,NA,Donor1:healthy,1.000000,-,-,-,-,-,-,-,-,-,-,-

237,SLGGG%NE,2.7e-02,1,2,1.7e-06,1.0e+00,5.7e-02,1.0e+00,1.0e-03,2.9e-02,global-SLGGG%NE,CASSLGGGSNEQYF,TRBV5-5,TRBJ2-7,NA,Donor1:healthy,1.000000,-,-,-,-,-,-,-,-,-,-,-
237,SLGGG%NE,2.7e-02,1,2,1.7e-06,1.0e+00,5.7e-02,1.0e+00,1.0e-03,2.9e-02,global-SLGGG%NE,CASSLGGGNNEQFF,TRBV5-4,TRBJ2-1,NA,Donor1:healthy,1.000000,-,-,-,-,-,-,-,-,-,-,-

238,%GGNQP,3.0e-02,1,2,1.6e-07,1.0e+00,6.9e-02,8.2e-02,1.0e-03,2.9e-02,global-%GGNQP,CASTGGNQPQHF,TRBV7-9,TRBJ1-5,NA,Donor1:healthy,1.000000,-,-,-,-,-,-,-,-,-,-,-
238,%GGNQP,3.0e-02,1,2,1.6e-07,1.0e+00,6.9e-02,8.2e-02,1.0e-03,2.9e-02,global-%GGNQP,CASAGGNQPQHF,TRBV6-3,TRBJ1-5,NA,Donor1:healthy,3.000000,-,-,-,-,-,-,-,-,-,-,-

239,SL%YNE,3.0e-02,1,2,2.9e-08,1.0e+00,1.0e-03,1.0e+00,1.0e-03,2.9e-02,global-SL%YNE,CASSLSYNEQFF,TRBV5-1,TRBJ2-1,NA,Donor1:healthy,1.000000,-,-,-,-,-,-,-,-,-,-,-
239,SL%YNE,3.0e-02,1,2,2.9e-08,1.0e+00,1.0e-03,1.0e+00,1.0e-03,2.9e-02,global-SL%YNE,CASSLDYNEQFF,TRBV5-1,TRBJ2-1,NA,Donor1:healthy,1.000000,-,-,-,-,-,-,-,-,-,-,-

240,SLAP%E,3.0e-02,1,2,1.0e-05,1.0e+00,3.5e-01,1.0e+00,1.0e-03,2.9e-02,global-SLAP%E,CASSLAPFEAFF,TRBV7-2,TRBJ1-1,NA,Donor1:healthy,1.000000,-,-,-,-,-,-,-,-,-,-,-
240,SLAP%E,3.0e-02,1,2,1.0e-05,1.0e+00,3.5e-01,1.0e+00,1.0e-03,2.9e-02,global-SLAP%E,CASSLAPYEQYF,TRBV11-2,TRBJ2-7,NA,Donor1:healthy,1.000000,-,-,-,-,-,-,-,-,-,-,-
240,SLAP%E,3.0e-02,1,2,1.0e-05,1.0e+00,3.5e-01,1.0e+00,1.0e-03,2.9e-02,global-SLAP%E,CASSLAPYEQYF,TRBV7-8,TRBJ2-7,NA,Donor1:healthy,1.000000,-,-,-,-,-,-,-,-,-,-,-
240,SLAP%E,3.0e-02,1,2,1.0e-05,1.0e+00,3.5e-01,1.0e+00,1.0e-03,2.9e-02,global-SLAP%E,CASSLAPYEQYF,TRBV7-9,TRBJ2-7,NA,Donor1:healthy,1.000000,-,-,-,-,-,-,-,-,-,-,-

241,SLD%YNE,3.0e-02,1,2,2.2e-06,1.0e+00,7.7e-02,1.0e+00,1.0e-03,2.9e-02,global-SLD%YNE,CASSLDAYNEQFF,TRBV5-1,TRBJ2-1,NA,Donor1:healthy,1.000000,-,-,-,-,-,-,-,-,-,-,-
241,SLD%YNE,3.0e-02,1,2,2.2e-06,1.0e+00,7.7e-02,1.0e+00,1.0e-03,2.9e-02,global-SLD%YNE,CASSLDSYNEQFF,TRBV27,TRBJ2-1,NA,Donor1:healthy,1.000000,-,-,-,-,-,-,-,-,-,-,-

242,SLA%TDT,3.0e-02,1,2,1.7e-06,1.0e+00,5.8e-02,1.0e+00,1.0e-03,2.9e-02,global-SLA%TDT,CASSLASTDTQYF,TRBV7-9,TRBJ2-3,NA,Donor1:healthy,1.000000,-,-,-,-,-,-,-,-,-,-,-
242,SLA%TDT,3.0e-02,1,2,1.7e-06,1.0e+00,5.8e-02,1.0e+00,1.0e-03,2.9e-02,global-SLA%TDT,CASSLANTDTQYF,TRBV13,TRBJ2-3,NA,Donor1:healthy,1.000000,-,-,-,-,-,-,-,-,-,-,-

243,SYGG%TE,3.0e-02,1,2,5.9e-07,1.0e+00,1.0e-01,1.9e-01,1.0e-03,2.9e-02,global-SYGG%TE,CASSYGGNTEAFF,TRBV6-3,TRBJ1-1,NA,Donor1:healthy,2.000000,-,-,-,-,-,-,-,-,-,-,-
243,SYGG%TE,3.0e-02,1,2,5.9e-07,1.0e+00,1.0e-01,1.9e-01,1.0e-03,2.9e-02,global-SYGG%TE,CASSYGGGTEAFF,TRBV6-3,TRBJ1-1,NA,Donor1:healthy,1.000000,-,-,-,-,-,-,-,-,-,-,-
243,SYGG%TE,3.0e-02,1,2,5.9e-07,1.0e+00,1.0e-01,1.9e-01,1.0e-03,2.9e-02,global-SYGG%TE,CASSYGGGTEAFF,TRBV6-5,TRBJ1-1,NA,Donor1:healthy,1.000000,-,-,-,-,-,-,-,-,-,-,-

244,SLGG%SYNE,3.0e-02,1,2,1.9e-06,1.0e+00,6.6e-02,1.0e+00,1.0e-03,2.9e-02,global-SLGG%SYNE,CASSLGGSSYNEQFF,TRBV7-9,TRBJ2-1,NA,Donor1:healthy,1.000000,-,-,-,-,-,-,-,-,-,-,-
244,SLGG%SYNE,3.0e-02,1,2,1.9e-06,1.0e+00,6.6e-02,1.0e+00,1.0e-03,2.9e-02,global-SLGG%SYNE,CASSLGGGSYNEQFF,TRBV12-3,TRBJ2-1,NA,Donor1:healthy,1.000000,-,-,-,-,-,-,-,-,-,-,-

245,SLG%E,3.1e-02,1,4,9.3e-07,1.0e+00,4.0e-01,1.0e+00,1.0e-03,2.3e-03,global-SLG%E,CASSLGDEQYF,TRBV7-2,TRBJ2-7,NA,Donor1:healthy,1.000000,-,-,-,-,-,-,-,-,-,-,-
245,SLG%E,3.1e-02,1,4,9.3e-07,1.0e+00,4.0e-01,1.0e+00,1.0e-03,2.3e-03,global-SLG%E,CASSLGTEAFF,TRBV10-2,TRBJ1-1,NA,Donor1:healthy,1.000000,-,-,-,-,-,-,-,-,-,-,-
245,SLG%E,3.1e-02,1,4,9.3e-07,1.0e+00,4.0e-01,1.0e+00,1.0e-03,2.3e-03,global-SLG%E,CASSLGTEAFF,TRBV5-4,TRBJ1-1,NA,Donor1:healthy,1.000000,-,-,-,-,-,-,-,-,-,-,-
245,SLG%E,3.1e-02,1,4,9.3e-07,1.0e+00,4.0e-01,1.0e+00,1.0e-03,2.3e-03,global-SLG%E,CASSLGTEAFF,TRBV7-2,TRBJ1-1,NA,Donor1:healthy,1.000000,-,-,-,-,-,-,-,-,-,-,-
245,SLG%E,3.1e-02,1,4,9.3e-07,1.0e+00,4.0e-01,1.0e+00,1.0e-03,2.3e-03,global-SLG%E,CASSLGTEAFF,TRBV9,TRBJ1-1,NA,Donor1:healthy,1.000000,-,-,-,-,-,-,-,-,-,-,-
245,SLG%E,3.1e-02,1,4,9.3e-07,1.0e+00,4.0e-01,1.0e+00,1.0e-03,2.3e-03,global-SLG%E,CASSLGNEQYF,TRBV11-2,TRBJ2-7,NA,Donor1:healthy,1.000000,-,-,-,-,-,-,-,-,-,-,-
245,SLG%E,3.1e-02,1,4,9.3e-07,1.0e+00,4.0e-01,1.0e+00,1.0e-03,2.3e-03,global-SLG%E,CASSLGGEKTF,TRBV7-9,TRBJ1-2,NA,Donor1:healthy,1.000000,-,-,-,-,-,-,-,-,-,-,-

246,GT%NTE,3.3e-02,1,2,2.1e-06,1.0e+00,7.2e-02,1.0e+00,1.0e-03,2.9e-02,global-GT%NTE,CATGTVNTEAFF,TRBV5-6,TRBJ1-1,NA,Donor1:healthy,1.000000,-,-,-,-,-,-,-,-,-,-,-
246,GT%NTE,3.3e-02,1,2,2.1e-06,1.0e+00,7.2e-02,1.0e+00,1.0e-03,2.9e-02,global-GT%NTE,CASGTMNTEAFF,TRBV11-1,TRBJ1-1,NA,Donor1:healthy,1.000000,-,-,-,-,-,-,-,-,-,-,-

247,RR%NTE,3.3e-02,1,2,2.3e-06,1.0e+00,7.9e-02,1.0e+00,1.0e-03,2.9e-02,global-RR%NTE,CASRRANTEAFF,TRBV27,TRBJ1-1,NA,Donor1:healthy,1.000000,-,-,-,-,-,-,-,-,-,-,-
247,RR%NTE,3.3e-02,1,2,2.3e-06,1.0e+00,7.9e-02,1.0e+00,1.0e-03,2.9e-02,global-RR%NTE,CSARRGNTEAFF,TRBV20-1,TRBJ1-1,NA,Donor1:healthy,1.000000,-,-,-,-,-,-,-,-,-,-,-

248,SPPG%E,3.3e-02,1,2,1.7e-06,1.0e+00,5.8e-02,1.0e+00,1.0e-03,2.9e-02,global-SPPG%E,CASSPPGDEQYF,TRBV7-9,TRBJ2-7,NA,Donor1:healthy,1.000000,-,-,-,-,-,-,-,-,-,-,-
248,SPPG%E,3.3e-02,1,2,1.7e-06,1.0e+00,5.8e-02,1.0e+00,1.0e-03,2.9e-02,global-SPPG%E,CASSPPGEEAFF,TRBV4-2,TRBJ1-1,NA,Donor1:healthy,1.000000,-,-,-,-,-,-,-,-,-,-,-

249,SPGG%NE,3.3e-02,1,2,1.6e-07,1.0e+00,6.1e-02,8.8e-02,1.0e-03,2.9e-02,global-SPGG%NE,CASSPGGVNEQFF,TRBV28,TRBJ2-1,NA,Donor1:healthy,1.000000,-,-,-,-,-,-,-,-,-,-,-
249,SPGG%NE,3.3e-02,1,2,1.6e-07,1.0e+00,6.1e-02,8.8e-02,1.0e-03,2.9e-02,global-SPGG%NE,CASSPGGLNEQYF,TRBV7-3,TRBJ2-7,NA,Donor1:healthy,3.000000,-,-,-,-,-,-,-,-,-,-,-

250,S%GTSGSYE,3.3e-02,1,2,2.5e-07,1.0e+00,6.0e-02,1.4e-01,1.0e-03,2.9e-02,global-S%GTSGSYE,CASSQGTSGSYEQYF,TRBV4-3,TRBJ2-7,NA,Donor1:healthy,2.000000,-,-,-,-,-,-,-,-,-,-,-
250,S%GTSGSYE,3.3e-02,1,2,2.5e-07,1.0e+00,6.0e-02,1.4e-01,1.0e-03,2.9e-02,global-S%GTSGSYE,CASSSGTSGSYEQYF,TRBV27,TRBJ2-7,NA,Donor1:healthy,1.000000,-,-,-,-,-,-,-,-,-,-,-

251,%DYG,3.6e-02,1,2,2.0e-06,1.0e+00,6.9e-02,1.0e+00,1.0e-03,2.9e-02,global-%DYG,CASTDYGYTF,TRBV2,TRBJ1-2,NA,Donor1:healthy,1.000000,-,-,-,-,-,-,-,-,-,-,-
251,%DYG,3.6e-02,1,2,2.0e-06,1.0e+00,6.9e-02,1.0e+00,1.0e-03,2.9e-02,global-%DYG,CASSDYGYTF,TRBV6-1,TRBJ1-2,NA,Donor1:healthy,1.000000,-,-,-,-,-,-,-,-,-,-,-

252,SS%TDT,3.6e-02,1,2,5.4e-06,1.0e+00,1.8e-01,1.0e+00,1.0e-03,2.9e-02,global-SS%TDT,CASSSGTDTQYF,TRBV4-1,TRBJ2-3,NA,Donor1:healthy,1.000000,-,-,-,-,-,-,-,-,-,-,-
252,SS%TDT,3.6e-02,1,2,5.4e-06,1.0e+00,1.8e-01,1.0e+00,1.0e-03,2.9e-02,global-SS%TDT,CASSSGTDTQYF,TRBV7-9,TRBJ2-3,NA,Donor1:healthy,1.000000,-,-,-,-,-,-,-,-,-,-,-
252,SS%TDT,3.6e-02,1,2,5.4e-06,1.0e+00,1.8e-01,1.0e+00,1.0e-03,2.9e-02,global-SS%TDT,CASSSNTDTQYF,TRBV11-2,TRBJ2-3,NA,Donor1:healthy,1.000000,-,-,-,-,-,-,-,-,-,-,-

253,S%NSNQP,3.6e-02,1,2,2.0e-06,1.0e+00,6.8e-02,1.0e+00,1.0e-03,2.9e-02,global-S%NSNQP,CASSINSNQPQHF,TRBV19,TRBJ1-5,NA,Donor1:healthy,1.000000,-,-,-,-,-,-,-,-,-,-,-
253,S%NSNQP,3.6e-02,1,2,2.0e-06,1.0e+00,6.8e-02,1.0e+00,1.0e-03,2.9e-02,global-S%NSNQP,CASSLNSNQPQHF,TRBV7-9,TRBJ1-5,NA,Donor1:healthy,1.000000,-,-,-,-,-,-,-,-,-,-,-

254,SY%GNTE,3.6e-02,1,2,2.7e-07,1.0e+00,6.7e-02,1.4e-01,1.0e-03,2.9e-02,global-SY%GNTE,CASSYGGNTEAFF,TRBV6-3,TRBJ1-1,NA,Donor1:healthy,2.000000,-,-,-,-,-,-,-,-,-,-,-
254,SY%GNTE,3.6e-02,1,2,2.7e-07,1.0e+00,6.7e-02,1.4e-01,1.0e-03,2.9e-02,global-SY%GNTE,CASSYSGNTEAFF,TRBV6-5,TRBJ1-1,NA,Donor1:healthy,1.000000,-,-,-,-,-,-,-,-,-,-,-

255,SPGQG%YG,3.6e-02,1,2,1.7e-06,1.0e+00,5.8e-02,1.0e+00,1.0e-03,2.9e-02,global-SPGQG%YG,CASSPGQGSYGYTF,TRBV3-1,TRBJ1-2,NA,Donor1:healthy,1.000000,-,-,-,-,-,-,-,-,-,-,-
255,SPGQG%YG,3.6e-02,1,2,1.7e-06,1.0e+00,5.8e-02,1.0e+00,1.0e-03,2.9e-02,global-SPGQG%YG,CASSPGQGGYGYTF,TRBV4-3,TRBJ1-2,NA,Donor1:healthy,1.000000,-,-,-,-,-,-,-,-,-,-,-

256,S%GGGG,3.9e-02,1,2,2.3e-06,1.0e+00,7.9e-02,1.0e+00,1.0e-03,2.9e-02,global-S%GGGG,CASSAGGGGQYF,TRBV27,TRBJ2-3,NA,Donor1:healthy,1.000000,-,-,-,-,-,-,-,-,-,-,-
256,S%GGGG,3.9e-02,1,2,2.3e-06,1.0e+00,7.9e-02,1.0e+00,1.0e-03,2.9e-02,global-S%GGGG,CASSSGGGGQFF,TRBV19,TRBJ2-1,NA,Donor1:healthy,1.000000,-,-,-,-,-,-,-,-,-,-,-

257,SL%TDT,3.9e-02,1,2,5.2e-06,1.0e+00,1.8e-01,1.0e+00,1.0e-03,2.9e-02,global-SL%TDT,CASSLGTDTQYF,TRBV27,TRBJ2-3,NA,Donor1:healthy,1.000000,-,-,-,-,-,-,-,-,-,-,-
257,SL%TDT,3.9e-02,1,2,5.2e-06,1.0e+00,1.8e-01,1.0e+00,1.0e-03,2.9e-02,global-SL%TDT,CASSLGTDTQYF,TRBV5-6,TRBJ2-3,NA,Donor1:healthy,1.000000,-,-,-,-,-,-,-,-,-,-,-
257,SL%TDT,3.9e-02,1,2,5.2e-06,1.0e+00,1.8e-01,1.0e+00,1.0e-03,2.9e-02,global-SL%TDT,CASSLNTDTQYF,TRBV5-1,TRBJ2-3,NA,Donor1:healthy,1.000000,-,-,-,-,-,-,-,-,-,-,-

258,SPGT%E,3.9e-02,1,2,2.0e-06,1.0e+00,6.9e-02,1.0e+00,1.0e-03,2.9e-02,global-SPGT%E,CASSPGTNEQFF,TRBV25-1,TRBJ2-1,NA,Donor1:healthy,1.000000,-,-,-,-,-,-,-,-,-,-,-
258,SPGT%E,3.9e-02,1,2,2.0e-06,1.0e+00,6.9e-02,1.0e+00,1.0e-03,2.9e-02,global-SPGT%E,CASSPGTTEAFF,TRBV7-3,TRBJ1-1,NA,Donor1:healthy,1.000000,-,-,-,-,-,-,-,-,-,-,-

259,S%AGSYE,3.9e-02,1,2,2.1e-06,1.0e+00,7.2e-02,1.0e+00,1.0e-03,2.9e-02,global-S%AGSYE,CASSFAGSYEQYF,TRBV27,TRBJ2-7,NA,Donor1:healthy,1.000000,-,-,-,-,-,-,-,-,-,-,-
259,S%AGSYE,3.9e-02,1,2,2.1e-06,1.0e+00,7.2e-02,1.0e+00,1.0e-03,2.9e-02,global-S%AGSYE,CASSLAGSYEQYF,TRBV7-9,TRBJ2-7,NA,Donor1:healthy,1.000000,-,-,-,-,-,-,-,-,-,-,-

260,SP%GNTE,3.9e-02,1,2,2.0e-07,1.0e+00,5.8e-02,1.2e-01,1.0e-03,2.9e-02,global-SP%GNTE,CASSPGGNTEAFF,TRBV7-3,TRBJ1-1,NA,Donor1:healthy,1.000000,-,-,-,-,-,-,-,-,-,-,-
260,SP%GNTE,3.9e-02,1,2,2.0e-07,1.0e+00,5.8e-02,1.2e-01,1.0e-03,2.9e-02,global-SP%GNTE,CASSPSGNTEAFF,TRBV7-9,TRBJ1-1,NA,Donor1:healthy,2.000000,-,-,-,-,-,-,-,-,-,-,-

261,SPG%E,4.1e-02,1,3,1.1e-06,1.0e+00,1.8e-01,1.0e+00,1.0e-03,6.2e-03,global-SPG%E,CASSPGHEQFF,TRBV6-3,TRBJ2-1,NA,Donor1:healthy,1.000000,-,-,-,-,-,-,-,-,-,-,-
261,SPG%E,4.1e-02,1,3,1.1e-06,1.0e+00,1.8e-01,1.0e+00,1.0e-03,6.2e-03,global-SPG%E,CASSPGQEAFF,TRBV13,TRBJ1-1,NA,Donor1:healthy,1.000000,-,-,-,-,-,-,-,-,-,-,-
261,SPG%E,4.1e-02,1,3,1.1e-06,1.0e+00,1.8e-01,1.0e+00,1.0e-03,6.2e-03,global-SPG%E,CATSPGYEQFF,TRBV24-1,TRBJ2-1,NA,Donor1:healthy,1.000000,-,-,-,-,-,-,-,-,-,-,-

262,R%TE,4.2e-02,1,2,2.2e-06,1.0e+00,7.4e-02,1.0e+00,1.0e-03,2.9e-02,global-R%TE,CASRETEAFF,TRBV10-2,TRBJ1-1,NA,Donor1:healthy,1.000000,-,-,-,-,-,-,-,-,-,-,-
262,R%TE,4.2e-02,1,2,2.2e-06,1.0e+00,7.4e-02,1.0e+00,1.0e-03,2.9e-02,global-R%TE,CASRNTEAFF,TRBV19,TRBJ1-1,NA,Donor1:healthy,1.000000,-,-,-,-,-,-,-,-,-,-,-

263,S%GAYG,4.5e-02,1,2,7.0e-10,1.0e+00,1.0e-03,2.4e-02,1.0e-03,2.9e-02,global-S%GAYG,CASSAGAYGYTF,TRBV19,TRBJ1-2,NA,Donor1:healthy,12.000000,-,-,-,-,-,-,-,-,-,-,-
263,S%GAYG,4.5e-02,1,2,7.0e-10,1.0e+00,1.0e-03,2.4e-02,1.0e-03,2.9e-02,global-S%GAYG,CASSTGAYGYTF,TRBV19,TRBJ1-2,NA,Donor1:healthy,1.000000,-,-,-,-,-,-,-,-,-,-,-

264,SLA%SYE,4.5e-02,1,2,1.8e-06,1.0e+00,6.1e-02,1.0e+00,1.0e-03,2.9e-02,global-SLA%SYE,CASSLAGSYEQYF,TRBV7-9,TRBJ2-7,NA,Donor1:healthy,1.000000,-,-,-,-,-,-,-,-,-,-,-
264,SLA%SYE,4.5e-02,1,2,1.8e-06,1.0e+00,6.1e-02,1.0e+00,1.0e-03,2.9e-02,global-SLA%SYE,CASSLAASYEQYF,TRBV12-3,TRBJ2-7,NA,Donor1:healthy,1.000000,-,-,-,-,-,-,-,-,-,-,-

265,S%SYE,4.9e-02,1,3,1.1e-06,1.0e+00,1.8e-01,1.0e+00,1.0e-03,6.2e-03,global-S%SYE,CALSASYEQYF,TRBV6-1,TRBJ2-7,NA,Donor1:healthy,1.000000,-,-,-,-,-,-,-,-,-,-,-
265,S%SYE,4.9e-02,1,3,1.1e-06,1.0e+00,1.8e-01,1.0e+00,1.0e-03,6.2e-03,global-S%SYE,CASSSSYEQFF,TRBV28,TRBJ2-1,NA,Donor1:healthy,1.000000,-,-,-,-,-,-,-,-,-,-,-
265,S%SYE,4.9e-02,1,3,1.1e-06,1.0e+00,1.8e-01,1.0e+00,1.0e-03,6.2e-03,global-S%SYE,CASSASYEQYF,TRBV7-2,TRBJ2-7,NA,Donor1:healthy,1.000000,-,-,-,-,-,-,-,-,-,-,-

266,SLGG%E,5.1e-02,1,3,9.7e-08,1.0e+00,1.0e-01,1.5e-01,1.0e-03,6.2e-03,global-SLGG%E,CASSLGGNEQYF,TRBV11-1,TRBJ2-7,NA,Donor1:healthy,1.000000,-,-,-,-,-,-,-,-,-,-,-
266,SLGG%E,5.1e-02,1,3,9.7e-08,1.0e+00,1.0e-01,1.5e-01,1.0e-03,6.2e-03,global-SLGG%E,CASSLGGNEQYF,TRBV7-9,TRBJ2-7,NA,Donor1:healthy,1.000000,-,-,-,-,-,-,-,-,-,-,-
266,SLGG%E,5.1e-02,1,3,9.7e-08,1.0e+00,1.0e-01,1.5e-01,1.0e-03,6.2e-03,global-SLGG%E,CASSLGGNEQFF,TRBV12-4,TRBJ2-1,NA,Donor1:healthy,1.000000,-,-,-,-,-,-,-,-,-,-,-
266,SLGG%E,5.1e-02,1,3,9.7e-08,1.0e+00,1.0e-01,1.5e-01,1.0e-03,6.2e-03,global-SLGG%E,CASSLGGNEQFF,TRBV7-9,TRBJ2-1,NA,Donor1:healthy,3.000000,-,-,-,-,-,-,-,-,-,-,-
266,SLGG%E,5.1e-02,1,3,9.7e-08,1.0e+00,1.0e-01,1.5e-01,1.0e-03,6.2e-03,global-SLGG%E,CASSLGGDEQFF,TRBV5-4,TRBJ2-1,NA,Donor1:healthy,2.000000,-,-,-,-,-,-,-,-,-,-,-

267,SL%SNQP,5.2e-02,1,2,2.1e-06,1.0e+00,7.3e-02,1.0e+00,1.0e-03,2.9e-02,global-SL%SNQP,CASSLFSNQPQHF,TRBV27,TRBJ1-5,NA,Donor1:healthy,1.000000,-,-,-,-,-,-,-,-,-,-,-
267,SL%SNQP,5.2e-02,1,2,2.1e-06,1.0e+00,7.3e-02,1.0e+00,1.0e-03,2.9e-02,global-SL%SNQP,CASSLLSNQPQHF,TRBV11-2,TRBJ1-5,NA,Donor1:healthy,1.000000,-,-,-,-,-,-,-,-,-,-,-

268,SL%PGE,5.6e-02,1,2,2.3e-06,1.0e+00,7.8e-02,1.0e+00,1.0e-03,2.9e-02,global-SL%PGE,CASSLNPGELFF,TRBV7-6,TRBJ2-2,NA,Donor1:healthy,1.000000,-,-,-,-,-,-,-,-,-,-,-
268,SL%PGE,5.6e-02,1,2,2.3e-06,1.0e+00,7.8e-02,1.0e+00,1.0e-03,2.9e-02,global-SL%PGE,CASSLDPGEQYF,TRBV5-6,TRBJ2-7,NA,Donor1:healthy,1.000000,-,-,-,-,-,-,-,-,-,-,-

269,SLV%GE,5.6e-02,1,2,9.8e-06,1.0e+00,3.4e-01,1.0e+00,1.0e-03,2.9e-02,global-SLV%GE,CASSLVGGEQYF,TRBV12-4,TRBJ2-7,NA,Donor1:healthy,1.000000,-,-,-,-,-,-,-,-,-,-,-
269,SLV%GE,5.6e-02,1,2,9.8e-06,1.0e+00,3.4e-01,1.0e+00,1.0e-03,2.9e-02,global-SLV%GE,CASSLVAGELFF,TRBV5-1,TRBJ2-2,NA,Donor1:healthy,1.000000,-,-,-,-,-,-,-,-,-,-,-
269,SLV%GE,5.6e-02,1,2,9.8e-06,1.0e+00,3.4e-01,1.0e+00,1.0e-03,2.9e-02,global-SLV%GE,CASSLVAGELFF,TRBV7-2,TRBJ2-2,NA,Donor1:healthy,1.000000,-,-,-,-,-,-,-,-,-,-,-
269,SLV%GE,5.6e-02,1,2,9.8e-06,1.0e+00,3.4e-01,1.0e+00,1.0e-03,2.9e-02,global-SLV%GE,CASSLVAGELFF,TRBV7-6,TRBJ2-2,NA,Donor1:healthy,1.000000,-,-,-,-,-,-,-,-,-,-,-

270,S%TSSYE,5.6e-02,1,2,2.5e-07,1.0e+00,6.5e-02,1.3e-01,1.0e-03,2.9e-02,global-S%TSSYE,CASSFTSSYEQYF,TRBV27,TRBJ2-7,NA,Donor1:healthy,2.000000,-,-,-,-,-,-,-,-,-,-,-
270,S%TSSYE,5.6e-02,1,2,2.5e-07,1.0e+00,6.5e-02,1.3e-01,1.0e-03,2.9e-02,global-S%TSSYE,CASSLTSSYEQYF,TRBV12-3,TRBJ2-7,NA,Donor1:healthy,1.000000,-,-,-,-,-,-,-,-,-,-,-

271,S%GGTDT,5.9e-02,1,2,5.5e-06,1.0e+00,1.9e-01,1.0e+00,1.0e-03,2.9e-02,global-S%GGTDT,CASSVGGTDTQYF,TRBV6-1,TRBJ2-3,NA,Donor1:healthy,1.000000,-,-,-,-,-,-,-,-,-,-,-
271,S%GGTDT,5.9e-02,1,2,5.5e-06,1.0e+00,1.9e-01,1.0e+00,1.0e-03,2.9e-02,global-S%GGTDT,CASSVGGTDTQYF,TRBV9,TRBJ2-3,NA,Donor1:healthy,1.000000,-,-,-,-,-,-,-,-,-,-,-
271,S%GGTDT,5.9e-02,1,2,5.5e-06,1.0e+00,1.9e-01,1.0e+00,1.0e-03,2.9e-02,global-S%GGTDT,CASSLGGTDTQYF,TRBV6-5,TRBJ2-3,NA,Donor1:healthy,1.000000,-,-,-,-,-,-,-,-,-,-,-

272,SSGTG%YE,5.9e-02,1,2,1.8e-06,1.0e+00,6.3e-02,1.0e+00,1.0e-03,2.9e-02,global-SSGTG%YE,CASSSGTGSYEQYF,TRBV5-6,TRBJ2-7,NA,Donor1:healthy,1.000000,-,-,-,-,-,-,-,-,-,-,-
272,SSGTG%YE,5.9e-02,1,2,1.8e-06,1.0e+00,6.3e-02,1.0e+00,1.0e-03,2.9e-02,global-SSGTG%YE,CASSSGTGNYEQYF,TRBV4-3,TRBJ2-7,NA,Donor1:healthy,1.000000,-,-,-,-,-,-,-,-,-,-,-

273,S%QET,6.3e-02,1,2,2.2e-06,1.0e+00,7.6e-02,1.0e+00,1.0e-03,2.9e-02,global-S%QET,CASSNQETQYF,TRBV27,TRBJ2-5,NA,Donor1:healthy,1.000000,-,-,-,-,-,-,-,-,-,-,-
273,S%QET,6.3e-02,1,2,2.2e-06,1.0e+00,7.6e-02,1.0e+00,1.0e-03,2.9e-02,global-S%QET,CASSQQETQYF,TRBV4-1,TRBJ2-5,NA,Donor1:healthy,1.000000,-,-,-,-,-,-,-,-,-,-,-

274,SP%YE,6.3e-02,1,2,1.5e-06,1.0e+00,5.2e-02,1.0e+00,1.0e-03,2.9e-02,global-SP%YE,CATSPGYEQFF,TRBV24-1,TRBJ2-1,NA,Donor1:healthy,1.000000,-,-,-,-,-,-,-,-,-,-,-
274,SP%YE,6.3e-02,1,2,1.5e-06,1.0e+00,5.2e-02,1.0e+00,1.0e-03,2.9e-02,global-SP%YE,CASSPNYEQYF,TRBV6-3,TRBJ2-7,NA,Donor1:healthy,1.000000,-,-,-,-,-,-,-,-,-,-,-

275,S%SGSSYNE,6.3e-02,1,2,2.9e-08,1.0e+00,1.0e-03,1.0e+00,1.0e-03,2.9e-02,global-S%SGSSYNE,CASSVSGSSYNEQFF,TRBV19,TRBJ2-1,NA,Donor1:healthy,1.000000,-,-,-,-,-,-,-,-,-,-,-
275,S%SGSSYNE,6.3e-02,1,2,2.9e-08,1.0e+00,1.0e-03,1.0e+00,1.0e-03,2.9e-02,global-S%SGSSYNE,CASSISGSSYNEQFF,TRBV19,TRBJ2-1,NA,Donor1:healthy,1.000000,-,-,-,-,-,-,-,-,-,-,-

276,%GGE,6.7e-02,1,2,1.4e-06,1.0e+00,4.9e-02,1.0e+00,1.0e-03,2.9e-02,global-%GGE,CASYGGEQYF,TRBV6-3,TRBJ2-7,NA,Donor1:healthy,1.000000,-,-,-,-,-,-,-,-,-,-,-
276,%GGE,6.7e-02,1,2,1.4e-06,1.0e+00,4.9e-02,1.0e+00,1.0e-03,2.9e-02,global-%GGE,CASWGGEAFF,TRBV7-8,TRBJ1-1,NA,Donor1:healthy,1.000000,-,-,-,-,-,-,-,-,-,-,-

277,S%GSGE,6.7e-02,1,2,3.1e-06,1.0e+00,1.0e-01,1.0e+00,1.0e-03,2.9e-02,global-S%GSGE,CASSIGSGEAFF,TRBV19,TRBJ1-1,NA,Donor1:healthy,1.000000,-,-,-,-,-,-,-,-,-,-,-
277,S%GSGE,6.7e-02,1,2,3.1e-06,1.0e+00,1.0e-01,1.0e+00,1.0e-03,2.9e-02,global-S%GSGE,CASSLGSGELFF,TRBV5-4,TRBJ2-2,NA,Donor1:healthy,1.000000,-,-,-,-,-,-,-,-,-,-,-

278,SLG%YG,7.0e-02,1,2,1.9e-06,1.0e+00,6.5e-02,1.0e+00,1.0e-03,2.9e-02,global-SLG%YG,CASSLGSYGYTF,TRBV19,TRBJ1-2,NA,Donor1:healthy,1.000000,-,-,-,-,-,-,-,-,-,-,-
278,SLG%YG,7.0e-02,1,2,1.9e-06,1.0e+00,6.5e-02,1.0e+00,1.0e-03,2.9e-02,global-SLG%YG,CASSLGNYGYTF,TRBV7-2,TRBJ1-2,NA,Donor1:healthy,1.000000,-,-,-,-,-,-,-,-,-,-,-

279,S%TGGYE,7.0e-02,1,2,1.8e-06,1.0e+00,6.2e-02,1.0e+00,1.0e-03,2.9e-02,global-S%TGGYE,CASSSTGGYEQYF,TRBV12-4,TRBJ2-7,NA,Donor1:healthy,1.000000,-,-,-,-,-,-,-,-,-,-,-
279,S%TGGYE,7.0e-02,1,2,1.8e-06,1.0e+00,6.2e-02,1.0e+00,1.0e-03,2.9e-02,global-S%TGGYE,CASSATGGYEQYF,TRBV6-5,TRBJ2-7,NA,Donor1:healthy,1.000000,-,-,-,-,-,-,-,-,-,-,-

280,SPGL%YE,7.0e-02,1,2,5.2e-06,1.0e+00,1.8e-01,1.0e+00,1.0e-03,2.9e-02,global-SPGL%YE,CASSPGLSYEQYF,TRBV12-4,TRBJ2-7,NA,Donor1:healthy,1.000000,-,-,-,-,-,-,-,-,-,-,-
280,SPGL%YE,7.0e-02,1,2,5.2e-06,1.0e+00,1.8e-01,1.0e+00,1.0e-03,2.9e-02,global-SPGL%YE,CASSPGLSYEQYF,TRBV4-3,TRBJ2-7,NA,Donor1:healthy,1.000000,-,-,-,-,-,-,-,-,-,-,-
280,SPGL%YE,7.0e-02,1,2,5.2e-06,1.0e+00,1.8e-01,1.0e+00,1.0e-03,2.9e-02,global-SPGL%YE,CATSPGLGYEQYF,TRBV24-1,TRBJ2-7,NA,Donor1:healthy,1.000000,-,-,-,-,-,-,-,-,-,-,-

281,SLTG%E,7.4e-02,1,2,2.0e-06,1.0e+00,6.8e-02,1.0e+00,1.0e-03,2.9e-02,global-SLTG%E,CASSLTGSEQYF,TRBV27,TRBJ2-7,NA,Donor1:healthy,1.000000,-,-,-,-,-,-,-,-,-,-,-
281,SLTG%E,7.4e-02,1,2,2.0e-06,1.0e+00,6.8e-02,1.0e+00,1.0e-03,2.9e-02,global-SLTG%E,CASSLTGNEQYF,TRBV6-3,TRBJ2-7,NA,Donor1:healthy,1.000000,-,-,-,-,-,-,-,-,-,-,-

282,SLGG%TE,7.4e-02,1,2,2.0e-06,1.0e+00,7.0e-02,1.0e+00,1.0e-03,2.9e-02,global-SLGG%TE,CASSLGGDTEAFF,TRBV28,TRBJ1-1,NA,Donor1:healthy,1.000000,-,-,-,-,-,-,-,-,-,-,-
282,SLGG%TE,7.4e-02,1,2,2.0e-06,1.0e+00,7.0e-02,1.0e+00,1.0e-03,2.9e-02,global-SLGG%TE,CASSLGGNTEAFF,TRBV12-3,TRBJ1-1,NA,Donor1:healthy,1.000000,-,-,-,-,-,-,-,-,-,-,-

283,SLGR%YE,7.4e-02,1,2,2.1e-06,1.0e+00,7.2e-02,1.0e+00,1.0e-03,2.9e-02,global-SLGR%YE,CASSLGRAYEQYF,TRBV7-2,TRBJ2-7,NA,Donor1:healthy,1.000000,-,-,-,-,-,-,-,-,-,-,-
283,SLGR%YE,7.4e-02,1,2,2.1e-06,1.0e+00,7.2e-02,1.0e+00,1.0e-03,2.9e-02,global-SLGR%YE,CSASLGRGYEQYF,TRBV20-1,TRBJ2-7,NA,Donor1:healthy,1.000000,-,-,-,-,-,-,-,-,-,-,-

284,SLGG%NE,7.4e-02,1,2,9.4e-08,1.0e+00,6.9e-02,4.7e-02,1.0e-03,2.9e-02,global-SLGG%NE,CASSLGGNNEQFF,TRBV7-8,TRBJ2-1,NA,Donor1:healthy,5.000000,-,-,-,-,-,-,-,-,-,-,-
284,SLGG%NE,7.4e-02,1,2,9.4e-08,1.0e+00,6.9e-02,4.7e-02,1.0e-03,2.9e-02,global-SLGG%NE,CASSLGGTNEQFF,TRBV4-1,TRBJ2-1,NA,Donor1:healthy,2.000000,-,-,-,-,-,-,-,-,-,-,-

285,S%GGGTE,7.8e-02,1,2,6.0e-06,1.0e+00,2.1e-01,1.0e+00,1.0e-03,2.9e-02,global-S%GGGTE,CASSYGGGTEAFF,TRBV6-3,TRBJ1-1,NA,Donor1:healthy,1.000000,-,-,-,-,-,-,-,-,-,-,-
285,S%GGGTE,7.8e-02,1,2,6.0e-06,1.0e+00,2.1e-01,1.0e+00,1.0e-03,2.9e-02,global-S%GGGTE,CASSYGGGTEAFF,TRBV6-5,TRBJ1-1,NA,Donor1:healthy,1.000000,-,-,-,-,-,-,-,-,-,-,-
285,S%GGGTE,7.8e-02,1,2,6.0e-06,1.0e+00,2.1e-01,1.0e+00,1.0e-03,2.9e-02,global-S%GGGTE,CASSFGGGTEAFF,TRBV5-1,TRBJ1-1,NA,Donor1:healthy,1.000000,-,-,-,-,-,-,-,-,-,-,-

286,%RGYE,8.6e-02,1,2,1.9e-06,1.0e+00,6.6e-02,1.0e+00,1.0e-03,2.9e-02,global-%RGYE,CASTRGYEQYF,TRBV7-2,TRBJ2-7,NA,Donor1:healthy,1.000000,-,-,-,-,-,-,-,-,-,-,-
286,%RGYE,8.6e-02,1,2,1.9e-06,1.0e+00,6.6e-02,1.0e+00,1.0e-03,2.9e-02,global-%RGYE,CASSRGYEQYF,TRBV14,TRBJ2-7,NA,Donor1:healthy,1.000000,-,-,-,-,-,-,-,-,-,-,-

287,SLG%YE,9.0e-02,1,2,2.0e-06,1.0e+00,6.8e-02,1.0e+00,1.0e-03,2.9e-02,global-SLG%YE,CASSLGYYEQYF,TRBV5-1,TRBJ2-7,NA,Donor1:healthy,1.000000,-,-,-,-,-,-,-,-,-,-,-
287,SLG%YE,9.0e-02,1,2,2.0e-06,1.0e+00,6.8e-02,1.0e+00,1.0e-03,2.9e-02,global-SLG%YE,CASSLGFYEQYF,TRBV7-8,TRBJ2-7,NA,Donor1:healthy,1.000000,-,-,-,-,-,-,-,-,-,-,-

288,SLG%GYE,9.0e-02,1,2,2.4e-06,1.0e+00,8.1e-02,1.0e+00,1.0e-03,2.9e-02,global-SLG%GYE,CASSLGQGYEQFF,TRBV11-3,TRBJ2-1,NA,Donor1:healthy,1.000000,-,-,-,-,-,-,-,-,-,-,-
288,SLG%GYE,9.0e-02,1,2,2.4e-06,1.0e+00,8.1e-02,1.0e+00,1.0e-03,2.9e-02,global-SLG%GYE,CSASLGRGYEQYF,TRBV20-1,TRBJ2-7,NA,Donor1:healthy,1.000000,-,-,-,-,-,-,-,-,-,-,-

289,SY%GE,9.5e-02,1,2,1.9e-06,1.0e+00,6.4e-02,1.0e+00,1.0e-03,2.9e-02,global-SY%GE,CASSYGGEQYF,TRBV6-3,TRBJ2-7,NA,Donor1:healthy,1.000000,-,-,-,-,-,-,-,-,-,-,-
289,SY%GE,9.5e-02,1,2,1.9e-06,1.0e+00,6.4e-02,1.0e+00,1.0e-03,2.9e-02,global-SY%GE,CASSYSGEQYF,TRBV6-5,TRBJ2-7,NA,Donor1:healthy,1.000000,-,-,-,-,-,-,-,-,-,-,-

290,G%SYE,9.9e-02,1,2,2.2e-06,1.0e+00,7.6e-02,1.0e+00,1.0e-03,2.9e-02,global-G%SYE,CSHGTSYEQYF,TRBV20-1,TRBJ2-7,NA,Donor1:healthy,1.000000,-,-,-,-,-,-,-,-,-,-,-
290,G%SYE,9.9e-02,1,2,2.2e-06,1.0e+00,7.6e-02,1.0e+00,1.0e-03,2.9e-02,global-G%SYE,CASGNSYEQYF,TRBV9,TRBJ2-7,NA,Donor1:healthy,1.000000,-,-,-,-,-,-,-,-,-,-,-

291,SLGTG%YE,9.9e-02,1,2,1.0e-06,1.0e+00,2.0e-01,1.8e-01,1.0e-03,2.9e-02,global-SLGTG%YE,CASSLGTGNYEQYF,TRBV7-9,TRBJ2-7,NA,Donor1:healthy,1.000000,-,-,-,-,-,-,-,-,-,-,-
291,SLGTG%YE,9.9e-02,1,2,1.0e-06,1.0e+00,2.0e-01,1.8e-01,1.0e-03,2.9e-02,global-SLGTG%YE,CASSLGTGGYEQYF,TRBV27,TRBJ2-7,NA,Donor1:healthy,2.000000,-,-,-,-,-,-,-,-,-,-,-
291,SLGTG%YE,9.9e-02,1,2,1.0e-06,1.0e+00,2.0e-01,1.8e-01,1.0e-03,2.9e-02,global-SLGTG%YE,CASSLGTGGYEQYF,TRBV5-1,TRBJ2-7,NA,Donor1:healthy,1.000000,-,-,-,-,-,-,-,-,-,-,-

292,SPGQG%E,1.0e-01,1,2,7.6e-08,1.0e+00,5.8e-02,4.5e-02,1.0e-03,2.9e-02,global-SPGQG%E,CASSPGQGNEQYF,TRBV5-8,TRBJ2-7,NA,Donor1:healthy,1.000000,-,-,-,-,-,-,-,-,-,-,-
292,SPGQG%E,1.0e-01,1,2,7.6e-08,1.0e+00,5.8e-02,4.5e-02,1.0e-03,2.9e-02,global-SPGQG%E,CASSPGQGSEQYF,TRBV4-1,TRBJ2-7,NA,Donor1:healthy,6.000000,-,-,-,-,-,-,-,-,-,-,-

293,SLAG%E,1.1e-01,1,2,1.6e-06,1.0e+00,5.4e-02,1.0e+00,1.0e-03,2.9e-02,global-SLAG%E,CASSLAGQEQYF,TRBV5-1,TRBJ2-7,NA,Donor1:healthy,1.000000,-,-,-,-,-,-,-,-,-,-,-
293,SLAG%E,1.1e-01,1,2,1.6e-06,1.0e+00,5.4e-02,1.0e+00,1.0e-03,2.9e-02,global-SLAG%E,CASSLAGDEQYF,TRBV11-2,TRBJ2-7,NA,Donor1:healthy,1.000000,-,-,-,-,-,-,-,-,-,-,-

294,SLAG%YE,1.1e-01,1,2,1.7e-06,1.0e+00,6.0e-02,1.0e+00,1.0e-03,2.9e-02,global-SLAG%YE,CASSLAGSYEQYF,TRBV7-9,TRBJ2-7,NA,Donor1:healthy,1.000000,-,-,-,-,-,-,-,-,-,-,-
294,SLAG%YE,1.1e-01,1,2,1.7e-06,1.0e+00,6.0e-02,1.0e+00,1.0e-03,2.9e-02,global-SLAG%YE,CASSLAGGYEQYF,TRBV11-2,TRBJ2-7,NA,Donor1:healthy,1.000000,-,-,-,-,-,-,-,-,-,-,-

295,SLGQG%YE,1.1e-01,1,2,2.3e-06,1.0e+00,7.8e-02,1.0e+00,1.0e-03,2.9e-02,global-SLGQG%YE,CASSLGQGAYEQFF,TRBV5-4,TRBJ2-1,NA,Donor1:healthy,1.000000,-,-,-,-,-,-,-,-,-,-,-
295,SLGQG%YE,1.1e-01,1,2,2.3e-06,1.0e+00,7.8e-02,1.0e+00,1.0e-03,2.9e-02,global-SLGQG%YE,CASSLGQGGYEQYF,TRBV3-1,TRBJ2-7,NA,Donor1:healthy,1.000000,-,-,-,-,-,-,-,-,-,-,-

296,SLG%GE,1.2e-01,1,2,2.7e-06,1.0e+00,5.0e-01,1.9e-01,1.0e-03,2.9e-02,global-SLG%GE,CASSLGSGELFF,TRBV5-4,TRBJ2-2,NA,Donor1:healthy,1.000000,-,-,-,-,-,-,-,-,-,-,-
296,SLG%GE,1.2e-01,1,2,2.7e-06,1.0e+00,5.0e-01,1.9e-01,1.0e-03,2.9e-02,global-SLG%GE,CASSLGAGELFF,TRBV12-3,TRBJ2-2,NA,Donor1:healthy,1.000000,-,-,-,-,-,-,-,-,-,-,-
296,SLG%GE,1.2e-01,1,2,2.7e-06,1.0e+00,5.0e-01,1.9e-01,1.0e-03,2.9e-02,global-SLG%GE,CASSLGAGELFF,TRBV27,TRBJ2-2,NA,Donor1:healthy,1.000000,-,-,-,-,-,-,-,-,-,-,-
296,SLG%GE,1.2e-01,1,2,2.7e-06,1.0e+00,5.0e-01,1.9e-01,1.0e-03,2.9e-02,global-SLG%GE,CASSLGAGELFF,TRBV5-1,TRBJ2-2,NA,Donor1:healthy,3.000000,-,-,-,-,-,-,-,-,-,-,-
296,SLG%GE,1.2e-01,1,2,2.7e-06,1.0e+00,5.0e-01,1.9e-01,1.0e-03,2.9e-02,global-SLG%GE,CASSLGAGELFF,TRBV7-9,TRBJ2-2,NA,Donor1:healthy,1.000000,-,-,-,-,-,-,-,-,-,-,-

297,SYG%E,1.3e-01,1,2,1.7e-06,1.0e+00,5.9e-02,1.0e+00,1.0e-03,2.9e-02,global-SYG%E,CASSYGTEAFF,TRBV16,TRBJ1-1,NA,Donor1:healthy,1.000000,-,-,-,-,-,-,-,-,-,-,-
297,SYG%E,1.3e-01,1,2,1.7e-06,1.0e+00,5.9e-02,1.0e+00,1.0e-03,2.9e-02,global-SYG%E,CASSYGVEQYF,TRBV6-3,TRBJ2-7,NA,Donor1:healthy,1.000000,-,-,-,-,-,-,-,-,-,-,-

298,S%GGYE,1.3e-01,1,2,2.8e-06,1.0e+00,9.5e-02,1.0e+00,1.0e-03,2.9e-02,global-S%GGYE,CASSFGGYEQYF,TRBV27,TRBJ2-7,NA,Donor1:healthy,1.000000,-,-,-,-,-,-,-,-,-,-,-
298,S%GGYE,1.3e-01,1,2,2.8e-06,1.0e+00,9.5e-02,1.0e+00,1.0e-03,2.9e-02,global-S%GGYE,CASSLGGYEQYF,TRBV12-3,TRBJ2-7,NA,Donor1:healthy,1.000000,-,-,-,-,-,-,-,-,-,-,-
298,S%GGYE,1.3e-01,1,2,2.8e-06,1.0e+00,9.5e-02,1.0e+00,1.0e-03,2.9e-02,global-S%GGYE,CASSLGGYEQYF,TRBV27,TRBJ2-7,NA,Donor1:healthy,1.000000,-,-,-,-,-,-,-,-,-,-,-

299,S%GTDT,1.4e-01,1,2,6.2e-06,1.0e+00,2.1e-01,1.0e+00,1.0e-03,2.9e-02,global-S%GTDT,CATSEGTDTQYF,TRBV24-1,TRBJ2-3,NA,Donor1:healthy,1.000000,-,-,-,-,-,-,-,-,-,-,-
299,S%GTDT,1.4e-01,1,2,6.2e-06,1.0e+00,2.1e-01,1.0e+00,1.0e-03,2.9e-02,global-S%GTDT,CASSSGTDTQYF,TRBV4-1,TRBJ2-3,NA,Donor1:healthy,1.000000,-,-,-,-,-,-,-,-,-,-,-
299,S%GTDT,1.4e-01,1,2,6.2e-06,1.0e+00,2.1e-01,1.0e+00,1.0e-03,2.9e-02,global-S%GTDT,CASSSGTDTQYF,TRBV7-9,TRBJ2-3,NA,Donor1:healthy,1.000000,-,-,-,-,-,-,-,-,-,-,-

300,S%SGE,1.5e-01,1,2,2.1e-06,1.0e+00,7.1e-02,1.0e+00,1.0e-03,2.9e-02,global-S%SGE,CATSDSGEAFF,TRBV24-1,TRBJ1-1,NA,Donor1:healthy,1.000000,-,-,-,-,-,-,-,-,-,-,-
300,S%SGE,1.5e-01,1,2,2.1e-06,1.0e+00,7.1e-02,1.0e+00,1.0e-03,2.9e-02,global-S%SGE,CASSQSGELFF,TRBV4-1,TRBJ2-2,NA,Donor1:healthy,1.000000,-,-,-,-,-,-,-,-,-,-,-

301,S%SGE,1.5e-01,1,2,2.2e-06,1.0e+00,7.5e-02,1.0e+00,1.0e-03,2.9e-02,global-S%SGE,CASSFSGEQFF,TRBV12-4,TRBJ2-1,NA,Donor1:healthy,1.000000,-,-,-,-,-,-,-,-,-,-,-
301,S%SGE,1.5e-01,1,2,2.2e-06,1.0e+00,7.5e-02,1.0e+00,1.0e-03,2.9e-02,global-S%SGE,CASSYSGEQYF,TRBV6-5,TRBJ2-7,NA,Donor1:healthy,1.000000,-,-,-,-,-,-,-,-,-,-,-

302,SL%GE,1.6e-01,1,2,1.9e-06,1.0e+00,6.6e-02,1.0e+00,1.0e-03,2.9e-02,global-SL%GE,CASSLNGELFF,TRBV5-1,TRBJ2-2,NA,Donor1:healthy,1.000000,-,-,-,-,-,-,-,-,-,-,-
302,SL%GE,1.6e-01,1,2,1.9e-06,1.0e+00,6.6e-02,1.0e+00,1.0e-03,2.9e-02,global-SL%GE,CASSLGGEKTF,TRBV7-9,TRBJ1-2,NA,Donor1:healthy,1.000000,-,-,-,-,-,-,-,-,-,-,-

303,SSG%E,1.8e-01,1,2,3.0e-07,1.0e+00,8.8e-02,1.2e-01,1.0e-03,2.9e-02,global-SSG%E,CASSSGVEAFF,TRBV6-5,TRBJ1-1,NA,Donor1:healthy,1.000000,-,-,-,-,-,-,-,-,-,-,-
303,SSG%E,1.8e-01,1,2,3.0e-07,1.0e+00,8.8e-02,1.2e-01,1.0e-03,2.9e-02,global-SSG%E,CASSSGAEAFF,TRBV7-9,TRBJ1-1,NA,Donor1:healthy,2.000000,-,-,-,-,-,-,-,-,-,-,-

304,SQG%E,1.8e-01,1,2,2.1e-06,1.0e+00,7.1e-02,1.0e+00,1.0e-03,2.9e-02,global-SQG%E,CASSQGNEQYF,TRBV3-1,TRBJ2-7,NA,Donor1:healthy,1.000000,-,-,-,-,-,-,-,-,-,-,-
304,SQG%E,1.8e-01,1,2,2.1e-06,1.0e+00,7.1e-02,1.0e+00,1.0e-03,2.9e-02,global-SQG%E,CASSQGDEQFF,TRBV4-3,TRBJ2-1,NA,Donor1:healthy,1.000000,-,-,-,-,-,-,-,-,-,-,-

305,S%GNE,2.8e-01,1,2,5.4e-06,1.0e+00,1.9e-01,1.0e+00,1.0e-03,2.9e-02,global-S%GNE,CASSLGNEQYF,TRBV11-2,TRBJ2-7,NA,Donor1:healthy,1.000000,-,-,-,-,-,-,-,-,-,-,-
305,S%GNE,2.8e-01,1,2,5.4e-06,1.0e+00,1.9e-01,1.0e+00,1.0e-03,2.9e-02,global-S%GNE,CASSFGNEQFF,TRBV12-4,TRBJ2-1,NA,Donor1:healthy,1.000000,-,-,-,-,-,-,-,-,-,-,-
305,S%GNE,2.8e-01,1,2,5.4e-06,1.0e+00,1.9e-01,1.0e+00,1.0e-03,2.9e-02,global-S%GNE,CASSFGNEQFF,TRBV5-6,TRBJ2-1,NA,Donor1:healthy,1.000000,-,-,-,-,-,-,-,-,-,-,-

306,IRS,8.0e-01,1,2,5.9e-06,1.0e+00,1.0e-03,1.0e+00,2.0e-01,2.9e-02,motif-IRS,CASSLPRWGIRSNQPQHF,TRBV11-2,TRBJ1-5,NA,Donor1:healthy,1.000000,-,-,-,-,-,-,-,-,-,-,-
306,IRS,8.0e-01,1,2,5.9e-06,1.0e+00,1.0e-03,1.0e+00,2.0e-01,2.9e-02,motif-IRS,CASSLGGIRSPLHF,TRBV11-2,TRBJ1-6,NA,Donor1:healthy,1.000000,-,-,-,-,-,-,-,-,-,-,-

311,single,1.0e+00,1,1,6.7e-05,1.0e+00,7.0e-02,1.0e+00,1.0e-03,9.5e-01,global-SLGGLGQP,CASSLGGLGQPQHF,TRBV12-4,TRBJ1-5,NA,Donor1:healthy,1.000000,-,-,-,-,-,-,-,-,-,-,-
311,single,1.0e+00,1,1,6.7e-05,1.0e+00,7.0e-02,1.0e+00,1.0e-03,9.5e-01,global-SLGGLGQP,CASSLGGLGQPQHF,TRBV5-8,TRBJ1-5,NA,Donor1:healthy,1.000000,-,-,-,-,-,-,-,-,-,-,-

512,single,1.0e+00,1,1,6.8e-08,1.0e+00,7.1e-02,1.0e-03,1.0e-03,9.5e-01,global-SWGGGSHYG,CASSWGGGSHYGYTF,TRBV11-2,TRBJ1-2,NA,Donor1:healthy,3715.000000,-,-,-,-,-,-,-,-,-,-,-
512,single,1.0e+00,1,1,6.8e-08,1.0e+00,7.1e-02,1.0e-03,1.0e-03,9.5e-01,global-SWGGGSHYG,CASSWGGGSHYGYTF,TRBV7-2,TRBJ1-2,NA,Donor1:healthy,2.000000,-,-,-,-,-,-,-,-,-,-,-

697,single,1.0e+00,1,1,6.7e-05,1.0e+00,7.0e-02,1.0e+00,1.0e-03,9.5e-01,global-SYGVSYE,CASSYGVSYEQYF,TRBV6-5,TRBJ2-7,NA,Donor1:healthy,1.000000,-,-,-,-,-,-,-,-,-,-,-
697,single,1.0e+00,1,1,6.7e-05,1.0e+00,7.0e-02,1.0e+00,1.0e-03,9.5e-01,global-SYGVSYE,CASSYGVSYEQYF,TRBV7-9,TRBJ2-7,NA,Donor1:healthy,1.000000,-,-,-,-,-,-,-,-,-,-,-

910,single,1.0e+00,1,1,4.8e-08,1.0e+00,1.0e-03,5.0e-02,1.0e-03,9.5e-01,global-SQSPGGT,CASSQSPGGTQYF,TRBV14,TRBJ2-3,NA,Donor1:healthy,1.000000,-,-,-,-,-,-,-,-,-,-,-
910,single,1.0e+00,1,1,4.8e-08,1.0e+00,1.0e-03,5.0e-02,1.0e-03,9.5e-01,global-SQSPGGT,CASSQSPGGTQYF,TRBV14,TRBJ2-5,NA,Donor1:healthy,5.000000,-,-,-,-,-,-,-,-,-,-,-

937,single,1.0e+00,1,1,7.4e-05,1.0e+00,7.8e-02,1.0e+00,1.0e-03,9.5e-01,global-SLGSGGTDT,CASSLGSGGTDTQYF,TRBV11-2,TRBJ2-3,NA,Donor1:healthy,1.000000,-,-,-,-,-,-,-,-,-,-,-
937,single,1.0e+00,1,1,7.4e-05,1.0e+00,7.8e-02,1.0e+00,1.0e-03,9.5e-01,global-SLGSGGTDT,CASSLGSGGTDTQYF,TRBV7-2,TRBJ2-3,NA,Donor1:healthy,1.000000,-,-,-,-,-,-,-,-,-,-,-

1055,single,1.0e+00,1,1,4.3e-06,1.0e+00,5.6e-02,8.1e-02,1.0e-03,9.5e-01,global-SLGPDNE,CASSLGPDNEQFF,TRBV5-1,TRBJ2-1,NA,Donor1:healthy,1.000000,-,-,-,-,-,-,-,-,-,-,-
1055,single,1.0e+00,1,1,4.3e-06,1.0e+00,5.6e-02,8.1e-02,1.0e-03,9.5e-01,global-SLGPDNE,CASSLGPDNEQFF,TRBV7-2,TRBJ2-1,NA,Donor1:healthy,3.000000,-,-,-,-,-,-,-,-,-,-,-

1093,single,1.0e+00,1,1,5.7e-05,1.0e+00,6.0e-02,1.0e+00,1.0e-03,9.5e-01,global-SPSPYE,CASSPSPYEQYF,TRBV14,TRBJ2-7,NA,Donor1:healthy,1.000000,-,-,-,-,-,-,-,-,-,-,-
1093,single,1.0e+00,1,1,5.7e-05,1.0e+00,6.0e-02,1.0e+00,1.0e-03,9.5e-01,global-SPSPYE,CASSPSPYEQYF,TRBV19,TRBJ2-7,NA,Donor1:healthy,1.000000,-,-,-,-,-,-,-,-,-,-,-

1244,single,1.0e+00,1,1,7.9e-05,1.0e+00,8.3e-02,1.0e+00,1.0e-03,9.5e-01,global-SLVGGQET,CASSLVGGQETQYF,TRBV5-4,TRBJ2-5,NA,Donor1:healthy,1.000000,-,-,-,-,-,-,-,-,-,-,-
1244,single,1.0e+00,1,1,7.9e-05,1.0e+00,8.3e-02,1.0e+00,1.0e-03,9.5e-01,global-SLVGGQET,CASSLVGGQETQYF,TRBV7-9,TRBJ2-5,NA,Donor1:healthy,1.000000,-,-,-,-,-,-,-,-,-,-,-

1430,single,1.0e+00,1,1,5.2e-05,1.0e+00,5.4e-02,1.0e+00,1.0e-03,9.5e-01,global-SQEEGADTE,CASSQEEGADTEAFF,TRBV13,TRBJ1-1,NA,Donor1:healthy,1.000000,-,-,-,-,-,-,-,-,-,-,-
1430,single,1.0e+00,1,1,5.2e-05,1.0e+00,5.4e-02,1.0e+00,1.0e-03,9.5e-01,global-SQEEGADTE,CASSQEEGADTEAFF,TRBV4-2,TRBJ1-1,NA,Donor1:healthy,1.000000,-,-,-,-,-,-,-,-,-,-,-

1571,single,1.0e+00,1,1,7.7e-05,1.0e+00,8.1e-02,1.0e+00,1.0e-03,9.5e-01,global-SRQGSQET,CASSRQGSQETQYF,TRBV4-3,TRBJ2-5,NA,Donor1:healthy,1.000000,-,-,-,-,-,-,-,-,-,-,-
1571,single,1.0e+00,1,1,7.7e-05,1.0e+00,8.1e-02,1.0e+00,1.0e-03,9.5e-01,global-SRQGSQET,CASSRQGSQETQYF,TRBV6-5,TRBJ2-5,NA,Donor1:healthy,1.000000,-,-,-,-,-,-,-,-,-,-,-

1584,single,1.0e+00,1,1,8.2e-06,1.0e+00,6.8e-02,1.3e-01,1.0e-03,9.5e-01,global-SLDSNSP,CASSLDSNSPLHF,TRBV11-2,TRBJ1-6,NA,Donor1:healthy,2.000000,-,-,-,-,-,-,-,-,-,-,-
1584,single,1.0e+00,1,1,8.2e-06,1.0e+00,6.8e-02,1.3e-01,1.0e-03,9.5e-01,global-SLDSNSP,CASSLDSNSPLHF,TRBV27,TRBJ1-6,NA,Donor1:healthy,1.000000,-,-,-,-,-,-,-,-,-,-,-

2199,single,1.0e+00,1,1,5.5e-05,1.0e+00,5.8e-02,1.0e+00,1.0e-03,9.5e-01,global-SPGQDSYE,CASSPGQDSYEQYF,TRBV12-4,TRBJ2-7,NA,Donor1:healthy,1.000000,-,-,-,-,-,-,-,-,-,-,-
2199,single,1.0e+00,1,1,5.5e-05,1.0e+00,5.8e-02,1.0e+00,1.0e-03,9.5e-01,global-SPGQDSYE,CASSPGQDSYEQYF,TRBV6-5,TRBJ2-7,NA,Donor1:healthy,1.000000,-,-,-,-,-,-,-,-,-,-,-

3303,single,1.0e+00,1,1,4.9e-07,1.0e+00,7.3e-02,7.0e-03,1.0e-03,9.5e-01,global-RPQQGHNSP,CASRPQQGHNSPLHF,TRBV10-3,TRBJ1-6,NA,Donor1:healthy,1.000000,-,-,-,-,-,-,-,-,-,-,-
3303,single,1.0e+00,1,1,4.9e-07,1.0e+00,7.3e-02,7.0e-03,1.0e-03,9.5e-01,global-RPQQGHNSP,CASRPQQGHNSPLHF,TRBV28,TRBJ1-6,NA,Donor1:healthy,103.000000,-,-,-,-,-,-,-,-,-,-,-

3467,single,1.0e+00,1,1,6.4e-05,1.0e+00,6.7e-02,1.0e+00,1.0e-03,9.5e-01,global-SLGGHLSGNT,CASSLGGHLSGNTIYF,TRBV5-6,TRBJ1-3,NA,Donor1:healthy,1.000000,-,-,-,-,-,-,-,-,-,-,-
3467,single,1.0e+00,1,1,6.4e-05,1.0e+00,6.7e-02,1.0e+00,1.0e-03,9.5e-01,global-SLGGHLSGNT,CASSLGGHLSGNTIYF,TRBV7-6,TRBJ1-3,NA,Donor1:healthy,1.000000,-,-,-,-,-,-,-,-,-,-,-

3470,single,1.0e+00,1,1,9.1e-05,1.0e+00,9.5e-02,1.0e+00,1.0e-03,9.5e-01,global-SLEGQLFYE,CASSLEGQLFYEQYF,TRBV11-2,TRBJ2-7,NA,Donor1:healthy,1.000000,-,-,-,-,-,-,-,-,-,-,-
3470,single,1.0e+00,1,1,9.1e-05,1.0e+00,9.5e-02,1.0e+00,1.0e-03,9.5e-01,global-SLEGQLFYE,CASSLEGQLFYEQYF,TRBV7-2,TRBJ2-7,NA,Donor1:healthy,1.000000,-,-,-,-,-,-,-,-,-,-,-

3688,single,1.0e+00,1,1,7.4e-05,1.0e+00,7.7e-02,1.0e+00,1.0e-03,9.5e-01,global-SAGGSNE,CASSAGGSNEQFF,TRBV6-3,TRBJ2-1,NA,Donor1:healthy,1.000000,-,-,-,-,-,-,-,-,-,-,-
3688,single,1.0e+00,1,1,7.4e-05,1.0e+00,7.7e-02,1.0e+00,1.0e-03,9.5e-01,global-SAGGSNE,CASSAGGSNEQFF,TRBV7-9,TRBJ2-1,NA,Donor1:healthy,1.000000,-,-,-,-,-,-,-,-,-,-,-

4061,single,1.0e+00,1,1,1.7e-06,1.0e+00,6.4e-02,2.7e-02,1.0e-03,9.5e-01,global-SSTGGGEKDQP,CASSSTGGGEKDQPQHF,TRBV5-4,TRBJ1-5,NA,Donor1:healthy,11.000000,-,-,-,-,-,-,-,-,-,-,-
4061,single,1.0e+00,1,1,1.7e-06,1.0e+00,6.4e-02,2.7e-02,1.0e-03,9.5e-01,global-SSTGGGEKDQP,CASSSTGGGEKDQPQHF,TRBV5-6,TRBJ1-5,NA,Donor1:healthy,2.000000,-,-,-,-,-,-,-,-,-,-,-

4357,single,1.0e+00,1,1,3.2e-04,1.0e+00,3.4e-01,1.0e+00,1.0e-03,9.5e-01,global-SYSYE,CASSYSYEQYF,TRBV11-2,TRBJ2-7,NA,Donor1:healthy,1.000000,-,-,-,-,-,-,-,-,-,-,-
4357,single,1.0e+00,1,1,3.2e-04,1.0e+00,3.4e-01,1.0e+00,1.0e-03,9.5e-01,global-SYSYE,CASSYSYEQYF,TRBV6-3,TRBJ2-7,NA,Donor1:healthy,1.000000,-,-,-,-,-,-,-,-,-,-,-
4357,single,1.0e+00,1,1,3.2e-04,1.0e+00,3.4e-01,1.0e+00,1.0e-03,9.5e-01,global-SYSYE,CASSYSYEQYF,TRBV6-6,TRBJ2-7,NA,Donor1:healthy,1.000000,-,-,-,-,-,-,-,-,-,-,-
4357,single,1.0e+00,1,1,3.2e-04,1.0e+00,3.4e-01,1.0e+00,1.0e-03,9.5e-01,global-SYSYE,CASSYSYEQYF,TRBV7-2,TRBJ2-7,NA,Donor1:healthy,1.000000,-,-,-,-,-,-,-,-,-,-,-

4385,single,1.0e+00,1,1,5.3e-05,1.0e+00,5.6e-02,1.0e+00,1.0e-03,9.5e-01,global-SYYTGE,CASSYYTGELFF,TRBV28,TRBJ2-2,NA,Donor1:healthy,1.000000,-,-,-,-,-,-,-,-,-,-,-
4385,single,1.0e+00,1,1,5.3e-05,1.0e+00,5.6e-02,1.0e+00,1.0e-03,9.5e-01,global-SYYTGE,CASSYYTGELFF,TRBV5-6,TRBJ2-2,NA,Donor1:healthy,1.000000,-,-,-,-,-,-,-,-,-,-,-

4579,single,1.0e+00,1,1,7.0e-08,1.0e+00,7.3e-02,1.0e-03,1.0e-03,9.5e-01,global-SPRDRERGE,CASSPRDRERGEQYF,TRBV11-2,TRBJ2-7,NA,Donor1:healthy,2.000000,-,-,-,-,-,-,-,-,-,-,-
4579,single,1.0e+00,1,1,7.0e-08,1.0e+00,7.3e-02,1.0e-03,1.0e-03,9.5e-01,global-SPRDRERGE,CASSPRDRERGEQYF,TRBV7-2,TRBJ2-7,NA,Donor1:healthy,534.000000,-,-,-,-,-,-,-,-,-,-,-

5100,single,1.0e+00,1,1,5.9e-05,1.0e+00,6.2e-02,1.0e+00,1.0e-03,9.5e-01,global-SPTGSSYE,CASSPTGSSYEQYF,TRBV19,TRBJ2-7,NA,Donor1:healthy,1.000000,-,-,-,-,-,-,-,-,-,-,-
5100,single,1.0e+00,1,1,5.9e-05,1.0e+00,6.2e-02,1.0e+00,1.0e-03,9.5e-01,global-SPTGSSYE,CASSPTGSSYEQYF,TRBV6-6,TRBJ2-7,NA,Donor1:healthy,1.000000,-,-,-,-,-,-,-,-,-,-,-

5108,single,1.0e+00,1,1,6.4e-05,1.0e+00,6.7e-02,1.0e+00,1.0e-03,9.5e-01,global-SQDSTYE,CASSQDSTYEQYF,TRBV4-3,TRBJ2-7,NA,Donor1:healthy,1.000000,-,-,-,-,-,-,-,-,-,-,-
5108,single,1.0e+00,1,1,6.4e-05,1.0e+00,6.7e-02,1.0e+00,1.0e-03,9.5e-01,global-SQDSTYE,CASSQDSTYEQYF,TRBV7-9,TRBJ2-7,NA,Donor1:healthy,1.000000,-,-,-,-,-,-,-,-,-,-,-

5214,single,1.0e+00,1,1,5.7e-05,1.0e+00,6.0e-02,1.0e+00,1.0e-03,9.5e-01,global-SPGTSGGADT,CASSPGTSGGADTQYF,TRBV4-2,TRBJ2-3,NA,Donor1:healthy,1.000000,-,-,-,-,-,-,-,-,-,-,-
5214,single,1.0e+00,1,1,5.7e-05,1.0e+00,6.0e-02,1.0e+00,1.0e-03,9.5e-01,global-SPGTSGGADT,CASSPGTSGGADTQYF,TRBV7-7,TRBJ2-3,NA,Donor1:healthy,1.000000,-,-,-,-,-,-,-,-,-,-,-

5277,single,1.0e+00,1,1,7.4e-05,1.0e+00,7.8e-02,1.0e+00,1.0e-03,9.5e-01,global-SQDPRATDT,CASSQDPRATDTQYF,TRBV14,TRBJ2-3,NA,Donor1:healthy,1.000000,-,-,-,-,-,-,-,-,-,-,-
5277,single,1.0e+00,1,1,7.4e-05,1.0e+00,7.8e-02,1.0e+00,1.0e-03,9.5e-01,global-SQDPRATDT,CASSQDPRATDTQYF,TRBV4-2,TRBJ2-3,NA,Donor1:healthy,1.000000,-,-,-,-,-,-,-,-,-,-,-

5329,single,1.0e+00,1,1,7.4e-05,1.0e+00,7.8e-02,1.0e+00,1.0e-03,9.5e-01,global-SLTSGRPDT,CASSLTSGRPDTQYF,TRBV27,TRBJ2-3,NA,Donor1:healthy,1.000000,-,-,-,-,-,-,-,-,-,-,-
5329,single,1.0e+00,1,1,7.4e-05,1.0e+00,7.8e-02,1.0e+00,1.0e-03,9.5e-01,global-SLTSGRPDT,CASSLTSGRPDTQYF,TRBV7-3,TRBJ2-3,NA,Donor1:healthy,1.000000,-,-,-,-,-,-,-,-,-,-,-

5725,single,1.0e+00,1,1,6.0e-05,1.0e+00,6.3e-02,1.0e+00,1.0e-03,9.5e-01,global-SSDSSYE,CASSSDSSYEQYF,TRBV27,TRBJ2-7,NA,Donor1:healthy,1.000000,-,-,-,-,-,-,-,-,-,-,-
5725,single,1.0e+00,1,1,6.0e-05,1.0e+00,6.3e-02,1.0e+00,1.0e-03,9.5e-01,global-SSDSSYE,CASSSDSSYEQYF,TRBV5-1,TRBJ2-7,NA,Donor1:healthy,1.000000,-,-,-,-,-,-,-,-,-,-,-

5732,single,1.0e+00,1,1,6.1e-06,1.0e+00,5.8e-02,1.1e-01,1.0e-03,9.5e-01,global-SFLDRGPNTE,CASSFLDRGPNTEAFF,TRBV12-3,TRBJ1-1,NA,Donor1:healthy,2.000000,-,-,-,-,-,-,-,-,-,-,-
5732,single,1.0e+00,1,1,6.1e-06,1.0e+00,5.8e-02,1.1e-01,1.0e-03,9.5e-01,global-SFLDRGPNTE,CASSFLDRGPNTEAFF,TRBV12-4,TRBJ1-1,NA,Donor1:healthy,1.000000,-,-,-,-,-,-,-,-,-,-,-

5745,single,1.0e+00,1,1,5.3e-05,1.0e+00,5.6e-02,1.0e+00,1.0e-03,9.5e-01,global-SLAGDSYE,CASSLAGDSYEQYF,TRBV7-2,TRBJ2-7,NA,Donor1:healthy,1.000000,-,-,-,-,-,-,-,-,-,-,-
5745,single,1.0e+00,1,1,5.3e-05,1.0e+00,5.6e-02,1.0e+00,1.0e-03,9.5e-01,global-SLAGDSYE,CASSLAGDSYEQYF,TRBV7-9,TRBJ2-7,NA,Donor1:healthy,1.000000,-,-,-,-,-,-,-,-,-,-,-

5921,single,1.0e+00,1,1,6.6e-05,1.0e+00,6.9e-02,1.0e+00,1.0e-03,9.5e-01,global-SWTASTDT,CASSWTASTDTQYF,TRBV12-4,TRBJ2-3,NA,Donor1:healthy,1.000000,-,-,-,-,-,-,-,-,-,-,-
5921,single,1.0e+00,1,1,6.6e-05,1.0e+00,6.9e-02,1.0e+00,1.0e-03,9.5e-01,global-SWTASTDT,CASSWTASTDTQYF,TRBV6-6,TRBJ2-3,NA,Donor1:healthy,1.000000,-,-,-,-,-,-,-,-,-,-,-

6036,single,1.0e+00,1,1,6.8e-05,1.0e+00,7.1e-02,1.0e+00,1.0e-03,9.5e-01,global-SFDTGE,CASSFDTGELFF,TRBV27,TRBJ2-2,NA,Donor1:healthy,1.000000,-,-,-,-,-,-,-,-,-,-,-
6036,single,1.0e+00,1,1,6.8e-05,1.0e+00,7.1e-02,1.0e+00,1.0e-03,9.5e-01,global-SFDTGE,CASSFDTGELFF,TRBV5-4,TRBJ2-2,NA,Donor1:healthy,1.000000,-,-,-,-,-,-,-,-,-,-,-

6152,single,1.0e+00,1,1,4.9e-05,1.0e+00,5.1e-02,1.0e+00,1.0e-03,9.5e-01,global-SLAGGPSYNE,CASSLAGGPSYNEQFF,TRBV11-2,TRBJ2-1,NA,Donor1:healthy,1.000000,-,-,-,-,-,-,-,-,-,-,-
6152,single,1.0e+00,1,1,4.9e-05,1.0e+00,5.1e-02,1.0e+00,1.0e-03,9.5e-01,global-SLAGGPSYNE,CASSLAGGPSYNEQFF,TRBV7-3,TRBJ2-1,NA,Donor1:healthy,1.000000,-,-,-,-,-,-,-,-,-,-,-

6386,single,1.0e+00,1,1,7.5e-05,1.0e+00,7.9e-02,1.0e+00,1.0e-03,9.5e-01,global-SLAGTGE,CASSLAGTGELFF,TRBV5-6,TRBJ2-2,NA,Donor1:healthy,1.000000,-,-,-,-,-,-,-,-,-,-,-
6386,single,1.0e+00,1,1,7.5e-05,1.0e+00,7.9e-02,1.0e+00,1.0e-03,9.5e-01,global-SLAGTGE,CASSLAGTGELFF,TRBV7-2,TRBJ2-2,NA,Donor1:healthy,1.000000,-,-,-,-,-,-,-,-,-,-,-

6428,single,1.0e+00,1,1,5.4e-05,1.0e+00,5.7e-02,1.0e+00,1.0e-03,9.5e-01,global-SQGGGTE,CASSQGGGTEAFF,TRBV12-3,TRBJ1-1,NA,Donor1:healthy,1.000000,-,-,-,-,-,-,-,-,-,-,-
6428,single,1.0e+00,1,1,5.4e-05,1.0e+00,5.7e-02,1.0e+00,1.0e-03,9.5e-01,global-SQGGGTE,CASSQGGGTEAFF,TRBV14,TRBJ1-1,NA,Donor1:healthy,1.000000,-,-,-,-,-,-,-,-,-,-,-

6693,single,1.0e+00,1,1,5.6e-05,1.0e+00,5.9e-02,1.0e+00,1.0e-03,9.5e-01,global-SPGTLAGE,CASSPGTLAGELFF,TRBV18,TRBJ2-2,NA,Donor1:healthy,1.000000,-,-,-,-,-,-,-,-,-,-,-
6693,single,1.0e+00,1,1,5.6e-05,1.0e+00,5.9e-02,1.0e+00,1.0e-03,9.5e-01,global-SPGTLAGE,CASSPGTLAGELFF,TRBV9,TRBJ2-2,NA,Donor1:healthy,1.000000,-,-,-,-,-,-,-,-,-,-,-

6790,single,1.0e+00,1,1,5.7e-05,1.0e+00,6.0e-02,1.0e+00,1.0e-03,9.5e-01,global-SLLAGGQET,CASSLLAGGQETQYF,TRBV6-3,TRBJ2-5,NA,Donor1:healthy,1.000000,-,-,-,-,-,-,-,-,-,-,-
6790,single,1.0e+00,1,1,5.7e-05,1.0e+00,6.0e-02,1.0e+00,1.0e-03,9.5e-01,global-SLLAGGQET,CASSLLAGGQETQYF,TRBV6-5,TRBJ2-5,NA,Donor1:healthy,1.000000,-,-,-,-,-,-,-,-,-,-,-

6808,single,1.0e+00,1,1,5.6e-05,1.0e+00,5.9e-02,1.0e+00,1.0e-03,9.5e-01,global-SLLGSSYNE,CASSLLGSSYNEQFF,TRBV27,TRBJ2-1,NA,Donor1:healthy,1.000000,-,-,-,-,-,-,-,-,-,-,-
6808,single,1.0e+00,1,1,5.6e-05,1.0e+00,5.9e-02,1.0e+00,1.0e-03,9.5e-01,global-SLLGSSYNE,CASSLLGSSYNEQFF,TRBV28,TRBJ2-1,NA,Donor1:healthy,1.000000,-,-,-,-,-,-,-,-,-,-,-

6848,single,1.0e+00,1,1,5.8e-05,1.0e+00,6.1e-02,1.0e+00,1.0e-03,9.5e-01,global-SFTDT,CASSFTDTQYF,TRBV12-4,TRBJ2-3,NA,Donor1:healthy,1.000000,-,-,-,-,-,-,-,-,-,-,-
6848,single,1.0e+00,1,1,5.8e-05,1.0e+00,6.1e-02,1.0e+00,1.0e-03,9.5e-01,global-SFTDT,CASSFTDTQYF,TRBV5-6,TRBJ2-3,NA,Donor1:healthy,1.000000,-,-,-,-,-,-,-,-,-,-,-

6914,single,1.0e+00,1,1,5.8e-05,1.0e+00,6.1e-02,1.0e+00,1.0e-03,9.5e-01,global-SWDSYNE,CASSWDSYNEQFF,TRBV5-1,TRBJ2-1,NA,Donor1:healthy,1.000000,-,-,-,-,-,-,-,-,-,-,-
6914,single,1.0e+00,1,1,5.8e-05,1.0e+00,6.1e-02,1.0e+00,1.0e-03,9.5e-01,global-SWDSYNE,CASSWDSYNEQFF,TRBV7-3,TRBJ2-1,NA,Donor1:healthy,1.000000,-,-,-,-,-,-,-,-,-,-,-

6919,single,1.0e+00,1,1,5.1e-06,1.0e+00,7.5e-02,7.1e-02,1.0e-03,9.5e-01,global-SLQGGNE,CASSLQGGNEQFF,TRBV27,TRBJ2-1,NA,Donor1:healthy,1.000000,-,-,-,-,-,-,-,-,-,-,-
6919,single,1.0e+00,1,1,5.1e-06,1.0e+00,7.5e-02,7.1e-02,1.0e-03,9.5e-01,global-SLQGGNE,CASSLQGGNEQFF,TRBV6-5,TRBJ2-1,NA,Donor1:healthy,3.000000,-,-,-,-,-,-,-,-,-,-,-

7084,single,1.0e+00,1,1,7.7e-05,1.0e+00,8.1e-02,1.0e+00,1.0e-03,9.5e-01,global-SLYTDT,CASSLYTDTQYF,TRBV2,TRBJ2-3,NA,Donor1:healthy,1.000000,-,-,-,-,-,-,-,-,-,-,-
7084,single,1.0e+00,1,1,7.7e-05,1.0e+00,8.1e-02,1.0e+00,1.0e-03,9.5e-01,global-SLYTDT,CASSLYTDTQYF,TRBV7-2,TRBJ2-3,NA,Donor1:healthy,1.000000,-,-,-,-,-,-,-,-,-,-,-

7196,single,1.0e+00,1,1,5.6e-05,1.0e+00,5.9e-02,1.0e+00,1.0e-03,9.5e-01,global-SPGTGYE,CASSPGTGYEQYF,TRBV27,TRBJ2-7,NA,Donor1:healthy,1.000000,-,-,-,-,-,-,-,-,-,-,-
7196,single,1.0e+00,1,1,5.6e-05,1.0e+00,5.9e-02,1.0e+00,1.0e-03,9.5e-01,global-SPGTGYE,CASSPGTGYEQYF,TRBV4-3,TRBJ2-7,NA,Donor1:healthy,1.000000,-,-,-,-,-,-,-,-,-,-,-

7296,single,1.0e+00,1,1,6.0e-06,1.0e+00,2.0e-01,3.2e-02,1.0e-03,9.5e-01,global-SLGVAGTNTGE,CASSLGVAGTNTGELFF,TRBV11-2,TRBJ2-2,NA,Donor1:healthy,12.000000,-,-,-,-,-,-,-,-,-,-,-
7296,single,1.0e+00,1,1,6.0e-06,1.0e+00,2.0e-01,3.2e-02,1.0e-03,9.5e-01,global-SLGVAGTNTGE,CASSLGVAGTNTGELFF,TRBV11-3,TRBJ2-2,NA,Donor1:healthy,2.000000,-,-,-,-,-,-,-,-,-,-,-
7296,single,1.0e+00,1,1,6.0e-06,1.0e+00,2.0e-01,3.2e-02,1.0e-03,9.5e-01,global-SLGVAGTNTGE,CASSLGVAGTNTGELFF,TRBV7-2,TRBJ2-2,NA,Donor1:healthy,2.000000,-,-,-,-,-,-,-,-,-,-,-

