index,Alpha_Sequences,cdr3,V_alpha,J_alpha,V_beta,D_beta,J_beta,Frequency,Labels,Sample,HLA,cluster,size
2273,,CATSDLTGRLAASTDTQYF,,,,,,0.00012983640612827837,None,subset_2.tsv,"['N', 'o', 'n', 'e']",1,2
5023,,CAISELGGTSGRARETQYF,,,,,,0.00012983640612827837,None,subset_2.tsv,"['N', 'o', 'n', 'e']",1,2
4360,,CASSHAPGQGVGIEDTQYF,,,,,,0.00012983640612827837,None,subset_2.tsv,"['N', 'o', 'n', 'e']",2,2
4466,,CASSIDWRDRGEKIETQYF,,,,,,0.00012983640612827837,None,subset_2.tsv,"['N', 'o', 'n', 'e']",2,2
218,,CASSRRWGQGTWRGYEQYF,,,,,,0.00012983640612827837,None,subset_2.tsv,"['N', 'o', 'n', 'e']",4,2
4924,,CASLALGSQGRGAGDTQYF,,,,,,0.00012983640612827837,None,subset_2.tsv,"['N', 'o', 'n', 'e']",4,2
108,,CASSRGLGRVGDLGHNEQFF,,,,,,0.00012983640612827837,None,subset_2.tsv,"['N', 'o', 'n', 'e']",6,2
3980,,CASSFGSGLAGGNFYNEQFF,,,,,,0.00012983640612827837,None,subset_2.tsv,"['N', 'o', 'n', 'e']",6,2
2885,,CASSWGQSISGVFNNEQFF,,,,,,0.00012983640612827837,None,subset_2.tsv,"['N', 'o', 'n', 'e']",7,3
3023,,CASSYGPGLAGRSSYNEQFF,,,,,,0.00012983640612827837,None,subset_2.tsv,"['N', 'o', 'n', 'e']",7,3
3791,,CASSYSPGVAGGLVNEQFF,,,,,,0.00012983640612827837,None,subset_2.tsv,"['N', 'o', 'n', 'e']",7,3
1371,,CASSPRGGLAGGLTQTQYF,,,,,,0.00012983640612827837,None,subset_2.tsv,"['N', 'o', 'n', 'e']",8,2
4601,,CASSFSGGLAGSRTDTQYF,,,,,,0.00012983640612827837,None,subset_2.tsv,"['N', 'o', 'n', 'e']",8,2
75,,CASSRLPGLAGVGNHEQYF,,,,,,0.00012983640612827837,None,subset_2.tsv,"['N', 'o', 'n', 'e']",11,2
714,,CASSTIDGSGGAPGNEQFF,,,,,,0.00012983640612827837,None,subset_2.tsv,"['N', 'o', 'n', 'e']",11,2
230,,CASSRRDRATPGPHYEQYF,,,,,,0.00012983640612827837,None,subset_2.tsv,"['N', 'o', 'n', 'e']",15,2
3286,,CASSVRDSILPSGANVLTF,,,,,,0.00012983640612827837,None,subset_2.tsv,"['N', 'o', 'n', 'e']",15,2
5940,,CASSLTPPHAVLSNQPQHF,,,,,,0.00012983640612827837,None,subset_2.tsv,"['N', 'o', 'n', 'e']",20,2
7175,,CASSLGVREAGSLNQPQHF,,,,,,0.00012983640612827837,None,subset_2.tsv,"['N', 'o', 'n', 'e']",20,2
4779,,CASGRLAGLIHSGANVLTF,,,,,,0.00012983640612827837,None,subset_2.tsv,"['N', 'o', 'n', 'e']",28,2
5216,,CAISKTSGVYLSGANVLTF,,,,,,0.00012983640612827837,None,subset_2.tsv,"['N', 'o', 'n', 'e']",28,2
1413,,CASSPPGAYGIRAKNIQYF,,,,,,0.00012983640612827837,None,subset_2.tsv,"['N', 'o', 'n', 'e']",30,2
5338,,CASRPWGAASGDTSYEQYF,,,,,,0.00012983640612827837,None,subset_2.tsv,"['N', 'o', 'n', 'e']",30,2
1167,,CASSPTPAYSGGTSYEQYF,,,,,,0.00012983640612827837,None,subset_2.tsv,"['N', 'o', 'n', 'e']",32,2
2494,,CSFHNRLRDRGRGVAEAFF,,,,,,0.00012983640612827837,None,subset_2.tsv,"['N', 'o', 'n', 'e']",32,2
3657,,CASSYPPVYLAGWQFRKFF,,,,,,0.00012983640612827837,None,subset_2.tsv,"['N', 'o', 'n', 'e']",33,2
3879,,CASSEYPLQSRPMNTEAFF,,,,,,0.00012983640612827837,None,subset_2.tsv,"['N', 'o', 'n', 'e']",33,2
4510,,CASSHHGPKERDMADTQYF,,,,,,0.00012983640612827837,None,subset_2.tsv,"['N', 'o', 'n', 'e']",39,2
6909,,CASSIRHIDPGQGWDTQYF,,,,,,0.00012983640612827837,None,subset_2.tsv,"['N', 'o', 'n', 'e']",39,2
1416,,CASSPPFRAFLSGANVLTF,,,,,,0.00012983640612827837,None,subset_2.tsv,"['N', 'o', 'n', 'e']",40,2
3873,,CASSEYWARDRGRGETEAFF,,,,,,0.00012983640612827837,None,subset_2.tsv,"['N', 'o', 'n', 'e']",40,2
673,,CASSTRDRGWTSGYNEQFF,,,,,,0.00012983640612827837,None,subset_2.tsv,"['N', 'o', 'n', 'e']",43,2
4547,,CASSFRDRGQIKPYEQYF,,,,,,0.00012983640612827837,None,subset_2.tsv,"['N', 'o', 'n', 'e']",43,2
4191,,CASSEFEGWVSGANVLTF,,,,,,0.00012983640612827837,None,subset_2.tsv,"['N', 'o', 'n', 'e']",48,2
5038,,CAISDYPGLAGGGNEQFF,,,,,,0.00012983640612827837,None,subset_2.tsv,"['N', 'o', 'n', 'e']",48,2
985,,CASSPSPGLILENYGYTF,,,,,,0.00012983640612827837,None,subset_2.tsv,"['N', 'o', 'n', 'e']",51,2
1335,,CASSPRAGGPETEYQETQYF,,,,,,0.00012983640612827837,None,subset_2.tsv,"['N', 'o', 'n', 'e']",51,2
719,,CASSTHRLGTSGGPPDTQYF,,,,,,0.00012983640612827837,None,subset_2.tsv,"['N', 'o', 'n', 'e']",55,2
3408,,CASTPRRLGLFPSSGNTIYF,,,,,,0.00012983640612827837,None,subset_2.tsv,"['N', 'o', 'n', 'e']",55,2
226,,CASSRRETSGSSYNEQFF,,,,,,0.00012983640612827837,None,subset_2.tsv,"['N', 'o', 'n', 'e']",62,3
2010,,CAWSGFEISGRAPYEQYF,,,,,,0.00012983640612827837,None,subset_2.tsv,"['N', 'o', 'n', 'e']",62,3
5425,,CASSANKRTGQMNTEAFF,,,,,,0.00012983640612827837,None,subset_2.tsv,"['N', 'o', 'n', 'e']",62,3
4119,,CASSDLDRVVSGDYEQYF,,,,,,0.00012983640612827837,None,subset_2.tsv,"['N', 'o', 'n', 'e']",65,2
5372,,CASSALGTLAGDADEQFF,,,,,,0.00012983640612827837,None,subset_2.tsv,"['N', 'o', 'n', 'e']",65,2
681,,CASSTIRDSLSGANVLTF,,,,,,0.00012983640612827837,None,subset_2.tsv,"['N', 'o', 'n', 'e']",68,3
3161,,CASSVERLTGSGANVLTF,,,,,,0.00012983640612827837,None,subset_2.tsv,"['N', 'o', 'n', 'e']",68,3
4361,,CASSHAKKTGGYLYGYTF,,,,,,0.00012983640612827837,None,subset_2.tsv,"['N', 'o', 'n', 'e']",68,3
5671,,CASRGPGLAGGSGANVLTF,,,,,,0.00012983640612827837,None,subset_2.tsv,"['N', 'o', 'n', 'e']",71,2
5672,,CASRGPGLAGGPIGYNEQFF,,,,,,0.00012983640612827837,None,subset_2.tsv,"['N', 'o', 'n', 'e']",71,2
1830,,CASSQDRVTWGGIAKNIQYF,,,,,,0.00012983640612827837,None,subset_2.tsv,"['N', 'o', 'n', 'e']",84,2
1832,,CASSQDRVGKGAPSTDTQYF,,,,,,0.00012983640612827837,None,subset_2.tsv,"['N', 'o', 'n', 'e']",84,2
2352,,CATSRDLGVGAGIRTDTQYF,,,,,,0.00012983640612827837,None,subset_2.tsv,"['N', 'o', 'n', 'e']",87,2
2374,,CATSRDRVVGQGIDGYTF,,,,,,0.00012983640612827837,None,subset_2.tsv,"['N', 'o', 'n', 'e']",87,2
4468,,CASSIDTRDVGLAKQETQYF,,,,,,0.00012983640612827837,None,subset_2.tsv,"['N', 'o', 'n', 'e']",88,2
6482,,CASSLWFSWLRRDGQETQYF,,,,,,0.00012983640612827837,None,subset_2.tsv,"['N', 'o', 'n', 'e']",88,2
3265,,CASSVPNPRPAKSGANVLTF,,,,,,0.00012983640612827837,None,subset_2.tsv,"['N', 'o', 'n', 'e']",90,2
4634,,CASSFPNPSPSHRTGETQYF,,,,,,0.00012983640612827837,None,subset_2.tsv,"['N', 'o', 'n', 'e']",90,2
5965,,CASSLPIYRALTSGTHTHTQYF,,,,,,0.00012983640612827837,None,subset_2.tsv,"['N', 'o', 'n', 'e']",91,2
6013,,CASSLPQASVTPANVLTF,,,,,,0.00012983640612827837,None,subset_2.tsv,"['N', 'o', 'n', 'e']",91,2
3874,,CASSEYVTQGANFSGANVLTF,,,,,,0.00012983640612827837,None,subset_2.tsv,"['N', 'o', 'n', 'e']",92,2
5033,,CAISEEWVAGVLLLGDTQYF,,,,,,0.00012983640612827837,None,subset_2.tsv,"['N', 'o', 'n', 'e']",92,2
448,,CASSQVDEDRVHNYGYTF,,,,,,0.00012983640612827837,None,subset_2.tsv,"['N', 'o', 'n', 'e']",93,2
1843,,CASSQEAQNGPWRGVETQYF,,,,,,0.00012983640612827837,None,subset_2.tsv,"['N', 'o', 'n', 'e']",93,2
4467,,CASSIDWHPWRAKGNYEQYF,,,,,,0.00012983640612827837,None,subset_2.tsv,"['N', 'o', 'n', 'e']",96,3
6849,,CASSLDLIPAGGSTPYNEQFF,,,,,,0.00012983640612827837,None,subset_2.tsv,"['N', 'o', 'n', 'e']",96,3
6852,,CASSLDIWTWDRSVYNEQFF,,,,,,0.00012983640612827837,None,subset_2.tsv,"['N', 'o', 'n', 'e']",96,3
6711,,CASSLAVWWTEGPGANVLTF,,,,,,0.00012983640612827837,None,subset_2.tsv,"['N', 'o', 'n', 'e']",97,3
7379,,CASSLFWVFSGTASNQPQHF,,,,,,0.00012983640612827837,None,subset_2.tsv,"['N', 'o', 'n', 'e']",97,3
7444,,CASSLEPTFGIGGLVNTEAFF,,,,,,0.00012983640612827837,None,subset_2.tsv,"['N', 'o', 'n', 'e']",97,3
4805,,CASGPQPYGQALTNYGYTF,,,,,,0.00012983640612827837,None,subset_2.tsv,"['N', 'o', 'n', 'e']",101,2
5117,,CAIRQTVLRPLHF,,,,,,0.00012983640612827837,None,subset_2.tsv,"['N', 'o', 'n', 'e']",101,2
4202,,CASSEAPFLHYAGEYWYNEQFF,,,,,,0.00012983640612827837,None,subset_2.tsv,"['N', 'o', 'n', 'e']",103,2
5059,,CAISESQDRWMEVYQPQHF,,,,,,0.00012983640612827837,None,subset_2.tsv,"['N', 'o', 'n', 'e']",103,2
647,,CASSTLPYLTSGGGHTGELFF,,,,,,0.00012983640612827837,None,subset_2.tsv,"['N', 'o', 'n', 'e']",106,2
1230,,CASSPLPTSGRIVVVTGELFF,,,,,,0.00012983640612827837,None,subset_2.tsv,"['N', 'o', 'n', 'e']",106,2
1297,,CASSPHEVGLGDFRYNEQFF,,,,,,0.00012983640612827837,None,subset_2.tsv,"['N', 'o', 'n', 'e']",107,2
1314,,CASSPKYRGVGQIMNTEAFF,,,,,,0.00012983640612827837,None,subset_2.tsv,"['N', 'o', 'n', 'e']",107,2
1092,,CASSPRRVGLAGVNGTDTQYF,,,,,,0.00012983640612827837,None,subset_2.tsv,"['N', 'o', 'n', 'e']",108,2
4773,,CASSFTGLGTGDRGLTGELFF,,,,,,0.00012983640612827837,None,subset_2.tsv,"['N', 'o', 'n', 'e']",108,2
3988,,CASSFHSDWGSGMSTDTQYF,,,,,,0.00012983640612827837,None,subset_2.tsv,"['N', 'o', 'n', 'e']",109,2
4086,,CASSDELDRGRALAKNIQYF,,,,,,0.00012983640612827837,None,subset_2.tsv,"['N', 'o', 'n', 'e']",109,2
3630,,CASSYSKAGGSGANVLTF,,,,,,0.00012983640612827837,None,subset_2.tsv,"['N', 'o', 'n', 'e']",112,2
3711,,CASSYSLFGAGGSGANVLTF,,,,,,0.00012983640612827837,None,subset_2.tsv,"['N', 'o', 'n', 'e']",112,2
991,,CASSPSRPWGPHSNTGELFF,,,,,,0.00012983640612827837,None,subset_2.tsv,"['N', 'o', 'n', 'e']",114,2
3799,,CASSYSMPTGAGLNTEAFF,,,,,,0.00012983640612827837,None,subset_2.tsv,"['N', 'o', 'n', 'e']",114,2
1593,,CASSQGREAGGPAGYNEQFF,,,,,,0.00012983640612827837,None,subset_2.tsv,"['N', 'o', 'n', 'e']",115,2
3969,,CASSFGPPLGRDRGYQETQYF,,,,,,0.00012983640612827837,None,subset_2.tsv,"['N', 'o', 'n', 'e']",115,2
804,,CASSSGNPGANVLTF,,,,,,0.00012983640612827837,None,subset_2.tsv,"['N', 'o', 'n', 'e']",116,3
5461,,CASSAGLIGANVLTF,,,,,,0.00012983640612827837,None,subset_2.tsv,"['N', 'o', 'n', 'e']",116,3
5474,,CASSAGAAGANVLTF,,,,,,0.00012983640612827837,None,subset_2.tsv,"['N', 'o', 'n', 'e']",116,3
1233,,CASSPLISGANVLTF,,,,,,0.00012983640612827837,None,subset_2.tsv,"['N', 'o', 'n', 'e']",117,2
2186,,CATSDSYSGANVLTF,,,,,,0.00012983640612827837,None,subset_2.tsv,"['N', 'o', 'n', 'e']",117,2
3391,,CASTQPRAGANVLTF,,,,,,0.00012983640612827837,None,subset_2.tsv,"['N', 'o', 'n', 'e']",119,2
5341,,CASRQETSGANVLTF,,,,,,0.00012983640612827837,None,subset_2.tsv,"['N', 'o', 'n', 'e']",119,2
3582,,CASTVGGSGANVLTF,,,,,,0.00012983640612827837,None,subset_2.tsv,"['N', 'o', 'n', 'e']",121,2
7590,,CASSLGGSGANVLTF,,,,,,0.00012983640612827837,None,subset_2.tsv,"['N', 'o', 'n', 'e']",121,2
5769,,CASSLTFSGANVLTF,,,,,,0.00012983640612827837,None,subset_2.tsv,"['N', 'o', 'n', 'e']",123,2
5856,,CASSLTSRGGNGYTF,,,,,,0.00012983640612827837,None,subset_2.tsv,"['N', 'o', 'n', 'e']",123,2
2914,,CASSWTGEGANVLTF,,,,,,0.00012983640612827837,None,subset_2.tsv,"['N', 'o', 'n', 'e']",124,2
6585,,CASSNTGTGVSRISYEQYF,,,,,,0.00012983640612827837,None,subset_2.tsv,"['N', 'o', 'n', 'e']",124,2
1355,,CASSPQGSGANVLTF,,,,,,0.00012983640612827837,None,subset_2.tsv,"['N', 'o', 'n', 'e']",125,2
3762,,CASTDFGSGANVLTF,,,,,,0.00012983640612827837,None,subset_2.tsv,"['N', 'o', 'n', 'e']",125,2
868,,CASSSQGAGANVLTF,,,,,,0.00012983640612827837,None,subset_2.tsv,"['N', 'o', 'n', 'e']",126,2
5997,,CASSLQDSGANVLTF,,,,,,0.00012983640612827837,None,subset_2.tsv,"['N', 'o', 'n', 'e']",126,2
1724,,CASSQDLTSGGAAYNEQFF,,,,,,0.00012983640612827837,None,subset_2.tsv,"['N', 'o', 'n', 'e']",127,2
6963,,CASSIPSLGRELSYNEQFF,,,,,,0.00012983640612827837,None,subset_2.tsv,"['N', 'o', 'n', 'e']",127,2
1702,,CASSQDGTSGDLHYNEQFF,,,,,,0.00012983640612827837,None,subset_2.tsv,"['N', 'o', 'n', 'e']",128,2
1913,,CASSQDRGGRALPYNEQFF,,,,,,0.00012983640612827837,None,subset_2.tsv,"['N', 'o', 'n', 'e']",128,2
6011,,CASSLPRGGGGLAGEKEQFF,,,,,,0.00012983640612827837,None,subset_2.tsv,"['N', 'o', 'n', 'e']",132,2
7470,,CASSLFFSGDSHSAKNIQYF,,,,,,0.00012983640612827837,None,subset_2.tsv,"['N', 'o', 'n', 'e']",132,2
1401,,CASSPPGQGGGYSNQPQHF,,,,,,0.00012983640612827837,None,subset_2.tsv,"['N', 'o', 'n', 'e']",134,2
4534,,CASSHPGQGSLTRDSPLHF,,,,,,0.00012983640612827837,None,subset_2.tsv,"['N', 'o', 'n', 'e']",134,2
4508,,CASSHIGTGGVFRNSPLHF,,,,,,0.00012983640612827837,None,subset_2.tsv,"['N', 'o', 'n', 'e']",135,2
7373,,CASSLIGTGLTLAKNIQYF,,,,,,0.00012983640612827837,None,subset_2.tsv,"['N', 'o', 'n', 'e']",135,2
5967,,CASSLPGVAWELSVYEQYF,,,,,,0.00012983640612827837,None,subset_2.tsv,"['N', 'o', 'n', 'e']",140,2
6743,,CASSLAGPAADRPYNEQFF,,,,,,0.00012983640612827837,None,subset_2.tsv,"['N', 'o', 'n', 'e']",140,2
867,,CASSSQGALKREIPYEQYF,,,,,,0.00012983640612827837,None,subset_2.tsv,"['N', 'o', 'n', 'e']",142,2
2342,,CATSRVGRLAEGGTDTQYF,,,,,,0.00012983640612827837,None,subset_2.tsv,"['N', 'o', 'n', 'e']",142,2
4492,,CASSHLISGRQRGTDTQYF,,,,,,0.00012983640612827837,None,subset_2.tsv,"['N', 'o', 'n', 'e']",144,3
4625,,CASSFKHVGRDAKIYGYTF,,,,,,0.00012983640612827837,None,subset_2.tsv,"['N', 'o', 'n', 'e']",144,3
5479,,CASSAELAGVYGGADTQYF,,,,,,0.00012983640612827837,None,subset_2.tsv,"['N', 'o', 'n', 'e']",144,3
2952,,CASSVTIESGGGITDTQYF,,,,,,0.00012983640612827837,None,subset_2.tsv,"['N', 'o', 'n', 'e']",145,2
7137,,CASSIVWDRASLGTDTQYF,,,,,,0.00012983640612827837,None,subset_2.tsv,"['N', 'o', 'n', 'e']",145,2
6439,,CASSLVWFGQGVGTAGYTF,,,,,,0.00012983640612827837,None,subset_2.tsv,"['N', 'o', 'n', 'e']",148,3
6534,,CASSLVPPGTGGYEYEQYF,,,,,,0.00012983640612827837,None,subset_2.tsv,"['N', 'o', 'n', 'e']",148,3
6713,,CASSLAVQTARLRSYTF,,,,,,0.00012983640612827837,None,subset_2.tsv,"['N', 'o', 'n', 'e']",148,3
1121,,CASSPVTGGGSGANVLTF,,,,,,0.00012983640612827837,None,subset_2.tsv,"['N', 'o', 'n', 'e']",152,2
4432,,CASSHWTGALSGANVLTF,,,,,,0.00012983640612827837,None,subset_2.tsv,"['N', 'o', 'n', 'e']",152,2
3065,,CASSYDTRTSGGGHEQFF,,,,,,0.00012983640612827837,None,subset_2.tsv,"['N', 'o', 'n', 'e']",153,2
4562,,CASSFPTSGRGLAETQYF,,,,,,0.00012983640612827837,None,subset_2.tsv,"['N', 'o', 'n', 'e']",153,2
317,,CASSQSIRQGGWGNTIYF,,,,,,0.00012983640612827837,None,subset_2.tsv,"['N', 'o', 'n', 'e']",155,2
3777,,CASSYSRGVGGAQETQYF,,,,,,0.00012983640612827837,None,subset_2.tsv,"['N', 'o', 'n', 'e']",155,2
4628,,CASSFKGLAGGPADTQYF,,,,,,0.00012983640612827837,None,subset_2.tsv,"['N', 'o', 'n', 'e']",156,2
7348,,CASSLIGLAGGRTDTQYF,,,,,,0.00012983640612827837,None,subset_2.tsv,"['N', 'o', 'n', 'e']",156,2
1693,,CASSQDKGARTAFYEQYF,,,,,,0.00012983640612827837,None,subset_2.tsv,"['N', 'o', 'n', 'e']",158,2
3067,,CASSYDRGRGSGSYEQYF,,,,,,0.00012983640612827837,None,subset_2.tsv,"['N', 'o', 'n', 'e']",158,2
643,,CASSTNPTSGTSTDTQYF,,,,,,0.00012983640612827837,None,subset_2.tsv,"['N', 'o', 'n', 'e']",160,2
6562,,CASSMSFLAGMSTDTQYF,,,,,,0.00012983640612827837,None,subset_2.tsv,"['N', 'o', 'n', 'e']",160,2
4031,,CASSFDRGGGIGTDTQYF,,,,,,0.00012983640612827837,None,subset_2.tsv,"['N', 'o', 'n', 'e']",161,2
5962,,CASSLPMLAGDNTDTQYF,,,,,,0.00012983640612827837,None,subset_2.tsv,"['N', 'o', 'n', 'e']",161,2
2751,,CSARDTRQLSSYNSPLHF,,,,,,0.00012983640612827837,None,subset_2.tsv,"['N', 'o', 'n', 'e']",162,2
3556,,CASTRRGPLSSYNSPLHF,,,,,,0.00012983640612827837,None,subset_2.tsv,"['N', 'o', 'n', 'e']",162,2
3737,,CASSYTPERALPNQPQHF,,,,,,0.00012983640612827837,None,subset_2.tsv,"['N', 'o', 'n', 'e']",163,2
7037,,CASSKTPHRVSYNSPLHF,,,,,,0.00012983640612827837,None,subset_2.tsv,"['N', 'o', 'n', 'e']",163,2
2835,,CSARVEPTTRLFTDTQYF,,,,,,0.00012983640612827837,None,subset_2.tsv,"['N', 'o', 'n', 'e']",165,2
3432,,CASTGWWSFATSTDTQYF,,,,,,0.00012983640612827837,None,subset_2.tsv,"['N', 'o', 'n', 'e']",165,2
2504,,CSAVYRGSFGLPGETQYF,,,,,,0.00012983640612827837,None,subset_2.tsv,"['N', 'o', 'n', 'e']",167,2
3375,,CASTPAADDRPVGNTIYF,,,,,,0.00012983640612827837,None,subset_2.tsv,"['N', 'o', 'n', 'e']",167,2
2728,,CSARDPGLAGGFIGTQYF,,,,,,0.00012983640612827837,None,subset_2.tsv,"['N', 'o', 'n', 'e']",168,2
5578,,CASQPPGLASHFGNEQFF,,,,,,0.00012983640612827837,None,subset_2.tsv,"['N', 'o', 'n', 'e']",168,2
893,,CASSSRGWGDTSTDTQYF,,,,,,0.00012983640612827837,None,subset_2.tsv,"['N', 'o', 'n', 'e']",170,3
5274,,CASRRPGTGDSFLSEQYF,,,,,,0.00012983640612827837,None,subset_2.tsv,"['N', 'o', 'n', 'e']",170,3
5669,,CASRGPGTGGLHTDTQYF,,,,,,0.00012983640612827837,None,subset_2.tsv,"['N', 'o', 'n', 'e']",170,3
3594,,CASSYLLTGTSRQETQYF,,,,,,0.00012983640612827837,None,subset_2.tsv,"['N', 'o', 'n', 'e']",173,2
3655,,CASSYNPRGGPPGETQYF,,,,,,0.00012983640612827837,None,subset_2.tsv,"['N', 'o', 'n', 'e']",173,2
4040,,CASSFFRIIGRGGYEQYF,,,,,,0.00012983640612827837,None,subset_2.tsv,"['N', 'o', 'n', 'e']",175,2
4624,,CASSFKLETGAYQETQYF,,,,,,0.00012983640612827837,None,subset_2.tsv,"['N', 'o', 'n', 'e']",175,2
1001,,CASSPSGLLLAGGETQYF,,,,,,0.00012983640612827837,None,subset_2.tsv,"['N', 'o', 'n', 'e']",180,2
6332,,CASSPGRLAGEVGDTQYF,,,,,,0.00012983640612827837,None,subset_2.tsv,"['N', 'o', 'n', 'e']",180,2
4089,,CASSDARKGLAGQETQYF,,,,,,0.00012983640612827837,None,subset_2.tsv,"['N', 'o', 'n', 'e']",181,2
4359,,CASSHATIGGSRLGTQYF,,,,,,0.00012983640612827837,None,subset_2.tsv,"['N', 'o', 'n', 'e']",181,2
4138,,CASSASGARDYSNQPQHF,,,,,,0.00012983640612827837,None,subset_2.tsv,"['N', 'o', 'n', 'e']",182,3
5548,,CASNSMGLARGIRETQYF,,,,,,0.00012983640612827837,None,subset_2.tsv,"['N', 'o', 'n', 'e']",182,3
7126,,CASSKARSLGNRGNEQFF,,,,,,0.00012983640612827837,None,subset_2.tsv,"['N', 'o', 'n', 'e']",182,3
273,,CASSQRRTGPSSTDTQYF,,,,,,0.00012983640612827837,None,subset_2.tsv,"['N', 'o', 'n', 'e']",185,3
305,,CASSQSYKVQLSGDTQYF,,,,,,0.00012983640612827837,None,subset_2.tsv,"['N', 'o', 'n', 'e']",185,3
1586,,CASSQGRVLPSRTDTQYF,,,,,,0.00012983640612827837,None,subset_2.tsv,"['N', 'o', 'n', 'e']",185,3
5832,,CASSLSLLGQGNSNTGELFF,,,,,,0.00012983640612827837,None,subset_2.tsv,"['N', 'o', 'n', 'e']",186,2
7537,,CASSLGLWREVLADTQYF,,,,,,0.00012983640612827837,None,subset_2.tsv,"['N', 'o', 'n', 'e']",186,2
247,,CASSRVFWEGEDSDTQYF,,,,,,0.00012983640612827837,None,subset_2.tsv,"['N', 'o', 'n', 'e']",187,2
2362,,CATSRDAPPRVSTDTQYF,,,,,,0.00012983640612827837,None,subset_2.tsv,"['N', 'o', 'n', 'e']",187,2
3090,,CASSYFFPGGRAPYEQYF,,,,,,0.00012983640612827837,None,subset_2.tsv,"['N', 'o', 'n', 'e']",190,2
3611,,CASSYSAWTSGRWNEQFF,,,,,,0.00012983640612827837,None,subset_2.tsv,"['N', 'o', 'n', 'e']",190,2
213,,CASSRYAYGTSRTDTQYF,,,,,,0.00012983640612827837,None,subset_2.tsv,"['N', 'o', 'n', 'e']",192,2
1055,,CASSPRLAGASSTDTQYF,,,,,,0.00012983640612827837,None,subset_2.tsv,"['N', 'o', 'n', 'e']",192,2
7028,,CASSLAAEPTYNSPLHF,,,,,,0.00012983640612827837,None,subset_2.tsv,"['N', 'o', 'n', 'e']",196,2
7334,,CASSLKAREAYNSPLHF,,,,,,0.00012983640612827837,None,subset_2.tsv,"['N', 'o', 'n', 'e']",196,2
3134,,CASSVDLYEEGPYNEQFF,,,,,,0.00012983640612827837,None,subset_2.tsv,"['N', 'o', 'n', 'e']",199,2
4477,,CASSIDLDREGMNTEAFF,,,,,,0.00012983640612827837,None,subset_2.tsv,"['N', 'o', 'n', 'e']",199,2
1459,,CASSQEVSYVPQNYEQYF,,,,,,0.00012983640612827837,None,subset_2.tsv,"['N', 'o', 'n', 'e']",201,2
1854,,CASSQDYREEPTLKEQYF,,,,,,0.00012983640612827837,None,subset_2.tsv,"['N', 'o', 'n', 'e']",201,2
292,,CASSQQGALDVDTYEQYF,,,,,,0.00012983640612827837,None,subset_2.tsv,"['N', 'o', 'n', 'e']",202,2
1763,,CASSQDGGDETPNTEAFF,,,,,,0.00012983640612827837,None,subset_2.tsv,"['N', 'o', 'n', 'e']",202,2
1553,,CASSQEPGQTRAGEKLFF,,,,,,0.00012983640612827837,None,subset_2.tsv,"['N', 'o', 'n', 'e']",203,2
4474,,CASSIDPGIGVGYNEQFF,,,,,,0.00012983640612827837,None,subset_2.tsv,"['N', 'o', 'n', 'e']",203,2
6068,,CASSLNKGQGRIGELFF,,,,,,0.00012983640612827837,None,subset_2.tsv,"['N', 'o', 'n', 'e']",204,2
6692,,CASSLAPGQGPIKETQYF,,,,,,0.00012983640612827837,None,subset_2.tsv,"['N', 'o', 'n', 'e']",204,2
6677,,CASSLARRDWRGNQPQHF,,,,,,0.00012983640612827837,None,subset_2.tsv,"['N', 'o', 'n', 'e']",206,3
6786,,CASSLCPLPTVCYEKLFF,,,,,,0.00012983640612827837,None,subset_2.tsv,"['N', 'o', 'n', 'e']",206,3
7439,,CASSLERFPDRVNEKLFF,,,,,,0.00012983640612827837,None,subset_2.tsv,"['N', 'o', 'n', 'e']",206,3
3989,,CASSFHRRPFDGYNEQFF,,,,,,0.00012983640612827837,None,subset_2.tsv,"['N', 'o', 'n', 'e']",207,2
5430,,CASSADRRQLGANVLTF,,,,,,0.00012983640612827837,None,subset_2.tsv,"['N', 'o', 'n', 'e']",207,2
6844,,CASSLEDRLQSSTDTQYF,,,,,,0.00012983640612827837,None,subset_2.tsv,"['N', 'o', 'n', 'e']",208,2
7279,,CASSLKRVLAGGTDTQYF,,,,,,0.00012983640612827837,None,subset_2.tsv,"['N', 'o', 'n', 'e']",208,2
360,,CASSQPNRASGRSETQYF,,,,,,0.00012983640612827837,None,subset_2.tsv,"['N', 'o', 'n', 'e']",209,2
3667,,CASSYPDPHTPTNEKLFF,,,,,,0.00012983640612827837,None,subset_2.tsv,"['N', 'o', 'n', 'e']",209,2
1723,,CASSQDLVVAVGQETQYF,,,,,,0.00012983640612827837,None,subset_2.tsv,"['N', 'o', 'n', 'e']",210,3
1729,,CASSQDLRGRGEGETQYF,,,,,,0.00012983640612827837,None,subset_2.tsv,"['N', 'o', 'n', 'e']",210,3
1819,,CASSQDSVRLGQGDTQYF,,,,,,0.00012983640612827837,None,subset_2.tsv,"['N', 'o', 'n', 'e']",210,3
1727,,CASSQDLSETHQNQPQHF,,,,,,0.00012983640612827837,None,subset_2.tsv,"['N', 'o', 'n', 'e']",211,2
1732,,CASSQDLNRVYYNSPLHF,,,,,,0.00012983640612827837,None,subset_2.tsv,"['N', 'o', 'n', 'e']",211,2
329,,CASSQKPALAPAPDTQYF,,,,,,0.00012983640612827837,None,subset_2.tsv,"['N', 'o', 'n', 'e']",213,3
1696,,CASSQDIAGTRGSGEQFF,,,,,,0.00012983640612827837,None,subset_2.tsv,"['N', 'o', 'n', 'e']",213,3
1789,,CASSQDFRGEFRTNEKLFF,,,,,,0.00012983640612827837,None,subset_2.tsv,"['N', 'o', 'n', 'e']",213,3
351,,CASSQIIGSGRYNSPLHF,,,,,,0.00012983640612827837,None,subset_2.tsv,"['N', 'o', 'n', 'e']",214,2
1565,,CASSQEKGTAVPNSPLHF,,,,,,0.00012983640612827837,None,subset_2.tsv,"['N', 'o', 'n', 'e']",214,2
343,,CASSQPPAGTTTNEKLFF,,,,,,0.00012983640612827837,None,subset_2.tsv,"['N', 'o', 'n', 'e']",215,2
3883,,CASSEYFGGTSAGNTIYF,,,,,,0.00012983640612827837,None,subset_2.tsv,"['N', 'o', 'n', 'e']",215,2
436,,CASSQYVFQGSYGYTF,,,,,,0.00012983640612827837,None,subset_2.tsv,"['N', 'o', 'n', 'e']",216,3
1866,,CASSQDNFYGGSGNTIYF,,,,,,0.00012983640612827837,None,subset_2.tsv,"['N', 'o', 'n', 'e']",216,3
5559,,CASNQDPKQGRYGYTF,,,,,,0.00012983640612827837,None,subset_2.tsv,"['N', 'o', 'n', 'e']",216,3
1709,,CASSQDGRDSDSGNTIYF,,,,,,0.00012983640612827837,None,subset_2.tsv,"['N', 'o', 'n', 'e']",217,2
6854,,CASSLDGWYRAYQETQYF,,,,,,0.00012983640612827837,None,subset_2.tsv,"['N', 'o', 'n', 'e']",217,2
376,,CASSQNDRGFGYGYTF,,,,,,0.00012983640612827837,None,subset_2.tsv,"['N', 'o', 'n', 'e']",219,4
381,,CASSQMALRADDGYTF,,,,,,0.00012983640612827837,None,subset_2.tsv,"['N', 'o', 'n', 'e']",219,4
1920,,CASSQDQTGFGYGYTF,,,,,,0.00012983640612827837,None,subset_2.tsv,"['N', 'o', 'n', 'e']",219,4
1922,,CASSQDQRRAYTGYTF,,,,,,0.00012983640612827837,None,subset_2.tsv,"['N', 'o', 'n', 'e']",219,4
1860,,CASSQDWQAKGAGYTF,,,,,,0.00012983640612827837,None,subset_2.tsv,"['N', 'o', 'n', 'e']",220,2
1899,,CASSQDRQGISIGYTF,,,,,,0.00012983640612827837,None,subset_2.tsv,"['N', 'o', 'n', 'e']",220,2
1856,,CASSQDYPGGTGGYTF,,,,,,0.00012983640612827837,None,subset_2.tsv,"['N', 'o', 'n', 'e']",221,2
1867,,CASSQDPPGGGRADTQYF,,,,,,0.00012983640612827837,None,subset_2.tsv,"['N', 'o', 'n', 'e']",221,2
3658,,CASSYPLRNVSGNQETQYF,,,,,,0.00012983640612827837,None,subset_2.tsv,"['N', 'o', 'n', 'e']",222,3
4528,,CASSHPQGVTSRSGNTIYF,,,,,,0.00012983640612827837,None,subset_2.tsv,"['N', 'o', 'n', 'e']",222,3
4530,,CASSHPPRLAGGYQETQYF,,,,,,0.00012983640612827837,None,subset_2.tsv,"['N', 'o', 'n', 'e']",222,3
1880,,CASSQDPGTSGGLQETQYF,,,,,,0.00012983640612827837,None,subset_2.tsv,"['N', 'o', 'n', 'e']",223,2
3423,,CASTIIPGLAGPREETQYF,,,,,,0.00012983640612827837,None,subset_2.tsv,"['N', 'o', 'n', 'e']",223,2
1431,,CASSPPVGTWSLNNEQFF,,,,,,0.00012983640612827837,None,subset_2.tsv,"['N', 'o', 'n', 'e']",226,2
1439,,CASSPPSGGASAYNEQFF,,,,,,0.00012983640612827837,None,subset_2.tsv,"['N', 'o', 'n', 'e']",226,2
3428,,CASTIDATSTSLGAKNIQYF,,,,,,0.00012983640612827837,None,subset_2.tsv,"['N', 'o', 'n', 'e']",232,2
4892,,CASGLPLAGGPYPYNEQFF,,,,,,0.00012983640612827837,None,subset_2.tsv,"['N', 'o', 'n', 'e']",232,2
1764,,CASSQASGGSTNTGELFF,,,,,,0.00012983640612827837,None,subset_2.tsv,"['N', 'o', 'n', 'e']",234,2
1808,,CASSQDSSGGLNTGELFF,,,,,,0.00012983640612827837,None,subset_2.tsv,"['N', 'o', 'n', 'e']",234,2
5744,,CASSLSSGGSPSTDTQYF,,,,,,0.00012983640612827837,None,subset_2.tsv,"['N', 'o', 'n', 'e']",236,2
5859,,CASSLTSLGSGSTDTQYF,,,,,,0.00012983640612827837,None,subset_2.tsv,"['N', 'o', 'n', 'e']",236,2
1510,,CASSQERLGQGGGGYTF,,,,,,0.00012983640612827837,None,subset_2.tsv,"['N', 'o', 'n', 'e']",239,2
1541,,CASSQEGVSRGANVLTF,,,,,,0.00012983640612827837,None,subset_2.tsv,"['N', 'o', 'n', 'e']",239,2
3129,,CASSVDPLGSGANVLTF,,,,,,0.00012983640612827837,None,subset_2.tsv,"['N', 'o', 'n', 'e']",240,2
7474,,CASSLEYRGSGANVLTF,,,,,,0.00012983640612827837,None,subset_2.tsv,"['N', 'o', 'n', 'e']",240,2
6010,,CASSLPRWGIRSNQPQHF,,,,,,0.00012983640612827837,None,subset_2.tsv,"['N', 'o', 'n', 'e']",241,2
6857,,CASSLDGTGVGANVLTF,,,,,,0.00012983640612827837,None,subset_2.tsv,"['N', 'o', 'n', 'e']",241,2
6149,,CASSLQPAGDWAGELFF,,,,,,0.00012983640612827837,None,subset_2.tsv,"['N', 'o', 'n', 'e']",242,2
7372,,CASSLIGVGEFTDTQYF,,,,,,0.00012983640612827837,None,subset_2.tsv,"['N', 'o', 'n', 'e']",242,2
5916,,CASSLTRTRPLSYEQYF,,,,,,0.00012983640612827837,None,subset_2.tsv,"['N', 'o', 'n', 'e']",245,2
7457,,CASSLEGVGENSYEQYF,,,,,,0.00012983640612827837,None,subset_2.tsv,"['N', 'o', 'n', 'e']",245,2
6734,,CASSLAGQGPGGYGYTF,,,,,,0.00012983640612827837,None,subset_2.tsv,"['N', 'o', 'n', 'e']",247,2
6745,,CASSLAGMGAVNYGYTF,,,,,,0.00012983640612827837,None,subset_2.tsv,"['N', 'o', 'n', 'e']",247,2
981,,CASSPSPWGDPLYGYTF,,,,,,0.00012983640612827837,None,subset_2.tsv,"['N', 'o', 'n', 'e']",252,2
1275,,CASSPHPTGDLNYGYTF,,,,,,0.00012983640612827837,None,subset_2.tsv,"['N', 'o', 'n', 'e']",252,2
5629,,CASRKPGLAGINTGELFF,,,,,,0.00012983640612827837,None,subset_2.tsv,"['N', 'o', 'n', 'e']",255,2
5961,,CASSLPGLQSTHTGELFF,,,,,,0.00012983640612827837,None,subset_2.tsv,"['N', 'o', 'n', 'e']",255,2
6617,,CASSLYGTVESNYGYTF,,,,,,0.00012983640612827837,None,subset_2.tsv,"['N', 'o', 'n', 'e']",256,2
6664,,CASSLYRTAEPPYGYTF,,,,,,0.00012983640612827837,None,subset_2.tsv,"['N', 'o', 'n', 'e']",256,2
365,,CASSQPGVILWDYGYTF,,,,,,0.00012983640612827837,None,subset_2.tsv,"['N', 'o', 'n', 'e']",257,2
1707,,CASSQDGRRDVWTGELFF,,,,,,0.00012983640612827837,None,subset_2.tsv,"['N', 'o', 'n', 'e']",257,2
512,,CASSSTLQDRANYGYTF,,,,,,0.00012983640612827837,None,subset_2.tsv,"['N', 'o', 'n', 'e']",261,3
771,,CASSSIREICSMCGYTF,,,,,,0.00012983640612827837,None,subset_2.tsv,"['N', 'o', 'n', 'e']",261,3
935,,CASSSNGVRTGGYGYTF,,,,,,0.00012983640612827837,None,subset_2.tsv,"['N', 'o', 'n', 'e']",261,3
949,,CASSSPRLSGEADGYTF,,,,,,0.00012983640612827837,None,subset_2.tsv,"['N', 'o', 'n', 'e']",262,2
960,,CASSSPGRRGPDYGYTF,,,,,,0.00012983640612827837,None,subset_2.tsv,"['N', 'o', 'n', 'e']",262,2
205,,CASSSDWTGGAYYGYTF,,,,,,0.00012983640612827837,None,subset_2.tsv,"['N', 'o', 'n', 'e']",263,2
2349,,CATSRDRAGGANYGYTF,,,,,,0.00012983640612827837,None,subset_2.tsv,"['N', 'o', 'n', 'e']",263,2
2346,,CATSRDRIAGGANVLTF,,,,,,0.00012983640612827837,None,subset_2.tsv,"['N', 'o', 'n', 'e']",264,2
2351,,CATSRDLQAGRVYGYTF,,,,,,0.00012983640612827837,None,subset_2.tsv,"['N', 'o', 'n', 'e']",264,2
2345,,CATSRDRIAGWDLLAKNIQYF,,,,,,0.00012983640612827837,None,subset_2.tsv,"['N', 'o', 'n', 'e']",265,2
2399,,CATSRDVVFGTGGGPYNSPLHF,,,,,,0.00012983640612827837,None,subset_2.tsv,"['N', 'o', 'n', 'e']",265,2
2698,,CSARGLDSQPVGNQPQHF,,,,,,0.00012983640612827837,None,subset_2.tsv,"['N', 'o', 'n', 'e']",266,2
2810,,CSASGNRGLKDSNQPQHF,,,,,,0.00012983640612827837,None,subset_2.tsv,"['N', 'o', 'n', 'e']",266,2
2652,,CSARGEDRGPPNYGYTF,,,,,,0.00012983640612827837,None,subset_2.tsv,"['N', 'o', 'n', 'e']",269,2
2656,,CSARGINRGTANYGYTF,,,,,,0.00012983640612827837,None,subset_2.tsv,"['N', 'o', 'n', 'e']",269,2
2951,,CASSVTLGQSGANVLTF,,,,,,0.00012983640612827837,None,subset_2.tsv,"['N', 'o', 'n', 'e']",271,2
5098,,CACPGTSGASGANVLTF,,,,,,0.00012983640612827837,None,subset_2.tsv,"['N', 'o', 'n', 'e']",271,2
6211,,CASSPGAPRSGANVLTF,,,,,,0.00012983640612827837,None,subset_2.tsv,"['N', 'o', 'n', 'e']",274,2
6403,,CASSPGLKLSGANVLTF,,,,,,0.00012983640612827837,None,subset_2.tsv,"['N', 'o', 'n', 'e']",274,2
776,,CASSSLGTASGANVLTF,,,,,,0.00012983640612827837,None,subset_2.tsv,"['N', 'o', 'n', 'e']",276,2
778,,CASSSLGSGAGANVLTF,,,,,,0.00012983640612827837,None,subset_2.tsv,"['N', 'o', 'n', 'e']",276,2
111,,CASSRGGIASGANVLTF,,,,,,0.00012983640612827837,None,subset_2.tsv,"['N', 'o', 'n', 'e']",277,2
4077,,CASSDGGSNSGANVLTF,,,,,,0.00012983640612827837,None,subset_2.tsv,"['N', 'o', 'n', 'e']",277,2
3994,,CASSFGVRVSGANVLTF,,,,,,0.00012983640612827837,None,subset_2.tsv,"['N', 'o', 'n', 'e']",278,2
4425,,CASSHTGTETGANVLTF,,,,,,0.00012983640612827837,None,subset_2.tsv,"['N', 'o', 'n', 'e']",278,2
5831,,CASSLSLPAAAGVEEQYF,,,,,,0.00012983640612827837,None,subset_2.tsv,"['N', 'o', 'n', 'e']",279,3
7510,,CASSLGIIVGVSLNEQFF,,,,,,0.00012983640612827837,None,subset_2.tsv,"['N', 'o', 'n', 'e']",279,3
7538,,CASSLGLVLAGMDGELFF,,,,,,0.00012983640612827837,None,subset_2.tsv,"['N', 'o', 'n', 'e']",279,3
5768,,CASSLSWSSDSLYNEQFF,,,,,,0.00012983640612827837,None,subset_2.tsv,"['N', 'o', 'n', 'e']",280,3
6065,,CASSLNPASAKSYNEQFF,,,,,,0.00012983640612827837,None,subset_2.tsv,"['N', 'o', 'n', 'e']",280,3
7528,,CASSLGPITGLPYNEQFF,,,,,,0.00012983640612827837,None,subset_2.tsv,"['N', 'o', 'n', 'e']",280,3
4884,,CASGLVLLRGPSYNEQFF,,,,,,0.00012983640612827837,None,subset_2.tsv,"['N', 'o', 'n', 'e']",281,2
6720,,CASSLATREGSSYNEQFF,,,,,,0.00012983640612827837,None,subset_2.tsv,"['N', 'o', 'n', 'e']",281,2
3634,,CASSYSINAAVNYGYTF,,,,,,0.00012983640612827837,None,subset_2.tsv,"['N', 'o', 'n', 'e']",282,3
6117,,CASSLSFRDKALWGYTF,,,,,,0.00012983640612827837,None,subset_2.tsv,"['N', 'o', 'n', 'e']",282,3
7504,,CASSLGKVAQSRYGYTF,,,,,,0.00012983640612827837,None,subset_2.tsv,"['N', 'o', 'n', 'e']",282,3
976,,CASSQGYLLGAANEKLFF,,,,,,0.00012983640612827837,None,subset_2.tsv,"['N', 'o', 'n', 'e']",285,2
3854,,CASSESPRAAGIYNEQFF,,,,,,0.00012983640612827837,None,subset_2.tsv,"['N', 'o', 'n', 'e']",285,2
493,,CASSQVGLAGGYTGELFF,,,,,,0.00012983640612827837,None,subset_2.tsv,"['N', 'o', 'n', 'e']",288,3
7311,,CASSLLGLAGVGTGELFF,,,,,,0.00012983640612827837,None,subset_2.tsv,"['N', 'o', 'n', 'e']",288,3
7583,,CASSLGGLAGVGTGELFF,,,,,,0.00012983640612827837,None,subset_2.tsv,"['N', 'o', 'n', 'e']",288,3
3035,,CASSYLGLAGDLGGELFF,,,,,,0.00012983640612827837,None,subset_2.tsv,"['N', 'o', 'n', 'e']",289,2
6217,,CASSPEGLAGGPGGELFF,,,,,,0.00012983640612827837,None,subset_2.tsv,"['N', 'o', 'n', 'e']",289,2
644,,CASSTNLAGRPNTGELFF,,,,,,0.00012983640612827837,None,subset_2.tsv,"['N', 'o', 'n', 'e']",294,2
2949,,CASSVTWSGRPNTGELFF,,,,,,0.00012983640612827837,None,subset_2.tsv,"['N', 'o', 'n', 'e']",294,2
3246,,CASSVLGRGGANTGELFF,,,,,,0.00012983640612827837,None,subset_2.tsv,"['N', 'o', 'n', 'e']",295,2
4656,,CASSFLVGRGQNTGELFF,,,,,,0.00012983640612827837,None,subset_2.tsv,"['N', 'o', 'n', 'e']",295,2
650,,CASSTLGDSPLHF,,,,,,0.00012983640612827837,None,subset_2.tsv,"['N', 'o', 'n', 'e']",297,3
3300,,CASSVGGVSPLHF,,,,,,0.00012983640612827837,None,subset_2.tsv,"['N', 'o', 'n', 'e']",297,3
4955,,CASKWGGDSPLHF,,,,,,0.00012983640612827837,None,subset_2.tsv,"['N', 'o', 'n', 'e']",297,3
3311,,CASSVGGNGSPNYGYTF,,,,,,0.00012983640612827837,None,subset_2.tsv,"['N', 'o', 'n', 'e']",298,2
6988,,CASSIGGARTIIYGYTF,,,,,,0.00012983640612827837,None,subset_2.tsv,"['N', 'o', 'n', 'e']",298,2
3796,,CASSYSNALAGSSYEQYF,,,,,,0.00012983640612827837,None,subset_2.tsv,"['N', 'o', 'n', 'e']",299,2
7412,,CASSLGFRVPTSSYEQYF,,,,,,0.00012983640612827837,None,subset_2.tsv,"['N', 'o', 'n', 'e']",299,2
3829,,CASSYSSGTSGLSYEQYF,,,,,,0.00012983640612827837,None,subset_2.tsv,"['N', 'o', 'n', 'e']",300,2
5161,,CASEPGSRAILLSYEQYF,,,,,,0.00012983640612827837,None,subset_2.tsv,"['N', 'o', 'n', 'e']",300,2
5891,,CASSLVEGGLAGSYNEQFF,,,,,,0.00012983640612827837,None,subset_2.tsv,"['N', 'o', 'n', 'e']",307,2
6694,,CASSLAPGASGRSYNEQFF,,,,,,0.00012983640612827837,None,subset_2.tsv,"['N', 'o', 'n', 'e']",307,2
6074,,CASSLNAGTSGIVDNEQFF,,,,,,0.00012983640612827837,None,subset_2.tsv,"['N', 'o', 'n', 'e']",310,2
6767,,CASSLALGTGRYSSYEQYF,,,,,,0.00012983640612827837,None,subset_2.tsv,"['N', 'o', 'n', 'e']",310,2
5736,,CASSLSTGGPIGNQPQHF,,,,,,0.00012983640612827837,None,subset_2.tsv,"['N', 'o', 'n', 'e']",316,2
6768,,CASSLALGGGTHNVLTF,,,,,,0.00012983640612827837,None,subset_2.tsv,"['N', 'o', 'n', 'e']",316,2
712,,CASSTGLAGGLSWETQYF,,,,,,0.00012983640612827837,None,subset_2.tsv,"['N', 'o', 'n', 'e']",326,3
4957,,CASIRGTSGASGQETQYF,,,,,,0.00012983640612827837,None,subset_2.tsv,"['N', 'o', 'n', 'e']",326,3
7115,,CASSKGTSGSSLGNEQFF,,,,,,0.00012983640612827837,None,subset_2.tsv,"['N', 'o', 'n', 'e']",326,3
2881,,CASSWGSNSPLHF,,,,,,0.00012983640612827837,None,subset_2.tsv,"['N', 'o', 'n', 'e']",329,2
3076,,CASSYASNSPLHF,,,,,,0.00012983640612827837,None,subset_2.tsv,"['N', 'o', 'n', 'e']",329,2
664,,CASSTRSDSPLHF,,,,,,0.00012983640612827837,None,subset_2.tsv,"['N', 'o', 'n', 'e']",330,2
6959,,CASSIRSDEKLFF,,,,,,0.00012983640612827837,None,subset_2.tsv,"['N', 'o', 'n', 'e']",330,2
1089,,CASSPRTDAERAKNIQYF,,,,,,0.00012983640612827837,None,subset_2.tsv,"['N', 'o', 'n', 'e']",331,2
1140,,CASSPYTDRDTATNEKLFF,,,,,,0.00012983640612827837,None,subset_2.tsv,"['N', 'o', 'n', 'e']",331,2
4945,,CASNDGTWGGSSYNEQFF,,,,,,0.00012983640612827837,None,subset_2.tsv,"['N', 'o', 'n', 'e']",333,2
6380,,CASSPGLAGGRDYNEQFF,,,,,,0.00012983640612827837,None,subset_2.tsv,"['N', 'o', 'n', 'e']",333,2
1220,,CASSPLSASSGGPYEQYF,,,,,,0.00012983640612827837,None,subset_2.tsv,"['N', 'o', 'n', 'e']",335,2
6323,,CASSPGTDRAYLTYEQYF,,,,,,0.00012983640612827837,None,subset_2.tsv,"['N', 'o', 'n', 'e']",335,2
3024,,CASSYGPAGVLAYNEQFF,,,,,,0.00012983640612827837,None,subset_2.tsv,"['N', 'o', 'n', 'e']",336,2
6430,,CASSPGLYRVSSYNEQFF,,,,,,0.00012983640612827837,None,subset_2.tsv,"['N', 'o', 'n', 'e']",336,2
2897,,CASSWGLGGSRLAYNEQFF,,,,,,0.00012983640612827837,None,subset_2.tsv,"['N', 'o', 'n', 'e']",337,2
4343,,CASSHGLAGGPIYYNEQFF,,,,,,0.00012983640612827837,None,subset_2.tsv,"['N', 'o', 'n', 'e']",337,2
3677,,CASSYLRTGSVRYNEQFF,,,,,,0.00012983640612827837,None,subset_2.tsv,"['N', 'o', 'n', 'e']",339,2
7305,,CASSLLGRGTSGTEEQYF,,,,,,0.00012983640612827837,None,subset_2.tsv,"['N', 'o', 'n', 'e']",339,2
2152,,CSAPTWQGGYMNTEAFF,,,,,,0.00012983640612827837,None,subset_2.tsv,"['N', 'o', 'n', 'e']",348,2
2455,,CSVAWRQGHPMGTEAFF,,,,,,0.00012983640612827837,None,subset_2.tsv,"['N', 'o', 'n', 'e']",348,2
5292,,CASRTREGHLTDTQYF,,,,,,0.00012983640612827837,None,subset_2.tsv,"['N', 'o', 'n', 'e']",351,2
5504,,CASRAMEGVKADTQYF,,,,,,0.00012983640612827837,None,subset_2.tsv,"['N', 'o', 'n', 'e']",351,2
2083,,CSARDLRQEFTDTQYF,,,,,,0.00012983640612827837,None,subset_2.tsv,"['N', 'o', 'n', 'e']",353,2
2793,,CSASPRGAWYTDTQYF,,,,,,0.00012983640612827837,None,subset_2.tsv,"['N', 'o', 'n', 'e']",353,2
141,,CASSRGEVPGTDTQYF,,,,,,0.00012983640612827837,None,subset_2.tsv,"['N', 'o', 'n', 'e']",356,2
737,,CASSTGLLPGTDTQYF,,,,,,0.00012983640612827837,None,subset_2.tsv,"['N', 'o', 'n', 'e']",356,2
2650,,CSARGGAPALQETQYF,,,,,,0.00012983640612827837,None,subset_2.tsv,"['N', 'o', 'n', 'e']",357,2
2697,,CSARGLLLALTDTQYF,,,,,,0.00012983640612827837,None,subset_2.tsv,"['N', 'o', 'n', 'e']",357,2
2704,,CSARDRVLNSNQPQHF,,,,,,0.00012983640612827837,None,subset_2.tsv,"['N', 'o', 'n', 'e']",359,3
2712,,CSARDRGRNSNQPQHF,,,,,,0.00012983640612827837,None,subset_2.tsv,"['N', 'o', 'n', 'e']",359,3
2756,,CSARDTFLVSNQPQHF,,,,,,0.00012983640612827837,None,subset_2.tsv,"['N', 'o', 'n', 'e']",359,3
2754,,CSARDTGSQGRETQYF,,,,,,0.00012983640612827837,None,subset_2.tsv,"['N', 'o', 'n', 'e']",360,2
2820,,CSARVFGGDSQETQYF,,,,,,0.00012983640612827837,None,subset_2.tsv,"['N', 'o', 'n', 'e']",360,2
2680,,CSARGWDSAFLETQYF,,,,,,0.00012983640612827837,None,subset_2.tsv,"['N', 'o', 'n', 'e']",362,2
2695,,CSARGMEREALETQYF,,,,,,0.00012983640612827837,None,subset_2.tsv,"['N', 'o', 'n', 'e']",362,2
2705,,CSARDRVGLAEETQYF,,,,,,0.00012983640612827837,None,subset_2.tsv,"['N', 'o', 'n', 'e']",363,2
2714,,CSARDREREVWETQYF,,,,,,0.00012983640612827837,None,subset_2.tsv,"['N', 'o', 'n', 'e']",363,2
2059,,CSARDEWGQGNTEAFF,,,,,,0.00012983640612827837,None,subset_2.tsv,"['N', 'o', 'n', 'e']",364,2
2668,,CSAREIRGEGIHEQFF,,,,,,0.00012983640612827837,None,subset_2.tsv,"['N', 'o', 'n', 'e']",364,2
2132,,CSALPPAGEASYEQYF,,,,,,0.00012983640612827837,None,subset_2.tsv,"['N', 'o', 'n', 'e']",366,2
2743,,CSARDYNSPDPYEQYF,,,,,,0.00012983640612827837,None,subset_2.tsv,"['N', 'o', 'n', 'e']",366,2
2441,,CSVEDFGGPANTGELFF,,,,,,0.00012983640612827837,None,subset_2.tsv,"['N', 'o', 'n', 'e']",368,2
2795,,CSASPQTSEVPTGELFF,,,,,,0.00012983640612827837,None,subset_2.tsv,"['N', 'o', 'n', 'e']",368,2
2727,,CSARDPLTQGNYGYTF,,,,,,0.00012983640612827837,None,subset_2.tsv,"['N', 'o', 'n', 'e']",369,2
2761,,CSARVWARQNNYGYTF,,,,,,0.00012983640612827837,None,subset_2.tsv,"['N', 'o', 'n', 'e']",369,2
2442,,CSVEDEIRQGATGELFF,,,,,,0.00012983640612827837,None,subset_2.tsv,"['N', 'o', 'n', 'e']",370,2
5042,,CAISDPSRQGLTGELFF,,,,,,0.00012983640612827837,None,subset_2.tsv,"['N', 'o', 'n', 'e']",370,2
2443,,CSVEDASGGTTDTQYF,,,,,,0.00012983640612827837,None,subset_2.tsv,"['N', 'o', 'n', 'e']",371,3
2606,,CSVEDWTSGNTDTQYF,,,,,,0.00012983640612827837,None,subset_2.tsv,"['N', 'o', 'n', 'e']",371,3
2628,,CSVEYGLAGSTDTQYF,,,,,,0.00012983640612827837,None,subset_2.tsv,"['N', 'o', 'n', 'e']",371,3
2683,,CSARGTSGRSFYEQYF,,,,,,0.00012983640612827837,None,subset_2.tsv,"['N', 'o', 'n', 'e']",373,2
2790,,CSARLRSGGLPYEQYF,,,,,,0.00012983640612827837,None,subset_2.tsv,"['N', 'o', 'n', 'e']",373,2
2674,,CSARKGLAGASYNEQFF,,,,,,0.00012983640612827837,None,subset_2.tsv,"['N', 'o', 'n', 'e']",375,2
2763,,CSASASVAGSIYNEQFF,,,,,,0.00012983640612827837,None,subset_2.tsv,"['N', 'o', 'n', 'e']",375,2
2137,,CSARARLAGEFSEQYF,,,,,,0.00012983640612827837,None,subset_2.tsv,"['N', 'o', 'n', 'e']",377,2
2711,,CSARDRLAGEYSEQYF,,,,,,0.00012983640612827837,None,subset_2.tsv,"['N', 'o', 'n', 'e']",377,2
2484,,CSASRVWDRETYEQYF,,,,,,0.00012983640612827837,None,subset_2.tsv,"['N', 'o', 'n', 'e']",378,2
2774,,CSARVTSQGFFYEQYF,,,,,,0.00012983640612827837,None,subset_2.tsv,"['N', 'o', 'n', 'e']",378,2
2078,,CSARDLWAGGQETQYF,,,,,,0.00012983640612827837,None,subset_2.tsv,"['N', 'o', 'n', 'e']",379,2
2517,,CSATPLVSGTVYEQFF,,,,,,0.00012983640612827837,None,subset_2.tsv,"['N', 'o', 'n', 'e']",379,2
2064,,CSARDDYLGNWNEQFF,,,,,,0.00012983640612827837,None,subset_2.tsv,"['N', 'o', 'n', 'e']",380,2
2745,,CSARDYKLLLQETQYF,,,,,,0.00012983640612827837,None,subset_2.tsv,"['N', 'o', 'n', 'e']",380,2
2521,,CSVEDPGRGGLYEQYF,,,,,,0.00012983640612827837,None,subset_2.tsv,"['N', 'o', 'n', 'e']",382,2
2633,,CSVEVHGTGGINEQFF,,,,,,0.00012983640612827837,None,subset_2.tsv,"['N', 'o', 'n', 'e']",382,2
1950,,CSADWSTGGANYGYTF,,,,,,0.00012983640612827837,None,subset_2.tsv,"['N', 'o', 'n', 'e']",385,2
2049,,CSARDGLGGRNYGYTF,,,,,,0.00012983640612827837,None,subset_2.tsv,"['N', 'o', 'n', 'e']",385,2
2726,,CSARDPLTSGHYNEQFF,,,,,,0.00012983640612827837,None,subset_2.tsv,"['N', 'o', 'n', 'e']",393,2
4186,,CASSDPTSGGPYNEQFF,,,,,,0.00012983640612827837,None,subset_2.tsv,"['N', 'o', 'n', 'e']",393,2
2642,,CSARGDRGGSSYNEQFF,,,,,,0.00012983640612827837,None,subset_2.tsv,"['N', 'o', 'n', 'e']",394,2
4848,,CASGLDTGTSAYNEQFF,,,,,,0.00012983640612827837,None,subset_2.tsv,"['N', 'o', 'n', 'e']",394,2
1096,,CASSPYAGVSSYEQYF,,,,,,0.00012983640612827837,None,subset_2.tsv,"['N', 'o', 'n', 'e']",396,4
1288,,CASSPHPGTGGYEQYF,,,,,,0.00012983640612827837,None,subset_2.tsv,"['N', 'o', 'n', 'e']",396,4
6284,,CASSPDLGTGGYEQYF,,,,,,0.00012983640612827837,None,subset_2.tsv,"['N', 'o', 'n', 'e']",396,4
7031,,CASSKYSGFGSYEQYF,,,,,,0.00012983640612827837,None,subset_2.tsv,"['N', 'o', 'n', 'e']",396,4
1117,,CASSPWMGASEDTEAFF,,,,,,0.00012983640612827837,None,subset_2.tsv,"['N', 'o', 'n', 'e']",397,2
4687,,CASSFYRGRGLHNEQFF,,,,,,0.00012983640612827837,None,subset_2.tsv,"['N', 'o', 'n', 'e']",397,2
1251,,CASSPPAGSGQETQYF,,,,,,0.00012983640612827837,None,subset_2.tsv,"['N', 'o', 'n', 'e']",400,2
2239,,CATSDSAGSSQETQYF,,,,,,0.00012983640612827837,None,subset_2.tsv,"['N', 'o', 'n', 'e']",400,2
2355,,CATSRDLGGGTDTQYF,,,,,,0.00012983640612827837,None,subset_2.tsv,"['N', 'o', 'n', 'e']",401,2
2369,,CATSRAAGGSTDTQYF,,,,,,0.00012983640612827837,None,subset_2.tsv,"['N', 'o', 'n', 'e']",401,2
2265,,CATSDPSGTGVETQYF,,,,,,0.00012983640612827837,None,subset_2.tsv,"['N', 'o', 'n', 'e']",402,2
2798,,CSASNIAGRGVDTQYF,,,,,,0.00012983640612827837,None,subset_2.tsv,"['N', 'o', 'n', 'e']",402,2
3665,,CASSYPFGVGPDTQYF,,,,,,0.00012983640612827837,None,subset_2.tsv,"['N', 'o', 'n', 'e']",403,2
5964,,CASSLPLGGGTDTQYF,,,,,,0.00012983640612827837,None,subset_2.tsv,"['N', 'o', 'n', 'e']",403,2
3147,,CASSVEASGTTDTQYF,,,,,,0.00012983640612827837,None,subset_2.tsv,"['N', 'o', 'n', 'e']",404,3
6795,,CASSLEAGVGPDTQYF,,,,,,0.00012983640612827837,None,subset_2.tsv,"['N', 'o', 'n', 'e']",404,3
6816,,CASSLEASGSADTQYF,,,,,,0.00012983640612827837,None,subset_2.tsv,"['N', 'o', 'n', 'e']",404,3
162,,CASSSDGGGGTDTQYF,,,,,,0.00012983640612827837,None,subset_2.tsv,"['N', 'o', 'n', 'e']",405,2
184,,CASSSDRGIGTDTQYF,,,,,,0.00012983640612827837,None,subset_2.tsv,"['N', 'o', 'n', 'e']",405,2
76,,CASSREPGSDTDTQYF,,,,,,0.00012983640612827837,None,subset_2.tsv,"['N', 'o', 'n', 'e']",406,4
94,,CASSRDRGSSTDTQYF,,,,,,0.00012983640612827837,None,subset_2.tsv,"['N', 'o', 'n', 'e']",406,4
99,,CASSRNRGRFTDTQYF,,,,,,0.00012983640612827837,None,subset_2.tsv,"['N', 'o', 'n', 'e']",406,4
697,,CASSTIPGTSTDTQYF,,,,,,0.00012983640612827837,None,subset_2.tsv,"['N', 'o', 'n', 'e']",406,4
930,,CASSSNRGQHAYEQYF,,,,,,0.00012983640612827837,None,subset_2.tsv,"['N', 'o', 'n', 'e']",407,3
934,,CASSSNPGLAVYEQYF,,,,,,0.00012983640612827837,None,subset_2.tsv,"['N', 'o', 'n', 'e']",407,3
4670,,CASSGDPGQVPYEQYF,,,,,,0.00012983640612827837,None,subset_2.tsv,"['N', 'o', 'n', 'e']",407,3
873,,CASSSPWGQGPHEQYF,,,,,,0.00012983640612827837,None,subset_2.tsv,"['N', 'o', 'n', 'e']",408,2
6902,,CASSLDPGAGVYEQYF,,,,,,0.00012983640612827837,None,subset_2.tsv,"['N', 'o', 'n', 'e']",408,2
923,,CASSSPANEGTDTQYF,,,,,,0.00012983640612827837,None,subset_2.tsv,"['N', 'o', 'n', 'e']",409,2
4787,,CASGSAAAFSTDTQYF,,,,,,0.00012983640612827837,None,subset_2.tsv,"['N', 'o', 'n', 'e']",409,2
6594,,CASSNPRSEGQETQYF,,,,,,0.00012983640612827837,None,subset_2.tsv,"['N', 'o', 'n', 'e']",410,2
6640,,CASSLYPLETTDTQYF,,,,,,0.00012983640612827837,None,subset_2.tsv,"['N', 'o', 'n', 'e']",410,2
238,,CASSRQGDYSNQPQHF,,,,,,0.00012983640612827837,None,subset_2.tsv,"['N', 'o', 'n', 'e']",413,2
6222,,CASSPEGAYSNQPQHF,,,,,,0.00012983640612827837,None,subset_2.tsv,"['N', 'o', 'n', 'e']",413,2
269,,CASSRDRDKLVQPQHF,,,,,,0.00012983640612827837,None,subset_2.tsv,"['N', 'o', 'n', 'e']",414,2
630,,CASSTPLPDSNQPQHF,,,,,,0.00012983640612827837,None,subset_2.tsv,"['N', 'o', 'n', 'e']",414,2
2361,,CATSRDDGQGYQPQHF,,,,,,0.00012983640612827837,None,subset_2.tsv,"['N', 'o', 'n', 'e']",415,2
6596,,CASSNPPGWGTGELFF,,,,,,0.00012983640612827837,None,subset_2.tsv,"['N', 'o', 'n', 'e']",415,2
2971,,CASSWDSLYSNQPQHF,,,,,,0.00012983640612827837,None,subset_2.tsv,"['N', 'o', 'n', 'e']",416,2
5654,,CASRPDLGYSNQPQHF,,,,,,0.00012983640612827837,None,subset_2.tsv,"['N', 'o', 'n', 'e']",416,2
4127,,CASSAYQGYSNQPQHF,,,,,,0.00012983640612827837,None,subset_2.tsv,"['N', 'o', 'n', 'e']",417,3
4161,,CASSAYALYSNQPQHF,,,,,,0.00012983640612827837,None,subset_2.tsv,"['N', 'o', 'n', 'e']",417,3
5144,,CASDRQDFYSNQPQHF,,,,,,0.00012983640612827837,None,subset_2.tsv,"['N', 'o', 'n', 'e']",417,3
155,,CASSRPVTSGRHEQYF,,,,,,0.00012983640612827837,None,subset_2.tsv,"['N', 'o', 'n', 'e']",418,3
4616,,CASSFPPQLGAYEQYF,,,,,,0.00012983640612827837,None,subset_2.tsv,"['N', 'o', 'n', 'e']",418,3
7332,,CASSLHVHRGEDEQYF,,,,,,0.00012983640612827837,None,subset_2.tsv,"['N', 'o', 'n', 'e']",418,3
4529,,CASSHPQAGVTREQYF,,,,,,0.00012983640612827837,None,subset_2.tsv,"['N', 'o', 'n', 'e']",419,2
4633,,CASSFPPAGNSYEQYF,,,,,,0.00012983640612827837,None,subset_2.tsv,"['N', 'o', 'n', 'e']",419,2
3124,,CASSVDVAGGVYEQYF,,,,,,0.00012983640612827837,None,subset_2.tsv,"['N', 'o', 'n', 'e']",420,4
4349,,CASSHFAARGNYEQYF,,,,,,0.00012983640612827837,None,subset_2.tsv,"['N', 'o', 'n', 'e']",420,4
6598,,CASSNPLAGGTYEQYF,,,,,,0.00012983640612827837,None,subset_2.tsv,"['N', 'o', 'n', 'e']",420,4
7134,,CASSIWLAGTIYEQYF,,,,,,0.00012983640612827837,None,subset_2.tsv,"['N', 'o', 'n', 'e']",420,4
1803,,CASSQDAGLATYEQYF,,,,,,0.00012983640612827837,None,subset_2.tsv,"['N', 'o', 'n', 'e']",421,3
1846,,CASSQEAGGSYYEQYF,,,,,,0.00012983640612827837,None,subset_2.tsv,"['N', 'o', 'n', 'e']",421,3
1852,,CASSQEAAGGFYEQYF,,,,,,0.00012983640612827837,None,subset_2.tsv,"['N', 'o', 'n', 'e']",421,3
1894,,CASSQDQGLGNTEAFF,,,,,,0.00012983640612827837,None,subset_2.tsv,"['N', 'o', 'n', 'e']",422,2
1921,,CASSQDQSGRLHEQYF,,,,,,0.00012983640612827837,None,subset_2.tsv,"['N', 'o', 'n', 'e']",422,2
1801,,CASSQDALAGEFEQYF,,,,,,0.00012983640612827837,None,subset_2.tsv,"['N', 'o', 'n', 'e']",423,2
1802,,CASSQDAGVGQPQHF,,,,,,0.00012983640612827837,None,subset_2.tsv,"['N', 'o', 'n', 'e']",423,2
1457,,CASSQEWDRGRSEQFF,,,,,,0.00012983640612827837,None,subset_2.tsv,"['N', 'o', 'n', 'e']",424,2
6840,,CASSLEFWARGNEQYF,,,,,,0.00012983640612827837,None,subset_2.tsv,"['N', 'o', 'n', 'e']",424,2
1549,,CASSQEPTSGLETQYF,,,,,,0.00012983640612827837,None,subset_2.tsv,"['N', 'o', 'n', 'e']",425,2
7479,,CASSLEVTGGRETQYF,,,,,,0.00012983640612827837,None,subset_2.tsv,"['N', 'o', 'n', 'e']",425,2
1481,,CASSQEEAGGGDTQYF,,,,,,0.00012983640612827837,None,subset_2.tsv,"['N', 'o', 'n', 'e']",426,2
1538,,CASSQEEESLGYEQYF,,,,,,0.00012983640612827837,None,subset_2.tsv,"['N', 'o', 'n', 'e']",426,2
1567,,CASSQEIAGGPDTQYF,,,,,,0.00012983640612827837,None,subset_2.tsv,"['N', 'o', 'n', 'e']",427,4
1744,,CASSQDLAGSTDTQYF,,,,,,0.00012983640612827837,None,subset_2.tsv,"['N', 'o', 'n', 'e']",427,4
1809,,CASSQDVAGLTDTQYF,,,,,,0.00012983640612827837,None,subset_2.tsv,"['N', 'o', 'n', 'e']",427,4
4457,,CASSIFHKGSTDTQYF,,,,,,0.00012983640612827837,None,subset_2.tsv,"['N', 'o', 'n', 'e']",427,4
1733,,CASSQDLAGGQETQYF,,,,,,0.00012983640612827837,None,subset_2.tsv,"['N', 'o', 'n', 'e']",428,3
1890,,CASSQDPDRGVETQYF,,,,,,0.00012983640612827837,None,subset_2.tsv,"['N', 'o', 'n', 'e']",428,3
6885,,CASSLDRAGGQETQYF,,,,,,0.00012983640612827837,None,subset_2.tsv,"['N', 'o', 'n', 'e']",428,3
6016,,CASSLPPQAYQETQYF,,,,,,0.00012983640612827837,None,subset_2.tsv,"['N', 'o', 'n', 'e']",429,2
6577,,CASSMNPDRIQETQYF,,,,,,0.00012983640612827837,None,subset_2.tsv,"['N', 'o', 'n', 'e']",429,2
3175,,CASSVEGGRYQETQYF,,,,,,0.00012983640612827837,None,subset_2.tsv,"['N', 'o', 'n', 'e']",430,2
6838,,CASSLEGAITQETQYF,,,,,,0.00012983640612827837,None,subset_2.tsv,"['N', 'o', 'n', 'e']",430,2
5935,,CASSLTRLASTDTQYF,,,,,,0.00012983640612827837,None,subset_2.tsv,"['N', 'o', 'n', 'e']",431,2
7400,,CASSLFPEASTDTQYF,,,,,,0.00012983640612827837,None,subset_2.tsv,"['N', 'o', 'n', 'e']",431,2
5305,,CASRSTGVFSTDTQYF,,,,,,0.00012983640612827837,None,subset_2.tsv,"['N', 'o', 'n', 'e']",432,3
5904,,CASSLTGTPSTDTQYF,,,,,,0.00012983640612827837,None,subset_2.tsv,"['N', 'o', 'n', 'e']",432,3
6184,,CASSLRGAVSTDTQYF,,,,,,0.00012983640612827837,None,subset_2.tsv,"['N', 'o', 'n', 'e']",432,3
367,,CASSQPGPPRTDTQYF,,,,,,0.00012983640612827837,None,subset_2.tsv,"['N', 'o', 'n', 'e']",433,3
372,,CASSQPGAFFTDTQYF,,,,,,0.00012983640612827837,None,subset_2.tsv,"['N', 'o', 'n', 'e']",433,3
1415,,CASSPPGAEDTDTQYF,,,,,,0.00012983640612827837,None,subset_2.tsv,"['N', 'o', 'n', 'e']",433,3
3144,,CASSVDGDTSTDTQYF,,,,,,0.00012983640612827837,None,subset_2.tsv,"['N', 'o', 'n', 'e']",434,3
4094,,CASSCPGARRTDTQYF,,,,,,0.00012983640612827837,None,subset_2.tsv,"['N', 'o', 'n', 'e']",434,3
4525,,CASSHPTRLSNYEQYF,,,,,,0.00012983640612827837,None,subset_2.tsv,"['N', 'o', 'n', 'e']",434,3
389,,CASSQWGLAGEDTQYF,,,,,,0.00012983640612827837,None,subset_2.tsv,"['N', 'o', 'n', 'e']",435,2
1689,,CASSQDGTSGTDTQYF,,,,,,0.00012983640612827837,None,subset_2.tsv,"['N', 'o', 'n', 'e']",435,2
4638,,CASSFPGTSGIDEQFF,,,,,,0.00012983640612827837,None,subset_2.tsv,"['N', 'o', 'n', 'e']",436,2
5977,,CASSLPGLAGEETQYF,,,,,,0.00012983640612827837,None,subset_2.tsv,"['N', 'o', 'n', 'e']",436,2
1190,,CASSPVGGSSTDTQYF,,,,,,0.00012983640612827837,None,subset_2.tsv,"['N', 'o', 'n', 'e']",437,2
3651,,CASSYSGGRSTDTQYF,,,,,,0.00012983640612827837,None,subset_2.tsv,"['N', 'o', 'n', 'e']",437,2
994,,CASSPSGTSGTDTQYF,,,,,,0.00012983640612827837,None,subset_2.tsv,"['N', 'o', 'n', 'e']",438,3
1125,,CASSPTGLAGAYEQYF,,,,,,0.00012983640612827837,None,subset_2.tsv,"['N', 'o', 'n', 'e']",438,3
4774,,CASSFTGLAGQETQYF,,,,,,0.00012983640612827837,None,subset_2.tsv,"['N', 'o', 'n', 'e']",438,3
173,,CASSSAGTGGQETQYF,,,,,,0.00012983640612827837,None,subset_2.tsv,"['N', 'o', 'n', 'e']",439,3
4786,,CASGSAVRGGLETQYF,,,,,,0.00012983640612827837,None,subset_2.tsv,"['N', 'o', 'n', 'e']",439,3
6048,,CASSLMPRGGQETQYF,,,,,,0.00012983640612827837,None,subset_2.tsv,"['N', 'o', 'n', 'e']",439,3
6670,,CASSLARAGGFNTQYF,,,,,,0.00012983640612827837,None,subset_2.tsv,"['N', 'o', 'n', 'e']",440,3
6757,,CASSLAGSGSKDTQYF,,,,,,0.00012983640612827837,None,subset_2.tsv,"['N', 'o', 'n', 'e']",440,3
6814,,CASSLDRTGLQETQYF,,,,,,0.00012983640612827837,None,subset_2.tsv,"['N', 'o', 'n', 'e']",440,3
6107,,CASSLRTSSNSYEQYF,,,,,,0.00012983640612827837,None,subset_2.tsv,"['N', 'o', 'n', 'e']",441,2
7333,,CASSLHRSSSSYEQYF,,,,,,0.00012983640612827837,None,subset_2.tsv,"['N', 'o', 'n', 'e']",441,2
1815,,CASSQDTGLGIYEQYF,,,,,,0.00012983640612827837,None,subset_2.tsv,"['N', 'o', 'n', 'e']",442,2
6801,,CASSLDTSGSPYEQYF,,,,,,0.00012983640612827837,None,subset_2.tsv,"['N', 'o', 'n', 'e']",442,2
540,,CASSSWTSGTQETQYF,,,,,,0.00012983640612827837,None,subset_2.tsv,"['N', 'o', 'n', 'e']",443,2
877,,CASSSPTSGGQETQYF,,,,,,0.00012983640612827837,None,subset_2.tsv,"['N', 'o', 'n', 'e']",443,2
2999,,CASSWTTSGGQETQYF,,,,,,0.00012983640612827837,None,subset_2.tsv,"['N', 'o', 'n', 'e']",444,2
4436,,CASSHVGSGGVETQYF,,,,,,0.00012983640612827837,None,subset_2.tsv,"['N', 'o', 'n', 'e']",444,2
1081,,CASSPRTMSSTDTQYF,,,,,,0.00012983640612827837,None,subset_2.tsv,"['N', 'o', 'n', 'e']",445,3
3705,,CASSYQTIGGSETQYF,,,,,,0.00012983640612827837,None,subset_2.tsv,"['N', 'o', 'n', 'e']",445,3
4019,,CASSFETSGGTDTQYF,,,,,,0.00012983640612827837,None,subset_2.tsv,"['N', 'o', 'n', 'e']",445,3
1118,,CASSPWGRGSTNEKLFF,,,,,,0.00012983640612827837,None,subset_2.tsv,"['N', 'o', 'n', 'e']",446,2
5640,,CASRPIGQGSTNEKLFF,,,,,,0.00012983640612827837,None,subset_2.tsv,"['N', 'o', 'n', 'e']",446,2
5929,,CASSLTGVGGANGYTF,,,,,,0.00012983640612827837,None,subset_2.tsv,"['N', 'o', 'n', 'e']",451,2
5946,,CASSLTPGGGSYGYTF,,,,,,0.00012983640612827837,None,subset_2.tsv,"['N', 'o', 'n', 'e']",451,2
254,,CASSRTRSSGANVLTF,,,,,,0.00012983640612827837,None,subset_2.tsv,"['N', 'o', 'n', 'e']",452,4
3281,,CASSVRHSNGANVLTF,,,,,,0.00012983640612827837,None,subset_2.tsv,"['N', 'o', 'n', 'e']",452,4
3438,,CASTGRGRSGANVLTF,,,,,,0.00012983640612827837,None,subset_2.tsv,"['N', 'o', 'n', 'e']",452,4
4154,,CASSARRAGGGNTIYF,,,,,,0.00012983640612827837,None,subset_2.tsv,"['N', 'o', 'n', 'e']",452,4
1622,,CASSQGTGSGANVLTF,,,,,,0.00012983640612827837,None,subset_2.tsv,"['N', 'o', 'n', 'e']",454,2
3997,,CASSFGTSPGANVLTF,,,,,,0.00012983640612827837,None,subset_2.tsv,"['N', 'o', 'n', 'e']",454,2
3666,,CASSYPDRAGANVLTF,,,,,,0.00012983640612827837,None,subset_2.tsv,"['N', 'o', 'n', 'e']",455,2
6997,,CASSIPGTDGANVLTF,,,,,,0.00012983640612827837,None,subset_2.tsv,"['N', 'o', 'n', 'e']",455,2
2986,,CASSVYRGLGANVLTF,,,,,,0.00012983640612827837,None,subset_2.tsv,"['N', 'o', 'n', 'e']",456,3
3697,,CASSYRGGSGANVLTF,,,,,,0.00012983640612827837,None,subset_2.tsv,"['N', 'o', 'n', 'e']",456,3
6581,,CASSMWRGDGANVLTF,,,,,,0.00012983640612827837,None,subset_2.tsv,"['N', 'o', 'n', 'e']",456,3
1340,,CASSPQWGSGANVLTF,,,,,,0.00012983640612827837,None,subset_2.tsv,"['N', 'o', 'n', 'e']",457,2
5536,,CASREIQGSGANVLTF,,,,,,0.00012983640612827837,None,subset_2.tsv,"['N', 'o', 'n', 'e']",457,2
5845,,CASSLVAGAGANVLTF,,,,,,0.00012983640612827837,None,subset_2.tsv,"['N', 'o', 'n', 'e']",458,3
6057,,CASSLNRGTGANVLTF,,,,,,0.00012983640612827837,None,subset_2.tsv,"['N', 'o', 'n', 'e']",458,3
7293,,CASSLLPLSGANVLTF,,,,,,0.00012983640612827837,None,subset_2.tsv,"['N', 'o', 'n', 'e']",458,3
85,,CASSRNPAGLTDTQYF,,,,,,0.00012983640612827837,None,subset_2.tsv,"['N', 'o', 'n', 'e']",459,4
1170,,CASSPVLAGDTDTQYF,,,,,,0.00012983640612827837,None,subset_2.tsv,"['N', 'o', 'n', 'e']",459,4
2181,,CATSDWLAGDADTQYF,,,,,,0.00012983640612827837,None,subset_2.tsv,"['N', 'o', 'n', 'e']",459,4
4263,,CASSDRLAGVTDTQYF,,,,,,0.00012983640612827837,None,subset_2.tsv,"['N', 'o', 'n', 'e']",459,4
1315,,CASSPKVAGVDETQYF,,,,,,0.00012983640612827837,None,subset_2.tsv,"['N', 'o', 'n', 'e']",460,2
4352,,CASSHEVAGVQETQYF,,,,,,0.00012983640612827837,None,subset_2.tsv,"['N', 'o', 'n', 'e']",460,2
1294,,CASSPHGRGEVDTQYF,,,,,,0.00012983640612827837,None,subset_2.tsv,"['N', 'o', 'n', 'e']",462,3
1326,,CASSPKGAGDTDTQYF,,,,,,0.00012983640612827837,None,subset_2.tsv,"['N', 'o', 'n', 'e']",462,3
4532,,CASSHPGTGITDTQYF,,,,,,0.00012983640612827837,None,subset_2.tsv,"['N', 'o', 'n', 'e']",462,3
1291,,CASSPHLDSPGETQYF,,,,,,0.00012983640612827837,None,subset_2.tsv,"['N', 'o', 'n', 'e']",463,2
1433,,CASSPPTVLWADTQYF,,,,,,0.00012983640612827837,None,subset_2.tsv,"['N', 'o', 'n', 'e']",463,2
706,,CASSTDGQGGSDTQYF,,,,,,0.00012983640612827837,None,subset_2.tsv,"['N', 'o', 'n', 'e']",465,3
5414,,CASSAPGQGRQPTQFF,,,,,,0.00012983640612827837,None,subset_2.tsv,"['N', 'o', 'n', 'e']",465,3
5971,,CASSLPGQGAADTQYF,,,,,,0.00012983640612827837,None,subset_2.tsv,"['N', 'o', 'n', 'e']",465,3
3411,,CASTPPRLVRWETQYF,,,,,,0.00012983640612827837,None,subset_2.tsv,"['N', 'o', 'n', 'e']",466,3
5652,,CASRPDREVGTDTQYF,,,,,,0.00012983640612827837,None,subset_2.tsv,"['N', 'o', 'n', 'e']",466,3
6307,,CASSPDREGRGETQYF,,,,,,0.00012983640612827837,None,subset_2.tsv,"['N', 'o', 'n', 'e']",466,3
100,,CASSRDRRGYGYTF,,,,,,0.00012983640612827837,None,subset_2.tsv,"['N', 'o', 'n', 'e']",468,3
701,,CASSTDTFGYGYTF,,,,,,0.00012983640612827837,None,subset_2.tsv,"['N', 'o', 'n', 'e']",468,3
5552,,CASNRDRGSYGYTF,,,,,,0.00012983640612827837,None,subset_2.tsv,"['N', 'o', 'n', 'e']",468,3
142,,CASSRIYLGGGYTF,,,,,,0.00012983640612827837,None,subset_2.tsv,"['N', 'o', 'n', 'e']",469,2
2969,,CASSWESQGSGYTF,,,,,,0.00012983640612827837,None,subset_2.tsv,"['N', 'o', 'n', 'e']",469,2
102,,CASSRPPEVAGNTIYF,,,,,,0.00012983640612827837,None,subset_2.tsv,"['N', 'o', 'n', 'e']",472,3
212,,CASSRPWEGSGNTIYF,,,,,,0.00012983640612827837,None,subset_2.tsv,"['N', 'o', 'n', 'e']",472,3
631,,CASSTPKDRAGNTIYF,,,,,,0.00012983640612827837,None,subset_2.tsv,"['N', 'o', 'n', 'e']",472,3
234,,CASSRQHYFSGNTIYF,,,,,,0.00012983640612827837,None,subset_2.tsv,"['N', 'o', 'n', 'e']",473,3
743,,CASSSIIQVSGNTIYF,,,,,,0.00012983640612827837,None,subset_2.tsv,"['N', 'o', 'n', 'e']",473,3
4308,,CASSGVLDLSGNTIYF,,,,,,0.00012983640612827837,None,subset_2.tsv,"['N', 'o', 'n', 'e']",473,3
3169,,CASSVEGRTVGNTIYF,,,,,,0.00012983640612827837,None,subset_2.tsv,"['N', 'o', 'n', 'e']",474,4
3171,,CASSVEGQGAGNTIYF,,,,,,0.00012983640612827837,None,subset_2.tsv,"['N', 'o', 'n', 'e']",474,4
5417,,CASSAPGDRAGNTIYF,,,,,,0.00012983640612827837,None,subset_2.tsv,"['N', 'o', 'n', 'e']",474,4
7436,,CASSLFGPGSGNTIYF,,,,,,0.00012983640612827837,None,subset_2.tsv,"['N', 'o', 'n', 'e']",474,4
3376,,CASTNTRESAKNIQYF,,,,,,0.00012983640612827837,None,subset_2.tsv,"['N', 'o', 'n', 'e']",476,2
4888,,CASGLTGINSGNTIYF,,,,,,0.00012983640612827837,None,subset_2.tsv,"['N', 'o', 'n', 'e']",476,2
4626,,CASSFKGPGAKNIQYF,,,,,,0.00012983640612827837,None,subset_2.tsv,"['N', 'o', 'n', 'e']",478,2
7044,,CASSKRGALAKNIQYF,,,,,,0.00012983640612827837,None,subset_2.tsv,"['N', 'o', 'n', 'e']",478,2
3886,,CASSEWRERTKNIQYF,,,,,,0.00012983640612827837,None,subset_2.tsv,"['N', 'o', 'n', 'e']",479,2
4458,,CASSIFGQILQETQYF,,,,,,0.00012983640612827837,None,subset_2.tsv,"['N', 'o', 'n', 'e']",479,2
4380,,CASSGRTGGEKETQYF,,,,,,0.00012983640612827837,None,subset_2.tsv,"['N', 'o', 'n', 'e']",480,2
4388,,CASSGISGGDQETQYF,,,,,,0.00012983640612827837,None,subset_2.tsv,"['N', 'o', 'n', 'e']",480,2
561,,CASSSTSGRFQNIQYF,,,,,,0.00012983640612827837,None,subset_2.tsv,"['N', 'o', 'n', 'e']",481,3
4328,,CASSGSSGTSKNIQYF,,,,,,0.00012983640612827837,None,subset_2.tsv,"['N', 'o', 'n', 'e']",481,3
5706,,CASRGTSGRIQETQYF,,,,,,0.00012983640612827837,None,subset_2.tsv,"['N', 'o', 'n', 'e']",481,3
545,,CASSSWGGFGKNIQYF,,,,,,0.00012983640612827837,None,subset_2.tsv,"['N', 'o', 'n', 'e']",482,2
880,,CASSSPTGNSGNTIYF,,,,,,0.00012983640612827837,None,subset_2.tsv,"['N', 'o', 'n', 'e']",482,2
2066,,CSARDDRGPAGNTIYF,,,,,,0.00012983640612827837,None,subset_2.tsv,"['N', 'o', 'n', 'e']",485,2
2347,,CATSRDRGFSGNTIYF,,,,,,0.00012983640612827837,None,subset_2.tsv,"['N', 'o', 'n', 'e']",485,2
1440,,CASSPPSGGALNIQYF,,,,,,0.00012983640612827837,None,subset_2.tsv,"['N', 'o', 'n', 'e']",487,2
4567,,CASSFPSGRHQETQYF,,,,,,0.00012983640612827837,None,subset_2.tsv,"['N', 'o', 'n', 'e']",487,2
91,,CASSRDRGLAKNIQYF,,,,,,0.00012983640612827837,None,subset_2.tsv,"['N', 'o', 'n', 'e']",488,3
93,,CASSRDRGRHYNEQFF,,,,,,0.00012983640612827837,None,subset_2.tsv,"['N', 'o', 'n', 'e']",488,3
5483,,CASSADWAGAKNEQFF,,,,,,0.00012983640612827837,None,subset_2.tsv,"['N', 'o', 'n', 'e']",488,3
1192,,CASSPVGGGRGETQYF,,,,,,0.00012983640612827837,None,subset_2.tsv,"['N', 'o', 'n', 'e']",489,2
1391,,CASSPQGGGDGYTF,,,,,,0.00012983640612827837,None,subset_2.tsv,"['N', 'o', 'n', 'e']",489,2
1358,,CASSPQGQGNGYTF,,,,,,0.00012983640612827837,None,subset_2.tsv,"['N', 'o', 'n', 'e']",490,2
3761,,CASTDPGLGWGYTF,,,,,,0.00012983640612827837,None,subset_2.tsv,"['N', 'o', 'n', 'e']",490,2
1008,,CASSPTGGRYGYTF,,,,,,0.00012983640612827837,None,subset_2.tsv,"['N', 'o', 'n', 'e']",491,3
1174,,CASSPTGTAYGYTF,,,,,,0.00012983640612827837,None,subset_2.tsv,"['N', 'o', 'n', 'e']",491,3
2331,,CATYPTGFRYGYTF,,,,,,0.00012983640612827837,None,subset_2.tsv,"['N', 'o', 'n', 'e']",491,3
1338,,CASSPQWTLYGYTF,,,,,,0.00012983640612827837,None,subset_2.tsv,"['N', 'o', 'n', 'e']",492,3
1348,,CASSPQGGNYGYTF,,,,,,0.00012983640612827837,None,subset_2.tsv,"['N', 'o', 'n', 'e']",492,3
6214,,CASSPEGSVYGYTF,,,,,,0.00012983640612827837,None,subset_2.tsv,"['N', 'o', 'n', 'e']",492,3
4182,,CASSATGGGYGYTF,,,,,,0.00012983640612827837,None,subset_2.tsv,"['N', 'o', 'n', 'e']",494,2
5374,,CASSALGGSYGYTF,,,,,,0.00012983640612827837,None,subset_2.tsv,"['N', 'o', 'n', 'e']",494,2
263,,CASSRTGSNRGYTF,,,,,,0.00012983640612827837,None,subset_2.tsv,"['N', 'o', 'n', 'e']",495,3
264,,CASSRTGSDYGYTF,,,,,,0.00012983640612827837,None,subset_2.tsv,"['N', 'o', 'n', 'e']",495,3
4169,,CASSATTGFYGYTF,,,,,,0.00012983640612827837,None,subset_2.tsv,"['N', 'o', 'n', 'e']",495,3
3231,,CASSVAGGSYGYTF,,,,,,0.00012983640612827837,None,subset_2.tsv,"['N', 'o', 'n', 'e']",496,3
6162,,CASSLQGGNYGYTF,,,,,,0.00012983640612827837,None,subset_2.tsv,"['N', 'o', 'n', 'e']",496,3
7315,,CASSLLGGRYGYTF,,,,,,0.00012983640612827837,None,subset_2.tsv,"['N', 'o', 'n', 'e']",496,3
528,,CASSSTGGVYGYTF,,,,,,0.00012983640612827837,None,subset_2.tsv,"['N', 'o', 'n', 'e']",497,4
562,,CASSSTGGKDGYTF,,,,,,0.00012983640612827837,None,subset_2.tsv,"['N', 'o', 'n', 'e']",497,4
864,,CASSSQGGFDGYTF,,,,,,0.00012983640612827837,None,subset_2.tsv,"['N', 'o', 'n', 'e']",497,4
6164,,CASSLQGGIDGYTF,,,,,,0.00012983640612827837,None,subset_2.tsv,"['N', 'o', 'n', 'e']",497,4
3979,,CASSFGSGEEGYTF,,,,,,0.00012983640612827837,None,subset_2.tsv,"['N', 'o', 'n', 'e']",498,2
6317,,CASSPGTGDFGYTF,,,,,,0.00012983640612827837,None,subset_2.tsv,"['N', 'o', 'n', 'e']",498,2
130,,CASSRGTGNYGYTF,,,,,,0.00012983640612827837,None,subset_2.tsv,"['N', 'o', 'n', 'e']",499,5
2287,,CATSTGTRNYGYTF,,,,,,0.00012983640612827837,None,subset_2.tsv,"['N', 'o', 'n', 'e']",499,5
3150,,CASSVGAGLYGYTF,,,,,,0.00012983640612827837,None,subset_2.tsv,"['N', 'o', 'n', 'e']",499,5
5389,,CASSAGTGVYGYTF,,,,,,0.00012983640612827837,None,subset_2.tsv,"['N', 'o', 'n', 'e']",499,5
5396,,CASSAGSGNYGYTF,,,,,,0.00012983640612827837,None,subset_2.tsv,"['N', 'o', 'n', 'e']",499,5
2087,,CSARDLGRANGYTF,,,,,,0.00012983640612827837,None,subset_2.tsv,"['N', 'o', 'n', 'e']",500,3
2334,,CATTPGGSLSGYTF,,,,,,0.00012983640612827837,None,subset_2.tsv,"['N', 'o', 'n', 'e']",500,3
5318,,CASRPTGGARGYTF,,,,,,0.00012983640612827837,None,subset_2.tsv,"['N', 'o', 'n', 'e']",500,3
4133,,CASSASGTAYGYTF,,,,,,0.00012983640612827837,None,subset_2.tsv,"['N', 'o', 'n', 'e']",501,2
5494,,CASRDRGLDYGYTF,,,,,,0.00012983640612827837,None,subset_2.tsv,"['N', 'o', 'n', 'e']",501,2
3505,,CASTRGRGADGYTF,,,,,,0.00012983640612827837,None,subset_2.tsv,"['N', 'o', 'n', 'e']",502,2
3549,,CASTRVGGDYGYTF,,,,,,0.00012983640612827837,None,subset_2.tsv,"['N', 'o', 'n', 'e']",502,2
4826,,CASGWDRPNTGELFF,,,,,,0.00012983640612827837,None,subset_2.tsv,"['N', 'o', 'n', 'e']",503,2
5246,,CARGQDAANTGELFF,,,,,,0.00012983640612827837,None,subset_2.tsv,"['N', 'o', 'n', 'e']",503,2
4959,,CASKEARFNYGYTF,,,,,,0.00012983640612827837,None,subset_2.tsv,"['N', 'o', 'n', 'e']",504,2
5118,,CAIRQAQIIYGYTF,,,,,,0.00012983640612827837,None,subset_2.tsv,"['N', 'o', 'n', 'e']",504,2
1710,,CASSQDGPYYGYTF,,,,,,0.00012983640612827837,None,subset_2.tsv,"['N', 'o', 'n', 'e']",506,2
1781,,CASSQDGEPYGYTF,,,,,,0.00012983640612827837,None,subset_2.tsv,"['N', 'o', 'n', 'e']",506,2
2929,,CASSWPGQEYGYTF,,,,,,0.00012983640612827837,None,subset_2.tsv,"['N', 'o', 'n', 'e']",507,3
5228,,CASAPDGFFYGYTF,,,,,,0.00012983640612827837,None,subset_2.tsv,"['N', 'o', 'n', 'e']",507,3
5972,,CASSLPGQDYGYTF,,,,,,0.00012983640612827837,None,subset_2.tsv,"['N', 'o', 'n', 'e']",507,3
1705,,CASSQDGRTYGYTF,,,,,,0.00012983640612827837,None,subset_2.tsv,"['N', 'o', 'n', 'e']",508,3
1714,,CASSQDGGYYGYTF,,,,,,0.00012983640612827837,None,subset_2.tsv,"['N', 'o', 'n', 'e']",508,3
3754,,CASTEQGGFHGYTF,,,,,,0.00012983640612827837,None,subset_2.tsv,"['N', 'o', 'n', 'e']",508,3
4645,,CASSFPGGFYGYTF,,,,,,0.00012983640612827837,None,subset_2.tsv,"['N', 'o', 'n', 'e']",509,3
6006,,CASSLPTANYGYTF,,,,,,0.00012983640612827837,None,subset_2.tsv,"['N', 'o', 'n', 'e']",509,3
6619,,CASSLYGRNYGYTF,,,,,,0.00012983640612827837,None,subset_2.tsv,"['N', 'o', 'n', 'e']",509,3
3852,,CASSESRQGYGYTF,,,,,,0.00012983640612827837,None,subset_2.tsv,"['N', 'o', 'n', 'e']",510,2
4443,,CASSHSSQGYGYTF,,,,,,0.00012983640612827837,None,subset_2.tsv,"['N', 'o', 'n', 'e']",510,2
2787,,CSARVGIPNYGYTF,,,,,,0.00012983640612827837,None,subset_2.tsv,"['N', 'o', 'n', 'e']",511,2
3363,,CASTPGLPNYGYTF,,,,,,0.00012983640612827837,None,subset_2.tsv,"['N', 'o', 'n', 'e']",511,2
729,,CASSTGTEIYGYTF,,,,,,0.00012983640612827837,None,subset_2.tsv,"['N', 'o', 'n', 'e']",512,2
4818,,CASHPRTPIYGYTF,,,,,,0.00012983640612827837,None,subset_2.tsv,"['N', 'o', 'n', 'e']",512,2
3015,,CASSYGRARYGYTF,,,,,,0.00012983640612827837,None,subset_2.tsv,"['N', 'o', 'n', 'e']",513,5
4232,,CASSEGGPNYGYTF,,,,,,0.00012983640612827837,None,subset_2.tsv,"['N', 'o', 'n', 'e']",513,5
4483,,CASSHGWVWYGYTF,,,,,,0.00012983640612827837,None,subset_2.tsv,"['N', 'o', 'n', 'e']",513,5
6335,,CASSPGRANYGYTF,,,,,,0.00012983640612827837,None,subset_2.tsv,"['N', 'o', 'n', 'e']",513,5
6397,,CASSPGGTNYGYTF,,,,,,0.00012983640612827837,None,subset_2.tsv,"['N', 'o', 'n', 'e']",513,5
7155,,CASSLGTANYGYTF,,,,,,0.00012983640612827837,None,subset_2.tsv,"['N', 'o', 'n', 'e']",514,2
7183,,CASSLGTVGYGYTF,,,,,,0.00012983640612827837,None,subset_2.tsv,"['N', 'o', 'n', 'e']",514,2
1756,,CASSQATSNYGYTF,,,,,,0.00012983640612827837,None,subset_2.tsv,"['N', 'o', 'n', 'e']",515,3
3864,,CASSFARNNYGYTF,,,,,,0.00012983640612827837,None,subset_2.tsv,"['N', 'o', 'n', 'e']",515,3
7040,,CASSKSSANYGYTF,,,,,,0.00012983640612827837,None,subset_2.tsv,"['N', 'o', 'n', 'e']",515,3
5759,,CASSLTGFSWKHHIF,,,,,,0.00012983640612827837,None,subset_2.tsv,"['N', 'o', 'n', 'e']",516,2
6185,,CASSLRGASAGYTF,,,,,,0.00012983640612827837,None,subset_2.tsv,"['N', 'o', 'n', 'e']",516,2
320,,CASSQSGTGYGYTF,,,,,,0.00012983640612827837,None,subset_2.tsv,"['N', 'o', 'n', 'e']",517,2
5787,,CASSLSGTGNGYTF,,,,,,0.00012983640612827837,None,subset_2.tsv,"['N', 'o', 'n', 'e']",517,2
6069,,CASSLNGQGAGYTF,,,,,,0.00012983640612827837,None,subset_2.tsv,"['N', 'o', 'n', 'e']",518,2
6825,,CASSLEGLGYGYTF,,,,,,0.00012983640612827837,None,subset_2.tsv,"['N', 'o', 'n', 'e']",518,2
5761,,CASSLTGFDYGYTF,,,,,,0.00012983640612827837,None,subset_2.tsv,"['N', 'o', 'n', 'e']",519,3
7174,,CASSLGVTDLGYTF,,,,,,0.00012983640612827837,None,subset_2.tsv,"['N', 'o', 'n', 'e']",519,3
7433,,CASSLGDKDYGYTF,,,,,,0.00012983640612827837,None,subset_2.tsv,"['N', 'o', 'n', 'e']",519,3
481,,CASSQVGTVYGYTF,,,,,,0.00012983640612827837,None,subset_2.tsv,"['N', 'o', 'n', 'e']",520,7
1135,,CASSQAGTNYGYTF,,,,,,0.00012983640612827837,None,subset_2.tsv,"['N', 'o', 'n', 'e']",520,7
2985,,CASSWAGLDYGYTF,,,,,,0.00012983640612827837,None,subset_2.tsv,"['N', 'o', 'n', 'e']",520,7
6452,,CASSLVSLNYGYTF,,,,,,0.00012983640612827837,None,subset_2.tsv,"['N', 'o', 'n', 'e']",520,7
6502,,CASSLVGTAYGYTF,,,,,,0.00012983640612827837,None,subset_2.tsv,"['N', 'o', 'n', 'e']",520,7
6510,,CASSLVGQNYGYTF,,,,,,0.00012983640612827837,None,subset_2.tsv,"['N', 'o', 'n', 'e']",520,7
7024,,CASSLAGFPDGYTF,,,,,,0.00012983640612827837,None,subset_2.tsv,"['N', 'o', 'n', 'e']",520,7
3112,,CASSYFSGANVLTF,,,,,,0.00012983640612827837,None,subset_2.tsv,"['N', 'o', 'n', 'e']",521,3
6567,,CASSMRSGANVLTF,,,,,,0.00012983640612827837,None,subset_2.tsv,"['N', 'o', 'n', 'e']",521,3
6957,,CASSIRSGESRAFF,,,,,,0.00012983640612827837,None,subset_2.tsv,"['N', 'o', 'n', 'e']",521,3
3803,,CASSYSSGGGGYTF,,,,,,0.00012983640612827837,None,subset_2.tsv,"['N', 'o', 'n', 'e']",522,2
3824,,CASSYSTGGSGYTF,,,,,,0.00012983640612827837,None,subset_2.tsv,"['N', 'o', 'n', 'e']",522,2
2189,,CATSDSSGGSGYTF,,,,,,0.00012983640612827837,None,subset_2.tsv,"['N', 'o', 'n', 'e']",523,2
4112,,CASSDNSRLASYTF,,,,,,0.00012983640612827837,None,subset_2.tsv,"['N', 'o', 'n', 'e']",523,2
4287,,CASSDWTGVGGYTF,,,,,,0.00012983640612827837,None,subset_2.tsv,"['N', 'o', 'n', 'e']",524,2
5377,,CASSAISSTGDYTF,,,,,,0.00012983640612827837,None,subset_2.tsv,"['N', 'o', 'n', 'e']",524,2
346,,CASSQIYNPYGYTF,,,,,,0.00012983640612827837,None,subset_2.tsv,"['N', 'o', 'n', 'e']",525,2
4465,,CASSIEALHYGYTF,,,,,,0.00012983640612827837,None,subset_2.tsv,"['N', 'o', 'n', 'e']",525,2
1304,,CASSPISSEYGYTF,,,,,,0.00012983640612827837,None,subset_2.tsv,"['N', 'o', 'n', 'e']",526,2
3897,,CASSEMAGPYGYTF,,,,,,0.00012983640612827837,None,subset_2.tsv,"['N', 'o', 'n', 'e']",526,2
3863,,CASSEYSTAAGYTF,,,,,,0.00012983640612827837,None,subset_2.tsv,"['N', 'o', 'n', 'e']",528,2
6293,,CASSPDSWEGGYTF,,,,,,0.00012983640612827837,None,subset_2.tsv,"['N', 'o', 'n', 'e']",528,2
101,,CASSRDSGEHGYTF,,,,,,0.00012983640612827837,None,subset_2.tsv,"['N', 'o', 'n', 'e']",529,3
2344,,CATSRDKGADGYTF,,,,,,0.00012983640612827837,None,subset_2.tsv,"['N', 'o', 'n', 'e']",529,3
5478,,CASSAELTKRGYTF,,,,,,0.00012983640612827837,None,subset_2.tsv,"['N', 'o', 'n', 'e']",529,3
356,,CASSQLNGVGGYTF,,,,,,0.00012983640612827837,None,subset_2.tsv,"['N', 'o', 'n', 'e']",530,2
7054,,CASSLAAGMGGYTF,,,,,,0.00012983640612827837,None,subset_2.tsv,"['N', 'o', 'n', 'e']",530,2
1462,,CASSQEVAVVGYTF,,,,,,0.00012983640612827837,None,subset_2.tsv,"['N', 'o', 'n', 'e']",531,3
3040,,CASSYLARRVGYTF,,,,,,0.00012983640612827837,None,subset_2.tsv,"['N', 'o', 'n', 'e']",531,3
7085,,CASSIVHRADGYTF,,,,,,0.00012983640612827837,None,subset_2.tsv,"['N', 'o', 'n', 'e']",531,3
1691,,CASSQDKGRGGETQYF,,,,,,0.00012983640612827837,None,subset_2.tsv,"['N', 'o', 'n', 'e']",532,2
1720,,CASSQDMGWGTDTQYF,,,,,,0.00012983640612827837,None,subset_2.tsv,"['N', 'o', 'n', 'e']",532,2
1536,,CASSQEEGPVGYTF,,,,,,0.00012983640612827837,None,subset_2.tsv,"['N', 'o', 'n', 'e']",533,2
1869,,CASSQDQGALGYTF,,,,,,0.00012983640612827837,None,subset_2.tsv,"['N', 'o', 'n', 'e']",533,2
457,,CASSQVAGARGETQYF,,,,,,0.00012983640612827837,None,subset_2.tsv,"['N', 'o', 'n', 'e']",534,3
1848,,CASSQEAGALGETQYF,,,,,,0.00012983640612827837,None,subset_2.tsv,"['N', 'o', 'n', 'e']",534,3
4539,,CASSHNQGVVVETQYF,,,,,,0.00012983640612827837,None,subset_2.tsv,"['N', 'o', 'n', 'e']",534,3
989,,CASSPSPANYGYTF,,,,,,0.00012983640612827837,None,subset_2.tsv,"['N', 'o', 'n', 'e']",535,3
3605,,CASSYSESIYGYTF,,,,,,0.00012983640612827837,None,subset_2.tsv,"['N', 'o', 'n', 'e']",535,3
3689,,CASSYRKVLYGYTF,,,,,,0.00012983640612827837,None,subset_2.tsv,"['N', 'o', 'n', 'e']",535,3
1379,,CASSPRDTYYGYTF,,,,,,0.00012983640612827837,None,subset_2.tsv,"['N', 'o', 'n', 'e']",536,3
3702,,CASSYRDRGYGYTF,,,,,,0.00012983640612827837,None,subset_2.tsv,"['N', 'o', 'n', 'e']",536,3
4434,,CASSHWDPNYGYTF,,,,,,0.00012983640612827837,None,subset_2.tsv,"['N', 'o', 'n', 'e']",536,3
988,,CASSPSPASDTDTQYF,,,,,,0.00012983640612827837,None,subset_2.tsv,"['N', 'o', 'n', 'e']",537,2
1319,,CASSPKILAYTDTQYF,,,,,,0.00012983640612827837,None,subset_2.tsv,"['N', 'o', 'n', 'e']",537,2
992,,CASSPSLRDPEETQYF,,,,,,0.00012983640612827837,None,subset_2.tsv,"['N', 'o', 'n', 'e']",539,2
1365,,CASSPRGLDQQETQYF,,,,,,0.00012983640612827837,None,subset_2.tsv,"['N', 'o', 'n', 'e']",539,2
3790,,CASSYSPRVQGETQYF,,,,,,0.00012983640612827837,None,subset_2.tsv,"['N', 'o', 'n', 'e']",540,2
4658,,CASSFSGGAEGDTQYF,,,,,,0.00012983640612827837,None,subset_2.tsv,"['N', 'o', 'n', 'e']",540,2
3709,,CASSYPYRQGGSTEAFF,,,,,,0.00012983640612827837,None,subset_2.tsv,"['N', 'o', 'n', 'e']",541,2
6199,,CASSPFPRQGGDTQYF,,,,,,0.00012983640612827837,None,subset_2.tsv,"['N', 'o', 'n', 'e']",541,2
1417,,CASSPPFIQDTDTQYF,,,,,,0.00012983640612827837,None,subset_2.tsv,"['N', 'o', 'n', 'e']",542,2
4651,,CASSFNFREHTDTQYF,,,,,,0.00012983640612827837,None,subset_2.tsv,"['N', 'o', 'n', 'e']",542,2
1333,,CASSPPEREITDTQYF,,,,,,0.00012983640612827837,None,subset_2.tsv,"['N', 'o', 'n', 'e']",543,2
6262,,CASSPDDRHRTGEQYF,,,,,,0.00012983640612827837,None,subset_2.tsv,"['N', 'o', 'n', 'e']",543,2
6819,,CASSLEDRESTDTQYF,,,,,,0.00012983640612827837,None,subset_2.tsv,"['N', 'o', 'n', 'e']",544,2
7326,,CASSLIDTVWSLEQYF,,,,,,0.00012983640612827837,None,subset_2.tsv,"['N', 'o', 'n', 'e']",544,2
2926,,CASSWRDRRPWETQYF,,,,,,0.00012983640612827837,None,subset_2.tsv,"['N', 'o', 'n', 'e']",546,2
4778,,CASSARERDAQETQYF,,,,,,0.00012983640612827837,None,subset_2.tsv,"['N', 'o', 'n', 'e']",546,2
3154,,CASSVFDRVRMNTEAFF,,,,,,0.00012983640612827837,None,subset_2.tsv,"['N', 'o', 'n', 'e']",548,2
4756,,CASSFWNRARRDTQYF,,,,,,0.00012983640612827837,None,subset_2.tsv,"['N', 'o', 'n', 'e']",548,2
4859,,CASGKNRGPHMNTEAFF,,,,,,0.00012983640612827837,None,subset_2.tsv,"['N', 'o', 'n', 'e']",550,2
5060,,CAISESPGPEKNTEAFF,,,,,,0.00012983640612827837,None,subset_2.tsv,"['N', 'o', 'n', 'e']",550,2
982,,CASSPSPRVEKYTEAFF,,,,,,0.00012983640612827837,None,subset_2.tsv,"['N', 'o', 'n', 'e']",551,2
3606,,CASSYSEAERMNTEAFF,,,,,,0.00012983640612827837,None,subset_2.tsv,"['N', 'o', 'n', 'e']",551,2
1033,,CASSPSRTASGNTIYF,,,,,,0.00012983640612827837,None,subset_2.tsv,"['N', 'o', 'n', 'e']",552,2
3081,,CASSYAGVISGNTIYF,,,,,,0.00012983640612827837,None,subset_2.tsv,"['N', 'o', 'n', 'e']",552,2
3779,,CASSYSRGLRGYTEAFF,,,,,,0.00012983640612827837,None,subset_2.tsv,"['N', 'o', 'n', 'e']",553,2
6400,,CASSPGGSVSVNTEAFF,,,,,,0.00012983640612827837,None,subset_2.tsv,"['N', 'o', 'n', 'e']",553,2
3370,,CASTPAGGSLPNTEAFF,,,,,,0.00012983640612827837,None,subset_2.tsv,"['N', 'o', 'n', 'e']",554,3
5173,,CASGFSGTVYMNTEAFF,,,,,,0.00012983640612827837,None,subset_2.tsv,"['N', 'o', 'n', 'e']",554,3
7041,,CASSKSGGMIMNTEAFF,,,,,,0.00012983640612827837,None,subset_2.tsv,"['N', 'o', 'n', 'e']",554,3
398,,CASSQVSSRQPHTEAFF,,,,,,0.00012983640612827837,None,subset_2.tsv,"['N', 'o', 'n', 'e']",556,2
1761,,CASSQASSFPRYTIYF,,,,,,0.00012983640612827837,None,subset_2.tsv,"['N', 'o', 'n', 'e']",556,2
3723,,CASSYVSARDGNTIYF,,,,,,0.00012983640612827837,None,subset_2.tsv,"['N', 'o', 'n', 'e']",557,2
7032,,CASSKVSGLLGNTIYF,,,,,,0.00012983640612827837,None,subset_2.tsv,"['N', 'o', 'n', 'e']",557,2
6450,,CASSLVSSPPVFSLHF,,,,,,0.00012983640612827837,None,subset_2.tsv,"['N', 'o', 'n', 'e']",558,2
6455,,CASSLVSGPDGETQYF,,,,,,0.00012983640612827837,None,subset_2.tsv,"['N', 'o', 'n', 'e']",558,2
6448,,CASSLVREEPGNTIYF,,,,,,0.00012983640612827837,None,subset_2.tsv,"['N', 'o', 'n', 'e']",559,2
6496,,CASSLVGVKAGNTIYF,,,,,,0.00012983640612827837,None,subset_2.tsv,"['N', 'o', 'n', 'e']",559,2
1806,,CASSQDMWDVGNTIYF,,,,,,0.00012983640612827837,None,subset_2.tsv,"['N', 'o', 'n', 'e']",560,2
1834,,CASSQDRTPNGNTEAFF,,,,,,0.00012983640612827837,None,subset_2.tsv,"['N', 'o', 'n', 'e']",560,2
6862,,CASSLDRRDLGNTIYF,,,,,,0.00012983640612827837,None,subset_2.tsv,"['N', 'o', 'n', 'e']",562,2
6866,,CASSLDGLVTGNTIYF,,,,,,0.00012983640612827837,None,subset_2.tsv,"['N', 'o', 'n', 'e']",562,2
6868,,CASSLDGGGSGNTIYF,,,,,,0.00012983640612827837,None,subset_2.tsv,"['N', 'o', 'n', 'e']",563,2
7466,,CASSLERGAAGNTIYF,,,,,,0.00012983640612827837,None,subset_2.tsv,"['N', 'o', 'n', 'e']",563,2
2978,,CASSWDGGSYNSPLHF,,,,,,0.00012983640612827837,None,subset_2.tsv,"['N', 'o', 'n', 'e']",564,2
6845,,CASSLDRSSYNSPLHF,,,,,,0.00012983640612827837,None,subset_2.tsv,"['N', 'o', 'n', 'e']",564,2
5544,,CASQQSGSSYNSPLHF,,,,,,0.00012983640612827837,None,subset_2.tsv,"['N', 'o', 'n', 'e']",565,2
6276,,CASSPAGSSYNSPLHF,,,,,,0.00012983640612827837,None,subset_2.tsv,"['N', 'o', 'n', 'e']",565,2
3452,,CASTLMGSSYNSPLHF,,,,,,0.00012983640612827837,None,subset_2.tsv,"['N', 'o', 'n', 'e']",566,3
3454,,CASTLLWVSYNSPLHF,,,,,,0.00012983640612827837,None,subset_2.tsv,"['N', 'o', 'n', 'e']",566,3
6776,,CASSLAGWSYNSPLHF,,,,,,0.00012983640612827837,None,subset_2.tsv,"['N', 'o', 'n', 'e']",566,3
2732,,CSARDSYSSYNSPLHF,,,,,,0.00012983640612827837,None,subset_2.tsv,"['N', 'o', 'n', 'e']",567,2
5284,,CASRTVEVSYNSPLHF,,,,,,0.00012983640612827837,None,subset_2.tsv,"['N', 'o', 'n', 'e']",567,2
283,,CASSQRDLSYNSPLHF,,,,,,0.00012983640612827837,None,subset_2.tsv,"['N', 'o', 'n', 'e']",571,4
1109,,CASSPWYSSYNSPLHF,,,,,,0.00012983640612827837,None,subset_2.tsv,"['N', 'o', 'n', 'e']",571,4
1120,,CASSPWDSKYNSPLHF,,,,,,0.00012983640612827837,None,subset_2.tsv,"['N', 'o', 'n', 'e']",571,4
1377,,CASSPRESSYNSPLHF,,,,,,0.00012983640612827837,None,subset_2.tsv,"['N', 'o', 'n', 'e']",571,4
1038,,CASSPRQLGANQPQHF,,,,,,0.00012983640612827837,None,subset_2.tsv,"['N', 'o', 'n', 'e']",572,2
5528,,CASRERDRGLNQPQHF,,,,,,0.00012983640612827837,None,subset_2.tsv,"['N', 'o', 'n', 'e']",572,2
4244,,CASSEAPGESNSPLHF,,,,,,0.00012983640612827837,None,subset_2.tsv,"['N', 'o', 'n', 'e']",573,2
5062,,CAISESIRQLNEKLFF,,,,,,0.00012983640612827837,None,subset_2.tsv,"['N', 'o', 'n', 'e']",573,2
1537,,CASSQEEGAYNSPLHF,,,,,,0.00012983640612827837,None,subset_2.tsv,"['N', 'o', 'n', 'e']",575,3
6547,,CASSLVIRDYNSPLHF,,,,,,0.00012983640612827837,None,subset_2.tsv,"['N', 'o', 'n', 'e']",575,3
7068,,CASSLAEGDYNSPLHF,,,,,,0.00012983640612827837,None,subset_2.tsv,"['N', 'o', 'n', 'e']",575,3
282,,CASSQREAQYNSPLHF,,,,,,0.00012983640612827837,None,subset_2.tsv,"['N', 'o', 'n', 'e']",576,2
1487,,CASSQGEAVMNSPLHF,,,,,,0.00012983640612827837,None,subset_2.tsv,"['N', 'o', 'n', 'e']",576,2
3045,,CASSYKRGAPNQPQHF,,,,,,0.00012983640612827837,None,subset_2.tsv,"['N', 'o', 'n', 'e']",580,2
3086,,CASSYAAGTVNQPQHF,,,,,,0.00012983640612827837,None,subset_2.tsv,"['N', 'o', 'n', 'e']",580,2
5852,,CASSLTTGIINSPLHF,,,,,,0.00012983640612827837,None,subset_2.tsv,"['N', 'o', 'n', 'e']",582,2
6007,,CASSLPSGYINSPLHF,,,,,,0.00012983640612827837,None,subset_2.tsv,"['N', 'o', 'n', 'e']",582,2
3451,,CASTLQASISNQPQHF,,,,,,0.00012983640612827837,None,subset_2.tsv,"['N', 'o', 'n', 'e']",583,2
5870,,CASSLVAGASNQPQHF,,,,,,0.00012983640612827837,None,subset_2.tsv,"['N', 'o', 'n', 'e']",583,2
6137,,CASSLQGGFSNQPQHF,,,,,,0.00012983640612827837,None,subset_2.tsv,"['N', 'o', 'n', 'e']",585,2
6932,,CASSIQGSAGNQPQHF,,,,,,0.00012983640612827837,None,subset_2.tsv,"['N', 'o', 'n', 'e']",585,2
6509,,CASSLVGRGGNQPQHF,,,,,,0.00012983640612827837,None,subset_2.tsv,"['N', 'o', 'n', 'e']",586,2
6731,,CASSLAGRTANQPQHF,,,,,,0.00012983640612827837,None,subset_2.tsv,"['N', 'o', 'n', 'e']",586,2
5800,,CASSLSGNNLNSPLHF,,,,,,0.00012983640612827837,None,subset_2.tsv,"['N', 'o', 'n', 'e']",587,3
5829,,CASSLSMNSGNSPLHF,,,,,,0.00012983640612827837,None,subset_2.tsv,"['N', 'o', 'n', 'e']",587,3
6111,,CASSLSGDRLNSPLHF,,,,,,0.00012983640612827837,None,subset_2.tsv,"['N', 'o', 'n', 'e']",587,3
3273,,CASSVRTSSSNQPQHF,,,,,,0.00012983640612827837,None,subset_2.tsv,"['N', 'o', 'n', 'e']",588,2
5679,,CASRHKGAAGNQPQHF,,,,,,0.00012983640612827837,None,subset_2.tsv,"['N', 'o', 'n', 'e']",588,2
281,,CASSQRGGVYNSPLHF,,,,,,0.00012983640612827837,None,subset_2.tsv,"['N', 'o', 'n', 'e']",590,4
3692,,CASSYRGREDNSPLHF,,,,,,0.00012983640612827837,None,subset_2.tsv,"['N', 'o', 'n', 'e']",590,4
4013,,CASSFFGTHYNSPLHF,,,,,,0.00012983640612827837,None,subset_2.tsv,"['N', 'o', 'n', 'e']",590,4
4749,,CASSFTGGAYNSPLHF,,,,,,0.00012983640612827837,None,subset_2.tsv,"['N', 'o', 'n', 'e']",590,4
250,,CASSRTSRSPNSPLHF,,,,,,0.00012983640612827837,None,subset_2.tsv,"['N', 'o', 'n', 'e']",592,2
4115,,CASSDLRDSYNSPLHF,,,,,,0.00012983640612827837,None,subset_2.tsv,"['N', 'o', 'n', 'e']",592,2
1225,,CASSPLRDRGNSPLHF,,,,,,0.00012983640612827837,None,subset_2.tsv,"['N', 'o', 'n', 'e']",593,2
1237,,CASSPLGQAAGSPLHF,,,,,,0.00012983640612827837,None,subset_2.tsv,"['N', 'o', 'n', 'e']",593,2
313,,CASSQSPSGGQDTQYF,,,,,,0.00012983640612827837,None,subset_2.tsv,"['N', 'o', 'n', 'e']",594,5
975,,CASSQGVAGGWGTQYF,,,,,,0.00012983640612827837,None,subset_2.tsv,"['N', 'o', 'n', 'e']",594,5
1588,,CASSQGRLRGVDTQYF,,,,,,0.00012983640612827837,None,subset_2.tsv,"['N', 'o', 'n', 'e']",594,5
1668,,CASSQGPLGGTDTQYF,,,,,,0.00012983640612827837,None,subset_2.tsv,"['N', 'o', 'n', 'e']",594,5
1671,,CASSQGPAGLTDTQYF,,,,,,0.00012983640612827837,None,subset_2.tsv,"['N', 'o', 'n', 'e']",594,5
2242,,CATRWRLAGGPDTQYF,,,,,,0.00012983640612827837,None,subset_2.tsv,"['N', 'o', 'n', 'e']",595,3
6120,,CASSLSFAGGTDTQYF,,,,,,0.00012983640612827837,None,subset_2.tsv,"['N', 'o', 'n', 'e']",595,3
7525,,CASSLGLAGGQETQYF,,,,,,0.00012983640612827837,None,subset_2.tsv,"['N', 'o', 'n', 'e']",595,3
1629,,CASSQGGAVLPETQYF,,,,,,0.00012983640612827837,None,subset_2.tsv,"['N', 'o', 'n', 'e']",596,2
1679,,CASSQGLTGMAETQYF,,,,,,0.00012983640612827837,None,subset_2.tsv,"['N', 'o', 'n', 'e']",596,2
1569,,CASSQGFWTFGNTIYF,,,,,,0.00012983640612827837,None,subset_2.tsv,"['N', 'o', 'n', 'e']",597,2
5362,,CASRQGWLLMADTQYF,,,,,,0.00012983640612827837,None,subset_2.tsv,"['N', 'o', 'n', 'e']",597,2
34,,CASSLGGHLSGNTIYF,,,,,,0.00025967281225655674,None,subset_2.tsv,"['N', 'o', 'n', 'e']",598,2
7580,,CASSLGGAWAGDTQYF,,,,,,0.00012983640612827837,None,subset_2.tsv,"['N', 'o', 'n', 'e']",598,2
359,,CASSQLTSVGGETQYF,,,,,,0.00012983640612827837,None,subset_2.tsv,"['N', 'o', 'n', 'e']",600,3
1577,,CASSQGSSWGTDTQYF,,,,,,0.00012983640612827837,None,subset_2.tsv,"['N', 'o', 'n', 'e']",600,3
3014,,CASSYGTSRSTDTQYF,,,,,,0.00012983640612827837,None,subset_2.tsv,"['N', 'o', 'n', 'e']",600,3
4840,,CASGLGTVASTDTQYF,,,,,,0.00012983640612827837,None,subset_2.tsv,"['N', 'o', 'n', 'e']",601,2
5573,,CASNMGGLLSTDTQYF,,,,,,0.00012983640612827837,None,subset_2.tsv,"['N', 'o', 'n', 'e']",601,2
7190,,CASSLGTSGRTDTQYF,,,,,,0.00012983640612827837,None,subset_2.tsv,"['N', 'o', 'n', 'e']",602,2
7593,,CASSLGGRGVTDTQYF,,,,,,0.00012983640612827837,None,subset_2.tsv,"['N', 'o', 'n', 'e']",602,2
4281,,CASSEAGGGATDTQYF,,,,,,0.00012983640612827837,None,subset_2.tsv,"['N', 'o', 'n', 'e']",603,2
5051,,CAISETSGGWSDTQYF,,,,,,0.00012983640612827837,None,subset_2.tsv,"['N', 'o', 'n', 'e']",603,2
333,,CASSQLGTTPWETQYF,,,,,,0.00012983640612827837,None,subset_2.tsv,"['N', 'o', 'n', 'e']",605,2
7007,,CASSILGVNEENIQYF,,,,,,0.00012983640612827837,None,subset_2.tsv,"['N', 'o', 'n', 'e']",605,2
1688,,CASSQAPGLITDTQYF,,,,,,0.00012983640612827837,None,subset_2.tsv,"['N', 'o', 'n', 'e']",606,2
1775,,CASSQAPTGQTDTQYF,,,,,,0.00012983640612827837,None,subset_2.tsv,"['N', 'o', 'n', 'e']",606,2
482,,CASSQVGTGYTDTQYF,,,,,,0.00012983640612827837,None,subset_2.tsv,"['N', 'o', 'n', 'e']",607,2
491,,CASSQVGLAVPDTQYF,,,,,,0.00012983640612827837,None,subset_2.tsv,"['N', 'o', 'n', 'e']",607,2
1455,,CASSQEWGQHRDTQYF,,,,,,0.00012983640612827837,None,subset_2.tsv,"['N', 'o', 'n', 'e']",608,2
1845,,CASSQEAGRPTDTQYF,,,,,,0.00012983640612827837,None,subset_2.tsv,"['N', 'o', 'n', 'e']",608,2
1458,,CASSQEVVLSTDTQYF,,,,,,0.00012983640612827837,None,subset_2.tsv,"['N', 'o', 'n', 'e']",609,3
1480,,CASSQEWTGATDTQYF,,,,,,0.00012983640612827837,None,subset_2.tsv,"['N', 'o', 'n', 'e']",609,3
1560,,CASSQELRISTDTQYF,,,,,,0.00012983640612827837,None,subset_2.tsv,"['N', 'o', 'n', 'e']",609,3
4205,,CASSEAVGDVPQTQYF,,,,,,0.00012983640612827837,None,subset_2.tsv,"['N', 'o', 'n', 'e']",610,3
6264,,CASSPAYGVSTDTQYF,,,,,,0.00012983640612827837,None,subset_2.tsv,"['N', 'o', 'n', 'e']",610,3
6266,,CASSPAVGFLTDTQYF,,,,,,0.00012983640612827837,None,subset_2.tsv,"['N', 'o', 'n', 'e']",610,3
382,,CASSQLYRVGLETQYF,,,,,,0.00012983640612827837,None,subset_2.tsv,"['N', 'o', 'n', 'e']",611,4
1148,,CASSQAASASTDTQYF,,,,,,0.00012983640612827837,None,subset_2.tsv,"['N', 'o', 'n', 'e']",611,4
1751,,CASSQAVRSSTDTQYF,,,,,,0.00012983640612827837,None,subset_2.tsv,"['N', 'o', 'n', 'e']",611,4
3633,,CASSYSIRHRQETQYF,,,,,,0.00012983640612827837,None,subset_2.tsv,"['N', 'o', 'n', 'e']",611,4
6155,,CASSLQGPGDVGTEAFF,,,,,,0.00012983640612827837,None,subset_2.tsv,"['N', 'o', 'n', 'e']",612,2
6858,,CASSLDGTGTRNTEAFF,,,,,,0.00012983640612827837,None,subset_2.tsv,"['N', 'o', 'n', 'e']",612,2
6121,,CASSLSEAGARNTEAFF,,,,,,0.00012983640612827837,None,subset_2.tsv,"['N', 'o', 'n', 'e']",613,5
6442,,CASSLVVTGIMNTEAFF,,,,,,0.00012983640612827837,None,subset_2.tsv,"['N', 'o', 'n', 'e']",613,5
6459,,CASSLVRTGSMNTEAFF,,,,,,0.00012983640612827837,None,subset_2.tsv,"['N', 'o', 'n', 'e']",613,5
6521,,CASSLVHRGHANTEAFF,,,,,,0.00012983640612827837,None,subset_2.tsv,"['N', 'o', 'n', 'e']",613,5
6542,,CASSLVLIGQGYTEAFF,,,,,,0.00012983640612827837,None,subset_2.tsv,"['N', 'o', 'n', 'e']",613,5
3889,,CASSEWGQGRIDTQYF,,,,,,0.00012983640612827837,None,subset_2.tsv,"['N', 'o', 'n', 'e']",615,2
3906,,CASSEIGQGGTDTQYF,,,,,,0.00012983640612827837,None,subset_2.tsv,"['N', 'o', 'n', 'e']",615,2
3597,,CASSYSGESVTDTQYF,,,,,,0.00012983640612827837,None,subset_2.tsv,"['N', 'o', 'n', 'e']",616,3
3820,,CASSYSTPSWTDTQYF,,,,,,0.00012983640612827837,None,subset_2.tsv,"['N', 'o', 'n', 'e']",616,3
3986,,CASSFIGEVLSDTQYF,,,,,,0.00012983640612827837,None,subset_2.tsv,"['N', 'o', 'n', 'e']",616,3
2967,,CASSVVGQGITDTQYF,,,,,,0.00012983640612827837,None,subset_2.tsv,"['N', 'o', 'n', 'e']",617,2
7308,,CASSLLGQGEVDTQYF,,,,,,0.00012983640612827837,None,subset_2.tsv,"['N', 'o', 'n', 'e']",617,2
3217,,CASSVASDLRTDTQYF,,,,,,0.00012983640612827837,None,subset_2.tsv,"['N', 'o', 'n', 'e']",620,4
6507,,CASSLVRDRAPDTQYF,,,,,,0.00012983640612827837,None,subset_2.tsv,"['N', 'o', 'n', 'e']",620,4
6525,,CASSLVRAGSTDTQYF,,,,,,0.00012983640612827837,None,subset_2.tsv,"['N', 'o', 'n', 'e']",620,4
6675,,CASSLASERSTYEQYF,,,,,,0.00012983640612827837,None,subset_2.tsv,"['N', 'o', 'n', 'e']",620,4
6052,,CASSLNSVGRDSPLHF,,,,,,0.00012983640612827837,None,subset_2.tsv,"['N', 'o', 'n', 'e']",621,2
7490,,CASSLESAGYNSPLHF,,,,,,0.00012983640612827837,None,subset_2.tsv,"['N', 'o', 'n', 'e']",621,2
5796,,CASSLSGQGGWDEQYF,,,,,,0.00012983640612827837,None,subset_2.tsv,"['N', 'o', 'n', 'e']",623,2
7577,,CASSLGGEGGTDTQYF,,,,,,0.00012983640612827837,None,subset_2.tsv,"['N', 'o', 'n', 'e']",623,2
6451,,CASSLVSQGGIQPQHF,,,,,,0.00012983640612827837,None,subset_2.tsv,"['N', 'o', 'n', 'e']",624,2
7548,,CASSLGLEGTNQPQHF,,,,,,0.00012983640612827837,None,subset_2.tsv,"['N', 'o', 'n', 'e']",624,2
6511,,CASSLVGQGSGQPQHF,,,,,,0.00012983640612827837,None,subset_2.tsv,"['N', 'o', 'n', 'e']",625,3
7307,,CASSLLGQGRNQPQHF,,,,,,0.00012983640612827837,None,subset_2.tsv,"['N', 'o', 'n', 'e']",625,3
7360,,CASSLIPPGGNQPQHF,,,,,,0.00012983640612827837,None,subset_2.tsv,"['N', 'o', 'n', 'e']",625,3
2938,,CASSWGAARGNQPQHF,,,,,,0.00012983640612827837,None,subset_2.tsv,"['N', 'o', 'n', 'e']",626,2
7546,,CASSLGLGRGDQPQHF,,,,,,0.00012983640612827837,None,subset_2.tsv,"['N', 'o', 'n', 'e']",626,2
844,,CASSSGRPASNQPQHF,,,,,,0.00012983640612827837,None,subset_2.tsv,"['N', 'o', 'n', 'e']",627,2
3978,,CASSFGHPNSNQPQHF,,,,,,0.00012983640612827837,None,subset_2.tsv,"['N', 'o', 'n', 'e']",627,2
417,,CASSQWPDRGLYEQYF,,,,,,0.00012983640612827837,None,subset_2.tsv,"['N', 'o', 'n', 'e']",630,2
3735,,CASSYTRDRGVYEQYF,,,,,,0.00012983640612827837,None,subset_2.tsv,"['N', 'o', 'n', 'e']",630,2
2934,,CASSWLRDDRSWEQYF,,,,,,0.00012983640612827837,None,subset_2.tsv,"['N', 'o', 'n', 'e']",631,3
3708,,CASSYQLADSSYEQYF,,,,,,0.00012983640612827837,None,subset_2.tsv,"['N', 'o', 'n', 'e']",631,3
3983,,CASSFIPAELRYEQYF,,,,,,0.00012983640612827837,None,subset_2.tsv,"['N', 'o', 'n', 'e']",631,3
5730,,CASSLSVDSPLGEQYF,,,,,,0.00012983640612827837,None,subset_2.tsv,"['N', 'o', 'n', 'e']",632,3
6526,,CASSLVQVRVTDTQYF,,,,,,0.00012983640612827837,None,subset_2.tsv,"['N', 'o', 'n', 'e']",632,3
7070,,CASSLAEDSKSYEQYF,,,,,,0.00012983640612827837,None,subset_2.tsv,"['N', 'o', 'n', 'e']",632,3
6772,,CASSLALAARTGEQYF,,,,,,0.00012983640612827837,None,subset_2.tsv,"['N', 'o', 'n', 'e']",633,2
7358,,CASSLIPYEGISEAFF,,,,,,0.00012983640612827837,None,subset_2.tsv,"['N', 'o', 'n', 'e']",633,2
7389,,CASSLGADMGWETQYF,,,,,,0.00012983640612827837,None,subset_2.tsv,"['N', 'o', 'n', 'e']",635,2
7390,,CASSLGADLAKNIQYF,,,,,,0.00012983640612827837,None,subset_2.tsv,"['N', 'o', 'n', 'e']",635,2
780,,CASSSLGQILSYEQYF,,,,,,0.00012983640612827837,None,subset_2.tsv,"['N', 'o', 'n', 'e']",637,2
3310,,CASSVGGPQLSYEQYF,,,,,,0.00012983640612827837,None,subset_2.tsv,"['N', 'o', 'n', 'e']",637,2
1582,,CASSQGSDRTSYEQYF,,,,,,0.00012983640612827837,None,subset_2.tsv,"['N', 'o', 'n', 'e']",638,3
7168,,CASSLGSEEPSYEQYF,,,,,,0.00012983640612827837,None,subset_2.tsv,"['N', 'o', 'n', 'e']",638,3
7247,,CASSLGRDLTSYEQYF,,,,,,0.00012983640612827837,None,subset_2.tsv,"['N', 'o', 'n', 'e']",638,3
3595,,CASSYSDRGSPYEQYF,,,,,,0.00012983640612827837,None,subset_2.tsv,"['N', 'o', 'n', 'e']",639,2
3703,,CASSYRDRGSSYEQYF,,,,,,0.00012983640612827837,None,subset_2.tsv,"['N', 'o', 'n', 'e']",639,2
3794,,CASSYSPAGGFYEQYF,,,,,,0.00012983640612827837,None,subset_2.tsv,"['N', 'o', 'n', 'e']",641,2
4035,,CASSFAVAGGPYEQYF,,,,,,0.00012983640612827837,None,subset_2.tsv,"['N', 'o', 'n', 'e']",641,2
3793,,CASSYSPDSSSYEQYF,,,,,,0.00012983640612827837,None,subset_2.tsv,"['N', 'o', 'n', 'e']",642,2
6973,,CASSIGRQSLSYEQYF,,,,,,0.00012983640612827837,None,subset_2.tsv,"['N', 'o', 'n', 'e']",642,2
3427,,CASTIFWTGTYYEQYF,,,,,,0.00012983640612827837,None,subset_2.tsv,"['N', 'o', 'n', 'e']",643,2
4794,,CASGQSPSGMEYEQYF,,,,,,0.00012983640612827837,None,subset_2.tsv,"['N', 'o', 'n', 'e']",643,2
5445,,CASRYTGTSDPYEQYF,,,,,,0.00012983640612827837,None,subset_2.tsv,"['N', 'o', 'n', 'e']",645,2
7094,,CASSITGTGFPYEQYF,,,,,,0.00012983640612827837,None,subset_2.tsv,"['N', 'o', 'n', 'e']",645,2
1134,,CASSQAGTSGFYEQYF,,,,,,0.00012983640612827837,None,subset_2.tsv,"['N', 'o', 'n', 'e']",646,3
6782,,CASSLAGTSGNYEQYF,,,,,,0.00012983640612827837,None,subset_2.tsv,"['N', 'o', 'n', 'e']",646,3
7108,,CASSISGTSAYYEQYF,,,,,,0.00012983640612827837,None,subset_2.tsv,"['N', 'o', 'n', 'e']",646,3
4250,,CASSDSLAGGPGEQFF,,,,,,0.00012983640612827837,None,subset_2.tsv,"['N', 'o', 'n', 'e']",647,2
5568,,CASNPGLAGGPHEQYF,,,,,,0.00012983640612827837,None,subset_2.tsv,"['N', 'o', 'n', 'e']",647,2
1053,,CASSPRLAGSVYEQYF,,,,,,0.00012983640612827837,None,subset_2.tsv,"['N', 'o', 'n', 'e']",648,4
1280,,CASSPILAGGAYEQYF,,,,,,0.00012983640612827837,None,subset_2.tsv,"['N', 'o', 'n', 'e']",648,4
3031,,CASSYLLAGGVYEQYF,,,,,,0.00012983640612827837,None,subset_2.tsv,"['N', 'o', 'n', 'e']",648,4
4937,,CASNHLRAGGGYEQYF,,,,,,0.00012983640612827837,None,subset_2.tsv,"['N', 'o', 'n', 'e']",648,4
6464,,CASSLWATGGHYEQYF,,,,,,0.00012983640612827837,None,subset_2.tsv,"['N', 'o', 'n', 'e']",649,2
7078,,CASSLAATGGPYEQYF,,,,,,0.00012983640612827837,None,subset_2.tsv,"['N', 'o', 'n', 'e']",649,2
5895,,CASSLVATGLSYEQYF,,,,,,0.00012983640612827837,None,subset_2.tsv,"['N', 'o', 'n', 'e']",650,3
5897,,CASSLVASGSTYEQYF,,,,,,0.00012983640612827837,None,subset_2.tsv,"['N', 'o', 'n', 'e']",650,3
7272,,CASSLLAGGSSYEQYF,,,,,,0.00012983640612827837,None,subset_2.tsv,"['N', 'o', 'n', 'e']",650,3
809,,CASSSGLAGGPREQFF,,,,,,0.00012983640612827837,None,subset_2.tsv,"['N', 'o', 'n', 'e']",651,3
3325,,CASSVGLAGGPYEQYF,,,,,,0.00012983640612827837,None,subset_2.tsv,"['N', 'o', 'n', 'e']",651,3
4704,,CASSGGLAGAPYEQYF,,,,,,0.00012983640612827837,None,subset_2.tsv,"['N', 'o', 'n', 'e']",651,3
7188,,CASSLGTSGSSYEQYF,,,,,,0.00012983640612827837,None,subset_2.tsv,"['N', 'o', 'n', 'e']",652,2
7189,,CASSLGTSGSLYEQYF,,,,,,0.00012983640612827837,None,subset_2.tsv,"['N', 'o', 'n', 'e']",652,2
616,,CASSSSGTGRSYEQYF,,,,,,0.00012983640612827837,None,subset_2.tsv,"['N', 'o', 'n', 'e']",653,2
7553,,CASSLGGTGGGYEQYF,,,,,,0.00012983640612827837,None,subset_2.tsv,"['N', 'o', 'n', 'e']",653,2
6608,,CASSMGWTGVVYEQYF,,,,,,0.00012983640612827837,None,subset_2.tsv,"['N', 'o', 'n', 'e']",654,2
7541,,CASSLGLSGLGYEQYF,,,,,,0.00012983640612827837,None,subset_2.tsv,"['N', 'o', 'n', 'e']",654,2
834,,CASSSGTGGYNSPLHF,,,,,,0.00012983640612827837,None,subset_2.tsv,"['N', 'o', 'n', 'e']",655,2
835,,CASSSGTGGSNQPQHF,,,,,,0.00012983640612827837,None,subset_2.tsv,"['N', 'o', 'n', 'e']",655,2
691,,CASSTGAIRPTDTQYF,,,,,,0.00012983640612827837,None,subset_2.tsv,"['N', 'o', 'n', 'e']",658,3
5463,,CASSAGLGGVSDTQYF,,,,,,0.00012983640612827837,None,subset_2.tsv,"['N', 'o', 'n', 'e']",658,3
5465,,CASSAGLAGTTDTQYF,,,,,,0.00012983640612827837,None,subset_2.tsv,"['N', 'o', 'n', 'e']",658,3
5287,,CASRTSRAGYTDTQYF,,,,,,0.00012983640612827837,None,subset_2.tsv,"['N', 'o', 'n', 'e']",659,2
5506,,CASRAGTSGSQETQYF,,,,,,0.00012983640612827837,None,subset_2.tsv,"['N', 'o', 'n', 'e']",659,2
3198,,CASSPGWGGGQDTQYF,,,,,,0.00012983640612827837,None,subset_2.tsv,"['N', 'o', 'n', 'e']",660,3
4082,,CASSDGARGGTDTQYF,,,,,,0.00012983640612827837,None,subset_2.tsv,"['N', 'o', 'n', 'e']",660,3
5472,,CASSAGDGGSTDTQYF,,,,,,0.00012983640612827837,None,subset_2.tsv,"['N', 'o', 'n', 'e']",660,3
3797,,CASSYSMSGRADTQYF,,,,,,0.00012983640612827837,None,subset_2.tsv,"['N', 'o', 'n', 'e']",661,2
3798,,CASSYSMSGGTDTQYF,,,,,,0.00012983640612827837,None,subset_2.tsv,"['N', 'o', 'n', 'e']",661,2
56,,CASSPGTSGGADTQYF,,,,,,0.00025967281225655674,None,subset_2.tsv,"['N', 'o', 'n', 'e']",662,2
5642,,CASRPGTSGGSYEQYF,,,,,,0.00012983640612827837,None,subset_2.tsv,"['N', 'o', 'n', 'e']",662,2
3270,,CASSVSERELRNEQFF,,,,,,0.00012983640612827837,None,subset_2.tsv,"['N', 'o', 'n', 'e']",663,3
7423,,CASSLGDRWKDTEAFF,,,,,,0.00012983640612827837,None,subset_2.tsv,"['N', 'o', 'n', 'e']",663,3
7425,,CASSLGDRLPYNEQFF,,,,,,0.00012983640612827837,None,subset_2.tsv,"['N', 'o', 'n', 'e']",663,3
116,,CASSRGGREMNNEQFF,,,,,,0.00012983640612827837,None,subset_2.tsv,"['N', 'o', 'n', 'e']",664,3
722,,CASSTGWRAPYNEQFF,,,,,,0.00012983640612827837,None,subset_2.tsv,"['N', 'o', 'n', 'e']",664,3
3335,,CASSVGRTPTLSEQYF,,,,,,0.00012983640612827837,None,subset_2.tsv,"['N', 'o', 'n', 'e']",664,3
4571,,CASSFRGGIVYNEQFF,,,,,,0.00012983640612827837,None,subset_2.tsv,"['N', 'o', 'n', 'e']",666,2
4750,,CASSFTGGKASHEQFF,,,,,,0.00012983640612827837,None,subset_2.tsv,"['N', 'o', 'n', 'e']",666,2
3372,,CASTPAGGLSYNEQFF,,,,,,0.00012983640612827837,None,subset_2.tsv,"['N', 'o', 'n', 'e']",667,2
3937,,CASSERGGLASNEQFF,,,,,,0.00012983640612827837,None,subset_2.tsv,"['N', 'o', 'n', 'e']",667,2
51,,CASSLAGGPSYNEQFF,,,,,,0.00025967281225655674,None,subset_2.tsv,"['N', 'o', 'n', 'e']",668,3
6756,,CASSLAGGYASNEQFF,,,,,,0.00012983640612827837,None,subset_2.tsv,"['N', 'o', 'n', 'e']",668,3
6905,,CASSLAGGLAGPEQFF,,,,,,0.00012983640612827837,None,subset_2.tsv,"['N', 'o', 'n', 'e']",668,3
379,,CASSQMGLADRNEQFF,,,,,,0.00012983640612827837,None,subset_2.tsv,"['N', 'o', 'n', 'e']",669,2
6913,,CASSIRGLAAYNEQFF,,,,,,0.00012983640612827837,None,subset_2.tsv,"['N', 'o', 'n', 'e']",669,2
619,,CASSSSGRVPYNEQFF,,,,,,0.00012983640612827837,None,subset_2.tsv,"['N', 'o', 'n', 'e']",670,2
6172,,CASSLRGRAPLDEQFF,,,,,,0.00012983640612827837,None,subset_2.tsv,"['N', 'o', 'n', 'e']",670,2
5837,,CASSLSKGTSVNEQFF,,,,,,0.00012983640612827837,None,subset_2.tsv,"['N', 'o', 'n', 'e']",671,3
6047,,CASSLMPLTPDNEQFF,,,,,,0.00012983640612827837,None,subset_2.tsv,"['N', 'o', 'n', 'e']",671,3
6699,,CASSLLPSDLYNEQFF,,,,,,0.00012983640612827837,None,subset_2.tsv,"['N', 'o', 'n', 'e']",671,3
943,,CASSSLRSDDYNEQFF,,,,,,0.00012983640612827837,None,subset_2.tsv,"['N', 'o', 'n', 'e']",672,3
3243,,CASSVLRGNPYNEQFF,,,,,,0.00012983640612827837,None,subset_2.tsv,"['N', 'o', 'n', 'e']",672,3
4164,,CASSAWLSAWPNEQFF,,,,,,0.00012983640612827837,None,subset_2.tsv,"['N', 'o', 'n', 'e']",672,3
2207,,CATSLLSSGPYNEQFF,,,,,,0.00012983640612827837,None,subset_2.tsv,"['N', 'o', 'n', 'e']",673,2
6545,,CASSLVLAGPYNEQFF,,,,,,0.00012983640612827837,None,subset_2.tsv,"['N', 'o', 'n', 'e']",673,2
3261,,CASSVGTGTNYNEQFF,,,,,,0.00012983640612827837,None,subset_2.tsv,"['N', 'o', 'n', 'e']",674,2
7171,,CASSLGTGRNYNEQFF,,,,,,0.00012983640612827837,None,subset_2.tsv,"['N', 'o', 'n', 'e']",674,2
7502,,CASSLGLAAAYNEQFF,,,,,,0.00012983640612827837,None,subset_2.tsv,"['N', 'o', 'n', 'e']",675,2
7540,,CASSLGLSRDTQETQYF,,,,,,0.00012983640612827837,None,subset_2.tsv,"['N', 'o', 'n', 'e']",675,2
309,,CASSQSTGTPYYEQYF,,,,,,0.00012983640612827837,None,subset_2.tsv,"['N', 'o', 'n', 'e']",676,2
5734,,CASSLSTGTYLFGQYF,,,,,,0.00012983640612827837,None,subset_2.tsv,"['N', 'o', 'n', 'e']",676,2
3817,,CASSYSTSSPYNEQFF,,,,,,0.00012983640612827837,None,subset_2.tsv,"['N', 'o', 'n', 'e']",677,2
4578,,CASSFSGANPYNEQFF,,,,,,0.00012983640612827837,None,subset_2.tsv,"['N', 'o', 'n', 'e']",677,2
3012,,CASSYGSGPYQETQYF,,,,,,0.00012983640612827837,None,subset_2.tsv,"['N', 'o', 'n', 'e']",678,2
7165,,CASSLGSGRYQETQYF,,,,,,0.00012983640612827837,None,subset_2.tsv,"['N', 'o', 'n', 'e']",678,2
1589,,CASSQGRGRNSYEQYF,,,,,,0.00012983640612827837,None,subset_2.tsv,"['N', 'o', 'n', 'e']",679,3
4236,,CASSEGGGLPSYEQYF,,,,,,0.00012983640612827837,None,subset_2.tsv,"['N', 'o', 'n', 'e']",679,3
5359,,CASRQLRGLMAYEQYF,,,,,,0.00012983640612827837,None,subset_2.tsv,"['N', 'o', 'n', 'e']",679,3
4496,,CASSHLGRDRTYEQYF,,,,,,0.00012983640612827837,None,subset_2.tsv,"['N', 'o', 'n', 'e']",680,2
4497,,CASSHLGGRLPYEQYF,,,,,,0.00012983640612827837,None,subset_2.tsv,"['N', 'o', 'n', 'e']",680,2
4487,,CASSHLLSTVDYEQYF,,,,,,0.00012983640612827837,None,subset_2.tsv,"['N', 'o', 'n', 'e']",681,2
5397,,CASSALSGRAIDEQYF,,,,,,0.00012983640612827837,None,subset_2.tsv,"['N', 'o', 'n', 'e']",681,2
1013,,CASSPTGGLGPYEQYF,,,,,,0.00012983640612827837,None,subset_2.tsv,"['N', 'o', 'n', 'e']",682,2
1322,,CASSPKGGTGFYEQYF,,,,,,0.00012983640612827837,None,subset_2.tsv,"['N', 'o', 'n', 'e']",682,2
1084,,CASSPRTGLSSYEQYF,,,,,,0.00012983640612827837,None,subset_2.tsv,"['N', 'o', 'n', 'e']",683,2
3823,,CASSYSTGTVDYEQYF,,,,,,0.00012983640612827837,None,subset_2.tsv,"['N', 'o', 'n', 'e']",683,2
1222,,CASSPLRGTGDYEQYF,,,,,,0.00012983640612827837,None,subset_2.tsv,"['N', 'o', 'n', 'e']",684,2
3675,,CASSYLTGTGAYEQYF,,,,,,0.00012983640612827837,None,subset_2.tsv,"['N', 'o', 'n', 'e']",684,2
1613,,CASSTSAGQGINEQFF,,,,,,0.00012983640612827837,None,subset_2.tsv,"['N', 'o', 'n', 'e']",685,2
4969,,CASIRLAGEVYNEQFF,,,,,,0.00012983640612827837,None,subset_2.tsv,"['N', 'o', 'n', 'e']",685,2
1057,,CASSPRLAESSYEQYF,,,,,,0.00012983640612827837,None,subset_2.tsv,"['N', 'o', 'n', 'e']",686,2
3426,,CASTIGLAESSYEQYF,,,,,,0.00012983640612827837,None,subset_2.tsv,"['N', 'o', 'n', 'e']",686,2
325,,CASSQSAGPRSYEQYF,,,,,,0.00012983640612827837,None,subset_2.tsv,"['N', 'o', 'n', 'e']",688,4
3629,,CASSYSKGIAGYEQYF,,,,,,0.00012983640612827837,None,subset_2.tsv,"['N', 'o', 'n', 'e']",688,4
3828,,CASSYSSTANSYEQYF,,,,,,0.00012983640612827837,None,subset_2.tsv,"['N', 'o', 'n', 'e']",688,4
4740,,CASSFSLGDSPYEQYF,,,,,,0.00012983640612827837,None,subset_2.tsv,"['N', 'o', 'n', 'e']",688,4
859,,CASSSLRGQGIETQYF,,,,,,0.00012983640612827837,None,subset_2.tsv,"['N', 'o', 'n', 'e']",690,4
2943,,CASSVVGGEGTDTQYF,,,,,,0.00012983640612827837,None,subset_2.tsv,"['N', 'o', 'n', 'e']",690,4
5875,,CASSLVGGFGFETQYF,,,,,,0.00012983640612827837,None,subset_2.tsv,"['N', 'o', 'n', 'e']",690,4
6444,,CASSLVVGQGAYEQYF,,,,,,0.00012983640612827837,None,subset_2.tsv,"['N', 'o', 'n', 'e']",690,4
6194,,CASSLVGGLGQPQHF,,,,,,0.00012983640612827837,None,subset_2.tsv,"['N', 'o', 'n', 'e']",691,2
7316,,CASSLLGGQGQPQHF,,,,,,0.00012983640612827837,None,subset_2.tsv,"['N', 'o', 'n', 'e']",691,2
177,,CASSSAGGTPSYEQYF,,,,,,0.00012983640612827837,None,subset_2.tsv,"['N', 'o', 'n', 'e']",696,2
6753,,CASSLAGGYVAYEQYF,,,,,,0.00012983640612827837,None,subset_2.tsv,"['N', 'o', 'n', 'e']",696,2
3224,,CASSVAGTNPTDTQYF,,,,,,0.00012983640612827837,None,subset_2.tsv,"['N', 'o', 'n', 'e']",697,2
6785,,CASSLAGTGEIYEQYF,,,,,,0.00012983640612827837,None,subset_2.tsv,"['N', 'o', 'n', 'e']",697,2
431,,CASSRAGRESSYEQYF,,,,,,0.00012983640612827837,None,subset_2.tsv,"['N', 'o', 'n', 'e']",698,2
5107,,CAISDAGGPSSYEQYF,,,,,,0.00012983640612827837,None,subset_2.tsv,"['N', 'o', 'n', 'e']",698,2
694,,CASSTFGRPSTDTQYF,,,,,,0.00012983640612827837,None,subset_2.tsv,"['N', 'o', 'n', 'e']",699,2
4252,,CASSDSGGPSTDTQYF,,,,,,0.00012983640612827837,None,subset_2.tsv,"['N', 'o', 'n', 'e']",699,2
531,,CASSSTGGPHSYEQYF,,,,,,0.00012983640612827837,None,subset_2.tsv,"['N', 'o', 'n', 'e']",700,2
3184,,CASSTTTSEVLGTQYF,,,,,,0.00012983640612827837,None,subset_2.tsv,"['N', 'o', 'n', 'e']",700,2
3297,,CASSVGSSPVEEKLFF,,,,,,0.00012983640612827837,None,subset_2.tsv,"['N', 'o', 'n', 'e']",701,2
5373,,CASSALGSERHSPLHF,,,,,,0.00012983640612827837,None,subset_2.tsv,"['N', 'o', 'n', 'e']",701,2
1604,,CASSQGWGFRADTQYF,,,,,,0.00012983640612827837,None,subset_2.tsv,"['N', 'o', 'n', 'e']",702,4
7177,,CASSLGVGRGRETQYF,,,,,,0.00012983640612827837,None,subset_2.tsv,"['N', 'o', 'n', 'e']",702,4
7180,,CASSLGVGADTDTQYF,,,,,,0.00012983640612827837,None,subset_2.tsv,"['N', 'o', 'n', 'e']",702,4
7244,,CASSLGRGGLAQTQYF,,,,,,0.00012983640612827837,None,subset_2.tsv,"['N', 'o', 'n', 'e']",702,4
7385,,CASSLGAGKVTDTQYF,,,,,,0.00012983640612827837,None,subset_2.tsv,"['N', 'o', 'n', 'e']",703,3
7407,,CASSLGASRSTDTQYF,,,,,,0.00012983640612827837,None,subset_2.tsv,"['N', 'o', 'n', 'e']",703,3
7500,,CASSLGLAAPTDTQYF,,,,,,0.00012983640612827837,None,subset_2.tsv,"['N', 'o', 'n', 'e']",703,3
5833,,CASSLSLGASTDTQYF,,,,,,0.00012983640612827837,None,subset_2.tsv,"['N', 'o', 'n', 'e']",704,2
7026,,CASSLAAGAGLDTQYF,,,,,,0.00012983640612827837,None,subset_2.tsv,"['N', 'o', 'n', 'e']",704,2
7012,,CASSILAGESTDTQYF,,,,,,0.00012983640612827837,None,subset_2.tsv,"['N', 'o', 'n', 'e']",705,4
7267,,CASSLLAGVSADTQYF,,,,,,0.00012983640612827837,None,subset_2.tsv,"['N', 'o', 'n', 'e']",705,4
7269,,CASSLLAGIKEETQYF,,,,,,0.00012983640612827837,None,subset_2.tsv,"['N', 'o', 'n', 'e']",705,4
7300,,CASSLLLGKSADTQYF,,,,,,0.00012983640612827837,None,subset_2.tsv,"['N', 'o', 'n', 'e']",705,4
188,,CASSSGALPRGETQYF,,,,,,0.00012983640612827837,None,subset_2.tsv,"['N', 'o', 'n', 'e']",706,2
830,,CASSSGQGKWGETQYF,,,,,,0.00012983640612827837,None,subset_2.tsv,"['N', 'o', 'n', 'e']",706,2
3340,,CASSVGQGVGGNTIYF,,,,,,0.00012983640612827837,None,subset_2.tsv,"['N', 'o', 'n', 'e']",707,2
3455,,CASTLLEGVSGNTIYF,,,,,,0.00012983640612827837,None,subset_2.tsv,"['N', 'o', 'n', 'e']",707,2
3995,,CASSFGVGTESYEQYF,,,,,,0.00012983640612827837,None,subset_2.tsv,"['N', 'o', 'n', 'e']",709,3
7215,,CASSLGQGLINYEQYF,,,,,,0.00012983640612827837,None,subset_2.tsv,"['N', 'o', 'n', 'e']",709,3
7507,,CASSLGKGAELYEQFF,,,,,,0.00012983640612827837,None,subset_2.tsv,"['N', 'o', 'n', 'e']",709,3
6687,,CASSLAQGGFSYEQYF,,,,,,0.00012983640612827837,None,subset_2.tsv,"['N', 'o', 'n', 'e']",710,2
7076,,CASSLADGGFSYEQYF,,,,,,0.00012983640612827837,None,subset_2.tsv,"['N', 'o', 'n', 'e']",710,2
5945,,CASSLTPGLPPYEQYF,,,,,,0.00012983640612827837,None,subset_2.tsv,"['N', 'o', 'n', 'e']",711,3
6030,,CASSLMAGTWFYEQYF,,,,,,0.00012983640612827837,None,subset_2.tsv,"['N', 'o', 'n', 'e']",711,3
6483,,CASSLWFGLSAYEQYF,,,,,,0.00012983640612827837,None,subset_2.tsv,"['N', 'o', 'n', 'e']",711,3
5818,,CASSLSQGLVKETQYF,,,,,,0.00012983640612827837,None,subset_2.tsv,"['N', 'o', 'n', 'e']",712,2
6686,,CASSLAQGLAKNIQYF,,,,,,0.00012983640612827837,None,subset_2.tsv,"['N', 'o', 'n', 'e']",712,2
6072,,CASSLNEGWVQETQYF,,,,,,0.00012983640612827837,None,subset_2.tsv,"['N', 'o', 'n', 'e']",713,2
6537,,CASSLVPGPQWETQYF,,,,,,0.00012983640612827837,None,subset_2.tsv,"['N', 'o', 'n', 'e']",713,2
7409,,CASSLGDFFTQETQYF,,,,,,0.00012983640612827837,None,subset_2.tsv,"['N', 'o', 'n', 'e']",714,2
7496,,CASSLGPLMAKNIQYF,,,,,,0.00012983640612827837,None,subset_2.tsv,"['N', 'o', 'n', 'e']",714,2
5780,,CASSLSYGAYQETQYF,,,,,,0.00012983640612827837,None,subset_2.tsv,"['N', 'o', 'n', 'e']",715,3
5801,,CASSLSGLTNQETQYF,,,,,,0.00012983640612827837,None,subset_2.tsv,"['N', 'o', 'n', 'e']",715,3
6437,,CASSLVYGGNQETQYF,,,,,,0.00012983640612827837,None,subset_2.tsv,"['N', 'o', 'n', 'e']",715,3
4602,,CASSFLAGGPTDTQYF,,,,,,0.00012983640612827837,None,subset_2.tsv,"['N', 'o', 'n', 'e']",716,2
4613,,CASSFLAGGYGDTQYF,,,,,,0.00012983640612827837,None,subset_2.tsv,"['N', 'o', 'n', 'e']",716,2
3592,,CASTGLAGGIGETQYF,,,,,,0.00012983640612827837,None,subset_2.tsv,"['N', 'o', 'n', 'e']",717,3
5276,,CASRRLAGGPEDTQYF,,,,,,0.00012983640612827837,None,subset_2.tsv,"['N', 'o', 'n', 'e']",717,3
5297,,CASRTLAGGHTDTQYF,,,,,,0.00012983640612827837,None,subset_2.tsv,"['N', 'o', 'n', 'e']",717,3
1329,,CASSPKAGAFTDTQYF,,,,,,0.00012983640612827837,None,subset_2.tsv,"['N', 'o', 'n', 'e']",718,2
6202,,CASSPFAGGPADTQYF,,,,,,0.00012983640612827837,None,subset_2.tsv,"['N', 'o', 'n', 'e']",718,2
136,,CASSRLAGANTDTQYF,,,,,,0.00012983640612827837,None,subset_2.tsv,"['N', 'o', 'n', 'e']",720,2
3559,,CASTRLAGASTDTQYF,,,,,,0.00012983640612827837,None,subset_2.tsv,"['N', 'o', 'n', 'e']",720,2
638,,CASSTKAGEYADTQYF,,,,,,0.00012983640612827837,None,subset_2.tsv,"['N', 'o', 'n', 'e']",721,2
4120,,CASSDLAGDPTDTQYF,,,,,,0.00012983640612827837,None,subset_2.tsv,"['N', 'o', 'n', 'e']",721,2
463,,CASSQTSGGATDTQYF,,,,,,0.00012983640612827837,None,subset_2.tsv,"['N', 'o', 'n', 'e']",722,2
5868,,CASSLTSGGATDTQYF,,,,,,0.00012983640612827837,None,subset_2.tsv,"['N', 'o', 'n', 'e']",722,2
4775,,CASSFTGGLQTDTQYF,,,,,,0.00012983640612827837,None,subset_2.tsv,"['N', 'o', 'n', 'e']",723,3
6178,,CASSLRGGGVTDTQYF,,,,,,0.00012983640612827837,None,subset_2.tsv,"['N', 'o', 'n', 'e']",723,3
7287,,CASSLKGGLSTDTQYF,,,,,,0.00012983640612827837,None,subset_2.tsv,"['N', 'o', 'n', 'e']",723,3
3400,,CASTPTSGTYTDTQYF,,,,,,0.00012983640612827837,None,subset_2.tsv,"['N', 'o', 'n', 'e']",724,2
5337,,CASRPLTGRETDTQYF,,,,,,0.00012983640612827837,None,subset_2.tsv,"['N', 'o', 'n', 'e']",724,2
4175,,CASSATRGGSTDTQYF,,,,,,0.00012983640612827837,None,subset_2.tsv,"['N', 'o', 'n', 'e']",725,2
4295,,CASSDTSGGVTDTQYF,,,,,,0.00012983640612827837,None,subset_2.tsv,"['N', 'o', 'n', 'e']",725,2
3567,,CASVFTSGGADDTQYF,,,,,,0.00012983640612827837,None,subset_2.tsv,"['N', 'o', 'n', 'e']",726,3
3930,,CASSERTGGLGDTQYF,,,,,,0.00012983640612827837,None,subset_2.tsv,"['N', 'o', 'n', 'e']",726,3
4444,,CASSHSSGGVADTQYF,,,,,,0.00012983640612827837,None,subset_2.tsv,"['N', 'o', 'n', 'e']",726,3
180,,CASSSAAGMSTDTQYF,,,,,,0.00012983640612827837,None,subset_2.tsv,"['N', 'o', 'n', 'e']",727,5
542,,CASSSWSGLSTDTQYF,,,,,,0.00012983640612827837,None,subset_2.tsv,"['N', 'o', 'n', 'e']",727,5
582,,CASSSRSRGRSDTQYF,,,,,,0.00012983640612827837,None,subset_2.tsv,"['N', 'o', 'n', 'e']",727,5
603,,CASSSSSGGNTDTQYF,,,,,,0.00012983640612827837,None,subset_2.tsv,"['N', 'o', 'n', 'e']",727,5
791,,CASSSLAGGLTDTQYF,,,,,,0.00012983640612827837,None,subset_2.tsv,"['N', 'o', 'n', 'e']",727,5
6718,,CASSLATSGWWDTQYF,,,,,,0.00012983640612827837,None,subset_2.tsv,"['N', 'o', 'n', 'e']",728,2
7276,,CASSLKTSGRGDTQYF,,,,,,0.00012983640612827837,None,subset_2.tsv,"['N', 'o', 'n', 'e']",728,2
6456,,CASSLVSGGLADTQYF,,,,,,0.00012983640612827837,None,subset_2.tsv,"['N', 'o', 'n', 'e']",729,3
7139,,CASSIVSGGAAYEQYF,,,,,,0.00012983640612827837,None,subset_2.tsv,"['N', 'o', 'n', 'e']",729,3
7488,,CASSLESGGPVETQYF,,,,,,0.00012983640612827837,None,subset_2.tsv,"['N', 'o', 'n', 'e']",729,3
6136,,CASSLRLGRVFDTEAFF,,,,,,0.00012983640612827837,None,subset_2.tsv,"['N', 'o', 'n', 'e']",730,2
6435,,CASSLWAGREGYNEQFF,,,,,,0.00012983640612827837,None,subset_2.tsv,"['N', 'o', 'n', 'e']",730,2
4867,,CASGLIPGGPGNTIYF,,,,,,0.00012983640612827837,None,subset_2.tsv,"['N', 'o', 'n', 'e']",731,2
5701,,CASRGVLGGQGETEAFF,,,,,,0.00012983640612827837,None,subset_2.tsv,"['N', 'o', 'n', 'e']",731,2
886,,CASSSPSSEAFF,,,,,,0.00012983640612827837,None,subset_2.tsv,"['N', 'o', 'n', 'e']",732,2
958,,CASSSPHSPLHF,,,,,,0.00012983640612827837,None,subset_2.tsv,"['N', 'o', 'n', 'e']",732,2
753,,CASSSHLRDSFNSPLHF,,,,,,0.00012983640612827837,None,subset_2.tsv,"['N', 'o', 'n', 'e']",733,2
952,,CASSSPPRIYSNQPQHF,,,,,,0.00012983640612827837,None,subset_2.tsv,"['N', 'o', 'n', 'e']",733,2
953,,CASSSPPGTGGDQPQHF,,,,,,0.00012983640612827837,None,subset_2.tsv,"['N', 'o', 'n', 'e']",734,2
5963,,CASSLPLGRVILQPQHF,,,,,,0.00012983640612827837,None,subset_2.tsv,"['N', 'o', 'n', 'e']",734,2
749,,CASSSHSGRANTDTQYF,,,,,,0.00012983640612827837,None,subset_2.tsv,"['N', 'o', 'n', 'e']",736,4
918,,CASSSPSGLAGQETQYF,,,,,,0.00012983640612827837,None,subset_2.tsv,"['N', 'o', 'n', 'e']",736,4
947,,CASSSPRSRIGTDTQYF,,,,,,0.00012983640612827837,None,subset_2.tsv,"['N', 'o', 'n', 'e']",736,4
2211,,CATSGYSGSVSTDTQYF,,,,,,0.00012983640612827837,None,subset_2.tsv,"['N', 'o', 'n', 'e']",736,4
881,,CASSSPTGGTNHNEQFF,,,,,,0.00012983640612827837,None,subset_2.tsv,"['N', 'o', 'n', 'e']",737,2
882,,CASSSPTGGQDKNIQYF,,,,,,0.00012983640612827837,None,subset_2.tsv,"['N', 'o', 'n', 'e']",737,2
202,,CASSSEAGLAATDTQYF,,,,,,0.00012983640612827837,None,subset_2.tsv,"['N', 'o', 'n', 'e']",739,4
258,,CASSRTQGLAGTDTQYF,,,,,,0.00012983640612827837,None,subset_2.tsv,"['N', 'o', 'n', 'e']",739,4
5776,,CASSLTAGRWGTDTQYF,,,,,,0.00012983640612827837,None,subset_2.tsv,"['N', 'o', 'n', 'e']",739,4
6471,,CASSLWHGLHGSETQYF,,,,,,0.00012983640612827837,None,subset_2.tsv,"['N', 'o', 'n', 'e']",739,4
4965,,CASITRTGGAFPDTQYF,,,,,,0.00012983640612827837,None,subset_2.tsv,"['N', 'o', 'n', 'e']",741,2
5200,,CAITSVSGGLDTDTQYF,,,,,,0.00012983640612827837,None,subset_2.tsv,"['N', 'o', 'n', 'e']",741,2
166,,CASSSATGTGGTDTQYF,,,,,,0.00012983640612827837,None,subset_2.tsv,"['N', 'o', 'n', 'e']",743,2
513,,CASSSTLGTGGFETQYF,,,,,,0.00012983640612827837,None,subset_2.tsv,"['N', 'o', 'n', 'e']",743,2
2166,,CATSGDPSSARPDTQYF,,,,,,0.00012983640612827837,None,subset_2.tsv,"['N', 'o', 'n', 'e']",744,2
5703,,CASRGVFGAGLTDTQYF,,,,,,0.00012983640612827837,None,subset_2.tsv,"['N', 'o', 'n', 'e']",744,2
5976,,CASSLPGLAGGQETQYF,,,,,,0.00012983640612827837,None,subset_2.tsv,"['N', 'o', 'n', 'e']",745,3
6618,,CASSLYGTSGREETQYF,,,,,,0.00012983640612827837,None,subset_2.tsv,"['N', 'o', 'n', 'e']",745,3
6839,,CASSLEGAAGDLYEQYF,,,,,,0.00012983640612827837,None,subset_2.tsv,"['N', 'o', 'n', 'e']",745,3
3266,,CASSVPRDSSSTDTQYF,,,,,,0.00012983640612827837,None,subset_2.tsv,"['N', 'o', 'n', 'e']",746,2
5982,,CASSLPGAGSSTDTQYF,,,,,,0.00012983640612827837,None,subset_2.tsv,"['N', 'o', 'n', 'e']",746,2
621,,CASSSYWTSGTKNIQYF,,,,,,0.00012983640612827837,None,subset_2.tsv,"['N', 'o', 'n', 'e']",747,2
5253,,CASRSPWTSGTTDTQYF,,,,,,0.00012983640612827837,None,subset_2.tsv,"['N', 'o', 'n', 'e']",747,2
145,,CASSRHPPAGASDTQYF,,,,,,0.00012983640612827837,None,subset_2.tsv,"['N', 'o', 'n', 'e']",748,2
860,,CASSSPWVAGGTDTQYF,,,,,,0.00012983640612827837,None,subset_2.tsv,"['N', 'o', 'n', 'e']",748,2
1184,,CASSPTSGGGFRETQYF,,,,,,0.00012983640612827837,None,subset_2.tsv,"['N', 'o', 'n', 'e']",750,3
1296,,CASSPHGGGTEQETQYF,,,,,,0.00012983640612827837,None,subset_2.tsv,"['N', 'o', 'n', 'e']",750,3
3991,,CASSFHGGGGPDGEQYF,,,,,,0.00012983640612827837,None,subset_2.tsv,"['N', 'o', 'n', 'e']",750,3
1434,,CASSPPTSGRLTDTQYF,,,,,,0.00012983640612827837,None,subset_2.tsv,"['N', 'o', 'n', 'e']",751,2
4563,,CASSFPTSGGDTDTQYF,,,,,,0.00012983640612827837,None,subset_2.tsv,"['N', 'o', 'n', 'e']",751,2
3156,,CASSVESSGSAADTQYF,,,,,,0.00012983640612827837,None,subset_2.tsv,"['N', 'o', 'n', 'e']",752,2
4636,,CASSFPLGGGWADTQYF,,,,,,0.00012983640612827837,None,subset_2.tsv,"['N', 'o', 'n', 'e']",752,2
4303,,CASSFIPRGALQETQYF,,,,,,0.00012983640612827837,None,subset_2.tsv,"['N', 'o', 'n', 'e']",757,2
4752,,CASSFWVGGLIKDTEAFF,,,,,,0.00012983640612827837,None,subset_2.tsv,"['N', 'o', 'n', 'e']",757,2
1398,,CASSPPGRGVVQETQYF,,,,,,0.00012983640612827837,None,subset_2.tsv,"['N', 'o', 'n', 'e']",759,2
5227,,CASAPFGTGDITDTQYF,,,,,,0.00012983640612827837,None,subset_2.tsv,"['N', 'o', 'n', 'e']",759,2
1165,,CASSPTPTGSSTDTQYF,,,,,,0.00012983640612827837,None,subset_2.tsv,"['N', 'o', 'n', 'e']",760,4
1423,,CASSPPIRGSDQETQYF,,,,,,0.00012983640612827837,None,subset_2.tsv,"['N', 'o', 'n', 'e']",760,4
1429,,CASSPPWLGSETDTQYF,,,,,,0.00012983640612827837,None,subset_2.tsv,"['N', 'o', 'n', 'e']",760,4
6261,,CASSPDDTGLGQETQYF,,,,,,0.00012983640612827837,None,subset_2.tsv,"['N', 'o', 'n', 'e']",760,4
5285,,CASRTTSGITNSYEQYF,,,,,,0.00012983640612827837,None,subset_2.tsv,"['N', 'o', 'n', 'e']",761,2
5661,,CASRNHVGQDYSYEQYF,,,,,,0.00012983640612827837,None,subset_2.tsv,"['N', 'o', 'n', 'e']",761,2
354,,CASSQHPGQVYTDTQYF,,,,,,0.00012983640612827837,None,subset_2.tsv,"['N', 'o', 'n', 'e']",762,2
3928,,CASSERWGQGWLETQYF,,,,,,0.00012983640612827837,None,subset_2.tsv,"['N', 'o', 'n', 'e']",762,2
6674,,CASSLASGATYQETQYF,,,,,,0.00012983640612827837,None,subset_2.tsv,"['N', 'o', 'n', 'e']",764,2
6906,,CASSLAGGGLPEETQYF,,,,,,0.00012983640612827837,None,subset_2.tsv,"['N', 'o', 'n', 'e']",764,2
6614,,CASSLYKGSGSPYEQYF,,,,,,0.00012983640612827837,None,subset_2.tsv,"['N', 'o', 'n', 'e']",765,3
6829,,CASSLEGGTTPFYEQYF,,,,,,0.00012983640612827837,None,subset_2.tsv,"['N', 'o', 'n', 'e']",765,3
7438,,CASSLEKVSGMPYEQYF,,,,,,0.00012983640612827837,None,subset_2.tsv,"['N', 'o', 'n', 'e']",765,3
5004,,CASKLNGGSGPTHEQYF,,,,,,0.00012983640612827837,None,subset_2.tsv,"['N', 'o', 'n', 'e']",766,2
6773,,CASSLAITSGIYREQYF,,,,,,0.00012983640612827837,None,subset_2.tsv,"['N', 'o', 'n', 'e']",766,2
1747,,CASSQDGGRAENYEQYF,,,,,,0.00012983640612827837,None,subset_2.tsv,"['N', 'o', 'n', 'e']",767,2
1883,,CASSQDPGLAFPYEQYF,,,,,,0.00012983640612827837,None,subset_2.tsv,"['N', 'o', 'n', 'e']",767,2
1521,,CASSQEGGGGSSYNEQFF,,,,,,0.00012983640612827837,None,subset_2.tsv,"['N', 'o', 'n', 'e']",768,2
1912,,CASSQDRGGVPSYNEQFF,,,,,,0.00012983640612827837,None,subset_2.tsv,"['N', 'o', 'n', 'e']",768,2
1826,,CASSQDSGLSSYNEQFF,,,,,,0.00012983640612827837,None,subset_2.tsv,"['N', 'o', 'n', 'e']",769,2
1918,,CASSQDRASGVYNEQFF,,,,,,0.00012983640612827837,None,subset_2.tsv,"['N', 'o', 'n', 'e']",769,2
1725,,CASSQDLSSGVTYEQYF,,,,,,0.00012983640612827837,None,subset_2.tsv,"['N', 'o', 'n', 'e']",770,2
1797,,CASSQDASSRDLYEQYF,,,,,,0.00012983640612827837,None,subset_2.tsv,"['N', 'o', 'n', 'e']",770,2
6001,,CASSLPTVGGGGETQYF,,,,,,0.00012983640612827837,None,subset_2.tsv,"['N', 'o', 'n', 'e']",772,3
6035,,CASSLLTSGGGSDTQYF,,,,,,0.00012983640612827837,None,subset_2.tsv,"['N', 'o', 'n', 'e']",772,3
7352,,CASSLITSGRAGETQYF,,,,,,0.00012983640612827837,None,subset_2.tsv,"['N', 'o', 'n', 'e']",772,3
541,,CASSSWTSGGRVYEQFF,,,,,,0.00012983640612827837,None,subset_2.tsv,"['N', 'o', 'n', 'e']",773,3
6081,,CASSLRTSGTPGGEQYF,,,,,,0.00012983640612827837,None,subset_2.tsv,"['N', 'o', 'n', 'e']",773,3
7394,,CASSLFTGGLAKNIQYF,,,,,,0.00012983640612827837,None,subset_2.tsv,"['N', 'o', 'n', 'e']",773,3
6887,,CASSLDQRGSRKNIQYF,,,,,,0.00012983640612827837,None,subset_2.tsv,"['N', 'o', 'n', 'e']",777,2
7471,,CASSLFASGLAGYEQYF,,,,,,0.00012983640612827837,None,subset_2.tsv,"['N', 'o', 'n', 'e']",777,2
6672,,CASSLASGRAGSKTQYF,,,,,,0.00012983640612827837,None,subset_2.tsv,"['N', 'o', 'n', 'e']",778,2
6707,,CASSLAWRLAGGYEQYF,,,,,,0.00012983640612827837,None,subset_2.tsv,"['N', 'o', 'n', 'e']",778,2
1882,,CASSQDPGLVGRNEQFF,,,,,,0.00012983640612827837,None,subset_2.tsv,"['N', 'o', 'n', 'e']",779,3
6800,,CASSLDVGRAASYEQYF,,,,,,0.00012983640612827837,None,subset_2.tsv,"['N', 'o', 'n', 'e']",779,3
7339,,CASSLHPGLAGANEQFF,,,,,,0.00012983640612827837,None,subset_2.tsv,"['N', 'o', 'n', 'e']",779,3
4452,,CASSIAHGGADTDTQYF,,,,,,0.00012983640612827837,None,subset_2.tsv,"['N', 'o', 'n', 'e']",780,2
7102,,CASSISPGLAGTDTQYF,,,,,,0.00012983640612827837,None,subset_2.tsv,"['N', 'o', 'n', 'e']",780,2
437,,CASSQYPAGASTDTQYF,,,,,,0.00012983640612827837,None,subset_2.tsv,"['N', 'o', 'n', 'e']",781,2
469,,CASSQTPGGISTDTQYF,,,,,,0.00012983640612827837,None,subset_2.tsv,"['N', 'o', 'n', 'e']",781,2
5775,,CASSLTALGRGTDTQYF,,,,,,0.00012983640612827837,None,subset_2.tsv,"['N', 'o', 'n', 'e']",782,2
7023,,CASSIRVAGGSTDTQYF,,,,,,0.00012983640612827837,None,subset_2.tsv,"['N', 'o', 'n', 'e']",782,2
331,,CASSQLLGLAEGDTQYF,,,,,,0.00012983640612827837,None,subset_2.tsv,"['N', 'o', 'n', 'e']",783,3
384,,CASSQLVAGALGETQYF,,,,,,0.00012983640612827837,None,subset_2.tsv,"['N', 'o', 'n', 'e']",783,3
6541,,CASSLVLRGTLRETQYF,,,,,,0.00012983640612827837,None,subset_2.tsv,"['N', 'o', 'n', 'e']",783,3
455,,CASSQVAGHKKPYEQYF,,,,,,0.00012983640612827837,None,subset_2.tsv,"['N', 'o', 'n', 'e']",784,2
7087,,CASSIVAWQADPYEQYF,,,,,,0.00012983640612827837,None,subset_2.tsv,"['N', 'o', 'n', 'e']",784,2
1132,,CASSQAHPWRRSYNEQFF,,,,,,0.00012983640612827837,None,subset_2.tsv,"['N', 'o', 'n', 'e']",785,2
1493,,CASSQGAQEWSSYEQYF,,,,,,0.00012983640612827837,None,subset_2.tsv,"['N', 'o', 'n', 'e']",785,2
5941,,CASSLTPPGRVAYEQYF,,,,,,0.00012983640612827837,None,subset_2.tsv,"['N', 'o', 'n', 'e']",786,2
5942,,CASSLTPPAVAGNEQFF,,,,,,0.00012983640612827837,None,subset_2.tsv,"['N', 'o', 'n', 'e']",786,2
5884,,CASSLVFRHGGSYEQYF,,,,,,0.00012983640612827837,None,subset_2.tsv,"['N', 'o', 'n', 'e']",787,2
7264,,CASSLLAPSGSSYEQYF,,,,,,0.00012983640612827837,None,subset_2.tsv,"['N', 'o', 'n', 'e']",787,2
1533,,CASSQEEYRVRNTEAFF,,,,,,0.00012983640612827837,None,subset_2.tsv,"['N', 'o', 'n', 'e']",788,2
7111,,CASSIVIDRGWNTEAFF,,,,,,0.00012983640612827837,None,subset_2.tsv,"['N', 'o', 'n', 'e']",788,2
1502,,CASSQFVRTGGNTEAFF,,,,,,0.00012983640612827837,None,subset_2.tsv,"['N', 'o', 'n', 'e']",789,3
1841,,CASSQEASMGGNTIYF,,,,,,0.00012983640612827837,None,subset_2.tsv,"['N', 'o', 'n', 'e']",789,3
1842,,CASSQEARKGRVTEAFF,,,,,,0.00012983640612827837,None,subset_2.tsv,"['N', 'o', 'n', 'e']",789,3
390,,CASSQVYKRQKNTGELFF,,,,,,0.00012983640612827837,None,subset_2.tsv,"['N', 'o', 'n', 'e']",790,2
1879,,CASSQDPPPTANTGELFF,,,,,,0.00012983640612827837,None,subset_2.tsv,"['N', 'o', 'n', 'e']",790,2
6762,,CASSLAMREGAYNEQFF,,,,,,0.00012983640612827837,None,subset_2.tsv,"['N', 'o', 'n', 'e']",791,2
6770,,CASSLALAPRSYNEQFF,,,,,,0.00012983640612827837,None,subset_2.tsv,"['N', 'o', 'n', 'e']",791,2
4446,,CASSHSLGSGAHNEQFF,,,,,,0.00012983640612827837,None,subset_2.tsv,"['N', 'o', 'n', 'e']",793,2
5567,,CASNPGLRAGFYNEQFF,,,,,,0.00012983640612827837,None,subset_2.tsv,"['N', 'o', 'n', 'e']",793,2
5327,,CASRPSFLAAFSNEQFF,,,,,,0.00012983640612827837,None,subset_2.tsv,"['N', 'o', 'n', 'e']",794,2
6426,,CASSPGPLAGGDNEQFF,,,,,,0.00012983640612827837,None,subset_2.tsv,"['N', 'o', 'n', 'e']",794,2
3032,,CASSYLGRDRAIHEQYF,,,,,,0.00012983640612827837,None,subset_2.tsv,"['N', 'o', 'n', 'e']",795,2
3899,,CASSELYRDRGPYEQYF,,,,,,0.00012983640612827837,None,subset_2.tsv,"['N', 'o', 'n', 'e']",795,2
1256,,CASSPNRGLLAKNIQYF,,,,,,0.00012983640612827837,None,subset_2.tsv,"['N', 'o', 'n', 'e']",796,2
5330,,CASRPQSTPRAGDEQFF,,,,,,0.00012983640612827837,None,subset_2.tsv,"['N', 'o', 'n', 'e']",796,2
1318,,CASSPKPGPRAYNEQFF,,,,,,0.00012983640612827837,None,subset_2.tsv,"['N', 'o', 'n', 'e']",797,2
4111,,CASSDNVREGVPHEQFF,,,,,,0.00012983640612827837,None,subset_2.tsv,"['N', 'o', 'n', 'e']",797,2
395,,CASSQVVGQGANGYTF,,,,,,0.00012983640612827837,None,subset_2.tsv,"['N', 'o', 'n', 'e']",798,2
410,,CASSQVPGQGIHGYTF,,,,,,0.00012983640612827837,None,subset_2.tsv,"['N', 'o', 'n', 'e']",798,2
383,,CASSQLVGQGSTGELFF,,,,,,0.00012983640612827837,None,subset_2.tsv,"['N', 'o', 'n', 'e']",799,2
3785,,CASSYSQGQGAVGELFF,,,,,,0.00012983640612827837,None,subset_2.tsv,"['N', 'o', 'n', 'e']",799,2
1669,,CASSQGPGQGLNTEAFF,,,,,,0.00012983640612827837,None,subset_2.tsv,"['N', 'o', 'n', 'e']",800,2
6536,,CASSLVPGQGANTEAFF,,,,,,0.00012983640612827837,None,subset_2.tsv,"['N', 'o', 'n', 'e']",800,2
332,,CASSQLHLAGGLDEQFF,,,,,,0.00012983640612827837,None,subset_2.tsv,"['N', 'o', 'n', 'e']",801,2
1767,,CASSQAQTMGRNNEQFF,,,,,,0.00012983640612827837,None,subset_2.tsv,"['N', 'o', 'n', 'e']",801,2
1107,,CASSPYGLAGGSDTQYF,,,,,,0.00012983640612827837,None,subset_2.tsv,"['N', 'o', 'n', 'e']",803,2
1295,,CASSPHGLAGMPYEQYF,,,,,,0.00012983640612827837,None,subset_2.tsv,"['N', 'o', 'n', 'e']",803,2
637,,CASSTPGLAGDTGELFF,,,,,,0.00012983640612827837,None,subset_2.tsv,"['N', 'o', 'n', 'e']",805,2
1108,,CASSPYGLAGAAGELFF,,,,,,0.00012983640612827837,None,subset_2.tsv,"['N', 'o', 'n', 'e']",805,2
671,,CASSTRGLAGVYNEQFF,,,,,,0.00012983640612827837,None,subset_2.tsv,"['N', 'o', 'n', 'e']",806,2
720,,CASSTHLLAGVLNEQFF,,,,,,0.00012983640612827837,None,subset_2.tsv,"['N', 'o', 'n', 'e']",806,2
3159,,CASSVERTSGGNNEQFF,,,,,,0.00012983640612827837,None,subset_2.tsv,"['N', 'o', 'n', 'e']",807,4
4463,,CASSIEGLAGGPHEQFF,,,,,,0.00012983640612827837,None,subset_2.tsv,"['N', 'o', 'n', 'e']",807,4
6827,,CASSLEGLAGGYNEQFF,,,,,,0.00012983640612827837,None,subset_2.tsv,"['N', 'o', 'n', 'e']",807,4
7361,,CASSLIPLAGGQNEQFF,,,,,,0.00012983640612827837,None,subset_2.tsv,"['N', 'o', 'n', 'e']",807,4
2372,,CATSRDRRAGSYNEQFF,,,,,,0.00012983640612827837,None,subset_2.tsv,"['N', 'o', 'n', 'e']",808,2
2373,,CATSRDRVAGGYNEQFF,,,,,,0.00012983640612827837,None,subset_2.tsv,"['N', 'o', 'n', 'e']",808,2
698,,CASSTESQGCNNQPQHF,,,,,,0.00012983640612827837,None,subset_2.tsv,"['N', 'o', 'n', 'e']",810,2
703,,CASSTDRYVRSNQPQHF,,,,,,0.00012983640612827837,None,subset_2.tsv,"['N', 'o', 'n', 'e']",810,2
3770,,CASSYYSLRVSNQPQHF,,,,,,0.00012983640612827837,None,subset_2.tsv,"['N', 'o', 'n', 'e']",811,2
6302,,CASSPDRLGNSNQPQHF,,,,,,0.00012983640612827837,None,subset_2.tsv,"['N', 'o', 'n', 'e']",811,2
1706,,CASSQDGRTFYGDEQFF,,,,,,0.00012983640612827837,None,subset_2.tsv,"['N', 'o', 'n', 'e']",812,2
3069,,CASSYDGTTLYTGELFF,,,,,,0.00012983640612827837,None,subset_2.tsv,"['N', 'o', 'n', 'e']",812,2
4358,,CASSHDDLRGEYNEQFF,,,,,,0.00012983640612827837,None,subset_2.tsv,"['N', 'o', 'n', 'e']",813,2
7130,,CASSIYHLAGLYETQYF,,,,,,0.00012983640612827837,None,subset_2.tsv,"['N', 'o', 'n', 'e']",813,2
4215,,CASSEFPPALPGGYTF,,,,,,0.00012983640612827837,None,subset_2.tsv,"['N', 'o', 'n', 'e']",814,2
7002,,CASSINGFVLKSGELFF,,,,,,0.00012983640612827837,None,subset_2.tsv,"['N', 'o', 'n', 'e']",814,2
2353,,CATSRDLGTGGNQPQHF,,,,,,0.00012983640612827837,None,subset_2.tsv,"['N', 'o', 'n', 'e']",818,2
2354,,CATSRDLGGSYNSPLHF,,,,,,0.00012983640612827837,None,subset_2.tsv,"['N', 'o', 'n', 'e']",818,2
1863,,CASSQDWGGGLRQPQHF,,,,,,0.00012983640612827837,None,subset_2.tsv,"['N', 'o', 'n', 'e']",819,2
4479,,CASSIDDGTLINQPQHF,,,,,,0.00012983640612827837,None,subset_2.tsv,"['N', 'o', 'n', 'e']",819,2
393,,CASSQVWGTHSNQPQHF,,,,,,0.00012983640612827837,None,subset_2.tsv,"['N', 'o', 'n', 'e']",820,2
5871,,CASSLVAGGSSNQPQHF,,,,,,0.00012983640612827837,None,subset_2.tsv,"['N', 'o', 'n', 'e']",820,2
4284,,CASSEAFGAGRNQPQHF,,,,,,0.00012983640612827837,None,subset_2.tsv,"['N', 'o', 'n', 'e']",821,2
6679,,CASSLARGTGGSQPQHF,,,,,,0.00012983640612827837,None,subset_2.tsv,"['N', 'o', 'n', 'e']",821,2
1473,,CASSQESSGDLDGELFF,,,,,,0.00012983640612827837,None,subset_2.tsv,"['N', 'o', 'n', 'e']",824,2
3684,,CASSYPSGGVRTGELFF,,,,,,0.00012983640612827837,None,subset_2.tsv,"['N', 'o', 'n', 'e']",824,2
1505,,CASSQFLGVGETDTQYF,,,,,,0.00012983640612827837,None,subset_2.tsv,"['N', 'o', 'n', 'e']",825,2
2931,,CASSWNSGRGTPGELFF,,,,,,0.00012983640612827837,None,subset_2.tsv,"['N', 'o', 'n', 'e']",825,2
1858,,CASSQDWSRGGTGELFF,,,,,,0.00012983640612827837,None,subset_2.tsv,"['N', 'o', 'n', 'e']",826,2
6209,,CASSPERGSGGTGELFF,,,,,,0.00012983640612827837,None,subset_2.tsv,"['N', 'o', 'n', 'e']",826,2
1392,,CASSPPESGRIYNEQFF,,,,,,0.00012983640612827837,None,subset_2.tsv,"['N', 'o', 'n', 'e']",827,2
3948,,CASSEPPSGAVNNEQFF,,,,,,0.00012983640612827837,None,subset_2.tsv,"['N', 'o', 'n', 'e']",827,2
284,,CASSQPQEGRSYNEQFF,,,,,,0.00012983640612827837,None,subset_2.tsv,"['N', 'o', 'n', 'e']",828,2
285,,CASSQRDFAQHYNEQFF,,,,,,0.00012983640612827837,None,subset_2.tsv,"['N', 'o', 'n', 'e']",828,2
1734,,CASSQDLMGPSDTEAFF,,,,,,0.00012983640612827837,None,subset_2.tsv,"['N', 'o', 'n', 'e']",829,2
1892,,CASSQDPAGEADTQYF,,,,,,0.00012983640612827837,None,subset_2.tsv,"['N', 'o', 'n', 'e']",829,2
1690,,CASSQDKLGDPPYKQFF,,,,,,0.00012983640612827837,None,subset_2.tsv,"['N', 'o', 'n', 'e']",830,4
1695,,CASSQDIGGSMNTEAFF,,,,,,0.00012983640612827837,None,subset_2.tsv,"['N', 'o', 'n', 'e']",830,4
1875,,CASSQDPSGRWYNEQFF,,,,,,0.00012983640612827837,None,subset_2.tsv,"['N', 'o', 'n', 'e']",830,4
1878,,CASSQDPRGLHSIEAFF,,,,,,0.00012983640612827837,None,subset_2.tsv,"['N', 'o', 'n', 'e']",830,4
4600,,CASSFPQFVTGLPEAFF,,,,,,0.00012983640612827837,None,subset_2.tsv,"['N', 'o', 'n', 'e']",831,2
4675,,CASSFYPDRDGSYEQYF,,,,,,0.00012983640612827837,None,subset_2.tsv,"['N', 'o', 'n', 'e']",831,2
3182,,CASSTYASGAISYEQYF,,,,,,0.00012983640612827837,None,subset_2.tsv,"['N', 'o', 'n', 'e']",834,3
3568,,CASVAPVAGDASYNEQFF,,,,,,0.00012983640612827837,None,subset_2.tsv,"['N', 'o', 'n', 'e']",834,3
5296,,CASRTPQAGDYSYEQYF,,,,,,0.00012983640612827837,None,subset_2.tsv,"['N', 'o', 'n', 'e']",834,3
1290,,CASSPHLIGLPTYEQYF,,,,,,0.00012983640612827837,None,subset_2.tsv,"['N', 'o', 'n', 'e']",835,3
3741,,CASSYYLAGTSIYEQYF,,,,,,0.00012983640612827837,None,subset_2.tsv,"['N', 'o', 'n', 'e']",835,3
6259,,CASSPDIAGVPKNIQYF,,,,,,0.00012983640612827837,None,subset_2.tsv,"['N', 'o', 'n', 'e']",835,3
1807,,CASSQDNDAGGFYEQYF,,,,,,0.00012983640612827837,None,subset_2.tsv,"['N', 'o', 'n', 'e']",838,3
1831,,CASSQDRVLAGAYEQYF,,,,,,0.00012983640612827837,None,subset_2.tsv,"['N', 'o', 'n', 'e']",838,3
1871,,CASSQDPVAGGDYEQYF,,,,,,0.00012983640612827837,None,subset_2.tsv,"['N', 'o', 'n', 'e']",838,3
1444,,CASSPPPPMGGPYEQYF,,,,,,0.00012983640612827837,None,subset_2.tsv,"['N', 'o', 'n', 'e']",839,2
3882,,CASSEYFPQGQWNEQYF,,,,,,0.00012983640612827837,None,subset_2.tsv,"['N', 'o', 'n', 'e']",839,2
1697,,CASSQDHYGVSGNTIYF,,,,,,0.00012983640612827837,None,subset_2.tsv,"['N', 'o', 'n', 'e']",843,2
1787,,CASSQDFVLYSGNTIYF,,,,,,0.00012983640612827837,None,subset_2.tsv,"['N', 'o', 'n', 'e']",843,2
1739,,CASSQDLETPFRYEQYF,,,,,,0.00012983640612827837,None,subset_2.tsv,"['N', 'o', 'n', 'e']",844,2
1740,,CASSQDLEFLRVETQYF,,,,,,0.00012983640612827837,None,subset_2.tsv,"['N', 'o', 'n', 'e']",844,2
1792,,CASSQDELTGAGNTIYF,,,,,,0.00012983640612827837,None,subset_2.tsv,"['N', 'o', 'n', 'e']",845,2
4475,,CASSIDPFSGRLNTEAFF,,,,,,0.00012983640612827837,None,subset_2.tsv,"['N', 'o', 'n', 'e']",845,2
355,,CASSQHPEVGVKNIQYF,,,,,,0.00012983640612827837,None,subset_2.tsv,"['N', 'o', 'n', 'e']",846,4
1719,,CASSQDLPSGGVDTQYF,,,,,,0.00012983640612827837,None,subset_2.tsv,"['N', 'o', 'n', 'e']",846,4
1853,,CASSQDYYSGLRETQYF,,,,,,0.00012983640612827837,None,subset_2.tsv,"['N', 'o', 'n', 'e']",846,4
1891,,CASSQDPDRGPTDTQYF,,,,,,0.00012983640612827837,None,subset_2.tsv,"['N', 'o', 'n', 'e']",846,4
449,,CASSQVCARGRGQPQHF,,,,,,0.00012983640612827837,None,subset_2.tsv,"['N', 'o', 'n', 'e']",847,2
1130,,CASSQAIITSDPDTQYF,,,,,,0.00012983640612827837,None,subset_2.tsv,"['N', 'o', 'n', 'e']",847,2
1566,,CASSQEILRDRGYEQYF,,,,,,0.00012983640612827837,None,subset_2.tsv,"['N', 'o', 'n', 'e']",849,2
6438,,CASSLVWTAHAKNIQYF,,,,,,0.00012983640612827837,None,subset_2.tsv,"['N', 'o', 'n', 'e']",849,2
1453,,CASSQEWLAGGPGTQYF,,,,,,0.00012983640612827837,None,subset_2.tsv,"['N', 'o', 'n', 'e']",850,2
1479,,CASSQEWLAVSTDTQYF,,,,,,0.00012983640612827837,None,subset_2.tsv,"['N', 'o', 'n', 'e']",850,2
350,,CASSQILRVTSADTQYF,,,,,,0.00012983640612827837,None,subset_2.tsv,"['N', 'o', 'n', 'e']",851,2
4553,,CASSFQPDERGDETQYF,,,,,,0.00012983640612827837,None,subset_2.tsv,"['N', 'o', 'n', 'e']",851,2
1475,,CASSQESPREAADTQYF,,,,,,0.00012983640612827837,None,subset_2.tsv,"['N', 'o', 'n', 'e']",852,2
1478,,CASSQESALASTDTQYF,,,,,,0.00012983640612827837,None,subset_2.tsv,"['N', 'o', 'n', 'e']",852,2
1530,,CASSQEGAGAAGDTQYF,,,,,,0.00012983640612827837,None,subset_2.tsv,"['N', 'o', 'n', 'e']",853,2
1546,,CASSQERAGTGGEKLFF,,,,,,0.00012983640612827837,None,subset_2.tsv,"['N', 'o', 'n', 'e']",853,2
609,,CASSSSRRGGRAYEQYF,,,,,,0.00012983640612827837,None,subset_2.tsv,"['N', 'o', 'n', 'e']",854,2
7588,,CASSLGGSGGPLYEQYF,,,,,,0.00012983640612827837,None,subset_2.tsv,"['N', 'o', 'n', 'e']",854,2
5803,,CASSLSGLAGVFYNEQFF,,,,,,0.00012983640612827837,None,subset_2.tsv,"['N', 'o', 'n', 'e']",856,2
5804,,CASSLSGLAGGRYEQYF,,,,,,0.00012983640612827837,None,subset_2.tsv,"['N', 'o', 'n', 'e']",856,2
3082,,CASSYAGTSGGSYEQYF,,,,,,0.00012983640612827837,None,subset_2.tsv,"['N', 'o', 'n', 'e']",857,2
4606,,CASSFLGLAGDDYEQYF,,,,,,0.00012983640612827837,None,subset_2.tsv,"['N', 'o', 'n', 'e']",857,2
6196,,CASSIGASGSTPYEQYF,,,,,,0.00012983640612827837,None,subset_2.tsv,"['N', 'o', 'n', 'e']",859,3
7415,,CASSLGFGGREAYEQYF,,,,,,0.00012983640612827837,None,subset_2.tsv,"['N', 'o', 'n', 'e']",859,3
7545,,CASSLGLGSESSYEQYF,,,,,,0.00012983640612827837,None,subset_2.tsv,"['N', 'o', 'n', 'e']",859,3
1685,,CASSQGLGTSGVYEQYF,,,,,,0.00012983640612827837,None,subset_2.tsv,"['N', 'o', 'n', 'e']",860,2
3395,,CASTQGGGTGSFYEQYF,,,,,,0.00012983640612827837,None,subset_2.tsv,"['N', 'o', 'n', 'e']",860,2
827,,CASSSGFFSLGDTEAFF,,,,,,0.00012983640612827837,None,subset_2.tsv,"['N', 'o', 'n', 'e']",861,3
3236,,CASSVGARGSVNTEAFF,,,,,,0.00012983640612827837,None,subset_2.tsv,"['N', 'o', 'n', 'e']",861,3
7179,,CASSLGVGGGVGTEAFF,,,,,,0.00012983640612827837,None,subset_2.tsv,"['N', 'o', 'n', 'e']",861,3
6606,,CASSNGSSLDAYNEQFF,,,,,,0.00012983640612827837,None,subset_2.tsv,"['N', 'o', 'n', 'e']",862,2
7380,,CASSLGARLAGYNEQFF,,,,,,0.00012983640612827837,None,subset_2.tsv,"['N', 'o', 'n', 'e']",862,2
2237,,CATSASGTSGPYNEQFF,,,,,,0.00012983640612827837,None,subset_2.tsv,"['N', 'o', 'n', 'e']",864,2
5209,,CAISSSGTGSSYNEQFF,,,,,,0.00012983640612827837,None,subset_2.tsv,"['N', 'o', 'n', 'e']",864,2
865,,CASSSQGFGTGGDEQYF,,,,,,0.00012983640612827837,None,subset_2.tsv,"['N', 'o', 'n', 'e']",867,2
4306,,CASSGTGMRLAGIEQFF,,,,,,0.00012983640612827837,None,subset_2.tsv,"['N', 'o', 'n', 'e']",867,2
2376,,CATSRTLQGARLNEQFF,,,,,,0.00012983640612827837,None,subset_2.tsv,"['N', 'o', 'n', 'e']",868,2
5438,,CASSAARPGGAGTEAFF,,,,,,0.00012983640612827837,None,subset_2.tsv,"['N', 'o', 'n', 'e']",868,2
2309,,CATSSANSGAVRNEQFF,,,,,,0.00012983640612827837,None,subset_2.tsv,"['N', 'o', 'n', 'e']",869,2
4370,,CASSGNRGGLAKNIQYF,,,,,,0.00012983640612827837,None,subset_2.tsv,"['N', 'o', 'n', 'e']",869,2
888,,CASSSQPSGLAYNEQFF,,,,,,0.00012983640612827837,None,subset_2.tsv,"['N', 'o', 'n', 'e']",870,2
933,,CASSSNPTGRENTEAFF,,,,,,0.00012983640612827837,None,subset_2.tsv,"['N', 'o', 'n', 'e']",870,2
2155,,CSAPSGLAGVDQNIQYF,,,,,,0.00012983640612827837,None,subset_2.tsv,"['N', 'o', 'n', 'e']",872,2
2603,,CSVEGGLAGAGGYEQYF,,,,,,0.00012983640612827837,None,subset_2.tsv,"['N', 'o', 'n', 'e']",872,2
2289,,CATSTGGAGGRTDTQYF,,,,,,0.00012983640612827837,None,subset_2.tsv,"['N', 'o', 'n', 'e']",876,2
2431,,CSVADGGRGGGTDTQYF,,,,,,0.00012983640612827837,None,subset_2.tsv,"['N', 'o', 'n', 'e']",876,2
1930,,CSAGSRTSGFSYNEQFF,,,,,,0.00012983640612827837,None,subset_2.tsv,"['N', 'o', 'n', 'e']",878,2
2669,,CSARGGTSGYLVNEQFF,,,,,,0.00012983640612827837,None,subset_2.tsv,"['N', 'o', 'n', 'e']",878,2
559,,CASSSTTLLAGGYEQYF,,,,,,0.00012983640612827837,None,subset_2.tsv,"['N', 'o', 'n', 'e']",884,2
593,,CASSSSGAVEAKNIQYF,,,,,,0.00012983640612827837,None,subset_2.tsv,"['N', 'o', 'n', 'e']",884,2
2936,,CASSWLGRVWGNQPQHF,,,,,,0.00012983640612827837,None,subset_2.tsv,"['N', 'o', 'n', 'e']",887,2
4770,,CASSFTLAAYSNQPQHF,,,,,,0.00012983640612827837,None,subset_2.tsv,"['N', 'o', 'n', 'e']",887,2
2030,,CAWTGTGKIGWDSPLHF,,,,,,0.00012983640612827837,None,subset_2.tsv,"['N', 'o', 'n', 'e']",891,2
5115,,CAIRSEDRVSAFSPLHF,,,,,,0.00012983640612827837,None,subset_2.tsv,"['N', 'o', 'n', 'e']",891,2
779,,CASSSLGQRIPNSPLHF,,,,,,0.00012983640612827837,None,subset_2.tsv,"['N', 'o', 'n', 'e']",892,2
4183,,CASSATGESDYNSPLHF,,,,,,0.00012983640612827837,None,subset_2.tsv,"['N', 'o', 'n', 'e']",892,2
903,,CASSSRGALLYNSPLHF,,,,,,0.00012983640612827837,None,subset_2.tsv,"['N', 'o', 'n', 'e']",893,3
5270,,CASRRRGTEDFNSPLHF,,,,,,0.00012983640612827837,None,subset_2.tsv,"['N', 'o', 'n', 'e']",893,3
6570,,CASSMRGELLSNQPQHF,,,,,,0.00012983640612827837,None,subset_2.tsv,"['N', 'o', 'n', 'e']",893,3
3336,,CASSVGRGRLGNSPLHF,,,,,,0.00012983640612827837,None,subset_2.tsv,"['N', 'o', 'n', 'e']",894,2
5392,,CASSAGTGFEGNSPLHF,,,,,,0.00012983640612827837,None,subset_2.tsv,"['N', 'o', 'n', 'e']",894,2
110,,CASSRGTGRIGNQPQHF,,,,,,0.00012983640612827837,None,subset_2.tsv,"['N', 'o', 'n', 'e']",895,3
113,,CASSRGTALYSNQPQHF,,,,,,0.00012983640612827837,None,subset_2.tsv,"['N', 'o', 'n', 'e']",895,3
7182,,CASSLGTVWYSNQPQHF,,,,,,0.00012983640612827837,None,subset_2.tsv,"['N', 'o', 'n', 'e']",895,3
3627,,CASSYSKLEGASQPQHF,,,,,,0.00012983640612827837,None,subset_2.tsv,"['N', 'o', 'n', 'e']",896,2
6561,,CASSMSSLTGGNQPQHF,,,,,,0.00012983640612827837,None,subset_2.tsv,"['N', 'o', 'n', 'e']",896,2
1672,,CASSQGPAGGRNQPQHF,,,,,,0.00012983640612827837,None,subset_2.tsv,"['N', 'o', 'n', 'e']",897,2
3022,,CASSYGPSGRDPGELFF,,,,,,0.00012983640612827837,None,subset_2.tsv,"['N', 'o', 'n', 'e']",897,2
4453,,CASSIAPWHRNNQPQHF,,,,,,0.00012983640612827837,None,subset_2.tsv,"['N', 'o', 'n', 'e']",898,2
5827,,CASSLSPATTINQPQHF,,,,,,0.00012983640612827837,None,subset_2.tsv,"['N', 'o', 'n', 'e']",898,2
4226,,CASSEGLAGGPYNEQFF,,,,,,0.00012983640612827837,None,subset_2.tsv,"['N', 'o', 'n', 'e']",900,2
5061,,CAISESLAGRTYNEQFF,,,,,,0.00012983640612827837,None,subset_2.tsv,"['N', 'o', 'n', 'e']",900,2
3839,,CASSETSQGLLTGELFF,,,,,,0.00012983640612827837,None,subset_2.tsv,"['N', 'o', 'n', 'e']",901,2
4225,,CASSEGLAGVYTDTQYF,,,,,,0.00012983640612827837,None,subset_2.tsv,"['N', 'o', 'n', 'e']",901,2
5487,,CASNLVPMGLSYNEQFF,,,,,,0.00012983640612827837,None,subset_2.tsv,"['N', 'o', 'n', 'e']",902,2
7544,,CASSLGLQGMSYNEQFF,,,,,,0.00012983640612827837,None,subset_2.tsv,"['N', 'o', 'n', 'e']",902,2
408,,CASSQVPRTSTYNEQFF,,,,,,0.00012983640612827837,None,subset_2.tsv,"['N', 'o', 'n', 'e']",903,3
1603,,CASSQGWRGPSYNEQFF,,,,,,0.00012983640612827837,None,subset_2.tsv,"['N', 'o', 'n', 'e']",903,3
1681,,CASSQGLSGSSYNEQFF,,,,,,0.00012983640612827837,None,subset_2.tsv,"['N', 'o', 'n', 'e']",903,3
289,,CASSQQLNLYSYNEQFF,,,,,,0.00012983640612827837,None,subset_2.tsv,"['N', 'o', 'n', 'e']",904,3
1155,,CASSPVLAGPSYNEQFF,,,,,,0.00012983640612827837,None,subset_2.tsv,"['N', 'o', 'n', 'e']",904,3
4198,,CASSEEGAGWSYNEQFF,,,,,,0.00012983640612827837,None,subset_2.tsv,"['N', 'o', 'n', 'e']",904,3
987,,CASSPSPGGKPGGYTF,,,,,,0.00012983640612827837,None,subset_2.tsv,"['N', 'o', 'n', 'e']",907,2
3590,,CASTTLWGGIGAGELFF,,,,,,0.00012983640612827837,None,subset_2.tsv,"['N', 'o', 'n', 'e']",907,2
28,,CASSSTGGGEKDQPQHF,,,,,,0.00025967281225655674,None,subset_2.tsv,"['N', 'o', 'n', 'e']",909,2
2991,,CASSVWGGSPTNNEQFF,,,,,,0.00012983640612827837,None,subset_2.tsv,"['N', 'o', 'n', 'e']",909,2
2942,,CASSVVGGGANTGELFF,,,,,,0.00012983640612827837,None,subset_2.tsv,"['N', 'o', 'n', 'e']",910,2
4764,,CASSFVGGGTGAGELFF,,,,,,0.00012983640612827837,None,subset_2.tsv,"['N', 'o', 'n', 'e']",910,2
4441,,CASSHTGGVRRSGELFF,,,,,,0.00012983640612827837,None,subset_2.tsv,"['N', 'o', 'n', 'e']",911,2
4499,,CASSHLGGDRYMNEQFF,,,,,,0.00012983640612827837,None,subset_2.tsv,"['N', 'o', 'n', 'e']",911,2
4009,,CASSFGGSGRLYNEQFF,,,,,,0.00012983640612827837,None,subset_2.tsv,"['N', 'o', 'n', 'e']",912,2
4344,,CASSHGGTGRIDNEQFF,,,,,,0.00012983640612827837,None,subset_2.tsv,"['N', 'o', 'n', 'e']",912,2
1234,,CASSPLGTSGSYNEQFF,,,,,,0.00012983640612827837,None,subset_2.tsv,"['N', 'o', 'n', 'e']",913,3
4495,,CASSHLGSGSFYNEQFF,,,,,,0.00012983640612827837,None,subset_2.tsv,"['N', 'o', 'n', 'e']",913,3
4655,,CASSFMGGGGSYNEQFF,,,,,,0.00012983640612827837,None,subset_2.tsv,"['N', 'o', 'n', 'e']",913,3
3042,,CASSYLAGSSVYNEQFF,,,,,,0.00012983640612827837,None,subset_2.tsv,"['N', 'o', 'n', 'e']",914,2
3815,,CASSYSVGAAPYNEQFF,,,,,,0.00012983640612827837,None,subset_2.tsv,"['N', 'o', 'n', 'e']",914,2
2997,,CASSWTSGSSSYNEQFF,,,,,,0.00012983640612827837,None,subset_2.tsv,"['N', 'o', 'n', 'e']",915,2
3277,,CASSVRSSGSSYNEQFF,,,,,,0.00012983640612827837,None,subset_2.tsv,"['N', 'o', 'n', 'e']",915,2
6040,,CASSLLSGTSAYNEQFF,,,,,,0.00012983640612827837,None,subset_2.tsv,"['N', 'o', 'n', 'e']",916,2
7298,,CASSLLNGGLSYNEQFF,,,,,,0.00012983640612827837,None,subset_2.tsv,"['N', 'o', 'n', 'e']",916,2
1105,,CASSPYGPGQESTGELFF,,,,,,0.00012983640612827837,None,subset_2.tsv,"['N', 'o', 'n', 'e']",918,2
1373,,CASSPRGEGQGDVGELFF,,,,,,0.00012983640612827837,None,subset_2.tsv,"['N', 'o', 'n', 'e']",918,2
998,,CASSPSGQGYLNTEAFF,,,,,,0.00012983640612827837,None,subset_2.tsv,"['N', 'o', 'n', 'e']",919,2
6277,,CASSPAGQGILGNEQFF,,,,,,0.00012983640612827837,None,subset_2.tsv,"['N', 'o', 'n', 'e']",919,2
3409,,CASTPRGLSSYNSPLHF,,,,,,0.00012983640612827837,None,subset_2.tsv,"['N', 'o', 'n', 'e']",920,2
4803,,CASGPRGLGSYYGYTF,,,,,,0.00012983640612827837,None,subset_2.tsv,"['N', 'o', 'n', 'e']",920,2
5043,,CAISEQGLAHSYEQYF,,,,,,0.00012983640612827837,None,subset_2.tsv,"['N', 'o', 'n', 'e']",923,2
5310,,CASRVQGLLMHYEQYF,,,,,,0.00012983640612827837,None,subset_2.tsv,"['N', 'o', 'n', 'e']",923,2
4484,,CASSHLGQILIYGYTF,,,,,,0.00012983640612827837,None,subset_2.tsv,"['N', 'o', 'n', 'e']",927,2
4485,,CASSHLPDDSTYGYTF,,,,,,0.00012983640612827837,None,subset_2.tsv,"['N', 'o', 'n', 'e']",927,2
4523,,CASSHQGALANYGYTF,,,,,,0.00012983640612827837,None,subset_2.tsv,"['N', 'o', 'n', 'e']",928,2
6254,,CASSPEGALTNYGYTF,,,,,,0.00012983640612827837,None,subset_2.tsv,"['N', 'o', 'n', 'e']",928,2
1351,,CASSPQLAAFNYGYTF,,,,,,0.00012983640612827837,None,subset_2.tsv,"['N', 'o', 'n', 'e']",929,2
1496,,CASSQEYQLANYGYTF,,,,,,0.00012983640612827837,None,subset_2.tsv,"['N', 'o', 'n', 'e']",929,2
5070,,CAISESGILENTGELFF,,,,,,0.00012983640612827837,None,subset_2.tsv,"['N', 'o', 'n', 'e']",930,2
5121,,CAIRESGQGENYGYTF,,,,,,0.00012983640612827837,None,subset_2.tsv,"['N', 'o', 'n', 'e']",930,2
4203,,CASSEAVPGQNTGELFF,,,,,,0.00012983640612827837,None,subset_2.tsv,"['N', 'o', 'n', 'e']",931,2
6283,,CASSPAEAGVNTGELFF,,,,,,0.00012983640612827837,None,subset_2.tsv,"['N', 'o', 'n', 'e']",931,2
3073,,CASSYCCHRMDYEQYF,,,,,,0.00012983640612827837,None,subset_2.tsv,"['N', 'o', 'n', 'e']",933,2
3115,,CASSYFFQGPLYEQFF,,,,,,0.00012983640612827837,None,subset_2.tsv,"['N', 'o', 'n', 'e']",933,2
979,,CASSPSREGRLYEQYF,,,,,,0.00012983640612827837,None,subset_2.tsv,"['N', 'o', 'n', 'e']",934,3
1066,,CASSPRREREVYEQYF,,,,,,0.00012983640612827837,None,subset_2.tsv,"['N', 'o', 'n', 'e']",934,3
1300,,CASSPGYERVVNEQYF,,,,,,0.00012983640612827837,None,subset_2.tsv,"['N', 'o', 'n', 'e']",934,3
1102,,CASSPYLDIAGYEQYF,,,,,,0.00012983640612827837,None,subset_2.tsv,"['N', 'o', 'n', 'e']",937,2
1248,,CASSPPCDYLWKHHIF,,,,,,0.00012983640612827837,None,subset_2.tsv,"['N', 'o', 'n', 'e']",937,2
891,,CASSSRKDRGSYGYTF,,,,,,0.00012983640612827837,None,subset_2.tsv,"['N', 'o', 'n', 'e']",939,2
6095,,CASSLRRWARDYGYTF,,,,,,0.00012983640612827837,None,subset_2.tsv,"['N', 'o', 'n', 'e']",939,2
4788,,CASGRRTPFTPMSYTF,,,,,,0.00012983640612827837,None,subset_2.tsv,"['N', 'o', 'n', 'e']",940,2
5507,,CASRAGTEISGYGYTF,,,,,,0.00012983640612827837,None,subset_2.tsv,"['N', 'o', 'n', 'e']",940,2
710,,CASSTGGDRAGYNEQFF,,,,,,0.00012983640612827837,None,subset_2.tsv,"['N', 'o', 'n', 'e']",945,2
6331,,CASSPGRPVETYNEQFF,,,,,,0.00012983640612827837,None,subset_2.tsv,"['N', 'o', 'n', 'e']",945,2
3026,,CASSYGLWRVRDGELFF,,,,,,0.00012983640612827837,None,subset_2.tsv,"['N', 'o', 'n', 'e']",946,2
6390,,CASSPGHSLIRYGYTF,,,,,,0.00012983640612827837,None,subset_2.tsv,"['N', 'o', 'n', 'e']",946,2
1587,,CASSQGRQRVSYGYTF,,,,,,0.00012983640612827837,None,subset_2.tsv,"['N', 'o', 'n', 'e']",947,2
7239,,CASSLGRPGLNYGYTF,,,,,,0.00012983640612827837,None,subset_2.tsv,"['N', 'o', 'n', 'e']",947,2
2954,,CASSVVGQGVLDGYTF,,,,,,0.00012983640612827837,None,subset_2.tsv,"['N', 'o', 'n', 'e']",948,2
6512,,CASSLVGQGRDYGYTF,,,,,,0.00012983640612827837,None,subset_2.tsv,"['N', 'o', 'n', 'e']",948,2
592,,CASSSSGAGPDYGYTF,,,,,,0.00012983640612827837,None,subset_2.tsv,"['N', 'o', 'n', 'e']",949,2
6474,,CASSLWGPGESHGYTF,,,,,,0.00012983640612827837,None,subset_2.tsv,"['N', 'o', 'n', 'e']",949,2
6110,,CASSLSGEGRRTGELFF,,,,,,0.00012983640612827837,None,subset_2.tsv,"['N', 'o', 'n', 'e']",950,2
6186,,CASSLRGAGRNTGELFF,,,,,,0.00012983640612827837,None,subset_2.tsv,"['N', 'o', 'n', 'e']",950,2
6226,,CASSLVGIREIRGKLFF,,,,,,0.00012983640612827837,None,subset_2.tsv,"['N', 'o', 'n', 'e']",951,2
6749,,CASSLAGLAVNTGELFF,,,,,,0.00012983640612827837,None,subset_2.tsv,"['N', 'o', 'n', 'e']",951,2
7055,,CASSLAAQGATNEKLFF,,,,,,0.00012983640612827837,None,subset_2.tsv,"['N', 'o', 'n', 'e']",952,2
7534,,CASSLGNPGTGDEKLFF,,,,,,0.00012983640612827837,None,subset_2.tsv,"['N', 'o', 'n', 'e']",952,2
1704,,CASSQDGTGWTNEKLFF,,,,,,0.00012983640612827837,None,subset_2.tsv,"['N', 'o', 'n', 'e']",954,2
1901,,CASSQDRQGATNEKLFF,,,,,,0.00012983640612827837,None,subset_2.tsv,"['N', 'o', 'n', 'e']",954,2
1552,,CASSQEPHRATNEKLFF,,,,,,0.00012983640612827837,None,subset_2.tsv,"['N', 'o', 'n', 'e']",955,3
2206,,CATSLNVVRASNEKLFF,,,,,,0.00012983640612827837,None,subset_2.tsv,"['N', 'o', 'n', 'e']",955,3
7392,,CASSLFWDRSSNEKLFF,,,,,,0.00012983640612827837,None,subset_2.tsv,"['N', 'o', 'n', 'e']",955,3
4991,,CASKSFFRDRGTGELFF,,,,,,0.00012983640612827837,None,subset_2.tsv,"['N', 'o', 'n', 'e']",956,2
5698,,CASRGYFRDRGLDEQFF,,,,,,0.00012983640612827837,None,subset_2.tsv,"['N', 'o', 'n', 'e']",956,2
785,,CASSSLEGQGDYGYTF,,,,,,0.00012983640612827837,None,subset_2.tsv,"['N', 'o', 'n', 'e']",959,2
857,,CASSSLPGQGARDEQFF,,,,,,0.00012983640612827837,None,subset_2.tsv,"['N', 'o', 'n', 'e']",959,2
591,,CASSSRPRDTGYGYTF,,,,,,0.00012983640612827837,None,subset_2.tsv,"['N', 'o', 'n', 'e']",960,3
3459,,CASTLIVGQAAYGYTF,,,,,,0.00012983640612827837,None,subset_2.tsv,"['N', 'o', 'n', 'e']",960,3
4889,,CASGLSYRDLFGGYTF,,,,,,0.00012983640612827837,None,subset_2.tsv,"['N', 'o', 'n', 'e']",960,3
3449,,CASTLRGGQGPLNEQFF,,,,,,0.00012983640612827837,None,subset_2.tsv,"['N', 'o', 'n', 'e']",961,2
5924,,CASSLTGGPGHINEQFF,,,,,,0.00012983640612827837,None,subset_2.tsv,"['N', 'o', 'n', 'e']",961,2
3416,,CASTLTGLADTYNEQFF,,,,,,0.00012983640612827837,None,subset_2.tsv,"['N', 'o', 'n', 'e']",962,3
6170,,CASSLRGRLRHYNEQFF,,,,,,0.00012983640612827837,None,subset_2.tsv,"['N', 'o', 'n', 'e']",962,3
7397,,CASSLFRRLASYNEQFF,,,,,,0.00012983640612827837,None,subset_2.tsv,"['N', 'o', 'n', 'e']",962,3
164,,CASSSDEGSANYNEQFF,,,,,,0.00012983640612827837,None,subset_2.tsv,"['N', 'o', 'n', 'e']",963,2
2975,,CASSWDQGYSSYNEQFF,,,,,,0.00012983640612827837,None,subset_2.tsv,"['N', 'o', 'n', 'e']",963,2
7468,,CASSLERSLISYNEQFF,,,,,,0.00012983640612827837,None,subset_2.tsv,"['N', 'o', 'n', 'e']",965,2
7481,,CASSLEVGRSSYNEQFF,,,,,,0.00012983640612827837,None,subset_2.tsv,"['N', 'o', 'n', 'e']",965,2
922,,CASSSPCCSHSYNEQFF,,,,,,0.00012983640612827837,None,subset_2.tsv,"['N', 'o', 'n', 'e']",966,2
6630,,CASSLYDFDISYNEQFF,,,,,,0.00012983640612827837,None,subset_2.tsv,"['N', 'o', 'n', 'e']",966,2
416,,CASSQWNGRFNYGYTF,,,,,,0.00012983640612827837,None,subset_2.tsv,"['N', 'o', 'n', 'e']",967,2
3792,,CASSYSPGDNNYGYTF,,,,,,0.00012983640612827837,None,subset_2.tsv,"['N', 'o', 'n', 'e']",967,2
1324,,CASSPKGGRTNYGYTF,,,,,,0.00012983640612827837,None,subset_2.tsv,"['N', 'o', 'n', 'e']",968,2
4976,,CASIPDRGNRNYGYTF,,,,,,0.00012983640612827837,None,subset_2.tsv,"['N', 'o', 'n', 'e']",968,2
4863,,CASGHRARALNYGYTF,,,,,,0.00012983640612827837,None,subset_2.tsv,"['N', 'o', 'n', 'e']",969,2
5351,,CASRQTRTATNYGYTF,,,,,,0.00012983640612827837,None,subset_2.tsv,"['N', 'o', 'n', 'e']",969,2
875,,CASSSPVGLAEYEQYF,,,,,,0.00012983640612827837,None,subset_2.tsv,"['N', 'o', 'n', 'e']",971,2
917,,CASSSPSGRTNYGYTF,,,,,,0.00012983640612827837,None,subset_2.tsv,"['N', 'o', 'n', 'e']",971,2
2583,,CSVEGYYSGVNYGYTF,,,,,,0.00012983640612827837,None,subset_2.tsv,"['N', 'o', 'n', 'e']",973,2
2846,,CSARNHNRGPEYGYTF,,,,,,0.00012983640612827837,None,subset_2.tsv,"['N', 'o', 'n', 'e']",973,2
8,,CASSLGVAGTNTGELFF,,,,,,0.00038950921838483513,None,subset_2.tsv,"['N', 'o', 'n', 'e']",978,3
1684,,CASSQGLNRDYTGELFF,,,,,,0.00012983640612827837,None,subset_2.tsv,"['N', 'o', 'n', 'e']",978,3
7501,,CASSLGLAAIYTGELFF,,,,,,0.00012983640612827837,None,subset_2.tsv,"['N', 'o', 'n', 'e']",978,3
2118,,CSANRRASGRNTGELFF,,,,,,0.00012983640612827837,None,subset_2.tsv,"['N', 'o', 'n', 'e']",980,2
5290,,CASRTRLAGTNTGELFF,,,,,,0.00012983640612827837,None,subset_2.tsv,"['N', 'o', 'n', 'e']",980,2
124,,CASSRGQSTANTGELFF,,,,,,0.00012983640612827837,None,subset_2.tsv,"['N', 'o', 'n', 'e']",981,2
6934,,CASSIRQNIANTGELFF,,,,,,0.00012983640612827837,None,subset_2.tsv,"['N', 'o', 'n', 'e']",981,2
4327,,CASSGSTGPSDYNEQFF,,,,,,0.00012983640612827837,None,subset_2.tsv,"['N', 'o', 'n', 'e']",982,2
5699,,CASRGVTGPRSYEQYF,,,,,,0.00012983640612827837,None,subset_2.tsv,"['N', 'o', 'n', 'e']",982,2
874,,CASSSLRGSIGTGELFF,,,,,,0.00012983640612827837,None,subset_2.tsv,"['N', 'o', 'n', 'e']",986,2
938,,CASSSLYGMANTGELFF,,,,,,0.00012983640612827837,None,subset_2.tsv,"['N', 'o', 'n', 'e']",986,2
4439,,CASSHRTGTFNYGYTF,,,,,,0.00012983640612827837,None,subset_2.tsv,"['N', 'o', 'n', 'e']",987,2
5588,,CASPTLRGVENTGELFF,,,,,,0.00012983640612827837,None,subset_2.tsv,"['N', 'o', 'n', 'e']",987,2
651,,CASSTQRIVTNTGELFF,,,,,,0.00012983640612827837,None,subset_2.tsv,"['N', 'o', 'n', 'e']",988,3
3255,,CASSVHKAETNTGELFF,,,,,,0.00012983640612827837,None,subset_2.tsv,"['N', 'o', 'n', 'e']",988,3
5423,,CASSANRDTEDTGELFF,,,,,,0.00012983640612827837,None,subset_2.tsv,"['N', 'o', 'n', 'e']",988,3
4041,,CASSFFVGRKNTGELFF,,,,,,0.00012983640612827837,None,subset_2.tsv,"['N', 'o', 'n', 'e']",990,2
4723,,CASSFTAGSANTGELFF,,,,,,0.00012983640612827837,None,subset_2.tsv,"['N', 'o', 'n', 'e']",990,2
1158,,CASSPTRGRKNTGELFF,,,,,,0.00012983640612827837,None,subset_2.tsv,"['N', 'o', 'n', 'e']",991,2
3664,,CASSYPGGYPNTGELFF,,,,,,0.00012983640612827837,None,subset_2.tsv,"['N', 'o', 'n', 'e']",991,2
4204,,CASSEAVLAGGPGDF,,,,,,0.00012983640612827837,None,subset_2.tsv,"['N', 'o', 'n', 'e']",992,3
4210,,CASSEARLAGVRGQFF,,,,,,0.00012983640612827837,None,subset_2.tsv,"['N', 'o', 'n', 'e']",992,3
4211,,CASSEARLAGAYEQYF,,,,,,0.00012983640612827837,None,subset_2.tsv,"['N', 'o', 'n', 'e']",992,3
3624,,CASSYSLLQGLTEAFF,,,,,,0.00012983640612827837,None,subset_2.tsv,"['N', 'o', 'n', 'e']",993,3
3782,,CASSYSRAEGDTEAFF,,,,,,0.00012983640612827837,None,subset_2.tsv,"['N', 'o', 'n', 'e']",993,3
3821,,CASSYSTNVGDTEAFF,,,,,,0.00012983640612827837,None,subset_2.tsv,"['N', 'o', 'n', 'e']",993,3
1499,,CASSQGAETGSTEAFF,,,,,,0.00012983640612827837,None,subset_2.tsv,"['N', 'o', 'n', 'e']",994,2
3637,,CASSYSIARGGTEAFF,,,,,,0.00012983640612827837,None,subset_2.tsv,"['N', 'o', 'n', 'e']",994,2
6360,,CASSPGTSGSRSDTQYF,,,,,,0.00012983640612827837,None,subset_2.tsv,"['N', 'o', 'n', 'e']",995,2
6381,,CASSPGLAGGQWDTQYF,,,,,,0.00012983640612827837,None,subset_2.tsv,"['N', 'o', 'n', 'e']",995,2
3670,,CASSYNLAGGPPDTQYF,,,,,,0.00012983640612827837,None,subset_2.tsv,"['N', 'o', 'n', 'e']",996,2
3724,,CASSYVPAGGPGNIQYF,,,,,,0.00012983640612827837,None,subset_2.tsv,"['N', 'o', 'n', 'e']",996,2
1492,,CASSQGATGGPPDTQYF,,,,,,0.00012983640612827837,None,subset_2.tsv,"['N', 'o', 'n', 'e']",997,2
6649,,CASSMGLAGGPLDEQYF,,,,,,0.00012983640612827837,None,subset_2.tsv,"['N', 'o', 'n', 'e']",997,2
357,,CASSQLSGSGGNEQFF,,,,,,0.00012983640612827837,None,subset_2.tsv,"['N', 'o', 'n', 'e']",998,2
3673,,CASSYLTSGGASEQFF,,,,,,0.00012983640612827837,None,subset_2.tsv,"['N', 'o', 'n', 'e']",998,2
1020,,CASSPTFYGVMDEQFF,,,,,,0.00012983640612827837,None,subset_2.tsv,"['N', 'o', 'n', 'e']",1001,3
1171,,CASSPTLAGLAKNIQYF,,,,,,0.00012983640612827837,None,subset_2.tsv,"['N', 'o', 'n', 'e']",1001,3
3838,,CASSETVIGTALEAFF,,,,,,0.00012983640612827837,None,subset_2.tsv,"['N', 'o', 'n', 'e']",1001,3
4122,,CASSDKLTGGGGNEQFF,,,,,,0.00012983640612827837,None,subset_2.tsv,"['N', 'o', 'n', 'e']",1004,2
6255,,CASSPEFSRGGLGEQYF,,,,,,0.00012983640612827837,None,subset_2.tsv,"['N', 'o', 'n', 'e']",1004,2
1116,,CASSPWRDLGGTDTQYF,,,,,,0.00012983640612827837,None,subset_2.tsv,"['N', 'o', 'n', 'e']",1005,2
4631,,CASSFLSERARGDTQYF,,,,,,0.00012983640612827837,None,subset_2.tsv,"['N', 'o', 'n', 'e']",1005,2
6479,,CASSLWGGGGIDEQFF,,,,,,0.00012983640612827837,None,subset_2.tsv,"['N', 'o', 'n', 'e']",1007,2
6834,,CASSLEGGGVGIEQFF,,,,,,0.00012983640612827837,None,subset_2.tsv,"['N', 'o', 'n', 'e']",1007,2
6009,,CASSLPSGGPSGELFF,,,,,,0.00012983640612827837,None,subset_2.tsv,"['N', 'o', 'n', 'e']",1008,2
6684,,CASSLASRGQSGELFF,,,,,,0.00012983640612827837,None,subset_2.tsv,"['N', 'o', 'n', 'e']",1008,2
5954,,CASSLTLGFLARELFF,,,,,,0.00012983640612827837,None,subset_2.tsv,"['N', 'o', 'n', 'e']",1009,3
6493,,CASSLVGRVLAGELFF,,,,,,0.00012983640612827837,None,subset_2.tsv,"['N', 'o', 'n', 'e']",1009,3
7294,,CASSLLPGSRGGELFF,,,,,,0.00012983640612827837,None,subset_2.tsv,"['N', 'o', 'n', 'e']",1009,3
5788,,CASSLSGTGEGTEAFF,,,,,,0.00012983640612827837,None,subset_2.tsv,"['N', 'o', 'n', 'e']",1012,2
6730,,CASSLAGPGAGGEQFF,,,,,,0.00012983640612827837,None,subset_2.tsv,"['N', 'o', 'n', 'e']",1012,2
1659,,CASSQGLAGVTGELFF,,,,,,0.00012983640612827837,None,subset_2.tsv,"['N', 'o', 'n', 'e']",1015,3
7498,,CASSLGLAGDTGELFF,,,,,,0.00012983640612827837,None,subset_2.tsv,"['N', 'o', 'n', 'e']",1015,3
7551,,CASSLGLAGWGGELFF,,,,,,0.00012983640612827837,None,subset_2.tsv,"['N', 'o', 'n', 'e']",1015,3
7192,,CASSLGTSGPSHDIQYF,,,,,,0.00012983640612827837,None,subset_2.tsv,"['N', 'o', 'n', 'e']",1017,3
7516,,CASSLGGWTVNPHEQYF,,,,,,0.00012983640612827837,None,subset_2.tsv,"['N', 'o', 'n', 'e']",1017,3
7527,,CASSLGLAGPIGNEQFF,,,,,,0.00012983640612827837,None,subset_2.tsv,"['N', 'o', 'n', 'e']",1017,3
278,,CASSQRLVGEGTEAFF,,,,,,0.00012983640612827837,None,subset_2.tsv,"['N', 'o', 'n', 'e']",1018,2
7524,,CASSLGLAGEGNEQFF,,,,,,0.00012983640612827837,None,subset_2.tsv,"['N', 'o', 'n', 'e']",1018,2
5797,,CASSLSGQGAPNEQFF,,,,,,0.00012983640612827837,None,subset_2.tsv,"['N', 'o', 'n', 'e']",1019,3
7589,,CASSLGGSGAYNEQFF,,,,,,0.00012983640612827837,None,subset_2.tsv,"['N', 'o', 'n', 'e']",1019,3
7604,,CASSLGGPGLYNEQFF,,,,,,0.00012983640612827837,None,subset_2.tsv,"['N', 'o', 'n', 'e']",1019,3
6500,,CASSLVGTGLEEKLFF,,,,,,0.00012983640612827837,None,subset_2.tsv,"['N', 'o', 'n', 'e']",1020,3
6501,,CASSLVGTGAHNEQFF,,,,,,0.00012983640612827837,None,subset_2.tsv,"['N', 'o', 'n', 'e']",1020,3
6505,,CASSLVGSGRANEQFF,,,,,,0.00012983640612827837,None,subset_2.tsv,"['N', 'o', 'n', 'e']",1020,3
5628,,CASRLAGLAGVNEQFF,,,,,,0.00012983640612827837,None,subset_2.tsv,"['N', 'o', 'n', 'e']",1021,3
6781,,CASSLAGTSGRDEQFF,,,,,,0.00012983640612827837,None,subset_2.tsv,"['N', 'o', 'n', 'e']",1021,3
6784,,CASSLAGTGGSNEQFF,,,,,,0.00012983640612827837,None,subset_2.tsv,"['N', 'o', 'n', 'e']",1021,3
486,,CASSQVGQGAPGAFF,,,,,,0.00012983640612827837,None,subset_2.tsv,"['N', 'o', 'n', 'e']",1022,2
490,,CASSQVGLGDAGYTF,,,,,,0.00012983640612827837,None,subset_2.tsv,"['N', 'o', 'n', 'e']",1022,2
999,,CASSPSGQGAGGYTF,,,,,,0.00012983640612827837,None,subset_2.tsv,"['N', 'o', 'n', 'e']",1023,2
1630,,CASSQGGQGKGGYTF,,,,,,0.00012983640612827837,None,subset_2.tsv,"['N', 'o', 'n', 'e']",1023,2
6513,,CASSLVGQGGTGELFF,,,,,,0.00012983640612827837,None,subset_2.tsv,"['N', 'o', 'n', 'e']",1024,2
7238,,CASSLGRQGGAGELFF,,,,,,0.00012983640612827837,None,subset_2.tsv,"['N', 'o', 'n', 'e']",1024,2
6497,,CASSLVGVGGSGNTIYF,,,,,,0.00012983640612827837,None,subset_2.tsv,"['N', 'o', 'n', 'e']",1025,2
6514,,CASSLVGQGGRKETQYF,,,,,,0.00012983640612827837,None,subset_2.tsv,"['N', 'o', 'n', 'e']",1025,2
5160,,CASASSGQGARGYTF,,,,,,0.00012983640612827837,None,subset_2.tsv,"['N', 'o', 'n', 'e']",1026,2
6735,,CASSLAGQGGYGYTF,,,,,,0.00012983640612827837,None,subset_2.tsv,"['N', 'o', 'n', 'e']",1026,2
7517,,CASSLGGWGKDGYTF,,,,,,0.00012983640612827837,None,subset_2.tsv,"['N', 'o', 'n', 'e']",1028,3
7520,,CASSLGGVGRYGYTF,,,,,,0.00012983640612827837,None,subset_2.tsv,"['N', 'o', 'n', 'e']",1028,3
7594,,CASSLGGRGSYGYTF,,,,,,0.00012983640612827837,None,subset_2.tsv,"['N', 'o', 'n', 'e']",1028,3
4058,,CASSFGGERGQRYTF,,,,,,0.00012983640612827837,None,subset_2.tsv,"['N', 'o', 'n', 'e']",1029,2
7260,,CASSLGPPLGLGYTF,,,,,,0.00012983640612827837,None,subset_2.tsv,"['N', 'o', 'n', 'e']",1029,2
3776,,CASSYSRLGVAGNTGELFF,,,,,,0.00012983640612827837,None,subset_2.tsv,"['N', 'o', 'n', 'e']",1030,2
4519,,CASSHRGQAWITNTGELFF,,,,,,0.00012983640612827837,None,subset_2.tsv,"['N', 'o', 'n', 'e']",1030,2
1450,,CASSQALWGEPRNTEAFF,,,,,,0.00012983640612827837,None,subset_2.tsv,"['N', 'o', 'n', 'e']",1033,3
1579,,CASSQGSIGTPQNTEAFF,,,,,,0.00012983640612827837,None,subset_2.tsv,"['N', 'o', 'n', 'e']",1033,3
1634,,CASSQGKQGVRMNTEAFF,,,,,,0.00012983640612827837,None,subset_2.tsv,"['N', 'o', 'n', 'e']",1033,3
318,,CASSQSIPRDTIDYGYTF,,,,,,0.00012983640612827837,None,subset_2.tsv,"['N', 'o', 'n', 'e']",1034,2
1570,,CASSQGFYLSGWDTGELFF,,,,,,0.00012983640612827837,None,subset_2.tsv,"['N', 'o', 'n', 'e']",1034,2
5737,,CASSLSTDGPISNTGELFF,,,,,,0.00012983640612827837,None,subset_2.tsv,"['N', 'o', 'n', 'e']",1035,2
7163,,CASSLGSILPKDYYGYTF,,,,,,0.00012983640612827837,None,subset_2.tsv,"['N', 'o', 'n', 'e']",1035,2
1071,,CASSPSDLTATRDEQYF,,,,,,0.00012983640612827837,None,subset_2.tsv,"['N', 'o', 'n', 'e']",1036,2
3569,,CASTYSPLSHRTDTQYF,,,,,,0.00012983640612827837,None,subset_2.tsv,"['N', 'o', 'n', 'e']",1036,2
1005,,CASSPSRQGVPGETQYF,,,,,,0.00012983640612827837,None,subset_2.tsv,"['N', 'o', 'n', 'e']",1038,2
1025,,CASSPSYEGRPQETQYF,,,,,,0.00012983640612827837,None,subset_2.tsv,"['N', 'o', 'n', 'e']",1038,2
3591,,CASTTIWEGTLENTQYF,,,,,,0.00012983640612827837,None,subset_2.tsv,"['N', 'o', 'n', 'e']",1039,2
3867,,CASSFAKEGISTDTQYF,,,,,,0.00012983640612827837,None,subset_2.tsv,"['N', 'o', 'n', 'e']",1039,2
219,,CASSRRQALMVLDSEAFF,,,,,,0.00012983640612827837,None,subset_2.tsv,"['N', 'o', 'n', 'e']",1042,2
5660,,CASRNLAPLHSGANVLTF,,,,,,0.00012983640612827837,None,subset_2.tsv,"['N', 'o', 'n', 'e']",1042,2
5447,,CASRYRQIPISGNTIYF,,,,,,0.00012983640612827837,None,subset_2.tsv,"['N', 'o', 'n', 'e']",1043,2
6386,,CASSPGKDRFSGNTIYF,,,,,,0.00012983640612827837,None,subset_2.tsv,"['N', 'o', 'n', 'e']",1043,2
2219,,CATSGPGLAPSTDTQYF,,,,,,0.00012983640612827837,None,subset_2.tsv,"['N', 'o', 'n', 'e']",1044,2
5481,,CASSAEGQTFSTDTQYF,,,,,,0.00012983640612827837,None,subset_2.tsv,"['N', 'o', 'n', 'e']",1044,2
2527,,CSVRDRGQDLGTDTQYF,,,,,,0.00012983640612827837,None,subset_2.tsv,"['N', 'o', 'n', 'e']",1045,2
5333,,CASRPQGQPLSTDTQYF,,,,,,0.00012983640612827837,None,subset_2.tsv,"['N', 'o', 'n', 'e']",1045,2
77,,CASSRLGEDSSTDTQYF,,,,,,0.00012983640612827837,None,subset_2.tsv,"['N', 'o', 'n', 'e']",1046,2
7035,,CASSKTTEFTQEETQYF,,,,,,0.00012983640612827837,None,subset_2.tsv,"['N', 'o', 'n', 'e']",1046,2
115,,CASSRGRGVGSTDTQYF,,,,,,0.00012983640612827837,None,subset_2.tsv,"['N', 'o', 'n', 'e']",1048,2
5505,,CASRALLLAGGIDTQYF,,,,,,0.00012983640612827837,None,subset_2.tsv,"['N', 'o', 'n', 'e']",1048,2
669,,CASSTRGTDTSTDTQYF,,,,,,0.00012983640612827837,None,subset_2.tsv,"['N', 'o', 'n', 'e']",1049,3
4156,,CASSASSVQLLGDTQYF,,,,,,0.00012983640612827837,None,subset_2.tsv,"['N', 'o', 'n', 'e']",1049,3
4481,,CASSHRTRFRSTDTQYF,,,,,,0.00012983640612827837,None,subset_2.tsv,"['N', 'o', 'n', 'e']",1049,3
348,,CASSQITDRVTGNTIYF,,,,,,0.00012983640612827837,None,subset_2.tsv,"['N', 'o', 'n', 'e']",1050,2
468,,CASSQTRDSHSGNTIYF,,,,,,0.00012983640612827837,None,subset_2.tsv,"['N', 'o', 'n', 'e']",1050,2
6195,,CASSLVGIEREGETQYF,,,,,,0.00012983640612827837,None,subset_2.tsv,"['N', 'o', 'n', 'e']",1053,2
7059,,CASSLAGDKSLTDTQYF,,,,,,0.00012983640612827837,None,subset_2.tsv,"['N', 'o', 'n', 'e']",1053,2
6148,,CASSLQRVQRGTDTQYF,,,,,,0.00012983640612827837,None,subset_2.tsv,"['N', 'o', 'n', 'e']",1054,2
6626,,CASSLYGAPTSTDTQYF,,,,,,0.00012983640612827837,None,subset_2.tsv,"['N', 'o', 'n', 'e']",1054,2
5746,,CASSLSRWRQAKNIQYF,,,,,,0.00012983640612827837,None,subset_2.tsv,"['N', 'o', 'n', 'e']",1055,3
5794,,CASSLSGQRVSGNTIYF,,,,,,0.00012983640612827837,None,subset_2.tsv,"['N', 'o', 'n', 'e']",1055,3
6112,,CASSLSGAYERGETQYF,,,,,,0.00012983640612827837,None,subset_2.tsv,"['N', 'o', 'n', 'e']",1055,3
3120,,CASSVEAGASSGNTIYF,,,,,,0.00012983640612827837,None,subset_2.tsv,"['N', 'o', 'n', 'e']",1058,3
3862,,CASSFIQGAPSGNTIYF,,,,,,0.00012983640612827837,None,subset_2.tsv,"['N', 'o', 'n', 'e']",1058,3
7046,,CASSKQQGIRAKNIQYF,,,,,,0.00012983640612827837,None,subset_2.tsv,"['N', 'o', 'n', 'e']",1058,3
772,,CASSSIRGPLSGNTIYF,,,,,,0.00012983640612827837,None,subset_2.tsv,"['N', 'o', 'n', 'e']",1059,2
4968,,CASISLGLRWRGNTIYF,,,,,,0.00012983640612827837,None,subset_2.tsv,"['N', 'o', 'n', 'e']",1059,2
6522,,CASSLVHSLWGLSTEAFF,,,,,,0.00012983640612827837,None,subset_2.tsv,"['N', 'o', 'n', 'e']",1061,2
7478,,CASSLEVVLWTGNTEAFF,,,,,,0.00012983640612827837,None,subset_2.tsv,"['N', 'o', 'n', 'e']",1061,2
7391,,CASSLFYRDRSGNTIYF,,,,,,0.00012983640612827837,None,subset_2.tsv,"['N', 'o', 'n', 'e']",1062,2
7435,,CASSLFGRDLGGYTF,,,,,,0.00012983640612827837,None,subset_2.tsv,"['N', 'o', 'n', 'e']",1062,2
492,,CASSQVGLAGSRETQYF,,,,,,0.00012983640612827837,None,subset_2.tsv,"['N', 'o', 'n', 'e']",1064,3
3649,,CASSYSGLALSTDTQYF,,,,,,0.00012983640612827837,None,subset_2.tsv,"['N', 'o', 'n', 'e']",1064,3
3726,,CASSYVGTSGVGETQYF,,,,,,0.00012983640612827837,None,subset_2.tsv,"['N', 'o', 'n', 'e']",1064,3
3603,,CASSYSETSGSGETQYF,,,,,,0.00012983640612827837,None,subset_2.tsv,"['N', 'o', 'n', 'e']",1065,2
7289,,CASSLLEAGGPADTQYF,,,,,,0.00012983640612827837,None,subset_2.tsv,"['N', 'o', 'n', 'e']",1065,2
5727,,CASSLSVIAGGRETQYF,,,,,,0.00012983640612827837,None,subset_2.tsv,"['N', 'o', 'n', 'e']",1066,2
7414,,CASSLGFLAGGNEQFF,,,,,,0.00012983640612827837,None,subset_2.tsv,"['N', 'o', 'n', 'e']",1066,2
6535,,CASSLVPGQGSLDTQYF,,,,,,0.00012983640612827837,None,subset_2.tsv,"['N', 'o', 'n', 'e']",1067,3
6544,,CASSLVLGQGHTDTQYF,,,,,,0.00012983640612827837,None,subset_2.tsv,"['N', 'o', 'n', 'e']",1067,3
7228,,CASSLGPSEGGAETQYF,,,,,,0.00012983640612827837,None,subset_2.tsv,"['N', 'o', 'n', 'e']",1067,3
4881,,CASGLVRGQGNGYTF,,,,,,0.00012983640612827837,None,subset_2.tsv,"['N', 'o', 'n', 'e']",1068,2
5950,,CASSLTPAEGRGYTF,,,,,,0.00012983640612827837,None,subset_2.tsv,"['N', 'o', 'n', 'e']",1068,2
5939,,CASSLTPRRGFQETQYF,,,,,,0.00012983640612827837,None,subset_2.tsv,"['N', 'o', 'n', 'e']",1069,3
6109,,CASSLRVGQGLSYEQYF,,,,,,0.00012983640612827837,None,subset_2.tsv,"['N', 'o', 'n', 'e']",1069,3
6167,,CASSLRDRALNSYEQYF,,,,,,0.00012983640612827837,None,subset_2.tsv,"['N', 'o', 'n', 'e']",1069,3
7072,,CASSLADRFLAENTIYF,,,,,,0.00012983640612827837,None,subset_2.tsv,"['N', 'o', 'n', 'e']",1070,2
7422,,CASSLGDTLLAKNIQYF,,,,,,0.00012983640612827837,None,subset_2.tsv,"['N', 'o', 'n', 'e']",1070,2
6979,,CASSIGQGLSLWETQYF,,,,,,0.00012983640612827837,None,subset_2.tsv,"['N', 'o', 'n', 'e']",1072,3
7178,,CASSLGVGLRNTDTQYF,,,,,,0.00012983640612827837,None,subset_2.tsv,"['N', 'o', 'n', 'e']",1072,3
7202,,CASSLGQGLPSTDTQYF,,,,,,0.00012983640612827837,None,subset_2.tsv,"['N', 'o', 'n', 'e']",1072,3
1585,,CASSQGQGSNYGYTF,,,,,,0.00012983640612827837,None,subset_2.tsv,"['N', 'o', 'n', 'e']",1073,4
6415,,CASSPGQGAIYGYTF,,,,,,0.00012983640612827837,None,subset_2.tsv,"['N', 'o', 'n', 'e']",1073,4
6646,,CASSMGQGILYGYTF,,,,,,0.00012983640612827837,None,subset_2.tsv,"['N', 'o', 'n', 'e']",1073,4
6976,,CASSIGQTRDYGYTF,,,,,,0.00012983640612827837,None,subset_2.tsv,"['N', 'o', 'n', 'e']",1073,4
840,,CASSSGSRGGYGYTF,,,,,,0.00012983640612827837,None,subset_2.tsv,"['N', 'o', 'n', 'e']",1074,2
7148,,CASSLGTGGGDGYTF,,,,,,0.00012983640612827837,None,subset_2.tsv,"['N', 'o', 'n', 'e']",1074,2
7273,,CASSLLAGGITGYTF,,,,,,0.00012983640612827837,None,subset_2.tsv,"['N', 'o', 'n', 'e']",1076,2
7386,,CASSLGAGGYTF,,,,,,0.00012983640612827837,None,subset_2.tsv,"['N', 'o', 'n', 'e']",1076,2
3312,,CASSVGSSGIYGELFF,,,,,,0.00012983640612827837,None,subset_2.tsv,"['N', 'o', 'n', 'e']",1077,2
4422,,CASSHGSGSPYGYTF,,,,,,0.00012983640612827837,None,subset_2.tsv,"['N', 'o', 'n', 'e']",1077,2
484,,CASSQVGSWWWADTQYF,,,,,,0.00012983640612827837,None,subset_2.tsv,"['N', 'o', 'n', 'e']",1079,2
1139,,CASSQAGGSVRTDTQYF,,,,,,0.00012983640612827837,None,subset_2.tsv,"['N', 'o', 'n', 'e']",1079,2
3318,,CASSVGGGDISTDTQYF,,,,,,0.00012983640612827837,None,subset_2.tsv,"['N', 'o', 'n', 'e']",1080,3
4237,,CASSEGGGALSTDTQYF,,,,,,0.00012983640612827837,None,subset_2.tsv,"['N', 'o', 'n', 'e']",1080,3
7565,,CASSLGGGTGRTDTQYF,,,,,,0.00012983640612827837,None,subset_2.tsv,"['N', 'o', 'n', 'e']",1080,3
6343,,CASSPGTGEVYGYTF,,,,,,0.00012983640612827837,None,subset_2.tsv,"['N', 'o', 'n', 'e']",1084,2
6344,,CASSPGTGFIYGYTF,,,,,,0.00012983640612827837,None,subset_2.tsv,"['N', 'o', 'n', 'e']",1084,2
3800,,CASSYSMGYRGRNTEAFF,,,,,,0.00012983640612827837,None,subset_2.tsv,"['N', 'o', 'n', 'e']",1085,2
4423,,CASSHGTGPSSGNTIYF,,,,,,0.00012983640612827837,None,subset_2.tsv,"['N', 'o', 'n', 'e']",1085,2
2816,,CSASEGAGEVYGYTF,,,,,,0.00012983640612827837,None,subset_2.tsv,"['N', 'o', 'n', 'e']",1086,2
5032,,CAISEGIGQNYGYTF,,,,,,0.00012983640612827837,None,subset_2.tsv,"['N', 'o', 'n', 'e']",1086,2
1779,,CASSQAYYQPSGNTIYF,,,,,,0.00012983640612827837,None,subset_2.tsv,"['N', 'o', 'n', 'e']",1087,2
4283,,CASSEAFTELYGYTF,,,,,,0.00012983640612827837,None,subset_2.tsv,"['N', 'o', 'n', 'e']",1087,2
6498,,CASSLVGTSATGELFF,,,,,,0.00012983640612827837,None,subset_2.tsv,"['N', 'o', 'n', 'e']",1092,4
6775,,CASSLAGWSYTGELFF,,,,,,0.00012983640612827837,None,subset_2.tsv,"['N', 'o', 'n', 'e']",1092,4
7061,,CASSLAGAKNTGELFF,,,,,,0.00012983640612827837,None,subset_2.tsv,"['N', 'o', 'n', 'e']",1092,4
7374,,CASSLIGTANTGELFF,,,,,,0.00012983640612827837,None,subset_2.tsv,"['N', 'o', 'n', 'e']",1092,4
6620,,CASSLYGNLGTGELFF,,,,,,0.00012983640612827837,None,subset_2.tsv,"['N', 'o', 'n', 'e']",1093,2
7335,,CASSLHRGSSTGELFF,,,,,,0.00012983640612827837,None,subset_2.tsv,"['N', 'o', 'n', 'e']",1093,2
554,,CASSSVGARGTGELFF,,,,,,0.00012983640612827837,None,subset_2.tsv,"['N', 'o', 'n', 'e']",1094,4
5751,,CASSLSWDSLTGELFF,,,,,,0.00012983640612827837,None,subset_2.tsv,"['N', 'o', 'n', 'e']",1094,4
5811,,CASSLSGWSGTGELFF,,,,,,0.00012983640612827837,None,subset_2.tsv,"['N', 'o', 'n', 'e']",1094,4
6099,,CASSLRRDVSTGELFF,,,,,,0.00012983640612827837,None,subset_2.tsv,"['N', 'o', 'n', 'e']",1094,4
506,,CASSSTGTSNTGELFF,,,,,,0.00012983640612827837,None,subset_2.tsv,"['N', 'o', 'n', 'e']",1095,3
514,,CASSSTKRQSTGELFF,,,,,,0.00012983640612827837,None,subset_2.tsv,"['N', 'o', 'n', 'e']",1095,3
518,,CASSSTGTVSLEKLFF,,,,,,0.00012983640612827837,None,subset_2.tsv,"['N', 'o', 'n', 'e']",1095,3
255,,CASSRTGGINTGELFF,,,,,,0.00012983640612827837,None,subset_2.tsv,"['N', 'o', 'n', 'e']",1096,2
4311,,CASSGTSGVHTGELFF,,,,,,0.00012983640612827837,None,subset_2.tsv,"['N', 'o', 'n', 'e']",1096,2
4321,,CASSGTGGVGYSPLHF,,,,,,0.00012983640612827837,None,subset_2.tsv,"['N', 'o', 'n', 'e']",1097,3
4708,,CASSGGGGRSTGELFF,,,,,,0.00012983640612827837,None,subset_2.tsv,"['N', 'o', 'n', 'e']",1097,3
5138,,CASEGAGGFRTGELFF,,,,,,0.00012983640612827837,None,subset_2.tsv,"['N', 'o', 'n', 'e']",1097,3
916,,CASSSPSGSGTGELFF,,,,,,0.00012983640612827837,None,subset_2.tsv,"['N', 'o', 'n', 'e']",1098,2
5007,,CASKGYSGSATGELFF,,,,,,0.00012983640612827837,None,subset_2.tsv,"['N', 'o', 'n', 'e']",1098,2
652,,CASSTQTGSNTGELFF,,,,,,0.00012983640612827837,None,subset_2.tsv,"['N', 'o', 'n', 'e']",1099,2
915,,CASSSQTSGSTGELFF,,,,,,0.00012983640612827837,None,subset_2.tsv,"['N', 'o', 'n', 'e']",1099,2
556,,CASSSVASGSTGELFF,,,,,,0.00012983640612827837,None,subset_2.tsv,"['N', 'o', 'n', 'e']",1100,2
806,,CASSSGLVSNTGELFF,,,,,,0.00012983640612827837,None,subset_2.tsv,"['N', 'o', 'n', 'e']",1100,2
5433,,CASSADRDGNTGELFF,,,,,,0.00012983640612827837,None,subset_2.tsv,"['N', 'o', 'n', 'e']",1101,2
5475,,CASSAFLAGITGELFF,,,,,,0.00012983640612827837,None,subset_2.tsv,"['N', 'o', 'n', 'e']",1101,2
249,,CASSRTVWSITGELFF,,,,,,0.00012983640612827837,None,subset_2.tsv,"['N', 'o', 'n', 'e']",1102,3
2212,,CATSGVVPSNTGELFF,,,,,,0.00012983640612827837,None,subset_2.tsv,"['N', 'o', 'n', 'e']",1102,3
4490,,CASSHLLAGNTGELFF,,,,,,0.00012983640612827837,None,subset_2.tsv,"['N', 'o', 'n', 'e']",1102,3
3548,,CASTSAGTPSYEQYF,,,,,,0.00012983640612827837,None,subset_2.tsv,"['N', 'o', 'n', 'e']",1103,2
5281,,CASRSSPTDSYEQYF,,,,,,0.00012983640612827837,None,subset_2.tsv,"['N', 'o', 'n', 'e']",1103,2
3381,,CASTLWGAPNYGYTF,,,,,,0.00012983640612827837,None,subset_2.tsv,"['N', 'o', 'n', 'e']",1104,2
4846,,CASGLGGLINYGYTF,,,,,,0.00012983640612827837,None,subset_2.tsv,"['N', 'o', 'n', 'e']",1104,2
550,,CASSSVRGPNYGYTF,,,,,,0.00012983640612827837,None,subset_2.tsv,"['N', 'o', 'n', 'e']",1105,6
5753,,CASSLVGGVNYGYTF,,,,,,0.00012983640612827837,None,subset_2.tsv,"['N', 'o', 'n', 'e']",1105,6
6062,,CASSLNPSFNYGYTF,,,,,,0.00012983640612827837,None,subset_2.tsv,"['N', 'o', 'n', 'e']",1105,6
6693,,CASSLAPGIHYGYTF,,,,,,0.00012983640612827837,None,subset_2.tsv,"['N', 'o', 'n', 'e']",1105,6
6703,,CASSLAYGPNYGYTF,,,,,,0.00012983640612827837,None,subset_2.tsv,"['N', 'o', 'n', 'e']",1105,6
7201,,CASSLGWGENYGYTF,,,,,,0.00012983640612827837,None,subset_2.tsv,"['N', 'o', 'n', 'e']",1105,6
403,,CASSQVRRANYGYTF,,,,,,0.00012983640612827837,None,subset_2.tsv,"['N', 'o', 'n', 'e']",1106,3
409,,CASSQVPMVNYGYTF,,,,,,0.00012983640612827837,None,subset_2.tsv,"['N', 'o', 'n', 'e']",1106,3
413,,CASSQVPANYYGYTF,,,,,,0.00012983640612827837,None,subset_2.tsv,"['N', 'o', 'n', 'e']",1106,3
5826,,CASSLSPFYSYGYTF,,,,,,0.00012983640612827837,None,subset_2.tsv,"['N', 'o', 'n', 'e']",1107,3
6728,,CASSLAPDNYYGYTF,,,,,,0.00012983640612827837,None,subset_2.tsv,"['N', 'o', 'n', 'e']",1107,3
7420,,CASSLGEEANYGYTF,,,,,,0.00012983640612827837,None,subset_2.tsv,"['N', 'o', 'n', 'e']",1107,3
793,,CASSSKQGSNYGYTF,,,,,,0.00012983640612827837,None,subset_2.tsv,"['N', 'o', 'n', 'e']",1108,2
6666,,CASSLYQGSNYGYTF,,,,,,0.00012983640612827837,None,subset_2.tsv,"['N', 'o', 'n', 'e']",1108,2
194,,CASSSFDSGNYGYTF,,,,,,0.00012983640612827837,None,subset_2.tsv,"['N', 'o', 'n', 'e']",1109,3
6641,,CASSLYQDGVYGYTF,,,,,,0.00012983640612827837,None,subset_2.tsv,"['N', 'o', 'n', 'e']",1109,3
7331,,CASSLHVMGNYGYTF,,,,,,0.00012983640612827837,None,subset_2.tsv,"['N', 'o', 'n', 'e']",1109,3
1923,,CASSTRVINNYGYTF,,,,,,0.00012983640612827837,None,subset_2.tsv,"['N', 'o', 'n', 'e']",1110,3
5401,,CASSARDTTNYGYTF,,,,,,0.00012983640612827837,None,subset_2.tsv,"['N', 'o', 'n', 'e']",1110,3
5403,,CASSARDGDNYGYTF,,,,,,0.00012983640612827837,None,subset_2.tsv,"['N', 'o', 'n', 'e']",1110,3
786,,CASSSLEDREYGYTF,,,,,,0.00012983640612827837,None,subset_2.tsv,"['N', 'o', 'n', 'e']",1111,2
870,,CASSSQDAANYGYTF,,,,,,0.00012983640612827837,None,subset_2.tsv,"['N', 'o', 'n', 'e']",1111,2
4759,,CASSFWDRGNTGELFF,,,,,,0.00012983640612827837,None,subset_2.tsv,"['N', 'o', 'n', 'e']",1113,2
6488,,CASSLWDRGNTGELFF,,,,,,0.00012983640612827837,None,subset_2.tsv,"['N', 'o', 'n', 'e']",1113,2
4450,,CASSHSDYTNTGELFF,,,,,,0.00012983640612827837,None,subset_2.tsv,"['N', 'o', 'n', 'e']",1114,2
4722,,CASSFTEKLFF,,,,,,0.00012983640612827837,None,subset_2.tsv,"['N', 'o', 'n', 'e']",1114,2
3872,,CASSFAAAANTGELFF,,,,,,0.00012983640612827837,None,subset_2.tsv,"['N', 'o', 'n', 'e']",1115,2
4544,,CASSFRESTNTGELFF,,,,,,0.00012983640612827837,None,subset_2.tsv,"['N', 'o', 'n', 'e']",1115,2
4140,,CASSASDGTGNGYTF,,,,,,0.00012983640612827837,None,subset_2.tsv,"['N', 'o', 'n', 'e']",1117,3
5398,,CASSAMDRGADGYTF,,,,,,0.00012983640612827837,None,subset_2.tsv,"['N', 'o', 'n', 'e']",1117,3
7045,,CASSKRDLGGYGYTF,,,,,,0.00012983640612827837,None,subset_2.tsv,"['N', 'o', 'n', 'e']",1117,3
3681,,CASSYLPATPYGYTF,,,,,,0.00012983640612827837,None,subset_2.tsv,"['N', 'o', 'n', 'e']",1118,2
4603,,CASSFLIRGSYGYTF,,,,,,0.00012983640612827837,None,subset_2.tsv,"['N', 'o', 'n', 'e']",1118,2
1019,,CASSPTGAGPYGYTF,,,,,,0.00012983640612827837,None,subset_2.tsv,"['N', 'o', 'n', 'e']",1119,2
3687,,CASSYRPHGQYGYTF,,,,,,0.00012983640612827837,None,subset_2.tsv,"['N', 'o', 'n', 'e']",1119,2
1994,,CAWSVPGLINTGELFF,,,,,,0.00012983640612827837,None,subset_2.tsv,"['N', 'o', 'n', 'e']",1120,5
3142,,CASSVDGGDPPWELFF,,,,,,0.00012983640612827837,None,subset_2.tsv,"['N', 'o', 'n', 'e']",1120,5
3177,,CASSVDDSFYTGELFF,,,,,,0.00012983640612827837,None,subset_2.tsv,"['N', 'o', 'n', 'e']",1120,5
6576,,CASSMPGLVFPGELFF,,,,,,0.00012983640612827837,None,subset_2.tsv,"['N', 'o', 'n', 'e']",1120,5
6595,,CASSNPRLDATGELFF,,,,,,0.00012983640612827837,None,subset_2.tsv,"['N', 'o', 'n', 'e']",1120,5
4639,,CASSFPGTPTREDTQYF,,,,,,0.00012983640612827837,None,subset_2.tsv,"['N', 'o', 'n', 'e']",1121,2
5416,,CASSAPGGPHSTDTQYF,,,,,,0.00012983640612827837,None,subset_2.tsv,"['N', 'o', 'n', 'e']",1121,2
4351,,CASSHEVGEIYGYTF,,,,,,0.00012983640612827837,None,subset_2.tsv,"['N', 'o', 'n', 'e']",1122,2
4717,,CASSFYPGQDYGYTF,,,,,,0.00012983640612827837,None,subset_2.tsv,"['N', 'o', 'n', 'e']",1122,2
632,,CASSTPGTHPLGYTF,,,,,,0.00012983640612827837,None,subset_2.tsv,"['N', 'o', 'n', 'e']",1123,2
3140,,CASSVDGREDYGYTF,,,,,,0.00012983640612827837,None,subset_2.tsv,"['N', 'o', 'n', 'e']",1123,2
2038,,CQQQKVGTENTGELFF,,,,,,0.00012983640612827837,None,subset_2.tsv,"['N', 'o', 'n', 'e']",1124,2
3520,,CATIGPGAPNTGELFF,,,,,,0.00012983640612827837,None,subset_2.tsv,"['N', 'o', 'n', 'e']",1124,2
2537,,CSVRGQGSLMNTEAFF,,,,,,0.00012983640612827837,None,subset_2.tsv,"['N', 'o', 'n', 'e']",1125,2
5223,,CAPRGQGALDCTEAFF,,,,,,0.00012983640612827837,None,subset_2.tsv,"['N', 'o', 'n', 'e']",1125,2
2075,,CSALNRDGKTYNEQFF,,,,,,0.00012983640612827837,None,subset_2.tsv,"['N', 'o', 'n', 'e']",1127,2
2326,,CAWGVTHNPNHNEQFF,,,,,,0.00012983640612827837,None,subset_2.tsv,"['N', 'o', 'n', 'e']",1127,2
4734,,CASSFYFKEEYNEQFF,,,,,,0.00012983640612827837,None,subset_2.tsv,"['N', 'o', 'n', 'e']",1128,2
5295,,CASRTPQKELWNEQFF,,,,,,0.00012983640612827837,None,subset_2.tsv,"['N', 'o', 'n', 'e']",1128,2
5002,,CASKNPGIPLGDEQFF,,,,,,0.00012983640612827837,None,subset_2.tsv,"['N', 'o', 'n', 'e']",1129,3
5535,,CASREKGHRRDNEQFF,,,,,,0.00012983640612827837,None,subset_2.tsv,"['N', 'o', 'n', 'e']",1129,3
5696,,CASRHIGLEVHNEQFF,,,,,,0.00012983640612827837,None,subset_2.tsv,"['N', 'o', 'n', 'e']",1129,3
4893,,CASGLNMDRGVSEAFF,,,,,,0.00012983640612827837,None,subset_2.tsv,"['N', 'o', 'n', 'e']",1130,2
5513,,CASQVDTFTDGGELFF,,,,,,0.00012983640612827837,None,subset_2.tsv,"['N', 'o', 'n', 'e']",1130,2
301,,CASSQTGADFYGYTF,,,,,,0.00012983640612827837,None,subset_2.tsv,"['N', 'o', 'n', 'e']",1131,3
465,,CASSQTRRPLYGYTF,,,,,,0.00012983640612827837,None,subset_2.tsv,"['N', 'o', 'n', 'e']",1131,3
1529,,CASSQEGDPNYGYTF,,,,,,0.00012983640612827837,None,subset_2.tsv,"['N', 'o', 'n', 'e']",1131,3
1245,,CASSPNPDSHYGYTF,,,,,,0.00012983640612827837,None,subset_2.tsv,"['N', 'o', 'n', 'e']",1134,5
1334,,CASSPQLTVNYGYTF,,,,,,0.00012983640612827837,None,subset_2.tsv,"['N', 'o', 'n', 'e']",1134,5
1341,,CASSPQWELNYGYTF,,,,,,0.00012983640612827837,None,subset_2.tsv,"['N', 'o', 'n', 'e']",1134,5
3861,,CASSEVYENSNGYTF,,,,,,0.00012983640612827837,None,subset_2.tsv,"['N', 'o', 'n', 'e']",1134,5
5565,,CASNPIEDPIYGYTF,,,,,,0.00012983640612827837,None,subset_2.tsv,"['N', 'o', 'n', 'e']",1134,5
95,,CASSRPVAVIYGYTF,,,,,,0.00012983640612827837,None,subset_2.tsv,"['N', 'o', 'n', 'e']",1135,2
4568,,CASSFPSDRDYGYTF,,,,,,0.00012983640612827837,None,subset_2.tsv,"['N', 'o', 'n', 'e']",1135,2
1823,,CASSQDSPTNYGYTF,,,,,,0.00012983640612827837,None,subset_2.tsv,"['N', 'o', 'n', 'e']",1136,3
6298,,CASSPDSDPNYGYTF,,,,,,0.00012983640612827837,None,subset_2.tsv,"['N', 'o', 'n', 'e']",1136,3
6309,,CASSPDRDRVYGYTF,,,,,,0.00012983640612827837,None,subset_2.tsv,"['N', 'o', 'n', 'e']",1136,3
1731,,CASSQDLQVNTGELFF,,,,,,0.00012983640612827837,None,subset_2.tsv,"['N', 'o', 'n', 'e']",1137,3
3068,,CASSYDLPRNTGELFF,,,,,,0.00012983640612827837,None,subset_2.tsv,"['N', 'o', 'n', 'e']",1137,3
6894,,CASSLDPQKNTGELFF,,,,,,0.00012983640612827837,None,subset_2.tsv,"['N', 'o', 'n', 'e']",1137,3
800,,CASSSRLAPNTGELFF,,,,,,0.00012983640612827837,None,subset_2.tsv,"['N', 'o', 'n', 'e']",1138,3
6701,,CASSLCCSPNTGELFF,,,,,,0.00012983640612827837,None,subset_2.tsv,"['N', 'o', 'n', 'e']",1138,3
7365,,CASSLINRENTGELFF,,,,,,0.00012983640612827837,None,subset_2.tsv,"['N', 'o', 'n', 'e']",1138,3
1633,,CASSQGLADNTGELFF,,,,,,0.00012983640612827837,None,subset_2.tsv,"['N', 'o', 'n', 'e']",1139,3
4905,,CASLVVLETNTGELFF,,,,,,0.00012983640612827837,None,subset_2.tsv,"['N', 'o', 'n', 'e']",1139,3
5162,,CASEQVAVMNTGELFF,,,,,,0.00012983640612827837,None,subset_2.tsv,"['N', 'o', 'n', 'e']",1139,3
223,,CASSRRGQPNTGELFF,,,,,,0.00012983640612827837,None,subset_2.tsv,"['N', 'o', 'n', 'e']",1140,2
4812,,CASIARTQRNTGELFF,,,,,,0.00012983640612827837,None,subset_2.tsv,"['N', 'o', 'n', 'e']",1140,2
4729,,CASSFSSYDNTGELFF,,,,,,0.00012983640612827837,None,subset_2.tsv,"['N', 'o', 'n', 'e']",1141,2
5326,,CASRPSVDHNTGELFF,,,,,,0.00012983640612827837,None,subset_2.tsv,"['N', 'o', 'n', 'e']",1141,2
1061,,CASSPRGVENTGELFF,,,,,,0.00012983640612827837,None,subset_2.tsv,"['N', 'o', 'n', 'e']",1142,2
1182,,CASSPTGLANTGELFF,,,,,,0.00012983640612827837,None,subset_2.tsv,"['N', 'o', 'n', 'e']",1142,2
1414,,CASSPPGALNTGELFF,,,,,,0.00012983640612827837,None,subset_2.tsv,"['N', 'o', 'n', 'e']",1143,2
3663,,CASSYPGHENTGELFF,,,,,,0.00012983640612827837,None,subset_2.tsv,"['N', 'o', 'n', 'e']",1143,2
4099,,CASSDHRGIWPGELFF,,,,,,0.00012983640612827837,None,subset_2.tsv,"['N', 'o', 'n', 'e']",1144,3
4649,,CASSFNMGVDTGELFF,,,,,,0.00012983640612827837,None,subset_2.tsv,"['N', 'o', 'n', 'e']",1144,3
5488,,CASRDAYGRNTGELFF,,,,,,0.00012983640612827837,None,subset_2.tsv,"['N', 'o', 'n', 'e']",1144,3
3216,,CASSVASGGYTGELFF,,,,,,0.00012983640612827837,None,subset_2.tsv,"['N', 'o', 'n', 'e']",1145,2
5437,,CASSAASGRAYGELFF,,,,,,0.00012983640612827837,None,subset_2.tsv,"['N', 'o', 'n', 'e']",1145,2
1076,,CASSPRTSGIHNEQFF,,,,,,0.00012983640612827837,None,subset_2.tsv,"['N', 'o', 'n', 'e']",1147,2
1086,,CASSPRTGGRDTIYF,,,,,,0.00012983640612827837,None,subset_2.tsv,"['N', 'o', 'n', 'e']",1147,2
1271,,CASSPMGGGDTGELFF,,,,,,0.00012983640612827837,None,subset_2.tsv,"['N', 'o', 'n', 'e']",1149,2
3880,,CASSEYGGGVAGELFF,,,,,,0.00012983640612827837,None,subset_2.tsv,"['N', 'o', 'n', 'e']",1149,2
1083,,CASSPRTGTYNSPLHF,,,,,,0.00012983640612827837,None,subset_2.tsv,"['N', 'o', 'n', 'e']",1151,2
1203,,CASSPTTGSYNSPLHF,,,,,,0.00012983640612827837,None,subset_2.tsv,"['N', 'o', 'n', 'e']",1151,2
1204,,CASSPTTGGRNEKLFF,,,,,,0.00012983640612827837,None,subset_2.tsv,"['N', 'o', 'n', 'e']",1152,2
1343,,CASSPQTGGSNQPQHF,,,,,,0.00012983640612827837,None,subset_2.tsv,"['N', 'o', 'n', 'e']",1152,2
1252,,CASSPPAGGQNSPLHF,,,,,,0.00012983640612827837,None,subset_2.tsv,"['N', 'o', 'n', 'e']",1153,2
7133,,CASSIYAGGYTGELFF,,,,,,0.00012983640612827837,None,subset_2.tsv,"['N', 'o', 'n', 'e']",1153,2
4668,,CASSGDSSGNTIYF,,,,,,0.00012983640612827837,None,subset_2.tsv,"['N', 'o', 'n', 'e']",1156,2
5129,,CAIMTDSSGNTIYF,,,,,,0.00012983640612827837,None,subset_2.tsv,"['N', 'o', 'n', 'e']",1156,2
4201,,CASSEDFSGNTIYF,,,,,,0.00012983640612827837,None,subset_2.tsv,"['N', 'o', 'n', 'e']",1157,2
5312,,CASRPVLAGNTIYF,,,,,,0.00012983640612827837,None,subset_2.tsv,"['N', 'o', 'n', 'e']",1157,2
1503,,CASSQFTAGNTIYF,,,,,,0.00012983640612827837,None,subset_2.tsv,"['N', 'o', 'n', 'e']",1158,3
2987,,CASSVYLSGNTIYF,,,,,,0.00012983640612827837,None,subset_2.tsv,"['N', 'o', 'n', 'e']",1158,3
4620,,CASSFKSSGNTIYF,,,,,,0.00012983640612827837,None,subset_2.tsv,"['N', 'o', 'n', 'e']",1158,3
4020,,CASSFETGGRTQYF,,,,,,0.00012983640612827837,None,subset_2.tsv,"['N', 'o', 'n', 'e']",1159,2
4686,,CASSFYSGGDTQYF,,,,,,0.00012983640612827837,None,subset_2.tsv,"['N', 'o', 'n', 'e']",1159,2
629,,CASSTPRGGYTF,,,,,,0.00012983640612827837,None,subset_2.tsv,"['N', 'o', 'n', 'e']",1160,2
5421,,CASSANSGGYTF,,,,,,0.00012983640612827837,None,subset_2.tsv,"['N', 'o', 'n', 'e']",1160,2
4584,,CASSFRTGGHEQYF,,,,,,0.00012983640612827837,None,subset_2.tsv,"['N', 'o', 'n', 'e']",1161,2
5328,,CASRPRTGGLNAFF,,,,,,0.00012983640612827837,None,subset_2.tsv,"['N', 'o', 'n', 'e']",1161,2
1152,,CASSPYTGRSEQYF,,,,,,0.00012983640612827837,None,subset_2.tsv,"['N', 'o', 'n', 'e']",1162,2
6206,,CASSPETGRGLAFF,,,,,,0.00012983640612827837,None,subset_2.tsv,"['N', 'o', 'n', 'e']",1162,2
1101,,CASSPYPGTGAGYTF,,,,,,0.00012983640612827837,None,subset_2.tsv,"['N', 'o', 'n', 'e']",1163,2
7132,,CASSIYGGAGDGYTF,,,,,,0.00012983640612827837,None,subset_2.tsv,"['N', 'o', 'n', 'e']",1163,2
1293,,CASSPHGTGGIGYTF,,,,,,0.00012983640612827837,None,subset_2.tsv,"['N', 'o', 'n', 'e']",1164,2
7018,,CASSIHRLGGTGYTF,,,,,,0.00012983640612827837,None,subset_2.tsv,"['N', 'o', 'n', 'e']",1164,2
1029,,CASSPSTGGVYGYTF,,,,,,0.00012983640612827837,None,subset_2.tsv,"['N', 'o', 'n', 'e']",1165,3
1085,,CASSPRTGLRSGYTF,,,,,,0.00012983640612827837,None,subset_2.tsv,"['N', 'o', 'n', 'e']",1165,3
3196,,CASSTSTGTGYGYTF,,,,,,0.00012983640612827837,None,subset_2.tsv,"['N', 'o', 'n', 'e']",1165,3
3639,,CASSYSGGRGTQETQYF,,,,,,0.00012983640612827837,None,subset_2.tsv,"['N', 'o', 'n', 'e']",1166,2
3650,,CASSYSGGTNTGELFF,,,,,,0.00012983640612827837,None,subset_2.tsv,"['N', 'o', 'n', 'e']",1166,2
3570,,CASTYLGGSLDGYTF,,,,,,0.00012983640612827837,None,subset_2.tsv,"['N', 'o', 'n', 'e']",1167,2
5317,,CASRPTGGASLGYTF,,,,,,0.00012983640612827837,None,subset_2.tsv,"['N', 'o', 'n', 'e']",1167,2
1062,,CASSPRGTANYGYTF,,,,,,0.00012983640612827837,None,subset_2.tsv,"['N', 'o', 'n', 'e']",1168,2
4758,,CASSFWGGTTYGYTF,,,,,,0.00012983640612827837,None,subset_2.tsv,"['N', 'o', 'n', 'e']",1168,2
5740,,CASSLSSSSNYGYTF,,,,,,0.00012983640612827837,None,subset_2.tsv,"['N', 'o', 'n', 'e']",1169,2
7581,,CASSLGGASNYGYTF,,,,,,0.00012983640612827837,None,subset_2.tsv,"['N', 'o', 'n', 'e']",1169,2
5610,,CASRLTGGSNYGYTF,,,,,,0.00012983640612827837,None,subset_2.tsv,"['N', 'o', 'n', 'e']",1170,3
5906,,CASSLTGTGNYGYTF,,,,,,0.00012983640612827837,None,subset_2.tsv,"['N', 'o', 'n', 'e']",1170,3
7093,,CASSITGTSNYGYTF,,,,,,0.00012983640612827837,None,subset_2.tsv,"['N', 'o', 'n', 'e']",1170,3
375,,CASSQNGGGIYGYTF,,,,,,0.00012983640612827837,None,subset_2.tsv,"['N', 'o', 'n', 'e']",1171,3
447,,CASSQTTGLYHGYTF,,,,,,0.00012983640612827837,None,subset_2.tsv,"['N', 'o', 'n', 'e']",1171,3
1520,,CASSQEGGLDYGYTF,,,,,,0.00012983640612827837,None,subset_2.tsv,"['N', 'o', 'n', 'e']",1171,3
3143,,CASSVDGGAVYGYTF,,,,,,0.00012983640612827837,None,subset_2.tsv,"['N', 'o', 'n', 'e']",1172,2
6833,,CASSLEGGLLYGYTF,,,,,,0.00012983640612827837,None,subset_2.tsv,"['N', 'o', 'n', 'e']",1172,2
5789,,CASSLSGTASYGYTF,,,,,,0.00012983640612827837,None,subset_2.tsv,"['N', 'o', 'n', 'e']",1173,3
5879,,CASSLVGGAGYGYTF,,,,,,0.00012983640612827837,None,subset_2.tsv,"['N', 'o', 'n', 'e']",1173,3
6027,,CASSLMGGLGHGYTF,,,,,,0.00012983640612827837,None,subset_2.tsv,"['N', 'o', 'n', 'e']",1173,3
4933,,CASNLEQGAQPPEAFF,,,,,,0.00012983640612827837,None,subset_2.tsv,"['N', 'o', 'n', 'e']",1174,2
6794,,CASSLEAGVYYGYTF,,,,,,0.00012983640612827837,None,subset_2.tsv,"['N', 'o', 'n', 'e']",1174,2
1504,,CASSQFQGAVTGELFF,,,,,,0.00012983640612827837,None,subset_2.tsv,"['N', 'o', 'n', 'e']",1175,3
4456,,CASSIFQGPDNEKLFF,,,,,,0.00012983640612827837,None,subset_2.tsv,"['N', 'o', 'n', 'e']",1175,3
7441,,CASSLEQGANTGELFF,,,,,,0.00012983640612827837,None,subset_2.tsv,"['N', 'o', 'n', 'e']",1175,3
1555,,CASSQEPGGAGGYTF,,,,,,0.00012983640612827837,None,subset_2.tsv,"['N', 'o', 'n', 'e']",1176,2
3685,,CASSYPWGGASGYTF,,,,,,0.00012983640612827837,None,subset_2.tsv,"['N', 'o', 'n', 'e']",1176,2
276,,CASSQRQGGMDGYTF,,,,,,0.00012983640612827837,None,subset_2.tsv,"['N', 'o', 'n', 'e']",1177,2
5358,,CASRQPEGGPQSYTF,,,,,,0.00012983640612827837,None,subset_2.tsv,"['N', 'o', 'n', 'e']",1177,2
3680,,CASSYLPGTGVGYTF,,,,,,0.00012983640612827837,None,subset_2.tsv,"['N', 'o', 'n', 'e']",1178,2
4219,,CASSEGRGTRIGYTF,,,,,,0.00012983640612827837,None,subset_2.tsv,"['N', 'o', 'n', 'e']",1178,2
1451,,CASSQAPGGSHSEAFF,,,,,,0.00012983640612827837,None,subset_2.tsv,"['N', 'o', 'n', 'e']",1180,2
1554,,CASSQEPGGRYTEAFF,,,,,,0.00012983640612827837,None,subset_2.tsv,"['N', 'o', 'n', 'e']",1180,2
4195,,CASSEEIGDFPGELFF,,,,,,0.00012983640612827837,None,subset_2.tsv,"['N', 'o', 'n', 'e']",1181,3
4214,,CASSEAPGRRTGELFF,,,,,,0.00012983640612827837,None,subset_2.tsv,"['N', 'o', 'n', 'e']",1181,3
7112,,CASSIVPSGHTGELFF,,,,,,0.00012983640612827837,None,subset_2.tsv,"['N', 'o', 'n', 'e']",1181,3
1317,,CASSPKSTVTNTEAFF,,,,,,0.00012983640612827837,None,subset_2.tsv,"['N', 'o', 'n', 'e']",1182,2
1437,,CASSPPSSVGGTEAFF,,,,,,0.00012983640612827837,None,subset_2.tsv,"['N', 'o', 'n', 'e']",1182,2
3111,,CASSYFSLETAREQFF,,,,,,0.00012983640612827837,None,subset_2.tsv,"['N', 'o', 'n', 'e']",1183,2
4566,,CASSFPSRDRDGYTF,,,,,,0.00012983640612827837,None,subset_2.tsv,"['N', 'o', 'n', 'e']",1183,2
1124,,CASSPYSGLADTQYF,,,,,,0.00012983640612827837,None,subset_2.tsv,"['N', 'o', 'n', 'e']",1185,2
1438,,CASSPPSGLTDTQYF,,,,,,0.00012983640612827837,None,subset_2.tsv,"['N', 'o', 'n', 'e']",1185,2
419,,CASSRDLSGANVLTF,,,,,,0.00012983640612827837,None,subset_2.tsv,"['N', 'o', 'n', 'e']",1187,2
5553,,CASNRDRGSKRGQYF,,,,,,0.00012983640612827837,None,subset_2.tsv,"['N', 'o', 'n', 'e']",1187,2
195,,CASSSETGLDYGYTF,,,,,,0.00012983640612827837,None,subset_2.tsv,"['N', 'o', 'n', 'e']",1190,4
748,,CASSSHSRVVSGYTF,,,,,,0.00012983640612827837,None,subset_2.tsv,"['N', 'o', 'n', 'e']",1190,4
3126,,CASSVDSSLRAGYTF,,,,,,0.00012983640612827837,None,subset_2.tsv,"['N', 'o', 'n', 'e']",1190,4
7489,,CASSLESGFLSGYTF,,,,,,0.00012983640612827837,None,subset_2.tsv,"['N', 'o', 'n', 'e']",1190,4
534,,CASSSTRGLSYGYTF,,,,,,0.00012983640612827837,None,subset_2.tsv,"['N', 'o', 'n', 'e']",1191,2
5843,,CASSLTSSAAYGYTF,,,,,,0.00012983640612827837,None,subset_2.tsv,"['N', 'o', 'n', 'e']",1191,2
6883,,CASSLDRDWGSYEQYF,,,,,,0.00012983640612827837,None,subset_2.tsv,"['N', 'o', 'n', 'e']",1193,2
6903,,CASSLDPDRVFREQYF,,,,,,0.00012983640612827837,None,subset_2.tsv,"['N', 'o', 'n', 'e']",1193,2
1738,,CASSQDLFGASYEQYF,,,,,,0.00012983640612827837,None,subset_2.tsv,"['N', 'o', 'n', 'e']",1194,3
1811,,CASSQDTTTATYEQYF,,,,,,0.00012983640612827837,None,subset_2.tsv,"['N', 'o', 'n', 'e']",1194,3
1916,,CASSQDRDSLRYEQYF,,,,,,0.00012983640612827837,None,subset_2.tsv,"['N', 'o', 'n', 'e']",1194,3
1518,,CASSQEGLPSSYEQYF,,,,,,0.00012983640612827837,None,subset_2.tsv,"['N', 'o', 'n', 'e']",1195,2
1519,,CASSQEGLPLVGEQYF,,,,,,0.00012983640612827837,None,subset_2.tsv,"['N', 'o', 'n', 'e']",1195,2
1711,,CASSQDGNRGRDEQYF,,,,,,0.00012983640612827837,None,subset_2.tsv,"['N', 'o', 'n', 'e']",1196,2
1829,,CASSQDRWLSGQPQHF,,,,,,0.00012983640612827837,None,subset_2.tsv,"['N', 'o', 'n', 'e']",1196,2
1700,,CASSQDHGFMNTEAFF,,,,,,0.00012983640612827837,None,subset_2.tsv,"['N', 'o', 'n', 'e']",1198,3
1862,,CASSQDWGQPNTEAFF,,,,,,0.00012983640612827837,None,subset_2.tsv,"['N', 'o', 'n', 'e']",1198,3
1909,,CASSQDRGLVDTEAFF,,,,,,0.00012983640612827837,None,subset_2.tsv,"['N', 'o', 'n', 'e']",1198,3
1703,,CASSQDKREFYNEQFF,,,,,,0.00012983640612827837,None,subset_2.tsv,"['N', 'o', 'n', 'e']",1199,2
1859,,CASSQDWRATYNEQFF,,,,,,0.00012983640612827837,None,subset_2.tsv,"['N', 'o', 'n', 'e']",1199,2
1833,,CASSQDRVDHPYEQYF,,,,,,0.00012983640612827837,None,subset_2.tsv,"['N', 'o', 'n', 'e']",1200,2
1837,,CASSQDWGDKTYEQYF,,,,,,0.00012983640612827837,None,subset_2.tsv,"['N', 'o', 'n', 'e']",1200,2
6655,,CASSMDLLIGNTEAFF,,,,,,0.00012983640612827837,None,subset_2.tsv,"['N', 'o', 'n', 'e']",1201,2
6876,,CASSLDLTAGNTEAFF,,,,,,0.00012983640612827837,None,subset_2.tsv,"['N', 'o', 'n', 'e']",1201,2
1460,,CASSQEVRLLNTEAFF,,,,,,0.00012983640612827837,None,subset_2.tsv,"['N', 'o', 'n', 'e']",1203,2
3656,,CASSYPQDPAGTEAFF,,,,,,0.00012983640612827837,None,subset_2.tsv,"['N', 'o', 'n', 'e']",1203,2
4557,,CASSFPRREVNTEAFF,,,,,,0.00012983640612827837,None,subset_2.tsv,"['N', 'o', 'n', 'e']",1204,2
6580,,CASSMWGRQLNTEAFF,,,,,,0.00012983640612827837,None,subset_2.tsv,"['N', 'o', 'n', 'e']",1204,2
483,,CASSQVGTGWNTEAFF,,,,,,0.00012983640612827837,None,subset_2.tsv,"['N', 'o', 'n', 'e']",1206,3
3835,,CASSEVGQGLDTEAFF,,,,,,0.00012983640612827837,None,subset_2.tsv,"['N', 'o', 'n', 'e']",1206,3
5882,,CASSLVGAGGNTEAFF,,,,,,0.00012983640612827837,None,subset_2.tsv,"['N', 'o', 'n', 'e']",1206,3
3631,,CASSYSIVRLNTEAFF,,,,,,0.00012983640612827837,None,subset_2.tsv,"['N', 'o', 'n', 'e']",1207,2
3848,,CASSESVLGLNTEAFF,,,,,,0.00012983640612827837,None,subset_2.tsv,"['N', 'o', 'n', 'e']",1207,2
68,,CASSFLDRGPNTEAFF,,,,,,0.00025967281225655674,None,subset_2.tsv,"['N', 'o', 'n', 'e']",1208,2
3736,,CASSYTPVSMNTEAFF,,,,,,0.00012983640612827837,None,subset_2.tsv,"['N', 'o', 'n', 'e']",1208,2
3923,,CASSEPPQGRNTEAFF,,,,,,0.00012983640612827837,None,subset_2.tsv,"['N', 'o', 'n', 'e']",1209,5
6210,,CASSPELQGMNTEAFF,,,,,,0.00012983640612827837,None,subset_2.tsv,"['N', 'o', 'n', 'e']",1209,5
6213,,CASSPEIETMNTEAFF,,,,,,0.00012983640612827837,None,subset_2.tsv,"['N', 'o', 'n', 'e']",1209,5
6310,,CASSPDRAGMNTEAFF,,,,,,0.00012983640612827837,None,subset_2.tsv,"['N', 'o', 'n', 'e']",1209,5
6921,,CASSIPRQGRHTEAFF,,,,,,0.00012983640612827837,None,subset_2.tsv,"['N', 'o', 'n', 'e']",1209,5
168,,CASSSAPISMNTEAFF,,,,,,0.00012983640612827837,None,subset_2.tsv,"['N', 'o', 'n', 'e']",1210,2
2382,,CATSRNPQGDNTEAFF,,,,,,0.00012983640612827837,None,subset_2.tsv,"['N', 'o', 'n', 'e']",1210,2
6548,,CASSLVIRDSNTGELFF,,,,,,0.00012983640612827837,None,subset_2.tsv,"['N', 'o', 'n', 'e']",1211,2
7288,,CASSLLDSPRDTGEQYF,,,,,,0.00012983640612827837,None,subset_2.tsv,"['N', 'o', 'n', 'e']",1211,2
5886,,CASSLVFGQLNTEAFF,,,,,,0.00012983640612827837,None,subset_2.tsv,"['N', 'o', 'n', 'e']",1212,2
7454,,CASSLEILEINTEAFF,,,,,,0.00012983640612827837,None,subset_2.tsv,"['N', 'o', 'n', 'e']",1212,2
6676,,CASSLARSPGGTEAFF,,,,,,0.00012983640612827837,None,subset_2.tsv,"['N', 'o', 'n', 'e']",1213,2
7200,,CASSLGRVEGGTEAFF,,,,,,0.00012983640612827837,None,subset_2.tsv,"['N', 'o', 'n', 'e']",1213,2
5725,,CASSLSWDRGNTEAFF,,,,,,0.00012983640612827837,None,subset_2.tsv,"['N', 'o', 'n', 'e']",1214,4
5791,,CASSLSGSKLNTEAFF,,,,,,0.00012983640612827837,None,subset_2.tsv,"['N', 'o', 'n', 'e']",1214,4
6517,,CASSLVGNWGNTEAFF,,,,,,0.00012983640612827837,None,subset_2.tsv,"['N', 'o', 'n', 'e']",1214,4
7595,,CASSLGGQYMNTEAFF,,,,,,0.00012983640612827837,None,subset_2.tsv,"['N', 'o', 'n', 'e']",1214,4
1113,,CASSPWTGDLNTEAFF,,,,,,0.00012983640612827837,None,subset_2.tsv,"['N', 'o', 'n', 'e']",1215,2
2921,,CASSWRTGRQNTEAFF,,,,,,0.00012983640612827837,None,subset_2.tsv,"['N', 'o', 'n', 'e']",1215,2
5851,,CASSLTTGIVDTEAFF,,,,,,0.00012983640612827837,None,subset_2.tsv,"['N', 'o', 'n', 'e']",1216,3
5874,,CASSLVGGKMNTEAFF,,,,,,0.00012983640612827837,None,subset_2.tsv,"['N', 'o', 'n', 'e']",1216,3
5923,,CASSLTGGVVNTEAFF,,,,,,0.00012983640612827837,None,subset_2.tsv,"['N', 'o', 'n', 'e']",1216,3
2892,,CASSWGPGMNTGELFF,,,,,,0.00012983640612827837,None,subset_2.tsv,"['N', 'o', 'n', 'e']",1218,3
2896,,CASSWGLGRDTGELFF,,,,,,0.00012983640612827837,None,subset_2.tsv,"['N', 'o', 'n', 'e']",1218,3
7005,,CASSILSGDKNGELFF,,,,,,0.00012983640612827837,None,subset_2.tsv,"['N', 'o', 'n', 'e']",1218,3
1753,,CASSQAVGDYKTEAFF,,,,,,0.00012983640612827837,None,subset_2.tsv,"['N', 'o', 'n', 'e']",1219,2
7106,,CASSISLGNEDREQFF,,,,,,0.00012983640612827837,None,subset_2.tsv,"['N', 'o', 'n', 'e']",1219,2
1494,,CASSQGAGTFNTEAFF,,,,,,0.00012983640612827837,None,subset_2.tsv,"['N', 'o', 'n', 'e']",1220,2
6333,,CASSPGRGTVNTEAFF,,,,,,0.00012983640612827837,None,subset_2.tsv,"['N', 'o', 'n', 'e']",1220,2
1179,,CASSPTGLGSDNEQFF,,,,,,0.00012983640612827837,None,subset_2.tsv,"['N', 'o', 'n', 'e']",1221,2
1278,,CASSPIPSGSRNEQFF,,,,,,0.00012983640612827837,None,subset_2.tsv,"['N', 'o', 'n', 'e']",1221,2
1173,,CASSPTGTGDYNEQFF,,,,,,0.00012983640612827837,None,subset_2.tsv,"['N', 'o', 'n', 'e']",1222,2
1282,,CASSPIGTGPYNEQFF,,,,,,0.00012983640612827837,None,subset_2.tsv,"['N', 'o', 'n', 'e']",1222,2
1104,,CASSPYGTGNKNEQFF,,,,,,0.00012983640612827837,None,subset_2.tsv,"['N', 'o', 'n', 'e']",1223,2
6218,,CASSPEGLAAYNEQFF,,,,,,0.00012983640612827837,None,subset_2.tsv,"['N', 'o', 'n', 'e']",1223,2
1263,,CASSPNDRATGELFF,,,,,,0.00012983640612827837,None,subset_2.tsv,"['N', 'o', 'n', 'e']",1224,2
6256,,CASSPEDRVTNEKLFF,,,,,,0.00012983640612827837,None,subset_2.tsv,"['N', 'o', 'n', 'e']",1224,2
2268,,CATSDPDRVTFNEQFF,,,,,,0.00012983640612827837,None,subset_2.tsv,"['N', 'o', 'n', 'e']",1225,2
5419,,CASSAPDRAPYNEQFF,,,,,,0.00012983640612827837,None,subset_2.tsv,"['N', 'o', 'n', 'e']",1225,2
2046,,CSARDFGRGHYQPQHF,,,,,,0.00012983640612827837,None,subset_2.tsv,"['N', 'o', 'n', 'e']",1226,2
4104,,CASSDPKRGDWKPQHF,,,,,,0.00012983640612827837,None,subset_2.tsv,"['N', 'o', 'n', 'e']",1226,2
1160,,CASSPTQGGMNTEAFF,,,,,,0.00012983640612827837,None,subset_2.tsv,"['N', 'o', 'n', 'e']",1229,2
3385,,CASTPIVGGHHTEAFF,,,,,,0.00012983640612827837,None,subset_2.tsv,"['N', 'o', 'n', 'e']",1229,2
229,,CASSRRDRGQAGEQYF,,,,,,0.00012983640612827837,None,subset_2.tsv,"['N', 'o', 'n', 'e']",1231,2
4139,,CASSASDRGLSHEQYF,,,,,,0.00012983640612827837,None,subset_2.tsv,"['N', 'o', 'n', 'e']",1231,2
675,,CASSTRDRGQYTEAFF,,,,,,0.00012983640612827837,None,subset_2.tsv,"['N', 'o', 'n', 'e']",1232,2
1383,,CASSPRDRGTDTQYF,,,,,,0.00012983640612827837,None,subset_2.tsv,"['N', 'o', 'n', 'e']",1232,2
3787,,CASSYSQGIGTGELFF,,,,,,0.00012983640612827837,None,subset_2.tsv,"['N', 'o', 'n', 'e']",1233,3
4339,,CASSHGQGRGNTEAFF,,,,,,0.00012983640612827837,None,subset_2.tsv,"['N', 'o', 'n', 'e']",1233,3
6410,,CASSPGQGIRPGEAFF,,,,,,0.00012983640612827837,None,subset_2.tsv,"['N', 'o', 'n', 'e']",1233,3
127,,CASSRGQGLSNEKLFF,,,,,,0.00012983640612827837,None,subset_2.tsv,"['N', 'o', 'n', 'e']",1234,2
2240,,CATSAGQGAFSGELFF,,,,,,0.00012983640612827837,None,subset_2.tsv,"['N', 'o', 'n', 'e']",1234,2
4504,,CASSHLDRGGTGELFF,,,,,,0.00012983640612827837,None,subset_2.tsv,"['N', 'o', 'n', 'e']",1235,2
5380,,CASSAGVRAVTGELFF,,,,,,0.00012983640612827837,None,subset_2.tsv,"['N', 'o', 'n', 'e']",1235,2
5371,,CASSALQGLAVYEQYF,,,,,,0.00012983640612827837,None,subset_2.tsv,"['N', 'o', 'n', 'e']",1236,2
5405,,CASSAQQGLSSYEQYF,,,,,,0.00012983640612827837,None,subset_2.tsv,"['N', 'o', 'n', 'e']",1236,2
2258,,CATSDRQGAGYNEQFF,,,,,,0.00012983640612827837,None,subset_2.tsv,"['N', 'o', 'n', 'e']",1238,3
2277,,CATSDLPGSRSNEQFF,,,,,,0.00012983640612827837,None,subset_2.tsv,"['N', 'o', 'n', 'e']",1238,3
2279,,CATSDLKLTGHNEQFF,,,,,,0.00012983640612827837,None,subset_2.tsv,"['N', 'o', 'n', 'e']",1238,3
1227,,CASSPLQGASKNIQYF,,,,,,0.00012983640612827837,None,subset_2.tsv,"['N', 'o', 'n', 'e']",1239,2
3786,,CASSYSQGMGKNIQYF,,,,,,0.00012983640612827837,None,subset_2.tsv,"['N', 'o', 'n', 'e']",1239,2
1194,,CASSPVEGLTYNEQFF,,,,,,0.00012983640612827837,None,subset_2.tsv,"['N', 'o', 'n', 'e']",1240,3
1229,,CASSPLVGAAYNEQFF,,,,,,0.00012983640612827837,None,subset_2.tsv,"['N', 'o', 'n', 'e']",1240,3
4609,,CASSFLERGAHNEQFF,,,,,,0.00012983640612827837,None,subset_2.tsv,"['N', 'o', 'n', 'e']",1240,3
610,,CASSSSPRGGGTEAFF,,,,,,0.00012983640612827837,None,subset_2.tsv,"['N', 'o', 'n', 'e']",1241,3
4967,,CASISRDSTMNTEAFF,,,,,,0.00012983640612827837,None,subset_2.tsv,"['N', 'o', 'n', 'e']",1241,3
5713,,CASRGRYRGGNTEAFF,,,,,,0.00012983640612827837,None,subset_2.tsv,"['N', 'o', 'n', 'e']",1241,3
750,,CASSSHQRTGVDEQFF,,,,,,0.00012983640612827837,None,subset_2.tsv,"['N', 'o', 'n', 'e']",1242,2
945,,CASSSPDRAKPGGAFF,,,,,,0.00012983640612827837,None,subset_2.tsv,"['N', 'o', 'n', 'e']",1242,2
1040,,CASSPRQGRGSTEAFF,,,,,,0.00012983640612827837,None,subset_2.tsv,"['N', 'o', 'n', 'e']",1247,2
5637,,CASRPKQGGGGNEQFF,,,,,,0.00012983640612827837,None,subset_2.tsv,"['N', 'o', 'n', 'e']",1247,2
4155,,CASSARQGARRWEAFF,,,,,,0.00012983640612827837,None,subset_2.tsv,"['N', 'o', 'n', 'e']",1248,3
4336,,CASSHFFRVRAGELFF,,,,,,0.00012983640612827837,None,subset_2.tsv,"['N', 'o', 'n', 'e']",1248,3
6201,,CASSPFEGLSGDEQFF,,,,,,0.00012983640612827837,None,subset_2.tsv,"['N', 'o', 'n', 'e']",1248,3
1216,,CASSPLVAGVNNEQFF,,,,,,0.00012983640612827837,None,subset_2.tsv,"['N', 'o', 'n', 'e']",1249,2
3354,,CASSYLLAGLYNEQFF,,,,,,0.00012983640612827837,None,subset_2.tsv,"['N', 'o', 'n', 'e']",1249,2
143,,CASSRIMGGDYNEQFF,,,,,,0.00012983640612827837,None,subset_2.tsv,"['N', 'o', 'n', 'e']",1250,3
4614,,CASSFLAGGPYNEQFF,,,,,,0.00012983640612827837,None,subset_2.tsv,"['N', 'o', 'n', 'e']",1250,3
7039,,CASSKLAGGLKNEQFF,,,,,,0.00012983640612827837,None,subset_2.tsv,"['N', 'o', 'n', 'e']",1250,3
1073,,CASSPSAGGAYNEQFF,,,,,,0.00012983640612827837,None,subset_2.tsv,"['N', 'o', 'n', 'e']",1251,3
1285,,CASSPIAGGTYNEQFF,,,,,,0.00012983640612827837,None,subset_2.tsv,"['N', 'o', 'n', 'e']",1251,3
4251,,CASSDSIAGAYNEQFF,,,,,,0.00012983640612827837,None,subset_2.tsv,"['N', 'o', 'n', 'e']",1251,3
3722,,CASSYVSGGAVNEQFF,,,,,,0.00012983640612827837,None,subset_2.tsv,"['N', 'o', 'n', 'e']",1252,3
3841,,CASSETSGGAYNEQFF,,,,,,0.00012983640612827837,None,subset_2.tsv,"['N', 'o', 'n', 'e']",1252,3
4207,,CASSEASGGFYNEQFF,,,,,,0.00012983640612827837,None,subset_2.tsv,"['N', 'o', 'n', 'e']",1252,3
1482,,CASSQGAGGVYNEQFF,,,,,,0.00012983640612827837,None,subset_2.tsv,"['N', 'o', 'n', 'e']",1253,2
3974,,CASSFGLGGAYNEQFF,,,,,,0.00012983640612827837,None,subset_2.tsv,"['N', 'o', 'n', 'e']",1253,2
3926,,CASSERYSGTYNEQFF,,,,,,0.00012983640612827837,None,subset_2.tsv,"['N', 'o', 'n', 'e']",1254,2
4958,,CASKEGAGGTYNEQFF,,,,,,0.00012983640612827837,None,subset_2.tsv,"['N', 'o', 'n', 'e']",1254,2
1110,,CASSPYSALSYNEQFF,,,,,,0.00012983640612827837,None,subset_2.tsv,"['N', 'o', 'n', 'e']",1255,3
5569,,CASNPFALSSYNEQFF,,,,,,0.00012983640612827837,None,subset_2.tsv,"['N', 'o', 'n', 'e']",1255,3
6268,,CASSPASTSSYNEQFF,,,,,,0.00012983640612827837,None,subset_2.tsv,"['N', 'o', 'n', 'e']",1255,3
1210,,CASSPTSGRTWDEQFF,,,,,,0.00012983640612827837,None,subset_2.tsv,"['N', 'o', 'n', 'e']",1256,3
1219,,CASSPLSGRAWNEQFF,,,,,,0.00012983640612827837,None,subset_2.tsv,"['N', 'o', 'n', 'e']",1256,3
1284,,CASSPIAGVSEDEQFF,,,,,,0.00012983640612827837,None,subset_2.tsv,"['N', 'o', 'n', 'e']",1256,3
1279,,CASSPILGHNYNEQFF,,,,,,0.00012983640612827837,None,subset_2.tsv,"['N', 'o', 'n', 'e']",1257,4
1303,,CASSPISGRIYNEQFF,,,,,,0.00012983640612827837,None,subset_2.tsv,"['N', 'o', 'n', 'e']",1257,4
1316,,CASSPKTSVTYNEQFF,,,,,,0.00012983640612827837,None,subset_2.tsv,"['N', 'o', 'n', 'e']",1257,4
6207,,CASSPETGLADNEQFF,,,,,,0.00012983640612827837,None,subset_2.tsv,"['N', 'o', 'n', 'e']",1257,4
4926,,CASMLPAGRSYNEQFF,,,,,,0.00012983640612827837,None,subset_2.tsv,"['N', 'o', 'n', 'e']",1258,3
6787,,CASSLDAGIRRNEQFF,,,,,,0.00012983640612827837,None,subset_2.tsv,"['N', 'o', 'n', 'e']",1258,3
6897,,CASSLDPGVSYNEQFF,,,,,,0.00012983640612827837,None,subset_2.tsv,"['N', 'o', 'n', 'e']",1258,3
6054,,CASSLNSGISYNEQFF,,,,,,0.00012983640612827837,None,subset_2.tsv,"['N', 'o', 'n', 'e']",1259,2
7353,,CASSLISGSSYNEQFF,,,,,,0.00012983640612827837,None,subset_2.tsv,"['N', 'o', 'n', 'e']",1259,2
4461,,CASSIFGGSSYNEQFF,,,,,,0.00012983640612827837,None,subset_2.tsv,"['N', 'o', 'n', 'e']",1260,3
4505,,CASSHKPGSSYNEQFF,,,,,,0.00012983640612827837,None,subset_2.tsv,"['N', 'o', 'n', 'e']",1260,3
7399,,CASSLFPGSSYNEQFF,,,,,,0.00012983640612827837,None,subset_2.tsv,"['N', 'o', 'n', 'e']",1260,3
274,,CASSQRRGRSYNEQFF,,,,,,0.00012983640612827837,None,subset_2.tsv,"['N', 'o', 'n', 'e']",1261,2
3780,,CASSYSRGGSYNEQFF,,,,,,0.00012983640612827837,None,subset_2.tsv,"['N', 'o', 'n', 'e']",1261,2
1489,,CASSQGDSISYNEQFF,,,,,,0.00012983640612827837,None,subset_2.tsv,"['N', 'o', 'n', 'e']",1262,3
3617,,CASSYSAGNSYNEQFF,,,,,,0.00012983640612827837,None,subset_2.tsv,"['N', 'o', 'n', 'e']",1262,3
3813,,CASSYSVLSSYNEQFF,,,,,,0.00012983640612827837,None,subset_2.tsv,"['N', 'o', 'n', 'e']",1262,3
2984,,CASSVVPAGGYNEQFF,,,,,,0.00012983640612827837,None,subset_2.tsv,"['N', 'o', 'n', 'e']",1263,4
3207,,CASSVAETGGYNEQFF,,,,,,0.00012983640612827837,None,subset_2.tsv,"['N', 'o', 'n', 'e']",1263,4
6441,,CASSLVVTSGFNEQFF,,,,,,0.00012983640612827837,None,subset_2.tsv,"['N', 'o', 'n', 'e']",1263,4
6712,,CASSLAVWGGDNEQFF,,,,,,0.00012983640612827837,None,subset_2.tsv,"['N', 'o', 'n', 'e']",1263,4
1798,,CASSQDASGRINEQFF,,,,,,0.00012983640612827837,None,subset_2.tsv,"['N', 'o', 'n', 'e']",1266,3
1799,,CASSQDASGPYNEQFF,,,,,,0.00012983640612827837,None,subset_2.tsv,"['N', 'o', 'n', 'e']",1266,3
6790,,CASSLEASGPYNEQFF,,,,,,0.00012983640612827837,None,subset_2.tsv,"['N', 'o', 'n', 'e']",1266,3
1818,,CASSQDTAGEYNEQFF,,,,,,0.00012983640612827837,None,subset_2.tsv,"['N', 'o', 'n', 'e']",1267,2
4462,,CASSIETSGIYNEQFF,,,,,,0.00012983640612827837,None,subset_2.tsv,"['N', 'o', 'n', 'e']",1267,2
362,,CASSQPLAGVNNEQFF,,,,,,0.00012983640612827837,None,subset_2.tsv,"['N', 'o', 'n', 'e']",1268,2
1745,,CASSQDLAGNTGELFF,,,,,,0.00012983640612827837,None,subset_2.tsv,"['N', 'o', 'n', 'e']",1268,2
1694,,CASSQDIRTGNNEQFF,,,,,,0.00012983640612827837,None,subset_2.tsv,"['N', 'o', 'n', 'e']",1269,5
1741,,CASSQDLDTGYNEQFF,,,,,,0.00012983640612827837,None,subset_2.tsv,"['N', 'o', 'n', 'e']",1269,5
1791,,CASSQDFMGGDNEQFF,,,,,,0.00012983640612827837,None,subset_2.tsv,"['N', 'o', 'n', 'e']",1269,5
1810,,CASSQDVAGGPNEQFF,,,,,,0.00012983640612827837,None,subset_2.tsv,"['N', 'o', 'n', 'e']",1269,5
4188,,CASSEDPWGSYNEQFF,,,,,,0.00012983640612827837,None,subset_2.tsv,"['N', 'o', 'n', 'e']",1269,5
439,,CASSQYGTSSVNEQFF,,,,,,0.00012983640612827837,None,subset_2.tsv,"['N', 'o', 'n', 'e']",1270,2
1540,,CASSQEGTGSYNEQFF,,,,,,0.00012983640612827837,None,subset_2.tsv,"['N', 'o', 'n', 'e']",1270,2
1780,,CASSQDGESSYNEQFF,,,,,,0.00012983640612827837,None,subset_2.tsv,"['N', 'o', 'n', 'e']",1271,2
6884,,CASSLDRDASYNEQFF,,,,,,0.00012983640612827837,None,subset_2.tsv,"['N', 'o', 'n', 'e']",1271,2
3547,,CASTSFGGGPLNEQFF,,,,,,0.00012983640612827837,None,subset_2.tsv,"['N', 'o', 'n', 'e']",1272,2
4334,,CASSGYRGGPYNEQFF,,,,,,0.00012983640612827837,None,subset_2.tsv,"['N', 'o', 'n', 'e']",1272,2
964,,CASSSPGLAIYNEQFF,,,,,,0.00012983640612827837,None,subset_2.tsv,"['N', 'o', 'n', 'e']",1273,3
969,,CASSSPGERPYNEQFF,,,,,,0.00012983640612827837,None,subset_2.tsv,"['N', 'o', 'n', 'e']",1273,3
972,,CASSSPGAGPNNEQFF,,,,,,0.00012983640612827837,None,subset_2.tsv,"['N', 'o', 'n', 'e']",1273,3
3168,,CASSVEGSGRNNEQFF,,,,,,0.00012983640612827837,None,subset_2.tsv,"['N', 'o', 'n', 'e']",1274,3
3233,,CASSVAGGGRYNEQFF,,,,,,0.00012983640612827837,None,subset_2.tsv,"['N', 'o', 'n', 'e']",1274,3
5694,,CASRGQGVGSYNEQFF,,,,,,0.00012983640612827837,None,subset_2.tsv,"['N', 'o', 'n', 'e']",1274,3
4178,,CASSATGVGSYNEQFF,,,,,,0.00012983640612827837,None,subset_2.tsv,"['N', 'o', 'n', 'e']",1275,2
7025,,CASSKTGTSSYNEQFF,,,,,,0.00012983640612827837,None,subset_2.tsv,"['N', 'o', 'n', 'e']",1275,2
530,,CASSSTGGRSYNEQFF,,,,,,0.00012983640612827837,None,subset_2.tsv,"['N', 'o', 'n', 'e']",1276,2
5901,,CASSLTGGGVYNEQFF,,,,,,0.00012983640612827837,None,subset_2.tsv,"['N', 'o', 'n', 'e']",1276,2
5406,,CASSAPTSGGYNEQFF,,,,,,0.00012983640612827837,None,subset_2.tsv,"['N', 'o', 'n', 'e']",1277,2
6002,,CASSLPTSGGDNEQFF,,,,,,0.00012983640612827837,None,subset_2.tsv,"['N', 'o', 'n', 'e']",1277,2
4421,,CASSGPRGSSYNEQFF,,,,,,0.00012983640612827837,None,subset_2.tsv,"['N', 'o', 'n', 'e']",1278,3
5415,,CASSAPGGTSYNEQFF,,,,,,0.00012983640612827837,None,subset_2.tsv,"['N', 'o', 'n', 'e']",1278,3
5418,,CASSAPGASSYNEQFF,,,,,,0.00012983640612827837,None,subset_2.tsv,"['N', 'o', 'n', 'e']",1278,3
574,,CASSSRTGGTTNEKLFF,,,,,,0.00012983640612827837,None,subset_2.tsv,"['N', 'o', 'n', 'e']",1279,2
4307,,CASSGWTTSSTNEKLFF,,,,,,0.00012983640612827837,None,subset_2.tsv,"['N', 'o', 'n', 'e']",1279,2
251,,CASSRTSGSLYNEQFF,,,,,,0.00012983640612827837,None,subset_2.tsv,"['N', 'o', 'n', 'e']",1280,2
253,,CASSRTSGGAYNEQFF,,,,,,0.00012983640612827837,None,subset_2.tsv,"['N', 'o', 'n', 'e']",1280,2
225,,CASSRRGGRGDNEQFF,,,,,,0.00012983640612827837,None,subset_2.tsv,"['N', 'o', 'n', 'e']",1281,2
585,,CASSSRSGSGLNEQFF,,,,,,0.00012983640612827837,None,subset_2.tsv,"['N', 'o', 'n', 'e']",1281,2
5088,,CAGLRQSELGQYEQYF,,,,,,0.00012983640612827837,None,subset_2.tsv,"['N', 'o', 'n', 'e']",1282,2
5436,,CASSAATPSSHYEQYF,,,,,,0.00012983640612827837,None,subset_2.tsv,"['N', 'o', 'n', 'e']",1282,2
511,,CASSSTLYGSYNEQFF,,,,,,0.00012983640612827837,None,subset_2.tsv,"['N', 'o', 'n', 'e']",1284,3
889,,CASSSQREGSYNEQFF,,,,,,0.00012983640612827837,None,subset_2.tsv,"['N', 'o', 'n', 'e']",1284,3
5914,,CASSLTGQGSYNEQFF,,,,,,0.00012983640612827837,None,subset_2.tsv,"['N', 'o', 'n', 'e']",1284,3
773,,CASSSLPDTGKNIQYF,,,,,,0.00012983640612827837,None,subset_2.tsv,"['N', 'o', 'n', 'e']",1285,2
2294,,CATSSRREAGFNEQFF,,,,,,0.00012983640612827837,None,subset_2.tsv,"['N', 'o', 'n', 'e']",1285,2
551,,CASSSVGQEPYNEQFF,,,,,,0.00012983640612827837,None,subset_2.tsv,"['N', 'o', 'n', 'e']",1287,2
4650,,CASSFNGQEPYNEQFF,,,,,,0.00012983640612827837,None,subset_2.tsv,"['N', 'o', 'n', 'e']",1287,2
3167,,CASSVEGSPSYNEQFF,,,,,,0.00012983640612827837,None,subset_2.tsv,"['N', 'o', 'n', 'e']",1288,3
5992,,CASSLQGAPTYNEQFF,,,,,,0.00012983640612827837,None,subset_2.tsv,"['N', 'o', 'n', 'e']",1288,3
7462,,CASSLEGSHSYNEQFF,,,,,,0.00012983640612827837,None,subset_2.tsv,"['N', 'o', 'n', 'e']",1288,3
5903,,CASSLTGVFAYNEQFF,,,,,,0.00012983640612827837,None,subset_2.tsv,"['N', 'o', 'n', 'e']",1289,2
6475,,CASSLWGPDSNNEQFF,,,,,,0.00012983640612827837,None,subset_2.tsv,"['N', 'o', 'n', 'e']",1289,2
3422,,CASTILGDYSYNEQFF,,,,,,0.00012983640612827837,None,subset_2.tsv,"['N', 'o', 'n', 'e']",1290,2
4173,,CASSATSDYSYNEQFF,,,,,,0.00012983640612827837,None,subset_2.tsv,"['N', 'o', 'n', 'e']",1290,2
3542,,CASTSGTPSSYNEQFF,,,,,,0.00012983640612827837,None,subset_2.tsv,"['N', 'o', 'n', 'e']",1291,2
5685,,CASRGGGDPRYNEQFF,,,,,,0.00012983640612827837,None,subset_2.tsv,"['N', 'o', 'n', 'e']",1291,2
117,,CASSRGRGSSYNEQFF,,,,,,0.00012983640612827837,None,subset_2.tsv,"['N', 'o', 'n', 'e']",1292,2
3313,,CASSVGGLAGYNEQFF,,,,,,0.00012983640612827837,None,subset_2.tsv,"['N', 'o', 'n', 'e']",1292,2
7558,,CASSLGGISSYNEQFF,,,,,,0.00012983640612827837,None,subset_2.tsv,"['N', 'o', 'n', 'e']",1293,3
7576,,CASSLGGEKTF,,,,,,0.00012983640612827837,None,subset_2.tsv,"['N', 'o', 'n', 'e']",1293,3
7608,,CASSLGGLYLYNEQFF,,,,,,0.00012983640612827837,None,subset_2.tsv,"['N', 'o', 'n', 'e']",1293,3
1500,,CASSQGAESTYNEQFF,,,,,,0.00012983640612827837,None,subset_2.tsv,"['N', 'o', 'n', 'e']",1294,2
6391,,CASSPGHPSSYNEQFF,,,,,,0.00012983640612827837,None,subset_2.tsv,"['N', 'o', 'n', 'e']",1294,2
3202,,CASSTSGYSSYNEQFF,,,,,,0.00012983640612827837,None,subset_2.tsv,"['N', 'o', 'n', 'e']",1295,2
4449,,CASSHSGEFSYNEQFF,,,,,,0.00012983640612827837,None,subset_2.tsv,"['N', 'o', 'n', 'e']",1295,2
3049,,CASSYIRQSSYNEQFF,,,,,,0.00012983640612827837,None,subset_2.tsv,"['N', 'o', 'n', 'e']",1296,2
4560,,CASSFQGEAGLNEQFF,,,,,,0.00012983640612827837,None,subset_2.tsv,"['N', 'o', 'n', 'e']",1296,2
1403,,CASSPPGQGAHGNTIYF,,,,,,0.00012983640612827837,None,subset_2.tsv,"['N', 'o', 'n', 'e']",1297,2
3239,,CASSVPGQGSSGNTIYF,,,,,,0.00012983640612827837,None,subset_2.tsv,"['N', 'o', 'n', 'e']",1297,2
366,,CASSQPGQGALGYTF,,,,,,0.00012983640612827837,None,subset_2.tsv,"['N', 'o', 'n', 'e']",1298,2
6820,,CASSLEGQGADGYTF,,,,,,0.00012983640612827837,None,subset_2.tsv,"['N', 'o', 'n', 'e']",1298,2
959,,CASSSPGTGAYGYTF,,,,,,0.00012983640612827837,None,subset_2.tsv,"['N', 'o', 'n', 'e']",1299,4
2319,,CAWNKYGSLTYGYTF,,,,,,0.00012983640612827837,None,subset_2.tsv,"['N', 'o', 'n', 'e']",1299,4
3139,,CASSVDGRGNYGYTF,,,,,,0.00012983640612827837,None,subset_2.tsv,"['N', 'o', 'n', 'e']",1299,4
4971,,CASKVPGQLDYGYTF,,,,,,0.00012983640612827837,None,subset_2.tsv,"['N', 'o', 'n', 'e']",1299,4
1525,,CASSQEGESNYGYTF,,,,,,0.00012983640612827837,None,subset_2.tsv,"['N', 'o', 'n', 'e']",1300,3
4459,,CASSIFGQGNYGYTF,,,,,,0.00012983640612827837,None,subset_2.tsv,"['N', 'o', 'n', 'e']",1300,3
6575,,CASSMPRDSFYGYTF,,,,,,0.00012983640612827837,None,subset_2.tsv,"['N', 'o', 'n', 'e']",1300,3
2173,,CATSEHGQGYYGYTF,,,,,,0.00012983640612827837,None,subset_2.tsv,"['N', 'o', 'n', 'e']",1301,2
6285,,CASSPDLQGNYGYTF,,,,,,0.00012983640612827837,None,subset_2.tsv,"['N', 'o', 'n', 'e']",1301,2
146,,CASSRHGQGNTEAFF,,,,,,0.00012983640612827837,None,subset_2.tsv,"['N', 'o', 'n', 'e']",1302,3
175,,CASSSAGQGFTEAFF,,,,,,0.00012983640612827837,None,subset_2.tsv,"['N', 'o', 'n', 'e']",1302,3
5709,,CASRGTGQGDTEAFF,,,,,,0.00012983640612827837,None,subset_2.tsv,"['N', 'o', 'n', 'e']",1302,3
962,,CASSSPGQGAHEQFF,,,,,,0.00012983640612827837,None,subset_2.tsv,"['N', 'o', 'n', 'e']",1303,2
5614,,CASRLPGQGNTEAFF,,,,,,0.00012983640612827837,None,subset_2.tsv,"['N', 'o', 'n', 'e']",1303,2
4408,,CASSGRGQGLPGELFF,,,,,,0.00012983640612827837,None,subset_2.tsv,"['N', 'o', 'n', 'e']",1304,2
5670,,CASRGPGQGFTGELFF,,,,,,0.00012983640612827837,None,subset_2.tsv,"['N', 'o', 'n', 'e']",1304,2
3170,,CASSVEGQGFHSPLHF,,,,,,0.00012983640612827837,None,subset_2.tsv,"['N', 'o', 'n', 'e']",1305,2
4083,,CASSDEVQGTNSPLHF,,,,,,0.00012983640612827837,None,subset_2.tsv,"['N', 'o', 'n', 'e']",1305,2
1402,,CASSPPGQGAYEQYF,,,,,,0.00012983640612827837,None,subset_2.tsv,"['N', 'o', 'n', 'e']",1306,5
2796,,CSASPPGQTIYEQYF,,,,,,0.00012983640612827837,None,subset_2.tsv,"['N', 'o', 'n', 'e']",1306,5
3881,,CASSEYGERPYEQYF,,,,,,0.00012983640612827837,None,subset_2.tsv,"['N', 'o', 'n', 'e']",1306,5
5336,,CASRPPGQGFWEQFF,,,,,,0.00012983640612827837,None,subset_2.tsv,"['N', 'o', 'n', 'e']",1306,5
6308,,CASSPDREGAYEQYF,,,,,,0.00012983640612827837,None,subset_2.tsv,"['N', 'o', 'n', 'e']",1306,5
4014,,CASSFFGQGSYEQYF,,,,,,0.00012983640612827837,None,subset_2.tsv,"['N', 'o', 'n', 'e']",1307,3
4070,,CASSDFGQGSYEQYF,,,,,,0.00012983640612827837,None,subset_2.tsv,"['N', 'o', 'n', 'e']",1307,3
4272,,CASSDQGPSLYEQYF,,,,,,0.00012983640612827837,None,subset_2.tsv,"['N', 'o', 'n', 'e']",1307,3
4590,,CASSFRRDGGYGYTF,,,,,,0.00012983640612827837,None,subset_2.tsv,"['N', 'o', 'n', 'e']",1308,2
5263,,CASRRTTESTHGYTF,,,,,,0.00012983640612827837,None,subset_2.tsv,"['N', 'o', 'n', 'e']",1308,2
5412,,CASSAPGTGHYEQYF,,,,,,0.00012983640612827837,None,subset_2.tsv,"['N', 'o', 'n', 'e']",1310,3
5413,,CASSAPGTGDYEQYF,,,,,,0.00012983640612827837,None,subset_2.tsv,"['N', 'o', 'n', 'e']",1310,3
5434,,CASSADGTGDHEQYF,,,,,,0.00012983640612827837,None,subset_2.tsv,"['N', 'o', 'n', 'e']",1310,3
1399,,CASSPPGRGENEQFF,,,,,,0.00012983640612827837,None,subset_2.tsv,"['N', 'o', 'n', 'e']",1311,3
3659,,CASSYPGTGEYEQYF,,,,,,0.00012983640612827837,None,subset_2.tsv,"['N', 'o', 'n', 'e']",1311,3
4533,,CASSHPGTGIDEQFF,,,,,,0.00012983640612827837,None,subset_2.tsv,"['N', 'o', 'n', 'e']",1311,3
633,,CASSTPGQGQETQYF,,,,,,0.00012983640612827837,None,subset_2.tsv,"['N', 'o', 'n', 'e']",1312,2
2783,,CSARVIGQGQETQYF,,,,,,0.00012983640612827837,None,subset_2.tsv,"['N', 'o', 'n', 'e']",1312,2
88,,CASSRPGQGKDIQYF,,,,,,0.00012983640612827837,None,subset_2.tsv,"['N', 'o', 'n', 'e']",1313,2
1400,,CASSPPGQGVDIQYF,,,,,,0.00012983640612827837,None,subset_2.tsv,"['N', 'o', 'n', 'e']",1313,2
2285,,CATSTHRQGENIQYF,,,,,,0.00012983640612827837,None,subset_2.tsv,"['N', 'o', 'n', 'e']",1314,2
4271,,CASSDQGQVKNIQYF,,,,,,0.00012983640612827837,None,subset_2.tsv,"['N', 'o', 'n', 'e']",1314,2
2990,,CASSVWGIGTDTQYF,,,,,,0.00012983640612827837,None,subset_2.tsv,"['N', 'o', 'n', 'e']",1315,2
3227,,CASSVAGQGVNEQYF,,,,,,0.00012983640612827837,None,subset_2.tsv,"['N', 'o', 'n', 'e']",1315,2
4673,,CASSGDGWSKNEQYF,,,,,,0.00012983640612827837,None,subset_2.tsv,"['N', 'o', 'n', 'e']",1316,2
4683,,CASSGAGESHLKQYF,,,,,,0.00012983640612827837,None,subset_2.tsv,"['N', 'o', 'n', 'e']",1316,2
172,,CASSSAGTGYYEQYF,,,,,,0.00012983640612827837,None,subset_2.tsv,"['N', 'o', 'n', 'e']",1317,3
608,,CASSSSRTGFYEQYF,,,,,,0.00012983640612827837,None,subset_2.tsv,"['N', 'o', 'n', 'e']",1317,3
898,,CASSSRGLVFYEQYF,,,,,,0.00012983640612827837,None,subset_2.tsv,"['N', 'o', 'n', 'e']",1317,3
2321,,CAWMGTGTLYYEQYF,,,,,,0.00012983640612827837,None,subset_2.tsv,"['N', 'o', 'n', 'e']",1318,2
4363,,CASSGSGTLYNEQFF,,,,,,0.00012983640612827837,None,subset_2.tsv,"['N', 'o', 'n', 'e']",1318,2
624,,CASSTPGLAYNEQFF,,,,,,0.00012983640612827837,None,subset_2.tsv,"['N', 'o', 'n', 'e']",1319,2
965,,CASSSPGLAANEQFF,,,,,,0.00012983640612827837,None,subset_2.tsv,"['N', 'o', 'n', 'e']",1319,2
4309,,CASSGVGRQTYEQYF,,,,,,0.00012983640612827837,None,subset_2.tsv,"['N', 'o', 'n', 'e']",1320,2
4680,,CASSGAGSENYEQYF,,,,,,0.00012983640612827837,None,subset_2.tsv,"['N', 'o', 'n', 'e']",1320,2
185,,CASSSEGRMTYEQYF,,,,,,0.00012983640612827837,None,subset_2.tsv,"['N', 'o', 'n', 'e']",1321,2
745,,CASSSIGGAKDTQYF,,,,,,0.00012983640612827837,None,subset_2.tsv,"['N', 'o', 'n', 'e']",1321,2
2007,,CAWSGSHFMNTEAFF,,,,,,0.00012983640612827837,None,subset_2.tsv,"['N', 'o', 'n', 'e']",1322,3
4410,,CASSGRDWENTEAFF,,,,,,0.00012983640612827837,None,subset_2.tsv,"['N', 'o', 'n', 'e']",1322,3
5676,,CASRGLDRVNTEAFF,,,,,,0.00012983640612827837,None,subset_2.tsv,"['N', 'o', 'n', 'e']",1322,3
4689,,CASSGGDGHPYEQYF,,,,,,0.00012983640612827837,None,subset_2.tsv,"['N', 'o', 'n', 'e']",1323,3
4691,,CASSGGDREWGEQYF,,,,,,0.00012983640612827837,None,subset_2.tsv,"['N', 'o', 'n', 'e']",1323,3
4716,,CASSGGDRQLNEQFF,,,,,,0.00012983640612827837,None,subset_2.tsv,"['N', 'o', 'n', 'e']",1323,3
3287,,CASSVRDRPYNEQFF,,,,,,0.00012983640612827837,None,subset_2.tsv,"['N', 'o', 'n', 'e']",1325,4
4134,,CASSASGRENNEQFF,,,,,,0.00012983640612827837,None,subset_2.tsv,"['N', 'o', 'n', 'e']",1325,4
4166,,CASSAVGRFHNEQFF,,,,,,0.00012983640612827837,None,subset_2.tsv,"['N', 'o', 'n', 'e']",1325,4
4179,,CASSATGTENNEQFF,,,,,,0.00012983640612827837,None,subset_2.tsv,"['N', 'o', 'n', 'e']",1325,4
25,,CASSPRDRERGEQYF,,,,,,0.00025967281225655674,None,subset_2.tsv,"['N', 'o', 'n', 'e']",1326,2
1385,,CASSPRDRERGEQYV,,,,,,0.00012983640612827837,None,subset_2.tsv,"['N', 'o', 'n', 'e']",1326,2
4081,,CASSDGDREIPEAFF,,,,,,0.00012983640612827837,None,subset_2.tsv,"['N', 'o', 'n', 'e']",1327,2
5108,,CAISASDREFHEQYF,,,,,,0.00012983640612827837,None,subset_2.tsv,"['N', 'o', 'n', 'e']",1327,2
5030,,CAISDPDRAGHIQYF,,,,,,0.00012983640612827837,None,subset_2.tsv,"['N', 'o', 'n', 'e']",1328,2
5072,,CAISDPDRTGDEQYF,,,,,,0.00012983640612827837,None,subset_2.tsv,"['N', 'o', 'n', 'e']",1328,2
1246,,CASSPPDPVDNEQFF,,,,,,0.00012983640612827837,None,subset_2.tsv,"['N', 'o', 'n', 'e']",1329,2
2232,,CATSDFDDRDNEQFF,,,,,,0.00012983640612827837,None,subset_2.tsv,"['N', 'o', 'n', 'e']",1329,2
2397,,CATSREDRDRGEQYF,,,,,,0.00012983640612827837,None,subset_2.tsv,"['N', 'o', 'n', 'e']",1330,2
5205,,CAISVEDRPENEQFF,,,,,,0.00012983640612827837,None,subset_2.tsv,"['N', 'o', 'n', 'e']",1330,2
796,,CASSSKDRERVTQYF,,,,,,0.00012983640612827837,None,subset_2.tsv,"['N', 'o', 'n', 'e']",1331,2
5985,,CASSLPDTYTDTQYF,,,,,,0.00012983640612827837,None,subset_2.tsv,"['N', 'o', 'n', 'e']",1331,2
920,,CASSSPDGRTDTQYF,,,,,,0.00012983640612827837,None,subset_2.tsv,"['N', 'o', 'n', 'e']",1332,3
946,,CASSSPDRVGYEQYF,,,,,,0.00012983640612827837,None,subset_2.tsv,"['N', 'o', 'n', 'e']",1332,3
4368,,CASSGPDGPPYEQYF,,,,,,0.00012983640612827837,None,subset_2.tsv,"['N', 'o', 'n', 'e']",1332,3
672,,CASSTRDTFTDTQYF,,,,,,0.00012983640612827837,None,subset_2.tsv,"['N', 'o', 'n', 'e']",1333,2
5402,,CASSARDRMIDEQYF,,,,,,0.00012983640612827837,None,subset_2.tsv,"['N', 'o', 'n', 'e']",1333,2
3447,,CASTKWDLLTDTQYF,,,,,,0.00012983640612827837,None,subset_2.tsv,"['N', 'o', 'n', 'e']",1334,2
5291,,CASRTREGRTDTQYF,,,,,,0.00012983640612827837,None,subset_2.tsv,"['N', 'o', 'n', 'e']",1334,2
2495,,CSFHLPRLPCYEQYF,,,,,,0.00012983640612827837,None,subset_2.tsv,"['N', 'o', 'n', 'e']",1335,4
2654,,CSARGDSVFYYEQYF,,,,,,0.00012983640612827837,None,subset_2.tsv,"['N', 'o', 'n', 'e']",1335,4
2693,,CSARGPREDSYEQYF,,,,,,0.00012983640612827837,None,subset_2.tsv,"['N', 'o', 'n', 'e']",1335,4
2853,,CSARVARDPAYEQYF,,,,,,0.00012983640612827837,None,subset_2.tsv,"['N', 'o', 'n', 'e']",1335,4
3442,,CASTGPRSKTDTQYF,,,,,,0.00012983640612827837,None,subset_2.tsv,"['N', 'o', 'n', 'e']",1336,2
5689,,CASRGDRSFRDTQYF,,,,,,0.00012983640612827837,None,subset_2.tsv,"['N', 'o', 'n', 'e']",1336,2
4387,,CASSGIWDFTDTQYF,,,,,,0.00012983640612827837,None,subset_2.tsv,"['N', 'o', 'n', 'e']",1340,2
4666,,CASSGEIKHTDTQYF,,,,,,0.00012983640612827837,None,subset_2.tsv,"['N', 'o', 'n', 'e']",1340,2
2015,,CSADGTHTPTDTQYF,,,,,,0.00012983640612827837,None,subset_2.tsv,"['N', 'o', 'n', 'e']",1341,2
5015,,CASGGKVFPPYEQYF,,,,,,0.00012983640612827837,None,subset_2.tsv,"['N', 'o', 'n', 'e']",1341,2
3430,,CASTHQRRYPYEQYF,,,,,,0.00012983640612827837,None,subset_2.tsv,"['N', 'o', 'n', 'e']",1342,4
3768,,CASTAEGFHTDTQYF,,,,,,0.00012983640612827837,None,subset_2.tsv,"['N', 'o', 'n', 'e']",1342,4
5001,,CASKNPGTEIYEQYF,,,,,,0.00012983640612827837,None,subset_2.tsv,"['N', 'o', 'n', 'e']",1342,4
6657,,CASSMDGRNTDTQYF,,,,,,0.00012983640612827837,None,subset_2.tsv,"['N', 'o', 'n', 'e']",1342,4
4914,,CASLLEGAEGETQYF,,,,,,0.00012983640612827837,None,subset_2.tsv,"['N', 'o', 'n', 'e']",1344,2
6998,,CASSIPGRFQETQYF,,,,,,0.00012983640612827837,None,subset_2.tsv,"['N', 'o', 'n', 'e']",1344,2
2981,,CASSWAYTPQETQYF,,,,,,0.00012983640612827837,None,subset_2.tsv,"['N', 'o', 'n', 'e']",1346,2
5221,,CANRLAALPVETQYF,,,,,,0.00012983640612827837,None,subset_2.tsv,"['N', 'o', 'n', 'e']",1346,2
1838,,CASSQDWGEGETQYF,,,,,,0.00012983640612827837,None,subset_2.tsv,"['N', 'o', 'n', 'e']",1348,2
1886,,CASSQDPGEGETQYF,,,,,,0.00012983640612827837,None,subset_2.tsv,"['N', 'o', 'n', 'e']",1348,2
5591,,CASPRDRGWGETQYF,,,,,,0.00012983640612827837,None,subset_2.tsv,"['N', 'o', 'n', 'e']",1349,2
5592,,CASPPDRGYRDTQYF,,,,,,0.00012983640612827837,None,subset_2.tsv,"['N', 'o', 'n', 'e']",1349,2
924,,CASSSPADRGYEQYF,,,,,,0.00012983640612827837,None,subset_2.tsv,"['N', 'o', 'n', 'e']",1350,2
5459,,CASSADSYLGETQYF,,,,,,0.00012983640612827837,None,subset_2.tsv,"['N', 'o', 'n', 'e']",1350,2
533,,CASSSTRDSTDTQYF,,,,,,0.00012983640612827837,None,subset_2.tsv,"['N', 'o', 'n', 'e']",1352,2
4174,,CASSATSDSTDTQYF,,,,,,0.00012983640612827837,None,subset_2.tsv,"['N', 'o', 'n', 'e']",1352,2
6599,,CASSNLRQGAETQYF,,,,,,0.00012983640612827837,None,subset_2.tsv,"['N', 'o', 'n', 'e']",1354,2
7306,,CASSLLGQGVYTF,,,,,,0.00012983640612827837,None,subset_2.tsv,"['N', 'o', 'n', 'e']",1354,2
524,,CASSSTGPAQETQYF,,,,,,0.00012983640612827837,None,subset_2.tsv,"['N', 'o', 'n', 'e']",1355,2
2957,,CASSVTGQLQETQYF,,,,,,0.00012983640612827837,None,subset_2.tsv,"['N', 'o', 'n', 'e']",1355,2
3152,,CASSVFGNRGHEQYF,,,,,,0.00012983640612827837,None,subset_2.tsv,"['N', 'o', 'n', 'e']",1357,2
4440,,CASSHTGIRGSEQYF,,,,,,0.00012983640612827837,None,subset_2.tsv,"['N', 'o', 'n', 'e']",1357,2
3164,,CASSVEGYRGETQYF,,,,,,0.00012983640612827837,None,subset_2.tsv,"['N', 'o', 'n', 'e']",1358,2
4627,,CASSFKGPAADTQYF,,,,,,0.00012983640612827837,None,subset_2.tsv,"['N', 'o', 'n', 'e']",1358,2
895,,CASSSRGRSTDTQYF,,,,,,0.00012983640612827837,None,subset_2.tsv,"['N', 'o', 'n', 'e']",1359,2
896,,CASSSRGRRADTQYF,,,,,,0.00012983640612827837,None,subset_2.tsv,"['N', 'o', 'n', 'e']",1359,2
6182,,CASSLRGDRGDTQYF,,,,,,0.00012983640612827837,None,subset_2.tsv,"['N', 'o', 'n', 'e']",1360,3
6481,,CASSLWGDRADTQYF,,,,,,0.00012983640612827837,None,subset_2.tsv,"['N', 'o', 'n', 'e']",1360,3
6739,,CASSLAGPRTDTQYF,,,,,,0.00012983640612827837,None,subset_2.tsv,"['N', 'o', 'n', 'e']",1360,3
53,,CASSLEGQLFYEQYF,,,,,,0.00025967281225655674,None,subset_2.tsv,"['N', 'o', 'n', 'e']",1361,4
6815,,CASSLDRTGEYEQYF,,,,,,0.00012983640612827837,None,subset_2.tsv,"['N', 'o', 'n', 'e']",1361,4
7140,,CASSLEGQGAREQYF,,,,,,0.00012983640612827837,None,subset_2.tsv,"['N', 'o', 'n', 'e']",1361,4
7461,,CASSLEGTGLYEQYF,,,,,,0.00012983640612827837,None,subset_2.tsv,"['N', 'o', 'n', 'e']",1361,4
5880,,CASSLVGFSSYEQYF,,,,,,0.00012983640612827837,None,subset_2.tsv,"['N', 'o', 'n', 'e']",1362,2
7142,,CASSLEGQSSYEQYF,,,,,,0.00012983640612827837,None,subset_2.tsv,"['N', 'o', 'n', 'e']",1362,2
1509,,CASSQERTVLYEQYF,,,,,,0.00012983640612827837,None,subset_2.tsv,"['N', 'o', 'n', 'e']",1363,4
4023,,CASSFEGMSRDEQYF,,,,,,0.00012983640612827837,None,subset_2.tsv,"['N', 'o', 'n', 'e']",1363,4
6503,,CASSLVGTATYEQYF,,,,,,0.00012983640612827837,None,subset_2.tsv,"['N', 'o', 'n', 'e']",1363,4
6826,,CASSLEGLARYEQYF,,,,,,0.00012983640612827837,None,subset_2.tsv,"['N', 'o', 'n', 'e']",1363,4
6805,,CASSLDTENTDTQYF,,,,,,0.00012983640612827837,None,subset_2.tsv,"['N', 'o', 'n', 'e']",1364,2
6965,,CASSIRTQSTDTQYF,,,,,,0.00012983640612827837,None,subset_2.tsv,"['N', 'o', 'n', 'e']",1364,2
5846,,CASSLVAERTDTQYF,,,,,,0.00012983640612827837,None,subset_2.tsv,"['N', 'o', 'n', 'e']",1365,2
7487,,CASSLESTRTDTQYF,,,,,,0.00012983640612827837,None,subset_2.tsv,"['N', 'o', 'n', 'e']",1365,2
6060,,CASSLNRDRDDEQYF,,,,,,0.00012983640612827837,None,subset_2.tsv,"['N', 'o', 'n', 'e']",1366,3
6457,,CASSLVSEREHEQYF,,,,,,0.00012983640612827837,None,subset_2.tsv,"['N', 'o', 'n', 'e']",1366,3
6491,,CASSLVRDRAYEQYF,,,,,,0.00012983640612827837,None,subset_2.tsv,"['N', 'o', 'n', 'e']",1366,3
2291,,CATSSVRDSPYEQYF,,,,,,0.00012983640612827837,None,subset_2.tsv,"['N', 'o', 'n', 'e']",1367,3
6045,,CASSLLRESPYEQYF,,,,,,0.00012983640612827837,None,subset_2.tsv,"['N', 'o', 'n', 'e']",1367,3
7368,,CASSLILKNPYEQYF,,,,,,0.00012983640612827837,None,subset_2.tsv,"['N', 'o', 'n', 'e']",1367,3
361,,CASSQPLLDHNEQFF,,,,,,0.00012983640612827837,None,subset_2.tsv,"['N', 'o', 'n', 'e']",1368,3
1794,,CASSQDEDYEDEQFF,,,,,,0.00012983640612827837,None,subset_2.tsv,"['N', 'o', 'n', 'e']",1368,3
2980,,CASSWDFQPPYEQYF,,,,,,0.00012983640612827837,None,subset_2.tsv,"['N', 'o', 'n', 'e']",1368,3
6597,,CASSNPLEGIDEQFF,,,,,,0.00012983640612827837,None,subset_2.tsv,"['N', 'o', 'n', 'e']",1369,2
6604,,CASSNHLWGRNEQYF,,,,,,0.00012983640612827837,None,subset_2.tsv,"['N', 'o', 'n', 'e']",1369,2
3122,,CASSVDVFTNNEQFF,,,,,,0.00012983640612827837,None,subset_2.tsv,"['N', 'o', 'n', 'e']",1370,2
6851,,CASSLDLAVDNEQFF,,,,,,0.00012983640612827837,None,subset_2.tsv,"['N', 'o', 'n', 'e']",1370,2
1607,,CASSQGVSGQETQYF,,,,,,0.00012983640612827837,None,subset_2.tsv,"['N', 'o', 'n', 'e']",1371,4
5838,,CASSLSIRGQETQYF,,,,,,0.00012983640612827837,None,subset_2.tsv,"['N', 'o', 'n', 'e']",1371,4
5885,,CASSLVFRGQETQYF,,,,,,0.00012983640612827837,None,subset_2.tsv,"['N', 'o', 'n', 'e']",1371,4
7416,,CASSLGFGGQETQYF,,,,,,0.00012983640612827837,None,subset_2.tsv,"['N', 'o', 'n', 'e']",1371,4
59,,CASSLLAGGQETQYF,,,,,,0.00025967281225655674,None,subset_2.tsv,"['N', 'o', 'n', 'e']",1372,2
5938,,CASSLTQGGKETQYF,,,,,,0.00012983640612827837,None,subset_2.tsv,"['N', 'o', 'n', 'e']",1372,2
680,,CASSTLAGGQETQYF,,,,,,0.00012983640612827837,None,subset_2.tsv,"['N', 'o', 'n', 'e']",1373,2
3242,,CASSVLVRGEETQYF,,,,,,0.00012983640612827837,None,subset_2.tsv,"['N', 'o', 'n', 'e']",1373,2
125,,CASSRGLAGVETQYF,,,,,,0.00012983640612827837,None,subset_2.tsv,"['N', 'o', 'n', 'e']",1374,4
605,,CASSSSSAGQETQYF,,,,,,0.00012983640612827837,None,subset_2.tsv,"['N', 'o', 'n', 'e']",1374,4
5387,,CASSAGTSGQETQYF,,,,,,0.00012983640612827837,None,subset_2.tsv,"['N', 'o', 'n', 'e']",1374,4
7191,,CASSLGTSGRETQYF,,,,,,0.00012983640612827837,None,subset_2.tsv,"['N', 'o', 'n', 'e']",1374,4
4374,,CASSGLVVGQETQYF,,,,,,0.00012983640612827837,None,subset_2.tsv,"['N', 'o', 'n', 'e']",1375,3
4390,,CASSGGVVTPETQYF,,,,,,0.00012983640612827837,None,subset_2.tsv,"['N', 'o', 'n', 'e']",1375,3
4706,,CASSGGITGEETQYF,,,,,,0.00012983640612827837,None,subset_2.tsv,"['N', 'o', 'n', 'e']",1375,3
3151,,CASSVGADSEETQYF,,,,,,0.00012983640612827837,None,subset_2.tsv,"['N', 'o', 'n', 'e']",1376,2
3349,,CASSVGPALQETQYF,,,,,,0.00012983640612827837,None,subset_2.tsv,"['N', 'o', 'n', 'e']",1376,2
4312,,CASSGTSGILETQYF,,,,,,0.00012983640612827837,None,subset_2.tsv,"['N', 'o', 'n', 'e']",1378,2
4313,,CASSGTSDPADTQYF,,,,,,0.00012983640612827837,None,subset_2.tsv,"['N', 'o', 'n', 'e']",1378,2
134,,CASSRLAGESDTQYF,,,,,,0.00012983640612827837,None,subset_2.tsv,"['N', 'o', 'n', 'e']",1379,2
3248,,CASSVLAGYTDTQYF,,,,,,0.00012983640612827837,None,subset_2.tsv,"['N', 'o', 'n', 'e']",1379,2
789,,CASSSLAGVTDTQYF,,,,,,0.00012983640612827837,None,subset_2.tsv,"['N', 'o', 'n', 'e']",1381,3
4382,,CASSGLAGVTDTQYF,,,,,,0.00012983640612827837,None,subset_2.tsv,"['N', 'o', 'n', 'e']",1381,3
4383,,CASSGLAGVPDTQYF,,,,,,0.00012983640612827837,None,subset_2.tsv,"['N', 'o', 'n', 'e']",1381,3
548,,CASSSWASDTDTQYF,,,,,,0.00012983640612827837,None,subset_2.tsv,"['N', 'o', 'n', 'e']",1382,2
589,,CASSSRQSEADTQYF,,,,,,0.00012983640612827837,None,subset_2.tsv,"['N', 'o', 'n', 'e']",1382,2
829,,CASSSGQGAKDTQYF,,,,,,0.00012983640612827837,None,subset_2.tsv,"['N', 'o', 'n', 'e']",1383,3
7205,,CASSLGQGVFYTF,,,,,,0.00012983640612827837,None,subset_2.tsv,"['N', 'o', 'n', 'e']",1383,3
7218,,CASSLGQGGPDTQYF,,,,,,0.00012983640612827837,None,subset_2.tsv,"['N', 'o', 'n', 'e']",1383,3
611,,CASSSSPGSTDTQYF,,,,,,0.00012983640612827837,None,subset_2.tsv,"['N', 'o', 'n', 'e']",1384,2
802,,CASSSGPGSTDTQYF,,,,,,0.00012983640612827837,None,subset_2.tsv,"['N', 'o', 'n', 'e']",1384,2
165,,CASSSAYRGRETQYF,,,,,,0.00012983640612827837,None,subset_2.tsv,"['N', 'o', 'n', 'e']",1385,3
598,,CASSSSWGGDQPQHF,,,,,,0.00012983640612827837,None,subset_2.tsv,"['N', 'o', 'n', 'e']",1385,3
913,,CASSSRDGGTDTQYF,,,,,,0.00012983640612827837,None,subset_2.tsv,"['N', 'o', 'n', 'e']",1385,3
132,,CASSRLAGGPWRGEQFF,,,,,,0.00012983640612827837,None,subset_2.tsv,"['N', 'o', 'n', 'e']",1386,2
557,,CASSSVAGGPDYEQYF,,,,,,0.00012983640612827837,None,subset_2.tsv,"['N', 'o', 'n', 'e']",1386,2
181,,CASSSAAGGLDNEQFF,,,,,,0.00012983640612827837,None,subset_2.tsv,"['N', 'o', 'n', 'e']",1387,3
790,,CASSSLAGGSYNEQFF,,,,,,0.00012983640612827837,None,subset_2.tsv,"['N', 'o', 'n', 'e']",1387,3
4688,,CASSGGASGIYNEQFF,,,,,,0.00012983640612827837,None,subset_2.tsv,"['N', 'o', 'n', 'e']",1387,3
2221,,CATSGLAGGPDTQYF,,,,,,0.00012983640612827837,None,subset_2.tsv,"['N', 'o', 'n', 'e']",1388,2
2310,,CATSRVNGGTDTQYF,,,,,,0.00012983640612827837,None,subset_2.tsv,"['N', 'o', 'n', 'e']",1388,2
2964,,CASSVTAGGADTQYF,,,,,,0.00012983640612827837,None,subset_2.tsv,"['N', 'o', 'n', 'e']",1389,4
5378,,CASSAIAGGTDTQYF,,,,,,0.00012983640612827837,None,subset_2.tsv,"['N', 'o', 'n', 'e']",1389,4
7270,,CASSLLAGGTDTQYF,,,,,,0.00012983640612827837,None,subset_2.tsv,"['N', 'o', 'n', 'e']",1389,4
7330,,CASSLIAGGGDTQYF,,,,,,0.00012983640612827837,None,subset_2.tsv,"['N', 'o', 'n', 'e']",1389,4
4364,,CASSGSAGSTDTQYF,,,,,,0.00012983640612827837,None,subset_2.tsv,"['N', 'o', 'n', 'e']",1390,3
4992,,CASKRTSGSTDTQYF,,,,,,0.00012983640612827837,None,subset_2.tsv,"['N', 'o', 'n', 'e']",1390,3
5595,,CASPGTSGSTDTQYF,,,,,,0.00012983640612827837,None,subset_2.tsv,"['N', 'o', 'n', 'e']",1390,3
2457,,CSVAGTSGGAYEQYF,,,,,,0.00012983640612827837,None,subset_2.tsv,"['N', 'o', 'n', 'e']",1391,2
2518,,CSATLTSGGIYEQYF,,,,,,0.00012983640612827837,None,subset_2.tsv,"['N', 'o', 'n', 'e']",1391,2
2037,,CQQQNTAGGRDTQYF,,,,,,0.00012983640612827837,None,subset_2.tsv,"['N', 'o', 'n', 'e']",1392,3
5264,,CASRRTSGGTDTQYF,,,,,,0.00012983640612827837,None,subset_2.tsv,"['N', 'o', 'n', 'e']",1392,3
5630,,CASRITSGGTDTQYF,,,,,,0.00012983640612827837,None,subset_2.tsv,"['N', 'o', 'n', 'e']",1392,3
6085,,CASSLRTGGQDTQYF,,,,,,0.00012983640612827837,None,subset_2.tsv,"['N', 'o', 'n', 'e']",1393,2
7320,,CASSLHSGVPETQYF,,,,,,0.00012983640612827837,None,subset_2.tsv,"['N', 'o', 'n', 'e']",1393,2
57,,CASSLTSGRPDTQYF,,,,,,0.00025967281225655674,None,subset_2.tsv,"['N', 'o', 'n', 'e']",1394,6
5150,,CASAWTSGITDTQYF,,,,,,0.00012983640612827837,None,subset_2.tsv,"['N', 'o', 'n', 'e']",1394,6
5743,,CASSLSSGRTDTQYF,,,,,,0.00012983640612827837,None,subset_2.tsv,"['N', 'o', 'n', 'e']",1394,6
5866,,CASSLTSGGTDTQYF,,,,,,0.00012983640612827837,None,subset_2.tsv,"['N', 'o', 'n', 'e']",1394,6
6050,,CASSLMSGSTDTQYF,,,,,,0.00012983640612827837,None,subset_2.tsv,"['N', 'o', 'n', 'e']",1394,6
6079,,CASSLRSGKTDTQYF,,,,,,0.00012983640612827837,None,subset_2.tsv,"['N', 'o', 'n', 'e']",1394,6
3213,,CASSVAWGGHYEQYF,,,,,,0.00012983640612827837,None,subset_2.tsv,"['N', 'o', 'n', 'e']",1395,3
4852,,CASGLARGGRYEQYF,,,,,,0.00012983640612827837,None,subset_2.tsv,"['N', 'o', 'n', 'e']",1395,3
6680,,CASSLARGMPYEQYF,,,,,,0.00012983640612827837,None,subset_2.tsv,"['N', 'o', 'n', 'e']",1395,3
5158,,CASASSWGLRDIQYF,,,,,,0.00012983640612827837,None,subset_2.tsv,"['N', 'o', 'n', 'e']",1396,2
6715,,CASSLAVGLADGYTF,,,,,,0.00012983640612827837,None,subset_2.tsv,"['N', 'o', 'n', 'e']",1396,2
6546,,CASSLVLAGNRAQYF,,,,,,0.00012983640612827837,None,subset_2.tsv,"['N', 'o', 'n', 'e']",1397,2
6771,,CASSLALAGVDTQYF,,,,,,0.00012983640612827837,None,subset_2.tsv,"['N', 'o', 'n', 'e']",1397,2
29,,CASSLGSGGTDTQYF,,,,,,0.00025967281225655674,None,subset_2.tsv,"['N', 'o', 'n', 'e']",1398,4
4885,,CASGLVAGGTDTQYF,,,,,,0.00012983640612827837,None,subset_2.tsv,"['N', 'o', 'n', 'e']",1398,4
6709,,CASSLAWGGTDTQYF,,,,,,0.00012983640612827837,None,subset_2.tsv,"['N', 'o', 'n', 'e']",1398,4
7508,,CASSLGISGTDTQYF,,,,,,0.00012983640612827837,None,subset_2.tsv,"['N', 'o', 'n', 'e']",1398,4
2910,,CASSWRQGNSYEQYF,,,,,,0.00012983640612827837,None,subset_2.tsv,"['N', 'o', 'n', 'e']",1399,4
4622,,CASSFKQSNTHEQYF,,,,,,0.00012983640612827837,None,subset_2.tsv,"['N', 'o', 'n', 'e']",1399,4
6470,,CASSLWQGNMYEQYF,,,,,,0.00012983640612827837,None,subset_2.tsv,"['N', 'o', 'n', 'e']",1399,4
6578,,CASSMKQGIFYEQYF,,,,,,0.00012983640612827837,None,subset_2.tsv,"['N', 'o', 'n', 'e']",1399,4
227,,CASSRRDSPSYEQYF,,,,,,0.00012983640612827837,None,subset_2.tsv,"['N', 'o', 'n', 'e']",1400,2
4550,,CASSFRAGVGYEQYF,,,,,,0.00012983640612827837,None,subset_2.tsv,"['N', 'o', 'n', 'e']",1400,2
84,,CASSRFWVGPYEQYF,,,,,,0.00012983640612827837,None,subset_2.tsv,"['N', 'o', 'n', 'e']",1401,3
147,,CASSRHATGIYEQYF,,,,,,0.00012983640612827837,None,subset_2.tsv,"['N', 'o', 'n', 'e']",1401,3
220,,CASSRRLAGYYEQYF,,,,,,0.00012983640612827837,None,subset_2.tsv,"['N', 'o', 'n', 'e']",1401,3
4033,,CASSFDPAGVYEQYF,,,,,,0.00012983640612827837,None,subset_2.tsv,"['N', 'o', 'n', 'e']",1402,2
4637,,CASSFPLAGIYTQYF,,,,,,0.00012983640612827837,None,subset_2.tsv,"['N', 'o', 'n', 'e']",1402,2
90,,CASSRPQGAAYEQYF,,,,,,0.00012983640612827837,None,subset_2.tsv,"['N', 'o', 'n', 'e']",1403,2
955,,CASSSPPGGNYEQYF,,,,,,0.00012983640612827837,None,subset_2.tsv,"['N', 'o', 'n', 'e']",1403,2
4017,,CASSFFAGGPSEQYF,,,,,,0.00012983640612827837,None,subset_2.tsv,"['N', 'o', 'n', 'e']",1404,2
4685,,CASSFYVGGPYEQYF,,,,,,0.00012983640612827837,None,subset_2.tsv,"['N', 'o', 'n', 'e']",1404,2
1508,,CASSQFAGGAYEQYF,,,,,,0.00012983640612827837,None,subset_2.tsv,"['N', 'o', 'n', 'e']",1405,2
6791,,CASSLEARGTLEQYF,,,,,,0.00012983640612827837,None,subset_2.tsv,"['N', 'o', 'n', 'e']",1405,2
1266,,CASSPMTGGDYEQYF,,,,,,0.00012983640612827837,None,subset_2.tsv,"['N', 'o', 'n', 'e']",1406,2
1305,,CASSPITGGVYEQYF,,,,,,0.00012983640612827837,None,subset_2.tsv,"['N', 'o', 'n', 'e']",1406,2
1286,,CASSPIAGGPYEQYF,,,,,,0.00012983640612827837,None,subset_2.tsv,"['N', 'o', 'n', 'e']",1407,2
1428,,CASSPQAGGSYEQYF,,,,,,0.00012983640612827837,None,subset_2.tsv,"['N', 'o', 'n', 'e']",1407,2
1183,,CASSPTSGGGDEQYF,,,,,,0.00012983640612827837,None,subset_2.tsv,"['N', 'o', 'n', 'e']",1408,3
3931,,CASSERSGGGNEQFF,,,,,,0.00012983640612827837,None,subset_2.tsv,"['N', 'o', 'n', 'e']",1408,3
5560,,CASNPTSGGSREQFF,,,,,,0.00012983640612827837,None,subset_2.tsv,"['N', 'o', 'n', 'e']",1408,3
1185,,CASSPTSGGVYEQYF,,,,,,0.00012983640612827837,None,subset_2.tsv,"['N', 'o', 'n', 'e']",1409,2
4296,,CASSDTSGGADTQYF,,,,,,0.00012983640612827837,None,subset_2.tsv,"['N', 'o', 'n', 'e']",1409,2
3840,,CASSETSGGTETQYF,,,,,,0.00012983640612827837,None,subset_2.tsv,"['N', 'o', 'n', 'e']",1410,3
3842,,CASSETSGGADTQYF,,,,,,0.00012983640612827837,None,subset_2.tsv,"['N', 'o', 'n', 'e']",1410,3
3844,,CASSETLGLAYEQYF,,,,,,0.00012983640612827837,None,subset_2.tsv,"['N', 'o', 'n', 'e']",1410,3
536,,CASSSTSGASYEQYF,,,,,,0.00012983640612827837,None,subset_2.tsv,"['N', 'o', 'n', 'e']",1411,2
777,,CASSSLGSLSYEQYF,,,,,,0.00012983640612827837,None,subset_2.tsv,"['N', 'o', 'n', 'e']",1411,2
242,,CASSRTSGGAYEQYF,,,,,,0.00012983640612827837,None,subset_2.tsv,"['N', 'o', 'n', 'e']",1412,4
252,,CASSRTSGRSYEQYF,,,,,,0.00012983640612827837,None,subset_2.tsv,"['N', 'o', 'n', 'e']",1412,4
3158,,CASSVESGSAYEQYF,,,,,,0.00012983640612827837,None,subset_2.tsv,"['N', 'o', 'n', 'e']",1412,4
7036,,CASSKTSGRWYEQYF,,,,,,0.00012983640612827837,None,subset_2.tsv,"['N', 'o', 'n', 'e']",1412,4
3672,,CASSYLVGSSYEQYF,,,,,,0.00012983640612827837,None,subset_2.tsv,"['N', 'o', 'n', 'e']",1413,2
4725,,CASSFSVGSSYEQYF,,,,,,0.00012983640612827837,None,subset_2.tsv,"['N', 'o', 'n', 'e']",1413,2
3206,,CASSVAASGSYEQYF,,,,,,0.00012983640612827837,None,subset_2.tsv,"['N', 'o', 'n', 'e']",1414,4
4447,,CASSHSLGGSYEQYF,,,,,,0.00012983640612827837,None,subset_2.tsv,"['N', 'o', 'n', 'e']",1414,4
4615,,CASSFLAGGNYEQYF,,,,,,0.00012983640612827837,None,subset_2.tsv,"['N', 'o', 'n', 'e']",1414,4
7271,,CASSLLAGGSYEQYF,,,,,,0.00012983640612827837,None,subset_2.tsv,"['N', 'o', 'n', 'e']",1414,4
3399,,CASTPWAGGTYEQYF,,,,,,0.00012983640612827837,None,subset_2.tsv,"['N', 'o', 'n', 'e']",1415,2
3760,,CASTDRAGGGYEQYF,,,,,,0.00012983640612827837,None,subset_2.tsv,"['N', 'o', 'n', 'e']",1415,2
5486,,CASRPLAGVSYEQYF,,,,,,0.00012983640612827837,None,subset_2.tsv,"['N', 'o', 'n', 'e']",1416,3
6225,,CASSPGARGSYEQYF,,,,,,0.00012983640612827837,None,subset_2.tsv,"['N', 'o', 'n', 'e']",1416,3
6349,,CASSPGVGLSYEQYF,,,,,,0.00012983640612827837,None,subset_2.tsv,"['N', 'o', 'n', 'e']",1416,3
6070,,CASSLNGGNSYEQYF,,,,,,0.00012983640612827837,None,subset_2.tsv,"['N', 'o', 'n', 'e']",1417,4
6724,,CASSLATGSSYEQYF,,,,,,0.00012983640612827837,None,subset_2.tsv,"['N', 'o', 'n', 'e']",1417,4
7278,,CASSLKSGSSYEQYF,,,,,,0.00012983640612827837,None,subset_2.tsv,"['N', 'o', 'n', 'e']",1417,4
7336,,CASSLHRGKSYEQYF,,,,,,0.00012983640612827837,None,subset_2.tsv,"['N', 'o', 'n', 'e']",1417,4
3178,,CASSVDALSSYEQYF,,,,,,0.00012983640612827837,None,subset_2.tsv,"['N', 'o', 'n', 'e']",1418,2
5457,,CASSADSLSSYEQYF,,,,,,0.00012983640612827837,None,subset_2.tsv,"['N', 'o', 'n', 'e']",1418,2
4472,,CASSIDRESSYEQYF,,,,,,0.00012983640612827837,None,subset_2.tsv,"['N', 'o', 'n', 'e']",1419,4
5625,,CASRLDGTSSHEQYF,,,,,,0.00012983640612827837,None,subset_2.tsv,"['N', 'o', 'n', 'e']",1419,4
6803,,CASSLDRRSSYEQYF,,,,,,0.00012983640612827837,None,subset_2.tsv,"['N', 'o', 'n', 'e']",1419,4
6893,,CASSLDPSSSYEQYF,,,,,,0.00012983640612827837,None,subset_2.tsv,"['N', 'o', 'n', 'e']",1419,4
1542,,CASSQEHGSPYEQYF,,,,,,0.00012983640612827837,None,subset_2.tsv,"['N', 'o', 'n', 'e']",1420,2
3847,,CASSEVVSTTYEQYF,,,,,,0.00012983640612827837,None,subset_2.tsv,"['N', 'o', 'n', 'e']",1420,2
294,,CASSQQAGVSYEQYF,,,,,,0.00012983640612827837,None,subset_2.tsv,"['N', 'o', 'n', 'e']",1421,3
453,,CASSQVAGYSYEQYF,,,,,,0.00012983640612827837,None,subset_2.tsv,"['N', 'o', 'n', 'e']",1421,3
454,,CASSQVAGSAYEQYF,,,,,,0.00012983640612827837,None,subset_2.tsv,"['N', 'o', 'n', 'e']",1421,3
377,,CASSQNDASSYEQYF,,,,,,0.00012983640612827837,None,subset_2.tsv,"['N', 'o', 'n', 'e']",1422,2
1774,,CASSQAQASSYEQYF,,,,,,0.00012983640612827837,None,subset_2.tsv,"['N', 'o', 'n', 'e']",1422,2
391,,CASSQVYEDSYEQYF,,,,,,0.00012983640612827837,None,subset_2.tsv,"['N', 'o', 'n', 'e']",1423,2
499,,CASSQVESPSYEQYF,,,,,,0.00012983640612827837,None,subset_2.tsv,"['N', 'o', 'n', 'e']",1423,2
2947,,CASSVVAGVGYEQYF,,,,,,0.00012983640612827837,None,subset_2.tsv,"['N', 'o', 'n', 'e']",1424,4
2948,,CASSVVAGELYEQYF,,,,,,0.00012983640612827837,None,subset_2.tsv,"['N', 'o', 'n', 'e']",1424,4
4489,,CASSHLLGQGYEQYF,,,,,,0.00012983640612827837,None,subset_2.tsv,"['N', 'o', 'n', 'e']",1424,4
6543,,CASSLVLGQVYEQYF,,,,,,0.00012983640612827837,None,subset_2.tsv,"['N', 'o', 'n', 'e']",1424,4
6058,,CASSLNRGQGYEQYF,,,,,,0.00012983640612827837,None,subset_2.tsv,"['N', 'o', 'n', 'e']",1425,2
7447,,CASSLEPGQGYEQYF,,,,,,0.00012983640612827837,None,subset_2.tsv,"['N', 'o', 'n', 'e']",1425,2
6727,,CASSLAPEAGYEQYF,,,,,,0.00012983640612827837,None,subset_2.tsv,"['N', 'o', 'n', 'e']",1426,2
6892,,CASSLDPVIGYEQYF,,,,,,0.00012983640612827837,None,subset_2.tsv,"['N', 'o', 'n', 'e']",1426,2
5864,,CASSLTSGKPYEQYF,,,,,,0.00012983640612827837,None,subset_2.tsv,"['N', 'o', 'n', 'e']",1427,3
7355,,CASSLISGPPYEQYF,,,,,,0.00012983640612827837,None,subset_2.tsv,"['N', 'o', 'n', 'e']",1427,3
7396,,CASSLFSGPPYEQYF,,,,,,0.00012983640612827837,None,subset_2.tsv,"['N', 'o', 'n', 'e']",1427,3
459,,CASSQTTLDPYEQYF,,,,,,0.00012983640612827837,None,subset_2.tsv,"['N', 'o', 'n', 'e']",1428,2
6588,,CASSNRTGPEYEQYF,,,,,,0.00012983640612827837,None,subset_2.tsv,"['N', 'o', 'n', 'e']",1428,2
341,,CASSQKSGNPLVQYF,,,,,,0.00012983640612827837,None,subset_2.tsv,"['N', 'o', 'n', 'e']",1429,3
386,,CASSQTGGKTYEQYF,,,,,,0.00012983640612827837,None,subset_2.tsv,"['N', 'o', 'n', 'e']",1429,3
1468,,CASSQETGIVYEQYF,,,,,,0.00012983640612827837,None,subset_2.tsv,"['N', 'o', 'n', 'e']",1429,3
3183,,CASSTWTGLSYEQYF,,,,,,0.00012983640612827837,None,subset_2.tsv,"['N', 'o', 'n', 'e']",1430,2
6582,,CASSMWTSASYEQYF,,,,,,0.00012983640612827837,None,subset_2.tsv,"['N', 'o', 'n', 'e']",1430,2
1114,,CASSPWTGARWEQYF,,,,,,0.00012983640612827837,None,subset_2.tsv,"['N', 'o', 'n', 'e']",1431,4
1435,,CASSPPTGTPYEQYF,,,,,,0.00012983640612827837,None,subset_2.tsv,"['N', 'o', 'n', 'e']",1431,4
3052,,CASSYHTGGLYEQYF,,,,,,0.00012983640612827837,None,subset_2.tsv,"['N', 'o', 'n', 'e']",1431,4
4552,,CASSFQTSTTLEQYF,,,,,,0.00012983640612827837,None,subset_2.tsv,"['N', 'o', 'n', 'e']",1431,4
3238,,CASSVKTGAGREQYF,,,,,,0.00012983640612827837,None,subset_2.tsv,"['N', 'o', 'n', 'e']",1432,2
7485,,CASSLETGDRDEQYF,,,,,,0.00012983640612827837,None,subset_2.tsv,"['N', 'o', 'n', 'e']",1432,2
5756,,CASSLTGGAGNEQFF,,,,,,0.00012983640612827837,None,subset_2.tsv,"['N', 'o', 'n', 'e']",1434,3
5925,,CASSLTGGMREQYF,,,,,,0.00012983640612827837,None,subset_2.tsv,"['N', 'o', 'n', 'e']",1434,3
5927,,CASSLTGGKGNEQFF,,,,,,0.00012983640612827837,None,subset_2.tsv,"['N', 'o', 'n', 'e']",1434,3
529,,CASSSTGGTNDEQFF,,,,,,0.00012983640612827837,None,subset_2.tsv,"['N', 'o', 'n', 'e']",1435,4
5842,,CASSLTGGFDNEQFF,,,,,,0.00012983640612827837,None,subset_2.tsv,"['N', 'o', 'n', 'e']",1435,4
5926,,CASSLTGGLAGELFF,,,,,,0.00012983640612827837,None,subset_2.tsv,"['N', 'o', 'n', 'e']",1435,4
6478,,CASSLWGGVNNEQFF,,,,,,0.00012983640612827837,None,subset_2.tsv,"['N', 'o', 'n', 'e']",1435,4
5877,,CASSLVGGAPDTQYF,,,,,,0.00012983640612827837,None,subset_2.tsv,"['N', 'o', 'n', 'e']",1436,4
5878,,CASSLVGGAKNIQYF,,,,,,0.00012983640612827837,None,subset_2.tsv,"['N', 'o', 'n', 'e']",1436,4
7313,,CASSLLGGTIDTQYF,,,,,,0.00012983640612827837,None,subset_2.tsv,"['N', 'o', 'n', 'e']",1436,4
7323,,CASSLIGGITDTQYF,,,,,,0.00012983640612827837,None,subset_2.tsv,"['N', 'o', 'n', 'e']",1436,4
6828,,CASSLEGGVADTQYF,,,,,,0.00012983640612827837,None,subset_2.tsv,"['N', 'o', 'n', 'e']",1437,4
6831,,CASSLEGGRGETQYF,,,,,,0.00012983640612827837,None,subset_2.tsv,"['N', 'o', 'n', 'e']",1437,4
6837,,CASSLEGARGGTQYF,,,,,,0.00012983640612827837,None,subset_2.tsv,"['N', 'o', 'n', 'e']",1437,4
7469,,CASSLFGGLADTQYF,,,,,,0.00012983640612827837,None,subset_2.tsv,"['N', 'o', 'n', 'e']",1437,4
5068,,CAISESGPPPDPLHF,,,,,,0.00012983640612827837,None,subset_2.tsv,"['N', 'o', 'n', 'e']",1438,2
6278,,CASSPAGPLPGEQYF,,,,,,0.00012983640612827837,None,subset_2.tsv,"['N', 'o', 'n', 'e']",1438,2
1017,,CASSPTGAWVNEQYF,,,,,,0.00012983640612827837,None,subset_2.tsv,"['N', 'o', 'n', 'e']",1439,4
1175,,CASSPTGSTGEEQYF,,,,,,0.00012983640612827837,None,subset_2.tsv,"['N', 'o', 'n', 'e']",1439,4
5315,,CASRPTGTAALEQYF,,,,,,0.00012983640612827837,None,subset_2.tsv,"['N', 'o', 'n', 'e']",1439,4
5369,,CASRPLGDLAYEQYF,,,,,,0.00012983640612827837,None,subset_2.tsv,"['N', 'o', 'n', 'e']",1439,4
4292,,CASSDVGAGADTQYF,,,,,,0.00012983640612827837,None,subset_2.tsv,"['N', 'o', 'n', 'e']",1440,2
6245,,CASSPGGAGADTQYF,,,,,,0.00012983640612827837,None,subset_2.tsv,"['N', 'o', 'n', 'e']",1440,2
3922,,CASSEPGTGLDTQYF,,,,,,0.00012983640612827837,None,subset_2.tsv,"['N', 'o', 'n', 'e']",1441,2
3938,,CASSERGDGTDTQYF,,,,,,0.00012983640612827837,None,subset_2.tsv,"['N', 'o', 'n', 'e']",1441,2
3896,,CASSEMGQETYEQYF,,,,,,0.00012983640612827837,None,subset_2.tsv,"['N', 'o', 'n', 'e']",1442,2
5204,,CAITPAGVFPYEQYF,,,,,,0.00012983640612827837,None,subset_2.tsv,"['N', 'o', 'n', 'e']",1442,2
4999,,CASKPPGAQGDTQYF,,,,,,0.00012983640612827837,None,subset_2.tsv,"['N', 'o', 'n', 'e']",1445,2
5531,,CASREPGTYTDTQYF,,,,,,0.00012983640612827837,None,subset_2.tsv,"['N', 'o', 'n', 'e']",1445,2
3751,,CASTETRSDADTQYF,,,,,,0.00012983640612827837,None,subset_2.tsv,"['N', 'o', 'n', 'e']",1446,3
3756,,CASTEGGAISDTQYF,,,,,,0.00012983640612827837,None,subset_2.tsv,"['N', 'o', 'n', 'e']",1446,3
5353,,CASRQTGALGETQYF,,,,,,0.00012983640612827837,None,subset_2.tsv,"['N', 'o', 'n', 'e']",1446,3
1477,,CASSQESASAETQYF,,,,,,0.00012983640612827837,None,subset_2.tsv,"['N', 'o', 'n', 'e']",1447,2
4194,,CASSEELASADTQYF,,,,,,0.00012983640612827837,None,subset_2.tsv,"['N', 'o', 'n', 'e']",1447,2
462,,CASSQTSGSGDTQYF,,,,,,0.00012983640612827837,None,subset_2.tsv,"['N', 'o', 'n', 'e']",1450,2
2911,,CASSWTSGSGDTQYF,,,,,,0.00012983640612827837,None,subset_2.tsv,"['N', 'o', 'n', 'e']",1450,2
7282,,CASSLKLGLGETQYF,,,,,,0.00012983640612827837,None,subset_2.tsv,"['N', 'o', 'n', 'e']",1451,2
7329,,CASSLIAGVGETQYF,,,,,,0.00012983640612827837,None,subset_2.tsv,"['N', 'o', 'n', 'e']",1451,2
3064,,CASSYEAGAGETQYF,,,,,,0.00012983640612827837,None,subset_2.tsv,"['N', 'o', 'n', 'e']",1452,2
4016,,CASSFFAGRRETQYF,,,,,,0.00012983640612827837,None,subset_2.tsv,"['N', 'o', 'n', 'e']",1452,2
1027,,CASSPSVGDTYEQYF,,,,,,0.00012983640612827837,None,subset_2.tsv,"['N', 'o', 'n', 'e']",1453,3
3616,,CASSYSAGPTDTQYF,,,,,,0.00012983640612827837,None,subset_2.tsv,"['N', 'o', 'n', 'e']",1453,3
3814,,CASSYSVGLTDTQYF,,,,,,0.00012983640612827837,None,subset_2.tsv,"['N', 'o', 'n', 'e']",1453,3
137,,CASSRLAGAAETQYF,,,,,,0.00012983640612827837,None,subset_2.tsv,"['N', 'o', 'n', 'e']",1454,2
4095,,CASSCLQGAADTQYF,,,,,,0.00012983640612827837,None,subset_2.tsv,"['N', 'o', 'n', 'e']",1454,2
1310,,CASSPLAGVTDTQYF,,,,,,0.00012983640612827837,None,subset_2.tsv,"['N', 'o', 'n', 'e']",1455,3
1311,,CASSPLAGVSDTQYF,,,,,,0.00012983640612827837,None,subset_2.tsv,"['N', 'o', 'n', 'e']",1455,3
3041,,CASSYLAGSTDTQYF,,,,,,0.00012983640612827837,None,subset_2.tsv,"['N', 'o', 'n', 'e']",1455,3
1427,,CASSPQDSPTDTQYF,,,,,,0.00012983640612827837,None,subset_2.tsv,"['N', 'o', 'n', 'e']",1456,3
3721,,CASSYWDTPTDTQYF,,,,,,0.00012983640612827837,None,subset_2.tsv,"['N', 'o', 'n', 'e']",1456,3
6215,,CASSPEGRPGDTQYF,,,,,,0.00012983640612827837,None,subset_2.tsv,"['N', 'o', 'n', 'e']",1456,3
1162,,CASSPTQGAGDTQYF,,,,,,0.00012983640612827837,None,subset_2.tsv,"['N', 'o', 'n', 'e']",1457,4
1274,,CASSPLESRRDTQYF,,,,,,0.00012983640612827837,None,subset_2.tsv,"['N', 'o', 'n', 'e']",1457,4
3604,,CASSYSETSGDTQYF,,,,,,0.00012983640612827837,None,subset_2.tsv,"['N', 'o', 'n', 'e']",1457,4
6431,,CASSPADTLLDTQYF,,,,,,0.00012983640612827837,None,subset_2.tsv,"['N', 'o', 'n', 'e']",1457,4
695,,CASSTFGASTDTQYF,,,,,,0.00012983640612827837,None,subset_2.tsv,"['N', 'o', 'n', 'e']",1458,5
1421,,CASSPPGVSTDTQYF,,,,,,0.00012983640612827837,None,subset_2.tsv,"['N', 'o', 'n', 'e']",1458,5
3771,,CASSYTGSSTDTQYF,,,,,,0.00012983640612827837,None,subset_2.tsv,"['N', 'o', 'n', 'e']",1458,5
3984,,CASSFIGGSTDTQYF,,,,,,0.00012983640612827837,None,subset_2.tsv,"['N', 'o', 'n', 'e']",1458,5
4039,,CASSFFRGSTDTQYF,,,,,,0.00012983640612827837,None,subset_2.tsv,"['N', 'o', 'n', 'e']",1458,5
7006,,CASSILGVSTDTQYF,,,,,,0.00012983640612827837,None,subset_2.tsv,"['N', 'o', 'n', 'e']",1459,2
7371,,CASSLIGVSTDTQYF,,,,,,0.00012983640612827837,None,subset_2.tsv,"['N', 'o', 'n', 'e']",1459,2
3225,,CASSVAGSSTDTQYF,,,,,,0.00012983640612827837,None,subset_2.tsv,"['N', 'o', 'n', 'e']",1460,3
5748,,CASSLSRRSTDTQYF,,,,,,0.00012983640612827837,None,subset_2.tsv,"['N', 'o', 'n', 'e']",1460,3
5808,,CASSLSGGSTDTQYF,,,,,,0.00012983640612827837,None,subset_2.tsv,"['N', 'o', 'n', 'e']",1460,3
2960,,CASSVTGGEIYEQYF,,,,,,0.00012983640612827837,None,subset_2.tsv,"['N', 'o', 'n', 'e']",1461,3
2961,,CASSVTGGAMNEQYF,,,,,,0.00012983640612827837,None,subset_2.tsv,"['N', 'o', 'n', 'e']",1461,3
4181,,CASSATGGLADTQYF,,,,,,0.00012983640612827837,None,subset_2.tsv,"['N', 'o', 'n', 'e']",1461,3
1011,,CASSPTGGPADTQYF,,,,,,0.00012983640612827837,None,subset_2.tsv,"['N', 'o', 'n', 'e']",1462,2
1325,,CASSPKGGHADTQYF,,,,,,0.00012983640612827837,None,subset_2.tsv,"['N', 'o', 'n', 'e']",1462,2
1368,,CASSPRGGVEKTQYF,,,,,,0.00012983640612827837,None,subset_2.tsv,"['N', 'o', 'n', 'e']",1463,3
1369,,CASSPRGGTADTQYF,,,,,,0.00012983640612827837,None,subset_2.tsv,"['N', 'o', 'n', 'e']",1463,3
4093,,CASSCRGGRAVEQYF,,,,,,0.00012983640612827837,None,subset_2.tsv,"['N', 'o', 'n', 'e']",1463,3
3578,,CASTVSGLAGDTQYF,,,,,,0.00012983640612827837,None,subset_2.tsv,"['N', 'o', 'n', 'e']",1464,2
4982,,CASIHSRLAGGGQYF,,,,,,0.00012983640612827837,None,subset_2.tsv,"['N', 'o', 'n', 'e']",1464,2
1051,,CASSPSGGAGETQYF,,,,,,0.00012983640612827837,None,subset_2.tsv,"['N', 'o', 'n', 'e']",1465,3
5563,,CASNPSGGASDTQYF,,,,,,0.00012983640612827837,None,subset_2.tsv,"['N', 'o', 'n', 'e']",1465,3
6239,,CASSPGGGAWDTQYF,,,,,,0.00012983640612827837,None,subset_2.tsv,"['N', 'o', 'n', 'e']",1465,3
224,,CASSRRGGRTDEQYF,,,,,,0.00012983640612827837,None,subset_2.tsv,"['N', 'o', 'n', 'e']",1466,4
4130,,CASSASRGPADTQYF,,,,,,0.00012983640612827837,None,subset_2.tsv,"['N', 'o', 'n', 'e']",1466,4
4254,,CASSDRTGVGETQYF,,,,,,0.00012983640612827837,None,subset_2.tsv,"['N', 'o', 'n', 'e']",1466,4
4274,,CASSDSRGVTDTQYF,,,,,,0.00012983640612827837,None,subset_2.tsv,"['N', 'o', 'n', 'e']",1466,4
1757,,CASSQATSGRETQYF,,,,,,0.00012983640612827837,None,subset_2.tsv,"['N', 'o', 'n', 'e']",1467,3
1759,,CASSQATSAQETQYF,,,,,,0.00012983640612827837,None,subset_2.tsv,"['N', 'o', 'n', 'e']",1467,3
2982,,CASSWATGGQETQYF,,,,,,0.00012983640612827837,None,subset_2.tsv,"['N', 'o', 'n', 'e']",1467,3
1112,,CASSPWTGGRETQYF,,,,,,0.00012983640612827837,None,subset_2.tsv,"['N', 'o', 'n', 'e']",1468,2
1257,,CASSPNRGGQETQYF,,,,,,0.00012983640612827837,None,subset_2.tsv,"['N', 'o', 'n', 'e']",1468,2
1726,,CASSQDLSGTDTQYF,,,,,,0.00012983640612827837,None,subset_2.tsv,"['N', 'o', 'n', 'e']",1470,5
1748,,CASSQDGGGTDTQYF,,,,,,0.00012983640612827837,None,subset_2.tsv,"['N', 'o', 'n', 'e']",1470,5
1884,,CASSQDPGGTDTQYF,,,,,,0.00012983640612827837,None,subset_2.tsv,"['N', 'o', 'n', 'e']",1470,5
1885,,CASSQDPGGLDEQYF,,,,,,0.00012983640612827837,None,subset_2.tsv,"['N', 'o', 'n', 'e']",1470,5
3071,,CASSYDGGGTDTQYF,,,,,,0.00012983640612827837,None,subset_2.tsv,"['N', 'o', 'n', 'e']",1470,5
1559,,CASSQEMGGPDTQYF,,,,,,0.00012983640612827837,None,subset_2.tsv,"['N', 'o', 'n', 'e']",1471,3
3060,,CASSYDAGGEKTQYF,,,,,,0.00012983640612827837,None,subset_2.tsv,"['N', 'o', 'n', 'e']",1471,3
3078,,CASSYASGGEDTQYF,,,,,,0.00012983640612827837,None,subset_2.tsv,"['N', 'o', 'n', 'e']",1471,3
400,,CASSQVSGTENEQFF,,,,,,0.00012983640612827837,None,subset_2.tsv,"['N', 'o', 'n', 'e']",1472,2
414,,CASSQVMRVDNIQYF,,,,,,0.00012983640612827837,None,subset_2.tsv,"['N', 'o', 'n', 'e']",1472,2
2356,,CATSRDLANQETQYF,,,,,,0.00012983640612827837,None,subset_2.tsv,"['N', 'o', 'n', 'e']",1474,3
2359,,CATSRDDRDQETQYF,,,,,,0.00012983640612827837,None,subset_2.tsv,"['N', 'o', 'n', 'e']",1474,3
2366,,CATSRAPRSQETQYF,,,,,,0.00012983640612827837,None,subset_2.tsv,"['N', 'o', 'n', 'e']",1474,3
2209,,CATSGLAGDQETQYF,,,,,,0.00012983640612827837,None,subset_2.tsv,"['N', 'o', 'n', 'e']",1475,2
2215,,CATSGTQGYQETQYF,,,,,,0.00012983640612827837,None,subset_2.tsv,"['N', 'o', 'n', 'e']",1475,2
2274,,CATSDLTGAQETQYF,,,,,,0.00012983640612827837,None,subset_2.tsv,"['N', 'o', 'n', 'e']",1476,2
2339,,CATSVTTGSQETQYF,,,,,,0.00012983640612827837,None,subset_2.tsv,"['N', 'o', 'n', 'e']",1476,2
1430,,CASSPPWAAPRTQYF,,,,,,0.00012983640612827837,None,subset_2.tsv,"['N', 'o', 'n', 'e']",1477,2
6203,,CASSPEWVVTDTQYF,,,,,,0.00012983640612827837,None,subset_2.tsv,"['N', 'o', 'n', 'e']",1477,2
1103,,CASSPYGWAKETQYF,,,,,,0.00012983640612827837,None,subset_2.tsv,"['N', 'o', 'n', 'e']",1478,3
1276,,CASSPIRAAQETQYF,,,,,,0.00012983640612827837,None,subset_2.tsv,"['N', 'o', 'n', 'e']",1478,3
1292,,CASSPHGTRQETQYF,,,,,,0.00012983640612827837,None,subset_2.tsv,"['N', 'o', 'n', 'e']",1478,3
236,,CASSRQGSWLETQYF,,,,,,0.00012983640612827837,None,subset_2.tsv,"['N', 'o', 'n', 'e']",1479,2
246,,CASSRVGGVSETQYF,,,,,,0.00012983640612827837,None,subset_2.tsv,"['N', 'o', 'n', 'e']",1479,2
217,,CASSRSGGLQETQYF,,,,,,0.00012983640612827837,None,subset_2.tsv,"['N', 'o', 'n', 'e']",1480,3
2941,,CASSVVGGVQETQYF,,,,,,0.00012983640612827837,None,subset_2.tsv,"['N', 'o', 'n', 'e']",1480,3
5480,,CASSAEGRGPETQYF,,,,,,0.00012983640612827837,None,subset_2.tsv,"['N', 'o', 'n', 'e']",1480,3
4288,,CASSDWSAVQETQYF,,,,,,0.00012983640612827837,None,subset_2.tsv,"['N', 'o', 'n', 'e']",1481,2
4792,,CASGRHRTAQETQYF,,,,,,0.00012983640612827837,None,subset_2.tsv,"['N', 'o', 'n', 'e']",1481,2
552,,CASSSVGLPQETQYF,,,,,,0.00012983640612827837,None,subset_2.tsv,"['N', 'o', 'n', 'e']",1483,2
963,,CASSSPGLYPETQYF,,,,,,0.00012983640612827837,None,subset_2.tsv,"['N', 'o', 'n', 'e']",1483,2
1097,,CASSPYRGQQETQYF,,,,,,0.00012983640612827837,None,subset_2.tsv,"['N', 'o', 'n', 'e']",1484,3
2932,,CASSWNGGPQETQYF,,,,,,0.00012983640612827837,None,subset_2.tsv,"['N', 'o', 'n', 'e']",1484,3
4537,,CASSHNTREQETQYF,,,,,,0.00012983640612827837,None,subset_2.tsv,"['N', 'o', 'n', 'e']",1484,3
4746,,CASSFSGSTQETQYF,,,,,,0.00012983640612827837,None,subset_2.tsv,"['N', 'o', 'n', 'e']",1485,2
5799,,CASSLSGNRQETQYF,,,,,,0.00012983640612827837,None,subset_2.tsv,"['N', 'o', 'n', 'e']",1485,2
3743,,CASSYSMAQEETQYF,,,,,,0.00012983640612827837,None,subset_2.tsv,"['N', 'o', 'n', 'e']",1486,3
4025,,CASSFGGRYQETQYF,,,,,,0.00012983640612827837,None,subset_2.tsv,"['N', 'o', 'n', 'e']",1486,3
4732,,CASSFSRRYQETQYF,,,,,,0.00012983640612827837,None,subset_2.tsv,"['N', 'o', 'n', 'e']",1486,3
1022,,CASSPTDSIQETQYF,,,,,,0.00012983640612827837,None,subset_2.tsv,"['N', 'o', 'n', 'e']",1487,3
4451,,CASSHSDRYQETQYF,,,,,,0.00012983640612827837,None,subset_2.tsv,"['N', 'o', 'n', 'e']",1487,3
4520,,CASSHRDTLQETQYF,,,,,,0.00012983640612827837,None,subset_2.tsv,"['N', 'o', 'n', 'e']",1487,3
3905,,CASSELAGAQDTQYF,,,,,,0.00012983640612827837,None,subset_2.tsv,"['N', 'o', 'n', 'e']",1489,3
5533,,CASRELAGVQETQYF,,,,,,0.00012983640612827837,None,subset_2.tsv,"['N', 'o', 'n', 'e']",1489,3
5722,,CASSIGAGAQETQYF,,,,,,0.00012983640612827837,None,subset_2.tsv,"['N', 'o', 'n', 'e']",1489,3
500,,CASSQVERDQETQYF,,,,,,0.00012983640612827837,None,subset_2.tsv,"['N', 'o', 'n', 'e']",1490,4
1771,,CASSQAQGTRETQYF,,,,,,0.00012983640612827837,None,subset_2.tsv,"['N', 'o', 'n', 'e']",1490,4
3929,,CASSERVGDQETQYF,,,,,,0.00012983640612827837,None,subset_2.tsv,"['N', 'o', 'n', 'e']",1490,4
4212,,CASSEAQGEVETQYF,,,,,,0.00012983640612827837,None,subset_2.tsv,"['N', 'o', 'n', 'e']",1490,4
1742,,CASSQDLAVQETQYF,,,,,,0.00012983640612827837,None,subset_2.tsv,"['N', 'o', 'n', 'e']",1491,2
1851,,CASSQEAAIQETQYF,,,,,,0.00012983640612827837,None,subset_2.tsv,"['N', 'o', 'n', 'e']",1491,2
5956,,CASSLTLAEAETQYF,,,,,,0.00012983640612827837,None,subset_2.tsv,"['N', 'o', 'n', 'e']",1492,2
7403,,CASSLFLAAQETQYF,,,,,,0.00012983640612827837,None,subset_2.tsv,"['N', 'o', 'n', 'e']",1492,2
1750,,CASSQAWDTQETQYF,,,,,,0.00012983640612827837,None,subset_2.tsv,"['N', 'o', 'n', 'e']",1493,2
6579,,CASSMVWNSQETQYF,,,,,,0.00012983640612827837,None,subset_2.tsv,"['N', 'o', 'n', 'e']",1493,2
1511,,CASSQERLAQETQYF,,,,,,0.00012983640612827837,None,subset_2.tsv,"['N', 'o', 'n', 'e']",1494,2
4471,,CASSIDRTNQETQYF,,,,,,0.00012983640612827837,None,subset_2.tsv,"['N', 'o', 'n', 'e']",1494,2
328,,CASSQTGGGTYEQYF,,,,,,0.00012983640612827837,None,subset_2.tsv,"['N', 'o', 'n', 'e']",1495,2
415,,CASSQWGSGVYEQYF,,,,,,0.00012983640612827837,None,subset_2.tsv,"['N', 'o', 'n', 'e']",1495,2
978,,CASSPSRGGYYEQYF,,,,,,0.00012983640612827837,None,subset_2.tsv,"['N', 'o', 'n', 'e']",1496,3
1035,,CASSPSGGGSYEQYF,,,,,,0.00012983640612827837,None,subset_2.tsv,"['N', 'o', 'n', 'e']",1496,3
2919,,CASSWSGGGSYEQYF,,,,,,0.00012983640612827837,None,subset_2.tsv,"['N', 'o', 'n', 'e']",1496,3
1653,,CASSQGGGGTDTQYF,,,,,,0.00012983640612827837,None,subset_2.tsv,"['N', 'o', 'n', 'e']",1497,2
4234,,CASSEGGGSTDTQYF,,,,,,0.00012983640612827837,None,subset_2.tsv,"['N', 'o', 'n', 'e']",1497,2
3623,,CASSYSGGGLNEQYF,,,,,,0.00012983640612827837,None,subset_2.tsv,"['N', 'o', 'n', 'e']",1498,2
3642,,CASSYSGSGTNIQYF,,,,,,0.00012983640612827837,None,subset_2.tsv,"['N', 'o', 'n', 'e']",1498,2
1021,,CASSPSRSGADTQYF,,,,,,0.00012983640612827837,None,subset_2.tsv,"['N', 'o', 'n', 'e']",1499,3
3601,,CASSYSFSGTETQYF,,,,,,0.00012983640612827837,None,subset_2.tsv,"['N', 'o', 'n', 'e']",1499,3
3795,,CASSYSNGGLETQYF,,,,,,0.00012983640612827837,None,subset_2.tsv,"['N', 'o', 'n', 'e']",1499,3
397,,CASSQVTGGAYEQYF,,,,,,0.00012983640612827837,None,subset_2.tsv,"['N', 'o', 'n', 'e']",1500,7
1591,,CASSQGRGGAYEQYF,,,,,,0.00012983640612827837,None,subset_2.tsv,"['N', 'o', 'n', 'e']",1500,7
1600,,CASSQGTGGLYEQYF,,,,,,0.00012983640612827837,None,subset_2.tsv,"['N', 'o', 'n', 'e']",1500,7
1616,,CASSQGTSGSYEQYF,,,,,,0.00012983640612827837,None,subset_2.tsv,"['N', 'o', 'n', 'e']",1500,7
1626,,CASSQGTGGVYEQYF,,,,,,0.00012983640612827837,None,subset_2.tsv,"['N', 'o', 'n', 'e']",1500,7
3819,,CASSYSTSGAYEQYF,,,,,,0.00012983640612827837,None,subset_2.tsv,"['N', 'o', 'n', 'e']",1500,7
6994,,CASSIGTSGSYEQFF,,,,,,0.00012983640612827837,None,subset_2.tsv,"['N', 'o', 'n', 'e']",1500,7
6325,,CASSPGTASTDTQYF,,,,,,0.00012983640612827837,None,subset_2.tsv,"['N', 'o', 'n', 'e']",1501,3
6361,,CASSPGTSGSDTQYF,,,,,,0.00012983640612827837,None,subset_2.tsv,"['N', 'o', 'n', 'e']",1501,3
6367,,CASSPGTGRTDTQYF,,,,,,0.00012983640612827837,None,subset_2.tsv,"['N', 'o', 'n', 'e']",1501,3
3006,,CASSYGTGGTYEQYF,,,,,,0.00012983640612827837,None,subset_2.tsv,"['N', 'o', 'n', 'e']",1502,4
4097,,CASSDGTGGVDEQYF,,,,,,0.00012983640612827837,None,subset_2.tsv,"['N', 'o', 'n', 'e']",1502,4
6345,,CASSPGTGGLYEQYF,,,,,,0.00012983640612827837,None,subset_2.tsv,"['N', 'o', 'n', 'e']",1502,4
6359,,CASSPGTSGSYEQYF,,,,,,0.00012983640612827837,None,subset_2.tsv,"['N', 'o', 'n', 'e']",1502,4
21,,CASSWGGGSHYGYTF,,,,,,0.00025967281225655674,None,subset_2.tsv,"['N', 'o', 'n', 'e']",1503,3
2905,,CASSWGGGSHYGHTF,,,,,,0.00012983640612827837,None,subset_2.tsv,"['N', 'o', 'n', 'e']",1503,3
6235,,CASSPGGGSSFGYTF,,,,,,0.00012983640612827837,None,subset_2.tsv,"['N', 'o', 'n', 'e']",1503,3
4910,,CASLPGGGASYEQYF,,,,,,0.00012983640612827837,None,subset_2.tsv,"['N', 'o', 'n', 'e']",1504,3
6227,,CASSPGGGASYEQYF,,,,,,0.00012983640612827837,None,subset_2.tsv,"['N', 'o', 'n', 'e']",1504,3
6234,,CASSPGGGVSYEQYF,,,,,,0.00012983640612827837,None,subset_2.tsv,"['N', 'o', 'n', 'e']",1504,3
3262,,CASSVGTGSSYEQYF,,,,,,0.00012983640612827837,None,subset_2.tsv,"['N', 'o', 'n', 'e']",1505,2
3314,,CASSVGGGRSYEQYF,,,,,,0.00012983640612827837,None,subset_2.tsv,"['N', 'o', 'n', 'e']",1505,2
1153,,CASSPVPLSSYEQYF,,,,,,0.00012983640612827837,None,subset_2.tsv,"['N', 'o', 'n', 'e']",1506,3
1255,,CASSPNRGSSYEQYF,,,,,,0.00012983640612827837,None,subset_2.tsv,"['N', 'o', 'n', 'e']",1506,3
4213,,CASSEAPQSSYEQYF,,,,,,0.00012983640612827837,None,subset_2.tsv,"['N', 'o', 'n', 'e']",1506,3
1244,,CASSPRGLSSYEQYF,,,,,,0.00012983640612827837,None,subset_2.tsv,"['N', 'o', 'n', 'e']",1507,2
4573,,CASSFRGSSSYEQYF,,,,,,0.00012983640612827837,None,subset_2.tsv,"['N', 'o', 'n', 'e']",1507,2
1070,,CASSPSGAAGYEQYF,,,,,,0.00012983640612827837,None,subset_2.tsv,"['N', 'o', 'n', 'e']",1508,2
6280,,CASSPAGLAGYEQYF,,,,,,0.00012983640612827837,None,subset_2.tsv,"['N', 'o', 'n', 'e']",1508,2
808,,CASSSGLAGVNEQFF,,,,,,0.00012983640612827837,None,subset_2.tsv,"['N', 'o', 'n', 'e']",1509,5
3326,,CASSVGLAGSNEQFF,,,,,,0.00012983640612827837,None,subset_2.tsv,"['N', 'o', 'n', 'e']",1509,5
5834,,CASSLSLAGVNEQFF,,,,,,0.00012983640612827837,None,subset_2.tsv,"['N', 'o', 'n', 'e']",1509,5
7245,,CASSLGREGINEQFF,,,,,,0.00012983640612827837,None,subset_2.tsv,"['N', 'o', 'n', 'e']",1509,5
7526,,CASSLGLAGLNEQFF,,,,,,0.00012983640612827837,None,subset_2.tsv,"['N', 'o', 'n', 'e']",1509,5
114,,CASSRGSWTGGELFF,,,,,,0.00012983640612827837,None,subset_2.tsv,"['N', 'o', 'n', 'e']",1510,2
613,,CASSSSLAGGGELFF,,,,,,0.00012983640612827837,None,subset_2.tsv,"['N', 'o', 'n', 'e']",1510,2
2303,,CATSSGSSGRDEQFF,,,,,,0.00012983640612827837,None,subset_2.tsv,"['N', 'o', 'n', 'e']",1511,2
5213,,CAISLRLAGADEQFF,,,,,,0.00012983640612827837,None,subset_2.tsv,"['N', 'o', 'n', 'e']",1511,2
2388,,CATSRGLAGTDTQYF,,,,,,0.00012983640612827837,None,subset_2.tsv,"['N', 'o', 'n', 'e']",1512,2
2389,,CATSRGLAGGDTQYF,,,,,,0.00012983640612827837,None,subset_2.tsv,"['N', 'o', 'n', 'e']",1512,2
2241,,CATSAGGQGGNEQFF,,,,,,0.00012983640612827837,None,subset_2.tsv,"['N', 'o', 'n', 'e']",1514,3
2286,,CATSTGTTSVNEQFF,,,,,,0.00012983640612827837,None,subset_2.tsv,"['N', 'o', 'n', 'e']",1514,3
2297,,CATSSLTLGSNEQFF,,,,,,0.00012983640612827837,None,subset_2.tsv,"['N', 'o', 'n', 'e']",1514,3
725,,CASSTGTSGRGDEQFF,,,,,,0.00012983640612827837,None,subset_2.tsv,"['N', 'o', 'n', 'e']",1517,2
760,,CASSSGTSGRWHEQFF,,,,,,0.00012983640612827837,None,subset_2.tsv,"['N', 'o', 'n', 'e']",1517,2
601,,CASSSSTGGLGELFF,,,,,,0.00012983640612827837,None,subset_2.tsv,"['N', 'o', 'n', 'e']",1518,2
761,,CASSSGTSGRGEQFF,,,,,,0.00012983640612827837,None,subset_2.tsv,"['N', 'o', 'n', 'e']",1518,2
4540,,CASSGGTSGYNEQFF,,,,,,0.00012983640612827837,None,subset_2.tsv,"['N', 'o', 'n', 'e']",1520,3
4703,,CASSGGLAGPYEQYF,,,,,,0.00012983640612827837,None,subset_2.tsv,"['N', 'o', 'n', 'e']",1520,3
5388,,CASSAGTLGPYEQYF,,,,,,0.00012983640612827837,None,subset_2.tsv,"['N', 'o', 'n', 'e']",1520,3
3557,,CASTRMTMGLPEQYF,,,,,,0.00012983640612827837,None,subset_2.tsv,"['N', 'o', 'n', 'e']",1521,4
4144,,CASSARTSGTYEQYF,,,,,,0.00012983640612827837,None,subset_2.tsv,"['N', 'o', 'n', 'e']",1521,4
6080,,CASSLRTSGTYEQYF,,,,,,0.00012983640612827837,None,subset_2.tsv,"['N', 'o', 'n', 'e']",1521,4
6082,,CASSLRTSGIYEQYF,,,,,,0.00012983640612827837,None,subset_2.tsv,"['N', 'o', 'n', 'e']",1521,4
759,,CASSSGTSGSYEQYF,,,,,,0.00012983640612827837,None,subset_2.tsv,"['N', 'o', 'n', 'e']",1522,4
764,,CASSSGTSGAYEQYF,,,,,,0.00012983640612827837,None,subset_2.tsv,"['N', 'o', 'n', 'e']",1522,4
6605,,CASSNGTGGVYEQYF,,,,,,0.00012983640612827837,None,subset_2.tsv,"['N', 'o', 'n', 'e']",1522,4
7193,,CASSLGTSGMGEQYF,,,,,,0.00012983640612827837,None,subset_2.tsv,"['N', 'o', 'n', 'e']",1522,4
902,,CASSSRGGGLETQYF,,,,,,0.00012983640612827837,None,subset_2.tsv,"['N', 'o', 'n', 'e']",1523,2
3284,,CASSVRGGGRETQYF,,,,,,0.00012983640612827837,None,subset_2.tsv,"['N', 'o', 'n', 'e']",1523,2
553,,CASSSVGGGGDTQYF,,,,,,0.00012983640612827837,None,subset_2.tsv,"['N', 'o', 'n', 'e']",1524,2
5217,,CAISGTGSGRETQYF,,,,,,0.00012983640612827837,None,subset_2.tsv,"['N', 'o', 'n', 'e']",1524,2
5783,,CASSLSRGGGYTF,,,,,,0.00012983640612827837,None,subset_2.tsv,"['N', 'o', 'n', 'e']",1527,3
5824,,CASSLSPGGGYTF,,,,,,0.00012983640612827837,None,subset_2.tsv,"['N', 'o', 'n', 'e']",1527,3
6695,,CASSLAPGAGYTF,,,,,,0.00012983640612827837,None,subset_2.tsv,"['N', 'o', 'n', 'e']",1527,3
7505,,CASSLGKSLGETQYF,,,,,,0.00012983640612827837,None,subset_2.tsv,"['N', 'o', 'n', 'e']",1528,3
7519,,CASSLGGVLGETQYF,,,,,,0.00012983640612827837,None,subset_2.tsv,"['N', 'o', 'n', 'e']",1528,3
7572,,CASSLGGGLGETQYF,,,,,,0.00012983640612827837,None,subset_2.tsv,"['N', 'o', 'n', 'e']",1528,3
3730,,CASSYVGGAGETQYF,,,,,,0.00012983640612827837,None,subset_2.tsv,"['N', 'o', 'n', 'e']",1529,2
6751,,CASSLAGLAGETQYF,,,,,,0.00012983640612827837,None,subset_2.tsv,"['N', 'o', 'n', 'e']",1529,2
5749,,CASSLSRPTGELFF,,,,,,0.00012983640612827837,None,subset_2.tsv,"['N', 'o', 'n', 'e']",1530,2
5830,,CASSLSLPSGYTF,,,,,,0.00012983640612827837,None,subset_2.tsv,"['N', 'o', 'n', 'e']",1530,2
606,,CASSSSRVGGYTF,,,,,,0.00012983640612827837,None,subset_2.tsv,"['N', 'o', 'n', 'e']",1532,3
4738,,CASSFSLSGGYTF,,,,,,0.00012983640612827837,None,subset_2.tsv,"['N', 'o', 'n', 'e']",1532,3
7162,,CASSLGSLGGYTF,,,,,,0.00012983640612827837,None,subset_2.tsv,"['N', 'o', 'n', 'e']",1532,3
1054,,CASSPRLAGGETQYF,,,,,,0.00012983640612827837,None,subset_2.tsv,"['N', 'o', 'n', 'e']",1534,2
1056,,CASSPRLAGAETQYF,,,,,,0.00012983640612827837,None,subset_2.tsv,"['N', 'o', 'n', 'e']",1534,2
1044,,CASSPRPFSGYTF,,,,,,0.00012983640612827837,None,subset_2.tsv,"['N', 'o', 'n', 'e']",1537,2
1361,,CASSPRAKGGYTF,,,,,,0.00012983640612827837,None,subset_2.tsv,"['N', 'o', 'n', 'e']",1537,2
3691,,CASSYRGSRGYTF,,,,,,0.00012983640612827837,None,subset_2.tsv,"['N', 'o', 'n', 'e']",1538,2
3772,,CASSYTGLGGYTF,,,,,,0.00012983640612827837,None,subset_2.tsv,"['N', 'o', 'n', 'e']",1538,2
6191,,CASSLRDRGTDTQYF,,,,,,0.00012983640612827837,None,subset_2.tsv,"['N', 'o', 'n', 'e']",1539,4
6192,,CASSLRDRGLETQYF,,,,,,0.00012983640612827837,None,subset_2.tsv,"['N', 'o', 'n', 'e']",1539,4
6193,,CASSLRDRGLEGQYF,,,,,,0.00012983640612827837,None,subset_2.tsv,"['N', 'o', 'n', 'e']",1539,4
6917,,CASSIRDRGSDTQYF,,,,,,0.00012983640612827837,None,subset_2.tsv,"['N', 'o', 'n', 'e']",1539,4
1307,,CASSPLDRGLREQYF,,,,,,0.00012983640612827837,None,subset_2.tsv,"['N', 'o', 'n', 'e']",1540,4
2955,,CASSVTGTGLMEQYF,,,,,,0.00012983640612827837,None,subset_2.tsv,"['N', 'o', 'n', 'e']",1540,4
3351,,CASSVGNRGRGEQYF,,,,,,0.00012983640612827837,None,subset_2.tsv,"['N', 'o', 'n', 'e']",1540,4
4503,,CASSHLDRGRTEAFF,,,,,,0.00012983640612827837,None,subset_2.tsv,"['N', 'o', 'n', 'e']",1540,4
674,,CASSTRDRGSYEQYF,,,,,,0.00012983640612827837,None,subset_2.tsv,"['N', 'o', 'n', 'e']",1541,2
5482,,CASSAEDRGTYEQYF,,,,,,0.00012983640612827837,None,subset_2.tsv,"['N', 'o', 'n', 'e']",1541,2
3720,,CASSYWEGLSYEQYF,,,,,,0.00012983640612827837,None,subset_2.tsv,"['N', 'o', 'n', 'e']",1542,3
6918,,CASSIRDRAFGEQYF,,,,,,0.00012983640612827837,None,subset_2.tsv,"['N', 'o', 'n', 'e']",1542,3
7127,,CASSKADRVDCEQYF,,,,,,0.00012983640612827837,None,subset_2.tsv,"['N', 'o', 'n', 'e']",1542,3
3448,,CASTLRVSGVYEQYF,,,,,,0.00012983640612827837,None,subset_2.tsv,"['N', 'o', 'n', 'e']",1543,3
4847,,CASGLEDRGTYEQYF,,,,,,0.00012983640612827837,None,subset_2.tsv,"['N', 'o', 'n', 'e']",1543,3
5368,,CASRVSDRGPYEQYF,,,,,,0.00012983640612827837,None,subset_2.tsv,"['N', 'o', 'n', 'e']",1543,3
3577,,CASTVSGSGADTQYF,,,,,,0.00012983640612827837,None,subset_2.tsv,"['N', 'o', 'n', 'e']",1544,2
4913,,CASLLGGTGFDEQFF,,,,,,0.00012983640612827837,None,subset_2.tsv,"['N', 'o', 'n', 'e']",1544,2
3380,,CASTLWREGPYEQYF,,,,,,0.00012983640612827837,None,subset_2.tsv,"['N', 'o', 'n', 'e']",1545,2
5586,,CASPWTGSGPYEQYF,,,,,,0.00012983640612827837,None,subset_2.tsv,"['N', 'o', 'n', 'e']",1545,2
564,,CASSSYYRGTDTQYF,,,,,,0.00012983640612827837,None,subset_2.tsv,"['N', 'o', 'n', 'e']",1547,3
2988,,CASSVWYAGTDTQYF,,,,,,0.00012983640612827837,None,subset_2.tsv,"['N', 'o', 'n', 'e']",1547,3
6015,,CASSLPPTGWPTEAFF,,,,,,0.00012983640612827837,None,subset_2.tsv,"['N', 'o', 'n', 'e']",1547,3
3468,,CASTLDRLGTDTQYF,,,,,,0.00012983640612827837,None,subset_2.tsv,"['N', 'o', 'n', 'e']",1548,3
6861,,CASSLDGQGSDTQYF,,,,,,0.00012983640612827837,None,subset_2.tsv,"['N', 'o', 'n', 'e']",1548,3
6863,,CASSLDGPGTDTQYF,,,,,,0.00012983640612827837,None,subset_2.tsv,"['N', 'o', 'n', 'e']",1548,3
5822,,CASSLSPSGSYEQYF,,,,,,0.00012983640612827837,None,subset_2.tsv,"['N', 'o', 'n', 'e']",1549,4
6023,,CASSLMLLSSYEQYF,,,,,,0.00012983640612827837,None,subset_2.tsv,"['N', 'o', 'n', 'e']",1549,4
7066,,CASSLAETSSYEQYF,,,,,,0.00012983640612827837,None,subset_2.tsv,"['N', 'o', 'n', 'e']",1549,4
7376,,CASSLGPRGSYEQYF,,,,,,0.00012983640612827837,None,subset_2.tsv,"['N', 'o', 'n', 'e']",1549,4
3344,,CASSVGQASSYEQYF,,,,,,0.00012983640612827837,None,subset_2.tsv,"['N', 'o', 'n', 'e']",1550,2
6648,,CASSMGQESSYEQYF,,,,,,0.00012983640612827837,None,subset_2.tsv,"['N', 'o', 'n', 'e']",1550,2
7208,,CASSLGQGSSYEQYF,,,,,,0.00012983640612827837,None,subset_2.tsv,"['N', 'o', 'n', 'e']",1551,2
7384,,CASSLGAGNSYEQYF,,,,,,0.00012983640612827837,None,subset_2.tsv,"['N', 'o', 'n', 'e']",1551,2
310,,CASSQSTASSYEQYF,,,,,,0.00012983640612827837,None,subset_2.tsv,"['N', 'o', 'n', 'e']",1552,2
1766,,CASSQARDSSYEQYF,,,,,,0.00012983640612827837,None,subset_2.tsv,"['N', 'o', 'n', 'e']",1552,2
5731,,CASSLSVDRSYEQYF,,,,,,0.00012983640612827837,None,subset_2.tsv,"['N', 'o', 'n', 'e']",1553,2
5857,,CASSLTSETSYEQYF,,,,,,0.00012983640612827837,None,subset_2.tsv,"['N', 'o', 'n', 'e']",1553,2
774,,CASSSLLAGGLEQYF,,,,,,0.00012983640612827837,None,subset_2.tsv,"['N', 'o', 'n', 'e']",1554,3
6041,,CASSLLRTGGNEQYF,,,,,,0.00012983640612827837,None,subset_2.tsv,"['N', 'o', 'n', 'e']",1554,3
6046,,CASSLLRDGGYEQYF,,,,,,0.00012983640612827837,None,subset_2.tsv,"['N', 'o', 'n', 'e']",1554,3
1631,,CASSQGLAGSYEQYF,,,,,,0.00012983640612827837,None,subset_2.tsv,"['N', 'o', 'n', 'e']",1555,3
1657,,CASSQGLAGTYEQYF,,,,,,0.00012983640612827837,None,subset_2.tsv,"['N', 'o', 'n', 'e']",1555,3
7552,,CASSLGLAGTYEQYF,,,,,,0.00012983640612827837,None,subset_2.tsv,"['N', 'o', 'n', 'e']",1555,3
6049,,CASSLMSDGAYEQYF,,,,,,0.00012983640612827837,None,subset_2.tsv,"['N', 'o', 'n', 'e']",1556,2
7161,,CASSLGSRGVYEQYF,,,,,,0.00012983640612827837,None,subset_2.tsv,"['N', 'o', 'n', 'e']",1556,2
3504,,CATHSSGDLSYEQYF,,,,,,0.00012983640612827837,None,subset_2.tsv,"['N', 'o', 'n', 'e']",1557,3
5254,,CASRSLRDRGYEQYF,,,,,,0.00012983640612827837,None,subset_2.tsv,"['N', 'o', 'n', 'e']",1557,3
5307,,CASRSTGEISNEQYF,,,,,,0.00012983640612827837,None,subset_2.tsv,"['N', 'o', 'n', 'e']",1557,3
3309,,CASSVGGPSSYEQYF,,,,,,0.00012983640612827837,None,subset_2.tsv,"['N', 'o', 'n', 'e']",1558,3
3585,,CASTTTGTSSYEQYF,,,,,,0.00012983640612827837,None,subset_2.tsv,"['N', 'o', 'n', 'e']",1558,3
5151,,CASAWTGPGRYEQYF,,,,,,0.00012983640612827837,None,subset_2.tsv,"['N', 'o', 'n', 'e']",1558,3
3558,,CASTRLGTSGSRQYF,,,,,,0.00012983640612827837,None,subset_2.tsv,"['N', 'o', 'n', 'e']",1559,2
4372,,CASSGMGSGSSEQYF,,,,,,0.00012983640612827837,None,subset_2.tsv,"['N', 'o', 'n', 'e']",1559,2
2225,,CATSASGTGGYEQYF,,,,,,0.00012983640612827837,None,subset_2.tsv,"['N', 'o', 'n', 'e']",1560,3
2402,,CASSTSGAGSYEQYF,,,,,,0.00012983640612827837,None,subset_2.tsv,"['N', 'o', 'n', 'e']",1560,3
5590,,CASPRGGMGSYEQYF,,,,,,0.00012983640612827837,None,subset_2.tsv,"['N', 'o', 'n', 'e']",1560,3
7426,,CASSLGDRGYDEQYF,,,,,,0.00012983640612827837,None,subset_2.tsv,"['N', 'o', 'n', 'e']",1561,2
7432,,CASSLGDKGPYEQYF,,,,,,0.00012983640612827837,None,subset_2.tsv,"['N', 'o', 'n', 'e']",1561,2
6042,,CASSLLRTGAYEQYF,,,,,,0.00012983640612827837,None,subset_2.tsv,"['N', 'o', 'n', 'e']",1562,4
6499,,CASSLVGTGNNEQYF,,,,,,0.00012983640612827837,None,subset_2.tsv,"['N', 'o', 'n', 'e']",1562,4
7309,,CASSLLGQGDHEQYF,,,,,,0.00012983640612827837,None,subset_2.tsv,"['N', 'o', 'n', 'e']",1562,4
7375,,CASSLIGRSIYEQYF,,,,,,0.00012983640612827837,None,subset_2.tsv,"['N', 'o', 'n', 'e']",1562,4
3301,,CASSVGGTGVYEQYF,,,,,,0.00012983640612827837,None,subset_2.tsv,"['N', 'o', 'n', 'e']",1563,2
3302,,CASSVGGTGDYEQYF,,,,,,0.00012983640612827837,None,subset_2.tsv,"['N', 'o', 'n', 'e']",1563,2
3092,,CASSYGGVGAYEQYF,,,,,,0.00012983640612827837,None,subset_2.tsv,"['N', 'o', 'n', 'e']",1564,3
3954,,CASSFGRLGTYEQYF,,,,,,0.00012983640612827837,None,subset_2.tsv,"['N', 'o', 'n', 'e']",1564,3
4231,,CASSEGGQGAYEQYF,,,,,,0.00012983640612827837,None,subset_2.tsv,"['N', 'o', 'n', 'e']",1564,3
335,,CASSQLGQGGYEQYF,,,,,,0.00012983640612827837,None,subset_2.tsv,"['N', 'o', 'n', 'e']",1565,2
3714,,CASSYVGPGGDTQYF,,,,,,0.00012983640612827837,None,subset_2.tsv,"['N', 'o', 'n', 'e']",1565,2
3116,,CASSVSGTGGSEQFF,,,,,,0.00012983640612827837,None,subset_2.tsv,"['N', 'o', 'n', 'e']",1566,2
3640,,CASSYSGTGGVEQYF,,,,,,0.00012983640612827837,None,subset_2.tsv,"['N', 'o', 'n', 'e']",1566,2
1228,,CASSPLQAGPYEQYF,,,,,,0.00012983640612827837,None,subset_2.tsv,"['N', 'o', 'n', 'e']",1567,4
3934,,CASSERLAGPYEQYF,,,,,,0.00012983640612827837,None,subset_2.tsv,"['N', 'o', 'n', 'e']",1567,4
6383,,CASSPGLAGDYEQYF,,,,,,0.00012983640612827837,None,subset_2.tsv,"['N', 'o', 'n', 'e']",1567,4
7118,,CASSKGLTGNYEQYF,,,,,,0.00012983640612827837,None,subset_2.tsv,"['N', 'o', 'n', 'e']",1567,4
1242,,CASSPLVEGNYGYTF,,,,,,0.00012983640612827837,None,subset_2.tsv,"['N', 'o', 'n', 'e']",1568,2
4116,,CASSDLRDGYYEQYF,,,,,,0.00012983640612827837,None,subset_2.tsv,"['N', 'o', 'n', 'e']",1568,2
1223,,CASSPLREGTYEQYF,,,,,,0.00012983640612827837,None,subset_2.tsv,"['N', 'o', 'n', 'e']",1569,2
1224,,CASSPLREGTDTQYF,,,,,,0.00012983640612827837,None,subset_2.tsv,"['N', 'o', 'n', 'e']",1569,2
4260,,CASSDRNEGFYEQYF,,,,,,0.00012983640612827837,None,subset_2.tsv,"['N', 'o', 'n', 'e']",1570,2
6275,,CASSPALEGFYEQYF,,,,,,0.00012983640612827837,None,subset_2.tsv,"['N', 'o', 'n', 'e']",1570,2
2893,,CASSWGLVIQNEQFF,,,,,,0.00012983640612827837,None,subset_2.tsv,"['N', 'o', 'n', 'e']",1571,5
3353,,CASSVGLSSYNEQFF,,,,,,0.00012983640612827837,None,subset_2.tsv,"['N', 'o', 'n', 'e']",1571,5
3975,,CASSFGLASPFEQFF,,,,,,0.00012983640612827837,None,subset_2.tsv,"['N', 'o', 'n', 'e']",1571,5
4066,,CASSFGAAPYNEQFF,,,,,,0.00012983640612827837,None,subset_2.tsv,"['N', 'o', 'n', 'e']",1571,5
5464,,CASSAGLAHYNEQFF,,,,,,0.00012983640612827837,None,subset_2.tsv,"['N', 'o', 'n', 'e']",1571,5
1658,,CASSQGLAGVHEQFF,,,,,,0.00012983640612827837,None,subset_2.tsv,"['N', 'o', 'n', 'e']",1572,2
1682,,CASSQGLRRDREQFF,,,,,,0.00012983640612827837,None,subset_2.tsv,"['N', 'o', 'n', 'e']",1572,2
6334,,CASSPGREGYNEQFF,,,,,,0.00012983640612827837,None,subset_2.tsv,"['N', 'o', 'n', 'e']",1573,2
6384,,CASSPGLAGANEQFF,,,,,,0.00012983640612827837,None,subset_2.tsv,"['N', 'o', 'n', 'e']",1573,2
767,,CASSSGTISTDTQYF,,,,,,0.00012983640612827837,None,subset_2.tsv,"['N', 'o', 'n', 'e']",1575,2
4696,,CASSGGSISTDTQYF,,,,,,0.00012983640612827837,None,subset_2.tsv,"['N', 'o', 'n', 'e']",1575,2
837,,CASSSGTEVTDTQYF,,,,,,0.00012983640612827837,None,subset_2.tsv,"['N', 'o', 'n', 'e']",1576,2
7153,,CASSLGTEPTDTQYF,,,,,,0.00012983640612827837,None,subset_2.tsv,"['N', 'o', 'n', 'e']",1576,2
811,,CASSSGLADNSQQYF,,,,,,0.00012983640612827837,None,subset_2.tsv,"['N', 'o', 'n', 'e']",1577,2
4702,,CASSGGLAPPYEQYF,,,,,,0.00012983640612827837,None,subset_2.tsv,"['N', 'o', 'n', 'e']",1577,2
118,,CASSRGRDTTYEQYF,,,,,,0.00012983640612827837,None,subset_2.tsv,"['N', 'o', 'n', 'e']",1578,5
148,,CASSRGGAIFYEQYF,,,,,,0.00012983640612827837,None,subset_2.tsv,"['N', 'o', 'n', 'e']",1578,5
847,,CASSSGREIWYEQYF,,,,,,0.00012983640612827837,None,subset_2.tsv,"['N', 'o', 'n', 'e']",1578,5
3329,,CASSVGSQNPYEQYF,,,,,,0.00012983640612827837,None,subset_2.tsv,"['N', 'o', 'n', 'e']",1578,5
6385,,CASSPGLAAMYEQYF,,,,,,0.00012983640612827837,None,subset_2.tsv,"['N', 'o', 'n', 'e']",1578,5
3587,,CASTTSELAKNIQYF,,,,,,0.00012983640612827837,None,subset_2.tsv,"['N', 'o', 'n', 'e']",1579,2
5111,,CAISAGHIAKNIQYF,,,,,,0.00012983640612827837,None,subset_2.tsv,"['N', 'o', 'n', 'e']",1579,2
6643,,CASSMGRLAFDEQYF,,,,,,0.00012983640612827837,None,subset_2.tsv,"['N', 'o', 'n', 'e']",1580,3
6650,,CASSMGGVATDTQYF,,,,,,0.00012983640612827837,None,subset_2.tsv,"['N', 'o', 'n', 'e']",1580,3
7611,,CASSLGGLRPYEQYF,,,,,,0.00012983640612827837,None,subset_2.tsv,"['N', 'o', 'n', 'e']",1580,3
2995,,CASSVVREERDEQYF,,,,,,0.00012983640612827837,None,subset_2.tsv,"['N', 'o', 'n', 'e']",1581,3
3228,,CASSVAGQDTDTQYF,,,,,,0.00012983640612827837,None,subset_2.tsv,"['N', 'o', 'n', 'e']",1581,3
3298,,CASSVGGPPPDTQYF,,,,,,0.00012983640612827837,None,subset_2.tsv,"['N', 'o', 'n', 'e']",1581,3
990,,CASSPSLYLTDTQYF,,,,,,0.00012983640612827837,None,subset_2.tsv,"['N', 'o', 'n', 'e']",1582,3
3912,,CASSEGVPSTDTQYF,,,,,,0.00012983640612827837,None,subset_2.tsv,"['N', 'o', 'n', 'e']",1582,3
6251,,CASSPGDPSTDTQYF,,,,,,0.00012983640612827837,None,subset_2.tsv,"['N', 'o', 'n', 'e']",1582,3
6341,,CASSPGQLLMNTEAFF,,,,,,0.00012983640612827837,None,subset_2.tsv,"['N', 'o', 'n', 'e']",1583,2
6387,,CASSPGILDTDTQYF,,,,,,0.00012983640612827837,None,subset_2.tsv,"['N', 'o', 'n', 'e']",1583,2
2201,,CATSPGEAGQETQYF,,,,,,0.00012983640612827837,None,subset_2.tsv,"['N', 'o', 'n', 'e']",1584,2
3908,,CASSEGWQGANTQYF,,,,,,0.00012983640612827837,None,subset_2.tsv,"['N', 'o', 'n', 'e']",1584,2
4819,,CASHPGLQVQETQYF,,,,,,0.00012983640612827837,None,subset_2.tsv,"['N', 'o', 'n', 'e']",1585,3
4822,,CASGWSLVTFVTQYF,,,,,,0.00012983640612827837,None,subset_2.tsv,"['N', 'o', 'n', 'e']",1585,3
5179,,CASGFGANTWDTQYF,,,,,,0.00012983640612827837,None,subset_2.tsv,"['N', 'o', 'n', 'e']",1585,3
82,,CASSRGDPSTDTQYF,,,,,,0.00012983640612827837,None,subset_2.tsv,"['N', 'o', 'n', 'e']",1586,3
755,,CASSSGVITTDTQYF,,,,,,0.00012983640612827837,None,subset_2.tsv,"['N', 'o', 'n', 'e']",1586,3
4952,,CASMRGVEGTDTQYF,,,,,,0.00012983640612827837,None,subset_2.tsv,"['N', 'o', 'n', 'e']",1586,3
4076,,CASSDGGYLTDTQYF,,,,,,0.00012983640612827837,None,subset_2.tsv,"['N', 'o', 'n', 'e']",1587,2
4949,,CASNAGGQRTDTQYF,,,,,,0.00012983640612827837,None,subset_2.tsv,"['N', 'o', 'n', 'e']",1587,2
2238,,CATSAGQGSTDTQYF,,,,,,0.00012983640612827837,None,subset_2.tsv,"['N', 'o', 'n', 'e']",1588,3
2386,,CATSRGPTSTDTQYF,,,,,,0.00012983640612827837,None,subset_2.tsv,"['N', 'o', 'n', 'e']",1588,3
3322,,CASSVGEVATDTQYF,,,,,,0.00012983640612827837,None,subset_2.tsv,"['N', 'o', 'n', 'e']",1588,3
3491,,CATAWQDASTDTQYF,,,,,,0.00012983640612827837,None,subset_2.tsv,"['N', 'o', 'n', 'e']",1589,2
5122,,CAIRELPTRTDTQYF,,,,,,0.00012983640612827837,None,subset_2.tsv,"['N', 'o', 'n', 'e']",1589,2
3802,,CASSYSSFGTDTQYF,,,,,,0.00012983640612827837,None,subset_2.tsv,"['N', 'o', 'n', 'e']",1590,3
4730,,CASSFSSPRTDTQYF,,,,,,0.00012983640612827837,None,subset_2.tsv,"['N', 'o', 'n', 'e']",1590,3
4731,,CASSFSSERTDTQYF,,,,,,0.00012983640612827837,None,subset_2.tsv,"['N', 'o', 'n', 'e']",1590,3
1254,,CASSPNSFPTDTQYF,,,,,,0.00012983640612827837,None,subset_2.tsv,"['N', 'o', 'n', 'e']",1591,2
3618,,CASSYSAAWGDTQYF,,,,,,0.00012983640612827837,None,subset_2.tsv,"['N', 'o', 'n', 'e']",1591,2
3679,,CASSYLQDFTDTQYF,,,,,,0.00012983640612827837,None,subset_2.tsv,"['N', 'o', 'n', 'e']",1592,3
3739,,CASSYTLWETDTQYF,,,,,,0.00012983640612827837,None,subset_2.tsv,"['N', 'o', 'n', 'e']",1592,3
4517,,CASSHRLDDTDTQYF,,,,,,0.00012983640612827837,None,subset_2.tsv,"['N', 'o', 'n', 'e']",1592,3
5814,,CASSLSHPETYEQYF,,,,,,0.00012983640612827837,None,subset_2.tsv,"['N', 'o', 'n', 'e']",1593,4
6978,,CASSIGQKATYEQYF,,,,,,0.00012983640612827837,None,subset_2.tsv,"['N', 'o', 'n', 'e']",1593,4
6989,,CASSIGDFYTDTQYF,,,,,,0.00012983640612827837,None,subset_2.tsv,"['N', 'o', 'n', 'e']",1593,4
7430,,CASSLGDPNLYEQYF,,,,,,0.00012983640612827837,None,subset_2.tsv,"['N', 'o', 'n', 'e']",1593,4
312,,CASSQSPTSTDTQYF,,,,,,0.00012983640612827837,None,subset_2.tsv,"['N', 'o', 'n', 'e']",1594,4
501,,CASSQVELRTDTQYF,,,,,,0.00012983640612827837,None,subset_2.tsv,"['N', 'o', 'n', 'e']",1594,4
1131,,CASSQAHSSLDTQYF,,,,,,0.00012983640612827837,None,subset_2.tsv,"['N', 'o', 'n', 'e']",1594,4
4305,,CASSIFYSSTDTQYF,,,,,,0.00012983640612827837,None,subset_2.tsv,"['N', 'o', 'n', 'e']",1594,4
5839,,CASSLSIDSTDTQYF,,,,,,0.00012983640612827837,None,subset_2.tsv,"['N', 'o', 'n', 'e']",1595,2
7251,,CASSLGRASTDTQYF,,,,,,0.00012983640612827837,None,subset_2.tsv,"['N', 'o', 'n', 'e']",1595,2
1595,,CASSQGQLSTDTQYF,,,,,,0.00012983640612827837,None,subset_2.tsv,"['N', 'o', 'n', 'e']",1596,4
1606,,CASSQGVSVTDTQYF,,,,,,0.00012983640612827837,None,subset_2.tsv,"['N', 'o', 'n', 'e']",1596,4
3055,,CASSYGVLSTDTQYF,,,,,,0.00012983640612827837,None,subset_2.tsv,"['N', 'o', 'n', 'e']",1596,4
6972,,CASSIGRSRTDTQYF,,,,,,0.00012983640612827837,None,subset_2.tsv,"['N', 'o', 'n', 'e']",1596,4
822,,CASSSGGGQNNEQFF,,,,,,0.00012983640612827837,None,subset_2.tsv,"['N', 'o', 'n', 'e']",1597,2
823,,CASSSGGGPTYEQYF,,,,,,0.00012983640612827837,None,subset_2.tsv,"['N', 'o', 'n', 'e']",1597,2
846,,CASSSGRGFGDEQFF,,,,,,0.00012983640612827837,None,subset_2.tsv,"['N', 'o', 'n', 'e']",1598,3
3543,,CASTSGMRERDEAFF,,,,,,0.00012983640612827837,None,subset_2.tsv,"['N', 'o', 'n', 'e']",1598,3
7242,,CASSLGRGPVDEQFF,,,,,,0.00012983640612827837,None,subset_2.tsv,"['N', 'o', 'n', 'e']",1598,3
1649,,CASSQGGGQGYEQYF,,,,,,0.00012983640612827837,None,subset_2.tsv,"['N', 'o', 'n', 'e']",1599,2
1650,,CASSQGGGPSYGYTF,,,,,,0.00012983640612827837,None,subset_2.tsv,"['N', 'o', 'n', 'e']",1599,2
1623,,CASSQGTGQGETQYF,,,,,,0.00012983640612827837,None,subset_2.tsv,"['N', 'o', 'n', 'e']",1600,2
1762,,CASSQASGPGDTQYF,,,,,,0.00012983640612827837,None,subset_2.tsv,"['N', 'o', 'n', 'e']",1600,2
7157,,CASSLGRVPGDTQYF,,,,,,0.00012983640612827837,None,subset_2.tsv,"['N', 'o', 'n', 'e']",1601,2
7411,,CASSLGFSPHYEQYF,,,,,,0.00012983640612827837,None,subset_2.tsv,"['N', 'o', 'n', 'e']",1601,2
798,,CASSSGTGVFLAEAFF,,,,,,0.00012983640612827837,None,subset_2.tsv,"['N', 'o', 'n', 'e']",1602,4
836,,CASSSGTGEPNTEAFF,,,,,,0.00012983640612827837,None,subset_2.tsv,"['N', 'o', 'n', 'e']",1602,4
5393,,CASSAGTGEVTGELFF,,,,,,0.00012983640612827837,None,subset_2.tsv,"['N', 'o', 'n', 'e']",1602,4
7194,,CASSLGTLQPVHEQFF,,,,,,0.00012983640612827837,None,subset_2.tsv,"['N', 'o', 'n', 'e']",1602,4
815,,CASSSGTGPSYEQYF,,,,,,0.00012983640612827837,None,subset_2.tsv,"['N', 'o', 'n', 'e']",1603,2
4660,,CASSGGTGPRYGYTF,,,,,,0.00012983640612827837,None,subset_2.tsv,"['N', 'o', 'n', 'e']",1603,2
7147,,CASSLGTGILYGYTF,,,,,,0.00012983640612827837,None,subset_2.tsv,"['N', 'o', 'n', 'e']",1604,2
7197,,CASSLGTGWSAGYTF,,,,,,0.00012983640612827837,None,subset_2.tsv,"['N', 'o', 'n', 'e']",1604,2
5383,,CASSAGTSRDGGYTF,,,,,,0.00012983640612827837,None,subset_2.tsv,"['N', 'o', 'n', 'e']",1605,2
6086,,CASSLRTGAPHRYTF,,,,,,0.00012983640612827837,None,subset_2.tsv,"['N', 'o', 'n', 'e']",1605,2
833,,CASSSGTGILETQYF,,,,,,0.00012983640612827837,None,subset_2.tsv,"['N', 'o', 'n', 'e']",1606,4
5733,,CASSLSTGVSETQYF,,,,,,0.00012983640612827837,None,subset_2.tsv,"['N', 'o', 'n', 'e']",1606,4
7173,,CASSLGTGTTDTQYF,,,,,,0.00012983640612827837,None,subset_2.tsv,"['N', 'o', 'n', 'e']",1606,4
7198,,CASSLGTGVRETQYF,,,,,,0.00012983640612827837,None,subset_2.tsv,"['N', 'o', 'n', 'e']",1606,4
799,,CASSSGTGSGGPQYF,,,,,,0.00012983640612827837,None,subset_2.tsv,"['N', 'o', 'n', 'e']",1607,3
5385,,CASSAGTSMGDTQYF,,,,,,0.00012983640612827837,None,subset_2.tsv,"['N', 'o', 'n', 'e']",1607,3
5386,,CASSAGTSLADTQYF,,,,,,0.00012983640612827837,None,subset_2.tsv,"['N', 'o', 'n', 'e']",1607,3
1615,,CASSQGTSVKNIQYF,,,,,,0.00012983640612827837,None,subset_2.tsv,"['N', 'o', 'n', 'e']",1608,2
7195,,CASSLGTLAKNIQYF,,,,,,0.00012983640612827837,None,subset_2.tsv,"['N', 'o', 'n', 'e']",1608,2
3766,,CASTAGTSDQETQYF,,,,,,0.00012983640612827837,None,subset_2.tsv,"['N', 'o', 'n', 'e']",1609,3
7143,,CASSLGTAHQETQYF,,,,,,0.00012983640612827837,None,subset_2.tsv,"['N', 'o', 'n', 'e']",1609,3
7196,,CASSLGTGYQETQYF,,,,,,0.00012983640612827837,None,subset_2.tsv,"['N', 'o', 'n', 'e']",1609,3
4662,,CASSGGANSGNTIYF,,,,,,0.00012983640612827837,None,subset_2.tsv,"['N', 'o', 'n', 'e']",1611,2
4701,,CASSGGPISGNTIYF,,,,,,0.00012983640612827837,None,subset_2.tsv,"['N', 'o', 'n', 'e']",1611,2
2479,,CSASSSGSSGNTIYF,,,,,,0.00012983640612827837,None,subset_2.tsv,"['N', 'o', 'n', 'e']",1612,2
3565,,CASTTGRVSGNTIYF,,,,,,0.00012983640612827837,None,subset_2.tsv,"['N', 'o', 'n', 'e']",1612,2
2127,,CSAMGQGARGRRGYNSPLHF,,,,,,0.00012983640612827837,None,subset_2.tsv,"['N', 'o', 'n', 'e']",1614,2
2657,,CSARGAGQSGETQYF,,,,,,0.00012983640612827837,None,subset_2.tsv,"['N', 'o', 'n', 'e']",1614,2
1485,,CASSQGEGVGDTQYF,,,,,,0.00012983640612827837,None,subset_2.tsv,"['N', 'o', 'n', 'e']",1617,2
7067,,CASSLAEGLGETQYF,,,,,,0.00012983640612827837,None,subset_2.tsv,"['N', 'o', 'n', 'e']",1617,2
6667,,CASSLLQGSGNTIYF,,,,,,0.00012983640612827837,None,subset_2.tsv,"['N', 'o', 'n', 'e']",1621,2
7255,,CASSLGQRGGNTIYF,,,,,,0.00012983640612827837,None,subset_2.tsv,"['N', 'o', 'n', 'e']",1621,2
2950,,CASSVTVSDGNTIYF,,,,,,0.00012983640612827837,None,subset_2.tsv,"['N', 'o', 'n', 'e']",1622,2
7292,,CASSLLPRPGNTIYF,,,,,,0.00012983640612827837,None,subset_2.tsv,"['N', 'o', 'n', 'e']",1622,2
466,,CASSQTRGAGNTIYF,,,,,,0.00012983640612827837,None,subset_2.tsv,"['N', 'o', 'n', 'e']",1623,3
5738,,CASSLSWGAGNTIYF,,,,,,0.00012983640612827837,None,subset_2.tsv,"['N', 'o', 'n', 'e']",1623,3
7240,,CASSLGRGVGNTIYF,,,,,,0.00012983640612827837,None,subset_2.tsv,"['N', 'o', 'n', 'e']",1623,3
1581,,CASSQGSFSGNTIYF,,,,,,0.00012983640612827837,None,subset_2.tsv,"['N', 'o', 'n', 'e']",1624,2
1584,,CASSQGRYSGNTIYF,,,,,,0.00012983640612827837,None,subset_2.tsv,"['N', 'o', 'n', 'e']",1624,2
3104,,CASSYGEISGNTIYF,,,,,,0.00012983640612827837,None,subset_2.tsv,"['N', 'o', 'n', 'e']",1625,2
6337,,CASSPGQSSGNTIYF,,,,,,0.00012983640612827837,None,subset_2.tsv,"['N', 'o', 'n', 'e']",1625,2
5029,,CAISEGQDFGNTIYF,,,,,,0.00012983640612827837,None,subset_2.tsv,"['N', 'o', 'n', 'e']",1626,2
6418,,CASSPGQEDGNTIYF,,,,,,0.00012983640612827837,None,subset_2.tsv,"['N', 'o', 'n', 'e']",1626,2
1370,,CASSPRGGPGNTIYF,,,,,,0.00012983640612827837,None,subset_2.tsv,"['N', 'o', 'n', 'e']",1627,2
4570,,CASSFRGGAGNTIYF,,,,,,0.00012983640612827837,None,subset_2.tsv,"['N', 'o', 'n', 'e']",1627,2
1235,,CASSPLGTDGNTIYF,,,,,,0.00012983640612827837,None,subset_2.tsv,"['N', 'o', 'n', 'e']",1628,2
3188,,CASSTTGTPGNTIYF,,,,,,0.00012983640612827837,None,subset_2.tsv,"['N', 'o', 'n', 'e']",1628,2
2298,,CATSTSRDVGNTIYF,,,,,,0.00012983640612827837,None,subset_2.tsv,"['N', 'o', 'n', 'e']",1629,2
5208,,CAISTGARPGNTIYF,,,,,,0.00012983640612827837,None,subset_2.tsv,"['N', 'o', 'n', 'e']",1629,2
4973,,CASIPVAGTGNTIYF,,,,,,0.00012983640612827837,None,subset_2.tsv,"['N', 'o', 'n', 'e']",1631,2
5191,,CASAPVSGPGNTIYF,,,,,,0.00012983640612827837,None,subset_2.tsv,"['N', 'o', 'n', 'e']",1631,2
1177,,CASSPTGQDTGELFF,,,,,,0.00012983640612827837,None,subset_2.tsv,"['N', 'o', 'n', 'e']",1635,3
1372,,CASSPRGEYTGELFF,,,,,,0.00012983640612827837,None,subset_2.tsv,"['N', 'o', 'n', 'e']",1635,3
3694,,CASSYRGQNIGELFF,,,,,,0.00012983640612827837,None,subset_2.tsv,"['N', 'o', 'n', 'e']",1635,3
3612,,CASSYSAPNTGELFF,,,,,,0.00012983640612827837,None,subset_2.tsv,"['N', 'o', 'n', 'e']",1637,2
7261,,CASSLLAENTGELFF,,,,,,0.00012983640612827837,None,subset_2.tsv,"['N', 'o', 'n', 'e']",1637,2
4153,,CASSARREITGELFF,,,,,,0.00012983640612827837,None,subset_2.tsv,"['N', 'o', 'n', 'e']",1638,3
4592,,CASSFRLTNTGELFF,,,,,,0.00012983640612827837,None,subset_2.tsv,"['N', 'o', 'n', 'e']",1638,3
4741,,CASSFSLEFTGELFF,,,,,,0.00012983640612827837,None,subset_2.tsv,"['N', 'o', 'n', 'e']",1638,3
3338,,CASSVGREWTGELFF,,,,,,0.00012983640612827837,None,subset_2.tsv,"['N', 'o', 'n', 'e']",1639,2
3999,,CASSFGTPTTGELFF,,,,,,0.00012983640612827837,None,subset_2.tsv,"['N', 'o', 'n', 'e']",1639,2
3610,,CASSYSAYATNEKLFF,,,,,,0.00012983640612827837,None,subset_2.tsv,"['N', 'o', 'n', 'e']",1640,2
3811,,CASSYSWDTTNEKLFF,,,,,,0.00012983640612827837,None,subset_2.tsv,"['N', 'o', 'n', 'e']",1640,2
467,,CASSQTRDTTNEKLFF,,,,,,0.00012983640612827837,None,subset_2.tsv,"['N', 'o', 'n', 'e']",1641,2
7364,,CASSLIPDRKNEKLFF,,,,,,0.00012983640612827837,None,subset_2.tsv,"['N', 'o', 'n', 'e']",1641,2
2966,,CASSVSGVGSGELFF,,,,,,0.00012983640612827837,None,subset_2.tsv,"['N', 'o', 'n', 'e']",1644,4
3600,,CASSYSGASTGELFF,,,,,,0.00012983640612827837,None,subset_2.tsv,"['N', 'o', 'n', 'e']",1644,4
3625,,CASSYSGVNTGELFF,,,,,,0.00012983640612827837,None,subset_2.tsv,"['N', 'o', 'n', 'e']",1644,4
4576,,CASSFSGASGGELFF,,,,,,0.00012983640612827837,None,subset_2.tsv,"['N', 'o', 'n', 'e']",1644,4
1998,,CAWSVGTANTGELFF,,,,,,0.00012983640612827837,None,subset_2.tsv,"['N', 'o', 'n', 'e']",1646,4
2430,,CSTNFLGRVTGELFF,,,,,,0.00012983640612827837,None,subset_2.tsv,"['N', 'o', 'n', 'e']",1646,4
3506,,CATQEAGVNTGELFF,,,,,,0.00012983640612827837,None,subset_2.tsv,"['N', 'o', 'n', 'e']",1646,4
7033,,CASSKVGDSTGELFF,,,,,,0.00012983640612827837,None,subset_2.tsv,"['N', 'o', 'n', 'e']",1646,4
5299,,CASRTGTTSPGELFF,,,,,,0.00012983640612827837,None,subset_2.tsv,"['N', 'o', 'n', 'e']",1647,2
5508,,CASRAGGVGTGELFF,,,,,,0.00012983640612827837,None,subset_2.tsv,"['N', 'o', 'n', 'e']",1647,2
5593,,CASPLGGDLTGELFF,,,,,,0.00012983640612827837,None,subset_2.tsv,"['N', 'o', 'n', 'e']",1648,2
5594,,CASPIGGRGTGELFF,,,,,,0.00012983640612827837,None,subset_2.tsv,"['N', 'o', 'n', 'e']",1648,2
3554,,CASTRTEPNTGELFF,,,,,,0.00012983640612827837,None,subset_2.tsv,"['N', 'o', 'n', 'e']",1649,3
5607,,CASRMGDINTGELFF,,,,,,0.00012983640612827837,None,subset_2.tsv,"['N', 'o', 'n', 'e']",1649,3
6190,,CASSLRDYDTGELFF,,,,,,0.00012983640612827837,None,subset_2.tsv,"['N', 'o', 'n', 'e']",1649,3
6729,,CASSLAPANTGELFF,,,,,,0.00012983640612827837,None,subset_2.tsv,"['N', 'o', 'n', 'e']",1650,4
7176,,CASSLGVINTGELFF,,,,,,0.00012983640612827837,None,subset_2.tsv,"['N', 'o', 'n', 'e']",1650,4
7216,,CASSLGRTNTGELFF,,,,,,0.00012983640612827837,None,subset_2.tsv,"['N', 'o', 'n', 'e']",1650,4
7225,,CASSLGPTNTGELFF,,,,,,0.00012983640612827837,None,subset_2.tsv,"['N', 'o', 'n', 'e']",1650,4
1609,,CASSQGVLNTGELFF,,,,,,0.00012983640612827837,None,subset_2.tsv,"['N', 'o', 'n', 'e']",1651,4
1770,,CASSQAQIQTGELFF,,,,,,0.00012983640612827837,None,subset_2.tsv,"['N', 'o', 'n', 'e']",1651,4
3635,,CASSYSILDTGELFF,,,,,,0.00012983640612827837,None,subset_2.tsv,"['N', 'o', 'n', 'e']",1651,4
3810,,CASSYSYGNTGELFF,,,,,,0.00012983640612827837,None,subset_2.tsv,"['N', 'o', 'n', 'e']",1651,4
1161,,CASSPTQGATGELFF,,,,,,0.00012983640612827837,None,subset_2.tsv,"['N', 'o', 'n', 'e']",1652,2
3932,,CASSERQGPTGELFF,,,,,,0.00012983640612827837,None,subset_2.tsv,"['N', 'o', 'n', 'e']",1652,2
6388,,CASSPGHTNTGELFF,,,,,,0.00012983640612827837,None,subset_2.tsv,"['N', 'o', 'n', 'e']",1653,3
6409,,CASSPGQGITGELFF,,,,,,0.00012983640612827837,None,subset_2.tsv,"['N', 'o', 'n', 'e']",1653,3
7117,,CASSKGQGVTGELFF,,,,,,0.00012983640612827837,None,subset_2.tsv,"['N', 'o', 'n', 'e']",1653,3
3609,,CASSYSGGDTGELFF,,,,,,0.00012983640612827837,None,subset_2.tsv,"['N', 'o', 'n', 'e']",1654,3
3955,,CASSFGRGHTGELFF,,,,,,0.00012983640612827837,None,subset_2.tsv,"['N', 'o', 'n', 'e']",1654,3
7569,,CASSLGGGNTGELFF,,,,,,0.00012983640612827837,None,subset_2.tsv,"['N', 'o', 'n', 'e']",1654,3
1200,,CASSPTWGSTGELFF,,,,,,0.00012983640612827837,None,subset_2.tsv,"['N', 'o', 'n', 'e']",1655,2
2913,,CASSWTGGSTGELFF,,,,,,0.00012983640612827837,None,subset_2.tsv,"['N', 'o', 'n', 'e']",1655,2
1176,,CASSPTGSDTGELFF,,,,,,0.00012983640612827837,None,subset_2.tsv,"['N', 'o', 'n', 'e']",1656,2
1289,,CASSPLDSYTGELFF,,,,,,0.00012983640612827837,None,subset_2.tsv,"['N', 'o', 'n', 'e']",1656,2
996,,CASSPSGSFNSPLHF,,,,,,0.00012983640612827837,None,subset_2.tsv,"['N', 'o', 'n', 'e']",1657,5
1003,,CASSPSGGNNSPLHF,,,,,,0.00012983640612827837,None,subset_2.tsv,"['N', 'o', 'n', 'e']",1657,5
1012,,CASSPTGGMNSPLHF,,,,,,0.00012983640612827837,None,subset_2.tsv,"['N', 'o', 'n', 'e']",1657,5
6232,,CASSPGGGYNSPLHF,,,,,,0.00012983640612827837,None,subset_2.tsv,"['N', 'o', 'n', 'e']",1657,5
6347,,CASSPGVGYNSPLHF,,,,,,0.00012983640612827837,None,subset_2.tsv,"['N', 'o', 'n', 'e']",1657,5
71,,CASRPQQGHNSPLHF,,,,,,0.00025967281225655674,None,subset_2.tsv,"['N', 'o', 'n', 'e']",1658,2
6282,,CASSPAEGWNQPQHF,,,,,,0.00012983640612827837,None,subset_2.tsv,"['N', 'o', 'n', 'e']",1658,2
983,,CASSPSPRLASPLHF,,,,,,0.00012983640612827837,None,subset_2.tsv,"['N', 'o', 'n', 'e']",1659,3
5656,,CASRPADSLNSPLHF,,,,,,0.00012983640612827837,None,subset_2.tsv,"['N', 'o', 'n', 'e']",1659,3
6916,,CASSIRDSYNSPLHF,,,,,,0.00012983640612827837,None,subset_2.tsv,"['N', 'o', 'n', 'e']",1659,3
1168,,CASSPTNQPQHF,,,,,,0.00012983640612827837,None,subset_2.tsv,"['N', 'o', 'n', 'e']",1660,2
3718,,CASSYWNQPQHF,,,,,,0.00012983640612827837,None,subset_2.tsv,"['N', 'o', 'n', 'e']",1660,2
3114,,CASSYFGQRNSPLHF,,,,,,0.00012983640612827837,None,subset_2.tsv,"['N', 'o', 'n', 'e']",1661,2
3660,,CASSYPGQPQHF,,,,,,0.00012983640612827837,None,subset_2.tsv,"['N', 'o', 'n', 'e']",1661,2
1722,,CASSQDMGINSPLHF,,,,,,0.00012983640612827837,None,subset_2.tsv,"['N', 'o', 'n', 'e']",1665,4
4470,,CASSIDSGTSSPQHF,,,,,,0.00012983640612827837,None,subset_2.tsv,"['N', 'o', 'n', 'e']",1665,4
5721,,CASSIFRGIGSPLHF,,,,,,0.00012983640612827837,None,subset_2.tsv,"['N', 'o', 'n', 'e']",1665,4
6929,,CASSIQSGTASEQFF,,,,,,0.00012983640612827837,None,subset_2.tsv,"['N', 'o', 'n', 'e']",1665,4
5229,,CASALLSSYNSPLHF,,,,,,0.00012983640612827837,None,subset_2.tsv,"['N', 'o', 'n', 'e']",1666,3
6091,,CASSLRSLYNSPLHF,,,,,,0.00012983640612827837,None,subset_2.tsv,"['N', 'o', 'n', 'e']",1666,3
6765,,CASSLALSHNSPLHF,,,,,,0.00012983640612827837,None,subset_2.tsv,"['N', 'o', 'n', 'e']",1666,3
6106,,CASSLRTSNTGELFF,,,,,,0.00012983640612827837,None,subset_2.tsv,"['N', 'o', 'n', 'e']",1667,2
7277,,CASSLKTANTGELFF,,,,,,0.00012983640612827837,None,subset_2.tsv,"['N', 'o', 'n', 'e']",1667,2
6152,,CASSLRLGNTGELFF,,,,,,0.00012983640612827837,None,subset_2.tsv,"['N', 'o', 'n', 'e']",1668,2
6557,,CASSMTSGNTGELFF,,,,,,0.00012983640612827837,None,subset_2.tsv,"['N', 'o', 'n', 'e']",1668,2
5665,,CASRGLAGEAGELFF,,,,,,0.00012983640612827837,None,subset_2.tsv,"['N', 'o', 'n', 'e']",1669,2
5677,,CASRGLAGNTGELFF,,,,,,0.00012983640612827837,None,subset_2.tsv,"['N', 'o', 'n', 'e']",1669,2
3187,,CASSTTLTSTGELFF,,,,,,0.00012983640612827837,None,subset_2.tsv,"['N', 'o', 'n', 'e']",1670,2
3194,,CASSTTATNTGELFF,,,,,,0.00012983640612827837,None,subset_2.tsv,"['N', 'o', 'n', 'e']",1670,2
718,,CASSTHRSDTGELFF,,,,,,0.00012983640612827837,None,subset_2.tsv,"['N', 'o', 'n', 'e']",1672,3
4431,,CASSHYGDDIGELFF,,,,,,0.00012983640612827837,None,subset_2.tsv,"['N', 'o', 'n', 'e']",1672,3
5476,,CASSAFGTDTGELFF,,,,,,0.00012983640612827837,None,subset_2.tsv,"['N', 'o', 'n', 'e']",1672,3
1443,,CASSPPPSNTGELFF,,,,,,0.00012983640612827837,None,subset_2.tsv,"['N', 'o', 'n', 'e']",1673,3
4128,,CASSDPSSNTGELFF,,,,,,0.00012983640612827837,None,subset_2.tsv,"['N', 'o', 'n', 'e']",1673,3
6271,,CASSPEALNTGELFF,,,,,,0.00012983640612827837,None,subset_2.tsv,"['N', 'o', 'n', 'e']",1673,3
140,,CASSRKKGTGDEKLFF,,,,,,0.00012983640612827837,None,subset_2.tsv,"['N', 'o', 'n', 'e']",1674,3
3254,,CASSVHRGSGGELFF,,,,,,0.00012983640612827837,None,subset_2.tsv,"['N', 'o', 'n', 'e']",1674,3
4018,,CASSFEVGVGGELFF,,,,,,0.00012983640612827837,None,subset_2.tsv,"['N', 'o', 'n', 'e']",1674,3
645,,CASSTMTGSTGELFF,,,,,,0.00012983640612827837,None,subset_2.tsv,"['N', 'o', 'n', 'e']",1675,2
699,,CASSTERGSTGELFF,,,,,,0.00012983640612827837,None,subset_2.tsv,"['N', 'o', 'n', 'e']",1675,2
639,,CASSTPGGTTGELFF,,,,,,0.00012983640612827837,None,subset_2.tsv,"['N', 'o', 'n', 'e']",1676,2
6003,,CASSLPTGGTGELFF,,,,,,0.00012983640612827837,None,subset_2.tsv,"['N', 'o', 'n', 'e']",1676,2
1497,,CASSQGAGANQPQHF,,,,,,0.00012983640612827837,None,subset_2.tsv,"['N', 'o', 'n', 'e']",1677,4
1664,,CASSQGQGARQPQHF,,,,,,0.00012983640612827837,None,subset_2.tsv,"['N', 'o', 'n', 'e']",1677,4
1754,,CASSQAVGDTQPQHF,,,,,,0.00012983640612827837,None,subset_2.tsv,"['N', 'o', 'n', 'e']",1677,4
4221,,CASSEGQGTSQPQHF,,,,,,0.00012983640612827837,None,subset_2.tsv,"['N', 'o', 'n', 'e']",1677,4
7009,,CASSILEGGNQPQHF,,,,,,0.00012983640612827837,None,subset_2.tsv,"['N', 'o', 'n', 'e']",1678,2
7113,,CASSIVQGSNQPQHF,,,,,,0.00012983640612827837,None,subset_2.tsv,"['N', 'o', 'n', 'e']",1678,2
3235,,CASSVGAGSGQPQHF,,,,,,0.00012983640612827837,None,subset_2.tsv,"['N', 'o', 'n', 'e']",1679,2
4502,,CASSHLEGGGWPQHF,,,,,,0.00012983640612827837,None,subset_2.tsv,"['N', 'o', 'n', 'e']",1679,2
3263,,CASSVGTGSNQPQHF,,,,,,0.00012983640612827837,None,subset_2.tsv,"['N', 'o', 'n', 'e']",1680,5
3331,,CASSVGSGRDQPQHF,,,,,,0.00012983640612827837,None,subset_2.tsv,"['N', 'o', 'n', 'e']",1680,5
4947,,CASNAGTGDYQPQHF,,,,,,0.00012983640612827837,None,subset_2.tsv,"['N', 'o', 'n', 'e']",1680,5
6036,,CASSLLTGVDQPQHF,,,,,,0.00012983640612827837,None,subset_2.tsv,"['N', 'o', 'n', 'e']",1680,5
6609,,CASSMGTGGNQPQHF,,,,,,0.00012983640612827837,None,subset_2.tsv,"['N', 'o', 'n', 'e']",1680,5
1625,,CASSQGTGNNQPQHF,,,,,,0.00012983640612827837,None,subset_2.tsv,"['N', 'o', 'n', 'e']",1681,4
3421,,CASTISGGPNQPQHF,,,,,,0.00012983640612827837,None,subset_2.tsv,"['N', 'o', 'n', 'e']",1681,4
6369,,CASSPGTGPNQPQHF,,,,,,0.00012983640612827837,None,subset_2.tsv,"['N', 'o', 'n', 'e']",1681,4
7151,,CASSLGTGENQPQHF,,,,,,0.00012983640612827837,None,subset_2.tsv,"['N', 'o', 'n', 'e']",1681,4
3620,,CASSYRVDSNQPQHF,,,,,,0.00012983640612827837,None,subset_2.tsv,"['N', 'o', 'n', 'e']",1682,2
3961,,CASSFGQNSNQPQHF,,,,,,0.00012983640612827837,None,subset_2.tsv,"['N', 'o', 'n', 'e']",1682,2
5815,,CASSLSRASNQPQHF,,,,,,0.00012983640612827837,None,subset_2.tsv,"['N', 'o', 'n', 'e']",1683,4
7246,,CASSLGRDSNQPQHF,,,,,,0.00012983640612827837,None,subset_2.tsv,"['N', 'o', 'n', 'e']",1683,4
7557,,CASSLGGKRNQPQHF,,,,,,0.00012983640612827837,None,subset_2.tsv,"['N', 'o', 'n', 'e']",1683,4
7575,,CASSLGGFSNQPQHF,,,,,,0.00012983640612827837,None,subset_2.tsv,"['N', 'o', 'n', 'e']",1683,4
3007,,CASSYGTFSNQPQHF,,,,,,0.00012983640612827837,None,subset_2.tsv,"['N', 'o', 'n', 'e']",1684,2
7099,,CASSISSASNQPQHF,,,,,,0.00012983640612827837,None,subset_2.tsv,"['N', 'o', 'n', 'e']",1684,2
3099,,CASSYGGENNSPLHF,,,,,,0.00012983640612827837,None,subset_2.tsv,"['N', 'o', 'n', 'e']",1685,2
3348,,CASSVGPDYNSPLHF,,,,,,0.00012983640612827837,None,subset_2.tsv,"['N', 'o', 'n', 'e']",1685,2
1484,,CASSQGETGNSPLHF,,,,,,0.00012983640612827837,None,subset_2.tsv,"['N', 'o', 'n', 'e']",1686,2
1610,,CASSQGVLLGQPQHF,,,,,,0.00012983640612827837,None,subset_2.tsv,"['N', 'o', 'n', 'e']",1686,2
2903,,CASSWGGLSNQPQHF,,,,,,0.00012983640612827837,None,subset_2.tsv,"['N', 'o', 'n', 'e']",1688,2
3247,,CASSVLGLGNQPQHF,,,,,,0.00012983640612827837,None,subset_2.tsv,"['N', 'o', 'n', 'e']",1688,2
2163,,CAWSAGVAGNQPQHF,,,,,,0.00012983640612827837,None,subset_2.tsv,"['N', 'o', 'n', 'e']",1689,2
7119,,CASSKGLGGDQPQHF,,,,,,0.00012983640612827837,None,subset_2.tsv,"['N', 'o', 'n', 'e']",1689,2
4245,,CASSEAPDGNQPQHF,,,,,,0.00012983640612827837,None,subset_2.tsv,"['N', 'o', 'n', 'e']",1690,2
5064,,CAISESGVGNQPQHF,,,,,,0.00012983640612827837,None,subset_2.tsv,"['N', 'o', 'n', 'e']",1690,2
1002,,CASSPSGGSLQPQHF,,,,,,0.00012983640612827837,None,subset_2.tsv,"['N', 'o', 'n', 'e']",1691,3
3083,,CASSYAGGGNQPQHF,,,,,,0.00012983640612827837,None,subset_2.tsv,"['N', 'o', 'n', 'e']",1691,3
6267,,CASSPATGGHQPQHF,,,,,,0.00012983640612827837,None,subset_2.tsv,"['N', 'o', 'n', 'e']",1691,3
6351,,CASSPGTVSGQPQHF,,,,,,0.00012983640612827837,None,subset_2.tsv,"['N', 'o', 'n', 'e']",1692,2
6370,,CASSPGTGLGQPQHF,,,,,,0.00012983640612827837,None,subset_2.tsv,"['N', 'o', 'n', 'e']",1692,2
4092,,CASSDAGTSNSPLHF,,,,,,0.00012983640612827837,None,subset_2.tsv,"['N', 'o', 'n', 'e']",1694,2
4249,,CASSDSPLSGSPLHF,,,,,,0.00012983640612827837,None,subset_2.tsv,"['N', 'o', 'n', 'e']",1694,2
3646,,CASSYSGQAGQPQHF,,,,,,0.00012983640612827837,None,subset_2.tsv,"['N', 'o', 'n', 'e']",1695,2
4605,,CASSFLGLDGSPLHF,,,,,,0.00012983640612827837,None,subset_2.tsv,"['N', 'o', 'n', 'e']",1695,2
89,,CASSRDYYSNQPQHF,,,,,,0.00012983640612827837,None,subset_2.tsv,"['N', 'o', 'n', 'e']",1696,4
420,,CASSRDLDSNQPQHF,,,,,,0.00012983640612827837,None,subset_2.tsv,"['N', 'o', 'n', 'e']",1696,4
704,,CASSTDRDSNQPQHF,,,,,,0.00012983640612827837,None,subset_2.tsv,"['N', 'o', 'n', 'e']",1696,4
3125,,CASSVDSYSNQPQHF,,,,,,0.00012983640612827837,None,subset_2.tsv,"['N', 'o', 'n', 'e']",1696,4
1716,,CASSQDKNSNQPQHF,,,,,,0.00012983640612827837,None,subset_2.tsv,"['N', 'o', 'n', 'e']",1697,3
6653,,CASSMDRFTNQPQHF,,,,,,0.00012983640612827837,None,subset_2.tsv,"['N', 'o', 'n', 'e']",1697,3
6797,,CASSLDYYSNQPQHF,,,,,,0.00012983640612827837,None,subset_2.tsv,"['N', 'o', 'n', 'e']",1697,3
3572,,CASTWTSDSNQPQHF,,,,,,0.00012983640612827837,None,subset_2.tsv,"['N', 'o', 'n', 'e']",1698,3
6466,,CASSLWRDSNQPQHF,,,,,,0.00012983640612827837,None,subset_2.tsv,"['N', 'o', 'n', 'e']",1698,3
6624,,CASSLYGDSNQPQHF,,,,,,0.00012983640612827837,None,subset_2.tsv,"['N', 'o', 'n', 'e']",1698,3
5994,,CASSLQGAGNQPQHF,,,,,,0.00012983640612827837,None,subset_2.tsv,"['N', 'o', 'n', 'e']",1700,3
7357,,CASSLIRTGNQPQHF,,,,,,0.00012983640612827837,None,subset_2.tsv,"['N', 'o', 'n', 'e']",1700,3
7456,,CASSLEGWGNQPQHF,,,,,,0.00012983640612827837,None,subset_2.tsv,"['N', 'o', 'n', 'e']",1700,3
4771,,CASSFTGTGNQPQHF,,,,,,0.00012983640612827837,None,subset_2.tsv,"['N', 'o', 'n', 'e']",1701,2
5608,,CASRLTGTGNQPQHF,,,,,,0.00012983640612827837,None,subset_2.tsv,"['N', 'o', 'n', 'e']",1701,2
944,,CASSSLRGSNQPQHF,,,,,,0.00012983640612827837,None,subset_2.tsv,"['N', 'o', 'n', 'e']",1702,6
3985,,CASSFIGGSNQPQHF,,,,,,0.00012983640612827837,None,subset_2.tsv,"['N', 'o', 'n', 'e']",1702,6
6022,,CASSLMMGSNQPQHF,,,,,,0.00012983640612827837,None,subset_2.tsv,"['N', 'o', 'n', 'e']",1702,6
6460,,CASSLVRGGNQPQHF,,,,,,0.00012983640612827837,None,subset_2.tsv,"['N', 'o', 'n', 'e']",1702,6
6830,,CASSLEGGSNQPQHF,,,,,,0.00012983640612827837,None,subset_2.tsv,"['N', 'o', 'n', 'e']",1702,6
7314,,CASSLLGGSNQPQHF,,,,,,0.00012983640612827837,None,subset_2.tsv,"['N', 'o', 'n', 'e']",1702,6
3699,,CASSYRFGSNQPQHF,,,,,,0.00012983640612827837,None,subset_2.tsv,"['N', 'o', 'n', 'e']",1703,3
4755,,CASSFWPGPNQPQHF,,,,,,0.00012983640612827837,None,subset_2.tsv,"['N', 'o', 'n', 'e']",1703,3
5664,,CASRFWGSSNQPQHF,,,,,,0.00012983640612827837,None,subset_2.tsv,"['N', 'o', 'n', 'e']",1703,3
931,,CASSSNQGDNQPQHF,,,,,,0.00012983640612827837,None,subset_2.tsv,"['N', 'o', 'n', 'e']",1704,2
7445,,CASSLEPTANQPQHF,,,,,,0.00012983640612827837,None,subset_2.tsv,"['N', 'o', 'n', 'e']",1704,2
1865,,CASSQDRTENQPQHF,,,,,,0.00012983640612827837,None,subset_2.tsv,"['N', 'o', 'n', 'e']",1705,2
6779,,CASSLAGVENQPQHF,,,,,,0.00012983640612827837,None,subset_2.tsv,"['N', 'o', 'n', 'e']",1705,2
5908,,CASSLTGSGDSPLHF,,,,,,0.00012983640612827837,None,subset_2.tsv,"['N', 'o', 'n', 'e']",1706,3
5996,,CASSLQDSRNSPLHF,,,,,,0.00012983640612827837,None,subset_2.tsv,"['N', 'o', 'n', 'e']",1706,3
6485,,CASSLWDSGNSPLHF,,,,,,0.00012983640612827837,None,subset_2.tsv,"['N', 'o', 'n', 'e']",1706,3
3234,,CASSVAGGANSPLHF,,,,,,0.00012983640612827837,None,subset_2.tsv,"['N', 'o', 'n', 'e']",1708,3
3253,,CASSVIGGADKPQHF,,,,,,0.00012983640612827837,None,subset_2.tsv,"['N', 'o', 'n', 'e']",1708,3
3315,,CASSVGGGRDSPLHF,,,,,,0.00012983640612827837,None,subset_2.tsv,"['N', 'o', 'n', 'e']",1708,3
521,,CASSSTGTDNSPLHF,,,,,,0.00012983640612827837,None,subset_2.tsv,"['N', 'o', 'n', 'e']",1709,2
775,,CASSSLHRWYSPLHF,,,,,,0.00012983640612827837,None,subset_2.tsv,"['N', 'o', 'n', 'e']",1709,2
171,,CASSSAGTLNQPQHF,,,,,,0.00012983640612827837,None,subset_2.tsv,"['N', 'o', 'n', 'e']",1712,2
196,,CASSSEGTDNQPQHF,,,,,,0.00012983640612827837,None,subset_2.tsv,"['N', 'o', 'n', 'e']",1712,2
4895,,CASIGEGFSNQPQHF,,,,,,0.00012983640612827837,None,subset_2.tsv,"['N', 'o', 'n', 'e']",1713,2
5710,,CASRGTGLGNQPQHF,,,,,,0.00012983640612827837,None,subset_2.tsv,"['N', 'o', 'n', 'e']",1713,2
4330,,CASSGSREANQPQHF,,,,,,0.00012983640612827837,None,subset_2.tsv,"['N', 'o', 'n', 'e']",1714,2
4412,,CASSGQVYSNQPQHF,,,,,,0.00012983640612827837,None,subset_2.tsv,"['N', 'o', 'n', 'e']",1714,2
4322,,CASSGTGGDWEKLFF,,,,,,0.00012983640612827837,None,subset_2.tsv,"['N', 'o', 'n', 'e']",1715,2
4409,,CASSGRGGDNQPQHF,,,,,,0.00012983640612827837,None,subset_2.tsv,"['N', 'o', 'n', 'e']",1715,2
3185,,CASSTTRAPNQPQHF,,,,,,0.00012983640612827837,None,subset_2.tsv,"['N', 'o', 'n', 'e']",1716,2
3285,,CASSVRGAPGQPQHF,,,,,,0.00012983640612827837,None,subset_2.tsv,"['N', 'o', 'n', 'e']",1716,2
734,,CASSTGQGRYNEQFF,,,,,,0.00012983640612827837,None,subset_2.tsv,"['N', 'o', 'n', 'e']",1719,4
6348,,CASSPGVGTYNEQFF,,,,,,0.00012983640612827837,None,subset_2.tsv,"['N', 'o', 'n', 'e']",1719,4
6645,,CASSMGQGSYNEQFF,,,,,,0.00012983640612827837,None,subset_2.tsv,"['N', 'o', 'n', 'e']",1719,4
6647,,CASSMGQGGYNEQFF,,,,,,0.00012983640612827837,None,subset_2.tsv,"['N', 'o', 'n', 'e']",1719,4
1301,,CASSPGWNSNTEAFF,,,,,,0.00012983640612827837,None,subset_2.tsv,"['N', 'o', 'n', 'e']",1720,2
5723,,CASSPGVLASNEQFF,,,,,,0.00012983640612827837,None,subset_2.tsv,"['N', 'o', 'n', 'e']",1720,2
3952,,CASSFGQGANTEAFF,,,,,,0.00012983640612827837,None,subset_2.tsv,"['N', 'o', 'n', 'e']",1721,2
3970,,CASSFGPGSNTEAFF,,,,,,0.00012983640612827837,None,subset_2.tsv,"['N', 'o', 'n', 'e']",1721,2
3963,,CASSFGQGTGTEAFF,,,,,,0.00012983640612827837,None,subset_2.tsv,"['N', 'o', 'n', 'e']",1723,2
6416,,CASSPGQGAGAEAFF,,,,,,0.00012983640612827837,None,subset_2.tsv,"['N', 'o', 'n', 'e']",1723,2
6249,,CASSPGEGLKTEAFF,,,,,,0.00012983640612827837,None,subset_2.tsv,"['N', 'o', 'n', 'e']",1724,2
6413,,CASSPGQGGLGEQYF,,,,,,0.00012983640612827837,None,subset_2.tsv,"['N', 'o', 'n', 'e']",1724,2
3669,,CASSYRQGGDTEAFF,,,,,,0.00012983640612827837,None,subset_2.tsv,"['N', 'o', 'n', 'e']",1725,2
3933,,CASSERQGGFSEAFF,,,,,,0.00012983640612827837,None,subset_2.tsv,"['N', 'o', 'n', 'e']",1725,2
3904,,CASSELAGGFDEQFF,,,,,,0.00012983640612827837,None,subset_2.tsv,"['N', 'o', 'n', 'e']",1726,3
4936,,CASNKAQGGKGEQYF,,,,,,0.00012983640612827837,None,subset_2.tsv,"['N', 'o', 'n', 'e']",1726,3
5534,,CASRELAGGLYEQFF,,,,,,0.00012983640612827837,None,subset_2.tsv,"['N', 'o', 'n', 'e']",1726,3
2781,,CSARVLAGGIHEQFF,,,,,,0.00012983640612827837,None,subset_2.tsv,"['N', 'o', 'n', 'e']",1727,2
5278,,CASRRLAGGAGELFF,,,,,,0.00012983640612827837,None,subset_2.tsv,"['N', 'o', 'n', 'e']",1727,2
104,,CASSRLAGGWNEQFF,,,,,,0.00012983640612827837,None,subset_2.tsv,"['N', 'o', 'n', 'e']",1728,4
435,,CASSRAAGGHNEQFF,,,,,,0.00012983640612827837,None,subset_2.tsv,"['N', 'o', 'n', 'e']",1728,4
4900,,CASMGLAGGRNEQFF,,,,,,0.00012983640612827837,None,subset_2.tsv,"['N', 'o', 'n', 'e']",1728,4
5277,,CASRRLAGGDYEQYF,,,,,,0.00012983640612827837,None,subset_2.tsv,"['N', 'o', 'n', 'e']",1728,4
2804,,CSASILAGGYEQYF,,,,,,0.00012983640612827837,None,subset_2.tsv,"['N', 'o', 'n', 'e']",1729,2
5083,,CAGSVGASGYEQYF,,,,,,0.00012983640612827837,None,subset_2.tsv,"['N', 'o', 'n', 'e']",1729,2
2055,,CSARDGAGGHEQYF,,,,,,0.00012983640612827837,None,subset_2.tsv,"['N', 'o', 'n', 'e']",1730,2
2100,,CSARDLAGGKNEQFF,,,,,,0.00012983640612827837,None,subset_2.tsv,"['N', 'o', 'n', 'e']",1730,2
566,,CASSSSFSGLIEQFF,,,,,,0.00012983640612827837,None,subset_2.tsv,"['N', 'o', 'n', 'e']",1731,3
3993,,CASSFGVSGRDEQFF,,,,,,0.00012983640612827837,None,subset_2.tsv,"['N', 'o', 'n', 'e']",1731,3
4157,,CASSASVLGVNEQFF,,,,,,0.00012983640612827837,None,subset_2.tsv,"['N', 'o', 'n', 'e']",1731,3
4612,,CASSFLAGGYNEQFF,,,,,,0.00012983640612827837,None,subset_2.tsv,"['N', 'o', 'n', 'e']",1732,2
4617,,CASSFLAGGFNEQFF,,,,,,0.00012983640612827837,None,subset_2.tsv,"['N', 'o', 'n', 'e']",1732,2
6029,,CASSLMASGIDEQFF,,,,,,0.00012983640612827837,None,subset_2.tsv,"['N', 'o', 'n', 'e']",1733,3
6127,,CASSLSAGGYNEQFF,,,,,,0.00012983640612827837,None,subset_2.tsv,"['N', 'o', 'n', 'e']",1733,3
6128,,CASSLSAGGLDEQFF,,,,,,0.00012983640612827837,None,subset_2.tsv,"['N', 'o', 'n', 'e']",1733,3
5872,,CASSLVAGSSNEQFF,,,,,,0.00012983640612827837,None,subset_2.tsv,"['N', 'o', 'n', 'e']",1734,2
6463,,CASSLWASGSNEQFF,,,,,,0.00012983640612827837,None,subset_2.tsv,"['N', 'o', 'n', 'e']",1734,2
5000,,CASKNSQGTGNEQFF,,,,,,0.00012983640612827837,None,subset_2.tsv,"['N', 'o', 'n', 'e']",1735,2
6469,,CASSLWQGTGNEQFF,,,,,,0.00012983640612827837,None,subset_2.tsv,"['N', 'o', 'n', 'e']",1735,2
1313,,CASSPLAGGGNEQFF,,,,,,0.00012983640612827837,None,subset_2.tsv,"['N', 'o', 'n', 'e']",1736,2
5375,,CASSALAGGGNEQFF,,,,,,0.00012983640612827837,None,subset_2.tsv,"['N', 'o', 'n', 'e']",1736,2
7003,,CASSIMALGRSEAFF,,,,,,0.00012983640612827837,None,subset_2.tsv,"['N', 'o', 'n', 'e']",1737,2
7010,,CASSILASGRDEQFF,,,,,,0.00012983640612827837,None,subset_2.tsv,"['N', 'o', 'n', 'e']",1737,2
4579,,CASSFSAGQGTEAFF,,,,,,0.00012983640612827837,None,subset_2.tsv,"['N', 'o', 'n', 'e']",1740,2
6433,,CASSPAAGLGTEAFF,,,,,,0.00012983640612827837,None,subset_2.tsv,"['N', 'o', 'n', 'e']",1740,2
4006,,CASSFGTGAGGELFF,,,,,,0.00012983640612827837,None,subset_2.tsv,"['N', 'o', 'n', 'e']",1742,2
6355,,CASSPGTSSGGELFF,,,,,,0.00012983640612827837,None,subset_2.tsv,"['N', 'o', 'n', 'e']",1742,2
3674,,CASSYLTGTSGEQFF,,,,,,0.00012983640612827837,None,subset_2.tsv,"['N', 'o', 'n', 'e']",1743,2
4335,,CASSFITRVGTEAFF,,,,,,0.00012983640612827837,None,subset_2.tsv,"['N', 'o', 'n', 'e']",1743,2
1651,,CASSQGGGLGTEAFF,,,,,,0.00012983640612827837,None,subset_2.tsv,"['N', 'o', 'n', 'e']",1744,2
3902,,CASSELGGAGTEAFF,,,,,,0.00012983640612827837,None,subset_2.tsv,"['N', 'o', 'n', 'e']",1744,2
275,,CASSQRRGRHNEQFF,,,,,,0.00012983640612827837,None,subset_2.tsv,"['N', 'o', 'n', 'e']",1745,3
3935,,CASSERGGTYNEQFF,,,,,,0.00012983640612827837,None,subset_2.tsv,"['N', 'o', 'n', 'e']",1745,3
3936,,CASSERGGTVNEQFF,,,,,,0.00012983640612827837,None,subset_2.tsv,"['N', 'o', 'n', 'e']",1745,3
1367,,CASSPRGGVPGELFF,,,,,,0.00012983640612827837,None,subset_2.tsv,"['N', 'o', 'n', 'e']",1746,2
3402,,CASTPTSGREDEQFF,,,,,,0.00012983640612827837,None,subset_2.tsv,"['N', 'o', 'n', 'e']",1746,2
1206,,CASSPTTGEDNEQFF,,,,,,0.00012983640612827837,None,subset_2.tsv,"['N', 'o', 'n', 'e']",1747,2
5314,,CASRPTTGWVTEAFF,,,,,,0.00012983640612827837,None,subset_2.tsv,"['N', 'o', 'n', 'e']",1747,2
3688,,CASSYRPGQYTEAFF,,,,,,0.00012983640612827837,None,subset_2.tsv,"['N', 'o', 'n', 'e']",1749,2
3865,,CASSFARGEDTEAFF,,,,,,0.00012983640612827837,None,subset_2.tsv,"['N', 'o', 'n', 'e']",1749,2
1231,,CASSPLLGVNTEAFF,,,,,,0.00012983640612827837,None,subset_2.tsv,"['N', 'o', 'n', 'e']",1750,4
1336,,CASSPRAGDNTEAFF,,,,,,0.00012983640612827837,None,subset_2.tsv,"['N', 'o', 'n', 'e']",1750,4
4766,,CASSFVAVMNTEAFF,,,,,,0.00012983640612827837,None,subset_2.tsv,"['N', 'o', 'n', 'e']",1750,4
6923,,CASSIRAGDNTEAFF,,,,,,0.00012983640612827837,None,subset_2.tsv,"['N', 'o', 'n', 'e']",1750,4
1111,,CASSPWTGMNTEAFF,,,,,,0.00012983640612827837,None,subset_2.tsv,"['N', 'o', 'n', 'e']",1751,3
1267,,CASSPMTGADTEAFF,,,,,,0.00012983640612827837,None,subset_2.tsv,"['N', 'o', 'n', 'e']",1751,3
5147,,CASCPRTGMNTEAFF,,,,,,0.00012983640612827837,None,subset_2.tsv,"['N', 'o', 'n', 'e']",1751,3
3917,,CASSEGTGMNTEAFF,,,,,,0.00012983640612827837,None,subset_2.tsv,"['N', 'o', 'n', 'e']",1752,2
5566,,CASNPGTGQRTEAFF,,,,,,0.00012983640612827837,None,subset_2.tsv,"['N', 'o', 'n', 'e']",1752,2
939,,CASSSLWGFGTEAFF,,,,,,0.00012983640612827837,None,subset_2.tsv,"['N', 'o', 'n', 'e']",1754,3
5947,,CASSLTPGAGTEAFF,,,,,,0.00012983640612827837,None,subset_2.tsv,"['N', 'o', 'n', 'e']",1754,3
6031,,CASSLLYGDSSEAFF,,,,,,0.00012983640612827837,None,subset_2.tsv,"['N', 'o', 'n', 'e']",1754,3
6126,,CASSLSAGMNTEAFF,,,,,,0.00012983640612827837,None,subset_2.tsv,"['N', 'o', 'n', 'e']",1755,5
6529,,CASSLVQGLNTEAFF,,,,,,0.00012983640612827837,None,subset_2.tsv,"['N', 'o', 'n', 'e']",1755,5
6668,,CASSLLQGANTEAFF,,,,,,0.00012983640612827837,None,subset_2.tsv,"['N', 'o', 'n', 'e']",1755,5
7203,,CASSLGQGVNTEAFF,,,,,,0.00012983640612827837,None,subset_2.tsv,"['N', 'o', 'n', 'e']",1755,5
7302,,CASSLLIGLNTEAFF,,,,,,0.00012983640612827837,None,subset_2.tsv,"['N', 'o', 'n', 'e']",1755,5
7344,,CASSLGYGMNTEAFF,,,,,,0.00012983640612827837,None,subset_2.tsv,"['N', 'o', 'n', 'e']",1756,3
7428,,CASSLGDRENTEAFF,,,,,,0.00012983640612827837,None,subset_2.tsv,"['N', 'o', 'n', 'e']",1756,3
7506,,CASSLGKGDDTEAFF,,,,,,0.00012983640612827837,None,subset_2.tsv,"['N', 'o', 'n', 'e']",1756,3
6986,,CASSIGLGEQYF,,,,,,0.00012983640612827837,None,subset_2.tsv,"['N', 'o', 'n', 'e']",1758,4
7105,,CASSISLGTQYF,,,,,,0.00012983640612827837,None,subset_2.tsv,"['N', 'o', 'n', 'e']",1758,4
7514,,CASSLGHGEQYF,,,,,,0.00012983640612827837,None,subset_2.tsv,"['N', 'o', 'n', 'e']",1758,4
7542,,CASSLGLSEQYF,,,,,,0.00012983640612827837,None,subset_2.tsv,"['N', 'o', 'n', 'e']",1758,4
1636,,CASSQGISTAYEQYF,,,,,,0.00012983640612827837,None,subset_2.tsv,"['N', 'o', 'n', 'e']",1759,3
1637,,CASSQGIRTPTEQYF,,,,,,0.00012983640612827837,None,subset_2.tsv,"['N', 'o', 'n', 'e']",1759,3
1670,,CASSQGPGAIYEQYF,,,,,,0.00012983640612827837,None,subset_2.tsv,"['N', 'o', 'n', 'e']",1759,3
7206,,CASSLGQGVFYEQFF,,,,,,0.00012983640612827837,None,subset_2.tsv,"['N', 'o', 'n', 'e']",1760,3
7231,,CASSLGQGYPYEQYF,,,,,,0.00012983640612827837,None,subset_2.tsv,"['N', 'o', 'n', 'e']",1760,3
7383,,CASSLGAGPPYEQYF,,,,,,0.00012983640612827837,None,subset_2.tsv,"['N', 'o', 'n', 'e']",1760,3
7167,,CASSLGSGAPYEQYF,,,,,,0.00012983640612827837,None,subset_2.tsv,"['N', 'o', 'n', 'e']",1761,2
7241,,CASSLGRGTINEQYF,,,,,,0.00012983640612827837,None,subset_2.tsv,"['N', 'o', 'n', 'e']",1761,2
270,,CASSQRDRQETQYF,,,,,,0.00012983640612827837,None,subset_2.tsv,"['N', 'o', 'n', 'e']",1762,2
380,,CASSQMDRVETQYF,,,,,,0.00012983640612827837,None,subset_2.tsv,"['N', 'o', 'n', 'e']",1762,2
277,,CASSQRPSEVGELFF,,,,,,0.00012983640612827837,None,subset_2.tsv,"['N', 'o', 'n', 'e']",1763,2
5356,,CASRQRDRPNNEQFF,,,,,,0.00012983640612827837,None,subset_2.tsv,"['N', 'o', 'n', 'e']",1763,2
547,,CASSSWDRDEGKLFF,,,,,,0.00012983640612827837,None,subset_2.tsv,"['N', 'o', 'n', 'e']",1764,3
6104,,CASSLRPRIRGKLFF,,,,,,0.00012983640612827837,None,subset_2.tsv,"['N', 'o', 'n', 'e']",1764,3
6105,,CASSLRPRDDGELFF,,,,,,0.00012983640612827837,None,subset_2.tsv,"['N', 'o', 'n', 'e']",1764,3
6100,,CASSLRQGPQDYTF,,,,,,0.00012983640612827837,None,subset_2.tsv,"['N', 'o', 'n', 'e']",1765,2
7473,,CASSLFAGERSPLHF,,,,,,0.00012983640612827837,None,subset_2.tsv,"['N', 'o', 'n', 'e']",1765,2
5772,,CASSLTDRLNEQFF,,,,,,0.00012983640612827837,None,subset_2.tsv,"['N', 'o', 'n', 'e']",1766,2
6140,,CASSLRDAYNEQFF,,,,,,0.00012983640612827837,None,subset_2.tsv,"['N', 'o', 'n', 'e']",1766,2
5858,,CASSLTSNLDEKLFF,,,,,,0.00012983640612827837,None,subset_2.tsv,"['N', 'o', 'n', 'e']",1767,2
6700,,CASSLAVRLGEKLFF,,,,,,0.00012983640612827837,None,subset_2.tsv,"['N', 'o', 'n', 'e']",1767,2
3072,,CASSYDATTNEKLFF,,,,,,0.00012983640612827837,None,subset_2.tsv,"['N', 'o', 'n', 'e']",1768,2
3109,,CASSYFSTVNEKLFF,,,,,,0.00012983640612827837,None,subset_2.tsv,"['N', 'o', 'n', 'e']",1768,2
4455,,CASSIAVWADNEQFF,,,,,,0.00012983640612827837,None,subset_2.tsv,"['N', 'o', 'n', 'e']",1769,3
4581,,CASSFRYSLYEKLFF,,,,,,0.00012983640612827837,None,subset_2.tsv,"['N', 'o', 'n', 'e']",1769,3
6133,,CASSLRYTVDNEQFF,,,,,,0.00012983640612827837,None,subset_2.tsv,"['N', 'o', 'n', 'e']",1769,3
3155,,CASSVFAELNTEAFF,,,,,,0.00012983640612827837,None,subset_2.tsv,"['N', 'o', 'n', 'e']",1770,3
6000,,CASSLPVEVNTEAFF,,,,,,0.00012983640612827837,None,subset_2.tsv,"['N', 'o', 'n', 'e']",1770,3
7483,,CASSLEVEINTEAFF,,,,,,0.00012983640612827837,None,subset_2.tsv,"['N', 'o', 'n', 'e']",1770,3
6980,,CASSIPQDQGTEAFF,,,,,,0.00012983640612827837,None,subset_2.tsv,"['N', 'o', 'n', 'e']",1771,2
7453,,CASSLEIRFGTEAFF,,,,,,0.00012983640612827837,None,subset_2.tsv,"['N', 'o', 'n', 'e']",1771,2
7370,,CASSLIIHF,,,,,,0.00012983640612827837,None,subset_2.tsv,"['N', 'o', 'n', 'e']",1772,2
7477,,CASSLEVYF,,,,,,0.00012983640612827837,None,subset_2.tsv,"['N', 'o', 'n', 'e']",1772,2
6468,,CASSLWQMFSYEQYF,,,,,,0.00012983640612827837,None,subset_2.tsv,"['N', 'o', 'n', 'e']",1773,3
6683,,CASSLAQRDSNEQFF,,,,,,0.00012983640612827837,None,subset_2.tsv,"['N', 'o', 'n', 'e']",1773,3
7281,,CASSLKQSPHTEAFF,,,,,,0.00012983640612827837,None,subset_2.tsv,"['N', 'o', 'n', 'e']",1773,3
590,,CASSSRQFHQPQHF,,,,,,0.00012983640612827837,None,subset_2.tsv,"['N', 'o', 'n', 'e']",1774,4
2922,,CASSWRQPFRKQFF,,,,,,0.00012983640612827837,None,subset_2.tsv,"['N', 'o', 'n', 'e']",1774,4
4762,,CASSFVHPNQPQHF,,,,,,0.00012983640612827837,None,subset_2.tsv,"['N', 'o', 'n', 'e']",1774,4
6569,,CASSMRIFPQPQHF,,,,,,0.00012983640612827837,None,subset_2.tsv,"['N', 'o', 'n', 'e']",1774,4
1375,,CASSPRFF,,,,,,0.00012983640612827837,None,subset_2.tsv,"['N', 'o', 'n', 'e']",1775,2
4718,,CASSFYHPRDTLPYF,,,,,,0.00012983640612827837,None,subset_2.tsv,"['N', 'o', 'n', 'e']",1775,2
4032,,CASSFDQWEDIQYF,,,,,,0.00012983640612827837,None,subset_2.tsv,"['N', 'o', 'n', 'e']",1776,2
4200,,CASSEDQEVDTQYF,,,,,,0.00012983640612827837,None,subset_2.tsv,"['N', 'o', 'n', 'e']",1776,2
6638,,CASSLYPAMNTEAFF,,,,,,0.00012983640612827837,None,subset_2.tsv,"['N', 'o', 'n', 'e']",1777,3
6855,,CASSLDGWLSTEAFF,,,,,,0.00012983640612827837,None,subset_2.tsv,"['N', 'o', 'n', 'e']",1777,3
7275,,CASSLKGAMNTEAFF,,,,,,0.00012983640612827837,None,subset_2.tsv,"['N', 'o', 'n', 'e']",1777,3
7464,,CASSLEGSGNTEAFF,,,,,,0.00012983640612827837,None,subset_2.tsv,"['N', 'o', 'n', 'e']",1778,2
7482,,CASSLEVGGNTEAFF,,,,,,0.00012983640612827837,None,subset_2.tsv,"['N', 'o', 'n', 'e']",1778,2
3256,,CASSVHGGANTEAFF,,,,,,0.00012983640612827837,None,subset_2.tsv,"['N', 'o', 'n', 'e']",1779,3
6026,,CASSLMGGSDTEAFF,,,,,,0.00012983640612827837,None,subset_2.tsv,"['N', 'o', 'n', 'e']",1779,3
6681,,CASSLARGLNTEAFF,,,,,,0.00012983640612827837,None,subset_2.tsv,"['N', 'o', 'n', 'e']",1779,3
1827,,CASSQDSGLNTEAFF,,,,,,0.00012983640612827837,None,subset_2.tsv,"['N', 'o', 'n', 'e']",1780,2
3947,,CASSEPTGLDTEAFF,,,,,,0.00012983640612827837,None,subset_2.tsv,"['N', 'o', 'n', 'e']",1780,2
92,,CASSRDRGMNTEAFF,,,,,,0.00012983640612827837,None,subset_2.tsv,"['N', 'o', 'n', 'e']",1782,3
211,,CASSRYRGTNTEAFF,,,,,,0.00012983640612827837,None,subset_2.tsv,"['N', 'o', 'n', 'e']",1782,3
4030,,CASSFDRGTNTEAFF,,,,,,0.00012983640612827837,None,subset_2.tsv,"['N', 'o', 'n', 'e']",1782,3
1396,,CASSPPGSMNTEAFF,,,,,,0.00012983640612827837,None,subset_2.tsv,"['N', 'o', 'n', 'e']",1783,3
3682,,CASSYPRGENTEAFF,,,,,,0.00012983640612827837,None,subset_2.tsv,"['N', 'o', 'n', 'e']",1783,3
4599,,CASSFPRTKNTEAFF,,,,,,0.00012983640612827837,None,subset_2.tsv,"['N', 'o', 'n', 'e']",1783,3
288,,CASSQQQGYGTEAFF,,,,,,0.00012983640612827837,None,subset_2.tsv,"['N', 'o', 'n', 'e']",1785,3
1895,,CASSQDQGQDTEAFF,,,,,,0.00012983640612827837,None,subset_2.tsv,"['N', 'o', 'n', 'e']",1785,3
1897,,CASSQDQREVHEQYF,,,,,,0.00012983640612827837,None,subset_2.tsv,"['N', 'o', 'n', 'e']",1785,3
412,,CASSQVPGADTEAFF,,,,,,0.00012983640612827837,None,subset_2.tsv,"['N', 'o', 'n', 'e']",1787,4
1146,,CASSQAEGAGTEAFF,,,,,,0.00012983640612827837,None,subset_2.tsv,"['N', 'o', 'n', 'e']",1787,4
1888,,CASSQDPGAGTEAFF,,,,,,0.00012983640612827837,None,subset_2.tsv,"['N', 'o', 'n', 'e']",1787,4
3668,,CASSYNPGRRTEAFF,,,,,,0.00012983640612827837,None,subset_2.tsv,"['N', 'o', 'n', 'e']",1787,4
1692,,CASSQDKGLNTEAFF,,,,,,0.00012983640612827837,None,subset_2.tsv,"['N', 'o', 'n', 'e']",1788,2
1876,,CASSQDPRTNTEAFF,,,,,,0.00012983640612827837,None,subset_2.tsv,"['N', 'o', 'n', 'e']",1788,2
61,,CASSQEEGADTEAFF,,,,,,0.00025967281225655674,None,subset_2.tsv,"['N', 'o', 'n', 'e']",1789,3
1839,,CASSQEDGLNTEAFF,,,,,,0.00012983640612827837,None,subset_2.tsv,"['N', 'o', 'n', 'e']",1789,3
6818,,CASSLEDGPNTEAFF,,,,,,0.00012983640612827837,None,subset_2.tsv,"['N', 'o', 'n', 'e']",1789,3
1735,,CASSQDLLSGAQYF,,,,,,0.00012983640612827837,None,subset_2.tsv,"['N', 'o', 'n', 'e']",1790,2
1836,,CASSQDWGASEQYF,,,,,,0.00012983640612827837,None,subset_2.tsv,"['N', 'o', 'n', 'e']",1790,2
1461,,CASSQEVGRGAEAFF,,,,,,0.00012983640612827837,None,subset_2.tsv,"['N', 'o', 'n', 'e']",1791,2
1558,,CASSQEMVAGPLHF,,,,,,0.00012983640612827837,None,subset_2.tsv,"['N', 'o', 'n', 'e']",1791,2
3210,,CASSVDAGGGTEAFF,,,,,,0.00012983640612827837,None,subset_2.tsv,"['N', 'o', 'n', 'e']",1792,2
6878,,CASSLDNRGGTEAFF,,,,,,0.00012983640612827837,None,subset_2.tsv,"['N', 'o', 'n', 'e']",1792,2
3127,,CASSVDSGAGTEAFF,,,,,,0.00012983640612827837,None,subset_2.tsv,"['N', 'o', 'n', 'e']",1793,2
7448,,CASSLEMGAGTEAFF,,,,,,0.00012983640612827837,None,subset_2.tsv,"['N', 'o', 'n', 'e']",1793,2
1384,,CASSPRDRGNTEAFF,,,,,,0.00012983640612827837,None,subset_2.tsv,"['N', 'o', 'n', 'e']",1795,3
5448,,CASRYRDRGKTEAFF,,,,,,0.00012983640612827837,None,subset_2.tsv,"['N', 'o', 'n', 'e']",1795,3
5663,,CASRHRDRGGTEAFF,,,,,,0.00012983640612827837,None,subset_2.tsv,"['N', 'o', 'n', 'e']",1795,3
3501,,CASWPRPSAITEAFF,,,,,,0.00012983640612827837,None,subset_2.tsv,"['N', 'o', 'n', 'e']",1796,4
3571,,CASTYAVTGNTEAFF,,,,,,0.00012983640612827837,None,subset_2.tsv,"['N', 'o', 'n', 'e']",1796,4
3949,,CASSFARRVNTEAFF,,,,,,0.00012983640612827837,None,subset_2.tsv,"['N', 'o', 'n', 'e']",1796,4
4597,,CASSFRILGLTEAFF,,,,,,0.00012983640612827837,None,subset_2.tsv,"['N', 'o', 'n', 'e']",1796,4
5933,,CASSLTRQGGTEAFF,,,,,,0.00012983640612827837,None,subset_2.tsv,"['N', 'o', 'n', 'e']",1797,3
5949,,CASSLTPAGSTEAFF,,,,,,0.00012983640612827837,None,subset_2.tsv,"['N', 'o', 'n', 'e']",1797,3
7091,,CASSITGWGGTEAFF,,,,,,0.00012983640612827837,None,subset_2.tsv,"['N', 'o', 'n', 'e']",1797,3
746,,CASSSIDRGLTEAFF,,,,,,0.00012983640612827837,None,subset_2.tsv,"['N', 'o', 'n', 'e']",1798,2
6487,,CASSLWDRGWTEAFF,,,,,,0.00012983640612827837,None,subset_2.tsv,"['N', 'o', 'n', 'e']",1798,2
4531,,CASSHPHRGETEAFF,,,,,,0.00012983640612827837,None,subset_2.tsv,"['N', 'o', 'n', 'e']",1799,2
6603,,CASSNHQTAFTEAFF,,,,,,0.00012983640612827837,None,subset_2.tsv,"['N', 'o', 'n', 'e']",1799,2
3987,,CASSFIDRTNTEAFF,,,,,,0.00012983640612827837,None,subset_2.tsv,"['N', 'o', 'n', 'e']",1800,2
7015,,CASSIIDRSGTEAFF,,,,,,0.00012983640612827837,None,subset_2.tsv,"['N', 'o', 'n', 'e']",1800,2
345,,CASSQKDRGLSEAFF,,,,,,0.00012983640612827837,None,subset_2.tsv,"['N', 'o', 'n', 'e']",1801,2
1919,,CASSQDQTSLPLEFF,,,,,,0.00012983640612827837,None,subset_2.tsv,"['N', 'o', 'n', 'e']",1801,2
741,,CASSSRLHLNTEAFF,,,,,,0.00012983640612827837,None,subset_2.tsv,"['N', 'o', 'n', 'e']",1802,3
3276,,CASSVRSSMNTEAFF,,,,,,0.00012983640612827837,None,subset_2.tsv,"['N', 'o', 'n', 'e']",1802,3
6132,,CASSLSADMNTEAFF,,,,,,0.00012983640612827837,None,subset_2.tsv,"['N', 'o', 'n', 'e']",1802,3
577,,CASSSRTAPNTEAFF,,,,,,0.00012983640612827837,None,subset_2.tsv,"['N', 'o', 'n', 'e']",1803,3
602,,CASSSSSQENTEAFF,,,,,,0.00012983640612827837,None,subset_2.tsv,"['N', 'o', 'n', 'e']",1803,3
5271,,CASRRRGDWYTEAFF,,,,,,0.00012983640612827837,None,subset_2.tsv,"['N', 'o', 'n', 'e']",1803,3
1642,,CASSQGGQMNTEAFF,,,,,,0.00012983640612827837,None,subset_2.tsv,"['N', 'o', 'n', 'e']",1805,3
6993,,CASSIGTPLNTEAFF,,,,,,0.00012983640612827837,None,subset_2.tsv,"['N', 'o', 'n', 'e']",1805,3
7582,,CASSLGGARNTEAFF,,,,,,0.00012983640612827837,None,subset_2.tsv,"['N', 'o', 'n', 'e']",1805,3
3833,,CASSETIAENTEAFF,,,,,,0.00012983640612827837,None,subset_2.tsv,"['N', 'o', 'n', 'e']",1806,2
4223,,CASSEGPTENTEAFF,,,,,,0.00012983640612827837,None,subset_2.tsv,"['N', 'o', 'n', 'e']",1806,2
1147,,CASSQAEELNTEAFF,,,,,,0.00012983640612827837,None,subset_2.tsv,"['N', 'o', 'n', 'e']",1807,2
6908,,CASSIRPFMNTEAFF,,,,,,0.00012983640612827837,None,subset_2.tsv,"['N', 'o', 'n', 'e']",1807,2
1259,,CASSPMDMRNTEAFF,,,,,,0.00012983640612827837,None,subset_2.tsv,"['N', 'o', 'n', 'e']",1809,4
1260,,CASSPNKLMNTEAFF,,,,,,0.00012983640612827837,None,subset_2.tsv,"['N', 'o', 'n', 'e']",1809,4
3292,,CASSVQGVLNTEAFF,,,,,,0.00012983640612827837,None,subset_2.tsv,"['N', 'o', 'n', 'e']",1809,4
4522,,CASSHQPLMNTEAFF,,,,,,0.00012983640612827837,None,subset_2.tsv,"['N', 'o', 'n', 'e']",1809,4
3406,,CASTPSGVSGTEAFF,,,,,,0.00012983640612827837,None,subset_2.tsv,"['N', 'o', 'n', 'e']",1811,2
3849,,CASSESTLSLTEAFF,,,,,,0.00012983640612827837,None,subset_2.tsv,"['N', 'o', 'n', 'e']",1811,2
1213,,CASSPRGQTNTEAFF,,,,,,0.00012983640612827837,None,subset_2.tsv,"['N', 'o', 'n', 'e']",1812,2
4280,,CASSEAGIGNTEAFF,,,,,,0.00012983640612827837,None,subset_2.tsv,"['N', 'o', 'n', 'e']",1812,2
1715,,CASSQDGGTNEKLFF,,,,,,0.00012983640612827837,None,subset_2.tsv,"['N', 'o', 'n', 'e']",1813,2
1907,,CASSQDRGSNEKLFF,,,,,,0.00012983640612827837,None,subset_2.tsv,"['N', 'o', 'n', 'e']",1813,2
1896,,CASSQDQGTYEKLFF,,,,,,0.00012983640612827837,None,subset_2.tsv,"['N', 'o', 'n', 'e']",1814,2
6872,,CASSLDEGTNEKLFF,,,,,,0.00012983640612827837,None,subset_2.tsv,"['N', 'o', 'n', 'e']",1814,2
6300,,CASSPDRSSYNEQFF,,,,,,0.00012983640612827837,None,subset_2.tsv,"['N', 'o', 'n', 'e']",1815,2
6303,,CASSPDRISYNEQFF,,,,,,0.00012983640612827837,None,subset_2.tsv,"['N', 'o', 'n', 'e']",1815,2
407,,CASSQVPTSYNEQFF,,,,,,0.00012983640612827837,None,subset_2.tsv,"['N', 'o', 'n', 'e']",1817,2
1687,,CASSQEDSSYNEQFF,,,,,,0.00012983640612827837,None,subset_2.tsv,"['N', 'o', 'n', 'e']",1817,2
1332,,CASSPPEGSYNEQFF,,,,,,0.00012983640612827837,None,subset_2.tsv,"['N', 'o', 'n', 'e']",1818,3
4473,,CASSIDQGSYNEQFF,,,,,,0.00012983640612827837,None,subset_2.tsv,"['N', 'o', 'n', 'e']",1818,3
7001,,CASSINPGSYNEQFF,,,,,,0.00012983640612827837,None,subset_2.tsv,"['N', 'o', 'n', 'e']",1818,3
369,,CASSQPGGSYNEQFF,,,,,,0.00012983640612827837,None,subset_2.tsv,"['N', 'o', 'n', 'e']",1819,4
1539,,CASSQEGRSYNEQFF,,,,,,0.00012983640612827837,None,subset_2.tsv,"['N', 'o', 'n', 'e']",1819,4
4478,,CASSIDGSAYNEQFF,,,,,,0.00012983640612827837,None,subset_2.tsv,"['N', 'o', 'n', 'e']",1819,4
6867,,CASSLDGGNYNEQFF,,,,,,0.00012983640612827837,None,subset_2.tsv,"['N', 'o', 'n', 'e']",1819,4
1743,,CASSQDLAGYNEQFF,,,,,,0.00012983640612827837,None,subset_2.tsv,"['N', 'o', 'n', 'e']",1820,3
1820,,CASSQDSSSYNEQFF,,,,,,0.00012983640612827837,None,subset_2.tsv,"['N', 'o', 'n', 'e']",1820,3
7129,,CASSIYSGGYNEQFF,,,,,,0.00012983640612827837,None,subset_2.tsv,"['N', 'o', 'n', 'e']",1820,3
885,,CASSSPSSSYNEQFF,,,,,,0.00012983640612827837,None,subset_2.tsv,"['N', 'o', 'n', 'e']",1821,4
6613,,CASSLYKSSYNEQFF,,,,,,0.00012983640612827837,None,subset_2.tsv,"['N', 'o', 'n', 'e']",1821,4
7280,,CASSLKRDTYNEQFF,,,,,,0.00012983640612827837,None,subset_2.tsv,"['N', 'o', 'n', 'e']",1821,4
7341,,CASSLHLLSYNEQFF,,,,,,0.00012983640612827837,None,subset_2.tsv,"['N', 'o', 'n', 'e']",1821,4
2884,,CASSWGQTFYNEQFF,,,,,,0.00012983640612827837,None,subset_2.tsv,"['N', 'o', 'n', 'e']",1822,2
6272,,CASSPAQGFYNEQFF,,,,,,0.00012983640612827837,None,subset_2.tsv,"['N', 'o', 'n', 'e']",1822,2
5817,,CASSLSQGPYNEQFF,,,,,,0.00012983640612827837,None,subset_2.tsv,"['N', 'o', 'n', 'e']",1823,2
6102,,CASSLRQGFYNEQFF,,,,,,0.00012983640612827837,None,subset_2.tsv,"['N', 'o', 'n', 'e']",1823,2
5844,,CASSLVAGANNEQFF,,,,,,0.00012983640612827837,None,subset_2.tsv,"['N', 'o', 'n', 'e']",1825,4
5873,,CASSLVAGSYNEQFF,,,,,,0.00012983640612827837,None,subset_2.tsv,"['N', 'o', 'n', 'e']",1825,4
6075,,CASSLNAGLNNEQFF,,,,,,0.00012983640612827837,None,subset_2.tsv,"['N', 'o', 'n', 'e']",1825,4
6462,,CASSLWASAYNEQFF,,,,,,0.00012983640612827837,None,subset_2.tsv,"['N', 'o', 'n', 'e']",1825,4
456,,CASSQVAGDYNEQFF,,,,,,0.00012983640612827837,None,subset_2.tsv,"['N', 'o', 'n', 'e']",1826,2
1151,,CASSQAAGDNEKLFF,,,,,,0.00012983640612827837,None,subset_2.tsv,"['N', 'o', 'n', 'e']",1826,2
3763,,CASTAWENSYNEQFF,,,,,,0.00012983640612827837,None,subset_2.tsv,"['N', 'o', 'n', 'e']",1827,4
4098,,CASSDHDSSYNEQFF,,,,,,0.00012983640612827837,None,subset_2.tsv,"['N', 'o', 'n', 'e']",1827,4
4129,,CASSARVGSYNEQFF,,,,,,0.00012983640612827837,None,subset_2.tsv,"['N', 'o', 'n', 'e']",1827,4
4160,,CASSAYKSSYNEQFF,,,,,,0.00012983640612827837,None,subset_2.tsv,"['N', 'o', 'n', 'e']",1827,4
3502,,CASWGLADSYNEQFF,,,,,,0.00012983640612827837,None,subset_2.tsv,"['N', 'o', 'n', 'e']",1828,2
4665,,CASSGEQSSYNEQFF,,,,,,0.00012983640612827837,None,subset_2.tsv,"['N', 'o', 'n', 'e']",1828,2
1306,,CASSPLDSSYNEQFF,,,,,,0.00012983640612827837,None,subset_2.tsv,"['N', 'o', 'n', 'e']",1829,5
3103,,CASSYGESSYNEQFF,,,,,,0.00012983640612827837,None,subset_2.tsv,"['N', 'o', 'n', 'e']",1829,5
3700,,CASSYRERNYNEQFF,,,,,,0.00012983640612827837,None,subset_2.tsv,"['N', 'o', 'n', 'e']",1829,5
4548,,CASSFRDASYNEQFF,,,,,,0.00012983640612827837,None,subset_2.tsv,"['N', 'o', 'n', 'e']",1829,5
4630,,CASSFLPRAYNEQFF,,,,,,0.00012983640612827837,None,subset_2.tsv,"['N', 'o', 'n', 'e']",1829,5
4928,,CASMNRASSYNEQFF,,,,,,0.00012983640612827837,None,subset_2.tsv,"['N', 'o', 'n', 'e']",1830,2
6926,,CASSIRAASYNEQFF,,,,,,0.00012983640612827837,None,subset_2.tsv,"['N', 'o', 'n', 'e']",1830,2
1309,,CASSPLAVTYNEQFF,,,,,,0.00012983640612827837,None,subset_2.tsv,"['N', 'o', 'n', 'e']",1831,2
3846,,CASSETANSYNEQFF,,,,,,0.00012983640612827837,None,subset_2.tsv,"['N', 'o', 'n', 'e']",1831,2
1345,,CASSPQSGAYNEQFF,,,,,,0.00012983640612827837,None,subset_2.tsv,"['N', 'o', 'n', 'e']",1832,3
2270,,CATSDMAGVYNEQFF,,,,,,0.00012983640612827837,None,subset_2.tsv,"['N', 'o', 'n', 'e']",1832,3
5041,,CAISDRGGAYNEQFF,,,,,,0.00012983640612827837,None,subset_2.tsv,"['N', 'o', 'n', 'e']",1832,3
549,,CASSSVSGNHNEQFF,,,,,,0.00012983640612827837,None,subset_2.tsv,"['N', 'o', 'n', 'e']",1833,4
1989,,CAWSVTSGAYNEQFF,,,,,,0.00012983640612827837,None,subset_2.tsv,"['N', 'o', 'n', 'e']",1833,4
2328,,CATSVIAGDNNEQFF,,,,,,0.00012983640612827837,None,subset_2.tsv,"['N', 'o', 'n', 'e']",1833,4
4171,,CASSATSGVYNEQFF,,,,,,0.00012983640612827837,None,subset_2.tsv,"['N', 'o', 'n', 'e']",1833,4
6835,,CASSLEGGDYNEQFF,,,,,,0.00012983640612827837,None,subset_2.tsv,"['N', 'o', 'n', 'e']",1835,2
7362,,CASSLIPGPYNEQFF,,,,,,0.00012983640612827837,None,subset_2.tsv,"['N', 'o', 'n', 'e']",1835,2
349,,CASSQIRGPYNEQFF,,,,,,0.00012983640612827837,None,subset_2.tsv,"['N', 'o', 'n', 'e']",1836,2
498,,CASSQVGAQYNEQFF,,,,,,0.00012983640612827837,None,subset_2.tsv,"['N', 'o', 'n', 'e']",1836,2
4904,,CASLWLRGEYNEQFF,,,,,,0.00012983640612827837,None,subset_2.tsv,"['N', 'o', 'n', 'e']",1837,3
6020,,CASSLLWAEYNEQFF,,,,,,0.00012983640612827837,None,subset_2.tsv,"['N', 'o', 'n', 'e']",1837,3
7095,,CASSITGGDYNEQFF,,,,,,0.00012983640612827837,None,subset_2.tsv,"['N', 'o', 'n', 'e']",1837,3
6726,,CASSLATDIKNEQFF,,,,,,0.00012983640612827837,None,subset_2.tsv,"['N', 'o', 'n', 'e']",1838,2
6764,,CASSLALVPHNEQFF,,,,,,0.00012983640612827837,None,subset_2.tsv,"['N', 'o', 'n', 'e']",1838,2
1471,,CASSQETEIYNEQFF,,,,,,0.00012983640612827837,None,subset_2.tsv,"['N', 'o', 'n', 'e']",1839,2
6928,,CASSIQTDLPTEAFF,,,,,,0.00012983640612827837,None,subset_2.tsv,"['N', 'o', 'n', 'e']",1839,2
5993,,CASSLQGAIYNEQFF,,,,,,0.00012983640612827837,None,subset_2.tsv,"['N', 'o', 'n', 'e']",1840,4
5995,,CASSLQGAFEDEQYF,,,,,,0.00012983640612827837,None,subset_2.tsv,"['N', 'o', 'n', 'e']",1840,4
6760,,CASSLAGTDYNEQFF,,,,,,0.00012983640612827837,None,subset_2.tsv,"['N', 'o', 'n', 'e']",1840,4
7347,,CASSLIGILYNEQFF,,,,,,0.00012983640612827837,None,subset_2.tsv,"['N', 'o', 'n', 'e']",1840,4
237,,CASSRQGILYNEQFF,,,,,,0.00012983640612827837,None,subset_2.tsv,"['N', 'o', 'n', 'e']",1841,3
783,,CASSSLGEFYNEQFF,,,,,,0.00012983640612827837,None,subset_2.tsv,"['N', 'o', 'n', 'e']",1841,3
4379,,CASSGLGARETEQFF,,,,,,0.00012983640612827837,None,subset_2.tsv,"['N', 'o', 'n', 'e']",1841,3
1239,,CASSPLGGSYNEQFF,,,,,,0.00012983640612827837,None,subset_2.tsv,"['N', 'o', 'n', 'e']",1842,2
4494,,CASSHLGSSYNEQFF,,,,,,0.00012983640612827837,None,subset_2.tsv,"['N', 'o', 'n', 'e']",1842,2
1186,,CASSPTSGGYNEQFF,,,,,,0.00012983640612827837,None,subset_2.tsv,"['N', 'o', 'n', 'e']",1843,3
1191,,CASSPVGGGYNEQFF,,,,,,0.00012983640612827837,None,subset_2.tsv,"['N', 'o', 'n', 'e']",1843,3
1323,,CASSPKGGSYNEQFF,,,,,,0.00012983640612827837,None,subset_2.tsv,"['N', 'o', 'n', 'e']",1843,3
4233,,CASSEGGGSYNEQFF,,,,,,0.00012983640612827837,None,subset_2.tsv,"['N', 'o', 'n', 'e']",1844,2
5028,,CAISEGTGSYNEQFF,,,,,,0.00012983640612827837,None,subset_2.tsv,"['N', 'o', 'n', 'e']",1844,2
1036,,CASSPSGGDYNEQFF,,,,,,0.00012983640612827837,None,subset_2.tsv,"['N', 'o', 'n', 'e']",1845,4
3358,,CASTPGTSAYNEQFF,,,,,,0.00012983640612827837,None,subset_2.tsv,"['N', 'o', 'n', 'e']",1845,4
4056,,CASSFGGGAYNEQFF,,,,,,0.00012983640612827837,None,subset_2.tsv,"['N', 'o', 'n', 'e']",1845,4
6365,,CASSPGTGYYNEQFF,,,,,,0.00012983640612827837,None,subset_2.tsv,"['N', 'o', 'n', 'e']",1845,4
3027,,CASSYGTSGYNEQFF,,,,,,0.00012983640612827837,None,subset_2.tsv,"['N', 'o', 'n', 'e']",1846,4
3818,,CASSYSTSGDNEQFF,,,,,,0.00012983640612827837,None,subset_2.tsv,"['N', 'o', 'n', 'e']",1846,4
3850,,CASSESTGGPNEQFF,,,,,,0.00012983640612827837,None,subset_2.tsv,"['N', 'o', 'n', 'e']",1846,4
6371,,CASSPGTGGYDEQFF,,,,,,0.00012983640612827837,None,subset_2.tsv,"['N', 'o', 'n', 'e']",1846,4
3615,,CASSYSAGRDNEQFF,,,,,,0.00012983640612827837,None,subset_2.tsv,"['N', 'o', 'n', 'e']",1847,4
3628,,CASSYSKGTYNEQFF,,,,,,0.00012983640612827837,None,subset_2.tsv,"['N', 'o', 'n', 'e']",1847,4
3778,,CASSYSRGSYNEQFF,,,,,,0.00012983640612827837,None,subset_2.tsv,"['N', 'o', 'n', 'e']",1847,4
3951,,CASSFASGTYNEQFF,,,,,,0.00012983640612827837,None,subset_2.tsv,"['N', 'o', 'n', 'e']",1847,4
6113,,CASSLSGATYNEQFF,,,,,,0.00012983640612827837,None,subset_2.tsv,"['N', 'o', 'n', 'e']",1848,5
7145,,CASSLGTGNYNEQFF,,,,,,0.00012983640612827837,None,subset_2.tsv,"['N', 'o', 'n', 'e']",1848,5
7234,,CASSLGRTLYNEQFF,,,,,,0.00012983640612827837,None,subset_2.tsv,"['N', 'o', 'n', 'e']",1848,5
7554,,CASSLGGSSYNEQFF,,,,,,0.00012983640612827837,None,subset_2.tsv,"['N', 'o', 'n', 'e']",1848,5
7567,,CASSLGGGSYNEQFF,,,,,,0.00012983640612827837,None,subset_2.tsv,"['N', 'o', 'n', 'e']",1848,5
17,,CASSLLGSSYNEQFF,,,,,,0.00025967281225655674,None,subset_2.tsv,"['N', 'o', 'n', 'e']",1849,4
2956,,CASSVTGSSYNEQFF,,,,,,0.00012983640612827837,None,subset_2.tsv,"['N', 'o', 'n', 'e']",1849,4
5931,,CASSLTGVSYNEQFF,,,,,,0.00012983640612827837,None,subset_2.tsv,"['N', 'o', 'n', 'e']",1849,4
7322,,CASSLIGGSYNEQFF,,,,,,0.00012983640612827837,None,subset_2.tsv,"['N', 'o', 'n', 'e']",1849,4
618,,CASSSSGSSYNEQFF,,,,,,0.00012983640612827837,None,subset_2.tsv,"['N', 'o', 'n', 'e']",1850,5
682,,CASSTAGGSYNEQFF,,,,,,0.00012983640612827837,None,subset_2.tsv,"['N', 'o', 'n', 'e']",1850,5
3117,,CASSVSGSSYNEQFF,,,,,,0.00012983640612827837,None,subset_2.tsv,"['N', 'o', 'n', 'e']",1850,5
5400,,CASSAMGGSYNEQFF,,,,,,0.00012983640612827837,None,subset_2.tsv,"['N', 'o', 'n', 'e']",1850,5
7109,,CASSISGSSYNEQFF,,,,,,0.00012983640612827837,None,subset_2.tsv,"['N', 'o', 'n', 'e']",1850,5
319,,CASSQSGTREYEQYF,,,,,,0.00012983640612827837,None,subset_2.tsv,"['N', 'o', 'n', 'e']",1851,3
321,,CASSQSGNAYNEQFF,,,,,,0.00012983640612827837,None,subset_2.tsv,"['N', 'o', 'n', 'e']",1851,3
1765,,CASSQARTLNNEQFF,,,,,,0.00012983640612827837,None,subset_2.tsv,"['N', 'o', 'n', 'e']",1851,3
2042,,CAYRPSGESYNEQFF,,,,,,0.00012983640612827837,None,subset_2.tsv,"['N', 'o', 'n', 'e']",1852,3
3407,,CASTPSGASYNEQFF,,,,,,0.00012983640612827837,None,subset_2.tsv,"['N', 'o', 'n', 'e']",1852,3
4800,,CASGPTGSSYNEQFF,,,,,,0.00012983640612827837,None,subset_2.tsv,"['N', 'o', 'n', 'e']",1852,3
3179,,CASSTTGFSYNEQFF,,,,,,0.00012983640612827837,None,subset_2.tsv,"['N', 'o', 'n', 'e']",1853,2
4776,,CASSARGNGNNEQFF,,,,,,0.00012983640612827837,None,subset_2.tsv,"['N', 'o', 'n', 'e']",1853,2
3091,,CASSYGGYSYNEQFF,,,,,,0.00012983640612827837,None,subset_2.tsv,"['N', 'o', 'n', 'e']",1854,4
3599,,CASSYSGASYNEQFF,,,,,,0.00012983640612827837,None,subset_2.tsv,"['N', 'o', 'n', 'e']",1854,4
4742,,CASSFSGVRNNEQFF,,,,,,0.00012983640612827837,None,subset_2.tsv,"['N', 'o', 'n', 'e']",1854,4
6910,,CASSIRGRGYNEQFF,,,,,,0.00012983640612827837,None,subset_2.tsv,"['N', 'o', 'n', 'e']",1854,4
35,,CASSQDPRATDTQYF,,,,,,0.00025967281225655674,None,subset_2.tsv,"['N', 'o', 'n', 'e']",1855,3
1872,,CASSQDPTSGETQYF,,,,,,0.00012983640612827837,None,subset_2.tsv,"['N', 'o', 'n', 'e']",1855,3
6811,,CASSLDRVAADTQYF,,,,,,0.00012983640612827837,None,subset_2.tsv,"['N', 'o', 'n', 'e']",1855,3
368,,CASSQPGLAGDTQYF,,,,,,0.00012983640612827837,None,subset_2.tsv,"['N', 'o', 'n', 'e']",1856,2
1507,,CASSQFGLAADTQYF,,,,,,0.00012983640612827837,None,subset_2.tsv,"['N', 'o', 'n', 'e']",1856,2
1864,,CASSQDRTPGDTQYF,,,,,,0.00012983640612827837,None,subset_2.tsv,"['N', 'o', 'n', 'e']",1857,2
1902,,CASSQDRPRVDTQYF,,,,,,0.00012983640612827837,None,subset_2.tsv,"['N', 'o', 'n', 'e']",1857,2
1717,,CASSQDKRLSYEQYF,,,,,,0.00012983640612827837,None,subset_2.tsv,"['N', 'o', 'n', 'e']",1858,3
1796,,CASSQDDHGSNEQYF,,,,,,0.00012983640612827837,None,subset_2.tsv,"['N', 'o', 'n', 'e']",1858,3
1874,,CASSQDPSRTYEQYF,,,,,,0.00012983640612827837,None,subset_2.tsv,"['N', 'o', 'n', 'e']",1858,3
418,,CASSQYFRATNEQFF,,,,,,0.00012983640612827837,None,subset_2.tsv,"['N', 'o', 'n', 'e']",1859,4
1786,,CASSQDGAAGDEQFF,,,,,,0.00012983640612827837,None,subset_2.tsv,"['N', 'o', 'n', 'e']",1859,4
1898,,CASSQDRRVGGEQYF,,,,,,0.00012983640612827837,None,subset_2.tsv,"['N', 'o', 'n', 'e']",1859,4
4357,,CASSHDRAWGNEQFF,,,,,,0.00012983640612827837,None,subset_2.tsv,"['N', 'o', 'n', 'e']",1859,4
1698,,CASSQDHPGGRGYTF,,,,,,0.00012983640612827837,None,subset_2.tsv,"['N', 'o', 'n', 'e']",1860,2
1699,,CASSQDHNRGQGYTF,,,,,,0.00012983640612827837,None,subset_2.tsv,"['N', 'o', 'n', 'e']",1860,2
1828,,CASSQDSAGGREQYF,,,,,,0.00012983640612827837,None,subset_2.tsv,"['N', 'o', 'n', 'e']",1862,2
1881,,CASSQDRSGGGEQYF,,,,,,0.00012983640612827837,None,subset_2.tsv,"['N', 'o', 'n', 'e']",1862,2
1514,,CASSQEGQGGTEAFF,,,,,,0.00012983640612827837,None,subset_2.tsv,"['N', 'o', 'n', 'e']",1863,2
1900,,CASSQDRQGGDEQYF,,,,,,0.00012983640612827837,None,subset_2.tsv,"['N', 'o', 'n', 'e']",1863,2
336,,CASSQLGLAGDEQFF,,,,,,0.00012983640612827837,None,subset_2.tsv,"['N', 'o', 'n', 'e']",1864,4
6176,,CASSLRGLAGNEQFF,,,,,,0.00012983640612827837,None,subset_2.tsv,"['N', 'o', 'n', 'e']",1864,4
6523,,CASSLVILAGNEQFF,,,,,,0.00012983640612827837,None,subset_2.tsv,"['N', 'o', 'n', 'e']",1864,4
6750,,CASSLAGLAGGELFF,,,,,,0.00012983640612827837,None,subset_2.tsv,"['N', 'o', 'n', 'e']",1864,4
3232,,CASSVAGGIGNEQFF,,,,,,0.00012983640612827837,None,subset_2.tsv,"['N', 'o', 'n', 'e']",1865,2
7131,,CASSIYGGAGNEQFF,,,,,,0.00012983640612827837,None,subset_2.tsv,"['N', 'o', 'n', 'e']",1865,2
2000,,CAWSVYGGGRDEQFF,,,,,,0.00012983640612827837,None,subset_2.tsv,"['N', 'o', 'n', 'e']",1866,2
6623,,CASSLYGGGGWEQYF,,,,,,0.00012983640612827837,None,subset_2.tsv,"['N', 'o', 'n', 'e']",1866,2
3223,,CASSVAGTSGYEQYF,,,,,,0.00012983640612827837,None,subset_2.tsv,"['N', 'o', 'n', 'e']",1867,2
6780,,CASSLAGTSGYEQYF,,,,,,0.00012983640612827837,None,subset_2.tsv,"['N', 'o', 'n', 'e']",1867,2
6025,,CASSLMGGSSNEQFF,,,,,,0.00012983640612827837,None,subset_2.tsv,"['N', 'o', 'n', 'e']",1868,3
6758,,CASSLAGSSGNEQFF,,,,,,0.00012983640612827837,None,subset_2.tsv,"['N', 'o', 'n', 'e']",1868,3
6777,,CASSLAGWSGIEQFF,,,,,,0.00012983640612827837,None,subset_2.tsv,"['N', 'o', 'n', 'e']",1868,3
3138,,CASSVDGRVGNTIYF,,,,,,0.00012983640612827837,None,subset_2.tsv,"['N', 'o', 'n', 'e']",1869,2
5335,,CASRPPGTAGNIQYF,,,,,,0.00012983640612827837,None,subset_2.tsv,"['N', 'o', 'n', 'e']",1869,2
1119,,CASSPWGLAGGMQFF,,,,,,0.00012983640612827837,None,subset_2.tsv,"['N', 'o', 'n', 'e']",1870,2
1395,,CASSPPGTAGSEQYF,,,,,,0.00012983640612827837,None,subset_2.tsv,"['N', 'o', 'n', 'e']",1870,2
1270,,CASSPMGVGGNTIYF,,,,,,0.00012983640612827837,None,subset_2.tsv,"['N', 'o', 'n', 'e']",1872,3
1426,,CASSPQGAGGNTIYF,,,,,,0.00012983640612827837,None,subset_2.tsv,"['N', 'o', 'n', 'e']",1872,3
4196,,CASSEEGSSGNTIYF,,,,,,0.00012983640612827837,None,subset_2.tsv,"['N', 'o', 'n', 'e']",1872,3
1776,,CASSQAYSSGNTIYF,,,,,,0.00012983640612827837,None,subset_2.tsv,"['N', 'o', 'n', 'e']",1873,3
3121,,CASSVDVSSGNTIYF,,,,,,0.00012983640612827837,None,subset_2.tsv,"['N', 'o', 'n', 'e']",1873,3
6654,,CASSMDPSSGNTIYF,,,,,,0.00012983640612827837,None,subset_2.tsv,"['N', 'o', 'n', 'e']",1873,3
279,,CASSQRLAGDGELFF,,,,,,0.00012983640612827837,None,subset_2.tsv,"['N', 'o', 'n', 'e']",1874,3
1052,,CASSPRLAGTGELFF,,,,,,0.00012983640612827837,None,subset_2.tsv,"['N', 'o', 'n', 'e']",1874,3
4594,,CASSFRLAGTGELFF,,,,,,0.00012983640612827837,None,subset_2.tsv,"['N', 'o', 'n', 'e']",1874,3
693,,CASSTFSSGRTEAFF,,,,,,0.00012983640612827837,None,subset_2.tsv,"['N', 'o', 'n', 'e']",1875,2
2989,,CASSVWSSGAGELFF,,,,,,0.00012983640612827837,None,subset_2.tsv,"['N', 'o', 'n', 'e']",1875,2
4595,,CASSFRLAGGREQYF,,,,,,0.00012983640612827837,None,subset_2.tsv,"['N', 'o', 'n', 'e']",1876,2
4596,,CASSFRLAGADEQFF,,,,,,0.00012983640612827837,None,subset_2.tsv,"['N', 'o', 'n', 'e']",1876,2
3877,,CASSEWASGANEQFF,,,,,,0.00012983640612827837,None,subset_2.tsv,"['N', 'o', 'n', 'e']",1877,2
5311,,CASRPTAAGVTEQFF,,,,,,0.00012983640612827837,None,subset_2.tsv,"['N', 'o', 'n', 'e']",1877,2
2167,,CATSFRTSGGNEQFF,,,,,,0.00012983640612827837,None,subset_2.tsv,"['N', 'o', 'n', 'e']",1878,4
4269,,CASSDQTSGGNEQFF,,,,,,0.00012983640612827837,None,subset_2.tsv,"['N', 'o', 'n', 'e']",1878,4
4277,,CASSDSTSGSNEQFF,,,,,,0.00012983640612827837,None,subset_2.tsv,"['N', 'o', 'n', 'e']",1878,4
4619,,CASSFKTSGTNEQFF,,,,,,0.00012983640612827837,None,subset_2.tsv,"['N', 'o', 'n', 'e']",1878,4
1349,,CASSPQLAGGREQYF,,,,,,0.00012983640612827837,None,subset_2.tsv,"['N', 'o', 'n', 'e']",1879,3
1350,,CASSPQLAGGNEQFF,,,,,,0.00012983640612827837,None,subset_2.tsv,"['N', 'o', 'n', 'e']",1879,3
4192,,CASSEEMSGRNEQFF,,,,,,0.00012983640612827837,None,subset_2.tsv,"['N', 'o', 'n', 'e']",1879,3
1221,,CASSPLRLGWNEQFF,,,,,,0.00012983640612827837,None,subset_2.tsv,"['N', 'o', 'n', 'e']",1880,2
6279,,CASSPAGNGDNEQFF,,,,,,0.00012983640612827837,None,subset_2.tsv,"['N', 'o', 'n', 'e']",1880,2
3163,,CASSVEDLGGNEQFF,,,,,,0.00012983640612827837,None,subset_2.tsv,"['N', 'o', 'n', 'e']",1881,2
3706,,CASSYQPVGHNEQFF,,,,,,0.00012983640612827837,None,subset_2.tsv,"['N', 'o', 'n', 'e']",1881,2
2390,,CATSREVVGPGELFF,,,,,,0.00012983640612827837,None,subset_2.tsv,"['N', 'o', 'n', 'e']",1882,2
4100,,CASSDIGEGTGELFF,,,,,,0.00012983640612827837,None,subset_2.tsv,"['N', 'o', 'n', 'e']",1882,2
2306,,CATSSEGDTNEKLFF,,,,,,0.00012983640612827837,None,subset_2.tsv,"['N', 'o', 'n', 'e']",1884,3
2927,,CASSWQTDANEKLFF,,,,,,0.00012983640612827837,None,subset_2.tsv,"['N', 'o', 'n', 'e']",1884,3
5501,,CASRAQGATNEKLFF,,,,,,0.00012983640612827837,None,subset_2.tsv,"['N', 'o', 'n', 'e']",1884,3
2213,,CATSGVPTTNEKLFF,,,,,,0.00012983640612827837,None,subset_2.tsv,"['N', 'o', 'n', 'e']",1885,2
4373,,CASSGLVVTNEKLFF,,,,,,0.00012983640612827837,None,subset_2.tsv,"['N', 'o', 'n', 'e']",1885,2
385,,CASSQTGANNEKLFF,,,,,,0.00012983640612827837,None,subset_2.tsv,"['N', 'o', 'n', 'e']",1887,4
5182,,CASGETGTSNEKLFF,,,,,,0.00012983640612827837,None,subset_2.tsv,"['N', 'o', 'n', 'e']",1887,4
5360,,CASRQKGARNEKLFF,,,,,,0.00012983640612827837,None,subset_2.tsv,"['N', 'o', 'n', 'e']",1887,4
7092,,CASSITGTTNEKLFF,,,,,,0.00012983640612827837,None,subset_2.tsv,"['N', 'o', 'n', 'e']",1887,4
1236,,CASSPLGQGREKLFF,,,,,,0.00012983640612827837,None,subset_2.tsv,"['N', 'o', 'n', 'e']",1888,2
4604,,CASSFLGQGNEKLFF,,,,,,0.00012983640612827837,None,subset_2.tsv,"['N', 'o', 'n', 'e']",1888,2
1169,,CASSPTLTGTEKLFF,,,,,,0.00012983640612827837,None,subset_2.tsv,"['N', 'o', 'n', 'e']",1889,5
1188,,CASSPVGTTNEKLFF,,,,,,0.00012983640612827837,None,subset_2.tsv,"['N', 'o', 'n', 'e']",1889,5
3859,,CASSESGVGNEKLFF,,,,,,0.00012983640612827837,None,subset_2.tsv,"['N', 'o', 'n', 'e']",1889,5
3868,,CASSFAGWVNEKLFF,,,,,,0.00012983640612827837,None,subset_2.tsv,"['N', 'o', 'n', 'e']",1889,5
4445,,CASSHSRTTNEKLFF,,,,,,0.00012983640612827837,None,subset_2.tsv,"['N', 'o', 'n', 'e']",1889,5
1486,,CASSQGEGGTGELFF,,,,,,0.00012983640612827837,None,subset_2.tsv,"['N', 'o', 'n', 'e']",1890,2
1640,,CASSQGIGGAGELFF,,,,,,0.00012983640612827837,None,subset_2.tsv,"['N', 'o', 'n', 'e']",1890,2
307,,CASSQSVGGLNEKLFF,,,,,,0.00012983640612827837,None,subset_2.tsv,"['N', 'o', 'n', 'e']",1891,3
478,,CASSQVKGTGSEKLFF,,,,,,0.00012983640612827837,None,subset_2.tsv,"['N', 'o', 'n', 'e']",1891,3
480,,CASSQVHRGGREKLFF,,,,,,0.00012983640612827837,None,subset_2.tsv,"['N', 'o', 'n', 'e']",1891,3
485,,CASSQVGSNLNNEQFF,,,,,,0.00012983640612827837,None,subset_2.tsv,"['N', 'o', 'n', 'e']",1892,3
496,,CASSQVGGRTNEKLFF,,,,,,0.00012983640612827837,None,subset_2.tsv,"['N', 'o', 'n', 'e']",1892,3
1543,,CASSQERGLPNEKLFF,,,,,,0.00012983640612827837,None,subset_2.tsv,"['N', 'o', 'n', 'e']",1892,3
353,,CASSQHRGRTGELFF,,,,,,0.00012983640612827837,None,subset_2.tsv,"['N', 'o', 'n', 'e']",1893,2
1908,,CASSQDRGNTGELFF,,,,,,0.00012983640612827837,None,subset_2.tsv,"['N', 'o', 'n', 'e']",1893,2
4934,,CASNLAGGGTGELFF,,,,,,0.00012983640612827837,None,subset_2.tsv,"['N', 'o', 'n', 'e']",1895,3
5959,,CASSLSGGGTGELFF,,,,,,0.00012983640612827837,None,subset_2.tsv,"['N', 'o', 'n', 'e']",1895,3
6678,,CASSLARGTTGELFF,,,,,,0.00012983640612827837,None,subset_2.tsv,"['N', 'o', 'n', 'e']",1895,3
6151,,CASSLQGSGYNEQFF,,,,,,0.00012983640612827837,None,subset_2.tsv,"['N', 'o', 'n', 'e']",1896,2
6153,,CASSLQGSGTGELFF,,,,,,0.00012983640612827837,None,subset_2.tsv,"['N', 'o', 'n', 'e']",1896,2
6434,,CASSLVTGRDDEQFF,,,,,,0.00012983640612827837,None,subset_2.tsv,"['N', 'o', 'n', 'e']",1897,3
6446,,CASSLVTSGIIEQFF,,,,,,0.00012983640612827837,None,subset_2.tsv,"['N', 'o', 'n', 'e']",1897,3
6550,,CASSLWTGGETEAFF,,,,,,0.00012983640612827837,None,subset_2.tsv,"['N', 'o', 'n', 'e']",1897,3
5853,,CASSLTTGGRNEQFF,,,,,,0.00012983640612827837,None,subset_2.tsv,"['N', 'o', 'n', 'e']",1898,3
5865,,CASSLTSGGYNEQFF,,,,,,0.00012983640612827837,None,subset_2.tsv,"['N', 'o', 'n', 'e']",1898,3
5928,,CASSLTGGGYNEQFF,,,,,,0.00012983640612827837,None,subset_2.tsv,"['N', 'o', 'n', 'e']",1898,3
6689,,CASSLAPSGVDEQFF,,,,,,0.00012983640612827837,None,subset_2.tsv,"['N', 'o', 'n', 'e']",1899,2
6706,,CASSLAWSGEGEQFF,,,,,,0.00012983640612827837,None,subset_2.tsv,"['N', 'o', 'n', 'e']",1899,2
489,,CASSQVGLGLDEQFF,,,,,,0.00012983640612827837,None,subset_2.tsv,"['N', 'o', 'n', 'e']",1900,3
1778,,CASSQAYTGADEQFF,,,,,,0.00012983640612827837,None,subset_2.tsv,"['N', 'o', 'n', 'e']",1900,3
6748,,CASSLAGLGVNEQFF,,,,,,0.00012983640612827837,None,subset_2.tsv,"['N', 'o', 'n', 'e']",1900,3
1571,,CASSQGSAGGNEQFF,,,,,,0.00012983640612827837,None,subset_2.tsv,"['N', 'o', 'n', 'e']",1902,3
1617,,CASSQGTSGSDEQFF,,,,,,0.00012983640612827837,None,subset_2.tsv,"['N', 'o', 'n', 'e']",1902,3
4972,,CASIQGTSGNNEQFF,,,,,,0.00012983640612827837,None,subset_2.tsv,"['N', 'o', 'n', 'e']",1902,3
1129,,CASSQALAGGHEQFF,,,,,,0.00012983640612827837,None,subset_2.tsv,"['N', 'o', 'n', 'e']",1903,2
1760,,CASSQATGGGNEQFF,,,,,,0.00012983640612827837,None,subset_2.tsv,"['N', 'o', 'n', 'e']",1903,2
5969,,CASSLPGTGGSPLHF,,,,,,0.00012983640612827837,None,subset_2.tsv,"['N', 'o', 'n', 'e']",1905,2
7141,,CASSLEGQGGSPLHF,,,,,,0.00012983640612827837,None,subset_2.tsv,"['N', 'o', 'n', 'e']",1905,2
1470,,CASSQETFTGSPLHF,,,,,,0.00012983640612827837,None,subset_2.tsv,"['N', 'o', 'n', 'e']",1906,2
1784,,CASSQDGDSGANVLTF,,,,,,0.00012983640612827837,None,subset_2.tsv,"['N', 'o', 'n', 'e']",1906,2
7310,,CASSLLGPLSGPQHF,,,,,,0.00012983640612827837,None,subset_2.tsv,"['N', 'o', 'n', 'e']",1907,2
7521,,CASSLGGTVVSPLHF,,,,,,0.00012983640612827837,None,subset_2.tsv,"['N', 'o', 'n', 'e']",1907,2
6738,,CASSLAGPVTGEQFF,,,,,,0.00012983640612827837,None,subset_2.tsv,"['N', 'o', 'n', 'e']",1908,2
6742,,CASSLAGPHTGELFF,,,,,,0.00012983640612827837,None,subset_2.tsv,"['N', 'o', 'n', 'e']",1908,2
5883,,CASSLVGADAGEQFF,,,,,,0.00012983640612827837,None,subset_2.tsv,"['N', 'o', 'n', 'e']",1909,2
6076,,CASSLQGAVSGELFF,,,,,,0.00012983640612827837,None,subset_2.tsv,"['N', 'o', 'n', 'e']",1909,2
1535,,CASSQEEIVSGELFF,,,,,,0.00012983640612827837,None,subset_2.tsv,"['N', 'o', 'n', 'e']",1910,3
1686,,CASSQEEAGTGELFF,,,,,,0.00012983640612827837,None,subset_2.tsv,"['N', 'o', 'n', 'e']",1910,3
7480,,CASSLEVQGTGELFF,,,,,,0.00012983640612827837,None,subset_2.tsv,"['N', 'o', 'n', 'e']",1910,3
1531,,CASSQEFWVLGELFF,,,,,,0.00012983640612827837,None,subset_2.tsv,"['N', 'o', 'n', 'e']",1911,3
1561,,CASSQELLSSGELFF,,,,,,0.00012983640612827837,None,subset_2.tsv,"['N', 'o', 'n', 'e']",1911,3
3920,,CASSENRDVTGELFF,,,,,,0.00012983640612827837,None,subset_2.tsv,"['N', 'o', 'n', 'e']",1911,3
1456,,CASSQEWDYIGELFF,,,,,,0.00012983640612827837,None,subset_2.tsv,"['N', 'o', 'n', 'e']",1912,2
1528,,CASSQEGDRNEKLFF,,,,,,0.00012983640612827837,None,subset_2.tsv,"['N', 'o', 'n', 'e']",1912,2
1472,,CASSQESYEGGELFF,,,,,,0.00012983640612827837,None,subset_2.tsv,"['N', 'o', 'n', 'e']",1913,2
1849,,CASSQEAEAGGEQFF,,,,,,0.00012983640612827837,None,subset_2.tsv,"['N', 'o', 'n', 'e']",1913,2
295,,CASSQPTTGANEKLFF,,,,,,0.00012983640612827837,None,subset_2.tsv,"['N', 'o', 'n', 'e']",1914,3
371,,CASSQPGAGFGEKLFF,,,,,,0.00012983640612827837,None,subset_2.tsv,"['N', 'o', 'n', 'e']",1914,3
1782,,CASSQDGDTDNEKLFF,,,,,,0.00012983640612827837,None,subset_2.tsv,"['N', 'o', 'n', 'e']",1914,3
1822,,CASSQDRTGKGELFF,,,,,,0.00012983640612827837,None,subset_2.tsv,"['N', 'o', 'n', 'e']",1915,4
2974,,CASSWDREGAGELFF,,,,,,0.00012983640612827837,None,subset_2.tsv,"['N', 'o', 'n', 'e']",1915,4
3715,,CASSYYGWGTGELFF,,,,,,0.00012983640612827837,None,subset_2.tsv,"['N', 'o', 'n', 'e']",1915,4
3944,,CASSEQGTGTGELFF,,,,,,0.00012983640612827837,None,subset_2.tsv,"['N', 'o', 'n', 'e']",1915,4
1195,,CASSPVEGANVLTF,,,,,,0.00012983640612827837,None,subset_2.tsv,"['N', 'o', 'n', 'e']",1917,2
5242,,CARQPLRGANVLTF,,,,,,0.00012983640612827837,None,subset_2.tsv,"['N', 'o', 'n', 'e']",1917,2
1243,,CASSPLYGSTAFF,,,,,,0.00012983640612827837,None,subset_2.tsv,"['N', 'o', 'n', 'e']",1918,2
4341,,CASSHGQGGAFF,,,,,,0.00012983640612827837,None,subset_2.tsv,"['N', 'o', 'n', 'e']",1918,2
2228,,CATSDGPGTGAFF,,,,,,0.00012983640612827837,None,subset_2.tsv,"['N', 'o', 'n', 'e']",1919,2
2254,,CATSDLEGTEAFF,,,,,,0.00012983640612827837,None,subset_2.tsv,"['N', 'o', 'n', 'e']",1919,2
3339,,CASSVGQGVRSFF,,,,,,0.00012983640612827837,None,subset_2.tsv,"['N', 'o', 'n', 'e']",1920,2
5453,,CASRWGQGAPYF,,,,,,0.00012983640612827837,None,subset_2.tsv,"['N', 'o', 'n', 'e']",1920,2
2890,,CASSWGQGSAYTF,,,,,,0.00012983640612827837,None,subset_2.tsv,"['N', 'o', 'n', 'e']",1922,2
5621,,CASRLGQGSGYTF,,,,,,0.00012983640612827837,None,subset_2.tsv,"['N', 'o', 'n', 'e']",1922,2
3017,,CASSYGQGWGYTF,,,,,,0.00012983640612827837,None,subset_2.tsv,"['N', 'o', 'n', 'e']",1923,4
3021,,CASSYGQGDSETQYF,,,,,,0.00012983640612827837,None,subset_2.tsv,"['N', 'o', 'n', 'e']",1923,4
4338,,CASSHGQGYGYTF,,,,,,0.00012983640612827837,None,subset_2.tsv,"['N', 'o', 'n', 'e']",1923,4
6406,,CASSPGQGQGYTF,,,,,,0.00012983640612827837,None,subset_2.tsv,"['N', 'o', 'n', 'e']",1923,4
135,,CASSRGPDNEQFF,,,,,,0.00012983640612827837,None,subset_2.tsv,"['N', 'o', 'n', 'e']",1924,4
3241,,CASSVLYLNEQFF,,,,,,0.00012983640612827837,None,subset_2.tsv,"['N', 'o', 'n', 'e']",1924,4
3328,,CASSVGLRSEQFF,,,,,,0.00012983640612827837,None,subset_2.tsv,"['N', 'o', 'n', 'e']",1924,4
6032,,CASSLLWINEQFF,,,,,,0.00012983640612827837,None,subset_2.tsv,"['N', 'o', 'n', 'e']",1924,4
54,,CASSLGPDNEQFF,,,,,,0.00025967281225655674,None,subset_2.tsv,"['N', 'o', 'n', 'e']",1925,5
5726,,CASSLSVVNEQFF,,,,,,0.00012983640612827837,None,subset_2.tsv,"['N', 'o', 'n', 'e']",1925,5
6125,,CASSLSALNEQFF,,,,,,0.00012983640612827837,None,subset_2.tsv,"['N', 'o', 'n', 'e']",1925,5
7232,,CASSLGQINEQFF,,,,,,0.00012983640612827837,None,subset_2.tsv,"['N', 'o', 'n', 'e']",1925,5
7346,,CASSLGWVNEQFF,,,,,,0.00012983640612827837,None,subset_2.tsv,"['N', 'o', 'n', 'e']",1925,5
2887,,CASSWGQNNEQFF,,,,,,0.00012983640612827837,None,subset_2.tsv,"['N', 'o', 'n', 'e']",1926,4
2906,,CASSWGDYNEQFF,,,,,,0.00012983640612827837,None,subset_2.tsv,"['N', 'o', 'n', 'e']",1926,4
3977,,CASSFGHYNEQFF,,,,,,0.00012983640612827837,None,subset_2.tsv,"['N', 'o', 'n', 'e']",1926,4
7110,,CASSISEYNEQFF,,,,,,0.00012983640612827837,None,subset_2.tsv,"['N', 'o', 'n', 'e']",1926,4
1488,,CASSQGDYNEQFF,,,,,,0.00012983640612827837,None,subset_2.tsv,"['N', 'o', 'n', 'e']",1927,3
1667,,CASSQGPYNEQFF,,,,,,0.00012983640612827837,None,subset_2.tsv,"['N', 'o', 'n', 'e']",1927,3
3396,,CASTQGFDNEQFF,,,,,,0.00012983640612827837,None,subset_2.tsv,"['N', 'o', 'n', 'e']",1927,3
984,,CASSPSPNGEQYF,,,,,,0.00012983640612827837,None,subset_2.tsv,"['N', 'o', 'n', 'e']",1928,2
7098,,CASSKGYNGEQYF,,,,,,0.00012983640612827837,None,subset_2.tsv,"['N', 'o', 'n', 'e']",1928,2
3962,,CASSFGQLHIEYF,,,,,,0.00012983640612827837,None,subset_2.tsv,"['N', 'o', 'n', 'e']",1929,2
4724,,CASSFSYQGPYMFF,,,,,,0.00012983640612827837,None,subset_2.tsv,"['N', 'o', 'n', 'e']",1929,2
5828,,CASSLSMVAPQHF,,,,,,0.00012983640612827837,None,subset_2.tsv,"['N', 'o', 'n', 'e']",1930,2
7529,,CASSLGPIASQFF,,,,,,0.00012983640612827837,None,subset_2.tsv,"['N', 'o', 'n', 'e']",1930,2
3267,,CASSVGDFRELFF,,,,,,0.00012983640612827837,None,subset_2.tsv,"['N', 'o', 'n', 'e']",1931,2
3323,,CASSVGEITPLHF,,,,,,0.00012983640612827837,None,subset_2.tsv,"['N', 'o', 'n', 'e']",1931,2
5820,,CASSLSQFSPLHF,,,,,,0.00012983640612827837,None,subset_2.tsv,"['N', 'o', 'n', 'e']",1932,2
6122,,CASSLSDWGPQHF,,,,,,0.00012983640612827837,None,subset_2.tsv,"['N', 'o', 'n', 'e']",1932,2
186,,CASSSGDNYEQYF,,,,,,0.00012983640612827837,None,subset_2.tsv,"['N', 'o', 'n', 'e']",1933,3
801,,CASSSGITYEQYF,,,,,,0.00012983640612827837,None,subset_2.tsv,"['N', 'o', 'n', 'e']",1933,3
974,,CASSSGKTYEQYF,,,,,,0.00012983640612827837,None,subset_2.tsv,"['N', 'o', 'n', 'e']",1933,3
65,,CASSLGLGYEQYF,,,,,,0.00025967281225655674,None,subset_2.tsv,"['N', 'o', 'n', 'e']",1934,6
5821,,CASSLSPSIEQYF,,,,,,0.00012983640612827837,None,subset_2.tsv,"['N', 'o', 'n', 'e']",1934,6
5823,,CASSLSPRHEQYF,,,,,,0.00012983640612827837,None,subset_2.tsv,"['N', 'o', 'n', 'e']",1934,6
5836,,CASSLSKSHEQYF,,,,,,0.00012983640612827837,None,subset_2.tsv,"['N', 'o', 'n', 'e']",1934,6
7227,,CASSLGPSYEQYF,,,,,,0.00012983640612827837,None,subset_2.tsv,"['N', 'o', 'n', 'e']",1934,6
7497,,CASSLGILYEQYF,,,,,,0.00012983640612827837,None,subset_2.tsv,"['N', 'o', 'n', 'e']",1934,6
571,,CASSSRWGYEQYF,,,,,,0.00012983640612827837,None,subset_2.tsv,"['N', 'o', 'n', 'e']",1935,3
4405,,CASSGRQGREQYF,,,,,,0.00012983640612827837,None,subset_2.tsv,"['N', 'o', 'n', 'e']",1935,3
4899,,CASMGRDSYEQYF,,,,,,0.00012983640612827837,None,subset_2.tsv,"['N', 'o', 'n', 'e']",1935,3
853,,CASSSGQGYEQYF,,,,,,0.00012983640612827837,None,subset_2.tsv,"['N', 'o', 'n', 'e']",1936,4
856,,CASSSGQGNEQYF,,,,,,0.00012983640612827837,None,subset_2.tsv,"['N', 'o', 'n', 'e']",1936,4
5006,,CASKIGQGYEQYF,,,,,,0.00012983640612827837,None,subset_2.tsv,"['N', 'o', 'n', 'e']",1936,4
7230,,CASSLGQGYEQFF,,,,,,0.00012983640612827837,None,subset_2.tsv,"['N', 'o', 'n', 'e']",1936,4
1661,,CASSQGQGGEQYF,,,,,,0.00012983640612827837,None,subset_2.tsv,"['N', 'o', 'n', 'e']",1937,4
1773,,CASSQAQGNEQYF,,,,,,0.00012983640612827837,None,subset_2.tsv,"['N', 'o', 'n', 'e']",1937,4
2935,,CASSWLQGSEQYF,,,,,,0.00012983640612827837,None,subset_2.tsv,"['N', 'o', 'n', 'e']",1937,4
7209,,CASSLGQGSEQYF,,,,,,0.00012983640612827837,None,subset_2.tsv,"['N', 'o', 'n', 'e']",1937,4
30,,CASSQSPGGTQYF,,,,,,0.00025967281225655674,None,subset_2.tsv,"['N', 'o', 'n', 'e']",1938,2
315,,CASSQSPGGMQYF,,,,,,0.00012983640612827837,None,subset_2.tsv,"['N', 'o', 'n', 'e']",1938,2
3866,,CASSFAPGNTIYF,,,,,,0.00012983640612827837,None,subset_2.tsv,"['N', 'o', 'n', 'e']",1939,2
7419,,CASSLGEGNTIYF,,,,,,0.00012983640612827837,None,subset_2.tsv,"['N', 'o', 'n', 'e']",1939,2
1568,,CASSQGFSWEQYF,,,,,,0.00012983640612827837,None,subset_2.tsv,"['N', 'o', 'n', 'e']",1940,4
1605,,CASSQGVVYEQYF,,,,,,0.00012983640612827837,None,subset_2.tsv,"['N', 'o', 'n', 'e']",1940,4
1635,,CASSQGISYEQYF,,,,,,0.00012983640612827837,None,subset_2.tsv,"['N', 'o', 'n', 'e']",1940,4
1680,,CASSQGLSNEQYF,,,,,,0.00012983640612827837,None,subset_2.tsv,"['N', 'o', 'n', 'e']",1940,4
74,,CASSYGVSYEQYF,,,,,,0.00025967281225655674,None,subset_2.tsv,"['N', 'o', 'n', 'e']",1941,5
3783,,CASSYSQSYEQYF,,,,,,0.00012983640612827837,None,subset_2.tsv,"['N', 'o', 'n', 'e']",1941,5
3809,,CASSYSYRNEQYF,,,,,,0.00012983640612827837,None,subset_2.tsv,"['N', 'o', 'n', 'e']",1941,5
3968,,CASSFGPRYEQYF,,,,,,0.00012983640612827837,None,subset_2.tsv,"['N', 'o', 'n', 'e']",1941,5
5600,,CASNYGPSYEQYF,,,,,,0.00012983640612827837,None,subset_2.tsv,"['N', 'o', 'n', 'e']",1941,5
4074,,CASSDGQGLEQYF,,,,,,0.00012983640612827837,None,subset_2.tsv,"['N', 'o', 'n', 'e']",1942,4
4340,,CASSHGQGREQYF,,,,,,0.00012983640612827837,None,subset_2.tsv,"['N', 'o', 'n', 'e']",1942,4
6389,,CASSPGQGSEQYF,,,,,,0.00012983640612827837,None,subset_2.tsv,"['N', 'o', 'n', 'e']",1942,4
6407,,CASSPGQGNEQYF,,,,,,0.00012983640612827837,None,subset_2.tsv,"['N', 'o', 'n', 'e']",1942,4
5031,,CAISEGQAYEQYF,,,,,,0.00012983640612827837,None,subset_2.tsv,"['N', 'o', 'n', 'e']",1943,3
6420,,CASSPGQAYEQYF,,,,,,0.00012983640612827837,None,subset_2.tsv,"['N', 'o', 'n', 'e']",1943,3
6422,,CASSPGQAAEQYF,,,,,,0.00012983640612827837,None,subset_2.tsv,"['N', 'o', 'n', 'e']",1943,3
1573,,CASSQGSYNEQFF,,,,,,0.00012983640612827837,None,subset_2.tsv,"['N', 'o', 'n', 'e']",1944,2
7156,,CASSLGSYNEQFF,,,,,,0.00012983640612827837,None,subset_2.tsv,"['N', 'o', 'n', 'e']",1944,2
1576,,CASSQGSTYEQYF,,,,,,0.00012983640612827837,None,subset_2.tsv,"['N', 'o', 'n', 'e']",1945,3
1643,,CASSQGGPYEQYF,,,,,,0.00012983640612827837,None,subset_2.tsv,"['N', 'o', 'n', 'e']",1945,3
4912,,CASKYGSYYEQYF,,,,,,0.00012983640612827837,None,subset_2.tsv,"['N', 'o', 'n', 'e']",1945,3
1608,,CASSQGVQLIQYF,,,,,,0.00012983640612827837,None,subset_2.tsv,"['N', 'o', 'n', 'e']",1946,3
7181,,CASSLGVDWPQHF,,,,,,0.00012983640612827837,None,subset_2.tsv,"['N', 'o', 'n', 'e']",1946,3
7377,,CASSLGPPHEQYF,,,,,,0.00012983640612827837,None,subset_2.tsv,"['N', 'o', 'n', 'e']",1946,3
6130,,CASSLSADYEQYF,,,,,,0.00012983640612827837,None,subset_2.tsv,"['N', 'o', 'n', 'e']",1947,6
6985,,CASSIGLHYEQYF,,,,,,0.00012983640612827837,None,subset_2.tsv,"['N', 'o', 'n', 'e']",1947,6
7199,,CASSLGSADGQYF,,,,,,0.00012983640612827837,None,subset_2.tsv,"['N', 'o', 'n', 'e']",1947,6
7499,,CASSLGLAFEQYF,,,,,,0.00012983640612827837,None,subset_2.tsv,"['N', 'o', 'n', 'e']",1947,6
7539,,CASSLGLTYEQYF,,,,,,0.00012983640612827837,None,subset_2.tsv,"['N', 'o', 'n', 'e']",1947,6
7549,,CASSLGLDYEQYF,,,,,,0.00012983640612827837,None,subset_2.tsv,"['N', 'o', 'n', 'e']",1947,6
838,,CASSSGTAYEQYF,,,,,,0.00012983640612827837,None,subset_2.tsv,"['N', 'o', 'n', 'e']",1948,3
7154,,CASSLGTAYEQYF,,,,,,0.00012983640612827837,None,subset_2.tsv,"['N', 'o', 'n', 'e']",1948,3
7249,,CASSLGRAYEQYF,,,,,,0.00012983640612827837,None,subset_2.tsv,"['N', 'o', 'n', 'e']",1948,3
738,,CASSTGLDYEQYF,,,,,,0.00012983640612827837,None,subset_2.tsv,"['N', 'o', 'n', 'e']",1949,5
2894,,CASSWGTDYEQYF,,,,,,0.00012983640612827837,None,subset_2.tsv,"['N', 'o', 'n', 'e']",1949,5
3330,,CASSVGSNYEQYF,,,,,,0.00012983640612827837,None,subset_2.tsv,"['N', 'o', 'n', 'e']",1949,5
3352,,CASSVGLSYEQYF,,,,,,0.00012983640612827837,None,subset_2.tsv,"['N', 'o', 'n', 'e']",1949,5
6362,,CASSPGTPYEQYF,,,,,,0.00012983640612827837,None,subset_2.tsv,"['N', 'o', 'n', 'e']",1949,5
4834,,CASGTSGAYEQYF,,,,,,0.00012983640612827837,None,subset_2.tsv,"['N', 'o', 'n', 'e']",1950,4
5148,,CASARGGAYEQYF,,,,,,0.00012983640612827837,None,subset_2.tsv,"['N', 'o', 'n', 'e']",1950,4
5509,,CASRAGGSYEQYF,,,,,,0.00012983640612827837,None,subset_2.tsv,"['N', 'o', 'n', 'e']",1950,4
5636,,CASRNGRHYEQYF,,,,,,0.00012983640612827837,None,subset_2.tsv,"['N', 'o', 'n', 'e']",1950,4
2899,,CASSWGGTYEQYF,,,,,,0.00012983640612827837,None,subset_2.tsv,"['N', 'o', 'n', 'e']",1951,4
3307,,CASSVGGPYEQYF,,,,,,0.00012983640612827837,None,subset_2.tsv,"['N', 'o', 'n', 'e']",1951,4
4345,,CASSHGGNYEQYF,,,,,,0.00012983640612827837,None,subset_2.tsv,"['N', 'o', 'n', 'e']",1951,4
4346,,CASSHGGEYEQYF,,,,,,0.00012983640612827837,None,subset_2.tsv,"['N', 'o', 'n', 'e']",1951,4
5802,,CASSLSGLDEQYF,,,,,,0.00012983640612827837,None,subset_2.tsv,"['N', 'o', 'n', 'e']",1952,3
7596,,CASSLGGQYEQYF,,,,,,0.00012983640612827837,None,subset_2.tsv,"['N', 'o', 'n', 'e']",1952,3
7610,,CASSLGGLYEQYF,,,,,,0.00012983640612827837,None,subset_2.tsv,"['N', 'o', 'n', 'e']",1952,3
2970,,CASSWAGTDTQYF,,,,,,0.00012983640612827837,None,subset_2.tsv,"['N', 'o', 'n', 'e']",1953,4
6116,,CASSLSGADTQYF,,,,,,0.00012983640612827837,None,subset_2.tsv,"['N', 'o', 'n', 'e']",1953,4
7303,,CASSLLGTDTQYF,,,,,,0.00012983640612827837,None,subset_2.tsv,"['N', 'o', 'n', 'e']",1953,4
7511,,CASSLGGTDTQYF,,,,,,0.00012983640612827837,None,subset_2.tsv,"['N', 'o', 'n', 'e']",1953,4
33,,CASSVGGTDTQYF,,,,,,0.00025967281225655674,None,subset_2.tsv,"['N', 'o', 'n', 'e']",1954,4
684,,CASSTGGADTQYF,,,,,,0.00012983640612827837,None,subset_2.tsv,"['N', 'o', 'n', 'e']",1954,4
4059,,CASSFGGAETQYF,,,,,,0.00012983640612827837,None,subset_2.tsv,"['N', 'o', 'n', 'e']",1954,4
4743,,CASSFSGVETQYF,,,,,,0.00012983640612827837,None,subset_2.tsv,"['N', 'o', 'n', 'e']",1954,4
49,,CASSLGGAETQYF,,,,,,0.00025967281225655674,None,subset_2.tsv,"['N', 'o', 'n', 'e']",1955,2
3464,,CASTLGGKETQYF,,,,,,0.00012983640612827837,None,subset_2.tsv,"['N', 'o', 'n', 'e']",1955,2
5180,,CASGFAGNETQYF,,,,,,0.00012983640612827837,None,subset_2.tsv,"['N', 'o', 'n', 'e']",1956,2
5306,,CASRSTGLETQYF,,,,,,0.00012983640612827837,None,subset_2.tsv,"['N', 'o', 'n', 'e']",1956,2
3445,,CASTKSSTDTQYF,,,,,,0.00012983640612827837,None,subset_2.tsv,"['N', 'o', 'n', 'e']",1957,3
4915,,CASLISGTDTQYF,,,,,,0.00012983640612827837,None,subset_2.tsv,"['N', 'o', 'n', 'e']",1957,3
5606,,CASRLGTTDTQYF,,,,,,0.00012983640612827837,None,subset_2.tsv,"['N', 'o', 'n', 'e']",1957,3
1952,,CSADRGGTDTQYF,,,,,,0.00012983640612827837,None,subset_2.tsv,"['N', 'o', 'n', 'e']",1958,4
3527,,CATLASGMETQYF,,,,,,0.00012983640612827837,None,subset_2.tsv,"['N', 'o', 'n', 'e']",1958,4
4832,,CASGTSGTDTQYF,,,,,,0.00012983640612827837,None,subset_2.tsv,"['N', 'o', 'n', 'e']",1958,4
5684,,CASRGGGTDTQYF,,,,,,0.00012983640612827837,None,subset_2.tsv,"['N', 'o', 'n', 'e']",1958,4
2187,,CATSDSTGPEQYF,,,,,,0.00012983640612827837,None,subset_2.tsv,"['N', 'o', 'n', 'e']",1959,2
2199,,CATSPGLGYEQYF,,,,,,0.00012983640612827837,None,subset_2.tsv,"['N', 'o', 'n', 'e']",1959,2
11,,CASSPGLSYEQYF,,,,,,0.00025967281225655674,None,subset_2.tsv,"['N', 'o', 'n', 'e']",1960,7
62,,CASSPGTGYEQYF,,,,,,0.00025967281225655674,None,subset_2.tsv,"['N', 'o', 'n', 'e']",1960,7
1028,,CASSPSVAYEQYF,,,,,,0.00012983640612827837,None,subset_2.tsv,"['N', 'o', 'n', 'e']",1960,7
4069,,CASSEGSSYEQYF,,,,,,0.00012983640612827837,None,subset_2.tsv,"['N', 'o', 'n', 'e']",1960,7
5225,,CASAPGSGYEQYF,,,,,,0.00012983640612827837,None,subset_2.tsv,"['N', 'o', 'n', 'e']",1960,7
5646,,CASRPGSSYEQYF,,,,,,0.00012983640612827837,None,subset_2.tsv,"['N', 'o', 'n', 'e']",1960,7
6350,,CASSPGTVYEQYF,,,,,,0.00012983640612827837,None,subset_2.tsv,"['N', 'o', 'n', 'e']",1960,7
4079,,CASSDGGGYEQYF,,,,,,0.00012983640612827837,None,subset_2.tsv,"['N', 'o', 'n', 'e']",1961,4
5226,,CASAPGGRYEQYF,,,,,,0.00012983640612827837,None,subset_2.tsv,"['N', 'o', 'n', 'e']",1961,4
6233,,CASSPGGGYEQYF,,,,,,0.00012983640612827837,None,subset_2.tsv,"['N', 'o', 'n', 'e']",1961,4
6237,,CASSPGGGIEQFF,,,,,,0.00012983640612827837,None,subset_2.tsv,"['N', 'o', 'n', 'e']",1961,4
87,,CASSRLGGNTQYF,,,,,,0.00012983640612827837,None,subset_2.tsv,"['N', 'o', 'n', 'e']",1963,2
1997,,CAWSVLGGNEQYF,,,,,,0.00012983640612827837,None,subset_2.tsv,"['N', 'o', 'n', 'e']",1963,2
1995,,CAWSVLKGAEQFF,,,,,,0.00012983640612827837,None,subset_2.tsv,"['N', 'o', 'n', 'e']",1964,2
3347,,CASSVGPGNEQFF,,,,,,0.00012983640612827837,None,subset_2.tsv,"['N', 'o', 'n', 'e']",1964,2
129,,CASSRGLGNEQYF,,,,,,0.00012983640612827837,None,subset_2.tsv,"['N', 'o', 'n', 'e']",1965,2
5149,,CASCAGMGNEQYF,,,,,,0.00012983640612827837,None,subset_2.tsv,"['N', 'o', 'n', 'e']",1965,2
16,,CASSAGGSNEQFF,,,,,,0.00025967281225655674,None,subset_2.tsv,"['N', 'o', 'n', 'e']",1966,2
4784,,CASGSGGGNEQFF,,,,,,0.00012983640612827837,None,subset_2.tsv,"['N', 'o', 'n', 'e']",1966,2
2293,,CATSSSGANVLTF,,,,,,0.00012983640612827837,None,subset_2.tsv,"['N', 'o', 'n', 'e']",1967,3
2460,,CSGEGAGANVLTF,,,,,,0.00012983640612827837,None,subset_2.tsv,"['N', 'o', 'n', 'e']",1967,3
3209,,CASSVAGANVLTF,,,,,,0.00012983640612827837,None,subset_2.tsv,"['N', 'o', 'n', 'e']",1967,3
816,,CASSSGGVSNEQFF,,,,,,0.00012983640612827837,None,subset_2.tsv,"['N', 'o', 'n', 'e']",1968,3
817,,CASSSGGVGEQFF,,,,,,0.00012983640612827837,None,subset_2.tsv,"['N', 'o', 'n', 'e']",1968,3
2179,,CATSGGGSRPQHF,,,,,,0.00012983640612827837,None,subset_2.tsv,"['N', 'o', 'n', 'e']",1968,3
2236,,CATSATGGETQYF,,,,,,0.00012983640612827837,None,subset_2.tsv,"['N', 'o', 'n', 'e']",1969,3
3586,,CASTTTGGETQYF,,,,,,0.00012983640612827837,None,subset_2.tsv,"['N', 'o', 'n', 'e']",1969,3
3767,,CASTAGGGETQYF,,,,,,0.00012983640612827837,None,subset_2.tsv,"['N', 'o', 'n', 'e']",1969,3
2223,,CATSDSGGETQYF,,,,,,0.00012983640612827837,None,subset_2.tsv,"['N', 'o', 'n', 'e']",1970,3
2278,,CATSDLKSETQYF,,,,,,0.00012983640612827837,None,subset_2.tsv,"['N', 'o', 'n', 'e']",1970,3
4073,,CASSDGRGESQYF,,,,,,0.00012983640612827837,None,subset_2.tsv,"['N', 'o', 'n', 'e']",1970,3
2784,,CSARVGSGNTIYF,,,,,,0.00012983640612827837,None,subset_2.tsv,"['N', 'o', 'n', 'e']",1972,2
4830,,CASGVGSGNTIYF,,,,,,0.00012983640612827837,None,subset_2.tsv,"['N', 'o', 'n', 'e']",1972,2
4259,,CASSDRSGNTIYF,,,,,,0.00012983640612827837,None,subset_2.tsv,"['N', 'o', 'n', 'e']",1973,3
6327,,CASSPGSGNTIYF,,,,,,0.00012983640612827837,None,subset_2.tsv,"['N', 'o', 'n', 'e']",1973,3
6377,,CASSPGLGNTIYF,,,,,,0.00012983640612827837,None,subset_2.tsv,"['N', 'o', 'n', 'e']",1973,3
6231,,CASSPGGHQPQHF,,,,,,0.00012983640612827837,None,subset_2.tsv,"['N', 'o', 'n', 'e']",1974,2
6252,,CASSPGDNQPQHF,,,,,,0.00012983640612827837,None,subset_2.tsv,"['N', 'o', 'n', 'e']",1974,2
3321,,CASSVGFNQPQHF,,,,,,0.00012983640612827837,None,subset_2.tsv,"['N', 'o', 'n', 'e']",1975,3
3345,,CASSVGPNQPQHF,,,,,,0.00012983640612827837,None,subset_2.tsv,"['N', 'o', 'n', 'e']",1975,3
4935,,CASNKGMNQPQHF,,,,,,0.00012983640612827837,None,subset_2.tsv,"['N', 'o', 'n', 'e']",1975,3
3080,,CASSYAPNQPQHF,,,,,,0.00012983640612827837,None,subset_2.tsv,"['N', 'o', 'n', 'e']",1976,4
3102,,CASSYGFNQPQHF,,,,,,0.00012983640612827837,None,subset_2.tsv,"['N', 'o', 'n', 'e']",1976,4
4739,,CASSFSLNQPQHF,,,,,,0.00012983640612827837,None,subset_2.tsv,"['N', 'o', 'n', 'e']",1976,4
7101,,CASSISPNQPQHF,,,,,,0.00012983640612827837,None,subset_2.tsv,"['N', 'o', 'n', 'e']",1976,4
6134,,CASSLRVTNPQGKGTEAFF,,,,,,0.00012983640612827837,None,subset_2.tsv,"['N', 'o', 'n', 'e']",1977,2
6189,,CASSLREHEKLFF,,,,,,0.00012983640612827837,None,subset_2.tsv,"['N', 'o', 'n', 'e']",1977,2
4159,,CASSATDFQPQHF,,,,,,0.00012983640612827837,None,subset_2.tsv,"['N', 'o', 'n', 'e']",1978,2
5543,,CASRDTENQPQHF,,,,,,0.00012983640612827837,None,subset_2.tsv,"['N', 'o', 'n', 'e']",1978,2
1141,,CASSQAGGQPQHF,,,,,,0.00012983640612827837,None,subset_2.tsv,"['N', 'o', 'n', 'e']",1980,2
6708,,CASSLAWGQPQHF,,,,,,0.00012983640612827837,None,subset_2.tsv,"['N', 'o', 'n', 'e']",1980,2
3229,,CASSVAGNQPQHF,,,,,,0.00012983640612827837,None,subset_2.tsv,"['N', 'o', 'n', 'e']",1981,5
5728,,CASSLSVHQPQHF,,,,,,0.00012983640612827837,None,subset_2.tsv,"['N', 'o', 'n', 'e']",1981,5
5752,,CASSLSWNQPQHF,,,,,,0.00012983640612827837,None,subset_2.tsv,"['N', 'o', 'n', 'e']",1981,5
6519,,CASSLVGNQPQHF,,,,,,0.00012983640612827837,None,subset_2.tsv,"['N', 'o', 'n', 'e']",1981,5
6710,,CASSLAVYQPQHF,,,,,,0.00012983640612827837,None,subset_2.tsv,"['N', 'o', 'n', 'e']",1981,5
928,,CASSSNSNQPQHF,,,,,,0.00012983640612827837,None,subset_2.tsv,"['N', 'o', 'n', 'e']",1982,5
6053,,CASSLNSNQPQHF,,,,,,0.00012983640612827837,None,subset_2.tsv,"['N', 'o', 'n', 'e']",1982,5
6671,,CASSLASNQPQHF,,,,,,0.00012983640612827837,None,subset_2.tsv,"['N', 'o', 'n', 'e']",1982,5
6999,,CASSINSNQPQHF,,,,,,0.00012983640612827837,None,subset_2.tsv,"['N', 'o', 'n', 'e']",1982,5
7395,,CASSLFSNQPQHF,,,,,,0.00012983640612827837,None,subset_2.tsv,"['N', 'o', 'n', 'e']",1982,5
444,,CASSQVLNQPQHF,,,,,,0.00012983640612827837,None,subset_2.tsv,"['N', 'o', 'n', 'e']",1983,3
6039,,CASSLLSNQPQHF,,,,,,0.00012983640612827837,None,subset_2.tsv,"['N', 'o', 'n', 'e']",1983,3
6970,,CASSIGSIQPQHF,,,,,,0.00012983640612827837,None,subset_2.tsv,"['N', 'o', 'n', 'e']",1983,3
440,,CASSQYGNQPQHF,,,,,,0.00012983640612827837,None,subset_2.tsv,"['N', 'o', 'n', 'e']",1985,2
1904,,CASSQDRNEKLFF,,,,,,0.00012983640612827837,None,subset_2.tsv,"['N', 'o', 'n', 'e']",1985,2
3490,,CATGYRFNQPQHF,,,,,,0.00012983640612827837,None,subset_2.tsv,"['N', 'o', 'n', 'e']",1986,3
4828,,CASGVYSNQPQHF,,,,,,0.00012983640612827837,None,subset_2.tsv,"['N', 'o', 'n', 'e']",1986,3
4861,,CASGIQGIEPQHF,,,,,,0.00012983640612827837,None,subset_2.tsv,"['N', 'o', 'n', 'e']",1986,3
58,,CASSYHSNQPQHF,,,,,,0.00025967281225655674,None,subset_2.tsv,"['N', 'o', 'n', 'e']",1987,6
3769,,CASSYYSNQPQHF,,,,,,0.00012983640612827837,None,subset_2.tsv,"['N', 'o', 'n', 'e']",1987,6
5235,,CASAFYSNQPQHF,,,,,,0.00012983640612827837,None,subset_2.tsv,"['N', 'o', 'n', 'e']",1987,6
6950,,CASSIRSNQPQHF,,,,,,0.00012983640612827837,None,subset_2.tsv,"['N', 'o', 'n', 'e']",1987,6
7017,,CASSIHSNQPQHF,,,,,,0.00012983640612827837,None,subset_2.tsv,"['N', 'o', 'n', 'e']",1987,6
7128,,CASSIYSNQPQHF,,,,,,0.00012983640612827837,None,subset_2.tsv,"['N', 'o', 'n', 'e']",1987,6
1287,,CASSPHVNQPQHF,,,,,,0.00012983640612827837,None,subset_2.tsv,"['N', 'o', 'n', 'e']",1988,2
7019,,CASSIHKNQPQHF,,,,,,0.00012983640612827837,None,subset_2.tsv,"['N', 'o', 'n', 'e']",1988,2
1362,,CASSPRARQPQHF,,,,,,0.00012983640612827837,None,subset_2.tsv,"['N', 'o', 'n', 'e']",1989,3
3200,,CASSTSNEQPQHF,,,,,,0.00012983640612827837,None,subset_2.tsv,"['N', 'o', 'n', 'e']",1989,3
4257,,CASSDRSNQPQHF,,,,,,0.00012983640612827837,None,subset_2.tsv,"['N', 'o', 'n', 'e']",1989,3
396,,CASSQVVGDRGLHGYTF,,,,,,0.00012983640612827837,None,subset_2.tsv,"['N', 'o', 'n', 'e']",1990,2
479,,CASSQVIGDRGPYGYTF,,,,,,0.00012983640612827837,None,subset_2.tsv,"['N', 'o', 'n', 'e']",1990,2
1024,,CASSPTAGEVANYGYTF,,,,,,0.00012983640612827837,None,subset_2.tsv,"['N', 'o', 'n', 'e']",1992,2
3037,,CASSYLGGDAANYGYTF,,,,,,0.00012983640612827837,None,subset_2.tsv,"['N', 'o', 'n', 'e']",1992,2
2933,,CASSWLSGPWGRPGELFF,,,,,,0.00012983640612827837,None,subset_2.tsv,"['N', 'o', 'n', 'e']",1994,2
3250,,CASSVLAGPYSGANVLTF,,,,,,0.00012983640612827837,None,subset_2.tsv,"['N', 'o', 'n', 'e']",1994,2
3020,,CASSYGQGETQYF,,,,,,0.00012983640612827837,None,subset_2.tsv,"['N', 'o', 'n', 'e']",1996,3
3636,,CASSYSIGETQYF,,,,,,0.00012983640612827837,None,subset_2.tsv,"['N', 'o', 'n', 'e']",1996,3
6981,,CASSIGQGETQYF,,,,,,0.00012983640612827837,None,subset_2.tsv,"['N', 'o', 'n', 'e']",1996,3
4218,,CASSEGDRVTEAFF,,,,,,0.00012983640612827837,None,subset_2.tsv,"['N', 'o', 'n', 'e']",1997,2
4243,,CASSEGDTDTQYF,,,,,,0.00012983640612827837,None,subset_2.tsv,"['N', 'o', 'n', 'e']",1997,2
2937,,CASSWGDGDTEAFF,,,,,,0.00012983640612827837,None,subset_2.tsv,"['N', 'o', 'n', 'e']",1998,3
4062,,CASSFGESDTEAFF,,,,,,0.00012983640612827837,None,subset_2.tsv,"['N', 'o', 'n', 'e']",1998,3
6414,,CASSPGQGETEAFF,,,,,,0.00012983640612827837,None,subset_2.tsv,"['N', 'o', 'n', 'e']",1998,3
685,,CASSTGFGSPLHF,,,,,,0.00012983640612827837,None,subset_2.tsv,"['N', 'o', 'n', 'e']",1999,3
2889,,CASSWGQGSPLHF,,,,,,0.00012983640612827837,None,subset_2.tsv,"['N', 'o', 'n', 'e']",1999,3
6376,,CASSPGLGSPLHF,,,,,,0.00012983640612827837,None,subset_2.tsv,"['N', 'o', 'n', 'e']",1999,3
3004,,CASSYGTGQPQHF,,,,,,0.00012983640612827837,None,subset_2.tsv,"['N', 'o', 'n', 'e']",2000,5
3025,,CASSYGMGQPQHF,,,,,,0.00012983640612827837,None,subset_2.tsv,"['N', 'o', 'n', 'e']",2000,5
3044,,CASSYGVGQPQHF,,,,,,0.00012983640612827837,None,subset_2.tsv,"['N', 'o', 'n', 'e']",2000,5
3327,,CASSVGLGQPQHF,,,,,,0.00012983640612827837,None,subset_2.tsv,"['N', 'o', 'n', 'e']",2000,5
4061,,CASSFGFGQPQHF,,,,,,0.00012983640612827837,None,subset_2.tsv,"['N', 'o', 'n', 'e']",2000,5
1612,,CASSQGVGQEKLFF,,,,,,0.00012983640612827837,None,subset_2.tsv,"['N', 'o', 'n', 'e']",2001,2
1628,,CASSQGQGQPQHF,,,,,,0.00012983640612827837,None,subset_2.tsv,"['N', 'o', 'n', 'e']",2001,2
239,,CASSRTDPDTQYF,,,,,,0.00012983640612827837,None,subset_2.tsv,"['N', 'o', 'n', 'e']",2003,5
1202,,CASSPTVADTQYF,,,,,,0.00012983640612827837,None,subset_2.tsv,"['N', 'o', 'n', 'e']",2003,5
4767,,CASSFTYRDTQYF,,,,,,0.00012983640612827837,None,subset_2.tsv,"['N', 'o', 'n', 'e']",2003,5
6601,,CASSNKVADTQYF,,,,,,0.00012983640612827837,None,subset_2.tsv,"['N', 'o', 'n', 'e']",2003,5
7082,,CASSKKATDTQYF,,,,,,0.00012983640612827837,None,subset_2.tsv,"['N', 'o', 'n', 'e']",2003,5
3149,,CASSVERDDTQYF,,,,,,0.00012983640612827837,None,subset_2.tsv,"['N', 'o', 'n', 'e']",2004,2
4554,,CASSFQLPDTQYF,,,,,,0.00012983640612827837,None,subset_2.tsv,"['N', 'o', 'n', 'e']",2004,2
1447,,CASSPPPFETQYF,,,,,,0.00012983640612827837,None,subset_2.tsv,"['N', 'o', 'n', 'e']",2005,2
4524,,CASSHPVEETQYF,,,,,,0.00012983640612827837,None,subset_2.tsv,"['N', 'o', 'n', 'e']",2005,2
1388,,CASSPRDKETQYF,,,,,,0.00012983640612827837,None,subset_2.tsv,"['N', 'o', 'n', 'e']",2006,3
3927,,CASSERYEETQYF,,,,,,0.00012983640612827837,None,subset_2.tsv,"['N', 'o', 'n', 'e']",2006,3
3940,,CASSERDPYEQYF,,,,,,0.00012983640612827837,None,subset_2.tsv,"['N', 'o', 'n', 'e']",2006,3
3671,,CASSYMENYEQYF,,,,,,0.00012983640612827837,None,subset_2.tsv,"['N', 'o', 'n', 'e']",2007,2
3742,,CASSYYQNYEQYF,,,,,,0.00012983640612827837,None,subset_2.tsv,"['N', 'o', 'n', 'e']",2007,2
1331,,CASSPPDSYEQYF,,,,,,0.00012983640612827837,None,subset_2.tsv,"['N', 'o', 'n', 'e']",2008,4
1376,,CASSPRETYEQYF,,,,,,0.00012983640612827837,None,subset_2.tsv,"['N', 'o', 'n', 'e']",2008,4
3701,,CASSYRDSYEQYF,,,,,,0.00012983640612827837,None,subset_2.tsv,"['N', 'o', 'n', 'e']",2008,4
4960,,CASKDRELDEQYF,,,,,,0.00012983640612827837,None,subset_2.tsv,"['N', 'o', 'n', 'e']",2008,4
5816,,CASSLSQIYEQYF,,,,,,0.00012983640612827837,None,subset_2.tsv,"['N', 'o', 'n', 'e']",2009,3
6527,,CASSLVQNYEQYF,,,,,,0.00012983640612827837,None,subset_2.tsv,"['N', 'o', 'n', 'e']",2009,3
7253,,CASSLGQYYEQYF,,,,,,0.00012983640612827837,None,subset_2.tsv,"['N', 'o', 'n', 'e']",2009,3
5948,,CASSLTPELEQYF,,,,,,0.00012983640612827837,None,subset_2.tsv,"['N', 'o', 'n', 'e']",2010,2
6590,,CASSNREEYEQYF,,,,,,0.00012983640612827837,None,subset_2.tsv,"['N', 'o', 'n', 'e']",2010,2
471,,CASSQTLEYEQYF,,,,,,0.00012983640612827837,None,subset_2.tsv,"['N', 'o', 'n', 'e']",2011,2
1768,,CASSQAQPYEQYF,,,,,,0.00012983640612827837,None,subset_2.tsv,"['N', 'o', 'n', 'e']",2011,2
1449,,CASSQALSYEQYF,,,,,,0.00012983640612827837,None,subset_2.tsv,"['N', 'o', 'n', 'e']",2012,4
6067,,CASSLNLGYEQYF,,,,,,0.00012983640612827837,None,subset_2.tsv,"['N', 'o', 'n', 'e']",2012,4
6449,,CASSLVSTYEQYF,,,,,,0.00012983640612827837,None,subset_2.tsv,"['N', 'o', 'n', 'e']",2012,4
7079,,CASSLAASYEQYF,,,,,,0.00012983640612827837,None,subset_2.tsv,"['N', 'o', 'n', 'e']",2012,4
6073,,CASSLNDFYEQYF,,,,,,0.00012983640612827837,None,subset_2.tsv,"['N', 'o', 'n', 'e']",2013,5
6144,,CASSLQVIYEQYF,,,,,,0.00012983640612827837,None,subset_2.tsv,"['N', 'o', 'n', 'e']",2013,5
6761,,CASSLANNYEQYF,,,,,,0.00012983640612827837,None,subset_2.tsv,"['N', 'o', 'n', 'e']",2013,5
6886,,CASSLDQTYEQYF,,,,,,0.00012983640612827837,None,subset_2.tsv,"['N', 'o', 'n', 'e']",2013,5
7465,,CASSLERFYEQYF,,,,,,0.00012983640612827837,None,subset_2.tsv,"['N', 'o', 'n', 'e']",2013,5
3350,,CASSVGNTDTQYF,,,,,,0.00012983640612827837,None,subset_2.tsv,"['N', 'o', 'n', 'e']",2014,5
4911,,CASLLGPTDTQYF,,,,,,0.00012983640612827837,None,subset_2.tsv,"['N', 'o', 'n', 'e']",2014,5
7224,,CASSLGQAETQYF,,,,,,0.00012983640612827837,None,subset_2.tsv,"['N', 'o', 'n', 'e']",2014,5
7254,,CASSLGQTDTQYF,,,,,,0.00012983640612827837,None,subset_2.tsv,"['N', 'o', 'n', 'e']",2014,5
7410,,CASSLGFTDTQYF,,,,,,0.00012983640612827837,None,subset_2.tsv,"['N', 'o', 'n', 'e']",2014,5
555,,CASSSVEEETQYF,,,,,,0.00012983640612827837,None,subset_2.tsv,"['N', 'o', 'n', 'e']",2015,3
5888,,CASSLVETDTQYF,,,,,,0.00012983640612827837,None,subset_2.tsv,"['N', 'o', 'n', 'e']",2015,3
6188,,CASSLREQETQYF,,,,,,0.00012983640612827837,None,subset_2.tsv,"['N', 'o', 'n', 'e']",2015,3
3368,,CASTPENQETQYF,,,,,,0.00012983640612827837,None,subset_2.tsv,"['N', 'o', 'n', 'e']",2016,2
4862,,CASGIENQETQYF,,,,,,0.00012983640612827837,None,subset_2.tsv,"['N', 'o', 'n', 'e']",2016,2
1127,,CASSQALQETQYF,,,,,,0.00012983640612827837,None,subset_2.tsv,"['N', 'o', 'n', 'e']",2017,2
1557,,CASSQENQETQYF,,,,,,0.00012983640612827837,None,subset_2.tsv,"['N', 'o', 'n', 'e']",2017,2
3245,,CASSVLNQETQYF,,,,,,0.00012983640612827837,None,subset_2.tsv,"['N', 'o', 'n', 'e']",2018,3
3733,,CASSYVAQETQYF,,,,,,0.00012983640612827837,None,subset_2.tsv,"['N', 'o', 'n', 'e']",2018,3
4760,,CASSFVVQETQYF,,,,,,0.00012983640612827837,None,subset_2.tsv,"['N', 'o', 'n', 'e']",2018,3
5572,,CASNMGLQETQYF,,,,,,0.00012983640612827837,None,subset_2.tsv,"['N', 'o', 'n', 'e']",2019,4
6043,,CASSLLRQETQYF,,,,,,0.00012983640612827837,None,subset_2.tsv,"['N', 'o', 'n', 'e']",2019,4
6766,,CASSLALIETQYF,,,,,,0.00012983640612827837,None,subset_2.tsv,"['N', 'o', 'n', 'e']",2019,4
6982,,CASSIGPEETQYF,,,,,,0.00012983640612827837,None,subset_2.tsv,"['N', 'o', 'n', 'e']",2019,4
4587,,CASSFRSSETQYF,,,,,,0.00012983640612827837,None,subset_2.tsv,"['N', 'o', 'n', 'e']",2020,4
6940,,CASSIRSTETQYF,,,,,,0.00012983640612827837,None,subset_2.tsv,"['N', 'o', 'n', 'e']",2020,4
6945,,CASSIRSSETQYF,,,,,,0.00012983640612827837,None,subset_2.tsv,"['N', 'o', 'n', 'e']",2020,4
6956,,CASSIRSGETQYF,,,,,,0.00012983640612827837,None,subset_2.tsv,"['N', 'o', 'n', 'e']",2020,4
678,,CASSTRASEGQYF,,,,,,0.00012983640612827837,None,subset_2.tsv,"['N', 'o', 'n', 'e']",2021,5
3289,,CASSVRAGETQYF,,,,,,0.00012983640612827837,None,subset_2.tsv,"['N', 'o', 'n', 'e']",2021,5
6907,,CASSIRASETQYF,,,,,,0.00012983640612827837,None,subset_2.tsv,"['N', 'o', 'n', 'e']",2021,5
6920,,CASSIRAGYTEAFF,,,,,,0.00012983640612827837,None,subset_2.tsv,"['N', 'o', 'n', 'e']",2021,5
6922,,CASSIRAGETQYF,,,,,,0.00012983640612827837,None,subset_2.tsv,"['N', 'o', 'n', 'e']",2021,5
658,,CASSTRSTDTQYF,,,,,,0.00012983640612827837,None,subset_2.tsv,"['N', 'o', 'n', 'e']",2022,7
1032,,CASSPSSADTQYF,,,,,,0.00012983640612827837,None,subset_2.tsv,"['N', 'o', 'n', 'e']",2022,7
1091,,CASSPRSTDTQYF,,,,,,0.00012983640612827837,None,subset_2.tsv,"['N', 'o', 'n', 'e']",2022,7
3280,,CASSVRSADTQYF,,,,,,0.00012983640612827837,None,subset_2.tsv,"['N', 'o', 'n', 'e']",2022,7
4482,,CASSHRSTDTQYF,,,,,,0.00012983640612827837,None,subset_2.tsv,"['N', 'o', 'n', 'e']",2022,7
4654,,CASSFMSTDTQYF,,,,,,0.00012983640612827837,None,subset_2.tsv,"['N', 'o', 'n', 'e']",2022,7
5562,,CASNPSSTDTQYF,,,,,,0.00012983640612827837,None,subset_2.tsv,"['N', 'o', 'n', 'e']",2022,7
297,,CASSQRSTDTQYF,,,,,,0.00012983640612827837,None,subset_2.tsv,"['N', 'o', 'n', 'e']",2023,6
2370,,CATSQRSTDTQYF,,,,,,0.00012983640612827837,None,subset_2.tsv,"['N', 'o', 'n', 'e']",2023,6
3827,,CASSYSSTDTQYF,,,,,,0.00012983640612827837,None,subset_2.tsv,"['N', 'o', 'n', 'e']",2023,6
6941,,CASSIRSTDTQYF,,,,,,0.00012983640612827837,None,subset_2.tsv,"['N', 'o', 'n', 'e']",2023,6
6951,,CASSIRSLDTQYF,,,,,,0.00012983640612827837,None,subset_2.tsv,"['N', 'o', 'n', 'e']",2023,6
7138,,CASSIVSTDTQYF,,,,,,0.00012983640612827837,None,subset_2.tsv,"['N', 'o', 'n', 'e']",2023,6
6936,,CASSIRSADTQYF,,,,,,0.00012983640612827837,None,subset_2.tsv,"['N', 'o', 'n', 'e']",2024,5
6946,,CASSIRSQETQYF,,,,,,0.00012983640612827837,None,subset_2.tsv,"['N', 'o', 'n', 'e']",2024,5
6947,,CASSIRSQDTQYF,,,,,,0.00012983640612827837,None,subset_2.tsv,"['N', 'o', 'n', 'e']",2024,5
6960,,CASSIRSDDIQYF,,,,,,0.00012983640612827837,None,subset_2.tsv,"['N', 'o', 'n', 'e']",2024,5
6961,,CASSIRSAYTQYF,,,,,,0.00012983640612827837,None,subset_2.tsv,"['N', 'o', 'n', 'e']",2024,5
3749,,CASTFESADTQYF,,,,,,0.00012983640612827837,None,subset_2.tsv,"['N', 'o', 'n', 'e']",2025,3
4876,,CASGNWSTDTQYF,,,,,,0.00012983640612827837,None,subset_2.tsv,"['N', 'o', 'n', 'e']",2025,3
6652,,CASSMDSTDTQYF,,,,,,0.00012983640612827837,None,subset_2.tsv,"['N', 'o', 'n', 'e']",2025,3
4821,,CASGYWSGDTQYF,,,,,,0.00012983640612827837,None,subset_2.tsv,"['N', 'o', 'n', 'e']",2026,3
5529,,CASRERATDTQYF,,,,,,0.00012983640612827837,None,subset_2.tsv,"['N', 'o', 'n', 'e']",2026,3
6958,,CASSIRSGDTQYF,,,,,,0.00012983640612827837,None,subset_2.tsv,"['N', 'o', 'n', 'e']",2026,3
6698,,CASSLASTDTQYF,,,,,,0.00012983640612827837,None,subset_2.tsv,"['N', 'o', 'n', 'e']",2027,2
6744,,CASSLANTDTQYF,,,,,,0.00012983640612827837,None,subset_2.tsv,"['N', 'o', 'n', 'e']",2027,2
344,,CASSQKFADTQYF,,,,,,0.00012983640612827837,None,subset_2.tsv,"['N', 'o', 'n', 'e']",2028,4
5952,,CASSLTLSDTQYF,,,,,,0.00012983640612827837,None,subset_2.tsv,"['N', 'o', 'n', 'e']",2028,4
6098,,CASSLRRRDTQYF,,,,,,0.00012983640612827837,None,subset_2.tsv,"['N', 'o', 'n', 'e']",2028,4
7340,,CASSLHNADTQYF,,,,,,0.00012983640612827837,None,subset_2.tsv,"['N', 'o', 'n', 'e']",2028,4
758,,CASSSGTTDTQYF,,,,,,0.00012983640612827837,None,subset_2.tsv,"['N', 'o', 'n', 'e']",2029,4
841,,CASSSGSLETQYF,,,,,,0.00012983640612827837,None,subset_2.tsv,"['N', 'o', 'n', 'e']",2029,4
5166,,CASGGGLTDTQYF,,,,,,0.00012983640612827837,None,subset_2.tsv,"['N', 'o', 'n', 'e']",2029,4
5384,,CASSAGSADTQYF,,,,,,0.00012983640612827837,None,subset_2.tsv,"['N', 'o', 'n', 'e']",2029,4
580,,CASSSRSTDTQYF,,,,,,0.00012983640612827837,None,subset_2.tsv,"['N', 'o', 'n', 'e']",2030,3
4399,,CASSGRSTDTQYF,,,,,,0.00012983640612827837,None,subset_2.tsv,"['N', 'o', 'n', 'e']",2030,3
5705,,CASRGTSNATQYF,,,,,,0.00012983640612827837,None,subset_2.tsv,"['N', 'o', 'n', 'e']",2030,3
4377,,CASSGLLTDTQYF,,,,,,0.00012983640612827837,None,subset_2.tsv,"['N', 'o', 'n', 'e']",2031,3
5048,,CAISGAARDTQYF,,,,,,0.00012983640612827837,None,subset_2.tsv,"['N', 'o', 'n', 'e']",2031,3
5076,,CAIKRLSTDTQYF,,,,,,0.00012983640612827837,None,subset_2.tsv,"['N', 'o', 'n', 'e']",2031,3
2684,,CSARGTSGETQYF,,,,,,0.00012983640612827837,None,subset_2.tsv,"['N', 'o', 'n', 'e']",2032,3
2813,,CSASGGAGETQYF,,,,,,0.00012983640612827837,None,subset_2.tsv,"['N', 'o', 'n', 'e']",2032,3
5101,,CAASGRASETQYF,,,,,,0.00012983640612827837,None,subset_2.tsv,"['N', 'o', 'n', 'e']",2032,3
2056,,CSARDFSTDTQYF,,,,,,0.00012983640612827837,None,subset_2.tsv,"['N', 'o', 'n', 'e']",2033,2
2080,,CSARDLSTDTQYF,,,,,,0.00012983640612827837,None,subset_2.tsv,"['N', 'o', 'n', 'e']",2033,2
2423,,CSGWGASTDTQYF,,,,,,0.00012983640612827837,None,subset_2.tsv,"['N', 'o', 'n', 'e']",2034,2
2622,,CSVGGTSTDTQYF,,,,,,0.00012983640612827837,None,subset_2.tsv,"['N', 'o', 'n', 'e']",2034,2
1966,,CSAKTAPADTQYF,,,,,,0.00012983640612827837,None,subset_2.tsv,"['N', 'o', 'n', 'e']",2035,2
4831,,CASGVAASDTQYF,,,,,,0.00012983640612827837,None,subset_2.tsv,"['N', 'o', 'n', 'e']",2035,2
956,,CASSSPNQETQYF,,,,,,0.00012983640612827837,None,subset_2.tsv,"['N', 'o', 'n', 'e']",2036,4
3441,,CASTGPYTDTQYF,,,,,,0.00012983640612827837,None,subset_2.tsv,"['N', 'o', 'n', 'e']",2036,4
4420,,CASSGPRRETQYF,,,,,,0.00012983640612827837,None,subset_2.tsv,"['N', 'o', 'n', 'e']",2036,4
5409,,CASSAPPRETQYF,,,,,,0.00012983640612827837,None,subset_2.tsv,"['N', 'o', 'n', 'e']",2036,4
5131,,CAISGDIQDTQYF,,,,,,0.00012983640612827837,None,subset_2.tsv,"['N', 'o', 'n', 'e']",2037,4
5343,,CASRREPEETQYF,,,,,,0.00012983640612827837,None,subset_2.tsv,"['N', 'o', 'n', 'e']",2037,4
5424,,CASSANRAETQYF,,,,,,0.00012983640612827837,None,subset_2.tsv,"['N', 'o', 'n', 'e']",2037,4
5667,,CASRGQAEETQYF,,,,,,0.00012983640612827837,None,subset_2.tsv,"['N', 'o', 'n', 'e']",2037,4
268,,CASSRASEETQYF,,,,,,0.00012983640612827837,None,subset_2.tsv,"['N', 'o', 'n', 'e']",2038,4
600,,CASSSSTQETQYF,,,,,,0.00012983640612827837,None,subset_2.tsv,"['N', 'o', 'n', 'e']",2038,4
660,,CASSTRSQETQYF,,,,,,0.00012983640612827837,None,subset_2.tsv,"['N', 'o', 'n', 'e']",2038,4
4401,,CASSGRSQETQYF,,,,,,0.00012983640612827837,None,subset_2.tsv,"['N', 'o', 'n', 'e']",2038,4
1944,,CSAEGRYQETQYF,,,,,,0.00012983640612827837,None,subset_2.tsv,"['N', 'o', 'n', 'e']",2039,2
5188,,CASGARPQETQYF,,,,,,0.00012983640612827837,None,subset_2.tsv,"['N', 'o', 'n', 'e']",2039,2
2144,,CSARADSQETQYF,,,,,,0.00012983640612827837,None,subset_2.tsv,"['N', 'o', 'n', 'e']",2040,3
2468,,CSATGLTQETQYF,,,,,,0.00012983640612827837,None,subset_2.tsv,"['N', 'o', 'n', 'e']",2040,3
2765,,CSASARGQETQYF,,,,,,0.00012983640612827837,None,subset_2.tsv,"['N', 'o', 'n', 'e']",2040,3
583,,CASSSRSGVEQYF,,,,,,0.00012983640612827837,None,subset_2.tsv,"['N', 'o', 'n', 'e']",2041,3
586,,CASSSRSGSEQYF,,,,,,0.00012983640612827837,None,subset_2.tsv,"['N', 'o', 'n', 'e']",2041,3
914,,CASSSRAGGEQYF,,,,,,0.00012983640612827837,None,subset_2.tsv,"['N', 'o', 'n', 'e']",2041,3
3950,,CASSFASALEQYF,,,,,,0.00012983640612827837,None,subset_2.tsv,"['N', 'o', 'n', 'e']",2042,7
4516,,CASSHRNSGEQYF,,,,,,0.00012983640612827837,None,subset_2.tsv,"['N', 'o', 'n', 'e']",2042,7
6129,,CASSLSAGGEQYF,,,,,,0.00012983640612827837,None,subset_2.tsv,"['N', 'o', 'n', 'e']",2042,7
6141,,CASSLRASGAQYF,,,,,,0.00012983640612827837,None,subset_2.tsv,"['N', 'o', 'n', 'e']",2042,7
6142,,CASSLRAGIEQYF,,,,,,0.00012983640612827837,None,subset_2.tsv,"['N', 'o', 'n', 'e']",2042,7
6573,,CASSMRASVEQYF,,,,,,0.00012983640612827837,None,subset_2.tsv,"['N', 'o', 'n', 'e']",2042,7
6574,,CASSMRASVEQFF,,,,,,0.00012983640612827837,None,subset_2.tsv,"['N', 'o', 'n', 'e']",2042,7
1031,,CASSPSSDDEQFF,,,,,,0.00012983640612827837,None,subset_2.tsv,"['N', 'o', 'n', 'e']",2043,3
6937,,CASSIRSAWEQFF,,,,,,0.00012983640612827837,None,subset_2.tsv,"['N', 'o', 'n', 'e']",2043,3
7022,,CASSIRSVHEQFF,,,,,,0.00012983640612827837,None,subset_2.tsv,"['N', 'o', 'n', 'e']",2043,3
3001,,CASSYGTSDEQFF,,,,,,0.00012983640612827837,None,subset_2.tsv,"['N', 'o', 'n', 'e']",2044,4
3822,,CASSYSTNTEAFF,,,,,,0.00012983640612827837,None,subset_2.tsv,"['N', 'o', 'n', 'e']",2044,4
3826,,CASSYSSVTEAFF,,,,,,0.00012983640612827837,None,subset_2.tsv,"['N', 'o', 'n', 'e']",2044,4
7107,,CASSISLAAEQFF,,,,,,0.00012983640612827837,None,subset_2.tsv,"['N', 'o', 'n', 'e']",2044,4
663,,CASSTRSGTEAFF,,,,,,0.00012983640612827837,None,subset_2.tsv,"['N', 'o', 'n', 'e']",2045,3
4515,,CASSHRSGTEAFF,,,,,,0.00012983640612827837,None,subset_2.tsv,"['N', 'o', 'n', 'e']",2045,3
6954,,CASSIRSGTEAFF,,,,,,0.00012983640612827837,None,subset_2.tsv,"['N', 'o', 'n', 'e']",2045,3
2998,,CASSWTSSNEQFF,,,,,,0.00012983640612827837,None,subset_2.tsv,"['N', 'o', 'n', 'e']",2046,4
6565,,CASSMRSGSEQFF,,,,,,0.00012983640612827837,None,subset_2.tsv,"['N', 'o', 'n', 'e']",2046,4
6944,,CASSIRSSNEQFF,,,,,,0.00012983640612827837,None,subset_2.tsv,"['N', 'o', 'n', 'e']",2046,4
6955,,CASSIRSGNEQYF,,,,,,0.00012983640612827837,None,subset_2.tsv,"['N', 'o', 'n', 'e']",2046,4
584,,CASSSRSGTEQFF,,,,,,0.00012983640612827837,None,subset_2.tsv,"['N', 'o', 'n', 'e']",2047,2
5860,,CASSLTSGTEQFF,,,,,,0.00012983640612827837,None,subset_2.tsv,"['N', 'o', 'n', 'e']",2047,2
286,,CASSQRALDEQYF,,,,,,0.00012983640612827837,None,subset_2.tsv,"['N', 'o', 'n', 'e']",2048,6
3410,,CASTPRASYEQYF,,,,,,0.00012983640612827837,None,subset_2.tsv,"['N', 'o', 'n', 'e']",2048,6
5449,,CASRYRASYEQYF,,,,,,0.00012983640612827837,None,subset_2.tsv,"['N', 'o', 'n', 'e']",2048,6
6572,,CASSMRASYEQYF,,,,,,0.00012983640612827837,None,subset_2.tsv,"['N', 'o', 'n', 'e']",2048,6
6919,,CASSIRASYEQYF,,,,,,0.00012983640612827837,None,subset_2.tsv,"['N', 'o', 'n', 'e']",2048,6
6924,,CASSIRAAYEQYF,,,,,,0.00012983640612827837,None,subset_2.tsv,"['N', 'o', 'n', 'e']",2048,6
3275,,CASSVRSSYEQYF,,,,,,0.00012983640612827837,None,subset_2.tsv,"['N', 'o', 'n', 'e']",2049,7
4037,,CASSFASSYEQYF,,,,,,0.00012983640612827837,None,subset_2.tsv,"['N', 'o', 'n', 'e']",2049,7
4498,,CASSHRSSYEQYF,,,,,,0.00012983640612827837,None,subset_2.tsv,"['N', 'o', 'n', 'e']",2049,7
4586,,CASSFRSSYEQYF,,,,,,0.00012983640612827837,None,subset_2.tsv,"['N', 'o', 'n', 'e']",2049,7
4588,,CASSFRSGYEQYF,,,,,,0.00012983640612827837,None,subset_2.tsv,"['N', 'o', 'n', 'e']",2049,7
4737,,CASSFSLSYEQYF,,,,,,0.00012983640612827837,None,subset_2.tsv,"['N', 'o', 'n', 'e']",2049,7
6552,,CASSMRSSYEQYF,,,,,,0.00012983640612827837,None,subset_2.tsv,"['N', 'o', 'n', 'e']",2049,7
271,,CASSQRSSYEQYF,,,,,,0.00012983640612827837,None,subset_2.tsv,"['N', 'o', 'n', 'e']",2050,8
6938,,CASSIRSTYEQYF,,,,,,0.00012983640612827837,None,subset_2.tsv,"['N', 'o', 'n', 'e']",2050,8
6942,,CASSIRSSYEQYF,,,,,,0.00012983640612827837,None,subset_2.tsv,"['N', 'o', 'n', 'e']",2050,8
6943,,CASSIRSSYEQFF,,,,,,0.00012983640612827837,None,subset_2.tsv,"['N', 'o', 'n', 'e']",2050,8
6948,,CASSIRSNYEQYF,,,,,,0.00012983640612827837,None,subset_2.tsv,"['N', 'o', 'n', 'e']",2050,8
6952,,CASSIRSGYEQYF,,,,,,0.00012983640612827837,None,subset_2.tsv,"['N', 'o', 'n', 'e']",2050,8
6953,,CASSIRSGYEQFF,,,,,,0.00012983640612827837,None,subset_2.tsv,"['N', 'o', 'n', 'e']",2050,8
6962,,CASSIRSAYEQYF,,,,,,0.00012983640612827837,None,subset_2.tsv,"['N', 'o', 'n', 'e']",2050,8
4769,,CASSFTSSYEQYF,,,,,,0.00012983640612827837,None,subset_2.tsv,"['N', 'o', 'n', 'e']",2051,4
5855,,CASSLTSSYEQYF,,,,,,0.00012983640612827837,None,subset_2.tsv,"['N', 'o', 'n', 'e']",2051,4
5951,,CASSLTLSYEQYF,,,,,,0.00012983640612827837,None,subset_2.tsv,"['N', 'o', 'n', 'e']",2051,4
7089,,CASSITSGYEQYF,,,,,,0.00012983640612827837,None,subset_2.tsv,"['N', 'o', 'n', 'e']",2051,4
64,,CASSSRSGYEQYF,,,,,,0.00025967281225655674,None,subset_2.tsv,"['N', 'o', 'n', 'e']",2052,6
581,,CASSSRSSYEQYF,,,,,,0.00012983640612827837,None,subset_2.tsv,"['N', 'o', 'n', 'e']",2052,6
588,,CASSSRSAYEQYF,,,,,,0.00012983640612827837,None,subset_2.tsv,"['N', 'o', 'n', 'e']",2052,6
3278,,CASSVRSAYEQYF,,,,,,0.00012983640612827837,None,subset_2.tsv,"['N', 'o', 'n', 'e']",2052,6
6089,,CASSLRSSYEQYF,,,,,,0.00012983640612827837,None,subset_2.tsv,"['N', 'o', 'n', 'e']",2052,6
6568,,CASSMRSAYEQYF,,,,,,0.00012983640612827837,None,subset_2.tsv,"['N', 'o', 'n', 'e']",2052,6
587,,CASSSRSGETQYF,,,,,,0.00012983640612827837,None,subset_2.tsv,"['N', 'o', 'n', 'e']",2053,4
4152,,CASSARSGEPQHF,,,,,,0.00012983640612827837,None,subset_2.tsv,"['N', 'o', 'n', 'e']",2053,4
4400,,CASSGRSSQPQHF,,,,,,0.00012983640612827837,None,subset_2.tsv,"['N', 'o', 'n', 'e']",2053,4
4403,,CASSGRSGETQYF,,,,,,0.00012983640612827837,None,subset_2.tsv,"['N', 'o', 'n', 'e']",2053,4
4310,,CASSGTSVHEQYF,,,,,,0.00012983640612827837,None,subset_2.tsv,"['N', 'o', 'n', 'e']",2054,3
4402,,CASSGRSGYEQYF,,,,,,0.00012983640612827837,None,subset_2.tsv,"['N', 'o', 'n', 'e']",2054,3
5704,,CASRGTTGPLPFF,,,,,,0.00012983640612827837,None,subset_2.tsv,"['N', 'o', 'n', 'e']",2054,3
661,,CASSTRSGYEQYF,,,,,,0.00012983640612827837,None,subset_2.tsv,"['N', 'o', 'n', 'e']",2055,4
662,,CASSTRSGWEQYF,,,,,,0.00012983640612827837,None,subset_2.tsv,"['N', 'o', 'n', 'e']",2055,4
4151,,CASSARSSTEQYF,,,,,,0.00012983640612827837,None,subset_2.tsv,"['N', 'o', 'n', 'e']",2055,4
4258,,CASSDRSGTEQYF,,,,,,0.00012983640612827837,None,subset_2.tsv,"['N', 'o', 'n', 'e']",2055,4
659,,CASSTRSSYEQYF,,,,,,0.00012983640612827837,None,subset_2.tsv,"['N', 'o', 'n', 'e']",2056,5
665,,CASSTRSAYEQYF,,,,,,0.00012983640612827837,None,subset_2.tsv,"['N', 'o', 'n', 'e']",2056,5
4147,,CASSARSVYEQYF,,,,,,0.00012983640612827837,None,subset_2.tsv,"['N', 'o', 'n', 'e']",2056,5
4150,,CASSARSSYEQYF,,,,,,0.00012983640612827837,None,subset_2.tsv,"['N', 'o', 'n', 'e']",2056,5
5499,,CASRDLSSYEQYF,,,,,,0.00012983640612827837,None,subset_2.tsv,"['N', 'o', 'n', 'e']",2056,5
154,,CASSRRAAYEQYF,,,,,,0.00012983640612827837,None,subset_2.tsv,"['N', 'o', 'n', 'e']",2057,4
654,,CASSTRAAYEQYF,,,,,,0.00012983640612827837,None,subset_2.tsv,"['N', 'o', 'n', 'e']",2057,4
4262,,CASSDRLAYEQYF,,,,,,0.00012983640612827837,None,subset_2.tsv,"['N', 'o', 'n', 'e']",2057,4
5515,,CASRDRSQYEQYF,,,,,,0.00012983640612827837,None,subset_2.tsv,"['N', 'o', 'n', 'e']",2057,4
5840,,CASSLTGGDTQYF,,,,,,0.00012983640612827837,None,subset_2.tsv,"['N', 'o', 'n', 'e']",2058,3
6135,,CASSLRPGETQYF,,,,,,0.00012983640612827837,None,subset_2.tsv,"['N', 'o', 'n', 'e']",2058,3
6180,,CASSLRGGETQYF,,,,,,0.00012983640612827837,None,subset_2.tsv,"['N', 'o', 'n', 'e']",2058,3
378,,CASSQMGVDTQYF,,,,,,0.00012983640612827837,None,subset_2.tsv,"['N', 'o', 'n', 'e']",2059,2
1143,,CASSQAGGDTQYF,,,,,,0.00012983640612827837,None,subset_2.tsv,"['N', 'o', 'n', 'e']",2059,2
6163,,CASSLQGGNTQYF,,,,,,0.00012983640612827837,None,subset_2.tsv,"['N', 'o', 'n', 'e']",2060,2
6904,,CASSLAGGNTIYF,,,,,,0.00012983640612827837,None,subset_2.tsv,"['N', 'o', 'n', 'e']",2060,2
6636,,CASSLWTGYEQYF,,,,,,0.00012983640612827837,None,subset_2.tsv,"['N', 'o', 'n', 'e']",2061,3
6723,,CASSLATGYEQYF,,,,,,0.00012983640612827837,None,subset_2.tsv,"['N', 'o', 'n', 'e']",2061,3
7484,,CASSLETGYEQYF,,,,,,0.00012983640612827837,None,subset_2.tsv,"['N', 'o', 'n', 'e']",2061,3
6467,,CASSLWRALEQYF,,,,,,0.00012983640612827837,None,subset_2.tsv,"['N', 'o', 'n', 'e']",2062,4
6611,,CASSLYGGDEQYF,,,,,,0.00012983640612827837,None,subset_2.tsv,"['N', 'o', 'n', 'e']",2062,4
6859,,CASSLDGSYEQYF,,,,,,0.00012983640612827837,None,subset_2.tsv,"['N', 'o', 'n', 'e']",2062,4
7284,,CASSLKGRYEQYF,,,,,,0.00012983640612827837,None,subset_2.tsv,"['N', 'o', 'n', 'e']",2062,4
241,,CASSRTGAYEQYF,,,,,,0.00012983640612827837,None,subset_2.tsv,"['N', 'o', 'n', 'e']",2063,4
522,,CASSSTGSYEQYF,,,,,,0.00012983640612827837,None,subset_2.tsv,"['N', 'o', 'n', 'e']",2063,4
527,,CASSSTGGYEQYF,,,,,,0.00012983640612827837,None,subset_2.tsv,"['N', 'o', 'n', 'e']",2063,4
4180,,CASSATGGYEQYF,,,,,,0.00012983640612827837,None,subset_2.tsv,"['N', 'o', 'n', 'e']",2063,4
2204,,CATSLSGSYEQYF,,,,,,0.00012983640612827837,None,subset_2.tsv,"['N', 'o', 'n', 'e']",2064,3
2299,,CATSSLGSYEQYF,,,,,,0.00012983640612827837,None,subset_2.tsv,"['N', 'o', 'n', 'e']",2064,3
3434,,CASTGVGSYEQYF,,,,,,0.00012983640612827837,None,subset_2.tsv,"['N', 'o', 'n', 'e']",2064,3
3226,,CASSVAGRYEQYF,,,,,,0.00012983640612827837,None,subset_2.tsv,"['N', 'o', 'n', 'e']",2065,5
3870,,CASSFAGSYEQYF,,,,,,0.00012983640612827837,None,subset_2.tsv,"['N', 'o', 'n', 'e']",2065,5
6160,,CASSLQGGYEQYF,,,,,,0.00012983640612827837,None,subset_2.tsv,"['N', 'o', 'n', 'e']",2065,5
6755,,CASSLAGGYEQYF,,,,,,0.00012983640612827837,None,subset_2.tsv,"['N', 'o', 'n', 'e']",2065,5
6759,,CASSLAGSYEQYF,,,,,,0.00012983640612827837,None,subset_2.tsv,"['N', 'o', 'n', 'e']",2065,5
442,,CASSQYGGGDQYF,,,,,,0.00012983640612827837,None,subset_2.tsv,"['N', 'o', 'n', 'e']",2066,3
1405,,CASSPPGGSEQYF,,,,,,0.00012983640612827837,None,subset_2.tsv,"['N', 'o', 'n', 'e']",2066,3
1408,,CASSPPGGGEQYF,,,,,,0.00012983640612827837,None,subset_2.tsv,"['N', 'o', 'n', 'e']",2066,3
41,,CASSPPGGNEQFF,,,,,,0.00025967281225655674,None,subset_2.tsv,"['N', 'o', 'n', 'e']",2067,6
1397,,CASSPPGSDEQFF,,,,,,0.00012983640612827837,None,subset_2.tsv,"['N', 'o', 'n', 'e']",2067,6
1432,,CASSPPVGNEQFF,,,,,,0.00012983640612827837,None,subset_2.tsv,"['N', 'o', 'n', 'e']",2067,6
4024,,CASSFEGGNEQFF,,,,,,0.00012983640612827837,None,subset_2.tsv,"['N', 'o', 'n', 'e']",2067,6
6200,,CASSPFGSDEQFF,,,,,,0.00012983640612827837,None,subset_2.tsv,"['N', 'o', 'n', 'e']",2067,6
6223,,CASSPEGANEQFF,,,,,,0.00012983640612827837,None,subset_2.tsv,"['N', 'o', 'n', 'e']",2067,6
291,,CASSQQGGYEQYF,,,,,,0.00012983640612827837,None,subset_2.tsv,"['N', 'o', 'n', 'e']",2068,3
494,,CASSQVGGYEQYF,,,,,,0.00012983640612827837,None,subset_2.tsv,"['N', 'o', 'n', 'e']",2068,3
497,,CASSQVGGDQPQHF,,,,,,0.00012983640612827837,None,subset_2.tsv,"['N', 'o', 'n', 'e']",2068,3
39,,CASSLQGGNEQFF,,,,,,0.00025967281225655674,None,subset_2.tsv,"['N', 'o', 'n', 'e']",2069,2
3580,,CASTVQGGNEQFF,,,,,,0.00012983640612827837,None,subset_2.tsv,"['N', 'o', 'n', 'e']",2069,2
3373,,CASTPAGGHEQYF,,,,,,0.00012983640612827837,None,subset_2.tsv,"['N', 'o', 'n', 'e']",2070,3
4977,,CASIPDGGNEQYF,,,,,,0.00012983640612827837,None,subset_2.tsv,"['N', 'o', 'n', 'e']",2070,3
5141,,CASEEEGRNEQFF,,,,,,0.00012983640612827837,None,subset_2.tsv,"['N', 'o', 'n', 'e']",2070,3
1356,,CASSPQGSDTQYF,,,,,,0.00012983640612827837,None,subset_2.tsv,"['N', 'o', 'n', 'e']",2071,4
3046,,CASSYKGTDTQYF,,,,,,0.00012983640612827837,None,subset_2.tsv,"['N', 'o', 'n', 'e']",2071,4
3834,,CASSEVGRKTQYF,,,,,,0.00012983640612827837,None,subset_2.tsv,"['N', 'o', 'n', 'e']",2071,4
4216,,CASSEFRVDTQYF,,,,,,0.00012983640612827837,None,subset_2.tsv,"['N', 'o', 'n', 'e']",2071,4
1357,,CASSPQGRYEQYF,,,,,,0.00012983640612827837,None,subset_2.tsv,"['N', 'o', 'n', 'e']",2072,6
1425,,CASSPQGAYEQYF,,,,,,0.00012983640612827837,None,subset_2.tsv,"['N', 'o', 'n', 'e']",2072,6
4026,,CASSFEGAYEQYF,,,,,,0.00012983640612827837,None,subset_2.tsv,"['N', 'o', 'n', 'e']",2072,6
4543,,CASSFQGSYEQYF,,,,,,0.00012983640612827837,None,subset_2.tsv,"['N', 'o', 'n', 'e']",2072,6
4558,,CASSFQGGYEQYF,,,,,,0.00012983640612827837,None,subset_2.tsv,"['N', 'o', 'n', 'e']",2072,6
6219,,CASSPEGGYEQYF,,,,,,0.00012983640612827837,None,subset_2.tsv,"['N', 'o', 'n', 'e']",2072,6
1476,,CASSQESGGTQYF,,,,,,0.00012983640612827837,None,subset_2.tsv,"['N', 'o', 'n', 'e']",2073,2
1562,,CASSQELAGTQYF,,,,,,0.00012983640612827837,None,subset_2.tsv,"['N', 'o', 'n', 'e']",2073,2
347,,CASSQITGGHQETQYF,,,,,,0.00012983640612827837,None,subset_2.tsv,"['N', 'o', 'n', 'e']",2074,2
1469,,CASSQETGGNQPQHF,,,,,,0.00012983640612827837,None,subset_2.tsv,"['N', 'o', 'n', 'e']",2074,2
3077,,CASSYASGNTIYF,,,,,,0.00012983640612827837,None,subset_2.tsv,"['N', 'o', 'n', 'e']",2075,2
3804,,CASSYSSGNTIYF,,,,,,0.00012983640612827837,None,subset_2.tsv,"['N', 'o', 'n', 'e']",2075,2
1752,,CASSQAVGNEQFF,,,,,,0.00012983640612827837,None,subset_2.tsv,"['N', 'o', 'n', 'e']",2077,2
7114,,CASSIVRGNEQFF,,,,,,0.00012983640612827837,None,subset_2.tsv,"['N', 'o', 'n', 'e']",2077,2
4261,,CASSEANGREQFF,,,,,,0.00012983640612827837,None,subset_2.tsv,"['N', 'o', 'n', 'e']",2078,2
6269,,CASSPASGNEQYF,,,,,,0.00012983640612827837,None,subset_2.tsv,"['N', 'o', 'n', 'e']",2078,2
2061,,CSARDETGNTIYF,,,,,,0.00012983640612827837,None,subset_2.tsv,"['N', 'o', 'n', 'e']",2079,2
2102,,CSARDIRGNEQFF,,,,,,0.00012983640612827837,None,subset_2.tsv,"['N', 'o', 'n', 'e']",2079,2
2150,,CSAQAERSYEQYF,,,,,,0.00012983640612827837,None,subset_2.tsv,"['N', 'o', 'n', 'e']",2080,5
2424,,CSGVWDGSYEQYF,,,,,,0.00012983640612827837,None,subset_2.tsv,"['N', 'o', 'n', 'e']",2080,5
2489,,CSASRDGGYEQYF,,,,,,0.00012983640612827837,None,subset_2.tsv,"['N', 'o', 'n', 'e']",2080,5
2560,,CSVVRELSYEQYF,,,,,,0.00012983640612827837,None,subset_2.tsv,"['N', 'o', 'n', 'e']",2080,5
2806,,CSASHQGAPEQYF,,,,,,0.00012983640612827837,None,subset_2.tsv,"['N', 'o', 'n', 'e']",2080,5
1936,,CSAGDASSYEQYF,,,,,,0.00012983640612827837,None,subset_2.tsv,"['N', 'o', 'n', 'e']",2082,3
1955,,CSADRDSSYEQYF,,,,,,0.00012983640612827837,None,subset_2.tsv,"['N', 'o', 'n', 'e']",2082,3
2862,,CSARTASSYEQYF,,,,,,0.00012983640612827837,None,subset_2.tsv,"['N', 'o', 'n', 'e']",2082,3
2104,,CSARATSGNEQYF,,,,,,0.00012983640612827837,None,subset_2.tsv,"['N', 'o', 'n', 'e']",2083,2
2608,,CSVEDTSSYEQYF,,,,,,0.00012983640612827837,None,subset_2.tsv,"['N', 'o', 'n', 'e']",2083,2
1962,,CSALDRGSYEQYF,,,,,,0.00012983640612827837,None,subset_2.tsv,"['N', 'o', 'n', 'e']",2084,4
2492,,CSFRDRGRHEQYF,,,,,,0.00012983640612827837,None,subset_2.tsv,"['N', 'o', 'n', 'e']",2084,4
5493,,CASRDRGLLEQYF,,,,,,0.00012983640612827837,None,subset_2.tsv,"['N', 'o', 'n', 'e']",2084,4
5495,,CASRDRGKNEQYF,,,,,,0.00012983640612827837,None,subset_2.tsv,"['N', 'o', 'n', 'e']",2084,4
2486,,CSASRHPFLEQYF,,,,,,0.00012983640612827837,None,subset_2.tsv,"['N', 'o', 'n', 'e']",2085,2
2855,,CSARTRKDWAQYF,,,,,,0.00012983640612827837,None,subset_2.tsv,"['N', 'o', 'n', 'e']",2085,2
1207,,CASSPTSYYEQYF,,,,,,0.00012983640612827837,None,subset_2.tsv,"['N', 'o', 'n', 'e']",2087,2
1436,,CASSPPSYYEQYF,,,,,,0.00012983640612827837,None,subset_2.tsv,"['N', 'o', 'n', 'e']",2087,2
2233,,CATSDEGHLEQYF,,,,,,0.00012983640612827837,None,subset_2.tsv,"['N', 'o', 'n', 'e']",2088,2
4107,,CASSDPGPYEQYF,,,,,,0.00012983640612827837,None,subset_2.tsv,"['N', 'o', 'n', 'e']",2088,2
2196,,CATSPNRAYEQYF,,,,,,0.00012983640612827837,None,subset_2.tsv,"['N', 'o', 'n', 'e']",2089,2
3531,,CATKEEVTYEQYF,,,,,,0.00012983640612827837,None,subset_2.tsv,"['N', 'o', 'n', 'e']",2089,2
2317,,CAWQRWDTDTQYF,,,,,,0.00012983640612827837,None,subset_2.tsv,"['N', 'o', 'n', 'e']",2090,2
3511,,CATQRDETYEQYF,,,,,,0.00012983640612827837,None,subset_2.tsv,"['N', 'o', 'n', 'e']",2090,2
69,,CASSSDSSYEQYF,,,,,,0.00025967281225655674,None,subset_2.tsv,"['N', 'o', 'n', 'e']",2091,4
2284,,CATSSPSSYEQYF,,,,,,0.00012983640612827837,None,subset_2.tsv,"['N', 'o', 'n', 'e']",2091,4
4664,,CASSGESSYEQYF,,,,,,0.00012983640612827837,None,subset_2.tsv,"['N', 'o', 'n', 'e']",2091,4
5120,,CAIRGQSSYEQYF,,,,,,0.00012983640612827837,None,subset_2.tsv,"['N', 'o', 'n', 'e']",2091,4
2307,,CATSSDRGSEQYF,,,,,,0.00012983640612827837,None,subset_2.tsv,"['N', 'o', 'n', 'e']",2092,2
5210,,CAISSDSGDEQFF,,,,,,0.00012983640612827837,None,subset_2.tsv,"['N', 'o', 'n', 'e']",2092,2
206,,CASSSDVGHEQYF,,,,,,0.00012983640612827837,None,subset_2.tsv,"['N', 'o', 'n', 'e']",2093,5
539,,CASSSYLSYEQYF,,,,,,0.00012983640612827837,None,subset_2.tsv,"['N', 'o', 'n', 'e']",2093,5
5988,,CASSLPMLYEQFF,,,,,,0.00012983640612827837,None,subset_2.tsv,"['N', 'o', 'n', 'e']",2093,5
6008,,CASSLPSGYEQYF,,,,,,0.00012983640612827837,None,subset_2.tsv,"['N', 'o', 'n', 'e']",2093,5
6012,,CASSLPQGPEQYF,,,,,,0.00012983640612827837,None,subset_2.tsv,"['N', 'o', 'n', 'e']",2093,5
3123,,CASSVDVAYEQYF,,,,,,0.00012983640612827837,None,subset_2.tsv,"['N', 'o', 'n', 'e']",2094,4
4028,,CASSFDSSYEQYF,,,,,,0.00012983640612827837,None,subset_2.tsv,"['N', 'o', 'n', 'e']",2094,4
4356,,CASSHDRDYEQYF,,,,,,0.00012983640612827837,None,subset_2.tsv,"['N', 'o', 'n', 'e']",2094,4
7123,,CASSKDSAYEQYF,,,,,,0.00012983640612827837,None,subset_2.tsv,"['N', 'o', 'n', 'e']",2094,4
421,,CASSRDHSYEQYF,,,,,,0.00012983640612827837,None,subset_2.tsv,"['N', 'o', 'n', 'e']",2095,3
5345,,CASRRDPPYEQYF,,,,,,0.00012983640612827837,None,subset_2.tsv,"['N', 'o', 'n', 'e']",2095,3
7125,,CASSKDESDEQFF,,,,,,0.00012983640612827837,None,subset_2.tsv,"['N', 'o', 'n', 'e']",2095,3
653,,CASSTQVGYEQYF,,,,,,0.00012983640612827837,None,subset_2.tsv,"['N', 'o', 'n', 'e']",2096,2
4022,,CASSFEQGYEQYF,,,,,,0.00012983640612827837,None,subset_2.tsv,"['N', 'o', 'n', 'e']",2096,2
107,,CASSRLAGNEQYF,,,,,,0.00012983640612827837,None,subset_2.tsv,"['N', 'o', 'n', 'e']",2097,4
144,,CASSRIAGNEQYF,,,,,,0.00012983640612827837,None,subset_2.tsv,"['N', 'o', 'n', 'e']",2097,4
4486,,CASSHLNGYIQYF,,,,,,0.00012983640612827837,None,subset_2.tsv,"['N', 'o', 'n', 'e']",2097,4
4488,,CASSHLLSDIQYF,,,,,,0.00012983640612827837,None,subset_2.tsv,"['N', 'o', 'n', 'e']",2097,4
2057,,CSARDFQGDEQYF,,,,,,0.00012983640612827837,None,subset_2.tsv,"['N', 'o', 'n', 'e']",2098,2
3369,,CASTPDQGGEQYF,,,,,,0.00012983640612827837,None,subset_2.tsv,"['N', 'o', 'n', 'e']",2098,2
2014,,CAWSWPAGRWFFGYTF,,,,,,0.00012983640612827837,None,subset_2.tsv,"['N', 'o', 'n', 'e']",2099,2
4103,,CASSDPQGTMDYRPQHF,,,,,,0.00012983640612827837,None,subset_2.tsv,"['N', 'o', 'n', 'e']",2099,2
739,,CASSSRPGQPQHF,,,,,,0.00012983640612827837,None,subset_2.tsv,"['N', 'o', 'n', 'e']",2100,2
795,,CASSSKEGVLLHF,,,,,,0.00012983640612827837,None,subset_2.tsv,"['N', 'o', 'n', 'e']",2100,2
932,,CASSSNQGDGELFF,,,,,,0.00012983640612827837,None,subset_2.tsv,"['N', 'o', 'n', 'e']",2101,2
6061,,CASSLNQGAKQFF,,,,,,0.00012983640612827837,None,subset_2.tsv,"['N', 'o', 'n', 'e']",2101,2
3466,,CASTLGEGSEAFF,,,,,,0.00012983640612827837,None,subset_2.tsv,"['N', 'o', 'n', 'e']",2103,2
3537,,CASTSRWGTEAFF,,,,,,0.00012983640612827837,None,subset_2.tsv,"['N', 'o', 'n', 'e']",2103,2
1988,,CAWSVTWGTEAFF,,,,,,0.00012983640612827837,None,subset_2.tsv,"['N', 'o', 'n', 'e']",2104,3
3208,,CASSVAFGTEAFF,,,,,,0.00012983640612827837,None,subset_2.tsv,"['N', 'o', 'n', 'e']",2104,3
3283,,CASSVRHGTEAFF,,,,,,0.00012983640612827837,None,subset_2.tsv,"['N', 'o', 'n', 'e']",2104,3
5890,,CASSLVEGTEAFF,,,,,,0.00012983640612827837,None,subset_2.tsv,"['N', 'o', 'n', 'e']",2105,3
6139,,CASSLRDGSEAFF,,,,,,0.00012983640612827837,None,subset_2.tsv,"['N', 'o', 'n', 'e']",2105,3
7074,,CASSLADGTEAFF,,,,,,0.00012983640612827837,None,subset_2.tsv,"['N', 'o', 'n', 'e']",2105,3
7449,,CASSLELGGQFPWDSPLHF,,,,,,0.00012983640612827837,None,subset_2.tsv,"['N', 'o', 'n', 'e']",2106,2
7472,,CASSLFAGGELFF,,,,,,0.00012983640612827837,None,subset_2.tsv,"['N', 'o', 'n', 'e']",2106,2
192,,CASSSFLGAEAFF,,,,,,0.00012983640612827837,None,subset_2.tsv,"['N', 'o', 'n', 'e']",2107,4
3075,,CASSYCCGTEAFF,,,,,,0.00012983640612827837,None,subset_2.tsv,"['N', 'o', 'n', 'e']",2107,4
6633,,CASSLWVGTEAFF,,,,,,0.00012983640612827837,None,subset_2.tsv,"['N', 'o', 'n', 'e']",2107,4
7402,,CASSLFLGTEAFF,,,,,,0.00012983640612827837,None,subset_2.tsv,"['N', 'o', 'n', 'e']",2107,4
6690,,CASSLAPSGEQFF,,,,,,0.00012983640612827837,None,subset_2.tsv,"['N', 'o', 'n', 'e']",2108,4
6705,,CASSLAWTAEQFF,,,,,,0.00012983640612827837,None,subset_2.tsv,"['N', 'o', 'n', 'e']",2108,4
6763,,CASSLAMLNEQFF,,,,,,0.00012983640612827837,None,subset_2.tsv,"['N', 'o', 'n', 'e']",2108,4
6774,,CASSLAHTGELFF,,,,,,0.00012983640612827837,None,subset_2.tsv,"['N', 'o', 'n', 'e']",2108,4
445,,CASSQVLAQEQFF,,,,,,0.00012983640612827837,None,subset_2.tsv,"['N', 'o', 'n', 'e']",2109,3
450,,CASSQVASKELFF,,,,,,0.00012983640612827837,None,subset_2.tsv,"['N', 'o', 'n', 'e']",2109,3
451,,CASSQVASDEQFF,,,,,,0.00012983640612827837,None,subset_2.tsv,"['N', 'o', 'n', 'e']",2109,3
5835,,CASSLSLAGELFF,,,,,,0.00012983640612827837,None,subset_2.tsv,"['N', 'o', 'n', 'e']",2110,2
7301,,CASSLLLAGELFF,,,,,,0.00012983640612827837,None,subset_2.tsv,"['N', 'o', 'n', 'e']",2110,2
1145,,CASSQAELTEAFF,,,,,,0.00012983640612827837,None,subset_2.tsv,"['N', 'o', 'n', 'e']",2112,2
1534,,CASSQEELVLAFF,,,,,,0.00012983640612827837,None,subset_2.tsv,"['N', 'o', 'n', 'e']",2112,2
1728,,CASSQDLRNKAFF,,,,,,0.00012983640612827837,None,subset_2.tsv,"['N', 'o', 'n', 'e']",2113,3
1877,,CASSQDPRREAFF,,,,,,0.00012983640612827837,None,subset_2.tsv,"['N', 'o', 'n', 'e']",2113,3
6877,,CASSLDNFSEAFF,,,,,,0.00012983640612827837,None,subset_2.tsv,"['N', 'o', 'n', 'e']",2113,3
1804,,CASSQDAAGEKLFF,,,,,,0.00012983640612827837,None,subset_2.tsv,"['N', 'o', 'n', 'e']",2114,2
1861,,CASSQDWPAEKLFF,,,,,,0.00012983640612827837,None,subset_2.tsv,"['N', 'o', 'n', 'e']",2114,2
50,,CASSQDSTYEQYF,,,,,,0.00025967281225655674,None,subset_2.tsv,"['N', 'o', 'n', 'e']",2115,4
1730,,CASSQDLRDEQYF,,,,,,0.00012983640612827837,None,subset_2.tsv,"['N', 'o', 'n', 'e']",2115,4
1788,,CASSQDFTYEQYF,,,,,,0.00012983640612827837,None,subset_2.tsv,"['N', 'o', 'n', 'e']",2115,4
1821,,CASSQDSRYNEQFF,,,,,,0.00012983640612827837,None,subset_2.tsv,"['N', 'o', 'n', 'e']",2115,4
4891,,CASGLPPGNEQFF,,,,,,0.00012983640612827837,None,subset_2.tsv,"['N', 'o', 'n', 'e']",2116,2
5546,,CASRFNFGNEQFF,,,,,,0.00012983640612827837,None,subset_2.tsv,"['N', 'o', 'n', 'e']",2116,2
1721,,CASSQDMGQPQHF,,,,,,0.00012983640612827837,None,subset_2.tsv,"['N', 'o', 'n', 'e']",2117,3
1887,,CASSQDPGDEQFF,,,,,,0.00012983640612827837,None,subset_2.tsv,"['N', 'o', 'n', 'e']",2117,3
1915,,CASSQDRGDEQFF,,,,,,0.00012983640612827837,None,subset_2.tsv,"['N', 'o', 'n', 'e']",2117,3
298,,CASSQRSTGELFF,,,,,,0.00012983640612827837,None,subset_2.tsv,"['N', 'o', 'n', 'e']",2118,4
6939,,CASSIRSTGELFF,,,,,,0.00012983640612827837,None,subset_2.tsv,"['N', 'o', 'n', 'e']",2118,4
7004,,CASSILSTGELFF,,,,,,0.00012983640612827837,None,subset_2.tsv,"['N', 'o', 'n', 'e']",2118,4
7097,,CASSISSTGELFF,,,,,,0.00012983640612827837,None,subset_2.tsv,"['N', 'o', 'n', 'e']",2118,4
578,,CASSSRSTGELFF,,,,,,0.00012983640612827837,None,subset_2.tsv,"['N', 'o', 'n', 'e']",2119,8
657,,CASSTRSTGELFF,,,,,,0.00012983640612827837,None,subset_2.tsv,"['N', 'o', 'n', 'e']",2119,8
3274,,CASSVRSTGELFF,,,,,,0.00012983640612827837,None,subset_2.tsv,"['N', 'o', 'n', 'e']",2119,8
3279,,CASSVRSAGELFF,,,,,,0.00012983640612827837,None,subset_2.tsv,"['N', 'o', 'n', 'e']",2119,8
4149,,CASSARSTGELFF,,,,,,0.00012983640612827837,None,subset_2.tsv,"['N', 'o', 'n', 'e']",2119,8
4398,,CASSGRSTGELFF,,,,,,0.00012983640612827837,None,subset_2.tsv,"['N', 'o', 'n', 'e']",2119,8
6564,,CASSMRSTGELFF,,,,,,0.00012983640612827837,None,subset_2.tsv,"['N', 'o', 'n', 'e']",2119,8
7042,,CASSKRSTGELFF,,,,,,0.00012983640612827837,None,subset_2.tsv,"['N', 'o', 'n', 'e']",2119,8
2407,,CSSRMENTGELFF,,,,,,0.00012983640612827837,None,subset_2.tsv,"['N', 'o', 'n', 'e']",2120,2
5658,,CASRNRNTGELFF,,,,,,0.00012983640612827837,None,subset_2.tsv,"['N', 'o', 'n', 'e']",2120,2
4978,,CASIMTAHGELFF,,,,,,0.00012983640612827837,None,subset_2.tsv,"['N', 'o', 'n', 'e']",2121,3
5526,,CASRETARSEQFF,,,,,,0.00012983640612827837,None,subset_2.tsv,"['N', 'o', 'n', 'e']",2121,3
6927,,CASSIRAAGELFF,,,,,,0.00012983640612827837,None,subset_2.tsv,"['N', 'o', 'n', 'e']",2121,3
2880,,CASSWGMTGELFF,,,,,,0.00012983640612827837,None,subset_2.tsv,"['N', 'o', 'n', 'e']",2122,3
3561,,CASTRGYTGELFF,,,,,,0.00012983640612827837,None,subset_2.tsv,"['N', 'o', 'n', 'e']",2122,3
5363,,CASRQGNTGELFF,,,,,,0.00012983640612827837,None,subset_2.tsv,"['N', 'o', 'n', 'e']",2122,3
648,,CASSTLGSGELFF,,,,,,0.00012983640612827837,None,subset_2.tsv,"['N', 'o', 'n', 'e']",2123,2
4392,,CASSGGVTGELFF,,,,,,0.00012983640612827837,None,subset_2.tsv,"['N', 'o', 'n', 'e']",2123,2
677,,CASSTRATGELFF,,,,,,0.00012983640612827837,None,subset_2.tsv,"['N', 'o', 'n', 'e']",2124,3
1991,,CAWSVSARTELFF,,,,,,0.00012983640612827837,None,subset_2.tsv,"['N', 'o', 'n', 'e']",2124,3
3271,,CASSVRVSGELFF,,,,,,0.00012983640612827837,None,subset_2.tsv,"['N', 'o', 'n', 'e']",2124,3
3707,,CASSYQNTGELFF,,,,,,0.00012983640612827837,None,subset_2.tsv,"['N', 'o', 'n', 'e']",2125,3
6197,,CASSPENQGELFF,,,,,,0.00012983640612827837,None,subset_2.tsv,"['N', 'o', 'n', 'e']",2125,3
6289,,CASSPDVTGELFF,,,,,,0.00012983640612827837,None,subset_2.tsv,"['N', 'o', 'n', 'e']",2125,3
3106,,CASSYGEAGELFF,,,,,,0.00012983640612827837,None,subset_2.tsv,"['N', 'o', 'n', 'e']",2126,2
4611,,CASSFLEDGELFF,,,,,,0.00012983640612827837,None,subset_2.tsv,"['N', 'o', 'n', 'e']",2126,2
1550,,CASSQEPTGELFF,,,,,,0.00012983640612827837,None,subset_2.tsv,"['N', 'o', 'n', 'e']",2127,5
3047,,CASSYKDTGELFF,,,,,,0.00012983640612827837,None,subset_2.tsv,"['N', 'o', 'n', 'e']",2127,5
3738,,CASSYTNTGELFF,,,,,,0.00012983640612827837,None,subset_2.tsv,"['N', 'o', 'n', 'e']",2127,5
3898,,CASSELYTGELFF,,,,,,0.00012983640612827837,None,subset_2.tsv,"['N', 'o', 'n', 'e']",2127,5
6432,,CASSPADTGELFF,,,,,,0.00012983640612827837,None,subset_2.tsv,"['N', 'o', 'n', 'e']",2127,5
79,,CASSRFGDTEAFF,,,,,,0.00012983640612827837,None,subset_2.tsv,"['N', 'o', 'n', 'e']",2129,4
3282,,CASSVPREGELFF,,,,,,0.00012983640612827837,None,subset_2.tsv,"['N', 'o', 'n', 'e']",2129,4
4347,,CASSHFRDGEAFF,,,,,,0.00012983640612827837,None,subset_2.tsv,"['N', 'o', 'n', 'e']",2129,4
4354,,CASSHEGKGEQFF,,,,,,0.00012983640612827837,None,subset_2.tsv,"['N', 'o', 'n', 'e']",2129,4
1157,,CASSPTSFGEQFF,,,,,,0.00012983640612827837,None,subset_2.tsv,"['N', 'o', 'n', 'e']",2131,2
1208,,CASSPTSTGELFF,,,,,,0.00012983640612827837,None,subset_2.tsv,"['N', 'o', 'n', 'e']",2131,2
4114,,CASSDMNTGELFF,,,,,,0.00012983640612827837,None,subset_2.tsv,"['N', 'o', 'n', 'e']",2132,2
4297,,CASSDTNTGELFF,,,,,,0.00012983640612827837,None,subset_2.tsv,"['N', 'o', 'n', 'e']",2132,2
3522,,CATNDYTTGELFF,,,,,,0.00012983640612827837,None,subset_2.tsv,"['N', 'o', 'n', 'e']",2133,2
4124,,CASSDISTGELFF,,,,,,0.00012983640612827837,None,subset_2.tsv,"['N', 'o', 'n', 'e']",2133,2
5754,,CASSLTGDGEKLFF,,,,,,0.00012983640612827837,None,subset_2.tsv,"['N', 'o', 'n', 'e']",2134,2
5767,,CASSLTGANEKLFF,,,,,,0.00012983640612827837,None,subset_2.tsv,"['N', 'o', 'n', 'e']",2134,2
5917,,CASSLTGPTEAFF,,,,,,0.00012983640612827837,None,subset_2.tsv,"['N', 'o', 'n', 'e']",2135,4
5930,,CASSLTGVLEAFF,,,,,,0.00012983640612827837,None,subset_2.tsv,"['N', 'o', 'n', 'e']",2135,4
5979,,CASSLPGDTEAFF,,,,,,0.00012983640612827837,None,subset_2.tsv,"['N', 'o', 'n', 'e']",2135,4
5980,,CASSLPGDSEAFF,,,,,,0.00012983640612827837,None,subset_2.tsv,"['N', 'o', 'n', 'e']",2135,4
3237,,CASSVSGGPEAFF,,,,,,0.00012983640612827837,None,subset_2.tsv,"['N', 'o', 'n', 'e']",2136,4
5757,,CASSLTGGAEKLFF,,,,,,0.00012983640612827837,None,subset_2.tsv,"['N', 'o', 'n', 'e']",2136,4
5758,,CASSLTGGAEAFF,,,,,,0.00012983640612827837,None,subset_2.tsv,"['N', 'o', 'n', 'e']",2136,4
6181,,CASSLRGGDEAFF,,,,,,0.00012983640612827837,None,subset_2.tsv,"['N', 'o', 'n', 'e']",2136,4
193,,CASSSFGGRELFF,,,,,,0.00012983640612827837,None,subset_2.tsv,"['N', 'o', 'n', 'e']",2137,3
200,,CASSSEGGGEQFF,,,,,,0.00012983640612827837,None,subset_2.tsv,"['N', 'o', 'n', 'e']",2137,3
900,,CASSSRGGSEAFF,,,,,,0.00012983640612827837,None,subset_2.tsv,"['N', 'o', 'n', 'e']",2137,3
544,,CASSSWGNTEAFF,,,,,,0.00012983640612827837,None,subset_2.tsv,"['N', 'o', 'n', 'e']",2138,3
904,,CASSSRGAHEQFF,,,,,,0.00012983640612827837,None,subset_2.tsv,"['N', 'o', 'n', 'e']",2138,3
3552,,CASTRTGWNEAFF,,,,,,0.00012983640612827837,None,subset_2.tsv,"['N', 'o', 'n', 'e']",2138,3
3773,,CASSYTGIYEQYF,,,,,,0.00012983640612827837,None,subset_2.tsv,"['N', 'o', 'n', 'e']",2139,3
5522,,CASRETGVYEQYF,,,,,,0.00012983640612827837,None,subset_2.tsv,"['N', 'o', 'n', 'e']",2139,3
6914,,CASSIRGAYEQYF,,,,,,0.00012983640612827837,None,subset_2.tsv,"['N', 'o', 'n', 'e']",2139,3
4442,,CASSHTDDWEQYF,,,,,,0.00012983640612827837,None,subset_2.tsv,"['N', 'o', 'n', 'e']",2140,3
5915,,CASSLTGPYEQYF,,,,,,0.00012983640612827837,None,subset_2.tsv,"['N', 'o', 'n', 'e']",2140,3
6586,,CASSNTGRREQYF,,,,,,0.00012983640612827837,None,subset_2.tsv,"['N', 'o', 'n', 'e']",2140,3
2005,,CAWSITDTGELFF,,,,,,0.00012983640612827837,None,subset_2.tsv,"['N', 'o', 'n', 'e']",2142,4
3383,,CASTLTVVLEQFF,,,,,,0.00012983640612827837,None,subset_2.tsv,"['N', 'o', 'n', 'e']",2142,4
3456,,CASTLLDTNEQFF,,,,,,0.00012983640612827837,None,subset_2.tsv,"['N', 'o', 'n', 'e']",2142,4
7327,,CASSLIDAGELFF,,,,,,0.00012983640612827837,None,subset_2.tsv,"['N', 'o', 'n', 'e']",2142,4
2963,,CASSVTDYNEQFF,,,,,,0.00012983640612827837,None,subset_2.tsv,"['N', 'o', 'n', 'e']",2143,2
5771,,CASSLTDYNEQFF,,,,,,0.00012983640612827837,None,subset_2.tsv,"['N', 'o', 'n', 'e']",2143,2
14,,CASSLDSNSPLHF,,,,,,0.00025967281225655674,None,subset_2.tsv,"['N', 'o', 'n', 'e']",2145,4
327,,CASSQPPNSPLHF,,,,,,0.00012983640612827837,None,subset_2.tsv,"['N', 'o', 'n', 'e']",2145,4
1903,,CASSQDRNSPLHF,,,,,,0.00012983640612827837,None,subset_2.tsv,"['N', 'o', 'n', 'e']",2145,4
6895,,CASSLDPNSPLHF,,,,,,0.00012983640612827837,None,subset_2.tsv,"['N', 'o', 'n', 'e']",2145,4
4012,,CASSFFMGSPLHF,,,,,,0.00012983640612827837,None,subset_2.tsv,"['N', 'o', 'n', 'e']",2146,2
4646,,CASSFPDGSPLHF,,,,,,0.00012983640612827837,None,subset_2.tsv,"['N', 'o', 'n', 'e']",2146,2
5957,,CASSLTGYSPLHF,,,,,,0.00012983640612827837,None,subset_2.tsv,"['N', 'o', 'n', 'e']",2148,2
6477,,CASSLWGISPLHF,,,,,,0.00012983640612827837,None,subset_2.tsv,"['N', 'o', 'n', 'e']",2148,2
5764,,CASSLTGDQPQHF,,,,,,0.00012983640612827837,None,subset_2.tsv,"['N', 'o', 'n', 'e']",2149,2
5920,,CASSLTGNEKLFF,,,,,,0.00012983640612827837,None,subset_2.tsv,"['N', 'o', 'n', 'e']",2149,2
5981,,CASSLPGANVLTF,,,,,,0.00012983640612827837,None,subset_2.tsv,"['N', 'o', 'n', 'e']",2150,2
6627,,CASSLYGANVLTF,,,,,,0.00012983640612827837,None,subset_2.tsv,"['N', 'o', 'n', 'e']",2150,2
6628,,CASSLYGAGELFF,,,,,,0.00012983640612827837,None,subset_2.tsv,"['N', 'o', 'n', 'e']",2151,2
6807,,CASSLDSTGELFF,,,,,,0.00012983640612827837,None,subset_2.tsv,"['N', 'o', 'n', 'e']",2151,2
27,,CASSWDSYNEQFF,,,,,,0.00025967281225655674,None,subset_2.tsv,"['N', 'o', 'n', 'e']",2152,2
6806,,CASSLDSYNEQFF,,,,,,0.00012983640612827837,None,subset_2.tsv,"['N', 'o', 'n', 'e']",2152,2
5990,,CASSLPNNNEKLFF,,,,,,0.00012983640612827837,None,subset_2.tsv,"['N', 'o', 'n', 'e']",2153,5
5999,,CASSLPVYNEQFF,,,,,,0.00012983640612827837,None,subset_2.tsv,"['N', 'o', 'n', 'e']",2153,5
6847,,CASSLDAYNEQFF,,,,,,0.00012983640612827837,None,subset_2.tsv,"['N', 'o', 'n', 'e']",2153,5
6891,,CASSLDPYNEQFF,,,,,,0.00012983640612827837,None,subset_2.tsv,"['N', 'o', 'n', 'e']",2153,5
7338,,CASSLHPYNEQFF,,,,,,0.00012983640612827837,None,subset_2.tsv,"['N', 'o', 'n', 'e']",2153,5
6150,,CASSLQGYNEQFF,,,,,,0.00012983640612827837,None,subset_2.tsv,"['N', 'o', 'n', 'e']",2154,2
7491,,CASSLERYNEQFF,,,,,,0.00012983640612827837,None,subset_2.tsv,"['N', 'o', 'n', 'e']",2154,2
370,,CASSQPGENEQFF,,,,,,0.00012983640612827837,None,subset_2.tsv,"['N', 'o', 'n', 'e']",2155,4
1701,,CASSQDGYNEQFF,,,,,,0.00012983640612827837,None,subset_2.tsv,"['N', 'o', 'n', 'e']",2155,4
5613,,CASRLPGYNEQFF,,,,,,0.00012983640612827837,None,subset_2.tsv,"['N', 'o', 'n', 'e']",2155,4
5966,,CASSLPGYNEQFF,,,,,,0.00012983640612827837,None,subset_2.tsv,"['N', 'o', 'n', 'e']",2155,4
3690,,CASSYRGYNEQFF,,,,,,0.00012983640612827837,None,subset_2.tsv,"['N', 'o', 'n', 'e']",2156,4
3775,,CASSYSRPNEQFF,,,,,,0.00012983640612827837,None,subset_2.tsv,"['N', 'o', 'n', 'e']",2156,4
4582,,CASSFRVYNEQFF,,,,,,0.00012983640612827837,None,subset_2.tsv,"['N', 'o', 'n', 'e']",2156,4
4621,,CASSFKRYNEQFF,,,,,,0.00012983640612827837,None,subset_2.tsv,"['N', 'o', 'n', 'e']",2156,4
3197,,CASSTSSYNEQFF,,,,,,0.00012983640612827837,None,subset_2.tsv,"['N', 'o', 'n', 'e']",2157,6
3652,,CASSYRSYNEQFF,,,,,,0.00012983640612827837,None,subset_2.tsv,"['N', 'o', 'n', 'e']",2157,6
4010,,CASSFASHNEQFF,,,,,,0.00012983640612827837,None,subset_2.tsv,"['N', 'o', 'n', 'e']",2157,6
4753,,CASSFWSYNEQFF,,,,,,0.00012983640612827837,None,subset_2.tsv,"['N', 'o', 'n', 'e']",2157,6
5518,,CASRDSSYNEQFF,,,,,,0.00012983640612827837,None,subset_2.tsv,"['N', 'o', 'n', 'e']",2157,6
6563,,CASSMRSTNEQFF,,,,,,0.00012983640612827837,None,subset_2.tsv,"['N', 'o', 'n', 'e']",2157,6
1159,,CASSPTRDNEQFF,,,,,,0.00012983640612827837,None,subset_2.tsv,"['N', 'o', 'n', 'e']",2158,3
1448,,CASSPPPDNEQFF,,,,,,0.00012983640612827837,None,subset_2.tsv,"['N', 'o', 'n', 'e']",2158,3
5599,,CASNYPPDNEQFF,,,,,,0.00012983640612827837,None,subset_2.tsv,"['N', 'o', 'n', 'e']",2158,3
3860,,CASSEVGYNEQFF,,,,,,0.00012983640612827837,None,subset_2.tsv,"['N', 'o', 'n', 'e']",2159,2
3914,,CASSEGTYNEQFF,,,,,,0.00012983640612827837,None,subset_2.tsv,"['N', 'o', 'n', 'e']",2159,2
2157,,CSAPRDSNNEQFF,,,,,,0.00012983640612827837,None,subset_2.tsv,"['N', 'o', 'n', 'e']",2160,2
2875,,CSARRVTYNEQFF,,,,,,0.00012983640612827837,None,subset_2.tsv,"['N', 'o', 'n', 'e']",2160,2
5714,,CASRGRSYNEQFF,,,,,,0.00012983640612827837,None,subset_2.tsv,"['N', 'o', 'n', 'e']",2161,2
5715,,CASRGRSPNEQYF,,,,,,0.00012983640612827837,None,subset_2.tsv,"['N', 'o', 'n', 'e']",2161,2
4790,,CASGRLSYNEQFF,,,,,,0.00012983640612827837,None,subset_2.tsv,"['N', 'o', 'n', 'e']",2162,2
5093,,CAGGTGAYNEQFF,,,,,,0.00012983640612827837,None,subset_2.tsv,"['N', 'o', 'n', 'e']",2162,2
2023,,CSAASGSLNEQFF,,,,,,0.00012983640612827837,None,subset_2.tsv,"['N', 'o', 'n', 'e']",2163,2
2644,,CSARGGSKNIQYF,,,,,,0.00012983640612827837,None,subset_2.tsv,"['N', 'o', 'n', 'e']",2163,2
4810,,CASIGDSPGEQYF,,,,,,0.00012983640612827837,None,subset_2.tsv,"['N', 'o', 'n', 'e']",2164,3
5094,,CAGGGPRDVEQFF,,,,,,0.00012983640612827837,None,subset_2.tsv,"['N', 'o', 'n', 'e']",2164,3
5581,,CASQGDLPGELFF,,,,,,0.00012983640612827837,None,subset_2.tsv,"['N', 'o', 'n', 'e']",2164,3
139,,CASSRKLDSLIYF,,,,,,0.00012983640612827837,None,subset_2.tsv,"['N', 'o', 'n', 'e']",2165,2
936,,CASSSMTDSEQYF,,,,,,0.00012983640612827837,None,subset_2.tsv,"['N', 'o', 'n', 'e']",2165,2
876,,CASSSPTSVEQYF,,,,,,0.00012983640612827837,None,subset_2.tsv,"['N', 'o', 'n', 'e']",2166,2
878,,CASSSPTRLNEQFF,,,,,,0.00012983640612827837,None,subset_2.tsv,"['N', 'o', 'n', 'e']",2166,2
191,,CASSSFSANEKLFF,,,,,,0.00012983640612827837,None,subset_2.tsv,"['N', 'o', 'n', 'e']",2167,2
5452,,CASRWPSTNEKLFF,,,,,,0.00012983640612827837,None,subset_2.tsv,"['N', 'o', 'n', 'e']",2167,2
5724,,CASSLSTGDEKLFF,,,,,,0.00012983640612827837,None,subset_2.tsv,"['N', 'o', 'n', 'e']",2168,2
6097,,CASSLRRSNEKLFF,,,,,,0.00012983640612827837,None,subset_2.tsv,"['N', 'o', 'n', 'e']",2168,2
6494,,CASSLVGVNEKLFF,,,,,,0.00012983640612827837,None,subset_2.tsv,"['N', 'o', 'n', 'e']",2169,4
6539,,CASSLVPANEKLFF,,,,,,0.00012983640612827837,None,subset_2.tsv,"['N', 'o', 'n', 'e']",2169,4
6721,,CASSLATINEKLFF,,,,,,0.00012983640612827837,None,subset_2.tsv,"['N', 'o', 'n', 'e']",2169,4
7493,,CASSLERVSEKLFF,,,,,,0.00012983640612827837,None,subset_2.tsv,"['N', 'o', 'n', 'e']",2169,4
769,,CASSSILANEQFF,,,,,,0.00012983640612827837,None,subset_2.tsv,"['N', 'o', 'n', 'e']",2170,4
4333,,CASSGWVYNEQFF,,,,,,0.00012983640612827837,None,subset_2.tsv,"['N', 'o', 'n', 'e']",2170,4
4378,,CASSGLIYNEQFF,,,,,,0.00012983640612827837,None,subset_2.tsv,"['N', 'o', 'n', 'e']",2170,4
4389,,CASSGILGNEQFF,,,,,,0.00012983640612827837,None,subset_2.tsv,"['N', 'o', 'n', 'e']",2170,4
4318,,CASSGTGRYEKLFF,,,,,,0.00012983640612827837,None,subset_2.tsv,"['N', 'o', 'n', 'e']",2171,2
4918,,CASLGLGANEKLFF,,,,,,0.00012983640612827837,None,subset_2.tsv,"['N', 'o', 'n', 'e']",2171,2
112,,CASSRGGLYEKLFF,,,,,,0.00012983640612827837,None,subset_2.tsv,"['N', 'o', 'n', 'e']",2172,2
4777,,CASSARGMEEKLFF,,,,,,0.00012983640612827837,None,subset_2.tsv,"['N', 'o', 'n', 'e']",2172,2
863,,CASSSQGGNEKLFF,,,,,,0.00012983640612827837,None,subset_2.tsv,"['N', 'o', 'n', 'e']",2173,3
2364,,CATSRARGNEKLFF,,,,,,0.00012983640612827837,None,subset_2.tsv,"['N', 'o', 'n', 'e']",2173,3
4676,,CASSGAVGPEKLFF,,,,,,0.00012983640612827837,None,subset_2.tsv,"['N', 'o', 'n', 'e']",2173,3
2301,,CATSSIFNTEKLFF,,,,,,0.00012983640612827837,None,subset_2.tsv,"['N', 'o', 'n', 'e']",2174,3
4987,,CASKGQATNEKLFF,,,,,,0.00012983640612827837,None,subset_2.tsv,"['N', 'o', 'n', 'e']",2174,3
5442,,CASSAAATNEKLFF,,,,,,0.00012983640612827837,None,subset_2.tsv,"['N', 'o', 'n', 'e']",2174,3
433,,CASSRAGGQPQHF,,,,,,0.00012983640612827837,None,subset_2.tsv,"['N', 'o', 'n', 'e']",2175,3
3257,,CASSVHGAQPQHF,,,,,,0.00012983640612827837,None,subset_2.tsv,"['N', 'o', 'n', 'e']",2175,3
5399,,CASSAMGGQPQHF,,,,,,0.00012983640612827837,None,subset_2.tsv,"['N', 'o', 'n', 'e']",2175,3
2250,,CATRGQGNQPQHF,,,,,,0.00012983640612827837,None,subset_2.tsv,"['N', 'o', 'n', 'e']",2176,2
5693,,CASRGQGNQPQHF,,,,,,0.00012983640612827837,None,subset_2.tsv,"['N', 'o', 'n', 'e']",2176,2
4712,,CASSGGGDQPQHF,,,,,,0.00012983640612827837,None,subset_2.tsv,"['N', 'o', 'n', 'e']",2177,2
5708,,CASRGTGRQPQHF,,,,,,0.00012983640612827837,None,subset_2.tsv,"['N', 'o', 'n', 'e']",2177,2
4316,,CASSGTGYEKLFF,,,,,,0.00012983640612827837,None,subset_2.tsv,"['N', 'o', 'n', 'e']",2178,2
5230,,CASAGTGVEKLFF,,,,,,0.00012983640612827837,None,subset_2.tsv,"['N', 'o', 'n', 'e']",2178,2
3500,,CASWTGGGEKLFF,,,,,,0.00012983640612827837,None,subset_2.tsv,"['N', 'o', 'n', 'e']",2179,3
5074,,CAISGGGNEKLFF,,,,,,0.00012983640612827837,None,subset_2.tsv,"['N', 'o', 'n', 'e']",2179,3
6366,,CAAGGGGTEKLFF,,,,,,0.00012983640612827837,None,subset_2.tsv,"['N', 'o', 'n', 'e']",2179,3
266,,CASSRTGLDEQFF,,,,,,0.00012983640612827837,None,subset_2.tsv,"['N', 'o', 'n', 'e']",2180,5
4319,,CASSGTGLDEQYF,,,,,,0.00012983640612827837,None,subset_2.tsv,"['N', 'o', 'n', 'e']",2180,5
4667,,CASSGEGVNEQFF,,,,,,0.00012983640612827837,None,subset_2.tsv,"['N', 'o', 'n', 'e']",2180,5
5666,,CASRGQGDYEQYF,,,,,,0.00012983640612827837,None,subset_2.tsv,"['N', 'o', 'n', 'e']",2180,5
5687,,CASRGEKAYEQYF,,,,,,0.00012983640612827837,None,subset_2.tsv,"['N', 'o', 'n', 'e']",2180,5
525,,CASSSTGLDTQYF,,,,,,0.00012983640612827837,None,subset_2.tsv,"['N', 'o', 'n', 'e']",2181,5
2292,,CATSSTGLKTQYF,,,,,,0.00012983640612827837,None,subset_2.tsv,"['N', 'o', 'n', 'e']",2181,5
4317,,CASSGTGVGIQYF,,,,,,0.00012983640612827837,None,subset_2.tsv,"['N', 'o', 'n', 'e']",2181,5
5252,,CASRRTGVVTQYF,,,,,,0.00012983640612827837,None,subset_2.tsv,"['N', 'o', 'n', 'e']",2181,5
5695,,CASRGQGVVSQYF,,,,,,0.00012983640612827837,None,subset_2.tsv,"['N', 'o', 'n', 'e']",2181,5
4417,,CASSGQGTETQYF,,,,,,0.00012983640612827837,None,subset_2.tsv,"['N', 'o', 'n', 'e']",2182,2
4418,,CASSGQGPETQYF,,,,,,0.00012983640612827837,None,subset_2.tsv,"['N', 'o', 'n', 'e']",2182,2
4897,,CASIGPGKNIQYF,,,,,,0.00012983640612827837,None,subset_2.tsv,"['N', 'o', 'n', 'e']",2183,2
5273,,CASRRQGENTIYF,,,,,,0.00012983640612827837,None,subset_2.tsv,"['N', 'o', 'n', 'e']",2183,2
2381,,CATSRQGYYGYTF,,,,,,0.00012983640612827837,None,subset_2.tsv,"['N', 'o', 'n', 'e']",2184,2
4419,,CASSGQGAYGYTF,,,,,,0.00012983640612827837,None,subset_2.tsv,"['N', 'o', 'n', 'e']",2184,2
1992,,CAWSVQTPTQHF,,,,,,0.00012983640612827837,None,subset_2.tsv,"['N', 'o', 'n', 'e']",2185,3
2944,,CASSVVGDHEQFF,,,,,,0.00012983640612827837,None,subset_2.tsv,"['N', 'o', 'n', 'e']",2185,3
3525,,CATMGQTYWEQYF,,,,,,0.00012983640612827837,None,subset_2.tsv,"['N', 'o', 'n', 'e']",2185,3
5248,,CARGGKGDTAEAFF,,,,,,0.00012983640612827837,None,subset_2.tsv,"['N', 'o', 'n', 'e']",2186,2
5720,,CASRGQGYTGELFF,,,,,,0.00012983640612827837,None,subset_2.tsv,"['N', 'o', 'n', 'e']",2186,2
4682,,CASSGAGLVDEQFF,,,,,,0.00012983640612827837,None,subset_2.tsv,"['N', 'o', 'n', 'e']",2188,2
5692,,CASRGQGLGQPQHF,,,,,,0.00012983640612827837,None,subset_2.tsv,"['N', 'o', 'n', 'e']",2188,2
862,,CASSSQGGRNEQFF,,,,,,0.00012983640612827837,None,subset_2.tsv,"['N', 'o', 'n', 'e']",2189,2
4416,,CASSGQGTHNEQFF,,,,,,0.00012983640612827837,None,subset_2.tsv,"['N', 'o', 'n', 'e']",2189,2
6017,,CASSLPAFGTQYF,,,,,,0.00012983640612827837,None,subset_2.tsv,"['N', 'o', 'n', 'e']",2191,2
6853,,CASSLDHRGTQYF,,,,,,0.00012983640612827837,None,subset_2.tsv,"['N', 'o', 'n', 'e']",2191,2
443,,CASSQYFSGTEAFF,,,,,,0.00012983640612827837,None,subset_2.tsv,"['N', 'o', 'n', 'e']",2192,2
6875,,CASSLDLRGTEAFF,,,,,,0.00012983640612827837,None,subset_2.tsv,"['N', 'o', 'n', 'e']",2192,2
158,,CASSSDLQGNEQFF,,,,,,0.00012983640612827837,None,subset_2.tsv,"['N', 'o', 'n', 'e']",2193,3
4894,,CASGLNIDGDEQFF,,,,,,0.00012983640612827837,None,subset_2.tsv,"['N', 'o', 'n', 'e']",2193,3
7000,,CASSINRDGDEQFF,,,,,,0.00012983640612827837,None,subset_2.tsv,"['N', 'o', 'n', 'e']",2193,3
6059,,CASSLNREGEQFF,,,,,,0.00012983640612827837,None,subset_2.tsv,"['N', 'o', 'n', 'e']",2196,4
6736,,CASSLAGQGFQHF,,,,,,0.00012983640612827837,None,subset_2.tsv,"['N', 'o', 'n', 'e']",2196,4
6752,,CASSLAGKGAQHF,,,,,,0.00012983640612827837,None,subset_2.tsv,"['N', 'o', 'n', 'e']",2196,4
7057,,CASSLAGEGEQFF,,,,,,0.00012983640612827837,None,subset_2.tsv,"['N', 'o', 'n', 'e']",2196,4
6516,,CASSLVGPREQYF,,,,,,0.00012983640612827837,None,subset_2.tsv,"['N', 'o', 'n', 'e']",2197,3
6524,,CASSLVRDGEQYF,,,,,,0.00012983640612827837,None,subset_2.tsv,"['N', 'o', 'n', 'e']",2197,3
6553,,CASSMVSQGEQFF,,,,,,0.00012983640612827837,None,subset_2.tsv,"['N', 'o', 'n', 'e']",2197,3
1987,,CAWSVVGDLKEAFF,,,,,,0.00012983640612827837,None,subset_2.tsv,"['N', 'o', 'n', 'e']",2199,4
2013,,CAWSVVRKGTEAFF,,,,,,0.00012983640612827837,None,subset_2.tsv,"['N', 'o', 'n', 'e']",2199,4
2367,,CATSRAGQGPEAFF,,,,,,0.00012983640612827837,None,subset_2.tsv,"['N', 'o', 'n', 'e']",2199,4
5579,,CASQLAGDGTEAFF,,,,,,0.00012983640612827837,None,subset_2.tsv,"['N', 'o', 'n', 'e']",2199,4
1144,,CASSQAGEGTEAFF,,,,,,0.00012983640612827837,None,subset_2.tsv,"['N', 'o', 'n', 'e']",2200,7
2912,,CASSWTGLGTEAFF,,,,,,0.00012983640612827837,None,subset_2.tsv,"['N', 'o', 'n', 'e']",2200,7
3174,,CASSVEGLGTEAFF,,,,,,0.00012983640612827837,None,subset_2.tsv,"['N', 'o', 'n', 'e']",2200,7
6019,,CASSLQGEGSMSF,,,,,,0.00012983640612827837,None,subset_2.tsv,"['N', 'o', 'n', 'e']",2200,7
7062,,CASSLAGAGTEAFF,,,,,,0.00012983640612827837,None,subset_2.tsv,"['N', 'o', 'n', 'e']",2200,7
7285,,CASSLKGMGTEAFF,,,,,,0.00012983640612827837,None,subset_2.tsv,"['N', 'o', 'n', 'e']",2200,7
7460,,CASSLEGTGTEAFF,,,,,,0.00012983640612827837,None,subset_2.tsv,"['N', 'o', 'n', 'e']",2200,7
1407,,CASSPQGFQPQHF,,,,,,0.00012983640612827837,None,subset_2.tsv,"['N', 'o', 'n', 'e']",2201,2
2202,,CATSPEGHQPQHF,,,,,,0.00012983640612827837,None,subset_2.tsv,"['N', 'o', 'n', 'e']",2201,2
1360,,CASSPQGHTGELFF,,,,,,0.00012983640612827837,None,subset_2.tsv,"['N', 'o', 'n', 'e']",2202,2
4270,,CASSDQGTTGELFF,,,,,,0.00012983640612827837,None,subset_2.tsv,"['N', 'o', 'n', 'e']",2202,2
1353,,CASSPQGTNEKLFF,,,,,,0.00012983640612827837,None,subset_2.tsv,"['N', 'o', 'n', 'e']",2203,2
4940,,CASNEQGDSEKLFF,,,,,,0.00012983640612827837,None,subset_2.tsv,"['N', 'o', 'n', 'e']",2203,2
387,,CASSRDPLHEQFF,,,,,,0.00012983640612827837,None,subset_2.tsv,"['N', 'o', 'n', 'e']",2204,2
429,,CASSRAPLNEQFF,,,,,,0.00012983640612827837,None,subset_2.tsv,"['N', 'o', 'n', 'e']",2204,2
6287,,CASSPDLVHEQFF,,,,,,0.00012983640612827837,None,subset_2.tsv,"['N', 'o', 'n', 'e']",2205,2
6301,,CASSPDRLNEKLFF,,,,,,0.00012983640612827837,None,subset_2.tsv,"['N', 'o', 'n', 'e']",2205,2
267,,CASSRDRETEKLFF,,,,,,0.00012983640612827837,None,subset_2.tsv,"['N', 'o', 'n', 'e']",2206,3
6292,,CASSPDSYGEKLFF,,,,,,0.00012983640612827837,None,subset_2.tsv,"['N', 'o', 'n', 'e']",2206,3
6930,,CASSIQSEREKLFF,,,,,,0.00012983640612827837,None,subset_2.tsv,"['N', 'o', 'n', 'e']",2206,3
3921,,CASSEPGQAEKLFF,,,,,,0.00012983640612827837,None,subset_2.tsv,"['N', 'o', 'n', 'e']",2207,2
6306,,CASSPDRELPEAFF,,,,,,0.00012983640612827837,None,subset_2.tsv,"['N', 'o', 'n', 'e']",2207,2
1905,,CASSQDRLGPSQFF,,,,,,0.00012983640612827837,None,subset_2.tsv,"['N', 'o', 'n', 'e']",2208,2
6299,,CASSPDRVGTEAFF,,,,,,0.00012983640612827837,None,subset_2.tsv,"['N', 'o', 'n', 'e']",2208,2
2177,,CATSDYTSDTQYF,,,,,,0.00012983640612827837,None,subset_2.tsv,"['N', 'o', 'n', 'e']",2209,3
3181,,CASSTYSIDTQYF,,,,,,0.00012983640612827837,None,subset_2.tsv,"['N', 'o', 'n', 'e']",2209,3
4126,,CASSAYRVDTQYF,,,,,,0.00012983640612827837,None,subset_2.tsv,"['N', 'o', 'n', 'e']",2209,3
721,,CASSTHGADEQYF,,,,,,0.00012983640612827837,None,subset_2.tsv,"['N', 'o', 'n', 'e']",2210,3
5294,,CASRTPRTYEQYF,,,,,,0.00012983640612827837,None,subset_2.tsv,"['N', 'o', 'n', 'e']",2210,3
5346,,CASRRDGSYEQYF,,,,,,0.00012983640612827837,None,subset_2.tsv,"['N', 'o', 'n', 'e']",2210,3
5304,,CASRTDRGDEQFF,,,,,,0.00012983640612827837,None,subset_2.tsv,"['N', 'o', 'n', 'e']",2211,2
6305,,CASSPDRGDEQYF,,,,,,0.00012983640612827837,None,subset_2.tsv,"['N', 'o', 'n', 'e']",2211,2
163,,CASSSDGEGEQYF,,,,,,0.00012983640612827837,None,subset_2.tsv,"['N', 'o', 'n', 'e']",2212,6
422,,CASSRDGAHEQYF,,,,,,0.00012983640612827837,None,subset_2.tsv,"['N', 'o', 'n', 'e']",2212,6
2972,,CASSWDRVREQYF,,,,,,0.00012983640612827837,None,subset_2.tsv,"['N', 'o', 'n', 'e']",2212,6
3141,,CASSVDGKTEQYF,,,,,,0.00012983640612827837,None,subset_2.tsv,"['N', 'o', 'n', 'e']",2212,6
3420,,CASTKDGQREQYF,,,,,,0.00012983640612827837,None,subset_2.tsv,"['N', 'o', 'n', 'e']",2212,6
5432,,CASSADRDHEQYF,,,,,,0.00012983640612827837,None,subset_2.tsv,"['N', 'o', 'n', 'e']",2212,6
1106,,CASSPYGLNEQYF,,,,,,0.00012983640612827837,None,subset_2.tsv,"['N', 'o', 'n', 'e']",2213,2
3070,,CASSYDGLNEQYF,,,,,,0.00012983640612827837,None,subset_2.tsv,"['N', 'o', 'n', 'e']",2213,2
3136,,CASSVDGTRPQHF,,,,,,0.00012983640612827837,None,subset_2.tsv,"['N', 'o', 'n', 'e']",2214,2
3137,,CASSVDGTNEQFF,,,,,,0.00012983640612827837,None,subset_2.tsv,"['N', 'o', 'n', 'e']",2214,2
6822,,CASSLEGPYEQYF,,,,,,0.00012983640612827837,None,subset_2.tsv,"['N', 'o', 'n', 'e']",2215,3
6823,,CASSLEGPDTQYF,,,,,,0.00012983640612827837,None,subset_2.tsv,"['N', 'o', 'n', 'e']",2215,3
7459,,CASSLEGTHEQYF,,,,,,0.00012983640612827837,None,subset_2.tsv,"['N', 'o', 'n', 'e']",2215,3
1515,,CASSQEGPSEQYF,,,,,,0.00012983640612827837,None,subset_2.tsv,"['N', 'o', 'n', 'e']",2216,2
3085,,CASSYAGEEEQYF,,,,,,0.00012983640612827837,None,subset_2.tsv,"['N', 'o', 'n', 'e']",2216,2
6821,,CASSLEGQETQYF,,,,,,0.00012983640612827837,None,subset_2.tsv,"['N', 'o', 'n', 'e']",2217,2
6882,,CASSLDREETQYF,,,,,,0.00012983640612827837,None,subset_2.tsv,"['N', 'o', 'n', 'e']",2217,2
6873,,CASSLDDTDTQYF,,,,,,0.00012983640612827837,None,subset_2.tsv,"['N', 'o', 'n', 'e']",2218,2
6896,,CASSLDPLDTQYF,,,,,,0.00012983640612827837,None,subset_2.tsv,"['N', 'o', 'n', 'e']",2218,2
3460,,CASTLITGELFF,,,,,,0.00012983640612827837,None,subset_2.tsv,"['N', 'o', 'n', 'e']",2219,3
6034,,CASSLNTGELFF,,,,,,0.00012983640612827837,None,subset_2.tsv,"['N', 'o', 'n', 'e']",2219,3
6725,,CASSLATGELFF,,,,,,0.00012983640612827837,None,subset_2.tsv,"['N', 'o', 'n', 'e']",2219,3
6004,,CASSLPTGEQFF,,,,,,0.00012983640612827837,None,subset_2.tsv,"['N', 'o', 'n', 'e']",2220,2
6610,,CASSLWTGNQYF,,,,,,0.00012983640612827837,None,subset_2.tsv,"['N', 'o', 'n', 'e']",2220,2
36,,CASSFDTGELFF,,,,,,0.00025967281225655674,None,subset_2.tsv,"['N', 'o', 'n', 'e']",2221,3
70,,CASSYYTGELFF,,,,,,0.00025967281225655674,None,subset_2.tsv,"['N', 'o', 'n', 'e']",2221,3
6290,,CASSPDTGELFF,,,,,,0.00012983640612827837,None,subset_2.tsv,"['N', 'o', 'n', 'e']",2221,3
3043,,CASSYKTGESYNEQFF,,,,,,0.00012983640612827837,None,subset_2.tsv,"['N', 'o', 'n', 'e']",2222,2
4011,,CASSFEGGYTF,,,,,,0.00012983640612827837,None,subset_2.tsv,"['N', 'o', 'n', 'e']",2222,2
770,,CASSSINTEAFF,,,,,,0.00012983640612827837,None,subset_2.tsv,"['N', 'o', 'n', 'e']",2223,3
6021,,CASSLMNTEAFF,,,,,,0.00012983640612827837,None,subset_2.tsv,"['N', 'o', 'n', 'e']",2223,3
6147,,CASSLQSTEAFF,,,,,,0.00012983640612827837,None,subset_2.tsv,"['N', 'o', 'n', 'e']",2223,3
5869,,CASSLTSGEQFF,,,,,,0.00012983640612827837,None,subset_2.tsv,"['N', 'o', 'n', 'e']",2224,2
7351,,CASSLIVGEQFF,,,,,,0.00012983640612827837,None,subset_2.tsv,"['N', 'o', 'n', 'e']",2224,2
1990,,CAWSVSASEQFF,,,,,,0.00012983640612827837,None,subset_2.tsv,"['N', 'o', 'n', 'e']",2225,2
5422,,CASSANSGEQFF,,,,,,0.00012983640612827837,None,subset_2.tsv,"['N', 'o', 'n', 'e']",2225,2
6436,,CASSLWADEAFF,,,,,,0.00012983640612827837,None,subset_2.tsv,"['N', 'o', 'n', 'e']",2226,2
7443,,CASSLEQAEAFF,,,,,,0.00012983640612827837,None,subset_2.tsv,"['N', 'o', 'n', 'e']",2226,2
7080,,CASSLAAREQFF,,,,,,0.00012983640612827837,None,subset_2.tsv,"['N', 'o', 'n', 'e']",2227,2
7256,,CASSLGQREQFF,,,,,,0.00012983640612827837,None,subset_2.tsv,"['N', 'o', 'n', 'e']",2227,2
788,,CASSSLANEQFF,,,,,,0.00012983640612827837,None,subset_2.tsv,"['N', 'o', 'n', 'e']",2228,3
6443,,CASSLVVTEQFF,,,,,,0.00012983640612827837,None,subset_2.tsv,"['N', 'o', 'n', 'e']",2228,3
7366,,CASSLINNEQFF,,,,,,0.00012983640612827837,None,subset_2.tsv,"['N', 'o', 'n', 'e']",2228,3
9,,CASSLVAGELFF,,,,,,0.00038950921838483513,None,subset_2.tsv,"['N', 'o', 'n', 'e']",2229,5
476,,CASSQVEGELFF,,,,,,0.00012983640612827837,None,subset_2.tsv,"['N', 'o', 'n', 'e']",2229,5
6064,,CASSLNPGELFF,,,,,,0.00012983640612827837,None,subset_2.tsv,"['N', 'o', 'n', 'e']",2229,5
6528,,CASSLVQGYTF,,,,,,0.00012983640612827837,None,subset_2.tsv,"['N', 'o', 'n', 'e']",2229,5
6702,,CASSLAYGYTF,,,,,,0.00012983640612827837,None,subset_2.tsv,"['N', 'o', 'n', 'e']",2229,5
1,,CASSLGAGELFF,,,,,,0.0005193456245131135,None,subset_2.tsv,"['N', 'o', 'n', 'e']",2230,2
7166,,CASSLGSGELFF,,,,,,0.00012983640612827837,None,subset_2.tsv,"['N', 'o', 'n', 'e']",2230,2
4512,,CASSHLRGEAFF,,,,,,0.00012983640612827837,None,subset_2.tsv,"['N', 'o', 'n', 'e']",2231,2
5426,,CASSAGSGEAFF,,,,,,0.00012983640612827837,None,subset_2.tsv,"['N', 'o', 'n', 'e']",2231,2
287,,CASSQRAGELFF,,,,,,0.00012983640612827837,None,subset_2.tsv,"['N', 'o', 'n', 'e']",2232,2
3807,,CASSYTAGELFF,,,,,,0.00012983640612827837,None,subset_2.tsv,"['N', 'o', 'n', 'e']",2232,2
3453,,CASTLMDGYTF,,,,,,0.00012983640612827837,None,subset_2.tsv,"['N', 'o', 'n', 'e']",2234,4
3461,,CASTLGYGYTF,,,,,,0.00012983640612827837,None,subset_2.tsv,"['N', 'o', 'n', 'e']",2234,4
5222,,CANRQGPGELFF,,,,,,0.00012983640612827837,None,subset_2.tsv,"['N', 'o', 'n', 'e']",2234,4
5361,,CASRQGYGYTF,,,,,,0.00012983640612827837,None,subset_2.tsv,"['N', 'o', 'n', 'e']",2234,4
3858,,CASSESKGYTF,,,,,,0.00012983640612827837,None,subset_2.tsv,"['N', 'o', 'n', 'e']",2235,2
3911,,CASSEGWGYTF,,,,,,0.00012983640612827837,None,subset_2.tsv,"['N', 'o', 'n', 'e']",2235,2
1572,,CASSQGTGELFF,,,,,,0.00012983640612827837,None,subset_2.tsv,"['N', 'o', 'n', 'e']",2236,2
5596,,CASPEGTGELFF,,,,,,0.00012983640612827837,None,subset_2.tsv,"['N', 'o', 'n', 'e']",2236,2
10,,CASSPSPYEQYF,,,,,,0.00025967281225655674,None,subset_2.tsv,"['N', 'o', 'n', 'e']",2237,3
1299,,CASSPGYYEQYF,,,,,,0.00012983640612827837,None,subset_2.tsv,"['N', 'o', 'n', 'e']",2237,3
4735,,CASSFSPYEQYF,,,,,,0.00012983640612827837,None,subset_2.tsv,"['N', 'o', 'n', 'e']",2237,3
280,,CASSQRHNEQFF,,,,,,0.00012983640612827837,None,subset_2.tsv,"['N', 'o', 'n', 'e']",2238,3
1389,,CASSPRDIEQFF,,,,,,0.00012983640612827837,None,subset_2.tsv,"['N', 'o', 'n', 'e']",2238,3
3941,,CASSERDNEQFF,,,,,,0.00012983640612827837,None,subset_2.tsv,"['N', 'o', 'n', 'e']",2238,3
977,,CASSPSNNEQFF,,,,,,0.00012983640612827837,None,subset_2.tsv,"['N', 'o', 'n', 'e']",2239,5
2877,,CATRFSYNEQFF,,,,,,0.00012983640612827837,None,subset_2.tsv,"['N', 'o', 'n', 'e']",2239,5
3992,,CASSFGYNEQFF,,,,,,0.00012983640612827837,None,subset_2.tsv,"['N', 'o', 'n', 'e']",2239,5
4966,,CASITKYNEQFF,,,,,,0.00012983640612827837,None,subset_2.tsv,"['N', 'o', 'n', 'e']",2239,5
5184,,CASGDSPNEQYF,,,,,,0.00012983640612827837,None,subset_2.tsv,"['N', 'o', 'n', 'e']",2239,5
1602,,CASSQGYHEQFF,,,,,,0.00012983640612827837,None,subset_2.tsv,"['N', 'o', 'n', 'e']",2240,4
1645,,CASSQGGNEQFF,,,,,,0.00012983640612827837,None,subset_2.tsv,"['N', 'o', 'n', 'e']",2240,4
5355,,CASRQSFNEQFF,,,,,,0.00012983640612827837,None,subset_2.tsv,"['N', 'o', 'n', 'e']",2240,4
5554,,CASNQGLNEQFF,,,,,,0.00012983640612827837,None,subset_2.tsv,"['N', 'o', 'n', 'e']",2240,4
5779,,CASSLSYNEQFF,,,,,,0.00012983640612827837,None,subset_2.tsv,"['N', 'o', 'n', 'e']",2241,3
6696,,CASSLAPFEAFF,,,,,,0.00012983640612827837,None,subset_2.tsv,"['N', 'o', 'n', 'e']",2241,3
7073,,CASSLADNEQFF,,,,,,0.00012983640612827837,None,subset_2.tsv,"['N', 'o', 'n', 'e']",2241,3
1095,,CASSQGYIDQVF,,,,,,0.00012983640612827837,None,subset_2.tsv,"['N', 'o', 'n', 'e']",2242,2
7503,,CASSLGKVQYF,,,,,,0.00012983640612827837,None,subset_2.tsv,"['N', 'o', 'n', 'e']",2242,2
2248,,CATRHLNTEAFF,,,,,,0.00012983640612827837,None,subset_2.tsv,"['N', 'o', 'n', 'e']",2243,4
2315,,CAWRQLNTEAFF,,,,,,0.00012983640612827837,None,subset_2.tsv,"['N', 'o', 'n', 'e']",2243,4
3524,,CATMIWATEAFF,,,,,,0.00012983640612827837,None,subset_2.tsv,"['N', 'o', 'n', 'e']",2243,4
5582,,CASQFMNTEAFF,,,,,,0.00012983640612827837,None,subset_2.tsv,"['N', 'o', 'n', 'e']",2243,4
1777,,CASSQAYTEAFF,,,,,,0.00012983640612827837,None,subset_2.tsv,"['N', 'o', 'n', 'e']",2244,6
3299,,CASSVGHTEAFF,,,,,,0.00012983640612827837,None,subset_2.tsv,"['N', 'o', 'n', 'e']",2244,6
3748,,CASTFGKTEAFF,,,,,,0.00012983640612827837,None,subset_2.tsv,"['N', 'o', 'n', 'e']",2244,6
4998,,CASKQGNTEAFF,,,,,,0.00012983640612827837,None,subset_2.tsv,"['N', 'o', 'n', 'e']",2244,6
5631,,CASRIGYTEAFF,,,,,,0.00012983640612827837,None,subset_2.tsv,"['N', 'o', 'n', 'e']",2244,6
7104,,CASSISNTEAFF,,,,,,0.00012983640612827837,None,subset_2.tsv,"['N', 'o', 'n', 'e']",2244,6
3000,,CASSYGSFEAFF,,,,,,0.00012983640612827837,None,subset_2.tsv,"['N', 'o', 'n', 'e']",2245,4
3057,,CASSYGLTEAFF,,,,,,0.00012983640612827837,None,subset_2.tsv,"['N', 'o', 'n', 'e']",2245,4
3856,,CASSESLTEAFF,,,,,,0.00012983640612827837,None,subset_2.tsv,"['N', 'o', 'n', 'e']",2245,4
3972,,CASSFGNPEAFF,,,,,,0.00012983640612827837,None,subset_2.tsv,"['N', 'o', 'n', 'e']",2245,4
1578,,CASSQGSREAFF,,,,,,0.00012983640612827837,None,subset_2.tsv,"['N', 'o', 'n', 'e']",2246,6
3581,,CASTVGSTEAFF,,,,,,0.00012983640612827837,None,subset_2.tsv,"['N', 'o', 'n', 'e']",2246,6
4994,,CASKRGSTEAFF,,,,,,0.00012983640612827837,None,subset_2.tsv,"['N', 'o', 'n', 'e']",2246,6
6971,,CASSIGSGEAFF,,,,,,0.00012983640612827837,None,subset_2.tsv,"['N', 'o', 'n', 'e']",2246,6
7160,,CASSLGSTEAFF,,,,,,0.00012983640612827837,None,subset_2.tsv,"['N', 'o', 'n', 'e']",2246,6
7169,,CASSLGSAEAFF,,,,,,0.00012983640612827837,None,subset_2.tsv,"['N', 'o', 'n', 'e']",2246,6
3008,,CASSYGTEAFF,,,,,,0.00012983640612827837,None,subset_2.tsv,"['N', 'o', 'n', 'e']",2247,3
3919,,CASSEGTEAFF,,,,,,0.00012983640612827837,None,subset_2.tsv,"['N', 'o', 'n', 'e']",2247,3
6320,,CASSPGTEAFF,,,,,,0.00012983640612827837,None,subset_2.tsv,"['N', 'o', 'n', 'e']",2247,3
5056,,CAISESTERYYGYTF,,,,,,0.00012983640612827837,None,subset_2.tsv,"['N', 'o', 'n', 'e']",2248,2
6318,,CASSPGTENNYGYTF,,,,,,0.00012983640612827837,None,subset_2.tsv,"['N', 'o', 'n', 'e']",2248,2
6242,,CASSPGGDEQFF,,,,,,0.00012983640612827837,None,subset_2.tsv,"['N', 'o', 'n', 'e']",2249,3
6354,,CASSPGTTEAFF,,,,,,0.00012983640612827837,None,subset_2.tsv,"['N', 'o', 'n', 'e']",2249,3
6364,,CASSPGTNEQFF,,,,,,0.00012983640612827837,None,subset_2.tsv,"['N', 'o', 'n', 'e']",2249,3
2198,,CATSPGSTQYF,,,,,,0.00012983640612827837,None,subset_2.tsv,"['N', 'o', 'n', 'e']",2250,2
4217,,CASSEGATQYF,,,,,,0.00012983640612827837,None,subset_2.tsv,"['N', 'o', 'n', 'e']",2250,2
126,,CASSRGLAQYF,,,,,,0.00012983640612827837,None,subset_2.tsv,"['N', 'o', 'n', 'e']",2251,2
2882,,CASSWGSEQYF,,,,,,0.00012983640612827837,None,subset_2.tsv,"['N', 'o', 'n', 'e']",2251,2
2290,,CATSSVTGELFF,,,,,,0.00012983640612827837,None,subset_2.tsv,"['N', 'o', 'n', 'e']",2253,4
2320,,CAWNGLTGELFF,,,,,,0.00012983640612827837,None,subset_2.tsv,"['N', 'o', 'n', 'e']",2253,4
4923,,CASLALTGELFF,,,,,,0.00012983640612827837,None,subset_2.tsv,"['N', 'o', 'n', 'e']",2253,4
5190,,CASARTTGELFF,,,,,,0.00012983640612827837,None,subset_2.tsv,"['N', 'o', 'n', 'e']",2253,4
765,,CASSSGTSEAFF,,,,,,0.00012983640612827837,None,subset_2.tsv,"['N', 'o', 'n', 'e']",2254,2
7184,,CASSLGTVEAFF,,,,,,0.00012983640612827837,None,subset_2.tsv,"['N', 'o', 'n', 'e']",2254,2
2009,,CAWSGGTTEAFF,,,,,,0.00012983640612827837,None,subset_2.tsv,"['N', 'o', 'n', 'e']",2255,2
2305,,CATSSGGTEAFF,,,,,,0.00012983640612827837,None,subset_2.tsv,"['N', 'o', 'n', 'e']",2255,2
2496,,CSAYTGGGYTF,,,,,,0.00012983640612827837,None,subset_2.tsv,"['N', 'o', 'n', 'e']",2256,2
2575,,CSVTGSSGYTF,,,,,,0.00012983640612827837,None,subset_2.tsv,"['N', 'o', 'n', 'e']",2256,2
2146,,CSAQVTGGYTF,,,,,,0.00012983640612827837,None,subset_2.tsv,"['N', 'o', 'n', 'e']",2257,2
3519,,CATQDGRGYTF,,,,,,0.00012983640612827837,None,subset_2.tsv,"['N', 'o', 'n', 'e']",2257,2
2060,,CSARDGTTEAFF,,,,,,0.00012983640612827837,None,subset_2.tsv,"['N', 'o', 'n', 'e']",2258,3
2097,,CSARDLGGEAFF,,,,,,0.00012983640612827837,None,subset_2.tsv,"['N', 'o', 'n', 'e']",2258,3
2769,,CSASAGLAEAFF,,,,,,0.00012983640612827837,None,subset_2.tsv,"['N', 'o', 'n', 'e']",2258,3
2647,,CSARGGGNEQFF,,,,,,0.00012983640612827837,None,subset_2.tsv,"['N', 'o', 'n', 'e']",2259,2
2870,,CSARSGTGELFF,,,,,,0.00012983640612827837,None,subset_2.tsv,"['N', 'o', 'n', 'e']",2259,2
2594,,CSVEKGTGELFF,,,,,,0.00012983640612827837,None,subset_2.tsv,"['N', 'o', 'n', 'e']",2260,2
5095,,CAGATGLGEQFF,,,,,,0.00012983640612827837,None,subset_2.tsv,"['N', 'o', 'n', 'e']",2260,2
2158,,CSAPRAGTEAFF,,,,,,0.00012983640612827837,None,subset_2.tsv,"['N', 'o', 'n', 'e']",2261,3
2159,,CSAPQDGFEAFF,,,,,,0.00012983640612827837,None,subset_2.tsv,"['N', 'o', 'n', 'e']",2261,3
2595,,CSVEIWGSEAFF,,,,,,0.00012983640612827837,None,subset_2.tsv,"['N', 'o', 'n', 'e']",2261,3
2016,,CSAAKTRGQAPNQPQHF,,,,,,0.00012983640612827837,None,subset_2.tsv,"['N', 'o', 'n', 'e']",2262,2
2117,,CSANWFGRRFSNQPQHF,,,,,,0.00012983640612827837,None,subset_2.tsv,"['N', 'o', 'n', 'e']",2262,2
2178,,CATSDYAGELFF,,,,,,0.00012983640612827837,None,subset_2.tsv,"['N', 'o', 'n', 'e']",2264,2
4085,,CASSDERGELFF,,,,,,0.00012983640612827837,None,subset_2.tsv,"['N', 'o', 'n', 'e']",2264,2
1122,,CASSPVTGELFF,,,,,,0.00012983640612827837,None,subset_2.tsv,"['N', 'o', 'n', 'e']",2265,3
2257,,CATSDRTGELFF,,,,,,0.00012983640612827837,None,subset_2.tsv,"['N', 'o', 'n', 'e']",2265,3
4275,,CASSDSSGELFF,,,,,,0.00012983640612827837,None,subset_2.tsv,"['N', 'o', 'n', 'e']",2265,3
1999,,CAWSVASGELFF,,,,,,0.00012983640612827837,None,subset_2.tsv,"['N', 'o', 'n', 'e']",2266,5
2283,,CAWRWATREAFF,,,,,,0.00012983640612827837,None,subset_2.tsv,"['N', 'o', 'n', 'e']",2266,5
5140,,CASEENTGELFF,,,,,,0.00012983640612827837,None,subset_2.tsv,"['N', 'o', 'n', 'e']",2266,5
5237,,CARYRHLGEAFF,,,,,,0.00012983640612827837,None,subset_2.tsv,"['N', 'o', 'n', 'e']",2266,5
5239,,CARTDNTGELFF,,,,,,0.00012983640612827837,None,subset_2.tsv,"['N', 'o', 'n', 'e']",2266,5
2562,,CSVVLVAGELFF,,,,,,0.00012983640612827837,None,subset_2.tsv,"['N', 'o', 'n', 'e']",2267,2
5090,,CAGKLDPGELFF,,,,,,0.00012983640612827837,None,subset_2.tsv,"['N', 'o', 'n', 'e']",2267,2
4896,,CASIGGFPEAFF,,,,,,0.00012983640612827837,None,subset_2.tsv,"['N', 'o', 'n', 'e']",2269,2
4925,,CASMGTAHEAFF,,,,,,0.00012983640612827837,None,subset_2.tsv,"['N', 'o', 'n', 'e']",2269,2
2034,,CRGTAVNTEAFF,,,,,,0.00012983640612827837,None,subset_2.tsv,"['N', 'o', 'n', 'e']",2270,7
2553,,CSVVGLNTEAFF,,,,,,0.00012983640612827837,None,subset_2.tsv,"['N', 'o', 'n', 'e']",2270,7
3503,,CATGTVNTEAFF,,,,,,0.00012983640612827837,None,subset_2.tsv,"['N', 'o', 'n', 'e']",2270,7
4823,,CASGTMNTEAFF,,,,,,0.00012983640612827837,None,subset_2.tsv,"['N', 'o', 'n', 'e']",2270,7
4985,,CASKGAVTEAFF,,,,,,0.00012983640612827837,None,subset_2.tsv,"['N', 'o', 'n', 'e']",2270,7
5197,,CALVGLNTEAFF,,,,,,0.00012983640612827837,None,subset_2.tsv,"['N', 'o', 'n', 'e']",2270,7
5349,,CASRRANTEAFF,,,,,,0.00012983640612827837,None,subset_2.tsv,"['N', 'o', 'n', 'e']",2270,7
2129,,CSALSGNTIYF,,,,,,0.00012983640612827837,None,subset_2.tsv,"['N', 'o', 'n', 'e']",2271,3
2403,,CSLLNGNTIYF,,,,,,0.00012983640612827837,None,subset_2.tsv,"['N', 'o', 'n', 'e']",2271,3
2859,,CSARTGNTIYF,,,,,,0.00012983640612827837,None,subset_2.tsv,"['N', 'o', 'n', 'e']",2271,3
2020,,CSAATGNTEAFF,,,,,,0.00012983640612827837,None,subset_2.tsv,"['N', 'o', 'n', 'e']",2272,5
2116,,CSAPDLNTEAFF,,,,,,0.00012983640612827837,None,subset_2.tsv,"['N', 'o', 'n', 'e']",2272,5
2528,,CSVRDMNTEAFF,,,,,,0.00012983640612827837,None,subset_2.tsv,"['N', 'o', 'n', 'e']",2272,5
2767,,CSASAGNTEAFF,,,,,,0.00012983640612827837,None,subset_2.tsv,"['N', 'o', 'n', 'e']",2272,5
2823,,CSARRGNTEAFF,,,,,,0.00012983640612827837,None,subset_2.tsv,"['N', 'o', 'n', 'e']",2272,5
5081,,CAIEVTDTQYF,,,,,,0.00012983640612827837,None,subset_2.tsv,"['N', 'o', 'n', 'e']",2275,2
5096,,CAGARVDTQYF,,,,,,0.00012983640612827837,None,subset_2.tsv,"['N', 'o', 'n', 'e']",2275,2
2045,,CSALLRGEQYF,,,,,,0.00012983640612827837,None,subset_2.tsv,"['N', 'o', 'n', 'e']",2277,2
2510,,CSATVLGEQYF,,,,,,0.00012983640612827837,None,subset_2.tsv,"['N', 'o', 'n', 'e']",2277,2
2679,,CSARGWDTQYF,,,,,,0.00012983640612827837,None,subset_2.tsv,"['N', 'o', 'n', 'e']",2278,3
2825,,CSARREGTQYF,,,,,,0.00012983640612827837,None,subset_2.tsv,"['N', 'o', 'n', 'e']",2278,3
2847,,CSARLVDTQYF,,,,,,0.00012983640612827837,None,subset_2.tsv,"['N', 'o', 'n', 'e']",2278,3
4901,,CASMGGETQYF,,,,,,0.00012983640612827837,None,subset_2.tsv,"['N', 'o', 'n', 'e']",2279,4
5011,,CASKGTDTQYF,,,,,,0.00012983640612827837,None,subset_2.tsv,"['N', 'o', 'n', 'e']",2279,4
5167,,CASGGGDTQYF,,,,,,0.00012983640612827837,None,subset_2.tsv,"['N', 'o', 'n', 'e']",2279,4
5675,,CASRGLETQYF,,,,,,0.00012983640612827837,None,subset_2.tsv,"['N', 'o', 'n', 'e']",2279,4
505,,CASSSGETQYF,,,,,,0.00012983640612827837,None,subset_2.tsv,"['N', 'o', 'n', 'e']",2280,4
569,,CASSSSDTQYF,,,,,,0.00012983640612827837,None,subset_2.tsv,"['N', 'o', 'n', 'e']",2280,4
5154,,CASAVGETQYF,,,,,,0.00012983640612827837,None,subset_2.tsv,"['N', 'o', 'n', 'e']",2280,4
6123,,CASSLSDTQYF,,,,,,0.00012983640612827837,None,subset_2.tsv,"['N', 'o', 'n', 'e']",2280,4
3219,,CASSVANTQYF,,,,,,0.00012983640612827837,None,subset_2.tsv,"['N', 'o', 'n', 'e']",2281,2
4815,,CASHSGNTIYF,,,,,,0.00012983640612827837,None,subset_2.tsv,"['N', 'o', 'n', 'e']",2281,2
1971,,CSAISGDTQYF,,,,,,0.00012983640612827837,None,subset_2.tsv,"['N', 'o', 'n', 'e']",2282,3
2122,,CSANGGDTEAFF,,,,,,0.00012983640612827837,None,subset_2.tsv,"['N', 'o', 'n', 'e']",2282,3
2525,,CSVRGGDGELFF,,,,,,0.00012983640612827837,None,subset_2.tsv,"['N', 'o', 'n', 'e']",2282,3
2244,,CATRVGDTEAFF,,,,,,0.00012983640612827837,None,subset_2.tsv,"['N', 'o', 'n', 'e']",2283,2
5143,,CASDSGDEQEAFF,,,,,,0.00012983640612827837,None,subset_2.tsv,"['N', 'o', 'n', 'e']",2283,2
3523,,CATMVTYF,,,,,,0.00012983640612827837,None,subset_2.tsv,"['N', 'o', 'n', 'e']",2284,3
4791,,CASGRLDEQFF,,,,,,0.00012983640612827837,None,subset_2.tsv,"['N', 'o', 'n', 'e']",2284,3
5238,,CARTSNQPQHF,,,,,,0.00012983640612827837,None,subset_2.tsv,"['N', 'o', 'n', 'e']",2284,3
2415,,CSLLTRDGYTF,,,,,,0.00012983640612827837,None,subset_2.tsv,"['N', 'o', 'n', 'e']",2285,7
4917,,CASLGNYGYTF,,,,,,0.00012983640612827837,None,subset_2.tsv,"['N', 'o', 'n', 'e']",2285,7
5128,,CAIMTNYGYTF,,,,,,0.00012983640612827837,None,subset_2.tsv,"['N', 'o', 'n', 'e']",2285,7
5189,,CASESPYGYTF,,,,,,0.00012983640612827837,None,subset_2.tsv,"['N', 'o', 'n', 'e']",2285,7
5497,,CASRDNYGYTF,,,,,,0.00012983640612827837,None,subset_2.tsv,"['N', 'o', 'n', 'e']",2285,7
5716,,CASRGRNGYTF,,,,,,0.00012983640612827837,None,subset_2.tsv,"['N', 'o', 'n', 'e']",2285,7
7612,,CVFRTVYGYTF,,,,,,0.00012983640612827837,None,subset_2.tsv,"['N', 'o', 'n', 'e']",2285,7
4916,,CASLGRRGGLFF,,,,,,0.00012983640612827837,None,subset_2.tsv,"['N', 'o', 'n', 'e']",2286,2
5136,,CASEGSDRSAFF,,,,,,0.00012983640612827837,None,subset_2.tsv,"['N', 'o', 'n', 'e']",2286,2
128,,CASSRGPGKLFF,,,,,,0.00012983640612827837,None,subset_2.tsv,"['N', 'o', 'n', 'e']",2287,3
623,,CASSSGEVEAFF,,,,,,0.00012983640612827837,None,subset_2.tsv,"['N', 'o', 'n', 'e']",2287,3
5427,,CASSAGPLVAFF,,,,,,0.00012983640612827837,None,subset_2.tsv,"['N', 'o', 'n', 'e']",2287,3
2716,,CSAREGNQPQHF,,,,,,0.00012983640612827837,None,subset_2.tsv,"['N', 'o', 'n', 'e']",2289,2
4984,,CASKEGNQPQHF,,,,,,0.00012983640612827837,None,subset_2.tsv,"['N', 'o', 'n', 'e']",2289,2
3484,,CATGHSNQPQHF,,,,,,0.00012983640612827837,None,subset_2.tsv,"['N', 'o', 'n', 'e']",2290,5
4844,,CASGLGNQPQHF,,,,,,0.00012983640612827837,None,subset_2.tsv,"['N', 'o', 'n', 'e']",2290,5
4860,,CASGISNQPQHF,,,,,,0.00012983640612827837,None,subset_2.tsv,"['N', 'o', 'n', 'e']",2290,5
5119,,CAIRLGNQPQHF,,,,,,0.00012983640612827837,None,subset_2.tsv,"['N', 'o', 'n', 'e']",2290,5
5354,,CASRQSNQPQHF,,,,,,0.00012983640612827837,None,subset_2.tsv,"['N', 'o', 'n', 'e']",2290,5
2768,,CSASAGNQPQHF,,,,,,0.00012983640612827837,None,subset_2.tsv,"['N', 'o', 'n', 'e']",2291,3
3745,,CASTGGNQPQHF,,,,,,0.00012983640612827837,None,subset_2.tsv,"['N', 'o', 'n', 'e']",2291,3
5234,,CASAGGNQPQHF,,,,,,0.00012983640612827837,None,subset_2.tsv,"['N', 'o', 'n', 'e']",2291,3
73,,CASSLGNQPQHF,,,,,,0.00025967281225655674,None,subset_2.tsv,"['N', 'o', 'n', 'e']",2292,2
7297,,CASSLLNQPQHF,,,,,,0.00012983640612827837,None,subset_2.tsv,"['N', 'o', 'n', 'e']",2292,2
510,,CASSSTNQPQHF,,,,,,0.00012983640612827837,None,subset_2.tsv,"['N', 'o', 'n', 'e']",2293,2
6659,,CASSLYYQPQHF,,,,,,0.00012983640612827837,None,subset_2.tsv,"['N', 'o', 'n', 'e']",2293,2
2246,,CATRRANSPLHF,,,,,,0.00012983640612827837,None,subset_2.tsv,"['N', 'o', 'n', 'e']",2294,2
5112,,CAISAGDSPLHF,,,,,,0.00012983640612827837,None,subset_2.tsv,"['N', 'o', 'n', 'e']",2294,2
1641,,CASSQGGSPLHF,,,,,,0.00012983640612827837,None,subset_2.tsv,"['N', 'o', 'n', 'e']",2295,2
7304,,CASSLLGSPLHF,,,,,,0.00012983640612827837,None,subset_2.tsv,"['N', 'o', 'n', 'e']",2295,2
821,,CASSSGGQPQHF,,,,,,0.00012983640612827837,None,subset_2.tsv,"['N', 'o', 'n', 'e']",2297,3
1996,,CAWSVLGQPQHF,,,,,,0.00012983640612827837,None,subset_2.tsv,"['N', 'o', 'n', 'e']",2297,3
5913,,CASSLTGQPQHF,,,,,,0.00012983640612827837,None,subset_2.tsv,"['N', 'o', 'n', 'e']",2297,3
997,,CASSPSGQPQHF,,,,,,0.00012983640612827837,None,subset_2.tsv,"['N', 'o', 'n', 'e']",2298,2
6374,,CASSPGGQPQHF,,,,,,0.00012983640612827837,None,subset_2.tsv,"['N', 'o', 'n', 'e']",2298,2
3576,,CASTWGGQPQHF,,,,,,0.00012983640612827837,None,subset_2.tsv,"['N', 'o', 'n', 'e']",2299,2
5364,,CASRQGGQPQHF,,,,,,0.00012983640612827837,None,subset_2.tsv,"['N', 'o', 'n', 'e']",2299,2
687,,CASSTGEEKLFF,,,,,,0.00012983640612827837,None,subset_2.tsv,"['N', 'o', 'n', 'e']",2300,4
3971,,CASSFGPEAFF,,,,,,0.00012983640612827837,None,subset_2.tsv,"['N', 'o', 'n', 'e']",2300,4
4063,,CASSFGEKLFF,,,,,,0.00012983640612827837,None,subset_2.tsv,"['N', 'o', 'n', 'e']",2300,4
6419,,CASSPGQEAFF,,,,,,0.00012983640612827837,None,subset_2.tsv,"['N', 'o', 'n', 'e']",2300,4
5183,,CASGEGNEQFF,,,,,,0.00012983640612827837,None,subset_2.tsv,"['N', 'o', 'n', 'e']",2302,2
5583,,CASQEGDEQFF,,,,,,0.00012983640612827837,None,subset_2.tsv,"['N', 'o', 'n', 'e']",2302,2
20,,CASSFGNEQFF,,,,,,0.00025967281225655674,None,subset_2.tsv,"['N', 'o', 'n', 'e']",2303,4
2197,,CATSPGYEQFF,,,,,,0.00012983640612827837,None,subset_2.tsv,"['N', 'o', 'n', 'e']",2303,4
6394,,CASSPGHEQFF,,,,,,0.00012983640612827837,None,subset_2.tsv,"['N', 'o', 'n', 'e']",2303,4
7021,,CASSIGYEQFF,,,,,,0.00012983640612827837,None,subset_2.tsv,"['N', 'o', 'n', 'e']",2303,4
5729,,CASSLSVEAFF,,,,,,0.00012983640612827837,None,subset_2.tsv,"['N', 'o', 'n', 'e']",2304,2
7069,,CASSLAEEAFF,,,,,,0.00012983640612827837,None,subset_2.tsv,"['N', 'o', 'n', 'e']",2304,2
427,,CASSSGEKLFF,,,,,,0.00012983640612827837,None,subset_2.tsv,"['N', 'o', 'n', 'e']",2305,5
2002,,CAWSLGPEQFF,,,,,,0.00012983640612827837,None,subset_2.tsv,"['N', 'o', 'n', 'e']",2305,5
5003,,CASKNGEKLFF,,,,,,0.00012983640612827837,None,subset_2.tsv,"['N', 'o', 'n', 'e']",2305,5
7418,,CASSLGEKLFF,,,,,,0.00012983640612827837,None,subset_2.tsv,"['N', 'o', 'n', 'e']",2305,5
7532,,CASSLGPELFF,,,,,,0.00012983640612827837,None,subset_2.tsv,"['N', 'o', 'n', 'e']",2305,5
5617,,CASRLLNEQFF,,,,,,0.00012983640612827837,None,subset_2.tsv,"['N', 'o', 'n', 'e']",2306,3
7262,,CASSLLDEQFF,,,,,,0.00012983640612827837,None,subset_2.tsv,"['N', 'o', 'n', 'e']",2306,3
7299,,CASSLLNEQFF,,,,,,0.00012983640612827837,None,subset_2.tsv,"['N', 'o', 'n', 'e']",2306,3
1675,,CASSQGNEQYF,,,,,,0.00012983640612827837,None,subset_2.tsv,"['N', 'o', 'n', 'e']",2307,5
3028,,CASSYGVEQYF,,,,,,0.00012983640612827837,None,subset_2.tsv,"['N', 'o', 'n', 'e']",2307,5
7408,,CASSLGDEQYF,,,,,,0.00012983640612827837,None,subset_2.tsv,"['N', 'o', 'n', 'e']",2307,5
7535,,CASSLGNIQYF,,,,,,0.00012983640612827837,None,subset_2.tsv,"['N', 'o', 'n', 'e']",2307,5
7536,,CASSLGNEQYF,,,,,,0.00012983640612827837,None,subset_2.tsv,"['N', 'o', 'n', 'e']",2307,5
1928,,CSAGTSNEQFF,,,,,,0.00012983640612827837,None,subset_2.tsv,"['N', 'o', 'n', 'e']",2308,7
2039,,CQQQKSYEQYF,,,,,,0.00012983640612827837,None,subset_2.tsv,"['N', 'o', 'n', 'e']",2308,7
2404,,CSTGTGYEQYF,,,,,,0.00012983640612827837,None,subset_2.tsv,"['N', 'o', 'n', 'e']",2308,7
2420,,CSHGTSYEQYF,,,,,,0.00012983640612827837,None,subset_2.tsv,"['N', 'o', 'n', 'e']",2308,7
2472,,CSATDSYEQYF,,,,,,0.00012983640612827837,None,subset_2.tsv,"['N', 'o', 'n', 'e']",2308,7
2536,,CSVPGSYEQYF,,,,,,0.00012983640612827837,None,subset_2.tsv,"['N', 'o', 'n', 'e']",2308,7
2586,,CSVERGNEQFF,,,,,,0.00012983640612827837,None,subset_2.tsv,"['N', 'o', 'n', 'e']",2308,7
3562,,CASTRGYEQYF,,,,,,0.00012983640612827837,None,subset_2.tsv,"['N', 'o', 'n', 'e']",2309,4
4877,,CASGNSYEQYF,,,,,,0.00012983640612827837,None,subset_2.tsv,"['N', 'o', 'n', 'e']",2309,4
5618,,CASRLGYEQYF,,,,,,0.00012983640612827837,None,subset_2.tsv,"['N', 'o', 'n', 'e']",2309,4
5620,,CASRHSYEQYF,,,,,,0.00012983640612827837,None,subset_2.tsv,"['N', 'o', 'n', 'e']",2309,4
149,,CASSRGYEQYF,,,,,,0.00012983640612827837,None,subset_2.tsv,"['N', 'o', 'n', 'e']",2310,4
2316,,CAWRGGYEQYF,,,,,,0.00012983640612827837,None,subset_2.tsv,"['N', 'o', 'n', 'e']",2310,4
4158,,CASSASYEQYF,,,,,,0.00012983640612827837,None,subset_2.tsv,"['N', 'o', 'n', 'e']",2310,4
5198,,CALSASYEQYF,,,,,,0.00012983640612827837,None,subset_2.tsv,"['N', 'o', 'n', 'e']",2310,4
597,,CASSSSYEQFF,,,,,,0.00012983640612827837,None,subset_2.tsv,"['N', 'o', 'n', 'e']",2311,7
612,,CASSSSPEQYF,,,,,,0.00012983640612827837,None,subset_2.tsv,"['N', 'o', 'n', 'e']",2311,7
747,,CASSSIAEQFF,,,,,,0.00012983640612827837,None,subset_2.tsv,"['N', 'o', 'n', 'e']",2311,7
4329,,CASSGSREQFF,,,,,,0.00012983640612827837,None,subset_2.tsv,"['N', 'o', 'n', 'e']",2311,7
4332,,CASSGSHEQYF,,,,,,0.00012983640612827837,None,subset_2.tsv,"['N', 'o', 'n', 'e']",2311,7
4376,,CASSGLNEQFF,,,,,,0.00012983640612827837,None,subset_2.tsv,"['N', 'o', 'n', 'e']",2311,7
4679,,CASSGAHEQYF,,,,,,0.00012983640612827837,None,subset_2.tsv,"['N', 'o', 'n', 'e']",2311,7
0,,CASSLGTEAFF,,,,,,0.0005193456245131135,None,subset_2.tsv,"['N', 'o', 'n', 'e']",2312,3
730,,CASSTGTEAFF,,,,,,0.00012983640612827837,None,subset_2.tsv,"['N', 'o', 'n', 'e']",2312,3
4783,,CASGSGTEAFF,,,,,,0.00012983640612827837,None,subset_2.tsv,"['N', 'o', 'n', 'e']",2312,3
189,,CASSSGAEAFF,,,,,,0.00012983640612827837,None,subset_2.tsv,"['N', 'o', 'n', 'e']",2313,4
604,,CASSSSSEAFF,,,,,,0.00012983640612827837,None,subset_2.tsv,"['N', 'o', 'n', 'e']",2313,4
757,,CASSSGVEAFF,,,,,,0.00012983640612827837,None,subset_2.tsv,"['N', 'o', 'n', 'e']",2313,4
848,,CASSSGREAFF,,,,,,0.00012983640612827837,None,subset_2.tsv,"['N', 'o', 'n', 'e']",2313,4
700,,CASSTDYEQYF,,,,,,0.00012983640612827837,None,subset_2.tsv,"['N', 'o', 'n', 'e']",2314,6
717,,CASSTHYEQYF,,,,,,0.00012983640612827837,None,subset_2.tsv,"['N', 'o', 'n', 'e']",2314,6
3479,,CATGTDYEQYF,,,,,,0.00012983640612827837,None,subset_2.tsv,"['N', 'o', 'n', 'e']",2314,6
4938,,CASNGPYEQYF,,,,,,0.00012983640612827837,None,subset_2.tsv,"['N', 'o', 'n', 'e']",2314,6
4954,,CASLADYEQYF,,,,,,0.00012983640612827837,None,subset_2.tsv,"['N', 'o', 'n', 'e']",2314,6
4990,,CASKTENIQYF,,,,,,0.00012983640612827837,None,subset_2.tsv,"['N', 'o', 'n', 'e']",2314,6
2329,,CAWAAYNEQFF,,,,,,0.00012983640612827837,None,subset_2.tsv,"['N', 'o', 'n', 'e']",2315,5
3132,,CASSVDNEQFF,,,,,,0.00012983640612827837,None,subset_2.tsv,"['N', 'o', 'n', 'e']",2315,5
3728,,CASSYYNEQFF,,,,,,0.00012983640612827837,None,subset_2.tsv,"['N', 'o', 'n', 'e']",2315,5
4514,,CASSHNNEQFF,,,,,,0.00012983640612827837,None,subset_2.tsv,"['N', 'o', 'n', 'e']",2315,5
5575,,CASNSYNEQFF,,,,,,0.00012983640612827837,None,subset_2.tsv,"['N', 'o', 'n', 'e']",2315,5
5989,,CASSLPNEQFF,,,,,,0.00012983640612827837,None,subset_2.tsv,"['N', 'o', 'n', 'e']",2316,6
6018,,CASSLNVEQYF,,,,,,0.00012983640612827837,None,subset_2.tsv,"['N', 'o', 'n', 'e']",2316,6
6583,,CASSNTYEQYF,,,,,,0.00012983640612827837,None,subset_2.tsv,"['N', 'o', 'n', 'e']",2316,6
6612,,CASSLYNEQFF,,,,,,0.00012983640612827837,None,subset_2.tsv,"['N', 'o', 'n', 'e']",2316,6
7401,,CASSLFNEQFF,,,,,,0.00012983640612827837,None,subset_2.tsv,"['N', 'o', 'n', 'e']",2316,6
7405,,CASSLFHEQYF,,,,,,0.00012983640612827837,None,subset_2.tsv,"['N', 'o', 'n', 'e']",2316,6
2,,CASSYSYEQYF,,,,,,0.0005193456245131135,None,subset_2.tsv,"['N', 'o', 'n', 'e']",2317,5
1253,,CASSPNYEQYF,,,,,,0.00012983640612827837,None,subset_2.tsv,"['N', 'o', 'n', 'e']",2317,5
3855,,CASSESNEQYF,,,,,,0.00012983640612827837,None,subset_2.tsv,"['N', 'o', 'n', 'e']",2317,5
4480,,CASSIAYEQYF,,,,,,0.00012983640612827837,None,subset_2.tsv,"['N', 'o', 'n', 'e']",2317,5
5547,,CASNPTYEQYF,,,,,,0.00012983640612827837,None,subset_2.tsv,"['N', 'o', 'n', 'e']",2317,5
1156,,CASSPTNEKLFF,,,,,,0.00012983640612827837,None,subset_2.tsv,"['N', 'o', 'n', 'e']",2318,2
4038,,CASSFFPEKLFF,,,,,,0.00012983640612827837,None,subset_2.tsv,"['N', 'o', 'n', 'e']",2318,2
4015,,CASSFFDEQFF,,,,,,0.00012983640612827837,None,subset_2.tsv,"['N', 'o', 'n', 'e']",2319,2
4647,,CASSFPDEQFF,,,,,,0.00012983640612827837,None,subset_2.tsv,"['N', 'o', 'n', 'e']",2319,2
3907,,CASSESETQYF,,,,,,0.00012983640612827837,None,subset_2.tsv,"['N', 'o', 'n', 'e']",2321,3
4242,,CASSEGDTQYF,,,,,,0.00012983640612827837,None,subset_2.tsv,"['N', 'o', 'n', 'e']",2321,3
5557,,CASNQGETQYF,,,,,,0.00012983640612827837,None,subset_2.tsv,"['N', 'o', 'n', 'e']",2321,3
4,,CASSPGDTQYF,,,,,,0.00038950921838483513,None,subset_2.tsv,"['N', 'o', 'n', 'e']",2322,3
19,,CASSFTDTQYF,,,,,,0.00025967281225655674,None,subset_2.tsv,"['N', 'o', 'n', 'e']",2322,3
6241,,CASSPGDIQYF,,,,,,0.00012983640612827837,None,subset_2.tsv,"['N', 'o', 'n', 'e']",2322,3
293,,CASSQQETQYF,,,,,,0.00012983640612827837,None,subset_2.tsv,"['N', 'o', 'n', 'e']",2323,3
5357,,CASRQQETQYF,,,,,,0.00012983640612827837,None,subset_2.tsv,"['N', 'o', 'n', 'e']",2323,3
6591,,CASSNQETQYF,,,,,,0.00012983640612827837,None,subset_2.tsv,"['N', 'o', 'n', 'e']",2323,3
334,,CASSQLGTQYF,,,,,,0.00012983640612827837,None,subset_2.tsv,"['N', 'o', 'n', 'e']",2325,2
7458,,CASSLEGTQYF,,,,,,0.00012983640612827837,None,subset_2.tsv,"['N', 'o', 'n', 'e']",2325,2
323,,CASSQSGELFF,,,,,,0.00012983640612827837,None,subset_2.tsv,"['N', 'o', 'n', 'e']",2327,2
1490,,CASSQGDEQFF,,,,,,0.00012983640612827837,None,subset_2.tsv,"['N', 'o', 'n', 'e']",2327,2
3098,,CASSYGGEQYF,,,,,,0.00012983640612827837,None,subset_2.tsv,"['N', 'o', 'n', 'e']",2328,4
3598,,CASSYSGEQYF,,,,,,0.00012983640612827837,None,subset_2.tsv,"['N', 'o', 'n', 'e']",2328,4
4239,,CASSEGGEQYF,,,,,,0.00012983640612827837,None,subset_2.tsv,"['N', 'o', 'n', 'e']",2328,4
4574,,CASSFSGEQFF,,,,,,0.00012983640612827837,None,subset_2.tsv,"['N', 'o', 'n', 'e']",2328,4
5446,,CASRYTGELFF,,,,,,0.00012983640612827837,None,subset_2.tsv,"['N', 'o', 'n', 'e']",2329,2
6587,,CASSNTGPQFF,,,,,,0.00012983640612827837,None,subset_2.tsv,"['N', 'o', 'n', 'e']",2329,2
1014,,CASSPTGFF,,,,,,0.00012983640612827837,None,subset_2.tsv,"['N', 'o', 'n', 'e']",2330,2
1172,,CASSPTGYEQYF,,,,,,0.00012983640612827837,None,subset_2.tsv,"['N', 'o', 'n', 'e']",2330,2
1564,,CASSQEKLYF,,,,,,0.00012983640612827837,None,subset_2.tsv,"['N', 'o', 'n', 'e']",2331,2
4209,,CASSEARSYF,,,,,,0.00012983640612827837,None,subset_2.tsv,"['N', 'o', 'n', 'e']",2331,2
1793,,CASSQDEKLFF,,,,,,0.00012983640612827837,None,subset_2.tsv,"['N', 'o', 'n', 'e']",2332,2
3497,,CASYQAARAFF,,,,,,0.00012983640612827837,None,subset_2.tsv,"['N', 'o', 'n', 'e']",2332,2
6071,,CASSLNGELFF,,,,,,0.00012983640612827837,None,subset_2.tsv,"['N', 'o', 'n', 'e']",2333,3
6732,,CASSLAGQTF,,,,,,0.00012983640612827837,None,subset_2.tsv,"['N', 'o', 'n', 'e']",2333,3
6733,,CASSLAGQQFF,,,,,,0.00012983640612827837,None,subset_2.tsv,"['N', 'o', 'n', 'e']",2333,3
340,,CASSQKTEAFF,,,,,,0.00012983640612827837,None,subset_2.tsv,"['N', 'o', 'n', 'e']",2334,3
373,,CASSQNSPLHF,,,,,,0.00012983640612827837,None,subset_2.tsv,"['N', 'o', 'n', 'e']",2334,3
1516,,CASSQEGPLFF,,,,,,0.00012983640612827837,None,subset_2.tsv,"['N', 'o', 'n', 'e']",2334,3
1163,,CASSPTQETGYNEQFF,,,,,,0.00012983640612827837,None,subset_2.tsv,"['N', 'o', 'n', 'e']",2335,2
2235,,CATSDDQELTYNEQFF,,,,,,0.00012983640612827837,None,subset_2.tsv,"['N', 'o', 'n', 'e']",2335,2
2360,,CATSRDDPGTAPGELFF,,,,,,0.00012983640612827837,None,subset_2.tsv,"['N', 'o', 'n', 'e']",2340,2
2395,,CATSREFQGAQPQHF,,,,,,0.00012983640612827837,None,subset_2.tsv,"['N', 'o', 'n', 'e']",2340,2
1982,,CSAHNEQFF,,,,,,0.00012983640612827837,None,subset_2.tsv,"['N', 'o', 'n', 'e']",2343,6
2106,,CSANREKLFF,,,,,,0.00012983640612827837,None,subset_2.tsv,"['N', 'o', 'n', 'e']",2343,6
2414,,CSPATEAFF,,,,,,0.00012983640612827837,None,subset_2.tsv,"['N', 'o', 'n', 'e']",2343,6
2497,,CSAYPYKFF,,,,,,0.00012983640612827837,None,subset_2.tsv,"['N', 'o', 'n', 'e']",2343,6
2508,,CSATYEQYF,,,,,,0.00012983640612827837,None,subset_2.tsv,"['N', 'o', 'n', 'e']",2343,6
2752,,CSARDTQYF,,,,,,0.00012983640612827837,None,subset_2.tsv,"['N', 'o', 'n', 'e']",2343,6
1984,,CSADNYGYTF,,,,,,0.00012983640612827837,None,subset_2.tsv,"['N', 'o', 'n', 'e']",2344,2
2516,,CSATPRPPTF,,,,,,0.00012983640612827837,None,subset_2.tsv,"['N', 'o', 'n', 'e']",2344,2
5525,,CASRETEAFF,,,,,,0.00012983640612827837,None,subset_2.tsv,"['N', 'o', 'n', 'e']",2346,2
5657,,CASRNTEAFF,,,,,,0.00012983640612827837,None,subset_2.tsv,"['N', 'o', 'n', 'e']",2346,2
1977,,CSAINNEQFF,,,,,,0.00012983640612827837,None,subset_2.tsv,"['N', 'o', 'n', 'e']",2347,3
2577,,CSVTEDEKLFF,,,,,,0.00012983640612827837,None,subset_2.tsv,"['N', 'o', 'n', 'e']",2347,3
2737,,CSAREDEQFF,,,,,,0.00012983640612827837,None,subset_2.tsv,"['N', 'o', 'n', 'e']",2347,3
2082,,CSARDLRTGSSTDTQYF,,,,,,0.00012983640612827837,None,subset_2.tsv,"['N', 'o', 'n', 'e']",2348,2
2400,,CSARDLWVRGELYEQFF,,,,,,0.00012983640612827837,None,subset_2.tsv,"['N', 'o', 'n', 'e']",2348,2
2720,,CSARDPVSGRAGETQYF,,,,,,0.00012983640612827837,None,subset_2.tsv,"['N', 'o', 'n', 'e']",2350,2
2725,,CSARDPPAGRDGYTF,,,,,,0.00012983640612827837,None,subset_2.tsv,"['N', 'o', 'n', 'e']",2350,2
2074,,CSARDHWQGASSYEQYF,,,,,,0.00012983640612827837,None,subset_2.tsv,"['N', 'o', 'n', 'e']",2351,2
2721,,CSARDPVLRQGRYEQYF,,,,,,0.00012983640612827837,None,subset_2.tsv,"['N', 'o', 'n', 'e']",2351,2
2324,,CAWIGATEAFF,,,,,,0.00012983640612827837,None,subset_2.tsv,"['N', 'o', 'n', 'e']",2356,5
2417,,CSTRGNTEAFF,,,,,,0.00012983640612827837,None,subset_2.tsv,"['N', 'o', 'n', 'e']",2356,5
4789,,CASGRNTEAFF,,,,,,0.00012983640612827837,None,subset_2.tsv,"['N', 'o', 'n', 'e']",2356,5
5170,,CASGGATEAFF,,,,,,0.00012983640612827837,None,subset_2.tsv,"['N', 'o', 'n', 'e']",2356,5
5233,,CASAGNTEAFF,,,,,,0.00012983640612827837,None,subset_2.tsv,"['N', 'o', 'n', 'e']",2356,5
2024,,CSAARATEAFF,,,,,,0.00012983640612827837,None,subset_2.tsv,"['N', 'o', 'n', 'e']",2357,3
2426,,CSGRDYTEAFF,,,,,,0.00012983640612827837,None,subset_2.tsv,"['N', 'o', 'n', 'e']",2357,3
2758,,CSARKWTEAFF,,,,,,0.00012983640612827837,None,subset_2.tsv,"['N', 'o', 'n', 'e']",2357,3
1959,,CSALGGTQYF,,,,,,0.00012983640612827837,None,subset_2.tsv,"['N', 'o', 'n', 'e']",2358,2
2566,,CSVVGGGYTF,,,,,,0.00012983640612827837,None,subset_2.tsv,"['N', 'o', 'n', 'e']",2358,2
2130,,CSALSGNQAFF,,,,,,0.00012983640612827837,None,subset_2.tsv,"['N', 'o', 'n', 'e']",2359,3
2773,,CSARWGAEAFF,,,,,,0.00012983640612827837,None,subset_2.tsv,"['N', 'o', 'n', 'e']",2359,3
2828,,CSARQGAEAFF,,,,,,0.00012983640612827837,None,subset_2.tsv,"['N', 'o', 'n', 'e']",2359,3
2022,,CSAASGTEAFF,,,,,,0.00012983640612827837,None,subset_2.tsv,"['N', 'o', 'n', 'e']",2360,6
2148,,CSAQLGSEAFF,,,,,,0.00012983640612827837,None,subset_2.tsv,"['N', 'o', 'n', 'e']",2360,6
2318,,CAWNTGTEAFF,,,,,,0.00012983640612827837,None,subset_2.tsv,"['N', 'o', 'n', 'e']",2360,6
2549,,CSVGWGTEAFF,,,,,,0.00012983640612827837,None,subset_2.tsv,"['N', 'o', 'n', 'e']",2360,6
2580,,CSVGTSTEAFF,,,,,,0.00012983640612827837,None,subset_2.tsv,"['N', 'o', 'n', 'e']",2360,6
3530,,CATKGGSEAFF,,,,,,0.00012983640612827837,None,subset_2.tsv,"['N', 'o', 'n', 'e']",2360,6
1980,,CSAIFTGELFF,,,,,,0.00012983640612827837,None,subset_2.tsv,"['N', 'o', 'n', 'e']",2361,4
2571,,CSVVDTGELFF,,,,,,0.00012983640612827837,None,subset_2.tsv,"['N', 'o', 'n', 'e']",2361,4
2841,,CSARNTGELFF,,,,,,0.00012983640612827837,None,subset_2.tsv,"['N', 'o', 'n', 'e']",2361,4
5039,,CAISDTGELFF,,,,,,0.00012983640612827837,None,subset_2.tsv,"['N', 'o', 'n', 'e']",2361,4
2051,,CSARDGGQLNYGYTF,,,,,,0.00012983640612827837,None,subset_2.tsv,"['N', 'o', 'n', 'e']",2362,2
2733,,CSAREGGILFF,,,,,,0.00012983640612827837,None,subset_2.tsv,"['N', 'o', 'n', 'e']",2362,2
434,,CASSRAGEKLFF,,,,,,0.00012983640612827837,None,subset_2.tsv,"['N', 'o', 'n', 'e']",2364,4
1993,,CAWSVQGEKLFF,,,,,,0.00012983640612827837,None,subset_2.tsv,"['N', 'o', 'n', 'e']",2364,4
2224,,CATSDSGEAFF,,,,,,0.00012983640612827837,None,subset_2.tsv,"['N', 'o', 'n', 'e']",2364,4
5585,,CASQASGEKLFF,,,,,,0.00012983640612827837,None,subset_2.tsv,"['N', 'o', 'n', 'e']",2364,4
3764,,CASTATGEAFF,,,,,,0.00012983640612827837,None,subset_2.tsv,"['N', 'o', 'n', 'e']",2365,5
4323,,CASSGTGELFF,,,,,,0.00012983640612827837,None,subset_2.tsv,"['N', 'o', 'n', 'e']",2365,5
5268,,CASRRTGKGFF,,,,,,0.00012983640612827837,None,subset_2.tsv,"['N', 'o', 'n', 'e']",2365,5
5691,,CASRGAGELFF,,,,,,0.00012983640612827837,None,subset_2.tsv,"['N', 'o', 'n', 'e']",2365,5
5717,,CASRGRGVLFF,,,,,,0.00012983640612827837,None,subset_2.tsv,"['N', 'o', 'n', 'e']",2365,5
5289,,CASRTRRTEAFF,,,,,,0.00012983640612827837,None,subset_2.tsv,"['N', 'o', 'n', 'e']",2366,2
5303,,CASRTGGFEAFF,,,,,,0.00012983640612827837,None,subset_2.tsv,"['N', 'o', 'n', 'e']",2366,2
3474,,CASTRGGEQYF,,,,,,0.00012983640612827837,None,subset_2.tsv,"['N', 'o', 'n', 'e']",2367,3
3765,,CASTALGLWYF,,,,,,0.00012983640612827837,None,subset_2.tsv,"['N', 'o', 'n', 'e']",2367,3
4711,,CASSGGGEQYF,,,,,,0.00012983640612827837,None,subset_2.tsv,"['N', 'o', 'n', 'e']",2367,3
686,,CASSTGELFF,,,,,,0.00012983640612827837,None,subset_2.tsv,"['N', 'o', 'n', 'e']",2368,3
3498,,CASYGGEQYF,,,,,,0.00012983640612827837,None,subset_2.tsv,"['N', 'o', 'n', 'e']",2368,3
3533,,CASWGGEAFF,,,,,,0.00012983640612827837,None,subset_2.tsv,"['N', 'o', 'n', 'e']",2368,3
563,,CASSSTEQYF,,,,,,0.00012983640612827837,None,subset_2.tsv,"['N', 'o', 'n', 'e']",2369,3
784,,CASSSLEQYF,,,,,,0.00012983640612827837,None,subset_2.tsv,"['N', 'o', 'n', 'e']",2369,3
7417,,CASSLGEQFF,,,,,,0.00012983640612827837,None,subset_2.tsv,"['N', 'o', 'n', 'e']",2369,3
4652,,CASSFNEQFF,,,,,,0.00012983640612827837,None,subset_2.tsv,"['N', 'o', 'n', 'e']",2370,3
4736,,CASSFSPQYF,,,,,,0.00012983640612827837,None,subset_2.tsv,"['N', 'o', 'n', 'e']",2370,3
6551,,CASSNYEQYF,,,,,,0.00012983640612827837,None,subset_2.tsv,"['N', 'o', 'n', 'e']",2370,3
4780,,CASGSWPQHF,,,,,,0.00012983640612827837,None,subset_2.tsv,"['N', 'o', 'n', 'e']",2371,2
5674,,CASRGNEQFF,,,,,,0.00012983640612827837,None,subset_2.tsv,"['N', 'o', 'n', 'e']",2371,2
2802,,CSASKVEQYF,,,,,,0.00012983640612827837,None,subset_2.tsv,"['N', 'o', 'n', 'e']",2372,3
3485,,CATGDYEQYF,,,,,,0.00012983640612827837,None,subset_2.tsv,"['N', 'o', 'n', 'e']",2372,3
5186,,CASGDNEQFF,,,,,,0.00012983640612827837,None,subset_2.tsv,"['N', 'o', 'n', 'e']",2372,3
2551,,CSVRSDTQYF,,,,,,0.00012983640612827837,None,subset_2.tsv,"['N', 'o', 'n', 'e']",2373,7
4369,,CASSGNTQYF,,,,,,0.00012983640612827837,None,subset_2.tsv,"['N', 'o', 'n', 'e']",2373,7
4902,,CASMGDTQYF,,,,,,0.00012983640612827837,None,subset_2.tsv,"['N', 'o', 'n', 'e']",2373,7
5080,,CAIGADTQYF,,,,,,0.00012983640612827837,None,subset_2.tsv,"['N', 'o', 'n', 'e']",2373,7
5124,,CAIQTDTQYF,,,,,,0.00012983640612827837,None,subset_2.tsv,"['N', 'o', 'n', 'e']",2373,7
5137,,CASEGDTQYF,,,,,,0.00012983640612827837,None,subset_2.tsv,"['N', 'o', 'n', 'e']",2373,7
5168,,CASGGETQYF,,,,,,0.00012983640612827837,None,subset_2.tsv,"['N', 'o', 'n', 'e']",2373,7
4681,,CASSGAGQENNSPLHF,,,,,,0.00012983640612827837,None,subset_2.tsv,"['N', 'o', 'n', 'e']",2377,2
5047,,CAISGAGLRYNSPLHF,,,,,,0.00012983640612827837,None,subset_2.tsv,"['N', 'o', 'n', 'e']",2377,2
122,,CASSRGRDGYTF,,,,,,0.00012983640612827837,None,subset_2.tsv,"['N', 'o', 'n', 'e']",2381,8
668,,CASSTRLYGYTF,,,,,,0.00012983640612827837,None,subset_2.tsv,"['N', 'o', 'n', 'e']",2381,8
689,,CASSTGAYGYTF,,,,,,0.00012983640612827837,None,subset_2.tsv,"['N', 'o', 'n', 'e']",2381,8
690,,CASSTGAWGYTF,,,,,,0.00012983640612827837,None,subset_2.tsv,"['N', 'o', 'n', 'e']",2381,8
723,,CASSTGVYGYTF,,,,,,0.00012983640612827837,None,subset_2.tsv,"['N', 'o', 'n', 'e']",2381,8
732,,CASSTGSYGYTF,,,,,,0.00012983640612827837,None,subset_2.tsv,"['N', 'o', 'n', 'e']",2381,8
5395,,CASSAGSYGYTF,,,,,,0.00012983640612827837,None,subset_2.tsv,"['N', 'o', 'n', 'e']",2381,8
5473,,CASSAGAYGYTF,,,,,,0.00012983640612827837,None,subset_2.tsv,"['N', 'o', 'n', 'e']",2381,8
1491,,CASSQGAYGYTF,,,,,,0.00012983640612827837,None,subset_2.tsv,"['N', 'o', 'n', 'e']",2382,15
1674,,CASSQGNYGYTF,,,,,,0.00012983640612827837,None,subset_2.tsv,"['N', 'o', 'n', 'e']",2382,15
2909,,CASSWGAYGYTF,,,,,,0.00012983640612827837,None,subset_2.tsv,"['N', 'o', 'n', 'e']",2382,15
4064,,CASSFGAYGYTF,,,,,,0.00012983640612827837,None,subset_2.tsv,"['N', 'o', 'n', 'e']",2382,15
6566,,CASSMGVYGYTF,,,,,,0.00012983640612827837,None,subset_2.tsv,"['N', 'o', 'n', 'e']",2382,15
6651,,CASSMGAYGYTF,,,,,,0.00012983640612827837,None,subset_2.tsv,"['N', 'o', 'n', 'e']",2382,15
6983,,CASSIGLYGYTF,,,,,,0.00012983640612827837,None,subset_2.tsv,"['N', 'o', 'n', 'e']",2382,15
6987,,CASSIGIYGYTF,,,,,,0.00012983640612827837,None,subset_2.tsv,"['N', 'o', 'n', 'e']",2382,15
6990,,CASSIGAYRYTF,,,,,,0.00012983640612827837,None,subset_2.tsv,"['N', 'o', 'n', 'e']",2382,15
6991,,CASSIGAYGYTF,,,,,,0.00012983640612827837,None,subset_2.tsv,"['N', 'o', 'n', 'e']",2382,15
6995,,CASSIGVHGYTF,,,,,,0.00012983640612827837,None,subset_2.tsv,"['N', 'o', 'n', 'e']",2382,15
6996,,CASSIGVYGYTF,,,,,,0.00012983640612827837,None,subset_2.tsv,"['N', 'o', 'n', 'e']",2382,15
7020,,CASSIGYYGYTF,,,,,,0.00012983640612827837,None,subset_2.tsv,"['N', 'o', 'n', 'e']",2382,15
7258,,CASSLGVYGYTF,,,,,,0.00012983640612827837,None,subset_2.tsv,"['N', 'o', 'n', 'e']",2382,15
7533,,CASSLGNYGYTF,,,,,,0.00012983640612827837,None,subset_2.tsv,"['N', 'o', 'n', 'e']",2382,15
6078,,CASSLSGEGYTF,,,,,,0.00012983640612827837,None,subset_2.tsv,"['N', 'o', 'n', 'e']",2383,2
6714,,CASSLASYGYTF,,,,,,0.00012983640612827837,None,subset_2.tsv,"['N', 'o', 'n', 'e']",2383,2
1574,,CASSQGSYGYTF,,,,,,0.00012983640612827837,None,subset_2.tsv,"['N', 'o', 'n', 'e']",2384,8
1575,,CASSQGSWGYTF,,,,,,0.00012983640612827837,None,subset_2.tsv,"['N', 'o', 'n', 'e']",2384,8
3010,,CASSYGTDGYTF,,,,,,0.00012983640612827837,None,subset_2.tsv,"['N', 'o', 'n', 'e']",2384,8
3295,,CASSVGSYGYTF,,,,,,0.00012983640612827837,None,subset_2.tsv,"['N', 'o', 'n', 'e']",2384,8
3982,,CASSFGSYGYTF,,,,,,0.00012983640612827837,None,subset_2.tsv,"['N', 'o', 'n', 'e']",2384,8
6642,,CASSMGSYGYTF,,,,,,0.00012983640612827837,None,subset_2.tsv,"['N', 'o', 'n', 'e']",2384,8
6969,,CASSIGSYGYTF,,,,,,0.00012983640612827837,None,subset_2.tsv,"['N', 'o', 'n', 'e']",2384,8
7158,,CASSLGSYGYTF,,,,,,0.00012983640612827837,None,subset_2.tsv,"['N', 'o', 'n', 'e']",2384,8
3483,,CATGPPNYGYTF,,,,,,0.00012983640612827837,None,subset_2.tsv,"['N', 'o', 'n', 'e']",2385,3
5502,,CASQQDSYGYTF,,,,,,0.00012983640612827837,None,subset_2.tsv,"['N', 'o', 'n', 'e']",2385,3
5602,,CASNWDGYGYTF,,,,,,0.00012983640612827837,None,subset_2.tsv,"['N', 'o', 'n', 'e']",2385,3
2134,,CSAPLTNYGYTF,,,,,,0.00012983640612827837,None,subset_2.tsv,"['N', 'o', 'n', 'e']",2387,4
2523,,CSVPGTVYGYTF,,,,,,0.00012983640612827837,None,subset_2.tsv,"['N', 'o', 'n', 'e']",2387,4
2593,,CSVELLDYGYTF,,,,,,0.00012983640612827837,None,subset_2.tsv,"['N', 'o', 'n', 'e']",2387,4
2612,,CSVESRNYGYTF,,,,,,0.00012983640612827837,None,subset_2.tsv,"['N', 'o', 'n', 'e']",2387,4
2429,,CSGETDNYGYTF,,,,,,0.00012983640612827837,None,subset_2.tsv,"['N', 'o', 'n', 'e']",2388,3
2599,,CSVEGRAQGYTF,,,,,,0.00012983640612827837,None,subset_2.tsv,"['N', 'o', 'n', 'e']",2388,3
5195,,CAMGRVRYGYTF,,,,,,0.00012983640612827837,None,subset_2.tsv,"['N', 'o', 'n', 'e']",2388,3
2033,,CRVGQVMVLCTF,,,,,,0.00012983640612827837,None,subset_2.tsv,"['N', 'o', 'n', 'e']",2389,2
2522,,CSVEDQIEMYF,,,,,,0.00012983640612827837,None,subset_2.tsv,"['N', 'o', 'n', 'e']",2389,2
2436,,CSVEDLGYGYTF,,,,,,0.00012983640612827837,None,subset_2.tsv,"['N', 'o', 'n', 'e']",2390,2
2589,,CSVEPTGAGYTF,,,,,,0.00012983640612827837,None,subset_2.tsv,"['N', 'o', 'n', 'e']",2390,2
2282,,CATSQGAYGYTF,,,,,,0.00012983640612827837,None,subset_2.tsv,"['N', 'o', 'n', 'e']",2391,4
2570,,CSVVEGVYGYTF,,,,,,0.00012983640612827837,None,subset_2.tsv,"['N', 'o', 'n', 'e']",2391,4
2639,,CSASQGLYGYTF,,,,,,0.00012983640612827837,None,subset_2.tsv,"['N', 'o', 'n', 'e']",2391,4
5240,,CARRQGSYGYTF,,,,,,0.00012983640612827837,None,subset_2.tsv,"['N', 'o', 'n', 'e']",2391,4
517,,CASSSTGVGYTF,,,,,,0.00012983640612827837,None,subset_2.tsv,"['N', 'o', 'n', 'e']",2392,5
520,,CASSSTGDSHTEAFF,,,,,,0.00012983640612827837,None,subset_2.tsv,"['N', 'o', 'n', 'e']",2392,5
526,,CASSSTGIGYTF,,,,,,0.00012983640612827837,None,subset_2.tsv,"['N', 'o', 'n', 'e']",2392,5
782,,CASSSLGEGYTF,,,,,,0.00012983640612827837,None,subset_2.tsv,"['N', 'o', 'n', 'e']",2392,5
5765,,CASSLTGDGYTF,,,,,,0.00012983640612827837,None,subset_2.tsv,"['N', 'o', 'n', 'e']",2392,5
4050,,CASSFGGIGYTF,,,,,,0.00012983640612827837,None,subset_2.tsv,"['N', 'o', 'n', 'e']",2393,3
5467,,CASSAGGNGYTF,,,,,,0.00012983640612827837,None,subset_2.tsv,"['N', 'o', 'n', 'e']",2393,3
7561,,CASSLGGIGYTF,,,,,,0.00012983640612827837,None,subset_2.tsv,"['N', 'o', 'n', 'e']",2393,3
3364,,CASTPGGQGYTEAFF,,,,,,0.00012983640612827837,None,subset_2.tsv,"['N', 'o', 'n', 'e']",2394,2
3366,,CASTPGGFGYTF,,,,,,0.00012983640612827837,None,subset_2.tsv,"['N', 'o', 'n', 'e']",2394,2
2645,,CSARGGRYGYTF,,,,,,0.00012983640612827837,None,subset_2.tsv,"['N', 'o', 'n', 'e']",2395,3
2872,,CSARSGTAGYTF,,,,,,0.00012983640612827837,None,subset_2.tsv,"['N', 'o', 'n', 'e']",2395,3
3475,,CASTGGTIGYTF,,,,,,0.00012983640612827837,None,subset_2.tsv,"['N', 'o', 'n', 'e']",2395,3
4920,,CASLGGNYGYTF,,,,,,0.00012983640612827837,None,subset_2.tsv,"['N', 'o', 'n', 'e']",2396,3
5012,,CASKGSNYGYTF,,,,,,0.00012983640612827837,None,subset_2.tsv,"['N', 'o', 'n', 'e']",2396,3
5700,,CASRGVNYGYTF,,,,,,0.00012983640612827837,None,subset_2.tsv,"['N', 'o', 'n', 'e']",2396,3
157,,CASSSDLYGYTF,,,,,,0.00012983640612827837,None,subset_2.tsv,"['N', 'o', 'n', 'e']",2397,3
5668,,CASRGPWYGYTF,,,,,,0.00012983640612827837,None,subset_2.tsv,"['N', 'o', 'n', 'e']",2397,3
5719,,CASRGQPHGYTF,,,,,,0.00012983640612827837,None,subset_2.tsv,"['N', 'o', 'n', 'e']",2397,3
3584,,CASTTVQGGYTF,,,,,,0.00012983640612827837,None,subset_2.tsv,"['N', 'o', 'n', 'e']",2398,2
4811,,CASIDRASGYTF,,,,,,0.00012983640612827837,None,subset_2.tsv,"['N', 'o', 'n', 'e']",2398,2
1925,,CASSTSDYGYTF,,,,,,0.00012983640612827837,None,subset_2.tsv,"['N', 'o', 'n', 'e']",2401,4
2916,,CASSWTDYGYTF,,,,,,0.00012983640612827837,None,subset_2.tsv,"['N', 'o', 'n', 'e']",2401,4
4267,,CASSDRDYGYTF,,,,,,0.00012983640612827837,None,subset_2.tsv,"['N', 'o', 'n', 'e']",2401,4
5040,,CAISDRNYGYTF,,,,,,0.00012983640612827837,None,subset_2.tsv,"['N', 'o', 'n', 'e']",2401,4
4944,,CASNDRGNGYTF,,,,,,0.00012983640612827837,None,subset_2.tsv,"['N', 'o', 'n', 'e']",2402,3
5267,,CASRRTGLGYTF,,,,,,0.00012983640612827837,None,subset_2.tsv,"['N', 'o', 'n', 'e']",2402,3
5542,,CASRDTGNGYTF,,,,,,0.00012983640612827837,None,subset_2.tsv,"['N', 'o', 'n', 'e']",2402,3
2677,,CSARHKGYGYTF,,,,,,0.00012983640612827837,None,subset_2.tsv,"['N', 'o', 'n', 'e']",2403,2
2702,,CSARDRDYGYTF,,,,,,0.00012983640612827837,None,subset_2.tsv,"['N', 'o', 'n', 'e']",2403,2
1736,,CASSQDLGNQPQHF,,,,,,0.00012983640612827837,None,subset_2.tsv,"['N', 'o', 'n', 'e']",2404,3
1812,,CASSQDTSNQPQHF,,,,,,0.00012983640612827837,None,subset_2.tsv,"['N', 'o', 'n', 'e']",2404,3
1911,,CASSQDRGHQPQHF,,,,,,0.00012983640612827837,None,subset_2.tsv,"['N', 'o', 'n', 'e']",2404,3
1115,,CASSPWTADQPQHF,,,,,,0.00012983640612827837,None,subset_2.tsv,"['N', 'o', 'n', 'e']",2405,3
3887,,CASSEWLSDQPQHF,,,,,,0.00012983640612827837,None,subset_2.tsv,"['N', 'o', 'n', 'e']",2405,3
7016,,CASSIHTANQPQHF,,,,,,0.00012983640612827837,None,subset_2.tsv,"['N', 'o', 'n', 'e']",2405,3
705,,CASSTDRAAQPQHF,,,,,,0.00012983640612827837,None,subset_2.tsv,"['N', 'o', 'n', 'e']",2406,3
5435,,CASSADGSSQPQHF,,,,,,0.00012983640612827837,None,subset_2.tsv,"['N', 'o', 'n', 'e']",2406,3
5519,,CASRFISLGQPQHF,,,,,,0.00012983640612827837,None,subset_2.tsv,"['N', 'o', 'n', 'e']",2406,3
199,,CASSSEGGNQPQHF,,,,,,0.00012983640612827837,None,subset_2.tsv,"['N', 'o', 'n', 'e']",2407,2
6832,,CASSLEGGNQPQHF,,,,,,0.00012983640612827837,None,subset_2.tsv,"['N', 'o', 'n', 'e']",2407,2
37,,CASSLDGSNQPQHF,,,,,,0.00025967281225655674,None,subset_2.tsv,"['N', 'o', 'n', 'e']",2408,3
6661,,CASSLYTRNQPQHF,,,,,,0.00012983640612827837,None,subset_2.tsv,"['N', 'o', 'n', 'e']",2408,3
6808,,CASSLDSSNQPQHF,,,,,,0.00012983640612827837,None,subset_2.tsv,"['N', 'o', 'n', 'e']",2408,3
1986,,CAWSVELLSSPLHF,,,,,,0.00012983640612827837,None,subset_2.tsv,"['N', 'o', 'n', 'e']",2409,3
6157,,CASSLQGNNSPLHF,,,,,,0.00012983640612827837,None,subset_2.tsv,"['N', 'o', 'n', 'e']",2409,3
6812,,CASSLDRTSSPLHF,,,,,,0.00012983640612827837,None,subset_2.tsv,"['N', 'o', 'n', 'e']",2409,3
83,,CASSRNRDNSPLHF,,,,,,0.00012983640612827837,None,subset_2.tsv,"['N', 'o', 'n', 'e']",2410,2
231,,CASSRDRDNSPLHF,,,,,,0.00012983640612827837,None,subset_2.tsv,"['N', 'o', 'n', 'e']",2410,2
1098,,CASSPYRGPSPLHF,,,,,,0.00012983640612827837,None,subset_2.tsv,"['N', 'o', 'n', 'e']",2413,2
1393,,CASSPPGGQGGEAFF,,,,,,0.00012983640612827837,None,subset_2.tsv,"['N', 'o', 'n', 'e']",2413,2
183,,CASSSDRAPTGELFF,,,,,,0.00012983640612827837,None,subset_2.tsv,"['N', 'o', 'n', 'e']",2415,2
198,,CASSSDRGQAGELFF,,,,,,0.00012983640612827837,None,subset_2.tsv,"['N', 'o', 'n', 'e']",2415,2
6802,,CASSLDTLAGGQFF,,,,,,0.00012983640612827837,None,subset_2.tsv,"['N', 'o', 'n', 'e']",2416,2
6881,,CASSLDRGARGYTF,,,,,,0.00012983640612827837,None,subset_2.tsv,"['N', 'o', 'n', 'e']",2416,2
4365,,CASSGRYSNQPQHF,,,,,,0.00012983640612827837,None,subset_2.tsv,"['N', 'o', 'n', 'e']",2417,2
5280,,CASRSRQGYQPQHF,,,,,,0.00012983640612827837,None,subset_2.tsv,"['N', 'o', 'n', 'e']",2417,2
852,,CASSSGQINQPQHF,,,,,,0.00012983640612827837,None,subset_2.tsv,"['N', 'o', 'n', 'e']",2418,5
4391,,CASSGGVVNQPQHF,,,,,,0.00012983640612827837,None,subset_2.tsv,"['N', 'o', 'n', 'e']",2418,5
4995,,CASKRGMSNQPQHF,,,,,,0.00012983640612827837,None,subset_2.tsv,"['N', 'o', 'n', 'e']",2418,5
5206,,CAISTGDSNQPQHF,,,,,,0.00012983640612827837,None,subset_2.tsv,"['N', 'o', 'n', 'e']",2418,5
5258,,CASRSGPVNQPQHF,,,,,,0.00012983640612827837,None,subset_2.tsv,"['N', 'o', 'n', 'e']",2418,5
7233,,CASSLGRTNQPQHF,,,,,,0.00012983640612827837,None,subset_2.tsv,"['N', 'o', 'n', 'e']",2419,2
7555,,CASSLGGANQPQHF,,,,,,0.00012983640612827837,None,subset_2.tsv,"['N', 'o', 'n', 'e']",2419,2
515,,CASSSTGWVQPQHF,,,,,,0.00012983640612827837,None,subset_2.tsv,"['N', 'o', 'n', 'e']",2420,2
6183,,CASSLRGDNQPQHF,,,,,,0.00012983640612827837,None,subset_2.tsv,"['N', 'o', 'n', 'e']",2420,2
45,,CASSLGGLGQPQHF,,,,,,0.00025967281225655674,None,subset_2.tsv,"['N', 'o', 'n', 'e']",2421,3
5921,,CASSLTGLGQPQHF,,,,,,0.00012983640612827837,None,subset_2.tsv,"['N', 'o', 'n', 'e']",2421,3
6175,,CASSLRGLGQPQHF,,,,,,0.00012983640612827837,None,subset_2.tsv,"['N', 'o', 'n', 'e']",2421,3
6691,,CASSLAPLGQPQHF,,,,,,0.00012983640612827837,None,subset_2.tsv,"['N', 'o', 'n', 'e']",2422,2
7075,,CASSLADGNQPQHF,,,,,,0.00012983640612827837,None,subset_2.tsv,"['N', 'o', 'n', 'e']",2422,2
3084,,CASSYAGFHQPQHF,,,,,,0.00012983640612827837,None,subset_2.tsv,"['N', 'o', 'n', 'e']",2423,3
3291,,CASSVQGWNQPQHF,,,,,,0.00012983640612827837,None,subset_2.tsv,"['N', 'o', 'n', 'e']",2423,3
3719,,CASSYWGFNQPQHF,,,,,,0.00012983640612827837,None,subset_2.tsv,"['N', 'o', 'n', 'e']",2423,3
5181,,CASGETGWNQPQHF,,,,,,0.00012983640612827837,None,subset_2.tsv,"['N', 'o', 'n', 'e']",2424,2
5455,,CASRWAGMNQPQHF,,,,,,0.00012983640612827837,None,subset_2.tsv,"['N', 'o', 'n', 'e']",2424,2
235,,CASSRQGVGQPQHF,,,,,,0.00012983640612827837,None,subset_2.tsv,"['N', 'o', 'n', 'e']",2425,4
1352,,CASSPQGVGQPQHF,,,,,,0.00012983640612827837,None,subset_2.tsv,"['N', 'o', 'n', 'e']",2425,4
1359,,CASSPQGLGQPQHF,,,,,,0.00012983640612827837,None,subset_2.tsv,"['N', 'o', 'n', 'e']",2425,4
2004,,CAWSKVGVGQPQHF,,,,,,0.00012983640612827837,None,subset_2.tsv,"['N', 'o', 'n', 'e']",2425,4
2325,,CAWGYTGGGQPQHF,,,,,,0.00012983640612827837,None,subset_2.tsv,"['N', 'o', 'n', 'e']",2426,2
4799,,CASGPTGTGDTEAFF,,,,,,0.00012983640612827837,None,subset_2.tsv,"['N', 'o', 'n', 'e']",2426,2
42,,CASSPTGVGQPQHF,,,,,,0.00025967281225655674,None,subset_2.tsv,"['N', 'o', 'n', 'e']",2427,7
1063,,CASSPRGRRQPQHF,,,,,,0.00012983640612827837,None,subset_2.tsv,"['N', 'o', 'n', 'e']",2427,7
1178,,CASSPTGLSQPQHF,,,,,,0.00012983640612827837,None,subset_2.tsv,"['N', 'o', 'n', 'e']",2427,7
1180,,CASSPTGLGQPQHF,,,,,,0.00012983640612827837,None,subset_2.tsv,"['N', 'o', 'n', 'e']",2427,7
4348,,CASSHFGLGQPQHF,,,,,,0.00012983640612827837,None,subset_2.tsv,"['N', 'o', 'n', 'e']",2427,7
4438,,CASSHTGLGQPQHF,,,,,,0.00012983640612827837,None,subset_2.tsv,"['N', 'o', 'n', 'e']",2427,7
5316,,CASRPTGLGQPQHF,,,,,,0.00012983640612827837,None,subset_2.tsv,"['N', 'o', 'n', 'e']",2427,7
2182,,CATSDWDSNQPQHF,,,,,,0.00012983640612827837,None,subset_2.tsv,"['N', 'o', 'n', 'e']",2428,3
2185,,CATSDTDSNQPQHF,,,,,,0.00012983640612827837,None,subset_2.tsv,"['N', 'o', 'n', 'e']",2428,3
2253,,CATSDLDSNQPQHF,,,,,,0.00012983640612827837,None,subset_2.tsv,"['N', 'o', 'n', 'e']",2428,3
1283,,CASSPIESNQPQHF,,,,,,0.00012983640612827837,None,subset_2.tsv,"['N', 'o', 'n', 'e']",2429,3
1302,,CASSPIRGNQPQHF,,,,,,0.00012983640612827837,None,subset_2.tsv,"['N', 'o', 'n', 'e']",2429,3
1342,,CASSPQVGVQPQHF,,,,,,0.00012983640612827837,None,subset_2.tsv,"['N', 'o', 'n', 'e']",2429,3
4137,,CASSASGGIQPQHF,,,,,,0.00012983640612827837,None,subset_2.tsv,"['N', 'o', 'n', 'e']",2430,2
5394,,CASSAGTGDQPQHF,,,,,,0.00012983640612827837,None,subset_2.tsv,"['N', 'o', 'n', 'e']",2430,2
261,,CASSRTGVNQPQHF,,,,,,0.00012983640612827837,None,subset_2.tsv,"['N', 'o', 'n', 'e']",2431,4
3205,,CASSTSGANQPQHF,,,,,,0.00012983640612827837,None,subset_2.tsv,"['N', 'o', 'n', 'e']",2431,4
4253,,CASSDSGANQPQHF,,,,,,0.00012983640612827837,None,subset_2.tsv,"['N', 'o', 'n', 'e']",2431,4
5265,,CASRRTGSNQPQHF,,,,,,0.00012983640612827837,None,subset_2.tsv,"['N', 'o', 'n', 'e']",2431,4
3036,,CASSYLGGGQPQHF,,,,,,0.00012983640612827837,None,subset_2.tsv,"['N', 'o', 'n', 'e']",2432,2
6033,,CASSLLVGSQPQHF,,,,,,0.00012983640612827837,None,subset_2.tsv,"['N', 'o', 'n', 'e']",2432,2
986,,CASSPSPGGQPQHF,,,,,,0.00012983640612827837,None,subset_2.tsv,"['N', 'o', 'n', 'e']",2433,3
4071,,CASSDGTGGQPQHF,,,,,,0.00012983640612827837,None,subset_2.tsv,"['N', 'o', 'n', 'e']",2433,3
4078,,CASSDGGLGQPQHF,,,,,,0.00012983640612827837,None,subset_2.tsv,"['N', 'o', 'n', 'e']",2433,3
3367,,CASTPGEPNSPLHF,,,,,,0.00012983640612827837,None,subset_2.tsv,"['N', 'o', 'n', 'e']",2434,2
6393,,CASSPGHLNSPLHF,,,,,,0.00012983640612827837,None,subset_2.tsv,"['N', 'o', 'n', 'e']",2434,2
1596,,CASSQGQINQPQHF,,,,,,0.00012983640612827837,None,subset_2.tsv,"['N', 'o', 'n', 'e']",2436,3
4337,,CASSHGQVNQPQHF,,,,,,0.00012983640612827837,None,subset_2.tsv,"['N', 'o', 'n', 'e']",2436,3
5632,,CASRIGQVDQPQHF,,,,,,0.00012983640612827837,None,subset_2.tsv,"['N', 'o', 'n', 'e']",2436,3
1074,,CASSPRYSNQPQHF,,,,,,0.00012983640612827837,None,subset_2.tsv,"['N', 'o', 'n', 'e']",2437,2
3686,,CASSYRPINQPQHF,,,,,,0.00012983640612827837,None,subset_2.tsv,"['N', 'o', 'n', 'e']",2437,2
2012,,CAWSEGDLNQPQHF,,,,,,0.00012983640612827837,None,subset_2.tsv,"['N', 'o', 'n', 'e']",2438,3
3853,,CASSESPVNQPQHF,,,,,,0.00012983640612827837,None,subset_2.tsv,"['N', 'o', 'n', 'e']",2438,3
4187,,CASSEGRSNQPQHF,,,,,,0.00012983640612827837,None,subset_2.tsv,"['N', 'o', 'n', 'e']",2438,3
813,,CASSQHAGDSPLHF,,,,,,0.00012983640612827837,None,subset_2.tsv,"['N', 'o', 'n', 'e']",2439,3
4941,,CASNEQFSHSPLHF,,,,,,0.00012983640612827837,None,subset_2.tsv,"['N', 'o', 'n', 'e']",2439,3
5313,,CASRPVAGNSPLHF,,,,,,0.00012983640612827837,None,subset_2.tsv,"['N', 'o', 'n', 'e']",2439,3
1065,,CASSPRRAESPLHF,,,,,,0.00012983640612827837,None,subset_2.tsv,"['N', 'o', 'n', 'e']",2440,3
3925,,CASSESADNSPLHF,,,,,,0.00012983640612827837,None,subset_2.tsv,"['N', 'o', 'n', 'e']",2440,3
5517,,CASRDSLSYSPLHF,,,,,,0.00012983640612827837,None,subset_2.tsv,"['N', 'o', 'n', 'e']",2440,3
3942,,CASSERATNEKLFF,,,,,,0.00012983640612827837,None,subset_2.tsv,"['N', 'o', 'n', 'e']",2441,2
6992,,CASSIGATNEKLFF,,,,,,0.00012983640612827837,None,subset_2.tsv,"['N', 'o', 'n', 'e']",2441,2
1483,,CASSQGFSNQPQHF,,,,,,0.00012983640612827837,None,subset_2.tsv,"['N', 'o', 'n', 'e']",2442,2
3529,,CATKQGNSNQPQHF,,,,,,0.00012983640612827837,None,subset_2.tsv,"['N', 'o', 'n', 'e']",2442,2
1654,,CASSQGGGGSPLHF,,,,,,0.00012983640612827837,None,subset_2.tsv,"['N', 'o', 'n', 'e']",2445,2
6179,,CASSLRGGGSPLHF,,,,,,0.00012983640612827837,None,subset_2.tsv,"['N', 'o', 'n', 'e']",2445,2
2923,,CASSWRGRNSPLHF,,,,,,0.00012983640612827837,None,subset_2.tsv,"['N', 'o', 'n', 'e']",2447,3
4659,,CASSFSGGNSPLHF,,,,,,0.00012983640612827837,None,subset_2.tsv,"['N', 'o', 'n', 'e']",2447,3
6169,,CASSLRGSNSPLHF,,,,,,0.00012983640612827837,None,subset_2.tsv,"['N', 'o', 'n', 'e']",2447,3
7559,,CASSLGGIRSPLHF,,,,,,0.00012983640612827837,None,subset_2.tsv,"['N', 'o', 'n', 'e']",2448,3
7570,,CASSLGGSNSPLHF,,,,,,0.00012983640612827837,None,subset_2.tsv,"['N', 'o', 'n', 'e']",2448,3
7584,,CASSLGGLDSPLHF,,,,,,0.00012983640612827837,None,subset_2.tsv,"['N', 'o', 'n', 'e']",2448,3
120,,CASSRGISDSPLHF,,,,,,0.00012983640612827837,None,subset_2.tsv,"['N', 'o', 'n', 'e']",2449,3
4001,,CASSFGTLNSPLHF,,,,,,0.00012983640612827837,None,subset_2.tsv,"['N', 'o', 'n', 'e']",2449,3
5390,,CASSAGTGVSPLHF,,,,,,0.00012983640612827837,None,subset_2.tsv,"['N', 'o', 'n', 'e']",2449,3
3093,,CASSYGGTSGGPFF,,,,,,0.00012983640612827837,None,subset_2.tsv,"['N', 'o', 'n', 'e']",2450,2
4046,,CASSFGGPRGPLHF,,,,,,0.00012983640612827837,None,subset_2.tsv,"['N', 'o', 'n', 'e']",2450,2
3097,,CASSYGGFNQPQHF,,,,,,0.00012983640612827837,None,subset_2.tsv,"['N', 'o', 'n', 'e']",2451,3
3100,,CASSYGGEDQPQHF,,,,,,0.00012983640612827837,None,subset_2.tsv,"['N', 'o', 'n', 'e']",2451,3
6395,,CASSPGGYNSPLHF,,,,,,0.00012983640612827837,None,subset_2.tsv,"['N', 'o', 'n', 'e']",2451,3
2915,,CASSWTGDNSPLHF,,,,,,0.00012983640612827837,None,subset_2.tsv,"['N', 'o', 'n', 'e']",2452,4
3740,,CASSYTGYSSPLHF,,,,,,0.00012983640612827837,None,subset_2.tsv,"['N', 'o', 'n', 'e']",2452,4
5763,,CASSLTGEGSPLHF,,,,,,0.00012983640612827837,None,subset_2.tsv,"['N', 'o', 'n', 'e']",2452,4
5932,,CASSLTGYNSPLHF,,,,,,0.00012983640612827837,None,subset_2.tsv,"['N', 'o', 'n', 'e']",2452,4
4247,,CASSDRPYNSPLHF,,,,,,0.00012983640612827837,None,subset_2.tsv,"['N', 'o', 'n', 'e']",2453,2
5541,,CASRDTGYNSPLHF,,,,,,0.00012983640612827837,None,subset_2.tsv,"['N', 'o', 'n', 'e']",2453,2
733,,CASSTGRNYGYTF,,,,,,0.00012983640612827837,None,subset_2.tsv,"['N', 'o', 'n', 'e']",2455,4
2311,,CATSTRYSYGYTF,,,,,,0.00012983640612827837,None,subset_2.tsv,"['N', 'o', 'n', 'e']",2455,4
5300,,CASRTGRYYGYTF,,,,,,0.00012983640612827837,None,subset_2.tsv,"['N', 'o', 'n', 'e']",2455,4
5379,,CASSAGYNYGYTF,,,,,,0.00012983640612827837,None,subset_2.tsv,"['N', 'o', 'n', 'e']",2455,4
670,,CASSTRGNYGYTF,,,,,,0.00012983640612827837,None,subset_2.tsv,"['N', 'o', 'n', 'e']",2456,3
5152,,CASAVRVDYGYTF,,,,,,0.00012983640612827837,None,subset_2.tsv,"['N', 'o', 'n', 'e']",2456,3
5597,,CASPDRVDYGYTF,,,,,,0.00012983640612827837,None,subset_2.tsv,"['N', 'o', 'n', 'e']",2456,3
187,,CASSSGANYGYTF,,,,,,0.00012983640612827837,None,subset_2.tsv,"['N', 'o', 'n', 'e']",2457,5
905,,CASSSRFNYGYTF,,,,,,0.00012983640612827837,None,subset_2.tsv,"['N', 'o', 'n', 'e']",2457,5
910,,CASSSRDNYGYTF,,,,,,0.00012983640612827837,None,subset_2.tsv,"['N', 'o', 'n', 'e']",2457,5
4814,,CASHSIVNYGYTF,,,,,,0.00012983640612827837,None,subset_2.tsv,"['N', 'o', 'n', 'e']",2457,5
4956,,CASIGRRNYGYTF,,,,,,0.00012983640612827837,None,subset_2.tsv,"['N', 'o', 'n', 'e']",2457,5
2276,,CATSDLSGEGYTF,,,,,,0.00012983640612827837,None,subset_2.tsv,"['N', 'o', 'n', 'e']",2458,3
4293,,CASSDVGAEGYTF,,,,,,0.00012983640612827837,None,subset_2.tsv,"['N', 'o', 'n', 'e']",2458,3
5073,,CAISDLGSYGYTF,,,,,,0.00012983640612827837,None,subset_2.tsv,"['N', 'o', 'n', 'e']",2458,3
2958,,CASSVTGPYGYTF,,,,,,0.00012983640612827837,None,subset_2.tsv,"['N', 'o', 'n', 'e']",2459,6
3419,,CASTKGGPYGYTF,,,,,,0.00012983640612827837,None,subset_2.tsv,"['N', 'o', 'n', 'e']",2459,6
3573,,CASTWTGRYGYTF,,,,,,0.00012983640612827837,None,subset_2.tsv,"['N', 'o', 'n', 'e']",2459,6
4820,,CASHATGAYGYTF,,,,,,0.00012983640612827837,None,subset_2.tsv,"['N', 'o', 'n', 'e']",2459,6
5321,,CASRPTGDYGYTF,,,,,,0.00012983640612827837,None,subset_2.tsv,"['N', 'o', 'n', 'e']",2459,6
7038,,CASSKTGHPGYTF,,,,,,0.00012983640612827837,None,subset_2.tsv,"['N', 'o', 'n', 'e']",2459,6
4235,,CASSEGGGRGAFF,,,,,,0.00012983640612827837,None,subset_2.tsv,"['N', 'o', 'n', 'e']",2460,2
5066,,CAISESGSTGYTF,,,,,,0.00012983640612827837,None,subset_2.tsv,"['N', 'o', 'n', 'e']",2460,2
3096,,CASSYGGLDGYTF,,,,,,0.00012983640612827837,None,subset_2.tsv,"['N', 'o', 'n', 'e']",2461,4
4051,,CASSFGGGYGYTF,,,,,,0.00012983640612827837,None,subset_2.tsv,"['N', 'o', 'n', 'e']",2461,4
6316,,CASSPGRVYGYTF,,,,,,0.00012983640612827837,None,subset_2.tsv,"['N', 'o', 'n', 'e']",2461,4
6427,,CASSPGPAVGYTF,,,,,,0.00012983640612827837,None,subset_2.tsv,"['N', 'o', 'n', 'e']",2461,4
3005,,CASSYGTGNGYTF,,,,,,0.00012983640612827837,None,subset_2.tsv,"['N', 'o', 'n', 'e']",2462,2
6429,,CASSPGMGSGYTF,,,,,,0.00012983640612827837,None,subset_2.tsv,"['N', 'o', 'n', 'e']",2462,2
1620,,CASSQGTQDGYTF,,,,,,0.00012983640612827837,None,subset_2.tsv,"['N', 'o', 'n', 'e']",2464,4
3002,,CASSYGTHYGYTF,,,,,,0.00012983640612827837,None,subset_2.tsv,"['N', 'o', 'n', 'e']",2464,4
3956,,CASSFGRDYGYTF,,,,,,0.00012983640612827837,None,subset_2.tsv,"['N', 'o', 'n', 'e']",2464,4
6321,,CASSPGTDYGYTF,,,,,,0.00012983640612827837,None,subset_2.tsv,"['N', 'o', 'n', 'e']",2464,4
425,,CASSRATPYGYTF,,,,,,0.00012983640612827837,None,subset_2.tsv,"['N', 'o', 'n', 'e']",2465,5
727,,CASSTGTLYGYTF,,,,,,0.00012983640612827837,None,subset_2.tsv,"['N', 'o', 'n', 'e']",2465,5
731,,CASSTGTAYGYTF,,,,,,0.00012983640612827837,None,subset_2.tsv,"['N', 'o', 'n', 'e']",2465,5
766,,CASSSGTNYGYTF,,,,,,0.00012983640612827837,None,subset_2.tsv,"['N', 'o', 'n', 'e']",2465,5
5110,,CAISAGTEYGYTF,,,,,,0.00012983640612827837,None,subset_2.tsv,"['N', 'o', 'n', 'e']",2465,5
176,,CASSSAGPYGYTF,,,,,,0.00012983640612827837,None,subset_2.tsv,"['N', 'o', 'n', 'e']",2466,4
5786,,CASSLSGTNGYTF,,,,,,0.00012983640612827837,None,subset_2.tsv,"['N', 'o', 'n', 'e']",2466,4
5813,,CASSLSGYYGYTF,,,,,,0.00012983640612827837,None,subset_2.tsv,"['N', 'o', 'n', 'e']",2466,4
6741,,CASSLAGPKGYTF,,,,,,0.00012983640612827837,None,subset_2.tsv,"['N', 'o', 'n', 'e']",2466,4
119,,CASSRGGVDGYTF,,,,,,0.00012983640612827837,None,subset_2.tsv,"['N', 'o', 'n', 'e']",2467,4
814,,CASSSGGVYGYTF,,,,,,0.00012983640612827837,None,subset_2.tsv,"['N', 'o', 'n', 'e']",2467,4
818,,CASSSGGTYGYTF,,,,,,0.00012983640612827837,None,subset_2.tsv,"['N', 'o', 'n', 'e']",2467,4
5142,,CASDTGGGYGYTF,,,,,,0.00012983640612827837,None,subset_2.tsv,"['N', 'o', 'n', 'e']",2467,4
7236,,CASSLGRSYGYTF,,,,,,0.00012983640612827837,None,subset_2.tsv,"['N', 'o', 'n', 'e']",2468,4
7248,,CASSLGRAYGYTF,,,,,,0.00012983640612827837,None,subset_2.tsv,"['N', 'o', 'n', 'e']",2468,4
7437,,CASSLGGADGYTF,,,,,,0.00012983640612827837,None,subset_2.tsv,"['N', 'o', 'n', 'e']",2468,4
7609,,CASSLGGLYGYTF,,,,,,0.00012983640612827837,None,subset_2.tsv,"['N', 'o', 'n', 'e']",2468,4
3260,,CASSVGTGYGYTF,,,,,,0.00012983640612827837,None,subset_2.tsv,"['N', 'o', 'n', 'e']",2469,3
7150,,CASSLGTGFGYTF,,,,,,0.00012983640612827837,None,subset_2.tsv,"['N', 'o', 'n', 'e']",2469,3
7164,,CASSLGSGYGYTF,,,,,,0.00012983640612827837,None,subset_2.tsv,"['N', 'o', 'n', 'e']",2469,3
3176,,CASSVDFETQYF,,,,,,0.00012983640612827837,None,subset_2.tsv,"['N', 'o', 'n', 'e']",2470,3
6850,,CASSLDLDIQYF,,,,,,0.00012983640612827837,None,subset_2.tsv,"['N', 'o', 'n', 'e']",2470,3
6889,,CASSLDQPIQYF,,,,,,0.00012983640612827837,None,subset_2.tsv,"['N', 'o', 'n', 'e']",2470,3
3180,,CASSVAADTQYF,,,,,,0.00012983640612827837,None,subset_2.tsv,"['N', 'o', 'n', 'e']",2471,6
5745,,CASSLSSETQYF,,,,,,0.00012983640612827837,None,subset_2.tsv,"['N', 'o', 'n', 'e']",2471,6
5898,,CASSLVAHTQYF,,,,,,0.00012983640612827837,None,subset_2.tsv,"['N', 'o', 'n', 'e']",2471,6
6131,,CASSLSADTQYF,,,,,,0.00012983640612827837,None,subset_2.tsv,"['N', 'o', 'n', 'e']",2471,6
6458,,CASSLVSDTQYF,,,,,,0.00012983640612827837,None,subset_2.tsv,"['N', 'o', 'n', 'e']",2471,6
7027,,CASSLAAETQYF,,,,,,0.00012983640612827837,None,subset_2.tsv,"['N', 'o', 'n', 'e']",2471,6
98,,CASSRPQDEQYF,,,,,,0.00012983640612827837,None,subset_2.tsv,"['N', 'o', 'n', 'e']",2472,3
3192,,CASSTTEETQYF,,,,,,0.00012983640612827837,None,subset_2.tsv,"['N', 'o', 'n', 'e']",2472,3
4367,,CASSGPEETQYF,,,,,,0.00012983640612827837,None,subset_2.tsv,"['N', 'o', 'n', 'e']",2472,3
568,,CASSSSEETQYF,,,,,,0.00012983640612827837,None,subset_2.tsv,"['N', 'o', 'n', 'e']",2473,2
6103,,CASSLRQETQYF,,,,,,0.00012983640612827837,None,subset_2.tsv,"['N', 'o', 'n', 'e']",2473,2
2945,,CASSVVEETQYF,,,,,,0.00012983640612827837,None,subset_2.tsv,"['N', 'o', 'n', 'e']",2474,5
3218,,CASSVAPDTQYF,,,,,,0.00012983640612827837,None,subset_2.tsv,"['N', 'o', 'n', 'e']",2474,5
3324,,CASSVGEDTQYF,,,,,,0.00012983640612827837,None,subset_2.tsv,"['N', 'o', 'n', 'e']",2474,5
5082,,CAIETSEETQYF,,,,,,0.00012983640612827837,None,subset_2.tsv,"['N', 'o', 'n', 'e']",2474,5
5659,,CASRNLQETQYF,,,,,,0.00012983640612827837,None,subset_2.tsv,"['N', 'o', 'n', 'e']",2474,5
5892,,CASSLVEERGDTQYF,,,,,,0.00012983640612827837,None,subset_2.tsv,"['N', 'o', 'n', 'e']",2475,3
6841,,CASSLEFVVGETQYF,,,,,,0.00012983640612827837,None,subset_2.tsv,"['N', 'o', 'n', 'e']",2475,3
7359,,CASSLIPPVGETQYF,,,,,,0.00012983640612827837,None,subset_2.tsv,"['N', 'o', 'n', 'e']",2475,3
3162,,CASSVEQNYGYTF,,,,,,0.00012983640612827837,None,subset_2.tsv,"['N', 'o', 'n', 'e']",2476,2
4087,,CASSDEEIYGYTF,,,,,,0.00012983640612827837,None,subset_2.tsv,"['N', 'o', 'n', 'e']",2476,2
5894,,CASSLVDIDGYTF,,,,,,0.00012983640612827837,None,subset_2.tsv,"['N', 'o', 'n', 'e']",2477,3
6688,,CASSLAQFYGYTF,,,,,,0.00012983640612827837,None,subset_2.tsv,"['N', 'o', 'n', 'e']",2477,3
6817,,CASSLEDFYGYTF,,,,,,0.00012983640612827837,None,subset_2.tsv,"['N', 'o', 'n', 'e']",2477,3
2447,,CSVAEAANYGYTF,,,,,,0.00012983640612827837,None,subset_2.tsv,"['N', 'o', 'n', 'e']",2478,2
3487,,CATEPRANYGYTF,,,,,,0.00012983640612827837,None,subset_2.tsv,"['N', 'o', 'n', 'e']",2478,2
1150,,CASSQAANYGYTF,,,,,,0.00012983640612827837,None,subset_2.tsv,"['N', 'o', 'n', 'e']",2479,3
3712,,CASSYSLNYGYTF,,,,,,0.00012983640612827837,None,subset_2.tsv,"['N', 'o', 'n', 'e']",2479,3
3924,,CASSESANYGYTF,,,,,,0.00012983640612827837,None,subset_2.tsv,"['N', 'o', 'n', 'e']",2479,3
1597,,CASSQGQHYGYTF,,,,,,0.00012983640612827837,None,subset_2.tsv,"['N', 'o', 'n', 'e']",2480,5
1673,,CASSQGPADGYTF,,,,,,0.00012983640612827837,None,subset_2.tsv,"['N', 'o', 'n', 'e']",2480,5
2886,,CASSWGQNYGYTF,,,,,,0.00012983640612827837,None,subset_2.tsv,"['N', 'o', 'n', 'e']",2480,5
3967,,CASSFGQDYGYTF,,,,,,0.00012983640612827837,None,subset_2.tsv,"['N', 'o', 'n', 'e']",2480,5
7513,,CASSLGHIYGYTF,,,,,,0.00012983640612827837,None,subset_2.tsv,"['N', 'o', 'n', 'e']",2480,5
538,,CASSSYQGGGYTF,,,,,,0.00012983640612827837,None,subset_2.tsv,"['N', 'o', 'n', 'e']",2483,3
5410,,CASSAPIGGGYTF,,,,,,0.00012983640612827837,None,subset_2.tsv,"['N', 'o', 'n', 'e']",2483,3
5612,,CASRLPLLGGYTF,,,,,,0.00012983640612827837,None,subset_2.tsv,"['N', 'o', 'n', 'e']",2483,3
209,,CASSSDRGTGELFF,,,,,,0.00012983640612827837,None,subset_2.tsv,"['N', 'o', 'n', 'e']",2484,3
954,,CASSSPPGTGEVLFF,,,,,,0.00012983640612827837,None,subset_2.tsv,"['N', 'o', 'n', 'e']",2484,3
968,,CASSSPGGAGELFF,,,,,,0.00012983640612827837,None,subset_2.tsv,"['N', 'o', 'n', 'e']",2484,3
204,,CASSSDYLEQYF,,,,,,0.00012983640612827837,None,subset_2.tsv,"['N', 'o', 'n', 'e']",2485,2
6901,,CASSLDPGEQYF,,,,,,0.00012983640612827837,None,subset_2.tsv,"['N', 'o', 'n', 'e']",2485,2
2976,,CASSWDPGTQYF,,,,,,0.00012983640612827837,None,subset_2.tsv,"['N', 'o', 'n', 'e']",2486,3
4979,,CASILPQGTQYF,,,,,,0.00012983640612827837,None,subset_2.tsv,"['N', 'o', 'n', 'e']",2486,3
5113,,CAIRTPFGTQYF,,,,,,0.00012983640612827837,None,subset_2.tsv,"['N', 'o', 'n', 'e']",2486,3
3750,,CASTFDGTYGYTF,,,,,,0.00012983640612827837,None,subset_2.tsv,"['N', 'o', 'n', 'e']",2487,4
4355,,CASSHDRGHGYTF,,,,,,0.00012983640612827837,None,subset_2.tsv,"['N', 'o', 'n', 'e']",2487,4
4535,,CASSHPGGFGYTF,,,,,,0.00012983640612827837,None,subset_2.tsv,"['N', 'o', 'n', 'e']",2487,4
5624,,CASRLDRGDGYTF,,,,,,0.00012983640612827837,None,subset_2.tsv,"['N', 'o', 'n', 'e']",2487,4
3290,,CASSVQPGYGYTF,,,,,,0.00012983640612827837,None,subset_2.tsv,"['N', 'o', 'n', 'e']",2488,2
7325,,CASSLIEGYGYTF,,,,,,0.00012983640612827837,None,subset_2.tsv,"['N', 'o', 'n', 'e']",2488,2
182,,CASSSDPRYGYTF,,,,,,0.00012983640612827837,None,subset_2.tsv,"['N', 'o', 'n', 'e']",2489,3
2391,,CATSRERGYGYTF,,,,,,0.00012983640612827837,None,subset_2.tsv,"['N', 'o', 'n', 'e']",2489,3
4671,,CASSGDKGEGYTF,,,,,,0.00012983640612827837,None,subset_2.tsv,"['N', 'o', 'n', 'e']",2489,3
290,,CASSQQGSYGYTF,,,,,,0.00012983640612827837,None,subset_2.tsv,"['N', 'o', 'n', 'e']",2490,3
1467,,CASSQETGYGYTF,,,,,,0.00012983640612827837,None,subset_2.tsv,"['N', 'o', 'n', 'e']",2490,3
1522,,CASSQEGGDGYTF,,,,,,0.00012983640612827837,None,subset_2.tsv,"['N', 'o', 'n', 'e']",2490,3
3173,,CASSVEGNDGYTF,,,,,,0.00012983640612827837,None,subset_2.tsv,"['N', 'o', 'n', 'e']",2491,3
6156,,CASSLQGNYGYTF,,,,,,0.00012983640612827837,None,subset_2.tsv,"['N', 'o', 'n', 'e']",2491,3
7349,,CASSLIGPYGYTF,,,,,,0.00012983640612827837,None,subset_2.tsv,"['N', 'o', 'n', 'e']",2491,3
1463,,CASSQETYYGYTF,,,,,,0.00012983640612827837,None,subset_2.tsv,"['N', 'o', 'n', 'e']",2492,2
6540,,CASSLVLVYGYTF,,,,,,0.00012983640612827837,None,subset_2.tsv,"['N', 'o', 'n', 'e']",2492,2
1344,,CASSPQTEYGYTF,,,,,,0.00012983640612827837,None,subset_2.tsv,"['N', 'o', 'n', 'e']",2493,2
1347,,CASSPQLIYGYTF,,,,,,0.00012983640612827837,None,subset_2.tsv,"['N', 'o', 'n', 'e']",2493,2
3424,,CASTIIGTYGYTF,,,,,,0.00012983640612827837,None,subset_2.tsv,"['N', 'o', 'n', 'e']",2495,4
3946,,CASSEQGNYGYTF,,,,,,0.00012983640612827837,None,subset_2.tsv,"['N', 'o', 'n', 'e']",2495,4
4282,,CASSEAGAFGYTF,,,,,,0.00012983640612827837,None,subset_2.tsv,"['N', 'o', 'n', 'e']",2495,4
5334,,CASRPQGAPGYTF,,,,,,0.00012983640612827837,None,subset_2.tsv,"['N', 'o', 'n', 'e']",2495,4
1404,,CASSPPGIYGYTF,,,,,,0.00012983640612827837,None,subset_2.tsv,"['N', 'o', 'n', 'e']",2496,2
3661,,CASSYPGNYGYTF,,,,,,0.00012983640612827837,None,subset_2.tsv,"['N', 'o', 'n', 'e']",2496,2
473,,CASSQTGHYGYTF,,,,,,0.00012983640612827837,None,subset_2.tsv,"['N', 'o', 'n', 'e']",2497,4
3696,,CASSYRGIYGYTF,,,,,,0.00012983640612827837,None,subset_2.tsv,"['N', 'o', 'n', 'e']",2497,4
3717,,CASSYWPDYGYTF,,,,,,0.00012983640612827837,None,subset_2.tsv,"['N', 'o', 'n', 'e']",2497,4
3734,,CASSYTRDYGYTF,,,,,,0.00012983640612827837,None,subset_2.tsv,"['N', 'o', 'n', 'e']",2497,4
4304,,CASSFITGAGYTF,,,,,,0.00012983640612827837,None,subset_2.tsv,"['N', 'o', 'n', 'e']",2498,2
6555,,CASSMVGGRGYTF,,,,,,0.00012983640612827837,None,subset_2.tsv,"['N', 'o', 'n', 'e']",2498,2
4146,,CASSARTGDGYTF,,,,,,0.00012983640612827837,None,subset_2.tsv,"['N', 'o', 'n', 'e']",2500,2
4589,,CASSFRSGDGYTF,,,,,,0.00012983640612827837,None,subset_2.tsv,"['N', 'o', 'n', 'e']",2500,2
4726,,CASSFSTNYGYTF,,,,,,0.00012983640612827837,None,subset_2.tsv,"['N', 'o', 'n', 'e']",2501,2
6634,,CASSLWTSYGYTF,,,,,,0.00012983640612827837,None,subset_2.tsv,"['N', 'o', 'n', 'e']",2501,2
5773,,CASSLTANYGYTF,,,,,,0.00012983640612827837,None,subset_2.tsv,"['N', 'o', 'n', 'e']",2502,3
5953,,CASSLTLNYGYTF,,,,,,0.00012983640612827837,None,subset_2.tsv,"['N', 'o', 'n', 'e']",2502,3
7090,,CASSITLADGYTF,,,,,,0.00012983640612827837,None,subset_2.tsv,"['N', 'o', 'n', 'e']",2502,3
311,,CASSQSQGEGYTF,,,,,,0.00012983640612827837,None,subset_2.tsv,"['N', 'o', 'n', 'e']",2503,2
411,,CASSQVPGDGYTF,,,,,,0.00012983640612827837,None,subset_2.tsv,"['N', 'o', 'n', 'e']",2503,2
3053,,CASSYHIGQGYTF,,,,,,0.00012983640612827837,None,subset_2.tsv,"['N', 'o', 'n', 'e']",2504,2
3089,,CASSYEWSDGYTF,,,,,,0.00012983640612827837,None,subset_2.tsv,"['N', 'o', 'n', 'e']",2504,2
5755,,CASSLTGGDGYTF,,,,,,0.00012983640612827837,None,subset_2.tsv,"['N', 'o', 'n', 'e']",2505,4
5887,,CASSLVFGDGYTF,,,,,,0.00012983640612827837,None,subset_2.tsv,"['N', 'o', 'n', 'e']",2505,4
6793,,CASSLEAGYGYTF,,,,,,0.00012983640612827837,None,subset_2.tsv,"['N', 'o', 'n', 'e']",2505,4
7404,,CASSLFIGDGYTF,,,,,,0.00012983640612827837,None,subset_2.tsv,"['N', 'o', 'n', 'e']",2505,4
6632,,CASSLWVLEQYF,,,,,,0.00012983640612827837,None,subset_2.tsv,"['N', 'o', 'n', 'e']",2506,3
7324,,CASSLIFGRQYF,,,,,,0.00012983640612827837,None,subset_2.tsv,"['N', 'o', 'n', 'e']",2506,3
7369,,CASSLILHEQYF,,,,,,0.00012983640612827837,None,subset_2.tsv,"['N', 'o', 'n', 'e']",2506,3
5876,,CASSLVGGEQYF,,,,,,0.00012983640612827837,None,subset_2.tsv,"['N', 'o', 'n', 'e']",2507,4
5909,,CASSLTGSEQYF,,,,,,0.00012983640612827837,None,subset_2.tsv,"['N', 'o', 'n', 'e']",2507,4
5919,,CASSLTGNEQYF,,,,,,0.00012983640612827837,None,subset_2.tsv,"['N', 'o', 'n', 'e']",2507,4
6154,,CASSLQGSEQFF,,,,,,0.00012983640612827837,None,subset_2.tsv,"['N', 'o', 'n', 'e']",2507,4
6077,,CASSLQGETQYF,,,,,,0.00012983640612827837,None,subset_2.tsv,"['N', 'o', 'n', 'e']",2508,4
6836,,CASSLEGETQYF,,,,,,0.00012983640612827837,None,subset_2.tsv,"['N', 'o', 'n', 'e']",2508,4
7056,,CASSLAGETQYF,,,,,,0.00012983640612827837,None,subset_2.tsv,"['N', 'o', 'n', 'e']",2508,4
7467,,CASSLERNTIYF,,,,,,0.00012983640612827837,None,subset_2.tsv,"['N', 'o', 'n', 'e']",2508,4
866,,CASSSQGFEQYF,,,,,,0.00012983640612827837,None,subset_2.tsv,"['N', 'o', 'n', 'e']",2509,3
4362,,CASSHAGDEQYF,,,,,,0.00012983640612827837,None,subset_2.tsv,"['N', 'o', 'n', 'e']",2509,3
7034,,CASSKVGDEQYF,,,,,,0.00012983640612827837,None,subset_2.tsv,"['N', 'o', 'n', 'e']",2509,3
6656,,CASSMDGYEQYF,,,,,,0.00012983640612827837,None,subset_2.tsv,"['N', 'o', 'n', 'e']",2510,5
6737,,CASSLAGQEQYF,,,,,,0.00012983640612827837,None,subset_2.tsv,"['N', 'o', 'n', 'e']",2510,5
6865,,CASSLDGNEQYF,,,,,,0.00012983640612827837,None,subset_2.tsv,"['N', 'o', 'n', 'e']",2510,5
7060,,CASSLAGDEQYF,,,,,,0.00012983640612827837,None,subset_2.tsv,"['N', 'o', 'n', 'e']",2510,5
7455,,CASSLEGYEQYF,,,,,,0.00012983640612827837,None,subset_2.tsv,"['N', 'o', 'n', 'e']",2510,5
1713,,CASSQDGKAQYF,,,,,,0.00012983640612827837,None,subset_2.tsv,"['N', 'o', 'n', 'e']",2511,2
1857,,CASSQDWTEQYF,,,,,,0.00012983640612827837,None,subset_2.tsv,"['N', 'o', 'n', 'e']",2511,2
1513,,CASSQEGREQFF,,,,,,0.00012983640612827837,None,subset_2.tsv,"['N', 'o', 'n', 'e']",2512,4
1517,,CASSQEGNEQFF,,,,,,0.00012983640612827837,None,subset_2.tsv,"['N', 'o', 'n', 'e']",2512,4
1532,,CASSQEFDEQFF,,,,,,0.00012983640612827837,None,subset_2.tsv,"['N', 'o', 'n', 'e']",2512,4
1917,,CASSQDRDEQFF,,,,,,0.00012983640612827837,None,subset_2.tsv,"['N', 'o', 'n', 'e']",2512,4
6,,CASSLAPYEQYF,,,,,,0.00038950921838483513,None,subset_2.tsv,"['N', 'o', 'n', 'e']",2513,3
374,,CASSQNNYEQYF,,,,,,0.00012983640612827837,None,subset_2.tsv,"['N', 'o', 'n', 'e']",2513,3
6055,,CASSLNRYEQYF,,,,,,0.00012983640612827837,None,subset_2.tsv,"['N', 'o', 'n', 'e']",2513,3
308,,CASSQSTYEQYF,,,,,,0.00012983640612827837,None,subset_2.tsv,"['N', 'o', 'n', 'e']",2514,2
5558,,CASNQDTYEQYF,,,,,,0.00012983640612827837,None,subset_2.tsv,"['N', 'o', 'n', 'e']",2514,2
5881,,CASSLVGDEQFF,,,,,,0.00012983640612827837,None,subset_2.tsv,"['N', 'o', 'n', 'e']",2515,3
7291,,CASSLLGDEQFF,,,,,,0.00012983640612827837,None,subset_2.tsv,"['N', 'o', 'n', 'e']",2515,3
7579,,CASSLGGDEQFF,,,,,,0.00012983640612827837,None,subset_2.tsv,"['N', 'o', 'n', 'e']",2515,3
4747,,CASSFTGAEQFF,,,,,,0.00012983640612827837,None,subset_2.tsv,"['N', 'o', 'n', 'e']",2516,3
5918,,CASSLTGPEQFF,,,,,,0.00012983640612827837,None,subset_2.tsv,"['N', 'o', 'n', 'e']",2516,3
7286,,CASSLKGHEQFF,,,,,,0.00012983640612827837,None,subset_2.tsv,"['N', 'o', 'n', 'e']",2516,3
3378,,CASTMSLAEQFF,,,,,,0.00012983640612827837,None,subset_2.tsv,"['N', 'o', 'n', 'e']",2517,3
4825,,CASGWNLDEQFF,,,,,,0.00012983640612827837,None,subset_2.tsv,"['N', 'o', 'n', 'e']",2517,3
6093,,CASSLRLNEQFF,,,,,,0.00012983640612827837,None,subset_2.tsv,"['N', 'o', 'n', 'e']",2517,3
6083,,CASSLRTHNEQFF,,,,,,0.00012983640612827837,None,subset_2.tsv,"['N', 'o', 'n', 'e']",2518,2
6087,,CASSLRTAEAFF,,,,,,0.00012983640612827837,None,subset_2.tsv,"['N', 'o', 'n', 'e']",2518,2
3,,CASSLGSYEQYF,,,,,,0.0005193456245131135,None,subset_2.tsv,"['N', 'o', 'n', 'e']",2519,6
5571,,CASNMGPYEQYF,,,,,,0.00012983640612827837,None,subset_2.tsv,"['N', 'o', 'n', 'e']",2519,6
5577,,CASNVGYDEQYF,,,,,,0.00012983640612827837,None,subset_2.tsv,"['N', 'o', 'n', 'e']",2519,6
7342,,CASSLGYYEQYF,,,,,,0.00012983640612827837,None,subset_2.tsv,"['N', 'o', 'n', 'e']",2519,6
7421,,CASSLGDYEQYF,,,,,,0.00012983640612827837,None,subset_2.tsv,"['N', 'o', 'n', 'e']",2519,6
7494,,CASSLGFYEQYF,,,,,,0.00012983640612827837,None,subset_2.tsv,"['N', 'o', 'n', 'e']",2519,6
24,,CASSLGGYEQYF,,,,,,0.00025967281225655674,None,subset_2.tsv,"['N', 'o', 'n', 'e']",2520,5
47,,CASSLGGNEQFF,,,,,,0.00025967281225655674,None,subset_2.tsv,"['N', 'o', 'n', 'e']",2520,5
48,,CASSLGGNEQYF,,,,,,0.00025967281225655674,None,subset_2.tsv,"['N', 'o', 'n', 'e']",2520,5
72,,CASSLSGYEQYF,,,,,,0.00025967281225655674,None,subset_2.tsv,"['N', 'o', 'n', 'e']",2520,5
4008,,CASSFGGYEQYF,,,,,,0.00012983640612827837,None,subset_2.tsv,"['N', 'o', 'n', 'e']",2520,5
179,,CASSSADYEQYF,,,,,,0.00012983640612827837,None,subset_2.tsv,"['N', 'o', 'n', 'e']",2521,4
912,,CASSSRDKEQYF,,,,,,0.00012983640612827837,None,subset_2.tsv,"['N', 'o', 'n', 'e']",2521,4
3546,,CASTSGDNEQFF,,,,,,0.00012983640612827837,None,subset_2.tsv,"['N', 'o', 'n', 'e']",2521,4
5256,,CASRSGVHEQYF,,,,,,0.00012983640612827837,None,subset_2.tsv,"['N', 'o', 'n', 'e']",2521,4
572,,CASSSRTYEQYF,,,,,,0.00012983640612827837,None,subset_2.tsv,"['N', 'o', 'n', 'e']",2522,2
599,,CASSSSTYEQYF,,,,,,0.00012983640612827837,None,subset_2.tsv,"['N', 'o', 'n', 'e']",2522,2
4890,,CASGLSGDEQYF,,,,,,0.00012983640612827837,None,subset_2.tsv,"['N', 'o', 'n', 'e']",2523,4
5174,,CASGFSGTEQYF,,,,,,0.00012983640612827837,None,subset_2.tsv,"['N', 'o', 'n', 'e']",2523,4
5196,,CAMGGSGDEQYF,,,,,,0.00012983640612827837,None,subset_2.tsv,"['N', 'o', 'n', 'e']",2523,4
5261,,CASRSAGAEQYF,,,,,,0.00012983640612827837,None,subset_2.tsv,"['N', 'o', 'n', 'e']",2523,4
1363,,CASSPRATEAFF,,,,,,0.00012983640612827837,None,subset_2.tsv,"['N', 'o', 'n', 'e']",2524,3
4109,,CASSDPATEAFF,,,,,,0.00012983640612827837,None,subset_2.tsv,"['N', 'o', 'n', 'e']",2524,3
4298,,CASSDTNTEAFF,,,,,,0.00012983640612827837,None,subset_2.tsv,"['N', 'o', 'n', 'e']",2524,3
636,,CASSTPGPEAFF,,,,,,0.00012983640612827837,None,subset_2.tsv,"['N', 'o', 'n', 'e']",2525,2
1411,,CASSPPGEEAFF,,,,,,0.00012983640612827837,None,subset_2.tsv,"['N', 'o', 'n', 'e']",2525,2
5454,,CASRWDSFEAFF,,,,,,0.00012983640612827837,None,subset_2.tsv,"['N', 'o', 'n', 'e']",2526,2
5653,,CASRPDNTEAFF,,,,,,0.00012983640612827837,None,subset_2.tsv,"['N', 'o', 'n', 'e']",2526,2
1390,,CASSPQGHEQYF,,,,,,0.00012983640612827837,None,subset_2.tsv,"['N', 'o', 'n', 'e']",2527,4
1412,,CASSPPGDEQYF,,,,,,0.00012983640612827837,None,subset_2.tsv,"['N', 'o', 'n', 'e']",2527,4
6220,,CASSPEGDEQYF,,,,,,0.00012983640612827837,None,subset_2.tsv,"['N', 'o', 'n', 'e']",2527,4
6221,,CASSPEGDEQFF,,,,,,0.00012983640612827837,None,subset_2.tsv,"['N', 'o', 'n', 'e']",2527,4
1247,,CASSPPDETQYF,,,,,,0.00012983640612827837,None,subset_2.tsv,"['N', 'o', 'n', 'e']",2528,3
1410,,CASSPPGETQYF,,,,,,0.00012983640612827837,None,subset_2.tsv,"['N', 'o', 'n', 'e']",2528,3
1422,,CASSPPGVTQYF,,,,,,0.00012983640612827837,None,subset_2.tsv,"['N', 'o', 'n', 'e']",2528,3
3875,,CASSEYTDTQYF,,,,,,0.00012983640612827837,None,subset_2.tsv,"['N', 'o', 'n', 'e']",2529,3
6258,,CASSPDLDTQYF,,,,,,0.00012983640612827837,None,subset_2.tsv,"['N', 'o', 'n', 'e']",2529,3
6291,,CASSPDTDTQYF,,,,,,0.00012983640612827837,None,subset_2.tsv,"['N', 'o', 'n', 'e']",2529,3
2231,,CATSDFSKTQYF,,,,,,0.00012983640612827837,None,subset_2.tsv,"['N', 'o', 'n', 'e']",2530,2
4565,,CASSFPSTTLYF,,,,,,0.00012983640612827837,None,subset_2.tsv,"['N', 'o', 'n', 'e']",2530,2
1050,,CASSPRLAPQYF,,,,,,0.00012983640612827837,None,subset_2.tsv,"['N', 'o', 'n', 'e']",2531,4
1264,,CASSPNANEQYF,,,,,,0.00012983640612827837,None,subset_2.tsv,"['N', 'o', 'n', 'e']",2531,4
1418,,CASSPPFHEQYF,,,,,,0.00012983640612827837,None,subset_2.tsv,"['N', 'o', 'n', 'e']",2531,4
4761,,CASSFVSSEQYF,,,,,,0.00012983640612827837,None,subset_2.tsv,"['N', 'o', 'n', 'e']",2531,4
925,,CASSSNYNEQFF,,,,,,0.00012983640612827837,None,subset_2.tsv,"['N', 'o', 'n', 'e']",2532,2
4414,,CASSGQNNEQFF,,,,,,0.00012983640612827837,None,subset_2.tsv,"['N', 'o', 'n', 'e']",2532,2
709,,CASSTALEKLFF,,,,,,0.00012983640612827837,None,subset_2.tsv,"['N', 'o', 'n', 'e']",2533,2
5086,,CAGSGYNEKLFF,,,,,,0.00012983640612827837,None,subset_2.tsv,"['N', 'o', 'n', 'e']",2533,2
3160,,CASSVERNEQFF,,,,,,0.00012983640612827837,None,subset_2.tsv,"['N', 'o', 'n', 'e']",2534,3
3172,,CASSVEGNEQFF,,,,,,0.00012983640612827837,None,subset_2.tsv,"['N', 'o', 'n', 'e']",2534,3
4555,,CASSFQGWELFF,,,,,,0.00012983640612827837,None,subset_2.tsv,"['N', 'o', 'n', 'e']",2534,3
210,,CASSRYYNEQFF,,,,,,0.00012983640612827837,None,subset_2.tsv,"['N', 'o', 'n', 'e']",2535,6
3130,,CASSVDPHEQFF,,,,,,0.00012983640612827837,None,subset_2.tsv,"['N', 'o', 'n', 'e']",2535,6
3710,,CASSYPYNEQFF,,,,,,0.00012983640612827837,None,subset_2.tsv,"['N', 'o', 'n', 'e']",2535,6
4476,,CASSIDNNEQFF,,,,,,0.00012983640612827837,None,subset_2.tsv,"['N', 'o', 'n', 'e']",2535,6
6288,,CASSPDYNEQFF,,,,,,0.00012983640612827837,None,subset_2.tsv,"['N', 'o', 'n', 'e']",2535,6
6799,,CASSLDYNEQFF,,,,,,0.00012983640612827837,None,subset_2.tsv,"['N', 'o', 'n', 'e']",2535,6
642,,CASSTNPYEQYF,,,,,,0.00012983640612827837,None,subset_2.tsv,"['N', 'o', 'n', 'e']",2536,6
3440,,CASTGQIYEQYF,,,,,,0.00012983640612827837,None,subset_2.tsv,"['N', 'o', 'n', 'e']",2536,6
4997,,CASKREDYEQYF,,,,,,0.00012983640612827837,None,subset_2.tsv,"['N', 'o', 'n', 'e']",2536,6
5009,,CASKGVVYEQYF,,,,,,0.00012983640612827837,None,subset_2.tsv,"['N', 'o', 'n', 'e']",2536,6
5580,,CASQGQPYEQYF,,,,,,0.00012983640612827837,None,subset_2.tsv,"['N', 'o', 'n', 'e']",2536,6
7124,,CASSKDPYEQYF,,,,,,0.00012983640612827837,None,subset_2.tsv,"['N', 'o', 'n', 'e']",2536,6
207,,CASSSDSYEQYF,,,,,,0.00012983640612827837,None,subset_2.tsv,"['N', 'o', 'n', 'e']",2537,3
5201,,CAITSDRYEQYF,,,,,,0.00012983640612827837,None,subset_2.tsv,"['N', 'o', 'n', 'e']",2537,3
5718,,CASRGQSYEQYF,,,,,,0.00012983640612827837,None,subset_2.tsv,"['N', 'o', 'n', 'e']",2537,3
106,,CASSRDSSEQYF,,,,,,0.00012983640612827837,None,subset_2.tsv,"['N', 'o', 'n', 'e']",2538,3
3481,,CATGRDSYEQYF,,,,,,0.00012983640612827837,None,subset_2.tsv,"['N', 'o', 'n', 'e']",2538,3
4469,,CASSIDSYEQYF,,,,,,0.00012983640612827837,None,subset_2.tsv,"['N', 'o', 'n', 'e']",2538,3
201,,CASSSEGEKLFF,,,,,,0.00012983640612827837,None,subset_2.tsv,"['N', 'o', 'n', 'e']",2539,3
6778,,CASSLAGWKLFF,,,,,,0.00012983640612827837,None,subset_2.tsv,"['N', 'o', 'n', 'e']",2539,3
7317,,CASSLKGEKLFF,,,,,,0.00012983640612827837,None,subset_2.tsv,"['N', 'o', 'n', 'e']",2539,3
5974,,CASSLPGLEAFF,,,,,,0.00012983640612827837,None,subset_2.tsv,"['N', 'o', 'n', 'e']",2540,4
6846,,CASSLDRRMLHF,,,,,,0.00012983640612827837,None,subset_2.tsv,"['N', 'o', 'n', 'e']",2540,4
6864,,CASSLDGNPSF,,,,,,0.00012983640612827837,None,subset_2.tsv,"['N', 'o', 'n', 'e']",2540,4
6871,,CASSLDGAPKFF,,,,,,0.00012983640612827837,None,subset_2.tsv,"['N', 'o', 'n', 'e']",2540,4
2323,,CAWIGPGGEQFF,,,,,,0.00012983640612827837,None,subset_2.tsv,"['N', 'o', 'n', 'e']",2541,3
3433,,CASTGWGTEAFF,,,,,,0.00012983640612827837,None,subset_2.tsv,"['N', 'o', 'n', 'e']",2541,3
4684,,CASSGAGAEAFF,,,,,,0.00012983640612827837,None,subset_2.tsv,"['N', 'o', 'n', 'e']",2541,3
161,,CASSSDGNEQFF,,,,,,0.00012983640612827837,None,subset_2.tsv,"['N', 'o', 'n', 'e']",2542,2
2332,,CATTSDGNEQFF,,,,,,0.00012983640612827837,None,subset_2.tsv,"['N', 'o', 'n', 'e']",2542,2
2247,,CATRKTGNEQFF,,,,,,0.00012983640612827837,None,subset_2.tsv,"['N', 'o', 'n', 'e']",2543,2
4903,,CASMAPGNEQFF,,,,,,0.00012983640612827837,None,subset_2.tsv,"['N', 'o', 'n', 'e']",2543,2
3757,,CASTDYGYTF,,,,,,0.00012983640612827837,None,subset_2.tsv,"['N', 'o', 'n', 'e']",2544,2
4285,,CASSDYGYTF,,,,,,0.00012983640612827837,None,subset_2.tsv,"['N', 'o', 'n', 'e']",2544,2
4672,,CASSGDGYTF,,,,,,0.00012983640612827837,None,subset_2.tsv,"['N', 'o', 'n', 'e']",2545,3
5008,,CASKGYGYTF,,,,,,0.00012983640612827837,None,subset_2.tsv,"['N', 'o', 'n', 'e']",2545,3
5512,,CASRADGYTF,,,,,,0.00012983640612827837,None,subset_2.tsv,"['N', 'o', 'n', 'e']",2545,3
707,,CASSTDFNEKLFF,,,,,,0.00012983640612827837,None,subset_2.tsv,"['N', 'o', 'n', 'e']",2546,4
4084,,CASSAYRDEKLFF,,,,,,0.00012983640612827837,None,subset_2.tsv,"['N', 'o', 'n', 'e']",2546,4
4289,,CASSDWGNEKLFF,,,,,,0.00012983640612827837,None,subset_2.tsv,"['N', 'o', 'n', 'e']",2546,4
5272,,CASRRQGNEKLFF,,,,,,0.00012983640612827837,None,subset_2.tsv,"['N', 'o', 'n', 'e']",2546,4
1277,,CASSPIPYEQYF,,,,,,0.00012983640612827837,None,subset_2.tsv,"['N', 'o', 'n', 'e']",2548,3
3050,,CASSYIPYEQYF,,,,,,0.00012983640612827837,None,subset_2.tsv,"['N', 'o', 'n', 'e']",2548,3
3806,,CASSYTAYEQYF,,,,,,0.00012983640612827837,None,subset_2.tsv,"['N', 'o', 'n', 'e']",2548,3
78,,CASSRLAKEQYF,,,,,,0.00012983640612827837,None,subset_2.tsv,"['N', 'o', 'n', 'e']",2549,5
1215,,CASSPLQDEQYF,,,,,,0.00012983640612827837,None,subset_2.tsv,"['N', 'o', 'n', 'e']",2549,5
3039,,CASSYLFLEQYF,,,,,,0.00012983640612827837,None,subset_2.tsv,"['N', 'o', 'n', 'e']",2549,5
4091,,CASSDALYEQYF,,,,,,0.00012983640612827837,None,subset_2.tsv,"['N', 'o', 'n', 'e']",2549,5
5500,,CASRDLHYEQYF,,,,,,0.00012983640612827837,None,subset_2.tsv,"['N', 'o', 'n', 'e']",2549,5
3832,,CASSPGWDTQYF,,,,,,0.00012983640612827837,None,subset_2.tsv,"['N', 'o', 'n', 'e']",2550,3
6326,,CASSPGSRTQYF,,,,,,0.00012983640612827837,None,subset_2.tsv,"['N', 'o', 'n', 'e']",2550,3
6375,,CASSPGIDEQYF,,,,,,0.00012983640612827837,None,subset_2.tsv,"['N', 'o', 'n', 'e']",2550,3
215,,CASSRSSYEQYF,,,,,,0.00012983640612827837,None,subset_2.tsv,"['N', 'o', 'n', 'e']",2551,4
2907,,CASSWGSYEQYF,,,,,,0.00012983640612827837,None,subset_2.tsv,"['N', 'o', 'n', 'e']",2551,4
3981,,CASSFGSHEQYF,,,,,,0.00012983640612827837,None,subset_2.tsv,"['N', 'o', 'n', 'e']",2551,4
6328,,CASSPGSDEQYF,,,,,,0.00012983640612827837,None,subset_2.tsv,"['N', 'o', 'n', 'e']",2551,4
2883,,CASSWGRDEQYF,,,,,,0.00012983640612827837,None,subset_2.tsv,"['N', 'o', 'n', 'e']",2552,5
2895,,CASSWGLNEQYF,,,,,,0.00012983640612827837,None,subset_2.tsv,"['N', 'o', 'n', 'e']",2552,5
3957,,CASSFGRDEQYF,,,,,,0.00012983640612827837,None,subset_2.tsv,"['N', 'o', 'n', 'e']",2552,5
5443,,CASSAGMYEQYF,,,,,,0.00012983640612827837,None,subset_2.tsv,"['N', 'o', 'n', 'e']",2552,5
5466,,CASSAGIHEQYF,,,,,,0.00012983640612827837,None,subset_2.tsv,"['N', 'o', 'n', 'e']",2552,5
2174,,CATSEGTDTQYF,,,,,,0.00012983640612827837,None,subset_2.tsv,"['N', 'o', 'n', 'e']",2553,3
4795,,CASGQGTDTQYF,,,,,,0.00012983640612827837,None,subset_2.tsv,"['N', 'o', 'n', 'e']",2553,3
5145,,CASDPGTDTQYF,,,,,,0.00012983640612827837,None,subset_2.tsv,"['N', 'o', 'n', 'e']",2553,3
26,,CASSSGTDTQYF,,,,,,0.00025967281225655674,None,subset_2.tsv,"['N', 'o', 'n', 'e']",2554,6
44,,CASSLGTDTQYF,,,,,,0.00025967281225655674,None,subset_2.tsv,"['N', 'o', 'n', 'e']",2554,6
67,,CASSFGTDTQYF,,,,,,0.00025967281225655674,None,subset_2.tsv,"['N', 'o', 'n', 'e']",2554,6
3009,,CASSYGTDTQYF,,,,,,0.00012983640612827837,None,subset_2.tsv,"['N', 'o', 'n', 'e']",2554,6
3333,,CASSVGSDTQYF,,,,,,0.00012983640612827837,None,subset_2.tsv,"['N', 'o', 'n', 'e']",2554,6
6968,,CASSIGTDTQYF,,,,,,0.00012983640612827837,None,subset_2.tsv,"['N', 'o', 'n', 'e']",2554,6
3596,,CASSYSGETQYF,,,,,,0.00012983640612827837,None,subset_2.tsv,"['N', 'o', 'n', 'e']",2555,2
4057,,CASSFGGETQYF,,,,,,0.00012983640612827837,None,subset_2.tsv,"['N', 'o', 'n', 'e']",2555,2
46,,CASSQGGDTQYF,,,,,,0.00025967281225655674,None,subset_2.tsv,"['N', 'o', 'n', 'e']",2556,4
3892,,CASSESGATQYF,,,,,,0.00012983640612827837,None,subset_2.tsv,"['N', 'o', 'n', 'e']",2556,4
3903,,CASSELGDTQYF,,,,,,0.00012983640612827837,None,subset_2.tsv,"['N', 'o', 'n', 'e']",2556,4
4240,,CASSEGGDTQYF,,,,,,0.00012983640612827837,None,subset_2.tsv,"['N', 'o', 'n', 'e']",2556,4
2168,,CATSEWGETQYF,,,,,,0.00012983640612827837,None,subset_2.tsv,"['N', 'o', 'n', 'e']",2557,2
5037,,CAISEATDTQYF,,,,,,0.00012983640612827837,None,subset_2.tsv,"['N', 'o', 'n', 'e']",2557,2
1016,,CASSPTGDTQYF,,,,,,0.00012983640612827837,None,subset_2.tsv,"['N', 'o', 'n', 'e']",2558,5
1262,,CASSPNGDTQYF,,,,,,0.00012983640612827837,None,subset_2.tsv,"['N', 'o', 'n', 'e']",2558,5
4511,,CASSHLRFTQYF,,,,,,0.00012983640612827837,None,subset_2.tsv,"['N', 'o', 'n', 'e']",2558,5
4797,,CASGPVGDTQYF,,,,,,0.00012983640612827837,None,subset_2.tsv,"['N', 'o', 'n', 'e']",2558,5
4981,,CASIKKGDTQYF,,,,,,0.00012983640612827837,None,subset_2.tsv,"['N', 'o', 'n', 'e']",2558,5
3588,,CASTTSADTQYF,,,,,,0.00012983640612827837,None,subset_2.tsv,"['N', 'o', 'n', 'e']",2559,4
4802,,CASGPRVETQYF,,,,,,0.00012983640612827837,None,subset_2.tsv,"['N', 'o', 'n', 'e']",2559,4
4878,,CASGNRADTQYF,,,,,,0.00012983640612827837,None,subset_2.tsv,"['N', 'o', 'n', 'e']",2559,4
5444,,CASRYTPDTQYF,,,,,,0.00012983640612827837,None,subset_2.tsv,"['N', 'o', 'n', 'e']",2559,4
656,,CASSTRTDTQYF,,,,,,0.00012983640612827837,None,subset_2.tsv,"['N', 'o', 'n', 'e']",2560,2
5175,,CASGFRTDTQYF,,,,,,0.00012983640612827837,None,subset_2.tsv,"['N', 'o', 'n', 'e']",2560,2
4593,,CASSFRLARIYEQYF,,,,,,0.00012983640612827837,None,subset_2.tsv,"['N', 'o', 'n', 'e']",2561,2
6935,,CASSIRRDVYYEQYF,,,,,,0.00012983640612827837,None,subset_2.tsv,"['N', 'o', 'n', 'e']",2561,2
5079,,CAIGLAGDTQYF,,,,,,0.00012983640612827837,None,subset_2.tsv,"['N', 'o', 'n', 'e']",2562,3
5092,,CAGGVPGNTIYF,,,,,,0.00012983640612827837,None,subset_2.tsv,"['N', 'o', 'n', 'e']",2562,3
5609,,CASRLTGNTQYF,,,,,,0.00012983640612827837,None,subset_2.tsv,"['N', 'o', 'n', 'e']",2562,3
2295,,CATSSRGDTQYF,,,,,,0.00012983640612827837,None,subset_2.tsv,"['N', 'o', 'n', 'e']",2563,3
4710,,CASSGGGETQYF,,,,,,0.00012983640612827837,None,subset_2.tsv,"['N', 'o', 'n', 'e']",2563,3
5712,,CASRGTGDTQYF,,,,,,0.00012983640612827837,None,subset_2.tsv,"['N', 'o', 'n', 'e']",2563,3
2432,,CSGASGRHTQYF,,,,,,0.00012983640612827837,None,subset_2.tsv,"['N', 'o', 'n', 'e']",2564,4
3593,,CASTGGTDTQYF,,,,,,0.00012983640612827837,None,subset_2.tsv,"['N', 'o', 'n', 'e']",2564,4
5282,,CASRSSTDTQYF,,,,,,0.00012983640612827837,None,subset_2.tsv,"['N', 'o', 'n', 'e']",2564,4
5550,,CASNSGGNTIYF,,,,,,0.00012983640612827837,None,subset_2.tsv,"['N', 'o', 'n', 'e']",2564,4
2467,,CSATGQGNTEAFF,,,,,,0.00012983640612827837,None,subset_2.tsv,"['N', 'o', 'n', 'e']",2565,3
2478,,CSASSYMNTEAFF,,,,,,0.00012983640612827837,None,subset_2.tsv,"['N', 'o', 'n', 'e']",2565,3
5126,,CAIPGPSNTEAFF,,,,,,0.00012983640612827837,None,subset_2.tsv,"['N', 'o', 'n', 'e']",2565,3
1968,,CSAKGDRVTGELFF,,,,,,0.00012983640612827837,None,subset_2.tsv,"['N', 'o', 'n', 'e']",2566,2
2694,,CSARGNLNTGELFF,,,,,,0.00012983640612827837,None,subset_2.tsv,"['N', 'o', 'n', 'e']",2566,2
15,,CASSLYTDTQYF,,,,,,0.00025967281225655674,None,subset_2.tsv,"['N', 'o', 'n', 'e']",2568,5
927,,CASSSNTDTQYF,,,,,,0.00012983640612827837,None,subset_2.tsv,"['N', 'o', 'n', 'e']",2568,5
2040,,CPAAGYTDTQYF,,,,,,0.00012983640612827837,None,subset_2.tsv,"['N', 'o', 'n', 'e']",2568,5
6005,,CASSLPTDTQYF,,,,,,0.00012983640612827837,None,subset_2.tsv,"['N', 'o', 'n', 'e']",2568,5
6051,,CASSLNTDTQYF,,,,,,0.00012983640612827837,None,subset_2.tsv,"['N', 'o', 'n', 'e']",2568,5
4850,,CASGLDRATEAFF,,,,,,0.00012983640612827837,None,subset_2.tsv,"['N', 'o', 'n', 'e']",2569,2
6804,,CASSLDTFTEAFF,,,,,,0.00012983640612827837,None,subset_2.tsv,"['N', 'o', 'n', 'e']",2569,2
208,,CASSSDSLKLFF,,,,,,0.00012983640612827837,None,subset_2.tsv,"['N', 'o', 'n', 'e']",2570,2
5169,,CASGGDSQTLHF,,,,,,0.00012983640612827837,None,subset_2.tsv,"['N', 'o', 'n', 'e']",2570,2
1934,,CSAGGLVGIQYF,,,,,,0.00012983640612827837,None,subset_2.tsv,"['N', 'o', 'n', 'e']",2571,4
3550,,CASVGGAGEQYF,,,,,,0.00012983640612827837,None,subset_2.tsv,"['N', 'o', 'n', 'e']",2571,4
4714,,CASSGGESEQYF,,,,,,0.00012983640612827837,None,subset_2.tsv,"['N', 'o', 'n', 'e']",2571,4
5116,,CAIRRGRGEQYF,,,,,,0.00012983640612827837,None,subset_2.tsv,"['N', 'o', 'n', 'e']",2571,4
2336,,CATTGLSYEQYF,,,,,,0.00012983640612827837,None,subset_2.tsv,"['N', 'o', 'n', 'e']",2572,4
2576,,CSVTGLWDEQYF,,,,,,0.00012983640612827837,None,subset_2.tsv,"['N', 'o', 'n', 'e']",2572,4
2812,,CSASGGAYEQYF,,,,,,0.00012983640612827837,None,subset_2.tsv,"['N', 'o', 'n', 'e']",2572,4
5133,,CASGGGSYEQYF,,,,,,0.00012983640612827837,None,subset_2.tsv,"['N', 'o', 'n', 'e']",2572,4
2128,,CSALTGNNEQFF,,,,,,0.00012983640612827837,None,subset_2.tsv,"['N', 'o', 'n', 'e']",2573,2
2412,,CSPKEGNNEQFF,,,,,,0.00012983640612827837,None,subset_2.tsv,"['N', 'o', 'n', 'e']",2573,2
2131,,CSALRGTFPQYF,,,,,,0.00012983640612827837,None,subset_2.tsv,"['N', 'o', 'n', 'e']",2574,3
2529,,CSVQTGMKEQYF,,,,,,0.00012983640612827837,None,subset_2.tsv,"['N', 'o', 'n', 'e']",2574,3
2739,,CSAREALDEQYF,,,,,,0.00012983640612827837,None,subset_2.tsv,"['N', 'o', 'n', 'e']",2574,3
2600,,CSVEGLKSEAFF,,,,,,0.00012983640612827837,None,subset_2.tsv,"['N', 'o', 'n', 'e']",2575,2
2604,,CSVEGELNEQFF,,,,,,0.00012983640612827837,None,subset_2.tsv,"['N', 'o', 'n', 'e']",2575,2
2558,,CSVVTFYYEQYF,,,,,,0.00012983640612827837,None,subset_2.tsv,"['N', 'o', 'n', 'e']",2576,2
2766,,CSASAPYYEQYF,,,,,,0.00012983640612827837,None,subset_2.tsv,"['N', 'o', 'n', 'e']",2576,2
2453,,CSVDDFYNEQFF,,,,,,0.00012983640612827837,None,subset_2.tsv,"['N', 'o', 'n', 'e']",2577,2
2775,,CSASDPDNEQFF,,,,,,0.00012983640612827837,None,subset_2.tsv,"['N', 'o', 'n', 'e']",2577,2
1929,,CSAGTDSYEQYF,,,,,,0.00012983640612827837,None,subset_2.tsv,"['N', 'o', 'n', 'e']",2578,3
2526,,CSVRDRSYEQYF,,,,,,0.00012983640612827837,None,subset_2.tsv,"['N', 'o', 'n', 'e']",2578,3
4816,,CASHRPSYEQYF,,,,,,0.00012983640612827837,None,subset_2.tsv,"['N', 'o', 'n', 'e']",2578,3
1983,,CSADRDTSEQFF,,,,,,0.00012983640612827837,None,subset_2.tsv,"['N', 'o', 'n', 'e']",2579,3
2065,,CSARDDSNEQYF,,,,,,0.00012983640612827837,None,subset_2.tsv,"['N', 'o', 'n', 'e']",2579,3
2461,,CSGADYGSEQYF,,,,,,0.00012983640612827837,None,subset_2.tsv,"['N', 'o', 'n', 'e']",2579,3
2664,,CSARERGYEQYF,,,,,,0.00012983640612827837,None,subset_2.tsv,"['N', 'o', 'n', 'e']",2580,2
2717,,CSARDQGYEQYF,,,,,,0.00012983640612827837,None,subset_2.tsv,"['N', 'o', 'n', 'e']",2580,2
2089,,CSARDLGNTIYF,,,,,,0.00012983640612827837,None,subset_2.tsv,"['N', 'o', 'n', 'e']",2581,2
5075,,CAGRDRGNGELFF,,,,,,0.00012983640612827837,None,subset_2.tsv,"['N', 'o', 'n', 'e']",2581,2
2193,,CATSGGMGAEAFF,,,,,,0.00012983640612827837,None,subset_2.tsv,"['N', 'o', 'n', 'e']",2582,2
2216,,CATSGSSGTEAFF,,,,,,0.00012983640612827837,None,subset_2.tsv,"['N', 'o', 'n', 'e']",2582,2
742,,CASSSGYGTEAFF,,,,,,0.00012983640612827837,None,subset_2.tsv,"['N', 'o', 'n', 'e']",2583,3
803,,CASSSGPGRRAFHF,,,,,,0.00012983640612827837,None,subset_2.tsv,"['N', 'o', 'n', 'e']",2583,3
842,,CASSSGSGTEAFF,,,,,,0.00012983640612827837,None,subset_2.tsv,"['N', 'o', 'n', 'e']",2583,3
824,,CASSSGGGGQFF,,,,,,0.00012983640612827837,None,subset_2.tsv,"['N', 'o', 'n', 'e']",2584,2
5468,,CASSAGGGGQYF,,,,,,0.00012983640612827837,None,subset_2.tsv,"['N', 'o', 'n', 'e']",2584,2
711,,CASSTGGRTEAFF,,,,,,0.00012983640612827837,None,subset_2.tsv,"['N', 'o', 'n', 'e']",2585,2
3306,,CASSVGGRTEAFF,,,,,,0.00012983640612827837,None,subset_2.tsv,"['N', 'o', 'n', 'e']",2585,2
4961,,CASKAGSGTEQFF,,,,,,0.00012983640612827837,None,subset_2.tsv,"['N', 'o', 'n', 'e']",2586,4
4996,,CASKRGGGTEAFF,,,,,,0.00012983640612827837,None,subset_2.tsv,"['N', 'o', 'n', 'e']",2586,4
5510,,CASRAGGGTEAFF,,,,,,0.00012983640612827837,None,subset_2.tsv,"['N', 'o', 'n', 'e']",2586,4
5633,,CASRMGTGTEAFF,,,,,,0.00012983640612827837,None,subset_2.tsv,"['N', 'o', 'n', 'e']",2586,4
167,,CASSSARNTEAFF,,,,,,0.00012983640612827837,None,subset_2.tsv,"['N', 'o', 'n', 'e']",2587,2
169,,CASSSAPHTEAFF,,,,,,0.00012983640612827837,None,subset_2.tsv,"['N', 'o', 'n', 'e']",2587,2
4705,,CASSGGKNTEAFF,,,,,,0.00012983640612827837,None,subset_2.tsv,"['N', 'o', 'n', 'e']",2588,2
5683,,CASRGGLNTEAFF,,,,,,0.00012983640612827837,None,subset_2.tsv,"['N', 'o', 'n', 'e']",2588,2
2008,,CAWSGLTITEAFF,,,,,,0.00012983640612827837,None,subset_2.tsv,"['N', 'o', 'n', 'e']",2589,3
2011,,CAWSGARNTEAFF,,,,,,0.00012983640612827837,None,subset_2.tsv,"['N', 'o', 'n', 'e']",2589,3
3517,,CATQGRGNTEAFF,,,,,,0.00012983640612827837,None,subset_2.tsv,"['N', 'o', 'n', 'e']",2589,3
123,,CASSRGRATEAFF,,,,,,0.00012983640612827837,None,subset_2.tsv,"['N', 'o', 'n', 'e']",2590,6
3418,,CASTKGSVTEAFF,,,,,,0.00012983640612827837,None,subset_2.tsv,"['N', 'o', 'n', 'e']",2590,6
4989,,CASKTGVNTEAFF,,,,,,0.00012983640612827837,None,subset_2.tsv,"['N', 'o', 'n', 'e']",2590,6
5302,,CASRTGKHTEAFF,,,,,,0.00012983640612827837,None,subset_2.tsv,"['N', 'o', 'n', 'e']",2590,6
5697,,CASRHGSITEAFF,,,,,,0.00012983640612827837,None,subset_2.tsv,"['N', 'o', 'n', 'e']",2590,6
6402,,CASSPGLITEAFF,,,,,,0.00012983640612827837,None,subset_2.tsv,"['N', 'o', 'n', 'e']",2590,6
3536,,CASTRVGSTEAFF,,,,,,0.00012983640612827837,None,subset_2.tsv,"['N', 'o', 'n', 'e']",2591,4
4898,,CASLMSRVSEAFF,,,,,,0.00012983640612827837,None,subset_2.tsv,"['N', 'o', 'n', 'e']",2591,4
5428,,CASRVSGSTEAFF,,,,,,0.00012983640612827837,None,subset_2.tsv,"['N', 'o', 'n', 'e']",2591,4
5587,,CASPWSWDAEAFF,,,,,,0.00012983640612827837,None,subset_2.tsv,"['N', 'o', 'n', 'e']",2591,4
3397,,CASTQGANTEAFF,,,,,,0.00012983640612827837,None,subset_2.tsv,"['N', 'o', 'n', 'e']",2592,4
4943,,CASNEGANTEAFF,,,,,,0.00012983640612827837,None,subset_2.tsv,"['N', 'o', 'n', 'e']",2592,4
5365,,CASRQGANTEAFF,,,,,,0.00012983640612827837,None,subset_2.tsv,"['N', 'o', 'n', 'e']",2592,4
5451,,CASRYGLNTEAFF,,,,,,0.00012983640612827837,None,subset_2.tsv,"['N', 'o', 'n', 'e']",2592,4
1594,,CASSQGQNTEAFF,,,,,,0.00012983640612827837,None,subset_2.tsv,"['N', 'o', 'n', 'e']",2593,4
1611,,CASSQGVITEAFF,,,,,,0.00012983640612827837,None,subset_2.tsv,"['N', 'o', 'n', 'e']",2593,4
1676,,CASSQGMNTEAFF,,,,,,0.00012983640612827837,None,subset_2.tsv,"['N', 'o', 'n', 'e']",2593,4
3909,,CASSEGWNTEAFF,,,,,,0.00012983640612827837,None,subset_2.tsv,"['N', 'o', 'n', 'e']",2593,4
1580,,CASSQGSHTEAFF,,,,,,0.00012983640612827837,None,subset_2.tsv,"['N', 'o', 'n', 'e']",2594,2
1583,,CASSQGSATEAFF,,,,,,0.00012983640612827837,None,subset_2.tsv,"['N', 'o', 'n', 'e']",2594,2
324,,CASSQSAYDEAFF,,,,,,0.00012983640612827837,None,subset_2.tsv,"['N', 'o', 'n', 'e']",2595,2
1501,,CASSQGADEQYF,,,,,,0.00012983640612827837,None,subset_2.tsv,"['N', 'o', 'n', 'e']",2595,2
3343,,CASSVGQATEAFF,,,,,,0.00012983640612827837,None,subset_2.tsv,"['N', 'o', 'n', 'e']",2596,3
3958,,CASSFGQYTEAFF,,,,,,0.00012983640612827837,None,subset_2.tsv,"['N', 'o', 'n', 'e']",2596,3
3960,,CASSFGQNTEAFF,,,,,,0.00012983640612827837,None,subset_2.tsv,"['N', 'o', 'n', 'e']",2596,3
7381,,CASSLGANVLTF,,,,,,0.00012983640612827837,None,subset_2.tsv,"['N', 'o', 'n', 'e']",2597,2
7515,,CASSLGHDTLHF,,,,,,0.00012983640612827837,None,subset_2.tsv,"['N', 'o', 'n', 'e']",2597,2
7250,,CASSLGRATEAFF,,,,,,0.00012983640612827837,None,subset_2.tsv,"['N', 'o', 'n', 'e']",2598,7
7319,,CASSLGWNTEAFF,,,,,,0.00012983640612827837,None,subset_2.tsv,"['N', 'o', 'n', 'e']",2598,7
7413,,CASSLGFLTEAFF,,,,,,0.00012983640612827837,None,subset_2.tsv,"['N', 'o', 'n', 'e']",2598,7
7431,,CASSLGDNTEAFF,,,,,,0.00012983640612827837,None,subset_2.tsv,"['N', 'o', 'n', 'e']",2598,7
7509,,CASSLGINTEAFF,,,,,,0.00012983640612827837,None,subset_2.tsv,"['N', 'o', 'n', 'e']",2598,7
7578,,CASSLGGDTEAFF,,,,,,0.00012983640612827837,None,subset_2.tsv,"['N', 'o', 'n', 'e']",2598,7
7605,,CASSLGGNTEAFF,,,,,,0.00012983640612827837,None,subset_2.tsv,"['N', 'o', 'n', 'e']",2598,7
5889,,CASSLVENTEAFF,,,,,,0.00012983640612827837,None,subset_2.tsv,"['N', 'o', 'n', 'e']",2599,3
6063,,CASSLNPNTEAFF,,,,,,0.00012983640612827837,None,subset_2.tsv,"['N', 'o', 'n', 'e']",2599,3
6843,,CASSLEENTEAFF,,,,,,0.00012983640612827837,None,subset_2.tsv,"['N', 'o', 'n', 'e']",2599,3
3469,,CASTLDKNTEAFF,,,,,,0.00012983640612827837,None,subset_2.tsv,"['N', 'o', 'n', 'e']",2600,6
5848,,CASSLTYNTEAFF,,,,,,0.00012983640612827837,None,subset_2.tsv,"['N', 'o', 'n', 'e']",2600,6
5943,,CASSLTPNTEAFF,,,,,,0.00012983640612827837,None,subset_2.tsv,"['N', 'o', 'n', 'e']",2600,6
6014,,CASSLPPYTEAFF,,,,,,0.00012983640612827837,None,subset_2.tsv,"['N', 'o', 'n', 'e']",2600,6
6165,,CASSLRDNTEAFF,,,,,,0.00012983640612827837,None,subset_2.tsv,"['N', 'o', 'n', 'e']",2600,6
6489,,CASSLWDNTEAFF,,,,,,0.00012983640612827837,None,subset_2.tsv,"['N', 'o', 'n', 'e']",2600,6
6518,,CASSLVGNTEAFF,,,,,,0.00012983640612827837,None,subset_2.tsv,"['N', 'o', 'n', 'e']",2601,4
6824,,CASSLEGNTEAFF,,,,,,0.00012983640612827837,None,subset_2.tsv,"['N', 'o', 'n', 'e']",2601,4
7058,,CASSLAGDTEAFF,,,,,,0.00012983640612827837,None,subset_2.tsv,"['N', 'o', 'n', 'e']",2601,4
7064,,CASSLAGAAEAFF,,,,,,0.00012983640612827837,None,subset_2.tsv,"['N', 'o', 'n', 'e']",2601,4
488,,CASSQVGNTEAFF,,,,,,0.00012983640612827837,None,subset_2.tsv,"['N', 'o', 'n', 'e']",2602,3
1563,,CASSQEKNTEAFF,,,,,,0.00012983640612827837,None,subset_2.tsv,"['N', 'o', 'n', 'e']",2602,3
3727,,CASSYVGNTEAFF,,,,,,0.00012983640612827837,None,subset_2.tsv,"['N', 'o', 'n', 'e']",2602,3
1047,,CASSPRPDKEAFF,,,,,,0.00012983640612827837,None,subset_2.tsv,"['N', 'o', 'n', 'e']",2603,3
1320,,CASSPKHHTEAFF,,,,,,0.00012983640612827837,None,subset_2.tsv,"['N', 'o', 'n', 'e']",2603,3
4027,,CASSFEEETEAFF,,,,,,0.00012983640612827837,None,subset_2.tsv,"['N', 'o', 'n', 'e']",2603,3
1100,,CASSPYPNTEAFF,,,,,,0.00012983640612827837,None,subset_2.tsv,"['N', 'o', 'n', 'e']",2604,3
1123,,CASSPYRNTEAFF,,,,,,0.00012983640612827837,None,subset_2.tsv,"['N', 'o', 'n', 'e']",2604,3
4874,,CASGPFLNTEAFF,,,,,,0.00012983640612827837,None,subset_2.tsv,"['N', 'o', 'n', 'e']",2604,3
1281,,CASSPIGYTEAFF,,,,,,0.00012983640612827837,None,subset_2.tsv,"['N', 'o', 'n', 'e']",2605,4
1330,,CASSPITNTEAFF,,,,,,0.00012983640612827837,None,subset_2.tsv,"['N', 'o', 'n', 'e']",2605,4
1346,,CASSPQMNTEAFF,,,,,,0.00012983640612827837,None,subset_2.tsv,"['N', 'o', 'n', 'e']",2605,4
5496,,CASRDQMNTEAFF,,,,,,0.00012983640612827837,None,subset_2.tsv,"['N', 'o', 'n', 'e']",2605,4
641,,CASSTNRNTEAFF,,,,,,0.00012983640612827837,None,subset_2.tsv,"['N', 'o', 'n', 'e']",2606,4
2918,,CASSWSPNTEAFF,,,,,,0.00012983640612827837,None,subset_2.tsv,"['N', 'o', 'n', 'e']",2606,4
4733,,CASSFSRNTEAFF,,,,,,0.00012983640612827837,None,subset_2.tsv,"['N', 'o', 'n', 'e']",2606,4
5193,,CAISTSFNTEAFF,,,,,,0.00012983640612827837,None,subset_2.tsv,"['N', 'o', 'n', 'e']",2606,4
221,,CASSRRINTEAFF,,,,,,0.00012983640612827837,None,subset_2.tsv,"['N', 'o', 'n', 'e']",2607,4
4143,,CASSAYMNTEAFF,,,,,,0.00012983640612827837,None,subset_2.tsv,"['N', 'o', 'n', 'e']",2607,4
4256,,CASSDRSNTEAFF,,,,,,0.00012983640612827837,None,subset_2.tsv,"['N', 'o', 'n', 'e']",2607,4
5680,,CASRGHANTEAFF,,,,,,0.00012983640612827837,None,subset_2.tsv,"['N', 'o', 'n', 'e']",2607,4
2205,,CATSLRMNTEAFF,,,,,,0.00012983640612827837,None,subset_2.tsv,"['N', 'o', 'n', 'e']",2608,4
3574,,CASTWMVKTEAFF,,,,,,0.00012983640612827837,None,subset_2.tsv,"['N', 'o', 'n', 'e']",2608,4
4980,,CASILGLNTEAFF,,,,,,0.00012983640612827837,None,subset_2.tsv,"['N', 'o', 'n', 'e']",2608,4
5350,,CASRQTWNTEAFF,,,,,,0.00012983640612827837,None,subset_2.tsv,"['N', 'o', 'n', 'e']",2608,4
6925,,CASSIRAATEAFF,,,,,,0.00012983640612827837,None,subset_2.tsv,"['N', 'o', 'n', 'e']",2609,2
6949,,CASSIRSNTEAFF,,,,,,0.00012983640612827837,None,subset_2.tsv,"['N', 'o', 'n', 'e']",2609,2
259,,CASSRTLNTEAFF,,,,,,0.00012983640612827837,None,subset_2.tsv,"['N', 'o', 'n', 'e']",2610,4
2917,,CASSWTANTEAFF,,,,,,0.00012983640612827837,None,subset_2.tsv,"['N', 'o', 'n', 'e']",2610,4
4608,,CASSFLFHTEAFF,,,,,,0.00012983640612827837,None,subset_2.tsv,"['N', 'o', 'n', 'e']",2610,4
7136,,CASSIWAYTEAFF,,,,,,0.00012983640612827837,None,subset_2.tsv,"['N', 'o', 'n', 'e']",2610,4
63,,CASSLAGTGELFF,,,,,,0.00025967281225655674,None,subset_2.tsv,"['N', 'o', 'n', 'e']",2611,5
5750,,CASSLSRKGELFF,,,,,,0.00012983640612827837,None,subset_2.tsv,"['N', 'o', 'n', 'e']",2611,5
6115,,CASSLSGAGELFF,,,,,,0.00012983640612827837,None,subset_2.tsv,"['N', 'o', 'n', 'e']",2611,5
7063,,CASSLAGAGKLFF,,,,,,0.00012983640612827837,None,subset_2.tsv,"['N', 'o', 'n', 'e']",2611,5
7235,,CASSLGRTGELFF,,,,,,0.00012983640612827837,None,subset_2.tsv,"['N', 'o', 'n', 'e']",2611,5
1655,,CASSQGGGGELFF,,,,,,0.00012983640612827837,None,subset_2.tsv,"['N', 'o', 'n', 'e']",2612,4
2003,,CAWSLGGSGELFF,,,,,,0.00012983640612827837,None,subset_2.tsv,"['N', 'o', 'n', 'e']",2612,4
2338,,CATSWGGSGELFF,,,,,,0.00012983640612827837,None,subset_2.tsv,"['N', 'o', 'n', 'e']",2612,4
3304,,CASSVGGSGELFF,,,,,,0.00012983640612827837,None,subset_2.tsv,"['N', 'o', 'n', 'e']",2612,4
7523,,CASSLGGTNEQFF,,,,,,0.00012983640612827837,None,subset_2.tsv,"['N', 'o', 'n', 'e']",2613,3
7562,,CASSLGGIDEQFF,,,,,,0.00012983640612827837,None,subset_2.tsv,"['N', 'o', 'n', 'e']",2613,3
7606,,CASSLGGNNEQFF,,,,,,0.00012983640612827837,None,subset_2.tsv,"['N', 'o', 'n', 'e']",2613,3
594,,CASSSSGEDEQFF,,,,,,0.00012983640612827837,None,subset_2.tsv,"['N', 'o', 'n', 'e']",2614,2
4135,,CASSASGPLEQFF,,,,,,0.00012983640612827837,None,subset_2.tsv,"['N', 'o', 'n', 'e']",2614,2
5798,,CASSLSREAEAFF,,,,,,0.00012983640612827837,None,subset_2.tsv,"['N', 'o', 'n', 'e']",2615,3
7522,,CASSLGGTVEAFF,,,,,,0.00012983640612827837,None,subset_2.tsv,"['N', 'o', 'n', 'e']",2615,3
7603,,CASSLGGPLEQFF,,,,,,0.00012983640612827837,None,subset_2.tsv,"['N', 'o', 'n', 'e']",2615,3
4052,,CASSFGGGVPFF,,,,,,0.00012983640612827837,None,subset_2.tsv,"['N', 'o', 'n', 'e']",2616,5
5958,,CASSLSGGKQFF,,,,,,0.00012983640612827837,None,subset_2.tsv,"['N', 'o', 'n', 'e']",2616,5
5960,,CASSLSGGELFF,,,,,,0.00012983640612827837,None,subset_2.tsv,"['N', 'o', 'n', 'e']",2616,5
7564,,CASSLGGGVLFF,,,,,,0.00012983640612827837,None,subset_2.tsv,"['N', 'o', 'n', 'e']",2616,5
7585,,CASSLGGLEAFF,,,,,,0.00012983640612827837,None,subset_2.tsv,"['N', 'o', 'n', 'e']",2616,5
7152,,CASSLGTGEKLFF,,,,,,0.00012983640612827837,None,subset_2.tsv,"['N', 'o', 'n', 'e']",2617,2
7170,,CASSLGTGQPQHF,,,,,,0.00012983640612827837,None,subset_2.tsv,"['N', 'o', 'n', 'e']",2617,2
1598,,CASSQGTGFEDF,,,,,,0.00012983640612827837,None,subset_2.tsv,"['N', 'o', 'n', 'e']",2618,2
7144,,CASSLGTGPEAFF,,,,,,0.00012983640612827837,None,subset_2.tsv,"['N', 'o', 'n', 'e']",2618,2
4763,,CASSFVGSEKLFF,,,,,,0.00012983640612827837,None,subset_2.tsv,"['N', 'o', 'n', 'e']",2619,2
6158,,CASSLQGLEKLFF,,,,,,0.00012983640612827837,None,subset_2.tsv,"['N', 'o', 'n', 'e']",2619,2
3214,,CASSVATGEKLFF,,,,,,0.00012983640612827837,None,subset_2.tsv,"['N', 'o', 'n', 'e']",2620,3
6682,,CASSLARGEKLFF,,,,,,0.00012983640612827837,None,subset_2.tsv,"['N', 'o', 'n', 'e']",2620,3
6722,,CASSLATGYPPRGNEKLFF,,,,,,0.00012983640612827837,None,subset_2.tsv,"['N', 'o', 'n', 'e']",2620,3
4428,,CASSIAGRIYRFSQPQHF,,,,,,0.00012983640612827837,None,subset_2.tsv,"['N', 'o', 'n', 'e']",2621,2
5810,,CASSLSGGLAFEPDTQYF,,,,,,0.00012983640612827837,None,subset_2.tsv,"['N', 'o', 'n', 'e']",2621,2
7237,,CASSLGRRDSSLTDTQYF,,,,,,0.00012983640612827837,None,subset_2.tsv,"['N', 'o', 'n', 'e']",2622,2
7495,,CASSLGGAFYLHTDTQYF,,,,,,0.00012983640612827837,None,subset_2.tsv,"['N', 'o', 'n', 'e']",2622,2
4048,,CASSFGGNTIYF,,,,,,0.00012983640612827837,None,subset_2.tsv,"['N', 'o', 'n', 'e']",2623,4
4136,,CASSASGNTIYF,,,,,,0.00012983640612827837,None,subset_2.tsv,"['N', 'o', 'n', 'e']",2623,4
4772,,CASSFTGNTIYF,,,,,,0.00012983640612827837,None,subset_2.tsv,"['N', 'o', 'n', 'e']",2623,4
5185,,CASGDSGNTIYF,,,,,,0.00012983640612827837,None,subset_2.tsv,"['N', 'o', 'n', 'e']",2623,4
1000,,CASSPSGNTEAFF,,,,,,0.00012983640612827837,None,subset_2.tsv,"['N', 'o', 'n', 'e']",2624,7
1068,,CASSPSGATVQFF,,,,,,0.00012983640612827837,None,subset_2.tsv,"['N', 'o', 'n', 'e']",2624,7
3074,,CASSYGGYTEAFF,,,,,,0.00012983640612827837,None,subset_2.tsv,"['N', 'o', 'n', 'e']",2624,7
3095,,CASSYGGNTEAFF,,,,,,0.00012983640612827837,None,subset_2.tsv,"['N', 'o', 'n', 'e']",2624,7
3648,,CASSYSGNTEAFF,,,,,,0.00012983640612827837,None,subset_2.tsv,"['N', 'o', 'n', 'e']",2624,7
6244,,CASSPGGATEAFF,,,,,,0.00012983640612827837,None,subset_2.tsv,"['N', 'o', 'n', 'e']",2624,7
6314,,CASSPGGNTEAFF,,,,,,0.00012983640612827837,None,subset_2.tsv,"['N', 'o', 'n', 'e']",2624,7
1069,,CASSPSGASEKLFF,,,,,,0.00012983640612827837,None,subset_2.tsv,"['N', 'o', 'n', 'e']",2625,3
6229,,CASSPGGLNEKLFF,,,,,,0.00012983640612827837,None,subset_2.tsv,"['N', 'o', 'n', 'e']",2625,3
6240,,CASSPGGESEKLFF,,,,,,0.00012983640612827837,None,subset_2.tsv,"['N', 'o', 'n', 'e']",2625,3
6340,,CASSPGQLNEKLFF,,,,,,0.00012983640612827837,None,subset_2.tsv,"['N', 'o', 'n', 'e']",2626,3
6423,,CASSPGPRGEKLFF,,,,,,0.00012983640612827837,None,subset_2.tsv,"['N', 'o', 'n', 'e']",2626,3
7116,,CASSKGRRGEKLFF,,,,,,0.00012983640612827837,None,subset_2.tsv,"['N', 'o', 'n', 'e']",2626,3
4049,,CASSFGGLDEQFF,,,,,,0.00012983640612827837,None,subset_2.tsv,"['N', 'o', 'n', 'e']",2627,6
4060,,CASSFGGADEQYF,,,,,,0.00012983640612827837,None,subset_2.tsv,"['N', 'o', 'n', 'e']",2627,6
6228,,CASSPGGLNEQYF,,,,,,0.00012983640612827837,None,subset_2.tsv,"['N', 'o', 'n', 'e']",2627,6
6246,,CASSPGGAAEQYF,,,,,,0.00012983640612827837,None,subset_2.tsv,"['N', 'o', 'n', 'e']",2627,6
6353,,CASSPGTVNEQFF,,,,,,0.00012983640612827837,None,subset_2.tsv,"['N', 'o', 'n', 'e']",2627,6
6396,,CASSPGGVNEQFF,,,,,,0.00012983640612827837,None,subset_2.tsv,"['N', 'o', 'n', 'e']",2627,6
3698,,CASSYRGASEQYF,,,,,,0.00012983640612827837,None,subset_2.tsv,"['N', 'o', 'n', 'e']",2628,3
4518,,CASSHRGSSEQFF,,,,,,0.00012983640612827837,None,subset_2.tsv,"['N', 'o', 'n', 'e']",2628,3
4577,,CASSFSGANVLTF,,,,,,0.00012983640612827837,None,subset_2.tsv,"['N', 'o', 'n', 'e']",2628,3
3638,,CASSYSGVNEQFF,,,,,,0.00012983640612827837,None,subset_2.tsv,"['N', 'o', 'n', 'e']",2629,4
3801,,CASSYSRVNEQFF,,,,,,0.00012983640612827837,None,subset_2.tsv,"['N', 'o', 'n', 'e']",2629,4
3953,,CASSFGRNYEQYF,,,,,,0.00012983640612827837,None,subset_2.tsv,"['N', 'o', 'n', 'e']",2629,4
4720,,CASSFSRNYEQYF,,,,,,0.00012983640612827837,None,subset_2.tsv,"['N', 'o', 'n', 'e']",2629,4
3895,,CASSEMGVGAFF,,,,,,0.00012983640612827837,None,subset_2.tsv,"['N', 'o', 'n', 'e']",2630,3
4278,,CASSEAGYSITNQPQHF,,,,,,0.00012983640612827837,None,subset_2.tsv,"['N', 'o', 'n', 'e']",2630,3
5069,,CAISESGLEAFF,,,,,,0.00012983640612827837,None,subset_2.tsv,"['N', 'o', 'n', 'e']",2630,3
1181,,CASSPTGLEAFF,,,,,,0.00012983640612827837,None,subset_2.tsv,"['N', 'o', 'n', 'e']",2631,3
2281,,CATSPTGAEAFF,,,,,,0.00012983640612827837,None,subset_2.tsv,"['N', 'o', 'n', 'e']",2631,3
3034,,CASSYLGPEAFF,,,,,,0.00012983640612827837,None,subset_2.tsv,"['N', 'o', 'n', 'e']",2631,3
2262,,CATSDQGGGELFF,,,,,,0.00012983640612827837,None,subset_2.tsv,"['N', 'o', 'n', 'e']",2633,2
4291,,CASSDVGGGEQYF,,,,,,0.00012983640612827837,None,subset_2.tsv,"['N', 'o', 'n', 'e']",2633,2
5065,,CAISESGTGSVFDGYTF,,,,,,0.00012983640612827837,None,subset_2.tsv,"['N', 'o', 'n', 'e']",2635,2
5067,,CAISESGSGGPGSRFF,,,,,,0.00012983640612827837,None,subset_2.tsv,"['N', 'o', 'n', 'e']",2635,2
995,,CASSPSGTGELFF,,,,,,0.00012983640612827837,None,subset_2.tsv,"['N', 'o', 'n', 'e']",2636,2
6398,,CASSPGGTGELFF,,,,,,0.00012983640612827837,None,subset_2.tsv,"['N', 'o', 'n', 'e']",2636,2
3513,,CATQPGGQGILFF,,,,,,0.00012983640612827837,None,subset_2.tsv,"['N', 'o', 'n', 'e']",2637,2
5106,,CAISDGGTGELFF,,,,,,0.00012983640612827837,None,subset_2.tsv,"['N', 'o', 'n', 'e']",2637,2
13,,CASSYGGGTEAFF,,,,,,0.00025967281225655674,None,subset_2.tsv,"['N', 'o', 'n', 'e']",2638,6
31,,CASSQGGGTEAFF,,,,,,0.00025967281225655674,None,subset_2.tsv,"['N', 'o', 'n', 'e']",2638,6
322,,CASSQSGGAEAFF,,,,,,0.00012983640612827837,None,subset_2.tsv,"['N', 'o', 'n', 'e']",2638,6
4054,,CASSFGGGTEAFF,,,,,,0.00012983640612827837,None,subset_2.tsv,"['N', 'o', 'n', 'e']",2638,6
4719,,CASSFSGGTEAFF,,,,,,0.00012983640612827837,None,subset_2.tsv,"['N', 'o', 'n', 'e']",2638,6
6974,,CASSIGRGTEAFF,,,,,,0.00012983640612827837,None,subset_2.tsv,"['N', 'o', 'n', 'e']",2638,6
446,,CASSQTGGTEAFF,,,,,,0.00012983640612827837,None,subset_2.tsv,"['N', 'o', 'n', 'e']",2639,4
495,,CASSQVGGTEAFF,,,,,,0.00012983640612827837,None,subset_2.tsv,"['N', 'o', 'n', 'e']",2639,4
7008,,CASSILGSTEAFF,,,,,,0.00012983640612827837,None,subset_2.tsv,"['N', 'o', 'n', 'e']",2639,4
7086,,CASSIVGGGEAFF,,,,,,0.00012983640612827837,None,subset_2.tsv,"['N', 'o', 'n', 'e']",2639,4
2243,,CATRVQGTTEAFF,,,,,,0.00012983640612827837,None,subset_2.tsv,"['N', 'o', 'n', 'e']",2641,4
5005,,CASKIQGSPEAFF,,,,,,0.00012983640612827837,None,subset_2.tsv,"['N', 'o', 'n', 'e']",2641,4
5164,,CASERPGWAEAFF,,,,,,0.00012983640612827837,None,subset_2.tsv,"['N', 'o', 'n', 'e']",2641,4
5601,,CASNYAGTDEAFF,,,,,,0.00012983640612827837,None,subset_2.tsv,"['N', 'o', 'n', 'e']",2641,4
1366,,CASSPRGLAEQFF,,,,,,0.00012983640612827837,None,subset_2.tsv,"['N', 'o', 'n', 'e']",2642,3
3662,,CASSYPGLAEAFF,,,,,,0.00012983640612827837,None,subset_2.tsv,"['N', 'o', 'n', 'e']",2642,3
4745,,CASSFSGTGEAFF,,,,,,0.00012983640612827837,None,subset_2.tsv,"['N', 'o', 'n', 'e']",2642,3
1006,,CASSPTGGTEKLFF,,,,,,0.00012983640612827837,None,subset_2.tsv,"['N', 'o', 'n', 'e']",2643,4
1093,,CASSPTGGTEAFF,,,,,,0.00012983640612827837,None,subset_2.tsv,"['N', 'o', 'n', 'e']",2643,4
2259,,CATSDRGGTEAFF,,,,,,0.00012983640612827837,None,subset_2.tsv,"['N', 'o', 'n', 'e']",2643,4
5485,,CASRPLGGTEAFF,,,,,,0.00012983640612827837,None,subset_2.tsv,"['N', 'o', 'n', 'e']",2643,4
2930,,CASSWPGGTEAFF,,,,,,0.00012983640612827837,None,subset_2.tsv,"['N', 'o', 'n', 'e']",2644,2
5407,,CASSAPRGTQAFF,,,,,,0.00012983640612827837,None,subset_2.tsv,"['N', 'o', 'n', 'e']",2644,2
3293,,CASSVQGSTEAFF,,,,,,0.00012983640612827837,None,subset_2.tsv,"['N', 'o', 'n', 'e']",2645,4
4559,,CASSFQGGTEAFF,,,,,,0.00012983640612827837,None,subset_2.tsv,"['N', 'o', 'n', 'e']",2645,4
6138,,CASSLQGSTEAFF,,,,,,0.00012983640612827837,None,subset_2.tsv,"['N', 'o', 'n', 'e']",2645,4
7049,,CASSKQGATEAFF,,,,,,0.00012983640612827837,None,subset_2.tsv,"['N', 'o', 'n', 'e']",2645,4
1958,,CSALGLGTNEQYF,,,,,,0.00012983640612827837,None,subset_2.tsv,"['N', 'o', 'n', 'e']",2646,3
2530,,CSVQGGGYNEQYF,,,,,,0.00012983640612827837,None,subset_2.tsv,"['N', 'o', 'n', 'e']",2646,3
2546,,CSVKAGGWSEQYF,,,,,,0.00012983640612827837,None,subset_2.tsv,"['N', 'o', 'n', 'e']",2646,3
2555,,CSWDRGGTNEQFF,,,,,,0.00012983640612827837,None,subset_2.tsv,"['N', 'o', 'n', 'e']",2647,4
2564,,CSVVGVGYNEQFF,,,,,,0.00012983640612827837,None,subset_2.tsv,"['N', 'o', 'n', 'e']",2647,4
5130,,CAIMGGGHNEQFF,,,,,,0.00012983640612827837,None,subset_2.tsv,"['N', 'o', 'n', 'e']",2647,4
5247,,CARGGTGYNEQFF,,,,,,0.00012983640612827837,None,subset_2.tsv,"['N', 'o', 'n', 'e']",2647,4
1953,,CSAGWAGDDEQYF,,,,,,0.00012983640612827837,None,subset_2.tsv,"['N', 'o', 'n', 'e']",2648,3
2491,,CSATIAGAVEQYF,,,,,,0.00012983640612827837,None,subset_2.tsv,"['N', 'o', 'n', 'e']",2648,3
2741,,CSAREAGAREQYF,,,,,,0.00012983640612827837,None,subset_2.tsv,"['N', 'o', 'n', 'e']",2648,3
1970,,CSAHGGGAYEQYF,,,,,,0.00012983640612827837,None,subset_2.tsv,"['N', 'o', 'n', 'e']",2649,8
2021,,CSAATGGLDEQYF,,,,,,0.00012983640612827837,None,subset_2.tsv,"['N', 'o', 'n', 'e']",2649,8
2451,,CSVDGTGVHEQYF,,,,,,0.00012983640612827837,None,subset_2.tsv,"['N', 'o', 'n', 'e']",2649,8
2477,,CSATHGRAHEQYF,,,,,,0.00012983640612827837,None,subset_2.tsv,"['N', 'o', 'n', 'e']",2649,8
2567,,CSVSASGGDEQYF,,,,,,0.00012983640612827837,None,subset_2.tsv,"['N', 'o', 'n', 'e']",2649,8
2610,,CSVESGRTDEQYF,,,,,,0.00012983640612827837,None,subset_2.tsv,"['N', 'o', 'n', 'e']",2649,8
2627,,CSVFGGRLYEQYF,,,,,,0.00012983640612827837,None,subset_2.tsv,"['N', 'o', 'n', 'e']",2649,8
2800,,CSASLGRGYEQYF,,,,,,0.00012983640612827837,None,subset_2.tsv,"['N', 'o', 'n', 'e']",2649,8
1969,,CSAITGQVYEQYF,,,,,,0.00012983640612827837,None,subset_2.tsv,"['N', 'o', 'n', 'e']",2650,4
2048,,CSARDGQVYEQYF,,,,,,0.00012983640612827837,None,subset_2.tsv,"['N', 'o', 'n', 'e']",2650,4
2099,,CSARDLAKYEQYF,,,,,,0.00012983640612827837,None,subset_2.tsv,"['N', 'o', 'n', 'e']",2650,4
2149,,CSAQDSVVHEQYF,,,,,,0.00012983640612827837,None,subset_2.tsv,"['N', 'o', 'n', 'e']",2650,4
2124,,CSANDRESYEQYF,,,,,,0.00012983640612827837,None,subset_2.tsv,"['N', 'o', 'n', 'e']",2651,4
2138,,CSARAQENYEQYF,,,,,,0.00012983640612827837,None,subset_2.tsv,"['N', 'o', 'n', 'e']",2651,4
2779,,CSARVPERYEQYF,,,,,,0.00012983640612827837,None,subset_2.tsv,"['N', 'o', 'n', 'e']",2651,4
2876,,CSARRTETYEQYF,,,,,,0.00012983640612827837,None,subset_2.tsv,"['N', 'o', 'n', 'e']",2651,4
2421,,CSHGSTDSYEQYF,,,,,,0.00012983640612827837,None,subset_2.tsv,"['N', 'o', 'n', 'e']",2652,8
2481,,CSASSGVSYEQYF,,,,,,0.00012983640612827837,None,subset_2.tsv,"['N', 'o', 'n', 'e']",2652,8
2655,,CSARGAQAYEQYF,,,,,,0.00012983640612827837,None,subset_2.tsv,"['N', 'o', 'n', 'e']",2652,8
2681,,CSARGTVSYEQYF,,,,,,0.00012983640612827837,None,subset_2.tsv,"['N', 'o', 'n', 'e']",2652,8
2687,,CSARGSDTYEQYF,,,,,,0.00012983640612827837,None,subset_2.tsv,"['N', 'o', 'n', 'e']",2652,8
2762,,CSASASWSYEQYF,,,,,,0.00012983640612827837,None,subset_2.tsv,"['N', 'o', 'n', 'e']",2652,8
2808,,CSASGREFYEQYF,,,,,,0.00012983640612827837,None,subset_2.tsv,"['N', 'o', 'n', 'e']",2652,8
2850,,CSARRLVSYEQYF,,,,,,0.00012983640612827837,None,subset_2.tsv,"['N', 'o', 'n', 'e']",2652,8
4817,,CASHRGYPNEQYF,,,,,,0.00012983640612827837,None,subset_2.tsv,"['N', 'o', 'n', 'e']",2653,3
5178,,CASGFGFFYEQYF,,,,,,0.00012983640612827837,None,subset_2.tsv,"['N', 'o', 'n', 'e']",2653,3
5325,,CASRRGPMYEQYF,,,,,,0.00012983640612827837,None,subset_2.tsv,"['N', 'o', 'n', 'e']",2653,3
2582,,CSVGTGNDYEQYF,,,,,,0.00012983640612827837,None,subset_2.tsv,"['N', 'o', 'n', 'e']",2654,5
2624,,CSVGGGNLYEQYF,,,,,,0.00012983640612827837,None,subset_2.tsv,"['N', 'o', 'n', 'e']",2654,5
3508,,CATQSGLFYEQYF,,,,,,0.00012983640612827837,None,subset_2.tsv,"['N', 'o', 'n', 'e']",2654,5
4865,,CASGGTAYYEQYF,,,,,,0.00012983640612827837,None,subset_2.tsv,"['N', 'o', 'n', 'e']",2654,5
5163,,CASERGVTYEQYF,,,,,,0.00012983640612827837,None,subset_2.tsv,"['N', 'o', 'n', 'e']",2654,5
2615,,CSVGTGDWGEQYF,,,,,,0.00012983640612827837,None,subset_2.tsv,"['N', 'o', 'n', 'e']",2655,2
2616,,CSVGSGEDSPQYF,,,,,,0.00012983640612827837,None,subset_2.tsv,"['N', 'o', 'n', 'e']",2655,2
2939,,CATQVGVPDTQYF,,,,,,0.00012983640612827837,None,subset_2.tsv,"['N', 'o', 'n', 'e']",2656,2
5089,,CAISDGPALAQYF,,,,,,0.00012983640612827837,None,subset_2.tsv,"['N', 'o', 'n', 'e']",2656,2
2452,,CSVDGGQGYEQYF,,,,,,0.00012983640612827837,None,subset_2.tsv,"['N', 'o', 'n', 'e']",2657,2
5194,,CAMNKGQGAEQYF,,,,,,0.00012983640612827837,None,subset_2.tsv,"['N', 'o', 'n', 'e']",2657,2
2164,,CAWRWGDSYEQYF,,,,,,0.00012983640612827837,None,subset_2.tsv,"['N', 'o', 'n', 'e']",2658,5
2322,,CAWLVGRGNEQYF,,,,,,0.00012983640612827837,None,subset_2.tsv,"['N', 'o', 'n', 'e']",2658,5
3493,,CATALGDSYEQYF,,,,,,0.00012983640612827837,None,subset_2.tsv,"['N', 'o', 'n', 'e']",2658,5
5078,,CAIGTSVGYEQYF,,,,,,0.00012983640612827837,None,subset_2.tsv,"['N', 'o', 'n', 'e']",2658,5
5203,,CAITPRPTYEQYF,,,,,,0.00012983640612827837,None,subset_2.tsv,"['N', 'o', 'n', 'e']",2658,5
4845,,CASGLGLVGEQFF,,,,,,0.00012983640612827837,None,subset_2.tsv,"['N', 'o', 'n', 'e']",2659,2
4855,,CASGLAQFGEQYF,,,,,,0.00012983640612827837,None,subset_2.tsv,"['N', 'o', 'n', 'e']",2659,2
2418,,CSLIQGLGTEAFF,,,,,,0.00012983640612827837,None,subset_2.tsv,"['N', 'o', 'n', 'e']",2660,2
3482,,CATGQGAGYEQYF,,,,,,0.00012983640612827837,None,subset_2.tsv,"['N', 'o', 'n', 'e']",2660,2
2777,,CSARVRDSTGELFF,,,,,,0.00012983640612827837,None,subset_2.tsv,"['N', 'o', 'n', 'e']",2661,2
2842,,CSARNREGWGEQYF,,,,,,0.00012983640612827837,None,subset_2.tsv,"['N', 'o', 'n', 'e']",2661,2
2757,,CSARDTEGSPLHF,,,,,,0.00012983640612827837,None,subset_2.tsv,"['N', 'o', 'n', 'e']",2662,2
4922,,CASLDRPGLSQHF,,,,,,0.00012983640612827837,None,subset_2.tsv,"['N', 'o', 'n', 'e']",2662,2
2050,,CSARDGKGNTEAFF,,,,,,0.00012983640612827837,None,subset_2.tsv,"['N', 'o', 'n', 'e']",2664,2
2700,,CSAREGRGPTEAFF,,,,,,0.00012983640612827837,None,subset_2.tsv,"['N', 'o', 'n', 'e']",2664,2
2506,,CSAVDRGNQPQHF,,,,,,0.00012983640612827837,None,subset_2.tsv,"['N', 'o', 'n', 'e']",2666,3
2730,,CSARDSRREAEAFF,,,,,,0.00012983640612827837,None,subset_2.tsv,"['N', 'o', 'n', 'e']",2666,3
2857,,CSARTIGAPPEAFF,,,,,,0.00012983640612827837,None,subset_2.tsv,"['N', 'o', 'n', 'e']",2666,3
2161,,CSAPPSGGAHEQFF,,,,,,0.00012983640612827837,None,subset_2.tsv,"['N', 'o', 'n', 'e']",2667,2
2416,,CSLKDRGRNGEQYF,,,,,,0.00012983640612827837,None,subset_2.tsv,"['N', 'o', 'n', 'e']",2667,2
1938,,CSAFDRVVPEAFF,,,,,,0.00012983640612827837,None,subset_2.tsv,"['N', 'o', 'n', 'e']",2669,3
2086,,CSARDLGSDARFF,,,,,,0.00012983640612827837,None,subset_2.tsv,"['N', 'o', 'n', 'e']",2669,3
2535,,CSVPHRGVPEAFF,,,,,,0.00012983640612827837,None,subset_2.tsv,"['N', 'o', 'n', 'e']",2669,3
1948,,CSAEDRANTEAFF,,,,,,0.00012983640612827837,None,subset_2.tsv,"['N', 'o', 'n', 'e']",2670,2
2476,,CSASTGAVTEAFF,,,,,,0.00012983640612827837,None,subset_2.tsv,"['N', 'o', 'n', 'e']",2670,2
1976,,CSAIPGLAEEQFF,,,,,,0.00012983640612827837,None,subset_2.tsv,"['N', 'o', 'n', 'e']",2671,2
2836,,CSARPGSVYEQYF,,,,,,0.00012983640612827837,None,subset_2.tsv,"['N', 'o', 'n', 'e']",2671,2
2047,,CSARDGRGYEQFF,,,,,,0.00012983640612827837,None,subset_2.tsv,"['N', 'o', 'n', 'e']",2672,2
2073,,CSARDGTSAEYF,,,,,,0.00012983640612827837,None,subset_2.tsv,"['N', 'o', 'n', 'e']",2672,2
2708,,CSARDRTGNGYTF,,,,,,0.00012983640612827837,None,subset_2.tsv,"['N', 'o', 'n', 'e']",2673,2
2731,,CSARDSTGNGYTF,,,,,,0.00012983640612827837,None,subset_2.tsv,"['N', 'o', 'n', 'e']",2673,2
2076,,CSARDLGNYGYTF,,,,,,0.00012983640612827837,None,subset_2.tsv,"['N', 'o', 'n', 'e']",2674,3
2706,,CSARDRTVYGYTF,,,,,,0.00012983640612827837,None,subset_2.tsv,"['N', 'o', 'n', 'e']",2674,3
2858,,CSARTGTNYGYTF,,,,,,0.00012983640612827837,None,subset_2.tsv,"['N', 'o', 'n', 'e']",2674,3
2573,,CSVTPDGAYGYTF,,,,,,0.00012983640612827837,None,subset_2.tsv,"['N', 'o', 'n', 'e']",2675,2
2844,,CSARNPGDYGYTF,,,,,,0.00012983640612827837,None,subset_2.tsv,"['N', 'o', 'n', 'e']",2675,2
1972,,CSAIRQTNYGYTF,,,,,,0.00012983640612827837,None,subset_2.tsv,"['N', 'o', 'n', 'e']",2676,3
2678,,CSARGWFNYGYTF,,,,,,0.00012983640612827837,None,subset_2.tsv,"['N', 'o', 'n', 'e']",2676,3
2867,,CSARSMGVDGYTF,,,,,,0.00012983640612827837,None,subset_2.tsv,"['N', 'o', 'n', 'e']",2676,3
1957,,CSALIRDYNEQFF,,,,,,0.00012983640612827837,None,subset_2.tsv,"['N', 'o', 'n', 'e']",2677,4
1978,,CSAIIRDINEKLFF,,,,,,0.00012983640612827837,None,subset_2.tsv,"['N', 'o', 'n', 'e']",2677,4
2121,,CSANIRDTNEQFF,,,,,,0.00012983640612827837,None,subset_2.tsv,"['N', 'o', 'n', 'e']",2677,4
2826,,CSARQMDYNEQFF,,,,,,0.00012983640612827837,None,subset_2.tsv,"['N', 'o', 'n', 'e']",2677,4
1964,,CSALAGPYNEQFF,,,,,,0.00012983640612827837,None,subset_2.tsv,"['N', 'o', 'n', 'e']",2678,5
2471,,CSATGGDYNEQFF,,,,,,0.00012983640612827837,None,subset_2.tsv,"['N', 'o', 'n', 'e']",2678,5
2480,,CSASSGVYNEQFF,,,,,,0.00012983640612827837,None,subset_2.tsv,"['N', 'o', 'n', 'e']",2678,5
2785,,CSARVGQYNEQFF,,,,,,0.00012983640612827837,None,subset_2.tsv,"['N', 'o', 'n', 'e']",2678,5
4906,,CASLTGDYNEQFF,,,,,,0.00012983640612827837,None,subset_2.tsv,"['N', 'o', 'n', 'e']",2678,5
2110,,CSAPGRYYNEQFF,,,,,,0.00012983640612827837,None,subset_2.tsv,"['N', 'o', 'n', 'e']",2679,3
2466,,CSATGREVNEKLFF,,,,,,0.00012983640612827837,None,subset_2.tsv,"['N', 'o', 'n', 'e']",2679,3
2807,,CSASGYIVNEQFF,,,,,,0.00012983640612827837,None,subset_2.tsv,"['N', 'o', 'n', 'e']",2679,3
1963,,CSALDREVYSYNSPLHF,,,,,,0.00012983640612827837,None,subset_2.tsv,"['N', 'o', 'n', 'e']",2680,2
2126,,CSAMPGQESSYNSPLHF,,,,,,0.00012983640612827837,None,subset_2.tsv,"['N', 'o', 'n', 'e']",2680,2
1935,,CSAGDREETQYF,,,,,,0.00012983640612827837,None,subset_2.tsv,"['N', 'o', 'n', 'e']",2681,3
2411,,CSPMDRQETQYF,,,,,,0.00012983640612827837,None,subset_2.tsv,"['N', 'o', 'n', 'e']",2681,3
2531,,CSVPSRQETQYF,,,,,,0.00012983640612827837,None,subset_2.tsv,"['N', 'o', 'n', 'e']",2681,3
2245,,CATRTGQYTEAFF,,,,,,0.00012983640612827837,None,subset_2.tsv,"['N', 'o', 'n', 'e']",2682,4
2463,,CSASWGDYTEAFF,,,,,,0.00012983640612827837,None,subset_2.tsv,"['N', 'o', 'n', 'e']",2682,4
2685,,CSARGTENTEAFF,,,,,,0.00012983640612827837,None,subset_2.tsv,"['N', 'o', 'n', 'e']",2682,4
5103,,CAIKVTENTEAFF,,,,,,0.00012983640612827837,None,subset_2.tsv,"['N', 'o', 'n', 'e']",2682,4
2659,,CSAREVSGEKLFF,,,,,,0.00012983640612827837,None,subset_2.tsv,"['N', 'o', 'n', 'e']",2685,2
3357,,CASTPATNEKLFF,,,,,,0.00012983640612827837,None,subset_2.tsv,"['N', 'o', 'n', 'e']",2685,2
3444,,CASTKGYAEKLFF,,,,,,0.00012983640612827837,None,subset_2.tsv,"['N', 'o', 'n', 'e']",2686,2
3477,,CATGTSPNEKLFF,,,,,,0.00012983640612827837,None,subset_2.tsv,"['N', 'o', 'n', 'e']",2686,2
2028,,CSAALGLGEKLFF,,,,,,0.00012983640612827837,None,subset_2.tsv,"['N', 'o', 'n', 'e']",2687,2
2860,,CSARTGNGEKLFF,,,,,,0.00012983640612827837,None,subset_2.tsv,"['N', 'o', 'n', 'e']",2687,2
3747,,CASTGENNSPLHF,,,,,,0.00012983640612827837,None,subset_2.tsv,"['N', 'o', 'n', 'e']",2688,3
4907,,CASLSSYNSPLHF,,,,,,0.00012983640612827837,None,subset_2.tsv,"['N', 'o', 'n', 'e']",2688,3
5125,,CAIQSSYNSPLHF,,,,,,0.00012983640612827837,None,subset_2.tsv,"['N', 'o', 'n', 'e']",2688,3
1941,,CSAERQFWTVQPFDQPQHF,,,,,,0.00012983640612827837,None,subset_2.tsv,"['N', 'o', 'n', 'e']",2689,2
2485,,CSASRQPTGELFF,,,,,,0.00012983640612827837,None,subset_2.tsv,"['N', 'o', 'n', 'e']",2689,2
2255,,CATSDLFNNEQFF,,,,,,0.00012983640612827837,None,subset_2.tsv,"['N', 'o', 'n', 'e']",2691,3
2368,,CATSRAEFNEQFF,,,,,,0.00012983640612827837,None,subset_2.tsv,"['N', 'o', 'n', 'e']",2691,3
2456,,CSVAILEANEQFF,,,,,,0.00012983640612827837,None,subset_2.tsv,"['N', 'o', 'n', 'e']",2691,3
3488,,CATEEVYTGELFF,,,,,,0.00012983640612827837,None,subset_2.tsv,"['N', 'o', 'n', 'e']",2692,3
5045,,CAISESFDNEQFF,,,,,,0.00012983640612827837,None,subset_2.tsv,"['N', 'o', 'n', 'e']",2692,3
5054,,CAISESVNTEAFF,,,,,,0.00012983640612827837,None,subset_2.tsv,"['N', 'o', 'n', 'e']",2692,3
2026,,CSAAMGLAGELFF,,,,,,0.00012983640612827837,None,subset_2.tsv,"['N', 'o', 'n', 'e']",2693,3
2469,,CSATGLASGELFF,,,,,,0.00012983640612827837,None,subset_2.tsv,"['N', 'o', 'n', 'e']",2693,3
2635,,CSVETGVEGELFF,,,,,,0.00012983640612827837,None,subset_2.tsv,"['N', 'o', 'n', 'e']",2693,3
2140,,CSARALRLGELFF,,,,,,0.00012983640612827837,None,subset_2.tsv,"['N', 'o', 'n', 'e']",2694,2
2581,,CSVGTSDTGELFF,,,,,,0.00012983640612827837,None,subset_2.tsv,"['N', 'o', 'n', 'e']",2694,2
2547,,CSVIASNTGELFF,,,,,,0.00012983640612827837,None,subset_2.tsv,"['N', 'o', 'n', 'e']",2695,3
2548,,CSVHLVPTGELFF,,,,,,0.00012983640612827837,None,subset_2.tsv,"['N', 'o', 'n', 'e']",2695,3
2598,,CSVEGTNTGELFF,,,,,,0.00012983640612827837,None,subset_2.tsv,"['N', 'o', 'n', 'e']",2695,3
2597,,CSVGTGGTNEKLFF,,,,,,0.00012983640612827837,None,subset_2.tsv,"['N', 'o', 'n', 'e']",2696,2
2620,,CSVGMAGYNEKLFF,,,,,,0.00012983640612827837,None,subset_2.tsv,"['N', 'o', 'n', 'e']",2696,2
1933,,CSAGQGPNTGELFF,,,,,,0.00012983640612827837,None,subset_2.tsv,"['N', 'o', 'n', 'e']",2697,2
2640,,CSASQGLNTGELFF,,,,,,0.00012983640612827837,None,subset_2.tsv,"['N', 'o', 'n', 'e']",2697,2
2619,,CSVGQGYTGELFF,,,,,,0.00012983640612827837,None,subset_2.tsv,"['N', 'o', 'n', 'e']",2698,2
2827,,CSARQGTTGELFF,,,,,,0.00012983640612827837,None,subset_2.tsv,"['N', 'o', 'n', 'e']",2698,2
2666,,CSARENPVPPGELFF,,,,,,0.00012983640612827837,None,subset_2.tsv,"['N', 'o', 'n', 'e']",2699,2
2667,,CSAREMGRYTGELFF,,,,,,0.00012983640612827837,None,subset_2.tsv,"['N', 'o', 'n', 'e']",2699,2
2671,,CSARLPRLAGNEQFF,,,,,,0.00012983640612827837,None,subset_2.tsv,"['N', 'o', 'n', 'e']",2701,2
2874,,CSARSAGTPGNEQFF,,,,,,0.00012983640612827837,None,subset_2.tsv,"['N', 'o', 'n', 'e']",2701,2
2843,,CSARNPRGEDTEAFF,,,,,,0.00012983640612827837,None,subset_2.tsv,"['N', 'o', 'n', 'e']",2702,3
2851,,CSARRPGQEVTEAFF,,,,,,0.00012983640612827837,None,subset_2.tsv,"['N', 'o', 'n', 'e']",2702,3
4829,,CASGVPGTPNTEAFF,,,,,,0.00012983640612827837,None,subset_2.tsv,"['N', 'o', 'n', 'e']",2702,3
2520,,CSVEDPGHLRGEQYF,,,,,,0.00012983640612827837,None,subset_2.tsv,"['N', 'o', 'n', 'e']",2703,2
2625,,CSVFRQGRLGTEAFF,,,,,,0.00012983640612827837,None,subset_2.tsv,"['N', 'o', 'n', 'e']",2703,2
2473,,CSATAPGLRDHGQFF,,,,,,0.00012983640612827837,None,subset_2.tsv,"['N', 'o', 'n', 'e']",2704,2
2690,,CSARGQGALWYEQYF,,,,,,0.00012983640612827837,None,subset_2.tsv,"['N', 'o', 'n', 'e']",2704,2
2444,,CSVEASGRGDNEQFF,,,,,,0.00012983640612827837,None,subset_2.tsv,"['N', 'o', 'n', 'e']",2705,2
2631,,CSVEVPWTGTYEQYF,,,,,,0.00012983640612827837,None,subset_2.tsv,"['N', 'o', 'n', 'e']",2705,2
2069,,CSARDDDRTNQPQHF,,,,,,0.00012983640612827837,None,subset_2.tsv,"['N', 'o', 'n', 'e']",2706,2
2724,,CSARDPPSDVGTQYF,,,,,,0.00012983640612827837,None,subset_2.tsv,"['N', 'o', 'n', 'e']",2706,2
2498,,CSAYPWDRVAYEQYF,,,,,,0.00012983640612827837,None,subset_2.tsv,"['N', 'o', 'n', 'e']",2707,3
2703,,CSARDSPVLAYEQYF,,,,,,0.00012983640612827837,None,subset_2.tsv,"['N', 'o', 'n', 'e']",2707,3
2715,,CSARDRDRGMYEQYF,,,,,,0.00012983640612827837,None,subset_2.tsv,"['N', 'o', 'n', 'e']",2707,3
2090,,CSARDINLDTYEQYF,,,,,,0.00012983640612827837,None,subset_2.tsv,"['N', 'o', 'n', 'e']",2708,3
2718,,CSARDQDSIIYEQYF,,,,,,0.00012983640612827837,None,subset_2.tsv,"['N', 'o', 'n', 'e']",2708,3
2746,,CSARDYGTDPYEQYF,,,,,,0.00012983640612827837,None,subset_2.tsv,"['N', 'o', 'n', 'e']",2708,3
2058,,CSARDFLGGHYEQYF,,,,,,0.00012983640612827837,None,subset_2.tsv,"['N', 'o', 'n', 'e']",2709,4
2101,,CSARDKTGGYYEQYF,,,,,,0.00012983640612827837,None,subset_2.tsv,"['N', 'o', 'n', 'e']",2709,4
2722,,CSARDPSGAVYEQYF,,,,,,0.00012983640612827837,None,subset_2.tsv,"['N', 'o', 'n', 'e']",2709,4
2830,,CSARPTSGGLYEQYF,,,,,,0.00012983640612827837,None,subset_2.tsv,"['N', 'o', 'n', 'e']",2709,4
1973,,CSAIPWTGSTDTQYF,,,,,,0.00012983640612827837,None,subset_2.tsv,"['N', 'o', 'n', 'e']",2710,3
2533,,CSVPPDSGRTDTQYF,,,,,,0.00012983640612827837,None,subset_2.tsv,"['N', 'o', 'n', 'e']",2710,3
2738,,CSAREASGRIDEQFF,,,,,,0.00012983640612827837,None,subset_2.tsv,"['N', 'o', 'n', 'e']",2710,3
883,,CASSSPTGGLGEQYF,,,,,,0.00012983640612827837,None,subset_2.tsv,"['N', 'o', 'n', 'e']",2711,2
4096,,CASSAYTSGPKEQYF,,,,,,0.00012983640612827837,None,subset_2.tsv,"['N', 'o', 'n', 'e']",2711,2
2692,,CSARGPTSGRDEQFF,,,,,,0.00012983640612827837,None,subset_2.tsv,"['N', 'o', 'n', 'e']",2712,2
4663,,CASSGFRGGKNEQFF,,,,,,0.00012983640612827837,None,subset_2.tsv,"['N', 'o', 'n', 'e']",2712,2
2142,,CSARAKRGLFNEQFF,,,,,,0.00012983640612827837,None,subset_2.tsv,"['N', 'o', 'n', 'e']",2713,3
2505,,CSAVRDRGRPGELFF,,,,,,0.00012983640612827837,None,subset_2.tsv,"['N', 'o', 'n', 'e']",2713,3
2689,,CSARGQRGLVNEQFF,,,,,,0.00012983640612827837,None,subset_2.tsv,"['N', 'o', 'n', 'e']",2713,3
2501,,CSAWTSGGTYNEQFF,,,,,,0.00012983640612827837,None,subset_2.tsv,"['N', 'o', 'n', 'e']",2714,2
2776,,CSARVSGGGYNEQFF,,,,,,0.00012983640612827837,None,subset_2.tsv,"['N', 'o', 'n', 'e']",2714,2
5176,,CASGFPLSGYNEQFF,,,,,,0.00012983640612827837,None,subset_2.tsv,"['N', 'o', 'n', 'e']",2715,2
5589,,CASPTKRGGNNEQFF,,,,,,0.00012983640612827837,None,subset_2.tsv,"['N', 'o', 'n', 'e']",2715,2
2147,,CSAQPHRASNEKLFF,,,,,,0.00012983640612827837,None,subset_2.tsv,"['N', 'o', 'n', 'e']",2716,2
2878,,CATREKVGGNEKLFF,,,,,,0.00012983640612827837,None,subset_2.tsv,"['N', 'o', 'n', 'e']",2716,2
1926,,CSAEYTQGGSQPQHF,,,,,,0.00012983640612827837,None,subset_2.tsv,"['N', 'o', 'n', 'e']",2717,2
2145,,CSAQWTPGGNQPQHF,,,,,,0.00012983640612827837,None,subset_2.tsv,"['N', 'o', 'n', 'e']",2717,2
6263,,CASSPDAGGPNEQFF,,,,,,0.00012983640612827837,None,subset_2.tsv,"['N', 'o', 'n', 'e']",2719,2
6286,,CASSPDLRGPNEQFF,,,,,,0.00012983640612827837,None,subset_2.tsv,"['N', 'o', 'n', 'e']",2719,2
4836,,CASGPQAGGLDEQFF,,,,,,0.00012983640612827837,None,subset_2.tsv,"['N', 'o', 'n', 'e']",2721,2
5331,,CASRPQPGLADEQYF,,,,,,0.00012983640612827837,None,subset_2.tsv,"['N', 'o', 'n', 'e']",2721,2
5026,,CAISEKRGSGGEQFF,,,,,,0.00012983640612827837,None,subset_2.tsv,"['N', 'o', 'n', 'e']",2722,2
5049,,CAISEYVGTGDNEQFF,,,,,,0.00012983640612827837,None,subset_2.tsv,"['N', 'o', 'n', 'e']",2722,2
2115,,CSAPGGGGDYNEQFF,,,,,,0.00012983640612827837,None,subset_2.tsv,"['N', 'o', 'n', 'e']",2723,2
2643,,CSARGGTGELNEQFF,,,,,,0.00012983640612827837,None,subset_2.tsv,"['N', 'o', 'n', 'e']",2723,2
1985,,CSARDMGGPYNEQFF,,,,,,0.00012983640612827837,None,subset_2.tsv,"['N', 'o', 'n', 'e']",2724,2
2098,,CSARDLEGAYNEQFF,,,,,,0.00012983640612827837,None,subset_2.tsv,"['N', 'o', 'n', 'e']",2724,2
3359,,CASTPGRGNTDTQYF,,,,,,0.00012983640612827837,None,subset_2.tsv,"['N', 'o', 'n', 'e']",2726,3
4870,,CASGPGTSNADTQYF,,,,,,0.00012983640612827837,None,subset_2.tsv,"['N', 'o', 'n', 'e']",2726,3
5187,,CASGDGTGNTDTQYF,,,,,,0.00012983640612827837,None,subset_2.tsv,"['N', 'o', 'n', 'e']",2726,3
2445,,CSVDTSGGRTDTQYF,,,,,,0.00012983640612827837,None,subset_2.tsv,"['N', 'o', 'n', 'e']",2727,2
2556,,CSVVYSTGKTDTQYF,,,,,,0.00012983640612827837,None,subset_2.tsv,"['N', 'o', 'n', 'e']",2727,2
2565,,CSVVGSGGFTYEQYF,,,,,,0.00012983640612827837,None,subset_2.tsv,"['N', 'o', 'n', 'e']",2728,2
5576,,CASNTAGGYTDTQYF,,,,,,0.00012983640612827837,None,subset_2.tsv,"['N', 'o', 'n', 'e']",2728,2
2077,,CSARDLWSDTDTQYF,,,,,,0.00012983640612827837,None,subset_2.tsv,"['N', 'o', 'n', 'e']",2729,2
2849,,CSARRLAGEGDTQYF,,,,,,0.00012983640612827837,None,subset_2.tsv,"['N', 'o', 'n', 'e']",2729,2
2156,,CSAPRGSGTIDTQYF,,,,,,0.00012983640612827837,None,subset_2.tsv,"['N', 'o', 'n', 'e']",2730,2
2873,,CSARSGRGGRDTQYF,,,,,,0.00012983640612827837,None,subset_2.tsv,"['N', 'o', 'n', 'e']",2730,2
1956,,CSAITRQPRSYEQYF,,,,,,0.00012983640612827837,None,subset_2.tsv,"['N', 'o', 'n', 'e']",2732,3
2103,,CSARAVQAISYEQYF,,,,,,0.00012983640612827837,None,subset_2.tsv,"['N', 'o', 'n', 'e']",2732,3
3560,,CASTRLAETSGEQYF,,,,,,0.00012983640612827837,None,subset_2.tsv,"['N', 'o', 'n', 'e']",2732,3
2272,,CATSDLYMESYEQYF,,,,,,0.00012983640612827837,None,subset_2.tsv,"['N', 'o', 'n', 'e']",2733,3
4117,,CASSDLQWVSYEQYF,,,,,,0.00012983640612827837,None,subset_2.tsv,"['N', 'o', 'n', 'e']",2733,3
4294,,CASSDTVPHSYEQYF,,,,,,0.00012983640612827837,None,subset_2.tsv,"['N', 'o', 'n', 'e']",2733,3
1931,,CSAGRVAGSSYEQYF,,,,,,0.00012983640612827837,None,subset_2.tsv,"['N', 'o', 'n', 'e']",2734,4
1932,,CSAGRLAGISYEQYF,,,,,,0.00012983640612827837,None,subset_2.tsv,"['N', 'o', 'n', 'e']",2734,4
2686,,CSARGLAGDSYEQYF,,,,,,0.00012983640612827837,None,subset_2.tsv,"['N', 'o', 'n', 'e']",2734,4
2868,,CSARSLPGGSYEQYF,,,,,,0.00012983640612827837,None,subset_2.tsv,"['N', 'o', 'n', 'e']",2734,4
2079,,CSARDLTAGSYEQYF,,,,,,0.00012983640612827837,None,subset_2.tsv,"['N', 'o', 'n', 'e']",2735,2
2440,,CSVEDGLAGNYEQYF,,,,,,0.00012983640612827837,None,subset_2.tsv,"['N', 'o', 'n', 'e']",2735,2
2419,,CSLDRTPASNYGYTF,,,,,,0.00012983640612827837,None,subset_2.tsv,"['N', 'o', 'n', 'e']",2737,2
3514,,CATQNNRETSYEQYF,,,,,,0.00012983640612827837,None,subset_2.tsv,"['N', 'o', 'n', 'e']",2737,2
5025,,CAISELDRVGYEQYF,,,,,,0.00012983640612827837,None,subset_2.tsv,"['N', 'o', 'n', 'e']",2740,2
5044,,CAISESETESYEQYF,,,,,,0.00012983640612827837,None,subset_2.tsv,"['N', 'o', 'n', 'e']",2740,2
1937,,CSAFPGPREAYEQYF,,,,,,0.00012983640612827837,None,subset_2.tsv,"['N', 'o', 'n', 'e']",2741,2
5537,,CASREGQGAGYEQYF,,,,,,0.00012983640612827837,None,subset_2.tsv,"['N', 'o', 'n', 'e']",2741,2
2701,,CSAREGQGLFDEQYF,,,,,,0.00012983640612827837,None,subset_2.tsv,"['N', 'o', 'n', 'e']",2742,2
5100,,CAAWEGQGGHNEQFF,,,,,,0.00012983640612827837,None,subset_2.tsv,"['N', 'o', 'n', 'e']",2742,2
2448,,CSVDPRDRVGNEQFF,,,,,,0.00012983640612827837,None,subset_2.tsv,"['N', 'o', 'n', 'e']",2743,2
2449,,CSVDPLWTSGIEQFF,,,,,,0.00012983640612827837,None,subset_2.tsv,"['N', 'o', 'n', 'e']",2743,2
2052,,CSARDGGGALYEQYF,,,,,,0.00012983640612827837,None,subset_2.tsv,"['N', 'o', 'n', 'e']",2747,2
2094,,CSARDLGLAGDEQYF,,,,,,0.00012983640612827837,None,subset_2.tsv,"['N', 'o', 'n', 'e']",2747,2
2092,,CSARDLGLAGVYEQFF,,,,,,0.00012983640612827837,None,subset_2.tsv,"['N', 'o', 'n', 'e']",2748,2
2191,,CATSDSGTSGVNEQFF,,,,,,0.00012983640612827837,None,subset_2.tsv,"['N', 'o', 'n', 'e']",2748,2
2434,,CSVEDPDRSSYNEQFF,,,,,,0.00012983640612827837,None,subset_2.tsv,"['N', 'o', 'n', 'e']",2749,2
2532,,CSVPQPWRLSYNEQFF,,,,,,0.00012983640612827837,None,subset_2.tsv,"['N', 'o', 'n', 'e']",2749,2
2160,,CSAPPSSGRSYNEQFF,,,,,,0.00012983640612827837,None,subset_2.tsv,"['N', 'o', 'n', 'e']",2751,2
2832,,CSARPSLAGGYNEQFF,,,,,,0.00012983640612827837,None,subset_2.tsv,"['N', 'o', 'n', 'e']",2751,2
1947,,CSAEGAEGNQPQHF,,,,,,0.00012983640612827837,None,subset_2.tsv,"['N', 'o', 'n', 'e']",2755,2
2488,,CSASRDWGNQPQHF,,,,,,0.00012983640612827837,None,subset_2.tsv,"['N', 'o', 'n', 'e']",2755,2
2035,,CQQQSFPGRETEAFF,,,,,,0.00012983640612827837,None,subset_2.tsv,"['N', 'o', 'n', 'e']",2756,3
2563,,CSVVLAQGHDTEAFF,,,,,,0.00012983640612827837,None,subset_2.tsv,"['N', 'o', 'n', 'e']",2756,3
2588,,CSVERDMGPDTEAFF,,,,,,0.00012983640612827837,None,subset_2.tsv,"['N', 'o', 'n', 'e']",2756,3
2601,,CSVEGIQGPYGYTF,,,,,,0.00012983640612827837,None,subset_2.tsv,"['N', 'o', 'n', 'e']",2757,2
2799,,CSASMEQGPWGYTF,,,,,,0.00012983640612827837,None,subset_2.tsv,"['N', 'o', 'n', 'e']",2757,2
2151,,CSAPVEESIYGYTF,,,,,,0.00012983640612827837,None,subset_2.tsv,"['N', 'o', 'n', 'e']",2758,2
2507,,CSATKDRDDYGYTF,,,,,,0.00012983640612827837,None,subset_2.tsv,"['N', 'o', 'n', 'e']",2758,2
1940,,CSAGWDLSDNEQFF,,,,,,0.00012983640612827837,None,subset_2.tsv,"['N', 'o', 'n', 'e']",2760,4
2070,,CSARCPIGDNEQFF,,,,,,0.00012983640612827837,None,subset_2.tsv,"['N', 'o', 'n', 'e']",2760,4
2653,,CSARGDYSFHEQFF,,,,,,0.00012983640612827837,None,subset_2.tsv,"['N', 'o', 'n', 'e']",2760,4
2759,,CSARLQQGDVEKLFF,,,,,,0.00012983640612827837,None,subset_2.tsv,"['N', 'o', 'n', 'e']",2760,4
2139,,CSARAPAGAYEQYF,,,,,,0.00012983640612827837,None,subset_2.tsv,"['N', 'o', 'n', 'e']",2761,2
5503,,CASRAPAGVYEQYF,,,,,,0.00012983640612827837,None,subset_2.tsv,"['N', 'o', 'n', 'e']",2761,2
1099,,CASSPYQGNYGYTF,,,,,,0.00012983640612827837,None,subset_2.tsv,"['N', 'o', 'n', 'e']",2763,2
6964,,CASSIPQSNYGYTF,,,,,,0.00012983640612827837,None,subset_2.tsv,"['N', 'o', 'n', 'e']",2763,2
3294,,CASSVQAGGYGYTF,,,,,,0.00012983640612827837,None,subset_2.tsv,"['N', 'o', 'n', 'e']",2764,2
4106,,CASSDPIGGYGYTF,,,,,,0.00012983640612827837,None,subset_2.tsv,"['N', 'o', 'n', 'e']",2764,2
423,,CASSRDEGGQPQHF,,,,,,0.00012983640612827837,None,subset_2.tsv,"['N', 'o', 'n', 'e']",2765,3
3133,,CASSVEASGERWLFF,,,,,,0.00012983640612827837,None,subset_2.tsv,"['N', 'o', 'n', 'e']",2765,3
6631,,CASSLYAGGQPQHF,,,,,,0.00012983640612827837,None,subset_2.tsv,"['N', 'o', 'n', 'e']",2765,3
240,,CASSRTEGGAGELFF,,,,,,0.00012983640612827837,None,subset_2.tsv,"['N', 'o', 'n', 'e']",2766,2
257,,CASSRTQGLAPEAFF,,,,,,0.00012983640612827837,None,subset_2.tsv,"['N', 'o', 'n', 'e']",2766,2
951,,CASSSPQGANSPLHF,,,,,,0.00012983640612827837,None,subset_2.tsv,"['N', 'o', 'n', 'e']",2767,2
4433,,CASSHWQGGYSPLHF,,,,,,0.00012983640612827837,None,subset_2.tsv,"['N', 'o', 'n', 'e']",2767,2
579,,CASSSTDSSYEQYF,,,,,,0.00012983640612827837,None,subset_2.tsv,"['N', 'o', 'n', 'e']",2768,3
907,,CASSSREGRYEQYF,,,,,,0.00012983640612827837,None,subset_2.tsv,"['N', 'o', 'n', 'e']",2768,3
911,,CASSSRDNRYEQYF,,,,,,0.00012983640612827837,None,subset_2.tsv,"['N', 'o', 'n', 'e']",2768,3
950,,CASSSPQSAYEQYF,,,,,,0.00012983640612827837,None,subset_2.tsv,"['N', 'o', 'n', 'e']",2769,3
5408,,CASSAPQRTYEQYF,,,,,,0.00012983640612827837,None,subset_2.tsv,"['N', 'o', 'n', 'e']",2769,3
5420,,CASSAPDGSYEQYF,,,,,,0.00012983640612827837,None,subset_2.tsv,"['N', 'o', 'n', 'e']",2769,3
4320,,CASSGYQATDTQYF,,,,,,0.00012983640612827837,None,subset_2.tsv,"['N', 'o', 'n', 'e']",2770,3
4864,,CASGGTQVGETQYF,,,,,,0.00012983640612827837,None,subset_2.tsv,"['N', 'o', 'n', 'e']",2770,3
5134,,CASDGPKATDTQYF,,,,,,0.00012983640612827837,None,subset_2.tsv,"['N', 'o', 'n', 'e']",2770,3
872,,CASSSPYGKETQYF,,,,,,0.00012983640612827837,None,subset_2.tsv,"['N', 'o', 'n', 'e']",2771,2
4395,,CASSGPQGIDTQYF,,,,,,0.00012983640612827837,None,subset_2.tsv,"['N', 'o', 'n', 'e']",2771,2
3538,,CASTSPEGRNTEAFF,,,,,,0.00012983640612827837,None,subset_2.tsv,"['N', 'o', 'n', 'e']",2772,2
5984,,CASSLPERTDTQYF,,,,,,0.00012983640612827837,None,subset_2.tsv,"['N', 'o', 'n', 'e']",2772,2
2054,,CSARDGASSDTQYF,,,,,,0.00012983640612827837,None,subset_2.tsv,"['N', 'o', 'n', 'e']",2773,2
2770,,CSARYRANTDTQYF,,,,,,0.00012983640612827837,None,subset_2.tsv,"['N', 'o', 'n', 'e']",2773,2
2327,,CAWGDSSSGNTIYF,,,,,,0.00012983640612827837,None,subset_2.tsv,"['N', 'o', 'n', 'e']",2774,2
5123,,CAIRDVSSTDTQYF,,,,,,0.00012983640612827837,None,subset_2.tsv,"['N', 'o', 'n', 'e']",2774,2
1090,,CASSPRSYTDTQYF,,,,,,0.00012983640612827837,None,subset_2.tsv,"['N', 'o', 'n', 'e']",2775,3
3387,,CASTPTSKADTQYF,,,,,,0.00012983640612827837,None,subset_2.tsv,"['N', 'o', 'n', 'e']",2775,3
5545,,CASQPTSTVDTQYF,,,,,,0.00012983640612827837,None,subset_2.tsv,"['N', 'o', 'n', 'e']",2775,3
1949,,CSADWTSRPDTQYF,,,,,,0.00012983640612827837,None,subset_2.tsv,"['N', 'o', 'n', 'e']",2776,3
2513,,CSATPTSGLDTQYF,,,,,,0.00012983640612827837,None,subset_2.tsv,"['N', 'o', 'n', 'e']",2776,3
2663,,CSARERWGPDTQYF,,,,,,0.00012983640612827837,None,subset_2.tsv,"['N', 'o', 'n', 'e']",2776,3
2135,,CSAPNMANGNTIYF,,,,,,0.00012983640612827837,None,subset_2.tsv,"['N', 'o', 'n', 'e']",2777,3
2540,,CSVMDPMSGYTIYF,,,,,,0.00012983640612827837,None,subset_2.tsv,"['N', 'o', 'n', 'e']",2777,3
2544,,CSVLDRISGNTIYF,,,,,,0.00012983640612827837,None,subset_2.tsv,"['N', 'o', 'n', 'e']",2777,3
2543,,CSVLEPGGGETQYF,,,,,,0.00012983640612827837,None,subset_2.tsv,"['N', 'o', 'n', 'e']",2780,2
2660,,CSARETGVGNTIYF,,,,,,0.00012983640612827837,None,subset_2.tsv,"['N', 'o', 'n', 'e']",2780,2
2462,,CSARDPGGRETQYF,,,,,,0.00012983640612827837,None,subset_2.tsv,"['N', 'o', 'n', 'e']",2781,3
2750,,CSARDWRAGDTQYF,,,,,,0.00012983640612827837,None,subset_2.tsv,"['N', 'o', 'n', 'e']",2781,3
2753,,CSARDTGVSDTQYF,,,,,,0.00012983640612827837,None,subset_2.tsv,"['N', 'o', 'n', 'e']",2781,3
2585,,CSVERSGGTDTQYF,,,,,,0.00012983640612827837,None,subset_2.tsv,"['N', 'o', 'n', 'e']",2782,2
2592,,CSVELTTGTDTQYF,,,,,,0.00012983640612827837,None,subset_2.tsv,"['N', 'o', 'n', 'e']",2782,2
2539,,CSVPGASGLDTQYF,,,,,,0.00012983640612827837,None,subset_2.tsv,"['N', 'o', 'n', 'e']",2783,3
2864,,CSARSTSGADTQYF,,,,,,0.00012983640612827837,None,subset_2.tsv,"['N', 'o', 'n', 'e']",2783,3
5241,,CARRGTSGIDTQYF,,,,,,0.00012983640612827837,None,subset_2.tsv,"['N', 'o', 'n', 'e']",2783,3
3437,,CASTGRVGTDTQYF,,,,,,0.00012983640612827837,None,subset_2.tsv,"['N', 'o', 'n', 'e']",2785,2
4908,,CASLRWAGADTQYF,,,,,,0.00012983640612827837,None,subset_2.tsv,"['N', 'o', 'n', 'e']",2785,2
805,,CASSSGMGTDTQYF,,,,,,0.00012983640612827837,None,subset_2.tsv,"['N', 'o', 'n', 'e']",2786,2
3443,,CASTGLSGRETQYF,,,,,,0.00012983640612827837,None,subset_2.tsv,"['N', 'o', 'n', 'e']",2786,2
2006,,CAWSGVLGTDTQYF,,,,,,0.00012983640612827837,None,subset_2.tsv,"['N', 'o', 'n', 'e']",2787,2
3494,,CATAGLRGTDTQYF,,,,,,0.00012983640612827837,None,subset_2.tsv,"['N', 'o', 'n', 'e']",2787,2
2387,,CATSRGPGTDTQYF,,,,,,0.00012983640612827837,None,subset_2.tsv,"['N', 'o', 'n', 'e']",2788,2
5245,,CARIAGEVTDTQYF,,,,,,0.00012983640612827837,None,subset_2.tsv,"['N', 'o', 'n', 'e']",2788,2
5288,,CASRTSGTTDTQYF,,,,,,0.00012983640612827837,None,subset_2.tsv,"['N', 'o', 'n', 'e']",2789,3
5293,,CASRTRDLTDTQYF,,,,,,0.00012983640612827837,None,subset_2.tsv,"['N', 'o', 'n', 'e']",2789,3
5491,,CASRDRGSTDTQYF,,,,,,0.00012983640612827837,None,subset_2.tsv,"['N', 'o', 'n', 'e']",2789,3
2772,,CSARWGGGTDTQYF,,,,,,0.00012983640612827837,None,subset_2.tsv,"['N', 'o', 'n', 'e']",2790,3
4806,,CASGTGGSTDTQYF,,,,,,0.00012983640612827837,None,subset_2.tsv,"['N', 'o', 'n', 'e']",2790,3
5342,,CASRRGGSTDTQYF,,,,,,0.00012983640612827837,None,subset_2.tsv,"['N', 'o', 'n', 'e']",2790,3
2249,,CATRGRGAGETQYF,,,,,,0.00012983640612827837,None,subset_2.tsv,"['N', 'o', 'n', 'e']",2791,5
3535,,CASVGIGLTDTQYF,,,,,,0.00012983640612827837,None,subset_2.tsv,"['N', 'o', 'n', 'e']",2791,5
4674,,CASSGAVITDTQYF,,,,,,0.00012983640612827837,None,subset_2.tsv,"['N', 'o', 'n', 'e']",2791,5
5010,,CASKGVGQSDTQYF,,,,,,0.00012983640612827837,None,subset_2.tsv,"['N', 'o', 'n', 'e']",2791,5
5690,,CASRGALVGDTQYF,,,,,,0.00012983640612827837,None,subset_2.tsv,"['N', 'o', 'n', 'e']",2791,5
2490,,CSATGTSFTDTQYF,,,,,,0.00012983640612827837,None,subset_2.tsv,"['N', 'o', 'n', 'e']",2792,2
3436,,CASTGTGYTDTQYF,,,,,,0.00012983640612827837,None,subset_2.tsv,"['N', 'o', 'n', 'e']",2792,2
736,,CASSTGLLTDTQYF,,,,,,0.00012983640612827837,None,subset_2.tsv,"['N', 'o', 'n', 'e']",2793,4
4713,,CASSGGFQGETQYF,,,,,,0.00012983640612827837,None,subset_2.tsv,"['N', 'o', 'n', 'e']",2793,4
5309,,CASRRGPVGDTQYF,,,,,,0.00012983640612827837,None,subset_2.tsv,"['N', 'o', 'n', 'e']",2793,4
5460,,CASSAGLLGETQYF,,,,,,0.00012983640612827837,None,subset_2.tsv,"['N', 'o', 'n', 'e']",2793,4
2413,,CSPDRGHQTDTQYF,,,,,,0.00012983640612827837,None,subset_2.tsv,"['N', 'o', 'n', 'e']",2794,3
2438,,CSVEDGVVADTQYF,,,,,,0.00012983640612827837,None,subset_2.tsv,"['N', 'o', 'n', 'e']",2794,3
2487,,CSASRGRESDTQYF,,,,,,0.00012983640612827837,None,subset_2.tsv,"['N', 'o', 'n', 'e']",2794,3
2822,,CSARRGTGGSPLHF,,,,,,0.00012983640612827837,None,subset_2.tsv,"['N', 'o', 'n', 'e']",2796,2
3566,,CASTTGTGGSPLHF,,,,,,0.00012983640612827837,None,subset_2.tsv,"['N', 'o', 'n', 'e']",2796,2
2071,,CSARAWGRNSPLHF,,,,,,0.00012983640612827837,None,subset_2.tsv,"['N', 'o', 'n', 'e']",2797,2
2729,,CSARDSRGSSPQHF,,,,,,0.00012983640612827837,None,subset_2.tsv,"['N', 'o', 'n', 'e']",2797,2
2854,,CSARTTGMANSPLHF,,,,,,0.00012983640612827837,None,subset_2.tsv,"['N', 'o', 'n', 'e']",2798,2
5492,,CASRDRGRRESPLHF,,,,,,0.00012983640612827837,None,subset_2.tsv,"['N', 'o', 'n', 'e']",2798,2
2085,,CSARDLGSGTGELFF,,,,,,0.00012983640612827837,None,subset_2.tsv,"['N', 'o', 'n', 'e']",2800,2
2755,,CSARDTGGGSGELFF,,,,,,0.00012983640612827837,None,subset_2.tsv,"['N', 'o', 'n', 'e']",2800,2
2136,,CSAPPRGGNQPQHF,,,,,,0.00012983640612827837,None,subset_2.tsv,"['N', 'o', 'n', 'e']",2801,2
2514,,CSATPTGVGQPQHF,,,,,,0.00012983640612827837,None,subset_2.tsv,"['N', 'o', 'n', 'e']",2801,2
2503,,CSAWAGELGFGYTF,,,,,,0.00012983640612827837,None,subset_2.tsv,"['N', 'o', 'n', 'e']",2804,2
2649,,CSARGGELGREQYF,,,,,,0.00012983640612827837,None,subset_2.tsv,"['N', 'o', 'n', 'e']",2804,2
2183,,CATSDTHQGYQQFF,,,,,,0.00012983640612827837,None,subset_2.tsv,"['N', 'o', 'n', 'e']",2805,2
2261,,CATSDRDDSYGYTF,,,,,,0.00012983640612827837,None,subset_2.tsv,"['N', 'o', 'n', 'e']",2805,2
2637,,CSVETGDAPYGYTF,,,,,,0.00012983640612827837,None,subset_2.tsv,"['N', 'o', 'n', 'e']",2807,2
3509,,CATQRGQEATGYTF,,,,,,0.00012983640612827837,None,subset_2.tsv,"['N', 'o', 'n', 'e']",2807,2
2203,,CATSNLDRGHGYTF,,,,,,0.00012983640612827837,None,subset_2.tsv,"['N', 'o', 'n', 'e']",2808,2
5105,,CAILNRVGSPGYTF,,,,,,0.00012983640612827837,None,subset_2.tsv,"['N', 'o', 'n', 'e']",2808,2
2405,,CSTGRQGFGYGYTF,,,,,,0.00012983640612827837,None,subset_2.tsv,"['N', 'o', 'n', 'e']",2810,4
2542,,CSVLTQGAGYGYTF,,,,,,0.00012983640612827837,None,subset_2.tsv,"['N', 'o', 'n', 'e']",2810,4
2559,,CSVVRQGQGYGYTF,,,,,,0.00012983640612827837,None,subset_2.tsv,"['N', 'o', 'n', 'e']",2810,4
2632,,CSVEVIGRGHGYTF,,,,,,0.00012983640612827837,None,subset_2.tsv,"['N', 'o', 'n', 'e']",2810,4
4315,,CASSGTGYNYGYTF,,,,,,0.00012983640612827837,None,subset_2.tsv,"['N', 'o', 'n', 'e']",2811,3
4324,,CASSGTGANYGYTF,,,,,,0.00012983640612827837,None,subset_2.tsv,"['N', 'o', 'n', 'e']",2811,3
5243,,CARLGRGANYGYTF,,,,,,0.00012983640612827837,None,subset_2.tsv,"['N', 'o', 'n', 'e']",2811,3
2111,,CSAPGQGYNYGYTF,,,,,,0.00012983640612827837,None,subset_2.tsv,"['N', 'o', 'n', 'e']",2812,2
2648,,CSARGGGFLYGYTF,,,,,,0.00012983640612827837,None,subset_2.tsv,"['N', 'o', 'n', 'e']",2812,2
2314,,CAWGGVQGINEQYF,,,,,,0.00012983640612827837,None,subset_2.tsv,"['N', 'o', 'n', 'e']",2813,2
2422,,CSHDSSQTEDEQFF,,,,,,0.00012983640612827837,None,subset_2.tsv,"['N', 'o', 'n', 'e']",2813,2
2112,,CSAPGLAGVNEQFF,,,,,,0.00012983640612827837,None,subset_2.tsv,"['N', 'o', 'n', 'e']",2814,2
2459,,CSVAGLAGGHEQFF,,,,,,0.00012983640612827837,None,subset_2.tsv,"['N', 'o', 'n', 'e']",2814,2
2538,,CSVPGGQGLNEQYF,,,,,,0.00012983640612827837,None,subset_2.tsv,"['N', 'o', 'n', 'e']",2815,2
5084,,CAGSTGQGLDEQYF,,,,,,0.00012983640612827837,None,subset_2.tsv,"['N', 'o', 'n', 'e']",2815,2
2113,,CSAPGLADSYEQYF,,,,,,0.00012983640612827837,None,subset_2.tsv,"['N', 'o', 'n', 'e']",2817,3
2550,,CSVRGLADSYEQYF,,,,,,0.00012983640612827837,None,subset_2.tsv,"['N', 'o', 'n', 'e']",2817,3
2651,,CSARGGADSYEQYF,,,,,,0.00012983640612827837,None,subset_2.tsv,"['N', 'o', 'n', 'e']",2817,3
2123,,CSANEGVISYEQYF,,,,,,0.00012983640612827837,None,subset_2.tsv,"['N', 'o', 'n', 'e']",2818,2
2641,,CSASQGDDSYEQYF,,,,,,0.00012983640612827837,None,subset_2.tsv,"['N', 'o', 'n', 'e']",2818,2
2512,,CSATRRDTSYEQYF,,,,,,0.00012983640612827837,None,subset_2.tsv,"['N', 'o', 'n', 'e']",2819,2
2865,,CSARSSERRYEQYF,,,,,,0.00012983640612827837,None,subset_2.tsv,"['N', 'o', 'n', 'e']",2819,2
2454,,CSVDAGQSNYEQYF,,,,,,0.00012983640612827837,None,subset_2.tsv,"['N', 'o', 'n', 'e']",2820,2
2584,,CSVESGDSSYEQYF,,,,,,0.00012983640612827837,None,subset_2.tsv,"['N', 'o', 'n', 'e']",2820,2
2723,,CSARDPRDTGELFF,,,,,,0.00012983640612827837,None,subset_2.tsv,"['N', 'o', 'n', 'e']",2821,3
2749,,CSARDWTARNEQFF,,,,,,0.00012983640612827837,None,subset_2.tsv,"['N', 'o', 'n', 'e']",2821,3
3551,,CASTRTLFANEQFF,,,,,,0.00012983640612827837,None,subset_2.tsv,"['N', 'o', 'n', 'e']",2821,3
2072,,CSARAVRVSVEQYF,,,,,,0.00012983640612827837,None,subset_2.tsv,"['N', 'o', 'n', 'e']",2822,3
2143,,CSARAFRLGNEQFF,,,,,,0.00012983640612827837,None,subset_2.tsv,"['N', 'o', 'n', 'e']",2822,3
2863,,CSARTAPVGNEQFF,,,,,,0.00012983640612827837,None,subset_2.tsv,"['N', 'o', 'n', 'e']",2822,3
2848,,CSARRIYGSGELFF,,,,,,0.00012983640612827837,None,subset_2.tsv,"['N', 'o', 'n', 'e']",2824,2
2866,,CSARSPVLSGRQFF,,,,,,0.00012983640612827837,None,subset_2.tsv,"['N', 'o', 'n', 'e']",2824,2
2814,,CSASGASFSTEAFF,,,,,,0.00012983640612827837,None,subset_2.tsv,"['N', 'o', 'n', 'e']",2826,2
5514,,CASQRASLNTEAFF,,,,,,0.00012983640612827837,None,subset_2.tsv,"['N', 'o', 'n', 'e']",2826,2
2095,,CSARDLGGSYEQYF,,,,,,0.00012983640612827837,None,subset_2.tsv,"['N', 'o', 'n', 'e']",2828,2
2713,,CSARDRGGSYEQYF,,,,,,0.00012983640612827837,None,subset_2.tsv,"['N', 'o', 'n', 'e']",2828,2
2427,,CSGLVAGSSYEQYF,,,,,,0.00012983640612827837,None,subset_2.tsv,"['N', 'o', 'n', 'e']",2830,2
2499,,CSAYLQGSSYEQYF,,,,,,0.00012983640612827837,None,subset_2.tsv,"['N', 'o', 'n', 'e']",2830,2
2114,,CSAPGGTSAYEQYF,,,,,,0.00012983640612827837,None,subset_2.tsv,"['N', 'o', 'n', 'e']",2831,2
2482,,CSASSGGLTYEQYF,,,,,,0.00012983640612827837,None,subset_2.tsv,"['N', 'o', 'n', 'e']",2831,2
2428,,CSGLGTGAPYEQYF,,,,,,0.00012983640612827837,None,subset_2.tsv,"['N', 'o', 'n', 'e']",2832,2
2458,,CSVAGQGSPYEQYF,,,,,,0.00012983640612827837,None,subset_2.tsv,"['N', 'o', 'n', 'e']",2832,2
2474,,CSATALGPLDEQYF,,,,,,0.00012983640612827837,None,subset_2.tsv,"['N', 'o', 'n', 'e']",2833,2
2675,,CSARKAGDVDEQYF,,,,,,0.00012983640612827837,None,subset_2.tsv,"['N', 'o', 'n', 'e']",2833,2
1981,,CSAHRQGRTYEQYF,,,,,,0.00012983640612827837,None,subset_2.tsv,"['N', 'o', 'n', 'e']",2834,2
2141,,CSARAKRTLYEQYF,,,,,,0.00012983640612827837,None,subset_2.tsv,"['N', 'o', 'n', 'e']",2834,2
2041,,CCHILAGTYNEQFF,,,,,,0.00012983640612827837,None,subset_2.tsv,"['N', 'o', 'n', 'e']",2835,4
2044,,CSALLAGGRNEQFF,,,,,,0.00012983640612827837,None,subset_2.tsv,"['N', 'o', 'n', 'e']",2835,4
2534,,CSVPLAGVYNEQFF,,,,,,0.00012983640612827837,None,subset_2.tsv,"['N', 'o', 'n', 'e']",2835,4
2629,,CSVEVSGSVNEQFF,,,,,,0.00012983640612827837,None,subset_2.tsv,"['N', 'o', 'n', 'e']",2835,4
2154,,CSAPSQSSYNEQFF,,,,,,0.00012983640612827837,None,subset_2.tsv,"['N', 'o', 'n', 'e']",2836,3
2545,,CSVKSYGGPNEQFF,,,,,,0.00012983640612827837,None,subset_2.tsv,"['N', 'o', 'n', 'e']",2836,3
2691,,CSARGPTSIDEQFF,,,,,,0.00012983640612827837,None,subset_2.tsv,"['N', 'o', 'n', 'e']",2836,3
5707,,CASRGTSGRDEQFF,,,,,,0.00012983640612827837,None,subset_2.tsv,"['N', 'o', 'n', 'e']",2837,2
5711,,CASRGTGGRNEQFF,,,,,,0.00012983640612827837,None,subset_2.tsv,"['N', 'o', 'n', 'e']",2837,2
2029,,CSAAGTSGINEQYF,,,,,,0.00012983640612827837,None,subset_2.tsv,"['N', 'o', 'n', 'e']",2838,3
2596,,CSVEGTSGRNEQFF,,,,,,0.00012983640612827837,None,subset_2.tsv,"['N', 'o', 'n', 'e']",2838,3
2801,,CSASLASGRDEQFF,,,,,,0.00012983640612827837,None,subset_2.tsv,"['N', 'o', 'n', 'e']",2838,3
1059,,CASSPRIHPDNEQFF,,,,,,0.00012983640612827837,None,subset_2.tsv,"['N', 'o', 'n', 'e']",2839,2
3401,,CASTPNEFPYNEQFF,,,,,,0.00012983640612827837,None,subset_2.tsv,"['N', 'o', 'n', 'e']",2839,2
2032,,CSAADSNLSYNEQFF,,,,,,0.00012983640612827837,None,subset_2.tsv,"['N', 'o', 'n', 'e']",2841,3
2062,,CSARDEPFSYNEQFF,,,,,,0.00012983640612827837,None,subset_2.tsv,"['N', 'o', 'n', 'e']",2841,3
2792,,CSASPRQVTYNEQFF,,,,,,0.00012983640612827837,None,subset_2.tsv,"['N', 'o', 'n', 'e']",2841,3
2710,,CSARDRRYYYNEQFF,,,,,,0.00012983640612827837,None,subset_2.tsv,"['N', 'o', 'n', 'e']",2842,2
2803,,CSASKRGHNYNEQFF,,,,,,0.00012983640612827837,None,subset_2.tsv,"['N', 'o', 'n', 'e']",2842,2
2502,,CSAWEGAEIYNEQFF,,,,,,0.00012983640612827837,None,subset_2.tsv,"['N', 'o', 'n', 'e']",2843,2
2557,,CSVVTSVDTPNEQFF,,,,,,0.00012983640612827837,None,subset_2.tsv,"['N', 'o', 'n', 'e']",2843,2
2043,,CSALISVSSYEQYF,,,,,,0.00012983640612827837,None,subset_2.tsv,"['N', 'o', 'n', 'e']",2844,3
2125,,CSAMTEFSSYEQYF,,,,,,0.00012983640612827837,None,subset_2.tsv,"['N', 'o', 'n', 'e']",2844,3
2744,,CSARDYLNSYEQYF,,,,,,0.00012983640612827837,None,subset_2.tsv,"['N', 'o', 'n', 'e']",2844,3
2658,,CSAREWAEFYEQYF,,,,,,0.00012983640612827837,None,subset_2.tsv,"['N', 'o', 'n', 'e']",2845,3
2821,,CSARPRQNLYEQYF,,,,,,0.00012983640612827837,None,subset_2.tsv,"['N', 'o', 'n', 'e']",2845,3
2839,,CSARPERELYEQYF,,,,,,0.00012983640612827837,None,subset_2.tsv,"['N', 'o', 'n', 'e']",2845,3
1974,,CSAIPQVRAHEQYF,,,,,,0.00012983640612827837,None,subset_2.tsv,"['N', 'o', 'n', 'e']",2846,2
2831,,CSARPTRTFNIQYF,,,,,,0.00012983640612827837,None,subset_2.tsv,"['N', 'o', 'n', 'e']",2846,2
2330,,CAVRLAGDNYNEQFF,,,,,,0.00012983640612827837,None,subset_2.tsv,"['N', 'o', 'n', 'e']",2849,2
2509,,CSATVQGSSYNEQFF,,,,,,0.00012983640612827837,None,subset_2.tsv,"['N', 'o', 'n', 'e']",2849,2
3429,,CASTIAGAPYNEQFF,,,,,,0.00012983640612827837,None,subset_2.tsv,"['N', 'o', 'n', 'e']",2850,2
3470,,CASTLAGSSYNEQFF,,,,,,0.00012983640612827837,None,subset_2.tsv,"['N', 'o', 'n', 'e']",2850,2
2348,,CATSRDRDSYNEQFF,,,,,,0.00012983640612827837,None,subset_2.tsv,"['N', 'o', 'n', 'e']",2851,3
4669,,CASSGDRDSYNEQFF,,,,,,0.00012983640612827837,None,subset_2.tsv,"['N', 'o', 'n', 'e']",2851,3
7122,,CASSKDTPSYNEQFF,,,,,,0.00012983640612827837,None,subset_2.tsv,"['N', 'o', 'n', 'e']",2851,3
2568,,CSVVGEPRTYNEQFF,,,,,,0.00012983640612827837,None,subset_2.tsv,"['N', 'o', 'n', 'e']",2852,2
2809,,CSASGPGLYYNEQFF,,,,,,0.00012983640612827837,None,subset_2.tsv,"['N', 'o', 'n', 'e']",2852,2
2251,,CATRGGDNLYNEQFF,,,,,,0.00012983640612827837,None,subset_2.tsv,"['N', 'o', 'n', 'e']",2854,4
2406,,CSSTGGGALLNEQFF,,,,,,0.00012983640612827837,None,subset_2.tsv,"['N', 'o', 'n', 'e']",2854,4
2524,,CSVRGGGISYNEQFF,,,,,,0.00012983640612827837,None,subset_2.tsv,"['N', 'o', 'n', 'e']",2854,4
3545,,CASTSGGPSYNEQFF,,,,,,0.00012983640612827837,None,subset_2.tsv,"['N', 'o', 'n', 'e']",2854,4
2871,,CSARSGTENTGELFF,,,,,,0.00012983640612827837,None,subset_2.tsv,"['N', 'o', 'n', 'e']",2855,2
5165,,CASGGGRANTGELFF,,,,,,0.00012983640612827837,None,subset_2.tsv,"['N', 'o', 'n', 'e']",2855,2
2433,,CSVDSGDTNTGELFF,,,,,,0.00012983640612827837,None,subset_2.tsv,"['N', 'o', 'n', 'e']",2856,2
2611,,CSVESGRVNTGELFF,,,,,,0.00012983640612827837,None,subset_2.tsv,"['N', 'o', 'n', 'e']",2856,2
12,,CASSQERGSYEQYF,,,,,,0.00025967281225655674,None,subset_2.tsv,"['N', 'o', 'n', 'e']",2858,3
1466,,CASSQEWSSYEQYF,,,,,,0.00012983640612827837,None,subset_2.tsv,"['N', 'o', 'n', 'e']",2858,3
1556,,CASSQEPATYEQYF,,,,,,0.00012983640612827837,None,subset_2.tsv,"['N', 'o', 'n', 'e']",2858,3
1783,,CASSQDGDSYEQYF,,,,,,0.00012983640612827837,None,subset_2.tsv,"['N', 'o', 'n', 'e']",2859,3
1795,,CASSQDDTTYEQYF,,,,,,0.00012983640612827837,None,subset_2.tsv,"['N', 'o', 'n', 'e']",2859,3
1906,,CASSQDRHFYEQYF,,,,,,0.00012983640612827837,None,subset_2.tsv,"['N', 'o', 'n', 'e']",2859,3
1464,,CASSQETSTYEQYF,,,,,,0.00012983640612827837,None,subset_2.tsv,"['N', 'o', 'n', 'e']",2860,3
1465,,CASSQETSAYEQYF,,,,,,0.00012983640612827837,None,subset_2.tsv,"['N', 'o', 'n', 'e']",2860,3
3087,,CASSYETGAYEQYF,,,,,,0.00012983640612827837,None,subset_2.tsv,"['N', 'o', 'n', 'e']",2860,3
1454,,CASSQEWGQYEQYF,,,,,,0.00012983640612827837,None,subset_2.tsv,"['N', 'o', 'n', 'e']",2861,2
1526,,CASSQERGQETQYF,,,,,,0.00012983640612827837,None,subset_2.tsv,"['N', 'o', 'n', 'e']",2861,2
1737,,CASSQDLGINEQYF,,,,,,0.00012983640612827837,None,subset_2.tsv,"['N', 'o', 'n', 'e']",2862,3
1816,,CASSQDTGIDEQYF,,,,,,0.00012983640612827837,None,subset_2.tsv,"['N', 'o', 'n', 'e']",2862,3
1910,,CASSQDRGILTQYF,,,,,,0.00012983640612827837,None,subset_2.tsv,"['N', 'o', 'n', 'e']",2862,3
2392,,CATSRERGSYEQYF,,,,,,0.00012983640612827837,None,subset_2.tsv,"['N', 'o', 'n', 'e']",2863,3
4110,,CASSDNWSSYEQYF,,,,,,0.00012983640612827837,None,subset_2.tsv,"['N', 'o', 'n', 'e']",2863,3
5498,,CASRDNRGSYEQYF,,,,,,0.00012983640612827837,None,subset_2.tsv,"['N', 'o', 'n', 'e']",2863,3
424,,CASSRDASSYEQYF,,,,,,0.00012983640612827837,None,subset_2.tsv,"['N', 'o', 'n', 'e']",2864,5
2973,,CASSWDRVLYEQYF,,,,,,0.00012983640612827837,None,subset_2.tsv,"['N', 'o', 'n', 'e']",2864,5
2977,,CASSWDLTSYEQYF,,,,,,0.00012983640612827837,None,subset_2.tsv,"['N', 'o', 'n', 'e']",2864,5
4021,,CASSFESSSYEQYF,,,,,,0.00012983640612827837,None,subset_2.tsv,"['N', 'o', 'n', 'e']",2864,5
5570,,CASNPDRSSYEQYF,,,,,,0.00012983640612827837,None,subset_2.tsv,"['N', 'o', 'n', 'e']",2864,5
3876,,CASSEYSDSYEQYF,,,,,,0.00012983640612827837,None,subset_2.tsv,"['N', 'o', 'n', 'e']",2865,2
5034,,CAISEDTRGYEQYF,,,,,,0.00012983640612827837,None,subset_2.tsv,"['N', 'o', 'n', 'e']",2865,2
702,,CASSTDSFSYEQYF,,,,,,0.00012983640612827837,None,subset_2.tsv,"['N', 'o', 'n', 'e']",2866,2
5458,,CASSADSPSYEQYF,,,,,,0.00012983640612827837,None,subset_2.tsv,"['N', 'o', 'n', 'e']",2866,2
4986,,CASKGDRGAYEQYF,,,,,,0.00012983640612827837,None,subset_2.tsv,"['N', 'o', 'n', 'e']",2868,3
5260,,CASRSDRGLYEQYF,,,,,,0.00012983640612827837,None,subset_2.tsv,"['N', 'o', 'n', 'e']",2868,3
5344,,CASRRDRGAYEQYF,,,,,,0.00012983640612827837,None,subset_2.tsv,"['N', 'o', 'n', 'e']",2868,3
97,,CASSRDRLGDEQYF,,,,,,0.00012983640612827837,None,subset_2.tsv,"['N', 'o', 'n', 'e']",2869,2
5431,,CASSADRGGDEQYF,,,,,,0.00012983640612827837,None,subset_2.tsv,"['N', 'o', 'n', 'e']",2869,2
6533,,CASSLVPRSYEQYF,,,,,,0.00012983640612827837,None,subset_2.tsv,"['N', 'o', 'n', 'e']",2870,4
6900,,CASSLDPGNYEQYF,,,,,,0.00012983640612827837,None,subset_2.tsv,"['N', 'o', 'n', 'e']",2870,4
7446,,CASSLEPSAYEQYF,,,,,,0.00012983640612827837,None,subset_2.tsv,"['N', 'o', 'n', 'e']",2870,4
7451,,CASSLEISSHEQFF,,,,,,0.00012983640612827837,None,subset_2.tsv,"['N', 'o', 'n', 'e']",2870,4
3146,,CASSVEAGPYEQYF,,,,,,0.00012983640612827837,None,subset_2.tsv,"['N', 'o', 'n', 'e']",2871,2
6796,,CASSLEAGAYEQYF,,,,,,0.00012983640612827837,None,subset_2.tsv,"['N', 'o', 'n', 'e']",2871,2
6593,,CASSNPTGIYEQYF,,,,,,0.00012983640612827837,None,subset_2.tsv,"['N', 'o', 'n', 'e']",2872,3
6600,,CASSNKWGRYEQYF,,,,,,0.00012983640612827837,None,subset_2.tsv,"['N', 'o', 'n', 'e']",2872,3
6809,,CASSLDSGAYEQYF,,,,,,0.00012983640612827837,None,subset_2.tsv,"['N', 'o', 'n', 'e']",2872,3
4661,,CASSGAVPTYEQYF,,,,,,0.00012983640612827837,None,subset_2.tsv,"['N', 'o', 'n', 'e']",2873,2
5099,,CACLGQGDGYEQYF,,,,,,0.00012983640612827837,None,subset_2.tsv,"['N', 'o', 'n', 'e']",2873,2
546,,CASSSWGDSYEQYF,,,,,,0.00012983640612827837,None,subset_2.tsv,"['N', 'o', 'n', 'e']",2874,2
971,,CASSSPGASWEQYF,,,,,,0.00012983640612827837,None,subset_2.tsv,"['N', 'o', 'n', 'e']",2874,2
262,,CASSRTGTSYEQYF,,,,,,0.00012983640612827837,None,subset_2.tsv,"['N', 'o', 'n', 'e']",2875,3
744,,CASSSIGTSYEQYF,,,,,,0.00012983640612827837,None,subset_2.tsv,"['N', 'o', 'n', 'e']",2875,3
3165,,CASSVEGTSYEQYF,,,,,,0.00012983640612827837,None,subset_2.tsv,"['N', 'o', 'n', 'e']",2875,3
5760,,CASSLTGFGYEQYF,,,,,,0.00012983640612827837,None,subset_2.tsv,"['N', 'o', 'n', 'e']",2876,3
5762,,CASSLTGESYEQYF,,,,,,0.00012983640612827837,None,subset_2.tsv,"['N', 'o', 'n', 'e']",2876,3
5900,,CASSLTSEGYEQYF,,,,,,0.00012983640612827837,None,subset_2.tsv,"['N', 'o', 'n', 'e']",2876,3
4437,,CASSHTSVLYEQYF,,,,,,0.00012983640612827837,None,subset_2.tsv,"['N', 'o', 'n', 'e']",2877,4
4491,,CASSHLKDGYEQYF,,,,,,0.00012983640612827837,None,subset_2.tsv,"['N', 'o', 'n', 'e']",2877,4
6556,,CASSMTSVSYEQYF,,,,,,0.00012983640612827837,None,subset_2.tsv,"['N', 'o', 'n', 'e']",2877,4
7088,,CASSITVDSYEQYF,,,,,,0.00012983640612827837,None,subset_2.tsv,"['N', 'o', 'n', 'e']",2877,4
2940,,CASSVTGVGNEQFF,,,,,,0.00012983640612827837,None,subset_2.tsv,"['N', 'o', 'n', 'e']",2878,2
4748,,CASSFTGAGNEQFF,,,,,,0.00012983640612827837,None,subset_2.tsv,"['N', 'o', 'n', 'e']",2878,2
2962,,CASSVTGEGNEQFF,,,,,,0.00012983640612827837,None,subset_2.tsv,"['N', 'o', 'n', 'e']",2879,5
5766,,CASSLTGDGTEAFF,,,,,,0.00012983640612827837,None,subset_2.tsv,"['N', 'o', 'n', 'e']",2879,5
5902,,CASSLTGQGNEQFF,,,,,,0.00012983640612827837,None,subset_2.tsv,"['N', 'o', 'n', 'e']",2879,5
5936,,CASSLTRESNEQFF,,,,,,0.00012983640612827837,None,subset_2.tsv,"['N', 'o', 'n', 'e']",2879,5
5973,,CASSLPGPGNEQFF,,,,,,0.00012983640612827837,None,subset_2.tsv,"['N', 'o', 'n', 'e']",2879,5
4527,,CASSHPSWGPEAFF,,,,,,0.00012983640612827837,None,subset_2.tsv,"['N', 'o', 'n', 'e']",2880,2
4564,,CASSFPSWGETQYF,,,,,,0.00012983640612827837,None,subset_2.tsv,"['N', 'o', 'n', 'e']",2880,2
635,,CASSTPGQGLEQYF,,,,,,0.00012983640612827837,None,subset_2.tsv,"['N', 'o', 'n', 'e']",2881,2
4641,,CASSFPGQGNEQYF,,,,,,0.00012983640612827837,None,subset_2.tsv,"['N', 'o', 'n', 'e']",2881,2
22,,CASSLAGDSYEQYF,,,,,,0.00025967281225655674,None,subset_2.tsv,"['N', 'o', 'n', 'e']",2883,3
1138,,CASSQAGQLYEQYF,,,,,,0.00012983640612827837,None,subset_2.tsv,"['N', 'o', 'n', 'e']",2883,3
4426,,CASSIAGYTYEQYF,,,,,,0.00012983640612827837,None,subset_2.tsv,"['N', 'o', 'n', 'e']",2883,3
5792,,CASSLSGSGYEQYF,,,,,,0.00012983640612827837,None,subset_2.tsv,"['N', 'o', 'n', 'e']",2884,3
5812,,CASSLSGWTYEQYF,,,,,,0.00012983640612827837,None,subset_2.tsv,"['N', 'o', 'n', 'e']",2884,3
6783,,CASSLAGTGYEQYF,,,,,,0.00012983640612827837,None,subset_2.tsv,"['N', 'o', 'n', 'e']",2884,3
6716,,CASSLATSSYEQYF,,,,,,0.00012983640612827837,None,subset_2.tsv,"['N', 'o', 'n', 'e']",2885,2
6789,,CASSLDTNSYEQYF,,,,,,0.00012983640612827837,None,subset_2.tsv,"['N', 'o', 'n', 'e']",2885,2
2001,,CAWSLPGLSYEQYF,,,,,,0.00012983640612827837,None,subset_2.tsv,"['N', 'o', 'n', 'e']",2886,5
2979,,CASSWDGAGNIQYF,,,,,,0.00012983640612827837,None,subset_2.tsv,"['N', 'o', 'n', 'e']",2886,5
3145,,CASSVDGAGYEQYF,,,,,,0.00012983640612827837,None,subset_2.tsv,"['N', 'o', 'n', 'e']",2886,5
5970,,CASSLPGSSYEQYF,,,,,,0.00012983640612827837,None,subset_2.tsv,"['N', 'o', 'n', 'e']",2886,5
6848,,CASSLDGSTYEQYF,,,,,,0.00012983640612827837,None,subset_2.tsv,"['N', 'o', 'n', 'e']",2886,5
160,,CASSSDGPLDEQFF,,,,,,0.00012983640612827837,None,subset_2.tsv,"['N', 'o', 'n', 'e']",2887,2
6856,,CASSLDGTLDEQYF,,,,,,0.00012983640612827837,None,subset_2.tsv,"['N', 'o', 'n', 'e']",2887,2
6476,,CASSLWGLGDEQYF,,,,,,0.00012983640612827837,None,subset_2.tsv,"['N', 'o', 'n', 'e']",2888,3
6621,,CASSLYGLGYEQYF,,,,,,0.00012983640612827837,None,subset_2.tsv,"['N', 'o', 'n', 'e']",2888,3
6870,,CASSLDGEGYEQYF,,,,,,0.00012983640612827837,None,subset_2.tsv,"['N', 'o', 'n', 'e']",2888,3
3990,,CASSFHGGREEKLFF,,,,,,0.00012983640612827837,None,subset_2.tsv,"['N', 'o', 'n', 'e']",2889,2
4430,,CASSHYRGLNEKLFF,,,,,,0.00012983640612827837,None,subset_2.tsv,"['N', 'o', 'n', 'e']",2889,2
640,,CASSTPGGGNEQFF,,,,,,0.00012983640612827837,None,subset_2.tsv,"['N', 'o', 'n', 'e']",2890,2
5615,,CASRLPGGSNEQFF,,,,,,0.00012983640612827837,None,subset_2.tsv,"['N', 'o', 'n', 'e']",2890,2
1445,,CASSPPPLINEQFF,,,,,,0.00012983640612827837,None,subset_2.tsv,"['N', 'o', 'n', 'e']",2891,3
4643,,CASSFPGLYNEQFF,,,,,,0.00012983640612827837,None,subset_2.tsv,"['N', 'o', 'n', 'e']",2891,3
4644,,CASSFPGLNYEQYF,,,,,,0.00012983640612827837,None,subset_2.tsv,"['N', 'o', 'n', 'e']",2891,3
3413,,CASTPPGTVYEQYF,,,,,,0.00012983640612827837,None,subset_2.tsv,"['N', 'o', 'n', 'e']",2892,3
4640,,CASSFPGTLNIQYF,,,,,,0.00012983640612827837,None,subset_2.tsv,"['N', 'o', 'n', 'e']",2892,3
5598,,CASPDDGELHEQYF,,,,,,0.00012983640612827837,None,subset_2.tsv,"['N', 'o', 'n', 'e']",2892,3
3118,,CASSVSGNSYEQYF,,,,,,0.00012983640612827837,None,subset_2.tsv,"['N', 'o', 'n', 'e']",2893,3
3199,,CASSTSRDTYEQYF,,,,,,0.00012983640612827837,None,subset_2.tsv,"['N', 'o', 'n', 'e']",2893,3
4744,,CASSFSGTNYEQYF,,,,,,0.00012983640612827837,None,subset_2.tsv,"['N', 'o', 'n', 'e']",2893,3
4141,,CASSASALSYEQYF,,,,,,0.00012983640612827837,None,subset_2.tsv,"['N', 'o', 'n', 'e']",2894,2
6658,,CASSMAAISYEQYF,,,,,,0.00012983640612827837,None,subset_2.tsv,"['N', 'o', 'n', 'e']",2894,2
2891,,CASSWGPILYEQYF,,,,,,0.00012983640612827837,None,subset_2.tsv,"['N', 'o', 'n', 'e']",2895,2
5157,,CASATGPLSYEQYF,,,,,,0.00012983640612827837,None,subset_2.tsv,"['N', 'o', 'n', 'e']",2895,2
595,,CASSSSGGGYEQYF,,,,,,0.00012983640612827837,None,subset_2.tsv,"['N', 'o', 'n', 'e']",2896,2
899,,CASSSRGGTYEQYF,,,,,,0.00012983640612827837,None,subset_2.tsv,"['N', 'o', 'n', 'e']",2896,2
222,,CASSRRGSSYEQYF,,,,,,0.00012983640612827837,None,subset_2.tsv,"['N', 'o', 'n', 'e']",2897,3
622,,CASSTAGGSYEQYF,,,,,,0.00012983640612827837,None,subset_2.tsv,"['N', 'o', 'n', 'e']",2897,3
626,,CASSTQGSSYEQYF,,,,,,0.00012983640612827837,None,subset_2.tsv,"['N', 'o', 'n', 'e']",2897,3
40,,CASSPTGSSYEQYF,,,,,,0.00025967281225655674,None,subset_2.tsv,"['N', 'o', 'n', 'e']",2898,2
5286,,CASRTTGGLYEQYF,,,,,,0.00012983640612827837,None,subset_2.tsv,"['N', 'o', 'n', 'e']",2898,2
4988,,CASKVAGRAYEQYF,,,,,,0.00012983640612827837,None,subset_2.tsv,"['N', 'o', 'n', 'e']",2899,3
5102,,CAIKTSGRAYEQYF,,,,,,0.00012983640612827837,None,subset_2.tsv,"['N', 'o', 'n', 'e']",2899,3
5655,,CASRPAGLAYEQYF,,,,,,0.00012983640612827837,None,subset_2.tsv,"['N', 'o', 'n', 'e']",2899,3
2337,,CATTDGGRSYEQYF,,,,,,0.00012983640612827837,None,subset_2.tsv,"['N', 'o', 'n', 'e']",2900,2
6238,,CASSPGGGGYEQYF,,,,,,0.00012983640612827837,None,subset_2.tsv,"['N', 'o', 'n', 'e']",2900,2
2515,,CSATPTGEGYEQYF,,,,,,0.00012983640612827837,None,subset_2.tsv,"['N', 'o', 'n', 'e']",2901,3
5320,,CASRPTGEGYEQYF,,,,,,0.00012983640612827837,None,subset_2.tsv,"['N', 'o', 'n', 'e']",2901,3
5524,,CASRETGEGYEQYF,,,,,,0.00012983640612827837,None,subset_2.tsv,"['N', 'o', 'n', 'e']",2901,3
3939,,CASSERDRGYEQYF,,,,,,0.00012983640612827837,None,subset_2.tsv,"['N', 'o', 'n', 'e']",2902,2
6250,,CASSPGDRGYEQYF,,,,,,0.00012983640612827837,None,subset_2.tsv,"['N', 'o', 'n', 'e']",2902,2
1023,,CASSPTDFSYEQYF,,,,,,0.00012983640612827837,None,subset_2.tsv,"['N', 'o', 'n', 'e']",2903,4
1048,,CASSPRPDGYEQYF,,,,,,0.00012983640612827837,None,subset_2.tsv,"['N', 'o', 'n', 'e']",2903,4
1214,,CASSPRGQSYEQYF,,,,,,0.00012983640612827837,None,subset_2.tsv,"['N', 'o', 'n', 'e']",2903,4
3608,,CASSYSDETYEQYF,,,,,,0.00012983640612827837,None,subset_2.tsv,"['N', 'o', 'n', 'e']",2903,4
3725,,CASSYVLQTYEQYF,,,,,,0.00012983640612827837,None,subset_2.tsv,"['N', 'o', 'n', 'e']",2904,2
4507,,CASSHIRESYEQYF,,,,,,0.00012983640612827837,None,subset_2.tsv,"['N', 'o', 'n', 'e']",2904,2
3033,,CASSYLGQGYEQYF,,,,,,0.00012983640612827837,None,subset_2.tsv,"['N', 'o', 'n', 'e']",2905,4
3732,,CASSYVGESYEQYF,,,,,,0.00012983640612827837,None,subset_2.tsv,"['N', 'o', 'n', 'e']",2905,4
3836,,CASSEVGPGYEQYF,,,,,,0.00012983640612827837,None,subset_2.tsv,"['N', 'o', 'n', 'e']",2905,4
3945,,CASSEQGPSYEQYF,,,,,,0.00012983640612827837,None,subset_2.tsv,"['N', 'o', 'n', 'e']",2905,4
3645,,CASSYSGQGDEQYF,,,,,,0.00012983640612827837,None,subset_2.tsv,"['N', 'o', 'n', 'e']",2906,2
5784,,CASSLSGQGFEQYF,,,,,,0.00012983640612827837,None,subset_2.tsv,"['N', 'o', 'n', 'e']",2906,2
1269,,CASSPMGVGPEQYF,,,,,,0.00012983640612827837,None,subset_2.tsv,"['N', 'o', 'n', 'e']",2907,5
1321,,CASSPKGQGFEQYF,,,,,,0.00012983640612827837,None,subset_2.tsv,"['N', 'o', 'n', 'e']",2907,5
3240,,CASSVMGQGYEQYF,,,,,,0.00012983640612827837,None,subset_2.tsv,"['N', 'o', 'n', 'e']",2907,5
4118,,CASSDLGQGHEQYF,,,,,,0.00012983640612827837,None,subset_2.tsv,"['N', 'o', 'n', 'e']",2907,5
4556,,CASSFQGLGYEQYF,,,,,,0.00012983640612827837,None,subset_2.tsv,"['N', 'o', 'n', 'e']",2907,5
3496,,CASYSGGAFYEQYF,,,,,,0.00012983640612827837,None,subset_2.tsv,"['N', 'o', 'n', 'e']",2908,2
7607,,CASSLGGNFYEQYF,,,,,,0.00012983640612827837,None,subset_2.tsv,"['N', 'o', 'n', 'e']",2908,2
825,,CASSSGGDLYEQYF,,,,,,0.00012983640612827837,None,subset_2.tsv,"['N', 'o', 'n', 'e']",2909,4
3308,,CASSVGGPTYEQYF,,,,,,0.00012983640612827837,None,subset_2.tsv,"['N', 'o', 'n', 'e']",2909,4
7563,,CASSLGGHSYEQYF,,,,,,0.00012983640612827837,None,subset_2.tsv,"['N', 'o', 'n', 'e']",2909,4
7574,,CASSLGGFSYEQYF,,,,,,0.00012983640612827837,None,subset_2.tsv,"['N', 'o', 'n', 'e']",2909,4
6589,,CASSNRGPLDEQYF,,,,,,0.00012983640612827837,None,subset_2.tsv,"['N', 'o', 'n', 'e']",2910,2
7602,,CASSLGGPLVEQYF,,,,,,0.00012983640612827837,None,subset_2.tsv,"['N', 'o', 'n', 'e']",2910,2
7599,,CASSLGGPYNEQFF,,,,,,0.00012983640612827837,None,subset_2.tsv,"['N', 'o', 'n', 'e']",2911,2
7601,,CASSLGGPPVNEQFF,,,,,,0.00012983640612827837,None,subset_2.tsv,"['N', 'o', 'n', 'e']",2911,2
892,,CASSSRGYPYEQYF,,,,,,0.00012983640612827837,None,subset_2.tsv,"['N', 'o', 'n', 'e']",2912,3
897,,CASSSRGPPYNEQFF,,,,,,0.00012983640612827837,None,subset_2.tsv,"['N', 'o', 'n', 'e']",2912,3
6174,,CASSLRGNFYNEQFF,,,,,,0.00012983640612827837,None,subset_2.tsv,"['N', 'o', 'n', 'e']",2912,3
754,,CASSSHGEPYEQYF,,,,,,0.00012983640612827837,None,subset_2.tsv,"['N', 'o', 'n', 'e']",2913,4
4396,,CASSGPRDPYEQYF,,,,,,0.00012983640612827837,None,subset_2.tsv,"['N', 'o', 'n', 'e']",2913,4
5551,,CASNSFGQPYEQYF,,,,,,0.00012983640612827837,None,subset_2.tsv,"['N', 'o', 'n', 'e']",2913,4
7393,,CASSLFGQPYEQYF,,,,,,0.00012983640612827837,None,subset_2.tsv,"['N', 'o', 'n', 'e']",2913,4
5785,,CASSLSGTQYEQYF,,,,,,0.00012983640612827837,None,subset_2.tsv,"['N', 'o', 'n', 'e']",2914,7
5905,,CASSLTGTPHEQYF,,,,,,0.00012983640612827837,None,subset_2.tsv,"['N', 'o', 'n', 'e']",2914,7
5907,,CASSLTGTAYEQYF,,,,,,0.00012983640612827837,None,subset_2.tsv,"['N', 'o', 'n', 'e']",2914,7
5910,,CASSLTGRAYEQYF,,,,,,0.00012983640612827837,None,subset_2.tsv,"['N', 'o', 'n', 'e']",2914,7
5937,,CASSLTRAAYEQYF,,,,,,0.00012983640612827837,None,subset_2.tsv,"['N', 'o', 'n', 'e']",2914,7
6177,,CASSLRGGQYEQYF,,,,,,0.00012983640612827837,None,subset_2.tsv,"['N', 'o', 'n', 'e']",2914,7
7318,,CASSLKDRQYEQYF,,,,,,0.00012983640612827837,None,subset_2.tsv,"['N', 'o', 'n', 'e']",2914,7
5934,,CASSLTRQDYEQYF,,,,,,0.00012983640612827837,None,subset_2.tsv,"['N', 'o', 'n', 'e']",2915,3
6056,,CASSLNRIIYEQYF,,,,,,0.00012983640612827837,None,subset_2.tsv,"['N', 'o', 'n', 'e']",2915,3
6143,,CASSLQVNIYEQYF,,,,,,0.00012983640612827837,None,subset_2.tsv,"['N', 'o', 'n', 'e']",2915,3
170,,CASSSALGPYEQYF,,,,,,0.00012983640612827837,None,subset_2.tsv,"['N', 'o', 'n', 'e']",2916,2
6490,,CASSLVRGDYEQYF,,,,,,0.00012983640612827837,None,subset_2.tsv,"['N', 'o', 'n', 'e']",2916,2
174,,CASSSAGTDHEQYF,,,,,,0.00012983640612827837,None,subset_2.tsv,"['N', 'o', 'n', 'e']",2917,2
178,,CASSSAGADYEQYF,,,,,,0.00012983640612827837,None,subset_2.tsv,"['N', 'o', 'n', 'e']",2917,2
3221,,CASSVAGVFYEQYF,,,,,,0.00012983640612827837,None,subset_2.tsv,"['N', 'o', 'n', 'e']",2918,3
4427,,CASSIAGVQYEQYF,,,,,,0.00012983640612827837,None,subset_2.tsv,"['N', 'o', 'n', 'e']",2918,3
6747,,CASSLAGLHYEQYF,,,,,,0.00012983640612827837,None,subset_2.tsv,"['N', 'o', 'n', 'e']",2918,3
708,,CASSTASAPETQYF,,,,,,0.00012983640612827837,None,subset_2.tsv,"['N', 'o', 'n', 'e']",2919,3
3389,,CASTRALYQETQYF,,,,,,0.00012983640612827837,None,subset_2.tsv,"['N', 'o', 'n', 'e']",2919,3
5087,,CAGRRAGWQETQYF,,,,,,0.00012983640612827837,None,subset_2.tsv,"['N', 'o', 'n', 'e']",2919,3
38,,CASSRQGSQETQYF,,,,,,0.00025967281225655674,None,subset_2.tsv,"['N', 'o', 'n', 'e']",2920,3
2341,,CATSRVKGIETQYF,,,,,,0.00012983640612827837,None,subset_2.tsv,"['N', 'o', 'n', 'e']",2920,3
3510,,CATQREGAMETQYF,,,,,,0.00012983640612827837,None,subset_2.tsv,"['N', 'o', 'n', 'e']",2920,3
2519,,CSATLQGQPDTQYF,,,,,,0.00012983640612827837,None,subset_2.tsv,"['N', 'o', 'n', 'e']",2921,2
2561,,CSVVNTGVWDTQYF,,,,,,0.00012983640612827837,None,subset_2.tsv,"['N', 'o', 'n', 'e']",2921,2
2108,,CSAPGTGNQETQYF,,,,,,0.00012983640612827837,None,subset_2.tsv,"['N', 'o', 'n', 'e']",2922,2
3528,,CATLAGGNQETQYF,,,,,,0.00012983640612827837,None,subset_2.tsv,"['N', 'o', 'n', 'e']",2922,2
2162,,CAWSDGAAEETQYF,,,,,,0.00012983640612827837,None,subset_2.tsv,"['N', 'o', 'n', 'e']",2925,3
2385,,CATSRGQVDYTQYF,,,,,,0.00012983640612827837,None,subset_2.tsv,"['N', 'o', 'n', 'e']",2925,3
3258,,CASSVGWAEETQYF,,,,,,0.00012983640612827837,None,subset_2.tsv,"['N', 'o', 'n', 'e']",2925,3
190,,CASSSGADQETQYF,,,,,,0.00012983640612827837,None,subset_2.tsv,"['N', 'o', 'n', 'e']",2926,2
942,,CASSSLSAQETQYF,,,,,,0.00012983640612827837,None,subset_2.tsv,"['N', 'o', 'n', 'e']",2926,2
5236,,CASAATVAKNIQYF,,,,,,0.00012983640612827837,None,subset_2.tsv,"['N', 'o', 'n', 'e']",2927,2
5370,,CASSAGVAKNIQYF,,,,,,0.00012983640612827837,None,subset_2.tsv,"['N', 'o', 'n', 'e']",2927,2
667,,CASSTRNIQETQYF,,,,,,0.00012983640612827837,None,subset_2.tsv,"['N', 'o', 'n', 'e']",2928,4
909,,CASSSRDQPETQYF,,,,,,0.00012983640612827837,None,subset_2.tsv,"['N', 'o', 'n', 'e']",2928,4
4165,,CASSAWDSQETQYF,,,,,,0.00012983640612827837,None,subset_2.tsv,"['N', 'o', 'n', 'e']",2928,4
4326,,CASSGSYVQETQYF,,,,,,0.00012983640612827837,None,subset_2.tsv,"['N', 'o', 'n', 'e']",2928,4
3319,,CASSVGGEQETQYF,,,,,,0.00012983640612827837,None,subset_2.tsv,"['N', 'o', 'n', 'e']",2929,2
7598,,CASSLGGQEETQYF,,,,,,0.00012983640612827837,None,subset_2.tsv,"['N', 'o', 'n', 'e']",2929,2
3869,,CASSFAGTQETQYF,,,,,,0.00012983640612827837,None,subset_2.tsv,"['N', 'o', 'n', 'e']",2930,3
5793,,CASSLSGRQETQYF,,,,,,0.00012983640612827837,None,subset_2.tsv,"['N', 'o', 'n', 'e']",2930,3
7378,,CASSLEGREETQYF,,,,,,0.00012983640612827837,None,subset_2.tsv,"['N', 'o', 'n', 'e']",2930,3
244,,CASSRWRAGNTIYF,,,,,,0.00012983640612827837,None,subset_2.tsv,"['N', 'o', 'n', 'e']",2931,2
5376,,CASSAKGLGNTIYF,,,,,,0.00012983640612827837,None,subset_2.tsv,"['N', 'o', 'n', 'e']",2931,2
6472,,CASSLWGSGNTIYF,,,,,,0.00012983640612827837,None,subset_2.tsv,"['N', 'o', 'n', 'e']",2932,2
7463,,CASSLEGSGNTIYF,,,,,,0.00012983640612827837,None,subset_2.tsv,"['N', 'o', 'n', 'e']",2932,2
861,,CASSSQGLGNTIYF,,,,,,0.00012983640612827837,None,subset_2.tsv,"['N', 'o', 'n', 'e']",2933,3
887,,CASSSQGVGNTIYF,,,,,,0.00012983640612827837,None,subset_2.tsv,"['N', 'o', 'n', 'e']",2933,3
6159,,CASSLQGIGNTIYF,,,,,,0.00012983640612827837,None,subset_2.tsv,"['N', 'o', 'n', 'e']",2933,3
2959,,CASSVTGHGNTIYF,,,,,,0.00012983640612827837,None,subset_2.tsv,"['N', 'o', 'n', 'e']",2934,3
4184,,CASSATGDGETQYF,,,,,,0.00012983640612827837,None,subset_2.tsv,"['N', 'o', 'n', 'e']",2934,3
6560,,CASSMTGAGNTIYF,,,,,,0.00012983640612827837,None,subset_2.tsv,"['N', 'o', 'n', 'e']",2934,3
1094,,CASSPTGIGNTIYF,,,,,,0.00012983640612827837,None,subset_2.tsv,"['N', 'o', 'n', 'e']",2935,2
1387,,CASSPRDLGNTIYF,,,,,,0.00012983640612827837,None,subset_2.tsv,"['N', 'o', 'n', 'e']",2935,2
565,,CASSSRTAGNTIYF,,,,,,0.00012983640612827837,None,subset_2.tsv,"['N', 'o', 'n', 'e']",2936,3
3541,,CASTSGTPTNIQYF,,,,,,0.00012983640612827837,None,subset_2.tsv,"['N', 'o', 'n', 'e']",2936,3
4695,,CASSGGTDGNTIYF,,,,,,0.00012983640612827837,None,subset_2.tsv,"['N', 'o', 'n', 'e']",2936,3
6114,,CASSLSGAGNTIYF,,,,,,0.00012983640612827837,None,subset_2.tsv,"['N', 'o', 'n', 'e']",2937,2
7185,,CASSLGTTGNTIYF,,,,,,0.00012983640612827837,None,subset_2.tsv,"['N', 'o', 'n', 'e']",2937,2
3054,,CASSYGVSGNTIYF,,,,,,0.00012983640612827837,None,subset_2.tsv,"['N', 'o', 'n', 'e']",2938,3
3101,,CASSYGGAGNTIYF,,,,,,0.00012983640612827837,None,subset_2.tsv,"['N', 'o', 'n', 'e']",2938,3
5469,,CASSAGFSGNTIYF,,,,,,0.00012983640612827837,None,subset_2.tsv,"['N', 'o', 'n', 'e']",2938,3
7518,,CASSLGGVTDTQYF,,,,,,0.00012983640612827837,None,subset_2.tsv,"['N', 'o', 'n', 'e']",2939,3
7591,,CASSLGGRSDTQYF,,,,,,0.00012983640612827837,None,subset_2.tsv,"['N', 'o', 'n', 'e']",2939,3
7600,,CASSLGGPTDTQYF,,,,,,0.00012983640612827837,None,subset_2.tsv,"['N', 'o', 'n', 'e']",2939,3
617,,CASSSSGSTDTQYF,,,,,,0.00012983640612827837,None,subset_2.tsv,"['N', 'o', 'n', 'e']",2940,4
819,,CASSSGGSTDTQYF,,,,,,0.00012983640612827837,None,subset_2.tsv,"['N', 'o', 'n', 'e']",2940,4
826,,CASSSGGARETQYF,,,,,,0.00012983640612827837,None,subset_2.tsv,"['N', 'o', 'n', 'e']",2940,4
4707,,CASSGGGPTDTQYF,,,,,,0.00012983640612827837,None,subset_2.tsv,"['N', 'o', 'n', 'e']",2940,4
5747,,CASSLSRSTDTQYF,,,,,,0.00012983640612827837,None,subset_2.tsv,"['N', 'o', 'n', 'e']",2941,4
6084,,CASSLRTGTDTQYF,,,,,,0.00012983640612827837,None,subset_2.tsv,"['N', 'o', 'n', 'e']",2941,4
6096,,CASSLRRVRETQYF,,,,,,0.00012983640612827837,None,subset_2.tsv,"['N', 'o', 'n', 'e']",2941,4
7186,,CASSLGTSSDTQYF,,,,,,0.00012983640612827837,None,subset_2.tsv,"['N', 'o', 'n', 'e']",2941,4
3222,,CASSVAGTTDTQYF,,,,,,0.00012983640612827837,None,subset_2.tsv,"['N', 'o', 'n', 'e']",2943,5
5922,,CASSLTGLGDTQYF,,,,,,0.00012983640612827837,None,subset_2.tsv,"['N', 'o', 'n', 'e']",2943,5
6028,,CASSLMGFSDTQYF,,,,,,0.00012983640612827837,None,subset_2.tsv,"['N', 'o', 'n', 'e']",2943,5
6615,,CASSLYGVGDTQYF,,,,,,0.00012983640612827837,None,subset_2.tsv,"['N', 'o', 'n', 'e']",2943,5
6746,,CASSLAGLLDTQYF,,,,,,0.00012983640612827837,None,subset_2.tsv,"['N', 'o', 'n', 'e']",2943,5
6616,,CASSLYGVADTQYF,,,,,,0.00012983640612827837,None,subset_2.tsv,"['N', 'o', 'n', 'e']",2944,4
6813,,CASSLDRTRETQYF,,,,,,0.00012983640612827837,None,subset_2.tsv,"['N', 'o', 'n', 'e']",2944,4
6860,,CASSLDGSVETQYF,,,,,,0.00012983640612827837,None,subset_2.tsv,"['N', 'o', 'n', 'e']",2944,4
6880,,CASSLDRHADTQYF,,,,,,0.00012983640612827837,None,subset_2.tsv,"['N', 'o', 'n', 'e']",2944,4
5911,,CASSLTGQVETQYF,,,,,,0.00012983640612827837,None,subset_2.tsv,"['N', 'o', 'n', 'e']",2945,3
6465,,CASSLWREAETQYF,,,,,,0.00012983640612827837,None,subset_2.tsv,"['N', 'o', 'n', 'e']",2945,3
6515,,CASSLVGQAETQYF,,,,,,0.00012983640612827837,None,subset_2.tsv,"['N', 'o', 'n', 'e']",2945,3
6145,,CASSLQTIIDTQYF,,,,,,0.00012983640612827837,None,subset_2.tsv,"['N', 'o', 'n', 'e']",2946,3
6492,,CASSLWTEILTQYF,,,,,,0.00012983640612827837,None,subset_2.tsv,"['N', 'o', 'n', 'e']",2946,3
6495,,CASSLVGVKDTQYF,,,,,,0.00012983640612827837,None,subset_2.tsv,"['N', 'o', 'n', 'e']",2946,3
326,,CASSQPRCTDTQYF,,,,,,0.00012983640612827837,None,subset_2.tsv,"['N', 'o', 'n', 'e']",2947,3
1545,,CASSQERETDTQYF,,,,,,0.00012983640612827837,None,subset_2.tsv,"['N', 'o', 'n', 'e']",2947,3
3878,,CASSEYPYTDTQYF,,,,,,0.00012983640612827837,None,subset_2.tsv,"['N', 'o', 'n', 'e']",2947,3
7337,,CASSLHRATDTQYF,,,,,,0.00012983640612827837,None,subset_2.tsv,"['N', 'o', 'n', 'e']",2948,2
7440,,CASSLERATDTQYF,,,,,,0.00012983640612827837,None,subset_2.tsv,"['N', 'o', 'n', 'e']",2948,2
1551,,CASSQEPLTDTQYF,,,,,,0.00012983640612827837,None,subset_2.tsv,"['N', 'o', 'n', 'e']",2949,2
5893,,CASSLVDNTDTQYF,,,,,,0.00012983640612827837,None,subset_2.tsv,"['N', 'o', 'n', 'e']",2949,2
342,,CASSQKLDRETQYF,,,,,,0.00012983640612827837,None,subset_2.tsv,"['N', 'o', 'n', 'e']",2950,2
1506,,CASSQFLDRDEQYF,,,,,,0.00012983640612827837,None,subset_2.tsv,"['N', 'o', 'n', 'e']",2950,2
304,,CASSQTAFQETQYF,,,,,,0.00012983640612827837,None,subset_2.tsv,"['N', 'o', 'n', 'e']",2951,3
5777,,CASSLTAAEWTQYF,,,,,,0.00012983640612827837,None,subset_2.tsv,"['N', 'o', 'n', 'e']",2951,3
6602,,CASSNILAQETQYF,,,,,,0.00012983640612827837,None,subset_2.tsv,"['N', 'o', 'n', 'e']",2951,3
3066,,CASSYDRVKNIQYF,,,,,,0.00012983640612827837,None,subset_2.tsv,"['N', 'o', 'n', 'e']",2952,2
4199,,CASSEDRVENIQYF,,,,,,0.00012983640612827837,None,subset_2.tsv,"['N', 'o', 'n', 'e']",2952,2
3119,,CASSVDPAQETQYF,,,,,,0.00012983640612827837,None,subset_2.tsv,"['N', 'o', 'n', 'e']",2953,2
4029,,CASSFDRYQETQYF,,,,,,0.00012983640612827837,None,subset_2.tsv,"['N', 'o', 'n', 'e']",2953,2
1327,,CASSPKGAEETQYF,,,,,,0.00012983640612827837,None,subset_2.tsv,"['N', 'o', 'n', 'e']",2954,3
1424,,CASSPQGFQETQYF,,,,,,0.00012983640612827837,None,subset_2.tsv,"['N', 'o', 'n', 'e']",2954,3
7048,,CASSKQGFEETQYF,,,,,,0.00012983640612827837,None,subset_2.tsv,"['N', 'o', 'n', 'e']",2954,3
2335,,CATTPEGAPYEQYF,,,,,,0.00012983640612827837,None,subset_2.tsv,"['N', 'o', 'n', 'e']",2955,2
4197,,CASSEEGPPWEQYF,,,,,,0.00012983640612827837,None,subset_2.tsv,"['N', 'o', 'n', 'e']",2955,2
1527,,CASSQEGERNTIYF,,,,,,0.00012983640612827837,None,subset_2.tsv,"['N', 'o', 'n', 'e']",2956,3
7096,,CASSITGEQETQYF,,,,,,0.00012983640612827837,None,subset_2.tsv,"['N', 'o', 'n', 'e']",2956,3
7135,,CASSIWGDKNIQYF,,,,,,0.00012983640612827837,None,subset_2.tsv,"['N', 'o', 'n', 'e']",2956,3
4853,,CASGPHGPKETQYF,,,,,,0.00012983640612827837,None,subset_2.tsv,"['N', 'o', 'n', 'e']",2957,2
5329,,CASRPRGYDETQYF,,,,,,0.00012983640612827837,None,subset_2.tsv,"['N', 'o', 'n', 'e']",2957,2
1199,,CASSPTWNQETQYF,,,,,,0.00012983640612827837,None,subset_2.tsv,"['N', 'o', 'n', 'e']",2958,2
5520,,CASRETRNQETQYF,,,,,,0.00012983640612827837,None,subset_2.tsv,"['N', 'o', 'n', 'e']",2958,2
1137,,CASSQAGRVVTQYF,,,,,,0.00012983640612827837,None,subset_2.tsv,"['N', 'o', 'n', 'e']",2959,2
1142,,CASSQAGGLFEQYF,,,,,,0.00012983640612827837,None,subset_2.tsv,"['N', 'o', 'n', 'e']",2959,2
1133,,CASSQAGVTDTQYF,,,,,,0.00012983640612827837,None,subset_2.tsv,"['N', 'o', 'n', 'e']",2960,5
2170,,CATSEVGSTDTQYF,,,,,,0.00012983640612827837,None,subset_2.tsv,"['N', 'o', 'n', 'e']",2960,5
3390,,CASTQQGAADTQYF,,,,,,0.00012983640612827837,None,subset_2.tsv,"['N', 'o', 'n', 'e']",2960,5
3893,,CASSEKGGRETQYF,,,,,,0.00012983640612827837,None,subset_2.tsv,"['N', 'o', 'n', 'e']",2960,5
5139,,CASEEQGGLETQYF,,,,,,0.00012983640612827837,None,subset_2.tsv,"['N', 'o', 'n', 'e']",2960,5
1189,,CASSPVGGTDTQYF,,,,,,0.00012983640612827837,None,subset_2.tsv,"['N', 'o', 'n', 'e']",2961,4
3731,,CASSYVGGADTQYF,,,,,,0.00012983640612827837,None,subset_2.tsv,"['N', 'o', 'n', 'e']",2961,4
3891,,CASSESGGAETQYF,,,,,,0.00012983640612827837,None,subset_2.tsv,"['N', 'o', 'n', 'e']",2961,4
4448,,CASSHSGGTDTQYF,,,,,,0.00012983640612827837,None,subset_2.tsv,"['N', 'o', 'n', 'e']",2961,4
1018,,CASSPTGARDTQYF,,,,,,0.00012983640612827837,None,subset_2.tsv,"['N', 'o', 'n', 'e']",2962,4
1212,,CASSPRGRADTQYF,,,,,,0.00012983640612827837,None,subset_2.tsv,"['N', 'o', 'n', 'e']",2962,4
3888,,CASSEWGTADTQYF,,,,,,0.00012983640612827837,None,subset_2.tsv,"['N', 'o', 'n', 'e']",2962,4
7043,,CASSKRGVRWAQYF,,,,,,0.00012983640612827837,None,subset_2.tsv,"['N', 'o', 'n', 'e']",2962,4
1452,,CASSQETSTDTQYF,,,,,,0.00012983640612827837,None,subset_2.tsv,"['N', 'o', 'n', 'e']",2963,4
1817,,CASSQDTARDTQYF,,,,,,0.00012983640612827837,None,subset_2.tsv,"['N', 'o', 'n', 'e']",2963,4
3885,,CASSEWTSFDTQYF,,,,,,0.00012983640612827837,None,subset_2.tsv,"['N', 'o', 'n', 'e']",2963,4
6205,,CASSPETSTDTQYF,,,,,,0.00012983640612827837,None,subset_2.tsv,"['N', 'o', 'n', 'e']",2963,4
299,,CASSQRTSAETQYF,,,,,,0.00012983640612827837,None,subset_2.tsv,"['N', 'o', 'n', 'e']",2964,5
1077,,CASSPRTSDETQYF,,,,,,0.00012983640612827837,None,subset_2.tsv,"['N', 'o', 'n', 'e']",2964,5
4036,,CASSFATGWETQYF,,,,,,0.00012983640612827837,None,subset_2.tsv,"['N', 'o', 'n', 'e']",2964,5
4585,,CASSFRTAQETQYF,,,,,,0.00012983640612827837,None,subset_2.tsv,"['N', 'o', 'n', 'e']",2964,5
5604,,CASRFRTLQETQYF,,,,,,0.00012983640612827837,None,subset_2.tsv,"['N', 'o', 'n', 'e']",2964,5
3135,,CASSVDGVTDTQYF,,,,,,0.00012983640612827837,None,subset_2.tsv,"['N', 'o', 'n', 'e']",2965,5
3166,,CASSVEGSTDTQYF,,,,,,0.00012983640612827837,None,subset_2.tsv,"['N', 'o', 'n', 'e']",2965,5
3534,,CASVNIGSTDTQYF,,,,,,0.00012983640612827837,None,subset_2.tsv,"['N', 'o', 'n', 'e']",2965,5
4939,,CASNFQGLTDTQYF,,,,,,0.00012983640612827837,None,subset_2.tsv,"['N', 'o', 'n', 'e']",2965,5
7047,,CASSKQGSTDTQYF,,,,,,0.00012983640612827837,None,subset_2.tsv,"['N', 'o', 'n', 'e']",2965,5
80,,CASSRLTSTDTQYF,,,,,,0.00012983640612827837,None,subset_2.tsv,"['N', 'o', 'n', 'e']",2966,4
428,,CASSRARGTDTQYF,,,,,,0.00012983640612827837,None,subset_2.tsv,"['N', 'o', 'n', 'e']",2966,4
4142,,CASSARTSTDTQYF,,,,,,0.00012983640612827837,None,subset_2.tsv,"['N', 'o', 'n', 'e']",2966,4
5429,,CASSAAGSTDTQYF,,,,,,0.00012983640612827837,None,subset_2.tsv,"['N', 'o', 'n', 'e']",2966,4
3153,,CASSVFGGGETQYF,,,,,,0.00012983640612827837,None,subset_2.tsv,"['N', 'o', 'n', 'e']",2967,3
7363,,CASSLIPGGREQYF,,,,,,0.00012983640612827837,None,subset_2.tsv,"['N', 'o', 'n', 'e']",2967,3
7476,,CASSLEWGGETQYF,,,,,,0.00012983640612827837,None,subset_2.tsv,"['N', 'o', 'n', 'e']",2967,3
6660,,CASSLYVGADTQYF,,,,,,0.00012983640612827837,None,subset_2.tsv,"['N', 'o', 'n', 'e']",2968,2
6665,,CASSLYRGADTQYF,,,,,,0.00012983640612827837,None,subset_2.tsv,"['N', 'o', 'n', 'e']",2968,2
3251,,CASSVKGGPDTQYF,,,,,,0.00012983640612827837,None,subset_2.tsv,"['N', 'o', 'n', 'e']",2969,3
6480,,CASSLWGGADTQYF,,,,,,0.00012983640612827837,None,subset_2.tsv,"['N', 'o', 'n', 'e']",2969,3
7321,,CASSLIGGTDTQYF,,,,,,0.00012983640612827837,None,subset_2.tsv,"['N', 'o', 'n', 'e']",2969,3
105,,CASSRPGGTKTQYF,,,,,,0.00012983640612827837,None,subset_2.tsv,"['N', 'o', 'n', 'e']",2970,4
966,,CASSSPGGMETQYF,,,,,,0.00012983640612827837,None,subset_2.tsv,"['N', 'o', 'n', 'e']",2970,4
4393,,CASSGPGGVDEQYF,,,,,,0.00012983640612827837,None,subset_2.tsv,"['N', 'o', 'n', 'e']",2970,4
5673,,CASRGPGGTDTQYF,,,,,,0.00012983640612827837,None,subset_2.tsv,"['N', 'o', 'n', 'e']",2970,4
523,,CASSSTGSTDTQYF,,,,,,0.00012983640612827837,None,subset_2.tsv,"['N', 'o', 'n', 'e']",2971,4
532,,CASSSTGGKETQYF,,,,,,0.00012983640612827837,None,subset_2.tsv,"['N', 'o', 'n', 'e']",2971,4
620,,CASSSSGGQETQYF,,,,,,0.00012983640612827837,None,subset_2.tsv,"['N', 'o', 'n', 'e']",2971,4
901,,CASSSRGGQETQYF,,,,,,0.00012983640612827837,None,subset_2.tsv,"['N', 'o', 'n', 'e']",2971,4
306,,CASSQSYGTDTQYF,,,,,,0.00012983640612827837,None,subset_2.tsv,"['N', 'o', 'n', 'e']",2972,3
405,,CASSQVQGTDTQYF,,,,,,0.00012983640612827837,None,subset_2.tsv,"['N', 'o', 'n', 'e']",2972,3
477,,CASSQVEGLETQYF,,,,,,0.00012983640612827837,None,subset_2.tsv,"['N', 'o', 'n', 'e']",2972,3
352,,CASSQIAGGDIQYF,,,,,,0.00012983640612827837,None,subset_2.tsv,"['N', 'o', 'n', 'e']",2973,2
6530,,CASSLVQGGETQYF,,,,,,0.00012983640612827837,None,subset_2.tsv,"['N', 'o', 'n', 'e']",2973,2
3382,,CASTLVPSTDTQYF,,,,,,0.00012983640612827837,None,subset_2.tsv,"['N', 'o', 'n', 'e']",2974,2
5215,,CAISLAISTDTQYF,,,,,,0.00012983640612827837,None,subset_2.tsv,"['N', 'o', 'n', 'e']",2974,2
5849,,CASSLTWGNGELFF,,,,,,0.00012983640612827837,None,subset_2.tsv,"['N', 'o', 'n', 'e']",2976,2
5944,,CASSLTPGTDTQYF,,,,,,0.00012983640612827837,None,subset_2.tsv,"['N', 'o', 'n', 'e']",2976,2
2968,,CASSVVLSTDTQYF,,,,,,0.00012983640612827837,None,subset_2.tsv,"['N', 'o', 'n', 'e']",2977,4
4929,,CASNLLSRTDTQYF,,,,,,0.00012983640612827837,None,subset_2.tsv,"['N', 'o', 'n', 'e']",2977,4
5249,,CASNLLVATDTQYF,,,,,,0.00012983640612827837,None,subset_2.tsv,"['N', 'o', 'n', 'e']",2977,4
5896,,CASSLVASTDTQYF,,,,,,0.00012983640612827837,None,subset_2.tsv,"['N', 'o', 'n', 'e']",2977,4
3379,,CASTMNRGLETQYF,,,,,,0.00012983640612827837,None,subset_2.tsv,"['N', 'o', 'n', 'e']",2978,4
4857,,CASGLAGVLDTQYF,,,,,,0.00012983640612827837,None,subset_2.tsv,"['N', 'o', 'n', 'e']",2978,4
4858,,CASGLAGGRDTQYF,,,,,,0.00012983640612827837,None,subset_2.tsv,"['N', 'o', 'n', 'e']",2978,4
5627,,CASRLAGRMDTQYF,,,,,,0.00012983640612827837,None,subset_2.tsv,"['N', 'o', 'n', 'e']",2978,4
3465,,CASTLGGGLDEQYF,,,,,,0.00012983640612827837,None,subset_2.tsv,"['N', 'o', 'n', 'e']",2979,3
4879,,CASGMSGGAENEQFF,,,,,,0.00012983640612827837,None,subset_2.tsv,"['N', 'o', 'n', 'e']",2979,3
5626,,CASRLAGSIHEQYF,,,,,,0.00012983640612827837,None,subset_2.tsv,"['N', 'o', 'n', 'e']",2979,3
5863,,CASSLTSGMETQYF,,,,,,0.00012983640612827837,None,subset_2.tsv,"['N', 'o', 'n', 'e']",2981,2
5899,,CASSLTSGEETQYF,,,,,,0.00012983640612827837,None,subset_2.tsv,"['N', 'o', 'n', 'e']",2981,2
3029,,CASSWWSGEETQYF,,,,,,0.00012983640612827837,None,subset_2.tsv,"['N', 'o', 'n', 'e']",2982,3
3403,,CASTPTSGEETQYF,,,,,,0.00012983640612827837,None,subset_2.tsv,"['N', 'o', 'n', 'e']",2982,3
5634,,CASRMTGGEETQYF,,,,,,0.00012983640612827837,None,subset_2.tsv,"['N', 'o', 'n', 'e']",2982,3
2965,,CASSVSPGLDTQYF,,,,,,0.00012983640612827837,None,subset_2.tsv,"['N', 'o', 'n', 'e']",2983,2
7103,,CASSISPGAETQYF,,,,,,0.00012983640612827837,None,subset_2.tsv,"['N', 'o', 'n', 'e']",2983,2
3269,,CASSVSGGLETQYF,,,,,,0.00012983640612827837,None,subset_2.tsv,"['N', 'o', 'n', 'e']",2984,3
3337,,CASSVGRGIDTQYF,,,,,,0.00012983640612827837,None,subset_2.tsv,"['N', 'o', 'n', 'e']",2984,3
7556,,CASSLGGGQETQYF,,,,,,0.00012983640612827837,None,subset_2.tsv,"['N', 'o', 'n', 'e']",2984,3
5975,,CASSLNWGFDTEAFF,,,,,,0.00012983640612827837,None,subset_2.tsv,"['N', 'o', 'n', 'e']",2985,4
6445,,CASSLVVGKETQYF,,,,,,0.00012983640612827837,None,subset_2.tsv,"['N', 'o', 'n', 'e']",2985,4
6538,,CASSLVPGPDTQYF,,,,,,0.00012983640612827837,None,subset_2.tsv,"['N', 'o', 'n', 'e']",2985,4
7053,,CASSLAAGKETQYF,,,,,,0.00012983640612827837,None,subset_2.tsv,"['N', 'o', 'n', 'e']",2985,4
60,,CASSLVGGQETQYF,,,,,,0.00025967281225655674,None,subset_2.tsv,"['N', 'o', 'n', 'e']",2986,4
2994,,CASSVVSGAETQYF,,,,,,0.00012983640612827837,None,subset_2.tsv,"['N', 'o', 'n', 'e']",2986,4
6037,,CASSLLTGADTQYF,,,,,,0.00012983640612827837,None,subset_2.tsv,"['N', 'o', 'n', 'e']",2986,4
6447,,CASSLVTGEETQYF,,,,,,0.00012983640612827837,None,subset_2.tsv,"['N', 'o', 'n', 'e']",2986,4
4541,,CASSGGTSGDEQFF,,,,,,0.00012983640612827837,None,subset_2.tsv,"['N', 'o', 'n', 'e']",2987,3
4693,,CASSGGTGGTEAFF,,,,,,0.00012983640612827837,None,subset_2.tsv,"['N', 'o', 'n', 'e']",2987,3
5391,,CASSAGTGGLEAFF,,,,,,0.00012983640612827837,None,subset_2.tsv,"['N', 'o', 'n', 'e']",2987,3
66,,CASSFGTGGYEQYF,,,,,,0.00025967281225655674,None,subset_2.tsv,"['N', 'o', 'n', 'e']",2988,7
153,,CASSRGTGGNEQYF,,,,,,0.00012983640612827837,None,subset_2.tsv,"['N', 'o', 'n', 'e']",2988,7
3264,,CASSVGTGGYEQYF,,,,,,0.00012983640612827837,None,subset_2.tsv,"['N', 'o', 'n', 'e']",2988,7
4005,,CASSFGTGGNEQFF,,,,,,0.00012983640612827837,None,subset_2.tsv,"['N', 'o', 'n', 'e']",2988,7
4072,,CASSDGTGGNEQFF,,,,,,0.00012983640612827837,None,subset_2.tsv,"['N', 'o', 'n', 'e']",2988,7
5156,,CASATGTGGNEQYF,,,,,,0.00012983640612827837,None,subset_2.tsv,"['N', 'o', 'n', 'e']",2988,7
6358,,CASSPGTSGYEQYF,,,,,,0.00012983640612827837,None,subset_2.tsv,"['N', 'o', 'n', 'e']",2988,7
133,,CASSRGTSAREQYF,,,,,,0.00012983640612827837,None,subset_2.tsv,"['N', 'o', 'n', 'e']",2989,2
728,,CASSTGTGANEQFF,,,,,,0.00012983640612827837,None,subset_2.tsv,"['N', 'o', 'n', 'e']",2989,2
109,,CASSRGEGRGIQYF,,,,,,0.00012983640612827837,None,subset_2.tsv,"['N', 'o', 'n', 'e']",2991,2
216,,CASSRSRGGGTQYF,,,,,,0.00012983640612827837,None,subset_2.tsv,"['N', 'o', 'n', 'e']",2991,2
3305,,CASSVGGRTGELFF,,,,,,0.00012983640612827837,None,subset_2.tsv,"['N', 'o', 'n', 'e']",2994,3
4053,,CASSFGGGTGELFF,,,,,,0.00012983640612827837,None,subset_2.tsv,"['N', 'o', 'n', 'e']",2994,3
7566,,CASSLGGGTGELFF,,,,,,0.00012983640612827837,None,subset_2.tsv,"['N', 'o', 'n', 'e']",2994,3
7530,,CASSLGPGSGEQYF,,,,,,0.00012983640612827837,None,subset_2.tsv,"['N', 'o', 'n', 'e']",2995,2
7568,,CASSLGGGSNEQYF,,,,,,0.00012983640612827837,None,subset_2.tsv,"['N', 'o', 'n', 'e']",2995,2
4002,,CASSFGTGTSEQYF,,,,,,0.00012983640612827837,None,subset_2.tsv,"['N', 'o', 'n', 'e']",2996,4
4004,,CASSFGTGGREQYF,,,,,,0.00012983640612827837,None,subset_2.tsv,"['N', 'o', 'n', 'e']",2996,4
4055,,CASSFGGGGLEQYF,,,,,,0.00012983640612827837,None,subset_2.tsv,"['N', 'o', 'n', 'e']",2996,4
4632,,CASSFLSGTREQYF,,,,,,0.00012983640612827837,None,subset_2.tsv,"['N', 'o', 'n', 'e']",2996,4
7,,CASSLTGGSYEQYF,,,,,,0.00038950921838483513,None,subset_2.tsv,"['N', 'o', 'n', 'e']",2997,4
5850,,CASSLTTSSYEQYF,,,,,,0.00012983640612827837,None,subset_2.tsv,"['N', 'o', 'n', 'e']",2997,4
5861,,CASSLTSGSYEQYF,,,,,,0.00012983640612827837,None,subset_2.tsv,"['N', 'o', 'n', 'e']",2997,4
7452,,CASSLFGGTYEQYF,,,,,,0.00012983640612827837,None,subset_2.tsv,"['N', 'o', 'n', 'e']",2997,4
3471,,CASTLAGGTYEQYF,,,,,,0.00012983640612827837,None,subset_2.tsv,"['N', 'o', 'n', 'e']",2998,2
3472,,CASTLAGGNNEQFF,,,,,,0.00012983640612827837,None,subset_2.tsv,"['N', 'o', 'n', 'e']",2998,2
3431,,CASTLTGASYEQYF,,,,,,0.00012983640612827837,None,subset_2.tsv,"['N', 'o', 'n', 'e']",2999,2
3450,,CASTLQGARNEQYF,,,,,,0.00012983640612827837,None,subset_2.tsv,"['N', 'o', 'n', 'e']",2999,2
3377,,CASTNSAGGYEQYF,,,,,,0.00012983640612827837,None,subset_2.tsv,"['N', 'o', 'n', 'e']",3000,2
4927,,CASMLTAGGYTQYF,,,,,,0.00012983640612827837,None,subset_2.tsv,"['N', 'o', 'n', 'e']",3000,2
5867,,CASSLTSGGPAQYF,,,,,,0.00012983640612827837,None,subset_2.tsv,"['N', 'o', 'n', 'e']",3001,2
6092,,CASSLRSGGNEQFF,,,,,,0.00012983640612827837,None,subset_2.tsv,"['N', 'o', 'n', 'e']",3001,2
52,,CASSLGTGGYEQYF,,,,,,0.00025967281225655674,None,subset_2.tsv,"['N', 'o', 'n', 'e']",3002,2
5735,,CASSLSTGGYEQYF,,,,,,0.00012983640612827837,None,subset_2.tsv,"['N', 'o', 'n', 'e']",3002,2
1749,,CASSQASGSYEQYF,,,,,,0.00012983640612827837,None,subset_2.tsv,"['N', 'o', 'n', 'e']",3003,4
5742,,CASSLSSGTYEQYF,,,,,,0.00012983640612827837,None,subset_2.tsv,"['N', 'o', 'n', 'e']",3003,4
6454,,CASSLVSGSIIQYF,,,,,,0.00012983640612827837,None,subset_2.tsv,"['N', 'o', 'n', 'e']",3003,4
6673,,CASSLASGNYEQYF,,,,,,0.00012983640612827837,None,subset_2.tsv,"['N', 'o', 'n', 'e']",3003,4
2898,,CASSWGLANYEQYF,,,,,,0.00012983640612827837,None,subset_2.tsv,"['N', 'o', 'n', 'e']",3004,6
3259,,CASSVGTSSYEQYF,,,,,,0.00012983640612827837,None,subset_2.tsv,"['N', 'o', 'n', 'e']",3004,6
3296,,CASSVGSSSYEQYF,,,,,,0.00012983640612827837,None,subset_2.tsv,"['N', 'o', 'n', 'e']",3004,6
3334,,CASSVGSANYEQYF,,,,,,0.00012983640612827837,None,subset_2.tsv,"['N', 'o', 'n', 'e']",3004,6
3998,,CASSFGTSIYEQYF,,,,,,0.00012983640612827837,None,subset_2.tsv,"['N', 'o', 'n', 'e']",3004,6
4424,,CASSHGTRTYEQYF,,,,,,0.00012983640612827837,None,subset_2.tsv,"['N', 'o', 'n', 'e']",3004,6
812,,CASSSGLAAYEQYF,,,,,,0.00012983640612827837,None,subset_2.tsv,"['N', 'o', 'n', 'e']",3005,2
839,,CASSSGTAAYEQYF,,,,,,0.00012983640612827837,None,subset_2.tsv,"['N', 'o', 'n', 'e']",3005,2
756,,CASSSGTGSYEQYF,,,,,,0.00012983640612827837,None,subset_2.tsv,"['N', 'o', 'n', 'e']",3006,3
832,,CASSSGTGNYEQYF,,,,,,0.00012983640612827837,None,subset_2.tsv,"['N', 'o', 'n', 'e']",3006,3
4542,,CASSGGTGSYEQYF,,,,,,0.00012983640612827837,None,subset_2.tsv,"['N', 'o', 'n', 'e']",3006,3
5224,,CASAPGTGNYEQYF,,,,,,0.00012983640612827837,None,subset_2.tsv,"['N', 'o', 'n', 'e']",3007,3
5643,,CASRPGTGVYEQYF,,,,,,0.00012983640612827837,None,subset_2.tsv,"['N', 'o', 'n', 'e']",3007,3
5644,,CASRPGTGDYEQYF,,,,,,0.00012983640612827837,None,subset_2.tsv,"['N', 'o', 'n', 'e']",3007,3
5016,,CAISEGTGAYEQYF,,,,,,0.00012983640612827837,None,subset_2.tsv,"['N', 'o', 'n', 'e']",3008,2
5202,,CAITQGSGNYEQYF,,,,,,0.00012983640612827837,None,subset_2.tsv,"['N', 'o', 'n', 'e']",3008,2
1136,,CASSQAGSSYEQYF,,,,,,0.00012983640612827837,None,subset_2.tsv,"['N', 'o', 'n', 'e']",3009,5
1621,,CASSQGTGSYEQYF,,,,,,0.00012983640612827837,None,subset_2.tsv,"['N', 'o', 'n', 'e']",3009,5
1639,,CASSQGIGNYEQYF,,,,,,0.00012983640612827837,None,subset_2.tsv,"['N', 'o', 'n', 'e']",3009,5
1648,,CASSQGGGTYEQYF,,,,,,0.00012983640612827837,None,subset_2.tsv,"['N', 'o', 'n', 'e']",3009,5
5556,,CASNQGGNSYEQYF,,,,,,0.00012983640612827837,None,subset_2.tsv,"['N', 'o', 'n', 'e']",3009,5
7146,,CASSLGTGNYEQYF,,,,,,0.00012983640612827837,None,subset_2.tsv,"['N', 'o', 'n', 'e']",3010,3
7149,,CASSLGTGFNEQYF,,,,,,0.00012983640612827837,None,subset_2.tsv,"['N', 'o', 'n', 'e']",3010,3
7187,,CASSLGTSNYEQYF,,,,,,0.00012983640612827837,None,subset_2.tsv,"['N', 'o', 'n', 'e']",3010,3
337,,CASSQLGGAYEQYF,,,,,,0.00012983640612827837,None,subset_2.tsv,"['N', 'o', 'n', 'e']",3011,3
7243,,CASSLGRGIYEQYF,,,,,,0.00012983640612827837,None,subset_2.tsv,"['N', 'o', 'n', 'e']",3011,3
7573,,CASSLGGGDYEQYF,,,,,,0.00012983640612827837,None,subset_2.tsv,"['N', 'o', 'n', 'e']",3011,3
851,,CASSSGQLGYGYTF,,,,,,0.00012983640612827837,None,subset_2.tsv,"['N', 'o', 'n', 'e']",3012,2
5159,,CASASSITGYGYTF,,,,,,0.00012983640612827837,None,subset_2.tsv,"['N', 'o', 'n', 'e']",3012,2
855,,CASSSGQGVYGYTF,,,,,,0.00012983640612827837,None,subset_2.tsv,"['N', 'o', 'n', 'e']",3013,2
7229,,CASSLGQGVYGYTF,,,,,,0.00012983640612827837,None,subset_2.tsv,"['N', 'o', 'n', 'e']",3013,2
567,,CASSSSEGTYGYTF,,,,,,0.00012983640612827837,None,subset_2.tsv,"['N', 'o', 'n', 'e']",3014,3
3268,,CASSVRQVNYGYTF,,,,,,0.00012983640612827837,None,subset_2.tsv,"['N', 'o', 'n', 'e']",3014,3
4131,,CASSASQGALGYTF,,,,,,0.00012983640612827837,None,subset_2.tsv,"['N', 'o', 'n', 'e']",3014,3
3361,,CASTPGQGGSPLHF,,,,,,0.00012983640612827837,None,subset_2.tsv,"['N', 'o', 'n', 'e']",3015,2
5651,,CASRPGAGGNVLTF,,,,,,0.00012983640612827837,None,subset_2.tsv,"['N', 'o', 'n', 'e']",3015,2
1042,,CASSPRQGGYGYTF,,,,,,0.00012983640612827837,None,subset_2.tsv,"['N', 'o', 'n', 'e']",3016,3
6330,,CASSPGQGSYGYTF,,,,,,0.00012983640612827837,None,subset_2.tsv,"['N', 'o', 'n', 'e']",3016,3
6412,,CASSPGQGGYGYTF,,,,,,0.00012983640612827837,None,subset_2.tsv,"['N', 'o', 'n', 'e']",3016,3
4222,,CASSEGQGNYGYTF,,,,,,0.00012983640612827837,None,subset_2.tsv,"['N', 'o', 'n', 'e']",3017,3
6411,,CASSPGQGIHGYTF,,,,,,0.00012983640612827837,None,subset_2.tsv,"['N', 'o', 'n', 'e']",3017,3
6966,,CASSIGQGVRGYTF,,,,,,0.00012983640612827837,None,subset_2.tsv,"['N', 'o', 'n', 'e']",3017,3
828,,CASSSGQDSYEQYF,,,,,,0.00012983640612827837,None,subset_2.tsv,"['N', 'o', 'n', 'e']",3018,3
849,,CASSSGQSSYEQYF,,,,,,0.00012983640612827837,None,subset_2.tsv,"['N', 'o', 'n', 'e']",3018,3
7222,,CASSLGQDSYEQYF,,,,,,0.00012983640612827837,None,subset_2.tsv,"['N', 'o', 'n', 'e']",3018,3
507,,CASSSTQGGYEQYF,,,,,,0.00012983640612827837,None,subset_2.tsv,"['N', 'o', 'n', 'e']",3019,2
3249,,CASSVLAGSYEQYF,,,,,,0.00012983640612827837,None,subset_2.tsv,"['N', 'o', 'n', 'e']",3019,2
503,,CASSSGDRAYEQYF,,,,,,0.00012983640612827837,None,subset_2.tsv,"['N', 'o', 'n', 'e']",3020,3
5367,,CASRVGDGIYEQYF,,,,,,0.00012983640612827837,None,subset_2.tsv,"['N', 'o', 'n', 'e']",3020,3
7434,,CASSLGDGNYEQYF,,,,,,0.00012983640612827837,None,subset_2.tsv,"['N', 'o', 'n', 'e']",3020,3
3526,,CATLSGQGAYEQYF,,,,,,0.00012983640612827837,None,subset_2.tsv,"['N', 'o', 'n', 'e']",3021,3
4698,,CASSGGQGSHEQYF,,,,,,0.00012983640612827837,None,subset_2.tsv,"['N', 'o', 'n', 'e']",3021,3
4948,,CASNAGQGSYEQYF,,,,,,0.00012983640612827837,None,subset_2.tsv,"['N', 'o', 'n', 'e']",3021,3
5619,,CASRLGQGTYEQYF,,,,,,0.00012983640612827837,None,subset_2.tsv,"['N', 'o', 'n', 'e']",3022,2
5622,,CASRLGQGANEQYF,,,,,,0.00012983640612827837,None,subset_2.tsv,"['N', 'o', 'n', 'e']",3022,2
831,,CASSSGQGMDIQYF,,,,,,0.00012983640612827837,None,subset_2.tsv,"['N', 'o', 'n', 'e']",3023,2
854,,CASSSGQGWNEQYF,,,,,,0.00012983640612827837,None,subset_2.tsv,"['N', 'o', 'n', 'e']",3023,2
3018,,CASSYGQGTGELFF,,,,,,0.00012983640612827837,None,subset_2.tsv,"['N', 'o', 'n', 'e']",3024,3
3964,,CASSFGQGGEKLFF,,,,,,0.00012983640612827837,None,subset_2.tsv,"['N', 'o', 'n', 'e']",3024,3
3965,,CASSFGQGAEKLFF,,,,,,0.00012983640612827837,None,subset_2.tsv,"['N', 'o', 'n', 'e']",3024,3
5819,,CASSLSQGGNEQFF,,,,,,0.00012983640612827837,None,subset_2.tsv,"['N', 'o', 'n', 'e']",3025,2
6101,,CASSLRQGGEKLFF,,,,,,0.00012983640612827837,None,subset_2.tsv,"['N', 'o', 'n', 'e']",3025,2
7210,,CASSLGQGSDTQYF,,,,,,0.00012983640612827837,None,subset_2.tsv,"['N', 'o', 'n', 'e']",3026,5
7211,,CASSLGQGRNEQFF,,,,,,0.00012983640612827837,None,subset_2.tsv,"['N', 'o', 'n', 'e']",3026,5
7212,,CASSLGQGRDEQYF,,,,,,0.00012983640612827837,None,subset_2.tsv,"['N', 'o', 'n', 'e']",3026,5
7217,,CASSLGQGGYEQYF,,,,,,0.00012983640612827837,None,subset_2.tsv,"['N', 'o', 'n', 'e']",3026,5
7220,,CASSLGQGAYEQFF,,,,,,0.00012983640612827837,None,subset_2.tsv,"['N', 'o', 'n', 'e']",3026,5
3393,,CASTQGYGGTEAFF,,,,,,0.00012983640612827837,None,subset_2.tsv,"['N', 'o', 'n', 'e']",3027,2
4843,,CASGLGPGNTEAFF,,,,,,0.00012983640612827837,None,subset_2.tsv,"['N', 'o', 'n', 'e']",3027,2
1644,,CASSQGQGNTEAFF,,,,,,0.00012983640612827837,None,subset_2.tsv,"['N', 'o', 'n', 'e']",3028,3
1663,,CASSQGQGATEAFF,,,,,,0.00012983640612827837,None,subset_2.tsv,"['N', 'o', 'n', 'e']",3028,3
1665,,CASSQGQANREAFF,,,,,,0.00012983640612827837,None,subset_2.tsv,"['N', 'o', 'n', 'e']",3028,3
3148,,CASSVGAGTTEAFF,,,,,,0.00012983640612827837,None,subset_2.tsv,"['N', 'o', 'n', 'e']",3029,5
3341,,CASSVGQGGTEAFF,,,,,,0.00012983640612827837,None,subset_2.tsv,"['N', 'o', 'n', 'e']",3029,5
4964,,CASIVSQGSTEAFF,,,,,,0.00012983640612827837,None,subset_2.tsv,"['N', 'o', 'n', 'e']",3029,5
6685,,CASSLAQGRTEAFF,,,,,,0.00012983640612827837,None,subset_2.tsv,"['N', 'o', 'n', 'e']",3029,5
7214,,CASSLGQGLTEAFF,,,,,,0.00012983640612827837,None,subset_2.tsv,"['N', 'o', 'n', 'e']",3029,5
7263,,CASSLLAVGTEAFF,,,,,,0.00012983640612827837,None,subset_2.tsv,"['N', 'o', 'n', 'e']",3030,4
7387,,CASSLGAGGVEQYF,,,,,,0.00012983640612827837,None,subset_2.tsv,"['N', 'o', 'n', 'e']",3030,4
7388,,CASSLGAGGTEAFF,,,,,,0.00012983640612827837,None,subset_2.tsv,"['N', 'o', 'n', 'e']",3030,4
7543,,CASSLGLRGPEAFF,,,,,,0.00012983640612827837,None,subset_2.tsv,"['N', 'o', 'n', 'e']",3030,4
1308,,CASSPLDDVETQYF,,,,,,0.00012983640612827837,None,subset_2.tsv,"['N', 'o', 'n', 'e']",3032,4
3030,,CASSYKVEGETQYF,,,,,,0.00012983640612827837,None,subset_2.tsv,"['N', 'o', 'n', 'e']",3032,4
4493,,CASSHLILGETQYF,,,,,,0.00012983640612827837,None,subset_2.tsv,"['N', 'o', 'n', 'e']",3032,4
4765,,CASSFVDRAETQYF,,,,,,0.00012983640612827837,None,subset_2.tsv,"['N', 'o', 'n', 'e']",3032,4
4167,,CASSATVITDTQYF,,,,,,0.00012983640612827837,None,subset_2.tsv,"['N', 'o', 'n', 'e']",3033,3
4168,,CASSATVIPDTQYF,,,,,,0.00012983640612827837,None,subset_2.tsv,"['N', 'o', 'n', 'e']",3033,3
4721,,CASSFTEYTDTQYF,,,,,,0.00012983640612827837,None,subset_2.tsv,"['N', 'o', 'n', 'e']",3033,3
248,,CASSRVEDGNTIYF,,,,,,0.00012983640612827837,None,subset_2.tsv,"['N', 'o', 'n', 'e']",3035,2
6592,,CASSNQESGNTIYF,,,,,,0.00012983640612827837,None,subset_2.tsv,"['N', 'o', 'n', 'e']",3035,2
2180,,CATSDWPKGDTIYF,,,,,,0.00012983640612827837,None,subset_2.tsv,"['N', 'o', 'n', 'e']",3036,2
2266,,CATSDPHRADTQYF,,,,,,0.00012983640612827837,None,subset_2.tsv,"['N', 'o', 'n', 'e']",3036,2
4090,,CASSDAPGAINRIF,,,,,,0.00012983640612827837,None,subset_2.tsv,"['N', 'o', 'n', 'e']",3038,3
4798,,CASGPVEGRETQYF,,,,,,0.00012983640612827837,None,subset_2.tsv,"['N', 'o', 'n', 'e']",3038,3
5639,,CASRPIPGAYAQYF,,,,,,0.00012983640612827837,None,subset_2.tsv,"['N', 'o', 'n', 'e']",3038,3
1409,,CASSPPGGAYEQYF,,,,,,0.00012983640612827837,None,subset_2.tsv,"['N', 'o', 'n', 'e']",3039,2
4105,,CASSDPKGAYEQYF,,,,,,0.00012983640612827837,None,subset_2.tsv,"['N', 'o', 'n', 'e']",3039,2
1337,,CASSPRAGAYEQYF,,,,,,0.00012983640612827837,None,subset_2.tsv,"['N', 'o', 'n', 'e']",3040,2
4268,,CASSDRAGTYEQYF,,,,,,0.00012983640612827837,None,subset_2.tsv,"['N', 'o', 'n', 'e']",3040,2
1198,,CASSPTYGSYEQYF,,,,,,0.00012983640612827837,None,subset_2.tsv,"['N', 'o', 'n', 'e']",3041,3
1268,,CASSPMIGGYEQYF,,,,,,0.00012983640612827837,None,subset_2.tsv,"['N', 'o', 'n', 'e']",3041,3
1328,,CASSPKEGVNEQYF,,,,,,0.00012983640612827837,None,subset_2.tsv,"['N', 'o', 'n', 'e']",3041,3
1049,,CASSPRPAADTQYF,,,,,,0.00012983640612827837,None,subset_2.tsv,"['N', 'o', 'n', 'e']",3042,5
4302,,CASSDSVLTDTQYF,,,,,,0.00012983640612827837,None,subset_2.tsv,"['N', 'o', 'n', 'e']",3042,5
6198,,CASSPFPSTDTQYF,,,,,,0.00012983640612827837,None,subset_2.tsv,"['N', 'o', 'n', 'e']",3042,5
6265,,CASSPAVSTDTQYF,,,,,,0.00012983640612827837,None,subset_2.tsv,"['N', 'o', 'n', 'e']",3042,5
6273,,CASSPAPALDTQYF,,,,,,0.00012983640612827837,None,subset_2.tsv,"['N', 'o', 'n', 'e']",3042,5
32,,CASSWTASTDTQYF,,,,,,0.00025967281225655674,None,subset_2.tsv,"['N', 'o', 'n', 'e']",3043,4
2195,,CATSKRVRTDTQYF,,,,,,0.00012983640612827837,None,subset_2.tsv,"['N', 'o', 'n', 'e']",3043,4
4034,,CASSFAVSTDTQYF,,,,,,0.00012983640612827837,None,subset_2.tsv,"['N', 'o', 'n', 'e']",3043,4
6915,,CASSIRESTDTQYF,,,,,,0.00012983640612827837,None,subset_2.tsv,"['N', 'o', 'n', 'e']",3043,4
3900,,CASSELNGMDTQYF,,,,,,0.00012983640612827837,None,subset_2.tsv,"['N', 'o', 'n', 'e']",3044,2
5020,,CAISENQGPETQYF,,,,,,0.00012983640612827837,None,subset_2.tsv,"['N', 'o', 'n', 'e']",3044,2
3019,,CASSYGQGTDTQYF,,,,,,0.00012983640612827837,None,subset_2.tsv,"['N', 'o', 'n', 'e']",3045,2
6408,,CASSPGQGLDTQYF,,,,,,0.00012983640612827837,None,subset_2.tsv,"['N', 'o', 'n', 'e']",3045,2
1039,,CASSPRQGTDTQYF,,,,,,0.00012983640612827837,None,subset_2.tsv,"['N', 'o', 'n', 'e']",3046,2
1043,,CASSPRQGADGQYF,,,,,,0.00012983640612827837,None,subset_2.tsv,"['N', 'o', 'n', 'e']",3046,2
6324,,CASSPGTDGETQYF,,,,,,0.00012983640612827837,None,subset_2.tsv,"['N', 'o', 'n', 'e']",3047,2
6379,,CASSPGLAGNIQYF,,,,,,0.00012983640612827837,None,subset_2.tsv,"['N', 'o', 'n', 'e']",3047,2
4220,,CASSEGQTGNTIYF,,,,,,0.00012983640612827837,None,subset_2.tsv,"['N', 'o', 'n', 'e']",3048,3
4224,,CASSEGLRTDTQYF,,,,,,0.00012983640612827837,None,subset_2.tsv,"['N', 'o', 'n', 'e']",3048,3
4228,,CASSEGHAGETQYF,,,,,,0.00012983640612827837,None,subset_2.tsv,"['N', 'o', 'n', 'e']",3048,3
5641,,CASRPGWGQETQYF,,,,,,0.00012983640612827837,None,subset_2.tsv,"['N', 'o', 'n', 'e']",3049,3
6253,,CASSPGDLQETQYF,,,,,,0.00012983640612827837,None,subset_2.tsv,"['N', 'o', 'n', 'e']",3049,3
6338,,CASSPGQSQETQYF,,,,,,0.00012983640612827837,None,subset_2.tsv,"['N', 'o', 'n', 'e']",3049,3
3058,,CASSYGLLQETQYF,,,,,,0.00012983640612827837,None,subset_2.tsv,"['N', 'o', 'n', 'e']",3050,2
6356,,CASSPGTSPETQYF,,,,,,0.00012983640612827837,None,subset_2.tsv,"['N', 'o', 'n', 'e']",3050,2
3976,,CASSFGLARDTQYF,,,,,,0.00012983640612827837,None,subset_2.tsv,"['N', 'o', 'n', 'e']",3051,4
6404,,CASSPGLLADTQYF,,,,,,0.00012983640612827837,None,subset_2.tsv,"['N', 'o', 'n', 'e']",3051,4
6428,,CASSPGPAKDTQYF,,,,,,0.00012983640612827837,None,subset_2.tsv,"['N', 'o', 'n', 'e']",3051,4
6984,,CASSIGLLTDTQYF,,,,,,0.00012983640612827837,None,subset_2.tsv,"['N', 'o', 'n', 'e']",3051,4
1666,,CASSQGQAFYEQYF,,,,,,0.00012983640612827837,None,subset_2.tsv,"['N', 'o', 'n', 'e']",3052,3
1683,,CASSQGLRPYEQYF,,,,,,0.00012983640612827837,None,subset_2.tsv,"['N', 'o', 'n', 'e']",3052,3
7223,,CASSLGQAYYEQYF,,,,,,0.00012983640612827837,None,subset_2.tsv,"['N', 'o', 'n', 'e']",3052,3
1498,,CASSQGAFSVEQYF,,,,,,0.00012983640612827837,None,subset_2.tsv,"['N', 'o', 'n', 'e']",3053,3
1632,,CASSQGLAGSEQYF,,,,,,0.00012983640612827837,None,subset_2.tsv,"['N', 'o', 'n', 'e']",3053,3
3626,,CASSYSLASGIQYF,,,,,,0.00012983640612827837,None,subset_2.tsv,"['N', 'o', 'n', 'e']",3053,3
3910,,CASSEGWHSYEQYF,,,,,,0.00012983640612827837,None,subset_2.tsv,"['N', 'o', 'n', 'e']",3054,2
5027,,CAISEGVWTYEQYF,,,,,,0.00012983640612827837,None,subset_2.tsv,"['N', 'o', 'n', 'e']",3054,2
316,,CASSQSLYGYEQYF,,,,,,0.00012983640612827837,None,subset_2.tsv,"['N', 'o', 'n', 'e']",3055,3
1592,,CASSQGRESYEQYF,,,,,,0.00012983640612827837,None,subset_2.tsv,"['N', 'o', 'n', 'e']",3055,3
1660,,CASSQGLASYEQYF,,,,,,0.00012983640612827837,None,subset_2.tsv,"['N', 'o', 'n', 'e']",3055,3
1058,,CASSPRILAYEQYF,,,,,,0.00012983640612827837,None,subset_2.tsv,"['N', 'o', 'n', 'e']",3056,4
3613,,CASSYSALAYEQYF,,,,,,0.00012983640612827837,None,subset_2.tsv,"['N', 'o', 'n', 'e']",3056,4
3716,,CASSYWQGAYEQYF,,,,,,0.00012983640612827837,None,subset_2.tsv,"['N', 'o', 'n', 'e']",3056,4
3774,,CASSYSQGLYEQYF,,,,,,0.00012983640612827837,None,subset_2.tsv,"['N', 'o', 'n', 'e']",3056,4
1149,,CASSQAARSYEQFF,,,,,,0.00012983640612827837,None,subset_2.tsv,"['N', 'o', 'n', 'e']",3057,2
3632,,CASSYSISGYEQYF,,,,,,0.00012983640612827837,None,subset_2.tsv,"['N', 'o', 'n', 'e']",3057,2
4065,,CASSFGAGGPEQYF,,,,,,0.00012983640612827837,None,subset_2.tsv,"['N', 'o', 'n', 'e']",3058,3
4580,,CASSFSAGGDEQYF,,,,,,0.00012983640612827837,None,subset_2.tsv,"['N', 'o', 'n', 'e']",3058,3
4591,,CASSFRPGGHEQYF,,,,,,0.00012983640612827837,None,subset_2.tsv,"['N', 'o', 'n', 'e']",3058,3
18,,CASSPGQDSYEQYF,,,,,,0.00025967281225655674,None,subset_2.tsv,"['N', 'o', 'n', 'e']",3059,4
6336,,CASSPGQVGYEQYF,,,,,,0.00012983640612827837,None,subset_2.tsv,"['N', 'o', 'n', 'e']",3059,4
6342,,CASSPGQHSYEQYF,,,,,,0.00012983640612827837,None,subset_2.tsv,"['N', 'o', 'n', 'e']",3059,4
6417,,CASSPGQEVYEQYF,,,,,,0.00012983640612827837,None,subset_2.tsv,"['N', 'o', 'n', 'e']",3059,4
3105,,CASSYGEGSYEQYF,,,,,,0.00012983640612827837,None,subset_2.tsv,"['N', 'o', 'n', 'e']",3060,4
3614,,CASSYSAGSYEQYF,,,,,,0.00012983640612827837,None,subset_2.tsv,"['N', 'o', 'n', 'e']",3060,4
6224,,CASSPGAGSYEQYF,,,,,,0.00012983640612827837,None,subset_2.tsv,"['N', 'o', 'n', 'e']",3060,4
6373,,CASSPGQGSNEQYF,,,,,,0.00012983640612827837,None,subset_2.tsv,"['N', 'o', 'n', 'e']",3060,4
23,,CASSPGQGLYEQYF,,,,,,0.00025967281225655674,None,subset_2.tsv,"['N', 'o', 'n', 'e']",3061,4
3489,,CATDPGQGSYEQYF,,,,,,0.00012983640612827837,None,subset_2.tsv,"['N', 'o', 'n', 'e']",3061,4
5561,,CASQPSEGGYEQYF,,,,,,0.00012983640612827837,None,subset_2.tsv,"['N', 'o', 'n', 'e']",3061,4
6248,,CASSPGEGLYEQYF,,,,,,0.00012983640612827837,None,subset_2.tsv,"['N', 'o', 'n', 'e']",3061,4
4088,,CASSDDGMNTEAFF,,,,,,0.00012983640612827837,None,subset_2.tsv,"['N', 'o', 'n', 'e']",3062,3
5347,,CASRRDGQNTEAFF,,,,,,0.00012983640612827837,None,subset_2.tsv,"['N', 'o', 'n', 'e']",3062,3
5456,,CASSADRVNTEAFF,,,,,,0.00012983640612827837,None,subset_2.tsv,"['N', 'o', 'n', 'e']",3062,3
4849,,CASGLDRMNTEAFF,,,,,,0.00012983640612827837,None,subset_2.tsv,"['N', 'o', 'n', 'e']",3063,3
4950,,CASNADRARTEAFF,,,,,,0.00012983640612827837,None,subset_2.tsv,"['N', 'o', 'n', 'e']",3063,3
6810,,CASSLDRVNTEAFF,,,,,,0.00012983640612827837,None,subset_2.tsv,"['N', 'o', 'n', 'e']",3063,3
1708,,CASSQDGRNTEAFF,,,,,,0.00012983640612827837,None,subset_2.tsv,"['N', 'o', 'n', 'e']",3064,3
3392,,CASTQNRENTEAFF,,,,,,0.00012983640612827837,None,subset_2.tsv,"['N', 'o', 'n', 'e']",3064,3
3753,,CASTEQGVNTEAFF,,,,,,0.00012983640612827837,None,subset_2.tsv,"['N', 'o', 'n', 'e']",3064,3
441,,CASSQYGLDTQYF,,,,,,0.00012983640612827837,None,subset_2.tsv,"['N', 'o', 'n', 'e']",3065,2
5532,,CASREPGLDTEAFF,,,,,,0.00012983640612827837,None,subset_2.tsv,"['N', 'o', 'n', 'e']",3065,2
2067,,CSARDDRANTEAFF,,,,,,0.00012983640612827837,None,subset_2.tsv,"['N', 'o', 'n', 'e']",3066,2
2734,,CSAREFREVSEAFF,,,,,,0.00012983640612827837,None,subset_2.tsv,"['N', 'o', 'n', 'e']",3066,2
2105,,CSARATGKDTEAFF,,,,,,0.00012983640612827837,None,subset_2.tsv,"['N', 'o', 'n', 'e']",3067,4
2782,,CSARVKRPNTEAFF,,,,,,0.00012983640612827837,None,subset_2.tsv,"['N', 'o', 'n', 'e']",3067,4
3446,,CASTKTKWDTEAFF,,,,,,0.00012983640612827837,None,subset_2.tsv,"['N', 'o', 'n', 'e']",3067,4
3553,,CASTRTFLNTEAFF,,,,,,0.00012983640612827837,None,subset_2.tsv,"['N', 'o', 'n', 'e']",3067,4
5319,,CASRPTGFDTEAFF,,,,,,0.00012983640612827837,None,subset_2.tsv,"['N', 'o', 'n', 'e']",3068,2
5322,,CASRPTGDTVEAFF,,,,,,0.00012983640612827837,None,subset_2.tsv,"['N', 'o', 'n', 'e']",3068,2
3415,,CASTLTGVNTEAFF,,,,,,0.00012983640612827837,None,subset_2.tsv,"['N', 'o', 'n', 'e']",3069,3
4970,,CASIQTGDYTEAFF,,,,,,0.00012983640612827837,None,subset_2.tsv,"['N', 'o', 'n', 'e']",3069,3
5244,,CARKKTRRISQAFF,,,,,,0.00012983640612827837,None,subset_2.tsv,"['N', 'o', 'n', 'e']",3069,3
1075,,CASSPRTVNTEAFF,,,,,,0.00012983640612827837,None,subset_2.tsv,"['N', 'o', 'n', 'e']",3070,4
1374,,CASSPRGANTEAFF,,,,,,0.00012983640612827837,None,subset_2.tsv,"['N', 'o', 'n', 'e']",3070,4
5603,,CASRFMGMNTEAFF,,,,,,0.00012983640612827837,None,subset_2.tsv,"['N', 'o', 'n', 'e']",3070,4
6911,,CASSIRGMNTEAFF,,,,,,0.00012983640612827837,None,subset_2.tsv,"['N', 'o', 'n', 'e']",3070,4
655,,CASSTRTENTEAFF,,,,,,0.00012983640612827837,None,subset_2.tsv,"['N', 'o', 'n', 'e']",3071,4
3272,,CASSVRTVNTEAFF,,,,,,0.00012983640612827837,None,subset_2.tsv,"['N', 'o', 'n', 'e']",3071,4
4000,,CASSFGTMNTEAFF,,,,,,0.00012983640612827837,None,subset_2.tsv,"['N', 'o', 'n', 'e']",3071,4
4768,,CASSFTTANTEAFF,,,,,,0.00012983640612827837,None,subset_2.tsv,"['N', 'o', 'n', 'e']",3071,4
1045,,CASSPRPENTEAFF,,,,,,0.00012983640612827837,None,subset_2.tsv,"['N', 'o', 'n', 'e']",3072,4
1046,,CASSPRPEGTEAFF,,,,,,0.00012983640612827837,None,subset_2.tsv,"['N', 'o', 'n', 'e']",3072,4
3805,,CASSYTDQNTEAFF,,,,,,0.00012983640612827837,None,subset_2.tsv,"['N', 'o', 'n', 'e']",3072,4
4808,,CASSARDYNTEAFF,,,,,,0.00012983640612827837,None,subset_2.tsv,"['N', 'o', 'n', 'e']",3072,4
1015,,CASSPTGEHTAAFF,,,,,,0.00012983640612827837,None,subset_2.tsv,"['N', 'o', 'n', 'e']",3073,4
2983,,CASSWAGPHTEAFF,,,,,,0.00012983640612827837,None,subset_2.tsv,"['N', 'o', 'n', 'e']",3073,4
3189,,CASSTTGQVTEAFF,,,,,,0.00012983640612827837,None,subset_2.tsv,"['N', 'o', 'n', 'e']",3073,4
5207,,CASAPMGEWTEAFF,,,,,,0.00012983640612827837,None,subset_2.tsv,"['N', 'o', 'n', 'e']",3073,4
1187,,CASSPVGVNTEAFF,,,,,,0.00012983640612827837,None,subset_2.tsv,"['N', 'o', 'n', 'e']",3074,2
1261,,CASSPNGLNTEAFF,,,,,,0.00012983640612827837,None,subset_2.tsv,"['N', 'o', 'n', 'e']",3074,2
627,,CASSTQGRNTEAFF,,,,,,0.00012983640612827837,None,subset_2.tsv,"['N', 'o', 'n', 'e']",3075,3
4299,,CASSDTGVDTEAFF,,,,,,0.00012983640612827837,None,subset_2.tsv,"['N', 'o', 'n', 'e']",3075,3
7050,,CASSKQGALTEAFF,,,,,,0.00012983640612827837,None,subset_2.tsv,"['N', 'o', 'n', 'e']",3075,3
3371,,CASTPGYMNTEAFF,,,,,,0.00012983640612827837,None,subset_2.tsv,"['N', 'o', 'n', 'e']",3076,5
4872,,CASGPGSMNTEAFF,,,,,,0.00012983640612827837,None,subset_2.tsv,"['N', 'o', 'n', 'e']",3076,5
5647,,CASRPGRKNTEAFF,,,,,,0.00012983640612827837,None,subset_2.tsv,"['N', 'o', 'n', 'e']",3076,5
5648,,CASRPGQMNTEAFF,,,,,,0.00012983640612827837,None,subset_2.tsv,"['N', 'o', 'n', 'e']",3076,5
5649,,CASRPGPYNTEAFF,,,,,,0.00012983640612827837,None,subset_2.tsv,"['N', 'o', 'n', 'e']",3076,5
688,,CASSTGEAFTEAFF,,,,,,0.00012983640612827837,None,subset_2.tsv,"['N', 'o', 'n', 'e']",3077,9
2888,,CASSWGQMNTEAFF,,,,,,0.00012983640612827837,None,subset_2.tsv,"['N', 'o', 'n', 'e']",3077,9
2908,,CASSWGVMNTEAFF,,,,,,0.00012983640612827837,None,subset_2.tsv,"['N', 'o', 'n', 'e']",3077,9
3016,,CASSYGQLNTEAFF,,,,,,0.00012983640612827837,None,subset_2.tsv,"['N', 'o', 'n', 'e']",3077,9
3346,,CASSVGPMNTEAFF,,,,,,0.00012983640612827837,None,subset_2.tsv,"['N', 'o', 'n', 'e']",3077,9
6392,,CASSPGHMNTEAFF,,,,,,0.00012983640612827837,None,subset_2.tsv,"['N', 'o', 'n', 'e']",3077,9
6421,,CASSPGQAHTEAFF,,,,,,0.00012983640612827837,None,subset_2.tsv,"['N', 'o', 'n', 'e']",3077,9
6425,,CASSPGPMNTEAFF,,,,,,0.00012983640612827837,None,subset_2.tsv,"['N', 'o', 'n', 'e']",3077,9
6977,,CASSIGQLNTEAFF,,,,,,0.00012983640612827837,None,subset_2.tsv,"['N', 'o', 'n', 'e']",3077,9
3108,,CASSYGAMNTEAFF,,,,,,0.00012983640612827837,None,subset_2.tsv,"['N', 'o', 'n', 'e']",3078,2
6607,,CASSNGAMNTEAFF,,,,,,0.00012983640612827837,None,subset_2.tsv,"['N', 'o', 'n', 'e']",3078,2
807,,CASSSGLTNTEAFF,,,,,,0.00012983640612827837,None,subset_2.tsv,"['N', 'o', 'n', 'e']",3079,5
3467,,CASTLGAIDTEAFF,,,,,,0.00012983640612827837,None,subset_2.tsv,"['N', 'o', 'n', 'e']",3079,5
6124,,CASSLSARNTEAFF,,,,,,0.00012983640612827837,None,subset_2.tsv,"['N', 'o', 'n', 'e']",3079,5
7030,,CASSLAAANTEAFF,,,,,,0.00012983640612827837,None,subset_2.tsv,"['N', 'o', 'n', 'e']",3079,5
7252,,CASSLGRANTEAFF,,,,,,0.00012983640612827837,None,subset_2.tsv,"['N', 'o', 'n', 'e']",3079,5
3462,,CASTLGTPITEAFF,,,,,,0.00012983640612827837,None,subset_2.tsv,"['N', 'o', 'n', 'e']",3080,2
5662,,CASRIGGDVTEAFF,,,,,,0.00012983640612827837,None,subset_2.tsv,"['N', 'o', 'n', 'e']",3080,2
6453,,CASSLVSIQSGAFF,,,,,,0.00012983640612827837,None,subset_2.tsv,"['N', 'o', 'n', 'e']",3081,2
7159,,CASSLGSTPSEAFF,,,,,,0.00012983640612827837,None,subset_2.tsv,"['N', 'o', 'n', 'e']",3081,2
300,,CASSQRWMNTEAFF,,,,,,0.00012983640612827837,None,subset_2.tsv,"['N', 'o', 'n', 'e']",3082,7
401,,CASSQVRRNTEAFF,,,,,,0.00012983640612827837,None,subset_2.tsv,"['N', 'o', 'n', 'e']",3082,7
452,,CASSQVALNTEAFF,,,,,,0.00012983640612827837,None,subset_2.tsv,"['N', 'o', 'n', 'e']",3082,7
1769,,CASSQAQLNTEAFF,,,,,,0.00012983640612827837,None,subset_2.tsv,"['N', 'o', 'n', 'e']",3082,7
1805,,CASSQDMMNTEAFF,,,,,,0.00012983640612827837,None,subset_2.tsv,"['N', 'o', 'n', 'e']",3082,7
4429,,CASSIADSNTEAFF,,,,,,0.00012983640612827837,None,subset_2.tsv,"['N', 'o', 'n', 'e']",3082,7
6933,,CASSIQALNTEAFF,,,,,,0.00012983640612827837,None,subset_2.tsv,"['N', 'o', 'n', 'e']",3082,7
6697,,CASSLASQNTEAFF,,,,,,0.00012983640612827837,None,subset_2.tsv,"['N', 'o', 'n', 'e']",3083,2
6740,,CASSLAGPNTEAFF,,,,,,0.00012983640612827837,None,subset_2.tsv,"['N', 'o', 'n', 'e']",3083,2
330,,CASSQLMENTEAFF,,,,,,0.00012983640612827837,None,subset_2.tsv,"['N', 'o', 'n', 'e']",3084,3
399,,CASSQVSKDNEAFF,,,,,,0.00012983640612827837,None,subset_2.tsv,"['N', 'o', 'n', 'e']",3084,3
7367,,CASSLILPNTEAFF,,,,,,0.00012983640612827837,None,subset_2.tsv,"['N', 'o', 'n', 'e']",3084,3
339,,CASSQKTVNTEAFF,,,,,,0.00012983640612827837,None,subset_2.tsv,"['N', 'o', 'n', 'e']",3085,3
6635,,CASSLWTNNTEAFF,,,,,,0.00012983640612827837,None,subset_2.tsv,"['N', 'o', 'n', 'e']",3085,3
7486,,CASSLETANTEAFF,,,,,,0.00012983640612827837,None,subset_2.tsv,"['N', 'o', 'n', 'e']",3085,3
4538,,CASSHNSEYTEAFF,,,,,,0.00012983640612827837,None,subset_2.tsv,"['N', 'o', 'n', 'e']",3086,3
5477,,CASSAETPNTEAFF,,,,,,0.00012983640612827837,None,subset_2.tsv,"['N', 'o', 'n', 'e']",3086,3
7051,,CASSKNRENTEAFF,,,,,,0.00012983640612827837,None,subset_2.tsv,"['N', 'o', 'n', 'e']",3086,3
4264,,CASSDRGLPGELFF,,,,,,0.00012983640612827837,None,subset_2.tsv,"['N', 'o', 'n', 'e']",3087,2
4286,,CASSDYGLAGEQFF,,,,,,0.00012983640612827837,None,subset_2.tsv,"['N', 'o', 'n', 'e']",3087,2
228,,CASSRRDRVHEQYF,,,,,,0.00012983640612827837,None,subset_2.tsv,"['N', 'o', 'n', 'e']",3088,4
3203,,CASSTSGRALEQYF,,,,,,0.00012983640612827837,None,subset_2.tsv,"['N', 'o', 'n', 'e']",3088,4
3417,,CASTHRGTVLEQYF,,,,,,0.00012983640612827837,None,subset_2.tsv,"['N', 'o', 'n', 'e']",3088,4
4132,,CASSASGTTSEQYF,,,,,,0.00012983640612827837,None,subset_2.tsv,"['N', 'o', 'n', 'e']",3088,4
1382,,CASSPRDRTGGYTF,,,,,,0.00012983640612827837,None,subset_2.tsv,"['N', 'o', 'n', 'e']",3089,2
1386,,CASSPRDRARKLFF,,,,,,0.00012983640612827837,None,subset_2.tsv,"['N', 'o', 'n', 'e']",3089,2
1026,,CASSPSWGSTEAFF,,,,,,0.00012983640612827837,None,subset_2.tsv,"['N', 'o', 'n', 'e']",3090,2
3619,,CASSYRWGRTEAFF,,,,,,0.00012983640612827837,None,subset_2.tsv,"['N', 'o', 'n', 'e']",3090,2
1041,,CASSPRQGLTEAFF,,,,,,0.00012983640612827837,None,subset_2.tsv,"['N', 'o', 'n', 'e']",3091,2
4623,,CASSFKQGRARAFF,,,,,,0.00012983640612827837,None,subset_2.tsv,"['N', 'o', 'n', 'e']",3091,2
3643,,CASSYSGSGNEQFF,,,,,,0.00012983640612827837,None,subset_2.tsv,"['N', 'o', 'n', 'e']",3092,2
3871,,CASSFAGLGNEQFF,,,,,,0.00012983640612827837,None,subset_2.tsv,"['N', 'o', 'n', 'e']",3092,2
4813,,CASIAAGTGNEQFF,,,,,,0.00012983640612827837,None,subset_2.tsv,"['N', 'o', 'n', 'e']",3093,3
4932,,CASNLGGLGDEQYF,,,,,,0.00012983640612827837,None,subset_2.tsv,"['N', 'o', 'n', 'e']",3093,3
7586,,CASSLGGLGNEQFF,,,,,,0.00012983640612827837,None,subset_2.tsv,"['N', 'o', 'n', 'e']",3093,3
845,,CASSSGRGVDEQFF,,,,,,0.00012983640612827837,None,subset_2.tsv,"['N', 'o', 'n', 'e']",3094,2
5809,,CASSLSGGRDEQFF,,,,,,0.00012983640612827837,None,subset_2.tsv,"['N', 'o', 'n', 'e']",3094,2
5790,,CASSLSGSNNEQFF,,,,,,0.00012983640612827837,None,subset_2.tsv,"['N', 'o', 'n', 'e']",3095,4
7226,,CASSLGPTNNEQFF,,,,,,0.00012983640612827837,None,subset_2.tsv,"['N', 'o', 'n', 'e']",3095,4
7259,,CASSLGWGVNEQFF,,,,,,0.00012983640612827837,None,subset_2.tsv,"['N', 'o', 'n', 'e']",3095,4
7571,,CASSLGGGNNEQFF,,,,,,0.00012983640612827837,None,subset_2.tsv,"['N', 'o', 'n', 'e']",3095,4
3288,,CASSVRDGTNEQFF,,,,,,0.00012983640612827837,None,subset_2.tsv,"['N', 'o', 'n', 'e']",3096,2
4653,,CASSFNDRGDEQFF,,,,,,0.00012983640612827837,None,subset_2.tsv,"['N', 'o', 'n', 'e']",3096,2
2946,,CASSVVDAGFEQYF,,,,,,0.00012983640612827837,None,subset_2.tsv,"['N', 'o', 'n', 'e']",3099,2
7427,,CASSLGDRGWEQYF,,,,,,0.00012983640612827837,None,subset_2.tsv,"['N', 'o', 'n', 'e']",3099,2
6166,,CASSLRDRAHEQYF,,,,,,0.00012983640612827837,None,subset_2.tsv,"['N', 'o', 'n', 'e']",3100,5
6168,,CASSLRDRGHEQYF,,,,,,0.00012983640612827837,None,subset_2.tsv,"['N', 'o', 'n', 'e']",3100,5
6484,,CASSLWDYSYEQYF,,,,,,0.00012983640612827837,None,subset_2.tsv,"['N', 'o', 'n', 'e']",3100,5
6486,,CASSLWDRSYEQYF,,,,,,0.00012983640612827837,None,subset_2.tsv,"['N', 'o', 'n', 'e']",3100,5
7071,,CASSLADRTFEQYF,,,,,,0.00012983640612827837,None,subset_2.tsv,"['N', 'o', 'n', 'e']",3100,5
5991,,CASSLPPLATEAFF,,,,,,0.00012983640612827837,None,subset_2.tsv,"['N', 'o', 'n', 'e']",3101,2
6898,,CASSLDPGRTEAFF,,,,,,0.00012983640612827837,None,subset_2.tsv,"['N', 'o', 'n', 'e']",3101,2
5998,,CASSLQDRKHEAFF,,,,,,0.00012983640612827837,None,subset_2.tsv,"['N', 'o', 'n', 'e']",3102,3
7398,,CASSLFRGDTEAFF,,,,,,0.00012983640612827837,None,subset_2.tsv,"['N', 'o', 'n', 'e']",3102,3
7475,,CASSLEWGKIEAFF,,,,,,0.00012983640612827837,None,subset_2.tsv,"['N', 'o', 'n', 'e']",3102,3
2928,,CASSWQLGATEAFF,,,,,,0.00012983640612827837,None,subset_2.tsv,"['N', 'o', 'n', 'e']",3103,3
4648,,CASSFNRGFTEAFF,,,,,,0.00012983640612827837,None,subset_2.tsv,"['N', 'o', 'n', 'e']",3103,3
6304,,CASSPDRGQTEAFF,,,,,,0.00012983640612827837,None,subset_2.tsv,"['N', 'o', 'n', 'e']",3103,3
1128,,CASSQALGAPEAFF,,,,,,0.00012983640612827837,None,subset_2.tsv,"['N', 'o', 'n', 'e']",3104,4
1847,,CASSQEAGATEAFF,,,,,,0.00012983640612827837,None,subset_2.tsv,"['N', 'o', 'n', 'e']",3104,4
1855,,CASSQDYRDRISFF,,,,,,0.00012983640612827837,None,subset_2.tsv,"['N', 'o', 'n', 'e']",3104,4
1889,,CASSQDPGAAEAFF,,,,,,0.00012983640612827837,None,subset_2.tsv,"['N', 'o', 'n', 'e']",3104,4
1512,,CASSQEGGALNSPLHF,,,,,,0.00012983640612827837,None,subset_2.tsv,"['N', 'o', 'n', 'e']",3105,2
1524,,CASSQEGGAPVHTF,,,,,,0.00012983640612827837,None,subset_2.tsv,"['N', 'o', 'n', 'e']",3105,2
1544,,CASSQERGATEAFF,,,,,,0.00012983640612827837,None,subset_2.tsv,"['N', 'o', 'n', 'e']",3106,4
3051,,CASSYIGGNTEAFF,,,,,,0.00012983640612827837,None,subset_2.tsv,"['N', 'o', 'n', 'e']",3106,4
3729,,CASSYVGGLTEAFF,,,,,,0.00012983640612827837,None,subset_2.tsv,"['N', 'o', 'n', 'e']",3106,4
4464,,CASSIEGGTTEAFF,,,,,,0.00012983640612827837,None,subset_2.tsv,"['N', 'o', 'n', 'e']",3106,4
3063,,CASSYEGARAEAFF,,,,,,0.00012983640612827837,None,subset_2.tsv,"['N', 'o', 'n', 'e']",3107,3
6931,,CASSIQGWDTEAFF,,,,,,0.00012983640612827837,None,subset_2.tsv,"['N', 'o', 'n', 'e']",3107,3
7492,,CASSLERVYTEAFF,,,,,,0.00012983640612827837,None,subset_2.tsv,"['N', 'o', 'n', 'e']",3107,3
516,,CASSSTGVNTEAFF,,,,,,0.00012983640612827837,None,subset_2.tsv,"['N', 'o', 'n', 'e']",3108,2
794,,CASSSKGLNTEAFF,,,,,,0.00012983640612827837,None,subset_2.tsv,"['N', 'o', 'n', 'e']",3108,2
2378,,CATSRSDGNTEAFF,,,,,,0.00012983640612827837,None,subset_2.tsv,"['N', 'o', 'n', 'e']",3109,2
4715,,CASSGGDSNTEAFF,,,,,,0.00012983640612827837,None,subset_2.tsv,"['N', 'o', 'n', 'e']",3109,2
508,,CASSSTPSNTEAFF,,,,,,0.00012983640612827837,None,subset_2.tsv,"['N', 'o', 'n', 'e']",3110,3
906,,CASSSREMNTEAFF,,,,,,0.00012983640612827837,None,subset_2.tsv,"['N', 'o', 'n', 'e']",3110,3
3713,,CASTGGQMNTEAFF,,,,,,0.00012983640612827837,None,subset_2.tsv,"['N', 'o', 'n', 'e']",3110,3
233,,CASSRQQGNTEVFF,,,,,,0.00012983640612827837,None,subset_2.tsv,"['N', 'o', 'n', 'e']",3111,3
3579,,CASTVQQGATEAFF,,,,,,0.00012983640612827837,None,subset_2.tsv,"['N', 'o', 'n', 'e']",3111,3
5678,,CASRGIEGDTEAFF,,,,,,0.00012983640612827837,None,subset_2.tsv,"['N', 'o', 'n', 'e']",3111,3
214,,CASSRSYRDTQYF,,,,,,0.00012983640612827837,None,subset_2.tsv,"['N', 'o', 'n', 'e']",3112,2
1924,,CASSTSRGDTEAFF,,,,,,0.00012983640612827837,None,subset_2.tsv,"['N', 'o', 'n', 'e']",3112,2
504,,CAADSRGGVTEAFF,,,,,,0.00012983640612827837,None,subset_2.tsv,"['N', 'o', 'n', 'e']",3114,2
5259,,CASRSEGGWTEAFF,,,,,,0.00012983640612827837,None,subset_2.tsv,"['N', 'o', 'n', 'e']",3114,2
696,,CASSTETGNTEAFF,,,,,,0.00012983640612827837,None,subset_2.tsv,"['N', 'o', 'n', 'e']",3115,3
2300,,CATSSKTGLTEAFF,,,,,,0.00012983640612827837,None,subset_2.tsv,"['N', 'o', 'n', 'e']",3115,3
4371,,CASSGMTGNTEAFF,,,,,,0.00012983640612827837,None,subset_2.tsv,"['N', 'o', 'n', 'e']",3115,3
797,,CASSSISGNTIYF,,,,,,0.00012983640612827837,None,subset_2.tsv,"['N', 'o', 'n', 'e']",3116,2
5231,,CASAGQVGNTIYF,,,,,,0.00012983640612827837,None,subset_2.tsv,"['N', 'o', 'n', 'e']",3116,2
890,,CASSSQTGGGTYEQYF,,,,,,0.00012983640612827837,None,subset_2.tsv,"['N', 'o', 'n', 'e']",3117,2
5232,,CASAGQTGGTIYF,,,,,,0.00012983640612827837,None,subset_2.tsv,"['N', 'o', 'n', 'e']",3117,2
1647,,CASSQGGGWTEAFF,,,,,,0.00012983640612827837,None,subset_2.tsv,"['N', 'o', 'n', 'e']",3118,2
2900,,CASSWGGSQAEAFF,,,,,,0.00012983640612827837,None,subset_2.tsv,"['N', 'o', 'n', 'e']",3118,2
5782,,CASSLSRGNTEAFF,,,,,,0.00012983640612827837,None,subset_2.tsv,"['N', 'o', 'n', 'e']",3120,3
6118,,CASSLSFGRTEAFF,,,,,,0.00012983640612827837,None,subset_2.tsv,"['N', 'o', 'n', 'e']",3120,3
6119,,CASSLSFGDTEAFF,,,,,,0.00012983640612827837,None,subset_2.tsv,"['N', 'o', 'n', 'e']",3120,3
3230,,CASSVAGGWTEAFF,,,,,,0.00012983640612827837,None,subset_2.tsv,"['N', 'o', 'n', 'e']",3121,4
5806,,CASSLSGGYTEAFF,,,,,,0.00012983640612827837,None,subset_2.tsv,"['N', 'o', 'n', 'e']",3121,4
5807,,CASSLSGGVTEAFF,,,,,,0.00012983640612827837,None,subset_2.tsv,"['N', 'o', 'n', 'e']",3121,4
6754,,CASSLAGGYTEAFF,,,,,,0.00012983640612827837,None,subset_2.tsv,"['N', 'o', 'n', 'e']",3121,4
2901,,CASSWGGRNTEAFF,,,,,,0.00012983640612827837,None,subset_2.tsv,"['N', 'o', 'n', 'e']",3122,5
2902,,CASSWGGPNTEAFF,,,,,,0.00012983640612827837,None,subset_2.tsv,"['N', 'o', 'n', 'e']",3122,5
3622,,CASSYSGFNTEAFF,,,,,,0.00012983640612827837,None,subset_2.tsv,"['N', 'o', 'n', 'e']",3122,5
4042,,CASSFGGRRTEAFF,,,,,,0.00012983640612827837,None,subset_2.tsv,"['N', 'o', 'n', 'e']",3122,5
4043,,CASSFGGRNTEAFF,,,,,,0.00012983640612827837,None,subset_2.tsv,"['N', 'o', 'n', 'e']",3122,5
7424,,CASSLGDRNTEAFF,,,,,,0.00012983640612827837,None,subset_2.tsv,"['N', 'o', 'n', 'e']",3123,2
7429,,CASSLGDRDTEAFF,,,,,,0.00012983640612827837,None,subset_2.tsv,"['N', 'o', 'n', 'e']",3123,2
43,,CASSLGGGNTEAFF,,,,,,0.00025967281225655674,None,subset_2.tsv,"['N', 'o', 'n', 'e']",3124,3
3316,,CASSVGGGNTEAFF,,,,,,0.00012983640612827837,None,subset_2.tsv,"['N', 'o', 'n', 'e']",3124,3
7592,,CASSLGGRNTEAFF,,,,,,0.00012983640612827837,None,subset_2.tsv,"['N', 'o', 'n', 'e']",3124,3
1154,,CASSPVPGGTEAFF,,,,,,0.00012983640612827837,None,subset_2.tsv,"['N', 'o', 'n', 'e']",3125,4
1265,,CASSPMTGGNEAFF,,,,,,0.00012983640612827837,None,subset_2.tsv,"['N', 'o', 'n', 'e']",3125,4
2993,,CASSVVSGGTEAFF,,,,,,0.00012983640612827837,None,subset_2.tsv,"['N', 'o', 'n', 'e']",3125,4
4435,,CASSHVKGGTEAFF,,,,,,0.00012983640612827837,None,subset_2.tsv,"['N', 'o', 'n', 'e']",3125,4
1034,,CASSPSGGGTEAFF,,,,,,0.00012983640612827837,None,subset_2.tsv,"['N', 'o', 'n', 'e']",3126,2
4080,,CASSDGGGGTEAFF,,,,,,0.00012983640612827837,None,subset_2.tsv,"['N', 'o', 'n', 'e']",3126,2
3191,,CASSTTGGSTEAFF,,,,,,0.00012983640612827837,None,subset_2.tsv,"['N', 'o', 'n', 'e']",3127,2
4500,,CASSHLGGAGEAFF,,,,,,0.00012983640612827837,None,subset_2.tsv,"['N', 'o', 'n', 'e']",3127,2
1601,,CASSQGTGGTEAFF,,,,,,0.00012983640612827837,None,subset_2.tsv,"['N', 'o', 'n', 'e']",3128,4
1624,,CASSQGTGNTEAFF,,,,,,0.00012983640612827837,None,subset_2.tsv,"['N', 'o', 'n', 'e']",3128,4
3003,,CASSYGTGVTEAFF,,,,,,0.00012983640612827837,None,subset_2.tsv,"['N', 'o', 'n', 'e']",3128,4
4003,,CASSFGTGHTEAFF,,,,,,0.00012983640612827837,None,subset_2.tsv,"['N', 'o', 'n', 'e']",3128,4
2992,,CASSVVTGNTEAFF,,,,,,0.00012983640612827837,None,subset_2.tsv,"['N', 'o', 'n', 'e']",3129,5
4657,,CASSFLTGNTEAFF,,,,,,0.00012983640612827837,None,subset_2.tsv,"['N', 'o', 'n', 'e']",3129,5
5862,,CASSLTSGNTEAFF,,,,,,0.00012983640612827837,None,subset_2.tsv,"['N', 'o', 'n', 'e']",3129,5
6554,,CASSMVSGNTEAFF,,,,,,0.00012983640612827837,None,subset_2.tsv,"['N', 'o', 'n', 'e']",3129,5
7295,,CASSLLPGNTEAFF,,,,,,0.00012983640612827837,None,subset_2.tsv,"['N', 'o', 'n', 'e']",3129,5
394,,CASSQVWGFGELFF,,,,,,0.00012983640612827837,None,subset_2.tsv,"['N', 'o', 'n', 'e']",3130,2
502,,CASSQVEGVEKLFF,,,,,,0.00012983640612827837,None,subset_2.tsv,"['N', 'o', 'n', 'e']",3130,2
392,,CASSQVWRGGEQFF,,,,,,0.00012983640612827837,None,subset_2.tsv,"['N', 'o', 'n', 'e']",3131,3
461,,CASSQVKLAGEQYF,,,,,,0.00012983640612827837,None,subset_2.tsv,"['N', 'o', 'n', 'e']",3131,3
3789,,CASSYSPSRGEQFF,,,,,,0.00012983640612827837,None,subset_2.tsv,"['N', 'o', 'n', 'e']",3131,3
6024,,CASSLMLGSGEQYF,,,,,,0.00012983640612827837,None,subset_2.tsv,"['N', 'o', 'n', 'e']",3132,3
7077,,CASSLAAVRGEQYF,,,,,,0.00012983640612827837,None,subset_2.tsv,"['N', 'o', 'n', 'e']",3132,3
7406,,CASSLGARMGEQYF,,,,,,0.00012983640612827837,None,subset_2.tsv,"['N', 'o', 'n', 'e']",3132,3
6066,,CASSLNMEASEAFF,,,,,,0.00012983640612827837,None,subset_2.tsv,"['N', 'o', 'n', 'e']",3133,3
6798,,CASSLDYNTGELFF,,,,,,0.00012983640612827837,None,subset_2.tsv,"['N', 'o', 'n', 'e']",3133,3
7065,,CASSLAFLAGELFF,,,,,,0.00012983640612827837,None,subset_2.tsv,"['N', 'o', 'n', 'e']",3133,3
4930,,CASNLLANTGELFF,,,,,,0.00012983640612827837,None,subset_2.tsv,"['N', 'o', 'n', 'e']",3134,3
5774,,CASSLTANTGELFF,,,,,,0.00012983640612827837,None,subset_2.tsv,"['N', 'o', 'n', 'e']",3134,3
7266,,CASSLLAHTGELFF,,,,,,0.00012983640612827837,None,subset_2.tsv,"['N', 'o', 'n', 'e']",3134,3
474,,CASSQVEATGELFF,,,,,,0.00012983640612827837,None,subset_2.tsv,"['N', 'o', 'n', 'e']",3135,4
1844,,CASSQEANTGELFF,,,,,,0.00012983640612827837,None,subset_2.tsv,"['N', 'o', 'n', 'e']",3135,4
3845,,CASSETINTGELFF,,,,,,0.00012983640612827837,None,subset_2.tsv,"['N', 'o', 'n', 'e']",3135,4
7442,,CASSLEQATGELFF,,,,,,0.00012983640612827837,None,subset_2.tsv,"['N', 'o', 'n', 'e']",3135,4
475,,CASSQVEATNEKLFF,,,,,,0.00012983640612827837,None,subset_2.tsv,"['N', 'o', 'n', 'e']",3136,3
1548,,CASSQEQASNEQFF,,,,,,0.00012983640612827837,None,subset_2.tsv,"['N', 'o', 'n', 'e']",3136,3
6532,,CASSLVQADNEQFF,,,,,,0.00012983640612827837,None,subset_2.tsv,"['N', 'o', 'n', 'e']",3136,3
3355,,CASSYLLDNNEQFF,,,,,,0.00012983640612827837,None,subset_2.tsv,"['N', 'o', 'n', 'e']",3137,2
7274,,CASSLLADYNEQFF,,,,,,0.00012983640612827837,None,subset_2.tsv,"['N', 'o', 'n', 'e']",3137,2
7343,,CASSLGYPANEQFF,,,,,,0.00012983640612827837,None,subset_2.tsv,"['N', 'o', 'n', 'e']",3138,3
7512,,CASSLGIAVSEQFF,,,,,,0.00012983640612827837,None,subset_2.tsv,"['N', 'o', 'n', 'e']",3138,3
7550,,CASSLGLASNEQFF,,,,,,0.00012983640612827837,None,subset_2.tsv,"['N', 'o', 'n', 'e']",3138,3
4342,,CASSHGLAGVEQYF,,,,,,0.00012983640612827837,None,subset_2.tsv,"['N', 'o', 'n', 'e']",3139,3
6378,,CASSPGLGGVEQFF,,,,,,0.00012983640612827837,None,subset_2.tsv,"['N', 'o', 'n', 'e']",3139,3
6382,,CASSPGLAGGEQFF,,,,,,0.00012983640612827837,None,subset_2.tsv,"['N', 'o', 'n', 'e']",3139,3
1638,,CASSQGILSGELFF,,,,,,0.00012983640612827837,None,subset_2.tsv,"['N', 'o', 'n', 'e']",3140,4
3602,,CASSYSFQGGELFF,,,,,,0.00012983640612827837,None,subset_2.tsv,"['N', 'o', 'n', 'e']",3140,4
4238,,CASSEGGFGRELFF,,,,,,0.00012983640612827837,None,subset_2.tsv,"['N', 'o', 'n', 'e']",3140,4
5650,,CASRPGLESGELFF,,,,,,0.00012983640612827837,None,subset_2.tsv,"['N', 'o', 'n', 'e']",3140,4
713,,CASSTGLAVLPQYF,,,,,,0.00012983640612827837,None,subset_2.tsv,"['N', 'o', 'n', 'e']",3141,2
5462,,CASSAGLHTGTQYF,,,,,,0.00012983640612827837,None,subset_2.tsv,"['N', 'o', 'n', 'e']",3141,2
2275,,CATSDLTDTGELFF,,,,,,0.00012983640612827837,None,subset_2.tsv,"['N', 'o', 'n', 'e']",3144,2
6322,,CASSPGTDTGELFF,,,,,,0.00012983640612827837,None,subset_2.tsv,"['N', 'o', 'n', 'e']",3144,2
3201,,CASSTSHVGTEAFF,,,,,,0.00012983640612827837,None,subset_2.tsv,"['N', 'o', 'n', 'e']",3146,3
5266,,CASRRGVEGEKLFF,,,,,,0.00012983640612827837,None,subset_2.tsv,"['N', 'o', 'n', 'e']",3146,3
5283,,CASRVGAEGTEAFF,,,,,,0.00012983640612827837,None,subset_2.tsv,"['N', 'o', 'n', 'e']",3146,3
509,,CASSSTPEGYEQFF,,,,,,0.00012983640612827837,None,subset_2.tsv,"['N', 'o', 'n', 'e']",3147,3
858,,CASSSLPWRDEAFF,,,,,,0.00012983640612827837,None,subset_2.tsv,"['N', 'o', 'n', 'e']",3147,3
6584,,CASSNTRQGDEQFF,,,,,,0.00012983640612827837,None,subset_2.tsv,"['N', 'o', 'n', 'e']",3147,3
1364,,CASSPRATRDEQFF,,,,,,0.00012983640612827837,None,subset_2.tsv,"['N', 'o', 'n', 'e']",3148,2
4975,,CASIPLAEVVEQFF,,,,,,0.00012983640612827837,None,subset_2.tsv,"['N', 'o', 'n', 'e']",3148,2
1072,,CASSPSAQGNEQYF,,,,,,0.00012983640612827837,None,subset_2.tsv,"['N', 'o', 'n', 'e']",3149,2
5638,,CASRPISQGETQYF,,,,,,0.00012983640612827837,None,subset_2.tsv,"['N', 'o', 'n', 'e']",3149,2
4782,,CASGSGTNTGELFF,,,,,,0.00012983640612827837,None,subset_2.tsv,"['N', 'o', 'n', 'e']",3151,2
5739,,CASSLSTATGELFF,,,,,,0.00012983640612827837,None,subset_2.tsv,"['N', 'o', 'n', 'e']",3151,2
2304,,CATSSGRDTGELFF,,,,,,0.00012983640612827837,None,subset_2.tsv,"['N', 'o', 'n', 'e']",3152,4
2408,,CSSLSGGVWGEQFF,,,,,,0.00012983640612827837,None,subset_2.tsv,"['N', 'o', 'n', 'e']",3152,4
3480,,CATGSGPNTGELFF,,,,,,0.00012983640612827837,None,subset_2.tsv,"['N', 'o', 'n', 'e']",3152,4
5220,,CANGAGRGTGELFF,,,,,,0.00012983640612827837,None,subset_2.tsv,"['N', 'o', 'n', 'e']",3152,4
615,,CASSSSGVTGELFF,,,,,,0.00012983640612827837,None,subset_2.tsv,"['N', 'o', 'n', 'e']",3153,5
3204,,CASSTSGNTGELFF,,,,,,0.00012983640612827837,None,subset_2.tsv,"['N', 'o', 'n', 'e']",3153,5
4833,,CASGTSGMNGELFF,,,,,,0.00012983640612827837,None,subset_2.tsv,"['N', 'o', 'n', 'e']",3153,5
4953,,CASMPAGYTGELFF,,,,,,0.00012983640612827837,None,subset_2.tsv,"['N', 'o', 'n', 'e']",3153,5
5439,,CASSAARNTGELFF,,,,,,0.00012983640612827837,None,subset_2.tsv,"['N', 'o', 'n', 'e']",3153,5
152,,CASSRGVLTGELFF,,,,,,0.00012983640612827837,None,subset_2.tsv,"['N', 'o', 'n', 'e']",3154,2
5301,,CASRTGMVTGELFF,,,,,,0.00012983640612827837,None,subset_2.tsv,"['N', 'o', 'n', 'e']",3154,2
5,,CASSFSGNTGELFF,,,,,,0.00038950921838483513,None,subset_2.tsv,"['N', 'o', 'n', 'e']",3156,3
3647,,CASSYSGNTGELFF,,,,,,0.00012983640612827837,None,subset_2.tsv,"['N', 'o', 'n', 'e']",3156,3
4575,,CASSFSGATGELFF,,,,,,0.00012983640612827837,None,subset_2.tsv,"['N', 'o', 'n', 'e']",3156,3
4460,,CASSIFGNTGELFF,,,,,,0.00012983640612827837,None,subset_2.tsv,"['N', 'o', 'n', 'e']",3157,4
4642,,CASSFPGPTGELFF,,,,,,0.00012983640612827837,None,subset_2.tsv,"['N', 'o', 'n', 'e']",3157,4
4757,,CASSFWGRTGELFF,,,,,,0.00012983640612827837,None,subset_2.tsv,"['N', 'o', 'n', 'e']",3157,4
7121,,CASSKEGNTGELFF,,,,,,0.00012983640612827837,None,subset_2.tsv,"['N', 'o', 'n', 'e']",3157,4
438,,CASSQYLWGGELFF,,,,,,0.00012983640612827837,None,subset_2.tsv,"['N', 'o', 'n', 'e']",3159,2
6663,,CASSLYSATGELFF,,,,,,0.00012983640612827837,None,subset_2.tsv,"['N', 'o', 'n', 'e']",3159,2
3843,,CASSETPVRNEQYF,,,,,,0.00012983640612827837,None,subset_2.tsv,"['N', 'o', 'n', 'e']",3161,2
5564,,CASNPIPVTGEQYF,,,,,,0.00012983640612827837,None,subset_2.tsv,"['N', 'o', 'n', 'e']",3161,2
1258,,CASSPNLDTGELFF,,,,,,0.00012983640612827837,None,subset_2.tsv,"['N', 'o', 'n', 'e']",3162,2
7014,,CASSIILDTGELFF,,,,,,0.00012983640612827837,None,subset_2.tsv,"['N', 'o', 'n', 'e']",3162,2
1209,,CASSPTSNTGELFF,,,,,,0.00012983640612827837,None,subset_2.tsv,"['N', 'o', 'n', 'e']",3163,4
2879,,CATRDTTNTGELFF,,,,,,0.00012983640612827837,None,subset_2.tsv,"['N', 'o', 'n', 'e']",3163,4
5332,,CASRPQINTGELFF,,,,,,0.00012983640612827837,None,subset_2.tsv,"['N', 'o', 'n', 'e']",3163,4
5450,,CASRYQLSTGELFF,,,,,,0.00012983640612827837,None,subset_2.tsv,"['N', 'o', 'n', 'e']",3163,4
5489,,CASRDRSNSGELFF,,,,,,0.00012983640612827837,None,subset_2.tsv,"['N', 'o', 'n', 'e']",3164,3
5490,,CASRDRQNTGELFF,,,,,,0.00012983640612827837,None,subset_2.tsv,"['N', 'o', 'n', 'e']",3164,3
5516,,CASRDSADTGELFF,,,,,,0.00012983640612827837,None,subset_2.tsv,"['N', 'o', 'n', 'e']",3164,3
3495,,CASYTPENTGELFF,,,,,,0.00012983640612827837,None,subset_2.tsv,"['N', 'o', 'n', 'e']",3165,3
5199,,CAKRTNPYTGELFF,,,,,,0.00012983640612827837,None,subset_2.tsv,"['N', 'o', 'n', 'e']",3165,3
5262,,CASRRTVNTGELFF,,,,,,0.00012983640612827837,None,subset_2.tsv,"['N', 'o', 'n', 'e']",3165,3
86,,CASSREGPNGELFF,,,,,,0.00012983640612827837,None,subset_2.tsv,"['N', 'o', 'n', 'e']",3166,2
921,,CASSSPDDTGELFF,,,,,,0.00012983640612827837,None,subset_2.tsv,"['N', 'o', 'n', 'e']",3166,2
1010,,CASSPTGGPYEQYF,,,,,,0.00012983640612827837,None,subset_2.tsv,"['N', 'o', 'n', 'e']",3167,4
1193,,CASSPVGGFFEQYF,,,,,,0.00012983640612827837,None,subset_2.tsv,"['N', 'o', 'n', 'e']",3167,4
1241,,CASSPLGGEETQYF,,,,,,0.00012983640612827837,None,subset_2.tsv,"['N', 'o', 'n', 'e']",3167,4
6236,,CASSPGGGQDEQYF,,,,,,0.00012983640612827837,None,subset_2.tsv,"['N', 'o', 'n', 'e']",3167,4
4241,,CASSEGGDPYEQYF,,,,,,0.00012983640612827837,None,subset_2.tsv,"['N', 'o', 'n', 'e']",3168,4
6230,,CASSPGGLENEQYF,,,,,,0.00012983640612827837,None,subset_2.tsv,"['N', 'o', 'n', 'e']",3168,4
6243,,CASSPGGAYYEQYF,,,,,,0.00012983640612827837,None,subset_2.tsv,"['N', 'o', 'n', 'e']",3168,4
6329,,CASSPGRTFYEQYF,,,,,,0.00012983640612827837,None,subset_2.tsv,"['N', 'o', 'n', 'e']",3168,4
2920,,CASSWRTLPYEQYF,,,,,,0.00012983640612827837,None,subset_2.tsv,"['N', 'o', 'n', 'e']",3169,2
3781,,CASSYSRFPYEQYF,,,,,,0.00012983640612827837,None,subset_2.tsv,"['N', 'o', 'n', 'e']",3169,2
3641,,CASSYSGSPETQYF,,,,,,0.00012983640612827837,None,subset_2.tsv,"['N', 'o', 'n', 'e']",3170,3
3644,,CASSYSGRAHEQYF,,,,,,0.00012983640612827837,None,subset_2.tsv,"['N', 'o', 'n', 'e']",3170,3
3653,,CASSYRRVQDEQYF,,,,,,0.00012983640612827837,None,subset_2.tsv,"['N', 'o', 'n', 'e']",3170,3
5085,,CAGSPGAQPYEQYF,,,,,,0.00012983640612827837,None,subset_2.tsv,"['N', 'o', 'n', 'e']",3171,2
6274,,CASSPALQPYEQYF,,,,,,0.00012983640612827837,None,subset_2.tsv,"['N', 'o', 'n', 'e']",3171,2
4206,,CASSEASNAYEQYF,,,,,,0.00012983640612827837,None,subset_2.tsv,"['N', 'o', 'n', 'e']",3172,2
5211,,CAISPSRSKNIQYF,,,,,,0.00012983640612827837,None,subset_2.tsv,"['N', 'o', 'n', 'e']",3172,2
1232,,CASSPLKTIYEQYF,,,,,,0.00012983640612827837,None,subset_2.tsv,"['N', 'o', 'n', 'e']",3173,2
1354,,CASSPQGTFYEQYF,,,,,,0.00012983640612827837,None,subset_2.tsv,"['N', 'o', 'n', 'e']",3173,2
3061,,CASSYEKRVYEQYF,,,,,,0.00012983640612827837,None,subset_2.tsv,"['N', 'o', 'n', 'e']",3174,3
4190,,CASSEFMTFNEQFF,,,,,,0.00012983640612827837,None,subset_2.tsv,"['N', 'o', 'n', 'e']",3174,3
4193,,CASSEELKVVEQYF,,,,,,0.00012983640612827837,None,subset_2.tsv,"['N', 'o', 'n', 'e']",3174,3
1614,,CASSQGTVLQPQHF,,,,,,0.00012983640612827837,None,subset_2.tsv,"['N', 'o', 'n', 'e']",3175,2
6352,,CASSPGTVNQPQHF,,,,,,0.00012983640612827837,None,subset_2.tsv,"['N', 'o', 'n', 'e']",3175,2
1599,,CASSQGTGGEKLFF,,,,,,0.00012983640612827837,None,subset_2.tsv,"['N', 'o', 'n', 'e']",3176,2
3915,,CASSEGTVNEKLFF,,,,,,0.00012983640612827837,None,subset_2.tsv,"['N', 'o', 'n', 'e']",3176,2
5177,,CASGFGTVNEQFF,,,,,,0.00012983640612827837,None,subset_2.tsv,"['N', 'o', 'n', 'e']",3177,2
5645,,CASRPGTAYIEAFF,,,,,,0.00012983640612827837,None,subset_2.tsv,"['N', 'o', 'n', 'e']",3177,2
4801,,CASGPSLMEAEQFF,,,,,,0.00012983640612827837,None,subset_2.tsv,"['N', 'o', 'n', 'e']",3178,2
4871,,CASGPGSSYNEQFF,,,,,,0.00012983640612827837,None,subset_2.tsv,"['N', 'o', 'n', 'e']",3178,2
3011,,CASSYGTANNEQFF,,,,,,0.00012983640612827837,None,subset_2.tsv,"['N', 'o', 'n', 'e']",3179,4
3996,,CASSFGTTDNEQFF,,,,,,0.00012983640612827837,None,subset_2.tsv,"['N', 'o', 'n', 'e']",3179,4
4007,,CASSFGTAYNEQFF,,,,,,0.00012983640612827837,None,subset_2.tsv,"['N', 'o', 'n', 'e']",3179,4
6625,,CASSMGTATNEKLFF,,,,,,0.00012983640612827837,None,subset_2.tsv,"['N', 'o', 'n', 'e']",3179,4
1619,,CASSQGTSFFEQFF,,,,,,0.00012983640612827837,None,subset_2.tsv,"['N', 'o', 'n', 'e']",3180,2
3916,,CASSEGTGYNEQFF,,,,,,0.00012983640612827837,None,subset_2.tsv,"['N', 'o', 'n', 'e']",3180,2
3831,,CASSPGTGVFEQYF,,,,,,0.00012983640612827837,None,subset_2.tsv,"['N', 'o', 'n', 'e']",3181,3
6357,,CASSPGTSLNEQFF,,,,,,0.00012983640612827837,None,subset_2.tsv,"['N', 'o', 'n', 'e']",3181,3
6368,,CASSPGTGRNEQFF,,,,,,0.00012983640612827837,None,subset_2.tsv,"['N', 'o', 'n', 'e']",3181,3
1238,,CASSPLGPNYEQYF,,,,,,0.00012983640612827837,None,subset_2.tsv,"['N', 'o', 'n', 'e']",3182,3
1272,,CASSPLGDNTEAFF,,,,,,0.00012983640612827837,None,subset_2.tsv,"['N', 'o', 'n', 'e']",3182,3
2280,,CATSDLGHNNEQFF,,,,,,0.00012983640612827837,None,subset_2.tsv,"['N', 'o', 'n', 'e']",3182,3
1226,,CASSPLRDREIPF,,,,,,0.00012983640612827837,None,subset_2.tsv,"['N', 'o', 'n', 'e']",3183,3
4501,,CASSHLGAHQLNF,,,,,,0.00012983640612827837,None,subset_2.tsv,"['N', 'o', 'n', 'e']",3183,3
4513,,CASSHLTDREQFF,,,,,,0.00012983640612827837,None,subset_2.tsv,"['N', 'o', 'n', 'e']",3183,3
1273,,CASSPLGAKNIQYF,,,,,,0.00012983640612827837,None,subset_2.tsv,"['N', 'o', 'n', 'e']",3184,3
3966,,CASSFGGVRETQYF,,,,,,0.00012983640612827837,None,subset_2.tsv,"['N', 'o', 'n', 'e']",3184,3
4607,,CASSFLGDRDEQYF,,,,,,0.00012983640612827837,None,subset_2.tsv,"['N', 'o', 'n', 'e']",3184,3
3851,,CASSESSQNTEAFF,,,,,,0.00012983640612827837,None,subset_2.tsv,"['N', 'o', 'n', 'e']",3185,2
6319,,CASSPGTEATQYF,,,,,,0.00012983640612827837,None,subset_2.tsv,"['N', 'o', 'n', 'e']",3185,2
3094,,CASSYGGQETQYF,,,,,,0.00012983640612827837,None,subset_2.tsv,"['N', 'o', 'n', 'e']",3186,4
3365,,CASTPGGIDTQYF,,,,,,0.00012983640612827837,None,subset_2.tsv,"['N', 'o', 'n', 'e']",3186,4
3890,,CASSESGPDTQYF,,,,,,0.00012983640612827837,None,subset_2.tsv,"['N', 'o', 'n', 'e']",3186,4
6424,,CASSPGPQETQYF,,,,,,0.00012983640612827837,None,subset_2.tsv,"['N', 'o', 'n', 'e']",3186,4
1067,,CASSPRREYTEAFF,,,,,,0.00012983640612827837,None,subset_2.tsv,"['N', 'o', 'n', 'e']",3187,4
1079,,CASSPRTPYNEQFF,,,,,,0.00012983640612827837,None,subset_2.tsv,"['N', 'o', 'n', 'e']",3187,4
3816,,CASSYSTWPSEQFF,,,,,,0.00012983640612827837,None,subset_2.tsv,"['N', 'o', 'n', 'e']",3187,4
4276,,CASSDSTEENEQFF,,,,,,0.00012983640612827837,None,subset_2.tsv,"['N', 'o', 'n', 'e']",3187,4
3013,,CASSYGREPNEQFF,,,,,,0.00012983640612827837,None,subset_2.tsv,"['N', 'o', 'n', 'e']",3188,3
4227,,CASSEGIYYNEQFF,,,,,,0.00012983640612827837,None,subset_2.tsv,"['N', 'o', 'n', 'e']",3188,3
6315,,CASSPGGPYNEQFF,,,,,,0.00012983640612827837,None,subset_2.tsv,"['N', 'o', 'n', 'e']",3188,3
2200,,CATSPGGQYNEKLFF,,,,,,0.00012983640612827837,None,subset_2.tsv,"['N', 'o', 'n', 'e']",3189,3
5104,,CAILDGTIYNEQFF,,,,,,0.00012983640612827837,None,subset_2.tsv,"['N', 'o', 'n', 'e']",3189,3
6405,,CASSPGLLYNEQFF,,,,,,0.00012983640612827837,None,subset_2.tsv,"['N', 'o', 'n', 'e']",3189,3
4170,,CASSATSGYNEQFF,,,,,,0.00012983640612827837,None,subset_2.tsv,"['N', 'o', 'n', 'e']",3190,2
4385,,CASSGLAGLNEQFF,,,,,,0.00012983640612827837,None,subset_2.tsv,"['N', 'o', 'n', 'e']",3190,2
4411,,CASSGRAGTGVQFF,,,,,,0.00012983640612827837,None,subset_2.tsv,"['N', 'o', 'n', 'e']",3192,2
4919,,CASLGLAGAGELFF,,,,,,0.00012983640612827837,None,subset_2.tsv,"['N', 'o', 'n', 'e']",3192,2
2217,,CATSGRADTGELFF,,,,,,0.00012983640612827837,None,subset_2.tsv,"['N', 'o', 'n', 'e']",3193,4
2296,,CATSSRANTGELFF,,,,,,0.00012983640612827837,None,subset_2.tsv,"['N', 'o', 'n', 'e']",3193,4
4325,,CASSGTAFWGYTF,,,,,,0.00012983640612827837,None,subset_2.tsv,"['N', 'o', 'n', 'e']",3193,4
4381,,CASSGLASTGELFF,,,,,,0.00012983640612827837,None,subset_2.tsv,"['N', 'o', 'n', 'e']",3193,4
792,,CASSSLAGEETQYF,,,,,,0.00012983640612827837,None,subset_2.tsv,"['N', 'o', 'n', 'e']",3194,3
4375,,CASSGLRGEETQYF,,,,,,0.00012983640612827837,None,subset_2.tsv,"['N', 'o', 'n', 'e']",3194,3
4406,,CASSGRQGEETQYF,,,,,,0.00012983640612827837,None,subset_2.tsv,"['N', 'o', 'n', 'e']",3194,3
3186,,CASSTTQGIYEQYF,,,,,,0.00012983640612827837,None,subset_2.tsv,"['N', 'o', 'n', 'e']",3195,3
4353,,CASSHEQGQETQYF,,,,,,0.00012983640612827837,None,subset_2.tsv,"['N', 'o', 'n', 'e']",3195,3
6558,,CASSMTQGVETQYF,,,,,,0.00012983640612827837,None,subset_2.tsv,"['N', 'o', 'n', 'e']",3195,3
692,,CASSTGAGVNEQYF,,,,,,0.00012983640612827837,None,subset_2.tsv,"['N', 'o', 'n', 'e']",3196,2
3332,,CASSVGSGPVEQYF,,,,,,0.00012983640612827837,None,subset_2.tsv,"['N', 'o', 'n', 'e']",3196,2
2208,,CATSIRAGEDTQYF,,,,,,0.00012983640612827837,None,subset_2.tsv,"['N', 'o', 'n', 'e']",3197,2
4618,,CASSFLAGEDIQYF,,,,,,0.00012983640612827837,None,subset_2.tsv,"['N', 'o', 'n', 'e']",3197,2
3195,,CASSTTAGDTEAFF,,,,,,0.00012983640612827837,None,subset_2.tsv,"['N', 'o', 'n', 'e']",3199,2
4148,,CASSARSVAYEAFF,,,,,,0.00012983640612827837,None,subset_2.tsv,"['N', 'o', 'n', 'e']",3199,2
679,,CASSTRAGGVGQFF,,,,,,0.00012983640612827837,None,subset_2.tsv,"['N', 'o', 'n', 'e']",3200,2
716,,CASSTIAGGETQYF,,,,,,0.00012983640612827837,None,subset_2.tsv,"['N', 'o', 'n', 'e']",3200,2
260,,CASSRTGVYNEQFF,,,,,,0.00012983640612827837,None,subset_2.tsv,"['N', 'o', 'n', 'e']",3201,3
2953,,CASSVTGTPNEQFF,,,,,,0.00012983640612827837,None,subset_2.tsv,"['N', 'o', 'n', 'e']",3201,3
5584,,CASQATTTYNEQFF,,,,,,0.00012983640612827837,None,subset_2.tsv,"['N', 'o', 'n', 'e']",3201,3
3374,,CASTPAGDYNEQFF,,,,,,0.00012983640612827837,None,subset_2.tsv,"['N', 'o', 'n', 'e']",3202,4
3404,,CASTPTGTYNEQFF,,,,,,0.00012983640612827837,None,subset_2.tsv,"['N', 'o', 'n', 'e']",3202,4
4838,,CASGPLGGYNEQFF,,,,,,0.00012983640612827837,None,subset_2.tsv,"['N', 'o', 'n', 'e']",3202,4
6399,,CASSPGGSYNEQFF,,,,,,0.00012983640612827837,None,subset_2.tsv,"['N', 'o', 'n', 'e']",3202,4
81,,CASSRLDNYNEQFF,,,,,,0.00012983640612827837,None,subset_2.tsv,"['N', 'o', 'n', 'e']",3203,5
121,,CASSRGISYNEQFF,,,,,,0.00012983640612827837,None,subset_2.tsv,"['N', 'o', 'n', 'e']",3203,5
150,,CASSRGWGDNEQFF,,,,,,0.00012983640612827837,None,subset_2.tsv,"['N', 'o', 'n', 'e']",3203,5
151,,CASSRGVSYNEQFF,,,,,,0.00012983640612827837,None,subset_2.tsv,"['N', 'o', 'n', 'e']",3203,5
724,,CASSTGVGYNEQFF,,,,,,0.00012983640612827837,None,subset_2.tsv,"['N', 'o', 'n', 'e']",3203,5
4610,,CASSFLEGYNEQFF,,,,,,0.00012983640612827837,None,subset_2.tsv,"['N', 'o', 'n', 'e']",3204,2
6372,,CASSPGQGYNEQFF,,,,,,0.00012983640612827837,None,subset_2.tsv,"['N', 'o', 'n', 'e']",3204,2
1201,,CASSPTVTYNEQFF,,,,,,0.00012983640612827837,None,subset_2.tsv,"['N', 'o', 'n', 'e']",3205,2
3107,,CASSYGDRHNEQFF,,,,,,0.00012983640612827837,None,subset_2.tsv,"['N', 'o', 'n', 'e']",3205,2
735,,CASSTGQAYNEKLFF,,,,,,0.00012983640612827837,None,subset_2.tsv,"['N', 'o', 'n', 'e']",3206,4
2333,,CATTRGPKLNEKLFF,,,,,,0.00012983640612827837,None,subset_2.tsv,"['N', 'o', 'n', 'e']",3206,4
3342,,CASSVGQATNEKLFF,,,,,,0.00012983640612827837,None,subset_2.tsv,"['N', 'o', 'n', 'e']",3206,4
5470,,CASSAGETTNEKLFF,,,,,,0.00012983640612827837,None,subset_2.tsv,"['N', 'o', 'n', 'e']",3206,4
131,,CASSRGGDYNEQFF,,,,,,0.00012983640612827837,None,subset_2.tsv,"['N', 'o', 'n', 'e']",3208,3
4694,,CASSGGTDYNEQFF,,,,,,0.00012983640612827837,None,subset_2.tsv,"['N', 'o', 'n', 'e']",3208,3
4921,,CASLGGGPYNEQFF,,,,,,0.00012983640612827837,None,subset_2.tsv,"['N', 'o', 'n', 'e']",3208,3
5153,,CASAVGLTYNEQFF,,,,,,0.00012983640612827837,None,subset_2.tsv,"['N', 'o', 'n', 'e']",3209,4
5381,,CASSAGVENNEQFF,,,,,,0.00012983640612827837,None,subset_2.tsv,"['N', 'o', 'n', 'e']",3209,4
5382,,CASSAGVDNNEQFF,,,,,,0.00012983640612827837,None,subset_2.tsv,"['N', 'o', 'n', 'e']",3209,4
5549,,CASNSGLDNNEQFF,,,,,,0.00012983640612827837,None,subset_2.tsv,"['N', 'o', 'n', 'e']",3209,4
3478,,CATGTGTGDNEQFF,,,,,,0.00012983640612827837,None,subset_2.tsv,"['N', 'o', 'n', 'e']",3210,2
5192,,CAISGGTSPNEQFF,,,,,,0.00012983640612827837,None,subset_2.tsv,"['N', 'o', 'n', 'e']",3210,2
3303,,CASSVGGSPDEQYF,,,,,,0.00012983640612827837,None,subset_2.tsv,"['N', 'o', 'n', 'e']",3212,4
4697,,CASSGGRGPDEQYF,,,,,,0.00012983640612827837,None,subset_2.tsv,"['N', 'o', 'n', 'e']",3212,4
4962,,CASKAGGSVNEQYF,,,,,,0.00012983640612827837,None,subset_2.tsv,"['N', 'o', 'n', 'e']",3212,4
5155,,CASATLGGQDEQYF,,,,,,0.00012983640612827837,None,subset_2.tsv,"['N', 'o', 'n', 'e']",3212,4
2574,,CSVTMGRGPYEQYF,,,,,,0.00012983640612827837,None,subset_2.tsv,"['N', 'o', 'n', 'e']",3213,2
4807,,CASGTGTGPYEQYF,,,,,,0.00012983640612827837,None,subset_2.tsv,"['N', 'o', 'n', 'e']",3213,2
5298,,CASRTIMVPYEQYF,,,,,,0.00012983640612827837,None,subset_2.tsv,"['N', 'o', 'n', 'e']",3214,2
5308,,CASRRGWSDHEQYF,,,,,,0.00012983640612827837,None,subset_2.tsv,"['N', 'o', 'n', 'e']",3214,2
1942,,CSAEPGQGNNEQFF,,,,,,0.00012983640612827837,None,subset_2.tsv,"['N', 'o', 'n', 'e']",3215,3
2025,,CSAAQGVVYNEQFF,,,,,,0.00012983640612827837,None,subset_2.tsv,"['N', 'o', 'n', 'e']",3215,3
2410,,CSRREGVSYNEQFF,,,,,,0.00012983640612827837,None,subset_2.tsv,"['N', 'o', 'n', 'e']",3215,3
2590,,CSVEPGTSYNEQFF,,,,,,0.00012983640612827837,None,subset_2.tsv,"['N', 'o', 'n', 'e']",3216,3
3476,,CATEEGRGYNEQFF,,,,,,0.00012983640612827837,None,subset_2.tsv,"['N', 'o', 'n', 'e']",3216,3
5046,,CAISESGAFNEQFF,,,,,,0.00012983640612827837,None,subset_2.tsv,"['N', 'o', 'n', 'e']",3216,3
2017,,CSADGGLAQQEQFF,,,,,,0.00012983640612827837,None,subset_2.tsv,"['N', 'o', 'n', 'e']",3217,4
2618,,CSVGRGVHYNEQFF,,,,,,0.00012983640612827837,None,subset_2.tsv,"['N', 'o', 'n', 'e']",3217,4
2626,,CSVFGGRSYNEQFF,,,,,,0.00012983640612827837,None,subset_2.tsv,"['N', 'o', 'n', 'e']",3217,4
2824,,CSARRGLNPNEQFF,,,,,,0.00012983640612827837,None,subset_2.tsv,"['N', 'o', 'n', 'e']",3217,4
1954,,CSAHARDSYNEQFF,,,,,,0.00012983640612827837,None,subset_2.tsv,"['N', 'o', 'n', 'e']",3218,3
2764,,CSASASGHYNEQFF,,,,,,0.00012983640612827837,None,subset_2.tsv,"['N', 'o', 'n', 'e']",3218,3
2861,,CSARTGGLYNEQFF,,,,,,0.00012983640612827837,None,subset_2.tsv,"['N', 'o', 'n', 'e']",3218,3
558,,CASSSTTSYNEQFF,,,,,,0.00012983640612827837,None,subset_2.tsv,"['N', 'o', 'n', 'e']",3219,3
575,,CASSSRTGDSEQYF,,,,,,0.00012983640612827837,None,subset_2.tsv,"['N', 'o', 'n', 'e']",3219,3
894,,CASSSRGSYNEQFF,,,,,,0.00012983640612827837,None,subset_2.tsv,"['N', 'o', 'n', 'e']",3219,3
243,,CASSRWTSEDEQFF,,,,,,0.00012983640612827837,None,subset_2.tsv,"['N', 'o', 'n', 'e']",3220,2
4162,,CASSAWTSVDEQFF,,,,,,0.00012983640612827837,None,subset_2.tsv,"['N', 'o', 'n', 'e']",3220,2
138,,CASSRKTGANEQFF,,,,,,0.00012983640612827837,None,subset_2.tsv,"['N', 'o', 'n', 'e']",3221,2
4290,,CASSDVTSYNEQFF,,,,,,0.00012983640612827837,None,subset_2.tsv,"['N', 'o', 'n', 'e']",3221,2
929,,CASSSNRVYNEQFF,,,,,,0.00012983640612827837,None,subset_2.tsv,"['N', 'o', 'n', 'e']",3222,2
5484,,CASSADTVYNEQFF,,,,,,0.00012983640612827837,None,subset_2.tsv,"['N', 'o', 'n', 'e']",3222,2
5623,,CASRLDWHDNEQFF,,,,,,0.00012983640612827837,None,subset_2.tsv,"['N', 'o', 'n', 'e']",3223,2
6874,,CASSLDDSYNEQFF,,,,,,0.00012983640612827837,None,subset_2.tsv,"['N', 'o', 'n', 'e']",3223,2
607,,CASSSSRTNNEQFF,,,,,,0.00012983640612827837,None,subset_2.tsv,"['N', 'o', 'n', 'e']",3224,4
614,,CASSSSHSYNEQFF,,,,,,0.00012983640612827837,None,subset_2.tsv,"['N', 'o', 'n', 'e']",3224,4
3212,,CASSVAWNYNEQFF,,,,,,0.00012983640612827837,None,subset_2.tsv,"['N', 'o', 'n', 'e']",3224,4
3220,,CASSVAHLINEQFF,,,,,,0.00012983640612827837,None,subset_2.tsv,"['N', 'o', 'n', 'e']",3224,4
5741,,CASSLSSLINEQFF,,,,,,0.00012983640612827837,None,subset_2.tsv,"['N', 'o', 'n', 'e']",3225,2
6088,,CASSLRSVYNEQFF,,,,,,0.00012983640612827837,None,subset_2.tsv,"['N', 'o', 'n', 'e']",3225,2
426,,CASSRASSYNEQFF,,,,,,0.00012983640612827837,None,subset_2.tsv,"['N', 'o', 'n', 'e']",3226,4
3215,,CASSVASSYNEQFF,,,,,,0.00012983640612827837,None,subset_2.tsv,"['N', 'o', 'n', 'e']",3226,4
3499,,CASWTVSSYNEQFF,,,,,,0.00012983640612827837,None,subset_2.tsv,"['N', 'o', 'n', 'e']",3226,4
5014,,CASGGRSSYNEQFF,,,,,,0.00012983640612827837,None,subset_2.tsv,"['N', 'o', 'n', 'e']",3226,4
404,,CASSQVRIYNEQFF,,,,,,0.00012983640612827837,None,subset_2.tsv,"['N', 'o', 'n', 'e']",3227,2
487,,CASSQVGNYNEQFF,,,,,,0.00012983640612827837,None,subset_2.tsv,"['N', 'o', 'n', 'e']",3227,2
3079,,CASSYARNYNEQFF,,,,,,0.00012983640612827837,None,subset_2.tsv,"['N', 'o', 'n', 'e']",3228,6
5251,,CASNLRGLYNEQFF,,,,,,0.00012983640612827837,None,subset_2.tsv,"['N', 'o', 'n', 'e']",3228,6
5805,,CASSLSGIYNEQFF,,,,,,0.00012983640612827837,None,subset_2.tsv,"['N', 'o', 'n', 'e']",3228,6
6504,,CASSLVGSYNEQFF,,,,,,0.00012983640612827837,None,subset_2.tsv,"['N', 'o', 'n', 'e']",3228,6
7083,,CASSISDSYNEQFF,,,,,,0.00012983640612827837,None,subset_2.tsv,"['N', 'o', 'n', 'e']",3228,6
7100,,CASSISRVYNEQFF,,,,,,0.00012983640612827837,None,subset_2.tsv,"['N', 'o', 'n', 'e']",3228,6
6146,,CASSLQTGVGEQFF,,,,,,0.00012983640612827837,None,subset_2.tsv,"['N', 'o', 'n', 'e']",3229,2
7354,,CASSLISGRPEQFF,,,,,,0.00012983640612827837,None,subset_2.tsv,"['N', 'o', 'n', 'e']",3229,2
6440,,CASSLVVVEDEQFF,,,,,,0.00012983640612827837,None,subset_2.tsv,"['N', 'o', 'n', 'e']",3230,3
6506,,CASSLVGRRDEQYF,,,,,,0.00012983640612827837,None,subset_2.tsv,"['N', 'o', 'n', 'e']",3230,3
6520,,CASSLVGVWDEQFF,,,,,,0.00012983640612827837,None,subset_2.tsv,"['N', 'o', 'n', 'e']",3230,3
3317,,CASSVGGGEAEKLFF,,,,,,0.00012983640612827837,None,subset_2.tsv,"['N', 'o', 'n', 'e']",3231,2
5841,,CASSLTGGEDEKLFF,,,,,,0.00012983640612827837,None,subset_2.tsv,"['N', 'o', 'n', 'e']",3231,2
6912,,CASSIRGLPNEKLFF,,,,,,0.00012983640612827837,None,subset_2.tsv,"['N', 'o', 'n', 'e']",3232,2
7283,,CASSLKGSPNEKLFF,,,,,,0.00012983640612827837,None,subset_2.tsv,"['N', 'o', 'n', 'e']",3232,2
1126,,CASSQAGGYGGELFF,,,,,,0.00012983640612827837,None,subset_2.tsv,"['N', 'o', 'n', 'e']",3233,2
1523,,CASSQEGGDGEKLFF,,,,,,0.00012983640612827837,None,subset_2.tsv,"['N', 'o', 'n', 'e']",3233,2
1064,,CASSPRQSYNEQFF,,,,,,0.00012983640612827837,None,subset_2.tsv,"['N', 'o', 'n', 'e']",3234,2
3884,,CASSEYASYNEQFF,,,,,,0.00012983640612827837,None,subset_2.tsv,"['N', 'o', 'n', 'e']",3234,2
1197,,CASSPVAGANEQFF,,,,,,0.00012983640612827837,None,subset_2.tsv,"['N', 'o', 'n', 'e']",3235,3
1249,,CASSPPASSNEQFF,,,,,,0.00012983640612827837,None,subset_2.tsv,"['N', 'o', 'n', 'e']",3235,3
3113,,CASSYFSATNEQFF,,,,,,0.00012983640612827837,None,subset_2.tsv,"['N', 'o', 'n', 'e']",3235,3
2834,,CSARPQRNYNEQFF,,,,,,0.00012983640612827837,None,subset_2.tsv,"['N', 'o', 'n', 'e']",3236,2
5605,,CASRPKTGYNEQFF,,,,,,0.00012983640612827837,None,subset_2.tsv,"['N', 'o', 'n', 'e']",3236,2
1961,,CSALDSSFYNEQFF,,,,,,0.00012983640612827837,None,subset_2.tsv,"['N', 'o', 'n', 'e']",3237,3
2709,,CSARDRSSYNEQFF,,,,,,0.00012983640612827837,None,subset_2.tsv,"['N', 'o', 'n', 'e']",3237,3
4255,,CASSDRSSYNEQFF,,,,,,0.00012983640612827837,None,subset_2.tsv,"['N', 'o', 'n', 'e']",3237,3
3894,,CASSEMTGVDEQFF,,,,,,0.00012983640612827837,None,subset_2.tsv,"['N', 'o', 'n', 'e']",3238,4
4279,,CASSEAGTADEQFF,,,,,,0.00012983640612827837,None,subset_2.tsv,"['N', 'o', 'n', 'e']",3238,4
6257,,CASSPARGRVEQYF,,,,,,0.00012983640612827837,None,subset_2.tsv,"['N', 'o', 'n', 'e']",3238,4
6281,,CASSPAGGRDEQFF,,,,,,0.00012983640612827837,None,subset_2.tsv,"['N', 'o', 'n', 'e']",3238,4
3901,,CASSELGGIDYTF,,,,,,0.00012983640612827837,None,subset_2.tsv,"['N', 'o', 'n', 'e']",3239,2
5021,,CAISELRGRKEKLFF,,,,,,0.00012983640612827837,None,subset_2.tsv,"['N', 'o', 'n', 'e']",3239,2
5036,,CAISEDLGLLEAFF,,,,,,0.00012983640612827837,None,subset_2.tsv,"['N', 'o', 'n', 'e']",3240,2
5058,,CAISESSGASEAFF,,,,,,0.00012983640612827837,None,subset_2.tsv,"['N', 'o', 'n', 'e']",3240,2
2313,,CATSQQGGAGELFF,,,,,,0.00012983640612827837,None,subset_2.tsv,"['N', 'o', 'n', 'e']",3241,2
6161,,CASSLQGGTGELFF,,,,,,0.00012983640612827837,None,subset_2.tsv,"['N', 'o', 'n', 'e']",3241,2
1965,,CSAKWTSGTGELFF,,,,,,0.00012983640612827837,None,subset_2.tsv,"['N', 'o', 'n', 'e']",3242,3
3744,,CASTEAGGTGELFF,,,,,,0.00012983640612827837,None,subset_2.tsv,"['N', 'o', 'n', 'e']",3242,3
4951,,CASMYPGGTGELFF,,,,,,0.00012983640612827837,None,subset_2.tsv,"['N', 'o', 'n', 'e']",3242,3
