CDR3b	TRBV	TRBJ	count
CAAAGEADTQYF	TRBV10-3*01	TRBJ2-3	1
CAAAPGSYEQYF	TRBV6-6*01	TRBJ2-7	1
CAAAPSDSLQETQYF	TRBV10-3*01	TRBJ2-5	1
CAAAPSGLLNNEQFF	TRBV28*01	TRBJ2-1	1
CAADSRGGVTEAFF	TRBV6-1*01	TRBJ1-1	1
CAAFSPGPGHHYGYTF	TRBV6-6*01	TRBJ1-2	1
CAAGEETQYF	TRBV27*01	TRBJ2-5	1
CAAGGGGTEKLFF	TRBV10-3*01	TRBJ1-4	45
CAAGPSYNEQFF	TRBV19*01	TRBJ2-1	1
CAAGSGANVLTF	TRBV27*01	TRBJ2-6	1
CAAGTSDLGEQFF	TRBV9*01	TRBJ2-1	1
CAAGTVNTGELFF	TRBV10-3*01	TRBJ2-2	1
CAALIGIEQFF	TRBV7-9*01	TRBJ2-1	1
CAAQNGNPNEKLFF	TRBV6-1*01	TRBJ1-4	1
CAASGRASETQYF	TRBV19*01	TRBJ2-5	1
CAATDRNYGYTF	TRBV7-9*01	TRBJ1-2	1
CAAWEGQGGHNEQFF	TRBV28*01	TRBJ2-1	1
CACDGSERTSSYEQYF	TRBV30*01	TRBJ2-7	1
CACGTYSANNEQFF	TRBV19*01	TRBJ2-1	1
CACLGQGDGYEQYF	TRBV7-9*01	TRBJ2-7	1
CACLLRGRPYEQYF	TRBV30*01	TRBJ2-7	1
CACPGTSGASGANVLTF	TRBV6-1*01	TRBJ2-6	1
CACRQPATEAFF	TRBV6-3*01	TRBJ1-1	1
CACRSQGTLYEQYF	TRBV6-3*01	TRBJ2-7	1
CAENAVSTDTQYF	TRBV30*01	TRBJ2-3	1
CAETGEVRTYEQYF	TRBV10-3*01	TRBJ2-7	4
CAFPKGGAMGTEAFF	TRBV30*01	TRBJ1-1	1
CAGARVDTQYF	TRBV7-9*01	TRBJ2-3	1
CAGATGLGEQFF	TRBV19*01	TRBJ2-1	1
CAGDLSEGYTF	TRBV6-1*01	TRBJ1-2	1
CAGDRGEDYGYTF	TRBV2*01	TRBJ1-2	1
CAGDSPDLRPEAFF	TRBV30*01	TRBJ1-1	1
CAGGGPRDVEQFF	TRBV25-1*01	TRBJ2-1	1
CAGGQGYYEQYF	TRBV2*01	TRBJ2-7	1
CAGGTGAYNEQFF	TRBV21-1*01	TRBJ2-1	1
CAGGVPGNTIYF	TRBV12-4*01	TRBJ1-3	1
CAGGWGNTEAFF	TRBV7-9*01	TRBJ1-1	1
CAGIRTGTGPSPNYGYTF	TRBV2*01	TRBJ1-2	1
CAGKLDPGELFF	TRBV2*01	TRBJ2-2	1
CAGLRQSELGQYEQYF	TRBV2*01	TRBJ2-7	1
CAGRAGRADSPLHF	TRBV7-9*01	TRBJ1-6	1
CAGRDRGNGELFF	TRBV6-6*01	TRBJ2-2	1
CAGRRAGWQETQYF	TRBV7-9*01	TRBJ2-5	1
CAGRTGDNYEQYF	TRBV10-3*01	TRBJ2-7	1
CAGRTGSNQPQHF	TRBV6-1*01	TRBJ1-5	3
CAGSGYNEKLFF	TRBV12-5*01	TRBJ1-4	1
CAGSPGAQPYEQYF	TRBV30*01	TRBJ2-7	1
CAGSTGQGLDEQYF	TRBV2*01	TRBJ2-7	1
CAGSVGASGYEQYF	TRBV2*01	TRBJ2-7	1
CAGYDGTEAFF	TRBV30*01	TRBJ1-1	1
CAHASPTTGGAGAPGANVLTF	TRBV28*01	TRBJ2-6	1
CAHLAQGGVGTEAFF	TRBV6-1*01	TRBJ1-1	1
CAIAAGLGYGYTF	TRBV12-4*01	TRBJ1-2	1
CAIADRAYEQYF	TRBV6-3*01	TRBJ2-7	1
CAIAPTPSGGDEQFF	TRBV4-1*01	TRBJ2-1	1
CAIETSEETQYF	TRBV7-7*01	TRBJ2-5	1
CAIEVTDTQYF	TRBV12-3*01	TRBJ2-3	1
CAIFRISYEQYF	TRBV10-3*01	TRBJ2-7	1
CAIGADTQYF	TRBV10-3*01	TRBJ2-3	1
CAIGDRSNYGYTF	TRBV10-3*01	TRBJ1-2	1
CAIGEQKGTDTQYF	TRBV10-3*01	TRBJ2-3	1
CAIGGASTDTQYF	TRBV27*01	TRBJ2-3	1
CAIGLAGDTQYF	TRBV10-3*01	TRBJ2-3	1
CAIGNTDGYTF	TRBV10-3*01	TRBJ1-2	1
CAIGRFAGSSTDTQYF	TRBV10-3*01	TRBJ2-3	1
CAIGRGNTEAFF	TRBV12-3*01	TRBJ1-1	1
CAIGSLGGRTEAFF	TRBV19*01	TRBJ1-1	1
CAIGSQSRNSPLHF	TRBV10-3*01	TRBJ1-6	1
CAIGTGDTNQPQHF	TRBV10-3*01	TRBJ1-5	4
CAIGTSVGYEQYF	TRBV10-3*01	TRBJ2-7	1
CAIIATSGANYNEQFF	TRBV10-3*01	TRBJ2-1	1
CAIKEANNEQFF	TRBV10-3*01	TRBJ2-1	1
CAIKKGEGVIAYEQYF	TRBV10-3*01	TRBJ2-7	1
CAIKRLSTDTQYF	TRBV7-9*01	TRBJ2-3	1
CAIKTSGRAYEQYF	TRBV10-3*01	TRBJ2-7	1
CAIKVTENTEAFF	TRBV10-3*01	TRBJ1-1	1
CAILAPGNEQFF	TRBV28*01	TRBJ2-1	1
CAILDGTIYNEQFF	TRBV12-4*01	TRBJ2-1	1
CAILGDRGNTGELFF	TRBV10-3*01	TRBJ2-2	1
CAILNRVGSPGYTF	TRBV2*01	TRBJ1-2	1
CAIMGGGHNEQFF	TRBV10-3*01	TRBJ2-1	1
CAIMRGTGEQETQYF	TRBV10-3*01	TRBJ2-5	1
CAIMTDSSGNTIYF	TRBV10-3*01	TRBJ1-3	6
CAIMTNYGYTF	TRBV10-3*01	TRBJ1-2	1
CAINPGLADYNEQFF	TRBV10-3*01	TRBJ2-1	1
CAINPLGSSSKKGTQYF	TRBV10-3*01	TRBJ2-3	2
CAINTGDSNQPQHF	TRBV10-3*01	TRBJ1-5	1
CAINTPSSGGAGEQFF	TRBV10-3*01	TRBJ2-1	1
CAIPGPSNTEAFF	TRBV28*01	TRBJ1-1	1
CAIPVAGDYGYTF	TRBV2*01	TRBJ1-2	1
CAIQGLGESETQYF	TRBV28*01	TRBJ2-5	1
CAIQSSYNSPLHF	TRBV10-3*01	TRBJ1-6	1
CAIQTDTQYF	TRBV12-4*01	TRBJ2-3	1
CAIRADNSGNTIYF	TRBV10-3*01	TRBJ1-3	1
CAIRDNQETQYF	TRBV7-9*01	TRBJ2-5	1
CAIRDSGGQSSTDTQYF	TRBV10-3*01	TRBJ2-3	1
CAIRDSGSSYEQYF	TRBV10-3*01	TRBJ2-7	1
CAIRDVSSTDTQYF	TRBV10-3*01	TRBJ2-3	1
CAIRELPTRTDTQYF	TRBV10-3*01	TRBJ2-3	1
CAIRESGQGENYGYTF	TRBV10-3*01	TRBJ1-2	1
CAIRGQNIQYF	TRBV12-4*01	TRBJ2-4	1
CAIRGQSSYEQYF	TRBV10-3*01	TRBJ2-7	1
CAIRKRSSYNEQFF	TRBV10-3*01	TRBJ2-1	1
CAIRLGNQPQHF	TRBV19*01	TRBJ1-5	1
CAIRNRDSLSYEQYF	TRBV10-3*01	TRBJ2-7	1
CAIRQAQIIYGYTF	TRBV10-3*01	TRBJ1-2	1
CAIRQTVLRPLHF	TRBV10-3*01	TRBJ1-6	1
CAIRRGRGEQYF	TRBV10-3*01	TRBJ2-7	1
CAIRSEDRVSAFSPLHF	TRBV10-3*01	TRBJ1-6	1
CAIRTDGQGPGELFF	TRBV10-3*01	TRBJ2-2	1
CAIRTNSGELFF	TRBV10-3*01	TRBJ2-2	1
CAIRTPFGTQYF	TRBV10-3*01	TRBJ2-5	1
CAIRVHPQASGATDTQYF	TRBV10-3*01	TRBJ2-3	1
CAISAETGSTDTQYF	TRBV10-3*01	TRBJ2-3	1
CAISAGDSPLHF	TRBV10-3*01	TRBJ1-6	7
CAISAGHIAKNIQYF	TRBV10-3*01	TRBJ2-4	1
CAISAGTEYGYTF	TRBV10-3*01	TRBJ1-2	1
CAISAPSGRLWDTQYF	TRBV10-3*01	TRBJ2-3	1
CAISARQPWIGNTIYF	TRBV10-3*01	TRBJ1-3	1
CAISASDREFHEQYF	TRBV10-3*01	TRBJ2-7	1
CAISASQTTYGYTF	TRBV10-3*01	TRBJ1-2	1
CAISATGVETQYF	TRBV10-3*01	TRBJ2-5	1
CAISDAGGPSSYEQYF	TRBV10-3*01	TRBJ2-7	1
CAISDEGANEKLFF	TRBV10-3*01	TRBJ1-4	1
CAISDGAGPYNSPLHF	TRBV10-3*01	TRBJ1-6	1
CAISDGGNTDTQYF	TRBV10-3*01	TRBJ2-3	1
CAISDGGTGELFF	TRBV10-3*01	TRBJ2-2	1
CAISDGPALAQYF	TRBV10-3*01	TRBJ2-3	1
CAISDGTGGSDEAFF	TRBV10-3*01	TRBJ1-1	1
CAISDLGSYGYTF	TRBV10-3*01	TRBJ1-2	1
CAISDLLRGPTDTQYF	TRBV10-3*01	TRBJ2-3	1
CAISDLPGQGTYEQYF	TRBV10-3*01	TRBJ2-7	1
CAISDPDRAGHIQYF	TRBV10-3*01	TRBJ2-4	1
CAISDPDRTGDEQYF	TRBV10-3*01	TRBJ2-7	1
CAISDPGLAGGGGEQFF	TRBV10-3*01	TRBJ2-1	208
CAISDPLDRGVNTGELFF	TRBV10-3*01	TRBJ2-2	1
CAISDPSRQGLTGELFF	TRBV10-3*01	TRBJ2-2	1
CAISDQGPYQPQHF	TRBV6-5*01	TRBJ1-5	1
CAISDRADEAGNTIYF	TRBV10-3*01	TRBJ1-3	1
CAISDRGGAYNEQFF	TRBV10-3*01	TRBJ2-1	1
CAISDRNYGYTF	TRBV10-3*01	TRBJ1-2	1
CAISDSGANVLTF	TRBV10-3*01	TRBJ2-6	1
CAISDSLLAGDPYEQYF	TRBV10-3*01	TRBJ2-7	1
CAISDTGELFF	TRBV25-1*01	TRBJ2-2	1
CAISDTVSERSPLHF	TRBV10-3*01	TRBJ1-6	2
CAISDYPGLAGGGNEQFF	TRBV10-3*01	TRBJ2-1	1
CAISEAAGEGPGEQFF	TRBV10-3*01	TRBJ2-1	1
CAISEAGRGNTIYF	TRBV10-3*01	TRBJ1-3	1
CAISEATDTQYF	TRBV10-3*01	TRBJ2-3	1
CAISEDLGLLEAFF	TRBV10-3*01	TRBJ1-1	1
CAISEDRGPGYGYTF	TRBV10-3*01	TRBJ1-2	1
CAISEDTRGYEQYF	TRBV10-3*01	TRBJ2-7	1
CAISEEGGNQPQHF	TRBV10-3*01	TRBJ1-5	1
CAISEEQGVRIYEQYF	TRBV10-3*01	TRBJ2-7	1
CAISEESLLADSTDTQYF	TRBV10-3*01	TRBJ2-3	1
CAISEEWGFILETQYF	TRBV10-3*01	TRBJ2-5	1
CAISEEWVAGVLLLGDTQYF	TRBV10-3*01	TRBJ2-3	1
CAISEFLDLGSPAGELFF	TRBV10-3*01	TRBJ2-2	1
CAISEGDGYTF	TRBV10-3*01	TRBJ1-2	1
CAISEGFRLYNEQFF	TRBV10-3*01	TRBJ2-1	1
CAISEGGEQYF	TRBV10-3*01	TRBJ2-7	1
CAISEGGQGVISNEKLFF	TRBV10-3*01	TRBJ1-4	1
CAISEGIGQNYGYTF	TRBV10-3*01	TRBJ1-2	1
CAISEGQAYEQYF	TRBV10-3*01	TRBJ2-7	1
CAISEGQDFGNTIYF	TRBV10-3*01	TRBJ1-3	11
CAISEGRGASGYTF	TRBV10-3*01	TRBJ1-2	1
CAISEGSSGGSEQFF	TRBV10-3*01	TRBJ2-1	1
CAISEGTGAYEQYF	TRBV10-3*01	TRBJ2-7	1
CAISEGTGSYNEQFF	TRBV10-3*01	TRBJ2-1	1
CAISEGVWTYEQYF	TRBV10-3*01	TRBJ2-7	2
CAISEIWTGREDNSYEQYF	TRBV10-3*01	TRBJ2-7	1
CAISEKGSGTEAFF	TRBV10-3*01	TRBJ1-1	1
CAISEKRGSGGEQFF	TRBV10-3*01	TRBJ2-1	1
CAISEKYSGGASVENEQFF	TRBV10-3*01	TRBJ2-1	1
CAISELDRVGYEQYF	TRBV10-3*01	TRBJ2-7	1
CAISELFLAGPMRGTQYF	TRBV10-3*01	TRBJ2-5	5
CAISELGAEQYF	TRBV10-3*01	TRBJ2-7	1
CAISELGGTSGRARETQYF	TRBV10-3*01	TRBJ2-5	1
CAISELGLAGEQYF	TRBV10-3*01	TRBJ2-7	1
CAISELIAQSYGYTF	TRBV10-3*01	TRBJ1-2	1
CAISELLAEPTYNEQFF	TRBV10-3*01	TRBJ2-1	2
CAISELRGRKEKLFF	TRBV10-3*01	TRBJ1-4	1
CAISENGGTVYNSPLHF	TRBV10-3*01	TRBJ1-6	1
CAISENQGPETQYF	TRBV10-3*01	TRBJ2-5	1
CAISEPGLLSGANVLTF	TRBV10-3*01	TRBJ2-6	1
CAISEPGQSSSYNEQFF	TRBV10-3*01	TRBJ2-1	1
CAISEPGSSYNEQFF	TRBV10-3*01	TRBJ2-1	1
CAISEPPEGTSYEQYF	TRBV10-3*01	TRBJ2-7	1
CAISEPSQGVDYGYTF	TRBV10-3*01	TRBJ1-2	1
CAISEPSTTNTEAFF	TRBV10-3*01	TRBJ1-1	1
CAISEPTRDTPETQYF	TRBV10-3*01	TRBJ2-5	1
CAISEQDQYWLFF	TRBV10-3*01	TRBJ2-2	1
CAISEQGLAHSYEQYF	TRBV10-3*01	TRBJ2-7	1
CAISEQRTGGIYGYTF	TRBV10-3*01	TRBJ1-2	1
CAISERGQSSYNSPLHF	TRBV10-3*01	TRBJ1-6	1
CAISERREGPSYNEQFF	TRBV10-3*01	TRBJ2-1	1
CAISERRGSGNQPQHF	TRBV10-3*01	TRBJ1-5	1
CAISESAVGPQNIQYF	TRBV10-3*01	TRBJ2-4	1
CAISESETESYEQYF	TRBV10-3*01	TRBJ2-7	1
CAISESFDNEQFF	TRBV10-3*01	TRBJ2-1	1
CAISESGAFNEQFF	TRBV10-3*01	TRBJ2-1	1
CAISESGAPGEKLFF	TRBV10-3*01	TRBJ1-4	1
CAISESGASGGLQETQYF	TRBV10-3*01	TRBJ2-5	1
CAISESGGGSPLHF	TRBV10-3*01	TRBJ1-6	1
CAISESGGTEAFF	TRBV10-3*01	TRBJ1-1	1
CAISESGILENTGELFF	TRBV10-3*01	TRBJ2-2	1
CAISESGLAGQETQYF	TRBV10-3*01	TRBJ2-5	1
CAISESGLEAFF	TRBV10-3*01	TRBJ1-1	1
CAISESGPPPDPLHF	TRBV10-3*01	TRBJ1-6	1
CAISESGSGGPGSRFF	TRBV10-3*01	TRBJ2-1	1
CAISESGSTGYTF	TRBV10-3*01	TRBJ1-2	1
CAISESGTGSVFDGYTF	TRBV10-3*01	TRBJ1-2	1
CAISESGVGNQPQHF	TRBV10-3*01	TRBJ1-5	1
CAISESILWVVRMNTEAFF	TRBV10-3*01	TRBJ1-1	1
CAISESIRQLNEKLFF	TRBV10-3*01	TRBJ1-4	1
CAISESISSTNTEAFF	TRBV10-3*01	TRBJ1-1	1
CAISESLAGRTYNEQFF	TRBV10-3*01	TRBJ2-1	1
CAISESPGLAGGRFSNEQFF	TRBV10-3*01	TRBJ2-1	1
CAISESPGPEKNTEAFF	TRBV10-3*01	TRBJ1-1	1
CAISESQDRWMEVYQPQHF	TRBV10-3*01	TRBJ1-5	1
CAISESRGTSGSYNEQFF	TRBV10-3*01	TRBJ2-1	1
CAISESRGVRIGTQYF	TRBV10-3*01	TRBJ2-3	1
CAISESRSSYEQYF	TRBV10-3*01	TRBJ2-7	1
CAISESSEGRYEQYF	TRBV10-3*01	TRBJ2-7	1
CAISESSERVLAGETYNEQFF	TRBV10-3*01	TRBJ2-1	1
CAISESSGASEAFF	TRBV10-3*01	TRBJ1-1	1
CAISESSGGTEAFF	TRBV10-3*01	TRBJ1-1	1
CAISESSGQGNEQFF	TRBV10-3*01	TRBJ2-1	1
CAISESSGTTQPQHF	TRBV10-3*01	TRBJ1-5	1
CAISESSQGETQYF	TRBV10-3*01	TRBJ2-5	2
CAISESSWPLSYEQYF	TRBV10-3*01	TRBJ2-7	1
CAISESTERYYGYTF	TRBV10-3*01	TRBJ1-2	1
CAISESTRGQETQYF	TRBV10-3*01	TRBJ2-5	1
CAISESTSGSEAGELFF	TRBV10-3*01	TRBJ2-2	1
CAISESVAFNSGNTIYF	TRBV10-3*01	TRBJ1-3	1
CAISESVNTEAFF	TRBV10-3*01	TRBJ1-1	1
CAISETGNPENIQYF	TRBV10-3*01	TRBJ2-4	1
CAISETGTALYNEQFF	TRBV10-3*01	TRBJ2-1	1
CAISETPGTNEKLFF	TRBV10-3*01	TRBJ1-4	1
CAISETSGGNTGELFF	TRBV10-3*01	TRBJ2-2	1
CAISETSGGWSDTQYF	TRBV10-3*01	TRBJ2-3	1
CAISETWQGERYEQYF	TRBV10-3*01	TRBJ2-7	1
CAISEVPGLDGYTF	TRBV10-3*01	TRBJ1-2	1
CAISEVQGAYEQYF	TRBV10-3*01	TRBJ2-7	1
CAISEVWAGAIIATNEKLFF	TRBV10-3*01	TRBJ1-4	1
CAISEYVGTGDNEQFF	TRBV10-3*01	TRBJ2-1	1
CAISGAARDTQYF	TRBV10-3*01	TRBJ2-3	1
CAISGAGLRYNSPLHF	TRBV10-3*01	TRBJ1-6	1
CAISGDIQDTQYF	TRBV10-3*01	TRBJ2-3	2
CAISGDSYEQYF	TRBV10-3*01	TRBJ2-7	1
CAISGGGNEKLFF	TRBV10-3*01	TRBJ1-4	1
CAISGGGSYEQYF	TRBV10-3*01	TRBJ2-7	1
CAISGGLQGQEKLFF	TRBV10-3*01	TRBJ1-4	2
CAISGGQGSGELFF	TRBV10-3*01	TRBJ2-2	1
CAISGGTSPNEQFF	TRBV10-3*01	TRBJ2-1	1
CAISGIGTDGNSPLHF	TRBV10-3*01	TRBJ1-6	1
CAISGKGGVDGEQFF	TRBV10-3*01	TRBJ2-1	1
CAISGLAGERGEQFF	TRBV10-3*01	TRBJ2-1	1
CAISGMVVRGGDSYNEQFF	TRBV10-3*01	TRBJ2-1	1
CAISGQRVVYTGELFF	TRBV10-3*01	TRBJ2-2	1
CAISGRETSYEQYF	TRBV10-3*01	TRBJ2-7	1
CAISGRINNSPLHF	TRBV10-3*01	TRBJ1-6	13
CAISGSVEGVAREQYF	TRBV10-3*01	TRBJ2-7	1
CAISGTGSGRETQYF	TRBV10-3*01	TRBJ2-5	1
CAISGWTSGDTDTQYF	TRBV10-3*01	TRBJ2-3	1
CAISGWWGTGGENTEAFF	TRBV10-3*01	TRBJ1-1	1
CAISKPPDRGTGANVLTF	TRBV10-3*01	TRBJ2-6	1
CAISKTSGVYLSGANVLTF	TRBV10-3*01	TRBJ2-6	1
CAISLAISTDTQYF	TRBV10-3*01	TRBJ2-3	1
CAISLLDREWNPGYTF	TRBV10-3*01	TRBJ1-2	1
CAISLLDTGQGYNGYTF	TRBV10-3*01	TRBJ1-2	1
CAISLRLAGADEQFF	TRBV10-3*01	TRBJ2-1	1
CAISLTLLGQRDQETQYF	TRBV10-3*01	TRBJ2-5	1
CAISPSRSKNIQYF	TRBV10-3*01	TRBJ2-4	1
CAISPTERSHLPYEQYF	TRBV10-3*01	TRBJ2-7	1
CAISQDRLNTEAFF	TRBV10-3*01	TRBJ1-1	1
CAISRQAMNTEAFF	TRBV10-3*01	TRBJ1-1	1
CAISRQNEPYNEQFF	TRBV10-3*01	TRBJ2-1	1
CAISSDSGDEQFF	TRBV10-3*01	TRBJ2-1	1
CAISSGGTGIKVTYNEQFF	TRBV10-3*01	TRBJ2-1	1
CAISSSGTGSSYNEQFF	TRBV10-3*01	TRBJ2-1	1
CAISSTDTQYF	TRBV28*01	TRBJ2-3	1
CAISTGARPGNTIYF	TRBV10-3*01	TRBJ1-3	1
CAISTGDSNQPQHF	TRBV10-3*01	TRBJ1-5	4
CAISTGGKGYTF	TRBV10-3*01	TRBJ1-2	1
CAISTPETDLYGYTF	TRBV10-3*01	TRBJ1-2	1
CAISTSFNTEAFF	TRBV2*01	TRBJ1-1	1
CAISVASYGNEQFF	TRBV10-3*01	TRBJ2-1	1
CAISVEDRPENEQFF	TRBV10-3*01	TRBJ2-1	1
CAISVEQDSYEQYF	TRBV10-3*01	TRBJ2-7	1
CAISVGGRESYEQYF	TRBV10-3*01	TRBJ2-7	1
CAISVRSRSPLHF	TRBV10-3*01	TRBJ1-6	6
CAISYLRQGAAGQETQYF	TRBV10-3*01	TRBJ2-5	1
CAITGPLNYGYTF	TRBV6-5*01	TRBJ1-2	1
CAITPAGVFPYEQYF	TRBV10-3*01	TRBJ2-7	1
CAITPDSYNEQFF	TRBV10-3*01	TRBJ2-1	1
CAITPGDYGYTF	TRBV10-3*01	TRBJ1-2	1
CAITPGQSEGYEQYF	TRBV10-3*01	TRBJ2-7	1
CAITPRPTYEQYF	TRBV10-3*01	TRBJ2-7	1
CAITQDSMNTEAFF	TRBV10-3*01	TRBJ1-1	1
CAITQGSGNYEQYF	TRBV10-3*01	TRBJ2-7	1
CAITSDRYEQYF	TRBV10-3*01	TRBJ2-7	1
CAITSGRADRSGANVLTF	TRBV28*01	TRBJ2-6	1
CAITSVSGGLDTDTQYF	TRBV10-3*01	TRBJ2-3	1
CAITTGLAGGTDTQYF	TRBV10-3*01	TRBJ2-3	1
CAIWTGKATSGAYNEQFF	TRBV10-3*01	TRBJ2-1	1
CAIYKGGYGYTF	TRBV10-3*01	TRBJ1-2	1
CAKRTNPYTGELFF	TRBV27*01	TRBJ2-2	1
CALEVPGTRFNGYTF	TRBV6-1*01	TRBJ1-2	1
CALGGTIYF	TRBV11-2*01	TRBJ1-3	1
CALGREGYNEQFF	TRBV5-4*01	TRBJ2-1	1
CALRTGNYNEQFF	TRBV6-1*01	TRBJ2-1	1
CALSASYEQYF	TRBV6-1*01	TRBJ2-7	1
CALVGLNTEAFF	TRBV30*01	TRBJ1-1	1
CALWDGSTDTQYF	TRBV10-3*01	TRBJ2-3	1
CAMGGSGDEQYF	TRBV10-3*01	TRBJ2-7	1
CAMGRVRYGYTF	TRBV10-3*01	TRBJ1-2	1
CAMIATENTGELFF	TRBV10-3*01	TRBJ2-2	1
CAMNKGQGAEQYF	TRBV10-3*01	TRBJ2-7	1
CANDGNSPLHF	TRBV12-4*01	TRBJ1-6	1
CANGAGRGTGELFF	TRBV12-4*01	TRBJ2-2	1
CANKREGYGYTF	TRBV5-4*01	TRBJ1-2	2
CANPGGQVYTIYF	TRBV6-1*01	TRBJ1-3	1
CANRGGGGELFF	TRBV12-4*01	TRBJ2-2	1
CANRLAALPVETQYF	TRBV28*01	TRBJ2-5	1
CANRQGPGELFF	TRBV6-5*01	TRBJ2-2	1
CANSEGAGTEAFF	TRBV7-2*01	TRBJ1-1	1
CAPKETGVSGNTIYF	TRBV7-9*01	TRBJ1-3	1
CAPRASRRNMNTEAFF	TRBV18*01	TRBJ1-1	1
CAPRGQGALDCTEAFF	TRBV2*01	TRBJ1-1	1
CAQESTGTSGTDTITDTQYF	TRBV30*01	TRBJ2-3	1
CARDLAGEQFF	TRBV2*01	TRBJ2-1	1
CAREDIYGYTF	TRBV19*01	TRBJ1-2	1
CARFYEQYF	TRBV7-2*01	TRBJ2-7	1
CARGGKGDTAEAFF	TRBV19*01	TRBJ1-1	1
CARGGLAGGPNNEQFF	TRBV2*01	TRBJ2-1	1
CARGGTGYNEQFF	TRBV2*01	TRBJ2-1	3
CARGQDAANTGELFF	TRBV2*01	TRBJ2-2	1
CARGTGPLTEAFF	TRBV7-3*01	TRBJ1-1	1
CARIAGEVTDTQYF	TRBV27*01	TRBJ2-3	1
CARKKTRRISQAFF	TRBV9*01	TRBJ1-1	13
CARLGRGANYGYTF	TRBV2*01	TRBJ1-2	1
CARLRSTEAFF	TRBV2*01	TRBJ1-1	1
CARNSREKNIQYF	TRBV27*01	TRBJ2-4	1
CARPGENTGELFF	TRBV7-8*01	TRBJ2-2	1
CARQGTSGSNEQFF	TRBV2*01	TRBJ2-1	14
CARQPLRGANVLTF	TRBV2*01	TRBJ2-6	74
CARRGTSGIDTQYF	TRBV2*01	TRBJ2-3	1
CARRQGSYGYTF	TRBV2*01	TRBJ1-2	1
CARSRGRDSYNEQFF	TRBV19*01	TRBJ2-1	1
CARSSPAGTDTQYF	TRBV2*01	TRBJ2-3	1
CARTDNTGELFF	TRBV7-9*01	TRBJ2-2	1
CARTRQGPTPQSTDTQYF	TRBV6-3*01	TRBJ2-3	1
CARTSNQPQHF	TRBV6-3*01	TRBJ1-5	1
CARYAGTGSYEQYF	TRBV28*01	TRBJ2-7	1
CARYRHLGEAFF	TRBV2*01	TRBJ1-1	1
CARYSREGNTEAFF	TRBV2*01	TRBJ1-1	1
CASAAPGGGETQYF	TRBV12-5*01	TRBJ2-5	1
CASAATVAKNIQYF	TRBV19*01	TRBJ2-4	1
CASAAWYRVHNEQFF	TRBV27*01	TRBJ2-1	1
CASADRVTYEQYF	TRBV9*01	TRBJ2-7	1
CASAFYSNQPQHF	TRBV19*01	TRBJ1-5	1
CASAGADTQYF	TRBV6-1*01	TRBJ2-3	1
CASAGGNQPQHF	TRBV6-3*01	TRBJ1-5	3
CASAGGTKRTDTQYF	TRBV27*01	TRBJ2-3	1
CASAGNTEAFF	TRBV2*01	TRBJ1-1	1
CASAGQTGGTIYF	TRBV19*01	TRBJ1-3	1
CASAGQVGNTIYF	TRBV9*01	TRBJ1-3	1
CASAGTGPHYGYTF	TRBV9*01	TRBJ1-2	1
CASAGTGVEKLFF	TRBV19*01	TRBJ1-4	7
CASAHEIGYSTDTQYF	TRBV5-1*01	TRBJ2-3	1
CASAHPRASGSTDTQYF	TRBV7-2*01	TRBJ2-3	1
CASAHPWANVLTF	TRBV27*01	TRBJ2-6	1
CASAIGQGSSEQYF	TRBV6-5*01	TRBJ2-7	1
CASAIQDLSYEQYF	TRBV28*01	TRBJ2-7	2
CASAIRQSYEQYF	TRBV6-5*01	TRBJ2-7	1
CASAKVPVSSGNTIYF	TRBV28*01	TRBJ1-3	1
CASALAMNTEAFF	TRBV27*01	TRBJ1-1	1
CASALASGGNYGYTF	TRBV12-5*01	TRBJ1-2	1
CASALGLYNEQFF	TRBV4-3*01	TRBJ2-1	1
CASALLSSYNSPLHF	TRBV12-5*01	TRBJ1-6	1
CASALQGYYGYTF	TRBV6-3*01	TRBJ1-2	1
CASALQSEGSLPFF	TRBV28*01	TRBJ1-4	1
CASANQRGTDTQYF	TRBV12-5*01	TRBJ2-3	1
CASANVVWEMKVNEQFF	TRBV2*01	TRBJ2-1	1
CASAPDGFFYGYTF	TRBV12-5*01	TRBJ1-2	1
CASAPFGTGDITDTQYF	TRBV7-6*01	TRBJ2-3	1
CASAPGFNYGYTF	TRBV25-1*01	TRBJ1-2	1
CASAPGGGPEAFF	TRBV12-5*01	TRBJ1-1	1
CASAPGGRYEQYF	TRBV27*01	TRBJ2-7	1
CASAPGPGYEQYF	TRBV6-1*01	TRBJ2-7	1
CASAPGSGYEQYF	TRBV12-4*01	TRBJ2-7	1
CASAPGTGNYEQYF	TRBV4-3*01	TRBJ2-7	1
CASAPMGEWTEAFF	TRBV12-5*01	TRBJ1-1	1
CASAPVSGPGNTIYF	TRBV5-1*01	TRBJ1-3	1
CASAQAGVGLMDQPQHF	TRBV12-5*01	TRBJ1-5	1
CASAQGPASYEQYF	TRBV5-6*01	TRBJ2-7	1
CASAQTGEGYTF	TRBV27*01	TRBJ1-2	1
CASARGGAYEQYF	TRBV9*01	TRBJ2-7	1
CASARLQGVHQETQYF	TRBV25-1*01	TRBJ2-5	1
CASARPANEQFF	TRBV11-2*01	TRBJ2-1	1
CASARSIVTDTQYF	TRBV27*01	TRBJ2-3	1
CASARTTGELFF	TRBV6-3*01	TRBJ2-2	1
CASARVIDSTGENGYTF	TRBV25-1*01	TRBJ1-2	1
CASASLFLNTGELFF	TRBV3-1*01	TRBJ2-2	1
CASASLTGTLTGELFF	TRBV12-5*01	TRBJ2-2	1
CASASSGANVLTF	TRBV27*01	TRBJ2-6	1
CASASSGQGARGYTF	TRBV4-3*01	TRBJ1-2	1
CASASSITGYGYTF	TRBV12-5*01	TRBJ1-2	1
CASASSPDEQYF	TRBV6-1*01	TRBJ2-7	1
CASASSWGLRDIQYF	TRBV6-3*01	TRBJ2-4	1
CASATGDNSPLHF	TRBV6-1*01	TRBJ1-6	1
CASATGGIETQYF	TRBV12-3*01	TRBJ2-5	1
CASATGIGQPQHF	TRBV27*01	TRBJ1-5	1
CASATGLAEETQYF	TRBV5-6*01	TRBJ2-5	1
CASATGPLSYEQYF	TRBV27*01	TRBJ2-7	1
CASATGTGGNEQYF	TRBV4-1*01	TRBJ2-7	1
CASATLGGQDEQYF	TRBV27*01	TRBJ2-7	1
CASAVANQPQHF	TRBV6-3*01	TRBJ1-5	4
CASAVGETQYF	TRBV25-1*01	TRBJ2-5	1
CASAVGLTYNEQFF	TRBV3-1*01	TRBJ2-1	1
CASAVGQGADEQYF	TRBV28*01	TRBJ2-7	1
CASAVGSYNEQFF	TRBV2*01	TRBJ2-1	1
CASAVRVDYGYTF	TRBV27*01	TRBJ1-2	1
CASAWTGPGRYEQYF	TRBV27*01	TRBJ2-7	1
CASAWTSGITDTQYF	TRBV4-1*01	TRBJ2-3	1
CASCAGMGNEQYF	TRBV6-3*01	TRBJ2-7	1
CASCPRTGMNTEAFF	TRBV2*01	TRBJ1-1	1
CASDGPKATDTQYF	TRBV13*01	TRBJ2-3	1
CASDGSSYEQYF	TRBV2*01	TRBJ2-7	1
CASDIALSGANVLTF	TRBV5-6*01	TRBJ2-6	1
CASDLGTGLAGLNEQFF	TRBV28*01	TRBJ2-1	1
CASDPGHGLSEQFF	TRBV7-9*01	TRBJ2-1	1
CASDPGTDTQYF	TRBV7-8*01	TRBJ2-3	1
CASDPPETGGYEQYF	TRBV6-1*01	TRBJ2-7	1
CASDRAEQFF	TRBV6-1*01	TRBJ2-1	1
CASDRGPSTDTQYF	TRBV28*01	TRBJ2-3	1
CASDRQDFYSNQPQHF	TRBV6-3*01	TRBJ1-5	1
CASDSGDEQEAFF	TRBV5-6*01	TRBJ1-1	1
CASDTGGGYGYTF	TRBV19*01	TRBJ1-2	1
CASDTPVGQFF	TRBV2*01	TRBJ2-1	1
CASEDPNSGANVLTF	TRBV9*01	TRBJ2-6	1
CASEEEGRNEQFF	TRBV27*01	TRBJ2-1	1
CASEEGSSTDTQYF	TRBV2*01	TRBJ2-3	1
CASEENTGELFF	TRBV6-3*01	TRBJ2-2	1
CASEEQGGLETQYF	TRBV6-3*01	TRBJ2-5	1
CASEGAGGFRTGELFF	TRBV28*01	TRBJ2-2	1
CASEGDTQYF	TRBV25-1*01	TRBJ2-3	1
CASEGELPEQYF	TRBV6-3*01	TRBJ2-7	1
CASEGHRDTQYF	TRBV2*01	TRBJ2-3	1
CASEGQDFNNADTQYF	TRBV30*01	TRBJ2-3	1
CASEGSDRSAFF	TRBV12-5*01	TRBJ1-1	1
CASEGTGAYEQYF	TRBV7-9*01	TRBJ2-7	1
CASEGTGGSGNEQFF	TRBV2*01	TRBJ2-1	1
CASEGTSGYEQYF	TRBV25-1*01	TRBJ2-7	1
CASELAGGTDTQYF	TRBV19*01	TRBJ2-3	1
CASELAGLNTGELFF	TRBV7-2*01	TRBJ2-2	1
CASELVGDNEQFF	TRBV7-2*01	TRBJ2-1	1
CASEPGQGPGGWSYEQYF	TRBV28*01	TRBJ2-7	1
CASEPGSRAILLSYEQYF	TRBV6-3*01	TRBJ2-7	1
CASEQVAVMNTGELFF	TRBV2*01	TRBJ2-2	1
CASERGVTYEQYF	TRBV2*01	TRBJ2-7	1
CASERLADPDTQYF	TRBV6-3*01	TRBJ2-3	1
CASERPGWAEAFF	TRBV25-1*01	TRBJ1-1	1
CASERQGYTEAFF	TRBV6-3*01	TRBJ1-1	1
CASESGTQPNQPQHF	TRBV6-3*01	TRBJ1-5	1
CASESPYGYTF	TRBV6-4*01	TRBJ1-2	1
CASESTLGANVLTF	TRBV28*01	TRBJ2-6	1
CASETGGTEAFF	TRBV6-3*01	TRBJ1-1	1
CASETGLGTDTQYF	TRBV5-6*01	TRBJ2-3	1
CASETGQGAGDTQYF	TRBV2*01	TRBJ2-3	1
CASETHYGYTF	TRBV2*01	TRBJ1-2	1
CASFDFSSGDDEQFF	TRBV27*01	TRBJ2-1	1
CASFFDGGLTADTGELFF	TRBV5-1*01	TRBJ2-2	1
CASFGGESNQPQHF	TRBV2*01	TRBJ1-5	1
CASFIPAGELFF	TRBV7-2*01	TRBJ2-2	1
CASFIRTGTEAFF	TRBV5-1*01	TRBJ1-1	1
CASFPGGPPREKLFF	TRBV7-3*01	TRBJ1-4	1
CASFQGGAGQPQHF	TRBV6-3*01	TRBJ1-5	1
CASFRFGGSYNEQFF	TRBV28*01	TRBJ2-1	1
CASFSDTQYF	TRBV18*01	TRBJ2-3	1
CASGAAGTSYEQYF	TRBV9*01	TRBJ2-7	1
CASGAPETQYF	TRBV6-6*01	TRBJ2-5	1
CASGARNVANTGELFF	TRBV6-3*01	TRBJ2-2	1
CASGARPQETQYF	TRBV6-3*01	TRBJ2-5	1
CASGASNQPQHF	TRBV27*01	TRBJ1-5	1
CASGDGNQPQHF	TRBV6-6*01	TRBJ1-5	1
CASGDGTGNTDTQYF	TRBV11-2*01	TRBJ2-3	1
CASGDIYEQYF	TRBV10-1*01	TRBJ2-7	1
CASGDLENEQYF	TRBV6-6*01	TRBJ2-7	1
CASGDNEQFF	TRBV5-1*01	TRBJ2-1	1
CASGDNPADTQYF	TRBV6-5*01	TRBJ2-3	1
CASGDSFSYEQYF	TRBV7-9*01	TRBJ2-7	1
CASGDSGNTIYF	TRBV12-4*01	TRBJ1-3	1
CASGDSPNEQYF	TRBV5-1*01	TRBJ2-7	1
CASGDYEQYF	TRBV28*01	TRBJ2-7	1
CASGEAYEQYF	TRBV10-2*01	TRBJ2-7	1
CASGEGNEQFF	TRBV6-4*01	TRBJ2-1	1
CASGESTSGSLFTGELFF	TRBV5-6*01	TRBJ2-2	1
CASGETGTSNEKLFF	TRBV12-4*01	TRBJ1-4	1
CASGETGWNQPQHF	TRBV2*01	TRBJ1-5	1
CASGFAGNETQYF	TRBV12-5*01	TRBJ2-5	1
CASGFGANTWDTQYF	TRBV12-5*01	TRBJ2-3	1
CASGFGFFYEQYF	TRBV12-5*01	TRBJ2-7	1
CASGFGISGTGKQETQYF	TRBV12-5*01	TRBJ2-5	1
CASGFGSSGANVLTF	TRBV5-6*01	TRBJ2-6	1
CASGFGTVNEQFF	TRBV19*01	TRBJ2-1	1
CASGFILQGAEGGEQFF	TRBV12-5*01	TRBJ2-1	1
CASGFMILDSDMLPEAFF	TRBV12-5*01	TRBJ1-1	1
CASGFPLSGYNEQFF	TRBV12-5*01	TRBJ2-1	1
CASGFRTDTQYF	TRBV12-5*01	TRBJ2-3	1
CASGFSGTEQYF	TRBV12-5*01	TRBJ2-7	1
CASGFSGTVYMNTEAFF	TRBV12-5*01	TRBJ1-1	1
CASGFSTGTSFSYNEQFF	TRBV12-5*01	TRBJ2-1	1
CASGFTDAGATNYGYTF	TRBV12-5*01	TRBJ1-2	1
CASGFTEAFF	TRBV19*01	TRBJ1-1	1
CASGFTTQGVGSYEQYF	TRBV12-5*01	TRBJ2-7	1
CASGGATEAFF	TRBV12-3*01	TRBJ1-1	1
CASGGDSQTLHF	TRBV25-1*01	TRBJ1-6	1
CASGGESGDEQFF	TRBV7-9*01	TRBJ2-1	1
CASGGETGWEAQPQHF	TRBV6-1*01	TRBJ1-5	1
CASGGETQYF	TRBV6-5*01	TRBJ2-5	1
CASGGGDFETQYF	TRBV7-9*01	TRBJ2-5	1
CASGGGDTQYF	TRBV12-4*01	TRBJ2-3	2
CASGGGEQFF	TRBV25-1*01	TRBJ2-1	1
CASGGGLTDTQYF	TRBV19*01	TRBJ2-3	1
CASGGGPAYEQYF	TRBV9*01	TRBJ2-7	1
CASGGGQPKIDNEQFF	TRBV7-9*01	TRBJ2-1	1
CASGGGRANTGELFF	TRBV6-5*01	TRBJ2-2	1
CASGGGSYEQYF	TRBV7-9*01	TRBJ2-7	1
CASGGKGGVDEQFF	TRBV9*01	TRBJ2-1	1
CASGGKVFPPYEQYF	TRBV12-5*01	TRBJ2-7	1
CASGGLAGGDTQYF	TRBV5-1*01	TRBJ2-3	1
CASGGLLTYEQYF	TRBV12-4*01	TRBJ2-7	1
CASGGNEQFF	TRBV12-4*01	TRBJ2-1	1
CASGGQGGEQYF	TRBV27*01	TRBJ2-7	1
CASGGREGPDTQYF	TRBV9*01	TRBJ2-3	1
CASGGRNTEAFF	TRBV12-3*01	TRBJ1-1	1
CASGGRSSYNEQFF	TRBV4-2*01	TRBJ2-1	1
CASGGSTGTNEKLFF	TRBV6-1*01	TRBJ1-4	1
CASGGSTSGSSNVLTF	TRBV10-2*01	TRBJ2-6	1
CASGGTAYYEQYF	TRBV19*01	TRBJ2-7	1
CASGGTQVGETQYF	TRBV4-1*01	TRBJ2-5	1
CASGGTSYEQYF	TRBV7-2*01	TRBJ2-7	1
CASGGTYEQYF	TRBV6-3*01	TRBJ2-7	1
CASGGVPEAFF	TRBV5-6*01	TRBJ1-1	1
CASGGYNEQFF	TRBV7-9*01	TRBJ2-1	1
CASGHEETQYF	TRBV6-5*01	TRBJ2-5	1
CASGHRARALNYGYTF	TRBV12-5*01	TRBJ1-2	1
CASGHRGRETQYF	TRBV28*01	TRBJ2-5	1
CASGIENQETQYF	TRBV7-3*01	TRBJ2-5	1
CASGIQGIEPQHF	TRBV12-5*01	TRBJ1-5	1
CASGISNQPQHF	TRBV27*01	TRBJ1-5	1
CASGKGGGVVQPQHF	TRBV6-5*01	TRBJ1-5	1
CASGKGMNTEAFF	TRBV9*01	TRBJ1-1	1
CASGKGQDPGELFF	TRBV27*01	TRBJ2-2	1
CASGKLAGVLSEQFF	TRBV12-5*01	TRBJ2-1	1
CASGKNRGPHMNTEAFF	TRBV19*01	TRBJ1-1	1
CASGLAGGPSGANVLTF	TRBV6-5*01	TRBJ2-6	1
CASGLAGGRDTQYF	TRBV27*01	TRBJ2-3	1
CASGLAGGSTQYF	TRBV28*01	TRBJ2-3	1
CASGLAGVLDTQYF	TRBV27*01	TRBJ2-3	1
CASGLANTGGLITGELFF	TRBV12-5*01	TRBJ2-2	1
CASGLAQFGEQYF	TRBV12-5*01	TRBJ2-7	1
CASGLAQTGAVDEQFF	TRBV12-5*01	TRBJ2-1	1
CASGLARGGRYEQYF	TRBV12-5*01	TRBJ2-7	1
CASGLATGELFF	TRBV12-5*01	TRBJ2-2	1
CASGLAWGETQYF	TRBV7-9*01	TRBJ2-5	1
CASGLDDRSLETQYF	TRBV12-5*01	TRBJ2-5	2
CASGLDEGEAQYF	TRBV12-3*01	TRBJ2-5	1
CASGLDLGTGTDYEQYF	TRBV12-5*01	TRBJ2-7	1
CASGLDRATEAFF	TRBV6-6*01	TRBJ1-1	1
CASGLDRMNTEAFF	TRBV12-5*01	TRBJ1-1	1
CASGLDTGTSAYNEQFF	TRBV12-5*01	TRBJ2-1	1
CASGLEDRGTYEQYF	TRBV12-5*01	TRBJ2-7	1
CASGLFLSGTATEYSNQPQHF	TRBV12-5*01	TRBJ1-5	1
CASGLFSGWGATYSNQPQHF	TRBV12-5*01	TRBJ1-5	1
CASGLGGGSYEQYF	TRBV6-5*01	TRBJ2-7	1
CASGLGGLINYGYTF	TRBV12-5*01	TRBJ1-2	1
CASGLGGPNTGELFF	TRBV12-5*01	TRBJ2-2	1
CASGLGGSGNTIYF	TRBV12-5*01	TRBJ1-3	1
CASGLGKQYF	TRBV6-3*01	TRBJ2-7	1
CASGLGLVGEQFF	TRBV12-5*01	TRBJ2-1	1
CASGLGNQPQHF	TRBV28*01	TRBJ1-5	1
CASGLGNTEAFF	TRBV12-5*01	TRBJ1-1	2
CASGLGPDLNQPQHF	TRBV12-5*01	TRBJ1-5	1
CASGLGPGNTEAFF	TRBV12-5*01	TRBJ1-1	1
CASGLGPLAQTYNEQFF	TRBV12-5*01	TRBJ2-1	1
CASGLGQGSSDTQYF	TRBV12-5*01	TRBJ2-3	1
CASGLGRQPTEAFF	TRBV12-5*01	TRBJ1-1	1
CASGLGTGFDEQFF	TRBV12-5*01	TRBJ2-1	1
CASGLGTVASTDTQYF	TRBV12-5*01	TRBJ2-3	25
CASGLGVQDLNQPQHF	TRBV6-3*01	TRBJ1-5	1
CASGLIAANYGYTF	TRBV12-5*01	TRBJ1-2	1
CASGLIPGGPGNTIYF	TRBV12-5*01	TRBJ1-3	1
CASGLKQGLETQYF	TRBV12-5*01	TRBJ2-5	1
CASGLKRGVEETQYF	TRBV12-5*01	TRBJ2-5	1
CASGLKVYEQYF	TRBV12-5*01	TRBJ2-7	1
CASGLLGVAGGGETQYF	TRBV12-5*01	TRBJ2-5	1
CASGLLPGRREDTEAFF	TRBV12-5*01	TRBJ1-1	1
CASGLNIDGDEQFF	TRBV12-5*01	TRBJ2-1	1
CASGLNMDRGVSEAFF	TRBV12-5*01	TRBJ1-1	1
CASGLNQPQHF	TRBV27*01	TRBJ1-5	1
CASGLPDRNTEAFF	TRBV12-5*01	TRBJ1-1	1
CASGLPGAGYTF	TRBV6-3*01	TRBJ1-2	1
CASGLPLAGGPYPYNEQFF	TRBV12-5*01	TRBJ2-1	1
CASGLPPGNEQFF	TRBV12-5*01	TRBJ2-1	1
CASGLQGAVYGYTF	TRBV27*01	TRBJ1-2	1
CASGLQGSYEQYF	TRBV27*01	TRBJ2-7	1
CASGLRNEQFF	TRBV12-5*01	TRBJ2-1	2
CASGLSEAFF	TRBV12-5*01	TRBJ1-1	1
CASGLSGDEQYF	TRBV19*01	TRBJ2-7	1
CASGLSGGSSYEQYF	TRBV6-3*01	TRBJ2-7	1
CASGLSGRGGWNTEAFF	TRBV12-5*01	TRBJ1-1	1
CASGLSGSYEQYF	TRBV12-5*01	TRBJ2-7	1
CASGLSNYEQDQFF	TRBV12-5*01	TRBJ2-1	1
CASGLSRSSTDTQYF	TRBV12-5*01	TRBJ2-3	1
CASGLSTGARYGYTF	TRBV12-5*01	TRBJ1-2	1
CASGLSYRDLFGGYTF	TRBV12-5*01	TRBJ1-2	1
CASGLTGINSGNTIYF	TRBV12-5*01	TRBJ1-3	1
CASGLTGTEYGYTF	TRBV12-5*01	TRBJ1-2	1
CASGLTGTRDNTEAFF	TRBV12-5*01	TRBJ1-1	1
CASGLTGYYEQYF	TRBV12-5*01	TRBJ2-7	1
CASGLTRVGDYNEQFF	TRBV12-5*01	TRBJ2-1	1
CASGLTSTDTQYF	TRBV6-3*01	TRBJ2-3	1
CASGLVAGGTDTQYF	TRBV12-5*01	TRBJ2-3	1
CASGLVGEIPVHSGQFF	TRBV12-5*01	TRBJ2-1	1
CASGLVLDLFVTDTQYF	TRBV12-5*01	TRBJ2-3	1
CASGLVLLRGPSYNEQFF	TRBV12-5*01	TRBJ2-1	1
CASGLVLSWGSRTSGRLDEQFF	TRBV12-5*01	TRBJ2-1	1
CASGLVPLGDRANTGELFF	TRBV12-5*01	TRBJ2-2	1
CASGLVPWGGISSGANVLTF	TRBV12-5*01	TRBJ2-6	1
CASGLVRDRDLDSPLHF	TRBV12-5*01	TRBJ1-6	1
CASGLVRGQGNGYTF	TRBV12-5*01	TRBJ1-2	1
CASGLVRGSTNEKLFF	TRBV12-5*01	TRBJ1-4	1
CASGLVRRQPNTEAFF	TRBV12-5*01	TRBJ1-1	1
CASGLWASHTEPGDTEAFF	TRBV12-5*01	TRBJ1-1	1
CASGLWGSQHF	TRBV12-5*01	TRBJ1-5	1
CASGLWGVGGYTF	TRBV12-5*01	TRBJ1-2	1
CASGLWYGEGTASNEQFF	TRBV12-5*01	TRBJ2-1	1
CASGMGLAGDNEQFF	TRBV6-5*01	TRBJ2-1	1
CASGMSGGAENEQFF	TRBV2*01	TRBJ2-1	1
CASGMTGLTSEQYF	TRBV6-3*01	TRBJ2-7	4
CASGNRADTQYF	TRBV12-5*01	TRBJ2-3	1
CASGNRDRVSYEQYF	TRBV11-2*01	TRBJ2-7	1
CASGNSYEQYF	TRBV9*01	TRBJ2-7	1
CASGNWSTDTQYF	TRBV27*01	TRBJ2-3	1
CASGPAPTSYNNEQFF	TRBV12-5*01	TRBJ2-1	1
CASGPDNQETQYF	TRBV5-1*01	TRBJ2-5	1
CASGPELQGDTQYF	TRBV12-5*01	TRBJ2-3	1
CASGPFLNTEAFF	TRBV27*01	TRBJ1-1	1
CASGPGGQETQYF	TRBV27*01	TRBJ2-5	1
CASGPGHLNTEAFF	TRBV12-5*01	TRBJ1-1	1
CASGPGLADYEQYF	TRBV27*01	TRBJ2-7	1
CASGPGLAGEVEQFF	TRBV12-5*01	TRBJ2-1	1
CASGPGLASSDTQYF	TRBV12-4*01	TRBJ2-3	1
CASGPGQDYNEQFF	TRBV2*01	TRBJ2-1	1
CASGPGQGNEQYF	TRBV12-3*01	TRBJ2-7	1
CASGPGQGRKIPYEQYF	TRBV9*01	TRBJ2-7	1
CASGPGQGTYEQYF	TRBV4-3*01	TRBJ2-7	1
CASGPGQGYGYTF	TRBV27*01	TRBJ1-2	1
CASGPGSMNTEAFF	TRBV9*01	TRBJ1-1	1
CASGPGSSYNEQFF	TRBV5-6*01	TRBJ2-1	1
CASGPGTSNADTQYF	TRBV12-5*01	TRBJ2-3	1
CASGPGTYEQYF	TRBV12-5*01	TRBJ2-7	1
CASGPHGPKETQYF	TRBV27*01	TRBJ2-5	1
CASGPHTGQGAYEQYF	TRBV12-5*01	TRBJ2-7	1
CASGPLGGYNEQFF	TRBV12-5*01	TRBJ2-1	1
CASGPLPGQGGLGYTF	TRBV12-5*01	TRBJ1-2	1
CASGPPAPMNTEAFF	TRBV27*01	TRBJ1-1	1
CASGPPGRFTASYEQYF	TRBV12-5*01	TRBJ2-7	1
CASGPQAGGLDEQFF	TRBV7-3*01	TRBJ2-1	1
CASGPQPYGQALTNYGYTF	TRBV12-5*01	TRBJ1-2	1
CASGPQQGPRETQYF	TRBV12-5*01	TRBJ2-5	1
CASGPRAHLPYEQYF	TRBV6-6*01	TRBJ2-7	1
CASGPREGWFF	TRBV12-5*01	TRBJ2-1	1
CASGPRGLGSYYGYTF	TRBV6-3*01	TRBJ1-2	1
CASGPRNTEAFF	TRBV7-2*01	TRBJ1-1	1
CASGPRVETQYF	TRBV12-5*01	TRBJ2-5	1
CASGPSLMEAEQFF	TRBV6-3*01	TRBJ2-1	1
CASGPTGLLGQYF	TRBV6-3*01	TRBJ2-5	1
CASGPTGSSYNEQFF	TRBV12-5*01	TRBJ2-1	1
CASGPTGTGDTEAFF	TRBV12-5*01	TRBJ1-1	1
CASGPVEGRETQYF	TRBV12-5*01	TRBJ2-5	1
CASGPVGDTQYF	TRBV27*01	TRBJ2-3	1
CASGPYEQYF	TRBV6-3*01	TRBJ2-7	1
CASGPYNSPLHF	TRBV4-1*01	TRBJ1-6	1
CASGQDDRNYGYTF	TRBV12-5*01	TRBJ1-2	4
CASGQGAKYNEQFF	TRBV6-5*01	TRBJ2-1	1
CASGQGGGYTF	TRBV12-5*01	TRBJ1-2	1
CASGQGPFNEQFF	TRBV27*01	TRBJ2-1	1
CASGQGSGELFF	TRBV5-6*01	TRBJ2-2	1
CASGQGTDTQYF	TRBV27*01	TRBJ2-3	1
CASGQGYTQYF	TRBV7-9*01	TRBJ2-3	1
CASGQLAGGADTQYF	TRBV6-1*01	TRBJ2-3	1
CASGQRRPHTLKLNTGELFF	TRBV27*01	TRBJ2-2	1
CASGQSPSGMEYEQYF	TRBV6-1*01	TRBJ2-7	1
CASGRADEQYF	TRBV2*01	TRBJ2-7	1
CASGRDRGQTQPQHF	TRBV6-3*01	TRBJ1-5	1
CASGRDYSSYEQYF	TRBV5-1*01	TRBJ2-7	1
CASGRFNGETQYF	TRBV4-3*01	TRBJ2-5	1
CASGRGFTEAFF	TRBV7-9*01	TRBJ1-1	1
CASGRGSTEAFF	TRBV12-5*01	TRBJ1-1	1
CASGRHRTAQETQYF	TRBV11-2*01	TRBJ2-5	1
CASGRLAGLIHSGANVLTF	TRBV4-3*01	TRBJ2-6	1
CASGRLDEQFF	TRBV25-1*01	TRBJ2-1	1
CASGRLSYNEQFF	TRBV12-4*01	TRBJ2-1	1
CASGRNSYEQYF	TRBV7-2*01	TRBJ2-7	1
CASGRNTEAFF	TRBV6-5*01	TRBJ1-1	1
CASGRREGPQHF	TRBV6-7*01	TRBJ1-5	1
CASGRRTPFTPMSYTF	TRBV12-5*01	TRBJ1-2	1
CASGRSGNEQFF	TRBV27*01	TRBJ2-1	1
CASGRVGQETQYF	TRBV7-9*01	TRBJ2-5	1
CASGSAAAFSTDTQYF	TRBV6-3*01	TRBJ2-3	1
CASGSAVRGGLETQYF	TRBV12-5*01	TRBJ2-5	1
CASGSDSGDPSYTQYF	TRBV12-5*01	TRBJ2-3	1
CASGSGGGNEQFF	TRBV12-4*01	TRBJ2-1	1
CASGSGKVCREAFF	TRBV12-5*01	TRBJ1-1	1
CASGSGTEAFF	TRBV9*01	TRBJ1-1	1
CASGSGTISTDTQYF	TRBV12-3*01	TRBJ2-3	1
CASGSGTNTGELFF	TRBV12-4*01	TRBJ2-2	1
CASGSGTRGGYTF	TRBV9*01	TRBJ1-2	1
CASGSKTGAVNYGYTF	TRBV12-5*01	TRBJ1-2	1
CASGSLLAGAGETQYF	TRBV2*01	TRBJ2-5	1
CASGSNTEAFF	TRBV5-6*01	TRBJ1-1	1
CASGSPGTDTQYF	TRBV4-2*01	TRBJ2-3	1
CASGSPGTGKALQYF	TRBV12-5*01	TRBJ2-3	1
CASGSPSYNEQFF	TRBV7-9*01	TRBJ2-1	1
CASGSQDSRSSYNEQFF	TRBV12-5*01	TRBJ2-1	1
CASGSRQGGRDTEAFF	TRBV12-5*01	TRBJ1-1	1
CASGSRTENSPLHF	TRBV19*01	TRBJ1-6	1
CASGSTGQFTEAFF	TRBV12-5*01	TRBJ1-1	1
CASGSWPQHF	TRBV6-3*01	TRBJ1-5	1
CASGTALSNQPQHF	TRBV12-4*01	TRBJ1-5	1
CASGTDNSPLHF	TRBV7-9*01	TRBJ1-6	1
CASGTENTEAFF	TRBV14*01	TRBJ1-1	1
CASGTGEVNTEAFF	TRBV12-5*01	TRBJ1-1	1
CASGTGGGNQPQHF	TRBV6-3*01	TRBJ1-5	1
CASGTGGSTDTQYF	TRBV6-6*01	TRBJ2-3	1
CASGTGGTEAFF	TRBV18*01	TRBJ1-1	1
CASGTGGVGGYTF	TRBV6-1*01	TRBJ1-2	1
CASGTGLEPDTQYF	TRBV27*01	TRBJ2-3	1
CASGTGQGATGELFF	TRBV12-5*01	TRBJ2-2	1
CASGTGTGPYEQYF	TRBV27*01	TRBJ2-7	1
CASGTGWNEQFF	TRBV24-1*01	TRBJ2-1	1
CASGTGYTDTQYF	TRBV6-1*01	TRBJ2-3	1
CASGTMNTEAFF	TRBV11-1*01	TRBJ1-1	1
CASGTPGGEKLFF	TRBV7-9*01	TRBJ1-4	1
CASGTRPLASGRSGELFF	TRBV2*01	TRBJ2-2	2
CASGTSGAYEQYF	TRBV19*01	TRBJ2-7	1
CASGTSGMNGELFF	TRBV9*01	TRBJ2-2	1
CASGTSGSLTSTDTQYF	TRBV11-2*01	TRBJ2-3	1
CASGTSGTDTQYF	TRBV7-9*01	TRBJ2-3	1
CASGTSGTYNEQFF	TRBV6-5*01	TRBJ2-1	1
CASGTSSYEQYF	TRBV10-2*01	TRBJ2-7	1
CASGTSVTSTDTQYF	TRBV27*01	TRBJ2-3	1
CASGTSYNEQFF	TRBV28*01	TRBJ2-1	1
CASGTVDGYTF	TRBV27*01	TRBJ1-2	1
CASGVAASDTQYF	TRBV27*01	TRBJ2-3	1
CASGVADEQFF	TRBV27*01	TRBJ2-1	1
CASGVGGYTF	TRBV2*01	TRBJ1-2	1
CASGVGSGNTIYF	TRBV6-5*01	TRBJ1-3	1
CASGVPGDNEQFF	TRBV12-4*01	TRBJ2-1	1
CASGVPGTPNTEAFF	TRBV12-5*01	TRBJ1-1	1
CASGVVGLAGGLDEQYF	TRBV7-2*01	TRBJ2-7	1
CASGVVSGSSYEQYF	TRBV27*01	TRBJ2-7	1
CASGVYSNQPQHF	TRBV19*01	TRBJ1-5	1
CASGWDEAGANVLTF	TRBV12-5*01	TRBJ2-6	1
CASGWDRPNTGELFF	TRBV12-5*01	TRBJ2-2	1
CASGWGPAYEQYF	TRBV7-9*01	TRBJ2-7	1
CASGWGWDPNYGYTF	TRBV2*01	TRBJ1-2	1
CASGWNEQFF	TRBV6-5*01	TRBJ2-1	1
CASGWNLDEQFF	TRBV12-5*01	TRBJ2-1	2
CASGWPPETQYF	TRBV12-5*01	TRBJ2-5	1
CASGWPPGTGTYGYTF	TRBV12-5*01	TRBJ1-2	1
CASGWRDHQPQHF	TRBV7-9*01	TRBJ1-5	1
CASGWSLVTFVTQYF	TRBV4-1*01	TRBJ2-5	1
CASGWTLPGTSEQETQYF	TRBV12-5*01	TRBJ2-5	1
CASGWTSGIYEQYF	TRBV27*01	TRBJ2-7	1
CASGYNGGALDTQYF	TRBV9*01	TRBJ2-3	1
CASGYSYEQYF	TRBV6-3*01	TRBJ2-7	1
CASGYWKLAGGPQETQYF	TRBV7-2*01	TRBJ2-5	1
CASGYWSGDTQYF	TRBV6-3*01	TRBJ2-3	1
CASHATGAYGYTF	TRBV2*01	TRBJ1-2	1
CASHDGTDNEKLFF	TRBV7-9*01	TRBJ1-4	1
CASHDPSFYNEQFF	TRBV7-2*01	TRBJ2-1	1
CASHFAGPPYNEQFF	TRBV10-3*01	TRBJ2-1	1
CASHGRGPPYEQYF	TRBV5-6*01	TRBJ2-7	1
CASHKSRDGKETQYF	TRBV7-6*01	TRBJ2-5	1
CASHLGGLNEQFF	TRBV6-6*01	TRBJ2-1	1
CASHPGLQVQETQYF	TRBV27*01	TRBJ2-5	1
CASHPLGEAGDNEQFF	TRBV28*01	TRBJ2-1	1
CASHPRTPIYGYTF	TRBV2*01	TRBJ1-2	1
CASHQTGGRDTEAFF	TRBV13*01	TRBJ1-1	1
CASHRGYPNEQYF	TRBV6-1*01	TRBJ2-7	1
CASHRPSYEQYF	TRBV6-1*01	TRBJ2-7	1
CASHSGNTIYF	TRBV27*01	TRBJ1-3	5
CASHSIVNYGYTF	TRBV19*01	TRBJ1-2	1
CASHTGPTDTQYF	TRBV6-1*01	TRBJ2-3	1
CASHYRGYSNQPQHF	TRBV6-3*01	TRBJ1-5	1
CASIAAGTGNEQFF	TRBV6-3*01	TRBJ2-1	1
CASIAGPRLGMNTEAFF	TRBV5-6*01	TRBJ1-1	1
CASIAGQYNEQFF	TRBV7-9*01	TRBJ2-1	1
CASIALTGELFF	TRBV6-1*01	TRBJ2-2	13
CASIARTQRNTGELFF	TRBV10-2*01	TRBJ2-2	1
CASIDLQGPNTEAFF	TRBV19*01	TRBJ1-1	1
CASIDPTSGSTPDTQYF	TRBV6-6*01	TRBJ2-3	1
CASIDRASGYTF	TRBV6-5*01	TRBJ1-2	1
CASIDSQIIYEQYF	TRBV28*01	TRBJ2-7	1
CASIDYTEAFF	TRBV19*01	TRBJ1-1	1
CASIEEGRKQTQYF	TRBV28*01	TRBJ2-5	1
CASIFSRGDPANYGYTF	TRBV7-9*01	TRBJ1-2	1
CASIGDSPGEQYF	TRBV19*01	TRBJ2-7	2
CASIGEGFSNQPQHF	TRBV25-1*01	TRBJ1-5	1
CASIGEPREPQHF	TRBV19*01	TRBJ1-5	1
CASIGGATEAFF	TRBV19*01	TRBJ1-1	1
CASIGGFPEAFF	TRBV2*01	TRBJ1-1	1
CASIGGNPLFF	TRBV7-9*01	TRBJ2-2	1
CASIGGTGELFF	TRBV19*01	TRBJ2-2	1
CASIGIRDSQETQYF	TRBV6-1*01	TRBJ2-5	1
CASIGPGKNIQYF	TRBV6-1*01	TRBJ2-4	2
CASIGRRNYGYTF	TRBV6-5*01	TRBJ1-2	1
CASIGSLNPPFYEQYF	TRBV28*01	TRBJ2-7	1
CASIGTANEQYF	TRBV6-1*01	TRBJ2-7	1
CASIGTGLFSHSGANVLTF	TRBV19*01	TRBJ2-6	1
CASIGTHPGEAFF	TRBV2*01	TRBJ1-1	1
CASIGTRQGISYGYTF	TRBV7-9*01	TRBJ1-2	1
CASIGTSENEQFF	TRBV6-1*01	TRBJ2-1	1
CASIHSDRANYGYTF	TRBV5-4*01	TRBJ1-2	1
CASIHSRLAGGGQYF	TRBV12-4*01	TRBJ2-5	1
CASIKKGDTQYF	TRBV12-3*01	TRBJ2-3	1
CASILDPFNEQFF	TRBV12-3*01	TRBJ2-1	1
CASILEMTSGADTQYF	TRBV7-2*01	TRBJ2-3	3
CASILGLDTDYNEQFF	TRBV7-8*01	TRBJ2-1	1
CASILGLNTEAFF	TRBV28*01	TRBJ1-1	1
CASILPPGVQYF	TRBV6-3*01	TRBJ2-7	1
CASILPQGTQYF	TRBV7-2*01	TRBJ2-5	1
CASILRDRNTEAFF	TRBV6-3*01	TRBJ1-1	1
CASILRGAGTEAFF	TRBV28*01	TRBJ1-1	1
CASILRGYNEQFF	TRBV13*01	TRBJ2-1	1
CASILSGGPYNEQFF	TRBV12-4*01	TRBJ2-1	1
CASIMTAHGELFF	TRBV12-3*01	TRBJ2-2	1
CASINLWGNPDNEQFF	TRBV6-6*01	TRBJ2-1	1
CASINPATGAYGYTF	TRBV6-3*01	TRBJ1-2	1
CASINRDDSYEQYF	TRBV28*01	TRBJ2-7	1
CASINRGRSSYNEQFF	TRBV12-4*01	TRBJ2-1	1
CASINWGLAGGRGELFF	TRBV11-2*01	TRBJ2-2	1
CASIPDGGNEQYF	TRBV5-6*01	TRBJ2-7	1
CASIPDRGNRNYGYTF	TRBV10-3*01	TRBJ1-2	1
CASIPGMDTEAFF	TRBV12-3*01	TRBJ1-1	1
CASIPGNSGTTYEQYF	TRBV6-6*01	TRBJ2-7	1
CASIPGPSSGNTIYF	TRBV6-5*01	TRBJ1-3	1
CASIPGTGYGYTF	TRBV19*01	TRBJ1-2	1
CASIPLAEVVEQFF	TRBV7-9*01	TRBJ2-1	1
CASIPLAGIYNEQFF	TRBV28*01	TRBJ2-1	1
CASIPLFPGQGANSNQPQHF	TRBV19*01	TRBJ1-5	1
CASIPPGYNEQFF	TRBV12-3*01	TRBJ2-1	1
CASIPQGGTDTQYF	TRBV6-1*01	TRBJ2-3	1
CASIPVAGTGNTIYF	TRBV6-6*01	TRBJ1-3	1
CASIQGAAGYTF	TRBV12-3*01	TRBJ1-2	1
CASIQGAGQPQHF	TRBV6-3*01	TRBJ1-5	1
CASIQGTEAFF	TRBV12-3*01	TRBJ1-1	1
CASIQGTSGNNEQFF	TRBV2*01	TRBJ2-1	1
CASIQRRNEQFF	TRBV7-2*01	TRBJ2-1	1
CASIQTGDYTEAFF	TRBV6-5*01	TRBJ1-1	1
CASIRADSYEQYF	TRBV6-6*01	TRBJ2-7	1
CASIRGTSGASGQETQYF	TRBV12-3*01	TRBJ2-5	1
CASIRLAGDTGELFF	TRBV6-1*01	TRBJ2-2	1
CASIRLAGEVYNEQFF	TRBV6-1*01	TRBJ2-1	1
CASIRLIGTGDFNTEAFF	TRBV19*01	TRBJ1-1	1
CASIRMGSTDTQYF	TRBV27*01	TRBJ2-3	1
CASIRTSGSRNEQFF	TRBV19*01	TRBJ2-1	1
CASISLGLRWRGNTIYF	TRBV7-9*01	TRBJ1-3	1
CASISPHTGELFF	TRBV6-1*01	TRBJ2-2	1
CASISRDSTMNTEAFF	TRBV12-3*01	TRBJ1-1	1
CASISSGQGANTEAFF	TRBV7-9*01	TRBJ1-1	2
CASISTGQGFYNEQFF	TRBV6-3*01	TRBJ2-1	1
CASITKYNEQFF	TRBV12-3*01	TRBJ2-1	1
CASITRTGGAFPDTQYF	TRBV7-3*01	TRBJ2-3	1
CASITRVGEPQHF	TRBV2*01	TRBJ1-5	1
CASIVGTGALNTEAFF	TRBV19*01	TRBJ1-1	1
CASIVSQGSTEAFF	TRBV19*01	TRBJ1-1	1
CASIVTGTSGLSNYGYTF	TRBV7-9*01	TRBJ1-2	1
CASKAGGDRTEAFF	TRBV19*01	TRBJ1-1	1
CASKAGGSVNEQYF	TRBV6-5*01	TRBJ2-7	1
CASKAGHAIQETQYF	TRBV10-2*01	TRBJ2-5	1
CASKAGNGYTF	TRBV6-6*01	TRBJ1-2	1
CASKAGSGTEQFF	TRBV7-9*01	TRBJ2-1	1
CASKAPQGGYEQYF	TRBV27*01	TRBJ2-7	1
CASKDARQGPYNEQFF	TRBV2*01	TRBJ2-1	1
CASKDGANVLTF	TRBV5-1*01	TRBJ2-6	3
CASKDGGGQETQYF	TRBV12-4*01	TRBJ2-5	1
CASKDRELDEQYF	TRBV6-1*01	TRBJ2-7	1
CASKEARFNYGYTF	TRBV19*01	TRBJ1-2	1
CASKEGAGGTYNEQFF	TRBV19*01	TRBJ2-1	1
CASKEGFNPNYGYTF	TRBV2*01	TRBJ1-2	1
CASKEGNQPQHF	TRBV19*01	TRBJ1-5	6
CASKENRLQETQYF	TRBV2*01	TRBJ2-5	1
CASKESNQPQHF	TRBV19*01	TRBJ1-5	1
CASKESSGSDTQYF	TRBV16*01	TRBJ2-3	2
CASKETGLYNEQFF	TRBV14*01	TRBJ2-1	1
CASKEVGTSYEQYF	TRBV19*01	TRBJ2-7	1
CASKEVLTDTQYF	TRBV6-6*01	TRBJ2-3	1
CASKFEKQFF	TRBV2*01	TRBJ2-1	1
CASKGAVTEAFF	TRBV6-5*01	TRBJ1-1	1
CASKGDRGAYEQYF	TRBV6-3*01	TRBJ2-7	1
CASKGGPDYEQYF	TRBV3-1*01	TRBJ2-7	1
CASKGGPHQPQHF	TRBV6-5*01	TRBJ1-5	1
CASKGKGNTEAFF	TRBV2*01	TRBJ1-1	1
CASKGLAGGGSYNEQFF	TRBV6-5*01	TRBJ2-1	1
CASKGNTGELFF	TRBV19*01	TRBJ2-2	1
CASKGQATNEKLFF	TRBV7-2*01	TRBJ1-4	2
CASKGQGDNQPQHF	TRBV6-3*01	TRBJ1-5	1
CASKGSNYGYTF	TRBV5-6*01	TRBJ1-2	1
CASKGTASTDTQYF	TRBV10-2*01	TRBJ2-3	1
CASKGTDTQYF	TRBV27*01	TRBJ2-3	1
CASKGTGSLDTQYF	TRBV5-1*01	TRBJ2-3	1
CASKGTGTAGRYQPQHF	TRBV2*01	TRBJ1-5	1
CASKGVGQSDTQYF	TRBV28*01	TRBJ2-3	1
CASKGVVYEQYF	TRBV6-1*01	TRBJ2-7	13
CASKGYGYTF	TRBV2*01	TRBJ1-2	1
CASKGYSGSATGELFF	TRBV6-3*01	TRBJ2-2	1
CASKHPATNEKLFF	TRBV7-8*01	TRBJ1-4	1
CASKIAGGTEAFF	TRBV27*01	TRBJ1-1	1
CASKIDSDQANEQFF	TRBV28*01	TRBJ2-1	1
CASKIGQGYEQYF	TRBV6-5*01	TRBJ2-7	1
CASKIGVYNEQFF	TRBV27*01	TRBJ2-1	1
CASKIQGSPEAFF	TRBV28*01	TRBJ1-1	1
CASKISSTDTQYF	TRBV6-1*01	TRBJ2-3	1
CASKKGEGNEKLFF	TRBV2*01	TRBJ1-4	1
CASKKREGRADTQYF	TRBV5-1*01	TRBJ2-3	1
CASKKTGPTYEQYF	TRBV6-5*01	TRBJ2-7	1
CASKLNGGSGPTHEQYF	TRBV2*01	TRBJ2-7	1
CASKLQGASNQPQHF	TRBV6-5*01	TRBJ1-5	1
CASKMGQYNEQFF	TRBV27*01	TRBJ2-1	1
CASKNGEKLFF	TRBV7-9*01	TRBJ1-4	1
CASKNPGIPLGDEQFF	TRBV6-3*01	TRBJ2-1	1
CASKNPGTEIYEQYF	TRBV28*01	TRBJ2-7	5
CASKNSQGTGNEQFF	TRBV6-5*01	TRBJ2-1	1
CASKNVGGPGSDTQYF	TRBV12-4*01	TRBJ2-3	1
CASKPPGAQGDTQYF	TRBV7-9*01	TRBJ2-3	1
CASKPQGLAGGPGTNEQFF	TRBV6-5*01	TRBJ2-1	1
CASKPTGFGYGYTF	TRBV6-3*01	TRBJ1-2	1
CASKPTGGLETQYF	TRBV12-3*01	TRBJ2-5	1
CASKPTSTDTQYF	TRBV27*01	TRBJ2-3	4
CASKQGNTEAFF	TRBV28*01	TRBJ1-1	1
CASKREDYEQYF	TRBV12-4*01	TRBJ2-7	1
CASKRGGGTEAFF	TRBV2*01	TRBJ1-1	1
CASKRGMSNQPQHF	TRBV21-1*01	TRBJ1-5	1
CASKRGSTEAFF	TRBV27*01	TRBJ1-1	1
CASKRGTEIYYSPLHF	TRBV12-4*01	TRBJ1-6	1
CASKRPTNEKLFF	TRBV2*01	TRBJ1-4	1
CASKRRPRYEQYF	TRBV6-6*01	TRBJ2-7	1
CASKRSMNTEAFF	TRBV14*01	TRBJ1-1	1
CASKRTATYEQYF	TRBV28*01	TRBJ2-7	3
CASKRTSGSTDTQYF	TRBV6-3*01	TRBJ2-3	1
CASKSFFRDRGTGELFF	TRBV6-3*01	TRBJ2-2	1
CASKSVYLSTDTQYF	TRBV2*01	TRBJ2-3	1
CASKTDSYNEQFF	TRBV7-9*01	TRBJ2-1	1
CASKTENIQYF	TRBV27*01	TRBJ2-4	1
CASKTGFEQYF	TRBV2*01	TRBJ2-7	1
CASKTGVDYNEQFF	TRBV6-3*01	TRBJ2-1	1
CASKTGVNTEAFF	TRBV6-5*01	TRBJ1-1	1
CASKTLWGKNIQYF	TRBV2*01	TRBJ2-4	1
CASKTRDRGHNEQFF	TRBV27*01	TRBJ2-1	1
CASKTSDTYEQYF	TRBV27*01	TRBJ2-7	1
CASKTSNEQFF	TRBV25-1*01	TRBJ2-1	1
CASKVAGEHEQYF	TRBV27*01	TRBJ2-7	1
CASKVAGRAYEQYF	TRBV2*01	TRBJ2-7	1
CASKVPGQLDYGYTF	TRBV28*01	TRBJ1-2	1
CASKVSGGGQETQYF	TRBV5-6*01	TRBJ2-5	1
CASKVSGPKETQYF	TRBV6-3*01	TRBJ2-5	1
CASKVWPGEAFF	TRBV12-3*01	TRBJ1-1	1
CASKWGGDSPLHF	TRBV5-4*01	TRBJ1-6	1
CASKWGLAGSTDTQYF	TRBV7-9*01	TRBJ2-3	1
CASKYGSYYEQYF	TRBV28*01	TRBJ2-7	1
CASKYGTSDGNEQFF	TRBV7-8*01	TRBJ2-1	1
CASLADYEQYF	TRBV28*01	TRBJ2-7	1
CASLAGDSTDTQYF	TRBV21-1*01	TRBJ2-3	1
CASLALGSQGRGAGDTQYF	TRBV7-8*01	TRBJ2-3	1
CASLALTGELFF	TRBV6-1*01	TRBJ2-2	2
CASLDRPGLSQHF	TRBV2*01	TRBJ1-5	1
CASLDRPTYEQYF	TRBV28*01	TRBJ2-7	1
CASLEGLVYEQYF	TRBV2*01	TRBJ2-7	1
CASLEGVGETQYF	TRBV5-4*01	TRBJ2-5	1
CASLERATNEKLFF	TRBV2*01	TRBJ1-4	1
CASLGDLSGDTQYF	TRBV27*01	TRBJ2-3	1
CASLGERGYTF	TRBV12-4*01	TRBJ1-2	1
CASLGGGPYNEQFF	TRBV13*01	TRBJ2-1	1
CASLGGNYGYTF	TRBV5-1*01	TRBJ1-2	1
CASLGLAGAGELFF	TRBV9*01	TRBJ2-2	1
CASLGLGANEKLFF	TRBV2*01	TRBJ1-4	1
CASLGLGTDTQYF	TRBV6-3*01	TRBJ2-3	1
CASLGLGVTQYF	TRBV28*01	TRBJ2-5	1
CASLGNYGYTF	TRBV2*01	TRBJ1-2	1
CASLGRRGGLFF	TRBV12-4*01	TRBJ2-2	1
CASLGSPEYNEQFF	TRBV7-9*01	TRBJ2-1	1
CASLISGTDTQYF	TRBV11-2*01	TRBJ2-3	1
CASLKGGDISNQPQHF	TRBV19*01	TRBJ1-5	1
CASLKKHDGNQPQHF	TRBV2*01	TRBJ1-5	1
CASLKLSREGHEQYF	TRBV28*01	TRBJ2-7	1
CASLLEGAEGETQYF	TRBV12-4*01	TRBJ2-5	1
CASLLGGTGFDEQFF	TRBV12-4*01	TRBJ2-1	1
CASLLGPTDTQYF	TRBV5-4*01	TRBJ2-3	1
CASLLGQGYEQYF	TRBV28*01	TRBJ2-7	1
CASLMSRVSEAFF	TRBV6-5*01	TRBJ1-1	1
CASLPGGGASYEQYF	TRBV6-3*01	TRBJ2-7	1
CASLPGIRDYGYTF	TRBV6-1*01	TRBJ1-2	1
CASLPGTPSSNEQFF	TRBV27*01	TRBJ2-1	1
CASLPLGLAFF	TRBV2*01	TRBJ1-1	1
CASLPQASAASGKLYNEQFF	TRBV5-6*01	TRBJ2-1	1
CASLPRGGGPFRIGSYEQYF	TRBV28*01	TRBJ2-7	1
CASLPVAGGYNEQFF	TRBV6-3*01	TRBJ2-1	1
CASLPVSTDTQYF	TRBV12-4*01	TRBJ2-3	1
CASLQGFGMNTEAFF	TRBV27*01	TRBJ1-1	1
CASLRDRYNEQFF	TRBV13*01	TRBJ2-1	1
CASLRWAGADTQYF	TRBV27*01	TRBJ2-3	1
CASLSGNSPLHF	TRBV13*01	TRBJ1-6	1
CASLSSYNSPLHF	TRBV12-4*01	TRBJ1-6	1
CASLTGDYNEQFF	TRBV7-2*01	TRBJ2-1	1
CASLTTSVNTGELFF	TRBV2*01	TRBJ2-2	1
CASLVVLETNTGELFF	TRBV12-3*01	TRBJ2-2	1
CASLWLRGEYNEQFF	TRBV6-3*01	TRBJ2-1	1
CASLWQGAGEQYF	TRBV6-3*01	TRBJ2-7	1
CASLYGRGTEAFF	TRBV2*01	TRBJ1-1	1
CASMADNPYEQYF	TRBV3-1*01	TRBJ2-7	1
CASMAGTGNTEAFF	TRBV19*01	TRBJ1-1	1
CASMAPGNEQFF	TRBV5-8*01	TRBJ2-1	1
CASMEQGNSPLHF	TRBV28*01	TRBJ1-6	1
CASMETQYF	TRBV3-1*01	TRBJ2-5	1
CASMEVNTEAFF	TRBV19*01	TRBJ1-1	1
CASMGADEPTGELFF	TRBV25-1*01	TRBJ2-2	1
CASMGAGELFF	TRBV9*01	TRBJ2-2	1
CASMGDTQYF	TRBV27*01	TRBJ2-3	1
CASMGEGYEQYF	TRBV12-3*01	TRBJ2-7	1
CASMGGETQYF	TRBV12-4*01	TRBJ2-5	1
CASMGKRNYGYTF	TRBV21-1*01	TRBJ1-2	1
CASMGLAGGRNEQFF	TRBV7-9*01	TRBJ2-1	1
CASMGRDSYEQYF	TRBV2*01	TRBJ2-7	1
CASMGTAHEAFF	TRBV27*01	TRBJ1-1	1
CASMGTSETNEQFF	TRBV2*01	TRBJ2-1	1
CASMGTSGNEQFF	TRBV2*01	TRBJ2-1	1
CASMLPAGRSYNEQFF	TRBV6-3*01	TRBJ2-1	1
CASMLTAGGYTQYF	TRBV28*01	TRBJ2-3	1
CASMNRASSYNEQFF	TRBV27*01	TRBJ2-1	1
CASMPAGYTGELFF	TRBV14*01	TRBJ2-2	1
CASMPDIGSNEQFF	TRBV19*01	TRBJ2-1	1
CASMPGQDSYNEQFF	TRBV2*01	TRBJ2-1	1
CASMPGTLNEQFF	TRBV19*01	TRBJ2-1	1
CASMRDYNEQFF	TRBV19*01	TRBJ2-1	1
CASMRGVEGTDTQYF	TRBV7-2*01	TRBJ2-3	1
CASMTEGAFRAGNQPQHF	TRBV12-4*01	TRBJ1-5	1
CASMTSGGGEQYF	TRBV5-1*01	TRBJ2-7	1
CASMTVTYEQYF	TRBV2*01	TRBJ2-7	1
CASMYPGGTGELFF	TRBV6-5*01	TRBJ2-2	1
CASNADRARTEAFF	TRBV6-3*01	TRBJ1-1	1
CASNAFDYEQYF	TRBV5-1*01	TRBJ2-7	1
CASNAGGQRTDTQYF	TRBV9*01	TRBJ2-3	1
CASNAGPLGNTIYF	TRBV2*01	TRBJ1-3	1
CASNAGQGSYEQYF	TRBV2*01	TRBJ2-7	1
CASNAGTGDYQPQHF	TRBV6-3*01	TRBJ1-5	1
CASNDGAGTGTYEQYF	TRBV5-6*01	TRBJ2-7	1
CASNDGDRAYGYTF	TRBV5-1*01	TRBJ1-2	1
CASNDGTWGGSSYNEQFF	TRBV7-8*01	TRBJ2-1	1
CASNDLNYGYTF	TRBV19*01	TRBJ1-2	1
CASNDPHGGVADTQYF	TRBV9*01	TRBJ2-3	1
CASNDRGNGYTF	TRBV6-5*01	TRBJ1-2	1
CASNDSNF	TRBV5-5*01	TRBJ2-5	1
CASNEGANTEAFF	TRBV12-3*01	TRBJ1-1	1
CASNEGPEMNTEAFF	TRBV19*01	TRBJ1-1	1
CASNEIAGAEMDTEAFF	TRBV5-1*01	TRBJ1-1	1
CASNEQFSHSPLHF	TRBV5-6*01	TRBJ1-6	1
CASNEQGDSEKLFF	TRBV5-5*01	TRBJ1-4	1
CASNFPGNEQYF	TRBV19*01	TRBJ2-7	1
CASNFQGGSGETQYF	TRBV28*01	TRBJ2-5	1
CASNFQGLTDTQYF	TRBV6-1*01	TRBJ2-3	1
CASNFVRGLEQFF	TRBV27*01	TRBJ2-1	1
CASNGGGTYEQYF	TRBV19*01	TRBJ2-7	1
CASNGGHGQGYEQYF	TRBV6-1*01	TRBJ2-7	1
CASNGGREQYF	TRBV5-4*01	TRBJ2-7	1
CASNGNSGSFSYEQYF	TRBV6-1*01	TRBJ2-7	1
CASNGPYEQYF	TRBV6-6*01	TRBJ2-7	1
CASNGQCNGYTF	TRBV6-4*01	TRBJ1-2	1
CASNGQGASPLHF	TRBV27*01	TRBJ1-6	1
CASNGRWEQYF	TRBV6-6*01	TRBJ2-7	1
CASNHLRAGGGYEQYF	TRBV2*01	TRBJ2-7	1
CASNHPGELFF	TRBV6-3*01	TRBJ2-2	1
CASNIEGGTGDNGELFF	TRBV27*01	TRBJ2-2	1
CASNIGTAPVDEAFF	TRBV7-6*01	TRBJ1-1	1
CASNIKAGGRTDTQYF	TRBV5-1*01	TRBJ2-3	1
CASNKAQGGKGEQYF	TRBV27*01	TRBJ2-7	1
CASNKGEETQYF	TRBV12-3*01	TRBJ2-5	1
CASNKGMNQPQHF	TRBV6-3*01	TRBJ1-5	1
CASNKGQGLLFYEQYF	TRBV2*01	TRBJ2-7	1
CASNKIERDHSTGELFF	TRBV6-3*01	TRBJ2-2	1
CASNKPKRQRKETQYF	TRBV7-2*01	TRBJ2-5	1
CASNKSGGTDTQYF	TRBV6-4*01	TRBJ2-3	1
CASNLAGANYGYTF	TRBV12-5*01	TRBJ1-2	1
CASNLAGGGTGELFF	TRBV7-3*01	TRBJ2-2	1
CASNLAGGRQDTGELFF	TRBV2*01	TRBJ2-2	1
CASNLANYNEQFF	TRBV12-3*01	TRBJ2-1	1
CASNLDKNTEAFF	TRBV6-1*01	TRBJ1-1	1
CASNLDRGPYNEQFF	TRBV4-1*01	TRBJ2-1	1
CASNLEQGAQPPEAFF	TRBV6-6*01	TRBJ1-1	1
CASNLGGLGDEQYF	TRBV9*01	TRBJ2-7	1
CASNLGGQVGQPQHF	TRBV7-2*01	TRBJ1-5	1
CASNLGPGEGEQYF	TRBV19*01	TRBJ2-7	1
CASNLGPYEQYF	TRBV6-5*01	TRBJ2-7	1
CASNLGQSNEKLFF	TRBV9*01	TRBJ1-4	1
CASNLGTQNTGELFF	TRBV19*01	TRBJ2-2	1
CASNLLANTGELFF	TRBV7-9*01	TRBJ2-2	1
CASNLLSRTDTQYF	TRBV7-9*01	TRBJ2-3	1
CASNLLVATDTQYF	TRBV12-4*01	TRBJ2-3	1
CASNLNNEQFF	TRBV6-3*01	TRBJ2-1	1
CASNLPGSTYHTQYF	TRBV25-1*01	TRBJ2-3	1
CASNLRAHYNSPLHF	TRBV6-5*01	TRBJ1-6	1
CASNLRGLYNEQFF	TRBV5-4*01	TRBJ2-1	1
CASNLVERGTDTQYF	TRBV9*01	TRBJ2-3	1
CASNLVPMGLSYNEQFF	TRBV2*01	TRBJ2-1	1
CASNLVPTGAYNEQFF	TRBV7-2*01	TRBJ2-1	1
CASNMGGLLSTDTQYF	TRBV7-8*01	TRBJ2-3	1
CASNMGLQETQYF	TRBV2*01	TRBJ2-5	1
CASNMGPYEQYF	TRBV12-3*01	TRBJ2-7	1
CASNMHGLAGDPYNEQFF	TRBV5-1*01	TRBJ2-1	1
CASNPAGPNEQFF	TRBV28*01	TRBJ2-1	1
CASNPDRSSYEQYF	TRBV19*01	TRBJ2-7	1
CASNPFALSSYNEQFF	TRBV19*01	TRBJ2-1	1
CASNPFLGLYYGYTF	TRBV28*01	TRBJ1-2	1
CASNPGLAGGPHEQYF	TRBV6-5*01	TRBJ2-7	1
CASNPGLNYYEQYF	TRBV5-6*01	TRBJ2-7	1
CASNPGLRAGFYNEQFF	TRBV4-1*01	TRBJ2-1	1
CASNPGPGNLYGYTF	TRBV12-4*01	TRBJ1-2	1
CASNPGQNYNEQFF	TRBV6-3*01	TRBJ2-1	1
CASNPGRGSPLHF	TRBV6-5*01	TRBJ1-6	1
CASNPGRGTGNQPQHF	TRBV19*01	TRBJ1-5	1
CASNPGTEYNEQFF	TRBV25-1*01	TRBJ2-1	1
CASNPGTGQRTEAFF	TRBV6-5*01	TRBJ1-1	1
CASNPIEDPIYGYTF	TRBV9*01	TRBJ1-2	1
CASNPIPVTGEQYF	TRBV7-9*01	TRBJ2-7	1
CASNPLGQGAEAFF	TRBV6-5*01	TRBJ1-1	1
CASNPLLPGEQYF	TRBV28*01	TRBJ2-7	1
CASNPPEGGFTEAFF	TRBV19*01	TRBJ1-1	1
CASNPPGQGFDEQFF	TRBV5-6*01	TRBJ2-1	1
CASNPPSGEQYF	TRBV6-5*01	TRBJ2-7	1
CASNPRIRFMGTDTQYF	TRBV14*01	TRBJ2-3	1
CASNPSGGASDTQYF	TRBV6-3*01	TRBJ2-3	1
CASNPSGVRGTQPQHF	TRBV19*01	TRBJ1-5	1
CASNPSSDGDRYEQYF	TRBV13*01	TRBJ2-7	1
CASNPSSTDTQYF	TRBV19*01	TRBJ2-3	10
CASNPTSGGSREQFF	TRBV6-5*01	TRBJ2-1	1
CASNPTYEQYF	TRBV6-9*01	TRBJ2-7	1
CASNPVAGGIVNEQFF	TRBV27*01	TRBJ2-1	1
CASNPWASPQETQYF	TRBV2*01	TRBJ2-5	1
CASNPYVGMNTEAFF	TRBV6-5*01	TRBJ1-1	1
CASNQDPKQGRYGYTF	TRBV4-2*01	TRBJ1-2	1
CASNQDTYEQYF	TRBV11-1*01	TRBJ2-7	1
CASNQELPTYNEQFF	TRBV5-1*01	TRBJ2-1	1
CASNQGETQYF	TRBV6-6*01	TRBJ2-5	1
CASNQGGNSYEQYF	TRBV7-9*01	TRBJ2-7	1
CASNQGGSSPLHF	TRBV7-8*01	TRBJ1-6	1
CASNQGGTGLASIPYEQYF	TRBV7-9*01	TRBJ2-7	1
CASNQGLNEQFF	TRBV19*01	TRBJ2-1	1
CASNQGMNTEAFF	TRBV9*01	TRBJ1-1	1
CASNQILQGNTEAFF	TRBV6-6*01	TRBJ1-1	1
CASNQRGFYEQYF	TRBV6-6*01	TRBJ2-7	1
CASNQRVGDHSGNTIYF	TRBV12-4*01	TRBJ1-3	1
CASNRDRGSKRGQYF	TRBV19*01	TRBJ2-5	1
CASNRDRGSYGYTF	TRBV11-2*01	TRBJ1-2	1
CASNRGGGETQYF	TRBV19*01	TRBJ2-5	1
CASNRGGSGETQYF	TRBV9*01	TRBJ2-5	1
CASNRGLAGGHNEQFF	TRBV9*01	TRBJ2-1	1
CASNRGTSVYNEQFF	TRBV28*01	TRBJ2-1	1
CASNRLAESYNEQFF	TRBV27*01	TRBJ2-1	1
CASNRQDGSGANVLTF	TRBV19*01	TRBJ2-6	1
CASNSEDRSAKYEQYF	TRBV2*01	TRBJ2-7	1
CASNSFGQPYEQYF	TRBV19*01	TRBJ2-7	1
CASNSGGLSYEQYF	TRBV6-5*01	TRBJ2-7	1
CASNSGGNTIYF	TRBV11-1*01	TRBJ1-3	1
CASNSGLDNNEQFF	TRBV27*01	TRBJ2-1	1
CASNSGSEYEQYF	TRBV5-1*01	TRBJ2-7	1
CASNSGSSNTIYF	TRBV6-1*01	TRBJ1-3	1
CASNSMGLARGIRETQYF	TRBV11-1*01	TRBJ2-5	1
CASNSQGAEDGYTF	TRBV12-4*01	TRBJ1-2	1
CASNSRLWGGETQYF	TRBV13*01	TRBJ2-5	1
CASNSYNEQFF	TRBV28*01	TRBJ2-1	1
CASNTAGGYTDTQYF	TRBV9*01	TRBJ2-3	1
CASNTDKTRPGNTIYF	TRBV28*01	TRBJ1-3	1
CASNTGDSNQPQHF	TRBV6-6*01	TRBJ1-5	6
CASNTGGGNQPQHF	TRBV19*01	TRBJ1-5	1
CASNTGVGTNEKLFF	TRBV6-1*01	TRBJ1-4	1
CASNTRNEETQYF	TRBV6-3*01	TRBJ2-5	1
CASNTVIWDSPLHF	TRBV6-3*01	TRBJ1-6	1
CASNVGDGNQPQHF	TRBV5-5*01	TRBJ1-5	1
CASNVGYDEQYF	TRBV5-6*01	TRBJ2-7	1
CASNVQGASKNIQYF	TRBV6-3*01	TRBJ2-4	1
CASNWDGYGYTF	TRBV19*01	TRBJ1-2	1
CASNYAGTDEAFF	TRBV5-1*01	TRBJ1-1	1
CASNYGPSYEQYF	TRBV6-5*01	TRBJ2-7	1
CASNYPPDNEQFF	TRBV28*01	TRBJ2-1	1
CASPAGGITDTQYF	TRBV7-2*01	TRBJ2-3	1
CASPASGSSYNEQFF	TRBV7-2*01	TRBJ2-1	1
CASPDDGELHEQYF	TRBV21-1*01	TRBJ2-7	1
CASPDRVDYGYTF	TRBV2*01	TRBJ1-2	1
CASPEGTGELFF	TRBV7-9*01	TRBJ2-2	1
CASPGTGQYEQYF	TRBV6-1*01	TRBJ2-7	1
CASPGTSGSTDTQYF	TRBV2*01	TRBJ2-3	1
CASPHESGPTGELFF	TRBV6-1*01	TRBJ2-2	1
CASPIGGRGTGELFF	TRBV6-1*01	TRBJ2-2	1
CASPKGLEQYF	TRBV6-1*01	TRBJ2-7	1
CASPLGDGANVLTF	TRBV12-3*01	TRBJ2-6	1
CASPLGGDLTGELFF	TRBV7-2*01	TRBJ2-2	1
CASPPDLTLDVMTNKAFF	TRBV27*01	TRBJ1-1	1
CASPPDRGYRDTQYF	TRBV2*01	TRBJ2-3	1
CASPPGGAGNSPLHF	TRBV5-1*01	TRBJ1-6	1
CASPPPQFANTEAFF	TRBV28*01	TRBJ1-1	1
CASPPSRITVPNSQPQHF	TRBV28*01	TRBJ1-5	1
CASPRDRGWGETQYF	TRBV2*01	TRBJ2-5	1
CASPRGEGLNEQFF	TRBV2*01	TRBJ2-1	1
CASPRGGMGSYEQYF	TRBV4-2*01	TRBJ2-7	1
CASPSLAATEAFF	TRBV18*01	TRBJ1-1	1
CASPSLGPKNTEAFF	TRBV2*01	TRBJ1-1	1
CASPTKRGGNNEQFF	TRBV2*01	TRBJ2-1	1
CASPTLRGVENTGELFF	TRBV6-3*01	TRBJ2-2	1
CASPWSWDAEAFF	TRBV6-4*01	TRBJ1-1	1
CASPWTGSGPYEQYF	TRBV18*01	TRBJ2-7	1
CASQAGLEYLGAFF	TRBV28*01	TRBJ1-1	1
CASQASGEKLFF	TRBV12-3*01	TRBJ1-4	1
CASQATTTYNEQFF	TRBV30*01	TRBJ2-1	1
CASQDSGGQWGTQYF	TRBV6-3*01	TRBJ2-3	1
CASQEGDEQFF	TRBV19*01	TRBJ2-1	1
CASQELSGYNNEQFF	TRBV19*01	TRBJ2-1	1
CASQENSGNTIYF	TRBV2*01	TRBJ1-3	1
CASQFMNTEAFF	TRBV6-3*01	TRBJ1-1	1
CASQGASYNEQFF	TRBV9*01	TRBJ2-1	1
CASQGDLPGELFF	TRBV10-3*01	TRBJ2-2	1
CASQGGGRNGELFF	TRBV5-4*01	TRBJ2-2	2
CASQGGPTPYEQYF	TRBV7-2*01	TRBJ2-7	1
CASQGLVREFGRETQYF	TRBV19*01	TRBJ2-5	1
CASQGMTDTQYF	TRBV4-3*01	TRBJ2-3	1
CASQGPSSNQPQHF	TRBV6-6*01	TRBJ1-5	1
CASQGQPYEQYF	TRBV27*01	TRBJ2-7	1
CASQGTWSDGYTF	TRBV27*01	TRBJ1-2	1
CASQHSPAGNTIYF	TRBV19*01	TRBJ1-3	1
CASQLAGDGTEAFF	TRBV4-1*01	TRBJ1-1	1
CASQLAGGGEQYF	TRBV5-1*01	TRBJ2-7	1
CASQLGGAKGRYEQYF	TRBV21-1*01	TRBJ2-7	1
CASQLGLAEQETQYF	TRBV6-1*01	TRBJ2-5	1
CASQPGLPTGGQYF	TRBV12-3*01	TRBJ2-3	1
CASQPPGLASHFGNEQFF	TRBV11-1*01	TRBJ2-1	1
CASQPSEGGYEQYF	TRBV19*01	TRBJ2-7	1
CASQPTSTVDTQYF	TRBV7-9*01	TRBJ2-3	1
CASQQDSYGYTF	TRBV2*01	TRBJ1-2	1
CASQQRWTRREVNYGYTF	TRBV19*01	TRBJ1-2	1
CASQQSGSSYNSPLHF	TRBV2*01	TRBJ1-6	4
CASQRASLNTEAFF	TRBV19*01	TRBJ1-1	1
CASQRGSSYNEQFF	TRBV27*01	TRBJ2-1	1
CASQSADTQYF	TRBV6-6*01	TRBJ2-3	1
CASQVDTFTDGGELFF	TRBV28*01	TRBJ2-2	1
CASQVSAGANVLTF	TRBV30*01	TRBJ2-6	2
CASRAAGTADEKLFF	TRBV12-4*01	TRBJ1-4	1
CASRAAVMNTEAFF	TRBV19*01	TRBJ1-1	1
CASRADGYTF	TRBV2*01	TRBJ1-2	1
CASRAEGRHNEQFF	TRBV7-2*01	TRBJ2-1	1
CASRAGDNPQETQYF	TRBV5-1*01	TRBJ2-5	1
CASRAGGEQYF	TRBV7-2*01	TRBJ2-7	1
CASRAGGESYNEQFF	TRBV4-2*01	TRBJ2-1	1
CASRAGGGTEAFF	TRBV6-5*01	TRBJ1-1	1
CASRAGGSYEQYF	TRBV5-1*01	TRBJ2-7	1
CASRAGGVGTGELFF	TRBV4-3*01	TRBJ2-2	1
CASRAGRDSNQPQHF	TRBV28*01	TRBJ1-5	1
CASRAGTEISGYGYTF	TRBV6-4*01	TRBJ1-2	1
CASRAGTSGSQETQYF	TRBV5-6*01	TRBJ2-5	1
CASRALLLAGGIDTQYF	TRBV6-5*01	TRBJ2-3	1
CASRALTGEETQYF	TRBV28*01	TRBJ2-5	1
CASRAMEGVKADTQYF	TRBV18*01	TRBJ2-3	1
CASRAMGGDTEAFF	TRBV2*01	TRBJ1-1	1
CASRAPAGVYEQYF	TRBV2*01	TRBJ2-7	1
CASRAQGATNEKLFF	TRBV9*01	TRBJ1-4	2
CASRARGGANVLTF	TRBV27*01	TRBJ2-6	1
CASRARGNEKLFF	TRBV5-4*01	TRBJ1-4	1
CASRATLQFTEAFF	TRBV2*01	TRBJ1-1	1
CASRATSGAPYEQYF	TRBV28*01	TRBJ2-7	1
CASRATTTNYGYTF	TRBV6-5*01	TRBJ1-2	1
CASRDAYGRNTGELFF	TRBV4-2*01	TRBJ2-2	1
CASRDFSGYNEQFF	TRBV2*01	TRBJ2-1	1
CASRDGDRVEQYF	TRBV6-3*01	TRBJ2-7	1
CASRDGELFF	TRBV6-3*01	TRBJ2-2	2
CASRDGGGLIQETQYF	TRBV6-3*01	TRBJ2-5	1
CASRDGGGSFF	TRBV6-5*01	TRBJ1-1	1
CASRDGLAGSYEQYF	TRBV7-9*01	TRBJ2-7	1
CASRDGQGAFF	TRBV6-5*01	TRBJ2-1	1
CASRDGQGASGYTF	TRBV2*01	TRBJ1-2	1
CASRDGQRAPVLTF	TRBV19*01	TRBJ2-6	1
CASRDGVAGAIQYF	TRBV5-4*01	TRBJ2-4	1
CASRDHRGGSDYGYTF	TRBV2*01	TRBJ1-2	1
CASRDLHYEQYF	TRBV28*01	TRBJ2-7	2
CASRDLSSYEQYF	TRBV19*01	TRBJ2-7	1
CASRDNRGSYEQYF	TRBV14*01	TRBJ2-7	1
CASRDNYGYTF	TRBV6-1*01	TRBJ1-2	1
CASRDPGSYNEQFF	TRBV27*01	TRBJ2-1	1
CASRDPGTGPLEGYTF	TRBV5-1*01	TRBJ1-2	1
CASRDPPRGYDEQYF	TRBV5-1*01	TRBJ2-7	1
CASRDPSGVDEQYF	TRBV2*01	TRBJ2-7	1
CASRDQMNTEAFF	TRBV6-3*01	TRBJ1-1	2
CASRDRALPGANVLTF	TRBV6-3*01	TRBJ2-6	1
CASRDRDSYEQYF	TRBV2*01	TRBJ2-7	1
CASRDRDYLAKNIQYF	TRBV6-6*01	TRBJ2-4	1
CASRDREGNNSPLHF	TRBV12-3*01	TRBJ1-6	1
CASRDRGKNEQYF	TRBV6-5*01	TRBJ2-7	1
CASRDRGLDYGYTF	TRBV27*01	TRBJ1-2	1
CASRDRGLLEQYF	TRBV2*01	TRBJ2-7	1
CASRDRGQSFLFF	TRBV2*01	TRBJ2-2	1
CASRDRGRRESPLHF	TRBV5-6*01	TRBJ1-6	1
CASRDRGRSEQFF	TRBV28*01	TRBJ2-1	1
CASRDRGSTDTQYF	TRBV2*01	TRBJ2-3	1
CASRDRLSPLHF	TRBV6-5*01	TRBJ1-6	1
CASRDRMVNTGELFF	TRBV19*01	TRBJ2-2	1
CASRDRQNTGELFF	TRBV2*01	TRBJ2-2	1
CASRDRSNSGELFF	TRBV6-3*01	TRBJ2-2	1
CASRDRSQYEQYF	TRBV6-1*01	TRBJ2-7	1
CASRDSAAVDTGELFF	TRBV4-3*01	TRBJ2-2	1
CASRDSADTGELFF	TRBV6-4*01	TRBJ2-2	1
CASRDSGPYEQYF	TRBV2*01	TRBJ2-7	1
CASRDSLSYSPLHF	TRBV6-1*01	TRBJ1-6	1
CASRDSNQPQHF	TRBV19*01	TRBJ1-5	1
CASRDSSYNEQFF	TRBV7-3*01	TRBJ2-1	1
CASRDSVFPYGYTF	TRBV7-9*01	TRBJ1-2	1
CASRDTENQPQHF	TRBV6-6*01	TRBJ1-5	2
CASRDTGELFF	TRBV25-1*01	TRBJ2-2	1
CASRDTGELFF	TRBV27*01	TRBJ2-2	1
CASRDTGGYTGELFF	TRBV28*01	TRBJ2-2	1
CASRDTGNGYTF	TRBV6-4*01	TRBJ1-2	1
CASRDTGYNSPLHF	TRBV7-9*01	TRBJ1-6	1
CASRDTYNEQFF	TRBV5-4*01	TRBJ2-1	1
CASRDVYGDYGYTF	TRBV27*01	TRBJ1-2	1
CASRDYMNTGELFF	TRBV12-4*01	TRBJ2-2	1
CASREAGEFGEQFF	TRBV28*01	TRBJ2-1	1
CASREAGGVLNEQFF	TRBV12-4*01	TRBJ2-1	1
CASREDETQYF	TRBV6-3*01	TRBJ2-5	1
CASREDQAPTYEQYF	TRBV10-2*01	TRBJ2-7	1
CASREDRGLDSTDTQYF	TRBV6-3*01	TRBJ2-3	2
CASREEINEGNTEAFF	TRBV27*01	TRBJ1-1	1
CASREFGTGMADTQYF	TRBV19*01	TRBJ2-3	1
CASREGAAMNTEAFF	TRBV6-8*01	TRBJ1-1	1
CASREGGGGTEAFF	TRBV7-9*01	TRBJ1-1	4
CASREGISQGSNPQHF	TRBV2*01	TRBJ1-5	1
CASREGNQPQHF	TRBV12-4*01	TRBJ1-5	1
CASREGQGAGYEQYF	TRBV6-5*01	TRBJ2-7	1
CASREGTGELFF	TRBV5-4*01	TRBJ2-2	1
CASREGVLSIGEQFF	TRBV27*01	TRBJ2-1	1
CASREGVTEAFF	TRBV5-1*01	TRBJ1-1	1
CASREGVTEAFF	TRBV6-3*01	TRBJ1-1	1
CASREGWEAYEQYF	TRBV2*01	TRBJ2-7	1
CASREIQGSGANVLTF	TRBV7-9*01	TRBJ2-6	112
CASREKGHRRDNEQFF	TRBV27*01	TRBJ2-1	5
CASRELAGGLYEQFF	TRBV12-3*01	TRBJ2-1	1
CASRELAGVEDTQYF	TRBV12-3*01	TRBJ2-3	1
CASRELAGVQETQYF	TRBV12-3*01	TRBJ2-5	1
CASREMTGDNSPLHF	TRBV6-4*01	TRBJ1-6	1
CASREPGLDTEAFF	TRBV27*01	TRBJ1-1	1
CASREPGTYTDTQYF	TRBV5-6*01	TRBJ2-3	1
CASREQASTDTQYF	TRBV6-5*01	TRBJ2-3	1
CASREQGAFYYGYTF	TRBV2*01	TRBJ1-2	1
CASREQGWETQYF	TRBV6-6*01	TRBJ2-5	1
CASREQRTIYF	TRBV25-1*01	TRBJ1-3	1
CASRERATDTQYF	TRBV6-5*01	TRBJ2-3	1
CASRERDRGLNQPQHF	TRBV6-1*01	TRBJ1-5	1
CASREREGLAVYNEQFF	TRBV2*01	TRBJ2-1	1
CASRETARSEQFF	TRBV2*01	TRBJ2-1	1
CASRETEAFF	TRBV10-2*01	TRBJ1-1	1
CASRETGEGYEQYF	TRBV10-2*01	TRBJ2-7	1
CASRETGPTEAFF	TRBV12-4*01	TRBJ1-1	1
CASRETGRNIQYF	TRBV4-3*01	TRBJ2-4	1
CASRETGSYEQYF	TRBV6-1*01	TRBJ2-7	1
CASRETGVEGYTF	TRBV25-1*01	TRBJ1-2	1
CASRETGVYEQYF	TRBV10-2*01	TRBJ2-7	1
CASRETGVYSYEQYF	TRBV6-6*01	TRBJ2-7	1
CASRETRNQETQYF	TRBV28*01	TRBJ2-5	1
CASRETYNEQFF	TRBV6-3*01	TRBJ2-1	2
CASRFGNTEAFF	TRBV19*01	TRBJ1-1	1
CASRFISLGQPQHF	TRBV28*01	TRBJ1-5	1
CASRFKESTEAFF	TRBV27*01	TRBJ1-1	1
CASRFLAGGDNEQFF	TRBV7-6*01	TRBJ2-1	1
CASRFLRGANTEAFF	TRBV28*01	TRBJ1-1	1
CASRFMGMNTEAFF	TRBV19*01	TRBJ1-1	2
CASRFMGPGQGERKLFF	TRBV19*01	TRBJ1-4	1
CASRFNFGNEQFF	TRBV2*01	TRBJ2-1	1
CASRFQGNGELFF	TRBV7-8*01	TRBJ2-2	1
CASRFRTLQETQYF	TRBV12-4*01	TRBJ2-5	1
CASRFWDSNEQYF	TRBV21-1*01	TRBJ2-7	1
CASRFWGSSNQPQHF	TRBV2*01	TRBJ1-5	1
CASRGAGELFF	TRBV2*01	TRBJ2-2	1
CASRGAGNRGGELFF	TRBV11-2*01	TRBJ2-2	1
CASRGAGRGYTF	TRBV27*01	TRBJ1-2	1
CASRGAGVGSYNEQFF	TRBV7-9*01	TRBJ2-1	1
CASRGALGQYF	TRBV19*01	TRBJ2-7	1
CASRGALVGDTQYF	TRBV10-2*01	TRBJ2-3	1
CASRGDNEQFF	TRBV11-1*01	TRBJ2-1	1
CASRGDRATDTQYF	TRBV7-2*01	TRBJ2-3	1
CASRGDRSFRDTQYF	TRBV28*01	TRBJ2-3	1
CASRGDSRTDTQYF	TRBV4-3*01	TRBJ2-3	1
CASRGEAGLSGNTIYF	TRBV27*01	TRBJ1-3	1
CASRGEGASYNEQFF	TRBV25-1*01	TRBJ2-1	1
CASRGEGSTEAFF	TRBV5-6*01	TRBJ1-1	1
CASRGEKAYEQYF	TRBV25-1*01	TRBJ2-7	1
CASRGELYNEQFF	TRBV9*01	TRBJ2-1	1
CASRGENPIETQYF	TRBV19*01	TRBJ2-5	1
CASRGEQYEQYF	TRBV25-1*01	TRBJ2-7	1
CASRGEWGDVGSEQFF	TRBV11-2*01	TRBJ2-1	1
CASRGGEGLTDTQYF	TRBV7-9*01	TRBJ2-3	1
CASRGGEQFF	TRBV6-3*01	TRBJ2-1	1
CASRGGGDPRYNEQFF	TRBV9*01	TRBJ2-1	1
CASRGGGGGRLANTGELFF	TRBV7-6*01	TRBJ2-2	1
CASRGGGTDTQYF	TRBV7-8*01	TRBJ2-3	1
CASRGGKDTQYF	TRBV6-5*01	TRBJ2-3	1
CASRGGLGWETQYF	TRBV28*01	TRBJ2-5	1
CASRGGLNTEAFF	TRBV27*01	TRBJ1-1	1
CASRGGPGDTQYF	TRBV28*01	TRBJ2-3	1
CASRGGQISYEQYF	TRBV2*01	TRBJ2-7	27
CASRGGRGDYNEQFF	TRBV6-1*01	TRBJ2-1	1
CASRGGSSGGASDTQYF	TRBV6-3*01	TRBJ2-3	1
CASRGGSSYNEQFF	TRBV9*01	TRBJ2-1	1
CASRGGSTDTQYF	TRBV9*01	TRBJ2-3	1
CASRGGTAYGYTF	TRBV27*01	TRBJ1-2	1
CASRGGTGDNYGYTF	TRBV10-2*01	TRBJ1-2	6
CASRGHANTEAFF	TRBV9*01	TRBJ1-1	1
CASRGHRQETQYF	TRBV10-2*01	TRBJ2-5	1
CASRGIEGDTEAFF	TRBV2*01	TRBJ1-1	1
CASRGIGNTEAFF	TRBV2*01	TRBJ1-1	1
CASRGILAGESEQFF	TRBV19*01	TRBJ2-1	1
CASRGISGSDTQYF	TRBV2*01	TRBJ2-3	1
CASRGLAGEAGELFF	TRBV9*01	TRBJ2-2	1
CASRGLAGGYTGELFF	TRBV19*01	TRBJ2-2	1
CASRGLAGNTGELFF	TRBV27*01	TRBJ2-2	1
CASRGLAGRDEQFF	TRBV28*01	TRBJ2-1	1
CASRGLAGVYEQYF	TRBV2*01	TRBJ2-7	1
CASRGLAVDNEQFF	TRBV27*01	TRBJ2-1	1
CASRGLDRVNTEAFF	TRBV2*01	TRBJ1-1	1
CASRGLDYGYTF	TRBV6-1*01	TRBJ1-2	1
CASRGLETQYF	TRBV10-2*01	TRBJ2-5	1
CASRGLNVYEQYF	TRBV6-3*01	TRBJ2-7	1
CASRGLRGQYF	TRBV27*01	TRBJ2-7	1
CASRGNEKLFF	TRBV6-3*01	TRBJ1-4	1
CASRGNEQFF	TRBV3-1*01	TRBJ2-1	1
CASRGNSNQPQHF	TRBV27*01	TRBJ1-5	1
CASRGPASTDTQYF	TRBV6-4*01	TRBJ2-3	1
CASRGPDFAAGGPEQYF	TRBV2*01	TRBJ2-7	1
CASRGPGGTDTQYF	TRBV7-2*01	TRBJ2-3	1
CASRGPGLAGGPIGYNEQFF	TRBV6-3*01	TRBJ2-1	1
CASRGPGLAGGSGANVLTF	TRBV9*01	TRBJ2-6	1
CASRGPGQGFTGELFF	TRBV2*01	TRBJ2-2	1
CASRGPGTGGLHTDTQYF	TRBV3-1*01	TRBJ2-3	1
CASRGPVRGRGGYNEQFF	TRBV27*01	TRBJ2-1	1
CASRGPWYGYTF	TRBV12-4*01	TRBJ1-2	1
CASRGQAEETQYF	TRBV28*01	TRBJ2-5	1
CASRGQEETQYF	TRBV6-5*01	TRBJ2-5	1
CASRGQGADNEQFF	TRBV9*01	TRBJ2-1	1
CASRGQGALHEQYF	TRBV6-5*01	TRBJ2-7	1
CASRGQGAVEQYF	TRBV7-2*01	TRBJ2-7	1
CASRGQGDAGELFF	TRBV12-3*01	TRBJ2-2	1
CASRGQGDYEQYF	TRBV6-1*01	TRBJ2-7	1
CASRGQGLGQPQHF	TRBV28*01	TRBJ1-5	1
CASRGQGNQPQHF	TRBV6-3*01	TRBJ1-5	1
CASRGQGVGSYNEQFF	TRBV6-3*01	TRBJ2-1	1
CASRGQGVVSQYF	TRBV6-5*01	TRBJ2-3	1
CASRGQGYEQYF	TRBV6-1*01	TRBJ2-7	1
CASRGQGYTGELFF	TRBV28*01	TRBJ2-2	1
CASRGQPHGYTF	TRBV5-1*01	TRBJ1-2	1
CASRGQQETQYF	TRBV11-1*01	TRBJ2-5	1
CASRGQRETQYF	TRBV12-4*01	TRBJ2-5	1
CASRGQSYEQYF	TRBV13*01	TRBJ2-7	1
CASRGRGNEKLFF	TRBV2*01	TRBJ1-4	1
CASRGRGVLFF	TRBV4-3*01	TRBJ2-1	1
CASRGRNGYTF	TRBV6-4*01	TRBJ1-2	1
CASRGRSPNEQYF	TRBV6-1*01	TRBJ2-7	1
CASRGRSYNEQFF	TRBV12-4*01	TRBJ2-1	1
CASRGRTVWRDSYEQYF	TRBV2*01	TRBJ2-7	1
CASRGRYNEQFF	TRBV19*01	TRBJ2-1	1
CASRGRYRGGNTEAFF	TRBV27*01	TRBJ1-1	1
CASRGTALGEQYF	TRBV28*01	TRBJ2-7	1
CASRGTDLNYGYTF	TRBV6-5*01	TRBJ1-2	1
CASRGTGDTQYF	TRBV27*01	TRBJ2-3	1
CASRGTGDYGYTF	TRBV6-5*01	TRBJ1-2	1
CASRGTGGASVGLDQTYEQYF	TRBV11-2*01	TRBJ2-7	1
CASRGTGGRNEQFF	TRBV9*01	TRBJ2-1	1
CASRGTGLGNQPQHF	TRBV28*01	TRBJ1-5	1
CASRGTGQGDTEAFF	TRBV5-1*01	TRBJ1-1	1
CASRGTGRQPQHF	TRBV19*01	TRBJ1-5	1
CASRGTGTNQETQYF	TRBV6-3*01	TRBJ2-5	1
CASRGTGTYEQYF	TRBV27*01	TRBJ2-7	1
CASRGTGVNEQFF	TRBV27*01	TRBJ2-1	1
CASRGTSGRDEQFF	TRBV28*01	TRBJ2-1	1
CASRGTSGRIQETQYF	TRBV2*01	TRBJ2-5	1
CASRGTSNATQYF	TRBV2*01	TRBJ2-3	1
CASRGTTAAEAFF	TRBV19*01	TRBJ1-1	1
CASRGTTGPLPFF	TRBV7-9*01	TRBJ1-1	1
CASRGVEEQYF	TRBV6-6*01	TRBJ2-7	1
CASRGVFGAGLTDTQYF	TRBV28*01	TRBJ2-3	1
CASRGVGLAGITYEQYF	TRBV6-1*01	TRBJ2-7	1
CASRGVLGGQGETEAFF	TRBV6-1*01	TRBJ1-1	1
CASRGVNYGYTF	TRBV19*01	TRBJ1-2	1
CASRGVTGPRSYEQYF	TRBV6-6*01	TRBJ2-7	1
CASRGWVEGTNSGANVLTF	TRBV19*01	TRBJ2-6	1
CASRGYFRDRGLDEQFF	TRBV2*01	TRBJ2-1	1
CASRHAGDTGELFF	TRBV7-3*01	TRBJ2-2	1
CASRHGSITEAFF	TRBV6-1*01	TRBJ1-1	1
CASRHIAGVIDEQYF	TRBV5-4*01	TRBJ2-7	1
CASRHIGLEVHNEQFF	TRBV12-3*01	TRBJ2-1	1
CASRHKGAAGNQPQHF	TRBV27*01	TRBJ1-5	1
CASRHPRTDLNTEAFF	TRBV5-1*01	TRBJ1-1	1
CASRHRDRGGTEAFF	TRBV11-3*01	TRBJ1-1	1
CASRHRQGIIFDEQFF	TRBV6-3*01	TRBJ2-1	1
CASRHRTGGNEQFF	TRBV6-1*01	TRBJ2-1	1
CASRHSGGATDTQYF	TRBV10-2*01	TRBJ2-3	1
CASRHSYEQYF	TRBV6-1*01	TRBJ2-7	1
CASRIGGDVTEAFF	TRBV6-1*01	TRBJ1-1	2
CASRIGGGEAFF	TRBV12-4*01	TRBJ1-1	1
CASRIGQVDQPQHF	TRBV19*01	TRBJ1-5	1
CASRIGTGSLQPQHF	TRBV19*01	TRBJ1-5	1
CASRIGTSYGYTF	TRBV6-5*01	TRBJ1-2	1
CASRIGVDFYTF	TRBV5-1*01	TRBJ1-2	1
CASRIGYTEAFF	TRBV25-1*01	TRBJ1-1	1
CASRIKGAWNSPLHF	TRBV13*01	TRBJ1-6	22
CASRILAPDVETQYF	TRBV28*01	TRBJ2-5	1
CASRILAQGVDEQFF	TRBV12-3*01	TRBJ2-1	1
CASRIRQGGTEAFF	TRBV7-8*01	TRBJ1-1	1
CASRITASGSSYEQYF	TRBV28*01	TRBJ2-7	2
CASRITGGFEYGYTF	TRBV28*01	TRBJ1-2	1
CASRITSGGTDTQYF	TRBV27*01	TRBJ2-3	1
CASRITVESYEQYF	TRBV12-3*01	TRBJ2-7	1
CASRIWGQGYGYTF	TRBV5-6*01	TRBJ1-2	1
CASRKAGQETQYF	TRBV2*01	TRBJ2-5	1
CASRKDWQNTGELFF	TRBV27*01	TRBJ2-2	1
CASRKFGQRADQPQHF	TRBV27*01	TRBJ1-5	1
CASRKFGTPGLSNQPQHF	TRBV28*01	TRBJ1-5	1
CASRKGGPETQYF	TRBV7-9*01	TRBJ2-5	1
CASRKGGVGTEAFF	TRBV27*01	TRBJ1-1	1
CASRKLGEQANEKLFF	TRBV27*01	TRBJ1-4	1
CASRKPGLAGINTGELFF	TRBV19*01	TRBJ2-2	1
CASRKQGDTQYF	TRBV6-3*01	TRBJ2-3	1
CASRKRGGSNEQYF	TRBV5-1*01	TRBJ2-7	1
CASRKSGQGGETQYF	TRBV19*01	TRBJ2-5	1
CASRKTGAGDGYTF	TRBV7-2*01	TRBJ1-2	1
CASRKTTGVDRENTEAFF	TRBV19*01	TRBJ1-1	1
CASRLAGEVHEQYF	TRBV6-5*01	TRBJ2-7	1
CASRLAGGPPETQYF	TRBV27*01	TRBJ2-5	1
CASRLAGGRDEQFF	TRBV4-1*01	TRBJ2-1	1
CASRLAGLAGVNEQFF	TRBV12-3*01	TRBJ2-1	1
CASRLAGRMDTQYF	TRBV7-2*01	TRBJ2-3	1
CASRLAGSIHEQYF	TRBV5-1*01	TRBJ2-7	1
CASRLAGVGGELFF	TRBV6-1*01	TRBJ2-2	1
CASRLATEAFF	TRBV5-1*01	TRBJ1-1	1
CASRLDGTSSHEQYF	TRBV7-8*01	TRBJ2-7	1
CASRLDRGDGYTF	TRBV12-4*01	TRBJ1-2	1
CASRLDRVNYGYTF	TRBV5-6*01	TRBJ1-2	1
CASRLDVIPPPENEQFF	TRBV7-9*01	TRBJ2-1	1
CASRLDWHDNEQFF	TRBV12-3*01	TRBJ2-1	1
CASRLETGPAEAFF	TRBV5-1*01	TRBJ1-1	1
CASRLFPLPEGNSGANVLTF	TRBV7-3*01	TRBJ2-6	1
CASRLGGRTDTQYF	TRBV12-4*01	TRBJ2-3	1
CASRLGHEQFF	TRBV5-6*01	TRBJ2-1	1
CASRLGQGANEQYF	TRBV5-6*01	TRBJ2-7	1
CASRLGQGSGYTF	TRBV6-5*01	TRBJ1-2	1
CASRLGQGTYEQYF	TRBV6-6*01	TRBJ2-7	1
CASRLGSTGGYNSPLHF	TRBV27*01	TRBJ1-6	1
CASRLGTTDTQYF	TRBV12-3*01	TRBJ2-3	1
CASRLGYEQYF	TRBV12-3*01	TRBJ2-7	1
CASRLLNEQFF	TRBV6-5*01	TRBJ2-1	1
CASRLMGTSGSTSTDTQYF	TRBV5-6*01	TRBJ2-3	1
CASRLPESETQYF	TRBV5-4*01	TRBJ2-5	1
CASRLPGGSNEQFF	TRBV28*01	TRBJ2-1	2
CASRLPGQGNTEAFF	TRBV6-6*01	TRBJ1-1	1
CASRLPGYNEQFF	TRBV28*01	TRBJ2-1	1
CASRLPLLGGYTF	TRBV28*01	TRBJ1-2	1
CASRLPSYEQYF	TRBV5-8*01	TRBJ2-7	1
CASRLRDRDGYTF	TRBV28*01	TRBJ1-2	2
CASRLRGTGGAGTEAFF	TRBV4-2*01	TRBJ1-1	1
CASRLRLAGGGTGELFF	TRBV4-1*01	TRBJ2-2	1
CASRLRQGYGNTIYF	TRBV19*01	TRBJ1-3	1
CASRLRTYQETQYF	TRBV5-6*01	TRBJ2-5	1
CASRLTGGSNYGYTF	TRBV6-5*01	TRBJ1-2	1
CASRLTGNTQYF	TRBV5-1*01	TRBJ2-3	1
CASRLTGTGNQPQHF	TRBV6-6*01	TRBJ1-5	1
CASRLTGVNKNIQYF	TRBV28*01	TRBJ2-4	1
CASRLTIPTGAWNSPLHF	TRBV6-7*01	TRBJ1-6	1
CASRLTSAGQGTQYF	TRBV28*01	TRBJ2-5	1
CASRLVQGFSTDTQYF	TRBV27*01	TRBJ2-3	1
CASRLVSMNTEAFF	TRBV19*01	TRBJ1-1	3
CASRLVVSTDTQYF	TRBV7-9*01	TRBJ2-3	1
CASRLWDGDTEAFF	TRBV5-5*01	TRBJ1-1	1
CASRLYTGTLTEAFF	TRBV7-9*01	TRBJ1-1	1
CASRMGAGNEQFF	TRBV10-2*01	TRBJ2-1	1
CASRMGDINTGELFF	TRBV9*01	TRBJ2-2	3
CASRMGTGTEAFF	TRBV4-2*01	TRBJ1-1	1
CASRMTGGEETQYF	TRBV13*01	TRBJ2-5	1
CASRMTPPSSGVEYF	TRBV27*01	TRBJ2-7	1
CASRNCKSRGFIDEAFF	TRBV7-2*01	TRBJ1-1	1
CASRNDLATRYNEQFF	TRBV6-5*01	TRBJ2-1	1
CASRNGLAGGPHRDTQYF	TRBV10-2*01	TRBJ2-3	1
CASRNGNYEQYF	TRBV28*01	TRBJ2-7	1
CASRNGRHYEQYF	TRBV28*01	TRBJ2-7	1
CASRNGVTAYEQYF	TRBV27*01	TRBJ2-7	1
CASRNHVGQDYSYEQYF	TRBV5-4*01	TRBJ2-7	1
CASRNLAPLHSGANVLTF	TRBV27*01	TRBJ2-6	1
CASRNLQETQYF	TRBV7-2*01	TRBJ2-5	1
CASRNPQRDRGYQPQHF	TRBV19*01	TRBJ1-5	1
CASRNPTGWDTDTQYF	TRBV19*01	TRBJ2-3	1
CASRNRNTGELFF	TRBV19*01	TRBJ2-2	1
CASRNRTGTSGPYEQYF	TRBV6-5*01	TRBJ2-7	1
CASRNRVKQETQYF	TRBV6-6*01	TRBJ2-5	1
CASRNTEAFF	TRBV19*01	TRBJ1-1	1
CASRPADSLNSPLHF	TRBV28*01	TRBJ1-6	1
CASRPAGLAKETQYF	TRBV12-3*01	TRBJ2-5	1
CASRPAGLAYEQYF	TRBV28*01	TRBJ2-7	1
CASRPAGVNYGYTF	TRBV28*01	TRBJ1-2	1
CASRPDLGYSNQPQHF	TRBV12-3*01	TRBJ1-5	1
CASRPDNTEAFF	TRBV28*01	TRBJ1-1	1
CASRPDREVGTDTQYF	TRBV12-4*01	TRBJ2-3	1
CASRPDREWNGYTF	TRBV28*01	TRBJ1-2	1
CASRPDSMNTEAFF	TRBV19*01	TRBJ1-1	1
CASRPDSRTDTQYF	TRBV4-2*01	TRBJ2-3	1
CASRPDTYQNSPLHF	TRBV6-3*01	TRBJ1-6	1
CASRPDVAGGLYNEQFF	TRBV21-1*01	TRBJ2-1	1
CASRPEAGGGNEQFF	TRBV27*01	TRBJ2-1	1
CASRPEGADYSNQPQHF	TRBV6-1*01	TRBJ1-5	1
CASRPEVGQENSYEQYF	TRBV12-3*01	TRBJ2-7	1
CASRPGAGGNVLTF	TRBV28*01	TRBJ2-6	1
CASRPGDSSETYEQYF	TRBV27*01	TRBJ2-7	1
CASRPGGPGELFF	TRBV27*01	TRBJ2-2	1
CASRPGGTQNTDTQYF	TRBV27*01	TRBJ2-3	1
CASRPGLAEETQYF	TRBV28*01	TRBJ2-5	1
CASRPGLALWPSTDTQYF	TRBV27*01	TRBJ2-3	1
CASRPGLESGELFF	TRBV6-1*01	TRBJ2-2	1
CASRPGNTEAFF	TRBV6-5*01	TRBJ1-1	1
CASRPGPYNTEAFF	TRBV6-5*01	TRBJ1-1	1
CASRPGQMNTEAFF	TRBV6-5*01	TRBJ1-1	1
CASRPGQSYEQYF	TRBV7-9*01	TRBJ2-7	1
CASRPGRGDSYEQYF	TRBV27*01	TRBJ2-7	1
CASRPGRKNTEAFF	TRBV28*01	TRBJ1-1	1
CASRPGSSYEQYF	TRBV19*01	TRBJ2-7	1
CASRPGTAYIEAFF	TRBV6-1*01	TRBJ1-1	1
CASRPGTGDYEQYF	TRBV28*01	TRBJ2-7	1
CASRPGTGSGELFF	TRBV11-3*01	TRBJ2-2	1
CASRPGTGVYEQYF	TRBV12-3*01	TRBJ2-7	1
CASRPGTSGGAEGYNEQFF	TRBV6-3*01	TRBJ2-1	1
CASRPGTSGGSYEQYF	TRBV7-9*01	TRBJ2-7	1
CASRPGTSRGDTQYF	TRBV27*01	TRBJ2-3	1
CASRPGWGQETQYF	TRBV6-6*01	TRBJ2-5	1
CASRPHPRGTDTQYF	TRBV12-3*01	TRBJ2-3	1
CASRPIGQGSTNEKLFF	TRBV19*01	TRBJ1-4	1
CASRPIPGAYAQYF	TRBV7-2*01	TRBJ2-3	1
CASRPISQGETQYF	TRBV5-4*01	TRBJ2-5	1
CASRPKDSISYEQYF	TRBV12-4*01	TRBJ2-7	1
CASRPKQGGGGNEQFF	TRBV27*01	TRBJ2-1	1
CASRPKTGYNEQFF	TRBV7-8*01	TRBJ2-1	1
CASRPLAERSTDTQYF	TRBV27*01	TRBJ2-3	1
CASRPLAGVSYEQYF	TRBV6-3*01	TRBJ2-7	1
CASRPLAVGGDTQYF	TRBV12-4*01	TRBJ2-3	1
CASRPLGDLAYEQYF	TRBV28*01	TRBJ2-7	1
CASRPLGGNYGYTF	TRBV27*01	TRBJ1-2	1
CASRPLGGTEAFF	TRBV27*01	TRBJ1-1	1
CASRPLSRGHYEQYF	TRBV27*01	TRBJ2-7	1
CASRPLTGRETDTQYF	TRBV12-3*01	TRBJ2-3	1
CASRPLTGTPVYEQYF	TRBV27*01	TRBJ2-7	1
CASRPPDGNTEAFF	TRBV10-2*01	TRBJ1-1	1
CASRPPGQGFWEQFF	TRBV12-3*01	TRBJ2-1	1
CASRPPGSYNEQFF	TRBV28*01	TRBJ2-1	2
CASRPPGTAGNIQYF	TRBV13*01	TRBJ2-4	1
CASRPPRPPRGRAGEQYF	TRBV28*01	TRBJ2-7	1
CASRPPTSPGELFF	TRBV12-4*01	TRBJ2-2	1
CASRPPVAGSSYEQYF	TRBV2*01	TRBJ2-7	1
CASRPQGAPGYTF	TRBV5-6*01	TRBJ1-2	1
CASRPQGQPLSTDTQYF	TRBV27*01	TRBJ2-3	1
CASRPQGRLSEAFF	TRBV28*01	TRBJ1-1	1
CASRPQGVEGNQPQHF	TRBV27*01	TRBJ1-5	1
CASRPQINTGELFF	TRBV6-3*01	TRBJ2-2	1
CASRPQPGLADEQYF	TRBV12-3*01	TRBJ2-7	1
CASRPQQGHNSPLHF	TRBV10-3*01	TRBJ1-6	1
CASRPQQGHNSPLHF	TRBV28*01	TRBJ1-6	103
CASRPQSTPRAGDEQFF	TRBV12-4*01	TRBJ2-1	1
CASRPRGDDSYNEQFF	TRBV7-2*01	TRBJ2-1	1
CASRPRGTEAFF	TRBV6-3*01	TRBJ1-1	1
CASRPRGYDETQYF	TRBV27*01	TRBJ2-5	2
CASRPRQGPSEAFF	TRBV7-2*01	TRBJ1-1	1
CASRPRTGGLNAFF	TRBV28*01	TRBJ1-1	1
CASRPRTSEDYEQYF	TRBV4-2*01	TRBJ2-7	2
CASRPSFLAAFSNEQFF	TRBV19*01	TRBJ2-1	1
CASRPSGGAETQYF	TRBV12-4*01	TRBJ2-5	2
CASRPSVDHNTGELFF	TRBV7-3*01	TRBJ2-2	1
CASRPSVGHQHQDTEAFF	TRBV7-4*01	TRBJ1-1	1
CASRPTAAGVTEQFF	TRBV28*01	TRBJ2-1	2
CASRPTAGLYNEQFF	TRBV28*01	TRBJ2-1	1
CASRPTDGAGSGVAGELFF	TRBV28*01	TRBJ2-2	1
CASRPTGDTVEAFF	TRBV7-9*01	TRBJ1-1	1
CASRPTGDYGYTF	TRBV6-5*01	TRBJ1-2	1
CASRPTGEGYEQYF	TRBV28*01	TRBJ2-7	1
CASRPTGFDTEAFF	TRBV5-6*01	TRBJ1-1	1
CASRPTGGARGYTF	TRBV7-9*01	TRBJ1-2	1
CASRPTGGASLGYTF	TRBV28*01	TRBJ1-2	1
CASRPTGLGQPQHF	TRBV28*01	TRBJ1-5	1
CASRPTGRLYEQYF	TRBV28*01	TRBJ2-7	1
CASRPTGTAAKNIQYF	TRBV19*01	TRBJ2-4	1
CASRPTGTAALEQYF	TRBV28*01	TRBJ2-7	1
CASRPTLATWGTGELFF	TRBV12-4*01	TRBJ2-2	1
CASRPTSGGYQETQYF	TRBV6-3*01	TRBJ2-5	1
CASRPTSGRDQETQYF	TRBV19*01	TRBJ2-5	1
CASRPTSGTNQETQYF	TRBV19*01	TRBJ2-5	1
CASRPTTGWVTEAFF	TRBV12-4*01	TRBJ1-1	1
CASRPVAGNSPLHF	TRBV27*01	TRBJ1-6	1
CASRPVGQGRHIQYF	TRBV6-9*01	TRBJ2-4	1
CASRPVLAGNTIYF	TRBV28*01	TRBJ1-3	1
CASRPVRDRERRNQPQHF	TRBV28*01	TRBJ1-5	1
CASRPWGAASGDTSYEQYF	TRBV7-9*01	TRBJ2-7	1
CASRPWGRLQGSQETQYF	TRBV6-3*01	TRBJ2-5	1
CASRPWLWREGLNEQFF	TRBV5-6*01	TRBJ2-1	1
CASRPWWASGKITFF	TRBV12-4*01	TRBJ2-1	1
CASRQAGTKLSSYNSPLHF	TRBV6-5*01	TRBJ1-6	1
CASRQEAGTYTDTQYF	TRBV7-9*01	TRBJ2-3	1
CASRQEIMNTEAFF	TRBV2*01	TRBJ1-1	1
CASRQETSGANVLTF	TRBV7-9*01	TRBJ2-6	1
CASRQGAEAFF	TRBV2*01	TRBJ1-1	1
CASRQGAETQYF	TRBV10-2*01	TRBJ2-5	1
CASRQGAGGGNEQFF	TRBV7-3*01	TRBJ2-1	1
CASRQGAHPDTQYF	TRBV2*01	TRBJ2-3	1
CASRQGANTEAFF	TRBV7-9*01	TRBJ1-1	1
CASRQGGQPQHF	TRBV27*01	TRBJ1-5	1
CASRQGLEQYF	TRBV27*01	TRBJ2-7	1
CASRQGLSQPQHF	TRBV6-6*01	TRBJ1-5	1
CASRQGNTGELFF	TRBV12-4*01	TRBJ2-2	1
CASRQGRAYEQYF	TRBV5-6*01	TRBJ2-7	1
CASRQGVLAGPEKSYNEQFF	TRBV4-3*01	TRBJ2-1	1
CASRQGVLGEQYF	TRBV27*01	TRBJ2-7	1
CASRQGWLLMADTQYF	TRBV6-3*01	TRBJ2-3	1
CASRQGWTQYF	TRBV12-4*01	TRBJ2-5	1
CASRQGYGYTF	TRBV19*01	TRBJ1-2	1
CASRQKGARNEKLFF	TRBV27*01	TRBJ1-4	1
CASRQLRGLMAYEQYF	TRBV6-5*01	TRBJ2-7	1
CASRQPEGGPQSYTF	TRBV19*01	TRBJ1-2	1
CASRQQETQYF	TRBV6-3*01	TRBJ2-5	1
CASRQRDRPNNEQFF	TRBV19*01	TRBJ2-1	28
CASRQRMNTEAFF	TRBV27*01	TRBJ1-1	1
CASRQSFNEQFF	TRBV10-2*01	TRBJ2-1	1
CASRQSNQPQHF	TRBV19*01	TRBJ1-5	1
CASRQTDQETQYF	TRBV6-1*01	TRBJ2-5	1
CASRQTGALGETQYF	TRBV6-1*01	TRBJ2-5	1
CASRQTGPGGLSGANVLTF	TRBV27*01	TRBJ2-6	1
CASRQTRTATNYGYTF	TRBV6-5*01	TRBJ1-2	1
CASRQTSGGAHEQFF	TRBV6-5*01	TRBJ2-1	1
CASRQTSSTEAFF	TRBV6-3*01	TRBJ1-1	1
CASRQTWNTEAFF	TRBV6-6*01	TRBJ1-1	1
CASRQWGDSYEQYF	TRBV5-4*01	TRBJ2-7	1
CASRRANTEAFF	TRBV27*01	TRBJ1-1	1
CASRRASPDGQPQHF	TRBV6-3*01	TRBJ1-5	1
CASRRDDSYNEQFF	TRBV2*01	TRBJ2-1	1
CASRRDGQNTEAFF	TRBV7-9*01	TRBJ1-1	1
CASRRDGSYEQYF	TRBV27*01	TRBJ2-7	1
CASRRDPPYEQYF	TRBV6-4*01	TRBJ2-7	1
CASRRDRGAYEQYF	TRBV12-3*01	TRBJ2-7	1
CASRRENQPQHF	TRBV6-5*01	TRBJ1-5	1
CASRREPEETQYF	TRBV12-3*01	TRBJ2-5	1
CASRRGGGTEAFF	TRBV12-4*01	TRBJ1-1	1
CASRRGGSTDTQYF	TRBV13*01	TRBJ2-3	1
CASRRGLGETDTQYF	TRBV5-6*01	TRBJ2-3	1
CASRRGPMYEQYF	TRBV10-2*01	TRBJ2-7	1
CASRRGPVGDTQYF	TRBV5-1*01	TRBJ2-3	18
CASRRGQGDGYGYTF	TRBV19*01	TRBJ1-2	1
CASRRGQGVYLAGAWRDPKYF	TRBV6-5*01	TRBJ2-5	1
CASRRGTPSTDTQYF	TRBV9*01	TRBJ2-3	1
CASRRGVDGYTF	TRBV14*01	TRBJ1-2	1
CASRRGVEGEKLFF	TRBV6-4*01	TRBJ1-4	1
CASRRGVPAFF	TRBV6-3*01	TRBJ1-1	1
CASRRGWSDHEQYF	TRBV27*01	TRBJ2-7	1
CASRRGYEQYF	TRBV6-1*01	TRBJ2-7	1
CASRRLAGGAGELFF	TRBV28*01	TRBJ2-2	1
CASRRLAGGDYEQYF	TRBV4-1*01	TRBJ2-7	1
CASRRLAGGPEDTQYF	TRBV27*01	TRBJ2-3	1
CASRRLAGGPWYPGELFF	TRBV3-1*01	TRBJ2-2	1
CASRRLAGGRTDTQYF	TRBV6-3*01	TRBJ2-3	1
CASRRLMNTEAFF	TRBV6-3*01	TRBJ1-1	1
CASRRNRDVGEQFF	TRBV10-1*01	TRBJ2-1	1
CASRRPGTGDSFLSEQYF	TRBV4-3*01	TRBJ2-7	1
CASRRQGEEKLFF	TRBV14*01	TRBJ1-4	1
CASRRQGENTIYF	TRBV12-4*01	TRBJ1-3	1
CASRRQGGEKLFF	TRBV7-8*01	TRBJ1-4	1
CASRRQGNEKLFF	TRBV2*01	TRBJ1-4	1
CASRRQGSYNEQFF	TRBV6-3*01	TRBJ2-1	3
CASRRQGWYEQYF	TRBV6-5*01	TRBJ2-7	1
CASRRRGDWYTEAFF	TRBV5-4*01	TRBJ1-1	1
CASRRRGTEDFNSPLHF	TRBV10-2*01	TRBJ1-6	1
CASRRSGTATIYEQYF	TRBV19*01	TRBJ2-7	1
CASRRTELVTEAFF	TRBV6-1*01	TRBJ1-1	1
CASRRTGKGFF	TRBV2*01	TRBJ2-1	1
CASRRTGLGYTF	TRBV5-4*01	TRBJ1-2	1
CASRRTGMNTEAFF	TRBV4-2*01	TRBJ1-1	1
CASRRTGSNQPQHF	TRBV27*01	TRBJ1-5	1
CASRRTGVNEQFF	TRBV19*01	TRBJ2-1	1
CASRRTGVVTQYF	TRBV12-4*01	TRBJ2-5	1
CASRRTSGGTDTQYF	TRBV7-2*01	TRBJ2-3	1
CASRRTTEPWTSGRSSYEQYF	TRBV11-2*01	TRBJ2-7	1
CASRRTTESTHGYTF	TRBV13*01	TRBJ1-2	1
CASRRTVNTGELFF	TRBV19*01	TRBJ2-2	1
CASRSAGAEQYF	TRBV7-9*01	TRBJ2-7	1
CASRSAGGLFTGELFF	TRBV6-5*01	TRBJ2-2	1
CASRSDRGLYEQYF	TRBV28*01	TRBJ2-7	1
CASRSDRVNEKLFF	TRBV11-2*01	TRBJ1-4	1
CASRSEGGWTEAFF	TRBV6-5*01	TRBJ1-1	1
CASRSGAAAKNIQYF	TRBV10-2*01	TRBJ2-4	1
CASRSGERDYNEQFF	TRBV7-2*01	TRBJ2-1	2
CASRSGEYGYTF	TRBV9*01	TRBJ1-2	1
CASRSGGPLAGGYEQYF	TRBV12-3*01	TRBJ2-7	1
CASRSGKPNEQFF	TRBV7-9*01	TRBJ2-1	1
CASRSGPVNQPQHF	TRBV6-5*01	TRBJ1-5	1
CASRSGQGPYF	TRBV2*01	TRBJ2-7	1
CASRSGRSETQYF	TRBV6-3*01	TRBJ2-5	1
CASRSGTEGVRDTQYF	TRBV12-4*01	TRBJ2-3	1
CASRSGTGGRETQYF	TRBV11-2*01	TRBJ2-5	1
CASRSGTGVSGNTIYF	TRBV7-9*01	TRBJ1-3	1
CASRSGVHEQYF	TRBV6-6*01	TRBJ2-7	1
CASRSGVYLNTEAFF	TRBV6-5*01	TRBJ1-1	1
CASRSLAGLVATDTQYF	TRBV11-2*01	TRBJ2-3	1
CASRSLNAGWRDSPLHF	TRBV5-6*01	TRBJ1-6	1
CASRSLRDRGYEQYF	TRBV28*01	TRBJ2-7	1
CASRSLSGRAADTQYF	TRBV6-6*01	TRBJ2-3	1
CASRSPRLGYEQYF	TRBV28*01	TRBJ2-7	1
CASRSPVDTEAFF	TRBV28*01	TRBJ1-1	1
CASRSPWTSGTTDTQYF	TRBV12-4*01	TRBJ2-3	1
CASRSQGALYSNQPQHF	TRBV28*01	TRBJ1-5	3
CASRSQTSGRSIGPDEQFF	TRBV28*01	TRBJ2-1	1
CASRSRGARVDTQYF	TRBV27*01	TRBJ2-3	1
CASRSRLAGASTDTQYF	TRBV6-3*01	TRBJ2-3	1
CASRSRQGYQPQHF	TRBV6-6*01	TRBJ1-5	1
CASRSSGGASSTDTQYF	TRBV12-4*01	TRBJ2-3	1
CASRSSLMTGNNANEQYF	TRBV12-4*01	TRBJ2-7	1
CASRSSPTDSYEQYF	TRBV6-3*01	TRBJ2-7	1
CASRSSSLAGGPGTDTQYF	TRBV6-3*01	TRBJ2-3	1
CASRSSTDTQYF	TRBV4-1*01	TRBJ2-3	1
CASRSSYEQYF	TRBV6-3*01	TRBJ2-7	1
CASRSTGEISNEQYF	TRBV12-4*01	TRBJ2-7	1
CASRSTGGYGYTF	TRBV14*01	TRBJ1-2	1
CASRSTGLETQYF	TRBV12-4*01	TRBJ2-5	1
CASRSTGVFSTDTQYF	TRBV6-5*01	TRBJ2-3	1
CASRSTRRDGGYEQYF	TRBV6-3*01	TRBJ2-7	1
CASRSTVLGEKLFF	TRBV7-6*01	TRBJ1-4	1
CASRSTVMNTEAFF	TRBV27*01	TRBJ1-1	1
CASRSYNSPLHF	TRBV27*01	TRBJ1-6	1
CASRTAKQGREQPQHF	TRBV28*01	TRBJ1-5	1
CASRTAPDYGYTF	TRBV27*01	TRBJ1-2	1
CASRTDRAEETQYF	TRBV6-5*01	TRBJ2-5	1
CASRTDRGDEQFF	TRBV6-3*01	TRBJ2-1	1
CASRTENTEAFF	TRBV2*01	TRBJ1-1	1
CASRTENYGYTF	TRBV5-4*01	TRBJ1-2	1
CASRTGAQLVEQYF	TRBV27*01	TRBJ2-7	1
CASRTGGAEQYF	TRBV27*01	TRBJ2-7	1
CASRTGGDNQPQHF	TRBV25-1*01	TRBJ1-5	1
CASRTGGEETQYF	TRBV6-5*01	TRBJ2-5	2
CASRTGGFEAFF	TRBV6-3*01	TRBJ1-1	1
CASRTGKHTEAFF	TRBV6-1*01	TRBJ1-1	1
CASRTGLPPSYNEQFF	TRBV27*01	TRBJ2-1	1
CASRTGMNTEAFF	TRBV27*01	TRBJ1-1	1
CASRTGMVTGELFF	TRBV10-3*01	TRBJ2-2	1
CASRTGNLNTEAFF	TRBV30*01	TRBJ1-1	20
CASRTGRGGDIQYF	TRBV27*01	TRBJ2-4	1
CASRTGRYYGYTF	TRBV12-4*01	TRBJ1-2	1
CASRTGTGSFDEKLFF	TRBV6-6*01	TRBJ1-4	1
CASRTGTISYNEQFF	TRBV6-3*01	TRBJ2-1	1
CASRTGTSTDTQYF	TRBV7-8*01	TRBJ2-3	1
CASRTGTTSPGELFF	TRBV7-9*01	TRBJ2-2	1
CASRTGVGYTF	TRBV19*01	TRBJ1-2	1
CASRTGVNTEAFF	TRBV10-2*01	TRBJ1-1	1
CASRTGVTYEQYF	TRBV2*01	TRBJ2-7	1
CASRTGWGQPQHF	TRBV6-1*01	TRBJ1-5	1
CASRTGYSEKLFF	TRBV27*01	TRBJ1-4	1
CASRTHRVGSYEQYF	TRBV28*01	TRBJ2-7	1
CASRTIMVPYEQYF	TRBV6-1*01	TRBJ2-7	1
CASRTKGLFF	TRBV6-5*01	TRBJ1-4	1
CASRTLAGANTGELFF	TRBV4-1*01	TRBJ2-2	1
CASRTLAGGHTDTQYF	TRBV6-5*01	TRBJ2-3	1
CASRTLGGQANEKLFF	TRBV5-6*01	TRBJ1-4	1
CASRTLLAGGGDTQYF	TRBV6-1*01	TRBJ2-3	1
CASRTPGLAGVSETQYF	TRBV6-3*01	TRBJ2-5	1
CASRTPQAGDYSYEQYF	TRBV6-5*01	TRBJ2-7	1
CASRTPQKELWNEQFF	TRBV6-4*01	TRBJ2-1	1
CASRTPRTYEQYF	TRBV27*01	TRBJ2-7	1
CASRTRDLTDTQYF	TRBV12-4*01	TRBJ2-3	1
CASRTREGHLTDTQYF	TRBV12-4*01	TRBJ2-3	1
CASRTREGRTDTQYF	TRBV12-4*01	TRBJ2-3	1
CASRTRLAGTNTGELFF	TRBV7-8*01	TRBJ2-2	1
CASRTRRTEAFF	TRBV28*01	TRBJ1-1	1
CASRTSGGAYNEQFF	TRBV6-3*01	TRBJ2-1	7
CASRTSGRGTGELFF	TRBV27*01	TRBJ2-2	1
CASRTSGSSYNEQFF	TRBV5-4*01	TRBJ2-1	1
CASRTSGTTDTQYF	TRBV10-2*01	TRBJ2-3	1
CASRTSRAGYTDTQYF	TRBV12-3*01	TRBJ2-3	1
CASRTTGGLYEQYF	TRBV6-1*01	TRBJ2-7	1
CASRTTGTPYGYTF	TRBV12-4*01	TRBJ1-2	1
CASRTTNNEQFF	TRBV12-3*01	TRBJ2-1	1
CASRTTSGITNSYEQYF	TRBV6-6*01	TRBJ2-7	1
CASRTTVMNTEAFF	TRBV7-9*01	TRBJ1-1	1
CASRTVEVSYNSPLHF	TRBV2*01	TRBJ1-6	1
CASRVAGVYPDTQYF	TRBV7-9*01	TRBJ2-3	1
CASRVDRVNTEAFF	TRBV12-4*01	TRBJ1-1	1
CASRVGAEGTEAFF	TRBV28*01	TRBJ1-1	1
CASRVGDGIYEQYF	TRBV28*01	TRBJ2-7	1
CASRVLAGGFYEQYF	TRBV6-5*01	TRBJ2-7	1
CASRVPEIGLRRGYTF	TRBV7-9*01	TRBJ1-2	1
CASRVQGLLMHYEQYF	TRBV28*01	TRBJ2-7	1
CASRVRGPKRIQETQYF	TRBV6-5*01	TRBJ2-5	1
CASRVSDRGPYEQYF	TRBV6-5*01	TRBJ2-7	1
CASRVSGSTEAFF	TRBV2*01	TRBJ1-1	1
CASRVSSNQPQHF	TRBV6-5*01	TRBJ1-5	1
CASRVSTFSTDTQYF	TRBV7-2*01	TRBJ2-3	1
CASRVTEAFF	TRBV2*01	TRBJ1-1	1
CASRWAGMNQPQHF	TRBV28*01	TRBJ1-5	1
CASRWAGSSPPPNTEAFF	TRBV13*01	TRBJ1-1	1
CASRWANEQFF	TRBV7-2*01	TRBJ2-1	1
CASRWDFTAYNEQFF	TRBV27*01	TRBJ2-1	1
CASRWDSFEAFF	TRBV6-3*01	TRBJ1-1	1
CASRWGLKGTQYF	TRBV13*01	TRBJ2-5	1
CASRWGPEAFF	TRBV6-3*01	TRBJ1-1	1
CASRWGQGAPYF	TRBV6-3*01	TRBJ2-7	1
CASRWGQSSYEQYF	TRBV27*01	TRBJ2-7	1
CASRWPSTNEKLFF	TRBV2*01	TRBJ1-4	1
CASRWRGTEAFF	TRBV19*01	TRBJ1-1	1
CASRWTGSLGYTF	TRBV6-5*01	TRBJ1-2	1
CASRWTSGQETQYF	TRBV7-2*01	TRBJ2-5	1
CASRWTSPGELFF	TRBV6-3*01	TRBJ2-2	1
CASRYATSYNEQFF	TRBV2*01	TRBJ2-1	1
CASRYDGSGSTDTQYF	TRBV2*01	TRBJ2-3	1
CASRYGLNTEAFF	TRBV6-5*01	TRBJ1-1	1
CASRYGTGYDQPQHF	TRBV12-3*01	TRBJ1-5	1
CASRYIGTQYYGYTF	TRBV6-3*01	TRBJ1-2	1
CASRYLMDSVDSPNYGYTF	TRBV2*01	TRBJ1-2	1
CASRYQLSTGELFF	TRBV11-2*01	TRBJ2-2	1
CASRYRASYEQYF	TRBV2*01	TRBJ2-7	1
CASRYRDRGKTEAFF	TRBV11-1*01	TRBJ1-1	1
CASRYRQIPISGNTIYF	TRBV2*01	TRBJ1-3	1
CASRYTGELFF	TRBV28*01	TRBJ2-2	1
CASRYTGTSDPYEQYF	TRBV2*01	TRBJ2-7	1
CASRYTPDTQYF	TRBV2*01	TRBJ2-3	1
CASRYVGGYNSPLHF	TRBV11-2*01	TRBJ1-6	1
CASSAAATNEKLFF	TRBV9*01	TRBJ1-4	1
CASSAAEFINNEQFF	TRBV5-1*01	TRBJ2-1	1
CASSAAEGGGYQETQYF	TRBV9*01	TRBJ2-5	1
CASSAAGGGEQYF	TRBV7-6*01	TRBJ2-7	1
CASSAAGGSYEQYF	TRBV9*01	TRBJ2-7	1
CASSAAGSAGEKLFF	TRBV11-3*01	TRBJ1-4	1
CASSAAGSGNQPQHF	TRBV27*01	TRBJ1-5	1
CASSAAGSTDTQYF	TRBV9*01	TRBJ2-3	1
CASSAAGTGMYEQYF	TRBV7-9*01	TRBJ2-7	1
CASSAAGTSGSSSSYNEQFF	TRBV9*01	TRBJ2-1	1
CASSAALAGNSPLHF	TRBV9*01	TRBJ1-6	1
CASSAARGSGGAGDTQYF	TRBV2*01	TRBJ2-3	1
CASSAARNTGELFF	TRBV9*01	TRBJ2-2	1
CASSAARPGGAGTEAFF	TRBV9*01	TRBJ1-1	1
CASSAASGRAYGELFF	TRBV9*01	TRBJ2-2	1
CASSAATPSSHYEQYF	TRBV19*01	TRBJ2-7	1
CASSADGMNTEAFF	TRBV5-5*01	TRBJ1-1	1
CASSADGSSQPQHF	TRBV25-1*01	TRBJ1-5	1
CASSADGTGDHEQYF	TRBV13*01	TRBJ2-7	1
CASSADNPYEQYF	TRBV7-2*01	TRBJ2-7	1
CASSADQQSQYF	TRBV6-5*01	TRBJ2-5	1
CASSADRDGNTGELFF	TRBV28*01	TRBJ2-2	1
CASSADRDHEQYF	TRBV7-6*01	TRBJ2-7	1
CASSADRDQETQYF	TRBV11-2*01	TRBJ2-5	1
CASSADRGGDEQYF	TRBV9*01	TRBJ2-7	1
CASSADRGYGYTF	TRBV13*01	TRBJ1-2	1
CASSADRRQLGANVLTF	TRBV9*01	TRBJ2-6	1
CASSADRVGGNTEAFF	TRBV19*01	TRBJ1-1	1
CASSADRVNTEAFF	TRBV6-3*01	TRBJ1-1	1
CASSADSIAGELFF	TRBV5-1*01	TRBJ2-2	1
CASSADSLHSGYTF	TRBV9*01	TRBJ1-2	1
CASSADSLSSYEQYF	TRBV19*01	TRBJ2-7	1
CASSADSPSYEQYF	TRBV5-1*01	TRBJ2-7	1
CASSADSSGTFSSYEQYF	TRBV19*01	TRBJ2-7	1
CASSADSTDTQYF	TRBV9*01	TRBJ2-3	1
CASSADSYLGETQYF	TRBV27*01	TRBJ2-5	1
CASSADTVYNEQFF	TRBV7-9*01	TRBJ2-1	1
CASSADWAGAKNEQFF	TRBV7-2*01	TRBJ2-1	1
CASSADYNEQFF	TRBV7-6*01	TRBJ2-1	1
CASSAEAGLAMYEQYF	TRBV9*01	TRBJ2-7	1
CASSAEDRGTYEQYF	TRBV9*01	TRBJ2-7	1
CASSAEGQTFSTDTQYF	TRBV12-4*01	TRBJ2-3	3
CASSAEGRGPETQYF	TRBV9*01	TRBJ2-5	1
CASSAEIRDISYNEQFF	TRBV25-1*01	TRBJ2-1	1
CASSAELAGVYGGADTQYF	TRBV7-2*01	TRBJ2-3	1
CASSAELGSTSYNEQFF	TRBV28*01	TRBJ2-1	1
CASSAELTKRGYTF	TRBV9*01	TRBJ1-2	1
CASSAESTFTGLAGLLENIQYF	TRBV11-2*01	TRBJ2-4	1
CASSAETPNTEAFF	TRBV2*01	TRBJ1-1	1
CASSAEVNEQFF	TRBV3-1*01	TRBJ2-1	1
CASSAEVPFYEQYF	TRBV7-9*01	TRBJ2-7	1
CASSAFDRGSGNTIYF	TRBV25-1*01	TRBJ1-3	1
CASSAFGTDTGELFF	TRBV9*01	TRBJ2-2	1
CASSAFLAGITGELFF	TRBV9*01	TRBJ2-2	1
CASSAFNEKLFF	TRBV12-4*01	TRBJ1-4	1
CASSAFSEGYYEQYF	TRBV9*01	TRBJ2-7	1
CASSAFSGRAVDEQYF	TRBV4-2*01	TRBJ2-7	1
CASSAGAAEQYF	TRBV9*01	TRBJ2-7	1
CASSAGAAGANVLTF	TRBV11-2*01	TRBJ2-6	1
CASSAGAYGYTF	TRBV19*01	TRBJ1-2	12
CASSAGDGGSTDTQYF	TRBV19*01	TRBJ2-3	1
CASSAGDWISDNSPLHF	TRBV9*01	TRBJ1-6	1
CASSAGETTNEKLFF	TRBV9*01	TRBJ1-4	1
CASSAGFGYEQYF	TRBV19*01	TRBJ2-7	1
CASSAGFSGNTIYF	TRBV5-4*01	TRBJ1-3	1
CASSAGGAGQPQHF	TRBV27*01	TRBJ1-5	1
CASSAGGEYNEQFF	TRBV28*01	TRBJ2-1	1
CASSAGGGGQYF	TRBV27*01	TRBJ2-3	1
CASSAGGIYTEAFF	TRBV2*01	TRBJ1-1	1
CASSAGGNGYTF	TRBV9*01	TRBJ1-2	2
CASSAGGQGNTEAFF	TRBV9*01	TRBJ1-1	1
CASSAGGSNEQFF	TRBV6-3*01	TRBJ2-1	1
CASSAGGSNEQFF	TRBV7-9*01	TRBJ2-1	1
CASSAGGYEQFF	TRBV7-3*01	TRBJ2-1	1
CASSAGIHEQYF	TRBV2*01	TRBJ2-7	1
CASSAGLAGDYEQYF	TRBV10-1*01	TRBJ2-7	1
CASSAGLAGTDTQYF	TRBV2*01	TRBJ2-3	1
CASSAGLAGTTDTQYF	TRBV9*01	TRBJ2-3	1
CASSAGLAHYNEQFF	TRBV5-1*01	TRBJ2-1	1
CASSAGLEGATGELFF	TRBV5-6*01	TRBJ2-2	1
CASSAGLEQFF	TRBV9*01	TRBJ2-1	1
CASSAGLGANYGYTF	TRBV19*01	TRBJ1-2	1
CASSAGLGGVSDTQYF	TRBV9*01	TRBJ2-3	1
CASSAGLGYTF	TRBV13*01	TRBJ1-2	1
CASSAGLHTGTQYF	TRBV6-4*01	TRBJ2-3	1
CASSAGLIGANVLTF	TRBV4-2*01	TRBJ2-6	1
CASSAGLLGETQYF	TRBV3-1*01	TRBJ2-5	1
CASSAGLSTDTQYF	TRBV9*01	TRBJ2-3	1
CASSAGMYEQYF	TRBV19*01	TRBJ2-7	1
CASSAGNTGSYEQYF	TRBV9*01	TRBJ2-7	1
CASSAGPLVAFF	TRBV27*01	TRBJ1-1	1
CASSAGPTYEQYF	TRBV19*01	TRBJ2-7	1
CASSAGQGAYEQYF	TRBV9*01	TRBJ2-7	1
CASSAGQGGDYGYTF	TRBV5-1*01	TRBJ1-2	1
CASSAGQGGGRTEAFF	TRBV19*01	TRBJ1-1	3
CASSAGQGSYEQYF	TRBV9*01	TRBJ2-7	1
CASSAGQGTNEKLFF	TRBV9*01	TRBJ1-4	1
CASSAGQGVGYTF	TRBV9*01	TRBJ1-2	1
CASSAGQGVNEQYF	TRBV5-8*01	TRBJ2-7	1
CASSAGQGVYGYTF	TRBV6-4*01	TRBJ1-2	1
CASSAGQIRSYEQYF	TRBV12-4*01	TRBJ2-7	1
CASSAGQLTGELFF	TRBV11-2*01	TRBJ2-2	1
CASSAGSADTQYF	TRBV6-4*01	TRBJ2-3	3
CASSAGSGEAFF	TRBV11-1*01	TRBJ1-1	1
CASSAGSGNYGYTF	TRBV19*01	TRBJ1-2	1
CASSAGSLYGYTF	TRBV2*01	TRBJ1-2	1
CASSAGSPSYEQYF	TRBV9*01	TRBJ2-7	1
CASSAGSYGYTF	TRBV19*01	TRBJ1-2	2
CASSAGTATNEKLFF	TRBV19*01	TRBJ1-4	1
CASSAGTGAYGYTF	TRBV9*01	TRBJ1-2	1
CASSAGTGDQPQHF	TRBV2*01	TRBJ1-5	1
CASSAGTGEVTGELFF	TRBV13*01	TRBJ2-2	1
CASSAGTGFEGNSPLHF	TRBV9*01	TRBJ1-6	1
CASSAGTGGGETGELFF	TRBV5-6*01	TRBJ2-2	1
CASSAGTGGLEAFF	TRBV9*01	TRBJ1-1	1
CASSAGTGMNQPQHF	TRBV14*01	TRBJ1-5	1
CASSAGTGNEQFF	TRBV27*01	TRBJ2-1	1
CASSAGTGRSLNEKLFF	TRBV27*01	TRBJ1-4	1
CASSAGTGVPYEQYF	TRBV3-1*01	TRBJ2-7	1
CASSAGTGVSPLHF	TRBV9*01	TRBJ1-6	1
CASSAGTGVYGYTF	TRBV7-2*01	TRBJ1-2	1
CASSAGTLGPYEQYF	TRBV6-5*01	TRBJ2-7	1
CASSAGTQYF	TRBV2*01	TRBJ2-5	1
CASSAGTQYQETQYF	TRBV5-1*01	TRBJ2-5	1
CASSAGTSGQETQYF	TRBV9*01	TRBJ2-5	1
CASSAGTSGTRELFF	TRBV9*01	TRBJ2-2	1
CASSAGTSLADTQYF	TRBV9*01	TRBJ2-3	1
CASSAGTSMGDTQYF	TRBV2*01	TRBJ2-3	1
CASSAGTSRDGGYTF	TRBV9*01	TRBJ1-2	1
CASSAGVAKNIQYF	TRBV4-3*01	TRBJ2-4	1
CASSAGVDNNEQFF	TRBV4-1*01	TRBJ2-1	5
CASSAGVENNEQFF	TRBV27*01	TRBJ2-1	1
CASSAGVGQYF	TRBV18*01	TRBJ2-3	1
CASSAGVRAVTGELFF	TRBV7-2*01	TRBJ2-2	1
CASSAGVSGRAAGELFF	TRBV5-1*01	TRBJ2-2	1
CASSAGWGSYEQYF	TRBV5-1*01	TRBJ2-7	1
CASSAGYNYGYTF	TRBV2*01	TRBJ1-2	1
CASSAHHSPSVDTQYF	TRBV9*01	TRBJ2-3	1
CASSAHRETGELFF	TRBV9*01	TRBJ2-2	1
CASSAHRGGYGYTF	TRBV9*01	TRBJ1-2	1
CASSAIAGGTDTQYF	TRBV27*01	TRBJ2-3	1
CASSAIPRADTQYF	TRBV6-3*01	TRBJ2-3	1
CASSAIRGGGELFF	TRBV9*01	TRBJ2-2	1
CASSAISSTGDYTF	TRBV9*01	TRBJ1-2	1
CASSAKEGWVNSPLHF	TRBV28*01	TRBJ1-6	1
CASSAKGGYSEAFF	TRBV7-3*01	TRBJ1-1	1
CASSAKGLGNTIYF	TRBV7-8*01	TRBJ1-3	1
CASSAKWDGNYGYTF	TRBV5-5*01	TRBJ1-2	1
CASSALADTYEQYF	TRBV5-1*01	TRBJ2-7	1
CASSALAGGDVETQYF	TRBV9*01	TRBJ2-5	1
CASSALAGGGNEQFF	TRBV3-1*01	TRBJ2-1	1
CASSALANSDEQFF	TRBV19*01	TRBJ2-1	1
CASSALGGLQKTFSTSAP	TRBV7-2*01	TRBJ2-4	1
CASSALGGRYNEQFF	TRBV6-5*01	TRBJ2-1	1
CASSALGGSYGYTF	TRBV6-5*01	TRBJ1-2	1
CASSALGQGLGYTF	TRBV9*01	TRBJ1-2	1
CASSALGRGSYEQYF	TRBV5-6*01	TRBJ2-7	1
CASSALGSERHSPLHF	TRBV9*01	TRBJ1-6	1
CASSALGTLAGDADEQFF	TRBV9*01	TRBJ2-1	1
CASSALGYEQYF	TRBV5-4*01	TRBJ2-7	1
CASSALPPGQIIPYTDTQYF	TRBV7-2*01	TRBJ2-3	1
CASSALQGGGELFF	TRBV19*01	TRBJ2-2	1
CASSALQGLAVYEQYF	TRBV6-1*01	TRBJ2-7	1
CASSALQVTYNSPLHF	TRBV5-1*01	TRBJ1-6	1
CASSALSGRAIDEQYF	TRBV9*01	TRBJ2-7	1
CASSALTAYIQYF	TRBV2*01	TRBJ2-5	1
CASSALTSGVEETQYF	TRBV5-1*01	TRBJ2-5	1
CASSALWEGVSTDTQYF	TRBV9*01	TRBJ2-3	1
CASSALYGGSYNEQFF	TRBV7-9*01	TRBJ2-1	1
CASSAMDRGADGYTF	TRBV9*01	TRBJ1-2	1
CASSAMGGQPQHF	TRBV27*01	TRBJ1-5	1
CASSAMGGSYNEQFF	TRBV5-6*01	TRBJ2-1	1
CASSAMGKQYF	TRBV5-4*01	TRBJ2-7	1
CASSANIVNTEAFF	TRBV7-9*01	TRBJ1-1	1
CASSANKRTGQMNTEAFF	TRBV2*01	TRBJ1-1	1
CASSANNEEKLFF	TRBV12-4*01	TRBJ1-4	1
CASSANRAETQYF	TRBV6-4*01	TRBJ2-5	1
CASSANRDTEDTGELFF	TRBV9*01	TRBJ2-2	2
CASSANSGEQFF	TRBV9*01	TRBJ2-1	1
CASSANSGGYTF	TRBV28*01	TRBJ1-2	1
CASSAPDGSYEQYF	TRBV9*01	TRBJ2-7	1
CASSAPDRAPYNEQFF	TRBV12-4*01	TRBJ2-1	1
CASSAPDRGDTGELFF	TRBV5-1*01	TRBJ2-2	1
CASSAPDRGYNSPLHF	TRBV7-9*01	TRBJ1-6	1
CASSAPDSYEQYF	TRBV11-2*01	TRBJ2-7	1
CASSAPGASSYNEQFF	TRBV12-4*01	TRBJ2-1	1
CASSAPGDRAGNTIYF	TRBV9*01	TRBJ1-3	1
CASSAPGFNRVDTEAFF	TRBV5-6*01	TRBJ1-1	1
CASSAPGGPHSTDTQYF	TRBV9*01	TRBJ2-3	1
CASSAPGGTSYNEQFF	TRBV9*01	TRBJ2-1	1
CASSAPGLAATFPTDTQYF	TRBV28*01	TRBJ2-3	1
CASSAPGQGAGAASWIEQYF	TRBV28*01	TRBJ2-7	1
CASSAPGQGFQETQYF	TRBV28*01	TRBJ2-5	1
CASSAPGQGKHEQYF	TRBV11-3*01	TRBJ2-7	1
CASSAPGQGRQPTQFF	TRBV13*01	TRBJ2-1	1
CASSAPGQPRDIQYF	TRBV7-9*01	TRBJ2-4	1
CASSAPGRAVTDTQYF	TRBV2*01	TRBJ2-3	1
CASSAPGTGDYEQYF	TRBV9*01	TRBJ2-7	1
CASSAPGTGHYEQYF	TRBV11-2*01	TRBJ2-7	1
CASSAPGVPNSPLHF	TRBV9*01	TRBJ1-6	1
CASSAPIGGGYTF	TRBV9*01	TRBJ1-2	7
CASSAPIISGGHYEQYF	TRBV6-6*01	TRBJ2-7	1
CASSAPISPGLAGGHGELFF	TRBV9*01	TRBJ2-2	1
CASSAPNTRASNQPQHF	TRBV19*01	TRBJ1-5	1
CASSAPPARVWSYEQYF	TRBV2*01	TRBJ2-7	1
CASSAPPEEGSYEQYF	TRBV2*01	TRBJ2-7	1
CASSAPPGQSSYEQYF	TRBV7-6*01	TRBJ2-7	1
CASSAPPRETQYF	TRBV9*01	TRBJ2-5	1
CASSAPQGAAEKLFF	TRBV7-9*01	TRBJ1-4	1
CASSAPQRTYEQYF	TRBV3-1*01	TRBJ2-7	1
CASSAPRGTQAFF	TRBV9*01	TRBJ1-1	1
CASSAPSSYNEQFF	TRBV9*01	TRBJ2-1	1
CASSAPTSGGYNEQFF	TRBV7-2*01	TRBJ2-1	1
CASSAQGAMSEKLFF	TRBV7-9*01	TRBJ1-4	1
CASSAQGGNQPQHF	TRBV9*01	TRBJ1-5	1
CASSAQGTYGYTF	TRBV9*01	TRBJ1-2	1
CASSAQGVSYNEQFF	TRBV9*01	TRBJ2-1	1
CASSAQQGLSSYEQYF	TRBV19*01	TRBJ2-7	1
CASSAQSVNTEAFF	TRBV11-2*01	TRBJ1-1	1
CASSARAAATNEKLFF	TRBV2*01	TRBJ1-4	1
CASSARADYGYTF	TRBV11-3*01	TRBJ1-2	1
CASSARDGDNYGYTF	TRBV9*01	TRBJ1-2	1
CASSARDLRITDTQYF	TRBV6-6*01	TRBJ2-3	1
CASSARDRGLYEQYF	TRBV7-9*01	TRBJ2-7	1
CASSARDRGRGETQYF	TRBV5-1*01	TRBJ2-5	1
CASSARDRMIDEQYF	TRBV9*01	TRBJ2-7	1
CASSARDTPWEQYF	TRBV27*01	TRBJ2-7	1
CASSARDTTNYGYTF	TRBV9*01	TRBJ1-2	3
CASSARDYNTEAFF	TRBV19*01	TRBJ1-1	1
CASSARENQETQYF	TRBV9*01	TRBJ2-5	1
CASSARERDAQETQYF	TRBV7-9*01	TRBJ2-5	1
CASSARGEKGGDEQFF	TRBV19*01	TRBJ2-1	1
CASSARGMEEKLFF	TRBV12-3*01	TRBJ1-4	1
CASSARGNGNNEQFF	TRBV9*01	TRBJ2-1	1
CASSARGTDTQYF	TRBV9*01	TRBJ2-3	1
CASSARLAGPSYEQYF	TRBV7-2*01	TRBJ2-7	1
CASSARLDWEQFF	TRBV9*01	TRBJ2-1	1
CASSARLEAPLEQYF	TRBV5-4*01	TRBJ2-7	1
CASSARQGARRWEAFF	TRBV12-3*01	TRBJ1-1	1
CASSARQGGNTEAFF	TRBV9*01	TRBJ1-1	1
CASSARQGLMNTEAFF	TRBV19*01	TRBJ1-1	1
CASSARQGSSGNTIYF	TRBV11-2*01	TRBJ1-3	1
CASSARRAGGGNTIYF	TRBV9*01	TRBJ1-3	1
CASSARRDRVANVLTF	TRBV9*01	TRBJ2-6	1
CASSARREITGELFF	TRBV19*01	TRBJ2-2	2
CASSARSGEPQHF	TRBV19*01	TRBJ1-5	8
CASSARSSTEQYF	TRBV19*01	TRBJ2-7	3
CASSARSSYEQYF	TRBV19*01	TRBJ2-7	1
CASSARSTGELFF	TRBV19*01	TRBJ2-2	1
CASSARSVAYEAFF	TRBV13*01	TRBJ1-1	1
CASSARSVYEQYF	TRBV6-1*01	TRBJ2-7	1
CASSARTGDGYTF	TRBV19*01	TRBJ1-2	1
CASSARTGPEQYF	TRBV7-9*01	TRBJ2-3	1
CASSARTGTQETQYF	TRBV6-1*01	TRBJ2-5	1
CASSARTSGESKNIQYF	TRBV7-8*01	TRBJ2-4	1
CASSARTSGGLDTQYF	TRBV7-9*01	TRBJ2-3	1
CASSARTSGIDEQYF	TRBV7-2*01	TRBJ2-7	1
CASSARTSGSSYNEQFF	TRBV2*01	TRBJ2-1	1
CASSARTSGTYEQYF	TRBV19*01	TRBJ2-7	1
CASSARTSIGAGANVLTF	TRBV12-3*01	TRBJ2-6	1
CASSARTSTDTQYF	TRBV6-1*01	TRBJ2-3	6
CASSARTVGGTEAFF	TRBV9*01	TRBJ1-1	1
CASSARVGSYNEQFF	TRBV7-9*01	TRBJ2-1	1
CASSARVREKLFF	TRBV2*01	TRBJ1-4	18
CASSARWGTETNTEAFF	TRBV7-9*01	TRBJ1-1	1
CASSASALSYEQYF	TRBV9*01	TRBJ2-7	1
CASSASDGNTIYF	TRBV9*01	TRBJ1-3	1
CASSASDGTGNGYTF	TRBV9*01	TRBJ1-2	3
CASSASDRGLSHEQYF	TRBV11-2*01	TRBJ2-7	3
CASSASGARDYSNQPQHF	TRBV3-1*01	TRBJ1-5	1
CASSASGASTDTQYF	TRBV7-2*01	TRBJ2-3	1
CASSASGGGITDTQYF	TRBV9*01	TRBJ2-3	1
CASSASGGIGYNEQFF	TRBV9*01	TRBJ2-1	1
CASSASGGIQPQHF	TRBV9*01	TRBJ1-5	1
CASSASGGNYEQYF	TRBV9*01	TRBJ2-7	1
CASSASGKVNEQFF	TRBV6-5*01	TRBJ2-1	1
CASSASGNTIYF	TRBV9*01	TRBJ1-3	1
CASSASGPLEQFF	TRBV7-2*01	TRBJ2-1	1
CASSASGRENNEQFF	TRBV9*01	TRBJ2-1	1
CASSASGRGSYEQYF	TRBV28*01	TRBJ2-7	1
CASSASGSWDTQYF	TRBV9*01	TRBJ2-3	1
CASSASGTAYGYTF	TRBV9*01	TRBJ1-2	1
CASSASGTGANVLTF	TRBV2*01	TRBJ2-6	1
CASSASGTGEGYTF	TRBV9*01	TRBJ1-2	1
CASSASGTQETQYF	TRBV9*01	TRBJ2-5	1
CASSASGTTSEQYF	TRBV7-3*01	TRBJ2-7	1
CASSASHDGVAYEQYF	TRBV9*01	TRBJ2-7	1
CASSASPGTDTQYF	TRBV7-3*01	TRBJ2-3	1
CASSASQGALGYTF	TRBV9*01	TRBJ1-2	1
CASSASQGPRYGSTDTQYF	TRBV2*01	TRBJ2-3	1
CASSASRGPADTQYF	TRBV4-3*01	TRBJ2-3	1
CASSASRNTGELFF	TRBV7-3*01	TRBJ2-2	1
CASSASRSYNEQFF	TRBV9*01	TRBJ2-1	1
CASSASSALYNEQFF	TRBV7-2*01	TRBJ2-1	1
CASSASSGAEQFF	TRBV5-4*01	TRBJ2-1	1
CASSASSVQLLGDTQYF	TRBV4-1*01	TRBJ2-3	1
CASSASTAQETQYF	TRBV9*01	TRBJ2-5	1
CASSASTSGQETQYF	TRBV28*01	TRBJ2-5	1
CASSASVLGVNEQFF	TRBV19*01	TRBJ2-1	12
CASSASWLSTDTQYF	TRBV12-3*01	TRBJ2-3	1
CASSASYEQYF	TRBV7-2*01	TRBJ2-7	1
CASSASYRDNTGELFF	TRBV9*01	TRBJ2-2	1
CASSATDFQPQHF	TRBV27*01	TRBJ1-5	1
CASSATEAFF	TRBV2*01	TRBJ1-1	1
CASSATGDGETQYF	TRBV9*01	TRBJ2-5	1
CASSATGESDYNSPLHF	TRBV6-3*01	TRBJ1-6	1
CASSATGGGYGYTF	TRBV27*01	TRBJ1-2	1
CASSATGGLADTQYF	TRBV27*01	TRBJ2-3	1
CASSATGGRGNIQYF	TRBV28*01	TRBJ2-4	1
CASSATGGYEQYF	TRBV6-5*01	TRBJ2-7	1
CASSATGLALYNEQFF	TRBV9*01	TRBJ2-1	1
CASSATGLGPETQYF	TRBV9*01	TRBJ2-5	1
CASSATGNYEQYF	TRBV27*01	TRBJ2-7	1
CASSATGTENNEQFF	TRBV9*01	TRBJ2-1	1
CASSATGTGGADTQYF	TRBV6-4*01	TRBJ2-3	1
CASSATGTGVGYTF	TRBV19*01	TRBJ1-2	5
CASSATGTGYEQFF	TRBV5-4*01	TRBJ2-1	1
CASSATGVGSYNEQFF	TRBV7-3*01	TRBJ2-1	1
CASSATGYGQPQHF	TRBV27*01	TRBJ1-5	1
CASSATGYTEAFF	TRBV6-5*01	TRBJ1-1	1
CASSATHILGQSTDTQYF	TRBV2*01	TRBJ2-3	1
CASSATLNTEAFF	TRBV5-6*01	TRBJ1-1	1
CASSATNVSSYNSPLHF	TRBV2*01	TRBJ1-6	1
CASSATPGLLETQYF	TRBV9*01	TRBJ2-5	1
CASSATPYSRGVPYNEQFF	TRBV6-3*01	TRBJ2-1	1
CASSATRGGSTDTQYF	TRBV11-2*01	TRBJ2-3	1
CASSATSDSTDTQYF	TRBV6-1*01	TRBJ2-3	1
CASSATSDTQYF	TRBV9*01	TRBJ2-3	1
CASSATSDYSYNEQFF	TRBV9*01	TRBJ2-1	1
CASSATSGETYEQYF	TRBV11-2*01	TRBJ2-7	1
CASSATSGGQVDTQYF	TRBV11-2*01	TRBJ2-3	1
CASSATSGRTDTQYF	TRBV9*01	TRBJ2-3	1
CASSATSGVYNEQFF	TRBV9*01	TRBJ2-1	1
CASSATSGYNEQFF	TRBV9*01	TRBJ2-1	1
CASSATSGYTGELFF	TRBV5-4*01	TRBJ2-2	1
CASSATTGFYGYTF	TRBV28*01	TRBJ1-2	1
CASSATTVVYGYTF	TRBV6-1*01	TRBJ1-2	1
CASSATVIPDTQYF	TRBV6-1*01	TRBJ2-3	5
CASSATVITDTQYF	TRBV6-1*01	TRBJ2-3	1
CASSATVRAGGGFQRRVF	TRBV2*01	TRBJ2-1	1
CASSAVAGGPEYEQFF	TRBV9*01	TRBJ2-1	1
CASSAVGRFHNEQFF	TRBV28*01	TRBJ2-1	1
CASSAVQYEQYF	TRBV2*01	TRBJ2-7	1
CASSAVSGMSGELFF	TRBV7-9*01	TRBJ2-2	1
CASSAVTGADQPQHF	TRBV19*01	TRBJ1-5	1
CASSAWDREFNTIYF	TRBV11-2*01	TRBJ1-3	2
CASSAWDSQETQYF	TRBV9*01	TRBJ2-5	2
CASSAWGGAGTGELFF	TRBV9*01	TRBJ2-2	1
CASSAWGTSSTDTQYF	TRBV5-4*01	TRBJ2-3	5
CASSAWLSAWPNEQFF	TRBV6-1*01	TRBJ2-1	1
CASSAWTGRFLVDSPLHF	TRBV7-2*01	TRBJ1-6	1
CASSAWTSNNEQFF	TRBV9*01	TRBJ2-1	1
CASSAWTSVDEQFF	TRBV9*01	TRBJ2-1	1
CASSAYALYSNQPQHF	TRBV7-2*01	TRBJ1-5	1
CASSAYDRGGNEQFF	TRBV9*01	TRBJ2-1	1
CASSAYITEVAFF	TRBV25-1*01	TRBJ1-1	1
CASSAYKSSYNEQFF	TRBV9*01	TRBJ2-1	1
CASSAYMNTEAFF	TRBV27*01	TRBJ1-1	1
CASSAYNEKLFF	TRBV27*01	TRBJ1-4	1
CASSAYQGYSNQPQHF	TRBV27*01	TRBJ1-5	1
CASSAYRDEKLFF	TRBV6-1*01	TRBJ1-4	1
CASSAYRVDTQYF	TRBV7-3*01	TRBJ2-3	1
CASSAYSWGGEDTQYF	TRBV9*01	TRBJ2-3	1
CASSAYTSGPKEQYF	TRBV5-6*01	TRBJ2-7	1
CASSAYVQGSGNTIYF	TRBV27*01	TRBJ1-3	1
CASSCFNSPLHF	TRBV7-3*01	TRBJ1-6	1
CASSCGPTRGLRNEQFF	TRBV19*01	TRBJ2-1	1
CASSCLQGAADTQYF	TRBV12-3*01	TRBJ2-3	1
CASSCPGARRTDTQYF	TRBV5-1*01	TRBJ2-3	1
CASSCRGGRAVEQYF	TRBV5-4*01	TRBJ2-7	1
CASSDADGWGRGNEQFF	TRBV6-1*01	TRBJ2-1	1
CASSDAGNTEAFF	TRBV9*01	TRBJ1-1	1
CASSDAGTSNSPLHF	TRBV6-1*01	TRBJ1-6	1
CASSDALYEQYF	TRBV25-1*01	TRBJ2-7	1
CASSDAPGAINRIF	TRBV2*01	TRBJ1-2	3
CASSDARKGLAGQETQYF	TRBV6-1*01	TRBJ2-5	1
CASSDAVQETQYF	TRBV2*01	TRBJ2-5	1
CASSDDGMNTEAFF	TRBV10-2*01	TRBJ1-1	9
CASSDDGYNEQFF	TRBV6-5*01	TRBJ2-1	1
CASSDDMGTGVQPQHF	TRBV10-2*01	TRBJ1-5	1
CASSDDRGTDTQYF	TRBV5-4*01	TRBJ2-3	1
CASSDEEIYGYTF	TRBV6-1*01	TRBJ1-2	1
CASSDELAGGHYEQYF	TRBV2*01	TRBJ2-7	1
CASSDELDRGRALAKNIQYF	TRBV2*01	TRBJ2-4	1
CASSDERGELFF	TRBV12-4*01	TRBJ2-2	1
CASSDESLPLDEQYF	TRBV7-9*01	TRBJ2-7	1
CASSDEVQGTNSPLHF	TRBV6-4*01	TRBJ1-6	1
CASSDEVSYNSPLHF	TRBV6-1*01	TRBJ1-6	1
CASSDFGQGSYEQYF	TRBV2*01	TRBJ2-7	1
CASSDFGTSGTYEQYF	TRBV2*01	TRBJ2-7	1
CASSDFYGYTF	TRBV5-4*01	TRBJ1-2	1
CASSDGAGGDNEQFF	TRBV2*01	TRBJ2-1	1
CASSDGAGGPYEQYF	TRBV2*01	TRBJ2-7	1
CASSDGARGGTDTQYF	TRBV6-1*01	TRBJ2-3	1
CASSDGDREIPEAFF	TRBV6-1*01	TRBJ1-1	1
CASSDGEGGVGETQYF	TRBV9*01	TRBJ2-5	1
CASSDGGASYEQYF	TRBV9*01	TRBJ2-7	1
CASSDGGATGELFF	TRBV6-4*01	TRBJ2-2	1
CASSDGGGGTEAFF	TRBV9*01	TRBJ1-1	1
CASSDGGGYEQYF	TRBV9*01	TRBJ2-7	1
CASSDGGLGQPQHF	TRBV2*01	TRBJ1-5	1
CASSDGGQYTEAFF	TRBV9*01	TRBJ1-1	1
CASSDGGSNSGANVLTF	TRBV4-2*01	TRBJ2-6	1
CASSDGGSVPGNTIYF	TRBV11-3*01	TRBJ1-3	1
CASSDGGVYQPQHF	TRBV6-1*01	TRBJ1-5	1
CASSDGGYLTDTQYF	TRBV6-3*01	TRBJ2-3	1
CASSDGLAGYNEQFF	TRBV7-7*01	TRBJ2-1	1
CASSDGLASSYEQYF	TRBV27*01	TRBJ2-7	1
CASSDGNRVYTF	TRBV9*01	TRBJ1-2	1
CASSDGPAYEQYF	TRBV2*01	TRBJ2-7	8
CASSDGPLGYTF	TRBV27*01	TRBJ1-2	1
CASSDGPTSVETQYF	TRBV2*01	TRBJ2-5	1
CASSDGQAYFYGYTF	TRBV7-9*01	TRBJ1-2	1
CASSDGQGFDQPQHF	TRBV19*01	TRBJ1-5	1
CASSDGQGLEQYF	TRBV27*01	TRBJ2-7	1
CASSDGRGESQYF	TRBV2*01	TRBJ2-3	1
CASSDGRGGTEAFF	TRBV6-4*01	TRBJ1-1	1
CASSDGRSYEQYF	TRBV27*01	TRBJ2-7	1
CASSDGTGGGQEAFF	TRBV6-4*01	TRBJ1-1	1
CASSDGTGGNEQFF	TRBV6-4*01	TRBJ2-1	2
CASSDGTGGQPQHF	TRBV7-2*01	TRBJ1-5	1
CASSDGTGGVDEQYF	TRBV9*01	TRBJ2-7	1
CASSDGTSGGGEQYF	TRBV6-3*01	TRBJ2-7	2
CASSDGTSGLAKNIQYF	TRBV9*01	TRBJ2-4	1
CASSDGTSGRADTQYF	TRBV28*01	TRBJ2-3	1
CASSDGTSGRNEQYF	TRBV9*01	TRBJ2-7	1
CASSDGVNEQFF	TRBV6-4*01	TRBJ2-1	1
CASSDGVSGNEQFF	TRBV6-4*01	TRBJ2-1	1
CASSDGVTGLDTEAFF	TRBV5-1*01	TRBJ1-1	1
CASSDHDSSYNEQFF	TRBV6-4*01	TRBJ2-1	1
CASSDHQWSTQYF	TRBV25-1*01	TRBJ2-3	1
CASSDHRGIWPGELFF	TRBV7-2*01	TRBJ2-2	1
CASSDIAGGPSGEQYF	TRBV11-2*01	TRBJ2-7	1
CASSDIGEGTGELFF	TRBV2*01	TRBJ2-2	1
CASSDIHPSGAFTDTQYF	TRBV2*01	TRBJ2-3	2
CASSDILAGVGEQYF	TRBV7-9*01	TRBJ2-7	4
CASSDIRDRLLGGANVLTF	TRBV9*01	TRBJ2-6	1
CASSDISTGELFF	TRBV2*01	TRBJ2-2	1
CASSDKALIAGGPDNEQFF	TRBV12-3*01	TRBJ2-1	1
CASSDKGEGDTQYF	TRBV6-4*01	TRBJ2-3	1
CASSDKGTKGEKLFF	TRBV12-4*01	TRBJ1-4	1
CASSDKLTGGGGNEQFF	TRBV9*01	TRBJ2-1	1
CASSDKSAEAFF	TRBV7-9*01	TRBJ1-1	1
CASSDLADTDTQYF	TRBV2*01	TRBJ2-3	1
CASSDLAGATTGELFF	TRBV25-1*01	TRBJ2-2	1
CASSDLAGDPTDTQYF	TRBV4-2*01	TRBJ2-3	3
CASSDLDRVVSGDYEQYF	TRBV25-1*01	TRBJ2-7	1
CASSDLFGREGYNEQFF	TRBV25-1*01	TRBJ2-1	1
CASSDLGQGHEQYF	TRBV6-1*01	TRBJ2-7	1
CASSDLPFRFMIWEQYF	TRBV6-1*01	TRBJ2-7	3
CASSDLPFRFMIWEQYF	TRBV6-4*01	TRBJ2-7	1
CASSDLPGANYGYTF	TRBV2*01	TRBJ1-2	1
CASSDLQWVSYEQYF	TRBV2*01	TRBJ2-7	1
CASSDLRDGYYEQYF	TRBV2*01	TRBJ2-7	1
CASSDLRDSYNSPLHF	TRBV25-1*01	TRBJ1-6	1
CASSDLSDEQYF	TRBV10-1*01	TRBJ2-7	1
CASSDLTGNQPQHF	TRBV6-1*01	TRBJ1-5	1
CASSDMDLDYGYTF	TRBV28*01	TRBJ1-2	1
CASSDMNTGELFF	TRBV6-4*01	TRBJ2-2	1
CASSDMSFEEARCDEQFF	TRBV19*01	TRBJ2-1	1
CASSDNAAGNTIYF	TRBV9*01	TRBJ1-3	1
CASSDNAGPDTQYF	TRBV27*01	TRBJ2-3	1
CASSDNPYEQYF	TRBV6-6*01	TRBJ2-7	1
CASSDNRARLAKNIQYF	TRBV13*01	TRBJ2-4	1
CASSDNSRLASYTF	TRBV25-1*01	TRBJ1-2	1
CASSDNVREGVPHEQFF	TRBV9*01	TRBJ2-1	1
CASSDNWSSYEQYF	TRBV25-1*01	TRBJ2-7	1
CASSDNYEQYF	TRBV18*01	TRBJ2-7	2
CASSDPASGMSNYGYTF	TRBV10-2*01	TRBJ1-2	1
CASSDPATEAFF	TRBV10-1*01	TRBJ1-1	1
CASSDPDRGFGYYEQYF	TRBV6-1*01	TRBJ2-7	1
CASSDPEDRRTDTQYF	TRBV6-1*01	TRBJ2-3	1
CASSDPGAYEQYF	TRBV6-1*01	TRBJ2-7	1
CASSDPGGADTQYF	TRBV2*01	TRBJ2-3	1
CASSDPGPYEQYF	TRBV28*01	TRBJ2-7	1
CASSDPGQGDSGELFF	TRBV5-4*01	TRBJ2-2	9
CASSDPGTSDYNEQFF	TRBV9*01	TRBJ2-1	1
CASSDPIGGYGYTF	TRBV6-1*01	TRBJ1-2	1
CASSDPKDRAQRETQYF	TRBV9*01	TRBJ2-5	1
CASSDPKGAYEQYF	TRBV25-1*01	TRBJ2-7	1
CASSDPKRGDWKPQHF	TRBV6-1*01	TRBJ1-5	1
CASSDPPGTSPTDTQYF	TRBV11-1*01	TRBJ2-3	1
CASSDPQEGQLEGSGYTF	TRBV12-4*01	TRBJ1-2	1
CASSDPQGTMDYRPQHF	TRBV6-6*01	TRBJ1-5	1
CASSDPQTGNEQYF	TRBV9*01	TRBJ2-7	1
CASSDPRRNYGYTF	TRBV19*01	TRBJ1-2	1
CASSDPRTGANQPQHF	TRBV4-1*01	TRBJ1-5	1
CASSDPSGTDLNYGYTF	TRBV9*01	TRBJ1-2	1
CASSDPSRLAGGPTDTQYF	TRBV9*01	TRBJ2-3	1
CASSDPSSNTGELFF	TRBV2*01	TRBJ2-2	1
CASSDPTEGLVRTQYF	TRBV25-1*01	TRBJ2-5	1
CASSDPTGIDGYTF	TRBV6-3*01	TRBJ1-2	1
CASSDPTSGGPYNEQFF	TRBV7-9*01	TRBJ2-1	1
CASSDPTSKYF	TRBV6-1*01	TRBJ2-7	1
CASSDPYNQTLSYEQYF	TRBV2*01	TRBJ2-7	1
CASSDQAGANQETQYF	TRBV7-3*01	TRBJ2-5	1
CASSDQFRYSNQPQHF	TRBV6-1*01	TRBJ1-5	1
CASSDQGLAEPSGWPFF	TRBV13*01	TRBJ2-1	1
CASSDQGPSLYEQYF	TRBV2*01	TRBJ2-7	1
CASSDQGQVKNIQYF	TRBV2*01	TRBJ2-4	1
CASSDQGTTGELFF	TRBV6-4*01	TRBJ2-2	1
CASSDQLAGGRVAKNIQYF	TRBV6-4*01	TRBJ2-4	1
CASSDQTHTQYF	TRBV10-1*01	TRBJ2-3	1
CASSDQTSGDNEQFF	TRBV2*01	TRBJ2-1	1
CASSDQTSGGNEQFF	TRBV6-4*01	TRBJ2-1	1
CASSDRAGTYEQYF	TRBV2*01	TRBJ2-7	1
CASSDRDRGHEQYF	TRBV13*01	TRBJ2-7	1
CASSDRDRSYEQYF	TRBV13*01	TRBJ2-7	1
CASSDRDYGYTF	TRBV25-1*01	TRBJ1-2	1
CASSDREAGKNIQYF	TRBV12-4*01	TRBJ2-4	1
CASSDREGRSDNSYEQYF	TRBV4-3*01	TRBJ2-7	1
CASSDRGETGELFF	TRBV25-1*01	TRBJ2-2	1
CASSDRGGIGGSAFF	TRBV7-9*01	TRBJ1-1	3
CASSDRGLPGELFF	TRBV5-1*01	TRBJ2-2	1
CASSDRGNIQYF	TRBV9*01	TRBJ2-4	1
CASSDRGPEVGELFF	TRBV6-3*01	TRBJ2-2	1
CASSDRGSPLHF	TRBV12-3*01	TRBJ1-6	3
CASSDRGVHTGELFF	TRBV4-2*01	TRBJ2-2	1
CASSDRGVTEAFF	TRBV4-1*01	TRBJ1-1	1
CASSDRGYTEAFF	TRBV6-1*01	TRBJ1-1	1
CASSDRLAGVTDTQYF	TRBV9*01	TRBJ2-3	1
CASSDRLAYEQYF	TRBV5-4*01	TRBJ2-7	1
CASSDRNEGFYEQYF	TRBV6-3*01	TRBJ2-7	1
CASSDRPWASGFNEQFF	TRBV6-1*01	TRBJ2-1	1
CASSDRPYNSPLHF	TRBV9*01	TRBJ1-6	1
CASSDRQGNSPLHF	TRBV4-3*01	TRBJ1-6	1
CASSDRSGNTIYF	TRBV19*01	TRBJ1-3	3
CASSDRSGTEQYF	TRBV19*01	TRBJ2-7	2
CASSDRSNQPQHF	TRBV19*01	TRBJ1-5	1
CASSDRSNTEAFF	TRBV19*01	TRBJ1-1	1
CASSDRSSYNEQFF	TRBV28*01	TRBJ2-1	1
CASSDRSTDTQYF	TRBV6-4*01	TRBJ2-3	1
CASSDRTGSDEQFF	TRBV7-9*01	TRBJ2-1	1
CASSDRTGVGETQYF	TRBV6-5*01	TRBJ2-5	1
CASSDRTSGDLEQYF	TRBV6-1*01	TRBJ2-7	1
CASSDRVFVHEQYF	TRBV5-4*01	TRBJ2-7	1
CASSDRVGTGTSYEQYF	TRBV2*01	TRBJ2-7	1
CASSDSDRGNEQFF	TRBV6-3*01	TRBJ2-1	1
CASSDSGANQPQHF	TRBV2*01	TRBJ1-5	1
CASSDSGGPSTDTQYF	TRBV7-9*01	TRBJ2-3	1
CASSDSGHFEAFF	TRBV10-1*01	TRBJ1-1	1
CASSDSGNSYEQYF	TRBV9*01	TRBJ2-7	1
CASSDSGSGNEQFF	TRBV5-1*01	TRBJ2-1	1
CASSDSIAGAYNEQFF	TRBV6-4*01	TRBJ2-1	1
CASSDSLAGGPGEQFF	TRBV9*01	TRBJ2-1	1
CASSDSLGGLGPRGGNEQFF	TRBV9*01	TRBJ2-1	1
CASSDSPASYNEQFF	TRBV6-4*01	TRBJ2-1	2
CASSDSPGGGYNEQFF	TRBV6-4*01	TRBJ2-1	1
CASSDSPLSGSPLHF	TRBV2*01	TRBJ1-6	1
CASSDSPSGGDTQYF	TRBV6-4*01	TRBJ2-3	1
CASSDSPSYGYTF	TRBV27*01	TRBJ1-2	1
CASSDSRGVTDTQYF	TRBV6-4*01	TRBJ2-3	1
CASSDSRRGTGTYEQYF	TRBV25-1*01	TRBJ2-7	14
CASSDSSAGATGELFF	TRBV6-4*01	TRBJ2-2	1
CASSDSSGELFF	TRBV6-4*01	TRBJ2-2	1
CASSDSSYEQYF	TRBV7-2*01	TRBJ2-7	1
CASSDSTDNEQFF	TRBV6-4*01	TRBJ2-1	1
CASSDSTEENEQFF	TRBV6-4*01	TRBJ2-1	1
CASSDSTIGTGSDTQYF	TRBV6-4*01	TRBJ2-3	1
CASSDSTSGSNEQFF	TRBV6-4*01	TRBJ2-1	1
CASSDSVLTDTQYF	TRBV2*01	TRBJ2-3	1
CASSDSYEQYF	TRBV25-1*01	TRBJ2-7	1
CASSDSYEQYF	TRBV6-3*01	TRBJ2-7	1
CASSDTASSGNTIYF	TRBV6-1*01	TRBJ1-3	1
CASSDTFGQGISGANVLTF	TRBV7-3*01	TRBJ2-6	1
CASSDTGGNEQYF	TRBV10-2*01	TRBJ2-7	1
CASSDTGQGLYGYTF	TRBV6-4*01	TRBJ1-2	3
CASSDTGVDTEAFF	TRBV6-1*01	TRBJ1-1	1
CASSDTGVLNSPLHF	TRBV6-4*01	TRBJ1-6	8
CASSDTGWGLAGEDTQYF	TRBV6-1*01	TRBJ2-3	1
CASSDTGYPGELFF	TRBV2*01	TRBJ2-2	1
CASSDTNTEAFF	TRBV10-1*01	TRBJ1-1	1
CASSDTNTGELFF	TRBV2*01	TRBJ2-2	1
CASSDTPGREQFF	TRBV6-4*01	TRBJ2-1	1
CASSDTSGGADTQYF	TRBV6-4*01	TRBJ2-3	1
CASSDTSGGVTDTQYF	TRBV13*01	TRBJ2-3	1
CASSDTSGSGYEQFF	TRBV6-6*01	TRBJ2-1	1
CASSDTSRAQPQHF	TRBV6-1*01	TRBJ1-5	1
CASSDTVPHSYEQYF	TRBV6-1*01	TRBJ2-7	1
CASSDVGAEGYTF	TRBV2*01	TRBJ1-2	1
CASSDVGAGADTQYF	TRBV6-1*01	TRBJ2-3	1
CASSDVGGGEQYF	TRBV10-2*01	TRBJ2-7	1
CASSDVKGDTEAFF	TRBV4-1*01	TRBJ1-1	1
CASSDVTSYNEQFF	TRBV19*01	TRBJ2-1	1
CASSDWGETQYF	TRBV25-1*01	TRBJ2-5	1
CASSDWGKNQPQHF	TRBV6-1*01	TRBJ1-5	1
CASSDWGNEKLFF	TRBV7-9*01	TRBJ1-4	1
CASSDWLAGGDEQFF	TRBV6-1*01	TRBJ2-1	1
CASSDWQGNTGELFF	TRBV2*01	TRBJ2-2	1
CASSDWSAVQETQYF	TRBV25-1*01	TRBJ2-5	1
CASSDWTGVGGYTF	TRBV6-1*01	TRBJ1-2	1
CASSDWWGTDTQYF	TRBV5-6*01	TRBJ2-3	1
CASSDYGADTGELFF	TRBV6-1*01	TRBJ2-2	1
CASSDYGLAGEQFF	TRBV6-4*01	TRBJ2-1	1
CASSDYGYTF	TRBV6-1*01	TRBJ1-2	1
CASSDYNNQLAELYNEQFF	TRBV6-1*01	TRBJ2-1	1
CASSDYRELFF	TRBV14*01	TRBJ2-2	1
CASSDYSLTGNTGELFF	TRBV6-6*01	TRBJ2-2	1
CASSEAAEPDTQYF	TRBV2*01	TRBJ2-3	1
CASSEAALTDTQYF	TRBV12-4*01	TRBJ2-3	1
CASSEAASGLYNEQFF	TRBV2*01	TRBJ2-1	1
CASSEAAVIYEQYF	TRBV2*01	TRBJ2-7	1
CASSEAFGAGRNQPQHF	TRBV10-2*01	TRBJ1-5	1
CASSEAFTELYGYTF	TRBV2*01	TRBJ1-2	1
CASSEAGAEAFF	TRBV10-1*01	TRBJ1-1	1
CASSEAGAFGYTF	TRBV25-1*01	TRBJ1-2	1
CASSEAGGGATDTQYF	TRBV6-1*01	TRBJ2-3	1
CASSEAGGPINKSAQFF	TRBV7-9*01	TRBJ2-1	1
CASSEAGGRETQYF	TRBV7-9*01	TRBJ2-5	1
CASSEAGGRETQYF	TRBV9*01	TRBJ2-5	1
CASSEAGGWFGYTF	TRBV6-1*01	TRBJ1-2	1
CASSEAGGYYNEQFF	TRBV2*01	TRBJ2-1	1
CASSEAGHWELFF	TRBV2*01	TRBJ2-2	1
CASSEAGIGNTEAFF	TRBV2*01	TRBJ1-1	1
CASSEAGIGTDTQYF	TRBV2*01	TRBJ2-3	1
CASSEAGNTEAFF	TRBV6-1*01	TRBJ1-1	1
CASSEAGPRDGYTF	TRBV2*01	TRBJ1-2	1
CASSEAGRYNQPQHF	TRBV2*01	TRBJ1-5	1
CASSEAGTADEQFF	TRBV6-5*01	TRBJ2-1	1
CASSEAGYNEQFF	TRBV7-3*01	TRBJ2-1	1
CASSEAGYSITNQPQHF	TRBV6-1*01	TRBJ1-5	1
CASSEALNEQYF	TRBV2*01	TRBJ2-7	1
CASSEANGREQFF	TRBV2*01	TRBJ2-1	1
CASSEANLVDTQYF	TRBV27*01	TRBJ2-3	1
CASSEAPDGNQPQHF	TRBV6-1*01	TRBJ1-5	1
CASSEAPFLHYAGEYWYNEQFF	TRBV2*01	TRBJ2-1	1
CASSEAPGESNSPLHF	TRBV6-1*01	TRBJ1-6	1
CASSEAPGGLNTEAFF	TRBV2*01	TRBJ1-1	1
CASSEAPGRRTGELFF	TRBV6-1*01	TRBJ2-2	1
CASSEAPQSSYEQYF	TRBV6-1*01	TRBJ2-7	1
CASSEAPSSYEQYF	TRBV6-1*01	TRBJ2-7	1
CASSEAPWTGQETQYF	TRBV6-1*01	TRBJ2-5	1
CASSEAQGATDTQYF	TRBV7-9*01	TRBJ2-3	1
CASSEAQGEVETQYF	TRBV6-1*01	TRBJ2-5	1
CASSEARGGADTQYF	TRBV6-1*01	TRBJ2-3	1
CASSEARGRNSPLHF	TRBV6-1*01	TRBJ1-6	1
CASSEARLAGAYEQYF	TRBV6-1*01	TRBJ2-7	1
CASSEARLAGVRGQFF	TRBV6-1*01	TRBJ2-1	1
CASSEARSYF	TRBV2*01	TRBJ2-7	1
CASSEARWKGPSGTQYF	TRBV2*01	TRBJ2-5	1
CASSEASGGANIQYF	TRBV6-6*01	TRBJ2-4	1
CASSEASGGDWNEQFF	TRBV7-3*01	TRBJ2-1	1
CASSEASGGFYNEQFF	TRBV2*01	TRBJ2-1	2
CASSEASGYGYTF	TRBV6-1*01	TRBJ1-2	1
CASSEASNAYEQYF	TRBV2*01	TRBJ2-7	1
CASSEASQPEAGDTQYF	TRBV2*01	TRBJ2-3	1
CASSEASWMTSGEQETQYF	TRBV2*01	TRBJ2-5	1
CASSEAVGDVPQTQYF	TRBV6-1*01	TRBJ2-5	1
CASSEAVLAGGPGDF	TRBV2*01	TRBJ2-5	1
CASSEAVPGQNTGELFF	TRBV6-1*01	TRBJ2-2	1
CASSEDFSGNTIYF	TRBV2*01	TRBJ1-3	1
CASSEDGNQPQHF	TRBV9*01	TRBJ1-5	1
CASSEDGRGISYEQYF	TRBV6-1*01	TRBJ2-7	1
CASSEDLYTGELFF	TRBV10-1*01	TRBJ2-2	1
CASSEDPAGNEQFF	TRBV25-1*01	TRBJ2-1	1
CASSEDPGRINYGYTF	TRBV6-1*01	TRBJ1-2	1
CASSEDPWGSYNEQFF	TRBV2*01	TRBJ2-1	1
CASSEDQEVDTQYF	TRBV5-4*01	TRBJ2-3	1
CASSEDRGETQYF	TRBV9*01	TRBJ2-5	1
CASSEDRGHYEQYF	TRBV2*01	TRBJ2-7	1
CASSEDRGNTEAFF	TRBV12-4*01	TRBJ1-1	1
CASSEDRVENIQYF	TRBV28*01	TRBJ2-4	1
CASSEDRVSYSPLHF	TRBV5-1*01	TRBJ1-6	1
CASSEDSGRYEQYF	TRBV13*01	TRBJ2-7	1
CASSEDVAGGLHADTQYF	TRBV6-1*01	TRBJ2-3	1
CASSEDWLSNTEAFF	TRBV5-4*01	TRBJ1-1	1
CASSEEDSSYEQYF	TRBV2*01	TRBJ2-7	1
CASSEEGAGWSYNEQFF	TRBV6-4*01	TRBJ2-1	1
CASSEEGGRGADTQYF	TRBV6-1*01	TRBJ2-3	1
CASSEEGGRGQQFF	TRBV6-1*01	TRBJ2-1	1
CASSEEGPPWEQYF	TRBV7-2*01	TRBJ2-7	1
CASSEEGPYEQYF	TRBV25-1*01	TRBJ2-7	1
CASSEEGRGETQYF	TRBV2*01	TRBJ2-5	1
CASSEEGSSGNTIYF	TRBV6-1*01	TRBJ1-3	1
CASSEEIGDFPGELFF	TRBV6-1*01	TRBJ2-2	1
CASSEELAGGNEQYF	TRBV6-1*01	TRBJ2-7	1
CASSEELASADTQYF	TRBV2*01	TRBJ2-3	1
CASSEELKVVEQYF	TRBV6-3*01	TRBJ2-7	1
CASSEELVWTGQETQYF	TRBV6-1*01	TRBJ2-5	1
CASSEEMSGRNEQFF	TRBV6-1*01	TRBJ2-1	1
CASSEEPGTGAHEQYF	TRBV6-1*01	TRBJ2-7	1
CASSEEPRRNTGELFF	TRBV25-1*01	TRBJ2-2	1
CASSEETGSGSDTQYF	TRBV6-1*01	TRBJ2-3	1
CASSEEVSGEKLFF	TRBV9*01	TRBJ1-4	1
CASSEFAGGYEQYF	TRBV2*01	TRBJ2-7	1
CASSEFANTEAFF	TRBV10-1*01	TRBJ1-1	1
CASSEFASGQGIEAFF	TRBV6-1*01	TRBJ1-1	1
CASSEFEGWVSGANVLTF	TRBV6-1*01	TRBJ2-6	1
CASSEFFALGSVTEAFF	TRBV25-1*01	TRBJ1-1	1
CASSEFGAGVPEAFF	TRBV6-1*01	TRBJ1-1	1
CASSEFGGANVLTF	TRBV25-1*01	TRBJ2-6	1
CASSEFGRNYGYTF	TRBV6-1*01	TRBJ1-2	2
CASSEFKGAGYGYTF	TRBV6-1*01	TRBJ1-2	1
CASSEFMTFNEQFF	TRBV10-2*01	TRBJ2-1	1
CASSEFNRKNQPQHF	TRBV6-1*01	TRBJ1-5	1
CASSEFPPALPGGYTF	TRBV6-4*01	TRBJ1-2	1
CASSEFRGGSYEQYF	TRBV25-1*01	TRBJ2-7	1
CASSEFRTENTEAFF	TRBV6-1*01	TRBJ1-1	1
CASSEFRTGHQPQHF	TRBV2*01	TRBJ1-5	1
CASSEFRVDTQYF	TRBV2*01	TRBJ2-3	1
CASSEFSGANVLTF	TRBV9*01	TRBJ2-6	1
CASSEFTADTQYF	TRBV25-1*01	TRBJ2-3	1
CASSEFTGENQETQYF	TRBV6-1*01	TRBJ2-5	1
CASSEFWPDNYGYTF	TRBV25-1*01	TRBJ1-2	1
CASSEGAEAFF	TRBV10-2*01	TRBJ1-1	1
CASSEGAEAFF	TRBV27*01	TRBJ1-1	1
CASSEGATQYF	TRBV2*01	TRBJ2-5	1
CASSEGAYLKNTEAFF	TRBV6-1*01	TRBJ1-1	1
CASSEGDFQGARNQPQHF	TRBV6-1*01	TRBJ1-5	1
CASSEGDRVTEAFF	TRBV9*01	TRBJ1-1	109
CASSEGDSNYEQYF	TRBV9*01	TRBJ2-7	1
CASSEGDTDTQYF	TRBV6-4*01	TRBJ2-3	1
CASSEGDTQYF	TRBV2*01	TRBJ2-3	1
CASSEGEIRGLAGELFF	TRBV2*01	TRBJ2-2	1
CASSEGFLVADTQYF	TRBV10-2*01	TRBJ2-3	1
CASSEGGAPYEQYF	TRBV2*01	TRBJ2-7	1
CASSEGGDPYEQYF	TRBV3-1*01	TRBJ2-7	1
CASSEGGDTQYF	TRBV4-1*01	TRBJ2-3	1
CASSEGGEQYF	TRBV6-6*01	TRBJ2-7	1
CASSEGGFGRELFF	TRBV9*01	TRBJ2-2	1
CASSEGGFHPLHF	TRBV6-1*01	TRBJ1-6	1
CASSEGGGALSTDTQYF	TRBV9*01	TRBJ2-3	1
CASSEGGGEAFF	TRBV10-2*01	TRBJ1-1	1
CASSEGGGGTEAFF	TRBV9*01	TRBJ1-1	1
CASSEGGGLPSYEQYF	TRBV6-1*01	TRBJ2-7	1
CASSEGGGRGAFF	TRBV7-6*01	TRBJ1-1	1
CASSEGGGSTDTQYF	TRBV25-1*01	TRBJ2-3	1
CASSEGGGSYNEQFF	TRBV25-1*01	TRBJ2-1	1
CASSEGGGYTF	TRBV7-9*01	TRBJ1-2	1
CASSEGGLAGATITDTQYF	TRBV6-1*01	TRBJ2-3	1
CASSEGGLYEQYF	TRBV9*01	TRBJ2-7	1
CASSEGGNEQYF	TRBV10-2*01	TRBJ2-7	1
CASSEGGPNYGYTF	TRBV6-1*01	TRBJ1-2	1
CASSEGGQGAYEQYF	TRBV10-1*01	TRBJ2-7	1
CASSEGGQGDLWNSPLHF	TRBV2*01	TRBJ1-6	1
CASSEGGQGVGESPLHF	TRBV25-1*01	TRBJ1-6	1
CASSEGGRLEAFF	TRBV6-1*01	TRBJ1-1	1
CASSEGGSGANVLTF	TRBV6-1*01	TRBJ2-6	1
CASSEGGVGAGELFF	TRBV6-1*01	TRBJ2-2	1
CASSEGGYSSTDTQYF	TRBV6-1*01	TRBJ2-3	1
CASSEGHAGETQYF	TRBV6-1*01	TRBJ2-5	1
CASSEGIATNEKLFF	TRBV19*01	TRBJ1-4	1
CASSEGIYYNEQFF	TRBV6-1*01	TRBJ2-1	1
CASSEGLAETYEQYF	TRBV9*01	TRBJ2-7	1
CASSEGLAGGPYNEQFF	TRBV3-1*01	TRBJ2-1	1
CASSEGLAGVYTDTQYF	TRBV6-6*01	TRBJ2-3	1
CASSEGLAWGWGSETQYF	TRBV6-1*01	TRBJ2-5	1
CASSEGLQPQHF	TRBV6-3*01	TRBJ1-5	1
CASSEGLRTDTQYF	TRBV10-2*01	TRBJ2-3	1
CASSEGNEWQETQYF	TRBV6-1*01	TRBJ2-5	1
CASSEGNGYTF	TRBV9*01	TRBJ1-2	1
CASSEGPHEQFF	TRBV2*01	TRBJ2-1	1
CASSEGPLSGTYNEQFF	TRBV6-1*01	TRBJ2-1	1
CASSEGPSYEQYF	TRBV5-4*01	TRBJ2-7	1
CASSEGPTENTEAFF	TRBV6-1*01	TRBJ1-1	1
CASSEGQGLSYGYTF	TRBV6-1*01	TRBJ1-2	1
CASSEGQGNTEAFF	TRBV9*01	TRBJ1-1	1
CASSEGQGNYGYTF	TRBV9*01	TRBJ1-2	1
CASSEGQGSDEQYF	TRBV10-2*01	TRBJ2-7	1
CASSEGQGTSQPQHF	TRBV6-1*01	TRBJ1-5	1
CASSEGQGVPYEQYF	TRBV7-6*01	TRBJ2-7	1
CASSEGQGVWPQHF	TRBV7-9*01	TRBJ1-5	1
CASSEGQGWTEAFF	TRBV6-1*01	TRBJ1-1	9
CASSEGQTGNTIYF	TRBV2*01	TRBJ1-3	1
CASSEGRDFLRETQYF	TRBV19*01	TRBJ2-5	1
CASSEGRGTRIGYTF	TRBV2*01	TRBJ1-2	1
CASSEGRRRTPQYF	TRBV12-4*01	TRBJ2-5	1
CASSEGRSNQPQHF	TRBV2*01	TRBJ1-5	1
CASSEGRTGGETQYF	TRBV25-1*01	TRBJ2-5	1
CASSEGRVYGYTF	TRBV12-4*01	TRBJ1-2	1
CASSEGSGSSYNEQFF	TRBV6-1*01	TRBJ2-1	1
CASSEGSSYEQYF	TRBV2*01	TRBJ2-7	1
CASSEGTATEAFF	TRBV10-1*01	TRBJ1-1	1
CASSEGTDPQETQYF	TRBV6-1*01	TRBJ2-5	4
CASSEGTDTPMNTEAFF	TRBV5-1*01	TRBJ1-1	1
CASSEGTEAFF	TRBV6-1*01	TRBJ1-1	1
CASSEGTGGPDAYGYTF	TRBV5-1*01	TRBJ1-2	1
CASSEGTGISPGNTIYF	TRBV9*01	TRBJ1-3	1
CASSEGTGLKMNTEAFF	TRBV5-1*01	TRBJ1-1	1
CASSEGTGMNTEAFF	TRBV10-1*01	TRBJ1-1	1
CASSEGTGVSYEQYF	TRBV9*01	TRBJ2-7	1
CASSEGTGYNEQFF	TRBV9*01	TRBJ2-1	1
CASSEGTSGADTQYF	TRBV2*01	TRBJ2-3	1
CASSEGTSVVPDTQYF	TRBV9*01	TRBJ2-3	1
CASSEGTTLQETQYF	TRBV9*01	TRBJ2-5	1
CASSEGTVNEKLFF	TRBV10-1*01	TRBJ1-4	1
CASSEGTYNEQFF	TRBV6-3*01	TRBJ2-1	1
CASSEGVEQYF	TRBV10-2*01	TRBJ2-7	1
CASSEGVFAKNIQYF	TRBV6-1*01	TRBJ2-4	1
CASSEGVGLQGWNTEAFF	TRBV2*01	TRBJ1-1	1
CASSEGVGSKDEAFF	TRBV6-1*01	TRBJ1-1	2
CASSEGVPNQPQHF	TRBV6-1*01	TRBJ1-5	1
CASSEGVPSTDTQYF	TRBV6-5*01	TRBJ2-3	1
CASSEGVRVQQYF	TRBV13*01	TRBJ2-7	1
CASSEGWDRGLSTYEQYF	TRBV25-1*01	TRBJ2-7	1
CASSEGWDSPGLSPEEQYF	TRBV25-1*01	TRBJ2-7	1
CASSEGWGRGYTF	TRBV7-9*01	TRBJ1-2	1
CASSEGWGSGANVLTF	TRBV2*01	TRBJ2-6	1
CASSEGWGYTF	TRBV2*01	TRBJ1-2	1
CASSEGWHSYEQYF	TRBV6-1*01	TRBJ2-7	1
CASSEGWNTEAFF	TRBV2*01	TRBJ1-1	1
CASSEGWQGANTQYF	TRBV2*01	TRBJ2-3	1
CASSEGYNAYEQYF	TRBV6-1*01	TRBJ2-7	1
CASSEHRGNSNQPQHF	TRBV6-1*01	TRBJ1-5	1
CASSEHSSWGANVLTF	TRBV6-1*01	TRBJ2-6	1
CASSEIAGVRGADTQYF	TRBV7-6*01	TRBJ2-3	1
CASSEIAVQETQYF	TRBV25-1*01	TRBJ2-5	1
CASSEIGQGGTDTQYF	TRBV2*01	TRBJ2-3	1
CASSEIHQPNSYEQYF	TRBV6-1*01	TRBJ2-7	1
CASSEISGVTDTQYF	TRBV10-2*01	TRBJ2-3	1
CASSEISLSNQPQHF	TRBV2*01	TRBJ1-5	1
CASSEISPGEKLFF	TRBV2*01	TRBJ1-4	1
CASSEITETYEQYF	TRBV6-1*01	TRBJ2-7	1
CASSEKGDYEQYF	TRBV27*01	TRBJ2-7	1
CASSEKGGRETQYF	TRBV2*01	TRBJ2-5	1
CASSEKNREAEAFF	TRBV5-6*01	TRBJ1-1	1
CASSELAGAQDTQYF	TRBV6-1*01	TRBJ2-3	2
CASSELAGATQETQYF	TRBV9*01	TRBJ2-5	1
CASSELAGEAGELFF	TRBV6-1*01	TRBJ2-2	5
CASSELAGGFDEQFF	TRBV6-1*01	TRBJ2-1	1
CASSELAGGLETQYF	TRBV25-1*01	TRBJ2-5	1
CASSELAGGLVAYEQYF	TRBV10-2*01	TRBJ2-7	1
CASSELAGTIYEQYF	TRBV6-1*01	TRBJ2-7	1
CASSELAYEQYF	TRBV6-1*01	TRBJ2-7	1
CASSELEQGNQETQYF	TRBV6-3*01	TRBJ2-5	1
CASSELGDGYTF	TRBV10-2*01	TRBJ1-2	1
CASSELGDRAAEAFF	TRBV25-1*01	TRBJ1-1	1
CASSELGDTQYF	TRBV2*01	TRBJ2-3	1
CASSELGGAGTEAFF	TRBV6-1*01	TRBJ1-1	1
CASSELGGIDYTF	TRBV25-1*01	TRBJ1-2	1
CASSELGGNNQPQHF	TRBV6-1*01	TRBJ1-5	1
CASSELGRGLYEQYF	TRBV6-1*01	TRBJ2-7	1
CASSELNGMDTQYF	TRBV25-1*01	TRBJ2-3	1
CASSELPFNSPLHF	TRBV6-1*01	TRBJ1-6	1
CASSELQGGTGAFF	TRBV25-1*01	TRBJ1-1	1
CASSELSNEQFF	TRBV28*01	TRBJ2-1	1
CASSELTSSYEQYF	TRBV6-1*01	TRBJ2-7	1
CASSELVGSGFHEQYF	TRBV6-1*01	TRBJ2-7	1
CASSELWGDEQYF	TRBV6-3*01	TRBJ2-7	1
CASSELYRDRGPYEQYF	TRBV7-3*01	TRBJ2-7	1
CASSELYTGELFF	TRBV12-4*01	TRBJ2-2	1
CASSEMAGPYGYTF	TRBV2*01	TRBJ1-2	1
CASSEMGQETYEQYF	TRBV9*01	TRBJ2-7	1
CASSEMGVGAFF	TRBV2*01	TRBJ1-1	1
CASSEMRSGGANGYTF	TRBV6-3*01	TRBJ1-2	1
CASSEMTGVDEQFF	TRBV2*01	TRBJ2-1	2
CASSENGLAGVGETQYF	TRBV2*01	TRBJ2-5	1
CASSENPSTSSYNEQFF	TRBV6-3*01	TRBJ2-1	1
CASSENRDVTGELFF	TRBV6-4*01	TRBJ2-2	2
CASSENSYTNEKLFF	TRBV5-1*01	TRBJ1-4	1
CASSENTEAFF	TRBV5-4*01	TRBJ1-1	1
CASSEPDRKYNSPLHF	TRBV5-6*01	TRBJ1-6	1
CASSEPGAKAFF	TRBV10-1*01	TRBJ1-1	1
CASSEPGGNTQYF	TRBV4-2*01	TRBJ2-3	1
CASSEPGLNQPQHF	TRBV9*01	TRBJ1-5	1
CASSEPGQAEKLFF	TRBV6-1*01	TRBJ1-4	1
CASSEPGSGDNEQFF	TRBV10-1*01	TRBJ2-1	1
CASSEPGTGLDTQYF	TRBV25-1*01	TRBJ2-3	1
CASSEPILADSHSYNEQFF	TRBV7-2*01	TRBJ2-1	1
CASSEPLGGDYGYTF	TRBV2*01	TRBJ1-2	1
CASSEPPGLAGGGASETQYF	TRBV25-1*01	TRBJ2-5	1
CASSEPPGLTGGIQYF	TRBV6-1*01	TRBJ2-4	1
CASSEPPGRIDTQYF	TRBV2*01	TRBJ2-3	1
CASSEPPQGRNTEAFF	TRBV2*01	TRBJ1-1	2
CASSEPPSGAVNNEQFF	TRBV2*01	TRBJ2-1	1
CASSEPPSGGSYEQYF	TRBV6-1*01	TRBJ2-7	1
CASSEPRDLDTQYF	TRBV27*01	TRBJ2-3	1
CASSEPRSLAGGTYEQYF	TRBV2*01	TRBJ2-7	1
CASSEPSVWEEQFF	TRBV25-1*01	TRBJ2-1	1
CASSEPTGLDTEAFF	TRBV25-1*01	TRBJ1-1	1
CASSEQAQGNTEAFF	TRBV9*01	TRBJ1-1	2
CASSEQGAGKETQYF	TRBV9*01	TRBJ2-5	1
CASSEQGGDRNTEAFF	TRBV7-8*01	TRBJ1-1	1
CASSEQGGFYGYTF	TRBV9*01	TRBJ1-2	1
CASSEQGNYGYTF	TRBV14*01	TRBJ1-2	1
CASSEQGPSYEQYF	TRBV5-6*01	TRBJ2-7	1
CASSEQGTGTGELFF	TRBV9*01	TRBJ2-2	1
CASSEQLAAPGQGVFADTQYF	TRBV19*01	TRBJ2-3	1
CASSEQSFRDRDQKLFF	TRBV25-1*01	TRBJ1-4	1
CASSERALGRGPLRTEAFF	TRBV2*01	TRBJ1-1	1
CASSERATNEKLFF	TRBV6-3*01	TRBJ1-4	1
CASSERAWTFSNQPQHF	TRBV28*01	TRBJ1-5	1
CASSERDNEQFF	TRBV25-1*01	TRBJ2-1	1
CASSERDPYEQYF	TRBV10-2*01	TRBJ2-7	1
CASSERDRGYEQYF	TRBV27*01	TRBJ2-7	1
CASSERGDGTDTQYF	TRBV2*01	TRBJ2-3	1
CASSERGGLASNEQFF	TRBV2*01	TRBJ2-1	2
CASSERGGTVNEQFF	TRBV5-1*01	TRBJ2-1	1
CASSERGGTYNEQFF	TRBV6-1*01	TRBJ2-1	1
CASSERGKSTDTQYF	TRBV2*01	TRBJ2-3	2
CASSERGNSGANVLTF	TRBV4-1*01	TRBJ2-6	1
CASSERLAGPYEQYF	TRBV6-1*01	TRBJ2-7	1
CASSERPLYTGELFF	TRBV14*01	TRBJ2-2	1
CASSERQGGFSEAFF	TRBV11-2*01	TRBJ1-1	1
CASSERQGPNTEAFF	TRBV13*01	TRBJ1-1	1
CASSERQGPTGELFF	TRBV7-9*01	TRBJ2-2	1
CASSERSGGGNEQFF	TRBV9*01	TRBJ2-1	1
CASSERTGGGYEQYF	TRBV9*01	TRBJ2-7	1
CASSERTGGIFAEAFF	TRBV6-1*01	TRBJ1-1	1
CASSERTGGLGDTQYF	TRBV9*01	TRBJ2-3	1
CASSERTTGTPSTDTQYF	TRBV9*01	TRBJ2-3	1
CASSERTVEAFF	TRBV2*01	TRBJ1-1	1
CASSERVGDQETQYF	TRBV9*01	TRBJ2-5	1
CASSERWGQGWLETQYF	TRBV6-4*01	TRBJ2-5	1
CASSERYEETQYF	TRBV10-2*01	TRBJ2-5	1
CASSERYSGTYNEQFF	TRBV2*01	TRBJ2-1	1
CASSESADNSPLHF	TRBV2*01	TRBJ1-6	1
CASSESANYGYTF	TRBV7-8*01	TRBJ1-2	1
CASSESDRGDEKLFF	TRBV10-2*01	TRBJ1-4	1
CASSESETQYF	TRBV10-2*01	TRBJ2-5	1
CASSESGAAEQYF	TRBV2*01	TRBJ2-7	1
CASSESGATQYF	TRBV9*01	TRBJ2-5	1
CASSESGGAETQYF	TRBV6-4*01	TRBJ2-5	1
CASSESGGGSADTQYF	TRBV6-1*01	TRBJ2-3	1
CASSESGGRYEQFF	TRBV6-3*01	TRBJ2-1	1
CASSESGGRYEQYF	TRBV2*01	TRBJ2-7	1
CASSESGPDTQYF	TRBV25-1*01	TRBJ2-3	1
CASSESGRFAGNTIYF	TRBV6-4*01	TRBJ1-3	1
CASSESGSYEQYF	TRBV28*01	TRBJ2-7	1
CASSESGVGNEKLFF	TRBV2*01	TRBJ1-4	1
CASSESGVVYNEQFF	TRBV2*01	TRBJ2-1	1
CASSESIGQETQYF	TRBV10-1*01	TRBJ2-5	1
CASSESISYEQYF	TRBV10-3*01	TRBJ2-7	123
CASSESIWTVMNTEAFF	TRBV10-2*01	TRBJ1-1	1
CASSESKGYTF	TRBV25-1*01	TRBJ1-2	1
CASSESLAGGYEQYF	TRBV25-1*01	TRBJ2-7	1
CASSESLAGPYKRQETQYF	TRBV10-1*01	TRBJ2-5	1
CASSESLRQAHQPQHF	TRBV6-1*01	TRBJ1-5	1
CASSESLTEAFF	TRBV10-2*01	TRBJ1-1	1
CASSESNEQYF	TRBV2*01	TRBJ2-7	1
CASSESPRAAGIYNEQFF	TRBV6-1*01	TRBJ2-1	1
CASSESPVNQPQHF	TRBV25-1*01	TRBJ1-5	3
CASSESQEGAFF	TRBV6-1*01	TRBJ1-1	1
CASSESQSNAISGYTF	TRBV2*01	TRBJ1-2	1
CASSESRAQDSPLHF	TRBV10-2*01	TRBJ1-6	1
CASSESRGRSYNEQFF	TRBV6-1*01	TRBJ2-1	1
CASSESRQGYGYTF	TRBV10-1*01	TRBJ1-2	1
CASSESSLASGYTF	TRBV10-2*01	TRBJ1-2	1
CASSESSQNTEAFF	TRBV10-2*01	TRBJ1-1	1
CASSESSQPQHF	TRBV2*01	TRBJ1-5	1
CASSESTGGIISNQPQHF	TRBV6-1*01	TRBJ1-5	1
CASSESTGGPNEQFF	TRBV10-1*01	TRBJ2-1	1
CASSESTGSTEAFF	TRBV25-1*01	TRBJ1-1	1
CASSESTLSLTEAFF	TRBV2*01	TRBJ1-1	1
CASSESVAANYEQYF	TRBV10-1*01	TRBJ2-7	1
CASSESVLGLNTEAFF	TRBV2*01	TRBJ1-1	1
CASSESWGGSYEQYF	TRBV2*01	TRBJ2-7	1
CASSESYEQYF	TRBV12-3*01	TRBJ2-7	1
CASSETANSYNEQFF	TRBV6-1*01	TRBJ2-1	1
CASSETGASYEQYF	TRBV6-1*01	TRBJ2-7	1
CASSETGEGYTF	TRBV28*01	TRBJ1-2	1
CASSETGFQPQHF	TRBV25-1*01	TRBJ1-5	1
CASSETGGQPQHF	TRBV6-1*01	TRBJ1-5	1
CASSETGGRGYNEQFF	TRBV27*01	TRBJ2-1	1
CASSETGGSSGNTIYF	TRBV12-4*01	TRBJ1-3	1
CASSETGLEAFF	TRBV18*01	TRBJ1-1	1
CASSETGLRRDTQYF	TRBV6-1*01	TRBJ2-3	1
CASSETGLTYEQYF	TRBV6-1*01	TRBJ2-7	1
CASSETGSNQPQHF	TRBV9*01	TRBJ1-5	1
CASSETGSTDTQYF	TRBV6-1*01	TRBJ2-3	1
CASSETGTDQPQHF	TRBV9*01	TRBJ1-5	1
CASSETGTYEQYF	TRBV10-2*01	TRBJ2-7	1
CASSETGVAKNIQYF	TRBV13*01	TRBJ2-4	1
CASSETIAENTEAFF	TRBV6-1*01	TRBJ1-1	1
CASSETINTGELFF	TRBV11-3*01	TRBJ2-2	1
CASSETLGLAYEQYF	TRBV13*01	TRBJ2-7	1
CASSETPQPFQNGYTF	TRBV6-4*01	TRBJ1-2	2
CASSETPRTVNTGELFF	TRBV27*01	TRBJ2-2	1
CASSETPSGYNEQFF	TRBV2*01	TRBJ2-1	1
CASSETPVRNEQYF	TRBV6-1*01	TRBJ2-7	1
CASSETQAKRLLYGYTF	TRBV2*01	TRBJ1-2	1
CASSETQGDTEAFF	TRBV7-6*01	TRBJ1-1	1
CASSETSGGADTQYF	TRBV6-4*01	TRBJ2-3	1
CASSETSGGAYNEQFF	TRBV9*01	TRBJ2-1	1
CASSETSGGTETQYF	TRBV6-4*01	TRBJ2-5	1
CASSETSQGLLTGELFF	TRBV10-1*01	TRBJ2-2	1
CASSETSRNTEAFF	TRBV13*01	TRBJ1-1	1
CASSETVIGTALEAFF	TRBV25-1*01	TRBJ1-1	1
CASSEVAGGQETQYF	TRBV2*01	TRBJ2-5	1
CASSEVEAGPYYEQYF	TRBV2*01	TRBJ2-7	1
CASSEVGAGNTIYF	TRBV25-1*01	TRBJ1-3	1
CASSEVGDSYNSPLHF	TRBV2*01	TRBJ1-6	1
CASSEVGERDDEQYF	TRBV25-1*01	TRBJ2-7	1
CASSEVGHGREGYGYTF	TRBV2*01	TRBJ1-2	1
CASSEVGLSGELFF	TRBV2*01	TRBJ2-2	1
CASSEVGPGYEQYF	TRBV6-1*01	TRBJ2-7	1
CASSEVGQGLDTEAFF	TRBV2*01	TRBJ1-1	1
CASSEVGRKTQYF	TRBV13*01	TRBJ2-5	1
CASSEVGTGDSGNTIYF	TRBV6-1*01	TRBJ1-3	1
CASSEVGWYEQYF	TRBV7-6*01	TRBJ2-7	1
CASSEVGYNEQFF	TRBV2*01	TRBJ2-1	1
CASSEVLFGTDYGYTF	TRBV2*01	TRBJ1-2	1
CASSEVPADTQYF	TRBV27*01	TRBJ2-3	1
CASSEVQPGQGDTGELFF	TRBV2*01	TRBJ2-2	1
CASSEVRDSFNQPQHF	TRBV2*01	TRBJ1-5	1
CASSEVSRLAGVVDTQYF	TRBV2*01	TRBJ2-3	1
CASSEVSTEAFF	TRBV25-1*01	TRBJ1-1	1
CASSEVSTGTYGYTF	TRBV2*01	TRBJ1-2	1
CASSEVTGGNYGYTF	TRBV6-1*01	TRBJ1-2	1
CASSEVVSTTYEQYF	TRBV6-1*01	TRBJ2-7	1
CASSEVWDSSRTGYTF	TRBV6-3*01	TRBJ1-2	1
CASSEVWVADENYGYTF	TRBV25-1*01	TRBJ1-2	1
CASSEVYENSNGYTF	TRBV2*01	TRBJ1-2	7
CASSEVYWTVNYGYTF	TRBV6-1*01	TRBJ1-2	1
CASSEWAAQPQHF	TRBV6-1*01	TRBJ1-5	1
CASSEWAGELQETQYF	TRBV2*01	TRBJ2-5	1
CASSEWASGANEQFF	TRBV9*01	TRBJ2-1	1
CASSEWASNNEQFF	TRBV25-1*01	TRBJ2-1	1
CASSEWGQGRIDTQYF	TRBV6-1*01	TRBJ2-3	21
CASSEWGTADTQYF	TRBV25-1*01	TRBJ2-3	1
CASSEWGTSGASYNEQFF	TRBV2*01	TRBJ2-1	1
CASSEWLEQYF	TRBV2*01	TRBJ2-7	1
CASSEWLSDQPQHF	TRBV25-1*01	TRBJ1-5	2
CASSEWNTESEAFF	TRBV9*01	TRBJ1-1	1
CASSEWQGKHETQYF	TRBV2*01	TRBJ2-5	1
CASSEWRENTGELFF	TRBV25-1*01	TRBJ2-2	1
CASSEWRERTKNIQYF	TRBV7-8*01	TRBJ2-4	1
CASSEWTGSTDTQYF	TRBV2*01	TRBJ2-3	1
CASSEWTSFDTQYF	TRBV6-1*01	TRBJ2-3	1
CASSEWTVNTGELFF	TRBV2*01	TRBJ2-2	1
CASSEWVYGELFF	TRBV25-1*01	TRBJ2-2	1
CASSEWWDRPQHF	TRBV9*01	TRBJ1-5	1
CASSEWWGQGSEQYF	TRBV6-1*01	TRBJ2-7	1
CASSEWWREGLAYEQYF	TRBV6-1*01	TRBJ2-7	1
CASSEYAATDTQYF	TRBV25-1*01	TRBJ2-3	1
CASSEYASYNEQFF	TRBV2*01	TRBJ2-1	1
CASSEYDRSTDTQYF	TRBV12-3*01	TRBJ2-3	1
CASSEYEGVGYEQYF	TRBV6-1*01	TRBJ2-7	1
CASSEYFGGTSAGNTIYF	TRBV25-1*01	TRBJ1-3	1
CASSEYFGQGYGTGELFF	TRBV25-1*01	TRBJ2-2	1
CASSEYFGSTDTQYF	TRBV25-1*01	TRBJ2-3	1
CASSEYFGVEGDTQYF	TRBV25-1*01	TRBJ2-3	1
CASSEYFPQGQWNEQYF	TRBV25-1*01	TRBJ2-7	1
CASSEYFSGDNTGELFF	TRBV25-1*01	TRBJ2-2	1
CASSEYFVMDSNGYTF	TRBV25-1*01	TRBJ1-2	1
CASSEYFYDGRVYGYTF	TRBV25-1*01	TRBJ1-2	1
CASSEYFYRELAGGNEQFF	TRBV25-1*01	TRBJ2-1	1
CASSEYGDNSPLHF	TRBV25-1*01	TRBJ1-6	1
CASSEYGDYNSPLHF	TRBV25-1*01	TRBJ1-6	1
CASSEYGERPYEQYF	TRBV25-1*01	TRBJ2-7	1
CASSEYGGGVAGELFF	TRBV2*01	TRBJ2-2	1
CASSEYGLAGGGETQYF	TRBV25-1*01	TRBJ2-5	1
CASSEYGQGAGSYEQYF	TRBV4-2*01	TRBJ2-7	1
CASSEYGQGASVEKLFF	TRBV2*01	TRBJ1-4	1
CASSEYGSLQPQHF	TRBV25-1*01	TRBJ1-5	1
CASSEYLGHFGNSPLHF	TRBV19*01	TRBJ1-6	1
CASSEYLRDGSYEQYF	TRBV25-1*01	TRBJ2-7	1
CASSEYMRYLFTEYEQYF	TRBV2*01	TRBJ2-7	1
CASSEYNGGRNQPQHF	TRBV6-1*01	TRBJ1-5	1
CASSEYPLQSRPMNTEAFF	TRBV2*01	TRBJ1-1	1
CASSEYPYTDTQYF	TRBV2*01	TRBJ2-3	1
CASSEYRGQPQHF	TRBV6-3*01	TRBJ1-5	1
CASSEYSDSYEQYF	TRBV2*01	TRBJ2-7	1
CASSEYSEIYGYTF	TRBV25-1*01	TRBJ1-2	1
CASSEYSPGLTNYGYTF	TRBV19*01	TRBJ1-2	1
CASSEYSQVYGYTF	TRBV25-1*01	TRBJ1-2	1
CASSEYSTAAGYTF	TRBV25-1*01	TRBJ1-2	1
CASSEYTDTQYF	TRBV9*01	TRBJ2-3	1
CASSEYTGRVSTDTQYF	TRBV25-1*01	TRBJ2-3	1
CASSEYVGVGYEQYF	TRBV6-1*01	TRBJ2-7	1
CASSEYVTQGANFSGANVLTF	TRBV9*01	TRBJ2-6	1
CASSEYWARDRGRGETEAFF	TRBV25-1*01	TRBJ1-1	1
CASSFAAAANTGELFF	TRBV11-2*01	TRBJ2-2	1
CASSFAEDTQYF	TRBV13*01	TRBJ2-3	1
CASSFAFPPRTGAGYTF	TRBV27*01	TRBJ1-2	1
CASSFAGANTEAFF	TRBV27*01	TRBJ1-1	1
CASSFAGGGYEQYF	TRBV27*01	TRBJ2-7	1
CASSFAGLGNEQFF	TRBV19*01	TRBJ2-1	1
CASSFAGQGILYEQYF	TRBV27*01	TRBJ2-7	1
CASSFAGSYEQYF	TRBV27*01	TRBJ2-7	1
CASSFAGTQETQYF	TRBV7-2*01	TRBJ2-5	1
CASSFAGWETQYF	TRBV7-2*01	TRBJ2-5	1
CASSFAGWVNEKLFF	TRBV27*01	TRBJ1-4	2
CASSFAHTDTQYF	TRBV28*01	TRBJ2-3	1
CASSFAKEGISTDTQYF	TRBV27*01	TRBJ2-3	1
CASSFAPGNTIYF	TRBV27*01	TRBJ1-3	1
CASSFARGEDTEAFF	TRBV27*01	TRBJ1-1	1
CASSFARGSGFF	TRBV28*01	TRBJ2-1	1
CASSFARNNYGYTF	TRBV5-4*01	TRBJ1-2	1
CASSFARRVNTEAFF	TRBV5-6*01	TRBJ1-1	1
CASSFASALEQYF	TRBV12-4*01	TRBJ2-7	1
CASSFASGRIPYEQYF	TRBV5-1*01	TRBJ2-7	1
CASSFASGTYNEQFF	TRBV12-4*01	TRBJ2-1	1
CASSFASHNEQFF	TRBV12-3*01	TRBJ2-1	1
CASSFASNTEAFF	TRBV28*01	TRBJ1-1	1
CASSFASSTRSMDTF	TRBV12-3*01	TRBJ1-2	1
CASSFASSYEQYF	TRBV19*01	TRBJ2-7	2
CASSFATGGMGDGTDTQYF	TRBV7-6*01	TRBJ2-3	1
CASSFATGWETQYF	TRBV5-6*01	TRBJ2-5	1
CASSFATSPTDTQYF	TRBV7-9*01	TRBJ2-3	1
CASSFAVAGGPYEQYF	TRBV7-9*01	TRBJ2-7	1
CASSFAVGPSRNNEQFF	TRBV7-2*01	TRBJ2-1	1
CASSFAVSTDTQYF	TRBV7-9*01	TRBJ2-3	4
CASSFAYNEQFF	TRBV11-2*01	TRBJ2-1	1
CASSFDDRDRGSNEQFF	TRBV27*01	TRBJ2-1	1
CASSFDNGTDTQYF	TRBV13*01	TRBJ2-3	1
CASSFDPAGVYEQYF	TRBV7-8*01	TRBJ2-7	1
CASSFDQWEDIQYF	TRBV28*01	TRBJ2-4	1
CASSFDRDEEYF	TRBV7-9*01	TRBJ2-7	1
CASSFDRGGGIGTDTQYF	TRBV12-4*01	TRBJ2-3	1
CASSFDRGTNTEAFF	TRBV6-6*01	TRBJ1-1	1
CASSFDRGVYEQYF	TRBV2*01	TRBJ2-7	1
CASSFDRLAGYTF	TRBV27*01	TRBJ1-2	2
CASSFDRQAHTGELFF	TRBV6-5*01	TRBJ2-2	1
CASSFDRQGGFGETQYF	TRBV7-9*01	TRBJ2-5	1
CASSFDRSQETQYF	TRBV5-1*01	TRBJ2-5	1
CASSFDRVHPGNTIYF	TRBV6-5*01	TRBJ1-3	1
CASSFDRVNTEAFF	TRBV27*01	TRBJ1-1	1
CASSFDRVNTEAFF	TRBV7-9*01	TRBJ1-1	1
CASSFDRYQETQYF	TRBV5-6*01	TRBJ2-5	1
CASSFDSRGDEAFF	TRBV12-4*01	TRBJ1-1	1
CASSFDSSYEQYF	TRBV5-5*01	TRBJ2-7	1
CASSFDTGELFF	TRBV27*01	TRBJ2-2	1
CASSFDTGELFF	TRBV5-4*01	TRBJ2-2	1
CASSFDVAGYEQYF	TRBV7-6*01	TRBJ2-7	1
CASSFEDSGETQYF	TRBV12-3*01	TRBJ2-5	1
CASSFEEETEAFF	TRBV7-2*01	TRBJ1-1	1
CASSFEGAGVITGELFF	TRBV12-4*01	TRBJ2-2	1
CASSFEGAYEQYF	TRBV12-4*01	TRBJ2-7	1
CASSFEGGNEQFF	TRBV5-4*01	TRBJ2-1	1
CASSFEGGYTF	TRBV12-4*01	TRBJ1-2	1
CASSFEGMSRDEQYF	TRBV6-5*01	TRBJ2-7	1
CASSFEGSDYGYTF	TRBV12-3*01	TRBJ1-2	3
CASSFEGTLRETQYF	TRBV27*01	TRBJ2-5	1
CASSFEGYEQYF	TRBV28*01	TRBJ2-7	1
CASSFEKAGETLITDTQYF	TRBV12-3*01	TRBJ2-3	1
CASSFEPGPNYGYTF	TRBV7-9*01	TRBJ1-2	1
CASSFEPRSVGSTGTANEKLFF	TRBV12-3*01	TRBJ1-4	1
CASSFEQGGSYEQYF	TRBV4-2*01	TRBJ2-7	1
CASSFEQGYEQYF	TRBV7-9*01	TRBJ2-7	1
CASSFEQVEEQYF	TRBV11-3*01	TRBJ2-7	1
CASSFESSSYEQYF	TRBV7-9*01	TRBJ2-7	1
CASSFETGGRTQYF	TRBV28*01	TRBJ2-5	1
CASSFETSGGTDTQYF	TRBV5-1*01	TRBJ2-3	1
CASSFETTAGNTDTQYF	TRBV7-2*01	TRBJ2-3	1
CASSFEVGVGGELFF	TRBV5-6*01	TRBJ2-2	1
CASSFEWGANEKLFF	TRBV28*01	TRBJ1-4	1
CASSFFAGGPSEQYF	TRBV7-2*01	TRBJ2-7	1
CASSFFAGRRETQYF	TRBV27*01	TRBJ2-5	1
CASSFFATDTQYF	TRBV27*01	TRBJ2-3	1
CASSFFDEQFF	TRBV27*01	TRBJ2-1	1
CASSFFGAIPGYTEAFF	TRBV6-3*01	TRBJ1-1	1
CASSFFGQGAYEQYF	TRBV12-3*01	TRBJ2-7	1
CASSFFGQGSYEQYF	TRBV5-6*01	TRBJ2-7	1
CASSFFGTHYNSPLHF	TRBV27*01	TRBJ1-6	1
CASSFFLPFLGATFF	TRBV7-9*01	TRBJ1-1	1
CASSFFMGSPLHF	TRBV7-2*01	TRBJ1-6	1
CASSFFPEKLFF	TRBV7-6*01	TRBJ1-4	1
CASSFFPGTDYGYTF	TRBV12-3*01	TRBJ1-2	1
CASSFFRGENEQYF	TRBV28*01	TRBJ2-7	1
CASSFFRGRVRYQTDTQYF	TRBV5-6*01	TRBJ2-3	1
CASSFFRGSTDTQYF	TRBV7-2*01	TRBJ2-3	1
CASSFFRIIGRGGYEQYF	TRBV5-4*01	TRBJ2-7	1
CASSFFSLKKNTEAFF	TRBV28*01	TRBJ1-1	1
CASSFFTGSNQPQHF	TRBV7-8*01	TRBJ1-5	1
CASSFFTRGGEDEQYF	TRBV5-1*01	TRBJ2-7	1
CASSFFTRVGQATDTQYF	TRBV7-9*01	TRBJ2-3	1
CASSFFVGRKNTGELFF	TRBV7-6*01	TRBJ2-2	1
CASSFGAAPYNEQFF	TRBV12-4*01	TRBJ2-1	1
CASSFGAGERQETQYF	TRBV27*01	TRBJ2-5	1
CASSFGAGGPEQYF	TRBV13*01	TRBJ2-7	1
CASSFGAQVRGNTIYF	TRBV12-3*01	TRBJ1-3	1
CASSFGATEQYF	TRBV5-6*01	TRBJ2-7	1
CASSFGAYGYTF	TRBV5-4*01	TRBJ1-2	1
CASSFGAYYGYTF	TRBV27*01	TRBJ1-2	1
CASSFGDGPYEQYF	TRBV6-5*01	TRBJ2-7	1
CASSFGDQGQPQHF	TRBV12-4*01	TRBJ1-5	1
CASSFGDRGRAFF	TRBV7-2*01	TRBJ1-1	1
CASSFGEKLFF	TRBV12-4*01	TRBJ1-4	1
CASSFGESDTEAFF	TRBV12-4*01	TRBJ1-1	1
CASSFGETQYF	TRBV12-4*01	TRBJ2-5	1
CASSFGETQYF	TRBV7-9*01	TRBJ2-5	1
CASSFGFGQPQHF	TRBV6-3*01	TRBJ1-5	1
CASSFGFSYEQYF	TRBV12-3*01	TRBJ2-7	1
CASSFGGADEQYF	TRBV7-3*01	TRBJ2-7	1
CASSFGGAETQYF	TRBV28*01	TRBJ2-5	1
CASSFGGAGATEAFF	TRBV27*01	TRBJ1-1	1
CASSFGGAGETQYF	TRBV7-3*01	TRBJ2-5	1
CASSFGGASNQPQHF	TRBV27*01	TRBJ1-5	1
CASSFGGDQPQHF	TRBV5-1*01	TRBJ1-5	1
CASSFGGDYGYTF	TRBV7-9*01	TRBJ1-2	1
CASSFGGERGQRYTF	TRBV7-9*01	TRBJ1-2	1
CASSFGGETQYF	TRBV7-9*01	TRBJ2-5	1
CASSFGGGAYNEQFF	TRBV12-4*01	TRBJ2-1	1
CASSFGGGETQYF	TRBV27*01	TRBJ2-5	2
CASSFGGGGLEQYF	TRBV7-6*01	TRBJ2-7	1
CASSFGGGSGSAEQFF	TRBV9*01	TRBJ2-1	1
CASSFGGGSYEQYF	TRBV7-2*01	TRBJ2-7	1
CASSFGGGTEAFF	TRBV5-1*01	TRBJ1-1	1
CASSFGGGTGELFF	TRBV27*01	TRBJ2-2	1
CASSFGGGVPFF	TRBV7-6*01	TRBJ1-1	1
CASSFGGGYGYTF	TRBV7-9*01	TRBJ1-2	1
CASSFGGGYTF	TRBV12-4*01	TRBJ1-2	1
CASSFGGIGYTF	TRBV7-6*01	TRBJ1-2	1
CASSFGGLDEQFF	TRBV7-2*01	TRBJ2-1	1
CASSFGGLGANVLTF	TRBV12-3*01	TRBJ2-6	1
CASSFGGLNTEAFF	TRBV7-8*01	TRBJ1-1	1
CASSFGGNEQFF	TRBV7-2*01	TRBJ2-1	1
CASSFGGNTIYF	TRBV5-6*01	TRBJ1-3	1
CASSFGGPLQETQYF	TRBV12-4*01	TRBJ2-5	1
CASSFGGPQETQYF	TRBV7-2*01	TRBJ2-5	3
CASSFGGPRGPLHF	TRBV28*01	TRBJ1-6	1
CASSFGGPTDTQYF	TRBV28*01	TRBJ2-3	1
CASSFGGRAINEQFF	TRBV7-9*01	TRBJ2-1	1
CASSFGGRALPSSYNEQFF	TRBV7-6*01	TRBJ2-1	1
CASSFGGRGLGFSGNTIYF	TRBV27*01	TRBJ1-3	1
CASSFGGRNHNEQFF	TRBV27*01	TRBJ2-1	1
CASSFGGRNTEAFF	TRBV27*01	TRBJ1-1	1
CASSFGGRRTEAFF	TRBV5-6*01	TRBJ1-1	1
CASSFGGRSYEQYF	TRBV5-6*01	TRBJ2-7	1
CASSFGGRYQETQYF	TRBV5-1*01	TRBJ2-5	1
CASSFGGSGRLYNEQFF	TRBV12-4*01	TRBJ2-1	1
CASSFGGSNQPQHF	TRBV28*01	TRBJ1-5	2
CASSFGGSYNEQFF	TRBV27*01	TRBJ2-1	1
CASSFGGSYNEQFF	TRBV5-4*01	TRBJ2-1	1
CASSFGGSYNEQFF	TRBV7-9*01	TRBJ2-1	1
CASSFGGTEAFF	TRBV12-4*01	TRBJ1-1	1
CASSFGGVETQYF	TRBV5-4*01	TRBJ2-5	1
CASSFGGVRETQYF	TRBV28*01	TRBJ2-5	1
CASSFGGYEQYF	TRBV27*01	TRBJ2-7	1
CASSFGHPNSNQPQHF	TRBV7-9*01	TRBJ1-5	1
CASSFGHRDRPERGWHNEQFF	TRBV6-3*01	TRBJ2-1	1
CASSFGHTNTEAFF	TRBV7-9*01	TRBJ1-1	1
CASSFGHYNEQFF	TRBV27*01	TRBJ2-1	1
CASSFGIAKNIQYF	TRBV5-4*01	TRBJ2-4	1
CASSFGIGNEEQYF	TRBV5-4*01	TRBJ2-7	1
CASSFGISYEQYF	TRBV5-1*01	TRBJ2-7	1
CASSFGLAGGGEQFF	TRBV27*01	TRBJ2-1	1
CASSFGLARDTQYF	TRBV27*01	TRBJ2-3	1
CASSFGLASPFEQFF	TRBV12-3*01	TRBJ2-1	1
CASSFGLGAYEQYF	TRBV19*01	TRBJ2-7	1
CASSFGLGGAYNEQFF	TRBV27*01	TRBJ2-1	1
CASSFGLPNTEAFF	TRBV27*01	TRBJ1-1	1
CASSFGLREGRNEQYF	TRBV28*01	TRBJ2-7	1
CASSFGLTYNEQFF	TRBV12-4*01	TRBJ2-1	1
CASSFGMASMVYF	TRBV5-5*01	TRBJ2-3	1
CASSFGMNTEAFF	TRBV12-3*01	TRBJ1-1	1
CASSFGMNTEAFF	TRBV27*01	TRBJ1-1	1
CASSFGNEQFF	TRBV12-4*01	TRBJ2-1	1
CASSFGNEQFF	TRBV5-6*01	TRBJ2-1	1
CASSFGNNEQFF	TRBV7-9*01	TRBJ2-1	1
CASSFGNPEAFF	TRBV12-3*01	TRBJ1-1	1
CASSFGNTEAFF	TRBV27*01	TRBJ1-1	1
CASSFGNTEAFF	TRBV7-9*01	TRBJ1-1	1
CASSFGNTIYF	TRBV9*01	TRBJ1-3	1
CASSFGPEAFF	TRBV5-4*01	TRBJ1-1	1
CASSFGPGQVYGYTF	TRBV12-4*01	TRBJ1-2	1
CASSFGPGSNTEAFF	TRBV13*01	TRBJ1-1	1
CASSFGPPLGRDRGYQETQYF	TRBV11-2*01	TRBJ2-5	1
CASSFGPRYEQYF	TRBV27*01	TRBJ2-7	1
CASSFGPSYEQYF	TRBV27*01	TRBJ2-7	1
CASSFGQAGGPQHF	TRBV12-4*01	TRBJ1-5	1
CASSFGQANYGYTF	TRBV27*01	TRBJ1-2	1
CASSFGQDYGYTF	TRBV27*01	TRBJ1-2	1
CASSFGQGAEKLFF	TRBV27*01	TRBJ1-4	42
CASSFGQGANTEAFF	TRBV5-1*01	TRBJ1-1	4
CASSFGQGAYEQYF	TRBV11-2*01	TRBJ2-7	1
CASSFGQGGEKLFF	TRBV27*01	TRBJ1-4	1
CASSFGQGKNYGYTF	TRBV13*01	TRBJ1-2	1
CASSFGQGLGGYTF	TRBV7-9*01	TRBJ1-2	1
CASSFGQGTGTEAFF	TRBV5-1*01	TRBJ1-1	1
CASSFGQGTSYEQYF	TRBV19*01	TRBJ2-7	1
CASSFGQLHIEYF	TRBV27*01	TRBJ2-7	1
CASSFGQNSNQPQHF	TRBV12-4*01	TRBJ1-5	1
CASSFGQNTEAFF	TRBV11-2*01	TRBJ1-1	1
CASSFGQPQHF	TRBV28*01	TRBJ1-5	1
CASSFGQSNQPQHF	TRBV27*01	TRBJ1-5	1
CASSFGQYTEAFF	TRBV5-1*01	TRBJ1-1	1
CASSFGRDEQYF	TRBV28*01	TRBJ2-7	1
CASSFGRDYGYTF	TRBV27*01	TRBJ1-2	1
CASSFGRGHTGELFF	TRBV6-6*01	TRBJ2-2	1
CASSFGRGNEQYF	TRBV7-2*01	TRBJ2-7	1
CASSFGRLGTYEQYF	TRBV12-3*01	TRBJ2-7	1
CASSFGRLNYEQYF	TRBV5-5*01	TRBJ2-7	1
CASSFGRNYEQYF	TRBV11-2*01	TRBJ2-7	1
CASSFGSADTQYF	TRBV12-4*01	TRBJ2-3	1
CASSFGSGEEGYTF	TRBV5-6*01	TRBJ1-2	5
CASSFGSGLAGGNFYNEQFF	TRBV12-4*01	TRBJ2-1	1
CASSFGSGQETQYF	TRBV12-4*01	TRBJ2-5	1
CASSFGSHEQYF	TRBV6-3*01	TRBJ2-7	1
CASSFGSNQPQHF	TRBV5-1*01	TRBJ1-5	1
CASSFGSYEQYF	TRBV28*01	TRBJ2-7	1
CASSFGSYGYTF	TRBV19*01	TRBJ1-2	1
CASSFGTASTDTQYF	TRBV6-3*01	TRBJ2-3	1
CASSFGTAYNEQFF	TRBV12-3*01	TRBJ2-1	1
CASSFGTDGQETQYF	TRBV7-9*01	TRBJ2-5	1
CASSFGTDLYEQYF	TRBV5-6*01	TRBJ2-7	1
CASSFGTDRSYEQYF	TRBV5-1*01	TRBJ2-7	1
CASSFGTDTQYF	TRBV28*01	TRBJ2-3	1
CASSFGTDTQYF	TRBV7-3*01	TRBJ2-3	1
CASSFGTGAGGELFF	TRBV4-3*01	TRBJ2-2	1
CASSFGTGDYEQYF	TRBV19*01	TRBJ2-7	1
CASSFGTGGNEQFF	TRBV7-2*01	TRBJ2-1	1
CASSFGTGGNQPQHF	TRBV5-8*01	TRBJ1-5	1
CASSFGTGGREQYF	TRBV7-6*01	TRBJ2-7	1
CASSFGTGGYEQYF	TRBV11-2*01	TRBJ2-7	3
CASSFGTGGYEQYF	TRBV12-4*01	TRBJ2-7	1
CASSFGTGHTEAFF	TRBV19*01	TRBJ1-1	1
CASSFGTGNETQYF	TRBV5-6*01	TRBJ2-5	1
CASSFGTGTSEQYF	TRBV11-2*01	TRBJ2-7	1
CASSFGTLNSPLHF	TRBV27*01	TRBJ1-6	1
CASSFGTLNTEAFF	TRBV28*01	TRBJ1-1	1
CASSFGTMNTEAFF	TRBV5-1*01	TRBJ1-1	1
CASSFGTPTTGELFF	TRBV5-4*01	TRBJ2-2	1
CASSFGTQETQYF	TRBV27*01	TRBJ2-5	1
CASSFGTSESEQYF	TRBV7-8*01	TRBJ2-7	1
CASSFGTSGGGTYEQYF	TRBV13*01	TRBJ2-7	1
CASSFGTSGRLDEQFF	TRBV27*01	TRBJ2-1	1
CASSFGTSGYEQYF	TRBV7-2*01	TRBJ2-7	1
CASSFGTSIYEQYF	TRBV7-2*01	TRBJ2-7	1
CASSFGTSPGANVLTF	TRBV18*01	TRBJ2-6	1
CASSFGTSSYEQYF	TRBV7-6*01	TRBJ2-7	1
CASSFGTTDNEQFF	TRBV5-1*01	TRBJ2-1	1
CASSFGVGTESYEQYF	TRBV6-3*01	TRBJ2-7	6
CASSFGVIRAFF	TRBV6-3*01	TRBJ1-1	1
CASSFGVLVNNNEQFF	TRBV12-4*01	TRBJ2-1	1
CASSFGVQETQYF	TRBV7-9*01	TRBJ2-5	1
CASSFGVRVSGANVLTF	TRBV27*01	TRBJ2-6	1
CASSFGVSGRDEQFF	TRBV7-3*01	TRBJ2-1	1
CASSFGVTVHNEKLFF	TRBV7-2*01	TRBJ1-4	1
CASSFGVTYEQYF	TRBV5-6*01	TRBJ2-7	5
CASSFGWGGGPIEQYF	TRBV13*01	TRBJ2-7	1
CASSFGYNEQFF	TRBV5-6*01	TRBJ2-1	1
CASSFHGGELFF	TRBV27*01	TRBJ2-2	2
CASSFHGGGGPDGEQYF	TRBV7-2*01	TRBJ2-7	1
CASSFHGGREEKLFF	TRBV27*01	TRBJ1-4	1
CASSFHREHEQYF	TRBV5-1*01	TRBJ2-7	1
CASSFHRRPFDGYNEQFF	TRBV7-9*01	TRBJ2-1	1
CASSFHSDWGSGMSTDTQYF	TRBV27*01	TRBJ2-3	1
CASSFIAAGNVVDYGYTF	TRBV27*01	TRBJ1-2	1
CASSFIATNEKLFF	TRBV11-2*01	TRBJ1-4	1
CASSFIDRTNTEAFF	TRBV27*01	TRBJ1-1	1
CASSFIGEVLSDTQYF	TRBV12-3*01	TRBJ2-3	1
CASSFIGGGNEQYF	TRBV27*01	TRBJ2-7	1
CASSFIGGSNQPQHF	TRBV7-8*01	TRBJ1-5	1
CASSFIGGSTDTQYF	TRBV7-3*01	TRBJ2-3	1
CASSFIGLTLGASLRLDTQYF	TRBV7-9*01	TRBJ2-3	1
CASSFIGREIYNEQFF	TRBV28*01	TRBJ2-1	1
CASSFIGSSYEQYF	TRBV11-2*01	TRBJ2-7	1
CASSFIGYEQYF	TRBV27*01	TRBJ2-7	1
CASSFILRGHRTDTQYF	TRBV7-8*01	TRBJ2-3	1
CASSFIPAELRYEQYF	TRBV5-1*01	TRBJ2-7	1
CASSFIPRGALQETQYF	TRBV7-9*01	TRBJ2-5	1
CASSFIPRNTEAFF	TRBV27*01	TRBJ1-1	1
CASSFIQGAPSGNTIYF	TRBV7-9*01	TRBJ1-3	1
CASSFIREDSGTANDNEQFF	TRBV7-8*01	TRBJ2-1	1
CASSFISGGRLAPYYGYTF	TRBV12-3*01	TRBJ1-2	4
CASSFITGAGYTF	TRBV12-4*01	TRBJ1-2	1
CASSFITRVGTEAFF	TRBV27*01	TRBJ1-1	1
CASSFKDRGIWTGELFF	TRBV7-2*01	TRBJ2-2	1
CASSFKGLAGGPADTQYF	TRBV28*01	TRBJ2-3	1
CASSFKGPAADTQYF	TRBV27*01	TRBJ2-3	1
CASSFKGPGAKNIQYF	TRBV5-1*01	TRBJ2-4	1
CASSFKHVGRDAKIYGYTF	TRBV7-9*01	TRBJ1-2	1
CASSFKKLDEKLFF	TRBV27*01	TRBJ1-4	1
CASSFKLETGAYQETQYF	TRBV12-3*01	TRBJ2-5	1
CASSFKPTEDNSPLHF	TRBV7-9*01	TRBJ1-6	1
CASSFKPVTATNEKLFF	TRBV5-1*01	TRBJ1-4	1
CASSFKQGAGTGELFF	TRBV11-2*01	TRBJ2-2	1
CASSFKQGRARAFF	TRBV27*01	TRBJ1-1	1
CASSFKQSNTHEQYF	TRBV5-1*01	TRBJ2-7	1
CASSFKRLYGYTF	TRBV27*01	TRBJ1-2	1
CASSFKRYNEQFF	TRBV6-3*01	TRBJ2-1	1
CASSFKSSGNTIYF	TRBV27*01	TRBJ1-3	1
CASSFKTGGWYEQYF	TRBV7-9*01	TRBJ2-7	1
CASSFKTSGTNEQFF	TRBV12-4*01	TRBJ2-1	1
CASSFKVQVGGQYF	TRBV5-6*01	TRBJ2-7	1
CASSFLAENSPLHF	TRBV5-4*01	TRBJ1-6	1
CASSFLAGASGELFF	TRBV5-1*01	TRBJ2-2	1
CASSFLAGEDIQYF	TRBV7-9*01	TRBJ2-4	1
CASSFLAGGFNEQFF	TRBV7-3*01	TRBJ2-1	1
CASSFLAGGNTDTQYF	TRBV7-3*01	TRBJ2-3	1
CASSFLAGGNYEQYF	TRBV13*01	TRBJ2-7	1
CASSFLAGGPTDTQYF	TRBV7-3*01	TRBJ2-3	1
CASSFLAGGPYNEQFF	TRBV28*01	TRBJ2-1	1
CASSFLAGGYGDTQYF	TRBV27*01	TRBJ2-3	16
CASSFLAGGYNEQFF	TRBV7-8*01	TRBJ2-1	13
CASSFLAGGYSQFF	TRBV12-4*01	TRBJ2-1	1
CASSFLAGHSEQFF	TRBV28*01	TRBJ2-1	1
CASSFLDGAYEQYF	TRBV27*01	TRBJ2-7	1
CASSFLDIPYEQYF	TRBV7-9*01	TRBJ2-7	1
CASSFLDRGPNTEAFF	TRBV12-3*01	TRBJ1-1	2
CASSFLDRGPNTEAFF	TRBV12-4*01	TRBJ1-1	1
CASSFLEDGELFF	TRBV28*01	TRBJ2-2	1
CASSFLEDRGFDGYTF	TRBV7-9*01	TRBJ1-2	1
CASSFLEGYNEQFF	TRBV6-3*01	TRBJ2-1	1
CASSFLERGAHNEQFF	TRBV7-8*01	TRBJ2-1	1
CASSFLFHTEAFF	TRBV7-9*01	TRBJ1-1	1
CASSFLGDRDEQYF	TRBV7-9*01	TRBJ2-7	1
CASSFLGDRVTEKLFF	TRBV27*01	TRBJ1-4	1
CASSFLGGEQPQHF	TRBV28*01	TRBJ1-5	1
CASSFLGGTGELFF	TRBV13*01	TRBJ2-2	1
CASSFLGLAENYEQYF	TRBV5-1*01	TRBJ2-7	1
CASSFLGLAGDDYEQYF	TRBV28*01	TRBJ2-7	1
CASSFLGLAGETDTQYF	TRBV28*01	TRBJ2-3	1
CASSFLGLDGSPLHF	TRBV12-4*01	TRBJ1-6	1
CASSFLGPPYNEQFF	TRBV11-1*01	TRBJ2-1	1
CASSFLGPWNTEAFF	TRBV27*01	TRBJ1-1	1
CASSFLGQGNEKLFF	TRBV27*01	TRBJ1-4	1
CASSFLGSRAEAFF	TRBV27*01	TRBJ1-1	1
CASSFLGTSGNTIYF	TRBV7-8*01	TRBJ1-3	1
CASSFLGVNNEQFF	TRBV28*01	TRBJ2-1	1
CASSFLIGELFF	TRBV7-2*01	TRBJ2-2	1
CASSFLIGGNQPQHF	TRBV18*01	TRBJ1-5	8
CASSFLIRGSYGYTF	TRBV12-3*01	TRBJ1-2	1
CASSFLLLSPGLHEQFF	TRBV27*01	TRBJ2-1	1
CASSFLLVPGAGGYTF	TRBV5-6*01	TRBJ1-2	1
CASSFLPEDEQYF	TRBV27*01	TRBJ2-7	1
CASSFLPGAGLHGYTF	TRBV7-9*01	TRBJ1-2	1
CASSFLPGGADGYTF	TRBV27*01	TRBJ1-2	1
CASSFLPLAKETQYF	TRBV11-1*01	TRBJ2-5	1
CASSFLPRAYNEQFF	TRBV28*01	TRBJ2-1	1
CASSFLQGEDTQYF	TRBV4-1*01	TRBJ2-3	1
CASSFLQGIYGYTF	TRBV5-6*01	TRBJ1-2	1
CASSFLQQGTQYF	TRBV5-6*01	TRBJ2-5	1
CASSFLQYYEQYF	TRBV7-9*01	TRBJ2-7	1
CASSFLRAWGADTQYF	TRBV11-2*01	TRBJ2-3	1
CASSFLRDTQYF	TRBV12-4*01	TRBJ2-3	1
CASSFLRQGKAGELFF	TRBV7-3*01	TRBJ2-2	1
CASSFLRQGPYEQYF	TRBV7-9*01	TRBJ2-7	1
CASSFLSDWDGDSGANVLTF	TRBV5-6*01	TRBJ2-6	1
CASSFLSERARGDTQYF	TRBV28*01	TRBJ2-3	1
CASSFLSGTREQYF	TRBV7-9*01	TRBJ2-7	1
CASSFLSNTEAFF	TRBV13*01	TRBJ1-1	1
CASSFLSSYEQYF	TRBV7-9*01	TRBJ2-7	1
CASSFLTGDSHEQYF	TRBV5-4*01	TRBJ2-7	1
CASSFLTGELWAYEQYF	TRBV5-1*01	TRBJ2-7	1
CASSFLTGNTEAFF	TRBV7-6*01	TRBJ1-1	1
CASSFLTQGYQETQYF	TRBV6-3*01	TRBJ2-5	1
CASSFLTSGDISYNEQFF	TRBV27*01	TRBJ2-1	1
CASSFLVAGGRDEQFF	TRBV12-3*01	TRBJ2-1	1
CASSFLVGGREGPRETQYF	TRBV7-2*01	TRBJ2-5	1
CASSFLVGRGQNTGELFF	TRBV6-1*01	TRBJ2-2	1
CASSFLYEQYF	TRBV6-3*01	TRBJ2-7	1
CASSFMADGELFF	TRBV27*01	TRBJ2-2	1
CASSFMAGWQEQYF	TRBV27*01	TRBJ2-7	1
CASSFMGDTGNEQYF	TRBV7-9*01	TRBJ2-7	1
CASSFMGGGGSYNEQFF	TRBV27*01	TRBJ2-1	1
CASSFMGITGDTEKLFF	TRBV28*01	TRBJ1-4	1
CASSFMGTSGGPGDTQYF	TRBV7-3*01	TRBJ2-3	1
CASSFMRQETQYF	TRBV11-2*01	TRBJ2-5	1
CASSFMSTDTQYF	TRBV27*01	TRBJ2-3	1
CASSFMYQSNSPLHF	TRBV7-2*01	TRBJ1-6	3
CASSFNAGGTEAFF	TRBV27*01	TRBJ1-1	1
CASSFNDRGDEQFF	TRBV11-2*01	TRBJ2-1	1
CASSFNEQFF	TRBV7-9*01	TRBJ2-1	1
CASSFNFREHTDTQYF	TRBV4-2*01	TRBJ2-3	1
CASSFNGQEPYNEQFF	TRBV7-6*01	TRBJ2-1	1
CASSFNMGVDTGELFF	TRBV7-2*01	TRBJ2-2	1
CASSFNPDPNQPQHF	TRBV27*01	TRBJ1-5	1
CASSFNPTGDPTDTQYF	TRBV12-3*01	TRBJ2-3	1
CASSFNRDRDNSPLHF	TRBV11-2*01	TRBJ1-6	1
CASSFNRFGEQYF	TRBV11-2*01	TRBJ2-7	1
CASSFNRGFTEAFF	TRBV12-4*01	TRBJ1-1	1
CASSFNRGLNTEAFF	TRBV5-1*01	TRBJ1-1	1
CASSFNRIRDRGGNTEAFF	TRBV13*01	TRBJ1-1	1
CASSFNSLAAYNEQFF	TRBV7-3*01	TRBJ2-1	1
CASSFNTGTGPEKLFF	TRBV7-8*01	TRBJ1-4	1
CASSFPAGGFPGELFF	TRBV27*01	TRBJ2-2	1
CASSFPAYEQYF	TRBV28*01	TRBJ2-7	1
CASSFPDEQFF	TRBV7-9*01	TRBJ2-1	1
CASSFPDGSPLHF	TRBV27*01	TRBJ1-6	1
CASSFPDRGRTEAFF	TRBV7-9*01	TRBJ1-1	1
CASSFPGELFF	TRBV12-3*01	TRBJ2-2	1
CASSFPGFTEAFF	TRBV7-9*01	TRBJ1-1	1
CASSFPGGFYGYTF	TRBV12-3*01	TRBJ1-2	1
CASSFPGGIAFF	TRBV11-3*01	TRBJ1-1	1
CASSFPGGPEAFF	TRBV7-9*01	TRBJ1-1	1
CASSFPGGSDTQYF	TRBV7-9*01	TRBJ2-3	1
CASSFPGLAMETQYF	TRBV11-2*01	TRBJ2-5	4
CASSFPGLDGTGSYEQYF	TRBV5-6*01	TRBJ2-7	1
CASSFPGLNYEQYF	TRBV2*01	TRBJ2-7	1
CASSFPGLYNEQFF	TRBV5-8*01	TRBJ2-1	1
CASSFPGNEQFF	TRBV27*01	TRBJ2-1	1
CASSFPGPTGELFF	TRBV12-4*01	TRBJ2-2	1
CASSFPGQEQFF	TRBV6-3*01	TRBJ2-1	1
CASSFPGQGGTDTQYF	TRBV12-3*01	TRBJ2-3	1
CASSFPGQGNEQYF	TRBV28*01	TRBJ2-7	1
CASSFPGSTNEQFF	TRBV7-2*01	TRBJ2-1	1
CASSFPGTEDYGYTF	TRBV5-8*01	TRBJ1-2	1
CASSFPGTLNIQYF	TRBV11-2*01	TRBJ2-4	1
CASSFPGTPTREDTQYF	TRBV5-1*01	TRBJ2-3	1
CASSFPGTSGIDEQFF	TRBV28*01	TRBJ2-1	1
CASSFPGVETQYF	TRBV11-2*01	TRBJ2-5	1
CASSFPLAGIYTQYF	TRBV7-2*01	TRBJ2-3	1
CASSFPLGGGWADTQYF	TRBV7-2*01	TRBJ2-3	1
CASSFPLLPTSGGPYEQYF	TRBV28*01	TRBJ2-7	1
CASSFPNPSPSHRTGETQYF	TRBV28*01	TRBJ2-5	1
CASSFPPAGGSYNEQFF	TRBV7-6*01	TRBJ2-1	1
CASSFPPAGNSYEQYF	TRBV28*01	TRBJ2-7	1
CASSFPPDLNTGELFF	TRBV28*01	TRBJ2-2	2
CASSFPPGGVTEAFF	TRBV7-9*01	TRBJ1-1	1
CASSFPPQLGAYEQYF	TRBV7-2*01	TRBJ2-7	1
CASSFPQFVTGLPEAFF	TRBV28*01	TRBJ1-1	1
CASSFPRREVNTEAFF	TRBV11-2*01	TRBJ1-1	1
CASSFPRTKNTEAFF	TRBV11-2*01	TRBJ1-1	1
CASSFPRWDSGATQETQYF	TRBV7-9*01	TRBJ2-5	1
CASSFPSDRDYGYTF	TRBV28*01	TRBJ1-2	1
CASSFPSGRHQETQYF	TRBV5-8*01	TRBJ2-5	1
CASSFPSNTEAFF	TRBV7-9*01	TRBJ1-1	1
CASSFPSRDRDGYTF	TRBV7-9*01	TRBJ1-2	1
CASSFPSREGDTEAFF	TRBV12-3*01	TRBJ1-1	1
CASSFPSTTLYF	TRBV12-3*01	TRBJ2-5	1
CASSFPSWGETQYF	TRBV5-6*01	TRBJ2-5	1
CASSFPTGGLRNEQFF	TRBV12-4*01	TRBJ2-1	1
CASSFPTGVAGYTF	TRBV5-6*01	TRBJ1-2	1
CASSFPTSGGDTDTQYF	TRBV7-9*01	TRBJ2-3	1
CASSFPTSGRGLAETQYF	TRBV7-9*01	TRBJ2-5	1
CASSFPTTLYGNQPQHF	TRBV28*01	TRBJ1-5	1
CASSFPWGNTEAFF	TRBV6-3*01	TRBJ1-1	1
CASSFQAYGHLIPSEQYF	TRBV28*01	TRBJ2-7	1
CASSFQGAAEAFF	TRBV19*01	TRBJ1-1	1
CASSFQGADEQFF	TRBV5-4*01	TRBJ2-1	1
CASSFQGAGEQYF	TRBV5-4*01	TRBJ2-7	1
CASSFQGALEQYF	TRBV12-4*01	TRBJ2-7	1
CASSFQGDTQYF	TRBV7-3*01	TRBJ2-3	1
CASSFQGEAGLNEQFF	TRBV7-2*01	TRBJ2-1	1
CASSFQGGDQPQHF	TRBV28*01	TRBJ1-5	1
CASSFQGGITDTQYF	TRBV7-9*01	TRBJ2-3	1
CASSFQGGTEAFF	TRBV7-3*01	TRBJ1-1	1
CASSFQGGYEQYF	TRBV27*01	TRBJ2-7	1
CASSFQGLGYEQYF	TRBV28*01	TRBJ2-7	1
CASSFQGLSYEQYF	TRBV27*01	TRBJ2-7	1
CASSFQGPAEQFF	TRBV11-2*01	TRBJ2-1	1
CASSFQGRYDTEAFF	TRBV27*01	TRBJ1-1	1
CASSFQGSGNTIYF	TRBV28*01	TRBJ1-3	1
CASSFQGSYEQYF	TRBV27*01	TRBJ2-7	1
CASSFQGWELFF	TRBV5-4*01	TRBJ2-2	2
CASSFQLDISGNEQFF	TRBV5-4*01	TRBJ2-1	1
CASSFQLPDTQYF	TRBV7-3*01	TRBJ2-3	1
CASSFQNEQYF	TRBV4-1*01	TRBJ2-7	1
CASSFQPDERGDETQYF	TRBV11-2*01	TRBJ2-5	1
CASSFQPGHHWDYGYTF	TRBV11-2*01	TRBJ1-2	1
CASSFQQETQYF	TRBV7-8*01	TRBJ2-5	1
CASSFQRSSGSSYNEQFF	TRBV5-1*01	TRBJ2-1	1
CASSFQTSTTLEQYF	TRBV6-5*01	TRBJ2-7	1
CASSFQVLQGGNEKLFF	TRBV11-3*01	TRBJ1-4	1
CASSFRAASSDSGANVLTF	TRBV7-8*01	TRBJ2-6	1
CASSFRAGNTIYF	TRBV28*01	TRBJ1-3	1
CASSFRAGVGYEQYF	TRBV27*01	TRBJ2-7	1
CASSFRALSTDTQYF	TRBV28*01	TRBJ2-3	1
CASSFRAPFDSPLHF	TRBV5-6*01	TRBJ1-6	1
CASSFRAYEKLFF	TRBV12-4*01	TRBJ1-4	1
CASSFRDASYNEQFF	TRBV27*01	TRBJ2-1	1
CASSFRDRAF	TRBV28*01	TRBJ2-7	13
CASSFRDRGQIKPYEQYF	TRBV3-1*01	TRBJ2-7	1
CASSFRDSSSYEQYF	TRBV27*01	TRBJ2-7	1
CASSFRDTGELFF	TRBV27*01	TRBJ2-2	1
CASSFRDYPLYNEQFF	TRBV7-9*01	TRBJ2-1	1
CASSFREASPLHF	TRBV27*01	TRBJ1-6	1
CASSFRESTNTGELFF	TRBV5-4*01	TRBJ2-2	1
CASSFRETGGGNEQFF	TRBV27*01	TRBJ2-1	1
CASSFRGDNQPQHF	TRBV5-8*01	TRBJ1-5	2
CASSFRGGAGNTIYF	TRBV7-6*01	TRBJ1-3	1
CASSFRGGIVYNEQFF	TRBV7-8*01	TRBJ2-1	1
CASSFRGGTDTQYF	TRBV7-7*01	TRBJ2-3	1
CASSFRGHHYEQYF	TRBV27*01	TRBJ2-7	1
CASSFRGLTGELFF	TRBV12-3*01	TRBJ2-2	1
CASSFRGQETQYF	TRBV7-9*01	TRBJ2-5	1
CASSFRGQHSNQPQHF	TRBV28*01	TRBJ1-5	1
CASSFRGREGRAEAFF	TRBV27*01	TRBJ1-1	1
CASSFRGRGSSTEAFF	TRBV5-5*01	TRBJ1-1	1
CASSFRGRSNYGYTF	TRBV28*01	TRBJ1-2	1
CASSFRGRSTDTQYF	TRBV5-5*01	TRBJ2-3	1
CASSFRGSSSYEQYF	TRBV5-4*01	TRBJ2-7	1
CASSFRGSYEQYF	TRBV28*01	TRBJ2-7	1
CASSFRGTGELFF	TRBV12-4*01	TRBJ2-2	1
CASSFRGTGGPNYGYTF	TRBV11-2*01	TRBJ1-2	1
CASSFRGTNEKLFF	TRBV28*01	TRBJ1-4	1
CASSFRGTSNQPQHF	TRBV27*01	TRBJ1-5	1
CASSFRGVWDPNTGELFF	TRBV11-2*01	TRBJ2-2	1
CASSFRHTGELFF	TRBV5-5*01	TRBJ2-2	1
CASSFRILGLTEAFF	TRBV7-2*01	TRBJ1-1	1
CASSFRLAANTGELFF	TRBV27*01	TRBJ2-2	1
CASSFRLAGADEQFF	TRBV13*01	TRBJ2-1	1
CASSFRLAGGIAYNEQFF	TRBV7-9*01	TRBJ2-1	1
CASSFRLAGGREQYF	TRBV5-5*01	TRBJ2-7	1
CASSFRLAGTGELFF	TRBV5-6*01	TRBJ2-2	1
CASSFRLARIYEQYF	TRBV18*01	TRBJ2-7	1
CASSFRLAVQETQYF	TRBV5-1*01	TRBJ2-5	1
CASSFRLTNTGELFF	TRBV5-1*01	TRBJ2-2	1
CASSFRLVYYNEQFF	TRBV28*01	TRBJ2-1	1
CASSFRPDTEAFF	TRBV7-3*01	TRBJ1-1	1
CASSFRPDTQYF	TRBV28*01	TRBJ2-3	1
CASSFRPGGHEQYF	TRBV6-5*01	TRBJ2-7	1
CASSFRPRTGRYNEQFF	TRBV9*01	TRBJ2-1	1
CASSFRQVLSSYEQYF	TRBV13*01	TRBJ2-7	1
CASSFRRDGGYGYTF	TRBV5-6*01	TRBJ1-2	1
CASSFRREASFEQFF	TRBV27*01	TRBJ2-1	1
CASSFRRGGKNIQYF	TRBV7-9*01	TRBJ2-4	1
CASSFRRGIAGGGQETQYF	TRBV28*01	TRBJ2-5	1
CASSFRRGREGNYGYTF	TRBV19*01	TRBJ1-2	1
CASSFRRRRDRKAFF	TRBV6-5*01	TRBJ1-1	1
CASSFRSGDGYTF	TRBV7-9*01	TRBJ1-2	1
CASSFRSGYEQYF	TRBV6-6*01	TRBJ2-7	1
CASSFRSSETQYF	TRBV19*01	TRBJ2-5	2
CASSFRSSYEQYF	TRBV19*01	TRBJ2-7	10
CASSFRSSYNEQFF	TRBV7-9*01	TRBJ2-1	1
CASSFRTAQETQYF	TRBV27*01	TRBJ2-5	1
CASSFRTAVGRVTYEQYF	TRBV12-3*01	TRBJ2-7	1
CASSFRTEYSGANVLTF	TRBV19*01	TRBJ2-6	1
CASSFRTGDDNEQFF	TRBV4-1*01	TRBJ2-1	1
CASSFRTGGHEQYF	TRBV13*01	TRBJ2-7	1
CASSFRVDLYMNTEAFF	TRBV4-3*01	TRBJ1-1	1
CASSFRVYNEQFF	TRBV27*01	TRBJ2-1	1
CASSFRYSLYEKLFF	TRBV5-1*01	TRBJ1-4	1
CASSFSAGGDEQYF	TRBV7-6*01	TRBJ2-7	1
CASSFSAGQGTEAFF	TRBV6-5*01	TRBJ1-1	1
CASSFSAHDEQYF	TRBV27*01	TRBJ2-7	2
CASSFSDSQETQYF	TRBV7-9*01	TRBJ2-5	1
CASSFSDSSETQYF	TRBV12-4*01	TRBJ2-5	1
CASSFSDTEAFF	TRBV13*01	TRBJ1-1	1
CASSFSDTGELFF	TRBV7-9*01	TRBJ2-2	1
CASSFSEDIGYTGELFF	TRBV5-1*01	TRBJ2-2	1
CASSFSEGDEKLFF	TRBV28*01	TRBJ1-4	1
CASSFSEGWSGNTIYF	TRBV28*01	TRBJ1-3	1
CASSFSERAFF	TRBV12-4*01	TRBJ1-1	3
CASSFSFNEQFF	TRBV12-4*01	TRBJ2-1	1
CASSFSGANPYNEQFF	TRBV5-1*01	TRBJ2-1	1
CASSFSGANVLTF	TRBV27*01	TRBJ2-6	2
CASSFSGASGGELFF	TRBV27*01	TRBJ2-2	1
CASSFSGATGELFF	TRBV5-4*01	TRBJ2-2	1
CASSFSGELAKNIQYF	TRBV13*01	TRBJ2-4	1
CASSFSGEQFF	TRBV12-4*01	TRBJ2-1	1
CASSFSGERNSPLHF	TRBV6-5*01	TRBJ1-6	1
CASSFSGGAEGDTQYF	TRBV5-1*01	TRBJ2-3	1
CASSFSGGDYEQYF	TRBV7-2*01	TRBJ2-7	1
CASSFSGGGAYNEQFF	TRBV7-3*01	TRBJ2-1	1
CASSFSGGLAGSRTDTQYF	TRBV11-2*01	TRBJ2-3	1
CASSFSGGNEQFF	TRBV19*01	TRBJ2-1	1
CASSFSGGNSPLHF	TRBV7-9*01	TRBJ1-6	1
CASSFSGGSYNEQFF	TRBV27*01	TRBJ2-1	1
CASSFSGGTEAFF	TRBV27*01	TRBJ1-1	1
CASSFSGIETQYF	TRBV27*01	TRBJ2-5	1
CASSFSGIYGYTF	TRBV13*01	TRBJ1-2	1
CASSFSGLAPSYNEQFF	TRBV27*01	TRBJ2-1	1
CASSFSGNEQFF	TRBV5-4*01	TRBJ2-1	1
CASSFSGNQPQHF	TRBV28*01	TRBJ1-5	1
CASSFSGNTGELFF	TRBV12-3*01	TRBJ2-2	41
CASSFSGNTGELFF	TRBV12-4*01	TRBJ2-2	5
CASSFSGNTGELFF	TRBV12-5*01	TRBJ2-2	1
CASSFSGSTQETQYF	TRBV11-2*01	TRBJ2-5	1
CASSFSGTGDNYGYTF	TRBV6-3*01	TRBJ1-2	1
CASSFSGTGEAFF	TRBV11-2*01	TRBJ1-1	1
CASSFSGTGGSEQFF	TRBV6-3*01	TRBJ2-1	1
CASSFSGTNYEQYF	TRBV27*01	TRBJ2-7	1
CASSFSGVEQFF	TRBV7-2*01	TRBJ2-1	1
CASSFSGVETQYF	TRBV7-7*01	TRBJ2-5	1
CASSFSGVRNNEQFF	TRBV5-1*01	TRBJ2-1	1
CASSFSHEQFF	TRBV12-4*01	TRBJ2-1	1
CASSFSIYEQYF	TRBV12-4*01	TRBJ2-7	1
CASSFSKQGPCNQPQHF	TRBV27*01	TRBJ1-5	1
CASSFSLEFTGELFF	TRBV19*01	TRBJ2-2	1
CASSFSLGDSPYEQYF	TRBV12-3*01	TRBJ2-7	1
CASSFSLGGEAYNEQFF	TRBV7-2*01	TRBJ2-1	1
CASSFSLNQPQHF	TRBV27*01	TRBJ1-5	1
CASSFSLSGGYTF	TRBV28*01	TRBJ1-2	1
CASSFSLSYEQYF	TRBV11-2*01	TRBJ2-7	1
CASSFSPDRGTEKLFF	TRBV6-1*01	TRBJ1-4	1
CASSFSPQYF	TRBV12-3*01	TRBJ2-3	1
CASSFSPQYQETQYF	TRBV28*01	TRBJ2-5	1
CASSFSPYEQYF	TRBV7-2*01	TRBJ2-7	1
CASSFSPYNEQFF	TRBV27*01	TRBJ2-1	1
CASSFSQDPQYF	TRBV7-9*01	TRBJ2-3	12
CASSFSQGHGYTF	TRBV5-8*01	TRBJ1-2	1
CASSFSQPGNTIYF	TRBV5-1*01	TRBJ1-3	1
CASSFSRESSGYTF	TRBV27*01	TRBJ1-2	1
CASSFSRNTEAFF	TRBV12-4*01	TRBJ1-1	1
CASSFSRNYEQYF	TRBV27*01	TRBJ2-7	1
CASSFSRRYQETQYF	TRBV28*01	TRBJ2-5	1
CASSFSRVGRVNTEAFF	TRBV28*01	TRBJ1-1	1
CASSFSSAGGYNEQFF	TRBV27*01	TRBJ2-1	1
CASSFSSERTDTQYF	TRBV27*01	TRBJ2-3	1
CASSFSSGGAYEQYF	TRBV27*01	TRBJ2-7	1
CASSFSSNNEQFF	TRBV27*01	TRBJ2-1	1
CASSFSSPRTDTQYF	TRBV7-2*01	TRBJ2-3	1
CASSFSSSAPGGEQFF	TRBV28*01	TRBJ2-1	1
CASSFSSVTPYEQYF	TRBV7-9*01	TRBJ2-7	1
CASSFSSYDNTGELFF	TRBV27*01	TRBJ2-2	1
CASSFSTGGPVNTEAFF	TRBV27*01	TRBJ1-1	1
CASSFSTGRTYEQYF	TRBV19*01	TRBJ2-7	1
CASSFSTLTGAVLNTEAFF	TRBV7-9*01	TRBJ1-1	1
CASSFSTNYGYTF	TRBV12-3*01	TRBJ1-2	1
CASSFSTSGANVLTF	TRBV6-3*01	TRBJ2-6	1
CASSFSTSGQETQYF	TRBV5-6*01	TRBJ2-5	1
CASSFSTSNTEAFF	TRBV27*01	TRBJ1-1	1
CASSFSVGSSYEQYF	TRBV5-4*01	TRBJ2-7	1
CASSFSVVRETLPEQYF	TRBV7-8*01	TRBJ2-7	1
CASSFSWTGSDSPLHF	TRBV28*01	TRBJ1-6	1
CASSFSWTYGYTF	TRBV5-1*01	TRBJ1-2	1
CASSFSYEQYF	TRBV28*01	TRBJ2-7	1
CASSFSYEQYF	TRBV5-6*01	TRBJ2-7	2
CASSFSYEQYF	TRBV6-3*01	TRBJ2-7	1
CASSFSYQGPYMFF	TRBV7-9*01	TRBJ2-1	1
CASSFTAENTEAFF	TRBV27*01	TRBJ1-1	1
CASSFTAGSANTGELFF	TRBV5-1*01	TRBJ2-2	1
CASSFTDTKHGYTF	TRBV7-9*01	TRBJ1-2	1
CASSFTDTQYF	TRBV12-4*01	TRBJ2-3	1
CASSFTDTQYF	TRBV5-6*01	TRBJ2-3	1
CASSFTEKLFF	TRBV7-9*01	TRBJ1-4	1
CASSFTEYSGNTIYF	TRBV11-1*01	TRBJ1-3	1
CASSFTEYSTDTQYF	TRBV28*01	TRBJ2-3	1
CASSFTEYTDTQYF	TRBV5-1*01	TRBJ2-3	2
CASSFTGAEQFF	TRBV5-4*01	TRBJ2-1	1
CASSFTGAETQYF	TRBV5-6*01	TRBJ2-5	1
CASSFTGAGNEQFF	TRBV27*01	TRBJ2-1	1
CASSFTGGAYNSPLHF	TRBV27*01	TRBJ1-6	1
CASSFTGGKADTQYF	TRBV12-3*01	TRBJ2-3	1
CASSFTGGKASHEQFF	TRBV7-9*01	TRBJ2-1	1
CASSFTGGLQTDTQYF	TRBV5-1*01	TRBJ2-3	1
CASSFTGITEAFF	TRBV5-1*01	TRBJ1-1	1
CASSFTGLAGQETQYF	TRBV6-3*01	TRBJ2-5	1
CASSFTGLGTGDRGLTGELFF	TRBV28*01	TRBJ2-2	1
CASSFTGNTIYF	TRBV7-9*01	TRBJ1-3	1
CASSFTGPNTGELFF	TRBV27*01	TRBJ2-2	1
CASSFTGPSDSPLHF	TRBV6-6*01	TRBJ1-6	1
CASSFTGRNQPQHF	TRBV12-4*01	TRBJ1-5	1
CASSFTGTDPYEQYF	TRBV27*01	TRBJ2-7	1
CASSFTGTGELFF	TRBV7-9*01	TRBJ2-2	1
CASSFTGTGNQPQHF	TRBV5-6*01	TRBJ1-5	1
CASSFTGTQPQHF	TRBV6-5*01	TRBJ1-5	1
CASSFTLAAYSNQPQHF	TRBV7-8*01	TRBJ1-5	1
CASSFTLEYNEQFF	TRBV5-6*01	TRBJ2-1	1
CASSFTMGEAYEQYF	TRBV12-4*01	TRBJ2-7	1
CASSFTMVGQKNTEAFF	TRBV7-9*01	TRBJ1-1	1
CASSFTNTEAFF	TRBV11-2*01	TRBJ1-1	1
CASSFTQEAYEQYF	TRBV27*01	TRBJ2-7	1
CASSFTRAGLLAKNIQYF	TRBV6-5*01	TRBJ2-4	1
CASSFTRGLKEQYF	TRBV27*01	TRBJ2-7	1
CASSFTSGGGLFDEQFF	TRBV28*01	TRBJ2-1	1
CASSFTSSYEQYF	TRBV27*01	TRBJ2-7	2
CASSFTTANTEAFF	TRBV7-2*01	TRBJ1-1	1
CASSFTYRDTQYF	TRBV28*01	TRBJ2-3	1
CASSFVAGTSTDTQYF	TRBV27*01	TRBJ2-3	1
CASSFVAVMNTEAFF	TRBV12-4*01	TRBJ1-1	1
CASSFVDQPQHF	TRBV12-4*01	TRBJ1-5	1
CASSFVDRAETQYF	TRBV7-9*01	TRBJ2-5	1
CASSFVESEQYF	TRBV7-6*01	TRBJ2-7	1
CASSFVGDNEQFF	TRBV5-8*01	TRBJ2-1	1
CASSFVGFNQPQHF	TRBV28*01	TRBJ1-5	1
CASSFVGGGTGAGELFF	TRBV7-2*01	TRBJ2-2	1
CASSFVGNNEQFF	TRBV7-2*01	TRBJ2-1	1
CASSFVGPSTDTQYF	TRBV27*01	TRBJ2-3	1
CASSFVGSEKLFF	TRBV5-4*01	TRBJ1-4	1
CASSFVGTNEKLFF	TRBV5-6*01	TRBJ1-4	1
CASSFVGTTNTEAFF	TRBV27*01	TRBJ1-1	1
CASSFVGTYGYTF	TRBV12-3*01	TRBJ1-2	1
CASSFVHPNQPQHF	TRBV28*01	TRBJ1-5	1
CASSFVPNYGYTF	TRBV7-9*01	TRBJ1-2	1
CASSFVRGGPWETQYF	TRBV7-2*01	TRBJ2-5	1
CASSFVRTFCFF	TRBV12-4*01	TRBJ2-1	1
CASSFVRTGGNEQFF	TRBV7-9*01	TRBJ2-1	1
CASSFVSGEYEQYF	TRBV28*01	TRBJ2-7	1
CASSFVSSEQYF	TRBV5-6*01	TRBJ2-7	1
CASSFVTAGFYEQYF	TRBV11-2*01	TRBJ2-7	1
CASSFVVQETQYF	TRBV12-4*01	TRBJ2-5	1
CASSFVVSDTQYF	TRBV7-9*01	TRBJ2-3	1
CASSFWDRGNTGELFF	TRBV7-3*01	TRBJ2-2	1
CASSFWGANTGELFF	TRBV12-4*01	TRBJ2-2	1
CASSFWGGPQETQYF	TRBV5-1*01	TRBJ2-5	1
CASSFWGGTTYGYTF	TRBV5-1*01	TRBJ1-2	1
CASSFWGRTGELFF	TRBV5-6*01	TRBJ2-2	1
CASSFWGRTNEKLFF	TRBV27*01	TRBJ1-4	1
CASSFWNRARRDTQYF	TRBV13*01	TRBJ2-3	1
CASSFWPDRVSANVLTF	TRBV5-4*01	TRBJ2-6	1
CASSFWPGPNQPQHF	TRBV11-2*01	TRBJ1-5	1
CASSFWPGRNLLWGYTF	TRBV12-4*01	TRBJ1-2	3
CASSFWRERGYPVGYNEQFF	TRBV12-4*01	TRBJ2-1	1
CASSFWSEVGNEQFF	TRBV5-4*01	TRBJ2-1	1
CASSFWSYNEQFF	TRBV7-6*01	TRBJ2-1	1
CASSFWTGNTEAFF	TRBV7-9*01	TRBJ1-1	1
CASSFWTSGKKPVYEQYF	TRBV12-4*01	TRBJ2-7	1
CASSFWVGETQYF	TRBV5-4*01	TRBJ2-5	1
CASSFWVGGLIKDTEAFF	TRBV7-2*01	TRBJ1-1	1
CASSFWWEGQPQHF	TRBV7-3*01	TRBJ1-5	1
CASSFYFEGGKWSITDTQYF	TRBV28*01	TRBJ2-3	1
CASSFYFKEEYNEQFF	TRBV19*01	TRBJ2-1	1
CASSFYGDLGYGYTF	TRBV11-2*01	TRBJ1-2	1
CASSFYGQGVETQYF	TRBV11-2*01	TRBJ2-5	1
CASSFYGTAAPGNEQFF	TRBV6-3*01	TRBJ2-1	1
CASSFYHPRDTLPYF	TRBV5-1*01	TRBJ2-1	1
CASSFYIREGSYEQYF	TRBV5-6*01	TRBJ2-7	1
CASSFYKGSNEQFF	TRBV28*01	TRBJ2-1	1
CASSFYLGETQYF	TRBV11-3*01	TRBJ2-5	1
CASSFYLNTEAFF	TRBV11-2*01	TRBJ1-1	1
CASSFYPDRDGSYEQYF	TRBV27*01	TRBJ2-7	1
CASSFYPGQDYGYTF	TRBV7-3*01	TRBJ1-2	1
CASSFYRDGDHQPQHF	TRBV5-6*01	TRBJ1-5	19
CASSFYREIYEQYF	TRBV28*01	TRBJ2-7	1
CASSFYRGKETQYF	TRBV7-2*01	TRBJ2-5	1
CASSFYRGRGLHNEQFF	TRBV6-3*01	TRBJ2-1	1
CASSFYSGGDTQYF	TRBV5-4*01	TRBJ2-3	1
CASSFYSVDTEAFF	TRBV12-3*01	TRBJ1-1	1
CASSFYTPQETQYF	TRBV11-2*01	TRBJ2-5	1
CASSFYVGGPYEQYF	TRBV27*01	TRBJ2-7	1
CASSFYVGVNTDTQYF	TRBV7-2*01	TRBJ2-3	1
CASSFYWNNEQFF	TRBV11-3*01	TRBJ2-1	1
CASSGAAVSSGNTIYF	TRBV7-9*01	TRBJ1-3	1
CASSGADRGHYGYTF	TRBV6-1*01	TRBJ1-2	1
CASSGAGAEAFF	TRBV2*01	TRBJ1-1	1
CASSGAGESHLKQYF	TRBV6-3*01	TRBJ2-7	1
CASSGAGGPQNIQYF	TRBV9*01	TRBJ2-4	1
CASSGAGLVDEQFF	TRBV9*01	TRBJ2-1	1
CASSGAGQENNSPLHF	TRBV9*01	TRBJ1-6	1
CASSGAGSENYEQYF	TRBV9*01	TRBJ2-7	1
CASSGAGTTEQFF	TRBV9*01	TRBJ2-1	1
CASSGAGYTF	TRBV2*01	TRBJ1-2	1
CASSGAHEQYF	TRBV7-9*01	TRBJ2-7	1
CASSGALDGGNNEQFF	TRBV9*01	TRBJ2-1	1
CASSGALVTEAFF	TRBV12-4*01	TRBJ1-1	1
CASSGAPTDTQYF	TRBV15*01	TRBJ2-3	1
CASSGARSSYNEQFF	TRBV5-5*01	TRBJ2-1	7
CASSGASAVSPYEQYF	TRBV7-9*01	TRBJ2-7	1
CASSGASGVNSPLHF	TRBV9*01	TRBJ1-6	1
CASSGAVGPEKLFF	TRBV6-5*01	TRBJ1-4	1
CASSGAVITDTQYF	TRBV2*01	TRBJ2-3	1
CASSGAVPTYEQYF	TRBV7-8*01	TRBJ2-7	1
CASSGDDYGGQPQHF	TRBV9*01	TRBJ1-5	1
CASSGDGAYEQYF	TRBV5-1*01	TRBJ2-7	1
CASSGDGDRTDTQYF	TRBV9*01	TRBJ2-3	1
CASSGDGRLLHF	TRBV5-1*01	TRBJ1-6	1
CASSGDGWSKNEQYF	TRBV27*01	TRBJ2-7	1
CASSGDGYNEQFF	TRBV5-1*01	TRBJ2-1	1
CASSGDGYTF	TRBV19*01	TRBJ1-2	1
CASSGDHDTEAFF	TRBV6-5*01	TRBJ1-1	1
CASSGDKGEGYTF	TRBV5-4*01	TRBJ1-2	1
CASSGDPGQVPYEQYF	TRBV9*01	TRBJ2-7	1
CASSGDRDSYNEQFF	TRBV12-3*01	TRBJ2-1	1
CASSGDRDYGYTF	TRBV4-1*01	TRBJ1-2	1
CASSGDRLAGASYNEQFF	TRBV10-2*01	TRBJ2-1	1
CASSGDRVDGYTF	TRBV28*01	TRBJ1-2	1
CASSGDSSGNTIYF	TRBV13*01	TRBJ1-3	1
CASSGDWGGYNEQFF	TRBV9*01	TRBJ2-1	1
CASSGEGGNYGYTF	TRBV9*01	TRBJ1-2	1
CASSGEGLSTDTQYF	TRBV9*01	TRBJ2-3	1
CASSGEGPVGRSTDTQYF	TRBV10-1*01	TRBJ2-3	1
CASSGEGVNEQFF	TRBV7-9*01	TRBJ2-1	2
CASSGEIKHTDTQYF	TRBV28*01	TRBJ2-3	1
CASSGEQSSYNEQFF	TRBV2*01	TRBJ2-1	1
CASSGESSYEQYF	TRBV2*01	TRBJ2-7	2
CASSGEWDPFGYYEQYF	TRBV6-3*01	TRBJ2-7	1
CASSGFAGATGANVLTF	TRBV4-2*01	TRBJ2-6	1
CASSGFHGGELFF	TRBV6-1*01	TRBJ2-2	1
CASSGFRGGKNEQFF	TRBV6-1*01	TRBJ2-1	2
CASSGFWRGVTYEQYF	TRBV25-1*01	TRBJ2-7	1
CASSGGAATYTGELFF	TRBV28*01	TRBJ2-2	1
CASSGGAGDTQYF	TRBV9*01	TRBJ2-3	1
CASSGGANSGNTIYF	TRBV2*01	TRBJ1-3	1
CASSGGAQSSYEQYF	TRBV4-1*01	TRBJ2-7	1
CASSGGASGIYNEQFF	TRBV5-5*01	TRBJ2-1	1
CASSGGDGHPYEQYF	TRBV11-3*01	TRBJ2-7	1
CASSGGDGYTF	TRBV9*01	TRBJ1-2	1
CASSGGDREWGEQYF	TRBV6-1*01	TRBJ2-7	1
CASSGGDRQLNEQFF	TRBV12-3*01	TRBJ2-1	4
CASSGGDSASYEQYF	TRBV30*01	TRBJ2-7	1
CASSGGDSNTEAFF	TRBV9*01	TRBJ1-1	1
CASSGGEPYEQYF	TRBV19*01	TRBJ2-7	1
CASSGGEQFF	TRBV3-1*01	TRBJ2-1	1
CASSGGESEQYF	TRBV5-1*01	TRBJ2-7	1
CASSGGFQGETQYF	TRBV9*01	TRBJ2-5	1
CASSGGGASTDTQYF	TRBV11-2*01	TRBJ2-3	1
CASSGGGDQPQHF	TRBV6-5*01	TRBJ1-5	1
CASSGGGEQYF	TRBV5-4*01	TRBJ2-7	1
CASSGGGETQYF	TRBV9*01	TRBJ2-5	1
CASSGGGGAGEKLFF	TRBV5-4*01	TRBJ1-4	1
CASSGGGGGFEVEQYF	TRBV7-2*01	TRBJ2-7	1
CASSGGGGRSTGELFF	TRBV9*01	TRBJ2-2	1
CASSGGGLAYNEQFF	TRBV9*01	TRBJ2-1	1
CASSGGGLNEKLFF	TRBV25-1*01	TRBJ1-4	1
CASSGGGPTDTQYF	TRBV27*01	TRBJ2-3	1
CASSGGGSWTDTQYF	TRBV27*01	TRBJ2-3	1
CASSGGGTARLWETQYF	TRBV27*01	TRBJ2-5	1
CASSGGGTEAFF	TRBV27*01	TRBJ1-1	1
CASSGGGYTF	TRBV9*01	TRBJ1-2	1
CASSGGIGLEYEQYF	TRBV9*01	TRBJ2-7	1
CASSGGITGEETQYF	TRBV5-5*01	TRBJ2-5	1
CASSGGKNTEAFF	TRBV25-1*01	TRBJ1-1	1
CASSGGLAGAPYEQYF	TRBV12-3*01	TRBJ2-7	1
CASSGGLAGGSGYEQYF	TRBV12-4*01	TRBJ2-7	1
CASSGGLAGPYEQYF	TRBV6-1*01	TRBJ2-7	1
CASSGGLAPPYEQYF	TRBV7-9*01	TRBJ2-7	1
CASSGGLGSNEQFF	TRBV6-1*01	TRBJ2-1	1
CASSGGNSYEQYF	TRBV9*01	TRBJ2-7	1
CASSGGPGLADHNEQFF	TRBV6-5*01	TRBJ2-1	1
CASSGGPISGNTIYF	TRBV4-1*01	TRBJ1-3	1
CASSGGPRLAGNEQFF	TRBV7-9*01	TRBJ2-1	1
CASSGGPSGRDYNEQFF	TRBV28*01	TRBJ2-1	1
CASSGGQASGYTF	TRBV27*01	TRBJ1-2	1
CASSGGQDLLEAFF	TRBV12-3*01	TRBJ1-1	1
CASSGGQDLSYEQYF	TRBV7-9*01	TRBJ2-7	1
CASSGGQGASEQYF	TRBV4-1*01	TRBJ2-7	1
CASSGGQGATGELFF	TRBV5-4*01	TRBJ2-2	1
CASSGGQGGPNTEAFF	TRBV5-6*01	TRBJ1-1	1
CASSGGQGGSPLHF	TRBV2*01	TRBJ1-6	1
CASSGGQGGSPLHF	TRBV9*01	TRBJ1-6	1
CASSGGQGLYEQYF	TRBV6-1*01	TRBJ2-7	1
CASSGGQGPGNTIYF	TRBV9*01	TRBJ1-3	1
CASSGGQGSHEQYF	TRBV12-4*01	TRBJ2-7	1
CASSGGQGSNQPQHF	TRBV5-5*01	TRBJ1-5	1
CASSGGQVLETQYF	TRBV5-8*01	TRBJ2-5	2
CASSGGRGPDEQYF	TRBV9*01	TRBJ2-7	1
CASSGGRGVNEQFF	TRBV6-1*01	TRBJ2-1	1
CASSGGRVSGNTIYF	TRBV2*01	TRBJ1-3	1
CASSGGSDTGELFF	TRBV11-2*01	TRBJ2-2	1
CASSGGSGLRANEQYF	TRBV9*01	TRBJ2-7	1
CASSGGSISTDTQYF	TRBV5-1*01	TRBJ2-3	1
CASSGGSTDTQYF	TRBV12-4*01	TRBJ2-3	1
CASSGGSTDTQYF	TRBV4-1*01	TRBJ2-3	1
CASSGGTDDLETQYF	TRBV2*01	TRBJ2-5	1
CASSGGTDGNTIYF	TRBV7-8*01	TRBJ1-3	1
CASSGGTDYNEQFF	TRBV6-4*01	TRBJ2-1	1
CASSGGTGGTEAFF	TRBV9*01	TRBJ1-1	1
CASSGGTGGTSGSLREQFF	TRBV13*01	TRBJ2-1	1
CASSGGTGPRYGYTF	TRBV9*01	TRBJ1-2	1
CASSGGTGSYEQYF	TRBV9*01	TRBJ2-7	1
CASSGGTNYGYTF	TRBV12-4*01	TRBJ1-2	1
CASSGGTSGDEQFF	TRBV9*01	TRBJ2-1	1
CASSGGTSGYNEQFF	TRBV5-6*01	TRBJ2-1	1
CASSGGTTDADTQYF	TRBV11-3*01	TRBJ2-3	1
CASSGGVDKNYGYTF	TRBV9*01	TRBJ1-2	1
CASSGGVTGELFF	TRBV9*01	TRBJ2-2	1
CASSGGVVNQPQHF	TRBV10-2*01	TRBJ1-5	1
CASSGGVVTPETQYF	TRBV19*01	TRBJ2-5	1
CASSGGWGAGNEQFF	TRBV5-4*01	TRBJ2-1	1
CASSGGYNSPLHF	TRBV9*01	TRBJ1-6	1
CASSGGYRAQNTEAFF	TRBV9*01	TRBJ1-1	1
CASSGHNEQFF	TRBV9*01	TRBJ2-1	1
CASSGIAANTGELFF	TRBV28*01	TRBJ2-2	1
CASSGIAGGPDTQYF	TRBV9*01	TRBJ2-3	1
CASSGILGLAGASDTQYF	TRBV2*01	TRBJ2-3	1
CASSGILGNEQFF	TRBV27*01	TRBJ2-1	1
CASSGISGGDQETQYF	TRBV5-6*01	TRBJ2-5	1
CASSGIWDFTDTQYF	TRBV5-5*01	TRBJ2-3	1
CASSGKDSFYEQYF	TRBV25-1*01	TRBJ2-7	1
CASSGKGPETQYF	TRBV27*01	TRBJ2-5	1
CASSGLAGESSYNEQFF	TRBV2*01	TRBJ2-1	1
CASSGLAGGQETQYF	TRBV5-1*01	TRBJ2-5	1
CASSGLAGLFVTLGDTQYF	TRBV6-1*01	TRBJ2-3	1
CASSGLAGLNEQFF	TRBV19*01	TRBJ2-1	17
CASSGLAGSSSGANVLTF	TRBV6-5*01	TRBJ2-6	1
CASSGLAGVPDTQYF	TRBV19*01	TRBJ2-3	1
CASSGLAGVTDTQYF	TRBV28*01	TRBJ2-3	1
CASSGLASTGELFF	TRBV28*01	TRBJ2-2	1
CASSGLGARETEQFF	TRBV2*01	TRBJ2-1	4
CASSGLGEGNTEAFF	TRBV5-1*01	TRBJ1-1	1
CASSGLGERGTGGYEQYF	TRBV9*01	TRBJ2-7	1
CASSGLGQENYGYTF	TRBV2*01	TRBJ1-2	1
CASSGLGQGGTDTQYF	TRBV9*01	TRBJ2-3	1
CASSGLIYNEQFF	TRBV9*01	TRBJ2-1	1
CASSGLLTDTQYF	TRBV6-3*01	TRBJ2-3	1
CASSGLNEQFF	TRBV6-5*01	TRBJ2-1	1
CASSGLQNIQYF	TRBV5-1*01	TRBJ2-4	1
CASSGLRGEETQYF	TRBV9*01	TRBJ2-5	1
CASSGLRWDRELETQYF	TRBV6-1*01	TRBJ2-5	1
CASSGLSGMEQYF	TRBV9*01	TRBJ2-7	1
CASSGLTSGNTDTQYF	TRBV5-5*01	TRBJ2-3	1
CASSGLVDTQYF	TRBV27*01	TRBJ2-3	1
CASSGLVVGQETQYF	TRBV2*01	TRBJ2-5	1
CASSGLVVTNEKLFF	TRBV5-6*01	TRBJ1-4	1
CASSGMGSGSSEQYF	TRBV7-2*01	TRBJ2-7	1
CASSGMTGNTEAFF	TRBV9*01	TRBJ1-1	1
CASSGNEQYF	TRBV9*01	TRBJ2-7	1
CASSGNGDRVDSGANVLTF	TRBV28*01	TRBJ2-6	1
CASSGNNEQFF	TRBV27*01	TRBJ2-1	1
CASSGNPDRLQTYEQYF	TRBV3-1*01	TRBJ2-7	1
CASSGNQYF	TRBV2*01	TRBJ2-5	1
CASSGNRGGLAKNIQYF	TRBV5-6*01	TRBJ2-4	1
CASSGNSGSNYNEQFF	TRBV9*01	TRBJ2-1	1
CASSGNTQYF	TRBV2*01	TRBJ2-3	1
CASSGPDGPPYEQYF	TRBV9*01	TRBJ2-7	1
CASSGPEETQYF	TRBV5-1*01	TRBJ2-5	7
CASSGPGGVDEQYF	TRBV5-5*01	TRBJ2-7	3
CASSGPGPSESTDTQYF	TRBV10-1*01	TRBJ2-3	1
CASSGPGQLSTDTEAFF	TRBV9*01	TRBJ1-1	1
CASSGPGTRGAGELFF	TRBV5-5*01	TRBJ2-2	1
CASSGPGWTEAFF	TRBV19*01	TRBJ1-1	1
CASSGPLAGGRETQYF	TRBV9*01	TRBJ2-5	1
CASSGPLGGDF	TRBV9*01	TRBJ2-7	1
CASSGPNQPQHF	TRBV2*01	TRBJ1-5	1
CASSGPQGIDTQYF	TRBV7-9*01	TRBJ2-3	1
CASSGPRDGRNQPQHF	TRBV7-7*01	TRBJ1-5	1
CASSGPRDPYEQYF	TRBV9*01	TRBJ2-7	1
CASSGPRGSSYNEQFF	TRBV7-9*01	TRBJ2-1	1
CASSGPRQGQKTHPTWEQYF	TRBV2*01	TRBJ2-7	2
CASSGPRRETQYF	TRBV28*01	TRBJ2-5	1
CASSGPTGELFF	TRBV9*01	TRBJ2-2	1
CASSGPTNYGYTF	TRBV13*01	TRBJ1-2	1
CASSGPTVIMNTEAFF	TRBV28*01	TRBJ1-1	1
CASSGQGAIRPYGYTF	TRBV12-3*01	TRBJ1-2	1
CASSGQGANTEAFF	TRBV9*01	TRBJ1-1	1
CASSGQGARAFF	TRBV27*01	TRBJ1-1	1
CASSGQGAYGYTF	TRBV25-1*01	TRBJ1-2	1
CASSGQGGDEQFF	TRBV2*01	TRBJ2-1	1
CASSGQGGSYEQYF	TRBV7-9*01	TRBJ2-7	1
CASSGQGPETQYF	TRBV12-3*01	TRBJ2-5	1
CASSGQGTETQYF	TRBV6-3*01	TRBJ2-5	1
CASSGQGTHNEQFF	TRBV13*01	TRBJ2-1	1
CASSGQGYEQYF	TRBV7-2*01	TRBJ2-7	1
CASSGQLGESYEQYF	TRBV4-1*01	TRBJ2-7	1
CASSGQNEKLFF	TRBV6-3*01	TRBJ1-4	1
CASSGQNGGNEQFF	TRBV9*01	TRBJ2-1	1
CASSGQNNEQFF	TRBV6-6*01	TRBJ2-1	1
CASSGQPHLTNEKLFF	TRBV19*01	TRBJ1-4	1
CASSGQSGYTF	TRBV27*01	TRBJ1-2	1
CASSGQTGELDYGYTF	TRBV5-1*01	TRBJ1-2	1
CASSGQTGGDYGYTF	TRBV9*01	TRBJ1-2	1
CASSGQVKAGNTIYF	TRBV2*01	TRBJ1-3	1
CASSGQVYSNQPQHF	TRBV6-1*01	TRBJ1-5	1
CASSGRAGTGVQFF	TRBV27*01	TRBJ2-1	1
CASSGRDLTDTQYF	TRBV9*01	TRBJ2-3	1
CASSGRDRAGGTEAFF	TRBV9*01	TRBJ1-1	1
CASSGRDSFLIF	TRBV9*01	TRBJ2-1	1
CASSGRDSVFYYNEQFF	TRBV9*01	TRBJ2-1	1
CASSGRDWENTEAFF	TRBV19*01	TRBJ1-1	1
CASSGRELAGYNEQFF	TRBV28*01	TRBJ2-1	1
CASSGRGDTQYF	TRBV7-9*01	TRBJ2-3	1
CASSGRGGDNQPQHF	TRBV2*01	TRBJ1-5	1
CASSGRGGGSSYEQYF	TRBV7-8*01	TRBJ2-7	1
CASSGRGLDNEQFF	TRBV9*01	TRBJ2-1	1
CASSGRGMGPFF	TRBV25-1*01	TRBJ1-1	1
CASSGRGNTEAFF	TRBV7-9*01	TRBJ1-1	1
CASSGRGQGLPGELFF	TRBV27*01	TRBJ2-2	1
CASSGRGYGYTF	TRBV7-9*01	TRBJ1-2	1
CASSGRHPGLAGGNNEQFF	TRBV6-3*01	TRBJ2-1	1
CASSGRHVDTKDTQYF	TRBV14*01	TRBJ2-3	13
CASSGRKGPDTQYF	TRBV9*01	TRBJ2-3	1
CASSGRLFTDTQYF	TRBV19*01	TRBJ2-3	1
CASSGRNWDSTDTQYF	TRBV9*01	TRBJ2-3	1
CASSGRQGEETQYF	TRBV6-4*01	TRBJ2-5	1
CASSGRQGREQYF	TRBV7-9*01	TRBJ2-7	1
CASSGRQYSSYNEQFF	TRBV10-1*01	TRBJ2-1	1
CASSGRSGETQYF	TRBV19*01	TRBJ2-5	7
CASSGRSGGEQYF	TRBV10-3*01	TRBJ2-7	1
CASSGRSGYEQYF	TRBV19*01	TRBJ2-7	1
CASSGRSQETQYF	TRBV19*01	TRBJ2-5	1
CASSGRSSQPQHF	TRBV19*01	TRBJ1-5	1
CASSGRSTDTQYF	TRBV19*01	TRBJ2-3	6
CASSGRSTGELFF	TRBV19*01	TRBJ2-2	28
CASSGRTDYEQYF	TRBV7-6*01	TRBJ2-7	1
CASSGRTEDQETQYF	TRBV9*01	TRBJ2-5	1
CASSGRTGDNSPLHF	TRBV6-1*01	TRBJ1-6	1
CASSGRTGGEKETQYF	TRBV5-6*01	TRBJ2-5	1
CASSGRTGSSYEQYF	TRBV2*01	TRBJ2-7	1
CASSGRVSGNTIYF	TRBV27*01	TRBJ1-3	1
CASSGRYSNQPQHF	TRBV6-1*01	TRBJ1-5	1
CASSGSAGSTDTQYF	TRBV6-4*01	TRBJ2-3	2
CASSGSEQSTGELFF	TRBV6-5*01	TRBJ2-2	1
CASSGSGDSSYEQYF	TRBV7-9*01	TRBJ2-7	1
CASSGSGGNTIYF	TRBV9*01	TRBJ1-3	1
CASSGSGGRLDTQYF	TRBV7-3*01	TRBJ2-3	1
CASSGSGNTGELFF	TRBV9*01	TRBJ2-2	1
CASSGSGSSYNEQFF	TRBV19*01	TRBJ2-1	1
CASSGSGTALVAKNIQYF	TRBV7-9*01	TRBJ2-4	1
CASSGSGTAYTGELFF	TRBV7-8*01	TRBJ2-2	1
CASSGSGTLYNEQFF	TRBV9*01	TRBJ2-1	1
CASSGSGTQETQYF	TRBV9*01	TRBJ2-5	1
CASSGSGTSGNEQYF	TRBV9*01	TRBJ2-7	1
CASSGSHEQYF	TRBV9*01	TRBJ2-7	1
CASSGSPGLNTGELFF	TRBV9*01	TRBJ2-2	1
CASSGSPPAAGSYEQYF	TRBV4-1*01	TRBJ2-7	1
CASSGSPPSLDQETQYF	TRBV6-1*01	TRBJ2-5	1
CASSGSREANQPQHF	TRBV7-3*01	TRBJ1-5	1
CASSGSREQFF	TRBV13*01	TRBJ2-1	1
CASSGSSGTSKNIQYF	TRBV9*01	TRBJ2-4	1
CASSGSTGPSDYNEQFF	TRBV28*01	TRBJ2-1	1
CASSGSYVQETQYF	TRBV6-1*01	TRBJ2-5	1
CASSGTAFWGYTF	TRBV2*01	TRBJ1-2	1
CASSGTASGAKNIQYF	TRBV2*01	TRBJ2-4	1
CASSGTEHEAFF	TRBV6-1*01	TRBJ1-1	1
CASSGTGADTQYF	TRBV6-1*01	TRBJ2-3	1
CASSGTGANYGYTF	TRBV5-6*01	TRBJ1-2	4
CASSGTGELFF	TRBV6-3*01	TRBJ2-2	1
CASSGTGENEQFF	TRBV11-2*01	TRBJ2-1	1
CASSGTGFGYTF	TRBV7-9*01	TRBJ1-2	1
CASSGTGFTGELFF	TRBV9*01	TRBJ2-2	1
CASSGTGGDWEKLFF	TRBV9*01	TRBJ1-4	1
CASSGTGGGDFGYTF	TRBV5-6*01	TRBJ1-2	1
CASSGTGGGDSDTQYF	TRBV7-8*01	TRBJ2-3	1
CASSGTGGPEAFF	TRBV5-6*01	TRBJ1-1	1
CASSGTGGVGYSPLHF	TRBV6-1*01	TRBJ1-6	1
CASSGTGIGSEKLFF	TRBV6-6*01	TRBJ1-4	1
CASSGTGLDEQYF	TRBV7-2*01	TRBJ2-7	1
CASSGTGMRLAGIEQFF	TRBV4-1*01	TRBJ2-1	1
CASSGTGPGGQYF	TRBV7-3*01	TRBJ2-3	1
CASSGTGRYEKLFF	TRBV5-1*01	TRBJ1-4	1
CASSGTGSSYEQYF	TRBV27*01	TRBJ2-7	2
CASSGTGSSYEQYF	TRBV5-5*01	TRBJ2-7	1
CASSGTGSSYEQYF	TRBV6-3*01	TRBJ2-7	1
CASSGTGVGIQYF	TRBV18*01	TRBJ2-4	1
CASSGTGVLGELFF	TRBV7-6*01	TRBJ2-2	1
CASSGTGVYEQYF	TRBV5-8*01	TRBJ2-7	1
CASSGTGYEKLFF	TRBV12-4*01	TRBJ1-4	1
CASSGTGYGYEQYF	TRBV25-1*01	TRBJ2-7	1
CASSGTGYNYGYTF	TRBV2*01	TRBJ1-2	1
CASSGTGYYEQYF	TRBV9*01	TRBJ2-7	1
CASSGTLNTEAFF	TRBV19*01	TRBJ1-1	1
CASSGTNNLEQFF	TRBV5-6*01	TRBJ2-1	1
CASSGTQPGLGGEQFF	TRBV6-4*01	TRBJ2-1	1
CASSGTRGDEQYF	TRBV9*01	TRBJ2-7	1
CASSGTSDPADTQYF	TRBV6-6*01	TRBJ2-3	1
CASSGTSGAYNEQFF	TRBV7-8*01	TRBJ2-1	7
CASSGTSGDNEQFF	TRBV28*01	TRBJ2-1	1
CASSGTSGILETQYF	TRBV9*01	TRBJ2-5	1
CASSGTSGRVHRLLETQYF	TRBV28*01	TRBJ2-5	1
CASSGTSGSGGYNEQFF	TRBV28*01	TRBJ2-1	1
CASSGTSGSYEQYF	TRBV5-4*01	TRBJ2-7	1
CASSGTSGVHTGELFF	TRBV11-2*01	TRBJ2-2	1
CASSGTSVHEQYF	TRBV19*01	TRBJ2-7	2
CASSGTTGTTEAFF	TRBV5-1*01	TRBJ1-1	1
CASSGVEAFF	TRBV7-9*01	TRBJ1-1	1
CASSGVGRQTYEQYF	TRBV6-1*01	TRBJ2-7	3
CASSGVLDLSGNTIYF	TRBV19*01	TRBJ1-3	1
CASSGVLGSDGYTF	TRBV13*01	TRBJ1-2	5
CASSGVLQETQYF	TRBV10-2*01	TRBJ2-5	1
CASSGVRDNEQFF	TRBV28*01	TRBJ2-1	1
CASSGWGLAGGRPYEQYF	TRBV5-1*01	TRBJ2-7	1
CASSGWRRDTGELFF	TRBV19*01	TRBJ2-2	1
CASSGWTEANSPLHF	TRBV19*01	TRBJ1-6	1
CASSGWTTSSTNEKLFF	TRBV2*01	TRBJ1-4	1
CASSGWVYNEQFF	TRBV7-2*01	TRBJ2-1	1
CASSGYLAGADNEQFF	TRBV9*01	TRBJ2-1	1
CASSGYQATDTQYF	TRBV5-1*01	TRBJ2-3	1
CASSGYRGGPYNEQFF	TRBV10-2*01	TRBJ2-1	1
CASSGYTGELFF	TRBV9*01	TRBJ2-2	1
CASSGYWGLGYGYTF	TRBV4-3*01	TRBJ1-2	1
CASSHAGDEQYF	TRBV7-9*01	TRBJ2-7	1
CASSHAKKTGGYLYGYTF	TRBV4-3*01	TRBJ1-2	1
CASSHALEGASYGYTF	TRBV3-1*01	TRBJ1-2	1
CASSHAPGQGVGIEDTQYF	TRBV4-3*01	TRBJ2-3	1
CASSHAQVQNSPLHF	TRBV5-5*01	TRBJ1-6	1
CASSHATIGGSRLGTQYF	TRBV4-3*01	TRBJ2-5	1
CASSHDDLRGEYNEQFF	TRBV7-9*01	TRBJ2-1	1
CASSHDGTGDSGAFF	TRBV7-9*01	TRBJ1-1	1
CASSHDRAGTEAFF	TRBV6-3*01	TRBJ1-1	1
CASSHDRAWGNEQFF	TRBV14*01	TRBJ2-1	1
CASSHDRDYEQYF	TRBV4-1*01	TRBJ2-7	1
CASSHDRGHGYTF	TRBV6-3*01	TRBJ1-2	1
CASSHDRGKQETQYF	TRBV12-4*01	TRBJ2-5	1
CASSHDRGTSGNTIYF	TRBV5-1*01	TRBJ1-3	1
CASSHEGKGEQFF	TRBV7-9*01	TRBJ2-1	1
CASSHEKGLSAGYTF	TRBV5-6*01	TRBJ1-2	1
CASSHEQGQETQYF	TRBV7-9*01	TRBJ2-5	1
CASSHEVAGVQETQYF	TRBV14*01	TRBJ2-5	1
CASSHEVGEIYGYTF	TRBV13*01	TRBJ1-2	1
CASSHFAARGNYEQYF	TRBV4-1*01	TRBJ2-7	1
CASSHFFRVRAGELFF	TRBV5-6*01	TRBJ2-2	1
CASSHFGLGQPQHF	TRBV3-1*01	TRBJ1-5	1
CASSHFRAPFSQPQHF	TRBV4-3*01	TRBJ1-5	1
CASSHFRDGEAFF	TRBV4-1*01	TRBJ1-1	1
CASSHFTYEQYF	TRBV13*01	TRBJ2-7	1
CASSHGGEYEQYF	TRBV3-1*01	TRBJ2-7	1
CASSHGGGNEQYF	TRBV4-1*01	TRBJ2-7	1
CASSHGGNYEQYF	TRBV5-4*01	TRBJ2-7	1
CASSHGGSNTGELFF	TRBV4-2*01	TRBJ2-2	1
CASSHGGTEAFF	TRBV28*01	TRBJ1-1	2
CASSHGGTEAFF	TRBV6-3*01	TRBJ1-1	1
CASSHGGTGRIDNEQFF	TRBV4-3*01	TRBJ2-1	2
CASSHGLAGGPIYYNEQFF	TRBV3-1*01	TRBJ2-1	1
CASSHGLAGPQETQYF	TRBV4-1*01	TRBJ2-5	1
CASSHGLAGVEQYF	TRBV6-3*01	TRBJ2-7	1
CASSHGLEQYF	TRBV7-2*01	TRBJ2-7	1
CASSHGPPGQGVYGYTF	TRBV4-3*01	TRBJ1-2	1
CASSHGPTYEQYF	TRBV6-5*01	TRBJ2-7	1
CASSHGQENNEQFF	TRBV3-1*01	TRBJ2-1	1
CASSHGQGGAFF	TRBV4-2*01	TRBJ1-1	1
CASSHGQGREQYF	TRBV7-3*01	TRBJ2-7	1
CASSHGQGRGNTEAFF	TRBV4-3*01	TRBJ1-1	1
CASSHGQGSAEQYF	TRBV5-1*01	TRBJ2-7	1
CASSHGQGSPGANVLTF	TRBV4-1*01	TRBJ2-6	1
CASSHGQGVISF	TRBV13*01	TRBJ1-1	1
CASSHGQGYGYTF	TRBV19*01	TRBJ1-2	1
CASSHGQVNQPQHF	TRBV28*01	TRBJ1-5	1
CASSHGREREGRSSDTQYF	TRBV4-3*01	TRBJ2-3	1
CASSHGRGYNEQFF	TRBV4-3*01	TRBJ2-1	1
CASSHGSGSPYGYTF	TRBV11-2*01	TRBJ1-2	28
CASSHGTAHEKLFF	TRBV11-2*01	TRBJ1-4	1
CASSHGTAIVDSPLHF	TRBV7-8*01	TRBJ1-6	1
CASSHGTGPSSGNTIYF	TRBV4-3*01	TRBJ1-3	1
CASSHGTGYTEAFF	TRBV5-1*01	TRBJ1-1	1
CASSHGTRTYEQYF	TRBV4-1*01	TRBJ2-7	1
CASSHGTSGSDEQYF	TRBV4-2*01	TRBJ2-7	1
CASSHGVAETQYF	TRBV27*01	TRBJ2-5	1
CASSHGWVWYGYTF	TRBV4-2*01	TRBJ1-2	1
CASSHHFGQYEQYF	TRBV4-3*01	TRBJ2-7	1
CASSHHGPKERDMADTQYF	TRBV4-2*01	TRBJ2-3	1
CASSHHPREQYF	TRBV14*01	TRBJ2-7	1
CASSHHRENSGNTIYF	TRBV7-7*01	TRBJ1-3	1
CASSHHTDLQETQYF	TRBV3-1*01	TRBJ2-5	1
CASSHIGDYGYTF	TRBV11-1*01	TRBJ1-2	4
CASSHIGQGYTF	TRBV9*01	TRBJ1-2	1
CASSHIGTGGVFRNSPLHF	TRBV4-1*01	TRBJ1-6	1
CASSHIRESYEQYF	TRBV7-6*01	TRBJ2-7	1
CASSHITNRGDIQYF	TRBV7-2*01	TRBJ2-4	1
CASSHKPGSSYNEQFF	TRBV9*01	TRBJ2-1	1
CASSHLAGGLYNEQFF	TRBV4-2*01	TRBJ2-1	1
CASSHLAGGSTDTQYF	TRBV3-1*01	TRBJ2-3	1
CASSHLAGVPWETQYF	TRBV4-2*01	TRBJ2-5	1
CASSHLDRGGTGELFF	TRBV14*01	TRBJ2-2	1
CASSHLDRGRTEAFF	TRBV3-1*01	TRBJ1-1	1
CASSHLEGGGWPQHF	TRBV4-3*01	TRBJ1-5	1
CASSHLETGELFF	TRBV11-2*01	TRBJ2-2	1
CASSHLGAHQLNF	TRBV7-3*01	TRBJ2-1	1
CASSHLGGAGEAFF	TRBV7-8*01	TRBJ1-1	1
CASSHLGGAGETDTQYF	TRBV4-3*01	TRBJ2-3	1
CASSHLGGDRYMNEQFF	TRBV3-1*01	TRBJ2-1	5
CASSHLGGRLPYEQYF	TRBV27*01	TRBJ2-7	1
CASSHLGQEELFF	TRBV7-9*01	TRBJ2-2	1
CASSHLGQILIYGYTF	TRBV6-3*01	TRBJ1-2	1
CASSHLGRDRTYEQYF	TRBV4-3*01	TRBJ2-7	1
CASSHLGSGSFYNEQFF	TRBV4-1*01	TRBJ2-1	1
CASSHLGSSYNEQFF	TRBV4-1*01	TRBJ2-1	1
CASSHLILGETQYF	TRBV4-3*01	TRBJ2-5	1
CASSHLISGRQRGTDTQYF	TRBV7-9*01	TRBJ2-3	1
CASSHLKDGYEQYF	TRBV27*01	TRBJ2-7	1
CASSHLLAGNTGELFF	TRBV3-1*01	TRBJ2-2	1
CASSHLLGQGYEQYF	TRBV4-3*01	TRBJ2-7	1
CASSHLLSDIQYF	TRBV4-1*01	TRBJ2-4	1
CASSHLLSTVDYEQYF	TRBV19*01	TRBJ2-7	1
CASSHLNGYIQYF	TRBV7-6*01	TRBJ2-4	2
CASSHLPDDSTYGYTF	TRBV4-3*01	TRBJ1-2	1
CASSHLPGQGEAFF	TRBV3-1*01	TRBJ1-1	3
CASSHLRFTQYF	TRBV4-1*01	TRBJ2-3	1
CASSHLRGEAFF	TRBV13*01	TRBJ1-1	1
CASSHLRLGHTDTQYF	TRBV11-2*01	TRBJ2-3	1
CASSHLSHTEAFF	TRBV14*01	TRBJ1-1	1
CASSHLTDREQFF	TRBV12-4*01	TRBJ2-1	1
CASSHLVGGPGEQFF	TRBV4-2*01	TRBJ2-1	1
CASSHMGGAKNIQYF	TRBV6-1*01	TRBJ2-4	1
CASSHNNEQFF	TRBV4-3*01	TRBJ2-1	1
CASSHNQGSTVEQYF	TRBV7-2*01	TRBJ2-7	1
CASSHNQGVVVETQYF	TRBV4-3*01	TRBJ2-5	1
CASSHNRDQYF	TRBV16*01	TRBJ2-7	5
CASSHNSEYTEAFF	TRBV18*01	TRBJ1-1	1
CASSHNTREQETQYF	TRBV7-9*01	TRBJ2-5	1
CASSHPEGGSNQETQYF	TRBV6-5*01	TRBJ2-5	1
CASSHPGERHSYEQYF	TRBV4-2*01	TRBJ2-7	1
CASSHPGGETQYF	TRBV12-3*01	TRBJ2-5	1
CASSHPGGFGYTF	TRBV4-1*01	TRBJ1-2	1
CASSHPGGGTEAFF	TRBV4-3*01	TRBJ1-1	1
CASSHPGGSFTGELFF	TRBV5-1*01	TRBJ2-2	1
CASSHPGLAGVIGHSSYEQYF	TRBV28*01	TRBJ2-7	1
CASSHPGPRSYNEQFF	TRBV6-3*01	TRBJ2-1	1
CASSHPGQGSLTRDSPLHF	TRBV4-1*01	TRBJ1-6	1
CASSHPGRRGNNMAFF	TRBV7-2*01	TRBJ1-1	1
CASSHPGSSYEQYF	TRBV4-1*01	TRBJ2-7	1
CASSHPGTGIDEQFF	TRBV4-1*01	TRBJ2-1	1
CASSHPGTGITDTQYF	TRBV14*01	TRBJ2-3	1
CASSHPHRGETEAFF	TRBV11-2*01	TRBJ1-1	1
CASSHPLASSTDTQYF	TRBV4-1*01	TRBJ2-3	1
CASSHPPRLAGGYQETQYF	TRBV4-1*01	TRBJ2-5	1
CASSHPPSRQGSKNIQYF	TRBV21-1*01	TRBJ2-4	1
CASSHPQAGVTREQYF	TRBV12-3*01	TRBJ2-7	1
CASSHPQGVNTEAFF	TRBV7-9*01	TRBJ1-1	1
CASSHPQGVTSRSGNTIYF	TRBV9*01	TRBJ1-3	1
CASSHPRGGGNIQYF	TRBV3-1*01	TRBJ2-4	1
CASSHPSWGDTNTDTQYF	TRBV4-1*01	TRBJ2-3	1
CASSHPSWGPEAFF	TRBV4-1*01	TRBJ1-1	1
CASSHPTFIHTQYF	TRBV27*01	TRBJ2-3	3
CASSHPTGLVPWNYGYTF	TRBV4-1*01	TRBJ1-2	1
CASSHPTRLSNYEQYF	TRBV4-3*01	TRBJ2-7	1
CASSHPTSGVIDYEQYF	TRBV11-2*01	TRBJ2-7	1
CASSHPVDIITHRGSPLHF	TRBV7-2*01	TRBJ1-6	1
CASSHPVDSYNEQFF	TRBV6-3*01	TRBJ2-1	1
CASSHPVEETQYF	TRBV4-2*01	TRBJ2-5	1
CASSHQDWTGSSYNEQFF	TRBV3-1*01	TRBJ2-1	1
CASSHQGALANYGYTF	TRBV4-3*01	TRBJ1-2	1
CASSHQPLMNTEAFF	TRBV14*01	TRBJ1-1	1
CASSHQPPGQGAPLGYGYTF	TRBV4-3*01	TRBJ1-2	1
CASSHQSEQDPHGYTF	TRBV7-6*01	TRBJ1-2	1
CASSHRAGALHF	TRBV5-6*01	TRBJ1-6	2
CASSHRALSFNSPLHF	TRBV6-3*01	TRBJ1-6	1
CASSHRAPRAGYTF	TRBV5-5*01	TRBJ1-2	2
CASSHRDDGGDEQYF	TRBV6-6*01	TRBJ2-7	1
CASSHRDGLVNTEAFF	TRBV7-9*01	TRBJ1-1	1
CASSHRDRGIKLDGYTF	TRBV14*01	TRBJ1-2	1
CASSHRDRVFIGAKNIQYF	TRBV7-2*01	TRBJ2-4	1
CASSHRDSYEQYF	TRBV7-9*01	TRBJ2-7	1
CASSHRDTLQETQYF	TRBV7-9*01	TRBJ2-5	1
CASSHRGPGTYEQYF	TRBV13*01	TRBJ2-7	1
CASSHRGPNTEAFF	TRBV19*01	TRBJ1-1	1
CASSHRGPNTEAFF	TRBV6-5*01	TRBJ1-1	1
CASSHRGQAWITNTGELFF	TRBV4-3*01	TRBJ2-2	1
CASSHRGRDTGELFF	TRBV5-4*01	TRBJ2-2	1
CASSHRGSNQPQHF	TRBV27*01	TRBJ1-5	1
CASSHRGSSEQFF	TRBV13*01	TRBJ2-1	1
CASSHRGTGELFF	TRBV14*01	TRBJ2-2	1
CASSHRLAGDTDTQYF	TRBV7-9*01	TRBJ2-3	1
CASSHRLAGGNEQFF	TRBV6-3*01	TRBJ2-1	1
CASSHRLAGGPFTGELFF	TRBV3-1*01	TRBJ2-2	1
CASSHRLAGYTDTQYF	TRBV4-3*01	TRBJ2-3	1
CASSHRLDDTDTQYF	TRBV11-2*01	TRBJ2-3	1
CASSHRLDSGNTIYF	TRBV7-6*01	TRBJ1-3	1
CASSHRLRRGAFF	TRBV4-3*01	TRBJ1-1	1
CASSHRNSGEQYF	TRBV3-1*01	TRBJ2-7	1
CASSHRQFLSNQPQHF	TRBV4-1*01	TRBJ1-5	1
CASSHRQGEYEQYF	TRBV6-6*01	TRBJ2-7	1
CASSHRRYNTEAFF	TRBV4-3*01	TRBJ1-1	1
CASSHRSGEQYF	TRBV7-9*01	TRBJ2-7	1
CASSHRSGTEAFF	TRBV12-3*01	TRBJ1-1	18
CASSHRSSYEQYF	TRBV19*01	TRBJ2-7	1
CASSHRSTDTQYF	TRBV19*01	TRBJ2-3	2
CASSHRTGTFNYGYTF	TRBV4-1*01	TRBJ1-2	1
CASSHRTRFRSTDTQYF	TRBV5-1*01	TRBJ2-3	1
CASSHSAGGVDTQYF	TRBV4-3*01	TRBJ2-3	1
CASSHSDRYQETQYF	TRBV3-1*01	TRBJ2-5	1
CASSHSDYTNTGELFF	TRBV7-2*01	TRBJ2-2	1
CASSHSGEFSYNEQFF	TRBV4-1*01	TRBJ2-1	1
CASSHSGGTDTQYF	TRBV12-4*01	TRBJ2-3	1
CASSHSGQGLYGYTF	TRBV5-1*01	TRBJ1-2	1
CASSHSGTGGTYEQYF	TRBV4-3*01	TRBJ2-7	1
CASSHSGTSSNEQFF	TRBV6-5*01	TRBJ2-1	1
CASSHSLGGSYEQYF	TRBV11-1*01	TRBJ2-7	1
CASSHSLGSGAHNEQFF	TRBV4-3*01	TRBJ2-1	1
CASSHSPGLAGGHTGELFF	TRBV4-1*01	TRBJ2-2	2
CASSHSPGQGARDYGYTF	TRBV4-1*01	TRBJ1-2	1
CASSHSRGPEAFF	TRBV14*01	TRBJ1-1	1
CASSHSRTTNEKLFF	TRBV4-3*01	TRBJ1-4	1
CASSHSSGGVADTQYF	TRBV7-9*01	TRBJ2-3	1
CASSHSSQGYGYTF	TRBV4-1*01	TRBJ1-2	1
CASSHSTGYRSNQPQHF	TRBV5-8*01	TRBJ1-5	1
CASSHSVGAGELFF	TRBV4-2*01	TRBJ2-2	1
CASSHTDDWEQYF	TRBV3-1*01	TRBJ2-7	1
CASSHTGESTDTQYF	TRBV7-3*01	TRBJ2-3	1
CASSHTGGAGNTIYF	TRBV14*01	TRBJ1-3	1
CASSHTGGVRRSGELFF	TRBV4-1*01	TRBJ2-2	1
CASSHTGIRGSEQYF	TRBV7-3*01	TRBJ2-7	1
CASSHTGLGQPQHF	TRBV14*01	TRBJ1-5	1
CASSHTGPQPQHF	TRBV7-7*01	TRBJ1-5	1
CASSHTGTETGANVLTF	TRBV4-3*01	TRBJ2-6	1
CASSHTNQYSGNTIYF	TRBV7-8*01	TRBJ1-3	1
CASSHTSVLYEQYF	TRBV13*01	TRBJ2-7	1
CASSHVGSGGVETQYF	TRBV5-4*01	TRBJ2-5	1
CASSHVGTGWDLRTDTQYF	TRBV14*01	TRBJ2-3	2
CASSHVKGGTEAFF	TRBV3-1*01	TRBJ1-1	1
CASSHVPYEQYF	TRBV7-9*01	TRBJ2-7	1
CASSHVRGREAFF	TRBV4-3*01	TRBJ1-1	1
CASSHWDPNTEAFF	TRBV6-5*01	TRBJ1-1	1
CASSHWDPNYGYTF	TRBV4-1*01	TRBJ1-2	1
CASSHWQGGYSPLHF	TRBV4-1*01	TRBJ1-6	1
CASSHWTGALSGANVLTF	TRBV4-1*01	TRBJ2-6	1
CASSHWVVAGGTGDTQYF	TRBV7-2*01	TRBJ2-3	1
CASSHYDGKVAGAYYEQYF	TRBV4-2*01	TRBJ2-7	1
CASSHYDRAGRGSPLHF	TRBV6-5*01	TRBJ1-6	1
CASSHYGDDIGELFF	TRBV7-8*01	TRBJ2-2	1
CASSHYRGHYEQYF	TRBV4-2*01	TRBJ2-7	1
CASSHYRGLNEKLFF	TRBV4-3*01	TRBJ1-4	1
CASSHYTTGISYNEQFF	TRBV5-8*01	TRBJ2-1	1
CASSHYWSEAFF	TRBV19*01	TRBJ1-1	1
CASSIAAGAHEQYF	TRBV19*01	TRBJ2-7	1
CASSIAAKREAFF	TRBV19*01	TRBJ1-1	1
CASSIADSNTEAFF	TRBV19*01	TRBJ1-1	1
CASSIADSNYEQYF	TRBV19*01	TRBJ2-7	1
CASSIAGADTQYF	TRBV19*01	TRBJ2-3	1
CASSIAGRIYRFSQPQHF	TRBV19*01	TRBJ1-5	1
CASSIAGTSTDTQYF	TRBV19*01	TRBJ2-3	1
CASSIAGVQYEQYF	TRBV6-5*01	TRBJ2-7	1
CASSIAGYTYEQYF	TRBV19*01	TRBJ2-7	1
CASSIAHGGADTDTQYF	TRBV19*01	TRBJ2-3	1
CASSIALYNEQFF	TRBV19*01	TRBJ2-1	1
CASSIAPGREQYF	TRBV19*01	TRBJ2-7	1
CASSIAPRGEQFF	TRBV19*01	TRBJ2-1	1
CASSIAPSSGGFADTQYF	TRBV19*01	TRBJ2-3	1
CASSIAPWHRNNQPQHF	TRBV19*01	TRBJ1-5	1
CASSIAREQFF	TRBV19*01	TRBJ2-1	1
CASSIARETQYF	TRBV19*01	TRBJ2-5	1
CASSIAREVPLYGYTF	TRBV19*01	TRBJ1-2	1
CASSIARTDTQYF	TRBV7-2*01	TRBJ2-3	1
CASSIASLETQYF	TRBV19*01	TRBJ2-5	1
CASSIASLLAGGTDTQYF	TRBV27*01	TRBJ2-3	1
CASSIASTNTGELFF	TRBV19*01	TRBJ2-2	1
CASSIATGGYAFF	TRBV19*01	TRBJ1-1	1
CASSIATGNFPYSNQPQHF	TRBV19*01	TRBJ1-5	1
CASSIAVNEKLFF	TRBV6-6*01	TRBJ1-4	1
CASSIAVWADNEQFF	TRBV19*01	TRBJ2-1	1
CASSIAYEQYF	TRBV5-6*01	TRBJ2-7	1
CASSIDATTDTQYF	TRBV27*01	TRBJ2-3	1
CASSIDDGTLINQPQHF	TRBV19*01	TRBJ1-5	1
CASSIDGGNQPQHF	TRBV19*01	TRBJ1-5	4
CASSIDGSAYNEQFF	TRBV19*01	TRBJ2-1	1
CASSIDGTGSRDEQFF	TRBV19*01	TRBJ2-1	1
CASSIDGYEQYF	TRBV19*01	TRBJ2-7	1
CASSIDLANTEAFF	TRBV19*01	TRBJ1-1	1
CASSIDLDREGMNTEAFF	TRBV19*01	TRBJ1-1	1
CASSIDLGREYYEQYF	TRBV19*01	TRBJ2-7	1
CASSIDLPSGGPLETQYF	TRBV19*01	TRBJ2-5	1
CASSIDLTGETEAFF	TRBV19*01	TRBJ1-1	1
CASSIDNNEQFF	TRBV19*01	TRBJ2-1	1
CASSIDPAGNNEKLFF	TRBV19*01	TRBJ1-4	1
CASSIDPFSGRLNTEAFF	TRBV19*01	TRBJ1-1	1
CASSIDPGIGVGYNEQFF	TRBV19*01	TRBJ2-1	1
CASSIDPTLNTEAFF	TRBV19*01	TRBJ1-1	1
CASSIDQDRGRKNIQYF	TRBV19*01	TRBJ2-4	1
CASSIDQGSYNEQFF	TRBV19*01	TRBJ2-1	1
CASSIDRAPSGANVLTF	TRBV19*01	TRBJ2-6	1
CASSIDRESSYEQYF	TRBV7-8*01	TRBJ2-7	1
CASSIDRGPGYQETQYF	TRBV19*01	TRBJ2-5	1
CASSIDRSGTLKNTEAFF	TRBV19*01	TRBJ1-1	1
CASSIDRTNQETQYF	TRBV19*01	TRBJ2-5	1
CASSIDSANEQFF	TRBV19*01	TRBJ2-1	1
CASSIDSGTSSPQHF	TRBV19*01	TRBJ1-5	1
CASSIDSGVYEQYF	TRBV28*01	TRBJ2-7	1
CASSIDSNEKLFF	TRBV11-2*01	TRBJ1-4	2
CASSIDSYEQYF	TRBV5-4*01	TRBJ2-7	1
CASSIDSYYGYTF	TRBV7-9*01	TRBJ1-2	1
CASSIDTINGLNTEAFF	TRBV19*01	TRBJ1-1	1
CASSIDTRDVGLAKQETQYF	TRBV19*01	TRBJ2-5	1
CASSIDWHPWRAKGNYEQYF	TRBV19*01	TRBJ2-7	1
CASSIDWPGVIYGYTF	TRBV19*01	TRBJ1-2	1
CASSIDWRDRGEKIETQYF	TRBV19*01	TRBJ2-5	8
CASSIEALHYGYTF	TRBV19*01	TRBJ1-2	1
CASSIEFSREYEQYF	TRBV19*01	TRBJ2-7	1
CASSIEGFYGYTF	TRBV19*01	TRBJ1-2	1
CASSIEGGTTEAFF	TRBV19*01	TRBJ1-1	1
CASSIEGLAGGPHEQFF	TRBV19*01	TRBJ2-1	1
CASSIESLGVTEAFF	TRBV19*01	TRBJ1-1	16
CASSIETSGIYNEQFF	TRBV19*01	TRBJ2-1	1
CASSIETSSYEQYF	TRBV19*01	TRBJ2-7	1
CASSIFAGTSSYEQYF	TRBV19*01	TRBJ2-7	1
CASSIFFWRVEENIQYF	TRBV19*01	TRBJ2-4	1
CASSIFGETNTEAFF	TRBV19*01	TRBJ1-1	1
CASSIFGGSSYNEQFF	TRBV19*01	TRBJ2-1	1
CASSIFGNTGELFF	TRBV19*01	TRBJ2-2	1
CASSIFGQGNYGYTF	TRBV7-9*01	TRBJ1-2	1
CASSIFGQILQETQYF	TRBV12-4*01	TRBJ2-5	1
CASSIFHKGSTDTQYF	TRBV19*01	TRBJ2-3	1
CASSIFQGPDNEKLFF	TRBV7-9*01	TRBJ1-4	1
CASSIFRGIGSPLHF	TRBV28*01	TRBJ1-6	1
CASSIFSDQETQYF	TRBV19*01	TRBJ2-5	1
CASSIFSTGELFF	TRBV19*01	TRBJ2-2	1
CASSIFYSSTDTQYF	TRBV19*01	TRBJ2-3	1
CASSIGAAGELFF	TRBV19*01	TRBJ2-2	1
CASSIGAAYEQYF	TRBV19*01	TRBJ2-7	1
CASSIGAGAQETQYF	TRBV19*01	TRBJ2-5	1
CASSIGAGLSYEQYF	TRBV19*01	TRBJ2-7	1
CASSIGASGSTPYEQYF	TRBV28*01	TRBJ2-7	1
CASSIGATNEKLFF	TRBV5-6*01	TRBJ1-4	1
CASSIGATNPYNEQFF	TRBV19*01	TRBJ2-1	1
CASSIGAYGYTF	TRBV19*01	TRBJ1-2	16
CASSIGAYRYTF	TRBV19*01	TRBJ1-2	1
CASSIGDFYTDTQYF	TRBV19*01	TRBJ2-3	1
CASSIGDRELFF	TRBV19*01	TRBJ2-2	1
CASSIGDRYEQYF	TRBV19*01	TRBJ2-7	1
CASSIGEAPQHF	TRBV19*01	TRBJ1-5	1
CASSIGELSNQPQHF	TRBV19*01	TRBJ1-5	1
CASSIGGARTIIYGYTF	TRBV19*01	TRBJ1-2	1
CASSIGGENTDTQYF	TRBV19*01	TRBJ2-3	1
CASSIGGEWTEAFF	TRBV19*01	TRBJ1-1	1
CASSIGGGCEQFF	TRBV19*01	TRBJ2-1	1
CASSIGGGLAGDNEQFF	TRBV19*01	TRBJ2-1	1
CASSIGGHAQPQHF	TRBV19*01	TRBJ1-5	1
CASSIGGPVEQYF	TRBV19*01	TRBJ2-7	1
CASSIGGRGETQYF	TRBV27*01	TRBJ2-5	1
CASSIGGRSEQFF	TRBV19*01	TRBJ2-1	1
CASSIGGRSSTDTQYF	TRBV19*01	TRBJ2-3	1
CASSIGGVNEQFF	TRBV7-8*01	TRBJ2-1	1
CASSIGIGNTEAFF	TRBV19*01	TRBJ1-1	1
CASSIGIYGYTF	TRBV19*01	TRBJ1-2	4
CASSIGKTEAFF	TRBV19*01	TRBJ1-1	1
CASSIGLGEQYF	TRBV19*01	TRBJ2-7	1
CASSIGLHYEQYF	TRBV19*01	TRBJ2-7	1
CASSIGLLTDTQYF	TRBV27*01	TRBJ2-3	1
CASSIGLYGYTF	TRBV19*01	TRBJ1-2	21
CASSIGMGETQYF	TRBV19*01	TRBJ2-5	1
CASSIGNLRSGNTIYF	TRBV19*01	TRBJ1-3	1
CASSIGPAGGYGYTF	TRBV19*01	TRBJ1-2	1
CASSIGPEETQYF	TRBV27*01	TRBJ2-5	1
CASSIGPRNSPLHF	TRBV19*01	TRBJ1-6	1
CASSIGQGAETQYF	TRBV28*01	TRBJ2-5	1
CASSIGQGDFNYGYTF	TRBV11-2*01	TRBJ1-2	1
CASSIGQGETQYF	TRBV5-1*01	TRBJ2-5	1
CASSIGQGLSLWETQYF	TRBV19*01	TRBJ2-5	1
CASSIGQGNYEQYF	TRBV19*01	TRBJ2-7	1
CASSIGQGQEEAFF	TRBV19*01	TRBJ1-1	1
CASSIGQGSPLHF	TRBV19*01	TRBJ1-6	1
CASSIGQGVRGYTF	TRBV5-4*01	TRBJ1-2	1
CASSIGQGYEQYF	TRBV25-1*01	TRBJ2-7	1
CASSIGQKATYEQYF	TRBV19*01	TRBJ2-7	1
CASSIGQLNTEAFF	TRBV19*01	TRBJ1-1	1
CASSIGQSYEQYF	TRBV19*01	TRBJ2-7	1
CASSIGQTRDYGYTF	TRBV19*01	TRBJ1-2	1
CASSIGQTVDTLANYGYTF	TRBV4-1*01	TRBJ1-2	1
CASSIGRGPSYNEQFF	TRBV19*01	TRBJ2-1	1
CASSIGRGTEAFF	TRBV19*01	TRBJ1-1	1
CASSIGRGYEQYF	TRBV19*01	TRBJ2-7	1
CASSIGRQSLSYEQYF	TRBV19*01	TRBJ2-7	1
CASSIGRSRTDTQYF	TRBV19*01	TRBJ2-3	1
CASSIGRTFLAKNIQYF	TRBV19*01	TRBJ2-4	1
CASSIGSGAFF	TRBV19*01	TRBJ1-1	1
CASSIGSGEAFF	TRBV19*01	TRBJ1-1	1
CASSIGSGGAYEQYF	TRBV19*01	TRBJ2-7	1
CASSIGSGGNYGYTF	TRBV19*01	TRBJ1-2	1
CASSIGSGLAGLQFF	TRBV19*01	TRBJ2-1	1
CASSIGSGNTEAFF	TRBV9*01	TRBJ1-1	1
CASSIGSIQPQHF	TRBV19*01	TRBJ1-5	1
CASSIGSYGYTF	TRBV19*01	TRBJ1-2	84
CASSIGTAWEGYTF	TRBV13*01	TRBJ1-2	1
CASSIGTDTQYF	TRBV19*01	TRBJ2-3	1
CASSIGTGEYEQYF	TRBV11-1*01	TRBJ2-7	1
CASSIGTGGSPLHF	TRBV19*01	TRBJ1-6	1
CASSIGTGKHGYTF	TRBV7-9*01	TRBJ1-2	1
CASSIGTGLSTDTQYF	TRBV19*01	TRBJ2-3	1
CASSIGTGRLGEKLFF	TRBV7-9*01	TRBJ1-4	1
CASSIGTGYYGYTF	TRBV9*01	TRBJ1-2	1
CASSIGTPLNTEAFF	TRBV19*01	TRBJ1-1	1
CASSIGTPSYEQYF	TRBV19*01	TRBJ2-7	1
CASSIGTSGGPNTGELFF	TRBV13*01	TRBJ2-2	1
CASSIGTSGSYEQFF	TRBV19*01	TRBJ2-1	1
CASSIGVHGYTF	TRBV19*01	TRBJ1-2	3
CASSIGVYGYTF	TRBV19*01	TRBJ1-2	44
CASSIGWEQYF	TRBV19*01	TRBJ2-7	1
CASSIGWGEYQPQHF	TRBV19*01	TRBJ1-5	1
CASSIGYEQFF	TRBV19*01	TRBJ2-1	1
CASSIGYEQYF	TRBV25-1*01	TRBJ2-7	1
CASSIGYYGYTF	TRBV19*01	TRBJ1-2	13
CASSIHKNQPQHF	TRBV19*01	TRBJ1-5	2
CASSIHRLGGTGYTF	TRBV5-1*01	TRBJ1-2	1
CASSIHSNQPQHF	TRBV19*01	TRBJ1-5	1
CASSIHTANQPQHF	TRBV19*01	TRBJ1-5	3
CASSIIDRSGTEAFF	TRBV9*01	TRBJ1-1	1
CASSIIGRESYEQYF	TRBV19*01	TRBJ2-7	1
CASSIIGRQNSPLHF	TRBV19*01	TRBJ1-6	1
CASSIIHGTGIHNEQFF	TRBV7-6*01	TRBJ2-1	1
CASSIILDTGELFF	TRBV27*01	TRBJ2-2	1
CASSIILPSNQPQHF	TRBV19*01	TRBJ1-5	1
CASSIIPGSNQPQHF	TRBV19*01	TRBJ1-5	1
CASSIIRYTDTQYF	TRBV27*01	TRBJ2-3	1
CASSIIVGINEQFF	TRBV19*01	TRBJ2-1	1
CASSIKRERETQYF	TRBV19*01	TRBJ2-5	1
CASSIKTDGYTF	TRBV7-9*01	TRBJ1-2	1
CASSIKTEAQETQYF	TRBV7-7*01	TRBJ2-5	1
CASSILAGEGEQFF	TRBV19*01	TRBJ2-1	1
CASSILAGESTDTQYF	TRBV12-4*01	TRBJ2-3	1
CASSILAGGKLWADTQYF	TRBV7-2*01	TRBJ2-3	1
CASSILAGGPDTQYF	TRBV7-3*01	TRBJ2-3	1
CASSILAGTQYF	TRBV9*01	TRBJ2-3	1
CASSILASGRDEQFF	TRBV19*01	TRBJ2-1	1
CASSILEGGNQPQHF	TRBV19*01	TRBJ1-5	1
CASSILGGELFF	TRBV19*01	TRBJ2-2	1
CASSILGQGANGYTF	TRBV6-1*01	TRBJ1-2	1
CASSILGSTEAFF	TRBV19*01	TRBJ1-1	1
CASSILGTGRGETQYF	TRBV19*01	TRBJ2-5	1
CASSILGVNEENIQYF	TRBV19*01	TRBJ2-4	1
CASSILGVSTDTQYF	TRBV19*01	TRBJ2-3	1
CASSILQGDIQYF	TRBV27*01	TRBJ2-4	1
CASSILQGIEDTQYF	TRBV7-9*01	TRBJ2-3	1
CASSILSGDKNGELFF	TRBV19*01	TRBJ2-2	1
CASSILSTGELFF	TRBV19*01	TRBJ2-2	1
CASSILTSPRGNEQFF	TRBV19*01	TRBJ2-1	1
CASSILWDGAYEQYF	TRBV6-6*01	TRBJ2-7	1
CASSIMALGRSEAFF	TRBV19*01	TRBJ1-1	1
CASSIMDWNTEAFF	TRBV19*01	TRBJ1-1	1
CASSIMTEAFF	TRBV28*01	TRBJ1-1	1
CASSINGFVLKSGELFF	TRBV19*01	TRBJ2-2	1
CASSINPGSYNEQFF	TRBV7-2*01	TRBJ2-1	1
CASSINRDGDEQFF	TRBV19*01	TRBJ2-1	1
CASSINRGASIHPKF	TRBV19*01	TRBJ1-1	1
CASSINSNQPQHF	TRBV19*01	TRBJ1-5	1
CASSINYAPHNEQFF	TRBV27*01	TRBJ2-1	1
CASSIPARGGGYTF	TRBV19*01	TRBJ1-2	1
CASSIPDRSYEQYF	TRBV19*01	TRBJ2-7	1
CASSIPGLAGGTTDTQYF	TRBV19*01	TRBJ2-3	1
CASSIPGQGWHYGYTF	TRBV19*01	TRBJ1-2	1
CASSIPGRFQETQYF	TRBV19*01	TRBJ2-5	1
CASSIPGTDGANVLTF	TRBV6-3*01	TRBJ2-6	1
CASSIPQDQGTEAFF	TRBV19*01	TRBJ1-1	1
CASSIPQSNYGYTF	TRBV19*01	TRBJ1-2	1
CASSIPRPTNEKLFF	TRBV19*01	TRBJ1-4	2
CASSIPRQGRHTEAFF	TRBV19*01	TRBJ1-1	1
CASSIPSLGRELSYNEQFF	TRBV19*01	TRBJ2-1	1
CASSIPYNEQFF	TRBV19*01	TRBJ2-1	1
CASSIPYQRGYNEQFF	TRBV12-4*01	TRBJ2-1	1
CASSIQALNTEAFF	TRBV19*01	TRBJ1-1	1
CASSIQGHYEQYF	TRBV19*01	TRBJ2-7	1
CASSIQGSAGNQPQHF	TRBV19*01	TRBJ1-5	1
CASSIQGSSYNEQFF	TRBV19*01	TRBJ2-1	1
CASSIQGTYGYTF	TRBV27*01	TRBJ1-2	1
CASSIQGVSGNTIYF	TRBV19*01	TRBJ1-3	1
CASSIQGWDTEAFF	TRBV19*01	TRBJ1-1	1
CASSIQLAGPYTDTQYF	TRBV19*01	TRBJ2-3	1
CASSIQQGWNQPQHF	TRBV5-8*01	TRBJ1-5	1
CASSIQSEREKLFF	TRBV19*01	TRBJ1-4	1
CASSIQSGTASEQFF	TRBV9*01	TRBJ2-1	1
CASSIQTDLPTEAFF	TRBV19*01	TRBJ1-1	1
CASSIQTSSYNEQFF	TRBV9*01	TRBJ2-1	1
CASSIRAAGELFF	TRBV19*01	TRBJ2-2	1
CASSIRAASYNEQFF	TRBV19*01	TRBJ2-1	1
CASSIRAATEAFF	TRBV19*01	TRBJ1-1	1
CASSIRAAYEQYF	TRBV19*01	TRBJ2-7	3
CASSIRAGDNTEAFF	TRBV19*01	TRBJ1-1	1
CASSIRAGETQYF	TRBV19*01	TRBJ2-5	13
CASSIRAGYTEAFF	TRBV19*01	TRBJ1-1	1
CASSIRAPTDTQYF	TRBV7-2*01	TRBJ2-3	1
CASSIRASETQYF	TRBV19*01	TRBJ2-5	1
CASSIRASYEQYF	TRBV19*01	TRBJ2-7	84
CASSIRDLSNQPQHF	TRBV19*01	TRBJ1-5	1
CASSIRDRAFGEQYF	TRBV11-1*01	TRBJ2-7	1
CASSIRDRGLETQYF	TRBV5-6*01	TRBJ2-5	1
CASSIRDRGSDTQYF	TRBV19*01	TRBJ2-3	1
CASSIRDSYNSPLHF	TRBV19*01	TRBJ1-6	1
CASSIRESTDTQYF	TRBV19*01	TRBJ2-3	1
CASSIRGAYEQYF	TRBV19*01	TRBJ2-7	7
CASSIRGGSYNEQFF	TRBV19*01	TRBJ2-1	1
CASSIRGLAAYNEQFF	TRBV19*01	TRBJ2-1	1
CASSIRGLPNEKLFF	TRBV6-5*01	TRBJ1-4	1
CASSIRGMNTEAFF	TRBV19*01	TRBJ1-1	1
CASSIRGRGYNEQFF	TRBV19*01	TRBJ2-1	1
CASSIRGSNTEAFF	TRBV19*01	TRBJ1-1	1
CASSIRHIDPGQGWDTQYF	TRBV9*01	TRBJ2-3	1
CASSIRLGEGLYEQYF	TRBV19*01	TRBJ2-7	1
CASSIRPFMNTEAFF	TRBV19*01	TRBJ1-1	1
CASSIRQGSTDTQYF	TRBV5-6*01	TRBJ2-3	1
CASSIRQNIANTGELFF	TRBV19*01	TRBJ2-2	1
CASSIRRDVYYEQYF	TRBV19*01	TRBJ2-7	1
CASSIRRQGIDNEQFF	TRBV19*01	TRBJ2-1	1
CASSIRSADTQYF	TRBV19*01	TRBJ2-3	1
CASSIRSAWEQFF	TRBV19*01	TRBJ2-1	6
CASSIRSAYEQYF	TRBV19*01	TRBJ2-7	172
CASSIRSAYTQYF	TRBV19*01	TRBJ2-3	1
CASSIRSDDIQYF	TRBV19*01	TRBJ2-4	1
CASSIRSDEKLFF	TRBV19*01	TRBJ1-4	6
CASSIRSGDTQYF	TRBV19*01	TRBJ2-3	2
CASSIRSGESRAFF	TRBV19*01	TRBJ1-1	25
CASSIRSGETQYF	TRBV19*01	TRBJ2-5	3
CASSIRSGNEQYF	TRBV19*01	TRBJ2-7	4
CASSIRSGTEAFF	TRBV19*01	TRBJ1-1	16
CASSIRSGYEQFF	TRBV19*01	TRBJ2-1	15
CASSIRSGYEQYF	TRBV19*01	TRBJ2-7	4
CASSIRSLDTQYF	TRBV19*01	TRBJ2-3	1
CASSIRSNQPQHF	TRBV19*01	TRBJ1-5	2
CASSIRSNTEAFF	TRBV19*01	TRBJ1-1	1
CASSIRSNYEQYF	TRBV19*01	TRBJ2-7	1
CASSIRSQDTQYF	TRBV19*01	TRBJ2-3	2
CASSIRSQETQYF	TRBV19*01	TRBJ2-5	47
CASSIRSSETQYF	TRBV19*01	TRBJ2-5	3
CASSIRSSGGEQYF	TRBV19*01	TRBJ2-7	1
CASSIRSSNEQFF	TRBV19*01	TRBJ2-1	1
CASSIRSSYEQFF	TRBV19*01	TRBJ2-1	4
CASSIRSSYEQYF	TRBV19*01	TRBJ2-7	795
CASSIRSTDTQYF	TRBV19*01	TRBJ2-3	8
CASSIRSTETQYF	TRBV19*01	TRBJ2-5	1
CASSIRSTGELFF	TRBV19*01	TRBJ2-2	11
CASSIRSTYEQYF	TRBV19*01	TRBJ2-7	4
CASSIRSVHEQFF	TRBV19*01	TRBJ2-1	1
CASSIRTDPFYEQYF	TRBV19*01	TRBJ2-7	1
CASSIRTGRASDTDTQYF	TRBV18*01	TRBJ2-3	2
CASSIRTLVTIYNEQFF	TRBV19*01	TRBJ2-1	1
CASSIRTQSTDTQYF	TRBV19*01	TRBJ2-3	1
CASSIRVAGGSTDTQYF	TRBV27*01	TRBJ2-3	1
CASSISAKGAEAFF	TRBV19*01	TRBJ1-1	1
CASSISDNTEAFF	TRBV19*01	TRBJ1-1	1
CASSISDSYNEQFF	TRBV19*01	TRBJ2-1	1
CASSISEYNEQFF	TRBV6-3*01	TRBJ2-1	1
CASSISGGVRNTEAFF	TRBV19*01	TRBJ1-1	1
CASSISGMNTGELFF	TRBV19*01	TRBJ2-2	1
CASSISGPTSTDTQYF	TRBV13*01	TRBJ2-3	1
CASSISGQTYNEQFF	TRBV19*01	TRBJ2-1	1
CASSISGRDSYEQYF	TRBV11-1*01	TRBJ2-7	1
CASSISGSGNTIYF	TRBV27*01	TRBJ1-3	1
CASSISGSSYNEQFF	TRBV19*01	TRBJ2-1	1
CASSISGTSAYYEQYF	TRBV19*01	TRBJ2-7	1
CASSISLAAEQFF	TRBV19*01	TRBJ2-1	67
CASSISLGNEDREQFF	TRBV19*01	TRBJ2-1	1
CASSISLGTQYF	TRBV27*01	TRBJ2-3	1
CASSISNTEAFF	TRBV19*01	TRBJ1-1	1
CASSISPGAETQYF	TRBV19*01	TRBJ2-5	1
CASSISPGLAGTDTQYF	TRBV19*01	TRBJ2-3	1
CASSISPNQPQHF	TRBV19*01	TRBJ1-5	1
CASSISPSGISPLHF	TRBV19*01	TRBJ1-6	1
CASSISPWFEGNQPQHF	TRBV19*01	TRBJ1-5	1
CASSISQGAQETQYF	TRBV19*01	TRBJ2-5	3
CASSISQGTGELFF	TRBV4-1*01	TRBJ2-2	1
CASSISRQGGYEQYF	TRBV19*01	TRBJ2-7	1
CASSISRVYNEQFF	TRBV4-1*01	TRBJ2-1	1
CASSISSASNQPQHF	TRBV19*01	TRBJ1-5	1
CASSISSGELFF	TRBV19*01	TRBJ2-2	1
CASSISSTGELFF	TRBV19*01	TRBJ2-2	2
CASSISTGAEDTQYF	TRBV28*01	TRBJ2-3	1
CASSISTGNTEAFF	TRBV7-8*01	TRBJ1-1	1
CASSITDERNTEAFF	TRBV7-8*01	TRBJ1-1	1
CASSITEGEDSVSTDTQYF	TRBV6-1*01	TRBJ2-3	1
CASSITGDYEQYF	TRBV5-6*01	TRBJ2-7	1
CASSITGEQETQYF	TRBV5-8*01	TRBJ2-5	1
CASSITGGDYNEQFF	TRBV19*01	TRBJ2-1	1
CASSITGQILNTEAFF	TRBV19*01	TRBJ1-1	1
CASSITGTGFPYEQYF	TRBV19*01	TRBJ2-7	1
CASSITGTSGRIITDTQYF	TRBV7-9*01	TRBJ2-3	1
CASSITGTSNYGYTF	TRBV19*01	TRBJ1-2	1
CASSITGTTNEKLFF	TRBV9*01	TRBJ1-4	1
CASSITGWGGTEAFF	TRBV6-6*01	TRBJ1-1	1
CASSITGYSDYNEQFF	TRBV25-1*01	TRBJ2-1	1
CASSITLADGYTF	TRBV19*01	TRBJ1-2	1
CASSITLAVSSYNEQFF	TRBV11-2*01	TRBJ2-1	1
CASSITLGIGETQYF	TRBV7-8*01	TRBJ2-5	1
CASSITPSETDTQYF	TRBV19*01	TRBJ2-3	1
CASSITRGGTEAFF	TRBV10-1*01	TRBJ1-1	1
CASSITRGPKAGNTIYF	TRBV6-6*01	TRBJ1-3	1
CASSITSGSYNEQFF	TRBV19*01	TRBJ2-1	1
CASSITSGYEQYF	TRBV19*01	TRBJ2-7	1
CASSITSLETQYF	TRBV19*01	TRBJ2-5	1
CASSITVDSYEQYF	TRBV19*01	TRBJ2-7	1
CASSIVAGSAGEQYF	TRBV27*01	TRBJ2-7	1
CASSIVAWQADPYEQYF	TRBV19*01	TRBJ2-7	1
CASSIVGAHLNTGELFF	TRBV19*01	TRBJ2-2	1
CASSIVGAQPQHF	TRBV19*01	TRBJ1-5	1
CASSIVGDGPYEQYF	TRBV19*01	TRBJ2-7	1
CASSIVGGGEAFF	TRBV19*01	TRBJ1-1	1
CASSIVGGTKTGELFF	TRBV19*01	TRBJ2-2	1
CASSIVGQGAHNEQFF	TRBV19*01	TRBJ2-1	1
CASSIVGQPQHF	TRBV19*01	TRBJ1-5	1
CASSIVHRADGYTF	TRBV19*01	TRBJ1-2	1
CASSIVIDRGWNTEAFF	TRBV19*01	TRBJ1-1	1
CASSIVLTGGGEAFF	TRBV19*01	TRBJ1-1	1
CASSIVPGQWDTEAFF	TRBV19*01	TRBJ1-1	1
CASSIVPSGHTGELFF	TRBV19*01	TRBJ2-2	1
CASSIVPSSGTQYF	TRBV19*01	TRBJ2-7	1
CASSIVQGSNQPQHF	TRBV19*01	TRBJ1-5	1
CASSIVRGNEQFF	TRBV19*01	TRBJ2-1	1
CASSIVSGGAAYEQYF	TRBV19*01	TRBJ2-7	1
CASSIVSTDTQYF	TRBV19*01	TRBJ2-3	2
CASSIVVAGGRETQYF	TRBV19*01	TRBJ2-5	1
CASSIVWDRASLGTDTQYF	TRBV19*01	TRBJ2-3	1
CASSIWAYTEAFF	TRBV19*01	TRBJ1-1	1
CASSIWDSYTGELFF	TRBV19*01	TRBJ2-2	1
CASSIWGDKNIQYF	TRBV19*01	TRBJ2-4	1
CASSIWLAGTIYEQYF	TRBV19*01	TRBJ2-7	1
CASSIYAGGYTGELFF	TRBV19*01	TRBJ2-2	1
CASSIYGGAGDGYTF	TRBV19*01	TRBJ1-2	79
CASSIYGGAGNEQFF	TRBV19*01	TRBJ2-1	1
CASSIYHLAGLYETQYF	TRBV19*01	TRBJ2-5	1
CASSIYSGGYNEQFF	TRBV19*01	TRBJ2-1	1
CASSIYSNQPQHF	TRBV19*01	TRBJ1-5	4
CASSKADRVDCEQYF	TRBV21-1*01	TRBJ2-7	1
CASSKAGGGETQYF	TRBV27*01	TRBJ2-5	1
CASSKAGYNEQFF	TRBV7-9*01	TRBJ2-1	1
CASSKAIASGNTIYF	TRBV4-1*01	TRBJ1-3	1
CASSKARSLGNRGNEQFF	TRBV21-1*01	TRBJ2-1	3
CASSKASGSDEQFF	TRBV6-4*01	TRBJ2-1	1
CASSKDESDEQFF	TRBV5-4*01	TRBJ2-1	1
CASSKDGESNYGYTF	TRBV5-1*01	TRBJ1-2	1
CASSKDPYEQYF	TRBV5-1*01	TRBJ2-7	1
CASSKDRGDSPLHF	TRBV4-3*01	TRBJ1-6	1
CASSKDSAYEQYF	TRBV5-4*01	TRBJ2-7	1
CASSKDSQHEAQYF	TRBV9*01	TRBJ2-5	1
CASSKDSSIMDYGYTF	TRBV11-2*01	TRBJ1-2	1
CASSKDTDLYGYTF	TRBV19*01	TRBJ1-2	1
CASSKDTPSYNEQFF	TRBV27*01	TRBJ2-1	1
CASSKEALAGGSYEQYF	TRBV6-3*01	TRBJ2-7	1
CASSKEGGKTYNEQFF	TRBV21-1*01	TRBJ2-1	1
CASSKEGNTGELFF	TRBV4-1*01	TRBJ2-2	1
CASSKEPSGSRTYFLYYEQYF	TRBV21-1*01	TRBJ2-7	1
CASSKETGGGPYGYTF	TRBV6-1*01	TRBJ1-2	1
CASSKEVRLNTEAFF	TRBV6-3*01	TRBJ1-1	1
CASSKEWGRDTGELFF	TRBV21-1*01	TRBJ2-2	1
CASSKFGSTDTQYF	TRBV9*01	TRBJ2-3	1
CASSKGGNYEQYF	TRBV7-8*01	TRBJ2-7	1
CASSKGIGYTEAFF	TRBV27*01	TRBJ1-1	1
CASSKGLAGGLETQYF	TRBV7-6*01	TRBJ2-5	1
CASSKGLGGDQPQHF	TRBV21-1*01	TRBJ1-5	4
CASSKGLGLRFNYGYTF	TRBV18*01	TRBJ1-2	1
CASSKGLTGNYEQYF	TRBV11-3*01	TRBJ2-7	1
CASSKGMSNQPQHF	TRBV9*01	TRBJ1-5	1
CASSKGQGPNTEAFF	TRBV7-6*01	TRBJ1-1	1
CASSKGQGRPYEQYF	TRBV5-1*01	TRBJ2-7	1
CASSKGQGVTGELFF	TRBV11-2*01	TRBJ2-2	1
CASSKGRRGEKLFF	TRBV5-4*01	TRBJ1-4	1
CASSKGSGAPTGELFF	TRBV7-8*01	TRBJ2-2	1
CASSKGTGAGNTIYF	TRBV7-9*01	TRBJ1-3	1
CASSKGTSGSSLGNEQFF	TRBV21-1*01	TRBJ2-1	3
CASSKGVAGELFF	TRBV14*01	TRBJ2-2	1
CASSKGYNGEQYF	TRBV14*01	TRBJ2-7	1
CASSKGYSYEQYF	TRBV27*01	TRBJ2-7	1
CASSKHPGQGPNYGYTF	TRBV11-2*01	TRBJ1-2	1
CASSKKATDTQYF	TRBV7-9*01	TRBJ2-3	1
CASSKKDIGNQPQHF	TRBV6-1*01	TRBJ1-5	1
CASSKLAGDTGELFF	TRBV7-2*01	TRBJ2-2	1
CASSKLAGGLKNEQFF	TRBV4-1*01	TRBJ2-1	1
CASSKLAGGTDTQYF	TRBV6-5*01	TRBJ2-3	1
CASSKLFSQRGIEKNTGELFF	TRBV21-1*01	TRBJ2-2	1
CASSKLGLGDRLNTEAFF	TRBV6-3*01	TRBJ1-1	1
CASSKLTGGNTEAFF	TRBV5-1*01	TRBJ1-1	1
CASSKNRENTEAFF	TRBV27*01	TRBJ1-1	1
CASSKPDKLYGYTF	TRBV28*01	TRBJ1-2	1
CASSKPGGLTDTQYF	TRBV2*01	TRBJ2-3	1
CASSKPGQHGYTF	TRBV28*01	TRBJ1-2	1
CASSKPTNQPQHF	TRBV6-3*01	TRBJ1-5	1
CASSKQAGELFF	TRBV6-3*01	TRBJ2-2	1
CASSKQETQYF	TRBV6-6*01	TRBJ2-5	1
CASSKQGALTEAFF	TRBV6-5*01	TRBJ1-1	1
CASSKQGATEAFF	TRBV6-3*01	TRBJ1-1	1
CASSKQGFEETQYF	TRBV9*01	TRBJ2-5	1
CASSKQGSLNEQFF	TRBV4-3*01	TRBJ2-1	1
CASSKQGSTDTQYF	TRBV6-1*01	TRBJ2-3	1
CASSKQQGIRAKNIQYF	TRBV6-3*01	TRBJ2-4	1
CASSKRDLATNEKLFF	TRBV19*01	TRBJ1-4	1
CASSKRDLGGYGYTF	TRBV6-3*01	TRBJ1-2	1
CASSKRGALAKNIQYF	TRBV19*01	TRBJ2-4	1
CASSKRGVRWAQYF	TRBV6-5*01	TRBJ2-5	1
CASSKRILSYEQYF	TRBV21-1*01	TRBJ2-7	1
CASSKRPVIGSGANVLTF	TRBV6-3*01	TRBJ2-6	1
CASSKRSTGELFF	TRBV19*01	TRBJ2-2	1
CASSKSGGDYNEQFF	TRBV9*01	TRBJ2-1	1
CASSKSGGMIMNTEAFF	TRBV2*01	TRBJ1-1	1
CASSKSGGSYEQYF	TRBV2*01	TRBJ2-7	1
CASSKSLGDGETQYF	TRBV5-4*01	TRBJ2-5	1
CASSKSSANYGYTF	TRBV7-9*01	TRBJ1-2	1
CASSKSSYNEQFF	TRBV19*01	TRBJ2-1	1
CASSKSTPNTGELFF	TRBV7-8*01	TRBJ2-2	1
CASSKTGDRGLGNIQYF	TRBV7-9*01	TRBJ2-4	1
CASSKTGGGYEQYF	TRBV28*01	TRBJ2-7	3
CASSKTGHPGYTF	TRBV27*01	TRBJ1-2	1
CASSKTGQATEAFF	TRBV21-1*01	TRBJ1-1	1
CASSKTGQGARGELFF	TRBV3-1*01	TRBJ2-2	1
CASSKTGTSSYNEQFF	TRBV6-3*01	TRBJ2-1	1
CASSKTGTSVGEQFF	TRBV12-3*01	TRBJ2-1	1
CASSKTGWGKNIQYF	TRBV6-6*01	TRBJ2-4	1
CASSKTLDNEQFF	TRBV2*01	TRBJ2-1	1
CASSKTPHRVSYNSPLHF	TRBV6-5*01	TRBJ1-6	1
CASSKTSGRWYEQYF	TRBV28*01	TRBJ2-7	1
CASSKTSREADTQYF	TRBV6-3*01	TRBJ2-3	1
CASSKTTEFTQEETQYF	TRBV7-9*01	TRBJ2-5	1
CASSKVAAGELFF	TRBV4-2*01	TRBJ2-2	1
CASSKVGDEQYF	TRBV12-3*01	TRBJ2-7	1
CASSKVGDSTGELFF	TRBV21-1*01	TRBJ2-2	1
CASSKVRDSNSPLHF	TRBV27*01	TRBJ1-6	1
CASSKVRHGYTF	TRBV7-9*01	TRBJ1-2	1
CASSKVSGLLGNTIYF	TRBV19*01	TRBJ1-3	1
CASSKVVKSAGGRINIQYF	TRBV21-1*01	TRBJ2-4	1
CASSKWTELSYEQYF	TRBV7-2*01	TRBJ2-7	1
CASSKYSGFGSYEQYF	TRBV7-6*01	TRBJ2-7	1
CASSLAAANTEAFF	TRBV28*01	TRBJ1-1	1
CASSLAAASSYNEQFF	TRBV7-8*01	TRBJ2-1	1
CASSLAAAYSSYEQYF	TRBV7-2*01	TRBJ2-7	1
CASSLAADYTF	TRBV5-6*01	TRBJ1-2	1
CASSLAAEPTYNSPLHF	TRBV7-8*01	TRBJ1-6	1
CASSLAAETQYF	TRBV7-9*01	TRBJ2-5	1
CASSLAAGAGLDTQYF	TRBV27*01	TRBJ2-3	1
CASSLAAGAKNIQYF	TRBV27*01	TRBJ2-4	1
CASSLAAGAYEQYF	TRBV5-4*01	TRBJ2-7	1
CASSLAAGDGGYTF	TRBV5-1*01	TRBJ1-2	1
CASSLAAGGGRSYNEQFF	TRBV5-1*01	TRBJ2-1	1
CASSLAAGGNSPLHF	TRBV12-4*01	TRBJ1-6	1
CASSLAAGGSEQYF	TRBV11-2*01	TRBJ2-7	1
CASSLAAGKETQYF	TRBV5-6*01	TRBJ2-5	1
CASSLAAGMGGYTF	TRBV7-9*01	TRBJ1-2	1
CASSLAANTEAFF	TRBV7-9*01	TRBJ1-1	1
CASSLAAQGATNEKLFF	TRBV7-8*01	TRBJ1-4	1
CASSLAAREQFF	TRBV12-3*01	TRBJ2-1	1
CASSLAASAGVETQYF	TRBV7-8*01	TRBJ2-5	1
CASSLAASYEQYF	TRBV12-3*01	TRBJ2-7	1
CASSLAATGGPYEQYF	TRBV5-1*01	TRBJ2-7	1
CASSLAAVRGEQYF	TRBV27*01	TRBJ2-7	1
CASSLAAVSGPHTDTQYF	TRBV11-1*01	TRBJ2-3	1
CASSLAAYGDEQYF	TRBV7-9*01	TRBJ2-7	1
CASSLADGGFSYEQYF	TRBV7-9*01	TRBJ2-7	1
CASSLADGNQPQHF	TRBV7-9*01	TRBJ1-5	1
CASSLADGTEAFF	TRBV11-3*01	TRBJ1-1	1
CASSLADGYTF	TRBV7-2*01	TRBJ1-2	1
CASSLADISGSAAGEQYF	TRBV5-5*01	TRBJ2-7	1
CASSLADLTEHYGYTF	TRBV12-4*01	TRBJ1-2	1
CASSLADNEQFF	TRBV5-4*01	TRBJ2-1	1
CASSLADNTGELFF	TRBV28*01	TRBJ2-2	1
CASSLADRFLAENTIYF	TRBV7-9*01	TRBJ1-3	1
CASSLADRTFEQYF	TRBV5-6*01	TRBJ2-7	1
CASSLADSLLETQYF	TRBV5-5*01	TRBJ2-5	1
CASSLADSNTEAFF	TRBV27*01	TRBJ1-1	1
CASSLADTFSTDTQYF	TRBV7-9*01	TRBJ2-3	1
CASSLADTQYF	TRBV7-2*01	TRBJ2-3	2
CASSLAEDSKSYEQYF	TRBV5-8*01	TRBJ2-7	1
CASSLAEEAFF	TRBV5-4*01	TRBJ1-1	1
CASSLAEGDYNSPLHF	TRBV7-9*01	TRBJ1-6	1
CASSLAEGLGETQYF	TRBV5-1*01	TRBJ2-5	1
CASSLAELAGDKDTQYF	TRBV12-3*01	TRBJ2-3	1
CASSLAEREVDTQYF	TRBV7-9*01	TRBJ2-3	1
CASSLAESESVF	TRBV7-9*01	TRBJ1-4	1
CASSLAETRGETQYF	TRBV12-4*01	TRBJ2-5	1
CASSLAETSSYEQYF	TRBV7-2*01	TRBJ2-7	1
CASSLAFGFEQYF	TRBV7-8*01	TRBJ2-7	1
CASSLAFLAGELFF	TRBV27*01	TRBJ2-2	1
CASSLAFRKTEAFF	TRBV7-8*01	TRBJ1-1	1
CASSLAGAAEAFF	TRBV7-2*01	TRBJ1-1	1
CASSLAGAGKLFF	TRBV5-1*01	TRBJ1-4	1
CASSLAGAGTEAFF	TRBV7-3*01	TRBJ1-1	1
CASSLAGAKNTGELFF	TRBV7-9*01	TRBJ2-2	1
CASSLAGATYEQYF	TRBV19*01	TRBJ2-7	1
CASSLAGAVNEQFF	TRBV7-9*01	TRBJ2-1	1
CASSLAGAYEQYF	TRBV11-3*01	TRBJ2-7	1
CASSLAGAYNEQFF	TRBV27*01	TRBJ2-1	1
CASSLAGDEQYF	TRBV11-2*01	TRBJ2-7	1
CASSLAGDHLRQYF	TRBV5-6*01	TRBJ2-7	1
CASSLAGDKSLTDTQYF	TRBV7-2*01	TRBJ2-3	1
CASSLAGDRQAYEQYF	TRBV7-9*01	TRBJ2-7	1
CASSLAGDRVLVYGYTF	TRBV27*01	TRBJ1-2	1
CASSLAGDSSHYEQYF	TRBV27*01	TRBJ2-7	1
CASSLAGDSYEQYF	TRBV7-2*01	TRBJ2-7	1
CASSLAGDSYEQYF	TRBV7-9*01	TRBJ2-7	1
CASSLAGDTEAFF	TRBV5-8*01	TRBJ1-1	1
CASSLAGDYEQYF	TRBV27*01	TRBJ2-7	1
CASSLAGDYEQYF	TRBV7-3*01	TRBJ2-7	1
CASSLAGEETQYF	TRBV11-2*01	TRBJ2-5	1
CASSLAGEETQYF	TRBV5-6*01	TRBJ2-5	1
CASSLAGEGEQFF	TRBV5-6*01	TRBJ2-1	1
CASSLAGELFF	TRBV27*01	TRBJ2-2	1
CASSLAGETQYF	TRBV7-8*01	TRBJ2-5	1
CASSLAGEVDTQYF	TRBV7-9*01	TRBJ2-3	1
CASSLAGFPDGYTF	TRBV13*01	TRBJ1-2	1
CASSLAGGAKNIQYF	TRBV12-3*01	TRBJ2-4	1
CASSLAGGDYNEQFF	TRBV6-5*01	TRBJ2-1	1
CASSLAGGEGTEAFF	TRBV7-6*01	TRBJ1-1	1
CASSLAGGENTGELFF	TRBV7-9*01	TRBJ2-2	1
CASSLAGGGLAGEAGELFF	TRBV7-8*01	TRBJ2-2	1
CASSLAGGGLPEETQYF	TRBV5-6*01	TRBJ2-5	1
CASSLAGGGLSNEQFF	TRBV12-4*01	TRBJ2-1	1
CASSLAGGIDTQYF	TRBV11-3*01	TRBJ2-3	1
CASSLAGGLAGPEQFF	TRBV7-6*01	TRBJ2-1	1
CASSLAGGLDEQFF	TRBV12-4*01	TRBJ2-1	1
CASSLAGGLGPYYEQYF	TRBV7-2*01	TRBJ2-7	1
CASSLAGGLTDTQYF	TRBV5-4*01	TRBJ2-3	1
CASSLAGGLTDTQYF	TRBV5-6*01	TRBJ2-3	1
CASSLAGGLTDTQYF	TRBV7-3*01	TRBJ2-3	1
CASSLAGGNEQFF	TRBV28*01	TRBJ2-1	1
CASSLAGGNTIYF	TRBV7-8*01	TRBJ1-3	2
CASSLAGGPEQFF	TRBV7-2*01	TRBJ2-1	1
CASSLAGGPSYNEQFF	TRBV11-2*01	TRBJ2-1	1
CASSLAGGPSYNEQFF	TRBV7-3*01	TRBJ2-1	1
CASSLAGGPVYNEQFF	TRBV5-1*01	TRBJ2-1	1
CASSLAGGRADTQYF	TRBV9*01	TRBJ2-3	1
CASSLAGGRNEQFF	TRBV12-3*01	TRBJ2-1	1
CASSLAGGSPLHF	TRBV7-9*01	TRBJ1-6	1
CASSLAGGTDTQYF	TRBV12-4*01	TRBJ2-3	1
CASSLAGGTDTQYF	TRBV27*01	TRBJ2-3	1
CASSLAGGTDTQYF	TRBV5-1*01	TRBJ2-3	1
CASSLAGGTDTQYF	TRBV7-2*01	TRBJ2-3	1
CASSLAGGVDTQYF	TRBV11-2*01	TRBJ2-3	1
CASSLAGGVDTQYF	TRBV12-3*01	TRBJ2-5	1
CASSLAGGYASNEQFF	TRBV7-2*01	TRBJ2-1	1
CASSLAGGYEQYF	TRBV11-2*01	TRBJ2-7	1
CASSLAGGYTEAFF	TRBV5-4*01	TRBJ1-1	1
CASSLAGGYVAYEQYF	TRBV7-9*01	TRBJ2-7	1
CASSLAGIGMPQETQYF	TRBV12-3*01	TRBJ2-5	1
CASSLAGKGAQHF	TRBV27*01	TRBJ1-5	1
CASSLAGLAGETQYF	TRBV5-6*01	TRBJ2-5	1
CASSLAGLAGGELFF	TRBV7-8*01	TRBJ2-2	1
CASSLAGLAGTSYEQYF	TRBV11-2*01	TRBJ2-7	1
CASSLAGLAVNTGELFF	TRBV5-1*01	TRBJ2-2	1
CASSLAGLGVNEQFF	TRBV5-6*01	TRBJ2-1	1
CASSLAGLGVVEKLFF	TRBV5-1*01	TRBJ1-4	1
CASSLAGLHYEQYF	TRBV27*01	TRBJ2-7	1
CASSLAGLIGLAGGGGYNEQFF	TRBV7-2*01	TRBJ2-1	1
CASSLAGLLDTQYF	TRBV5-1*01	TRBJ2-3	1
CASSLAGLNPYNEQFF	TRBV5-1*01	TRBJ2-1	1
CASSLAGLPYTGELFF	TRBV7-2*01	TRBJ2-2	1
CASSLAGLSEGYEQFF	TRBV5-1*01	TRBJ2-1	1
CASSLAGLVSYEQYF	TRBV7-9*01	TRBJ2-7	1
CASSLAGMGAVNYGYTF	TRBV27*01	TRBJ1-2	1
CASSLAGNQPQHF	TRBV12-4*01	TRBJ1-5	1
CASSLAGNTEAFF	TRBV27*01	TRBJ1-1	2
CASSLAGPAADRPYNEQFF	TRBV11-2*01	TRBJ2-1	1
CASSLAGPGAGGEQFF	TRBV7-8*01	TRBJ2-1	1
CASSLAGPHTGELFF	TRBV7-2*01	TRBJ2-2	1
CASSLAGPKGYTF	TRBV7-9*01	TRBJ1-2	1
CASSLAGPNTEAFF	TRBV5-6*01	TRBJ1-1	1
CASSLAGPRTDTQYF	TRBV7-9*01	TRBJ2-3	1
CASSLAGPVTGEQFF	TRBV7-2*01	TRBJ2-1	1
CASSLAGQEQYF	TRBV5-1*01	TRBJ2-7	1
CASSLAGQGFQHF	TRBV7-2*01	TRBJ1-5	1
CASSLAGQGGYGYTF	TRBV7-2*01	TRBJ1-2	1
CASSLAGQGPGGYGYTF	TRBV7-9*01	TRBJ1-2	1
CASSLAGQQFF	TRBV7-3*01	TRBJ2-1	1
CASSLAGQTF	TRBV7-9*01	TRBJ1-1	3
CASSLAGQVKTEAFF	TRBV5-1*01	TRBJ1-1	1
CASSLAGQVNEQYF	TRBV12-4*01	TRBJ2-7	1
CASSLAGQVYEQYF	TRBV5-4*01	TRBJ2-7	1
CASSLAGREQYF	TRBV5-4*01	TRBJ2-7	1
CASSLAGRETEAFF	TRBV5-1*01	TRBJ1-1	1
CASSLAGRGEQFF	TRBV27*01	TRBJ2-1	1
CASSLAGRHTTSGANVLTF	TRBV5-5*01	TRBJ2-6	1
CASSLAGRNTEAFF	TRBV5-6*01	TRBJ1-1	1
CASSLAGRTANQPQHF	TRBV7-2*01	TRBJ1-5	1
CASSLAGSGSKDTQYF	TRBV7-9*01	TRBJ2-3	1
CASSLAGSGSSYNEQFF	TRBV7-8*01	TRBJ2-1	1
CASSLAGSGSTDTQYF	TRBV7-2*01	TRBJ2-3	1
CASSLAGSIYNEQFF	TRBV7-2*01	TRBJ2-1	1
CASSLAGSNQPQHF	TRBV28*01	TRBJ1-5	1
CASSLAGSNYGYTF	TRBV12-3*01	TRBJ1-2	1
CASSLAGSRELFF	TRBV5-1*01	TRBJ2-2	1
CASSLAGSSGNEQFF	TRBV18*01	TRBJ2-1	1
CASSLAGSSYEQYF	TRBV7-2*01	TRBJ2-7	1
CASSLAGSTNYGYTF	TRBV5-5*01	TRBJ1-2	1
CASSLAGSYEQYF	TRBV7-9*01	TRBJ2-7	1
CASSLAGSYNEQFF	TRBV12-3*01	TRBJ2-1	1
CASSLAGSYNEQFF	TRBV5-4*01	TRBJ2-1	1
CASSLAGTANTEAFF	TRBV27*01	TRBJ1-1	1
CASSLAGTDYNEQFF	TRBV7-3*01	TRBJ2-1	1
CASSLAGTGEIYEQYF	TRBV5-1*01	TRBJ2-7	1
CASSLAGTGELFF	TRBV5-6*01	TRBJ2-2	1
CASSLAGTGELFF	TRBV7-2*01	TRBJ2-2	1
CASSLAGTGGSNEQFF	TRBV5-1*01	TRBJ2-1	1
CASSLAGTGTYEQYF	TRBV13*01	TRBJ2-7	1
CASSLAGTGYEQYF	TRBV27*01	TRBJ2-7	1
CASSLAGTNYGYTF	TRBV5-4*01	TRBJ1-2	1
CASSLAGTSGNYEQYF	TRBV12-3*01	TRBJ2-7	1
CASSLAGTSGRDEQFF	TRBV4-1*01	TRBJ2-1	1
CASSLAGTSGYEQYF	TRBV7-6*01	TRBJ2-7	1
CASSLAGTYEQYF	TRBV27*01	TRBJ2-7	1
CASSLAGVENQPQHF	TRBV5-1*01	TRBJ1-5	1
CASSLAGVFFGNEKLFF	TRBV5-1*01	TRBJ1-4	6
CASSLAGVGYEQYF	TRBV5-1*01	TRBJ2-7	1
CASSLAGVSTDTQYF	TRBV5-8*01	TRBJ2-3	1
CASSLAGVSYEQYF	TRBV5-1*01	TRBJ2-7	1
CASSLAGVYGYTF	TRBV5-4*01	TRBJ1-2	1
CASSLAGWKLFF	TRBV12-3*01	TRBJ1-4	1
CASSLAGWSGIEQFF	TRBV11-2*01	TRBJ2-1	2
CASSLAGWSYNSPLHF	TRBV11-2*01	TRBJ1-6	1
CASSLAGWSYTGELFF	TRBV5-6*01	TRBJ2-2	1
CASSLAGYSYNEQFF	TRBV7-9*01	TRBJ2-1	1
CASSLAGYTGELFF	TRBV11-2*01	TRBJ2-2	7
CASSLAHRLAGGPVFNEQFF	TRBV7-8*01	TRBJ2-1	1
CASSLAHTGELFF	TRBV11-3*01	TRBJ2-2	1
CASSLAHVANYGYTF	TRBV7-8*01	TRBJ1-2	1
CASSLAHWPHRGLTYNEQFF	TRBV27*01	TRBJ2-1	2
CASSLAIQGYGEQFF	TRBV7-9*01	TRBJ2-1	1
CASSLAISSEQYF	TRBV12-4*01	TRBJ2-7	1
CASSLAITSGIYREQYF	TRBV7-8*01	TRBJ2-7	1
CASSLAKGGGYNYGYTF	TRBV5-1*01	TRBJ1-2	1
CASSLAKNIQYF	TRBV19*01	TRBJ2-4	1
CASSLAKWDPNTGELFF	TRBV7-2*01	TRBJ2-2	1
CASSLALAARTGEQYF	TRBV5-4*01	TRBJ2-7	1
CASSLALAGGSYEQYF	TRBV7-9*01	TRBJ2-7	1
CASSLALAGVDTQYF	TRBV7-3*01	TRBJ2-3	1
CASSLALAPRSYNEQFF	TRBV5-6*01	TRBJ2-1	1
CASSLALASTDTQYF	TRBV11-2*01	TRBJ2-3	1
CASSLALAVDTQYF	TRBV5-6*01	TRBJ2-3	1
CASSLALDFNTEAFF	TRBV12-4*01	TRBJ1-1	1
CASSLALDGTGELFF	TRBV12-4*01	TRBJ2-2	1
CASSLALDTYNEQFF	TRBV5-6*01	TRBJ2-1	1
CASSLALGESVNEQFF	TRBV7-8*01	TRBJ2-1	1
CASSLALGGGTHNVLTF	TRBV5-6*01	TRBJ2-6	1
CASSLALGTGRYSSYEQYF	TRBV12-4*01	TRBJ2-7	1
CASSLALGVDPRHLQETQYF	TRBV12-4*01	TRBJ2-5	1
CASSLALIETQYF	TRBV7-9*01	TRBJ2-5	1
CASSLALPTDTQYF	TRBV6-3*01	TRBJ2-3	1
CASSLALSDTEQYF	TRBV5-5*01	TRBJ2-7	1
CASSLALSHNSPLHF	TRBV7-2*01	TRBJ1-6	1
CASSLALSSGGANTGELFF	TRBV7-9*01	TRBJ2-2	1
CASSLALTGGIAYEQYF	TRBV7-2*01	TRBJ2-7	1
CASSLALTGSANTEAFF	TRBV11-2*01	TRBJ1-1	1
CASSLALVPHNEQFF	TRBV18*01	TRBJ2-1	1
CASSLALWDINQPQHF	TRBV7-9*01	TRBJ1-5	1
CASSLAMLNEQFF	TRBV7-9*01	TRBJ2-1	1
CASSLAMREGAYNEQFF	TRBV7-6*01	TRBJ2-1	1
CASSLAMTSGGYNEQFF	TRBV5-4*01	TRBJ2-1	1
CASSLANLAAYEQYF	TRBV5-1*01	TRBJ2-7	1
CASSLANNYEQYF	TRBV27*01	TRBJ2-7	1
CASSLANTDTQYF	TRBV13*01	TRBJ2-3	1
CASSLAPAGEPYEQYF	TRBV7-9*01	TRBJ2-7	1
CASSLAPANTGELFF	TRBV16*01	TRBJ2-2	1
CASSLAPASDEQYF	TRBV7-2*01	TRBJ2-7	1
CASSLAPASKYEQYF	TRBV7-8*01	TRBJ2-7	1
CASSLAPDNYYGYTF	TRBV7-9*01	TRBJ1-2	1
CASSLAPDYEQYF	TRBV7-2*01	TRBJ2-7	1
CASSLAPEAGYEQYF	TRBV5-5*01	TRBJ2-7	1
CASSLAPFEAFF	TRBV7-2*01	TRBJ1-1	1
CASSLAPGAGYTF	TRBV12-4*01	TRBJ1-2	1
CASSLAPGASGRSYNEQFF	TRBV11-2*01	TRBJ2-1	1
CASSLAPGIHYGYTF	TRBV12-3*01	TRBJ1-2	1
CASSLAPGLAWDTQYF	TRBV7-6*01	TRBJ2-3	1
CASSLAPGLGDTGELFF	TRBV7-8*01	TRBJ2-2	1
CASSLAPGQGPIKETQYF	TRBV7-9*01	TRBJ2-5	1
CASSLAPGSYGNTIYF	TRBV7-9*01	TRBJ1-3	1
CASSLAPKRGEPYEQYF	TRBV7-2*01	TRBJ2-7	1
CASSLAPLGQPQHF	TRBV7-8*01	TRBJ1-5	1
CASSLAPNQETQYF	TRBV7-9*01	TRBJ2-5	2
CASSLAPPSSYNEQFF	TRBV11-2*01	TRBJ2-1	1
CASSLAPQGARDNEQFF	TRBV7-9*01	TRBJ2-1	1
CASSLAPRGRGGSNEQYF	TRBV5-1*01	TRBJ2-7	1
CASSLAPRTSGGAKETQYF	TRBV7-9*01	TRBJ2-5	1
CASSLAPSFFEQYF	TRBV12-3*01	TRBJ2-7	1
CASSLAPSGEQFF	TRBV5-1*01	TRBJ2-1	1
CASSLAPSGVDEQFF	TRBV12-4*01	TRBJ2-1	1
CASSLAPSTSGRVHNEQFF	TRBV5-1*01	TRBJ2-1	1
CASSLAPYEQYF	TRBV11-2*01	TRBJ2-7	1
CASSLAPYEQYF	TRBV7-8*01	TRBJ2-7	1
CASSLAPYEQYF	TRBV7-9*01	TRBJ2-7	1
CASSLAQFYGYTF	TRBV28*01	TRBJ1-2	1
CASSLAQGAITEAFF	TRBV7-9*01	TRBJ1-1	1
CASSLAQGGFSYEQYF	TRBV7-3*01	TRBJ2-7	1
CASSLAQGLAKNIQYF	TRBV5-6*01	TRBJ2-4	2
CASSLAQGLAYEQYF	TRBV27*01	TRBJ2-7	1
CASSLAQGRTEAFF	TRBV5-1*01	TRBJ1-1	1
CASSLAQGSSGGYTF	TRBV27*01	TRBJ1-2	1
CASSLAQRDSNEQFF	TRBV11-1*01	TRBJ2-1	2
CASSLAQWRRDRRGYNEQFF	TRBV7-2*01	TRBJ2-1	1
CASSLARAFEQYF	TRBV7-8*01	TRBJ2-7	1
CASSLARAGGFNTQYF	TRBV5-6*01	TRBJ2-3	1
CASSLARDEQYF	TRBV7-8*01	TRBJ2-7	1
CASSLARENNEQFF	TRBV7-9*01	TRBJ2-1	1
CASSLARGAYEQYF	TRBV5-1*01	TRBJ2-7	1
CASSLARGEKLFF	TRBV7-9*01	TRBJ1-4	1
CASSLARGLNTEAFF	TRBV12-3*01	TRBJ1-1	1
CASSLARGMPYEQYF	TRBV7-9*01	TRBJ2-7	1
CASSLARGTGGSQPQHF	TRBV7-8*01	TRBJ1-5	1
CASSLARGTTGELFF	TRBV11-1*01	TRBJ2-2	1
CASSLARNTGQWETQYF	TRBV7-9*01	TRBJ2-5	1
CASSLARRDWRGNQPQHF	TRBV28*01	TRBJ1-5	1
CASSLARSPGGTEAFF	TRBV5-6*01	TRBJ1-1	1
CASSLARTEDNYEQYF	TRBV12-3*01	TRBJ2-7	46
CASSLARTGGDKTEAFF	TRBV11-2*01	TRBJ1-1	1
CASSLARTGLTDTQYF	TRBV7-2*01	TRBJ2-3	1
CASSLASASGAYEQYF	TRBV7-9*01	TRBJ2-7	1
CASSLASERSTYEQYF	TRBV7-8*01	TRBJ2-7	1
CASSLASGATYQETQYF	TRBV13*01	TRBJ2-5	1
CASSLASGGFESYEQYF	TRBV7-9*01	TRBJ2-7	1
CASSLASGGTDTQYF	TRBV5-8*01	TRBJ2-3	1
CASSLASGNYEQYF	TRBV7-6*01	TRBJ2-7	1
CASSLASGPSYEQYF	TRBV11-2*01	TRBJ2-7	1
CASSLASGPYEQYF	TRBV27*01	TRBJ2-7	1
CASSLASGRAGSKTQYF	TRBV7-9*01	TRBJ2-5	1
CASSLASGRETQYF	TRBV5-6*01	TRBJ2-5	1
CASSLASGTPHEQYF	TRBV7-6*01	TRBJ2-7	1
CASSLASGTTDTQYF	TRBV28*01	TRBJ2-3	1
CASSLASGWNEQYF	TRBV27*01	TRBJ2-7	1
CASSLASLLQETSGANVLTF	TRBV7-8*01	TRBJ2-6	1
CASSLASLSYEQYF	TRBV28*01	TRBJ2-7	1
CASSLASNQPQHF	TRBV5-6*01	TRBJ1-5	2
CASSLASQNTEAFF	TRBV7-8*01	TRBJ1-1	1
CASSLASRGQSGELFF	TRBV7-6*01	TRBJ2-2	1
CASSLASTDTQYF	TRBV7-9*01	TRBJ2-3	1
CASSLASTSGGYEQFF	TRBV7-2*01	TRBJ2-1	1
CASSLASVAGASHRQFF	TRBV5-6*01	TRBJ2-1	1
CASSLASYGYTF	TRBV5-5*01	TRBJ1-2	1
CASSLATDIKNEQFF	TRBV7-9*01	TRBJ2-1	1
CASSLATDTQYF	TRBV7-9*01	TRBJ2-3	1
CASSLATETQYF	TRBV5-4*01	TRBJ2-5	1
CASSLATGELFF	TRBV5-4*01	TRBJ2-2	1
CASSLATGSSYEQYF	TRBV11-1*01	TRBJ2-7	1
CASSLATGVQDIQYF	TRBV5-6*01	TRBJ2-4	1
CASSLATGYEQYF	TRBV11-2*01	TRBJ2-7	1
CASSLATGYPPRGNEKLFF	TRBV7-9*01	TRBJ1-4	1
CASSLATINEKLFF	TRBV5-4*01	TRBJ1-4	1
CASSLATIPGTSGTYNEQFF	TRBV7-3*01	TRBJ2-1	1
CASSLATNGETQYF	TRBV5-1*01	TRBJ2-5	1
CASSLATNHRDRGSYEQYF	TRBV7-6*01	TRBJ2-7	1
CASSLATREGSSYNEQFF	TRBV5-1*01	TRBJ2-1	1
CASSLATRGFSTFRGYTF	TRBV7-8*01	TRBJ1-2	1
CASSLATSFEQYF	TRBV7-9*01	TRBJ2-7	1
CASSLATSGQFF	TRBV7-9*01	TRBJ2-1	1
CASSLATSGRARSYETQYF	TRBV7-9*01	TRBJ2-5	1
CASSLATSGREWAGELFF	TRBV7-2*01	TRBJ2-2	1
CASSLATSGWWDTQYF	TRBV5-5*01	TRBJ2-3	1
CASSLATSPLMNTEAFF	TRBV7-9*01	TRBJ1-1	1
CASSLATSSYEQYF	TRBV5-4*01	TRBJ2-7	1
CASSLAVEESNQPQHF	TRBV5-6*01	TRBJ1-5	1
CASSLAVGLADGYTF	TRBV7-2*01	TRBJ1-2	1
CASSLAVGVSYGYTF	TRBV11-2*01	TRBJ1-2	1
CASSLAVQTARLRSYTF	TRBV5-1*01	TRBJ1-2	2
CASSLAVRLGEKLFF	TRBV7-9*01	TRBJ1-4	1
CASSLAVSSYNEQFF	TRBV27*01	TRBJ2-1	1
CASSLAVTASGFFYEQYF	TRBV11-1*01	TRBJ2-7	1
CASSLAVVNEQFF	TRBV5-5*01	TRBJ2-1	1
CASSLAVWGGDNEQFF	TRBV7-8*01	TRBJ2-1	1
CASSLAVWWTEGPGANVLTF	TRBV12-3*01	TRBJ2-6	1
CASSLAVYQPQHF	TRBV12-4*01	TRBJ1-5	1
CASSLAWAGTDTQYF	TRBV7-6*01	TRBJ2-3	1
CASSLAWGDAYEQYF	TRBV5-4*01	TRBJ2-7	1
CASSLAWGDGPYNEQFF	TRBV5-1*01	TRBJ2-1	1
CASSLAWGGKLFF	TRBV5-1*01	TRBJ1-4	1
CASSLAWGGTDTQYF	TRBV5-4*01	TRBJ2-3	1
CASSLAWGQPQHF	TRBV28*01	TRBJ1-5	1
CASSLAWRFFGGAYEQYF	TRBV7-8*01	TRBJ2-7	1
CASSLAWRLAGGYEQYF	TRBV5-1*01	TRBJ2-7	1
CASSLAWSGEGEQFF	TRBV11-1*01	TRBJ2-1	1
CASSLAWSGHGYTF	TRBV5-6*01	TRBJ1-2	1
CASSLAWTAEQFF	TRBV7-8*01	TRBJ2-1	1
CASSLAYEGDGNTIYF	TRBV5-1*01	TRBJ1-3	1
CASSLAYEQYF	TRBV11-2*01	TRBJ2-7	2
CASSLAYEQYF	TRBV12-3*01	TRBJ2-7	1
CASSLAYGPNYGYTF	TRBV5-1*01	TRBJ1-2	1
CASSLAYGYTF	TRBV7-9*01	TRBJ1-2	1
CASSLAYLGQGVSGYTF	TRBV7-8*01	TRBJ1-2	1
CASSLAYLWAGRGNEQFF	TRBV12-4*01	TRBJ2-1	1
CASSLAYPSYEQYF	TRBV7-8*01	TRBJ2-7	1
CASSLAYRLAGWTNQETQYF	TRBV7-9*01	TRBJ2-5	1
CASSLAYSSGNTIYF	TRBV5-1*01	TRBJ1-3	1
CASSLCCATNEKLFF	TRBV28*01	TRBJ1-4	1
CASSLCCSPNTGELFF	TRBV7-9*01	TRBJ2-2	1
CASSLCLHGRAEREAYEQYF	TRBV28*01	TRBJ2-7	1
CASSLCPLPTVCYEKLFF	TRBV28*01	TRBJ1-4	1
CASSLDAFSGNTIYF	TRBV4-3*01	TRBJ1-3	1
CASSLDAGIRRNEQFF	TRBV28*01	TRBJ2-1	1
CASSLDAGSPLHF	TRBV27*01	TRBJ1-6	1
CASSLDAKDLAVNNEQFF	TRBV7-2*01	TRBJ2-1	1
CASSLDANTEAFF	TRBV6-5*01	TRBJ1-1	1
CASSLDASSYEQYF	TRBV5-1*01	TRBJ2-7	1
CASSLDAYNEQFF	TRBV5-1*01	TRBJ2-1	1
CASSLDDGPNYEQYF	TRBV5-1*01	TRBJ2-7	1
CASSLDDRLADRHTQYF	TRBV5-6*01	TRBJ2-3	1
CASSLDDSGTGPYEQYF	TRBV7-2*01	TRBJ2-7	1
CASSLDDSYNEQFF	TRBV11-2*01	TRBJ2-1	1
CASSLDDTDTQYF	TRBV18*01	TRBJ2-3	1
CASSLDDVSYIYTGELFF	TRBV7-2*01	TRBJ2-2	1
CASSLDDYKFF	TRBV7-8*01	TRBJ2-1	1
CASSLDEGEQYF	TRBV7-9*01	TRBJ2-7	1
CASSLDEGTNEKLFF	TRBV4-1*01	TRBJ1-4	1
CASSLDEQYF	TRBV7-9*01	TRBJ2-3	1
CASSLDEYDTQYF	TRBV7-7*01	TRBJ2-3	1
CASSLDFAAGELFF	TRBV11-2*01	TRBJ2-2	1
CASSLDFWGGGNEQFF	TRBV11-2*01	TRBJ2-1	1
CASSLDFYGYTF	TRBV19*01	TRBJ1-2	1
CASSLDGAMNEQYF	TRBV12-4*01	TRBJ2-7	1
CASSLDGAPKFF	TRBV7-2*01	TRBJ2-1	1
CASSLDGDTQYF	TRBV7-9*01	TRBJ2-3	1
CASSLDGEEEKLFF	TRBV6-3*01	TRBJ1-4	1
CASSLDGEGYEQYF	TRBV5-1*01	TRBJ2-7	1
CASSLDGEGYGAFTDTQYF	TRBV11-2*01	TRBJ2-3	1
CASSLDGGAYNEQFF	TRBV13*01	TRBJ2-1	1
CASSLDGGGSGNTIYF	TRBV5-4*01	TRBJ1-3	1
CASSLDGGNYNEQFF	TRBV5-1*01	TRBJ2-1	1
CASSLDGGPEAFF	TRBV7-6*01	TRBJ1-1	1
CASSLDGGPGQGRYGYTF	TRBV11-2*01	TRBJ1-2	1
CASSLDGLFYEQYF	TRBV5-1*01	TRBJ2-7	1
CASSLDGLVTGNTIYF	TRBV5-1*01	TRBJ1-3	1
CASSLDGNEQFF	TRBV12-4*01	TRBJ2-1	1
CASSLDGNEQYF	TRBV5-1*01	TRBJ2-7	1
CASSLDGNNEQFF	TRBV5-1*01	TRBJ2-1	1
CASSLDGNPSF	TRBV7-9*01	TRBJ2-7	1
CASSLDGNTEAFF	TRBV11-2*01	TRBJ1-1	1
CASSLDGPEAWETQYF	TRBV11-2*01	TRBJ2-5	1
CASSLDGPGTDTQYF	TRBV12-4*01	TRBJ2-3	1
CASSLDGPPGEDSYEQYF	TRBV7-9*01	TRBJ2-7	1
CASSLDGQGSDTQYF	TRBV7-2*01	TRBJ2-3	1
CASSLDGQSVITAFF	TRBV11-1*01	TRBJ1-1	1
CASSLDGRGTEAFF	TRBV7-2*01	TRBJ1-1	1
CASSLDGSNQPQHF	TRBV5-1*01	TRBJ1-5	1
CASSLDGSNQPQHF	TRBV7-9*01	TRBJ1-5	1
CASSLDGSSYNEQFF	TRBV7-9*01	TRBJ2-1	1
CASSLDGSTYEQYF	TRBV5-8*01	TRBJ2-7	1
CASSLDGSVETQYF	TRBV5-1*01	TRBJ2-5	1
CASSLDGSYEQYF	TRBV7-2*01	TRBJ2-7	1
CASSLDGTAIGGNIQYF	TRBV5-1*01	TRBJ2-4	1
CASSLDGTGTRNTEAFF	TRBV11-2*01	TRBJ1-1	1
CASSLDGTGVGANVLTF	TRBV5-4*01	TRBJ2-6	1
CASSLDGTLDEQYF	TRBV7-2*01	TRBJ2-7	1
CASSLDGVRGGKDGYTF	TRBV7-9*01	TRBJ1-2	5
CASSLDGWLSTEAFF	TRBV7-9*01	TRBJ1-1	1
CASSLDGWYRAYQETQYF	TRBV28*01	TRBJ2-5	1
CASSLDHASYNEQFF	TRBV7-3*01	TRBJ2-1	1
CASSLDHEQFF	TRBV27*01	TRBJ2-1	1
CASSLDHRGTQYF	TRBV11-3*01	TRBJ2-5	1
CASSLDHTPYEQYF	TRBV12-3*01	TRBJ2-7	1
CASSLDIGTEEAGGGYF	TRBV5-6*01	TRBJ2-7	1
CASSLDIQVSYEQYF	TRBV7-9*01	TRBJ2-7	1
CASSLDITSGHGELFF	TRBV11-2*01	TRBJ2-2	1
CASSLDIWTWDRSVYNEQFF	TRBV11-2*01	TRBJ2-1	1
CASSLDKNRGLTEAFF	TRBV11-1*01	TRBJ1-1	1
CASSLDLAGTGANVLTF	TRBV7-2*01	TRBJ2-6	2
CASSLDLAVDNEQFF	TRBV5-1*01	TRBJ2-1	1
CASSLDLDIQYF	TRBV11-2*01	TRBJ2-4	1
CASSLDLGIYEQYF	TRBV6-5*01	TRBJ2-7	1
CASSLDLGMNGFF	TRBV11-2*01	TRBJ1-1	1
CASSLDLIPAGGSTPYNEQFF	TRBV11-2*01	TRBJ2-1	5
CASSLDLQNEKLFF	TRBV11-2*01	TRBJ1-4	1
CASSLDLRGGNEKLFF	TRBV7-9*01	TRBJ1-4	1
CASSLDLRGTEAFF	TRBV12-4*01	TRBJ1-1	1
CASSLDLRIEQYF	TRBV11-2*01	TRBJ2-7	1
CASSLDLRTSNQPQHF	TRBV12-3*01	TRBJ1-5	1
CASSLDLSGADTQYF	TRBV5-1*01	TRBJ2-3	1
CASSLDLTAGNTEAFF	TRBV7-8*01	TRBJ1-1	1
CASSLDLVYEQYF	TRBV7-8*01	TRBJ2-7	1
CASSLDMLQFGTEAFF	TRBV12-3*01	TRBJ1-1	1
CASSLDNFSEAFF	TRBV5-5*01	TRBJ1-1	1
CASSLDNNLEQYF	TRBV11-3*01	TRBJ2-7	1
CASSLDNRGGTEAFF	TRBV7-9*01	TRBJ1-1	1
CASSLDNTEAFF	TRBV5-1*01	TRBJ1-1	1
CASSLDPDRVFREQYF	TRBV5-5*01	TRBJ2-7	1
CASSLDPGAFF	TRBV7-9*01	TRBJ1-1	1
CASSLDPGAGVYEQYF	TRBV7-2*01	TRBJ2-7	1
CASSLDPGEQYF	TRBV5-6*01	TRBJ2-7	1
CASSLDPGLPGLAGSTDTQYF	TRBV12-4*01	TRBJ2-3	1
CASSLDPGNYEQYF	TRBV7-2*01	TRBJ2-7	1
CASSLDPGQGWTNTEAFF	TRBV18*01	TRBJ1-1	1
CASSLDPGRTEAFF	TRBV5-5*01	TRBJ1-1	4
CASSLDPGTNYGYTF	TRBV7-2*01	TRBJ1-2	1
CASSLDPGVSYNEQFF	TRBV7-8*01	TRBJ2-1	1
CASSLDPGWYGYTF	TRBV7-9*01	TRBJ1-2	1
CASSLDPISDGYTF	TRBV11-2*01	TRBJ1-2	1
CASSLDPLDTQYF	TRBV7-2*01	TRBJ2-3	1
CASSLDPLSYEQYF	TRBV11-2*01	TRBJ2-7	1
CASSLDPNSPLHF	TRBV5-6*01	TRBJ1-6	1
CASSLDPQKNTGELFF	TRBV5-1*01	TRBJ2-2	1
CASSLDPSSSYEQYF	TRBV7-9*01	TRBJ2-7	1
CASSLDPTGTYEQYF	TRBV27*01	TRBJ2-7	1
CASSLDPTNTGELFF	TRBV4-1*01	TRBJ2-2	1
CASSLDPVGPQYF	TRBV11-2*01	TRBJ2-5	1
CASSLDPVIGYEQYF	TRBV7-8*01	TRBJ2-7	1
CASSLDPVSGNTIYF	TRBV5-1*01	TRBJ1-3	1
CASSLDPYNEQFF	TRBV7-3*01	TRBJ2-1	1
CASSLDQDTFLGVVTGELFF	TRBV7-2*01	TRBJ2-2	1
CASSLDQGAYEQYF	TRBV5-1*01	TRBJ2-7	1
CASSLDQPIQYF	TRBV11-2*01	TRBJ2-4	1
CASSLDQREYAYEQYF	TRBV5-1*01	TRBJ2-7	1
CASSLDQRGSRKNIQYF	TRBV12-3*01	TRBJ2-4	1
CASSLDQTYEQYF	TRBV7-6*01	TRBJ2-7	1
CASSLDRAGGLNTGELFF	TRBV7-6*01	TRBJ2-2	1
CASSLDRAGGQETQYF	TRBV11-2*01	TRBJ2-5	1
CASSLDRAGYYGYTF	TRBV7-8*01	TRBJ1-2	1
CASSLDRDASYNEQFF	TRBV7-9*01	TRBJ2-1	2
CASSLDRDWGSYEQYF	TRBV5-6*01	TRBJ2-7	1
CASSLDREETQYF	TRBV7-9*01	TRBJ2-5	1
CASSLDREVVTYEQYF	TRBV5-6*01	TRBJ2-7	1
CASSLDRGARGYTF	TRBV7-6*01	TRBJ1-2	1
CASSLDRGILWTEAFF	TRBV5-4*01	TRBJ1-1	1
CASSLDRGTYEQYF	TRBV5-4*01	TRBJ2-7	1
CASSLDRGVGDEQFF	TRBV5-6*01	TRBJ2-1	1
CASSLDRGVRKLFF	TRBV7-9*01	TRBJ1-4	1
CASSLDRHADTQYF	TRBV5-1*01	TRBJ2-3	1
CASSLDRHLSGANVLTF	TRBV7-9*01	TRBJ2-6	1
CASSLDRLGYEQYF	TRBV11-2*01	TRBJ2-7	1
CASSLDRLNTIYF	TRBV4-2*01	TRBJ1-3	1
CASSLDRLVLYNEQFF	TRBV11-1*01	TRBJ2-1	1
CASSLDRNQPQHF	TRBV27*01	TRBJ1-5	1
CASSLDRNQPQHF	TRBV7-3*01	TRBJ1-5	1
CASSLDRPLIGQAYEQYF	TRBV11-2*01	TRBJ2-7	1
CASSLDRRDLGNTIYF	TRBV5-4*01	TRBJ1-3	1
CASSLDRRMLHF	TRBV5-4*01	TRBJ1-6	1
CASSLDRRSSYEQYF	TRBV5-6*01	TRBJ2-7	1
CASSLDRSSYEQYF	TRBV5-4*01	TRBJ2-7	1
CASSLDRSSYNEQFF	TRBV6-3*01	TRBJ2-1	1
CASSLDRSSYNSPLHF	TRBV11-2*01	TRBJ1-6	1
CASSLDRTGDEKLFF	TRBV7-8*01	TRBJ1-4	1
CASSLDRTGEYEQYF	TRBV5-6*01	TRBJ2-7	1
CASSLDRTGLQETQYF	TRBV5-1*01	TRBJ2-5	1
CASSLDRTRETQYF	TRBV7-8*01	TRBJ2-5	1
CASSLDRTSRSTDTQYF	TRBV5-8*01	TRBJ2-3	3
CASSLDRTSSPLHF	TRBV27*01	TRBJ1-6	1
CASSLDRVAADTQYF	TRBV27*01	TRBJ2-3	1
CASSLDRVAEKLFF	TRBV27*01	TRBJ1-4	1
CASSLDRVANTEAFF	TRBV27*01	TRBJ1-1	1
CASSLDRVNTEAFF	TRBV6-5*01	TRBJ1-1	1
CASSLDRVPYEQYF	TRBV27*01	TRBJ2-7	1
CASSLDRVVYNEQFF	TRBV11-2*01	TRBJ2-1	1
CASSLDSEDGYTF	TRBV9*01	TRBJ1-2	1
CASSLDSEDYSNQPQHF	TRBV7-9*01	TRBJ1-5	1
CASSLDSFSPLHF	TRBV14*01	TRBJ1-6	1
CASSLDSGAYEQYF	TRBV12-4*01	TRBJ2-7	1
CASSLDSGYREGYEQYF	TRBV28*01	TRBJ2-7	1
CASSLDSNSPLHF	TRBV11-2*01	TRBJ1-6	2
CASSLDSNSPLHF	TRBV27*01	TRBJ1-6	1
CASSLDSPWTYGYTF	TRBV5-1*01	TRBJ1-2	1
CASSLDSPYEQFF	TRBV7-9*01	TRBJ2-1	1
CASSLDSPYEQYF	TRBV5-1*01	TRBJ2-7	1
CASSLDSSNQPQHF	TRBV7-9*01	TRBJ1-5	1
CASSLDSTDTQYF	TRBV27*01	TRBJ2-3	1
CASSLDSTGELFF	TRBV27*01	TRBJ2-2	1
CASSLDSYEQYF	TRBV7-8*01	TRBJ2-7	1
CASSLDSYNEQFF	TRBV27*01	TRBJ2-1	1
CASSLDSYNQPQHF	TRBV12-3*01	TRBJ1-5	1
CASSLDTAGAGELFF	TRBV7-9*01	TRBJ2-2	1
CASSLDTENTDTQYF	TRBV11-2*01	TRBJ2-3	1
CASSLDTFTEAFF	TRBV7-2*01	TRBJ1-1	1
CASSLDTGKTEAFF	TRBV7-6*01	TRBJ1-1	2
CASSLDTGNLLTQYF	TRBV11-2*01	TRBJ2-3	1
CASSLDTGTGELFF	TRBV5-1*01	TRBJ2-2	1
CASSLDTGVVSTDTQYF	TRBV7-9*01	TRBJ2-3	1
CASSLDTLAGGQFF	TRBV11-2*01	TRBJ2-1	1
CASSLDTNSYEQYF	TRBV7-6*01	TRBJ2-7	1
CASSLDTSGSPYEQYF	TRBV11-2*01	TRBJ2-7	1
CASSLDTSTDTQYF	TRBV5-4*01	TRBJ2-3	1
CASSLDVAQAQGDGYTF	TRBV7-2*01	TRBJ1-2	1
CASSLDVGRAASYEQYF	TRBV5-1*01	TRBJ2-7	9
CASSLDVQETQYF	TRBV7-9*01	TRBJ2-5	1
CASSLDVQRGTDTQYF	TRBV5-6*01	TRBJ2-3	1
CASSLDWGQANYGYTF	TRBV11-2*01	TRBJ1-2	1
CASSLDYNEQFF	TRBV5-1*01	TRBJ2-1	1
CASSLDYNTGELFF	TRBV27*01	TRBJ2-2	1
CASSLDYPQQYF	TRBV7-3*01	TRBJ2-3	1
CASSLDYYSNQPQHF	TRBV7-2*01	TRBJ1-5	5
CASSLEADTGELFF	TRBV13*01	TRBJ2-2	1
CASSLEADTQYF	TRBV11-2*01	TRBJ2-3	1
CASSLEAEQYF	TRBV5-1*01	TRBJ2-7	1
CASSLEAGAYEQYF	TRBV7-2*01	TRBJ2-7	1
CASSLEAGELYYNEQFF	TRBV7-2*01	TRBJ2-1	1
CASSLEAGGRTEAFF	TRBV5-4*01	TRBJ1-1	1
CASSLEAGGWETQYF	TRBV5-1*01	TRBJ2-5	1
CASSLEAGISYNEQFF	TRBV13*01	TRBJ2-1	1
CASSLEAGRGYTF	TRBV7-9*01	TRBJ1-2	1
CASSLEAGVGPDTQYF	TRBV5-5*01	TRBJ2-3	1
CASSLEAGVREQFF	TRBV28*01	TRBJ2-1	1
CASSLEAGVYYGYTF	TRBV5-4*01	TRBJ1-2	1
CASSLEAGYGYTF	TRBV27*01	TRBJ1-2	1
CASSLEAGYRDTDTQYF	TRBV5-4*01	TRBJ2-3	1
CASSLEALHRGPAFF	TRBV12-4*01	TRBJ1-1	1
CASSLEALNYGYTF	TRBV7-9*01	TRBJ1-2	1
CASSLEARGTLEQYF	TRBV5-6*01	TRBJ2-7	1
CASSLEARPQETQYF	TRBV7-8*01	TRBJ2-5	1
CASSLEARPTGDTQYF	TRBV7-2*01	TRBJ2-3	1
CASSLEASGGPETQYF	TRBV5-4*01	TRBJ2-5	1
CASSLEASGNEQYF	TRBV27*01	TRBJ2-7	1
CASSLEASGPYNEQFF	TRBV5-1*01	TRBJ2-1	7
CASSLEASGSADTQYF	TRBV7-6*01	TRBJ2-3	1
CASSLEASSIFSYEQYF	TRBV5-1*01	TRBJ2-7	1
CASSLEDDEAFF	TRBV11-2*01	TRBJ1-1	1
CASSLEDFYGYTF	TRBV7-2*01	TRBJ1-2	1
CASSLEDGPNTEAFF	TRBV7-9*01	TRBJ1-1	1
CASSLEDNRGGRFNEQFF	TRBV7-2*01	TRBJ2-1	1
CASSLEDPTYNSPLHF	TRBV7-8*01	TRBJ1-6	1
CASSLEDRESTDTQYF	TRBV18*01	TRBJ2-3	1
CASSLEDRLQSSTDTQYF	TRBV5-5*01	TRBJ2-3	1
CASSLEDRVSSPLHF	TRBV5-4*01	TRBJ1-6	1
CASSLEENTEAFF	TRBV13*01	TRBJ1-1	1
CASSLEEQYYEQYF	TRBV7-2*01	TRBJ2-7	1
CASSLEESTGNTIYF	TRBV7-9*01	TRBJ1-3	1
CASSLEFGDTQYF	TRBV5-1*01	TRBJ2-3	1
CASSLEFGGGDSSYEQYF	TRBV11-2*01	TRBJ2-7	1
CASSLEFGTGGLDSNQPQHF	TRBV7-2*01	TRBJ1-5	1
CASSLEFVVGETQYF	TRBV11-2*01	TRBJ2-5	1
CASSLEFWARGNEQYF	TRBV7-9*01	TRBJ2-7	4
CASSLEGAAGDLYEQYF	TRBV11-2*01	TRBJ2-7	1
CASSLEGAGETQYF	TRBV7-2*01	TRBJ2-5	1
CASSLEGAGGIQETQYF	TRBV7-2*01	TRBJ2-5	1
CASSLEGAITQETQYF	TRBV5-6*01	TRBJ2-5	1
CASSLEGARGGTQYF	TRBV5-4*01	TRBJ2-5	1
CASSLEGASFEQFF	TRBV11-3*01	TRBJ2-1	2
CASSLEGASTEAFF	TRBV5-6*01	TRBJ1-1	1
CASSLEGDFYGYTF	TRBV5-6*01	TRBJ1-2	1
CASSLEGDIDTQYF	TRBV9*01	TRBJ2-3	1
CASSLEGDSPLHF	TRBV11-2*01	TRBJ1-6	1
CASSLEGDYEQYF	TRBV5-1*01	TRBJ2-7	1
CASSLEGEGAEAFF	TRBV5-4*01	TRBJ1-1	1
CASSLEGESIGNEQFF	TRBV7-9*01	TRBJ2-1	1
CASSLEGETGELFF	TRBV7-6*01	TRBJ2-2	1
CASSLEGETQYF	TRBV5-5*01	TRBJ2-5	1
CASSLEGGAYEQYF	TRBV5-1*01	TRBJ2-7	1
CASSLEGGDYNEQFF	TRBV9*01	TRBJ2-1	1
CASSLEGGGTSGAENSGNTIYF	TRBV12-4*01	TRBJ1-3	1
CASSLEGGGVGIEQFF	TRBV11-2*01	TRBJ2-1	1
CASSLEGGLLYGYTF	TRBV12-4*01	TRBJ1-2	1
CASSLEGGLVTGELFF	TRBV28*01	TRBJ2-2	1
CASSLEGGMGNEQYF	TRBV5-5*01	TRBJ2-7	1
CASSLEGGNQPQHF	TRBV7-6*01	TRBJ1-5	1
CASSLEGGPSGNTIYF	TRBV7-3*01	TRBJ1-3	1
CASSLEGGRGETQYF	TRBV5-4*01	TRBJ2-5	1
CASSLEGGSNQPQHF	TRBV28*01	TRBJ1-5	1
CASSLEGGTTPFYEQYF	TRBV7-2*01	TRBJ2-7	1
CASSLEGGVADTQYF	TRBV9*01	TRBJ2-3	1
CASSLEGIGDTQYF	TRBV28*01	TRBJ2-3	1
CASSLEGKAGIVHEQYF	TRBV11-3*01	TRBJ2-7	1
CASSLEGLAGGYNEQFF	TRBV5-1*01	TRBJ2-1	1
CASSLEGLAHEQFF	TRBV7-9*01	TRBJ2-1	1
CASSLEGLARYEQYF	TRBV11-2*01	TRBJ2-7	1
CASSLEGLGYGYTF	TRBV12-4*01	TRBJ1-2	1
CASSLEGLRASGGPGTQYF	TRBV5-1*01	TRBJ2-3	1
CASSLEGNTEAFF	TRBV7-4*01	TRBJ1-1	1
CASSLEGPDTQYF	TRBV5-6*01	TRBJ2-3	1
CASSLEGPQVSYTEAFF	TRBV11-2*01	TRBJ1-1	1
CASSLEGPYEQYF	TRBV7-9*01	TRBJ2-7	1
CASSLEGQETQYF	TRBV5-4*01	TRBJ2-5	1
CASSLEGQGADGYTF	TRBV7-2*01	TRBJ1-2	1
CASSLEGQGAREQYF	TRBV7-9*01	TRBJ2-7	1
CASSLEGQGGDTQYF	TRBV5-4*01	TRBJ2-3	1
CASSLEGQGGSPLHF	TRBV5-1*01	TRBJ1-6	1
CASSLEGQLFYEQYF	TRBV11-2*01	TRBJ2-7	1
CASSLEGQLFYEQYF	TRBV7-2*01	TRBJ2-7	1
CASSLEGQRNYGYTF	TRBV7-9*01	TRBJ1-2	1
CASSLEGQSSYEQYF	TRBV5-5*01	TRBJ2-7	1
CASSLEGREETQYF	TRBV7-8*01	TRBJ2-5	1
CASSLEGREQYF	TRBV7-3*01	TRBJ2-7	1
CASSLEGSEQYF	TRBV5-1*01	TRBJ2-7	1
CASSLEGSGANVLTF	TRBV6-6*01	TRBJ2-6	1
CASSLEGSGLGQPQHF	TRBV28*01	TRBJ1-5	1
CASSLEGSGNTEAFF	TRBV7-9*01	TRBJ1-1	1
CASSLEGSGNTIYF	TRBV5-1*01	TRBJ1-3	1
CASSLEGSHSYNEQFF	TRBV5-1*01	TRBJ2-1	2
CASSLEGSSGRSQDTQYF	TRBV11-2*01	TRBJ2-3	1
CASSLEGSYEQYF	TRBV13*01	TRBJ2-7	1
CASSLEGSYNEQFF	TRBV27*01	TRBJ2-1	1
CASSLEGTGGYEQYF	TRBV7-3*01	TRBJ2-7	1
CASSLEGTGLYEQYF	TRBV7-2*01	TRBJ2-7	1
CASSLEGTGTEAFF	TRBV9*01	TRBJ1-1	1
CASSLEGTGVYYGYTF	TRBV7-8*01	TRBJ1-2	6
CASSLEGTHEQYF	TRBV28*01	TRBJ2-7	10
CASSLEGTQYF	TRBV5-1*01	TRBJ2-3	1
CASSLEGTSGRYEQYF	TRBV27*01	TRBJ2-7	1
CASSLEGVETQYF	TRBV7-9*01	TRBJ2-5	1
CASSLEGVGENSYEQYF	TRBV5-1*01	TRBJ2-7	1
CASSLEGVTAFF	TRBV3-1*01	TRBJ1-1	1
CASSLEGWGNQPQHF	TRBV7-2*01	TRBJ1-5	1
CASSLEGWRLADQETQYF	TRBV11-2*01	TRBJ2-5	1
CASSLEGYEQYF	TRBV12-4*01	TRBJ2-7	1
CASSLEGYGYTF	TRBV7-9*01	TRBJ1-2	1
CASSLEGYLAPHNEQFF	TRBV11-2*01	TRBJ2-1	1
CASSLEILEINTEAFF	TRBV11-2*01	TRBJ1-1	1
CASSLEIRFGTEAFF	TRBV5-6*01	TRBJ1-1	1
CASSLEISSHEQFF	TRBV12-4*01	TRBJ2-1	1
CASSLEKVSGMPYEQYF	TRBV5-4*01	TRBJ2-7	1
CASSLELAGESGANVLTF	TRBV5-6*01	TRBJ2-6	1
CASSLELAGPPNYEQYF	TRBV5-5*01	TRBJ2-7	1
CASSLELAGRQETQYF	TRBV7-3*01	TRBJ2-5	1
CASSLELASYEQYF	TRBV7-9*01	TRBJ2-7	9
CASSLELGGQFPWDSPLHF	TRBV12-4*01	TRBJ1-6	1
CASSLELGSGGYGYTF	TRBV7-9*01	TRBJ1-2	1
CASSLELGSPGELFF	TRBV5-6*01	TRBJ2-2	1
CASSLELRTAGYEQYF	TRBV27*01	TRBJ2-7	1
CASSLEMGAGTEAFF	TRBV4-2*01	TRBJ1-1	1
CASSLEMSPNQPQHF	TRBV7-8*01	TRBJ1-5	1
CASSLENLMTGELFF	TRBV5-1*01	TRBJ2-2	1
CASSLENTYEQYF	TRBV5-1*01	TRBJ2-7	1
CASSLEPGPWANQPQHF	TRBV5-5*01	TRBJ1-5	1
CASSLEPGQGYEQYF	TRBV7-8*01	TRBJ2-7	1
CASSLEPGQLAGDSYNEQFF	TRBV5-5*01	TRBJ2-1	1
CASSLEPGSYEQYF	TRBV28*01	TRBJ2-7	1
CASSLEPGTGYTDTQYF	TRBV5-1*01	TRBJ2-3	1
CASSLEPLAGDLNTQYF	TRBV11-2*01	TRBJ2-3	1
CASSLEPRDGISEKLFF	TRBV7-9*01	TRBJ1-4	1
CASSLEPRTGYTGELFF	TRBV5-1*01	TRBJ2-2	1
CASSLEPSAYEQYF	TRBV7-2*01	TRBJ2-7	1
CASSLEPTANQPQHF	TRBV6-5*01	TRBJ1-5	1
CASSLEPTFGIGGLVNTEAFF	TRBV12-4*01	TRBJ1-1	1
CASSLEQAEAFF	TRBV7-9*01	TRBJ1-1	1
CASSLEQATGELFF	TRBV5-8*01	TRBJ2-2	1
CASSLEQGAKNIQYF	TRBV11-2*01	TRBJ2-4	1
CASSLEQGANTGELFF	TRBV12-4*01	TRBJ2-2	1
CASSLEQGAYNEQFF	TRBV7-9*01	TRBJ2-1	1
CASSLEQGFYNEQFF	TRBV5-5*01	TRBJ2-1	1
CASSLEQGIYEQYF	TRBV5-1*01	TRBJ2-7	1
CASSLEQGPLQYF	TRBV5-4*01	TRBJ2-5	1
CASSLEQGRGSYNEQFF	TRBV5-6*01	TRBJ2-1	1
CASSLEQGTDTQYF	TRBV5-1*01	TRBJ2-3	1
CASSLEQGWAEAFF	TRBV9*01	TRBJ1-1	1
CASSLEQHHQYF	TRBV7-9*01	TRBJ2-7	1
CASSLEQNYEQYF	TRBV7-7*01	TRBJ2-7	1
CASSLEQRGVPEILDTQYF	TRBV13*01	TRBJ2-3	1
CASSLERATDTQYF	TRBV4-1*01	TRBJ2-3	1
CASSLEREGNYGYTF	TRBV11-2*01	TRBJ1-2	1
CASSLERERDEQYF	TRBV5-1*01	TRBJ2-7	1
CASSLERFPDRVNEKLFF	TRBV5-6*01	TRBJ1-4	4
CASSLERFYEQYF	TRBV7-9*01	TRBJ2-7	1
CASSLERGAAGNTIYF	TRBV7-8*01	TRBJ1-3	1
CASSLERGTDTQYF	TRBV5-1*01	TRBJ2-3	2
CASSLERLAGGKEAFF	TRBV7-9*01	TRBJ1-1	1
CASSLERNTIYF	TRBV5-6*01	TRBJ1-3	1
CASSLERQAAYYNEQFF	TRBV5-1*01	TRBJ2-1	1
CASSLERQRANTEAFF	TRBV5-4*01	TRBJ1-1	1
CASSLERSLISYNEQFF	TRBV5-1*01	TRBJ2-1	1
CASSLERVSEKLFF	TRBV7-9*01	TRBJ1-4	1
CASSLERVYTEAFF	TRBV11-2*01	TRBJ1-1	1
CASSLERYNEQFF	TRBV27*01	TRBJ2-1	1
CASSLESAGYNSPLHF	TRBV11-2*01	TRBJ1-6	1
CASSLESEFNEQFF	TRBV7-3*01	TRBJ2-1	1
CASSLESGFLSGYTF	TRBV7-9*01	TRBJ1-2	1
CASSLESGGPVETQYF	TRBV5-6*01	TRBJ2-5	1
CASSLESGSIHEQYF	TRBV28*01	TRBJ2-7	1
CASSLESGVDSYEQYF	TRBV5-1*01	TRBJ2-7	1
CASSLESNYNEQFF	TRBV28*01	TRBJ2-1	1
CASSLESRGRETQYF	TRBV11-2*01	TRBJ2-5	1
CASSLESRGSPYNEQFF	TRBV7-9*01	TRBJ2-1	1
CASSLESSGTDTQYF	TRBV5-1*01	TRBJ2-3	1
CASSLESTQNYGYTF	TRBV27*01	TRBJ1-2	1
CASSLESTRTDTQYF	TRBV5-1*01	TRBJ2-3	1
CASSLETANTEAFF	TRBV5-6*01	TRBJ1-1	1
CASSLETAPNYGYTF	TRBV7-8*01	TRBJ1-2	1
CASSLETAYEQYF	TRBV5-1*01	TRBJ2-7	1
CASSLETDTQYF	TRBV5-4*01	TRBJ2-3	1
CASSLETGDRDEQYF	TRBV13*01	TRBJ2-7	1
CASSLETGSVSGANVLTF	TRBV28*01	TRBJ2-6	1
CASSLETGYEQYF	TRBV11-2*01	TRBJ2-7	1
CASSLETQYF	TRBV28*01	TRBJ2-5	1
CASSLEVAGGGEQFF	TRBV7-8*01	TRBJ2-1	1
CASSLEVASGTWGEQYF	TRBV4-3*01	TRBJ2-7	1
CASSLEVEGGEKLFF	TRBV5-1*01	TRBJ1-4	1
CASSLEVEINTEAFF	TRBV5-1*01	TRBJ1-1	1
CASSLEVFKPTSGGADTQYF	TRBV5-1*01	TRBJ2-3	1
CASSLEVFNQPQHF	TRBV19*01	TRBJ1-5	1
CASSLEVGGNTEAFF	TRBV5-4*01	TRBJ1-1	1
CASSLEVGRSSYNEQFF	TRBV11-2*01	TRBJ2-1	1
CASSLEVGVDEQFF	TRBV5-1*01	TRBJ2-1	1
CASSLEVNTEAFF	TRBV7-9*01	TRBJ1-1	1
CASSLEVQETQYF	TRBV11-2*01	TRBJ2-5	1
CASSLEVQGTGELFF	TRBV5-4*01	TRBJ2-2	1
CASSLEVTGGRETQYF	TRBV12-3*01	TRBJ2-5	1
CASSLEVVLWTGNTEAFF	TRBV5-1*01	TRBJ1-1	1
CASSLEVWGGRYEQYF	TRBV7-6*01	TRBJ2-7	1
CASSLEVYF	TRBV7-6*01	TRBJ2-7	5
CASSLEWGGETQYF	TRBV5-1*01	TRBJ2-5	6
CASSLEWGKIEAFF	TRBV7-2*01	TRBJ1-1	1
CASSLEWNEQFF	TRBV12-4*01	TRBJ2-1	1
CASSLEWQENEKLFF	TRBV11-2*01	TRBJ1-4	1
CASSLEWRQETQYF	TRBV7-9*01	TRBJ2-5	1
CASSLEWTGAYEQYF	TRBV5-1*01	TRBJ2-7	1
CASSLEYRGSGANVLTF	TRBV7-8*01	TRBJ2-6	1
CASSLEYTSYNEQFF	TRBV11-2*01	TRBJ2-1	1
CASSLFAGERSPLHF	TRBV5-4*01	TRBJ1-6	1
CASSLFAGGELFF	TRBV12-4*01	TRBJ2-2	1
CASSLFAGYRPNEQFF	TRBV28*01	TRBJ2-1	1
CASSLFARNYGYTF	TRBV27*01	TRBJ1-2	1
CASSLFASGLAGYEQYF	TRBV5-1*01	TRBJ2-7	1
CASSLFASSYNEQFF	TRBV7-9*01	TRBJ2-1	1
CASSLFDRPSQPQHF	TRBV28*01	TRBJ1-5	1
CASSLFDSQETQYF	TRBV7-2*01	TRBJ2-5	1
CASSLFEGGRFGSPLHF	TRBV28*01	TRBJ1-6	1
CASSLFETGSDGYTF	TRBV7-9*01	TRBJ1-2	1
CASSLFFSGDSHSAKNIQYF	TRBV11-2*01	TRBJ2-4	1
CASSLFGADTEAFF	TRBV11-1*01	TRBJ1-1	1
CASSLFGASTDTQYF	TRBV5-6*01	TRBJ2-3	1
CASSLFGELFF	TRBV5-4*01	TRBJ2-2	1
CASSLFGGGPILTGELFF	TRBV7-8*01	TRBJ2-2	1
CASSLFGGLADTQYF	TRBV7-6*01	TRBJ2-3	1
CASSLFGGTYEQYF	TRBV27*01	TRBJ2-7	126
CASSLFGNEQFF	TRBV27*01	TRBJ2-1	2
CASSLFGPGSGNTIYF	TRBV12-4*01	TRBJ1-3	1
CASSLFGQGDEKLFF	TRBV7-9*01	TRBJ1-4	1
CASSLFGQPYEQYF	TRBV12-4*01	TRBJ2-7	1
CASSLFGRDLGGYTF	TRBV12-3*01	TRBJ1-2	8
CASSLFGSRSNQPQHF	TRBV27*01	TRBJ1-5	1
CASSLFGTGGDQPQHF	TRBV7-9*01	TRBJ1-5	9
CASSLFGTGNTGELFF	TRBV7-9*01	TRBJ2-2	1
CASSLFGTPYNEQFF	TRBV28*01	TRBJ2-1	1
CASSLFHEQYF	TRBV5-6*01	TRBJ2-7	1
CASSLFIGDGYTF	TRBV27*01	TRBJ1-2	1
CASSLFKGRNEKLFF	TRBV5-4*01	TRBJ1-4	1
CASSLFLAAQETQYF	TRBV27*01	TRBJ2-5	1
CASSLFLGQGANYGYTF	TRBV7-2*01	TRBJ1-2	1
CASSLFLGTEAFF	TRBV12-4*01	TRBJ1-1	1
CASSLFLPGTEYNQPQHF	TRBV12-3*01	TRBJ1-5	1
CASSLFLWGRGETQYF	TRBV7-8*01	TRBJ2-5	1
CASSLFNEQFF	TRBV27*01	TRBJ2-1	2
CASSLFNSGQNYNEQFF	TRBV11-2*01	TRBJ2-1	1
CASSLFPAGGPYYEQYF	TRBV7-8*01	TRBJ2-7	1
CASSLFPEASTDTQYF	TRBV27*01	TRBJ2-3	1
CASSLFPGSSYNEQFF	TRBV28*01	TRBJ2-1	1
CASSLFPGYGSYEQYF	TRBV27*01	TRBJ2-7	1
CASSLFRDGYEQYF	TRBV27*01	TRBJ2-7	1
CASSLFRGAYEQYF	TRBV28*01	TRBJ2-7	1
CASSLFRGDTEAFF	TRBV27*01	TRBJ1-1	1
CASSLFRRLASYNEQFF	TRBV7-2*01	TRBJ2-1	1
CASSLFSEVNEQFF	TRBV7-3*01	TRBJ2-1	1
CASSLFSGGAYEQYF	TRBV5-1*01	TRBJ2-7	1
CASSLFSGPPYEQYF	TRBV5-5*01	TRBJ2-7	1
CASSLFSGSTDTQYF	TRBV10-1*01	TRBJ2-3	1
CASSLFSNQPQHF	TRBV27*01	TRBJ1-5	1
CASSLFTGGLAKNIQYF	TRBV11-2*01	TRBJ2-4	1
CASSLFTHNEQFF	TRBV7-3*01	TRBJ2-1	1
CASSLFWDRSSNEKLFF	TRBV27*01	TRBJ1-4	1
CASSLFWVFSGTASNQPQHF	TRBV28*01	TRBJ1-5	1
CASSLFYLRGNNEKLFF	TRBV4-2*01	TRBJ1-4	1
CASSLFYRDRSGNTIYF	TRBV11-2*01	TRBJ1-3	1
CASSLGAAGSKNIQYF	TRBV5-6*01	TRBJ2-4	1
CASSLGAARTSYEQYF	TRBV7-2*01	TRBJ2-7	1
CASSLGADLAKNIQYF	TRBV7-2*01	TRBJ2-4	1
CASSLGADMGWETQYF	TRBV28*01	TRBJ2-5	1
CASSLGADSNSPLHF	TRBV7-6*01	TRBJ1-6	1
CASSLGADTQYF	TRBV7-2*01	TRBJ2-3	1
CASSLGADTQYF	TRBV7-9*01	TRBJ2-3	1
CASSLGAEGEAFF	TRBV13*01	TRBJ1-1	1
CASSLGAEQFF	TRBV5-5*01	TRBJ2-1	1
CASSLGAEQYF	TRBV7-9*01	TRBJ2-7	1
CASSLGAGDTQYF	TRBV5-6*01	TRBJ2-3	1
CASSLGAGELFF	TRBV12-3*01	TRBJ2-2	1
CASSLGAGELFF	TRBV27*01	TRBJ2-2	1
CASSLGAGELFF	TRBV5-1*01	TRBJ2-2	3
CASSLGAGELFF	TRBV7-9*01	TRBJ2-2	1
CASSLGAGFNYGYTF	TRBV12-3*01	TRBJ1-2	1
CASSLGAGGDEQFF	TRBV5-1*01	TRBJ2-1	1
CASSLGAGGGQPQHF	TRBV28*01	TRBJ1-5	1
CASSLGAGGSSYEQYF	TRBV5-1*01	TRBJ2-7	1
CASSLGAGGTEAFF	TRBV11-2*01	TRBJ1-1	1
CASSLGAGGVEQYF	TRBV11-2*01	TRBJ2-7	1
CASSLGAGGYTF	TRBV6-5*01	TRBJ1-2	1
CASSLGAGKVTDTQYF	TRBV11-3*01	TRBJ2-3	19
CASSLGAGNSYEQYF	TRBV5-4*01	TRBJ2-7	1
CASSLGAGPPYEQYF	TRBV5-4*01	TRBJ2-7	1
CASSLGAGQGDEQYF	TRBV7-2*01	TRBJ2-7	1
CASSLGAGTSGVNYEQYF	TRBV11-2*01	TRBJ2-7	1
CASSLGAGTSVEQYF	TRBV7-9*01	TRBJ2-7	1
CASSLGAGVNTEAFF	TRBV5-5*01	TRBJ1-1	1
CASSLGAHFLDHGGTDTQYF	TRBV12-4*01	TRBJ2-3	2
CASSLGAIEQTQYF	TRBV5-6*01	TRBJ2-5	1
CASSLGANEQFF	TRBV7-9*01	TRBJ2-1	1
CASSLGANVLTF	TRBV12-3*01	TRBJ2-6	1
CASSLGAPEEQYF	TRBV12-3*01	TRBJ2-7	1
CASSLGAPSYNEQFF	TRBV5-4*01	TRBJ2-1	1
CASSLGARDRDNEQFF	TRBV5-6*01	TRBJ2-1	1
CASSLGARGGQYF	TRBV5-4*01	TRBJ2-3	1
CASSLGARGLNLDEQYF	TRBV7-6*01	TRBJ2-7	1
CASSLGARLAGYNEQFF	TRBV7-9*01	TRBJ2-1	1
CASSLGARMGEQYF	TRBV28*01	TRBJ2-7	1
CASSLGASAYEQYF	TRBV9*01	TRBJ2-7	1
CASSLGASETYEQYF	TRBV11-2*01	TRBJ2-7	1
CASSLGASRSTDTQYF	TRBV7-6*01	TRBJ2-3	34
CASSLGASWTVSYEQYF	TRBV11-2*01	TRBJ2-7	1
CASSLGASYEQYF	TRBV11-2*01	TRBJ2-7	1
CASSLGASYEQYF	TRBV27*01	TRBJ2-7	1
CASSLGDARTSYNEQFF	TRBV5-1*01	TRBJ2-1	1
CASSLGDEQYF	TRBV7-2*01	TRBJ2-7	1
CASSLGDFFSQETQYF	TRBV11-2*01	TRBJ2-5	3
CASSLGDFFTQETQYF	TRBV11-2*01	TRBJ2-5	1
CASSLGDFLRTDTQYF	TRBV11-2*01	TRBJ2-3	19
CASSLGDGGEKLFF	TRBV7-6*01	TRBJ1-4	1
CASSLGDGGPQFF	TRBV5-6*01	TRBJ2-1	1
CASSLGDGNYEQYF	TRBV11-2*01	TRBJ2-7	1
CASSLGDGRGLNQPQHF	TRBV7-2*01	TRBJ1-5	1
CASSLGDGSSYEQYF	TRBV5-1*01	TRBJ2-7	1
CASSLGDGYEQYF	TRBV11-2*01	TRBJ2-7	1
CASSLGDGYEQYF	TRBV7-6*01	TRBJ2-7	1
CASSLGDGYNEQFF	TRBV7-9*01	TRBJ2-1	1
CASSLGDHTDTQYF	TRBV27*01	TRBJ2-3	1
CASSLGDKDYGYTF	TRBV7-9*01	TRBJ1-2	1
CASSLGDKGPYEQYF	TRBV5-1*01	TRBJ2-7	1
CASSLGDNTEAFF	TRBV7-9*01	TRBJ1-1	2
CASSLGDPNLYEQYF	TRBV12-4*01	TRBJ2-7	1
CASSLGDQPQHF	TRBV5-6*01	TRBJ1-5	1
CASSLGDRDTEAFF	TRBV12-3*01	TRBJ1-1	1
CASSLGDRENTEAFF	TRBV5-1*01	TRBJ1-1	1
CASSLGDREQETQYF	TRBV5-6*01	TRBJ2-5	1
CASSLGDRGLDEQFF	TRBV12-4*01	TRBJ2-1	1
CASSLGDRGRDEQYF	TRBV5-1*01	TRBJ2-7	1
CASSLGDRGWEQYF	TRBV11-2*01	TRBJ2-7	1
CASSLGDRGYDEQYF	TRBV28*01	TRBJ2-7	1
CASSLGDRGYEQYF	TRBV7-2*01	TRBJ2-7	1
CASSLGDRLPYNEQFF	TRBV6-6*01	TRBJ2-1	1
CASSLGDRNTEAFF	TRBV11-2*01	TRBJ1-1	1
CASSLGDRVNQPQHF	TRBV5-6*01	TRBJ1-5	1
CASSLGDRWKDTEAFF	TRBV5-4*01	TRBJ1-1	1
CASSLGDSDYEQYF	TRBV5-6*01	TRBJ2-7	1
CASSLGDSPGELFF	TRBV5-4*01	TRBJ2-2	1
CASSLGDTEAFF	TRBV11-2*01	TRBJ1-1	1
CASSLGDTEAFF	TRBV5-4*01	TRBJ1-1	1
CASSLGDTEAFF	TRBV7-8*01	TRBJ1-1	1
CASSLGDTLLAKNIQYF	TRBV7-9*01	TRBJ2-4	1
CASSLGDTQYF	TRBV5-1*01	TRBJ2-3	1
CASSLGDTQYF	TRBV6-3*01	TRBJ2-3	1
CASSLGDTQYF	TRBV7-9*01	TRBJ2-3	1
CASSLGDVEQYF	TRBV7-9*01	TRBJ2-7	1
CASSLGDVWTGRDEQYF	TRBV7-9*01	TRBJ2-7	1
CASSLGDWVYTQYF	TRBV7-2*01	TRBJ2-3	1
CASSLGDYEQYF	TRBV7-2*01	TRBJ2-7	1
CASSLGDYNEQFF	TRBV7-9*01	TRBJ2-1	1
CASSLGEADNEQFF	TRBV11-3*01	TRBJ2-1	1
CASSLGEDTQYF	TRBV11-1*01	TRBJ2-3	1
CASSLGEEANYGYTF	TRBV13*01	TRBJ1-2	1
CASSLGEGAKNIQYF	TRBV13*01	TRBJ2-4	2
CASSLGEGGTDTQYF	TRBV7-3*01	TRBJ2-3	1
CASSLGEGGTNEKLFF	TRBV7-9*01	TRBJ1-4	1
CASSLGEGNTIYF	TRBV6-5*01	TRBJ1-3	1
CASSLGEGRFYEQYF	TRBV7-9*01	TRBJ2-7	1
CASSLGEGRNRDTQYF	TRBV12-4*01	TRBJ2-3	1
CASSLGEGVGNEQFF	TRBV7-3*01	TRBJ2-1	1
CASSLGEKLFF	TRBV5-1*01	TRBJ1-4	1
CASSLGEQFF	TRBV7-2*01	TRBJ2-1	1
CASSLGETQYF	TRBV27*01	TRBJ2-5	2
CASSLGETQYF	TRBV5-4*01	TRBJ2-5	1
CASSLGETQYF	TRBV7-9*01	TRBJ2-5	1
CASSLGETSGGPADTQYF	TRBV7-9*01	TRBJ2-3	1
CASSLGFGGQETQYF	TRBV5-1*01	TRBJ2-5	1
CASSLGFGGREAYEQYF	TRBV7-9*01	TRBJ2-7	1
CASSLGFGNTEAFF	TRBV5-4*01	TRBJ1-1	1
CASSLGFKDGYTF	TRBV7-2*01	TRBJ1-2	1
CASSLGFLAGGNEQFF	TRBV11-2*01	TRBJ2-1	1
CASSLGFLTEAFF	TRBV4-3*01	TRBJ1-1	1
CASSLGFNEQFF	TRBV11-2*01	TRBJ2-1	3
CASSLGFRSDRLNTEAFF	TRBV12-3*01	TRBJ1-1	1
CASSLGFRVPTSSYEQYF	TRBV13*01	TRBJ2-7	1
CASSLGFSPHYEQYF	TRBV12-4*01	TRBJ2-7	1
CASSLGFTDTQYF	TRBV27*01	TRBJ2-3	220
CASSLGFTGELFF	TRBV12-4*01	TRBJ2-2	1
CASSLGFWHAYNEQFF	TRBV5-8*01	TRBJ2-1	1
CASSLGFYEQYF	TRBV7-8*01	TRBJ2-7	1
CASSLGGAAYEQYF	TRBV27*01	TRBJ2-7	1
CASSLGGADEQYF	TRBV5-1*01	TRBJ2-7	1
CASSLGGADGYTF	TRBV5-1*01	TRBJ1-2	1
CASSLGGAEAFF	TRBV12-3*01	TRBJ1-1	1
CASSLGGAETQYF	TRBV13*01	TRBJ2-5	1
CASSLGGAETQYF	TRBV7-9*01	TRBJ2-5	1
CASSLGGAFYGYTF	TRBV5-4*01	TRBJ1-2	1
CASSLGGAFYLHTDTQYF	TRBV5-6*01	TRBJ2-3	1
CASSLGGAGETQYF	TRBV7-2*01	TRBJ2-5	27
CASSLGGAKNIQYF	TRBV5-1*01	TRBJ2-4	1
CASSLGGANQPQHF	TRBV5-6*01	TRBJ1-5	1
CASSLGGARNTEAFF	TRBV7-2*01	TRBJ1-1	1
CASSLGGASNYGYTF	TRBV11-2*01	TRBJ1-2	1
CASSLGGASYEQYF	TRBV5-6*01	TRBJ2-7	1
CASSLGGASYGYTF	TRBV27*01	TRBJ1-2	1
CASSLGGAWAGDTQYF	TRBV28*01	TRBJ2-3	1
CASSLGGAYEQYF	TRBV12-4*01	TRBJ2-7	2
CASSLGGAYEQYF	TRBV27*01	TRBJ2-7	1
CASSLGGDEQFF	TRBV5-4*01	TRBJ2-1	2
CASSLGGDNEQYF	TRBV28*01	TRBJ2-7	1
CASSLGGDTEAFF	TRBV28*01	TRBJ1-1	1
CASSLGGDTYNEQFF	TRBV12-3*01	TRBJ2-1	1
CASSLGGEAGGYGYTF	TRBV7-9*01	TRBJ1-2	1
CASSLGGEESPLHF	TRBV12-3*01	TRBJ1-6	1
CASSLGGEGGTDTQYF	TRBV7-6*01	TRBJ2-3	1
CASSLGGEKTF	TRBV7-9*01	TRBJ1-2	1
CASSLGGFGANVLTF	TRBV5-5*01	TRBJ2-6	1
CASSLGGFNEQFF	TRBV28*01	TRBJ2-1	1
CASSLGGFSNQPQHF	TRBV27*01	TRBJ1-5	1
CASSLGGFSYEQYF	TRBV11-2*01	TRBJ2-7	1
CASSLGGFYTF	TRBV5-6*01	TRBJ1-2	1
CASSLGGGAAQETQYF	TRBV5-6*01	TRBJ2-5	1
CASSLGGGAFAGELFF	TRBV3-1*01	TRBJ2-2	1
CASSLGGGDYEQYF	TRBV7-6*01	TRBJ2-7	1
CASSLGGGEQYF	TRBV4-3*01	TRBJ2-7	1
CASSLGGGESSYNEQFF	TRBV11-2*01	TRBJ2-1	1
CASSLGGGFGNDDLLSGYTF	TRBV5-1*01	TRBJ1-2	1
CASSLGGGGLNNEQFF	TRBV13*01	TRBJ2-1	1
CASSLGGGGNEQFF	TRBV12-3*01	TRBJ2-1	1
CASSLGGGGRNEQFF	TRBV7-2*01	TRBJ2-1	1
CASSLGGGHFSGANVLTF	TRBV7-2*01	TRBJ2-6	1
CASSLGGGINYEQYF	TRBV5-1*01	TRBJ2-7	1
CASSLGGGIYGYTF	TRBV11-2*01	TRBJ1-2	1
CASSLGGGLGETQYF	TRBV7-8*01	TRBJ2-5	1
CASSLGGGMNTEAFF	TRBV6-3*01	TRBJ1-1	1
CASSLGGGNEQFF	TRBV27*01	TRBJ2-1	1
CASSLGGGNEQFF	TRBV7-6*01	TRBJ2-1	1
CASSLGGGNNEQFF	TRBV5-4*01	TRBJ2-1	1
CASSLGGGNTEAFF	TRBV27*01	TRBJ1-1	1
CASSLGGGNTEAFF	TRBV7-6*01	TRBJ1-1	1
CASSLGGGNTGELFF	TRBV12-4*01	TRBJ2-2	1
CASSLGGGNYEQYF	TRBV7-3*01	TRBJ2-7	1
CASSLGGGPSYEQYF	TRBV3-1*01	TRBJ2-7	1
CASSLGGGQETQYF	TRBV5-5*01	TRBJ2-5	1
CASSLGGGSGEQFF	TRBV7-3*01	TRBJ2-1	1
CASSLGGGSNEQYF	TRBV5-5*01	TRBJ2-7	1
CASSLGGGSVLTYEQYF	TRBV5-4*01	TRBJ2-7	1
CASSLGGGSYEQYF	TRBV7-3*01	TRBJ2-7	1
CASSLGGGSYNEQFF	TRBV12-3*01	TRBJ2-1	1
CASSLGGGTEAFF	TRBV27*01	TRBJ1-1	1
CASSLGGGTGELFF	TRBV5-5*01	TRBJ2-2	1
CASSLGGGTGRTDTQYF	TRBV12-3*01	TRBJ2-3	1
CASSLGGGTGVGNEQFF	TRBV7-3*01	TRBJ2-1	1
CASSLGGGTYNEQFF	TRBV7-7*01	TRBJ2-1	1
CASSLGGGVLFF	TRBV12-3*01	TRBJ1-4	1
CASSLGGHLSGNTIYF	TRBV5-6*01	TRBJ1-3	1
CASSLGGHLSGNTIYF	TRBV7-6*01	TRBJ1-3	1
CASSLGGHSYEQYF	TRBV5-6*01	TRBJ2-7	1
CASSLGGHYNEQFF	TRBV27*01	TRBJ2-1	1
CASSLGGIDEQFF	TRBV7-3*01	TRBJ2-1	1
CASSLGGIGRRENTEAFF	TRBV7-2*01	TRBJ1-1	1
CASSLGGIGYTF	TRBV7-6*01	TRBJ1-2	1
CASSLGGIPSGSYGYTF	TRBV13*01	TRBJ1-2	1
CASSLGGIRSPLHF	TRBV11-2*01	TRBJ1-6	1
CASSLGGISSYNEQFF	TRBV7-3*01	TRBJ2-1	1
CASSLGGKRNQPQHF	TRBV28*01	TRBJ1-5	1
CASSLGGKTEAFF	TRBV28*01	TRBJ1-1	1
CASSLGGLAGSNEQFF	TRBV7-6*01	TRBJ2-1	1
CASSLGGLAGVGTGELFF	TRBV7-2*01	TRBJ2-2	1
CASSLGGLAGYNEQFF	TRBV13*01	TRBJ2-1	2
CASSLGGLASETQYF	TRBV13*01	TRBJ2-5	1
CASSLGGLDSPLHF	TRBV7-9*01	TRBJ1-6	1
CASSLGGLDTQYF	TRBV11-3*01	TRBJ2-3	1
CASSLGGLEAFF	TRBV13*01	TRBJ1-1	1
CASSLGGLGNEQFF	TRBV7-9*01	TRBJ2-1	1
CASSLGGLGQPQHF	TRBV12-4*01	TRBJ1-5	1
CASSLGGLGQPQHF	TRBV5-8*01	TRBJ1-5	1
CASSLGGLNQPQHF	TRBV11-2*01	TRBJ1-5	1
CASSLGGLRFQGTGNTIYF	TRBV12-4*01	TRBJ1-3	1
CASSLGGLRPYEQYF	TRBV7-8*01	TRBJ2-7	1
CASSLGGLSWGENQPQHF	TRBV11-2*01	TRBJ1-5	1
CASSLGGLTYNEQFF	TRBV13*01	TRBJ2-1	1
CASSLGGLYEQYF	TRBV6-6*01	TRBJ2-7	1
CASSLGGLYGYTF	TRBV13*01	TRBJ1-2	1
CASSLGGLYLYNEQFF	TRBV7-2*01	TRBJ2-1	2
CASSLGGMAFF	TRBV13*01	TRBJ1-1	1
CASSLGGNDGYTF	TRBV6-5*01	TRBJ1-2	1
CASSLGGNEQFF	TRBV12-4*01	TRBJ2-1	1
CASSLGGNEQFF	TRBV7-9*01	TRBJ2-1	3
CASSLGGNEQYF	TRBV11-1*01	TRBJ2-7	1
CASSLGGNEQYF	TRBV7-9*01	TRBJ2-7	1
CASSLGGNFYEQYF	TRBV5-6*01	TRBJ2-7	1
CASSLGGNGYTF	TRBV7-9*01	TRBJ1-2	1
CASSLGGNNEQFF	TRBV7-8*01	TRBJ2-1	5
CASSLGGNSGDTQYF	TRBV5-5*01	TRBJ2-3	1
CASSLGGNTEAFF	TRBV12-3*01	TRBJ1-1	1
CASSLGGNYGYTF	TRBV12-3*01	TRBJ1-2	1
CASSLGGNYGYTF	TRBV27*01	TRBJ1-2	1
CASSLGGPAGYSPLHF	TRBV12-3*01	TRBJ1-6	1
CASSLGGPGLYNEQFF	TRBV12-4*01	TRBJ2-1	1
CASSLGGPLEQFF	TRBV5-8*01	TRBJ2-1	1
CASSLGGPLHF	TRBV12-3*01	TRBJ1-6	1
CASSLGGPLVEQYF	TRBV7-9*01	TRBJ2-7	1
CASSLGGPNTEAFF	TRBV7-9*01	TRBJ1-1	1
CASSLGGPPVNEQFF	TRBV7-9*01	TRBJ2-1	1
CASSLGGPTDTQYF	TRBV7-2*01	TRBJ2-3	1
CASSLGGPYNEQFF	TRBV12-4*01	TRBJ2-1	1
CASSLGGQAYEQYF	TRBV7-8*01	TRBJ2-7	2
CASSLGGQEETQYF	TRBV7-7*01	TRBJ2-5	1
CASSLGGQGAYEQYF	TRBV7-6*01	TRBJ2-7	1
CASSLGGQGNQPQHF	TRBV11-2*01	TRBJ1-5	1
CASSLGGQGTYEQYF	TRBV5-8*01	TRBJ2-7	1
CASSLGGQSKNIQYF	TRBV6-1*01	TRBJ2-4	1
CASSLGGQSSYNSPLHF	TRBV28*01	TRBJ1-6	1
CASSLGGQYEQYF	TRBV7-9*01	TRBJ2-7	1
CASSLGGQYMNTEAFF	TRBV13*01	TRBJ1-1	1
CASSLGGRGSYGYTF	TRBV5-4*01	TRBJ1-2	1
CASSLGGRGVTDTQYF	TRBV5-5*01	TRBJ2-3	1
CASSLGGRNTEAFF	TRBV7-9*01	TRBJ1-1	1
CASSLGGRSDTQYF	TRBV5-6*01	TRBJ2-3	1
CASSLGGRVGAGELFF	TRBV5-1*01	TRBJ2-2	1
CASSLGGSGANVLTF	TRBV12-4*01	TRBJ2-6	1
CASSLGGSGAYNEQFF	TRBV11-3*01	TRBJ2-1	1
CASSLGGSGEKLFF	TRBV6-3*01	TRBJ1-4	1
CASSLGGSGGPLYEQYF	TRBV5-4*01	TRBJ2-7	1
CASSLGGSGVGSPLHF	TRBV7-6*01	TRBJ1-6	1
CASSLGGSGYEQYF	TRBV7-6*01	TRBJ2-7	1
CASSLGGSLGETQYF	TRBV7-2*01	TRBJ2-5	1
CASSLGGSNSPLHF	TRBV4-1*01	TRBJ1-6	1
CASSLGGSPSYEQYF	TRBV28*01	TRBJ2-7	1
CASSLGGSPYEQYF	TRBV7-6*01	TRBJ2-7	1
CASSLGGSSYNEQFF	TRBV7-9*01	TRBJ2-1	1
CASSLGGSYEQYF	TRBV11-2*01	TRBJ2-7	2
CASSLGGSYEQYF	TRBV5-6*01	TRBJ2-7	1
CASSLGGTAYEQYF	TRBV5-6*01	TRBJ2-7	1
CASSLGGTDSNQPQHF	TRBV5-1*01	TRBJ1-5	1
CASSLGGTDTQYF	TRBV6-5*01	TRBJ2-3	1
CASSLGGTGFYEQYF	TRBV5-1*01	TRBJ2-7	1
CASSLGGTGGGYEQYF	TRBV5-1*01	TRBJ2-7	1
CASSLGGTGVGNEQFF	TRBV7-6*01	TRBJ2-1	1
CASSLGGTNEQFF	TRBV4-1*01	TRBJ2-1	2
CASSLGGTNYNEQFF	TRBV9*01	TRBJ2-1	1
CASSLGGTSAEQFF	TRBV11-3*01	TRBJ2-1	1
CASSLGGTSNEQYF	TRBV11-2*01	TRBJ2-7	1
CASSLGGTTNTGELFF	TRBV4-3*01	TRBJ2-2	2
CASSLGGTVEAFF	TRBV7-9*01	TRBJ1-1	1
CASSLGGTVVSPLHF	TRBV27*01	TRBJ1-6	1
CASSLGGVAVNEQFF	TRBV7-2*01	TRBJ2-1	1
CASSLGGVEGETQYF	TRBV7-3*01	TRBJ2-5	1
CASSLGGVFADYEQYF	TRBV12-4*01	TRBJ2-7	1
CASSLGGVGPGVRSWETQYF	TRBV27*01	TRBJ2-5	1
CASSLGGVGRYGYTF	TRBV12-3*01	TRBJ1-2	1
CASSLGGVLGETQYF	TRBV7-6*01	TRBJ2-5	1
CASSLGGVLPGELFF	TRBV5-4*01	TRBJ2-2	1
CASSLGGVTDTQYF	TRBV7-8*01	TRBJ2-3	1
CASSLGGWDTIYF	TRBV7-2*01	TRBJ1-3	1
CASSLGGWGKDGYTF	TRBV12-4*01	TRBJ1-2	1
CASSLGGWTVNPHEQYF	TRBV5-1*01	TRBJ2-7	1
CASSLGGYEQYF	TRBV12-3*01	TRBJ2-7	1
CASSLGGYEQYF	TRBV27*01	TRBJ2-7	1
CASSLGGYSYEQYF	TRBV7-2*01	TRBJ2-7	1
CASSLGHDTLHF	TRBV7-9*01	TRBJ1-6	1
CASSLGHEQYF	TRBV11-2*01	TRBJ2-7	1
CASSLGHGEQYF	TRBV7-9*01	TRBJ2-7	1
CASSLGHIYGYTF	TRBV13*01	TRBJ1-2	1
CASSLGHNTGELFF	TRBV11-2*01	TRBJ2-2	1
CASSLGHSYEQYF	TRBV11-1*01	TRBJ2-7	1
CASSLGHTNYGYTF	TRBV7-9*01	TRBJ1-2	1
CASSLGHTRADTQYF	TRBV7-2*01	TRBJ2-3	1
CASSLGIAKNIQYF	TRBV12-4*01	TRBJ2-4	1
CASSLGIAVSEQFF	TRBV9*01	TRBJ2-1	1
CASSLGIDEQFF	TRBV7-9*01	TRBJ2-1	1
CASSLGIEQFF	TRBV27*01	TRBJ2-1	1
CASSLGIEQFF	TRBV5-1*01	TRBJ2-1	1
CASSLGIETPSSYEQYF	TRBV11-1*01	TRBJ2-7	1
CASSLGIFTEAFF	TRBV28*01	TRBJ1-1	1
CASSLGIIVGVSLNEQFF	TRBV5-8*01	TRBJ2-1	1
CASSLGILYEQYF	TRBV27*01	TRBJ2-7	1
CASSLGINTEAFF	TRBV27*01	TRBJ1-1	1
CASSLGIRGAGRRPEKLFF	TRBV7-8*01	TRBJ1-4	1
CASSLGIRTSAEQYF	TRBV27*01	TRBJ2-7	1
CASSLGISGTDTQYF	TRBV7-2*01	TRBJ2-3	1
CASSLGKGAELYEQFF	TRBV10-1*01	TRBJ2-1	1
CASSLGKGDDTEAFF	TRBV11-3*01	TRBJ1-1	1
CASSLGKSLGETQYF	TRBV7-2*01	TRBJ2-5	1
CASSLGKTEPQHF	TRBV7-8*01	TRBJ1-5	1
CASSLGKVAQSRYGYTF	TRBV7-9*01	TRBJ1-2	1
CASSLGKVQYF	TRBV27*01	TRBJ2-7	1
CASSLGLAAAGELFF	TRBV5-4*01	TRBJ2-2	1
CASSLGLAAAYNEQFF	TRBV5-6*01	TRBJ2-1	1
CASSLGLAAIYTGELFF	TRBV12-3*01	TRBJ2-2	1
CASSLGLAAPTDTQYF	TRBV7-3*01	TRBJ2-3	1
CASSLGLAEEQFF	TRBV7-9*01	TRBJ2-1	1
CASSLGLAFEQYF	TRBV27*01	TRBJ2-7	1
CASSLGLAGAEETQYF	TRBV5-4*01	TRBJ2-5	1
CASSLGLAGDPRADTQYF	TRBV9*01	TRBJ2-3	1
CASSLGLAGDTGELFF	TRBV7-8*01	TRBJ2-2	1
CASSLGLAGEGNEQFF	TRBV19*01	TRBJ2-1	1
CASSLGLAGEYNEQFF	TRBV13*01	TRBJ2-1	1
CASSLGLAGGPWTGELFF	TRBV7-9*01	TRBJ2-2	1
CASSLGLAGGQETQYF	TRBV13*01	TRBJ2-5	1
CASSLGLAGGSVGELFF	TRBV5-6*01	TRBJ2-2	1
CASSLGLAGLNEQFF	TRBV5-4*01	TRBJ2-1	1
CASSLGLAGNNEQFF	TRBV11-2*01	TRBJ2-1	1
CASSLGLAGPIGNEQFF	TRBV7-2*01	TRBJ2-1	1
CASSLGLAGSTDTQYF	TRBV7-2*01	TRBJ2-3	1
CASSLGLAGSTDTQYF	TRBV7-8*01	TRBJ2-3	1
CASSLGLAGSYEQYF	TRBV5-1*01	TRBJ2-7	1
CASSLGLAGTYEQYF	TRBV12-3*01	TRBJ2-7	1
CASSLGLAGVYEQFF	TRBV5-8*01	TRBJ2-1	1
CASSLGLAGWGGELFF	TRBV12-4*01	TRBJ2-2	1
CASSLGLAGYRNEQFF	TRBV11-1*01	TRBJ2-1	1
CASSLGLAGYSTDTQYF	TRBV12-4*01	TRBJ2-3	1
CASSLGLASNEQFF	TRBV11-2*01	TRBJ2-1	1
CASSLGLAVTDTQYF	TRBV5-5*01	TRBJ2-3	1
CASSLGLAVYEQYF	TRBV19*01	TRBJ2-7	1
CASSLGLAYEQYF	TRBV11-2*01	TRBJ2-7	1
CASSLGLDYEQYF	TRBV7-8*01	TRBJ2-7	1
CASSLGLEGTNQPQHF	TRBV13*01	TRBJ1-5	1
CASSLGLEMSSDTQYF	TRBV7-8*01	TRBJ2-3	1
CASSLGLGGGQETQYF	TRBV11-2*01	TRBJ2-5	1
CASSLGLGGGTEAFF	TRBV27*01	TRBJ1-1	1
CASSLGLGGTYEQYF	TRBV7-2*01	TRBJ2-7	1
CASSLGLGPYEQYF	TRBV3-1*01	TRBJ2-7	1
CASSLGLGRGDQPQHF	TRBV5-1*01	TRBJ1-5	1
CASSLGLGSESSYEQYF	TRBV7-2*01	TRBJ2-7	1
CASSLGLGYEQYF	TRBV12-4*01	TRBJ2-7	1
CASSLGLGYEQYF	TRBV27*01	TRBJ2-7	1
CASSLGLLAEQFF	TRBV7-2*01	TRBJ2-1	1
CASSLGLLAGGEQYF	TRBV5-4*01	TRBJ2-7	1
CASSLGLLVQETQYF	TRBV7-9*01	TRBJ2-5	1
CASSLGLNYGYTF	TRBV12-4*01	TRBJ1-2	1
CASSLGLPGLAGINTDTQYF	TRBV11-2*01	TRBJ2-3	1
CASSLGLPVSSYEQYF	TRBV5-4*01	TRBJ2-7	1
CASSLGLQAYNEQFF	TRBV7-7*01	TRBJ2-1	1
CASSLGLQGMSYNEQFF	TRBV5-1*01	TRBJ2-1	1
CASSLGLQPQHF	TRBV7-2*01	TRBJ1-5	1
CASSLGLRGPEAFF	TRBV13*01	TRBJ1-1	1
CASSLGLRGWDTEAFF	TRBV5-6*01	TRBJ1-1	1
CASSLGLSEQYF	TRBV7-9*01	TRBJ2-7	1
CASSLGLSFGGSDTQYF	TRBV13*01	TRBJ2-3	1
CASSLGLSGLGYEQYF	TRBV7-9*01	TRBJ2-7	1
CASSLGLSRDTQETQYF	TRBV13*01	TRBJ2-5	1
CASSLGLTHTYNEQFF	TRBV5-1*01	TRBJ2-1	1
CASSLGLTNTEAFF	TRBV27*01	TRBJ1-1	1
CASSLGLTYEQYF	TRBV27*01	TRBJ2-7	1
CASSLGLVIPDTQYF	TRBV5-5*01	TRBJ2-3	1
CASSLGLVLAGMDGELFF	TRBV13*01	TRBJ2-2	1
CASSLGLVSRGPNTGELFF	TRBV11-1*01	TRBJ2-2	1
CASSLGLVTEAFF	TRBV12-4*01	TRBJ1-1	1
CASSLGLWREVLADTQYF	TRBV7-2*01	TRBJ2-3	1
CASSLGLYEQYF	TRBV5-6*01	TRBJ2-7	1
CASSLGLYRDRDGYTF	TRBV5-1*01	TRBJ1-2	1
CASSLGLYTDTQYF	TRBV12-4*01	TRBJ2-3	1
CASSLGLYTDTQYF	TRBV7-3*01	TRBJ2-3	1
CASSLGNEKLFF	TRBV11-2*01	TRBJ1-4	1
CASSLGNEQFF	TRBV27*01	TRBJ2-1	1
CASSLGNEQFF	TRBV9*01	TRBJ2-1	1
CASSLGNEQYF	TRBV11-2*01	TRBJ2-7	1
CASSLGNIQYF	TRBV7-2*01	TRBJ2-4	1
CASSLGNPGTGDEKLFF	TRBV7-2*01	TRBJ1-4	1
CASSLGNQPQHF	TRBV5-4*01	TRBJ1-5	1
CASSLGNQPQHF	TRBV7-2*01	TRBJ1-5	1
CASSLGNRGGYEQYF	TRBV5-6*01	TRBJ2-7	1
CASSLGNRIVVGNTEAFF	TRBV7-2*01	TRBJ1-1	1
CASSLGNRPDAYEQYF	TRBV7-9*01	TRBJ2-7	1
CASSLGNSYEQYF	TRBV7-6*01	TRBJ2-7	1
CASSLGNYEQYF	TRBV13*01	TRBJ2-7	1
CASSLGNYGYTF	TRBV7-2*01	TRBJ1-2	1
CASSLGPAGRGYNSPLHF	TRBV5-4*01	TRBJ1-6	1
CASSLGPAREGSEQYF	TRBV7-2*01	TRBJ2-7	1
CASSLGPATPQHF	TRBV7-8*01	TRBJ1-5	1
CASSLGPDNEQFF	TRBV5-1*01	TRBJ2-1	1
CASSLGPDNEQFF	TRBV7-2*01	TRBJ2-1	3
CASSLGPDSATGELFF	TRBV12-3*01	TRBJ2-2	1
CASSLGPDSNSPLHF	TRBV13*01	TRBJ1-6	1
CASSLGPEEQYF	TRBV5-4*01	TRBJ2-7	1
CASSLGPELFF	TRBV12-4*01	TRBJ2-2	1
CASSLGPETQYF	TRBV5-5*01	TRBJ2-5	1
CASSLGPFDTQYF	TRBV28*01	TRBJ2-3	1
CASSLGPGKGYTF	TRBV27*01	TRBJ1-2	1
CASSLGPGNEQYF	TRBV5-1*01	TRBJ2-7	1
CASSLGPGNTEAFF	TRBV5-5*01	TRBJ1-1	1
CASSLGPGQGGLSNIQYF	TRBV11-2*01	TRBJ2-4	1
CASSLGPGSGEQYF	TRBV13*01	TRBJ2-7	1
CASSLGPGSTDTQYF	TRBV5-4*01	TRBJ2-3	1
CASSLGPGTGEETQYF	TRBV7-8*01	TRBJ2-5	1
CASSLGPGTTNTIYF	TRBV7-6*01	TRBJ1-3	1
CASSLGPGVAGGLDTQYF	TRBV11-2*01	TRBJ2-3	1
CASSLGPGVNTEAFF	TRBV7-2*01	TRBJ1-1	1
CASSLGPIASQFF	TRBV27*01	TRBJ2-1	1
CASSLGPITGLPYNEQFF	TRBV5-6*01	TRBJ2-1	1
CASSLGPIYGYTF	TRBV13*01	TRBJ1-2	1
CASSLGPLAGVNHNEQFF	TRBV13*01	TRBJ2-1	1
CASSLGPLMAKNIQYF	TRBV27*01	TRBJ2-4	1
CASSLGPNGYTF	TRBV7-9*01	TRBJ1-2	1
CASSLGPPHEQYF	TRBV13*01	TRBJ2-7	1
CASSLGPPLGLGYTF	TRBV13*01	TRBJ1-2	1
CASSLGPPMGDTEAFF	TRBV7-6*01	TRBJ1-1	1
CASSLGPRGSYEQYF	TRBV5-1*01	TRBJ2-7	1
CASSLGPRTEAFF	TRBV7-3*01	TRBJ1-1	1
CASSLGPSEGGAETQYF	TRBV13*01	TRBJ2-5	1
CASSLGPSSYEQYF	TRBV5-6*01	TRBJ2-7	1
CASSLGPSYEQYF	TRBV5-6*01	TRBJ2-7	1
CASSLGPTEAFF	TRBV6-3*01	TRBJ1-1	4
CASSLGPTNNEQFF	TRBV12-4*01	TRBJ2-1	1
CASSLGPTNTGELFF	TRBV7-3*01	TRBJ2-2	1
CASSLGPTYEQFF	TRBV27*01	TRBJ2-1	1
CASSLGPVASGNNEQFF	TRBV11-2*01	TRBJ2-1	1
CASSLGPVIGNTEAFF	TRBV5-6*01	TRBJ1-1	1
CASSLGPVRGYTF	TRBV7-9*01	TRBJ1-2	1
CASSLGPVTHTDTQYF	TRBV4-3*01	TRBJ2-3	1
CASSLGPWGQGSEAFF	TRBV13*01	TRBJ1-1	1
CASSLGQAETQYF	TRBV13*01	TRBJ2-5	1
CASSLGQAGAFF	TRBV7-9*01	TRBJ1-1	1
CASSLGQAKNIQYF	TRBV5-1*01	TRBJ2-4	1
CASSLGQASGNTIYF	TRBV7-8*01	TRBJ1-3	1
CASSLGQAVYEQYF	TRBV7-2*01	TRBJ2-7	1
CASSLGQAYYEQYF	TRBV7-8*01	TRBJ2-7	1
CASSLGQCNQPQHF	TRBV7-9*01	TRBJ1-5	1
CASSLGQDSYEQYF	TRBV7-2*01	TRBJ2-7	1
CASSLGQEAFF	TRBV5-1*01	TRBJ1-1	1
CASSLGQEHGETQYF	TRBV12-4*01	TRBJ2-5	1
CASSLGQENSPLHF	TRBV5-6*01	TRBJ1-6	1
CASSLGQFNPYGYTF	TRBV9*01	TRBJ1-2	2
CASSLGQGAAGYTF	TRBV12-4*01	TRBJ1-2	1
CASSLGQGADTEAFF	TRBV13*01	TRBJ1-1	1
CASSLGQGAFTEAFF	TRBV5-1*01	TRBJ1-1	1
CASSLGQGANTGELFF	TRBV13*01	TRBJ2-2	1
CASSLGQGAPEAFF	TRBV11-2*01	TRBJ1-1	1
CASSLGQGASQPQHF	TRBV7-2*01	TRBJ1-5	12
CASSLGQGATTEAFF	TRBV7-8*01	TRBJ1-1	1
CASSLGQGAYEQFF	TRBV5-4*01	TRBJ2-1	1
CASSLGQGAYEQYF	TRBV11-2*01	TRBJ2-7	1
CASSLGQGAYEQYF	TRBV5-5*01	TRBJ2-7	1
CASSLGQGAYEQYF	TRBV5-6*01	TRBJ2-7	1
CASSLGQGAYNEQFF	TRBV5-5*01	TRBJ2-1	1
CASSLGQGAYTEAFF	TRBV7-9*01	TRBJ1-1	1
CASSLGQGDYGYTF	TRBV6-5*01	TRBJ1-2	1
CASSLGQGEDPQHF	TRBV7-2*01	TRBJ1-5	1
CASSLGQGEQYF	TRBV7-9*01	TRBJ2-7	1
CASSLGQGFDEQYF	TRBV7-8*01	TRBJ2-7	1
CASSLGQGGGEQYF	TRBV7-6*01	TRBJ2-7	1
CASSLGQGGHEQYF	TRBV27*01	TRBJ2-7	1
CASSLGQGGMNTEAFF	TRBV7-9*01	TRBJ1-1	1
CASSLGQGGPDTQYF	TRBV28*01	TRBJ2-3	1
CASSLGQGGPNEQYF	TRBV12-4*01	TRBJ2-7	1
CASSLGQGGSEAFF	TRBV5-5*01	TRBJ1-1	1
CASSLGQGGSYEQYF	TRBV5-5*01	TRBJ2-7	1
CASSLGQGGTEAFF	TRBV9*01	TRBJ1-1	1
CASSLGQGGYEQYF	TRBV3-1*01	TRBJ2-7	1
CASSLGQGISHEQFF	TRBV5-6*01	TRBJ2-1	1
CASSLGQGIYEQYF	TRBV7-8*01	TRBJ2-7	1
CASSLGQGLINYEQYF	TRBV11-2*01	TRBJ2-7	1
CASSLGQGLPSTDTQYF	TRBV7-9*01	TRBJ2-3	1
CASSLGQGLRNEQFF	TRBV5-1*01	TRBJ2-1	1
CASSLGQGLTEAFF	TRBV5-1*01	TRBJ1-1	1
CASSLGQGNEKLFF	TRBV4-1*01	TRBJ1-4	1
CASSLGQGNEKLFF	TRBV7-9*01	TRBJ1-4	1
CASSLGQGPDTQYF	TRBV5-4*01	TRBJ2-3	1
CASSLGQGPYEQYF	TRBV11-1*01	TRBJ2-7	1
CASSLGQGPYEQYF	TRBV11-2*01	TRBJ2-7	21
CASSLGQGPYTGELFF	TRBV5-1*01	TRBJ2-2	1
CASSLGQGQVNSPLHF	TRBV13*01	TRBJ1-6	1
CASSLGQGRDEQYF	TRBV5-1*01	TRBJ2-7	1
CASSLGQGRNEQFF	TRBV11-1*01	TRBJ2-1	1
CASSLGQGRTEAFF	TRBV5-1*01	TRBJ1-1	1
CASSLGQGSDTQYF	TRBV7-9*01	TRBJ2-3	1
CASSLGQGSEQYF	TRBV28*01	TRBJ2-7	1
CASSLGQGSSYEQYF	TRBV28*01	TRBJ2-7	1
CASSLGQGTNEKLFF	TRBV5-1*01	TRBJ1-4	1
CASSLGQGTSIAKNIQYF	TRBV4-3*01	TRBJ2-4	1
CASSLGQGTSTYEQYF	TRBV7-8*01	TRBJ2-7	1
CASSLGQGVFYEQFF	TRBV7-9*01	TRBJ2-1	1
CASSLGQGVFYTF	TRBV5-1*01	TRBJ1-2	25
CASSLGQGVGEYYGYTF	TRBV7-2*01	TRBJ1-2	1
CASSLGQGVNTEAFF	TRBV7-8*01	TRBJ1-1	1
CASSLGQGVSNQPQHF	TRBV12-3*01	TRBJ1-5	1
CASSLGQGVYGYTF	TRBV27*01	TRBJ1-2	1
CASSLGQGWGYTF	TRBV27*01	TRBJ1-2	1
CASSLGQGYEQFF	TRBV11-3*01	TRBJ2-1	1
CASSLGQGYEQYF	TRBV27*01	TRBJ2-7	1
CASSLGQGYEQYF	TRBV6-5*01	TRBJ2-7	1
CASSLGQGYEQYF	TRBV7-3*01	TRBJ2-7	1
CASSLGQGYNEQFF	TRBV27*01	TRBJ2-1	1
CASSLGQGYPYEQYF	TRBV5-1*01	TRBJ2-7	1
CASSLGQGYRQPQHF	TRBV28*01	TRBJ1-5	1
CASSLGQGYSPLHF	TRBV11-2*01	TRBJ1-6	1
CASSLGQGYYNEQFF	TRBV28*01	TRBJ2-1	1
CASSLGQINEQFF	TRBV7-9*01	TRBJ2-1	1
CASSLGQLEAFF	TRBV5-5*01	TRBJ1-1	1
CASSLGQLGEQYF	TRBV28*01	TRBJ2-7	1
CASSLGQMNTEAFF	TRBV27*01	TRBJ1-1	1
CASSLGQNEQFF	TRBV11-2*01	TRBJ2-1	1
CASSLGQNTEAFF	TRBV13*01	TRBJ1-1	1
CASSLGQNYGYTF	TRBV5-6*01	TRBJ1-2	1
CASSLGQPNQPQHF	TRBV12-4*01	TRBJ1-5	1
CASSLGQQPGPGNTIYF	TRBV13*01	TRBJ1-3	1
CASSLGQREQFF	TRBV7-9*01	TRBJ2-1	1
CASSLGQRGGNTIYF	TRBV5-4*01	TRBJ1-3	1
CASSLGQRLAQDNEQFF	TRBV13*01	TRBJ2-1	1
CASSLGQSYEQYF	TRBV12-3*01	TRBJ2-7	1
CASSLGQSYEQYF	TRBV5-6*01	TRBJ2-7	1
CASSLGQTDTQYF	TRBV27*01	TRBJ2-3	1
CASSLGQTEAFF	TRBV12-4*01	TRBJ1-1	1
CASSLGQYLYGYTF	TRBV28*01	TRBJ1-2	1
CASSLGQYYEQYF	TRBV11-2*01	TRBJ2-7	1
CASSLGRAADIQYF	TRBV5-1*01	TRBJ2-4	1
CASSLGRANTEAFF	TRBV13*01	TRBJ1-1	1
CASSLGRASTDTQYF	TRBV7-9*01	TRBJ2-3	1
CASSLGRATEAFF	TRBV7-9*01	TRBJ1-1	1
CASSLGRATNEKLFF	TRBV7-9*01	TRBJ1-4	1
CASSLGRAYEQYF	TRBV7-2*01	TRBJ2-7	1
CASSLGRAYGYTF	TRBV4-1*01	TRBJ1-2	1
CASSLGRDLTSYEQYF	TRBV5-5*01	TRBJ2-7	1
CASSLGRDSNQPQHF	TRBV7-6*01	TRBJ1-5	1
CASSLGRDWGYTF	TRBV27*01	TRBJ1-2	1
CASSLGREGINEQFF	TRBV27*01	TRBJ2-1	1
CASSLGRGDEQYF	TRBV7-3*01	TRBJ2-7	1
CASSLGRGGFGEQFF	TRBV11-1*01	TRBJ2-1	1
CASSLGRGGLAQTQYF	TRBV7-9*01	TRBJ2-5	1
CASSLGRGIYEQYF	TRBV7-2*01	TRBJ2-7	1
CASSLGRGPSYEQYF	TRBV13*01	TRBJ2-7	1
CASSLGRGPVDEQFF	TRBV13*01	TRBJ2-1	1
CASSLGRGRYLSPKNIQYF	TRBV7-2*01	TRBJ2-4	1
CASSLGRGTINEQYF	TRBV13*01	TRBJ2-7	1
CASSLGRGVGNTIYF	TRBV13*01	TRBJ1-3	1
CASSLGRGYEQYF	TRBV5-6*01	TRBJ2-7	1
CASSLGRIAYGYTF	TRBV5-6*01	TRBJ1-2	1
CASSLGRIDEQYF	TRBV7-9*01	TRBJ2-7	1
CASSLGRLPQHF	TRBV5-6*01	TRBJ1-5	1
CASSLGRPGLNYGYTF	TRBV7-3*01	TRBJ1-2	1
CASSLGRQGGAGELFF	TRBV11-3*01	TRBJ2-2	1
CASSLGRQNTEAFF	TRBV2*01	TRBJ1-1	1
CASSLGRRDSSLTDTQYF	TRBV5-4*01	TRBJ2-3	1
CASSLGRRGPITDTQYF	TRBV7-3*01	TRBJ2-3	1
CASSLGRSGEQFF	TRBV7-9*01	TRBJ2-1	1
CASSLGRSSSNQPQHF	TRBV7-8*01	TRBJ1-5	2
CASSLGRSYGYTF	TRBV12-4*01	TRBJ1-2	1
CASSLGRTGELFF	TRBV13*01	TRBJ2-2	1
CASSLGRTGEQYF	TRBV27*01	TRBJ2-7	1
CASSLGRTLYNEQFF	TRBV7-6*01	TRBJ2-1	1
CASSLGRTNQPQHF	TRBV11-2*01	TRBJ1-5	1
CASSLGRTNTGELFF	TRBV5-1*01	TRBJ2-2	1
CASSLGRVAQQYF	TRBV13*01	TRBJ2-7	1
CASSLGRVEGGTEAFF	TRBV7-9*01	TRBJ1-1	1
CASSLGRVPGDTQYF	TRBV27*01	TRBJ2-3	1
CASSLGRVPYGYTF	TRBV13*01	TRBJ1-2	1
CASSLGRVSEEFF	TRBV6-5*01	TRBJ2-1	1
CASSLGRWNTEAFF	TRBV5-1*01	TRBJ1-1	1
CASSLGSADGQYF	TRBV7-6*01	TRBJ2-7	1
CASSLGSAEAFF	TRBV5-5*01	TRBJ1-1	24
CASSLGSATEAFF	TRBV7-3*01	TRBJ1-1	1
CASSLGSDSYNEQFF	TRBV5-6*01	TRBJ2-1	1
CASSLGSDTQYF	TRBV3-1*01	TRBJ2-3	1
CASSLGSEEPSYEQYF	TRBV5-4*01	TRBJ2-7	1
CASSLGSGAPYEQYF	TRBV3-1*01	TRBJ2-7	1
CASSLGSGATQYF	TRBV6-5*01	TRBJ2-3	1
CASSLGSGELFF	TRBV5-4*01	TRBJ2-2	1
CASSLGSGFSYEQYF	TRBV7-8*01	TRBJ2-7	1
CASSLGSGGANEQFF	TRBV27*01	TRBJ2-1	1
CASSLGSGGEVSYNEQFF	TRBV5-1*01	TRBJ2-1	1
CASSLGSGGTDTQYF	TRBV11-2*01	TRBJ2-3	1
CASSLGSGGTDTQYF	TRBV7-2*01	TRBJ2-3	1
CASSLGSGGTVLFF	TRBV12-4*01	TRBJ2-2	1
CASSLGSGNSYNEQFF	TRBV27*01	TRBJ2-1	1
CASSLGSGPYNEQFF	TRBV11-2*01	TRBJ2-1	1
CASSLGSGQGAYEQYF	TRBV5-6*01	TRBJ2-7	1
CASSLGSGRLNTEAFF	TRBV5-1*01	TRBJ1-1	1
CASSLGSGRLRLKAGDETQYF	TRBV7-7*01	TRBJ2-5	1
CASSLGSGRTYEQYF	TRBV27*01	TRBJ2-7	1
CASSLGSGRYQETQYF	TRBV12-4*01	TRBJ2-5	1
CASSLGSGTYEQYF	TRBV12-4*01	TRBJ2-7	1
CASSLGSGYGYTF	TRBV27*01	TRBJ1-2	1
CASSLGSIDTGELFF	TRBV27*01	TRBJ2-2	1
CASSLGSILPKDYYGYTF	TRBV5-4*01	TRBJ1-2	1
CASSLGSINQPQHF	TRBV7-9*01	TRBJ1-5	1
CASSLGSLGGYTF	TRBV27*01	TRBJ1-2	1
CASSLGSLHNEQFF	TRBV7-9*01	TRBJ2-1	1
CASSLGSLSYEQYF	TRBV5-1*01	TRBJ2-7	1
CASSLGSNEQYF	TRBV7-9*01	TRBJ2-7	1
CASSLGSNQPQHF	TRBV27*01	TRBJ1-5	1
CASSLGSNSPLHF	TRBV27*01	TRBJ1-6	1
CASSLGSPGNTIYF	TRBV5-5*01	TRBJ1-3	1
CASSLGSPTGNTIYF	TRBV12-4*01	TRBJ1-3	1
CASSLGSQETQYF	TRBV12-3*01	TRBJ2-5	1
CASSLGSRGVYEQYF	TRBV11-2*01	TRBJ2-7	1
CASSLGSSLMNTEAFF	TRBV13*01	TRBJ1-1	1
CASSLGSSNQPQHF	TRBV5-1*01	TRBJ1-5	1
CASSLGSSYEQYF	TRBV11-2*01	TRBJ2-7	1
CASSLGSSYEQYF	TRBV12-3*01	TRBJ2-7	1
CASSLGSSYEQYF	TRBV27*01	TRBJ2-7	1
CASSLGSSYEQYF	TRBV7-2*01	TRBJ2-7	1
CASSLGSSYEQYF	TRBV7-9*01	TRBJ2-7	1
CASSLGSSYNSPLHF	TRBV11-2*01	TRBJ1-6	1
CASSLGSSYNSPLHF	TRBV5-4*01	TRBJ1-6	1
CASSLGSTEAFF	TRBV5-6*01	TRBJ1-1	1
CASSLGSTPSEAFF	TRBV13*01	TRBJ1-1	1
CASSLGSVVNYGYTF	TRBV7-9*01	TRBJ1-2	1
CASSLGSWSEAFF	TRBV27*01	TRBJ1-1	1
CASSLGSYEQYF	TRBV13*01	TRBJ2-7	1
CASSLGSYEQYF	TRBV5-4*01	TRBJ2-7	1
CASSLGSYEQYF	TRBV5-6*01	TRBJ2-7	1
CASSLGSYEQYF	TRBV7-9*01	TRBJ2-7	1
CASSLGSYGYTF	TRBV19*01	TRBJ1-2	1
CASSLGSYNEQFF	TRBV11-3*01	TRBJ2-1	1
CASSLGTAHQETQYF	TRBV27*01	TRBJ2-5	1
CASSLGTANYGYTF	TRBV5-4*01	TRBJ1-2	1
CASSLGTATNEKLFF	TRBV7-6*01	TRBJ1-4	1
CASSLGTAYEQYF	TRBV27*01	TRBJ2-7	2
CASSLGTDHSNQPQHF	TRBV5-6*01	TRBJ1-5	1
CASSLGTDLSEAFF	TRBV5-1*01	TRBJ1-1	1
CASSLGTDTQYF	TRBV27*01	TRBJ2-3	1
CASSLGTDTQYF	TRBV5-6*01	TRBJ2-3	1
CASSLGTEAFF	TRBV10-2*01	TRBJ1-1	1
CASSLGTEAFF	TRBV5-4*01	TRBJ1-1	1
CASSLGTEAFF	TRBV7-2*01	TRBJ1-1	1
CASSLGTEAFF	TRBV9*01	TRBJ1-1	1
CASSLGTEPTDTQYF	TRBV5-4*01	TRBJ2-3	1
CASSLGTESYSNQPQHF	TRBV28*01	TRBJ1-5	1
CASSLGTFATNEKLFF	TRBV11-2*01	TRBJ1-4	1
CASSLGTGAYSGNTIYF	TRBV13*01	TRBJ1-3	1
CASSLGTGDEKLFF	TRBV19*01	TRBJ1-4	1
CASSLGTGDEQFF	TRBV9*01	TRBJ2-1	1
CASSLGTGDFDEQFF	TRBV11-2*01	TRBJ2-1	1
CASSLGTGEKLFF	TRBV7-2*01	TRBJ1-4	1
CASSLGTGEKYEQYF	TRBV7-7*01	TRBJ2-7	1
CASSLGTGENQPQHF	TRBV27*01	TRBJ1-5	1
CASSLGTGFGYTF	TRBV28*01	TRBJ1-2	1
CASSLGTGFNEQYF	TRBV13*01	TRBJ2-7	1
CASSLGTGFTEAFF	TRBV27*01	TRBJ1-1	1
CASSLGTGFYGYTF	TRBV27*01	TRBJ1-2	1
CASSLGTGGGDGYTF	TRBV28*01	TRBJ1-2	1
CASSLGTGGIETEAFF	TRBV7-9*01	TRBJ1-1	1
CASSLGTGGITDTQYF	TRBV7-9*01	TRBJ2-3	3
CASSLGTGGIYEQYF	TRBV27*01	TRBJ2-7	1
CASSLGTGGNTEAFF	TRBV11-2*01	TRBJ1-1	1
CASSLGTGGSYEQYF	TRBV3-1*01	TRBJ2-7	1
CASSLGTGGTDTQYF	TRBV28*01	TRBJ2-3	1
CASSLGTGGTEAFF	TRBV11-1*01	TRBJ1-1	1
CASSLGTGGYEQYF	TRBV27*01	TRBJ2-7	2
CASSLGTGGYEQYF	TRBV5-1*01	TRBJ2-7	1
CASSLGTGHTDTQYF	TRBV11-3*01	TRBJ2-3	1
CASSLGTGILYGYTF	TRBV28*01	TRBJ1-2	1
CASSLGTGISYEQYF	TRBV11-2*01	TRBJ2-7	1
CASSLGTGLGNEQFF	TRBV27*01	TRBJ2-1	1
CASSLGTGNTEAFF	TRBV5-6*01	TRBJ1-1	1
CASSLGTGNYEQYF	TRBV7-9*01	TRBJ2-7	1
CASSLGTGNYNEQFF	TRBV7-2*01	TRBJ2-1	1
CASSLGTGPEAFF	TRBV27*01	TRBJ1-1	1
CASSLGTGQGGGLFF	TRBV7-9*01	TRBJ1-4	1
CASSLGTGQPQHF	TRBV7-8*01	TRBJ1-5	1
CASSLGTGRNYNEQFF	TRBV5-4*01	TRBJ2-1	1
CASSLGTGSSPLHF	TRBV27*01	TRBJ1-6	1
CASSLGTGTSGPQETQYF	TRBV5-6*01	TRBJ2-5	1
CASSLGTGTTDTQYF	TRBV7-9*01	TRBJ2-3	1
CASSLGTGVGDTQYF	TRBV13*01	TRBJ2-3	1
CASSLGTGVRETQYF	TRBV5-4*01	TRBJ2-5	1
CASSLGTGWSAGYTF	TRBV11-2*01	TRBJ1-2	1
CASSLGTGYGYTF	TRBV6-3*01	TRBJ1-2	1
CASSLGTGYQETQYF	TRBV27*01	TRBJ2-5	1
CASSLGTINEQFF	TRBV11-3*01	TRBJ2-1	1
CASSLGTLAKNIQYF	TRBV7-9*01	TRBJ2-4	1
CASSLGTLQPVHEQFF	TRBV11-1*01	TRBJ2-1	1
CASSLGTNTEAFF	TRBV19*01	TRBJ1-1	1
CASSLGTNTEAFF	TRBV5-6*01	TRBJ1-1	1
CASSLGTPLAGGSYEQYF	TRBV28*01	TRBJ2-7	1
CASSLGTPPRQEGGNTIYF	TRBV7-8*01	TRBJ1-3	1
CASSLGTQGADTQYF	TRBV5-1*01	TRBJ2-3	1
CASSLGTRLEVNSPLHF	TRBV5-6*01	TRBJ1-6	1
CASSLGTRNTQYF	TRBV5-4*01	TRBJ2-3	1
CASSLGTSAEQYF	TRBV11-3*01	TRBJ2-7	1
CASSLGTSATDTQYF	TRBV5-1*01	TRBJ2-3	1
CASSLGTSGAQETQYF	TRBV5-8*01	TRBJ2-5	1
CASSLGTSGLYNEQFF	TRBV5-1*01	TRBJ2-1	1
CASSLGTSGMGEQYF	TRBV11-2*01	TRBJ2-7	4
CASSLGTSGNEQYF	TRBV7-2*01	TRBJ2-7	1
CASSLGTSGNYEQYF	TRBV7-2*01	TRBJ2-7	1
CASSLGTSGPREQYF	TRBV27*01	TRBJ2-7	1
CASSLGTSGPSHDIQYF	TRBV5-5*01	TRBJ2-4	1
CASSLGTSGRAGDEQYF	TRBV13*01	TRBJ2-7	1
CASSLGTSGRETQYF	TRBV7-9*01	TRBJ2-5	1
CASSLGTSGRTDTQYF	TRBV27*01	TRBJ2-3	1
CASSLGTSGSGADTQYF	TRBV7-7*01	TRBJ2-3	1
CASSLGTSGSLYEQYF	TRBV28*01	TRBJ2-7	1
CASSLGTSGSSYEQYF	TRBV13*01	TRBJ2-7	1
CASSLGTSGYNEQFF	TRBV5-1*01	TRBJ2-1	1
CASSLGTSNSPLHF	TRBV5-1*01	TRBJ1-6	1
CASSLGTSNYEQYF	TRBV4-3*01	TRBJ2-7	1
CASSLGTSSDTQYF	TRBV9*01	TRBJ2-3	1
CASSLGTTEQFF	TRBV7-9*01	TRBJ2-1	1
CASSLGTTGDGYTF	TRBV12-4*01	TRBJ1-2	1
CASSLGTTGNTIYF	TRBV12-4*01	TRBJ1-3	1
CASSLGTVEAFF	TRBV19*01	TRBJ1-1	1
CASSLGTVGYGYTF	TRBV13*01	TRBJ1-2	1
CASSLGTVWYSNQPQHF	TRBV12-4*01	TRBJ1-5	1
CASSLGTWTVF	TRBV4-1*01	TRBJ2-1	1
CASSLGVAGDSYEQYF	TRBV5-1*01	TRBJ2-7	1
CASSLGVAGTNTGELFF	TRBV11-2*01	TRBJ2-2	12
CASSLGVAGTNTGELFF	TRBV11-3*01	TRBJ2-2	2
CASSLGVAGTNTGELFF	TRBV7-2*01	TRBJ2-2	2
CASSLGVALTYEQYF	TRBV27*01	TRBJ2-7	1
CASSLGVASGSHNEQFF	TRBV7-9*01	TRBJ2-1	1
CASSLGVATEAFF	TRBV12-4*01	TRBJ1-1	1
CASSLGVAVNSYNEQFF	TRBV5-4*01	TRBJ2-1	1
CASSLGVDQPQHF	TRBV28*01	TRBJ1-5	1
CASSLGVDWPQHF	TRBV12-4*01	TRBJ1-5	1
CASSLGVGADTDTQYF	TRBV7-2*01	TRBJ2-3	1
CASSLGVGGELFF	TRBV11-2*01	TRBJ2-2	1
CASSLGVGGGVGTEAFF	TRBV13*01	TRBJ1-1	1
CASSLGVGGNGYTF	TRBV5-6*01	TRBJ1-2	1
CASSLGVGGVITEAFF	TRBV7-9*01	TRBJ1-1	1
CASSLGVGLRNTDTQYF	TRBV5-6*01	TRBJ2-3	1
CASSLGVGRGRETQYF	TRBV5-4*01	TRBJ2-5	1
CASSLGVGTHSNQPQHF	TRBV11-2*01	TRBJ1-5	1
CASSLGVGYGYTF	TRBV12-3*01	TRBJ1-2	1
CASSLGVINTGELFF	TRBV27*01	TRBJ2-2	1
CASSLGVLPGQGAYGYTF	TRBV7-9*01	TRBJ1-2	1
CASSLGVNEQYF	TRBV7-2*01	TRBJ2-7	1
CASSLGVREAGSLNQPQHF	TRBV27*01	TRBJ1-5	1
CASSLGVRGSGANVLTF	TRBV7-9*01	TRBJ2-6	1
CASSLGVRSYEQYF	TRBV5-1*01	TRBJ2-7	1
CASSLGVTDLGYTF	TRBV5-4*01	TRBJ1-2	1
CASSLGVWASGTDTQYF	TRBV11-2*01	TRBJ2-3	1
CASSLGVYGYTF	TRBV5-6*01	TRBJ1-2	1
CASSLGWGENYGYTF	TRBV7-9*01	TRBJ1-2	1
CASSLGWGETQYF	TRBV7-8*01	TRBJ2-5	1
CASSLGWGGTVPEAFF	TRBV7-2*01	TRBJ1-1	1
CASSLGWGSYEQYF	TRBV5-6*01	TRBJ2-7	1
CASSLGWGSYEQYF	TRBV7-8*01	TRBJ2-7	1
CASSLGWGVNEQFF	TRBV12-3*01	TRBJ2-1	1
CASSLGWNTEAFF	TRBV12-3*01	TRBJ1-1	1
CASSLGWRSDTGELFF	TRBV5-1*01	TRBJ2-2	1
CASSLGWSYNEQFF	TRBV5-1*01	TRBJ2-1	1
CASSLGWTSGRAEDTQYF	TRBV7-2*01	TRBJ2-3	1
CASSLGWVNEQFF	TRBV5-1*01	TRBJ2-1	1
CASSLGWVWRITGAYEQYF	TRBV5-5*01	TRBJ2-7	1
CASSLGYGALRYEQYF	TRBV5-1*01	TRBJ2-7	1
CASSLGYGETQYF	TRBV27*01	TRBJ2-5	1
CASSLGYGMNTEAFF	TRBV5-6*01	TRBJ1-1	1
CASSLGYNEQFF	TRBV5-8*01	TRBJ2-1	1
CASSLGYPANEQFF	TRBV7-9*01	TRBJ2-1	1
CASSLGYYEQYF	TRBV5-1*01	TRBJ2-7	1
CASSLHGGDRSDTQYF	TRBV6-5*01	TRBJ2-3	1
CASSLHGRHIYGYTF	TRBV4-3*01	TRBJ1-2	1
CASSLHGSTDTQYF	TRBV11-2*01	TRBJ2-3	1
CASSLHHPHEQYF	TRBV7-6*01	TRBJ2-7	1
CASSLHLLSYNEQFF	TRBV28*01	TRBJ2-1	1
CASSLHNADTQYF	TRBV7-2*01	TRBJ2-3	1
CASSLHPGLAGANEQFF	TRBV7-3*01	TRBJ2-1	1
CASSLHPYNEQFF	TRBV14*01	TRBJ2-1	1
CASSLHRASGSYEQYF	TRBV28*01	TRBJ2-7	1
CASSLHRATDTQYF	TRBV27*01	TRBJ2-3	1
CASSLHRGKSYEQYF	TRBV7-9*01	TRBJ2-7	1
CASSLHRGRSEKLFF	TRBV5-1*01	TRBJ1-4	1
CASSLHRGSSTGELFF	TRBV7-6*01	TRBJ2-2	1
CASSLHRSSSSYEQYF	TRBV7-8*01	TRBJ2-7	1
CASSLHRVSYTF	TRBV7-9*01	TRBJ1-2	1
CASSLHSGVPETQYF	TRBV28*01	TRBJ2-5	1
CASSLHTGTPFYEQYF	TRBV27*01	TRBJ2-7	1
CASSLHVHRGEDEQYF	TRBV25-1*01	TRBJ2-7	1
CASSLHVMGNYGYTF	TRBV12-4*01	TRBJ1-2	1
CASSLHWDREKYEQYF	TRBV7-9*01	TRBJ2-7	1
CASSLIAFGTENGYTF	TRBV7-2*01	TRBJ1-2	1
CASSLIAGDGYGYTF	TRBV12-3*01	TRBJ1-2	1
CASSLIAGGFNTGELFF	TRBV7-3*01	TRBJ2-2	1
CASSLIAGGGDTQYF	TRBV27*01	TRBJ2-3	1
CASSLIAGSSYNEQFF	TRBV27*01	TRBJ2-1	1
CASSLIAGTTYEQYF	TRBV7-9*01	TRBJ2-7	1
CASSLIAGVGETQYF	TRBV5-5*01	TRBJ2-5	1
CASSLIALSSSTDTQYF	TRBV12-3*01	TRBJ2-3	1
CASSLIANEKLFF	TRBV27*01	TRBJ1-4	1
CASSLIAPSSVNTEAFF	TRBV27*01	TRBJ1-1	1
CASSLIASGGANTEAFF	TRBV27*01	TRBJ1-1	1
CASSLIDAGELFF	TRBV27*01	TRBJ2-2	1
CASSLIDNPSKNIQYF	TRBV12-3*01	TRBJ2-4	1
CASSLIDTVWSLEQYF	TRBV5-6*01	TRBJ2-7	1
CASSLIEGYGYTF	TRBV7-3*01	TRBJ1-2	1
CASSLIFGRQYF	TRBV7-6*01	TRBJ2-7	1
CASSLIGGELFF	TRBV27*01	TRBJ2-2	1
CASSLIGGGAQETQYF	TRBV7-3*01	TRBJ2-5	1
CASSLIGGGSGRSYNEQFF	TRBV5-5*01	TRBJ2-1	1
CASSLIGGITDTQYF	TRBV27*01	TRBJ2-3	1
CASSLIGGLYSPLHF	TRBV5-1*01	TRBJ1-6	1
CASSLIGGRTLNEQFF	TRBV6-1*01	TRBJ2-1	1
CASSLIGGSYNEQFF	TRBV7-3*01	TRBJ2-1	1
CASSLIGGTAYEQYF	TRBV5-4*01	TRBJ2-7	1
CASSLIGGTDTQYF	TRBV5-1*01	TRBJ2-3	1
CASSLIGGTGELFF	TRBV7-9*01	TRBJ2-2	1
CASSLIGILYNEQFF	TRBV11-1*01	TRBJ2-1	1
CASSLIGLAGGRTDTQYF	TRBV7-3*01	TRBJ2-3	1
CASSLIGNTGELFF	TRBV7-2*01	TRBJ2-2	1
CASSLIGPDGGYTF	TRBV19*01	TRBJ1-2	1
CASSLIGPMNTEAFF	TRBV27*01	TRBJ1-1	1
CASSLIGPYGYTF	TRBV4-1*01	TRBJ1-2	1
CASSLIGRGHLSGANVLTF	TRBV27*01	TRBJ2-6	1
CASSLIGRSIYEQYF	TRBV28*01	TRBJ2-7	1
CASSLIGSGIAKNIQYF	TRBV5-6*01	TRBJ2-4	1
CASSLIGSRRSSSYNEQFF	TRBV7-3*01	TRBJ2-1	1
CASSLIGTANTGELFF	TRBV27*01	TRBJ2-2	1
CASSLIGTGLTLAKNIQYF	TRBV7-8*01	TRBJ2-4	1
CASSLIGVGEFTDTQYF	TRBV28*01	TRBJ2-3	5
CASSLIGVGGYTF	TRBV27*01	TRBJ1-2	1
CASSLIGVSTDTQYF	TRBV28*01	TRBJ2-3	1
CASSLIHKVMNTEAFF	TRBV7-3*01	TRBJ1-1	1
CASSLIIHF	TRBV12-4*01	TRBJ2-7	1
CASSLILDRDYEQYF	TRBV7-2*01	TRBJ2-7	1
CASSLILERATDTQYF	TRBV5-1*01	TRBJ2-3	1
CASSLILGGEQFF	TRBV7-3*01	TRBJ2-1	1
CASSLILHEQYF	TRBV7-2*01	TRBJ2-7	1
CASSLILKNPYEQYF	TRBV7-2*01	TRBJ2-7	1
CASSLILPNTEAFF	TRBV7-2*01	TRBJ1-1	1
CASSLILTDTQYF	TRBV7-3*01	TRBJ2-3	1
CASSLIMDRAYF	TRBV7-2*01	TRBJ2-5	1
CASSLIMEGAYEQYF	TRBV7-2*01	TRBJ2-7	1
CASSLINNEQFF	TRBV11-2*01	TRBJ2-1	1
CASSLINRENTGELFF	TRBV7-6*01	TRBJ2-2	1
CASSLIPAGGSSGANVLTF	TRBV7-6*01	TRBJ2-6	1
CASSLIPDRKNEKLFF	TRBV27*01	TRBJ1-4	1
CASSLIPGGREQYF	TRBV7-3*01	TRBJ2-7	1
CASSLIPGPYNEQFF	TRBV7-3*01	TRBJ2-1	2
CASSLIPGTGNTDRQYF	TRBV27*01	TRBJ2-3	1
CASSLIPKPQETQYF	TRBV7-8*01	TRBJ2-5	1
CASSLIPLAGGQNEQFF	TRBV11-2*01	TRBJ2-1	1
CASSLIPPGGNQPQHF	TRBV12-4*01	TRBJ1-5	1
CASSLIPPVGETQYF	TRBV7-9*01	TRBJ2-5	1
CASSLIPRGRNTGELFF	TRBV28*01	TRBJ2-2	1
CASSLIPYEGISEAFF	TRBV11-1*01	TRBJ1-1	1
CASSLIPYGREKLFF	TRBV5-1*01	TRBJ1-4	1
CASSLIQGADQETQYF	TRBV27*01	TRBJ2-5	1
CASSLIQGAYEQYF	TRBV7-8*01	TRBJ2-7	1
CASSLIQGDGYTF	TRBV5-6*01	TRBJ1-2	1
CASSLIQNIQYF	TRBV5-5*01	TRBJ2-4	1
CASSLIRGVSYNEQFF	TRBV11-2*01	TRBJ2-1	1
CASSLIRSPGTDTQYF	TRBV5-1*01	TRBJ2-3	1
CASSLIRTGNQPQHF	TRBV28*01	TRBJ1-5	1
CASSLISAERAMNTEAFF	TRBV13*01	TRBJ1-1	1
CASSLISATGELFF	TRBV28*01	TRBJ2-2	1
CASSLISGPPYEQYF	TRBV5-4*01	TRBJ2-7	1
CASSLISGRPEQFF	TRBV7-6*01	TRBJ2-1	1
CASSLISGSGEKLFF	TRBV27*01	TRBJ1-4	1
CASSLISGSSYNEQFF	TRBV5-1*01	TRBJ2-1	1
CASSLISGTDTQYF	TRBV7-3*01	TRBJ2-3	1
CASSLISGTGDEKLFF	TRBV12-3*01	TRBJ1-4	1
CASSLISNTYEQYF	TRBV27*01	TRBJ2-7	1
CASSLISPRARGYTF	TRBV7-9*01	TRBJ1-2	1
CASSLISQGAGELFF	TRBV11-2*01	TRBJ2-2	1
CASSLISQYEQYF	TRBV7-9*01	TRBJ2-7	1
CASSLISTSVYNEQFF	TRBV27*01	TRBJ2-1	1
CASSLITETQYF	TRBV11-2*01	TRBJ2-5	1
CASSLITRGQGITDTQYF	TRBV11-2*01	TRBJ2-3	1
CASSLITSGRAGETQYF	TRBV12-4*01	TRBJ2-5	1
CASSLITTGTGLPYEQYF	TRBV27*01	TRBJ2-7	1
CASSLIVGEQFF	TRBV7-8*01	TRBJ2-1	1
CASSLIWREDGNEQFF	TRBV27*01	TRBJ2-1	1
CASSLIWRGEAFF	TRBV7-3*01	TRBJ1-1	1
CASSLKAREAYNSPLHF	TRBV7-2*01	TRBJ1-6	1
CASSLKASYNEQFF	TRBV5-6*01	TRBJ2-1	1
CASSLKDGYSPLHF	TRBV5-1*01	TRBJ1-6	1
CASSLKDRQYEQYF	TRBV7-4*01	TRBJ2-7	2
CASSLKDTQYF	TRBV5-1*01	TRBJ2-3	1
CASSLKETQYF	TRBV13*01	TRBJ2-5	1
CASSLKGAMNTEAFF	TRBV5-1*01	TRBJ1-1	1
CASSLKGEKLFF	TRBV28*01	TRBJ1-4	1
CASSLKGGAPDTQYF	TRBV13*01	TRBJ2-3	1
CASSLKGGLSTDTQYF	TRBV5-1*01	TRBJ2-3	1
CASSLKGHEQFF	TRBV11-1*01	TRBJ2-1	1
CASSLKGLAPTDTQYF	TRBV11-2*01	TRBJ2-3	1
CASSLKGMGTEAFF	TRBV27*01	TRBJ1-1	1
CASSLKGQGLQETQYF	TRBV7-9*01	TRBJ2-5	1
CASSLKGQGNSPLHF	TRBV7-3*01	TRBJ1-6	1
CASSLKGRGVDYEQYF	TRBV12-3*01	TRBJ2-7	1
CASSLKGRYEQYF	TRBV7-3*01	TRBJ2-7	1
CASSLKGSNYGYTF	TRBV27*01	TRBJ1-2	1
CASSLKGSPNEKLFF	TRBV7-3*01	TRBJ1-4	1
CASSLKGTGELFF	TRBV13*01	TRBJ2-2	1
CASSLKGTGGNSPLHF	TRBV7-8*01	TRBJ1-6	5
CASSLKGTNSPLHF	TRBV27*01	TRBJ1-6	1
CASSLKGVGTGELFF	TRBV7-3*01	TRBJ2-2	1
CASSLKIAKTKNIQYF	TRBV12-3*01	TRBJ2-4	1
CASSLKLGLGETQYF	TRBV4-1*01	TRBJ2-5	1
CASSLKQGAYYEQYF	TRBV28*01	TRBJ2-7	1
CASSLKQSPHTEAFF	TRBV27*01	TRBJ1-1	1
CASSLKRDTYNEQFF	TRBV5-6*01	TRBJ2-1	1
CASSLKRRAGSTDTQYF	TRBV27*01	TRBJ2-3	1
CASSLKRRTSLHEQFF	TRBV4-2*01	TRBJ2-1	1
CASSLKRVLAGGTDTQYF	TRBV4-2*01	TRBJ2-3	1
CASSLKSGSSYEQYF	TRBV28*01	TRBJ2-7	1
CASSLKSSGNYNEQFF	TRBV7-9*01	TRBJ2-1	1
CASSLKSSYEQYF	TRBV27*01	TRBJ2-7	1
CASSLKTANTGELFF	TRBV7-8*01	TRBJ2-2	1
CASSLKTEETQYF	TRBV5-4*01	TRBJ2-5	1
CASSLKTSGRGDTQYF	TRBV27*01	TRBJ2-3	5
CASSLKTVEAFF	TRBV6-6*01	TRBJ1-1	1
CASSLKVTEAFF	TRBV28*01	TRBJ1-1	1
CASSLKWGTYEQYF	TRBV27*01	TRBJ2-7	1
CASSLKYTNTEAFF	TRBV7-9*01	TRBJ1-1	1
CASSLLADEQFF	TRBV5-6*01	TRBJ2-1	1
CASSLLADYNEQFF	TRBV7-3*01	TRBJ2-1	1
CASSLLAENTGELFF	TRBV7-6*01	TRBJ2-2	2
CASSLLAEQYF	TRBV5-6*01	TRBJ2-7	1
CASSLLAETGELFF	TRBV28*01	TRBJ2-2	1
CASSLLAGDNEQYF	TRBV5-4*01	TRBJ2-7	1
CASSLLAGGITGYTF	TRBV28*01	TRBJ1-2	1
CASSLLAGGLSDEQFF	TRBV6-5*01	TRBJ2-1	1
CASSLLAGGQETQYF	TRBV6-3*01	TRBJ2-5	1
CASSLLAGGQETQYF	TRBV6-5*01	TRBJ2-5	1
CASSLLAGGQWLEQFF	TRBV4-1*01	TRBJ2-1	1
CASSLLAGGSSYEQYF	TRBV27*01	TRBJ2-7	1
CASSLLAGGSYEQYF	TRBV7-9*01	TRBJ2-7	1
CASSLLAGGTDTQYF	TRBV12-4*01	TRBJ2-3	1
CASSLLAGGTKNIQYF	TRBV5-8*01	TRBJ2-4	1
CASSLLAGGVKGETQYF	TRBV5-1*01	TRBJ2-5	1
CASSLLAGIKEETQYF	TRBV6-3*01	TRBJ2-5	1
CASSLLAGQSKTSYNEQFF	TRBV7-3*01	TRBJ2-1	1
CASSLLAGSTDTQYF	TRBV12-4*01	TRBJ2-3	1
CASSLLAGSYYEQYF	TRBV7-2*01	TRBJ2-7	1
CASSLLAGTLSYEQYF	TRBV7-8*01	TRBJ2-7	1
CASSLLAGVSADTQYF	TRBV7-2*01	TRBJ2-3	1
CASSLLAHTGELFF	TRBV28*01	TRBJ2-2	1
CASSLLAPPPHNEQFF	TRBV12-4*01	TRBJ2-1	2
CASSLLAPSGSSYEQYF	TRBV27*01	TRBJ2-7	1
CASSLLAPYNEQFF	TRBV6-3*01	TRBJ2-1	1
CASSLLAREPYEQYF	TRBV11-2*01	TRBJ2-7	1
CASSLLARGGTEAFF	TRBV28*01	TRBJ1-1	1
CASSLLASYEQYF	TRBV27*01	TRBJ2-7	1
CASSLLAVGTEAFF	TRBV28*01	TRBJ1-1	1
CASSLLDEQFF	TRBV11-2*01	TRBJ2-1	1
CASSLLDGAGDTQYF	TRBV27*01	TRBJ2-3	1
CASSLLDGWNTEAFF	TRBV7-9*01	TRBJ1-1	1
CASSLLDGYEQYF	TRBV27*01	TRBJ2-7	1
CASSLLDSPRDTGEQYF	TRBV7-8*01	TRBJ2-7	1
CASSLLEAGGPADTQYF	TRBV27*01	TRBJ2-3	1
CASSLLERIHEQFF	TRBV5-4*01	TRBJ2-1	1
CASSLLFASSYNEQFF	TRBV5-1*01	TRBJ2-1	1
CASSLLFSGTGELFF	TRBV11-2*01	TRBJ2-2	1
CASSLLGDEQFF	TRBV5-6*01	TRBJ2-1	1
CASSLLGDEQYF	TRBV27*01	TRBJ2-7	1
CASSLLGDQPQHF	TRBV5-6*01	TRBJ1-5	1
CASSLLGDTEAFF	TRBV5-6*01	TRBJ1-1	1
CASSLLGEQYF	TRBV28*01	TRBJ2-7	1
CASSLLGGPKNPYEQYF	TRBV27*01	TRBJ2-7	1
CASSLLGGQGQPQHF	TRBV7-2*01	TRBJ1-5	1
CASSLLGGRQETQYF	TRBV7-3*01	TRBJ2-5	1
CASSLLGGRYGYTF	TRBV5-4*01	TRBJ1-2	1
CASSLLGGSFSYNEQFF	TRBV5-1*01	TRBJ2-1	1
CASSLLGGSNQPQHF	TRBV7-2*01	TRBJ1-5	1
CASSLLGGTIDTQYF	TRBV27*01	TRBJ2-3	1
CASSLLGGYTF	TRBV11-2*01	TRBJ1-2	1
CASSLLGHREKLFF	TRBV27*01	TRBJ1-4	1
CASSLLGLAGGPSTDTQYF	TRBV5-1*01	TRBJ2-3	1
CASSLLGLAGVGTGELFF	TRBV7-3*01	TRBJ2-2	1
CASSLLGNEQFF	TRBV27*01	TRBJ2-1	1
CASSLLGPGGNEQFF	TRBV7-3*01	TRBJ2-1	1
CASSLLGPLSGPQHF	TRBV12-4*01	TRBJ1-5	1
CASSLLGQGANTEAFF	TRBV7-3*01	TRBJ1-1	1
CASSLLGQGDHEQYF	TRBV11-1*01	TRBJ2-7	5
CASSLLGQGEVDTQYF	TRBV13*01	TRBJ2-3	1
CASSLLGQGLYYGYTF	TRBV28*01	TRBJ1-2	1
CASSLLGQGRNQPQHF	TRBV12-3*01	TRBJ1-5	1
CASSLLGQGVYTF	TRBV9*01	TRBJ1-2	1
CASSLLGRETQYF	TRBV5-6*01	TRBJ2-5	1
CASSLLGRGTSGTEEQYF	TRBV27*01	TRBJ2-7	1
CASSLLGSEATGGELFF	TRBV5-1*01	TRBJ2-2	1
CASSLLGSPLHF	TRBV27*01	TRBJ1-6	1
CASSLLGSSYNEQFF	TRBV27*01	TRBJ2-1	1
CASSLLGSSYNEQFF	TRBV28*01	TRBJ2-1	1
CASSLLGTAGGQYF	TRBV27*01	TRBJ2-7	1
CASSLLGTDTQYF	TRBV7-9*01	TRBJ2-3	1
CASSLLGTGRGYTF	TRBV27*01	TRBJ1-2	1
CASSLLGVAGVEDTQYF	TRBV27*01	TRBJ2-3	1
CASSLLGVNSPLHF	TRBV7-9*01	TRBJ1-6	1
CASSLLIGLNTEAFF	TRBV7-3*01	TRBJ1-1	1
CASSLLIRGQFNEQFF	TRBV28*01	TRBJ2-1	1
CASSLLKGQYF	TRBV7-2*01	TRBJ2-3	1
CASSLLLAGELFF	TRBV11-2*01	TRBJ2-2	1
CASSLLLDEQYF	TRBV5-6*01	TRBJ2-7	1
CASSLLLGKSADTQYF	TRBV5-1*01	TRBJ2-3	1
CASSLLLGTVNTEAFF	TRBV12-4*01	TRBJ1-1	1
CASSLLLPGSGSPTNSYNEQFF	TRBV27*01	TRBJ2-1	1
CASSLLLVSGSQGEQYF	TRBV3-1*01	TRBJ2-7	1
CASSLLMVEQYF	TRBV7-2*01	TRBJ2-7	1
CASSLLNEQFF	TRBV13*01	TRBJ2-1	1
CASSLLNGGLSYNEQFF	TRBV7-8*01	TRBJ2-1	1
CASSLLNQPQHF	TRBV5-4*01	TRBJ1-5	1
CASSLLPASGSEQFF	TRBV27*01	TRBJ2-1	1
CASSLLPGNTEAFF	TRBV12-4*01	TRBJ1-1	1
CASSLLPGSRGGELFF	TRBV4-3*01	TRBJ2-2	1
CASSLLPKYGYTF	TRBV28*01	TRBJ1-2	1
CASSLLPLGSQYF	TRBV7-3*01	TRBJ2-3	1
CASSLLPLSGANVLTF	TRBV27*01	TRBJ2-6	1
CASSLLPRPGNTIYF	TRBV27*01	TRBJ1-3	1
CASSLLPSDLYNEQFF	TRBV27*01	TRBJ2-1	1
CASSLLPTDSPNEKLFF	TRBV12-3*01	TRBJ1-4	1
CASSLLQGANTEAFF	TRBV28*01	TRBJ1-1	1
CASSLLQGFAVLTYEQYF	TRBV5-6*01	TRBJ2-7	1
CASSLLQGNSPLHF	TRBV12-4*01	TRBJ1-6	1
CASSLLQGSGNTIYF	TRBV7-9*01	TRBJ1-3	1
CASSLLRAGELFF	TRBV7-3*01	TRBJ2-2	1
CASSLLRAGTPYEQYF	TRBV2*01	TRBJ2-7	1
CASSLLRDGGYEQYF	TRBV13*01	TRBJ2-7	1
CASSLLRDSHGNEQFF	TRBV27*01	TRBJ2-1	1
CASSLLREDSYEQYF	TRBV27*01	TRBJ2-7	1
CASSLLREGRYEQYF	TRBV27*01	TRBJ2-7	1
CASSLLRESPYEQYF	TRBV27*01	TRBJ2-7	1
CASSLLRETQETQYF	TRBV27*01	TRBJ2-5	1
CASSLLRGAKGGRPSYNEQFF	TRBV28*01	TRBJ2-1	1
CASSLLRQETQYF	TRBV7-9*01	TRBJ2-5	1
CASSLLRTGAYEQYF	TRBV27*01	TRBJ2-7	1
CASSLLRTGGNEQYF	TRBV27*01	TRBJ2-7	1
CASSLLSDSYNSPLHF	TRBV7-9*01	TRBJ1-6	1
CASSLLSGTSAYNEQFF	TRBV13*01	TRBJ2-1	1
CASSLLSNQPQHF	TRBV11-2*01	TRBJ1-5	1
CASSLLSRFYEQYF	TRBV27*01	TRBJ2-7	1
CASSLLSYYEQYF	TRBV5-6*01	TRBJ2-7	1
CASSLLTAPNEKLFF	TRBV27*01	TRBJ1-4	1
CASSLLTDPNYGYTF	TRBV13*01	TRBJ1-2	1
CASSLLTGADTQYF	TRBV7-3*01	TRBJ2-3	1
CASSLLTGELFF	TRBV27*01	TRBJ2-2	1
CASSLLTGGYYEQYF	TRBV7-9*01	TRBJ2-7	1
CASSLLTGVDQPQHF	TRBV28*01	TRBJ1-5	1
CASSLLTGVNTEAFF	TRBV28*01	TRBJ1-1	1
CASSLLTSGGGSDTQYF	TRBV28*01	TRBJ2-3	1
CASSLLTSGKQETQYF	TRBV7-8*01	TRBJ2-5	1
CASSLLTSGLSYEQYF	TRBV13*01	TRBJ2-7	1
CASSLLTSGVVGTDTQYF	TRBV7-2*01	TRBJ2-3	1
CASSLLTVRYLADTQYF	TRBV5-1*01	TRBJ2-3	1
CASSLLTYEQYF	TRBV11-1*01	TRBJ2-7	1
CASSLLTYGYTF	TRBV5-4*01	TRBJ1-2	1
CASSLLVGNQPQHF	TRBV6-6*01	TRBJ1-5	1
CASSLLVGSQPQHF	TRBV27*01	TRBJ1-5	1
CASSLLVGTSGTRTGELFF	TRBV28*01	TRBJ2-2	1
CASSLLVSEGYTF	TRBV12-4*01	TRBJ1-2	1
CASSLLVSQADTQYF	TRBV28*01	TRBJ2-3	1
CASSLLWAEYNEQFF	TRBV4-1*01	TRBJ2-1	8
CASSLLWAGDYGYTF	TRBV12-4*01	TRBJ1-2	1
CASSLLWDSPYEQYF	TRBV12-4*01	TRBJ2-7	1
CASSLLWINEQFF	TRBV5-1*01	TRBJ2-1	1
CASSLLWRDYGYTF	TRBV28*01	TRBJ1-2	1
CASSLLWYNEQFF	TRBV27*01	TRBJ2-1	1
CASSLLYGDSSEAFF	TRBV7-2*01	TRBJ1-1	1
CASSLMAGTWFYEQYF	TRBV28*01	TRBJ2-7	1
CASSLMASGIDEQFF	TRBV7-3*01	TRBJ2-1	1
CASSLMGFSDTQYF	TRBV27*01	TRBJ2-3	1
CASSLMGGLGHGYTF	TRBV12-4*01	TRBJ1-2	1
CASSLMGGSDTEAFF	TRBV11-2*01	TRBJ1-1	1
CASSLMGGSSNEQFF	TRBV7-3*01	TRBJ2-1	1
CASSLMGGYNEQFF	TRBV7-3*01	TRBJ2-1	1
CASSLMGQGNHEQYF	TRBV7-9*01	TRBJ2-7	1
CASSLMGQLNEKLFF	TRBV7-9*01	TRBJ1-4	1
CASSLMGTGNVYEQYF	TRBV5-4*01	TRBJ2-7	1
CASSLMLAGGPESTDTQYF	TRBV7-6*01	TRBJ2-3	1
CASSLMLGSGEQYF	TRBV7-3*01	TRBJ2-7	1
CASSLMLLSSYEQYF	TRBV5-6*01	TRBJ2-7	1
CASSLMMGSNQPQHF	TRBV7-8*01	TRBJ1-5	1
CASSLMNTEAFF	TRBV6-3*01	TRBJ1-1	1
CASSLMPLTPDNEQFF	TRBV11-2*01	TRBJ2-1	1
CASSLMPRGGQETQYF	TRBV27*01	TRBJ2-5	1
CASSLMSAATDTQYF	TRBV12-4*01	TRBJ2-3	1
CASSLMSDEQYF	TRBV14*01	TRBJ2-7	1
CASSLMSDGAYEQYF	TRBV28*01	TRBJ2-7	1
CASSLMSGSTDTQYF	TRBV7-3*01	TRBJ2-3	1
CASSLMWGPNEQYF	TRBV27*01	TRBJ2-7	1
CASSLNAGLNNEQFF	TRBV27*01	TRBJ2-1	1
CASSLNAGTSGIVDNEQFF	TRBV2*01	TRBJ2-1	1
CASSLNDFYEQYF	TRBV7-2*01	TRBJ2-7	3
CASSLNEGWVQETQYF	TRBV27*01	TRBJ2-5	1
CASSLNEVGLAGENEQFF	TRBV11-3*01	TRBJ2-1	1
CASSLNFGAENTEAFF	TRBV5-6*01	TRBJ1-1	1
CASSLNGANYGYTF	TRBV7-9*01	TRBJ1-2	1
CASSLNGELFF	TRBV5-1*01	TRBJ2-2	1
CASSLNGGAADTQYF	TRBV5-1*01	TRBJ2-3	1
CASSLNGGHGYTF	TRBV27*01	TRBJ1-2	1
CASSLNGGNSYEQYF	TRBV5-1*01	TRBJ2-7	1
CASSLNGQGAGYTF	TRBV28*01	TRBJ1-2	1
CASSLNGVGANYGYTF	TRBV27*01	TRBJ1-2	1
CASSLNGVLQGFQPQHF	TRBV7-8*01	TRBJ1-5	1
CASSLNGVTTEAFF	TRBV7-3*01	TRBJ1-1	1
CASSLNGYNSPLHF	TRBV27*01	TRBJ1-6	1
CASSLNKGQGRIGELFF	TRBV27*01	TRBJ2-2	1
CASSLNLAGLNEQFF	TRBV7-2*01	TRBJ2-1	1
CASSLNLGNTIYF	TRBV12-4*01	TRBJ1-3	1
CASSLNLGYEQYF	TRBV7-7*01	TRBJ2-7	1
CASSLNMEASEAFF	TRBV5-1*01	TRBJ1-1	1
CASSLNMGWWGTQPYNEQFF	TRBV12-4*01	TRBJ2-1	1
CASSLNPAGGHEQFF	TRBV27*01	TRBJ2-1	1
CASSLNPASAKSYNEQFF	TRBV28*01	TRBJ2-1	1
CASSLNPGELFF	TRBV7-6*01	TRBJ2-2	1
CASSLNPNTEAFF	TRBV5-4*01	TRBJ1-1	1
CASSLNPQGTYNEQFF	TRBV11-2*01	TRBJ2-1	1
CASSLNPRTGEADTQYF	TRBV12-3*01	TRBJ2-3	1
CASSLNPSFNYGYTF	TRBV7-9*01	TRBJ1-2	1
CASSLNPVMNTEAFF	TRBV27*01	TRBJ1-1	1
CASSLNQETQYF	TRBV5-6*01	TRBJ2-5	1
CASSLNQGAKQFF	TRBV7-2*01	TRBJ2-1	1
CASSLNQGLNTEAFF	TRBV7-3*01	TRBJ1-1	1
CASSLNQNEQFF	TRBV13*01	TRBJ2-1	1
CASSLNRAGETQYF	TRBV12-4*01	TRBJ2-5	1
CASSLNRDRDDEQYF	TRBV6-3*01	TRBJ2-7	1
CASSLNRDRPNQPQHF	TRBV27*01	TRBJ1-5	1
CASSLNREASSYNEQFF	TRBV28*01	TRBJ2-1	1
CASSLNREGEQFF	TRBV6-5*01	TRBJ2-1	1
CASSLNRGDTQYF	TRBV7-3*01	TRBJ2-3	1
CASSLNRGGDTQYF	TRBV27*01	TRBJ2-3	1
CASSLNRGQGYEQYF	TRBV27*01	TRBJ2-7	1
CASSLNRGTGANVLTF	TRBV6-5*01	TRBJ2-6	1
CASSLNRIIYEQYF	TRBV27*01	TRBJ2-7	1
CASSLNRLAQETQYF	TRBV28*01	TRBJ2-5	1
CASSLNRYEQYF	TRBV7-8*01	TRBJ2-7	1
CASSLNSGAYGYTF	TRBV28*01	TRBJ1-2	1
CASSLNSGDGAFF	TRBV7-2*01	TRBJ1-1	1
CASSLNSGISYNEQFF	TRBV28*01	TRBJ2-1	1
CASSLNSGRLFYNEQFF	TRBV3-1*01	TRBJ2-1	1
CASSLNSGYSNQPQHF	TRBV12-4*01	TRBJ1-5	1
CASSLNSLGLAGENIQYF	TRBV7-7*01	TRBJ2-4	1
CASSLNSNQPQHF	TRBV7-9*01	TRBJ1-5	1
CASSLNSPTYNEQFF	TRBV6-5*01	TRBJ2-1	1
CASSLNSVGLGEKLFF	TRBV7-9*01	TRBJ1-4	1
CASSLNSVGRDSPLHF	TRBV28*01	TRBJ1-6	1
CASSLNSWAEQFF	TRBV7-3*01	TRBJ2-1	1
CASSLNTDTQYF	TRBV5-1*01	TRBJ2-3	1
CASSLNTGELFF	TRBV7-2*01	TRBJ2-2	1
CASSLNTLGTGDSPLHF	TRBV11-2*01	TRBJ1-6	1
CASSLNTYEQYF	TRBV5-5*01	TRBJ2-7	1
CASSLNVEQYF	TRBV7-8*01	TRBJ2-7	1
CASSLNVPESTDTQYF	TRBV18*01	TRBJ2-3	1
CASSLNWGFDTEAFF	TRBV5-6*01	TRBJ1-1	1
CASSLNWQGPYNEQFF	TRBV11-3*01	TRBJ2-1	1
CASSLNYYNEQFF	TRBV5-4*01	TRBJ2-1	1
CASSLPAFGTQYF	TRBV5-6*01	TRBJ2-5	1
CASSLPAGTSGRYTDTQYF	TRBV28*01	TRBJ2-3	1
CASSLPAISYEQYF	TRBV11-2*01	TRBJ2-7	1
CASSLPAYEQYF	TRBV12-3*01	TRBJ2-7	1
CASSLPAYEQYF	TRBV7-8*01	TRBJ2-7	1
CASSLPDGTDLSGANVLTF	TRBV28*01	TRBJ2-6	1
CASSLPDNQPQHF	TRBV4-2*01	TRBJ1-5	1
CASSLPDRAQETQYF	TRBV7-8*01	TRBJ2-5	1
CASSLPDRDRIQPQHF	TRBV5-6*01	TRBJ1-5	1
CASSLPDRVWTEAFF	TRBV19*01	TRBJ1-1	1
CASSLPDSKPSTDTQYF	TRBV5-1*01	TRBJ2-3	1
CASSLPDTYTDTQYF	TRBV7-2*01	TRBJ2-3	1
CASSLPDYPGELFF	TRBV11-3*01	TRBJ2-2	1
CASSLPERTDTQYF	TRBV11-2*01	TRBJ2-3	1
CASSLPEVMNTEAFF	TRBV7-2*01	TRBJ1-1	1
CASSLPFGEGENTGELFF	TRBV7-3*01	TRBJ2-2	1
CASSLPFLRANYYNEQFF	TRBV7-9*01	TRBJ2-1	1
CASSLPFYGYTF	TRBV13*01	TRBJ1-2	1
CASSLPGAGSSTDTQYF	TRBV28*01	TRBJ2-3	1
CASSLPGANVLTF	TRBV7-3*01	TRBJ2-6	1
CASSLPGDPIIAKNIQYF	TRBV7-9*01	TRBJ2-4	1
CASSLPGDSEAFF	TRBV5-4*01	TRBJ1-1	1
CASSLPGDTEAFF	TRBV5-6*01	TRBJ1-1	1
CASSLPGGLAGFYGEQFF	TRBV27*01	TRBJ2-1	1
CASSLPGGSYNEQFF	TRBV7-9*01	TRBJ2-1	1
CASSLPGIPYEQYF	TRBV11-2*01	TRBJ2-7	1
CASSLPGKNEQYF	TRBV13*01	TRBJ2-7	1
CASSLPGLAGEETQYF	TRBV28*01	TRBJ2-5	1
CASSLPGLAGGQETQYF	TRBV7-2*01	TRBJ2-5	1
CASSLPGLAGVKKGEQYF	TRBV7-8*01	TRBJ2-7	1
CASSLPGLAIPYEQYF	TRBV6-1*01	TRBJ2-7	1
CASSLPGLAYNEQFF	TRBV27*01	TRBJ2-1	1
CASSLPGLEAFF	TRBV25-1*01	TRBJ1-1	1
CASSLPGLQSTHTGELFF	TRBV7-3*01	TRBJ2-2	1
CASSLPGLRGDTQYF	TRBV5-5*01	TRBJ2-3	1
CASSLPGLVETQYF	TRBV11-2*01	TRBJ2-5	1
CASSLPGPATDEQFF	TRBV5-1*01	TRBJ2-1	1
CASSLPGPGNEQFF	TRBV7-6*01	TRBJ2-1	1
CASSLPGPHEQYF	TRBV12-4*01	TRBJ2-7	1
CASSLPGQAEQFF	TRBV27*01	TRBJ2-1	1
CASSLPGQDYGYTF	TRBV5-1*01	TRBJ1-2	1
CASSLPGQFYGYTF	TRBV28*01	TRBJ1-2	1
CASSLPGQGAADTQYF	TRBV28*01	TRBJ2-3	1
CASSLPGQGFSGELFF	TRBV28*01	TRBJ2-2	1
CASSLPGQGISAATGELFF	TRBV5-1*01	TRBJ2-2	1
CASSLPGRDYEQYF	TRBV4-1*01	TRBJ2-7	1
CASSLPGSSYEQYF	TRBV5-6*01	TRBJ2-7	1
CASSLPGTGGSPLHF	TRBV27*01	TRBJ1-6	51
CASSLPGTSGGTTGANVLTF	TRBV19*01	TRBJ2-6	1
CASSLPGTVSYSYEQYF	TRBV5-8*01	TRBJ2-7	1
CASSLPGVAWELSVYEQYF	TRBV6-1*01	TRBJ2-7	1
CASSLPGVNLNTEAFF	TRBV7-9*01	TRBJ1-1	1
CASSLPGYNEQFF	TRBV12-3*01	TRBJ2-1	1
CASSLPIYRALTSGTHTHTQYF	TRBV7-2*01	TRBJ2-3	1
CASSLPLEGSRETQYF	TRBV11-2*01	TRBJ2-5	1
CASSLPLGGGTDTQYF	TRBV14*01	TRBJ2-3	1
CASSLPLGRVILQPQHF	TRBV28*01	TRBJ1-5	1
CASSLPLPTGGSLHEQYF	TRBV28*01	TRBJ2-7	1
CASSLPMLAGDNTDTQYF	TRBV7-9*01	TRBJ2-3	1
CASSLPMLYEQFF	TRBV28*01	TRBJ2-1	1
CASSLPNEQFF	TRBV6-6*01	TRBJ2-1	1
CASSLPNNNEKLFF	TRBV19*01	TRBJ1-4	1
CASSLPPAYEQYF	TRBV6-3*01	TRBJ2-7	1
CASSLPPDSLTYEQYF	TRBV7-2*01	TRBJ2-7	1
CASSLPPLATEAFF	TRBV7-2*01	TRBJ1-1	1
CASSLPPPLHF	TRBV7-9*01	TRBJ1-6	1
CASSLPPQAYQETQYF	TRBV7-2*01	TRBJ2-5	1
CASSLPPTGWPTEAFF	TRBV7-6*01	TRBJ1-1	1
CASSLPPYTEAFF	TRBV11-2*01	TRBJ1-1	1
CASSLPPYWGTGTEAFF	TRBV5-6*01	TRBJ1-1	1
CASSLPQASVTPANVLTF	TRBV5-6*01	TRBJ2-6	1
CASSLPQGPEQYF	TRBV12-4*01	TRBJ2-7	1
CASSLPQGVETQYF	TRBV11-1*01	TRBJ2-5	1
CASSLPQNFNTEAFF	TRBV5-1*01	TRBJ1-1	1
CASSLPRGGGGLAGEKEQFF	TRBV27*01	TRBJ2-1	1
CASSLPRGTEDYEQYF	TRBV7-9*01	TRBJ2-7	1
CASSLPRQGVWYGYTF	TRBV28*01	TRBJ1-2	1
CASSLPRRGWPEAFF	TRBV7-2*01	TRBJ1-1	1
CASSLPRSGQGPYEQYF	TRBV7-9*01	TRBJ2-7	1
CASSLPRTSGGRYNEQFF	TRBV6-5*01	TRBJ2-1	1
CASSLPRWGIRSNQPQHF	TRBV11-2*01	TRBJ1-5	1
CASSLPSGGPSGELFF	TRBV27*01	TRBJ2-2	1
CASSLPSGGTEAFF	TRBV5-1*01	TRBJ1-1	1
CASSLPSGYEQYF	TRBV27*01	TRBJ2-7	1
CASSLPSGYINSPLHF	TRBV5-6*01	TRBJ1-6	1
CASSLPSRGVKTDTQYF	TRBV28*01	TRBJ2-3	1
CASSLPTANYGYTF	TRBV28*01	TRBJ1-2	19
CASSLPTDTQYF	TRBV11-1*01	TRBJ2-3	1
CASSLPTGAGANVLTF	TRBV7-8*01	TRBJ2-6	1
CASSLPTGEQFF	TRBV5-4*01	TRBJ2-1	1
CASSLPTGGTGELFF	TRBV13*01	TRBJ2-2	1
CASSLPTGPNEKLFF	TRBV7-8*01	TRBJ1-4	1
CASSLPTQVIPETQYF	TRBV3-1*01	TRBJ2-5	1
CASSLPTSELGANVLTF	TRBV5-5*01	TRBJ2-6	1
CASSLPTSGGDNEQFF	TRBV9*01	TRBJ2-1	1
CASSLPTSGVDTQYF	TRBV27*01	TRBJ2-3	1
CASSLPTSWDNNEQFF	TRBV12-3*01	TRBJ2-1	1
CASSLPTVGGGGETQYF	TRBV6-6*01	TRBJ2-5	1
CASSLPVAGTYEQYF	TRBV6-3*01	TRBJ2-7	1
CASSLPVEVNTEAFF	TRBV7-9*01	TRBJ1-1	1
CASSLPVQGLVGELFF	TRBV7-2*01	TRBJ2-2	1
CASSLPVREQYF	TRBV12-3*01	TRBJ2-7	1
CASSLPVYNEQFF	TRBV5-4*01	TRBJ2-1	1
CASSLPWGGETQYF	TRBV5-5*01	TRBJ2-5	1
CASSLPYNEQFF	TRBV5-4*01	TRBJ2-1	1
CASSLQADEQFF	TRBV5-1*01	TRBJ2-1	1
CASSLQAGVFNEQFF	TRBV5-1*01	TRBJ2-1	1
CASSLQALDTDTQYF	TRBV7-8*01	TRBJ2-3	1
CASSLQDGYGYTF	TRBV27*01	TRBJ1-2	1
CASSLQDNEQFF	TRBV27*01	TRBJ2-1	1
CASSLQDNYGYTF	TRBV7-9*01	TRBJ1-2	1
CASSLQDRKHEAFF	TRBV5-6*01	TRBJ1-1	1
CASSLQDSGANVLTF	TRBV7-3*01	TRBJ2-6	1
CASSLQDSRMNTEAFF	TRBV28*01	TRBJ1-1	1
CASSLQDSRNSPLHF	TRBV7-8*01	TRBJ1-6	1
CASSLQFGGTDTQYF	TRBV5-5*01	TRBJ2-3	1
CASSLQGAEKLFF	TRBV12-4*01	TRBJ1-4	1
CASSLQGAFEDEQYF	TRBV12-3*01	TRBJ2-7	1
CASSLQGAGNQPQHF	TRBV5-5*01	TRBJ1-5	1
CASSLQGAIYNEQFF	TRBV27*01	TRBJ2-1	1
CASSLQGAPGTIYF	TRBV7-9*01	TRBJ1-3	1
CASSLQGAPTYNEQFF	TRBV18*01	TRBJ2-1	1
CASSLQGAPYGYTF	TRBV27*01	TRBJ1-2	1
CASSLQGAVSGELFF	TRBV5-5*01	TRBJ2-2	1
CASSLQGDTSPLHF	TRBV27*01	TRBJ1-6	1
CASSLQGEGSMSF	TRBV27*01	TRBJ2-3	1
CASSLQGETQYF	TRBV27*01	TRBJ2-5	1
CASSLQGGAYYEQYF	TRBV4-3*01	TRBJ2-7	1
CASSLQGGEQYF	TRBV5-1*01	TRBJ2-7	1
CASSLQGGFSNQPQHF	TRBV12-4*01	TRBJ1-5	3
CASSLQGGIDGYTF	TRBV6-5*01	TRBJ1-2	2
CASSLQGGNEQFF	TRBV27*01	TRBJ2-1	1
CASSLQGGNEQFF	TRBV6-5*01	TRBJ2-1	3
CASSLQGGNTQYF	TRBV11-1*01	TRBJ2-3	1
CASSLQGGNYGYTF	TRBV6-5*01	TRBJ1-2	3
CASSLQGGQPQHF	TRBV4-1*01	TRBJ1-5	1
CASSLQGGQPQHF	TRBV5-6*01	TRBJ1-5	1
CASSLQGGTEAFF	TRBV12-3*01	TRBJ1-1	1
CASSLQGGTGELFF	TRBV7-3*01	TRBJ2-2	1
CASSLQGGVEQFF	TRBV5-4*01	TRBJ2-1	1
CASSLQGGYEQYF	TRBV5-4*01	TRBJ2-7	1
CASSLQGIGNTIYF	TRBV28*01	TRBJ1-3	1
CASSLQGIGTGELFF	TRBV12-3*01	TRBJ2-2	1
CASSLQGLEKLFF	TRBV13*01	TRBJ1-4	1
CASSLQGNEQFF	TRBV27*01	TRBJ2-1	1
CASSLQGNNSPLHF	TRBV6-3*01	TRBJ1-6	1
CASSLQGNYGYTF	TRBV27*01	TRBJ1-2	1
CASSLQGPGDVGTEAFF	TRBV7-2*01	TRBJ1-1	1
CASSLQGQETQYF	TRBV28*01	TRBJ2-5	1
CASSLQGSEQFF	TRBV12-3*01	TRBJ2-1	1
CASSLQGSGTGELFF	TRBV12-4*01	TRBJ2-2	1
CASSLQGSGYNEQFF	TRBV14*01	TRBJ2-1	1
CASSLQGSTEAFF	TRBV12-4*01	TRBJ1-1	1
CASSLQGTDTQYF	TRBV7-3*01	TRBJ2-3	1
CASSLQGTEQYF	TRBV7-9*01	TRBJ2-7	1
CASSLQGTGEQYF	TRBV6-5*01	TRBJ2-7	1
CASSLQGWDEQYF	TRBV28*01	TRBJ2-7	1
CASSLQGYEQFF	TRBV28*01	TRBJ2-1	1
CASSLQGYEQYF	TRBV12-4*01	TRBJ2-7	1
CASSLQGYEQYF	TRBV28*01	TRBJ2-7	1
CASSLQGYEQYF	TRBV7-9*01	TRBJ2-7	2
CASSLQGYNEQFF	TRBV19*01	TRBJ2-1	1
CASSLQITDTQYF	TRBV7-3*01	TRBJ2-3	1
CASSLQLASNTGELFF	TRBV13*01	TRBJ2-2	1
CASSLQLGEQYF	TRBV5-6*01	TRBJ2-7	1
CASSLQNTEAFF	TRBV5-6*01	TRBJ1-1	1
CASSLQPAGDWAGELFF	TRBV7-2*01	TRBJ2-2	1
CASSLQPPGTGSHEQYF	TRBV19*01	TRBJ2-7	1
CASSLQRGGLPGELFF	TRBV5-6*01	TRBJ2-2	1
CASSLQRVQRGTDTQYF	TRBV19*01	TRBJ2-3	1
CASSLQSPGAYEQYF	TRBV12-4*01	TRBJ2-7	1
CASSLQSTEAFF	TRBV7-9*01	TRBJ1-1	1
CASSLQTGVGEQFF	TRBV7-6*01	TRBJ2-1	1
CASSLQTIIDTQYF	TRBV19*01	TRBJ2-3	1
CASSLQVIYEQYF	TRBV11-2*01	TRBJ2-7	1
CASSLQVNIYEQYF	TRBV5-6*01	TRBJ2-7	1
CASSLRAEGEKLFF	TRBV5-6*01	TRBJ1-4	1
CASSLRAGIEQYF	TRBV19*01	TRBJ2-7	2
CASSLRAGVSYNEQFF	TRBV7-6*01	TRBJ2-1	1
CASSLRAPGELFF	TRBV5-6*01	TRBJ2-2	1
CASSLRASGAQYF	TRBV19*01	TRBJ2-5	1
CASSLRASGRGLADTQYF	TRBV11-1*01	TRBJ2-3	1
CASSLRDAYNEQFF	TRBV27*01	TRBJ2-1	1
CASSLRDEQYF	TRBV28*01	TRBJ2-7	1
CASSLRDFSNQPQHF	TRBV12-4*01	TRBJ1-5	1
CASSLRDGSEAFF	TRBV5-6*01	TRBJ1-1	28
CASSLRDKILEYEQYF	TRBV6-3*01	TRBJ2-7	1
CASSLRDNEQFF	TRBV7-3*01	TRBJ2-1	1
CASSLRDNTEAFF	TRBV7-7*01	TRBJ1-1	1
CASSLRDRAHEQYF	TRBV13*01	TRBJ2-7	1
CASSLRDRALNSYEQYF	TRBV7-6*01	TRBJ2-7	1
CASSLRDRDLNTEAFF	TRBV5-1*01	TRBJ1-1	1
CASSLRDRGHEQYF	TRBV7-9*01	TRBJ2-7	1
CASSLRDRGIDEQFF	TRBV11-1*01	TRBJ2-1	1
CASSLRDRGLEGQYF	TRBV7-9*01	TRBJ2-5	1
CASSLRDRGLETQYF	TRBV13*01	TRBJ2-5	1
CASSLRDRGTDTQYF	TRBV11-1*01	TRBJ2-3	1
CASSLRDRGYEQYF	TRBV27*01	TRBJ2-7	1
CASSLRDRGYEQYF	TRBV28*01	TRBJ2-7	1
CASSLRDRSTDTQYF	TRBV4-3*01	TRBJ2-3	1
CASSLRDSNSPLHF	TRBV27*01	TRBJ1-6	1
CASSLRDVRGGVYNEQFF	TRBV4-3*01	TRBJ2-1	1
CASSLRDYDTGELFF	TRBV7-3*01	TRBJ2-2	1
CASSLREDPSGYTF	TRBV27*01	TRBJ1-2	1
CASSLREHEKLFF	TRBV7-8*01	TRBJ1-4	1
CASSLREQETQYF	TRBV27*01	TRBJ2-5	1
CASSLRERQGDTQYF	TRBV5-1*01	TRBJ2-3	1
CASSLRESEQFF	TRBV11-3*01	TRBJ2-1	1
CASSLRETQYF	TRBV7-6*01	TRBJ2-5	1
CASSLRFGGSNQPQHF	TRBV27*01	TRBJ1-5	1
CASSLRGADYGYTF	TRBV6-5*01	TRBJ1-2	1
CASSLRGAGRNTGELFF	TRBV7-3*01	TRBJ2-2	1
CASSLRGASAGYTF	TRBV5-1*01	TRBJ1-2	2
CASSLRGASSYEQYF	TRBV5-4*01	TRBJ2-7	1
CASSLRGASTDTQYF	TRBV7-3*01	TRBJ2-3	1
CASSLRGAVSTDTQYF	TRBV27*01	TRBJ2-3	1
CASSLRGDNQPQHF	TRBV5-6*01	TRBJ1-5	1
CASSLRGDRGDTQYF	TRBV27*01	TRBJ2-3	1
CASSLRGFGLAATQETQYF	TRBV5-1*01	TRBJ2-5	1
CASSLRGGDEAFF	TRBV5-4*01	TRBJ1-1	1
CASSLRGGETQYF	TRBV5-6*01	TRBJ2-5	1
CASSLRGGGETQYF	TRBV5-1*01	TRBJ2-5	1
CASSLRGGGSPLHF	TRBV12-4*01	TRBJ1-6	1
CASSLRGGGVTDTQYF	TRBV11-2*01	TRBJ2-3	1
CASSLRGGQGAEGNTIYF	TRBV12-3*01	TRBJ1-3	1
CASSLRGGQYEQYF	TRBV13*01	TRBJ2-7	1
CASSLRGGSAYEQYF	TRBV7-2*01	TRBJ2-7	1
CASSLRGGSEYNEQFF	TRBV4-2*01	TRBJ2-1	1
CASSLRGGVAYEQYF	TRBV7-2*01	TRBJ2-7	1
CASSLRGGYEQYF	TRBV11-2*01	TRBJ2-7	1
CASSLRGHNEQFF	TRBV7-3*01	TRBJ2-1	1
CASSLRGLAGNEQFF	TRBV7-3*01	TRBJ2-1	1
CASSLRGLDEQYF	TRBV5-4*01	TRBJ2-7	1
CASSLRGLGQPQHF	TRBV5-6*01	TRBJ1-5	1
CASSLRGLLYSYNEQFF	TRBV7-2*01	TRBJ2-1	1
CASSLRGLSQPQHF	TRBV12-3*01	TRBJ1-5	1
CASSLRGLVDTQYF	TRBV7-6*01	TRBJ2-3	1
CASSLRGNFYNEQFF	TRBV7-2*01	TRBJ2-1	1
CASSLRGPGQGFASYEQYF	TRBV7-3*01	TRBJ2-7	1
CASSLRGPNRGYTF	TRBV27*01	TRBJ1-2	1
CASSLRGPTYEQYF	TRBV27*01	TRBJ2-7	1
CASSLRGQGATNEKLFF	TRBV5-4*01	TRBJ1-4	1
CASSLRGQGRGGYTF	TRBV13*01	TRBJ1-2	1
CASSLRGQYEQYF	TRBV5-1*01	TRBJ2-7	1
CASSLRGRAPLDEQFF	TRBV4-2*01	TRBJ2-1	1
CASSLRGRGNEQFF	TRBV7-8*01	TRBJ2-1	1
CASSLRGRGPYNEQFF	TRBV13*01	TRBJ2-1	1
CASSLRGRLDSPLHF	TRBV27*01	TRBJ1-6	1
CASSLRGRLLLTRTEAFF	TRBV5-1*01	TRBJ1-1	1
CASSLRGRLRHYNEQFF	TRBV28*01	TRBJ2-1	1
CASSLRGSGYNEQFF	TRBV7-8*01	TRBJ2-1	1
CASSLRGSNSPLHF	TRBV5-4*01	TRBJ1-6	1
CASSLRGSNYGYTF	TRBV27*01	TRBJ1-2	1
CASSLRGSTPYEQYF	TRBV7-8*01	TRBJ2-7	1
CASSLRGTGNTGELFF	TRBV7-3*01	TRBJ2-2	1
CASSLRGTNTEAFF	TRBV12-4*01	TRBJ1-1	1
CASSLRGTNTEAFF	TRBV13*01	TRBJ1-1	1
CASSLRGWDEQYF	TRBV6-3*01	TRBJ2-7	1
CASSLRIFYTQYF	TRBV7-2*01	TRBJ2-3	1
CASSLRLAEETQYF	TRBV13*01	TRBJ2-5	1
CASSLRLAESYEQYF	TRBV14*01	TRBJ2-7	1
CASSLRLAGAVEQFF	TRBV27*01	TRBJ2-1	2
CASSLRLGNTGELFF	TRBV27*01	TRBJ2-2	1
CASSLRLGRVFDTEAFF	TRBV5-6*01	TRBJ1-1	1
CASSLRLNEQFF	TRBV7-9*01	TRBJ2-1	1
CASSLRLSYNSPLHF	TRBV28*01	TRBJ1-6	1
CASSLRNGDLAGGGADTQYF	TRBV7-2*01	TRBJ2-3	1
CASSLRNRDSDTQYF	TRBV6-1*01	TRBJ2-3	1
CASSLRPAAGGTEAFF	TRBV7-2*01	TRBJ1-1	2
CASSLRPGETQYF	TRBV5-6*01	TRBJ2-5	1
CASSLRPINTGELFF	TRBV7-2*01	TRBJ2-2	1
CASSLRPKSGEQYF	TRBV4-1*01	TRBJ2-7	1
CASSLRPRDDGELFF	TRBV13*01	TRBJ2-2	1
CASSLRPRDTDTQYF	TRBV5-5*01	TRBJ2-3	2
CASSLRPRIRGKLFF	TRBV12-3*01	TRBJ1-4	1
CASSLRQDTEAFF	TRBV5-4*01	TRBJ1-1	1
CASSLRQETQYF	TRBV7-9*01	TRBJ2-5	2
CASSLRQGFYNEQFF	TRBV5-1*01	TRBJ2-1	1
CASSLRQGGEKLFF	TRBV28*01	TRBJ1-4	1
CASSLRQGGELFF	TRBV4-3*01	TRBJ2-2	1
CASSLRQGGEQYF	TRBV9*01	TRBJ2-7	1
CASSLRQGPEDGYTF	TRBV7-9*01	TRBJ1-2	1
CASSLRQGPQDYTF	TRBV7-9*01	TRBJ1-2	1
CASSLRQGPYEQYF	TRBV27*01	TRBJ2-7	1
CASSLRQGRVTDTQYF	TRBV5-6*01	TRBJ2-3	1
CASSLRQGSYEQYF	TRBV9*01	TRBJ2-7	1
CASSLRQGVIGELFF	TRBV7-3*01	TRBJ2-2	1
CASSLRQLDTEAFF	TRBV9*01	TRBJ1-1	1
CASSLRQQETQYF	TRBV7-9*01	TRBJ2-5	1
CASSLRQVLSPLEQFF	TRBV28*01	TRBJ2-1	1
CASSLRRDLTDTQYF	TRBV7-2*01	TRBJ2-3	1
CASSLRRDRSSYEQYF	TRBV28*01	TRBJ2-7	1
CASSLRRDVSTGELFF	TRBV5-6*01	TRBJ2-2	1
CASSLRRERGYNEQFF	TRBV27*01	TRBJ2-1	1
CASSLRRGDEQYF	TRBV7-3*01	TRBJ2-7	1
CASSLRRGGFSGANVLTF	TRBV27*01	TRBJ2-6	1
CASSLRRGGTDTQYF	TRBV11-3*01	TRBJ2-3	1
CASSLRRGWEQYF	TRBV5-8*01	TRBJ2-7	1
CASSLRRIANYGYTF	TRBV4-1*01	TRBJ1-2	1
CASSLRRLRRAGYNEQFF	TRBV18*01	TRBJ2-1	1
CASSLRRRDTQYF	TRBV13*01	TRBJ2-3	1
CASSLRRSNEKLFF	TRBV7-9*01	TRBJ1-4	1
CASSLRRTDTQYF	TRBV27*01	TRBJ2-3	3
CASSLRRVRETQYF	TRBV28*01	TRBJ2-5	1
CASSLRRWARDYGYTF	TRBV13*01	TRBJ1-2	1
CASSLRRWNEKLFF	TRBV7-8*01	TRBJ1-4	1
CASSLRSAAGWPFF	TRBV28*01	TRBJ1-1	9
CASSLRSGGAPGELFF	TRBV7-3*01	TRBJ2-2	1
CASSLRSGGNEQFF	TRBV5-1*01	TRBJ2-1	1
CASSLRSGKTDTQYF	TRBV7-3*01	TRBJ2-3	1
CASSLRSGTFYEQYF	TRBV28*01	TRBJ2-7	1
CASSLRSLYNSPLHF	TRBV28*01	TRBJ1-6	1
CASSLRSNEQFF	TRBV7-8*01	TRBJ2-1	1
CASSLRSNYGYTF	TRBV27*01	TRBJ1-2	1
CASSLRSQGVDGYTF	TRBV7-2*01	TRBJ1-2	1
CASSLRSSYEQYF	TRBV19*01	TRBJ2-7	4
CASSLRSTGAGELFF	TRBV4-1*01	TRBJ2-2	1
CASSLRSVYNEQFF	TRBV27*01	TRBJ2-1	1
CASSLRTAEAFF	TRBV7-9*01	TRBJ1-1	1
CASSLRTGAPHRYTF	TRBV9*01	TRBJ1-2	1
CASSLRTGDEQYF	TRBV5-1*01	TRBJ2-7	1
CASSLRTGELFF	TRBV5-4*01	TRBJ2-2	1
CASSLRTGGQDTQYF	TRBV27*01	TRBJ2-3	1
CASSLRTGGSYEQYF	TRBV5-1*01	TRBJ2-7	1
CASSLRTGKNTEAFF	TRBV7-9*01	TRBJ1-1	1
CASSLRTGLRVGYGYTF	TRBV7-8*01	TRBJ1-2	1
CASSLRTGTDTQYF	TRBV7-2*01	TRBJ2-3	1
CASSLRTGVNEQFF	TRBV7-2*01	TRBJ2-1	1
CASSLRTGYGAYEQYF	TRBV12-4*01	TRBJ2-7	1
CASSLRTHNEQFF	TRBV6-3*01	TRBJ2-1	1
CASSLRTSGAYNEQFF	TRBV27*01	TRBJ2-1	1
CASSLRTSGIYEQYF	TRBV19*01	TRBJ2-7	1
CASSLRTSGSLNTGELFF	TRBV13*01	TRBJ2-2	1
CASSLRTSGTDTQYF	TRBV5-1*01	TRBJ2-3	1
CASSLRTSGTPGGEQYF	TRBV27*01	TRBJ2-7	1
CASSLRTSGTYEQYF	TRBV7-8*01	TRBJ2-7	1
CASSLRTSNTGELFF	TRBV27*01	TRBJ2-2	1
CASSLRTSSNSYEQYF	TRBV4-1*01	TRBJ2-7	1
CASSLRTSSSTQYF	TRBV18*01	TRBJ2-3	1
CASSLRVAGAYSYNEQFF	TRBV4-2*01	TRBJ2-1	1
CASSLRVAVYNEQFF	TRBV28*01	TRBJ2-1	1
CASSLRVGQGLSYEQYF	TRBV5-1*01	TRBJ2-7	1
CASSLRVTNPQGKGTEAFF	TRBV7-8*01	TRBJ1-1	1
CASSLRVVDTEAFF	TRBV7-9*01	TRBJ1-1	1
CASSLRWDSTEAFF	TRBV7-3*01	TRBJ1-1	1
CASSLRWQPNRDGYTF	TRBV5-4*01	TRBJ1-2	1
CASSLRYTVDNEQFF	TRBV19*01	TRBJ2-1	1
CASSLSADIANTEAFF	TRBV27*01	TRBJ1-1	1
CASSLSADMNTEAFF	TRBV28*01	TRBJ1-1	1
CASSLSADTQYF	TRBV27*01	TRBJ2-3	1
CASSLSADYEQYF	TRBV7-3*01	TRBJ2-7	1
CASSLSAEGYEQYF	TRBV12-3*01	TRBJ2-7	1
CASSLSAGELFF	TRBV28*01	TRBJ2-2	1
CASSLSAGGEQYF	TRBV12-4*01	TRBJ2-7	1
CASSLSAGGETQYF	TRBV11-3*01	TRBJ2-5	1
CASSLSAGGLDEQFF	TRBV11-2*01	TRBJ2-1	1
CASSLSAGGYNEQFF	TRBV7-2*01	TRBJ2-1	1
CASSLSAGMNTEAFF	TRBV27*01	TRBJ1-1	1
CASSLSALNEQFF	TRBV27*01	TRBJ2-1	1
CASSLSARNTEAFF	TRBV5-4*01	TRBJ1-1	1
CASSLSARWGEKYGYTF	TRBV27*01	TRBJ1-2	1
CASSLSASGGGHFTEAFF	TRBV5-1*01	TRBJ1-1	1
CASSLSASYEQYF	TRBV5-4*01	TRBJ2-7	1
CASSLSATAEAFF	TRBV5-6*01	TRBJ1-1	1
CASSLSAWDGYEQYF	TRBV27*01	TRBJ2-7	1
CASSLSDGTGGLNTEAFF	TRBV27*01	TRBJ1-1	1
CASSLSDRGSGNTIYF	TRBV27*01	TRBJ1-3	1
CASSLSDTQYF	TRBV5-1*01	TRBJ2-3	1
CASSLSDWGPQHF	TRBV27*01	TRBJ1-5	1
CASSLSEAGARNTEAFF	TRBV12-4*01	TRBJ1-1	1
CASSLSEENTEAFF	TRBV7-3*01	TRBJ1-1	1
CASSLSEGALNYGYTF	TRBV27*01	TRBJ1-2	1
CASSLSEGRDEQFF	TRBV28*01	TRBJ2-1	1
CASSLSEGVSPLHF	TRBV27*01	TRBJ1-6	1
CASSLSEGWANEQFF	TRBV27*01	TRBJ2-1	1
CASSLSEPYNEQFF	TRBV27*01	TRBJ2-1	1
CASSLSFAGGTDTQYF	TRBV27*01	TRBJ2-3	1
CASSLSFGDTEAFF	TRBV12-4*01	TRBJ1-1	1
CASSLSFGRTEAFF	TRBV9*01	TRBJ1-1	1
CASSLSFRDKALWGYTF	TRBV27*01	TRBJ1-2	1
CASSLSGADTQYF	TRBV7-3*01	TRBJ2-3	1
CASSLSGAGELFF	TRBV7-3*01	TRBJ2-2	1
CASSLSGAGNTIYF	TRBV9*01	TRBJ1-3	1
CASSLSGATGPLYEQYF	TRBV27*01	TRBJ2-7	1
CASSLSGATYNEQFF	TRBV27*01	TRBJ2-1	1
CASSLSGAYERGETQYF	TRBV7-7*01	TRBJ2-5	1
CASSLSGDGANYGYTF	TRBV27*01	TRBJ1-2	1
CASSLSGDHYEQYF	TRBV27*01	TRBJ2-7	1
CASSLSGDKIGYMNTEAFF	TRBV27*01	TRBJ1-1	1
CASSLSGDRLNSPLHF	TRBV27*01	TRBJ1-6	1
CASSLSGDTQYF	TRBV27*01	TRBJ2-3	1
CASSLSGEGRRTGELFF	TRBV27*01	TRBJ2-2	1
CASSLSGEGSSNQPQHF	TRBV27*01	TRBJ1-5	1
CASSLSGEGVRNSPLHF	TRBV27*01	TRBJ1-6	1
CASSLSGEGYTF	TRBV12-4*01	TRBJ1-2	1
CASSLSGFGQPQHF	TRBV5-5*01	TRBJ1-5	1
CASSLSGGANEKLFF	TRBV7-3*01	TRBJ1-4	1
CASSLSGGELFF	TRBV4-2*01	TRBJ2-2	1
CASSLSGGEQYF	TRBV27*01	TRBJ2-7	1
CASSLSGGGKRSYTF	TRBV27*01	TRBJ1-2	1
CASSLSGGGLETQYF	TRBV27*01	TRBJ2-5	1
CASSLSGGGRTEAFF	TRBV5-4*01	TRBJ1-1	1
CASSLSGGGSYEQYF	TRBV27*01	TRBJ2-7	1
CASSLSGGGTGELFF	TRBV7-2*01	TRBJ2-2	1
CASSLSGGKQFF	TRBV11-2*01	TRBJ2-1	1
CASSLSGGLAFEPDTQYF	TRBV27*01	TRBJ2-3	1
CASSLSGGLRDEQFF	TRBV7-6*01	TRBJ2-1	1
CASSLSGGNQPQHF	TRBV27*01	TRBJ1-5	1
CASSLSGGNYGYTF	TRBV27*01	TRBJ1-2	2
CASSLSGGPHEQFF	TRBV10-1*01	TRBJ2-1	1
CASSLSGGPNQPQHF	TRBV27*01	TRBJ1-5	1
CASSLSGGRDEQFF	TRBV12-4*01	TRBJ2-1	1
CASSLSGGSTDTQYF	TRBV7-3*01	TRBJ2-3	2
CASSLSGGTEAFF	TRBV7-9*01	TRBJ1-1	1
CASSLSGGVTEAFF	TRBV27*01	TRBJ1-1	1
CASSLSGGYTEAFF	TRBV27*01	TRBJ1-1	1
CASSLSGHPNTEAFF	TRBV7-3*01	TRBJ1-1	1
CASSLSGIYNEQFF	TRBV27*01	TRBJ2-1	1
CASSLSGLAGGRYEQYF	TRBV27*01	TRBJ2-7	1
CASSLSGLAGRPYNEQFF	TRBV28*01	TRBJ2-1	1
CASSLSGLAGVETQYF	TRBV9*01	TRBJ2-5	1
CASSLSGLAGVFYNEQFF	TRBV5-4*01	TRBJ2-1	1
CASSLSGLDEQYF	TRBV7-3*01	TRBJ2-7	1
CASSLSGLTNQETQYF	TRBV27*01	TRBJ2-5	1
CASSLSGNNLNSPLHF	TRBV27*01	TRBJ1-6	1
CASSLSGNRQETQYF	TRBV2*01	TRBJ2-5	6
CASSLSGNSYEQYF	TRBV27*01	TRBJ2-7	1
CASSLSGPGMGYTF	TRBV28*01	TRBJ1-2	1
CASSLSGQGAPNEQFF	TRBV27*01	TRBJ2-1	1
CASSLSGQGFEQYF	TRBV28*01	TRBJ2-7	1
CASSLSGQGGSEQYF	TRBV27*01	TRBJ2-7	1
CASSLSGQGGWDEQYF	TRBV9*01	TRBJ2-7	1
CASSLSGQGRGEQFF	TRBV7-3*01	TRBJ2-1	1
CASSLSGQGSGELFF	TRBV7-9*01	TRBJ2-2	2
CASSLSGQKSLSYGYTF	TRBV7-9*01	TRBJ1-2	1
CASSLSGQRVSGNTIYF	TRBV28*01	TRBJ1-3	1
CASSLSGRPYEQYF	TRBV27*01	TRBJ2-7	2
CASSLSGRQETQYF	TRBV7-2*01	TRBJ2-5	1
CASSLSGRSSYNEQFF	TRBV7-3*01	TRBJ2-1	3
CASSLSGSGKETQYF	TRBV28*01	TRBJ2-5	1
CASSLSGSGRAYNEQFF	TRBV27*01	TRBJ2-1	1
CASSLSGSGYEQYF	TRBV27*01	TRBJ2-7	1
CASSLSGSKLNTEAFF	TRBV27*01	TRBJ1-1	1
CASSLSGSNNEQFF	TRBV27*01	TRBJ2-1	1
CASSLSGSSTPYNEQFF	TRBV7-9*01	TRBJ2-1	1
CASSLSGSSYNEQFF	TRBV19*01	TRBJ2-1	1
CASSLSGSYEQYF	TRBV11-2*01	TRBJ2-7	1
CASSLSGSYYEQYF	TRBV12-3*01	TRBJ2-7	1
CASSLSGTASYGYTF	TRBV5-1*01	TRBJ1-2	1
CASSLSGTDLSGANVLTF	TRBV9*01	TRBJ2-6	1
CASSLSGTGDYTF	TRBV13*01	TRBJ1-2	1
CASSLSGTGEGTEAFF	TRBV6-5*01	TRBJ1-1	1
CASSLSGTGFGGAETQYF	TRBV4-3*01	TRBJ2-5	1
CASSLSGTGIYNEQFF	TRBV4-3*01	TRBJ2-1	1
CASSLSGTGNGYTF	TRBV27*01	TRBJ1-2	1
CASSLSGTGPYNEQFF	TRBV27*01	TRBJ2-1	1
CASSLSGTGSEQYF	TRBV28*01	TRBJ2-7	1
CASSLSGTGSNTEAFF	TRBV27*01	TRBJ1-1	1
CASSLSGTNGYTF	TRBV27*01	TRBJ1-2	1
CASSLSGTQYEQYF	TRBV27*01	TRBJ2-7	1
CASSLSGTVAKNIQYF	TRBV7-2*01	TRBJ2-4	1
CASSLSGTVELFF	TRBV13*01	TRBJ2-2	1
CASSLSGVETGESTEAFF	TRBV9*01	TRBJ1-1	1
CASSLSGVRYEQYF	TRBV7-9*01	TRBJ2-7	1
CASSLSGWAYEQYF	TRBV28*01	TRBJ2-7	1
CASSLSGWSGTGELFF	TRBV27*01	TRBJ2-2	1
CASSLSGWSYEQYF	TRBV7-6*01	TRBJ2-7	1
CASSLSGWTYEQYF	TRBV27*01	TRBJ2-7	1
CASSLSGYEQYF	TRBV28*01	TRBJ2-7	151
CASSLSGYEQYF	TRBV7-9*01	TRBJ2-7	1
CASSLSGYRGGGTEAFF	TRBV27*01	TRBJ1-1	1
CASSLSGYSSSYNSPLHF	TRBV27*01	TRBJ1-6	1
CASSLSGYYGYTF	TRBV5-4*01	TRBJ1-2	1
CASSLSHPETYEQYF	TRBV4-1*01	TRBJ2-7	1
CASSLSHRRTGDNYGYTF	TRBV19*01	TRBJ1-2	1
CASSLSHTGELFF	TRBV27*01	TRBJ2-2	1
CASSLSIDSTDTQYF	TRBV27*01	TRBJ2-3	1
CASSLSILGNYEQYF	TRBV27*01	TRBJ2-7	1
CASSLSINTDTQYF	TRBV28*01	TRBJ2-3	1
CASSLSIRGQETQYF	TRBV27*01	TRBJ2-5	1
CASSLSKGTSVNEQFF	TRBV27*01	TRBJ2-1	1
CASSLSKSHEQYF	TRBV27*01	TRBJ2-7	1
CASSLSKTGGNQPQHF	TRBV27*01	TRBJ1-5	1
CASSLSLAGELFF	TRBV27*01	TRBJ2-2	1
CASSLSLAGGSTDTQYF	TRBV5-6*01	TRBJ2-3	1
CASSLSLAGSDEQFF	TRBV12-4*01	TRBJ2-1	1
CASSLSLAGVNEQFF	TRBV27*01	TRBJ2-1	1
CASSLSLAGYTDTQYF	TRBV5-1*01	TRBJ2-3	1
CASSLSLASGNTIYF	TRBV28*01	TRBJ1-3	1
CASSLSLGASTDTQYF	TRBV27*01	TRBJ2-3	1
CASSLSLGGDEQFF	TRBV7-2*01	TRBJ2-1	1
CASSLSLGGSEAFF	TRBV12-3*01	TRBJ1-1	1
CASSLSLGNEQYF	TRBV27*01	TRBJ2-7	1
CASSLSLLGQGNSNTGELFF	TRBV7-6*01	TRBJ2-2	1
CASSLSLPAAAGVEEQYF	TRBV27*01	TRBJ2-7	1
CASSLSLPSGYTF	TRBV12-3*01	TRBJ1-2	1
CASSLSLPWDGELEQYF	TRBV3-1*01	TRBJ2-7	1
CASSLSLQGTTQYF	TRBV5-1*01	TRBJ2-5	1
CASSLSLRGTDTQYF	TRBV27*01	TRBJ2-3	1
CASSLSLSGNTEAFF	TRBV7-8*01	TRBJ1-1	1
CASSLSLTAGELDTQYF	TRBV27*01	TRBJ2-3	1
CASSLSLTYEQYF	TRBV7-8*01	TRBJ2-7	1
CASSLSMGEQYF	TRBV27*01	TRBJ2-7	1
CASSLSMNSGNSPLHF	TRBV27*01	TRBJ1-6	1
CASSLSMNTEAFF	TRBV12-4*01	TRBJ1-1	1
CASSLSMTGYYEQYF	TRBV27*01	TRBJ2-7	1
CASSLSMVAPQHF	TRBV7-9*01	TRBJ1-5	1
CASSLSNTEAFF	TRBV5-1*01	TRBJ1-1	1
CASSLSPATTINQPQHF	TRBV27*01	TRBJ1-5	1
CASSLSPDRGYGYTF	TRBV27*01	TRBJ1-2	1
CASSLSPETYEQYF	TRBV27*01	TRBJ2-7	1
CASSLSPFYSYGYTF	TRBV27*01	TRBJ1-2	1
CASSLSPGAGYEQYF	TRBV27*01	TRBJ2-7	1
CASSLSPGAHSGNTIYF	TRBV12-4*01	TRBJ1-3	1
CASSLSPGASYGYTF	TRBV12-3*01	TRBJ1-2	1
CASSLSPGETEAFF	TRBV28*01	TRBJ1-1	1
CASSLSPGGGHTQYF	TRBV28*01	TRBJ2-3	1
CASSLSPGGGYTF	TRBV27*01	TRBJ1-2	1
CASSLSPGLAATGELFF	TRBV7-3*01	TRBJ2-2	1
CASSLSPGQGRDQPQHF	TRBV28*01	TRBJ1-5	1
CASSLSPGQGTYEQYF	TRBV27*01	TRBJ2-7	1
CASSLSPGQVNYGYTF	TRBV5-4*01	TRBJ1-2	1
CASSLSPGTEAFF	TRBV5-6*01	TRBJ1-1	1
CASSLSPIQDTQYF	TRBV5-8*01	TRBJ2-3	1
CASSLSPPTSSSYEQYF	TRBV27*01	TRBJ2-7	1
CASSLSPRHEQYF	TRBV27*01	TRBJ2-7	1
CASSLSPRQGLQETQYF	TRBV11-1*01	TRBJ2-5	1
CASSLSPRSYNEQFF	TRBV11-3*01	TRBJ2-1	1
CASSLSPSGNTIYF	TRBV5-4*01	TRBJ1-3	1
CASSLSPSGSYEQYF	TRBV27*01	TRBJ2-7	1
CASSLSPSIEQYF	TRBV27*01	TRBJ2-7	1
CASSLSPTGLMNTEAFF	TRBV28*01	TRBJ1-1	1
CASSLSQFSPLHF	TRBV27*01	TRBJ1-6	1
CASSLSQGADNEQFF	TRBV27*01	TRBJ2-1	1
CASSLSQGGNEQFF	TRBV5-1*01	TRBJ2-1	1
CASSLSQGLVKETQYF	TRBV27*01	TRBJ2-5	1
CASSLSQGPYNEQFF	TRBV7-2*01	TRBJ2-1	1
CASSLSQIYEQYF	TRBV27*01	TRBJ2-7	1
CASSLSQLAGNTIYF	TRBV11-2*01	TRBJ1-3	1
CASSLSQSLNTEAFF	TRBV7-9*01	TRBJ1-1	1
CASSLSRASNQPQHF	TRBV28*01	TRBJ1-5	1
CASSLSRATEAFF	TRBV5-1*01	TRBJ1-1	1
CASSLSREAEAFF	TRBV27*01	TRBJ1-1	1
CASSLSREGPYNEQFF	TRBV7-7*01	TRBJ2-1	1
CASSLSRGGGYTF	TRBV27*01	TRBJ1-2	1
CASSLSRGHGYGYTF	TRBV5-5*01	TRBJ1-2	1
CASSLSRGLTEAFF	TRBV12-4*01	TRBJ1-1	1
CASSLSRGNTEAFF	TRBV27*01	TRBJ1-1	1
CASSLSRGPDTEAFF	TRBV27*01	TRBJ1-1	1
CASSLSRGVGQGSYGYTF	TRBV27*01	TRBJ1-2	1
CASSLSRGVSRHEQFF	TRBV7-9*01	TRBJ2-1	1
CASSLSRIAGATYEQYF	TRBV5-1*01	TRBJ2-7	1
CASSLSRKGELFF	TRBV27*01	TRBJ2-2	1
CASSLSRLAGHNEQFF	TRBV12-3*01	TRBJ2-1	1
CASSLSRLISGNGELFF	TRBV28*01	TRBJ2-2	1
CASSLSRNTEAFF	TRBV7-8*01	TRBJ1-1	1
CASSLSRPTGELFF	TRBV7-9*01	TRBJ2-2	1
CASSLSRRSTDTQYF	TRBV27*01	TRBJ2-3	1
CASSLSRRTEQYF	TRBV14*01	TRBJ2-7	1
CASSLSRSTDTQYF	TRBV7-9*01	TRBJ2-3	1
CASSLSRTNTGELFF	TRBV27*01	TRBJ2-2	1
CASSLSRWRQAKNIQYF	TRBV7-9*01	TRBJ2-4	1
CASSLSSADTQYF	TRBV7-9*01	TRBJ2-3	1
CASSLSSDRGETQYF	TRBV27*01	TRBJ2-5	1
CASSLSSETQYF	TRBV5-4*01	TRBJ2-5	1
CASSLSSFGADTQYF	TRBV6-5*01	TRBJ2-3	1
CASSLSSGDASYNEQFF	TRBV27*01	TRBJ2-1	1
CASSLSSGDSYNEQFF	TRBV27*01	TRBJ2-1	1
CASSLSSGETQYF	TRBV7-3*01	TRBJ2-5	1
CASSLSSGGNEQFF	TRBV7-6*01	TRBJ2-1	1
CASSLSSGGSPSTDTQYF	TRBV11-2*01	TRBJ2-3	1
CASSLSSGGTHEQYF	TRBV27*01	TRBJ2-7	1
CASSLSSGRSDEQFF	TRBV28*01	TRBJ2-1	1
CASSLSSGRTDTQYF	TRBV7-3*01	TRBJ2-3	1
CASSLSSGSTGELFF	TRBV7-6*01	TRBJ2-2	1
CASSLSSGTYEQYF	TRBV9*01	TRBJ2-7	321
CASSLSSGTYNEQFF	TRBV14*01	TRBJ2-1	1
CASSLSSGVTDTQYF	TRBV27*01	TRBJ2-3	1
CASSLSSHTNEKLFF	TRBV27*01	TRBJ1-4	1
CASSLSSLINEQFF	TRBV27*01	TRBJ2-1	1
CASSLSSLLASHEQYF	TRBV27*01	TRBJ2-7	1
CASSLSSNQPQHF	TRBV5-1*01	TRBJ1-5	1
CASSLSSRTTGNTGELFF	TRBV7-9*01	TRBJ2-2	1
CASSLSSSSNYGYTF	TRBV7-3*01	TRBJ1-2	1
CASSLSSTNEQFF	TRBV27*01	TRBJ2-1	1
CASSLSSTSGGYTDTQYF	TRBV7-2*01	TRBJ2-3	1
CASSLSSYLGTQYF	TRBV13*01	TRBJ2-5	1
CASSLSSYNEQFF	TRBV11-2*01	TRBJ2-1	1
CASSLSTATGELFF	TRBV7-9*01	TRBJ2-2	1
CASSLSTATYEQYF	TRBV28*01	TRBJ2-7	1
CASSLSTDGPISNTGELFF	TRBV12-4*01	TRBJ2-2	1
CASSLSTDTQYF	TRBV5-6*01	TRBJ2-3	1
CASSLSTGAFYNEQFF	TRBV28*01	TRBJ2-1	1
CASSLSTGDEKLFF	TRBV27*01	TRBJ1-4	2
CASSLSTGELFF	TRBV7-9*01	TRBJ2-2	1
CASSLSTGGNYNEQFF	TRBV27*01	TRBJ2-1	1
CASSLSTGGPIGNQPQHF	TRBV7-2*01	TRBJ1-5	1
CASSLSTGGYEQYF	TRBV7-2*01	TRBJ2-7	1
CASSLSTGNEQYF	TRBV7-3*01	TRBJ2-7	1
CASSLSTGTYLFGQYF	TRBV7-9*01	TRBJ2-3	1
CASSLSTGVSETQYF	TRBV27*01	TRBJ2-5	1
CASSLSTGYEQYF	TRBV27*01	TRBJ2-7	1
CASSLSTLEQYF	TRBV5-6*01	TRBJ2-7	1
CASSLSTNEKLFF	TRBV7-9*01	TRBJ1-4	1
CASSLSTPYYEQYF	TRBV27*01	TRBJ2-7	1
CASSLSTQGTQYF	TRBV7-9*01	TRBJ2-3	1
CASSLSTTSTDTQYF	TRBV12-3*01	TRBJ2-3	1
CASSLSTWTAFYNEQFF	TRBV27*01	TRBJ2-1	1
CASSLSVAGRTEAFF	TRBV27*01	TRBJ1-1	1
CASSLSVDRSYEQYF	TRBV27*01	TRBJ2-7	1
CASSLSVDSPLGEQYF	TRBV27*01	TRBJ2-7	1
CASSLSVEAFF	TRBV5-5*01	TRBJ1-1	1
CASSLSVGGGAHEQYF	TRBV11-2*01	TRBJ2-7	1
CASSLSVHQPQHF	TRBV27*01	TRBJ1-5	1
CASSLSVHRVTDTQYF	TRBV7-9*01	TRBJ2-3	1
CASSLSVIAGGRETQYF	TRBV27*01	TRBJ2-5	1
CASSLSVPDTQYF	TRBV27*01	TRBJ2-3	1
CASSLSVSGRGHEQFF	TRBV27*01	TRBJ2-1	1
CASSLSVVNEQFF	TRBV5-4*01	TRBJ2-1	1
CASSLSWDEQFF	TRBV7-2*01	TRBJ2-1	1
CASSLSWDRGNTEAFF	TRBV5-6*01	TRBJ1-1	1
CASSLSWDSLTGELFF	TRBV12-4*01	TRBJ2-2	1
CASSLSWGAGNTIYF	TRBV27*01	TRBJ1-3	1
CASSLSWGRDRELFF	TRBV27*01	TRBJ2-2	1
CASSLSWGTGTGIYEQYF	TRBV27*01	TRBJ2-7	1
CASSLSWHNNQPQHF	TRBV27*01	TRBJ1-5	1
CASSLSWNQPQHF	TRBV27*01	TRBJ1-5	1
CASSLSWQELYGYTF	TRBV5-1*01	TRBJ1-2	4
CASSLSWQETQYF	TRBV27*01	TRBJ2-5	1
CASSLSWRGGYTF	TRBV27*01	TRBJ1-2	1
CASSLSWSSDSLYNEQFF	TRBV27*01	TRBJ2-1	1
CASSLSWTSVREYNEQFF	TRBV28*01	TRBJ2-1	1
CASSLSWVDEQYF	TRBV5-4*01	TRBJ2-7	1
CASSLSWWAGGGYGYTF	TRBV11-2*01	TRBJ1-2	1
CASSLSYEQYF	TRBV12-4*01	TRBJ2-7	1
CASSLSYGAYQETQYF	TRBV5-6*01	TRBJ2-5	1
CASSLSYGSISYEQYF	TRBV7-9*01	TRBJ2-7	1
CASSLSYNEQFF	TRBV5-1*01	TRBJ2-1	1
CASSLSYPGENTEAFF	TRBV27*01	TRBJ1-1	1
CASSLTAAEWTQYF	TRBV11-1*01	TRBJ2-3	4
CASSLTAGRWGTDTQYF	TRBV13*01	TRBJ2-3	1
CASSLTALGRGTDTQYF	TRBV11-2*01	TRBJ2-3	1
CASSLTANTGELFF	TRBV5-6*01	TRBJ2-2	1
CASSLTANYGYTF	TRBV7-3*01	TRBJ1-2	1
CASSLTAPYEQYF	TRBV5-1*01	TRBJ2-7	1
CASSLTAYFGVF	TRBV12-3*01	TRBJ1-1	1
CASSLTAYTEFTDTQYF	TRBV7-6*01	TRBJ2-3	1
CASSLTDPRDGEQYF	TRBV27*01	TRBJ2-7	1
CASSLTDRLNEQFF	TRBV5-1*01	TRBJ2-1	1
CASSLTDSWNGYTF	TRBV5-1*01	TRBJ1-2	1
CASSLTDTQYF	TRBV2*01	TRBJ2-3	1
CASSLTDTQYF	TRBV28*01	TRBJ2-3	5
CASSLTDTQYF	TRBV5-1*01	TRBJ2-3	1
CASSLTDTRAYEQYF	TRBV7-9*01	TRBJ2-7	1
CASSLTDYNEQFF	TRBV28*01	TRBJ2-1	1
CASSLTEGASTEAFF	TRBV7-8*01	TRBJ1-1	1
CASSLTEKLFF	TRBV7-9*01	TRBJ1-4	1
CASSLTESSYEQYF	TRBV27*01	TRBJ2-7	1
CASSLTESYEQYF	TRBV7-7*01	TRBJ2-7	1
CASSLTETALYNEQFF	TRBV5-4*01	TRBJ2-1	1
CASSLTFESGANVLTF	TRBV6-5*01	TRBJ2-6	1
CASSLTFQDNYGYTF	TRBV2*01	TRBJ1-2	1
CASSLTFSGANVLTF	TRBV7-9*01	TRBJ2-6	1
CASSLTGAEAFF	TRBV11-3*01	TRBJ1-1	1
CASSLTGAEAFF	TRBV12-4*01	TRBJ1-1	1
CASSLTGAESPLHF	TRBV27*01	TRBJ1-6	1
CASSLTGANEKLFF	TRBV27*01	TRBJ1-4	1
CASSLTGAPTDTQYF	TRBV5-6*01	TRBJ2-3	1
CASSLTGDAQYF	TRBV27*01	TRBJ2-5	1
CASSLTGDEQYF	TRBV7-9*01	TRBJ2-7	1
CASSLTGDGEKLFF	TRBV27*01	TRBJ1-4	1
CASSLTGDGTEAFF	TRBV3-1*01	TRBJ1-1	1
CASSLTGDGYTF	TRBV9*01	TRBJ1-2	1
CASSLTGDQPQHF	TRBV12-4*01	TRBJ1-5	1
CASSLTGEGQYTEAFF	TRBV27*01	TRBJ1-1	1
CASSLTGEGSPLHF	TRBV28*01	TRBJ1-6	1
CASSLTGELFF	TRBV6-6*01	TRBJ2-2	1
CASSLTGESYEQYF	TRBV13*01	TRBJ2-7	2
CASSLTGFDYGYTF	TRBV7-3*01	TRBJ1-2	1
CASSLTGFGYEQYF	TRBV28*01	TRBJ2-7	1
CASSLTGFRATNEKLFF	TRBV27*01	TRBJ1-4	1
CASSLTGFSWKHHIF	TRBV7-6*01	TRBJ1-3	1
CASSLTGGAEAFF	TRBV4-2*01	TRBJ1-1	1
CASSLTGGAEKLFF	TRBV28*01	TRBJ1-4	1
CASSLTGGAGNEQFF	TRBV9*01	TRBJ2-1	1
CASSLTGGDGYTF	TRBV27*01	TRBJ1-2	1
CASSLTGGDTQYF	TRBV28*01	TRBJ2-3	1
CASSLTGGEDEKLFF	TRBV11-1*01	TRBJ1-4	1
CASSLTGGFDNEQFF	TRBV27*01	TRBJ2-1	1
CASSLTGGGNSPLHF	TRBV7-3*01	TRBJ1-6	1
CASSLTGGGTEAFF	TRBV12-4*01	TRBJ1-1	1
CASSLTGGGVYNEQFF	TRBV7-3*01	TRBJ2-1	1
CASSLTGGGYNEQFF	TRBV7-3*01	TRBJ2-1	1
CASSLTGGKGNEQFF	TRBV6-5*01	TRBJ2-1	1
CASSLTGGLAGELFF	TRBV6-5*01	TRBJ2-2	1
CASSLTGGMREQYF	TRBV7-2*01	TRBJ2-7	1
CASSLTGGPGHINEQFF	TRBV4-2*01	TRBJ2-1	1
CASSLTGGPVEQYF	TRBV5-4*01	TRBJ2-7	1
CASSLTGGQVNTEAFF	TRBV28*01	TRBJ1-1	1
CASSLTGGSTEAFF	TRBV11-2*01	TRBJ1-1	1
CASSLTGGSTEAFF	TRBV9*01	TRBJ1-1	1
CASSLTGGSYEQYF	TRBV27*01	TRBJ2-7	1
CASSLTGGSYEQYF	TRBV4-3*01	TRBJ2-7	1
CASSLTGGSYEQYF	TRBV5-6*01	TRBJ2-7	1
CASSLTGGTEAFF	TRBV25-1*01	TRBJ1-1	1
CASSLTGGVVNTEAFF	TRBV5-6*01	TRBJ1-1	1
CASSLTGGVYNEQFF	TRBV5-4*01	TRBJ2-1	1
CASSLTGGYEQYF	TRBV7-9*01	TRBJ2-7	1
CASSLTGGYQPQHF	TRBV12-4*01	TRBJ1-5	1
CASSLTGLAADTEQYF	TRBV7-9*01	TRBJ2-7	1
CASSLTGLGDTQYF	TRBV12-4*01	TRBJ2-3	1
CASSLTGLGGTEQFF	TRBV7-3*01	TRBJ2-1	1
CASSLTGLGQPQHF	TRBV28*01	TRBJ1-5	1
CASSLTGLNIQYF	TRBV28*01	TRBJ2-4	1
CASSLTGLSYEQYF	TRBV12-4*01	TRBJ2-7	1
CASSLTGMDNEQFF	TRBV28*01	TRBJ2-1	1
CASSLTGNEKLFF	TRBV28*01	TRBJ1-4	1
CASSLTGNEQYF	TRBV6-3*01	TRBJ2-7	1
CASSLTGNPEAFF	TRBV27*01	TRBJ1-1	1
CASSLTGNTEAFF	TRBV9*01	TRBJ1-1	1
CASSLTGPDSPLHF	TRBV27*01	TRBJ1-6	1
CASSLTGPEQFF	TRBV11-1*01	TRBJ2-1	1
CASSLTGPTEAFF	TRBV5-6*01	TRBJ1-1	1
CASSLTGPTREAFF	TRBV7-3*01	TRBJ1-1	1
CASSLTGPYEQYF	TRBV27*01	TRBJ2-7	1
CASSLTGQGNEQFF	TRBV27*01	TRBJ2-1	1
CASSLTGQGSYNEQFF	TRBV7-9*01	TRBJ2-1	1
CASSLTGQPQHF	TRBV7-2*01	TRBJ1-5	1
CASSLTGQSQRVYGYTF	TRBV7-3*01	TRBJ1-2	18
CASSLTGQVETQYF	TRBV27*01	TRBJ2-5	1
CASSLTGRAYEQYF	TRBV28*01	TRBJ2-7	1
CASSLTGRTYEQYF	TRBV27*01	TRBJ2-7	1
CASSLTGSEQYF	TRBV27*01	TRBJ2-7	1
CASSLTGSGDSPLHF	TRBV5-4*01	TRBJ1-6	1
CASSLTGSPTSTDTQYF	TRBV7-8*01	TRBJ2-3	1
CASSLTGSYNEQFF	TRBV12-3*01	TRBJ2-1	1
CASSLTGTAYEQYF	TRBV7-3*01	TRBJ2-7	1
CASSLTGTEAFF	TRBV7-3*01	TRBJ1-1	1
CASSLTGTEAFF	TRBV7-9*01	TRBJ1-1	1
CASSLTGTGGKNGYTF	TRBV27*01	TRBJ1-2	1
CASSLTGTGNYGYTF	TRBV27*01	TRBJ1-2	1
CASSLTGTGSGNTIYF	TRBV7-3*01	TRBJ1-3	1
CASSLTGTHEQYF	TRBV28*01	TRBJ2-7	1
CASSLTGTPAYEQYF	TRBV6-5*01	TRBJ2-7	1
CASSLTGTPHEQYF	TRBV7-9*01	TRBJ2-7	1
CASSLTGTPSTDTQYF	TRBV5-4*01	TRBJ2-3	1
CASSLTGTSGYEQYF	TRBV19*01	TRBJ2-7	6
CASSLTGTVYNEKLFF	TRBV27*01	TRBJ1-4	1
CASSLTGTYGYTF	TRBV27*01	TRBJ1-2	1
CASSLTGVAYEQYF	TRBV18*01	TRBJ2-7	1
CASSLTGVFAYNEQFF	TRBV7-8*01	TRBJ2-1	1
CASSLTGVGGANGYTF	TRBV7-3*01	TRBJ1-2	1
CASSLTGVLEAFF	TRBV27*01	TRBJ1-1	1
CASSLTGVNQPQHF	TRBV28*01	TRBJ1-5	1
CASSLTGVSYNEQFF	TRBV7-9*01	TRBJ2-1	1
CASSLTGYEQYF	TRBV27*01	TRBJ2-7	1
CASSLTGYMAEAFF	TRBV5-1*01	TRBJ1-1	1
CASSLTGYNEQFF	TRBV5-1*01	TRBJ2-1	1
CASSLTGYNEQFF	TRBV6-3*01	TRBJ2-1	1
CASSLTGYNEQFF	TRBV7-3*01	TRBJ2-1	1
CASSLTGYNSPLHF	TRBV28*01	TRBJ1-6	1
CASSLTGYSPLHF	TRBV7-3*01	TRBJ1-6	1
CASSLTHARDEQFF	TRBV7-6*01	TRBJ2-1	1
CASSLTLAEAETQYF	TRBV6-5*01	TRBJ2-5	1
CASSLTLAKNIQYF	TRBV11-2*01	TRBJ2-4	1
CASSLTLDREHTEAFF	TRBV11-1*01	TRBJ1-1	1
CASSLTLGEQGFYGYTF	TRBV7-3*01	TRBJ1-2	1
CASSLTLGFLARELFF	TRBV12-3*01	TRBJ2-2	1
CASSLTLGTSYEQYF	TRBV4-3*01	TRBJ2-7	1
CASSLTLNYGYTF	TRBV7-9*01	TRBJ1-2	1
CASSLTLSDTQYF	TRBV5-4*01	TRBJ2-3	1
CASSLTLSYEQYF	TRBV5-5*01	TRBJ2-7	1
CASSLTLVGWDTEAFF	TRBV27*01	TRBJ1-1	1
CASSLTNEQYF	TRBV5-4*01	TRBJ2-7	1
CASSLTNLPQETQYF	TRBV7-4*01	TRBJ2-5	1
CASSLTPAEGRGYTF	TRBV27*01	TRBJ1-2	1
CASSLTPAGSTEAFF	TRBV28*01	TRBJ1-1	1
CASSLTPELEQYF	TRBV7-9*01	TRBJ2-7	1
CASSLTPGAGTEAFF	TRBV5-4*01	TRBJ1-1	1
CASSLTPGGGSYGYTF	TRBV19*01	TRBJ1-2	1
CASSLTPGLPPYEQYF	TRBV11-1*01	TRBJ2-7	1
CASSLTPGTDTQYF	TRBV7-3*01	TRBJ2-3	1
CASSLTPLSTDTQYF	TRBV4-1*01	TRBJ2-3	1
CASSLTPNTEAFF	TRBV5-1*01	TRBJ1-1	1
CASSLTPPAVAGNEQFF	TRBV6-5*01	TRBJ2-1	1
CASSLTPPGRVAYEQYF	TRBV27*01	TRBJ2-7	1
CASSLTPPHAVLSNQPQHF	TRBV27*01	TRBJ1-5	1
CASSLTPPQYF	TRBV12-3*01	TRBJ2-7	1
CASSLTPRQTPQETQYF	TRBV27*01	TRBJ2-5	1
CASSLTPRRGFQETQYF	TRBV7-2*01	TRBJ2-5	1
CASSLTPYEQYF	TRBV11-1*01	TRBJ2-7	1
CASSLTQDSQETQYF	TRBV7-3*01	TRBJ2-5	1
CASSLTQGGKETQYF	TRBV7-9*01	TRBJ2-5	1
CASSLTRAAYEQYF	TRBV5-5*01	TRBJ2-7	1
CASSLTRDRDYYEQYF	TRBV27*01	TRBJ2-7	1
CASSLTRDRGLQETQYF	TRBV7-8*01	TRBJ2-5	1
CASSLTREGAFF	TRBV7-9*01	TRBJ1-1	1
CASSLTRESNEQFF	TRBV5-6*01	TRBJ2-1	1
CASSLTRGGRDEQYF	TRBV28*01	TRBJ2-7	1
CASSLTRGTGEDEAFF	TRBV7-3*01	TRBJ1-1	1
CASSLTRGVGGELFF	TRBV11-2*01	TRBJ2-2	1
CASSLTRLASTDTQYF	TRBV7-2*01	TRBJ2-3	1
CASSLTRQDYEQYF	TRBV27*01	TRBJ2-7	1
CASSLTRQGGTEAFF	TRBV7-3*01	TRBJ1-1	1
CASSLTRQGSYEQYF	TRBV7-9*01	TRBJ2-7	1
CASSLTRTRPLSYEQYF	TRBV7-3*01	TRBJ2-7	1
CASSLTSAIGELFF	TRBV7-7*01	TRBJ2-2	1
CASSLTSATQYF	TRBV11-2*01	TRBJ2-5	1
CASSLTSAYNEQFF	TRBV6-3*01	TRBJ2-1	1
CASSLTSEGPRSGELFF	TRBV7-3*01	TRBJ2-2	1
CASSLTSEGYEQYF	TRBV7-8*01	TRBJ2-7	1
CASSLTSETSYEQYF	TRBV7-2*01	TRBJ2-7	1
CASSLTSGDTQYF	TRBV5-4*01	TRBJ2-3	1
CASSLTSGEETQYF	TRBV18*01	TRBJ2-5	1
CASSLTSGEQFF	TRBV5-1*01	TRBJ2-1	1
CASSLTSGGAMNEQFF	TRBV5-1*01	TRBJ2-1	1
CASSLTSGGATDTQYF	TRBV9*01	TRBJ2-3	1
CASSLTSGGPAQYF	TRBV7-2*01	TRBJ2-3	1
CASSLTSGGQLFSYNEQFF	TRBV7-2*01	TRBJ2-1	1
CASSLTSGGTDTQYF	TRBV9*01	TRBJ2-3	1
CASSLTSGGTYEQYF	TRBV27*01	TRBJ2-7	1
CASSLTSGGYNEQFF	TRBV11-1*01	TRBJ2-1	1
CASSLTSGKPYEQYF	TRBV6-5*01	TRBJ2-7	1
CASSLTSGLELFF	TRBV27*01	TRBJ1-4	1
CASSLTSGMETQYF	TRBV6-5*01	TRBJ2-5	1
CASSLTSGNTEAFF	TRBV7-3*01	TRBJ1-1	1
CASSLTSGRFDEQYF	TRBV7-2*01	TRBJ2-7	3
CASSLTSGRHNEQFF	TRBV7-9*01	TRBJ2-1	1
CASSLTSGRPDTQYF	TRBV27*01	TRBJ2-3	1
CASSLTSGRPDTQYF	TRBV7-3*01	TRBJ2-3	1
CASSLTSGSIYEQFF	TRBV27*01	TRBJ2-1	1
CASSLTSGSYEQYF	TRBV13*01	TRBJ2-7	1
CASSLTSGTEQFF	TRBV7-3*01	TRBJ2-1	1
CASSLTSGTGVHNEQFF	TRBV7-3*01	TRBJ2-1	1
CASSLTSGTYEQYF	TRBV7-3*01	TRBJ2-7	1
CASSLTSLGSGSTDTQYF	TRBV3-1*01	TRBJ2-3	1
CASSLTSLGYGYTF	TRBV12-4*01	TRBJ1-2	1
CASSLTSNLDEKLFF	TRBV27*01	TRBJ1-4	1
CASSLTSRGGNGYTF	TRBV7-2*01	TRBJ1-2	2
CASSLTSSAAYGYTF	TRBV7-3*01	TRBJ1-2	1
CASSLTSSLAGDYSEQFF	TRBV7-3*01	TRBJ2-1	1
CASSLTSSYEQYF	TRBV12-3*01	TRBJ2-7	1
CASSLTSTGPVSYQETQYF	TRBV7-3*01	TRBJ2-5	1
CASSLTSTPYEQYF	TRBV7-8*01	TRBJ2-7	1
CASSLTSWTHSTDTQYF	TRBV12-4*01	TRBJ2-3	1
CASSLTTGGRNEQFF	TRBV13*01	TRBJ2-1	37
CASSLTTGIINSPLHF	TRBV4-1*01	TRBJ1-6	1
CASSLTTGIVDTEAFF	TRBV6-5*01	TRBJ1-1	1
CASSLTTGTDTQYF	TRBV28*01	TRBJ2-3	2
CASSLTTGVYTEAFF	TRBV5-1*01	TRBJ1-1	1
CASSLTTPIETQYF	TRBV11-1*01	TRBJ2-5	1
CASSLTTPPFNEQFF	TRBV7-6*01	TRBJ2-1	1
CASSLTTRTPPPPYEQYF	TRBV5-1*01	TRBJ2-7	1
CASSLTTSGHNEQFF	TRBV7-2*01	TRBJ2-1	1
CASSLTTSSYEQYF	TRBV12-4*01	TRBJ2-7	1
CASSLTVASTDTQYF	TRBV7-2*01	TRBJ2-3	1
CASSLTVDPLGETQYF	TRBV7-3*01	TRBJ2-5	1
CASSLTVGELFF	TRBV5-1*01	TRBJ2-2	1
CASSLTVGRGLRDEQFF	TRBV7-3*01	TRBJ2-1	1
CASSLTVGVASEGNSPLHF	TRBV28*01	TRBJ1-6	1
CASSLTVKDSPLHF	TRBV7-9*01	TRBJ1-6	1
CASSLTVNTEAFF	TRBV27*01	TRBJ1-1	1
CASSLTVVNTEAFF	TRBV5-6*01	TRBJ1-1	1
CASSLTVYNEQFF	TRBV28*01	TRBJ2-1	1
CASSLTWDEQFF	TRBV6-3*01	TRBJ2-1	1
CASSLTWGNGELFF	TRBV5-1*01	TRBJ2-2	1
CASSLTWTYEISGANVLTF	TRBV5-5*01	TRBJ2-6	1
CASSLTYNTEAFF	TRBV28*01	TRBJ1-1	1
CASSLTYTEPTNYGYTF	TRBV7-3*01	TRBJ1-2	1
CASSLVAATTTDTQYF	TRBV5-1*01	TRBJ2-3	1
CASSLVADGEGYTF	TRBV12-4*01	TRBJ1-2	1
CASSLVAERTDTQYF	TRBV27*01	TRBJ2-3	1
CASSLVAGAGANVLTF	TRBV7-9*01	TRBJ2-6	1
CASSLVAGANNEQFF	TRBV7-9*01	TRBJ2-1	1
CASSLVAGASNQPQHF	TRBV12-4*01	TRBJ1-5	1
CASSLVAGELFF	TRBV5-1*01	TRBJ2-2	1
CASSLVAGELFF	TRBV7-2*01	TRBJ2-2	1
CASSLVAGELFF	TRBV7-6*01	TRBJ2-2	1
CASSLVAGGPDTQYF	TRBV13*01	TRBJ2-3	1
CASSLVAGGSSNQPQHF	TRBV7-2*01	TRBJ1-5	1
CASSLVAGPSVGEQFF	TRBV11-2*01	TRBJ2-1	1
CASSLVAGRPPTLHF	TRBV5-6*01	TRBJ1-6	1
CASSLVAGSSNEQFF	TRBV27*01	TRBJ2-1	1
CASSLVAGSSYEQYF	TRBV27*01	TRBJ2-7	1
CASSLVAGSYNEQFF	TRBV28*01	TRBJ2-1	1
CASSLVAGTYNEQFF	TRBV7-8*01	TRBJ2-1	1
CASSLVAHTQYF	TRBV5-1*01	TRBJ2-3	1
CASSLVALAGGYEQYF	TRBV7-6*01	TRBJ2-7	1
CASSLVANYGYTF	TRBV5-5*01	TRBJ1-2	1
CASSLVARGQETQYF	TRBV7-8*01	TRBJ2-5	1
CASSLVASGSTYEQYF	TRBV7-6*01	TRBJ2-7	1
CASSLVASTDTQYF	TRBV5-4*01	TRBJ2-3	1
CASSLVATGLSYEQYF	TRBV7-8*01	TRBJ2-7	1
CASSLVAVPRDTQYF	TRBV7-2*01	TRBJ2-3	1
CASSLVDIDGYTF	TRBV7-9*01	TRBJ1-2	1
CASSLVDISGNTIYF	TRBV28*01	TRBJ1-3	1
CASSLVDNTDTQYF	TRBV5-1*01	TRBJ2-3	1
CASSLVDRGPTYNEQFF	TRBV11-1*01	TRBJ2-1	1
CASSLVDSLGQETQYF	TRBV12-4*01	TRBJ2-5	1
CASSLVDSWDEQYF	TRBV7-9*01	TRBJ2-7	1
CASSLVDTEQYF	TRBV5-1*01	TRBJ2-7	1
CASSLVEAFF	TRBV11-2*01	TRBJ1-1	1
CASSLVEERGDTQYF	TRBV27*01	TRBJ2-3	1
CASSLVEGAYEQYF	TRBV12-4*01	TRBJ2-7	1
CASSLVEGGLAGSYNEQFF	TRBV7-6*01	TRBJ2-1	4
CASSLVEGTEAFF	TRBV5-4*01	TRBJ1-1	1
CASSLVENTEAFF	TRBV28*01	TRBJ1-1	1
CASSLVEPRLVSADEQFF	TRBV27*01	TRBJ2-1	1
CASSLVETDTQYF	TRBV27*01	TRBJ2-3	1
CASSLVFDNEQFF	TRBV7-3*01	TRBJ2-1	1
CASSLVFGDGYTF	TRBV5-1*01	TRBJ1-2	1
CASSLVFGQLNTEAFF	TRBV7-2*01	TRBJ1-1	1
CASSLVFRGQETQYF	TRBV7-8*01	TRBJ2-5	1
CASSLVFRHGGSYEQYF	TRBV7-8*01	TRBJ2-7	1
CASSLVFVYGGPFVDEQFF	TRBV5-6*01	TRBJ2-1	1
CASSLVGADAGEQFF	TRBV12-4*01	TRBJ2-1	1
CASSLVGAGGNTEAFF	TRBV7-9*01	TRBJ1-1	1
CASSLVGAGTEQFF	TRBV27*01	TRBJ2-1	1
CASSLVGATGEKLFF	TRBV3-1*01	TRBJ1-4	1
CASSLVGATYNEQFF	TRBV12-3*01	TRBJ2-1	1
CASSLVGDEQFF	TRBV7-9*01	TRBJ2-1	1
CASSLVGDQETQYF	TRBV5-4*01	TRBJ2-5	1
CASSLVGFSSYEQYF	TRBV28*01	TRBJ2-7	1
CASSLVGGAGYGYTF	TRBV11-2*01	TRBJ1-2	1
CASSLVGGAKNIQYF	TRBV27*01	TRBJ2-4	1
CASSLVGGAPDTQYF	TRBV5-4*01	TRBJ2-3	1
CASSLVGGDDEQYF	TRBV5-1*01	TRBJ2-7	1
CASSLVGGEHTGELFF	TRBV7-2*01	TRBJ2-2	1
CASSLVGGEQYF	TRBV12-4*01	TRBJ2-7	1
CASSLVGGFGFETQYF	TRBV11-2*01	TRBJ2-5	1
CASSLVGGKMNTEAFF	TRBV28*01	TRBJ1-1	1
CASSLVGGLGQPQHF	TRBV28*01	TRBJ1-5	1
CASSLVGGPDEQYF	TRBV5-1*01	TRBJ2-7	1
CASSLVGGQETQYF	TRBV5-4*01	TRBJ2-5	1
CASSLVGGQETQYF	TRBV7-9*01	TRBJ2-5	1
CASSLVGGQGVGGYTF	TRBV7-2*01	TRBJ1-2	1
CASSLVGGRVAKNIQYF	TRBV7-2*01	TRBJ2-4	1
CASSLVGGSDTEAFF	TRBV5-1*01	TRBJ1-1	1
CASSLVGGVIRETQYF	TRBV7-8*01	TRBJ2-5	1
CASSLVGGVNYGYTF	TRBV7-9*01	TRBJ1-2	1
CASSLVGGWDEQYF	TRBV7-2*01	TRBJ2-7	1
CASSLVGIEREGETQYF	TRBV11-2*01	TRBJ2-5	1
CASSLVGIGNTIYF	TRBV7-9*01	TRBJ1-3	2
CASSLVGIREIRGKLFF	TRBV5-1*01	TRBJ1-4	1
CASSLVGLDRVAEPLHF	TRBV7-2*01	TRBJ1-6	1
CASSLVGLERTDTQYF	TRBV13*01	TRBJ2-3	1
CASSLVGLGETQYF	TRBV7-9*01	TRBJ2-5	1
CASSLVGLPEAFF	TRBV28*01	TRBJ1-1	1
CASSLVGNQPQHF	TRBV7-9*01	TRBJ1-5	1
CASSLVGNTEAFF	TRBV5-1*01	TRBJ1-1	1
CASSLVGNWGNTEAFF	TRBV7-8*01	TRBJ1-1	1
CASSLVGPREQYF	TRBV27*01	TRBJ2-7	1
CASSLVGQAETQYF	TRBV5-6*01	TRBJ2-5	1
CASSLVGQGAYNEQFF	TRBV7-9*01	TRBJ2-1	1
CASSLVGQGFMNTEAFF	TRBV7-2*01	TRBJ1-1	1
CASSLVGQGGAFF	TRBV7-2*01	TRBJ1-1	1
CASSLVGQGGRKETQYF	TRBV27*01	TRBJ2-5	1
CASSLVGQGGTGELFF	TRBV5-1*01	TRBJ2-2	1
CASSLVGQGRDYGYTF	TRBV7-2*01	TRBJ1-2	1
CASSLVGQGSGQPQHF	TRBV7-2*01	TRBJ1-5	1
CASSLVGQGSYEQYF	TRBV7-9*01	TRBJ2-7	1
CASSLVGQNKPADTQYF	TRBV7-3*01	TRBJ2-3	1
CASSLVGQNYGYTF	TRBV5-4*01	TRBJ1-2	1
CASSLVGQTYEQYF	TRBV5-1*01	TRBJ2-7	1
CASSLVGRGGNQPQHF	TRBV7-9*01	TRBJ1-5	1
CASSLVGRGIPLSYNEQFF	TRBV7-8*01	TRBJ2-1	1
CASSLVGRRDEQYF	TRBV7-8*01	TRBJ2-7	1
CASSLVGRVLAGELFF	TRBV5-6*01	TRBJ2-2	1
CASSLVGSDYEQYF	TRBV27*01	TRBJ2-7	1
CASSLVGSGGGTDTQYF	TRBV5-6*01	TRBJ2-3	1
CASSLVGSGRANEQFF	TRBV13*01	TRBJ2-1	1
CASSLVGSYNEQFF	TRBV5-1*01	TRBJ2-1	1
CASSLVGTATYEQYF	TRBV13*01	TRBJ2-7	1
CASSLVGTAYGYTF	TRBV12-3*01	TRBJ1-2	1
CASSLVGTGAHNEQFF	TRBV5-1*01	TRBJ2-1	1
CASSLVGTGGVDEQYF	TRBV7-9*01	TRBJ2-7	1
CASSLVGTGHYGYTF	TRBV7-6*01	TRBJ1-2	1
CASSLVGTGIFNTEAFF	TRBV7-2*01	TRBJ1-1	1
CASSLVGTGLEEKLFF	TRBV7-2*01	TRBJ1-4	1
CASSLVGTGNNEQYF	TRBV27*01	TRBJ2-7	1
CASSLVGTGYEQYF	TRBV7-2*01	TRBJ2-7	1
CASSLVGTGYRFF	TRBV7-9*01	TRBJ2-1	1
CASSLVGTRSMNTEAFF	TRBV5-6*01	TRBJ1-1	1
CASSLVGTSATGELFF	TRBV7-9*01	TRBJ2-2	1
CASSLVGTTYEQYF	TRBV7-9*01	TRBJ2-7	1
CASSLVGVGGSGNTIYF	TRBV5-1*01	TRBJ1-3	1
CASSLVGVGYEQYF	TRBV11-2*01	TRBJ2-7	1
CASSLVGVKAGNTIYF	TRBV7-9*01	TRBJ1-3	1
CASSLVGVKDTQYF	TRBV5-5*01	TRBJ2-3	1
CASSLVGVNEKLFF	TRBV13*01	TRBJ1-4	1
CASSLVGVWDEQFF	TRBV7-9*01	TRBJ2-1	1
CASSLVGYEQYF	TRBV5-1*01	TRBJ2-7	1
CASSLVGYQETQYF	TRBV5-1*01	TRBJ2-5	1
CASSLVGYQETQYF	TRBV7-2*01	TRBJ2-5	1
CASSLVGYQPQHF	TRBV7-8*01	TRBJ1-5	1
CASSLVGYSVYEQYF	TRBV5-6*01	TRBJ2-7	1
CASSLVHRGHANTEAFF	TRBV5-1*01	TRBJ1-1	1
CASSLVHSLWGLSTEAFF	TRBV7-2*01	TRBJ1-1	1
CASSLVILAGNEQFF	TRBV7-2*01	TRBJ2-1	1
CASSLVIRDSNTGELFF	TRBV7-9*01	TRBJ2-2	1
CASSLVIRDYNSPLHF	TRBV5-6*01	TRBJ1-6	1
CASSLVLAGNRAQYF	TRBV7-2*01	TRBJ2-5	1
CASSLVLAGPYNEQFF	TRBV7-6*01	TRBJ2-1	1
CASSLVLAGVYEQYF	TRBV7-8*01	TRBJ2-7	1
CASSLVLASGDLTAKNIQYF	TRBV7-2*01	TRBJ2-4	1
CASSLVLDGVLSTDTQYF	TRBV7-6*01	TRBJ2-3	1
CASSLVLGNEQFF	TRBV7-6*01	TRBJ2-1	1
CASSLVLGQGARETQYF	TRBV7-2*01	TRBJ2-5	1
CASSLVLGQGHTDTQYF	TRBV12-3*01	TRBJ2-3	1
CASSLVLGQGYNEQFF	TRBV19*01	TRBJ2-1	2
CASSLVLGQVYEQYF	TRBV12-3*01	TRBJ2-7	1
CASSLVLIATGELFF	TRBV7-3*01	TRBJ2-2	1
CASSLVLIGQGYTEAFF	TRBV7-2*01	TRBJ1-1	1
CASSLVLRGTLRETQYF	TRBV12-4*01	TRBJ2-5	1
CASSLVLRSGHQPQHF	TRBV5-5*01	TRBJ1-5	1
CASSLVLVYGYTF	TRBV7-9*01	TRBJ1-2	1
CASSLVNIREMNTEAFF	TRBV5-6*01	TRBJ1-1	1
CASSLVNLRGIYGYTF	TRBV7-9*01	TRBJ1-2	1
CASSLVNRGRSTDTQYF	TRBV11-2*01	TRBJ2-3	1
CASSLVNTGELFF	TRBV6-5*01	TRBJ2-2	1
CASSLVPANEKLFF	TRBV4-3*01	TRBJ1-4	1
CASSLVPARGKAGYTF	TRBV27*01	TRBJ1-2	1
CASSLVPDSGNTIYF	TRBV11-2*01	TRBJ1-3	1
CASSLVPGPDTQYF	TRBV7-9*01	TRBJ2-3	1
CASSLVPGPQWETQYF	TRBV7-9*01	TRBJ2-5	1
CASSLVPGQEGQPQHF	TRBV7-9*01	TRBJ1-5	1
CASSLVPGQGANTEAFF	TRBV4-1*01	TRBJ1-1	1
CASSLVPGQGSLDTQYF	TRBV7-7*01	TRBJ2-3	1
CASSLVPGVRGTDTQYF	TRBV5-4*01	TRBJ2-3	1
CASSLVPLSYEQYF	TRBV27*01	TRBJ2-7	1
CASSLVPMMDGYTF	TRBV7-3*01	TRBJ1-2	1
CASSLVPPGTGGYEYEQYF	TRBV7-6*01	TRBJ2-7	1
CASSLVPRSYEQYF	TRBV27*01	TRBJ2-7	1
CASSLVPTGVVGYTF	TRBV11-2*01	TRBJ1-2	1
CASSLVQADNEQFF	TRBV5-1*01	TRBJ2-1	1
CASSLVQGAGVYRNTEAFF	TRBV7-2*01	TRBJ1-1	1
CASSLVQGAYEQYF	TRBV7-9*01	TRBJ2-7	1
CASSLVQGDYGYTF	TRBV5-4*01	TRBJ1-2	1
CASSLVQGGETQYF	TRBV5-5*01	TRBJ2-5	1
CASSLVQGGNQPQHF	TRBV28*01	TRBJ1-5	1
CASSLVQGLNTEAFF	TRBV7-9*01	TRBJ1-1	8
CASSLVQGYTF	TRBV7-8*01	TRBJ1-2	1
CASSLVQNYEQYF	TRBV7-8*01	TRBJ2-7	1
CASSLVQSGNTGELFF	TRBV11-2*01	TRBJ2-2	1
CASSLVQSNSPLHF	TRBV7-9*01	TRBJ1-6	1
CASSLVQVAAADTQYF	TRBV7-9*01	TRBJ2-3	1
CASSLVQVRVTDTQYF	TRBV11-2*01	TRBJ2-3	1
CASSLVRADRNEQFF	TRBV7-7*01	TRBJ2-1	1
CASSLVRAGSTDTQYF	TRBV7-2*01	TRBJ2-3	1
CASSLVRDANEKLFF	TRBV7-9*01	TRBJ1-4	1
CASSLVRDGEQYF	TRBV7-2*01	TRBJ2-7	1
CASSLVRDRAPDTQYF	TRBV5-5*01	TRBJ2-3	2
CASSLVRDRAYEQYF	TRBV7-8*01	TRBJ2-7	1
CASSLVREEPGNTIYF	TRBV7-2*01	TRBJ1-3	1
CASSLVREYGYTF	TRBV7-8*01	TRBJ1-2	1
CASSLVRGDYEQYF	TRBV4-1*01	TRBJ2-7	1
CASSLVRGGNQPQHF	TRBV5-5*01	TRBJ1-5	1
CASSLVRGGPREQFF	TRBV7-9*01	TRBJ2-1	1
CASSLVRGRFTGELFF	TRBV7-6*01	TRBJ2-2	1
CASSLVRLAGVYEQYF	TRBV7-2*01	TRBJ2-7	1
CASSLVRNQPQHF	TRBV27*01	TRBJ1-5	1
CASSLVRNTEAFF	TRBV5-1*01	TRBJ1-1	1
CASSLVRPRQEERPGTWEKLFF	TRBV7-2*01	TRBJ1-4	1
CASSLVRRRVTEAFF	TRBV7-2*01	TRBJ1-1	2
CASSLVRRSPSGNTIYF	TRBV12-3*01	TRBJ1-3	1
CASSLVRTGIYNEQFF	TRBV12-3*01	TRBJ2-1	1
CASSLVRTGSMNTEAFF	TRBV18*01	TRBJ1-1	1
CASSLVRTRNTGELFF	TRBV7-3*01	TRBJ2-2	1
CASSLVSAGADTGELFF	TRBV5-6*01	TRBJ2-2	1
CASSLVSDTQYF	TRBV3-1*01	TRBJ2-3	1
CASSLVSEREHEQYF	TRBV7-3*01	TRBJ2-7	1
CASSLVSETGELFF	TRBV27*01	TRBJ2-2	1
CASSLVSGGLADTQYF	TRBV5-4*01	TRBJ2-3	1
CASSLVSGLNEKLFF	TRBV5-1*01	TRBJ1-4	1
CASSLVSGPDGETQYF	TRBV7-8*01	TRBJ2-5	1
CASSLVSGSEEQYF	TRBV7-9*01	TRBJ2-7	1
CASSLVSGSIIQYF	TRBV5-1*01	TRBJ2-4	1
CASSLVSGTGWTGELFF	TRBV11-2*01	TRBJ2-2	1
CASSLVSIQSGAFF	TRBV5-1*01	TRBJ1-1	1
CASSLVSKETQYF	TRBV5-4*01	TRBJ2-5	1
CASSLVSLNYGYTF	TRBV5-7*01	TRBJ1-2	1
CASSLVSQGGIQPQHF	TRBV5-8*01	TRBJ1-5	1
CASSLVSRDGYTF	TRBV7-9*01	TRBJ1-2	1
CASSLVSSPPVFSLHF	TRBV7-2*01	TRBJ1-6	1
CASSLVSSRADTQYF	TRBV7-6*01	TRBJ2-3	1
CASSLVSSYEQYF	TRBV27*01	TRBJ2-7	1
CASSLVSSYEQYF	TRBV7-9*01	TRBJ2-7	1
CASSLVSTYEQYF	TRBV12-4*01	TRBJ2-7	1
CASSLVSYEQYF	TRBV5-1*01	TRBJ2-7	1
CASSLVSYEQYF	TRBV7-9*01	TRBJ2-7	1
CASSLVSYSYNSPLHF	TRBV27*01	TRBJ1-6	1
CASSLVTGEETQYF	TRBV7-9*01	TRBJ2-5	1
CASSLVTGEVEQYF	TRBV7-8*01	TRBJ2-7	1
CASSLVTGPGNTIYF	TRBV28*01	TRBJ1-3	1
CASSLVTGRDDEQFF	TRBV7-8*01	TRBJ2-1	1
CASSLVTSGEQETQYF	TRBV7-9*01	TRBJ2-5	1
CASSLVTSGIIEQFF	TRBV11-2*01	TRBJ2-1	1
CASSLVTSVHEQYF	TRBV7-2*01	TRBJ2-7	1
CASSLVTYEQYF	TRBV11-2*01	TRBJ2-7	1
CASSLVVAPRTDTQYF	TRBV13*01	TRBJ2-3	1
CASSLVVAPYNEQFF	TRBV11-3*01	TRBJ2-1	1
CASSLVVGGVREKLFF	TRBV7-2*01	TRBJ1-4	1
CASSLVVGKETQYF	TRBV12-4*01	TRBJ2-5	1
CASSLVVGNQPQHF	TRBV27*01	TRBJ1-5	1
CASSLVVGQGAYEQYF	TRBV7-9*01	TRBJ2-7	1
CASSLVVGQGVDTQYF	TRBV5-8*01	TRBJ2-3	1
CASSLVVRPTEAFF	TRBV5-6*01	TRBJ1-1	1
CASSLVVTEQFF	TRBV7-9*01	TRBJ2-1	1
CASSLVVTGIMNTEAFF	TRBV7-2*01	TRBJ1-1	1
CASSLVVTSGFNEQFF	TRBV7-7*01	TRBJ2-1	1
CASSLVVVEDEQFF	TRBV5-1*01	TRBJ2-1	1
CASSLVVYEQYF	TRBV7-9*01	TRBJ2-7	1
CASSLVVYNEQFF	TRBV7-6*01	TRBJ2-1	1
CASSLVWFGQGVGTAGYTF	TRBV5-1*01	TRBJ1-2	1
CASSLVWTAHAKNIQYF	TRBV5-1*01	TRBJ2-4	1
CASSLVYGGFTDTQYF	TRBV18*01	TRBJ2-3	1
CASSLVYGGNQETQYF	TRBV7-9*01	TRBJ2-5	1
CASSLVYREGMNTEAFF	TRBV5-1*01	TRBJ1-1	1
CASSLVYSGQYSYEQYF	TRBV11-2*01	TRBJ2-7	1
CASSLVYWSGATYNEQFF	TRBV11-2*01	TRBJ2-1	1
CASSLWADEAFF	TRBV7-9*01	TRBJ1-1	1
CASSLWAGDFSGANVLTF	TRBV27*01	TRBJ2-6	1
CASSLWAGGSYEQYF	TRBV27*01	TRBJ2-7	1
CASSLWAGREGYNEQFF	TRBV28*01	TRBJ2-1	1
CASSLWARKDRGLEGYTF	TRBV28*01	TRBJ1-2	1
CASSLWASAYNEQFF	TRBV13*01	TRBJ2-1	1
CASSLWASEAFF	TRBV5-6*01	TRBJ1-1	1
CASSLWASGSNEQFF	TRBV7-3*01	TRBJ2-1	1
CASSLWATGGHYEQYF	TRBV5-4*01	TRBJ2-7	1
CASSLWAYTEAFF	TRBV27*01	TRBJ1-1	1
CASSLWDGGIEAYSNQPQHF	TRBV7-3*01	TRBJ1-5	1
CASSLWDGNVAGGDNEQFF	TRBV7-3*01	TRBJ2-1	1
CASSLWDNTEAFF	TRBV27*01	TRBJ1-1	1
CASSLWDRGNTGELFF	TRBV11-2*01	TRBJ2-2	1
CASSLWDRGPYEQYF	TRBV5-6*01	TRBJ2-7	1
CASSLWDRGWTEAFF	TRBV11-1*01	TRBJ1-1	1
CASSLWDRSYEQYF	TRBV12-4*01	TRBJ2-7	1
CASSLWDSGNSPLHF	TRBV27*01	TRBJ1-6	1
CASSLWDSQETQYF	TRBV5-5*01	TRBJ2-5	1
CASSLWDYSYEQYF	TRBV5-1*01	TRBJ2-7	1
CASSLWFGLSAYEQYF	TRBV7-2*01	TRBJ2-7	1
CASSLWFSWLRRDGQETQYF	TRBV5-1*01	TRBJ2-5	1
CASSLWGAMYGYTF	TRBV5-4*01	TRBJ1-2	1
CASSLWGDRADTQYF	TRBV7-8*01	TRBJ2-3	1
CASSLWGEYNEQFF	TRBV7-9*01	TRBJ2-1	1
CASSLWGGADTQYF	TRBV5-1*01	TRBJ2-3	1
CASSLWGGAEPEAFF	TRBV11-2*01	TRBJ1-1	1
CASSLWGGGGIDEQFF	TRBV12-3*01	TRBJ2-1	1
CASSLWGGPDTQYF	TRBV6-3*01	TRBJ2-3	1
CASSLWGGVNNEQFF	TRBV27*01	TRBJ2-1	1
CASSLWGISPLHF	TRBV27*01	TRBJ1-6	1
CASSLWGLGDEQYF	TRBV5-4*01	TRBJ2-7	1
CASSLWGLYNEQFF	TRBV7-3*01	TRBJ2-1	1
CASSLWGPDSNNEQFF	TRBV27*01	TRBJ2-1	1
CASSLWGPGESHGYTF	TRBV11-2*01	TRBJ1-2	1
CASSLWGPSGRINNEQFF	TRBV28*01	TRBJ2-1	1
CASSLWGQAATNEKLFF	TRBV7-2*01	TRBJ1-4	1
CASSLWGQGAKGGEAFF	TRBV11-2*01	TRBJ1-1	1
CASSLWGQNSYEQYF	TRBV28*01	TRBJ2-7	1
CASSLWGRGRGLAGGPSDTQYF	TRBV28*01	TRBJ2-3	1
CASSLWGSGNTIYF	TRBV5-6*01	TRBJ1-3	1
CASSLWGSGRSHNEQFF	TRBV5-4*01	TRBJ2-1	1
CASSLWGSSGNTIYF	TRBV12-4*01	TRBJ1-3	1
CASSLWGTEAFF	TRBV5-8*01	TRBJ1-1	1
CASSLWGTGETQYF	TRBV27*01	TRBJ2-5	1
CASSLWGTGSGETQYF	TRBV27*01	TRBJ2-5	1
CASSLWGTNEKLFF	TRBV5-6*01	TRBJ1-4	1
CASSLWGYRGSYYGYTF	TRBV28*01	TRBJ1-2	1
CASSLWHGLHGSETQYF	TRBV5-1*01	TRBJ2-5	1
CASSLWHPGTGELFF	TRBV14*01	TRBJ2-2	1
CASSLWLAGSGANVLTF	TRBV7-2*01	TRBJ2-6	1
CASSLWMGSPPNTEAFF	TRBV13*01	TRBJ1-1	1
CASSLWQGAWEAANRTEAFF	TRBV7-6*01	TRBJ1-1	1
CASSLWQGNMYEQYF	TRBV27*01	TRBJ2-7	1
CASSLWQGPENEQFF	TRBV28*01	TRBJ2-1	1
CASSLWQGTGNEQFF	TRBV5-1*01	TRBJ2-1	1
CASSLWQMFSYEQYF	TRBV7-8*01	TRBJ2-7	1
CASSLWRALEQYF	TRBV28*01	TRBJ2-7	1
CASSLWRDKNIQYF	TRBV5-8*01	TRBJ2-4	1
CASSLWRDSNQPQHF	TRBV27*01	TRBJ1-5	1
CASSLWREAETQYF	TRBV28*01	TRBJ2-3	1
CASSLWRGSSYNSPLHF	TRBV5-1*01	TRBJ1-6	1
CASSLWRRGHDTGELFF	TRBV27*01	TRBJ2-2	1
CASSLWRVKSYEQYF	TRBV12-3*01	TRBJ2-7	1
CASSLWSDHSNQPQHF	TRBV7-8*01	TRBJ1-5	1
CASSLWSWRDTGELFF	TRBV12-4*01	TRBJ2-2	1
CASSLWTEILTQYF	TRBV28*01	TRBJ2-3	1
CASSLWTELRNQPQHF	TRBV28*01	TRBJ1-5	1
CASSLWTGDSPLHF	TRBV19*01	TRBJ1-6	1
CASSLWTGGETEAFF	TRBV9*01	TRBJ1-1	1
CASSLWTGNQYF	TRBV11-1*01	TRBJ2-7	1
CASSLWTGTGHTEAFF	TRBV13*01	TRBJ1-1	1
CASSLWTGYEQYF	TRBV7-6*01	TRBJ2-7	1
CASSLWTNNTEAFF	TRBV11-2*01	TRBJ1-1	1
CASSLWTSYGYTF	TRBV4-3*01	TRBJ1-2	1
CASSLWVGTEAFF	TRBV7-8*01	TRBJ1-1	1
CASSLWVLEQYF	TRBV28*01	TRBJ2-7	1
CASSLYAGGGYTF	TRBV19*01	TRBJ1-2	1
CASSLYAGGQPQHF	TRBV7-6*01	TRBJ1-5	1
CASSLYARPPTEAFF	TRBV7-2*01	TRBJ1-1	1
CASSLYDFDISYNEQFF	TRBV7-9*01	TRBJ2-1	1
CASSLYDRGQLETQYF	TRBV28*01	TRBJ2-5	1
CASSLYDWGNEQYF	TRBV7-6*01	TRBJ2-7	1
CASSLYEGANTEAFF	TRBV7-3*01	TRBJ1-1	1
CASSLYETDTQYF	TRBV27*01	TRBJ2-3	1
CASSLYETSGGTSYNEQFF	TRBV5-6*01	TRBJ2-1	1
CASSLYGAGELFF	TRBV5-1*01	TRBJ2-2	1
CASSLYGANVLTF	TRBV14*01	TRBJ2-6	1
CASSLYGAPTSTDTQYF	TRBV27*01	TRBJ2-3	1
CASSLYGDGNIQYF	TRBV7-8*01	TRBJ2-4	1
CASSLYGDSNQPQHF	TRBV27*01	TRBJ1-5	1
CASSLYGERQETQYF	TRBV7-3*01	TRBJ2-5	1
CASSLYGGADNEQFF	TRBV27*01	TRBJ2-1	1
CASSLYGGDEQYF	TRBV27*01	TRBJ2-7	1
CASSLYGGGGWEQYF	TRBV28*01	TRBJ2-7	1
CASSLYGGGRENLRTEAFF	TRBV7-8*01	TRBJ1-1	1
CASSLYGLGYEQYF	TRBV27*01	TRBJ2-7	1
CASSLYGNLGTGELFF	TRBV27*01	TRBJ2-2	3
CASSLYGNQPQHF	TRBV11-2*01	TRBJ1-5	1
CASSLYGPGNQPQHF	TRBV27*01	TRBJ1-5	1
CASSLYGPLNTEAFF	TRBV27*01	TRBJ1-1	1
CASSLYGREGRNTEAFF	TRBV11-2*01	TRBJ1-1	1
CASSLYGRNYGYTF	TRBV28*01	TRBJ1-2	1
CASSLYGSGTGELFF	TRBV27*01	TRBJ2-2	1
CASSLYGSTPENQETQYF	TRBV5-1*01	TRBJ2-5	1
CASSLYGTSGREETQYF	TRBV28*01	TRBJ2-5	1
CASSLYGTVESNYGYTF	TRBV5-1*01	TRBJ1-2	1
CASSLYGVADTQYF	TRBV5-1*01	TRBJ2-3	1
CASSLYGVDSGNTIYF	TRBV12-4*01	TRBJ1-3	1
CASSLYGVGDTQYF	TRBV12-4*01	TRBJ2-3	1
CASSLYGVLNQPQHF	TRBV12-4*01	TRBJ1-5	1
CASSLYKGSGSPYEQYF	TRBV5-1*01	TRBJ2-7	1
CASSLYKSSYNEQFF	TRBV28*01	TRBJ2-1	1
CASSLYLAGGPGEQYF	TRBV12-3*01	TRBJ2-7	1
CASSLYLAGNTGELFF	TRBV12-4*01	TRBJ2-2	1
CASSLYLGVGETQYF	TRBV28*01	TRBJ2-5	3
CASSLYLNTEAFF	TRBV27*01	TRBJ1-1	1
CASSLYNEQFF	TRBV4-1*01	TRBJ2-1	1
CASSLYPAMNTEAFF	TRBV27*01	TRBJ1-1	1
CASSLYPGANEQFF	TRBV5-5*01	TRBJ2-1	1
CASSLYPGDEAFF	TRBV27*01	TRBJ1-1	1
CASSLYPGGAANYGYTF	TRBV27*01	TRBJ1-2	1
CASSLYPGGLYEQYF	TRBV27*01	TRBJ2-7	1
CASSLYPGHTDTQYF	TRBV6-5*01	TRBJ2-3	1
CASSLYPGLAREVHDEQFF	TRBV27*01	TRBJ2-1	1
CASSLYPGTGNTGELFF	TRBV7-3*01	TRBJ2-2	1
CASSLYPLETTDTQYF	TRBV12-4*01	TRBJ2-3	1
CASSLYQDGVYGYTF	TRBV12-4*01	TRBJ1-2	1
CASSLYQGSNYGYTF	TRBV27*01	TRBJ1-2	1
CASSLYRAPSNTEAFF	TRBV27*01	TRBJ1-1	1
CASSLYRDSSYNEQFF	TRBV7-2*01	TRBJ2-1	1
CASSLYRGADTQYF	TRBV28*01	TRBJ2-3	1
CASSLYRGRETQYF	TRBV28*01	TRBJ2-5	1
CASSLYRTAEPPYGYTF	TRBV12-4*01	TRBJ1-2	1
CASSLYSATGELFF	TRBV28*01	TRBJ2-2	1647
CASSLYSGGAFSTDTQYF	TRBV27*01	TRBJ2-3	1
CASSLYSGNGQPQHF	TRBV27*01	TRBJ1-5	1
CASSLYSGYKAYEQYF	TRBV28*01	TRBJ2-7	1
CASSLYSLAENTGELFF	TRBV7-6*01	TRBJ2-2	1
CASSLYSYGMFNTEAFF	TRBV28*01	TRBJ1-1	1
CASSLYTDTQYF	TRBV2*01	TRBJ2-3	1
CASSLYTDTQYF	TRBV7-2*01	TRBJ2-3	1
CASSLYTGSYNSPLHF	TRBV7-9*01	TRBJ1-6	1
CASSLYTRNQPQHF	TRBV27*01	TRBJ1-5	1
CASSLYTSGPQTGELFF	TRBV7-2*01	TRBJ2-2	1
CASSLYVGADTQYF	TRBV5-8*01	TRBJ2-3	1
CASSLYVGTVSYEQYF	TRBV28*01	TRBJ2-7	1
CASSLYYQPQHF	TRBV28*01	TRBJ1-5	1
CASSLYYRAKETQYF	TRBV12-4*01	TRBJ2-5	1
CASSMAAISYEQYF	TRBV19*01	TRBJ2-7	1
CASSMADRGTEAFF	TRBV19*01	TRBJ1-1	1
CASSMALLGRELFF	TRBV7-2*01	TRBJ2-2	1
CASSMDGGNTGELFF	TRBV19*01	TRBJ2-2	1
CASSMDGRNTDTQYF	TRBV19*01	TRBJ2-3	1
CASSMDGYEQYF	TRBV19*01	TRBJ2-7	1
CASSMDLLIGNTEAFF	TRBV19*01	TRBJ1-1	1
CASSMDPSSGNTIYF	TRBV19*01	TRBJ1-3	1
CASSMDRFTNQPQHF	TRBV19*01	TRBJ1-5	1
CASSMDSTDTQYF	TRBV7-2*01	TRBJ2-3	1
CASSMEDTGDYGYTF	TRBV19*01	TRBJ1-2	1
CASSMGAYGYTF	TRBV19*01	TRBJ1-2	8
CASSMGGGAYEQYF	TRBV6-6*01	TRBJ2-7	1
CASSMGGSTYEQYF	TRBV19*01	TRBJ2-7	1
CASSMGGVATDTQYF	TRBV19*01	TRBJ2-3	1
CASSMGLADNEQFF	TRBV9*01	TRBJ2-1	1
CASSMGLAGAETQYF	TRBV14*01	TRBJ2-5	1
CASSMGLAGGPLDEQYF	TRBV19*01	TRBJ2-7	1
CASSMGLAGVSEQYF	TRBV19*01	TRBJ2-7	1
CASSMGLAPTYEQYF	TRBV19*01	TRBJ2-7	1
CASSMGLASDTQYF	TRBV9*01	TRBJ2-3	1
CASSMGPSYEQYF	TRBV19*01	TRBJ2-7	1
CASSMGQATYEQYF	TRBV19*01	TRBJ2-7	1
CASSMGQESSYEQYF	TRBV9*01	TRBJ2-7	1
CASSMGQGASAGANVLTF	TRBV6-5*01	TRBJ2-6	1
CASSMGQGGYNEQFF	TRBV19*01	TRBJ2-1	1
CASSMGQGILYGYTF	TRBV5-6*01	TRBJ1-2	1
CASSMGQGPDTQYF	TRBV27*01	TRBJ2-3	1
CASSMGQGSYNEQFF	TRBV19*01	TRBJ2-1	1
CASSMGQGTLRNQPQHF	TRBV19*01	TRBJ1-5	1
CASSMGQNYEQYF	TRBV19*01	TRBJ2-7	1
CASSMGRLAFDEQYF	TRBV19*01	TRBJ2-7	1
CASSMGSYGYTF	TRBV19*01	TRBJ1-2	6
CASSMGTATNEKLFF	TRBV19*01	TRBJ1-4	1
CASSMGTGGNQPQHF	TRBV19*01	TRBJ1-5	1
CASSMGVYGYTF	TRBV19*01	TRBJ1-2	2
CASSMGWTGVVYEQYF	TRBV19*01	TRBJ2-7	1
CASSMILLEGSTDTQYF	TRBV19*01	TRBJ2-3	1
CASSMIQGETQYF	TRBV6-5*01	TRBJ2-5	1
CASSMKQGIFYEQYF	TRBV5-1*01	TRBJ2-7	1
CASSMLASGWYNEQFF	TRBV19*01	TRBJ2-1	1
CASSMLGTGELFF	TRBV9*01	TRBJ2-2	1
CASSMNAGSQYGYTF	TRBV19*01	TRBJ1-2	1
CASSMNGVAGSPSYEQYF	TRBV4-3*01	TRBJ2-7	1
CASSMNPDRIQETQYF	TRBV19*01	TRBJ2-5	1
CASSMPGLVFPGELFF	TRBV19*01	TRBJ2-2	1
CASSMPRDSFYGYTF	TRBV19*01	TRBJ1-2	1
CASSMPSGGSVSQETQYF	TRBV19*01	TRBJ2-5	1
CASSMRASVEQFF	TRBV19*01	TRBJ2-1	3
CASSMRASVEQYF	TRBV19*01	TRBJ2-7	2
CASSMRASYEQYF	TRBV19*01	TRBJ2-7	3
CASSMRDAHQPYSGNTIYF	TRBV28*01	TRBJ1-3	1
CASSMREPEYGLEQYF	TRBV7-8*01	TRBJ2-7	1
CASSMRGELLSNQPQHF	TRBV19*01	TRBJ1-5	1
CASSMRIFPQPQHF	TRBV19*01	TRBJ1-5	1
CASSMRSAYEQYF	TRBV19*01	TRBJ2-7	2
CASSMRSGANVLTF	TRBV19*01	TRBJ2-6	2
CASSMRSGSEQFF	TRBV19*01	TRBJ2-1	8
CASSMRSSYEQYF	TRBV19*01	TRBJ2-7	2
CASSMRSTGELFF	TRBV19*01	TRBJ2-2	2
CASSMRSTNEQFF	TRBV19*01	TRBJ2-1	12
CASSMSFGSWTEAFF	TRBV19*01	TRBJ1-1	1
CASSMSFLAGMSTDTQYF	TRBV19*01	TRBJ2-3	1
CASSMSGLAGNEQFF	TRBV19*01	TRBJ2-1	1
CASSMSGTSGSYEQYF	TRBV19*01	TRBJ2-7	1
CASSMSSLTGGNQPQHF	TRBV19*01	TRBJ1-5	1
CASSMTGAGNTIYF	TRBV5-1*01	TRBJ1-3	1
CASSMTGGAWNTEAFF	TRBV7-9*01	TRBJ1-1	1
CASSMTGGFTEAFF	TRBV27*01	TRBJ1-1	1
CASSMTLAGANYGYTF	TRBV19*01	TRBJ1-2	1
CASSMTQGVETQYF	TRBV19*01	TRBJ2-5	1
CASSMTSGNTGELFF	TRBV6-5*01	TRBJ2-2	1
CASSMTSVSYEQYF	TRBV12-3*01	TRBJ2-7	1
CASSMTVSSEAFF	TRBV19*01	TRBJ1-1	1
CASSMVGGRGYTF	TRBV27*01	TRBJ1-2	1
CASSMVSGNTEAFF	TRBV19*01	TRBJ1-1	1
CASSMVSQGEQFF	TRBV19*01	TRBJ2-1	2
CASSMVTPNEQFF	TRBV19*01	TRBJ2-1	1
CASSMVWNSQETQYF	TRBV19*01	TRBJ2-5	1
CASSMVWSELAYEQYF	TRBV19*01	TRBJ2-7	1
CASSMWGRQLNTEAFF	TRBV5-5*01	TRBJ1-1	8
CASSMWRGDGANVLTF	TRBV19*01	TRBJ2-6	1
CASSMWTGGDGYTF	TRBV19*01	TRBJ1-2	1
CASSMWTSASYEQYF	TRBV19*01	TRBJ2-7	1
CASSNDGSGIIYGF	TRBV18*01	TRBJ1-2	1
CASSNEGAQDEKLFF	TRBV21-1*01	TRBJ1-4	1
CASSNEGSGSAGELFF	TRBV28*01	TRBJ2-2	1
CASSNGAMNTEAFF	TRBV13*01	TRBJ1-1	1
CASSNGLGRETQYF	TRBV27*01	TRBJ2-5	1
CASSNGSSLDAYNEQFF	TRBV7-7*01	TRBJ2-1	1
CASSNGTGGVYEQYF	TRBV7-9*01	TRBJ2-7	1
CASSNHLWGRNEQYF	TRBV6-3*01	TRBJ2-7	1
CASSNHQTAFTEAFF	TRBV7-9*01	TRBJ1-1	1
CASSNIAGATDTQYF	TRBV27*01	TRBJ2-3	1
CASSNILAQETQYF	TRBV7-9*01	TRBJ2-5	1
CASSNKNRGSYEQYF	TRBV28*01	TRBJ2-7	1
CASSNKVADTQYF	TRBV28*01	TRBJ2-3	1
CASSNKWGRYEQYF	TRBV12-4*01	TRBJ2-7	1
CASSNLASRPSGDNEQFF	TRBV11-2*01	TRBJ2-1	1
CASSNLGAPDTQYF	TRBV7-3*01	TRBJ2-3	1
CASSNLIYGYTF	TRBV3-1*01	TRBJ1-2	1
CASSNLNRENTIYF	TRBV19*01	TRBJ1-3	1
CASSNLRQGAETQYF	TRBV21-1*01	TRBJ2-5	1
CASSNLRTAEKAFF	TRBV6-3*01	TRBJ1-1	1
CASSNLRVDSRTGIGYEQYF	TRBV13*01	TRBJ2-7	1
CASSNNRVYTGELFF	TRBV19*01	TRBJ2-2	1
CASSNPAEISNEQFF	TRBV7-2*01	TRBJ2-1	1
CASSNPDRGDYEQYF	TRBV7-9*01	TRBJ2-7	1
CASSNPEDQETQYF	TRBV7-2*01	TRBJ2-5	1
CASSNPGGASALHF	TRBV27*01	TRBJ1-6	1
CASSNPGLAGGLAYNEQFF	TRBV6-6*01	TRBJ2-1	1
CASSNPLAGGTYEQYF	TRBV27*01	TRBJ2-7	1
CASSNPLEGIDEQFF	TRBV6-6*01	TRBJ2-1	1
CASSNPPGWGTGELFF	TRBV6-3*01	TRBJ2-2	1
CASSNPRLAGASEQYF	TRBV28*01	TRBJ2-7	1
CASSNPRLDATGELFF	TRBV6-3*01	TRBJ2-2	81
CASSNPRSEGQETQYF	TRBV28*01	TRBJ2-5	1
CASSNPTATDTQYF	TRBV6-5*01	TRBJ2-3	1
CASSNPTGIYEQYF	TRBV5-1*01	TRBJ2-7	1
CASSNQESGNTIYF	TRBV2*01	TRBJ1-3	1
CASSNQETQYF	TRBV27*01	TRBJ2-5	1
CASSNRDKPYEQYF	TRBV5-1*01	TRBJ2-7	1
CASSNRDRVYSPLHF	TRBV5-6*01	TRBJ1-6	1
CASSNREEYEQYF	TRBV7-9*01	TRBJ2-7	1
CASSNRGHGEKLFF	TRBV5-5*01	TRBJ1-4	1
CASSNRGPLDEQYF	TRBV5-1*01	TRBJ2-7	1
CASSNRGWGDTQYF	TRBV6-1*01	TRBJ2-3	72
CASSNRTGPEYEQYF	TRBV7-9*01	TRBJ2-7	1
CASSNSEQVVWTNTEAFF	TRBV2*01	TRBJ1-1	1
CASSNSGASYEQYF	TRBV4-1*01	TRBJ2-7	1
CASSNSRGGTGELFF	TRBV28*01	TRBJ2-2	1
CASSNTEETQYF	TRBV7-9*01	TRBJ2-5	1
CASSNTGPQFF	TRBV27*01	TRBJ2-1	1
CASSNTGRREQYF	TRBV6-5*01	TRBJ2-7	1
CASSNTGSSGYTF	TRBV4-3*01	TRBJ1-2	1
CASSNTGTGVSRISYEQYF	TRBV7-9*01	TRBJ2-7	1
CASSNTLNTEAFF	TRBV14*01	TRBJ1-1	1
CASSNTPGQPFGNTIYF	TRBV7-6*01	TRBJ1-3	1
CASSNTRQGDEQFF	TRBV27*01	TRBJ2-1	1
CASSNTYEQYF	TRBV12-3*01	TRBJ2-7	1
CASSNVGSVMNTEAFF	TRBV7-6*01	TRBJ1-1	1
CASSNWGQADGYTF	TRBV9*01	TRBJ1-2	1
CASSNYEQYF	TRBV28*01	TRBJ2-7	1
CASSPAAGLGTEAFF	TRBV28*01	TRBJ1-1	1
CASSPADRGSYEQYF	TRBV18*01	TRBJ2-7	1
CASSPADRRDDTQYF	TRBV18*01	TRBJ2-3	1
CASSPADTGELFF	TRBV9*01	TRBJ2-2	1
CASSPADTLLDTQYF	TRBV18*01	TRBJ2-3	1
CASSPAEAGVNTGELFF	TRBV7-9*01	TRBJ2-2	1
CASSPAEGWNQPQHF	TRBV11-2*01	TRBJ1-5	1
CASSPAGASDGYTF	TRBV4-1*01	TRBJ1-2	1
CASSPAGDDYGYTF	TRBV19*01	TRBJ1-2	1
CASSPAGDTEAFF	TRBV6-5*01	TRBJ1-1	1
CASSPAGEGREQYF	TRBV18*01	TRBJ2-7	1
CASSPAGELFF	TRBV28*01	TRBJ2-2	1
CASSPAGETYNEQFF	TRBV6-5*01	TRBJ2-1	1
CASSPAGGRDEQFF	TRBV28*01	TRBJ2-1	1
CASSPAGGSGNEQFF	TRBV7-2*01	TRBJ2-1	1
CASSPAGLAGYEQYF	TRBV12-4*01	TRBJ2-7	1
CASSPAGNGDNEQFF	TRBV11-2*01	TRBJ2-1	1
CASSPAGNKGPEAFF	TRBV13*01	TRBJ1-1	1
CASSPAGPLPGEQYF	TRBV3-1*01	TRBJ2-7	1
CASSPAGQGILGNEQFF	TRBV10-2*01	TRBJ2-1	1
CASSPAGQGYEQYF	TRBV27*01	TRBJ2-7	1
CASSPAGQSTDTQYF	TRBV18*01	TRBJ2-3	1
CASSPAGRDYNEQFF	TRBV7-6*01	TRBJ2-1	1
CASSPAGSGQPQHF	TRBV27*01	TRBJ1-5	1
CASSPAGSSYEQYF	TRBV9*01	TRBJ2-7	1
CASSPAGSSYNSPLHF	TRBV27*01	TRBJ1-6	1
CASSPAGTLNYGYTF	TRBV12-3*01	TRBJ1-2	1
CASSPAHSGRINYNEQFF	TRBV19*01	TRBJ2-1	1
CASSPAIAAAHGTQYF	TRBV6-6*01	TRBJ2-5	1
CASSPALEGFYEQYF	TRBV9*01	TRBJ2-7	1
CASSPALGKNTEAFF	TRBV14*01	TRBJ1-1	1
CASSPALGSTEAFF	TRBV7-9*01	TRBJ1-1	1
CASSPALLVEEIYVEQFF	TRBV5-4*01	TRBJ2-1	1
CASSPALQPYEQYF	TRBV5-4*01	TRBJ2-7	1
CASSPANGIQYF	TRBV6-1*01	TRBJ2-4	1
CASSPAPALDTQYF	TRBV5-6*01	TRBJ2-3	1
CASSPAPGSLNTEAFF	TRBV4-3*01	TRBJ1-1	1
CASSPAQGFYNEQFF	TRBV7-3*01	TRBJ2-1	1
CASSPAQLGFWFRPNYGYTF	TRBV18*01	TRBJ1-2	1
CASSPARGGETQYF	TRBV12-4*01	TRBJ2-5	1
CASSPARGRVEQYF	TRBV27*01	TRBJ2-7	1
CASSPARRDSYEQYF	TRBV7-2*01	TRBJ2-7	1
CASSPARSYEQYF	TRBV6-1*01	TRBJ2-7	1
CASSPARVSDGYTF	TRBV12-3*01	TRBJ1-2	1
CASSPASGIGHEQYF	TRBV12-3*01	TRBJ2-7	1
CASSPASGNEQYF	TRBV27*01	TRBJ2-7	1
CASSPASPTGHYNSPLHF	TRBV12-3*01	TRBJ1-6	1
CASSPASTSSYNEQFF	TRBV4-1*01	TRBJ2-1	1
CASSPATGELFF	TRBV7-2*01	TRBJ2-2	1
CASSPATGGHQPQHF	TRBV6-5*01	TRBJ1-5	1
CASSPAVGFLTDTQYF	TRBV13*01	TRBJ2-3	1
CASSPAVSTDTQYF	TRBV7-3*01	TRBJ2-3	1
CASSPAWLEHRYF	TRBV6-3*01	TRBJ2-7	2
CASSPAYGVSTDTQYF	TRBV13*01	TRBJ2-3	1
CASSPCQYTQYF	TRBV7-2*01	TRBJ2-3	1
CASSPDAGDPRGQNYGYTF	TRBV5-5*01	TRBJ1-2	1
CASSPDAGGPNEQFF	TRBV3-1*01	TRBJ2-1	1
CASSPDDRHRTGEQYF	TRBV6-3*01	TRBJ2-7	1
CASSPDDTGLGQETQYF	TRBV6-5*01	TRBJ2-5	1
CASSPDESYEQYF	TRBV6-5*01	TRBJ2-7	1
CASSPDGDYGYTF	TRBV5-5*01	TRBJ1-2	1
CASSPDGEKLFF	TRBV7-9*01	TRBJ1-4	1
CASSPDGTGTFYQETQYF	TRBV18*01	TRBJ2-5	1
CASSPDIAGVPKNIQYF	TRBV7-4*01	TRBJ2-4	1
CASSPDKNTEAFF	TRBV7-9*01	TRBJ1-1	1
CASSPDLDTQYF	TRBV4-1*01	TRBJ2-3	1
CASSPDLGTGGYEQYF	TRBV18*01	TRBJ2-7	1
CASSPDLPSYQETQYF	TRBV14*01	TRBJ2-5	1
CASSPDLQGNYGYTF	TRBV18*01	TRBJ1-2	1
CASSPDLRGPNEQFF	TRBV18*01	TRBJ2-1	1
CASSPDLVHEQFF	TRBV3-1*01	TRBJ2-1	1
CASSPDMYEQYF	TRBV7-2*01	TRBJ2-7	1
CASSPDPGPYNEQFF	TRBV19*01	TRBJ2-1	1
CASSPDPTSGRGNEQFF	TRBV13*01	TRBJ2-1	1
CASSPDPYEQYF	TRBV3-1*01	TRBJ2-7	1
CASSPDQETSYTDTQYF	TRBV9*01	TRBJ2-3	1
CASSPDRAGMNTEAFF	TRBV5-1*01	TRBJ1-1	1
CASSPDRAGYNEQFF	TRBV6-6*01	TRBJ2-1	1
CASSPDRDRVYGYTF	TRBV9*01	TRBJ1-2	1
CASSPDREGAYEQYF	TRBV9*01	TRBJ2-7	1
CASSPDREGRGETQYF	TRBV7-9*01	TRBJ2-5	1
CASSPDRELPEAFF	TRBV27*01	TRBJ1-1	1
CASSPDRETQYF	TRBV7-2*01	TRBJ2-5	1
CASSPDRGAFSPLHF	TRBV7-9*01	TRBJ1-6	1
CASSPDRGDEQYF	TRBV7-7*01	TRBJ2-7	1
CASSPDRGIKTEAFF	TRBV7-9*01	TRBJ1-1	1
CASSPDRGLAGELFF	TRBV5-1*01	TRBJ2-2	1
CASSPDRGLDEQYF	TRBV3-1*01	TRBJ2-7	3
CASSPDRGLHTGELFF	TRBV3-1*01	TRBJ2-2	1
CASSPDRGNTGELFF	TRBV4-3*01	TRBJ2-2	1
CASSPDRGQTEAFF	TRBV6-6*01	TRBJ1-1	1
CASSPDRGSYEQYF	TRBV28*01	TRBJ2-7	1
CASSPDRGWDTEAFF	TRBV28*01	TRBJ1-1	1
CASSPDRGWGNEQFF	TRBV3-1*01	TRBJ2-1	1
CASSPDRISYNEQFF	TRBV27*01	TRBJ2-1	1
CASSPDRLGNSNQPQHF	TRBV5-1*01	TRBJ1-5	1
CASSPDRLNEKLFF	TRBV28*01	TRBJ1-4	1
CASSPDRLNQPQHF	TRBV12-4*01	TRBJ1-5	1
CASSPDRSSYNEQFF	TRBV7-3*01	TRBJ2-1	1
CASSPDRVGTEAFF	TRBV6-6*01	TRBJ1-1	1
CASSPDSDPNYGYTF	TRBV14*01	TRBJ1-2	1
CASSPDSGGLQETQYF	TRBV11-2*01	TRBJ2-5	1
CASSPDSGIGGNYGYTF	TRBV6-6*01	TRBJ1-2	1
CASSPDSGNEQFF	TRBV27*01	TRBJ2-1	1
CASSPDSGPIFGEQFF	TRBV11-2*01	TRBJ2-1	1
CASSPDSLAVNTGELFF	TRBV6-3*01	TRBJ2-2	1
CASSPDSNYGYTF	TRBV18*01	TRBJ1-2	1
CASSPDSSGANVLTF	TRBV6-5*01	TRBJ2-6	2
CASSPDSSLAGSQQFF	TRBV6-4*01	TRBJ2-1	1
CASSPDSTGVGEAFF	TRBV6-1*01	TRBJ1-1	1
CASSPDSTSYEQYF	TRBV5-6*01	TRBJ2-7	1
CASSPDSWEGGYTF	TRBV9*01	TRBJ1-2	1
CASSPDSYEQYF	TRBV18*01	TRBJ2-7	1
CASSPDSYGEKLFF	TRBV7-9*01	TRBJ1-4	1
CASSPDSYSNQPQHF	TRBV7-8*01	TRBJ1-5	3
CASSPDTDTQYF	TRBV13*01	TRBJ2-3	1
CASSPDTGELFF	TRBV6-3*01	TRBJ2-2	1
CASSPDTGNTEAFF	TRBV5-1*01	TRBJ1-1	1
CASSPDTREAFF	TRBV7-9*01	TRBJ1-1	1
CASSPDVTGELFF	TRBV9*01	TRBJ2-2	1
CASSPDWEVAEAFF	TRBV14*01	TRBJ1-1	1
CASSPDYNEQFF	TRBV5-1*01	TRBJ2-1	1
CASSPDYTGELFF	TRBV5-1*01	TRBJ2-2	1
CASSPEALNTGELFF	TRBV7-6*01	TRBJ2-2	1
CASSPEAWQGAVGTEAFF	TRBV12-4*01	TRBJ1-1	1
CASSPEDRVGDNTEAFF	TRBV11-1*01	TRBJ1-1	1
CASSPEDRVTNEKLFF	TRBV7-9*01	TRBJ1-4	1
CASSPEDSNSYEQYF	TRBV5-6*01	TRBJ2-7	1
CASSPEERGSYEQYF	TRBV9*01	TRBJ2-7	1
CASSPEFSRGGLGEQYF	TRBV28*01	TRBJ2-7	1
CASSPEGALTNYGYTF	TRBV3-1*01	TRBJ1-2	1
CASSPEGANEQFF	TRBV6-3*01	TRBJ2-1	1
CASSPEGAYEQYF	TRBV13*01	TRBJ2-7	1
CASSPEGAYSNQPQHF	TRBV12-4*01	TRBJ1-5	1
CASSPEGDEQFF	TRBV7-9*01	TRBJ2-1	1
CASSPEGDEQYF	TRBV18*01	TRBJ2-7	1
CASSPEGGASGYTF	TRBV7-3*01	TRBJ1-2	1
CASSPEGGFASSSYNEQFF	TRBV5-1*01	TRBJ2-1	1
CASSPEGGNEKLFF	TRBV4-1*01	TRBJ1-4	1
CASSPEGGPLQETQYF	TRBV7-9*01	TRBJ2-5	1
CASSPEGGYEQYF	TRBV5-1*01	TRBJ2-7	1
CASSPEGLAAYNEQFF	TRBV6-3*01	TRBJ2-1	1
CASSPEGLAGGNEQFF	TRBV19*01	TRBJ2-1	1
CASSPEGLAGGPGGELFF	TRBV11-3*01	TRBJ2-2	1
CASSPEGMYEQYF	TRBV3-1*01	TRBJ2-7	1
CASSPEGPRANYGYTF	TRBV2*01	TRBJ1-2	1
CASSPEGQPNTEAFF	TRBV27*01	TRBJ1-1	1
CASSPEGRPEQFF	TRBV11-1*01	TRBJ2-1	1
CASSPEGRPGDTQYF	TRBV9*01	TRBJ2-3	1
CASSPEGSGKFADTQYF	TRBV4-3*01	TRBJ2-3	1
CASSPEGSVYGYTF	TRBV28*01	TRBJ1-2	1
CASSPEGTYNEQFF	TRBV9*01	TRBJ2-1	1
CASSPEGVGYNEQFF	TRBV5-1*01	TRBJ2-1	1
CASSPEGYGGANYEQYF	TRBV3-1*01	TRBJ2-7	1
CASSPEIETMNTEAFF	TRBV7-2*01	TRBJ1-1	1
CASSPEIKRVNNEQFF	TRBV28*01	TRBJ2-1	1
CASSPEKGTPGYEQYF	TRBV5-1*01	TRBJ2-7	1
CASSPELFDRNYGYTF	TRBV11-2*01	TRBJ1-2	1
CASSPELLLYGYTF	TRBV5-4*01	TRBJ1-2	1
CASSPELQGMNTEAFF	TRBV18*01	TRBJ1-1	1
CASSPENQGELFF	TRBV6-4*01	TRBJ2-2	2
CASSPENSPLHF	TRBV6-5*01	TRBJ1-6	1
CASSPEPSTGGTEAFF	TRBV9*01	TRBJ1-1	1
CASSPEQFF	TRBV12-4*01	TRBJ2-1	1
CASSPERAPGQGYNEQFF	TRBV18*01	TRBJ2-1	1
CASSPERDPHEQYF	TRBV5-6*01	TRBJ2-7	1
CASSPEREGSEETQYF	TRBV6-3*01	TRBJ2-5	1
CASSPERGGRTDTQYF	TRBV7-2*01	TRBJ2-3	1
CASSPERGNEQYF	TRBV7-9*01	TRBJ2-7	1
CASSPERGSGGTGELFF	TRBV10-2*01	TRBJ2-2	1
CASSPESGNTIYF	TRBV12-4*01	TRBJ1-3	1
CASSPESVLIRRNTGELFF	TRBV7-6*01	TRBJ2-2	1
CASSPETGAYGYTF	TRBV18*01	TRBJ1-2	1
CASSPETGLADNEQFF	TRBV4-1*01	TRBJ2-1	1
CASSPETGRGLAFF	TRBV7-9*01	TRBJ1-1	1
CASSPETGRGSPLHF	TRBV28*01	TRBJ1-6	1
CASSPETRGFGEQFF	TRBV6-5*01	TRBJ2-1	1
CASSPETSTDTQYF	TRBV28*01	TRBJ2-3	1
CASSPEVGGLVNLPQETQYF	TRBV3-1*01	TRBJ2-5	1
CASSPEWEQDEQFF	TRBV9*01	TRBJ2-1	1
CASSPEWVVTDTQYF	TRBV7-2*01	TRBJ2-3	1
CASSPFAGGPADTQYF	TRBV11-2*01	TRBJ2-3	1
CASSPFEGLSGDEQFF	TRBV4-1*01	TRBJ2-1	1
CASSPFFRNSASTDTQYF	TRBV6-6*01	TRBJ2-3	1
CASSPFGASTDTQYF	TRBV9*01	TRBJ2-3	1
CASSPFGRLPYEQYF	TRBV18*01	TRBJ2-7	1
CASSPFGSDEQFF	TRBV19*01	TRBJ2-1	1
CASSPFNRDGEQFF	TRBV7-3*01	TRBJ2-1	1
CASSPFPQGMNTEAFF	TRBV11-2*01	TRBJ1-1	1
CASSPFPRQGGDTQYF	TRBV28*01	TRBJ2-3	1
CASSPFPSTDTQYF	TRBV2*01	TRBJ2-3	1
CASSPFRVSNQPQHF	TRBV5-8*01	TRBJ1-5	1
CASSPFTVSHMLGDEQYF	TRBV12-3*01	TRBJ2-7	1
CASSPFVTATFNYGYTF	TRBV4-1*01	TRBJ1-2	1
CASSPFWENSVDEQFF	TRBV5-8*01	TRBJ2-1	1
CASSPFWGANEQFF	TRBV27*01	TRBJ2-1	1
CASSPFYSGNTIYF	TRBV9*01	TRBJ1-3	1
CASSPGAGDNYGYTF	TRBV4-3*01	TRBJ1-2	1
CASSPGAGGPTDTQYF	TRBV18*01	TRBJ2-3	1
CASSPGAGGVETQYF	TRBV27*01	TRBJ2-5	1
CASSPGAGSYEQYF	TRBV14*01	TRBJ2-7	1
CASSPGANVLTF	TRBV7-9*01	TRBJ2-6	1
CASSPGAPRSGANVLTF	TRBV18*01	TRBJ2-6	1
CASSPGARGLVKNIQYF	TRBV27*01	TRBJ2-4	1
CASSPGARGSYEQYF	TRBV18*01	TRBJ2-7	1
CASSPGASGAITGELFF	TRBV5-1*01	TRBJ2-2	1
CASSPGASYEQYF	TRBV12-3*01	TRBJ2-7	1
CASSPGATGELFF	TRBV25-1*01	TRBJ2-2	1
CASSPGATSSYEQYF	TRBV13*01	TRBJ2-7	1
CASSPGDFQETQYF	TRBV5-4*01	TRBJ2-5	1
CASSPGDIQYF	TRBV4-1*01	TRBJ2-4	1
CASSPGDLQETQYF	TRBV18*01	TRBJ2-5	1
CASSPGDNQPQHF	TRBV6-3*01	TRBJ1-5	1
CASSPGDPSGELFF	TRBV5-4*01	TRBJ2-2	1
CASSPGDPSTDTQYF	TRBV11-1*01	TRBJ2-3	1
CASSPGDRGTEAFF	TRBV12-4*01	TRBJ1-1	1
CASSPGDRGYEQYF	TRBV4-3*01	TRBJ2-7	1
CASSPGDRRSYEQYF	TRBV19*01	TRBJ2-7	1
CASSPGDSYNEQFF	TRBV5-1*01	TRBJ2-1	1
CASSPGDTANTEAFF	TRBV5-6*01	TRBJ1-1	1
CASSPGDTQYF	TRBV18*01	TRBJ2-3	1
CASSPGDTQYF	TRBV3-1*01	TRBJ2-3	1
CASSPGDTQYF	TRBV6-5*01	TRBJ2-3	5
CASSPGDYGYTF	TRBV12-4*01	TRBJ1-2	1
CASSPGEGAFWEQYF	TRBV6-5*01	TRBJ2-7	1
CASSPGEGENYGYTF	TRBV4-3*01	TRBJ1-2	1
CASSPGEGLKTEAFF	TRBV4-3*01	TRBJ1-1	1
CASSPGEGLYEQYF	TRBV4-3*01	TRBJ2-7	1
CASSPGEGTGELFF	TRBV5-1*01	TRBJ2-2	1
CASSPGEKLFF	TRBV25-1*01	TRBJ1-4	1
CASSPGEKLFF	TRBV28*01	TRBJ1-4	1
CASSPGEQSPGYTF	TRBV4-3*01	TRBJ1-2	1
CASSPGESQPQHF	TRBV18*01	TRBJ1-5	1
CASSPGGAAEQYF	TRBV9*01	TRBJ2-7	1
CASSPGGAGADTQYF	TRBV7-9*01	TRBJ2-3	1
CASSPGGATEAFF	TRBV7-3*01	TRBJ1-1	1
CASSPGGAYYEQYF	TRBV27*01	TRBJ2-7	1
CASSPGGDEQFF	TRBV7-6*01	TRBJ2-1	1
CASSPGGDTSETQYF	TRBV6-5*01	TRBJ2-5	1
CASSPGGESEKLFF	TRBV12-4*01	TRBJ1-4	1
CASSPGGETQYF	TRBV6-5*01	TRBJ2-5	1
CASSPGGFNQPQHF	TRBV3-1*01	TRBJ1-5	1
CASSPGGGASYEQYF	TRBV9*01	TRBJ2-7	1
CASSPGGGAWDTQYF	TRBV7-2*01	TRBJ2-3	1
CASSPGGGGETQYF	TRBV9*01	TRBJ2-5	1
CASSPGGGGTEAFF	TRBV7-6*01	TRBJ1-1	1
CASSPGGGGYEQYF	TRBV18*01	TRBJ2-7	1
CASSPGGGGYTF	TRBV12-3*01	TRBJ1-2	1
CASSPGGGIEQFF	TRBV7-6*01	TRBJ2-1	3
CASSPGGGPEAFF	TRBV4-1*01	TRBJ1-1	1
CASSPGGGPYEQYF	TRBV18*01	TRBJ2-7	1
CASSPGGGQAYNEQFF	TRBV9*01	TRBJ2-1	1
CASSPGGGQDEQYF	TRBV5-1*01	TRBJ2-7	1
CASSPGGGSSFGYTF	TRBV11-2*01	TRBJ1-2	1
CASSPGGGTQETQYF	TRBV7-2*01	TRBJ2-5	1
CASSPGGGVNTEAFF	TRBV19*01	TRBJ1-1	1
CASSPGGGVSYEQYF	TRBV28*01	TRBJ2-7	1
CASSPGGGYEQYF	TRBV7-3*01	TRBJ2-7	1
CASSPGGGYNSPLHF	TRBV19*01	TRBJ1-6	1
CASSPGGGYTF	TRBV5-6*01	TRBJ1-2	1
CASSPGGHQPQHF	TRBV6-3*01	TRBJ1-5	1
CASSPGGLENEQYF	TRBV7-9*01	TRBJ2-7	1
CASSPGGLNEKLFF	TRBV6-5*01	TRBJ1-4	1
CASSPGGLNEQYF	TRBV7-3*01	TRBJ2-7	3
CASSPGGLSGANVLTF	TRBV6-4*01	TRBJ2-6	2
CASSPGGNQPQHF	TRBV9*01	TRBJ1-5	1
CASSPGGNTEAFF	TRBV7-3*01	TRBJ1-1	1
CASSPGGNTGELFF	TRBV7-3*01	TRBJ2-2	1
CASSPGGPGFLEAFF	TRBV7-8*01	TRBJ1-1	1
CASSPGGPGQGTTGELFF	TRBV5-1*01	TRBJ2-2	1
CASSPGGPYNEQFF	TRBV4-2*01	TRBJ2-1	1
CASSPGGQETQYF	TRBV6-3*01	TRBJ2-5	1
CASSPGGQNYNEQFF	TRBV6-4*01	TRBJ2-1	1
CASSPGGQPQHF	TRBV5-6*01	TRBJ1-5	1
CASSPGGQREGIDEQYF	TRBV7-9*01	TRBJ2-7	1
CASSPGGRDTQYF	TRBV7-3*01	TRBJ2-3	1
CASSPGGRGQPQHF	TRBV27*01	TRBJ1-5	1
CASSPGGRNTEAFF	TRBV12-3*01	TRBJ1-1	1
CASSPGGRQTTYGYTF	TRBV3-1*01	TRBJ1-2	1
CASSPGGSEQYF	TRBV5-6*01	TRBJ2-7	1
CASSPGGSFSDTQYF	TRBV9*01	TRBJ2-3	1
CASSPGGSGGYTF	TRBV7-3*01	TRBJ1-2	1
CASSPGGSVSVNTEAFF	TRBV9*01	TRBJ1-1	1
CASSPGGSYEQYF	TRBV13*01	TRBJ2-7	1
CASSPGGSYEQYF	TRBV7-6*01	TRBJ2-7	1
CASSPGGSYNEQFF	TRBV18*01	TRBJ2-1	1
CASSPGGTEAFF	TRBV9*01	TRBJ1-1	1
CASSPGGTGELFF	TRBV5-5*01	TRBJ2-2	1
CASSPGGTNYGYTF	TRBV12-3*01	TRBJ1-2	1
CASSPGGVEQFF	TRBV9*01	TRBJ2-1	1
CASSPGGVNEQFF	TRBV28*01	TRBJ2-1	1
CASSPGGYEQYF	TRBV4-3*01	TRBJ2-7	1
CASSPGGYEQYF	TRBV7-9*01	TRBJ2-7	1
CASSPGGYEQYF	TRBV9*01	TRBJ2-7	1
CASSPGGYNSPLHF	TRBV9*01	TRBJ1-6	1
CASSPGGYVSNQPQHF	TRBV12-4*01	TRBJ1-5	1
CASSPGHEQFF	TRBV6-3*01	TRBJ2-1	1
CASSPGHINQPQHF	TRBV5-6*01	TRBJ1-5	1
CASSPGHLNSPLHF	TRBV28*01	TRBJ1-6	1
CASSPGHMNTEAFF	TRBV5-1*01	TRBJ1-1	1
CASSPGHPNEQFF	TRBV5-8*01	TRBJ2-1	1
CASSPGHPSSYNEQFF	TRBV7-9*01	TRBJ2-1	1
CASSPGHSLIRYGYTF	TRBV6-3*01	TRBJ1-2	1
CASSPGHTNTGELFF	TRBV7-3*01	TRBJ2-2	1
CASSPGIDEQYF	TRBV12-4*01	TRBJ2-7	1
CASSPGILDTDTQYF	TRBV4-3*01	TRBJ2-3	1
CASSPGKDRFSGNTIYF	TRBV18*01	TRBJ1-3	1
CASSPGLAADTQYF	TRBV12-3*01	TRBJ2-3	1
CASSPGLAAMYEQYF	TRBV9*01	TRBJ2-7	1
CASSPGLAGADEQFF	TRBV11-2*01	TRBJ2-1	1
CASSPGLAGANEQFF	TRBV11-1*01	TRBJ2-1	1
CASSPGLAGDYEQYF	TRBV4-1*01	TRBJ2-7	1
CASSPGLAGEIGITDTQYF	TRBV7-9*01	TRBJ2-3	1
CASSPGLAGELFF	TRBV12-4*01	TRBJ2-2	1
CASSPGLAGEQYF	TRBV12-4*01	TRBJ2-7	1
CASSPGLAGEVYEQYF	TRBV28*01	TRBJ2-7	1
CASSPGLAGGDQETQYF	TRBV7-8*01	TRBJ2-5	1
CASSPGLAGGEQFF	TRBV9*01	TRBJ2-1	1
CASSPGLAGGEQYF	TRBV9*01	TRBJ2-7	1
CASSPGLAGGIQETQYF	TRBV27*01	TRBJ2-5	1
CASSPGLAGGNEQFF	TRBV6-5*01	TRBJ2-1	1
CASSPGLAGGPHNEQFF	TRBV7-9*01	TRBJ2-1	1
CASSPGLAGGPSYEQYF	TRBV27*01	TRBJ2-7	1
CASSPGLAGGQWDTQYF	TRBV5-1*01	TRBJ2-3	1
CASSPGLAGGRDYNEQFF	TRBV12-4*01	TRBJ2-1	1
CASSPGLAGGSSYNEQFF	TRBV3-1*01	TRBJ2-1	1
CASSPGLAGNIQYF	TRBV6-5*01	TRBJ2-4	1
CASSPGLAGSTQETQYF	TRBV11-2*01	TRBJ2-5	1
CASSPGLAGTGYEQYF	TRBV13*01	TRBJ2-7	1
CASSPGLAGVEQYF	TRBV14*01	TRBJ2-7	1
CASSPGLAGVNEQFF	TRBV27*01	TRBJ2-1	1
CASSPGLAGYEQYF	TRBV12-3*01	TRBJ2-7	1
CASSPGLAGYEQYF	TRBV5-1*01	TRBJ2-7	1
CASSPGLAGYNEQFF	TRBV6-5*01	TRBJ2-1	1
CASSPGLAGYPAGELFF	TRBV7-2*01	TRBJ2-2	1
CASSPGLAPGELFF	TRBV13*01	TRBJ2-2	1
CASSPGLAYGYTF	TRBV27*01	TRBJ1-2	1
CASSPGLGGVEQFF	TRBV5-6*01	TRBJ2-1	1
CASSPGLGLAGDNEQFF	TRBV7-9*01	TRBJ2-1	1
CASSPGLGNTIYF	TRBV27*01	TRBJ1-3	1
CASSPGLGSPLHF	TRBV11-1*01	TRBJ1-6	12
CASSPGLITEAFF	TRBV11-2*01	TRBJ1-1	1
CASSPGLKLSGANVLTF	TRBV7-2*01	TRBJ2-6	1
CASSPGLLADTQYF	TRBV5-1*01	TRBJ2-3	1
CASSPGLLYNEQFF	TRBV14*01	TRBJ2-1	1
CASSPGLNNEQFF	TRBV7-9*01	TRBJ2-1	1
CASSPGLPPDTQYF	TRBV7-2*01	TRBJ2-3	1
CASSPGLQETQYF	TRBV6-3*01	TRBJ2-5	1
CASSPGLQLYEQYF	TRBV7-2*01	TRBJ2-7	1
CASSPGLSKETQYF	TRBV13*01	TRBJ2-5	1
CASSPGLSYEQYF	TRBV12-4*01	TRBJ2-7	1
CASSPGLSYEQYF	TRBV4-3*01	TRBJ2-7	1
CASSPGLTNYGYTF	TRBV27*01	TRBJ1-2	1
CASSPGLYRVSSYNEQFF	TRBV7-2*01	TRBJ2-1	1
CASSPGMGSGYTF	TRBV6-5*01	TRBJ1-2	1
CASSPGNEQFF	TRBV27*01	TRBJ2-1	1
CASSPGNFMYQETQYF	TRBV18*01	TRBJ2-5	1
CASSPGNGGATLGYTF	TRBV7-3*01	TRBJ1-2	1
CASSPGNNEQFF	TRBV12-3*01	TRBJ2-1	1
CASSPGNTEAFF	TRBV12-4*01	TRBJ1-1	1
CASSPGNTEAFF	TRBV5-6*01	TRBJ1-1	1
CASSPGPAGVETQYF	TRBV9*01	TRBJ2-5	1
CASSPGPAKDTQYF	TRBV7-9*01	TRBJ2-3	13
CASSPGPAVGYTF	TRBV7-9*01	TRBJ1-2	1
CASSPGPGQGSMNTEAFF	TRBV18*01	TRBJ1-1	1
CASSPGPISGNTIYF	TRBV6-3*01	TRBJ1-3	1
CASSPGPLAGGDNEQFF	TRBV4-1*01	TRBJ2-1	1
CASSPGPMNTEAFF	TRBV9*01	TRBJ1-1	1
CASSPGPMVEQFF	TRBV7-3*01	TRBJ2-1	1
CASSPGPQETQYF	TRBV5-6*01	TRBJ2-5	1
CASSPGPRGEKLFF	TRBV12-4*01	TRBJ1-4	1
CASSPGPVEAFF	TRBV5-4*01	TRBJ1-1	1
CASSPGQAAEQYF	TRBV5-4*01	TRBJ2-7	1
CASSPGQAHTEAFF	TRBV5-6*01	TRBJ1-1	1
CASSPGQASTDTQYF	TRBV19*01	TRBJ2-3	1
CASSPGQAYEQYF	TRBV19*01	TRBJ2-7	1
CASSPGQAYNEQFF	TRBV4-1*01	TRBJ2-1	1
CASSPGQDHYEQYF	TRBV5-4*01	TRBJ2-7	1
CASSPGQDSYEQYF	TRBV12-4*01	TRBJ2-7	1
CASSPGQDSYEQYF	TRBV6-5*01	TRBJ2-7	1
CASSPGQEAFF	TRBV13*01	TRBJ1-1	1
CASSPGQEDGNTIYF	TRBV9*01	TRBJ1-3	1
CASSPGQEVYEQYF	TRBV18*01	TRBJ2-7	1
CASSPGQFISTDTQYF	TRBV11-2*01	TRBJ2-3	1
CASSPGQGAGAEAFF	TRBV5-1*01	TRBJ1-1	1
CASSPGQGAHEQYF	TRBV9*01	TRBJ2-7	1
CASSPGQGAIYGYTF	TRBV2*01	TRBJ1-2	1
CASSPGQGANTEAFF	TRBV4-3*01	TRBJ1-1	1
CASSPGQGANYEQYF	TRBV5-1*01	TRBJ2-7	1
CASSPGQGAYEQYF	TRBV11-2*01	TRBJ2-7	1
CASSPGQGAYEQYF	TRBV19*01	TRBJ2-7	1
CASSPGQGAYEQYF	TRBV4-3*01	TRBJ2-7	1
CASSPGQGAYEQYF	TRBV7-3*01	TRBJ2-7	1
CASSPGQGAYGYTF	TRBV2*01	TRBJ1-2	1
CASSPGQGAYGYTF	TRBV6-5*01	TRBJ1-2	1
CASSPGQGETEAFF	TRBV5-1*01	TRBJ1-1	1
CASSPGQGEVDEQFF	TRBV12-3*01	TRBJ2-1	1
CASSPGQGGFEQYF	TRBV4-2*01	TRBJ2-7	1
CASSPGQGGLGEQYF	TRBV6-5*01	TRBJ2-7	1
CASSPGQGGNYGYTF	TRBV3-1*01	TRBJ1-2	1
CASSPGQGGSGANVLTF	TRBV18*01	TRBJ2-6	1
CASSPGQGGYGYTF	TRBV4-3*01	TRBJ1-2	1
CASSPGQGHGYTF	TRBV7-8*01	TRBJ1-2	1
CASSPGQGIHGYTF	TRBV18*01	TRBJ1-2	1
CASSPGQGINYGYTF	TRBV5-1*01	TRBJ1-2	1
CASSPGQGIRPGEAFF	TRBV27*01	TRBJ1-1	1
CASSPGQGITGELFF	TRBV7-9*01	TRBJ2-2	1
CASSPGQGLDTQYF	TRBV6-1*01	TRBJ2-3	1
CASSPGQGLYEQYF	TRBV4-2*01	TRBJ2-7	1
CASSPGQGLYEQYF	TRBV6-6*01	TRBJ2-7	1
CASSPGQGNEQFF	TRBV27*01	TRBJ2-1	1
CASSPGQGNEQFF	TRBV9*01	TRBJ2-1	1
CASSPGQGNEQYF	TRBV5-8*01	TRBJ2-7	1
CASSPGQGNSPLHF	TRBV5-6*01	TRBJ1-6	1
CASSPGQGNSPLHF	TRBV7-9*01	TRBJ1-6	1
CASSPGQGPYEQYF	TRBV10-2*01	TRBJ2-7	1
CASSPGQGQGYTF	TRBV27*01	TRBJ1-2	1
CASSPGQGSEQYF	TRBV4-1*01	TRBJ2-7	6
CASSPGQGSNEQYF	TRBV5-4*01	TRBJ2-7	1
CASSPGQGSYGYTF	TRBV3-1*01	TRBJ1-2	1
CASSPGQGYEQYF	TRBV19*01	TRBJ2-7	1
CASSPGQGYNEQFF	TRBV11-2*01	TRBJ2-1	1
CASSPGQHSYEQYF	TRBV5-1*01	TRBJ2-7	1
CASSPGQLLMNTEAFF	TRBV5-4*01	TRBJ1-1	1
CASSPGQLNEKLFF	TRBV12-3*01	TRBJ1-4	1
CASSPGQLNTEAFF	TRBV4-1*01	TRBJ1-1	1
CASSPGQLYEQYF	TRBV19*01	TRBJ2-7	1
CASSPGQLYEQYF	TRBV7-9*01	TRBJ2-7	1
CASSPGQPWGTQYF	TRBV4-3*01	TRBJ2-5	1
CASSPGQSQETQYF	TRBV9*01	TRBJ2-5	1
CASSPGQSSGNTIYF	TRBV3-1*01	TRBJ1-3	1
CASSPGQSSYNEQFF	TRBV11-3*01	TRBJ2-1	1
CASSPGQSSYNEQFF	TRBV12-4*01	TRBJ2-1	1
CASSPGQVGYEQYF	TRBV4-3*01	TRBJ2-7	1
CASSPGQYNQPQHF	TRBV6-5*01	TRBJ1-5	1
CASSPGRANYGYTF	TRBV27*01	TRBJ1-2	1
CASSPGRDYGYTF	TRBV7-9*01	TRBJ1-2	1
CASSPGREGYNEQFF	TRBV12-3*01	TRBJ2-1	1
CASSPGRELFYEQYF	TRBV6-5*01	TRBJ2-7	1
CASSPGRGGQETQYF	TRBV7-3*01	TRBJ2-5	1
CASSPGRGNSPLHF	TRBV7-3*01	TRBJ1-6	1
CASSPGRGRNEQFF	TRBV5-1*01	TRBJ2-1	1
CASSPGRGTVNTEAFF	TRBV7-9*01	TRBJ1-1	1
CASSPGRLAGEVGDTQYF	TRBV5-5*01	TRBJ2-3	1
CASSPGRNTGELFF	TRBV13*01	TRBJ2-2	1
CASSPGRNYGYTF	TRBV27*01	TRBJ1-2	1
CASSPGRPVETYNEQFF	TRBV18*01	TRBJ2-1	1
CASSPGRTFYEQYF	TRBV5-6*01	TRBJ2-7	1
CASSPGRTNTEAFF	TRBV18*01	TRBJ1-1	1
CASSPGRVGSNQPQHF	TRBV18*01	TRBJ1-5	1
CASSPGRVYGYTF	TRBV27*01	TRBJ1-2	1
CASSPGSDEQYF	TRBV12-3*01	TRBJ2-7	1
CASSPGSFYGYTF	TRBV5-1*01	TRBJ1-2	1
CASSPGSGGELFF	TRBV27*01	TRBJ2-2	1
CASSPGSGNTIYF	TRBV6-3*01	TRBJ1-3	1
CASSPGSLNTEAFF	TRBV12-4*01	TRBJ1-1	1
CASSPGSRTQYF	TRBV19*01	TRBJ2-3	1
CASSPGSSGNTIYF	TRBV7-3*01	TRBJ1-3	1
CASSPGSYEQYF	TRBV19*01	TRBJ2-7	1
CASSPGSYEQYF	TRBV3-1*01	TRBJ2-7	1
CASSPGSYEQYF	TRBV7-2*01	TRBJ2-7	1
CASSPGTAGNQPQHF	TRBV28*01	TRBJ1-5	1
CASSPGTAINEQFF	TRBV13*01	TRBJ2-1	1
CASSPGTANTGELFF	TRBV18*01	TRBJ2-2	1
CASSPGTANTGELFF	TRBV9*01	TRBJ2-2	1
CASSPGTASTDTQYF	TRBV7-3*01	TRBJ2-3	1
CASSPGTDGETQYF	TRBV5-1*01	TRBJ2-5	1
CASSPGTDLYEQYF	TRBV5-6*01	TRBJ2-7	1
CASSPGTDQETQYF	TRBV5-4*01	TRBJ2-5	1
CASSPGTDRAYLTYEQYF	TRBV7-2*01	TRBJ2-7	1
CASSPGTDTGELFF	TRBV9*01	TRBJ2-2	1
CASSPGTDYGYTF	TRBV4-1*01	TRBJ1-2	1
CASSPGTEAFF	TRBV28*01	TRBJ1-1	1
CASSPGTEATQYF	TRBV6-3*01	TRBJ2-5	1
CASSPGTENNYGYTF	TRBV18*01	TRBJ1-2	1
CASSPGTESSYEQYF	TRBV27*01	TRBJ2-7	2
CASSPGTESYEQYF	TRBV7-2*01	TRBJ2-7	1
CASSPGTFEAFF	TRBV2*01	TRBJ1-1	1
CASSPGTGDFGYTF	TRBV11-2*01	TRBJ1-2	1
CASSPGTGEVYGYTF	TRBV12-3*01	TRBJ1-2	1
CASSPGTGFIYGYTF	TRBV14*01	TRBJ1-2	1
CASSPGTGGLIEQYF	TRBV4-3*01	TRBJ2-7	1
CASSPGTGGLVGETQYF	TRBV5-4*01	TRBJ2-5	1
CASSPGTGGLYEQYF	TRBV5-6*01	TRBJ2-7	1
CASSPGTGGWFIFSGANVLTF	TRBV5-1*01	TRBJ2-6	1
CASSPGTGGYDEQFF	TRBV5-4*01	TRBJ2-1	1
CASSPGTGGYGYTF	TRBV5-5*01	TRBJ1-2	1
CASSPGTGGYNEQFF	TRBV7-2*01	TRBJ2-1	1
CASSPGTGHYNEQFF	TRBV5-8*01	TRBJ2-1	1
CASSPGTGLGQPQHF	TRBV7-6*01	TRBJ1-5	1
CASSPGTGNGNQPQHF	TRBV7-8*01	TRBJ1-5	1
CASSPGTGPDTQYF	TRBV4-3*01	TRBJ2-3	1
CASSPGTGPGDGYTF	TRBV5-8*01	TRBJ1-2	1
CASSPGTGPNQPQHF	TRBV5-1*01	TRBJ1-5	1
CASSPGTGPPYYEQYF	TRBV5-6*01	TRBJ2-7	1
CASSPGTGRGYTF	TRBV19*01	TRBJ1-2	1
CASSPGTGRNEQFF	TRBV13*01	TRBJ2-1	1
CASSPGTGRTDTQYF	TRBV7-3*01	TRBJ2-3	1
CASSPGTGRTYEQYF	TRBV12-3*01	TRBJ2-7	1
CASSPGTGSAGNTIYF	TRBV9*01	TRBJ1-3	1
CASSPGTGSNQPQHF	TRBV5-1*01	TRBJ1-5	1
CASSPGTGTHYGYTF	TRBV27*01	TRBJ1-2	1
CASSPGTGTIDTQYF	TRBV6-4*01	TRBJ2-3	20
CASSPGTGVFEQYF	TRBV5-5*01	TRBJ2-7	1
CASSPGTGVGNEQFF	TRBV18*01	TRBJ2-1	1
CASSPGTGVGSPLHF	TRBV13*01	TRBJ1-6	1
CASSPGTGWTGELFF	TRBV5-1*01	TRBJ2-2	1
CASSPGTGYEQYF	TRBV27*01	TRBJ2-7	1
CASSPGTGYEQYF	TRBV4-3*01	TRBJ2-7	1
CASSPGTGYGYTF	TRBV4-3*01	TRBJ1-2	1
CASSPGTGYNEQFF	TRBV7-9*01	TRBJ2-1	1
CASSPGTGYNEQFF	TRBV9*01	TRBJ2-1	1
CASSPGTGYNSPLHF	TRBV3-1*01	TRBJ1-6	1
CASSPGTGYYNEQFF	TRBV7-9*01	TRBJ2-1	1
CASSPGTIQQFF	TRBV10-1*01	TRBJ2-1	1
CASSPGTLAGELFF	TRBV18*01	TRBJ2-2	1
CASSPGTLAGELFF	TRBV9*01	TRBJ2-2	1
CASSPGTLAVPSYEQYF	TRBV4-3*01	TRBJ2-7	1
CASSPGTNEQFF	TRBV25-1*01	TRBJ2-1	1
CASSPGTNKNIQYF	TRBV4-1*01	TRBJ2-4	1
CASSPGTPEAFF	TRBV7-2*01	TRBJ1-1	1
CASSPGTPIGTQYF	TRBV7-9*01	TRBJ2-5	1
CASSPGTPYEQYF	TRBV12-4*01	TRBJ2-7	1
CASSPGTRPSTDTQYF	TRBV6-6*01	TRBJ2-3	1
CASSPGTRTYEQYF	TRBV28*01	TRBJ2-7	1
CASSPGTSGAYEQYF	TRBV19*01	TRBJ2-7	1
CASSPGTSGFTGELFF	TRBV7-9*01	TRBJ2-2	1
CASSPGTSGGADTQYF	TRBV4-2*01	TRBJ2-3	1
CASSPGTSGGADTQYF	TRBV7-7*01	TRBJ2-3	1
CASSPGTSGGMRETQYF	TRBV10-1*01	TRBJ2-5	1
CASSPGTSGGPPYEQYF	TRBV11-2*01	TRBJ2-7	1
CASSPGTSGIEQYF	TRBV27*01	TRBJ2-7	1
CASSPGTSGRGEQYF	TRBV27*01	TRBJ2-7	1
CASSPGTSGRIHEQYF	TRBV4-2*01	TRBJ2-7	1
CASSPGTSGSDTQYF	TRBV6-5*01	TRBJ2-3	1
CASSPGTSGSFAYEQYF	TRBV7-9*01	TRBJ2-7	1
CASSPGTSGSRSDTQYF	TRBV12-3*01	TRBJ2-3	1
CASSPGTSGSYEQYF	TRBV27*01	TRBJ2-7	1
CASSPGTSGVRDTQYF	TRBV27*01	TRBJ2-3	1
CASSPGTSGVSSTDTQYF	TRBV14*01	TRBJ2-3	1
CASSPGTSGYEQYF	TRBV27*01	TRBJ2-7	1
CASSPGTSLNEQFF	TRBV27*01	TRBJ2-1	1
CASSPGTSPETQYF	TRBV3-1*01	TRBJ2-5	1
CASSPGTSSGGELFF	TRBV7-9*01	TRBJ2-2	1
CASSPGTSVSYEQYF	TRBV12-3*01	TRBJ2-7	1
CASSPGTSYNEQFF	TRBV19*01	TRBJ2-1	1
CASSPGTTAQETQYF	TRBV18*01	TRBJ2-5	1
CASSPGTTEAFF	TRBV7-3*01	TRBJ1-1	1
CASSPGTVGHYGYTF	TRBV5-6*01	TRBJ1-2	1
CASSPGTVGQPQHF	TRBV6-5*01	TRBJ1-5	1
CASSPGTVINYGYTF	TRBV9*01	TRBJ1-2	1
CASSPGTVNEQFF	TRBV19*01	TRBJ2-1	1
CASSPGTVNQPQHF	TRBV27*01	TRBJ1-5	1
CASSPGTVPTPYGYTF	TRBV5-8*01	TRBJ1-2	1
CASSPGTVSGQPQHF	TRBV6-5*01	TRBJ1-5	1
CASSPGTVYEQYF	TRBV5-6*01	TRBJ2-7	1
CASSPGVAYEQYF	TRBV4-3*01	TRBJ2-7	1
CASSPGVDIGEDTGELFF	TRBV7-6*01	TRBJ2-2	1
CASSPGVGLSYEQYF	TRBV7-6*01	TRBJ2-7	6
CASSPGVGQELF	TRBV7-9*01	TRBJ1-2	1
CASSPGVGTYNEQFF	TRBV25-1*01	TRBJ2-1	1
CASSPGVGYNSPLHF	TRBV4-3*01	TRBJ1-6	1
CASSPGVLASNEQFF	TRBV6-3*01	TRBJ2-1	1
CASSPGVTEAFF	TRBV7-9*01	TRBJ1-1	1
CASSPGVWTPMNTEAFF	TRBV7-2*01	TRBJ1-1	1
CASSPGWDTQYF	TRBV4-1*01	TRBJ2-3	1
CASSPGWGGGQDTQYF	TRBV9*01	TRBJ2-3	1
CASSPGWGQGIDKGTEAFF	TRBV7-9*01	TRBJ1-1	1
CASSPGWGSYEQYF	TRBV5-6*01	TRBJ2-7	1
CASSPGWNSNTEAFF	TRBV5-1*01	TRBJ1-1	1
CASSPGWPYEQYF	TRBV9*01	TRBJ2-7	1
CASSPGYERVVNEQYF	TRBV4-2*01	TRBJ2-7	1
CASSPGYLRNYEQYF	TRBV12-4*01	TRBJ2-7	1
CASSPGYYEQYF	TRBV18*01	TRBJ2-7	1
CASSPHARDRVRGNTEAFF	TRBV5-1*01	TRBJ1-1	1
CASSPHEVGLGDFRYNEQFF	TRBV13*01	TRBJ2-1	1
CASSPHGAGGSGTEQFF	TRBV7-6*01	TRBJ2-1	1
CASSPHGARWETQYF	TRBV27*01	TRBJ2-5	1
CASSPHGGGTEQETQYF	TRBV4-1*01	TRBJ2-5	1
CASSPHGLAGMPYEQYF	TRBV14*01	TRBJ2-7	1
CASSPHGRGEVDTQYF	TRBV9*01	TRBJ2-3	1
CASSPHGTGGIGYTF	TRBV7-9*01	TRBJ1-2	4
CASSPHGTNPYNEQFF	TRBV7-2*01	TRBJ2-1	1
CASSPHGTRQETQYF	TRBV9*01	TRBJ2-5	1
CASSPHHDRALSGYTF	TRBV4-1*01	TRBJ1-2	1
CASSPHLDSPGETQYF	TRBV4-3*01	TRBJ2-5	1
CASSPHLIGLPTYEQYF	TRBV4-2*01	TRBJ2-7	1
CASSPHPGTGGYEQYF	TRBV25-1*01	TRBJ2-7	1
CASSPHPLAGSTDTQYF	TRBV7-3*01	TRBJ2-3	1
CASSPHPLGNYGYTF	TRBV5-1*01	TRBJ1-2	1
CASSPHPTGDLNYGYTF	TRBV12-4*01	TRBJ1-2	1
CASSPHQGDVVQPQHF	TRBV25-1*01	TRBJ1-5	1
CASSPHRAEVNTEAFF	TRBV4-3*01	TRBJ1-1	1
CASSPHRETQYF	TRBV18*01	TRBJ2-5	1
CASSPHRGANGYTF	TRBV4-3*01	TRBJ1-2	1
CASSPHTEAFF	TRBV7-2*01	TRBJ1-1	1
CASSPHVGRYEQYF	TRBV28*01	TRBJ2-7	1
CASSPHVNQPQHF	TRBV7-2*01	TRBJ1-5	1
CASSPIAEPYNEQFF	TRBV13*01	TRBJ2-1	1
CASSPIAGATYEQYF	TRBV27*01	TRBJ2-7	1
CASSPIAGGPYEQYF	TRBV7-6*01	TRBJ2-7	1
CASSPIAGGTYNEQFF	TRBV28*01	TRBJ2-1	1
CASSPIAGVSEDEQFF	TRBV7-6*01	TRBJ2-1	1
CASSPIDRDQNYGYTF	TRBV19*01	TRBJ1-2	1
CASSPIESNQPQHF	TRBV7-9*01	TRBJ1-5	1
CASSPIGGETQYF	TRBV5-4*01	TRBJ2-5	1
CASSPIGPTEKLFF	TRBV18*01	TRBJ1-4	2
CASSPIGQETQYF	TRBV6-5*01	TRBJ2-5	1
CASSPIGTGPYNEQFF	TRBV9*01	TRBJ2-1	1
CASSPIGVSNQPQHF	TRBV4-1*01	TRBJ1-5	1
CASSPIGYTEAFF	TRBV28*01	TRBJ1-1	1
CASSPIHASPYNEQFF	TRBV2*01	TRBJ2-1	1
CASSPILAGGAYEQYF	TRBV11-1*01	TRBJ2-7	1
CASSPILGHNYNEQFF	TRBV27*01	TRBJ2-1	1
CASSPILYRDYYEQYF	TRBV18*01	TRBJ2-7	1
CASSPINTEAFF	TRBV14*01	TRBJ1-1	2
CASSPINTEAFF	TRBV18*01	TRBJ1-1	1
CASSPIPSGSRNEQFF	TRBV19*01	TRBJ2-1	1
CASSPIPYEQYF	TRBV18*01	TRBJ2-7	1
CASSPIRAAQETQYF	TRBV4-1*01	TRBJ2-5	1
CASSPIRDRGVPDTQYF	TRBV28*01	TRBJ2-3	1
CASSPIRGNQPQHF	TRBV18*01	TRBJ1-5	1
CASSPIRTAKNIQYF	TRBV7-2*01	TRBJ2-4	1
CASSPISGRIYNEQFF	TRBV11-2*01	TRBJ2-1	1
CASSPISSEYGYTF	TRBV7-9*01	TRBJ1-2	1
CASSPITGGVYEQYF	TRBV27*01	TRBJ2-7	1
CASSPITNTEAFF	TRBV18*01	TRBJ1-1	1
CASSPITSGIPSYEQYF	TRBV28*01	TRBJ2-7	1
CASSPITSTAGETQYF	TRBV6-5*01	TRBJ2-5	1
CASSPKAGAFTDTQYF	TRBV9*01	TRBJ2-3	1
CASSPKAWGSPLHF	TRBV7-3*01	TRBJ1-6	1
CASSPKEGVNEQYF	TRBV7-9*01	TRBJ2-7	1
CASSPKGAEETQYF	TRBV18*01	TRBJ2-5	1
CASSPKGAGDRYEQYF	TRBV4-3*01	TRBJ2-7	1
CASSPKGAGDTDTQYF	TRBV4-3*01	TRBJ2-3	1
CASSPKGGHADTQYF	TRBV7-3*01	TRBJ2-3	1
CASSPKGGRLSFWTDTQYF	TRBV27*01	TRBJ2-3	2
CASSPKGGRTNYGYTF	TRBV27*01	TRBJ1-2	1
CASSPKGGSYNEQFF	TRBV3-1*01	TRBJ2-1	1
CASSPKGGTGFYEQYF	TRBV7-9*01	TRBJ2-7	1
CASSPKGPIGETQYF	TRBV4-1*01	TRBJ2-5	1
CASSPKGQGFEQYF	TRBV9*01	TRBJ2-7	8
CASSPKGTGLVGNQPQHF	TRBV27*01	TRBJ1-5	1
CASSPKGTNEQFF	TRBV4-3*01	TRBJ2-1	1
CASSPKGVGYEQYF	TRBV9*01	TRBJ2-7	5
CASSPKGVNTEAFF	TRBV5-4*01	TRBJ1-1	1
CASSPKHHTEAFF	TRBV5-1*01	TRBJ1-1	1
CASSPKILAYTDTQYF	TRBV18*01	TRBJ2-3	1
CASSPKLEGPDTQYF	TRBV7-9*01	TRBJ2-3	1
CASSPKMGIAGGGEETQYF	TRBV7-8*01	TRBJ2-5	1
CASSPKMREINSPLHF	TRBV19*01	TRBJ1-6	1
CASSPKNSNYEQYF	TRBV7-9*01	TRBJ2-7	1
CASSPKPGPRAYNEQFF	TRBV7-7*01	TRBJ2-1	1
CASSPKQGIETQYF	TRBV4-1*01	TRBJ2-5	1
CASSPKRGGITGELFF	TRBV27*01	TRBJ2-2	1
CASSPKRGSYNEQFF	TRBV12-3*01	TRBJ2-1	1
CASSPKRRDYEQYF	TRBV7-9*01	TRBJ2-7	1
CASSPKRREDYNEQFF	TRBV3-1*01	TRBJ2-1	1
CASSPKSLSSGNTIYF	TRBV7-2*01	TRBJ1-3	1
CASSPKSTVTNTEAFF	TRBV27*01	TRBJ1-1	1
CASSPKTGGRSAEAFF	TRBV4-1*01	TRBJ1-1	1
CASSPKTSVTYNEQFF	TRBV7-9*01	TRBJ2-1	1
CASSPKVAGVDETQYF	TRBV9*01	TRBJ2-5	1
CASSPKYRGVGQIMNTEAFF	TRBV7-9*01	TRBJ1-1	1
CASSPLAGASTDTQYF	TRBV6-4*01	TRBJ2-3	1
CASSPLAGDLNEQFF	TRBV6-5*01	TRBJ2-1	1
CASSPLAGEETQYF	TRBV27*01	TRBJ2-5	1
CASSPLAGETYNEQFF	TRBV7-3*01	TRBJ2-1	1
CASSPLAGGDNEQFF	TRBV18*01	TRBJ2-1	1
CASSPLAGGGNEQFF	TRBV27*01	TRBJ2-1	1
CASSPLAGGPNTGANVLTF	TRBV12-4*01	TRBJ2-6	1
CASSPLAGVSDTQYF	TRBV7-6*01	TRBJ2-3	6
CASSPLAGVTDTQYF	TRBV7-2*01	TRBJ2-3	1
CASSPLAVNYGYTF	TRBV7-2*01	TRBJ1-2	1
CASSPLAVTYNEQFF	TRBV19*01	TRBJ2-1	5
CASSPLDDVETQYF	TRBV5-1*01	TRBJ2-5	1
CASSPLDRGLREQYF	TRBV27*01	TRBJ2-7	1
CASSPLDSSYNEQFF	TRBV4-1*01	TRBJ2-1	1
CASSPLDSYTGELFF	TRBV6-3*01	TRBJ2-2	2
CASSPLESRRDTQYF	TRBV18*01	TRBJ2-3	1
CASSPLEVNNEKLFF	TRBV12-4*01	TRBJ1-4	1
CASSPLGADTQYF	TRBV13*01	TRBJ2-3	1
CASSPLGAKNIQYF	TRBV5-4*01	TRBJ2-4	1
CASSPLGAPQETQYF	TRBV7-6*01	TRBJ2-5	1
CASSPLGAYTGFF	TRBV14*01	TRBJ1-1	13
CASSPLGDNTEAFF	TRBV5-6*01	TRBJ1-1	1
CASSPLGGEETQYF	TRBV18*01	TRBJ2-5	1
CASSPLGGGETQYF	TRBV4-3*01	TRBJ2-5	1
CASSPLGGGQNSYEQYF	TRBV4-2*01	TRBJ2-7	1
CASSPLGGLSYEQYF	TRBV7-8*01	TRBJ2-7	1
CASSPLGGRYGYTF	TRBV6-3*01	TRBJ1-2	2
CASSPLGGSDTQYF	TRBV3-1*01	TRBJ2-3	1
CASSPLGGSPLHF	TRBV7-3*01	TRBJ1-6	1
CASSPLGGSYNEQFF	TRBV7-9*01	TRBJ2-1	1
CASSPLGITDTQYF	TRBV28*01	TRBJ2-3	1
CASSPLGLAGGLLADTQYF	TRBV27*01	TRBJ2-3	1
CASSPLGPEGNQPQHF	TRBV27*01	TRBJ1-5	1
CASSPLGPGEQFF	TRBV9*01	TRBJ2-1	1
CASSPLGPNYEQYF	TRBV12-4*01	TRBJ2-7	1
CASSPLGQAAGSPLHF	TRBV27*01	TRBJ1-6	1
CASSPLGQGAWNTGELFF	TRBV28*01	TRBJ2-2	1
CASSPLGQGLYEQYF	TRBV3-1*01	TRBJ2-7	1
CASSPLGQGREKLFF	TRBV19*01	TRBJ1-4	1
CASSPLGQRTYNEQFF	TRBV7-9*01	TRBJ2-1	1
CASSPLGSGGENEQFF	TRBV11-3*01	TRBJ2-1	1
CASSPLGSPLHF	TRBV5-1*01	TRBJ1-6	1
CASSPLGTDGNTIYF	TRBV7-6*01	TRBJ1-3	1
CASSPLGTGEGNEQFF	TRBV6-5*01	TRBJ2-1	1
CASSPLGTSGSYNEQFF	TRBV27*01	TRBJ2-1	1
CASSPLHTPTYEQYF	TRBV28*01	TRBJ2-7	1
CASSPLISGANVLTF	TRBV6-1*01	TRBJ2-6	1
CASSPLISGGTSSTDTQYF	TRBV6-5*01	TRBJ2-3	1
CASSPLKDYEQYF	TRBV18*01	TRBJ2-7	1
CASSPLKSLGPDEQFF	TRBV7-9*01	TRBJ2-1	1
CASSPLKTIYEQYF	TRBV28*01	TRBJ2-7	1
CASSPLLAGGRDTQYF	TRBV3-1*01	TRBJ2-3	1
CASSPLLGVNTEAFF	TRBV7-9*01	TRBJ1-1	1
CASSPLLSDANEQFF	TRBV7-6*01	TRBJ2-1	1
CASSPLNERDSTGTGELFF	TRBV27*01	TRBJ2-2	1
CASSPLPGELFF	TRBV4-3*01	TRBJ2-2	1
CASSPLPPNTEAFF	TRBV27*01	TRBJ1-1	1
CASSPLPSGADYNEQFF	TRBV3-1*01	TRBJ2-1	1
CASSPLPSNYGYTF	TRBV5-6*01	TRBJ1-2	1
CASSPLPTSGRIVVVTGELFF	TRBV7-2*01	TRBJ2-2	1
CASSPLQAGPYEQYF	TRBV4-3*01	TRBJ2-7	1
CASSPLQDEQYF	TRBV2*01	TRBJ2-7	1
CASSPLQGASKNIQYF	TRBV7-9*01	TRBJ2-4	1
CASSPLQGLPYEQYF	TRBV6-3*01	TRBJ2-7	1
CASSPLRDREIPF	TRBV7-7*01	TRBJ1-2	1
CASSPLRDRGNSPLHF	TRBV9*01	TRBJ1-6	6
CASSPLREGNQPQHF	TRBV7-9*01	TRBJ1-5	1
CASSPLREGTDTQYF	TRBV9*01	TRBJ2-3	1
CASSPLREGTYEQYF	TRBV27*01	TRBJ2-7	1
CASSPLRGTGDYEQYF	TRBV28*01	TRBJ2-7	3
CASSPLRLGWNEQFF	TRBV18*01	TRBJ2-1	1
CASSPLRQGPNSYEQYF	TRBV27*01	TRBJ2-7	1
CASSPLRQGWTGELFF	TRBV5-1*01	TRBJ2-2	1
CASSPLRVQGSTEAFF	TRBV18*01	TRBJ1-1	1
CASSPLSASSGGPYEQYF	TRBV18*01	TRBJ2-7	1
CASSPLSGAGVLETQYF	TRBV9*01	TRBJ2-5	1
CASSPLSGRAEHYEQYF	TRBV18*01	TRBJ2-7	1
CASSPLSGRAWNEQFF	TRBV27*01	TRBJ2-1	1
CASSPLSGTEPNGQYF	TRBV27*01	TRBJ2-7	1
CASSPLSRQGGTGELFF	TRBV6-6*01	TRBJ2-2	1
CASSPLSWPSLDTQYF	TRBV5-4*01	TRBJ2-3	1
CASSPLTAGGVF	TRBV18*01	TRBJ2-5	1
CASSPLTEAEQYF	TRBV4-1*01	TRBJ2-7	1
CASSPLTGAPSYEQYF	TRBV19*01	TRBJ2-7	1
CASSPLTGGSGYTF	TRBV2*01	TRBJ1-2	1
CASSPLTGPEYGYTF	TRBV7-2*01	TRBJ1-2	1
CASSPLTGRTDTQYF	TRBV13*01	TRBJ2-3	1
CASSPLTGSTDTQYF	TRBV5-4*01	TRBJ2-3	1
CASSPLTSGGPNTGELFF	TRBV4-3*01	TRBJ2-2	1
CASSPLTSGSRTDTQYF	TRBV11-2*01	TRBJ2-3	1
CASSPLTVAGGIYNEQFF	TRBV2*01	TRBJ2-1	1
CASSPLTVNTEAFF	TRBV28*01	TRBJ1-1	1
CASSPLVAGVNNEQFF	TRBV27*01	TRBJ2-1	1
CASSPLVEGNYGYTF	TRBV11-2*01	TRBJ1-2	1
CASSPLVGAAYNEQFF	TRBV7-3*01	TRBJ2-1	1
CASSPLVTSYNEQFF	TRBV3-1*01	TRBJ2-1	1
CASSPLWGHPSNQPQHF	TRBV6-5*01	TRBJ1-5	1
CASSPLYGSTAFF	TRBV9*01	TRBJ1-1	1
CASSPLYTNTGELFF	TRBV18*01	TRBJ2-2	1
CASSPMADNEQFF	TRBV19*01	TRBJ2-1	1
CASSPMDMRNTEAFF	TRBV18*01	TRBJ1-1	1
CASSPMGARETQYF	TRBV7-9*01	TRBJ2-5	1
CASSPMGGGDTGELFF	TRBV7-2*01	TRBJ2-2	1
CASSPMGSNEQYF	TRBV18*01	TRBJ2-7	1
CASSPMGSYEQYF	TRBV9*01	TRBJ2-7	1
CASSPMGVGGNTIYF	TRBV28*01	TRBJ1-3	1
CASSPMGVGPEQYF	TRBV3-1*01	TRBJ2-7	1
CASSPMGYTDTQYF	TRBV7-2*01	TRBJ2-3	1
CASSPMIGGYEQYF	TRBV12-4*01	TRBJ2-7	1
CASSPMTGADTEAFF	TRBV4-2*01	TRBJ1-1	1
CASSPMTGGDYEQYF	TRBV4-2*01	TRBJ2-7	1
CASSPMTGGNEAFF	TRBV4-3*01	TRBJ1-1	1
CASSPNADRAGNEQFF	TRBV3-1*01	TRBJ2-1	1
CASSPNANEQYF	TRBV12-3*01	TRBJ2-7	1
CASSPNDRATGELFF	TRBV7-9*01	TRBJ2-2	1
CASSPNFGTGGYEQFF	TRBV7-2*01	TRBJ2-1	1
CASSPNGDTQYF	TRBV4-1*01	TRBJ2-3	1
CASSPNGLNTEAFF	TRBV6-1*01	TRBJ1-1	1
CASSPNGPSSQETQYF	TRBV4-1*01	TRBJ2-5	1
CASSPNGTDQETQYF	TRBV12-3*01	TRBJ2-5	1
CASSPNGVEQYF	TRBV18*01	TRBJ2-7	1
CASSPNKISSYEQYF	TRBV5-1*01	TRBJ2-7	1
CASSPNKLMNTEAFF	TRBV28*01	TRBJ1-1	1
CASSPNLDTGELFF	TRBV14*01	TRBJ2-2	1
CASSPNLQLETQYF	TRBV28*01	TRBJ2-5	1
CASSPNLSGELFF	TRBV6-3*01	TRBJ2-2	1
CASSPNNEQFF	TRBV28*01	TRBJ2-1	1
CASSPNPDRWHEQFF	TRBV27*01	TRBJ2-1	1
CASSPNPDSHYGYTF	TRBV7-3*01	TRBJ1-2	1
CASSPNPGAYADTQYF	TRBV18*01	TRBJ2-3	1
CASSPNPGTNTGELFF	TRBV4-2*01	TRBJ2-2	1
CASSPNRGGELFF	TRBV6-3*01	TRBJ2-2	1
CASSPNRGGHNEQFF	TRBV4-3*01	TRBJ2-1	1
CASSPNRGGQEQYF	TRBV28*01	TRBJ2-7	1
CASSPNRGGQETQYF	TRBV27*01	TRBJ2-5	1
CASSPNRGLLAKNIQYF	TRBV7-9*01	TRBJ2-4	1
CASSPNRGSSYEQYF	TRBV5-4*01	TRBJ2-7	1
CASSPNRVGEQYF	TRBV28*01	TRBJ2-7	1
CASSPNRWTGGVGMNTEAFF	TRBV18*01	TRBJ1-1	1
CASSPNSFPTDTQYF	TRBV13*01	TRBJ2-3	1
CASSPNTGELFF	TRBV27*01	TRBJ2-2	1
CASSPNTGELFF	TRBV9*01	TRBJ2-2	1
CASSPNTGQGEWVRSPKNIQYF	TRBV12-4*01	TRBJ2-4	1
CASSPNTNEKLFF	TRBV11-2*01	TRBJ1-4	1
CASSPNTVGTEAFF	TRBV6-5*01	TRBJ1-1	1
CASSPNVGTGISGYTF	TRBV27*01	TRBJ1-2	1
CASSPNYEQYF	TRBV6-3*01	TRBJ2-7	1
CASSPPAGAVLSTDTQYF	TRBV5-4*01	TRBJ2-3	1
CASSPPAGGQNSPLHF	TRBV18*01	TRBJ1-6	1
CASSPPAGSGQETQYF	TRBV18*01	TRBJ2-5	1
CASSPPAGWDGYTF	TRBV4-1*01	TRBJ1-2	1
CASSPPASSNEQFF	TRBV5-6*01	TRBJ2-1	1
CASSPPCDYLWKHHIF	TRBV18*01	TRBJ1-3	1
CASSPPDEGAEAKNIQYF	TRBV7-9*01	TRBJ2-4	1
CASSPPDETQYF	TRBV18*01	TRBJ2-5	1
CASSPPDIPMGETQYF	TRBV11-2*01	TRBJ2-5	1
CASSPPDNSYEQYF	TRBV5-5*01	TRBJ2-7	1
CASSPPDPVDNEQFF	TRBV27*01	TRBJ2-1	1
CASSPPDRALDLYTF	TRBV28*01	TRBJ1-2	1
CASSPPDRAYEQYF	TRBV12-4*01	TRBJ2-7	1
CASSPPDRSSGNTIYF	TRBV28*01	TRBJ1-3	1
CASSPPDSYEQYF	TRBV18*01	TRBJ2-7	1
CASSPPDVGGYTF	TRBV6-5*01	TRBJ1-2	1
CASSPPDVTYEQYF	TRBV7-9*01	TRBJ2-7	1
CASSPPEGEQYF	TRBV27*01	TRBJ2-7	1
CASSPPEGSYNEQFF	TRBV18*01	TRBJ2-1	1
CASSPPEREITDTQYF	TRBV18*01	TRBJ2-3	1
CASSPPERGRNSPLHF	TRBV13*01	TRBJ1-6	1
CASSPPESGRIYNEQFF	TRBV7-9*01	TRBJ2-1	1
CASSPPEWLAGGDTQYF	TRBV7-2*01	TRBJ2-3	1
CASSPPFHEQYF	TRBV3-1*01	TRBJ2-7	1
CASSPPFIQDTDTQYF	TRBV18*01	TRBJ2-3	1
CASSPPFRAFLSGANVLTF	TRBV18*01	TRBJ2-6	1
CASSPPFSEEWGDTDTQYF	TRBV18*01	TRBJ2-3	1
CASSPPGAALADTQYF	TRBV27*01	TRBJ2-3	1
CASSPPGAEDTDTQYF	TRBV7-9*01	TRBJ2-3	1
CASSPPGAGDEQFF	TRBV6-3*01	TRBJ2-1	1
CASSPPGALNTEAFF	TRBV5-4*01	TRBJ1-1	1
CASSPPGALNTGELFF	TRBV13*01	TRBJ2-2	1
CASSPPGAYGIRAKNIQYF	TRBV18*01	TRBJ2-4	1
CASSPPGDEQYF	TRBV7-9*01	TRBJ2-7	1
CASSPPGEEAFF	TRBV4-2*01	TRBJ1-1	1
CASSPPGETQYF	TRBV27*01	TRBJ2-5	1
CASSPPGGAYEQYF	TRBV27*01	TRBJ2-7	1
CASSPPGGEQFF	TRBV18*01	TRBJ2-1	1
CASSPPGGGEQYF	TRBV7-2*01	TRBJ2-7	1
CASSPPGGGGATQYF	TRBV9*01	TRBJ2-5	1
CASSPPGGGNTEAFF	TRBV4-2*01	TRBJ1-1	1
CASSPPGGGTEQFF	TRBV11-2*01	TRBJ2-1	4
CASSPPGGGYEQYF	TRBV28*01	TRBJ2-7	1
CASSPPGGIAYEQYF	TRBV12-4*01	TRBJ2-7	2
CASSPPGGNEQFF	TRBV2*01	TRBJ2-1	1
CASSPPGGNEQFF	TRBV7-8*01	TRBJ2-1	1
CASSPPGGQGGEAFF	TRBV19*01	TRBJ1-1	1
CASSPPGGRAIYEQYF	TRBV28*01	TRBJ2-7	1
CASSPPGGSEQYF	TRBV5-4*01	TRBJ2-7	1
CASSPPGGYSYEQYF	TRBV18*01	TRBJ2-7	1
CASSPPGHIQETQYF	TRBV27*01	TRBJ2-5	1
CASSPPGIYGYTF	TRBV9*01	TRBJ1-2	1
CASSPPGLAGDEQFF	TRBV5-1*01	TRBJ2-1	1
CASSPPGLAGETDTQYF	TRBV12-4*01	TRBJ2-3	1
CASSPPGLSNTGELFF	TRBV9*01	TRBJ2-2	1
CASSPPGNSNQPQHF	TRBV18*01	TRBJ1-5	1
CASSPPGNTEAFF	TRBV18*01	TRBJ1-1	1
CASSPPGPNQPQHF	TRBV27*01	TRBJ1-5	1
CASSPPGPTGELFF	TRBV18*01	TRBJ2-2	1
CASSPPGQGAHGNTIYF	TRBV3-1*01	TRBJ1-3	1
CASSPPGQGAYEQYF	TRBV12-4*01	TRBJ2-7	1
CASSPPGQGGGYSNQPQHF	TRBV28*01	TRBJ1-5	1
CASSPPGQGLTGELFF	TRBV9*01	TRBJ2-2	1
CASSPPGQGVDIQYF	TRBV28*01	TRBJ2-4	1
CASSPPGQLDEQYF	TRBV28*01	TRBJ2-7	1
CASSPPGQVNSPLHF	TRBV18*01	TRBJ1-6	1
CASSPPGRGENEQFF	TRBV9*01	TRBJ2-1	1
CASSPPGRGVVQETQYF	TRBV9*01	TRBJ2-5	1
CASSPPGRSSYEQYF	TRBV28*01	TRBJ2-7	1
CASSPPGRTEAFF	TRBV4-2*01	TRBJ1-1	1
CASSPPGSDEQFF	TRBV18*01	TRBJ2-1	1
CASSPPGSGELFF	TRBV7-3*01	TRBJ2-2	1
CASSPPGSMNTEAFF	TRBV9*01	TRBJ1-1	1
CASSPPGSNSPLHF	TRBV7-9*01	TRBJ1-6	1
CASSPPGSRTDTQYF	TRBV18*01	TRBJ2-3	1
CASSPPGSTEAFF	TRBV27*01	TRBJ1-1	1
CASSPPGTAGSEQYF	TRBV7-9*01	TRBJ2-7	1
CASSPPGTSGNHFYYNEQFF	TRBV28*01	TRBJ2-1	1
CASSPPGTVPSGANVLTF	TRBV7-9*01	TRBJ2-6	1
CASSPPGVEQFF	TRBV6-1*01	TRBJ2-1	1
CASSPPGVGSTNEKLFF	TRBV7-6*01	TRBJ1-4	1
CASSPPGVSGEKLFF	TRBV7-9*01	TRBJ1-4	1
CASSPPGVSTDTQYF	TRBV28*01	TRBJ2-3	1
CASSPPGVTQYF	TRBV18*01	TRBJ2-5	1
CASSPPGVYEQYF	TRBV11-3*01	TRBJ2-7	1
CASSPPINGNTIYF	TRBV7-9*01	TRBJ1-3	1
CASSPPIRGSDQETQYF	TRBV28*01	TRBJ2-5	1
CASSPPKGALYEQYF	TRBV5-4*01	TRBJ2-7	1
CASSPPMGNIQYF	TRBV18*01	TRBJ2-4	1
CASSPPNGDSGNTIYF	TRBV5-6*01	TRBJ1-3	1
CASSPPNRGSYEQYF	TRBV18*01	TRBJ2-7	1
CASSPPPDNEQFF	TRBV11-2*01	TRBJ2-1	1
CASSPPPFETQYF	TRBV7-8*01	TRBJ2-5	1
CASSPPPFGDTQYF	TRBV27*01	TRBJ2-3	1
CASSPPPGAGVSSYNEQFF	TRBV18*01	TRBJ2-1	1
CASSPPPGLRADTQYF	TRBV27*01	TRBJ2-3	1
CASSPPPGPKPRVETDTQYF	TRBV19*01	TRBJ2-3	1
CASSPPPGQTYEQYF	TRBV18*01	TRBJ2-7	1
CASSPPPGYGQPQHF	TRBV9*01	TRBJ1-5	1
CASSPPPLINEQFF	TRBV7-8*01	TRBJ2-1	1
CASSPPPPESYEQYF	TRBV27*01	TRBJ2-7	1
CASSPPPPMGGPYEQYF	TRBV27*01	TRBJ2-7	1
CASSPPPPQADTQYF	TRBV12-4*01	TRBJ2-3	1
CASSPPPSATDEQFF	TRBV12-3*01	TRBJ2-1	1
CASSPPPSNTGELFF	TRBV18*01	TRBJ2-2	1
CASSPPQGENSPLHF	TRBV7-9*01	TRBJ1-6	1
CASSPPQLTSASSTDTQYF	TRBV18*01	TRBJ2-3	1
CASSPPRAGALNTEAFF	TRBV5-4*01	TRBJ1-1	1
CASSPPRGGAQETQYF	TRBV18*01	TRBJ2-5	1
CASSPPRGGQPQHF	TRBV19*01	TRBJ1-5	1
CASSPPRGGYSPLHF	TRBV19*01	TRBJ1-6	1
CASSPPRGTEAFF	TRBV9*01	TRBJ1-1	1
CASSPPRPWLGTEAFF	TRBV19*01	TRBJ1-1	1
CASSPPRREVEAFF	TRBV13*01	TRBJ1-1	5
CASSPPRSGGQETQYF	TRBV18*01	TRBJ2-5	1
CASSPPRSGGRTEAFF	TRBV5-1*01	TRBJ1-1	1
CASSPPRVGSYNEQFF	TRBV7-9*01	TRBJ2-1	1
CASSPPSASLYYEQFF	TRBV27*01	TRBJ2-1	1
CASSPPSGGALNIQYF	TRBV18*01	TRBJ2-4	1
CASSPPSGGASAYNEQFF	TRBV7-2*01	TRBJ2-1	1
CASSPPSGGYEQYF	TRBV11-2*01	TRBJ2-7	1
CASSPPSGLTDTQYF	TRBV12-4*01	TRBJ2-3	1
CASSPPSGNTIYF	TRBV9*01	TRBJ1-3	1
CASSPPSGRGPYEQYF	TRBV18*01	TRBJ2-7	1
CASSPPSPDTQYF	TRBV27*01	TRBJ2-3	1
CASSPPSPSAEQYF	TRBV27*01	TRBJ2-7	1
CASSPPSSVGGTEAFF	TRBV18*01	TRBJ1-1	1
CASSPPSYYEQYF	TRBV5-5*01	TRBJ2-7	1
CASSPPTGTPYEQYF	TRBV9*01	TRBJ2-7	1
CASSPPTSGRLTDTQYF	TRBV5-4*01	TRBJ2-3	1
CASSPPTSRETQYF	TRBV3-1*01	TRBJ2-5	1
CASSPPTSTDTQYF	TRBV18*01	TRBJ2-3	1
CASSPPTVLWADTQYF	TRBV7-2*01	TRBJ2-3	1
CASSPPVGGQGMYEQYF	TRBV12-4*01	TRBJ2-7	1
CASSPPVGNEQFF	TRBV18*01	TRBJ2-1	1
CASSPPVGTWSLNNEQFF	TRBV18*01	TRBJ2-1	1
CASSPPVSTSRDTQYF	TRBV7-9*01	TRBJ2-3	1
CASSPPVTGEQTQYF	TRBV7-9*01	TRBJ2-5	1
CASSPPWAAPRTQYF	TRBV11-2*01	TRBJ2-3	1
CASSPPWLGSETDTQYF	TRBV28*01	TRBJ2-3	1
CASSPPWQGAFSTEAFF	TRBV7-3*01	TRBJ1-1	1
CASSPQAANYGYTF	TRBV5-5*01	TRBJ1-2	1
CASSPQAGGQGNIQYF	TRBV12-4*01	TRBJ2-4	1
CASSPQAGGSYEQYF	TRBV12-4*01	TRBJ2-7	1
CASSPQARDYEQYF	TRBV2*01	TRBJ2-7	1
CASSPQDREDGYTF	TRBV4-3*01	TRBJ1-2	1
CASSPQDRGLVDEQFF	TRBV3-1*01	TRBJ2-1	1
CASSPQDRGVSVIGQPQHF	TRBV6-3*01	TRBJ1-5	1
CASSPQDSLLATNEKLFF	TRBV5-1*01	TRBJ1-4	1
CASSPQDSPTDTQYF	TRBV18*01	TRBJ2-3	1
CASSPQGAGGNTIYF	TRBV27*01	TRBJ1-3	1
CASSPQGATYEQYF	TRBV7-8*01	TRBJ2-7	1
CASSPQGAYEQYF	TRBV19*01	TRBJ2-7	1
CASSPQGDEQFF	TRBV4-3*01	TRBJ2-1	1
CASSPQGEITYNEQFF	TRBV28*01	TRBJ2-1	1
CASSPQGFQETQYF	TRBV7-2*01	TRBJ2-5	1
CASSPQGFQPQHF	TRBV27*01	TRBJ1-5	1
CASSPQGGDEQYF	TRBV3-1*01	TRBJ2-7	1
CASSPQGGGDGYTF	TRBV6-5*01	TRBJ1-2	8
CASSPQGGGRDEQYF	TRBV6-1*01	TRBJ2-7	1
CASSPQGGNYGYTF	TRBV6-5*01	TRBJ1-2	1
CASSPQGGTGETQYF	TRBV7-3*01	TRBJ2-5	1
CASSPQGHEQYF	TRBV12-3*01	TRBJ2-7	1
CASSPQGHTGELFF	TRBV7-8*01	TRBJ2-2	1
CASSPQGLGQPQHF	TRBV27*01	TRBJ1-5	1
CASSPQGNIQYF	TRBV27*01	TRBJ2-4	1
CASSPQGPRGYTF	TRBV6-5*01	TRBJ1-2	1
CASSPQGQGNGYTF	TRBV28*01	TRBJ1-2	1
CASSPQGRYEQYF	TRBV27*01	TRBJ2-7	1
CASSPQGSDNEQFF	TRBV5-1*01	TRBJ2-1	1
CASSPQGSDTQYF	TRBV27*01	TRBJ2-3	1
CASSPQGSGANVLTF	TRBV27*01	TRBJ2-6	1
CASSPQGTFYEQYF	TRBV9*01	TRBJ2-7	1
CASSPQGTNEKLFF	TRBV5-6*01	TRBJ1-4	1
CASSPQGVGQPQHF	TRBV28*01	TRBJ1-5	1
CASSPQGVIQGGEAQHF	TRBV6-5*01	TRBJ1-5	1
CASSPQLAAFNYGYTF	TRBV4-1*01	TRBJ1-2	1
CASSPQLAGGNEQFF	TRBV12-4*01	TRBJ2-1	1
CASSPQLAGGREQYF	TRBV7-9*01	TRBJ2-7	1
CASSPQLIYGYTF	TRBV28*01	TRBJ1-2	1
CASSPQLTVNYGYTF	TRBV7-2*01	TRBJ1-2	5
CASSPQMNTEAFF	TRBV6-5*01	TRBJ1-1	1
CASSPQNF	TRBV12-3*01	TRBJ1-1	1
CASSPQNTDTQYF	TRBV5-6*01	TRBJ2-3	1
CASSPQRGGSYNEQFF	TRBV4-3*01	TRBJ2-1	1
CASSPQRGSSYEQYF	TRBV4-3*01	TRBJ2-7	1
CASSPQSGAYNEQFF	TRBV12-4*01	TRBJ2-1	1
CASSPQSSSSSTDTQYF	TRBV18*01	TRBJ2-3	1
CASSPQTEYGYTF	TRBV9*01	TRBJ1-2	1
CASSPQTGGSNQPQHF	TRBV7-9*01	TRBJ1-5	1
CASSPQTSGLTGELFF	TRBV7-2*01	TRBJ2-2	1
CASSPQVARSYNEQFF	TRBV9*01	TRBJ2-1	1
CASSPQVGVQPQHF	TRBV18*01	TRBJ1-5	1
CASSPQWELNYGYTF	TRBV3-1*01	TRBJ1-2	1
CASSPQWGSGANVLTF	TRBV9*01	TRBJ2-6	1
CASSPQWRQHTNYGYTF	TRBV18*01	TRBJ1-2	1
CASSPQWTLYGYTF	TRBV18*01	TRBJ1-2	1
CASSPRAGAYEQYF	TRBV7-9*01	TRBJ2-7	1
CASSPRAGDNTEAFF	TRBV7-9*01	TRBJ1-1	1
CASSPRAGGPETEYQETQYF	TRBV3-1*01	TRBJ2-5	1
CASSPRAGKESYGYTF	TRBV7-9*01	TRBJ1-2	1
CASSPRAGKETQYF	TRBV7-6*01	TRBJ2-5	8
CASSPRAKGGYTF	TRBV14*01	TRBJ1-2	1
CASSPRARGARETQYF	TRBV6-3*01	TRBJ2-5	1
CASSPRARQPQHF	TRBV6-6*01	TRBJ1-5	1
CASSPRASSSVNEQFF	TRBV11-2*01	TRBJ2-1	1
CASSPRATEAFF	TRBV7-9*01	TRBJ1-1	1
CASSPRATRDEQFF	TRBV6-3*01	TRBJ2-1	1
CASSPRDERTGYTF	TRBV3-1*01	TRBJ1-2	1
CASSPRDGELFF	TRBV7-9*01	TRBJ2-2	1
CASSPRDIEQFF	TRBV11-2*01	TRBJ2-1	1
CASSPRDKETQYF	TRBV5-4*01	TRBJ2-5	1
CASSPRDLGNTIYF	TRBV4-1*01	TRBJ1-3	1
CASSPRDQGLETDTQYF	TRBV11-3*01	TRBJ2-3	1
CASSPRDRARKLFF	TRBV7-9*01	TRBJ1-4	1
CASSPRDRDSYEQYF	TRBV19*01	TRBJ2-7	1
CASSPRDRENEQFF	TRBV4-1*01	TRBJ2-1	1
CASSPRDRERGEQYF	TRBV11-2*01	TRBJ2-7	2
CASSPRDRERGEQYF	TRBV7-2*01	TRBJ2-7	534
CASSPRDRERGEQYV	TRBV7-2*01	TRBJ2-7	1
CASSPRDRGNTEAFF	TRBV7-9*01	TRBJ1-1	1
CASSPRDRGTDTQYF	TRBV4-1*01	TRBJ2-3	1
CASSPRDRLTEAFF	TRBV19*01	TRBJ1-1	1
CASSPRDRNYEQYF	TRBV7-2*01	TRBJ2-7	1
CASSPRDRPQETQYF	TRBV12-4*01	TRBJ2-5	1
CASSPRDRTGGYTF	TRBV18*01	TRBJ1-2	1
CASSPRDRVSPLHF	TRBV18*01	TRBJ1-6	1
CASSPRDRVYEQYF	TRBV6-3*01	TRBJ2-7	1
CASSPRDSLVLAKNIQYF	TRBV6-5*01	TRBJ2-4	1
CASSPRDSSTDTQYF	TRBV19*01	TRBJ2-3	1
CASSPRDSYEQYF	TRBV9*01	TRBJ2-7	1
CASSPRDTDNEQFF	TRBV18*01	TRBJ2-1	1
CASSPRDTFYPDNQPQHF	TRBV5-8*01	TRBJ1-5	1
CASSPRDTPWYQETQYF	TRBV14*01	TRBJ2-5	1
CASSPRDTYNEQFF	TRBV7-3*01	TRBJ2-1	1
CASSPRDTYYGYTF	TRBV5-5*01	TRBJ1-2	1
CASSPRDYTNNEQFF	TRBV27*01	TRBJ2-1	1
CASSPREAYYTGELFF	TRBV14*01	TRBJ2-2	1
CASSPREDSNQPQHF	TRBV7-9*01	TRBJ1-5	1
CASSPREEANEKLFF	TRBV28*01	TRBJ1-4	1
CASSPREGHDTGELFF	TRBV4-2*01	TRBJ2-2	1
CASSPREGNEQFF	TRBV4-1*01	TRBJ2-1	1
CASSPREGSGELFF	TRBV7-9*01	TRBJ2-2	1
CASSPREGTVTYEQYF	TRBV18*01	TRBJ2-7	1
CASSPRELNTGELFF	TRBV7-9*01	TRBJ2-2	1
CASSPRESSYNSPLHF	TRBV6-6*01	TRBJ1-6	1
CASSPRETYEQYF	TRBV5-8*01	TRBJ2-7	1
CASSPRFF	TRBV12-3*01	TRBJ2-1	1
CASSPRGANTEAFF	TRBV6-5*01	TRBJ1-1	1
CASSPRGAYGYTF	TRBV7-3*01	TRBJ1-2	1
CASSPRGEGQGDVGELFF	TRBV4-2*01	TRBJ2-2	1
CASSPRGEKLFF	TRBV12-3*01	TRBJ1-4	6
CASSPRGEYTGELFF	TRBV7-9*01	TRBJ2-2	1
CASSPRGFHEQYF	TRBV11-2*01	TRBJ2-7	1
CASSPRGGLAGGLTQTQYF	TRBV11-2*01	TRBJ2-5	1
CASSPRGGPGNTIYF	TRBV28*01	TRBJ1-3	1
CASSPRGGPTEAFF	TRBV11-2*01	TRBJ1-1	1
CASSPRGGRRLRETQYF	TRBV7-2*01	TRBJ2-5	1
CASSPRGGSSYNEQFF	TRBV7-9*01	TRBJ2-1	1
CASSPRGGTADTQYF	TRBV6-4*01	TRBJ2-3	1
CASSPRGGTEAFF	TRBV4-1*01	TRBJ1-1	1
CASSPRGGTRTEQYF	TRBV3-1*01	TRBJ2-7	1
CASSPRGGVEKTQYF	TRBV13*01	TRBJ2-5	1
CASSPRGGVPGELFF	TRBV11-3*01	TRBJ2-2	1
CASSPRGGYEQYF	TRBV9*01	TRBJ2-7	1
CASSPRGLAEQFF	TRBV11-3*01	TRBJ2-1	1
CASSPRGLDLTEQFF	TRBV6-1*01	TRBJ2-1	1
CASSPRGLDQQETQYF	TRBV18*01	TRBJ2-5	1
CASSPRGLEVYEQYF	TRBV27*01	TRBJ2-7	1
CASSPRGLGYGYTF	TRBV11-2*01	TRBJ1-2	1
CASSPRGLSSYEQYF	TRBV19*01	TRBJ2-7	1
CASSPRGQGGSPLHF	TRBV4-3*01	TRBJ1-6	1
CASSPRGQGNKGYTF	TRBV13*01	TRBJ1-2	1
CASSPRGQLEAFF	TRBV5-1*01	TRBJ1-1	1
CASSPRGQPQHF	TRBV27*01	TRBJ1-5	1
CASSPRGQSYEQYF	TRBV5-4*01	TRBJ2-7	1
CASSPRGQTNTEAFF	TRBV13*01	TRBJ1-1	1
CASSPRGRADTQYF	TRBV3-1*01	TRBJ2-3	1
CASSPRGRGNQPQHF	TRBV18*01	TRBJ1-5	1
CASSPRGRRQPQHF	TRBV18*01	TRBJ1-5	1
CASSPRGTANYGYTF	TRBV6-1*01	TRBJ1-2	1
CASSPRGTNTEAFF	TRBV27*01	TRBJ1-1	1
CASSPRGTVYSNQPQHF	TRBV28*01	TRBJ1-5	1
CASSPRGVENTGELFF	TRBV7-9*01	TRBJ2-2	1
CASSPRGVGIPDTQYF	TRBV13*01	TRBJ2-3	1
CASSPRGWGRFSYEQYF	TRBV18*01	TRBJ2-7	1
CASSPRGWNGLSTDTQYF	TRBV27*01	TRBJ2-3	1
CASSPRIHPDNEQFF	TRBV7-2*01	TRBJ2-1	1
CASSPRILAYEQYF	TRBV27*01	TRBJ2-7	1
CASSPRLAESSYEQYF	TRBV28*01	TRBJ2-7	1
CASSPRLAGAETQYF	TRBV11-1*01	TRBJ2-5	1
CASSPRLAGAPYEQYF	TRBV11-2*01	TRBJ2-7	1
CASSPRLAGASSTDTQYF	TRBV4-3*01	TRBJ2-3	1
CASSPRLAGDPDTDTQYF	TRBV7-3*01	TRBJ2-3	1
CASSPRLAGGDNEQFF	TRBV9*01	TRBJ2-1	1
CASSPRLAGGETQYF	TRBV28*01	TRBJ2-5	1
CASSPRLAGNEQYF	TRBV9*01	TRBJ2-7	1
CASSPRLAGNTGELFF	TRBV5-5*01	TRBJ2-2	1
CASSPRLAGSVYEQYF	TRBV3-1*01	TRBJ2-7	1
CASSPRLAGTGELFF	TRBV28*01	TRBJ2-2	1
CASSPRLAGYQETQYF	TRBV5-1*01	TRBJ2-5	5
CASSPRLAPQYF	TRBV11-1*01	TRBJ2-3	1
CASSPRLATNTDTQYF	TRBV7-3*01	TRBJ2-3	1
CASSPRLEDYGYTF	TRBV7-9*01	TRBJ1-2	1
CASSPRMGSYNEQFF	TRBV12-3*01	TRBJ2-1	1
CASSPRNENEKLFF	TRBV12-3*01	TRBJ1-4	1
CASSPRNSGRGSSTGELFF	TRBV28*01	TRBJ2-2	1
CASSPRPAADTQYF	TRBV11-3*01	TRBJ2-3	1
CASSPRPDGYEQYF	TRBV27*01	TRBJ2-7	1
CASSPRPDKEAFF	TRBV9*01	TRBJ1-1	1
CASSPRPEGTEAFF	TRBV6-5*01	TRBJ1-1	1
CASSPRPENTEAFF	TRBV7-9*01	TRBJ1-1	1
CASSPRPFSGYTF	TRBV18*01	TRBJ1-2	1
CASSPRPGAGELFF	TRBV7-2*01	TRBJ2-2	1
CASSPRPGELFF	TRBV27*01	TRBJ2-2	1
CASSPRPGQVGLANTGELFF	TRBV7-9*01	TRBJ2-2	1
CASSPRPGTPLQETQYF	TRBV5-1*01	TRBJ2-5	1
CASSPRPSYEQYF	TRBV11-2*01	TRBJ2-7	1
CASSPRPTNTGELFF	TRBV3-1*01	TRBJ2-2	1
CASSPRQGADGQYF	TRBV5-1*01	TRBJ2-7	1
CASSPRQGEASF	TRBV27*01	TRBJ1-2	1
CASSPRQGESYEQYF	TRBV11-1*01	TRBJ2-7	1
CASSPRQGGMVRQYF	TRBV5-1*01	TRBJ2-7	1
CASSPRQGGYGYTF	TRBV5-5*01	TRBJ1-2	1
CASSPRQGLINTEAFF	TRBV18*01	TRBJ1-1	1
CASSPRQGLPNVDTQYF	TRBV5-1*01	TRBJ2-3	1
CASSPRQGLTEAFF	TRBV9*01	TRBJ1-1	1
CASSPRQGPETQYF	TRBV7-6*01	TRBJ2-5	1
CASSPRQGRGSTEAFF	TRBV12-4*01	TRBJ1-1	1
CASSPRQGTDTQYF	TRBV18*01	TRBJ2-3	1
CASSPRQGTYTDTQYF	TRBV18*01	TRBJ2-3	1
CASSPRQGWTNEKLFF	TRBV7-9*01	TRBJ1-4	2
CASSPRQGYEQYF	TRBV4-3*01	TRBJ2-7	1
CASSPRQLGANQPQHF	TRBV18*01	TRBJ1-5	1
CASSPRQSYNEQFF	TRBV7-2*01	TRBJ2-1	1
CASSPRRAESPLHF	TRBV27*01	TRBJ1-6	1
CASSPRRDRVYGGYGYTF	TRBV18*01	TRBJ1-2	1
CASSPRREREVYEQYF	TRBV9*01	TRBJ2-7	1
CASSPRREYTEAFF	TRBV6-5*01	TRBJ1-1	1
CASSPRREYTYEQYF	TRBV9*01	TRBJ2-7	10
CASSPRRQIDEQYF	TRBV28*01	TRBJ2-7	1
CASSPRRQNTGELFF	TRBV11-3*01	TRBJ2-2	1
CASSPRRRGRLSYEQYF	TRBV7-3*01	TRBJ2-7	1
CASSPRRVGLAGVNGTDTQYF	TRBV4-1*01	TRBJ2-3	1
CASSPRSPFSGNTIYF	TRBV11-2*01	TRBJ1-3	1
CASSPRSTDTQYF	TRBV19*01	TRBJ2-3	8
CASSPRSYEQYF	TRBV11-2*01	TRBJ2-7	1
CASSPRSYTDTQYF	TRBV28*01	TRBJ2-3	1
CASSPRTAAAYGYTF	TRBV12-4*01	TRBJ1-2	1
CASSPRTAGTSGGAGEQYF	TRBV4-2*01	TRBJ2-7	1
CASSPRTDAERAKNIQYF	TRBV5-1*01	TRBJ2-4	1
CASSPRTDLSAPNTGELFF	TRBV19*01	TRBJ2-2	1
CASSPRTEPHQPQHF	TRBV7-6*01	TRBJ1-5	1
CASSPRTGGRDTIYF	TRBV12-3*01	TRBJ1-3	1
CASSPRTGKPYEQYF	TRBV7-9*01	TRBJ2-7	1
CASSPRTGLEDEQFF	TRBV19*01	TRBJ2-1	1
CASSPRTGLRSGYTF	TRBV28*01	TRBJ1-2	1
CASSPRTGLSSYEQYF	TRBV7-9*01	TRBJ2-7	1
CASSPRTGNTGELFF	TRBV7-9*01	TRBJ2-2	1
CASSPRTGPYEQYF	TRBV27*01	TRBJ2-7	1
CASSPRTGRDEKLFF	TRBV28*01	TRBJ1-4	1
CASSPRTGSTYEQYF	TRBV7-9*01	TRBJ2-7	1
CASSPRTGTYNSPLHF	TRBV7-2*01	TRBJ1-6	1
CASSPRTGYGYTF	TRBV19*01	TRBJ1-2	1
CASSPRTIGEQYF	TRBV4-3*01	TRBJ2-7	1
CASSPRTKSFLSYGYTF	TRBV28*01	TRBJ1-2	1
CASSPRTMSSTDTQYF	TRBV7-9*01	TRBJ2-3	1
CASSPRTPSPGQRSNSPLHF	TRBV7-6*01	TRBJ1-6	1
CASSPRTPYNEQFF	TRBV18*01	TRBJ2-1	1
CASSPRTRADSYNEQFF	TRBV18*01	TRBJ2-1	3
CASSPRTRDRGWGYTF	TRBV4-3*01	TRBJ1-2	1
CASSPRTSDETQYF	TRBV9*01	TRBJ2-5	1
CASSPRTSEQFF	TRBV7-8*01	TRBJ2-1	9
CASSPRTSGIHNEQFF	TRBV11-3*01	TRBJ2-1	1
CASSPRTSGRMEETQYF	TRBV27*01	TRBJ2-5	1
CASSPRTSGRSDTDTQYF	TRBV7-7*01	TRBJ2-3	1
CASSPRTSGSRPDTQYF	TRBV7-9*01	TRBJ2-3	1
CASSPRTSGSYEQYF	TRBV9*01	TRBJ2-7	1
CASSPRTVNTEAFF	TRBV6-5*01	TRBJ1-1	1
CASSPRVADYEQYF	TRBV13*01	TRBJ2-7	1
CASSPRVPSGNTIYF	TRBV28*01	TRBJ1-3	1
CASSPRVTWYQETQYF	TRBV6-3*01	TRBJ2-5	1
CASSPRYSNQPQHF	TRBV12-4*01	TRBJ1-5	1
CASSPSAGGAYNEQFF	TRBV5-5*01	TRBJ2-1	1
CASSPSAQGNEQYF	TRBV4-2*01	TRBJ2-7	1
CASSPSCGGPCTGELFF	TRBV18*01	TRBJ2-2	1
CASSPSDKGSNQPQHF	TRBV5-6*01	TRBJ1-5	1
CASSPSDLTATRDEQYF	TRBV7-2*01	TRBJ2-7	1
CASSPSEAKNIQYF	TRBV18*01	TRBJ2-4	1
CASSPSEANTGELFF	TRBV19*01	TRBJ2-2	1
CASSPSEGLAVMGSYEQYF	TRBV13*01	TRBJ2-7	1
CASSPSEKLLAPANTGELFF	TRBV7-2*01	TRBJ2-2	1
CASSPSENTDTQYF	TRBV28*01	TRBJ2-3	1
CASSPSEVAFF	TRBV7-2*01	TRBJ1-1	1
CASSPSFGQTYEQYF	TRBV9*01	TRBJ2-7	1
CASSPSFRSSYEQYF	TRBV19*01	TRBJ2-7	1
CASSPSGAAGYEQYF	TRBV12-3*01	TRBJ2-7	1
CASSPSGAAYNEQFF	TRBV27*01	TRBJ2-1	1
CASSPSGAAYNEQFF	TRBV4-3*01	TRBJ2-1	1
CASSPSGANVLTF	TRBV12-3*01	TRBJ2-6	1
CASSPSGANVLTF	TRBV5-6*01	TRBJ2-6	1
CASSPSGASEKLFF	TRBV9*01	TRBJ1-4	1
CASSPSGATVQFF	TRBV7-2*01	TRBJ2-1	1
CASSPSGDTQYF	TRBV27*01	TRBJ2-3	1
CASSPSGGAADTQYF	TRBV6-5*01	TRBJ2-3	1
CASSPSGGAGETQYF	TRBV27*01	TRBJ2-5	1
CASSPSGGAGYEQYF	TRBV19*01	TRBJ2-7	1
CASSPSGGAMAGELFF	TRBV9*01	TRBJ2-2	1
CASSPSGGAMETQYF	TRBV19*01	TRBJ2-5	1
CASSPSGGDYNEQFF	TRBV2*01	TRBJ2-1	7
CASSPSGGEVFGEKLFF	TRBV6-5*01	TRBJ1-4	1
CASSPSGGGLNEQFF	TRBV19*01	TRBJ2-1	1
CASSPSGGGSYEQYF	TRBV7-3*01	TRBJ2-7	1
CASSPSGGGTEAFF	TRBV7-9*01	TRBJ1-1	1
CASSPSGGLVGQPQHF	TRBV4-1*01	TRBJ1-5	1
CASSPSGGNNSPLHF	TRBV27*01	TRBJ1-6	1
CASSPSGGSLADTQYF	TRBV7-2*01	TRBJ2-3	1
CASSPSGGSLQPQHF	TRBV19*01	TRBJ1-5	1
CASSPSGGVGQPQHF	TRBV7-8*01	TRBJ1-5	1
CASSPSGGYEQYF	TRBV9*01	TRBJ2-7	1
CASSPSGLLLAGGETQYF	TRBV5-1*01	TRBJ2-5	1
CASSPSGLNTEAFF	TRBV9*01	TRBJ1-1	1
CASSPSGNTEAFF	TRBV7-9*01	TRBJ1-1	2
CASSPSGPYGYTF	TRBV18*01	TRBJ1-2	1
CASSPSGQGAGGYTF	TRBV13*01	TRBJ1-2	1
CASSPSGQGYLNTEAFF	TRBV4-3*01	TRBJ1-1	1
CASSPSGQPQHF	TRBV7-9*01	TRBJ1-5	1
CASSPSGRALGVETQYF	TRBV27*01	TRBJ2-5	1
CASSPSGRATDTQYF	TRBV11-2*01	TRBJ2-3	1
CASSPSGRLNTGELFF	TRBV7-3*01	TRBJ2-2	1
CASSPSGSFNSPLHF	TRBV18*01	TRBJ1-6	1
CASSPSGSGSGANVLTF	TRBV7-9*01	TRBJ2-6	1
CASSPSGSSYNEQFF	TRBV19*01	TRBJ2-1	2
CASSPSGTGELFF	TRBV19*01	TRBJ2-2	1
CASSPSGTGLNQPQHF	TRBV4-1*01	TRBJ1-5	1
CASSPSGTGVRHQETQYF	TRBV28*01	TRBJ2-5	1
CASSPSGTIGNEQFF	TRBV9*01	TRBJ2-1	1
CASSPSGTSAYNEQFF	TRBV7-9*01	TRBJ2-1	1
CASSPSGTSGTDTQYF	TRBV5-6*01	TRBJ2-3	1
CASSPSGVTEAFF	TRBV4-3*01	TRBJ1-1	1
CASSPSGVYEQFF	TRBV13*01	TRBJ2-1	1
CASSPSGYEQYF	TRBV2*01	TRBJ2-7	1
CASSPSKWAGYEQYF	TRBV18*01	TRBJ2-7	1
CASSPSLAASSYYNEQFF	TRBV7-3*01	TRBJ2-1	1
CASSPSLAEITDTQYF	TRBV4-3*01	TRBJ2-3	1
CASSPSLAGANTGELFF	TRBV7-3*01	TRBJ2-2	1
CASSPSLAGDAYEQYF	TRBV4-3*01	TRBJ2-7	1
CASSPSLGASGGTGELFF	TRBV4-3*01	TRBJ2-2	1
CASSPSLGLGMGRETQYF	TRBV3-1*01	TRBJ2-5	1
CASSPSLGQGETNEQFF	TRBV7-3*01	TRBJ2-1	1
CASSPSLGTGGGLQFF	TRBV6-5*01	TRBJ2-1	1
CASSPSLLNEQYF	TRBV7-8*01	TRBJ2-7	1
CASSPSLRDPEETQYF	TRBV14*01	TRBJ2-5	1
CASSPSLTSGEETQYF	TRBV11-2*01	TRBJ2-5	1
CASSPSLYLTDTQYF	TRBV18*01	TRBJ2-3	1
CASSPSMTGIMSDEQFF	TRBV6-5*01	TRBJ2-1	1
CASSPSNDEQYF	TRBV4-1*01	TRBJ2-7	1
CASSPSNNEQFF	TRBV7-8*01	TRBJ2-1	1
CASSPSNSGPIQQFF	TRBV9*01	TRBJ2-1	1
CASSPSPANYGYTF	TRBV28*01	TRBJ1-2	1
CASSPSPASDTDTQYF	TRBV4-3*01	TRBJ2-3	2
CASSPSPDSSYEQYF	TRBV27*01	TRBJ2-7	1
CASSPSPGEAFF	TRBV12-4*01	TRBJ1-1	1
CASSPSPGETQYF	TRBV7-3*01	TRBJ2-5	1
CASSPSPGGGVATQYF	TRBV7-8*01	TRBJ2-5	1
CASSPSPGGKPGGYTF	TRBV2*01	TRBJ1-2	1
CASSPSPGGQPQHF	TRBV6-5*01	TRBJ1-5	1
CASSPSPGLILENYGYTF	TRBV6-5*01	TRBJ1-2	1
CASSPSPNGEQYF	TRBV6-4*01	TRBJ2-7	1
CASSPSPRLASPLHF	TRBV18*01	TRBJ1-6	1
CASSPSPRVEKYTEAFF	TRBV5-6*01	TRBJ1-1	2
CASSPSPWGDPLYGYTF	TRBV7-2*01	TRBJ1-2	1
CASSPSPYEQYF	TRBV14*01	TRBJ2-7	1
CASSPSPYEQYF	TRBV19*01	TRBJ2-7	1
CASSPSQGVDEKLFF	TRBV6-5*01	TRBJ1-4	1
CASSPSRDSGSHEKLFF	TRBV5-1*01	TRBJ1-4	1
CASSPSREGRLYEQYF	TRBV9*01	TRBJ2-7	1
CASSPSREQYF	TRBV6-6*01	TRBJ2-7	1
CASSPSREWGYNEQFF	TRBV3-1*01	TRBJ2-1	1
CASSPSRGGYYEQYF	TRBV27*01	TRBJ2-7	1
CASSPSRLGQPYGYTF	TRBV4-1*01	TRBJ1-2	1
CASSPSRPWGPHSNTGELFF	TRBV27*01	TRBJ2-2	1
CASSPSRQARNTGELFF	TRBV18*01	TRBJ2-2	1
CASSPSRQGVPGETQYF	TRBV18*01	TRBJ2-5	1
CASSPSRSGADTQYF	TRBV4-1*01	TRBJ2-3	2
CASSPSRTASGNTIYF	TRBV18*01	TRBJ1-3	1
CASSPSSADTQYF	TRBV4-3*01	TRBJ2-3	1
CASSPSSAGGHNEQFF	TRBV28*01	TRBJ2-1	1
CASSPSSDDEQFF	TRBV7-3*01	TRBJ2-1	1
CASSPSSGGAGETQYF	TRBV7-2*01	TRBJ2-5	1
CASSPSSGNTIYF	TRBV7-9*01	TRBJ1-3	1
CASSPSSGSYNEQFF	TRBV7-8*01	TRBJ2-1	4
CASSPSSRGRGSEQFF	TRBV7-9*01	TRBJ2-1	1
CASSPSSSGANVLTF	TRBV7-8*01	TRBJ2-6	1
CASSPSSSPDGFGYTF	TRBV9*01	TRBJ1-2	1
CASSPSSSYEQYF	TRBV12-4*01	TRBJ2-7	1
CASSPSSTEAFF	TRBV7-9*01	TRBJ1-1	1
CASSPSSYEQYF	TRBV12-4*01	TRBJ2-7	1
CASSPSSYEQYF	TRBV27*01	TRBJ2-7	2
CASSPSSYEQYF	TRBV7-2*01	TRBJ2-7	9
CASSPSTDTEAFF	TRBV4-3*01	TRBJ1-1	1
CASSPSTGAHEQYF	TRBV5-6*01	TRBJ2-7	1
CASSPSTGETAEAFF	TRBV9*01	TRBJ1-1	1
CASSPSTGGATNEKLFF	TRBV6-6*01	TRBJ1-4	1
CASSPSTGGVYGYTF	TRBV18*01	TRBJ1-2	1
CASSPSTGIGYEQYF	TRBV4-3*01	TRBJ2-7	3
CASSPSTGTDHEQFF	TRBV28*01	TRBJ2-1	1
CASSPSTTSNSYEQYF	TRBV11-2*01	TRBJ2-7	1
CASSPSVAYEQYF	TRBV4-1*01	TRBJ2-7	1
CASSPSVGDTYEQYF	TRBV27*01	TRBJ2-7	1
CASSPSVRTDTQYF	TRBV18*01	TRBJ2-3	1
CASSPSVYEQFF	TRBV3-1*01	TRBJ2-1	1
CASSPSWGSTEAFF	TRBV21-1*01	TRBJ1-1	1
CASSPSWQGEKDTQYF	TRBV18*01	TRBJ2-3	1
CASSPSWSTNEKLFF	TRBV5-1*01	TRBJ1-4	1
CASSPSYEGRPQETQYF	TRBV18*01	TRBJ2-5	1
CASSPSYEQYF	TRBV5-5*01	TRBJ2-7	1
CASSPSYLPGQTQETQYF	TRBV7-6*01	TRBJ2-5	1
CASSPTAGEVANYGYTF	TRBV28*01	TRBJ1-2	1
CASSPTAGGRDEQFF	TRBV7-3*01	TRBJ2-1	1
CASSPTASGPYSYNEQFF	TRBV13*01	TRBJ2-1	1
CASSPTDFSYEQYF	TRBV4-1*01	TRBJ2-7	1
CASSPTDKNTEAFF	TRBV18*01	TRBJ1-1	1
CASSPTDSIQETQYF	TRBV4-1*01	TRBJ2-5	1
CASSPTDSYEQYF	TRBV4-3*01	TRBJ2-7	1
CASSPTDTKSYGYTF	TRBV5-4*01	TRBJ1-2	1
CASSPTEGWEYNSPLHF	TRBV6-3*01	TRBJ1-6	1
CASSPTENTEAFF	TRBV9*01	TRBJ1-1	1
CASSPTFYGVMDEQFF	TRBV11-2*01	TRBJ2-1	1
CASSPTGAGGHEQFF	TRBV9*01	TRBJ2-1	1
CASSPTGAGPYGYTF	TRBV14*01	TRBJ1-2	1
CASSPTGARDTQYF	TRBV7-9*01	TRBJ2-3	1
CASSPTGASYNEQFF	TRBV28*01	TRBJ2-1	1
CASSPTGAWVNEQYF	TRBV7-9*01	TRBJ2-7	1
CASSPTGDGYTF	TRBV5-4*01	TRBJ1-2	1
CASSPTGDTQYF	TRBV7-3*01	TRBJ2-3	1
CASSPTGEHTAAFF	TRBV7-6*01	TRBJ1-1	1
CASSPTGENQPQHF	TRBV9*01	TRBJ1-5	1
CASSPTGFDGYTF	TRBV10-2*01	TRBJ1-2	1
CASSPTGFF	TRBV12-3*01	TRBJ2-1	2
CASSPTGFSSYEQYF	TRBV7-9*01	TRBJ2-7	1
CASSPTGGASNEQYF	TRBV12-3*01	TRBJ2-7	1
CASSPTGGDLGNEQFF	TRBV12-4*01	TRBJ2-1	1
CASSPTGGEQYF	TRBV9*01	TRBJ2-7	1
CASSPTGGKSGELFF	TRBV7-6*01	TRBJ2-2	1
CASSPTGGLGPYEQYF	TRBV18*01	TRBJ2-7	1
CASSPTGGMNSPLHF	TRBV12-4*01	TRBJ1-6	1
CASSPTGGPADTQYF	TRBV18*01	TRBJ2-3	1
CASSPTGGPYEQYF	TRBV7-3*01	TRBJ2-7	1
CASSPTGGQLHF	TRBV7-9*01	TRBJ1-6	1
CASSPTGGRYGYTF	TRBV4-3*01	TRBJ1-2	1
CASSPTGGSSGANVLTF	TRBV9*01	TRBJ2-6	1
CASSPTGGSYNEQFF	TRBV19*01	TRBJ2-1	1
CASSPTGGTEAFF	TRBV9*01	TRBJ1-1	1
CASSPTGGTEKLFF	TRBV12-4*01	TRBJ1-4	1
CASSPTGIGNTIYF	TRBV14*01	TRBJ1-3	1
CASSPTGLAAYNEQFF	TRBV27*01	TRBJ2-1	1
CASSPTGLAGAYEQYF	TRBV3-1*01	TRBJ2-7	1
CASSPTGLAGRNEQFF	TRBV6-3*01	TRBJ2-1	1
CASSPTGLANTGELFF	TRBV7-9*01	TRBJ2-2	1
CASSPTGLEAFF	TRBV6-6*01	TRBJ1-1	2
CASSPTGLGQPQHF	TRBV28*01	TRBJ1-5	2
CASSPTGLGSDNEQFF	TRBV28*01	TRBJ2-1	1
CASSPTGLLNEQFF	TRBV10-1*01	TRBJ2-1	1
CASSPTGLNTEAFF	TRBV18*01	TRBJ1-1	1
CASSPTGLRVQETQYF	TRBV27*01	TRBJ2-5	1
CASSPTGLSQPQHF	TRBV27*01	TRBJ1-5	1
CASSPTGNPPETQYF	TRBV18*01	TRBJ2-5	1
CASSPTGPTYEQYF	TRBV28*01	TRBJ2-7	1
CASSPTGQDTGELFF	TRBV6-3*01	TRBJ2-2	1
CASSPTGQGAANYGYTF	TRBV28*01	TRBJ1-2	1
CASSPTGQNPYEQYF	TRBV13*01	TRBJ2-7	1
CASSPTGREQFF	TRBV7-2*01	TRBJ2-1	1
CASSPTGSDTGELFF	TRBV6-4*01	TRBJ2-2	1
CASSPTGSGGFDTQYF	TRBV7-2*01	TRBJ2-3	1
CASSPTGSSYEQYF	TRBV19*01	TRBJ2-7	1
CASSPTGSSYEQYF	TRBV6-6*01	TRBJ2-7	1
CASSPTGSTGEEQYF	TRBV13*01	TRBJ2-7	1
CASSPTGTAYGYTF	TRBV27*01	TRBJ1-2	6
CASSPTGTGAHEQYF	TRBV5-5*01	TRBJ2-7	1
CASSPTGTGDYNEQFF	TRBV9*01	TRBJ2-1	1
CASSPTGTGETQYF	TRBV7-2*01	TRBJ2-5	1
CASSPTGTGLYEQYF	TRBV6-5*01	TRBJ2-7	1
CASSPTGTQSYEQYF	TRBV19*01	TRBJ2-7	1
CASSPTGTSVPYEQFF	TRBV2*01	TRBJ2-1	1
CASSPTGVGQPQHF	TRBV28*01	TRBJ1-5	1
CASSPTGVGQPQHF	TRBV6-3*01	TRBJ1-5	1
CASSPTGWEKLFF	TRBV12-4*01	TRBJ1-4	1
CASSPTGYEQYF	TRBV12-4*01	TRBJ2-7	1
CASSPTGYHQPQHF	TRBV6-6*01	TRBJ1-5	3
CASSPTGYNEQFF	TRBV28*01	TRBJ2-1	1
CASSPTLAASTDTQYF	TRBV7-3*01	TRBJ2-3	1
CASSPTLAGGVYEQYF	TRBV12-4*01	TRBJ2-7	1
CASSPTLAGLAKNIQYF	TRBV7-6*01	TRBJ2-4	1
CASSPTLAVTGKLFF	TRBV4-3*01	TRBJ1-4	1
CASSPTLGLPTDTQYF	TRBV6-3*01	TRBJ2-3	1
CASSPTLGRTYEQYF	TRBV28*01	TRBJ2-7	1
CASSPTLRGGLNEQYF	TRBV19*01	TRBJ2-7	1
CASSPTLSPHTDTQYF	TRBV3-1*01	TRBJ2-3	1
CASSPTLTGTEKLFF	TRBV11-1*01	TRBJ1-4	1
CASSPTLTSGGANEQFF	TRBV5-6*01	TRBJ2-1	1
CASSPTMGETQYF	TRBV12-3*01	TRBJ2-5	1
CASSPTMNTEAFF	TRBV4-1*01	TRBJ1-1	1
CASSPTNEAFF	TRBV9*01	TRBJ1-1	1
CASSPTNEKLFF	TRBV28*01	TRBJ1-4	1
CASSPTNQPQHF	TRBV6-3*01	TRBJ1-5	1
CASSPTPAYSGGTSYEQYF	TRBV19*01	TRBJ2-7	1
CASSPTPGLAGGGETQYF	TRBV7-3*01	TRBJ2-5	1
CASSPTPGQRHTDTQYF	TRBV12-4*01	TRBJ2-3	1
CASSPTPLYNEQFF	TRBV12-3*01	TRBJ2-1	1
CASSPTPPSSYNEQFF	TRBV7-7*01	TRBJ2-1	1
CASSPTPTGSSTDTQYF	TRBV9*01	TRBJ2-3	1
CASSPTPTSGRVYEQYF	TRBV7-9*01	TRBJ2-7	1
CASSPTPVGGPLHF	TRBV7-9*01	TRBJ1-6	1
CASSPTQETGYNEQFF	TRBV7-9*01	TRBJ2-1	1
CASSPTQGAGDTQYF	TRBV4-3*01	TRBJ2-3	1
CASSPTQGAREQYF	TRBV7-8*01	TRBJ2-7	1
CASSPTQGATGELFF	TRBV4-1*01	TRBJ2-2	1
CASSPTQGGMNTEAFF	TRBV28*01	TRBJ1-1	1
CASSPTQTSGHTDTQYF	TRBV11-2*01	TRBJ2-3	1
CASSPTRDNEQFF	TRBV13*01	TRBJ2-1	1
CASSPTRDTEAFF	TRBV18*01	TRBJ1-1	1
CASSPTRGFTSYEQYF	TRBV11-2*01	TRBJ2-7	1
CASSPTRGLAKNIQYF	TRBV18*01	TRBJ2-4	1
CASSPTRGQGSYEQYF	TRBV28*01	TRBJ2-7	1
CASSPTRGRKNTGELFF	TRBV25-1*01	TRBJ2-2	1
CASSPTRPANTGELFF	TRBV18*01	TRBJ2-2	1
CASSPTRSPYNEQFF	TRBV19*01	TRBJ2-1	1
CASSPTSFGEQFF	TRBV6-3*01	TRBJ2-1	1
CASSPTSGDEQFF	TRBV12-4*01	TRBJ2-1	1
CASSPTSGDNEQFF	TRBV5-4*01	TRBJ2-1	1
CASSPTSGGGDEQYF	TRBV18*01	TRBJ2-7	1
CASSPTSGGGFRETQYF	TRBV9*01	TRBJ2-5	1
CASSPTSGGVYEQYF	TRBV7-2*01	TRBJ2-7	1
CASSPTSGGYEQYF	TRBV4-3*01	TRBJ2-7	1
CASSPTSGGYEQYF	TRBV5-1*01	TRBJ2-7	1
CASSPTSGGYNEQFF	TRBV19*01	TRBJ2-1	2
CASSPTSGISNEQFF	TRBV7-2*01	TRBJ2-1	1
CASSPTSGNTDTQYF	TRBV18*01	TRBJ2-3	1
CASSPTSGRAGGLNEQFF	TRBV4-3*01	TRBJ2-1	1
CASSPTSGRTWDEQFF	TRBV9*01	TRBJ2-1	1
CASSPTSLYQYF	TRBV27*01	TRBJ2-3	1
CASSPTSNNEQFF	TRBV12-4*01	TRBJ2-1	1
CASSPTSNTEAFF	TRBV19*01	TRBJ1-1	27
CASSPTSNTGELFF	TRBV7-2*01	TRBJ2-2	1
CASSPTSTDTQYF	TRBV28*01	TRBJ2-3	1
CASSPTSTGELFF	TRBV9*01	TRBJ2-2	1
CASSPTSYYEQYF	TRBV19*01	TRBJ2-7	1
CASSPTTGEDNEQFF	TRBV7-6*01	TRBJ2-1	1
CASSPTTGEESYNSPLHF	TRBV19*01	TRBJ1-6	1
CASSPTTGGRNEKLFF	TRBV19*01	TRBJ1-4	1
CASSPTTGKLTGELFF	TRBV7-9*01	TRBJ2-2	1
CASSPTTGSNQPQHF	TRBV4-1*01	TRBJ1-5	1
CASSPTTGSYNSPLHF	TRBV9*01	TRBJ1-6	1
CASSPTTGYTEAFF	TRBV7-9*01	TRBJ1-1	1
CASSPTTRDREDYGYTF	TRBV12-4*01	TRBJ1-2	1
CASSPTTSYEQYF	TRBV7-9*01	TRBJ2-7	1
CASSPTVADTQYF	TRBV7-2*01	TRBJ2-3	1
CASSPTVASDEQFF	TRBV5-1*01	TRBJ2-1	1
CASSPTVGAYEQYF	TRBV11-2*01	TRBJ2-7	1
CASSPTVKNEAFF	TRBV27*01	TRBJ1-1	1
CASSPTVLGRLTQYF	TRBV6-5*01	TRBJ2-5	1
CASSPTVNTEAFF	TRBV12-4*01	TRBJ1-1	1
CASSPTVTYNEQFF	TRBV5-8*01	TRBJ2-1	1
CASSPTWGSTGELFF	TRBV7-9*01	TRBJ2-2	1
CASSPTWNQETQYF	TRBV27*01	TRBJ2-5	1
CASSPTWSGEKLFF	TRBV5-1*01	TRBJ1-4	1
CASSPTWSTVLLWPQHF	TRBV4-3*01	TRBJ1-5	1
CASSPTYGSYEQYF	TRBV7-3*01	TRBJ2-7	1
CASSPTYMDRVEEQYF	TRBV5-6*01	TRBJ2-7	1
CASSPTYPSSYNEQFF	TRBV9*01	TRBJ2-1	1
CASSPTYTGELFF	TRBV11-2*01	TRBJ2-2	1
CASSPVAGANEQFF	TRBV3-1*01	TRBJ2-1	1
CASSPVAGESSYEQYF	TRBV18*01	TRBJ2-7	1
CASSPVAGGLIEKLFF	TRBV7-2*01	TRBJ1-4	1
CASSPVALGGSYNEQFF	TRBV27*01	TRBJ2-1	1
CASSPVDRGYSYGYTF	TRBV9*01	TRBJ1-2	1
CASSPVEGANVLTF	TRBV7-6*01	TRBJ2-6	1
CASSPVEGLTYNEQFF	TRBV3-1*01	TRBJ2-1	1
CASSPVERESHEQYF	TRBV28*01	TRBJ2-7	1
CASSPVEVWRGELYEQYF	TRBV7-2*01	TRBJ2-7	1
CASSPVGGFFEQYF	TRBV9*01	TRBJ2-7	1
CASSPVGGGRGETQYF	TRBV18*01	TRBJ2-5	1
CASSPVGGGYNEQFF	TRBV7-6*01	TRBJ2-1	1
CASSPVGGQRGYEQYF	TRBV3-1*01	TRBJ2-7	1
CASSPVGGSSTDTQYF	TRBV9*01	TRBJ2-3	1
CASSPVGGTDTQYF	TRBV7-3*01	TRBJ2-3	1
CASSPVGRGASSAEKLFF	TRBV12-4*01	TRBJ1-4	1
CASSPVGSSSYEQYF	TRBV9*01	TRBJ2-7	1
CASSPVGTGANVLTF	TRBV6-3*01	TRBJ2-6	1
CASSPVGTTNEKLFF	TRBV27*01	TRBJ1-4	1
CASSPVGVNTEAFF	TRBV19*01	TRBJ1-1	1
CASSPVHLFYNEQFF	TRBV27*01	TRBJ2-1	1
CASSPVILTSGASYEQYF	TRBV18*01	TRBJ2-7	2
CASSPVISTDTQYF	TRBV7-9*01	TRBJ2-3	1
CASSPVKGNYGYTF	TRBV5-5*01	TRBJ1-2	1
CASSPVLAGDTDTQYF	TRBV11-2*01	TRBJ2-3	1
CASSPVLAGPSYNEQFF	TRBV7-2*01	TRBJ2-1	1
CASSPVLDPNTGELFF	TRBV7-7*01	TRBJ2-2	1
CASSPVLGDYEQYF	TRBV4-3*01	TRBJ2-7	1
CASSPVLGGNEQFF	TRBV7-2*01	TRBJ2-1	1
CASSPVNTEAFF	TRBV6-3*01	TRBJ1-1	1
CASSPVPGGTEAFF	TRBV7-3*01	TRBJ1-1	1
CASSPVPGYGYTF	TRBV7-2*01	TRBJ1-2	1
CASSPVPLSSYEQYF	TRBV7-2*01	TRBJ2-7	1
CASSPVQGFYNEQFF	TRBV4-3*01	TRBJ2-1	1
CASSPVSGDEKLFF	TRBV4-1*01	TRBJ1-4	2
CASSPVSQGANSGNTIYF	TRBV18*01	TRBJ1-3	17
CASSPVTGELFF	TRBV11-1*01	TRBJ2-2	1
CASSPVTGGGSGANVLTF	TRBV7-9*01	TRBJ2-6	12
CASSPVVAGREGTQYF	TRBV11-1*01	TRBJ2-5	1
CASSPVVRYNEQFF	TRBV4-3*01	TRBJ2-1	1
CASSPVVTSGSGTDTQYF	TRBV5-4*01	TRBJ2-3	1
CASSPWASGGPSRETQYF	TRBV7-3*01	TRBJ2-5	1
CASSPWDQSSYNEQFF	TRBV4-3*01	TRBJ2-1	1
CASSPWDRAQETQYF	TRBV9*01	TRBJ2-5	1
CASSPWDRAYEQYF	TRBV4-3*01	TRBJ2-7	1
CASSPWDRNVYTF	TRBV12-3*01	TRBJ1-2	1
CASSPWDSKYNSPLHF	TRBV7-2*01	TRBJ1-6	1
CASSPWDSPANTGELFF	TRBV12-4*01	TRBJ2-2	1
CASSPWDSPTYGYTF	TRBV27*01	TRBJ1-2	1
CASSPWDTWNTEAFF	TRBV6-3*01	TRBJ1-1	1
CASSPWGAGELFF	TRBV9*01	TRBJ2-2	1
CASSPWGDNTGELFF	TRBV5-1*01	TRBJ2-2	1
CASSPWGFSNQPQHF	TRBV6-5*01	TRBJ1-5	1
CASSPWGLAGGMQFF	TRBV5-6*01	TRBJ2-1	1
CASSPWGRGSTNEKLFF	TRBV7-9*01	TRBJ1-4	1
CASSPWGTIYF	TRBV28*01	TRBJ1-3	1
CASSPWMGASEDTEAFF	TRBV11-2*01	TRBJ1-1	1
CASSPWRDLGGTDTQYF	TRBV5-1*01	TRBJ2-3	1
CASSPWRGDQPQHF	TRBV27*01	TRBJ1-5	1
CASSPWTADQPQHF	TRBV27*01	TRBJ1-5	1
CASSPWTADTQYF	TRBV5-6*01	TRBJ2-3	1
CASSPWTETGELFF	TRBV11-3*01	TRBJ2-2	1
CASSPWTGARWEQYF	TRBV6-1*01	TRBJ2-7	1
CASSPWTGDLNTEAFF	TRBV27*01	TRBJ1-1	1
CASSPWTGGRETQYF	TRBV7-8*01	TRBJ2-5	1
CASSPWTGGRNIQYF	TRBV4-3*01	TRBJ2-4	1
CASSPWTGMNTEAFF	TRBV27*01	TRBJ1-1	1
CASSPWTGNEQFF	TRBV18*01	TRBJ2-1	1
CASSPWTGTNTEAFF	TRBV4-1*01	TRBJ1-1	1
CASSPWTGTPGNTIYF	TRBV11-2*01	TRBJ1-3	1
CASSPWTGVVETQYF	TRBV4-1*01	TRBJ2-5	1
CASSPWTSAGETQYF	TRBV9*01	TRBJ2-5	1
CASSPWVAGGQETQYF	TRBV7-2*01	TRBJ2-5	1
CASSPWYSSYNSPLHF	TRBV11-2*01	TRBJ1-6	1
CASSPYAGVSSYEQYF	TRBV7-2*01	TRBJ2-7	1
CASSPYGDETGFTFNQPQHF	TRBV12-4*01	TRBJ1-5	1
CASSPYGGGPEQYF	TRBV9*01	TRBJ2-7	1
CASSPYGLAGAAGELFF	TRBV27*01	TRBJ2-2	1
CASSPYGLAGGSDTQYF	TRBV13*01	TRBJ2-3	1
CASSPYGLNEQYF	TRBV4-3*01	TRBJ2-7	1
CASSPYGPGQESTGELFF	TRBV18*01	TRBJ2-2	1
CASSPYGTGNKNEQFF	TRBV7-2*01	TRBJ2-1	1
CASSPYGWAKETQYF	TRBV7-3*01	TRBJ2-5	1
CASSPYLAESYEQYF	TRBV7-2*01	TRBJ2-7	1
CASSPYLDIAGYEQYF	TRBV27*01	TRBJ2-7	1
CASSPYLSSYNEQFF	TRBV11-2*01	TRBJ2-1	1
CASSPYMSQDEQYF	TRBV9*01	TRBJ2-7	1
CASSPYPGLELAGGHNEQFF	TRBV7-8*01	TRBJ2-1	1
CASSPYPGTGAGYTF	TRBV7-3*01	TRBJ1-2	1
CASSPYPNTEAFF	TRBV12-4*01	TRBJ1-1	1
CASSPYPPQTTEHNEQFF	TRBV6-1*01	TRBJ2-1	1
CASSPYQGNYGYTF	TRBV7-8*01	TRBJ1-2	1
CASSPYRGPSPLHF	TRBV12-3*01	TRBJ1-6	1
CASSPYRGQQETQYF	TRBV27*01	TRBJ2-5	1
CASSPYRNTEAFF	TRBV9*01	TRBJ1-1	1
CASSPYRVATGNTIYF	TRBV14*01	TRBJ1-3	1
CASSPYSALSYNEQFF	TRBV11-1*01	TRBJ2-1	1
CASSPYSGKETQYF	TRBV11-2*01	TRBJ2-5	1
CASSPYSGLADTQYF	TRBV4-3*01	TRBJ2-3	1
CASSPYSGMNTEAFF	TRBV18*01	TRBJ1-1	1
CASSPYTDRDTATNEKLFF	TRBV18*01	TRBJ1-4	1
CASSPYTGRSEQYF	TRBV7-2*01	TRBJ2-7	1
CASSQAAGDNEKLFF	TRBV14*01	TRBJ1-4	3
CASSQAAGGYEQYF	TRBV4-3*01	TRBJ2-7	1
CASSQAAGKNEQYF	TRBV7-2*01	TRBJ2-7	1
CASSQAANYGYTF	TRBV4-1*01	TRBJ1-2	1
CASSQAARSYEQFF	TRBV4-1*01	TRBJ2-1	1
CASSQAASASTDTQYF	TRBV4-2*01	TRBJ2-3	1
CASSQAAYNEQFF	TRBV7-9*01	TRBJ2-1	1
CASSQAEELNTEAFF	TRBV4-1*01	TRBJ1-1	1
CASSQAEGAGTEAFF	TRBV4-3*01	TRBJ1-1	1
CASSQAEGQASYEQYF	TRBV4-1*01	TRBJ2-7	1
CASSQAEGSGHYEQYF	TRBV4-2*01	TRBJ2-7	1
CASSQAELTEAFF	TRBV4-1*01	TRBJ1-1	1
CASSQAERRELFF	TRBV4-3*01	TRBJ2-2	1
CASSQAESGGAGDTQYF	TRBV4-3*01	TRBJ2-3	1
CASSQAFWGLAGSYNEQFF	TRBV4-3*01	TRBJ2-1	1
CASSQAGDEQYF	TRBV4-1*01	TRBJ2-7	1
CASSQAGEGTEAFF	TRBV4-1*01	TRBJ1-1	1
CASSQAGFGETQYF	TRBV4-3*01	TRBJ2-5	1
CASSQAGGDTQYF	TRBV4-1*01	TRBJ2-3	1
CASSQAGGGGGSPYNEQFF	TRBV4-1*01	TRBJ2-1	1
CASSQAGGGHAGNEQFF	TRBV4-2*01	TRBJ2-1	1
CASSQAGGLFEQYF	TRBV4-3*01	TRBJ2-7	1
CASSQAGGQPQHF	TRBV14*01	TRBJ1-5	1
CASSQAGGSVRTDTQYF	TRBV3-1*01	TRBJ2-3	1
CASSQAGGTVLYGYTF	TRBV14*01	TRBJ1-2	1
CASSQAGGYGGELFF	TRBV4-1*01	TRBJ2-2	1
CASSQAGPFVDEQFF	TRBV6-5*01	TRBJ2-1	1
CASSQAGQLYEQYF	TRBV4-2*01	TRBJ2-7	1
CASSQAGRAYGYTF	TRBV18*01	TRBJ1-2	1
CASSQAGRVVTQYF	TRBV4-1*01	TRBJ2-5	1
CASSQAGSFEAFF	TRBV4-3*01	TRBJ1-1	1
CASSQAGSSYEQYF	TRBV7-9*01	TRBJ2-7	1
CASSQAGTGTYEQYF	TRBV4-1*01	TRBJ2-7	1
CASSQAGTNYGYTF	TRBV4-1*01	TRBJ1-2	1
CASSQAGTSGFYEQYF	TRBV4-3*01	TRBJ2-7	1
CASSQAGTSNTGELFF	TRBV4-1*01	TRBJ2-2	1
CASSQAGVTDTQYF	TRBV12-3*01	TRBJ2-3	1
CASSQAHPWRRSYNEQFF	TRBV4-3*01	TRBJ2-1	1
CASSQAHSSLDTQYF	TRBV4-3*01	TRBJ2-3	1
CASSQAIGTGGDEQYF	TRBV4-2*01	TRBJ2-7	1
CASSQAIITSDPDTQYF	TRBV3-1*01	TRBJ2-3	1
CASSQAKNTEAFF	TRBV4-1*01	TRBJ1-1	1
CASSQAKPGLSVYEQYF	TRBV14*01	TRBJ2-7	1
CASSQALAAEQYF	TRBV4-2*01	TRBJ2-7	1
CASSQALAGGHEQFF	TRBV4-2*01	TRBJ2-1	1
CASSQALAREETQYF	TRBV3-1*01	TRBJ2-5	1
CASSQALGAPEAFF	TRBV4-2*01	TRBJ1-1	1
CASSQALGLAGVSEQFF	TRBV4-2*01	TRBJ2-1	2
CASSQALGTGGIGGLIYEQYF	TRBV4-1*01	TRBJ2-7	1
CASSQALIATSYEQYF	TRBV19*01	TRBJ2-7	1
CASSQALMGLKNIQYF	TRBV4-3*01	TRBJ2-4	1
CASSQALQETQYF	TRBV4-1*01	TRBJ2-5	1
CASSQALSYEQYF	TRBV4-3*01	TRBJ2-7	1
CASSQALWGEPRNTEAFF	TRBV4-1*01	TRBJ1-1	1
CASSQANYEQYF	TRBV14*01	TRBJ2-7	2
CASSQAPAGNTEAFF	TRBV4-1*01	TRBJ1-1	1
CASSQAPGAYEQYF	TRBV11-2*01	TRBJ2-7	1
CASSQAPGETQYF	TRBV4-1*01	TRBJ2-5	5
CASSQAPGGSHSEAFF	TRBV4-2*01	TRBJ1-1	1
CASSQAPGLITDTQYF	TRBV4-3*01	TRBJ2-3	1
CASSQAPGSFPKNIQYF	TRBV4-3*01	TRBJ2-4	1
CASSQAPGSGYTF	TRBV14*01	TRBJ1-2	1
CASSQAPPGRFTYNEQFF	TRBV4-1*01	TRBJ2-1	1
CASSQAPSGGNIQYF	TRBV4-3*01	TRBJ2-4	1
CASSQAPSGQGNYEQYF	TRBV4-3*01	TRBJ2-7	1
CASSQAPTGQTDTQYF	TRBV4-3*01	TRBJ2-3	1
CASSQAQASSYEQYF	TRBV4-1*01	TRBJ2-7	1
CASSQAQDTQYF	TRBV4-1*01	TRBJ2-3	1
CASSQAQGNEQYF	TRBV12-3*01	TRBJ2-7	1
CASSQAQGRGHYEQYF	TRBV4-2*01	TRBJ2-7	1
CASSQAQGRNTEAFF	TRBV4-3*01	TRBJ1-1	1
CASSQAQGSGGEYEQYF	TRBV4-3*01	TRBJ2-7	1
CASSQAQGTRETQYF	TRBV4-3*01	TRBJ2-5	1
CASSQAQGTYEQYF	TRBV4-3*01	TRBJ2-7	1
CASSQAQIQTGELFF	TRBV4-3*01	TRBJ2-2	1
CASSQAQLNTEAFF	TRBV4-2*01	TRBJ1-1	1
CASSQAQPYEQYF	TRBV4-3*01	TRBJ2-7	1
CASSQAQTMGRNNEQFF	TRBV4-1*01	TRBJ2-1	1
CASSQARDSSYEQYF	TRBV4-2*01	TRBJ2-7	1
CASSQARGWTEAFF	TRBV4-3*01	TRBJ1-1	1
CASSQARMETYNEQFF	TRBV6-5*01	TRBJ2-1	1
CASSQARQGGYEQYF	TRBV4-3*01	TRBJ2-7	1
CASSQARTDNIQYF	TRBV4-3*01	TRBJ2-4	1
CASSQARTLNNEQFF	TRBV4-3*01	TRBJ2-1	1
CASSQARTSVNTGELFF	TRBV4-2*01	TRBJ2-2	1
CASSQARWGETQYF	TRBV4-2*01	TRBJ2-5	1
CASSQASGGSTNTGELFF	TRBV4-2*01	TRBJ2-2	1
CASSQASGPGDTQYF	TRBV4-3*01	TRBJ2-3	1
CASSQASGSYEQYF	TRBV4-1*01	TRBJ2-7	1
CASSQASGTELFF	TRBV4-3*01	TRBJ2-2	1
CASSQASKPYEQYF	TRBV14*01	TRBJ2-7	1
CASSQASPGNSPLHF	TRBV4-1*01	TRBJ1-6	1
CASSQASSFPRYTIYF	TRBV3-1*01	TRBJ1-3	1
CASSQASTGASYEQYF	TRBV4-1*01	TRBJ2-7	1
CASSQATASGPKETQYF	TRBV4-1*01	TRBJ2-5	1
CASSQATGEAFF	TRBV4-2*01	TRBJ1-1	1
CASSQATGGGNEQFF	TRBV4-3*01	TRBJ2-1	1
CASSQATGLSLYEQYF	TRBV4-2*01	TRBJ2-7	1
CASSQATGVPYEQYF	TRBV14*01	TRBJ2-7	1
CASSQATNTGELFF	TRBV14*01	TRBJ2-2	1
CASSQATPDSLGSYNSPLHF	TRBV4-3*01	TRBJ1-6	1
CASSQATPGGFDFSYGYTF	TRBV4-1*01	TRBJ1-2	1
CASSQATSAQETQYF	TRBV3-1*01	TRBJ2-5	1
CASSQATSGIFVYEQYF	TRBV3-1*01	TRBJ2-7	1
CASSQATSGRETQYF	TRBV4-3*01	TRBJ2-5	1
CASSQATSGYEQYF	TRBV14*01	TRBJ2-7	1
CASSQATSNYGYTF	TRBV4-3*01	TRBJ1-2	1
CASSQATTGGNEKLFF	TRBV4-3*01	TRBJ1-4	1
CASSQAVGDTQPQHF	TRBV4-2*01	TRBJ1-5	1
CASSQAVGDYKTEAFF	TRBV4-3*01	TRBJ1-1	1
CASSQAVGNEQFF	TRBV14*01	TRBJ2-1	1
CASSQAVNTGELFF	TRBV4-2*01	TRBJ2-2	1
CASSQAVRSSTDTQYF	TRBV4-3*01	TRBJ2-3	1
CASSQAWDTQETQYF	TRBV4-1*01	TRBJ2-5	1
CASSQAYEQYF	TRBV2*01	TRBJ2-7	1
CASSQAYSSGNTIYF	TRBV4-1*01	TRBJ1-3	1
CASSQAYTEAFF	TRBV3-1*01	TRBJ1-1	1
CASSQAYTGADEQFF	TRBV4-3*01	TRBJ2-1	1
CASSQAYYQPSGNTIYF	TRBV14*01	TRBJ1-3	1
CASSQDAAEKGQPQHF	TRBV4-2*01	TRBJ1-5	1
CASSQDAAGEKLFF	TRBV4-3*01	TRBJ1-4	1
CASSQDADTDTQYF	TRBV4-3*01	TRBJ2-3	5
CASSQDAGEGDTGELFF	TRBV3-1*01	TRBJ2-2	1
CASSQDAGLATYEQYF	TRBV4-3*01	TRBJ2-7	1
CASSQDAGTSGVHEQFF	TRBV4-3*01	TRBJ2-1	1
CASSQDAGVGQPQHF	TRBV4-3*01	TRBJ1-5	1
CASSQDAGYEQYF	TRBV4-1*01	TRBJ2-7	1
CASSQDALAGEFEQYF	TRBV3-1*01	TRBJ2-7	1
CASSQDAQGGYEQYF	TRBV4-3*01	TRBJ2-7	1
CASSQDARGAGAYTDTQYF	TRBV14*01	TRBJ2-3	1
CASSQDASGGAGELFF	TRBV4-2*01	TRBJ2-2	1
CASSQDASGPYNEQFF	TRBV4-3*01	TRBJ2-1	1
CASSQDASGRINEQFF	TRBV4-3*01	TRBJ2-1	1
CASSQDASSGTRNEQFF	TRBV4-3*01	TRBJ2-1	2
CASSQDASSRDLYEQYF	TRBV4-3*01	TRBJ2-7	1
CASSQDAYEQYF	TRBV4-2*01	TRBJ2-7	1
CASSQDDHGSNEQYF	TRBV4-3*01	TRBJ2-7	1
CASSQDDLRTGDYSPLHF	TRBV4-1*01	TRBJ1-6	1
CASSQDDRATNEKLFF	TRBV4-3*01	TRBJ1-4	1
CASSQDDSYNEQFF	TRBV4-1*01	TRBJ2-1	1
CASSQDDTTYEQYF	TRBV4-1*01	TRBJ2-7	1
CASSQDDYRGNIQYF	TRBV4-1*01	TRBJ2-4	1
CASSQDEDRDQPQHF	TRBV4-3*01	TRBJ1-5	1
CASSQDEDYEDEQFF	TRBV14*01	TRBJ2-1	1
CASSQDEGDVWTGANVLTF	TRBV3-1*01	TRBJ2-6	1
CASSQDEKLFF	TRBV28*01	TRBJ1-4	1
CASSQDELTGAGNTIYF	TRBV4-3*01	TRBJ1-3	1
CASSQDERIQETQYF	TRBV4-3*01	TRBJ2-5	1
CASSQDETGQTYEQYF	TRBV4-3*01	TRBJ2-7	1
CASSQDETLQEETQYF	TRBV3-1*01	TRBJ2-5	1
CASSQDFGRERADTQYF	TRBV4-3*01	TRBJ2-3	1
CASSQDFLSNQPQHF	TRBV4-3*01	TRBJ1-5	1
CASSQDFLTSGMYNEQFF	TRBV4-2*01	TRBJ2-1	1
CASSQDFMGGDNEQFF	TRBV14*01	TRBJ2-1	1
CASSQDFPASYNSPLHF	TRBV14*01	TRBJ1-6	1
CASSQDFRGEFRTNEKLFF	TRBV4-3*01	TRBJ1-4	1
CASSQDFSGRIQETQYF	TRBV3-1*01	TRBJ2-5	1
CASSQDFSTTGLDGYTF	TRBV4-3*01	TRBJ1-2	1
CASSQDFTQGFAYEQYF	TRBV3-1*01	TRBJ2-7	1
CASSQDFTYEQYF	TRBV3-1*01	TRBJ2-7	1
CASSQDFVLYSGNTIYF	TRBV14*01	TRBJ1-3	1
CASSQDGAAGDEQFF	TRBV4-1*01	TRBJ2-1	1
CASSQDGAGASYEQYF	TRBV4-3*01	TRBJ2-7	1
CASSQDGAGNGYTF	TRBV4-3*01	TRBJ1-2	1
CASSQDGALAGGLEDTQYF	TRBV4-3*01	TRBJ2-3	1
CASSQDGASEMWVEQYF	TRBV4-1*01	TRBJ2-7	1
CASSQDGDSGANVLTF	TRBV4-3*01	TRBJ2-6	1
CASSQDGDSYEQYF	TRBV4-3*01	TRBJ2-7	1
CASSQDGDTDNEKLFF	TRBV4-3*01	TRBJ1-4	1
CASSQDGEPYGYTF	TRBV4-3*01	TRBJ1-2	1
CASSQDGESSYNEQFF	TRBV4-3*01	TRBJ2-1	1
CASSQDGETQYF	TRBV4-1*01	TRBJ2-5	1
CASSQDGETQYF	TRBV4-3*01	TRBJ2-5	1
CASSQDGGAGYGYTF	TRBV4-3*01	TRBJ1-2	1
CASSQDGGDETPNTEAFF	TRBV3-1*01	TRBJ1-1	1
CASSQDGGETNEKLFF	TRBV4-3*01	TRBJ1-4	1
CASSQDGGGAGADTQYF	TRBV4-1*01	TRBJ2-3	1
CASSQDGGGGEEQYF	TRBV4-3*01	TRBJ2-7	1
CASSQDGGGNMNTEAFF	TRBV4-3*01	TRBJ1-1	1
CASSQDGGGTDTQYF	TRBV3-1*01	TRBJ2-3	1
CASSQDGGRAENYEQYF	TRBV4-2*01	TRBJ2-7	1
CASSQDGGRALYEQYF	TRBV4-3*01	TRBJ2-7	1
CASSQDGGSGAWNTEAFF	TRBV4-1*01	TRBJ1-1	1
CASSQDGGTGGVITRDTEAFF	TRBV3-1*01	TRBJ1-1	1
CASSQDGGTNEKLFF	TRBV4-3*01	TRBJ1-4	1
CASSQDGGYYGYTF	TRBV4-3*01	TRBJ1-2	1
CASSQDGIYEQYF	TRBV4-1*01	TRBJ2-7	1
CASSQDGKAQYF	TRBV4-2*01	TRBJ2-5	1
CASSQDGMETNEKLFF	TRBV4-3*01	TRBJ1-4	1
CASSQDGNRGRDEQYF	TRBV4-1*01	TRBJ2-7	1
CASSQDGPYYGYTF	TRBV14*01	TRBJ1-2	1
CASSQDGQGNDEQYF	TRBV4-3*01	TRBJ2-7	1
CASSQDGQIDYGYTF	TRBV4-3*01	TRBJ1-2	1
CASSQDGRDSDSGNTIYF	TRBV4-3*01	TRBJ1-3	1
CASSQDGRGRNEQFF	TRBV3-1*01	TRBJ2-1	1
CASSQDGRNTEAFF	TRBV4-1*01	TRBJ1-1	1
CASSQDGRRDVWTGELFF	TRBV4-3*01	TRBJ2-2	1
CASSQDGRTFYGDEQFF	TRBV4-3*01	TRBJ2-1	1
CASSQDGRTYGYTF	TRBV3-1*01	TRBJ1-2	1
CASSQDGSGSSEQFF	TRBV4-1*01	TRBJ2-1	1
CASSQDGSSGGDYGYTF	TRBV4-3*01	TRBJ1-2	1
CASSQDGTATNEKLFF	TRBV9*01	TRBJ1-4	1
CASSQDGTGTGLAGTQYF	TRBV4-3*01	TRBJ2-5	1
CASSQDGTGWTNEKLFF	TRBV4-3*01	TRBJ1-4	1
CASSQDGTHNSPLHF	TRBV4-3*01	TRBJ1-6	1
CASSQDGTLGTEAFF	TRBV4-1*01	TRBJ1-1	1
CASSQDGTRHFYEQYF	TRBV4-3*01	TRBJ2-7	1
CASSQDGTSGDKSYEQYF	TRBV4-2*01	TRBJ2-7	1
CASSQDGTSGDLHYNEQFF	TRBV4-3*01	TRBJ2-1	1
CASSQDGTSGSNEQFF	TRBV4-2*01	TRBJ2-1	1
CASSQDGTSGTDTQYF	TRBV4-3*01	TRBJ2-3	1
CASSQDGTWDDEQYF	TRBV4-3*01	TRBJ2-7	1
CASSQDGVGVSTDTQYF	TRBV3-1*01	TRBJ2-3	1
CASSQDGVYGGNTIYF	TRBV4-2*01	TRBJ1-3	1
CASSQDGWVGYTDTQYF	TRBV4-3*01	TRBJ2-3	1
CASSQDGYNEQFF	TRBV4-3*01	TRBJ2-1	1
CASSQDHEAGGEIYNEQFF	TRBV14*01	TRBJ2-1	1
CASSQDHGFMNTEAFF	TRBV14*01	TRBJ1-1	1
CASSQDHGGGPSSF	TRBV3-1*01	TRBJ2-1	1
CASSQDHGGLLYEQYF	TRBV4-1*01	TRBJ2-7	1
CASSQDHGTSVYNEQFF	TRBV3-1*01	TRBJ2-1	1
CASSQDHNRGQGYTF	TRBV4-3*01	TRBJ1-2	1
CASSQDHPGGRGYTF	TRBV14*01	TRBJ1-2	1
CASSQDHYGVSGNTIYF	TRBV4-3*01	TRBJ1-3	1
CASSQDHYSVVADTQYF	TRBV14*01	TRBJ2-3	1
CASSQDIAGTRGSGEQFF	TRBV4-3*01	TRBJ2-1	1
CASSQDIGGSMNTEAFF	TRBV4-2*01	TRBJ1-1	1
CASSQDIRTGNNEQFF	TRBV4-2*01	TRBJ2-1	1
CASSQDKAQGAREQYF	TRBV4-1*01	TRBJ2-7	1
CASSQDKGARTAFYEQYF	TRBV14*01	TRBJ2-7	1
CASSQDKGITDTQYF	TRBV4-3*01	TRBJ2-3	1
CASSQDKGLNTEAFF	TRBV4-3*01	TRBJ1-1	1
CASSQDKGRGGETQYF	TRBV4-3*01	TRBJ2-5	1
CASSQDKLGDPPYKQFF	TRBV14*01	TRBJ2-1	1
CASSQDKNSNQPQHF	TRBV4-3*01	TRBJ1-5	1
CASSQDKREFYNEQFF	TRBV4-3*01	TRBJ2-1	1
CASSQDKRLSYEQYF	TRBV4-3*01	TRBJ2-7	1
CASSQDKSEWWETQYF	TRBV4-3*01	TRBJ2-5	1
CASSQDLAGGGETQYF	TRBV3-1*01	TRBJ2-5	1
CASSQDLAGGQETQYF	TRBV4-3*01	TRBJ2-5	1
CASSQDLAGNTGELFF	TRBV4-3*01	TRBJ2-2	1
CASSQDLAGSTDTQYF	TRBV4-3*01	TRBJ2-3	1
CASSQDLAGYNEQFF	TRBV3-1*01	TRBJ2-1	1
CASSQDLARVETQYF	TRBV4-3*01	TRBJ2-5	1
CASSQDLATKETQYF	TRBV4-2*01	TRBJ2-5	1
CASSQDLATNEKLFF	TRBV4-3*01	TRBJ1-4	1
CASSQDLAVQETQYF	TRBV3-1*01	TRBJ2-5	1
CASSQDLDEGEKLFF	TRBV4-3*01	TRBJ1-4	1
CASSQDLDLKGDEQFF	TRBV3-1*01	TRBJ2-1	1
CASSQDLDTGYNEQFF	TRBV4-2*01	TRBJ2-1	1
CASSQDLEDLGTDTQYF	TRBV4-3*01	TRBJ2-3	1
CASSQDLEFLRVETQYF	TRBV4-3*01	TRBJ2-5	1
CASSQDLETPFRYEQYF	TRBV4-1*01	TRBJ2-7	1
CASSQDLFGASYEQYF	TRBV4-3*01	TRBJ2-7	1
CASSQDLGAYEQYF	TRBV14*01	TRBJ2-7	1
CASSQDLGGGSAYEQYF	TRBV3-1*01	TRBJ2-7	1
CASSQDLGHLYEQYF	TRBV3-1*01	TRBJ2-7	1
CASSQDLGINEQYF	TRBV4-3*01	TRBJ2-7	1
CASSQDLGNQPQHF	TRBV4-1*01	TRBJ1-5	1
CASSQDLGTGNTEAFF	TRBV4-2*01	TRBJ1-1	1
CASSQDLGTSGTDEQFF	TRBV14*01	TRBJ2-1	1
CASSQDLGVNTEAFF	TRBV4-1*01	TRBJ1-1	1
CASSQDLGVRETQYF	TRBV4-3*01	TRBJ2-5	1
CASSQDLLSGAQYF	TRBV4-2*01	TRBJ2-3	1
CASSQDLLSKDTQYF	TRBV4-3*01	TRBJ2-3	1
CASSQDLLWGEQFF	TRBV3-1*01	TRBJ2-1	1
CASSQDLMGPSDTEAFF	TRBV4-3*01	TRBJ1-1	1
CASSQDLNRVYYNSPLHF	TRBV4-3*01	TRBJ1-6	1
CASSQDLPSGGVDTQYF	TRBV4-3*01	TRBJ2-3	1
CASSQDLPWENQETQYF	TRBV14*01	TRBJ2-5	1
CASSQDLQVNTGELFF	TRBV4-3*01	TRBJ2-2	1
CASSQDLRDEQYF	TRBV4-3*01	TRBJ2-7	1
CASSQDLRGRGEGETQYF	TRBV4-3*01	TRBJ2-5	1
CASSQDLRGSGELFF	TRBV4-3*01	TRBJ2-2	1
CASSQDLRNKAFF	TRBV4-3*01	TRBJ1-1	1
CASSQDLRSHEGNTIYF	TRBV4-3*01	TRBJ1-3	1
CASSQDLRTSGGTDTQYF	TRBV4-1*01	TRBJ2-3	1
CASSQDLRVTETQYF	TRBV4-1*01	TRBJ2-5	1
CASSQDLRVVSGNTIYF	TRBV4-3*01	TRBJ1-3	1
CASSQDLRVYGKNIQYF	TRBV4-3*01	TRBJ2-4	1
CASSQDLSETHQNQPQHF	TRBV4-3*01	TRBJ1-5	2
CASSQDLSGGRGGTDTQYF	TRBV4-1*01	TRBJ2-3	1
CASSQDLSGTDTQYF	TRBV4-3*01	TRBJ2-3	1
CASSQDLSSGVTYEQYF	TRBV4-3*01	TRBJ2-7	3
CASSQDLTADYGYTF	TRBV14*01	TRBJ1-2	1
CASSQDLTGGGYGYTF	TRBV4-3*01	TRBJ1-2	1
CASSQDLTSGGAAYNEQFF	TRBV4-3*01	TRBJ2-1	1
CASSQDLVDRVGYEQYF	TRBV4-3*01	TRBJ2-7	1
CASSQDLVVAVGQETQYF	TRBV4-3*01	TRBJ2-5	1
CASSQDMGINSPLHF	TRBV4-3*01	TRBJ1-6	1
CASSQDMGQPQHF	TRBV4-3*01	TRBJ1-5	1
CASSQDMGWGTDTQYF	TRBV14*01	TRBJ2-3	1
CASSQDMMNTEAFF	TRBV4-3*01	TRBJ1-1	1
CASSQDMSAADTNEKLFF	TRBV4-1*01	TRBJ1-4	1
CASSQDMWDVGNTIYF	TRBV4-3*01	TRBJ1-3	1
CASSQDNDAGGFYEQYF	TRBV4-3*01	TRBJ2-7	4
CASSQDNEQFF	TRBV4-1*01	TRBJ2-1	1
CASSQDNFYGGSGNTIYF	TRBV14*01	TRBJ1-3	1
CASSQDNPLNSPLHF	TRBV4-2*01	TRBJ1-6	1
CASSQDPAGEADTQYF	TRBV4-1*01	TRBJ2-3	1
CASSQDPAGSGNTIYF	TRBV4-1*01	TRBJ1-3	1
CASSQDPDRGPTDTQYF	TRBV14*01	TRBJ2-3	1
CASSQDPDRGVETQYF	TRBV4-3*01	TRBJ2-5	1
CASSQDPFTSTDTQYF	TRBV4-3*01	TRBJ2-3	1
CASSQDPGAAEAFF	TRBV4-1*01	TRBJ1-1	1
CASSQDPGAGTEAFF	TRBV4-2*01	TRBJ1-1	1
CASSQDPGDEKLFF	TRBV4-1*01	TRBJ1-4	1
CASSQDPGDEQFF	TRBV4-1*01	TRBJ2-1	35
CASSQDPGEGETQYF	TRBV4-1*01	TRBJ2-5	1
CASSQDPGETQYF	TRBV4-3*01	TRBJ2-5	1
CASSQDPGGLDEQYF	TRBV4-1*01	TRBJ2-7	1
CASSQDPGGTDTQYF	TRBV4-3*01	TRBJ2-3	1
CASSQDPGHSYEQYF	TRBV14*01	TRBJ2-7	2
CASSQDPGLAFPYEQYF	TRBV4-1*01	TRBJ2-7	1
CASSQDPGLAGVGDTQYF	TRBV4-3*01	TRBJ2-3	1
CASSQDPGLVGRNEQFF	TRBV4-3*01	TRBJ2-1	1
CASSQDPGMTDTQYF	TRBV4-3*01	TRBJ2-3	1
CASSQDPGNSYEQYF	TRBV3-1*01	TRBJ2-7	1
CASSQDPGRNYGYTF	TRBV4-3*01	TRBJ1-2	1
CASSQDPGSISYEQYF	TRBV4-3*01	TRBJ2-7	1
CASSQDPGTSGGLQETQYF	TRBV4-3*01	TRBJ2-5	1
CASSQDPIGTGGRLAKNIQYF	TRBV4-2*01	TRBJ2-4	1
CASSQDPKDSGNEKLFF	TRBV4-3*01	TRBJ1-4	1
CASSQDPLDTEAFF	TRBV4-1*01	TRBJ1-1	1
CASSQDPNEGSYGYTF	TRBV4-1*01	TRBJ1-2	1
CASSQDPPAGLNSYEQYF	TRBV3-1*01	TRBJ2-7	1
CASSQDPPGGGRADTQYF	TRBV4-1*01	TRBJ2-3	1
CASSQDPPGLAGANEKLFF	TRBV4-3*01	TRBJ1-4	1
CASSQDPPPGGGETQYF	TRBV4-2*01	TRBJ2-5	1
CASSQDPPPRNSPLHF	TRBV4-3*01	TRBJ1-6	1
CASSQDPPPTANTGELFF	TRBV4-2*01	TRBJ2-2	1
CASSQDPRATDTQYF	TRBV14*01	TRBJ2-3	1
CASSQDPRATDTQYF	TRBV4-2*01	TRBJ2-3	1
CASSQDPRGLHSIEAFF	TRBV3-1*01	TRBJ1-1	1
CASSQDPRQGEAFF	TRBV14*01	TRBJ1-1	1
CASSQDPRREAFF	TRBV3-1*01	TRBJ1-1	1
CASSQDPRTNTEAFF	TRBV4-3*01	TRBJ1-1	1
CASSQDPSELTYEQYF	TRBV3-1*01	TRBJ2-7	1
CASSQDPSFENEQFF	TRBV4-1*01	TRBJ2-1	1
CASSQDPSGGARDTQYF	TRBV4-2*01	TRBJ2-3	1
CASSQDPSGNTGELFF	TRBV4-3*01	TRBJ2-2	1
CASSQDPSGRWYNEQFF	TRBV3-1*01	TRBJ2-1	1
CASSQDPSRTYEQYF	TRBV7-9*01	TRBJ2-7	1
CASSQDPSWPSGWGLAKNIQYF	TRBV4-3*01	TRBJ2-4	1
CASSQDPTGAYGYTF	TRBV4-1*01	TRBJ1-2	1
CASSQDPTSGETQYF	TRBV3-1*01	TRBJ2-5	1
CASSQDPTSGSLARNEQFF	TRBV4-3*01	TRBJ2-1	1
CASSQDPVAGGDYEQYF	TRBV4-1*01	TRBJ2-7	1
CASSQDQARGGTDTQYF	TRBV4-3*01	TRBJ2-3	2
CASSQDQGALGYTF	TRBV4-1*01	TRBJ1-2	1
CASSQDQGGTEAFF	TRBV4-1*01	TRBJ1-1	1
CASSQDQGLGNEQFF	TRBV4-1*01	TRBJ2-1	1
CASSQDQGLGNTEAFF	TRBV4-3*01	TRBJ1-1	1
CASSQDQGQDTEAFF	TRBV4-2*01	TRBJ1-1	1
CASSQDQGSTDTQYF	TRBV4-3*01	TRBJ2-3	1
CASSQDQGTYEKLFF	TRBV4-3*01	TRBJ1-4	1
CASSQDQGVGYTF	TRBV4-3*01	TRBJ1-2	1
CASSQDQPDPYYEQYF	TRBV4-2*01	TRBJ2-7	1
CASSQDQPQETQYF	TRBV3-1*01	TRBJ2-5	1
CASSQDQQAGGLFTAGDTQYF	TRBV4-2*01	TRBJ2-3	1
CASSQDQREVHEQYF	TRBV4-3*01	TRBJ2-7	1
CASSQDQRRAYTGYTF	TRBV3-1*01	TRBJ1-2	1
CASSQDQRRESHEQFF	TRBV14*01	TRBJ2-1	1
CASSQDQSETQYF	TRBV4-3*01	TRBJ2-5	1
CASSQDQSGRLHEQYF	TRBV4-3*01	TRBJ2-7	1
CASSQDQSVNTEAFF	TRBV4-1*01	TRBJ1-1	1
CASSQDQTGFGYGYTF	TRBV4-1*01	TRBJ1-2	1
CASSQDQTGSTDTQYF	TRBV4-3*01	TRBJ2-3	1
CASSQDQTGVGEQYF	TRBV4-2*01	TRBJ2-7	1
CASSQDQTSLPLEFF	TRBV4-3*01	TRBJ2-1	1
CASSQDQVSGNTIYF	TRBV4-1*01	TRBJ1-3	1
CASSQDRARELFF	TRBV4-1*01	TRBJ2-2	1
CASSQDRASGVYNEQFF	TRBV4-1*01	TRBJ2-1	1
CASSQDRASGYEQYF	TRBV4-3*01	TRBJ2-7	1
CASSQDRDEQFF	TRBV4-1*01	TRBJ2-1	1
CASSQDRDGGHYYEQYF	TRBV4-3*01	TRBJ2-7	1
CASSQDRDGYTF	TRBV2*01	TRBJ1-2	1
CASSQDRDRVRAGLREQYF	TRBV4-1*01	TRBJ2-7	1
CASSQDRDSLRYEQYF	TRBV3-1*01	TRBJ2-7	1
CASSQDRDYNEQFF	TRBV4-1*01	TRBJ2-1	1
CASSQDREGRGAFF	TRBV19*01	TRBJ1-1	1
CASSQDREPYNSPLHF	TRBV4-1*01	TRBJ1-6	1
CASSQDRGAGELFF	TRBV4-3*01	TRBJ2-2	1
CASSQDRGANIQYF	TRBV4-1*01	TRBJ2-4	1
CASSQDRGDEQFF	TRBV4-3*01	TRBJ2-1	1
CASSQDRGDRQETQYF	TRBV4-3*01	TRBJ2-5	1
CASSQDRGELFF	TRBV3-1*01	TRBJ2-2	1
CASSQDRGGLGEKLFF	TRBV4-3*01	TRBJ1-4	1
CASSQDRGGRALPYNEQFF	TRBV4-1*01	TRBJ2-1	1
CASSQDRGGVPSYNEQFF	TRBV3-1*01	TRBJ2-1	1
CASSQDRGGYTF	TRBV4-3*01	TRBJ1-2	1
CASSQDRGHEQYF	TRBV4-3*01	TRBJ2-7	1
CASSQDRGHQETQYF	TRBV4-1*01	TRBJ2-5	1
CASSQDRGHQPQHF	TRBV27*01	TRBJ1-5	1
CASSQDRGILTQYF	TRBV4-3*01	TRBJ2-5	1
CASSQDRGLPYGYTF	TRBV4-3*01	TRBJ1-2	1
CASSQDRGLVDTEAFF	TRBV6-5*01	TRBJ1-1	1
CASSQDRGMNTGELFF	TRBV4-3*01	TRBJ2-2	1
CASSQDRGNTGELFF	TRBV3-1*01	TRBJ2-2	1
CASSQDRGRAYNEQFF	TRBV14*01	TRBJ2-1	1
CASSQDRGRREQYF	TRBV3-1*01	TRBJ2-7	1
CASSQDRGRVPYGYTF	TRBV4-2*01	TRBJ1-2	1
CASSQDRGSGTDTQYF	TRBV4-3*01	TRBJ2-3	1
CASSQDRGSNEKLFF	TRBV4-1*01	TRBJ1-4	1
CASSQDRGTSSYEQYF	TRBV14*01	TRBJ2-7	1
CASSQDRHFYEQYF	TRBV4-3*01	TRBJ2-7	1
CASSQDRLAFNEQFF	TRBV3-1*01	TRBJ2-1	1
CASSQDRLAGQETQYF	TRBV4-3*01	TRBJ2-5	1
CASSQDRLDSYTDTQYF	TRBV4-1*01	TRBJ2-3	1
CASSQDRLGPSQFF	TRBV4-1*01	TRBJ2-1	1
CASSQDRLRQGDSPLHF	TRBV4-2*01	TRBJ1-6	1
CASSQDRLSGYEQYF	TRBV4-3*01	TRBJ2-7	1
CASSQDRNEKLFF	TRBV4-3*01	TRBJ1-4	1
CASSQDRNSPLHF	TRBV3-1*01	TRBJ1-6	1
CASSQDRPQLAGEKTQYF	TRBV4-1*01	TRBJ2-5	1
CASSQDRPRVDTQYF	TRBV4-3*01	TRBJ2-3	1
CASSQDRPWWGYTF	TRBV3-1*01	TRBJ1-2	1
CASSQDRQGATNEKLFF	TRBV4-1*01	TRBJ1-4	1
CASSQDRQGGDEQYF	TRBV4-1*01	TRBJ2-7	1
CASSQDRQGISIGYTF	TRBV4-3*01	TRBJ1-2	1
CASSQDRQRGQGKTDTQYF	TRBV4-2*01	TRBJ2-3	1
CASSQDRRDTGELFF	TRBV4-3*01	TRBJ2-2	1
CASSQDRRLILENTGELFF	TRBV3-1*01	TRBJ2-2	1
CASSQDRRVAEAFF	TRBV14*01	TRBJ1-1	1
CASSQDRRVGGEQYF	TRBV4-3*01	TRBJ2-7	1
CASSQDRSDTQYF	TRBV4-3*01	TRBJ2-3	1
CASSQDRSGGGDTQYF	TRBV4-3*01	TRBJ2-3	1
CASSQDRSGGGEQYF	TRBV4-3*01	TRBJ2-7	1
CASSQDRSNYGYTF	TRBV4-1*01	TRBJ1-2	2
CASSQDRSQETQYF	TRBV4-1*01	TRBJ2-5	1
CASSQDRSSGDEQFF	TRBV4-3*01	TRBJ2-1	1
CASSQDRTAPQPQHF	TRBV4-3*01	TRBJ1-5	1
CASSQDRTENQPQHF	TRBV4-3*01	TRBJ1-5	1
CASSQDRTGGVEQYF	TRBV4-3*01	TRBJ2-7	1
CASSQDRTGGYF	TRBV3-1*01	TRBJ2-5	1
CASSQDRTGKGELFF	TRBV4-3*01	TRBJ2-2	1
CASSQDRTGLGNQPQHF	TRBV3-1*01	TRBJ1-5	1
CASSQDRTPGDTQYF	TRBV4-1*01	TRBJ2-3	1
CASSQDRTPNGNTEAFF	TRBV4-1*01	TRBJ1-1	1
CASSQDRTSQETQYF	TRBV4-1*01	TRBJ2-5	1
CASSQDRVDHPYEQYF	TRBV4-1*01	TRBJ2-7	1
CASSQDRVGAYNSPLHF	TRBV14*01	TRBJ1-6	1
CASSQDRVGKGAPSTDTQYF	TRBV3-1*01	TRBJ2-3	1
CASSQDRVGPDTQYF	TRBV4-3*01	TRBJ2-3	1
CASSQDRVLAGAYEQYF	TRBV3-1*01	TRBJ2-7	1
CASSQDRVTWGGIAKNIQYF	TRBV4-2*01	TRBJ2-4	1
CASSQDRWLSGQPQHF	TRBV4-1*01	TRBJ1-5	1
CASSQDRWRTTGYTF	TRBV4-3*01	TRBJ1-2	1
CASSQDRWTATYEQYF	TRBV4-3*01	TRBJ2-7	1
CASSQDRYRVNYGYTF	TRBV4-3*01	TRBJ1-2	1
CASSQDSADRGRGNTIYF	TRBV4-1*01	TRBJ1-3	1
CASSQDSAGGREQYF	TRBV4-3*01	TRBJ2-7	2
CASSQDSAGTGGNEQFF	TRBV4-3*01	TRBJ2-1	1
CASSQDSAGYNEQFF	TRBV4-3*01	TRBJ2-1	1
CASSQDSAVTGNTIYF	TRBV4-1*01	TRBJ1-3	1
CASSQDSDLTQETQYF	TRBV4-3*01	TRBJ2-5	1
CASSQDSEASSYEQYF	TRBV3-1*01	TRBJ2-7	1
CASSQDSESSYEQYF	TRBV3-1*01	TRBJ2-7	1
CASSQDSESSYNSPLHF	TRBV4-1*01	TRBJ1-6	1
CASSQDSEYNSPLHF	TRBV4-3*01	TRBJ1-6	1
CASSQDSFQPQHF	TRBV4-3*01	TRBJ1-5	1
CASSQDSGDADTQYF	TRBV4-3*01	TRBJ2-3	1
CASSQDSGEKLFF	TRBV4-3*01	TRBJ1-4	1
CASSQDSGGASDTQYF	TRBV4-1*01	TRBJ2-3	1
CASSQDSGGATNEKLFF	TRBV4-1*01	TRBJ1-4	1
CASSQDSGGYEQYF	TRBV4-1*01	TRBJ2-7	1
CASSQDSGIAGNRVEQFF	TRBV4-3*01	TRBJ2-1	1
CASSQDSGLEFF	TRBV4-1*01	TRBJ2-1	1
CASSQDSGLNTEAFF	TRBV14*01	TRBJ1-1	1
CASSQDSGLSSYNEQFF	TRBV4-1*01	TRBJ2-1	1
CASSQDSGNTIYF	TRBV13*01	TRBJ1-3	1
CASSQDSGPNTEAFF	TRBV4-1*01	TRBJ1-1	1
CASSQDSGTATYEQYF	TRBV4-1*01	TRBJ2-7	1
CASSQDSGTSTDTQYF	TRBV3-1*01	TRBJ2-3	1
CASSQDSGVEQFF	TRBV4-3*01	TRBJ2-1	1
CASSQDSMGITDTQYF	TRBV14*01	TRBJ2-3	1
CASSQDSNWDTQYF	TRBV14*01	TRBJ2-3	1
CASSQDSPGIRDNQPQHF	TRBV3-1*01	TRBJ1-5	1
CASSQDSPTNYGYTF	TRBV4-3*01	TRBJ1-2	4
CASSQDSQGNGYTF	TRBV4-3*01	TRBJ1-2	1
CASSQDSRYNEQFF	TRBV14*01	TRBJ2-1	1
CASSQDSSGGLNTGELFF	TRBV3-1*01	TRBJ2-2	1
CASSQDSSSYNEQFF	TRBV4-3*01	TRBJ2-1	2
CASSQDSSYEQYF	TRBV4-3*01	TRBJ2-7	1
CASSQDSTYEQYF	TRBV4-3*01	TRBJ2-7	1
CASSQDSTYEQYF	TRBV7-9*01	TRBJ2-7	1
CASSQDSVAGGPNGANVLTF	TRBV4-3*01	TRBJ2-6	1
CASSQDSVRLGQGDTQYF	TRBV4-3*01	TRBJ2-3	1
CASSQDSYYGYTF	TRBV27*01	TRBJ1-2	1
CASSQDTAGEYNEQFF	TRBV3-1*01	TRBJ2-1	1
CASSQDTARDTQYF	TRBV4-3*01	TRBJ2-3	1
CASSQDTGIDEQYF	TRBV4-3*01	TRBJ2-7	1
CASSQDTGLGIYEQYF	TRBV4-3*01	TRBJ2-7	1
CASSQDTGPPYEQYF	TRBV4-3*01	TRBJ2-7	1
CASSQDTNYGYTF	TRBV4-3*01	TRBJ1-2	1
CASSQDTPDSNYGYTF	TRBV4-2*01	TRBJ1-2	1
CASSQDTPYNEQFF	TRBV4-3*01	TRBJ2-1	1
CASSQDTSGRALDEQFF	TRBV4-1*01	TRBJ2-1	1
CASSQDTSGSGLWTEAFF	TRBV14*01	TRBJ1-1	1
CASSQDTSNQPQHF	TRBV4-2*01	TRBJ1-5	1
CASSQDTTTATYEQYF	TRBV4-1*01	TRBJ2-7	1
CASSQDTTVRQETQYF	TRBV14*01	TRBJ2-5	1
CASSQDVAAYTDTQYF	TRBV4-3*01	TRBJ2-3	1
CASSQDVAGEVQHF	TRBV3-1*01	TRBJ1-5	1
CASSQDVAGGPNEQFF	TRBV4-1*01	TRBJ2-1	1
CASSQDVAGLTDTQYF	TRBV4-3*01	TRBJ2-3	1
CASSQDVATVNTEAFF	TRBV4-3*01	TRBJ1-1	1
CASSQDVEGNEQFF	TRBV3-1*01	TRBJ2-1	1
CASSQDVGAAYEQYF	TRBV4-2*01	TRBJ2-7	1
CASSQDVGTGGSYGYTF	TRBV4-2*01	TRBJ1-2	1
CASSQDVLAGASTDTQYF	TRBV3-1*01	TRBJ2-3	1
CASSQDVQPLNTEAFF	TRBV4-3*01	TRBJ1-1	1
CASSQDVRGGGTGELFF	TRBV4-3*01	TRBJ2-2	1
CASSQDVRGTSYNEQFF	TRBV4-3*01	TRBJ2-1	1
CASSQDVSLAGILLGSTDTQYF	TRBV4-3*01	TRBJ2-3	1
CASSQDVSRVHEAFF	TRBV14*01	TRBJ1-1	1
CASSQDVSSANSPLHF	TRBV4-3*01	TRBJ1-6	1
CASSQDVTSGGRGETQYF	TRBV4-3*01	TRBJ2-5	1
CASSQDVWDPAYNEQFF	TRBV4-2*01	TRBJ2-1	1
CASSQDVWGTGNTIYF	TRBV3-1*01	TRBJ1-3	1
CASSQDWAGVNTGELFF	TRBV4-3*01	TRBJ2-2	1
CASSQDWDGAYEQYF	TRBV3-1*01	TRBJ2-7	1
CASSQDWERQEVPSYNEQFF	TRBV4-1*01	TRBJ2-1	1
CASSQDWGASEQYF	TRBV4-3*01	TRBJ2-7	1
CASSQDWGDKTYEQYF	TRBV4-3*01	TRBJ2-7	1
CASSQDWGEGETQYF	TRBV4-1*01	TRBJ2-5	1
CASSQDWGGGLRQPQHF	TRBV4-3*01	TRBJ1-5	1
CASSQDWGGLSYEQYF	TRBV4-3*01	TRBJ2-7	1
CASSQDWGLGEAFF	TRBV11-2*01	TRBJ1-1	1
CASSQDWGPLLGYTF	TRBV4-3*01	TRBJ1-2	1
CASSQDWGQPNTEAFF	TRBV4-3*01	TRBJ1-1	1
CASSQDWGSTDTQYF	TRBV3-1*01	TRBJ2-3	1
CASSQDWGSTDTQYF	TRBV4-3*01	TRBJ2-3	1
CASSQDWLDSYNEQFF	TRBV4-3*01	TRBJ2-1	1
CASSQDWNTQDNSPLHF	TRBV4-1*01	TRBJ1-6	1
CASSQDWPAEKLFF	TRBV4-3*01	TRBJ1-4	1
CASSQDWPETGVLDTQYF	TRBV4-3*01	TRBJ2-3	1
CASSQDWQAKGAGYTF	TRBV4-3*01	TRBJ1-2	1
CASSQDWQGSYSDTQYF	TRBV4-3*01	TRBJ2-3	1
CASSQDWRATYNEQFF	TRBV4-3*01	TRBJ2-1	1
CASSQDWRGGTNNEQFF	TRBV4-1*01	TRBJ2-1	1
CASSQDWSGASTDTQYF	TRBV3-1*01	TRBJ2-3	1
CASSQDWSRGGTGELFF	TRBV3-1*01	TRBJ2-2	1
CASSQDWTEQYF	TRBV3-1*01	TRBJ2-7	1
CASSQDWTGRGRSNEKLFF	TRBV4-3*01	TRBJ1-4	1
CASSQDWTSHTDTQYF	TRBV4-3*01	TRBJ2-3	1
CASSQDYFWGPAETDTQYF	TRBV4-3*01	TRBJ2-3	1
CASSQDYGSQETQYF	TRBV4-3*01	TRBJ2-5	1
CASSQDYMIMNTEAFF	TRBV4-1*01	TRBJ1-1	1
CASSQDYPGGTGGYTF	TRBV4-3*01	TRBJ1-2	1
CASSQDYPTGAYNEQFF	TRBV4-3*01	TRBJ2-1	1
CASSQDYRDRISFF	TRBV4-3*01	TRBJ1-1	1
CASSQDYREEPTLKEQYF	TRBV4-3*01	TRBJ2-7	1
CASSQDYRGAETQYF	TRBV4-3*01	TRBJ2-5	1
CASSQDYYSGLRETQYF	TRBV4-1*01	TRBJ2-5	1
CASSQEAAGGFYEQYF	TRBV4-2*01	TRBJ2-7	1
CASSQEAAIQETQYF	TRBV4-1*01	TRBJ2-5	1
CASSQEAASYGYTF	TRBV4-1*01	TRBJ1-2	1
CASSQEADSGAFGYTF	TRBV4-3*01	TRBJ1-2	1
CASSQEAEAGGEQFF	TRBV4-3*01	TRBJ2-1	1
CASSQEAGALGETQYF	TRBV4-1*01	TRBJ2-5	1
CASSQEAGATEAFF	TRBV4-3*01	TRBJ1-1	1
CASSQEAGGQDEQFF	TRBV4-2*01	TRBJ2-1	1
CASSQEAGGSYYEQYF	TRBV4-3*01	TRBJ2-7	1
CASSQEAGGTEAFF	TRBV6-1*01	TRBJ1-1	1
CASSQEAGGTGVYEQYF	TRBV4-2*01	TRBJ2-7	1
CASSQEAGPSSYEQYF	TRBV4-2*01	TRBJ2-7	1
CASSQEAGRNSPLHF	TRBV3-1*01	TRBJ1-6	1
CASSQEAGRPTDTQYF	TRBV4-2*01	TRBJ2-3	1
CASSQEANTGELFF	TRBV4-1*01	TRBJ2-2	1
CASSQEAQGETQYF	TRBV4-1*01	TRBJ2-5	1
CASSQEAQNGPWRGVETQYF	TRBV3-1*01	TRBJ2-5	2
CASSQEARKGRVTEAFF	TRBV4-2*01	TRBJ1-1	1
CASSQEASGGANEQFF	TRBV4-2*01	TRBJ2-1	1
CASSQEASMGGNTIYF	TRBV4-2*01	TRBJ1-3	1
CASSQEASRPRDF	TRBV3-1*01	TRBJ2-4	1
CASSQEATVNQPQHF	TRBV3-1*01	TRBJ1-5	1
CASSQEAVGKLFF	TRBV4-1*01	TRBJ1-4	1
CASSQEDGLNTEAFF	TRBV3-1*01	TRBJ1-1	1
CASSQEDRAPNQPQHF	TRBV4-3*01	TRBJ1-5	1
CASSQEDRARETQYF	TRBV4-1*01	TRBJ2-5	1
CASSQEDRTIYGYTF	TRBV4-3*01	TRBJ1-2	1
CASSQEDSSYNEQFF	TRBV4-1*01	TRBJ2-1	1
CASSQEEAGGGDTQYF	TRBV4-2*01	TRBJ2-3	1
CASSQEEAGTGELFF	TRBV4-1*01	TRBJ2-2	1
CASSQEEAVSYEQYF	TRBV4-3*01	TRBJ2-7	1
CASSQEEEGYEQYF	TRBV4-1*01	TRBJ2-7	1
CASSQEEEPLGTQYF	TRBV4-2*01	TRBJ2-3	1
CASSQEEESLGYEQYF	TRBV4-1*01	TRBJ2-7	1
CASSQEEFAGLSTGELFF	TRBV4-3*01	TRBJ2-2	1
CASSQEEGADTEAFF	TRBV13*01	TRBJ1-1	1
CASSQEEGADTEAFF	TRBV4-2*01	TRBJ1-1	1
CASSQEEGAYNSPLHF	TRBV14*01	TRBJ1-6	1
CASSQEEGGEDYGYTF	TRBV4-2*01	TRBJ1-2	1
CASSQEEGPVGYTF	TRBV4-2*01	TRBJ1-2	2
CASSQEEGQEKLFF	TRBV4-1*01	TRBJ1-4	1
CASSQEEIVSGELFF	TRBV4-1*01	TRBJ2-2	1
CASSQEELVLAFF	TRBV4-1*01	TRBJ1-1	1
CASSQEESNYGYTF	TRBV4-3*01	TRBJ1-2	12
CASSQEETGGYEQYF	TRBV4-3*01	TRBJ2-7	1
CASSQEETQETQYF	TRBV4-2*01	TRBJ2-5	1
CASSQEEYRVRNTEAFF	TRBV4-2*01	TRBJ1-1	1
CASSQEFDEQFF	TRBV3-1*01	TRBJ2-1	1
CASSQEFGDRGYEQYF	TRBV4-3*01	TRBJ2-7	1
CASSQEFPQGKNEKLFF	TRBV4-1*01	TRBJ1-4	1
CASSQEFQAPLPDTQYF	TRBV4-3*01	TRBJ2-3	1
CASSQEFWVLGELFF	TRBV4-3*01	TRBJ2-2	1
CASSQEGAELTDTQYF	TRBV4-2*01	TRBJ2-3	1
CASSQEGAGAAGDTQYF	TRBV4-3*01	TRBJ2-3	1
CASSQEGAGELFF	TRBV4-3*01	TRBJ2-2	1
CASSQEGASSSYNSPLHF	TRBV4-2*01	TRBJ1-6	1
CASSQEGDPNYGYTF	TRBV4-3*01	TRBJ1-2	1
CASSQEGDRGGTEAFF	TRBV4-1*01	TRBJ1-1	1
CASSQEGDRNEKLFF	TRBV4-3*01	TRBJ1-4	1
CASSQEGDYPYEQYF	TRBV4-3*01	TRBJ2-7	1
CASSQEGEGAYTF	TRBV4-2*01	TRBJ1-2	1
CASSQEGEQYF	TRBV4-3*01	TRBJ2-7	1
CASSQEGERNTIYF	TRBV4-1*01	TRBJ1-3	1
CASSQEGESNYGYTF	TRBV4-3*01	TRBJ1-2	1
CASSQEGFVVKLFF	TRBV12-4*01	TRBJ1-4	1
CASSQEGGAGGRYEQYF	TRBV4-3*01	TRBJ2-7	1
CASSQEGGALNSPLHF	TRBV3-1*01	TRBJ1-6	1
CASSQEGGAPVHTF	TRBV4-3*01	TRBJ1-2	1
CASSQEGGDGEKLFF	TRBV14*01	TRBJ1-4	5
CASSQEGGDGYTF	TRBV4-2*01	TRBJ1-2	1
CASSQEGGDRAYGYTF	TRBV4-2*01	TRBJ1-2	3
CASSQEGGEHFTGANVLTF	TRBV3-1*01	TRBJ2-6	1
CASSQEGGGALTGELFF	TRBV4-3*01	TRBJ2-2	1
CASSQEGGGGSSYNEQFF	TRBV4-3*01	TRBJ2-1	10
CASSQEGGLDYGYTF	TRBV4-1*01	TRBJ1-2	1
CASSQEGGMTNEKLFF	TRBV4-1*01	TRBJ1-4	1
CASSQEGGSTEAFF	TRBV4-1*01	TRBJ1-1	1
CASSQEGGVATEAFF	TRBV4-1*01	TRBJ1-1	1
CASSQEGHLQETQYF	TRBV3-1*01	TRBJ2-5	1
CASSQEGIAGSTDTQYF	TRBV4-1*01	TRBJ2-3	1
CASSQEGILSTDTQYF	TRBV4-2*01	TRBJ2-3	1
CASSQEGLAGGTYNEQFF	TRBV4-1*01	TRBJ2-1	1
CASSQEGLAGNEQFF	TRBV4-3*01	TRBJ2-1	1
CASSQEGLAQSDEQYF	TRBV3-1*01	TRBJ2-7	1
CASSQEGLASVQDTQYF	TRBV4-2*01	TRBJ2-3	1
CASSQEGLPLVGEQYF	TRBV4-1*01	TRBJ2-7	1
CASSQEGLPSSYEQYF	TRBV4-1*01	TRBJ2-7	1
CASSQEGLTLDTEAFF	TRBV4-2*01	TRBJ1-1	1
CASSQEGNEQFF	TRBV4-2*01	TRBJ2-1	1
CASSQEGPDRSGIF	TRBV4-1*01	TRBJ1-2	1
CASSQEGPLFF	TRBV4-1*01	TRBJ2-1	1
CASSQEGPSEQYF	TRBV4-1*01	TRBJ2-7	1
CASSQEGPSYEQYF	TRBV4-1*01	TRBJ2-7	1
CASSQEGQGGTEAFF	TRBV4-1*01	TRBJ1-1	1
CASSQEGQINQPQHF	TRBV4-2*01	TRBJ1-5	3
CASSQEGQSTDTQYF	TRBV3-1*01	TRBJ2-3	1
CASSQEGQVVNQPQHF	TRBV4-2*01	TRBJ1-5	1
CASSQEGQYDSNTEAFF	TRBV4-3*01	TRBJ1-1	1
CASSQEGRAGELFF	TRBV3-1*01	TRBJ2-2	1
CASSQEGREQFF	TRBV3-1*01	TRBJ2-1	1
CASSQEGRGGKNGYTF	TRBV4-3*01	TRBJ1-2	1
CASSQEGRSYNEQFF	TRBV3-1*01	TRBJ2-1	1
CASSQEGSGGGYNEQFF	TRBV4-2*01	TRBJ2-1	1
CASSQEGSGSTDTQYF	TRBV4-1*01	TRBJ2-3	1
CASSQEGSQVTPWHEQYF	TRBV4-3*01	TRBJ2-7	1
CASSQEGSTEAFF	TRBV4-2*01	TRBJ1-1	1
CASSQEGSVGSSYEQYF	TRBV4-2*01	TRBJ2-7	1
CASSQEGTEAFF	TRBV5-1*01	TRBJ1-1	1
CASSQEGTEHGYTF	TRBV4-1*01	TRBJ1-2	1
CASSQEGTFLLGGYTF	TRBV14*01	TRBJ1-2	1
CASSQEGTGGGYGYTF	TRBV4-1*01	TRBJ1-2	1
CASSQEGTGSYNEQFF	TRBV3-1*01	TRBJ2-1	1
CASSQEGVSRGANVLTF	TRBV4-3*01	TRBJ2-6	1
CASSQEGWANEKLFF	TRBV3-1*01	TRBJ1-4	1
CASSQEGYPSTDTQYF	TRBV4-2*01	TRBJ2-3	1
CASSQEHGSPYEQYF	TRBV14*01	TRBJ2-7	1
CASSQEIAGGPDTQYF	TRBV4-3*01	TRBJ2-3	1
CASSQEILAGASSTDTQYF	TRBV4-3*01	TRBJ2-3	1
CASSQEILAGETGELFF	TRBV4-3*01	TRBJ2-2	1
CASSQEILGPTQYF	TRBV4-3*01	TRBJ2-3	1
CASSQEILRDRGYEQYF	TRBV4-3*01	TRBJ2-7	1
CASSQEIPGIMGNTEAFF	TRBV4-1*01	TRBJ1-1	1
CASSQEITSLFTNTGELFF	TRBV4-3*01	TRBJ2-2	1
CASSQEKGTAVPNSPLHF	TRBV4-1*01	TRBJ1-6	1
CASSQEKKDTQYF	TRBV4-1*01	TRBJ2-3	1
CASSQEKLLGDANTEAFF	TRBV4-2*01	TRBJ1-1	1
CASSQEKLYF	TRBV3-1*01	TRBJ2-7	1
CASSQEKNTEAFF	TRBV4-3*01	TRBJ1-1	1
CASSQEKNVYGYTF	TRBV4-1*01	TRBJ1-2	1
CASSQELAGGSYEQYF	TRBV4-2*01	TRBJ2-7	1
CASSQELAGNTDTQYF	TRBV4-3*01	TRBJ2-3	1
CASSQELAGTQYF	TRBV4-3*01	TRBJ2-5	1
CASSQELAGYQETQYF	TRBV4-2*01	TRBJ2-5	1
CASSQELASSYEQYF	TRBV4-2*01	TRBJ2-7	1
CASSQELASYEQYF	TRBV4-3*01	TRBJ2-7	1
CASSQELGGAPGPGELFF	TRBV3-1*01	TRBJ2-2	1
CASSQELGGGYNEQFF	TRBV4-3*01	TRBJ2-1	1
CASSQELGLGTQYF	TRBV4-3*01	TRBJ2-5	1
CASSQELGPRETQYF	TRBV4-3*01	TRBJ2-5	8
CASSQELLSSGELFF	TRBV4-2*01	TRBJ2-2	1
CASSQELRHSEQFF	TRBV4-3*01	TRBJ2-1	1
CASSQELRISTDTQYF	TRBV3-1*01	TRBJ2-3	1
CASSQELRNTEAFF	TRBV4-3*01	TRBJ1-1	1
CASSQELSVSNQPQHF	TRBV4-1*01	TRBJ1-5	1
CASSQELTDTQYF	TRBV3-1*01	TRBJ2-3	1
CASSQEMGGPDTQYF	TRBV14*01	TRBJ2-3	1
CASSQEMGLNTEAFF	TRBV4-2*01	TRBJ1-1	1
CASSQEMVAGPLHF	TRBV4-3*01	TRBJ1-6	1
CASSQENLGLARRETQYF	TRBV4-3*01	TRBJ2-5	1
CASSQENNEKLFF	TRBV4-3*01	TRBJ1-4	1
CASSQENQETQYF	TRBV3-1*01	TRBJ2-5	1
CASSQENTGELFF	TRBV4-1*01	TRBJ2-2	1
CASSQEPAGGSYEQYF	TRBV4-3*01	TRBJ2-7	1
CASSQEPATYEQYF	TRBV4-1*01	TRBJ2-7	1
CASSQEPDTEAFF	TRBV4-1*01	TRBJ1-1	1
CASSQEPGGAGGYTF	TRBV4-3*01	TRBJ1-2	1
CASSQEPGGRYTEAFF	TRBV4-3*01	TRBJ1-1	1
CASSQEPGQGYEQYF	TRBV4-2*01	TRBJ2-7	1
CASSQEPGQTRAGEKLFF	TRBV4-3*01	TRBJ1-4	1
CASSQEPHGLGNTIYF	TRBV4-3*01	TRBJ1-3	1
CASSQEPHRATNEKLFF	TRBV4-3*01	TRBJ1-4	1
CASSQEPLLMIDLPGMNTEAFF	TRBV4-3*01	TRBJ1-1	1
CASSQEPLTDTQYF	TRBV4-1*01	TRBJ2-3	5
CASSQEPRVYEQYF	TRBV4-1*01	TRBJ2-7	1
CASSQEPTGELFF	TRBV4-3*01	TRBJ2-2	1
CASSQEPTSGLETQYF	TRBV4-2*01	TRBJ2-5	1
CASSQEPTYYEQYF	TRBV3-1*01	TRBJ2-7	1
CASSQEQASNEQFF	TRBV4-2*01	TRBJ2-1	1
CASSQEQGGGFNEQFF	TRBV4-3*01	TRBJ2-1	1
CASSQEQGGGGYEQYF	TRBV4-2*01	TRBJ2-7	1
CASSQEQGRRYF	TRBV4-1*01	TRBJ2-7	1
CASSQEQGVQPQHF	TRBV4-1*01	TRBJ1-5	1
CASSQEQWSGETSNYGYTF	TRBV4-2*01	TRBJ1-2	1
CASSQERAGAHYGYTF	TRBV4-1*01	TRBJ1-2	1
CASSQERAGGPSYNSPLHF	TRBV4-3*01	TRBJ1-6	1
CASSQERAGTGGEKLFF	TRBV14*01	TRBJ1-4	1
CASSQERDYEQFF	TRBV4-2*01	TRBJ2-1	3
CASSQERDYEQYF	TRBV4-2*01	TRBJ2-7	30
CASSQERETDTQYF	TRBV28*01	TRBJ2-3	1
CASSQERFMNTEAFF	TRBV4-3*01	TRBJ1-1	1
CASSQERGATEAFF	TRBV14*01	TRBJ1-1	1
CASSQERGDYEQYF	TRBV4-1*01	TRBJ2-7	1
CASSQERGLAGTYEQYF	TRBV3-1*01	TRBJ2-7	1
CASSQERGLPNEKLFF	TRBV3-1*01	TRBJ1-4	1
CASSQERGPYNEQFF	TRBV4-1*01	TRBJ2-1	1
CASSQERGQETQYF	TRBV4-1*01	TRBJ2-5	1
CASSQERGSYEQYF	TRBV4-2*01	TRBJ2-7	1
CASSQERGSYEQYF	TRBV4-3*01	TRBJ2-7	1
CASSQERIAVYGYTF	TRBV4-1*01	TRBJ1-2	1
CASSQERLAGGQGDTQYF	TRBV4-2*01	TRBJ2-3	1
CASSQERLAQETQYF	TRBV4-3*01	TRBJ2-5	1
CASSQERLGQGGGGYTF	TRBV4-2*01	TRBJ1-2	1
CASSQERTGNSYEQYF	TRBV4-3*01	TRBJ2-7	1
CASSQERTSGDNEQFF	TRBV4-3*01	TRBJ2-1	1
CASSQERTTGYGYTF	TRBV4-1*01	TRBJ1-2	2
CASSQERTVLYEQYF	TRBV3-1*01	TRBJ2-7	1
CASSQESALASTDTQYF	TRBV14*01	TRBJ2-3	1
CASSQESASAETQYF	TRBV3-1*01	TRBJ2-5	1
CASSQESGDYNEQFF	TRBV4-3*01	TRBJ2-1	1
CASSQESGGGETQYF	TRBV4-2*01	TRBJ2-5	1
CASSQESGGTQYF	TRBV14*01	TRBJ2-3	1
CASSQESGIQYNEQFF	TRBV4-3*01	TRBJ2-1	1
CASSQESGNADTQYF	TRBV3-1*01	TRBJ2-3	1
CASSQESGRAGEQYF	TRBV4-3*01	TRBJ2-7	1
CASSQESGSNWEQFF	TRBV4-1*01	TRBJ2-1	1
CASSQESGSTDTQYF	TRBV4-1*01	TRBJ2-3	1
CASSQESGSYEQYF	TRBV4-3*01	TRBJ2-7	1
CASSQESPREAADTQYF	TRBV4-3*01	TRBJ2-3	1
CASSQESPSGTISYYEQYF	TRBV4-1*01	TRBJ2-7	1
CASSQESSGDLDGELFF	TRBV4-3*01	TRBJ2-2	1
CASSQESYEGGELFF	TRBV4-3*01	TRBJ2-2	1
CASSQETEIYNEQFF	TRBV4-1*01	TRBJ2-1	1
CASSQETFTGSPLHF	TRBV4-3*01	TRBJ1-6	1
CASSQETGGANYGYTF	TRBV4-3*01	TRBJ1-2	1
CASSQETGGNQPQHF	TRBV3-1*01	TRBJ1-5	1
CASSQETGIVYEQYF	TRBV4-2*01	TRBJ2-7	1
CASSQETGKYEQYF	TRBV4-3*01	TRBJ2-7	1
CASSQETGNTEAFF	TRBV14*01	TRBJ1-1	1
CASSQETGSGANVLTF	TRBV4-3*01	TRBJ2-6	1
CASSQETGYGYTF	TRBV4-3*01	TRBJ1-2	1
CASSQETGYNQPQHF	TRBV4-2*01	TRBJ1-5	1
CASSQETSAYEQYF	TRBV4-3*01	TRBJ2-7	1
CASSQETSGNEQFF	TRBV3-1*01	TRBJ2-1	1
CASSQETSTDTQYF	TRBV4-1*01	TRBJ2-3	1
CASSQETSTYEQYF	TRBV4-3*01	TRBJ2-7	1
CASSQETYYGYTF	TRBV3-1*01	TRBJ1-2	1
CASSQEVAGGIGDEQFF	TRBV4-3*01	TRBJ2-1	1
CASSQEVAVVGYTF	TRBV4-3*01	TRBJ1-2	1
CASSQEVEGGAGSYNQPQHF	TRBV4-3*01	TRBJ1-5	1
CASSQEVGDHEQYF	TRBV4-3*01	TRBJ2-7	1
CASSQEVGGEYNEQFF	TRBV4-2*01	TRBJ2-1	1
CASSQEVGRGAEAFF	TRBV4-3*01	TRBJ1-1	1
CASSQEVGTSGFTDTQYF	TRBV4-3*01	TRBJ2-3	1
CASSQEVLIYGYTF	TRBV14*01	TRBJ1-2	1
CASSQEVRLLNTEAFF	TRBV4-3*01	TRBJ1-1	1
CASSQEVSLAATYEQYF	TRBV3-1*01	TRBJ2-7	1
CASSQEVSSGGSNEQFF	TRBV4-3*01	TRBJ2-1	11
CASSQEVSYVPQNYEQYF	TRBV4-2*01	TRBJ2-7	1
CASSQEVTSGGDEQYF	TRBV4-3*01	TRBJ2-7	1
CASSQEVVLSTDTQYF	TRBV4-2*01	TRBJ2-3	1
CASSQEVVMGGGETQYF	TRBV4-1*01	TRBJ2-5	1
CASSQEVWGSGDSYEQYF	TRBV4-3*01	TRBJ2-7	1
CASSQEWDRGRSEQFF	TRBV3-1*01	TRBJ2-1	1
CASSQEWDYIGELFF	TRBV4-2*01	TRBJ2-2	1
CASSQEWEDTQYF	TRBV5-6*01	TRBJ2-3	1
CASSQEWEGRMINEKLFF	TRBV4-1*01	TRBJ1-4	1
CASSQEWFIHNEQFF	TRBV4-3*01	TRBJ2-1	1
CASSQEWGPLHF	TRBV4-3*01	TRBJ1-6	1
CASSQEWGQHRDTQYF	TRBV4-3*01	TRBJ2-3	1
CASSQEWGQYEQYF	TRBV4-2*01	TRBJ2-7	1
CASSQEWLAGGLGTQYF	TRBV4-3*01	TRBJ2-3	1
CASSQEWLAGGPGTQYF	TRBV4-2*01	TRBJ2-5	1
CASSQEWLAVSTDTQYF	TRBV4-3*01	TRBJ2-3	418
CASSQEWQIFEKLFF	TRBV4-1*01	TRBJ1-4	1
CASSQEWSGLAQPQHF	TRBV4-3*01	TRBJ1-5	1
CASSQEWSSYEQYF	TRBV4-3*01	TRBJ2-7	1
CASSQEWTGATDTQYF	TRBV4-2*01	TRBJ2-3	1
CASSQEWTSGSNEQFF	TRBV4-3*01	TRBJ2-1	1
CASSQEYQLANYGYTF	TRBV4-1*01	TRBJ1-2	1
CASSQEYWARNEQFF	TRBV3-1*01	TRBJ2-1	1
CASSQFAGGAYEQYF	TRBV3-1*01	TRBJ2-7	1
CASSQFGGDTQYF	TRBV4-3*01	TRBJ2-3	1
CASSQFGLAADTQYF	TRBV4-3*01	TRBJ2-3	1
CASSQFGTGGVNTEAFF	TRBV27*01	TRBJ1-1	1
CASSQFIRGAYTEAFF	TRBV4-1*01	TRBJ1-1	1
CASSQFLDRDEQYF	TRBV4-3*01	TRBJ2-7	1
CASSQFLGQGDGYTF	TRBV4-3*01	TRBJ1-2	1
CASSQFLGVGETDTQYF	TRBV4-3*01	TRBJ2-3	1
CASSQFPGGAEQYF	TRBV4-1*01	TRBJ2-7	1
CASSQFQGAVTGELFF	TRBV4-3*01	TRBJ2-2	1
CASSQFRGLSTDTQYF	TRBV13*01	TRBJ2-3	1
CASSQFTAGNTIYF	TRBV4-1*01	TRBJ1-3	1
CASSQFTGEAYEQYF	TRBV4-3*01	TRBJ2-7	1
CASSQFVRTGGNTEAFF	TRBV3-1*01	TRBJ1-1	1
CASSQGADEQYF	TRBV19*01	TRBJ2-7	1
CASSQGADTQYF	TRBV4-2*01	TRBJ2-3	1
CASSQGADVGELFF	TRBV4-2*01	TRBJ2-2	1
CASSQGAELESNQPQHF	TRBV18*01	TRBJ1-5	1
CASSQGAESTYNEQFF	TRBV4-2*01	TRBJ2-1	1
CASSQGAETGSTEAFF	TRBV4-3*01	TRBJ1-1	1
CASSQGAFGQGSGEKLFF	TRBV4-3*01	TRBJ1-4	1
CASSQGAFSVEQYF	TRBV4-2*01	TRBJ2-7	1
CASSQGAGAGQPQHF	TRBV4-2*01	TRBJ1-5	1
CASSQGAGANQPQHF	TRBV4-3*01	TRBJ1-5	1
CASSQGAGDTQYF	TRBV4-1*01	TRBJ2-3	1
CASSQGAGGPTYGYTF	TRBV4-1*01	TRBJ1-2	1
CASSQGAGGVAAFF	TRBV4-2*01	TRBJ1-1	1
CASSQGAGGVYNEQFF	TRBV4-1*01	TRBJ2-1	1
CASSQGAGQGESNYFEKLFF	TRBV4-3*01	TRBJ1-4	1
CASSQGAGSYEQYF	TRBV4-3*01	TRBJ2-7	1
CASSQGAGTFNTEAFF	TRBV4-3*01	TRBJ1-1	1
CASSQGAGTYEQYF	TRBV4-1*01	TRBJ2-7	1
CASSQGAGYEQYF	TRBV4-3*01	TRBJ2-7	1
CASSQGALAGGYNEQFF	TRBV4-2*01	TRBJ2-1	1
CASSQGANTEAFF	TRBV12-3*01	TRBJ1-1	1
CASSQGAPYTQYF	TRBV4-2*01	TRBJ2-3	1
CASSQGAQEWSSYEQYF	TRBV3-1*01	TRBJ2-7	1
CASSQGASYEQYF	TRBV4-1*01	TRBJ2-7	1
CASSQGATGGFSTDTQYF	TRBV4-3*01	TRBJ2-3	1
CASSQGATGGPPDTQYF	TRBV14*01	TRBJ2-3	1
CASSQGATGTSTDTQYF	TRBV4-1*01	TRBJ2-3	1
CASSQGAYGYTF	TRBV19*01	TRBJ1-2	115
CASSQGAYSNQPQHF	TRBV4-3*01	TRBJ1-5	1
CASSQGDEQFF	TRBV4-3*01	TRBJ2-1	1
CASSQGDFLITDTQYF	TRBV7-3*01	TRBJ2-3	3
CASSQGDLNRGYGYTF	TRBV4-3*01	TRBJ1-2	1
CASSQGDRFSYEQYF	TRBV4-3*01	TRBJ2-7	1
CASSQGDRGCLCEQFF	TRBV14*01	TRBJ2-1	1
CASSQGDRNTEAFF	TRBV4-3*01	TRBJ1-1	1
CASSQGDRVETQYF	TRBV6-3*01	TRBJ2-5	1
CASSQGDSGGQETQYF	TRBV9*01	TRBJ2-5	1
CASSQGDSISYNEQFF	TRBV4-1*01	TRBJ2-1	1
CASSQGDSNTDTQYF	TRBV7-9*01	TRBJ2-3	1
CASSQGDYNEQFF	TRBV5-6*01	TRBJ2-1	2
CASSQGEAGEEKLFF	TRBV4-1*01	TRBJ1-4	1
CASSQGEAVMNSPLHF	TRBV4-2*01	TRBJ1-6	1
CASSQGEGGTGELFF	TRBV4-1*01	TRBJ2-2	1
CASSQGEGRETQYF	TRBV4-1*01	TRBJ2-5	2
CASSQGEGVGDTQYF	TRBV4-3*01	TRBJ2-3	1
CASSQGEIYGYTF	TRBV6-3*01	TRBJ1-2	1
CASSQGELFEAFF	TRBV3-1*01	TRBJ1-1	1
CASSQGETGETQYF	TRBV3-1*01	TRBJ2-5	1
CASSQGETGNSPLHF	TRBV16*01	TRBJ1-6	1
CASSQGFSNQPQHF	TRBV4-1*01	TRBJ1-5	1
CASSQGFSWEQYF	TRBV4-1*01	TRBJ2-7	1
CASSQGFWTFGNTIYF	TRBV4-3*01	TRBJ1-3	1
CASSQGFYGYTF	TRBV19*01	TRBJ1-2	1
CASSQGFYLSGWDTGELFF	TRBV3-1*01	TRBJ2-2	1
CASSQGFYSTDTQYF	TRBV3-1*01	TRBJ2-3	1
CASSQGGADSYEQYF	TRBV4-1*01	TRBJ2-7	1
CASSQGGAGGANEQFF	TRBV4-3*01	TRBJ2-1	1
CASSQGGAPGNEQFF	TRBV4-3*01	TRBJ2-1	1
CASSQGGAVLPETQYF	TRBV4-1*01	TRBJ2-5	1
CASSQGGDTQYF	TRBV4-3*01	TRBJ2-3	1
CASSQGGDTQYF	TRBV7-9*01	TRBJ2-3	1
CASSQGGELISQPQHF	TRBV4-1*01	TRBJ1-5	1
CASSQGGEPEFF	TRBV6-5*01	TRBJ2-1	1
CASSQGGEQYF	TRBV4-2*01	TRBJ2-7	1
CASSQGGEQYF	TRBV7-9*01	TRBJ2-7	1
CASSQGGGDYEQYF	TRBV4-1*01	TRBJ2-7	1
CASSQGGGGAYEQYF	TRBV4-3*01	TRBJ2-7	1
CASSQGGGGELFF	TRBV14*01	TRBJ2-2	1
CASSQGGGGSPLHF	TRBV4-1*01	TRBJ1-6	1
CASSQGGGGTDTQYF	TRBV4-3*01	TRBJ2-3	1
CASSQGGGGVADTQYF	TRBV3-1*01	TRBJ2-3	1
CASSQGGGLAGYTF	TRBV4-1*01	TRBJ1-2	1
CASSQGGGLEQYF	TRBV3-1*01	TRBJ2-7	1
CASSQGGGLGTEAFF	TRBV5-1*01	TRBJ1-1	1
CASSQGGGLGTGELFF	TRBV4-2*01	TRBJ2-2	1
CASSQGGGNGYTF	TRBV27*01	TRBJ1-2	1
CASSQGGGPSYGYTF	TRBV4-1*01	TRBJ1-2	1
CASSQGGGQGYEQYF	TRBV4-3*01	TRBJ2-7	1
CASSQGGGRPNQPQHF	TRBV3-1*01	TRBJ1-5	1
CASSQGGGTEAFF	TRBV12-3*01	TRBJ1-1	1
CASSQGGGTEAFF	TRBV14*01	TRBJ1-1	1
CASSQGGGTYEQYF	TRBV9*01	TRBJ2-7	1
CASSQGGGWTEAFF	TRBV4-2*01	TRBJ1-1	1
CASSQGGHEQYF	TRBV4-2*01	TRBJ2-7	1
CASSQGGLAADTQYF	TRBV4-1*01	TRBJ2-3	1
CASSQGGLAGAYTDTQYF	TRBV7-3*01	TRBJ2-3	1
CASSQGGLVYRDTGELFF	TRBV4-3*01	TRBJ2-2	1
CASSQGGNEQFF	TRBV5-5*01	TRBJ2-1	1
CASSQGGPPQHF	TRBV3-1*01	TRBJ1-5	1
CASSQGGPYEQYF	TRBV5-6*01	TRBJ2-7	1
CASSQGGQGKGGYTF	TRBV4-2*01	TRBJ1-2	1
CASSQGGQMNTEAFF	TRBV4-1*01	TRBJ1-1	1
CASSQGGQNTGELFF	TRBV4-2*01	TRBJ2-2	1
CASSQGGRHQETQYF	TRBV3-1*01	TRBJ2-5	1
CASSQGGRPYEQYF	TRBV4-3*01	TRBJ2-7	1
CASSQGGRRNQPQHF	TRBV4-2*01	TRBJ1-5	1
CASSQGGSADTQYF	TRBV7-3*01	TRBJ2-3	1
CASSQGGSDTDTQYF	TRBV4-3*01	TRBJ2-3	1
CASSQGGSGTEAFF	TRBV4-2*01	TRBJ1-1	1
CASSQGGSGVPSYEQYF	TRBV4-2*01	TRBJ2-7	1
CASSQGGSPLHF	TRBV4-2*01	TRBJ1-6	1
CASSQGGSRGYTEAFF	TRBV4-3*01	TRBJ1-1	1
CASSQGGSTIYF	TRBV2*01	TRBJ1-3	1
CASSQGGTAPYEQYF	TRBV4-3*01	TRBJ2-7	1
CASSQGGTGLYNEQFF	TRBV3-1*01	TRBJ2-1	1
CASSQGGTSGGRQYF	TRBV4-3*01	TRBJ2-3	1
CASSQGGTYNEQFF	TRBV4-2*01	TRBJ2-1	1
CASSQGGVNQPQHF	TRBV4-2*01	TRBJ1-5	1
CASSQGGVSADTQYF	TRBV4-3*01	TRBJ2-3	1
CASSQGIGGAGELFF	TRBV4-1*01	TRBJ2-2	1
CASSQGIGNYEQYF	TRBV4-3*01	TRBJ2-7	1
CASSQGILSGELFF	TRBV4-2*01	TRBJ2-2	1
CASSQGILYTGELFF	TRBV4-1*01	TRBJ2-2	1
CASSQGIRTPTEQYF	TRBV4-2*01	TRBJ2-7	1
CASSQGISTAYEQYF	TRBV4-3*01	TRBJ2-7	1
CASSQGISYEQYF	TRBV4-1*01	TRBJ2-7	1
CASSQGIYQPQHF	TRBV4-1*01	TRBJ1-5	1
CASSQGKGAEAFF	TRBV3-1*01	TRBJ1-1	1
CASSQGKGNQPQHF	TRBV27*01	TRBJ1-5	1
CASSQGKQGVRMNTEAFF	TRBV14*01	TRBJ1-1	1
CASSQGLADNTGELFF	TRBV4-2*01	TRBJ2-2	1
CASSQGLAGAYEQFF	TRBV4-3*01	TRBJ2-1	1
CASSQGLAGGLDEQFF	TRBV4-1*01	TRBJ2-1	1
CASSQGLAGGPLGELFF	TRBV5-4*01	TRBJ2-2	1
CASSQGLAGSEQYF	TRBV4-3*01	TRBJ2-7	1
CASSQGLAGSYEQYF	TRBV14*01	TRBJ2-7	1
CASSQGLAGTYEQYF	TRBV5-1*01	TRBJ2-7	1
CASSQGLAGVHEQFF	TRBV4-3*01	TRBJ2-1	1
CASSQGLAGVTGELFF	TRBV7-2*01	TRBJ2-2	1
CASSQGLAPAIDTQYF	TRBV6-3*01	TRBJ2-3	1
CASSQGLASTSTDTQYF	TRBV4-2*01	TRBJ2-3	1
CASSQGLASYEQYF	TRBV4-3*01	TRBJ2-7	1
CASSQGLAYEQYF	TRBV4-3*01	TRBJ2-7	1
CASSQGLEDYEQYF	TRBV3-1*01	TRBJ2-7	1
CASSQGLESVETQYF	TRBV4-1*01	TRBJ2-5	1
CASSQGLGAGGRPDTQYF	TRBV4-1*01	TRBJ2-3	1
CASSQGLGAWETQYF	TRBV4-3*01	TRBJ2-5	1
CASSQGLGGPETQYF	TRBV3-1*01	TRBJ2-5	1
CASSQGLGPNEQFF	TRBV4-1*01	TRBJ2-1	1
CASSQGLGQDSYEQYF	TRBV4-3*01	TRBJ2-7	1
CASSQGLGTSGVYEQYF	TRBV4-3*01	TRBJ2-7	1
CASSQGLNRDYTGELFF	TRBV14*01	TRBJ2-2	1
CASSQGLRPYEQYF	TRBV4-1*01	TRBJ2-7	1
CASSQGLRRDREQFF	TRBV14*01	TRBJ2-1	1
CASSQGLSGSSYNEQFF	TRBV4-3*01	TRBJ2-1	1
CASSQGLSNEQYF	TRBV4-1*01	TRBJ2-7	5
CASSQGLTGMAETQYF	TRBV3-1*01	TRBJ2-5	1
CASSQGLVGDQPQHF	TRBV4-1*01	TRBJ1-5	1
CASSQGLVRSGANVLTF	TRBV3-1*01	TRBJ2-6	1
CASSQGLVSGSPLHF	TRBV4-3*01	TRBJ1-6	1
CASSQGMNTEAFF	TRBV4-1*01	TRBJ1-1	2
CASSQGNEQYF	TRBV3-1*01	TRBJ2-7	1
CASSQGNRGTNQPQHF	TRBV3-1*01	TRBJ1-5	1
CASSQGNYGYTF	TRBV19*01	TRBJ1-2	10
CASSQGPADGYTF	TRBV5-5*01	TRBJ1-2	1
CASSQGPAGGRNQPQHF	TRBV4-1*01	TRBJ1-5	1
CASSQGPAGLTDTQYF	TRBV4-3*01	TRBJ2-3	1
CASSQGPGAIYEQYF	TRBV6-3*01	TRBJ2-7	1
CASSQGPGQGLNTEAFF	TRBV4-3*01	TRBJ1-1	1
CASSQGPGTEQYF	TRBV4-1*01	TRBJ2-7	1
CASSQGPGTGELFF	TRBV4-3*01	TRBJ2-2	1
CASSQGPGTGGLKLFF	TRBV4-1*01	TRBJ1-4	1
CASSQGPLGGTDTQYF	TRBV4-3*01	TRBJ2-3	1
CASSQGPNQPQHF	TRBV4-1*01	TRBJ1-5	1
CASSQGPPGEQYF	TRBV4-1*01	TRBJ2-7	1
CASSQGPPPYEQYF	TRBV4-1*01	TRBJ2-7	1
CASSQGPVNEQYF	TRBV4-1*01	TRBJ2-7	1
CASSQGPYNEQFF	TRBV4-1*01	TRBJ2-1	1
CASSQGQAFYEQYF	TRBV4-3*01	TRBJ2-7	1
CASSQGQANREAFF	TRBV4-1*01	TRBJ1-1	1
CASSQGQFNSPLHF	TRBV4-1*01	TRBJ1-6	2
CASSQGQGANTGELFF	TRBV4-1*01	TRBJ2-2	1
CASSQGQGARQPQHF	TRBV3-1*01	TRBJ1-5	1
CASSQGQGATEAFF	TRBV4-1*01	TRBJ1-1	2
CASSQGQGATSSPLHF	TRBV3-1*01	TRBJ1-6	1
CASSQGQGDYEQYF	TRBV4-1*01	TRBJ2-7	1
CASSQGQGGAYEQYF	TRBV4-1*01	TRBJ2-7	2
CASSQGQGGDTGELFF	TRBV4-1*01	TRBJ2-2	1
CASSQGQGGEQYF	TRBV4-1*01	TRBJ2-7	12
CASSQGQGGGELFF	TRBV4-3*01	TRBJ2-2	1
CASSQGQGGYEQYF	TRBV4-1*01	TRBJ2-7	1
CASSQGQGLGYEQYF	TRBV4-1*01	TRBJ2-7	1
CASSQGQGMTPLHF	TRBV3-1*01	TRBJ1-6	1
CASSQGQGNTEAFF	TRBV4-1*01	TRBJ1-1	3
CASSQGQGQPQHF	TRBV6-3*01	TRBJ1-5	1
CASSQGQGSNYGYTF	TRBV4-1*01	TRBJ1-2	1
CASSQGQGSYEQYF	TRBV14*01	TRBJ2-7	1
CASSQGQGSYFEQFF	TRBV6-5*01	TRBJ2-1	1
CASSQGQGTLYEQYF	TRBV4-1*01	TRBJ2-7	1
CASSQGQGVNEQYF	TRBV4-2*01	TRBJ2-7	1
CASSQGQGVTEAFF	TRBV4-1*01	TRBJ1-1	1
CASSQGQHYGYTF	TRBV18*01	TRBJ1-2	1
CASSQGQINQPQHF	TRBV7-8*01	TRBJ1-5	1
CASSQGQLSTDTQYF	TRBV4-3*01	TRBJ2-3	1
CASSQGQNTEAFF	TRBV4-1*01	TRBJ1-1	2
CASSQGQPGQAYNEQFF	TRBV3-1*01	TRBJ2-1	1
CASSQGQQSSYNSPLHF	TRBV6-6*01	TRBJ1-6	1
CASSQGQVGSYEQYF	TRBV3-1*01	TRBJ2-7	1
CASSQGRDAHTF	TRBV4-3*01	TRBJ1-2	1
CASSQGREAGGPAGYNEQFF	TRBV4-3*01	TRBJ2-1	1
CASSQGREPTDTQYF	TRBV4-3*01	TRBJ2-3	1
CASSQGRERTSYNEQFF	TRBV14*01	TRBJ2-1	1
CASSQGRESYEQYF	TRBV4-3*01	TRBJ2-7	1
CASSQGRGGAYEQYF	TRBV4-3*01	TRBJ2-7	1
CASSQGRGGGETQYF	TRBV3-1*01	TRBJ2-5	3
CASSQGRGGPDTQYF	TRBV5-5*01	TRBJ2-3	1
CASSQGRGGTEAFF	TRBV4-1*01	TRBJ1-1	1
CASSQGRGGTEAFF	TRBV4-3*01	TRBJ1-1	1
CASSQGRGGYEQYF	TRBV4-3*01	TRBJ2-7	1
CASSQGRGPTSINEQFF	TRBV4-3*01	TRBJ2-1	1
CASSQGRGQGYEQYF	TRBV4-3*01	TRBJ2-7	1
CASSQGRGRNSYEQYF	TRBV4-3*01	TRBJ2-7	1
CASSQGRGSGNTIYF	TRBV4-1*01	TRBJ1-3	1
CASSQGRGSYEQYF	TRBV4-1*01	TRBJ2-7	1
CASSQGRGTQETQYF	TRBV4-3*01	TRBJ2-5	1
CASSQGRLRGVDTQYF	TRBV4-2*01	TRBJ2-3	1
CASSQGRMNTEAFF	TRBV4-1*01	TRBJ1-1	1
CASSQGRNEQFF	TRBV4-2*01	TRBJ2-1	1
CASSQGRNTGELFF	TRBV4-3*01	TRBJ2-2	1
CASSQGRQRVSYGYTF	TRBV4-1*01	TRBJ1-2	1
CASSQGRRGQYEKLFF	TRBV4-2*01	TRBJ1-4	1
CASSQGRTSGYNEQFF	TRBV14*01	TRBJ2-1	1
CASSQGRVLPSRTDTQYF	TRBV4-1*01	TRBJ2-3	1
CASSQGRWDEKLFF	TRBV4-1*01	TRBJ1-4	2
CASSQGRYSGNTIYF	TRBV4-3*01	TRBJ1-3	1
CASSQGSAGGNEQFF	TRBV4-1*01	TRBJ2-1	4
CASSQGSATEAFF	TRBV4-3*01	TRBJ1-1	1
CASSQGSDRTSYEQYF	TRBV4-2*01	TRBJ2-7	1
CASSQGSEIVSGELFF	TRBV4-1*01	TRBJ2-2	1
CASSQGSFSGNTIYF	TRBV14*01	TRBJ1-3	1
CASSQGSGANVLTF	TRBV11-2*01	TRBJ2-6	1
CASSQGSGGGYEQFF	TRBV4-3*01	TRBJ2-1	1
CASSQGSGHTEAFF	TRBV4-1*01	TRBJ1-1	1
CASSQGSGINSPLHF	TRBV4-3*01	TRBJ1-6	1
CASSQGSGVNEKLFF	TRBV4-3*01	TRBJ1-4	1
CASSQGSHTEAFF	TRBV6-5*01	TRBJ1-1	1
CASSQGSIGTPQNTEAFF	TRBV14*01	TRBJ1-1	1
CASSQGSNSGNGYTF	TRBV4-2*01	TRBJ1-2	1
CASSQGSPIPDGYTF	TRBV9*01	TRBJ1-2	1
CASSQGSPLGFAGELFF	TRBV4-3*01	TRBJ2-2	1
CASSQGSQVNTEAFF	TRBV4-1*01	TRBJ1-1	1
CASSQGSREAFF	TRBV4-3*01	TRBJ1-1	1
CASSQGSSPLHF	TRBV4-3*01	TRBJ1-6	1
CASSQGSSWGTDTQYF	TRBV4-1*01	TRBJ2-3	1
CASSQGSTEAFF	TRBV4-2*01	TRBJ1-1	1
CASSQGSTYEQYF	TRBV4-1*01	TRBJ2-7	1
CASSQGSWGYTF	TRBV19*01	TRBJ1-2	3
CASSQGSYGYTF	TRBV19*01	TRBJ1-2	3
CASSQGSYNEQFF	TRBV7-3*01	TRBJ2-1	1
CASSQGTAFRRHRNSPLHF	TRBV3-1*01	TRBJ1-6	1
CASSQGTDYGYTF	TRBV3-1*01	TRBJ1-2	1
CASSQGTEAFF	TRBV10-1*01	TRBJ1-1	1
CASSQGTEAFF	TRBV4-1*01	TRBJ1-1	1
CASSQGTGELFF	TRBV14*01	TRBJ2-2	1
CASSQGTGFEDF	TRBV3-1*01	TRBJ2-5	1
CASSQGTGGEKLFF	TRBV4-1*01	TRBJ1-4	1
CASSQGTGGLYEQYF	TRBV4-1*01	TRBJ2-7	1
CASSQGTGGTEAFF	TRBV4-1*01	TRBJ1-1	2
CASSQGTGGVYEQYF	TRBV4-3*01	TRBJ2-7	1
CASSQGTGMTEAFF	TRBV27*01	TRBJ1-1	1
CASSQGTGNNQPQHF	TRBV4-3*01	TRBJ1-5	1
CASSQGTGNQETQYF	TRBV14*01	TRBJ2-5	1
CASSQGTGNTEAFF	TRBV4-1*01	TRBJ1-1	5
CASSQGTGQGETQYF	TRBV4-3*01	TRBJ2-5	1
CASSQGTGRPYNEQFF	TRBV3-1*01	TRBJ2-1	1
CASSQGTGSGANVLTF	TRBV4-3*01	TRBJ2-6	1
CASSQGTGSGLYGYTF	TRBV4-2*01	TRBJ1-2	1
CASSQGTGSYEQYF	TRBV4-1*01	TRBJ2-7	1
CASSQGTGTKNTEAFF	TRBV4-1*01	TRBJ1-1	1
CASSQGTGVYEQYF	TRBV4-3*01	TRBJ2-7	1
CASSQGTGYTEAFF	TRBV4-1*01	TRBJ1-1	1
CASSQGTMGYEQYF	TRBV4-3*01	TRBJ2-7	1
CASSQGTNQPQHF	TRBV4-1*01	TRBJ1-5	1
CASSQGTNYEQYF	TRBV4-3*01	TRBJ2-7	1
CASSQGTPGTYEQYF	TRBV4-3*01	TRBJ2-7	1
CASSQGTQDGYTF	TRBV4-3*01	TRBJ1-2	1
CASSQGTSFFEQFF	TRBV3-1*01	TRBJ2-1	1
CASSQGTSGADTQYF	TRBV4-3*01	TRBJ2-3	2
CASSQGTSGGYEQYF	TRBV7-8*01	TRBJ2-7	1
CASSQGTSGLNEQFF	TRBV4-3*01	TRBJ2-1	1
CASSQGTSGRARREQFF	TRBV4-3*01	TRBJ2-1	1
CASSQGTSGRAYEQYF	TRBV4-3*01	TRBJ2-7	1
CASSQGTSGSDEQFF	TRBV3-1*01	TRBJ2-1	1
CASSQGTSGSYEQYF	TRBV4-3*01	TRBJ2-7	2
CASSQGTSGTNEQFF	TRBV11-2*01	TRBJ2-1	1
CASSQGTSGVFF	TRBV4-2*01	TRBJ2-7	1
CASSQGTSVKNIQYF	TRBV16*01	TRBJ2-4	1
CASSQGTVLQPQHF	TRBV4-3*01	TRBJ1-5	2
CASSQGTYEQYF	TRBV7-9*01	TRBJ2-7	1
CASSQGVAALNTGELFF	TRBV4-3*01	TRBJ2-2	1
CASSQGVAGGWGTQYF	TRBV3-1*01	TRBJ2-5	1
CASSQGVGGSNNEQFF	TRBV4-3*01	TRBJ2-1	1
CASSQGVGLAGASYEQYF	TRBV4-1*01	TRBJ2-7	1
CASSQGVGLRDREIANPYEQYF	TRBV4-3*01	TRBJ2-7	1
CASSQGVGQEKLFF	TRBV4-1*01	TRBJ1-4	1
CASSQGVGTEVGF	TRBV4-1*01	TRBJ2-7	1
CASSQGVITEAFF	TRBV4-1*01	TRBJ1-1	1
CASSQGVLLGQPQHF	TRBV4-3*01	TRBJ1-5	1
CASSQGVLNTGELFF	TRBV4-1*01	TRBJ2-2	1
CASSQGVQLIQYF	TRBV4-1*01	TRBJ2-4	1
CASSQGVSGQETQYF	TRBV4-1*01	TRBJ2-5	1
CASSQGVSSYEQYF	TRBV3-1*01	TRBJ2-7	1
CASSQGVSVTDTQYF	TRBV4-1*01	TRBJ2-3	1
CASSQGVTEAFF	TRBV4-2*01	TRBJ1-1	1
CASSQGVVYEQYF	TRBV4-1*01	TRBJ2-7	1
CASSQGVWTNTEAFF	TRBV4-1*01	TRBJ1-1	1
CASSQGWDSMGGAFF	TRBV14*01	TRBJ1-1	1
CASSQGWGANTEAFF	TRBV6-5*01	TRBJ1-1	1
CASSQGWGATEAFF	TRBV4-1*01	TRBJ1-1	1
CASSQGWGFRADTQYF	TRBV4-3*01	TRBJ2-3	1
CASSQGWRGPSYNEQFF	TRBV3-1*01	TRBJ2-1	1
CASSQGYEADTQYF	TRBV4-3*01	TRBJ2-3	1
CASSQGYGNQPQHF	TRBV27*01	TRBJ1-5	1
CASSQGYGSGGRYEQYF	TRBV3-1*01	TRBJ2-7	1
CASSQGYHEQFF	TRBV16*01	TRBJ2-1	1
CASSQGYIDQVF	TRBV12-4*01	TRBJ1-1	1
CASSQGYLLGAANEKLFF	TRBV4-1*01	TRBJ1-4	1
CASSQGYNEQFF	TRBV4-3*01	TRBJ2-1	2
CASSQHAGDSPLHF	TRBV4-3*01	TRBJ1-6	1
CASSQHPEVGVKNIQYF	TRBV4-1*01	TRBJ2-4	1
CASSQHPGQVYTDTQYF	TRBV4-3*01	TRBJ2-3	1
CASSQHRDREDNEQFF	TRBV13*01	TRBJ2-1	1
CASSQHRGRTGELFF	TRBV4-1*01	TRBJ2-2	1
CASSQIAGGDIQYF	TRBV9*01	TRBJ2-4	1
CASSQIGGPGNTIYF	TRBV4-1*01	TRBJ1-3	1
CASSQIGLETYEQYF	TRBV4-2*01	TRBJ2-7	1
CASSQIHRGILSPLHF	TRBV4-3*01	TRBJ1-6	1
CASSQIIGSGRYNSPLHF	TRBV3-1*01	TRBJ1-6	1
CASSQILRVTSADTQYF	TRBV28*01	TRBJ2-3	1
CASSQINSGGSYEQYF	TRBV4-3*01	TRBJ2-7	1
CASSQIPGDGELFF	TRBV4-3*01	TRBJ2-2	1
CASSQIPPTVPYEQYF	TRBV27*01	TRBJ2-7	1
CASSQIQGNIYGYTF	TRBV3-1*01	TRBJ1-2	1
CASSQIRGPYNEQFF	TRBV4-3*01	TRBJ2-1	1
CASSQISGGPTDTQYF	TRBV7-3*01	TRBJ2-3	1
CASSQISYEQYF	TRBV5-6*01	TRBJ2-7	1
CASSQITDRVTGNTIYF	TRBV3-1*01	TRBJ1-3	1
CASSQITGGHQETQYF	TRBV7-8*01	TRBJ2-5	1
CASSQITGTFYNEQFF	TRBV3-1*01	TRBJ2-1	1
CASSQIVGAGELFF	TRBV4-1*01	TRBJ2-2	1
CASSQIVGGRNSPLHF	TRBV4-3*01	TRBJ1-6	1
CASSQIVLPGDSYEQYF	TRBV6-7*01	TRBJ2-7	1
CASSQIYNPYGYTF	TRBV14*01	TRBJ1-2	1
CASSQKAGGPGTDTQYF	TRBV4-1*01	TRBJ2-3	1
CASSQKDRGLSEAFF	TRBV4-1*01	TRBJ1-1	1
CASSQKFADTQYF	TRBV3-1*01	TRBJ2-3	1
CASSQKLDRETQYF	TRBV4-2*01	TRBJ2-5	1
CASSQKPALAPAPDTQYF	TRBV4-1*01	TRBJ2-3	1
CASSQKRGMNTEAFF	TRBV4-3*01	TRBJ1-1	1
CASSQKRTGGTEAFF	TRBV4-3*01	TRBJ1-1	1
CASSQKSGNPLVQYF	TRBV3-1*01	TRBJ2-4	1
CASSQKTEAFF	TRBV5-6*01	TRBJ1-1	1
CASSQKTVNTEAFF	TRBV4-3*01	TRBJ1-1	1
CASSQLAGEDTQYF	TRBV4-1*01	TRBJ2-3	1
CASSQLAGGPEQFF	TRBV4-3*01	TRBJ2-1	1
CASSQLAGVFLNSYEQYF	TRBV5-6*01	TRBJ2-7	1
CASSQLAWGEGPYGYTF	TRBV14*01	TRBJ1-2	1
CASSQLDGYSNQPQHF	TRBV4-1*01	TRBJ1-5	1
CASSQLGDASYEQYF	TRBV5-4*01	TRBJ2-7	1
CASSQLGGAYEQYF	TRBV3-1*01	TRBJ2-7	1
CASSQLGLAGDEQFF	TRBV14*01	TRBJ2-1	1
CASSQLGQGGYEQYF	TRBV7-9*01	TRBJ2-7	1
CASSQLGSEQFF	TRBV7-2*01	TRBJ2-1	1
CASSQLGTQYF	TRBV7-8*01	TRBJ2-5	1
CASSQLGTTPWETQYF	TRBV4-1*01	TRBJ2-5	1
CASSQLHLAGGLDEQFF	TRBV4-3*01	TRBJ2-1	1
CASSQLLAGDHNEQFF	TRBV4-2*01	TRBJ2-1	1
CASSQLLGLAEGDTQYF	TRBV4-1*01	TRBJ2-3	1
CASSQLLGMNTEAFF	TRBV4-1*01	TRBJ1-1	1
CASSQLMENTEAFF	TRBV4-1*01	TRBJ1-1	1
CASSQLMSGLTEAFF	TRBV4-3*01	TRBJ1-1	1
CASSQLNGVGGYTF	TRBV4-1*01	TRBJ1-2	1
CASSQLSGIAYEQYF	TRBV4-1*01	TRBJ2-7	1
CASSQLSGSGGNEQFF	TRBV4-2*01	TRBJ2-1	1
CASSQLSPLAGGLETQYF	TRBV4-1*01	TRBJ2-5	1
CASSQLSQGNTEAFF	TRBV4-2*01	TRBJ1-1	3
CASSQLTSVGGETQYF	TRBV7-8*01	TRBJ2-5	1
CASSQLVAGALGETQYF	TRBV4-1*01	TRBJ2-5	1
CASSQLVGQGSTGELFF	TRBV7-3*01	TRBJ2-2	1
CASSQLVSGANVLTF	TRBV13*01	TRBJ2-6	1
CASSQLYRVGLETQYF	TRBV4-3*01	TRBJ2-5	1
CASSQMALRADDGYTF	TRBV3-1*01	TRBJ1-2	1
CASSQMDRVETQYF	TRBV16*01	TRBJ2-5	1
CASSQMGLADRNEQFF	TRBV14*01	TRBJ2-1	1
CASSQMGPYNEQFF	TRBV4-1*01	TRBJ2-1	1
CASSQMGVDTQYF	TRBV2*01	TRBJ2-3	1
CASSQMRGAGYEQYF	TRBV4-1*01	TRBJ2-7	1
CASSQMTGVYGGELFF	TRBV4-1*01	TRBJ2-2	1
CASSQMTWNTGELFF	TRBV4-3*01	TRBJ2-2	1
CASSQNDASSYEQYF	TRBV4-2*01	TRBJ2-7	1
CASSQNDRGFGYGYTF	TRBV5-4*01	TRBJ1-2	1
CASSQNGENSPLHF	TRBV4-3*01	TRBJ1-6	1
CASSQNGGGIYGYTF	TRBV4-3*01	TRBJ1-2	1
CASSQNGQGTDTQYF	TRBV4-3*01	TRBJ2-3	1
CASSQNLWGAEQYF	TRBV5-1*01	TRBJ2-7	1
CASSQNNYEQYF	TRBV7-9*01	TRBJ2-7	1
CASSQNPGLAGDEQFF	TRBV6-3*01	TRBJ2-1	1
CASSQNRGREAFF	TRBV4-3*01	TRBJ1-1	1
CASSQNRVDEQYF	TRBV4-3*01	TRBJ2-7	1
CASSQNSPLHF	TRBV5-6*01	TRBJ1-6	1
CASSQPDTDRYQPQHF	TRBV4-2*01	TRBJ1-5	1
CASSQPGAFFTDTQYF	TRBV3-1*01	TRBJ2-3	2
CASSQPGAGFGEKLFF	TRBV14*01	TRBJ1-4	1
CASSQPGASGRVSTDTQYF	TRBV4-1*01	TRBJ2-3	1
CASSQPGENEQFF	TRBV4-1*01	TRBJ2-1	1
CASSQPGFATQYF	TRBV14*01	TRBJ2-5	1
CASSQPGGFQETQYF	TRBV4-2*01	TRBJ2-5	1
CASSQPGGSYNEQFF	TRBV9*01	TRBJ2-1	1
CASSQPGLAANTGELFF	TRBV3-1*01	TRBJ2-2	1
CASSQPGLAGDTQYF	TRBV4-2*01	TRBJ2-3	1
CASSQPGLGETQYF	TRBV4-1*01	TRBJ2-5	1
CASSQPGLSTDTQYF	TRBV4-3*01	TRBJ2-3	1
CASSQPGPPRTDTQYF	TRBV3-1*01	TRBJ2-3	1
CASSQPGQGALGYTF	TRBV4-2*01	TRBJ1-2	1
CASSQPGQGGYGYTF	TRBV4-1*01	TRBJ1-2	1
CASSQPGTDSPLHF	TRBV4-3*01	TRBJ1-6	1
CASSQPGTGGEETQYF	TRBV4-1*01	TRBJ2-5	1
CASSQPGVILWDYGYTF	TRBV6-3*01	TRBJ1-2	1
CASSQPHSGYTF	TRBV4-3*01	TRBJ1-2	1
CASSQPISYPRETQYF	TRBV3-1*01	TRBJ2-5	1
CASSQPLAGASGTDTQYF	TRBV4-3*01	TRBJ2-3	1
CASSQPLAGVNNEQFF	TRBV4-2*01	TRBJ2-1	1
CASSQPLGKSGTEAFF	TRBV18*01	TRBJ1-1	1
CASSQPLLDHNEQFF	TRBV14*01	TRBJ2-1	1
CASSQPLSSSYNEQFF	TRBV4-1*01	TRBJ2-1	1
CASSQPNRASGRSETQYF	TRBV4-2*01	TRBJ2-5	1
CASSQPPAGTTTNEKLFF	TRBV4-3*01	TRBJ1-4	1
CASSQPPGSLGTDTQYF	TRBV27*01	TRBJ2-3	1
CASSQPPNSPLHF	TRBV4-2*01	TRBJ1-6	1
CASSQPQEGRSYNEQFF	TRBV4-1*01	TRBJ2-1	1
CASSQPQGKGAQPQHF	TRBV19*01	TRBJ1-5	1
CASSQPRCTDTQYF	TRBV14*01	TRBJ2-3	1
CASSQPRDRHFISKETQYF	TRBV14*01	TRBJ2-5	1
CASSQPRDYEQYF	TRBV6-3*01	TRBJ2-7	1
CASSQPRGRATYQETQYF	TRBV3-1*01	TRBJ2-5	1
CASSQPRHEAFF	TRBV6-5*01	TRBJ1-1	1
CASSQPRQGSYEQYF	TRBV2*01	TRBJ2-7	1
CASSQPSQEKETQYF	TRBV12-4*01	TRBJ2-5	1
CASSQPSVTNYGYTF	TRBV12-3*01	TRBJ1-2	1
CASSQPTDARYEQYF	TRBV4-2*01	TRBJ2-7	1
CASSQPTTGANEKLFF	TRBV3-1*01	TRBJ1-4	1
CASSQQAGVSYEQYF	TRBV4-1*01	TRBJ2-7	1
CASSQQETQYF	TRBV4-1*01	TRBJ2-5	1
CASSQQGALDVDTYEQYF	TRBV7-2*01	TRBJ2-7	1
CASSQQGGDADQPQHF	TRBV4-1*01	TRBJ1-5	1
CASSQQGGFYGYTF	TRBV4-1*01	TRBJ1-2	1
CASSQQGGNEKLFF	TRBV7-9*01	TRBJ1-4	1
CASSQQGGVRETQYF	TRBV4-1*01	TRBJ2-5	1
CASSQQGGYEQYF	TRBV4-2*01	TRBJ2-7	1
CASSQQGLDTGELFF	TRBV27*01	TRBJ2-2	1
CASSQQGSYGYTF	TRBV14*01	TRBJ1-2	1
CASSQQLNLYSYNEQFF	TRBV7-7*01	TRBJ2-1	1
CASSQQQGEGQPQHF	TRBV4-1*01	TRBJ1-5	2
CASSQQQGYGTEAFF	TRBV4-1*01	TRBJ1-1	2
CASSQQRGDNEQFF	TRBV4-3*01	TRBJ2-1	1
CASSQQSPQGGFNYGYTF	TRBV4-3*01	TRBJ1-2	1
CASSQQTGASGDTQYF	TRBV4-1*01	TRBJ2-3	1
CASSQQTLRLEQYF	TRBV4-1*01	TRBJ2-7	1
CASSQRAGELFF	TRBV19*01	TRBJ2-2	1
CASSQRALDEQYF	TRBV3-1*01	TRBJ2-7	1
CASSQRAPEQFF	TRBV7-9*01	TRBJ2-1	1
CASSQRDFAQHYNEQFF	TRBV14*01	TRBJ2-1	1
CASSQRDFVEQFF	TRBV27*01	TRBJ2-1	1
CASSQRDGDNYGYTF	TRBV4-2*01	TRBJ1-2	1
CASSQRDKGGDEQYF	TRBV13*01	TRBJ2-7	1
CASSQRDLSYNSPLHF	TRBV4-3*01	TRBJ1-6	1
CASSQRDRQETQYF	TRBV4-1*01	TRBJ2-5	1
CASSQRDSSYNSPLHF	TRBV4-3*01	TRBJ1-6	2
CASSQREAQYNSPLHF	TRBV4-3*01	TRBJ1-6	1
CASSQRGFEQYF	TRBV11-2*01	TRBJ2-7	1
CASSQRGGDTQYF	TRBV7-2*01	TRBJ2-5	1
CASSQRGGVYNSPLHF	TRBV4-1*01	TRBJ1-6	1
CASSQRGKGWENIQYF	TRBV3-1*01	TRBJ2-4	1
CASSQRHNEQFF	TRBV7-2*01	TRBJ2-1	1
CASSQRLAGAKYQETQYF	TRBV3-1*01	TRBJ2-5	1
CASSQRLAGDGELFF	TRBV5-4*01	TRBJ2-2	1
CASSQRLAGGPSNEQFF	TRBV4-1*01	TRBJ2-1	1
CASSQRLAGYKDTQYF	TRBV3-1*01	TRBJ2-3	1
CASSQRLTSTDTQYF	TRBV4-2*01	TRBJ2-3	1
CASSQRLVGEGTEAFF	TRBV4-3*01	TRBJ1-1	1
CASSQRPFGTSGRGNEQFF	TRBV4-2*01	TRBJ2-1	1
CASSQRPSEVGELFF	TRBV4-2*01	TRBJ2-2	4
CASSQRQELETQYF	TRBV3-1*01	TRBJ2-5	1
CASSQRQGGMDGYTF	TRBV4-3*01	TRBJ1-2	1
CASSQRQMGLEQYF	TRBV9*01	TRBJ2-7	1
CASSQRQPNSPLHF	TRBV28*01	TRBJ1-6	1
CASSQRQRGGLENIQYF	TRBV4-1*01	TRBJ2-4	1
CASSQRRGRHNEQFF	TRBV4-1*01	TRBJ2-1	1
CASSQRRGRSYNEQFF	TRBV3-1*01	TRBJ2-1	1
CASSQRRTGPSSTDTQYF	TRBV4-1*01	TRBJ2-3	1
CASSQRRVNSPLHF	TRBV4-1*01	TRBJ1-6	1
CASSQRSGFQPQHF	TRBV4-1*01	TRBJ1-5	1
CASSQRSSGEETQYF	TRBV11-2*01	TRBJ2-5	1
CASSQRSSQGGADTQYF	TRBV4-3*01	TRBJ2-3	1
CASSQRSSYEQYF	TRBV19*01	TRBJ2-7	3
CASSQRSTDTQYF	TRBV19*01	TRBJ2-3	1
CASSQRSTGELFF	TRBV19*01	TRBJ2-2	3
CASSQRTANTEAFF	TRBV4-1*01	TRBJ1-1	1
CASSQRTFEQYF	TRBV13*01	TRBJ2-7	1
CASSQRTGEETQYF	TRBV4-1*01	TRBJ2-5	1
CASSQRTGTYEQYF	TRBV7-9*01	TRBJ2-7	1
CASSQRTSAETQYF	TRBV3-1*01	TRBJ2-5	1
CASSQRTSGQETQYF	TRBV3-1*01	TRBJ2-5	1
CASSQRTTNTEAFF	TRBV4-1*01	TRBJ1-1	1
CASSQRVAGGDSGTQYF	TRBV4-1*01	TRBJ2-3	1
CASSQRVGYEQYF	TRBV4-3*01	TRBJ2-7	1
CASSQRWEGTNYGYTF	TRBV4-1*01	TRBJ1-2	1
CASSQRWGAYEQYF	TRBV4-3*01	TRBJ2-7	1
CASSQRWMNTEAFF	TRBV5-4*01	TRBJ1-1	1
CASSQSAGPRSYEQYF	TRBV3-1*01	TRBJ2-7	4
CASSQSAGVYEQYF	TRBV14*01	TRBJ2-7	1
CASSQSAYDEAFF	TRBV9*01	TRBJ1-1	1
CASSQSEDSFYYGYTF	TRBV4-3*01	TRBJ1-2	1
CASSQSGELFF	TRBV4-1*01	TRBJ2-2	1
CASSQSGGAEAFF	TRBV5-6*01	TRBJ1-1	1
CASSQSGGAQETQYF	TRBV7-6*01	TRBJ2-5	1
CASSQSGGETDTQYF	TRBV7-6*01	TRBJ2-3	1
CASSQSGGRTEAFF	TRBV4-2*01	TRBJ1-1	1
CASSQSGGSSTEAFF	TRBV4-2*01	TRBJ1-1	1
CASSQSGNAYNEQFF	TRBV6-3*01	TRBJ2-1	1
CASSQSGQGMYEQYF	TRBV16*01	TRBJ2-7	1
CASSQSGRAETQYF	TRBV7-9*01	TRBJ2-5	1
CASSQSGRGSYEQYF	TRBV16*01	TRBJ2-7	1
CASSQSGSGGTEAFF	TRBV28*01	TRBJ1-1	1
CASSQSGTASYEQYF	TRBV4-1*01	TRBJ2-7	1
CASSQSGTGGNNQPQHF	TRBV16*01	TRBJ1-5	1
CASSQSGTGYGYTF	TRBV14*01	TRBJ1-2	1
CASSQSGTREYEQYF	TRBV3-1*01	TRBJ2-7	8
CASSQSGTTYNEQFF	TRBV2*01	TRBJ2-1	1
CASSQSIPRDTIDYGYTF	TRBV4-3*01	TRBJ1-2	1
CASSQSIRQGGWGNTIYF	TRBV14*01	TRBJ1-3	1
CASSQSLYGYEQYF	TRBV4-3*01	TRBJ2-7	1
CASSQSPAGDGEDEQYF	TRBV4-3*01	TRBJ2-7	1
CASSQSPGGMQYF	TRBV14*01	TRBJ2-7	6
CASSQSPGGTQYF	TRBV14*01	TRBJ2-3	1
CASSQSPGGTQYF	TRBV14*01	TRBJ2-5	5
CASSQSPGTGFDENLSNYGYTF	TRBV4-3*01	TRBJ1-2	1
CASSQSPLWVAGIYEQYF	TRBV4-1*01	TRBJ2-7	1
CASSQSPSGGQDTQYF	TRBV4-1*01	TRBJ2-3	1
CASSQSPTSGGALDNEQFF	TRBV4-3*01	TRBJ2-1	1
CASSQSPTSTDTQYF	TRBV4-1*01	TRBJ2-3	1
CASSQSQGEGYTF	TRBV16*01	TRBJ1-2	1
CASSQSQGEQETQYF	TRBV4-3*01	TRBJ2-5	1
CASSQSRAYEQYF	TRBV4-3*01	TRBJ2-7	1
CASSQSRDNLKNIQYF	TRBV7-9*01	TRBJ2-4	1
CASSQSRDPKEGEQYF	TRBV16*01	TRBJ2-7	1
CASSQSRELSGNTIYF	TRBV4-1*01	TRBJ1-3	1
CASSQSSGDNEQFF	TRBV16*01	TRBJ2-1	1
CASSQSSGGAVEETQYF	TRBV4-1*01	TRBJ2-5	1
CASSQSSPGQGAGNEQFF	TRBV6-5*01	TRBJ2-1	1
CASSQSTASSYEQYF	TRBV4-3*01	TRBJ2-7	1
CASSQSTDLRRYEQFF	TRBV14*01	TRBJ2-1	1
CASSQSTEAFF	TRBV12-4*01	TRBJ1-1	1
CASSQSTEAFF	TRBV16*01	TRBJ1-1	4
CASSQSTGAYGYTF	TRBV4-3*01	TRBJ1-2	1
CASSQSTGIWDYGYTF	TRBV4-3*01	TRBJ1-2	1
CASSQSTGTPYYEQYF	TRBV4-2*01	TRBJ2-7	1
CASSQSTGYEQYF	TRBV4-3*01	TRBJ2-7	1
CASSQSTGYNQPQHF	TRBV11-2*01	TRBJ1-5	1
CASSQSTNINTEAFF	TRBV16*01	TRBJ1-1	1
CASSQSTYEQYF	TRBV28*01	TRBJ2-7	1
CASSQSVGGLNEKLFF	TRBV14*01	TRBJ1-4	3
CASSQSVPLAGESYNEQFF	TRBV7-6*01	TRBJ2-1	1
CASSQSWAYQETQYF	TRBV4-3*01	TRBJ2-5	1
CASSQSYGTDTQYF	TRBV14*01	TRBJ2-3	1
CASSQSYKVQLSGDTQYF	TRBV4-3*01	TRBJ2-3	1
CASSQTAFQETQYF	TRBV6-3*01	TRBJ2-5	1
CASSQTDFNEKLFF	TRBV7-6*01	TRBJ1-4	1
CASSQTDSNQPQHF	TRBV27*01	TRBJ1-5	1
CASSQTDSYEQYF	TRBV4-1*01	TRBJ2-7	1
CASSQTEEYEQYF	TRBV4-1*01	TRBJ2-7	1
CASSQTEGDYEQYF	TRBV4-3*01	TRBJ2-7	1
CASSQTFPGNYGYTF	TRBV16*01	TRBJ1-2	1
CASSQTGADFYGYTF	TRBV6-4*01	TRBJ1-2	1
CASSQTGANNEKLFF	TRBV28*01	TRBJ1-4	1
CASSQTGFPTTNEKLFF	TRBV4-3*01	TRBJ1-4	9
CASSQTGGGTYEQYF	TRBV27*01	TRBJ2-7	1
CASSQTGGKTYEQYF	TRBV14*01	TRBJ2-7	1
CASSQTGGPGNTIYF	TRBV9*01	TRBJ1-3	1
CASSQTGGTEAFF	TRBV4-2*01	TRBJ1-1	1
CASSQTGGYEQYF	TRBV7-3*01	TRBJ2-7	1
CASSQTGHYGYTF	TRBV6-3*01	TRBJ1-2	1
CASSQTGLLEAFF	TRBV3-1*01	TRBJ1-1	1
CASSQTGNTGELFF	TRBV9*01	TRBJ2-2	1
CASSQTGRGDNSPLHF	TRBV6-5*01	TRBJ1-6	5
CASSQTGSQGETQYF	TRBV27*01	TRBJ2-5	1
CASSQTGTSGGNEQFF	TRBV4-3*01	TRBJ2-1	1
CASSQTGVWAFF	TRBV14*01	TRBJ1-1	1
CASSQTGYNQPQHF	TRBV28*01	TRBJ1-5	1
CASSQTHFAEFSYEQYF	TRBV3-1*01	TRBJ2-7	1
CASSQTIAYEQYF	TRBV3-1*01	TRBJ2-7	1
CASSQTIGTTYEQYF	TRBV4-3*01	TRBJ2-7	1
CASSQTKGGGASFGYTF	TRBV3-1*01	TRBJ1-2	1
CASSQTLEYEQYF	TRBV28*01	TRBJ2-7	1
CASSQTLGTGGYPGELFF	TRBV14*01	TRBJ2-2	1
CASSQTLVNLLAGTQYF	TRBV3-1*01	TRBJ2-5	1
CASSQTLYTGGHYGYTF	TRBV3-1*01	TRBJ1-2	1
CASSQTNYGYTF	TRBV6-5*01	TRBJ1-2	1
CASSQTPDSTDTQYF	TRBV7-9*01	TRBJ2-3	1
CASSQTPGGISTDTQYF	TRBV4-2*01	TRBJ2-3	1
CASSQTPGQGSYEQYF	TRBV3-1*01	TRBJ2-7	1
CASSQTRDSHSGNTIYF	TRBV6-6*01	TRBJ1-3	1
CASSQTRDTTNEKLFF	TRBV14*01	TRBJ1-4	1
CASSQTRGAGNTIYF	TRBV4-1*01	TRBJ1-3	1
CASSQTRGYTEAFF	TRBV11-1*01	TRBJ1-1	1
CASSQTRRPLYGYTF	TRBV14*01	TRBJ1-2	1
CASSQTRTRTSGTRGNVQFF	TRBV3-1*01	TRBJ2-1	1
CASSQTSGEALGTGELFF	TRBV4-3*01	TRBJ2-2	1
CASSQTSGGATDTQYF	TRBV4-3*01	TRBJ2-3	1
CASSQTSGGSYEQYF	TRBV4-3*01	TRBJ2-7	1
CASSQTSGGYYNEQFF	TRBV6-6*01	TRBJ2-1	1
CASSQTSGSGDTQYF	TRBV9*01	TRBJ2-3	1
CASSQTSGTGGWGYTF	TRBV4-2*01	TRBJ1-2	1
CASSQTSSKYNEQFF	TRBV4-3*01	TRBJ2-1	1
CASSQTTGDLSEKLFF	TRBV4-3*01	TRBJ1-4	1
CASSQTTGLYHGYTF	TRBV14*01	TRBJ1-2	1
CASSQTTLDPYEQYF	TRBV5-1*01	TRBJ2-7	1
CASSQTTPLTYNYEQYF	TRBV19*01	TRBJ2-7	1
CASSQTTRQSNTEAFF	TRBV4-2*01	TRBJ1-1	65
CASSQTTVWYEQFF	TRBV28*01	TRBJ2-1	1
CASSQTVYSNQPQHF	TRBV7-2*01	TRBJ1-5	1
CASSQTWGLLYNEQFF	TRBV4-1*01	TRBJ2-1	1
CASSQVAESYNEQFF	TRBV4-1*01	TRBJ2-1	1
CASSQVAGARGETQYF	TRBV4-1*01	TRBJ2-5	1
CASSQVAGDYNEQFF	TRBV4-1*01	TRBJ2-1	1
CASSQVAGFWAKNIQYF	TRBV4-3*01	TRBJ2-4	1
CASSQVAGGAGNEQFF	TRBV4-2*01	TRBJ2-1	1
CASSQVAGHKKPYEQYF	TRBV14*01	TRBJ2-7	1
CASSQVAGSAYEQYF	TRBV4-1*01	TRBJ2-7	1
CASSQVAGYGYTF	TRBV14*01	TRBJ1-2	1
CASSQVAGYSYEQYF	TRBV4-3*01	TRBJ2-7	1
CASSQVALNTEAFF	TRBV27*01	TRBJ1-1	1
CASSQVALTYEQYF	TRBV4-3*01	TRBJ2-7	1
CASSQVAQSNYGYTF	TRBV4-3*01	TRBJ1-2	1
CASSQVASDEQFF	TRBV4-3*01	TRBJ2-1	1
CASSQVASKELFF	TRBV4-3*01	TRBJ2-2	1
CASSQVASVSSYNEQFF	TRBV4-3*01	TRBJ2-1	1
CASSQVCARGRGQPQHF	TRBV14*01	TRBJ1-5	1
CASSQVDAGMNTEAFF	TRBV4-1*01	TRBJ1-1	1
CASSQVDAPSYEQYF	TRBV4-1*01	TRBJ2-7	1
CASSQVDEDRVHNYGYTF	TRBV4-3*01	TRBJ1-2	1
CASSQVDGGAPMNTGELFF	TRBV3-1*01	TRBJ2-2	1
CASSQVDGGATDTQYF	TRBV4-2*01	TRBJ2-3	1
CASSQVDYEQFF	TRBV4-3*01	TRBJ2-1	1
CASSQVEATGELFF	TRBV4-3*01	TRBJ2-2	1
CASSQVEATNEKLFF	TRBV4-3*01	TRBJ1-4	1
CASSQVEGELFF	TRBV4-1*01	TRBJ2-2	1
CASSQVEGLETQYF	TRBV4-3*01	TRBJ2-5	1
CASSQVEGVEKLFF	TRBV4-1*01	TRBJ1-4	1
CASSQVELRTDTQYF	TRBV28*01	TRBJ2-3	1
CASSQVERDQETQYF	TRBV4-1*01	TRBJ2-5	1
CASSQVESPSYEQYF	TRBV4-1*01	TRBJ2-7	1
CASSQVETGNYGYTF	TRBV4-1*01	TRBJ1-2	1
CASSQVFKTVPYDYGYTF	TRBV4-3*01	TRBJ1-2	1
CASSQVFSGSGEQFF	TRBV14*01	TRBJ2-1	1
CASSQVFSGTDSYNEQFF	TRBV4-3*01	TRBJ2-1	1
CASSQVGAIGRYNEQFF	TRBV4-2*01	TRBJ2-1	1
CASSQVGAQYNEQFF	TRBV4-1*01	TRBJ2-1	1
CASSQVGEEAQHF	TRBV14*01	TRBJ1-5	1
CASSQVGGDQPQHF	TRBV4-1*01	TRBJ1-5	1
CASSQVGGDTQYF	TRBV4-3*01	TRBJ2-3	1
CASSQVGGNSPLHF	TRBV4-1*01	TRBJ1-6	1
CASSQVGGRTNEKLFF	TRBV4-3*01	TRBJ1-4	1
CASSQVGGSGVKNTEAFF	TRBV3-1*01	TRBJ1-1	1
CASSQVGGTEAFF	TRBV4-3*01	TRBJ1-1	1
CASSQVGGTEQYF	TRBV14*01	TRBJ2-7	1
CASSQVGGTYEQYF	TRBV4-1*01	TRBJ2-7	1
CASSQVGGYEQYF	TRBV3-1*01	TRBJ2-7	1
CASSQVGLAARGAKNIQYF	TRBV4-3*01	TRBJ2-4	1
CASSQVGLAGGYTGELFF	TRBV4-3*01	TRBJ2-2	1
CASSQVGLAGSRETQYF	TRBV3-1*01	TRBJ2-5	1
CASSQVGLAVPDTQYF	TRBV4-2*01	TRBJ2-3	1
CASSQVGLGDAGYTF	TRBV14*01	TRBJ1-2	1
CASSQVGLGLDEQFF	TRBV4-3*01	TRBJ2-1	1
CASSQVGNTEAFF	TRBV4-1*01	TRBJ1-1	1
CASSQVGNTIYF	TRBV5-4*01	TRBJ1-3	1
CASSQVGNYNEQFF	TRBV3-1*01	TRBJ2-1	1
CASSQVGQGAPGAFF	TRBV4-1*01	TRBJ1-1	1
CASSQVGREGSETQYF	TRBV3-1*01	TRBJ2-5	1
CASSQVGRPYNEQFF	TRBV4-3*01	TRBJ2-1	1
CASSQVGRTYEQYF	TRBV4-2*01	TRBJ2-7	1
CASSQVGSGDYNEQFF	TRBV4-2*01	TRBJ2-1	1
CASSQVGSNLNNEQFF	TRBV14*01	TRBJ2-1	1
CASSQVGSQETQYF	TRBV4-1*01	TRBJ2-5	1
CASSQVGSWWWADTQYF	TRBV14*01	TRBJ2-3	1
CASSQVGTGWNTEAFF	TRBV4-1*01	TRBJ1-1	1
CASSQVGTGYTDTQYF	TRBV4-1*01	TRBJ2-3	1
CASSQVGTVYGYTF	TRBV3-1*01	TRBJ1-2	1
CASSQVHRGGREKLFF	TRBV4-2*01	TRBJ1-4	1
CASSQVIGDRGPYGYTF	TRBV14*01	TRBJ1-2	1
CASSQVIGFSPQNLNTEAFF	TRBV4-3*01	TRBJ1-1	1
CASSQVIGGYQETQYF	TRBV3-1*01	TRBJ2-5	1
CASSQVIGQVGGDTQYF	TRBV4-1*01	TRBJ2-3	1
CASSQVIISGGAPTDTQYF	TRBV4-2*01	TRBJ2-3	1
CASSQVIRTGRFEADIQYF	TRBV3-1*01	TRBJ2-4	1
CASSQVKAGGADTQYF	TRBV4-3*01	TRBJ2-3	1
CASSQVKGFSYGYTF	TRBV4-3*01	TRBJ1-2	1
CASSQVKGTGSEKLFF	TRBV4-3*01	TRBJ1-4	1
CASSQVKLAGEQYF	TRBV3-1*01	TRBJ2-7	1
CASSQVLAQEQFF	TRBV4-1*01	TRBJ2-1	1
CASSQVLLAGEVEQFF	TRBV4-3*01	TRBJ2-1	1
CASSQVLLRVSSPLHF	TRBV3-1*01	TRBJ1-6	1
CASSQVLNQPQHF	TRBV3-1*01	TRBJ1-5	1
CASSQVLRGGEQYF	TRBV4-3*01	TRBJ2-7	1
CASSQVLSGELFF	TRBV4-3*01	TRBJ2-2	1
CASSQVMRVDNIQYF	TRBV4-2*01	TRBJ2-4	1
CASSQVNGRKTYGYTF	TRBV4-3*01	TRBJ1-2	1
CASSQVPANYYGYTF	TRBV4-1*01	TRBJ1-2	1
CASSQVPFTENTIYF	TRBV4-3*01	TRBJ1-3	1
CASSQVPGADTEAFF	TRBV4-3*01	TRBJ1-1	1
CASSQVPGADTQYF	TRBV4-1*01	TRBJ2-3	1
CASSQVPGDGYTF	TRBV14*01	TRBJ1-2	1
CASSQVPGGSDGYTF	TRBV4-1*01	TRBJ1-2	1
CASSQVPGHLNQPQHF	TRBV4-1*01	TRBJ1-5	1
CASSQVPGQGIHGYTF	TRBV4-3*01	TRBJ1-2	1
CASSQVPGWDNEQFF	TRBV4-1*01	TRBJ2-1	1
CASSQVPLSTDTQYF	TRBV4-2*01	TRBJ2-3	1
CASSQVPMVNYGYTF	TRBV4-3*01	TRBJ1-2	1
CASSQVPRTSTYNEQFF	TRBV4-3*01	TRBJ2-1	1
CASSQVPSEVYEQYF	TRBV4-1*01	TRBJ2-7	1
CASSQVPSPTRQPIGEQYF	TRBV3-1*01	TRBJ2-7	1
CASSQVPSSSYEQYF	TRBV4-3*01	TRBJ2-7	1
CASSQVPTSYNEQFF	TRBV4-3*01	TRBJ2-1	1
CASSQVPYNNEQFF	TRBV3-1*01	TRBJ2-1	1
CASSQVQGAPLHF	TRBV14*01	TRBJ1-6	1
CASSQVQGATKTEAFF	TRBV4-3*01	TRBJ1-1	1
CASSQVQGDYGYTF	TRBV4-1*01	TRBJ1-2	1
CASSQVQGFTGELFF	TRBV4-3*01	TRBJ2-2	1
CASSQVQGNYEKLFF	TRBV14*01	TRBJ1-4	1
CASSQVQGSSYEQYF	TRBV4-1*01	TRBJ2-7	1
CASSQVQGTDTQYF	TRBV4-3*01	TRBJ2-3	1
CASSQVQSTNEKLFF	TRBV3-1*01	TRBJ1-4	1
CASSQVRDGDYGYTF	TRBV4-2*01	TRBJ1-2	1
CASSQVREKLFF	TRBV4-2*01	TRBJ1-4	1
CASSQVRGGETQYF	TRBV4-1*01	TRBJ2-5	1
CASSQVRGVAEAFF	TRBV4-1*01	TRBJ1-1	1
CASSQVRIYNEQFF	TRBV3-1*01	TRBJ2-1	2
CASSQVRRANYGYTF	TRBV4-1*01	TRBJ1-2	1
CASSQVRRNTEAFF	TRBV4-1*01	TRBJ1-1	2
CASSQVRSGDRHYGYTF	TRBV4-3*01	TRBJ1-2	1
CASSQVRTGVPIYGYTF	TRBV4-2*01	TRBJ1-2	1
CASSQVSEETQYF	TRBV3-1*01	TRBJ2-5	1
CASSQVSGGAYEQYF	TRBV4-1*01	TRBJ2-7	6
CASSQVSGLPFYEQYF	TRBV14*01	TRBJ2-7	1
CASSQVSGQSGPGANVLTF	TRBV3-1*01	TRBJ2-6	1
CASSQVSGTENEQFF	TRBV4-2*01	TRBJ2-1	1
CASSQVSKDNEAFF	TRBV4-3*01	TRBJ1-1	1
CASSQVSLDYTF	TRBV4-2*01	TRBJ1-2	1
CASSQVSNGEQFF	TRBV3-1*01	TRBJ2-1	1
CASSQVSQRDFYNEQFF	TRBV4-3*01	TRBJ2-1	1
CASSQVSSAAYGYTF	TRBV4-2*01	TRBJ1-2	1
CASSQVSSLYYEQYF	TRBV3-1*01	TRBJ2-7	1
CASSQVSSRQPHTEAFF	TRBV3-1*01	TRBJ1-1	1
CASSQVTDGQGYNEQFF	TRBV3-1*01	TRBJ2-1	1
CASSQVTGGAYEQYF	TRBV4-1*01	TRBJ2-7	2
CASSQVTRQGAQYF	TRBV4-1*01	TRBJ2-5	1
CASSQVTSGNNEQFF	TRBV4-1*01	TRBJ2-1	1
CASSQVVGDRGLHGYTF	TRBV4-3*01	TRBJ1-2	1
CASSQVVGQGANGYTF	TRBV4-1*01	TRBJ1-2	1
CASSQVVQAEAFF	TRBV4-2*01	TRBJ1-1	1
CASSQVVSTYEQYF	TRBV4-3*01	TRBJ2-7	1
CASSQVVTGGYTEAFF	TRBV4-3*01	TRBJ1-1	1
CASSQVVVTANTGELFF	TRBV4-3*01	TRBJ2-2	1
CASSQVVVWTGGGNEQYF	TRBV4-3*01	TRBJ2-7	1
CASSQVVWGVGEQFF	TRBV4-3*01	TRBJ2-1	1
CASSQVWDINQPQHF	TRBV4-3*01	TRBJ1-5	1
CASSQVWDSPYEQYF	TRBV4-3*01	TRBJ2-7	1
CASSQVWETQYF	TRBV14*01	TRBJ2-5	1
CASSQVWGFGELFF	TRBV4-3*01	TRBJ2-2	1
CASSQVWGTHSNQPQHF	TRBV4-1*01	TRBJ1-5	1
CASSQVWQYHAEAFF	TRBV4-3*01	TRBJ1-1	1
CASSQVWRGGEQFF	TRBV3-1*01	TRBJ2-1	1
CASSQVWRSHNEKLFF	TRBV4-3*01	TRBJ1-4	1
CASSQVWTSGGAIPDTQYF	TRBV3-1*01	TRBJ2-3	1
CASSQVYEDSYEQYF	TRBV4-1*01	TRBJ2-7	1
CASSQVYKRQKNTGELFF	TRBV4-1*01	TRBJ2-2	1
CASSQWGLAGEDTQYF	TRBV6-3*01	TRBJ2-3	1
CASSQWGQGDTGELFF	TRBV4-3*01	TRBJ2-2	1
CASSQWGQGRETQYF	TRBV6-5*01	TRBJ2-5	1
CASSQWGSGVYEQYF	TRBV13*01	TRBJ2-7	1
CASSQWGTGQPQHF	TRBV3-1*01	TRBJ1-5	7
CASSQWNGRFNYGYTF	TRBV4-1*01	TRBJ1-2	1
CASSQWPDRGLYEQYF	TRBV11-2*01	TRBJ2-7	1
CASSQWVATEAFF	TRBV4-3*01	TRBJ1-1	1
CASSQYFRATNEQFF	TRBV4-3*01	TRBJ2-1	1
CASSQYFSGTEAFF	TRBV6-5*01	TRBJ1-1	1
CASSQYGGAGKTQYF	TRBV4-1*01	TRBJ2-5	1
CASSQYGGGDQYF	TRBV7-2*01	TRBJ2-5	4
CASSQYGLDTQYF	TRBV5-4*01	TRBJ2-3	1
CASSQYGNQPQHF	TRBV13*01	TRBJ1-5	1
CASSQYGSYEQYF	TRBV3-1*01	TRBJ2-7	1
CASSQYGTDPDTQYF	TRBV19*01	TRBJ2-3	1
CASSQYGTSSVNEQFF	TRBV11-2*01	TRBJ2-1	1
CASSQYLWGGELFF	TRBV14*01	TRBJ2-2	1
CASSQYNGDTEAFF	TRBV4-1*01	TRBJ1-1	1
CASSQYPAGASTDTQYF	TRBV4-3*01	TRBJ2-3	1
CASSQYRGGIQETQYF	TRBV4-3*01	TRBJ2-5	1
CASSQYRGLTQYF	TRBV4-3*01	TRBJ2-3	1
CASSQYSDTQYF	TRBV14*01	TRBJ2-3	1
CASSQYSGRSWEETQYF	TRBV3-1*01	TRBJ2-5	1
CASSQYVFQGSYGYTF	TRBV4-3*01	TRBJ1-2	1
CASSRAAGGHNEQFF	TRBV3-1*01	TRBJ2-1	1
CASSRADLAGVPLGTGELFF	TRBV7-3*01	TRBJ2-2	10
CASSRADLSHEQFF	TRBV4-3*01	TRBJ2-1	1
CASSRAGEKLFF	TRBV4-1*01	TRBJ1-4	1
CASSRAGENEKLFF	TRBV6-5*01	TRBJ1-4	1
CASSRAGGGLDTQYF	TRBV12-3*01	TRBJ2-3	1
CASSRAGGQPQHF	TRBV2*01	TRBJ1-5	1
CASSRAGLARYSSYNEQFF	TRBV13*01	TRBJ2-1	1
CASSRAGLNTEAFF	TRBV12-4*01	TRBJ1-1	1
CASSRAGNQYF	TRBV3-1*01	TRBJ2-7	2
CASSRAGPEDTQYF	TRBV12-3*01	TRBJ2-3	1
CASSRAGRESSYEQYF	TRBV7-9*01	TRBJ2-7	1
CASSRAGTSGFPYNEQFF	TRBV14*01	TRBJ2-1	1
CASSRALDGPGELFF	TRBV4-2*01	TRBJ2-2	1
CASSRALLMGNTIYF	TRBV4-3*01	TRBJ1-3	1
CASSRAPLNEQFF	TRBV6-3*01	TRBJ2-1	1
CASSRAPTYNEQFF	TRBV28*01	TRBJ2-1	1
CASSRARGTDTQYF	TRBV27*01	TRBJ2-3	1
CASSRASEETQYF	TRBV7-9*01	TRBJ2-5	1
CASSRASRQGSTDTQYF	TRBV4-1*01	TRBJ2-3	7
CASSRASSYNEQFF	TRBV19*01	TRBJ2-1	1
CASSRATGSWATGELFF	TRBV18*01	TRBJ2-2	1
CASSRATPYGYTF	TRBV7-9*01	TRBJ1-2	1
CASSRAWNTGELFF	TRBV3-1*01	TRBJ2-2	1
CASSRDASSYEQYF	TRBV10-1*01	TRBJ2-7	1
CASSRDEGGQPQHF	TRBV19*01	TRBJ1-5	1
CASSRDGAHEQYF	TRBV19*01	TRBJ2-7	6
CASSRDGENTGELFF	TRBV6-3*01	TRBJ2-2	1
CASSRDGVNTEAFF	TRBV27*01	TRBJ1-1	1
CASSRDGYEQYF	TRBV28*01	TRBJ2-7	1
CASSRDHSYEQYF	TRBV12-4*01	TRBJ2-7	1
CASSRDLDSNQPQHF	TRBV6-3*01	TRBJ1-5	1
CASSRDLKETQYF	TRBV3-1*01	TRBJ2-5	1
CASSRDLQNEQFF	TRBV12-3*01	TRBJ2-1	1
CASSRDLSGANVLTF	TRBV10-1*01	TRBJ2-6	1
CASSRDPLHEQFF	TRBV18*01	TRBJ2-1	1
CASSRDRDKLVQPQHF	TRBV6-6*01	TRBJ1-5	1
CASSRDRDNSPLHF	TRBV4-3*01	TRBJ1-6	1
CASSRDREAYGTEAFF	TRBV11-2*01	TRBJ1-1	1
CASSRDRETEKLFF	TRBV18*01	TRBJ1-4	1
CASSRDRGLAKNIQYF	TRBV6-6*01	TRBJ2-4	1
CASSRDRGMNTEAFF	TRBV7-9*01	TRBJ1-1	1
CASSRDRGRHYNEQFF	TRBV11-2*01	TRBJ2-1	1
CASSRDRGSLDEQYF	TRBV7-9*01	TRBJ2-7	1
CASSRDRGSSTDTQYF	TRBV7-2*01	TRBJ2-3	1
CASSRDRLGDEQYF	TRBV6-5*01	TRBJ2-7	1
CASSRDRRGYGYTF	TRBV18*01	TRBJ1-2	1
CASSRDRVWEKLFF	TRBV13*01	TRBJ1-4	1
CASSRDRYYGYTF	TRBV27*01	TRBJ1-2	1
CASSRDSGEHGYTF	TRBV7-9*01	TRBJ1-2	1
CASSRDSPGQGTNTEAFF	TRBV18*01	TRBJ1-1	1
CASSRDSSEQYF	TRBV5-6*01	TRBJ2-7	1
CASSRDSTGEQFF	TRBV3-1*01	TRBJ2-1	1
CASSRDSYNEQFF	TRBV19*01	TRBJ2-1	1
CASSRDSYNEQFF	TRBV6-3*01	TRBJ2-1	1
CASSRDTGGGQPQHF	TRBV4-3*01	TRBJ1-5	1
CASSRDTSGTRGEQYF	TRBV28*01	TRBJ2-7	1
CASSRDYLTDTQYF	TRBV7-3*01	TRBJ2-3	1
CASSRDYYSNQPQHF	TRBV7-2*01	TRBJ1-5	4
CASSREEGGNSPLHF	TRBV27*01	TRBJ1-6	1
CASSREGALDTQYF	TRBV10-2*01	TRBJ2-3	1
CASSREGPNGELFF	TRBV7-3*01	TRBJ2-2	1
CASSRELQETQYF	TRBV11-2*01	TRBJ2-5	1
CASSRELSYEQYF	TRBV28*01	TRBJ2-7	1
CASSREPGSDTDTQYF	TRBV4-3*01	TRBJ2-3	1
CASSRFAGELFF	TRBV7-9*01	TRBJ2-2	1
CASSRFDGVTDTQYF	TRBV7-2*01	TRBJ2-3	1
CASSRFGDTEAFF	TRBV7-3*01	TRBJ1-1	1
CASSRFQGGRETQYF	TRBV7-3*01	TRBJ2-5	1
CASSRFWVGPYEQYF	TRBV5-1*01	TRBJ2-7	1
CASSRGAGVDYNEQFF	TRBV7-3*01	TRBJ2-1	1
CASSRGAGVGEQYF	TRBV5-6*01	TRBJ2-7	1
CASSRGASSYNEQFF	TRBV5-1*01	TRBJ2-1	1
CASSRGASTGELFF	TRBV12-4*01	TRBJ2-2	1
CASSRGDEQYF	TRBV5-1*01	TRBJ2-7	1
CASSRGDPSTDTQYF	TRBV5-1*01	TRBJ2-3	1
CASSRGDSFQETQYF	TRBV27*01	TRBJ2-5	1
CASSRGEAVEPQHF	TRBV19*01	TRBJ1-5	1
CASSRGEGRGIQYF	TRBV12-3*01	TRBJ2-7	12
CASSRGESYNEQFF	TRBV10-1*01	TRBJ2-1	1
CASSRGETQYF	TRBV27*01	TRBJ2-5	1
CASSRGEVPGTDTQYF	TRBV7-3*01	TRBJ2-3	1
CASSRGGAIFYEQYF	TRBV27*01	TRBJ2-7	1
CASSRGGDYNEQFF	TRBV27*01	TRBJ2-1	1
CASSRGGETYNEQFF	TRBV7-2*01	TRBJ2-1	1
CASSRGGGNEQFF	TRBV4-3*01	TRBJ2-1	1
CASSRGGGQQNTEAFF	TRBV12-4*01	TRBJ1-1	1
CASSRGGIASGANVLTF	TRBV7-7*01	TRBJ2-6	1
CASSRGGLYEKLFF	TRBV6-3*01	TRBJ1-4	1
CASSRGGNQPQHF	TRBV5-4*01	TRBJ1-5	1
CASSRGGQTYEQYF	TRBV27*01	TRBJ2-7	1
CASSRGGREMNNEQFF	TRBV7-9*01	TRBJ2-1	1
CASSRGGVDGYTF	TRBV19*01	TRBJ1-2	1
CASSRGGYEQYF	TRBV11-2*01	TRBJ2-7	1
CASSRGGYTDTQYF	TRBV11-2*01	TRBJ2-3	1
CASSRGISDSPLHF	TRBV7-9*01	TRBJ1-6	1
CASSRGISYNEQFF	TRBV5-6*01	TRBJ2-1	1
CASSRGLAGGGNEQFF	TRBV7-6*01	TRBJ2-1	1
CASSRGLAGVETQYF	TRBV18*01	TRBJ2-5	1
CASSRGLAQYF	TRBV27*01	TRBJ2-3	1
CASSRGLDGTDTQYF	TRBV4-1*01	TRBJ2-3	1
CASSRGLGETQYF	TRBV12-4*01	TRBJ2-5	1
CASSRGLGNEQYF	TRBV27*01	TRBJ2-7	1
CASSRGLGRVGDLGHNEQFF	TRBV5-1*01	TRBJ2-1	1
CASSRGNIQYF	TRBV25-1*01	TRBJ2-4	1
CASSRGNTIYF	TRBV7-9*01	TRBJ1-3	1
CASSRGPDNEQFF	TRBV27*01	TRBJ2-1	1
CASSRGPGKLFF	TRBV7-9*01	TRBJ1-4	1
CASSRGPSIGGHGTDTQYF	TRBV9*01	TRBJ2-3	1
CASSRGPSLSTDTQYF	TRBV9*01	TRBJ2-3	1
CASSRGPYRDTQYF	TRBV7-2*01	TRBJ2-3	1
CASSRGQAPYEQFF	TRBV27*01	TRBJ2-1	1
CASSRGQDEGFNEKLFF	TRBV5-1*01	TRBJ1-4	1
CASSRGQFSTEAFF	TRBV4-1*01	TRBJ1-1	1
CASSRGQGLNEQFF	TRBV12-4*01	TRBJ2-1	1
CASSRGQGLSNEKLFF	TRBV4-2*01	TRBJ1-4	1
CASSRGQLNTEAFF	TRBV27*01	TRBJ1-1	1
CASSRGQSTANTGELFF	TRBV4-2*01	TRBJ2-2	1
CASSRGRATEAFF	TRBV14*01	TRBJ1-1	1
CASSRGRDGYTF	TRBV27*01	TRBJ1-2	1
CASSRGRDTTYEQYF	TRBV4-1*01	TRBJ2-7	1
CASSRGRGSSYNEQFF	TRBV12-4*01	TRBJ2-1	1
CASSRGRGVGSTDTQYF	TRBV7-2*01	TRBJ2-3	1
CASSRGSTEAFF	TRBV9*01	TRBJ1-1	1
CASSRGSTGTENSPLHF	TRBV18*01	TRBJ1-6	1
CASSRGSWTGGELFF	TRBV27*01	TRBJ2-2	1
CASSRGTALYSNQPQHF	TRBV19*01	TRBJ1-5	1
CASSRGTDTGELFF	TRBV4-3*01	TRBJ2-2	1
CASSRGTGGNEQYF	TRBV5-4*01	TRBJ2-7	1
CASSRGTGNYGYTF	TRBV6-6*01	TRBJ1-2	1
CASSRGTGRDTEAFF	TRBV4-3*01	TRBJ1-1	1
CASSRGTGRIGNQPQHF	TRBV6-3*01	TRBJ1-5	1
CASSRGTGSPETQYF	TRBV5-5*01	TRBJ2-5	1
CASSRGTGSPGELFF	TRBV19*01	TRBJ2-2	1
CASSRGTGSTGELFF	TRBV25-1*01	TRBJ2-2	1
CASSRGTSAREQYF	TRBV27*01	TRBJ2-7	1
CASSRGTSGGNEQFF	TRBV18*01	TRBJ2-1	1
CASSRGTSGTYEQYF	TRBV7-2*01	TRBJ2-7	1
CASSRGVDEQFF	TRBV11-2*01	TRBJ2-1	1
CASSRGVLTGELFF	TRBV4-3*01	TRBJ2-2	1
CASSRGVRYEQYF	TRBV4-1*01	TRBJ2-7	1
CASSRGVSGNTIYF	TRBV27*01	TRBJ1-3	1
CASSRGVSYGYTF	TRBV9*01	TRBJ1-2	1
CASSRGVSYNEQFF	TRBV2*01	TRBJ2-1	1
CASSRGWGDNEQFF	TRBV28*01	TRBJ2-1	1
CASSRGWSDGQSQETQYF	TRBV9*01	TRBJ2-5	1
CASSRGYEAFF	TRBV27*01	TRBJ1-1	1
CASSRGYEQYF	TRBV14*01	TRBJ2-7	1
CASSRHATGIYEQYF	TRBV4-3*01	TRBJ2-7	1
CASSRHGQGNTEAFF	TRBV7-9*01	TRBJ1-1	1
CASSRHPGLTSYEQYF	TRBV11-1*01	TRBJ2-7	1
CASSRHPPAGASDTQYF	TRBV4-3*01	TRBJ2-3	1
CASSRHSSDLNNEQFF	TRBV28*01	TRBJ2-1	1
CASSRIAGNEQYF	TRBV7-3*01	TRBJ2-7	1
CASSRIGRSNQPQHF	TRBV19*01	TRBJ1-5	1
CASSRIGSPSSYEQYF	TRBV5-4*01	TRBJ2-7	1
CASSRIIGTSGNYEQYF	TRBV27*01	TRBJ2-7	1
CASSRIMGGDYNEQFF	TRBV12-4*01	TRBJ2-1	1
CASSRIQAGAWPGETQYF	TRBV14*01	TRBJ2-5	1
CASSRIQGDGELFF	TRBV7-2*01	TRBJ2-2	1
CASSRIYLGGGYTF	TRBV7-9*01	TRBJ1-2	1
CASSRKGQGAEDEQFF	TRBV18*01	TRBJ2-1	1
CASSRKKGTGDEKLFF	TRBV3-1*01	TRBJ1-4	1
CASSRKLDSLIYF	TRBV5-4*01	TRBJ2-7	1
CASSRKTGANEQFF	TRBV28*01	TRBJ2-1	1
CASSRKTGVMSGYTF	TRBV19*01	TRBJ1-2	1
CASSRLAGAAETQYF	TRBV6-5*01	TRBJ2-5	1
CASSRLAGANTDTQYF	TRBV7-9*01	TRBJ2-3	1
CASSRLAGESDTQYF	TRBV5-4*01	TRBJ2-3	1
CASSRLAGGDNEQFF	TRBV12-3*01	TRBJ2-1	1
CASSRLAGGLSTDTQYF	TRBV13*01	TRBJ2-3	1
CASSRLAGGPWRGEQFF	TRBV28*01	TRBJ2-1	1
CASSRLAGGSSYNEQFF	TRBV3-1*01	TRBJ2-1	1
CASSRLAGGVNEQFF	TRBV19*01	TRBJ2-1	2
CASSRLAGGWNEQFF	TRBV3-1*01	TRBJ2-1	43
CASSRLAGGYGNEQFF	TRBV6-4*01	TRBJ2-1	1
CASSRLAGNEQYF	TRBV28*01	TRBJ2-7	1
CASSRLAGSENYNEQFF	TRBV21-1*01	TRBJ2-1	1
CASSRLAKEQYF	TRBV12-4*01	TRBJ2-7	1
CASSRLALSGANVLTF	TRBV4-1*01	TRBJ2-6	1
CASSRLARETQYF	TRBV19*01	TRBJ2-5	1
CASSRLDNYNEQFF	TRBV28*01	TRBJ2-1	1
CASSRLGAGTEAFF	TRBV4-3*01	TRBJ1-1	1
CASSRLGEDSSTDTQYF	TRBV14*01	TRBJ2-3	1
CASSRLGGNTQYF	TRBV16*01	TRBJ2-3	1
CASSRLGGRVRTGELFF	TRBV6-6*01	TRBJ2-2	1
CASSRLGSEQYF	TRBV14*01	TRBJ2-7	1
CASSRLGVGEQYF	TRBV10-1*01	TRBJ2-7	1
CASSRLNSGITGELFF	TRBV4-1*01	TRBJ2-2	1
CASSRLPGLAGVGNHEQYF	TRBV4-3*01	TRBJ2-7	1
CASSRLRDRGQHYGEQYF	TRBV14*01	TRBJ2-7	1
CASSRLRRGAGETQYF	TRBV4-3*01	TRBJ2-5	1
CASSRLTSTDTQYF	TRBV7-9*01	TRBJ2-3	8
CASSRLVTDTQYF	TRBV7-6*01	TRBJ2-3	1
CASSRMGFYEQYF	TRBV6-3*01	TRBJ2-7	3
CASSRMTGGNQPQHF	TRBV27*01	TRBJ1-5	1
CASSRNFRDPLNEQFF	TRBV5-8*01	TRBJ2-1	1
CASSRNPAGLTDTQYF	TRBV4-2*01	TRBJ2-3	1
CASSRNPPDSYLNNEQFF	TRBV27*01	TRBJ2-1	1
CASSRNRDNSPLHF	TRBV28*01	TRBJ1-6	5
CASSRNRGQDIQYF	TRBV4-3*01	TRBJ2-4	1
CASSRNRGRFTDTQYF	TRBV14*01	TRBJ2-3	1
CASSRPDQYYEQYF	TRBV7-9*01	TRBJ2-7	1
CASSRPGELFF	TRBV12-4*01	TRBJ2-2	1
CASSRPGGTKTQYF	TRBV5-1*01	TRBJ2-5	1
CASSRPGLAGGVPYEQYF	TRBV21-1*01	TRBJ2-7	1
CASSRPGLAGMGETQYF	TRBV28*01	TRBJ2-5	1
CASSRPGQGKDIQYF	TRBV3-1*01	TRBJ2-4	1
CASSRPGQSSGANVLTF	TRBV6-5*01	TRBJ2-6	1
CASSRPPEVAGNTIYF	TRBV3-1*01	TRBJ1-3	1
CASSRPQDEQYF	TRBV6-3*01	TRBJ2-7	1
CASSRPQGAAYEQYF	TRBV16*01	TRBJ2-7	1
CASSRPSRGPGNTIYF	TRBV7-2*01	TRBJ1-3	1
CASSRPSTGENYGYTF	TRBV7-9*01	TRBJ1-2	1
CASSRPTGMGAEAFF	TRBV12-4*01	TRBJ1-1	1
CASSRPTGSGDGYTF	TRBV4-1*01	TRBJ1-2	1
CASSRPVAVIYGYTF	TRBV10-1*01	TRBJ1-2	1
CASSRPVTSGRHEQYF	TRBV4-2*01	TRBJ2-7	1
CASSRPWEGSGNTIYF	TRBV4-2*01	TRBJ1-3	1
CASSRPYEQFF	TRBV3-1*01	TRBJ2-1	1
CASSRPYEQYF	TRBV6-3*01	TRBJ2-7	1
CASSRQDSGANVLTF	TRBV2*01	TRBJ2-6	1
CASSRQGDTYEQYF	TRBV27*01	TRBJ2-7	1
CASSRQGDYSNQPQHF	TRBV5-5*01	TRBJ1-5	1
CASSRQGGYEQYF	TRBV28*01	TRBJ2-7	1
CASSRQGILYNEQFF	TRBV7-9*01	TRBJ2-1	1
CASSRQGLGTEAFF	TRBV14*01	TRBJ1-1	1
CASSRQGNNQPQHF	TRBV7-8*01	TRBJ1-5	1
CASSRQGSQETQYF	TRBV4-3*01	TRBJ2-5	1
CASSRQGSQETQYF	TRBV6-5*01	TRBJ2-5	1
CASSRQGSWLETQYF	TRBV6-5*01	TRBJ2-5	1
CASSRQGVGQPQHF	TRBV4-3*01	TRBJ1-5	1
CASSRQGVSLNQPQHF	TRBV7-2*01	TRBJ1-5	1
CASSRQHYFSGNTIYF	TRBV4-3*01	TRBJ1-3	1
CASSRQQGNTEVFF	TRBV28*01	TRBJ1-1	1
CASSRQQYEQYF	TRBV6-6*01	TRBJ2-7	1
CASSRQTLGDSHLGTDTQYF	TRBV7-3*01	TRBJ2-3	1
CASSRQTSGTNTGELFF	TRBV3-1*01	TRBJ2-2	1
CASSRRAAYEQYF	TRBV7-9*01	TRBJ2-7	1
CASSRRDDSYEQYF	TRBV7-3*01	TRBJ2-7	1
CASSRRDRASSEKLFF	TRBV14*01	TRBJ1-4	1
CASSRRDRATPGPHYEQYF	TRBV6-5*01	TRBJ2-7	1
CASSRRDRGQAGEQYF	TRBV12-4*01	TRBJ2-7	1
CASSRRDRVHEQYF	TRBV7-6*01	TRBJ2-7	1
CASSRRDSPSYEQYF	TRBV19*01	TRBJ2-7	2
CASSRREDAKNIQYF	TRBV5-4*01	TRBJ2-4	1
CASSRRETSGSSYNEQFF	TRBV3-1*01	TRBJ2-1	1
CASSRRGGAYNEQFF	TRBV2*01	TRBJ2-1	1
CASSRRGGRGDNEQFF	TRBV7-3*01	TRBJ2-1	1
CASSRRGGRTDEQYF	TRBV9*01	TRBJ2-7	1
CASSRRGPWVTKGTDTQYF	TRBV4-1*01	TRBJ2-3	4
CASSRRGQPNTGELFF	TRBV7-3*01	TRBJ2-2	1
CASSRRGSSYEQYF	TRBV28*01	TRBJ2-7	1
CASSRRGYQETQYF	TRBV9*01	TRBJ2-5	1
CASSRRINTEAFF	TRBV27*01	TRBJ1-1	1
CASSRRLAGNNEQFF	TRBV4-3*01	TRBJ2-1	1
CASSRRLAGYYEQYF	TRBV7-9*01	TRBJ2-7	1
CASSRRNTIYF	TRBV28*01	TRBJ1-3	1
CASSRRQALMVLDSEAFF	TRBV6-3*01	TRBJ1-1	1
CASSRRQGIGTEAFF	TRBV28*01	TRBJ1-1	1
CASSRRSGRAGLQEQFF	TRBV7-3*01	TRBJ2-1	1
CASSRRSLTASTDTQYF	TRBV7-8*01	TRBJ2-3	1
CASSRRTSGGADTQYF	TRBV27*01	TRBJ2-3	1
CASSRRTSTDTQYF	TRBV11-2*01	TRBJ2-3	1
CASSRRTYSNQPQHF	TRBV10-2*01	TRBJ1-5	1
CASSRRWGQGTWRGYEQYF	TRBV6-1*01	TRBJ2-7	1
CASSRSAQFANTGELFF	TRBV4-2*01	TRBJ2-2	1
CASSRSDSWTDTQYF	TRBV4-3*01	TRBJ2-3	1
CASSRSGAEINEQFF	TRBV7-9*01	TRBJ2-1	1
CASSRSGGLQETQYF	TRBV12-4*01	TRBJ2-5	2
CASSRSGRFISYNEQFF	TRBV7-2*01	TRBJ2-1	1
CASSRSGTRTEQYF	TRBV4-2*01	TRBJ2-7	1
CASSRSPYEQYF	TRBV14*01	TRBJ2-7	1
CASSRSQGPNEQFF	TRBV9*01	TRBJ2-1	1
CASSRSRDRGLTTEAFF	TRBV7-2*01	TRBJ1-1	1
CASSRSRGGGTQYF	TRBV27*01	TRBJ2-5	1
CASSRSSGEDQPQHF	TRBV6-3*01	TRBJ1-5	1
CASSRSSYEQYF	TRBV7-2*01	TRBJ2-7	1
CASSRSTAQETQYF	TRBV9*01	TRBJ2-5	1
CASSRSTEAFF	TRBV16*01	TRBJ1-1	9
CASSRSTGTNTEAFF	TRBV4-3*01	TRBJ1-1	1
CASSRSYRDTQYF	TRBV11-2*01	TRBJ2-3	1
CASSRTATGFVTDTQYF	TRBV7-8*01	TRBJ2-3	1
CASSRTDHYEQYF	TRBV19*01	TRBJ2-7	1
CASSRTDPDTQYF	TRBV4-2*01	TRBJ2-3	1
CASSRTEGGAGELFF	TRBV4-3*01	TRBJ2-2	1
CASSRTELTEQYF	TRBV4-3*01	TRBJ2-7	1
CASSRTGAYEQYF	TRBV11-2*01	TRBJ2-7	1
CASSRTGGETQYF	TRBV27*01	TRBJ2-5	1
CASSRTGGINTGELFF	TRBV4-1*01	TRBJ2-2	1
CASSRTGGWEDTEAFF	TRBV16*01	TRBJ1-1	1
CASSRTGGYGETQYF	TRBV28*01	TRBJ2-5	1
CASSRTGLDEQFF	TRBV6-5*01	TRBJ2-1	1
CASSRTGPGIEQYF	TRBV6-3*01	TRBJ2-7	1
CASSRTGQGTYPTGELFF	TRBV9*01	TRBJ2-2	1
CASSRTGRKGTDTQYF	TRBV28*01	TRBJ2-3	1
CASSRTGSDYGYTF	TRBV19*01	TRBJ1-2	1
CASSRTGSNRGYTF	TRBV4-1*01	TRBJ1-2	1
CASSRTGTGTRQSGELFF	TRBV6-5*01	TRBJ2-2	1
CASSRTGTSYEQYF	TRBV13*01	TRBJ2-7	63
CASSRTGVNQPQHF	TRBV6-1*01	TRBJ1-5	1
CASSRTGVSRAFF	TRBV6-3*01	TRBJ1-1	1
CASSRTGVYNEQFF	TRBV7-2*01	TRBJ2-1	1
CASSRTHTGELFF	TRBV14*01	TRBJ2-2	1
CASSRTLNTEAFF	TRBV27*01	TRBJ1-1	1
CASSRTPDSYNEQFF	TRBV6-4*01	TRBJ2-1	3
CASSRTPREWGGYTF	TRBV7-8*01	TRBJ1-2	1
CASSRTQGLAGTDTQYF	TRBV9*01	TRBJ2-3	1
CASSRTQGLAPEAFF	TRBV4-3*01	TRBJ1-1	1
CASSRTRDWMNTEAFF	TRBV6-3*01	TRBJ1-1	1
CASSRTREQFF	TRBV9*01	TRBJ2-1	1
CASSRTRSSGANVLTF	TRBV4-3*01	TRBJ2-6	1
CASSRTSGEQYF	TRBV27*01	TRBJ2-7	1
CASSRTSGGAYEQYF	TRBV4-3*01	TRBJ2-7	1
CASSRTSGGAYNEQFF	TRBV11-2*01	TRBJ2-1	1
CASSRTSGLYEQYF	TRBV28*01	TRBJ2-7	1
CASSRTSGRSYEQYF	TRBV11-2*01	TRBJ2-7	1
CASSRTSGSLYNEQFF	TRBV6-5*01	TRBJ2-1	1
CASSRTSRSPNSPLHF	TRBV19*01	TRBJ1-6	1
CASSRTSYNEQFF	TRBV9*01	TRBJ2-1	1
CASSRTTRDGYTF	TRBV6-3*01	TRBJ1-2	1
CASSRTVNTEAFF	TRBV4-3*01	TRBJ1-1	1
CASSRTVNTEAFF	TRBV7-3*01	TRBJ1-1	1
CASSRTVWSITGELFF	TRBV5-1*01	TRBJ2-2	1
CASSRTYNEQFF	TRBV12-4*01	TRBJ2-1	1
CASSRVEDGNTIYF	TRBV6-5*01	TRBJ1-3	1
CASSRVFGQVYTGELFF	TRBV5-1*01	TRBJ2-2	1
CASSRVFWEGEDSDTQYF	TRBV7-2*01	TRBJ2-3	1
CASSRVGGVSETQYF	TRBV7-2*01	TRBJ2-5	1
CASSRVGQPQTPYEQYF	TRBV11-1*01	TRBJ2-7	1
CASSRVPKNIQYF	TRBV6-3*01	TRBJ2-4	1
CASSRVQATTGELFF	TRBV4-3*01	TRBJ2-2	1
CASSRVRAGSTDTQYF	TRBV6-6*01	TRBJ2-3	1
CASSRWDPGEGSYGYTF	TRBV28*01	TRBJ1-2	1
CASSRWEGLYNEQFF	TRBV27*01	TRBJ2-1	1
CASSRWLAEPYEQYF	TRBV4-3*01	TRBJ2-7	1
CASSRWMYNEQFF	TRBV4-1*01	TRBJ2-1	1
CASSRWRAGNTIYF	TRBV7-8*01	TRBJ1-3	1
CASSRWTSEDEQFF	TRBV7-2*01	TRBJ2-1	1
CASSRYAYGTSRTDTQYF	TRBV6-3*01	TRBJ2-3	2
CASSRYDGSNQPQHF	TRBV7-9*01	TRBJ1-5	1
CASSRYRGTNTEAFF	TRBV14*01	TRBJ1-1	1
CASSRYRPSSNTEAFF	TRBV5-5*01	TRBJ1-1	1
CASSRYRVLNEQFF	TRBV6-3*01	TRBJ2-1	1
CASSRYSVGYYGYTF	TRBV7-9*01	TRBJ1-2	1
CASSRYTTGTSGRGTGELFF	TRBV5-6*01	TRBJ2-2	1
CASSRYYNEQFF	TRBV18*01	TRBJ2-1	1
CASSSAAGGLDNEQFF	TRBV7-9*01	TRBJ2-1	1
CASSSAAGGVETQYF	TRBV12-3*01	TRBJ2-5	1
CASSSAAGMSTDTQYF	TRBV13*01	TRBJ2-3	1
CASSSADTQYF	TRBV4-1*01	TRBJ2-3	1
CASSSADYEQYF	TRBV5-1*01	TRBJ2-7	1
CASSSAEKPYEQYF	TRBV28*01	TRBJ2-7	1
CASSSAGADTQYF	TRBV6-3*01	TRBJ2-3	1
CASSSAGADYEQYF	TRBV9*01	TRBJ2-7	1
CASSSAGAGELFF	TRBV7-3*01	TRBJ2-2	1
CASSSAGDTDTQYF	TRBV4-3*01	TRBJ2-3	1
CASSSAGEDEQYF	TRBV6-5*01	TRBJ2-7	1
CASSSAGGISEQYF	TRBV5-4*01	TRBJ2-7	1
CASSSAGGPLDSYNEQFF	TRBV11-3*01	TRBJ2-1	1
CASSSAGGRTDTQYF	TRBV6-6*01	TRBJ2-3	1
CASSSAGGTPSYEQYF	TRBV7-2*01	TRBJ2-7	1
CASSSAGPYGYTF	TRBV19*01	TRBJ1-2	1
CASSSAGQGFTEAFF	TRBV13*01	TRBJ1-1	1
CASSSAGTDHEQYF	TRBV5-6*01	TRBJ2-7	2
CASSSAGTGFYEQYF	TRBV6-5*01	TRBJ2-7	1
CASSSAGTGGQETQYF	TRBV7-9*01	TRBJ2-5	1
CASSSAGTGYYEQYF	TRBV5-5*01	TRBJ2-7	1
CASSSAGTLNQPQHF	TRBV5-6*01	TRBJ1-5	1
CASSSAGTSYEQYF	TRBV28*01	TRBJ2-7	1
CASSSAGTTTDTQYF	TRBV7-3*01	TRBJ2-3	1
CASSSALGPYEQYF	TRBV27*01	TRBJ2-7	1
CASSSANSPYEQYF	TRBV7-2*01	TRBJ2-7	1
CASSSAPDRRLIYGYTF	TRBV5-1*01	TRBJ1-2	1
CASSSAPHTEAFF	TRBV6-6*01	TRBJ1-1	1
CASSSAPISMNTEAFF	TRBV6-3*01	TRBJ1-1	1
CASSSARNTEAFF	TRBV19*01	TRBJ1-1	1
CASSSARTGGGGYTF	TRBV5-6*01	TRBJ1-2	1
CASSSASGAYEQYF	TRBV7-9*01	TRBJ2-7	1
CASSSATGPLRDTQYF	TRBV19*01	TRBJ2-3	1
CASSSATGTGGTDTQYF	TRBV7-9*01	TRBJ2-3	1
CASSSATSGASQPQHF	TRBV6-3*01	TRBJ1-5	1
CASSSAVTDTQYF	TRBV7-3*01	TRBJ2-3	1
CASSSAWGLEQYF	TRBV5-6*01	TRBJ2-7	1
CASSSAYRGRETQYF	TRBV12-4*01	TRBJ2-5	1
CASSSCRGEGEKLFF	TRBV7-3*01	TRBJ1-4	1
CASSSDAWSFSPLHF	TRBV5-5*01	TRBJ1-6	1
CASSSDEGSANYNEQFF	TRBV11-1*01	TRBJ2-1	1
CASSSDFNYGTSSETQYF	TRBV27*01	TRBJ2-5	1
CASSSDGEAYEQYF	TRBV19*01	TRBJ2-7	3
CASSSDGEGEQYF	TRBV7-9*01	TRBJ2-7	1
CASSSDGGGGTDTQYF	TRBV7-9*01	TRBJ2-3	1
CASSSDGGRWTDTQYF	TRBV28*01	TRBJ2-3	1
CASSSDGNEQFF	TRBV27*01	TRBJ2-1	1
CASSSDGPLDEQFF	TRBV7-8*01	TRBJ2-1	1
CASSSDGQSSYNEQFF	TRBV7-3*01	TRBJ2-1	1
CASSSDGYMNTEAFF	TRBV6-3*01	TRBJ1-1	1
CASSSDLEDKNIQYF	TRBV7-9*01	TRBJ2-4	1
CASSSDLQGITDTQYF	TRBV4-3*01	TRBJ2-3	1
CASSSDLQGNEQFF	TRBV5-5*01	TRBJ2-1	1
CASSSDLYGYTF	TRBV7-9*01	TRBJ1-2	1
CASSSDPGQGTNEQYF	TRBV5-1*01	TRBJ2-7	1
CASSSDPGSDTQYF	TRBV7-6*01	TRBJ2-3	1
CASSSDPQETQYF	TRBV7-9*01	TRBJ2-5	1
CASSSDPQGPHQPQHF	TRBV7-9*01	TRBJ1-5	1
CASSSDPRYGYTF	TRBV12-4*01	TRBJ1-2	67
CASSSDRAPTGELFF	TRBV6-1*01	TRBJ2-2	1
CASSSDRDLYGYTF	TRBV7-9*01	TRBJ1-2	1
CASSSDRDNEQFF	TRBV6-3*01	TRBJ2-1	1
CASSSDRGEEKLFF	TRBV5-4*01	TRBJ1-4	1
CASSSDRGGGQPQHF	TRBV6-5*01	TRBJ1-5	1
CASSSDRGIGTDTQYF	TRBV7-2*01	TRBJ2-3	1
CASSSDRGNTEAFF	TRBV12-4*01	TRBJ1-1	1
CASSSDRGQAGELFF	TRBV6-3*01	TRBJ2-2	1
CASSSDRGQETQYF	TRBV7-9*01	TRBJ2-5	1
CASSSDRGREQYF	TRBV27*01	TRBJ2-7	1
CASSSDRGTEAFF	TRBV28*01	TRBJ1-1	1
CASSSDRGTGELFF	TRBV7-6*01	TRBJ2-2	1
CASSSDRSYEQYF	TRBV14*01	TRBJ2-7	1
CASSSDRTGKFSYEQYF	TRBV7-9*01	TRBJ2-7	1
CASSSDRVPYAEAFF	TRBV9*01	TRBJ1-1	1
CASSSDRVRYEQYF	TRBV7-9*01	TRBJ2-7	1
CASSSDSAYEQYF	TRBV6-6*01	TRBJ2-7	1
CASSSDSLKLFF	TRBV19*01	TRBJ1-4	1
CASSSDSLNMNTEAFF	TRBV7-9*01	TRBJ1-1	1
CASSSDSNFDAEAFF	TRBV5-4*01	TRBJ1-1	1
CASSSDSNYGYTF	TRBV11-2*01	TRBJ1-2	1
CASSSDSSYEQYF	TRBV27*01	TRBJ2-7	1
CASSSDSSYEQYF	TRBV5-1*01	TRBJ2-7	1
CASSSDSYEQYF	TRBV13*01	TRBJ2-7	1
CASSSDVEAFF	TRBV27*01	TRBJ1-1	1
CASSSDVGHEQYF	TRBV5-6*01	TRBJ2-7	1
CASSSDVGTGELFF	TRBV7-9*01	TRBJ2-2	1
CASSSDWTGGAYYGYTF	TRBV7-2*01	TRBJ1-2	1
CASSSDYLEQYF	TRBV5-6*01	TRBJ2-7	1
CASSSEAGGANVLTF	TRBV7-6*01	TRBJ2-6	3
CASSSEAGLAATDTQYF	TRBV5-1*01	TRBJ2-3	1
CASSSEDRGDTIYF	TRBV9*01	TRBJ1-3	1
CASSSEEGGHTGELFF	TRBV9*01	TRBJ2-2	1
CASSSEEGSYEQYF	TRBV4-1*01	TRBJ2-7	1
CASSSEGEKLFF	TRBV5-5*01	TRBJ1-4	1
CASSSEGEQYF	TRBV6-6*01	TRBJ2-7	1
CASSSEGGGEQFF	TRBV7-9*01	TRBJ2-1	1
CASSSEGGNQPQHF	TRBV5-6*01	TRBJ1-5	1
CASSSEGQVAKNIQYF	TRBV5-6*01	TRBJ2-4	4
CASSSEGRMTYEQYF	TRBV7-2*01	TRBJ2-7	3
CASSSEGSRYNEQFF	TRBV9*01	TRBJ2-1	1
CASSSEGTDNQPQHF	TRBV19*01	TRBJ1-5	1
CASSSEILAGVHNEQFF	TRBV6-5*01	TRBJ2-1	1
CASSSELVGGSYNEQFF	TRBV5-5*01	TRBJ2-1	1
CASSSEPGQGSYEQYF	TRBV13*01	TRBJ2-7	1
CASSSEPSGNTIYF	TRBV27*01	TRBJ1-3	1
CASSSERASVWETQYF	TRBV9*01	TRBJ2-5	1
CASSSESLAVYSNEQFF	TRBV7-6*01	TRBJ2-1	1
CASSSESYNEQFF	TRBV27*01	TRBJ2-1	1
CASSSETGLDYGYTF	TRBV5-6*01	TRBJ1-2	1
CASSSEWAGGFGSYNEQFF	TRBV12-4*01	TRBJ2-1	1
CASSSFDSGNYGYTF	TRBV6-3*01	TRBJ1-2	1
CASSSFGGRELFF	TRBV19*01	TRBJ2-2	1
CASSSFGLADEQYF	TRBV27*01	TRBJ2-7	1
CASSSFHPGLAGFDIQYF	TRBV5-1*01	TRBJ2-4	1
CASSSFIWGAYGYTF	TRBV7-2*01	TRBJ1-2	1
CASSSFLGAEAFF	TRBV19*01	TRBJ1-1	3
CASSSFPTESSTDTQYF	TRBV5-4*01	TRBJ2-3	1
CASSSFRARSSEGTDTQYF	TRBV7-9*01	TRBJ2-3	1
CASSSFRLQEAFF	TRBV6-5*01	TRBJ1-1	1
CASSSFSANEKLFF	TRBV19*01	TRBJ1-4	14
CASSSFSGPFYEQYF	TRBV6-3*01	TRBJ2-7	1
CASSSFTGDEQYF	TRBV27*01	TRBJ2-7	1
CASSSFVPKNIQYF	TRBV7-9*01	TRBJ2-4	1
CASSSGADGYTF	TRBV12-4*01	TRBJ1-2	1
CASSSGADGYTF	TRBV6-3*01	TRBJ1-2	1
CASSSGADQETQYF	TRBV5-6*01	TRBJ2-5	1
CASSSGAEAFF	TRBV7-9*01	TRBJ1-1	2
CASSSGALNYGYTF	TRBV27*01	TRBJ1-2	1
CASSSGALPRGETQYF	TRBV7-3*01	TRBJ2-5	1
CASSSGANYGYTF	TRBV12-3*01	TRBJ1-2	1
CASSSGASDTQYF	TRBV7-9*01	TRBJ2-3	1
CASSSGAYEQYF	TRBV7-9*01	TRBJ2-7	1
CASSSGDGGVGYEQYF	TRBV5-4*01	TRBJ2-7	1
CASSSGDGYTF	TRBV27*01	TRBJ1-2	1
CASSSGDGYTF	TRBV7-2*01	TRBJ1-2	1
CASSSGDNYEQYF	TRBV12-4*01	TRBJ2-7	1
CASSSGDRAYEQYF	TRBV7-6*01	TRBJ2-7	1
CASSSGDRGNEQYF	TRBV7-6*01	TRBJ2-7	1
CASSSGDRVLDTQYF	TRBV12-4*01	TRBJ2-3	1
CASSSGEKLFF	TRBV27*01	TRBJ1-4	1
CASSSGEQFF	TRBV18*01	TRBJ2-1	1
CASSSGETQYF	TRBV12-4*01	TRBJ2-5	1
CASSSGEVEAFF	TRBV5-1*01	TRBJ1-1	1
CASSSGEYSNQPQHF	TRBV5-8*01	TRBJ1-5	1
CASSSGFFSLGDTEAFF	TRBV7-9*01	TRBJ1-1	1
CASSSGFGLADNEQFF	TRBV11-2*01	TRBJ2-1	1
CASSSGFLNTEAFF	TRBV11-1*01	TRBJ1-1	1
CASSSGFTGETQYF	TRBV27*01	TRBJ2-5	1
CASSSGGAADTQYF	TRBV27*01	TRBJ2-3	1
CASSSGGAEAFF	TRBV7-2*01	TRBJ1-1	1
CASSSGGARETQYF	TRBV6-5*01	TRBJ2-5	1
CASSSGGAVQPQHF	TRBV6-5*01	TRBJ1-5	1
CASSSGGAYEQYF	TRBV7-8*01	TRBJ2-7	1
CASSSGGDAGYGYTF	TRBV4-1*01	TRBJ1-2	1
CASSSGGDLYEQYF	TRBV27*01	TRBJ2-7	1
CASSSGGENIQYF	TRBV5-5*01	TRBJ2-4	1
CASSSGGGAFF	TRBV27*01	TRBJ1-1	1
CASSSGGGGELFF	TRBV19*01	TRBJ2-2	1
CASSSGGGGQFF	TRBV19*01	TRBJ2-1	1
CASSSGGGNTIYF	TRBV6-6*01	TRBJ1-3	1
CASSSGGGPTYEQYF	TRBV27*01	TRBJ2-7	1
CASSSGGGQNNEQFF	TRBV9*01	TRBJ2-1	1
CASSSGGLNIQYF	TRBV6-5*01	TRBJ2-4	1
CASSSGGNTIYF	TRBV5-6*01	TRBJ1-3	1
CASSSGGQGYTDTQYF	TRBV5-8*01	TRBJ2-3	1
CASSSGGQPQHF	TRBV7-8*01	TRBJ1-5	1
CASSSGGQSLYSNQPQHF	TRBV6-6*01	TRBJ1-5	1
CASSSGGQSTDTQYF	TRBV5-8*01	TRBJ2-3	1
CASSSGGRVTDTQYF	TRBV9*01	TRBJ2-3	1
CASSSGGSTDTQYF	TRBV12-3*01	TRBJ2-3	1
CASSSGGSYEQYF	TRBV19*01	TRBJ2-7	1
CASSSGGSYEQYF	TRBV5-6*01	TRBJ2-7	1
CASSSGGSYNEQFF	TRBV6-5*01	TRBJ2-1	2
CASSSGGTNQPQHF	TRBV5-1*01	TRBJ1-5	1
CASSSGGTYGYTF	TRBV7-2*01	TRBJ1-2	1
CASSSGGVGEQFF	TRBV7-3*01	TRBJ2-1	1
CASSSGGVSNEQFF	TRBV12-4*01	TRBJ2-1	1
CASSSGGVYGYTF	TRBV7-9*01	TRBJ1-2	1
CASSSGHNSYEQYF	TRBV9*01	TRBJ2-7	1
CASSSGHQEFF	TRBV6-5*01	TRBJ2-1	1
CASSSGIGNTIYF	TRBV7-3*01	TRBJ1-3	1
CASSSGISELGEQYF	TRBV5-4*01	TRBJ2-7	1
CASSSGISYEQYF	TRBV27*01	TRBJ2-7	1
CASSSGITYEQYF	TRBV7-9*01	TRBJ2-7	1
CASSSGKNTGELFF	TRBV12-4*01	TRBJ2-2	1
CASSSGKTYEQYF	TRBV19*01	TRBJ2-7	1
CASSSGLAATDTQYF	TRBV5-4*01	TRBJ2-3	1
CASSSGLAAYEQYF	TRBV7-6*01	TRBJ2-7	1
CASSSGLADNSQQYF	TRBV5-4*01	TRBJ2-7	1
CASSSGLADYEQYF	TRBV9*01	TRBJ2-7	1
CASSSGLAETDTQYF	TRBV11-2*01	TRBJ2-3	1
CASSSGLAETSTYEQYF	TRBV12-4*01	TRBJ2-7	1
CASSSGLAGAGGDEQFF	TRBV7-9*01	TRBJ2-1	1
CASSSGLAGFGDTQYF	TRBV6-6*01	TRBJ2-3	1
CASSSGLAGGFTDTQYF	TRBV7-2*01	TRBJ2-3	1
CASSSGLAGGPDSGTDTQYF	TRBV13*01	TRBJ2-3	1
CASSSGLAGGPREQFF	TRBV7-6*01	TRBJ2-1	1
CASSSGLAGGVSYNEQFF	TRBV5-1*01	TRBJ2-1	1
CASSSGLAGPGELFF	TRBV13*01	TRBJ2-2	1
CASSSGLAGVNEQFF	TRBV7-9*01	TRBJ2-1	2
CASSSGLFTYEQYF	TRBV4-3*01	TRBJ2-7	1
CASSSGLGNTGELFF	TRBV12-4*01	TRBJ2-2	1
CASSSGLLYEQYF	TRBV27*01	TRBJ2-7	1
CASSSGLNTGELFF	TRBV5-6*01	TRBJ2-2	1
CASSSGLPDTQYF	TRBV3-1*01	TRBJ2-3	1
CASSSGLRYEQYF	TRBV27*01	TRBJ2-7	1
CASSSGLTNTEAFF	TRBV27*01	TRBJ1-1	1
CASSSGLVSNTGELFF	TRBV9*01	TRBJ2-2	4
CASSSGMGTDTQYF	TRBV5-1*01	TRBJ2-3	1
CASSSGNPGANVLTF	TRBV27*01	TRBJ2-6	1
CASSSGPFYEQYF	TRBV27*01	TRBJ2-7	1
CASSSGPGGNTIYF	TRBV6-6*01	TRBJ1-3	1
CASSSGPGRRAFHF	TRBV27*01	TRBJ2-7	1
CASSSGPGSTDTQYF	TRBV14*01	TRBJ2-3	1
CASSSGPHRYEQFF	TRBV11-2*01	TRBJ2-1	1
CASSSGQALSYEQYF	TRBV7-9*01	TRBJ2-7	1
CASSSGQDSYEQYF	TRBV7-6*01	TRBJ2-7	1
CASSSGQDYGYTF	TRBV7-9*01	TRBJ1-2	1
CASSSGQGAKDTQYF	TRBV7-8*01	TRBJ2-3	1
CASSSGQGARGTEAFF	TRBV5-1*01	TRBJ1-1	1
CASSSGQGGEETQYF	TRBV12-3*01	TRBJ2-5	1
CASSSGQGGETQYF	TRBV9*01	TRBJ2-5	1
CASSSGQGKWGETQYF	TRBV27*01	TRBJ2-5	1
CASSSGQGLDTEAFF	TRBV5-4*01	TRBJ1-1	1
CASSSGQGMDIQYF	TRBV7-2*01	TRBJ2-4	1
CASSSGQGNEQYF	TRBV6-5*01	TRBJ2-7	1
CASSSGQGREKLFF	TRBV7-2*01	TRBJ1-4	1
CASSSGQGTTEAFF	TRBV7-9*01	TRBJ1-1	1
CASSSGQGVYGYTF	TRBV28*01	TRBJ1-2	1
CASSSGQGWNEQYF	TRBV5-6*01	TRBJ2-7	1
CASSSGQGYEQYF	TRBV7-6*01	TRBJ2-7	1
CASSSGQGYYNEQFF	TRBV6-4*01	TRBJ2-1	1
CASSSGQINQPQHF	TRBV7-6*01	TRBJ1-5	1
CASSSGQLGYGYTF	TRBV7-9*01	TRBJ1-2	1
CASSSGQMNTEAFF	TRBV11-2*01	TRBJ1-1	1
CASSSGQMNTEAFF	TRBV13*01	TRBJ1-1	1
CASSSGQMNTEAFF	TRBV7-6*01	TRBJ1-1	1
CASSSGQPVKGTDTQYF	TRBV9*01	TRBJ2-3	1
CASSSGQRSTEAFF	TRBV27*01	TRBJ1-1	1
CASSSGQSSYEQYF	TRBV7-9*01	TRBJ2-7	1
CASSSGRAFVNEQYF	TRBV6-6*01	TRBJ2-7	1
CASSSGREAFF	TRBV6-3*01	TRBJ1-1	1
CASSSGREIWYEQYF	TRBV14*01	TRBJ2-7	1
CASSSGRGAHGYTF	TRBV6-3*01	TRBJ1-2	1
CASSSGRGFGDEQFF	TRBV28*01	TRBJ2-1	1
CASSSGRGLNEQFF	TRBV27*01	TRBJ2-1	1
CASSSGRGVDEQFF	TRBV11-3*01	TRBJ2-1	1
CASSSGRLIMETQYF	TRBV7-6*01	TRBJ2-5	1
CASSSGRPASNQPQHF	TRBV6-3*01	TRBJ1-5	1
CASSSGRQGKDTQYF	TRBV7-8*01	TRBJ2-3	1
CASSSGRSGELFF	TRBV5-4*01	TRBJ2-2	1
CASSSGRSTEAFF	TRBV5-6*01	TRBJ1-1	1
CASSSGRWGFLMNTEAFF	TRBV7-9*01	TRBJ1-1	1
CASSSGSGNSPLHF	TRBV19*01	TRBJ1-6	1
CASSSGSGSPEMGDEQFF	TRBV7-8*01	TRBJ2-1	1
CASSSGSGTEAFF	TRBV6-3*01	TRBJ1-1	1
CASSSGSLETQYF	TRBV19*01	TRBJ2-5	1
CASSSGSRGGYGYTF	TRBV12-4*01	TRBJ1-2	1
CASSSGSSWETQYF	TRBV28*01	TRBJ2-5	1
CASSSGSTQPQHF	TRBV6-5*01	TRBJ1-5	1
CASSSGSYEQYF	TRBV28*01	TRBJ2-7	1
CASSSGSYEQYF	TRBV9*01	TRBJ2-7	1
CASSSGTAAYEQYF	TRBV11-2*01	TRBJ2-7	1
CASSSGTAYEQYF	TRBV5-6*01	TRBJ2-7	1
CASSSGTDDAYEQYF	TRBV5-6*01	TRBJ2-7	1
CASSSGTDTQYF	TRBV4-1*01	TRBJ2-3	1
CASSSGTDTQYF	TRBV7-9*01	TRBJ2-3	1
CASSSGTDYGYTF	TRBV5-1*01	TRBJ1-2	1
CASSSGTDYGYTF	TRBV7-9*01	TRBJ1-2	1
CASSSGTEEQYF	TRBV12-4*01	TRBJ2-7	1
CASSSGTETYSEQFF	TRBV4-3*01	TRBJ2-1	1
CASSSGTEVTDTQYF	TRBV28*01	TRBJ2-3	1
CASSSGTGAYNEQFF	TRBV6-3*01	TRBJ2-1	1
CASSSGTGDGELFF	TRBV7-3*01	TRBJ2-2	1
CASSSGTGDQPQHF	TRBV5-1*01	TRBJ1-5	1
CASSSGTGEAFF	TRBV7-9*01	TRBJ1-1	1
CASSSGTGEEKLFF	TRBV7-3*01	TRBJ1-4	1
CASSSGTGELFF	TRBV9*01	TRBJ2-2	1
CASSSGTGEPNTEAFF	TRBV11-2*01	TRBJ1-1	1
CASSSGTGFDHYEQYF	TRBV28*01	TRBJ2-7	1
CASSSGTGFNEQFF	TRBV10-2*01	TRBJ2-1	1
CASSSGTGGFEAFF	TRBV6-5*01	TRBJ1-1	1
CASSSGTGGGDGYTF	TRBV11-2*01	TRBJ1-2	1
CASSSGTGGRDEQFF	TRBV3-1*01	TRBJ2-1	1
CASSSGTGGSNQPQHF	TRBV27*01	TRBJ1-5	1
CASSSGTGGYNSPLHF	TRBV19*01	TRBJ1-6	1
CASSSGTGILETQYF	TRBV28*01	TRBJ2-5	1
CASSSGTGNGAFF	TRBV11-1*01	TRBJ1-1	1
CASSSGTGNYEQYF	TRBV4-3*01	TRBJ2-7	1
CASSSGTGPSYEQYF	TRBV7-9*01	TRBJ2-7	1
CASSSGTGQISGNTIYF	TRBV5-1*01	TRBJ1-3	1
CASSSGTGRKETQYF	TRBV12-4*01	TRBJ2-5	1
CASSSGTGSGGPQYF	TRBV6-6*01	TRBJ2-5	1
CASSSGTGSYEQYF	TRBV5-6*01	TRBJ2-7	1
CASSSGTGVFLAEAFF	TRBV27*01	TRBJ1-1	1
CASSSGTGVSAGYTF	TRBV7-2*01	TRBJ1-2	1
CASSSGTGWLGSNQPQHF	TRBV7-2*01	TRBJ1-5	1
CASSSGTISTDTQYF	TRBV7-2*01	TRBJ2-3	1
CASSSGTLNIQYF	TRBV5-4*01	TRBJ2-4	1
CASSSGTLRYEQYF	TRBV27*01	TRBJ2-7	1
CASSSGTNQPQHF	TRBV5-6*01	TRBJ1-5	1
CASSSGTNYGYTF	TRBV12-4*01	TRBJ1-2	1
CASSSGTPNNQPQHF	TRBV27*01	TRBJ1-5	1
CASSSGTPPYTF	TRBV5-4*01	TRBJ1-2	1
CASSSGTPVNEQYF	TRBV12-4*01	TRBJ2-7	1
CASSSGTSEAFF	TRBV27*01	TRBJ1-1	1
CASSSGTSEPSYNEQFF	TRBV7-2*01	TRBJ2-1	1
CASSSGTSGAYEQYF	TRBV27*01	TRBJ2-7	1
CASSSGTSGEVLGELFF	TRBV12-3*01	TRBJ2-2	1
CASSSGTSGGAVFSDTQYF	TRBV11-2*01	TRBJ2-3	1
CASSSGTSGGLSSYEQYF	TRBV6-5*01	TRBJ2-7	1
CASSSGTSGGQNTGELFF	TRBV5-1*01	TRBJ2-2	1
CASSSGTSGGTIPYNEQFF	TRBV7-2*01	TRBJ2-1	1
CASSSGTSGPSSYNEQFF	TRBV12-4*01	TRBJ2-1	1
CASSSGTSGRGEQFF	TRBV7-9*01	TRBJ2-1	1
CASSSGTSGRWHEQFF	TRBV11-2*01	TRBJ2-1	1
CASSSGTSGSYEQYF	TRBV27*01	TRBJ2-7	1
CASSSGTSGTRSLYEQYF	TRBV7-9*01	TRBJ2-7	1
CASSSGTSGTYEQYF	TRBV6-5*01	TRBJ2-7	1
CASSSGTSGYEQYF	TRBV7-9*01	TRBJ2-7	1
CASSSGTSQNSYEQYF	TRBV13*01	TRBJ2-7	1
CASSSGTSVLGEQYF	TRBV5-6*01	TRBJ2-7	1
CASSSGTSYEQYF	TRBV3-1*01	TRBJ2-7	1
CASSSGTTDTQYF	TRBV7-3*01	TRBJ2-3	1
CASSSGTTPDEQYF	TRBV9*01	TRBJ2-7	1
CASSSGTVQETQYF	TRBV27*01	TRBJ2-5	1
CASSSGVEAFF	TRBV6-5*01	TRBJ1-1	1
CASSSGVGSYEQYF	TRBV11-1*01	TRBJ2-7	1
CASSSGVITTDTQYF	TRBV7-8*01	TRBJ2-3	1
CASSSGVYEQYF	TRBV11-1*01	TRBJ2-7	1
CASSSGYGQPQHF	TRBV27*01	TRBJ1-5	1
CASSSGYGTEAFF	TRBV6-3*01	TRBJ1-1	1
CASSSHGEPYEQYF	TRBV7-9*01	TRBJ2-7	1
CASSSHGGAYNEQFF	TRBV7-2*01	TRBJ2-1	1
CASSSHGGEEKLFF	TRBV14*01	TRBJ1-4	1
CASSSHGQGNVDEQFF	TRBV3-1*01	TRBJ2-1	1
CASSSHLRDSFNSPLHF	TRBV5-6*01	TRBJ1-6	1
CASSSHNLRQGWMPYEQYF	TRBV28*01	TRBJ2-7	1
CASSSHPLATFTGELFF	TRBV7-2*01	TRBJ2-2	1
CASSSHQRTGVDEQFF	TRBV27*01	TRBJ2-1	1
CASSSHRGDGYTF	TRBV11-3*01	TRBJ1-2	1
CASSSHRQGAWETQYF	TRBV7-4*01	TRBJ2-5	1
CASSSHSGRANTDTQYF	TRBV19*01	TRBJ2-3	1
CASSSHSGTGGYEQYF	TRBV9*01	TRBJ2-7	1
CASSSHSGTPGRLEQYF	TRBV7-2*01	TRBJ2-7	1
CASSSHSRVVSGYTF	TRBV7-9*01	TRBJ1-2	1
CASSSHTWQGAEGNTIYF	TRBV13*01	TRBJ1-3	1
CASSSHYSPFSPYNEQFF	TRBV7-9*01	TRBJ2-1	1
CASSSIAEQFF	TRBV7-9*01	TRBJ2-1	1
CASSSIAGGPPDTQYF	TRBV6-5*01	TRBJ2-3	1
CASSSIDRGLTEAFF	TRBV5-1*01	TRBJ1-1	1
CASSSIDRGRNTEAFF	TRBV7-3*01	TRBJ1-1	1
CASSSIEVAGANVLTF	TRBV28*01	TRBJ2-6	1
CASSSIGGAKDTQYF	TRBV5-4*01	TRBJ2-3	1
CASSSIGTSYEQYF	TRBV6-5*01	TRBJ2-7	1
CASSSIIQVSGNTIYF	TRBV28*01	TRBJ1-3	1
CASSSILAGAQFF	TRBV27*01	TRBJ2-1	1
CASSSILANEQFF	TRBV6-3*01	TRBJ2-1	1
CASSSILTADYGYTF	TRBV7-9*01	TRBJ1-2	1
CASSSINDRIQETQYF	TRBV11-2*01	TRBJ2-5	1
CASSSINTEAFF	TRBV6-6*01	TRBJ1-1	1
CASSSIQGRLSGYTF	TRBV27*01	TRBJ1-2	1
CASSSIREICSMCGYTF	TRBV28*01	TRBJ1-2	1
CASSSIRGPLSGNTIYF	TRBV7-2*01	TRBJ1-3	1
CASSSIRQSPTDTQYF	TRBV7-9*01	TRBJ2-3	1
CASSSISGATEAFF	TRBV18*01	TRBJ1-1	1
CASSSISGNTIYF	TRBV27*01	TRBJ1-3	7
CASSSISLGLAGAGDPNEQFF	TRBV6-3*01	TRBJ2-1	1
CASSSITRQELNTEAFF	TRBV12-4*01	TRBJ1-1	1
CASSSKDRERVTQYF	TRBV6-1*01	TRBJ2-5	1
CASSSKDSYEQYF	TRBV7-9*01	TRBJ2-7	1
CASSSKEGVLLHF	TRBV7-6*01	TRBJ1-6	1
CASSSKGLNTEAFF	TRBV5-6*01	TRBJ1-1	1
CASSSKGRDSYQETQYF	TRBV7-9*01	TRBJ2-5	1
CASSSKKLDGSTEQFF	TRBV7-2*01	TRBJ2-1	1
CASSSKLVSDTQYF	TRBV27*01	TRBJ2-3	1
CASSSKNRDRVPYEQYF	TRBV27*01	TRBJ2-7	1
CASSSKNTPRAGETQYF	TRBV28*01	TRBJ2-5	1
CASSSKPGEQYF	TRBV7-8*01	TRBJ2-7	1
CASSSKQGSNYGYTF	TRBV27*01	TRBJ1-2	1
CASSSKTGTGDPLAKNIQYF	TRBV13*01	TRBJ2-4	1
CASSSLAASTDTQYF	TRBV27*01	TRBJ2-3	1
CASSSLAGASYEQYF	TRBV18*01	TRBJ2-7	1
CASSSLAGAYNEQFF	TRBV7-3*01	TRBJ2-1	1
CASSSLAGEETQYF	TRBV7-9*01	TRBJ2-5	1
CASSSLAGELGYEQFF	TRBV12-4*01	TRBJ2-1	1
CASSSLAGETQYF	TRBV7-6*01	TRBJ2-5	1
CASSSLAGGLTDTQYF	TRBV27*01	TRBJ2-3	1
CASSSLAGGNNEQFF	TRBV28*01	TRBJ2-1	1
CASSSLAGGNTQYF	TRBV12-4*01	TRBJ2-3	1
CASSSLAGGRDEQFF	TRBV11-1*01	TRBJ2-1	3
CASSSLAGGSYNEQFF	TRBV12-3*01	TRBJ2-1	1
CASSSLAGLYTGELFF	TRBV6-5*01	TRBJ2-2	1
CASSSLAGTYSMNTEAFF	TRBV7-9*01	TRBJ1-1	1
CASSSLAGVTDTQYF	TRBV13*01	TRBJ2-3	1
CASSSLANEQFF	TRBV11-1*01	TRBJ2-1	1
CASSSLATGELFF	TRBV11-3*01	TRBJ2-2	1
CASSSLDIYSNQPQHF	TRBV7-8*01	TRBJ1-5	1
CASSSLDSLNTEAFF	TRBV5-1*01	TRBJ1-1	1
CASSSLDTDTQYF	TRBV6-3*01	TRBJ2-3	1
CASSSLDVAGYEQYF	TRBV12-3*01	TRBJ2-7	1
CASSSLDVSGYTF	TRBV6-1*01	TRBJ1-2	1
CASSSLEDREYGYTF	TRBV5-1*01	TRBJ1-2	1
CASSSLEGQGDYGYTF	TRBV5-1*01	TRBJ1-2	1
CASSSLEQYF	TRBV25-1*01	TRBJ2-7	1
CASSSLGEFYNEQFF	TRBV7-9*01	TRBJ2-1	1
CASSSLGEGYTF	TRBV7-9*01	TRBJ1-2	1
CASSSLGEQYF	TRBV27*01	TRBJ2-7	1
CASSSLGGGWNEQFF	TRBV7-9*01	TRBJ2-1	1
CASSSLGGLSTDTQYF	TRBV12-4*01	TRBJ2-3	1
CASSSLGNTEAFF	TRBV2*01	TRBJ1-1	1
CASSSLGNTEAFF	TRBV5-1*01	TRBJ1-1	1
CASSSLGPQGSGANVLTF	TRBV6-6*01	TRBJ2-6	1
CASSSLGPSGESSYNEQFF	TRBV27*01	TRBJ2-1	1
CASSSLGQILSYEQYF	TRBV28*01	TRBJ2-7	1
CASSSLGQRIPNSPLHF	TRBV6-3*01	TRBJ1-6	1
CASSSLGSGAGANVLTF	TRBV7-3*01	TRBJ2-6	1
CASSSLGSLSYEQYF	TRBV7-9*01	TRBJ2-7	1
CASSSLGSSGGPGEQFF	TRBV11-1*01	TRBJ2-1	1
CASSSLGTASGANVLTF	TRBV7-3*01	TRBJ2-6	1
CASSSLGTEAFF	TRBV7-3*01	TRBJ1-1	1
CASSSLGTSRETQYF	TRBV12-4*01	TRBJ2-5	1
CASSSLGYEQYF	TRBV12-4*01	TRBJ2-7	1
CASSSLHLTRLTDTQYF	TRBV6-3*01	TRBJ2-3	1
CASSSLHRWYSPLHF	TRBV7-9*01	TRBJ1-6	1
CASSSLLAGGLEQYF	TRBV13*01	TRBJ2-7	1
CASSSLLDRARDQPQHF	TRBV6-3*01	TRBJ1-5	1
CASSSLLRQGEREKLFF	TRBV28*01	TRBJ1-4	2
CASSSLLSDTQYF	TRBV5-5*01	TRBJ2-3	1
CASSSLMGANNEQFF	TRBV11-2*01	TRBJ2-1	1
CASSSLPDTGKNIQYF	TRBV5-1*01	TRBJ2-4	1
CASSSLPGQGARDEQFF	TRBV7-9*01	TRBJ2-1	1
CASSSLPSLGTEAFF	TRBV6-6*01	TRBJ1-1	1
CASSSLPTGADGELFF	TRBV27*01	TRBJ2-2	1
CASSSLPWRDEAFF	TRBV7-2*01	TRBJ1-1	1
CASSSLQAGESSTDTQYF	TRBV6-5*01	TRBJ2-3	1
CASSSLQGANEQYF	TRBV28*01	TRBJ2-7	1
CASSSLQGNADTQYF	TRBV7-3*01	TRBJ2-3	1
CASSSLRDTRIFPYNSPLHF	TRBV5-6*01	TRBJ1-6	1
CASSSLRGQGIETQYF	TRBV13*01	TRBJ2-5	1
CASSSLRGSIGTGELFF	TRBV6-5*01	TRBJ2-2	1
CASSSLRGSNQPQHF	TRBV28*01	TRBJ1-5	1
CASSSLRLAETLAVQYF	TRBV28*01	TRBJ2-7	1
CASSSLRLRGRRETQYF	TRBV7-9*01	TRBJ2-5	1
CASSSLRSDDYNEQFF	TRBV5-6*01	TRBJ2-1	1
CASSSLSAQETQYF	TRBV7-9*01	TRBJ2-5	1
CASSSLSGSFAYNEQFF	TRBV27*01	TRBJ2-1	1
CASSSLSRGEETQYF	TRBV7-2*01	TRBJ2-5	1
CASSSLTEAFF	TRBV12-4*01	TRBJ1-1	1
CASSSLTEKINYGYTF	TRBV6-3*01	TRBJ1-2	1
CASSSLTERLAKNIQYF	TRBV28*01	TRBJ2-4	1
CASSSLTGNSPLHF	TRBV7-6*01	TRBJ1-6	1
CASSSLTGSSIYGYTF	TRBV27*01	TRBJ1-2	1
CASSSLTGVQTDTQYF	TRBV7-8*01	TRBJ2-3	1
CASSSLTGVRTEAFF	TRBV7-9*01	TRBJ1-1	1
CASSSLTVTDTQYF	TRBV6-6*01	TRBJ2-3	1
CASSSLWDGSAGELFF	TRBV7-2*01	TRBJ2-2	1
CASSSLWGFGTEAFF	TRBV7-2*01	TRBJ1-1	1
CASSSLWRENEKLFF	TRBV7-9*01	TRBJ1-4	1
CASSSLYGMANTGELFF	TRBV27*01	TRBJ2-2	1
CASSSMDRGGSPLHF	TRBV5-1*01	TRBJ1-6	1
CASSSMGEAVRQYF	TRBV28*01	TRBJ2-7	1
CASSSMIEYEQYF	TRBV11-1*01	TRBJ2-7	1
CASSSMPGHNTGELFF	TRBV6-5*01	TRBJ2-2	1
CASSSMTDSEQYF	TRBV7-9*01	TRBJ2-7	1
CASSSNDRTYEQYF	TRBV19*01	TRBJ2-7	1
CASSSNEKLFF	TRBV7-9*01	TRBJ1-4	1
CASSSNGVRTGGYGYTF	TRBV5-1*01	TRBJ1-2	1
CASSSNNEQFF	TRBV7-9*01	TRBJ2-1	1
CASSSNPGLAVYEQYF	TRBV27*01	TRBJ2-7	1
CASSSNPGWGENIQYF	TRBV7-2*01	TRBJ2-4	1
CASSSNPTGRENTEAFF	TRBV6-5*01	TRBJ1-1	1
CASSSNQGDGELFF	TRBV7-9*01	TRBJ2-2	1
CASSSNQGDNQPQHF	TRBV11-2*01	TRBJ1-5	1
CASSSNQPQHF	TRBV28*01	TRBJ1-5	2
CASSSNRDRDYGYTF	TRBV7-9*01	TRBJ1-2	1
CASSSNRETTYEQYF	TRBV28*01	TRBJ2-7	1
CASSSNRGQHAYEQYF	TRBV6-5*01	TRBJ2-7	1
CASSSNRGSGTEAFF	TRBV7-9*01	TRBJ1-1	1
CASSSNRGYEQYF	TRBV27*01	TRBJ2-7	1
CASSSNRVYNEQFF	TRBV27*01	TRBJ2-1	1
CASSSNSGRANTGELFF	TRBV13*01	TRBJ2-2	1
CASSSNSNQPQHF	TRBV11-1*01	TRBJ1-5	1
CASSSNTDTQYF	TRBV11-2*01	TRBJ2-3	1
CASSSNTGELFF	TRBV6-3*01	TRBJ2-2	1
CASSSNTGTGSYSNQPQHF	TRBV7-2*01	TRBJ1-5	1
CASSSNYNEQFF	TRBV11-3*01	TRBJ2-1	1
CASSSPAAGNLAKNIQYF	TRBV11-2*01	TRBJ2-4	1
CASSSPADRGYEQYF	TRBV27*01	TRBJ2-7	1
CASSSPAGHNEQFF	TRBV11-2*01	TRBJ2-1	1
CASSSPANEGTDTQYF	TRBV6-5*01	TRBJ2-3	1
CASSSPCCSHSYNEQFF	TRBV7-2*01	TRBJ2-1	1
CASSSPDASENEQYF	TRBV7-6*01	TRBJ2-7	1
CASSSPDDTGELFF	TRBV6-3*01	TRBJ2-2	1
CASSSPDGRTDTQYF	TRBV27*01	TRBJ2-3	1
CASSSPDNYEQYF	TRBV7-9*01	TRBJ2-7	1
CASSSPDRAKPGGAFF	TRBV5-4*01	TRBJ1-1	1
CASSSPDREQFF	TRBV27*01	TRBJ2-1	1
CASSSPDRGQETQYF	TRBV7-3*01	TRBJ2-5	1
CASSSPDRGSNYGYTF	TRBV5-4*01	TRBJ1-2	1
CASSSPDRPEENSGNTIYF	TRBV7-9*01	TRBJ1-3	1
CASSSPDRVGYEQYF	TRBV6-3*01	TRBJ2-7	1
CASSSPDRYLYGYTF	TRBV28*01	TRBJ1-2	1
CASSSPERGRGTDTQYF	TRBV13*01	TRBJ2-3	1
CASSSPETQYF	TRBV28*01	TRBJ2-5	1
CASSSPGAGPNNEQFF	TRBV7-9*01	TRBJ2-1	1
CASSSPGARYGYTF	TRBV6-3*01	TRBJ1-2	1
CASSSPGASWEQYF	TRBV7-9*01	TRBJ2-7	1
CASSSPGDAGELFF	TRBV7-9*01	TRBJ2-2	1
CASSSPGDSINYNEQFF	TRBV18*01	TRBJ2-1	1
CASSSPGEQYF	TRBV6-3*01	TRBJ2-7	1
CASSSPGERPYNEQFF	TRBV2*01	TRBJ2-1	1
CASSSPGESSYNEQFF	TRBV7-9*01	TRBJ2-1	16
CASSSPGGAGELFF	TRBV6-3*01	TRBJ2-2	1
CASSSPGGESPLHF	TRBV27*01	TRBJ1-6	14
CASSSPGGGAADTQYF	TRBV5-6*01	TRBJ2-3	1
CASSSPGGMETQYF	TRBV7-2*01	TRBJ2-5	1
CASSSPGLAANEQFF	TRBV6-3*01	TRBJ2-1	1
CASSSPGLAIYNEQFF	TRBV7-8*01	TRBJ2-1	1
CASSSPGLYPETQYF	TRBV6-3*01	TRBJ2-5	1
CASSSPGPPEAFF	TRBV6-3*01	TRBJ1-1	1
CASSSPGQAYNEQFF	TRBV11-2*01	TRBJ2-1	1
CASSSPGQGAEQYF	TRBV13*01	TRBJ2-7	1
CASSSPGQGAHEQFF	TRBV27*01	TRBJ2-1	1
CASSSPGQGEEAFF	TRBV9*01	TRBJ1-1	1
CASSSPGQGGNIQYF	TRBV7-6*01	TRBJ2-4	1
CASSSPGQGHEKLFF	TRBV7-9*01	TRBJ1-4	1
CASSSPGQGVEQYF	TRBV28*01	TRBJ2-7	1
CASSSPGRGYTF	TRBV12-3*01	TRBJ1-2	1
CASSSPGRRGPDYGYTF	TRBV12-4*01	TRBJ1-2	1
CASSSPGTGANNEQFF	TRBV7-3*01	TRBJ2-1	1
CASSSPGTGAYGYTF	TRBV27*01	TRBJ1-2	1
CASSSPGTGTSYEQYF	TRBV7-9*01	TRBJ2-7	1
CASSSPGTVLYEQYF	TRBV5-6*01	TRBJ2-7	1
CASSSPGTVSTDTQYF	TRBV4-2*01	TRBJ2-3	1
CASSSPGWNIQYF	TRBV7-2*01	TRBJ2-4	1
CASSSPGWNTEAFF	TRBV5-4*01	TRBJ1-1	1
CASSSPHSPLHF	TRBV7-6*01	TRBJ1-6	1
CASSSPIDGAGNYGYTF	TRBV3-1*01	TRBJ1-2	1
CASSSPKRGATDTQYF	TRBV7-9*01	TRBJ2-3	1
CASSSPLAEERTGELFF	TRBV5-6*01	TRBJ2-2	1
CASSSPLDSNTEAFF	TRBV7-9*01	TRBJ1-1	1
CASSSPLGGATNEQFF	TRBV9*01	TRBJ2-1	1
CASSSPLGVAKNIQYF	TRBV11-3*01	TRBJ2-4	1
CASSSPLHSYNEQFF	TRBV11-2*01	TRBJ2-1	1
CASSSPLQVGSYNSPLHF	TRBV27*01	TRBJ1-6	1
CASSSPNEQFF	TRBV19*01	TRBJ2-1	1
CASSSPNQETQYF	TRBV11-3*01	TRBJ2-5	1
CASSSPPFSGGASTDTQYF	TRBV7-9*01	TRBJ2-3	1
CASSSPPGGNYEQYF	TRBV5-6*01	TRBJ2-7	1
CASSSPPGGWDGAFF	TRBV12-4*01	TRBJ1-1	1
CASSSPPGQGIQETQYF	TRBV11-2*01	TRBJ2-5	1
CASSSPPGTGEVLFF	TRBV7-2*01	TRBJ1-4	1
CASSSPPGTGGDQPQHF	TRBV28*01	TRBJ1-5	1
CASSSPPPDFSYNEQFF	TRBV21-1*01	TRBJ2-1	1
CASSSPPRIYSNQPQHF	TRBV28*01	TRBJ1-5	1
CASSSPPVQGGYQETQYF	TRBV9*01	TRBJ2-5	1
CASSSPQGANSPLHF	TRBV13*01	TRBJ1-6	1
CASSSPQGIGNEQFF	TRBV7-2*01	TRBJ2-1	1
CASSSPQGNTGELFF	TRBV6-5*01	TRBJ2-2	1
CASSSPQSAYEQYF	TRBV13*01	TRBJ2-7	1
CASSSPRGAFF	TRBV12-4*01	TRBJ1-1	1
CASSSPRLSGEADGYTF	TRBV7-9*01	TRBJ1-2	1
CASSSPRQGTNYGYTF	TRBV9*01	TRBJ1-2	1
CASSSPRSGRAGNEQFF	TRBV27*01	TRBJ2-1	1
CASSSPRSRIGTDTQYF	TRBV28*01	TRBJ2-3	1
CASSSPRTSGTYEQYF	TRBV11-1*01	TRBJ2-7	1
CASSSPSEGQGSDTQYF	TRBV7-9*01	TRBJ2-3	1
CASSSPSENTIYF	TRBV13*01	TRBJ1-3	1
CASSSPSGLAGQETQYF	TRBV27*01	TRBJ2-5	1
CASSSPSGRGTGELFF	TRBV9*01	TRBJ2-2	1
CASSSPSGRTNYGYTF	TRBV9*01	TRBJ1-2	1
CASSSPSGSGTGELFF	TRBV27*01	TRBJ2-2	1
CASSSPSLAPNEQFF	TRBV13*01	TRBJ2-1	1
CASSSPSSEAFF	TRBV27*01	TRBJ1-1	1
CASSSPSSSYNEQFF	TRBV9*01	TRBJ2-1	1
CASSSPSYEQYF	TRBV7-9*01	TRBJ2-7	1
CASSSPSYTGGKNIQYF	TRBV6-3*01	TRBJ2-4	1
CASSSPTDTQYF	TRBV7-2*01	TRBJ2-3	1
CASSSPTGGLGEQYF	TRBV7-9*01	TRBJ2-7	1
CASSSPTGGQDKNIQYF	TRBV28*01	TRBJ2-4	1
CASSSPTGGTNHNEQFF	TRBV28*01	TRBJ2-1	1
CASSSPTGNSGNTIYF	TRBV7-3*01	TRBJ1-3	1
CASSSPTGSNTGELFF	TRBV11-2*01	TRBJ2-2	1
CASSSPTGSYEQYF	TRBV7-9*01	TRBJ2-7	1
CASSSPTLAGGPDTQYF	TRBV9*01	TRBJ2-3	1
CASSSPTQGANTGELFF	TRBV7-9*01	TRBJ2-2	1
CASSSPTRLNEQFF	TRBV27*01	TRBJ2-1	1
CASSSPTSGGQETQYF	TRBV12-4*01	TRBJ2-5	1
CASSSPTSGGTDTQYF	TRBV6-5*01	TRBJ2-3	1
CASSSPTSGRDIGTDTQYF	TRBV28*01	TRBJ2-3	1
CASSSPTSVEQYF	TRBV27*01	TRBJ2-7	1
CASSSPTYRGRLYGYTF	TRBV7-8*01	TRBJ1-2	1
CASSSPVASVTPNTGELFF	TRBV7-3*01	TRBJ2-2	1
CASSSPVGLAEYEQYF	TRBV5-5*01	TRBJ2-7	1
CASSSPWGQGPHEQYF	TRBV12-4*01	TRBJ2-7	1
CASSSPWVAGGTDTQYF	TRBV11-2*01	TRBJ2-3	1
CASSSPYGKETQYF	TRBV7-8*01	TRBJ2-5	1
CASSSPYGTSGSIGNEQFF	TRBV28*01	TRBJ2-1	1
CASSSPYYSRELFF	TRBV28*01	TRBJ2-2	1
CASSSQDAANYGYTF	TRBV5-1*01	TRBJ1-2	1
CASSSQDRDVSSPLHF	TRBV7-9*01	TRBJ1-6	1
CASSSQEGDRYNEQFF	TRBV9*01	TRBJ2-1	1
CASSSQGAGANVLTF	TRBV5-4*01	TRBJ2-6	1
CASSSQGAGELFF	TRBV21-1*01	TRBJ2-2	1
CASSSQGALKREIPYEQYF	TRBV7-8*01	TRBJ2-7	1
CASSSQGFEQYF	TRBV12-3*01	TRBJ2-7	1
CASSSQGFGTGGDEQYF	TRBV28*01	TRBJ2-7	1
CASSSQGGFDGYTF	TRBV6-5*01	TRBJ1-2	1
CASSSQGGNEKLFF	TRBV27*01	TRBJ1-4	1
CASSSQGGNEQFF	TRBV19*01	TRBJ2-1	1
CASSSQGGRNEQFF	TRBV7-9*01	TRBJ2-1	1
CASSSQGLGNTIYF	TRBV28*01	TRBJ1-3	1
CASSSQGRASYEQYF	TRBV7-9*01	TRBJ2-7	1
CASSSQGTGRIEQYF	TRBV13*01	TRBJ2-7	1
CASSSQGVGNTIYF	TRBV28*01	TRBJ1-3	1
CASSSQGWGNTGELFF	TRBV5-5*01	TRBJ2-2	1
CASSSQIDGAPSHNEQFF	TRBV7-9*01	TRBJ2-1	1
CASSSQIPGLAGTDTQYF	TRBV12-4*01	TRBJ2-3	1
CASSSQKTRLETQYF	TRBV12-4*01	TRBJ2-5	1
CASSSQLANTDTQYF	TRBV4-3*01	TRBJ2-3	3
CASSSQLTSGGQNEQFF	TRBV13*01	TRBJ2-1	1
CASSSQNTEAFF	TRBV7-6*01	TRBJ1-1	1
CASSSQNTIYF	TRBV11-2*01	TRBJ1-3	1
CASSSQPDTQYF	TRBV13*01	TRBJ2-3	1
CASSSQPGGFQETQYF	TRBV6-5*01	TRBJ2-5	1
CASSSQPSGLAYNEQFF	TRBV5-1*01	TRBJ2-1	1
CASSSQQETQYF	TRBV13*01	TRBJ2-5	1
CASSSQRDSTDTQYF	TRBV7-9*01	TRBJ2-3	1
CASSSQREGSYNEQFF	TRBV7-3*01	TRBJ2-1	2
CASSSQRGPDGEQYF	TRBV4-1*01	TRBJ2-7	1
CASSSQRRGAGGELFF	TRBV7-3*01	TRBJ2-2	1
CASSSQTFYTGELFF	TRBV7-3*01	TRBJ2-2	1
CASSSQTGGGTYEQYF	TRBV4-1*01	TRBJ2-7	1
CASSSQTSGSTGELFF	TRBV7-9*01	TRBJ2-2	1
CASSSRAGGEQYF	TRBV19*01	TRBJ2-7	3
CASSSRDGGTDTQYF	TRBV7-9*01	TRBJ2-3	6
CASSSRDKEQYF	TRBV11-3*01	TRBJ2-7	1
CASSSRDLTTNEKLFF	TRBV6-5*01	TRBJ1-4	1
CASSSRDNRYEQYF	TRBV6-3*01	TRBJ2-7	1
CASSSRDNYGYTF	TRBV6-5*01	TRBJ1-2	1
CASSSRDQPETQYF	TRBV7-3*01	TRBJ2-5	1
CASSSRDRAYEQYF	TRBV5-1*01	TRBJ2-7	1
CASSSRDRDFYEQYF	TRBV5-4*01	TRBJ2-7	1
CASSSRDRGGELFF	TRBV3-1*01	TRBJ2-2	1
CASSSRDRGLWGSYNEQFF	TRBV12-4*01	TRBJ2-1	1
CASSSRDRIYSGNTIYF	TRBV12-3*01	TRBJ1-3	1
CASSSRDRRHQETQYF	TRBV12-4*01	TRBJ2-5	1
CASSSRDSITTYEQYF	TRBV7-8*01	TRBJ2-7	1
CASSSRDSSYEQYF	TRBV5-4*01	TRBJ2-7	1
CASSSRDTQYF	TRBV7-9*01	TRBJ2-3	1
CASSSREAHNEKLFF	TRBV7-8*01	TRBJ1-4	1
CASSSREGAVYGYTF	TRBV3-1*01	TRBJ1-2	1
CASSSREGIYGYTF	TRBV5-1*01	TRBJ1-2	1
CASSSREGRYEQYF	TRBV7-9*01	TRBJ2-7	1
CASSSREKDGGKNIQYF	TRBV11-3*01	TRBJ2-4	1
CASSSREMNTEAFF	TRBV13*01	TRBJ1-1	1
CASSSRFNYGYTF	TRBV7-8*01	TRBJ1-2	1
CASSSRGAHEQFF	TRBV13*01	TRBJ2-1	1
CASSSRGALLYNSPLHF	TRBV7-3*01	TRBJ1-6	1
CASSSRGFSYNSPLHF	TRBV27*01	TRBJ1-6	1
CASSSRGGEQFF	TRBV27*01	TRBJ2-1	1
CASSSRGGGLETQYF	TRBV7-3*01	TRBJ2-5	1
CASSSRGGQETQYF	TRBV7-3*01	TRBJ2-5	1
CASSSRGGSEAFF	TRBV12-4*01	TRBJ1-1	1
CASSSRGGTYEQYF	TRBV19*01	TRBJ2-7	1
CASSSRGLVFYEQYF	TRBV6-1*01	TRBJ2-7	3
CASSSRGPPYNEQFF	TRBV5-1*01	TRBJ2-1	1
CASSSRGQGGYEQYF	TRBV13*01	TRBJ2-7	2
CASSSRGRGYSYEQYF	TRBV13*01	TRBJ2-7	1
CASSSRGRRADTQYF	TRBV5-1*01	TRBJ2-3	1
CASSSRGRSTDTQYF	TRBV25-1*01	TRBJ2-3	1
CASSSRGSYNEQFF	TRBV27*01	TRBJ2-1	1
CASSSRGTEAFF	TRBV27*01	TRBJ1-1	1
CASSSRGTTNEKLFF	TRBV11-1*01	TRBJ1-4	1
CASSSRGWGDTSTDTQYF	TRBV7-8*01	TRBJ2-3	1
CASSSRGYPYEQYF	TRBV28*01	TRBJ2-7	1
CASSSRKDRGSYGYTF	TRBV6-3*01	TRBJ1-2	1
CASSSRKERGGLNEQFF	TRBV6-5*01	TRBJ2-1	1
CASSSRKGLAGPDTQYF	TRBV13*01	TRBJ2-3	1
CASSSRKGPIGQETQYF	TRBV11-2*01	TRBJ2-5	1
CASSSRLAGGLSYEQYF	TRBV7-2*01	TRBJ2-7	1
CASSSRLAGGRDTQYF	TRBV13*01	TRBJ2-3	1
CASSSRLANEQYF	TRBV7-9*01	TRBJ2-7	1
CASSSRLAPNTGELFF	TRBV7-8*01	TRBJ2-2	1
CASSSRLHLNTEAFF	TRBV7-6*01	TRBJ1-1	1
CASSSRNTEAFF	TRBV28*01	TRBJ1-1	1
CASSSRPDRDRMANEQFF	TRBV6-3*01	TRBJ2-1	1
CASSSRPGLAGYWVDTQYF	TRBV6-6*01	TRBJ2-3	1
CASSSRPGQPQHF	TRBV5-6*01	TRBJ1-5	1
CASSSRPGTTSYEQYF	TRBV7-2*01	TRBJ2-7	1
CASSSRPPGQGTNGYTF	TRBV12-4*01	TRBJ1-2	1
CASSSRPRDTGYGYTF	TRBV12-3*01	TRBJ1-2	1
CASSSRQDSAYNEQFF	TRBV9*01	TRBJ2-1	1
CASSSRQFHQPQHF	TRBV6-6*01	TRBJ1-5	1
CASSSRQGGTGELFF	TRBV27*01	TRBJ2-2	1
CASSSRQGILDTEAFF	TRBV7-9*01	TRBJ1-1	1
CASSSRQGLGNQPQHF	TRBV27*01	TRBJ1-5	1
CASSSRQGRETQYF	TRBV28*01	TRBJ2-5	1
CASSSRQGYEQYF	TRBV7-8*01	TRBJ2-7	1
CASSSRQSEADTQYF	TRBV5-5*01	TRBJ2-3	24
CASSSRRDREGSAFF	TRBV27*01	TRBJ1-1	1
CASSSRRRPPNYGYTF	TRBV5-1*01	TRBJ1-2	1
CASSSRRYNEQFF	TRBV12-3*01	TRBJ2-1	1
CASSSRSAYEQYF	TRBV19*01	TRBJ2-7	1
CASSSRSGETQYF	TRBV19*01	TRBJ2-5	1
CASSSRSGGASYNEQFF	TRBV13*01	TRBJ2-1	1
CASSSRSGSEQYF	TRBV19*01	TRBJ2-7	1
CASSSRSGSGLNEQFF	TRBV28*01	TRBJ2-1	1
CASSSRSGTEQFF	TRBV19*01	TRBJ2-1	4
CASSSRSGVEQYF	TRBV19*01	TRBJ2-7	3
CASSSRSGYEQYF	TRBV19*01	TRBJ2-7	1
CASSSRSGYEQYF	TRBV7-8*01	TRBJ2-7	1
CASSSRSRGRSDTQYF	TRBV5-1*01	TRBJ2-3	1
CASSSRSSYEQYF	TRBV19*01	TRBJ2-7	2
CASSSRSTDTQYF	TRBV19*01	TRBJ2-3	1
CASSSRSTGELFF	TRBV19*01	TRBJ2-2	3
CASSSRTAGNTIYF	TRBV13*01	TRBJ1-3	1
CASSSRTAPNTEAFF	TRBV7-2*01	TRBJ1-1	1
CASSSRTASYGNTIYF	TRBV7-8*01	TRBJ1-3	1
CASSSRTAYQETQYF	TRBV14*01	TRBJ2-5	1
CASSSRTDGNTIYF	TRBV5-6*01	TRBJ1-3	1
CASSSRTGDSEQYF	TRBV5-4*01	TRBJ2-7	5
CASSSRTGEERDTQYF	TRBV13*01	TRBJ2-3	1
CASSSRTGGGDTQYF	TRBV12-3*01	TRBJ2-3	1
CASSSRTGGTTNEKLFF	TRBV7-9*01	TRBJ1-4	1
CASSSRTGGYGYTF	TRBV6-5*01	TRBJ1-2	1
CASSSRTSGAPGELFF	TRBV13*01	TRBJ2-2	1
CASSSRTSGGAGQFF	TRBV13*01	TRBJ2-1	5
CASSSRTSGGYTGTDTQYF	TRBV7-2*01	TRBJ2-3	1
CASSSRTYEQYF	TRBV7-9*01	TRBJ2-7	1
CASSSRVMSYNEQFF	TRBV11-3*01	TRBJ2-1	1
CASSSRWGGRLNEQFF	TRBV7-2*01	TRBJ2-1	1
CASSSRWGYEQYF	TRBV9*01	TRBJ2-7	1
CASSSRYEQFF	TRBV12-3*01	TRBJ2-1	1
CASSSSAGEQPQHF	TRBV7-9*01	TRBJ1-5	1
CASSSSAGLAYTDTQYF	TRBV27*01	TRBJ2-3	1
CASSSSAGSETQYF	TRBV9*01	TRBJ2-5	1
CASSSSDRVVSYGYTF	TRBV5-6*01	TRBJ1-2	1
CASSSSDTQYF	TRBV5-4*01	TRBJ2-3	1
CASSSSEETQYF	TRBV2*01	TRBJ2-5	1
CASSSSEGTYGYTF	TRBV5-6*01	TRBJ1-2	1
CASSSSERGGLSEQFF	TRBV7-6*01	TRBJ2-1	1
CASSSSFSGLIEQFF	TRBV11-2*01	TRBJ2-1	1
CASSSSFYEQYF	TRBV7-9*01	TRBJ2-7	1
CASSSSGAGPDYGYTF	TRBV7-9*01	TRBJ1-2	1
CASSSSGANVLTF	TRBV27*01	TRBJ2-6	4
CASSSSGAVEAKNIQYF	TRBV7-2*01	TRBJ2-4	1
CASSSSGAYNEQFF	TRBV6-3*01	TRBJ2-1	1
CASSSSGEDEQFF	TRBV7-3*01	TRBJ2-1	1
CASSSSGGANTQYF	TRBV5-6*01	TRBJ2-3	1
CASSSSGGFYEQYF	TRBV19*01	TRBJ2-7	1
CASSSSGGGGYTF	TRBV7-6*01	TRBJ1-2	1
CASSSSGGGPQETQYF	TRBV9*01	TRBJ2-5	1
CASSSSGGGYEQYF	TRBV12-4*01	TRBJ2-7	1
CASSSSGGPSYNEQFF	TRBV7-9*01	TRBJ2-1	1
CASSSSGGQETQYF	TRBV19*01	TRBJ2-5	1
CASSSSGIAGASHEQYF	TRBV5-1*01	TRBJ2-7	1
CASSSSGLARNEQFF	TRBV3-1*01	TRBJ2-1	1
CASSSSGPLDF	TRBV12-3*01	TRBJ2-5	1
CASSSSGRGNQPQHF	TRBV6-5*01	TRBJ1-5	1
CASSSSGRVPYNEQFF	TRBV7-2*01	TRBJ2-1	1
CASSSSGSSYNEQFF	TRBV13*01	TRBJ2-1	1
CASSSSGSTDTQYF	TRBV3-1*01	TRBJ2-3	1
CASSSSGSTYNEQFF	TRBV6-6*01	TRBJ2-1	1
CASSSSGTGDYEQYF	TRBV7-6*01	TRBJ2-7	1
CASSSSGTGGLHEQYF	TRBV5-4*01	TRBJ2-7	1
CASSSSGTGIGANVLTF	TRBV7-9*01	TRBJ2-6	1
CASSSSGTGRSYEQYF	TRBV5-1*01	TRBJ2-7	1
CASSSSGTYNEQFF	TRBV5-6*01	TRBJ2-1	1
CASSSSGVTGELFF	TRBV12-3*01	TRBJ2-2	1
CASSSSHSYNEQFF	TRBV9*01	TRBJ2-1	1
CASSSSIGSAEGDTQYF	TRBV6-5*01	TRBJ2-3	1
CASSSSLAGGGELFF	TRBV9*01	TRBJ2-2	1
CASSSSLAGSSYNEQFF	TRBV9*01	TRBJ2-1	1
CASSSSLGTSEAGELFF	TRBV6-5*01	TRBJ2-2	1
CASSSSMGQGNNYGYTF	TRBV7-9*01	TRBJ1-2	1
CASSSSNEQFF	TRBV7-2*01	TRBJ2-1	1
CASSSSPEQYF	TRBV5-6*01	TRBJ2-7	1
CASSSSPGQGGYGYTF	TRBV27*01	TRBJ1-2	1
CASSSSPGSTDTQYF	TRBV6-4*01	TRBJ2-3	1
CASSSSPLEAFF	TRBV9*01	TRBJ1-1	1
CASSSSPPGTAGGYTF	TRBV7-9*01	TRBJ1-2	1
CASSSSPRGGGTEAFF	TRBV18*01	TRBJ1-1	1
CASSSSPVPNYGYTF	TRBV27*01	TRBJ1-2	1
CASSSSPVWETQYF	TRBV9*01	TRBJ2-5	1
CASSSSPYEQYF	TRBV7-8*01	TRBJ2-7	1
CASSSSRDSIYGYTF	TRBV6-3*01	TRBJ1-2	1
CASSSSRGAGKNIQYF	TRBV11-2*01	TRBJ2-4	1
CASSSSRRGGRAYEQYF	TRBV6-5*01	TRBJ2-7	1
CASSSSRRTDPYGYTF	TRBV9*01	TRBJ1-2	1
CASSSSRSSYEQYF	TRBV27*01	TRBJ2-7	1
CASSSSRTGFYEQYF	TRBV7-6*01	TRBJ2-7	1
CASSSSRTNNEQFF	TRBV6-3*01	TRBJ2-1	1
CASSSSRVGGYTF	TRBV12-3*01	TRBJ1-2	1
CASSSSSAGQETQYF	TRBV7-9*01	TRBJ2-5	1
CASSSSSEAFF	TRBV5-6*01	TRBJ1-1	1
CASSSSSGGNTDTQYF	TRBV6-4*01	TRBJ2-3	1
CASSSSSGREQFF	TRBV27*01	TRBJ2-1	1
CASSSSSGTGNTIYF	TRBV27*01	TRBJ1-3	1
CASSSSSQENTEAFF	TRBV12-4*01	TRBJ1-1	1
CASSSSSTSGHTDTQYF	TRBV27*01	TRBJ2-3	1
CASSSSSTSPYNEQFF	TRBV2*01	TRBJ2-1	1
CASSSSTGAGELFF	TRBV7-9*01	TRBJ2-2	1
CASSSSTGEAYNEQFF	TRBV7-9*01	TRBJ2-1	1
CASSSSTGGLGELFF	TRBV7-8*01	TRBJ2-2	1
CASSSSTGVYGYTF	TRBV7-9*01	TRBJ1-2	1
CASSSSTMTGGRDTEAFF	TRBV27*01	TRBJ1-1	1
CASSSSTQETQYF	TRBV7-9*01	TRBJ2-5	1
CASSSSTYEQYF	TRBV27*01	TRBJ2-7	1
CASSSSVHSGVTDTQYF	TRBV27*01	TRBJ2-3	1
CASSSSWDRTSYEQYF	TRBV28*01	TRBJ2-7	1
CASSSSWGGDQPQHF	TRBV27*01	TRBJ1-5	1
CASSSSYEQFF	TRBV28*01	TRBJ2-1	1
CASSSTAYNEQFF	TRBV7-8*01	TRBJ2-1	1
CASSSTDALGEKLFF	TRBV6-1*01	TRBJ1-4	1
CASSSTDASTDTQYF	TRBV18*01	TRBJ2-3	1
CASSSTDHSNQPQHF	TRBV7-9*01	TRBJ1-5	1
CASSSTDLTIPTDTQYF	TRBV28*01	TRBJ2-3	1
CASSSTDSSYEQYF	TRBV5-1*01	TRBJ2-7	1
CASSSTDTQYF	TRBV27*01	TRBJ2-3	2
CASSSTDTQYF	TRBV5-6*01	TRBJ2-3	16
CASSSTDTQYF	TRBV9*01	TRBJ2-3	1
CASSSTEETQYF	TRBV7-9*01	TRBJ2-5	1
CASSSTEIYEQYF	TRBV5-6*01	TRBJ2-7	1
CASSSTEQYF	TRBV28*01	TRBJ2-7	1
CASSSTERVATTDTQYF	TRBV7-9*01	TRBJ2-3	1
CASSSTGDRYNEQFF	TRBV13*01	TRBJ2-1	1
CASSSTGDSHTEAFF	TRBV27*01	TRBJ1-1	1
CASSSTGFGSPLHF	TRBV27*01	TRBJ1-6	1
CASSSTGGADTQYF	TRBV7-8*01	TRBJ2-3	1
CASSSTGGFPGANVLTF	TRBV7-8*01	TRBJ2-6	1
CASSSTGGFVNEQYF	TRBV12-4*01	TRBJ2-7	1
CASSSTGGGEKDQPQHF	TRBV5-4*01	TRBJ1-5	11
CASSSTGGGEKDQPQHF	TRBV5-6*01	TRBJ1-5	2
CASSSTGGGETQYF	TRBV11-2*01	TRBJ2-5	1
CASSSTGGGETQYF	TRBV12-4*01	TRBJ2-5	1
CASSSTGGGFYEQYF	TRBV9*01	TRBJ2-7	1
CASSSTGGGYGYTF	TRBV5-4*01	TRBJ1-2	1
CASSSTGGKDGYTF	TRBV12-4*01	TRBJ1-2	1
CASSSTGGKETQYF	TRBV13*01	TRBJ2-5	1
CASSSTGGLSYEQYF	TRBV7-9*01	TRBJ2-7	1
CASSSTGGNQPQHF	TRBV7-9*01	TRBJ1-5	1
CASSSTGGNSPLHF	TRBV13*01	TRBJ1-6	1
CASSSTGGPHSYEQYF	TRBV6-6*01	TRBJ2-7	4
CASSSTGGRSYNEQFF	TRBV7-3*01	TRBJ2-1	1
CASSSTGGSGTEAFF	TRBV7-3*01	TRBJ1-1	1
CASSSTGGTNDEQFF	TRBV7-2*01	TRBJ2-1	1
CASSSTGGVYGYTF	TRBV5-6*01	TRBJ1-2	1
CASSSTGGYEQYF	TRBV12-4*01	TRBJ2-7	1
CASSSTGHPGTGELFF	TRBV27*01	TRBJ2-2	1
CASSSTGIGYTF	TRBV5-6*01	TRBJ1-2	1
CASSSTGLAGDFSYEQYF	TRBV7-2*01	TRBJ2-7	1
CASSSTGLDTQYF	TRBV7-2*01	TRBJ2-3	1
CASSSTGLNTEAFF	TRBV13*01	TRBJ1-1	1
CASSSTGPAQETQYF	TRBV5-1*01	TRBJ2-5	1
CASSSTGRATNEKLFF	TRBV28*01	TRBJ1-4	1
CASSSTGRETQYF	TRBV5-6*01	TRBJ2-5	1
CASSSTGRGNQPQHF	TRBV12-3*01	TRBJ1-5	1
CASSSTGSDYEQYF	TRBV2*01	TRBJ2-7	1
CASSSTGSTDTQYF	TRBV7-9*01	TRBJ2-3	1
CASSSTGSYEQYF	TRBV5-6*01	TRBJ2-7	1
CASSSTGSYGYTF	TRBV12-4*01	TRBJ1-2	1
CASSSTGTDNSPLHF	TRBV7-3*01	TRBJ1-6	1
CASSSTGTGGAGELFF	TRBV7-6*01	TRBJ2-2	1
CASSSTGTGYNEQFF	TRBV19*01	TRBJ2-1	1
CASSSTGTSGGGTDTQYF	TRBV9*01	TRBJ2-3	1
CASSSTGTSGNRAEQFF	TRBV27*01	TRBJ2-1	32
CASSSTGTSNTGELFF	TRBV27*01	TRBJ2-2	1
CASSSTGTVSLEKLFF	TRBV5-5*01	TRBJ1-4	1
CASSSTGVGYTF	TRBV5-6*01	TRBJ1-2	19
CASSSTGVNTEAFF	TRBV6-5*01	TRBJ1-1	1
CASSSTGWVQPQHF	TRBV19*01	TRBJ1-5	1
CASSSTKRQSTGELFF	TRBV7-9*01	TRBJ2-2	1
CASSSTLGTGGFETQYF	TRBV6-5*01	TRBJ2-5	2
CASSSTLQDRANYGYTF	TRBV6-5*01	TRBJ1-2	1
CASSSTLQETQYF	TRBV11-3*01	TRBJ2-5	1
CASSSTLYGSYNEQFF	TRBV5-6*01	TRBJ2-1	1
CASSSTNQPQHF	TRBV27*01	TRBJ1-5	1
CASSSTPEGYEQFF	TRBV7-9*01	TRBJ2-1	1
CASSSTPESGANVLTF	TRBV5-1*01	TRBJ2-6	1
CASSSTPSNTEAFF	TRBV7-2*01	TRBJ1-1	1
CASSSTQETQYF	TRBV7-9*01	TRBJ2-5	1
CASSSTQGGYEQYF	TRBV27*01	TRBJ2-7	1
CASSSTRDSTDTQYF	TRBV13*01	TRBJ2-3	1
CASSSTRGDQETQYF	TRBV27*01	TRBJ2-5	1
CASSSTRGLSYGYTF	TRBV7-9*01	TRBJ1-2	1
CASSSTRLAEYEQYF	TRBV5-8*01	TRBJ2-7	1
CASSSTRQGSGTDTQYF	TRBV5-6*01	TRBJ2-3	1
CASSSTRRGNTIYF	TRBV11-2*01	TRBJ1-3	1
CASSSTRVAGEGGTDTQYF	TRBV12-4*01	TRBJ2-3	1
CASSSTSFTQYF	TRBV6-6*01	TRBJ2-3	1
CASSSTSGASYEQYF	TRBV6-6*01	TRBJ2-7	1
CASSSTSGGGNEQFF	TRBV18*01	TRBJ2-1	1
CASSSTSGGSSAGELFF	TRBV9*01	TRBJ2-2	1
CASSSTSGGSTDTQYF	TRBV7-2*01	TRBJ2-3	1
CASSSTSGRADTQYF	TRBV7-2*01	TRBJ2-3	1
CASSSTSGRADTQYF	TRBV7-6*01	TRBJ2-3	1
CASSSTSGRETQYF	TRBV7-9*01	TRBJ2-5	1
CASSSTSGRFQNIQYF	TRBV7-9*01	TRBJ2-4	1
CASSSTSGRNEQFF	TRBV7-9*01	TRBJ2-1	1
CASSSTSGRPSGELFF	TRBV7-9*01	TRBJ2-2	1
CASSSTSGRSPGELFF	TRBV7-9*01	TRBJ2-2	1
CASSSTSPAGTEGYNSPLHF	TRBV13*01	TRBJ1-6	1
CASSSTTLLAGGYEQYF	TRBV6-5*01	TRBJ2-7	6
CASSSTTSGTNYNEQFF	TRBV28*01	TRBJ2-1	1
CASSSTTSYNEQFF	TRBV5-4*01	TRBJ2-1	1
CASSSTVISGNTIYF	TRBV12-3*01	TRBJ1-3	1
CASSSTVYQETQYF	TRBV7-2*01	TRBJ2-5	1
CASSSVADTQYF	TRBV7-6*01	TRBJ2-3	1
CASSSVAGGPDYEQYF	TRBV19*01	TRBJ2-7	1
CASSSVAGGPYEQYF	TRBV7-2*01	TRBJ2-7	1
CASSSVAGGTTDEQYF	TRBV27*01	TRBJ2-7	1
CASSSVAGPIQETQYF	TRBV7-2*01	TRBJ2-5	1
CASSSVASGSTGELFF	TRBV12-4*01	TRBJ2-2	1
CASSSVEEETQYF	TRBV5-1*01	TRBJ2-5	1
CASSSVEGRSYEQYF	TRBV6-5*01	TRBJ2-7	1
CASSSVGARGTGELFF	TRBV6-5*01	TRBJ2-2	1
CASSSVGDRPYNEQFF	TRBV5-1*01	TRBJ2-1	1
CASSSVGGADEQYF	TRBV27*01	TRBJ2-7	1
CASSSVGGGGDTQYF	TRBV12-3*01	TRBJ2-3	1
CASSSVGLPQETQYF	TRBV4-1*01	TRBJ2-5	1
CASSSVGQEPYNEQFF	TRBV12-3*01	TRBJ2-1	1
CASSSVGVTDTQYF	TRBV5-6*01	TRBJ2-3	1
CASSSVHENTIYF	TRBV5-6*01	TRBJ1-3	1
CASSSVLAVDYNEQFF	TRBV7-9*01	TRBJ2-1	1
CASSSVLDTQYF	TRBV7-9*01	TRBJ2-3	1
CASSSVLRAGTLTGANVLTF	TRBV27*01	TRBJ2-6	1
CASSSVNPYEQYF	TRBV7-9*01	TRBJ2-7	1
CASSSVPGQGTGSTDTQYF	TRBV7-9*01	TRBJ2-3	1
CASSSVRGPNYGYTF	TRBV27*01	TRBJ1-2	1
CASSSVSGNHNEQFF	TRBV6-3*01	TRBJ2-1	1
CASSSWASDTDTQYF	TRBV28*01	TRBJ2-3	1
CASSSWDRDEGKLFF	TRBV9*01	TRBJ1-4	1
CASSSWDSELSYEQYF	TRBV7-2*01	TRBJ2-7	1
CASSSWGDSYEQYF	TRBV13*01	TRBJ2-7	1
CASSSWGGFGKNIQYF	TRBV12-4*01	TRBJ2-4	1
CASSSWGGSPTNEKLFF	TRBV11-2*01	TRBJ1-4	1
CASSSWGNTEAFF	TRBV7-8*01	TRBJ1-1	1
CASSSWPTGAQSDTQYF	TRBV7-3*01	TRBJ2-3	1
CASSSWRQGAWVGAWGYTF	TRBV5-6*01	TRBJ1-2	1
CASSSWRYGYTEAFF	TRBV19*01	TRBJ1-1	1
CASSSWSGLSTDTQYF	TRBV7-2*01	TRBJ2-3	1
CASSSWTGYPYEQYF	TRBV6-3*01	TRBJ2-7	1
CASSSWTSGGRVYEQFF	TRBV11-2*01	TRBJ2-1	1
CASSSWTSGTQETQYF	TRBV7-3*01	TRBJ2-5	1
CASSSYAVDEQYF	TRBV9*01	TRBJ2-7	1
CASSSYGANQPQHF	TRBV11-2*01	TRBJ1-5	1
CASSSYLSYEQYF	TRBV11-2*01	TRBJ2-7	1
CASSSYPGTDSSGNTIYF	TRBV12-4*01	TRBJ1-3	1
CASSSYPSRTGNTGELFF	TRBV6-5*01	TRBJ2-2	1
CASSSYQGGGYTF	TRBV27*01	TRBJ1-2	1
CASSSYRGDTQYF	TRBV5-1*01	TRBJ2-3	1
CASSSYRGPYEQYF	TRBV7-8*01	TRBJ2-7	1
CASSSYRRPYEQYF	TRBV11-2*01	TRBJ2-7	1
CASSSYRRTGEGDTQYF	TRBV7-2*01	TRBJ2-3	1
CASSSYSSDTQYF	TRBV11-3*01	TRBJ2-3	1
CASSSYSTGSYNSPLHF	TRBV27*01	TRBJ1-6	1
CASSSYTSGAYNEQFF	TRBV7-9*01	TRBJ2-1	1
CASSSYWTSGTKNIQYF	TRBV12-3*01	TRBJ2-4	1
CASSSYYEQYF	TRBV12-4*01	TRBJ2-7	1
CASSSYYRGTDTQYF	TRBV28*01	TRBJ2-3	1
CASSSYYVRGTDTQYF	TRBV7-2*01	TRBJ2-3	1
CASSTAEGLPYNEQFF	TRBV19*01	TRBJ2-1	1
CASSTAGGPQETQYF	TRBV6-5*01	TRBJ2-5	1
CASSTAGGSYEQYF	TRBV27*01	TRBJ2-7	1
CASSTAGGSYNEQFF	TRBV5-8*01	TRBJ2-1	1
CASSTAGRWNTEAFF	TRBV27*01	TRBJ1-1	1
CASSTALEKLFF	TRBV12-4*01	TRBJ1-4	1
CASSTAPGLAGEDTQYF	TRBV19*01	TRBJ2-3	1
CASSTASAPETQYF	TRBV6-3*01	TRBJ2-5	1
CASSTDDPSAASYNEQFF	TRBV19*01	TRBJ2-1	1
CASSTDFNEKLFF	TRBV5-1*01	TRBJ1-4	1
CASSTDGLAYEQYF	TRBV9*01	TRBJ2-7	1
CASSTDGQGGSDTQYF	TRBV2*01	TRBJ2-3	1
CASSTDRAAQPQHF	TRBV28*01	TRBJ1-5	6
CASSTDRDSNQPQHF	TRBV7-9*01	TRBJ1-5	3
CASSTDRELETQYF	TRBV5-1*01	TRBJ2-5	1
CASSTDRGGDEQFF	TRBV4-3*01	TRBJ2-1	1
CASSTDRYVRSNQPQHF	TRBV19*01	TRBJ1-5	1
CASSTDSFSYEQYF	TRBV27*01	TRBJ2-7	1
CASSTDSTSGRHNEQFF	TRBV11-3*01	TRBJ2-1	1
CASSTDTFGYGYTF	TRBV13*01	TRBJ1-2	1
CASSTDTQYF	TRBV9*01	TRBJ2-3	1
CASSTDYEQYF	TRBV2*01	TRBJ2-7	2
CASSTDYNEQFF	TRBV19*01	TRBJ2-1	1
CASSTEGARTEAFF	TRBV9*01	TRBJ1-1	1
CASSTEGQAGANYGYTF	TRBV12-4*01	TRBJ1-2	1
CASSTENQFNYGYTF	TRBV6-3*01	TRBJ1-2	1
CASSTEQGRTEAFF	TRBV5-1*01	TRBJ1-1	1
CASSTERGSTGELFF	TRBV7-9*01	TRBJ2-2	6
CASSTERTGYEQYF	TRBV27*01	TRBJ2-7	1
CASSTESQGCNNQPQHF	TRBV5-7*01	TRBJ1-5	1
CASSTETGNTEAFF	TRBV13*01	TRBJ1-1	1
CASSTETPPYEQYF	TRBV6-3*01	TRBJ2-7	1
CASSTFAEGWVSYNEQFF	TRBV5-8*01	TRBJ2-1	1
CASSTFEGQVGRETQYF	TRBV19*01	TRBJ2-5	1
CASSTFGASTDTQYF	TRBV27*01	TRBJ2-3	1
CASSTFGRPSTDTQYF	TRBV11-2*01	TRBJ2-3	1
CASSTFHWGDNEQFF	TRBV11-2*01	TRBJ2-1	1
CASSTFPRTSGTDTQYF	TRBV11-2*01	TRBJ2-3	1
CASSTFSGTGALYEQYF	TRBV19*01	TRBJ2-7	1
CASSTFSSGRTEAFF	TRBV19*01	TRBJ1-1	1
CASSTGAGHQETQYF	TRBV19*01	TRBJ2-5	1
CASSTGAGVNEQYF	TRBV4-1*01	TRBJ2-7	1
CASSTGAIRPTDTQYF	TRBV5-1*01	TRBJ2-3	1
CASSTGAWGYTF	TRBV19*01	TRBJ1-2	4
CASSTGAYGYTF	TRBV19*01	TRBJ1-2	1
CASSTGDDTGELFF	TRBV12-3*01	TRBJ2-2	1
CASSTGDSNQPQHF	TRBV6-6*01	TRBJ1-5	1
CASSTGDSNQPQHF	TRBV7-9*01	TRBJ1-5	1
CASSTGEAFTEAFF	TRBV25-1*01	TRBJ1-1	1
CASSTGEEKLFF	TRBV2*01	TRBJ1-4	1
CASSTGELFF	TRBV6-6*01	TRBJ2-2	1
CASSTGFGSPLHF	TRBV6-3*01	TRBJ1-6	1
CASSTGGADTQYF	TRBV13*01	TRBJ2-3	1
CASSTGGAYQPQHF	TRBV19*01	TRBJ1-5	1
CASSTGGDRAGYNEQFF	TRBV19*01	TRBJ2-1	1
CASSTGGRTEAFF	TRBV7-3*01	TRBJ1-1	1
CASSTGLAGGLSWETQYF	TRBV6-6*01	TRBJ2-5	1
CASSTGLAGLLGTDTQYF	TRBV28*01	TRBJ2-3	1
CASSTGLAGVHEQFF	TRBV5-6*01	TRBJ2-1	1
CASSTGLAVLPQYF	TRBV6-3*01	TRBJ2-7	1
CASSTGLDYEQYF	TRBV27*01	TRBJ2-7	1
CASSTGLGEQYF	TRBV19*01	TRBJ2-7	1
CASSTGLLPGTDTQYF	TRBV5-4*01	TRBJ2-3	1
CASSTGLLTDTQYF	TRBV5-4*01	TRBJ2-3	1
CASSTGLRAEAFF	TRBV27*01	TRBJ1-1	1
CASSTGQATGELFF	TRBV19*01	TRBJ2-2	2
CASSTGQAYNEKLFF	TRBV7-9*01	TRBJ1-4	2
CASSTGQGANYGYTF	TRBV4-2*01	TRBJ1-2	1
CASSTGQGFRDYGYTF	TRBV7-8*01	TRBJ1-2	1
CASSTGQGRSYNEQFF	TRBV5-6*01	TRBJ2-1	1
CASSTGQGRYNEQFF	TRBV9*01	TRBJ2-1	1
CASSTGRGPNTGELFF	TRBV28*01	TRBJ2-2	1
CASSTGRNYGYTF	TRBV3-1*01	TRBJ1-2	1
CASSTGSGNQPQHF	TRBV9*01	TRBJ1-5	1
CASSTGSPNNEQFF	TRBV27*01	TRBJ2-1	1
CASSTGSYGYTF	TRBV19*01	TRBJ1-2	3
CASSTGTAGKLFF	TRBV7-6*01	TRBJ1-4	1
CASSTGTAHSNQPQHF	TRBV12-3*01	TRBJ1-5	1
CASSTGTATNEKLFF	TRBV19*01	TRBJ1-4	3
CASSTGTAYGYTF	TRBV12-3*01	TRBJ1-2	1
CASSTGTEAFF	TRBV27*01	TRBJ1-1	1
CASSTGTEEGTDTQYF	TRBV5-1*01	TRBJ2-3	1
CASSTGTEIYGYTF	TRBV9*01	TRBJ1-2	1
CASSTGTGANEQFF	TRBV5-1*01	TRBJ2-1	1
CASSTGTGAYEQYF	TRBV19*01	TRBJ2-7	1
CASSTGTGGDGYTF	TRBV6-3*01	TRBJ1-2	1
CASSTGTGGDGYTF	TRBV6-4*01	TRBJ1-2	1
CASSTGTGGDYGYTF	TRBV9*01	TRBJ1-2	1
CASSTGTGHTDTQYF	TRBV6-5*01	TRBJ2-3	1
CASSTGTGSYEQYF	TRBV4-3*01	TRBJ2-7	1
CASSTGTGTYEQYF	TRBV13*01	TRBJ2-7	1
CASSTGTGTYEQYF	TRBV4-1*01	TRBJ2-7	1
CASSTGTGVYGYTF	TRBV27*01	TRBJ1-2	1
CASSTGTLYGYTF	TRBV19*01	TRBJ1-2	10
CASSTGTPIRHF	TRBV19*01	TRBJ1-5	1
CASSTGTSGDTQYF	TRBV27*01	TRBJ2-3	1
CASSTGTSGRGDEQFF	TRBV5-1*01	TRBJ2-1	1
CASSTGTYGYTF	TRBV21-1*01	TRBJ1-2	1
CASSTGVGYNEQFF	TRBV19*01	TRBJ2-1	1
CASSTGVVYEQYF	TRBV7-9*01	TRBJ2-7	1
CASSTGVYGYTF	TRBV19*01	TRBJ1-2	4
CASSTGWRAPYNEQFF	TRBV7-8*01	TRBJ2-1	1
CASSTGYLTGGTEAFF	TRBV5-4*01	TRBJ1-1	2
CASSTHGADEQYF	TRBV19*01	TRBJ2-7	1
CASSTHLLAGVLNEQFF	TRBV28*01	TRBJ2-1	1
CASSTHMDGDNEQFF	TRBV7-3*01	TRBJ2-1	1
CASSTHNGIYF	TRBV19*01	TRBJ1-3	1
CASSTHRLGTSGGPPDTQYF	TRBV7-9*01	TRBJ2-3	1
CASSTHRSDTGELFF	TRBV3-1*01	TRBJ2-2	1
CASSTHYEQYF	TRBV13*01	TRBJ2-7	1
CASSTIAGGETQYF	TRBV7-9*01	TRBJ2-5	1
CASSTIAQVPEKGANVLTF	TRBV27*01	TRBJ2-6	1
CASSTIASGGKETQYF	TRBV19*01	TRBJ2-5	1
CASSTIDGSGGAPGNEQFF	TRBV19*01	TRBJ2-1	1
CASSTIPGTSTDTQYF	TRBV27*01	TRBJ2-3	1
CASSTIPVSGRVDDLRYNEQFF	TRBV9*01	TRBJ2-1	1
CASSTIRDSLSGANVLTF	TRBV6-3*01	TRBJ2-6	1
CASSTITGSNYGYTF	TRBV7-9*01	TRBJ1-2	1
CASSTKAGEYADTQYF	TRBV9*01	TRBJ2-3	1
CASSTKGGGQPQHF	TRBV19*01	TRBJ1-5	1
CASSTKGQGRVQYF	TRBV28*01	TRBJ2-7	1
CASSTKGVRSAGVTDTQYF	TRBV10-2*01	TRBJ2-3	1
CASSTLAGGQETQYF	TRBV6-6*01	TRBJ2-5	1
CASSTLAGGRGGELFF	TRBV7-3*01	TRBJ2-2	1
CASSTLAGVHNEQFF	TRBV7-8*01	TRBJ2-1	1
CASSTLGDSPLHF	TRBV6-5*01	TRBJ1-6	1
CASSTLGLAGGETQYF	TRBV5-4*01	TRBJ2-5	1
CASSTLGQGGELFF	TRBV25-1*01	TRBJ2-2	1
CASSTLGSGELFF	TRBV6-5*01	TRBJ2-2	1
CASSTLPGLHASVLTF	TRBV21-1*01	TRBJ2-6	1
CASSTLPYLTSGGGHTGELFF	TRBV11-2*01	TRBJ2-2	1
CASSTLRDYATNEKLFF	TRBV5-6*01	TRBJ1-4	1
CASSTLSGAEQYF	TRBV6-5*01	TRBJ2-7	1
CASSTLSGTATAYEQYF	TRBV18*01	TRBJ2-7	1
CASSTLTSGSRSYEQYF	TRBV6-5*01	TRBJ2-7	1
CASSTLVGQGYITGELFF	TRBV7-6*01	TRBJ2-2	1
CASSTLYNTGELFF	TRBV19*01	TRBJ2-2	1
CASSTMGVVGAYNEQFF	TRBV19*01	TRBJ2-1	1
CASSTMTGSTGELFF	TRBV19*01	TRBJ2-2	1
CASSTNLAGRPNTGELFF	TRBV7-9*01	TRBJ2-2	1
CASSTNNRVGYGYTF	TRBV28*01	TRBJ1-2	1
CASSTNPTSGTSTDTQYF	TRBV7-3*01	TRBJ2-3	1
CASSTNPYEQYF	TRBV9*01	TRBJ2-7	1
CASSTNRNTEAFF	TRBV12-4*01	TRBJ1-1	1
CASSTPDRGARETQYF	TRBV2*01	TRBJ2-5	1
CASSTPDSRETQYF	TRBV12-4*01	TRBJ2-5	1
CASSTPEDRDQDTQYF	TRBV12-4*01	TRBJ2-3	1
CASSTPEGGWSDTGELFF	TRBV6-3*01	TRBJ2-2	1
CASSTPGFTEAFF	TRBV19*01	TRBJ1-1	1
CASSTPGGGNEQFF	TRBV19*01	TRBJ2-1	1
CASSTPGGTTGELFF	TRBV5-4*01	TRBJ2-2	1
CASSTPGKGYTF	TRBV2*01	TRBJ1-2	1
CASSTPGLAGDTGELFF	TRBV6-5*01	TRBJ2-2	1
CASSTPGLAGIYNEQFF	TRBV6-3*01	TRBJ2-1	1
CASSTPGLAYNEQFF	TRBV9*01	TRBJ2-1	1
CASSTPGPEAFF	TRBV19*01	TRBJ1-1	1
CASSTPGQGLEQYF	TRBV9*01	TRBJ2-7	1
CASSTPGQGLVSGELFF	TRBV25-1*01	TRBJ2-2	1
CASSTPGQGPNYGYTF	TRBV7-9*01	TRBJ1-2	1
CASSTPGQGPPGYTF	TRBV7-8*01	TRBJ1-2	1
CASSTPGQGQETQYF	TRBV12-4*01	TRBJ2-5	1
CASSTPGRALYEQYF	TRBV7-9*01	TRBJ2-7	1
CASSTPGSGEQYF	TRBV28*01	TRBJ2-7	1
CASSTPGTGGARSRGYTF	TRBV9*01	TRBJ1-2	1
CASSTPGTGGEGSTEAFF	TRBV9*01	TRBJ1-1	1
CASSTPGTHPLGYTF	TRBV5-6*01	TRBJ1-2	1
CASSTPKDRAGNTIYF	TRBV7-2*01	TRBJ1-3	1
CASSTPLPDSNQPQHF	TRBV19*01	TRBJ1-5	1
CASSTPMTGGTEAFF	TRBV4-1*01	TRBJ1-1	1
CASSTPRGGYTF	TRBV6-3*01	TRBJ1-2	1
CASSTPRTGFLDSPLHF	TRBV9*01	TRBJ1-6	1
CASSTPSGPYNEQFF	TRBV6-5*01	TRBJ2-1	1
CASSTPWGAGAGELFF	TRBV9*01	TRBJ2-2	1
CASSTPYEQYF	TRBV7-2*01	TRBJ2-7	1
CASSTQGAEQYF	TRBV3-1*01	TRBJ2-7	1
CASSTQGDSSYEQYF	TRBV6-1*01	TRBJ2-7	5
CASSTQGEPLHF	TRBV28*01	TRBJ1-6	1
CASSTQGGGTNEKLFF	TRBV12-4*01	TRBJ1-4	1
CASSTQGGPNTEAFF	TRBV13*01	TRBJ1-1	1
CASSTQGHTSGNTIYF	TRBV7-3*01	TRBJ1-3	1
CASSTQGNTEAFF	TRBV6-3*01	TRBJ1-1	1
CASSTQGRNTEAFF	TRBV6-3*01	TRBJ1-1	1
CASSTQGSSYEQYF	TRBV6-5*01	TRBJ2-7	1
CASSTQLATSTDTQYF	TRBV7-9*01	TRBJ2-3	1
CASSTQNTSGNTQETQYF	TRBV7-2*01	TRBJ2-5	1
CASSTQPGTGIGGDTGELFF	TRBV6-5*01	TRBJ2-2	1
CASSTQRIVTNTGELFF	TRBV5-1*01	TRBJ2-2	1
CASSTQTGSNTGELFF	TRBV27*01	TRBJ2-2	1
CASSTQVGYEQYF	TRBV19*01	TRBJ2-7	1
CASSTRAAYEQYF	TRBV19*01	TRBJ2-7	16
CASSTRAGGVGQFF	TRBV19*01	TRBJ2-1	13
CASSTRASEGQYF	TRBV19*01	TRBJ2-7	1
CASSTRATGELFF	TRBV19*01	TRBJ2-2	37
CASSTRDGKETQYF	TRBV27*01	TRBJ2-5	1
CASSTRDRGEEKLFF	TRBV12-4*01	TRBJ1-4	1
CASSTRDRGQYTEAFF	TRBV13*01	TRBJ1-1	1
CASSTRDRGSYEQYF	TRBV12-4*01	TRBJ2-7	1
CASSTRDRGWTSGYNEQFF	TRBV14*01	TRBJ2-1	1
CASSTRDRQGLPYEQYF	TRBV5-6*01	TRBJ2-7	1
CASSTRDSNQPQHF	TRBV6-5*01	TRBJ1-5	1
CASSTRDSQETQYF	TRBV9*01	TRBJ2-5	1
CASSTRDTFTDTQYF	TRBV21-1*01	TRBJ2-3	1
CASSTRGLAGVYNEQFF	TRBV5-1*01	TRBJ2-1	1
CASSTRGNYGYTF	TRBV19*01	TRBJ1-2	1
CASSTRGTDTSTDTQYF	TRBV9*01	TRBJ2-3	1
CASSTRLYGYTF	TRBV19*01	TRBJ1-2	1
CASSTRNIQETQYF	TRBV7-2*01	TRBJ2-5	1
CASSTRPGQGGYEASTEAFF	TRBV6-3*01	TRBJ1-1	1
CASSTRQDGSYNEQFF	TRBV4-1*01	TRBJ2-1	1
CASSTRQDLQETQYF	TRBV7-2*01	TRBJ2-5	1
CASSTRQGISEQYF	TRBV19*01	TRBJ2-7	1
CASSTRSAYEQYF	TRBV19*01	TRBJ2-7	15
CASSTRSDSPLHF	TRBV19*01	TRBJ1-6	1
CASSTRSGTEAFF	TRBV19*01	TRBJ1-1	1
CASSTRSGWEQYF	TRBV19*01	TRBJ2-7	6
CASSTRSGYEQYF	TRBV19*01	TRBJ2-7	3
CASSTRSQETQYF	TRBV19*01	TRBJ2-5	1
CASSTRSSYEQYF	TRBV19*01	TRBJ2-7	21
CASSTRSTDTQYF	TRBV19*01	TRBJ2-3	1
CASSTRSTGELFF	TRBV19*01	TRBJ2-2	2
CASSTRTDTQYF	TRBV9*01	TRBJ2-3	1
CASSTRTENTEAFF	TRBV11-2*01	TRBJ1-1	1
CASSTRTGGHGYTF	TRBV18*01	TRBJ1-2	1
CASSTRTGRALNEQFF	TRBV13*01	TRBJ2-1	1
CASSTRTSGSNEQFF	TRBV7-8*01	TRBJ2-1	1
CASSTRVINNYGYTF	TRBV2*01	TRBJ1-2	1
CASSTRVPSSYNSPLHF	TRBV4-1*01	TRBJ1-6	1
CASSTSAGQGINEQFF	TRBV13*01	TRBJ2-1	1
CASSTSDEQFF	TRBV13*01	TRBJ2-1	1
CASSTSDEQFF	TRBV7-9*01	TRBJ2-1	1
CASSTSDYGYTF	TRBV9*01	TRBJ1-2	1
CASSTSEGNEKLFF	TRBV6-5*01	TRBJ1-4	1
CASSTSGAGSYEQYF	TRBV4-1*01	TRBJ2-7	1
CASSTSGANQPQHF	TRBV19*01	TRBJ1-5	1
CASSTSGGTYEQYF	TRBV19*01	TRBJ2-7	1
CASSTSGGWYEQYF	TRBV9*01	TRBJ2-7	1
CASSTSGNTGELFF	TRBV7-2*01	TRBJ2-2	1
CASSTSGRALEQYF	TRBV4-3*01	TRBJ2-7	1
CASSTSGRGSSYEQYF	TRBV13*01	TRBJ2-7	1
CASSTSGVLYEQYF	TRBV5-6*01	TRBJ2-7	1
CASSTSGYSSYNEQFF	TRBV9*01	TRBJ2-1	1
CASSTSHVGTEAFF	TRBV6-1*01	TRBJ1-1	1
CASSTSLYSNQPQHF	TRBV19*01	TRBJ1-5	1
CASSTSMNTEAFF	TRBV5-1*01	TRBJ1-1	1
CASSTSNEQPQHF	TRBV19*01	TRBJ1-5	2
CASSTSPRESYGYTF	TRBV11-2*01	TRBJ1-2	1
CASSTSPRGLGTEAFF	TRBV27*01	TRBJ1-1	1
CASSTSQGLLYGYTF	TRBV27*01	TRBJ1-2	1
CASSTSRDTYEQYF	TRBV12-3*01	TRBJ2-7	1
CASSTSRGDTEAFF	TRBV4-1*01	TRBJ1-1	1
CASSTSSYEQYF	TRBV27*01	TRBJ2-7	1
CASSTSSYEQYF	TRBV7-9*01	TRBJ2-7	1
CASSTSSYNEQFF	TRBV27*01	TRBJ2-1	1
CASSTSTGELFF	TRBV9*01	TRBJ2-2	1
CASSTSTGTGYGYTF	TRBV4-1*01	TRBJ1-2	6
CASSTTAGDTEAFF	TRBV6-6*01	TRBJ1-1	126
CASSTTATNTGELFF	TRBV6-1*01	TRBJ2-2	1
CASSTTEETQYF	TRBV7-2*01	TRBJ2-5	1
CASSTTGDEQYF	TRBV4-1*01	TRBJ2-7	1
CASSTTGFSYNEQFF	TRBV7-9*01	TRBJ2-1	1
CASSTTGGADTQYF	TRBV7-6*01	TRBJ2-3	1
CASSTTGGIFEQYF	TRBV19*01	TRBJ2-7	1
CASSTTGGSTEAFF	TRBV5-1*01	TRBJ1-1	1
CASSTTGIGAFF	TRBV19*01	TRBJ1-1	1
CASSTTGPQTPLHF	TRBV11-2*01	TRBJ1-6	2
CASSTTGQVTEAFF	TRBV19*01	TRBJ1-1	1
CASSTTGTPGNTIYF	TRBV19*01	TRBJ1-3	1
CASSTTGTSGDEQFF	TRBV7-8*01	TRBJ2-1	1
CASSTTGTSGLEQFF	TRBV13*01	TRBJ2-1	1
CASSTTGTSPEQFF	TRBV19*01	TRBJ2-1	1
CASSTTGWTEAFF	TRBV7-9*01	TRBJ1-1	1
CASSTTLTSTGELFF	TRBV28*01	TRBJ2-2	1
CASSTTQGIYEQYF	TRBV27*01	TRBJ2-7	1
CASSTTRAPNQPQHF	TRBV4-3*01	TRBJ1-5	1
CASSTTRQGMDYEQYF	TRBV19*01	TRBJ2-7	1
CASSTTRRRGGRGDTQYF	TRBV7-9*01	TRBJ2-3	1
CASSTTRTGDNEQYF	TRBV27*01	TRBJ2-7	1
CASSTTSGPYNEQFF	TRBV12-4*01	TRBJ2-1	1
CASSTTSPAKQGWADTQYF	TRBV19*01	TRBJ2-3	1
CASSTTTSEVLGTQYF	TRBV18*01	TRBJ2-3	1
CASSTTVNTEAFF	TRBV28*01	TRBJ1-1	1
CASSTTVNTEAFF	TRBV6-6*01	TRBJ1-1	3
CASSTTYRGVGEKLFF	TRBV7-2*01	TRBJ1-4	1
CASSTVDRDTEAFF	TRBV7-9*01	TRBJ1-1	1
CASSTVDRGLGNTEAFF	TRBV7-9*01	TRBJ1-1	1
CASSTVGGWDEQYF	TRBV27*01	TRBJ2-7	1
CASSTVRRNGPANTEAFF	TRBV6-3*01	TRBJ1-1	1
CASSTWETGTDTQYF	TRBV7-9*01	TRBJ2-3	1
CASSTWRTTDTQYF	TRBV5-8*01	TRBJ2-3	1
CASSTWTGGYEQYF	TRBV4-2*01	TRBJ2-7	1
CASSTWTGLSYEQYF	TRBV27*01	TRBJ2-7	1
CASSTYASGAISYEQYF	TRBV6-5*01	TRBJ2-7	1
CASSTYDRGQETQYF	TRBV7-9*01	TRBJ2-5	1
CASSTYNEQFF	TRBV28*01	TRBJ2-1	1
CASSTYSIDTQYF	TRBV19*01	TRBJ2-3	1
CASSTYTEFFF	TRBV7-9*01	TRBJ2-3	1
CASSVAADTQYF	TRBV9*01	TRBJ2-3	1
CASSVAAGDQPQHF	TRBV9*01	TRBJ1-5	1
CASSVAASGSYEQYF	TRBV9*01	TRBJ2-7	1
CASSVADNQPQHF	TRBV9*01	TRBJ1-5	2
CASSVAERNYGYTF	TRBV9*01	TRBJ1-2	1
CASSVAETGGYNEQFF	TRBV9*01	TRBJ2-1	1
CASSVAFGTEAFF	TRBV9*01	TRBJ1-1	1
CASSVAGAGVADTQYF	TRBV9*01	TRBJ2-3	1
CASSVAGANTGELFF	TRBV9*01	TRBJ2-2	1
CASSVAGANVLTF	TRBV12-4*01	TRBJ2-6	1
CASSVAGAQETQYF	TRBV9*01	TRBJ2-5	2
CASSVAGDTYEQYF	TRBV9*01	TRBJ2-7	1
CASSVAGDVSETQYF	TRBV9*01	TRBJ2-5	1
CASSVAGELFF	TRBV9*01	TRBJ2-2	1
CASSVAGEQFF	TRBV9*01	TRBJ2-1	1
CASSVAGGANSPLHF	TRBV9*01	TRBJ1-6	1
CASSVAGGEDTQYF	TRBV9*01	TRBJ2-3	1
CASSVAGGGKYNEQFF	TRBV9*01	TRBJ2-1	1
CASSVAGGGRYNEQFF	TRBV9*01	TRBJ2-1	1
CASSVAGGIGNEQFF	TRBV9*01	TRBJ2-1	1
CASSVAGGSYEQYF	TRBV9*01	TRBJ2-7	1
CASSVAGGSYGYTF	TRBV18*01	TRBJ1-2	1
CASSVAGGWTEAFF	TRBV9*01	TRBJ1-1	1
CASSVAGISETQYF	TRBV27*01	TRBJ2-5	1
CASSVAGLRDEQFF	TRBV9*01	TRBJ2-1	1
CASSVAGNQPQHF	TRBV9*01	TRBJ1-5	1
CASSVAGQDTDTQYF	TRBV9*01	TRBJ2-3	1
CASSVAGQGVNEQYF	TRBV9*01	TRBJ2-7	1
CASSVAGRGGNEQYF	TRBV9*01	TRBJ2-7	1
CASSVAGRGPQHF	TRBV9*01	TRBJ1-5	1
CASSVAGRYEQYF	TRBV10-2*01	TRBJ2-7	1
CASSVAGSIYEQYF	TRBV6-5*01	TRBJ2-7	1
CASSVAGSSTDTQYF	TRBV9*01	TRBJ2-3	1
CASSVAGTEAFF	TRBV9*01	TRBJ1-1	1
CASSVAGTNPTDTQYF	TRBV9*01	TRBJ2-3	1
CASSVAGTSGYEQYF	TRBV9*01	TRBJ2-7	1
CASSVAGTTDTQYF	TRBV9*01	TRBJ2-3	1
CASSVAGTVHNEQFF	TRBV9*01	TRBJ2-1	1
CASSVAGVFYEQYF	TRBV27*01	TRBJ2-7	1
CASSVAGVGPYEQYF	TRBV7-8*01	TRBJ2-7	1
CASSVAHLINEQFF	TRBV9*01	TRBJ2-1	1
CASSVALGANYGYTF	TRBV9*01	TRBJ1-2	1
CASSVANTGELFF	TRBV9*01	TRBJ2-2	1
CASSVANTQYF	TRBV9*01	TRBJ2-3	1
CASSVAPAGGSSYNEQFF	TRBV9*01	TRBJ2-1	1
CASSVAPDTQYF	TRBV9*01	TRBJ2-3	1
CASSVAPGEYEQYF	TRBV9*01	TRBJ2-7	1
CASSVAPSEARNTGELFF	TRBV9*01	TRBJ2-2	1
CASSVARTSNEQYF	TRBV9*01	TRBJ2-7	1
CASSVASDLRTDTQYF	TRBV9*01	TRBJ2-3	1
CASSVASGGYTGELFF	TRBV9*01	TRBJ2-2	1
CASSVASGSYEQYF	TRBV9*01	TRBJ2-7	1
CASSVASNQPQHF	TRBV9*01	TRBJ1-5	15
CASSVASSGYEQYF	TRBV9*01	TRBJ2-7	1
CASSVASSYNEQFF	TRBV9*01	TRBJ2-1	1
CASSVATDHTEAFF	TRBV9*01	TRBJ1-1	1
CASSVATGEKLFF	TRBV9*01	TRBJ1-4	1
CASSVATGGADGELFF	TRBV9*01	TRBJ2-2	1
CASSVATGGGNIQYF	TRBV9*01	TRBJ2-4	1
CASSVATTSGSSETQYF	TRBV9*01	TRBJ2-5	1
CASSVATTSYEQYF	TRBV9*01	TRBJ2-7	1
CASSVATWSEQFF	TRBV9*01	TRBJ2-1	1
CASSVAVAPDTQYF	TRBV9*01	TRBJ2-3	1
CASSVAVQREGPDTQYF	TRBV9*01	TRBJ2-3	1
CASSVAVVGANTGELFF	TRBV9*01	TRBJ2-2	1
CASSVAWGGHYEQYF	TRBV9*01	TRBJ2-7	1
CASSVAWNYNEQFF	TRBV9*01	TRBJ2-1	1
CASSVAYYLGENTGELFF	TRBV9*01	TRBJ2-2	1
CASSVDAGGGTEAFF	TRBV9*01	TRBJ1-1	1
CASSVDAGTGNIQYF	TRBV7-2*01	TRBJ2-4	1
CASSVDALSSYEQYF	TRBV9*01	TRBJ2-7	1
CASSVDASGDYEQYF	TRBV9*01	TRBJ2-7	1
CASSVDDSFYTGELFF	TRBV9*01	TRBJ2-2	1
CASSVDDYGYTF	TRBV9*01	TRBJ1-2	1
CASSVDFETQYF	TRBV9*01	TRBJ2-5	1
CASSVDFGSGGGDTQYF	TRBV9*01	TRBJ2-3	1
CASSVDGAGYEQYF	TRBV9*01	TRBJ2-7	1
CASSVDGDTSTDTQYF	TRBV9*01	TRBJ2-3	29
CASSVDGEETQYF	TRBV9*01	TRBJ2-5	1
CASSVDGGAVYGYTF	TRBV9*01	TRBJ1-2	3
CASSVDGGDPPWELFF	TRBV9*01	TRBJ2-2	1
CASSVDGGQPQHF	TRBV9*01	TRBJ1-5	1
CASSVDGGTYNEQFF	TRBV9*01	TRBJ2-1	1
CASSVDGGYTF	TRBV9*01	TRBJ1-2	1
CASSVDGKTEQYF	TRBV9*01	TRBJ2-7	1
CASSVDGLAGDEQYF	TRBV9*01	TRBJ2-7	1
CASSVDGLRF	TRBV9*01	TRBJ1-4	1
CASSVDGREDYGYTF	TRBV9*01	TRBJ1-2	1
CASSVDGRGNYGYTF	TRBV9*01	TRBJ1-2	1
CASSVDGRVGNTIYF	TRBV9*01	TRBJ1-3	1
CASSVDGRYNEQFF	TRBV9*01	TRBJ2-1	1
CASSVDGSSYGYTF	TRBV9*01	TRBJ1-2	1
CASSVDGTLNTEAFF	TRBV9*01	TRBJ1-1	1
CASSVDGTLVDTQYF	TRBV28*01	TRBJ2-3	1
CASSVDGTNEQFF	TRBV9*01	TRBJ2-1	1
CASSVDGTRPQHF	TRBV9*01	TRBJ1-5	1
CASSVDGVIPDTQYF	TRBV10-2*01	TRBJ2-3	1
CASSVDGVTDTQYF	TRBV9*01	TRBJ2-3	1
CASSVDLGGETQYF	TRBV9*01	TRBJ2-5	1
CASSVDLTSGTTGELFF	TRBV9*01	TRBJ2-2	1
CASSVDLYEEGPYNEQFF	TRBV9*01	TRBJ2-1	1
CASSVDNEQFF	TRBV9*01	TRBJ2-1	1
CASSVDNGATYEQYF	TRBV9*01	TRBJ2-7	1
CASSVDPAQETQYF	TRBV9*01	TRBJ2-5	3
CASSVDPGELFF	TRBV9*01	TRBJ2-2	1
CASSVDPGQPPYGYTF	TRBV9*01	TRBJ1-2	1
CASSVDPHEQFF	TRBV9*01	TRBJ2-1	1
CASSVDPLGSGANVLTF	TRBV9*01	TRBJ2-6	1
CASSVDPRTAGWETQYF	TRBV9*01	TRBJ2-5	1
CASSVDPTSGEGETQYF	TRBV9*01	TRBJ2-5	1
CASSVDRGASTF	TRBV28*01	TRBJ1-2	1
CASSVDRGDGELFF	TRBV9*01	TRBJ2-2	1
CASSVDRGKLQETQYF	TRBV9*01	TRBJ2-5	1
CASSVDRGQTEAFF	TRBV6-3*01	TRBJ1-1	1
CASSVDRIVEQFF	TRBV9*01	TRBJ2-1	1
CASSVDRNTEAFF	TRBV7-6*01	TRBJ1-1	1
CASSVDSGAGTEAFF	TRBV9*01	TRBJ1-1	1
CASSVDSGSDYEQYF	TRBV9*01	TRBJ2-7	1
CASSVDSGSGYEQYF	TRBV9*01	TRBJ2-7	1
CASSVDSRSKEPTYEQYF	TRBV9*01	TRBJ2-7	1
CASSVDSSLRAGYTF	TRBV9*01	TRBJ1-2	1
CASSVDSTSGRYEQYF	TRBV9*01	TRBJ2-7	1
CASSVDSYNSPLHF	TRBV9*01	TRBJ1-6	1
CASSVDSYSNQPQHF	TRBV7-8*01	TRBJ1-5	1
CASSVDSYSYEQYF	TRBV9*01	TRBJ2-7	1
CASSVDTYNEQFF	TRBV9*01	TRBJ2-1	1
CASSVDVAGGVYEQYF	TRBV9*01	TRBJ2-7	1
CASSVDVAYEQYF	TRBV9*01	TRBJ2-7	1
CASSVDVFTNNEQFF	TRBV9*01	TRBJ2-1	13
CASSVDVSSGNTIYF	TRBV9*01	TRBJ1-3	1
CASSVDVTAFTDTQYF	TRBV9*01	TRBJ2-3	1
CASSVDVTDTQYF	TRBV9*01	TRBJ2-3	1
CASSVDWSGPGNTGELFF	TRBV9*01	TRBJ2-2	1
CASSVDYREDYGYTF	TRBV9*01	TRBJ1-2	1
CASSVEAGASSGNTIYF	TRBV9*01	TRBJ1-3	1
CASSVEAGPYEQYF	TRBV9*01	TRBJ2-7	1
CASSVEAGTYEQYF	TRBV9*01	TRBJ2-7	1
CASSVEASGERWLFF	TRBV9*01	TRBJ2-1	2
CASSVEASGTTDTQYF	TRBV9*01	TRBJ2-3	1
CASSVEDLGGNEQFF	TRBV9*01	TRBJ2-1	1
CASSVEDRWGGYTF	TRBV5-1*01	TRBJ1-2	1
CASSVEEETQYF	TRBV9*01	TRBJ2-5	1
CASSVEEGGPTDTQYF	TRBV9*01	TRBJ2-3	3
CASSVEERGGGANEQFF	TRBV9*01	TRBJ2-1	1
CASSVEERGGYNEQFF	TRBV9*01	TRBJ2-1	1
CASSVEETGGRDEQFF	TRBV9*01	TRBJ2-1	1
CASSVEGAGDTQYF	TRBV9*01	TRBJ2-3	1
CASSVEGGGTDTQYF	TRBV9*01	TRBJ2-3	1
CASSVEGGNSPLHF	TRBV9*01	TRBJ1-6	1
CASSVEGGRYQETQYF	TRBV9*01	TRBJ2-5	1
CASSVEGKGTDTQYF	TRBV9*01	TRBJ2-3	1
CASSVEGLAYEQYF	TRBV9*01	TRBJ2-7	1
CASSVEGLGTEAFF	TRBV9*01	TRBJ1-1	1
CASSVEGLKETQYF	TRBV9*01	TRBJ2-5	1
CASSVEGNDGYTF	TRBV9*01	TRBJ1-2	1
CASSVEGNEQFF	TRBV9*01	TRBJ2-1	1
CASSVEGQGAGNTIYF	TRBV9*01	TRBJ1-3	1
CASSVEGQGFHSPLHF	TRBV9*01	TRBJ1-6	1
CASSVEGQGLYYGYTF	TRBV9*01	TRBJ1-2	1
CASSVEGRGGDEQYF	TRBV9*01	TRBJ2-7	1
CASSVEGRTVGNTIYF	TRBV9*01	TRBJ1-3	1
CASSVEGSGRNNEQFF	TRBV9*01	TRBJ2-1	1
CASSVEGSGTEAFF	TRBV9*01	TRBJ1-1	1
CASSVEGSPSYNEQFF	TRBV9*01	TRBJ2-1	1
CASSVEGSTDTQYF	TRBV9*01	TRBJ2-3	1
CASSVEGTDTQYF	TRBV9*01	TRBJ2-3	1
CASSVEGTGDEQYF	TRBV9*01	TRBJ2-7	1
CASSVEGTGSEQYF	TRBV9*01	TRBJ2-7	1
CASSVEGTGVSYEQYF	TRBV9*01	TRBJ2-7	1
CASSVEGTSYEQYF	TRBV9*01	TRBJ2-7	1
CASSVEGVGTSTDTQYF	TRBV9*01	TRBJ2-3	56
CASSVEGVNTEAFF	TRBV9*01	TRBJ1-1	1
CASSVEGYRGETQYF	TRBV9*01	TRBJ2-5	1
CASSVEGYTNEKLFF	TRBV9*01	TRBJ1-4	1
CASSVEIRGPPYEQYF	TRBV9*01	TRBJ2-7	1
CASSVEKRLNTEAFF	TRBV9*01	TRBJ1-1	1
CASSVEPASGYEQYF	TRBV9*01	TRBJ2-7	1
CASSVEPGAYEQYF	TRBV9*01	TRBJ2-7	1
CASSVEPGRFNTEAFF	TRBV9*01	TRBJ1-1	1
CASSVEQGNEQFF	TRBV9*01	TRBJ2-1	1
CASSVEQGPGYNEQFF	TRBV9*01	TRBJ2-1	1
CASSVEQNYGYTF	TRBV9*01	TRBJ1-2	1
CASSVEQTNTEAFF	TRBV9*01	TRBJ1-1	1
CASSVERDDTQYF	TRBV9*01	TRBJ2-3	1
CASSVEREGTLQDTQYF	TRBV9*01	TRBJ2-3	1
CASSVERLTGSGANVLTF	TRBV9*01	TRBJ2-6	1
CASSVERNEQFF	TRBV9*01	TRBJ2-1	1
CASSVERSGGSSYNEQFF	TRBV9*01	TRBJ2-1	1
CASSVERTGLAGDYNEQFF	TRBV9*01	TRBJ2-1	1
CASSVERTSGGNNEQFF	TRBV9*01	TRBJ2-1	1
CASSVESGEYEKLFF	TRBV9*01	TRBJ1-4	1
CASSVESGSAYEQYF	TRBV9*01	TRBJ2-7	1
CASSVESKYEPQYF	TRBV9*01	TRBJ2-7	1
CASSVESLRGYTF	TRBV9*01	TRBJ1-2	1
CASSVESSGSAADTQYF	TRBV9*01	TRBJ2-3	1
CASSVESSRVHTDTQYF	TRBV9*01	TRBJ2-3	1
CASSVETGGPDTQYF	TRBV9*01	TRBJ2-3	1
CASSVFAELNTEAFF	TRBV9*01	TRBJ1-1	1
CASSVFDRVRMNTEAFF	TRBV9*01	TRBJ1-1	1
CASSVFGGGETQYF	TRBV7-3*01	TRBJ2-5	1
CASSVFGGSSYEQYF	TRBV6-1*01	TRBJ2-7	1
CASSVFGNRGHEQYF	TRBV9*01	TRBJ2-7	1
CASSVFSSNTEAFF	TRBV9*01	TRBJ1-1	1
CASSVGADPPNTEAFF	TRBV9*01	TRBJ1-1	1
CASSVGADSEETQYF	TRBV9*01	TRBJ2-5	1
CASSVGAELSTDTQYF	TRBV6-4*01	TRBJ2-3	1
CASSVGAGDTYEQYF	TRBV9*01	TRBJ2-7	1
CASSVGAGLSSYEQYF	TRBV9*01	TRBJ2-7	1
CASSVGAGLYGYTF	TRBV9*01	TRBJ1-2	1
CASSVGAGPIEGNEQFF	TRBV9*01	TRBJ2-1	1
CASSVGAGSGQPQHF	TRBV9*01	TRBJ1-5	1
CASSVGAGTTEAFF	TRBV9*01	TRBJ1-1	1
CASSVGAGTTYEQYF	TRBV9*01	TRBJ2-7	1
CASSVGALGETQYF	TRBV9*01	TRBJ2-5	1
CASSVGARGSVNTEAFF	TRBV9*01	TRBJ1-1	1
CASSVGASGSLEQFF	TRBV9*01	TRBJ2-1	1
CASSVGDFRELFF	TRBV9*01	TRBJ2-2	1
CASSVGDFTKYEQYF	TRBV25-1*01	TRBJ2-7	1
CASSVGDNYEQYF	TRBV9*01	TRBJ2-7	1
CASSVGDPPNEQFF	TRBV9*01	TRBJ2-1	1
CASSVGDRGSTEAFF	TRBV25-1*01	TRBJ1-1	1
CASSVGDRTVEQYF	TRBV9*01	TRBJ2-7	1
CASSVGDRVADTQYF	TRBV9*01	TRBJ2-3	1
CASSVGDSDTDTQYF	TRBV9*01	TRBJ2-3	1
CASSVGDSGTDTQYF	TRBV9*01	TRBJ2-3	1
CASSVGDSNQPQHF	TRBV9*01	TRBJ1-5	1
CASSVGDSSYEQYF	TRBV9*01	TRBJ2-7	1
CASSVGDTEGTDTQYF	TRBV5-4*01	TRBJ2-3	1
CASSVGDTGELFF	TRBV11-1*01	TRBJ2-2	1
CASSVGEDTQYF	TRBV9*01	TRBJ2-3	1
CASSVGEITPLHF	TRBV9*01	TRBJ1-6	1
CASSVGEPLQETQYF	TRBV9*01	TRBJ2-5	1
CASSVGETQYF	TRBV27*01	TRBJ2-5	1
CASSVGETQYF	TRBV9*01	TRBJ2-5	1
CASSVGETSAWDEQYF	TRBV9*01	TRBJ2-7	1
CASSVGEVATDTQYF	TRBV9*01	TRBJ2-3	1
CASSVGEVPGNTIYF	TRBV9*01	TRBJ1-3	1
CASSVGEVSSGNTIYF	TRBV9*01	TRBJ1-3	1
CASSVGFNQPQHF	TRBV25-1*01	TRBJ1-5	1
CASSVGGAGGFYNEQFF	TRBV9*01	TRBJ2-1	1
CASSVGGANVLTF	TRBV9*01	TRBJ2-6	1
CASSVGGAQGVYSGELFF	TRBV5-6*01	TRBJ2-2	1
CASSVGGATEAFF	TRBV9*01	TRBJ1-1	1
CASSVGGATTIYF	TRBV9*01	TRBJ1-3	1
CASSVGGDEQFF	TRBV9*01	TRBJ2-1	1
CASSVGGDPGELFF	TRBV9*01	TRBJ2-2	1
CASSVGGDTGELFF	TRBV9*01	TRBJ2-2	1
CASSVGGDTYEQYF	TRBV9*01	TRBJ2-7	1
CASSVGGEETQYF	TRBV9*01	TRBJ2-5	1
CASSVGGEQETQYF	TRBV9*01	TRBJ2-5	3
CASSVGGGDISTDTQYF	TRBV9*01	TRBJ2-3	1
CASSVGGGDNYGYTF	TRBV9*01	TRBJ1-2	1
CASSVGGGEAEKLFF	TRBV9*01	TRBJ1-4	1
CASSVGGGELFF	TRBV9*01	TRBJ2-2	1
CASSVGGGEQFF	TRBV7-2*01	TRBJ2-1	1
CASSVGGGNQPQHF	TRBV9*01	TRBJ1-5	1
CASSVGGGNTEAFF	TRBV9*01	TRBJ1-1	1
CASSVGGGPEETQYF	TRBV9*01	TRBJ2-5	1
CASSVGGGQETQYF	TRBV9*01	TRBJ2-5	2
CASSVGGGRDSPLHF	TRBV9*01	TRBJ1-6	1
CASSVGGGRSYEQYF	TRBV9*01	TRBJ2-7	1
CASSVGGGSNEQFF	TRBV6-4*01	TRBJ2-1	1
CASSVGGGSPETQYF	TRBV9*01	TRBJ2-5	1
CASSVGGGTDTQYF	TRBV9*01	TRBJ2-3	1
CASSVGGGTEAFF	TRBV9*01	TRBJ1-1	10
CASSVGGGTEQFF	TRBV9*01	TRBJ2-1	1
CASSVGGGTGFGEQYF	TRBV9*01	TRBJ2-7	1
CASSVGGGVSGELFF	TRBV9*01	TRBJ2-2	1
CASSVGGHNEQFF	TRBV9*01	TRBJ2-1	1
CASSVGGLAGYNEQFF	TRBV9*01	TRBJ2-1	1
CASSVGGMETQYF	TRBV9*01	TRBJ2-5	1
CASSVGGNGSPNYGYTF	TRBV9*01	TRBJ1-2	1
CASSVGGNSYEQYF	TRBV9*01	TRBJ2-7	1
CASSVGGPPPDTQYF	TRBV28*01	TRBJ2-3	1
CASSVGGPQLSYEQYF	TRBV9*01	TRBJ2-7	1
CASSVGGPSSYEQYF	TRBV9*01	TRBJ2-7	1
CASSVGGPTYEQYF	TRBV9*01	TRBJ2-7	1
CASSVGGPYEQYF	TRBV9*01	TRBJ2-7	1
CASSVGGREDNEQFF	TRBV9*01	TRBJ2-1	1
CASSVGGRGDTQYF	TRBV9*01	TRBJ2-3	1
CASSVGGRTEAFF	TRBV9*01	TRBJ1-1	1
CASSVGGRTGELFF	TRBV9*01	TRBJ2-2	1
CASSVGGSGELFF	TRBV9*01	TRBJ2-2	1
CASSVGGSGEQYF	TRBV9*01	TRBJ2-7	1
CASSVGGSGREQYF	TRBV9*01	TRBJ2-7	1
CASSVGGSGYEQYF	TRBV9*01	TRBJ2-7	1
CASSVGGSPDEQYF	TRBV9*01	TRBJ2-7	1
CASSVGGSSYNEQFF	TRBV9*01	TRBJ2-1	1
CASSVGGTDTQYF	TRBV6-1*01	TRBJ2-3	1
CASSVGGTDTQYF	TRBV9*01	TRBJ2-3	1
CASSVGGTGDYEQYF	TRBV4-1*01	TRBJ2-7	1
CASSVGGTGELFF	TRBV9*01	TRBJ2-2	3
CASSVGGTGVYEQYF	TRBV9*01	TRBJ2-7	1
CASSVGGTNAQEAFF	TRBV9*01	TRBJ1-1	1
CASSVGGTPGETQYF	TRBV9*01	TRBJ2-5	1
CASSVGGTQSTDTQYF	TRBV9*01	TRBJ2-3	1
CASSVGGTSTDTQYF	TRBV9*01	TRBJ2-3	1
CASSVGGVSPLHF	TRBV9*01	TRBJ1-6	2
CASSVGGVSYNEQFF	TRBV6-4*01	TRBJ2-1	1
CASSVGGYSYEQYF	TRBV9*01	TRBJ2-7	1
CASSVGGYTEAFF	TRBV6-3*01	TRBJ1-1	1
CASSVGHTEAFF	TRBV9*01	TRBJ1-1	1
CASSVGIAASYEQYF	TRBV9*01	TRBJ2-7	1
CASSVGIRDTEAFF	TRBV9*01	TRBJ1-1	1
CASSVGLAATNEQFF	TRBV9*01	TRBJ2-1	1
CASSVGLAGDNEQFF	TRBV19*01	TRBJ2-1	2
CASSVGLAGGPYEQYF	TRBV18*01	TRBJ2-7	1
CASSVGLAGGYEQFF	TRBV9*01	TRBJ2-1	1
CASSVGLAGPAVQETQYF	TRBV9*01	TRBJ2-5	1
CASSVGLAGSNEQFF	TRBV9*01	TRBJ2-1	1
CASSVGLGQPQHF	TRBV12-4*01	TRBJ1-5	1
CASSVGLHNSPLHF	TRBV9*01	TRBJ1-6	1
CASSVGLNTEAFF	TRBV9*01	TRBJ1-1	1
CASSVGLRGGDNSPLHF	TRBV9*01	TRBJ1-6	1
CASSVGLRSEQFF	TRBV9*01	TRBJ2-1	1
CASSVGLSSYNEQFF	TRBV5-1*01	TRBJ2-1	1
CASSVGLSYEQYF	TRBV9*01	TRBJ2-7	1
CASSVGLYGYTF	TRBV19*01	TRBJ1-2	1
CASSVGNPADEQFF	TRBV9*01	TRBJ2-1	1
CASSVGNRGRGEQYF	TRBV9*01	TRBJ2-7	1
CASSVGNTDTQYF	TRBV9*01	TRBJ2-3	1
CASSVGNTEAFF	TRBV9*01	TRBJ1-1	1
CASSVGNTNNEQFF	TRBV9*01	TRBJ2-1	1
CASSVGPALQETQYF	TRBV19*01	TRBJ2-5	1
CASSVGPDYNSPLHF	TRBV9*01	TRBJ1-6	1
CASSVGPGNEQFF	TRBV12-3*01	TRBJ2-1	1
CASSVGPLEAFSYEQYF	TRBV9*01	TRBJ2-7	1
CASSVGPMNTEAFF	TRBV9*01	TRBJ1-1	1
CASSVGPNQPQHF	TRBV9*01	TRBJ1-5	1
CASSVGQASSYEQYF	TRBV5-6*01	TRBJ2-7	1
CASSVGQATEAFF	TRBV7-7*01	TRBJ1-1	1
CASSVGQATNEKLFF	TRBV9*01	TRBJ1-4	1
CASSVGQDNSPLHF	TRBV9*01	TRBJ1-6	1
CASSVGQGADTQYF	TRBV5-1*01	TRBJ2-3	1
CASSVGQGAYEQYF	TRBV9*01	TRBJ2-7	1
CASSVGQGGTDTQYF	TRBV9*01	TRBJ2-3	1
CASSVGQGGTEAFF	TRBV9*01	TRBJ1-1	1
CASSVGQGNTYEQYF	TRBV9*01	TRBJ2-7	1
CASSVGQGQETQYF	TRBV9*01	TRBJ2-5	1
CASSVGQGRGYTF	TRBV9*01	TRBJ1-2	1
CASSVGQGVGGNTIYF	TRBV9*01	TRBJ1-3	1
CASSVGQGVRSFF	TRBV6-5*01	TRBJ1-1	1
CASSVGQMNTEAFF	TRBV9*01	TRBJ1-1	1
CASSVGQVFYSGTF	TRBV9*01	TRBJ1-2	39
CASSVGREWTGELFF	TRBV9*01	TRBJ2-2	1
CASSVGRGIDTQYF	TRBV9*01	TRBJ2-3	1
CASSVGRGRLGNSPLHF	TRBV9*01	TRBJ1-6	1
CASSVGRQGYEQYF	TRBV9*01	TRBJ2-7	1
CASSVGRSSYEQYF	TRBV19*01	TRBJ2-7	1
CASSVGRTPNTEAFF	TRBV9*01	TRBJ1-1	1
CASSVGRTPTLSEQYF	TRBV9*01	TRBJ2-7	1
CASSVGRTYEQYF	TRBV2*01	TRBJ2-7	1
CASSVGSANYEQYF	TRBV9*01	TRBJ2-7	1
CASSVGSANYGYTF	TRBV9*01	TRBJ1-2	1
CASSVGSDTQYF	TRBV9*01	TRBJ2-3	1
CASSVGSEAFF	TRBV5-4*01	TRBJ1-1	1
CASSVGSGAGTEAFF	TRBV9*01	TRBJ1-1	1
CASSVGSGNMLYPGELFF	TRBV9*01	TRBJ2-2	1
CASSVGSGPVEQYF	TRBV9*01	TRBJ2-7	1
CASSVGSGQPQHF	TRBV9*01	TRBJ1-5	1
CASSVGSGRDQPQHF	TRBV9*01	TRBJ1-5	1
CASSVGSHSGNTIYF	TRBV9*01	TRBJ1-3	1
CASSVGSNYEQYF	TRBV13*01	TRBJ2-7	1
CASSVGSQNPYEQYF	TRBV9*01	TRBJ2-7	1
CASSVGSSGIYGELFF	TRBV9*01	TRBJ2-2	1
CASSVGSSPVEEKLFF	TRBV9*01	TRBJ1-4	1
CASSVGSSSYEQYF	TRBV9*01	TRBJ2-7	1
CASSVGSTWEQFF	TRBV9*01	TRBJ2-1	1
CASSVGSTYEQYF	TRBV9*01	TRBJ2-7	1
CASSVGSYGYTF	TRBV19*01	TRBJ1-2	1
CASSVGTGDAHEQYF	TRBV11-3*01	TRBJ2-7	1
CASSVGTGELFF	TRBV9*01	TRBJ2-2	1
CASSVGTGGYEQYF	TRBV9*01	TRBJ2-7	1
CASSVGTGNNEQFF	TRBV6-1*01	TRBJ2-1	1
CASSVGTGNYGYTF	TRBV9*01	TRBJ1-2	1
CASSVGTGSNQPQHF	TRBV9*01	TRBJ1-5	1
CASSVGTGSSYEQYF	TRBV6-1*01	TRBJ2-7	1
CASSVGTGTNYNEQFF	TRBV9*01	TRBJ2-1	1
CASSVGTGYGYTF	TRBV5-4*01	TRBJ1-2	1
CASSVGTGYNEQFF	TRBV9*01	TRBJ2-1	1
CASSVGTNQPQHF	TRBV9*01	TRBJ1-5	1
CASSVGTSGRGKQYF	TRBV9*01	TRBJ2-3	1
CASSVGTSGYEQYF	TRBV9*01	TRBJ2-7	1
CASSVGTSSYEQYF	TRBV9*01	TRBJ2-7	1
CASSVGTSTYEQYF	TRBV9*01	TRBJ2-7	1
CASSVGTTGADTQYF	TRBV9*01	TRBJ2-3	1
CASSVGVAGAGETQYF	TRBV9*01	TRBJ2-5	1
CASSVGVAYGYTF	TRBV9*01	TRBJ1-2	1
CASSVGVDGGNTIYF	TRBV9*01	TRBJ1-3	1
CASSVGVGEQFF	TRBV9*01	TRBJ2-1	1
CASSVGVGRPNEQFF	TRBV9*01	TRBJ2-1	1
CASSVGVLAGNEQFF	TRBV9*01	TRBJ2-1	1
CASSVGVSGGLDDEQYF	TRBV9*01	TRBJ2-7	1
CASSVGVTTNEKLFF	TRBV25-1*01	TRBJ1-4	1
CASSVGWAEETQYF	TRBV9*01	TRBJ2-5	1
CASSVGWPYYNEQFF	TRBV7-2*01	TRBJ2-1	1
CASSVGWVGDTQYF	TRBV9*01	TRBJ2-3	1
CASSVGYNEQFF	TRBV7-9*01	TRBJ2-1	1
CASSVGYNEQFF	TRBV9*01	TRBJ2-1	1
CASSVGYPYNEQFF	TRBV9*01	TRBJ2-1	1
CASSVHGAQPQHF	TRBV19*01	TRBJ1-5	1
CASSVHGGANTEAFF	TRBV19*01	TRBJ1-1	1
CASSVHKAETNTGELFF	TRBV9*01	TRBJ2-2	1
CASSVHRGSGGELFF	TRBV11-3*01	TRBJ2-2	1
CASSVHSPLNNEQFF	TRBV5-5*01	TRBJ2-1	1
CASSVIGGADKPQHF	TRBV4-1*01	TRBJ1-5	1
CASSVISGGEQYF	TRBV9*01	TRBJ2-7	1
CASSVIVNNEQFF	TRBV7-3*01	TRBJ2-1	1
CASSVKGGPDTQYF	TRBV9*01	TRBJ2-3	1
CASSVKNTEAFF	TRBV5-4*01	TRBJ1-1	1
CASSVKTGAGREQYF	TRBV19*01	TRBJ2-7	2
CASSVKTSGSGDEQFF	TRBV2*01	TRBJ2-1	1
CASSVLAGPYSGANVLTF	TRBV9*01	TRBJ2-6	1
CASSVLAGSYEQYF	TRBV7-8*01	TRBJ2-7	1
CASSVLAGYTDTQYF	TRBV13*01	TRBJ2-3	1
CASSVLDRGQHTEAFF	TRBV28*01	TRBJ1-1	1
CASSVLENNEQFF	TRBV9*01	TRBJ2-1	1
CASSVLGGQETQYF	TRBV27*01	TRBJ2-5	1
CASSVLGGSGDEQYF	TRBV5-1*01	TRBJ2-7	1
CASSVLGLGNQPQHF	TRBV7-2*01	TRBJ1-5	1
CASSVLGRGGANTGELFF	TRBV9*01	TRBJ2-2	1
CASSVLGSPLHF	TRBV9*01	TRBJ1-6	1
CASSVLGYSDNEQFF	TRBV9*01	TRBJ2-1	1
CASSVLKNTEAFF	TRBV9*01	TRBJ1-1	1
CASSVLNQETQYF	TRBV2*01	TRBJ2-5	1
CASSVLPGLAGVEQYF	TRBV9*01	TRBJ2-7	1
CASSVLQVAGEYEQYF	TRBV9*01	TRBJ2-7	1
CASSVLRGNPYNEQFF	TRBV27*01	TRBJ2-1	1
CASSVLVRGEETQYF	TRBV9*01	TRBJ2-5	1
CASSVLYLNEQFF	TRBV7-6*01	TRBJ2-1	27
CASSVMGQGYEQYF	TRBV19*01	TRBJ2-7	1
CASSVMLDSPLHF	TRBV9*01	TRBJ1-6	8
CASSVNLGTDTQYF	TRBV9*01	TRBJ2-3	1
CASSVNRSPSGANVLTF	TRBV9*01	TRBJ2-6	1
CASSVNSDPDTQYF	TRBV27*01	TRBJ2-3	1
CASSVPGLAGGDNEQFF	TRBV9*01	TRBJ2-1	1
CASSVPGNTIYF	TRBV9*01	TRBJ1-3	1
CASSVPGQASTGSYNEQFF	TRBV9*01	TRBJ2-1	1
CASSVPGQGSSGNTIYF	TRBV19*01	TRBJ1-3	1
CASSVPNPRPAKSGANVLTF	TRBV21-1*01	TRBJ2-6	2
CASSVPNRGHAIDGELFF	TRBV9*01	TRBJ2-2	1
CASSVPPIRVSPSGANVLTF	TRBV11-2*01	TRBJ2-6	1
CASSVPRDSSSTDTQYF	TRBV28*01	TRBJ2-3	1
CASSVPREGELFF	TRBV9*01	TRBJ2-2	1
CASSVPRGQGWDEQFF	TRBV2*01	TRBJ2-1	1
CASSVPTSGRDTQYF	TRBV9*01	TRBJ2-3	1
CASSVQAGGYGYTF	TRBV9*01	TRBJ1-2	2
CASSVQFSGQRNNEQFF	TRBV9*01	TRBJ2-1	1
CASSVQGLSFVNNEQFF	TRBV5-1*01	TRBJ2-1	1
CASSVQGQGPGELFF	TRBV13*01	TRBJ2-2	1
CASSVQGSGSVGQFF	TRBV9*01	TRBJ2-1	1
CASSVQGSGTDTQYF	TRBV9*01	TRBJ2-3	1
CASSVQGSHEQYF	TRBV6-1*01	TRBJ2-7	1
CASSVQGSTEAFF	TRBV7-9*01	TRBJ1-1	1
CASSVQGTGGNTIYF	TRBV9*01	TRBJ1-3	1
CASSVQGVLNTEAFF	TRBV19*01	TRBJ1-1	1
CASSVQGWNQPQHF	TRBV2*01	TRBJ1-5	1
CASSVQNEQFF	TRBV9*01	TRBJ2-1	1
CASSVQPGYGYTF	TRBV10-1*01	TRBJ1-2	1
CASSVRAGETQYF	TRBV19*01	TRBJ2-5	2
CASSVRAGGFLYNEQFF	TRBV9*01	TRBJ2-1	1
CASSVRDGTNEQFF	TRBV9*01	TRBJ2-1	1
CASSVRDGYGYTF	TRBV9*01	TRBJ1-2	1
CASSVRDRPYNEQFF	TRBV5-6*01	TRBJ2-1	1
CASSVRDSILPSGANVLTF	TRBV9*01	TRBJ2-6	1
CASSVREMVDTQYF	TRBV28*01	TRBJ2-3	1
CASSVRGAPGQPQHF	TRBV9*01	TRBJ1-5	1
CASSVRGDQETQYF	TRBV9*01	TRBJ2-5	1
CASSVRGEQYF	TRBV27*01	TRBJ2-7	1
CASSVRGFSGNTIYF	TRBV9*01	TRBJ1-3	1
CASSVRGGGRETQYF	TRBV7-3*01	TRBJ2-5	1
CASSVRHGHEQYF	TRBV9*01	TRBJ2-7	1
CASSVRHGTEAFF	TRBV19*01	TRBJ1-1	1
CASSVRHSNGANVLTF	TRBV6-4*01	TRBJ2-6	1
CASSVRLAGGPGTDTQYF	TRBV9*01	TRBJ2-3	1
CASSVRPQETQYF	TRBV10-1*01	TRBJ2-5	1
CASSVRQVNYGYTF	TRBV6-1*01	TRBJ1-2	1
CASSVRSADTQYF	TRBV19*01	TRBJ2-3	2
CASSVRSAGELFF	TRBV19*01	TRBJ2-2	1
CASSVRSAYEQYF	TRBV19*01	TRBJ2-7	2
CASSVRSSGSSYNEQFF	TRBV9*01	TRBJ2-1	1
CASSVRSSMNTEAFF	TRBV9*01	TRBJ1-1	10
CASSVRSSYEQYF	TRBV19*01	TRBJ2-7	140
CASSVRSTGELFF	TRBV19*01	TRBJ2-2	20
CASSVRTGGTEAFF	TRBV9*01	TRBJ1-1	1
CASSVRTSGILLNEQFF	TRBV7-6*01	TRBJ2-1	1
CASSVRTSSSNQPQHF	TRBV7-8*01	TRBJ1-5	1
CASSVRTVNTEAFF	TRBV2*01	TRBJ1-1	1
CASSVRTVPLPGELFF	TRBV9*01	TRBJ2-2	1
CASSVRVSGELFF	TRBV12-3*01	TRBJ2-2	1
CASSVRVYEQFF	TRBV2*01	TRBJ2-1	1
CASSVSENEQFF	TRBV9*01	TRBJ2-1	3
CASSVSERELRNEQFF	TRBV7-9*01	TRBJ2-1	1
CASSVSFGDLREQYF	TRBV9*01	TRBJ2-7	1
CASSVSGDNTEAFF	TRBV3-1*01	TRBJ1-1	1
CASSVSGFSLYGYTF	TRBV9*01	TRBJ1-2	1
CASSVSGGEADTQYF	TRBV9*01	TRBJ2-3	1
CASSVSGGLETQYF	TRBV9*01	TRBJ2-5	1
CASSVSGGPEAFF	TRBV9*01	TRBJ1-1	1
CASSVSGNSYEQYF	TRBV9*01	TRBJ2-7	1
CASSVSGPPSYTQYF	TRBV9*01	TRBJ2-3	1
CASSVSGRSATDTQYF	TRBV9*01	TRBJ2-3	1
CASSVSGSGTDTQYF	TRBV9*01	TRBJ2-3	1
CASSVSGSSYNEQFF	TRBV19*01	TRBJ2-1	1
CASSVSGTENIQYF	TRBV9*01	TRBJ2-4	1
CASSVSGTGGSEQFF	TRBV6-1*01	TRBJ2-1	1
CASSVSGTGGTEAFF	TRBV9*01	TRBJ1-1	1
CASSVSGTGSYEQYF	TRBV9*01	TRBJ2-7	1
CASSVSGTRKSYEQYF	TRBV7-8*01	TRBJ2-7	1
CASSVSGTSGNNEQFF	TRBV6-4*01	TRBJ2-1	1
CASSVSGVGSGELFF	TRBV9*01	TRBJ2-2	1
CASSVSHSSNQPQHF	TRBV7-2*01	TRBJ1-5	7
CASSVSIPYNEQFF	TRBV2*01	TRBJ2-1	1
CASSVSLDRDSYEQYF	TRBV2*01	TRBJ2-7	1
CASSVSLPSEAFF	TRBV11-2*01	TRBJ1-1	1
CASSVSPAYEQYF	TRBV9*01	TRBJ2-7	1
CASSVSPGLDTQYF	TRBV7-7*01	TRBJ2-3	1
CASSVSQGYNEQFF	TRBV9*01	TRBJ2-1	1
CASSVSRASALDTQYF	TRBV9*01	TRBJ2-3	1
CASSVSTPGYGYTF	TRBV9*01	TRBJ1-2	1
CASSVTAGGADTQYF	TRBV9*01	TRBJ2-3	1
CASSVTDYNEQFF	TRBV9*01	TRBJ2-1	1
CASSVTGDNYEQYF	TRBV9*01	TRBJ2-7	1
CASSVTGDYGYTF	TRBV9*01	TRBJ1-2	1
CASSVTGEGNEQFF	TRBV6-4*01	TRBJ2-1	1
CASSVTGGAMNEQYF	TRBV9*01	TRBJ2-7	1
CASSVTGGEIYEQYF	TRBV6-5*01	TRBJ2-7	1
CASSVTGGSVKLFF	TRBV5-1*01	TRBJ1-4	1
CASSVTGHGNTIYF	TRBV9*01	TRBJ1-3	1
CASSVTGISGNTIYF	TRBV5-6*01	TRBJ1-3	1
CASSVTGNTEAFF	TRBV5-4*01	TRBJ1-1	1
CASSVTGPYGYTF	TRBV6-1*01	TRBJ1-2	1
CASSVTGQLQETQYF	TRBV9*01	TRBJ2-5	1
CASSVTGSGGTDTQYF	TRBV9*01	TRBJ2-3	1
CASSVTGSSYNEQFF	TRBV6-3*01	TRBJ2-1	1
CASSVTGTGLMEQYF	TRBV6-5*01	TRBJ2-7	1
CASSVTGTPNEQFF	TRBV5-6*01	TRBJ2-1	1
CASSVTGVGNEQFF	TRBV9*01	TRBJ2-1	1
CASSVTGVSETQYF	TRBV9*01	TRBJ2-5	1
CASSVTIESGGGITDTQYF	TRBV2*01	TRBJ2-3	1
CASSVTLGQSGANVLTF	TRBV6-6*01	TRBJ2-6	1
CASSVTLGRMGETQYF	TRBV7-2*01	TRBJ2-5	1
CASSVTSGGPSYEQYF	TRBV3-1*01	TRBJ2-7	1
CASSVTSNADTQYF	TRBV10-2*01	TRBJ2-3	1
CASSVTSSEGTIYF	TRBV9*01	TRBJ1-3	1
CASSVTSSRGGTDTQYF	TRBV9*01	TRBJ2-3	1
CASSVTVSDGNTIYF	TRBV6-1*01	TRBJ1-3	1
CASSVTVYNEQFF	TRBV9*01	TRBJ2-1	1
CASSVTWSGRPNTGELFF	TRBV9*01	TRBJ2-2	1
CASSVVAGELYEQYF	TRBV7-9*01	TRBJ2-7	1
CASSVVAGVGYEQYF	TRBV6-5*01	TRBJ2-7	11
CASSVVDAGFEQYF	TRBV9*01	TRBJ2-7	1
CASSVVEETQYF	TRBV9*01	TRBJ2-5	1
CASSVVGDHEQFF	TRBV9*01	TRBJ2-1	1
CASSVVGDVRYGYTF	TRBV9*01	TRBJ1-2	1
CASSVVGGEGTDTQYF	TRBV9*01	TRBJ2-3	1
CASSVVGGGANTGELFF	TRBV9*01	TRBJ2-2	1
CASSVVGGNYGYTF	TRBV9*01	TRBJ1-2	1
CASSVVGGVQETQYF	TRBV9*01	TRBJ2-5	1
CASSVVGQGITDTQYF	TRBV9*01	TRBJ2-3	1
CASSVVGQGVLDGYTF	TRBV9*01	TRBJ1-2	1
CASSVVGSGETQYF	TRBV9*01	TRBJ2-5	1
CASSVVLAAYNEQFF	TRBV9*01	TRBJ2-1	1
CASSVVLSTDTQYF	TRBV9*01	TRBJ2-3	1
CASSVVNTGELFF	TRBV9*01	TRBJ2-2	1
CASSVVPAGGYNEQFF	TRBV9*01	TRBJ2-1	1
CASSVVPASSYEQYF	TRBV9*01	TRBJ2-7	1
CASSVVPDRGRRELFF	TRBV9*01	TRBJ2-2	1
CASSVVPGLRYEQFF	TRBV9*01	TRBJ2-1	1
CASSVVPTSGGQRTDTQYF	TRBV9*01	TRBJ2-3	1
CASSVVQSYEQYF	TRBV2*01	TRBJ2-7	1
CASSVVREERDEQYF	TRBV6-1*01	TRBJ2-7	1
CASSVVSGAETQYF	TRBV9*01	TRBJ2-5	1
CASSVVSGANVLTF	TRBV9*01	TRBJ2-6	92
CASSVVSGGTEAFF	TRBV9*01	TRBJ1-1	1
CASSVVSGPKAFF	TRBV9*01	TRBJ1-1	1
CASSVVTGNTEAFF	TRBV6-1*01	TRBJ1-1	1
CASSVVTGSDYNEQFF	TRBV9*01	TRBJ2-1	1
CASSVVTTFGNEQFF	TRBV9*01	TRBJ2-1	1
CASSVVWTDDGELFF	TRBV9*01	TRBJ2-2	1
CASSVWDSPNEKLFF	TRBV19*01	TRBJ1-4	1
CASSVWESSYGYTF	TRBV9*01	TRBJ1-2	1
CASSVWGGSPTNNEQFF	TRBV9*01	TRBJ2-1	1
CASSVWGIGTDTQYF	TRBV9*01	TRBJ2-3	1
CASSVWSRDTQYF	TRBV27*01	TRBJ2-3	1
CASSVWSSGAGELFF	TRBV9*01	TRBJ2-2	1
CASSVWYAGTDTQYF	TRBV9*01	TRBJ2-3	1
CASSVYEGYSTDTQYF	TRBV9*01	TRBJ2-3	1
CASSVYLSGNTIYF	TRBV9*01	TRBJ1-3	1
CASSVYPGQFIGNTIYF	TRBV5-6*01	TRBJ1-3	1
CASSVYPYLNYGYTF	TRBV9*01	TRBJ1-2	1
CASSVYRGLGANVLTF	TRBV5-1*01	TRBJ2-6	1
CASSVYRGPSTEAFF	TRBV19*01	TRBJ1-1	1
CASSWAAGDLVVSGNTIYF	TRBV28*01	TRBJ1-3	1
CASSWADNQPQHF	TRBV27*01	TRBJ1-5	1
CASSWAGAGLENEQYF	TRBV7-9*01	TRBJ2-7	2
CASSWAGDGTDTQYF	TRBV5-1*01	TRBJ2-3	1
CASSWAGGNSPLHF	TRBV13*01	TRBJ1-6	1
CASSWAGLDYGYTF	TRBV12-3*01	TRBJ1-2	1
CASSWAGPHTEAFF	TRBV19*01	TRBJ1-1	1
CASSWAGTDTQYF	TRBV27*01	TRBJ2-3	1
CASSWAGTKTDTQYF	TRBV12-4*01	TRBJ2-3	1
CASSWATGGQETQYF	TRBV12-3*01	TRBJ2-5	1
CASSWAYTPQETQYF	TRBV11-2*01	TRBJ2-5	1
CASSWDFQPPYEQYF	TRBV5-4*01	TRBJ2-7	1
CASSWDGAGNIQYF	TRBV5-4*01	TRBJ2-4	1
CASSWDGGSYNSPLHF	TRBV27*01	TRBJ1-6	1
CASSWDGPVAFF	TRBV6-3*01	TRBJ1-1	1
CASSWDGSGNTIYF	TRBV7-9*01	TRBJ1-3	1
CASSWDLTSYEQYF	TRBV7-9*01	TRBJ2-7	4
CASSWDPGTQYF	TRBV6-3*01	TRBJ2-5	1
CASSWDQGYSSYNEQFF	TRBV5-1*01	TRBJ2-1	1
CASSWDREGAGELFF	TRBV7-3*01	TRBJ2-2	1
CASSWDRSYEQYF	TRBV5-6*01	TRBJ2-7	1
CASSWDRVLYEQYF	TRBV7-9*01	TRBJ2-7	1
CASSWDRVREQYF	TRBV6-6*01	TRBJ2-7	1
CASSWDRVVYF	TRBV12-4*01	TRBJ2-4	1
CASSWDSLYSNQPQHF	TRBV7-8*01	TRBJ1-5	1
CASSWDSQYEQYF	TRBV6-5*01	TRBJ2-7	1
CASSWDSSETQYF	TRBV5-4*01	TRBJ2-5	1
CASSWDSYNEQFF	TRBV5-1*01	TRBJ2-1	1
CASSWDSYNEQFF	TRBV7-3*01	TRBJ2-1	1
CASSWDTSYEQYF	TRBV6-6*01	TRBJ2-7	1
CASSWDTTYEQYF	TRBV5-1*01	TRBJ2-7	1
CASSWEDTQYF	TRBV27*01	TRBJ2-3	1
CASSWEGRSSYNEQFF	TRBV19*01	TRBJ2-1	1
CASSWEGVYEQYF	TRBV7-2*01	TRBJ2-7	1
CASSWEIPGLAGDVNEQFF	TRBV12-3*01	TRBJ2-1	1
CASSWENNEQFF	TRBV7-2*01	TRBJ2-1	1
CASSWESNQPQHF	TRBV6-3*01	TRBJ1-5	1
CASSWESQGSGYTF	TRBV5-1*01	TRBJ1-2	1
CASSWETGRPTYTQYF	TRBV28*01	TRBJ2-3	1
CASSWGAARGNQPQHF	TRBV5-5*01	TRBJ1-5	1
CASSWGAEGEKLFF	TRBV7-9*01	TRBJ1-4	1
CASSWGAYGYTF	TRBV19*01	TRBJ1-2	64
CASSWGCCAQFF	TRBV5-1*01	TRBJ2-1	1
CASSWGDGDTEAFF	TRBV5-6*01	TRBJ1-1	1
CASSWGDNSGNTIYF	TRBV5-6*01	TRBJ1-3	1
CASSWGDYNEQFF	TRBV7-2*01	TRBJ2-1	1
CASSWGEMNTEAFF	TRBV19*01	TRBJ1-1	1
CASSWGFANEKLFF	TRBV12-3*01	TRBJ1-4	1
CASSWGGDEQYF	TRBV7-2*01	TRBJ2-7	1
CASSWGGDRAYEQYF	TRBV7-9*01	TRBJ2-7	1
CASSWGGGQTQYF	TRBV13*01	TRBJ2-5	1
CASSWGGGSHYGHTF	TRBV11-2*01	TRBJ1-2	1
CASSWGGGSHYGYTF	TRBV11-2*01	TRBJ1-2	3715
CASSWGGGSHYGYTF	TRBV7-2*01	TRBJ1-2	2
CASSWGGGSSTDTQYF	TRBV5-6*01	TRBJ2-3	1
CASSWGGHGAPTDTQYF	TRBV5-4*01	TRBJ2-3	1
CASSWGGLSNQPQHF	TRBV19*01	TRBJ1-5	1
CASSWGGPNTEAFF	TRBV7-9*01	TRBJ1-1	2
CASSWGGRNTEAFF	TRBV11-2*01	TRBJ1-1	1
CASSWGGSQAEAFF	TRBV5-6*01	TRBJ1-1	1
CASSWGGTQHF	TRBV7-9*01	TRBJ1-5	1
CASSWGGTYEQYF	TRBV27*01	TRBJ2-7	1
CASSWGGYNEQFF	TRBV5-6*01	TRBJ2-1	1
CASSWGIYEKLFF	TRBV27*01	TRBJ1-4	1
CASSWGLAEINEQFF	TRBV7-2*01	TRBJ2-1	1
CASSWGLANYEQYF	TRBV6-3*01	TRBJ2-7	1
CASSWGLATDTQYF	TRBV12-4*01	TRBJ2-3	3
CASSWGLGGSRLAYNEQFF	TRBV5-1*01	TRBJ2-1	1
CASSWGLGRDTGELFF	TRBV11-2*01	TRBJ2-2	1
CASSWGLNEQYF	TRBV6-3*01	TRBJ2-7	1
CASSWGLTDTQYF	TRBV27*01	TRBJ2-3	1
CASSWGLVIQNEQFF	TRBV7-2*01	TRBJ2-1	1
CASSWGMTGELFF	TRBV7-9*01	TRBJ2-2	1
CASSWGNEQFF	TRBV12-3*01	TRBJ2-1	1
CASSWGPGMNTGELFF	TRBV13*01	TRBJ2-2	1
CASSWGPILYEQYF	TRBV6-5*01	TRBJ2-7	1
CASSWGQGARYEQYF	TRBV7-2*01	TRBJ2-7	1
CASSWGQGGNEQFF	TRBV7-9*01	TRBJ2-1	1
CASSWGQGKMNTEAFF	TRBV5-1*01	TRBJ1-1	1
CASSWGQGNQPQHF	TRBV6-5*01	TRBJ1-5	1
CASSWGQGSAYTF	TRBV6-3*01	TRBJ1-2	1
CASSWGQGSPLHF	TRBV6-3*01	TRBJ1-6	1
CASSWGQMNTEAFF	TRBV28*01	TRBJ1-1	1
CASSWGQNNEQFF	TRBV11-1*01	TRBJ2-1	1
CASSWGQNYGYTF	TRBV11-2*01	TRBJ1-2	1
CASSWGQSISGVFNNEQFF	TRBV28*01	TRBJ2-1	3
CASSWGQSTDTQYF	TRBV27*01	TRBJ2-3	1
CASSWGQTFYNEQFF	TRBV6-5*01	TRBJ2-1	1
CASSWGQVTDTQYF	TRBV11-1*01	TRBJ2-3	1
CASSWGRDEQYF	TRBV5-6*01	TRBJ2-7	1
CASSWGSEQYF	TRBV7-8*01	TRBJ2-7	1
CASSWGSGDTDTQYF	TRBV12-3*01	TRBJ2-3	1
CASSWGSNSPLHF	TRBV11-3*01	TRBJ1-6	1
CASSWGSYEQYF	TRBV28*01	TRBJ2-7	1
CASSWGTDYEQYF	TRBV27*01	TRBJ2-7	1
CASSWGTESNQPQHF	TRBV5-1*01	TRBJ1-5	1
CASSWGTGLAGGVSYEQYF	TRBV5-4*01	TRBJ2-7	1
CASSWGTGNYEQYF	TRBV5-4*01	TRBJ2-7	1
CASSWGTRIGGSTDTQYF	TRBV7-2*01	TRBJ2-3	1
CASSWGTVYEQYF	TRBV5-6*01	TRBJ2-7	1
CASSWGVMNTEAFF	TRBV6-5*01	TRBJ1-1	2
CASSWKRLAGGQFYEQFF	TRBV7-2*01	TRBJ2-1	1
CASSWLAGGENEQFF	TRBV7-9*01	TRBJ2-1	1
CASSWLGDPAYEQYF	TRBV27*01	TRBJ2-7	1
CASSWLGRVWGNQPQHF	TRBV6-1*01	TRBJ1-5	1
CASSWLQGSEQYF	TRBV6-5*01	TRBJ2-5	1
CASSWLRDDRSWEQYF	TRBV6-5*01	TRBJ2-7	1
CASSWLSGPWGRPGELFF	TRBV5-1*01	TRBJ2-2	1
CASSWMGTGEGDQPQHF	TRBV18*01	TRBJ1-5	1
CASSWNGGPQETQYF	TRBV7-9*01	TRBJ2-5	1
CASSWNRDRYNTEAFF	TRBV5-6*01	TRBJ1-1	29
CASSWNREAFF	TRBV12-4*01	TRBJ1-1	1
CASSWNSGRGTPGELFF	TRBV7-3*01	TRBJ2-2	1
CASSWNSREQFF	TRBV6-3*01	TRBJ2-1	1
CASSWNTYNEQFF	TRBV12-3*01	TRBJ2-1	1
CASSWPGGTEAFF	TRBV27*01	TRBJ1-1	1
CASSWPGQEYGYTF	TRBV6-3*01	TRBJ1-2	1
CASSWPLLAGVGNEQFF	TRBV13*01	TRBJ2-1	1
CASSWPSEETQYF	TRBV12-4*01	TRBJ2-5	1
CASSWQETQYF	TRBV13*01	TRBJ2-5	1
CASSWQGPDTQYF	TRBV12-4*01	TRBJ2-3	1
CASSWQLGATEAFF	TRBV6-3*01	TRBJ1-1	1
CASSWQTDANEKLFF	TRBV7-9*01	TRBJ1-4	1
CASSWRAPYEQYF	TRBV27*01	TRBJ2-7	1
CASSWRDRRPWETQYF	TRBV7-2*01	TRBJ2-5	1
CASSWRGASGKLFF	TRBV28*01	TRBJ1-4	1
CASSWRGLVLDTQYF	TRBV7-2*01	TRBJ2-3	1
CASSWRGRNSPLHF	TRBV27*01	TRBJ1-6	1
CASSWRQGNSYEQYF	TRBV5-1*01	TRBJ2-7	1
CASSWRQGPYGYTF	TRBV7-2*01	TRBJ1-2	1
CASSWRQPFRKQFF	TRBV4-3*01	TRBJ2-1	1
CASSWRSSYEQYF	TRBV27*01	TRBJ2-7	1
CASSWRTGRQNTEAFF	TRBV5-6*01	TRBJ1-1	1
CASSWRTGTGGEQYF	TRBV7-8*01	TRBJ2-7	1
CASSWRTLPYEQYF	TRBV27*01	TRBJ2-7	1
CASSWSAGRLELGWEAFF	TRBV6-6*01	TRBJ1-1	1
CASSWSGDNEQFF	TRBV5-4*01	TRBJ2-1	1
CASSWSGGGSYEQYF	TRBV7-8*01	TRBJ2-7	1
CASSWSLGTDSYEQYF	TRBV5-5*01	TRBJ2-7	1
CASSWSNYGYTF	TRBV5-5*01	TRBJ1-2	1
CASSWSPGHRSYEQYF	TRBV6-6*01	TRBJ2-7	1
CASSWSPNTEAFF	TRBV27*01	TRBJ1-1	1
CASSWSSSGANVLTF	TRBV27*01	TRBJ2-6	5
CASSWSVYPSGTGGSYNEQFF	TRBV28*01	TRBJ2-1	1
CASSWTAAYEQYF	TRBV6-6*01	TRBJ2-7	1
CASSWTAGYGYTF	TRBV13*01	TRBJ1-2	1
CASSWTANTEAFF	TRBV5-8*01	TRBJ1-1	1
CASSWTASTDTQYF	TRBV12-4*01	TRBJ2-3	1
CASSWTASTDTQYF	TRBV6-6*01	TRBJ2-3	1
CASSWTDYGYTF	TRBV19*01	TRBJ1-2	1
CASSWTGDNSPLHF	TRBV7-9*01	TRBJ1-6	1
CASSWTGDQPQHF	TRBV6-3*01	TRBJ1-5	1
CASSWTGEGANVLTF	TRBV6-5*01	TRBJ2-6	1
CASSWTGGGGETQYF	TRBV5-1*01	TRBJ2-5	1
CASSWTGGSTGELFF	TRBV25-1*01	TRBJ2-2	1
CASSWTGLGTEAFF	TRBV19*01	TRBJ1-1	1
CASSWTGVVESPEQYF	TRBV16*01	TRBJ2-7	1
CASSWTLFSGANVLTF	TRBV27*01	TRBJ2-6	1
CASSWTSGGYEQYF	TRBV5-5*01	TRBJ2-7	1
CASSWTSGQETQYF	TRBV7-7*01	TRBJ2-5	1
CASSWTSGRAGEQFF	TRBV27*01	TRBJ2-1	1
CASSWTSGSGDTQYF	TRBV2*01	TRBJ2-3	1
CASSWTSGSSSYNEQFF	TRBV21-1*01	TRBJ2-1	1
CASSWTSNFDGDEQFF	TRBV7-6*01	TRBJ2-1	1
CASSWTSNTGELFF	TRBV27*01	TRBJ2-2	1
CASSWTSSNEQFF	TRBV12-3*01	TRBJ2-1	1
CASSWTTEAFF	TRBV28*01	TRBJ1-1	1
CASSWTTGTDTQYF	TRBV5-1*01	TRBJ2-3	1
CASSWTTQETQYF	TRBV5-6*01	TRBJ2-5	1
CASSWTTSGGQETQYF	TRBV5-1*01	TRBJ2-5	1
CASSWVGEAYEQYF	TRBV5-8*01	TRBJ2-7	1
CASSWVGQLTGELFF	TRBV28*01	TRBJ2-2	1
CASSWVIYSNTEAFF	TRBV6-3*01	TRBJ1-1	1
CASSWVRGETQYF	TRBV27*01	TRBJ2-5	1
CASSWVRSNEQYF	TRBV12-4*01	TRBJ2-7	1
CASSWWGDPNYGYTF	TRBV2*01	TRBJ1-2	1
CASSWWSGEETQYF	TRBV11-2*01	TRBJ2-5	1
CASSYAAGTVNQPQHF	TRBV6-3*01	TRBJ1-5	1
CASSYADPGGPDTGELFF	TRBV6-5*01	TRBJ2-2	1
CASSYADTTSYEQYF	TRBV6-3*01	TRBJ2-7	1
CASSYAGEEEQYF	TRBV12-3*01	TRBJ2-7	1
CASSYAGFHQPQHF	TRBV6-3*01	TRBJ1-5	1
CASSYAGGFETNEKLFF	TRBV6-5*01	TRBJ1-4	1
CASSYAGGGDNEQFF	TRBV6-5*01	TRBJ2-1	1
CASSYAGGGNQPQHF	TRBV6-3*01	TRBJ1-5	1
CASSYAGPNTEAFF	TRBV6-5*01	TRBJ1-1	1
CASSYAGPRVLTF	TRBV5-4*01	TRBJ2-6	1
CASSYAGTSGGSYEQYF	TRBV6-5*01	TRBJ2-7	1
CASSYAGTSGSLDEQFF	TRBV6-3*01	TRBJ2-1	1
CASSYAGTSSYNEQFF	TRBV7-6*01	TRBJ2-1	1
CASSYAGVISGNTIYF	TRBV6-6*01	TRBJ1-3	1
CASSYAKRSSYEQYF	TRBV6-3*01	TRBJ2-7	1
CASSYANRGNQPQHF	TRBV6-5*01	TRBJ1-5	1
CASSYAPNQPQHF	TRBV6-5*01	TRBJ1-5	1
CASSYARNYNEQFF	TRBV6-5*01	TRBJ2-1	1
CASSYASGGEDTQYF	TRBV6-6*01	TRBJ2-3	1
CASSYASGNTIYF	TRBV6-5*01	TRBJ1-3	1
CASSYASNSPLHF	TRBV5-5*01	TRBJ1-6	1
CASSYASQGEQYF	TRBV6-5*01	TRBJ2-7	1
CASSYASSGGSEQYF	TRBV11-1*01	TRBJ2-7	1
CASSYATGELFF	TRBV6-5*01	TRBJ2-2	1
CASSYAWDYGYTF	TRBV6-5*01	TRBJ1-2	1
CASSYCCGTEAFF	TRBV7-2*01	TRBJ1-1	1
CASSYCCHRMDYEQYF	TRBV6-3*01	TRBJ2-7	1
CASSYCCSLNTEAFF	TRBV6-5*01	TRBJ1-1	1
CASSYDAGGEKTQYF	TRBV6-5*01	TRBJ2-5	1
CASSYDATTNEKLFF	TRBV5-6*01	TRBJ1-4	1
CASSYDGGGTDTQYF	TRBV6-6*01	TRBJ2-3	1
CASSYDGLNEQYF	TRBV6-3*01	TRBJ2-7	1
CASSYDGTTLYTGELFF	TRBV6-3*01	TRBJ2-2	1
CASSYDINRDSTYEQYF	TRBV6-3*01	TRBJ2-7	1
CASSYDLPRNTGELFF	TRBV6-3*01	TRBJ2-2	1
CASSYDPGQSYEQYF	TRBV6-3*01	TRBJ2-7	1
CASSYDQPQHF	TRBV28*01	TRBJ1-5	1
CASSYDRDPEAFF	TRBV7-9*01	TRBJ1-1	1
CASSYDRGRGSGSYEQYF	TRBV7-9*01	TRBJ2-7	1
CASSYDRGVGYTF	TRBV13*01	TRBJ1-2	1
CASSYDRVKNIQYF	TRBV5-4*01	TRBJ2-4	1
CASSYDTGQTSSYNSPLHF	TRBV6-3*01	TRBJ1-6	1
CASSYDTRTSGGGHEQFF	TRBV5-1*01	TRBJ2-1	2
CASSYEAGAGETQYF	TRBV6-5*01	TRBJ2-5	2
CASSYEAGPNEKLFF	TRBV6-6*01	TRBJ1-4	1
CASSYEAYEQYF	TRBV6-3*01	TRBJ2-7	1
CASSYEGARAEAFF	TRBV6-5*01	TRBJ1-1	1
CASSYEGASTDTQYF	TRBV6-5*01	TRBJ2-3	1
CASSYEGDGNSPLHF	TRBV27*01	TRBJ1-6	1
CASSYEGGQDYTDTQYF	TRBV5-1*01	TRBJ2-3	1
CASSYEGNEQFF	TRBV6-5*01	TRBJ2-1	1
CASSYEGTLNYYIEQFF	TRBV6-3*01	TRBJ2-1	1
CASSYEKRVYEQYF	TRBV6-3*01	TRBJ2-7	1
CASSYEQGTYNEQFF	TRBV6-5*01	TRBJ2-1	1
CASSYEQTGKGGYTF	TRBV4-1*01	TRBJ1-2	1
CASSYETGAYEQYF	TRBV6-6*01	TRBJ2-7	1
CASSYEVPTLYEQYF	TRBV6-3*01	TRBJ2-7	1
CASSYEVVGANVLTF	TRBV6-3*01	TRBJ2-6	1
CASSYEWGWPQHF	TRBV3-1*01	TRBJ1-5	1
CASSYEWSDGYTF	TRBV6-3*01	TRBJ1-2	1
CASSYFAASNQPQHF	TRBV6-3*01	TRBJ1-5	1
CASSYFANTEAFF	TRBV6-5*01	TRBJ1-1	1
CASSYFFGDLIQYF	TRBV6-5*01	TRBJ2-4	1
CASSYFFPGGRAPYEQYF	TRBV6-6*01	TRBJ2-7	1
CASSYFFQGPLYEQFF	TRBV6-3*01	TRBJ2-1	1
CASSYFGQRNSPLHF	TRBV6-3*01	TRBJ1-6	1
CASSYFGRARDEQYF	TRBV6-5*01	TRBJ2-7	1
CASSYFGTSGGDTDTQYF	TRBV6-5*01	TRBJ2-3	1
CASSYFQKRMSSYNEQFF	TRBV6-3*01	TRBJ2-1	1
CASSYFRLAGVDTQYF	TRBV6-6*01	TRBJ2-3	1
CASSYFRSGANVLTF	TRBV6-3*01	TRBJ2-6	1
CASSYFSATNEQFF	TRBV6-5*01	TRBJ2-1	1
CASSYFSDLQETQYF	TRBV6-5*01	TRBJ2-5	1
CASSYFSGANVLTF	TRBV5-6*01	TRBJ2-6	5
CASSYFSLETAREQFF	TRBV6-5*01	TRBJ2-1	1
CASSYFSPLAVNTGELFF	TRBV6-5*01	TRBJ2-2	1
CASSYFSTVNEKLFF	TRBV28*01	TRBJ1-4	1
CASSYFTRGGTDTQYF	TRBV6-3*01	TRBJ2-3	1
CASSYGALEMETQYF	TRBV7-2*01	TRBJ2-5	1
CASSYGAMNTEAFF	TRBV6-5*01	TRBJ1-1	1
CASSYGAPGNTIYF	TRBV6-5*01	TRBJ1-3	1
CASSYGASGAYNEQFF	TRBV6-5*01	TRBJ2-1	1
CASSYGASYEQYF	TRBV28*01	TRBJ2-7	1
CASSYGATNEKLFF	TRBV12-4*01	TRBJ1-4	1
CASSYGDRGHGYTF	TRBV6-5*01	TRBJ1-2	7
CASSYGDRHNEQFF	TRBV6-5*01	TRBJ2-1	1
CASSYGDTGELFF	TRBV6-3*01	TRBJ2-2	1
CASSYGDTGELFF	TRBV6-5*01	TRBJ2-2	1
CASSYGEAGELFF	TRBV6-3*01	TRBJ2-2	1
CASSYGEDYGYTF	TRBV6-5*01	TRBJ1-2	1
CASSYGEFGNQPQHF	TRBV28*01	TRBJ1-5	1
CASSYGEGSYEQYF	TRBV6-5*01	TRBJ2-7	1
CASSYGEISGNTIYF	TRBV6-3*01	TRBJ1-3	1
CASSYGESSYNEQFF	TRBV6-5*01	TRBJ2-1	1
CASSYGFNQPQHF	TRBV6-5*01	TRBJ1-5	1
CASSYGGAGNTIYF	TRBV13*01	TRBJ1-3	1
CASSYGGALEQFF	TRBV6-3*01	TRBJ2-1	1
CASSYGGASNEQFF	TRBV6-5*01	TRBJ2-1	1
CASSYGGATDTQYF	TRBV6-5*01	TRBJ2-3	1
CASSYGGEDQPQHF	TRBV6-5*01	TRBJ1-5	1
CASSYGGELGFEQFF	TRBV6-3*01	TRBJ2-1	1
CASSYGGENNSPLHF	TRBV6-6*01	TRBJ1-6	2
CASSYGGEQYF	TRBV6-3*01	TRBJ2-7	1
CASSYGGFNEKLFF	TRBV6-5*01	TRBJ1-4	1
CASSYGGFNQPQHF	TRBV6-3*01	TRBJ1-5	1
CASSYGGGFGEAFF	TRBV6-5*01	TRBJ1-1	1
CASSYGGGTEAFF	TRBV6-3*01	TRBJ1-1	1
CASSYGGGTEAFF	TRBV6-5*01	TRBJ1-1	1
CASSYGGLDGYTF	TRBV6-5*01	TRBJ1-2	1
CASSYGGNTEAFF	TRBV6-3*01	TRBJ1-1	2
CASSYGGQETQYF	TRBV6-5*01	TRBJ2-5	1
CASSYGGQGAYEQYF	TRBV6-5*01	TRBJ2-7	1
CASSYGGQGGEKLFF	TRBV6-5*01	TRBJ1-4	1
CASSYGGRAYEQYF	TRBV6-3*01	TRBJ2-7	1
CASSYGGRETQYF	TRBV6-5*01	TRBJ2-5	1
CASSYGGSGSYEQYF	TRBV9*01	TRBJ2-7	1
CASSYGGSPYTDSDYGYTF	TRBV6-3*01	TRBJ1-2	1
CASSYGGTSGGPFF	TRBV6-3*01	TRBJ2-1	1
CASSYGGVGAYEQYF	TRBV6-5*01	TRBJ2-7	1
CASSYGGWSYEQYF	TRBV6-5*01	TRBJ2-7	1
CASSYGGYSYNEQFF	TRBV6-3*01	TRBJ2-1	1
CASSYGGYTEAFF	TRBV7-3*01	TRBJ1-1	1
CASSYGITEAFF	TRBV6-3*01	TRBJ1-1	1
CASSYGLAGGPWDTDTQYF	TRBV4-3*01	TRBJ2-3	1
CASSYGLAGSDTQYF	TRBV7-3*01	TRBJ2-3	1
CASSYGLGQTNTEAFF	TRBV6-3*01	TRBJ1-1	1
CASSYGLGRGGWETQYF	TRBV6-6*01	TRBJ2-5	1
CASSYGLLAQAFQETQYF	TRBV28*01	TRBJ2-5	1
CASSYGLLQETQYF	TRBV6-3*01	TRBJ2-5	1
CASSYGLTEAFF	TRBV6-3*01	TRBJ1-1	1
CASSYGLWRVRDGELFF	TRBV6-5*01	TRBJ2-2	1
CASSYGMGQPQHF	TRBV6-3*01	TRBJ1-5	1
CASSYGPAGVLAYNEQFF	TRBV5-1*01	TRBJ2-1	1
CASSYGPGLAGRSSYNEQFF	TRBV6-3*01	TRBJ2-1	1
CASSYGPGQVMTNYGYTF	TRBV6-5*01	TRBJ1-2	1
CASSYGPGREDTEAFF	TRBV6-3*01	TRBJ1-1	1
CASSYGPPGQNYGYTF	TRBV6-6*01	TRBJ1-2	1
CASSYGPSGRDPGELFF	TRBV6-5*01	TRBJ2-2	1
CASSYGPVYEQYF	TRBV6-5*01	TRBJ2-7	1
CASSYGQEFLEAFF	TRBV6-5*01	TRBJ1-1	1
CASSYGQGDSETQYF	TRBV3-1*01	TRBJ2-5	1
CASSYGQGETQYF	TRBV27*01	TRBJ2-5	1
CASSYGQGGTDTQYF	TRBV7-9*01	TRBJ2-3	1
CASSYGQGQETQYF	TRBV5-4*01	TRBJ2-5	1
CASSYGQGTDTQYF	TRBV27*01	TRBJ2-3	1
CASSYGQGTGELFF	TRBV6-5*01	TRBJ2-2	1
CASSYGQGWGYTF	TRBV6-3*01	TRBJ1-2	1
CASSYGQGWLGQETQYF	TRBV5-4*01	TRBJ2-5	24
CASSYGQGYEQYF	TRBV7-2*01	TRBJ2-7	1
CASSYGQLNTEAFF	TRBV6-3*01	TRBJ1-1	1
CASSYGQNSNQPQHF	TRBV7-6*01	TRBJ1-5	1
CASSYGQVNQPQHF	TRBV6-3*01	TRBJ1-5	1
CASSYGRAELTEAFF	TRBV6-3*01	TRBJ1-1	1
CASSYGRARYGYTF	TRBV6-3*01	TRBJ1-2	1
CASSYGREPNEQFF	TRBV6-3*01	TRBJ2-1	1
CASSYGRGNTDTQYF	TRBV6-3*01	TRBJ2-3	1
CASSYGRGYYNEQFF	TRBV6-3*01	TRBJ2-1	1
CASSYGRYNEQFF	TRBV6-1*01	TRBJ2-1	1
CASSYGSFEAFF	TRBV6-3*01	TRBJ1-1	1
CASSYGSGPYQETQYF	TRBV6-5*01	TRBJ2-5	1
CASSYGSNQPQHF	TRBV6-3*01	TRBJ1-5	1
CASSYGSNQPQHF	TRBV6-5*01	TRBJ1-5	1
CASSYGSPGGNQPQHF	TRBV6-5*01	TRBJ1-5	1
CASSYGSPGTEAFF	TRBV6-5*01	TRBJ1-1	1
CASSYGSTGTEAFF	TRBV6-5*01	TRBJ1-1	1
CASSYGTAETQYF	TRBV6-5*01	TRBJ2-5	1
CASSYGTALEDTQYF	TRBV6-5*01	TRBJ2-3	1
CASSYGTANNEQFF	TRBV6-3*01	TRBJ2-1	1
CASSYGTANSEQYF	TRBV27*01	TRBJ2-7	1
CASSYGTANYGYTF	TRBV6-7*01	TRBJ1-2	1
CASSYGTAPTSPLHF	TRBV6-5*01	TRBJ1-6	1
CASSYGTATYGYTF	TRBV6-5*01	TRBJ1-2	1
CASSYGTDGYTF	TRBV6-5*01	TRBJ1-2	1
CASSYGTDRDGYTF	TRBV6-5*01	TRBJ1-2	1
CASSYGTDTQYF	TRBV7-9*01	TRBJ2-3	1
CASSYGTEAFF	TRBV16*01	TRBJ1-1	1
CASSYGTFSNQPQHF	TRBV6-3*01	TRBJ1-5	1
CASSYGTGGEAFF	TRBV7-9*01	TRBJ1-1	1
CASSYGTGGHESDTQYF	TRBV5-1*01	TRBJ2-3	1
CASSYGTGGREQYF	TRBV6-5*01	TRBJ2-7	1
CASSYGTGGTYEQYF	TRBV6-5*01	TRBJ2-7	1
CASSYGTGNGYTF	TRBV6-3*01	TRBJ1-2	1
CASSYGTGQPQHF	TRBV6-3*01	TRBJ1-5	1
CASSYGTGSYEQYF	TRBV6-5*01	TRBJ2-7	1
CASSYGTGVTEAFF	TRBV27*01	TRBJ1-1	1
CASSYGTHYGYTF	TRBV27*01	TRBJ1-2	1
CASSYGTSDEQFF	TRBV12-4*01	TRBJ2-1	1
CASSYGTSGREYF	TRBV27*01	TRBJ2-7	1
CASSYGTSGYNEQFF	TRBV11-2*01	TRBJ2-1	1
CASSYGTSRSTDTQYF	TRBV6-3*01	TRBJ2-3	1
CASSYGTVSGNTIYF	TRBV6-5*01	TRBJ1-3	1
CASSYGVEQYF	TRBV6-3*01	TRBJ2-7	1
CASSYGVGQPQHF	TRBV6-3*01	TRBJ1-5	1
CASSYGVIGEGNTIYF	TRBV6-6*01	TRBJ1-3	1
CASSYGVLSTDTQYF	TRBV6-5*01	TRBJ2-3	1
CASSYGVSGNTIYF	TRBV6-6*01	TRBJ1-3	1
CASSYGVSSYTF	TRBV6-3*01	TRBJ1-2	1
CASSYGVSYEQYF	TRBV6-5*01	TRBJ2-7	1
CASSYGVSYEQYF	TRBV7-9*01	TRBJ2-7	1
CASSYGVTSYEQYF	TRBV6-3*01	TRBJ2-7	1
CASSYGWSSYEQYF	TRBV5-1*01	TRBJ2-7	1
CASSYGYGYTF	TRBV6-3*01	TRBJ1-2	1
CASSYHIGQGYTF	TRBV6-5*01	TRBJ1-2	1
CASSYHRESNYGYTF	TRBV6-3*01	TRBJ1-2	1
CASSYHRTGDATDTQYF	TRBV6-6*01	TRBJ2-3	1
CASSYHSGRTDTQYF	TRBV28*01	TRBJ2-3	1
CASSYHSNQPQHF	TRBV19*01	TRBJ1-5	2
CASSYHSNQPQHF	TRBV6-3*01	TRBJ1-5	1
CASSYHTGGLYEQYF	TRBV6-3*01	TRBJ2-7	1
CASSYIAGVKYEQYF	TRBV7-9*01	TRBJ2-7	1
CASSYIFRGHLNTEAFF	TRBV5-6*01	TRBJ1-1	1
CASSYIGGNTEAFF	TRBV7-3*01	TRBJ1-1	1
CASSYIGQNTEAFF	TRBV6-5*01	TRBJ1-1	1
CASSYIGRGSSYEQYF	TRBV6-5*01	TRBJ2-7	1
CASSYILGRNTDTQYF	TRBV7-2*01	TRBJ2-3	1
CASSYIPYEQYF	TRBV6-3*01	TRBJ2-7	1
CASSYIRDRGKNEQFF	TRBV6-3*01	TRBJ2-1	1
CASSYIRQSSYNEQFF	TRBV6-3*01	TRBJ2-1	1
CASSYISTGAPTQYF	TRBV6-6*01	TRBJ2-5	1
CASSYKDTGELFF	TRBV6-5*01	TRBJ2-2	1
CASSYKGMLGYEQYF	TRBV6-5*01	TRBJ2-7	1
CASSYKGTDTQYF	TRBV6-5*01	TRBJ2-3	1
CASSYKGYEQYF	TRBV6-6*01	TRBJ2-7	1
CASSYKRGAPNQPQHF	TRBV6-3*01	TRBJ1-5	1
CASSYKTGESYNEQFF	TRBV6-3*01	TRBJ2-1	1
CASSYKVEGETQYF	TRBV6-3*01	TRBJ2-5	1
CASSYLAEQYF	TRBV5-6*01	TRBJ2-7	1
CASSYLAGAGNTGELFF	TRBV6-5*01	TRBJ2-2	1
CASSYLAGPYNEQFF	TRBV5-6*01	TRBJ2-1	2
CASSYLAGRPDTQYF	TRBV6-5*01	TRBJ2-3	1
CASSYLAGSSVYNEQFF	TRBV6-3*01	TRBJ2-1	1
CASSYLAGSTDTQYF	TRBV4-3*01	TRBJ2-3	1
CASSYLAPYNEQFF	TRBV6-3*01	TRBJ2-1	1
CASSYLAQRVADTQYF	TRBV6-6*01	TRBJ2-3	1
CASSYLARRVGYTF	TRBV5-1*01	TRBJ1-2	1
CASSYLARTDNTGELFF	TRBV6-5*01	TRBJ2-2	1
CASSYLDRAPSTPSYPYEQYF	TRBV7-9*01	TRBJ2-7	1
CASSYLDYARPNSPLHF	TRBV5-6*01	TRBJ1-6	1
CASSYLFLEQYF	TRBV13*01	TRBJ2-7	1
CASSYLFSLAGFPYNEQFF	TRBV6-6*01	TRBJ2-1	1
CASSYLGGDAANYGYTF	TRBV6-5*01	TRBJ1-2	5
CASSYLGGGQPQHF	TRBV6-6*01	TRBJ1-5	1
CASSYLGLAGDLGGELFF	TRBV6-5*01	TRBJ2-2	1
CASSYLGPEAFF	TRBV6-3*01	TRBJ1-1	2
CASSYLGQAYSNQPQHF	TRBV28*01	TRBJ1-5	1
CASSYLGQGAGYNSPLHF	TRBV6-5*01	TRBJ1-6	1
CASSYLGQGYEQYF	TRBV7-8*01	TRBJ2-7	1
CASSYLGQGYTDTQYF	TRBV6-3*01	TRBJ2-3	1
CASSYLGRDRAIHEQYF	TRBV5-1*01	TRBJ2-7	8
CASSYLGRGYEQYF	TRBV6-5*01	TRBJ2-7	1
CASSYLGSNQPQHF	TRBV6-3*01	TRBJ1-5	1
CASSYLKANSNQPQHF	TRBV6-3*01	TRBJ1-5	1
CASSYLLAGGVYEQYF	TRBV6-5*01	TRBJ2-7	1
CASSYLLAGLVGLHEQFF	TRBV11-2*01	TRBJ2-1	1
CASSYLLAGLYNEQFF	TRBV6-6*01	TRBJ2-1	1
CASSYLLDNNEQFF	TRBV6-5*01	TRBJ2-1	1
CASSYLLPGGGTDEQFF	TRBV6-3*01	TRBJ2-1	1
CASSYLLSGRHNEQFF	TRBV13*01	TRBJ2-1	1
CASSYLLSSGGDEKLFF	TRBV6-3*01	TRBJ1-4	1
CASSYLLTGTSRQETQYF	TRBV7-9*01	TRBJ2-5	1
CASSYLNEQFF	TRBV7-9*01	TRBJ2-1	1
CASSYLNKRGEKLFF	TRBV6-5*01	TRBJ1-4	1
CASSYLNTGELFF	TRBV6-5*01	TRBJ2-2	1
CASSYLPATPYGYTF	TRBV6-5*01	TRBJ1-2	1
CASSYLPGTGVGYTF	TRBV6-6*01	TRBJ1-2	1
CASSYLQDFTDTQYF	TRBV7-9*01	TRBJ2-3	1
CASSYLQGESYNEQFF	TRBV6-3*01	TRBJ2-1	1
CASSYLQGNNEQYF	TRBV6-3*01	TRBJ2-7	1
CASSYLQGYEQYF	TRBV6-3*01	TRBJ2-7	1
CASSYLQSYEQYF	TRBV7-2*01	TRBJ2-7	1
CASSYLQTGQGIYSNQPQHF	TRBV6-6*01	TRBJ1-5	1
CASSYLREANTEAFF	TRBV27*01	TRBJ1-1	1
CASSYLRTGSVRYNEQFF	TRBV6-3*01	TRBJ2-1	1
CASSYLSTNGYTF	TRBV12-3*01	TRBJ1-2	1
CASSYLTGTGAYEQYF	TRBV14*01	TRBJ2-7	1
CASSYLTGTSGEQFF	TRBV6-5*01	TRBJ2-1	1
CASSYLTGYNEQFF	TRBV6-3*01	TRBJ2-1	1
CASSYLTNYGYTF	TRBV6-5*01	TRBJ1-2	1
CASSYLTSGGASEQFF	TRBV6-3*01	TRBJ2-1	1
CASSYLTSGWDEQFF	TRBV6-6*01	TRBJ2-1	1
CASSYLVEGGINEQYF	TRBV5-1*01	TRBJ2-7	1
CASSYLVGELFF	TRBV7-2*01	TRBJ2-2	1
CASSYLVGSSYEQYF	TRBV6-5*01	TRBJ2-7	1
CASSYLVNQPQHF	TRBV6-3*01	TRBJ1-5	1
CASSYMENYEQYF	TRBV27*01	TRBJ2-7	1
CASSYMLPLRDRVYEQFF	TRBV6-5*01	TRBJ2-1	1
CASSYNEQFF	TRBV6-6*01	TRBJ2-1	1
CASSYNGVNTEAFF	TRBV6-5*01	TRBJ1-1	1
CASSYNLAGGPPDTQYF	TRBV6-6*01	TRBJ2-3	1
CASSYNLEGKRNTEAFF	TRBV6-3*01	TRBJ1-1	1
CASSYNPGRRTEAFF	TRBV6-3*01	TRBJ1-1	1
CASSYNPRGGPPGETQYF	TRBV6-5*01	TRBJ2-5	1
CASSYNPTGELFF	TRBV6-5*01	TRBJ2-2	1
CASSYNPVQYDEQFF	TRBV6-3*01	TRBJ2-1	1
CASSYNQGSYGYTF	TRBV6-5*01	TRBJ1-2	1
CASSYNVLQGGAFF	TRBV6-5*01	TRBJ1-1	1
CASSYPAMNTEAFF	TRBV5-6*01	TRBJ1-1	1
CASSYPDDTQYF	TRBV6-5*01	TRBJ2-3	1
CASSYPDPHTPTNEKLFF	TRBV6-6*01	TRBJ1-4	1
CASSYPDRAGANVLTF	TRBV9*01	TRBJ2-6	1
CASSYPDRGTTYEQYF	TRBV6-3*01	TRBJ2-7	2
CASSYPEQGPYNEQFF	TRBV6-3*01	TRBJ2-1	1
CASSYPFGVGPDTQYF	TRBV12-3*01	TRBJ2-3	1
CASSYPGEGYEQYF	TRBV6-5*01	TRBJ2-7	1
CASSYPGGTEAFF	TRBV6-6*01	TRBJ1-1	1
CASSYPGGYPNTGELFF	TRBV9*01	TRBJ2-2	1
CASSYPGHENTGELFF	TRBV6-3*01	TRBJ2-2	1
CASSYPGLAEAFF	TRBV6-5*01	TRBJ1-1	1
CASSYPGMYSNQPQHF	TRBV6-3*01	TRBJ1-5	1
CASSYPGNEQYF	TRBV6-3*01	TRBJ2-7	1
CASSYPGNYGYTF	TRBV6-6*01	TRBJ1-2	1
CASSYPGQARTDGYTF	TRBV6-3*01	TRBJ1-2	1
CASSYPGQGSEQYF	TRBV6-6*01	TRBJ2-7	1
CASSYPGQPQHF	TRBV6-5*01	TRBJ1-5	1
CASSYPGRERTDTQYF	TRBV6-3*01	TRBJ2-3	1
CASSYPGTDAFF	TRBV6-3*01	TRBJ1-1	1
CASSYPGTGEYEQYF	TRBV6-3*01	TRBJ2-7	1
CASSYPGVYEQYF	TRBV6-3*01	TRBJ2-7	1
CASSYPGYEQFF	TRBV6-3*01	TRBJ2-1	1
CASSYPKARGETQYF	TRBV5-4*01	TRBJ2-5	1
CASSYPKGTGELFF	TRBV6-5*01	TRBJ2-2	1
CASSYPLRNVSGNQETQYF	TRBV6-3*01	TRBJ2-5	1
CASSYPLVTTEAFF	TRBV6-3*01	TRBJ1-1	1
CASSYPPELAFF	TRBV6-5*01	TRBJ1-1	1
CASSYPPIRDRAGETQYF	TRBV6-6*01	TRBJ2-5	1
CASSYPPSGDRLITEAFF	TRBV6-3*01	TRBJ1-1	1
CASSYPPVYLAGWQFRKFF	TRBV6-3*01	TRBJ2-1	1
CASSYPQDPAGTEAFF	TRBV6-3*01	TRBJ1-1	1
CASSYPQMNTEAFF	TRBV6-3*01	TRBJ1-1	1
CASSYPQPNEQFF	TRBV6-3*01	TRBJ2-1	1
CASSYPRDQGEVAFF	TRBV6-3*01	TRBJ1-1	1
CASSYPRFGGYTF	TRBV7-2*01	TRBJ1-2	1
CASSYPRGENTEAFF	TRBV28*01	TRBJ1-1	1
CASSYPRQDTEQYF	TRBV6-3*01	TRBJ2-7	1
CASSYPRQGAWSTEAFF	TRBV6-3*01	TRBJ1-1	1
CASSYPSDRAEYQETQYF	TRBV6-3*01	TRBJ2-5	1
CASSYPSGGLKPEPKETQYF	TRBV6-6*01	TRBJ2-5	1
CASSYPSGGVRTGELFF	TRBV6-3*01	TRBJ2-2	1
CASSYPSGQAYADTQYF	TRBV12-3*01	TRBJ2-3	1
CASSYPSGVSSEQFF	TRBV7-8*01	TRBJ2-1	1
CASSYPSQWDRGTGELFF	TRBV6-3*01	TRBJ2-2	1
CASSYPSRDRPNNEQFF	TRBV6-6*01	TRBJ2-1	1
CASSYPTDRGDTGELFF	TRBV6-5*01	TRBJ2-2	1
CASSYPTGDGNTIYF	TRBV5-6*01	TRBJ1-3	1
CASSYPTGDSPLHF	TRBV5-6*01	TRBJ1-6	1
CASSYPTGLAGEGVQFF	TRBV6-3*01	TRBJ2-1	1
CASSYPTGLANNEQFF	TRBV6-3*01	TRBJ2-1	4
CASSYPTGNTIYF	TRBV5-6*01	TRBJ1-3	1
CASSYPWGGASGYTF	TRBV6-5*01	TRBJ1-2	1
CASSYPYNEQFF	TRBV6-6*01	TRBJ2-1	1
CASSYPYRQGGSTEAFF	TRBV6-3*01	TRBJ1-1	1
CASSYQGGPGELFF	TRBV6-5*01	TRBJ1-4	1
CASSYQGLGNEQFF	TRBV6-3*01	TRBJ2-1	1
CASSYQLADSSYEQYF	TRBV3-1*01	TRBJ2-7	1
CASSYQLAGEGEQFF	TRBV6-5*01	TRBJ2-1	1
CASSYQNTGELFF	TRBV6-3*01	TRBJ2-2	1
CASSYQPGWETQYF	TRBV6-5*01	TRBJ2-5	1
CASSYQPNTEAFF	TRBV6-5*01	TRBJ1-1	1
CASSYQPVGHNEQFF	TRBV6-5*01	TRBJ2-1	1
CASSYQQIGNTIYF	TRBV6-5*01	TRBJ1-3	1
CASSYQREIHEQFF	TRBV6-3*01	TRBJ2-1	1
CASSYQTIGGSETQYF	TRBV6-3*01	TRBJ2-5	1
CASSYQTRDYRPLTGELFF	TRBV6-3*01	TRBJ2-2	1
CASSYRAGGLTDTQYF	TRBV6-5*01	TRBJ2-3	1
CASSYRAGVEAFF	TRBV6-3*01	TRBJ1-1	1
CASSYRDGANEQYF	TRBV6-6*01	TRBJ2-7	1
CASSYRDRDFYNGGELFF	TRBV7-3*01	TRBJ2-2	1
CASSYRDRGSSYEQYF	TRBV7-2*01	TRBJ2-7	1
CASSYRDRGYGYTF	TRBV28*01	TRBJ1-2	1
CASSYRDSYEQYF	TRBV5-4*01	TRBJ2-7	1
CASSYRERNYNEQFF	TRBV6-3*01	TRBJ2-1	1
CASSYRFGSNQPQHF	TRBV12-4*01	TRBJ1-5	1
CASSYRGASEQYF	TRBV6-5*01	TRBJ2-7	1
CASSYRGEQETQYF	TRBV7-9*01	TRBJ2-5	1
CASSYRGGDTQYF	TRBV13*01	TRBJ2-3	1
CASSYRGGQTYEQYF	TRBV3-1*01	TRBJ2-7	1
CASSYRGGSGANVLTF	TRBV6-3*01	TRBJ2-6	1
CASSYRGIYGYTF	TRBV6-7*01	TRBJ1-2	1
CASSYRGLEGNEQFF	TRBV28*01	TRBJ2-1	1
CASSYRGMSYTF	TRBV6-5*01	TRBJ1-2	1
CASSYRGPPYNEQFF	TRBV7-2*01	TRBJ2-1	1
CASSYRGQNIGELFF	TRBV6-5*01	TRBJ2-2	1
CASSYRGQPRREKLFF	TRBV5-6*01	TRBJ1-4	3
CASSYRGREDNSPLHF	TRBV6-5*01	TRBJ1-6	1
CASSYRGSRGYTF	TRBV6-5*01	TRBJ1-2	1
CASSYRGTEAFF	TRBV12-4*01	TRBJ1-1	1
CASSYRGYEQYF	TRBV6-5*01	TRBJ2-7	1
CASSYRGYNEQFF	TRBV6-6*01	TRBJ2-1	1
CASSYRGYYEQYF	TRBV19*01	TRBJ2-7	1
CASSYRIPEAFF	TRBV6-9*01	TRBJ1-1	1
CASSYRKVLYGYTF	TRBV6-3*01	TRBJ1-2	1
CASSYRLGGDRGRYEQYF	TRBV6-5*01	TRBJ2-7	1
CASSYRMDRPNTEAFF	TRBV6-3*01	TRBJ1-1	1
CASSYRMPDEQFF	TRBV4-1*01	TRBJ2-1	1
CASSYRPGQLLVDTQYF	TRBV6-3*01	TRBJ2-3	1
CASSYRPGQYTEAFF	TRBV6-5*01	TRBJ1-1	1
CASSYRPHGQYGYTF	TRBV6-5*01	TRBJ1-2	1
CASSYRPINQPQHF	TRBV6-6*01	TRBJ1-5	1
CASSYRPSGQPQHF	TRBV6-3*01	TRBJ1-5	1
CASSYRQGGDTEAFF	TRBV14*01	TRBJ1-1	1
CASSYRQISYNSPLHF	TRBV6-5*01	TRBJ1-6	1
CASSYRQLPNYGYTF	TRBV6-3*01	TRBJ1-2	1
CASSYRRTGPTHEAFF	TRBV6-5*01	TRBJ1-1	1
CASSYRRVQDEQYF	TRBV6-5*01	TRBJ2-7	1
CASSYRSGGLGYTF	TRBV6-5*01	TRBJ1-2	1
CASSYRSSGNTIYF	TRBV6-5*01	TRBJ1-3	1
CASSYRSYNEQFF	TRBV6-3*01	TRBJ2-1	1
CASSYRTGGTNEKLFF	TRBV6-5*01	TRBJ1-4	1
CASSYRTRENTGELFF	TRBV6-3*01	TRBJ2-2	1
CASSYRTSDYEQYF	TRBV27*01	TRBJ2-7	1
CASSYRTSGDTGELFF	TRBV11-2*01	TRBJ2-2	1
CASSYRTSGRRADTQYF	TRBV6-3*01	TRBJ2-3	1
CASSYRVDSNQPQHF	TRBV21-1*01	TRBJ1-5	1
CASSYRVDSYTF	TRBV7-3*01	TRBJ1-2	2
CASSYRVNEQFF	TRBV19*01	TRBJ2-1	1
CASSYRWGRTEAFF	TRBV6-3*01	TRBJ1-1	1
CASSYSAAEAFF	TRBV6-3*01	TRBJ1-1	1
CASSYSAATNEKLFF	TRBV6-5*01	TRBJ1-4	1
CASSYSAAWGDTQYF	TRBV7-2*01	TRBJ2-3	1
CASSYSADSYNEQFF	TRBV19*01	TRBJ2-1	1
CASSYSADYNSPLHF	TRBV6-5*01	TRBJ1-6	1
CASSYSADYTDTQYF	TRBV6-3*01	TRBJ2-3	1
CASSYSAETNQPQHF	TRBV6-5*01	TRBJ1-5	1
CASSYSAGELYGYTF	TRBV6-3*01	TRBJ1-2	1
CASSYSAGGSYEQYF	TRBV6-5*01	TRBJ2-7	6
CASSYSAGGTYGYTF	TRBV6-5*01	TRBJ1-2	1
CASSYSAGKETQYF	TRBV6-6*01	TRBJ2-5	1
CASSYSAGNSYNEQFF	TRBV6-5*01	TRBJ2-1	1
CASSYSAGPTDTQYF	TRBV6-3*01	TRBJ2-3	2
CASSYSAGRDNEQFF	TRBV6-5*01	TRBJ2-1	1
CASSYSAGSYEQYF	TRBV6-5*01	TRBJ2-7	1
CASSYSALAYEQYF	TRBV6-5*01	TRBJ2-7	1
CASSYSAPNTGELFF	TRBV6-5*01	TRBJ2-2	1
CASSYSARDRGDEQFF	TRBV6-3*01	TRBJ2-1	1
CASSYSASGGSDTQYF	TRBV6-5*01	TRBJ2-3	1
CASSYSASGLAGNNEQFF	TRBV6-5*01	TRBJ2-1	1
CASSYSAWTSGRWNEQFF	TRBV6-5*01	TRBJ2-1	1
CASSYSAYATNEKLFF	TRBV6-5*01	TRBJ1-4	1
CASSYSDETYEQYF	TRBV6-3*01	TRBJ2-7	1
CASSYSDRGSAEQYF	TRBV6-5*01	TRBJ2-7	1
CASSYSDRGSPYEQYF	TRBV6-3*01	TRBJ2-7	1
CASSYSDRTGYDQPQHF	TRBV6-3*01	TRBJ1-5	1
CASSYSDRVSSGNTIYF	TRBV6-6*01	TRBJ1-3	1
CASSYSDTNYGYTF	TRBV6-5*01	TRBJ1-2	1
CASSYSDTSSGNTIYF	TRBV6-5*01	TRBJ1-3	1
CASSYSDTYNEQFF	TRBV6-5*01	TRBJ2-1	1
CASSYSEAERMNTEAFF	TRBV6-3*01	TRBJ1-1	1
CASSYSEAGLSLLAAQYF	TRBV6-3*01	TRBJ2-5	1
CASSYSEEQYF	TRBV6-6*01	TRBJ2-7	1
CASSYSEGGAGGYTF	TRBV6-5*01	TRBJ1-2	1
CASSYSEGLETQYF	TRBV6-6*01	TRBJ2-5	1
CASSYSESIYGYTF	TRBV6-5*01	TRBJ1-2	1
CASSYSETSGDTQYF	TRBV6-3*01	TRBJ2-3	1
CASSYSETSGSGETQYF	TRBV6-5*01	TRBJ2-5	1
CASSYSFERSPGTSGSHEQYF	TRBV6-5*01	TRBJ2-7	1
CASSYSFGTGELFF	TRBV6-3*01	TRBJ2-2	1
CASSYSFLGGTEAFF	TRBV6-3*01	TRBJ1-1	1
CASSYSFQGGELFF	TRBV6-3*01	TRBJ2-2	1
CASSYSFRDADPEAFF	TRBV6-3*01	TRBJ1-1	1
CASSYSFSGTETQYF	TRBV6-5*01	TRBJ2-5	1
CASSYSGAGETQYF	TRBV6-5*01	TRBJ2-5	1
CASSYSGAGVRYEQYF	TRBV6-5*01	TRBJ2-7	1
CASSYSGASTGELFF	TRBV6-5*01	TRBJ2-2	2
CASSYSGASYNEQFF	TRBV6-3*01	TRBJ2-1	1
CASSYSGDRGRYNEQFF	TRBV6-3*01	TRBJ2-1	1
CASSYSGDSYEQYF	TRBV5-5*01	TRBJ2-7	1
CASSYSGDTIYEQYF	TRBV6-5*01	TRBJ2-7	1
CASSYSGEQYF	TRBV6-5*01	TRBJ2-7	1
CASSYSGESVTDTQYF	TRBV6-6*01	TRBJ2-3	1
CASSYSGETQYF	TRBV6-5*01	TRBJ2-5	2
CASSYSGFNTEAFF	TRBV6-3*01	TRBJ1-1	1
CASSYSGGDTGELFF	TRBV6-5*01	TRBJ2-2	1
CASSYSGGGLNEQYF	TRBV5-1*01	TRBJ2-7	1
CASSYSGGGYEQYF	TRBV6-5*01	TRBJ2-7	1
CASSYSGGLAEKLFF	TRBV6-3*01	TRBJ1-4	1
CASSYSGGNEQFF	TRBV6-5*01	TRBJ2-1	1
CASSYSGGQQETQYF	TRBV6-5*01	TRBJ2-5	1
CASSYSGGQVDGYTF	TRBV6-6*01	TRBJ1-2	1
CASSYSGGRGTQETQYF	TRBV6-3*01	TRBJ2-5	1
CASSYSGGRSTDTQYF	TRBV6-3*01	TRBJ2-3	1
CASSYSGGTGELFF	TRBV6-3*01	TRBJ2-2	1
CASSYSGGTNTGELFF	TRBV6-3*01	TRBJ2-2	1
CASSYSGLAGGNEQFF	TRBV6-6*01	TRBJ2-1	1
CASSYSGLALSTDTQYF	TRBV6-3*01	TRBJ2-3	1
CASSYSGLHNEQFF	TRBV6-6*01	TRBJ2-1	1
CASSYSGNIQYF	TRBV6-5*01	TRBJ2-4	1
CASSYSGNNEQFF	TRBV6-3*01	TRBJ2-1	1
CASSYSGNQPYEQYF	TRBV6-3*01	TRBJ2-7	1
CASSYSGNTEAFF	TRBV6-5*01	TRBJ1-1	1
CASSYSGNTGELFF	TRBV6-3*01	TRBJ2-2	1
CASSYSGPMTTGELFF	TRBV6-5*01	TRBJ2-2	1
CASSYSGPNEQFF	TRBV6-5*01	TRBJ2-1	1
CASSYSGPSTNEKLFF	TRBV6-3*01	TRBJ1-4	1
CASSYSGPTGNYGYTF	TRBV6-5*01	TRBJ1-2	1
CASSYSGPYNEQFF	TRBV6-3*01	TRBJ2-1	1
CASSYSGQAGQPQHF	TRBV6-5*01	TRBJ1-5	1
CASSYSGQGDEQYF	TRBV6-5*01	TRBJ2-7	1
CASSYSGQGGELFF	TRBV6-5*01	TRBJ2-2	1
CASSYSGRAHEQYF	TRBV6-5*01	TRBJ2-7	1
CASSYSGSDSYEQYF	TRBV6-5*01	TRBJ2-7	1
CASSYSGSGNEQFF	TRBV6-3*01	TRBJ2-1	1
CASSYSGSGTNIQYF	TRBV6-5*01	TRBJ2-4	1
CASSYSGSLARIF	TRBV6-5*01	TRBJ2-1	1
CASSYSGSPETQYF	TRBV9*01	TRBJ2-5	1
CASSYSGTGGGLAGELFF	TRBV6-6*01	TRBJ2-2	1
CASSYSGTGGVEQYF	TRBV6-5*01	TRBJ2-7	1
CASSYSGTLYGYTF	TRBV6-5*01	TRBJ1-2	1
CASSYSGTSESTDTQYF	TRBV6-5*01	TRBJ2-3	1
CASSYSGTSNNNEQFF	TRBV6-5*01	TRBJ2-1	1
CASSYSGVNEQFF	TRBV6-6*01	TRBJ2-1	1
CASSYSGVNTGELFF	TRBV4-3*01	TRBJ2-2	1
CASSYSGVPNQPQHF	TRBV6-3*01	TRBJ1-5	1
CASSYSGVQLPNYGYTF	TRBV6-3*01	TRBJ1-2	1
CASSYSGWKGQGGVLSTEAFF	TRBV6-5*01	TRBJ1-1	1
CASSYSHLYEQYF	TRBV27*01	TRBJ2-7	1
CASSYSIARGGTEAFF	TRBV6-3*01	TRBJ1-1	1
CASSYSIGAGPQFF	TRBV6-3*01	TRBJ2-1	1
CASSYSIGETQYF	TRBV6-3*01	TRBJ2-5	1
CASSYSIGNEQYF	TRBV6-5*01	TRBJ2-7	1
CASSYSILDTGELFF	TRBV6-3*01	TRBJ2-2	1
CASSYSINAAVNYGYTF	TRBV6-3*01	TRBJ1-2	7
CASSYSIPGGSGELFF	TRBV6-5*01	TRBJ2-2	1
CASSYSIPVTGRDEAFF	TRBV6-3*01	TRBJ1-1	1
CASSYSIRERYEQYF	TRBV6-6*01	TRBJ2-7	1
CASSYSIRHRQETQYF	TRBV6-5*01	TRBJ2-5	1
CASSYSISGYEQYF	TRBV6-5*01	TRBJ2-7	1
CASSYSIVGSAGATNNYGYTF	TRBV6-3*01	TRBJ1-2	1
CASSYSIVRLNTEAFF	TRBV6-5*01	TRBJ1-1	1
CASSYSIYRTGNEKLFF	TRBV6-5*01	TRBJ1-4	1
CASSYSKAGGSGANVLTF	TRBV6-3*01	TRBJ2-6	1
CASSYSKGIAGYEQYF	TRBV6-5*01	TRBJ2-7	1
CASSYSKGMLWGYEQYF	TRBV6-3*01	TRBJ2-7	1
CASSYSKGTYNEQFF	TRBV6-3*01	TRBJ2-1	1
CASSYSKLEGASQPQHF	TRBV6-5*01	TRBJ1-5	1
CASSYSKLETGVQPQHF	TRBV6-6*01	TRBJ1-5	1
CASSYSKQGRVEQYF	TRBV6-3*01	TRBJ2-7	1
CASSYSLAGAPGELFF	TRBV6-5*01	TRBJ2-2	1
CASSYSLASGIQYF	TRBV6-5*01	TRBJ2-4	1
CASSYSLFGAGGSGANVLTF	TRBV6-5*01	TRBJ2-6	1
CASSYSLGQGTEAFF	TRBV6-3*01	TRBJ1-1	1
CASSYSLGSSYNEQFF	TRBV6-5*01	TRBJ2-1	1
CASSYSLLQGLTEAFF	TRBV6-5*01	TRBJ1-1	1
CASSYSLLRAAPNTEAFF	TRBV6-3*01	TRBJ1-1	1
CASSYSLNYGYTF	TRBV6-5*01	TRBJ1-2	1
CASSYSLTETQYF	TRBV27*01	TRBJ2-5	1
CASSYSLTGARYNEQFF	TRBV6-5*01	TRBJ2-1	1
CASSYSLTGRETQYF	TRBV28*01	TRBJ2-5	1
CASSYSLTSGGETDTQYF	TRBV6-5*01	TRBJ2-3	1
CASSYSLVGNYNEQFF	TRBV6-3*01	TRBJ2-1	1
CASSYSMAAPYNEQFF	TRBV6-3*01	TRBJ2-1	1
CASSYSMANYNSPLHF	TRBV6-5*01	TRBJ1-6	1
CASSYSMAQEETQYF	TRBV6-3*01	TRBJ2-5	1
CASSYSMATGDGYTF	TRBV6-3*01	TRBJ1-2	3
CASSYSMFGTALGNTEAFF	TRBV6-3*01	TRBJ1-1	1
CASSYSMGYRGRNTEAFF	TRBV6-3*01	TRBJ1-1	1
CASSYSMPTGAGLNTEAFF	TRBV6-3*01	TRBJ1-1	1
CASSYSMRQGIVGMDGYTF	TRBV6-6*01	TRBJ1-2	1
CASSYSMSGGTDTQYF	TRBV6-5*01	TRBJ2-3	1
CASSYSMSGRADTQYF	TRBV6-5*01	TRBJ2-3	1
CASSYSMTGEAFF	TRBV6-3*01	TRBJ1-1	1
CASSYSMVAGGYTGELFF	TRBV6-3*01	TRBJ2-2	8
CASSYSMVTEAFF	TRBV6-5*01	TRBJ1-1	1
CASSYSNAGTSPGNEQFF	TRBV6-5*01	TRBJ2-1	1
CASSYSNALAGSSYEQYF	TRBV6-5*01	TRBJ2-7	1
CASSYSNGGLETQYF	TRBV6-5*01	TRBJ2-5	1
CASSYSNGVGEKLFF	TRBV6-5*01	TRBJ1-4	1
CASSYSNRDGELFF	TRBV6-5*01	TRBJ2-2	1
CASSYSNYKYEQYF	TRBV6-3*01	TRBJ2-7	1
CASSYSPAGGFYEQYF	TRBV6-5*01	TRBJ2-7	1
CASSYSPAGTGVHEQYF	TRBV6-5*01	TRBJ2-7	1
CASSYSPDSSSYEQYF	TRBV6-5*01	TRBJ2-7	1
CASSYSPGDNNYGYTF	TRBV6-3*01	TRBJ1-2	1
CASSYSPGGGETQYF	TRBV5-6*01	TRBJ2-5	1
CASSYSPGQGMNTEAFF	TRBV5-4*01	TRBJ1-1	1
CASSYSPGRDGYTF	TRBV6-3*01	TRBJ1-2	1
CASSYSPGSSPQHF	TRBV6-3*01	TRBJ1-5	1
CASSYSPGVAGGLVNEQFF	TRBV6-3*01	TRBJ2-1	1
CASSYSPLYNSPLHF	TRBV6-6*01	TRBJ1-6	1
CASSYSPNEQFF	TRBV6-5*01	TRBJ2-1	1
CASSYSPPGAQETQYF	TRBV6-3*01	TRBJ2-5	1
CASSYSPRQVDPYGYTF	TRBV6-6*01	TRBJ1-2	1
CASSYSPRVQGETQYF	TRBV6-6*01	TRBJ2-5	1
CASSYSPSGANVLTF	TRBV6-3*01	TRBJ2-6	1
CASSYSPSGANVLTF	TRBV6-5*01	TRBJ2-6	1
CASSYSPSRGEQFF	TRBV6-5*01	TRBJ2-1	1
CASSYSQGIGTGELFF	TRBV6-5*01	TRBJ2-2	1
CASSYSQGLYEQYF	TRBV6-5*01	TRBJ2-7	1
CASSYSQGMGKNIQYF	TRBV6-5*01	TRBJ2-4	1
CASSYSQGPVYEQYF	TRBV6-5*01	TRBJ2-7	1
CASSYSQGQGAVGELFF	TRBV6-5*01	TRBJ2-2	1
CASSYSQQDPTDTQYF	TRBV6-5*01	TRBJ2-3	1
CASSYSQSYEQYF	TRBV6-3*01	TRBJ2-7	1
CASSYSRAEGDTEAFF	TRBV6-6*01	TRBJ1-1	1
CASSYSREDYEQYF	TRBV6-6*01	TRBJ2-7	1
CASSYSREPYNEQFF	TRBV6-6*01	TRBJ2-1	1
CASSYSREYLHNEQFF	TRBV6-3*01	TRBJ2-1	1
CASSYSRFPYEQYF	TRBV6-5*01	TRBJ2-7	1
CASSYSRGAGDTGELFF	TRBV6-3*01	TRBJ2-2	1
CASSYSRGGSYNEQFF	TRBV6-6*01	TRBJ2-1	1
CASSYSRGLRGYTEAFF	TRBV6-5*01	TRBJ1-1	1
CASSYSRGSYNEQFF	TRBV6-5*01	TRBJ2-1	1
CASSYSRGVGGAQETQYF	TRBV6-6*01	TRBJ2-5	1
CASSYSRHDTEAFF	TRBV6-3*01	TRBJ1-1	1
CASSYSRLASSSYNEQFF	TRBV6-5*01	TRBJ2-1	1
CASSYSRLGVAGNTGELFF	TRBV6-3*01	TRBJ2-2	1
CASSYSRNTGELFF	TRBV6-5*01	TRBJ2-2	1
CASSYSRPNEQFF	TRBV6-5*01	TRBJ2-1	1
CASSYSRQETQYF	TRBV6-5*01	TRBJ2-5	1
CASSYSRQRSSYEQYF	TRBV6-5*01	TRBJ2-7	1
CASSYSRTSSYEQYF	TRBV6-3*01	TRBJ2-7	1
CASSYSRVNEQFF	TRBV6-5*01	TRBJ2-1	1
CASSYSRWGDEQFF	TRBV6-5*01	TRBJ2-1	1
CASSYSSAGTSAKNIQYF	TRBV6-5*01	TRBJ2-4	1
CASSYSSETQYF	TRBV6-3*01	TRBJ2-5	1
CASSYSSFGTDTQYF	TRBV6-3*01	TRBJ2-3	1
CASSYSSGGDNEQFF	TRBV6-5*01	TRBJ2-1	2
CASSYSSGGDYGYTF	TRBV6-3*01	TRBJ1-2	1
CASSYSSGGFNEQFF	TRBV6-5*01	TRBJ2-1	1
CASSYSSGGGGYTF	TRBV6-5*01	TRBJ1-2	1
CASSYSSGIVTGELFF	TRBV6-3*01	TRBJ2-2	2
CASSYSSGLGNTIYF	TRBV6-5*01	TRBJ1-3	1
CASSYSSGNTIYF	TRBV6-5*01	TRBJ1-3	2
CASSYSSGRAPMRYEQYF	TRBV13*01	TRBJ2-7	1
CASSYSSGTSGLSYEQYF	TRBV6-3*01	TRBJ2-7	1
CASSYSSGVGELFF	TRBV6-5*01	TRBJ2-2	1
CASSYSSGYTF	TRBV6-3*01	TRBJ1-2	1
CASSYSSLSTQETQYF	TRBV6-5*01	TRBJ2-5	1
CASSYSSPPEAFF	TRBV6-5*01	TRBJ1-1	1
CASSYSSQGYDEDTQYF	TRBV6-7*01	TRBJ2-3	1
CASSYSSSGGAIEQYF	TRBV6-5*01	TRBJ2-7	1
CASSYSSSGGSGDTQYF	TRBV6-3*01	TRBJ2-3	1
CASSYSSSYRGSRVGTEAFF	TRBV6-3*01	TRBJ1-1	1
CASSYSSTANSYEQYF	TRBV6-6*01	TRBJ2-7	1
CASSYSSTDTQYF	TRBV4-1*01	TRBJ2-3	1
CASSYSSTFRDNENIQYF	TRBV6-5*01	TRBJ2-4	1
CASSYSSTTGGGNGYTF	TRBV6-6*01	TRBJ1-2	1
CASSYSSVLGGQSSYNEQFF	TRBV6-5*01	TRBJ2-1	1
CASSYSSVRQNSPLHF	TRBV6-5*01	TRBJ1-6	1
CASSYSSVTEAFF	TRBV6-3*01	TRBJ1-1	1
CASSYSTDGELFF	TRBV6-5*01	TRBJ2-2	1
CASSYSTEGLRGAQYF	TRBV6-3*01	TRBJ2-3	1
CASSYSTEPSGNTIYF	TRBV6-3*01	TRBJ1-3	1
CASSYSTEQGREQYF	TRBV6-5*01	TRBJ2-7	1
CASSYSTGEGAQYF	TRBV6-5*01	TRBJ2-5	1
CASSYSTGGRGYTF	TRBV6-5*01	TRBJ1-2	1
CASSYSTGGSGYTF	TRBV6-3*01	TRBJ1-2	1
CASSYSTGRFTDTQYF	TRBV6-5*01	TRBJ2-3	1
CASSYSTGSTDTQYF	TRBV6-3*01	TRBJ2-3	1
CASSYSTGTVDYEQYF	TRBV6-5*01	TRBJ2-7	1
CASSYSTGYYGYTF	TRBV6-5*01	TRBJ1-2	1
CASSYSTKQGNYGYTF	TRBV6-3*01	TRBJ1-2	1
CASSYSTLYKFKFGDDF	TRBV6-3*01	TRBJ2-1	1
CASSYSTNTEAFF	TRBV6-5*01	TRBJ1-1	1
CASSYSTNVGDTEAFF	TRBV6-5*01	TRBJ1-1	1
CASSYSTPSWTDTQYF	TRBV6-5*01	TRBJ2-3	1
CASSYSTSGAYEQYF	TRBV6-5*01	TRBJ2-7	1
CASSYSTSGDNEQFF	TRBV6-5*01	TRBJ2-1	1
CASSYSTSGEGNEQFF	TRBV9*01	TRBJ2-1	1
CASSYSTSGGITDTQYF	TRBV6-3*01	TRBJ2-3	1
CASSYSTSGNTIYF	TRBV6-5*01	TRBJ1-3	4
CASSYSTSGSKQFF	TRBV6-5*01	TRBJ2-1	1
CASSYSTSPGELFF	TRBV6-5*01	TRBJ2-2	1
CASSYSTSSPYNEQFF	TRBV6-5*01	TRBJ2-1	1
CASSYSTSWNTGELFF	TRBV6-5*01	TRBJ2-2	1
CASSYSTTGSSYEQYF	TRBV6-3*01	TRBJ2-7	1
CASSYSTTGTGELFF	TRBV6-5*01	TRBJ2-2	1
CASSYSTWPSEQFF	TRBV6-6*01	TRBJ2-1	1
CASSYSVAGANVLTF	TRBV6-3*01	TRBJ2-6	1
CASSYSVAGLDTQYF	TRBV6-5*01	TRBJ2-3	1
CASSYSVGAAPYNEQFF	TRBV6-3*01	TRBJ2-1	2
CASSYSVGEQYF	TRBV6-5*01	TRBJ2-7	1
CASSYSVGIADTQYF	TRBV6-6*01	TRBJ2-3	1
CASSYSVGLTDTQYF	TRBV6-3*01	TRBJ2-3	1
CASSYSVLSSYNEQFF	TRBV6-5*01	TRBJ2-1	1
CASSYSVQVRYEQYF	TRBV6-5*01	TRBJ2-7	1
CASSYSVRETQYF	TRBV6-6*01	TRBJ2-5	1
CASSYSVRGTGELFF	TRBV6-5*01	TRBJ2-2	1
CASSYSVWGAHYGYTF	TRBV6-5*01	TRBJ1-2	1
CASSYSWDEQFF	TRBV6-3*01	TRBJ2-1	1
CASSYSWDGMNTEAFF	TRBV6-5*01	TRBJ1-1	1
CASSYSWDIPNQPQHF	TRBV6-3*01	TRBJ1-5	1
CASSYSWDTTNEKLFF	TRBV6-5*01	TRBJ1-4	1
CASSYSWGGAAKNIQYF	TRBV6-5*01	TRBJ2-4	1
CASSYSWRETDTQYF	TRBV6-3*01	TRBJ2-3	1
CASSYSYAGGRDTQYF	TRBV6-3*01	TRBJ2-3	1
CASSYSYEQYF	TRBV11-2*01	TRBJ2-7	1
CASSYSYEQYF	TRBV6-3*01	TRBJ2-7	1
CASSYSYEQYF	TRBV6-6*01	TRBJ2-7	1
CASSYSYEQYF	TRBV7-2*01	TRBJ2-7	1
CASSYSYGNTGELFF	TRBV6-5*01	TRBJ2-2	2
CASSYSYPPGDAFSGNTIYF	TRBV6-6*01	TRBJ1-3	1
CASSYSYRNEQYF	TRBV6-3*01	TRBJ2-7	1
CASSYTADQPQHF	TRBV6-3*01	TRBJ1-5	1
CASSYTAGELFF	TRBV7-9*01	TRBJ2-2	6
CASSYTAYEQYF	TRBV6-6*01	TRBJ2-7	1
CASSYTDQNTEAFF	TRBV6-3*01	TRBJ1-1	2
CASSYTDTGGAYGYTF	TRBV6-5*01	TRBJ1-2	1
CASSYTENTEAFF	TRBV27*01	TRBJ1-1	1
CASSYTENTEAFF	TRBV6-5*01	TRBJ1-1	1
CASSYTGAISGGYNEQFF	TRBV6-5*01	TRBJ2-1	1
CASSYTGALMNTEAFF	TRBV6-5*01	TRBJ1-1	1
CASSYTGGEQPQHF	TRBV6-3*01	TRBJ1-5	1
CASSYTGIYEQYF	TRBV6-6*01	TRBJ2-7	1
CASSYTGLGGYTF	TRBV25-1*01	TRBJ1-2	1
CASSYTGSSTDTQYF	TRBV12-3*01	TRBJ2-3	1
CASSYTGYSSPLHF	TRBV27*01	TRBJ1-6	1
CASSYTIHEQFF	TRBV6-3*01	TRBJ2-1	3
CASSYTISGSSGEQFF	TRBV6-5*01	TRBJ2-1	1
CASSYTLWETDTQYF	TRBV6-4*01	TRBJ2-3	1
CASSYTNTGELFF	TRBV7-2*01	TRBJ2-2	1
CASSYTPERALPNQPQHF	TRBV6-3*01	TRBJ1-5	5
CASSYTPGVRETYGYTF	TRBV6-5*01	TRBJ1-2	1
CASSYTPVILTGELFF	TRBV6-3*01	TRBJ2-2	1
CASSYTPVSMNTEAFF	TRBV6-5*01	TRBJ1-1	1
CASSYTRDRGVYEQYF	TRBV6-3*01	TRBJ2-7	1
CASSYTRDYGYTF	TRBV7-9*01	TRBJ1-2	1
CASSYTRSGTDTQYF	TRBV6-3*01	TRBJ2-3	1
CASSYTSGGDNEQFF	TRBV6-5*01	TRBJ2-1	1
CASSYTSGSHEQYF	TRBV28*01	TRBJ2-7	1
CASSYTSVQETQYF	TRBV12-4*01	TRBJ2-5	1
CASSYTWGEFEKLFF	TRBV6-5*01	TRBJ1-4	1
CASSYTWGTEAFF	TRBV27*01	TRBJ1-1	1
CASSYVAGGPNEQYF	TRBV6-5*01	TRBJ2-7	1
CASSYVAQETQYF	TRBV12-3*01	TRBJ2-5	1
CASSYVGESYEQYF	TRBV6-3*01	TRBJ2-7	1
CASSYVGGADTQYF	TRBV6-3*01	TRBJ2-3	1
CASSYVGGAGETQYF	TRBV7-6*01	TRBJ2-5	1
CASSYVGGGYEQYF	TRBV6-5*01	TRBJ2-7	1
CASSYVGGLTEAFF	TRBV6-5*01	TRBJ1-1	1
CASSYVGNTEAFF	TRBV6-3*01	TRBJ1-1	1
CASSYVGPGGDTQYF	TRBV6-5*01	TRBJ2-3	1
CASSYVGQQETQYF	TRBV6-6*01	TRBJ2-5	1
CASSYVGTSGVGETQYF	TRBV6-3*01	TRBJ2-5	1
CASSYVKAGALYEQYF	TRBV6-3*01	TRBJ2-7	1
CASSYVKQGPSYEQYF	TRBV6-6*01	TRBJ2-7	1
CASSYVLQTYEQYF	TRBV6-3*01	TRBJ2-7	1
CASSYVPAGGPGNIQYF	TRBV6-5*01	TRBJ2-4	1
CASSYVQGSTEAFF	TRBV6-3*01	TRBJ1-1	3
CASSYVRAGRTDTQYF	TRBV6-3*01	TRBJ2-3	1
CASSYVRNTEAFF	TRBV6-3*01	TRBJ1-1	1
CASSYVRQGYNSPLHF	TRBV6-6*01	TRBJ1-6	1
CASSYVSARDGNTIYF	TRBV6-3*01	TRBJ1-3	2
CASSYVSGGAVNEQFF	TRBV27*01	TRBJ2-1	1
CASSYVSSPLHF	TRBV6-3*01	TRBJ1-6	1
CASSYVTGLTYNEQFF	TRBV6-5*01	TRBJ2-1	1
CASSYVTSYEQYF	TRBV6-6*01	TRBJ2-7	1
CASSYWDTPTDTQYF	TRBV6-3*01	TRBJ2-3	1
CASSYWEGLSYEQYF	TRBV5-1*01	TRBJ2-7	1
CASSYWEQGWTEAFF	TRBV6-6*01	TRBJ1-1	1
CASSYWESTAFF	TRBV6-3*01	TRBJ1-1	2
CASSYWGFNQPQHF	TRBV6-3*01	TRBJ1-5	1
CASSYWGPSNYGYTF	TRBV6-5*01	TRBJ1-2	1
CASSYWGYYEQYF	TRBV6-3*01	TRBJ2-7	1
CASSYWNQPQHF	TRBV6-3*01	TRBJ1-5	1
CASSYWPDYGYTF	TRBV6-3*01	TRBJ1-2	1
CASSYWPRRLNTEAFF	TRBV6-5*01	TRBJ1-1	1
CASSYWPTYNEQFF	TRBV6-5*01	TRBJ2-1	1
CASSYWPVTRDSGRTNEKLFF	TRBV6-5*01	TRBJ1-4	1
CASSYWQGAYEQYF	TRBV6-5*01	TRBJ2-7	1
CASSYWRTGYNEQFF	TRBV6-3*01	TRBJ2-1	1
CASSYWTGNGYTF	TRBV6-5*01	TRBJ1-2	1
CASSYWTGTGELFF	TRBV11-2*01	TRBJ2-2	1
CASSYWTSSDNAKNIQYF	TRBV11-2*01	TRBJ2-4	1
CASSYWTSVAKNIQYF	TRBV7-2*01	TRBJ2-4	1
CASSYYELAGNIGEQFF	TRBV6-6*01	TRBJ2-1	1
CASSYYGTGGTEAFF	TRBV6-5*01	TRBJ1-1	1
CASSYYGWGTGELFF	TRBV6-3*01	TRBJ2-2	1
CASSYYLAGTSIYEQYF	TRBV6-6*01	TRBJ2-7	10
CASSYYNEQFF	TRBV4-3*01	TRBJ2-1	5
CASSYYPGPTSGRGYEQYF	TRBV6-6*01	TRBJ2-7	1
CASSYYQNYEQYF	TRBV6-3*01	TRBJ2-7	1
CASSYYSGLLFQETQYF	TRBV19*01	TRBJ2-5	1
CASSYYSLRVSNQPQHF	TRBV6-6*01	TRBJ1-5	1
CASSYYSNQPQHF	TRBV19*01	TRBJ1-5	3
CASSYYTGELFF	TRBV28*01	TRBJ2-2	1
CASSYYTGELFF	TRBV5-6*01	TRBJ2-2	1
CASSYYVGTGNTEAFF	TRBV6-6*01	TRBJ1-1	1
CASTAEGFHTDTQYF	TRBV2*01	TRBJ2-3	1
CASTAFSGANTGELFF	TRBV2*01	TRBJ2-2	1
CASTAGGGETQYF	TRBV3-1*01	TRBJ2-5	1
CASTAGGGLPSNEQFF	TRBV9*01	TRBJ2-1	1
CASTAGGREQYF	TRBV2*01	TRBJ2-7	1
CASTAGGWADTQYF	TRBV6-3*01	TRBJ2-3	1
CASTAGSHYGYTF	TRBV19*01	TRBJ1-2	1
CASTAGSPYNEQFF	TRBV6-5*01	TRBJ2-1	1
CASTAGTSDQETQYF	TRBV19*01	TRBJ2-5	1
CASTAGTTNVLTF	TRBV6-1*01	TRBJ2-6	1
CASTALGGGNSPLHF	TRBV6-1*01	TRBJ1-6	1
CASTALGLWYF	TRBV19*01	TRBJ2-7	1
CASTAPEGYGYTF	TRBV12-3*01	TRBJ1-2	1
CASTARDRPTYEQYF	TRBV7-9*01	TRBJ2-7	1
CASTATGEAFF	TRBV19*01	TRBJ1-1	1
CASTATGFGTQYF	TRBV7-6*01	TRBJ2-5	1
CASTAWENSYNEQFF	TRBV6-3*01	TRBJ2-1	1
CASTDFGSGANVLTF	TRBV19*01	TRBJ2-6	18
CASTDGVSYNEQFF	TRBV2*01	TRBJ2-1	2
CASTDGYNEQFF	TRBV19*01	TRBJ2-1	1
CASTDLLAKNIQYF	TRBV7-9*01	TRBJ2-4	1
CASTDPGLGWGYTF	TRBV6-6*01	TRBJ1-2	1
CASTDPTENTEAFF	TRBV6-3*01	TRBJ1-1	1
CASTDQGDGDGELFF	TRBV19*01	TRBJ2-2	1
CASTDRAGGGYEQYF	TRBV12-3*01	TRBJ2-7	1
CASTDSNTEAFF	TRBV27*01	TRBJ1-1	1
CASTDSPGLAGGYEQYF	TRBV6-3*01	TRBJ2-7	1
CASTDTGIPNYGYTF	TRBV3-1*01	TRBJ1-2	1
CASTDYGYTF	TRBV2*01	TRBJ1-2	1
CASTEADTQYF	TRBV10-2*01	TRBJ2-3	1
CASTEAGGLNTGELFF	TRBV6-5*01	TRBJ2-2	1
CASTEAGGTGELFF	TRBV19*01	TRBJ2-2	1
CASTEGFQPQHF	TRBV19*01	TRBJ1-5	1
CASTEGGAISDTQYF	TRBV9*01	TRBJ2-3	1
CASTEGSEQFF	TRBV2*01	TRBJ2-1	1
CASTEGSGMYNEQFF	TRBV14*01	TRBJ2-1	1
CASTEGTAGYEQYF	TRBV2*01	TRBJ2-7	1
CASTEHVNQPQHF	TRBV7-8*01	TRBJ1-5	1
CASTEILDVFNYGYTF	TRBV6-3*01	TRBJ1-2	1
CASTEINEQFF	TRBV2*01	TRBJ2-1	1
CASTELAGSTDTQYF	TRBV6-5*01	TRBJ2-3	1
CASTELTGAGANVLTF	TRBV6-1*01	TRBJ2-6	1
CASTELTGTGHTDTQYF	TRBV28*01	TRBJ2-3	1
CASTEPRRVYEQYF	TRBV6-3*01	TRBJ2-7	1
CASTEQGGFHGYTF	TRBV6-5*01	TRBJ1-2	3
CASTEQGVNTEAFF	TRBV19*01	TRBJ1-1	1
CASTERGQGDSPLHF	TRBV28*01	TRBJ1-6	1
CASTERRGVPYNEQFF	TRBV7-3*01	TRBJ2-1	1
CASTESGGSGNTEAFF	TRBV7-9*01	TRBJ1-1	1
CASTETGLRPEAFF	TRBV11-3*01	TRBJ1-1	1
CASTETRSDADTQYF	TRBV27*01	TRBJ2-3	1
CASTFDGTYGYTF	TRBV28*01	TRBJ1-2	1
CASTFESADTQYF	TRBV12-3*01	TRBJ2-3	1
CASTFGKTEAFF	TRBV7-9*01	TRBJ1-1	1
CASTFPLGPTYEQYF	TRBV7-9*01	TRBJ2-7	1
CASTFPPTYVDYGYTF	TRBV12-3*01	TRBJ1-2	1
CASTFRDKGDTQYF	TRBV5-1*01	TRBJ2-3	1
CASTFSGGRRGTDTQYF	TRBV12-4*01	TRBJ2-3	1
CASTGENNSPLHF	TRBV6-1*01	TRBJ1-6	1
CASTGGGGGSEQYF	TRBV5-1*01	TRBJ2-7	1
CASTGGGPQETQYF	TRBV12-3*01	TRBJ2-5	1
CASTGGGTDTQYF	TRBV6-1*01	TRBJ2-3	2
CASTGGLEQYF	TRBV6-6*01	TRBJ2-7	1
CASTGGNQPQHF	TRBV7-9*01	TRBJ1-5	1
CASTGGQMNTEAFF	TRBV3-1*01	TRBJ1-1	1
CASTGGSQETQYF	TRBV12-4*01	TRBJ2-5	1
CASTGGTDTQYF	TRBV2*01	TRBJ2-3	1
CASTGGTIGYTF	TRBV19*01	TRBJ1-2	1
CASTGLAGGIGETQYF	TRBV27*01	TRBJ2-5	1
CASTGLSGRETQYF	TRBV28*01	TRBJ2-5	1
CASTGNTGELFF	TRBV7-3*01	TRBJ2-2	1
CASTGPRDSYTGELFF	TRBV25-1*01	TRBJ2-2	1
CASTGPRSKTDTQYF	TRBV28*01	TRBJ2-3	1
CASTGPYTDTQYF	TRBV9*01	TRBJ2-3	1
CASTGQGRNSYEQYF	TRBV10-2*01	TRBJ2-7	1
CASTGQIYEQYF	TRBV6-1*01	TRBJ2-7	1
CASTGQPTSGASSYNEQFF	TRBV6-1*01	TRBJ2-1	1
CASTGRGRSGANVLTF	TRBV12-5*01	TRBJ2-6	1
CASTGRVGTDTQYF	TRBV7-9*01	TRBJ2-3	1
CASTGSGGADEQFF	TRBV6-6*01	TRBJ2-1	1
CASTGSNTDTQYF	TRBV5-5*01	TRBJ2-3	1
CASTGTGGHYEQYF	TRBV5-6*01	TRBJ2-7	1
CASTGTGGRAFF	TRBV19*01	TRBJ1-1	1
CASTGTGVSSYEQYF	TRBV2*01	TRBJ2-7	1
CASTGTGYTDTQYF	TRBV19*01	TRBJ2-3	1
CASTGTPAGISHTGELFF	TRBV12-3*01	TRBJ2-2	1
CASTGTSASYEQYF	TRBV6-5*01	TRBJ2-7	1
CASTGTSGTYEQYF	TRBV6-3*01	TRBJ2-7	1
CASTGTVPPYEQYF	TRBV6-1*01	TRBJ2-7	1
CASTGTVSYEQYF	TRBV5-1*01	TRBJ2-7	1
CASTGTWETQYF	TRBV6-3*01	TRBJ2-5	1
CASTGVDTEAFF	TRBV5-4*01	TRBJ1-1	1
CASTGVGSYEQYF	TRBV19*01	TRBJ2-7	1
CASTGWGQGEETQYF	TRBV5-6*01	TRBJ2-5	1
CASTGWGTEAFF	TRBV25-1*01	TRBJ1-1	1
CASTGWWSFATSTDTQYF	TRBV28*01	TRBJ2-3	1
CASTHAPGLAGRGRYNEQFF	TRBV6-3*01	TRBJ2-1	1
CASTHGTNPYEQYF	TRBV28*01	TRBJ2-7	1
CASTHGVGGPNTGELFF	TRBV7-9*01	TRBJ2-2	1
CASTHLLGGTGELFF	TRBV25-1*01	TRBJ2-2	1
CASTHLRLGTDTQYF	TRBV7-9*01	TRBJ2-3	1
CASTHQRRYPYEQYF	TRBV7-8*01	TRBJ2-7	1
CASTHRGTVLEQYF	TRBV6-3*01	TRBJ2-7	1
CASTHSGGNTGELFF	TRBV6-3*01	TRBJ2-2	1
CASTHSIAGPYNEQFF	TRBV4-3*01	TRBJ2-1	1
CASTHSPLSQFF	TRBV12-4*01	TRBJ2-1	1
CASTHVGQGMQPQHF	TRBV6-3*01	TRBJ1-5	1
CASTHYSGSETQYF	TRBV28*01	TRBJ2-5	1
CASTIAGAPYNEQFF	TRBV19*01	TRBJ2-1	1
CASTIDATSTSLGAKNIQYF	TRBV6-3*01	TRBJ2-4	1
CASTIFWTGTYYEQYF	TRBV2*01	TRBJ2-7	1
CASTIGLAESSYEQYF	TRBV28*01	TRBJ2-7	1
CASTIGTGGDYGYTF	TRBV19*01	TRBJ1-2	1
CASTIIGTYGYTF	TRBV28*01	TRBJ1-2	1
CASTIIPGLAGPREETQYF	TRBV19*01	TRBJ2-5	1
CASTILGDYSYNEQFF	TRBV12-3*01	TRBJ2-1	1
CASTISGGPNQPQHF	TRBV12-3*01	TRBJ1-5	1
CASTISSSLGYTF	TRBV19*01	TRBJ1-2	1
CASTKDGQREQYF	TRBV6-3*01	TRBJ2-7	1
CASTKGATLWDSYEQYF	TRBV2*01	TRBJ2-7	1
CASTKGGGRGDTQYF	TRBV9*01	TRBJ2-3	1
CASTKGGPYGYTF	TRBV6-5*01	TRBJ1-2	1
CASTKGSVTEAFF	TRBV6-5*01	TRBJ1-1	1
CASTKGYAEKLFF	TRBV6-1*01	TRBJ1-4	1
CASTKLAGGETQYF	TRBV6-1*01	TRBJ2-5	1
CASTKQKNTEAFF	TRBV12-3*01	TRBJ1-1	1
CASTKSSTDTQYF	TRBV6-3*01	TRBJ2-3	1
CASTKTKWDTEAFF	TRBV19*01	TRBJ1-1	1
CASTKVAAGTSGIKAGELFF	TRBV4-2*01	TRBJ2-2	1
CASTKWDLLTDTQYF	TRBV9*01	TRBJ2-3	1
CASTLADSYNEQFF	TRBV18*01	TRBJ2-1	1
CASTLAEDTGELFF	TRBV28*01	TRBJ2-2	1
CASTLAGEQTQYF	TRBV3-1*01	TRBJ2-5	1
CASTLAGGNNEQFF	TRBV6-5*01	TRBJ2-1	1
CASTLAGGTYEQYF	TRBV28*01	TRBJ2-7	1
CASTLAGSSYNEQFF	TRBV12-3*01	TRBJ2-1	1
CASTLAGVTNEQFF	TRBV2*01	TRBJ2-1	1
CASTLDAGSGANVLTF	TRBV6-6*01	TRBJ2-6	1
CASTLDKNTEAFF	TRBV7-9*01	TRBJ1-1	1
CASTLDRLGTDTQYF	TRBV19*01	TRBJ2-3	1
CASTLGAIDTEAFF	TRBV5-1*01	TRBJ1-1	1
CASTLGDRGYQETQYF	TRBV28*01	TRBJ2-5	1
CASTLGEGSEAFF	TRBV6-3*01	TRBJ1-1	1
CASTLGGGEEQYF	TRBV5-4*01	TRBJ2-7	1
CASTLGGGLDEQYF	TRBV12-3*01	TRBJ2-7	1
CASTLGGGPGDTQYF	TRBV9*01	TRBJ2-3	1
CASTLGGKETQYF	TRBV3-1*01	TRBJ2-5	1
CASTLGGNPEAFF	TRBV12-3*01	TRBJ1-1	1
CASTLGGTVNYGYTF	TRBV5-5*01	TRBJ1-2	1
CASTLGNQPQHF	TRBV7-9*01	TRBJ1-5	1
CASTLGPFRLAGGAGDTQYF	TRBV12-3*01	TRBJ2-3	1
CASTLGRGHYEQYF	TRBV28*01	TRBJ2-7	1
CASTLGTPITEAFF	TRBV12-3*01	TRBJ1-1	1
CASTLGVGGSYEQYF	TRBV9*01	TRBJ2-7	1
CASTLGWGGDSEAFF	TRBV19*01	TRBJ1-1	1
CASTLGYGYTF	TRBV6-6*01	TRBJ1-2	1
CASTLITGELFF	TRBV28*01	TRBJ2-2	1
CASTLIVGQAAYGYTF	TRBV19*01	TRBJ1-2	1
CASTLKPGYNEQFF	TRBV3-1*01	TRBJ2-1	1
CASTLKPRVGSANTGELFF	TRBV9*01	TRBJ2-2	1
CASTLKYAVSGNTIYF	TRBV19*01	TRBJ1-3	1
CASTLLAGVDTQYF	TRBV12-4*01	TRBJ2-3	1
CASTLLDTNEQFF	TRBV5-4*01	TRBJ2-1	1
CASTLLEGVSGNTIYF	TRBV6-1*01	TRBJ1-3	1
CASTLLGPRTGELFF	TRBV27*01	TRBJ2-2	1
CASTLLWVSYNSPLHF	TRBV6-5*01	TRBJ1-6	1
CASTLMDGYTF	TRBV6-5*01	TRBJ1-2	1
CASTLMGSSYNSPLHF	TRBV28*01	TRBJ1-6	1
CASTLPEGRVNTEAFF	TRBV2*01	TRBJ1-1	1
CASTLPGNTEAFF	TRBV7-9*01	TRBJ1-1	1
CASTLPGRDEAFF	TRBV12-3*01	TRBJ1-1	1
CASTLPLQTGTRGYEQYF	TRBV6-3*01	TRBJ2-7	1
CASTLQASISNQPQHF	TRBV6-4*01	TRBJ1-5	1
CASTLQGARNEQYF	TRBV6-3*01	TRBJ2-7	1
CASTLQGPNGYTF	TRBV12-4*01	TRBJ1-2	1
CASTLRDSINTGELFF	TRBV6-5*01	TRBJ2-2	1
CASTLRDTEAFF	TRBV6-6*01	TRBJ1-1	1
CASTLRGESTEAFF	TRBV28*01	TRBJ1-1	1
CASTLRGGQGPLNEQFF	TRBV7-3*01	TRBJ2-1	1
CASTLRGQGDWRNSPLHF	TRBV6-5*01	TRBJ1-6	2
CASTLRGRAIDTQYF	TRBV5-7*01	TRBJ2-3	1
CASTLRGTGVETQYF	TRBV5-4*01	TRBJ2-5	1
CASTLRVGDYNEQFF	TRBV7-7*01	TRBJ2-1	1
CASTLRVSGVYEQYF	TRBV27*01	TRBJ2-7	1
CASTLSSGSFREQYF	TRBV5-8*01	TRBJ2-7	1
CASTLTGASYEQYF	TRBV11-2*01	TRBJ2-7	1
CASTLTGAYGYTF	TRBV3-1*01	TRBJ1-2	1
CASTLTGDSNQPQHF	TRBV27*01	TRBJ1-5	1
CASTLTGLADTYNEQFF	TRBV6-3*01	TRBJ2-1	1
CASTLTGTHYNEQFF	TRBV19*01	TRBJ2-1	1
CASTLTGVNTEAFF	TRBV2*01	TRBJ1-1	1
CASTLTRGAHEQYF	TRBV13*01	TRBJ2-7	1
CASTLTSGGADRGDTQYF	TRBV2*01	TRBJ2-3	1
CASTLTSGSYFSYNEQFF	TRBV19*01	TRBJ2-1	1
CASTLTVVLEQFF	TRBV2*01	TRBJ2-1	1
CASTLVGGGTGELFF	TRBV27*01	TRBJ2-2	1
CASTLVGGRNTEAFF	TRBV6-5*01	TRBJ1-1	2
CASTLVPSTDTQYF	TRBV12-4*01	TRBJ2-3	1
CASTLVSGSYEQYF	TRBV28*01	TRBJ2-7	1
CASTLWGAPNYGYTF	TRBV5-6*01	TRBJ1-2	1
CASTLWREGPYEQYF	TRBV28*01	TRBJ2-7	1
CASTMMEKDEKLFF	TRBV19*01	TRBJ1-4	1
CASTMNRGLETQYF	TRBV6-3*01	TRBJ2-5	1
CASTMSLAEQFF	TRBV12-3*01	TRBJ2-1	1
CASTMTGANTEAFF	TRBV5-6*01	TRBJ1-1	1
CASTNDVNEQFF	TRBV6-6*01	TRBJ2-1	1
CASTNGANEQFF	TRBV19*01	TRBJ2-1	1
CASTNIGTDTQYF	TRBV28*01	TRBJ2-3	2
CASTNLKTGGDRNEQFF	TRBV6-3*01	TRBJ2-1	1
CASTNPGRNNSPLHF	TRBV6-3*01	TRBJ1-6	1
CASTNQGANTEAFF	TRBV6-5*01	TRBJ1-1	1
CASTNSAGGYEQYF	TRBV28*01	TRBJ2-7	1
CASTNTRESAKNIQYF	TRBV28*01	TRBJ2-4	6
CASTPAADDRPVGNTIYF	TRBV6-5*01	TRBJ1-3	1
CASTPAASVDTQYF	TRBV12-4*01	TRBJ2-3	1
CASTPAGDYNEQFF	TRBV6-6*01	TRBJ2-1	1
CASTPAGGHEQYF	TRBV6-3*01	TRBJ2-7	1
CASTPAGGLSYNEQFF	TRBV27*01	TRBJ2-1	1
CASTPAGGSLPNTEAFF	TRBV9*01	TRBJ1-1	1
CASTPATNEKLFF	TRBV6-6*01	TRBJ1-4	1
CASTPDQGGEQYF	TRBV9*01	TRBJ2-7	1
CASTPDRGLTEAFF	TRBV6-3*01	TRBJ1-1	8
CASTPDTDTQYF	TRBV12-4*01	TRBJ2-3	1
CASTPDTLDGYTF	TRBV6-6*01	TRBJ1-2	1
CASTPENQETQYF	TRBV28*01	TRBJ2-5	1
CASTPGEPNSPLHF	TRBV27*01	TRBJ1-6	1
CASTPGGDSYTF	TRBV12-3*01	TRBJ1-2	1
CASTPGGFGYTF	TRBV2*01	TRBJ1-2	1
CASTPGGIDTQYF	TRBV19*01	TRBJ2-3	1
CASTPGGQGYTEAFF	TRBV2*01	TRBJ1-1	1
CASTPGGRADYEQYF	TRBV9*01	TRBJ2-7	1
CASTPGGSSYEQYF	TRBV7-9*01	TRBJ2-7	1
CASTPGGSTDTQYF	TRBV12-4*01	TRBJ2-3	1
CASTPGGVEEQFF	TRBV19*01	TRBJ2-1	1
CASTPGLDIGGPFTDTQYF	TRBV5-6*01	TRBJ2-3	1
CASTPGLMNTEAFF	TRBV12-3*01	TRBJ1-1	1
CASTPGLPNYGYTF	TRBV12-3*01	TRBJ1-2	1
CASTPGPATNEKLFF	TRBV2*01	TRBJ1-4	1
CASTPGQANSPLHF	TRBV12-3*01	TRBJ1-6	1
CASTPGQGGSPLHF	TRBV6-5*01	TRBJ1-6	1
CASTPGQGLYGYTF	TRBV7-9*01	TRBJ1-2	9
CASTPGQGVGGYTF	TRBV27*01	TRBJ1-2	1
CASTPGQGVGNTIYF	TRBV19*01	TRBJ1-3	1
CASTPGQISIAPYEQYF	TRBV27*01	TRBJ2-7	1
CASTPGRGNTDTQYF	TRBV9*01	TRBJ2-3	1
CASTPGTNYNEQFF	TRBV12-3*01	TRBJ2-1	1
CASTPGTSAYNEQFF	TRBV27*01	TRBJ2-1	2
CASTPGTSLQETQYF	TRBV28*01	TRBJ2-5	1
CASTPGVGTDTQYF	TRBV21-1*01	TRBJ2-3	1
CASTPGWGSSGNTIYF	TRBV2*01	TRBJ1-3	1
CASTPGYMNTEAFF	TRBV10-2*01	TRBJ1-1	1
CASTPIVGGHHTEAFF	TRBV6-3*01	TRBJ1-1	1
CASTPKGDRDEQYF	TRBV27*01	TRBJ2-7	1
CASTPLAGGPRGTDTQYF	TRBV9*01	TRBJ2-3	1
CASTPNEFPYNEQFF	TRBV19*01	TRBJ2-1	1
CASTPPDRGPFEQYF	TRBV6-5*01	TRBJ2-7	1
CASTPPGTVYEQYF	TRBV5-1*01	TRBJ2-7	1
CASTPPLASGRYYEQYF	TRBV7-9*01	TRBJ2-7	1
CASTPPRGTQYF	TRBV28*01	TRBJ2-3	1
CASTPPRLVRWETQYF	TRBV7-2*01	TRBJ2-5	1
CASTPQEFVYGYTF	TRBV19*01	TRBJ1-2	1
CASTPQFGTGNTIYF	TRBV27*01	TRBJ1-3	1
CASTPRASYEQYF	TRBV7-9*01	TRBJ2-7	1
CASTPRGLSSYNSPLHF	TRBV27*01	TRBJ1-6	1
CASTPRGSAGYTF	TRBV10-2*01	TRBJ1-2	6
CASTPRRLGLFPSSGNTIYF	TRBV6-6*01	TRBJ1-3	80
CASTPRSGGSYNEQFF	TRBV6-3*01	TRBJ2-1	1
CASTPSFEGTYEQYF	TRBV28*01	TRBJ2-7	1
CASTPSGASYNEQFF	TRBV4-3*01	TRBJ2-1	1
CASTPSGVSGTEAFF	TRBV6-1*01	TRBJ1-1	1
CASTPSPGGGYEQYF	TRBV28*01	TRBJ2-7	1
CASTPSQPNEKLFF	TRBV10-2*01	TRBJ1-4	1
CASTPSRASGGYLLETQYF	TRBV2*01	TRBJ2-5	1
CASTPSTSGVIEQYF	TRBV6-1*01	TRBJ2-7	1
CASTPTGAFQETQYF	TRBV9*01	TRBJ2-5	1
CASTPTGGNTEAFF	TRBV6-5*01	TRBJ1-1	1
CASTPTGGNTEAFF	TRBV9*01	TRBJ1-1	1
CASTPTGTGGTGELFF	TRBV25-1*01	TRBJ2-2	1
CASTPTGTGNYGYTF	TRBV25-1*01	TRBJ1-2	1
CASTPTGTYNEQFF	TRBV7-8*01	TRBJ2-1	3
CASTPTSGEETQYF	TRBV6-3*01	TRBJ2-5	1
CASTPTSGREDEQFF	TRBV13*01	TRBJ2-1	1
CASTPTSGTYTDTQYF	TRBV7-9*01	TRBJ2-3	1
CASTPTSKADTQYF	TRBV2*01	TRBJ2-3	1
CASTPWAGGTYEQYF	TRBV28*01	TRBJ2-7	1
CASTPWGGETQYF	TRBV28*01	TRBJ2-5	1
CASTPWGSGSHAGNTIYF	TRBV7-3*01	TRBJ1-3	1
CASTPYFQRPSEQFF	TRBV6-3*01	TRBJ2-1	1
CASTQAGESNQPQHF	TRBV19*01	TRBJ1-5	1
CASTQELRDASRLNTEAFF	TRBV3-1*01	TRBJ1-1	1
CASTQGANTEAFF	TRBV6-5*01	TRBJ1-1	1
CASTQGAYSEAFF	TRBV6-5*01	TRBJ1-1	1
CASTQGFDNEQFF	TRBV11-2*01	TRBJ2-1	1
CASTQGGGTGSFYEQYF	TRBV6-5*01	TRBJ2-7	19
CASTQGGNQPQHF	TRBV6-3*01	TRBJ1-5	1
CASTQGGTEAFF	TRBV12-4*01	TRBJ1-1	1
CASTQGIVGNTEAFF	TRBV3-1*01	TRBJ1-1	1
CASTQGLEQYF	TRBV7-9*01	TRBJ2-7	1
CASTQGLGAEQYF	TRBV6-5*01	TRBJ2-7	1
CASTQGTGGADGYTF	TRBV12-3*01	TRBJ1-2	1
CASTQGYGGTEAFF	TRBV28*01	TRBJ1-1	1
CASTQIFGNYGYTF	TRBV28*01	TRBJ1-2	1
CASTQIPTTSTDTQYF	TRBV21-1*01	TRBJ2-3	1
CASTQNRENTEAFF	TRBV27*01	TRBJ1-1	1
CASTQNRGYTF	TRBV16*01	TRBJ1-2	2
CASTQPRAGANVLTF	TRBV28*01	TRBJ2-6	1
CASTQPTRGVTDTQYF	TRBV6-1*01	TRBJ2-3	1
CASTQQGAADTQYF	TRBV6-6*01	TRBJ2-3	1
CASTQRRETNYGYTF	TRBV6-3*01	TRBJ1-2	1
CASTQTEAFF	TRBV7-9*01	TRBJ1-1	1
CASTQTGGRGDRNYGYTF	TRBV6-5*01	TRBJ1-2	1
CASTQWQGGATNEKLFF	TRBV6-6*01	TRBJ1-4	1
CASTRALYQETQYF	TRBV6-6*01	TRBJ2-5	1
CASTRDRPTLGYTF	TRBV13*01	TRBJ1-2	3
CASTRDVLMAGELFF	TRBV6-6*01	TRBJ2-2	1
CASTRDVSGELFF	TRBV27*01	TRBJ2-2	3
CASTRDVYSNQPQHF	TRBV28*01	TRBJ1-5	1
CASTREGFWGDNPRTDTQYF	TRBV6-3*01	TRBJ2-3	1
CASTRGDGFPVTDTQYF	TRBV28*01	TRBJ2-3	1
CASTRGGEQYF	TRBV6-1*01	TRBJ2-7	1
CASTRGPRPEAFF	TRBV12-3*01	TRBJ1-1	1
CASTRGRGADGYTF	TRBV6-3*01	TRBJ1-2	1
CASTRGWAEAFF	TRBV5-8*01	TRBJ1-1	1
CASTRGYEQYF	TRBV7-2*01	TRBJ2-7	1
CASTRGYTGELFF	TRBV28*01	TRBJ2-2	1
CASTRINSPLHF	TRBV5-6*01	TRBJ1-6	1
CASTRLAETQETQYF	TRBV28*01	TRBJ2-5	1
CASTRLAETSGEQYF	TRBV6-3*01	TRBJ2-7	1
CASTRLAGAGTDTQYF	TRBV27*01	TRBJ2-3	7
CASTRLAGASTDTQYF	TRBV7-6*01	TRBJ2-3	1
CASTRLAGATDTQYF	TRBV27*01	TRBJ2-3	1
CASTRLGTSGSRQYF	TRBV27*01	TRBJ2-7	1
CASTRLPGNEQFF	TRBV27*01	TRBJ2-1	1
CASTRLQGLITDTQYF	TRBV7-2*01	TRBJ2-3	1
CASTRMTMGLPEQYF	TRBV6-3*01	TRBJ2-7	1
CASTRPDGTDTQYF	TRBV2*01	TRBJ2-3	1
CASTRRDTDTQYF	TRBV19*01	TRBJ2-3	1
CASTRRGPLSSYNSPLHF	TRBV28*01	TRBJ1-6	1
CASTRRLGRTTGNQPQHF	TRBV6-1*01	TRBJ1-5	1
CASTRRRGRYGYTF	TRBV12-4*01	TRBJ1-2	1
CASTRRVREAGGDYEQYF	TRBV5-6*01	TRBJ2-7	1
CASTRSGGNQPQHF	TRBV5-6*01	TRBJ1-5	1
CASTRSRETQYF	TRBV7-9*01	TRBJ2-5	1
CASTRSYNSPLHF	TRBV12-4*01	TRBJ1-6	1
CASTRTEPNTGELFF	TRBV19*01	TRBJ2-2	1
CASTRTFLNTEAFF	TRBV28*01	TRBJ1-1	1
CASTRTGWNEAFF	TRBV11-2*01	TRBJ1-1	1
CASTRTLFANEQFF	TRBV28*01	TRBJ2-1	1
CASTRTSVLTGELFF	TRBV6-3*01	TRBJ2-2	1
CASTRVGGDYGYTF	TRBV27*01	TRBJ1-2	1
CASTRVGSTEAFF	TRBV19*01	TRBJ1-1	1
CASTRYRAPRRGETQYF	TRBV7-8*01	TRBJ2-5	1
CASTSAGTPSYEQYF	TRBV12-3*01	TRBJ2-7	1
CASTSEPGDEKLFF	TRBV7-2*01	TRBJ1-4	1
CASTSFGGGPLNEQFF	TRBV5-4*01	TRBJ2-1	1
CASTSGDNEQFF	TRBV11-1*01	TRBJ2-1	1
CASTSGENTEAFF	TRBV6-1*01	TRBJ1-1	1
CASTSGGATGELFF	TRBV27*01	TRBJ2-2	1
CASTSGGAWEKLFF	TRBV6-5*01	TRBJ1-4	1
CASTSGGAYNEQFF	TRBV19*01	TRBJ2-1	1
CASTSGGPSYNEQFF	TRBV12-3*01	TRBJ2-1	1
CASTSGGSPLHF	TRBV27*01	TRBJ1-6	1
CASTSGIDNEQFF	TRBV6-5*01	TRBJ2-1	1
CASTSGLAPYEQYF	TRBV13*01	TRBJ2-7	1
CASTSGMRERDEAFF	TRBV6-3*01	TRBJ1-1	1
CASTSGPSYNEQFF	TRBV9*01	TRBJ2-1	1
CASTSGRNTYEQYF	TRBV19*01	TRBJ2-7	1
CASTSGTPSSYNEQFF	TRBV9*01	TRBJ2-1	1
CASTSGTPTNIQYF	TRBV6-3*01	TRBJ2-4	1
CASTSGVYQPQHF	TRBV19*01	TRBJ1-5	3
CASTSLGTSGNTGELFF	TRBV27*01	TRBJ2-2	1
CASTSLVQGAYEQYF	TRBV12-4*01	TRBJ2-7	1
CASTSMEKDTQYF	TRBV19*01	TRBJ2-3	1
CASTSPEGRNTEAFF	TRBV5-4*01	TRBJ1-1	1
CASTSRWGTEAFF	TRBV27*01	TRBJ1-1	1
CASTSSGGPAGAGELFF	TRBV6-3*01	TRBJ2-2	1
CASTSSGSYEQYF	TRBV27*01	TRBJ2-7	1
CASTSSPVSSQHF	TRBV12-4*01	TRBJ1-5	1
CASTSSRLDWADTQYF	TRBV7-2*01	TRBJ2-3	1
CASTSTGNGYTF	TRBV6-5*01	TRBJ1-2	1
CASTSVISEQYF	TRBV6-3*01	TRBJ2-7	1
CASTSVRRGTPLNTGELFF	TRBV12-4*01	TRBJ2-2	1
CASTSVVGEQYF	TRBV6-3*01	TRBJ2-7	1
CASTTASYGYGYTF	TRBV9*01	TRBJ1-2	1
CASTTDSYNEQFF	TRBV6-5*01	TRBJ2-1	1
CASTTGEGAWAKNIQYF	TRBV5-6*01	TRBJ2-4	1
CASTTGGGDEKLFF	TRBV19*01	TRBJ1-4	1
CASTTGRVSGNTIYF	TRBV6-3*01	TRBJ1-3	1
CASTTGSDLLEQYF	TRBV12-4*01	TRBJ2-7	1
CASTTGTGGSPLHF	TRBV27*01	TRBJ1-6	1
CASTTIGGSYNEQFF	TRBV6-3*01	TRBJ2-1	1
CASTTIWEGTLENTQYF	TRBV19*01	TRBJ2-3	1
CASTTLWGGIGAGELFF	TRBV2*01	TRBJ2-2	1
CASTTPADGLSGTSGSSYEQYF	TRBV6-6*01	TRBJ2-7	1
CASTTPGQSYEQYF	TRBV7-2*01	TRBJ2-7	1
CASTTPLAATYEQYF	TRBV28*01	TRBJ2-7	1
CASTTSADTQYF	TRBV6-3*01	TRBJ2-3	1
CASTTSELAKNIQYF	TRBV6-5*01	TRBJ2-4	1
CASTTSGLSTDTQYF	TRBV28*01	TRBJ2-3	1
CASTTTGGETQYF	TRBV19*01	TRBJ2-5	1
CASTTTGTSSYEQYF	TRBV28*01	TRBJ2-7	1
CASTTTPYEQYF	TRBV2*01	TRBJ2-7	1
CASTTVQGGYTF	TRBV19*01	TRBJ1-2	1
CASTTWGEGTYEQYF	TRBV6-1*01	TRBJ2-7	1
CASTTWVNNQPQHF	TRBV6-3*01	TRBJ1-5	1
CASTVAGQETQYF	TRBV12-4*01	TRBJ2-5	1
CASTVGDRGRETQYF	TRBV12-3*01	TRBJ2-5	1
CASTVGGSGANVLTF	TRBV28*01	TRBJ2-6	1
CASTVGSTEAFF	TRBV7-9*01	TRBJ1-1	2
CASTVQGGNEQFF	TRBV5-8*01	TRBJ2-1	1
CASTVQQGATEAFF	TRBV6-5*01	TRBJ1-1	1
CASTVRGLAADTQYF	TRBV6-3*01	TRBJ2-3	1
CASTVSGLAGDTQYF	TRBV2*01	TRBJ2-3	1
CASTVSGSGADTQYF	TRBV11-1*01	TRBJ2-3	1
CASTVYGGGRSGELFF	TRBV6-3*01	TRBJ2-2	1
CASTWGGQPQHF	TRBV7-9*01	TRBJ1-5	1
CASTWGTGREVQYF	TRBV12-3*01	TRBJ2-3	1
CASTWMVKTEAFF	TRBV12-3*01	TRBJ1-1	1
CASTWTGQVNNEQFF	TRBV5-1*01	TRBJ2-1	1
CASTWTGRYGYTF	TRBV3-1*01	TRBJ1-2	1
CASTWTSDSNQPQHF	TRBV6-5*01	TRBJ1-5	1
CASTYAVTGNTEAFF	TRBV4-3*01	TRBJ1-1	2
CASTYGQGYYEQYF	TRBV7-9*01	TRBJ2-7	1
CASTYGSSSYEQYF	TRBV19*01	TRBJ2-7	1
CASTYLENYGYTF	TRBV25-1*01	TRBJ1-2	1
CASTYLGGSLDGYTF	TRBV5-4*01	TRBJ1-2	1
CASTYRWTSGGAGGSYNEQFF	TRBV5-1*01	TRBJ2-1	1
CASTYSGAYEQYF	TRBV7-9*01	TRBJ2-7	1
CASTYSPLSHRTDTQYF	TRBV2*01	TRBJ2-3	1
CASTYTGGAGSEQYF	TRBV6-3*01	TRBJ2-7	1
CASTYYPGTGAYEQYF	TRBV2*01	TRBJ2-7	1
CASVAPVAGDASYNEQFF	TRBV25-1*01	TRBJ2-1	1
CASVDGYTEAFF	TRBV25-1*01	TRBJ1-1	1
CASVEGIAGELFF	TRBV6-1*01	TRBJ2-2	1
CASVFTSGGADDTQYF	TRBV12-3*01	TRBJ2-3	1
CASVGCYGYTF	TRBV7-6*01	TRBJ1-2	1
CASVGGAGEQYF	TRBV5-1*01	TRBJ2-7	1
CASVGIGLTDTQYF	TRBV19*01	TRBJ2-3	1
CASVGPTNEKLFF	TRBV7-8*01	TRBJ1-4	1
CASVLGAGGGGNQPQHF	TRBV6-3*01	TRBJ1-5	1
CASVLGDGLISYNEQFF	TRBV2*01	TRBJ2-1	1
CASVNIGSTDTQYF	TRBV9*01	TRBJ2-3	1
CASVPRGGQLHSPLHF	TRBV5-6*01	TRBJ1-6	1
CASVRGRGTEAFF	TRBV12-3*01	TRBJ1-1	1
CASVRQGAAGYTF	TRBV7-9*01	TRBJ1-2	1
CASVSSGGNPYNEQFF	TRBV7-2*01	TRBJ2-1	1
CASVTSGGSYNEQFF	TRBV7-9*01	TRBJ2-1	1
CASWDRNTHEQFF	TRBV4-3*01	TRBJ2-1	1
CASWEGSNTGELFF	TRBV5-1*01	TRBJ2-2	1
CASWGGEAFF	TRBV7-8*01	TRBJ1-1	1
CASWGGTGELFF	TRBV19*01	TRBJ2-2	1
CASWGKGKGSWRVSREAFF	TRBV6-3*01	TRBJ1-1	1
CASWGKSFNEQFF	TRBV25-1*01	TRBJ2-1	1
CASWGLADSYNEQFF	TRBV7-9*01	TRBJ2-1	1
CASWGQAPTNYGYTF	TRBV2*01	TRBJ1-2	1
CASWGTGGTEAFF	TRBV21-1*01	TRBJ1-1	1
CASWPGRSSGNTIYF	TRBV28*01	TRBJ1-3	1
CASWPGTRNTEAFF	TRBV19*01	TRBJ1-1	1
CASWPRPSAITEAFF	TRBV7-2*01	TRBJ1-1	1
CASWTGDSNQPQHF	TRBV19*01	TRBJ1-5	1
CASWTGGGEKLFF	TRBV19*01	TRBJ1-4	1
CASWTSGPYEQYF	TRBV6-3*01	TRBJ2-7	1
CASWTVSSYNEQFF	TRBV10-2*01	TRBJ2-1	1
CASYGGEQYF	TRBV6-3*01	TRBJ2-7	1
CASYGTGDNYGYTF	TRBV18*01	TRBJ1-2	1
CASYLTGDNTDTQYF	TRBV12-4*01	TRBJ2-3	1
CASYNWASGSYEQYF	TRBV2*01	TRBJ2-7	1
CASYPLARNTEAFF	TRBV28*01	TRBJ1-1	1
CASYQAARAFF	TRBV6-5*01	TRBJ1-1	1
CASYSGGAFYEQYF	TRBV5-6*01	TRBJ2-7	1
CASYSQGLSNQPQHF	TRBV28*01	TRBJ1-5	1
CASYTPENTGELFF	TRBV6-1*01	TRBJ2-2	1
CATAAENRNEQFF	TRBV3-1*01	TRBJ2-1	1
CATAAGHTSYGYTF	TRBV27*01	TRBJ1-2	1
CATAGLRGTDTQYF	TRBV10-3*01	TRBJ2-3	1
CATALGDSYEQYF	TRBV6-1*01	TRBJ2-7	1
CATAPGQGAYEQYF	TRBV27*01	TRBJ2-7	1
CATAPLTRGEQFF	TRBV12-3*01	TRBJ2-1	1
CATARGGDEPQHF	TRBV5-5*01	TRBJ1-5	1
CATASGVQGIPVNTKAFF	TRBV19*01	TRBJ1-1	1
CATASPPLVNEQFF	TRBV28*01	TRBJ2-1	1
CATATGGWIDTQYF	TRBV6-5*01	TRBJ2-3	1
CATATGRGQPQHF	TRBV28*01	TRBJ1-5	1
CATAWQDASTDTQYF	TRBV19*01	TRBJ2-3	1
CATCQGSYNEQFF	TRBV15*01	TRBJ2-1	1
CATDDDSNQPQHF	TRBV19*01	TRBJ1-5	1
CATDKTAQETQYF	TRBV28*01	TRBJ2-5	1
CATDPGQGSYEQYF	TRBV28*01	TRBJ2-7	2
CATDRTGSYGYTF	TRBV10-3*01	TRBJ1-2	1
CATDTRDSNQPQHF	TRBV19*01	TRBJ1-5	20
CATDWGGTNYGYTF	TRBV5-8*01	TRBJ1-2	1
CATEDRAASNQPQHF	TRBV15*01	TRBJ1-5	1
CATEEGGELFF	TRBV10-3*01	TRBJ2-2	1
CATEEGRGYNEQFF	TRBV15*01	TRBJ2-1	1
CATEEVYTGELFF	TRBV24-1*01	TRBJ2-2	1
CATEPRANYGYTF	TRBV15*01	TRBJ1-2	1
CATEQFTDTQYF	TRBV15*01	TRBJ2-3	1
CATEQNYGYTF	TRBV6-3*01	TRBJ1-2	1
CATETGSPLF	TRBV2*01	TRBJ1-2	1
CATGDGEYEQYF	TRBV6-3*01	TRBJ2-7	1
CATGDGNTIYF	TRBV19*01	TRBJ1-3	1
CATGDYEQYF	TRBV7-8*01	TRBJ2-7	1
CATGDYPGDTQYF	TRBV15*01	TRBJ2-3	1
CATGGGSTDTQYF	TRBV9*01	TRBJ2-3	1
CATGGRNEQFF	TRBV24-1*01	TRBJ2-1	1
CATGHSNQPQHF	TRBV6-3*01	TRBJ1-5	1
CATGIAGGVNEQFF	TRBV4-2*01	TRBJ2-1	1
CATGKDRGNSYEQYF	TRBV15*01	TRBJ2-7	1
CATGPGGEQYF	TRBV27*01	TRBJ2-7	1
CATGPPNYGYTF	TRBV19*01	TRBJ1-2	1
CATGPSGHYEQYF	TRBV27*01	TRBJ2-7	1
CATGPYTGELFF	TRBV19*01	TRBJ2-2	1
CATGQGAGYEQYF	TRBV25-1*01	TRBJ2-7	1
CATGRDSYEQYF	TRBV6-3*01	TRBJ2-7	1
CATGSGPNTGELFF	TRBV2*01	TRBJ2-2	1
CATGTANTEAFF	TRBV4-1*01	TRBJ1-1	1
CATGTDTQYF	TRBV24-1*01	TRBJ2-3	1
CATGTDTQYF	TRBV6-3*01	TRBJ2-3	1
CATGTDYEQYF	TRBV24-1*01	TRBJ2-7	1
CATGTGGLLYNEQFF	TRBV27*01	TRBJ2-1	1
CATGTGNTEAFF	TRBV19*01	TRBJ1-1	1
CATGTGTGDNEQFF	TRBV10-3*01	TRBJ2-1	3
CATGTSPNEKLFF	TRBV24-1*01	TRBJ1-4	2
CATGTVNTEAFF	TRBV5-6*01	TRBJ1-1	1
CATGYRFNQPQHF	TRBV7-2*01	TRBJ1-5	1
CATHSRGADYGYTF	TRBV2*01	TRBJ1-2	1
CATHSSGDLSYEQYF	TRBV19*01	TRBJ2-7	1
CATIAANYEQYF	TRBV2*01	TRBJ2-7	1
CATIGPGAPNTGELFF	TRBV25-1*01	TRBJ2-2	1
CATIPLIRTDRGDYTF	TRBV18*01	TRBJ1-2	1
CATIPRYTEAFF	TRBV7-8*01	TRBJ1-1	1
CATIPTPGQRTNNEQFF	TRBV19*01	TRBJ2-1	1
CATIQRQGPYNEQFF	TRBV15*01	TRBJ2-1	1
CATKEEVTYEQYF	TRBV11-2*01	TRBJ2-7	1
CATKGGSEAFF	TRBV6-1*01	TRBJ1-1	1
CATKGQETQYF	TRBV7-2*01	TRBJ2-5	1
CATKGYGYTF	TRBV24-1*01	TRBJ1-2	1
CATKQGNSNQPQHF	TRBV15*01	TRBJ1-5	1
CATLAGGNQETQYF	TRBV7-2*01	TRBJ2-5	1
CATLASGMETQYF	TRBV6-3*01	TRBJ2-5	1
CATLDGFVWTGELFF	TRBV6-1*01	TRBJ2-2	1
CATLFWAGGANVLTF	TRBV6-3*01	TRBJ2-6	1
CATLGQAGELFF	TRBV19*01	TRBJ2-2	1
CATLGRNSYEQYF	TRBV28*01	TRBJ2-7	1
CATLGRPNYGYTF	TRBV27*01	TRBJ1-2	1
CATLPESSYNEQFF	TRBV10-3*01	TRBJ2-1	1
CATLPPFRQSDEAFF	TRBV12-4*01	TRBJ1-1	1
CATLRQGAGETQYF	TRBV18*01	TRBJ2-5	1
CATLSGQGAYEQYF	TRBV2*01	TRBJ2-7	1
CATLSGTSGNEQYF	TRBV27*01	TRBJ2-7	1
CATLSKSSYNEQFF	TRBV6-5*01	TRBJ2-1	1
CATMGQTYWEQYF	TRBV6-3*01	TRBJ2-7	1
CATMIWATEAFF	TRBV6-6*01	TRBJ1-1	1
CATMVTYF	TRBV24-1*01	TRBJ2-3	3
CATNDRTLNEQFF	TRBV24-1*01	TRBJ2-1	1
CATNDYTTGELFF	TRBV2*01	TRBJ2-2	1
CATNGVYRGQPQHF	TRBV28*01	TRBJ1-5	1
CATNPDSGLPLHF	TRBV24-1*01	TRBJ2-7	1
CATNPGDSSRKVSYNEQFF	TRBV6-4*01	TRBJ2-1	1
CATNRQTYEQYF	TRBV7-9*01	TRBJ2-7	1
CATNWGLAGGGLINEQFF	TRBV12-4*01	TRBJ2-1	1
CATPDRNNYGYTF	TRBV28*01	TRBJ1-2	1
CATPGTFYGYTF	TRBV2*01	TRBJ1-2	1
CATPLAGTGATGELFF	TRBV2*01	TRBJ2-2	1
CATPLRGSGELFF	TRBV2*01	TRBJ2-2	1
CATPTEANQPQHF	TRBV19*01	TRBJ1-5	1
CATQDDGNEQFF	TRBV18*01	TRBJ2-1	1
CATQDGRGYTF	TRBV19*01	TRBJ1-2	1
CATQDRGRETQYF	TRBV24-1*01	TRBJ2-5	1
CATQEAGVNTGELFF	TRBV10-3*01	TRBJ2-2	1
CATQGDSNPYEQYF	TRBV19*01	TRBJ2-7	1
CATQGEGNTEAFF	TRBV9*01	TRBJ1-1	1
CATQGPSEQYF	TRBV11-2*01	TRBJ2-7	1
CATQGRGNTEAFF	TRBV27*01	TRBJ1-1	1
CATQGSSGGIYTDSYNEQFF	TRBV13*01	TRBJ2-1	1
CATQGTGIPYEQYF	TRBV19*01	TRBJ2-7	1
CATQLAYPTDTQYF	TRBV21-1*01	TRBJ2-3	1
CATQLGSFTDTQYF	TRBV7-2*01	TRBJ2-3	1
CATQLLWPWGRELFF	TRBV10-3*01	TRBJ2-2	1
CATQNNRETSYEQYF	TRBV6-1*01	TRBJ2-7	1
CATQPGGQGILFF	TRBV6-1*01	TRBJ2-2	1
CATQPGLAGGAYQETQYF	TRBV19*01	TRBJ2-5	1
CATQPRGYYGYTF	TRBV6-3*01	TRBJ1-2	1
CATQPRTSGAHEQFF	TRBV7-8*01	TRBJ2-1	1
CATQPTGNYGYTF	TRBV5-6*01	TRBJ1-2	1
CATQPTISTDYGYTF	TRBV27*01	TRBJ1-2	1
CATQPTSVSGQPQHF	TRBV6-5*01	TRBJ1-5	1
CATQQSTGGNYNEQFF	TRBV24-1*01	TRBJ2-1	1
CATQQWGQGYQGYTF	TRBV2*01	TRBJ1-2	1
CATQRAGKFSPDTQYF	TRBV6-3*01	TRBJ2-3	1
CATQRDETYEQYF	TRBV19*01	TRBJ2-7	1
CATQREGAMETQYF	TRBV6-6*01	TRBJ2-5	1
CATQRGQEATGYTF	TRBV6-1*01	TRBJ1-2	1
CATQSGLFYEQYF	TRBV6-5*01	TRBJ2-7	1
CATQTGGWETQYF	TRBV6-3*01	TRBJ2-5	1
CATQTGTGVRLEQETQYF	TRBV24-1*01	TRBJ2-5	1
CATQVAGALLDTQYF	TRBV5-1*01	TRBJ2-3	1
CATQVAGDLNINNEQFF	TRBV6-5*01	TRBJ2-1	1
CATQVGVPDTQYF	TRBV7-8*01	TRBJ2-3	1
CATRAGEQYF	TRBV19*01	TRBJ2-7	1
CATRAGTGNEKLFF	TRBV28*01	TRBJ1-4	1
CATRALTVDPSGNEQFF	TRBV7-9*01	TRBJ2-1	1
CATRDTTNTGELFF	TRBV6-4*01	TRBJ2-2	1
CATREDRPNTEAFF	TRBV24-1*01	TRBJ1-1	1
CATREKVGGNEKLFF	TRBV15*01	TRBJ1-4	1
CATRFSYNEQFF	TRBV6-5*01	TRBJ2-1	1
CATRGAGQGAQEQYF	TRBV15*01	TRBJ2-7	1
CATRGGDNLYNEQFF	TRBV6-3*01	TRBJ2-1	1
CATRGHSYEQYF	TRBV15*01	TRBJ2-7	1
CATRGQGNQPQHF	TRBV15*01	TRBJ1-5	1
CATRGRGAGETQYF	TRBV6-5*01	TRBJ2-5	1
CATRGSTDTQYF	TRBV24-1*01	TRBJ2-3	1
CATRGTGVNSPLHF	TRBV24-1*01	TRBJ1-6	1
CATRHLNTEAFF	TRBV19*01	TRBJ1-1	1
CATRHRAEQFF	TRBV25-1*01	TRBJ2-1	1
CATRKTGNEQFF	TRBV15*01	TRBJ2-1	1
CATRPSESSTDTQYF	TRBV10-1*01	TRBJ2-3	1
CATRQGRVTDTQYF	TRBV15*01	TRBJ2-3	1
CATRRANSPLHF	TRBV15*01	TRBJ1-6	1
CATRSGAPTDTQYF	TRBV10-3*01	TRBJ2-3	1
CATRSQGFYEQYF	TRBV6-6*01	TRBJ2-7	1
CATRSWEGGSYEQYF	TRBV15*01	TRBJ2-7	1
CATRTGGDGYTF	TRBV6-1*01	TRBJ1-2	1
CATRTGMIGYTF	TRBV15*01	TRBJ1-2	1
CATRTGQYTEAFF	TRBV19*01	TRBJ1-1	1
CATRVGDTEAFF	TRBV19*01	TRBJ1-1	1
CATRVQGTTEAFF	TRBV24-1*01	TRBJ1-1	1
CATRWRLAGGPDTQYF	TRBV6-3*01	TRBJ2-3	1
CATSADRGIAGANVLTF	TRBV24-1*01	TRBJ2-6	1
CATSAGGQGGNEQFF	TRBV24-1*01	TRBJ2-1	1
CATSAGQGAFSGELFF	TRBV24-1*01	TRBJ2-2	1
CATSAGQGSTDTQYF	TRBV24-1*01	TRBJ2-3	1
CATSALGTGYRVDEQFF	TRBV15*01	TRBJ2-1	1
CATSAPGLSYEQYF	TRBV15*01	TRBJ2-7	1
CATSARDGRYEQYF	TRBV15*01	TRBJ2-7	1
CATSARGLGNQPQHF	TRBV24-1*01	TRBJ1-5	1
CATSASGTGGYEQYF	TRBV24-1*01	TRBJ2-7	1
CATSASGTSGPYNEQFF	TRBV24-1*01	TRBJ2-1	1
CATSATGGETQYF	TRBV24-1*01	TRBJ2-5	1
CATSDADQPQHF	TRBV24-1*01	TRBJ1-5	1
CATSDAVQGRAGELFF	TRBV24-1*01	TRBJ2-2	1
CATSDDQELTYNEQFF	TRBV24-1*01	TRBJ2-1	1
CATSDEDRGFTGELFF	TRBV24-1*01	TRBJ2-2	1
CATSDEGHLEQYF	TRBV24-1*01	TRBJ2-7	1
CATSDFDDRDNEQFF	TRBV24-1*01	TRBJ2-1	1
CATSDFGETQYF	TRBV24-1*01	TRBJ2-5	1
CATSDFGTGEETQYF	TRBV24-1*01	TRBJ2-5	1
CATSDFLGGETQYF	TRBV24-1*01	TRBJ2-5	1
CATSDFLGTSGNEQFF	TRBV24-1*01	TRBJ2-1	1
CATSDFPLSDTQYF	TRBV24-1*01	TRBJ2-3	1
CATSDFPRLAGDETQYF	TRBV24-1*01	TRBJ2-5	1
CATSDFSKTQYF	TRBV24-1*01	TRBJ2-5	1
CATSDFTDSGANVLTF	TRBV24-1*01	TRBJ2-6	1
CATSDFVGPALGSYNEQFF	TRBV24-1*01	TRBJ2-1	1
CATSDGGPRYEQYF	TRBV24-1*01	TRBJ2-7	1
CATSDGGSYTF	TRBV24-1*01	TRBJ1-2	1
CATSDGPGTGAFF	TRBV24-1*01	TRBJ1-1	1
CATSDGTGAREQFF	TRBV24-1*01	TRBJ2-1	1
CATSDGTPDSDPYEQYF	TRBV24-1*01	TRBJ2-7	1
CATSDHRASTYEQYF	TRBV24-1*01	TRBJ2-7	1
CATSDHRTGGSQETQYF	TRBV24-1*01	TRBJ2-5	1
CATSDIKAGTSGYNEQFF	TRBV24-1*01	TRBJ2-1	1
CATSDISDQQFF	TRBV24-1*01	TRBJ2-1	1
CATSDLDSNQPQHF	TRBV24-1*01	TRBJ1-5	1
CATSDLDSTDTQYF	TRBV24-1*01	TRBJ2-3	1
CATSDLEGPNTEAFF	TRBV24-1*01	TRBJ1-1	1
CATSDLEGTEAFF	TRBV24-1*01	TRBJ1-1	1
CATSDLFNNEQFF	TRBV24-1*01	TRBJ2-1	1
CATSDLGHNNEQFF	TRBV24-1*01	TRBJ2-1	1
CATSDLGLATNEQFF	TRBV24-1*01	TRBJ2-1	1
CATSDLHRDSYNEQFF	TRBV24-1*01	TRBJ2-1	1
CATSDLHYTGTAPWGTQYF	TRBV24-1*01	TRBJ2-5	1
CATSDLKGQPQHF	TRBV24-1*01	TRBJ1-5	1
CATSDLKLTGHNEQFF	TRBV24-1*01	TRBJ2-1	1
CATSDLKSETQYF	TRBV24-1*01	TRBJ2-5	1
CATSDLPGSRSNEQFF	TRBV24-1*01	TRBJ2-1	1
CATSDLQRDGARDTQYF	TRBV24-1*01	TRBJ2-3	1
CATSDLQVGDRPETQYF	TRBV24-1*01	TRBJ2-5	1
CATSDLRGVDGYTF	TRBV24-1*01	TRBJ1-2	1
CATSDLSGEGYTF	TRBV24-1*01	TRBJ1-2	1
CATSDLTDTGELFF	TRBV24-1*01	TRBJ2-2	1
CATSDLTGAQETQYF	TRBV24-1*01	TRBJ2-5	1
CATSDLTGRLAASTDTQYF	TRBV24-1*01	TRBJ2-3	1
CATSDLTGYEQYF	TRBV24-1*01	TRBJ2-7	1
CATSDLYMESYEQYF	TRBV24-1*01	TRBJ2-7	1
CATSDLYPGIGNQPQHF	TRBV24-1*01	TRBJ1-5	1
CATSDMAGVYNEQFF	TRBV24-1*01	TRBJ2-1	1
CATSDMGLASYNEQFF	TRBV24-1*01	TRBJ2-1	1
CATSDNVLGNTEAFF	TRBV24-1*01	TRBJ1-1	1
CATSDPAPLAGGERTQYF	TRBV24-1*01	TRBJ2-3	1
CATSDPDRVTFNEQFF	TRBV24-1*01	TRBJ2-1	1
CATSDPGLAGADEQFF	TRBV24-1*01	TRBJ2-1	1
CATSDPGQDYRETQYF	TRBV24-1*01	TRBJ2-5	1
CATSDPGTGGEETQYF	TRBV24-1*01	TRBJ2-5	1
CATSDPGTGGTDTQYF	TRBV24-1*01	TRBJ2-3	1
CATSDPGVTDTQYF	TRBV24-1*01	TRBJ2-3	1
CATSDPHRADTQYF	TRBV24-1*01	TRBJ2-3	1
CATSDPLQGTQFF	TRBV24-1*01	TRBJ2-1	1
CATSDPNTGNEQYF	TRBV24-1*01	TRBJ2-7	1
CATSDPRGGNEQYF	TRBV24-1*01	TRBJ2-7	1
CATSDPRITGGKDNEQFF	TRBV24-1*01	TRBJ2-1	1
CATSDPSGTGVETQYF	TRBV24-1*01	TRBJ2-5	1
CATSDPTGGNFDEQFF	TRBV24-1*01	TRBJ2-1	1
CATSDPTGMGPSYNEQFF	TRBV24-1*01	TRBJ2-1	1
CATSDPTGSSYNEQFF	TRBV24-1*01	TRBJ2-1	1
CATSDPTGTGTDTQYF	TRBV24-1*01	TRBJ2-3	1
CATSDPTSYNEQFF	TRBV24-1*01	TRBJ2-1	1
CATSDPTVYGYTF	TRBV24-1*01	TRBJ1-2	1
CATSDQGGGELFF	TRBV24-1*01	TRBJ2-2	1
CATSDQREVTDTQYF	TRBV24-1*01	TRBJ2-3	1
CATSDQRQGRNTGELFF	TRBV24-1*01	TRBJ2-2	1
CATSDRDDSYGYTF	TRBV24-1*01	TRBJ1-2	1
CATSDRDRGRAQPQHF	TRBV24-1*01	TRBJ1-5	1
CATSDRDRLYGYTF	TRBV24-1*01	TRBJ1-2	1
CATSDRGGTEAFF	TRBV6-5*01	TRBJ1-1	1
CATSDRQGADTQYF	TRBV24-1*01	TRBJ2-3	1
CATSDRQGAGYNEQFF	TRBV24-1*01	TRBJ2-1	1
CATSDRRNTGELFF	TRBV24-1*01	TRBJ2-2	1
CATSDRTEQETQYF	TRBV24-1*01	TRBJ2-5	1
CATSDRTGELFF	TRBV24-1*01	TRBJ2-2	1
CATSDRTGTGIQANYGYTF	TRBV24-1*01	TRBJ1-2	1
CATSDRTSGVNEQFF	TRBV24-1*01	TRBJ2-1	1
CATSDRVSYEQYF	TRBV24-1*01	TRBJ2-7	1
CATSDSAGSSQETQYF	TRBV24-1*01	TRBJ2-5	1
CATSDSDRIYNEQFF	TRBV24-1*01	TRBJ2-1	1
CATSDSGEAFF	TRBV24-1*01	TRBJ1-1	1
CATSDSGGETQYF	TRBV24-1*01	TRBJ2-5	1
CATSDSGLAGGLDEQFF	TRBV24-1*01	TRBJ2-1	1
CATSDSGTSGVNEQFF	TRBV24-1*01	TRBJ2-1	1
CATSDSRTGGNQPQHF	TRBV24-1*01	TRBJ1-5	1
CATSDSSGGSGYTF	TRBV24-1*01	TRBJ1-2	1
CATSDSTGGETGELFF	TRBV24-1*01	TRBJ2-2	1
CATSDSTGPEQYF	TRBV24-1*01	TRBJ2-7	1
CATSDSWTGATSAGELFF	TRBV24-1*01	TRBJ2-2	1
CATSDSYSDSYSNQPQHF	TRBV24-1*01	TRBJ1-5	1
CATSDSYSGANVLTF	TRBV24-1*01	TRBJ2-6	1
CATSDTDSNQPQHF	TRBV24-1*01	TRBJ1-5	1
CATSDTGGGREKTYNEQFF	TRBV24-1*01	TRBJ2-1	1
CATSDTGNTQYF	TRBV24-1*01	TRBJ2-3	1
CATSDTGTQRDTQYF	TRBV24-1*01	TRBJ2-3	1
CATSDTHQGYQQFF	TRBV24-1*01	TRBJ2-1	1
CATSDTLAGGMDTQYF	TRBV24-1*01	TRBJ2-3	1
CATSDTLGGQQFF	TRBV24-1*01	TRBJ2-1	1
CATSDTQGGGQPQHF	TRBV24-1*01	TRBJ1-5	1
CATSDWDSNQPQHF	TRBV24-1*01	TRBJ1-5	1
CATSDWLAGDADTQYF	TRBV24-1*01	TRBJ2-3	2
CATSDWPKGDTIYF	TRBV24-1*01	TRBJ1-3	1
CATSDWRVGREQFF	TRBV24-1*01	TRBJ2-1	1
CATSDYAGELFF	TRBV24-1*01	TRBJ2-2	1
CATSDYFQGYNEQFF	TRBV24-1*01	TRBJ2-1	1
CATSDYREGGYGYTF	TRBV24-1*01	TRBJ1-2	1
CATSDYTSDTQYF	TRBV24-1*01	TRBJ2-3	1
CATSEAGTGINYGYTF	TRBV24-1*01	TRBJ1-2	1
CATSEDGDQETQYF	TRBV24-1*01	TRBJ2-5	1
CATSEDRENGELFF	TRBV24-1*01	TRBJ2-2	1
CATSEGAPHLGAEAFF	TRBV24-1*01	TRBJ1-1	1
CATSEGAYSYEQYF	TRBV7-8*01	TRBJ2-7	1
CATSEGDLDTGELFF	TRBV24-1*01	TRBJ2-2	1
CATSEGDRVGEIRTDTQYF	TRBV24-1*01	TRBJ2-3	1
CATSEGGGFGETQYF	TRBV24-1*01	TRBJ2-5	1
CATSEGIGQPQHF	TRBV24-1*01	TRBJ1-5	1
CATSEGQGRQPQHF	TRBV24-1*01	TRBJ1-5	1
CATSEGRLQETQYF	TRBV15*01	TRBJ2-5	1
CATSEGRSYEQYF	TRBV24-1*01	TRBJ2-7	1
CATSEGSNYGYTF	TRBV24-1*01	TRBJ1-2	1
CATSEGTDTQYF	TRBV24-1*01	TRBJ2-3	1
CATSEGTGLNNEQFF	TRBV24-1*01	TRBJ2-1	1
CATSEHGQGYYGYTF	TRBV24-1*01	TRBJ1-2	1
CATSEIKQKGPEQFF	TRBV15*01	TRBJ2-1	1
CATSEMTGTEAFF	TRBV24-1*01	TRBJ1-1	1
CATSEPESMGLQTEAFF	TRBV24-1*01	TRBJ1-1	1
CATSEPGTGNQETQYF	TRBV24-1*01	TRBJ2-5	1
CATSEPWVHLWTVGEQFF	TRBV24-1*01	TRBJ2-1	1
CATSEQGQSLTTYNEQFF	TRBV24-1*01	TRBJ2-1	1
CATSERGTGSIQYF	TRBV24-1*01	TRBJ2-4	1
CATSESGTGTGDYEQYF	TRBV24-1*01	TRBJ2-7	1
CATSESGTSNYGYTF	TRBV24-1*01	TRBJ1-2	1
CATSETLEGLTDTQYF	TRBV24-1*01	TRBJ2-3	1
CATSETTGSSTDTQYF	TRBV24-1*01	TRBJ2-3	2
CATSEVGGAIDTQYF	TRBV24-1*01	TRBJ2-3	1
CATSEVGSTDTQYF	TRBV24-1*01	TRBJ2-3	1
CATSEVPRGRKETQYF	TRBV24-1*01	TRBJ2-5	1
CATSEWGETQYF	TRBV24-1*01	TRBJ2-5	1
CATSFRTSGGNEQFF	TRBV15*01	TRBJ2-1	1
CATSGALGDEQFF	TRBV15*01	TRBJ2-1	1
CATSGDPSSARPDTQYF	TRBV24-1*01	TRBJ2-3	1
CATSGDRVETQYF	TRBV15*01	TRBJ2-5	1
CATSGETESSYEQYF	TRBV24-1*01	TRBJ2-7	1
CATSGGDTNYGYTF	TRBV24-1*01	TRBJ1-2	1
CATSGGERQPQHF	TRBV24-1*01	TRBJ1-5	1
CATSGGGSRPQHF	TRBV24-1*01	TRBJ1-5	1
CATSGGLSPSSYNEQFF	TRBV15*01	TRBJ2-1	1
CATSGGMGAEAFF	TRBV15*01	TRBJ1-1	1
CATSGGSNTEAFF	TRBV24-1*01	TRBJ1-1	1
CATSGGSRGAIYGYTF	TRBV6-5*01	TRBJ1-2	1
CATSGGTTDTQYF	TRBV15*01	TRBJ2-3	1
CATSGLAGDAGELFF	TRBV24-1*01	TRBJ2-2	1
CATSGLAGDEQFF	TRBV6-5*01	TRBJ2-1	1
CATSGLAGDQETQYF	TRBV15*01	TRBJ2-5	1
CATSGLAGGPDTQYF	TRBV24-1*01	TRBJ2-3	11
CATSGLPGTGELFF	TRBV7-7*01	TRBJ2-2	1
CATSGLSYNSPLHF	TRBV27*01	TRBJ1-6	1
CATSGPGGESPYNEQFF	TRBV15*01	TRBJ2-1	1
CATSGPGLAPSTDTQYF	TRBV24-1*01	TRBJ2-3	1
CATSGPGTGDYEQYF	TRBV15*01	TRBJ2-7	1
CATSGPTSREGDNEQFF	TRBV24-1*01	TRBJ2-1	1
CATSGQYTGELFF	TRBV24-1*01	TRBJ2-2	1
CATSGRADTGELFF	TRBV5-4*01	TRBJ2-2	1
CATSGRGSGTSGPQETQYF	TRBV24-1*01	TRBJ2-5	4
CATSGSAHNEQFF	TRBV24-1*01	TRBJ2-1	1
CATSGSGTGHYGYTF	TRBV15*01	TRBJ1-2	1
CATSGSSGTEAFF	TRBV15*01	TRBJ1-1	1
CATSGTGGQPQHF	TRBV24-1*01	TRBJ1-5	1
CATSGTQGYQETQYF	TRBV15*01	TRBJ2-5	1
CATSGTYREPGTSGSRRGTQYF	TRBV15*01	TRBJ2-5	1
CATSGVPTTNEKLFF	TRBV6-1*01	TRBJ1-4	1
CATSGVVPSNTGELFF	TRBV24-1*01	TRBJ2-2	1
CATSGYSGSVSTDTQYF	TRBV24-1*01	TRBJ2-3	1
CATSHLEGAEGYGYTF	TRBV24-1*01	TRBJ1-2	1
CATSILAGSTDTQYF	TRBV15*01	TRBJ2-3	1
CATSIRAGEDTQYF	TRBV6-4*01	TRBJ2-3	1
CATSIRQLSNQPQHF	TRBV15*01	TRBJ1-5	1
CATSITGGPYEQYF	TRBV15*01	TRBJ2-7	1
CATSIWIGETQYF	TRBV15*01	TRBJ2-5	1
CATSKATSYEQYF	TRBV24-1*01	TRBJ2-7	1
CATSKGAGTDTQYF	TRBV15*01	TRBJ2-3	1
CATSKGLAGTYEQYF	TRBV15*01	TRBJ2-7	1
CATSKRVRTDTQYF	TRBV5-5*01	TRBJ2-3	1
CATSLGENTEAFF	TRBV6-5*01	TRBJ1-1	1
CATSLLSSGPYNEQFF	TRBV15*01	TRBJ2-1	1
CATSLNVVRASNEKLFF	TRBV15*01	TRBJ1-4	1
CATSLPGGIETQYF	TRBV15*01	TRBJ2-5	1
CATSLPTGELFF	TRBV5-6*01	TRBJ2-2	1
CATSLRMNTEAFF	TRBV6-5*01	TRBJ1-1	1
CATSLSGSYEQYF	TRBV24-1*01	TRBJ2-7	1
CATSNLDRGHGYTF	TRBV15*01	TRBJ1-2	1
CATSNPPDRPSYEQYF	TRBV15*01	TRBJ2-7	1
CATSNQVGLFF	TRBV15*01	TRBJ1-4	1
CATSNRLAGLWETQYF	TRBV24-1*01	TRBJ2-5	1
CATSNRQHQETQYF	TRBV15*01	TRBJ2-5	1
CATSNRVSGNTIYF	TRBV15*01	TRBJ1-3	1
CATSPEGHQPQHF	TRBV24-1*01	TRBJ1-5	1
CATSPGEAGQETQYF	TRBV24-1*01	TRBJ2-5	1
CATSPGETQYF	TRBV24-1*01	TRBJ2-5	1
CATSPGGEQYF	TRBV15*01	TRBJ2-7	1
CATSPGGQYNEKLFF	TRBV15*01	TRBJ1-4	1
CATSPGGRGELFF	TRBV24-1*01	TRBJ2-2	1
CATSPGLAFNTGELFF	TRBV15*01	TRBJ2-2	1
CATSPGLGYEQYF	TRBV24-1*01	TRBJ2-7	1
CATSPGRGGRRNEQFF	TRBV24-1*01	TRBJ2-1	1
CATSPGSTQYF	TRBV6-3*01	TRBJ2-3	1
CATSPGYEQFF	TRBV24-1*01	TRBJ2-1	1
CATSPNRAYEQYF	TRBV6-5*01	TRBJ2-7	61
CATSPQREGDYEQYF	TRBV15*01	TRBJ2-7	1
CATSPRDRGYINQPQHF	TRBV24-1*01	TRBJ1-5	1
CATSPRLSGDEQYF	TRBV15*01	TRBJ2-7	1
CATSPTGAEAFF	TRBV5-1*01	TRBJ1-1	1
CATSPTPAGGYSNQPQHF	TRBV15*01	TRBJ1-5	1
CATSPWSGRNEQYF	TRBV15*01	TRBJ2-7	1
CATSQGASTFYNSPLHF	TRBV27*01	TRBJ1-6	1
CATSQGAYGYTF	TRBV19*01	TRBJ1-2	5
CATSQGNQETQYF	TRBV24-1*01	TRBJ2-5	1
CATSQGQHEQYF	TRBV6-5*01	TRBJ2-7	1
CATSQQGGAGELFF	TRBV24-1*01	TRBJ2-2	1
CATSQRSTDTQYF	TRBV19*01	TRBJ2-3	4
CATSRAAGGSTDTQYF	TRBV15*01	TRBJ2-3	1
CATSRAEFNEQFF	TRBV15*01	TRBJ2-1	1
CATSRAFVGVGNTIYF	TRBV15*01	TRBJ1-3	1
CATSRAGQGPEAFF	TRBV15*01	TRBJ1-1	1
CATSRAKEGYNEQFF	TRBV15*01	TRBJ2-1	1
CATSRAPRSQETQYF	TRBV15*01	TRBJ2-5	1
CATSRAQRGGPEQFF	TRBV15*01	TRBJ2-1	1
CATSRARGATNEKLFF	TRBV15*01	TRBJ1-4	1
CATSRARGNEKLFF	TRBV15*01	TRBJ1-4	1
CATSRATGGNIQYF	TRBV15*01	TRBJ2-4	1
CATSRAVDRGGRNTIYF	TRBV15*01	TRBJ1-3	1
CATSRDAPPRVSTDTQYF	TRBV15*01	TRBJ2-3	1
CATSRDDGQGYQPQHF	TRBV15*01	TRBJ1-5	1
CATSRDDPGTAPGELFF	TRBV15*01	TRBJ2-2	1
CATSRDDRDQETQYF	TRBV15*01	TRBJ2-5	1
CATSRDEEAKNIQYF	TRBV15*01	TRBJ2-4	1
CATSRDGNNEQFF	TRBV15*01	TRBJ2-1	1
CATSRDGYNEQFF	TRBV15*01	TRBJ2-1	1
CATSRDHGQLDNSPLHF	TRBV15*01	TRBJ1-6	1
CATSRDKGADGYTF	TRBV15*01	TRBJ1-2	1
CATSRDLANQETQYF	TRBV15*01	TRBJ2-5	1
CATSRDLGGGTDTQYF	TRBV15*01	TRBJ2-3	1
CATSRDLGGSYNSPLHF	TRBV15*01	TRBJ1-6	1
CATSRDLGLTNQPQHF	TRBV15*01	TRBJ1-5	1
CATSRDLGTGGNQPQHF	TRBV15*01	TRBJ1-5	1
CATSRDLGVGAGIRTDTQYF	TRBV15*01	TRBJ2-3	1
CATSRDLQAGRVYGYTF	TRBV15*01	TRBJ1-2	1
CATSRDLQVPTGELFF	TRBV15*01	TRBJ2-2	1
CATSRDMYQVVGTGQPQHF	TRBV15*01	TRBJ1-5	1
CATSRDPSGGSNTGELFF	TRBV15*01	TRBJ2-2	1
CATSRDQGAYEQYF	TRBV15*01	TRBJ2-7	1
CATSRDQRSGGNEQYF	TRBV15*01	TRBJ2-7	1
CATSRDRAGGANYGYTF	TRBV15*01	TRBJ1-2	2
CATSRDRDSYNEQFF	TRBV15*01	TRBJ2-1	1
CATSRDREDTQYF	TRBV15*01	TRBJ2-3	1
CATSRDRGFSGNTIYF	TRBV15*01	TRBJ1-3	1
CATSRDRIAGGANVLTF	TRBV15*01	TRBJ2-6	1
CATSRDRIAGWDLLAKNIQYF	TRBV15*01	TRBJ2-4	1
CATSRDRLAGSNYEQYF	TRBV15*01	TRBJ2-7	2
CATSRDRLAGSSYEQYF	TRBV15*01	TRBJ2-7	18
CATSRDRLGGGRYEQYF	TRBV15*01	TRBJ2-7	1
CATSRDRRAGSYNEQFF	TRBV15*01	TRBJ2-1	1
CATSRDRSGLDYGYTF	TRBV15*01	TRBJ1-2	1
CATSRDRVAGGYNEQFF	TRBV15*01	TRBJ2-1	2
CATSRDRVVGQGIDGYTF	TRBV15*01	TRBJ1-2	6
CATSRDSSNSPLHF	TRBV15*01	TRBJ1-6	1
CATSRDTSPADTQYF	TRBV15*01	TRBJ2-3	1
CATSRDVVFGTGGGPYNSPLHF	TRBV15*01	TRBJ1-6	1
CATSRDWLSYGYTF	TRBV15*01	TRBJ1-2	1
CATSREADLYTQYF	TRBV15*01	TRBJ2-3	1
CATSREAGAADTQYF	TRBV15*01	TRBJ2-3	1
CATSREARSYNEQFF	TRBV15*01	TRBJ2-1	1
CATSREDRDRGEQYF	TRBV15*01	TRBJ2-7	1
CATSREDRLYEQYF	TRBV15*01	TRBJ2-7	1
CATSREDTLTGELFF	TRBV15*01	TRBJ2-2	1
CATSREEEKSSYEQYF	TRBV15*01	TRBJ2-7	1
CATSREEGDGYTF	TRBV15*01	TRBJ1-2	6
CATSREEGRLWEKLFF	TRBV15*01	TRBJ1-4	1
CATSREEVYLTASNEKLFF	TRBV15*01	TRBJ1-4	1
CATSREFQGAQPQHF	TRBV15*01	TRBJ1-5	1
CATSREGASGYEQYF	TRBV15*01	TRBJ2-7	1
CATSREGGRAYEQYF	TRBV15*01	TRBJ2-7	1
CATSREKAGLAGEETQYF	TRBV15*01	TRBJ2-5	1
CATSREKGVSYEQYF	TRBV15*01	TRBJ2-7	1
CATSRELAGEEETQYF	TRBV15*01	TRBJ2-5	1
CATSREPLYNEQFF	TRBV15*01	TRBJ2-1	1
CATSREQGGYNEQFF	TRBV15*01	TRBJ2-1	1
CATSRERGSYEQYF	TRBV15*01	TRBJ2-7	1
CATSRERGYGYTF	TRBV15*01	TRBJ1-2	1
CATSRETGGSGNTIYF	TRBV15*01	TRBJ1-3	1
CATSREVVGPGELFF	TRBV15*01	TRBJ2-2	1
CATSREYEMGGYTF	TRBV15*01	TRBJ1-2	1
CATSRGDSEAFF	TRBV15*01	TRBJ1-1	1
CATSRGFRLGLLNTEAFF	TRBV15*01	TRBJ1-1	1
CATSRGGDRAYNEQFF	TRBV15*01	TRBJ2-1	2
CATSRGGGEQETQYF	TRBV15*01	TRBJ2-5	1
CATSRGGTSGGYEQYF	TRBV15*01	TRBJ2-7	1
CATSRGLAGGDTQYF	TRBV15*01	TRBJ2-3	1
CATSRGLAGSNTGELFF	TRBV15*01	TRBJ2-2	1
CATSRGLAGTDTQYF	TRBV15*01	TRBJ2-3	1
CATSRGPGGGRSSGDTQYF	TRBV15*01	TRBJ2-3	1
CATSRGPGTDTQYF	TRBV15*01	TRBJ2-3	1
CATSRGPTSTDTQYF	TRBV24-1*01	TRBJ2-3	1
CATSRGQVDYTQYF	TRBV15*01	TRBJ2-3	1
CATSRGRQGTLSYEQYF	TRBV15*01	TRBJ2-7	1
CATSRGTTGELFF	TRBV15*01	TRBJ2-2	1
CATSRLRDSSLNEQYF	TRBV15*01	TRBJ2-7	1
CATSRNPQGDNTEAFF	TRBV15*01	TRBJ1-1	1
CATSRQGYYGYTF	TRBV15*01	TRBJ1-2	1
CATSRQTQYF	TRBV12-3*01	TRBJ2-5	1
CATSRRDGQETQYF	TRBV15*01	TRBJ2-5	1
CATSRRGNEKLFF	TRBV15*01	TRBJ1-4	1
CATSRRLAEKQETQYF	TRBV15*01	TRBJ2-5	1
CATSRSDGNTEAFF	TRBV15*01	TRBJ1-1	1
CATSRSGQGEKLFF	TRBV15*01	TRBJ1-4	1
CATSRSLDRGTEAFF	TRBV15*01	TRBJ1-1	1
CATSRSQENYGYTF	TRBV15*01	TRBJ1-2	1
CATSRTAVPLHEQYF	TRBV15*01	TRBJ2-7	1
CATSRTDYYGYTF	TRBV15*01	TRBJ1-2	1
CATSRTGGDYGYTF	TRBV15*01	TRBJ1-2	1
CATSRTGPSSYNSPLHF	TRBV15*01	TRBJ1-6	1
CATSRTLQGARLNEQFF	TRBV15*01	TRBJ2-1	1
CATSRTSGLDTQYF	TRBV15*01	TRBJ2-3	1
CATSRVDPGTGGPYGYTF	TRBV15*01	TRBJ1-2	1
CATSRVDSNQPQHF	TRBV15*01	TRBJ1-5	1
CATSRVEGVYEQYF	TRBV15*01	TRBJ2-7	1
CATSRVGGREKLFF	TRBV15*01	TRBJ1-4	1
CATSRVGGTVYGYTF	TRBV15*01	TRBJ1-2	1
CATSRVGPGHPTNEKLFF	TRBV15*01	TRBJ1-4	1
CATSRVGQGANFNQPQHF	TRBV15*01	TRBJ1-5	1
CATSRVGQGLPTYEQYF	TRBV15*01	TRBJ2-7	1
CATSRVGRLAEGGTDTQYF	TRBV15*01	TRBJ2-3	1
CATSRVKGIETQYF	TRBV15*01	TRBJ2-5	1
CATSRVNGGTDTQYF	TRBV15*01	TRBJ2-3	1
CATSRVPRSSYEQYF	TRBV15*01	TRBJ2-7	1
CATSRVTDSHYGYTF	TRBV15*01	TRBJ1-2	1
CATSRVWADSPLHF	TRBV15*01	TRBJ1-6	1
CATSSANSGAVRNEQFF	TRBV15*01	TRBJ2-1	1
CATSSATGGPEAFF	TRBV15*01	TRBJ1-1	1
CATSSATPPGLAIPDTQYF	TRBV15*01	TRBJ2-3	1
CATSSDRGHTGELFF	TRBV15*01	TRBJ2-2	1
CATSSDRGSEQYF	TRBV15*01	TRBJ2-7	1
CATSSDSSGPLGGYTF	TRBV15*01	TRBJ1-2	1
CATSSEALPYNEQFF	TRBV15*01	TRBJ2-1	1
CATSSEGDTNEKLFF	TRBV15*01	TRBJ1-4	1
CATSSEPPQAGVFEQFF	TRBV15*01	TRBJ2-1	1
CATSSFNQPQHF	TRBV15*01	TRBJ1-5	1
CATSSGAAGEQYF	TRBV6-4*01	TRBJ2-7	1
CATSSGAAPTGLDTIYF	TRBV15*01	TRBJ1-3	1
CATSSGFSYEQYF	TRBV15*01	TRBJ2-7	1
CATSSGGTEAFF	TRBV4-2*01	TRBJ1-1	1
CATSSGQSYEQYF	TRBV15*01	TRBJ2-7	1
CATSSGRDTGELFF	TRBV24-1*01	TRBJ2-2	1
CATSSGSSGRDEQFF	TRBV15*01	TRBJ2-1	1
CATSSGTVPSGANVLTF	TRBV24-1*01	TRBJ2-6	1
CATSSGVNEQFF	TRBV15*01	TRBJ2-1	1
CATSSIFNTEKLFF	TRBV15*01	TRBJ1-4	1
CATSSKTGLTEAFF	TRBV15*01	TRBJ1-1	1
CATSSLERSSTDTQYF	TRBV15*01	TRBJ2-3	1
CATSSLGSYEQYF	TRBV15*01	TRBJ2-7	1
CATSSLRQGTYEQYF	TRBV15*01	TRBJ2-7	2
CATSSLTLGSNEQFF	TRBV15*01	TRBJ2-1	1
CATSSPGQISSYNSPLHF	TRBV15*01	TRBJ1-6	1
CATSSPSSYEQYF	TRBV15*01	TRBJ2-7	1
CATSSRANTGELFF	TRBV15*01	TRBJ2-2	1
CATSSRDRGAWEQFF	TRBV15*01	TRBJ2-1	1
CATSSRGDTQYF	TRBV15*01	TRBJ2-3	1
CATSSRGTGVNQPQHF	TRBV15*01	TRBJ1-5	1
CATSSRREAGFNEQFF	TRBV15*01	TRBJ2-1	1
CATSSRSSSYEQYF	TRBV15*01	TRBJ2-7	1
CATSSSGANVLTF	TRBV15*01	TRBJ2-6	1
CATSSSSGRGFDTDTQYF	TRBV15*01	TRBJ2-3	1
CATSSSSRNQPYEQYF	TRBV24-1*01	TRBJ2-7	1
CATSSSSYNSPLHF	TRBV15*01	TRBJ1-6	1
CATSSTGGMMGNEQFF	TRBV15*01	TRBJ2-1	1
CATSSTGLKTQYF	TRBV11-2*01	TRBJ2-5	1
CATSSTLTEAFF	TRBV15*01	TRBJ1-1	1
CATSSTTEPYEQYF	TRBV24-1*01	TRBJ2-7	1
CATSSVGGPEAEAFF	TRBV15*01	TRBJ1-1	1
CATSSVRDSPYEQYF	TRBV15*01	TRBJ2-7	1
CATSSVTGELFF	TRBV24-1*01	TRBJ2-2	1
CATSSWLGQDETSYNEQFF	TRBV15*01	TRBJ2-1	1
CATSTGGAGGRTDTQYF	TRBV15*01	TRBJ2-3	1
CATSTGHDRNTEAFF	TRBV15*01	TRBJ1-1	1
CATSTGTGGGNTIYF	TRBV15*01	TRBJ1-3	1
CATSTGTRNYGYTF	TRBV24-1*01	TRBJ1-2	1
CATSTGTTGELFF	TRBV15*01	TRBJ2-2	1
CATSTGTTSVNEQFF	TRBV6-3*01	TRBJ2-1	1
CATSTHRQGENIQYF	TRBV15*01	TRBJ2-4	1
CATSTLAKNIQYF	TRBV28*01	TRBJ2-4	1
CATSTRQGAREQYF	TRBV15*01	TRBJ2-7	1
CATSTRYSYGYTF	TRBV25-1*01	TRBJ1-2	1
CATSTSGSGPQETQYF	TRBV15*01	TRBJ2-5	1
CATSTSRDVGNTIYF	TRBV15*01	TRBJ1-3	1
CATSTYDSNSPLHF	TRBV2*01	TRBJ1-6	1
CATSVGNTEAFF	TRBV15*01	TRBJ1-1	1
CATSVGPSAYNEQFF	TRBV24-1*01	TRBJ2-1	1
CATSVGSGSVFYNEQFF	TRBV24-1*01	TRBJ2-1	1
CATSVIAGDNNEQFF	TRBV24-1*01	TRBJ2-1	1
CATSVPAEETQYF	TRBV24-1*01	TRBJ2-5	1
CATSVPTGHNQPQHF	TRBV24-1*01	TRBJ1-5	1
CATSVRDSVNEQFF	TRBV15*01	TRBJ2-1	1
CATSVTTGSQETQYF	TRBV15*01	TRBJ2-5	1
CATSVVRQPQHF	TRBV24-1*01	TRBJ1-5	1
CATSWGGSGELFF	TRBV19*01	TRBJ2-2	1
CATSWNLDGAYEQYF	TRBV15*01	TRBJ2-7	1
CATTDGGRSYEQYF	TRBV19*01	TRBJ2-7	1
CATTGDTEAFF	TRBV27*01	TRBJ1-1	1
CATTGGSDTQYF	TRBV19*01	TRBJ2-3	1
CATTGLSYEQYF	TRBV2*01	TRBJ2-7	1
CATTGPTGQPQHF	TRBV19*01	TRBJ1-5	1
CATTPEGAPYEQYF	TRBV15*01	TRBJ2-7	1
CATTPGGSLSGYTF	TRBV5-4*01	TRBJ1-2	1
CATTPGLAGEQYF	TRBV11-2*01	TRBJ2-7	1
CATTPGTVSTDTQYF	TRBV15*01	TRBJ2-3	1
CATTPQGGYEQYF	TRBV28*01	TRBJ2-7	1
CATTQLDGGGETQYF	TRBV5-4*01	TRBJ2-5	1
CATTRGPKLNEKLFF	TRBV6-4*01	TRBJ1-4	1
CATTSDGNEQFF	TRBV15*01	TRBJ2-1	1
CATTSGAAIYEQYF	TRBV6-5*01	TRBJ2-7	1
CATTSGGGYTF	TRBV12-3*01	TRBJ1-2	1
CATVRGYYGYTF	TRBV2*01	TRBJ1-2	1
CATWGGPGELFF	TRBV19*01	TRBJ2-2	1
CATWGVAGPRGETQYF	TRBV6-6*01	TRBJ2-5	1
CATWTVGELFF	TRBV10-3*01	TRBJ2-2	1
CATYPTGFRYGYTF	TRBV10-3*01	TRBJ1-2	1
CATYTSSYNEQFF	TRBV5-6*01	TRBJ2-1	1
CAVGAGVPGYTF	TRBV7-9*01	TRBJ1-2	1
CAVGLAGRGEQFF	TRBV15*01	TRBJ2-1	1
CAVGQGTTDTQYF	TRBV2*01	TRBJ2-3	1
CAVKRTSTDTQYF	TRBV27*01	TRBJ2-3	1
CAVQGAGEQYF	TRBV10-3*01	TRBJ2-7	1
CAVRLAGDNYNEQFF	TRBV2*01	TRBJ2-1	1
CAVRTANPYEQYF	TRBV2*01	TRBJ2-7	1
CAVTGGPSDTQYF	TRBV6-1*01	TRBJ2-3	1
CAVTSGAGEQYF	TRBV24-1*01	TRBJ2-7	1
CAVTSGRVGNEQYF	TRBV12-4*01	TRBJ2-7	1
CAWAAYNEQFF	TRBV30*01	TRBJ2-1	1
CAWAGSLEQYF	TRBV30*01	TRBJ2-7	1
CAWDEGSTGSYEQYF	TRBV30*01	TRBJ2-7	1
CAWDGPYNYGYTF	TRBV30*01	TRBJ1-2	1
CAWERWDNYGYTF	TRBV30*01	TRBJ1-2	1
CAWGDSGEGVYEQYF	TRBV30*01	TRBJ2-7	1
CAWGDSSSGNTIYF	TRBV30*01	TRBJ1-3	1
CAWGDTYEQYF	TRBV30*01	TRBJ2-7	1
CAWGGADTQYF	TRBV28*01	TRBJ2-3	1
CAWGGGINQPQHF	TRBV30*01	TRBJ1-5	1
CAWGGVQGINEQYF	TRBV30*01	TRBJ2-7	1
CAWGLPRRF	TRBV30*01	TRBJ1-2	1
CAWGRSSYEQYF	TRBV30*01	TRBJ2-7	1
CAWGTGGRGNTGELFF	TRBV30*01	TRBJ2-2	1
CAWGVTHNPNHNEQFF	TRBV5-4*01	TRBJ2-1	1
CAWGYTGGGQPQHF	TRBV30*01	TRBJ1-5	1
CAWIAGGNTGELFF	TRBV30*01	TRBJ2-2	1
CAWIGATEAFF	TRBV30*01	TRBJ1-1	1
CAWIGPGGEQFF	TRBV30*01	TRBJ2-1	1
CAWILAGGITDTQYF	TRBV30*01	TRBJ2-3	1
CAWKDSLNTEAFF	TRBV30*01	TRBJ1-1	1
CAWKGLAGAGELFF	TRBV30*01	TRBJ2-2	1
CAWLVGRGNEQYF	TRBV30*01	TRBJ2-7	1
CAWMATSYQETQYF	TRBV30*01	TRBJ2-5	1
CAWMGTGTLYYEQYF	TRBV30*01	TRBJ2-7	1
CAWMLDPGRSYEQYF	TRBV30*01	TRBJ2-7	1
CAWNGLTGELFF	TRBV30*01	TRBJ2-2	1
CAWNKYGSLTYGYTF	TRBV30*01	TRBJ1-2	1
CAWNLGASGNNEQFF	TRBV30*01	TRBJ2-1	1
CAWNPGATNTEAFF	TRBV30*01	TRBJ1-1	1
CAWNTGTEAFF	TRBV30*01	TRBJ1-1	1
CAWNTGVEETQYF	TRBV30*01	TRBJ2-5	1
CAWQRWDTDTQYF	TRBV30*01	TRBJ2-3	1
CAWREGGSFTEAFF	TRBV30*01	TRBJ1-1	1
CAWRGGAPYEQYF	TRBV30*01	TRBJ2-7	1
CAWRGGGGEKLFF	TRBV30*01	TRBJ1-4	1
CAWRGGYEQYF	TRBV30*01	TRBJ2-7	1
CAWRGVGTGFTYEQYF	TRBV30*01	TRBJ2-7	1
CAWRPGLAGGLGDNEQFF	TRBV30*01	TRBJ2-1	1
CAWRQLNTEAFF	TRBV30*01	TRBJ1-1	1
CAWRWATREAFF	TRBV30*01	TRBJ1-1	1
CAWRWGDSYEQYF	TRBV30*01	TRBJ2-7	1
CAWSAGVAGNQPQHF	TRBV30*01	TRBJ1-5	1
CAWSAPAGNNEKLFF	TRBV30*01	TRBJ1-4	1
CAWSDEASYNEQFF	TRBV30*01	TRBJ2-1	16
CAWSDGAAEETQYF	TRBV30*01	TRBJ2-5	1
CAWSDLGLAGTEAFF	TRBV30*01	TRBJ1-1	1
CAWSDRAVNQPQHF	TRBV30*01	TRBJ1-5	1
CAWSEGDLNQPQHF	TRBV30*01	TRBJ1-5	1
CAWSEGLAASYEQYF	TRBV30*01	TRBJ2-7	1
CAWSEGQGGYQPQHF	TRBV30*01	TRBJ1-5	1
CAWSESTDTQYF	TRBV30*01	TRBJ2-3	1
CAWSETGWSPLHF	TRBV30*01	TRBJ1-6	1
CAWSGARNTEAFF	TRBV30*01	TRBJ1-1	2
CAWSGFEISGRAPYEQYF	TRBV30*01	TRBJ2-7	1
CAWSGGGEQYF	TRBV30*01	TRBJ2-7	1
CAWSGGLKKFF	TRBV30*01	TRBJ2-1	1
CAWSGGTTEAFF	TRBV30*01	TRBJ1-1	1
CAWSGLTITEAFF	TRBV30*01	TRBJ1-1	1
CAWSGRPDGNEKLFF	TRBV30*01	TRBJ1-4	1
CAWSGSHFMNTEAFF	TRBV30*01	TRBJ1-1	1
CAWSGVLGTDTQYF	TRBV30*01	TRBJ2-3	1
CAWSHPSGRTETQYF	TRBV30*01	TRBJ2-5	1
CAWSIRDLNTGELFF	TRBV30*01	TRBJ2-2	1
CAWSITDTGELFF	TRBV30*01	TRBJ2-2	1
CAWSKVGVGQPQHF	TRBV30*01	TRBJ1-5	1
CAWSLGGSGELFF	TRBV30*01	TRBJ2-2	1
CAWSLGPEQFF	TRBV30*01	TRBJ2-1	1
CAWSLPGLSYEQYF	TRBV30*01	TRBJ2-7	1
CAWSLTGGWNTEAFF	TRBV30*01	TRBJ1-1	1
CAWSPGRDYGYTF	TRBV30*01	TRBJ1-2	1
CAWSPMPGQGVRNEQFF	TRBV30*01	TRBJ2-1	1
CAWSPPGGNEKLFF	TRBV30*01	TRBJ1-4	1
CAWSPQAPGYTF	TRBV30*01	TRBJ1-2	1
CAWSPQLQGTYEQYF	TRBV30*01	TRBJ2-7	1
CAWSPSWVTEAFF	TRBV30*01	TRBJ1-1	1
CAWSQGQGSYEQYF	TRBV30*01	TRBJ2-7	1
CAWSRNDLEQYF	TRBV30*01	TRBJ2-7	1
CAWSSTRSSYNEQFF	TRBV30*01	TRBJ2-1	1
CAWSTGLAGLRYEQYF	TRBV30*01	TRBJ2-7	1
CAWSVAGARWNEQFF	TRBV30*01	TRBJ2-1	1
CAWSVASGELFF	TRBV30*01	TRBJ2-2	1
CAWSVEGGGNQPQHF	TRBV30*01	TRBJ1-5	1
CAWSVELLSSPLHF	TRBV30*01	TRBJ1-6	1
CAWSVGEMADQETQYF	TRBV30*01	TRBJ2-5	1
CAWSVGGDQPQHF	TRBV30*01	TRBJ1-5	1
CAWSVGGYNTIYF	TRBV30*01	TRBJ1-3	1
CAWSVGLNTGELFF	TRBV30*01	TRBJ2-2	1
CAWSVGPFYEQYF	TRBV30*01	TRBJ2-7	1
CAWSVGQGDEKLFF	TRBV30*01	TRBJ1-4	1
CAWSVGQGTDGELFF	TRBV30*01	TRBJ2-2	1
CAWSVGSSGANVLTF	TRBV30*01	TRBJ2-6	1
CAWSVGTANTGELFF	TRBV30*01	TRBJ2-2	1
CAWSVIGEIAENEQFF	TRBV30*01	TRBJ2-1	1
CAWSVILSSYEQYF	TRBV30*01	TRBJ2-7	1
CAWSVKGWKYF	TRBV30*01	TRBJ2-7	1
CAWSVLFGARAYEQYF	TRBV30*01	TRBJ2-7	1
CAWSVLGGNEQYF	TRBV30*01	TRBJ2-7	1
CAWSVLGGSGNTIYF	TRBV30*01	TRBJ1-3	1
CAWSVLGQPQHF	TRBV30*01	TRBJ1-5	1
CAWSVLKGAEQFF	TRBV30*01	TRBJ2-1	1
CAWSVLPEQFF	TRBV30*01	TRBJ2-1	1
CAWSVLQSNQPQHF	TRBV30*01	TRBJ1-5	1
CAWSVLSSGSHEQYF	TRBV30*01	TRBJ2-7	1
CAWSVLTGGSTEAFF	TRBV30*01	TRBJ1-1	1
CAWSVLVWDTIYF	TRBV30*01	TRBJ1-3	1
CAWSVMADNEQFF	TRBV30*01	TRBJ2-1	1
CAWSVMGLLKYNEQFF	TRBV30*01	TRBJ2-1	3
CAWSVNSNEQFF	TRBV30*01	TRBJ2-1	1
CAWSVPGLINTGELFF	TRBV30*01	TRBJ2-2	1
CAWSVPVSEQYF	TRBV30*01	TRBJ2-7	1
CAWSVQGEKLFF	TRBV30*01	TRBJ1-4	1
CAWSVQTPTQHF	TRBV30*01	TRBJ2-4	1
CAWSVQVAGQETQYF	TRBV30*01	TRBJ2-5	1
CAWSVRDREGYTEAFF	TRBV30*01	TRBJ1-1	1
CAWSVRGFGQPQHF	TRBV30*01	TRBJ1-5	1
CAWSVSARTELFF	TRBV30*01	TRBJ1-4	1
CAWSVSASEQFF	TRBV30*01	TRBJ2-1	1
CAWSVTSGAYNEQFF	TRBV30*01	TRBJ2-1	1
CAWSVTWGTEAFF	TRBV30*01	TRBJ1-1	1
CAWSVVGDLKEAFF	TRBV30*01	TRBJ1-1	1
CAWSVVRKGTEAFF	TRBV30*01	TRBJ1-1	2
CAWSVYGGGRDEQFF	TRBV30*01	TRBJ2-1	1
CAWSWPAGRWFFGYTF	TRBV30*01	TRBJ1-2	1
CAWSYTGELFF	TRBV30*01	TRBJ2-2	1
CAWTAGLGISF	TRBV30*01	TRBJ1-2	1
CAWTGAHPEAFF	TRBV30*01	TRBJ1-1	1
CAWTGTGKIGWDSPLHF	TRBV30*01	TRBJ1-6	322
CAWTNRDRPYEQYF	TRBV30*01	TRBJ2-7	1
CAWTPDRVWTEAFF	TRBV30*01	TRBJ1-1	1
CAWTSASTDTQYF	TRBV30*01	TRBJ2-3	1
CAWVLGPAGDTQYF	TRBV30*01	TRBJ2-3	195
CAYPGTGNYGYTF	TRBV30*01	TRBJ1-2	1
CAYRGSNQPQHF	TRBV5-8*01	TRBJ1-5	7
CAYRPSGESYNEQFF	TRBV2*01	TRBJ2-1	1
CAYVQGAGELFF	TRBV30*01	TRBJ2-2	1
CCHILAGTYNEQFF	TRBV6-3*01	TRBJ2-1	1
CGGQGLQETQYF	TRBV2*01	TRBJ2-5	1
CGKRATDTQYF	TRBV2*01	TRBJ2-3	1
CGLAGINEQFF	TRBV2*01	TRBJ2-1	1
CGVTPLAQDTGELFF	TRBV20-1*01	TRBJ2-2	1
CISAFQQGEKLFF	TRBV10-2*01	TRBJ1-4	1
CLCAPQEGYGYTF	TRBV30*01	TRBJ1-2	1
CNTGQITYNEQFF	TRBV20-1*01	TRBJ2-1	1
CPAAGYTDTQYF	TRBV29-1*01	TRBJ2-3	1
CPPGREDKSTDTQYF	TRBV20-1*01	TRBJ2-3	1
CPPKGTYEQYF	TRBV21-1*01	TRBJ2-7	1
CQQQISPGDSDTQYF	TRBV21-1*01	TRBJ2-3	1
CQQQKQETQYF	TRBV21-1*01	TRBJ2-5	1
CQQQKSYEQYF	TRBV21-1*01	TRBJ2-7	1
CQQQKVGTENTGELFF	TRBV21-1*01	TRBJ2-2	1
CQQQNTAGGRDTQYF	TRBV21-1*01	TRBJ2-3	1
CQQQRSTGGSNQPQHF	TRBV21-1*01	TRBJ1-5	8
CQQQSFPGRETEAFF	TRBV21-1*01	TRBJ1-1	1
CQQQSFPGTSGRGLNTGELFF	TRBV21-1*01	TRBJ2-2	1
CRGGQGAAGTQYF	TRBV5-6*01	TRBJ2-3	1
CRGTAVNTEAFF	TRBV20-1*01	TRBJ1-1	1
CRGTGHYEQYF	TRBV28*01	TRBJ2-7	1
CRGWGQGWTEAFF	TRBV20-1*01	TRBJ1-1	1
CRVGQVMVLCTF	TRBV20-1*01	TRBJ1-2	2
CSAADSNLSYNEQFF	TRBV20-1*01	TRBJ2-1	1
CSAAGEPGETQYF	TRBV20-1*01	TRBJ2-5	1
CSAAGGVSNQPQHF	TRBV20-1*01	TRBJ1-5	1
CSAAGQGIHSPLHF	TRBV20-1*01	TRBJ1-6	2
CSAAGTGEELAGISSYNEQFF	TRBV20-1*01	TRBJ2-1	1
CSAAGTSGINEQYF	TRBV20-1*01	TRBJ2-7	1
CSAAKRGGEYEQFF	TRBV20-1*01	TRBJ2-1	1
CSAAKTRGQAPNQPQHF	TRBV20-1*01	TRBJ1-5	1
CSAALGLGEKLFF	TRBV20-1*01	TRBJ1-4	1
CSAALPSTIYNEQFF	TRBV20-1*01	TRBJ2-1	1
CSAAMGLAGELFF	TRBV20-1*01	TRBJ2-2	1
CSAAQGVVYNEQFF	TRBV20-1*01	TRBJ2-1	1
CSAARATEAFF	TRBV20-1*01	TRBJ1-1	1
CSAARDRDYAAQHF	TRBV20-1*01	TRBJ1-5	1
CSAASGRALWETQYF	TRBV20-1*01	TRBJ2-5	1
CSAASGSLNEQFF	TRBV29-1*01	TRBJ2-1	1
CSAASGTEAFF	TRBV29-1*01	TRBJ1-1	1
CSAATGGLDEQYF	TRBV29-1*01	TRBJ2-7	1
CSAATGNTEAFF	TRBV29-1*01	TRBJ1-1	1
CSAATGTGDTGELFF	TRBV20-1*01	TRBJ2-2	1
CSACGGDFSYEQYF	TRBV29-1*01	TRBJ2-7	1
CSADAGTGLPEQYF	TRBV20-1*01	TRBJ2-7	1
CSADDRTSGRAGEQFF	TRBV20-1*01	TRBJ2-1	1
CSADDSSWGNEQFF	TRBV20-1*01	TRBJ2-1	1
CSADDYLKWDLYNEQFF	TRBV29-1*01	TRBJ2-1	1
CSADEPDSSYNSPLHF	TRBV20-1*01	TRBJ1-6	1
CSADGAGTFKSEQYF	TRBV20-1*01	TRBJ2-7	1
CSADGASGKSSYNEQFF	TRBV20-1*01	TRBJ2-1	1
CSADGGLAQQEQFF	TRBV20-1*01	TRBJ2-1	1
CSADGGPTTPNEQYF	TRBV20-1*01	TRBJ2-7	5
CSADGTHTPTDTQYF	TRBV20-1*01	TRBJ2-3	1
CSADGTSNTGELFF	TRBV20-1*01	TRBJ2-2	1
CSADHRFEETQYF	TRBV20-1*01	TRBJ2-5	1
CSADLSRTQLQETQYF	TRBV20-1*01	TRBJ2-5	1
CSADNYGYTF	TRBV20-1*01	TRBJ1-2	1
CSADRDSSYEQYF	TRBV20-1*01	TRBJ2-7	1
CSADRDTSEQFF	TRBV20-1*01	TRBJ2-1	1
CSADRGGTDTQYF	TRBV20-1*01	TRBJ2-3	1
CSADSLAGGGETQYF	TRBV20-1*01	TRBJ2-5	1
CSADSYTGELFF	TRBV29-1*01	TRBJ2-2	1
CSADTTDRGLTEAFF	TRBV20-1*01	TRBJ1-1	1
CSADTTSGGPQETQYF	TRBV20-1*01	TRBJ2-5	1
CSADWSTGGANYGYTF	TRBV29-1*01	TRBJ1-2	1
CSADWTSRPDTQYF	TRBV20-1*01	TRBJ2-3	1
CSADYRGSYEQYF	TRBV20-1*01	TRBJ2-7	1
CSAEDRANTEAFF	TRBV20-1*01	TRBJ1-1	1
CSAEDRGDEQYF	TRBV20-1*01	TRBJ2-7	1
CSAEDVSFYEQYF	TRBV20-1*01	TRBJ2-7	1
CSAEGAEGNQPQHF	TRBV20-1*01	TRBJ1-5	1
CSAEGPSTLSYNEQFF	TRBV20-1*01	TRBJ2-1	2
CSAEGQVENTGELFF	TRBV29-1*01	TRBJ2-2	1
CSAEGRGNTGELFF	TRBV20-1*01	TRBJ2-2	1
CSAEGRYQETQYF	TRBV29-1*01	TRBJ2-5	1
CSAEGTTAYEQYF	TRBV20-1*01	TRBJ2-7	1
CSAEGVAGGPQL	TRBV29-1*01	TRBJ2-1	1
CSAEGYLSYEQYF	TRBV20-1*01	TRBJ2-7	1
CSAELWTGGIGDTQYF	TRBV29-1*01	TRBJ2-3	1
CSAEPGQGNNEQFF	TRBV20-1*01	TRBJ2-1	1
CSAEQEMNTEAFF	TRBV20-1*01	TRBJ1-1	1
CSAEQGEETQYF	TRBV20-1*01	TRBJ2-5	1
CSAEQGRWQPQHF	TRBV20-1*01	TRBJ1-5	1
CSAERQFWTVQPFDQPQHF	TRBV20-1*01	TRBJ1-5	1
CSAERQGAPETQYF	TRBV29-1*01	TRBJ2-5	1
CSAESGWQEHWSTDTQYF	TRBV20-1*01	TRBJ2-3	1
CSAETQNRFGTGELFF	TRBV29-1*01	TRBJ2-2	1
CSAEVAARNTGELFF	TRBV20-1*01	TRBJ2-2	1
CSAEYTQGGSQPQHF	TRBV20-1*01	TRBJ1-5	2
CSAFDRRSNQPQHF	TRBV20-1*01	TRBJ1-5	1
CSAFDRVVPEAFF	TRBV20-1*01	TRBJ1-1	1
CSAFPGPREAYEQYF	TRBV20-1*01	TRBJ2-7	1
CSAFPQIAGVFDEQFF	TRBV20-1*01	TRBJ2-1	1
CSAFRLKAEAFF	TRBV20-1*01	TRBJ1-1	1
CSAGAPPEDSPLHF	TRBV20-1*01	TRBJ1-6	1
CSAGDASSYEQYF	TRBV20-1*01	TRBJ2-7	1
CSAGDREETQYF	TRBV20-1*01	TRBJ2-5	1
CSAGEEADTQYF	TRBV20-1*01	TRBJ2-3	1
CSAGEGHYYEQYF	TRBV20-1*01	TRBJ2-7	1
CSAGGGSYNEQFF	TRBV20-1*01	TRBJ2-1	1
CSAGGIHTGTDEQYF	TRBV20-1*01	TRBJ2-7	1
CSAGGLHSHEQFF	TRBV20-1*01	TRBJ2-1	1
CSAGGLVGIQYF	TRBV20-1*01	TRBJ2-4	1
CSAGLDREDADTQYF	TRBV20-1*01	TRBJ2-3	1
CSAGLQVIGVEEQYF	TRBV20-1*01	TRBJ2-7	1
CSAGLWLHYGYTF	TRBV20-1*01	TRBJ1-2	1
CSAGNRGKGTEAFF	TRBV20-1*01	TRBJ1-1	1
CSAGPLEAFF	TRBV29-1*01	TRBJ1-1	1
CSAGPSGDVEQYF	TRBV20-1*01	TRBJ2-7	1
CSAGQGPNTGELFF	TRBV20-1*01	TRBJ2-2	1
CSAGQGPYEQYF	TRBV29-1*01	TRBJ2-7	1
CSAGRLAGISYEQYF	TRBV20-1*01	TRBJ2-7	1
CSAGRVAGSSYEQYF	TRBV20-1*01	TRBJ2-7	1
CSAGSDKGGFGANVLTF	TRBV20-1*01	TRBJ2-6	1
CSAGSRTSGFSYNEQFF	TRBV20-1*01	TRBJ2-1	1
CSAGTDSYEQYF	TRBV20-1*01	TRBJ2-7	1
CSAGTSNEQFF	TRBV29-1*01	TRBJ2-1	1
CSAGTSTGDYYGYTF	TRBV20-1*01	TRBJ1-2	1
CSAGVSSRKDNSPLHF	TRBV20-1*01	TRBJ1-6	1
CSAGWAGDDEQYF	TRBV20-1*01	TRBJ2-7	1
CSAGWDLSDNEQFF	TRBV29-1*01	TRBJ2-1	1
CSAGWQDDNYGYTF	TRBV29-1*01	TRBJ1-2	1
CSAGWTDPHEQFF	TRBV29-1*01	TRBJ2-1	1
CSAHARDSYNEQFF	TRBV20-1*01	TRBJ2-1	1
CSAHDREQPSYQETQYF	TRBV20-1*01	TRBJ2-5	1
CSAHFQGTSYEQYF	TRBV20-1*01	TRBJ2-7	1
CSAHGGGAYEQYF	TRBV20-1*01	TRBJ2-7	1
CSAHLAETYEQYF	TRBV20-1*01	TRBJ2-7	1
CSAHNEQFF	TRBV20-1*01	TRBJ2-1	14
CSAHQETSYNEQFF	TRBV20-1*01	TRBJ2-1	1
CSAHRQGRTYEQYF	TRBV20-1*01	TRBJ2-7	1
CSAHSPGQGPRQYF	TRBV20-1*01	TRBJ2-7	1
CSAHSQREYPWDEQYF	TRBV20-1*01	TRBJ2-7	1
CSAIADSNEQFF	TRBV29-1*01	TRBJ2-1	1
CSAIFTGELFF	TRBV20-1*01	TRBJ2-2	1
CSAIGLTEQFF	TRBV20-1*01	TRBJ2-1	1
CSAIHPRQSGSPLHF	TRBV20-1*01	TRBJ1-6	1
CSAIIRDINEKLFF	TRBV20-1*01	TRBJ1-4	1
CSAIKTGGNTEAFF	TRBV20-1*01	TRBJ1-1	1
CSAINNEQFF	TRBV20-1*01	TRBJ2-1	1
CSAIPGLAEEQFF	TRBV20-1*01	TRBJ2-1	1
CSAIPGVAGDWSTDTQYF	TRBV20-1*01	TRBJ2-3	1
CSAIPGYGNGRKVSGTGELFF	TRBV20-1*01	TRBJ2-2	1
CSAIPQVRAHEQYF	TRBV20-1*01	TRBJ2-7	1
CSAIPWTGSTDTQYF	TRBV20-1*01	TRBJ2-3	1
CSAIRQTNYGYTF	TRBV20-1*01	TRBJ1-2	1
CSAISDLDVYGYTF	TRBV20-1*01	TRBJ1-2	1
CSAISGDTQYF	TRBV20-1*01	TRBJ2-3	1
CSAITGQVYEQYF	TRBV20-1*01	TRBJ2-7	1
CSAITRQPRSYEQYF	TRBV20-1*01	TRBJ2-7	1
CSAIVGRPYFTDTQYF	TRBV20-1*01	TRBJ2-3	8
CSAIVVFGSEQFF	TRBV20-1*01	TRBJ2-1	1
CSAKATSGGLSEQYF	TRBV20-1*01	TRBJ2-7	1
CSAKDRETRKLFF	TRBV20-1*01	TRBJ1-4	1
CSAKEGLAGGQYQETQYF	TRBV20-1*01	TRBJ2-5	1
CSAKETDYYGYTF	TRBV20-1*01	TRBJ1-2	1
CSAKGAGGPVDTQYF	TRBV20-1*01	TRBJ2-3	1
CSAKGDRVTGELFF	TRBV20-1*01	TRBJ2-2	1
CSAKGGKDVSGANVLTF	TRBV20-1*01	TRBJ2-6	1
CSAKGTYESEVVF	TRBV20-1*01	TRBJ1-2	3
CSAKGVRDYNEQFF	TRBV20-1*01	TRBJ2-1	1
CSAKRTRTGGRIGELFF	TRBV20-1*01	TRBJ2-2	1
CSAKTAPADTQYF	TRBV20-1*01	TRBJ2-3	1
CSAKTNEGPAGNTIYF	TRBV20-1*01	TRBJ1-3	1
CSAKVRDREVNTIYF	TRBV20-1*01	TRBJ1-3	1
CSAKWTSGTGELFF	TRBV20-1*01	TRBJ2-2	1
CSALAGPYNEQFF	TRBV20-1*01	TRBJ2-1	1
CSALAGQSYEQYF	TRBV20-1*01	TRBJ2-7	1
CSALAIAGKGSSYEQYF	TRBV20-1*01	TRBJ2-7	1
CSALDREVYSYNSPLHF	TRBV20-1*01	TRBJ1-6	1
CSALDRGSYEQYF	TRBV20-1*01	TRBJ2-7	1
CSALDSSFYNEQFF	TRBV20-1*01	TRBJ2-1	1
CSALEGQGMGQPQHF	TRBV20-1*01	TRBJ1-5	3
CSALEVALNSPLHF	TRBV20-1*01	TRBJ1-6	1
CSALGGRGRGTEAFF	TRBV20-1*01	TRBJ1-1	1
CSALGGSGRLQTQYF	TRBV20-1*01	TRBJ2-5	1
CSALGGTQYF	TRBV20-1*01	TRBJ2-3	2
CSALGIRNAYNEQFF	TRBV20-1*01	TRBJ2-1	1
CSALGLGTNEQYF	TRBV20-1*01	TRBJ2-7	1
CSALGTGGEVETQYF	TRBV29-1*01	TRBJ2-5	1
CSALGTGSYEQYF	TRBV29-1*01	TRBJ2-7	1
CSALGTSGMVTDTQYF	TRBV20-1*01	TRBJ2-3	1
CSALHWQHTQYF	TRBV20-1*01	TRBJ2-3	1
CSALIPDSSYEQYF	TRBV20-1*01	TRBJ2-7	1
CSALIRDYNEQFF	TRBV20-1*01	TRBJ2-1	1
CSALISVSSYEQYF	TRBV20-1*01	TRBJ2-7	1
CSALLAGGRNEQFF	TRBV20-1*01	TRBJ2-1	1
CSALLLGSNEQFF	TRBV20-1*01	TRBJ2-1	3
CSALLRDSVTNQPQHF	TRBV20-1*01	TRBJ1-5	1
CSALLRGEQYF	TRBV20-1*01	TRBJ2-7	1
CSALNRDGKTYNEQFF	TRBV20-1*01	TRBJ2-1	1
CSALPPAGEASYEQYF	TRBV20-1*01	TRBJ2-7	2
CSALPTGRANYGYTF	TRBV29-1*01	TRBJ1-2	1
CSALRGGVSSYNEQFF	TRBV20-1*01	TRBJ2-1	1
CSALRGTFPQYF	TRBV20-1*01	TRBJ2-5	1
CSALSGGFEGTQYF	TRBV20-1*01	TRBJ2-3	1
CSALSGNQAFF	TRBV20-1*01	TRBJ1-1	1
CSALSGNTIYF	TRBV20-1*01	TRBJ1-3	2
CSALSMGTSYEQYF	TRBV20-1*01	TRBJ2-7	1
CSALTGNNEQFF	TRBV20-1*01	TRBJ2-1	1
CSALYFLSYEQYF	TRBV20-1*01	TRBJ2-7	1
CSAMGQGARGRRGYNSPLHF	TRBV20-1*01	TRBJ1-6	1
CSAMGRPSGPSYNEQFF	TRBV20-1*01	TRBJ2-1	1
CSAMPGQESSYNSPLHF	TRBV20-1*01	TRBJ1-6	1
CSAMRREGPKNIQYF	TRBV20-1*01	TRBJ2-4	1
CSAMTEFSSYEQYF	TRBV20-1*01	TRBJ2-7	1
CSAMTSEGSGANVLTF	TRBV20-1*01	TRBJ2-6	1
CSANAETGGPDTQYF	TRBV20-1*01	TRBJ2-3	1
CSANAPRLAGVAKNIQYF	TRBV20-1*01	TRBJ2-4	1
CSANDRESYEQYF	TRBV20-1*01	TRBJ2-7	1
CSANEGVISYEQYF	TRBV20-1*01	TRBJ2-7	1
CSANFGGPRTDTQYF	TRBV29-1*01	TRBJ2-3	1
CSANGGDTEAFF	TRBV20-1*01	TRBJ1-1	1
CSANGKTNYGYTF	TRBV20-1*01	TRBJ1-2	1
CSANHPGRTQNIQYF	TRBV20-1*01	TRBJ2-4	1
CSANIRDTNEQFF	TRBV20-1*01	TRBJ2-1	1
CSANPGLAGGSWDQETQYF	TRBV20-1*01	TRBJ2-5	1
CSANPTAGYSYEQYF	TRBV20-1*01	TRBJ2-7	1
CSANRDRATYEQYF	TRBV20-1*01	TRBJ2-7	1
CSANREKLFF	TRBV20-1*01	TRBJ1-4	1
CSANRRASGRNTGELFF	TRBV20-1*01	TRBJ2-2	2
CSANRVYPYEQYF	TRBV20-1*01	TRBJ2-7	1
CSANSGWSSYNEQFF	TRBV20-1*01	TRBJ2-1	1
CSANSKSSYEQYF	TRBV20-1*01	TRBJ2-7	1
CSANTGTGVVEAFF	TRBV20-1*01	TRBJ1-1	1
CSANWFGRRFSNQPQHF	TRBV20-1*01	TRBJ1-5	1
CSAPAGRDYGYTF	TRBV20-1*01	TRBJ1-2	1
CSAPATWIPYEQYF	TRBV20-1*01	TRBJ2-7	1
CSAPDLNTEAFF	TRBV20-1*01	TRBJ1-1	1
CSAPDRVFFYYGYTF	TRBV20-1*01	TRBJ1-2	1
CSAPEDTAAYNSPLHF	TRBV20-1*01	TRBJ1-6	1
CSAPESVGPPGPSYEQYF	TRBV20-1*01	TRBJ2-7	1
CSAPGGGGDYNEQFF	TRBV20-1*01	TRBJ2-1	2
CSAPGGTSAYEQYF	TRBV20-1*01	TRBJ2-7	1
CSAPGLADSYEQYF	TRBV20-1*01	TRBJ2-7	1
CSAPGLAGVNEQFF	TRBV20-1*01	TRBJ2-1	1
CSAPGLQTQYF	TRBV20-1*01	TRBJ2-3	1
CSAPGQEAYNEQFF	TRBV20-1*01	TRBJ2-1	1
CSAPGQGYNYGYTF	TRBV20-1*01	TRBJ1-2	1
CSAPGRYYNEQFF	TRBV20-1*01	TRBJ2-1	1
CSAPGSGTYGTDTQYF	TRBV20-1*01	TRBJ2-3	1
CSAPGTGNQETQYF	TRBV20-1*01	TRBJ2-5	1
CSAPISGLGQETQYF	TRBV20-1*01	TRBJ2-5	1
CSAPKEGRGQGYTF	TRBV20-1*01	TRBJ1-2	1
CSAPKITTSGYEQFF	TRBV20-1*01	TRBJ2-1	1
CSAPKLADYNEQFF	TRBV20-1*01	TRBJ2-1	1
CSAPLPAGGYRSTDTQYF	TRBV20-1*01	TRBJ2-3	1
CSAPLTNYGYTF	TRBV29-1*01	TRBJ1-2	1
CSAPNMANGNTIYF	TRBV20-1*01	TRBJ1-3	1
CSAPPGASGGPYYEQYF	TRBV20-1*01	TRBJ2-7	1
CSAPPGGASYEQYF	TRBV20-1*01	TRBJ2-7	1
CSAPPLGQDWDIQYF	TRBV20-1*01	TRBJ2-4	1
CSAPPRFAALNTEAFF	TRBV20-1*01	TRBJ1-1	1
CSAPPRGGNQPQHF	TRBV20-1*01	TRBJ1-5	1
CSAPPSGGAHEQFF	TRBV20-1*01	TRBJ2-1	1
CSAPPSNYNEQFF	TRBV20-1*01	TRBJ2-1	1
CSAPPSSGRSYNEQFF	TRBV20-1*01	TRBJ2-1	1
CSAPQDGFEAFF	TRBV20-1*01	TRBJ1-1	1
CSAPQHEGRHDEQFF	TRBV20-1*01	TRBJ2-1	1
CSAPRAGTEAFF	TRBV20-1*01	TRBJ1-1	1
CSAPRDSNNEQFF	TRBV20-1*01	TRBJ2-1	1
CSAPRGETEAFF	TRBV20-1*01	TRBJ1-1	1
CSAPRGFQGAEKLFF	TRBV20-1*01	TRBJ1-4	1
CSAPRGSGTIDTQYF	TRBV20-1*01	TRBJ2-3	1
CSAPRLGIGTGELFF	TRBV20-1*01	TRBJ2-2	1
CSAPSGEGRDTQYF	TRBV20-1*01	TRBJ2-3	35
CSAPSGGRYNEQFF	TRBV20-1*01	TRBJ2-1	1
CSAPSGLAGVDQNIQYF	TRBV20-1*01	TRBJ2-4	2
CSAPSGSGSVYEQYF	TRBV20-1*01	TRBJ2-7	1
CSAPSQSSYNEQFF	TRBV20-1*01	TRBJ2-1	1
CSAPSREGPSYEQYF	TRBV20-1*01	TRBJ2-7	1
CSAPSRRPGESNQPQHF	TRBV20-1*01	TRBJ1-5	1
CSAPSYRDSYNYGYTF	TRBV20-1*01	TRBJ1-2	1
CSAPTASSGNTIYF	TRBV20-1*01	TRBJ1-3	1
CSAPTEEGSLQETQYF	TRBV20-1*01	TRBJ2-5	1
CSAPTGGKYGYTF	TRBV29-1*01	TRBJ1-2	1
CSAPTPGLVLPETQYF	TRBV20-1*01	TRBJ2-5	2
CSAPTSVGEQYF	TRBV20-1*01	TRBJ2-7	1
CSAPTWQGGYMNTEAFF	TRBV20-1*01	TRBJ1-1	1
CSAPVEESIYGYTF	TRBV20-1*01	TRBJ1-2	1
CSAPVWAGGVEETQYF	TRBV20-1*01	TRBJ2-5	1
CSAPVYRDRGLGVNTEAFF	TRBV20-1*01	TRBJ1-1	1
CSAPWTGGTYEQYF	TRBV20-1*01	TRBJ2-7	1
CSAPYPGTVRGTDTQYF	TRBV20-1*01	TRBJ2-3	1
CSAQAERSYEQYF	TRBV20-1*01	TRBJ2-7	1
CSAQDFPSSYEQYF	TRBV20-1*01	TRBJ2-7	1
CSAQDSVVHEQYF	TRBV29-1*01	TRBJ2-7	1
CSAQEEGISNGYTF	TRBV20-1*01	TRBJ1-2	1
CSAQGATEAFF	TRBV20-1*01	TRBJ1-1	1
CSAQLGSEAFF	TRBV29-1*01	TRBJ1-1	1
CSAQPDRPHYEQYF	TRBV20-1*01	TRBJ2-7	1
CSAQPHRASNEKLFF	TRBV20-1*01	TRBJ1-4	1
CSAQSSYNSPLHF	TRBV29-1*01	TRBJ1-6	1
CSAQTDSSYEQYF	TRBV20-1*01	TRBJ2-7	1
CSAQTEEIYGYTF	TRBV20-1*01	TRBJ1-2	1
CSAQTGMNTEAFF	TRBV20-1*01	TRBJ1-1	1
CSAQTRQGSYNSPLHF	TRBV20-1*01	TRBJ1-6	1
CSAQTSSGNTIYF	TRBV20-1*01	TRBJ1-3	1
CSAQVTGGYTF	TRBV20-1*01	TRBJ1-2	1
CSAQWTPGGNQPQHF	TRBV20-1*01	TRBJ1-5	9
CSARAASGNGELFF	TRBV20-1*01	TRBJ2-2	1
CSARADSQETQYF	TRBV20-1*01	TRBJ2-5	1
CSARADVQGFGTNEKLFF	TRBV20-1*01	TRBJ1-4	1
CSARAETADTEAFF	TRBV20-1*01	TRBJ1-1	1
CSARAETSWPLTYSLAKNIQYF	TRBV20-1*01	TRBJ2-4	1
CSARAFRLGNEQFF	TRBV20-1*01	TRBJ2-1	1
CSARAGDPYNEQFF	TRBV20-1*01	TRBJ2-1	1
CSARAGGPLSNQPQHF	TRBV20-1*01	TRBJ1-5	1
CSARAGGPRETQYF	TRBV20-1*01	TRBJ2-5	1
CSARAGRAHEQYF	TRBV20-1*01	TRBJ2-7	1
CSARAIGTSGRAIIADTQYF	TRBV20-1*01	TRBJ2-3	1
CSARAKRGLFNEQFF	TRBV20-1*01	TRBJ2-1	1
CSARAKRTLYEQYF	TRBV20-1*01	TRBJ2-7	1
CSARALAGGTDTQYF	TRBV20-1*01	TRBJ2-3	1
CSARALEPYEQYF	TRBV20-1*01	TRBJ2-7	1
CSARALRLGELFF	TRBV20-1*01	TRBJ2-2	1
CSARALTDAGGTNTGELFF	TRBV20-1*01	TRBJ2-2	1
CSARALTGHVWGYTF	TRBV20-1*01	TRBJ1-2	1
CSARANFSKRRRVGEKLFF	TRBV20-1*01	TRBJ1-4	1
CSARAPAGAYEQYF	TRBV20-1*01	TRBJ2-7	1
CSARAPGLAGVWETQYF	TRBV20-1*01	TRBJ2-5	1
CSARAPGQGIYEQYF	TRBV20-1*01	TRBJ2-7	1
CSARAPGWALRTNEKLFF	TRBV20-1*01	TRBJ1-4	1
CSARAPLNTEAFF	TRBV20-1*01	TRBJ1-1	1
CSARAQENYEQYF	TRBV20-1*01	TRBJ2-7	1
CSARAQTGGEEDTIYF	TRBV20-1*01	TRBJ1-3	1
CSARARASYEQYF	TRBV20-1*01	TRBJ2-7	1
CSARARLAGEFSEQYF	TRBV20-1*01	TRBJ2-7	3
CSARARPLTVSSYEQYF	TRBV20-1*01	TRBJ2-7	1
CSARARQGLFLNEQFF	TRBV20-1*01	TRBJ2-1	1
CSARARTSGYEQYF	TRBV20-1*01	TRBJ2-7	1
CSARASDTQYF	TRBV20-1*01	TRBJ2-3	1
CSARASGTLYEQYF	TRBV20-1*01	TRBJ2-7	1
CSARATGKDTEAFF	TRBV20-1*01	TRBJ1-1	1
CSARATSGNEQYF	TRBV20-1*01	TRBJ2-7	1
CSARAVQAISYEQYF	TRBV20-1*01	TRBJ2-7	1
CSARAVRVSVEQYF	TRBV20-1*01	TRBJ2-7	1
CSARAWGRNSPLHF	TRBV20-1*01	TRBJ1-6	1
CSARAYRASGNEQFF	TRBV20-1*01	TRBJ2-1	1
CSARCPIGDNEQFF	TRBV20-1*01	TRBJ2-1	1
CSARDAGLAGFRGAGEQYF	TRBV20-1*01	TRBJ2-7	1
CSARDALGTSGRWDEQFF	TRBV20-1*01	TRBJ2-1	1
CSARDAPGLAGGTDTQYF	TRBV20-1*01	TRBJ2-3	1
CSARDAQGAAGRDPYEQYF	TRBV20-1*01	TRBJ2-7	1
CSARDDDRTNQPQHF	TRBV20-1*01	TRBJ1-5	1
CSARDDQEGLNTEAFF	TRBV20-1*01	TRBJ1-1	1
CSARDDRANTEAFF	TRBV20-1*01	TRBJ1-1	1
CSARDDRGPAGNTIYF	TRBV20-1*01	TRBJ1-3	1
CSARDDRVSYEQYF	TRBV20-1*01	TRBJ2-7	1
CSARDDSGLSSGNTIYF	TRBV20-1*01	TRBJ1-3	1
CSARDDSNEQYF	TRBV20-1*01	TRBJ2-7	1
CSARDDYLGNWNEQFF	TRBV20-1*01	TRBJ2-1	1
CSARDEAWASASYEQYF	TRBV20-1*01	TRBJ2-7	1
CSARDEGFYGYTF	TRBV20-1*01	TRBJ1-2	1
CSARDEGYEQYF	TRBV20-1*01	TRBJ2-7	1
CSARDEPFSYNEQFF	TRBV20-1*01	TRBJ2-1	1
CSARDETGNTIYF	TRBV20-1*01	TRBJ1-3	1
CSARDEWGQGNTEAFF	TRBV20-1*01	TRBJ1-1	1
CSARDFDEQFF	TRBV20-1*01	TRBJ2-1	1
CSARDFGRGHYQPQHF	TRBV20-1*01	TRBJ1-5	1
CSARDFLGGHYEQYF	TRBV20-1*01	TRBJ2-7	1
CSARDFQGDEQYF	TRBV20-1*01	TRBJ2-7	3
CSARDFRGRETQYF	TRBV20-1*01	TRBJ2-5	1
CSARDFRGRGETQYF	TRBV20-1*01	TRBJ2-5	1
CSARDFSTDTQYF	TRBV20-1*01	TRBJ2-3	1
CSARDGAGGHEQYF	TRBV20-1*01	TRBJ2-7	1
CSARDGASSDTQYF	TRBV20-1*01	TRBJ2-3	1
CSARDGDGVWSTEAFF	TRBV20-1*01	TRBJ1-1	1
CSARDGETGKETQYF	TRBV20-1*01	TRBJ2-5	1
CSARDGGAYEQFF	TRBV20-1*01	TRBJ2-1	1
CSARDGGGALYEQYF	TRBV20-1*01	TRBJ2-7	1
CSARDGGQLNYGYTF	TRBV20-1*01	TRBJ1-2	1
CSARDGGTGELFF	TRBV20-1*01	TRBJ2-2	1
CSARDGGTNEKLFF	TRBV20-1*01	TRBJ1-4	1
CSARDGKGNTEAFF	TRBV20-1*01	TRBJ1-1	1
CSARDGLGGRNYGYTF	TRBV20-1*01	TRBJ1-2	1
CSARDGLSVSYTF	TRBV20-1*01	TRBJ1-2	1
CSARDGQGWAGWNTEAFF	TRBV20-1*01	TRBJ1-1	1
CSARDGQGWNSPLHF	TRBV20-1*01	TRBJ1-6	1
CSARDGQVYEQYF	TRBV20-1*01	TRBJ2-7	1
CSARDGRDYGYTF	TRBV20-1*01	TRBJ1-2	1
CSARDGRGAVYNEQFF	TRBV20-1*01	TRBJ2-1	1
CSARDGRGYEQFF	TRBV20-1*01	TRBJ2-1	1
CSARDGRTGENIQYF	TRBV20-1*01	TRBJ2-4	1
CSARDGTGISGNTIYF	TRBV20-1*01	TRBJ1-3	1
CSARDGTGNYEQYF	TRBV20-1*01	TRBJ2-7	1
CSARDGTGSTDTQYF	TRBV20-1*01	TRBJ2-3	1
CSARDGTSAEYF	TRBV20-1*01	TRBJ2-3	1
CSARDGTSGRDTQYF	TRBV20-1*01	TRBJ2-3	1
CSARDGTTEAFF	TRBV20-1*01	TRBJ1-1	1
CSARDGYNSYNEQFF	TRBV20-1*01	TRBJ2-1	1
CSARDHGSDTGELFF	TRBV20-1*01	TRBJ2-2	1
CSARDHIAGVSEQYF	TRBV20-1*01	TRBJ2-7	1
CSARDHPEGLNTGELFF	TRBV20-1*01	TRBJ2-2	1
CSARDHRNEQYF	TRBV20-1*01	TRBJ2-7	1
CSARDHWQGASSYEQYF	TRBV20-1*01	TRBJ2-7	1
CSARDIETISYEQYF	TRBV20-1*01	TRBJ2-7	1
CSARDINLDTYEQYF	TRBV20-1*01	TRBJ2-7	1
CSARDINWVAGEADTQYF	TRBV20-1*01	TRBJ2-3	1
CSARDIRGNEQFF	TRBV20-1*01	TRBJ2-1	1
CSARDIRTGTSGSGYNEQFF	TRBV20-1*01	TRBJ2-1	1
CSARDIYWDVFF	TRBV20-1*01	TRBJ1-1	1
CSARDKFRVQGNEQFF	TRBV20-1*01	TRBJ2-1	1
CSARDKTGGYYEQYF	TRBV20-1*01	TRBJ2-7	1
CSARDLAGAGEQYF	TRBV20-1*01	TRBJ2-7	1
CSARDLAGGKNEQFF	TRBV20-1*01	TRBJ2-1	1
CSARDLAGGSGYEQYF	TRBV20-1*01	TRBJ2-7	1
CSARDLAKYEQYF	TRBV20-1*01	TRBJ2-7	1
CSARDLASGGMQETQYF	TRBV20-1*01	TRBJ2-5	1
CSARDLEGAYNEQFF	TRBV20-1*01	TRBJ2-1	1
CSARDLEGSGELFF	TRBV20-1*01	TRBJ2-2	1
CSARDLGDEGGELFF	TRBV20-1*01	TRBJ2-2	1
CSARDLGGEAFF	TRBV20-1*01	TRBJ1-1	1
CSARDLGGPNTGELFF	TRBV20-1*01	TRBJ2-2	1
CSARDLGGPTYEQYF	TRBV20-1*01	TRBJ2-7	1
CSARDLGGSYEQYF	TRBV20-1*01	TRBJ2-7	1
CSARDLGLAGDEQYF	TRBV20-1*01	TRBJ2-7	1
CSARDLGLAGGLTVDTQYF	TRBV20-1*01	TRBJ2-3	1
CSARDLGLAGVYEQFF	TRBV20-1*01	TRBJ2-1	1
CSARDLGLGKTGVSTDTQYF	TRBV20-1*01	TRBJ2-3	1
CSARDLGNTIYF	TRBV20-1*01	TRBJ1-3	1
CSARDLGNYGYTF	TRBV20-1*01	TRBJ1-2	1
CSARDLGQVFYNEQFF	TRBV20-1*01	TRBJ2-1	1
CSARDLGRANGYTF	TRBV20-1*01	TRBJ1-2	1
CSARDLGRSFNEQYF	TRBV20-1*01	TRBJ2-7	1
CSARDLGSDARFF	TRBV20-1*01	TRBJ2-1	1
CSARDLGSGTGELFF	TRBV20-1*01	TRBJ2-2	1
CSARDLKTGGTGNTIYF	TRBV20-1*01	TRBJ1-3	1
CSARDLQDSSGNTIYF	TRBV20-1*01	TRBJ1-3	1
CSARDLQGENEQFF	TRBV20-1*01	TRBJ2-1	1
CSARDLQGPDYGYTF	TRBV20-1*01	TRBJ1-2	1
CSARDLRGGEQYF	TRBV20-1*01	TRBJ2-7	1
CSARDLRLDQETQYF	TRBV20-1*01	TRBJ2-5	1
CSARDLRQEFTDTQYF	TRBV20-1*01	TRBJ2-3	1
CSARDLRTGSSTDTQYF	TRBV20-1*01	TRBJ2-3	1
CSARDLSGTGPYEQYF	TRBV20-1*01	TRBJ2-7	1
CSARDLSIASGTSSTDTQYF	TRBV20-1*01	TRBJ2-3	6
CSARDLSTDTQYF	TRBV20-1*01	TRBJ2-3	2
CSARDLTAGSYEQYF	TRBV20-1*01	TRBJ2-7	1
CSARDLTAIGGEKLFF	TRBV20-1*01	TRBJ1-4	1
CSARDLTGTNTEAFF	TRBV20-1*01	TRBJ1-1	1
CSARDLTRNYGYTF	TRBV20-1*01	TRBJ1-2	1
CSARDLTSGGESSYNEQFF	TRBV20-1*01	TRBJ2-1	1
CSARDLTSGIYNEQFF	TRBV20-1*01	TRBJ2-1	1
CSARDLTSGYEQYF	TRBV20-1*01	TRBJ2-7	1
CSARDLVGPPNEKLFF	TRBV20-1*01	TRBJ1-4	1
CSARDLWAGGQETQYF	TRBV20-1*01	TRBJ2-5	1
CSARDLWSDTDTQYF	TRBV20-1*01	TRBJ2-3	1
CSARDLWVRGELYEQFF	TRBV20-1*01	TRBJ2-1	1
CSARDMAEYYGYTF	TRBV20-1*01	TRBJ1-2	1
CSARDMGGPYNEQFF	TRBV20-1*01	TRBJ2-1	1
CSARDMVGVDTQYF	TRBV20-1*01	TRBJ2-3	1
CSARDPAGVENEQFF	TRBV20-1*01	TRBJ2-1	1
CSARDPDRTYEQYF	TRBV20-1*01	TRBJ2-7	1
CSARDPGAGGPYNEQFF	TRBV20-1*01	TRBJ2-1	1
CSARDPGGRETQYF	TRBV20-1*01	TRBJ2-5	1
CSARDPGLAGGFIGTQYF	TRBV20-1*01	TRBJ2-5	1
CSARDPGNYGYTF	TRBV20-1*01	TRBJ1-2	1
CSARDPGRDPLLYNEQFF	TRBV20-1*01	TRBJ2-1	1
CSARDPGRGSAGGHELEQYF	TRBV20-1*01	TRBJ2-7	1
CSARDPKGLAGPYEQYF	TRBV20-1*01	TRBJ2-7	1
CSARDPLTQGNYGYTF	TRBV20-1*01	TRBJ1-2	1
CSARDPLTSGHYNEQFF	TRBV20-1*01	TRBJ2-1	1
CSARDPNLAGGGYEQYF	TRBV20-1*01	TRBJ2-7	1
CSARDPPAGRDGYTF	TRBV20-1*01	TRBJ1-2	69
CSARDPPSDVGTQYF	TRBV20-1*01	TRBJ2-5	6
CSARDPPTGWDEQFF	TRBV20-1*01	TRBJ2-1	1
CSARDPRDTGELFF	TRBV20-1*01	TRBJ2-2	1
CSARDPRESSYEQYF	TRBV20-1*01	TRBJ2-7	1
CSARDPSGAVYEQYF	TRBV20-1*01	TRBJ2-7	1
CSARDPSGGLEETQYF	TRBV20-1*01	TRBJ2-5	1
CSARDPVLRQGRYEQYF	TRBV20-1*01	TRBJ2-7	1
CSARDPVSGRAGETQYF	TRBV20-1*01	TRBJ2-5	1
CSARDPWTSGGDTGELFF	TRBV20-1*01	TRBJ2-2	1
CSARDPYEQYF	TRBV20-1*01	TRBJ2-7	1
CSARDQAVRLAADTQYF	TRBV20-1*01	TRBJ2-3	1
CSARDQDSIIYEQYF	TRBV20-1*01	TRBJ2-7	1
CSARDQGIGEKLFF	TRBV20-1*01	TRBJ1-4	1
CSARDQGNEQFF	TRBV20-1*01	TRBJ2-1	1
CSARDQGPTGNTIYF	TRBV20-1*01	TRBJ1-3	1
CSARDQGYEQYF	TRBV20-1*01	TRBJ2-7	1
CSARDQTAGYGYTF	TRBV20-1*01	TRBJ1-2	1
CSARDQTGAGLSSYEQYF	TRBV20-1*01	TRBJ2-7	1
CSARDQVPSQYF	TRBV20-1*01	TRBJ2-3	1
CSARDRDRGMYEQYF	TRBV20-1*01	TRBJ2-7	1
CSARDRDRIFSYEQYF	TRBV20-1*01	TRBJ2-7	1
CSARDRDSISNQPQHF	TRBV20-1*01	TRBJ1-5	1
CSARDRDTEAFF	TRBV20-1*01	TRBJ1-1	1
CSARDRDYGYTF	TRBV29-1*01	TRBJ1-2	1
CSARDREREVWETQYF	TRBV20-1*01	TRBJ2-5	1
CSARDRFGGSGANVLTF	TRBV20-1*01	TRBJ2-6	1
CSARDRGATDYGYTF	TRBV20-1*01	TRBJ1-2	1
CSARDRGGSYEQYF	TRBV20-1*01	TRBJ2-7	1
CSARDRGGSYNEQFF	TRBV20-1*01	TRBJ2-1	1
CSARDRGIGDIQYF	TRBV20-1*01	TRBJ2-4	1
CSARDRGRNSNQPQHF	TRBV20-1*01	TRBJ1-5	2
CSARDRGWETQYF	TRBV20-1*01	TRBJ2-5	1
CSARDRHYEAFF	TRBV20-1*01	TRBJ1-1	1
CSARDRLAGEYSEQYF	TRBV20-1*01	TRBJ2-7	38
CSARDRQGVFSYEQYF	TRBV20-1*01	TRBJ2-7	1
CSARDRRYYYNEQFF	TRBV20-1*01	TRBJ2-1	1
CSARDRSGATYEQYF	TRBV20-1*01	TRBJ2-7	1
CSARDRSNTEAFF	TRBV20-1*01	TRBJ1-1	1
CSARDRSRREYGYTF	TRBV20-1*01	TRBJ1-2	1
CSARDRSSYNEQFF	TRBV20-1*01	TRBJ2-1	1
CSARDRTGNGYTF	TRBV20-1*01	TRBJ1-2	2
CSARDRTGSYEQYF	TRBV20-1*01	TRBJ2-7	1
CSARDRTPRRVPYEQYF	TRBV20-1*01	TRBJ2-7	1
CSARDRTVYGYTF	TRBV20-1*01	TRBJ1-2	1
CSARDRTWELFF	TRBV20-1*01	TRBJ1-4	1
CSARDRVAYGYTF	TRBV20-1*01	TRBJ1-2	1
CSARDRVGLAEETQYF	TRBV20-1*01	TRBJ2-5	1
CSARDRVLNSNQPQHF	TRBV20-1*01	TRBJ1-5	1
CSARDRWDREGFTEAFF	TRBV20-1*01	TRBJ1-1	1
CSARDSAYEQYF	TRBV20-1*01	TRBJ2-7	1
CSARDSGQGSGANVLTF	TRBV20-1*01	TRBJ2-6	1
CSARDSGQGSYEQYF	TRBV20-1*01	TRBJ2-7	1
CSARDSGYTGELFF	TRBV20-1*01	TRBJ2-2	1
CSARDSPVLAYEQYF	TRBV20-1*01	TRBJ2-7	1
CSARDSQDDFGTDTQYF	TRBV20-1*01	TRBJ2-3	1
CSARDSQQPNEKLFF	TRBV20-1*01	TRBJ1-4	1
CSARDSRGSSPQHF	TRBV20-1*01	TRBJ1-5	1
CSARDSRREAEAFF	TRBV20-1*01	TRBJ1-1	1
CSARDSRTDTQYF	TRBV20-1*01	TRBJ2-3	1
CSARDSSGTYEQYF	TRBV20-1*01	TRBJ2-7	1
CSARDSSIGRPYNEQFF	TRBV20-1*01	TRBJ2-1	1
CSARDSTGNGYTF	TRBV20-1*01	TRBJ1-2	3
CSARDSYSSYNSPLHF	TRBV20-1*01	TRBJ1-6	1
CSARDTASGELFF	TRBV20-1*01	TRBJ2-2	1
CSARDTEGSPLHF	TRBV20-1*01	TRBJ1-6	2
CSARDTERESNQPQHF	TRBV20-1*01	TRBJ1-5	1
CSARDTFLVSNQPQHF	TRBV20-1*01	TRBJ1-5	1
CSARDTGGGSGELFF	TRBV20-1*01	TRBJ2-2	1
CSARDTGGRAFEQYF	TRBV20-1*01	TRBJ2-7	1
CSARDTGQAYNEQFF	TRBV20-1*01	TRBJ2-1	1
CSARDTGSQGRETQYF	TRBV20-1*01	TRBJ2-5	1
CSARDTGVSDTQYF	TRBV20-1*01	TRBJ2-3	1
CSARDTGYYGYTF	TRBV20-1*01	TRBJ1-2	1
CSARDTQYF	TRBV20-1*01	TRBJ2-3	1
CSARDTRQLSSYNSPLHF	TRBV20-1*01	TRBJ1-6	1
CSARDTTGGLRDTQYF	TRBV20-1*01	TRBJ2-3	1
CSARDTTGPDTQYF	TRBV20-1*01	TRBJ2-3	1
CSARDVAQGVTQPQHF	TRBV20-1*01	TRBJ1-5	2
CSARDVPSVTSGELFF	TRBV20-1*01	TRBJ2-2	1
CSARDVRELYEQYF	TRBV20-1*01	TRBJ2-7	1
CSARDWDRAIYQETQYF	TRBV20-1*01	TRBJ2-5	1
CSARDWGDTEAFF	TRBV20-1*01	TRBJ1-1	1
CSARDWGSGGSKNIQYF	TRBV20-1*01	TRBJ2-4	1
CSARDWLAGGSSTDTQYF	TRBV20-1*01	TRBJ2-3	1
CSARDWRAGDTQYF	TRBV20-1*01	TRBJ2-3	1
CSARDWTARNEQFF	TRBV20-1*01	TRBJ2-1	1
CSARDWTGEWDTQYF	TRBV20-1*01	TRBJ2-3	1
CSARDWTGGLANTDTQYF	TRBV20-1*01	TRBJ2-3	1
CSARDYGGELGYEQYF	TRBV20-1*01	TRBJ2-7	1
CSARDYGTDPYEQYF	TRBV20-1*01	TRBJ2-7	1
CSARDYGVLNRPPYNEQFF	TRBV20-1*01	TRBJ2-1	1
CSARDYKLLLQETQYF	TRBV20-1*01	TRBJ2-5	1
CSARDYKNVDYYGYTF	TRBV20-1*01	TRBJ1-2	1
CSARDYLLWGYNEQFF	TRBV20-1*01	TRBJ2-1	1
CSARDYLNSYEQYF	TRBV20-1*01	TRBJ2-7	1
CSARDYNSPDPYEQYF	TRBV20-1*01	TRBJ2-7	1
CSARDYRTGDEKLFF	TRBV20-1*01	TRBJ1-4	1
CSAREAGAREQYF	TRBV20-1*01	TRBJ2-7	1
CSAREAGGDEQYF	TRBV20-1*01	TRBJ2-7	1
CSAREAGVRTNEKLFF	TRBV20-1*01	TRBJ1-4	1
CSAREALDEQYF	TRBV20-1*01	TRBJ2-7	1
CSAREAQGQPQHF	TRBV20-1*01	TRBJ1-5	1
CSAREASGRIDEQFF	TRBV20-1*01	TRBJ2-1	1
CSAREAVGSFTYEQYF	TRBV20-1*01	TRBJ2-7	1
CSAREDEQFF	TRBV20-1*01	TRBJ2-1	1
CSAREEAGDDTGELFF	TRBV20-1*01	TRBJ2-2	1
CSAREEAGGSYNEQFF	TRBV20-1*01	TRBJ2-1	1
CSAREERGHYEQYF	TRBV20-1*01	TRBJ2-7	1
CSAREEYFLSDTQYF	TRBV20-1*01	TRBJ2-3	1
CSAREFLGTGGRHTGELFF	TRBV20-1*01	TRBJ2-2	1
CSAREFREVSEAFF	TRBV20-1*01	TRBJ1-1	1
CSAREFSGSRTDTQYF	TRBV20-1*01	TRBJ2-3	1
CSAREGGGSNQPQHF	TRBV20-1*01	TRBJ1-5	1
CSAREGGILFF	TRBV20-1*01	TRBJ1-4	1
CSAREGGQEETQYF	TRBV20-1*01	TRBJ2-5	2
CSAREGLAGGSYNEQFF	TRBV20-1*01	TRBJ2-1	1
CSAREGNQPQHF	TRBV20-1*01	TRBJ1-5	1
CSAREGQGLFDEQYF	TRBV20-1*01	TRBJ2-7	1
CSAREGRDSGNTIYF	TRBV20-1*01	TRBJ1-3	1
CSAREGRGPTEAFF	TRBV20-1*01	TRBJ1-1	1
CSAREGRSSGSETQYF	TRBV20-1*01	TRBJ2-5	1
CSAREGTGGTTGELFF	TRBV20-1*01	TRBJ2-2	1
CSAREGTSGYNEQFF	TRBV20-1*01	TRBJ2-1	1
CSAREIRGEGIHEQFF	TRBV20-1*01	TRBJ2-1	1
CSAREISQDTDTQYF	TRBV20-1*01	TRBJ2-3	1
CSARELAFGETQYF	TRBV20-1*01	TRBJ2-5	1
CSARELAGERETQYF	TRBV20-1*01	TRBJ2-5	1
CSARELAGVHFYNEQFF	TRBV20-1*01	TRBJ2-1	1
CSARELASGELFF	TRBV20-1*01	TRBJ2-2	1
CSARELEDSYNEQFF	TRBV20-1*01	TRBJ2-1	1
CSARELLTNEQFF	TRBV20-1*01	TRBJ2-1	1
CSARELLVTTEAFF	TRBV20-1*01	TRBJ1-1	1
CSAREMGRYTGELFF	TRBV20-1*01	TRBJ2-2	1
CSARENPVPPGELFF	TRBV20-1*01	TRBJ2-2	1
CSAREPGTVGKLFF	TRBV20-1*01	TRBJ1-4	1
CSAREPPGGHYTGELFF	TRBV20-1*01	TRBJ2-2	1
CSAREPYTGELFF	TRBV20-1*01	TRBJ2-2	1
CSARERAKNTGELFF	TRBV20-1*01	TRBJ2-2	1
CSARERGLDYTGELFF	TRBV20-1*01	TRBJ2-2	1
CSARERGYEQYF	TRBV20-1*01	TRBJ2-7	1
CSARERSSASYEQYF	TRBV20-1*01	TRBJ2-7	1
CSARERWGPDTQYF	TRBV20-1*01	TRBJ2-3	1
CSARESERRPPETQYF	TRBV20-1*01	TRBJ2-5	1
CSARESPGQGIFSPLHF	TRBV20-1*01	TRBJ1-6	1
CSARESQELPLAQHF	TRBV20-1*01	TRBJ1-5	1
CSARESYWTGAYGYTF	TRBV20-1*01	TRBJ1-2	1
CSARETGVGNTIYF	TRBV20-1*01	TRBJ1-3	1
CSARETTSSQETQYF	TRBV20-1*01	TRBJ2-5	1
CSARETWTDFYGYTF	TRBV20-1*01	TRBJ1-2	1
CSAREVGFGNQPQHF	TRBV20-1*01	TRBJ1-5	1
CSAREVGRDFEQFF	TRBV20-1*01	TRBJ2-1	1
CSAREVRDRFNQPQHF	TRBV20-1*01	TRBJ1-5	1
CSAREVSGEKLFF	TRBV20-1*01	TRBJ1-4	1
CSAREWAEFYEQYF	TRBV20-1*01	TRBJ2-7	1
CSAREWGGETQYF	TRBV20-1*01	TRBJ2-5	1
CSARGAGGPPDYGYTF	TRBV20-1*01	TRBJ1-2	1
CSARGAGNTEAFF	TRBV20-1*01	TRBJ1-1	1
CSARGAGNYGYTF	TRBV20-1*01	TRBJ1-2	1
CSARGAGQSGETQYF	TRBV20-1*01	TRBJ2-5	1
CSARGALNSNQPQHF	TRBV20-1*01	TRBJ1-5	1
CSARGALRLAGPIEDEQFF	TRBV20-1*01	TRBJ2-1	1
CSARGANRGNEQFF	TRBV20-1*01	TRBJ2-1	1
CSARGAQAYEQYF	TRBV20-1*01	TRBJ2-7	1
CSARGASGRNYEQYF	TRBV20-1*01	TRBJ2-7	1
CSARGATGRTEAFF	TRBV29-1*01	TRBJ1-1	1
CSARGDRGGSSYNEQFF	TRBV20-1*01	TRBJ2-1	1
CSARGDRVLGEQFF	TRBV20-1*01	TRBJ2-1	1
CSARGDSVFYYEQYF	TRBV20-1*01	TRBJ2-7	1
CSARGDYSFHEQFF	TRBV20-1*01	TRBJ2-1	1
CSARGEDRGPPNYGYTF	TRBV20-1*01	TRBJ1-2	1
CSARGEGGYEQYF	TRBV20-1*01	TRBJ2-7	1
CSARGETSTDTQYF	TRBV20-1*01	TRBJ2-3	1
CSARGEVAVQETQYF	TRBV20-1*01	TRBJ2-5	1
CSARGFGGNTEAFF	TRBV20-1*01	TRBJ1-1	1
CSARGFGGRAPDTQYF	TRBV20-1*01	TRBJ2-3	1
CSARGFSTSINTEAFF	TRBV20-1*01	TRBJ1-1	1
CSARGGADSYEQYF	TRBV20-1*01	TRBJ2-7	1
CSARGGAPALQETQYF	TRBV20-1*01	TRBJ2-5	1
CSARGGATGTNTGELFF	TRBV20-1*01	TRBJ2-2	1
CSARGGAYEQYF	TRBV20-1*01	TRBJ2-7	1
CSARGGDYGYTF	TRBV20-1*01	TRBJ1-2	1
CSARGGELGREQYF	TRBV20-1*01	TRBJ2-7	1
CSARGGETQYF	TRBV29-1*01	TRBJ2-5	1
CSARGGGFLYGYTF	TRBV20-1*01	TRBJ1-2	1
CSARGGGGPENTGELFF	TRBV20-1*01	TRBJ2-2	2
CSARGGGNEQFF	TRBV20-1*01	TRBJ2-1	1
CSARGGKKEAFF	TRBV20-1*01	TRBJ1-1	1
CSARGGLDLPDTQYF	TRBV20-1*01	TRBJ2-3	1
CSARGGLEDTQYF	TRBV20-1*01	TRBJ2-3	1
CSARGGLTTRPRYGYTF	TRBV20-1*01	TRBJ1-2	1
CSARGGRYGYTF	TRBV20-1*01	TRBJ1-2	1
CSARGGSKNIQYF	TRBV20-1*01	TRBJ2-4	1
CSARGGSQGQTTTYEQYF	TRBV20-1*01	TRBJ2-7	1
CSARGGTGELNEQFF	TRBV20-1*01	TRBJ2-1	1
CSARGGTGTAILGLYNEQFF	TRBV20-1*01	TRBJ2-1	1
CSARGGTSGGFDEQYF	TRBV20-1*01	TRBJ2-7	1
CSARGGTSGYLVNEQFF	TRBV20-1*01	TRBJ2-1	1
CSARGGWTVNQPQHF	TRBV20-1*01	TRBJ1-5	1
CSARGHTGGGYTF	TRBV20-1*01	TRBJ1-2	1
CSARGIGYEQYF	TRBV20-1*01	TRBJ2-7	1
CSARGINRGTANYGYTF	TRBV20-1*01	TRBJ1-2	1
CSARGITGNSYEQYF	TRBV20-1*01	TRBJ2-7	1
CSARGITSGEATDTQYF	TRBV20-1*01	TRBJ2-3	1
CSARGLAEGDEQFF	TRBV20-1*01	TRBJ2-1	1
CSARGLAGDSYEQYF	TRBV20-1*01	TRBJ2-7	1
CSARGLAGIQETQYF	TRBV20-1*01	TRBJ2-5	1
CSARGLAGQETQYF	TRBV20-1*01	TRBJ2-5	1
CSARGLDSQPVGNQPQHF	TRBV20-1*01	TRBJ1-5	1
CSARGLFGDEQFF	TRBV20-1*01	TRBJ2-1	2
CSARGLLLALTDTQYF	TRBV20-1*01	TRBJ2-3	1
CSARGLTADKDNYEQYF	TRBV20-1*01	TRBJ2-7	1
CSARGMEREALETQYF	TRBV20-1*01	TRBJ2-5	6
CSARGMWEGTDTQYF	TRBV20-1*01	TRBJ2-3	1
CSARGNLNTGELFF	TRBV20-1*01	TRBJ2-2	1
CSARGNPTRSSYNEQFF	TRBV20-1*01	TRBJ2-1	1
CSARGPETEAFF	TRBV29-1*01	TRBJ1-1	1
CSARGPNSYEQYF	TRBV20-1*01	TRBJ2-7	1
CSARGPPMGDTQYF	TRBV20-1*01	TRBJ2-3	1
CSARGPREDSYEQYF	TRBV20-1*01	TRBJ2-7	1
CSARGPSRQETQYF	TRBV20-1*01	TRBJ2-5	1
CSARGPTSGRDEQFF	TRBV20-1*01	TRBJ2-1	1
CSARGPTSIDEQFF	TRBV20-1*01	TRBJ2-1	1
CSARGPWSSYNSPLHF	TRBV20-1*01	TRBJ1-6	1
CSARGQGALWYEQYF	TRBV20-1*01	TRBJ2-7	1
CSARGQGASLANEQYF	TRBV20-1*01	TRBJ2-7	1
CSARGQGGNYEQYF	TRBV20-1*01	TRBJ2-7	1
CSARGQRGLVNEQFF	TRBV20-1*01	TRBJ2-1	1
CSARGREGQPQHF	TRBV20-1*01	TRBJ1-5	1
CSARGRGEQYF	TRBV20-1*01	TRBJ2-7	1
CSARGRLSYEQYF	TRBV20-1*01	TRBJ2-7	1
CSARGRQGRSYEQYF	TRBV20-1*01	TRBJ2-7	1
CSARGSDTYEQYF	TRBV20-1*01	TRBJ2-7	1
CSARGSEGQPQHF	TRBV20-1*01	TRBJ1-5	1
CSARGTDQLDGYTF	TRBV20-1*01	TRBJ1-2	1
CSARGTENTEAFF	TRBV20-1*01	TRBJ1-1	1
CSARGTGEPFSSPLHF	TRBV20-1*01	TRBJ1-6	1
CSARGTSGETQYF	TRBV20-1*01	TRBJ2-5	1
CSARGTSGGGDTQYF	TRBV20-1*01	TRBJ2-3	1
CSARGTSGRSFYEQYF	TRBV20-1*01	TRBJ2-7	1
CSARGTSGTGIEAFF	TRBV20-1*01	TRBJ1-1	1
CSARGTVSYEQYF	TRBV20-1*01	TRBJ2-7	1
CSARGVNTGELFF	TRBV20-1*01	TRBJ2-2	1
CSARGWDSAFLETQYF	TRBV20-1*01	TRBJ2-5	1
CSARGWDTQYF	TRBV20-1*01	TRBJ2-3	1
CSARGWFNYGYTF	TRBV20-1*01	TRBJ1-2	1
CSARGWGLDTEAFF	TRBV20-1*01	TRBJ1-1	1
CSARGYRADFEKLFF	TRBV20-1*01	TRBJ1-4	1
CSARHKGYGYTF	TRBV20-1*01	TRBJ1-2	1
CSARHPSGSSYNEQFF	TRBV20-1*01	TRBJ2-1	1
CSARHRGEFYNEQFF	TRBV20-1*01	TRBJ2-1	1
CSARHVGGSVPLGYTF	TRBV20-1*01	TRBJ1-2	1
CSARHVTGGTDTQYF	TRBV20-1*01	TRBJ2-3	1
CSARIRSPLHF	TRBV20-1*01	TRBJ1-6	2
CSARKAGDVDEQYF	TRBV20-1*01	TRBJ2-7	1
CSARKAQGGNEQYF	TRBV20-1*01	TRBJ2-7	1
CSARKGLAGASYNEQFF	TRBV20-1*01	TRBJ2-1	1
CSARKGLTHTQYF	TRBV20-1*01	TRBJ2-3	1
CSARKSYIQETQYF	TRBV20-1*01	TRBJ2-5	1
CSARKWTEAFF	TRBV20-1*01	TRBJ1-1	1
CSARLAATYEQYF	TRBV20-1*01	TRBJ2-7	1
CSARLAGGAGELFF	TRBV20-1*01	TRBJ2-2	1
CSARLAGTYNEQFF	TRBV20-1*01	TRBJ2-1	1
CSARLAGVGNEQFF	TRBV20-1*01	TRBJ2-1	1
CSARLGALTDTQYF	TRBV20-1*01	TRBJ2-3	1
CSARLGDTQYF	TRBV20-1*01	TRBJ2-3	1
CSARLGERDSTDTQYF	TRBV20-1*01	TRBJ2-3	1
CSARLGREYNEQFF	TRBV20-1*01	TRBJ2-1	1
CSARLHGTGNTEAFF	TRBV20-1*01	TRBJ1-1	1
CSARLLAGYEQYF	TRBV20-1*01	TRBJ2-7	1
CSARLLQETQYF	TRBV20-1*01	TRBJ2-5	1
CSARLNRDGNTEAFF	TRBV20-1*01	TRBJ1-1	1
CSARLPGTLYNEQFF	TRBV20-1*01	TRBJ2-1	1
CSARLPPRGREAFF	TRBV20-1*01	TRBJ1-1	1
CSARLPRLAGNEQFF	TRBV20-1*01	TRBJ2-1	1
CSARLQQGDVEKLFF	TRBV20-1*01	TRBJ1-4	1
CSARLRSGGLPYEQYF	TRBV20-1*01	TRBJ2-7	1
CSARLSGSYEQYF	TRBV20-1*01	TRBJ2-7	1
CSARLSNYEQYF	TRBV20-1*01	TRBJ2-7	1
CSARLVDTQYF	TRBV20-1*01	TRBJ2-3	1
CSARNHNRGPEYGYTF	TRBV20-1*01	TRBJ1-2	1
CSARNLETGENSPLHF	TRBV20-1*01	TRBJ1-6	1
CSARNLPEGAQETQYF	TRBV20-1*01	TRBJ2-5	1
CSARNNEQFF	TRBV20-1*01	TRBJ2-1	1
CSARNPGDYGYTF	TRBV20-1*01	TRBJ1-2	1
CSARNPRGEDTEAFF	TRBV20-1*01	TRBJ1-1	1
CSARNRDRDYGYTF	TRBV20-1*01	TRBJ1-2	1
CSARNREGWGEQYF	TRBV20-1*01	TRBJ2-7	1
CSARNSGGSSYNEQFF	TRBV20-1*01	TRBJ2-1	1
CSARNSLNTEAFF	TRBV20-1*01	TRBJ1-1	1
CSARNTGELFF	TRBV20-1*01	TRBJ2-2	1
CSARPDQEGLYEQYF	TRBV20-1*01	TRBJ2-7	1
CSARPDRVNTEAFF	TRBV20-1*01	TRBJ1-1	1
CSARPERELYEQYF	TRBV20-1*01	TRBJ2-7	1
CSARPGEQGGDGYTF	TRBV20-1*01	TRBJ1-2	1
CSARPGPEGSTEAFF	TRBV20-1*01	TRBJ1-1	1
CSARPGQGVNEQFF	TRBV20-1*01	TRBJ2-1	1
CSARPGSVYEQYF	TRBV20-1*01	TRBJ2-7	1
CSARPGTSENTGELFF	TRBV20-1*01	TRBJ2-2	1
CSARPIYTDTQYF	TRBV20-1*01	TRBJ2-3	1
CSARPLGDRRNEQFF	TRBV20-1*01	TRBJ2-1	1
CSARPLLNSNQPQHF	TRBV20-1*01	TRBJ1-5	1
CSARPPWRETQETQYF	TRBV20-1*01	TRBJ2-5	1
CSARPQRNYNEQFF	TRBV20-1*01	TRBJ2-1	1
CSARPRERGGPYNEQFF	TRBV20-1*01	TRBJ2-1	1
CSARPRLAASYNEQFF	TRBV20-1*01	TRBJ2-1	1
CSARPRNSYNEQFF	TRBV20-1*01	TRBJ2-1	1
CSARPRQNLYEQYF	TRBV20-1*01	TRBJ2-7	1
CSARPRTSGSGAGELFF	TRBV20-1*01	TRBJ2-2	1
CSARPSGGYEQYF	TRBV20-1*01	TRBJ2-7	1
CSARPSGLAGAGGYEQYF	TRBV20-1*01	TRBJ2-7	1
CSARPSLAGGYNEQFF	TRBV20-1*01	TRBJ2-1	1
CSARPTGEGGTDTQYF	TRBV20-1*01	TRBJ2-3	1
CSARPTRTFNIQYF	TRBV20-1*01	TRBJ2-4	1
CSARPTSGGLYEQYF	TRBV20-1*01	TRBJ2-7	1
CSARPTSNYGYTF	TRBV20-1*01	TRBJ1-2	1
CSARPWGTSYEQYF	TRBV20-1*01	TRBJ2-7	1
CSARQDRSNQPQHF	TRBV20-1*01	TRBJ1-5	1
CSARQEISYNSPLHF	TRBV20-1*01	TRBJ1-6	1
CSARQGAEAFF	TRBV20-1*01	TRBJ1-1	1
CSARQGRNTGELFF	TRBV20-1*01	TRBJ2-2	1
CSARQGTTGELFF	TRBV20-1*01	TRBJ2-2	2
CSARQMDYNEQFF	TRBV20-1*01	TRBJ2-1	1
CSARQPNTGELFF	TRBV20-1*01	TRBJ2-2	1
CSARQQGATNEKLFF	TRBV20-1*01	TRBJ1-4	1
CSARQTGGTDTQYF	TRBV20-1*01	TRBJ2-3	1
CSARRASDEQFF	TRBV20-1*01	TRBJ2-1	1
CSARRDRDSGNTIYF	TRBV20-1*01	TRBJ1-3	1
CSARRDRGIYEQYF	TRBV20-1*01	TRBJ2-7	1
CSARREGTQYF	TRBV20-1*01	TRBJ2-3	1
CSARRETWDGYTF	TRBV20-1*01	TRBJ1-2	1
CSARRGGGTDTQYF	TRBV20-1*01	TRBJ2-3	1
CSARRGLNPNEQFF	TRBV20-1*01	TRBJ2-1	1
CSARRGNTEAFF	TRBV20-1*01	TRBJ1-1	1
CSARRGTGGSPLHF	TRBV20-1*01	TRBJ1-6	1
CSARRIYGSGELFF	TRBV20-1*01	TRBJ2-2	1
CSARRLAGEGDTQYF	TRBV20-1*01	TRBJ2-3	1
CSARRLELNEQFF	TRBV20-1*01	TRBJ2-1	1
CSARRLVQETQYF	TRBV20-1*01	TRBJ2-5	1
CSARRLVSYEQYF	TRBV20-1*01	TRBJ2-7	1
CSARRPGQEVTEAFF	TRBV20-1*01	TRBJ1-1	1
CSARRPNTGELFF	TRBV20-1*01	TRBJ2-2	1
CSARRREGSYNEQFF	TRBV20-1*01	TRBJ2-1	1
CSARRRVGEQYF	TRBV20-1*01	TRBJ2-7	1
CSARRSGSGDTQYF	TRBV20-1*01	TRBJ2-3	1
CSARRTETYEQYF	TRBV20-1*01	TRBJ2-7	1
CSARRVTYNEQFF	TRBV20-1*01	TRBJ2-1	1
CSARSAGTPGNEQFF	TRBV20-1*01	TRBJ2-1	1
CSARSEGRSNGGYTF	TRBV20-1*01	TRBJ1-2	1
CSARSEYSYNEQFF	TRBV20-1*01	TRBJ2-1	1
CSARSGAYTEAFF	TRBV20-1*01	TRBJ1-1	1
CSARSGEEAYGYTF	TRBV20-1*01	TRBJ1-2	1
CSARSGGLSSYEQYF	TRBV20-1*01	TRBJ2-7	1
CSARSGRGGRDTQYF	TRBV20-1*01	TRBJ2-3	1
CSARSGTAGYTF	TRBV20-1*01	TRBJ1-2	1
CSARSGTENTGELFF	TRBV20-1*01	TRBJ2-2	1
CSARSGTGELFF	TRBV20-1*01	TRBJ2-2	1
CSARSLAGDDEQYF	TRBV20-1*01	TRBJ2-7	1
CSARSLASGRLQPGFEQYF	TRBV20-1*01	TRBJ2-7	1
CSARSLPGGSYEQYF	TRBV20-1*01	TRBJ2-7	1
CSARSMGVDGYTF	TRBV20-1*01	TRBJ1-2	1
CSARSPQGVSYEQYF	TRBV20-1*01	TRBJ2-7	2
CSARSPRRLAGQQETQYF	TRBV20-1*01	TRBJ2-5	1
CSARSPSPEQDNEQFF	TRBV20-1*01	TRBJ2-1	1
CSARSPTHRTYEQYF	TRBV20-1*01	TRBJ2-7	1
CSARSPVLSGRQFF	TRBV20-1*01	TRBJ2-1	1
CSARSQGAYNEQFF	TRBV20-1*01	TRBJ2-1	1
CSARSQNSYEQYF	TRBV20-1*01	TRBJ2-7	1
CSARSQQSSYEQYF	TRBV20-1*01	TRBJ2-7	1
CSARSRNNPYEQYF	TRBV20-1*01	TRBJ2-7	1
CSARSRVYQETQYF	TRBV20-1*01	TRBJ2-5	1
CSARSSERRYEQYF	TRBV20-1*01	TRBJ2-7	1
CSARSSGSYEQYF	TRBV20-1*01	TRBJ2-7	2
CSARSSLGGELFF	TRBV20-1*01	TRBJ2-2	1
CSARSTENTEAFF	TRBV20-1*01	TRBJ1-1	1
CSARSTSGADTQYF	TRBV20-1*01	TRBJ2-3	1
CSARSVFGYTF	TRBV20-1*01	TRBJ1-2	1
CSARSVQGDSYEQYF	TRBV20-1*01	TRBJ2-7	3
CSARTAGSSYEQYF	TRBV20-1*01	TRBJ2-7	1
CSARTAPVGNEQFF	TRBV20-1*01	TRBJ2-1	1
CSARTASSYEQYF	TRBV20-1*01	TRBJ2-7	1
CSARTGDTYEQYF	TRBV20-1*01	TRBJ2-7	1
CSARTGDYEQYF	TRBV20-1*01	TRBJ2-7	1
CSARTGEIQETQYF	TRBV20-1*01	TRBJ2-5	1
CSARTGFATNEKLFF	TRBV20-1*01	TRBJ1-4	1
CSARTGGGNQPQHF	TRBV20-1*01	TRBJ1-5	1
CSARTGGLYNEQFF	TRBV20-1*01	TRBJ2-1	1
CSARTGNGEKLFF	TRBV20-1*01	TRBJ1-4	1
CSARTGNTIYF	TRBV20-1*01	TRBJ1-3	1
CSARTGPAYEQYF	TRBV20-1*01	TRBJ2-7	1
CSARTGTGGPGELFF	TRBV20-1*01	TRBJ2-2	1
CSARTGTNYGYTF	TRBV20-1*01	TRBJ1-2	3
CSARTIGAPPEAFF	TRBV20-1*01	TRBJ1-1	1
CSARTPFSGNTIYF	TRBV29-1*01	TRBJ1-3	1
CSARTPLGGEVREKLFF	TRBV20-1*01	TRBJ1-4	1
CSARTPLSYEQYF	TRBV20-1*01	TRBJ2-7	1
CSARTRKDWAQYF	TRBV20-1*01	TRBJ2-7	1
CSARTSGGFHEQYF	TRBV20-1*01	TRBJ2-7	2
CSARTSGGYEQYF	TRBV20-1*01	TRBJ2-7	1
CSARTSGSGAGEQFF	TRBV20-1*01	TRBJ2-1	1
CSARTSGSVNNEQFF	TRBV20-1*01	TRBJ2-1	1
CSARTTGMANSPLHF	TRBV20-1*01	TRBJ1-6	1
CSARTYLGTVQETQYF	TRBV20-1*01	TRBJ2-5	1
CSARVAGGPPYEQYF	TRBV20-1*01	TRBJ2-7	1
CSARVARDPAYEQYF	TRBV20-1*01	TRBJ2-7	1
CSARVASGRARLSDTQYF	TRBV20-1*01	TRBJ2-3	1
CSARVDSGGSSAKNIQYF	TRBV20-1*01	TRBJ2-4	1
CSARVEKGVPGELFF	TRBV20-1*01	TRBJ2-2	1
CSARVENPYGYTF	TRBV20-1*01	TRBJ1-2	1
CSARVEPTTRLFTDTQYF	TRBV20-1*01	TRBJ2-3	1
CSARVFGGDSQETQYF	TRBV20-1*01	TRBJ2-5	1
CSARVFLADTSTDTQYF	TRBV20-1*01	TRBJ2-3	1
CSARVGGGGSSYEQYF	TRBV20-1*01	TRBJ2-7	1
CSARVGHYYGYTF	TRBV20-1*01	TRBJ1-2	1
CSARVGIPNYGYTF	TRBV20-1*01	TRBJ1-2	1
CSARVGPTGNTIYF	TRBV20-1*01	TRBJ1-3	8
CSARVGQYNEQFF	TRBV20-1*01	TRBJ2-1	1
CSARVGSGNTIYF	TRBV20-1*01	TRBJ1-3	1
CSARVIGQGQETQYF	TRBV20-1*01	TRBJ2-5	1
CSARVIKALAGAILRDTQYF	TRBV20-1*01	TRBJ2-3	1
CSARVIPREAFF	TRBV20-1*01	TRBJ1-1	1
CSARVIQGARLNTEAFF	TRBV20-1*01	TRBJ1-1	1
CSARVITEQFF	TRBV20-1*01	TRBJ2-1	1
CSARVKGTGIGELFF	TRBV20-1*01	TRBJ2-2	1
CSARVKREGLWQYF	TRBV20-1*01	TRBJ2-7	1
CSARVKRPNTEAFF	TRBV20-1*01	TRBJ1-1	1
CSARVLAGGIHEQFF	TRBV20-1*01	TRBJ2-1	1
CSARVLGGEALYNEQFF	TRBV20-1*01	TRBJ2-1	1
CSARVLGPHYEQYF	TRBV20-1*01	TRBJ2-7	1
CSARVMAGPGNEQFF	TRBV20-1*01	TRBJ2-1	1
CSARVMTSGSYEQYF	TRBV20-1*01	TRBJ2-7	1
CSARVNYRLPWRSSYNEQFF	TRBV20-1*01	TRBJ2-1	1
CSARVPERYEQYF	TRBV20-1*01	TRBJ2-7	1
CSARVPGLGSGELFF	TRBV20-1*01	TRBJ2-2	1
CSARVPPNPTVTSGGRGDTQYF	TRBV20-1*01	TRBJ2-3	1
CSARVPRDRVEDSPLHF	TRBV20-1*01	TRBJ1-6	1
CSARVQRTGNWAEAFF	TRBV20-1*01	TRBJ1-1	1
CSARVQRYGYTF	TRBV20-1*01	TRBJ1-2	1
CSARVQSEQYF	TRBV20-1*01	TRBJ2-7	1
CSARVRDSTGELFF	TRBV20-1*01	TRBJ2-2	1
CSARVRGDRGETQYF	TRBV20-1*01	TRBJ2-5	1
CSARVSGGGYNEQFF	TRBV20-1*01	TRBJ2-1	4
CSARVTGLNTEAFF	TRBV20-1*01	TRBJ1-1	1
CSARVTLELGYEQYF	TRBV20-1*01	TRBJ2-7	1
CSARVTSGGQETQYF	TRBV20-1*01	TRBJ2-5	1
CSARVTSQGFFYEQYF	TRBV20-1*01	TRBJ2-7	1
CSARVWARQNNYGYTF	TRBV20-1*01	TRBJ1-2	1
CSARVWREEDYEQYF	TRBV20-1*01	TRBJ2-7	1
CSARVYDTGELFF	TRBV20-1*01	TRBJ2-2	1
CSARWDTYYEQYF	TRBV20-1*01	TRBJ2-7	1
CSARWGAEAFF	TRBV20-1*01	TRBJ1-1	1
CSARWGGGTDTQYF	TRBV20-1*01	TRBJ2-3	3
CSARYESSYNEQFF	TRBV20-1*01	TRBJ2-1	1
CSARYLGDSGNTIYF	TRBV20-1*01	TRBJ1-3	1
CSARYRANTDTQYF	TRBV20-1*01	TRBJ2-3	1
CSARYRENNEQFF	TRBV20-1*01	TRBJ2-1	1
CSASAGLAEAFF	TRBV20-1*01	TRBJ1-1	1
CSASAGNQPQHF	TRBV20-1*01	TRBJ1-5	1
CSASAGNTEAFF	TRBV20-1*01	TRBJ1-1	1
CSASAPYYEQYF	TRBV20-1*01	TRBJ2-7	1
CSASARGQETQYF	TRBV20-1*01	TRBJ2-5	1
CSASASGHYNEQFF	TRBV20-1*01	TRBJ2-1	1
CSASASVAGSIYNEQFF	TRBV20-1*01	TRBJ2-1	1
CSASASWSYEQYF	TRBV20-1*01	TRBJ2-7	1
CSASATGPLSYEQYF	TRBV20-1*01	TRBJ2-7	1
CSASDGTSGYEQYF	TRBV20-1*01	TRBJ2-7	1
CSASDLDRATDTQYF	TRBV20-1*01	TRBJ2-3	1
CSASDPDNEQFF	TRBV20-1*01	TRBJ2-1	1
CSASDPMEQFF	TRBV20-1*01	TRBJ2-1	1
CSASDPNQGEAFF	TRBV20-1*01	TRBJ1-1	1
CSASDRGVSGANVLTF	TRBV20-1*01	TRBJ2-6	1
CSASDTGLNTEAFF	TRBV20-1*01	TRBJ1-1	1
CSASDVGLNQPQHF	TRBV20-1*01	TRBJ1-5	4
CSASEGAGEVYGYTF	TRBV20-1*01	TRBJ1-2	8
CSASEMAFNQPQHF	TRBV20-1*01	TRBJ1-5	1
CSASESRAGGETQYF	TRBV20-1*01	TRBJ2-5	1
CSASETTLSSYNSPLHF	TRBV20-1*01	TRBJ1-6	1
CSASFRDTGELFF	TRBV20-1*01	TRBJ2-2	1
CSASFVGNQPQHF	TRBV20-1*01	TRBJ1-5	1
CSASGAGARLNTEAFF	TRBV20-1*01	TRBJ1-1	1
CSASGASFSTEAFF	TRBV20-1*01	TRBJ1-1	1
CSASGGAGETQYF	TRBV20-1*01	TRBJ2-5	1
CSASGGAYEQYF	TRBV20-1*01	TRBJ2-7	1
CSASGGPNTGELFF	TRBV20-1*01	TRBJ2-2	1
CSASGLAAYNEQFF	TRBV20-1*01	TRBJ2-1	1
CSASGNRGLKDSNQPQHF	TRBV20-1*01	TRBJ1-5	1
CSASGPAPGELFF	TRBV20-1*01	TRBJ2-2	1
CSASGPGLYYNEQFF	TRBV20-1*01	TRBJ2-1	19
CSASGPPVGTDTQYF	TRBV20-1*01	TRBJ2-3	1
CSASGPWGGTDTQYF	TRBV20-1*01	TRBJ2-3	1
CSASGQASYEQYF	TRBV20-1*01	TRBJ2-7	1
CSASGQGGTGELFF	TRBV20-1*01	TRBJ2-2	1
CSASGQGLNTGELFF	TRBV20-1*01	TRBJ2-2	8
CSASGREFYEQYF	TRBV20-1*01	TRBJ2-7	1
CSASGRQGDGELFF	TRBV20-1*01	TRBJ2-2	1
CSASGSSSYEQYF	TRBV20-1*01	TRBJ2-7	1
CSASGTAYNEQFF	TRBV20-1*01	TRBJ2-1	1
CSASGTGARSSGNTIYF	TRBV20-1*01	TRBJ1-3	1
CSASGTGTGAYEQYF	TRBV20-1*01	TRBJ2-7	1
CSASGTSGDTDTQYF	TRBV20-1*01	TRBJ2-3	1
CSASGTVIADTQYF	TRBV20-1*01	TRBJ2-3	1
CSASGYIVNEQFF	TRBV20-1*01	TRBJ2-1	1
CSASHQGAPEQYF	TRBV20-1*01	TRBJ2-7	1
CSASHRDRETYEQYF	TRBV20-1*01	TRBJ2-7	1
CSASIFRGETGDGGYGYTF	TRBV20-1*01	TRBJ1-2	1
CSASIFSASGKQETQYF	TRBV20-1*01	TRBJ2-5	1
CSASIGETQYF	TRBV20-1*01	TRBJ2-5	1
CSASILAGGYEQYF	TRBV20-1*01	TRBJ2-7	1
CSASIRDKRMNTEAFF	TRBV20-1*01	TRBJ1-1	1
CSASKGTVYLEETQYF	TRBV20-1*01	TRBJ2-5	1
CSASKQAREIYNEQFF	TRBV20-1*01	TRBJ2-1	2
CSASKRGHNYNEQFF	TRBV20-1*01	TRBJ2-1	1
CSASKTDNTGELFF	TRBV20-1*01	TRBJ2-2	1
CSASKTSGGAAEQYF	TRBV20-1*01	TRBJ2-7	1
CSASKVEQYF	TRBV20-1*01	TRBJ2-7	1
CSASLAGGFTEAFF	TRBV20-1*01	TRBJ1-1	1
CSASLALAMNEQYF	TRBV20-1*01	TRBJ2-7	1
CSASLASGRDEQFF	TRBV20-1*01	TRBJ2-1	1
CSASLGQDPANEKLFF	TRBV20-1*01	TRBJ1-4	1
CSASLGRGYEQYF	TRBV20-1*01	TRBJ2-7	1
CSASLIERGNTIYF	TRBV20-1*01	TRBJ1-3	1
CSASLLAGITDTQYF	TRBV20-1*01	TRBJ2-3	1
CSASLLSYNEQFF	TRBV20-1*01	TRBJ2-1	1
CSASLLWPNTEAFF	TRBV20-1*01	TRBJ1-1	1
CSASLPGQQYEQYF	TRBV20-1*01	TRBJ2-7	1
CSASMEQGPWGYTF	TRBV20-1*01	TRBJ1-2	1
CSASNEQFF	TRBV20-1*01	TRBJ2-1	1
CSASNIAGRGVDTQYF	TRBV20-1*01	TRBJ2-3	1
CSASNIPTENYGYTF	TRBV20-1*01	TRBJ1-2	1
CSASPEDLVQETQYF	TRBV20-1*01	TRBJ2-5	1
CSASPGDTPYEQYF	TRBV20-1*01	TRBJ2-7	1
CSASPGDYEQYF	TRBV20-1*01	TRBJ2-7	529
CSASPGGSGPQHF	TRBV20-1*01	TRBJ1-5	1
CSASPGPLAGELFF	TRBV20-1*01	TRBJ2-2	1
CSASPGQGTYEQYF	TRBV20-1*01	TRBJ2-7	1
CSASPGSGEQYF	TRBV20-1*01	TRBJ2-7	1
CSASPLTGPIFYEQFF	TRBV20-1*01	TRBJ2-1	1
CSASPPGQTIYEQYF	TRBV20-1*01	TRBJ2-7	1
CSASPQAGDPYEQYF	TRBV20-1*01	TRBJ2-7	1
CSASPQTSEVPTGELFF	TRBV20-1*01	TRBJ2-2	1
CSASPRETQYF	TRBV20-1*01	TRBJ2-5	1
CSASPRGAWYTDTQYF	TRBV20-1*01	TRBJ2-3	1
CSASPRQVTYNEQFF	TRBV20-1*01	TRBJ2-1	1
CSASPRVDEQYF	TRBV20-1*01	TRBJ2-7	1
CSASPRVNVHTEAFF	TRBV20-1*01	TRBJ1-1	1
CSASPTTGINQPQHF	TRBV20-1*01	TRBJ1-5	1
CSASPVWSNQPQHF	TRBV20-1*01	TRBJ1-5	1
CSASQADRGRAYEQYF	TRBV20-1*01	TRBJ2-7	1
CSASQAEAYTGELFF	TRBV20-1*01	TRBJ2-2	1
CSASQAVLSEQYF	TRBV20-1*01	TRBJ2-7	1
CSASQGDDSYEQYF	TRBV20-1*01	TRBJ2-7	1
CSASQGGNQPQHF	TRBV20-1*01	TRBJ1-5	1
CSASQGLNTGELFF	TRBV20-1*01	TRBJ2-2	1
CSASQGLYGYTF	TRBV20-1*01	TRBJ1-2	1
CSASQGTSTDTQYF	TRBV20-1*01	TRBJ2-3	1
CSASQGTYEQYF	TRBV20-1*01	TRBJ2-7	1
CSASQLRGDLIKAFF	TRBV20-1*01	TRBJ1-1	1
CSASQREARSYNEQFF	TRBV20-1*01	TRBJ2-1	1
CSASQSRDRDRYLAATNEKLFF	TRBV20-1*01	TRBJ1-4	1
CSASRDGGYEQYF	TRBV20-1*01	TRBJ2-7	1
CSASRDRGPSYNEQFF	TRBV20-1*01	TRBJ2-1	1
CSASRDRLTTNEKLFF	TRBV20-1*01	TRBJ1-4	1
CSASRDWGNQPQHF	TRBV20-1*01	TRBJ1-5	1
CSASRGGAFTDTQYF	TRBV20-1*01	TRBJ2-3	1
CSASRGGSGALYNEQFF	TRBV20-1*01	TRBJ2-1	1
CSASRGRESDTQYF	TRBV20-1*01	TRBJ2-3	1
CSASRGSNTEAFF	TRBV20-1*01	TRBJ1-1	1
CSASRHPFLEQYF	TRBV20-1*01	TRBJ2-7	1
CSASRQPTGELFF	TRBV20-1*01	TRBJ2-2	1
CSASRSGQETQYF	TRBV20-1*01	TRBJ2-5	4
CSASRTEVGAHYEQYF	TRBV20-1*01	TRBJ2-7	1
CSASRVWDRETYEQYF	TRBV20-1*01	TRBJ2-7	1
CSASRWDDGDVYNEQFF	TRBV20-1*01	TRBJ2-1	1
CSASSESSYGYTF	TRBV20-1*01	TRBJ1-2	1
CSASSGGLTYEQYF	TRBV20-1*01	TRBJ2-7	1
CSASSGGTREQYF	TRBV20-1*01	TRBJ2-7	1
CSASSGGTYNEQFF	TRBV20-1*01	TRBJ2-1	1
CSASSGQGHGYTF	TRBV20-1*01	TRBJ1-2	1
CSASSGRAAETQYF	TRBV20-1*01	TRBJ2-5	1
CSASSGVSYEQYF	TRBV20-1*01	TRBJ2-7	1
CSASSGVYNEQFF	TRBV20-1*01	TRBJ2-1	1
CSASSSGSSGNTIYF	TRBV20-1*01	TRBJ1-3	1
CSASSSVAYEQYF	TRBV20-1*01	TRBJ2-7	1
CSASSYMNTEAFF	TRBV20-1*01	TRBJ1-1	1
CSASSYSSANEKLFF	TRBV20-1*01	TRBJ1-4	1
CSASTGAVTEAFF	TRBV20-1*01	TRBJ1-1	1
CSASTGGELFF	TRBV20-1*01	TRBJ2-2	1
CSASTGGGGPRNEQFF	TRBV20-1*01	TRBJ2-1	1
CSASTGGVSPLHF	TRBV20-1*01	TRBJ1-6	1
CSASTGTGYGNTIYF	TRBV20-1*01	TRBJ1-3	1
CSASVRGAVGVEAFF	TRBV20-1*01	TRBJ1-1	1
CSASWGDYTEAFF	TRBV20-1*01	TRBJ1-1	5
CSASWVSSRNTEAFF	TRBV20-1*01	TRBJ1-1	1
CSASYYRDRGLYEQFF	TRBV20-1*01	TRBJ2-1	1
CSATALGPLDEQYF	TRBV20-1*01	TRBJ2-7	2
CSATAPGLRDHGQFF	TRBV20-1*01	TRBJ2-1	1
CSATAWTASTDTQYF	TRBV20-1*01	TRBJ2-3	1
CSATDERGSTSTDTQYF	TRBV20-1*01	TRBJ2-3	1
CSATDREKYSNQPQHF	TRBV20-1*01	TRBJ1-5	1
CSATDRNYNEQFF	TRBV20-1*01	TRBJ2-1	1
CSATDSYEQYF	TRBV20-1*01	TRBJ2-7	1
CSATEFSGELFF	TRBV20-1*01	TRBJ2-2	1
CSATESGEVDEQYF	TRBV20-1*01	TRBJ2-7	1
CSATFGTSGAYEQYF	TRBV20-1*01	TRBJ2-7	1
CSATGGDYNEQFF	TRBV20-1*01	TRBJ2-1	1
CSATGLAGGEFTDTQYF	TRBV20-1*01	TRBJ2-3	1
CSATGLASGELFF	TRBV20-1*01	TRBJ2-2	1
CSATGLTQETQYF	TRBV20-1*01	TRBJ2-5	1
CSATGQGNTEAFF	TRBV20-1*01	TRBJ1-1	1
CSATGRDPNTDTQYF	TRBV20-1*01	TRBJ2-3	1
CSATGREVNEKLFF	TRBV20-1*01	TRBJ1-4	1
CSATGSGVSYNSPLHF	TRBV20-1*01	TRBJ1-6	1
CSATGTDLNQPQHF	TRBV20-1*01	TRBJ1-5	1
CSATGTDNYGYTF	TRBV20-1*01	TRBJ1-2	1
CSATGTEDEKLFF	TRBV20-1*01	TRBJ1-4	1
CSATGTQANYGYTF	TRBV20-1*01	TRBJ1-2	1
CSATGTQGYEQYF	TRBV20-1*01	TRBJ2-7	1
CSATGTSFTDTQYF	TRBV20-1*01	TRBJ2-3	1
CSATGTSNGYTF	TRBV20-1*01	TRBJ1-2	1
CSATGTSSYEQYF	TRBV20-1*01	TRBJ2-7	1
CSATHGRAHEQYF	TRBV20-1*01	TRBJ2-7	1
CSATIAGAVEQYF	TRBV20-1*01	TRBJ2-7	1
CSATKDRDDYGYTF	TRBV20-1*01	TRBJ1-2	1
CSATLQGASNYGYTF	TRBV20-1*01	TRBJ1-2	1
CSATLQGQPDTQYF	TRBV20-1*01	TRBJ2-3	1
CSATLTSGGIYEQYF	TRBV20-1*01	TRBJ2-7	1
CSATNRYSPEQYF	TRBV20-1*01	TRBJ2-7	1
CSATPDLWGYNSPLHF	TRBV20-1*01	TRBJ1-6	1
CSATPLGQAYEQYF	TRBV20-1*01	TRBJ2-7	1
CSATPLVSGTVYEQFF	TRBV20-1*01	TRBJ2-1	1
CSATPRPPTF	TRBV20-1*01	TRBJ1-2	1
CSATPSGIAYEQYF	TRBV20-1*01	TRBJ2-7	1
CSATPTGEGYEQYF	TRBV20-1*01	TRBJ2-7	1
CSATPTGVGQPQHF	TRBV20-1*01	TRBJ1-5	1
CSATPTSGLDTQYF	TRBV20-1*01	TRBJ2-3	2
CSATQGHTEAFF	TRBV20-1*01	TRBJ1-1	2
CSATRGGNTEAFF	TRBV20-1*01	TRBJ1-1	1
CSATRRDTSYEQYF	TRBV20-1*01	TRBJ2-7	1
CSATTDSELQTYEQYF	TRBV20-1*01	TRBJ2-7	1
CSATTGDYNSPLHF	TRBV20-1*01	TRBJ1-6	1
CSATTGTSAITDTQYF	TRBV20-1*01	TRBJ2-3	1
CSATTLSLYGYTF	TRBV20-1*01	TRBJ1-2	1
CSATTSGGTEFPYEQYF	TRBV20-1*01	TRBJ2-7	1
CSATVLGEQYF	TRBV20-1*01	TRBJ2-7	1
CSATVQGSSYNEQFF	TRBV20-1*01	TRBJ2-1	1
CSATYEQYF	TRBV20-1*01	TRBJ2-7	1
CSATYTDTQYF	TRBV20-1*01	TRBJ2-3	1
CSAVAGVLYNEQFF	TRBV29-1*01	TRBJ2-1	1
CSAVDRGNQPQHF	TRBV20-1*01	TRBJ1-5	1
CSAVDSSNQPQHF	TRBV20-1*01	TRBJ1-5	1
CSAVGPNLGTEAFF	TRBV20-1*01	TRBJ1-1	1
CSAVGQGLNYEQYF	TRBV20-1*01	TRBJ2-7	1
CSAVLDVRTDTQYF	TRBV20-1*01	TRBJ2-3	1
CSAVNEKLFF	TRBV20-1*01	TRBJ1-4	1
CSAVPFSNQPQHF	TRBV20-1*01	TRBJ1-5	1
CSAVRDRGRPGELFF	TRBV20-1*01	TRBJ2-2	1
CSAVSGREPDTQYF	TRBV20-1*01	TRBJ2-3	1
CSAVVPSSYEQYF	TRBV20-1*01	TRBJ2-7	1
CSAVYRGSFGLPGETQYF	TRBV20-1*01	TRBJ2-5	1
CSAWAGELGFGYTF	TRBV20-1*01	TRBJ1-2	1
CSAWANYEQYF	TRBV20-1*01	TRBJ2-7	1
CSAWASSSSYEQYF	TRBV20-1*01	TRBJ2-7	1
CSAWDGSSGNTIYF	TRBV20-1*01	TRBJ1-3	1
CSAWEGAEIYNEQFF	TRBV20-1*01	TRBJ2-1	1
CSAWGDYGYTF	TRBV20-1*01	TRBJ1-2	1
CSAWGLADNTDTQYF	TRBV20-1*01	TRBJ2-3	1
CSAWTGNTEAFF	TRBV20-1*01	TRBJ1-1	1
CSAWTGRIFDTQYF	TRBV20-1*01	TRBJ2-3	2
CSAWTSGGTYNEQFF	TRBV20-1*01	TRBJ2-1	2
CSAWVRDTRPEQYF	TRBV20-1*01	TRBJ2-7	1
CSAYAGTSGYEQYF	TRBV20-1*01	TRBJ2-7	1
CSAYDRHYSNQPQHF	TRBV20-1*01	TRBJ1-5	1
CSAYLPLAGDAEQFF	TRBV20-1*01	TRBJ2-1	1
CSAYLQGSSYEQYF	TRBV20-1*01	TRBJ2-7	1
CSAYPWDRVAYEQYF	TRBV20-1*01	TRBJ2-7	1
CSAYPYKFF	TRBV20-1*01	TRBJ2-1	1
CSAYPYRDNQETQYF	TRBV20-1*01	TRBJ2-5	1
CSAYSGDGGYEQYF	TRBV20-1*01	TRBJ2-7	1
CSAYTGGGYTF	TRBV20-1*01	TRBJ1-2	1
CSDGQGSVAPTIRSSYNEQFF	TRBV29-1*01	TRBJ2-1	1
CSDLDSNTGELFF	TRBV29-1*01	TRBJ2-2	1
CSDNLAGGSYNEQFF	TRBV20-1*01	TRBJ2-1	1
CSERTGSGSVDTQYF	TRBV29-1*01	TRBJ2-3	1
CSFGQGMNEQYF	TRBV20-1*01	TRBJ2-7	1
CSFHLPRLPCYEQYF	TRBV29-1*01	TRBJ2-7	1
CSFHNRLRDRGRGVAEAFF	TRBV20-1*01	TRBJ1-1	1
CSFRDRGRHEQYF	TRBV20-1*01	TRBJ2-7	1
CSFSSTDTQYF	TRBV20-1*01	TRBJ2-3	1
CSGADYGSEQYF	TRBV29-1*01	TRBJ2-7	1
CSGAFSGGVWNEQFF	TRBV20-1*01	TRBJ2-1	1
CSGAGTSGINEQFF	TRBV20-1*01	TRBJ2-1	1
CSGARWKSSYNEQFF	TRBV20-1*01	TRBJ2-1	1
CSGASGRHTQYF	TRBV20-1*01	TRBJ2-3	1
CSGEGAGANVLTF	TRBV20-1*01	TRBJ2-6	1
CSGELRGSTDTQYF	TRBV20-1*01	TRBJ2-3	1
CSGETDNYGYTF	TRBV29-1*01	TRBJ1-2	1
CSGFFSGSYNEQFF	TRBV29-1*01	TRBJ2-1	1
CSGGSEDSDFGTEAFF	TRBV20-1*01	TRBJ1-1	1
CSGITDTQYF	TRBV20-1*01	TRBJ2-3	1
CSGLFQGASNQPQHF	TRBV29-1*01	TRBJ1-5	1
CSGLGTGAPYEQYF	TRBV20-1*01	TRBJ2-7	1
CSGLVAGSSYEQYF	TRBV20-1*01	TRBJ2-7	1
CSGRDTDTEAFF	TRBV29-1*01	TRBJ1-1	1
CSGRDYTEAFF	TRBV29-1*01	TRBJ1-1	1
CSGRLAGGSFYEQYF	TRBV20-1*01	TRBJ2-7	1
CSGSGLAFDIQYF	TRBV20-1*01	TRBJ2-4	1
CSGTGSSYEQYF	TRBV20-1*01	TRBJ2-7	1
CSGTGTSGRASNEQFF	TRBV29-1*01	TRBJ2-1	1
CSGTPGDRYEQYF	TRBV20-1*01	TRBJ2-7	1
CSGTSGYKGETQYF	TRBV20-1*01	TRBJ2-5	1
CSGVWDGSYEQYF	TRBV20-1*01	TRBJ2-7	1
CSGWETQETQYF	TRBV20-1*01	TRBJ2-5	1
CSGWGASTDTQYF	TRBV20-1*01	TRBJ2-3	1
CSHDSSQTEDEQFF	TRBV20-1*01	TRBJ2-1	1
CSHGSTDSYEQYF	TRBV29-1*01	TRBJ2-7	1
CSHGTSYEQYF	TRBV20-1*01	TRBJ2-7	1
CSHRGAITEAFF	TRBV20-1*01	TRBJ1-1	1
CSHRGLYNEQFF	TRBV20-1*01	TRBJ2-1	1
CSHVGQREVTDTQYF	TRBV20-1*01	TRBJ2-3	1
CSIEPQNTEAFF	TRBV29-1*01	TRBJ1-1	1
CSLDRTPASNYGYTF	TRBV20-1*01	TRBJ1-2	1
CSLIQGLGTEAFF	TRBV20-1*01	TRBJ1-1	1
CSLKDRGRNGEQYF	TRBV20-1*01	TRBJ2-7	1
CSLLNGNTIYF	TRBV20-1*01	TRBJ1-3	1
CSLLTRDGYTF	TRBV29-1*01	TRBJ1-2	1
CSLYPGSNYGYTF	TRBV20-1*01	TRBJ1-2	1
CSPATEAFF	TRBV12-4*01	TRBJ1-1	1
CSPDRGHQTDTQYF	TRBV20-1*01	TRBJ2-3	1
CSPDRQKISYEQYF	TRBV20-1*01	TRBJ2-7	1
CSPGTVYGYTF	TRBV20-1*01	TRBJ1-2	1
CSPKEGNNEQFF	TRBV20-1*01	TRBJ2-1	2
CSPMDRQETQYF	TRBV29-1*01	TRBJ2-5	1
CSPPESDTQYF	TRBV20-1*01	TRBJ2-3	1
CSPRRGLNTEAFF	TRBV20-1*01	TRBJ1-1	1
CSPYGTSGSGQYF	TRBV20-1*01	TRBJ2-7	1
CSREVVNTEAFF	TRBV20-1*01	TRBJ1-1	1
CSRREGVSYNEQFF	TRBV20-1*01	TRBJ2-1	1
CSSAGVSYNEQFF	TRBV20-1*01	TRBJ2-1	1
CSSEYLGQAGVGTGELFF	TRBV20-1*01	TRBJ2-2	1
CSSFFTDTQYF	TRBV29-1*01	TRBJ2-3	1
CSSLSGGVWGEQFF	TRBV20-1*01	TRBJ2-1	1
CSSQAGGSYNEQFF	TRBV20-1*01	TRBJ2-1	1
CSSRMENTGELFF	TRBV29-1*01	TRBJ2-2	1
CSSTGGGALLNEQFF	TRBV20-1*01	TRBJ2-1	1
CSSTGGGRYGYTF	TRBV29-1*01	TRBJ1-2	1
CSSWGTSTYNEQFF	TRBV29-1*01	TRBJ2-1	1
CSTFEGSYNEQFF	TRBV20-1*01	TRBJ2-1	1
CSTGRQGFGYGYTF	TRBV20-1*01	TRBJ1-2	1
CSTGTGYEQYF	TRBV20-1*01	TRBJ2-7	1
CSTNFLGRVTGELFF	TRBV20-1*01	TRBJ2-2	1
CSTPRAGTGTDTQYF	TRBV20-1*01	TRBJ2-3	1
CSTRGNTEAFF	TRBV20-1*01	TRBJ1-1	1
CSVADGGRGGGTDTQYF	TRBV29-1*01	TRBJ2-3	1
CSVAEAANYGYTF	TRBV29-1*01	TRBJ1-2	1
CSVAEDRGSPLHF	TRBV29-1*01	TRBJ1-6	1
CSVAGAMHYGYTF	TRBV29-1*01	TRBJ1-2	1
CSVAGEGSPLHF	TRBV20-1*01	TRBJ1-6	1
CSVAGLAGGHEQFF	TRBV29-1*01	TRBJ2-1	1
CSVAGQGSPYEQYF	TRBV29-1*01	TRBJ2-7	1
CSVAGRAGELFF	TRBV29-1*01	TRBJ2-2	1
CSVAGSGHEQYF	TRBV29-1*01	TRBJ2-7	1
CSVAGTGQGPYEQYF	TRBV29-1*01	TRBJ2-7	1
CSVAGTSGGAYEQYF	TRBV29-1*01	TRBJ2-7	1
CSVAGTSNTEAFF	TRBV29-1*01	TRBJ1-1	1
CSVAILEANEQFF	TRBV29-1*01	TRBJ2-1	1
CSVAPGTVSYNEQFF	TRBV29-1*01	TRBJ2-1	1
CSVAPPQGNNYGYTF	TRBV29-1*01	TRBJ1-2	1
CSVARLAASTDTQYF	TRBV29-1*01	TRBJ2-3	1
CSVARMNTEAFF	TRBV29-1*01	TRBJ1-1	1
CSVARSGEARTDTQYF	TRBV29-1*01	TRBJ2-3	1
CSVASGSSHYEQYF	TRBV29-1*01	TRBJ2-7	1
CSVASYKNTGELFF	TRBV29-1*01	TRBJ2-2	1
CSVATSGSVYEQYF	TRBV20-1*01	TRBJ2-7	1
CSVAWRQGHPMGTEAFF	TRBV29-1*01	TRBJ1-1	1
CSVDAGQSNYEQYF	TRBV29-1*01	TRBJ2-7	1
CSVDALGRGHGGYTF	TRBV29-1*01	TRBJ1-2	1
CSVDDFYNEQFF	TRBV29-1*01	TRBJ2-1	1
CSVDGGAYEQYF	TRBV29-1*01	TRBJ2-7	1
CSVDGGQGYEQYF	TRBV29-1*01	TRBJ2-7	1
CSVDGRAEAFF	TRBV29-1*01	TRBJ1-1	1
CSVDGTGVHEQYF	TRBV29-1*01	TRBJ2-7	1
CSVDGTPPSYGYTF	TRBV29-1*01	TRBJ1-2	1
CSVDGVDSNQPQHF	TRBV29-1*01	TRBJ1-5	1
CSVDIDRGSGANVLTF	TRBV29-1*01	TRBJ2-6	1
CSVDKTAEAFF	TRBV20-1*01	TRBJ1-1	1
CSVDLAGNTGELFF	TRBV29-1*01	TRBJ2-2	1
CSVDPERGSGYTF	TRBV29-1*01	TRBJ1-2	1
CSVDPLWTSGIEQFF	TRBV29-1*01	TRBJ2-1	1
CSVDPRDRVGNEQFF	TRBV29-1*01	TRBJ2-1	1
CSVDQGGGRMGESYTF	TRBV29-1*01	TRBJ1-2	1
CSVDQTRALDGYTF	TRBV29-1*01	TRBJ1-2	1
CSVDRGNNYGYTF	TRBV29-1*01	TRBJ1-2	1
CSVDSDRERYNEQFF	TRBV29-1*01	TRBJ2-1	1
CSVDSGDTNTGELFF	TRBV29-1*01	TRBJ2-2	1
CSVDSIGEGQGDYGYTF	TRBV29-1*01	TRBJ1-2	1
CSVDSLTSDPTEQFF	TRBV29-1*01	TRBJ2-1	1
CSVDTGDTEAFF	TRBV29-1*01	TRBJ1-1	1
CSVDTSGGRTDTQYF	TRBV29-1*01	TRBJ2-3	1
CSVDVAENYGYTF	TRBV29-1*01	TRBJ1-2	1
CSVDVRAGKTYNEQFF	TRBV29-1*01	TRBJ2-1	1
CSVDWGNTEAFF	TRBV29-1*01	TRBJ1-1	1
CSVEAESGELFF	TRBV29-1*01	TRBJ2-2	1
CSVEAGPTNEKLFF	TRBV29-1*01	TRBJ1-4	1
CSVEANNGTSGRSQETQYF	TRBV29-1*01	TRBJ2-5	1
CSVEAQDSSYEQYF	TRBV29-1*01	TRBJ2-7	1
CSVEASGRGDNEQFF	TRBV29-1*01	TRBJ2-1	1
CSVEASPGYEQYF	TRBV29-1*01	TRBJ2-7	1
CSVEDAQAYYGYTF	TRBV29-1*01	TRBJ1-2	1
CSVEDASGGTTDTQYF	TRBV29-1*01	TRBJ2-3	1
CSVEDEGVPGELFF	TRBV29-1*01	TRBJ2-2	1
CSVEDEIRQGATGELFF	TRBV29-1*01	TRBJ2-2	1
CSVEDFGGPANTGELFF	TRBV29-1*01	TRBJ2-2	1
CSVEDFGNQETQYF	TRBV29-1*01	TRBJ2-5	4
CSVEDGGRGGSTDTQYF	TRBV29-1*01	TRBJ2-3	1
CSVEDGLAGNYEQYF	TRBV29-1*01	TRBJ2-7	1
CSVEDGPPGEGGYEQYF	TRBV29-1*01	TRBJ2-7	1
CSVEDGVVADTQYF	TRBV29-1*01	TRBJ2-3	1
CSVEDHPSHPANEQFF	TRBV29-1*01	TRBJ2-1	1
CSVEDKGVNSYEQYF	TRBV29-1*01	TRBJ2-7	1
CSVEDLGSTDTQYF	TRBV29-1*01	TRBJ2-3	1
CSVEDLGYGYTF	TRBV29-1*01	TRBJ1-2	1
CSVEDLQLGAYFGYTF	TRBV29-1*01	TRBJ1-2	1
CSVEDPDLNRLTDTQYF	TRBV29-1*01	TRBJ2-3	1
CSVEDPDRSSYNEQFF	TRBV29-1*01	TRBJ2-1	1
CSVEDPGGSYNEQFF	TRBV29-1*01	TRBJ2-1	1
CSVEDPGHLRGEQYF	TRBV29-1*01	TRBJ2-7	1
CSVEDPGRGGLYEQYF	TRBV29-1*01	TRBJ2-7	1
CSVEDPYEGSYNEQFF	TRBV29-1*01	TRBJ2-1	1
CSVEDQIEMYF	TRBV29-1*01	TRBJ2-7	1
CSVEDRDLGAYNEQFF	TRBV29-1*01	TRBJ2-1	1
CSVEDRGALYNEQFF	TRBV29-1*01	TRBJ2-1	1
CSVEDRGPPGSGANVLTF	TRBV29-1*01	TRBJ2-6	1
CSVEDRGQNYNEQFF	TRBV29-1*01	TRBJ2-1	1
CSVEDRHPPKNIQYF	TRBV29-1*01	TRBJ2-4	1
CSVEDRRQGIYYGYTF	TRBV29-1*01	TRBJ1-2	1
CSVEDTGYEQYF	TRBV29-1*01	TRBJ2-7	1
CSVEDTPGETQYF	TRBV29-1*01	TRBJ2-5	1
CSVEDTSSYEQYF	TRBV29-1*01	TRBJ2-7	1
CSVEDWSWGISLEGLNEQFF	TRBV29-1*01	TRBJ2-1	9
CSVEDWTGQGHGYTF	TRBV29-1*01	TRBJ1-2	1
CSVEDWTSGNTDTQYF	TRBV29-1*01	TRBJ2-3	1
CSVEEAGELFF	TRBV29-1*01	TRBJ2-2	1
CSVEEDDRGNYGYTF	TRBV29-1*01	TRBJ1-2	1
CSVEEDREYNTGELFF	TRBV29-1*01	TRBJ2-2	1
CSVEEDSGANSYEQYF	TRBV29-1*01	TRBJ2-7	1
CSVEEFFQGTNYGYTF	TRBV29-1*01	TRBJ1-2	1
CSVEEGGDEQYF	TRBV29-1*01	TRBJ2-7	1
CSVEEGYEQYF	TRBV29-1*01	TRBJ2-7	1
CSVEEQQETQYF	TRBV29-1*01	TRBJ2-5	1
CSVEERDLGLNEQFF	TRBV29-1*01	TRBJ2-1	1
CSVEETDSGANVLTF	TRBV29-1*01	TRBJ2-6	1
CSVEETGGPDTIYF	TRBV29-1*01	TRBJ1-3	1
CSVEFGTGSRRNTGELFF	TRBV29-1*01	TRBJ2-2	1
CSVEGDRGPYGYTF	TRBV29-1*01	TRBJ1-2	1
CSVEGDRGVYEQYF	TRBV29-1*01	TRBJ2-7	1
CSVEGEGRANEQFF	TRBV29-1*01	TRBJ2-1	1
CSVEGELNEQFF	TRBV29-1*01	TRBJ2-1	1
CSVEGGDIVSYNEQFF	TRBV29-1*01	TRBJ2-1	2
CSVEGGGGVPQGTQYF	TRBV29-1*01	TRBJ2-3	1
CSVEGGLAGAGGYEQYF	TRBV29-1*01	TRBJ2-7	2
CSVEGGMNTEAFF	TRBV29-1*01	TRBJ1-1	1
CSVEGGQRPSYNEQFF	TRBV29-1*01	TRBJ2-1	1
CSVEGGQTSGELFF	TRBV29-1*01	TRBJ2-2	1
CSVEGGTAPSGANVLTF	TRBV29-1*01	TRBJ2-6	1
CSVEGGTSGRNEQFF	TRBV29-1*01	TRBJ2-1	1
CSVEGGWQKETQYF	TRBV29-1*01	TRBJ2-5	1
CSVEGIQGPYGYTF	TRBV29-1*01	TRBJ1-2	1
CSVEGLKSEAFF	TRBV29-1*01	TRBJ1-1	1
CSVEGLRPGTHSSTDTQYF	TRBV29-1*01	TRBJ2-3	1
CSVEGQGTSDTQYF	TRBV29-1*01	TRBJ2-3	1
CSVEGRAQGYTF	TRBV29-1*01	TRBJ1-2	1
CSVEGSGTRRGAFF	TRBV29-1*01	TRBJ1-1	1
CSVEGTGGDGELFF	TRBV29-1*01	TRBJ2-2	1
CSVEGTGQTGELFF	TRBV29-1*01	TRBJ2-2	1
CSVEGTNTGELFF	TRBV29-1*01	TRBJ2-2	1
CSVEGTSGRNEQFF	TRBV29-1*01	TRBJ2-1	1
CSVEGVGTSIGEQFF	TRBV29-1*01	TRBJ2-1	2
CSVEGYYSGVNYGYTF	TRBV29-1*01	TRBJ1-2	1
CSVEIGGTGGGYGYTF	TRBV29-1*01	TRBJ1-2	1
CSVEITGGEQYF	TRBV29-1*01	TRBJ2-7	1
CSVEIWGSEAFF	TRBV29-1*01	TRBJ1-1	1
CSVEKAGDRETQYF	TRBV29-1*01	TRBJ2-5	1
CSVEKGTGELFF	TRBV29-1*01	TRBJ2-2	1
CSVELDVWGGYTF	TRBV29-1*01	TRBJ1-2	1
CSVELIGGKDYSTSGANVLTF	TRBV29-1*01	TRBJ2-6	1
CSVELIGGVVAEAFF	TRBV29-1*01	TRBJ1-1	1
CSVELLDYGYTF	TRBV29-1*01	TRBJ1-2	1
CSVELQGTTYEQYF	TRBV29-1*01	TRBJ2-7	1
CSVELRDGYTF	TRBV29-1*01	TRBJ1-2	1
CSVELTTGTDTQYF	TRBV29-1*01	TRBJ2-3	3
CSVELYEQFF	TRBV29-1*01	TRBJ2-1	1
CSVEMASGEQYF	TRBV29-1*01	TRBJ2-7	1
CSVEPGLAGAPQETQYF	TRBV29-1*01	TRBJ2-5	1
CSVEPGTFGGVEQFF	TRBV29-1*01	TRBJ2-1	1
CSVEPGTSYNEQFF	TRBV29-1*01	TRBJ2-1	1
CSVEPPGQGPGEFF	TRBV29-1*01	TRBJ2-1	1
CSVEPQGTVGELFF	TRBV29-1*01	TRBJ2-2	1
CSVEPTGAGYTF	TRBV29-1*01	TRBJ1-2	1
CSVEQGRHTGELFF	TRBV29-1*01	TRBJ2-2	1
CSVERAGSYEQYF	TRBV29-1*01	TRBJ2-7	1
CSVERDMGPDTEAFF	TRBV29-1*01	TRBJ1-1	2
CSVEREAGHEQYF	TRBV29-1*01	TRBJ2-7	1
CSVERGNEQFF	TRBV29-1*01	TRBJ2-1	1
CSVERGNRDGEQYF	TRBV29-1*01	TRBJ2-7	1
CSVERSGGTDTQYF	TRBV29-1*01	TRBJ2-3	1
CSVERSSGYNEQFF	TRBV29-1*01	TRBJ2-1	1
CSVERTVNTEAFF	TRBV29-1*01	TRBJ1-1	1
CSVESGDSSYEQYF	TRBV29-1*01	TRBJ2-7	1
CSVESGDVGYTF	TRBV29-1*01	TRBJ1-2	1
CSVESGKGLYEQYF	TRBV29-1*01	TRBJ2-7	1
CSVESGQGIEAFF	TRBV29-1*01	TRBJ1-1	1
CSVESGRTDEQYF	TRBV29-1*01	TRBJ2-7	1
CSVESGRVNTGELFF	TRBV29-1*01	TRBJ2-2	1
CSVESPVANTGELFF	TRBV29-1*01	TRBJ2-2	1
CSVESPYEQYF	TRBV29-1*01	TRBJ2-7	1
CSVESRNYGYTF	TRBV29-1*01	TRBJ1-2	1
CSVESRRAGGTYNEQFF	TRBV29-1*01	TRBJ2-1	1
CSVESVSPAGRTGGGSYEQYF	TRBV29-1*01	TRBJ2-7	1
CSVESWAGNTEAFF	TRBV29-1*01	TRBJ1-1	1
CSVETDFELGGKLFF	TRBV29-1*01	TRBJ1-4	1
CSVETESSYEQYF	TRBV29-1*01	TRBJ2-7	1
CSVETETYGYTF	TRBV29-1*01	TRBJ1-2	1
CSVETGDAPYGYTF	TRBV29-1*01	TRBJ1-2	1
CSVETGGNEQFF	TRBV29-1*01	TRBJ2-1	1
CSVETGGQGAWDTQYF	TRBV29-1*01	TRBJ2-3	1
CSVETGGRADTQYF	TRBV29-1*01	TRBJ2-3	1
CSVETGSNYGYTF	TRBV29-1*01	TRBJ1-2	1
CSVETGTEETQYF	TRBV29-1*01	TRBJ2-5	1
CSVETGVEGELFF	TRBV29-1*01	TRBJ2-2	1
CSVETPDKQETQYF	TRBV29-1*01	TRBJ2-5	1
CSVETQGLAGLPVVNEQFF	TRBV29-1*01	TRBJ2-1	1
CSVETSGGVVPGGELFF	TRBV29-1*01	TRBJ2-2	1
CSVEVDSTYNEQFF	TRBV29-1*01	TRBJ2-1	1
CSVEVGFTSSYEQYF	TRBV29-1*01	TRBJ2-7	1
CSVEVGGAGNGYTF	TRBV29-1*01	TRBJ1-2	1
CSVEVHGTGGINEQFF	TRBV29-1*01	TRBJ2-1	1
CSVEVIGRGHGYTF	TRBV29-1*01	TRBJ1-2	1
CSVEVPWTGTYEQYF	TRBV29-1*01	TRBJ2-7	1
CSVEVREGYTF	TRBV29-1*01	TRBJ1-2	1
CSVEVRTGPAKRGGYTF	TRBV29-1*01	TRBJ1-2	1
CSVEVSGSVNEQFF	TRBV29-1*01	TRBJ2-1	1
CSVEVWGRGEKLFF	TRBV29-1*01	TRBJ1-4	1
CSVEWGADDEQYF	TRBV29-1*01	TRBJ2-7	1
CSVEWGHSYEQYF	TRBV29-1*01	TRBJ2-7	1
CSVEYGLAGSTDTQYF	TRBV29-1*01	TRBJ2-3	1
CSVEYSRVNTEAFF	TRBV29-1*01	TRBJ1-1	1
CSVFGGRLYEQYF	TRBV29-1*01	TRBJ2-7	1
CSVFGGRSYNEQFF	TRBV20-1*01	TRBJ2-1	1
CSVFGRQGRYGYTF	TRBV29-1*01	TRBJ1-2	1
CSVFRQGRLGTEAFF	TRBV29-1*01	TRBJ1-1	1
CSVGAGEQYF	TRBV29-1*01	TRBJ2-7	1
CSVGDGGSNQPQHF	TRBV29-1*01	TRBJ1-5	1
CSVGDGYTF	TRBV29-1*01	TRBJ1-2	1
CSVGGGLPYNEQFF	TRBV29-1*01	TRBJ2-1	1
CSVGGGNLYEQYF	TRBV29-1*01	TRBJ2-7	1
CSVGGISGTGGSYEQFF	TRBV29-1*01	TRBJ2-1	1
CSVGGRNYGYTF	TRBV29-1*01	TRBJ1-2	1
CSVGGSEQYF	TRBV29-1*01	TRBJ2-7	1
CSVGGSYGETQYF	TRBV29-1*01	TRBJ2-5	1
CSVGGTSTDTQYF	TRBV29-1*01	TRBJ2-3	1
CSVGGYRGFIYGYTF	TRBV29-1*01	TRBJ1-2	1
CSVGIRHLSSYNEQFF	TRBV29-1*01	TRBJ2-1	1
CSVGLTGQMLNEQFF	TRBV29-1*01	TRBJ2-1	1
CSVGMAGYNEKLFF	TRBV29-1*01	TRBJ1-4	1
CSVGMTGGGSNYEQYF	TRBV29-1*01	TRBJ2-7	1
CSVGPEREKLFF	TRBV29-1*01	TRBJ1-4	1
CSVGQEATNEKLFF	TRBV29-1*01	TRBJ1-4	1
CSVGQGGSNQPQHF	TRBV29-1*01	TRBJ1-5	1
CSVGQGSTYEQYF	TRBV29-1*01	TRBJ2-7	1
CSVGQGYTGELFF	TRBV29-1*01	TRBJ2-2	1
CSVGQYGQPQHF	TRBV29-1*01	TRBJ1-5	1
CSVGRGVHYNEQFF	TRBV29-1*01	TRBJ2-1	1
CSVGSGDHGEQFF	TRBV29-1*01	TRBJ2-1	1
CSVGSGDYEQYF	TRBV29-1*01	TRBJ2-7	1
CSVGSGEDSPQYF	TRBV29-1*01	TRBJ2-3	3
CSVGTGDWGEQYF	TRBV29-1*01	TRBJ2-7	5
CSVGTGGAGQPQHF	TRBV29-1*01	TRBJ1-5	2
CSVGTGGTNEKLFF	TRBV29-1*01	TRBJ1-4	2
CSVGTGNDYEQYF	TRBV29-1*01	TRBJ2-7	1
CSVGTSDTGELFF	TRBV29-1*01	TRBJ2-2	1
CSVGTSTEAFF	TRBV29-1*01	TRBJ1-1	1
CSVGWGTEAFF	TRBV29-1*01	TRBJ1-1	1
CSVHLVPTGELFF	TRBV29-1*01	TRBJ2-2	1
CSVHYSIGRGTDTQYF	TRBV29-1*01	TRBJ2-3	1
CSVIASNTGELFF	TRBV20-1*01	TRBJ2-2	1
CSVKAGGWSEQYF	TRBV29-1*01	TRBJ2-7	1
CSVKARDRDYEQYF	TRBV20-1*01	TRBJ2-7	1
CSVKKRVPGEAGNTIYF	TRBV29-1*01	TRBJ1-3	1
CSVKSYGGPNEQFF	TRBV20-1*01	TRBJ2-1	1
CSVKYGYTF	TRBV20-1*01	TRBJ1-2	1
CSVLDRISGNTIYF	TRBV29-1*01	TRBJ1-3	1
CSVLEPGGGETQYF	TRBV29-1*01	TRBJ2-5	1
CSVLGENQPQHF	TRBV29-1*01	TRBJ1-5	1
CSVLGGSTNTGELFF	TRBV29-1*01	TRBJ2-2	1
CSVLGGYEQYF	TRBV29-1*01	TRBJ2-7	1
CSVLGRKNIQYF	TRBV29-1*01	TRBJ2-4	1
CSVLPGLEKNIQYF	TRBV29-1*01	TRBJ2-4	1
CSVLPRYNEQFF	TRBV29-1*01	TRBJ2-1	1
CSVLTGSLGGELFF	TRBV29-1*01	TRBJ2-2	1
CSVLTQGAGYGYTF	TRBV29-1*01	TRBJ1-2	1
CSVLVLFTKDSNYGYTF	TRBV29-1*01	TRBJ1-2	1
CSVMDPMSGYTIYF	TRBV29-1*01	TRBJ1-3	1
CSVMWPGQGTGTQYF	TRBV29-1*01	TRBJ2-3	1
CSVNFWRQGVQETQYF	TRBV29-1*01	TRBJ2-5	1
CSVNRPRQGSNYGYTF	TRBV29-1*01	TRBJ1-2	1
CSVNTGTASYEQYF	TRBV29-1*01	TRBJ2-7	1
CSVPADRYNEQFF	TRBV29-1*01	TRBJ2-1	1
CSVPDSQETQYF	TRBV20-1*01	TRBJ2-5	1
CSVPGASGLDTQYF	TRBV29-1*01	TRBJ2-3	1
CSVPGGQGLNEQYF	TRBV20-1*01	TRBJ2-7	1
CSVPGQGAYEQYF	TRBV29-1*01	TRBJ2-7	1
CSVPGSYEQYF	TRBV29-1*01	TRBJ2-7	1
CSVPGTVYGYTF	TRBV29-1*01	TRBJ1-2	1
CSVPHRGVPEAFF	TRBV29-1*01	TRBJ1-1	1
CSVPLAGVYNEQFF	TRBV29-1*01	TRBJ2-1	1
CSVPNRGRLNTGPEAFF	TRBV29-1*01	TRBJ1-1	1
CSVPPDSGRTDTQYF	TRBV29-1*01	TRBJ2-3	1
CSVPQGNYGYTF	TRBV29-1*01	TRBJ1-2	1
CSVPQPWRLSYNEQFF	TRBV29-1*01	TRBJ2-1	1
CSVPSRQETQYF	TRBV29-1*01	TRBJ2-5	1
CSVPTGVNTEAFF	TRBV29-1*01	TRBJ1-1	1
CSVQAGTHGYTF	TRBV29-1*01	TRBJ1-2	1
CSVQEGSNTEAFF	TRBV29-1*01	TRBJ1-1	1
CSVQGGGYNEQYF	TRBV29-1*01	TRBJ2-7	1
CSVQNPTGGYTF	TRBV29-1*01	TRBJ1-2	1
CSVQTGMKEQYF	TRBV29-1*01	TRBJ2-7	1
CSVQTINTEAFF	TRBV29-1*01	TRBJ1-1	2
CSVRDDSYEQYF	TRBV29-1*01	TRBJ2-7	1
CSVRDMNTEAFF	TRBV20-1*01	TRBJ1-1	1
CSVRDNSYEQYF	TRBV29-1*01	TRBJ2-7	1
CSVRDRGQDLGTDTQYF	TRBV29-1*01	TRBJ2-3	1
CSVRDRSYEQYF	TRBV29-1*01	TRBJ2-7	1
CSVRGGDGELFF	TRBV29-1*01	TRBJ2-2	1
CSVRGGGISYNEQFF	TRBV20-1*01	TRBJ2-1	1
CSVRGLADSYEQYF	TRBV29-1*01	TRBJ2-7	1
CSVRGPPDYGYTF	TRBV29-1*01	TRBJ1-2	1
CSVRGQGSLMNTEAFF	TRBV29-1*01	TRBJ1-1	1
CSVRSDTQYF	TRBV29-1*01	TRBJ2-3	1
CSVSAGYLSSTDTQYF	TRBV29-1*01	TRBJ2-3	1
CSVSASGGDEQYF	TRBV29-1*01	TRBJ2-7	483
CSVSDSYNSPLHF	TRBV29-1*01	TRBJ1-6	1
CSVSGQENQETQYF	TRBV29-1*01	TRBJ2-5	1
CSVSRGRYTGELFF	TRBV29-1*01	TRBJ2-2	1
CSVSSRDRLRDYGYTF	TRBV20-1*01	TRBJ1-2	1
CSVTEDEKLFF	TRBV29-1*01	TRBJ1-4	1
CSVTGGRTYEQYF	TRBV29-1*01	TRBJ2-7	1
CSVTGLWDEQYF	TRBV29-1*01	TRBJ2-7	1
CSVTGSSGYTF	TRBV29-1*01	TRBJ1-2	1
CSVTMGRGPYEQYF	TRBV29-1*01	TRBJ2-7	1
CSVTPDGAYGYTF	TRBV29-1*01	TRBJ1-2	1
CSVTPGGETQYF	TRBV29-1*01	TRBJ2-5	1
CSVTPGLAADTQYF	TRBV29-1*01	TRBJ2-3	1
CSVTPSGEQTQYF	TRBV29-1*01	TRBJ2-5	1
CSVTQENYGYTF	TRBV29-1*01	TRBJ1-2	1
CSVTSGSYEQYF	TRBV29-1*01	TRBJ2-7	1
CSVVAGTYNEQFF	TRBV20-1*01	TRBJ2-1	1
CSVVAVEGYTF	TRBV29-1*01	TRBJ1-2	1
CSVVDRARGNTGELFF	TRBV29-1*01	TRBJ2-2	1
CSVVDTGELFF	TRBV29-1*01	TRBJ2-2	1
CSVVEGVYGYTF	TRBV29-1*01	TRBJ1-2	1
CSVVGAPDLAKNIQYF	TRBV29-1*01	TRBJ2-4	1
CSVVGARVYGYTF	TRBV29-1*01	TRBJ1-2	1
CSVVGEPRTYNEQFF	TRBV29-1*01	TRBJ2-1	1
CSVVGGGYTF	TRBV29-1*01	TRBJ1-2	1
CSVVGGSSYNEQFF	TRBV29-1*01	TRBJ2-1	1
CSVVGLAGGSAYEQYF	TRBV29-1*01	TRBJ2-7	1
CSVVGLNTEAFF	TRBV29-1*01	TRBJ1-1	1
CSVVGRVDEKLFF	TRBV29-1*01	TRBJ1-4	1
CSVVGSGGFTYEQYF	TRBV29-1*01	TRBJ2-7	1
CSVVGVGFYEQYF	TRBV29-1*01	TRBJ2-7	1
CSVVGVGYNEQFF	TRBV29-1*01	TRBJ2-1	1
CSVVLAQGHDTEAFF	TRBV29-1*01	TRBJ1-1	1
CSVVLGLAGNEQFF	TRBV29-1*01	TRBJ2-1	1
CSVVLGQGRTDTQYF	TRBV29-1*01	TRBJ2-3	1
CSVVLVAGELFF	TRBV29-1*01	TRBJ2-2	1
CSVVNTGVWDTQYF	TRBV29-1*01	TRBJ2-3	1
CSVVQGLEFDTQYF	TRBV29-1*01	TRBJ2-3	1
CSVVRELSYEQYF	TRBV29-1*01	TRBJ2-7	1
CSVVRGTEAFF	TRBV29-1*01	TRBJ1-1	1
CSVVRQGQGYGYTF	TRBV29-1*01	TRBJ1-2	1
CSVVRQGYEQYF	TRBV29-1*01	TRBJ2-7	1
CSVVRSLYNEQFF	TRBV29-1*01	TRBJ2-1	1
CSVVSGENGEQYF	TRBV29-1*01	TRBJ2-7	1
CSVVSGPTYEQYF	TRBV29-1*01	TRBJ2-7	1
CSVVSSGDRYTQYF	TRBV29-1*01	TRBJ2-3	1
CSVVTFYYEQYF	TRBV29-1*01	TRBJ2-7	1
CSVVTSGSYEQYF	TRBV29-1*01	TRBJ2-7	1
CSVVTSVDTPNEQFF	TRBV29-1*01	TRBJ2-1	1
CSVVYSTGKTDTQYF	TRBV29-1*01	TRBJ2-3	1
CSVWEGVYEQYF	TRBV29-1*01	TRBJ2-7	1
CSVWGTSGSSYNEQFF	TRBV29-1*01	TRBJ2-1	1
CSVWTGGGFEQFF	TRBV29-1*01	TRBJ2-1	1
CSVWVGGELFF	TRBV20-1*01	TRBJ2-2	1
CSVYFAGLEGNTIYF	TRBV29-1*01	TRBJ1-3	1
CSVYRESYEQYF	TRBV29-1*01	TRBJ2-7	1
CSVYTASSYNEQFF	TRBV29-1*01	TRBJ2-1	1
CSWDRGGTNEQFF	TRBV29-1*01	TRBJ2-1	1
CSYNEQFF	TRBV20-1*01	TRBJ2-1	1
CTLDRDTQYF	TRBV20-1*01	TRBJ2-3	1
CTSVPAVTLPQGEGGELFF	TRBV6-4*01	TRBJ2-2	1
CTSVPAVTTGNTGELFF	TRBV6-4*01	TRBJ2-2	1
CVFRTVYGYTF	TRBV6-1*01	TRBJ1-2	1
CVRLANTGELFF	TRBV30*01	TRBJ2-2	1
CVRSGVPPEQYF	TRBV4-3*01	TRBJ2-7	1
